{"presentation":{"slides":[{"elements":[{"x":13.071895424836603,"y":6.4415268817204305,"width":68.7363834422658,"height":68.81720430107526,"action":{"library":"H5P.Image 1.1","params":{"contentName":"Image","file":{"path":"images\/file-6582f61cdb6a9.jpg","mime":"image\/jpeg","copyright":{"license":"U"},"width":959,"height":459}},"subContentId":"421e74ff-dfa5-4d73-b63a-cebff5b18795","metadata":{"contentType":"Image","license":"U","title":"Untitled Image"}},"backgroundOpacity":0,"willDoAnimation":false,"animationType":"glow","displayAsButton":false,"buttonSize":"big","goToSlideType":"specified","invisible":false},{"x":17.429193899782135,"y":79.56989247311827,"width":61.00217864923747,"height":18.279569892473116,"action":{"library":"H5P.CRAdvancedText 1.1","params":{"text":"<p dir=\"ltr\" style=\"text-align: center;\"><span style=\"font-size:1.75em;\">Labarin \u0199irar abin hawan Chaku<\/span><\/p>\n"},"subContentId":"66f4847e-d5bd-4023-9a15-bf634c8b0603","metadata":{"contentType":"Text","license":"U","title":"Untitled Text"}},"alwaysDisplayComments":false,"backgroundOpacity":0,"willDoAnimation":false,"animationType":"glow","displayAsButton":false,"buttonSize":"big","goToSlideType":"specified","invisible":false,"solution":""}],"slideBackgroundSelector":{}},{"elements":[{"x":15.250544662309368,"y":2.150537634408602,"width":65.359477124183,"height":70.96774193548387,"action":{"library":"H5P.Image 1.1","params":{"contentName":"Image","file":{"path":"images\/file-6582f6cf13510.jpg","mime":"image\/jpeg","copyright":{"license":"U"},"width":959,"height":516}},"subContentId":"da25cda4-6603-4d35-83de-c84d5cea3cbf","metadata":{"contentType":"Image","license":"U","title":"Untitled Image"}},"backgroundOpacity":0,"willDoAnimation":false,"animationType":"glow","displayAsButton":false,"buttonSize":"big","goToSlideType":"specified","invisible":false},{"x":13.071045918367346,"y":73.00856423173803,"width":75.25510204081633,"height":25.692695214105793,"action":{"library":"H5P.CRAdvancedText 1.1","params":{"text":"<p dir=\"ltr\" style=\"text-align: center;\"><span style=\"font-size:1.75em;\"><span style=\"color:#ffffff;\">Chaku yana son wasa da abokanansa.<\/span><\/span><\/p>\n"},"subContentId":"36753ba6-9a9b-4174-83e7-808ea43aacdf","metadata":{"contentType":"Text","license":"U","title":"Untitled Text"}},"alwaysDisplayComments":false,"backgroundOpacity":0,"willDoAnimation":false,"animationType":"glow","displayAsButton":false,"buttonSize":"big","goToSlideType":"specified","invisible":false,"solution":""},{"x":46.96691176470588,"y":44,"width":40,"height":40,"action":{"library":"H5P.CRAudio 1.4","params":{"fitToWrapper":true,"currIndex":1,"playerMode":"minimalistic","controls":true,"autoplay":true,"playAudio":"Play audio","pauseAudio":"Pause audio","contentName":"Audio","glowColor":"#ffd85a","timeStampForEachText":[{"text":" Chaku ","startDuration":"0.3004","endDuration":"0.8538","wordfile":[{"path":"audios\/wordfile-66a2ac4286e8f.mp3","mime":"audio\/mpeg","copyright":{"license":"U"}}]},{"text":" yana ","startDuration":"0.8548","endDuration":"1.2845","wordfile":[{"path":"audios\/wordfile-66a2ac56b235e.mp3","mime":"audio\/mpeg","copyright":{"license":"U"}}]},{"text":" son ","startDuration":"1.2855","endDuration":"1.7240","wordfile":[{"path":"audios\/wordfile-66a2ac6a53065.mp3","mime":"audio\/mpeg","copyright":{"license":"U"}}]},{"text":" wasa ","startDuration":"1.7250","endDuration":"2.3844","wordfile":[{"path":"audios\/wordfile-66a2ac85275d0.mp3","mime":"audio\/mpeg","copyright":{"license":"U"}}]},{"text":" da ","startDuration":"2.3854","endDuration":"2.5854","wordfile":[{"path":"audios\/wordfile-66a2ac940241a.mp3","mime":"audio\/mpeg","copyright":{"license":"U"}}]},{"text":" abokanansa. ","startDuration":"2.5864","endDuration":"3.7936","wordfile":[{"path":"audios\/wordfile-66a2aca2a6d77.mp3","mime":"audio\/mpeg","copyright":{"license":"U"}}]}],"files":[{"path":"audios\/files-66a2ac2795d69.mp3","mime":"audio\/mpeg","copyright":{"license":"U"}}]},"subContentId":"4416582c-af73-4380-983b-a79ba411c745","metadata":{"contentType":"Curious Reader Audio","license":"U","title":"Untitled Curious Reader Audio"}},"backgroundOpacity":0,"willDoAnimation":false,"animationType":"glow","displayAsButton":false,"buttonSize":"big","goToSlideType":"specified","invisible":false},{"x":47.794117647058826,"y":18.232945454545455,"width":11.213235294117647,"height":24.363636363636363,"action":{"library":"H5P.Image 1.1","params":{"contentName":"Image"},"subContentId":"13901d1b-1936-4c4b-b776-a9500bafb4ca","metadata":{"contentType":"Image","license":"U","title":"Untitled Image"}},"backgroundOpacity":0,"willDoAnimation":true,"animationType":"glow","displayAsButton":false,"buttonSize":"big","goToSlideType":"specified","invisible":false,"id":"img4416582c-af73-4380-983b-a79ba411c745_0"},{"x":34.92647058823529,"y":30.127854545454547,"width":12.867647058823529,"height":40,"action":{"library":"H5P.Image 1.1","params":{"contentName":"Image"},"subContentId":"3b0675be-9839-4c21-ab36-4c3f9e7b7c17","metadata":{"contentType":"Image","license":"U","title":"Untitled Image"}},"backgroundOpacity":0,"willDoAnimation":true,"animationType":"glow","displayAsButton":false,"buttonSize":"big","goToSlideType":"specified","invisible":false,"id":"img4416582c-af73-4380-983b-a79ba411c745_5"},{"x":22.058823529411764,"y":25.522727272727273,"width":14.15441176470588,"height":40,"action":{"library":"H5P.Image 1.1","params":{"contentName":"Image"},"subContentId":"88bdb3c3-48c5-4cd6-b4d8-d3659cf85aed","metadata":{"contentType":"Image","license":"U","title":"Untitled Image"}},"backgroundOpacity":0,"willDoAnimation":true,"animationType":"glow","displayAsButton":false,"buttonSize":"big","goToSlideType":"specified","invisible":false,"id":"img4416582c-af73-4380-983b-a79ba411c745_5"},{"x":58.8235294117647,"y":32.72727272727273,"width":14.15441176470588,"height":40,"action":{"library":"H5P.Image 1.1","params":{"contentName":"Image"},"subContentId":"76df921f-a69b-49bb-804e-06fa3acf6aca","metadata":{"contentType":"Image","license":"U","title":"Untitled Image"}},"backgroundOpacity":0,"willDoAnimation":true,"animationType":"glow","displayAsButton":false,"buttonSize":"big","goToSlideType":"specified","invisible":false,"id":"img4416582c-af73-4380-983b-a79ba411c745_5"}],"slideBackgroundSelector":{}},{"elements":[{"x":5.446623093681917,"y":4.301075268817204,"width":38.12636165577342,"height":93.54838709677419,"action":{"library":"H5P.Image 1.1","params":{"contentName":"Image","file":{"path":"images\/file-6582f72bd78b8.jpg","mime":"image\/jpeg","copyright":{"license":"U"},"width":479,"height":686}},"subContentId":"fb28b8d4-c35a-42fd-b001-fd43d70a400a","metadata":{"contentType":"Image","license":"U","title":"Untitled Image"}},"backgroundOpacity":0,"willDoAnimation":false,"animationType":"glow","displayAsButton":false,"buttonSize":"big","goToSlideType":"specified","invisible":false},{"x":48.46938775510204,"y":42.82115869017632,"width":49.01960784313726,"height":31.39784946236559,"action":{"library":"H5P.CRAdvancedText 1.1","params":{"text":"<p dir=\"ltr\" style=\"text-align: center;\"><span style=\"font-size:1.75em;\"><span style=\"color:#ffffff;\">Ya na son abin hawar Lila.<\/span><\/span><\/p>\n"},"subContentId":"9a88ce55-a8ca-437a-8702-a993e932e166","metadata":{"contentType":"Text","license":"U","title":"Untitled Text"}},"alwaysDisplayComments":false,"backgroundOpacity":0,"willDoAnimation":false,"animationType":"glow","displayAsButton":false,"buttonSize":"big","goToSlideType":"specified","invisible":false,"solution":""},{"x":42.095588235294116,"y":79.63636363636364,"width":40,"height":40,"action":{"library":"H5P.CRAudio 1.4","params":{"fitToWrapper":true,"currIndex":2,"playerMode":"minimalistic","controls":true,"autoplay":true,"playAudio":"Play audio","pauseAudio":"Pause audio","contentName":"Audio","glowColor":"#ffd85a","timeStampForEachText":[{"text":" Ya ","startDuration":"0.3501","endDuration":"0.7012","wordfile":[{"path":"audios\/wordfile-66a2acf8d5386.mp3","mime":"audio\/mpeg","copyright":{"license":"U"}}]},{"text":" na ","startDuration":"0.7022","endDuration":"0.9579","wordfile":[{"path":"audios\/wordfile-66a2ad0b7359d.mp3","mime":"audio\/mpeg","copyright":{"license":"U"}}]},{"text":" son ","startDuration":"0.9589","endDuration":"1.4374","wordfile":[{"path":"audios\/wordfile-66a2ad1d18c19.mp3","mime":"audio\/mpeg","copyright":{"license":"U"}}]},{"text":" abin ","startDuration":"1.7009","endDuration":"2.2430","wordfile":[{"path":"audios\/wordfile-66a2ad39e5b3b.mp3","mime":"audio\/mpeg","copyright":{"license":"U"}}]},{"text":" hawar ","startDuration":"2.2440","endDuration":"2.6190","wordfile":[{"path":"audios\/wordfile-66a2ad4b34f1b.mp3","mime":"audio\/mpeg","copyright":{"license":"U"}}]},{"text":" Lila. ","startDuration":"2.6200","endDuration":"3.4008","wordfile":[{"path":"audios\/wordfile-66a2ad618a14e.mp3","mime":"audio\/mpeg","copyright":{"license":"U"}}]}],"files":[{"path":"audios\/files-66a2acd7dc330.mp3","mime":"audio\/mpeg","copyright":{"license":"U"}}]},"subContentId":"07a08e49-d199-45fb-8ccb-3a28195fb734","metadata":{"contentType":"Curious Reader Audio","license":"U","title":"Untitled Curious Reader Audio"}},"backgroundOpacity":0,"willDoAnimation":false,"animationType":"glow","displayAsButton":false,"buttonSize":"big","goToSlideType":"specified","invisible":false},{"x":22.058823529411764,"y":29.09090909090909,"width":14.15441176470588,"height":28.727272727272727,"action":{"library":"H5P.Image 1.1","params":{"contentName":"Image"},"subContentId":"1aceea36-2a29-419a-b59c-d65be9e7b055","metadata":{"contentType":"Image","license":"U","title":"Untitled Image"}},"backgroundOpacity":0,"willDoAnimation":true,"animationType":"glow","displayAsButton":false,"buttonSize":"big","goToSlideType":"specified","invisible":false,"id":"img07a08e49-d199-45fb-8ccb-3a28195fb734_5"},{"x":7.352941176470588,"y":7.2727272727272725,"width":12.316176470588234,"height":27.636363636363637,"action":{"library":"H5P.Image 1.1","params":{"contentName":"Image"},"subContentId":"9814fce1-6cdc-4d1e-8982-32da0be3c3bc","metadata":{"contentType":"Image","license":"U","title":"Untitled Image"}},"backgroundOpacity":0,"willDoAnimation":true,"animationType":"glow","displayAsButton":false,"buttonSize":"big","goToSlideType":"specified","invisible":false,"id":"img07a08e49-d199-45fb-8ccb-3a28195fb734_0"},{"x":20.22058823529412,"y":61.99418181818183,"width":19.669117647058822,"height":28.727272727272727,"action":{"library":"H5P.Image 1.1","params":{"contentName":"Image"},"subContentId":"824d635b-a465-431d-93d5-476d79211f06","metadata":{"contentType":"Image","license":"U","title":"Untitled Image"}},"backgroundOpacity":0,"willDoAnimation":true,"animationType":"glow","displayAsButton":false,"buttonSize":"big","goToSlideType":"specified","invisible":false,"id":"img07a08e49-d199-45fb-8ccb-3a28195fb734_4"}],"slideBackgroundSelector":{}},{"elements":[{"x":3.2679738562091503,"y":2.150537634408602,"width":39.97821350762527,"height":96.77419354838709,"action":{"library":"H5P.Image 1.1","params":{"contentName":"Image","file":{"path":"images\/file-6582f7eede908.jpg","mime":"image\/jpeg","copyright":{"license":"U"},"width":479,"height":686}},"subContentId":"cafcd57b-3545-4c4b-bd65-7246c85de666","metadata":{"contentType":"Image","license":"U","title":"Untitled Image"}},"backgroundOpacity":0,"willDoAnimation":false,"animationType":"glow","displayAsButton":false,"buttonSize":"big","goToSlideType":"specified","invisible":false},{"x":45.955882352941174,"y":25.454545454545453,"width":47.05882352941176,"height":40,"action":{"library":"H5P.CRAdvancedText 1.1","params":{"text":"<p dir=\"ltr\" style=\"text-align: center;\"><span style=\"font-size:1.75em;\"><span style=\"color:#ffffff;\">Nan fa shi ma Chaku ya ga ya kamata ya ha\u0257a na shi abin hawan.<\/span><\/span><\/p>\n"},"subContentId":"6ed4d0c8-4215-4a30-9633-4617986f09cd","metadata":{"contentType":"Text","license":"U","title":"Untitled Text"}},"alwaysDisplayComments":false,"backgroundOpacity":0,"willDoAnimation":false,"animationType":"glow","displayAsButton":false,"buttonSize":"big","goToSlideType":"specified","invisible":false,"solution":""},{"x":46.96691176470588,"y":44,"width":40,"height":40,"action":{"library":"H5P.CRAudio 1.4","params":{"fitToWrapper":true,"currIndex":3,"playerMode":"minimalistic","controls":true,"autoplay":true,"playAudio":"Play audio","pauseAudio":"Pause audio","contentName":"Audio","glowColor":"#ffd85a","timeStampForEachText":[{"text":" Nan ","startDuration":"0.3336","endDuration":"0.9367","wordfile":[{"path":"audios\/wordfile-66a2ad9257ef8.mp3","mime":"audio\/mpeg","copyright":{"license":"U"}}]},{"text":" fa ","startDuration":"0.9377","endDuration":"1.4157","wordfile":[{"path":"audios\/wordfile-66a2ada18482e.mp3","mime":"audio\/mpeg","copyright":{"license":"U"}}]},{"text":" shi ","startDuration":"1.4167","endDuration":"1.8391","wordfile":[{"path":"audios\/wordfile-66a2adb6e5fd4.mp3","mime":"audio\/mpeg","copyright":{"license":"U"}}]},{"text":" ma ","startDuration":"1.8401","endDuration":"2.1235","wordfile":[{"path":"audios\/wordfile-66a2ae2930c28.mp3","mime":"audio\/mpeg","copyright":{"license":"U"}}]},{"text":" Chaku ","startDuration":"2.1245","endDuration":"2.7276","wordfile":[{"path":"audios\/wordfile-66a2ae4d9e7f4.mp3","mime":"audio\/mpeg","copyright":{"license":"U"}}]},{"text":" ya ","startDuration":"2.8815","endDuration":"3.2483","wordfile":[{"path":"audios\/wordfile-66a2ae6278ee5.mp3","mime":"audio\/mpeg","copyright":{"license":"U"}}]},{"text":" ga ","startDuration":"3.2493","endDuration":"3.4493","wordfile":[{"path":"audios\/wordfile-66a2ae75980d1.mp3","mime":"audio\/mpeg","copyright":{"license":"U"}}]},{"text":" ya ","startDuration":"3.4503","endDuration":"3.6503","wordfile":[{"path":"audios\/wordfile-66a2ae8ad2ba5.mp3","mime":"audio\/mpeg","copyright":{"license":"U"}}]},{"text":" kamata ","startDuration":"3.6513","endDuration":"4.3656","wordfile":[{"path":"audios\/wordfile-66a2aeaca489f.mp3","mime":"audio\/mpeg","copyright":{"license":"U"}}]},{"text":" ya ","startDuration":"4.3666","endDuration":"4.8029","wordfile":[{"path":"audios\/wordfile-66a2aec1712bb.mp3","mime":"audio\/mpeg","copyright":{"license":"U"}}]},{"text":" ha\u0257a ","startDuration":"4.8039","endDuration":"5.1985","wordfile":[{"path":"audios\/wordfile-66a2aee1b0c47.mp3","mime":"audio\/mpeg","copyright":{"license":"U"}}]},{"text":" na ","startDuration":"5.1995","endDuration":"5.3995","wordfile":[{"path":"audios\/wordfile-66a2aef896e53.mp3","mime":"audio\/mpeg","copyright":{"license":"U"}}]},{"text":" shi ","startDuration":"5.4005","endDuration":"5.5866","wordfile":[{"path":"audios\/wordfile-66a2af16367cd.mp3","mime":"audio\/mpeg","copyright":{"license":"U"}}]},{"text":" abin ","startDuration":"5.5876","endDuration":"5.9961","wordfile":[{"path":"audios\/wordfile-66a2af2a0afa3.mp3","mime":"audio\/mpeg","copyright":{"license":"U"}}]},{"text":" hawan. ","startDuration":"5.9971","endDuration":"6.5863","wordfile":[{"path":"audios\/wordfile-66a2af4662176.mp3","mime":"audio\/mpeg","copyright":{"license":"U"}}]}],"files":[{"path":"audios\/files-66a2ad7be3d35.mp3","mime":"audio\/mpeg","copyright":{"license":"U"}}]},"subContentId":"c44d5fd2-8485-40ad-8e80-f070cbbacf22","metadata":{"contentType":"Curious Reader Audio","license":"U","title":"Untitled Curious Reader Audio"}},"backgroundOpacity":0,"willDoAnimation":false,"animationType":"glow","displayAsButton":false,"buttonSize":"big","goToSlideType":"specified","invisible":false},{"x":23.89705882352941,"y":10.909090909090908,"width":14.15441176470588,"height":40,"action":{"library":"H5P.Image 1.1","params":{"contentName":"Image"},"subContentId":"32698018-1248-4745-8bae-026827b1e481","metadata":{"contentType":"Image","license":"U","title":"Untitled Image"}},"backgroundOpacity":0,"willDoAnimation":true,"animationType":"glow","displayAsButton":false,"buttonSize":"big","goToSlideType":"specified","invisible":false,"id":"imgc44d5fd2-8485-40ad-8e80-f070cbbacf22_4"}],"slideBackgroundSelector":{}},{"elements":[{"x":4.357298474945534,"y":2.148858064516129,"width":39.97821350762527,"height":96.77419354838709,"action":{"library":"H5P.Image 1.1","params":{"contentName":"Image","file":{"path":"images\/file-6582f82e21dc4.jpg","mime":"image\/jpeg","copyright":{"license":"U"},"width":479,"height":686}},"subContentId":"e2d5d6fe-aa9f-46a2-b83c-b89c31d009db","metadata":{"contentType":"Image","license":"U","title":"Untitled Image"}},"backgroundOpacity":0,"willDoAnimation":false,"animationType":"glow","displayAsButton":false,"buttonSize":"big","goToSlideType":"specified","invisible":false},{"x":49.632352941176464,"y":21.818181818181817,"width":40,"height":40,"action":{"library":"H5P.CRAdvancedText 1.1","params":{"text":"<p dir=\"ltr\" style=\"text-align: center;\"><span style=\"font-size:1.75em;\"><span style=\"color:#ffffff;\">Chaku sai ya bazama neman katakai.<\/span><\/span><\/p>\n"},"subContentId":"55b63758-aa28-4edd-9bdd-c0cd9261f76a","metadata":{"contentType":"Text","license":"U","title":"Untitled Text"}},"alwaysDisplayComments":false,"backgroundOpacity":0,"willDoAnimation":false,"animationType":"glow","displayAsButton":false,"buttonSize":"big","goToSlideType":"specified","invisible":false,"solution":""},{"x":46.96691176470588,"y":44,"width":40,"height":40,"action":{"library":"H5P.CRAudio 1.4","params":{"fitToWrapper":true,"currIndex":4,"playerMode":"minimalistic","controls":true,"autoplay":true,"playAudio":"Play audio","pauseAudio":"Pause audio","contentName":"Audio","glowColor":"#ffd85a","timeStampForEachText":[{"text":" Chaku ","startDuration":"0.2907","endDuration":"1.0043","wordfile":[{"path":"audios\/wordfile-66a2afd447351.mp3","mime":"audio\/mpeg","copyright":{"license":"U"}}]},{"text":" sai ","startDuration":"1.0053","endDuration":"1.5638","wordfile":[{"path":"audios\/wordfile-66a2afeab3f13.mp3","mime":"audio\/mpeg","copyright":{"license":"U"}}]},{"text":" ya ","startDuration":"1.5648","endDuration":"1.7648","wordfile":[{"path":"audios\/wordfile-66a2b0274f256.mp3","mime":"audio\/mpeg","copyright":{"license":"U"}}]},{"text":" bazama ","startDuration":"1.7658","endDuration":"2.4019","wordfile":[{"path":"audios\/wordfile-66a2b03c0087d.mp3","mime":"audio\/mpeg","copyright":{"license":"U"}}]},{"text":" neman ","startDuration":"2.4029","endDuration":"3.2134","wordfile":[{"path":"audios\/wordfile-66a2b04dbca06.mp3","mime":"audio\/mpeg","copyright":{"license":"U"}}]},{"text":" katakai. ","startDuration":"3.2144","endDuration":"4.3059","wordfile":[{"path":"audios\/wordfile-66a2b063330a5.mp3","mime":"audio\/mpeg","copyright":{"license":"U"}}]}],"files":[{"path":"audios\/files-66a2afa394d7d.mp3","mime":"audio\/mpeg","copyright":{"license":"U"}}]},"subContentId":"999c5d1a-b2bb-46c8-bc24-4e7ff09f8960","metadata":{"contentType":"Curious Reader Audio","license":"U","title":"Untitled Curious Reader Audio"}},"backgroundOpacity":0,"willDoAnimation":false,"animationType":"glow","displayAsButton":false,"buttonSize":"big","goToSlideType":"specified","invisible":false},{"x":9.191176470588236,"y":43.63636363636363,"width":13.051470588235293,"height":24.363636363636363,"action":{"library":"H5P.Image 1.1","params":{"contentName":"Image"},"subContentId":"09a9592a-2a1c-425e-958c-4a57c2287dae","metadata":{"contentType":"Image","license":"U","title":"Untitled Image"}},"backgroundOpacity":0,"willDoAnimation":true,"animationType":"glow","displayAsButton":false,"buttonSize":"big","goToSlideType":"specified","invisible":false},{"x":20.220588235294116,"y":50.90909090909091,"width":8.63970588235294,"height":24.727272727272727,"action":{"library":"H5P.Image 1.1","params":{"contentName":"Image"},"subContentId":"a303374d-0027-4ce4-a5fd-bb2a010ef856","metadata":{"contentType":"Image","license":"U","title":"Untitled Image"}},"backgroundOpacity":0,"willDoAnimation":true,"animationType":"glow","displayAsButton":false,"buttonSize":"big","goToSlideType":"specified","invisible":false,"id":"img999c5d1a-b2bb-46c8-bc24-4e7ff09f8960_5"},{"x":5.514705882352941,"y":65.64218181818181,"width":15.992647058823529,"height":13.454545454545455,"action":{"library":"H5P.Image 1.1","params":{"contentName":"Image"},"subContentId":"93905c25-982b-4e7a-8811-ffd66334076d","metadata":{"contentType":"Image","license":"U","title":"Untitled Image"}},"backgroundOpacity":0,"willDoAnimation":true,"animationType":"glow","displayAsButton":false,"buttonSize":"big","goToSlideType":"specified","invisible":false,"id":"img999c5d1a-b2bb-46c8-bc24-4e7ff09f8960_5"}],"slideBackgroundSelector":{}},{"elements":[{"x":5.446623093681917,"y":6.44658064516129,"width":39.97821350762527,"height":93.54838709677419,"action":{"library":"H5P.Image 1.1","params":{"contentName":"Image","file":{"path":"images\/file-6582f8657e7fd.jpg","mime":"image\/jpeg","copyright":{"license":"U"},"width":639,"height":687}},"subContentId":"59f6874d-70d3-4721-b27c-88467f7a9199","metadata":{"contentType":"Image","license":"U","title":"Untitled Image"}},"backgroundOpacity":0,"willDoAnimation":false,"animationType":"glow","displayAsButton":false,"buttonSize":"big","goToSlideType":"specified","invisible":false},{"x":49.63235294117647,"y":37.98,"width":47.24264705882353,"height":48,"action":{"library":"H5P.CRAdvancedText 1.1","params":{"text":"<p dir=\"ltr\" style=\"text-align: center;\"><span style=\"color:#ffffff;\"><span style=\"font-size:1.75em;\">Chaku kuma ya tuna cewa fa yana da bu\u0199atar \u0199usoshi da guduma.<\/span><\/span><\/p>\n"},"subContentId":"aa0e15d9-a1e8-482d-8ee6-6e545bfeab5b","metadata":{"contentType":"Text","license":"U","title":"Untitled Text"}},"alwaysDisplayComments":false,"backgroundOpacity":0,"willDoAnimation":false,"animationType":"glow","displayAsButton":false,"buttonSize":"big","goToSlideType":"specified","invisible":false,"solution":""},{"x":47.00255102040816,"y":43.95465994962216,"width":40,"height":40,"action":{"library":"H5P.CRAudio 1.4","params":{"fitToWrapper":true,"currIndex":5,"playerMode":"minimalistic","controls":true,"autoplay":true,"playAudio":"Play audio","pauseAudio":"Pause audio","contentName":"Audio","glowColor":"#ffd85a","timeStampForEachText":[{"text":" Chaku ","startDuration":"0.0000","endDuration":"1.2138","wordfile":[{"path":"audios\/wordfile-66d10588a021b.mp3","mime":"audio\/mpeg","copyright":{"license":"U"}}]},{"text":" kuma ","startDuration":"1.2148","endDuration":"1.9730","wordfile":[{"path":"audios\/wordfile-66d1059f12285.mp3","mime":"audio\/mpeg","copyright":{"license":"U"}}]},{"text":" ya ","startDuration":"1.9730","endDuration":"2.1170","wordfile":[{"path":"audios\/wordfile-66d105d1ba083.mp3","mime":"audio\/mpeg","copyright":{"license":"U"}}]},{"text":" tuna ","startDuration":"2.1180","endDuration":"2.5003","wordfile":[{"path":"audios\/wordfile-66d105fa07a0a.mp3","mime":"audio\/mpeg","copyright":{"license":"U"}}]},{"text":" cewa ","startDuration":"2.5013","endDuration":"3.0658","wordfile":[{"path":"audios\/wordfile-66d10613da128.mp3","mime":"audio\/mpeg","copyright":{"license":"U"}}]},{"text":" fa ","startDuration":"3.0668","endDuration":"3.4604","wordfile":[{"path":"audios\/wordfile-66d106320260c.mp3","mime":"audio\/mpeg","copyright":{"license":"U"}}]},{"text":" yana ","startDuration":"3.4614","endDuration":"4.6182","wordfile":[{"path":"audios\/wordfile-66d10657a04f6.mp3","mime":"audio\/mpeg","copyright":{"license":"U"}}]},{"text":" da ","startDuration":"4.6192","endDuration":"4.7850","wordfile":[{"path":"audios\/wordfile-66d1066a3c11a.mp3","mime":"audio\/mpeg","copyright":{"license":"U"}}]},{"text":" bu\u0199atar ","startDuration":"4.7860","endDuration":"5.6581","wordfile":[{"path":"audios\/wordfile-66d106897182a.mp3","mime":"audio\/mpeg","copyright":{"license":"U"}}]},{"text":" \u0199usoshi ","startDuration":"5.6581","endDuration":"6.7590","wordfile":[{"path":"audios\/wordfile-66d106ad6cdd9.mp3","mime":"audio\/mpeg","copyright":{"license":"U"}}]},{"text":" da ","startDuration":"6.7600","endDuration":"7.2676","wordfile":[{"path":"audios\/wordfile-66d106c3bd140.mp3","mime":"audio\/mpeg","copyright":{"license":"U"}}]},{"text":" guduma. ","startDuration":"7.2686","endDuration":"8.0723","wordfile":[{"path":"audios\/wordfile-66d106de2c236.mp3","mime":"audio\/mpeg","copyright":{"license":"U"}}]}],"files":[{"path":"audios\/files-66d104bdc4b07.mp3","mime":"audio\/mpeg","copyright":{"license":"U"}}]},"subContentId":"12cc424f-31ea-4c49-b1ed-741ebd40fc13","metadata":{"contentType":"Curious Reader Audio","license":"U","title":"Untitled Curious Reader Audio"}},"backgroundOpacity":0,"willDoAnimation":false,"animationType":"glow","displayAsButton":false,"buttonSize":"big","goToSlideType":"specified","invisible":false}],"slideBackgroundSelector":{}},{"elements":[{"x":4.357298474945534,"y":2.150537634408602,"width":39.97821350762527,"height":95.69892473118279,"action":{"library":"H5P.Image 1.1","params":{"contentName":"Image","file":{"path":"images\/file-6582f8a2a9d1c.jpg","mime":"image\/jpeg","copyright":{"license":"U"},"width":479,"height":686}},"subContentId":"a12d8d51-bd78-4fea-affb-9061ee70f22e","metadata":{"contentType":"Image","license":"U","title":"Untitled Image"}},"backgroundOpacity":0,"willDoAnimation":false,"animationType":"glow","displayAsButton":false,"buttonSize":"big","goToSlideType":"specified","invisible":false},{"x":45.91836734693878,"y":40.8375314861461,"width":48.5969387755102,"height":40.050377833753146,"action":{"library":"H5P.CRAdvancedText 1.1","params":{"text":"<p dir=\"ltr\" style=\"text-align: center;\"><span style=\"font-size:1.75em;\"><span style=\"color:#ffffff;\">Sai Chaku ya tafi wajen kawunsa domin neman agaji.<\/span><\/span><\/p>\n"},"subContentId":"b55726bc-a322-4bce-8773-377dd906e05f","metadata":{"contentType":"Text","license":"U","title":"Untitled Text"}},"alwaysDisplayComments":false,"backgroundOpacity":0,"willDoAnimation":false,"animationType":"glow","displayAsButton":false,"buttonSize":"big","goToSlideType":"specified","invisible":false,"solution":""},{"x":46.96691176470588,"y":44,"width":40,"height":40,"action":{"library":"H5P.CRAudio 1.4","params":{"fitToWrapper":true,"currIndex":6,"playerMode":"minimalistic","controls":true,"autoplay":true,"playAudio":"Play audio","pauseAudio":"Pause audio","contentName":"Audio","glowColor":"#ffd85a","timeStampForEachText":[{"text":" Sai ","startDuration":"0.2113","endDuration":"0.7150","wordfile":[{"path":"audios\/wordfile-66a32f500256d.mp3","mime":"audio\/mpeg","copyright":{"license":"U"}}]},{"text":" Chaku ","startDuration":"0.7160","endDuration":"1.3782","wordfile":[{"path":"audios\/wordfile-66a32f641c69b.mp3","mime":"audio\/mpeg","copyright":{"license":"U"}}]},{"text":" ya ","startDuration":"1.5377","endDuration":"1.9093","wordfile":[{"path":"audios\/wordfile-66a32f7eb4c48.mp3","mime":"audio\/mpeg","copyright":{"license":"U"}}]},{"text":" tafi ","startDuration":"1.9103","endDuration":"2.4272","wordfile":[{"path":"audios\/wordfile-66a32f9be2f64.mp3","mime":"audio\/mpeg","copyright":{"license":"U"}}]},{"text":" wajen ","startDuration":"2.4282","endDuration":"2.6810","wordfile":[{"path":"audios\/wordfile-66a32fb3f041c.mp3","mime":"audio\/mpeg","copyright":{"license":"U"}}]},{"text":" kawunsa ","startDuration":"2.6820","endDuration":"3.6611","wordfile":[{"path":"audios\/wordfile-66a32fd60b640.mp3","mime":"audio\/mpeg","copyright":{"license":"U"}}]},{"text":" domin ","startDuration":"3.7810","endDuration":"4.7469","wordfile":[{"path":"audios\/wordfile-66a32ff6a6d93.mp3","mime":"audio\/mpeg","copyright":{"license":"U"}}]},{"text":" neman ","startDuration":"4.7479","endDuration":"5.4233","wordfile":[{"path":"audios\/wordfile-66a3303400b3c.mp3","mime":"audio\/mpeg","copyright":{"license":"U"}}]},{"text":" agaji. ","startDuration":"5.4243","endDuration":"6.2054","wordfile":[{"path":"audios\/wordfile-66a33046f41c4.mp3","mime":"audio\/mpeg","copyright":{"license":"U"}}]}],"files":[{"path":"audios\/files-66a32f35db6fa.mp3","mime":"audio\/mpeg","copyright":{"license":"U"}}]},"subContentId":"ed7fd48f-0d43-463e-b109-4924a3085b27","metadata":{"contentType":"Curious Reader Audio","license":"U","title":"Untitled Curious Reader Audio"}},"backgroundOpacity":0,"willDoAnimation":false,"animationType":"glow","displayAsButton":false,"buttonSize":"big","goToSlideType":"specified","invisible":false},{"x":9.191176470588236,"y":36.36363636363637,"width":15.992647058823529,"height":40,"action":{"library":"H5P.Image 1.1","params":{"contentName":"Image"},"subContentId":"45aadfcc-6674-40cb-81b7-13bafcd997a3","metadata":{"contentType":"Image","license":"U","title":"Untitled Image"}},"backgroundOpacity":0,"willDoAnimation":true,"animationType":"glow","displayAsButton":false,"buttonSize":"big","goToSlideType":"specified","invisible":false,"id":"imged7fd48f-0d43-463e-b109-4924a3085b27_1"},{"x":22.058823529411764,"y":7.2727272727272725,"width":19.669117647058822,"height":40,"action":{"library":"H5P.Image 1.1","params":{"contentName":"Image"},"subContentId":"1ce6f82c-9d60-4391-bc6c-edc6da2827a1","metadata":{"contentType":"Image","license":"U","title":"Untitled Image"}},"backgroundOpacity":0,"willDoAnimation":true,"animationType":"glow","displayAsButton":false,"buttonSize":"big","goToSlideType":"specified","invisible":false,"id":"imged7fd48f-0d43-463e-b109-4924a3085b27_5"}],"slideBackgroundSelector":{}},{"elements":[{"x":3.2679738562091507,"y":2.148858064516129,"width":39.97821350762527,"height":96.77419354838709,"action":{"library":"H5P.Image 1.1","params":{"contentName":"Image","file":{"path":"images\/file-6582f8d53e48b.jpg","mime":"image\/jpeg","copyright":{"license":"U"},"width":479,"height":686}},"subContentId":"92528443-ca85-4263-9bfc-286ba7fa3bad","metadata":{"contentType":"Image","license":"U","title":"Untitled Image"}},"backgroundOpacity":0,"willDoAnimation":false,"animationType":"glow","displayAsButton":false,"buttonSize":"big","goToSlideType":"specified","invisible":false},{"x":45.955882352941174,"y":16.727272727272727,"width":49.632352941176464,"height":83.27272727272727,"action":{"library":"H5P.CRAdvancedText 1.1","params":{"text":"<p dir=\"ltr\" style=\"text-align: center;\"><span style=\"font-size:1.625em;\"><span style=\"color:#ffffff;\">Kawun Chaku ya bashi wa\u0257annan kayan aikin. Saidai kawun nasa ya garga\u0257e shi da yayi taka-tsantsan.&nbsp;<\/span><\/span><\/p>\n"},"subContentId":"41562dc7-92c2-4920-9175-0b9ee75a455f","metadata":{"contentType":"Text","license":"U","title":"Untitled Text"}},"alwaysDisplayComments":false,"backgroundOpacity":0,"willDoAnimation":false,"animationType":"glow","displayAsButton":false,"buttonSize":"big","goToSlideType":"specified","invisible":false,"solution":""},{"x":46.96691176470588,"y":44,"width":40,"height":40,"action":{"library":"H5P.CRAudio 1.4","params":{"fitToWrapper":true,"currIndex":7,"playerMode":"minimalistic","controls":true,"autoplay":true,"playAudio":"Play audio","pauseAudio":"Pause audio","contentName":"Audio","glowColor":"#ffd85a","timeStampForEachText":[{"text":" Kawun ","startDuration":"0.3122","endDuration":"0.9025","wordfile":[{"path":"audios\/wordfile-66a33087b5b3f.mp3","mime":"audio\/mpeg","copyright":{"license":"U"}}]},{"text":" Chaku ","startDuration":"0.9035","endDuration":"1.5978","wordfile":[{"path":"audios\/wordfile-66a3309a7ace6.mp3","mime":"audio\/mpeg","copyright":{"license":"U"}}]},{"text":" ya ","startDuration":"1.5988","endDuration":"2.2411","wordfile":[{"path":"audios\/wordfile-66a330aecc3f2.mp3","mime":"audio\/mpeg","copyright":{"license":"U"}}]},{"text":" bashi ","startDuration":"2.2421","endDuration":"2.5722","wordfile":[{"path":"audios\/wordfile-66a330cb01ec4.mp3","mime":"audio\/mpeg","copyright":{"license":"U"}}]},{"text":" wa\u0257annan ","startDuration":"2.5732","endDuration":"3.2936","wordfile":[{"path":"audios\/wordfile-66a330ea58eae.mp3","mime":"audio\/mpeg","copyright":{"license":"U"}}]},{"text":" kayan ","startDuration":"3.2946","endDuration":"3.8068","wordfile":[{"path":"audios\/wordfile-66a3310320bf9.mp3","mime":"audio\/mpeg","copyright":{"license":"U"}}]},{"text":" aikin. ","startDuration":"3.8078","endDuration":"4.5021","wordfile":[{"path":"audios\/wordfile-66a331141368a.mp3","mime":"audio\/mpeg","copyright":{"license":"U"}}]},{"text":" Saidai ","startDuration":"5.2056","endDuration":"6.2382","wordfile":[{"path":"audios\/wordfile-66a33131c0ee3.mp3","mime":"audio\/mpeg","copyright":{"license":"U"}}]},{"text":" kawun ","startDuration":"6.3080","endDuration":"7.1157","wordfile":[{"path":"audios\/wordfile-66a33147e1c18.mp3","mime":"audio\/mpeg","copyright":{"license":"U"}}]},{"text":" nasa ","startDuration":"7.1167","endDuration":"7.7330","wordfile":[{"path":"audios\/wordfile-66a3315cefc88.mp3","mime":"audio\/mpeg","copyright":{"license":"U"}}]},{"text":" ya ","startDuration":"7.7340","endDuration":"8.3763","wordfile":[{"path":"audios\/wordfile-66a33265963ad.mp3","mime":"audio\/mpeg","copyright":{"license":"U"}}]},{"text":" garga\u0257e ","startDuration":"8.3773","endDuration":"8.9676","wordfile":[{"path":"audios\/wordfile-66a3328693570.mp3","mime":"audio\/mpeg","copyright":{"license":"U"}}]},{"text":" shi ","startDuration":"8.9686","endDuration":"9.4288","wordfile":[{"path":"audios\/wordfile-66a33299202bc.mp3","mime":"audio\/mpeg","copyright":{"license":"U"}}]},{"text":" da ","startDuration":"9.4298","endDuration":"10.2282","wordfile":[{"path":"audios\/wordfile-66a332ad87d39.mp3","mime":"audio\/mpeg","copyright":{"license":"U"}}]},{"text":" yayi ","startDuration":"10.0731","endDuration":"10.5853","wordfile":[{"path":"audios\/wordfile-66a332c5c7d74.mp3","mime":"audio\/mpeg","copyright":{"license":"U"}}]},{"text":" takatsantsan.\u00a0 ","startDuration":"10.5863","endDuration":"12.2433","wordfile":[{"path":"audios\/wordfile-66a332dc20e73.mp3","mime":"audio\/mpeg","copyright":{"license":"U"}}]}],"files":[{"path":"audios\/files-66a33069341f4.mp3","mime":"audio\/mpeg","copyright":{"license":"U"}}]},"subContentId":"594925a6-2529-41dd-bdd2-0de31fc333ff","metadata":{"contentType":"Curious Reader Audio","license":"U","title":"Untitled Curious Reader Audio"}},"backgroundOpacity":0,"willDoAnimation":false,"animationType":"glow","displayAsButton":false,"buttonSize":"big","goToSlideType":"specified","invisible":false},{"x":7.352941176470588,"y":10.909090909090908,"width":14.15441176470588,"height":31.636363636363637,"action":{"library":"H5P.Image 1.1","params":{"contentName":"Image"},"subContentId":"36b4c8cb-9bc4-4db2-b18b-72876e74c244","metadata":{"contentType":"Image","license":"U","title":"Untitled Image"}},"backgroundOpacity":0,"willDoAnimation":true,"animationType":"glow","displayAsButton":false,"buttonSize":"big","goToSlideType":"specified","invisible":false,"id":"img594925a6-2529-41dd-bdd2-0de31fc333ff_1"},{"x":7.352941176470589,"y":36.465818181818186,"width":17.830882352941174,"height":32.36363636363637,"action":{"library":"H5P.Image 1.1","params":{"contentName":"Image"},"subContentId":"cdc031f4-75d8-4602-9241-a6e5e5c71b00","metadata":{"contentType":"Image","license":"U","title":"Untitled Image"}},"backgroundOpacity":0,"willDoAnimation":true,"animationType":"glow","displayAsButton":false,"buttonSize":"big","goToSlideType":"specified","invisible":false,"id":"img594925a6-2529-41dd-bdd2-0de31fc333ff_5"}],"slideBackgroundSelector":{}},{"elements":[{"x":0,"y":0,"width":97.93028322440088,"height":98.06451612903226,"action":{"library":"H5P.Image 1.1","params":{"contentName":"Image","file":{"path":"images\/file-6582f91783856.jpg","mime":"image\/jpeg","copyright":{"license":"U"},"width":959,"height":687}},"subContentId":"b905eb68-4ec2-4d41-a807-2f5c3e7461c9","metadata":{"contentType":"Image","license":"U","title":"Untitled Image"}},"backgroundOpacity":0,"willDoAnimation":false,"animationType":"glow","displayAsButton":false,"buttonSize":"big","goToSlideType":"specified","invisible":false},{"x":8.928363970588236,"y":30.26421818181818,"width":47.79411764705882,"height":65.45454545454545,"action":{"library":"H5P.CRAdvancedText 1.1","params":{"text":"<p dir=\"ltr\" style=\"text-align: center;\"><span style=\"font-size:1.625em;\"><span style=\"color:#ffffff;\">Chaku ya yi tunanin yadda zai fara ha\u0257a nasa abin hawan<\/span><\/span><\/p>\n"},"subContentId":"4b0d3413-30b9-4e2b-af52-cdc16350c10c","metadata":{"contentType":"Text","license":"U","title":"Untitled Text"}},"alwaysDisplayComments":false,"backgroundOpacity":0,"willDoAnimation":false,"animationType":"glow","displayAsButton":false,"buttonSize":"big","goToSlideType":"specified","invisible":false,"solution":""},{"x":46.96691176470588,"y":44,"width":40,"height":40,"action":{"library":"H5P.CRAudio 1.4","params":{"fitToWrapper":true,"currIndex":8,"playerMode":"minimalistic","controls":true,"autoplay":true,"playAudio":"Play audio","pauseAudio":"Pause audio","contentName":"Audio","glowColor":"#ffd85a","timeStampForEachText":[{"text":" Chaku ","startDuration":"0.2989","endDuration":"1.0011","wordfile":[{"path":"audios\/wordfile-66a333482daf6.mp3","mime":"audio\/mpeg","copyright":{"license":"U"}}]},{"text":" ya ","startDuration":"1.2412","endDuration":"1.6086","wordfile":[{"path":"audios\/wordfile-66a33374205e9.mp3","mime":"audio\/mpeg","copyright":{"license":"U"}}]},{"text":" yi ","startDuration":"1.6096","endDuration":"1.7737","wordfile":[{"path":"audios\/wordfile-66a3338889218.mp3","mime":"audio\/mpeg","copyright":{"license":"U"}}]},{"text":" tunanin ","startDuration":"1.7747","endDuration":"2.5367","wordfile":[{"path":"audios\/wordfile-66a3339a52019.mp3","mime":"audio\/mpeg","copyright":{"license":"U"}}]},{"text":" yadda ","startDuration":"2.5377","endDuration":"3.1323","wordfile":[{"path":"audios\/wordfile-66a333b2aa962.mp3","mime":"audio\/mpeg","copyright":{"license":"U"}}]},{"text":" zai ","startDuration":"3.1333","endDuration":"3.4529","wordfile":[{"path":"audios\/wordfile-66a333c75a409.mp3","mime":"audio\/mpeg","copyright":{"license":"U"}}]},{"text":" fara ","startDuration":"3.4539","endDuration":"3.9289","wordfile":[{"path":"audios\/wordfile-66a333daabda3.mp3","mime":"audio\/mpeg","copyright":{"license":"U"}}]},{"text":" ha\u0257a ","startDuration":"3.9299","endDuration":"4.2734","wordfile":[{"path":"audios\/wordfile-66a333f3c415e.mp3","mime":"audio\/mpeg","copyright":{"license":"U"}}]},{"text":" nasa ","startDuration":"4.2744","endDuration":"4.7742","wordfile":[{"path":"audios\/wordfile-66a33407598c4.mp3","mime":"audio\/mpeg","copyright":{"license":"U"}}]},{"text":" abin ","startDuration":"4.7743","endDuration":"5.1059","wordfile":[{"path":"audios\/wordfile-66a33435ccad8.mp3","mime":"audio\/mpeg","copyright":{"license":"U"}}]},{"text":" hawan ","startDuration":"5.1069","endDuration":"5.6536","wordfile":[{"path":"audios\/wordfile-66a33447864ae.mp3","mime":"audio\/mpeg","copyright":{"license":"U"}}]}],"files":[{"path":"audios\/files-66a3332adda47.mp3","mime":"audio\/mpeg","copyright":{"license":"U"}}]},"subContentId":"e55b1c72-ac1c-4028-89db-6a32182c62c4","metadata":{"contentType":"Curious Reader Audio","license":"U","title":"Untitled Curious Reader Audio"}},"backgroundOpacity":0,"willDoAnimation":false,"animationType":"glow","displayAsButton":false,"buttonSize":"big","goToSlideType":"specified","invisible":false},{"x":66.17647058823529,"y":40.22727272727273,"width":23.345588235294116,"height":31.636363636363637,"action":{"library":"H5P.Image 1.1","params":{"contentName":"Image"},"subContentId":"8886feee-1ca2-4e73-b515-386c4820fb2d","metadata":{"contentType":"Image","license":"U","title":"Untitled Image"}},"backgroundOpacity":0,"willDoAnimation":true,"animationType":"glow","displayAsButton":false,"buttonSize":"big","goToSlideType":"specified","invisible":false,"id":"imge55b1c72-ac1c-4028-89db-6a32182c62c4_0"}],"slideBackgroundSelector":{}},{"elements":[{"x":3.2679738562091507,"y":4.297720430107527,"width":39.97821350762527,"height":95.69892473118279,"action":{"library":"H5P.Image 1.1","params":{"contentName":"Image","file":{"path":"images\/file-6582f95489ed3.jpg","mime":"image\/jpeg","copyright":{"license":"U"},"width":479,"height":686}},"subContentId":"ca658387-de74-4029-9595-32a598136409","metadata":{"contentType":"Image","license":"U","title":"Untitled Image"}},"backgroundOpacity":0,"willDoAnimation":false,"animationType":"glow","displayAsButton":false,"buttonSize":"big","goToSlideType":"specified","invisible":false},{"x":50.10867346938775,"y":36.53954659949623,"width":45.91836734693878,"height":40.050377833753146,"action":{"library":"H5P.CRAdvancedText 1.1","params":{"text":"<p dir=\"ltr\" style=\"text-align: center;\"><span style=\"font-size:1.75em;\"><span style=\"color:#ffffff;\">Chaku kawai sai ya fara aiki.<\/span><\/span><\/p>\n"},"subContentId":"ebe359ba-481e-4f99-a8c0-e8e2ba425efc","metadata":{"contentType":"Text","license":"U","title":"Untitled Text"}},"alwaysDisplayComments":false,"backgroundOpacity":0,"willDoAnimation":false,"animationType":"glow","displayAsButton":false,"buttonSize":"big","goToSlideType":"specified","invisible":false,"solution":""},{"x":46.96691176470588,"y":44,"width":40,"height":40,"action":{"library":"H5P.CRAudio 1.4","params":{"fitToWrapper":true,"currIndex":9,"playerMode":"minimalistic","controls":true,"autoplay":true,"playAudio":"Play audio","pauseAudio":"Pause audio","contentName":"Audio","glowColor":"#ffd85a","timeStampForEachText":[{"text":" Chaku ","startDuration":"0.7787","endDuration":"1.4351","wordfile":[{"path":"audios\/wordfile-66a334723c5ed.mp3","mime":"audio\/mpeg","copyright":{"license":"U"}}]},{"text":" kawai ","startDuration":"1.7583","endDuration":"2.3521","wordfile":[{"path":"audios\/wordfile-66a3348561de4.mp3","mime":"audio\/mpeg","copyright":{"license":"U"}}]},{"text":" sai ","startDuration":"2.3531","endDuration":"2.7411","wordfile":[{"path":"audios\/wordfile-66a3349c7fa95.mp3","mime":"audio\/mpeg","copyright":{"license":"U"}}]},{"text":" ya ","startDuration":"2.7421","endDuration":"2.9421","wordfile":[{"path":"audios\/wordfile-66a334abbae5a.mp3","mime":"audio\/mpeg","copyright":{"license":"U"}}]},{"text":" fara ","startDuration":"2.9431","endDuration":"3.3311","wordfile":[{"path":"audios\/wordfile-66a334c09378f.mp3","mime":"audio\/mpeg","copyright":{"license":"U"}}]},{"text":" aiki. ","startDuration":"3.3321","endDuration":"4.1139","wordfile":[{"path":"audios\/wordfile-66a334d084e7b.mp3","mime":"audio\/mpeg","copyright":{"license":"U"}}]}],"files":[{"path":"audios\/files-66a3345dca16f.mp3","mime":"audio\/mpeg","copyright":{"license":"U"}}]},"subContentId":"c3e85104-ab2c-4f69-9bda-37a28e8a105f","metadata":{"contentType":"Curious Reader Audio","license":"U","title":"Untitled Curious Reader Audio"}},"backgroundOpacity":0,"willDoAnimation":false,"animationType":"glow","displayAsButton":false,"buttonSize":"big","goToSlideType":"specified","invisible":false},{"x":11.029411764705882,"y":32.72727272727273,"width":14.15441176470588,"height":20.727272727272727,"action":{"library":"H5P.Image 1.1","params":{"contentName":"Image"},"subContentId":"db0ce34b-40db-4797-8082-b7158c193db4","metadata":{"contentType":"Image","license":"U","title":"Untitled Image"}},"backgroundOpacity":0,"willDoAnimation":true,"animationType":"glow","displayAsButton":false,"buttonSize":"big","goToSlideType":"specified","invisible":false,"id":"imgc3e85104-ab2c-4f69-9bda-37a28e8a105f_0"},{"x":20.22058823529412,"y":32.81818181818182,"width":19.669117647058822,"height":36.36363636363637,"action":{"library":"H5P.Image 1.1","params":{"contentName":"Image"},"subContentId":"72e3faea-e70b-4b02-aea5-cd68fee5152e","metadata":{"contentType":"Image","license":"U","title":"Untitled Image"}},"backgroundOpacity":0,"willDoAnimation":true,"animationType":"glow","displayAsButton":false,"buttonSize":"big","goToSlideType":"specified","invisible":false,"id":"imgc3e85104-ab2c-4f69-9bda-37a28e8a105f_5"}],"slideBackgroundSelector":{}},{"elements":[{"x":4.357298474945534,"y":2.150537634408602,"width":39.97821350762527,"height":95.69892473118279,"action":{"library":"H5P.Image 1.1","params":{"contentName":"Image","file":{"path":"images\/file-6582f9838dd11.jpg","mime":"image\/jpeg","copyright":{"license":"U"},"width":479,"height":686}},"subContentId":"6368cbb9-4216-4806-a78c-04244d505890","metadata":{"contentType":"Image","license":"U","title":"Untitled Image"}},"backgroundOpacity":0,"willDoAnimation":false,"animationType":"glow","displayAsButton":false,"buttonSize":"big","goToSlideType":"specified","invisible":false},{"x":47.79411764705882,"y":25.454545454545453,"width":46.42857142857143,"height":40.050377833753146,"action":{"library":"H5P.CRAdvancedText 1.1","params":{"text":"<p dir=\"ltr\" style=\"text-align: center;\"><span style=\"font-size:1.75em;\"><span style=\"color:#ffffff;\">Kai! Wannan Adaidaita ta ha\u0257u wallahi, saidai bata kama \u0199asa ba.<\/span><\/span><\/p>\n"},"subContentId":"a355e8e7-c5ed-4094-99d2-8040204b21eb","metadata":{"contentType":"Text","license":"U","title":"Untitled Text"}},"alwaysDisplayComments":false,"backgroundOpacity":0,"willDoAnimation":false,"animationType":"glow","displayAsButton":false,"buttonSize":"big","goToSlideType":"specified","invisible":false,"solution":""},{"x":46.96691176470588,"y":44,"width":40,"height":40,"action":{"library":"H5P.CRAudio 1.4","params":{"fitToWrapper":true,"currIndex":10,"playerMode":"minimalistic","controls":true,"autoplay":true,"playAudio":"Play audio","pauseAudio":"Pause audio","contentName":"Audio","glowColor":"#ffd85a","timeStampForEachText":[{"text":" Kai! ","startDuration":"0.4802","endDuration":"1.3382","wordfile":[{"path":"audios\/wordfile-66a3350609b76.mp3","mime":"audio\/mpeg","copyright":{"license":"U"}}]},{"text":" Wannan ","startDuration":"1.5170","endDuration":"2.2862","wordfile":[{"path":"audios\/wordfile-66a3352c0d223.mp3","mime":"audio\/mpeg","copyright":{"license":"U"}}]},{"text":" Adaidaita ","startDuration":"2.2872","endDuration":"3.3053","wordfile":[{"path":"audios\/wordfile-66a3353e6a0cf.mp3","mime":"audio\/mpeg","copyright":{"license":"U"}}]},{"text":" ta ","startDuration":"3.3063","endDuration":"3.7019","wordfile":[{"path":"audios\/wordfile-66a3355fbaed9.mp3","mime":"audio\/mpeg","copyright":{"license":"U"}}]},{"text":" ha\u0257u ","startDuration":"3.7029","endDuration":"4.0985","wordfile":[{"path":"audios\/wordfile-66a3357992f3a.mp3","mime":"audio\/mpeg","copyright":{"license":"U"}}]},{"text":" wallahi, ","startDuration":"4.0995","endDuration":"5.1710","wordfile":[{"path":"audios\/wordfile-66a3358e710d9.mp3","mime":"audio\/mpeg","copyright":{"license":"U"}}]},{"text":" saidai ","startDuration":"5.8300","endDuration":"6.8126","wordfile":[{"path":"audios\/wordfile-66a335b3c5f96.mp3","mime":"audio\/mpeg","copyright":{"license":"U"}}]},{"text":" bata ","startDuration":"6.8136","endDuration":"7.3515","wordfile":[{"path":"audios\/wordfile-66a335cadf718.mp3","mime":"audio\/mpeg","copyright":{"license":"U"}}]},{"text":" kama ","startDuration":"7.3525","endDuration":"7.7126","wordfile":[{"path":"audios\/wordfile-66a335e3c2264.mp3","mime":"audio\/mpeg","copyright":{"license":"U"}}]},{"text":" \u0199asa ","startDuration":"7.7136","endDuration":"8.2159","wordfile":[{"path":"audios\/wordfile-66a335fe5639c.mp3","mime":"audio\/mpeg","copyright":{"license":"U"}}]},{"text":" ba. ","startDuration":"8.2169","endDuration":"8.7548","wordfile":[{"path":"audios\/wordfile-66a33611148be.mp3","mime":"audio\/mpeg","copyright":{"license":"U"}}]}],"files":[{"path":"audios\/files-66a334ecc602b.mp3","mime":"audio\/mpeg","copyright":{"license":"U"}}]},"subContentId":"399b66f8-afbb-4443-b1d2-3b1a0174305e","metadata":{"contentType":"Curious Reader Audio","license":"U","title":"Untitled Curious Reader Audio"}},"backgroundOpacity":0,"willDoAnimation":false,"animationType":"glow","displayAsButton":false,"buttonSize":"big","goToSlideType":"specified","invisible":false},{"x":20.22058823529412,"y":47.47709090909091,"width":20.77205882352941,"height":38.90909090909091,"action":{"library":"H5P.Image 1.1","params":{"contentName":"Image"},"subContentId":"b509f43b-7f49-4e43-90dc-8ad634826b8e","metadata":{"contentType":"Image","license":"U","title":"Untitled Image"}},"backgroundOpacity":0,"willDoAnimation":true,"animationType":"glow","displayAsButton":false,"buttonSize":"big","goToSlideType":"specified","invisible":false,"id":"img399b66f8-afbb-4443-b1d2-3b1a0174305e_2"}],"slideBackgroundSelector":{}},{"elements":[{"x":3.2679738562091503,"y":2.150537634408602,"width":39.97821350762527,"height":95.69892473118279,"action":{"library":"H5P.Image 1.1","params":{"contentName":"Image","file":{"path":"images\/file-6582f9c9f38f2.jpg","mime":"image\/jpeg","copyright":{"license":"U"},"width":479,"height":686}},"subContentId":"9f8d3804-966c-4b96-9d67-50173d8d300c","metadata":{"contentType":"Image","license":"U","title":"Untitled Image"}},"backgroundOpacity":0,"willDoAnimation":false,"animationType":"glow","displayAsButton":false,"buttonSize":"big","goToSlideType":"specified","invisible":false},{"x":45.955882352941174,"y":30.286945454545457,"width":48.345588235294116,"height":55.63636363636363,"action":{"library":"H5P.CRAdvancedText 1.1","params":{"text":"<p dir=\"ltr\" style=\"text-align: center;\"><span style=\"color:#ffffff;\"><span style=\"font-size:1.75em;\">Lila ta ga \u0199okarin Chaku. Sai tayi yun\u0199urin ta taimaka masa.<\/span><\/span><\/p>\n"},"subContentId":"a61b743b-74cb-4bd5-bd26-12e57b9e9005","metadata":{"contentType":"Text","license":"U","title":"Untitled Text"}},"alwaysDisplayComments":false,"backgroundOpacity":0,"willDoAnimation":false,"animationType":"glow","displayAsButton":false,"buttonSize":"big","goToSlideType":"specified","invisible":false,"solution":""},{"x":46.96691176470588,"y":44,"width":40,"height":40,"action":{"library":"H5P.CRAudio 1.4","params":{"fitToWrapper":true,"currIndex":11,"playerMode":"minimalistic","controls":true,"autoplay":true,"playAudio":"Play audio","pauseAudio":"Pause audio","contentName":"Audio","glowColor":"#ffd85a","timeStampForEachText":[{"text":" Lila ","startDuration":"0.3608","endDuration":"1.3726","wordfile":[{"path":"audios\/wordfile-66a336536c058.mp3","mime":"audio\/mpeg","copyright":{"license":"U"}}]},{"text":" ta ","startDuration":"1.4638","endDuration":"1.8141","wordfile":[{"path":"audios\/wordfile-66a3366a7519c.mp3","mime":"audio\/mpeg","copyright":{"license":"U"}}]},{"text":" ga ","startDuration":"1.8151","endDuration":"2.0151","wordfile":[{"path":"audios\/wordfile-66a3367ba6d35.mp3","mime":"audio\/mpeg","copyright":{"license":"U"}}]},{"text":" \u0199okarin ","startDuration":"2.0161","endDuration":"2.6370","wordfile":[{"path":"audios\/wordfile-66a336bfc3b1b.mp3","mime":"audio\/mpeg","copyright":{"license":"U"}}]},{"text":" Chaku. ","startDuration":"2.6380","endDuration":"3.2439","wordfile":[{"path":"audios\/wordfile-66a336cfef1d2.mp3","mime":"audio\/mpeg","copyright":{"license":"U"}}]},{"text":" Sai ","startDuration":"4.0116","endDuration":"4.4521","wordfile":[{"path":"audios\/wordfile-66a336e6381b9.mp3","mime":"audio\/mpeg","copyright":{"license":"U"}}]},{"text":" tayi ","startDuration":"4.4531","endDuration":"4.8335","wordfile":[{"path":"audios\/wordfile-66a336fbbbf0b.mp3","mime":"audio\/mpeg","copyright":{"license":"U"}}]},{"text":" yun\u0199urin ","startDuration":"4.8345","endDuration":"5.5606","wordfile":[{"path":"audios\/wordfile-66a33711b12be.mp3","mime":"audio\/mpeg","copyright":{"license":"U"}}]},{"text":" ta ","startDuration":"5.5616","endDuration":"5.9119","wordfile":[{"path":"audios\/wordfile-66a3373008200.mp3","mime":"audio\/mpeg","copyright":{"license":"U"}}]},{"text":" taimaka ","startDuration":"5.9129","endDuration":"6.5639","wordfile":[{"path":"audios\/wordfile-66a33747509a7.mp3","mime":"audio\/mpeg","copyright":{"license":"U"}}]},{"text":" masa. ","startDuration":"6.5649","endDuration":"7.2610","wordfile":[{"path":"audios\/wordfile-66a33757a2c67.mp3","mime":"audio\/mpeg","copyright":{"license":"U"}}]}],"files":[{"path":"audios\/files-66a3363ae54aa.mp3","mime":"audio\/mpeg","copyright":{"license":"U"}}]},"subContentId":"5377aad8-d70e-4b6c-b507-70d77402a26b","metadata":{"contentType":"Curious Reader Audio","license":"U","title":"Untitled Curious Reader Audio"}},"backgroundOpacity":0,"willDoAnimation":false,"animationType":"glow","displayAsButton":false,"buttonSize":"big","goToSlideType":"specified","invisible":false},{"x":3.676470588235294,"y":29.09090909090909,"width":15.992647058823529,"height":27.272727272727273,"action":{"library":"H5P.Image 1.1","params":{"contentName":"Image"},"subContentId":"55a337fa-a2d4-4d03-9368-1ed8ddcb7b4d","metadata":{"contentType":"Image","license":"U","title":"Untitled Image"}},"backgroundOpacity":0,"willDoAnimation":true,"animationType":"glow","displayAsButton":false,"buttonSize":"big","goToSlideType":"specified","invisible":false,"id":"img5377aad8-d70e-4b6c-b507-70d77402a26b_0"},{"x":5.514705882352941,"y":43.63636363636363,"width":15.992647058823529,"height":32.36363636363637,"action":{"library":"H5P.Image 1.1","params":{"contentName":"Image"},"subContentId":"1eca0e9d-1bdf-487d-9a3b-30f325440829","metadata":{"contentType":"Image","license":"U","title":"Untitled Image"}},"backgroundOpacity":0,"willDoAnimation":true,"animationType":"glow","displayAsButton":false,"buttonSize":"big","goToSlideType":"specified","invisible":false,"id":"img5377aad8-d70e-4b6c-b507-70d77402a26b_9"},{"x":20.220588235294116,"y":25.454545454545453,"width":17.830882352941174,"height":30.545454545454547,"action":{"library":"H5P.Image 1.1","params":{"contentName":"Image"},"subContentId":"4dc3d7c6-32b4-4431-b0a6-b15775dedbc6","metadata":{"contentType":"Image","license":"U","title":"Untitled Image"}},"backgroundOpacity":0,"willDoAnimation":true,"animationType":"glow","displayAsButton":false,"buttonSize":"big","goToSlideType":"specified","invisible":false,"id":"img5377aad8-d70e-4b6c-b507-70d77402a26b_4"}],"slideBackgroundSelector":{}},{"elements":[{"x":42.27941176470588,"y":18.181818181818183,"width":55.44662309368192,"height":70.96774193548387,"action":{"library":"H5P.Image 1.1","params":{"contentName":"Image","file":{"path":"images\/file-6582fa0e7a729.jpg","mime":"image\/jpeg","copyright":{"license":"U"},"width":959,"height":687}},"subContentId":"3ccdf63e-a32d-4e4c-9b61-15b14f985b43","metadata":{"contentType":"Image","license":"U","title":"Untitled Image"}},"backgroundOpacity":0,"willDoAnimation":false,"animationType":"glow","displayAsButton":false,"buttonSize":"big","goToSlideType":"specified","invisible":false},{"x":3.2679738562091503,"y":19.354838709677416,"width":40,"height":40,"action":{"library":"H5P.CRAdvancedText 1.1","params":{"text":"<p dir=\"ltr\" style=\"text-align: center;\"><span style=\"color:#ffffff;\"><span style=\"font-size:1.75em;\">Sai suka ha\u0257u su ka samar da nagartacen abin hawa tare.<\/span><\/span><\/p>\n"},"subContentId":"593db92d-80ca-4922-a46d-9ed57765478e","metadata":{"contentType":"Text","license":"U","title":"Untitled Text"}},"alwaysDisplayComments":false,"backgroundOpacity":0,"willDoAnimation":false,"animationType":"glow","displayAsButton":false,"buttonSize":"big","goToSlideType":"specified","invisible":false,"solution":""},{"x":46.96691176470588,"y":44,"width":40,"height":40,"action":{"library":"H5P.CRAudio 1.4","params":{"fitToWrapper":true,"currIndex":12,"playerMode":"minimalistic","controls":true,"autoplay":true,"playAudio":"Play audio","pauseAudio":"Pause audio","contentName":"Audio","glowColor":"#ffd85a","timeStampForEachText":[{"text":" Sai ","startDuration":"0.4752","endDuration":"0.7566","wordfile":[{"path":"audios\/wordfile-66a3378baa32a.mp3","mime":"audio\/mpeg","copyright":{"license":"U"}}]},{"text":" suka ","startDuration":"0.7576","endDuration":"1.1884","wordfile":[{"path":"audios\/wordfile-66a337a81d531.mp3","mime":"audio\/mpeg","copyright":{"license":"U"}}]},{"text":" ha\u0257u ","startDuration":"1.1894","endDuration":"1.6473","wordfile":[{"path":"audios\/wordfile-66a337bd751dd.mp3","mime":"audio\/mpeg","copyright":{"license":"U"}}]},{"text":" su ","startDuration":"2.0420","endDuration":"2.3235","wordfile":[{"path":"audios\/wordfile-66a337cfb7c2c.mp3","mime":"audio\/mpeg","copyright":{"license":"U"}}]},{"text":" ka ","startDuration":"2.3245","endDuration":"2.5245","wordfile":[{"path":"audios\/wordfile-66a337e67229f.mp3","mime":"audio\/mpeg","copyright":{"license":"U"}}]},{"text":" samar ","startDuration":"2.5255","endDuration":"3.1192","wordfile":[{"path":"audios\/wordfile-66a337fa3926a.mp3","mime":"audio\/mpeg","copyright":{"license":"U"}}]},{"text":" da ","startDuration":"3.1202","endDuration":"3.4560","wordfile":[{"path":"audios\/wordfile-66a3380a9afbf.mp3","mime":"audio\/mpeg","copyright":{"license":"U"}}]},{"text":" nagartacen ","startDuration":"3.4570","endDuration":"4.7838","wordfile":[{"path":"audios\/wordfile-66a338241f921.mp3","mime":"audio\/mpeg","copyright":{"license":"U"}}]},{"text":" abin ","startDuration":"4.7848","endDuration":"5.2156","wordfile":[{"path":"audios\/wordfile-66a33837e9e61.mp3","mime":"audio\/mpeg","copyright":{"license":"U"}}]},{"text":" hawa ","startDuration":"5.2166","endDuration":"5.5931","wordfile":[{"path":"audios\/wordfile-66a3384dbdafe.mp3","mime":"audio\/mpeg","copyright":{"license":"U"}}]},{"text":" tare. ","startDuration":"5.5941","endDuration":"6.4322","wordfile":[{"path":"audios\/wordfile-66a3385e95527.mp3","mime":"audio\/mpeg","copyright":{"license":"U"}}]}],"files":[{"path":"audios\/files-66a33775b8fb2.mp3","mime":"audio\/mpeg","copyright":{"license":"U"}}]},"subContentId":"50d84fd7-bb97-416b-8b64-98095af01f94","metadata":{"contentType":"Curious Reader Audio","license":"U","title":"Untitled Curious Reader Audio"}},"backgroundOpacity":0,"willDoAnimation":false,"animationType":"glow","displayAsButton":false,"buttonSize":"big","goToSlideType":"specified","invisible":false},{"x":75.36764705882352,"y":58.42909090909091,"width":17.830882352941174,"height":28,"action":{"library":"H5P.Image 1.1","params":{"contentName":"Image"},"subContentId":"7ce5d55c-8fb4-47d2-a1b8-89624c3d39f4","metadata":{"contentType":"Image","license":"U","title":"Untitled Image"}},"backgroundOpacity":0,"willDoAnimation":true,"animationType":"glow","displayAsButton":false,"buttonSize":"big","goToSlideType":"specified","invisible":false,"id":"img50d84fd7-bb97-416b-8b64-98095af01f94_8"}],"slideBackgroundSelector":{}},{"elements":[{"x":3.2679738562091503,"y":4.301075268817204,"width":39.97821350762527,"height":95.69892473118279,"action":{"library":"H5P.Image 1.1","params":{"contentName":"Image","file":{"path":"images\/file-6582fa801b2bb.jpg","mime":"image\/jpeg","copyright":{"license":"U"},"width":639,"height":687}},"subContentId":"9be5a284-a001-40c0-9a7f-2116761d05e2","metadata":{"contentType":"Image","license":"U","title":"Untitled Image"}},"backgroundOpacity":0,"willDoAnimation":false,"animationType":"glow","displayAsButton":false,"buttonSize":"big","goToSlideType":"specified","invisible":false},{"x":45.955882352941174,"y":14.545454545454545,"width":51.65441176470588,"height":40,"action":{"library":"H5P.CRAdvancedText 1.1","params":{"text":"<p dir=\"ltr\" style=\"text-align: center;\"><span style=\"font-size:1.625em;\"><span style=\"color:#ffffff;\">Chaku shi ke tu\u0199a abin hawansa duk inda zai je.<\/span><\/span><\/p>\n"},"subContentId":"936ea689-fca6-4e29-9824-7b531547a589","metadata":{"contentType":"Text","license":"U","title":"Untitled Text"}},"alwaysDisplayComments":false,"backgroundOpacity":0,"willDoAnimation":false,"animationType":"glow","displayAsButton":false,"buttonSize":"big","goToSlideType":"specified","invisible":false,"solution":""},{"x":46.96691176470588,"y":44,"width":40,"height":40,"action":{"library":"H5P.CRAudio 1.4","params":{"fitToWrapper":true,"currIndex":13,"playerMode":"minimalistic","controls":true,"autoplay":true,"playAudio":"Play audio","pauseAudio":"Pause audio","contentName":"Audio","glowColor":"#ffd85a","timeStampForEachText":[{"text":" Chaku ","startDuration":"0.8479","endDuration":"1.6131","wordfile":[{"path":"audios\/wordfile-66a3388dbfc8f.mp3","mime":"audio\/mpeg","copyright":{"license":"U"}}]},{"text":" shi ","startDuration":"1.9815","endDuration":"2.4076","wordfile":[{"path":"audios\/wordfile-66a338a8a0832.mp3","mime":"audio\/mpeg","copyright":{"license":"U"}}]},{"text":" ke ","startDuration":"2.4086","endDuration":"2.6934","wordfile":[{"path":"audios\/wordfile-66a338b9460a3.mp3","mime":"audio\/mpeg","copyright":{"license":"U"}}]},{"text":" tu\u0199a ","startDuration":"2.6944","endDuration":"3.1770","wordfile":[{"path":"audios\/wordfile-66a338d64373e.mp3","mime":"audio\/mpeg","copyright":{"license":"U"}}]},{"text":" abin ","startDuration":"3.1780","endDuration":"3.5334","wordfile":[{"path":"audios\/wordfile-66a338eec0cd5.mp3","mime":"audio\/mpeg","copyright":{"license":"U"}}]},{"text":" hawansa ","startDuration":"3.5344","endDuration":"4.4127","wordfile":[{"path":"audios\/wordfile-66a339015d2a7.mp3","mime":"audio\/mpeg","copyright":{"license":"U"}}]},{"text":" duk ","startDuration":"4.4137","endDuration":"4.9952","wordfile":[{"path":"audios\/wordfile-66a33915513ce.mp3","mime":"audio\/mpeg","copyright":{"license":"U"}}]},{"text":" inda ","startDuration":"4.9962","endDuration":"5.4788","wordfile":[{"path":"audios\/wordfile-66a33928d20d6.mp3","mime":"audio\/mpeg","copyright":{"license":"U"}}]},{"text":" zai ","startDuration":"5.4798","endDuration":"5.7928","wordfile":[{"path":"audios\/wordfile-66a3393d628e0.mp3","mime":"audio\/mpeg","copyright":{"license":"U"}}]},{"text":" je. ","startDuration":"5.7938","endDuration":"6.2199","wordfile":[{"path":"audios\/wordfile-66d01cd017b85.mp3","mime":"audio\/mpeg","copyright":{"license":"U"}}]}],"files":[{"path":"audios\/files-66a3387b5a583.mp3","mime":"audio\/mpeg","copyright":{"license":"U"}}]},"subContentId":"85470fba-9622-4f36-ae99-9b2a01c3d991","metadata":{"contentType":"Curious Reader Audio","license":"U","title":"Untitled Curious Reader Audio"}},"backgroundOpacity":0,"willDoAnimation":false,"animationType":"glow","displayAsButton":false,"buttonSize":"big","goToSlideType":"specified","invisible":false},{"x":22.058823529411764,"y":10.909090909090908,"width":12.316176470588234,"height":27.636363636363637,"action":{"library":"H5P.Image 1.1","params":{"contentName":"Image"},"subContentId":"5490b2b8-0eeb-4d33-8a12-06d296c07898","metadata":{"contentType":"Image","license":"U","title":"Untitled Image"}},"backgroundOpacity":0,"willDoAnimation":true,"animationType":"glow","displayAsButton":false,"buttonSize":"big","goToSlideType":"specified","invisible":false,"id":"img85470fba-9622-4f36-ae99-9b2a01c3d991_0"},{"x":18.38235294117647,"y":40.170545454545454,"width":19.669117647058822,"height":42.54545454545455,"action":{"library":"H5P.Image 1.1","params":{"contentName":"Image"},"subContentId":"fd48420f-04a6-4fc0-8842-c120dab5a25f","metadata":{"contentType":"Image","license":"U","title":"Untitled Image"}},"backgroundOpacity":0,"willDoAnimation":true,"animationType":"glow","displayAsButton":false,"buttonSize":"big","goToSlideType":"specified","invisible":false,"id":"img85470fba-9622-4f36-ae99-9b2a01c3d991_4"}],"slideBackgroundSelector":{}},{"elements":[{"x":3.2679738562091503,"y":2.150537634408602,"width":39.97821350762527,"height":95.69892473118279,"action":{"library":"H5P.Image 1.1","params":{"contentName":"Image","file":{"path":"images\/file-6582fab2e8792.jpg","mime":"image\/jpeg","copyright":{"license":"U"},"width":479,"height":686}},"subContentId":"a5cc3ace-1cb3-4463-a4b8-cf993423732e","metadata":{"contentType":"Image","license":"U","title":"Untitled Image"}},"backgroundOpacity":0,"willDoAnimation":false,"animationType":"glow","displayAsButton":false,"buttonSize":"big","goToSlideType":"specified","invisible":false},{"x":44.642857142857146,"y":32.7455919395466,"width":51.02040816326531,"height":52.896725440806044,"action":{"library":"H5P.CRAdvancedText 1.1","params":{"text":"<p dir=\"ltr\" style=\"text-align: center;\"><span style=\"color:#ffffff;\"><span style=\"font-size:1.625em;\">A yanzu dai shi da Lila suke yawo tare, kowa da abin hawansa.<\/span><\/span><\/p>\n"},"subContentId":"d153d157-4df3-43a2-bd6f-b4ff096d12a1","metadata":{"contentType":"Text","license":"U","title":"Untitled Text"}},"alwaysDisplayComments":false,"backgroundOpacity":0,"willDoAnimation":false,"animationType":"glow","displayAsButton":false,"buttonSize":"big","goToSlideType":"specified","invisible":false,"solution":""},{"x":46.96691176470588,"y":44,"width":40,"height":40,"action":{"library":"H5P.CRAudio 1.4","params":{"fitToWrapper":true,"currIndex":14,"playerMode":"minimalistic","controls":true,"autoplay":true,"playAudio":"Play audio","pauseAudio":"Pause audio","contentName":"Audio","glowColor":"#ffd85a","timeStampForEachText":[{"text":" A ","startDuration":"0.4324","endDuration":"0.6864","wordfile":[{"path":"audios\/wordfile-66a3399f745e4.mp3","mime":"audio\/mpeg","copyright":{"license":"U"}}]},{"text":" yanzu ","startDuration":"0.6874","endDuration":"1.1937","wordfile":[{"path":"audios\/wordfile-66a339b378ade.mp3","mime":"audio\/mpeg","copyright":{"license":"U"}}]},{"text":" dai ","startDuration":"1.1947","endDuration":"1.5568","wordfile":[{"path":"audios\/wordfile-66a339c3afdda.mp3","mime":"audio\/mpeg","copyright":{"license":"U"}}]},{"text":" shi ","startDuration":"1.7380","endDuration":"2.1902","wordfile":[{"path":"audios\/wordfile-66a339d5a6237.mp3","mime":"audio\/mpeg","copyright":{"license":"U"}}]},{"text":" da ","startDuration":"2.1912","endDuration":"2.3912","wordfile":[{"path":"audios\/wordfile-66a339e923da3.mp3","mime":"audio\/mpeg","copyright":{"license":"U"}}]},{"text":" Lila ","startDuration":"2.3922","endDuration":"2.9705","wordfile":[{"path":"audios\/wordfile-66a339fd379a0.mp3","mime":"audio\/mpeg","copyright":{"license":"U"}}]},{"text":" suke ","startDuration":"2.9715","endDuration":"3.6219","wordfile":[{"path":"audios\/wordfile-66a33a16449cc.mp3","mime":"audio\/mpeg","copyright":{"license":"U"}}]},{"text":" yawo ","startDuration":"3.6229","endDuration":"4.1292","wordfile":[{"path":"audios\/wordfile-66a33a280cc21.mp3","mime":"audio\/mpeg","copyright":{"license":"U"}}]},{"text":" tare, ","startDuration":"4.1302","endDuration":"4.7986","wordfile":[{"path":"audios\/wordfile-66a33a3a2cc8d.mp3","mime":"audio\/mpeg","copyright":{"license":"U"}}]},{"text":" kowa ","startDuration":"5.8626","endDuration":"6.6571","wordfile":[{"path":"audios\/wordfile-66a33a4ea58fd.mp3","mime":"audio\/mpeg","copyright":{"license":"U"}}]},{"text":" da ","startDuration":"6.6581","endDuration":"6.9662","wordfile":[{"path":"audios\/wordfile-66a33a6762f7a.mp3","mime":"audio\/mpeg","copyright":{"license":"U"}}]},{"text":" abin ","startDuration":"6.9672","endDuration":"7.4374","wordfile":[{"path":"audios\/wordfile-66a33a7d87e6e.mp3","mime":"audio\/mpeg","copyright":{"license":"U"}}]},{"text":" hawansa. ","startDuration":"7.4384","endDuration":"8.4671","wordfile":[{"path":"audios\/wordfile-66a33a8de2dad.mp3","mime":"audio\/mpeg","copyright":{"license":"U"}}]}],"files":[{"path":"audios\/files-66a339741dca4.mp3","mime":"audio\/mpeg","copyright":{"license":"U"}}]},"subContentId":"68b893ec-e490-43fe-8bd1-359e7df9b872","metadata":{"contentType":"Curious Reader Audio","license":"U","title":"Untitled Curious Reader Audio"}},"backgroundOpacity":0,"willDoAnimation":false,"animationType":"glow","displayAsButton":false,"buttonSize":"big","goToSlideType":"specified","invisible":false},{"x":14.705882352941176,"y":18.181818181818183,"width":10.477941176470587,"height":21.454545454545453,"action":{"library":"H5P.Image 1.1","params":{"contentName":"Image"},"subContentId":"88eeb184-d2ca-49d7-bcf8-2286bb2c9f35","metadata":{"contentType":"Image","license":"U","title":"Untitled Image"}},"backgroundOpacity":0,"willDoAnimation":true,"animationType":"glow","displayAsButton":false,"buttonSize":"big","goToSlideType":"specified","invisible":false,"id":"img68b893ec-e490-43fe-8bd1-359e7df9b872_5"},{"x":9.191176470588236,"y":29.09090909090909,"width":28.860294117647058,"height":40,"action":{"library":"H5P.Image 1.1","params":{"contentName":"Image"},"subContentId":"51a38099-6dfc-4a1b-b4cb-6e23a473ebe6","metadata":{"contentType":"Image","license":"U","title":"Untitled Image"}},"backgroundOpacity":0,"willDoAnimation":true,"animationType":"glow","displayAsButton":false,"buttonSize":"big","goToSlideType":"specified","invisible":false,"id":"img68b893ec-e490-43fe-8bd1-359e7df9b872_12"},{"x":25.735294117647058,"y":18.232945454545455,"width":10.845588235294118,"height":31.636363636363637,"action":{"library":"H5P.Image 1.1","params":{"contentName":"Image"},"subContentId":"e0b67b0a-76c2-4c8b-947c-5905d5ad2163","metadata":{"contentType":"Image","license":"U","title":"Untitled Image"}},"backgroundOpacity":0,"willDoAnimation":true,"animationType":"glow","displayAsButton":false,"buttonSize":"big","goToSlideType":"specified","invisible":false,"id":"img68b893ec-e490-43fe-8bd1-359e7df9b872_3"}],"slideBackgroundSelector":{}},{"elements":[{"x":5.446623093681917,"y":6.451612903225806,"width":19.607843137254903,"height":19.569892473118276,"action":{"library":"H5P.Image 1.1","params":{"contentName":"Image","file":{"path":"images\/file-6582faf97f388.png","mime":"image\/png","copyright":{"license":"U"},"width":1350,"height":487}},"subContentId":"adef2565-9d0b-433d-8139-92e610ba9372","metadata":{"contentType":"Image","license":"U","title":"Untitled Image"}},"backgroundOpacity":0,"willDoAnimation":false,"animationType":"glow","displayAsButton":false,"buttonSize":"big","goToSlideType":"specified","invisible":false},{"x":29.411764705882355,"y":6.4415268817204305,"width":19.607843137254903,"height":19.569892473118276,"action":{"library":"H5P.Image 1.1","params":{"contentName":"Image","file":{"path":"images\/file-6582fb0bd1481.png","mime":"image\/png","copyright":{"license":"U"},"width":814,"height":202}},"subContentId":"abaea07c-8ccf-4f94-9c73-5c3fad74e8b6","metadata":{"contentType":"Image","license":"U","title":"Untitled Image"}},"backgroundOpacity":0,"willDoAnimation":false,"animationType":"glow","displayAsButton":false,"buttonSize":"big","goToSlideType":"specified","invisible":false},{"x":53.37690631808279,"y":8.602150537634408,"width":39.97821350762527,"height":15.053763440860214,"action":{"library":"H5P.Image 1.1","params":{"contentName":"Image","file":{"path":"images\/file-6582fb223475c.jpg","mime":"image\/jpeg","copyright":{"license":"U"},"width":1732,"height":354}},"subContentId":"1e6de0e9-af4d-4212-be76-2db4139d5fc6","metadata":{"contentType":"Image","license":"U","title":"Untitled Image"}},"backgroundOpacity":0,"willDoAnimation":false,"animationType":"glow","displayAsButton":false,"buttonSize":"big","goToSlideType":"specified","invisible":false},{"x":3.826530612244898,"y":32.7455919395466,"width":93.68191721132898,"height":64.51612903225806,"action":{"library":"H5P.CRAdvancedText 1.1","params":{"text":"<h3 style=\"text-align: center;\">\u201cLabarin \u0199irar abin hawan Chaku\u201d credits<br>\nThis work, \u201cLabarin \u0199irar abin hawan Chaku\u201d is a derivative of Chaku's Cycleis translated byAlisha Berger. The \u00a9 for this translation lies with Room to Read, 2016. Some rights reserved. Released under CC BY 4.0 license.Based on Original story:'Baiskeli ya Chaku', byUpendo Maria. \u00a9 Room to Read , 2016. Some rights reserved.<\/h3>\n\n<h3 style=\"text-align: center;\">\u201cLabarin \u0199irar abin hawan Chaku\u201d is licensed under CC BY 4.0 by Curious Learning.<\/h3>\n\n<h3 style=\"text-align: center;\">Book builder - Abraham Jerry Kakooza<\/h3>\n"},"subContentId":"73649e64-c7ea-491d-8d78-f2ad67dcfe51","metadata":{"contentType":"Text","license":"U","title":"Untitled Text"}},"alwaysDisplayComments":false,"backgroundOpacity":0,"willDoAnimation":false,"animationType":"glow","displayAsButton":false,"buttonSize":"big","goToSlideType":"specified","invisible":false,"solution":""}],"slideBackgroundSelector":{}}],"keywordListEnabled":true,"globalBackgroundSelector":{},"keywordListAlwaysShow":false,"keywordListAutoHide":false,"keywordListOpacity":90},"override":{"activeSurface":false,"hideSummarySlide":false,"summarySlideSolutionButton":true,"summarySlideRetryButton":true,"enablePrintButton":false,"social":{"showFacebookShare":false,"facebookShare":{"url":"@currentpageurl","quote":"I scored @score out of @maxScore on a task at @currentpageurl."},"showTwitterShare":false,"twitterShare":{"statement":"I scored @score out of @maxScore on a task at @currentpageurl.","url":"@currentpageurl","hashtags":"h5p, course"},"showGoogleShare":false,"googleShareUrl":"@currentpageurl"}},"l10n":{"slide":"Slide","score":"Score","yourScore":"Your Score","maxScore":"Max Score","total":"Total","totalScore":"Total Score","showSolutions":"Show solutions","retry":"Retry","exportAnswers":"Export text","hideKeywords":"Hide sidebar navigation menu","showKeywords":"Show sidebar navigation menu","fullscreen":"Fullscreen","exitFullscreen":"Exit fullscreen","prevSlide":"Previous slide","nextSlide":"Next slide","currentSlide":"Current slide","lastSlide":"Last slide","solutionModeTitle":"Exit solution mode","solutionModeText":"Solution Mode","summaryMultipleTaskText":"Multiple tasks","scoreMessage":"You achieved:","shareFacebook":"Share on Facebook","shareTwitter":"Share on Twitter","shareGoogle":"Share on Google+","summary":"Summary","solutionsButtonTitle":"Show comments","printTitle":"Print","printIngress":"How would you like to print this presentation?","printAllSlides":"Print all slides","printCurrentSlide":"Print current slide","noTitle":"No title","accessibilitySlideNavigationExplanation":"Use left and right arrow to change slide in that direction whenever canvas is selected.","accessibilityCanvasLabel":"Presentation canvas. Use left and right arrow to move between slides.","containsNotCompleted":"@slideName contains not completed interaction","containsCompleted":"@slideName contains completed interaction","slideCount":"Slide @index of @total","containsOnlyCorrect":"@slideName only has correct answers","containsIncorrectAnswers":"@slideName has incorrect answers","shareResult":"Share Result","accessibilityTotalScore":"You got @score of @maxScore points in total","accessibilityEnteredFullscreen":"Entered fullscreen","accessibilityExitedFullscreen":"Exited fullscreen"}}