{"presentation":{"slides":[{"elements":[{"x":26.143790849673206,"y":2.1454967741935485,"width":49.45533769063181,"height":70.96774193548387,"action":{"library":"H5P.Image 1.1","params":{"contentName":"Image","file":{"path":"images\/file-6583236a69c90.jpeg","mime":"image\/jpeg","copyright":{"license":"U"},"width":1000,"height":1000}},"subContentId":"9b9fc655-2af5-438e-a5cc-99693672e559","metadata":{"contentType":"Image","license":"U","title":"Untitled Image"}},"backgroundOpacity":0,"willDoAnimation":false,"animationType":"glow","displayAsButton":false,"buttonSize":"big","goToSlideType":"specified","invisible":false},{"x":30.612244897959183,"y":80.60453400503778,"width":39.97821350762527,"height":13.978494623655912,"action":{"library":"H5P.CRAdvancedText 1.1","params":{"text":"<p style=\"text-align: center;\"><span style=\"color:#ffffff;\"><span style=\"font-size:2.25em;\">\u092f\u094b \u0915\u0941\u0928 \u0926\u093f\u0928 \u0939\u094b?<\/span><\/span><\/p>\n"},"subContentId":"bca21f5a-9c56-43f6-9c9d-80163dcc6c0c","metadata":{"contentType":"Text","license":"U","title":"Untitled Text"}},"alwaysDisplayComments":false,"backgroundOpacity":0,"willDoAnimation":false,"animationType":"glow","displayAsButton":false,"buttonSize":"big","goToSlideType":"specified","invisible":false,"solution":""}],"slideBackgroundSelector":{}},{"elements":[{"x":29.411764705882355,"y":2.150537634408602,"width":39.97821350762527,"height":73.11827956989247,"action":{"library":"H5P.Image 1.1","params":{"contentName":"Image","file":{"path":"images\/file-658328e766fda.jpg","mime":"image\/jpeg","copyright":{"license":"U"},"width":1000,"height":1000}},"subContentId":"ab415e67-eb4f-4f05-b1f9-022c38ee7beb","metadata":{"contentType":"Image","license":"U","title":"Untitled Image"}},"backgroundOpacity":0,"willDoAnimation":false,"animationType":"glow","displayAsButton":false,"buttonSize":"big","goToSlideType":"specified","invisible":false},{"x":6.377551020408164,"y":78.08564231738035,"width":85.71428571428572,"height":16.120906801007557,"action":{"library":"H5P.CRAdvancedText 1.1","params":{"text":"<p dir=\"ltr\" style=\"text-align: center;\"><span style=\"color:#ffffff;\"><strong><span style=\"font-size:1.75em;\">\u0936\u0941\u092d&nbsp;&amp;ndash; \u092a\u094d\u0930\u092d\u093e\u0924! \u092c\u093f\u0906 \u0906\u091c \u0927\u0947\u0930\u0948 \u0916\u0941\u0938\u0940 \u091b\u093f\u0928\u094d\u0964<\/span><\/strong><\/span><\/p>\n"},"subContentId":"8a2f3dcf-2c04-464a-ab7f-af4f0c6283f6","metadata":{"contentType":"Text","license":"U","title":"Untitled Text"}},"alwaysDisplayComments":false,"backgroundOpacity":0,"willDoAnimation":false,"animationType":"glow","displayAsButton":false,"buttonSize":"big","goToSlideType":"specified","invisible":false,"solution":""},{"x":47.00255102040816,"y":43.95465994962216,"width":40,"height":40,"action":{"library":"H5P.CRAudio 1.4","params":{"fitToWrapper":true,"currIndex":1,"playerMode":"minimalistic","controls":true,"autoplay":true,"playAudio":"Play audio","pauseAudio":"Pause audio","contentName":"Audio","glowColor":"#ffd85a","timeStampForEachText":[{"text":" \u0936\u0941\u092d\u00a0\u2013 \u092a\u094d\u0930\u092d\u093e\u0924! ","startDuration":"0.0000","endDuration":"1.0439","wordfile":[{"path":"audios\/wordfile-65e4d831ab350.wav","mime":"audio\/x-wav","copyright":{"license":"U"}}]},{"text":" \u092c\u093f\u0906 ","startDuration":"1.0449","endDuration":"1.8477","wordfile":[{"path":"audios\/wordfile-65e4d84ddba6d.wav","mime":"audio\/x-wav","copyright":{"license":"U"}}]},{"text":" \u0906\u091c ","startDuration":"1.8487","endDuration":"2.5056","wordfile":[{"path":"audios\/wordfile-65e4d8677c777.wav","mime":"audio\/x-wav","copyright":{"license":"U"}}]},{"text":" \u0927\u0947\u0930\u0948 ","startDuration":"2.5066","endDuration":"3.2967","wordfile":[{"path":"audios\/wordfile-65e4d87a86766.wav","mime":"audio\/x-wav","copyright":{"license":"U"}}]},{"text":" \u0916\u0941\u0938\u0940 ","startDuration":"3.2977","endDuration":"4.0053","wordfile":[{"path":"audios\/wordfile-65e4d88cc4b6f.wav","mime":"audio\/x-wav","copyright":{"license":"U"}}]},{"text":" \u091b\u093f\u0928\u094d\u0964 ","startDuration":"4.0063","endDuration":"4.7083","wordfile":[{"path":"audios\/wordfile-65e4d89e0b5ac.wav","mime":"audio\/x-wav","copyright":{"license":"U"}}]}],"files":[{"path":"audios\/files-65e4d817b5168.wav","mime":"audio\/x-wav","copyright":{"license":"U"}}]},"subContentId":"4fc94796-dee5-4c95-aa72-75dba8f9d1e2","metadata":{"contentType":"Curious Reader Audio","license":"U","title":"Untitled Curious Reader Audio"}},"backgroundOpacity":0,"willDoAnimation":false,"animationType":"glow","displayAsButton":false,"buttonSize":"big","goToSlideType":"specified","invisible":false},{"x":31.887755102040817,"y":17.6204282115869,"width":23.852040816326532,"height":40.050377833753146,"action":{"library":"H5P.Image 1.1","params":{"contentName":"Image"},"subContentId":"49d069e6-fbe2-4d1f-a19d-cc10c7bac7c0","metadata":{"contentType":"Image","license":"U","title":"Untitled Image"}},"backgroundOpacity":0,"willDoAnimation":true,"animationType":"glow","displayAsButton":false,"buttonSize":"big","goToSlideType":"specified","invisible":false,"id":"img4fc94796-dee5-4c95-aa72-75dba8f9d1e2_1"}],"slideBackgroundSelector":{}},{"elements":[{"x":20.697167755991288,"y":2.1454967741935485,"width":66.66666666666667,"height":77.41935483870967,"action":{"library":"H5P.Image 1.1","params":{"contentName":"Image","file":{"path":"images\/file-65832a5032f10.jpg","mime":"image\/jpeg","copyright":{"license":"U"},"width":1000,"height":1000}},"subContentId":"ef974a78-3caf-4bda-babe-d81908694e6a","metadata":{"contentType":"Image","license":"U","title":"Untitled Image"}},"backgroundOpacity":0,"willDoAnimation":false,"animationType":"glow","displayAsButton":false,"buttonSize":"big","goToSlideType":"specified","invisible":false},{"x":5.1020408163265305,"y":80.58287153652392,"width":94.38775510204081,"height":19.395465994962215,"action":{"library":"H5P.CRAdvancedText 1.1","params":{"text":"<p dir=\"ltr\" style=\"text-align: center;\"><span style=\"color:#ffffff;\"><span style=\"font-size:1.75em;\">\u0909\u0928\u0915\u094b \u0932\u093e\u0917\u093f \u090f\u0915 \u0906\u0936\u094d\u091a\u0930\u094d\u092f \u092a\u0930\u094d\u0916\u093f\u0930\u0939\u0947\u0915\u094b \u0939\u0941\u0928\u0941\u092a\u0930\u094d\u091b\u0964<\/span><\/span><\/p>\n"},"subContentId":"a838d67e-2f60-44c5-8488-9a30a9b4ea75","metadata":{"contentType":"Text","license":"U","title":"Untitled Text"}},"alwaysDisplayComments":false,"backgroundOpacity":0,"willDoAnimation":false,"animationType":"glow","displayAsButton":false,"buttonSize":"big","goToSlideType":"specified","invisible":false,"solution":""},{"x":47.00255102040816,"y":43.95465994962216,"width":40,"height":40,"action":{"library":"H5P.CRAudio 1.4","params":{"fitToWrapper":true,"currIndex":2,"playerMode":"minimalistic","controls":true,"autoplay":true,"playAudio":"Play audio","pauseAudio":"Pause audio","contentName":"Audio","glowColor":"#ffd85a","timeStampForEachText":[{"text":" \u0909\u0928\u0915\u094b ","startDuration":"0.0000","endDuration":"0.9170","wordfile":[{"path":"audios\/wordfile-65e4d8e8513cc.wav","mime":"audio\/x-wav","copyright":{"license":"U"}}]},{"text":" \u0932\u093e\u0917\u093f ","startDuration":"0.9180","endDuration":"1.6818","wordfile":[{"path":"audios\/wordfile-65e4d8f9bd9da.wav","mime":"audio\/x-wav","copyright":{"license":"U"}}]},{"text":" \u090f\u0915 ","startDuration":"1.6828","endDuration":"2.1543","wordfile":[{"path":"audios\/wordfile-65e4d90bcabd2.wav","mime":"audio\/x-wav","copyright":{"license":"U"}}]},{"text":" \u0906\u0936\u094d\u091a\u0930\u094d\u092f ","startDuration":"2.1553","endDuration":"3.0514","wordfile":[{"path":"audios\/wordfile-65e4d9236e151.wav","mime":"audio\/x-wav","copyright":{"license":"U"}}]},{"text":" \u092a\u0930\u094d\u0916\u093f\u0930\u0939\u0947\u0915\u094b ","startDuration":"3.0524","endDuration":"4.2408","wordfile":[{"path":"audios\/wordfile-65e4d9370c3b9.wav","mime":"audio\/x-wav","copyright":{"license":"U"}}]},{"text":" \u0939\u0941\u0928\u0941\u092a\u0930\u094d\u091b\u0964 ","startDuration":"4.2418","endDuration":"5.1649","wordfile":[{"path":"audios\/wordfile-65e4d94bdbbb5.wav","mime":"audio\/x-wav","copyright":{"license":"U"}}]}],"files":[{"path":"audios\/files-65e4d8d036098.wav","mime":"audio\/x-wav","copyright":{"license":"U"}}]},"subContentId":"49bcc8ce-9e05-482c-a917-dcc0073e4d39","metadata":{"contentType":"Curious Reader Audio","license":"U","title":"Untitled Curious Reader Audio"}},"backgroundOpacity":0,"willDoAnimation":false,"animationType":"glow","displayAsButton":false,"buttonSize":"big","goToSlideType":"specified","invisible":false},{"x":29.336734693877553,"y":35.26448362720403,"width":21.301020408163264,"height":40.050377833753146,"action":{"library":"H5P.Image 1.1","params":{"contentName":"Image"},"subContentId":"a19ddaf7-6bb3-48db-91d7-466d216ee7f5","metadata":{"contentType":"Image","license":"U","title":"Untitled Image"}},"backgroundOpacity":0,"willDoAnimation":true,"animationType":"glow","displayAsButton":false,"buttonSize":"big","goToSlideType":"specified","invisible":false,"id":"img49bcc8ce-9e05-482c-a917-dcc0073e4d39_0"},{"x":29.336734693877553,"y":32.7455919395466,"width":21.301020408163264,"height":40.050377833753146,"action":{"library":"H5P.Image 1.1","params":{"contentName":"Image"},"subContentId":"7c27b323-c768-4036-8a6c-5845b1e46b41","metadata":{"contentType":"Image","license":"U","title":"Untitled Image"}},"backgroundOpacity":0,"willDoAnimation":true,"animationType":"glow","displayAsButton":false,"buttonSize":"big","goToSlideType":"specified","invisible":false,"id":"img49bcc8ce-9e05-482c-a917-dcc0073e4d39_1"}],"slideBackgroundSelector":{}},{"elements":[{"x":20.697167755991288,"y":4.29436559139785,"width":55.88235294117647,"height":68.81720430107526,"action":{"library":"H5P.Image 1.1","params":{"contentName":"Image","file":{"path":"images\/file-65832b0b0d2b0.jpg","mime":"image\/jpeg","copyright":{"license":"U"},"width":1000,"height":1000}},"subContentId":"da2b2019-fa80-40b3-8bd9-fe12b1f2ccee","metadata":{"contentType":"Image","license":"U","title":"Untitled Image"}},"backgroundOpacity":0,"willDoAnimation":false,"animationType":"glow","displayAsButton":false,"buttonSize":"big","goToSlideType":"specified","invisible":false},{"x":7.653061224489796,"y":79.46120906801008,"width":86.86224489795919,"height":20.151133501259444,"action":{"library":"H5P.CRAdvancedText 1.1","params":{"text":"<p style=\"text-align: center;\"><span style=\"color:#ffffff;\"><span style=\"font-size:2.25em;\">\u0913\u0939! \u0915\u0941\u0928\u0948 \u0906\u0936\u094d\u091a\u0930\u094d\u092f \u091b\u0948\u0928? \u0938\u092c\u0948\u091c\u0928\u093e \u0915\u0939\u093e\u0901 \u091b\u0928\u094d?<\/span><\/span><\/p>\n"},"subContentId":"655073f1-de35-42df-94e4-f645122ac952","metadata":{"contentType":"Text","license":"U","title":"Untitled Text"}},"alwaysDisplayComments":false,"backgroundOpacity":0,"willDoAnimation":false,"animationType":"glow","displayAsButton":false,"buttonSize":"big","goToSlideType":"specified","invisible":false,"solution":""},{"x":47.00255102040816,"y":43.95465994962216,"width":40,"height":40,"action":{"library":"H5P.CRAudio 1.4","params":{"fitToWrapper":true,"currIndex":3,"playerMode":"minimalistic","controls":true,"autoplay":true,"playAudio":"Play audio","pauseAudio":"Pause audio","contentName":"Audio","glowColor":"#ffd85a","timeStampForEachText":[{"text":" \u0913\u0939! ","startDuration":"0.0000","endDuration":"0.9562","wordfile":[{"path":"audios\/wordfile-65e4d98499c9e.wav","mime":"audio\/x-wav","copyright":{"license":"U"}}]},{"text":" \u0915\u0941\u0928\u0948 ","startDuration":"0.9572","endDuration":"1.5567","wordfile":[{"path":"audios\/wordfile-65e4d99681543.wav","mime":"audio\/x-wav","copyright":{"license":"U"}}]},{"text":" \u0906\u0936\u094d\u091a\u0930\u094d\u092f ","startDuration":"1.5577","endDuration":"2.3998","wordfile":[{"path":"audios\/wordfile-65e4d9bcc2d6f.wav","mime":"audio\/x-wav","copyright":{"license":"U"}}]},{"text":" \u091b\u0948\u0928? ","startDuration":"2.4008","endDuration":"3.0645","wordfile":[{"path":"audios\/wordfile-65e4d9cf40360.wav","mime":"audio\/x-wav","copyright":{"license":"U"}}]},{"text":" \u0938\u092c\u0948\u091c\u0928\u093e ","startDuration":"3.0655","endDuration":"4.0503","wordfile":[{"path":"audios\/wordfile-65e4d9e1946f4.wav","mime":"audio\/x-wav","copyright":{"license":"U"}}]},{"text":" \u0915\u0939\u093e\u0901 ","startDuration":"4.0513","endDuration":"4.7364","wordfile":[{"path":"audios\/wordfile-66070d1f79eee.wav","mime":"audio\/x-wav","copyright":{"license":"U"}}]},{"text":" \u091b\u0928\u094d? ","startDuration":"4.7374","endDuration":"5.2936","wordfile":[{"path":"audios\/wordfile-65e4da07d4aaa.wav","mime":"audio\/x-wav","copyright":{"license":"U"}}]}],"files":[{"path":"audios\/files-65e4d96d0f00a.wav","mime":"audio\/x-wav","copyright":{"license":"U"}}]},"subContentId":"e4102041-b057-40bd-9c5e-7630040e81cf","metadata":{"contentType":"Curious Reader Audio","license":"U","title":"Untitled Curious Reader Audio"}},"backgroundOpacity":0,"willDoAnimation":false,"animationType":"glow","displayAsButton":false,"buttonSize":"big","goToSlideType":"specified","invisible":false}],"slideBackgroundSelector":{}},{"elements":[{"x":28.32244008714597,"y":2.150537634408602,"width":39.97821350762527,"height":68.81720430107526,"action":{"library":"H5P.Image 1.1","params":{"contentName":"Image","file":{"path":"images\/file-65832c012cdae.jpg","mime":"image\/jpeg","copyright":{"license":"U"},"width":1000,"height":1000}},"subContentId":"e2906a2a-6335-4319-9270-1a0d1fed6d24","metadata":{"contentType":"Image","license":"U","title":"Untitled Image"}},"backgroundOpacity":0,"willDoAnimation":false,"animationType":"glow","displayAsButton":false,"buttonSize":"big","goToSlideType":"specified","invisible":false},{"x":0,"y":70.47002518891688,"width":100,"height":29.471032745591938,"action":{"library":"H5P.CRAdvancedText 1.1","params":{"text":"<p dir=\"ltr\" style=\"text-align: center;\"><span style=\"color:#ffffff;\"><span style=\"font-size:1.75em;\">&amp;ldquo;&nbsp;\u0906\u092e\u093e, \u0906\u091c \u0915\u0947 \u0939\u094b \u0925\u093e\u0939\u093e \u091b?&nbsp;&amp;rdquo; \u092c\u093f\u092f\u093e \u0938\u094b\u0927\u094d\u091b\u093f\u0928\u094d, &amp;ldquo;&nbsp;\u0906\u091c \u0916\u093e\u0928\u093e \u092a\u0915\u093e\u0909\u0928\u0947 \u0926\u093f\u0928 \u0939\u094b,&nbsp;&amp;rdquo;&nbsp; \u0906\u092e\u093e \u091c\u0935\u093e\u092b \u0926\u093f\u0928\u0941\u0939\u0941\u0928\u094d\u091b\u0964 \u0927\u0924\u094d\u0924\u0947\u0930\u093f\u0915\u093e! \u0906\u092e\u093e\u0932\u0947 \u092c\u093f\u0930\u094d\u0938\u0928\u0941\u092d\u092f\u094b!<\/span><\/span><\/p>\n"},"subContentId":"0848ad97-7280-4f9a-acd7-cd9e37c0a9e2","metadata":{"contentType":"Text","license":"U","title":"Untitled Text"}},"alwaysDisplayComments":false,"backgroundOpacity":0,"willDoAnimation":false,"animationType":"glow","displayAsButton":false,"buttonSize":"big","goToSlideType":"specified","invisible":false,"solution":""},{"x":47.00255102040816,"y":43.95465994962216,"width":40,"height":40,"action":{"library":"H5P.CRAudio 1.4","params":{"fitToWrapper":true,"currIndex":4,"playerMode":"minimalistic","controls":true,"autoplay":true,"playAudio":"Play audio","pauseAudio":"Pause audio","contentName":"Audio","glowColor":"#ffd85a","timeStampForEachText":[{"text":" \u201c\u00a0\u0906\u092e\u093e, ","startDuration":"0.0000","endDuration":"0.6948","wordfile":[{"path":"audios\/wordfile-65e4daa173e56.wav","mime":"audio\/x-wav","copyright":{"license":"U"}}]},{"text":" \u0906\u091c ","startDuration":"0.6958","endDuration":"1.3053","wordfile":[{"path":"audios\/wordfile-65e4dab6bdab1.wav","mime":"audio\/x-wav","copyright":{"license":"U"}}]},{"text":" \u0915\u0947 ","startDuration":"1.3063","endDuration":"1.6769","wordfile":[{"path":"audios\/wordfile-65e4dae4e0414.wav","mime":"audio\/x-wav","copyright":{"license":"U"}}]},{"text":" \u0939\u094b ","startDuration":"1.6779","endDuration":"2.0485","wordfile":[{"path":"audios\/wordfile-65e4dafa9e63e.wav","mime":"audio\/x-wav","copyright":{"license":"U"}}]},{"text":" \u0925\u093e\u0939\u093e ","startDuration":"2.0495","endDuration":"2.5395","wordfile":[{"path":"audios\/wordfile-65e4db1866c31.wav","mime":"audio\/x-wav","copyright":{"license":"U"}}]},{"text":" \u091b?\u00a0\u201d ","startDuration":"2.5405","endDuration":"2.8258","wordfile":[{"path":"audios\/wordfile-65e4db39ab251.wav","mime":"audio\/x-wav","copyright":{"license":"U"}}]},{"text":" \u092c\u093f\u092f\u093e ","startDuration":"2.8268","endDuration":"3.5386","wordfile":[{"path":"audios\/wordfile-65e4db4ddce4a.wav","mime":"audio\/x-wav","copyright":{"license":"U"}}]},{"text":" \u0938\u094b\u0927\u094d\u091b\u093f\u0928\u094d, ","startDuration":"3.5396","endDuration":"4.2685","wordfile":[{"path":"audios\/wordfile-65e4db62d0a16.wav","mime":"audio\/x-wav","copyright":{"license":"U"}}]},{"text":" \u201c\u00a0\u0906\u091c ","startDuration":"4.2695","endDuration":"4.8278","wordfile":[{"path":"audios\/wordfile-65e4db7c3fa49.wav","mime":"audio\/x-wav","copyright":{"license":"U"}}]},{"text":" \u0916\u093e\u0928\u093e ","startDuration":"4.8288","endDuration":"5.6089","wordfile":[{"path":"audios\/wordfile-65e4db9be0833.wav","mime":"audio\/x-wav","copyright":{"license":"U"}}]},{"text":" \u092a\u0915\u093e\u0909\u0928\u0947 ","startDuration":"5.6099","endDuration":"6.5094","wordfile":[{"path":"audios\/wordfile-65e4dbd7781e3.wav","mime":"audio\/x-wav","copyright":{"license":"U"}}]},{"text":" \u0926\u093f\u0928 ","startDuration":"6.5104","endDuration":"7.0687","wordfile":[{"path":"audios\/wordfile-65e4dbf4a6e16.wav","mime":"audio\/x-wav","copyright":{"license":"U"}}]},{"text":" \u0939\u094b,\u00a0\u201d\u00a0 ","startDuration":"7.0697","endDuration":"7.5256","wordfile":[{"path":"audios\/wordfile-65e4dc087e359.wav","mime":"audio\/x-wav","copyright":{"license":"U"}}]},{"text":" \u0906\u092e\u093e ","startDuration":"7.5266","endDuration":"8.0849","wordfile":[{"path":"audios\/wordfile-65e4dc1a982da.wav","mime":"audio\/x-wav","copyright":{"license":"U"}}]},{"text":" \u091c\u0935\u093e\u092b ","startDuration":"8.0859","endDuration":"8.6954","wordfile":[{"path":"audios\/wordfile-65e4dc2f430fc.wav","mime":"audio\/x-wav","copyright":{"license":"U"}}]},{"text":" \u0926\u093f\u0928\u0941\u0939\u0941\u0928\u094d\u091b\u0964 ","startDuration":"8.6964","endDuration":"9.7153","wordfile":[{"path":"audios\/wordfile-65e4dc53a5e8b.wav","mime":"audio\/x-wav","copyright":{"license":"U"}}]},{"text":" \u0927\u0924\u094d\u0924\u0947\u0930\u093f\u0915\u093e! ","startDuration":"9.7163","endDuration":"10.7523","wordfile":[{"path":"audios\/wordfile-65e4dc6cc7561.wav","mime":"audio\/x-wav","copyright":{"license":"U"}}]},{"text":" \u0906\u092e\u093e\u0932\u0947 ","startDuration":"10.7533","endDuration":"11.4651","wordfile":[{"path":"audios\/wordfile-65e4dc9bcf898.wav","mime":"audio\/x-wav","copyright":{"license":"U"}}]},{"text":" \u092c\u093f\u0930\u094d\u0938\u0928\u0941\u092d\u092f\u094b! ","startDuration":"11.4661","endDuration":"12.6593","wordfile":[{"path":"audios\/wordfile-65e4dcc7eb7a4.wav","mime":"audio\/x-wav","copyright":{"license":"U"}}]}],"files":[{"path":"audios\/files-65e4da8d0de03.wav","mime":"audio\/x-wav","copyright":{"license":"U"}}]},"subContentId":"bff1e1b9-89ac-45ff-a5a0-57a311dde347","metadata":{"contentType":"Curious Reader Audio","license":"U","title":"Untitled Curious Reader Audio"}},"backgroundOpacity":0,"willDoAnimation":false,"animationType":"glow","displayAsButton":false,"buttonSize":"big","goToSlideType":"specified","invisible":false},{"x":34.43775510204082,"y":2.5129874055415615,"width":20.025510204081634,"height":47.10327455919395,"action":{"library":"H5P.Image 1.1","params":{"contentName":"Image"},"subContentId":"d868ef2c-eba5-4cd0-959d-bb8290d19863","metadata":{"contentType":"Image","license":"U","title":"Untitled Image"}},"backgroundOpacity":0,"willDoAnimation":true,"animationType":"glow","displayAsButton":false,"buttonSize":"big","goToSlideType":"specified","invisible":false,"id":"imgbff1e1b9-89ac-45ff-a5a0-57a311dde347_0"},{"x":51.02040816326531,"y":17.6204282115869,"width":16.198979591836736,"height":40.050377833753146,"action":{"library":"H5P.Image 1.1","params":{"contentName":"Image"},"subContentId":"daa16a48-e502-4974-a987-8a6ec9ea53b5","metadata":{"contentType":"Image","license":"U","title":"Untitled Image"}},"backgroundOpacity":0,"willDoAnimation":true,"animationType":"glow","displayAsButton":false,"buttonSize":"big","goToSlideType":"specified","invisible":false,"id":"imgbff1e1b9-89ac-45ff-a5a0-57a311dde347_6"},{"x":34.43877551020408,"y":37.78337531486146,"width":14.923469387755102,"height":24.43324937027708,"action":{"library":"H5P.Image 1.1","params":{"contentName":"Image"},"subContentId":"4d43553b-31b1-4180-8e3b-5bde44b9b40b","metadata":{"contentType":"Image","license":"U","title":"Untitled Image"}},"backgroundOpacity":0,"willDoAnimation":true,"animationType":"glow","displayAsButton":false,"buttonSize":"big","goToSlideType":"specified","invisible":false,"id":"imgbff1e1b9-89ac-45ff-a5a0-57a311dde347_10"}],"slideBackgroundSelector":{}},{"elements":[{"x":28.06122448979592,"y":0,"width":39.97821350762527,"height":70.96774193548387,"action":{"library":"H5P.Image 1.1","params":{"contentName":"Image","file":{"path":"images\/file-65832d06b9d3c.jpg","mime":"image\/jpeg","copyright":{"license":"U"},"width":1000,"height":1000}},"subContentId":"4ef25262-cd77-44b7-9558-621a4320226f","metadata":{"contentType":"Image","license":"U","title":"Untitled Image"}},"backgroundOpacity":0,"willDoAnimation":false,"animationType":"glow","displayAsButton":false,"buttonSize":"big","goToSlideType":"specified","invisible":false},{"x":0,"y":67.93929471032746,"width":99.48979591836735,"height":31.989924433249367,"action":{"library":"H5P.CRAdvancedText 1.1","params":{"text":"<p dir=\"ltr\" style=\"text-align: center;\"><span style=\"color:#ffffff;\"><span style=\"font-size:1.75em;\">&amp;ldquo;&nbsp;\u092c\u0939\u093f\u0928\u0940, \u0906\u091c \u0915\u0947 \u0939\u094b \u0925\u093e\u0939\u093e \u091b?&amp;rdquo; \u092c\u093f\u092f\u093e \u0938\u094b\u0927\u094d\u091b\u093f\u0928\u094d, &amp;ldquo;&nbsp;\u0906\u091c \u091a\u093f\u0924\u094d\u0930 \u092c\u0928\u093e\u0909\u0928\u0947 \u0926\u093f\u0928 \u0939\u094b,&nbsp;&amp;rdquo; \u0909\u0928\u0915\u0940 \u092c\u0939\u093f\u0928\u0940 \u092d\u0928\u094d\u091b\u093f\u0928\u094d\u0964 \u092c\u0939\u093f\u0928\u0940\u0932\u093e\u0908 \u0915\u093f\u0928 \u0938\u092e\u094d\u091d\u0928\u093e \u0906\u0909\u0901\u0926\u0948\u0928 \u092d\u0928\u0947\u0930 \u092c\u093f\u0906 \u091b\u0915\u094d\u0915 \u092a\u0930\u094d\u091b\u093f\u0928\u094d\u0964<\/span><\/span><\/p>\n"},"subContentId":"b7357a53-2bb0-4394-930d-05dbc739e7b9","metadata":{"contentType":"Text","license":"U","title":"Untitled Text"}},"alwaysDisplayComments":false,"backgroundOpacity":0,"willDoAnimation":false,"animationType":"glow","displayAsButton":false,"buttonSize":"big","goToSlideType":"specified","invisible":false,"solution":""},{"x":47.00255102040816,"y":43.95465994962216,"width":40,"height":40,"action":{"library":"H5P.CRAudio 1.4","params":{"fitToWrapper":true,"currIndex":5,"playerMode":"minimalistic","controls":true,"autoplay":true,"playAudio":"Play audio","pauseAudio":"Pause audio","contentName":"Audio","glowColor":"#ffd85a","timeStampForEachText":[{"text":" \u201c\u00a0\u092c\u0939\u093f\u0928\u0940, ","startDuration":"0.0000","endDuration":"0.8469","wordfile":[{"path":"audios\/wordfile-65e501533a17f.wav","mime":"audio\/x-wav","copyright":{"license":"U"}}]},{"text":" \u0906\u091c ","startDuration":"0.8479","endDuration":"1.4724","wordfile":[{"path":"audios\/wordfile-65e5016777425.wav","mime":"audio\/x-wav","copyright":{"license":"U"}}]},{"text":" \u0915\u0947 ","startDuration":"1.4734","endDuration":"1.7340","wordfile":[{"path":"audios\/wordfile-66070e15908ed.wav","mime":"audio\/x-wav","copyright":{"license":"U"}}]},{"text":" \u0939\u094b ","startDuration":"1.7350","endDuration":"2.0563","wordfile":[{"path":"audios\/wordfile-66070e379b2e7.wav","mime":"audio\/x-wav","copyright":{"license":"U"}}]},{"text":" \u0925\u093e\u0939\u093e ","startDuration":"2.0573","endDuration":"2.3988","wordfile":[{"path":"audios\/wordfile-65e501d19a714.wav","mime":"audio\/x-wav","copyright":{"license":"U"}}]},{"text":" \u091b?\u201d ","startDuration":"2.3998","endDuration":"2.7211","wordfile":[{"path":"audios\/wordfile-65e501ef02f1b.wav","mime":"audio\/x-wav","copyright":{"license":"U"}}]},{"text":" \u092c\u093f\u092f\u093e ","startDuration":"2.7221","endDuration":"3.2456","wordfile":[{"path":"audios\/wordfile-65e5020668802.wav","mime":"audio\/x-wav","copyright":{"license":"U"}}]},{"text":" \u0938\u094b\u0927\u094d\u091b\u093f\u0928\u094d, ","startDuration":"3.2466","endDuration":"3.9924","wordfile":[{"path":"audios\/wordfile-65e5021a0c532.wav","mime":"audio\/x-wav","copyright":{"license":"U"}}]},{"text":" \u201c\u00a0\u0906\u091c ","startDuration":"3.9934","endDuration":"4.6786","wordfile":[{"path":"audios\/wordfile-65e502328b5b5.wav","mime":"audio\/x-wav","copyright":{"license":"U"}}]},{"text":" \u091a\u093f\u0924\u094d\u0930 ","startDuration":"4.6796","endDuration":"5.3648","wordfile":[{"path":"audios\/wordfile-65e5024d008b8.wav","mime":"audio\/x-wav","copyright":{"license":"U"}}]},{"text":" \u092c\u0928\u093e\u0909\u0928\u0947 ","startDuration":"5.3658","endDuration":"6.2329","wordfile":[{"path":"audios\/wordfile-65e50262cc487.wav","mime":"audio\/x-wav","copyright":{"license":"U"}}]},{"text":" \u0926\u093f\u0928 ","startDuration":"6.2339","endDuration":"6.7371","wordfile":[{"path":"audios\/wordfile-65e5027850434.wav","mime":"audio\/x-wav","copyright":{"license":"U"}}]},{"text":" \u0939\u094b,\u00a0\u201d ","startDuration":"6.7381","endDuration":"7.1200","wordfile":[{"path":"audios\/wordfile-65e502920c509.wav","mime":"audio\/x-wav","copyright":{"license":"U"}}]},{"text":" \u0909\u0928\u0915\u0940 ","startDuration":"7.1210","endDuration":"7.8466","wordfile":[{"path":"audios\/wordfile-65e502a97936e.wav","mime":"audio\/x-wav","copyright":{"license":"U"}}]},{"text":" \u092c\u0939\u093f\u0928\u0940 ","startDuration":"7.8476","endDuration":"8.5328","wordfile":[{"path":"audios\/wordfile-65e502be3a513.wav","mime":"audio\/x-wav","copyright":{"license":"U"}}]},{"text":" \u092d\u0928\u094d\u091b\u093f\u0928\u094d\u0964 ","startDuration":"8.5338","endDuration":"9.2796","wordfile":[{"path":"audios\/wordfile-65e502d439759.wav","mime":"audio\/x-wav","copyright":{"license":"U"}}]},{"text":" \u092c\u0939\u093f\u0928\u0940\u0932\u093e\u0908 ","startDuration":"9.2806","endDuration":"10.2892","wordfile":[{"path":"audios\/wordfile-65e502e9a870a.wav","mime":"audio\/x-wav","copyright":{"license":"U"}}]},{"text":" \u0915\u093f\u0928 ","startDuration":"10.2902","endDuration":"10.8945","wordfile":[{"path":"audios\/wordfile-65e50302b93be.wav","mime":"audio\/x-wav","copyright":{"license":"U"}}]},{"text":" \u0938\u092e\u094d\u091d\u0928\u093e ","startDuration":"10.8955","endDuration":"11.7828","wordfile":[{"path":"audios\/wordfile-65e503210c53f.wav","mime":"audio\/x-wav","copyright":{"license":"U"}}]},{"text":" \u0906\u0909\u0901\u0926\u0948\u0928 ","startDuration":"11.7838","endDuration":"12.5296","wordfile":[{"path":"audios\/wordfile-65e5033f30aca.wav","mime":"audio\/x-wav","copyright":{"license":"U"}}]},{"text":" \u092d\u0928\u0947\u0930 ","startDuration":"12.5306","endDuration":"13.1956","wordfile":[{"path":"audios\/wordfile-65e503557adc7.wav","mime":"audio\/x-wav","copyright":{"license":"U"}}]},{"text":" \u092c\u093f\u0906 ","startDuration":"13.1966","endDuration":"13.6796","wordfile":[{"path":"audios\/wordfile-65e5036a77019.wav","mime":"audio\/x-wav","copyright":{"license":"U"}}]},{"text":" \u091b\u0915\u094d\u0915 ","startDuration":"13.6806","endDuration":"14.3051","wordfile":[{"path":"audios\/wordfile-65e5037d5fac2.wav","mime":"audio\/x-wav","copyright":{"license":"U"}}]},{"text":" \u092a\u0930\u094d\u091b\u093f\u0928\u094d\u0964 ","startDuration":"14.3061","endDuration":"15.0000","wordfile":[{"path":"audios\/wordfile-65e5039032b38.wav","mime":"audio\/x-wav","copyright":{"license":"U"}}]}],"files":[{"path":"audios\/files-65e5013897e93.wav","mime":"audio\/x-wav","copyright":{"license":"U"}}]},"subContentId":"64f248ef-b31b-4a8c-83b5-c59a71a86fa6","metadata":{"contentType":"Curious Reader Audio","license":"U","title":"Untitled Curious Reader Audio"}},"backgroundOpacity":0,"willDoAnimation":false,"animationType":"glow","displayAsButton":false,"buttonSize":"big","goToSlideType":"specified","invisible":false},{"x":28.061224489795915,"y":5.0338539042821155,"width":18.75,"height":40.050377833753146,"action":{"library":"H5P.Image 1.1","params":{"contentName":"Image"},"subContentId":"69d927da-c00d-4889-a123-f1e681f7c743","metadata":{"contentType":"Image","license":"U","title":"Untitled Image"}},"backgroundOpacity":0,"willDoAnimation":true,"animationType":"glow","displayAsButton":false,"buttonSize":"big","goToSlideType":"specified","invisible":false,"id":"img64f248ef-b31b-4a8c-83b5-c59a71a86fa6_6"},{"x":45.91836734693878,"y":2.5129874055415615,"width":18.75,"height":59.697732997481104,"action":{"library":"H5P.Image 1.1","params":{"contentName":"Image"},"subContentId":"79dc0ff1-5ae0-42d8-a511-f68f7085a401","metadata":{"contentType":"Image","license":"U","title":"Untitled Image"}},"backgroundOpacity":0,"willDoAnimation":true,"animationType":"glow","displayAsButton":false,"buttonSize":"big","goToSlideType":"specified","invisible":false,"id":"img64f248ef-b31b-4a8c-83b5-c59a71a86fa6_0"},{"x":39.54081632653062,"y":37.7735516372796,"width":20.025510204081634,"height":26.952141057934508,"action":{"library":"H5P.Image 1.1","params":{"contentName":"Image"},"subContentId":"f4c20561-908e-45e3-bd3d-99cffb5f3157","metadata":{"contentType":"Image","license":"U","title":"Untitled Image"}},"backgroundOpacity":0,"willDoAnimation":true,"animationType":"glow","displayAsButton":false,"buttonSize":"big","goToSlideType":"specified","invisible":false,"id":"img64f248ef-b31b-4a8c-83b5-c59a71a86fa6_9"},{"x":40.816326530612244,"y":37.7735516372796,"width":18.75,"height":26.700251889168765,"action":{"library":"H5P.Image 1.1","params":{"contentName":"Image"},"subContentId":"b6d1c4f3-dfff-4692-a2e8-28288a74be25","metadata":{"contentType":"Image","license":"U","title":"Untitled Image"}},"backgroundOpacity":0,"willDoAnimation":true,"animationType":"glow","displayAsButton":false,"buttonSize":"big","goToSlideType":"specified","invisible":false,"id":"img64f248ef-b31b-4a8c-83b5-c59a71a86fa6_10"}],"slideBackgroundSelector":{}},{"elements":[{"x":28.322440087145967,"y":0,"width":39.97821350762527,"height":73.11827956989247,"action":{"library":"H5P.Image 1.1","params":{"contentName":"Image","file":{"path":"images\/file-65832daf4b9a6.jpg","mime":"image\/jpeg","copyright":{"license":"U"},"width":1000,"height":1000}},"subContentId":"77b53485-fb8f-4479-9b9b-07f9db40851e","metadata":{"contentType":"Image","license":"U","title":"Untitled Image"}},"backgroundOpacity":0,"willDoAnimation":false,"animationType":"glow","displayAsButton":false,"buttonSize":"big","goToSlideType":"specified","invisible":false},{"x":8.928571428571429,"y":75.56675062972292,"width":86.09693877551021,"height":24.43324937027708,"action":{"library":"H5P.CRAdvancedText 1.1","params":{"text":"<p dir=\"ltr\" style=\"text-align: center;\"><span style=\"color:#ffffff;\"><span style=\"font-size:1.75em;\">&amp;ldquo;&nbsp;\u0938\u093e\u0928\u094b\u092d\u093e\u0907, \u0906\u091c \u0915\u0941\u0928 \u0926\u093f\u0928 \u0939\u094b?&nbsp;&amp;rdquo; \u092c\u093f\u092f\u093e \u0938\u094b\u0927\u094d\u091b\u093f\u0928\u094d &amp;ldquo;&nbsp;\u092c\u0932! \u092c\u0932!&nbsp;&amp;rdquo;&nbsp; \u0909\u0938\u0915\u094b \u092d\u093e\u0907\u0932\u0947 \u092d\u0928\u094d\u091b\u0964<\/span><\/span><\/p>\n"},"subContentId":"3f6ad871-cba9-4cde-98ab-07926142842c","metadata":{"contentType":"Text","license":"U","title":"Untitled Text"}},"alwaysDisplayComments":false,"backgroundOpacity":0,"willDoAnimation":false,"animationType":"glow","displayAsButton":false,"buttonSize":"big","goToSlideType":"specified","invisible":false,"solution":""},{"x":47.00255102040816,"y":43.95465994962216,"width":40,"height":40,"action":{"library":"H5P.CRAudio 1.4","params":{"fitToWrapper":true,"currIndex":6,"playerMode":"minimalistic","controls":true,"autoplay":true,"playAudio":"Play audio","pauseAudio":"Pause audio","contentName":"Audio","glowColor":"#ffd85a","files":[{"path":"audios\/files-65e503c648ede.wav","mime":"audio\/x-wav","copyright":{"license":"U"}}],"timeStampForEachText":[{"text":" \u201c\u00a0\u0938\u093e\u0928\u094b\u092d\u093e\u0907, ","startDuration":"0.0000","endDuration":"0.9240","wordfile":[{"path":"audios\/wordfile-65e5059b3d321.wav","mime":"audio\/x-wav","copyright":{"license":"U"}}]},{"text":" \u0906\u091c ","startDuration":"0.9240","endDuration":"1.4384","wordfile":[{"path":"audios\/wordfile-66070f54128a0.wav","mime":"audio\/x-wav","copyright":{"license":"U"}}]},{"text":" \u0915\u0941\u0928 ","startDuration":"1.4394","endDuration":"1.7442","wordfile":[{"path":"audios\/wordfile-65e505cf15051.wav","mime":"audio\/x-wav","copyright":{"license":"U"}}]},{"text":" \u0926\u093f\u0928 ","startDuration":"1.7442","endDuration":"2.0405","wordfile":[{"path":"audios\/wordfile-65e505f603922.wav","mime":"audio\/x-wav","copyright":{"license":"U"}}]},{"text":" \u0939\u094b?\u00a0\u201d ","startDuration":"2.0415","endDuration":"2.4892","wordfile":[{"path":"audios\/wordfile-66070ea82bb5c.wav","mime":"audio\/x-wav","copyright":{"license":"U"}}]},{"text":" \u092c\u093f\u092f\u093e ","startDuration":"2.4902","endDuration":"2.9093","wordfile":[{"path":"audios\/wordfile-65e5062cae539.wav","mime":"audio\/x-wav","copyright":{"license":"U"}}]},{"text":" \u0938\u094b\u0927\u094d\u091b\u093f\u0928\u094d ","startDuration":"2.9103","endDuration":"3.5104","wordfile":[{"path":"audios\/wordfile-65e506478a6dc.wav","mime":"audio\/x-wav","copyright":{"license":"U"}}]},{"text":" \u201c\u00a0\u092c\u0932! ","startDuration":"3.5114","endDuration":"4.2639","wordfile":[{"path":"audios\/wordfile-65e5065bcb337.wav","mime":"audio\/x-wav","copyright":{"license":"U"}}]},{"text":" \u092c\u0932!\u00a0\u201d\u00a0 ","startDuration":"4.2649","endDuration":"4.9507","wordfile":[{"path":"audios\/wordfile-65e5066b27a76.wav","mime":"audio\/x-wav","copyright":{"license":"U"}}]},{"text":" \u0909\u0938\u0915\u094b ","startDuration":"4.9517","endDuration":"5.5899","wordfile":[{"path":"audios\/wordfile-66070f78921c9.wav","mime":"audio\/x-wav","copyright":{"license":"U"}}]},{"text":" \u092d\u093e\u0907\u0932\u0947 ","startDuration":"5.5909","endDuration":"6.3244","wordfile":[{"path":"audios\/wordfile-65e5068e9cea6.wav","mime":"audio\/x-wav","copyright":{"license":"U"}}]},{"text":" \u092d\u0928\u094d\u091b\u0964 ","startDuration":"6.3254","endDuration":"7.0683","wordfile":[{"path":"audios\/wordfile-65e506a148fe6.wav","mime":"audio\/x-wav","copyright":{"license":"U"}}]}]},"subContentId":"29c33cf1-db71-4a1c-9033-b1a9cbcdaefc","metadata":{"contentType":"Curious Reader Audio","license":"U","title":"Untitled Curious Reader Audio"}},"backgroundOpacity":0,"willDoAnimation":false,"animationType":"glow","displayAsButton":false,"buttonSize":"big","goToSlideType":"specified","invisible":false},{"x":29.336734693877553,"y":32.72594458438287,"width":20.025510204081634,"height":40.050377833753146,"action":{"library":"H5P.Image 1.1","params":{"contentName":"Image"},"subContentId":"434b3aee-414c-4c48-80f0-71bc9522c174","metadata":{"contentType":"Image","license":"U","title":"Untitled Image"}},"backgroundOpacity":0,"willDoAnimation":true,"animationType":"glow","displayAsButton":false,"buttonSize":"big","goToSlideType":"specified","invisible":false,"id":"img29c33cf1-db71-4a1c-9033-b1a9cbcdaefc_0"},{"x":40.816326530612244,"y":2.5129874055415615,"width":27.67857142857143,"height":72.29219143576826,"action":{"library":"H5P.Image 1.1","params":{"contentName":"Image"},"subContentId":"66731437-179c-4fc2-9b9c-a00eea8b7670","metadata":{"contentType":"Image","license":"U","title":"Untitled Image"}},"backgroundOpacity":0,"willDoAnimation":true,"animationType":"glow","displayAsButton":false,"buttonSize":"big","goToSlideType":"specified","invisible":false,"id":"img29c33cf1-db71-4a1c-9033-b1a9cbcdaefc_5"},{"x":38.26428571428572,"y":45.32821158690176,"width":11.096938775510205,"height":24.68513853904282,"action":{"library":"H5P.Image 1.1","params":{"contentName":"Image"},"subContentId":"00b81d68-9ef2-43f8-8222-854fcd051e4c","metadata":{"contentType":"Image","license":"U","title":"Untitled Image"}},"backgroundOpacity":0,"willDoAnimation":true,"animationType":"glow","displayAsButton":false,"buttonSize":"big","goToSlideType":"specified","invisible":false,"id":"img29c33cf1-db71-4a1c-9033-b1a9cbcdaefc_7"},{"x":36.98979591836735,"y":47.817632241813605,"width":11.096938775510205,"height":22.166246851385388,"action":{"library":"H5P.Image 1.1","params":{"contentName":"Image"},"subContentId":"70556ead-ff26-47d7-a14d-5ed4c9ec3d9f","metadata":{"contentType":"Image","license":"U","title":"Untitled Image"}},"backgroundOpacity":0,"willDoAnimation":true,"animationType":"glow","displayAsButton":false,"buttonSize":"big","goToSlideType":"specified","invisible":false,"id":"img29c33cf1-db71-4a1c-9033-b1a9cbcdaefc_8"}],"slideBackgroundSelector":{}},{"elements":[{"x":26.785714285714285,"y":0,"width":39.97821350762527,"height":68.81720430107526,"action":{"library":"H5P.Image 1.1","params":{"contentName":"Image","file":{"path":"images\/file-65832df23c7df.jpg","mime":"image\/jpeg","copyright":{"license":"U"},"width":1000,"height":1000}},"subContentId":"9efe1161-d9dc-4013-9534-4e97a7ed87a0","metadata":{"contentType":"Image","license":"U","title":"Untitled Image"}},"backgroundOpacity":0,"willDoAnimation":false,"animationType":"glow","displayAsButton":false,"buttonSize":"big","goToSlideType":"specified","invisible":false},{"x":7.653061224489796,"y":75.16523929471033,"width":85.0765306122449,"height":20.151133501259444,"action":{"library":"H5P.CRAdvancedText 1.1","params":{"text":"<p dir=\"ltr\" style=\"text-align: center;\"><span style=\"font-size:2.25em;\"><span style=\"color:#ffffff;\">\u0938\u093e\u092f\u0926 \u092c\u0940\u092f\u093e\u0915\u093e \u0938\u093e\u0925\u0940\u0939\u0930\u0942\u0932\u0947 \u0938\u092e\u094d\u091d\u093f\u0928\u0947 \u091b\u0928\u094d!<\/span><\/span><\/p>\n"},"subContentId":"55640de6-21a3-43aa-bbf7-06e03a641041","metadata":{"contentType":"Text","license":"U","title":"Untitled Text"}},"alwaysDisplayComments":false,"backgroundOpacity":0,"willDoAnimation":false,"animationType":"glow","displayAsButton":false,"buttonSize":"big","goToSlideType":"specified","invisible":false,"solution":""},{"x":47.00255102040816,"y":43.95465994962216,"width":40,"height":40,"action":{"library":"H5P.CRAudio 1.4","params":{"fitToWrapper":true,"currIndex":7,"playerMode":"minimalistic","controls":true,"autoplay":true,"playAudio":"Play audio","pauseAudio":"Pause audio","contentName":"Audio","glowColor":"#ffd85a","timeStampForEachText":[{"text":" \u0938\u093e\u092f\u0926 ","startDuration":"0.0000","endDuration":"0.5867","wordfile":[{"path":"audios\/wordfile-65e506cfc9675.wav","mime":"audio\/x-wav","copyright":{"license":"U"}}]},{"text":" \u092c\u0940\u092f\u093e\u0915\u093e ","startDuration":"0.5877","endDuration":"1.4195","wordfile":[{"path":"audios\/wordfile-65e506e12d754.wav","mime":"audio\/x-wav","copyright":{"license":"U"}}]},{"text":" \u0938\u093e\u0925\u0940\u0939\u0930\u0942\u0932\u0947 ","startDuration":"1.4205","endDuration":"2.5301","wordfile":[{"path":"audios\/wordfile-65e506f791681.wav","mime":"audio\/x-wav","copyright":{"license":"U"}}]},{"text":" \u0938\u092e\u094d\u091d\u093f\u0928\u0947 ","startDuration":"2.5311","endDuration":"3.4065","wordfile":[{"path":"audios\/wordfile-65e5070a4dd2e.wav","mime":"audio\/x-wav","copyright":{"license":"U"}}]},{"text":" \u091b\u0928\u094d! ","startDuration":"3.4075","endDuration":"4.0414","wordfile":[{"path":"audios\/wordfile-65e5071daa9d7.wav","mime":"audio\/x-wav","copyright":{"license":"U"}}]}],"files":[{"path":"audios\/files-65e506c1d0107.wav","mime":"audio\/x-wav","copyright":{"license":"U"}}]},"subContentId":"94ff4a08-9a51-40bf-acce-9812270ca2fa","metadata":{"contentType":"Curious Reader Audio","license":"U","title":"Untitled Curious Reader Audio"}},"backgroundOpacity":0,"willDoAnimation":false,"animationType":"glow","displayAsButton":false,"buttonSize":"big","goToSlideType":"specified","invisible":false},{"x":34.43775510204082,"y":17.6204282115869,"width":25.127551020408163,"height":49.622166246851386,"action":{"library":"H5P.Image 1.1","params":{"contentName":"Image"},"subContentId":"defed3de-a580-4caa-9912-af78777d363a","metadata":{"contentType":"Image","license":"U","title":"Untitled Image"}},"backgroundOpacity":0,"willDoAnimation":true,"animationType":"glow","displayAsButton":false,"buttonSize":"big","goToSlideType":"specified","invisible":false,"id":"img94ff4a08-9a51-40bf-acce-9812270ca2fa_1"},{"x":29.336734693877553,"y":10.071637279596978,"width":11.096938775510205,"height":16.876574307304786,"action":{"library":"H5P.Image 1.1","params":{"contentName":"Image"},"subContentId":"93f9ce34-0aa2-47a2-bf09-3d2659d6e4e5","metadata":{"contentType":"Image","license":"U","title":"Untitled Image"}},"backgroundOpacity":0,"willDoAnimation":true,"animationType":"glow","displayAsButton":false,"buttonSize":"big","goToSlideType":"specified","invisible":false,"id":"img94ff4a08-9a51-40bf-acce-9812270ca2fa_2"},{"x":49.744897959183675,"y":7.552745591939547,"width":12.372448979591837,"height":26.952141057934508,"action":{"library":"H5P.Image 1.1","params":{"contentName":"Image"},"subContentId":"a7e81ce1-6bb3-4144-aded-3be7e34fad2a","metadata":{"contentType":"Image","license":"U","title":"Untitled Image"}},"backgroundOpacity":0,"willDoAnimation":true,"animationType":"glow","displayAsButton":false,"buttonSize":"big","goToSlideType":"specified","invisible":false,"id":"img94ff4a08-9a51-40bf-acce-9812270ca2fa_2"}],"slideBackgroundSelector":{}},{"elements":[{"x":26.785714285714285,"y":2.5188916876574305,"width":39.97821350762527,"height":68.81720430107526,"action":{"library":"H5P.Image 1.1","params":{"contentName":"Image","file":{"path":"images\/file-65832e622eb7a.jpg","mime":"image\/jpeg","copyright":{"license":"U"},"width":1000,"height":1000}},"subContentId":"ec57b43b-aee5-45d7-beed-583e41fda5d6","metadata":{"contentType":"Image","license":"U","title":"Untitled Image"}},"backgroundOpacity":0,"willDoAnimation":false,"animationType":"glow","displayAsButton":false,"buttonSize":"big","goToSlideType":"specified","invisible":false},{"x":5.1020408163265305,"y":73.04785894206549,"width":89.32461873638344,"height":22.79569892473118,"action":{"library":"H5P.CRAdvancedText 1.1","params":{"text":"<p dir=\"ltr\" style=\"text-align: center;\"><span style=\"color:#ffffff;\"><span style=\"font-size:1.75em;\">&amp;ldquo;&nbsp;\u0916\u0930\u093e\u092f\u094b, \u0906\u091c \u0915\u0941\u0928 \u0926\u093f\u0928 \u0939\u094b?&nbsp;&amp;rdquo;&nbsp; \u092c\u093f\u092f\u093e \u0938\u094b\u0927\u094d\u091b\u093f\u0928\u094d, &amp;ldquo;&nbsp;\u0906\u091c \u0938\u093f\u0932\u093e\u0908 \u0917\u0930\u094d\u0928\u0947 \u0926\u093f\u0928 \u0939\u094b,&nbsp;&amp;rdquo;&nbsp; \u0916\u0930\u093e\u092f\u094b\u0932\u0947 \u092d\u0928\u094d\u091b\u0964<\/span><\/span><\/p>\n"},"subContentId":"d4851261-22f1-43e0-b1b9-2adb9168cc3b","metadata":{"contentType":"Text","license":"U","title":"Untitled Text"}},"alwaysDisplayComments":false,"backgroundOpacity":0,"willDoAnimation":false,"animationType":"glow","displayAsButton":false,"buttonSize":"big","goToSlideType":"specified","invisible":false,"solution":""},{"x":47.00255102040816,"y":43.95465994962216,"width":40,"height":40,"action":{"library":"H5P.CRAudio 1.4","params":{"fitToWrapper":true,"currIndex":8,"playerMode":"minimalistic","controls":true,"autoplay":true,"playAudio":"Play audio","pauseAudio":"Pause audio","contentName":"Audio","glowColor":"#ffd85a","timeStampForEachText":[{"text":" \u201c\u00a0\u0916\u0930\u093e\u092f\u094b, ","startDuration":"0.0000","endDuration":"0.8415","wordfile":[{"path":"audios\/wordfile-65e61c85e43d2.wav","mime":"audio\/x-wav","copyright":{"license":"U"}}]},{"text":" \u0906\u091c ","startDuration":"0.8425","endDuration":"1.3861","wordfile":[{"path":"audios\/wordfile-65e61c9933bf3.wav","mime":"audio\/x-wav","copyright":{"license":"U"}}]},{"text":" \u0915\u0941\u0928 ","startDuration":"1.3871","endDuration":"1.8162","wordfile":[{"path":"audios\/wordfile-65e61cab5a534.wav","mime":"audio\/x-wav","copyright":{"license":"U"}}]},{"text":" \u0926\u093f\u0928 ","startDuration":"1.8172","endDuration":"2.2921","wordfile":[{"path":"audios\/wordfile-65e61cd0c3b72.wav","mime":"audio\/x-wav","copyright":{"license":"U"}}]},{"text":" \u0939\u094b?\u00a0\u201d\u00a0 ","startDuration":"2.2931","endDuration":"2.6306","wordfile":[{"path":"audios\/wordfile-65e61cfa87ce8.wav","mime":"audio\/x-wav","copyright":{"license":"U"}}]},{"text":" \u092c\u093f\u092f\u093e ","startDuration":"2.6316","endDuration":"3.3242","wordfile":[{"path":"audios\/wordfile-65e61d12dd014.wav","mime":"audio\/x-wav","copyright":{"license":"U"}}]},{"text":" \u0938\u094b\u0927\u094d\u091b\u093f\u0928\u094d, ","startDuration":"3.3252","endDuration":"4.0178","wordfile":[{"path":"audios\/wordfile-65e61d270409b.wav","mime":"audio\/x-wav","copyright":{"license":"U"}}]},{"text":" \u201c\u00a0\u0906\u091c ","startDuration":"4.0188","endDuration":"4.5166","wordfile":[{"path":"audios\/wordfile-65e61d3dc1167.wav","mime":"audio\/x-wav","copyright":{"license":"U"}}]},{"text":" \u0938\u093f\u0932\u093e\u0908 ","startDuration":"4.5176","endDuration":"5.2445","wordfile":[{"path":"audios\/wordfile-65e61d519b9cb.wav","mime":"audio\/x-wav","copyright":{"license":"U"}}]},{"text":" \u0917\u0930\u094d\u0928\u0947 ","startDuration":"5.2455","endDuration":"5.8693","wordfile":[{"path":"audios\/wordfile-65e61d64addec.wav","mime":"audio\/x-wav","copyright":{"license":"U"}}]},{"text":" \u0926\u093f\u0928 ","startDuration":"5.8703","endDuration":"6.3796","wordfile":[{"path":"audios\/wordfile-65e61d7743ea9.wav","mime":"audio\/x-wav","copyright":{"license":"U"}}]},{"text":" \u0939\u094b,\u00a0\u201d\u00a0 ","startDuration":"6.3806","endDuration":"6.7753","wordfile":[{"path":"audios\/wordfile-65e61d9796ae7.wav","mime":"audio\/x-wav","copyright":{"license":"U"}}]},{"text":" \u0916\u0930\u093e\u092f\u094b\u0932\u0947 ","startDuration":"6.7763","endDuration":"7.6750","wordfile":[{"path":"audios\/wordfile-65e61dad15dd7.wav","mime":"audio\/x-wav","copyright":{"license":"U"}}]},{"text":" \u092d\u0928\u094d\u091b\u0964 ","startDuration":"7.6760","endDuration":"8.4994","wordfile":[{"path":"audios\/wordfile-65e61dc1b6e8c.wav","mime":"audio\/x-wav","copyright":{"license":"U"}}]}],"files":[{"path":"audios\/files-65e61c66c9335.wav","mime":"audio\/x-wav","copyright":{"license":"U"}}]},"subContentId":"756a4083-5d74-4879-96fd-7b7dcf9ac0fd","metadata":{"contentType":"Curious Reader Audio","license":"U","title":"Untitled Curious Reader Audio"}},"backgroundOpacity":0,"willDoAnimation":false,"animationType":"glow","displayAsButton":false,"buttonSize":"big","goToSlideType":"specified","invisible":false},{"x":29.336734693877553,"y":17.614534005037783,"width":21.301020408163264,"height":52.141057934508815,"action":{"library":"H5P.Image 1.1","params":{"contentName":"Image"},"subContentId":"17d04483-fae0-4cd4-835a-e564ab15d788","metadata":{"contentType":"Image","license":"U","title":"Untitled Image"}},"backgroundOpacity":0,"willDoAnimation":true,"animationType":"glow","displayAsButton":false,"buttonSize":"big","goToSlideType":"specified","invisible":false,"id":"img756a4083-5d74-4879-96fd-7b7dcf9ac0fd_5"},{"x":48.46938775510204,"y":29.95113350125945,"width":17.474489795918366,"height":40.050377833753146,"action":{"library":"H5P.Image 1.1","params":{"contentName":"Image"},"subContentId":"8d7307d6-1a58-4690-b838-39134e190aa2","metadata":{"contentType":"Image","license":"U","title":"Untitled Image"}},"backgroundOpacity":0,"willDoAnimation":true,"animationType":"glow","displayAsButton":false,"buttonSize":"big","goToSlideType":"specified","invisible":false,"id":"img756a4083-5d74-4879-96fd-7b7dcf9ac0fd_0"},{"x":45.91836734693878,"y":52.855415617128465,"width":12.372448979591837,"height":17.12846347607053,"action":{"library":"H5P.Image 1.1","params":{"contentName":"Image"},"subContentId":"1c11c330-106f-468d-8298-8b154e41e22f","metadata":{"contentType":"Image","license":"U","title":"Untitled Image"}},"backgroundOpacity":0,"willDoAnimation":true,"animationType":"glow","displayAsButton":false,"buttonSize":"big","goToSlideType":"specified","invisible":false,"id":"img756a4083-5d74-4879-96fd-7b7dcf9ac0fd_8"}],"slideBackgroundSelector":{}},{"elements":[{"x":27.233115468409586,"y":0,"width":39.97821350762527,"height":70.96774193548387,"action":{"library":"H5P.Image 1.1","params":{"contentName":"Image","file":{"path":"images\/file-65832ed786e36.jpg","mime":"image\/jpeg","copyright":{"license":"U"},"width":1000,"height":1000}},"subContentId":"476d4d2a-b6f0-42fb-bc07-70273973f3c7","metadata":{"contentType":"Image","license":"U","title":"Untitled Image"}},"backgroundOpacity":0,"willDoAnimation":false,"animationType":"glow","displayAsButton":false,"buttonSize":"big","goToSlideType":"specified","invisible":false},{"x":0,"y":67.95692695214105,"width":99.48979591836735,"height":31.989924433249367,"action":{"library":"H5P.CRAdvancedText 1.1","params":{"text":"<p dir=\"ltr\" style=\"text-align: center;\"><span style=\"color:#ffffff;\"><span style=\"font-size:1.75em;\">&amp;ldquo;&nbsp;\u0939\u0930\u093f\u0923, \u0906\u091c \u0915\u0941\u0928 \u0926\u093f\u0928 \u0939\u094b?&nbsp;&amp;rdquo; \u092c\u093f\u092f\u093e \u0938\u094b\u0927\u094d\u091b\u093f\u0928\u094d, &amp;ldquo;&nbsp;\u0906\u091c \u092c\u093e\u0932\u0940 \u0915\u093e\u091f\u094d\u0928\u0947 \u0926\u093f\u0928 \u0939\u094b,&nbsp;&amp;rdquo;&nbsp; \u0939\u0930\u093f\u0923\u0932\u0947 \u091c\u0935\u093e\u092b \u0926\u093f\u0928\u094d\u091b\u0964 \u092c\u093f\u092f\u093e \u0926\u0941\u0916\u0940 \u092e\u0939\u0938\u0941\u0938 \u0917\u0930\u094d\u0928 \u0925\u093e\u0932\u0947\u0915\u0940 \u091b\u093f\u0928\u094d\u0964<\/span><\/span><\/p>\n"},"subContentId":"b6b0b06c-2a51-4d11-9837-3ede0adbf565","metadata":{"contentType":"Text","license":"U","title":"Untitled Text"}},"alwaysDisplayComments":false,"backgroundOpacity":0,"willDoAnimation":false,"animationType":"glow","displayAsButton":false,"buttonSize":"big","goToSlideType":"specified","invisible":false,"solution":""},{"x":93.11224489795919,"y":2.5188916876574305,"width":40,"height":40,"action":{"library":"H5P.CRAudio 1.4","params":{"fitToWrapper":true,"currIndex":9,"playerMode":"minimalistic","controls":true,"autoplay":true,"playAudio":"Play audio","pauseAudio":"Pause audio","contentName":"Audio","glowColor":"#ffd85a","timeStampForEachText":[{"text":" \u201c\u00a0\u0939\u0930\u093f\u0923, ","startDuration":"0.0000","endDuration":"0.7184","wordfile":[{"path":"audios\/wordfile-65e61e5630ed4.wav","mime":"audio\/x-wav","copyright":{"license":"U"}}]},{"text":" \u0906\u091c ","startDuration":"0.7194","endDuration":"1.1300","wordfile":[{"path":"audios\/wordfile-65e61e6c0d7bd.wav","mime":"audio\/x-wav","copyright":{"license":"U"}}]},{"text":" \u0915\u0941\u0928 ","startDuration":"1.1310","endDuration":"1.4606","wordfile":[{"path":"audios\/wordfile-65e61e8033b20.wav","mime":"audio\/x-wav","copyright":{"license":"U"}}]},{"text":" \u0926\u093f\u0928 ","startDuration":"1.4616","endDuration":"1.9208","wordfile":[{"path":"audios\/wordfile-65e61e9e04fc7.wav","mime":"audio\/x-wav","copyright":{"license":"U"}}]},{"text":" \u0939\u094b?\u00a0\u201d ","startDuration":"1.9218","endDuration":"2.2352","wordfile":[{"path":"audios\/wordfile-65e61eb24a736.wav","mime":"audio\/x-wav","copyright":{"license":"U"}}]},{"text":" \u092c\u093f\u092f\u093e ","startDuration":"2.2362","endDuration":"2.7764","wordfile":[{"path":"audios\/wordfile-65e61faba1632.wav","mime":"audio\/x-wav","copyright":{"license":"U"}}]},{"text":" \u0938\u094b\u0927\u094d\u091b\u093f\u0928\u094d, ","startDuration":"2.7774","endDuration":"3.3176","wordfile":[{"path":"audios\/wordfile-65e6203b37f09.wav","mime":"audio\/x-wav","copyright":{"license":"U"}}]},{"text":" \u201c\u00a0\u0906\u091c ","startDuration":"3.3186","endDuration":"4.0046","wordfile":[{"path":"audios\/wordfile-65e6213889ee4.wav","mime":"audio\/x-wav","copyright":{"license":"U"}}]},{"text":" \u092c\u093e\u0932\u0940 ","startDuration":"4.0056","endDuration":"4.6106","wordfile":[{"path":"audios\/wordfile-65e62150ed78f.wav","mime":"audio\/x-wav","copyright":{"license":"U"}}]},{"text":" \u0915\u093e\u091f\u094d\u0928\u0947 ","startDuration":"4.6116","endDuration":"5.2652","wordfile":[{"path":"audios\/wordfile-65e621663bad3.wav","mime":"audio\/x-wav","copyright":{"license":"U"}}]},{"text":" \u0926\u093f\u0928 ","startDuration":"5.2662","endDuration":"5.7416","wordfile":[{"path":"audios\/wordfile-65e6217e9b66c.wav","mime":"audio\/x-wav","copyright":{"license":"U"}}]},{"text":" \u0939\u094b,\u00a0\u201d\u00a0 ","startDuration":"5.7426","endDuration":"6.1208","wordfile":[{"path":"audios\/wordfile-65e6218e55574.wav","mime":"audio\/x-wav","copyright":{"license":"U"}}]},{"text":" \u0939\u0930\u093f\u0923\u0932\u0947 ","startDuration":"6.1218","endDuration":"6.8402","wordfile":[{"path":"audios\/wordfile-65e621a5b17a7.wav","mime":"audio\/x-wav","copyright":{"license":"U"}}]},{"text":" \u091c\u0935\u093e\u092b ","startDuration":"6.8412","endDuration":"7.4300","wordfile":[{"path":"audios\/wordfile-65e621b6e786d.wav","mime":"audio\/x-wav","copyright":{"license":"U"}}]},{"text":" \u0926\u093f\u0928\u094d\u091b\u0964 ","startDuration":"7.4310","endDuration":"8.0036","wordfile":[{"path":"audios\/wordfile-65e621cb2fba7.wav","mime":"audio\/x-wav","copyright":{"license":"U"}}]},{"text":" \u092c\u093f\u092f\u093e ","startDuration":"8.0046","endDuration":"8.6096","wordfile":[{"path":"audios\/wordfile-65e621e35d4e3.wav","mime":"audio\/x-wav","copyright":{"license":"U"}}]},{"text":" \u0926\u0941\u0916\u0940 ","startDuration":"8.6106","endDuration":"9.3452","wordfile":[{"path":"audios\/wordfile-65e6220354150.wav","mime":"audio\/x-wav","copyright":{"license":"U"}}]},{"text":" \u092e\u0939\u0938\u0941\u0938 ","startDuration":"9.3462","endDuration":"10.1132","wordfile":[{"path":"audios\/wordfile-65e6221e1c43f.wav","mime":"audio\/x-wav","copyright":{"license":"U"}}]},{"text":" \u0917\u0930\u094d\u0928 ","startDuration":"10.1142","endDuration":"10.7516","wordfile":[{"path":"audios\/wordfile-65e62230548ad.wav","mime":"audio\/x-wav","copyright":{"license":"U"}}]},{"text":" \u0925\u093e\u0932\u0947\u0915\u0940 ","startDuration":"10.7526","endDuration":"11.5358","wordfile":[{"path":"audios\/wordfile-65e62243ae9bd.wav","mime":"audio\/x-wav","copyright":{"license":"U"}}]},{"text":" \u091b\u093f\u0928\u094d\u0964 ","startDuration":"11.5368","endDuration":"12.0202","wordfile":[{"path":"audios\/wordfile-65e6225725d66.wav","mime":"audio\/x-wav","copyright":{"license":"U"}}]}],"files":[{"path":"audios\/files-65e61e405b490.wav","mime":"audio\/x-wav","copyright":{"license":"U"}}]},"subContentId":"4d5816fb-8605-443f-a3d2-efb572eee5f8","metadata":{"contentType":"Curious Reader Audio","license":"U","title":"Untitled Curious Reader Audio"}},"backgroundOpacity":0,"willDoAnimation":false,"animationType":"glow","displayAsButton":false,"buttonSize":"big","goToSlideType":"specified","invisible":false},{"x":38.26428571428572,"y":10.071637279596978,"width":12.372448979591837,"height":26.952141057934508,"action":{"library":"H5P.Image 1.1","params":{"contentName":"Image"},"subContentId":"a7f2807d-3dd1-4b40-ab84-ada51dc550bb","metadata":{"contentType":"Image","license":"U","title":"Untitled Image"}},"backgroundOpacity":0,"willDoAnimation":true,"animationType":"glow","displayAsButton":false,"buttonSize":"big","goToSlideType":"specified","invisible":false,"id":"img4d5816fb-8605-443f-a3d2-efb572eee5f8_5"},{"x":38.26428571428572,"y":7.55471032745592,"width":12.372448979591837,"height":29.471032745591938,"action":{"library":"H5P.Image 1.1","params":{"contentName":"Image"},"subContentId":"b08f9bd7-1846-48b4-8f21-499b52de02c6","metadata":{"contentType":"Image","license":"U","title":"Untitled Image"}},"backgroundOpacity":0,"willDoAnimation":true,"animationType":"glow","displayAsButton":false,"buttonSize":"big","goToSlideType":"specified","invisible":false,"id":"img4d5816fb-8605-443f-a3d2-efb572eee5f8_15"},{"x":47.19387755102041,"y":10.071637279596978,"width":12.372448979591837,"height":26.952141057934508,"action":{"library":"H5P.Image 1.1","params":{"contentName":"Image"},"subContentId":"4227e6ed-c632-4461-a05a-6b14bb8a170c","metadata":{"contentType":"Image","license":"U","title":"Untitled Image"}},"backgroundOpacity":0,"willDoAnimation":true,"animationType":"glow","displayAsButton":false,"buttonSize":"big","goToSlideType":"specified","invisible":false,"id":"img4d5816fb-8605-443f-a3d2-efb572eee5f8_12"},{"x":28.06122448979592,"y":27.707808564231737,"width":40,"height":40,"action":{"library":"H5P.Image 1.1","params":{"contentName":"Image"},"subContentId":"8aed3ddb-d478-435d-9962-706cea5c4ad7","metadata":{"contentType":"Image","license":"U","title":"Untitled Image"}},"backgroundOpacity":0,"willDoAnimation":true,"animationType":"glow","displayAsButton":false,"buttonSize":"big","goToSlideType":"specified","invisible":false,"id":"img4d5816fb-8605-443f-a3d2-efb572eee5f8_8"},{"x":29.97448979591837,"y":29.974811083123424,"width":40,"height":40,"action":{"library":"H5P.Image 1.1","params":{"contentName":"Image"},"subContentId":"9d79691d-903b-4081-bcdd-d20802696050","metadata":{"contentType":"Image","license":"U","title":"Untitled Image"}},"backgroundOpacity":0,"willDoAnimation":true,"animationType":"glow","displayAsButton":false,"buttonSize":"big","goToSlideType":"specified","invisible":false,"id":"img4d5816fb-8605-443f-a3d2-efb572eee5f8_9"}],"slideBackgroundSelector":{}},{"elements":[{"x":29.336734693877553,"y":2.5188916876574305,"width":39.97821350762527,"height":70.96774193548387,"action":{"library":"H5P.Image 1.1","params":{"contentName":"Image","file":{"path":"images\/file-65832f211fed6.jpg","mime":"image\/jpeg","copyright":{"license":"U"},"width":1000,"height":1000}},"subContentId":"3dd30407-e43b-4105-96b0-3f3a2936bb67","metadata":{"contentType":"Image","license":"U","title":"Untitled Image"}},"backgroundOpacity":0,"willDoAnimation":false,"animationType":"glow","displayAsButton":false,"buttonSize":"big","goToSlideType":"specified","invisible":false},{"x":0,"y":75.50780856423174,"width":100,"height":24.43324937027708,"action":{"library":"H5P.CRAdvancedText 1.1","params":{"text":"<p dir=\"ltr\" style=\"text-align: center;\"><span style=\"color:#ffffff;\"><span style=\"font-size:1.75em;\">\u092c\u093e\u0901\u0926\u0930\u0932\u0947 \u092f\u094b \u092b\u0932\u092b\u0941\u0932 \u091f\u093f\u092a\u094d\u0928\u0947 \u0926\u093f\u0928 \u0939\u094b \u092d\u0928\u094d\u091b\u0964 \u092d\u094d\u092f\u093e\u0917\u0941\u0924\u093e\u0932\u0947 \u092d\u0928\u094d\u091b \u092f\u094b \u0917\u093e\u0909\u0928\u0947 \u0926\u093f\u0928 \u0939\u094b\u0964 \u0939\u093e\u0924\u094d\u0924\u0940\u0932\u0947 \u092d\u0928\u094d\u091b \u092f\u094b \u0915\u093f\u0924\u093e\u092c \u092a\u0922\u094d\u0928\u0947 \u0926\u093f\u0928 \u0939\u094b\u0964<\/span><\/span><\/p>\n"},"subContentId":"0491e5b8-cc18-4f77-8e2f-5c05fe3912fc","metadata":{"contentType":"Text","license":"U","title":"Untitled Text"}},"alwaysDisplayComments":false,"backgroundOpacity":0,"willDoAnimation":false,"animationType":"glow","displayAsButton":false,"buttonSize":"big","goToSlideType":"specified","invisible":false,"solution":""},{"x":47.00255102040816,"y":43.95465994962216,"width":40,"height":40,"action":{"library":"H5P.CRAudio 1.4","params":{"fitToWrapper":true,"currIndex":10,"playerMode":"minimalistic","controls":true,"autoplay":true,"playAudio":"Play audio","pauseAudio":"Pause audio","contentName":"Audio","glowColor":"#ffd85a","timeStampForEachText":[{"text":" \u092c\u093e\u0901\u0926\u0930\u0932\u0947 ","startDuration":"0.0000","endDuration":"0.9491","wordfile":[{"path":"audios\/wordfile-65e622a51c8a0.wav","mime":"audio\/x-wav","copyright":{"license":"U"}}]},{"text":" \u092f\u094b ","startDuration":"0.9501","endDuration":"1.4906","wordfile":[{"path":"audios\/wordfile-6607102464434.wav","mime":"audio\/x-wav","copyright":{"license":"U"}}]},{"text":" \u092b\u0932\u092b\u0941\u0932 ","startDuration":"1.4916","endDuration":"2.2024","wordfile":[{"path":"audios\/wordfile-65e622cf49aa4.wav","mime":"audio\/x-wav","copyright":{"license":"U"}}]},{"text":" \u091f\u093f\u092a\u094d\u0928\u0947 ","startDuration":"2.2034","endDuration":"2.8801","wordfile":[{"path":"audios\/wordfile-65e622de5fe53.wav","mime":"audio\/x-wav","copyright":{"license":"U"}}]},{"text":" \u0926\u093f\u0928 ","startDuration":"2.8811","endDuration":"3.3705","wordfile":[{"path":"audios\/wordfile-65e622f09a679.wav","mime":"audio\/x-wav","copyright":{"license":"U"}}]},{"text":" \u0939\u094b ","startDuration":"3.3715","endDuration":"3.7928","wordfile":[{"path":"audios\/wordfile-65e6230a3ed6e.wav","mime":"audio\/x-wav","copyright":{"license":"U"}}]},{"text":" \u092d\u0928\u094d\u091b\u0964 ","startDuration":"3.7938","endDuration":"4.3343","wordfile":[{"path":"audios\/wordfile-65e623244c76d.wav","mime":"audio\/x-wav","copyright":{"license":"U"}}]},{"text":" \u092d\u094d\u092f\u093e\u0917\u0941\u0924\u093e\u0932\u0947 ","startDuration":"4.3353","endDuration":"5.3355","wordfile":[{"path":"audios\/wordfile-65e6233b3d404.wav","mime":"audio\/x-wav","copyright":{"license":"U"}}]},{"text":" \u092d\u0928\u094d\u091b ","startDuration":"5.3365","endDuration":"6.2516","wordfile":[{"path":"audios\/wordfile-65e623505b397.wav","mime":"audio\/x-wav","copyright":{"license":"U"}}]},{"text":" \u092f\u094b ","startDuration":"6.2526","endDuration":"6.7080","wordfile":[{"path":"audios\/wordfile-6607103b2963d.wav","mime":"audio\/x-wav","copyright":{"license":"U"}}]},{"text":" \u0917\u093e\u0909\u0928\u0947 ","startDuration":"6.7090","endDuration":"7.6070","wordfile":[{"path":"audios\/wordfile-65e62382d06e7.wav","mime":"audio\/x-wav","copyright":{"license":"U"}}]},{"text":" \u0926\u093f\u0928 ","startDuration":"7.6080","endDuration":"8.1315","wordfile":[{"path":"audios\/wordfile-65e6239abc5b6.wav","mime":"audio\/x-wav","copyright":{"license":"U"}}]},{"text":" \u0939\u094b\u0964 ","startDuration":"8.1325","endDuration":"8.5198","wordfile":[{"path":"audios\/wordfile-65e623aa6bfe0.wav","mime":"audio\/x-wav","copyright":{"license":"U"}}]},{"text":" \u0939\u093e\u0924\u094d\u0924\u0940\u0932\u0947 ","startDuration":"8.5208","endDuration":"9.3678","wordfile":[{"path":"audios\/wordfile-65e623c1adf4b.wav","mime":"audio\/x-wav","copyright":{"license":"U"}}]},{"text":" \u092d\u0928\u094d\u091b ","startDuration":"9.3688","endDuration":"10.1477","wordfile":[{"path":"audios\/wordfile-65e623d669452.wav","mime":"audio\/x-wav","copyright":{"license":"U"}}]},{"text":" \u092f\u094b ","startDuration":"10.1487","endDuration":"10.6722","wordfile":[{"path":"audios\/wordfile-65e623eeec66b.wav","mime":"audio\/x-wav","copyright":{"license":"U"}}]},{"text":" \u0915\u093f\u0924\u093e\u092c ","startDuration":"10.6732","endDuration":"11.1797","wordfile":[{"path":"audios\/wordfile-65e62402afb76.wav","mime":"audio\/x-wav","copyright":{"license":"U"}}]},{"text":" \u092a\u0922\u094d\u0928\u0947 ","startDuration":"11.1807","endDuration":"11.8234","wordfile":[{"path":"audios\/wordfile-65e62415d6528.wav","mime":"audio\/x-wav","copyright":{"license":"U"}}]},{"text":" \u0926\u093f\u0928 ","startDuration":"11.8244","endDuration":"12.2457","wordfile":[{"path":"audios\/wordfile-65e62428a0cca.wav","mime":"audio\/x-wav","copyright":{"license":"U"}}]},{"text":" \u0939\u094b\u0964 ","startDuration":"12.2467","endDuration":"12.6327","wordfile":[{"path":"audios\/wordfile-65e6243ba14ac.wav","mime":"audio\/x-wav","copyright":{"license":"U"}}]}],"files":[{"path":"audios\/files-65e622909908c.wav","mime":"audio\/x-wav","copyright":{"license":"U"}}]},"subContentId":"38a92b08-634c-4fa3-822a-364eb16a1a3e","metadata":{"contentType":"Curious Reader Audio","license":"U","title":"Untitled Curious Reader Audio"}},"backgroundOpacity":0,"willDoAnimation":false,"animationType":"glow","displayAsButton":false,"buttonSize":"big","goToSlideType":"specified","invisible":false},{"x":42.09183673469388,"y":7.552745591939547,"width":7.270408163265306,"height":26.952141057934508,"action":{"library":"H5P.Image 1.1","params":{"contentName":"Image"},"subContentId":"a7dd97d9-2a16-4aa2-b629-d2b2fcaeef67","metadata":{"contentType":"Image","license":"U","title":"Untitled Image"}},"backgroundOpacity":0,"willDoAnimation":true,"animationType":"glow","displayAsButton":false,"buttonSize":"big","goToSlideType":"specified","invisible":false,"id":"img38a92b08-634c-4fa3-822a-364eb16a1a3e_0"},{"x":45.91836734693878,"y":12.586599496221663,"width":3.443877551020408,"height":11.838790931989925,"action":{"library":"H5P.Image 1.1","params":{"contentName":"Image"},"subContentId":"5a39abf1-01b6-4999-b7b4-e3bffe86f553","metadata":{"contentType":"Image","license":"U","title":"Untitled Image"}},"backgroundOpacity":0,"willDoAnimation":true,"animationType":"glow","displayAsButton":false,"buttonSize":"big","goToSlideType":"specified","invisible":false,"id":"img38a92b08-634c-4fa3-822a-364eb16a1a3e_2"},{"x":40.816326530612244,"y":12.590528967254407,"width":3.443877551020408,"height":11.838790931989925,"action":{"library":"H5P.Image 1.1","params":{"contentName":"Image"},"subContentId":"a531a525-2ff7-4506-9ee0-f7d214be360d","metadata":{"contentType":"Image","license":"U","title":"Untitled Image"}},"backgroundOpacity":0,"willDoAnimation":true,"animationType":"glow","displayAsButton":false,"buttonSize":"big","goToSlideType":"specified","invisible":false,"id":"img38a92b08-634c-4fa3-822a-364eb16a1a3e_2"},{"x":28.061224489795915,"y":45.32821158690176,"width":11.096938775510205,"height":27.455919395465994,"action":{"library":"H5P.Image 1.1","params":{"contentName":"Image"},"subContentId":"e71809aa-1655-4550-922f-561ebf7ecb93","metadata":{"contentType":"Image","license":"U","title":"Untitled Image"}},"backgroundOpacity":0,"willDoAnimation":true,"animationType":"glow","displayAsButton":false,"buttonSize":"big","goToSlideType":"specified","invisible":false,"id":"img38a92b08-634c-4fa3-822a-364eb16a1a3e_7"},{"x":31.887755102040817,"y":47.84508816120906,"width":8.545918367346939,"height":19.395465994962215,"action":{"library":"H5P.Image 1.1","params":{"contentName":"Image"},"subContentId":"985ab832-2056-42b2-b9c4-835ff10b8e81","metadata":{"contentType":"Image","license":"U","title":"Untitled Image"}},"backgroundOpacity":0,"willDoAnimation":true,"animationType":"glow","displayAsButton":false,"buttonSize":"big","goToSlideType":"specified","invisible":false,"id":"img38a92b08-634c-4fa3-822a-364eb16a1a3e_10"},{"x":49.744897959183675,"y":20.133425692695216,"width":21.301020408163264,"height":40.050377833753146,"action":{"library":"H5P.Image 1.1","params":{"contentName":"Image"},"subContentId":"7e827fcc-9b2c-428a-93bd-50bb8046ea52","metadata":{"contentType":"Image","license":"U","title":"Untitled Image"}},"backgroundOpacity":0,"willDoAnimation":true,"animationType":"glow","displayAsButton":false,"buttonSize":"big","goToSlideType":"specified","invisible":false,"id":"img38a92b08-634c-4fa3-822a-364eb16a1a3e_13"},{"x":51.02040816326531,"y":35.254659949622166,"width":19.005102040816325,"height":24.181360201511335,"action":{"library":"H5P.Image 1.1","params":{"contentName":"Image"},"subContentId":"ba9b17ee-f5a0-4924-aaf9-96337aaac5c2","metadata":{"contentType":"Image","license":"U","title":"Untitled Image"}},"backgroundOpacity":0,"willDoAnimation":true,"animationType":"glow","displayAsButton":false,"buttonSize":"big","goToSlideType":"specified","invisible":false,"id":"img38a92b08-634c-4fa3-822a-364eb16a1a3e_16"},{"x":51.02040816326531,"y":32.735768261964736,"width":19.005102040816325,"height":26.700251889168765,"action":{"library":"H5P.Image 1.1","params":{"contentName":"Image"},"subContentId":"a3b254f3-ba8c-473d-ae26-57490fcf1849","metadata":{"contentType":"Image","license":"U","title":"Untitled Image"}},"backgroundOpacity":0,"willDoAnimation":true,"animationType":"glow","displayAsButton":false,"buttonSize":"big","goToSlideType":"specified","invisible":false,"id":"img38a92b08-634c-4fa3-822a-364eb16a1a3e_17"}],"slideBackgroundSelector":{}},{"elements":[{"x":26.143790849673206,"y":0,"width":39.97821350762527,"height":73.11827956989247,"action":{"library":"H5P.Image 1.1","params":{"contentName":"Image","file":{"path":"images\/file-6583300a91ffe.jpg","mime":"image\/jpeg","copyright":{"license":"U"},"width":1000,"height":1000}},"subContentId":"402f0d7d-7590-41d1-9f11-b5e480e40cfa","metadata":{"contentType":"Image","license":"U","title":"Untitled Image"}},"backgroundOpacity":0,"willDoAnimation":false,"animationType":"glow","displayAsButton":false,"buttonSize":"big","goToSlideType":"specified","invisible":false},{"x":3.826530612244898,"y":70.4896725440806,"width":92.85714285714286,"height":29.471032745591938,"action":{"library":"H5P.CRAdvancedText 1.1","params":{"text":"<p dir=\"ltr\" style=\"text-align: center;\"><span style=\"font-size:2.25em;\"><span style=\"color:#ffffff;\">\u0915\u0938\u0948\u0932\u093e\u0908 \u092f\u093e\u0926 \u091b\u0948\u0928 \u0915\u093f \u0906\u091c \u092c\u0940\u092f\u093e\u0915\u094b \u0935\u093f\u0936\u0947\u0937 \u0926\u093f\u0928 \u0939\u094b!<\/span><\/span><\/p>\n"},"subContentId":"1daaef58-6c10-40e2-956d-25b3ca5ea30c","metadata":{"contentType":"Text","license":"U","title":"Untitled Text"}},"alwaysDisplayComments":false,"backgroundOpacity":0,"willDoAnimation":false,"animationType":"glow","displayAsButton":false,"buttonSize":"big","goToSlideType":"specified","invisible":false,"solution":""},{"x":47.00255102040816,"y":43.95465994962216,"width":40,"height":40,"action":{"library":"H5P.CRAudio 1.4","params":{"fitToWrapper":true,"currIndex":11,"playerMode":"minimalistic","controls":true,"autoplay":true,"playAudio":"Play audio","pauseAudio":"Pause audio","contentName":"Audio","glowColor":"#ffd85a","timeStampForEachText":[{"text":" \u0915\u0938\u0948\u0932\u093e\u0908 ","startDuration":"0.0000","endDuration":"0.6873","wordfile":[{"path":"audios\/wordfile-6605f7189b1b4.wav","mime":"audio\/x-wav","copyright":{"license":"U"}}]},{"text":" \u092f\u093e\u0926 ","startDuration":"0.6883","endDuration":"1.0981","wordfile":[{"path":"audios\/wordfile-6605f73f07c14.wav","mime":"audio\/x-wav","copyright":{"license":"U"}}]},{"text":" \u091b\u0948\u0928 ","startDuration":"1.0991","endDuration":"1.6307","wordfile":[{"path":"audios\/wordfile-6605f75511ac5.wav","mime":"audio\/x-wav","copyright":{"license":"U"}}]},{"text":" \u0915\u093f ","startDuration":"1.6317","endDuration":"2.0956","wordfile":[{"path":"audios\/wordfile-6605f777c10fc.wav","mime":"audio\/x-wav","copyright":{"license":"U"}}]},{"text":" \u0906\u091c ","startDuration":"2.0966","endDuration":"2.6417","wordfile":[{"path":"audios\/wordfile-6605f7a149432.wav","mime":"audio\/x-wav","copyright":{"license":"U"}}]},{"text":" \u092c\u0940\u092f\u093e\u0915\u094b ","startDuration":"2.6427","endDuration":"3.4518","wordfile":[{"path":"audios\/wordfile-6605f7ba06e0c.wav","mime":"audio\/x-wav","copyright":{"license":"U"}}]},{"text":" \u0935\u093f\u0936\u0947\u0937 ","startDuration":"3.4528","endDuration":"4.2280","wordfile":[{"path":"audios\/wordfile-6605f7cdd4752.wav","mime":"audio\/x-wav","copyright":{"license":"U"}}]},{"text":" \u0926\u093f\u0928 ","startDuration":"4.2290","endDuration":"4.6388","wordfile":[{"path":"audios\/wordfile-6605f7e6cbc4e.wav","mime":"audio\/x-wav","copyright":{"license":"U"}}]},{"text":" \u0939\u094b! ","startDuration":"4.6398","endDuration":"5.0215","wordfile":[{"path":"audios\/wordfile-6605f7fb8395b.wav","mime":"audio\/x-wav","copyright":{"license":"U"}}]}],"files":[{"path":"audios\/files-6605f70826544.wav","mime":"audio\/x-wav","copyright":{"license":"U"}}]},"subContentId":"fd92afb2-4ff1-46b9-9a60-7ed2dacea674","metadata":{"contentType":"Curious Reader Audio","license":"U","title":"Untitled Curious Reader Audio"}},"backgroundOpacity":0,"willDoAnimation":false,"animationType":"glow","displayAsButton":false,"buttonSize":"big","goToSlideType":"specified","invisible":false},{"x":28.061224489795915,"y":17.614534005037783,"width":40.05102040816327,"height":54.659949622166245,"action":{"library":"H5P.Image 1.1","params":{"contentName":"Image"},"subContentId":"0153c4ac-ab70-4981-a571-279837d87fd3","metadata":{"contentType":"Image","license":"U","title":"Untitled Image"}},"backgroundOpacity":0,"willDoAnimation":true,"animationType":"glow","displayAsButton":false,"buttonSize":"big","goToSlideType":"specified","invisible":false,"id":"imgfd92afb2-4ff1-46b9-9a60-7ed2dacea674_5"}],"slideBackgroundSelector":{}},{"elements":[{"x":25.05446623093682,"y":0,"width":39.97821350762527,"height":70.96774193548387,"action":{"library":"H5P.Image 1.1","params":{"contentName":"Image","file":{"path":"images\/file-6583305d21bdd.jpg","mime":"image\/jpeg","copyright":{"license":"U"},"width":1000,"height":1000}},"subContentId":"75f6b858-8602-4eb2-8f48-a855e97c3d47","metadata":{"contentType":"Image","license":"U","title":"Untitled Image"}},"backgroundOpacity":0,"willDoAnimation":false,"animationType":"glow","displayAsButton":false,"buttonSize":"big","goToSlideType":"specified","invisible":false},{"x":16.581632653061224,"y":80.49622166246851,"width":63.775510204081634,"height":17.632241813602015,"action":{"library":"H5P.CRAdvancedText 1.1","params":{"text":"<p dir=\"ltr\" style=\"text-align: center;\"><span style=\"color:#ffffff;\"><span style=\"font-size:2.25em;\">\u092c\u093f\u092f\u093e \u0926\u0941\u0916\u0940 \u0930 \u0925\u0915\u093f\u0924 \u091b\u093f\u0928\u094d\u0964<\/span><\/span><\/p>\n"},"subContentId":"009d8876-0bb9-498d-b880-a9a47bcc3382","metadata":{"contentType":"Text","license":"U","title":"Untitled Text"}},"alwaysDisplayComments":false,"backgroundOpacity":0,"willDoAnimation":false,"animationType":"glow","displayAsButton":false,"buttonSize":"big","goToSlideType":"specified","invisible":false,"solution":""},{"x":47.00255102040816,"y":43.95465994962216,"width":40,"height":40,"action":{"library":"H5P.CRAudio 1.4","params":{"fitToWrapper":true,"currIndex":12,"playerMode":"minimalistic","controls":true,"autoplay":true,"playAudio":"Play audio","pauseAudio":"Pause audio","contentName":"Audio","glowColor":"#ffd85a","timeStampForEachText":[{"text":" \u092c\u093f\u092f\u093e ","startDuration":"0.0000","endDuration":"0.5430","wordfile":[{"path":"audios\/wordfile-65e6259ac2654.wav","mime":"audio\/x-wav","copyright":{"license":"U"}}]},{"text":" \u0926\u0941\u0916\u0940 ","startDuration":"0.5440","endDuration":"1.3463","wordfile":[{"path":"audios\/wordfile-66071089f16e5.wav","mime":"audio\/x-wav","copyright":{"license":"U"}}]},{"text":" \u0930 ","startDuration":"1.3473","endDuration":"1.8185","wordfile":[{"path":"audios\/wordfile-65e625c1e038e.wav","mime":"audio\/x-wav","copyright":{"license":"U"}}]},{"text":" \u0925\u0915\u093f\u0924 ","startDuration":"1.8195","endDuration":"2.3745","wordfile":[{"path":"audios\/wordfile-65e625d66d6f6.wav","mime":"audio\/x-wav","copyright":{"license":"U"}}]},{"text":" \u091b\u093f\u0928\u094d\u0964 ","startDuration":"2.3755","endDuration":"2.9594","wordfile":[{"path":"audios\/wordfile-65e625e807d48.wav","mime":"audio\/x-wav","copyright":{"license":"U"}}]}],"files":[{"path":"audios\/files-65e6258c756a3.wav","mime":"audio\/x-wav","copyright":{"license":"U"}}]},"subContentId":"7bc357a3-4818-4db9-a4c7-5ed41f80ceeb","metadata":{"contentType":"Curious Reader Audio","license":"U","title":"Untitled Curious Reader Audio"}},"backgroundOpacity":0,"willDoAnimation":false,"animationType":"glow","displayAsButton":false,"buttonSize":"big","goToSlideType":"specified","invisible":false},{"x":43.36734693877551,"y":22.658211586901764,"width":16.198979591836736,"height":40.050377833753146,"action":{"library":"H5P.Image 1.1","params":{"contentName":"Image"},"subContentId":"6c98096c-95a2-4e4f-ad85-f63367357a11","metadata":{"contentType":"Image","license":"U","title":"Untitled Image"}},"backgroundOpacity":0,"willDoAnimation":true,"animationType":"glow","displayAsButton":false,"buttonSize":"big","goToSlideType":"specified","invisible":false,"id":"img7bc357a3-4818-4db9-a4c7-5ed41f80ceeb_0"}],"slideBackgroundSelector":{}},{"elements":[{"x":27.233115468409586,"y":0,"width":39.97821350762527,"height":70.96774193548387,"action":{"library":"H5P.Image 1.1","params":{"contentName":"Image","file":{"path":"images\/file-658330d744eb4.jpg","mime":"image\/jpeg","copyright":{"license":"U"},"width":1000,"height":1000}},"subContentId":"3c371ee6-c944-46f8-9189-dfb336f4c770","metadata":{"contentType":"Image","license":"U","title":"Untitled Image"}},"backgroundOpacity":0,"willDoAnimation":false,"animationType":"glow","displayAsButton":false,"buttonSize":"big","goToSlideType":"specified","invisible":false},{"x":11.479591836734695,"y":80.60453400503778,"width":86.73469387755102,"height":17.632241813602015,"action":{"library":"H5P.CRAdvancedText 1.1","params":{"text":"<p dir=\"ltr\" style=\"text-align: center;\"><span style=\"color:#ffffff;\"><span style=\"font-size:2.25em;\">\u091c\u0928\u094d\u092e\u0926\u093f\u0928\u0915\u094b \u0936\u0941\u092d\u0915\u093e\u092e\u0928\u093e, \u092c\u093f\u092f\u093e!<\/span><\/span><\/p>\n"},"subContentId":"faba1022-658d-4c43-ab21-1f50b3edc6d0","metadata":{"contentType":"Text","license":"U","title":"Untitled Text"}},"alwaysDisplayComments":false,"backgroundOpacity":0,"willDoAnimation":false,"animationType":"glow","displayAsButton":false,"buttonSize":"big","goToSlideType":"specified","invisible":false,"solution":""},{"x":47.00255102040816,"y":43.95465994962216,"width":40,"height":40,"action":{"library":"H5P.CRAudio 1.4","params":{"fitToWrapper":true,"currIndex":13,"playerMode":"minimalistic","controls":true,"autoplay":true,"playAudio":"Play audio","pauseAudio":"Pause audio","contentName":"Audio","glowColor":"#ffd85a","timeStampForEachText":[{"text":" \u091c\u0928\u094d\u092e\u0926\u093f\u0928\u0915\u094b ","startDuration":"0.0000","endDuration":"1.1352","wordfile":[{"path":"audios\/wordfile-65e62611a86ab.wav","mime":"audio\/x-wav","copyright":{"license":"U"}}]},{"text":" \u0936\u0941\u092d\u0915\u093e\u092e\u0928\u093e, ","startDuration":"1.1362","endDuration":"2.2030","wordfile":[{"path":"audios\/wordfile-65e62627a2ffd.wav","mime":"audio\/x-wav","copyright":{"license":"U"}}]},{"text":" \u092c\u093f\u092f\u093e! ","startDuration":"2.2040","endDuration":"2.8207","wordfile":[{"path":"audios\/wordfile-65e62637dcf54.wav","mime":"audio\/x-wav","copyright":{"license":"U"}}]}],"files":[{"path":"audios\/files-65e62601461fa.wav","mime":"audio\/x-wav","copyright":{"license":"U"}}]},"subContentId":"ea05c9d6-0d0a-4a6e-8dad-58d6802d7601","metadata":{"contentType":"Curious Reader Audio","license":"U","title":"Untitled Curious Reader Audio"}},"backgroundOpacity":0,"willDoAnimation":false,"animationType":"glow","displayAsButton":false,"buttonSize":"big","goToSlideType":"specified","invisible":false},{"x":26.785714285714285,"y":32.72594458438287,"width":20.025510204081634,"height":40.050377833753146,"action":{"library":"H5P.Image 1.1","params":{"contentName":"Image"},"subContentId":"43a5f843-0339-4ba5-bb7e-2fe729f3e2c6","metadata":{"contentType":"Image","license":"U","title":"Untitled Image"}},"backgroundOpacity":0,"willDoAnimation":true,"animationType":"glow","displayAsButton":false,"buttonSize":"big","goToSlideType":"specified","invisible":false,"id":"imgea05c9d6-0d0a-4a6e-8dad-58d6802d7601_2"}],"slideBackgroundSelector":{}},{"elements":[{"x":28.322440087145967,"y":0,"width":39.97821350762527,"height":70.96774193548387,"action":{"library":"H5P.Image 1.1","params":{"contentName":"Image","file":{"path":"images\/file-6583312339a2f.jpg","mime":"image\/jpeg","copyright":{"license":"U"},"width":1000,"height":1000}},"subContentId":"e8213c20-8d86-44e0-9649-a9565c3a0a25","metadata":{"contentType":"Image","license":"U","title":"Untitled Image"}},"backgroundOpacity":0,"willDoAnimation":false,"animationType":"glow","displayAsButton":false,"buttonSize":"big","goToSlideType":"specified","invisible":false},{"x":1.2755102040816326,"y":70.50931989924433,"width":94.13265306122449,"height":29.471032745591938,"action":{"library":"H5P.CRAdvancedText 1.1","params":{"text":"<p dir=\"ltr\" style=\"text-align: center;\"><span style=\"color:#ffffff;\"><span style=\"font-size:2.25em;\">\u0935\u093e\u0938\u094d\u0924\u0935\u092e\u093e, \u0938\u092c\u0948\u0932\u093e\u0908 \u0938\u092e\u094d\u091d\u0928\u093e \u0925\u093f\u092f\u094b! \u092c\u093f\u092f\u093e \u0927\u0947\u0930\u0948 \u0916\u0941\u0938\u0940 \u091b\u093f\u0928\u094d\u0964<\/span><\/span><\/p>\n"},"subContentId":"214b0e73-9985-4b85-a216-562102b8c440","metadata":{"contentType":"Text","license":"U","title":"Untitled Text"}},"alwaysDisplayComments":false,"backgroundOpacity":0,"willDoAnimation":false,"animationType":"glow","displayAsButton":false,"buttonSize":"big","goToSlideType":"specified","invisible":false,"solution":""},{"x":47.00255102040816,"y":43.95465994962216,"width":40,"height":40,"action":{"library":"H5P.CRAudio 1.4","params":{"fitToWrapper":true,"currIndex":14,"playerMode":"minimalistic","controls":true,"autoplay":true,"playAudio":"Play audio","pauseAudio":"Pause audio","contentName":"Audio","glowColor":"#ffd85a","timeStampForEachText":[{"text":" \u0935\u093e\u0938\u094d\u0924\u0935\u092e\u093e, ","startDuration":"0.0000","endDuration":"0.8322","wordfile":[{"path":"audios\/wordfile-65e626631bd3c.wav","mime":"audio\/x-wav","copyright":{"license":"U"}}]},{"text":" \u0938\u092c\u0948\u0932\u093e\u0908 ","startDuration":"0.8332","endDuration":"1.9488","wordfile":[{"path":"audios\/wordfile-65e62677b1085.wav","mime":"audio\/x-wav","copyright":{"license":"U"}}]},{"text":" \u0938\u092e\u094d\u091d\u0928\u093e ","startDuration":"1.9498","endDuration":"2.6366","wordfile":[{"path":"audios\/wordfile-65e6268db84b6.wav","mime":"audio\/x-wav","copyright":{"license":"U"}}]},{"text":" \u0925\u093f\u092f\u094b! ","startDuration":"2.6376","endDuration":"3.0047","wordfile":[{"path":"audios\/wordfile-65e6269f4b91f.wav","mime":"audio\/x-wav","copyright":{"license":"U"}}]},{"text":" \u092c\u093f\u092f\u093e ","startDuration":"3.0057","endDuration":"3.4455","wordfile":[{"path":"audios\/wordfile-65e626bd2cb02.wav","mime":"audio\/x-wav","copyright":{"license":"U"}}]},{"text":" \u0927\u0947\u0930\u0948 ","startDuration":"3.4465","endDuration":"4.1915","wordfile":[{"path":"audios\/wordfile-65e626d0723bd.wav","mime":"audio\/x-wav","copyright":{"license":"U"}}]},{"text":" \u0916\u0941\u0938\u0940 ","startDuration":"4.1925","endDuration":"4.8721","wordfile":[{"path":"audios\/wordfile-65e626e2675da.wav","mime":"audio\/x-wav","copyright":{"license":"U"}}]},{"text":" \u091b\u093f\u0928\u094d\u0964 ","startDuration":"4.8731","endDuration":"5.3916","wordfile":[{"path":"audios\/wordfile-65e626f4bf149.wav","mime":"audio\/x-wav","copyright":{"license":"U"}}]}],"files":[{"path":"audios\/files-65e62651851dc.wav","mime":"audio\/x-wav","copyright":{"license":"U"}}]},"subContentId":"b4f6c438-63cd-4a94-930a-0fa2c731ccd5","metadata":{"contentType":"Curious Reader Audio","license":"U","title":"Untitled Curious Reader Audio"}},"backgroundOpacity":0,"willDoAnimation":false,"animationType":"glow","displayAsButton":false,"buttonSize":"big","goToSlideType":"specified","invisible":false},{"x":36.98979591836735,"y":32.735768261964736,"width":13.64795918367347,"height":37.531486146095716,"action":{"library":"H5P.Image 1.1","params":{"contentName":"Image"},"subContentId":"44cd0250-a8dc-4868-98a8-8037061eb4ed","metadata":{"contentType":"Image","license":"U","title":"Untitled Image"}},"backgroundOpacity":0,"willDoAnimation":true,"animationType":"glow","displayAsButton":false,"buttonSize":"big","goToSlideType":"specified","invisible":false,"id":"imgb4f6c438-63cd-4a94-930a-0fa2c731ccd5_4"}],"slideBackgroundSelector":{}},{"elements":[{"x":5.446623093681917,"y":6.4415268817204305,"width":20.697167755991288,"height":20.64516129032258,"action":{"library":"H5P.Image 1.1","params":{"contentName":"Image","file":{"path":"images\/file-658332336bb23.png","mime":"image\/png","copyright":{"license":"U"},"width":1350,"height":487}},"subContentId":"431141b1-db9b-49f9-a897-89d4b98a1071","metadata":{"contentType":"Image","license":"U","title":"Untitled Image"}},"backgroundOpacity":0,"willDoAnimation":false,"animationType":"glow","displayAsButton":false,"buttonSize":"big","goToSlideType":"specified","invisible":false},{"x":33.769063180827885,"y":6.451612903225806,"width":18.51851851851852,"height":18.494623655913976,"action":{"library":"H5P.Image 1.1","params":{"contentName":"Image","file":{"path":"images\/file-6583323f17c54.png","mime":"image\/png","copyright":{"license":"U"},"width":814,"height":202}},"subContentId":"a78035f2-2b12-4577-b16a-50dfa0fdcbc4","metadata":{"contentType":"Image","license":"U","title":"Untitled Image"}},"backgroundOpacity":0,"willDoAnimation":false,"animationType":"glow","displayAsButton":false,"buttonSize":"big","goToSlideType":"specified","invisible":false},{"x":56.64488017429194,"y":8.602150537634408,"width":39.97821350762527,"height":15.053763440860214,"action":{"library":"H5P.Image 1.1","params":{"contentName":"Image","file":{"path":"images\/file-6583324d18788.jpg","mime":"image\/jpeg","copyright":{"license":"U"},"width":1732,"height":354}},"subContentId":"6de1a2b7-3b69-4c65-961d-e116d7efa254","metadata":{"contentType":"Image","license":"U","title":"Untitled Image"}},"backgroundOpacity":0,"willDoAnimation":false,"animationType":"glow","displayAsButton":false,"buttonSize":"big","goToSlideType":"specified","invisible":false},{"x":5.1020408163265305,"y":30.226700251889167,"width":92.15686274509804,"height":66.66666666666666,"action":{"library":"H5P.CRAdvancedText 1.1","params":{"text":"<h3 style=\"text-align: center;\"><span style=\"font-size:0.875em;\">\u201c<\/span>\u092f\u094b \u0915\u0941\u0928 \u0926\u093f\u0928 \u0939\u094b?<span style=\"font-size:0.875em;\">\u201d credits<\/span><\/h3>\n\n<h3 style=\"text-align: center;\"><span style=\"font-size:0.875em;\">This work, \u201c<\/span>\u092f\u094b \u0915\u0941\u0928 \u0926\u093f\u0928 \u0939\u094b?<span style=\"font-size:0.875em;\">\u201d is a derivative of Hari Apakah Ini? (What Day Is It?), Author: Vannia Rizky Santoso. Illustrator: Vannia Rizky Santoso. Published by The Asia Foundation - Let's <a href=\"http:\/\/www.letsreadasia.org\/\">Read, https:\/\/www.letsreadasia.org <\/a>\u00a9 The Asia Foundation - Let's Read. Released under CC BY-NC 4.0.<\/span><\/h3>\n\n<h3 style=\"text-align: center;\"><span style=\"font-size:0.875em;\">\u201c<\/span>\u092f\u094b \u0915\u0941\u0928 \u0926\u093f\u0928 \u0939\u094b?<span style=\"font-size:0.875em;\">\u201d is licensed under CC BY 4.0 by Curious Learning.<\/span><\/h3>\n\n<h3 style=\"text-align: center;\"><span style=\"font-size:0.875em;\">Book builder - Abraham Jerry Kakooza<\/span><\/h3>\n"},"subContentId":"d72bca25-ea0d-42cd-8a46-96fdd6d1d8bc","metadata":{"contentType":"Text","license":"U","title":"Untitled Text"}},"alwaysDisplayComments":false,"backgroundOpacity":0,"willDoAnimation":false,"animationType":"glow","displayAsButton":false,"buttonSize":"big","goToSlideType":"specified","invisible":false,"solution":""}],"slideBackgroundSelector":{}}],"keywordListEnabled":true,"globalBackgroundSelector":{},"keywordListAlwaysShow":false,"keywordListAutoHide":false,"keywordListOpacity":90},"override":{"activeSurface":false,"hideSummarySlide":false,"summarySlideSolutionButton":true,"summarySlideRetryButton":true,"enablePrintButton":false,"social":{"showFacebookShare":false,"facebookShare":{"url":"@currentpageurl","quote":"I scored @score out of @maxScore on a task at @currentpageurl."},"showTwitterShare":false,"twitterShare":{"statement":"I scored @score out of @maxScore on a task at @currentpageurl.","url":"@currentpageurl","hashtags":"h5p, course"},"showGoogleShare":false,"googleShareUrl":"@currentpageurl"}},"l10n":{"slide":"Slide","score":"Score","yourScore":"Your Score","maxScore":"Max Score","total":"Total","totalScore":"Total Score","showSolutions":"Show solutions","retry":"Retry","exportAnswers":"Export text","hideKeywords":"Hide sidebar navigation menu","showKeywords":"Show sidebar navigation menu","fullscreen":"Fullscreen","exitFullscreen":"Exit fullscreen","prevSlide":"Previous slide","nextSlide":"Next slide","currentSlide":"Current slide","lastSlide":"Last slide","solutionModeTitle":"Exit solution mode","solutionModeText":"Solution Mode","summaryMultipleTaskText":"Multiple tasks","scoreMessage":"You achieved:","shareFacebook":"Share on Facebook","shareTwitter":"Share on Twitter","shareGoogle":"Share on Google+","summary":"Summary","solutionsButtonTitle":"Show comments","printTitle":"Print","printIngress":"How would you like to print this presentation?","printAllSlides":"Print all slides","printCurrentSlide":"Print current slide","noTitle":"No title","accessibilitySlideNavigationExplanation":"Use left and right arrow to change slide in that direction whenever canvas is selected.","accessibilityCanvasLabel":"Presentation canvas. Use left and right arrow to move between slides.","containsNotCompleted":"@slideName contains not completed interaction","containsCompleted":"@slideName contains completed interaction","slideCount":"Slide @index of @total","containsOnlyCorrect":"@slideName only has correct answers","containsIncorrectAnswers":"@slideName has incorrect answers","shareResult":"Share Result","accessibilityTotalScore":"You got @score of @maxScore points in total","accessibilityEnteredFullscreen":"Entered fullscreen","accessibilityExitedFullscreen":"Exited fullscreen"}}