{"presentation":{"slides":[{"elements":[{"x":7.7112893275756,"y":11.477761836442,"width":83.149830612873,"height":76.707317073171,"action":{"library":"H5P.Image 1.1","params":{"contentName":"Image","file":{"path":"images\/file-61b119d8b91b9.jpg","mime":"image\/jpeg","copyright":{"license":"U"},"width":1024,"height":490}},"subContentId":"281f58bc-00aa-42e9-a8f9-34a91108654b","metadata":{"contentType":"Image","license":"U","title":"Untitled Image"}},"backgroundOpacity":0,"willDoAnimation":false,"animationType":"glow","displayAsButton":false,"buttonSize":"big","goToSlideType":"specified","invisible":false},{"x":42.483660130719,"y":43.035370771237,"width":39.998692810458,"height":14.050381508562,"action":{"library":"H5P.CRAdvancedText 1.1","params":{"text":"<p style=\"text-align: center;\"><span style=\"font-size:3em;\">\u0413\u0440\u0430 \u0432 \u0445\u043e\u0432\u0430\u043d\u043a\u0438<\/span><\/p>\n"},"subContentId":"65b91755-f4db-4513-b663-95d5754e06f9","metadata":{"contentType":"Text","license":"U","title":"Untitled Text"}},"alwaysDisplayComments":false,"backgroundOpacity":0,"willDoAnimation":false,"animationType":"glow","displayAsButton":false,"buttonSize":"big","goToSlideType":"specified","invisible":false,"solution":""}],"slideBackgroundSelector":{}},{"elements":[{"x":15.046296296296296,"y":82.87671232876713,"width":69.9074074074074,"height":15.753424657534246,"action":{"library":"H5P.CRAdvancedText 1.1","params":{"text":"<p style=\"text-align: center;\"><span style=\"font-size:1.75em;\">\u0414\u043e\u0434\u043e \u0448\u0443\u043a\u0430\u0454 \u043c\u0430\u043c\u0443.<\/span><\/p>\n"},"subContentId":"7b276671-c320-47d6-9158-4d4fb745d80e","metadata":{"contentType":"Text","license":"U","title":"Untitled Text"}},"alwaysDisplayComments":false,"backgroundOpacity":0,"willDoAnimation":false,"animationType":"glow","displayAsButton":false,"buttonSize":"big","goToSlideType":"specified","invisible":false,"solution":""},{"x":24.676125848242,"y":9.1393754760091,"width":50.383122882661,"height":72.604722010663,"action":{"library":"H5P.Image 1.1","params":{"contentName":"Image","file":{"path":"images\/file-61c0f25319ee4.jpeg","mime":"image\/jpeg","copyright":{"license":"U"},"width":1472,"height":1024}},"subContentId":"f59573a4-4b0d-4f7b-a581-0af3c3101eb2","metadata":{"contentType":"Image","license":"U","title":"Untitled Image"}},"backgroundOpacity":0,"willDoAnimation":false,"animationType":"glow","displayAsButton":false,"buttonSize":"big","goToSlideType":"specified","invisible":false},{"x":47.00435729847495,"y":43.97849462365591,"width":40,"height":40,"action":{"library":"H5P.CRAudio 1.4","params":{"fitToWrapper":true,"currIndex":1,"playerMode":"minimalistic","controls":true,"autoplay":true,"playAudio":"Play audio","pauseAudio":"Pause audio","contentName":"Audio","glowColor":"#ffd85a","timeStampForEachText":[{"text":" \u0414\u043e\u0434\u043e ","startDuration":"0.0000","endDuration":"0.6382","wordfile":[{"path":"audios\/wordfile-64c80fb18a38f.wav","mime":"audio\/x-wav","copyright":{"license":"U"}}]},{"text":" \u0448\u0443\u043a\u0430\u0454 ","startDuration":"0.6392","endDuration":"1.2704","wordfile":[{"path":"audios\/wordfile-64c80fe2d683b.wav","mime":"audio\/x-wav","copyright":{"license":"U"}}]},{"text":" \u043c\u0430\u043c\u0443. ","startDuration":"1.2714","endDuration":"2.0640","wordfile":[{"path":"audios\/wordfile-64c80ffcaa95a.wav","mime":"audio\/x-wav","copyright":{"license":"U"}}]}],"files":[{"path":"audios\/files-64c80f92df7a4.wav","mime":"audio\/x-wav","copyright":{"license":"U"}}]},"subContentId":"cb6c976e-63c5-42dd-a80b-d9cddec96cf9","metadata":{"contentType":"Curious Reader Audio","license":"U","title":"Untitled Curious Reader Audio"}},"backgroundOpacity":0,"willDoAnimation":false,"animationType":"glow","displayAsButton":false,"buttonSize":"big","goToSlideType":"specified","invisible":false},{"x":30.010893246187365,"y":23.639139784946238,"width":18.954248366013072,"height":60.86021505376343,"action":{"library":"H5P.Image 1.1","params":{"contentName":"Image"},"subContentId":"4dcd2e7b-dfe4-46cc-a399-e340b75cb7f6","metadata":{"contentType":"Image","license":"U","title":"Untitled Image"}},"backgroundOpacity":0,"willDoAnimation":true,"animationType":"glow","displayAsButton":false,"buttonSize":"big","goToSlideType":"specified","invisible":false,"id":"imgcb6c976e-63c5-42dd-a80b-d9cddec96cf9_0"},{"x":64.26677559912855,"y":19.341397849462368,"width":5.773420479302833,"height":39.56989247311828,"action":{"library":"H5P.Image 1.1","params":{"contentName":"Image"},"subContentId":"b50132b4-e062-4e1f-a458-ce566239f58e","metadata":{"contentType":"Image","license":"U","title":"Untitled Image"}},"backgroundOpacity":0,"willDoAnimation":true,"animationType":"glow","displayAsButton":false,"buttonSize":"big","goToSlideType":"specified","invisible":false,"id":"imgcb6c976e-63c5-42dd-a80b-d9cddec96cf9_2"}],"slideBackgroundSelector":{}},{"elements":[{"x":10.204081632653061,"y":82.81057934508816,"width":84.31122448979592,"height":14.105793450881611,"action":{"library":"H5P.CRAdvancedText 1.1","params":{"text":"<p style=\"text-align: center;\"><span style=\"font-size:1.75em;\">\u0412\u0456\u043d \u0437\u043d\u0430\u0445\u043e\u0434\u0438\u0442\u044c 10 \u043c\u2019\u044f\u0447\u0438\u043a\u0456\u0432.<\/span><\/p>\n"},"subContentId":"a3931e1f-fa46-4f55-9ea7-0981a00a4f78","metadata":{"contentType":"Text","license":"U","title":"Untitled Text"}},"alwaysDisplayComments":false,"backgroundOpacity":0,"willDoAnimation":false,"animationType":"glow","displayAsButton":false,"buttonSize":"big","goToSlideType":"specified","invisible":false,"solution":""},{"x":23.133867982727,"y":9.1393754760091,"width":52.354019094549,"height":71.793754760091,"action":{"library":"H5P.Image 1.1","params":{"contentName":"Image","file":{"path":"images\/file-61c0f2bf916c1.jpeg","mime":"image\/jpeg","copyright":{"license":"U"},"width":1472,"height":1024}},"subContentId":"7308022d-4962-4c07-aeca-3c258a5f0017","metadata":{"contentType":"Image","license":"U","title":"Untitled Image"}},"backgroundOpacity":0,"willDoAnimation":false,"animationType":"glow","displayAsButton":false,"buttonSize":"big","goToSlideType":"specified","invisible":false},{"x":47.00435729847495,"y":43.97849462365591,"width":40,"height":40,"action":{"library":"H5P.CRAudio 1.4","params":{"fitToWrapper":true,"currIndex":2,"playerMode":"minimalistic","controls":true,"autoplay":true,"playAudio":"Play audio","pauseAudio":"Pause audio","contentName":"Audio","glowColor":"#ffd85a","timeStampForEachText":[{"text":" \u0412\u0456\u043d ","startDuration":"0.0000","endDuration":"0.4869","wordfile":[{"path":"audios\/wordfile-64c81172ea277.wav","mime":"audio\/x-wav","copyright":{"license":"U"}}]},{"text":" \u0437\u043d\u0430\u0445\u043e\u0434\u0438\u0442\u044c ","startDuration":"0.4879","endDuration":"1.3139","wordfile":[{"path":"audios\/wordfile-64c8119368e38.wav","mime":"audio\/x-wav","copyright":{"license":"U"}}]},{"text":" 10 ","startDuration":"1.3149","endDuration":"1.8181","wordfile":[{"path":"audios\/wordfile-64c811b8e9f13.wav","mime":"audio\/x-wav","copyright":{"license":"U"}}]},{"text":" \u043c\u2019\u044f\u0447\u0438\u043a\u0456\u0432. ","startDuration":"1.8191","endDuration":"2.8560","wordfile":[{"path":"audios\/wordfile-64c811cdba661.wav","mime":"audio\/x-wav","copyright":{"license":"U"}}]}],"files":[{"path":"audios\/files-64c8115892c2d.wav","mime":"audio\/x-wav","copyright":{"license":"U"}}]},"subContentId":"78f8f3a0-cca8-471a-9ab0-59f5fdbefcf5","metadata":{"contentType":"Curious Reader Audio","license":"U","title":"Untitled Curious Reader Audio"}},"backgroundOpacity":0,"willDoAnimation":false,"animationType":"glow","displayAsButton":false,"buttonSize":"big","goToSlideType":"specified","invisible":false},{"x":29.411764705882355,"y":49.37161290322581,"width":37.472766884531595,"height":22.36559139784946,"action":{"library":"H5P.Image 1.1","params":{"contentName":"Image"},"subContentId":"9aac3122-7290-464f-9e93-ce464dc0a06b","metadata":{"contentType":"Image","license":"U","title":"Untitled Image"}},"backgroundOpacity":0,"willDoAnimation":true,"animationType":"glow","displayAsButton":false,"buttonSize":"big","goToSlideType":"specified","invisible":false,"id":"img78f8f3a0-cca8-471a-9ab0-59f5fdbefcf5_3"}],"slideBackgroundSelector":{}},{"elements":[{"x":20.697167755991288,"y":8.602150537634408,"width":55.766861718509,"height":73.111348057883,"action":{"library":"H5P.Image 1.1","params":{"contentName":"Image","file":{"path":"images\/file-61c0f50c26444.jpeg","mime":"image\/jpeg","copyright":{"license":"U"},"width":1472,"height":1024}},"subContentId":"0861d03c-bddb-4187-a152-fa4e2cb5c858","metadata":{"contentType":"Image","license":"U","title":"Untitled Image"}},"backgroundOpacity":0,"willDoAnimation":false,"animationType":"glow","displayAsButton":false,"buttonSize":"big","goToSlideType":"specified","invisible":false},{"x":8.928571428571429,"y":82.87153652392946,"width":75.25510204081633,"height":17.12846347607053,"action":{"library":"H5P.CRAdvancedText 1.1","params":{"text":"<p style=\"text-align: center;\"><span style=\"font-size:1.75em;\">\u0412\u0456\u043d \u0437\u043d\u0430\u0445\u043e\u0434\u0438\u0442\u044c \u0434\u0435\u0432&amp;rsquo;\u044f\u0442\u044c \u043a\u0443\u0445\u043b\u0456\u0432 .<\/span><\/p>\n"},"subContentId":"9526d95d-c113-4840-8109-4a0ee2ca80c6","metadata":{"contentType":"Text","license":"U","title":"Untitled Text"}},"alwaysDisplayComments":false,"backgroundOpacity":0,"willDoAnimation":false,"animationType":"glow","displayAsButton":false,"buttonSize":"big","goToSlideType":"specified","invisible":false,"solution":""},{"x":47.00255102040816,"y":43.95465994962216,"width":40,"height":40,"action":{"library":"H5P.CRAudio 1.4","params":{"fitToWrapper":true,"currIndex":6,"playerMode":"minimalistic","controls":true,"autoplay":true,"playAudio":"Play audio","pauseAudio":"Pause audio","contentName":"Audio","glowColor":"#ffd85a","timeStampForEachText":[{"text":" \u0412\u0456\u043d ","startDuration":"0.0000","endDuration":"0.5522","wordfile":[{"path":"audios\/wordfile-64cbdead5d792.wav","mime":"audio\/x-wav","copyright":{"license":"U"}}]},{"text":" \u0437\u043d\u0430\u0445\u043e\u0434\u0438\u0442\u044c ","startDuration":"0.5532","endDuration":"1.2406","wordfile":[{"path":"audios\/wordfile-64cbdf7924484.wav","mime":"audio\/x-wav","copyright":{"license":"U"}}]},{"text":" \u0434\u0435\u0432\u2019\u044f\u0442\u044c ","startDuration":"1.2416","endDuration":"1.9184","wordfile":[{"path":"audios\/wordfile-64cbdfa4195f6.wav","mime":"audio\/x-wav","copyright":{"license":"U"}}]},{"text":" \u043a\u0443\u0445\u043b\u0456\u0432 . ","startDuration":"1.9194","endDuration":"2.6282","wordfile":[{"path":"audios\/wordfile-64cbdfd78d5d5.wav","mime":"audio\/x-wav","copyright":{"license":"U"}}]}],"files":[{"path":"audios\/files-64cbde849837e.wav","mime":"audio\/x-wav","copyright":{"license":"U"}}]},"subContentId":"84acad1e-eff1-43a0-a542-09d657ca83e6","metadata":{"contentType":"Curious Reader Audio","license":"U","title":"Untitled Curious Reader Audio"}},"backgroundOpacity":0,"willDoAnimation":false,"animationType":"glow","displayAsButton":false,"buttonSize":"big","goToSlideType":"specified","invisible":false},{"x":29.97448979591837,"y":47.84508816120906,"width":36.60714285714286,"height":11.838790931989925,"action":{"library":"H5P.Image 1.1","params":{"contentName":"Image"},"subContentId":"973d2471-6148-4dab-b102-0684db064973","metadata":{"contentType":"Image","license":"U","title":"Untitled Image"}},"backgroundOpacity":0,"willDoAnimation":true,"animationType":"glow","displayAsButton":false,"buttonSize":"big","goToSlideType":"specified","invisible":false,"id":"img84acad1e-eff1-43a0-a542-09d657ca83e6_3"}],"slideBackgroundSelector":{}},{"elements":[{"x":6.377551020408164,"y":83.05843828715366,"width":91.83673469387756,"height":15.869017632241812,"action":{"library":"H5P.CRAdvancedText 1.1","params":{"text":"<p style=\"text-align: center;\"><span style=\"font-size:1.75em;\">\u0412\u0456\u043d \u0437\u043d\u0430\u0445\u043e\u0434\u0438\u0442\u044c \u0432\u0456\u0441\u0456\u043c \u043b\u043e\u0436\u043e\u043a.<\/span><\/p>\n"},"subContentId":"c22923f1-a46c-493b-aca2-92fbacd3edc2","metadata":{"contentType":"Text","license":"U","title":"Untitled Text"}},"alwaysDisplayComments":false,"backgroundOpacity":0,"willDoAnimation":false,"animationType":"glow","displayAsButton":false,"buttonSize":"big","goToSlideType":"specified","invisible":false,"solution":""},{"x":21.591610117212,"y":9.1393754760091,"width":56.973668001232,"height":74.634577303884,"action":{"library":"H5P.Image 1.1","params":{"contentName":"Image","file":{"path":"images\/file-61c0f78984cdd.jpeg","mime":"image\/jpeg","copyright":{"license":"U"},"width":1472,"height":1024}},"subContentId":"37eda182-a252-454f-b1bd-3d126971ee70","metadata":{"contentType":"Image","license":"U","title":"Untitled Image"}},"backgroundOpacity":0,"willDoAnimation":false,"animationType":"glow","displayAsButton":false,"buttonSize":"big","goToSlideType":"specified","invisible":false},{"x":47.00435729847495,"y":43.97849462365591,"width":40,"height":40,"action":{"library":"H5P.CRAudio 1.4","params":{"fitToWrapper":true,"currIndex":7,"playerMode":"minimalistic","controls":true,"autoplay":true,"playAudio":"Play audio","pauseAudio":"Pause audio","contentName":"Audio","glowColor":"#ffd85a","timeStampForEachText":[{"text":" \u0412\u0456\u043d ","startDuration":"0.0000","endDuration":"0.3249","wordfile":[{"path":"audios\/wordfile-64c81541407e7.wav","mime":"audio\/x-wav","copyright":{"license":"U"}}]},{"text":" \u0437\u043d\u0430\u0445\u043e\u0434\u0438\u0442\u044c ","startDuration":"0.3259","endDuration":"1.0803","wordfile":[{"path":"audios\/wordfile-64c8156b75a50.wav","mime":"audio\/x-wav","copyright":{"license":"U"}}]},{"text":" \u0432\u0456\u0441\u0456\u043c ","startDuration":"1.0813","endDuration":"1.5598","wordfile":[{"path":"audios\/wordfile-64c8158bc129b.wav","mime":"audio\/x-wav","copyright":{"license":"U"}}]},{"text":" \u043b\u043e\u0436\u043e\u043a. ","startDuration":"1.5608","endDuration":"2.2774","wordfile":[{"path":"audios\/wordfile-64c815a67cfc1.wav","mime":"audio\/x-wav","copyright":{"license":"U"}}]}],"files":[{"path":"audios\/files-64c815207a372.wav","mime":"audio\/x-wav","copyright":{"license":"U"}}]},"subContentId":"09d4fbe0-bf13-4abb-a241-d85e60af4c77","metadata":{"contentType":"Curious Reader Audio","license":"U","title":"Untitled Curious Reader Audio"}},"backgroundOpacity":0,"willDoAnimation":false,"animationType":"glow","displayAsButton":false,"buttonSize":"big","goToSlideType":"specified","invisible":false},{"x":43.57298474945534,"y":38.66258064516129,"width":2.6143790849673203,"height":20.21505376344086,"action":{"library":"H5P.Image 1.1","params":{"contentName":"Image"},"subContentId":"9bf4a1ad-1d64-4547-9960-387c2cf3aef4","metadata":{"contentType":"Image","license":"U","title":"Untitled Image"}},"backgroundOpacity":0,"willDoAnimation":true,"animationType":"glow","displayAsButton":false,"buttonSize":"big","goToSlideType":"specified","invisible":false,"id":"img09d4fbe0-bf13-4abb-a241-d85e60af4c77_3"},{"x":51.19825708061002,"y":42.956989247311824,"width":18.845315904139433,"height":18.064516129032256,"action":{"library":"H5P.Image 1.1","params":{"contentName":"Image"},"subContentId":"1cc608e5-2281-4909-9ae2-da4cdaa7722b","metadata":{"contentType":"Image","license":"U","title":"Untitled Image"}},"backgroundOpacity":0,"willDoAnimation":true,"animationType":"glow","displayAsButton":false,"buttonSize":"big","goToSlideType":"specified","invisible":false,"id":"img09d4fbe0-bf13-4abb-a241-d85e60af4c77_3"}],"slideBackgroundSelector":{}},{"elements":[{"x":0,"y":83.49546599496222,"width":99.48979591836735,"height":14.105793450881611,"action":{"library":"H5P.CRAdvancedText 1.1","params":{"text":"<p dir=\"ltr\" style=\"text-align: center;\"><span style=\"font-size:1.75em;\">\u0412\u0456\u043d \u0437\u043d\u0430\u0445\u043e\u0434\u0438\u0442\u044c \u0441\u0456\u043c \u043a\u043e\u0448\u0438\u043a\u0456\u0432.&nbsp;<\/span><\/p>\n"},"subContentId":"24a7b4ec-023c-4c23-9b9e-4ce2473d3e40","metadata":{"contentType":"Text","license":"U","title":"Untitled Text"}},"alwaysDisplayComments":false,"backgroundOpacity":0,"willDoAnimation":false,"animationType":"glow","displayAsButton":false,"buttonSize":"big","goToSlideType":"specified","invisible":false,"solution":""},{"x":23.032407407407405,"y":8.219178082191782,"width":53.984447182014,"height":74.927646610815,"action":{"library":"H5P.Image 1.1","params":{"contentName":"Image","file":{"path":"images\/file-61c0f97f5a778.jpeg","mime":"image\/jpeg","copyright":{"license":"U"},"width":1472,"height":1024}},"subContentId":"ab3d1717-7bd0-4589-a7b8-718950cf9f45","metadata":{"contentType":"Image","license":"U","title":"Untitled Image"}},"backgroundOpacity":0,"willDoAnimation":false,"animationType":"glow","displayAsButton":false,"buttonSize":"big","goToSlideType":"specified","invisible":false},{"x":47.00435729847495,"y":43.97849462365591,"width":40,"height":40,"action":{"library":"H5P.CRAudio 1.4","params":{"fitToWrapper":true,"currIndex":8,"playerMode":"minimalistic","controls":true,"autoplay":true,"playAudio":"Play audio","pauseAudio":"Pause audio","contentName":"Audio","glowColor":"#ffd85a","timeStampForEachText":[{"text":" \u0412\u0456\u043d ","startDuration":"0.0000","endDuration":"0.4312","wordfile":[{"path":"audios\/wordfile-64c81342e9725.wav","mime":"audio\/x-wav","copyright":{"license":"U"}}]},{"text":" \u0437\u043d\u0430\u0445\u043e\u0434\u0438\u0442\u044c ","startDuration":"0.4322","endDuration":"1.0494","wordfile":[{"path":"audios\/wordfile-64c81363247f0.wav","mime":"audio\/x-wav","copyright":{"license":"U"}}]},{"text":" \u0441\u0456\u043c ","startDuration":"1.0504","endDuration":"1.6118","wordfile":[{"path":"audios\/wordfile-64c8138c10ab1.wav","mime":"audio\/x-wav","copyright":{"license":"U"}}]},{"text":" \u043a\u043e\u0448\u0438\u043a\u0456\u0432.\u00a0 ","startDuration":"1.6128","endDuration":"2.3280","wordfile":[{"path":"audios\/wordfile-64c8139d3237a.wav","mime":"audio\/x-wav","copyright":{"license":"U"}}]}],"files":[{"path":"audios\/files-64c8132418bfb.wav","mime":"audio\/x-wav","copyright":{"license":"U"}}]},"subContentId":"dce59b32-3ee6-4b1f-b870-c4d3bddf3df7","metadata":{"contentType":"Curious Reader Audio","license":"U","title":"Untitled Curious Reader Audio"}},"backgroundOpacity":0,"willDoAnimation":false,"animationType":"glow","displayAsButton":false,"buttonSize":"big","goToSlideType":"specified","invisible":false},{"x":23.965141612200437,"y":55.846881720430105,"width":52.72331154684096,"height":20.21505376344086,"action":{"library":"H5P.Image 1.1","params":{"contentName":"Image"},"subContentId":"b23b4738-fcfd-4c20-bdca-4344a331b18c","metadata":{"contentType":"Image","license":"U","title":"Untitled Image"}},"backgroundOpacity":0,"willDoAnimation":true,"animationType":"glow","displayAsButton":false,"buttonSize":"big","goToSlideType":"specified","invisible":false,"id":"imgdce59b32-3ee6-4b1f-b870-c4d3bddf3df7_3"}],"slideBackgroundSelector":{}},{"elements":[{"x":1.2755102040816326,"y":84.40856423173803,"width":96.93877551020408,"height":13.350125944584383,"action":{"library":"H5P.CRAdvancedText 1.1","params":{"text":"<p style=\"text-align: center;\"><span style=\"font-size:1.75em;\">\u0412\u0456\u043d \u0437\u043d\u0430\u0445\u043e\u0434\u0438\u0442\u044c \u0448\u0456\u0441\u0442\u044c \u0432\u0430\u0437.<\/span><\/p>\n"},"subContentId":"a7db7bda-dd18-495e-bb88-72386a099cc1","metadata":{"contentType":"Text","license":"U","title":"Untitled Text"}},"alwaysDisplayComments":false,"backgroundOpacity":0,"willDoAnimation":false,"animationType":"glow","displayAsButton":false,"buttonSize":"big","goToSlideType":"specified","invisible":false,"solution":""},{"x":23.263888888888886,"y":6.164383561643835,"width":53.893902063443,"height":77.452551408987,"action":{"library":"H5P.Image 1.1","params":{"contentName":"Image","file":{"path":"images\/file-61c0faa8193a4.jpeg","mime":"image\/jpeg","copyright":{"license":"U"},"width":1472,"height":1024}},"subContentId":"ce6eebac-7cd7-4ae3-8294-f90d7a1754ef","metadata":{"contentType":"Image","license":"U","title":"Untitled Image"}},"backgroundOpacity":0,"willDoAnimation":false,"animationType":"glow","displayAsButton":false,"buttonSize":"big","goToSlideType":"specified","invisible":false},{"x":47.00435729847495,"y":43.97849462365591,"width":40,"height":40,"action":{"library":"H5P.CRAudio 1.4","params":{"fitToWrapper":true,"currIndex":9,"playerMode":"minimalistic","controls":true,"autoplay":true,"playAudio":"Play audio","pauseAudio":"Pause audio","contentName":"Audio","glowColor":"#ffd85a","timeStampForEachText":[{"text":" \u0412\u0456\u043d ","startDuration":"0.0000","endDuration":"0.3023","wordfile":[{"path":"audios\/wordfile-64c815e869bc6.wav","mime":"audio\/x-wav","copyright":{"license":"U"}}]},{"text":" \u0437\u043d\u0430\u0445\u043e\u0434\u0438\u0442\u044c ","startDuration":"0.3033","endDuration":"0.9899","wordfile":[{"path":"audios\/wordfile-64c816054ecee.wav","mime":"audio\/x-wav","copyright":{"license":"U"}}]},{"text":" \u0448\u0456\u0441\u0442\u044c ","startDuration":"0.9909","endDuration":"1.3728","wordfile":[{"path":"audios\/wordfile-64c816233de1c.wav","mime":"audio\/x-wav","copyright":{"license":"U"}}]},{"text":" \u0432\u0430\u0437. ","startDuration":"1.3738","endDuration":"1.9920","wordfile":[{"path":"audios\/wordfile-64c8163d82498.wav","mime":"audio\/x-wav","copyright":{"license":"U"}}]}],"files":[{"path":"audios\/files-64c815c73354e.wav","mime":"audio\/x-wav","copyright":{"license":"U"}}]},"subContentId":"6ca14275-03d6-4b5e-a0a1-051a3e71b170","metadata":{"contentType":"Curious Reader Audio","license":"U","title":"Untitled Curious Reader Audio"}},"backgroundOpacity":0,"willDoAnimation":false,"animationType":"glow","displayAsButton":false,"buttonSize":"big","goToSlideType":"specified","invisible":false},{"x":45.751633986928105,"y":34.388387096774196,"width":13.507625272331156,"height":28.602150537634408,"action":{"library":"H5P.Image 1.1","params":{"contentName":"Image"},"subContentId":"7b1c80d0-1aa1-4360-ba54-519b75924391","metadata":{"contentType":"Image","license":"U","title":"Untitled Image"}},"backgroundOpacity":0,"willDoAnimation":true,"animationType":"glow","displayAsButton":false,"buttonSize":"big","goToSlideType":"specified","invisible":false,"id":"img6ca14275-03d6-4b5e-a0a1-051a3e71b170_3"}],"slideBackgroundSelector":{}},{"elements":[{"x":1.2755102040816326,"y":83.05843828715366,"width":98.72448979591837,"height":13.350125944584383,"action":{"library":"H5P.CRAdvancedText 1.1","params":{"text":"<p style=\"text-align: center;\"><span style=\"font-size:1.75em;\">\u0412\u0456\u043d \u0437\u043d\u0430\u0445\u043e\u0434\u0438\u0442\u044c \u043f\u2019\u044f\u0442\u044c \u043a\u0432\u0456\u0442\u043e\u043a.<\/span><\/p>\n"},"subContentId":"ce8371ff-18d4-45a5-ad6c-2380894dc4f6","metadata":{"contentType":"Text","license":"U","title":"Untitled Text"}},"alwaysDisplayComments":false,"backgroundOpacity":0,"willDoAnimation":false,"animationType":"glow","displayAsButton":false,"buttonSize":"big","goToSlideType":"specified","invisible":false,"solution":""},{"x":25.23148148148148,"y":10.045662100456621,"width":49.27425315676,"height":73.149428789033,"action":{"library":"H5P.Image 1.1","params":{"contentName":"Image","file":{"path":"images\/file-61c0fb083e1bb.jpeg","mime":"image\/jpeg","copyright":{"license":"U"},"width":1472,"height":1024}},"subContentId":"5540205a-60e4-4773-a93d-1d4917ead4ab","metadata":{"contentType":"Image","license":"U","title":"Untitled Image"}},"backgroundOpacity":0,"willDoAnimation":false,"animationType":"glow","displayAsButton":false,"buttonSize":"big","goToSlideType":"specified","invisible":false},{"x":47.00435729847495,"y":43.97849462365591,"width":40,"height":40,"action":{"library":"H5P.CRAudio 1.4","params":{"fitToWrapper":true,"currIndex":10,"playerMode":"minimalistic","controls":true,"autoplay":true,"playAudio":"Play audio","pauseAudio":"Pause audio","contentName":"Audio","glowColor":"#ffd85a","timeStampForEachText":[{"text":" \u0412\u0456\u043d ","startDuration":"0.0000","endDuration":"0.4893","wordfile":[{"path":"audios\/wordfile-64c8166bba473.wav","mime":"audio\/x-wav","copyright":{"license":"U"}}]},{"text":" \u0437\u043d\u0430\u0445\u043e\u0434\u0438\u0442\u044c ","startDuration":"0.4903","endDuration":"1.2453","wordfile":[{"path":"audios\/wordfile-64c8168137af1.wav","mime":"audio\/x-wav","copyright":{"license":"U"}}]},{"text":" \u043f\u2019\u044f\u0442\u044c ","startDuration":"1.2463","endDuration":"1.6225","wordfile":[{"path":"audios\/wordfile-64c8169bc8836.wav","mime":"audio\/x-wav","copyright":{"license":"U"}}]},{"text":" \u043a\u0432\u0456\u0442\u043e\u043a. ","startDuration":"1.6235","endDuration":"2.3040","wordfile":[{"path":"audios\/wordfile-64c816ad0cee1.wav","mime":"audio\/x-wav","copyright":{"license":"U"}}]}],"files":[{"path":"audios\/files-64c8165a258a4.wav","mime":"audio\/x-wav","copyright":{"license":"U"}}]},"subContentId":"e4d086e0-d0c1-42a9-ba7d-f020a8633dac","metadata":{"contentType":"Curious Reader Audio","license":"U","title":"Untitled Curious Reader Audio"}},"backgroundOpacity":0,"willDoAnimation":false,"animationType":"glow","displayAsButton":false,"buttonSize":"big","goToSlideType":"specified","invisible":false},{"x":29.411764705882355,"y":55.91397849462365,"width":16.55773420479303,"height":16.129032258064516,"action":{"library":"H5P.Image 1.1","params":{"contentName":"Image"},"subContentId":"8bc50b05-6962-4c77-8a56-9c4f2dcbfbba","metadata":{"contentType":"Image","license":"U","title":"Untitled Image"}},"backgroundOpacity":0,"willDoAnimation":true,"animationType":"glow","displayAsButton":false,"buttonSize":"big","goToSlideType":"specified","invisible":false,"id":"imge4d086e0-d0c1-42a9-ba7d-f020a8633dac_3"},{"x":54.46623093681917,"y":55.77956989247311,"width":10.239651416122005,"height":20.21505376344086,"action":{"library":"H5P.Image 1.1","params":{"contentName":"Image"},"subContentId":"f05ccb07-3873-4e41-8dfe-a74f909b9155","metadata":{"contentType":"Image","license":"U","title":"Untitled Image"}},"backgroundOpacity":0,"willDoAnimation":true,"animationType":"glow","displayAsButton":false,"buttonSize":"big","goToSlideType":"specified","invisible":false,"id":"imge4d086e0-d0c1-42a9-ba7d-f020a8633dac_3"}],"slideBackgroundSelector":{}},{"elements":[{"x":0,"y":83.05843828715366,"width":99.48979591836735,"height":15.869017632241812,"action":{"library":"H5P.CRAdvancedText 1.1","params":{"text":"<p style=\"text-align: center;\"><span style=\"font-size:1.75em;\">\u0412\u0456\u043d \u0437\u043d\u0430\u0445\u043e\u0434\u0438\u0442\u044c \u0447\u043e\u0442\u0438\u0440\u0438 \u043f\u0430\u0440\u0438 \u0448\u0442\u0430\u043d\u0456\u0432. <\/span><\/p>\n"},"subContentId":"62da435c-587d-4e24-8531-6e6d9ca1bf03","metadata":{"contentType":"Text","license":"U","title":"Untitled Text"}},"alwaysDisplayComments":false,"backgroundOpacity":0,"willDoAnimation":false,"animationType":"glow","displayAsButton":false,"buttonSize":"big","goToSlideType":"specified","invisible":false,"solution":""},{"x":18.489583333333336,"y":6.837899543378994,"width":61.80555555555555,"height":75.34246575342466,"action":{"library":"H5P.Image 1.1","params":{"contentName":"Image","file":{"path":"images\/file-61c0fbe47eb09.jpeg","mime":"image\/jpeg","copyright":{"license":"U"},"width":1472,"height":1024}},"subContentId":"9f8fef1e-cbf5-4098-9dbe-27a7399d7326","metadata":{"contentType":"Image","license":"U","title":"Untitled Image"}},"backgroundOpacity":0,"willDoAnimation":false,"animationType":"glow","displayAsButton":false,"buttonSize":"big","goToSlideType":"specified","invisible":false},{"x":47.00435729847495,"y":43.97849462365591,"width":40,"height":40,"action":{"library":"H5P.CRAudio 1.4","params":{"fitToWrapper":true,"currIndex":11,"playerMode":"minimalistic","controls":true,"autoplay":true,"playAudio":"Play audio","pauseAudio":"Pause audio","contentName":"Audio","glowColor":"#ffd85a","timeStampForEachText":[{"text":" \u0412\u0456\u043d ","startDuration":"0.0000","endDuration":"0.4710","wordfile":[{"path":"audios\/wordfile-64c8179564722.wav","mime":"audio\/x-wav","copyright":{"license":"U"}}]},{"text":" \u0437\u043d\u0430\u0445\u043e\u0434\u0438\u0442\u044c ","startDuration":"0.4720","endDuration":"1.1131","wordfile":[{"path":"audios\/wordfile-64c817b1e02c4.wav","mime":"audio\/x-wav","copyright":{"license":"U"}}]},{"text":" \u0447\u043e\u0442\u0438\u0440\u0438 ","startDuration":"1.1141","endDuration":"1.6733","wordfile":[{"path":"audios\/wordfile-64c817cb67413.wav","mime":"audio\/x-wav","copyright":{"license":"U"}}]},{"text":" \u043f\u0430\u0440\u0438 ","startDuration":"1.6743","endDuration":"2.1642","wordfile":[{"path":"audios\/wordfile-64c8182378d80.wav","mime":"audio\/x-wav","copyright":{"license":"U"}}]},{"text":" \u0448\u0442\u0430\u043d\u0456\u0432. ","startDuration":"2.1652","endDuration":"2.7600","wordfile":[{"path":"audios\/wordfile-64c8183b10133.wav","mime":"audio\/x-wav","copyright":{"license":"U"}}]}],"files":[{"path":"audios\/files-64c816c333b32.wav","mime":"audio\/x-wav","copyright":{"license":"U"}}]},"subContentId":"83b8cb8c-ff9d-452b-9c98-1f22a8317891","metadata":{"contentType":"Curious Reader Audio","license":"U","title":"Untitled Curious Reader Audio"}},"backgroundOpacity":0,"willDoAnimation":false,"animationType":"glow","displayAsButton":false,"buttonSize":"big","goToSlideType":"specified","invisible":false},{"x":54.46623093681917,"y":12.883053763440861,"width":15.577342047930284,"height":41.50537634408602,"action":{"library":"H5P.Image 1.1","params":{"contentName":"Image"},"subContentId":"c40b42da-934d-4ca9-96f1-010e6ca92bec","metadata":{"contentType":"Image","license":"U","title":"Untitled Image"}},"backgroundOpacity":0,"willDoAnimation":true,"animationType":"glow","displayAsButton":false,"buttonSize":"big","goToSlideType":"specified","invisible":false,"id":"img83b8cb8c-ff9d-452b-9c98-1f22a8317891_4"}],"slideBackgroundSelector":{}},{"elements":[{"x":2.5510204081632653,"y":83.1234256926952,"width":96.52777777777777,"height":15.753424657534246,"action":{"library":"H5P.CRAdvancedText 1.1","params":{"text":"<p dir=\"ltr\" style=\"text-align: center;\"><span style=\"font-size:1.75em;\">\u0412\u0456\u043d \u0437\u043d\u0430\u0445\u043e\u0434\u0438\u0442\u044c \u0442\u0440\u0438 \u043c\u0443\u0437\u0438\u0447\u043d\u0456 \u0456\u043d\u0441\u0442\u0440\u0443\u043c\u0435\u043d\u0442\u0438.&nbsp;<\/span><\/p>\n"},"subContentId":"3a08f030-0a2a-49f9-88e9-de7086ff4fcf","metadata":{"contentType":"Text","license":"U","title":"Untitled Text"}},"alwaysDisplayComments":false,"backgroundOpacity":0,"willDoAnimation":false,"animationType":"glow","displayAsButton":false,"buttonSize":"big","goToSlideType":"specified","invisible":false,"solution":""},{"x":23.965141612200437,"y":8.602150537634408,"width":51.455189405605,"height":76.191926884996,"action":{"library":"H5P.Image 1.1","params":{"contentName":"Image","file":{"path":"images\/file-61c0fc644df28.jpeg","mime":"image\/jpeg","copyright":{"license":"U"},"width":1472,"height":1024}},"subContentId":"f455b643-1205-4afd-aad1-ca7b047aa884","metadata":{"contentType":"Image","license":"U","title":"Untitled Image"}},"backgroundOpacity":0,"willDoAnimation":false,"animationType":"glow","displayAsButton":false,"buttonSize":"big","goToSlideType":"specified","invisible":false},{"x":47.00435729847495,"y":43.97849462365591,"width":40,"height":40,"action":{"library":"H5P.CRAudio 1.4","params":{"fitToWrapper":true,"currIndex":12,"playerMode":"minimalistic","controls":true,"autoplay":true,"playAudio":"Play audio","pauseAudio":"Pause audio","contentName":"Audio","glowColor":"#ffd85a","timeStampForEachText":[{"text":" \u0412\u0456\u043d ","startDuration":"0.0000","endDuration":"0.4295","wordfile":[{"path":"audios\/wordfile-64c818635cf46.wav","mime":"audio\/x-wav","copyright":{"license":"U"}}]},{"text":" \u0437\u043d\u0430\u0445\u043e\u0434\u0438\u0442\u044c ","startDuration":"0.4305","endDuration":"1.1510","wordfile":[{"path":"audios\/wordfile-64c818886e57e.wav","mime":"audio\/x-wav","copyright":{"license":"U"}}]},{"text":" \u0442\u0440\u0438 ","startDuration":"1.1520","endDuration":"1.3520","wordfile":[{"path":"audios\/wordfile-64c818b0b16ba.wav","mime":"audio\/x-wav","copyright":{"license":"U"}}]},{"text":" \u043c\u0443\u0437\u0438\u0447\u043d\u0456 ","startDuration":"1.3530","endDuration":"2.0701","wordfile":[{"path":"audios\/wordfile-64c818e7d7a64.wav","mime":"audio\/x-wav","copyright":{"license":"U"}}]},{"text":" \u0456\u043d\u0441\u0442\u0440\u0443\u043c\u0435\u043d\u0442\u0438.\u00a0 ","startDuration":"2.0711","endDuration":"2.9663","wordfile":[{"path":"audios\/wordfile-64c818f9e3e9b.wav","mime":"audio\/x-wav","copyright":{"license":"U"}}]}],"files":[{"path":"audios\/files-64c81851decfd.wav","mime":"audio\/x-wav","copyright":{"license":"U"}}]},"subContentId":"1b705d64-cdfe-4c8d-b213-c86c5bd5e7cb","metadata":{"contentType":"Curious Reader Audio","license":"U","title":"Untitled Curious Reader Audio"}},"backgroundOpacity":0,"willDoAnimation":false,"animationType":"glow","displayAsButton":false,"buttonSize":"big","goToSlideType":"specified","invisible":false},{"x":27.233115468409586,"y":25.75612903225807,"width":11.328976034858389,"height":50.32258064516129,"action":{"library":"H5P.Image 1.1","params":{"contentName":"Image"},"subContentId":"8a0e4962-681a-4f86-87ef-5ef3c3557425","metadata":{"contentType":"Image","license":"U","title":"Untitled Image"}},"backgroundOpacity":0,"willDoAnimation":true,"animationType":"glow","displayAsButton":false,"buttonSize":"big","goToSlideType":"specified","invisible":false,"id":"img1b705d64-cdfe-4c8d-b213-c86c5bd5e7cb_4"},{"x":59.912854030501094,"y":25.77290322580645,"width":10.130718954248366,"height":48.17204301075269,"action":{"library":"H5P.Image 1.1","params":{"contentName":"Image"},"subContentId":"e6ee248e-7ac2-4a28-a729-7dffa5a7f2f4","metadata":{"contentType":"Image","license":"U","title":"Untitled Image"}},"backgroundOpacity":0,"willDoAnimation":true,"animationType":"glow","displayAsButton":false,"buttonSize":"big","goToSlideType":"specified","invisible":false,"id":"img1b705d64-cdfe-4c8d-b213-c86c5bd5e7cb_4"},{"x":45.751633986928105,"y":45.107526881720425,"width":8.061002178649238,"height":35.26881720430107,"action":{"library":"H5P.Image 1.1","params":{"contentName":"Image"},"subContentId":"9fe7c071-d5b8-4432-8f7f-ac52079d4729","metadata":{"contentType":"Image","license":"U","title":"Untitled Image"}},"backgroundOpacity":0,"willDoAnimation":true,"animationType":"glow","displayAsButton":false,"buttonSize":"big","goToSlideType":"specified","invisible":false,"id":"img1b705d64-cdfe-4c8d-b213-c86c5bd5e7cb_4"}],"slideBackgroundSelector":{}},{"elements":[{"x":1.2755102040816326,"y":83.72367758186398,"width":98.21428571428572,"height":14.105793450881611,"action":{"library":"H5P.CRAdvancedText 1.1","params":{"text":"<p dir=\"ltr\" style=\"text-align: center;\"><span style=\"font-size:1.75em;\">\u0412\u0456\u043d \u0437\u043d\u0430\u0445\u043e\u0434\u0438\u0442\u044c \u0434\u0432\u0456 \u0440\u0443\u043a\u0438.<\/span><\/p>\n"},"subContentId":"afea620e-f0f5-426e-a583-86d004b0afe4","metadata":{"contentType":"Text","license":"U","title":"Untitled Text"}},"alwaysDisplayComments":false,"backgroundOpacity":0,"willDoAnimation":false,"animationType":"glow","displayAsButton":false,"buttonSize":"big","goToSlideType":"specified","invisible":false,"solution":""},{"x":21.527777777777775,"y":8.67579908675799,"width":55.416538343086,"height":73.911043412034,"action":{"library":"H5P.Image 1.1","params":{"contentName":"Image","file":{"path":"images\/file-61c0fdae0857e.jpeg","mime":"image\/jpeg","copyright":{"license":"U"},"width":1472,"height":1024}},"subContentId":"a588fa0a-5484-4950-944a-d472b7aedc92","metadata":{"contentType":"Image","license":"U","title":"Untitled Image"}},"backgroundOpacity":0,"willDoAnimation":false,"animationType":"glow","displayAsButton":false,"buttonSize":"big","goToSlideType":"specified","invisible":false},{"x":47.00435729847495,"y":43.97849462365591,"width":40,"height":40,"action":{"library":"H5P.CRAudio 1.4","params":{"fitToWrapper":true,"currIndex":13,"playerMode":"minimalistic","controls":true,"autoplay":true,"playAudio":"Play audio","pauseAudio":"Pause audio","contentName":"Audio","glowColor":"#ffd85a","timeStampForEachText":[{"text":" \u0412\u0456\u043d ","startDuration":"0.0000","endDuration":"0.3579","wordfile":[{"path":"audios\/wordfile-64c8192359e03.wav","mime":"audio\/x-wav","copyright":{"license":"U"}}]},{"text":" \u0437\u043d\u0430\u0445\u043e\u0434\u0438\u0442\u044c ","startDuration":"0.3589","endDuration":"1.1362","wordfile":[{"path":"audios\/wordfile-64c8194c05ed9.wav","mime":"audio\/x-wav","copyright":{"license":"U"}}]},{"text":" \u0434\u0432\u0456 ","startDuration":"1.1372","endDuration":"1.4998","wordfile":[{"path":"audios\/wordfile-64c819656ffcd.wav","mime":"audio\/x-wav","copyright":{"license":"U"}}]},{"text":" \u0440\u0443\u043a\u0438. ","startDuration":"1.5008","endDuration":"2.0640","wordfile":[{"path":"audios\/wordfile-64c8197f3d2a2.wav","mime":"audio\/x-wav","copyright":{"license":"U"}}]}],"files":[{"path":"audios\/files-64c8190f5700b.wav","mime":"audio\/x-wav","copyright":{"license":"U"}}]},"subContentId":"d592a3ce-1eef-4700-a67f-f1303b77292e","metadata":{"contentType":"Curious Reader Audio","license":"U","title":"Untitled Curious Reader Audio"}},"backgroundOpacity":0,"willDoAnimation":false,"animationType":"glow","displayAsButton":false,"buttonSize":"big","goToSlideType":"specified","invisible":false},{"x":49.01960784313725,"y":40.836774193548386,"width":10.239651416122005,"height":20,"action":{"library":"H5P.Image 1.1","params":{"contentName":"Image"},"subContentId":"3f3cab42-f120-42b5-9838-89e748aa0315","metadata":{"contentType":"Image","license":"U","title":"Untitled Image"}},"backgroundOpacity":0,"willDoAnimation":true,"animationType":"glow","displayAsButton":false,"buttonSize":"big","goToSlideType":"specified","invisible":false,"id":"imgd592a3ce-1eef-4700-a67f-f1303b77292e_3"}],"slideBackgroundSelector":{}},{"elements":[{"x":4.357298474945534,"y":83.87096774193547,"width":91.83673469387756,"height":15.113350125944583,"action":{"library":"H5P.CRAdvancedText 1.1","params":{"text":"<p style=\"text-align: center;\"><span style=\"font-size:1.75em;\">\u0414\u043e\u0434\u043e \u0437\u043d\u0430\u0445\u043e\u0434\u0438\u0442\u044c \u043e\u0434\u043d\u0443 \u043c\u0430\u043c\u0443.<\/span><\/p>\n"},"subContentId":"597f631b-5fb5-4273-a396-1426b58a2038","metadata":{"contentType":"Text","license":"U","title":"Untitled Text"}},"alwaysDisplayComments":false,"backgroundOpacity":0,"willDoAnimation":false,"animationType":"glow","displayAsButton":false,"buttonSize":"big","goToSlideType":"specified","invisible":false,"solution":""},{"x":20.833333333333332,"y":8.219178082191782,"width":58.509701262704,"height":75.305021520803,"action":{"library":"H5P.Image 1.1","params":{"contentName":"Image","file":{"path":"images\/file-61c0fea69e424.jpeg","mime":"image\/jpeg","copyright":{"license":"U"},"width":1472,"height":1024}},"subContentId":"c58547ba-08f7-4250-9cd8-0a37cda5ed85","metadata":{"contentType":"Image","license":"U","title":"Untitled Image"}},"backgroundOpacity":0,"willDoAnimation":false,"animationType":"glow","displayAsButton":false,"buttonSize":"big","goToSlideType":"specified","invisible":false},{"x":47.00435729847495,"y":43.97849462365591,"width":40,"height":40,"action":{"library":"H5P.CRAudio 1.4","params":{"fitToWrapper":true,"currIndex":14,"playerMode":"minimalistic","controls":true,"autoplay":true,"playAudio":"Play audio","pauseAudio":"Pause audio","contentName":"Audio","glowColor":"#ffd85a","timeStampForEachText":[{"text":" \u0414\u043e\u0434\u043e ","startDuration":"0.0000","endDuration":"0.7065","wordfile":[{"path":"audios\/wordfile-64c819baae248.wav","mime":"audio\/x-wav","copyright":{"license":"U"}}]},{"text":" \u0437\u043d\u0430\u0445\u043e\u0434\u0438\u0442\u044c ","startDuration":"0.7075","endDuration":"1.5390","wordfile":[{"path":"audios\/wordfile-64c819d2041aa.wav","mime":"audio\/x-wav","copyright":{"license":"U"}}]},{"text":" \u043e\u0434\u043d\u0443 ","startDuration":"1.5400","endDuration":"2.0605","wordfile":[{"path":"audios\/wordfile-64c819ed0aae1.wav","mime":"audio\/x-wav","copyright":{"license":"U"}}]},{"text":" \u043c\u0430\u043c\u0443. ","startDuration":"2.0615","endDuration":"2.8080","wordfile":[{"path":"audios\/wordfile-64c819ff164fa.wav","mime":"audio\/x-wav","copyright":{"license":"U"}}]}],"files":[{"path":"audios\/files-64c8199593470.wav","mime":"audio\/x-wav","copyright":{"license":"U"}}]},"subContentId":"53a02afe-3a7e-43e8-b011-6de086a5c1b3","metadata":{"contentType":"Curious Reader Audio","license":"U","title":"Untitled Curious Reader Audio"}},"backgroundOpacity":0,"willDoAnimation":false,"animationType":"glow","displayAsButton":false,"buttonSize":"big","goToSlideType":"specified","invisible":false},{"x":53.37690631808278,"y":23.605591397849462,"width":9.15032679738562,"height":17.849462365591396,"action":{"library":"H5P.Image 1.1","params":{"contentName":"Image"},"subContentId":"11751775-fffe-456d-84d1-dbe0e2e9dcc8","metadata":{"contentType":"Image","license":"U","title":"Untitled Image"}},"backgroundOpacity":0,"willDoAnimation":true,"animationType":"glow","displayAsButton":false,"buttonSize":"big","goToSlideType":"specified","invisible":false,"id":"img53a02afe-3a7e-43e8-b011-6de086a5c1b3_3"},{"x":49.744897959183675,"y":35.26448362720403,"width":7.270408163265306,"height":12.34256926952141,"action":{"library":"H5P.Image 1.1","params":{"contentName":"Image"},"subContentId":"ebf832f3-faac-4ba8-8a6e-f8d57e546bf8","metadata":{"contentType":"Image","license":"U","title":"Untitled Image"}},"backgroundOpacity":0,"willDoAnimation":true,"animationType":"glow","displayAsButton":false,"buttonSize":"big","goToSlideType":"specified","invisible":false,"id":"img53a02afe-3a7e-43e8-b011-6de086a5c1b3_0"}],"slideBackgroundSelector":{}},{"elements":[{"x":2.5510204081632653,"y":10.067707808564231,"width":22.95918367346939,"height":16.624685138539043,"action":{"library":"H5P.Image 1.1","params":{"contentName":"Image","file":{"path":"images\/file-61fb296cf2c04.png","mime":"image\/png","copyright":{"license":"U"},"width":1350,"height":487}},"metadata":{"contentType":"Image","license":"U","title":"Untitled Image"},"subContentId":"98ff3710-84cb-4662-b07a-73073cd11eb9"},"backgroundOpacity":0,"willDoAnimation":false,"animationType":"glow","displayAsButton":false,"buttonSize":"big","goToSlideType":"specified","invisible":false},{"x":34.43877551020408,"y":10.075566750629722,"width":29.050925925925924,"height":15.296803652968038,"action":{"library":"H5P.Image 1.1","params":{"contentName":"Image","file":{"path":"images\/file-61fb29a5596cb.png","mime":"image\/png","copyright":{"license":"U"},"width":814,"height":202}},"metadata":{"contentType":"Image","license":"U","title":"Untitled Image"},"subContentId":"387747f0-999b-4c56-a89b-623bd35caa27"},"backgroundOpacity":0,"willDoAnimation":false,"animationType":"glow","displayAsButton":false,"buttonSize":"big","goToSlideType":"specified","invisible":false},{"x":67.60204081632654,"y":12.594458438287154,"width":31.365740740740737,"height":12.557077625570777,"action":{"library":"H5P.Image 1.1","params":{"contentName":"Image","file":{"path":"images\/file-61fb28cb969ac.jpg","mime":"image\/jpeg","copyright":{"license":"U"},"width":1732,"height":354}},"metadata":{"contentType":"Image","license":"U","title":"Untitled Image"},"subContentId":"73af006f-62e3-4869-8f50-c2cce12f2919"},"backgroundOpacity":0,"willDoAnimation":false,"animationType":"glow","displayAsButton":false,"buttonSize":"big","goToSlideType":"specified","invisible":false},{"x":6.63265306122449,"y":35.254659949622166,"width":86.86224489795919,"height":61.71284634760705,"action":{"library":"H5P.CRAdvancedText 1.1","params":{"text":"<h3 style=\"text-align: center;\"><span style=\"font-size:1em;\"><strong>\"Hide and Seek\" credits<\/strong><\/span><\/h3>\n\n<hr>\n<h3 style=\"text-align: center;\"><span style=\"font-size:1em;\">This work, \"<\/span>\u0413\u0440\u0430 \u0432 \u0445\u043e\u0432\u0430\u043d\u043a\u0438<span style=\"font-size:1em;\">\", is a derivative of \"<strong>Hide and Seek<\/strong>\" written by All Children Reading Cambodia. \u00a9 The Asia Foundation 2019, and used under CC BY. \"<\/span>\u0413\u0440\u0430 \u0432 \u0445\u043e\u0432\u0430\u043d\u043a\u0438<span style=\"font-size:1em;\">\" is licensed under CC BY 4.0 by Curious Learning.<\/span><\/h3>\n\n<hr>\n<h3 style=\"text-align: center;\"><span style=\"font-size:1em;\">Book builder - Abraham Jerry Kakooza<\/span><\/h3>\n\n<p style=\"text-align: center;\">&nbsp;<\/p>\n"},"metadata":{"contentType":"Text","license":"U","title":"Untitled Text"},"subContentId":"33da2529-d2f5-4184-9f05-626a2800f9d7"},"alwaysDisplayComments":false,"backgroundOpacity":0,"willDoAnimation":false,"animationType":"glow","displayAsButton":false,"buttonSize":"big","goToSlideType":"specified","invisible":false,"solution":""}],"slideBackgroundSelector":{}}],"keywordListEnabled":true,"globalBackgroundSelector":{},"keywordListAlwaysShow":false,"keywordListAutoHide":false,"keywordListOpacity":90},"override":{"activeSurface":false,"hideSummarySlide":false,"summarySlideSolutionButton":true,"summarySlideRetryButton":true,"enablePrintButton":false,"social":{"showFacebookShare":false,"facebookShare":{"url":"@currentpageurl","quote":"I scored @score out of @maxScore on a task at @currentpageurl."},"showTwitterShare":false,"twitterShare":{"statement":"I scored @score out of @maxScore on a task at @currentpageurl.","url":"@currentpageurl","hashtags":"h5p, course"},"showGoogleShare":false,"googleShareUrl":"@currentpageurl"}},"l10n":{"slide":"Slide","score":"Score","yourScore":"Your Score","maxScore":"Max Score","total":"Total","totalScore":"Total Score","showSolutions":"Show solutions","retry":"Retry","exportAnswers":"Export text","hideKeywords":"Hide sidebar navigation menu","showKeywords":"Show sidebar navigation menu","fullscreen":"Fullscreen","exitFullscreen":"Exit fullscreen","prevSlide":"Previous slide","nextSlide":"Next slide","currentSlide":"Current slide","lastSlide":"Last slide","solutionModeTitle":"Exit solution mode","solutionModeText":"Solution Mode","summaryMultipleTaskText":"Multiple tasks","scoreMessage":"You achieved:","shareFacebook":"Share on Facebook","shareTwitter":"Share on Twitter","shareGoogle":"Share on Google+","summary":"Summary","solutionsButtonTitle":"Show comments","printTitle":"Print","printIngress":"How would you like to print this presentation?","printAllSlides":"Print all slides","printCurrentSlide":"Print current slide","noTitle":"No title","accessibilitySlideNavigationExplanation":"Use left and right arrow to change slide in that direction whenever canvas is selected.","accessibilityCanvasLabel":"Presentation canvas. Use left and right arrow to move between slides.","containsNotCompleted":"@slideName contains not completed interaction","containsCompleted":"@slideName contains completed interaction","slideCount":"Slide @index of @total","containsOnlyCorrect":"@slideName only has correct answers","containsIncorrectAnswers":"@slideName has incorrect answers","shareResult":"Share Result","accessibilityTotalScore":"You got @score of @maxScore points in total","accessibilityEnteredFullscreen":"Entered fullscreen","accessibilityExitedFullscreen":"Exited fullscreen"}}