{"presentation":{"slides":[{"slideBackgroundSelector":{},"elements":[{"x":4.934210526315789,"y":6.497894682122992,"width":90.84424342105262,"height":87.71832926131934,"action":{"library":"H5P.Image 1.1","params":{"contentName":"Image","file":{"path":"images\/file-6707bfeec30d6.jpg","mime":"image\/jpeg","copyright":{"license":"U"},"width":1280,"height":720}},"subContentId":"96fd199c-333a-4556-926a-56d8b2cf0a22","metadata":{"contentType":"Image","license":"U","title":"Untitled Image"}},"backgroundOpacity":0,"willDoAnimation":false,"animationType":"glow","displayAsButton":false,"buttonSize":"big","goToSlideType":"specified","invisible":false},{"x":42.76315789473684,"y":6.497894682122992,"width":37.827302631578945,"height":9.743463117949785,"action":{"library":"H5P.CRAdvancedText 1.1","params":{"text":"<p><span style=\"font-size:1.5em;color:hsl(0,0%,100%);\"><strong>\u1291... \u1291!!<\/strong><\/span><\/p>"},"subContentId":"5181e534-9c21-47cc-abcc-6b45823fc172","metadata":{"contentType":"Text","license":"U","title":"Untitled Text"}},"alwaysDisplayComments":false,"backgroundOpacity":0,"willDoAnimation":false,"animationType":"glow","displayAsButton":false,"buttonSize":"big","goToSlideType":"specified","invisible":false,"solution":""}]},{"elements":[{"x":3.289473684210526,"y":6.497894682122992,"width":94.13898026315789,"height":87.71832926131934,"action":{"library":"H5P.Image 1.1","params":{"contentName":"Image","file":{"path":"images\/file-67077013b53b3.gif","mime":"image\/gif","copyright":{"license":"U"},"width":1280,"height":720}},"subContentId":"f7b47b0e-6a4f-49ad-8400-fdfcfceef02a","metadata":{"contentType":"Image","license":"U","title":"Untitled Image"}},"backgroundOpacity":0,"willDoAnimation":false,"animationType":"glow","displayAsButton":false,"buttonSize":"big","goToSlideType":"specified","invisible":false},{"x":24.67105263157895,"y":6.497894682122992,"width":54.27467105263158,"height":39.99941518947861,"action":{"library":"H5P.CRAdvancedText 1.1","params":{"text":"<p><span style=\"font-size:1.5em;color:hsl(0,0%,100%);\"><strong>\u1313\u12f0\u129b\u121e\u127d \u1290\u1295 \u12a0\u1265\u1228\u1295 \u1218\u1313\u12dd \u12a5\u1295\u12c8\u12f3\u1208\u1295 \u1290\u12ed \u12a5\u1295\u1202\u12f5 \u12f5\u1218\u1275 \u1313\u12f0\u129b\u127d\u1295 \u1320\u130b \u1320\u130b<\/strong><\/span><\/p>"},"subContentId":"c2da9744-257b-4230-8768-c8fbaff9306a","metadata":{"contentType":"Text","license":"U","title":"Untitled Text"}},"alwaysDisplayComments":false,"backgroundOpacity":0,"willDoAnimation":false,"animationType":"glow","displayAsButton":false,"buttonSize":"big","goToSlideType":"specified","invisible":false,"solution":""},{"x":47.00006578947369,"y":44.0012898320944,"width":40,"height":40,"action":{"library":"H5P.CRAudio 1.4","params":{"fitToWrapper":true,"currIndex":1,"playerMode":"minimalistic","controls":true,"autoplay":true,"playAudio":"Play audio","pauseAudio":"Pause audio","contentName":"Audio","glowColor":"#ffd85a","timeStampForEachText":[{"text":" \u1313\u12f0\u129b\u121e\u127d ","startDuration":"0.0414","endDuration":"0.8353","wordfile":[{"path":"audios\/wordfile-66eae1e08f795.wav","mime":"audio\/x-wav","copyright":{"license":"U"}}]},{"text":" \u1290\u1295 ","startDuration":"0.8363","endDuration":"1.3954","wordfile":[{"path":"audios\/wordfile-66eae1fb7ad38.wav","mime":"audio\/x-wav","copyright":{"license":"U"}}]},{"text":" \u12a0\u1265\u1228\u1295 ","startDuration":"1.3964","endDuration":"2.2179","wordfile":[{"path":"audios\/wordfile-66eae2157b191.wav","mime":"audio\/x-wav","copyright":{"license":"U"}}]},{"text":" \u1218\u1313\u12dd ","startDuration":"2.2051","endDuration":"2.6537","wordfile":[{"path":"audios\/wordfile-66eae23f225a8.wav","mime":"audio\/x-wav","copyright":{"license":"U"}}]},{"text":" \u12a5\u1295\u12c8\u12f3\u1208\u1295 ","startDuration":"2.6547","endDuration":"3.6833","wordfile":[{"path":"audios\/wordfile-66eae25411e9e.wav","mime":"audio\/x-wav","copyright":{"license":"U"}}]},{"text":" \u1290\u12ed ","startDuration":"3.6843","endDuration":"4.2986","wordfile":[{"path":"audios\/wordfile-66eae26f9793d.wav","mime":"audio\/x-wav","copyright":{"license":"U"}}]},{"text":" \u12a5\u1295\u1202\u12f5 ","startDuration":"4.2582","endDuration":"4.7206","wordfile":[{"path":"audios\/wordfile-66eae29b70f31.wav","mime":"audio\/x-wav","copyright":{"license":"U"}}]},{"text":" \u12f5\u1218\u1275 ","startDuration":"4.6802","endDuration":"5.0597","wordfile":[{"path":"audios\/wordfile-66eae2c5c7d0d.wav","mime":"audio\/x-wav","copyright":{"license":"U"}}]},{"text":" \u1313\u12f0\u129b\u127d\u1295 ","startDuration":"5.0607","endDuration":"6.1031","wordfile":[{"path":"audios\/wordfile-66eae2df9b823.wav","mime":"audio\/x-wav","copyright":{"license":"U"}}]},{"text":" \u1320\u130b ","startDuration":"6.2754","endDuration":"7.0570","wordfile":[{"path":"audios\/wordfile-6710d54438a2f.wav","mime":"audio\/x-wav","copyright":{"license":"U"}}]},{"text":" \u1320\u130b ","startDuration":"6.9951","endDuration":"7.8304","wordfile":[{"path":"audios\/wordfile-6710d5384ea66.wav","mime":"audio\/x-wav","copyright":{"license":"U"}}]}],"files":[{"path":"audios\/files-66eae1c51eb40.wav","mime":"audio\/x-wav","copyright":{"license":"U"}}]},"subContentId":"6713b769-a5a8-4a71-ab74-22e167fc4893","metadata":{"contentType":"Curious Reader Audio","license":"U","title":"Untitled Curious Reader Audio"}},"backgroundOpacity":0,"willDoAnimation":false,"animationType":"glow","displayAsButton":false,"buttonSize":"big","goToSlideType":"specified","invisible":false}],"slideBackgroundSelector":{}},{"elements":[{"x":3.289473684210526,"y":6.497894682122992,"width":94.13898026315789,"height":88.46266309715654,"action":{"library":"H5P.Image 1.1","params":{"contentName":"Image","file":{"path":"images\/file-6711fcb45c50a.png","mime":"image\/png","copyright":{"license":"U"},"width":1273,"height":720}},"subContentId":"914b0e5c-5890-49e0-8e93-720aecb9add2","metadata":{"contentType":"Image","license":"U","title":"Untitled Image"}},"backgroundOpacity":0,"willDoAnimation":false,"animationType":"glow","displayAsButton":false,"buttonSize":"big","goToSlideType":"specified","invisible":false},{"x":16.44736842105263,"y":6.497894682122992,"width":52.629934210526315,"height":39.99941518947861,"action":{"library":"H5P.CRAdvancedText 1.1","params":{"text":"<p><span style=\"font-size:1.5em;color:hsl(0,0%,100%);\"><strong>\u1313\u12f0\u129b\u121e\u127d \u1290\u1295 \u12a0\u1265\u1228\u1295 \u1218\u1313\u12dd \u12a5\u1295\u12c8\u12f3\u1208\u1295 \u1290\u12ed \u12a5\u1295\u1202\u12f5 \u1309\u1309\u1275 \u1313\u12f0\u129b\u127d\u1295 \u1320\u130b \u1320\u130b<\/strong><\/span><\/p>"},"subContentId":"f0f09a7a-c477-498e-b632-0fdfbac51c60","metadata":{"contentType":"Text","license":"U","title":"Untitled Text"}},"alwaysDisplayComments":false,"backgroundOpacity":0,"willDoAnimation":false,"animationType":"glow","displayAsButton":false,"buttonSize":"big","goToSlideType":"specified","invisible":false,"solution":""},{"x":47.00006578947369,"y":44.0012898320944,"width":40,"height":40,"action":{"library":"H5P.CRAudio 1.4","params":{"fitToWrapper":true,"currIndex":2,"playerMode":"minimalistic","controls":true,"autoplay":true,"playAudio":"Play audio","pauseAudio":"Pause audio","contentName":"Audio","glowColor":"#ffd85a","timeStampForEachText":[{"text":" \u1313\u12f0\u129b\u121e\u127d ","startDuration":"0.0000","endDuration":"0.8652","wordfile":[{"path":"audios\/wordfile-66eae7be52bc8.wav","mime":"audio\/x-wav","copyright":{"license":"U"}}]},{"text":" \u1290\u1295 ","startDuration":"0.8801","endDuration":"1.5928","wordfile":[{"path":"audios\/wordfile-66eae7d7e56e3.wav","mime":"audio\/x-wav","copyright":{"license":"U"}}]},{"text":" \u12a0\u1265\u1228\u1295 ","startDuration":"1.5938","endDuration":"2.1818","wordfile":[{"path":"audios\/wordfile-66eae7f5f1712.wav","mime":"audio\/x-wav","copyright":{"license":"U"}}]},{"text":" \u1218\u1313\u12dd ","startDuration":"2.1412","endDuration":"2.6599","wordfile":[{"path":"audios\/wordfile-66eae820e86df.wav","mime":"audio\/x-wav","copyright":{"license":"U"}}]},{"text":" \u12a5\u1295\u12c8\u12f3\u1208\u1295 ","startDuration":"2.6609","endDuration":"3.7478","wordfile":[{"path":"audios\/wordfile-66eae83f21219.wav","mime":"audio\/x-wav","copyright":{"license":"U"}}]},{"text":" \u1290\u12ed ","startDuration":"3.7488","endDuration":"4.3645","wordfile":[{"path":"audios\/wordfile-66eae86077df6.wav","mime":"audio\/x-wav","copyright":{"license":"U"}}]},{"text":" \u12a5\u1295\u1202\u12f5 ","startDuration":"4.4209","endDuration":"4.8426","wordfile":[{"path":"audios\/wordfile-66eae8b246982.wav","mime":"audio\/x-wav","copyright":{"license":"U"}}]},{"text":" \u1309\u1309\u1275 ","startDuration":"4.8436","endDuration":"5.2515","wordfile":[{"path":"audios\/wordfile-66eae8ce3cac4.wav","mime":"audio\/x-wav","copyright":{"license":"U"}}]},{"text":" \u1313\u12f0\u129b\u127d\u1295 ","startDuration":"5.2525","endDuration":"6.3255","wordfile":[{"path":"audios\/wordfile-66eae8e803071.wav","mime":"audio\/x-wav","copyright":{"license":"U"}}]},{"text":" \u1320\u130b ","startDuration":"6.4160","endDuration":"7.1704","wordfile":[{"path":"audios\/wordfile-6710d71ee193c.wav","mime":"audio\/x-wav","copyright":{"license":"U"}}]},{"text":" \u1320\u130b ","startDuration":"7.1704","endDuration":"7.8571","wordfile":[{"path":"audios\/wordfile-6710d7150b005.wav","mime":"audio\/x-wav","copyright":{"license":"U"}}]}],"files":[{"path":"audios\/files-66eae7a1ac146.wav","mime":"audio\/x-wav","copyright":{"license":"U"}}]},"subContentId":"7d62ffed-e7a2-4d4e-825c-e0bdfa588a56","metadata":{"contentType":"Curious Reader Audio","license":"U","title":"Untitled Curious Reader Audio"}},"backgroundOpacity":0,"willDoAnimation":false,"animationType":"glow","displayAsButton":false,"buttonSize":"big","goToSlideType":"specified","invisible":false},{"x":55.92105263157895,"y":22.739252482195766,"width":15.787763157894735,"height":14.931609658470657,"action":{"library":"H5P.Image 1.1","params":{"contentName":"Image"},"subContentId":"1e6547c1-49b1-475d-b34f-7d900c8ef041","metadata":{"contentType":"Image","license":"U","title":"Untitled Image"}},"backgroundOpacity":0,"willDoAnimation":true,"animationType":"glow","displayAsButton":false,"buttonSize":"big","goToSlideType":"specified","invisible":false,"id":"img7d62ffed-e7a2-4d4e-825c-e0bdfa588a56_7"}],"slideBackgroundSelector":{}},{"elements":[{"x":4.934210526315789,"y":6.497894682122992,"width":92.10361842105263,"height":87.70793262982795,"action":{"library":"H5P.Image 1.1","params":{"contentName":"Image","file":{"path":"images\/file-6707705713647.jpg","mime":"image\/jpeg","copyright":{"license":"U"},"width":1280,"height":720}},"subContentId":"ee5f80fd-11e5-4ce4-ac03-5af7f80b1408","metadata":{"contentType":"Image","license":"U","title":"Untitled Image"}},"backgroundOpacity":0,"willDoAnimation":false,"animationType":"glow","displayAsButton":false,"buttonSize":"big","goToSlideType":"specified","invisible":false},{"x":26.31578947368421,"y":9.746842023184488,"width":50.985197368421055,"height":39.99941518947861,"action":{"library":"H5P.CRAdvancedText 1.1","params":{"text":"<p><span style=\"font-size:1.5em;color:hsl(0,0%,100%);\"><strong>\u1313\u12f0\u129b\u121e\u127d \u1290\u1295 \u12a0\u1265\u1228\u1295 \u1218\u1313\u12dd \u12a5\u1295\u12c8\u12f3\u1208\u1295 \u1290\u12ed \u12a5\u1295\u1202\u12f5 \u1326\u1322\u1275 \u1313\u12f0\u129b\u127d\u1295 \u1320\u130b \u1320\u130b<\/strong><\/span><\/p>"},"subContentId":"42bbd5f3-67cd-47bb-844f-39cebc4235a2","metadata":{"contentType":"Text","license":"U","title":"Untitled Text"}},"alwaysDisplayComments":false,"backgroundOpacity":0,"willDoAnimation":false,"animationType":"glow","displayAsButton":false,"buttonSize":"big","goToSlideType":"specified","invisible":false,"solution":""},{"x":47.00006578947369,"y":44.0012898320944,"width":40,"height":40,"action":{"library":"H5P.CRAudio 1.4","params":{"fitToWrapper":true,"currIndex":3,"playerMode":"minimalistic","controls":true,"autoplay":true,"playAudio":"Play audio","pauseAudio":"Pause audio","contentName":"Audio","glowColor":"#ffd85a","timeStampForEachText":[{"text":" \u1313\u12f0\u129b\u121e\u127d ","startDuration":"0.0000","endDuration":"0.8652","wordfile":[{"path":"audios\/wordfile-66eaeb6f406b0.wav","mime":"audio\/x-wav","copyright":{"license":"U"}}]},{"text":" \u1290\u1295 ","startDuration":"0.8523","endDuration":"1.5096","wordfile":[{"path":"audios\/wordfile-66eaeb9810e04.wav","mime":"audio\/x-wav","copyright":{"license":"U"}}]},{"text":" \u12a0\u1265\u1228\u1295 ","startDuration":"1.5106","endDuration":"2.2233","wordfile":[{"path":"audios\/wordfile-66eaebc119090.wav","mime":"audio\/x-wav","copyright":{"license":"U"}}]},{"text":" \u1218\u1313\u12dd ","startDuration":"2.2243","endDuration":"2.6044","wordfile":[{"path":"audios\/wordfile-66eaebe20ca93.wav","mime":"audio\/x-wav","copyright":{"license":"U"}}]},{"text":" \u12a5\u1295\u12c8\u12f3\u1208\u1295 ","startDuration":"2.6054","endDuration":"3.8308","wordfile":[{"path":"audios\/wordfile-66eaebfc367b7.wav","mime":"audio\/x-wav","copyright":{"license":"U"}}]},{"text":" \u1290\u12ed ","startDuration":"3.8318","endDuration":"4.3921","wordfile":[{"path":"audios\/wordfile-66eaec1253956.wav","mime":"audio\/x-wav","copyright":{"license":"U"}}]},{"text":" \u12a5\u1295\u1202\u12f5 ","startDuration":"4.3931","endDuration":"4.9672","wordfile":[{"path":"audios\/wordfile-66eaec2fb5d77.wav","mime":"audio\/x-wav","copyright":{"license":"U"}}]},{"text":" \u1326\u1322\u1275 ","startDuration":"4.9682","endDuration":"5.3761","wordfile":[{"path":"audios\/wordfile-66eaec4f4d2bf.wav","mime":"audio\/x-wav","copyright":{"license":"U"}}]},{"text":" \u1313\u12f0\u129b\u127d\u1295 ","startDuration":"5.3771","endDuration":"6.3670","wordfile":[{"path":"audios\/wordfile-66eaec6c0bdaf.wav","mime":"audio\/x-wav","copyright":{"license":"U"}}]},{"text":" \u1320\u130b ","startDuration":"6.5407","endDuration":"7.2120","wordfile":[{"path":"audios\/wordfile-6710d8a8ae768.wav","mime":"audio\/x-wav","copyright":{"license":"U"}}]},{"text":" \u1320\u130b ","startDuration":"7.2120","endDuration":"7.8571","wordfile":[{"path":"audios\/wordfile-6710d89f29671.wav","mime":"audio\/x-wav","copyright":{"license":"U"}}]}],"files":[{"path":"audios\/files-66eaeb5b05c55.wav","mime":"audio\/x-wav","copyright":{"license":"U"}}]},"subContentId":"fe4fea34-91eb-45bc-a0c6-06e2764ccb46","metadata":{"contentType":"Curious Reader Audio","license":"U","title":"Untitled Curious Reader Audio"}},"backgroundOpacity":0,"willDoAnimation":false,"animationType":"glow","displayAsButton":false,"buttonSize":"big","goToSlideType":"specified","invisible":false},{"x":70.72368421052632,"y":45.48526277486095,"width":20.72203947368421,"height":39.99941518947861,"action":{"library":"H5P.Image 1.1","params":{"contentName":"Image"},"subContentId":"91424227-e8ec-414f-ac84-067fc52e5cd8","metadata":{"contentType":"Image","license":"U","title":"Untitled Image"}},"backgroundOpacity":0,"willDoAnimation":true,"animationType":"glow","displayAsButton":false,"buttonSize":"big","goToSlideType":"specified","invisible":false,"id":"imgfe4fea34-91eb-45bc-a0c6-06e2764ccb46_7"}],"slideBackgroundSelector":{}},{"elements":[{"x":6.578947368421052,"y":6.497894682122992,"width":92.10361842105263,"height":87.70793262982795,"action":{"library":"H5P.Image 1.1","params":{"contentName":"Image","file":{"path":"images\/file-66f3d4a510695.jpg","mime":"image\/jpeg","copyright":{"license":"U"},"width":1280,"height":720}},"subContentId":"ee5f80fd-11e5-4ce4-ac03-5af7f80b1408","metadata":{"contentType":"Image","license":"U","title":"Untitled Image"}},"backgroundOpacity":0,"willDoAnimation":false,"animationType":"glow","displayAsButton":false,"buttonSize":"big","goToSlideType":"specified","invisible":false},{"x":26.31578947368421,"y":9.733293912772263,"width":52.629934210526315,"height":22.73587357696107,"action":{"library":"H5P.CRAdvancedText 1.1","params":{"text":"<p><span style=\"font-size:1.5em;color:hsl(0,0%,100%);\"><strong>\u1313\u12f0\u129b\u121e\u127d \u1290\u1295 \u12a0\u1265\u1228\u1295 \u1218\u1313\u12dd \u12a5\u1295\u12c8\u12f3\u1208\u1295 \u1293 \u12a5\u1295\u1202\u12f5 \u12cd\u123b \u1313\u12f0\u129b\u127d\u1295 \u1320\u130b \u1320\u130b<\/strong><\/span><\/p>"},"subContentId":"c96e5ac8-2bed-4f06-ae4f-ad998a6b5c72","metadata":{"contentType":"Text","license":"U","title":"Untitled Text"}},"alwaysDisplayComments":false,"backgroundOpacity":0,"willDoAnimation":false,"animationType":"glow","displayAsButton":false,"buttonSize":"big","goToSlideType":"specified","invisible":false,"solution":""},{"x":47.00006578947369,"y":44.0012898320944,"width":40,"height":40,"action":{"library":"H5P.CRAudio 1.4","params":{"fitToWrapper":true,"currIndex":4,"playerMode":"minimalistic","controls":true,"autoplay":true,"playAudio":"Play audio","pauseAudio":"Pause audio","contentName":"Audio","glowColor":"#ffd85a","timeStampForEachText":[{"text":" \u1313\u12f0\u129b\u121e\u127d ","startDuration":"0.0000","endDuration":"0.8790","wordfile":[{"path":"audios\/wordfile-66eaed94ba1ee.wav","mime":"audio\/x-wav","copyright":{"license":"U"}}]},{"text":" \u1290\u1295 ","startDuration":"0.8523","endDuration":"1.4680","wordfile":[{"path":"audios\/wordfile-66eaedafa2a54.wav","mime":"audio\/x-wav","copyright":{"license":"U"}}]},{"text":" \u12a0\u1265\u1228\u1295 ","startDuration":"1.4967","endDuration":"2.2372","wordfile":[{"path":"audios\/wordfile-66eaedd2cef05.wav","mime":"audio\/x-wav","copyright":{"license":"U"}}]},{"text":" \u1218\u1313\u12dd ","startDuration":"2.2382","endDuration":"2.6183","wordfile":[{"path":"audios\/wordfile-66eaedeee5c4b.wav","mime":"audio\/x-wav","copyright":{"license":"U"}}]},{"text":" \u12a5\u1295\u12c8\u12f3\u1208\u1295 ","startDuration":"2.6193","endDuration":"3.8447","wordfile":[{"path":"audios\/wordfile-66eaee05ae27f.wav","mime":"audio\/x-wav","copyright":{"license":"U"}}]},{"text":" \u1293 ","startDuration":"3.8457","endDuration":"4.4060","wordfile":[{"path":"audios\/wordfile-66eaee1a2c8a5.wav","mime":"audio\/x-wav","copyright":{"license":"U"}}]},{"text":" \u12a5\u1295\u1202\u12f5 ","startDuration":"4.4070","endDuration":"4.7733","wordfile":[{"path":"audios\/wordfile-66eaee4524ac4.wav","mime":"audio\/x-wav","copyright":{"license":"U"}}]},{"text":" \u12cd\u123b ","startDuration":"4.7743","endDuration":"5.0713","wordfile":[{"path":"audios\/wordfile-66eaee69c19bb.wav","mime":"audio\/x-wav","copyright":{"license":"U"}}]},{"text":" \u1313\u12f0\u129b\u127d\u1295 ","startDuration":"5.0723","endDuration":"6.1869","wordfile":[{"path":"audios\/wordfile-66eaee7f99a7d.wav","mime":"audio\/x-wav","copyright":{"license":"U"}}]},{"text":" \u1320\u130b ","startDuration":"6.4516","endDuration":"7.1919","wordfile":[{"path":"audios\/wordfile-6710d8898728a.wav","mime":"audio\/x-wav","copyright":{"license":"U"}}]},{"text":" \u1320\u130b ","startDuration":"7.2336","endDuration":"7.8571","wordfile":[{"path":"audios\/wordfile-6710d87736623.wav","mime":"audio\/x-wav","copyright":{"license":"U"}}]}],"files":[{"path":"audios\/files-66eaed7b83994.wav","mime":"audio\/x-wav","copyright":{"license":"U"}}]},"subContentId":"827ac649-8945-4607-86e9-9c3f0320fdfa","metadata":{"contentType":"Curious Reader Audio","license":"U","title":"Untitled Curious Reader Audio"}},"backgroundOpacity":0,"willDoAnimation":false,"animationType":"glow","displayAsButton":false,"buttonSize":"big","goToSlideType":"specified","invisible":false},{"x":72.36842105263158,"y":32.48947341061496,"width":25.361513157894738,"height":39.99941518947861,"action":{"library":"H5P.Image 1.1","params":{"contentName":"Image"},"subContentId":"4a615f05-3a71-4d16-ad85-827f7d1ad729","metadata":{"contentType":"Image","license":"U","title":"Untitled Image"}},"backgroundOpacity":0,"willDoAnimation":true,"animationType":"glow","displayAsButton":false,"buttonSize":"big","goToSlideType":"specified","invisible":false,"id":"img827ac649-8945-4607-86e9-9c3f0320fdfa_7"}],"slideBackgroundSelector":{}},{"elements":[{"x":4.934210526315789,"y":6.497894682122992,"width":92.10361842105263,"height":87.70793262982795,"action":{"library":"H5P.Image 1.1","params":{"contentName":"Image","file":{"path":"images\/file-66f3d4c23c73c.jpg","mime":"image\/jpeg","copyright":{"license":"U"},"width":1280,"height":720}},"subContentId":"ee5f80fd-11e5-4ce4-ac03-5af7f80b1408","metadata":{"contentType":"Image","license":"U","title":"Untitled Image"}},"backgroundOpacity":0,"willDoAnimation":false,"animationType":"glow","displayAsButton":false,"buttonSize":"big","goToSlideType":"specified","invisible":false},{"x":29.605263157894736,"y":6.497894682122992,"width":50.985197368421055,"height":39.99941518947861,"action":{"library":"H5P.CRAdvancedText 1.1","params":{"text":"<p><span style=\"font-size:1.5em;color:hsl(0,0%,100%);\"><strong>\u1313\u12f0\u129b\u121e\u127d \u1290\u1295 \u12a0\u1265\u1228\u1295 \u1218\u1313\u12dd \u12a5\u1295\u12c8\u12f3\u1208\u1295 \u1290\u12ed \u12a5\u1295\u1202\u12f5 \u120b\u121d \u1313\u12f0\u129b\u127d\u1295 \u1320\u130b \u1320\u130b<\/strong><\/span><\/p>"},"subContentId":"851a1c21-19d2-4a72-b4f6-29cd2a94729c","metadata":{"contentType":"Text","license":"U","title":"Untitled Text"}},"alwaysDisplayComments":false,"backgroundOpacity":0,"willDoAnimation":false,"animationType":"glow","displayAsButton":false,"buttonSize":"big","goToSlideType":"specified","invisible":false,"solution":""},{"x":47.00006578947369,"y":44.0012898320944,"width":40,"height":40,"action":{"library":"H5P.CRAudio 1.4","params":{"fitToWrapper":true,"currIndex":5,"playerMode":"minimalistic","controls":true,"autoplay":true,"playAudio":"Play audio","pauseAudio":"Pause audio","contentName":"Audio","glowColor":"#ffd85a","timeStampForEachText":[{"text":" \u1313\u12f0\u129b\u121e\u127d ","startDuration":"0.0000","endDuration":"0.9023","wordfile":[{"path":"audios\/wordfile-66eaf038de52a.wav","mime":"audio\/x-wav","copyright":{"license":"U"}}]},{"text":" \u1290\u1295 ","startDuration":"0.9033","endDuration":"1.5106","wordfile":[{"path":"audios\/wordfile-66eaf05442e7e.wav","mime":"audio\/x-wav","copyright":{"license":"U"}}]},{"text":" \u12a0\u1265\u1228\u1295 ","startDuration":"1.5116","endDuration":"2.2454","wordfile":[{"path":"audios\/wordfile-66eaf0721cf72.wav","mime":"audio\/x-wav","copyright":{"license":"U"}}]},{"text":" \u1218\u1313\u12dd ","startDuration":"2.2464","endDuration":"2.6992","wordfile":[{"path":"audios\/wordfile-66eaf08d30e56.wav","mime":"audio\/x-wav","copyright":{"license":"U"}}]},{"text":" \u12a5\u1295\u12c8\u12f3\u1208\u1295 ","startDuration":"2.7002","endDuration":"3.6868","wordfile":[{"path":"audios\/wordfile-66eaf0a477e13.wav","mime":"audio\/x-wav","copyright":{"license":"U"}}]},{"text":" \u1290\u12ed ","startDuration":"3.6878","endDuration":"4.3373","wordfile":[{"path":"audios\/wordfile-66eaf0d23eb03.wav","mime":"audio\/x-wav","copyright":{"license":"U"}}]},{"text":" \u12a5\u1295\u1202\u12f5 ","startDuration":"4.3383","endDuration":"4.9316","wordfile":[{"path":"audios\/wordfile-66eaf0ea12266.wav","mime":"audio\/x-wav","copyright":{"license":"U"}}]},{"text":" \u120b\u121d ","startDuration":"4.8764","endDuration":"5.3433","wordfile":[{"path":"audios\/wordfile-66eaf1072bbb3.wav","mime":"audio\/x-wav","copyright":{"license":"U"}}]},{"text":" \u1313\u12f0\u129b\u127d\u1295 ","startDuration":"5.3443","endDuration":"6.2607","wordfile":[{"path":"audios\/wordfile-66eaf1e928653.wav","mime":"audio\/x-wav","copyright":{"license":"U"}}]},{"text":" \u1320\u130b ","startDuration":"6.4332","endDuration":"7.1811","wordfile":[{"path":"audios\/wordfile-6710d85a58212.wav","mime":"audio\/x-wav","copyright":{"license":"U"}}]},{"text":" \u1320\u130b ","startDuration":"7.1811","endDuration":"7.9643","wordfile":[{"path":"audios\/wordfile-6710d84e9bc1f.wav","mime":"audio\/x-wav","copyright":{"license":"U"}}]}],"files":[{"path":"audios\/files-66eaf01db6050.wav","mime":"audio\/x-wav","copyright":{"license":"U"}}]},"subContentId":"df32a164-7d8e-45f8-b716-bf0ecdafadec","metadata":{"contentType":"Curious Reader Audio","license":"U","title":"Untitled Curious Reader Audio"}},"backgroundOpacity":0,"willDoAnimation":false,"animationType":"glow","displayAsButton":false,"buttonSize":"big","goToSlideType":"specified","invisible":false},{"x":54.276315789473685,"y":25.99157872849197,"width":41.644407894736844,"height":39.99941518947861,"action":{"library":"H5P.Image 1.1","params":{"contentName":"Image"},"subContentId":"1634aec1-7e9a-47d4-82d6-e2d9e887556f","metadata":{"contentType":"Image","license":"U","title":"Untitled Image"}},"backgroundOpacity":0,"willDoAnimation":true,"animationType":"glow","displayAsButton":false,"buttonSize":"big","goToSlideType":"specified","invisible":false,"id":"imgdf32a164-7d8e-45f8-b716-bf0ecdafadec_7"}],"slideBackgroundSelector":{}},{"elements":[{"x":4.934210526315789,"y":6.497894682122992,"width":92.10361842105263,"height":87.70793262982795,"action":{"library":"H5P.Image 1.1","params":{"contentName":"Image","file":{"path":"images\/file-66f3d5154174a.jpg","mime":"image\/jpeg","copyright":{"license":"U"},"width":1280,"height":720}},"subContentId":"ee5f80fd-11e5-4ce4-ac03-5af7f80b1408","metadata":{"contentType":"Image","license":"U","title":"Untitled Image"}},"backgroundOpacity":0,"willDoAnimation":false,"animationType":"glow","displayAsButton":false,"buttonSize":"big","goToSlideType":"specified","invisible":false},{"x":27.960526315789476,"y":9.733293912772263,"width":52.629934210526315,"height":39.99941518947861,"action":{"library":"H5P.CRAdvancedText 1.1","params":{"text":"<p><span style=\"font-size:1.5em;color:hsl(0,0%,100%);\"><strong>\u1313\u12f0\u129b\u121e\u127d \u1290\u1295 \u12a0\u1265\u1228\u1295 \u1218\u1313\u12dd \u12a5\u1295\u12c8\u12f3\u1208\u1295 \u1293 \u12a5\u1295\u1202\u12f5 \u12a0\u1295\u1260\u1233 \u1313\u12f0\u129b\u127d\u1295 \u1320\u130b \u1320\u130b<\/strong><\/span><\/p>"},"subContentId":"edff9833-54d5-488f-9184-6f6fc4633e16","metadata":{"contentType":"Text","license":"U","title":"Untitled Text"}},"alwaysDisplayComments":false,"backgroundOpacity":0,"willDoAnimation":false,"animationType":"glow","displayAsButton":false,"buttonSize":"big","goToSlideType":"specified","invisible":false,"solution":""},{"x":47.00006578947369,"y":44.0012898320944,"width":40,"height":40,"action":{"library":"H5P.CRAudio 1.4","params":{"fitToWrapper":true,"currIndex":6,"playerMode":"minimalistic","controls":true,"autoplay":true,"playAudio":"Play audio","pauseAudio":"Pause audio","contentName":"Audio","glowColor":"#ffd85a","timeStampForEachText":[{"text":" \u1313\u12f0\u129b\u121e\u127d ","startDuration":"0.0000","endDuration":"0.8790","wordfile":[{"path":"audios\/wordfile-66eaf30a64e6c.wav","mime":"audio\/x-wav","copyright":{"license":"U"}}]},{"text":" \u1290\u1295 ","startDuration":"0.8384","endDuration":"1.6066","wordfile":[{"path":"audios\/wordfile-66eaf3266b95e.wav","mime":"audio\/x-wav","copyright":{"license":"U"}}]},{"text":" \u12a0\u1265\u1228\u1295 ","startDuration":"1.6353","endDuration":"2.1817","wordfile":[{"path":"audios\/wordfile-66eaf344b9165.wav","mime":"audio\/x-wav","copyright":{"license":"U"}}]},{"text":" \u1218\u1313\u12dd ","startDuration":"2.1827","endDuration":"2.6183","wordfile":[{"path":"audios\/wordfile-66eaf35e6d3ca.wav","mime":"audio\/x-wav","copyright":{"license":"U"}}]},{"text":" \u12a5\u1295\u12c8\u12f3\u1208\u1295 ","startDuration":"2.6193","endDuration":"3.7339","wordfile":[{"path":"audios\/wordfile-66eaf37908597.wav","mime":"audio\/x-wav","copyright":{"license":"U"}}]},{"text":" \u1293 ","startDuration":"3.7349","endDuration":"4.2675","wordfile":[{"path":"audios\/wordfile-66eaf39092187.wav","mime":"audio\/x-wav","copyright":{"license":"U"}}]},{"text":" \u12a5\u1295\u1202\u12f5 ","startDuration":"4.2408","endDuration":"4.7041","wordfile":[{"path":"audios\/wordfile-66eaf3b625f37.wav","mime":"audio\/x-wav","copyright":{"license":"U"}}]},{"text":" \u12a0\u1295\u1260\u1233 ","startDuration":"4.7051","endDuration":"5.1822","wordfile":[{"path":"audios\/wordfile-66eaf3ce981fe.wav","mime":"audio\/x-wav","copyright":{"license":"U"}}]},{"text":" \u1313\u12f0\u129b\u127d\u1295 ","startDuration":"5.1832","endDuration":"6.3532","wordfile":[{"path":"audios\/wordfile-66eaf3e09fd6e.wav","mime":"audio\/x-wav","copyright":{"license":"U"}}]},{"text":" \u1320\u130b ","startDuration":"6.2358","endDuration":"7.0811","wordfile":[{"path":"audios\/wordfile-6710d8309d93b.wav","mime":"audio\/x-wav","copyright":{"license":"U"}}]},{"text":" \u1320\u130b ","startDuration":"7.1504","endDuration":"7.8540","wordfile":[{"path":"audios\/wordfile-6710d82616469.wav","mime":"audio\/x-wav","copyright":{"license":"U"}}]}],"files":[{"path":"audios\/files-66eaf2ede7ff4.wav","mime":"audio\/x-wav","copyright":{"license":"U"}}]},"subContentId":"355ee9b8-bb18-4542-83ac-43d326c5ce1c","metadata":{"contentType":"Curious Reader Audio","license":"U","title":"Untitled Curious Reader Audio"}},"backgroundOpacity":0,"willDoAnimation":false,"animationType":"glow","displayAsButton":false,"buttonSize":"big","goToSlideType":"specified","invisible":false},{"x":72.36842105263158,"y":38.98736809273795,"width":22.366776315789476,"height":39.99941518947861,"action":{"library":"H5P.Image 1.1","params":{"contentName":"Image"},"subContentId":"06b88e12-8e9d-4773-8035-668d504077ff","metadata":{"contentType":"Image","license":"U","title":"Untitled Image"}},"backgroundOpacity":0,"willDoAnimation":true,"animationType":"glow","displayAsButton":false,"buttonSize":"big","goToSlideType":"specified","invisible":false,"id":"img355ee9b8-bb18-4542-83ac-43d326c5ce1c_7"}],"slideBackgroundSelector":{}},{"elements":[{"x":4.934210526315789,"y":6.497894682122992,"width":92.10361842105263,"height":87.70793262982795,"action":{"library":"H5P.Image 1.1","params":{"contentName":"Image","file":{"path":"images\/file-66f3d52d34d6a.jpg","mime":"image\/jpeg","copyright":{"license":"U"},"width":1280,"height":720}},"subContentId":"ee5f80fd-11e5-4ce4-ac03-5af7f80b1408","metadata":{"contentType":"Image","license":"U","title":"Untitled Image"}},"backgroundOpacity":0,"willDoAnimation":false,"animationType":"glow","displayAsButton":false,"buttonSize":"big","goToSlideType":"specified","invisible":false},{"x":27.960526315789473,"y":9.746842023184488,"width":52.629934210526315,"height":39.99941518947861,"action":{"library":"H5P.CRAdvancedText 1.1","params":{"text":"<p><span style=\"font-size:1.5em;color:hsl(0,0%,100%);\"><strong>\u1313\u12f0\u129b\u121e\u127d \u1290\u1295 \u12a0\u1265\u1228\u1295 \u1218\u1313\u12dd \u12a5\u1295\u12c8\u12f3\u1208\u1295 \u1290\u12ed \u12a5\u1295\u1202\u12f5 \u12dd\u1206\u1295 \u1313\u12f0\u129b\u127d\u1295 \u1320\u130b \u1320\u130b<\/strong><\/span><\/p><p><br>&nbsp;<\/p>"},"subContentId":"2321c700-a68d-46ad-aa72-1b13bc6f98df","metadata":{"contentType":"Text","license":"U","title":"Untitled Text"}},"alwaysDisplayComments":false,"backgroundOpacity":0,"willDoAnimation":false,"animationType":"glow","displayAsButton":false,"buttonSize":"big","goToSlideType":"specified","invisible":false,"solution":""},{"x":47.00006578947369,"y":44.0012898320944,"width":40,"height":40,"action":{"library":"H5P.CRAudio 1.4","params":{"fitToWrapper":true,"currIndex":7,"playerMode":"minimalistic","controls":true,"autoplay":true,"playAudio":"Play audio","pauseAudio":"Pause audio","contentName":"Audio","glowColor":"#ffd85a","timeStampForEachText":[{"text":" \u1313\u12f0\u129b\u121e\u127d ","startDuration":"0.0000","endDuration":"0.8648","wordfile":[{"path":"audios\/wordfile-66eaf5c80a4af.wav","mime":"audio\/x-wav","copyright":{"license":"U"}}]},{"text":" \u1290\u1295 ","startDuration":"0.8658","endDuration":"1.5782","wordfile":[{"path":"audios\/wordfile-66eaf5db1f614.wav","mime":"audio\/x-wav","copyright":{"license":"U"}}]},{"text":" \u12a0\u1265\u1228\u1295 ","startDuration":"1.5792","endDuration":"2.2362","wordfile":[{"path":"audios\/wordfile-66eaf5fcb1740.wav","mime":"audio\/x-wav","copyright":{"license":"U"}}]},{"text":" \u1218\u1313\u12dd ","startDuration":"2.2510","endDuration":"2.6449","wordfile":[{"path":"audios\/wordfile-66eaf61b3c5d2.wav","mime":"audio\/x-wav","copyright":{"license":"U"}}]},{"text":" \u12a5\u1295\u12c8\u12f3\u1208\u1295 ","startDuration":"2.6459","endDuration":"3.7184","wordfile":[{"path":"audios\/wordfile-66eaf6340c62c.wav","mime":"audio\/x-wav","copyright":{"license":"U"}}]},{"text":" \u1290\u12ed ","startDuration":"3.7194","endDuration":"4.2241","wordfile":[{"path":"audios\/wordfile-66eaf64a6d645.wav","mime":"audio\/x-wav","copyright":{"license":"U"}}]},{"text":" \u12a5\u1295\u1202\u12f5 ","startDuration":"4.2251","endDuration":"4.5913","wordfile":[{"path":"audios\/wordfile-66eaf66857121.wav","mime":"audio\/x-wav","copyright":{"license":"U"}}]},{"text":" \u12dd\u1206\u1295 ","startDuration":"4.5646","endDuration":"4.8892","wordfile":[{"path":"audios\/wordfile-66eaf69a70ef9.wav","mime":"audio\/x-wav","copyright":{"license":"U"}}]},{"text":" \u1313\u12f0\u129b\u127d\u1295 ","startDuration":"4.8902","endDuration":"6.1982","wordfile":[{"path":"audios\/wordfile-66eaf6c86620d.wav","mime":"audio\/x-wav","copyright":{"license":"U"}}]},{"text":" \u1320\u130b ","startDuration":"6.3570","endDuration":"7.0633","wordfile":[{"path":"audios\/wordfile-6710d80d98a65.wav","mime":"audio\/x-wav","copyright":{"license":"U"}}]},{"text":" \u1320\u130b ","startDuration":"7.1187","endDuration":"7.8034","wordfile":[{"path":"audios\/wordfile-6710d7fd4da82.wav","mime":"audio\/x-wav","copyright":{"license":"U"}}]}],"files":[{"path":"audios\/files-66eaf5ae7cc14.wav","mime":"audio\/x-wav","copyright":{"license":"U"}}]},"subContentId":"c5291854-df4c-4f06-868e-e1019830bb73","metadata":{"contentType":"Curious Reader Audio","license":"U","title":"Untitled Curious Reader Audio"}},"backgroundOpacity":0,"willDoAnimation":false,"animationType":"glow","displayAsButton":false,"buttonSize":"big","goToSlideType":"specified","invisible":false},{"x":74.01315789473685,"y":12.985652648541873,"width":23.55230263157895,"height":47.431382232156786,"action":{"library":"H5P.Image 1.1","params":{"contentName":"Image"},"subContentId":"ae2dd686-86a4-48f2-9e14-ce14a9ea9eac","metadata":{"contentType":"Image","license":"U","title":"Untitled Image"}},"backgroundOpacity":0,"willDoAnimation":true,"animationType":"glow","displayAsButton":false,"buttonSize":"big","goToSlideType":"specified","invisible":false,"id":"imgc5291854-df4c-4f06-868e-e1019830bb73_7"}],"slideBackgroundSelector":{}},{"elements":[{"x":4.934210526315789,"y":6.497894682122992,"width":92.10361842105263,"height":87.70793262982795,"action":{"library":"H5P.Image 1.1","params":{"contentName":"Image","file":{"path":"images\/file-66f3d5767a89b.jpg","mime":"image\/jpeg","copyright":{"license":"U"},"width":1280,"height":720}},"subContentId":"ee5f80fd-11e5-4ce4-ac03-5af7f80b1408","metadata":{"contentType":"Image","license":"U","title":"Untitled Image"}},"backgroundOpacity":0,"willDoAnimation":false,"animationType":"glow","displayAsButton":false,"buttonSize":"big","goToSlideType":"specified","invisible":false},{"x":27.960526315789473,"y":6.497894682122992,"width":52.629934210526315,"height":39.99941518947861,"action":{"library":"H5P.CRAdvancedText 1.1","params":{"text":"<p><span style=\"font-size:1.5em;color:hsl(0,0%,100%);\"><strong>\u1313\u12f0\u129b\u121e\u127d \u1290\u1295 \u12a0\u1265\u1228\u1295 \u1218\u1313\u12dd \u12a5\u1295\u12c8\u12f3\u1208\u1295 \u1293 \u12a5\u1295\u1202\u12f5 \u12a5\u1295\u1241\u122b\u122a\u1275 \u1313\u12f0\u129b\u127d\u1295 \u1320\u130b \u1320\u130b<\/strong><\/span><\/p>"},"subContentId":"e7aa962c-e693-43f8-973c-9ed1412ec667","metadata":{"contentType":"Text","license":"U","title":"Untitled Text"}},"alwaysDisplayComments":false,"backgroundOpacity":0,"willDoAnimation":false,"animationType":"glow","displayAsButton":false,"buttonSize":"big","goToSlideType":"specified","invisible":false,"solution":""},{"x":47.00006578947369,"y":44.0012898320944,"width":40,"height":40,"action":{"library":"H5P.CRAudio 1.4","params":{"fitToWrapper":true,"currIndex":8,"playerMode":"minimalistic","controls":true,"autoplay":true,"playAudio":"Play audio","pauseAudio":"Pause audio","contentName":"Audio","glowColor":"#ffd85a","timeStampForEachText":[{"text":" \u1313\u12f0\u129b\u121e\u127d ","startDuration":"0.0000","endDuration":"0.9300","wordfile":[{"path":"audios\/wordfile-66eafa04bb84f.wav","mime":"audio\/x-wav","copyright":{"license":"U"}}]},{"text":" \u1290\u1295 ","startDuration":"0.9310","endDuration":"1.4820","wordfile":[{"path":"audios\/wordfile-66eafa1fe4575.wav","mime":"audio\/x-wav","copyright":{"license":"U"}}]},{"text":" \u12a0\u1265\u1228\u1295 ","startDuration":"1.4830","endDuration":"2.1603","wordfile":[{"path":"audios\/wordfile-66eafa3c3ca21.wav","mime":"audio\/x-wav","copyright":{"license":"U"}}]},{"text":" \u1218\u1313\u12dd ","startDuration":"2.1613","endDuration":"2.5578","wordfile":[{"path":"audios\/wordfile-66eafa53df525.wav","mime":"audio\/x-wav","copyright":{"license":"U"}}]},{"text":" \u12a5\u1295\u12c8\u12f3\u1208\u1295 ","startDuration":"2.6150","endDuration":"3.8257","wordfile":[{"path":"audios\/wordfile-66eafa7acbb5a.wav","mime":"audio\/x-wav","copyright":{"license":"U"}}]},{"text":" \u1293 ","startDuration":"3.7565","endDuration":"4.3075","wordfile":[{"path":"audios\/wordfile-66eafab606157.wav","mime":"audio\/x-wav","copyright":{"license":"U"}}]},{"text":" \u12a5\u1295\u1202\u12f5 ","startDuration":"4.2524","endDuration":"4.5366","wordfile":[{"path":"audios\/wordfile-66eafb2a34d99.wav","mime":"audio\/x-wav","copyright":{"license":"U"}}]},{"text":" \u12a5\u1295\u1241\u122b\u122a\u1275 ","startDuration":"4.5376","endDuration":"5.2991","wordfile":[{"path":"audios\/wordfile-66eafb3edae1d.wav","mime":"audio\/x-wav","copyright":{"license":"U"}}]},{"text":" \u1313\u12f0\u129b\u127d\u1295 ","startDuration":"5.3001","endDuration":"6.3986","wordfile":[{"path":"audios\/wordfile-66eafb52e2efa.wav","mime":"audio\/x-wav","copyright":{"license":"U"}}]},{"text":" \u1320\u130b ","startDuration":"6.3560","endDuration":"7.1456","wordfile":[{"path":"audios\/wordfile-6710d7dbac100.wav","mime":"audio\/x-wav","copyright":{"license":"U"}}]},{"text":" \u1320\u130b ","startDuration":"7.3221","endDuration":"7.9598","wordfile":[{"path":"audios\/wordfile-6710d7d112cd4.wav","mime":"audio\/x-wav","copyright":{"license":"U"}}]}],"files":[{"path":"audios\/files-66eaf9efa7313.wav","mime":"audio\/x-wav","copyright":{"license":"U"}}]},"subContentId":"429008b1-3c41-41fb-9ba6-20db3bdb7ff9","metadata":{"contentType":"Curious Reader Audio","license":"U","title":"Untitled Curious Reader Audio"}},"backgroundOpacity":0,"willDoAnimation":false,"animationType":"glow","displayAsButton":false,"buttonSize":"big","goToSlideType":"specified","invisible":false},{"x":34.53947368421053,"y":22.742631387430475,"width":28.945723684210527,"height":30.245685397931073,"action":{"library":"H5P.Image 1.1","params":{"contentName":"Image"},"subContentId":"3e6869f5-1f10-485c-9ddf-697c7dd09849","metadata":{"contentType":"Image","license":"U","title":"Untitled Image"}},"backgroundOpacity":0,"willDoAnimation":true,"animationType":"glow","displayAsButton":false,"buttonSize":"big","goToSlideType":"specified","invisible":false,"id":"img429008b1-3c41-41fb-9ba6-20db3bdb7ff9_7"}],"slideBackgroundSelector":{}},{"slideBackgroundSelector":{},"elements":[{"x":3.289473684210526,"y":6.497894682122992,"width":94.13898026315789,"height":87.71832926131934,"action":{"library":"H5P.Image 1.1","params":{"contentName":"Image","file":{"path":"images\/file-66f3d59c5e7dc.gif","mime":"image\/gif","copyright":{"license":"U"},"width":1280,"height":720}},"subContentId":"f1d6dfa7-9b2a-4876-b731-7fac947dcf1a","metadata":{"contentType":"Image","license":"U","title":"Untitled Image"}},"backgroundOpacity":0,"willDoAnimation":false,"animationType":"glow","displayAsButton":false,"buttonSize":"big","goToSlideType":"specified","invisible":false},{"x":31.25,"y":9.746842023184488,"width":40,"height":40,"action":{"library":"H5P.CRAdvancedText 1.1","params":{"text":"<p><span style=\"font-size:1.5em;color:hsl(0, 0%, 100%);\"><strong>\u12a6\u12a6\u12a6\u12a6\u12a6\u12a6\u12a6\u12a6\u12a6\u12a6\u12a6\u12a6\u12a6\u12a6\u12a6\u12a6!<\/strong><\/span><\/p>"},"subContentId":"d68bb8d1-9fa3-488d-8c6a-2eff79b2fc4a","metadata":{"contentType":"Text","license":"U","title":"Untitled Text"}},"alwaysDisplayComments":false,"backgroundOpacity":0,"willDoAnimation":false,"animationType":"glow","displayAsButton":false,"buttonSize":"big","goToSlideType":"specified","invisible":false,"solution":""},{"x":47.00006578947369,"y":44.0012898320944,"width":40,"height":40,"action":{"library":"H5P.CRAudio 1.4","params":{"fitToWrapper":true,"currIndex":9,"playerMode":"minimalistic","controls":true,"autoplay":true,"playAudio":"Play audio","pauseAudio":"Pause audio","contentName":"Audio","glowColor":"#ffd85a","timeStampForEachText":[{"text":" \u12a6\u12a6\u12a6\u12a6\u12a6\u12a6\u12a6\u12a6\u12a6\u12a6\u12a6\u12a6\u12a6\u12a6\u12a6\u12a6! ","startDuration":"0.0000","endDuration":"2.1696","wordfile":[{"path":"audios\/wordfile-66eafc6e3380a.wav","mime":"audio\/x-wav","copyright":{"license":"U"}}]}],"files":[{"path":"audios\/files-66eafc5989928.wav","mime":"audio\/x-wav","copyright":{"license":"U"}}]},"subContentId":"426cba45-7631-495c-a11f-8c124bd1d2a5","metadata":{"contentType":"Curious Reader Audio","license":"U","title":"Untitled Curious Reader Audio"}},"backgroundOpacity":0,"willDoAnimation":false,"animationType":"glow","displayAsButton":false,"buttonSize":"big","goToSlideType":"specified","invisible":false}]},{"elements":[{"x":3.289473684210526,"y":6.497894682122992,"width":94.13898026315789,"height":90.96727660238084,"action":{"library":"H5P.Image 1.1","params":{"contentName":"Image","file":{"path":"images\/file-672f0a9371af7.png","mime":"image\/png","copyright":{"license":"U"},"width":1850,"height":934}},"subContentId":"2d25ead8-638c-4440-8d66-99c816623892","metadata":{"contentType":"Image","license":"U","title":"Untitled Image"}},"backgroundOpacity":0,"willDoAnimation":false,"animationType":"glow","displayAsButton":false,"buttonSize":"big","goToSlideType":"specified","invisible":false}],"slideBackgroundSelector":{}}],"keywordListEnabled":true,"globalBackgroundSelector":{},"keywordListAlwaysShow":false,"keywordListAutoHide":false,"keywordListOpacity":90},"override":{"activeSurface":false,"hideSummarySlide":false,"summarySlideSolutionButton":true,"summarySlideRetryButton":true,"enablePrintButton":false,"social":{"showFacebookShare":false,"facebookShare":{"url":"@currentpageurl","quote":"I scored @score out of @maxScore on a task at @currentpageurl."},"showTwitterShare":false,"twitterShare":{"statement":"I scored @score out of @maxScore on a task at @currentpageurl.","url":"@currentpageurl","hashtags":"h5p, course"},"showGoogleShare":false,"googleShareUrl":"@currentpageurl"}},"l10n":{"slide":"Slide","score":"Score","yourScore":"Your Score","maxScore":"Max Score","total":"Total","totalScore":"Total Score","showSolutions":"Show solutions","retry":"Retry","exportAnswers":"Export text","hideKeywords":"Hide sidebar navigation menu","showKeywords":"Show sidebar navigation menu","fullscreen":"Fullscreen","exitFullscreen":"Exit fullscreen","prevSlide":"Previous slide","nextSlide":"Next slide","currentSlide":"Current slide","lastSlide":"Last slide","solutionModeTitle":"Exit solution mode","solutionModeText":"Solution Mode","summaryMultipleTaskText":"Multiple tasks","scoreMessage":"You achieved:","shareFacebook":"Share on Facebook","shareTwitter":"Share on Twitter","shareGoogle":"Share on Google+","summary":"Summary","solutionsButtonTitle":"Show comments","printTitle":"Print","printIngress":"How would you like to print this presentation?","printAllSlides":"Print all slides","printCurrentSlide":"Print current slide","noTitle":"No title","accessibilitySlideNavigationExplanation":"Use left and right arrow to change slide in that direction whenever canvas is selected.","accessibilityCanvasLabel":"Presentation canvas. Use left and right arrow to move between slides.","containsNotCompleted":"@slideName contains not completed interaction","containsCompleted":"@slideName contains completed interaction","slideCount":"Slide @index of @total","containsOnlyCorrect":"@slideName only has correct answers","containsIncorrectAnswers":"@slideName has incorrect answers","shareResult":"Share Result","accessibilityTotalScore":"You got @score of @maxScore points in total","accessibilityEnteredFullscreen":"Entered fullscreen","accessibilityExitedFullscreen":"Exited fullscreen"}}