{"presentation":{"slides":[{"elements":[{"x":18.518518518519,"y":6.7063561014123,"width":67.059722222222,"height":67.058683664231,"action":{"library":"H5P.Image 1.1","params":{"contentName":"Image","file":{"path":"images\/file-619419a152c82.jpg","mime":"image\/jpeg","copyright":{"license":"U"},"width":959,"height":459}},"subContentId":"0c453c4e-b432-441a-91f8-c3a60e645c5b","metadata":{"contentType":"Image","license":"U","title":"Untitled Image"}},"backgroundOpacity":0,"willDoAnimation":false,"animationType":"glow","displayAsButton":false,"buttonSize":"big","goToSlideType":"specified","invisible":false},{"x":32.677995642701525,"y":81.67333333333333,"width":39.97821350762527,"height":13.978494623655912,"action":{"library":"H5P.CRAdvancedText 1.1","params":{"text":"<hr>\n<h2 style=\"text-align: center;\"><span style=\"font-size:2.25em;\">MELO<\/span><\/h2>\n"},"subContentId":"00696250-ca76-47e7-a2f3-8aea3e8a9975","metadata":{"contentType":"Text","license":"U","title":"Untitled Text"}},"alwaysDisplayComments":false,"backgroundOpacity":0,"willDoAnimation":false,"animationType":"glow","displayAsButton":false,"buttonSize":"big","goToSlideType":"specified","invisible":false,"solution":""}],"slideBackgroundSelector":{}},{"elements":[{"x":52.28758169934641,"y":36.44150537634408,"width":41.394335511982575,"height":49.46236559139785,"action":{"library":"H5P.CRAdvancedText 1.1","params":{"text":"<p style=\"text-align: center;\"><span style=\"color:#ffffff;\"><span style=\"font-size:2.25em;\">Mb\u00ebf\u00ebr dafa b\u00ebgg ay melo.<\/span><\/span><\/p>\n"},"subContentId":"e27ff98f-7634-4d6b-9daa-fb69a9ef1544","metadata":{"contentType":"Text","license":"U","title":"Untitled Text"}},"alwaysDisplayComments":false,"backgroundOpacity":0,"willDoAnimation":false,"animationType":"glow","displayAsButton":false,"buttonSize":"big","goToSlideType":"specified","invisible":false,"solution":""},{"x":9.4345751633987,"y":10.758842692809,"width":43.634204793028,"height":77.463667388226,"action":{"library":"H5P.Image 1.1","params":{"contentName":"Image","file":{"path":"images\/file-6192c60b0c3ff.jpg","mime":"image\/jpeg","copyright":{"license":"U"},"width":639,"height":689},"alt":"The bear likes many colours.","title":"The bear likes many colours."},"subContentId":"ded4f229-0d4a-4a1e-bc71-24420235d1d4","metadata":{"contentType":"Image","license":"U","title":"Untitled Image"}},"backgroundOpacity":0,"willDoAnimation":false,"animationType":"glow","displayAsButton":false,"buttonSize":"big","goToSlideType":"specified","invisible":false},{"x":47.00435729847495,"y":43.97849462365591,"width":40,"height":40,"action":{"library":"H5P.CRAudio 1.4","params":{"fitToWrapper":true,"currIndex":1,"playerMode":"minimalistic","controls":true,"autoplay":true,"playAudio":"Play audio","pauseAudio":"Pause audio","contentName":"Audio","glowColor":"#ffd85a","timeStampForEachText":[{"text":" Mb\u00ebf\u00ebr ","startDuration":"0.5217","endDuration":"1.3111","wordfile":[{"path":"audios\/wordfile-65356a0d5c61a.mp3","mime":"audio\/mpeg","copyright":{"license":"U"}}]},{"text":" dafa ","startDuration":"1.3121","endDuration":"1.8792","wordfile":[{"path":"audios\/wordfile-65356aa765d95.mp3","mime":"audio\/mpeg","copyright":{"license":"U"}}]},{"text":" b\u00ebgg ","startDuration":"1.8802","endDuration":"2.2589","wordfile":[{"path":"audios\/wordfile-65356abda533a.mp3","mime":"audio\/mpeg","copyright":{"license":"U"}}]},{"text":" ay ","startDuration":"2.2599","endDuration":"2.5565","wordfile":[{"path":"audios\/wordfile-65356addd8e7f.mp3","mime":"audio\/mpeg","copyright":{"license":"U"}}]},{"text":" melo. ","startDuration":"2.5575","endDuration":"2.9942","wordfile":[{"path":"audios\/wordfile-65356af33af59.mp3","mime":"audio\/mpeg","copyright":{"license":"U"}}]}],"files":[{"path":"audios\/files-653569edb0b6f.mp3","mime":"audio\/mpeg","copyright":{"license":"U"}}]},"subContentId":"4f3f3861-b110-4a5b-ab81-b8eacdb9ede4","metadata":{"contentType":"Curious Reader Audio","license":"U","title":"Untitled Curious Reader Audio"}},"backgroundOpacity":0,"willDoAnimation":false,"animationType":"glow","displayAsButton":false,"buttonSize":"big","goToSlideType":"specified","invisible":false},{"x":17.429193899782135,"y":40.86021505376344,"width":18.954248366013072,"height":33.54838709677419,"action":{"library":"H5P.Image 1.1","params":{"contentName":"Image"},"subContentId":"2f554700-a9b2-4cb0-a664-14d5e34d3061","metadata":{"contentType":"Image","license":"U","title":"Untitled Image"}},"backgroundOpacity":0,"willDoAnimation":true,"animationType":"glow","displayAsButton":false,"buttonSize":"big","goToSlideType":"specified","invisible":false,"id":"img4f3f3861-b110-4a5b-ab81-b8eacdb9ede4_0"}],"slideBackgroundSelector":{}},{"elements":[{"x":57.097603485838775,"y":40.836774193548386,"width":35.511982570806104,"height":29.677419354838708,"action":{"library":"H5P.CRAdvancedText 1.1","params":{"text":"<p style=\"text-align: center;\"><span style=\"color:#ffffff;\"><span style=\"font-size:2.25em;\">Mb\u00ebf\u00ebr dafa gis ay melo.<\/span><\/span><\/p>\n"},"subContentId":"2e8d04a4-32d7-4333-aa70-0583f938636e","metadata":{"contentType":"Text","license":"U","title":"Untitled Text"}},"alwaysDisplayComments":false,"backgroundOpacity":0,"willDoAnimation":false,"animationType":"glow","displayAsButton":false,"buttonSize":"big","goToSlideType":"specified","invisible":false,"solution":""},{"x":7.716049382716,"y":12.188619313696,"width":47.83950617284,"height":76.203714711611,"action":{"library":"H5P.Image 1.1","params":{"contentName":"Image","file":{"path":"images\/file-6192ca6194d20.jpg","mime":"image\/jpeg","copyright":{"license":"U"},"width":959,"height":689},"alt":"The bear wants to find more colours.","title":"The bear wants to find more colours."},"subContentId":"737296e0-2126-4508-8b0e-48cfcb278c3b","metadata":{"contentType":"Image","license":"U","title":"Untitled Image"}},"backgroundOpacity":0,"willDoAnimation":false,"animationType":"glow","displayAsButton":false,"buttonSize":"big","goToSlideType":"specified","invisible":false},{"x":47.00435729847495,"y":43.97849462365591,"width":40,"height":40,"action":{"library":"H5P.CRAudio 1.4","params":{"fitToWrapper":true,"currIndex":2,"playerMode":"minimalistic","controls":true,"autoplay":true,"playAudio":"Play audio","pauseAudio":"Pause audio","contentName":"Audio","glowColor":"#ffd85a","timeStampForEachText":[{"text":" Mb\u00ebf\u00ebr ","startDuration":"1.2591","endDuration":"2.4067","wordfile":[{"path":"audios\/wordfile-65356b5a8fb0b.mp3","mime":"audio\/mpeg","copyright":{"license":"U"}}]},{"text":" dafa ","startDuration":"2.4077","endDuration":"3.3658","wordfile":[{"path":"audios\/wordfile-65356b7966764.mp3","mime":"audio\/mpeg","copyright":{"license":"U"}}]},{"text":" gis ","startDuration":"3.3668","endDuration":"3.7496","wordfile":[{"path":"audios\/wordfile-65356b90907fd.mp3","mime":"audio\/mpeg","copyright":{"license":"U"}}]},{"text":" ay ","startDuration":"3.7506","endDuration":"4.1808","wordfile":[{"path":"audios\/wordfile-65356bb077e45.mp3","mime":"audio\/mpeg","copyright":{"license":"U"}}]},{"text":" melo. ","startDuration":"4.1818","endDuration":"4.8692","wordfile":[{"path":"audios\/wordfile-65356bcb06d6a.mp3","mime":"audio\/mpeg","copyright":{"license":"U"}}]}],"files":[{"path":"audios\/files-65356b3d55259.mp3","mime":"audio\/mpeg","copyright":{"license":"U"}}]},"subContentId":"7367df4b-a20c-4b95-aa97-35280fd7aaa1","metadata":{"contentType":"Curious Reader Audio","license":"U","title":"Untitled Curious Reader Audio"}},"backgroundOpacity":0,"willDoAnimation":false,"animationType":"glow","displayAsButton":false,"buttonSize":"big","goToSlideType":"specified","invisible":false},{"x":29.411764705882355,"y":47.31182795698924,"width":20.043572984749456,"height":40,"action":{"library":"H5P.Image 1.1","params":{"contentName":"Image"},"subContentId":"610139ec-d257-430d-9a4d-5688f193235f","metadata":{"contentType":"Image","license":"U","title":"Untitled Image"}},"backgroundOpacity":0,"willDoAnimation":true,"animationType":"glow","displayAsButton":false,"buttonSize":"big","goToSlideType":"specified","invisible":false,"id":"img7367df4b-a20c-4b95-aa97-35280fd7aaa1_0"}],"slideBackgroundSelector":{}},{"elements":[{"x":20.061728395062,"y":10.364368520364,"width":54.012345679012,"height":82.324179157255,"action":{"library":"H5P.Image 1.1","params":{"contentName":"Image","file":{"path":"images\/file-6192cdb96ece5.jpg","mime":"image\/jpeg","copyright":{"license":"U"},"width":959,"height":689}},"subContentId":"3f5f7611-7666-40b3-8661-7eea3624e6f1","metadata":{"contentType":"Image","license":"U","title":"Untitled Image"}},"backgroundOpacity":0,"willDoAnimation":false,"animationType":"glow","displayAsButton":false,"buttonSize":"big","goToSlideType":"specified","invisible":false}],"slideBackgroundSelector":{}},{"elements":[{"x":57.407407407407405,"y":40.78967741935484,"width":38.12636165577342,"height":32.25806451612903,"action":{"library":"H5P.CRAdvancedText 1.1","params":{"text":"<p style=\"text-align: center;\"><span style=\"color:#ffffff;\"><span style=\"font-size:2.25em;\">Nopp yu mboq <\/span><\/span><\/p>\n"},"subContentId":"a54619eb-1c66-4af9-a227-619280715f67","metadata":{"contentType":"Text","license":"U","title":"Untitled Text"}},"alwaysDisplayComments":false,"backgroundOpacity":0,"willDoAnimation":false,"animationType":"glow","displayAsButton":false,"buttonSize":"big","goToSlideType":"specified","invisible":false,"solution":""},{"x":10.802469135802,"y":9.1450310473804,"width":43.20987654321,"height":82.324179157255,"action":{"library":"H5P.Image 1.1","params":{"contentName":"Image","file":{"path":"images\/file-6192cdeb36256.jpg","mime":"image\/jpeg","copyright":{"license":"U"},"width":639,"height":689},"alt":"The bear has yellow ears.","title":"The bear has yellow ears."},"subContentId":"b7197406-f0a8-4407-b448-d858cd93c3f5","metadata":{"contentType":"Image","license":"U","title":"Untitled Image"}},"backgroundOpacity":0,"willDoAnimation":false,"animationType":"glow","displayAsButton":false,"buttonSize":"big","goToSlideType":"specified","invisible":false},{"x":47.00435729847495,"y":43.97849462365591,"width":40,"height":40,"action":{"library":"H5P.CRAudio 1.4","params":{"fitToWrapper":true,"currIndex":4,"playerMode":"minimalistic","controls":true,"autoplay":true,"playAudio":"Play audio","pauseAudio":"Pause audio","contentName":"Audio","glowColor":"#ffd85a","timeStampForEachText":[{"text":" Nopp ","startDuration":"0.7257","endDuration":"1.5173","wordfile":[{"path":"audios\/wordfile-65356c192d719.mp3","mime":"audio\/mpeg","copyright":{"license":"U"}}]},{"text":" yu ","startDuration":"1.5183","endDuration":"1.9494","wordfile":[{"path":"audios\/wordfile-65356c325c84b.mp3","mime":"audio\/mpeg","copyright":{"license":"U"}}]},{"text":" mboq ","startDuration":"1.9504","endDuration":"2.3723","wordfile":[{"path":"audios\/wordfile-65356c4cb2950.mp3","mime":"audio\/mpeg","copyright":{"license":"U"}}]}],"files":[{"path":"audios\/files-65356c021cfa4.mp3","mime":"audio\/mpeg","copyright":{"license":"U"}}]},"subContentId":"3917e618-ccba-4dc7-be06-be3f1630ff54","metadata":{"contentType":"Curious Reader Audio","license":"U","title":"Untitled Curious Reader Audio"}},"backgroundOpacity":0,"willDoAnimation":false,"animationType":"glow","displayAsButton":false,"buttonSize":"big","goToSlideType":"specified","invisible":false},{"x":15.250544662309368,"y":34.40860215053763,"width":11.328976034858389,"height":24.731182795698924,"action":{"library":"H5P.Image 1.1","params":{"contentName":"Image"},"subContentId":"368a2830-a0f5-4ac6-92c4-0fd87d25a186","metadata":{"contentType":"Image","license":"U","title":"Untitled Image"}},"backgroundOpacity":0,"willDoAnimation":true,"animationType":"glow","displayAsButton":false,"buttonSize":"big","goToSlideType":"specified","invisible":false,"id":"img3917e618-ccba-4dc7-be06-be3f1630ff54_0"},{"x":35.947712418300654,"y":30.10752688172043,"width":14.161220043572985,"height":22.58064516129032,"action":{"library":"H5P.Image 1.1","params":{"contentName":"Image"},"subContentId":"daa825d6-e8b2-492a-b0c6-857fb713cf63","metadata":{"contentType":"Image","license":"U","title":"Untitled Image"}},"backgroundOpacity":0,"willDoAnimation":true,"animationType":"glow","displayAsButton":false,"buttonSize":"big","goToSlideType":"specified","invisible":false,"id":"img3917e618-ccba-4dc7-be06-be3f1630ff54_0"},{"x":29.411764705882355,"y":12.903225806451612,"width":28.758169934640524,"height":28.602150537634408,"action":{"library":"H5P.Image 1.1","params":{"contentName":"Image"},"subContentId":"1ac43608-dff1-4796-a61f-d7d9d532100f","metadata":{"contentType":"Image","license":"U","title":"Untitled Image"}},"backgroundOpacity":0,"willDoAnimation":true,"animationType":"glow","displayAsButton":false,"buttonSize":"big","goToSlideType":"specified","invisible":false,"id":"img3917e618-ccba-4dc7-be06-be3f1630ff54_2"},{"x":14.161220043572984,"y":34.34817204301075,"width":13.507625272331156,"height":24.516129032258064,"action":{"library":"H5P.Image 1.1","params":{"contentName":"Image"},"subContentId":"9e9f1858-387c-4421-af2f-4ceecf7560cf","metadata":{"contentType":"Image","license":"U","title":"Untitled Image"}},"backgroundOpacity":0,"willDoAnimation":true,"animationType":"glow","displayAsButton":false,"buttonSize":"big","goToSlideType":"specified","invisible":false,"id":"img3917e618-ccba-4dc7-be06-be3f1630ff54_2"}],"slideBackgroundSelector":{}},{"elements":[{"x":23.148148148148,"y":7.3160248379043,"width":57.911419753086,"height":85.353623108884,"action":{"library":"H5P.Image 1.1","params":{"contentName":"Image","file":{"path":"images\/file-6192cf30c0d11.jpg","mime":"image\/jpeg","copyright":{"license":"U"},"width":959,"height":689}},"subContentId":"3c79600a-a804-4ff8-af60-a91e719e9c40","metadata":{"contentType":"Image","license":"U","title":"Untitled Image"}},"backgroundOpacity":0,"willDoAnimation":false,"animationType":"glow","displayAsButton":false,"buttonSize":"big","goToSlideType":"specified","invisible":false}],"slideBackgroundSelector":{}},{"elements":[{"x":54.01176470588235,"y":47.28150537634409,"width":35.511982570806104,"height":26.236559139784944,"action":{"library":"H5P.CRAdvancedText 1.1","params":{"text":"<p dir=\"ltr\" style=\"text-align: center;\"><span style=\"color:#ffffff;\"><span style=\"font-size:2.25em;\">Biir bu sokola<\/span><\/span><\/p>\n"},"subContentId":"d3fb2005-f6b3-4f87-928f-4a3ed662ef3b","metadata":{"contentType":"Text","license":"U","title":"Untitled Text"}},"alwaysDisplayComments":false,"backgroundOpacity":0,"willDoAnimation":false,"animationType":"glow","displayAsButton":false,"buttonSize":"big","goToSlideType":"specified","invisible":false,"solution":""},{"x":9.2592592592593,"y":11.888540361595,"width":43.20987654321,"height":82.324179157255,"action":{"library":"H5P.Image 1.1","params":{"contentName":"Image","file":{"path":"images\/file-6192cf701173e.jpg","mime":"image\/jpeg","copyright":{"license":"U"},"width":639,"height":689},"alt":"The bear has a brown tummy.","title":"The bear has a brown tummy."},"subContentId":"f055827c-d668-4fc7-83ae-408b86bd3d72","metadata":{"contentType":"Image","license":"U","title":"Untitled Image"}},"backgroundOpacity":0,"willDoAnimation":false,"animationType":"glow","displayAsButton":false,"buttonSize":"big","goToSlideType":"specified","invisible":false},{"x":47.00435729847495,"y":43.97849462365591,"width":40,"height":40,"action":{"library":"H5P.CRAudio 1.4","params":{"fitToWrapper":true,"currIndex":6,"playerMode":"minimalistic","controls":true,"autoplay":true,"playAudio":"Play audio","pauseAudio":"Pause audio","contentName":"Audio","glowColor":"#ffd85a","timeStampForEachText":[{"text":" Biir ","startDuration":"0.5373","endDuration":"1.3428","wordfile":[{"path":"audios\/wordfile-65356c7e881e4.mp3","mime":"audio\/mpeg","copyright":{"license":"U"}}]},{"text":" bu ","startDuration":"1.3438","endDuration":"1.8508","wordfile":[{"path":"audios\/wordfile-65356c9b0a8c3.mp3","mime":"audio\/mpeg","copyright":{"license":"U"}}]},{"text":" sokola ","startDuration":"1.8518","endDuration":"2.6232","wordfile":[{"path":"audios\/wordfile-65356cbf5a7af.mp3","mime":"audio\/mpeg","copyright":{"license":"U"}}]}],"files":[{"path":"audios\/files-65356c66b095c.mp3","mime":"audio\/mpeg","copyright":{"license":"U"}}]},"subContentId":"f4c80b91-1ce4-4f52-be0a-7d89ddf287ef","metadata":{"contentType":"Curious Reader Audio","license":"U","title":"Untitled Curious Reader Audio"}},"backgroundOpacity":0,"willDoAnimation":false,"animationType":"glow","displayAsButton":false,"buttonSize":"big","goToSlideType":"specified","invisible":false},{"x":22.875816993464053,"y":36.55913978494623,"width":15.686274509803923,"height":40,"action":{"library":"H5P.Image 1.1","params":{"contentName":"Image"},"subContentId":"8611d084-499f-4a18-b4b5-79fc7a360176","metadata":{"contentType":"Image","license":"U","title":"Untitled Image"}},"backgroundOpacity":0,"willDoAnimation":true,"animationType":"glow","displayAsButton":false,"buttonSize":"big","goToSlideType":"specified","invisible":false,"id":"imgf4c80b91-1ce4-4f52-be0a-7d89ddf287ef_0"},{"x":11.982570806100219,"y":15.023526881720429,"width":18.954248366013072,"height":54.62365591397849,"action":{"library":"H5P.Image 1.1","params":{"contentName":"Image"},"subContentId":"9f0beed9-4d7e-4cf0-9000-d432c2a17489","metadata":{"contentType":"Image","license":"U","title":"Untitled Image"}},"backgroundOpacity":0,"willDoAnimation":true,"animationType":"glow","displayAsButton":false,"buttonSize":"big","goToSlideType":"specified","invisible":false,"id":"imgf4c80b91-1ce4-4f52-be0a-7d89ddf287ef_2"},{"x":23.965141612200437,"y":36.55913978494623,"width":12.418300653594772,"height":40,"action":{"library":"H5P.Image 1.1","params":{"contentName":"Image"},"subContentId":"ac181e8e-d4e8-4bbd-86e4-fd584c3dd7a6","metadata":{"contentType":"Image","license":"U","title":"Untitled Image"}},"backgroundOpacity":0,"willDoAnimation":true,"animationType":"glow","displayAsButton":false,"buttonSize":"big","goToSlideType":"specified","invisible":false,"id":"imgf4c80b91-1ce4-4f52-be0a-7d89ddf287ef_2"},{"x":10.893246187363834,"y":79.52279569892472,"width":39.97821350762527,"height":14.193548387096772,"action":{"library":"H5P.Image 1.1","params":{"contentName":"Image"},"subContentId":"ac9d3998-0aa0-47f5-bb68-fc1a762070e4","metadata":{"contentType":"Image","license":"U","title":"Untitled Image"}},"backgroundOpacity":0,"willDoAnimation":true,"animationType":"glow","displayAsButton":false,"buttonSize":"big","goToSlideType":"specified","invisible":false,"id":"imgf4c80b91-1ce4-4f52-be0a-7d89ddf287ef_2"}],"slideBackgroundSelector":{}},{"elements":[{"x":20.059259259259,"y":12.188619313696,"width":58.641975308642,"height":76.742052205934,"action":{"library":"H5P.Image 1.1","params":{"contentName":"Image","file":{"path":"images\/file-6192d11771f42.jpg","mime":"image\/jpeg","copyright":{"license":"U"},"width":959,"height":689}},"subContentId":"a2969324-0f61-46da-b21c-714fcefa2df2","metadata":{"contentType":"Image","license":"U","title":"Untitled Image"}},"backgroundOpacity":0,"willDoAnimation":false,"animationType":"glow","displayAsButton":false,"buttonSize":"big","goToSlideType":"specified","invisible":false}],"slideBackgroundSelector":{}},{"elements":[{"x":10.185185185185,"y":9.7546997838724,"width":40.924074074074,"height":84.758281587699,"action":{"library":"H5P.Image 1.1","params":{"contentName":"Image","file":{"path":"images\/file-6194035e7ece6.jpg","mime":"image\/jpeg","copyright":{"license":"U"},"width":639,"height":689}},"subContentId":"cedc5b4b-cae8-40d5-a905-65178cb80f05","metadata":{"contentType":"Image","license":"U","title":"Untitled Image"}},"backgroundOpacity":0,"willDoAnimation":false,"animationType":"glow","displayAsButton":false,"buttonSize":"big","goToSlideType":"specified","invisible":false},{"x":50.108932461873636,"y":45.053763440860216,"width":44.66230936819172,"height":31.39784946236559,"action":{"library":"H5P.CRAdvancedText 1.1","params":{"text":"<p style=\"text-align: center;\"><span style=\"color:#ffffff;\"><span style=\"font-size:2.25em;\">G\u00e9m\u00e9\u00f1 bu xonx<\/span><\/span><\/p>\n"},"subContentId":"f60a0670-2206-46fa-beb1-8bd3f058ff11","metadata":{"contentType":"Text","license":"U","title":"Untitled Text"}},"alwaysDisplayComments":false,"backgroundOpacity":0,"willDoAnimation":false,"animationType":"glow","displayAsButton":false,"buttonSize":"big","goToSlideType":"specified","invisible":false,"solution":""},{"x":47.00435729847495,"y":43.97849462365591,"width":40,"height":40,"action":{"library":"H5P.CRAudio 1.4","params":{"fitToWrapper":true,"currIndex":8,"playerMode":"minimalistic","controls":true,"autoplay":true,"playAudio":"Play audio","pauseAudio":"Pause audio","contentName":"Audio","glowColor":"#ffd85a","timeStampForEachText":[{"text":" G\u00e9m\u00e9\u00f1 ","startDuration":"1.5557","endDuration":"2.4619","wordfile":[{"path":"audios\/wordfile-65356cf7d0e38.mp3","mime":"audio\/mpeg","copyright":{"license":"U"}}]},{"text":" bu ","startDuration":"2.4629","endDuration":"3.0105","wordfile":[{"path":"audios\/wordfile-65356d10d8963.mp3","mime":"audio\/mpeg","copyright":{"license":"U"}}]},{"text":" xonx ","startDuration":"3.0115","endDuration":"3.6197","wordfile":[{"path":"audios\/wordfile-65356d2f7c74a.mp3","mime":"audio\/mpeg","copyright":{"license":"U"}}]}],"files":[{"path":"audios\/files-65356ce2c01d1.mp3","mime":"audio\/mpeg","copyright":{"license":"U"}}]},"subContentId":"90c8c812-d733-4091-a1eb-8aeed3bd3213","metadata":{"contentType":"Curious Reader Audio","license":"U","title":"Untitled Curious Reader Audio"}},"backgroundOpacity":0,"willDoAnimation":false,"animationType":"glow","displayAsButton":false,"buttonSize":"big","goToSlideType":"specified","invisible":false},{"x":16.33986928104575,"y":23.65591397849462,"width":8.061002178649238,"height":7.526881720430107,"action":{"library":"H5P.Image 1.1","params":{"contentName":"Image"},"subContentId":"9c10a625-ce67-48e3-a24a-9f8f47667287","metadata":{"contentType":"Image","license":"U","title":"Untitled Image"}},"backgroundOpacity":0,"willDoAnimation":true,"animationType":"glow","displayAsButton":false,"buttonSize":"big","goToSlideType":"specified","invisible":false,"id":"img90c8c812-d733-4091-a1eb-8aeed3bd3213_0"},{"x":16.33986928104575,"y":23.65591397849462,"width":8.061002178649238,"height":7.526881720430107,"action":{"library":"H5P.Image 1.1","params":{"contentName":"Image"},"subContentId":"13a72926-298e-4b54-bc12-9d08ee312de9","metadata":{"contentType":"Image","license":"U","title":"Untitled Image"}},"backgroundOpacity":0,"willDoAnimation":true,"animationType":"glow","displayAsButton":false,"buttonSize":"big","goToSlideType":"specified","invisible":false,"id":"img90c8c812-d733-4091-a1eb-8aeed3bd3213_2"},{"x":30.501089324618736,"y":58.064516129032256,"width":12.309368191721132,"height":11.82795698924731,"action":{"library":"H5P.Image 1.1","params":{"contentName":"Image"},"subContentId":"da6b0dbd-ea27-4a68-9a74-fc09160ddbbb","metadata":{"contentType":"Image","license":"U","title":"Untitled Image"}},"backgroundOpacity":0,"willDoAnimation":true,"animationType":"glow","displayAsButton":false,"buttonSize":"big","goToSlideType":"specified","invisible":false,"id":"img90c8c812-d733-4091-a1eb-8aeed3bd3213_2"},{"x":11.982570806100219,"y":58.064516129032256,"width":8.061002178649238,"height":9.89247311827957,"action":{"library":"H5P.Image 1.1","params":{"contentName":"Image"},"subContentId":"2365f3a7-aade-461e-b379-ce6f80381f21","metadata":{"contentType":"Image","license":"U","title":"Untitled Image"}},"backgroundOpacity":0,"willDoAnimation":true,"animationType":"glow","displayAsButton":false,"buttonSize":"big","goToSlideType":"specified","invisible":false,"id":"img90c8c812-d733-4091-a1eb-8aeed3bd3213_2"},{"x":31.59041394335512,"y":79.56989247311827,"width":10.239651416122005,"height":9.677419354838708,"action":{"library":"H5P.Image 1.1","params":{"contentName":"Image"},"subContentId":"acca0549-69a6-4749-a139-db7719bca841","metadata":{"contentType":"Image","license":"U","title":"Untitled Image"}},"backgroundOpacity":0,"willDoAnimation":true,"animationType":"glow","displayAsButton":false,"buttonSize":"big","goToSlideType":"specified","invisible":false,"id":"img90c8c812-d733-4091-a1eb-8aeed3bd3213_2"},{"x":21.78649237472767,"y":57.99741935483871,"width":10.239651416122005,"height":12.043010752688172,"action":{"library":"H5P.Image 1.1","params":{"contentName":"Image"},"subContentId":"1b7521bb-b2dc-443b-9c8a-f7e0394528ca","metadata":{"contentType":"Image","license":"U","title":"Untitled Image"}},"backgroundOpacity":0,"willDoAnimation":true,"animationType":"glow","displayAsButton":false,"buttonSize":"big","goToSlideType":"specified","invisible":false,"id":"img90c8c812-d733-4091-a1eb-8aeed3bd3213_2"},{"x":19.607843137254903,"y":42.956989247311824,"width":8.169934640522875,"height":13.763440860215052,"action":{"library":"H5P.Image 1.1","params":{"contentName":"Image"},"subContentId":"81d0c7a3-cf3a-4587-bffe-ec03645b126d","metadata":{"contentType":"Image","license":"U","title":"Untitled Image"}},"backgroundOpacity":0,"willDoAnimation":true,"animationType":"glow","displayAsButton":false,"buttonSize":"big","goToSlideType":"specified","invisible":false,"id":"img90c8c812-d733-4091-a1eb-8aeed3bd3213_2"}],"slideBackgroundSelector":{}},{"elements":[{"x":18.518518518519,"y":9.1355202150911,"width":61.728395061728,"height":79.256935743964,"action":{"library":"H5P.Image 1.1","params":{"contentName":"Image","file":{"path":"images\/file-6193ed5b8592f.jpg","mime":"image\/jpeg","copyright":{"license":"U"},"width":959,"height":689}},"subContentId":"64bf02f3-a49a-4edf-9aa0-39a15d53e1ec","metadata":{"contentType":"Image","license":"U","title":"Untitled Image"}},"backgroundOpacity":0,"willDoAnimation":false,"animationType":"glow","displayAsButton":false,"buttonSize":"big","goToSlideType":"specified","invisible":false}],"slideBackgroundSelector":{}},{"elements":[{"x":54.46623093681917,"y":45.134408602150536,"width":39.97821350762527,"height":31.39784946236559,"action":{"library":"H5P.CRAdvancedText 1.1","params":{"text":"<p style=\"text-align: center;\"><span style=\"color:#ffffff;\"><span style=\"font-size:2.25em;\">Loxo yu baxa<\/span><\/span><\/p>\n"},"subContentId":"9ec81b23-2866-4083-bddd-86a044453085","metadata":{"contentType":"Text","license":"U","title":"Untitled Text"}},"alwaysDisplayComments":false,"backgroundOpacity":0,"willDoAnimation":false,"animationType":"glow","displayAsButton":false,"buttonSize":"big","goToSlideType":"specified","invisible":false,"solution":""},{"x":9.2592592592593,"y":9.4498654156264,"width":43.20987654321,"height":79.037759833195,"action":{"library":"H5P.Image 1.1","params":{"contentName":"Image","file":{"path":"images\/file-6193eda9313ec.jpg","mime":"image\/jpeg","copyright":{"license":"U"},"width":639,"height":689},"alt":"The bear has blue hands.","title":"The bear has blue hands."},"subContentId":"e9ece4bd-00f1-4ec9-bce6-19b0a27e9600","metadata":{"contentType":"Image","license":"U","title":"Untitled Image"}},"backgroundOpacity":0,"willDoAnimation":false,"animationType":"glow","displayAsButton":false,"buttonSize":"big","goToSlideType":"specified","invisible":false},{"x":47.00435729847495,"y":43.97849462365591,"width":40,"height":40,"action":{"library":"H5P.CRAudio 1.4","params":{"fitToWrapper":true,"currIndex":10,"playerMode":"minimalistic","controls":true,"autoplay":true,"playAudio":"Play audio","pauseAudio":"Pause audio","contentName":"Audio","glowColor":"#ffd85a","timeStampForEachText":[{"text":" Loxo ","startDuration":"0.4368","endDuration":"1.4608","wordfile":[{"path":"audios\/wordfile-65356d63dec6c.mp3","mime":"audio\/mpeg","copyright":{"license":"U"}}]},{"text":" yu ","startDuration":"1.8490","endDuration":"2.2066","wordfile":[{"path":"audios\/wordfile-65356d7a4d41c.mp3","mime":"audio\/mpeg","copyright":{"license":"U"}}]},{"text":" baxa ","startDuration":"2.2076","endDuration":"2.8849","wordfile":[{"path":"audios\/wordfile-65356d9110f57.mp3","mime":"audio\/mpeg","copyright":{"license":"U"}}]}],"files":[{"path":"audios\/files-65356d49916fe.mp3","mime":"audio\/mpeg","copyright":{"license":"U"}}]},"subContentId":"205c804b-bfeb-4b31-85de-f61e7f39da63","metadata":{"contentType":"Curious Reader Audio","license":"U","title":"Untitled Curious Reader Audio"}},"backgroundOpacity":0,"willDoAnimation":false,"animationType":"glow","displayAsButton":false,"buttonSize":"big","goToSlideType":"specified","invisible":false},{"x":20.697167755991288,"y":12.883053763440861,"width":5.882352941176471,"height":13.763440860215052,"action":{"library":"H5P.Image 1.1","params":{"contentName":"Image"},"subContentId":"56ab5d59-da16-460c-a822-2deae92f404f","metadata":{"contentType":"Image","license":"U","title":"Untitled Image"}},"backgroundOpacity":0,"willDoAnimation":true,"animationType":"glow","displayAsButton":false,"buttonSize":"big","goToSlideType":"specified","invisible":false,"id":"img205c804b-bfeb-4b31-85de-f61e7f39da63_0"},{"x":34.85838779956427,"y":10.745978494623657,"width":9.041394335511983,"height":13.978494623655912,"action":{"library":"H5P.Image 1.1","params":{"contentName":"Image"},"subContentId":"c45bf46d-56c8-49a1-93f5-622151b8f890","metadata":{"contentType":"Image","license":"U","title":"Untitled Image"}},"backgroundOpacity":0,"willDoAnimation":true,"animationType":"glow","displayAsButton":false,"buttonSize":"big","goToSlideType":"specified","invisible":false,"id":"img205c804b-bfeb-4b31-85de-f61e7f39da63_0"},{"x":37.03703703703704,"y":21.478494623655912,"width":11.328976034858389,"height":50.32258064516129,"action":{"library":"H5P.Image 1.1","params":{"contentName":"Image"},"subContentId":"db775c5b-c516-4f23-984e-4e0790236d1b","metadata":{"contentType":"Image","license":"U","title":"Untitled Image"}},"backgroundOpacity":0,"willDoAnimation":true,"animationType":"glow","displayAsButton":false,"buttonSize":"big","goToSlideType":"specified","invisible":false,"id":"img205c804b-bfeb-4b31-85de-f61e7f39da63_2"},{"x":13.071895424836601,"y":23.65591397849462,"width":11.328976034858389,"height":40,"action":{"library":"H5P.Image 1.1","params":{"contentName":"Image"},"subContentId":"e8efd5af-27ae-4d61-96cc-0ecaf2510caf","metadata":{"contentType":"Image","license":"U","title":"Untitled Image"}},"backgroundOpacity":0,"willDoAnimation":true,"animationType":"glow","displayAsButton":false,"buttonSize":"big","goToSlideType":"specified","invisible":false,"id":"img205c804b-bfeb-4b31-85de-f61e7f39da63_2"},{"x":34.85838779956427,"y":10.725806451612902,"width":4.793028322440088,"height":11.61290322580645,"action":{"library":"H5P.Image 1.1","params":{"contentName":"Image"},"subContentId":"6b3f7ee5-d66c-4bc3-a009-421994aa9bdf","metadata":{"contentType":"Image","license":"U","title":"Untitled Image"}},"backgroundOpacity":0,"willDoAnimation":true,"animationType":"glow","displayAsButton":false,"buttonSize":"big","goToSlideType":"specified","invisible":false,"id":"img205c804b-bfeb-4b31-85de-f61e7f39da63_2"},{"x":20.697167755991288,"y":12.862903225806452,"width":8.061002178649238,"height":11.61290322580645,"action":{"library":"H5P.Image 1.1","params":{"contentName":"Image"},"subContentId":"33198963-199a-420e-8b39-cd185d4b5054","metadata":{"contentType":"Image","license":"U","title":"Untitled Image"}},"backgroundOpacity":0,"willDoAnimation":true,"animationType":"glow","displayAsButton":false,"buttonSize":"big","goToSlideType":"specified","invisible":false,"id":"img205c804b-bfeb-4b31-85de-f61e7f39da63_2"}],"slideBackgroundSelector":{}},{"elements":[{"x":23.148148148148,"y":9.1450310473804,"width":55.555555555556,"height":86.08248208336,"action":{"library":"H5P.Image 1.1","params":{"contentName":"Image","file":{"path":"images\/file-6193eea91df22.jpg","mime":"image\/jpeg","copyright":{"license":"U"},"width":959,"height":689}},"subContentId":"fbd5b87a-920f-496d-a024-6815955858f2","metadata":{"contentType":"Image","license":"U","title":"Untitled Image"}},"backgroundOpacity":0,"willDoAnimation":false,"animationType":"glow","displayAsButton":false,"buttonSize":"big","goToSlideType":"specified","invisible":false}],"slideBackgroundSelector":{}},{"elements":[{"x":52.46797385620915,"y":45.134408602150536,"width":39.97821350762527,"height":28.387096774193544,"action":{"library":"H5P.CRAdvancedText 1.1","params":{"text":"<p style=\"text-align: center;\"><span style=\"color:#ffffff;\"><span style=\"font-size:2.25em;\">Ndigg bu n\u00ebt\u00ebx<\/span><\/span><\/p>\n"},"subContentId":"87bb7851-d4d8-4805-8f0c-2ecad339c109","metadata":{"contentType":"Text","license":"U","title":"Untitled Text"}},"alwaysDisplayComments":false,"backgroundOpacity":0,"willDoAnimation":false,"animationType":"glow","displayAsButton":false,"buttonSize":"big","goToSlideType":"specified","invisible":false,"solution":""},{"x":7.716049382716,"y":12.193374729841,"width":41.596759259259,"height":79.256935743964,"action":{"library":"H5P.Image 1.1","params":{"contentName":"Image","file":{"path":"images\/file-6193ef231da7c.jpg","mime":"image\/jpeg","copyright":{"license":"U"},"width":639,"height":689},"alt":"The bear has a green back.","title":"The bear has a green back."},"subContentId":"7a48eac6-c7d1-4942-a286-7cb0177ec7b7","metadata":{"contentType":"Image","license":"U","title":"Untitled Image"}},"backgroundOpacity":0,"willDoAnimation":false,"animationType":"glow","displayAsButton":false,"buttonSize":"big","goToSlideType":"specified","invisible":false},{"x":47.00435729847495,"y":43.97849462365591,"width":40,"height":40,"action":{"library":"H5P.CRAudio 1.4","params":{"fitToWrapper":true,"currIndex":12,"playerMode":"minimalistic","controls":true,"autoplay":true,"playAudio":"Play audio","pauseAudio":"Pause audio","contentName":"Audio","glowColor":"#ffd85a","timeStampForEachText":[{"text":" Ndigg ","startDuration":"0.2729","endDuration":"0.9932","wordfile":[{"path":"audios\/wordfile-65356dff15ddb.mp3","mime":"audio\/mpeg","copyright":{"license":"U"}}]},{"text":" bu ","startDuration":"1.5741","endDuration":"1.9447","wordfile":[{"path":"audios\/wordfile-65356e1aaa5cd.mp3","mime":"audio\/mpeg","copyright":{"license":"U"}}]},{"text":" n\u00ebt\u00ebx ","startDuration":"1.9457","endDuration":"2.6702","wordfile":[{"path":"audios\/wordfile-65356e30e9744.mp3","mime":"audio\/mpeg","copyright":{"license":"U"}}]}],"files":[{"path":"audios\/files-65356dcd08a25.mp3","mime":"audio\/mpeg","copyright":{"license":"U"}}]},"subContentId":"2fccb838-300c-4826-af0a-f2d5f1806a16","metadata":{"contentType":"Curious Reader Audio","license":"U","title":"Untitled Curious Reader Audio"}},"backgroundOpacity":0,"willDoAnimation":false,"animationType":"glow","displayAsButton":false,"buttonSize":"big","goToSlideType":"specified","invisible":false},{"x":19.607843137254903,"y":53.72989247311828,"width":12.418300653594772,"height":24.946236559139784,"action":{"library":"H5P.Image 1.1","params":{"contentName":"Image"},"subContentId":"9757c4c1-6ac7-427b-aa8a-d9126936d2db","metadata":{"contentType":"Image","license":"U","title":"Untitled Image"}},"backgroundOpacity":0,"willDoAnimation":true,"animationType":"glow","displayAsButton":false,"buttonSize":"big","goToSlideType":"specified","invisible":false,"id":"img2fccb838-300c-4826-af0a-f2d5f1806a16_0"},{"x":20.697167755991288,"y":55.81311827956989,"width":10.239651416122005,"height":20.64516129032258,"action":{"library":"H5P.Image 1.1","params":{"contentName":"Image"},"subContentId":"af9ebaff-575b-453d-a7e1-6588cec20811","metadata":{"contentType":"Image","license":"U","title":"Untitled Image"}},"backgroundOpacity":0,"willDoAnimation":true,"animationType":"glow","displayAsButton":false,"buttonSize":"big","goToSlideType":"specified","invisible":false,"id":"img2fccb838-300c-4826-af0a-f2d5f1806a16_2"},{"x":32.677995642701525,"y":6.431440860215052,"width":22.54901960784314,"height":56.77419354838709,"action":{"library":"H5P.Image 1.1","params":{"contentName":"Image"},"subContentId":"39f321fe-6a51-4ba0-b825-77bc4da19f62","metadata":{"contentType":"Image","license":"U","title":"Untitled Image"}},"backgroundOpacity":0,"willDoAnimation":true,"animationType":"glow","displayAsButton":false,"buttonSize":"big","goToSlideType":"specified","invisible":false,"id":"img2fccb838-300c-4826-af0a-f2d5f1806a16_2"}],"slideBackgroundSelector":{}},{"elements":[{"x":24.691358024691,"y":9.1450310473804,"width":55.555555555556,"height":79.247485878548,"action":{"library":"H5P.Image 1.1","params":{"contentName":"Image","file":{"path":"images\/file-6193f02cab490.jpg","mime":"image\/jpeg","copyright":{"license":"U"},"width":959,"height":689}},"subContentId":"38afd990-5537-49f4-b854-a692d2cc3574","metadata":{"contentType":"Image","license":"U","title":"Untitled Image"}},"backgroundOpacity":0,"willDoAnimation":false,"animationType":"glow","displayAsButton":false,"buttonSize":"big","goToSlideType":"specified","invisible":false}],"slideBackgroundSelector":{}},{"elements":[{"x":37.037037037037,"y":9.1450310473804,"width":52.469135802469,"height":78.623489926748,"action":{"library":"H5P.Image 1.1","params":{"contentName":"Image","file":{"path":"images\/file-6193f06ce0659.jpg","mime":"image\/jpeg","copyright":{"license":"U"},"width":959,"height":689},"alt":"The bear has pink legs.","title":"The bear has pink legs."},"subContentId":"38891266-337e-43fc-8f0f-d29d70aa11cf","metadata":{"contentType":"Image","license":"U","title":"Untitled Image"}},"backgroundOpacity":0,"willDoAnimation":false,"animationType":"glow","displayAsButton":false,"buttonSize":"big","goToSlideType":"specified","invisible":false},{"x":7.715479302832244,"y":45.134408602150536,"width":39.97821350762527,"height":31.39784946236559,"action":{"library":"H5P.CRAdvancedText 1.1","params":{"text":"<p style=\"text-align: center;\"><span style=\"color:#ffffff;\"><span style=\"font-size:2.25em;\">Tank yu roos <\/span><\/span><\/p>\n"},"subContentId":"876b422e-6525-4834-ad2c-7cf6c738bcf6","metadata":{"contentType":"Text","license":"U","title":"Untitled Text"}},"alwaysDisplayComments":false,"backgroundOpacity":0,"willDoAnimation":false,"animationType":"glow","displayAsButton":false,"buttonSize":"big","goToSlideType":"specified","invisible":false,"solution":""},{"x":47.00435729847495,"y":43.97849462365591,"width":40,"height":40,"action":{"library":"H5P.CRAudio 1.4","params":{"fitToWrapper":true,"currIndex":14,"playerMode":"minimalistic","controls":true,"autoplay":true,"playAudio":"Play audio","pauseAudio":"Pause audio","contentName":"Audio","glowColor":"#ffd85a","timeStampForEachText":[{"text":" Tank ","startDuration":"1.1879","endDuration":"1.7530","wordfile":[{"path":"audios\/wordfile-65356e64876d2.mp3","mime":"audio\/mpeg","copyright":{"license":"U"}}]},{"text":" yu ","startDuration":"2.1423","endDuration":"2.4023","wordfile":[{"path":"audios\/wordfile-65356e7b81271.mp3","mime":"audio\/mpeg","copyright":{"license":"U"}}]},{"text":" roos ","startDuration":"2.4033","endDuration":"2.9823","wordfile":[{"path":"audios\/wordfile-65356ea460d65.mp3","mime":"audio\/mpeg","copyright":{"license":"U"}}]}],"files":[{"path":"audios\/files-65356e4ee0795.mp3","mime":"audio\/mpeg","copyright":{"license":"U"}}]},"subContentId":"ea9fb30b-245d-470d-8ed6-15061352ae64","metadata":{"contentType":"Curious Reader Audio","license":"U","title":"Untitled Curious Reader Audio"}},"backgroundOpacity":0,"willDoAnimation":false,"animationType":"glow","displayAsButton":false,"buttonSize":"big","goToSlideType":"specified","invisible":false},{"x":71.89542483660131,"y":70.8367741935484,"width":3.7037037037037037,"height":7.741935483870967,"action":{"library":"H5P.Image 1.1","params":{"contentName":"Image"},"subContentId":"4671a13d-f15c-49b2-8b43-88fd973ebfd9","metadata":{"contentType":"Image","license":"U","title":"Untitled Image"}},"backgroundOpacity":0,"willDoAnimation":true,"animationType":"glow","displayAsButton":false,"buttonSize":"big","goToSlideType":"specified","invisible":false,"id":"imgea9fb30b-245d-470d-8ed6-15061352ae64_0"},{"x":70.80610021786492,"y":66.5458064516129,"width":8.061002178649238,"height":9.89247311827957,"action":{"library":"H5P.Image 1.1","params":{"contentName":"Image"},"subContentId":"80783df1-2035-4148-adc8-500e95d0f80b","metadata":{"contentType":"Image","license":"U","title":"Untitled Image"}},"backgroundOpacity":0,"willDoAnimation":true,"animationType":"glow","displayAsButton":false,"buttonSize":"big","goToSlideType":"specified","invisible":false,"id":"imgea9fb30b-245d-470d-8ed6-15061352ae64_1"},{"x":67.5363834422658,"y":70.8367741935484,"width":22.22222222222222,"height":14.193548387096772,"action":{"library":"H5P.Image 1.1","params":{"contentName":"Image"},"subContentId":"a9539046-2f4a-48f3-8e08-67c1108f17a4","metadata":{"contentType":"Image","license":"U","title":"Untitled Image"}},"backgroundOpacity":0,"willDoAnimation":true,"animationType":"glow","displayAsButton":false,"buttonSize":"big","goToSlideType":"specified","invisible":false,"id":"imgea9fb30b-245d-470d-8ed6-15061352ae64_2"}],"slideBackgroundSelector":{}},{"elements":[{"x":54.46623093681917,"y":42.983870967741936,"width":39.97821350762527,"height":31.39784946236559,"action":{"library":"H5P.CRAdvancedText 1.1","params":{"text":"<p dir=\"ltr\" style=\"text-align: center;\"><span style=\"color:#ffffff;\"><span style=\"font-size:2.25em;\">Mb\u00ebf\u00ebr bu b\u00ebri melo.<\/span><\/span><\/p>\n"},"subContentId":"4a543816-49e0-4aa6-87c4-307e852f8015","metadata":{"contentType":"Text","license":"U","title":"Untitled Text"}},"alwaysDisplayComments":false,"backgroundOpacity":0,"willDoAnimation":false,"animationType":"glow","displayAsButton":false,"buttonSize":"big","goToSlideType":"specified","invisible":false,"solution":""},{"x":7.716049382716,"y":15.241718412301,"width":44.753086419753,"height":68.211567244937,"action":{"library":"H5P.Image 1.1","params":{"contentName":"Image","file":{"path":"images\/file-6193f18373075.jpg","mime":"image\/jpeg","copyright":{"license":"U"},"width":959,"height":689},"alt":"The bear is colourful.","title":"The bear is colourful."},"subContentId":"b485e879-03e9-42e1-97e6-ef2f952a1a7f","metadata":{"contentType":"Image","license":"U","title":"Untitled Image"}},"backgroundOpacity":0,"willDoAnimation":false,"animationType":"glow","displayAsButton":false,"buttonSize":"big","goToSlideType":"specified","invisible":false},{"x":47.00435729847495,"y":43.97849462365591,"width":40,"height":40,"action":{"library":"H5P.CRAudio 1.4","params":{"fitToWrapper":true,"currIndex":15,"playerMode":"minimalistic","controls":true,"autoplay":true,"playAudio":"Play audio","pauseAudio":"Pause audio","contentName":"Audio","glowColor":"#ffd85a","timeStampForEachText":[{"text":" Mb\u00ebf\u00ebr ","startDuration":"1.0532","endDuration":"1.9899","wordfile":[{"path":"audios\/wordfile-65356ed63c652.mp3","mime":"audio\/mpeg","copyright":{"license":"U"}}]},{"text":" bu ","startDuration":"2.4456","endDuration":"2.7607","wordfile":[{"path":"audios\/wordfile-65356ef09c477.mp3","mime":"audio\/mpeg","copyright":{"license":"U"}}]},{"text":" b\u00ebri ","startDuration":"2.7617","endDuration":"3.3531","wordfile":[{"path":"audios\/wordfile-65356f0580cdd.mp3","mime":"audio\/mpeg","copyright":{"license":"U"}}]},{"text":" melo. ","startDuration":"3.3541","endDuration":"4.1642","wordfile":[{"path":"audios\/wordfile-65356f1f45ccc.mp3","mime":"audio\/mpeg","copyright":{"license":"U"}}]}],"files":[{"path":"audios\/files-65356ec337866.mp3","mime":"audio\/mpeg","copyright":{"license":"U"}}]},"subContentId":"4934fa32-3680-4f90-9d59-63a3d0763d55","metadata":{"contentType":"Curious Reader Audio","license":"U","title":"Untitled Curious Reader Audio"}},"backgroundOpacity":0,"willDoAnimation":false,"animationType":"glow","displayAsButton":false,"buttonSize":"big","goToSlideType":"specified","invisible":false},{"x":7.625272331154684,"y":8.575268817204302,"width":13.507625272331156,"height":50.32258064516129,"action":{"library":"H5P.Image 1.1","params":{"contentName":"Image"},"subContentId":"245d497e-2ebe-44c2-8a8a-6b27619ac3f3","metadata":{"contentType":"Image","license":"U","title":"Untitled Image"}},"backgroundOpacity":0,"willDoAnimation":true,"animationType":"glow","displayAsButton":false,"buttonSize":"big","goToSlideType":"specified","invisible":false,"id":"img4934fa32-3680-4f90-9d59-63a3d0763d55_0"},{"x":33.7673202614379,"y":40.836774193548386,"width":19.607843137254903,"height":45.806451612903224,"action":{"library":"H5P.Image 1.1","params":{"contentName":"Image"},"subContentId":"0d90e58c-3757-4752-b6f5-f6c967d1472c","metadata":{"contentType":"Image","license":"U","title":"Untitled Image"}},"backgroundOpacity":0,"willDoAnimation":true,"animationType":"glow","displayAsButton":false,"buttonSize":"big","goToSlideType":"specified","invisible":false,"id":"img4934fa32-3680-4f90-9d59-63a3d0763d55_0"}],"slideBackgroundSelector":{}},{"elements":[{"x":24.691358024691,"y":12.188619313696,"width":52.220833333333,"height":79.252058394072,"action":{"library":"H5P.Image 1.1","params":{"contentName":"Image","file":{"path":"images\/file-6193f33076eb9.jpg","mime":"image\/jpeg","copyright":{"license":"U"},"width":959,"height":689}},"subContentId":"508d687c-717e-4c95-9e3b-9646c6b0c1fd","metadata":{"contentType":"Image","license":"U","title":"Untitled Image"}},"backgroundOpacity":0,"willDoAnimation":false,"animationType":"glow","displayAsButton":false,"buttonSize":"big","goToSlideType":"specified","invisible":false}],"slideBackgroundSelector":{}},{"elements":[{"x":23.148148148148,"y":9.1355202150911,"width":54.012345679012,"height":82.329056507147,"action":{"library":"H5P.Image 1.1","params":{"contentName":"Image","file":{"path":"images\/file-6193f352af4e7.jpg","mime":"image\/jpeg","copyright":{"license":"U"},"width":959,"height":689}},"subContentId":"ba71b18f-27dd-4a37-81b8-c9e1a6dfe70a","metadata":{"contentType":"Image","license":"U","title":"Untitled Image"}},"backgroundOpacity":0,"willDoAnimation":false,"animationType":"glow","displayAsButton":false,"buttonSize":"big","goToSlideType":"specified","invisible":false}],"slideBackgroundSelector":{}},{"elements":[{"x":23.148148148148,"y":9.1402756312358,"width":56.389814814815,"height":81.657506393901,"action":{"library":"H5P.Image 1.1","params":{"contentName":"Image","file":{"path":"images\/file-6193f364db3db.jpg","mime":"image\/jpeg","copyright":{"license":"U"},"width":959,"height":689}},"subContentId":"4e8065d2-d429-4333-a254-1d7610419237","metadata":{"contentType":"Image","license":"U","title":"Untitled Image"}},"backgroundOpacity":0,"willDoAnimation":false,"animationType":"glow","displayAsButton":false,"buttonSize":"big","goToSlideType":"specified","invisible":false}],"slideBackgroundSelector":{}},{"elements":[{"x":6.1728395061728,"y":12.193374729841,"width":56.418827160494,"height":79.256935743964,"action":{"library":"H5P.Image 1.1","params":{"contentName":"Image","file":{"path":"images\/file-6193f39fd5849.jpg","mime":"image\/jpeg","copyright":{"license":"U"},"width":959,"height":689},"alt":"Oops, the bear has no more colours.","title":"Oops, the bear has no more colours."},"subContentId":"fe8871a8-0a24-4756-bdba-a60da4900bcd","metadata":{"contentType":"Image","license":"U","title":"Untitled Image"}},"backgroundOpacity":0,"willDoAnimation":false,"animationType":"glow","displayAsButton":false,"buttonSize":"big","goToSlideType":"specified","invisible":false},{"x":38.12636165577342,"y":33.44086021505376,"width":57.734204793028326,"height":40,"action":{"library":"H5P.CRAdvancedText 1.1","params":{"text":"<p style=\"text-align: center;\"><span style=\"color:#ffffff;\"><span style=\"font-size:2.25em;\">Am a tul benen melo.<\/span><\/span><\/p>\n"},"subContentId":"9b9eb553-4a38-4793-845a-359d8f726c8a","metadata":{"contentType":"Text","license":"U","title":"Untitled Text"}},"alwaysDisplayComments":false,"backgroundOpacity":0,"willDoAnimation":false,"animationType":"glow","displayAsButton":false,"buttonSize":"big","goToSlideType":"specified","invisible":false,"solution":""},{"x":47.00435729847495,"y":43.97849462365591,"width":40,"height":40,"action":{"library":"H5P.CRAudio 1.4","params":{"fitToWrapper":true,"currIndex":19,"playerMode":"minimalistic","controls":true,"autoplay":true,"playAudio":"Play audio","pauseAudio":"Pause audio","contentName":"Audio","glowColor":"#ffd85a","timeStampForEachText":[{"text":" Am ","startDuration":"1.4182","endDuration":"1.6559","wordfile":[{"path":"audios\/wordfile-65356f5598600.mp3","mime":"audio\/mpeg","copyright":{"license":"U"}}]},{"text":" a ","startDuration":"1.6569","endDuration":"1.8569","wordfile":[{"path":"audios\/wordfile-65356f69d19f5.mp3","mime":"audio\/mpeg","copyright":{"license":"U"}}]},{"text":" tul ","startDuration":"1.8579","endDuration":"2.3123","wordfile":[{"path":"audios\/wordfile-65356f80a2fb5.mp3","mime":"audio\/mpeg","copyright":{"license":"U"}}]},{"text":" benen ","startDuration":"2.3133","endDuration":"2.8620","wordfile":[{"path":"audios\/wordfile-65356f9a4766e.mp3","mime":"audio\/mpeg","copyright":{"license":"U"}}]},{"text":" melo. ","startDuration":"2.8630","endDuration":"3.5153","wordfile":[{"path":"audios\/wordfile-65356fac2f9cf.mp3","mime":"audio\/mpeg","copyright":{"license":"U"}}]}],"files":[{"path":"audios\/files-65356f34262bd.mp3","mime":"audio\/mpeg","copyright":{"license":"U"}}]},"subContentId":"0a523950-36b8-4203-a02e-92e29c26c8d3","metadata":{"contentType":"Curious Reader Audio","license":"U","title":"Untitled Curious Reader Audio"}},"backgroundOpacity":0,"willDoAnimation":false,"animationType":"glow","displayAsButton":false,"buttonSize":"big","goToSlideType":"specified","invisible":false},{"x":22.875816993464053,"y":49.46236559139785,"width":22.54901960784314,"height":13.763440860215052,"action":{"library":"H5P.Image 1.1","params":{"contentName":"Image"},"subContentId":"83c05067-3a71-4730-a942-6ca8c267a743","metadata":{"contentType":"Image","license":"U","title":"Untitled Image"}},"backgroundOpacity":0,"willDoAnimation":true,"animationType":"glow","displayAsButton":false,"buttonSize":"big","goToSlideType":"specified","invisible":false,"id":"img0a523950-36b8-4203-a02e-92e29c26c8d3_4"}],"slideBackgroundSelector":{}},{"elements":[{"x":7.653061224489796,"y":20.151133501259444,"width":86.86224489795919,"height":79.84886649874055,"action":{"library":"H5P.CRAdvancedText 1.1","params":{"text":"<h3 style=\"text-align: center;\"><span style=\"font-size:0.6875em;\">\"MELO\" story credits<\/span><\/h3>\n\n<hr>\n<h3 style=\"text-align: center;\"><span style=\"font-size:0.6875em;\">This work, \"MELO\", is a derivative of \"Colours\" as translated by Alisha Berger and used under CC BY. The \u00a9 for this translation lies with Room to Read, 2015. \"Colours\" is based on the original story: \u0930\u0902\u0917, by Priyanka. \u00a9 Room to Read, 2015.<\/span><\/h3>\n\n<h3 style=\"text-align: center;\"><span style=\"font-size:0.6875em;\">This work, \"MELO\" is licensed under CC BY 4.0 by Curious Learning.&nbsp; &nbsp; &nbsp; &nbsp;<\/span><\/h3>\n\n<h3 style=\"text-align: center;\"><span style=\"font-size:0.6875em;\">Book builder - Abraham Jerry Kakooza<\/span><\/h3>\n\n<hr>\n<h3 style=\"text-align: center;\"><span style=\"font-size:0.6875em;\">This story 'Rang' has been published on StoryWeaver by Room to Read.<\/span><\/h3>\n\n<h3 style=\"text-align: center;\"><span style=\"font-size:0.6875em;\">Disclaimer:https:\/\/www.storyweaver.org.in\/terms_and_conditions<\/span><\/h3>\n"},"metadata":{"contentType":"Text","license":"U","title":"Untitled Text"},"subContentId":"882e4226-d676-431c-bec2-df3878466ef4"},"alwaysDisplayComments":false,"backgroundOpacity":0,"willDoAnimation":false,"animationType":"glow","displayAsButton":false,"buttonSize":"big","goToSlideType":"specified","invisible":false,"solution":""},{"x":42.09183673469388,"y":6.045340050377834,"width":19.005102040816325,"height":10.327455919395465,"action":{"library":"H5P.Image 1.1","params":{"contentName":"Image","file":{"path":"images\/file-61fb29a5596cb.png","mime":"image\/png","copyright":{"license":"U"},"width":814,"height":202}},"metadata":{"contentType":"Image","license":"U","title":"Untitled Image"},"subContentId":"dc6ef083-ac6d-4085-959b-07cee0d8546e"},"backgroundOpacity":0,"willDoAnimation":false,"animationType":"glow","displayAsButton":false,"buttonSize":"big","goToSlideType":"specified","invisible":false},{"x":10.204081632653061,"y":7.556675062972292,"width":15.433673469387756,"height":11.083123425692694,"action":{"library":"H5P.Image 1.1","params":{"contentName":"Image","file":{"path":"images\/file-61fb296cf2c04.png","mime":"image\/png","copyright":{"license":"U"},"width":1350,"height":487}},"metadata":{"contentType":"Image","license":"U","title":"Untitled Image"},"subContentId":"3cb6a3a1-ffc3-4a31-85bd-b09eb0af67a3"},"backgroundOpacity":0,"willDoAnimation":false,"animationType":"glow","displayAsButton":false,"buttonSize":"big","goToSlideType":"specified","invisible":false},{"x":71.42857142857143,"y":5.79345088161209,"width":25.127551020408163,"height":10.075566750629722,"action":{"library":"H5P.Image 1.1","params":{"contentName":"Image","file":{"path":"images\/file-61fb28cb969ac.jpg","mime":"image\/jpeg","copyright":{"license":"U"},"width":1732,"height":354}},"metadata":{"contentType":"Image","license":"U","title":"Untitled Image"},"subContentId":"48d7c7b0-99fd-4efc-a7fb-6ce1ff9c6ce1"},"backgroundOpacity":0,"willDoAnimation":false,"animationType":"glow","displayAsButton":false,"buttonSize":"big","goToSlideType":"specified","invisible":false}],"slideBackgroundSelector":{}}],"keywordListEnabled":true,"globalBackgroundSelector":{"fillGlobalBackground":"#ffffff"},"keywordListAlwaysShow":false,"keywordListAutoHide":false,"keywordListOpacity":90},"override":{"activeSurface":false,"hideSummarySlide":false,"summarySlideSolutionButton":true,"summarySlideRetryButton":true,"enablePrintButton":false,"social":{"showFacebookShare":false,"facebookShare":{"url":"@currentpageurl","quote":"I scored @score out of @maxScore on a task at @currentpageurl."},"showTwitterShare":false,"twitterShare":{"statement":"I scored @score out of @maxScore on a task at @currentpageurl.","url":"@currentpageurl","hashtags":"h5p, course"},"showGoogleShare":false,"googleShareUrl":"@currentpageurl"}},"l10n":{"slide":"Slide","score":"Score","yourScore":"Your Score","maxScore":"Max Score","total":"Total","totalScore":"Total Score","showSolutions":"Show solutions","retry":"Retry","exportAnswers":"Export text","hideKeywords":"Hide sidebar navigation menu","showKeywords":"Show sidebar navigation menu","fullscreen":"Fullscreen","exitFullscreen":"Exit fullscreen","prevSlide":"Previous slide","nextSlide":"Next slide","currentSlide":"Current slide","lastSlide":"Last slide","solutionModeTitle":"Exit solution mode","solutionModeText":"Solution Mode","summaryMultipleTaskText":"Multiple tasks","scoreMessage":"You achieved:","shareFacebook":"Share on Facebook","shareTwitter":"Share on Twitter","shareGoogle":"Share on Google+","summary":"Summary","solutionsButtonTitle":"Show comments","printTitle":"Print","printIngress":"How would you like to print this presentation?","printAllSlides":"Print all slides","printCurrentSlide":"Print current slide","noTitle":"No title","accessibilitySlideNavigationExplanation":"Use left and right arrow to change slide in that direction whenever canvas is selected.","accessibilityCanvasLabel":"Presentation canvas. Use left and right arrow to move between slides.","containsNotCompleted":"@slideName contains not completed interaction","containsCompleted":"@slideName contains completed interaction","slideCount":"Slide @index of @total","containsOnlyCorrect":"@slideName only has correct answers","containsIncorrectAnswers":"@slideName has incorrect answers","shareResult":"Share Result","accessibilityTotalScore":"You got @score of @maxScore points in total","accessibilityEnteredFullscreen":"Entered fullscreen","accessibilityExitedFullscreen":"Exited fullscreen"}}