{"presentation":{"slides":[{"elements":[{"x":11.982570806100219,"y":83.87096774193547,"width":78.86710239651417,"height":15.053763440860214,"action":{"library":"H5P.CRAdvancedText 1.1","params":{"text":"<p dir=\"ltr\" style=\"text-align: center;\"><span style=\"font-size:2.25em;\">Filin wasa<\/span><\/p>\n"},"subContentId":"90697ea5-581d-4cce-b8d5-c3e964c80fe3","metadata":{"contentType":"Text","license":"U","title":"Untitled Text"}},"alwaysDisplayComments":false,"backgroundOpacity":0,"willDoAnimation":false,"animationType":"glow","displayAsButton":false,"buttonSize":"big","goToSlideType":"specified","invisible":false,"solution":""},{"x":3.2679738562091507,"y":4.29436559139785,"width":91.28540305010894,"height":77.41935483870967,"action":{"library":"H5P.Image 1.1","params":{"contentName":"Image","file":{"path":"images\/file-65771e0ae63e0.jpg","mime":"image\/jpeg","copyright":{"license":"U"},"width":1024,"height":490}},"subContentId":"4b5f1fe6-22a7-4ade-bfe5-6c2a6969447d","metadata":{"contentType":"Image","license":"U","title":"Untitled Image"}},"backgroundOpacity":0,"willDoAnimation":false,"animationType":"glow","displayAsButton":false,"buttonSize":"big","goToSlideType":"specified","invisible":false}],"slideBackgroundSelector":{}},{"elements":[{"x":7.625272331154684,"y":2.150537634408602,"width":39.97821350762527,"height":95.69892473118279,"action":{"library":"H5P.Image 1.1","params":{"contentName":"Image","file":{"path":"images\/file-6577290f7836f.jpeg","mime":"image\/jpeg","copyright":{"license":"U"},"width":1024,"height":1472}},"subContentId":"476fadde-9027-4ab4-aca7-b46b802384a1","metadata":{"contentType":"Image","license":"U","title":"Untitled Image"}},"backgroundOpacity":0,"willDoAnimation":false,"animationType":"glow","displayAsButton":false,"buttonSize":"big","goToSlideType":"specified","invisible":false},{"x":51.470588235294116,"y":37.892,"width":42.095588235294116,"height":40,"action":{"library":"H5P.CRAdvancedText 1.1","params":{"text":"<p dir=\"ltr\" style=\"text-align: center;\"><span style=\"font-size:1.75em;\"><span style=\"color:#ffffff;\">&nbsp;&nbsp;Muna so mu je filin wasa<\/span><\/span><\/p>\n"},"subContentId":"4a13a470-f3c0-45b7-bbb6-948224693b56","metadata":{"contentType":"Text","license":"U","title":"Untitled Text"}},"alwaysDisplayComments":false,"backgroundOpacity":0,"willDoAnimation":false,"animationType":"glow","displayAsButton":false,"buttonSize":"big","goToSlideType":"specified","invisible":false,"solution":""},{"x":46.96691176470588,"y":44,"width":40,"height":40,"action":{"library":"H5P.CRAudio 1.4","params":{"fitToWrapper":true,"currIndex":1,"playerMode":"minimalistic","controls":true,"autoplay":true,"playAudio":"Play audio","pauseAudio":"Pause audio","contentName":"Audio","glowColor":"#ffd85a","timeStampForEachText":[{"text":" \u00a0\u00a0Muna ","startDuration":"0.3989","endDuration":"1.0488","wordfile":[{"path":"audios\/wordfile-66a11bd364208.mp3","mime":"audio\/mpeg","copyright":{"license":"U"}}]},{"text":" so ","startDuration":"1.0498","endDuration":"1.4959","wordfile":[{"path":"audios\/wordfile-66a11be7a96d2.mp3","mime":"audio\/mpeg","copyright":{"license":"U"}}]},{"text":" mu ","startDuration":"1.4969","endDuration":"1.9261","wordfile":[{"path":"audios\/wordfile-66a11bfcb0f57.mp3","mime":"audio\/mpeg","copyright":{"license":"U"}}]},{"text":" je ","startDuration":"1.9271","endDuration":"2.2120","wordfile":[{"path":"audios\/wordfile-66a11c0e95c68.mp3","mime":"audio\/mpeg","copyright":{"license":"U"}}]},{"text":" filin ","startDuration":"2.2130","endDuration":"2.7949","wordfile":[{"path":"audios\/wordfile-66a11c2f19077.mp3","mime":"audio\/mpeg","copyright":{"license":"U"}}]},{"text":" wasa ","startDuration":"2.7959","endDuration":"3.4288","wordfile":[{"path":"audios\/wordfile-66a11c402fba1.mp3","mime":"audio\/mpeg","copyright":{"license":"U"}}]}],"files":[{"path":"audios\/files-66a11bb9301ed.mp3","mime":"audio\/mpeg","copyright":{"license":"U"}}]},"subContentId":"8419a314-c676-494e-9b2a-5b01dced50ae","metadata":{"contentType":"Curious Reader Audio","license":"U","title":"Untitled Curious Reader Audio"}},"backgroundOpacity":0,"willDoAnimation":false,"animationType":"glow","displayAsButton":false,"buttonSize":"big","goToSlideType":"specified","invisible":false},{"x":23.89705882352941,"y":40,"width":20.03676470588235,"height":31.636363636363637,"action":{"library":"H5P.Image 1.1","params":{"contentName":"Image"},"subContentId":"5dddcdc1-56f9-46bb-ba37-fd0955f0b54e","metadata":{"contentType":"Image","license":"U","title":"Untitled Image"}},"backgroundOpacity":0,"willDoAnimation":true,"animationType":"glow","displayAsButton":false,"buttonSize":"big","goToSlideType":"specified","invisible":false,"id":"img8419a314-c676-494e-9b2a-5b01dced50ae_4"},{"x":12.867647058823529,"y":32.81818181818182,"width":21.507352941176467,"height":49.81818181818182,"action":{"library":"H5P.Image 1.1","params":{"contentName":"Image"},"subContentId":"79771c43-1261-40ad-86d0-83a5dc29d65a","metadata":{"contentType":"Image","license":"U","title":"Untitled Image"}},"backgroundOpacity":0,"willDoAnimation":true,"animationType":"glow","displayAsButton":false,"buttonSize":"big","goToSlideType":"specified","invisible":false,"id":"img8419a314-c676-494e-9b2a-5b01dced50ae_0"}],"slideBackgroundSelector":{}},{"elements":[{"x":43.57298474945534,"y":40.86021505376344,"width":54.46623093681917,"height":40.86021505376344,"action":{"library":"H5P.CRAdvancedText 1.1","params":{"text":"<p dir=\"ltr\" style=\"text-align: center;\"><span style=\"font-size:1.75em;\"><span style=\"color:#ffffff;\">Ta yaya za mu isa wajen?<\/span><\/span><\/p>\n"},"subContentId":"2994eb57-730b-4fd4-9251-e065d99b0ad4","metadata":{"contentType":"Text","license":"U","title":"Untitled Text"}},"alwaysDisplayComments":false,"backgroundOpacity":0,"willDoAnimation":false,"animationType":"glow","displayAsButton":false,"buttonSize":"big","goToSlideType":"specified","invisible":false,"solution":""},{"x":5.446623093681917,"y":2.150537634408602,"width":39.97821350762527,"height":95.69892473118279,"action":{"library":"H5P.Image 1.1","params":{"contentName":"Image","file":{"path":"images\/file-65771ef884e6f.jpg","mime":"image\/jpeg","copyright":{"license":"U"},"width":1024,"height":1472}},"subContentId":"9331eab1-1659-4721-afea-f39be84615c0","metadata":{"contentType":"Image","license":"U","title":"Untitled Image"}},"backgroundOpacity":0,"willDoAnimation":false,"animationType":"glow","displayAsButton":false,"buttonSize":"big","goToSlideType":"specified","invisible":false},{"x":46.96691176470588,"y":44,"width":40,"height":40,"action":{"library":"H5P.CRAudio 1.4","params":{"fitToWrapper":true,"currIndex":2,"playerMode":"minimalistic","controls":true,"autoplay":true,"playAudio":"Play audio","pauseAudio":"Pause audio","contentName":"Audio","glowColor":"#ffd85a","timeStampForEachText":[{"text":" Ta ","startDuration":"1.0159","endDuration":"1.3878","wordfile":[{"path":"audios\/wordfile-66a11c76cba65.mp3","mime":"audio\/mpeg","copyright":{"license":"U"}}]},{"text":" yaya ","startDuration":"1.3888","endDuration":"1.6859","wordfile":[{"path":"audios\/wordfile-66a11c8fac66b.mp3","mime":"audio\/mpeg","copyright":{"license":"U"}}]},{"text":" za ","startDuration":"1.7093","endDuration":"2.0438","wordfile":[{"path":"audios\/wordfile-66a11cb414295.mp3","mime":"audio\/mpeg","copyright":{"license":"U"}}]},{"text":" mu ","startDuration":"2.0448","endDuration":"2.2822","wordfile":[{"path":"audios\/wordfile-66a11ccd76cc0.mp3","mime":"audio\/mpeg","copyright":{"license":"U"}}]},{"text":" isa ","startDuration":"2.2832","endDuration":"2.5355","wordfile":[{"path":"audios\/wordfile-66a11ce926e19.mp3","mime":"audio\/mpeg","copyright":{"license":"U"}}]},{"text":" wajen? ","startDuration":"2.5365","endDuration":"3.0577","wordfile":[{"path":"audios\/wordfile-66a11cfedda79.mp3","mime":"audio\/mpeg","copyright":{"license":"U"}}]}],"files":[{"path":"audios\/files-66a11c5e80d66.mp3","mime":"audio\/mpeg","copyright":{"license":"U"}}]},"subContentId":"6c9df562-31f6-4a9e-b20d-09b6645f43c9","metadata":{"contentType":"Curious Reader Audio","license":"U","title":"Untitled Curious Reader Audio"}},"backgroundOpacity":0,"willDoAnimation":false,"animationType":"glow","displayAsButton":false,"buttonSize":"big","goToSlideType":"specified","invisible":false}],"slideBackgroundSelector":{}},{"elements":[{"x":6.5359477124183005,"y":2.150537634408602,"width":39.97821350762527,"height":95.69892473118279,"action":{"library":"H5P.Image 1.1","params":{"contentName":"Image","file":{"path":"images\/file-65772c8628500.jpg","mime":"image\/jpeg","copyright":{"license":"U"},"width":1024,"height":1472}},"subContentId":"2f88d6e3-5665-4070-aed0-828e48dd7710","metadata":{"contentType":"Image","license":"U","title":"Untitled Image"}},"backgroundOpacity":0,"willDoAnimation":false,"animationType":"glow","displayAsButton":false,"buttonSize":"big","goToSlideType":"specified","invisible":false},{"x":45.91836734693878,"y":47.84508816120906,"width":51.02040816326531,"height":38.287153652392945,"action":{"library":"H5P.CRAdvancedText 1.1","params":{"text":"<p dir=\"ltr\" style=\"text-align: center;\"><span style=\"font-size:1.75em;\"><span style=\"color:#ffffff;\">Kodai mu hau keke ne.<\/span><\/span><\/p>\n"},"subContentId":"f51953f7-a46d-4f4d-acca-e11882a3527e","metadata":{"contentType":"Text","license":"U","title":"Untitled Text"}},"alwaysDisplayComments":false,"backgroundOpacity":0,"willDoAnimation":false,"animationType":"glow","displayAsButton":false,"buttonSize":"big","goToSlideType":"specified","invisible":false,"solution":""},{"x":46.96691176470588,"y":44,"width":40,"height":40,"action":{"library":"H5P.CRAudio 1.4","params":{"fitToWrapper":true,"currIndex":3,"playerMode":"minimalistic","controls":true,"autoplay":true,"playAudio":"Play audio","pauseAudio":"Pause audio","contentName":"Audio","glowColor":"#ffd85a","timeStampForEachText":[{"text":" Kodai ","startDuration":"0.7306","endDuration":"1.2241","wordfile":[{"path":"audios\/wordfile-66a11d314d000.mp3","mime":"audio\/mpeg","copyright":{"license":"U"}}]},{"text":" mu ","startDuration":"1.2251","endDuration":"1.4251","wordfile":[{"path":"audios\/wordfile-66a11d45daa77.mp3","mime":"audio\/mpeg","copyright":{"license":"U"}}]},{"text":" hau ","startDuration":"1.4261","endDuration":"1.6386","wordfile":[{"path":"audios\/wordfile-66a11d590c8f8.mp3","mime":"audio\/mpeg","copyright":{"license":"U"}}]},{"text":" keke ","startDuration":"1.6396","endDuration":"2.0831","wordfile":[{"path":"audios\/wordfile-66a11d71a4129.mp3","mime":"audio\/mpeg","copyright":{"license":"U"}}]},{"text":" ne. ","startDuration":"2.0841","endDuration":"2.4964","wordfile":[{"path":"audios\/wordfile-66a11d874f426.mp3","mime":"audio\/mpeg","copyright":{"license":"U"}}]}],"files":[{"path":"audios\/files-66a11d145ca7d.mp3","mime":"audio\/mpeg","copyright":{"license":"U"}}]},"subContentId":"17f9750e-40fd-4b7b-a575-96c11a1da5a5","metadata":{"contentType":"Curious Reader Audio","license":"U","title":"Untitled Curious Reader Audio"}},"backgroundOpacity":0,"willDoAnimation":false,"animationType":"glow","displayAsButton":false,"buttonSize":"big","goToSlideType":"specified","invisible":false},{"x":9.191176470588236,"y":54.62218181818182,"width":32.53676470588235,"height":39.27272727272727,"action":{"library":"H5P.Image 1.1","params":{"contentName":"Image"},"subContentId":"6b73193c-dc15-4a47-bd4b-430c43a25436","metadata":{"contentType":"Image","license":"U","title":"Untitled Image"}},"backgroundOpacity":0,"willDoAnimation":true,"animationType":"glow","displayAsButton":false,"buttonSize":"big","goToSlideType":"specified","invisible":false,"id":"img17f9750e-40fd-4b7b-a575-96c11a1da5a5_3"}],"slideBackgroundSelector":{}},{"elements":[{"x":5.446623093681917,"y":2.150537634408602,"width":39.97821350762527,"height":95.69892473118279,"action":{"library":"H5P.Image 1.1","params":{"contentName":"Image","file":{"path":"images\/file-65772f77b3a8c.jpg","mime":"image\/jpeg","copyright":{"license":"U"},"width":1024,"height":1472}},"subContentId":"9e8dd059-c7c6-4dc2-87f8-888317d00cd9","metadata":{"contentType":"Image","license":"U","title":"Untitled Image"}},"backgroundOpacity":0,"willDoAnimation":false,"animationType":"glow","displayAsButton":false,"buttonSize":"big","goToSlideType":"specified","invisible":false},{"x":47.794117647058826,"y":37.892,"width":47.97794117647059,"height":40,"action":{"library":"H5P.CRAdvancedText 1.1","params":{"text":"<p dir=\"ltr\" style=\"text-align: center;\"><span style=\"font-size:1.75em;\"><span style=\"color:#ffffff;\">Kuma muna iya hawa mashin.<\/span><\/span><\/p>\n"},"subContentId":"40d5f0d4-ed28-4cc2-95ab-35c06610684c","metadata":{"contentType":"Text","license":"U","title":"Untitled Text"}},"alwaysDisplayComments":false,"backgroundOpacity":0,"willDoAnimation":false,"animationType":"glow","displayAsButton":false,"buttonSize":"big","goToSlideType":"specified","invisible":false,"solution":""},{"x":46.96691176470588,"y":44,"width":40,"height":40,"action":{"library":"H5P.CRAudio 1.4","params":{"fitToWrapper":true,"currIndex":4,"playerMode":"minimalistic","controls":true,"autoplay":true,"playAudio":"Play audio","pauseAudio":"Pause audio","contentName":"Audio","glowColor":"#ffd85a","timeStampForEachText":[{"text":" Kuma ","startDuration":"0.8648","endDuration":"1.2335","wordfile":[{"path":"audios\/wordfile-66a11dc1b7c23.mp3","mime":"audio\/mpeg","copyright":{"license":"U"}}]},{"text":" muna ","startDuration":"1.2345","endDuration":"1.5962","wordfile":[{"path":"audios\/wordfile-66a11dd3cea8b.mp3","mime":"audio\/mpeg","copyright":{"license":"U"}}]},{"text":" iya ","startDuration":"1.5972","endDuration":"1.9027","wordfile":[{"path":"audios\/wordfile-66a11dec15468.mp3","mime":"audio\/mpeg","copyright":{"license":"U"}}]},{"text":" hawa ","startDuration":"1.9037","endDuration":"2.2865","wordfile":[{"path":"audios\/wordfile-66a11e082b1b3.mp3","mime":"audio\/mpeg","copyright":{"license":"U"}}]},{"text":" mashin. ","startDuration":"2.2875","endDuration":"3.0781","wordfile":[{"path":"audios\/wordfile-66a11e19e976f.mp3","mime":"audio\/mpeg","copyright":{"license":"U"}}]}],"files":[{"path":"audios\/files-66a11da1d3169.mp3","mime":"audio\/mpeg","copyright":{"license":"U"}}]},"subContentId":"89a4a7f5-3db8-4284-a9ab-8a97f97123cd","metadata":{"contentType":"Curious Reader Audio","license":"U","title":"Untitled Curious Reader Audio"}},"backgroundOpacity":0,"willDoAnimation":false,"animationType":"glow","displayAsButton":false,"buttonSize":"big","goToSlideType":"specified","invisible":false},{"x":7.352941176470589,"y":47.409090909090914,"width":28.860294117647058,"height":46.18181818181818,"action":{"library":"H5P.Image 1.1","params":{"contentName":"Image"},"subContentId":"942caaf8-dcda-4ed5-8ddd-7b9d99d18667","metadata":{"contentType":"Image","license":"U","title":"Untitled Image"}},"backgroundOpacity":0,"willDoAnimation":true,"animationType":"glow","displayAsButton":false,"buttonSize":"big","goToSlideType":"specified","invisible":false,"id":"img89a4a7f5-3db8-4284-a9ab-8a97f97123cd_4"}],"slideBackgroundSelector":{}},{"elements":[{"x":6.5359477124183005,"y":4.301075268817204,"width":39.97821350762527,"height":91.39784946236558,"action":{"library":"H5P.Image 1.1","params":{"contentName":"Image","file":{"path":"images\/file-65772fd79f9c5.jpg","mime":"image\/jpeg","copyright":{"license":"U"},"width":1024,"height":1472}},"subContentId":"c56cffc0-138a-4145-a44b-dba09817e313","metadata":{"contentType":"Image","license":"U","title":"Untitled Image"}},"backgroundOpacity":0,"willDoAnimation":false,"animationType":"glow","displayAsButton":false,"buttonSize":"big","goToSlideType":"specified","invisible":false},{"x":43.36734693877551,"y":40.29042821158691,"width":51.14795918367347,"height":35.012594458438286,"action":{"library":"H5P.CRAdvancedText 1.1","params":{"text":"<p dir=\"ltr\" style=\"text-align: center;\"><span style=\"font-size:1.75em;\"><span style=\"color:#ffffff;\">Zamu iya hawa nape <\/span><\/span><\/p>\n"},"subContentId":"70474ade-abdd-4ae4-b89b-74390b388b43","metadata":{"contentType":"Text","license":"U","title":"Untitled Text"}},"alwaysDisplayComments":false,"backgroundOpacity":0,"willDoAnimation":false,"animationType":"glow","displayAsButton":false,"buttonSize":"big","goToSlideType":"specified","invisible":false,"solution":""},{"x":46.96691176470588,"y":44,"width":40,"height":40,"action":{"library":"H5P.CRAudio 1.4","params":{"fitToWrapper":true,"currIndex":5,"playerMode":"minimalistic","controls":true,"autoplay":true,"playAudio":"Play audio","pauseAudio":"Pause audio","contentName":"Audio","glowColor":"#ffd85a","timeStampForEachText":[{"text":" Zamu ","startDuration":"0.3992","endDuration":"0.9330","wordfile":[{"path":"audios\/wordfile-66a11e4695dc4.mp3","mime":"audio\/mpeg","copyright":{"license":"U"}}]},{"text":" iya ","startDuration":"0.9340","endDuration":"1.2125","wordfile":[{"path":"audios\/wordfile-66a11e5acac5c.mp3","mime":"audio\/mpeg","copyright":{"license":"U"}}]},{"text":" hawa ","startDuration":"1.2135","endDuration":"1.5444","wordfile":[{"path":"audios\/wordfile-66a11e78980a4.mp3","mime":"audio\/mpeg","copyright":{"license":"U"}}]},{"text":" nape ","startDuration":"1.5454","endDuration":"2.2952","wordfile":[{"path":"audios\/wordfile-66a11e8a28a16.mp3","mime":"audio\/mpeg","copyright":{"license":"U"}}]}],"files":[{"path":"audios\/files-66a11e30e6c66.mp3","mime":"audio\/mpeg","copyright":{"license":"U"}}]},"subContentId":"3c19db3f-a31b-491a-8a45-fc1d9ecb367d","metadata":{"contentType":"Curious Reader Audio","license":"U","title":"Untitled Curious Reader Audio"}},"backgroundOpacity":0,"willDoAnimation":false,"animationType":"glow","displayAsButton":false,"buttonSize":"big","goToSlideType":"specified","invisible":false},{"x":7.352941176470589,"y":29.21021818181818,"width":36.397058823529406,"height":60.72727272727273,"action":{"library":"H5P.Image 1.1","params":{"contentName":"Image"},"subContentId":"81ffeac2-8b28-4b85-9b1f-c993e0e74c20","metadata":{"contentType":"Image","license":"U","title":"Untitled Image"}},"backgroundOpacity":0,"willDoAnimation":true,"animationType":"glow","displayAsButton":false,"buttonSize":"big","goToSlideType":"specified","invisible":false,"id":"img3c19db3f-a31b-491a-8a45-fc1d9ecb367d_3"}],"slideBackgroundSelector":{}},{"elements":[{"x":6.5359477124183005,"y":4.301075268817204,"width":39.97821350762527,"height":93.54838709677419,"action":{"library":"H5P.Image 1.1","params":{"contentName":"Image","file":{"path":"images\/file-657730203cd25.jpg","mime":"image\/jpeg","copyright":{"license":"U"},"width":1024,"height":1472}},"subContentId":"9191b9d6-6070-4809-a41a-2cb8986f0060","metadata":{"contentType":"Image","license":"U","title":"Untitled Image"}},"backgroundOpacity":0,"willDoAnimation":false,"animationType":"glow","displayAsButton":false,"buttonSize":"big","goToSlideType":"specified","invisible":false},{"x":49.63235294117647,"y":42.92909090909091,"width":48.345588235294116,"height":50.18181818181818,"action":{"library":"H5P.CRAdvancedText 1.1","params":{"text":"<p dir=\"ltr\" style=\"text-align: center;\"><span style=\"font-size:1.75em;\"><span style=\"color:#ffffff;\">Za mu iya hawa mangalar doki.<\/span><\/span><\/p>\n"},"subContentId":"b7b8bb12-cecb-4ce9-89c6-76cb49c2adfa","metadata":{"contentType":"Text","license":"U","title":"Untitled Text"}},"alwaysDisplayComments":false,"backgroundOpacity":0,"willDoAnimation":false,"animationType":"glow","displayAsButton":false,"buttonSize":"big","goToSlideType":"specified","invisible":false,"solution":""},{"x":46.96691176470588,"y":44,"width":40,"height":40,"action":{"library":"H5P.CRAudio 1.4","params":{"fitToWrapper":true,"currIndex":6,"playerMode":"minimalistic","controls":true,"autoplay":true,"playAudio":"Play audio","pauseAudio":"Pause audio","contentName":"Audio","glowColor":"#ffd85a","timeStampForEachText":[{"text":" Za ","startDuration":"0.7093","endDuration":"1.0736","wordfile":[{"path":"audios\/wordfile-66a11ed3c1444.mp3","mime":"audio\/mpeg","copyright":{"license":"U"}}]},{"text":" mu ","startDuration":"1.0573","endDuration":"1.2746","wordfile":[{"path":"audios\/wordfile-66a11eeedf26d.mp3","mime":"audio\/mpeg","copyright":{"license":"U"}}]},{"text":" iya ","startDuration":"1.2756","endDuration":"1.6313","wordfile":[{"path":"audios\/wordfile-66a11f05a6519.mp3","mime":"audio\/mpeg","copyright":{"license":"U"}}]},{"text":" hawa ","startDuration":"1.6323","endDuration":"2.0572","wordfile":[{"path":"audios\/wordfile-66a11f1856f80.mp3","mime":"audio\/mpeg","copyright":{"license":"U"}}]},{"text":" mangalar ","startDuration":"2.2225","endDuration":"3.0453","wordfile":[{"path":"audios\/wordfile-66a11f31c12d3.mp3","mime":"audio\/mpeg","copyright":{"license":"U"}}]},{"text":" doki. ","startDuration":"3.0463","endDuration":"3.9123","wordfile":[{"path":"audios\/wordfile-66a11f443a2dd.mp3","mime":"audio\/mpeg","copyright":{"license":"U"}}]}],"files":[{"path":"audios\/files-66a11eb0448d5.mp3","mime":"audio\/mpeg","copyright":{"license":"U"}}]},"subContentId":"3c918ff8-bc4a-4866-b2c3-19bd36c1cf17","metadata":{"contentType":"Curious Reader Audio","license":"U","title":"Untitled Curious Reader Audio"}},"backgroundOpacity":0,"willDoAnimation":false,"animationType":"glow","displayAsButton":false,"buttonSize":"big","goToSlideType":"specified","invisible":false},{"x":7.352941176470589,"y":54.852363636363634,"width":15.992647058823529,"height":31.636363636363637,"action":{"library":"H5P.Image 1.1","params":{"contentName":"Image"},"subContentId":"610d519d-ed2c-40f5-b363-5ef1940d2d3f","metadata":{"contentType":"Image","license":"U","title":"Untitled Image"}},"backgroundOpacity":0,"willDoAnimation":true,"animationType":"glow","displayAsButton":false,"buttonSize":"big","goToSlideType":"specified","invisible":false,"id":"img3c918ff8-bc4a-4866-b2c3-19bd36c1cf17_4"},{"x":20.22058823529412,"y":47.47709090909091,"width":25.735294117647058,"height":42.54545454545455,"action":{"library":"H5P.Image 1.1","params":{"contentName":"Image"},"subContentId":"575b3966-cde8-499b-bc10-6a3f1483a843","metadata":{"contentType":"Image","license":"U","title":"Untitled Image"}},"backgroundOpacity":0,"willDoAnimation":true,"animationType":"glow","displayAsButton":false,"buttonSize":"big","goToSlideType":"specified","invisible":false,"id":"img3c918ff8-bc4a-4866-b2c3-19bd36c1cf17_5"}],"slideBackgroundSelector":{}},{"elements":[{"x":5.1020408163265305,"y":5.037783375314861,"width":39.97821350762527,"height":93.54838709677419,"action":{"library":"H5P.Image 1.1","params":{"contentName":"Image","file":{"path":"images\/file-6577306a54903.jpg","mime":"image\/jpeg","copyright":{"license":"U"},"width":1024,"height":1472}},"subContentId":"b233860e-b1c2-4a6c-b471-3b72630f1a26","metadata":{"contentType":"Image","license":"U","title":"Untitled Image"}},"backgroundOpacity":0,"willDoAnimation":false,"animationType":"glow","displayAsButton":false,"buttonSize":"big","goToSlideType":"specified","invisible":false},{"x":51.02040816326531,"y":37.73425692695214,"width":45.91836734693878,"height":60.45340050377833,"action":{"library":"H5P.CRAdvancedText 1.1","params":{"text":"<p dir=\"ltr\" style=\"text-align: center;\"><span style=\"font-size:1.75em;\"><span style=\"color:#ffffff;\">Za kuma mu iya zuwa a mangalar shanu.<\/span><\/span><\/p>\n"},"subContentId":"b500745d-17ef-4d41-bfac-35a4ef256c79","metadata":{"contentType":"Text","license":"U","title":"Untitled Text"}},"alwaysDisplayComments":false,"backgroundOpacity":0,"willDoAnimation":false,"animationType":"glow","displayAsButton":false,"buttonSize":"big","goToSlideType":"specified","invisible":false,"solution":""},{"x":46.96691176470588,"y":44,"width":40,"height":40,"action":{"library":"H5P.CRAudio 1.4","params":{"fitToWrapper":true,"currIndex":7,"playerMode":"minimalistic","controls":true,"autoplay":true,"playAudio":"Play audio","pauseAudio":"Pause audio","contentName":"Audio","glowColor":"#ffd85a","timeStampForEachText":[{"text":" Za ","startDuration":"0.6877","endDuration":"1.1361","wordfile":[{"path":"audios\/wordfile-66a11f742fef0.mp3","mime":"audio\/mpeg","copyright":{"license":"U"}}]},{"text":" kuma ","startDuration":"1.1371","endDuration":"1.4517","wordfile":[{"path":"audios\/wordfile-66a11f8dd3436.mp3","mime":"audio\/mpeg","copyright":{"license":"U"}}]},{"text":" mu ","startDuration":"1.4527","endDuration":"1.6527","wordfile":[{"path":"audios\/wordfile-66a11fa153bc4.mp3","mime":"audio\/mpeg","copyright":{"license":"U"}}]},{"text":" iya ","startDuration":"1.6537","endDuration":"1.9301","wordfile":[{"path":"audios\/wordfile-66a11fbda1e0f.mp3","mime":"audio\/mpeg","copyright":{"license":"U"}}]},{"text":" zuwa ","startDuration":"1.9311","endDuration":"2.5132","wordfile":[{"path":"audios\/wordfile-66a11fcf8b349.mp3","mime":"audio\/mpeg","copyright":{"license":"U"}}]},{"text":" a ","startDuration":"2.5142","endDuration":"2.8384","wordfile":[{"path":"audios\/wordfile-66bed41593214.wav","mime":"audio\/x-wav","copyright":{"license":"U"}}]},{"text":" mangalar ","startDuration":"2.8394","endDuration":"3.3928","wordfile":[{"path":"audios\/wordfile-66a12005d7258.mp3","mime":"audio\/mpeg","copyright":{"license":"U"}}]},{"text":" shanu. ","startDuration":"3.3938","endDuration":"4.1669","wordfile":[{"path":"audios\/wordfile-66a1201c8624e.mp3","mime":"audio\/mpeg","copyright":{"license":"U"}}]}],"files":[{"path":"audios\/files-66a11f5b14718.mp3","mime":"audio\/mpeg","copyright":{"license":"U"}}]},"subContentId":"040fd9fb-8d6b-4a74-8ed0-b96bd7920a81","metadata":{"contentType":"Curious Reader Audio","license":"U","title":"Untitled Curious Reader Audio"}},"backgroundOpacity":0,"willDoAnimation":false,"animationType":"glow","displayAsButton":false,"buttonSize":"big","goToSlideType":"specified","invisible":false},{"x":7.352941176470588,"y":58.18181818181818,"width":15.992647058823529,"height":32.36363636363637,"action":{"library":"H5P.Image 1.1","params":{"contentName":"Image"},"subContentId":"d6c35e8d-e321-4fd5-a194-3b26c4fc8228","metadata":{"contentType":"Image","license":"U","title":"Untitled Image"}},"backgroundOpacity":0,"willDoAnimation":true,"animationType":"glow","displayAsButton":false,"buttonSize":"big","goToSlideType":"specified","invisible":false,"id":"img040fd9fb-8d6b-4a74-8ed0-b96bd7920a81_6"},{"x":20.220588235294116,"y":58.18181818181818,"width":21.507352941176467,"height":28,"action":{"library":"H5P.Image 1.1","params":{"contentName":"Image"},"subContentId":"667798c7-47b3-4e72-ab9b-b760cd7f8ece","metadata":{"contentType":"Image","license":"U","title":"Untitled Image"}},"backgroundOpacity":0,"willDoAnimation":true,"animationType":"glow","displayAsButton":false,"buttonSize":"big","goToSlideType":"specified","invisible":false,"id":"img040fd9fb-8d6b-4a74-8ed0-b96bd7920a81_7"}],"slideBackgroundSelector":{}},{"elements":[{"x":6.5359477124183005,"y":2.150537634408602,"width":39.97821350762527,"height":93.54838709677419,"action":{"library":"H5P.Image 1.1","params":{"contentName":"Image","file":{"path":"images\/file-657730ac1c0b2.jpg","mime":"image\/jpeg","copyright":{"license":"U"},"width":1024,"height":1472}},"subContentId":"918b2dfb-a82a-40d6-a574-807c508f8f8c","metadata":{"contentType":"Image","license":"U","title":"Untitled Image"}},"backgroundOpacity":0,"willDoAnimation":false,"animationType":"glow","displayAsButton":false,"buttonSize":"big","goToSlideType":"specified","invisible":false},{"x":47.794117647058826,"y":42.92909090909091,"width":46.69117647058823,"height":31.636363636363637,"action":{"library":"H5P.CRAdvancedText 1.1","params":{"text":"<p dir=\"ltr\" style=\"text-align: center;\"><span style=\"color:#ffffff;\"><span style=\"font-size:1.75em;\">Zamu iya hawa motar tsere.<\/span><\/span><\/p>\n"},"subContentId":"eb4d5274-567b-401f-85e4-f5558587f300","metadata":{"contentType":"Text","license":"U","title":"Untitled Text"}},"alwaysDisplayComments":false,"backgroundOpacity":0,"willDoAnimation":false,"animationType":"glow","displayAsButton":false,"buttonSize":"big","goToSlideType":"specified","invisible":false,"solution":""},{"x":37.68382352941176,"y":10.909090909090908,"width":40,"height":40,"action":{"library":"H5P.CRAudio 1.4","params":{"fitToWrapper":true,"currIndex":8,"playerMode":"minimalistic","controls":true,"autoplay":true,"playAudio":"Play audio","pauseAudio":"Pause audio","contentName":"Audio","glowColor":"#ffd85a","timeStampForEachText":[{"text":" Zamu ","startDuration":"0.5520","endDuration":"1.1254","wordfile":[{"path":"audios\/wordfile-66a120481e4a0.mp3","mime":"audio\/mpeg","copyright":{"license":"U"}}]},{"text":" iya ","startDuration":"1.1264","endDuration":"1.4400","wordfile":[{"path":"audios\/wordfile-66a120605962f.mp3","mime":"audio\/mpeg","copyright":{"license":"U"}}]},{"text":" hawa ","startDuration":"1.4410","endDuration":"1.8358","wordfile":[{"path":"audios\/wordfile-66a1207590919.mp3","mime":"audio\/mpeg","copyright":{"license":"U"}}]},{"text":" motar ","startDuration":"1.8368","endDuration":"2.5969","wordfile":[{"path":"audios\/wordfile-66a12091f3cc2.mp3","mime":"audio\/mpeg","copyright":{"license":"U"}}]},{"text":" tsere. ","startDuration":"2.5898","endDuration":"3.5041","wordfile":[{"path":"audios\/wordfile-66a120a7990a6.mp3","mime":"audio\/mpeg","copyright":{"license":"U"}}]}],"files":[{"path":"audios\/files-66a12032e1f52.mp3","mime":"audio\/mpeg","copyright":{"license":"U"}}]},"subContentId":"fbc06a30-e6bb-49f7-814d-de314d100494","metadata":{"contentType":"Curious Reader Audio","license":"U","title":"Untitled Curious Reader Audio"}},"backgroundOpacity":0,"willDoAnimation":false,"animationType":"glow","displayAsButton":false,"buttonSize":"big","goToSlideType":"specified","invisible":false},{"x":7.352941176470589,"y":51.05381818181818,"width":36.397058823529406,"height":40,"action":{"library":"H5P.Image 1.1","params":{"contentName":"Image"},"subContentId":"c8ca142b-597d-408b-a44c-eacb7d0d04f3","metadata":{"contentType":"Image","license":"U","title":"Untitled Image"}},"backgroundOpacity":0,"willDoAnimation":true,"animationType":"glow","displayAsButton":false,"buttonSize":"big","goToSlideType":"specified","invisible":false,"id":"imgfbc06a30-e6bb-49f7-814d-de314d100494_3"},{"x":7.352941176470589,"y":51.12800000000001,"width":36.213235294117645,"height":38.90909090909091,"action":{"library":"H5P.Image 1.1","params":{"contentName":"Image"},"subContentId":"a1b22957-8c52-463f-8e69-b1d9c9c139d7","metadata":{"contentType":"Image","license":"U","title":"Untitled Image"}},"backgroundOpacity":0,"willDoAnimation":true,"animationType":"glow","displayAsButton":false,"buttonSize":"big","goToSlideType":"specified","invisible":false,"id":"imgfbc06a30-e6bb-49f7-814d-de314d100494_4"}],"slideBackgroundSelector":{}},{"elements":[{"x":6.5359477124183005,"y":2.150537634408602,"width":39.97821350762527,"height":95.69892473118279,"action":{"library":"H5P.Image 1.1","params":{"contentName":"Image","file":{"path":"images\/file-657730e66c7cb.jpg","mime":"image\/jpeg","copyright":{"license":"U"},"width":1024,"height":1472}},"subContentId":"5642e8ce-c395-4093-bf32-1bad47f044df","metadata":{"contentType":"Image","license":"U","title":"Untitled Image"}},"backgroundOpacity":0,"willDoAnimation":false,"animationType":"glow","displayAsButton":false,"buttonSize":"big","goToSlideType":"specified","invisible":false},{"x":47.19387755102041,"y":40.29042821158691,"width":47.32142857142857,"height":34.005037783375315,"action":{"library":"H5P.CRAdvancedText 1.1","params":{"text":"<p dir=\"ltr\" style=\"text-align: center;\"><span style=\"color:#ffffff;\"><span style=\"font-size:1.75em;\">Zamu iya hawa babbar mota.<\/span><\/span><\/p>\n"},"subContentId":"04493358-b49e-41bd-9b69-c6e200aa7ec2","metadata":{"contentType":"Text","license":"U","title":"Untitled Text"}},"alwaysDisplayComments":false,"backgroundOpacity":0,"willDoAnimation":false,"animationType":"glow","displayAsButton":false,"buttonSize":"big","goToSlideType":"specified","invisible":false,"solution":""},{"x":46.96691176470588,"y":44,"width":40,"height":40,"action":{"library":"H5P.CRAudio 1.4","params":{"fitToWrapper":true,"currIndex":9,"playerMode":"minimalistic","controls":true,"autoplay":true,"playAudio":"Play audio","pauseAudio":"Pause audio","contentName":"Audio","glowColor":"#ffd85a","timeStampForEachText":[{"text":" Zamu ","startDuration":"0.5625","endDuration":"1.2107","wordfile":[{"path":"audios\/wordfile-66a121f6d7e5c.mp3","mime":"audio\/mpeg","copyright":{"license":"U"}}]},{"text":" iya ","startDuration":"1.2117","endDuration":"1.5347","wordfile":[{"path":"audios\/wordfile-66a1220b99033.mp3","mime":"audio\/mpeg","copyright":{"license":"U"}}]},{"text":" hawa ","startDuration":"1.5357","endDuration":"2.0257","wordfile":[{"path":"audios\/wordfile-66a1221f794d5.mp3","mime":"audio\/mpeg","copyright":{"license":"U"}}]},{"text":" babbar ","startDuration":"2.0267","endDuration":"2.7364","wordfile":[{"path":"audios\/wordfile-66a12232db7d9.mp3","mime":"audio\/mpeg","copyright":{"license":"U"}}]},{"text":" mota. ","startDuration":"2.7374","endDuration":"3.5350","wordfile":[{"path":"audios\/wordfile-66a12247abe58.mp3","mime":"audio\/mpeg","copyright":{"license":"U"}}]}],"files":[{"path":"audios\/files-66a121de2315b.mp3","mime":"audio\/mpeg","copyright":{"license":"U"}}]},"subContentId":"7200e56c-025e-4f9c-85d6-948d1a58e6bf","metadata":{"contentType":"Curious Reader Audio","license":"U","title":"Untitled Curious Reader Audio"}},"backgroundOpacity":0,"willDoAnimation":false,"animationType":"glow","displayAsButton":false,"buttonSize":"big","goToSlideType":"specified","invisible":false},{"x":7.352941176470589,"y":40.170545454545454,"width":38.23529411764706,"height":49.81818181818182,"action":{"library":"H5P.Image 1.1","params":{"contentName":"Image"},"subContentId":"069be232-6031-4d9e-9c78-00475ec6499c","metadata":{"contentType":"Image","license":"U","title":"Untitled Image"}},"backgroundOpacity":0,"willDoAnimation":true,"animationType":"glow","displayAsButton":false,"buttonSize":"big","goToSlideType":"specified","invisible":false,"id":"img7200e56c-025e-4f9c-85d6-948d1a58e6bf_3"},{"x":7.352941176470589,"y":40.22727272727273,"width":38.05147058823529,"height":49.81818181818182,"action":{"library":"H5P.Image 1.1","params":{"contentName":"Image"},"subContentId":"c22407a9-1fc4-460a-b8ee-a21f6faa3c11","metadata":{"contentType":"Image","license":"U","title":"Untitled Image"}},"backgroundOpacity":0,"willDoAnimation":true,"animationType":"glow","displayAsButton":false,"buttonSize":"big","goToSlideType":"specified","invisible":false,"id":"img7200e56c-025e-4f9c-85d6-948d1a58e6bf_4"}],"slideBackgroundSelector":{}},{"elements":[{"x":5.446623093681917,"y":2.150537634408602,"width":39.97821350762527,"height":93.54838709677419,"action":{"library":"H5P.Image 1.1","params":{"contentName":"Image","file":{"path":"images\/file-6577312023aac.jpg","mime":"image\/jpeg","copyright":{"license":"U"},"width":1024,"height":1472}},"subContentId":"54df8b14-746c-4ada-ae1b-fd3ee142cf9e","metadata":{"contentType":"Image","license":"U","title":"Untitled Image"}},"backgroundOpacity":0,"willDoAnimation":false,"animationType":"glow","displayAsButton":false,"buttonSize":"big","goToSlideType":"specified","invisible":false},{"x":44.642857142857146,"y":47.858942065491185,"width":53.57142857142857,"height":28.71536523929471,"action":{"library":"H5P.CRAdvancedText 1.1","params":{"text":"<p dir=\"ltr\" style=\"text-align: center;\"><span style=\"color:#ffffff;\"><span style=\"font-size:1.75em;\">Zamu iya tu\u0199a kwalakwale.<\/span><\/span><\/p>\n"},"subContentId":"4a412170-9cce-4809-abca-083d6a03a0da","metadata":{"contentType":"Text","license":"U","title":"Untitled Text"}},"alwaysDisplayComments":false,"backgroundOpacity":0,"willDoAnimation":false,"animationType":"glow","displayAsButton":false,"buttonSize":"big","goToSlideType":"specified","invisible":false,"solution":""},{"x":46.96691176470588,"y":44,"width":40,"height":40,"action":{"library":"H5P.CRAudio 1.4","params":{"fitToWrapper":true,"currIndex":10,"playerMode":"minimalistic","controls":true,"autoplay":true,"playAudio":"Play audio","pauseAudio":"Pause audio","contentName":"Audio","glowColor":"#ffd85a","timeStampForEachText":[{"text":" Zamu ","startDuration":"0.5289","endDuration":"1.1235","wordfile":[{"path":"audios\/wordfile-66a122912ac35.mp3","mime":"audio\/mpeg","copyright":{"license":"U"}}]},{"text":" iya ","startDuration":"1.1245","endDuration":"1.4252","wordfile":[{"path":"audios\/wordfile-66a122aa6b2a2.mp3","mime":"audio\/mpeg","copyright":{"license":"U"}}]},{"text":" tu\u0199a ","startDuration":"1.4262","endDuration":"2.1047","wordfile":[{"path":"audios\/wordfile-66a122c999e7e.mp3","mime":"audio\/mpeg","copyright":{"license":"U"}}]},{"text":" kwalakwale. ","startDuration":"2.1057","endDuration":"3.3215","wordfile":[{"path":"audios\/wordfile-66a122e08dd12.mp3","mime":"audio\/mpeg","copyright":{"license":"U"}}]}],"files":[{"path":"audios\/files-66a1227b29ce3.mp3","mime":"audio\/mpeg","copyright":{"license":"U"}}]},"subContentId":"b0d2f3c8-ab57-40e5-bb10-46daa88c178d","metadata":{"contentType":"Curious Reader Audio","license":"U","title":"Untitled Curious Reader Audio"}},"backgroundOpacity":0,"willDoAnimation":false,"animationType":"glow","displayAsButton":false,"buttonSize":"big","goToSlideType":"specified","invisible":false},{"x":3.676470588235294,"y":40,"width":40,"height":40,"action":{"library":"H5P.Image 1.1","params":{"contentName":"Image"},"subContentId":"1892d248-4b5e-4756-a000-f9949ddd81dc","metadata":{"contentType":"Image","license":"U","title":"Untitled Image"}},"backgroundOpacity":0,"willDoAnimation":true,"animationType":"glow","displayAsButton":false,"buttonSize":"big","goToSlideType":"specified","invisible":false,"id":"imgb0d2f3c8-ab57-40e5-bb10-46daa88c178d_3"}],"slideBackgroundSelector":{}},{"elements":[{"x":31.59041394335512,"y":2.150537634408602,"width":66.23093681917211,"height":95.69892473118279,"action":{"library":"H5P.Image 1.1","params":{"contentName":"Image","file":{"path":"images\/file-657732a5856b9.jpg","mime":"image\/jpeg","copyright":{"license":"U"},"width":1024,"height":735}},"subContentId":"38dc3824-e8c1-4dbf-9ed7-4ac8d2355b3b","metadata":{"contentType":"Image","license":"U","title":"Untitled Image"}},"backgroundOpacity":0,"willDoAnimation":false,"animationType":"glow","displayAsButton":false,"buttonSize":"big","goToSlideType":"specified","invisible":false},{"x":2.550551470588235,"y":37.892,"width":55.147058823529406,"height":40,"action":{"library":"H5P.CRAdvancedText 1.1","params":{"text":"<p dir=\"ltr\" style=\"text-align: center;\"><span style=\"font-size:1.75em;\"><span style=\"color:#ffffff;\">Zamu iya hawa Giwa.<\/span><\/span><\/p>\n"},"subContentId":"11168cee-a669-4a5c-ad04-b3de669fd62c","metadata":{"contentType":"Text","license":"U","title":"Untitled Text"}},"alwaysDisplayComments":false,"backgroundOpacity":0,"willDoAnimation":false,"animationType":"glow","displayAsButton":false,"buttonSize":"big","goToSlideType":"specified","invisible":false,"solution":""},{"x":46.96691176470588,"y":44,"width":40,"height":40,"action":{"library":"H5P.CRAudio 1.4","params":{"fitToWrapper":true,"currIndex":11,"playerMode":"minimalistic","controls":true,"autoplay":true,"playAudio":"Play audio","pauseAudio":"Pause audio","contentName":"Audio","glowColor":"#ffd85a","timeStampForEachText":[{"text":" Zamu ","startDuration":"0.7131","endDuration":"1.3075","wordfile":[{"path":"audios\/wordfile-66a123186e9a0.mp3","mime":"audio\/mpeg","copyright":{"license":"U"}}]},{"text":" iya ","startDuration":"1.3085","endDuration":"1.6375","wordfile":[{"path":"audios\/wordfile-66a1232c85795.mp3","mime":"audio\/mpeg","copyright":{"license":"U"}}]},{"text":" hawa ","startDuration":"1.6385","endDuration":"2.1192","wordfile":[{"path":"audios\/wordfile-66a1233f90a72.mp3","mime":"audio\/mpeg","copyright":{"license":"U"}}]},{"text":" Giwa. ","startDuration":"2.1202","endDuration":"3.0939","wordfile":[{"path":"audios\/wordfile-66a12352879b7.mp3","mime":"audio\/mpeg","copyright":{"license":"U"}}]}],"files":[{"path":"audios\/files-66a122fdc0505.mp3","mime":"audio\/mpeg","copyright":{"license":"U"}}]},"subContentId":"74d03b8d-1bb8-48f7-9ec1-675f7dcbe612","metadata":{"contentType":"Curious Reader Audio","license":"U","title":"Untitled Curious Reader Audio"}},"backgroundOpacity":0,"willDoAnimation":false,"animationType":"glow","displayAsButton":false,"buttonSize":"big","goToSlideType":"specified","invisible":false},{"x":66.17647058823529,"y":51.05381818181818,"width":23.345588235294116,"height":38.90909090909091,"action":{"library":"H5P.Image 1.1","params":{"contentName":"Image"},"subContentId":"a97eff54-e5cc-4865-a7db-4783378023ce","metadata":{"contentType":"Image","license":"U","title":"Untitled Image"}},"backgroundOpacity":0,"willDoAnimation":true,"animationType":"glow","displayAsButton":false,"buttonSize":"big","goToSlideType":"specified","invisible":false,"id":"img74d03b8d-1bb8-48f7-9ec1-675f7dcbe612_3"}],"slideBackgroundSelector":{}},{"elements":[{"x":6.5359477124183005,"y":2.150537634408602,"width":39.97821350762527,"height":95.69892473118279,"action":{"library":"H5P.Image 1.1","params":{"contentName":"Image","file":{"path":"images\/file-657733414a4c5.jpg","mime":"image\/jpeg","copyright":{"license":"U"},"width":1024,"height":1472}},"subContentId":"3fc945d1-d748-445f-bbd3-a7f86964fe4e","metadata":{"contentType":"Image","license":"U","title":"Untitled Image"}},"backgroundOpacity":0,"willDoAnimation":false,"animationType":"glow","displayAsButton":false,"buttonSize":"big","goToSlideType":"specified","invisible":false},{"x":43.36734693877551,"y":45.34005037783375,"width":53.69897959183674,"height":40.050377833753146,"action":{"library":"H5P.CRAdvancedText 1.1","params":{"text":"<p dir=\"ltr\" style=\"text-align: center;\"><span style=\"font-size:1.75em;\"><span style=\"color:#ffffff;\">A'a! Kawai mu taka.<\/span><\/span><\/p>\n"},"subContentId":"378c2ce4-59d7-41b1-823b-9c22984380c0","metadata":{"contentType":"Text","license":"U","title":"Untitled Text"}},"alwaysDisplayComments":false,"backgroundOpacity":0,"willDoAnimation":false,"animationType":"glow","displayAsButton":false,"buttonSize":"big","goToSlideType":"specified","invisible":false,"solution":""},{"x":46.96691176470588,"y":44,"width":40,"height":40,"action":{"library":"H5P.CRAudio 1.4","params":{"fitToWrapper":true,"currIndex":12,"playerMode":"minimalistic","controls":true,"autoplay":true,"playAudio":"Play audio","pauseAudio":"Pause audio","contentName":"Audio","glowColor":"#ffd85a","timeStampForEachText":[{"text":" A&#039;a! ","startDuration":"0.5151","endDuration":"1.2221","wordfile":[{"path":"audios\/wordfile-66a1239db04b0.mp3","mime":"audio\/mpeg","copyright":{"license":"U"}}]},{"text":" Kawai ","startDuration":"1.4646","endDuration":"2.2118","wordfile":[{"path":"audios\/wordfile-66a123b327e3b.mp3","mime":"audio\/mpeg","copyright":{"license":"U"}}]},{"text":" mu ","startDuration":"2.2128","endDuration":"2.5416","wordfile":[{"path":"audios\/wordfile-66a123c96b90e.mp3","mime":"audio\/mpeg","copyright":{"license":"U"}}]},{"text":" taka. ","startDuration":"2.5426","endDuration":"3.3623","wordfile":[{"path":"audios\/wordfile-66a123da71f2f.mp3","mime":"audio\/mpeg","copyright":{"license":"U"}}]}],"files":[{"path":"audios\/files-66a1237933e55.mp3","mime":"audio\/mpeg","copyright":{"license":"U"}}]},"subContentId":"ac506584-8025-48a9-8128-cfe68f781a31","metadata":{"contentType":"Curious Reader Audio","license":"U","title":"Untitled Curious Reader Audio"}},"backgroundOpacity":0,"willDoAnimation":false,"animationType":"glow","displayAsButton":false,"buttonSize":"big","goToSlideType":"specified","invisible":false},{"x":11.029411764705882,"y":58.18181818181818,"width":17.830882352941174,"height":28.363636363636363,"action":{"library":"H5P.Image 1.1","params":{"contentName":"Image"},"subContentId":"4bb0d8d0-cc51-4bba-82c9-d33c6f4e75eb","metadata":{"contentType":"Image","license":"U","title":"Untitled Image"}},"backgroundOpacity":0,"willDoAnimation":true,"animationType":"glow","displayAsButton":false,"buttonSize":"big","goToSlideType":"specified","invisible":false,"id":"imgac506584-8025-48a9-8128-cfe68f781a31_3"}],"slideBackgroundSelector":{}},{"elements":[{"x":64.27015250544663,"y":10.75268817204301,"width":31.263616557734206,"height":17.204301075268816,"action":{"library":"H5P.Image 1.1","params":{"contentName":"Image","file":{"path":"images\/file-657734c6867b2.jpg","mime":"image\/jpeg","copyright":{"license":"U"},"width":1732,"height":354}},"subContentId":"58d6bcfc-1017-40eb-bbcd-a32d3100ea46","metadata":{"contentType":"Image","license":"U","title":"Untitled Image"}},"backgroundOpacity":0,"willDoAnimation":false,"animationType":"glow","displayAsButton":false,"buttonSize":"big","goToSlideType":"specified","invisible":false},{"x":4.357298474945534,"y":6.451612903225806,"width":23.965141612200437,"height":24.086021505376344,"action":{"library":"H5P.Image 1.1","params":{"contentName":"Image","file":{"path":"images\/file-657734db6bc33.png","mime":"image\/png","copyright":{"license":"U"},"width":1350,"height":487}},"subContentId":"46007b76-06dc-4b23-9d5e-0feb3dcced51","metadata":{"contentType":"Image","license":"U","title":"Untitled Image"}},"backgroundOpacity":0,"willDoAnimation":false,"animationType":"glow","displayAsButton":false,"buttonSize":"big","goToSlideType":"specified","invisible":false},{"x":34.85838779956427,"y":4.301075268817204,"width":23.965141612200437,"height":23.87096774193548,"action":{"library":"H5P.Image 1.1","params":{"contentName":"Image","file":{"path":"images\/file-657734e7ce435.png","mime":"image\/png","copyright":{"license":"U"},"width":814,"height":202}},"subContentId":"f81bc57f-8a0f-443d-b34a-3ccd68a92e3a","metadata":{"contentType":"Image","license":"U","title":"Untitled Image"}},"backgroundOpacity":0,"willDoAnimation":false,"animationType":"glow","displayAsButton":false,"buttonSize":"big","goToSlideType":"specified","invisible":false},{"x":4.357298474945534,"y":32.20258064516129,"width":93.68191721132898,"height":67.74193548387096,"action":{"library":"H5P.CRAdvancedText 1.1","params":{"text":"<h3 style=\"text-align: center;\"><span style=\"font-size:1.25em;\">\u201c<\/span>Filin wasa<span style=\"font-size:1.25em;\">\u201d credits<\/span><\/h3>\n\n<h3 style=\"text-align: center;\"><span style=\"font-size:1.25em;\">This work, \u201c<\/span>Filin wasa<span style=\"font-size:1.25em;\">\u201d&nbsp;is a derivative of \u201cPlayground\u201d by All Children Reading Cambodia. \u00a9 The Asia Foundation , 2019 and used under CC BY.<\/span><\/h3>\n\n<h3 style=\"text-align: center;\"><span style=\"font-size:1.25em;\">\u201c<\/span>Filin wasa<span style=\"font-size:1.25em;\">\u201d is licensed under CC BY 4.0 by Curious Learning.<\/span><\/h3>\n\n<h3 style=\"text-align: center;\"><span style=\"font-size:1.25em;\">Book builder - Abraham Jerry Kakooza<\/span><\/h3>\n"},"subContentId":"045c5dbc-06a7-4115-b9f8-a37781c03f1e","metadata":{"contentType":"Text","license":"U","title":"Untitled Text"}},"alwaysDisplayComments":false,"backgroundOpacity":0,"willDoAnimation":false,"animationType":"glow","displayAsButton":false,"buttonSize":"big","goToSlideType":"specified","invisible":false,"solution":""}],"slideBackgroundSelector":{}}],"keywordListEnabled":true,"globalBackgroundSelector":{"fillGlobalBackground":"#fbfef0"},"keywordListAlwaysShow":false,"keywordListAutoHide":false,"keywordListOpacity":90},"override":{"activeSurface":false,"hideSummarySlide":false,"summarySlideSolutionButton":true,"summarySlideRetryButton":true,"enablePrintButton":false,"social":{"showFacebookShare":false,"facebookShare":{"url":"@currentpageurl","quote":"I scored @score out of @maxScore on a task at @currentpageurl."},"showTwitterShare":false,"twitterShare":{"statement":"I scored @score out of @maxScore on a task at @currentpageurl.","url":"@currentpageurl","hashtags":"h5p, course"},"showGoogleShare":false,"googleShareUrl":"@currentpageurl"}},"l10n":{"slide":"Slide","score":"Score","yourScore":"Your Score","maxScore":"Max Score","total":"Total","totalScore":"Total Score","showSolutions":"Show solutions","retry":"Retry","exportAnswers":"Export text","hideKeywords":"Hide sidebar navigation menu","showKeywords":"Show sidebar navigation menu","fullscreen":"Fullscreen","exitFullscreen":"Exit fullscreen","prevSlide":"Previous slide","nextSlide":"Next slide","currentSlide":"Current slide","lastSlide":"Last slide","solutionModeTitle":"Exit solution mode","solutionModeText":"Solution Mode","summaryMultipleTaskText":"Multiple tasks","scoreMessage":"You achieved:","shareFacebook":"Share on Facebook","shareTwitter":"Share on Twitter","shareGoogle":"Share on Google+","summary":"Summary","solutionsButtonTitle":"Show comments","printTitle":"Print","printIngress":"How would you like to print this presentation?","printAllSlides":"Print all slides","printCurrentSlide":"Print current slide","noTitle":"No title","accessibilitySlideNavigationExplanation":"Use left and right arrow to change slide in that direction whenever canvas is selected.","accessibilityCanvasLabel":"Presentation canvas. Use left and right arrow to move between slides.","containsNotCompleted":"@slideName contains not completed interaction","containsCompleted":"@slideName contains completed interaction","slideCount":"Slide @index of @total","containsOnlyCorrect":"@slideName only has correct answers","containsIncorrectAnswers":"@slideName has incorrect answers","shareResult":"Share Result","accessibilityTotalScore":"You got @score of @maxScore points in total","accessibilityEnteredFullscreen":"Entered fullscreen","accessibilityExitedFullscreen":"Exited fullscreen"}}