{"presentation":{"slides":[{"elements":[{"x":22.875816993464053,"y":6.4415268817204305,"width":62.309368191721134,"height":62.36559139784946,"action":{"library":"H5P.Image 1.1","params":{"contentName":"Image","file":{"path":"images\/file-658319096f767.jpg","mime":"image\/jpeg","copyright":{"license":"U"},"width":1024,"height":490}},"subContentId":"e9b86eca-b97e-411f-8ba5-eead3a9fe77c","metadata":{"contentType":"Image","license":"U","title":"Untitled Image"}},"backgroundOpacity":0,"willDoAnimation":false,"animationType":"glow","displayAsButton":false,"buttonSize":"big","goToSlideType":"specified","invisible":false},{"x":15.250255102040816,"y":72.97506297229219,"width":74.10714285714286,"height":25.188916876574307,"action":{"library":"H5P.CRAdvancedText 1.1","params":{"text":"<p style=\"text-align: center;\"><span style=\"font-size:1.75em;\"><strong>Zaki yayi gudu, Shanu yayi tafiya<\/strong><\/span><\/p>\n"},"subContentId":"69c7285e-eb82-4919-b262-fd9d1f00fa17","metadata":{"contentType":"Text","license":"U","title":"Untitled Text"}},"alwaysDisplayComments":false,"backgroundOpacity":0,"willDoAnimation":false,"animationType":"glow","displayAsButton":false,"buttonSize":"big","goToSlideType":"specified","invisible":false,"solution":""}],"slideBackgroundSelector":{}},{"elements":[{"x":7.625272331154684,"y":4.301075268817204,"width":38.12636165577342,"height":86.02150537634408,"action":{"library":"H5P.Image 1.1","params":{"contentName":"Image","file":{"path":"images\/file-6583197217324.jpg","mime":"image\/jpeg","copyright":{"license":"U"},"width":1024,"height":1104}},"subContentId":"f7920f01-f5ce-4803-9d36-cf2030aa00d8","metadata":{"contentType":"Image","license":"U","title":"Untitled Image"}},"backgroundOpacity":0,"willDoAnimation":false,"animationType":"glow","displayAsButton":false,"buttonSize":"big","goToSlideType":"specified","invisible":false},{"x":47.19387755102041,"y":40.30226700251889,"width":49.744897959183675,"height":40.050377833753146,"action":{"library":"H5P.CRAdvancedText 1.1","params":{"text":"<p dir=\"ltr\" style=\"text-align: center;\"><span style=\"font-size:1.625em;\"><span style=\"color:#ffffff;\">&nbsp;&nbsp;Zaki yayi gudu<\/span><\/span><\/p>\n"},"subContentId":"9719aa82-4821-4f23-91eb-86959f487486","metadata":{"contentType":"Text","license":"U","title":"Untitled Text"}},"alwaysDisplayComments":false,"backgroundOpacity":0,"willDoAnimation":false,"animationType":"glow","displayAsButton":false,"buttonSize":"big","goToSlideType":"specified","invisible":false,"solution":""},{"x":46.96691176470588,"y":44,"width":40,"height":40,"action":{"library":"H5P.CRAudio 1.4","params":{"fitToWrapper":true,"currIndex":1,"playerMode":"minimalistic","controls":true,"autoplay":true,"playAudio":"Play audio","pauseAudio":"Pause audio","contentName":"Audio","glowColor":"#ffd85a","timeStampForEachText":[{"text":" \u00a0\u00a0Zaki ","startDuration":"0.3312","endDuration":"0.9990","wordfile":[{"path":"audios\/wordfile-66a0ed8ed68ae.mp3","mime":"audio\/mpeg","copyright":{"license":"U"}}]},{"text":" yayi ","startDuration":"1.0000","endDuration":"1.3201","wordfile":[{"path":"audios\/wordfile-66a0eda72e545.mp3","mime":"audio\/mpeg","copyright":{"license":"U"}}]},{"text":" gudu ","startDuration":"1.3128","endDuration":"1.7446","wordfile":[{"path":"audios\/wordfile-66a0edc674bf8.mp3","mime":"audio\/mpeg","copyright":{"license":"U"}}]}],"files":[{"path":"audios\/files-66a0ed5bed18e.mp3","mime":"audio\/mpeg","copyright":{"license":"U"}}]},"subContentId":"e71960d2-a8cb-475d-b25e-137dd27912d7","metadata":{"contentType":"Curious Reader Audio","license":"U","title":"Untitled Curious Reader Audio"}},"backgroundOpacity":0,"willDoAnimation":false,"animationType":"glow","displayAsButton":false,"buttonSize":"big","goToSlideType":"specified","invisible":false},{"x":14.705882352941176,"y":18.181818181818183,"width":25.183823529411764,"height":40,"action":{"library":"H5P.Image 1.1","params":{"contentName":"Image"},"subContentId":"6d468d26-361a-4dc6-b5f5-0031a3ff72b0","metadata":{"contentType":"Image","license":"U","title":"Untitled Image"}},"backgroundOpacity":0,"willDoAnimation":true,"animationType":"glow","displayAsButton":false,"buttonSize":"big","goToSlideType":"specified","invisible":false,"id":"imge71960d2-a8cb-475d-b25e-137dd27912d7_0"}],"slideBackgroundSelector":{}},{"elements":[{"x":26.143790849673202,"y":2.150537634408602,"width":39.97821350762527,"height":75.26881720430107,"action":{"library":"H5P.Image 1.1","params":{"contentName":"Image","file":{"path":"images\/file-65831a8a29b4c.jpg","mime":"image\/jpeg","copyright":{"license":"U"},"width":1024,"height":1104}},"subContentId":"1da54fc5-e548-4ce7-a075-283717387dee","metadata":{"contentType":"Image","license":"U","title":"Untitled Image"}},"backgroundOpacity":0,"willDoAnimation":false,"animationType":"glow","displayAsButton":false,"buttonSize":"big","goToSlideType":"specified","invisible":false},{"x":7.653061224489796,"y":80.60453400503778,"width":82.90816326530613,"height":13.853904282115868,"action":{"library":"H5P.CRAdvancedText 1.1","params":{"text":"<p dir=\"ltr\" style=\"text-align: center;\"><span style=\"font-size:1.75em;\"><span style=\"color:#ffffff;\">Shanu yayi tafiya<\/span><\/span><\/p>\n"},"subContentId":"3496b02e-a1d6-497f-b829-08a065e181bc","metadata":{"contentType":"Text","license":"U","title":"Untitled Text"}},"alwaysDisplayComments":false,"backgroundOpacity":0,"willDoAnimation":false,"animationType":"glow","displayAsButton":false,"buttonSize":"big","goToSlideType":"specified","invisible":false,"solution":""},{"x":46.96691176470588,"y":44,"width":40,"height":40,"action":{"library":"H5P.CRAudio 1.4","params":{"fitToWrapper":true,"currIndex":2,"playerMode":"minimalistic","controls":true,"autoplay":true,"playAudio":"Play audio","pauseAudio":"Pause audio","contentName":"Audio","glowColor":"#ffd85a","timeStampForEachText":[{"text":" Shanu ","startDuration":"0.2513","endDuration":"0.8775","wordfile":[{"path":"audios\/wordfile-66a0ee9c7b53b.mp3","mime":"audio\/mpeg","copyright":{"license":"U"}}]},{"text":" yayi ","startDuration":"0.8785","endDuration":"1.4285","wordfile":[{"path":"audios\/wordfile-66a0eeb716164.mp3","mime":"audio\/mpeg","copyright":{"license":"U"}}]},{"text":" tafiya ","startDuration":"1.4295","endDuration":"2.0602","wordfile":[{"path":"audios\/wordfile-66a0eecd8e5d0.mp3","mime":"audio\/mpeg","copyright":{"license":"U"}}]}],"files":[{"path":"audios\/files-66a0ee80908e8.mp3","mime":"audio\/mpeg","copyright":{"license":"U"}}]},"subContentId":"36a92af3-7861-44d2-aa3c-7b6ef76507ed","metadata":{"contentType":"Curious Reader Audio","license":"U","title":"Untitled Curious Reader Audio"}},"backgroundOpacity":0,"willDoAnimation":false,"animationType":"glow","displayAsButton":false,"buttonSize":"big","goToSlideType":"specified","invisible":false},{"x":33.088235294117645,"y":14.545454545454545,"width":23.345588235294116,"height":40,"action":{"library":"H5P.Image 1.1","params":{"contentName":"Image"},"subContentId":"6bf8e032-aac1-4a9b-86dc-f5762fca61ad","metadata":{"contentType":"Image","license":"U","title":"Untitled Image"}},"backgroundOpacity":0,"willDoAnimation":true,"animationType":"glow","displayAsButton":false,"buttonSize":"big","goToSlideType":"specified","invisible":false,"id":"img36a92af3-7861-44d2-aa3c-7b6ef76507ed_0"}],"slideBackgroundSelector":{}},{"elements":[{"x":28.32244008714597,"y":2.150537634408602,"width":39.97821350762527,"height":68.81720430107526,"action":{"library":"H5P.Image 1.1","params":{"contentName":"Image","file":{"path":"images\/file-65831ad1bdd16.jpg","mime":"image\/jpeg","copyright":{"license":"U"},"width":1024,"height":1104}},"subContentId":"af20be75-1247-4e4a-8d9d-7e7aedb3d0ab","metadata":{"contentType":"Image","license":"U","title":"Untitled Image"}},"backgroundOpacity":0,"willDoAnimation":false,"animationType":"glow","displayAsButton":false,"buttonSize":"big","goToSlideType":"specified","invisible":false},{"x":15.306122448979592,"y":79.46120906801008,"width":69.00510204081633,"height":16.120906801007557,"action":{"library":"H5P.CRAdvancedText 1.1","params":{"text":"<p dir=\"ltr\" style=\"text-align: center;\"><span style=\"font-size:1.625em;\"><span style=\"color:#ffffff;\">Agwagwa ta shiga ruwa<\/span><\/span><\/p>\n"},"subContentId":"2b646078-b12f-456e-842b-44aba99eca30","metadata":{"contentType":"Text","license":"U","title":"Untitled Text"}},"alwaysDisplayComments":false,"backgroundOpacity":0,"willDoAnimation":false,"animationType":"glow","displayAsButton":false,"buttonSize":"big","goToSlideType":"specified","invisible":false,"solution":""},{"x":46.96691176470588,"y":44,"width":40,"height":40,"action":{"library":"H5P.CRAudio 1.4","params":{"fitToWrapper":true,"currIndex":3,"playerMode":"minimalistic","controls":true,"autoplay":true,"playAudio":"Play audio","pauseAudio":"Pause audio","contentName":"Audio","glowColor":"#ffd85a","timeStampForEachText":[{"text":" Agwagwa ","startDuration":"0.0000","endDuration":"0.9540","wordfile":[{"path":"audios\/wordfile-66a0ef067829b.mp3","mime":"audio\/mpeg","copyright":{"license":"U"}}]},{"text":" ta ","startDuration":"0.9550","endDuration":"1.3554","wordfile":[{"path":"audios\/wordfile-66a0ef24c3336.mp3","mime":"audio\/mpeg","copyright":{"license":"U"}}]},{"text":" shiga ","startDuration":"1.3564","endDuration":"1.5459","wordfile":[{"path":"audios\/wordfile-66a0ef4b549f2.mp3","mime":"audio\/mpeg","copyright":{"license":"U"}}]},{"text":" ruwa ","startDuration":"1.5469","endDuration":"2.2900","wordfile":[{"path":"audios\/wordfile-66a0ef60aaaee.mp3","mime":"audio\/mpeg","copyright":{"license":"U"}}]}],"files":[{"path":"audios\/files-66a0eee408dfe.mp3","mime":"audio\/mpeg","copyright":{"license":"U"}}]},"subContentId":"a27aec77-f12a-4884-a38e-9092ff0c49bc","metadata":{"contentType":"Curious Reader Audio","license":"U","title":"Untitled Curious Reader Audio"}},"backgroundOpacity":0,"willDoAnimation":false,"animationType":"glow","displayAsButton":false,"buttonSize":"big","goToSlideType":"specified","invisible":false},{"x":31.25,"y":7.298290909090908,"width":34.55882352941176,"height":42.54545454545455,"action":{"library":"H5P.Image 1.1","params":{"contentName":"Image"},"subContentId":"b5ea8754-821c-4bf5-9b7f-89cc9c10341b","metadata":{"contentType":"Image","license":"U","title":"Untitled Image"}},"backgroundOpacity":0,"willDoAnimation":true,"animationType":"glow","displayAsButton":false,"buttonSize":"big","goToSlideType":"specified","invisible":false,"id":"imga27aec77-f12a-4884-a38e-9092ff0c49bc_0"},{"x":36.76470588235294,"y":40.22727272727273,"width":28.860294117647058,"height":17.09090909090909,"action":{"library":"H5P.Image 1.1","params":{"contentName":"Image"},"subContentId":"7c399e46-a851-44d3-9347-46e9b3d4b0a2","metadata":{"contentType":"Image","license":"U","title":"Untitled Image"}},"backgroundOpacity":0,"willDoAnimation":true,"animationType":"glow","displayAsButton":false,"buttonSize":"big","goToSlideType":"specified","invisible":false,"id":"imga27aec77-f12a-4884-a38e-9092ff0c49bc_3"}],"slideBackgroundSelector":{}},{"elements":[{"x":31.59041394335512,"y":2.150537634408602,"width":39.97821350762527,"height":70.96774193548387,"action":{"library":"H5P.Image 1.1","params":{"contentName":"Image","file":{"path":"images\/file-65831b138940b.jpg","mime":"image\/jpeg","copyright":{"license":"U"},"width":1024,"height":1104}},"subContentId":"19d13a31-42ad-458f-b213-0212172b804b","metadata":{"contentType":"Image","license":"U","title":"Untitled Image"}},"backgroundOpacity":0,"willDoAnimation":false,"animationType":"glow","displayAsButton":false,"buttonSize":"big","goToSlideType":"specified","invisible":false},{"x":18.51851851851852,"y":77.28322580645161,"width":63.18082788671024,"height":18.279569892473116,"action":{"library":"H5P.CRAdvancedText 1.1","params":{"text":"<p dir=\"ltr\" style=\"text-align: center;\"><span style=\"font-size:1.75em;\"><span style=\"color:#ffffff;\">Ayu ta koma doron \u0199asa<\/span><\/span><\/p>\n"},"subContentId":"db37d6c4-ca6f-4529-90b8-57f9abf591fd","metadata":{"contentType":"Text","license":"U","title":"Untitled Text"}},"alwaysDisplayComments":false,"backgroundOpacity":0,"willDoAnimation":false,"animationType":"glow","displayAsButton":false,"buttonSize":"big","goToSlideType":"specified","invisible":false,"solution":""},{"x":46.96691176470588,"y":44,"width":40,"height":40,"action":{"library":"H5P.CRAudio 1.4","params":{"fitToWrapper":true,"currIndex":4,"playerMode":"minimalistic","controls":true,"autoplay":true,"playAudio":"Play audio","pauseAudio":"Pause audio","contentName":"Audio","glowColor":"#ffd85a","timeStampForEachText":[{"text":" Ayu ","startDuration":"0.0000","endDuration":"0.6605","wordfile":[{"path":"audios\/wordfile-66a0ef8c89700.mp3","mime":"audio\/mpeg","copyright":{"license":"U"}}]},{"text":" ta ","startDuration":"0.6615","endDuration":"1.0433","wordfile":[{"path":"audios\/wordfile-66a0efa981b02.mp3","mime":"audio\/mpeg","copyright":{"license":"U"}}]},{"text":" koma ","startDuration":"1.0443","endDuration":"1.5473","wordfile":[{"path":"audios\/wordfile-66a0efbe3910b.mp3","mime":"audio\/mpeg","copyright":{"license":"U"}}]},{"text":" doron ","startDuration":"1.5483","endDuration":"1.9725","wordfile":[{"path":"audios\/wordfile-66a0efd3f27bd.mp3","mime":"audio\/mpeg","copyright":{"license":"U"}}]},{"text":" \u0199asa ","startDuration":"1.9735","endDuration":"2.5068","wordfile":[{"path":"audios\/wordfile-66a0eff2bd66e.mp3","mime":"audio\/mpeg","copyright":{"license":"U"}}]}],"files":[{"path":"audios\/files-66a0ef77dcdff.mp3","mime":"audio\/mpeg","copyright":{"license":"U"}}]},"subContentId":"3b868e49-21fe-4479-b864-545dab6808a6","metadata":{"contentType":"Curious Reader Audio","license":"U","title":"Untitled Curious Reader Audio"}},"backgroundOpacity":0,"willDoAnimation":false,"animationType":"glow","displayAsButton":false,"buttonSize":"big","goToSlideType":"specified","invisible":false},{"x":42.27941176470588,"y":18.181818181818183,"width":27.757352941176467,"height":40,"action":{"library":"H5P.Image 1.1","params":{"contentName":"Image"},"subContentId":"3de27cbb-6c73-4596-9986-61f560bf2794","metadata":{"contentType":"Image","license":"U","title":"Untitled Image"}},"backgroundOpacity":0,"willDoAnimation":true,"animationType":"glow","displayAsButton":false,"buttonSize":"big","goToSlideType":"specified","invisible":false,"id":"img3b868e49-21fe-4479-b864-545dab6808a6_0"},{"x":33.088235294117645,"y":51.12800000000001,"width":36.9485294117647,"height":20.727272727272727,"action":{"library":"H5P.Image 1.1","params":{"contentName":"Image"},"subContentId":"831489cb-074d-4ac2-a8f6-f1084f043587","metadata":{"contentType":"Image","license":"U","title":"Untitled Image"}},"backgroundOpacity":0,"willDoAnimation":true,"animationType":"glow","displayAsButton":false,"buttonSize":"big","goToSlideType":"specified","invisible":false,"id":"img3b868e49-21fe-4479-b864-545dab6808a6_4"}],"slideBackgroundSelector":{}},{"elements":[{"x":27.233115468409586,"y":2.150537634408602,"width":39.97821350762527,"height":68.81720430107526,"action":{"library":"H5P.Image 1.1","params":{"contentName":"Image","file":{"path":"images\/file-65831b5ea0e18.jpg","mime":"image\/jpeg","copyright":{"license":"U"},"width":1024,"height":1104}},"subContentId":"138ad313-54aa-4d7c-976c-943dee79f94d","metadata":{"contentType":"Image","license":"U","title":"Untitled Image"}},"backgroundOpacity":0,"willDoAnimation":false,"animationType":"glow","displayAsButton":false,"buttonSize":"big","goToSlideType":"specified","invisible":false},{"x":1.838235294117647,"y":72.72727272727273,"width":85.45918367346938,"height":20.403022670025187,"action":{"library":"H5P.CRAdvancedText 1.1","params":{"text":"<p dir=\"ltr\" style=\"text-align: center;\"><span style=\"font-size:1.75em;\"><span style=\"color:#ffffff;\">Giwa ta janyo ice<\/span><\/span><\/p>\n"},"subContentId":"179ec519-ce70-4843-bd6f-c08e0b43745a","metadata":{"contentType":"Text","license":"U","title":"Untitled Text"}},"alwaysDisplayComments":false,"backgroundOpacity":0,"willDoAnimation":false,"animationType":"glow","displayAsButton":false,"buttonSize":"big","goToSlideType":"specified","invisible":false,"solution":""},{"x":46.96691176470588,"y":44,"width":40,"height":40,"action":{"library":"H5P.CRAudio 1.4","params":{"fitToWrapper":true,"currIndex":5,"playerMode":"minimalistic","controls":true,"autoplay":true,"playAudio":"Play audio","pauseAudio":"Pause audio","contentName":"Audio","glowColor":"#ffd85a","timeStampForEachText":[{"text":" Giwa ","startDuration":"0.1524","endDuration":"1.0126","wordfile":[{"path":"audios\/wordfile-66a0f0292ac61.mp3","mime":"audio\/mpeg","copyright":{"license":"U"}}]},{"text":" ta ","startDuration":"1.0136","endDuration":"1.4506","wordfile":[{"path":"audios\/wordfile-66a0f03c0c5fb.mp3","mime":"audio\/mpeg","copyright":{"license":"U"}}]},{"text":" janyo ","startDuration":"1.4516","endDuration":"1.9507","wordfile":[{"path":"audios\/wordfile-66a0f0504f7f6.mp3","mime":"audio\/mpeg","copyright":{"license":"U"}}]},{"text":" ice ","startDuration":"1.9517","endDuration":"2.5298","wordfile":[{"path":"audios\/wordfile-66a0f06498ac7.mp3","mime":"audio\/mpeg","copyright":{"license":"U"}}]}],"files":[{"path":"audios\/files-66a0f0137150b.mp3","mime":"audio\/mpeg","copyright":{"license":"U"}}]},"subContentId":"edbd778f-c0a8-4b65-b79b-aa8a27e93c96","metadata":{"contentType":"Curious Reader Audio","license":"U","title":"Untitled Curious Reader Audio"}},"backgroundOpacity":0,"willDoAnimation":false,"animationType":"glow","displayAsButton":false,"buttonSize":"big","goToSlideType":"specified","invisible":false},{"x":33.088235294117645,"y":21.880690909090912,"width":17.830882352941174,"height":28,"action":{"library":"H5P.Image 1.1","params":{"contentName":"Image"},"subContentId":"1f634ad2-7b00-49cb-afc5-08c1370da068","metadata":{"contentType":"Image","license":"U","title":"Untitled Image"}},"backgroundOpacity":0,"willDoAnimation":true,"animationType":"glow","displayAsButton":false,"buttonSize":"big","goToSlideType":"specified","invisible":false,"id":"imgedbd778f-c0a8-4b65-b79b-aa8a27e93c96_0"},{"x":42.279411764705884,"y":42.678909090909094,"width":14.15441176470588,"height":20.727272727272727,"action":{"library":"H5P.Image 1.1","params":{"contentName":"Image"},"subContentId":"68cd48c7-1744-4841-bf8c-9dbc4a155c36","metadata":{"contentType":"Image","license":"U","title":"Untitled Image"}},"backgroundOpacity":0,"willDoAnimation":true,"animationType":"glow","displayAsButton":false,"buttonSize":"big","goToSlideType":"specified","invisible":false,"id":"imgedbd778f-c0a8-4b65-b79b-aa8a27e93c96_3"}],"slideBackgroundSelector":{}},{"elements":[{"x":28.322440087145967,"y":4.29436559139785,"width":39.97821350762527,"height":70.96774193548387,"action":{"library":"H5P.Image 1.1","params":{"contentName":"Image","file":{"path":"images\/file-65831ba2ca3fa.jpg","mime":"image\/jpeg","copyright":{"license":"U"},"width":1024,"height":1104}},"subContentId":"c68753a8-2e98-4278-b57e-cff21c6110e8","metadata":{"contentType":"Image","license":"U","title":"Untitled Image"}},"backgroundOpacity":0,"willDoAnimation":false,"animationType":"glow","displayAsButton":false,"buttonSize":"big","goToSlideType":"specified","invisible":false},{"x":16.544117647058822,"y":83.63636363636364,"width":57.90816326530612,"height":13.853904282115868,"action":{"library":"H5P.CRAdvancedText 1.1","params":{"text":"<p dir=\"ltr\" style=\"text-align: center;\"><span style=\"font-size:1.75em;\"><span style=\"color:#ffffff;\">Doki ya jawo mangala<\/span><\/span><\/p>\n"},"subContentId":"209e6fbd-a59d-4163-a4d8-cd813ccf5435","metadata":{"contentType":"Text","license":"U","title":"Untitled Text"}},"alwaysDisplayComments":false,"backgroundOpacity":0,"willDoAnimation":false,"animationType":"glow","displayAsButton":false,"buttonSize":"big","goToSlideType":"specified","invisible":false,"solution":""},{"x":46.96691176470588,"y":44,"width":40,"height":40,"action":{"library":"H5P.CRAudio 1.4","params":{"fitToWrapper":true,"currIndex":6,"playerMode":"minimalistic","controls":true,"autoplay":true,"playAudio":"Play audio","pauseAudio":"Pause audio","contentName":"Audio","glowColor":"#ffd85a","timeStampForEachText":[{"text":" Doki ","startDuration":"0.1221","endDuration":"1.0243","wordfile":[{"path":"audios\/wordfile-66a0f09147b52.mp3","mime":"audio\/mpeg","copyright":{"license":"U"}}]},{"text":" ya ","startDuration":"1.0253","endDuration":"1.5794","wordfile":[{"path":"audios\/wordfile-66a0f0a6a0397.mp3","mime":"audio\/mpeg","copyright":{"license":"U"}}]},{"text":" jawo ","startDuration":"1.5804","endDuration":"2.1345","wordfile":[{"path":"audios\/wordfile-66a0f0c0bf7db.mp3","mime":"audio\/mpeg","copyright":{"license":"U"}}]},{"text":" mangala ","startDuration":"2.1355","endDuration":"2.7812","wordfile":[{"path":"audios\/wordfile-66a0f0d4a45ee.mp3","mime":"audio\/mpeg","copyright":{"license":"U"}}]}],"files":[{"path":"audios\/files-66a0f079aa7fd.mp3","mime":"audio\/mpeg","copyright":{"license":"U"}}]},"subContentId":"979109e9-a9ea-4620-94ba-cab54be1a876","metadata":{"contentType":"Curious Reader Audio","license":"U","title":"Untitled Curious Reader Audio"}},"backgroundOpacity":0,"willDoAnimation":false,"animationType":"glow","displayAsButton":false,"buttonSize":"big","goToSlideType":"specified","invisible":false},{"x":44.11764705882353,"y":14.644872727272729,"width":12.316176470588234,"height":31.636363636363637,"action":{"library":"H5P.Image 1.1","params":{"contentName":"Image"},"subContentId":"d7827f6e-f7a2-4f8a-a60a-c5705901ec0b","metadata":{"contentType":"Image","license":"U","title":"Untitled Image"}},"backgroundOpacity":0,"willDoAnimation":true,"animationType":"glow","displayAsButton":false,"buttonSize":"big","goToSlideType":"specified","invisible":false,"id":"img979109e9-a9ea-4620-94ba-cab54be1a876_0"},{"x":27.573529411764707,"y":25.522727272727273,"width":20.220588235294116,"height":29.09090909090909,"action":{"library":"H5P.Image 1.1","params":{"contentName":"Image"},"subContentId":"24ac409d-07b2-4d82-95bb-28146e0a8537","metadata":{"contentType":"Image","license":"U","title":"Untitled Image"}},"backgroundOpacity":0,"willDoAnimation":true,"animationType":"glow","displayAsButton":false,"buttonSize":"big","goToSlideType":"specified","invisible":false,"id":"img979109e9-a9ea-4620-94ba-cab54be1a876_3"}],"slideBackgroundSelector":{}},{"elements":[{"x":29.411764705882355,"y":4.29436559139785,"width":39.97821350762527,"height":70.96774193548387,"action":{"library":"H5P.Image 1.1","params":{"contentName":"Image","file":{"path":"images\/file-65831be285345.jpg","mime":"image\/jpeg","copyright":{"license":"U"},"width":1024,"height":1104}},"subContentId":"5e15c7ac-663e-49c7-a409-d47ae27b65e0","metadata":{"contentType":"Image","license":"U","title":"Untitled Image"}},"backgroundOpacity":0,"willDoAnimation":false,"animationType":"glow","displayAsButton":false,"buttonSize":"big","goToSlideType":"specified","invisible":false},{"x":5.514705882352941,"y":80,"width":80.35714285714286,"height":13.853904282115868,"action":{"library":"H5P.CRAdvancedText 1.1","params":{"text":"<p dir=\"ltr\" style=\"text-align: center;\"><span style=\"font-size:1.625em;\"><span style=\"color:#ffffff;\">Maciji na tafiya a bisa \u0199asa<\/span><\/span><\/p>\n"},"subContentId":"81448db5-bd9c-4ad4-8df9-fec5574f1a40","metadata":{"contentType":"Text","license":"U","title":"Untitled Text"}},"alwaysDisplayComments":false,"backgroundOpacity":0,"willDoAnimation":false,"animationType":"glow","displayAsButton":false,"buttonSize":"big","goToSlideType":"specified","invisible":false,"solution":""},{"x":46.96691176470588,"y":44,"width":40,"height":40,"action":{"library":"H5P.CRAudio 1.4","params":{"fitToWrapper":true,"currIndex":7,"playerMode":"minimalistic","controls":true,"autoplay":true,"playAudio":"Play audio","pauseAudio":"Pause audio","contentName":"Audio","glowColor":"#ffd85a","timeStampForEachText":[{"text":" Maciji ","startDuration":"0.3083","endDuration":"1.3633","wordfile":[{"path":"audios\/wordfile-66a0f10855f91.mp3","mime":"audio\/mpeg","copyright":{"license":"U"}}]},{"text":" na ","startDuration":"1.3713","endDuration":"1.7325","wordfile":[{"path":"audios\/wordfile-66a0f11e8a16e.mp3","mime":"audio\/mpeg","copyright":{"license":"U"}}]},{"text":" tafiya ","startDuration":"1.7335","endDuration":"2.2488","wordfile":[{"path":"audios\/wordfile-66a0f13c33566.mp3","mime":"audio\/mpeg","copyright":{"license":"U"}}]},{"text":" a ","startDuration":"2.2489","endDuration":"2.3624","wordfile":[{"path":"audios\/wordfile-66a0f19c0e85f.mp3","mime":"audio\/mpeg","copyright":{"license":"U"}}]},{"text":" bisa ","startDuration":"2.3634","endDuration":"2.6545","wordfile":[{"path":"audios\/wordfile-66a0f1b41dde8.mp3","mime":"audio\/mpeg","copyright":{"license":"U"}}]},{"text":" \u0199asa ","startDuration":"2.6555","endDuration":"3.2619","wordfile":[{"path":"audios\/wordfile-66a0f1d0906db.mp3","mime":"audio\/mpeg","copyright":{"license":"U"}}]}],"files":[{"path":"audios\/files-66a0f0eeed6c0.mp3","mime":"audio\/mpeg","copyright":{"license":"U"}}]},"subContentId":"5920ee58-79b3-4421-8275-46a6687d8d77","metadata":{"contentType":"Curious Reader Audio","license":"U","title":"Untitled Curious Reader Audio"}},"backgroundOpacity":0,"willDoAnimation":false,"animationType":"glow","displayAsButton":false,"buttonSize":"big","goToSlideType":"specified","invisible":false},{"x":33.088235294117645,"y":30.127854545454547,"width":36.9485294117647,"height":35.27272727272727,"action":{"library":"H5P.Image 1.1","params":{"contentName":"Image"},"subContentId":"1ab6c1ef-864e-4ee5-bd84-0c27b38d33b8","metadata":{"contentType":"Image","license":"U","title":"Untitled Image"}},"backgroundOpacity":0,"willDoAnimation":true,"animationType":"glow","displayAsButton":false,"buttonSize":"big","goToSlideType":"specified","invisible":false,"id":"img5920ee58-79b3-4421-8275-46a6687d8d77_0"}],"slideBackgroundSelector":{}},{"elements":[{"x":5.1020408163265305,"y":73.04785894206549,"width":89.28571428571429,"height":21.41057934508816,"action":{"library":"H5P.CRAdvancedText 1.1","params":{"text":"<p dir=\"ltr\" style=\"text-align: center;\"><span style=\"font-size:1.625em;\"><span style=\"color:#ffffff;\">Tsintsaye na shawagi a sararin-samaniya.<\/span><\/span><\/p>\n"},"subContentId":"ca7f191a-37d5-488d-9491-527dde95e88a","metadata":{"contentType":"Text","license":"U","title":"Untitled Text"}},"alwaysDisplayComments":false,"backgroundOpacity":0,"willDoAnimation":false,"animationType":"glow","displayAsButton":false,"buttonSize":"big","goToSlideType":"specified","invisible":false,"solution":""},{"x":26.143790849673206,"y":2.147178494623656,"width":39.97821350762527,"height":66.66666666666666,"action":{"library":"H5P.Image 1.1","params":{"contentName":"Image","file":{"path":"images\/file-65831d4baff8f.jpg","mime":"image\/jpeg","copyright":{"license":"U"},"width":1024,"height":1104}},"subContentId":"57d80f10-41cc-4ab9-af85-be3720280f99","metadata":{"contentType":"Image","license":"U","title":"Untitled Image"}},"backgroundOpacity":0,"willDoAnimation":false,"animationType":"glow","displayAsButton":false,"buttonSize":"big","goToSlideType":"specified","invisible":false},{"x":46.96691176470588,"y":44,"width":40,"height":40,"action":{"library":"H5P.CRAudio 1.4","params":{"fitToWrapper":true,"currIndex":8,"playerMode":"minimalistic","controls":true,"autoplay":true,"playAudio":"Play audio","pauseAudio":"Pause audio","contentName":"Audio","glowColor":"#ffd85a","timeStampForEachText":[{"text":" Tsintsaye ","startDuration":"0.0000","endDuration":"1.1280","wordfile":[{"path":"audios\/wordfile-66a0f1fb586c6.mp3","mime":"audio\/mpeg","copyright":{"license":"U"}}]},{"text":" na ","startDuration":"1.1290","endDuration":"1.5111","wordfile":[{"path":"audios\/wordfile-66a0f20e7d5d9.mp3","mime":"audio\/mpeg","copyright":{"license":"U"}}]},{"text":" shawagi ","startDuration":"1.5121","endDuration":"2.3018","wordfile":[{"path":"audios\/wordfile-66a0f22308ef1.mp3","mime":"audio\/mpeg","copyright":{"license":"U"}}]},{"text":" a ","startDuration":"2.3028","endDuration":"2.6069","wordfile":[{"path":"audios\/wordfile-66a0f239e1ba0.mp3","mime":"audio\/mpeg","copyright":{"license":"U"}}]},{"text":" sararinsamaniya. ","startDuration":"2.6079","endDuration":"4.0915","wordfile":[{"path":"audios\/wordfile-66a0f266970c2.mp3","mime":"audio\/mpeg","copyright":{"license":"U"}}]}],"files":[{"path":"audios\/files-66a0f1e758e47.mp3","mime":"audio\/mpeg","copyright":{"license":"U"}}]},"subContentId":"95f4fc8f-2084-49ff-9ca6-1d45721fe7d0","metadata":{"contentType":"Curious Reader Audio","license":"U","title":"Untitled Curious Reader Audio"}},"backgroundOpacity":0,"willDoAnimation":false,"animationType":"glow","displayAsButton":false,"buttonSize":"big","goToSlideType":"specified","invisible":false},{"x":27.573529411764707,"y":7.2812363636363635,"width":36.213235294117645,"height":36.36363636363637,"action":{"library":"H5P.Image 1.1","params":{"contentName":"Image"},"subContentId":"babba1f7-aedd-4710-b703-4f035d7131b0","metadata":{"contentType":"Image","license":"U","title":"Untitled Image"}},"backgroundOpacity":0,"willDoAnimation":true,"animationType":"glow","displayAsButton":false,"buttonSize":"big","goToSlideType":"specified","invisible":false,"id":"img95f4fc8f-2084-49ff-9ca6-1d45721fe7d0_0"}],"slideBackgroundSelector":{}},{"elements":[{"x":28.32244008714597,"y":6.451612903225806,"width":39.97821350762527,"height":66.66666666666666,"action":{"library":"H5P.Image 1.1","params":{"contentName":"Image","file":{"path":"images\/file-65831df5f06a6.jpg","mime":"image\/jpeg","copyright":{"license":"U"},"width":1024,"height":735}},"subContentId":"d222ce68-7efa-448b-a4b2-ea1f3fbac71f","metadata":{"contentType":"Image","license":"U","title":"Untitled Image"}},"backgroundOpacity":0,"willDoAnimation":false,"animationType":"glow","displayAsButton":false,"buttonSize":"big","goToSlideType":"specified","invisible":false}],"slideBackgroundSelector":{}},{"elements":[{"x":11.982570806100219,"y":6.451612903225806,"width":15.250544662309368,"height":15.268817204301074,"action":{"library":"H5P.Image 1.1","params":{"contentName":"Image","file":{"path":"images\/file-65831e32b2800.png","mime":"image\/png","copyright":{"license":"U"},"width":1350,"height":487}},"subContentId":"1085a3ab-ea5d-4a09-a91d-6a7952625bf7","metadata":{"contentType":"Image","license":"U","title":"Untitled Image"}},"backgroundOpacity":0,"willDoAnimation":false,"animationType":"glow","displayAsButton":false,"buttonSize":"big","goToSlideType":"specified","invisible":false},{"x":33.769063180827885,"y":6.451612903225806,"width":15.250544662309368,"height":15.268817204301074,"action":{"library":"H5P.Image 1.1","params":{"contentName":"Image","file":{"path":"images\/file-65831e42c1cf9.png","mime":"image\/png","copyright":{"license":"U"},"width":814,"height":202}},"subContentId":"2785156a-658b-4044-8615-4e454538838b","metadata":{"contentType":"Image","license":"U","title":"Untitled Image"}},"backgroundOpacity":0,"willDoAnimation":false,"animationType":"glow","displayAsButton":false,"buttonSize":"big","goToSlideType":"specified","invisible":false},{"x":54.46623093681917,"y":6.451612903225806,"width":39.97821350762527,"height":15.053763440860214,"action":{"library":"H5P.Image 1.1","params":{"contentName":"Image","file":{"path":"images\/file-65831e5ad7945.jpg","mime":"image\/jpeg","copyright":{"license":"U"},"width":1732,"height":354}},"subContentId":"77aaaf80-e5d8-4a40-975c-53835aa915ff","metadata":{"contentType":"Image","license":"U","title":"Untitled Image"}},"backgroundOpacity":0,"willDoAnimation":false,"animationType":"glow","displayAsButton":false,"buttonSize":"big","goToSlideType":"specified","invisible":false},{"x":5.446623093681917,"y":25.791397849462367,"width":93.24618736383442,"height":70.75268817204301,"action":{"library":"H5P.CRAdvancedText 1.1","params":{"text":"<h3 style=\"text-align: center;\">\u201cZaki yayi gudu, Shanu yayi tafiya\u201d credits<\/h3>\n\n<h3 style=\"text-align: center;\">This work, \u201cZaki yayi gudu, Shanu yayi tafiya\u201d is a derivative of The Lion Runs and the Cow Walks is written by All Children Reading Cambodia. \u00a9 The Asia Foundation , 2019. Some rights reserved. Released under CC BY 4.0 license.<\/h3>\n\n<h3 style=\"text-align: center;\">\u201cZaki yayi gudu, Shanu yayi tafiya\u201d is licensed under CC BY 4.0 by Curious Learning.<\/h3>\n\n<h3 style=\"text-align: center;\">Book builder - Abraham Jerry Kakooza<\/h3>\n"},"subContentId":"acb72884-2c08-4f72-9178-060c6cd88ce2","metadata":{"contentType":"Text","license":"U","title":"Untitled Text"}},"alwaysDisplayComments":false,"backgroundOpacity":0,"willDoAnimation":false,"animationType":"glow","displayAsButton":false,"buttonSize":"big","goToSlideType":"specified","invisible":false,"solution":""}],"slideBackgroundSelector":{}}],"keywordListEnabled":true,"globalBackgroundSelector":{},"keywordListAlwaysShow":false,"keywordListAutoHide":false,"keywordListOpacity":90},"override":{"activeSurface":false,"hideSummarySlide":false,"summarySlideSolutionButton":true,"summarySlideRetryButton":true,"enablePrintButton":false,"social":{"showFacebookShare":false,"facebookShare":{"url":"@currentpageurl","quote":"I scored @score out of @maxScore on a task at @currentpageurl."},"showTwitterShare":false,"twitterShare":{"statement":"I scored @score out of @maxScore on a task at @currentpageurl.","url":"@currentpageurl","hashtags":"h5p, course"},"showGoogleShare":false,"googleShareUrl":"@currentpageurl"}},"l10n":{"slide":"Slide","score":"Score","yourScore":"Your Score","maxScore":"Max Score","total":"Total","totalScore":"Total Score","showSolutions":"Show solutions","retry":"Retry","exportAnswers":"Export text","hideKeywords":"Hide sidebar navigation menu","showKeywords":"Show sidebar navigation menu","fullscreen":"Fullscreen","exitFullscreen":"Exit fullscreen","prevSlide":"Previous slide","nextSlide":"Next slide","currentSlide":"Current slide","lastSlide":"Last slide","solutionModeTitle":"Exit solution mode","solutionModeText":"Solution Mode","summaryMultipleTaskText":"Multiple tasks","scoreMessage":"You achieved:","shareFacebook":"Share on Facebook","shareTwitter":"Share on Twitter","shareGoogle":"Share on Google+","summary":"Summary","solutionsButtonTitle":"Show comments","printTitle":"Print","printIngress":"How would you like to print this presentation?","printAllSlides":"Print all slides","printCurrentSlide":"Print current slide","noTitle":"No title","accessibilitySlideNavigationExplanation":"Use left and right arrow to change slide in that direction whenever canvas is selected.","accessibilityCanvasLabel":"Presentation canvas. Use left and right arrow to move between slides.","containsNotCompleted":"@slideName contains not completed interaction","containsCompleted":"@slideName contains completed interaction","slideCount":"Slide @index of @total","containsOnlyCorrect":"@slideName only has correct answers","containsIncorrectAnswers":"@slideName has incorrect answers","shareResult":"Share Result","accessibilityTotalScore":"You got @score of @maxScore points in total","accessibilityEnteredFullscreen":"Entered fullscreen","accessibilityExitedFullscreen":"Exited fullscreen"}}