{"presentation":{"slides":[{"elements":[{"x":13.071895424836603,"y":6.4415268817204305,"width":68.7363834422658,"height":68.81720430107526,"action":{"library":"H5P.Image 1.1","params":{"contentName":"Image","file":{"path":"images\/file-6582f61cdb6a9.jpg","mime":"image\/jpeg","copyright":{"license":"U"},"width":959,"height":459}},"subContentId":"421e74ff-dfa5-4d73-b63a-cebff5b18795","metadata":{"contentType":"Image","license":"U","title":"Untitled Image"}},"backgroundOpacity":0,"willDoAnimation":false,"animationType":"glow","displayAsButton":false,"buttonSize":"big","goToSlideType":"specified","invisible":false},{"x":17.429193899782135,"y":79.56989247311827,"width":61.00217864923747,"height":18.279569892473116,"action":{"library":"H5P.CRAdvancedText 1.1","params":{"text":"<h2 dir=\"ltr\" style=\"text-align: center;\"><span style=\"font-size:2.25em;\">\u099a\u09be\u0995\u09c1\u09b0 \u09b8\u09be\u0987\u0995\u09c7\u09b2<\/span><\/h2>\n"},"subContentId":"66f4847e-d5bd-4023-9a15-bf634c8b0603","metadata":{"contentType":"Text","license":"U","title":"Untitled Text"}},"alwaysDisplayComments":false,"backgroundOpacity":0,"willDoAnimation":false,"animationType":"glow","displayAsButton":false,"buttonSize":"big","goToSlideType":"specified","invisible":false,"solution":""}],"slideBackgroundSelector":{}},{"elements":[{"x":15.250544662309368,"y":2.150537634408602,"width":65.359477124183,"height":70.96774193548387,"action":{"library":"H5P.Image 1.1","params":{"contentName":"Image","file":{"path":"images\/file-6582f6cf13510.jpg","mime":"image\/jpeg","copyright":{"license":"U"},"width":959,"height":516}},"subContentId":"da25cda4-6603-4d35-83de-c84d5cea3cbf","metadata":{"contentType":"Image","license":"U","title":"Untitled Image"}},"backgroundOpacity":0,"willDoAnimation":false,"animationType":"glow","displayAsButton":false,"buttonSize":"big","goToSlideType":"specified","invisible":false},{"x":1.0893246187363834,"y":74.88154514195217,"width":96.93877551020408,"height":25.188916876574307,"action":{"library":"H5P.CRAdvancedText 1.1","params":{"text":"<p dir=\"ltr\" style=\"text-align: center;\"><strong><span style=\"font-size:2.25em;\"><span style=\"color:#ffffff;\">\u099a\u09be\u0995\u09c1 \u09a4\u09be\u09b0 \u09ac\u09a8\u09cd\u09a7\u09c1\u09a6\u09c7\u09b0 \u09b8\u0999\u09cd\u0997\u09c7 \u0996\u09c7\u09b2\u09a4\u09c7 \u09aa\u099b\u09a8\u09cd\u09a6 \u0995\u09b0\u09c7\u0964<\/span><\/span><\/strong><\/p>\n"},"subContentId":"36753ba6-9a9b-4174-83e7-808ea43aacdf","metadata":{"contentType":"Text","license":"U","title":"Untitled Text"}},"alwaysDisplayComments":false,"backgroundOpacity":0,"willDoAnimation":false,"animationType":"glow","displayAsButton":false,"buttonSize":"big","goToSlideType":"specified","invisible":false,"solution":""},{"x":47.19387755102041,"y":20.151133501259444,"width":14.923469387755102,"height":40.050377833753146,"action":{"library":"H5P.Image 1.1","params":{"contentName":"Image"},"subContentId":"c2fadfae-7d36-44d3-b8cc-bb5fd700696d","metadata":{"contentType":"Image","license":"U","title":"Untitled Image"}},"backgroundOpacity":0,"willDoAnimation":true,"animationType":"glow","displayAsButton":false,"buttonSize":"big","goToSlideType":"specified","invisible":false,"id":"img82b939c4-3579-4de1-8e2a-05aaa04191e6_0"},{"x":92.5925925925926,"y":2.151768538561844,"width":40,"height":40,"action":{"library":"H5P.CRAudio 1.4","params":{"fitToWrapper":true,"currIndex":1,"playerMode":"minimalistic","controls":true,"autoplay":true,"playAudio":"Play audio","pauseAudio":"Pause audio","contentName":"Audio","glowColor":"#ffd85a","timeStampForEachText":[{"text":" \u099a\u09be\u0995\u09c1 ","startDuration":"0.0000","endDuration":"0.5517","wordfile":[{"path":"audios\/wordfile-6758494192ae0.mp3","mime":"audio\/mpeg","copyright":{"license":"U"}}]},{"text":" \u09a4\u09be\u09b0 ","startDuration":"0.5527","endDuration":"0.8435","wordfile":[{"path":"audios\/wordfile-6758495e19e11.mp3","mime":"audio\/mpeg","copyright":{"license":"U"}}]},{"text":" \u09ac\u09a8\u09cd\u09a7\u09c1\u09a6\u09c7\u09b0 ","startDuration":"0.8445","endDuration":"1.2714","wordfile":[{"path":"audios\/wordfile-675849855ea51.mp3","mime":"audio\/mpeg","copyright":{"license":"U"}}]},{"text":" \u09b8\u0999\u09cd\u0997\u09c7 ","startDuration":"1.2724","endDuration":"1.8014","wordfile":[{"path":"audios\/wordfile-675849a9edb0c.mp3","mime":"audio\/mpeg","copyright":{"license":"U"}}]},{"text":" \u0996\u09c7\u09b2\u09a4\u09c7 ","startDuration":"1.8024","endDuration":"2.1423","wordfile":[{"path":"audios\/wordfile-675849c5a4908.mp3","mime":"audio\/mpeg","copyright":{"license":"U"}}]},{"text":" \u09aa\u099b\u09a8\u09cd\u09a6 ","startDuration":"2.1433","endDuration":"2.5929","wordfile":[{"path":"audios\/wordfile-675849e0a27b6.mp3","mime":"audio\/mpeg","copyright":{"license":"U"}}]},{"text":" \u0995\u09b0\u09c7\u0964 ","startDuration":"2.5939","endDuration":"3.2402","wordfile":[{"path":"audios\/wordfile-675849f695a9f.mp3","mime":"audio\/mpeg","copyright":{"license":"U"}}]}],"files":[{"path":"audios\/files-675848e5211ac.mp3","mime":"audio\/mpeg","copyright":{"license":"U"}}]},"subContentId":"b6632c1b-f299-4f1e-a504-3c0a067886ec","metadata":{"contentType":"Curious Reader Audio","license":"U","title":"Untitled Curious Reader Audio"}},"backgroundOpacity":0,"willDoAnimation":false,"animationType":"glow","displayAsButton":false,"buttonSize":"big","goToSlideType":"specified","invisible":false}],"slideBackgroundSelector":{}},{"elements":[{"x":5.446623093681917,"y":4.301075268817204,"width":38.12636165577342,"height":93.54838709677419,"action":{"library":"H5P.Image 1.1","params":{"contentName":"Image","file":{"path":"images\/file-6582f72bd78b8.jpg","mime":"image\/jpeg","copyright":{"license":"U"},"width":479,"height":686}},"subContentId":"fb28b8d4-c35a-42fd-b001-fd43d70a400a","metadata":{"contentType":"Image","license":"U","title":"Untitled Image"}},"backgroundOpacity":0,"willDoAnimation":false,"animationType":"glow","displayAsButton":false,"buttonSize":"big","goToSlideType":"specified","invisible":false},{"x":46.84095860566449,"y":43.03537077123688,"width":49.01960784313726,"height":51.642444925484256,"action":{"library":"H5P.CRAdvancedText 1.1","params":{"text":"<p dir=\"ltr\" style=\"text-align: center;\"><strong><span style=\"color:#ffffff;\"><span style=\"font-size:2.25em;\">\u09b8\u09c7 \u09b2\u09c0\u09b2\u09be\u09b0 \u099f\u09cd\u09b0\u09be\u0987\u09b8\u09be\u0987\u0995\u09c7\u09b2 \u09aa\u099b\u09a8\u09cd\u09a6 \u0995\u09b0\u09c7\u0964<\/span><\/span><\/strong><\/p>\n"},"subContentId":"9a88ce55-a8ca-437a-8702-a993e932e166","metadata":{"contentType":"Text","license":"U","title":"Untitled Text"}},"alwaysDisplayComments":false,"backgroundOpacity":0,"willDoAnimation":false,"animationType":"glow","displayAsButton":false,"buttonSize":"big","goToSlideType":"specified","invisible":false,"solution":""},{"x":9.368191721132899,"y":54.654920879470836,"width":40,"height":40,"action":{"library":"H5P.CRAudio 1.4","params":{"fitToWrapper":true,"currIndex":2,"playerMode":"minimalistic","controls":true,"autoplay":true,"playAudio":"Play audio","pauseAudio":"Pause audio","contentName":"Audio","glowColor":"#ffd85a","timeStampForEachText":[{"text":" \u09b8\u09c7 ","startDuration":"0.0000","endDuration":"0.5387","wordfile":[{"path":"audios\/wordfile-67584a2f74635.mp3","mime":"audio\/mpeg","copyright":{"license":"U"}}]},{"text":" \u09b2\u09c0\u09b2\u09be\u09b0 ","startDuration":"0.5397","endDuration":"1.0985","wordfile":[{"path":"audios\/wordfile-675ab07654f36.mp3","mime":"audio\/mpeg","copyright":{"license":"U"}}]},{"text":" \u099f\u09cd\u09b0\u09be\u0987\u09b8\u09be\u0987\u0995\u09c7\u09b2 ","startDuration":"1.0995","endDuration":"1.8863","wordfile":[{"path":"audios\/wordfile-67584a7324037.mp3","mime":"audio\/mpeg","copyright":{"license":"U"}}]},{"text":" \u09aa\u099b\u09a8\u09cd\u09a6 ","startDuration":"1.8873","endDuration":"2.4159","wordfile":[{"path":"audios\/wordfile-67584a8c24c4d.mp3","mime":"audio\/mpeg","copyright":{"license":"U"}}]},{"text":" \u0995\u09b0\u09c7\u0964 ","startDuration":"2.4169","endDuration":"2.8785","wordfile":[{"path":"audios\/wordfile-67584aa101896.mp3","mime":"audio\/mpeg","copyright":{"license":"U"}}]}],"files":[{"path":"audios\/files-67584a12a3c20.mp3","mime":"audio\/mpeg","copyright":{"license":"U"}}]},"subContentId":"ce19655f-8990-4c16-b1f0-c6d74fe56fc0","metadata":{"contentType":"Curious Reader Audio","license":"U","title":"Untitled Curious Reader Audio"}},"backgroundOpacity":0,"willDoAnimation":false,"animationType":"glow","displayAsButton":false,"buttonSize":"big","goToSlideType":"specified","invisible":false}],"slideBackgroundSelector":{}},{"elements":[{"x":3.2679738562091503,"y":2.150537634408602,"width":39.97821350762527,"height":96.77419354838709,"action":{"library":"H5P.Image 1.1","params":{"contentName":"Image","file":{"path":"images\/file-6582f7eede908.jpg","mime":"image\/jpeg","copyright":{"license":"U"},"width":479,"height":686}},"subContentId":"cafcd57b-3545-4c4b-bd65-7246c85de666","metadata":{"contentType":"Image","license":"U","title":"Untitled Image"}},"backgroundOpacity":0,"willDoAnimation":false,"animationType":"glow","displayAsButton":false,"buttonSize":"big","goToSlideType":"specified","invisible":false},{"x":47.930283224400874,"y":38.73183369411319,"width":49.10714285714286,"height":40.050377833753146,"action":{"library":"H5P.CRAdvancedText 1.1","params":{"text":"<p style=\"text-align:center;\"><span style=\"font-size:1.75em;color:hsl(0, 0%, 100%);\"><strong>\u099a\u09be\u0995\u09c1 \u09a0\u09bf\u0995 \u0995\u09b0\u09c7\u099b\u09c7 \u09a4\u09be\u09b0 \u09a8\u09bf\u099c\u09c7\u09b0 \u099f\u09cd\u09b0\u09be\u0987\u09b8\u09be\u0987\u0995\u09c7\u09b2 \u09ac\u09be\u09a8\u09be\u09ac\u09c7\u0964<\/strong><\/span><\/p>"},"subContentId":"6ed4d0c8-4215-4a30-9633-4617986f09cd","metadata":{"contentType":"Text","license":"U","title":"Untitled Text"}},"alwaysDisplayComments":false,"backgroundOpacity":0,"willDoAnimation":false,"animationType":"glow","displayAsButton":false,"buttonSize":"big","goToSlideType":"specified","invisible":false,"solution":""},{"x":47.000103485838785,"y":44.00026681929878,"width":40,"height":40,"action":{"library":"H5P.CRAudio 1.4","params":{"fitToWrapper":true,"currIndex":3,"playerMode":"minimalistic","controls":true,"autoplay":true,"playAudio":"Play audio","pauseAudio":"Pause audio","contentName":"Audio","glowColor":"#ffd85a","timeStampForEachText":[{"text":" \u099a\u09be\u0995\u09c1 ","startDuration":"0.0000","endDuration":"0.4342","wordfile":[{"path":"audios\/wordfile-67584adcdca93.mp3","mime":"audio\/mpeg","copyright":{"license":"U"}}]},{"text":" \u09a0\u09bf\u0995 ","startDuration":"0.4352","endDuration":"0.6352","wordfile":[{"path":"audios\/wordfile-67584af782ba3.mp3","mime":"audio\/mpeg","copyright":{"license":"U"}}]},{"text":" \u0995\u09b0\u09c7\u099b\u09c7 ","startDuration":"0.6362","endDuration":"1.1334","wordfile":[{"path":"audios\/wordfile-675ab0987f971.mp3","mime":"audio\/mpeg","copyright":{"license":"U"}}]},{"text":" \u09a4\u09be\u09b0 ","startDuration":"1.1344","endDuration":"1.3239","wordfile":[{"path":"audios\/wordfile-67584b3ae2415.mp3","mime":"audio\/mpeg","copyright":{"license":"U"}}]},{"text":" \u09a8\u09bf\u099c\u09c7\u09b0 ","startDuration":"1.3249","endDuration":"1.7801","wordfile":[{"path":"audios\/wordfile-67584b534c278.mp3","mime":"audio\/mpeg","copyright":{"license":"U"}}]},{"text":" \u099f\u09cd\u09b0\u09be\u0987\u09b8\u09be\u0987\u0995\u09c7\u09b2 ","startDuration":"1.7811","endDuration":"2.4216","wordfile":[{"path":"audios\/wordfile-67584b6d0295c.mp3","mime":"audio\/mpeg","copyright":{"license":"U"}}]},{"text":" \u09ac\u09be\u09a8\u09be\u09ac\u09c7\u0964 ","startDuration":"2.4226","endDuration":"2.9897","wordfile":[{"path":"audios\/wordfile-67584b7de6e42.mp3","mime":"audio\/mpeg","copyright":{"license":"U"}}]}],"files":[{"path":"audios\/files-67584ac16e0ab.mp3","mime":"audio\/mpeg","copyright":{"license":"U"}}]},"subContentId":"d6941e9b-7a9b-43bf-a303-c9d26985664f","metadata":{"contentType":"Curious Reader Audio","license":"U","title":"Untitled Curious Reader Audio"}},"backgroundOpacity":0,"willDoAnimation":false,"animationType":"glow","displayAsButton":false,"buttonSize":"big","goToSlideType":"specified","invisible":false}],"slideBackgroundSelector":{}},{"elements":[{"x":4.357298474945534,"y":2.148858064516129,"width":39.97821350762527,"height":96.77419354838709,"action":{"library":"H5P.Image 1.1","params":{"contentName":"Image","file":{"path":"images\/file-6582f82e21dc4.jpg","mime":"image\/jpeg","copyright":{"license":"U"},"width":479,"height":686}},"subContentId":"e2d5d6fe-aa9f-46a2-b83c-b89c31d009db","metadata":{"contentType":"Image","license":"U","title":"Untitled Image"}},"backgroundOpacity":0,"willDoAnimation":false,"animationType":"glow","displayAsButton":false,"buttonSize":"big","goToSlideType":"specified","invisible":false},{"x":48.46938775510204,"y":40.30226700251889,"width":40,"height":40,"action":{"library":"H5P.CRAdvancedText 1.1","params":{"text":"<p style=\"text-align:center;\"><span style=\"font-size:1.75em;color:hsl(0, 0%, 100%);\"><strong>\u099a\u09be\u0995\u09c1 \u0997\u09be\u099b\u09c7\u09b0 \u0997\u09c1\u0981\u09dc\u09bf \u0996\u09cb\u0981\u099c\u09c7<\/strong><\/span><\/p>"},"subContentId":"55b63758-aa28-4edd-9bdd-c0cd9261f76a","metadata":{"contentType":"Text","license":"U","title":"Untitled Text"}},"alwaysDisplayComments":false,"backgroundOpacity":0,"willDoAnimation":false,"animationType":"glow","displayAsButton":false,"buttonSize":"big","goToSlideType":"specified","invisible":false,"solution":""},{"x":20.408163265306122,"y":42.79748110831235,"width":5.994897959183674,"height":40.050377833753146,"action":{"library":"H5P.Image 1.1","params":{"contentName":"Image"},"subContentId":"fc7c2760-d6be-4464-8d5c-471b2ddbb81a","metadata":{"contentType":"Image","license":"U","title":"Untitled Image"}},"backgroundOpacity":0,"willDoAnimation":true,"animationType":"glow","displayAsButton":false,"buttonSize":"big","goToSlideType":"specified","invisible":false,"id":"img44450639-ba93-4b1b-92cb-cfc6f6240d3d_3"},{"x":47.000103485838785,"y":44.00026681929878,"width":40,"height":40,"action":{"library":"H5P.CRAudio 1.4","params":{"fitToWrapper":true,"currIndex":4,"playerMode":"minimalistic","controls":true,"autoplay":true,"playAudio":"Play audio","pauseAudio":"Pause audio","contentName":"Audio","glowColor":"#ffd85a","timeStampForEachText":[{"text":" \u099a\u09be\u0995\u09c1 ","startDuration":"0.0000","endDuration":"0.4110","wordfile":[{"path":"audios\/wordfile-67584bb3b4793.mp3","mime":"audio\/mpeg","copyright":{"license":"U"}}]},{"text":" \u0997\u09be\u099b\u09c7\u09b0 ","startDuration":"0.4120","endDuration":"0.8624","wordfile":[{"path":"audios\/wordfile-675ab0b160ce3.mp3","mime":"audio\/mpeg","copyright":{"license":"U"}}]},{"text":" \u0997\u09c1\u0981\u09dc\u09bf ","startDuration":"0.8634","endDuration":"1.1482","wordfile":[{"path":"audios\/wordfile-675ab0c0e4885.mp3","mime":"audio\/mpeg","copyright":{"license":"U"}}]},{"text":" \u0996\u09cb\u0981\u099c\u09c7 ","startDuration":"1.1492","endDuration":"1.6389","wordfile":[{"path":"audios\/wordfile-675ab0d24d256.mp3","mime":"audio\/mpeg","copyright":{"license":"U"}}]}],"files":[{"path":"audios\/files-67584b93cd87c.mp3","mime":"audio\/mpeg","copyright":{"license":"U"}}]},"subContentId":"7322095d-1227-4791-b43d-848a182ed60e","metadata":{"contentType":"Curious Reader Audio","license":"U","title":"Untitled Curious Reader Audio"}},"backgroundOpacity":0,"willDoAnimation":false,"animationType":"glow","displayAsButton":false,"buttonSize":"big","goToSlideType":"specified","invisible":false}],"slideBackgroundSelector":{}},{"elements":[{"x":5.446623093681917,"y":6.44658064516129,"width":39.97821350762527,"height":93.54838709677419,"action":{"library":"H5P.Image 1.1","params":{"contentName":"Image","file":{"path":"images\/file-6582f8657e7fd.jpg","mime":"image\/jpeg","copyright":{"license":"U"},"width":639,"height":687}},"subContentId":"59f6874d-70d3-4721-b27c-88467f7a9199","metadata":{"contentType":"Image","license":"U","title":"Untitled Image"}},"backgroundOpacity":0,"willDoAnimation":false,"animationType":"glow","displayAsButton":false,"buttonSize":"big","goToSlideType":"specified","invisible":false},{"x":44.66230936819172,"y":34.428296616989506,"width":54.8469387755102,"height":47.858942065491185,"action":{"library":"H5P.CRAdvancedText 1.1","params":{"text":"<p style=\"text-align:center;\"><span style=\"font-size:1.75em;color:hsl(0, 0%, 100%);\"><strong>\u099a\u09be\u0995\u09c1\u09b0 \u09ae\u09a8\u09c7 \u09aa\u09dc\u09b2 \u09a4\u09be\u09b0 \u09aa\u09c7\u09b0\u09c7\u0995 \u098f\u09ac\u0982 \u09b9\u09be\u09a4\u09c1\u09dc\u09bf\u0993 \u09aa\u09cd\u09b0\u09df\u09cb\u099c\u09a8<\/strong><\/span><\/p>"},"subContentId":"aa0e15d9-a1e8-482d-8ee6-6e545bfeab5b","metadata":{"contentType":"Text","license":"U","title":"Untitled Text"}},"alwaysDisplayComments":false,"backgroundOpacity":0,"willDoAnimation":false,"animationType":"glow","displayAsButton":false,"buttonSize":"big","goToSlideType":"specified","invisible":false,"solution":""},{"x":47.000103485838785,"y":44.00026681929878,"width":40,"height":40,"action":{"library":"H5P.CRAudio 1.4","params":{"fitToWrapper":true,"currIndex":5,"playerMode":"minimalistic","controls":true,"autoplay":true,"playAudio":"Play audio","pauseAudio":"Pause audio","contentName":"Audio","glowColor":"#ffd85a","timeStampForEachText":[{"text":" \u099a\u09be\u0995\u09c1\u09b0 ","startDuration":"0.0000","endDuration":"0.4041","wordfile":[{"path":"audios\/wordfile-67584c2d2b357.mp3","mime":"audio\/mpeg","copyright":{"license":"U"}}]},{"text":" \u09ae\u09a8\u09c7 ","startDuration":"0.4051","endDuration":"0.7674","wordfile":[{"path":"audios\/wordfile-67584c93a9ae7.mp3","mime":"audio\/mpeg","copyright":{"license":"U"}}]},{"text":" \u09aa\u09dc\u09b2 ","startDuration":"0.7684","endDuration":"1.3394","wordfile":[{"path":"audios\/wordfile-67584cae99d96.mp3","mime":"audio\/mpeg","copyright":{"license":"U"}}]},{"text":" \u09a4\u09be\u09b0 ","startDuration":"1.5630","endDuration":"1.8465","wordfile":[{"path":"audios\/wordfile-67584cca751c3.mp3","mime":"audio\/mpeg","copyright":{"license":"U"}}]},{"text":" \u09aa\u09c7\u09b0\u09c7\u0995 ","startDuration":"1.8475","endDuration":"2.2979","wordfile":[{"path":"audios\/wordfile-675ab0eb16470.mp3","mime":"audio\/mpeg","copyright":{"license":"U"}}]},{"text":" \u098f\u09ac\u0982 ","startDuration":"2.2989","endDuration":"2.7076","wordfile":[{"path":"audios\/wordfile-67584cfb70f52.mp3","mime":"audio\/mpeg","copyright":{"license":"U"}}]},{"text":" \u09b9\u09be\u09a4\u09c1\u09dc\u09bf\u0993 ","startDuration":"2.7086","endDuration":"3.3399","wordfile":[{"path":"audios\/wordfile-675ab0fdd281a.mp3","mime":"audio\/mpeg","copyright":{"license":"U"}}]},{"text":" \u09aa\u09cd\u09b0\u09df\u09cb\u099c\u09a8 ","startDuration":"3.3409","endDuration":"4.0510","wordfile":[{"path":"audios\/wordfile-675ab10e9eb6e.mp3","mime":"audio\/mpeg","copyright":{"license":"U"}}]}],"files":[{"path":"audios\/files-67584c111181e.mp3","mime":"audio\/mpeg","copyright":{"license":"U"}}]},"subContentId":"1f4159ef-c61a-4df7-8c40-4103df70bd5d","metadata":{"contentType":"Curious Reader Audio","license":"U","title":"Untitled Curious Reader Audio"}},"backgroundOpacity":0,"willDoAnimation":false,"animationType":"glow","displayAsButton":false,"buttonSize":"big","goToSlideType":"specified","invisible":false}],"slideBackgroundSelector":{}},{"elements":[{"x":4.357298474945534,"y":2.150537634408602,"width":39.97821350762527,"height":95.69892473118279,"action":{"library":"H5P.Image 1.1","params":{"contentName":"Image","file":{"path":"images\/file-6582f8a2a9d1c.jpg","mime":"image\/jpeg","copyright":{"license":"U"},"width":479,"height":686}},"subContentId":"a12d8d51-bd78-4fea-affb-9061ee70f22e","metadata":{"contentType":"Image","license":"U","title":"Untitled Image"}},"backgroundOpacity":0,"willDoAnimation":false,"animationType":"glow","displayAsButton":false,"buttonSize":"big","goToSlideType":"specified","invisible":false},{"x":47.930283224400874,"y":38.73183369411319,"width":48.5969387755102,"height":40.050377833753146,"action":{"library":"H5P.CRAdvancedText 1.1","params":{"text":"<p style=\"text-align:center;\"><span style=\"font-size:1.75em;color:hsl(0, 0%, 100%);\"><strong>\u099a\u09be\u0995\u09c1 \u09b8\u09be\u09b9\u09be\u09af\u09cd\u09af\u09c7\u09b0 \u099c\u09a8\u09cd\u09af \u09a4\u09be\u09b0 \u0995\u09be\u0995\u09be\u09b0 \u0995\u09be\u099b\u09c7 \u09af\u09be\u09df<\/strong><\/span><\/p>"},"subContentId":"b55726bc-a322-4bce-8773-377dd906e05f","metadata":{"contentType":"Text","license":"U","title":"Untitled Text"}},"alwaysDisplayComments":false,"backgroundOpacity":0,"willDoAnimation":false,"animationType":"glow","displayAsButton":false,"buttonSize":"big","goToSlideType":"specified","invisible":false,"solution":""},{"x":47.000103485838785,"y":44.00026681929878,"width":40,"height":40,"action":{"library":"H5P.CRAudio 1.4","params":{"fitToWrapper":true,"currIndex":6,"playerMode":"minimalistic","controls":true,"autoplay":true,"playAudio":"Play audio","pauseAudio":"Pause audio","contentName":"Audio","glowColor":"#ffd85a","timeStampForEachText":[{"text":" \u099a\u09be\u0995\u09c1 ","startDuration":"0.0000","endDuration":"0.4079","wordfile":[{"path":"audios\/wordfile-67584d797f614.mp3","mime":"audio\/mpeg","copyright":{"license":"U"}}]},{"text":" \u09b8\u09be\u09b9\u09be\u09af\u09cd\u09af\u09c7\u09b0 ","startDuration":"0.4089","endDuration":"0.9576","wordfile":[{"path":"audios\/wordfile-675ab1262c691.mp3","mime":"audio\/mpeg","copyright":{"license":"U"}}]},{"text":" \u099c\u09a8\u09cd\u09af ","startDuration":"0.9586","endDuration":"1.4135","wordfile":[{"path":"audios\/wordfile-67584db142561.mp3","mime":"audio\/mpeg","copyright":{"license":"U"}}]},{"text":" \u09a4\u09be\u09b0 ","startDuration":"1.6626","endDuration":"1.8626","wordfile":[{"path":"audios\/wordfile-67584dcbc2830.mp3","mime":"audio\/mpeg","copyright":{"license":"U"}}]},{"text":" \u0995\u09be\u0995\u09be\u09b0 ","startDuration":"1.8636","endDuration":"2.2212","wordfile":[{"path":"audios\/wordfile-675ab13791900.mp3","mime":"audio\/mpeg","copyright":{"license":"U"}}]},{"text":" \u0995\u09be\u099b\u09c7 ","startDuration":"2.2222","endDuration":"2.5463","wordfile":[{"path":"audios\/wordfile-67584dfd036c6.mp3","mime":"audio\/mpeg","copyright":{"license":"U"}}]},{"text":" \u09af\u09be\u09df ","startDuration":"2.5473","endDuration":"2.8915","wordfile":[{"path":"audios\/wordfile-67584e0de43f1.mp3","mime":"audio\/mpeg","copyright":{"license":"U"}}]}],"files":[{"path":"audios\/files-67584d5b9ec90.mp3","mime":"audio\/mpeg","copyright":{"license":"U"}}]},"subContentId":"4a379bdc-ee8e-4791-8803-188dd2cbf898","metadata":{"contentType":"Curious Reader Audio","license":"U","title":"Untitled Curious Reader Audio"}},"backgroundOpacity":0,"willDoAnimation":false,"animationType":"glow","displayAsButton":false,"buttonSize":"big","goToSlideType":"specified","invisible":false}],"slideBackgroundSelector":{}},{"elements":[{"x":3.2679738562091507,"y":2.148858064516129,"width":39.97821350762527,"height":96.77419354838709,"action":{"library":"H5P.Image 1.1","params":{"contentName":"Image","file":{"path":"images\/file-6582f8d53e48b.jpg","mime":"image\/jpeg","copyright":{"license":"U"},"width":479,"height":686}},"subContentId":"92528443-ca85-4263-9bfc-286ba7fa3bad","metadata":{"contentType":"Image","license":"U","title":"Untitled Image"}},"backgroundOpacity":0,"willDoAnimation":false,"animationType":"glow","displayAsButton":false,"buttonSize":"big","goToSlideType":"specified","invisible":false},{"x":46.84095860566449,"y":15.107760568411177,"width":48.82047930283225,"height":83.12217311408247,"action":{"library":"H5P.CRAdvancedText 1.1","params":{"text":"<p style=\"text-align:center;\"><span style=\"font-size:1.75em;color:hsl(0, 0%, 100%);\"><strong>\u099a\u09be\u0995\u09c1\u09b0 \u0995\u09be\u0995\u09be \u09a4\u09be\u0995\u09c7 \u09af\u09a8\u09cd\u09a4\u09cd\u09b0\u09aa\u09be\u09a4\u09bf \u09a6\u09c7\u09a8\u0964 \u0995\u09be\u0995\u09be \u09a4\u09be\u0995\u09c7 \u09b8\u09be\u09ac\u09a7\u09be\u09a8\u09c7 \u0995\u09be\u099c \u0995\u09b0\u09a4\u09c7 \u09ac\u09b2\u09c7\u09a8<\/strong><\/span><\/p>"},"subContentId":"41562dc7-92c2-4920-9175-0b9ee75a455f","metadata":{"contentType":"Text","license":"U","title":"Untitled Text"}},"alwaysDisplayComments":false,"backgroundOpacity":0,"willDoAnimation":false,"animationType":"glow","displayAsButton":false,"buttonSize":"big","goToSlideType":"specified","invisible":false,"solution":""},{"x":47.000103485838785,"y":44.00026681929878,"width":40,"height":40,"action":{"library":"H5P.CRAudio 1.4","params":{"fitToWrapper":true,"currIndex":7,"playerMode":"minimalistic","controls":true,"autoplay":true,"playAudio":"Play audio","pauseAudio":"Pause audio","contentName":"Audio","glowColor":"#ffd85a","timeStampForEachText":[{"text":" \u099a\u09be\u0995\u09c1\u09b0 ","startDuration":"0.0000","endDuration":"0.5275","wordfile":[{"path":"audios\/wordfile-67584e46488c6.mp3","mime":"audio\/mpeg","copyright":{"license":"U"}}]},{"text":" \u0995\u09be\u0995\u09be ","startDuration":"0.5285","endDuration":"0.9529","wordfile":[{"path":"audios\/wordfile-675ab14fca3e3.mp3","mime":"audio\/mpeg","copyright":{"license":"U"}}]},{"text":" \u09a4\u09be\u0995\u09c7 ","startDuration":"0.9357","endDuration":"1.1842","wordfile":[{"path":"audios\/wordfile-67584e8c14db7.mp3","mime":"audio\/mpeg","copyright":{"license":"U"}}]},{"text":" \u09af\u09a8\u09cd\u09a4\u09cd\u09b0\u09aa\u09be\u09a4\u09bf ","startDuration":"1.1852","endDuration":"1.8522","wordfile":[{"path":"audios\/wordfile-675ab162b2e7f.mp3","mime":"audio\/mpeg","copyright":{"license":"U"}}]},{"text":" \u09a6\u09c7\u09a8\u0964 ","startDuration":"1.8532","endDuration":"2.3382","wordfile":[{"path":"audios\/wordfile-67584ebd698c6.mp3","mime":"audio\/mpeg","copyright":{"license":"U"}}]},{"text":" \u0995\u09be\u0995\u09be ","startDuration":"2.5939","endDuration":"2.9576","wordfile":[{"path":"audios\/wordfile-675ab175bb091.mp3","mime":"audio\/mpeg","copyright":{"license":"U"}}]},{"text":" \u09a4\u09be\u0995\u09c7 ","startDuration":"2.9586","endDuration":"3.3709","wordfile":[{"path":"audios\/wordfile-67584f00e46a2.mp3","mime":"audio\/mpeg","copyright":{"license":"U"}}]},{"text":" \u09b8\u09be\u09ac\u09a7\u09be\u09a8\u09c7 ","startDuration":"3.3719","endDuration":"4.0934","wordfile":[{"path":"audios\/wordfile-675ab18643c65.mp3","mime":"audio\/mpeg","copyright":{"license":"U"}}]},{"text":" \u0995\u09be\u099c ","startDuration":"4.0944","endDuration":"4.2944","wordfile":[{"path":"audios\/wordfile-67584f39c0006.mp3","mime":"audio\/mpeg","copyright":{"license":"U"}}]},{"text":" \u0995\u09b0\u09a4\u09c7 ","startDuration":"4.2954","endDuration":"4.6470","wordfile":[{"path":"audios\/wordfile-67584f5556e3d.mp3","mime":"audio\/mpeg","copyright":{"license":"U"}}]},{"text":" \u09ac\u09b2\u09c7\u09a8 ","startDuration":"4.6480","endDuration":"5.3089","wordfile":[{"path":"audios\/wordfile-67584f67bbb3f.mp3","mime":"audio\/mpeg","copyright":{"license":"U"}}]}],"files":[{"path":"audios\/files-67584e256c15a.mp3","mime":"audio\/mpeg","copyright":{"license":"U"}}]},"subContentId":"65b1f775-3e6e-4b56-ac45-30a4fda7c31c","metadata":{"contentType":"Curious Reader Audio","license":"U","title":"Untitled Curious Reader Audio"}},"backgroundOpacity":0,"willDoAnimation":false,"animationType":"glow","displayAsButton":false,"buttonSize":"big","goToSlideType":"specified","invisible":false}],"slideBackgroundSelector":{}},{"elements":[{"x":0,"y":0,"width":97.93028322440088,"height":98.06451612903226,"action":{"library":"H5P.Image 1.1","params":{"contentName":"Image","file":{"path":"images\/file-6582f91783856.jpg","mime":"image\/jpeg","copyright":{"license":"U"},"width":959,"height":687}},"subContentId":"b905eb68-4ec2-4d41-a807-2f5c3e7461c9","metadata":{"contentType":"Image","license":"U","title":"Untitled Image"}},"backgroundOpacity":0,"willDoAnimation":false,"animationType":"glow","displayAsButton":false,"buttonSize":"big","goToSlideType":"specified","invisible":false},{"x":8.928571428571429,"y":30.17934508816121,"width":51.02040816326531,"height":65.4911838790932,"action":{"library":"H5P.CRAdvancedText 1.1","params":{"text":"<p style=\"text-align:center;\"><span style=\"font-size:1.75em;color:hsl(0, 0%, 100%);\"><strong>\u099a\u09be\u0995\u09c1 \u09ad\u09be\u09ac\u09a4\u09c7 \u09a5\u09be\u0995\u09c7 \u0995\u09bf\u09ad\u09be\u09ac\u09c7 \u09a4\u09be\u09b0 \u099f\u09cd\u09b0\u09be\u0987\u09b8\u09be\u0987\u0995\u09c7\u09b2 \u09ac\u09be\u09a8\u09be\u09ac\u09c7<\/strong><\/span><\/p>"},"subContentId":"4b0d3413-30b9-4e2b-af52-cdc16350c10c","metadata":{"contentType":"Text","license":"U","title":"Untitled Text"}},"alwaysDisplayComments":false,"backgroundOpacity":0,"willDoAnimation":false,"animationType":"glow","displayAsButton":false,"buttonSize":"big","goToSlideType":"specified","invisible":false,"solution":""},{"x":47.000103485838785,"y":44.00026681929878,"width":40,"height":40,"action":{"library":"H5P.CRAudio 1.4","params":{"fitToWrapper":true,"currIndex":8,"playerMode":"minimalistic","controls":true,"autoplay":true,"playAudio":"Play audio","pauseAudio":"Pause audio","contentName":"Audio","glowColor":"#ffd85a","timeStampForEachText":[{"text":" \u099a\u09be\u0995\u09c1 ","startDuration":"0.0000","endDuration":"0.4647","wordfile":[{"path":"audios\/wordfile-6758501f97910.mp3","mime":"audio\/mpeg","copyright":{"license":"U"}}]},{"text":" \u09ad\u09be\u09ac\u09a4\u09c7 ","startDuration":"0.4657","endDuration":"0.8132","wordfile":[{"path":"audios\/wordfile-675ab1a2415e9.mp3","mime":"audio\/mpeg","copyright":{"license":"U"}}]},{"text":" \u09a5\u09be\u0995\u09c7 ","startDuration":"0.8142","endDuration":"1.1503","wordfile":[{"path":"audios\/wordfile-675ab1b2b4985.mp3","mime":"audio\/mpeg","copyright":{"license":"U"}}]},{"text":" \u0995\u09bf\u09ad\u09be\u09ac\u09c7 ","startDuration":"1.1513","endDuration":"1.6879","wordfile":[{"path":"audios\/wordfile-67585069cad30.mp3","mime":"audio\/mpeg","copyright":{"license":"U"}}]},{"text":" \u09a4\u09be\u09b0 ","startDuration":"1.6889","endDuration":"1.9608","wordfile":[{"path":"audios\/wordfile-67585081d59e5.mp3","mime":"audio\/mpeg","copyright":{"license":"U"}}]},{"text":" \u099f\u09cd\u09b0\u09be\u0987\u09b8\u09be\u0987\u0995\u09c7\u09b2 ","startDuration":"1.9618","endDuration":"2.6383","wordfile":[{"path":"audios\/wordfile-6758509e61073.mp3","mime":"audio\/mpeg","copyright":{"license":"U"}}]},{"text":" \u09ac\u09be\u09a8\u09be\u09ac\u09c7 ","startDuration":"2.6393","endDuration":"3.2402","wordfile":[{"path":"audios\/wordfile-675850afb1cc6.mp3","mime":"audio\/mpeg","copyright":{"license":"U"}}]}],"files":[{"path":"audios\/files-675850026f388.mp3","mime":"audio\/mpeg","copyright":{"license":"U"}}]},"subContentId":"7197588f-2711-437c-8ad3-8f24a7e80c2b","metadata":{"contentType":"Curious Reader Audio","license":"U","title":"Untitled Curious Reader Audio"}},"backgroundOpacity":0,"willDoAnimation":false,"animationType":"glow","displayAsButton":false,"buttonSize":"big","goToSlideType":"specified","invisible":false}],"slideBackgroundSelector":{}},{"elements":[{"x":3.2679738562091507,"y":4.297720430107527,"width":39.97821350762527,"height":95.69892473118279,"action":{"library":"H5P.Image 1.1","params":{"contentName":"Image","file":{"path":"images\/file-6582f95489ed3.jpg","mime":"image\/jpeg","copyright":{"license":"U"},"width":479,"height":686}},"subContentId":"ca658387-de74-4029-9595-32a598136409","metadata":{"contentType":"Image","license":"U","title":"Untitled Image"}},"backgroundOpacity":0,"willDoAnimation":false,"animationType":"glow","displayAsButton":false,"buttonSize":"big","goToSlideType":"specified","invisible":false},{"x":50.10867346938775,"y":36.53954659949623,"width":45.91836734693878,"height":40.050377833753146,"action":{"library":"H5P.CRAdvancedText 1.1","params":{"text":"<p style=\"text-align:center;\"><span style=\"font-size:1.75em;color:hsl(0, 0%, 100%);\"><strong>\u099a\u09be\u0995\u09c1 \u09ac\u09be\u09a8\u09be\u09a4\u09c7 \u09b6\u09c1\u09b0\u09c1 \u0995\u09b0\u09c7\u0964<\/strong><\/span><\/p>"},"subContentId":"ebe359ba-481e-4f99-a8c0-e8e2ba425efc","metadata":{"contentType":"Text","license":"U","title":"Untitled Text"}},"alwaysDisplayComments":false,"backgroundOpacity":0,"willDoAnimation":false,"animationType":"glow","displayAsButton":false,"buttonSize":"big","goToSlideType":"specified","invisible":false,"solution":""},{"x":47.000103485838785,"y":44.00026681929878,"width":40,"height":40,"action":{"library":"H5P.CRAudio 1.4","params":{"fitToWrapper":true,"currIndex":9,"playerMode":"minimalistic","controls":true,"autoplay":true,"playAudio":"Play audio","pauseAudio":"Pause audio","contentName":"Audio","glowColor":"#ffd85a","timeStampForEachText":[{"text":" \u099a\u09be\u0995\u09c1 ","startDuration":"0.0000","endDuration":"0.3320","wordfile":[{"path":"audios\/wordfile-675850e67ae95.mp3","mime":"audio\/mpeg","copyright":{"license":"U"}}]},{"text":" \u09ac\u09be\u09a8\u09be\u09a4\u09c7 ","startDuration":"0.3330","endDuration":"0.7274","wordfile":[{"path":"audios\/wordfile-67585107e6450.mp3","mime":"audio\/mpeg","copyright":{"license":"U"}}]},{"text":" \u09b6\u09c1\u09b0\u09c1 ","startDuration":"0.7284","endDuration":"0.9659","wordfile":[{"path":"audios\/wordfile-67585121734db.mp3","mime":"audio\/mpeg","copyright":{"license":"U"}}]},{"text":" \u0995\u09b0\u09c7\u0964 ","startDuration":"0.9669","endDuration":"1.4166","wordfile":[{"path":"audios\/wordfile-675851367f178.mp3","mime":"audio\/mpeg","copyright":{"license":"U"}}]}],"files":[{"path":"audios\/files-675850c5016db.mp3","mime":"audio\/mpeg","copyright":{"license":"U"}}]},"subContentId":"f7e2d2d8-97ef-49e9-8169-35158916dda4","metadata":{"contentType":"Curious Reader Audio","license":"U","title":"Untitled Curious Reader Audio"}},"backgroundOpacity":0,"willDoAnimation":false,"animationType":"glow","displayAsButton":false,"buttonSize":"big","goToSlideType":"specified","invisible":false}],"slideBackgroundSelector":{}},{"elements":[{"x":4.357298474945534,"y":2.150537634408602,"width":39.97821350762527,"height":95.69892473118279,"action":{"library":"H5P.Image 1.1","params":{"contentName":"Image","file":{"path":"images\/file-6582f9838dd11.jpg","mime":"image\/jpeg","copyright":{"license":"U"},"width":479,"height":686}},"subContentId":"6368cbb9-4216-4806-a78c-04244d505890","metadata":{"contentType":"Image","license":"U","title":"Untitled Image"}},"backgroundOpacity":0,"willDoAnimation":false,"animationType":"glow","displayAsButton":false,"buttonSize":"big","goToSlideType":"specified","invisible":false},{"x":45.91677559912854,"y":37.780321646361145,"width":46.425708061002176,"height":51.642444925484256,"action":{"library":"H5P.CRAdvancedText 1.1","params":{"text":"<p style=\"text-align:center;\"><span style=\"font-size:1.75em;color:hsl(0, 0%, 100%);\"><strong>\u0995\u09bf \u09b8\u09c1\u09a8\u09cd\u09a6\u09b0 \u098f\u0995\u099f\u09be \u099f\u09cd\u09b0\u09be\u0987\u09b8\u09be\u0987\u0995\u09c7\u09b2! \u0995\u09bf\u09a8\u09cd\u09a4\u09c1 \u098f\u099f\u09be \u09b6\u0995\u09cd\u09a4\u09aa\u09cb\u0995\u09cd\u09a4 \u099b\u09bf\u09b2 \u09a8\u09be\u0964<\/strong><\/span><\/p>"},"subContentId":"a355e8e7-c5ed-4094-99d2-8040204b21eb","metadata":{"contentType":"Text","license":"U","title":"Untitled Text"}},"alwaysDisplayComments":false,"backgroundOpacity":0,"willDoAnimation":false,"animationType":"glow","displayAsButton":false,"buttonSize":"big","goToSlideType":"specified","invisible":false,"solution":""},{"x":47.000103485838785,"y":44.00026681929878,"width":40,"height":40,"action":{"library":"H5P.CRAudio 1.4","params":{"fitToWrapper":true,"currIndex":10,"playerMode":"minimalistic","controls":true,"autoplay":true,"playAudio":"Play audio","pauseAudio":"Pause audio","contentName":"Audio","glowColor":"#ffd85a","timeStampForEachText":[{"text":" \u0995\u09bf ","startDuration":"0.0000","endDuration":"0.2296","wordfile":[{"path":"audios\/wordfile-67585185333b7.mp3","mime":"audio\/mpeg","copyright":{"license":"U"}}]},{"text":" \u09b8\u09c1\u09a8\u09cd\u09a6\u09b0 ","startDuration":"0.2306","endDuration":"0.9043","wordfile":[{"path":"audios\/wordfile-6758519f829f2.mp3","mime":"audio\/mpeg","copyright":{"license":"U"}}]},{"text":" \u098f\u0995\u099f\u09be ","startDuration":"0.9053","endDuration":"1.0638","wordfile":[{"path":"audios\/wordfile-675851bf849a5.mp3","mime":"audio\/mpeg","copyright":{"license":"U"}}]},{"text":" \u099f\u09cd\u09b0\u09be\u0987\u09b8\u09be\u0987\u0995\u09c7\u09b2! ","startDuration":"1.0648","endDuration":"2.1471","wordfile":[{"path":"audios\/wordfile-675851d92be57.mp3","mime":"audio\/mpeg","copyright":{"license":"U"}}]},{"text":" \u0995\u09bf\u09a8\u09cd\u09a4\u09c1 ","startDuration":"2.5863","endDuration":"3.1002","wordfile":[{"path":"audios\/wordfile-675851f3a1ea7.mp3","mime":"audio\/mpeg","copyright":{"license":"U"}}]},{"text":" \u098f\u099f\u09be ","startDuration":"3.1012","endDuration":"3.5558","wordfile":[{"path":"audios\/wordfile-6758521188211.mp3","mime":"audio\/mpeg","copyright":{"license":"U"}}]},{"text":" \u09b6\u0995\u09cd\u09a4\u09aa\u09cb\u0995\u09cd\u09a4 ","startDuration":"3.5568","endDuration":"4.2838","wordfile":[{"path":"audios\/wordfile-675852344ca9e.mp3","mime":"audio\/mpeg","copyright":{"license":"U"}}]},{"text":" \u099b\u09bf\u09b2 ","startDuration":"4.2848","endDuration":"4.5144","wordfile":[{"path":"audios\/wordfile-6758524feb9c4.mp3","mime":"audio\/mpeg","copyright":{"license":"U"}}]},{"text":" \u09a8\u09be\u0964 ","startDuration":"4.5154","endDuration":"5.0470","wordfile":[{"path":"audios\/wordfile-67585269de810.mp3","mime":"audio\/mpeg","copyright":{"license":"U"}}]}],"files":[{"path":"audios\/files-6758514e81c49.mp3","mime":"audio\/mpeg","copyright":{"license":"U"}}]},"subContentId":"17dbdc54-9c98-4a8d-9485-dabe09a88b28","metadata":{"contentType":"Curious Reader Audio","license":"U","title":"Untitled Curious Reader Audio"}},"backgroundOpacity":0,"willDoAnimation":false,"animationType":"glow","displayAsButton":false,"buttonSize":"big","goToSlideType":"specified","invisible":false}],"slideBackgroundSelector":{}},{"elements":[{"x":3.2679738562091503,"y":2.150537634408602,"width":39.97821350762527,"height":95.69892473118279,"action":{"library":"H5P.Image 1.1","params":{"contentName":"Image","file":{"path":"images\/file-6582f9c9f38f2.jpg","mime":"image\/jpeg","copyright":{"license":"U"},"width":479,"height":686}},"subContentId":"9f8d3804-966c-4b96-9d67-50173d8d300c","metadata":{"contentType":"Image","license":"U","title":"Untitled Image"}},"backgroundOpacity":0,"willDoAnimation":false,"animationType":"glow","displayAsButton":false,"buttonSize":"big","goToSlideType":"specified","invisible":false},{"x":44.66230936819172,"y":27.972991001303974,"width":52.29591836734694,"height":55.415617128463474,"action":{"library":"H5P.CRAdvancedText 1.1","params":{"text":"<p style=\"text-align:center;\"><span style=\"font-size:1.75em;color:hsl(0, 0%, 100%);\"><strong>\u09b2\u09c0\u09b2\u09be \u099a\u09be\u0995\u09c1\u09b0 \u09b8\u09ae\u09b8\u09cd\u09af\u09be \u09a6\u09c7\u0996\u09a4\u09c7 \u09aa\u09be\u09df\u0964 \u09b8\u09c7 \u09a0\u09bf\u0995 \u0995\u09b0\u09c7 \u09b8\u09be\u09b9\u09be\u09af\u09cd\u09af \u0995\u09b0\u09ac\u09c7\u0964<\/strong><\/span><\/p>"},"subContentId":"a61b743b-74cb-4bd5-bd26-12e57b9e9005","metadata":{"contentType":"Text","license":"U","title":"Untitled Text"}},"alwaysDisplayComments":false,"backgroundOpacity":0,"willDoAnimation":false,"animationType":"glow","displayAsButton":false,"buttonSize":"big","goToSlideType":"specified","invisible":false,"solution":""},{"x":47.000103485838785,"y":44.00026681929878,"width":40,"height":40,"action":{"library":"H5P.CRAudio 1.4","params":{"fitToWrapper":true,"currIndex":11,"playerMode":"minimalistic","controls":true,"autoplay":true,"playAudio":"Play audio","pauseAudio":"Pause audio","contentName":"Audio","glowColor":"#ffd85a","timeStampForEachText":[{"text":" \u09b2\u09c0\u09b2\u09be ","startDuration":"0.0000","endDuration":"0.6896","wordfile":[{"path":"audios\/wordfile-6758529a4bbe9.mp3","mime":"audio\/mpeg","copyright":{"license":"U"}}]},{"text":" \u099a\u09be\u0995\u09c1\u09b0 ","startDuration":"0.6906","endDuration":"1.1771","wordfile":[{"path":"audios\/wordfile-675852b2a8509.mp3","mime":"audio\/mpeg","copyright":{"license":"U"}}]},{"text":" \u09b8\u09ae\u09b8\u09cd\u09af\u09be ","startDuration":"1.1781","endDuration":"1.5187","wordfile":[{"path":"audios\/wordfile-675852d0122cf.mp3","mime":"audio\/mpeg","copyright":{"license":"U"}}]},{"text":" \u09a6\u09c7\u0996\u09a4\u09c7 ","startDuration":"1.5197","endDuration":"1.8082","wordfile":[{"path":"audios\/wordfile-675852eca441f.mp3","mime":"audio\/mpeg","copyright":{"license":"U"}}]},{"text":" \u09aa\u09be\u09df\u0964 ","startDuration":"1.8092","endDuration":"2.3009","wordfile":[{"path":"audios\/wordfile-675852fcc1edf.mp3","mime":"audio\/mpeg","copyright":{"license":"U"}}]},{"text":" \u09b8\u09c7 ","startDuration":"2.4790","endDuration":"2.7623","wordfile":[{"path":"audios\/wordfile-67585319d85c6.mp3","mime":"audio\/mpeg","copyright":{"license":"U"}}]},{"text":" \u09a0\u09bf\u0995 ","startDuration":"2.7633","endDuration":"2.9633","wordfile":[{"path":"audios\/wordfile-6758533058c64.mp3","mime":"audio\/mpeg","copyright":{"license":"U"}}]},{"text":" \u0995\u09b0\u09c7 ","startDuration":"2.9643","endDuration":"3.3726","wordfile":[{"path":"audios\/wordfile-67585352c5b00.mp3","mime":"audio\/mpeg","copyright":{"license":"U"}}]},{"text":" \u09b8\u09be\u09b9\u09be\u09af\u09cd\u09af ","startDuration":"3.3736","endDuration":"3.8705","wordfile":[{"path":"audios\/wordfile-67585370310cf.mp3","mime":"audio\/mpeg","copyright":{"license":"U"}}]},{"text":" \u0995\u09b0\u09ac\u09c7\u0964 ","startDuration":"3.8715","endDuration":"4.3944","wordfile":[{"path":"audios\/wordfile-67585385e931d.mp3","mime":"audio\/mpeg","copyright":{"license":"U"}}]}],"files":[{"path":"audios\/files-6758528079447.mp3","mime":"audio\/mpeg","copyright":{"license":"U"}}]},"subContentId":"3fa8a770-6c22-452f-bff6-cecd715e0ace","metadata":{"contentType":"Curious Reader Audio","license":"U","title":"Untitled Curious Reader Audio"}},"backgroundOpacity":0,"willDoAnimation":false,"animationType":"glow","displayAsButton":false,"buttonSize":"big","goToSlideType":"specified","invisible":false}],"slideBackgroundSelector":{}},{"elements":[{"x":43.19346405228758,"y":25.791397849462367,"width":55.44662309368192,"height":70.96774193548387,"action":{"library":"H5P.Image 1.1","params":{"contentName":"Image","file":{"path":"images\/file-6582fa0e7a729.jpg","mime":"image\/jpeg","copyright":{"license":"U"},"width":959,"height":687}},"subContentId":"3ccdf63e-a32d-4e4c-9b61-15b14f985b43","metadata":{"contentType":"Image","license":"U","title":"Untitled Image"}},"backgroundOpacity":0,"willDoAnimation":false,"animationType":"glow","displayAsButton":false,"buttonSize":"big","goToSlideType":"specified","invisible":false},{"x":3.2679738562091507,"y":19.352468293690585,"width":39.99869281045751,"height":53.7942134640461,"action":{"library":"H5P.CRAdvancedText 1.1","params":{"text":"<p style=\"text-align:center;\"><span style=\"font-size:1.75em;color:hsl(0,0%,100%);\"><strong>\u09a6\u09c1\u2019\u099c\u09a8\u09c7 \u09ae\u09bf\u09b2\u09c7, \u09a4\u09be\u09b0\u09be \u098f\u0995\u099f\u09be \u09b6\u0995\u09cd\u09a4\u09aa\u09cb\u0995\u09cd\u09a4 \u099f\u09cd\u09b0\u09be\u0987\u09b8\u09be\u0987\u0995\u09c7\u09b2 \u09ac\u09be\u09a8\u09be\u09df\u0964<\/strong><\/span><\/p>"},"subContentId":"593db92d-80ca-4922-a46d-9ed57765478e","metadata":{"contentType":"Text","license":"U","title":"Untitled Text"}},"alwaysDisplayComments":false,"backgroundOpacity":0,"willDoAnimation":false,"animationType":"glow","displayAsButton":false,"buttonSize":"big","goToSlideType":"specified","invisible":false,"solution":""},{"x":47.000103485838785,"y":44.00026681929878,"width":40,"height":40,"action":{"library":"H5P.CRAudio 1.4","params":{"fitToWrapper":true,"currIndex":12,"playerMode":"minimalistic","controls":true,"autoplay":true,"playAudio":"Play audio","pauseAudio":"Pause audio","contentName":"Audio","glowColor":"#ffd85a","timeStampForEachText":[{"text":" \u09a6\u09c1\u2019\u099c\u09a8\u09c7 ","startDuration":"0.0000","endDuration":"0.5073","wordfile":[{"path":"audios\/wordfile-675ab2018f5a8.mp3","mime":"audio\/mpeg","copyright":{"license":"U"}}]},{"text":" \u09ae\u09bf\u09b2\u09c7, ","startDuration":"0.5083","endDuration":"0.9735","wordfile":[{"path":"audios\/wordfile-675853f137102.mp3","mime":"audio\/mpeg","copyright":{"license":"U"}}]},{"text":" \u09a4\u09be\u09b0\u09be ","startDuration":"0.9745","endDuration":"1.4692","wordfile":[{"path":"audios\/wordfile-6758540ae0d79.mp3","mime":"audio\/mpeg","copyright":{"license":"U"}}]},{"text":" \u098f\u0995\u099f\u09be ","startDuration":"1.4702","endDuration":"1.7460","wordfile":[{"path":"audios\/wordfile-6758542526c2a.mp3","mime":"audio\/mpeg","copyright":{"license":"U"}}]},{"text":" \u09b6\u0995\u09cd\u09a4\u09aa\u09cb\u0995\u09cd\u09a4 ","startDuration":"1.7470","endDuration":"2.5784","wordfile":[{"path":"audios\/wordfile-67585445a2962.mp3","mime":"audio\/mpeg","copyright":{"license":"U"}}]},{"text":" \u099f\u09cd\u09b0\u09be\u0987\u09b8\u09be\u0987\u0995\u09c7\u09b2 ","startDuration":"2.5794","endDuration":"3.2340","wordfile":[{"path":"audios\/wordfile-67585470a68c0.mp3","mime":"audio\/mpeg","copyright":{"license":"U"}}]},{"text":" \u09ac\u09be\u09a8\u09be\u09df\u0964 ","startDuration":"3.2350","endDuration":"3.6875","wordfile":[{"path":"audios\/wordfile-675854867f932.mp3","mime":"audio\/mpeg","copyright":{"license":"U"}}]}],"files":[{"path":"audios\/files-6758539dda6ef.mp3","mime":"audio\/mpeg","copyright":{"license":"U"}}]},"subContentId":"927e9560-d5aa-4057-80a3-57ef45b79c50","metadata":{"contentType":"Curious Reader Audio","license":"U","title":"Untitled Curious Reader Audio"}},"backgroundOpacity":0,"willDoAnimation":false,"animationType":"glow","displayAsButton":false,"buttonSize":"big","goToSlideType":"specified","invisible":false}],"slideBackgroundSelector":{}},{"elements":[{"x":3.2679738562091503,"y":4.301075268817204,"width":39.97821350762527,"height":95.69892473118279,"action":{"library":"H5P.Image 1.1","params":{"contentName":"Image","file":{"path":"images\/file-6582fa801b2bb.jpg","mime":"image\/jpeg","copyright":{"license":"U"},"width":639,"height":687}},"subContentId":"9be5a284-a001-40c0-9a7f-2116761d05e2","metadata":{"contentType":"Image","license":"U","title":"Untitled Image"}},"backgroundOpacity":0,"willDoAnimation":false,"animationType":"glow","displayAsButton":false,"buttonSize":"big","goToSlideType":"specified","invisible":false},{"x":44.66230936819172,"y":30.225677484324365,"width":54.82538126361656,"height":40.049791923982326,"action":{"library":"H5P.CRAdvancedText 1.1","params":{"text":"<p style=\"text-align:center;\"><span style=\"font-size:1.75em;color:hsl(0, 0%, 100%);\"><strong>\u099a\u09be\u0995\u09c1 \u09af\u09c7\u0996\u09be\u09a8\u09c7\u0987 \u09af\u09be\u09df \u09a4\u09be\u09b0 \u099f\u09cd\u09b0\u09be\u0987\u09b8\u09be\u0987\u0995\u09c7\u09b2\u09c7 \u099a\u09dc\u09c7 \u09af\u09be\u09df\u0964<\/strong><\/span><\/p>"},"subContentId":"936ea689-fca6-4e29-9824-7b531547a589","metadata":{"contentType":"Text","license":"U","title":"Untitled Text"}},"alwaysDisplayComments":false,"backgroundOpacity":0,"willDoAnimation":false,"animationType":"glow","displayAsButton":false,"buttonSize":"big","goToSlideType":"specified","invisible":false,"solution":""},{"x":47.000103485838785,"y":44.00026681929878,"width":40,"height":40,"action":{"library":"H5P.CRAudio 1.4","params":{"fitToWrapper":true,"currIndex":13,"playerMode":"minimalistic","controls":true,"autoplay":true,"playAudio":"Play audio","pauseAudio":"Pause audio","contentName":"Audio","glowColor":"#ffd85a","timeStampForEachText":[{"text":" \u099a\u09be\u0995\u09c1 ","startDuration":"0.0000","endDuration":"0.3856","wordfile":[{"path":"audios\/wordfile-675854c1bc14b.mp3","mime":"audio\/mpeg","copyright":{"license":"U"}}]},{"text":" \u09af\u09c7\u0996\u09be\u09a8\u09c7\u0987 ","startDuration":"0.3866","endDuration":"0.9323","wordfile":[{"path":"audios\/wordfile-675854e643d83.mp3","mime":"audio\/mpeg","copyright":{"license":"U"}}]},{"text":" \u09af\u09be\u09df ","startDuration":"0.9333","endDuration":"1.3298","wordfile":[{"path":"audios\/wordfile-67585504b5ee0.mp3","mime":"audio\/mpeg","copyright":{"license":"U"}}]},{"text":" \u09a4\u09be\u09b0 ","startDuration":"1.3308","endDuration":"1.6763","wordfile":[{"path":"audios\/wordfile-6758552a642a6.mp3","mime":"audio\/mpeg","copyright":{"license":"U"}}]},{"text":" \u099f\u09cd\u09b0\u09be\u0987\u09b8\u09be\u0987\u0995\u09c7\u09b2\u09c7 ","startDuration":"1.6773","endDuration":"2.3867","wordfile":[{"path":"audios\/wordfile-6758557970f52.mp3","mime":"audio\/mpeg","copyright":{"license":"U"}}]},{"text":" \u099a\u09dc\u09c7 ","startDuration":"2.3877","endDuration":"2.7332","wordfile":[{"path":"audios\/wordfile-6758559581dd6.mp3","mime":"audio\/mpeg","copyright":{"license":"U"}}]},{"text":" \u09af\u09be\u09df\u0964 ","startDuration":"2.7342","endDuration":"3.1052","wordfile":[{"path":"audios\/wordfile-675855a5419b3.mp3","mime":"audio\/mpeg","copyright":{"license":"U"}}]}],"files":[{"path":"audios\/files-675854a059847.mp3","mime":"audio\/mpeg","copyright":{"license":"U"}}]},"subContentId":"b3c57d9e-2af6-4911-88d2-116bf38bcc06","metadata":{"contentType":"Curious Reader Audio","license":"U","title":"Untitled Curious Reader Audio"}},"backgroundOpacity":0,"willDoAnimation":false,"animationType":"glow","displayAsButton":false,"buttonSize":"big","goToSlideType":"specified","invisible":false}],"slideBackgroundSelector":{}},{"elements":[{"x":3.2679738562091503,"y":2.150537634408602,"width":39.97821350762527,"height":95.69892473118279,"action":{"library":"H5P.Image 1.1","params":{"contentName":"Image","file":{"path":"images\/file-6582fab2e8792.jpg","mime":"image\/jpeg","copyright":{"license":"U"},"width":479,"height":686}},"subContentId":"a5cc3ace-1cb3-4463-a4b8-cf993423732e","metadata":{"contentType":"Image","license":"U","title":"Untitled Image"}},"backgroundOpacity":0,"willDoAnimation":false,"animationType":"glow","displayAsButton":false,"buttonSize":"big","goToSlideType":"specified","invisible":false},{"x":44.642857142857146,"y":32.7455919395466,"width":51.02040816326531,"height":52.896725440806044,"action":{"library":"H5P.CRAdvancedText 1.1","params":{"text":"<p style=\"text-align:center;\"><span style=\"font-size:1.75em;color:hsl(0, 0%, 100%);\"><strong>\u0995\u09bf\u09a8\u09cd\u09a4\u09c1 \u09a4\u09be\u09b0 \u09aa\u099b\u09a8\u09cd\u09a6\u09c7\u09b0 \u09b8\u09ae\u09df \u09b9\u09b2 \u09af\u0996\u09a8 \u09b8\u09c7 \u0986\u09b0 \u09b2\u09c0\u09b2\u09be \u098f\u0995\u09b8\u09be\u09a5\u09c7 \u09b8\u09be\u0987\u0995\u09c7\u09b2 \u099a\u09be\u09b2\u09be\u09df\u0964<\/strong><\/span><\/p>"},"subContentId":"d153d157-4df3-43a2-bd6f-b4ff096d12a1","metadata":{"contentType":"Text","license":"U","title":"Untitled Text"}},"alwaysDisplayComments":false,"backgroundOpacity":0,"willDoAnimation":false,"animationType":"glow","displayAsButton":false,"buttonSize":"big","goToSlideType":"specified","invisible":false,"solution":""},{"x":92.5925925925926,"y":2.151768538561844,"width":40,"height":40,"action":{"library":"H5P.CRAudio 1.4","params":{"fitToWrapper":true,"currIndex":14,"playerMode":"minimalistic","controls":true,"autoplay":true,"playAudio":"Play audio","pauseAudio":"Pause audio","contentName":"Audio","glowColor":"#ffd85a","timeStampForEachText":[{"text":" \u0995\u09bf\u09a8\u09cd\u09a4\u09c1 ","startDuration":"0.0000","endDuration":"0.5760","wordfile":[{"path":"audios\/wordfile-675855db208b7.mp3","mime":"audio\/mpeg","copyright":{"license":"U"}}]},{"text":" \u09a4\u09be\u09b0 ","startDuration":"0.5770","endDuration":"0.8376","wordfile":[{"path":"audios\/wordfile-675855f5ba56b.mp3","mime":"audio\/mpeg","copyright":{"license":"U"}}]},{"text":" \u09aa\u099b\u09a8\u09cd\u09a6\u09c7\u09b0 ","startDuration":"0.8386","endDuration":"1.3661","wordfile":[{"path":"audios\/wordfile-675856106469e.mp3","mime":"audio\/mpeg","copyright":{"license":"U"}}]},{"text":" \u09b8\u09ae\u09df ","startDuration":"1.3671","endDuration":"1.7369","wordfile":[{"path":"audios\/wordfile-67585629f394e.mp3","mime":"audio\/mpeg","copyright":{"license":"U"}}]},{"text":" \u09b9\u09b2 ","startDuration":"1.7379","endDuration":"2.1623","wordfile":[{"path":"audios\/wordfile-6758564256019.mp3","mime":"audio\/mpeg","copyright":{"license":"U"}}]},{"text":" \u09af\u0996\u09a8 ","startDuration":"2.1633","endDuration":"2.6605","wordfile":[{"path":"audios\/wordfile-6758565d1a80d.mp3","mime":"audio\/mpeg","copyright":{"license":"U"}}]},{"text":" \u09b8\u09c7 ","startDuration":"2.6615","endDuration":"2.8615","wordfile":[{"path":"audios\/wordfile-675856735641d.mp3","mime":"audio\/mpeg","copyright":{"license":"U"}}]},{"text":" \u0986\u09b0 ","startDuration":"2.8625","endDuration":"3.0504","wordfile":[{"path":"audios\/wordfile-6758569ad2224.mp3","mime":"audio\/mpeg","copyright":{"license":"U"}}]},{"text":" \u09b2\u09c0\u09b2\u09be ","startDuration":"3.0514","endDuration":"3.5849","wordfile":[{"path":"audios\/wordfile-675856aec41a7.mp3","mime":"audio\/mpeg","copyright":{"license":"U"}}]},{"text":" \u098f\u0995\u09b8\u09be\u09a5\u09c7 ","startDuration":"3.5859","endDuration":"4.2832","wordfile":[{"path":"audios\/wordfile-675856cebdba2.mp3","mime":"audio\/mpeg","copyright":{"license":"U"}}]},{"text":" \u09b8\u09be\u0987\u0995\u09c7\u09b2 ","startDuration":"4.2842","endDuration":"4.6843","wordfile":[{"path":"audios\/wordfile-675856e987f87.mp3","mime":"audio\/mpeg","copyright":{"license":"U"}}]},{"text":" \u099a\u09be\u09b2\u09be\u09df\u0964 ","startDuration":"4.6853","endDuration":"5.2613","wordfile":[{"path":"audios\/wordfile-675856fc943be.mp3","mime":"audio\/mpeg","copyright":{"license":"U"}}]}],"files":[{"path":"audios\/files-675855bd9afcf.mp3","mime":"audio\/mpeg","copyright":{"license":"U"}}]},"subContentId":"a52c8eaf-600a-418d-b795-617bd826f8b0","metadata":{"contentType":"Curious Reader Audio","license":"U","title":"Untitled Curious Reader Audio"}},"backgroundOpacity":0,"willDoAnimation":false,"animationType":"glow","displayAsButton":false,"buttonSize":"big","goToSlideType":"specified","invisible":false}],"slideBackgroundSelector":{}},{"elements":[{"x":5.446623093681917,"y":6.451612903225806,"width":19.607843137254903,"height":19.569892473118276,"action":{"library":"H5P.Image 1.1","params":{"contentName":"Image","file":{"path":"images\/file-6582faf97f388.png","mime":"image\/png","copyright":{"license":"U"},"width":1350,"height":487}},"subContentId":"adef2565-9d0b-433d-8139-92e610ba9372","metadata":{"contentType":"Image","license":"U","title":"Untitled Image"}},"backgroundOpacity":0,"willDoAnimation":false,"animationType":"glow","displayAsButton":false,"buttonSize":"big","goToSlideType":"specified","invisible":false},{"x":29.411764705882355,"y":6.4415268817204305,"width":19.607843137254903,"height":19.569892473118276,"action":{"library":"H5P.Image 1.1","params":{"contentName":"Image","file":{"path":"images\/file-6582fb0bd1481.png","mime":"image\/png","copyright":{"license":"U"},"width":814,"height":202}},"subContentId":"abaea07c-8ccf-4f94-9c73-5c3fad74e8b6","metadata":{"contentType":"Image","license":"U","title":"Untitled Image"}},"backgroundOpacity":0,"willDoAnimation":false,"animationType":"glow","displayAsButton":false,"buttonSize":"big","goToSlideType":"specified","invisible":false},{"x":53.37690631808279,"y":8.602150537634408,"width":39.97821350762527,"height":15.053763440860214,"action":{"library":"H5P.Image 1.1","params":{"contentName":"Image","file":{"path":"images\/file-6582fb223475c.jpg","mime":"image\/jpeg","copyright":{"license":"U"},"width":1732,"height":354}},"subContentId":"1e6de0e9-af4d-4212-be76-2db4139d5fc6","metadata":{"contentType":"Image","license":"U","title":"Untitled Image"}},"backgroundOpacity":0,"willDoAnimation":false,"animationType":"glow","displayAsButton":false,"buttonSize":"big","goToSlideType":"specified","invisible":false},{"x":3.826530612244898,"y":32.7455919395466,"width":93.68191721132898,"height":64.51612903225806,"action":{"library":"H5P.CRAdvancedText 1.1","params":{"text":"<h3 style=\"text-align: center;\">\u201c\u099a\u09be\u0995\u09c1\u09b0 \u09b8\u09be\u0987\u0995\u09c7\u09b2\u201d credits<br>\nThis work, \u201c\u099a\u09be\u0995\u09c1\u09b0 \u09b8\u09be\u0987\u0995\u09c7\u09b2\u201d is a derivative of Chaku's Cycleis translated byAlisha Berger. The \u00a9 for this translation lies with Room to Read, 2016. Some rights reserved. Released under CC BY 4.0 license.Based on Original story:'Baiskeli ya Chaku', byUpendo Maria. \u00a9 Room to Read , 2016. Some rights reserved.<\/h3>\n\n<h3 style=\"text-align: center;\">\u201c\u099a\u09be\u0995\u09c1\u09b0 \u09b8\u09be\u0987\u0995\u09c7\u09b2\u201d is licensed under CC BY 4.0 by Curious Learning.<\/h3>\n\n<h3 style=\"text-align: center;\">Book builder - Abraham Jerry Kakooza<\/h3>\n"},"subContentId":"73649e64-c7ea-491d-8d78-f2ad67dcfe51","metadata":{"contentType":"Text","license":"U","title":"Untitled Text"}},"alwaysDisplayComments":false,"backgroundOpacity":0,"willDoAnimation":false,"animationType":"glow","displayAsButton":false,"buttonSize":"big","goToSlideType":"specified","invisible":false,"solution":""}],"slideBackgroundSelector":{}}],"keywordListEnabled":true,"globalBackgroundSelector":{},"keywordListAlwaysShow":false,"keywordListAutoHide":false,"keywordListOpacity":90},"override":{"activeSurface":false,"hideSummarySlide":false,"summarySlideSolutionButton":true,"summarySlideRetryButton":true,"enablePrintButton":false,"social":{"showFacebookShare":false,"facebookShare":{"url":"@currentpageurl","quote":"I scored @score out of @maxScore on a task at @currentpageurl."},"showTwitterShare":false,"twitterShare":{"statement":"I scored @score out of @maxScore on a task at @currentpageurl.","url":"@currentpageurl","hashtags":"h5p, course"},"showGoogleShare":false,"googleShareUrl":"@currentpageurl"}},"l10n":{"slide":"Slide","score":"Score","yourScore":"Your Score","maxScore":"Max Score","total":"Total","totalScore":"Total Score","showSolutions":"Show solutions","retry":"Retry","exportAnswers":"Export text","hideKeywords":"Hide sidebar navigation menu","showKeywords":"Show sidebar navigation menu","fullscreen":"Fullscreen","exitFullscreen":"Exit fullscreen","prevSlide":"Previous slide","nextSlide":"Next slide","currentSlide":"Current slide","lastSlide":"Last slide","solutionModeTitle":"Exit solution mode","solutionModeText":"Solution Mode","summaryMultipleTaskText":"Multiple tasks","scoreMessage":"You achieved:","shareFacebook":"Share on Facebook","shareTwitter":"Share on Twitter","shareGoogle":"Share on Google+","summary":"Summary","solutionsButtonTitle":"Show comments","printTitle":"Print","printIngress":"How would you like to print this presentation?","printAllSlides":"Print all slides","printCurrentSlide":"Print current slide","noTitle":"No title","accessibilitySlideNavigationExplanation":"Use left and right arrow to change slide in that direction whenever canvas is selected.","accessibilityCanvasLabel":"Presentation canvas. Use left and right arrow to move between slides.","containsNotCompleted":"@slideName contains not completed interaction","containsCompleted":"@slideName contains completed interaction","slideCount":"Slide @index of @total","containsOnlyCorrect":"@slideName only has correct answers","containsIncorrectAnswers":"@slideName has incorrect answers","shareResult":"Share Result","accessibilityTotalScore":"You got @score of @maxScore points in total","accessibilityEnteredFullscreen":"Entered fullscreen","accessibilityExitedFullscreen":"Exited fullscreen"}}