{"presentation":{"slides":[{"elements":[{"x":7.7112893275756,"y":11.477761836442,"width":83.149830612873,"height":76.707317073171,"action":{"library":"H5P.Image 1.1","params":{"contentName":"Image","file":{"path":"images\/file-61b119d8b91b9.jpg","mime":"image\/jpeg","copyright":{"license":"U"},"width":1024,"height":490}},"subContentId":"281f58bc-00aa-42e9-a8f9-34a91108654b","metadata":{"contentType":"Image","license":"U","title":"Untitled Image"}},"backgroundOpacity":0,"willDoAnimation":false,"animationType":"glow","displayAsButton":false,"buttonSize":"big","goToSlideType":"specified","invisible":false},{"x":42.483660130719,"y":43.035370771237,"width":39.998692810458,"height":14.050381508562,"action":{"library":"H5P.CRAdvancedText 1.1","params":{"text":"<p dir=\"ltr\" style=\"text-align: center;\"><span style=\"font-size:3em;\">\u0932\u0941\u0915\u093e\u092e\u093e\u0930\u0940<\/span><\/p>\n"},"subContentId":"65b91755-f4db-4513-b663-95d5754e06f9","metadata":{"contentType":"Text","license":"U","title":"Untitled Text"}},"alwaysDisplayComments":false,"backgroundOpacity":0,"willDoAnimation":false,"animationType":"glow","displayAsButton":false,"buttonSize":"big","goToSlideType":"specified","invisible":false,"solution":""}],"slideBackgroundSelector":{}},{"elements":[{"x":15.250544662309368,"y":83.87096774193547,"width":69.9074074074074,"height":15.753424657534246,"action":{"library":"H5P.CRAdvancedText 1.1","params":{"text":"<p style=\"text-align: center;\"><span style=\"font-size:2.25em;\">\u0921\u094b\u0921\u094b \u0906\u092e\u093e\u0932\u093e\u0908 \u0916\u094b\u091c\u094d\u091b\u0964<\/span><\/p>\n"},"subContentId":"7b276671-c320-47d6-9158-4d4fb745d80e","metadata":{"contentType":"Text","license":"U","title":"Untitled Text"}},"alwaysDisplayComments":false,"backgroundOpacity":0,"willDoAnimation":false,"animationType":"glow","displayAsButton":false,"buttonSize":"big","goToSlideType":"specified","invisible":false,"solution":""},{"x":24.676125848242,"y":9.1393754760091,"width":50.383122882661,"height":72.604722010663,"action":{"library":"H5P.Image 1.1","params":{"contentName":"Image","file":{"path":"images\/file-61c0f25319ee4.jpeg","mime":"image\/jpeg","copyright":{"license":"U"},"width":1472,"height":1024}},"subContentId":"f59573a4-4b0d-4f7b-a581-0af3c3101eb2","metadata":{"contentType":"Image","license":"U","title":"Untitled Image"}},"backgroundOpacity":0,"willDoAnimation":false,"animationType":"glow","displayAsButton":false,"buttonSize":"big","goToSlideType":"specified","invisible":false},{"x":47.00435729847495,"y":43.97849462365591,"width":40,"height":40,"action":{"library":"H5P.CRAudio 1.4","params":{"fitToWrapper":true,"currIndex":1,"playerMode":"minimalistic","controls":true,"autoplay":true,"playAudio":"Play audio","pauseAudio":"Pause audio","contentName":"Audio","glowColor":"#ffd85a","timeStampForEachText":[{"text":" \u0921\u094b\u0921\u094b ","startDuration":"0.2399","endDuration":"1.0721","wordfile":[{"path":"audios\/wordfile-6534ed338e31b.wav","mime":"audio\/x-wav","copyright":{"license":"U"}}]},{"text":" \u0906\u092e\u093e\u0932\u093e\u0908 ","startDuration":"1.3930","endDuration":"2.0500","wordfile":[{"path":"audios\/wordfile-6534ed5715928.wav","mime":"audio\/x-wav","copyright":{"license":"U"}}]},{"text":" \u0916\u094b\u091c\u094d\u091b\u0964 ","startDuration":"2.0510","endDuration":"3.0241","wordfile":[{"path":"audios\/wordfile-6534ed6c08eda.wav","mime":"audio\/x-wav","copyright":{"license":"U"}}]}],"files":[{"path":"audios\/files-6534ed1e0b65a.wav","mime":"audio\/x-wav","copyright":{"license":"U"}}]},"subContentId":"20c2dba6-bfad-476a-91a9-2f5ecd5588f4","metadata":{"contentType":"Curious Reader Audio","license":"U","title":"Untitled Curious Reader Audio"}},"backgroundOpacity":0,"willDoAnimation":false,"animationType":"glow","displayAsButton":false,"buttonSize":"big","goToSlideType":"specified","invisible":false},{"x":28.32244008714597,"y":25.806451612903224,"width":22.22222222222222,"height":52.47311827956989,"action":{"library":"H5P.Image 1.1","params":{"contentName":"Image"},"subContentId":"4cedb8c7-9a05-4794-bf52-af4f8af6d714","metadata":{"contentType":"Image","license":"U","title":"Untitled Image"}},"backgroundOpacity":0,"willDoAnimation":true,"animationType":"glow","displayAsButton":false,"buttonSize":"big","goToSlideType":"specified","invisible":false,"id":"img20c2dba6-bfad-476a-91a9-2f5ecd5588f4_0"},{"x":63.18082788671024,"y":19.354838709677416,"width":9.041394335511983,"height":40,"action":{"library":"H5P.Image 1.1","params":{"contentName":"Image"},"subContentId":"3e409b7e-a1ab-49d7-9908-8635cd134940","metadata":{"contentType":"Image","license":"U","title":"Untitled Image"}},"backgroundOpacity":0,"willDoAnimation":true,"animationType":"glow","displayAsButton":false,"buttonSize":"big","goToSlideType":"specified","invisible":false,"id":"img20c2dba6-bfad-476a-91a9-2f5ecd5588f4_1"}],"slideBackgroundSelector":{}},{"elements":[{"x":4.357298474945534,"y":82.72860215053764,"width":88.56209150326798,"height":14.193548387096772,"action":{"library":"H5P.CRAdvancedText 1.1","params":{"text":"<p style=\"text-align: center;\"><span style=\"font-size:2.25em;\">\u0909\u0938\u0932\u0947 \u0967\u0966 \u0935\u094b\u091f\u093e \u092d\u0915\u0941\u0928\u094d\u0926\u094b\u0939\u0930\u0941 \u092b\u0947\u0932\u093e \u092a\u093e\u0930\u094d\u091b\u0964<\/span><\/p>\n"},"subContentId":"a3931e1f-fa46-4f55-9ea7-0981a00a4f78","metadata":{"contentType":"Text","license":"U","title":"Untitled Text"}},"alwaysDisplayComments":false,"backgroundOpacity":0,"willDoAnimation":false,"animationType":"glow","displayAsButton":false,"buttonSize":"big","goToSlideType":"specified","invisible":false,"solution":""},{"x":22.875816993464053,"y":8.602150537634408,"width":52.354019094549,"height":71.793754760091,"action":{"library":"H5P.Image 1.1","params":{"contentName":"Image","file":{"path":"images\/file-61c0f2bf916c1.jpeg","mime":"image\/jpeg","copyright":{"license":"U"},"width":1472,"height":1024}},"subContentId":"7308022d-4962-4c07-aeca-3c258a5f0017","metadata":{"contentType":"Image","license":"U","title":"Untitled Image"}},"backgroundOpacity":0,"willDoAnimation":false,"animationType":"glow","displayAsButton":false,"buttonSize":"big","goToSlideType":"specified","invisible":false},{"x":47.00435729847495,"y":43.97849462365591,"width":40,"height":40,"action":{"library":"H5P.CRAudio 1.4","params":{"fitToWrapper":true,"currIndex":2,"playerMode":"minimalistic","controls":true,"autoplay":true,"playAudio":"Play audio","pauseAudio":"Pause audio","contentName":"Audio","glowColor":"#ffd85a","timeStampForEachText":[{"text":" \u0909\u0938\u0932\u0947 ","startDuration":"0.2892","endDuration":"1.0280","wordfile":[{"path":"audios\/wordfile-6534edb6cc25b.wav","mime":"audio\/x-wav","copyright":{"license":"U"}}]},{"text":" \u0967\u0966 ","startDuration":"1.4260","endDuration":"1.8415","wordfile":[{"path":"audios\/wordfile-6534edd737912.wav","mime":"audio\/x-wav","copyright":{"license":"U"}}]},{"text":" \u0935\u094b\u091f\u093e ","startDuration":"1.8425","endDuration":"2.4678","wordfile":[{"path":"audios\/wordfile-6534ee1d71a97.wav","mime":"audio\/x-wav","copyright":{"license":"U"}}]},{"text":" \u092d\u0915\u0941\u0928\u094d\u0926\u094b\u0939\u0930\u0941 ","startDuration":"2.4688","endDuration":"3.3550","wordfile":[{"path":"audios\/wordfile-6534ee528a2bd.wav","mime":"audio\/x-wav","copyright":{"license":"U"}}]},{"text":" \u092b\u0947\u0932\u093e ","startDuration":"3.3560","endDuration":"3.7148","wordfile":[{"path":"audios\/wordfile-6534ee7ae6153.wav","mime":"audio\/x-wav","copyright":{"license":"U"}}]},{"text":" \u092a\u093e\u0930\u094d\u091b\u0964 ","startDuration":"3.7158","endDuration":"4.5793","wordfile":[{"path":"audios\/wordfile-6534eeaf4c20e.wav","mime":"audio\/x-wav","copyright":{"license":"U"}}]}],"files":[{"path":"audios\/files-6534ed838c486.wav","mime":"audio\/x-wav","copyright":{"license":"U"}}]},"subContentId":"8f2b090a-340f-4909-9538-b8b297ce10a2","metadata":{"contentType":"Curious Reader Audio","license":"U","title":"Untitled Curious Reader Audio"}},"backgroundOpacity":0,"willDoAnimation":false,"animationType":"glow","displayAsButton":false,"buttonSize":"big","goToSlideType":"specified","invisible":false},{"x":27.233115468409586,"y":49.43204301075269,"width":39.97821350762527,"height":24.946236559139784,"action":{"library":"H5P.Image 1.1","params":{"contentName":"Image"},"subContentId":"b6743df6-9835-48c4-86d2-9d3efaaf362b","metadata":{"contentType":"Image","license":"U","title":"Untitled Image"}},"backgroundOpacity":0,"willDoAnimation":true,"animationType":"glow","displayAsButton":false,"buttonSize":"big","goToSlideType":"specified","invisible":false,"id":"img8f2b090a-340f-4909-9538-b8b297ce10a2_1"},{"x":27.233115468409586,"y":49.43204301075269,"width":39.97821350762527,"height":24.946236559139784,"action":{"library":"H5P.Image 1.1","params":{"contentName":"Image"},"subContentId":"4bcec7ea-34b2-46ee-9939-cd80ed25eb16","metadata":{"contentType":"Image","license":"U","title":"Untitled Image"}},"backgroundOpacity":0,"willDoAnimation":true,"animationType":"glow","displayAsButton":false,"buttonSize":"big","goToSlideType":"specified","invisible":false,"id":"img8f2b090a-340f-4909-9538-b8b297ce10a2_2"},{"x":27.233115468409586,"y":49.43204301075269,"width":39.97821350762527,"height":24.946236559139784,"action":{"library":"H5P.Image 1.1","params":{"contentName":"Image"},"subContentId":"7415a21c-2b51-4e1a-9e07-f0280edb66cc","metadata":{"contentType":"Image","license":"U","title":"Untitled Image"}},"backgroundOpacity":0,"willDoAnimation":true,"animationType":"glow","displayAsButton":false,"buttonSize":"big","goToSlideType":"specified","invisible":false,"id":"img8f2b090a-340f-4909-9538-b8b297ce10a2_3"}],"slideBackgroundSelector":{}},{"elements":[{"x":4.357298474945534,"y":82.5,"width":87.25490196078432,"height":15.698924731182794,"action":{"library":"H5P.CRAdvancedText 1.1","params":{"text":"<p dir=\"ltr\" style=\"text-align: center;\"><span style=\"font-size:2.25em;\">\u0909\u0938\u0932\u0947 \u096f \u0935\u091f\u093e \u092e\u0917\u0939\u0930\u0941 \u092b\u0947\u0932\u093e \u092a\u093e\u0930\u094d\u091b\u0964<\/span><\/p>\n"},"subContentId":"8a6e5c35-5f97-4215-baa7-e38531f114ec","metadata":{"contentType":"Text","license":"U","title":"Untitled Text"}},"alwaysDisplayComments":false,"backgroundOpacity":0,"willDoAnimation":false,"animationType":"glow","displayAsButton":false,"buttonSize":"big","goToSlideType":"specified","invisible":false,"solution":""},{"x":20.773021250385,"y":9.1393754760091,"width":55.766861718509,"height":73.111348057883,"action":{"library":"H5P.Image 1.1","params":{"contentName":"Image","file":{"path":"images\/file-61c0f50c26444.jpeg","mime":"image\/jpeg","copyright":{"license":"U"},"width":1472,"height":1024}},"subContentId":"0861d03c-bddb-4187-a152-fa4e2cb5c858","metadata":{"contentType":"Image","license":"U","title":"Untitled Image"}},"backgroundOpacity":0,"willDoAnimation":false,"animationType":"glow","displayAsButton":false,"buttonSize":"big","goToSlideType":"specified","invisible":false},{"x":47.00435729847495,"y":43.97849462365591,"width":40,"height":40,"action":{"library":"H5P.CRAudio 1.4","params":{"fitToWrapper":true,"currIndex":3,"playerMode":"minimalistic","controls":true,"autoplay":true,"playAudio":"Play audio","pauseAudio":"Pause audio","contentName":"Audio","glowColor":"#ffd85a","timeStampForEachText":[{"text":" \u0909\u0938\u0932\u0947 ","startDuration":"0.3130","endDuration":"1.0998","wordfile":[{"path":"audios\/wordfile-6534eeecbcafd.wav","mime":"audio\/x-wav","copyright":{"license":"U"}}]},{"text":" \u096f ","startDuration":"1.4864","endDuration":"1.8485","wordfile":[{"path":"audios\/wordfile-6534ef0151672.wav","mime":"audio\/x-wav","copyright":{"license":"U"}}]},{"text":" \u0935\u091f\u093e ","startDuration":"1.8495","endDuration":"2.4854","wordfile":[{"path":"audios\/wordfile-6534ef27c175b.wav","mime":"audio\/x-wav","copyright":{"license":"U"}}]},{"text":" \u092e\u0917\u0939\u0930\u0941 ","startDuration":"2.6708","endDuration":"3.3571","wordfile":[{"path":"audios\/wordfile-6534efe09dd64.wav","mime":"audio\/x-wav","copyright":{"license":"U"}}]},{"text":" \u092b\u0947\u0932\u093e ","startDuration":"3.3581","endDuration":"3.6811","wordfile":[{"path":"audios\/wordfile-6534f00351404.wav","mime":"audio\/x-wav","copyright":{"license":"U"}}]},{"text":" \u092a\u093e\u0930\u094d\u091b\u0964 ","startDuration":"3.6821","endDuration":"4.5360","wordfile":[{"path":"audios\/wordfile-6534f023c550f.wav","mime":"audio\/x-wav","copyright":{"license":"U"}}]}],"files":[{"path":"audios\/files-6534eec4ed0a8.wav","mime":"audio\/x-wav","copyright":{"license":"U"}}]},"subContentId":"2be70a3f-fef0-4601-9c11-2177e44b9ea7","metadata":{"contentType":"Curious Reader Audio","license":"U","title":"Untitled Curious Reader Audio"}},"backgroundOpacity":0,"willDoAnimation":false,"animationType":"glow","displayAsButton":false,"buttonSize":"big","goToSlideType":"specified","invisible":false},{"x":28.32244008714597,"y":45.16129032258064,"width":39.97821350762527,"height":20.21505376344086,"action":{"library":"H5P.Image 1.1","params":{"contentName":"Image"},"subContentId":"09014429-26f7-405f-a706-72125574359c","metadata":{"contentType":"Image","license":"U","title":"Untitled Image"}},"backgroundOpacity":0,"willDoAnimation":true,"animationType":"glow","displayAsButton":false,"buttonSize":"big","goToSlideType":"specified","invisible":false,"id":"img2be70a3f-fef0-4601-9c11-2177e44b9ea7_1"},{"x":30.010893246187365,"y":45.107526881720425,"width":39.97821350762527,"height":18.064516129032256,"action":{"library":"H5P.Image 1.1","params":{"contentName":"Image"},"subContentId":"e273cf30-1e46-493b-8f94-a7c94bec0c17","metadata":{"contentType":"Image","license":"U","title":"Untitled Image"}},"backgroundOpacity":0,"willDoAnimation":true,"animationType":"glow","displayAsButton":false,"buttonSize":"big","goToSlideType":"specified","invisible":false,"id":"img2be70a3f-fef0-4601-9c11-2177e44b9ea7_2"},{"x":30.010893246187365,"y":47.251397849462364,"width":39.97821350762527,"height":11.61290322580645,"action":{"library":"H5P.Image 1.1","params":{"contentName":"Image"},"subContentId":"e89980ca-63e0-4d2b-bc33-56d51c2c96ce","metadata":{"contentType":"Image","license":"U","title":"Untitled Image"}},"backgroundOpacity":0,"willDoAnimation":true,"animationType":"glow","displayAsButton":false,"buttonSize":"big","goToSlideType":"specified","invisible":false,"id":"img2be70a3f-fef0-4601-9c11-2177e44b9ea7_3"}],"slideBackgroundSelector":{}},{"elements":[{"x":4.357298474945534,"y":83.86752688172042,"width":87.25490196078432,"height":15.698924731182794,"action":{"library":"H5P.CRAdvancedText 1.1","params":{"text":"<p dir=\"ltr\" style=\"text-align: center;\"><span style=\"font-size:2.25em;\">\u0909\u0938\u0932\u0947 \u096e \u0935\u091f\u093e \u091a\u092e\u094d\u091a\u093e\u0939\u0930\u0941 \u092b\u0947\u0932\u093e \u092a\u093e\u0930\u094d\u091b\u0964<\/span><\/p>\n"},"subContentId":"c22923f1-a46c-493b-aca2-92fbacd3edc2","metadata":{"contentType":"Text","license":"U","title":"Untitled Text"}},"alwaysDisplayComments":false,"backgroundOpacity":0,"willDoAnimation":false,"animationType":"glow","displayAsButton":false,"buttonSize":"big","goToSlideType":"specified","invisible":false,"solution":""},{"x":21.78649237472767,"y":6.451612903225806,"width":56.973668001232,"height":74.634577303884,"action":{"library":"H5P.Image 1.1","params":{"contentName":"Image","file":{"path":"images\/file-61c0f78984cdd.jpeg","mime":"image\/jpeg","copyright":{"license":"U"},"width":1472,"height":1024}},"subContentId":"37eda182-a252-454f-b1bd-3d126971ee70","metadata":{"contentType":"Image","license":"U","title":"Untitled Image"}},"backgroundOpacity":0,"willDoAnimation":false,"animationType":"glow","displayAsButton":false,"buttonSize":"big","goToSlideType":"specified","invisible":false},{"x":47.00435729847495,"y":43.97849462365591,"width":40,"height":40,"action":{"library":"H5P.CRAudio 1.4","params":{"fitToWrapper":true,"currIndex":4,"playerMode":"minimalistic","controls":true,"autoplay":true,"playAudio":"Play audio","pauseAudio":"Pause audio","contentName":"Audio","glowColor":"#ffd85a","timeStampForEachText":[{"text":" \u0909\u0938\u0932\u0947 ","startDuration":"0.1859","endDuration":"0.9376","wordfile":[{"path":"audios\/wordfile-6534f0675d93c.wav","mime":"audio\/x-wav","copyright":{"license":"U"}}]},{"text":" \u096e ","startDuration":"1.3858","endDuration":"1.7601","wordfile":[{"path":"audios\/wordfile-6534f07d8415b.wav","mime":"audio\/x-wav","copyright":{"license":"U"}}]},{"text":" \u0935\u091f\u093e ","startDuration":"1.7611","endDuration":"2.4548","wordfile":[{"path":"audios\/wordfile-6534f098a6217.wav","mime":"audio\/x-wav","copyright":{"license":"U"}}]},{"text":" \u091a\u092e\u094d\u091a\u093e\u0939\u0930\u0941 ","startDuration":"2.6707","endDuration":"3.5503","wordfile":[{"path":"audios\/wordfile-6534f0bdd8ae8.wav","mime":"audio\/x-wav","copyright":{"license":"U"}}]},{"text":" \u092b\u0947\u0932\u093e ","startDuration":"3.5513","endDuration":"3.8849","wordfile":[{"path":"audios\/wordfile-6534f0dfa5ad9.wav","mime":"audio\/x-wav","copyright":{"license":"U"}}]},{"text":" \u092a\u093e\u0930\u094d\u091b\u0964 ","startDuration":"3.8859","endDuration":"4.7887","wordfile":[{"path":"audios\/wordfile-6534f0f96f975.wav","mime":"audio\/x-wav","copyright":{"license":"U"}}]}],"files":[{"path":"audios\/files-6534f03517685.wav","mime":"audio\/x-wav","copyright":{"license":"U"}}]},"subContentId":"4bddcde0-3caa-4b89-ac32-471749027d32","metadata":{"contentType":"Curious Reader Audio","license":"U","title":"Untitled Curious Reader Audio"}},"backgroundOpacity":0,"willDoAnimation":false,"animationType":"glow","displayAsButton":false,"buttonSize":"big","goToSlideType":"specified","invisible":false},{"x":41.394335511982575,"y":34.40860215053763,"width":7.625272331154684,"height":22.58064516129032,"action":{"library":"H5P.Image 1.1","params":{"contentName":"Image"},"subContentId":"cc50584b-6351-4fd8-8ede-fadc6718dd67","metadata":{"contentType":"Image","license":"U","title":"Untitled Image"}},"backgroundOpacity":0,"willDoAnimation":true,"animationType":"glow","displayAsButton":false,"buttonSize":"big","goToSlideType":"specified","invisible":false,"id":"img4bddcde0-3caa-4b89-ac32-471749027d32_1"},{"x":51.19825708061002,"y":36.55913978494623,"width":21.13289760348584,"height":23.87096774193548,"action":{"library":"H5P.Image 1.1","params":{"contentName":"Image"},"subContentId":"17bc438b-66b8-46be-8346-582819461ff0","metadata":{"contentType":"Image","license":"U","title":"Untitled Image"}},"backgroundOpacity":0,"willDoAnimation":true,"animationType":"glow","displayAsButton":false,"buttonSize":"big","goToSlideType":"specified","invisible":false,"id":"img4bddcde0-3caa-4b89-ac32-471749027d32_1"},{"x":51.19825708061002,"y":38.66258064516129,"width":21.13289760348584,"height":20.86021505376344,"action":{"library":"H5P.Image 1.1","params":{"contentName":"Image"},"subContentId":"104ead63-a2e4-428d-8189-1e03394e9fea","metadata":{"contentType":"Image","license":"U","title":"Untitled Image"}},"backgroundOpacity":0,"willDoAnimation":true,"animationType":"glow","displayAsButton":false,"buttonSize":"big","goToSlideType":"specified","invisible":false,"id":"img4bddcde0-3caa-4b89-ac32-471749027d32_2"},{"x":51.19825708061002,"y":38.70967741935483,"width":20.47930283224401,"height":20.21505376344086,"action":{"library":"H5P.Image 1.1","params":{"contentName":"Image"},"subContentId":"0f5b595d-01a0-440d-b2b1-afa0845fd438","metadata":{"contentType":"Image","license":"U","title":"Untitled Image"}},"backgroundOpacity":0,"willDoAnimation":true,"animationType":"glow","displayAsButton":false,"buttonSize":"big","goToSlideType":"specified","invisible":false,"id":"img4bddcde0-3caa-4b89-ac32-471749027d32_3"},{"x":41.394335511982575,"y":34.34817204301075,"width":8.061002178649238,"height":20.43010752688172,"action":{"library":"H5P.Image 1.1","params":{"contentName":"Image"},"subContentId":"628dafe7-c099-4da7-9f2d-f180b8949c42","metadata":{"contentType":"Image","license":"U","title":"Untitled Image"}},"backgroundOpacity":0,"willDoAnimation":true,"animationType":"glow","displayAsButton":false,"buttonSize":"big","goToSlideType":"specified","invisible":false,"id":"img4bddcde0-3caa-4b89-ac32-471749027d32_2"},{"x":41.394335511982575,"y":36.55913978494623,"width":8.49673202614379,"height":18.279569892473116,"action":{"library":"H5P.Image 1.1","params":{"contentName":"Image"},"subContentId":"17e1fdba-a0a7-4e33-b808-40083dbfcb07","metadata":{"contentType":"Image","license":"U","title":"Untitled Image"}},"backgroundOpacity":0,"willDoAnimation":true,"animationType":"glow","displayAsButton":false,"buttonSize":"big","goToSlideType":"specified","invisible":false,"id":"img4bddcde0-3caa-4b89-ac32-471749027d32_3"}],"slideBackgroundSelector":{}},{"elements":[{"x":3.2679738562091507,"y":83.71978494623656,"width":89.32461873638344,"height":14.193548387096772,"action":{"library":"H5P.CRAdvancedText 1.1","params":{"text":"<p dir=\"ltr\" style=\"text-align: center;\"><span style=\"font-size:2.25em;\">\u0909\u0938\u0932\u0947 \u0938\u093e\u0924\u0935\u091f\u093e \u091f\u094b\u0915\u0930\u0940\u0939\u0930\u0941 \u092b\u0947\u0932\u093e \u092a\u093e\u0930\u094d\u091b\u0964<\/span><\/p>\n"},"subContentId":"24a7b4ec-023c-4c23-9b9e-4ce2473d3e40","metadata":{"contentType":"Text","license":"U","title":"Untitled Text"}},"alwaysDisplayComments":false,"backgroundOpacity":0,"willDoAnimation":false,"animationType":"glow","displayAsButton":false,"buttonSize":"big","goToSlideType":"specified","invisible":false,"solution":""},{"x":23.032407407407405,"y":8.219178082191782,"width":53.984447182014,"height":74.927646610815,"action":{"library":"H5P.Image 1.1","params":{"contentName":"Image","file":{"path":"images\/file-61c0f97f5a778.jpeg","mime":"image\/jpeg","copyright":{"license":"U"},"width":1472,"height":1024}},"subContentId":"ab3d1717-7bd0-4589-a7b8-718950cf9f45","metadata":{"contentType":"Image","license":"U","title":"Untitled Image"}},"backgroundOpacity":0,"willDoAnimation":false,"animationType":"glow","displayAsButton":false,"buttonSize":"big","goToSlideType":"specified","invisible":false},{"x":47.00435729847495,"y":43.97849462365591,"width":40,"height":40,"action":{"library":"H5P.CRAudio 1.4","params":{"fitToWrapper":true,"currIndex":5,"playerMode":"minimalistic","controls":true,"autoplay":true,"playAudio":"Play audio","pauseAudio":"Pause audio","contentName":"Audio","glowColor":"#ffd85a","timeStampForEachText":[{"text":" \u0909\u0938\u0932\u0947 ","startDuration":"0.2016","endDuration":"1.0309","wordfile":[{"path":"audios\/wordfile-6534f14a349c9.wav","mime":"audio\/x-wav","copyright":{"license":"U"}}]},{"text":" \u0938\u093e\u0924\u0935\u091f\u093e ","startDuration":"1.4290","endDuration":"2.5943","wordfile":[{"path":"audios\/wordfile-6534f178cd884.wav","mime":"audio\/x-wav","copyright":{"license":"U"}}]},{"text":" \u091f\u094b\u0915\u0930\u0940\u0939\u0930\u0941 ","startDuration":"2.8336","endDuration":"3.7484","wordfile":[{"path":"audios\/wordfile-6534f19c4c397.wav","mime":"audio\/x-wav","copyright":{"license":"U"}}]},{"text":" \u092b\u0947\u0932\u093e ","startDuration":"3.7494","endDuration":"4.1082","wordfile":[{"path":"audios\/wordfile-6534f1bb4ba5a.wav","mime":"audio\/x-wav","copyright":{"license":"U"}}]},{"text":" \u092a\u093e\u0930\u094d\u091b\u0964 ","startDuration":"4.1092","endDuration":"4.9996","wordfile":[{"path":"audios\/wordfile-6534f1d582b7f.wav","mime":"audio\/x-wav","copyright":{"license":"U"}}]}],"files":[{"path":"audios\/files-6534f12687d41.wav","mime":"audio\/x-wav","copyright":{"license":"U"}}]},"subContentId":"6de77885-ad37-4085-93f8-23bccc699db9","metadata":{"contentType":"Curious Reader Audio","license":"U","title":"Untitled Curious Reader Audio"}},"backgroundOpacity":0,"willDoAnimation":false,"animationType":"glow","displayAsButton":false,"buttonSize":"big","goToSlideType":"specified","invisible":false},{"x":21.78649237472767,"y":51.52215053763442,"width":54.90196078431373,"height":28.817204301075268,"action":{"library":"H5P.Image 1.1","params":{"contentName":"Image"},"subContentId":"526a0a4d-7090-433e-b09a-30c07dabfbe7","metadata":{"contentType":"Image","license":"U","title":"Untitled Image"}},"backgroundOpacity":0,"willDoAnimation":true,"animationType":"glow","displayAsButton":false,"buttonSize":"big","goToSlideType":"specified","invisible":false,"id":"img6de77885-ad37-4085-93f8-23bccc699db9_1"},{"x":21.78649237472767,"y":51.52215053763442,"width":54.90196078431373,"height":29.247311827956988,"action":{"library":"H5P.Image 1.1","params":{"contentName":"Image"},"subContentId":"339434e1-fca5-4280-b8ad-938492164eff","metadata":{"contentType":"Image","license":"U","title":"Untitled Image"}},"backgroundOpacity":0,"willDoAnimation":true,"animationType":"glow","displayAsButton":false,"buttonSize":"big","goToSlideType":"specified","invisible":false,"id":"img6de77885-ad37-4085-93f8-23bccc699db9_2"}],"slideBackgroundSelector":{}},{"elements":[{"x":3.2679738562091507,"y":84.32451612903226,"width":94.11764705882354,"height":13.548387096774192,"action":{"library":"H5P.CRAdvancedText 1.1","params":{"text":"<p style=\"text-align: center;\"><span style=\"font-size:2.25em;\">\u0909\u0938\u0932\u0947 \u091b\u0935\u091f\u093e \u092b\u0942\u0932\u0926\u093e\u0928\u0939\u0930\u0942 \u092b\u0947\u0932\u093e \u092a\u093e\u0930\u094d\u091b\u0964<\/span><\/p>\n"},"subContentId":"a7db7bda-dd18-495e-bb88-72386a099cc1","metadata":{"contentType":"Text","license":"U","title":"Untitled Text"}},"alwaysDisplayComments":false,"backgroundOpacity":0,"willDoAnimation":false,"animationType":"glow","displayAsButton":false,"buttonSize":"big","goToSlideType":"specified","invisible":false,"solution":""},{"x":23.263888888888886,"y":6.164383561643835,"width":53.893902063443,"height":77.452551408987,"action":{"library":"H5P.Image 1.1","params":{"contentName":"Image","file":{"path":"images\/file-61c0faa8193a4.jpeg","mime":"image\/jpeg","copyright":{"license":"U"},"width":1472,"height":1024}},"subContentId":"ce6eebac-7cd7-4ae3-8294-f90d7a1754ef","metadata":{"contentType":"Image","license":"U","title":"Untitled Image"}},"backgroundOpacity":0,"willDoAnimation":false,"animationType":"glow","displayAsButton":false,"buttonSize":"big","goToSlideType":"specified","invisible":false},{"x":47.00435729847495,"y":43.97849462365591,"width":40,"height":40,"action":{"library":"H5P.CRAudio 1.4","params":{"fitToWrapper":true,"currIndex":6,"playerMode":"minimalistic","controls":true,"autoplay":true,"playAudio":"Play audio","pauseAudio":"Pause audio","contentName":"Audio","glowColor":"#ffd85a","timeStampForEachText":[{"text":" \u0909\u0938\u0932\u0947 ","startDuration":"0.2319","endDuration":"1.1482","wordfile":[{"path":"audios\/wordfile-6534f268c2d83.wav","mime":"audio\/x-wav","copyright":{"license":"U"}}]},{"text":" \u091b\u0935\u091f\u093e ","startDuration":"1.4698","endDuration":"2.5567","wordfile":[{"path":"audios\/wordfile-6534f284a7f63.wav","mime":"audio\/x-wav","copyright":{"license":"U"}}]},{"text":" \u092b\u0942\u0932\u0926\u093e\u0928\u0939\u0930\u0942 ","startDuration":"2.7555","endDuration":"4.0402","wordfile":[{"path":"audios\/wordfile-6534f2a62edf5.wav","mime":"audio\/x-wav","copyright":{"license":"U"}}]},{"text":" \u092b\u0947\u0932\u093e ","startDuration":"4.2731","endDuration":"4.7119","wordfile":[{"path":"audios\/wordfile-6534f2cd4825d.wav","mime":"audio\/x-wav","copyright":{"license":"U"}}]},{"text":" \u092a\u093e\u0930\u094d\u091b\u0964 ","startDuration":"4.7129","endDuration":"5.7588","wordfile":[{"path":"audios\/wordfile-6534f2e3d822e.wav","mime":"audio\/x-wav","copyright":{"license":"U"}}]}],"files":[{"path":"audios\/files-6534f1eaeab6f.wav","mime":"audio\/x-wav","copyright":{"license":"U"}}]},"subContentId":"14474b69-c8ee-4e92-af7e-0b8d1445fc60","metadata":{"contentType":"Curious Reader Audio","license":"U","title":"Untitled Curious Reader Audio"}},"backgroundOpacity":0,"willDoAnimation":false,"animationType":"glow","displayAsButton":false,"buttonSize":"big","goToSlideType":"specified","invisible":false},{"x":45.751633986928105,"y":30.06709677419355,"width":14.596949891067538,"height":33.11827956989247,"action":{"library":"H5P.Image 1.1","params":{"contentName":"Image"},"subContentId":"8aad1b64-3f29-4cac-b6ce-dbaeb105f895","metadata":{"contentType":"Image","license":"U","title":"Untitled Image"}},"backgroundOpacity":0,"willDoAnimation":true,"animationType":"glow","displayAsButton":false,"buttonSize":"big","goToSlideType":"specified","invisible":false,"id":"img14474b69-c8ee-4e92-af7e-0b8d1445fc60_1"},{"x":45.751633986928105,"y":27.923440860215052,"width":15.686274509803923,"height":35.26881720430107,"action":{"library":"H5P.Image 1.1","params":{"contentName":"Image"},"subContentId":"8deb55a1-1586-496b-be1f-f35c1dcacef1","metadata":{"contentType":"Image","license":"U","title":"Untitled Image"}},"backgroundOpacity":0,"willDoAnimation":true,"animationType":"glow","displayAsButton":false,"buttonSize":"big","goToSlideType":"specified","invisible":false,"id":"img14474b69-c8ee-4e92-af7e-0b8d1445fc60_2"}],"slideBackgroundSelector":{}},{"elements":[{"x":5.446623093681917,"y":84.09612903225808,"width":84.20479302832244,"height":13.333333333333332,"action":{"library":"H5P.CRAdvancedText 1.1","params":{"text":"<p style=\"text-align: center;\"><span style=\"font-size:2.25em;\">\u0909\u0938\u0932\u0947 \u092a\u093e\u0901\u091a\u0935\u091f\u093e \u092b\u0942\u0932\u0939\u0930\u0941 \u092b\u0947\u0932\u093e \u092a\u093e\u0930\u094d\u091b\u0964<\/span><\/p>\n"},"subContentId":"ce8371ff-18d4-45a5-ad6c-2380894dc4f6","metadata":{"contentType":"Text","license":"U","title":"Untitled Text"}},"alwaysDisplayComments":false,"backgroundOpacity":0,"willDoAnimation":false,"animationType":"glow","displayAsButton":false,"buttonSize":"big","goToSlideType":"specified","invisible":false,"solution":""},{"x":25.23148148148148,"y":10.045662100456621,"width":49.27425315676,"height":73.149428789033,"action":{"library":"H5P.Image 1.1","params":{"contentName":"Image","file":{"path":"images\/file-61c0fb083e1bb.jpeg","mime":"image\/jpeg","copyright":{"license":"U"},"width":1472,"height":1024}},"subContentId":"5540205a-60e4-4773-a93d-1d4917ead4ab","metadata":{"contentType":"Image","license":"U","title":"Untitled Image"}},"backgroundOpacity":0,"willDoAnimation":false,"animationType":"glow","displayAsButton":false,"buttonSize":"big","goToSlideType":"specified","invisible":false},{"x":47.00435729847495,"y":43.97849462365591,"width":40,"height":40,"action":{"library":"H5P.CRAudio 1.4","params":{"fitToWrapper":true,"currIndex":7,"playerMode":"minimalistic","controls":true,"autoplay":true,"playAudio":"Play audio","pauseAudio":"Pause audio","contentName":"Audio","glowColor":"#ffd85a","timeStampForEachText":[{"text":" \u0909\u0938\u0932\u0947 ","startDuration":"0.2242","endDuration":"1.1037","wordfile":[{"path":"audios\/wordfile-6534f3182ae58.wav","mime":"audio\/x-wav","copyright":{"license":"U"}}]},{"text":" \u092a\u093e\u0901\u091a\u0935\u091f\u093e ","startDuration":"1.4920","endDuration":"2.6704","wordfile":[{"path":"audios\/wordfile-6534f335d32aa.wav","mime":"audio\/x-wav","copyright":{"license":"U"}}]},{"text":" \u092b\u0942\u0932\u0939\u0930\u0941 ","startDuration":"2.9432","endDuration":"3.9178","wordfile":[{"path":"audios\/wordfile-6534f36478d68.wav","mime":"audio\/x-wav","copyright":{"license":"U"}}]},{"text":" \u092b\u0947\u0932\u093e ","startDuration":"4.2110","endDuration":"4.6827","wordfile":[{"path":"audios\/wordfile-6534f37f1f55b.wav","mime":"audio\/x-wav","copyright":{"license":"U"}}]},{"text":" \u092a\u093e\u0930\u094d\u091b\u0964 ","startDuration":"4.6837","endDuration":"5.6583","wordfile":[{"path":"audios\/wordfile-6534f39c54ede.wav","mime":"audio\/x-wav","copyright":{"license":"U"}}]}],"files":[{"path":"audios\/files-6534f3003a095.wav","mime":"audio\/x-wav","copyright":{"license":"U"}}]},"subContentId":"62aacc7d-0ee0-4c76-92df-5793748f1bee","metadata":{"contentType":"Curious Reader Audio","license":"U","title":"Untitled Curious Reader Audio"}},"backgroundOpacity":0,"willDoAnimation":false,"animationType":"glow","displayAsButton":false,"buttonSize":"big","goToSlideType":"specified","invisible":false},{"x":29.411764705882355,"y":55.846881720430105,"width":16.775599128540307,"height":19.78494623655914,"action":{"library":"H5P.Image 1.1","params":{"contentName":"Image"},"subContentId":"3b72a2c6-0572-4f4b-a8a9-d7e687173d04","metadata":{"contentType":"Image","license":"U","title":"Untitled Image"}},"backgroundOpacity":0,"willDoAnimation":true,"animationType":"glow","displayAsButton":false,"buttonSize":"big","goToSlideType":"specified","invisible":false,"id":"img62aacc7d-0ee0-4c76-92df-5793748f1bee_1"},{"x":53.37690631808278,"y":57.99741935483871,"width":14.379084967320262,"height":18.279569892473116,"action":{"library":"H5P.Image 1.1","params":{"contentName":"Image"},"subContentId":"9a43a2c3-c77d-450f-adb7-5f1b953a6a13","metadata":{"contentType":"Image","license":"U","title":"Untitled Image"}},"backgroundOpacity":0,"willDoAnimation":true,"animationType":"glow","displayAsButton":false,"buttonSize":"big","goToSlideType":"specified","invisible":false,"id":"img62aacc7d-0ee0-4c76-92df-5793748f1bee_1"},{"x":29.411764705882355,"y":55.846881720430105,"width":16.55773420479303,"height":20.21505376344086,"action":{"library":"H5P.Image 1.1","params":{"contentName":"Image"},"subContentId":"7df01c51-2d35-442a-8faa-21e684a15735","metadata":{"contentType":"Image","license":"U","title":"Untitled Image"}},"backgroundOpacity":0,"willDoAnimation":true,"animationType":"glow","displayAsButton":false,"buttonSize":"big","goToSlideType":"specified","invisible":false,"id":"img62aacc7d-0ee0-4c76-92df-5793748f1bee_2"},{"x":52.28758169934641,"y":58.03096774193548,"width":15.9041394335512,"height":18.064516129032256,"action":{"library":"H5P.Image 1.1","params":{"contentName":"Image"},"subContentId":"91169d3b-fd94-418a-91a6-a9b680293c99","metadata":{"contentType":"Image","license":"U","title":"Untitled Image"}},"backgroundOpacity":0,"willDoAnimation":true,"animationType":"glow","displayAsButton":false,"buttonSize":"big","goToSlideType":"specified","invisible":false,"id":"img62aacc7d-0ee0-4c76-92df-5793748f1bee_2"}],"slideBackgroundSelector":{}},{"elements":[{"x":10.300925925925926,"y":83.33333333333333,"width":78.7037037037037,"height":15.981735159817353,"action":{"library":"H5P.CRAdvancedText 1.1","params":{"text":"<p style=\"text-align: center;\"><span style=\"font-size:2.25em;\">\u0909\u0938\u0932\u0947 \u091a\u093e\u0930 \u091c\u094b\u0921\u0940 \u092a\u094d\u092f\u093e\u0928\u094d\u091f \u092b\u0947\u0932\u093e \u092a\u093e\u0930\u094d\u091b\u0964<\/span><\/p>\n"},"subContentId":"62da435c-587d-4e24-8531-6e6d9ca1bf03","metadata":{"contentType":"Text","license":"U","title":"Untitled Text"}},"alwaysDisplayComments":false,"backgroundOpacity":0,"willDoAnimation":false,"animationType":"glow","displayAsButton":false,"buttonSize":"big","goToSlideType":"specified","invisible":false,"solution":""},{"x":18.489583333333336,"y":6.837899543378994,"width":61.80555555555555,"height":75.34246575342466,"action":{"library":"H5P.Image 1.1","params":{"contentName":"Image","file":{"path":"images\/file-61c0fbe47eb09.jpeg","mime":"image\/jpeg","copyright":{"license":"U"},"width":1472,"height":1024}},"subContentId":"9f8fef1e-cbf5-4098-9dbe-27a7399d7326","metadata":{"contentType":"Image","license":"U","title":"Untitled Image"}},"backgroundOpacity":0,"willDoAnimation":false,"animationType":"glow","displayAsButton":false,"buttonSize":"big","goToSlideType":"specified","invisible":false},{"x":47.00435729847495,"y":43.97849462365591,"width":40,"height":40,"action":{"library":"H5P.CRAudio 1.4","params":{"fitToWrapper":true,"currIndex":8,"playerMode":"minimalistic","controls":true,"autoplay":true,"playAudio":"Play audio","pauseAudio":"Pause audio","contentName":"Audio","glowColor":"#ffd85a","timeStampForEachText":[{"text":" \u0909\u0938\u0932\u0947 ","startDuration":"0.2453","endDuration":"1.1680","wordfile":[{"path":"audios\/wordfile-6534f3e4c3d24.wav","mime":"audio\/x-wav","copyright":{"license":"U"}}]},{"text":" \u091a\u093e\u0930 ","startDuration":"1.5668","endDuration":"2.0652","wordfile":[{"path":"audios\/wordfile-6534f3fbac025.wav","mime":"audio\/x-wav","copyright":{"license":"U"}}]},{"text":" \u091c\u094b\u0921\u0940 ","startDuration":"2.0662","endDuration":"2.6972","wordfile":[{"path":"audios\/wordfile-6534f413b8695.wav","mime":"audio\/x-wav","copyright":{"license":"U"}}]},{"text":" \u092a\u094d\u092f\u093e\u0928\u094d\u091f ","startDuration":"3.1292","endDuration":"3.7734","wordfile":[{"path":"audios\/wordfile-6534f4457842e.wav","mime":"audio\/x-wav","copyright":{"license":"U"}}]},{"text":" \u092b\u0947\u0932\u093e ","startDuration":"3.7744","endDuration":"4.4584","wordfile":[{"path":"audios\/wordfile-6534f45c05ea9.wav","mime":"audio\/x-wav","copyright":{"license":"U"}}]},{"text":" \u092a\u093e\u0930\u094d\u091b\u0964 ","startDuration":"4.4594","endDuration":"5.5014","wordfile":[{"path":"audios\/wordfile-6534f474cf893.wav","mime":"audio\/x-wav","copyright":{"license":"U"}}]}],"files":[{"path":"audios\/files-6534f3b16e046.wav","mime":"audio\/x-wav","copyright":{"license":"U"}}]},"subContentId":"7c9b0eb0-7179-4da7-b112-cb588efaafd3","metadata":{"contentType":"Curious Reader Audio","license":"U","title":"Untitled Curious Reader Audio"}},"backgroundOpacity":0,"willDoAnimation":false,"animationType":"glow","displayAsButton":false,"buttonSize":"big","goToSlideType":"specified","invisible":false},{"x":53.37690631808279,"y":12.903225806451612,"width":19.934640522875817,"height":40,"action":{"library":"H5P.Image 1.1","params":{"contentName":"Image"},"subContentId":"9133a34d-16bf-4f38-8d18-944acb2f3dc7","metadata":{"contentType":"Image","license":"U","title":"Untitled Image"}},"backgroundOpacity":0,"willDoAnimation":true,"animationType":"glow","displayAsButton":false,"buttonSize":"big","goToSlideType":"specified","invisible":false,"id":"img7c9b0eb0-7179-4da7-b112-cb588efaafd3_1"},{"x":53.37690631808278,"y":10.739247311827956,"width":20.915032679738562,"height":43.87096774193548,"action":{"library":"H5P.Image 1.1","params":{"contentName":"Image"},"subContentId":"26fb884e-5fee-4a2c-a845-50da26bfb574","metadata":{"contentType":"Image","license":"U","title":"Untitled Image"}},"backgroundOpacity":0,"willDoAnimation":true,"animationType":"glow","displayAsButton":false,"buttonSize":"big","goToSlideType":"specified","invisible":false,"id":"img7c9b0eb0-7179-4da7-b112-cb588efaafd3_3"}],"slideBackgroundSelector":{}},{"elements":[{"x":2.314814814814815,"y":83.56164383561644,"width":96.52777777777777,"height":15.753424657534246,"action":{"library":"H5P.CRAdvancedText 1.1","params":{"text":"<p style=\"text-align: center;\"><span style=\"font-size:2.25em;\">\u0909\u0938\u0932\u0947 \u0924\u0940\u0928\u0935\u091f\u093e \u0935\u093e\u0926\u094d\u092f \u092f\u0928\u094d\u0924\u094d\u0930 \u092b\u0947\u0932\u093e \u092a\u093e\u0930\u094d\u091b\u0964<\/span><\/p>\n"},"subContentId":"3a08f030-0a2a-49f9-88e9-de7086ff4fcf","metadata":{"contentType":"Text","license":"U","title":"Untitled Text"}},"alwaysDisplayComments":false,"backgroundOpacity":0,"willDoAnimation":false,"animationType":"glow","displayAsButton":false,"buttonSize":"big","goToSlideType":"specified","invisible":false,"solution":""},{"x":25.05446623093682,"y":6.451612903225806,"width":51.455189405605,"height":76.191926884996,"action":{"library":"H5P.Image 1.1","params":{"contentName":"Image","file":{"path":"images\/file-61c0fc644df28.jpeg","mime":"image\/jpeg","copyright":{"license":"U"},"width":1472,"height":1024}},"subContentId":"f455b643-1205-4afd-aad1-ca7b047aa884","metadata":{"contentType":"Image","license":"U","title":"Untitled Image"}},"backgroundOpacity":0,"willDoAnimation":false,"animationType":"glow","displayAsButton":false,"buttonSize":"big","goToSlideType":"specified","invisible":false},{"x":47.00435729847495,"y":43.97849462365591,"width":40,"height":40,"action":{"library":"H5P.CRAudio 1.4","params":{"fitToWrapper":true,"currIndex":9,"playerMode":"minimalistic","controls":true,"autoplay":true,"playAudio":"Play audio","pauseAudio":"Pause audio","contentName":"Audio","glowColor":"#ffd85a","timeStampForEachText":[{"text":" \u0909\u0938\u0932\u0947 ","startDuration":"0.2002","endDuration":"1.1931","wordfile":[{"path":"audios\/wordfile-6534f49c014f7.wav","mime":"audio\/x-wav","copyright":{"license":"U"}}]},{"text":" \u0924\u0940\u0928\u0935\u091f\u093e ","startDuration":"1.1941","endDuration":"2.7876","wordfile":[{"path":"audios\/wordfile-6534f4b93a576.wav","mime":"audio\/x-wav","copyright":{"license":"U"}}]},{"text":" \u0935\u093e\u0926\u094d\u092f ","startDuration":"2.7886","endDuration":"3.8278","wordfile":[{"path":"audios\/wordfile-6534f4ec91ad9.wav","mime":"audio\/x-wav","copyright":{"license":"U"}}]},{"text":" \u092f\u0928\u094d\u0924\u094d\u0930 ","startDuration":"3.8288","endDuration":"4.6755","wordfile":[{"path":"audios\/wordfile-6534f526b9bc9.wav","mime":"audio\/x-wav","copyright":{"license":"U"}}]},{"text":" \u092b\u0947\u0932\u093e ","startDuration":"5.1307","endDuration":"5.6233","wordfile":[{"path":"audios\/wordfile-6534f558d80e3.wav","mime":"audio\/x-wav","copyright":{"license":"U"}}]},{"text":" \u092a\u093e\u0930\u094d\u091b\u0964 ","startDuration":"5.6243","endDuration":"6.5557","wordfile":[{"path":"audios\/wordfile-6534f56ecf24b.wav","mime":"audio\/x-wav","copyright":{"license":"U"}}]}],"files":[{"path":"audios\/files-6534f482e041f.wav","mime":"audio\/x-wav","copyright":{"license":"U"}}]},"subContentId":"2ac3b2d5-6d4e-4bbc-98ac-1e1058a11d2f","metadata":{"contentType":"Curious Reader Audio","license":"U","title":"Untitled Curious Reader Audio"}},"backgroundOpacity":0,"willDoAnimation":false,"animationType":"glow","displayAsButton":false,"buttonSize":"big","goToSlideType":"specified","invisible":false},{"x":26.143790849673206,"y":23.588817204301076,"width":15.686274509803923,"height":52.47311827956989,"action":{"library":"H5P.Image 1.1","params":{"contentName":"Image"},"subContentId":"7ab62b68-12e1-4c8f-a620-e8e8d0f8f871","metadata":{"contentType":"Image","license":"U","title":"Untitled Image"}},"backgroundOpacity":0,"willDoAnimation":true,"animationType":"glow","displayAsButton":false,"buttonSize":"big","goToSlideType":"specified","invisible":false,"id":"img2ac3b2d5-6d4e-4bbc-98ac-1e1058a11d2f_1"},{"x":45.751633986928105,"y":45.08064516129032,"width":10.56644880174292,"height":33.11827956989247,"action":{"library":"H5P.Image 1.1","params":{"contentName":"Image"},"subContentId":"4e3c8d92-af43-48fd-aa40-03c16e09d942","metadata":{"contentType":"Image","license":"U","title":"Untitled Image"}},"backgroundOpacity":0,"willDoAnimation":true,"animationType":"glow","displayAsButton":false,"buttonSize":"big","goToSlideType":"specified","invisible":false,"id":"img2ac3b2d5-6d4e-4bbc-98ac-1e1058a11d2f_1"},{"x":59.912854030501094,"y":23.62236559139785,"width":11.764705882352942,"height":50.32258064516129,"action":{"library":"H5P.Image 1.1","params":{"contentName":"Image"},"subContentId":"0d410bb1-c7c0-4df9-b7bd-5c91962382ed","metadata":{"contentType":"Image","license":"U","title":"Untitled Image"}},"backgroundOpacity":0,"willDoAnimation":true,"animationType":"glow","displayAsButton":false,"buttonSize":"big","goToSlideType":"specified","invisible":false,"id":"img2ac3b2d5-6d4e-4bbc-98ac-1e1058a11d2f_1"},{"x":28.322440087145967,"y":23.605591397849462,"width":14.161220043572985,"height":50.32258064516129,"action":{"library":"H5P.Image 1.1","params":{"contentName":"Image"},"subContentId":"a52c0ef9-4632-40c0-97b9-08f052f73aab","metadata":{"contentType":"Image","license":"U","title":"Untitled Image"}},"backgroundOpacity":0,"willDoAnimation":true,"animationType":"glow","displayAsButton":false,"buttonSize":"big","goToSlideType":"specified","invisible":false,"id":"img2ac3b2d5-6d4e-4bbc-98ac-1e1058a11d2f_2"},{"x":46.84095860566449,"y":42.983870967741936,"width":9.041394335511983,"height":37.84946236559139,"action":{"library":"H5P.Image 1.1","params":{"contentName":"Image"},"subContentId":"784bbc83-4c51-4c9c-bb79-f9c9c85427a3","metadata":{"contentType":"Image","license":"U","title":"Untitled Image"}},"backgroundOpacity":0,"willDoAnimation":true,"animationType":"glow","displayAsButton":false,"buttonSize":"big","goToSlideType":"specified","invisible":false,"id":"img2ac3b2d5-6d4e-4bbc-98ac-1e1058a11d2f_2"},{"x":61.00217864923747,"y":21.46505376344086,"width":11.328976034858389,"height":52.47311827956989,"action":{"library":"H5P.Image 1.1","params":{"contentName":"Image"},"subContentId":"10979bfa-c53d-4454-a28a-9b2333a11cce","metadata":{"contentType":"Image","license":"U","title":"Untitled Image"}},"backgroundOpacity":0,"willDoAnimation":true,"animationType":"glow","displayAsButton":false,"buttonSize":"big","goToSlideType":"specified","invisible":false,"id":"img2ac3b2d5-6d4e-4bbc-98ac-1e1058a11d2f_2"},{"x":61.00217864923747,"y":21.46505376344086,"width":11.328976034858389,"height":54.62365591397849,"action":{"library":"H5P.Image 1.1","params":{"contentName":"Image"},"subContentId":"d2fd70d8-21f1-48ac-a487-9fdf7169ee93","metadata":{"contentType":"Image","license":"U","title":"Untitled Image"}},"backgroundOpacity":0,"willDoAnimation":true,"animationType":"glow","displayAsButton":false,"buttonSize":"big","goToSlideType":"specified","invisible":false,"id":"img2ac3b2d5-6d4e-4bbc-98ac-1e1058a11d2f_3"},{"x":45.751633986928105,"y":42.983870967741936,"width":9.15032679738562,"height":35.69892473118279,"action":{"library":"H5P.Image 1.1","params":{"contentName":"Image"},"subContentId":"2d1b058a-2f21-410e-a556-1c01c8f916a3","metadata":{"contentType":"Image","license":"U","title":"Untitled Image"}},"backgroundOpacity":0,"willDoAnimation":true,"animationType":"glow","displayAsButton":false,"buttonSize":"big","goToSlideType":"specified","invisible":false,"id":"img2ac3b2d5-6d4e-4bbc-98ac-1e1058a11d2f_3"},{"x":28.322440087145967,"y":23.62236559139785,"width":11.982570806100219,"height":46.236559139784944,"action":{"library":"H5P.Image 1.1","params":{"contentName":"Image"},"subContentId":"bd2cd70f-5d5a-47d2-b012-acaec8ebfdba","metadata":{"contentType":"Image","license":"U","title":"Untitled Image"}},"backgroundOpacity":0,"willDoAnimation":true,"animationType":"glow","displayAsButton":false,"buttonSize":"big","goToSlideType":"specified","invisible":false,"id":"img2ac3b2d5-6d4e-4bbc-98ac-1e1058a11d2f_3"}],"slideBackgroundSelector":{}},{"elements":[{"x":19.328703703703702,"y":83.78995433789954,"width":62.49999999999999,"height":14.155251141552512,"action":{"library":"H5P.CRAdvancedText 1.1","params":{"text":"<p style=\"text-align: center;\"><span style=\"font-size:2.25em;\">\u0909\u0938\u0932\u0947 \u0926\u0941\u0908 \u0939\u093e\u0924\u0939\u0930\u0941 \u092b\u0947\u0932\u093e \u092a\u093e\u0930\u094d\u091b\u0964<\/span><\/p>\n"},"subContentId":"afea620e-f0f5-426e-a583-86d004b0afe4","metadata":{"contentType":"Text","license":"U","title":"Untitled Text"}},"alwaysDisplayComments":false,"backgroundOpacity":0,"willDoAnimation":false,"animationType":"glow","displayAsButton":false,"buttonSize":"big","goToSlideType":"specified","invisible":false,"solution":""},{"x":21.527777777777775,"y":8.67579908675799,"width":55.416538343086,"height":73.911043412034,"action":{"library":"H5P.Image 1.1","params":{"contentName":"Image","file":{"path":"images\/file-61c0fdae0857e.jpeg","mime":"image\/jpeg","copyright":{"license":"U"},"width":1472,"height":1024}},"subContentId":"a588fa0a-5484-4950-944a-d472b7aedc92","metadata":{"contentType":"Image","license":"U","title":"Untitled Image"}},"backgroundOpacity":0,"willDoAnimation":false,"animationType":"glow","displayAsButton":false,"buttonSize":"big","goToSlideType":"specified","invisible":false},{"x":47.00435729847495,"y":43.97849462365591,"width":40,"height":40,"action":{"library":"H5P.CRAudio 1.4","params":{"fitToWrapper":true,"currIndex":10,"playerMode":"minimalistic","controls":true,"autoplay":true,"playAudio":"Play audio","pauseAudio":"Pause audio","contentName":"Audio","glowColor":"#ffd85a","timeStampForEachText":[{"text":" \u0909\u0938\u0932\u0947 ","startDuration":"0.2436","endDuration":"1.2514","wordfile":[{"path":"audios\/wordfile-6534f59143feb.wav","mime":"audio\/x-wav","copyright":{"license":"U"}}]},{"text":" \u0926\u0941\u0908 ","startDuration":"1.6242","endDuration":"2.2602","wordfile":[{"path":"audios\/wordfile-6534f5b0b8fc5.wav","mime":"audio\/x-wav","copyright":{"license":"U"}}]},{"text":" \u0939\u093e\u0924\u0939\u0930\u0941 ","startDuration":"2.6074","endDuration":"3.6024","wordfile":[{"path":"audios\/wordfile-6534f5ca1853c.wav","mime":"audio\/x-wav","copyright":{"license":"U"}}]},{"text":" \u092b\u0947\u0932\u093e ","startDuration":"3.9496","endDuration":"4.4381","wordfile":[{"path":"audios\/wordfile-6534f5e6bc40f.wav","mime":"audio\/x-wav","copyright":{"license":"U"}}]},{"text":" \u092a\u093e\u0930\u094d\u091b\u0964 ","startDuration":"4.4391","endDuration":"5.3507","wordfile":[{"path":"audios\/wordfile-6534f5fb05693.wav","mime":"audio\/x-wav","copyright":{"license":"U"}}]}],"files":[{"path":"audios\/files-6534f57d95932.wav","mime":"audio\/x-wav","copyright":{"license":"U"}}]},"subContentId":"e0dd4a53-7b04-45b9-934a-d8cddbc9cbd6","metadata":{"contentType":"Curious Reader Audio","license":"U","title":"Untitled Curious Reader Audio"}},"backgroundOpacity":0,"willDoAnimation":false,"animationType":"glow","displayAsButton":false,"buttonSize":"big","goToSlideType":"specified","invisible":false},{"x":49.01960784313725,"y":40.81311827956989,"width":11.328976034858389,"height":20.21505376344086,"action":{"library":"H5P.Image 1.1","params":{"contentName":"Image"},"subContentId":"e803a99f-6076-46fe-878f-af708ff006bf","metadata":{"contentType":"Image","license":"U","title":"Untitled Image"}},"backgroundOpacity":0,"willDoAnimation":true,"animationType":"glow","displayAsButton":false,"buttonSize":"big","goToSlideType":"specified","invisible":false,"id":"imge0dd4a53-7b04-45b9-934a-d8cddbc9cbd6_1"},{"x":49.01960784313725,"y":40.76602150537635,"width":11.328976034858389,"height":20.21505376344086,"action":{"library":"H5P.Image 1.1","params":{"contentName":"Image"},"subContentId":"1a11116b-cb28-4df5-a315-4d9820e0cc93","metadata":{"contentType":"Image","license":"U","title":"Untitled Image"}},"backgroundOpacity":0,"willDoAnimation":true,"animationType":"glow","displayAsButton":false,"buttonSize":"big","goToSlideType":"specified","invisible":false,"id":"imge0dd4a53-7b04-45b9-934a-d8cddbc9cbd6_2"}],"slideBackgroundSelector":{}},{"elements":[{"x":20.697167755991288,"y":83.87096774193547,"width":58.56481481481481,"height":15.068493150684931,"action":{"library":"H5P.CRAdvancedText 1.1","params":{"text":"<p dir=\"ltr\" style=\"text-align: center;\"><span style=\"font-size:2.25em;\">\u0921\u094b\u0921\u094b\u0932\u0947 \u090f\u0909\u091f\u0940 \u0906\u092e\u093e \u092d\u0947\u091f\u094d\u091f\u093e\u0909\u0901\u091b\u0928\u094d\u0964<\/span><\/p>\n"},"subContentId":"597f631b-5fb5-4273-a396-1426b58a2038","metadata":{"contentType":"Text","license":"U","title":"Untitled Text"}},"alwaysDisplayComments":false,"backgroundOpacity":0,"willDoAnimation":false,"animationType":"glow","displayAsButton":false,"buttonSize":"big","goToSlideType":"specified","invisible":false,"solution":""},{"x":20.833333333333332,"y":8.219178082191782,"width":58.509701262704,"height":75.305021520803,"action":{"library":"H5P.Image 1.1","params":{"contentName":"Image","file":{"path":"images\/file-61c0fea69e424.jpeg","mime":"image\/jpeg","copyright":{"license":"U"},"width":1472,"height":1024}},"subContentId":"c58547ba-08f7-4250-9cd8-0a37cda5ed85","metadata":{"contentType":"Image","license":"U","title":"Untitled Image"}},"backgroundOpacity":0,"willDoAnimation":false,"animationType":"glow","displayAsButton":false,"buttonSize":"big","goToSlideType":"specified","invisible":false},{"x":47.00435729847495,"y":43.97849462365591,"width":40,"height":40,"action":{"library":"H5P.CRAudio 1.4","params":{"fitToWrapper":true,"currIndex":11,"playerMode":"minimalistic","controls":true,"autoplay":true,"playAudio":"Play audio","pauseAudio":"Pause audio","contentName":"Audio","glowColor":"#ffd85a","timeStampForEachText":[{"text":" \u0921\u094b\u0921\u094b\u0932\u0947 ","startDuration":"0.0000","endDuration":"1.3415","wordfile":[{"path":"audios\/wordfile-6534f6319dcda.wav","mime":"audio\/x-wav","copyright":{"license":"U"}}]},{"text":" \u090f\u0909\u091f\u0940 ","startDuration":"1.8580","endDuration":"2.4446","wordfile":[{"path":"audios\/wordfile-6534f649dc5d8.wav","mime":"audio\/x-wav","copyright":{"license":"U"}}]},{"text":" \u0906\u092e\u093e ","startDuration":"2.4456","endDuration":"3.3084","wordfile":[{"path":"audios\/wordfile-6534f68c2c090.wav","mime":"audio\/x-wav","copyright":{"license":"U"}}]},{"text":" \u092d\u0947\u091f\u094d\u091f\u093e\u0909\u0901\u091b\u0928\u094d\u0964 ","startDuration":"3.3094","endDuration":"4.8289","wordfile":[{"path":"audios\/wordfile-6534f6a8e17dd.wav","mime":"audio\/x-wav","copyright":{"license":"U"}}]}],"files":[{"path":"audios\/files-6534f60b6bd26.wav","mime":"audio\/x-wav","copyright":{"license":"U"}}]},"subContentId":"6845994c-01d7-4ac8-8fff-cfb01683840b","metadata":{"contentType":"Curious Reader Audio","license":"U","title":"Untitled Curious Reader Audio"}},"backgroundOpacity":0,"willDoAnimation":false,"animationType":"glow","displayAsButton":false,"buttonSize":"big","goToSlideType":"specified","invisible":false},{"x":49.01960784313726,"y":32.25806451612903,"width":6.971677559912854,"height":13.978494623655912,"action":{"library":"H5P.Image 1.1","params":{"contentName":"Image"},"subContentId":"af42bc97-e3ad-44e2-8526-ffcbfd5031b3","metadata":{"contentType":"Image","license":"U","title":"Untitled Image"}},"backgroundOpacity":0,"willDoAnimation":true,"animationType":"glow","displayAsButton":false,"buttonSize":"big","goToSlideType":"specified","invisible":false,"id":"img6845994c-01d7-4ac8-8fff-cfb01683840b_0"},{"x":52.28758169934641,"y":23.62236559139785,"width":12.091503267973856,"height":18.064516129032256,"action":{"library":"H5P.Image 1.1","params":{"contentName":"Image"},"subContentId":"07d9824e-a146-4475-8bf1-57b6fd807a55","metadata":{"contentType":"Image","license":"U","title":"Untitled Image"}},"backgroundOpacity":0,"willDoAnimation":true,"animationType":"glow","displayAsButton":false,"buttonSize":"big","goToSlideType":"specified","invisible":false,"id":"img6845994c-01d7-4ac8-8fff-cfb01683840b_2"}],"slideBackgroundSelector":{}},{"elements":[{"x":2.5510204081632653,"y":10.067707808564231,"width":22.95918367346939,"height":16.624685138539043,"action":{"library":"H5P.Image 1.1","params":{"contentName":"Image","file":{"path":"images\/file-61fb296cf2c04.png","mime":"image\/png","copyright":{"license":"U"},"width":1350,"height":487}},"metadata":{"contentType":"Image","license":"U","title":"Untitled Image"},"subContentId":"98ff3710-84cb-4662-b07a-73073cd11eb9"},"backgroundOpacity":0,"willDoAnimation":false,"animationType":"glow","displayAsButton":false,"buttonSize":"big","goToSlideType":"specified","invisible":false},{"x":34.43877551020408,"y":10.075566750629722,"width":29.050925925925924,"height":15.296803652968038,"action":{"library":"H5P.Image 1.1","params":{"contentName":"Image","file":{"path":"images\/file-61fb29a5596cb.png","mime":"image\/png","copyright":{"license":"U"},"width":814,"height":202}},"metadata":{"contentType":"Image","license":"U","title":"Untitled Image"},"subContentId":"387747f0-999b-4c56-a89b-623bd35caa27"},"backgroundOpacity":0,"willDoAnimation":false,"animationType":"glow","displayAsButton":false,"buttonSize":"big","goToSlideType":"specified","invisible":false},{"x":67.60204081632654,"y":12.594458438287154,"width":31.365740740740737,"height":12.557077625570777,"action":{"library":"H5P.Image 1.1","params":{"contentName":"Image","file":{"path":"images\/file-61fb28cb969ac.jpg","mime":"image\/jpeg","copyright":{"license":"U"},"width":1732,"height":354}},"metadata":{"contentType":"Image","license":"U","title":"Untitled Image"},"subContentId":"73af006f-62e3-4869-8f50-c2cce12f2919"},"backgroundOpacity":0,"willDoAnimation":false,"animationType":"glow","displayAsButton":false,"buttonSize":"big","goToSlideType":"specified","invisible":false},{"x":6.5359477124183005,"y":34.40860215053763,"width":86.86224489795919,"height":61.71284634760705,"action":{"library":"H5P.CRAdvancedText 1.1","params":{"text":"<h3 style=\"text-align: center;\"><span style=\"font-size:1em;\"><strong>\"<\/strong><\/span>\u0932\u0941\u0915\u093e\u092e\u093e\u0930\u0940<span style=\"font-size:1em;\"><strong>\" credits<\/strong><\/span><\/h3>\n\n<hr>\n<h3 style=\"text-align: center;\"><span style=\"font-size:1em;\">This work, \"<\/span>\u0932\u0941\u0915\u093e\u092e\u093e\u0930\u0940<span style=\"font-size:1em;\">\", is a derivative of \"<strong>Hide and Seek<\/strong>\" written by All Children Reading Cambodia. \u00a9 The Asia Foundation 2019, and used under CC BY. \"<\/span>\u0932\u0941\u0915\u093e\u092e\u093e\u0930\u0940<span style=\"font-size:1em;\">\" is licensed under CC BY 4.0 by Curious Learning.<\/span><\/h3>\n\n<hr>\n<h3 style=\"text-align: center;\"><span style=\"font-size:1em;\">Book builder - Abraham Jerry Kakooza<\/span><\/h3>\n\n<p style=\"text-align: center;\">&nbsp;<\/p>\n"},"metadata":{"contentType":"Text","license":"U","title":"Untitled Text"},"subContentId":"33da2529-d2f5-4184-9f05-626a2800f9d7"},"alwaysDisplayComments":false,"backgroundOpacity":0,"willDoAnimation":false,"animationType":"glow","displayAsButton":false,"buttonSize":"big","goToSlideType":"specified","invisible":false,"solution":""}],"slideBackgroundSelector":{}}],"keywordListEnabled":true,"globalBackgroundSelector":{},"keywordListAlwaysShow":false,"keywordListAutoHide":false,"keywordListOpacity":90},"override":{"activeSurface":false,"hideSummarySlide":false,"summarySlideSolutionButton":true,"summarySlideRetryButton":true,"enablePrintButton":false,"social":{"showFacebookShare":false,"facebookShare":{"url":"@currentpageurl","quote":"I scored @score out of @maxScore on a task at @currentpageurl."},"showTwitterShare":false,"twitterShare":{"statement":"I scored @score out of @maxScore on a task at @currentpageurl.","url":"@currentpageurl","hashtags":"h5p, course"},"showGoogleShare":false,"googleShareUrl":"@currentpageurl"}},"l10n":{"slide":"Slide","score":"Score","yourScore":"Your Score","maxScore":"Max Score","total":"Total","totalScore":"Total Score","showSolutions":"Show solutions","retry":"Retry","exportAnswers":"Export text","hideKeywords":"Hide sidebar navigation menu","showKeywords":"Show sidebar navigation menu","fullscreen":"Fullscreen","exitFullscreen":"Exit fullscreen","prevSlide":"Previous slide","nextSlide":"Next slide","currentSlide":"Current slide","lastSlide":"Last slide","solutionModeTitle":"Exit solution mode","solutionModeText":"Solution Mode","summaryMultipleTaskText":"Multiple tasks","scoreMessage":"You achieved:","shareFacebook":"Share on Facebook","shareTwitter":"Share on Twitter","shareGoogle":"Share on Google+","summary":"Summary","solutionsButtonTitle":"Show comments","printTitle":"Print","printIngress":"How would you like to print this presentation?","printAllSlides":"Print all slides","printCurrentSlide":"Print current slide","noTitle":"No title","accessibilitySlideNavigationExplanation":"Use left and right arrow to change slide in that direction whenever canvas is selected.","accessibilityCanvasLabel":"Presentation canvas. Use left and right arrow to move between slides.","containsNotCompleted":"@slideName contains not completed interaction","containsCompleted":"@slideName contains completed interaction","slideCount":"Slide @index of @total","containsOnlyCorrect":"@slideName only has correct answers","containsIncorrectAnswers":"@slideName has incorrect answers","shareResult":"Share Result","accessibilityTotalScore":"You got @score of @maxScore points in total","accessibilityEnteredFullscreen":"Entered fullscreen","accessibilityExitedFullscreen":"Exited fullscreen"}}