{"presentation":{"slides":[{"elements":[{"x":16.338997821350763,"y":0,"width":70.1525054466231,"height":79.56989247311827,"action":{"library":"H5P.Image 1.1","params":{"contentName":"Image","file":{"path":"images\/file-65789116ed4b7.jpg","mime":"image\/jpeg","copyright":{"license":"U"},"width":1024,"height":490}},"subContentId":"4ee28616-8931-4205-be08-3db96ae318ac","metadata":{"contentType":"Image","license":"U","title":"Untitled Image"}},"backgroundOpacity":0,"willDoAnimation":false,"animationType":"glow","displayAsButton":false,"buttonSize":"big","goToSlideType":"specified","invisible":false},{"x":11.479591836734695,"y":83.1234256926952,"width":75.25510204081633,"height":14.86146095717884,"action":{"library":"H5P.CRAdvancedText 1.1","params":{"text":"<h2 dir=\"ltr\" style=\"text-align: center;\"><span style=\"font-size:1.75em;\">&nbsp;\u092e\u0932\u093e\u0908 \u0915\u0938\u0932\u0947 \u092e\u0926\u094d\u0926\u0924 \u0917\u0930\u094d\u0928 \u0938\u0915\u094d\u091b?<\/span><\/h2>\n"},"subContentId":"30f4974f-66cd-47ee-855f-91af13c9e543","metadata":{"contentType":"Text","license":"U","title":"Untitled Text"}},"alwaysDisplayComments":false,"backgroundOpacity":0,"willDoAnimation":false,"animationType":"glow","displayAsButton":false,"buttonSize":"big","goToSlideType":"specified","invisible":false,"solution":""}],"slideBackgroundSelector":{}},{"elements":[{"x":6.377551020408164,"y":2.5188916876574305,"width":40.05102040816327,"height":92.4433249370277,"action":{"library":"H5P.Image 1.1","params":{"contentName":"Image","file":{"path":"images\/file-657891ce69d36.jpg","mime":"image\/jpeg","copyright":{"license":"U"},"width":1024,"height":1104}},"subContentId":"a8bbbdc6-fd56-4c0a-be57-a277b023598e","metadata":{"contentType":"Image","license":"U","title":"Untitled Image"}},"backgroundOpacity":0,"willDoAnimation":false,"animationType":"glow","displayAsButton":false,"buttonSize":"big","goToSlideType":"specified","invisible":false},{"x":42.09183673469388,"y":37.72443324937028,"width":53.57142857142857,"height":40.050377833753146,"action":{"library":"H5P.CRAdvancedText 1.1","params":{"text":"<p dir=\"ltr\" style=\"text-align: center;\"><span style=\"color:#ffffff;\"><span style=\"font-size:2.25em;\">\u092e \u090f\u0909\u091f\u093e \u0915\u093f\u0924\u093e\u092c \u092a\u0922\u094d\u0928 \u091a\u093e\u0939\u0928\u094d\u091b\u0941\u0964<\/span><\/span><\/p>\n"},"subContentId":"c8b60310-4941-42a1-8058-950e9d33749c","metadata":{"contentType":"Text","license":"U","title":"Untitled Text"}},"alwaysDisplayComments":false,"backgroundOpacity":0,"willDoAnimation":false,"animationType":"glow","displayAsButton":false,"buttonSize":"big","goToSlideType":"specified","invisible":false,"solution":""},{"x":47.00255102040816,"y":43.95465994962216,"width":40,"height":40,"action":{"library":"H5P.CRAudio 1.4","params":{"fitToWrapper":true,"currIndex":1,"playerMode":"minimalistic","controls":true,"autoplay":true,"playAudio":"Play audio","pauseAudio":"Pause audio","contentName":"Audio","glowColor":"#ffd85a","timeStampForEachText":[{"text":" \u092e ","startDuration":"0.0000","endDuration":"0.5883","wordfile":[{"path":"audios\/wordfile-65e4ceae56a3e.wav","mime":"audio\/x-wav","copyright":{"license":"U"}}]},{"text":" \u090f\u0909\u091f\u093e ","startDuration":"0.5893","endDuration":"1.2758","wordfile":[{"path":"audios\/wordfile-65e4cec678db5.wav","mime":"audio\/x-wav","copyright":{"license":"U"}}]},{"text":" \u0915\u093f\u0924\u093e\u092c ","startDuration":"1.2768","endDuration":"1.7670","wordfile":[{"path":"audios\/wordfile-65e4cedd57036.wav","mime":"audio\/x-wav","copyright":{"license":"U"}}]},{"text":" \u092a\u0922\u094d\u0928 ","startDuration":"1.7680","endDuration":"2.3265","wordfile":[{"path":"audios\/wordfile-65e4cef722649.wav","mime":"audio\/x-wav","copyright":{"license":"U"}}]},{"text":" \u091a\u093e\u0939\u0928\u094d\u091b\u0941\u0964 ","startDuration":"2.3275","endDuration":"3.1663","wordfile":[{"path":"audios\/wordfile-65e4cf0e8c25c.wav","mime":"audio\/x-wav","copyright":{"license":"U"}}]}],"files":[{"path":"audios\/files-65e4ce961895f.wav","mime":"audio\/x-wav","copyright":{"license":"U"}}]},"subContentId":"0bb78425-6637-4222-91ae-ce0b71f3afe8","metadata":{"contentType":"Curious Reader Audio","license":"U","title":"Untitled Curious Reader Audio"}},"backgroundOpacity":0,"willDoAnimation":false,"animationType":"glow","displayAsButton":false,"buttonSize":"big","goToSlideType":"specified","invisible":false},{"x":8.928571428571429,"y":2.5129874055415615,"width":20.025510204081634,"height":82.36775818639798,"action":{"library":"H5P.Image 1.1","params":{"contentName":"Image"},"subContentId":"595b7d83-a0ef-4304-b28d-0a7c25e0560f","metadata":{"contentType":"Image","license":"U","title":"Untitled Image"}},"backgroundOpacity":0,"willDoAnimation":true,"animationType":"glow","displayAsButton":false,"buttonSize":"big","goToSlideType":"specified","invisible":false,"id":"img0bb78425-6637-4222-91ae-ce0b71f3afe8_0"}],"slideBackgroundSelector":{}},{"elements":[{"x":6.377551020408164,"y":5.037783375314861,"width":44.642857142857146,"height":89.92443324937027,"action":{"library":"H5P.Image 1.1","params":{"contentName":"Image","file":{"path":"images\/file-65789225cad34.jpg","mime":"image\/jpeg","copyright":{"license":"U"},"width":1024,"height":735}},"subContentId":"f6250ed8-6f7a-4f43-b90c-24ca52d0e0e7","metadata":{"contentType":"Image","license":"U","title":"Untitled Image"}},"backgroundOpacity":0,"willDoAnimation":false,"animationType":"glow","displayAsButton":false,"buttonSize":"big","goToSlideType":"specified","invisible":false},{"x":48.46938775510204,"y":40.30226700251889,"width":46.42857142857143,"height":40.050377833753146,"action":{"library":"H5P.CRAdvancedText 1.1","params":{"text":"<p dir=\"ltr\" style=\"text-align: center;\"><span style=\"font-size:2.25em;\"><span style=\"color:#ffffff;\">\u092e\u0938\u0901\u0917 \u0915\u093f\u0924\u093e\u092c \u091b\u0948\u0928\u0964<\/span><\/span><\/p>\n"},"subContentId":"5c66f369-498f-4040-837a-8ce79ef694eb","metadata":{"contentType":"Text","license":"U","title":"Untitled Text"}},"alwaysDisplayComments":false,"backgroundOpacity":0,"willDoAnimation":false,"animationType":"glow","displayAsButton":false,"buttonSize":"big","goToSlideType":"specified","invisible":false,"solution":""},{"x":47.00255102040816,"y":43.95465994962216,"width":40,"height":40,"action":{"library":"H5P.CRAudio 1.4","params":{"fitToWrapper":true,"currIndex":2,"playerMode":"minimalistic","controls":true,"autoplay":true,"playAudio":"Play audio","pauseAudio":"Pause audio","contentName":"Audio","glowColor":"#ffd85a","timeStampForEachText":[{"text":" \u092e\u0938\u0901\u0917 ","startDuration":"0.0000","endDuration":"0.9789","wordfile":[{"path":"audios\/wordfile-65e4cfa4d3bb9.wav","mime":"audio\/x-wav","copyright":{"license":"U"}}]},{"text":" \u0915\u093f\u0924\u093e\u092c ","startDuration":"0.9799","endDuration":"1.4444","wordfile":[{"path":"audios\/wordfile-65e4cfbb75729.wav","mime":"audio\/x-wav","copyright":{"license":"U"}}]},{"text":" \u091b\u0948\u0928\u0964 ","startDuration":"1.4454","endDuration":"2.1810","wordfile":[{"path":"audios\/wordfile-65e4cfd0e3381.wav","mime":"audio\/x-wav","copyright":{"license":"U"}}]}],"files":[{"path":"audios\/files-65e4cf882f474.wav","mime":"audio\/x-wav","copyright":{"license":"U"}}]},"subContentId":"50be0032-cc2d-4d2c-87cb-a0abdc180bf1","metadata":{"contentType":"Curious Reader Audio","license":"U","title":"Untitled Curious Reader Audio"}},"backgroundOpacity":0,"willDoAnimation":false,"animationType":"glow","displayAsButton":false,"buttonSize":"big","goToSlideType":"specified","invisible":false}],"slideBackgroundSelector":{}},{"elements":[{"x":6.377551020408164,"y":5.037783375314861,"width":40.05102040816327,"height":92.4433249370277,"action":{"library":"H5P.Image 1.1","params":{"contentName":"Image","file":{"path":"images\/file-657892de5ad39.jpg","mime":"image\/jpeg","copyright":{"license":"U"},"width":1024,"height":1104}},"subContentId":"6902dea4-056c-49af-87e4-dfc9b37a09cc","metadata":{"contentType":"Image","license":"U","title":"Untitled Image"}},"backgroundOpacity":0,"willDoAnimation":false,"animationType":"glow","displayAsButton":false,"buttonSize":"big","goToSlideType":"specified","invisible":false},{"x":45.91836734693878,"y":47.858942065491185,"width":48.97959183673469,"height":37.78337531486146,"action":{"library":"H5P.CRAdvancedText 1.1","params":{"text":"<p dir=\"ltr\" style=\"text-align: center;\"><span style=\"color:#ffffff;\"><span style=\"font-size:1.75em;\">\u092e \u091a\u093f\u0924\u094d\u0930 \u0915\u094b\u0930\u094d\u091b\u0941 \u0930 \u092c\u0941\u092c\u093e\u0932\u0947 \u091a\u093f\u0924\u094d\u0930\u092e\u093e \u0930\u0902\u0917 \u0932\u0917\u093e\u0909\u0928 \u092e\u0926\u094d\u0926\u0924 \u0917\u0930\u094d\u0928\u0941\u0939\u0941\u0928\u094d\u091b\u0964<\/span><\/span><\/p>\n"},"subContentId":"110db345-7be9-49e9-b922-26cd7f6d4c23","metadata":{"contentType":"Text","license":"U","title":"Untitled Text"}},"alwaysDisplayComments":false,"backgroundOpacity":0,"willDoAnimation":false,"animationType":"glow","displayAsButton":false,"buttonSize":"big","goToSlideType":"specified","invisible":false,"solution":""},{"x":47.00255102040816,"y":43.95465994962216,"width":40,"height":40,"action":{"library":"H5P.CRAudio 1.4","params":{"fitToWrapper":true,"currIndex":3,"playerMode":"minimalistic","controls":true,"autoplay":true,"playAudio":"Play audio","pauseAudio":"Pause audio","contentName":"Audio","glowColor":"#ffd85a","timeStampForEachText":[{"text":" \u092e ","startDuration":"0.0000","endDuration":"0.5397","wordfile":[{"path":"audios\/wordfile-65e4d00d515d2.wav","mime":"audio\/x-wav","copyright":{"license":"U"}}]},{"text":" \u091a\u093f\u0924\u094d\u0930 ","startDuration":"0.5407","endDuration":"1.1803","wordfile":[{"path":"audios\/wordfile-65e4d02edbb91.wav","mime":"audio\/x-wav","copyright":{"license":"U"}}]},{"text":" \u0915\u094b\u0930\u094d\u091b\u0941 ","startDuration":"1.1813","endDuration":"1.8909","wordfile":[{"path":"audios\/wordfile-65e4d04612427.wav","mime":"audio\/x-wav","copyright":{"license":"U"}}]},{"text":" \u0930 ","startDuration":"1.8919","endDuration":"2.3817","wordfile":[{"path":"audios\/wordfile-65e4d060d8018.wav","mime":"audio\/x-wav","copyright":{"license":"U"}}]},{"text":" \u092c\u0941\u092c\u093e\u0932\u0947 ","startDuration":"2.3827","endDuration":"3.2222","wordfile":[{"path":"audios\/wordfile-65e4d07a90e18.wav","mime":"audio\/x-wav","copyright":{"license":"U"}}]},{"text":" \u091a\u093f\u0924\u094d\u0930\u092e\u093e ","startDuration":"3.2232","endDuration":"4.1626","wordfile":[{"path":"audios\/wordfile-65e4d0963fbe0.wav","mime":"audio\/x-wav","copyright":{"license":"U"}}]},{"text":" \u0930\u0902\u0917 ","startDuration":"4.1636","endDuration":"4.7433","wordfile":[{"path":"audios\/wordfile-65e4d0af7b645.wav","mime":"audio\/x-wav","copyright":{"license":"U"}}]},{"text":" \u0932\u0917\u093e\u0909\u0928 ","startDuration":"4.7443","endDuration":"5.7336","wordfile":[{"path":"audios\/wordfile-65e4d0caea3a3.wav","mime":"audio\/x-wav","copyright":{"license":"U"}}]},{"text":" \u092e\u0926\u094d\u0926\u0924 ","startDuration":"5.7346","endDuration":"6.2244","wordfile":[{"path":"audios\/wordfile-65e4d0e456f5c.wav","mime":"audio\/x-wav","copyright":{"license":"U"}}]},{"text":" \u0917\u0930\u094d\u0928\u0941\u0939\u0941\u0928\u094d\u091b\u0964 ","startDuration":"6.2254","endDuration":"7.4138","wordfile":[{"path":"audios\/wordfile-65e4d10259a99.wav","mime":"audio\/x-wav","copyright":{"license":"U"}}]}],"files":[{"path":"audios\/files-65e4cff509452.wav","mime":"audio\/x-wav","copyright":{"license":"U"}}]},"subContentId":"cb76a249-57b6-44b3-8129-47f420d297c5","metadata":{"contentType":"Curious Reader Audio","license":"U","title":"Untitled Curious Reader Audio"}},"backgroundOpacity":0,"willDoAnimation":false,"animationType":"glow","displayAsButton":false,"buttonSize":"big","goToSlideType":"specified","invisible":false},{"x":7.653061224489796,"y":17.6204282115869,"width":14.923469387755102,"height":40.050377833753146,"action":{"library":"H5P.Image 1.1","params":{"contentName":"Image"},"subContentId":"3de26786-166b-4bc0-8254-29f8c43f9bb0","metadata":{"contentType":"Image","license":"U","title":"Untitled Image"}},"backgroundOpacity":0,"willDoAnimation":true,"animationType":"glow","displayAsButton":false,"buttonSize":"big","goToSlideType":"specified","invisible":false,"id":"imgcb76a249-57b6-44b3-8129-47f420d297c5_0"},{"x":29.336734693877553,"y":10.059823677581864,"width":16.198979591836736,"height":72.29219143576826,"action":{"library":"H5P.Image 1.1","params":{"contentName":"Image"},"subContentId":"4af14592-ac7f-437e-b862-f6fa09949453","metadata":{"contentType":"Image","license":"U","title":"Untitled Image"}},"backgroundOpacity":0,"willDoAnimation":true,"animationType":"glow","displayAsButton":false,"buttonSize":"big","goToSlideType":"specified","invisible":false,"id":"imgcb76a249-57b6-44b3-8129-47f420d297c5_4"},{"x":19.131632653061224,"y":37.7735516372796,"width":16.198979591836736,"height":24.43324937027708,"action":{"library":"H5P.Image 1.1","params":{"contentName":"Image"},"subContentId":"c393367f-71fc-4d01-a01f-dfec228ca3ac","metadata":{"contentType":"Image","license":"U","title":"Untitled Image"}},"backgroundOpacity":0,"willDoAnimation":true,"animationType":"glow","displayAsButton":false,"buttonSize":"big","goToSlideType":"specified","invisible":false,"id":"imgcb76a249-57b6-44b3-8129-47f420d297c5_5"},{"x":19.131632653061224,"y":37.7735516372796,"width":16.198979591836736,"height":26.952141057934508,"action":{"library":"H5P.Image 1.1","params":{"contentName":"Image"},"subContentId":"147e3bf3-bc47-481d-bacc-df16e1f46821","metadata":{"contentType":"Image","license":"U","title":"Untitled Image"}},"backgroundOpacity":0,"willDoAnimation":true,"animationType":"glow","displayAsButton":false,"buttonSize":"big","goToSlideType":"specified","invisible":false,"id":"imgcb76a249-57b6-44b3-8129-47f420d297c5_6"}],"slideBackgroundSelector":{}},{"elements":[{"x":6.377551020408164,"y":2.5188916876574305,"width":40.05102040816327,"height":94.96221662468514,"action":{"library":"H5P.Image 1.1","params":{"contentName":"Image","file":{"path":"images\/file-65789326ca3ab.jpg","mime":"image\/jpeg","copyright":{"license":"U"},"width":1024,"height":1104}},"subContentId":"ef6624fb-b891-46ac-bb67-51707b0775e2","metadata":{"contentType":"Image","license":"U","title":"Untitled Image"}},"backgroundOpacity":0,"willDoAnimation":false,"animationType":"glow","displayAsButton":false,"buttonSize":"big","goToSlideType":"specified","invisible":false},{"x":47.19387755102041,"y":42.82115869017632,"width":51.02040816326531,"height":50.377833753148614,"action":{"library":"H5P.CRAdvancedText 1.1","params":{"text":"<p dir=\"ltr\" style=\"text-align: center;\"><span style=\"color:#ffffff;\"><span style=\"font-size:1.75em;\">\u092e \u091a\u093f\u0924\u094d\u0930\u092e\u093e \u0930\u0902\u0917 \u0932\u0917\u093e\u0909\u091b\u0941, \u0930 \u0906\u092e\u093e\u0932\u0947 \u091a\u093f\u0924\u094d\u0930 \u0915\u093e\u091f\u094d\u0928 \u092e\u0926\u094d\u0926\u0924 \u0917\u0930\u094d\u0928\u0941\u0939\u0941\u0928\u094d\u091b\u0964<\/span><\/span><\/p>\n"},"subContentId":"d1d2a237-2c98-411e-b99f-ae0b08544f58","metadata":{"contentType":"Text","license":"U","title":"Untitled Text"}},"alwaysDisplayComments":false,"backgroundOpacity":0,"willDoAnimation":false,"animationType":"glow","displayAsButton":false,"buttonSize":"big","goToSlideType":"specified","invisible":false,"solution":""},{"x":62.11734693877551,"y":56.67506297229219,"width":40,"height":40,"action":{"library":"H5P.CRAudio 1.4","params":{"fitToWrapper":true,"currIndex":4,"playerMode":"minimalistic","controls":true,"autoplay":true,"playAudio":"Play audio","pauseAudio":"Pause audio","contentName":"Audio","glowColor":"#ffd85a","timeStampForEachText":[{"text":" \u092e ","startDuration":"0.0000","endDuration":"0.5635","wordfile":[{"path":"audios\/wordfile-65e4d13dcab3b.wav","mime":"audio\/x-wav","copyright":{"license":"U"}}]},{"text":" \u091a\u093f\u0924\u094d\u0930\u092e\u093e ","startDuration":"0.5645","endDuration":"1.3097","wordfile":[{"path":"audios\/wordfile-65e4d157b10dc.wav","mime":"audio\/x-wav","copyright":{"license":"U"}}]},{"text":" \u0930\u0902\u0917 ","startDuration":"1.3107","endDuration":"1.8106","wordfile":[{"path":"audios\/wordfile-65e4d17633230.wav","mime":"audio\/x-wav","copyright":{"license":"U"}}]},{"text":" \u0932\u0917\u093e\u0909\u091b\u0941, ","startDuration":"1.8116","endDuration":"2.6658","wordfile":[{"path":"audios\/wordfile-65e4d18d78771.wav","mime":"audio\/x-wav","copyright":{"license":"U"}}]},{"text":" \u0930 ","startDuration":"2.6668","endDuration":"3.0849","wordfile":[{"path":"audios\/wordfile-65e4d1af6ab35.wav","mime":"audio\/x-wav","copyright":{"license":"U"}}]},{"text":" \u0906\u092e\u093e\u0932\u0947 ","startDuration":"3.0859","endDuration":"3.8038","wordfile":[{"path":"audios\/wordfile-65e4d1c9c513f.wav","mime":"audio\/x-wav","copyright":{"license":"U"}}]},{"text":" \u091a\u093f\u0924\u094d\u0930 ","startDuration":"3.8048","endDuration":"4.3864","wordfile":[{"path":"audios\/wordfile-6605fbca2a934.wav","mime":"audio\/x-wav","copyright":{"license":"U"}}]},{"text":" \u0915\u093e\u091f\u094d\u0928 ","startDuration":"4.3874","endDuration":"5.0962","wordfile":[{"path":"audios\/wordfile-65e4d2a537f81.wav","mime":"audio\/x-wav","copyright":{"license":"U"}}]},{"text":" \u092e\u0926\u094d\u0926\u0924 ","startDuration":"5.0972","endDuration":"5.5607","wordfile":[{"path":"audios\/wordfile-65e4d2bac10f8.wav","mime":"audio\/x-wav","copyright":{"license":"U"}}]},{"text":" \u0917\u0930\u094d\u0928\u0941\u0939\u0941\u0928\u094d\u091b\u0964 ","startDuration":"5.5617","endDuration":"6.7422","wordfile":[{"path":"audios\/wordfile-65e4d2d00166b.wav","mime":"audio\/x-wav","copyright":{"license":"U"}}]}],"files":[{"path":"audios\/files-65e4d1234d5fd.wav","mime":"audio\/x-wav","copyright":{"license":"U"}}]},"subContentId":"a413a8e0-795a-4501-9475-9f805ee88ef4","metadata":{"contentType":"Curious Reader Audio","license":"U","title":"Untitled Curious Reader Audio"}},"backgroundOpacity":0,"willDoAnimation":false,"animationType":"glow","displayAsButton":false,"buttonSize":"big","goToSlideType":"specified","invisible":false},{"x":25.510204081632654,"y":22.658211586901764,"width":17.474489795918366,"height":40.050377833753146,"action":{"library":"H5P.Image 1.1","params":{"contentName":"Image"},"subContentId":"c7d59cce-6af6-476b-8096-1d810b6c4887","metadata":{"contentType":"Image","license":"U","title":"Untitled Image"}},"backgroundOpacity":0,"willDoAnimation":true,"animationType":"glow","displayAsButton":false,"buttonSize":"big","goToSlideType":"specified","invisible":false,"id":"imga413a8e0-795a-4501-9475-9f805ee88ef4_0"},{"x":24.23469387755102,"y":42.809319899244336,"width":16.198979591836736,"height":16.876574307304786,"action":{"library":"H5P.Image 1.1","params":{"contentName":"Image"},"subContentId":"8c19ba9a-21e1-4992-ade9-07598f05ac0a","metadata":{"contentType":"Image","license":"U","title":"Untitled Image"}},"backgroundOpacity":0,"willDoAnimation":true,"animationType":"glow","displayAsButton":false,"buttonSize":"big","goToSlideType":"specified","invisible":false,"id":"imga413a8e0-795a-4501-9475-9f805ee88ef4_1"},{"x":24.23469387755102,"y":40.27858942065492,"width":17.474489795918366,"height":24.43324937027708,"action":{"library":"H5P.Image 1.1","params":{"contentName":"Image"},"subContentId":"b9f7c59a-ad2b-467b-b5d3-bbffa83c64e4","metadata":{"contentType":"Image","license":"U","title":"Untitled Image"}},"backgroundOpacity":0,"willDoAnimation":true,"animationType":"glow","displayAsButton":false,"buttonSize":"big","goToSlideType":"specified","invisible":false,"id":"imga413a8e0-795a-4501-9475-9f805ee88ef4_2"},{"x":8.928571428571429,"y":5.031889168765743,"width":14.923469387755102,"height":54.659949622166245,"action":{"library":"H5P.Image 1.1","params":{"contentName":"Image"},"subContentId":"33d72ebf-0cc3-478a-b058-8bb1056a4d9b","metadata":{"contentType":"Image","license":"U","title":"Untitled Image"}},"backgroundOpacity":0,"willDoAnimation":true,"animationType":"glow","displayAsButton":false,"buttonSize":"big","goToSlideType":"specified","invisible":false,"id":"imga413a8e0-795a-4501-9475-9f805ee88ef4_5"},{"x":16.581632653061224,"y":22.66413098236776,"width":13.64795918367347,"height":19.395465994962215,"action":{"library":"H5P.Image 1.1","params":{"contentName":"Image"},"subContentId":"8f83acaf-1847-4a22-ac3f-049c18f102a0","metadata":{"contentType":"Image","license":"U","title":"Untitled Image"}},"backgroundOpacity":0,"willDoAnimation":true,"animationType":"glow","displayAsButton":false,"buttonSize":"big","goToSlideType":"specified","invisible":false,"id":"imga413a8e0-795a-4501-9475-9f805ee88ef4_7"}],"slideBackgroundSelector":{}},{"elements":[{"x":5.1020408163265305,"y":2.5188916876574305,"width":42.09183673469388,"height":94.96221662468514,"action":{"library":"H5P.Image 1.1","params":{"contentName":"Image","file":{"path":"images\/file-6578937a365f7.jpg","mime":"image\/jpeg","copyright":{"license":"U"},"width":1024,"height":1104}},"subContentId":"62e2ba8e-9dfd-4edb-80cc-2aa08fc67e3c","metadata":{"contentType":"Image","license":"U","title":"Untitled Image"}},"backgroundOpacity":0,"willDoAnimation":false,"animationType":"glow","displayAsButton":false,"buttonSize":"big","goToSlideType":"specified","invisible":false},{"x":48.46938775510204,"y":32.735768261964736,"width":47.19387755102041,"height":50.377833753148614,"action":{"library":"H5P.CRAdvancedText 1.1","params":{"text":"<p dir=\"ltr\" style=\"text-align: center;\"><span style=\"color:#ffffff;\"><span style=\"font-size:1.75em;\">\u092e \u0924\u0938\u094d\u0935\u093f\u0930 \u0915\u093e\u091f\u094d\u091b\u0941, \u0930 \u0939\u091c\u0941\u0930\u0906\u092e\u093e\u0932\u0947 \u0924\u0938\u094d\u0935\u093f\u0930 \u091f\u093e\u0901\u0938\u094d\u0928 \u092e\u0926\u094d\u0926\u0924 \u0917\u0930\u094d\u0928\u0941\u0939\u0941\u0928\u094d\u091b\u0964<\/span><\/span><\/p>\n"},"subContentId":"1de95193-2ff4-479b-bda0-c02d7e4b3b6d","metadata":{"contentType":"Text","license":"U","title":"Untitled Text"}},"alwaysDisplayComments":false,"backgroundOpacity":0,"willDoAnimation":false,"animationType":"glow","displayAsButton":false,"buttonSize":"big","goToSlideType":"specified","invisible":false,"solution":""},{"x":47.00255102040816,"y":43.95465994962216,"width":40,"height":40,"action":{"library":"H5P.CRAudio 1.4","params":{"fitToWrapper":true,"currIndex":5,"playerMode":"minimalistic","controls":true,"autoplay":true,"playAudio":"Play audio","pauseAudio":"Pause audio","contentName":"Audio","glowColor":"#ffd85a","timeStampForEachText":[{"text":" \u092e ","startDuration":"0.0000","endDuration":"0.5126","wordfile":[{"path":"audios\/wordfile-65e4d33f3c447.wav","mime":"audio\/x-wav","copyright":{"license":"U"}}]},{"text":" \u0924\u0938\u094d\u0935\u093f\u0930 ","startDuration":"0.5136","endDuration":"1.3010","wordfile":[{"path":"audios\/wordfile-65e4d350ab0a0.wav","mime":"audio\/x-wav","copyright":{"license":"U"}}]},{"text":" \u0915\u093e\u091f\u094d\u091b\u0941, ","startDuration":"1.3020","endDuration":"1.9947","wordfile":[{"path":"audios\/wordfile-65e4d363655aa.wav","mime":"audio\/x-wav","copyright":{"license":"U"}}]},{"text":" \u0930 ","startDuration":"1.9957","endDuration":"2.4799","wordfile":[{"path":"audios\/wordfile-65e4d37799617.wav","mime":"audio\/x-wav","copyright":{"license":"U"}}]},{"text":" \u0939\u091c\u0941\u0930\u0906\u092e\u093e\u0932\u0947 ","startDuration":"2.4809","endDuration":"3.6188","wordfile":[{"path":"audios\/wordfile-65e4d38d27a1d.wav","mime":"audio\/x-wav","copyright":{"license":"U"}}]},{"text":" \u0924\u0938\u094d\u0935\u093f\u0930 ","startDuration":"3.6198","endDuration":"4.4925","wordfile":[{"path":"audios\/wordfile-65e4d3a11019e.wav","mime":"audio\/x-wav","copyright":{"license":"U"}}]},{"text":" \u091f\u093e\u0901\u0938\u094d\u0928 ","startDuration":"4.4935","endDuration":"5.2241","wordfile":[{"path":"audios\/wordfile-65e4d3b5c5e15.wav","mime":"audio\/x-wav","copyright":{"license":"U"}}]},{"text":" \u092e\u0926\u094d\u0926\u0924 ","startDuration":"5.2251","endDuration":"5.7662","wordfile":[{"path":"audios\/wordfile-65e4d3ca02df7.wav","mime":"audio\/x-wav","copyright":{"license":"U"}}]},{"text":" \u0917\u0930\u094d\u0928\u0941\u0939\u0941\u0928\u094d\u091b\u0964 ","startDuration":"5.7672","endDuration":"7.0298","wordfile":[{"path":"audios\/wordfile-65e4d3dc835ca.wav","mime":"audio\/x-wav","copyright":{"license":"U"}}]}],"files":[{"path":"audios\/files-65e4d32c812b5.wav","mime":"audio\/x-wav","copyright":{"license":"U"}}]},"subContentId":"fc34a35c-2ecb-48a2-a3a3-3876d091e0ae","metadata":{"contentType":"Curious Reader Audio","license":"U","title":"Untitled Curious Reader Audio"}},"backgroundOpacity":0,"willDoAnimation":false,"animationType":"glow","displayAsButton":false,"buttonSize":"big","goToSlideType":"specified","invisible":false},{"x":8.928571428571429,"y":17.6204282115869,"width":13.64795918367347,"height":40.050377833753146,"action":{"library":"H5P.Image 1.1","params":{"contentName":"Image"},"subContentId":"10bec13a-81b1-4449-9503-9507f5fe8897","metadata":{"contentType":"Image","license":"U","title":"Untitled Image"}},"backgroundOpacity":0,"willDoAnimation":true,"animationType":"glow","displayAsButton":false,"buttonSize":"big","goToSlideType":"specified","invisible":false,"id":"imgfc34a35c-2ecb-48a2-a3a3-3876d091e0ae_0"},{"x":12.755102040816327,"y":35.254659949622166,"width":12.372448979591837,"height":26.952141057934508,"action":{"library":"H5P.Image 1.1","params":{"contentName":"Image"},"subContentId":"6087daec-101c-4c1d-a76d-09e3989fb360","metadata":{"contentType":"Image","license":"U","title":"Untitled Image"}},"backgroundOpacity":0,"willDoAnimation":true,"animationType":"glow","displayAsButton":false,"buttonSize":"big","goToSlideType":"specified","invisible":false,"id":"imgfc34a35c-2ecb-48a2-a3a3-3876d091e0ae_1"},{"x":11.479591836734695,"y":35.254659949622166,"width":13.64795918367347,"height":26.952141057934508,"action":{"library":"H5P.Image 1.1","params":{"contentName":"Image"},"subContentId":"4cff6c29-e6f5-452e-a442-0a76e975d518","metadata":{"contentType":"Image","license":"U","title":"Untitled Image"}},"backgroundOpacity":0,"willDoAnimation":true,"animationType":"glow","displayAsButton":false,"buttonSize":"big","goToSlideType":"specified","invisible":false,"id":"imgfc34a35c-2ecb-48a2-a3a3-3876d091e0ae_2"},{"x":25.510204081632654,"y":7.552745591939547,"width":18.75,"height":64.73551637279597,"action":{"library":"H5P.Image 1.1","params":{"contentName":"Image"},"subContentId":"27adc24e-ea43-46f1-836a-954414ed5832","metadata":{"contentType":"Image","license":"U","title":"Untitled Image"}},"backgroundOpacity":0,"willDoAnimation":true,"animationType":"glow","displayAsButton":false,"buttonSize":"big","goToSlideType":"specified","invisible":false,"id":"imgfc34a35c-2ecb-48a2-a3a3-3876d091e0ae_4"}],"slideBackgroundSelector":{}},{"elements":[{"x":5.1020408163265305,"y":2.51692443324937,"width":42.09183673469388,"height":97.48110831234257,"action":{"library":"H5P.Image 1.1","params":{"contentName":"Image","file":{"path":"images\/file-657893cd148ab.jpg","mime":"image\/jpeg","copyright":{"license":"U"},"width":1024,"height":1104}},"subContentId":"854b71f0-4b9f-4858-8b85-8c29cc518bdb","metadata":{"contentType":"Image","license":"U","title":"Untitled Image"}},"backgroundOpacity":0,"willDoAnimation":false,"animationType":"glow","displayAsButton":false,"buttonSize":"big","goToSlideType":"specified","invisible":false},{"x":47.19387755102041,"y":32.7455919395466,"width":49.744897959183675,"height":55.415617128463474,"action":{"library":"H5P.CRAdvancedText 1.1","params":{"text":"<p dir=\"ltr\" style=\"text-align: center;\"><span style=\"color:#ffffff;\"><span style=\"font-size:1.75em;\">\u092e \u0924\u0938\u094d\u0935\u093f\u0930 \u091f\u093e\u0901\u0938\u094d\u091b\u0941, \u0930 \u0939\u091c\u0941\u0930\u092c\u0941\u092c\u093e\u0932\u0947 \u0915\u0925\u093e \u0932\u0947\u0916\u094d\u0928 \u092e\u0926\u094d\u0926\u0924 \u0917\u0930\u094d\u0928\u0941\u0939\u0941\u0928\u094d\u091b\u0964<\/span><\/span><\/p>\n"},"subContentId":"c78dbf15-db86-4b85-b48f-3267ee44151c","metadata":{"contentType":"Text","license":"U","title":"Untitled Text"}},"alwaysDisplayComments":false,"backgroundOpacity":0,"willDoAnimation":false,"animationType":"glow","displayAsButton":false,"buttonSize":"big","goToSlideType":"specified","invisible":false,"solution":""},{"x":47.00255102040816,"y":43.95465994962216,"width":40,"height":40,"action":{"library":"H5P.CRAudio 1.4","params":{"fitToWrapper":true,"currIndex":6,"playerMode":"minimalistic","controls":true,"autoplay":true,"playAudio":"Play audio","pauseAudio":"Pause audio","contentName":"Audio","glowColor":"#ffd85a","timeStampForEachText":[{"text":" \u092e ","startDuration":"0.0000","endDuration":"0.5318","wordfile":[{"path":"audios\/wordfile-65e4d48725ee0.wav","mime":"audio\/x-wav","copyright":{"license":"U"}}]},{"text":" \u0924\u0938\u094d\u0935\u093f\u0930 ","startDuration":"0.5328","endDuration":"1.2350","wordfile":[{"path":"audios\/wordfile-65e4d499a3417.wav","mime":"audio\/x-wav","copyright":{"license":"U"}}]},{"text":" \u091f\u093e\u0901\u0938\u094d\u091b\u0941, ","startDuration":"1.2360","endDuration":"1.9472","wordfile":[{"path":"audios\/wordfile-65e4d4abbbdd8.wav","mime":"audio\/x-wav","copyright":{"license":"U"}}]},{"text":" \u0930 ","startDuration":"1.9482","endDuration":"2.4800","wordfile":[{"path":"audios\/wordfile-65e4d4c137c85.wav","mime":"audio\/x-wav","copyright":{"license":"U"}}]},{"text":" \u0939\u091c\u0941\u0930\u092c\u0941\u092c\u093e\u0932\u0947 ","startDuration":"2.4810","endDuration":"3.5329","wordfile":[{"path":"audios\/wordfile-65e4d4d806231.wav","mime":"audio\/x-wav","copyright":{"license":"U"}}]},{"text":" \u0915\u0925\u093e ","startDuration":"3.5339","endDuration":"4.2451","wordfile":[{"path":"audios\/wordfile-65e4d4f18d490.wav","mime":"audio\/x-wav","copyright":{"license":"U"}}]},{"text":" \u0932\u0947\u0916\u094d\u0928 ","startDuration":"4.2461","endDuration":"5.0200","wordfile":[{"path":"audios\/wordfile-65e4d50bd1140.wav","mime":"audio\/x-wav","copyright":{"license":"U"}}]},{"text":" \u092e\u0926\u094d\u0926\u0924 ","startDuration":"5.0210","endDuration":"5.5528","wordfile":[{"path":"audios\/wordfile-65e4d53704e6c.wav","mime":"audio\/x-wav","copyright":{"license":"U"}}]},{"text":" \u0917\u0930\u094d\u0928\u0941\u0939\u0941\u0928\u094d\u091b\u0964 ","startDuration":"5.5538","endDuration":"6.6506","wordfile":[{"path":"audios\/wordfile-65e4d54b6bc46.wav","mime":"audio\/x-wav","copyright":{"license":"U"}}]}],"files":[{"path":"audios\/files-65e4d47571b0b.wav","mime":"audio\/x-wav","copyright":{"license":"U"}}]},"subContentId":"2d43e1e6-672e-47c9-80a9-766b6e9c41fc","metadata":{"contentType":"Curious Reader Audio","license":"U","title":"Untitled Curious Reader Audio"}},"backgroundOpacity":0,"willDoAnimation":false,"animationType":"glow","displayAsButton":false,"buttonSize":"big","goToSlideType":"specified","invisible":false},{"x":24.23469387755102,"y":40.26675062972293,"width":22.5765306122449,"height":49.622166246851386,"action":{"library":"H5P.Image 1.1","params":{"contentName":"Image"},"subContentId":"6822e242-8df4-475d-8c9b-d006f3cf1e62","metadata":{"contentType":"Image","license":"U","title":"Untitled Image"}},"backgroundOpacity":0,"willDoAnimation":true,"animationType":"glow","displayAsButton":false,"buttonSize":"big","goToSlideType":"specified","invisible":false,"id":"img2d43e1e6-672e-47c9-80a9-766b6e9c41fc_0"},{"x":25.510204081632654,"y":50.3639798488665,"width":12.372448979591837,"height":24.43324937027708,"action":{"library":"H5P.Image 1.1","params":{"contentName":"Image"},"subContentId":"b2aa2d58-80b1-4905-9f50-48a00f046f7a","metadata":{"contentType":"Image","license":"U","title":"Untitled Image"}},"backgroundOpacity":0,"willDoAnimation":true,"animationType":"glow","displayAsButton":false,"buttonSize":"big","goToSlideType":"specified","invisible":false,"id":"img2d43e1e6-672e-47c9-80a9-766b6e9c41fc_1"},{"x":24.23469387755102,"y":50.3639798488665,"width":14.923469387755102,"height":21.914357682619645,"action":{"library":"H5P.Image 1.1","params":{"contentName":"Image"},"subContentId":"81a1113b-d6b2-484d-a25c-de6429922ec5","metadata":{"contentType":"Image","license":"U","title":"Untitled Image"}},"backgroundOpacity":0,"willDoAnimation":true,"animationType":"glow","displayAsButton":false,"buttonSize":"big","goToSlideType":"specified","invisible":false,"id":"img2d43e1e6-672e-47c9-80a9-766b6e9c41fc_2"},{"x":7.653061224489796,"y":5.031889168765743,"width":16.198979591836736,"height":69.77329974811083,"action":{"library":"H5P.Image 1.1","params":{"contentName":"Image"},"subContentId":"99143230-fdf4-4364-9692-831a5c2ff67f","metadata":{"contentType":"Image","license":"U","title":"Untitled Image"}},"backgroundOpacity":0,"willDoAnimation":true,"animationType":"glow","displayAsButton":false,"buttonSize":"big","goToSlideType":"specified","invisible":false,"id":"img2d43e1e6-672e-47c9-80a9-766b6e9c41fc_4"}],"slideBackgroundSelector":{}},{"elements":[{"x":5.1020408163265305,"y":2.51692443324937,"width":42.09183673469388,"height":94.96221662468514,"action":{"library":"H5P.Image 1.1","params":{"contentName":"Image","file":{"path":"images\/file-6578941542f1f.jpg","mime":"image\/jpeg","copyright":{"license":"U"},"width":1024,"height":1104}},"subContentId":"f1ae49b0-a9f9-4dc4-8a79-cc1b08ca3b95","metadata":{"contentType":"Image","license":"U","title":"Untitled Image"}},"backgroundOpacity":0,"willDoAnimation":false,"animationType":"glow","displayAsButton":false,"buttonSize":"big","goToSlideType":"specified","invisible":false},{"x":44.642857142857146,"y":42.809319899244336,"width":52.29591836734694,"height":47.858942065491185,"action":{"library":"H5P.CRAdvancedText 1.1","params":{"text":"<p dir=\"ltr\" style=\"text-align: center;\"><span style=\"color:#ffffff;\"><span style=\"font-size:2.25em;\">\u092e \u0915\u0925\u093e \u0932\u0947\u0916\u094d\u091b\u0941, \u0930 \u092d\u093e\u0907\u0932\u0947 \u092a\u0943\u0937\u094d\u0920\u0939\u0930\u0942 \u0938\u0901\u0917\u0948 \u0938\u094d\u091f\u0947\u092a\u0932 \u0917\u0930\u094d\u0928 \u092e\u0926\u094d\u0926\u0924 \u0917\u0930\u094d\u0926\u091b\u0964<\/span><\/span><\/p>\n"},"subContentId":"93dec863-ad98-4918-9672-ff9d79cee23a","metadata":{"contentType":"Text","license":"U","title":"Untitled Text"}},"alwaysDisplayComments":false,"backgroundOpacity":0,"willDoAnimation":false,"animationType":"glow","displayAsButton":false,"buttonSize":"big","goToSlideType":"specified","invisible":false,"solution":""},{"x":47.00255102040816,"y":43.95465994962216,"width":40,"height":40,"action":{"library":"H5P.CRAudio 1.4","params":{"fitToWrapper":true,"currIndex":7,"playerMode":"minimalistic","controls":true,"autoplay":true,"playAudio":"Play audio","pauseAudio":"Pause audio","contentName":"Audio","glowColor":"#ffd85a","timeStampForEachText":[{"text":" \u092e ","startDuration":"0.0000","endDuration":"0.5222","wordfile":[{"path":"audios\/wordfile-65e4d57c10485.wav","mime":"audio\/x-wav","copyright":{"license":"U"}}]},{"text":" \u0915\u0925\u093e ","startDuration":"0.5232","endDuration":"1.1951","wordfile":[{"path":"audios\/wordfile-65e4d58deba6d.wav","mime":"audio\/x-wav","copyright":{"license":"U"}}]},{"text":" \u0932\u0947\u0916\u094d\u091b\u0941, ","startDuration":"1.1961","endDuration":"1.8334","wordfile":[{"path":"audios\/wordfile-65e4d5a1a7961.wav","mime":"audio\/x-wav","copyright":{"license":"U"}}]},{"text":" \u0930 ","startDuration":"1.8344","endDuration":"2.6444","wordfile":[{"path":"audios\/wordfile-65e4d5b29d08f.wav","mime":"audio\/x-wav","copyright":{"license":"U"}}]},{"text":" \u092d\u093e\u0907\u0932\u0947 ","startDuration":"2.6454","endDuration":"3.4784","wordfile":[{"path":"audios\/wordfile-65e4d5c79242e.wav","mime":"audio\/x-wav","copyright":{"license":"U"}}]},{"text":" \u092a\u0943\u0937\u094d\u0920\u0939\u0930\u0942 ","startDuration":"3.4794","endDuration":"4.5426","wordfile":[{"path":"audios\/wordfile-65e4d5da1340a.wav","mime":"audio\/x-wav","copyright":{"license":"U"}}]},{"text":" \u0938\u0901\u0917\u0948 ","startDuration":"4.5436","endDuration":"5.3881","wordfile":[{"path":"audios\/wordfile-65e4d5eebd10f.wav","mime":"audio\/x-wav","copyright":{"license":"U"}}]},{"text":" \u0938\u094d\u091f\u0947\u092a\u0932 ","startDuration":"5.3891","endDuration":"6.2566","wordfile":[{"path":"audios\/wordfile-65e4d600604b4.wav","mime":"audio\/x-wav","copyright":{"license":"U"}}]},{"text":" \u0917\u0930\u094d\u0928 ","startDuration":"6.2576","endDuration":"7.0561","wordfile":[{"path":"audios\/wordfile-65e4d6132ed09.wav","mime":"audio\/x-wav","copyright":{"license":"U"}}]},{"text":" \u092e\u0926\u094d\u0926\u0924 ","startDuration":"7.0571","endDuration":"7.4988","wordfile":[{"path":"audios\/wordfile-65e4d62557ed3.wav","mime":"audio\/x-wav","copyright":{"license":"U"}}]},{"text":" \u0917\u0930\u094d\u0926\u091b\u0964 ","startDuration":"7.4998","endDuration":"8.5395","wordfile":[{"path":"audios\/wordfile-65e4d639709cf.wav","mime":"audio\/x-wav","copyright":{"license":"U"}}]}],"files":[{"path":"audios\/files-65e4d56adc8d9.wav","mime":"audio\/x-wav","copyright":{"license":"U"}}]},"subContentId":"9032c48e-1906-4a44-bd27-7c95f6f6a3ba","metadata":{"contentType":"Curious Reader Audio","license":"U","title":"Untitled Curious Reader Audio"}},"backgroundOpacity":0,"willDoAnimation":false,"animationType":"glow","displayAsButton":false,"buttonSize":"big","goToSlideType":"specified","invisible":false},{"x":7.653061224489796,"y":22.652317380352642,"width":17.474489795918366,"height":64.73551637279597,"action":{"library":"H5P.Image 1.1","params":{"contentName":"Image"},"subContentId":"40360296-a5ad-4161-acb9-0b7f65d07730","metadata":{"contentType":"Image","license":"U","title":"Untitled Image"}},"backgroundOpacity":0,"willDoAnimation":true,"animationType":"glow","displayAsButton":false,"buttonSize":"big","goToSlideType":"specified","invisible":false,"id":"img9032c48e-1906-4a44-bd27-7c95f6f6a3ba_0"},{"x":10.204081632653061,"y":45.30453400503778,"width":14.923469387755102,"height":29.471032745591938,"action":{"library":"H5P.Image 1.1","params":{"contentName":"Image"},"subContentId":"1d9b8d98-fef3-4054-8d1d-6d31d76247b6","metadata":{"contentType":"Image","license":"U","title":"Untitled Image"}},"backgroundOpacity":0,"willDoAnimation":true,"animationType":"glow","displayAsButton":false,"buttonSize":"big","goToSlideType":"specified","invisible":false,"id":"img9032c48e-1906-4a44-bd27-7c95f6f6a3ba_1"},{"x":8.928571428571429,"y":45.32821158690176,"width":16.198979591836736,"height":29.471032745591938,"action":{"library":"H5P.Image 1.1","params":{"contentName":"Image"},"subContentId":"3a2601b3-9f23-4e60-8d2a-86004f3e2a51","metadata":{"contentType":"Image","license":"U","title":"Untitled Image"}},"backgroundOpacity":0,"willDoAnimation":true,"animationType":"glow","displayAsButton":false,"buttonSize":"big","goToSlideType":"specified","invisible":false,"id":"img9032c48e-1906-4a44-bd27-7c95f6f6a3ba_2"},{"x":24.23469387755102,"y":2.5129874055415615,"width":18.75,"height":49.622166246851386,"action":{"library":"H5P.Image 1.1","params":{"contentName":"Image"},"subContentId":"624f5958-469c-454c-a257-c338912d43d2","metadata":{"contentType":"Image","license":"U","title":"Untitled Image"}},"backgroundOpacity":0,"willDoAnimation":true,"animationType":"glow","displayAsButton":false,"buttonSize":"big","goToSlideType":"specified","invisible":false,"id":"img9032c48e-1906-4a44-bd27-7c95f6f6a3ba_4"},{"x":28.061224489795915,"y":22.66413098236776,"width":17.474489795918366,"height":24.43324937027708,"action":{"library":"H5P.Image 1.1","params":{"contentName":"Image"},"subContentId":"74c0e3f0-9d1d-4443-9d7d-dfc1723df01d","metadata":{"contentType":"Image","license":"U","title":"Untitled Image"}},"backgroundOpacity":0,"willDoAnimation":true,"animationType":"glow","displayAsButton":false,"buttonSize":"big","goToSlideType":"specified","invisible":false,"id":"img9032c48e-1906-4a44-bd27-7c95f6f6a3ba_7"}],"slideBackgroundSelector":{}},{"elements":[{"x":5.1020408163265305,"y":2.5188916876574305,"width":42.09183673469388,"height":92.4433249370277,"action":{"library":"H5P.Image 1.1","params":{"contentName":"Image","file":{"path":"images\/file-6578945856864.jpg","mime":"image\/jpeg","copyright":{"license":"U"},"width":1024,"height":735}},"subContentId":"00fb6a85-5a76-447d-a119-2676cf7feb43","metadata":{"contentType":"Image","license":"U","title":"Untitled Image"}},"backgroundOpacity":0,"willDoAnimation":false,"animationType":"glow","displayAsButton":false,"buttonSize":"big","goToSlideType":"specified","invisible":false},{"x":49.744897959183675,"y":40.30226700251889,"width":45.1530612244898,"height":42.82115869017632,"action":{"library":"H5P.CRAdvancedText 1.1","params":{"text":"<p dir=\"ltr\" style=\"text-align: center;\"><span style=\"color:#ffffff;\"><span style=\"font-size:1.75em;\">\u092e\u0938\u0901\u0917 \u0905\u0939\u093f\u0932\u0947 \u090f\u0909\u091f\u093e \u0915\u093f\u0924\u093e\u092c \u091b\u0964 \u0915\u093f\u0924\u093e\u092c \u092a\u0922\u094c\u0902!<\/span><\/span><\/p>\n"},"subContentId":"5a9fff56-e851-45ec-8640-989a48903d6e","metadata":{"contentType":"Text","license":"U","title":"Untitled Text"}},"alwaysDisplayComments":false,"backgroundOpacity":0,"willDoAnimation":false,"animationType":"glow","displayAsButton":false,"buttonSize":"big","goToSlideType":"specified","invisible":false,"solution":""},{"x":47.00255102040816,"y":43.95465994962216,"width":40,"height":40,"action":{"library":"H5P.CRAudio 1.4","params":{"fitToWrapper":true,"currIndex":8,"playerMode":"minimalistic","controls":true,"autoplay":true,"playAudio":"Play audio","pauseAudio":"Pause audio","contentName":"Audio","glowColor":"#ffd85a","timeStampForEachText":[{"text":" \u092e\u0938\u0901\u0917 ","startDuration":"0.0000","endDuration":"1.0476","wordfile":[{"path":"audios\/wordfile-65e4d66ac5f52.wav","mime":"audio\/x-wav","copyright":{"license":"U"}}]},{"text":" \u0905\u0939\u093f\u0932\u0947 ","startDuration":"1.0486","endDuration":"1.5765","wordfile":[{"path":"audios\/wordfile-65e4d67f8f8b3.wav","mime":"audio\/x-wav","copyright":{"license":"U"}}]},{"text":" \u090f\u0909\u091f\u093e ","startDuration":"1.5775","endDuration":"2.2910","wordfile":[{"path":"audios\/wordfile-65e4d6913d322.wav","mime":"audio\/x-wav","copyright":{"license":"U"}}]},{"text":" \u0915\u093f\u0924\u093e\u092c ","startDuration":"2.2920","endDuration":"2.7642","wordfile":[{"path":"audios\/wordfile-65e4d6a6e5876.wav","mime":"audio\/x-wav","copyright":{"license":"U"}}]},{"text":" \u091b\u0964 ","startDuration":"2.7652","endDuration":"3.3302","wordfile":[{"path":"audios\/wordfile-65e4d6b921d99.wav","mime":"audio\/x-wav","copyright":{"license":"U"}}]},{"text":" \u0915\u093f\u0924\u093e\u092c ","startDuration":"3.3312","endDuration":"3.8838","wordfile":[{"path":"audios\/wordfile-65e4d6ca2246d.wav","mime":"audio\/x-wav","copyright":{"license":"U"}}]},{"text":" \u092a\u0922\u094c\u0902! ","startDuration":"3.8848","endDuration":"4.5904","wordfile":[{"path":"audios\/wordfile-65e4d6dc683ea.wav","mime":"audio\/x-wav","copyright":{"license":"U"}}]}],"files":[{"path":"audios\/files-65e4d651bb13f.wav","mime":"audio\/x-wav","copyright":{"license":"U"}}]},"subContentId":"02274bac-318c-483c-ab54-742fff5c13f0","metadata":{"contentType":"Curious Reader Audio","license":"U","title":"Untitled Curious Reader Audio"}},"backgroundOpacity":0,"willDoAnimation":false,"animationType":"glow","displayAsButton":false,"buttonSize":"big","goToSlideType":"specified","invisible":false},{"x":33.16326530612245,"y":37.7735516372796,"width":9.183673469387756,"height":24.181360201511335,"action":{"library":"H5P.Image 1.1","params":{"contentName":"Image"},"subContentId":"34b22804-73ee-4ec9-91a9-ba01129cbecf","metadata":{"contentType":"Image","license":"U","title":"Untitled Image"}},"backgroundOpacity":0,"willDoAnimation":true,"animationType":"glow","displayAsButton":false,"buttonSize":"big","goToSlideType":"specified","invisible":false,"id":"img02274bac-318c-483c-ab54-742fff5c13f0_0"},{"x":33.16326530612245,"y":37.7735516372796,"width":9.821428571428571,"height":24.43324937027708,"action":{"library":"H5P.Image 1.1","params":{"contentName":"Image"},"subContentId":"77471f2c-c6a4-40f5-bffa-b22ba74b9fc0","metadata":{"contentType":"Image","license":"U","title":"Untitled Image"}},"backgroundOpacity":0,"willDoAnimation":true,"animationType":"glow","displayAsButton":false,"buttonSize":"big","goToSlideType":"specified","invisible":false,"id":"img02274bac-318c-483c-ab54-742fff5c13f0_1"},{"x":31.887755102040817,"y":37.7735516372796,"width":12.372448979591837,"height":24.43324937027708,"action":{"library":"H5P.Image 1.1","params":{"contentName":"Image"},"subContentId":"236b22d2-6c53-4d85-a235-53c4bb2cd5f2","metadata":{"contentType":"Image","license":"U","title":"Untitled Image"}},"backgroundOpacity":0,"willDoAnimation":true,"animationType":"glow","displayAsButton":false,"buttonSize":"big","goToSlideType":"specified","invisible":false,"id":"img02274bac-318c-483c-ab54-742fff5c13f0_2"},{"x":33.16326530612245,"y":37.76372795969773,"width":9.821428571428571,"height":11.838790931989925,"action":{"library":"H5P.Image 1.1","params":{"contentName":"Image"},"subContentId":"636aaff2-dbfd-46ee-88c5-cfd5054e4554","metadata":{"contentType":"Image","license":"U","title":"Untitled Image"}},"backgroundOpacity":0,"willDoAnimation":true,"animationType":"glow","displayAsButton":false,"buttonSize":"big","goToSlideType":"specified","invisible":false,"id":"img02274bac-318c-483c-ab54-742fff5c13f0_3"},{"x":33.16326530612245,"y":35.22518891687657,"width":9.183673469387756,"height":14.357682619647354,"action":{"library":"H5P.Image 1.1","params":{"contentName":"Image"},"subContentId":"7bb7d281-5f40-4bb0-90be-b506b4db823c","metadata":{"contentType":"Image","license":"U","title":"Untitled Image"}},"backgroundOpacity":0,"willDoAnimation":true,"animationType":"glow","displayAsButton":false,"buttonSize":"big","goToSlideType":"specified","invisible":false,"id":"img02274bac-318c-483c-ab54-742fff5c13f0_5"}],"slideBackgroundSelector":{}},{"elements":[{"x":3.826530612244898,"y":5.0338539042821155,"width":22.95918367346939,"height":22.921914357682617,"action":{"library":"H5P.Image 1.1","params":{"contentName":"Image","file":{"path":"images\/file-65789558544e6.png","mime":"image\/png","copyright":{"license":"U"},"width":1350,"height":487}},"subContentId":"481a06ca-f221-477c-b218-9b93976b4d09","metadata":{"contentType":"Image","license":"U","title":"Untitled Image"}},"backgroundOpacity":0,"willDoAnimation":false,"animationType":"glow","displayAsButton":false,"buttonSize":"big","goToSlideType":"specified","invisible":false},{"x":30.612244897959183,"y":5.0338539042821155,"width":22.95918367346939,"height":22.921914357682617,"action":{"library":"H5P.Image 1.1","params":{"contentName":"Image","file":{"path":"images\/file-6578956aa2732.png","mime":"image\/png","copyright":{"license":"U"},"width":814,"height":202}},"subContentId":"1efc4476-7506-4cc3-8719-19270bc2f79e","metadata":{"contentType":"Image","license":"U","title":"Untitled Image"}},"backgroundOpacity":0,"willDoAnimation":false,"animationType":"glow","displayAsButton":false,"buttonSize":"big","goToSlideType":"specified","invisible":false},{"x":57.39795918367347,"y":7.556675062972292,"width":40.05102040816327,"height":17.632241813602015,"action":{"library":"H5P.Image 1.1","params":{"contentName":"Image","file":{"path":"images\/file-6578957d13a9b.jpg","mime":"image\/jpeg","copyright":{"license":"U"},"width":1732,"height":354}},"subContentId":"1e8c1618-399a-4152-86d8-b0bc61b1ea04","metadata":{"contentType":"Image","license":"U","title":"Untitled Image"}},"backgroundOpacity":0,"willDoAnimation":false,"animationType":"glow","displayAsButton":false,"buttonSize":"big","goToSlideType":"specified","invisible":false},{"x":3.826252723311547,"y":27.94021505376344,"width":93.13725490196079,"height":71.82795698924731,"action":{"library":"H5P.CRAdvancedText 1.1","params":{"text":"<h3 style=\"text-align: center;\"><span style=\"font-size:1.25em;\">\u201c<\/span>&nbsp;\u092e\u0932\u093e\u0908 \u0915\u0938\u0932\u0947 \u092e\u0926\u094d\u0926\u0924 \u0917\u0930\u094d\u0928 \u0938\u0915\u094d\u091b?<span style=\"font-size:1.25em;\">\u201d credits<\/span><\/h3>\n\n<h3 style=\"text-align: center;\"><span style=\"font-size:1.25em;\">This work, \u201c<\/span>&nbsp;\u092e\u0932\u093e\u0908 \u0915\u0938\u0932\u0947 \u092e\u0926\u094d\u0926\u0924 \u0917\u0930\u094d\u0928 \u0938\u0915\u094d\u091b?<span style=\"font-size:1.25em;\">\u201d is a derivative of \u201cWho can help me?\u201d by All Children Reading Cambodia. \u00a9 The Asia Foundation , 2019 and used under CC BY.<\/span><\/h3>\n\n<h3 style=\"text-align: center;\"><span style=\"font-size:1.25em;\">\u201c<\/span>&nbsp;\u092e\u0932\u093e\u0908 \u0915\u0938\u0932\u0947 \u092e\u0926\u094d\u0926\u0924 \u0917\u0930\u094d\u0928 \u0938\u0915\u094d\u091b?<span style=\"font-size:1.25em;\">\u201d is licensed under CC BY 4.0 by Curious Learning.<\/span><\/h3>\n\n<h3 style=\"text-align: center;\">&nbsp;<\/h3>\n\n<h3 style=\"text-align: center;\"><span style=\"font-size:1.25em;\">Book builder - Abraham Jerry Kakooza<\/span><\/h3>\n"},"subContentId":"99f991d8-4b16-4b19-9127-e55b00685b29","metadata":{"contentType":"Text","license":"U","title":"Untitled Text"}},"alwaysDisplayComments":false,"backgroundOpacity":0,"willDoAnimation":false,"animationType":"glow","displayAsButton":false,"buttonSize":"big","goToSlideType":"specified","invisible":false,"solution":""}],"slideBackgroundSelector":{"fillSlideBackground":"#fbfef0"}}],"keywordListEnabled":true,"globalBackgroundSelector":{},"keywordListAlwaysShow":false,"keywordListAutoHide":false,"keywordListOpacity":90},"override":{"activeSurface":false,"hideSummarySlide":false,"summarySlideSolutionButton":true,"summarySlideRetryButton":true,"enablePrintButton":false,"social":{"showFacebookShare":false,"facebookShare":{"url":"@currentpageurl","quote":"I scored @score out of @maxScore on a task at @currentpageurl."},"showTwitterShare":false,"twitterShare":{"statement":"I scored @score out of @maxScore on a task at @currentpageurl.","url":"@currentpageurl","hashtags":"h5p, course"},"showGoogleShare":false,"googleShareUrl":"@currentpageurl"}},"l10n":{"slide":"Slide","score":"Score","yourScore":"Your Score","maxScore":"Max Score","total":"Total","totalScore":"Total Score","showSolutions":"Show solutions","retry":"Retry","exportAnswers":"Export text","hideKeywords":"Hide sidebar navigation menu","showKeywords":"Show sidebar navigation menu","fullscreen":"Fullscreen","exitFullscreen":"Exit fullscreen","prevSlide":"Previous slide","nextSlide":"Next slide","currentSlide":"Current slide","lastSlide":"Last slide","solutionModeTitle":"Exit solution mode","solutionModeText":"Solution Mode","summaryMultipleTaskText":"Multiple tasks","scoreMessage":"You achieved:","shareFacebook":"Share on Facebook","shareTwitter":"Share on Twitter","shareGoogle":"Share on Google+","summary":"Summary","solutionsButtonTitle":"Show comments","printTitle":"Print","printIngress":"How would you like to print this presentation?","printAllSlides":"Print all slides","printCurrentSlide":"Print current slide","noTitle":"No title","accessibilitySlideNavigationExplanation":"Use left and right arrow to change slide in that direction whenever canvas is selected.","accessibilityCanvasLabel":"Presentation canvas. Use left and right arrow to move between slides.","containsNotCompleted":"@slideName contains not completed interaction","containsCompleted":"@slideName contains completed interaction","slideCount":"Slide @index of @total","containsOnlyCorrect":"@slideName only has correct answers","containsIncorrectAnswers":"@slideName has incorrect answers","shareResult":"Share Result","accessibilityTotalScore":"You got @score of @maxScore points in total","accessibilityEnteredFullscreen":"Entered fullscreen","accessibilityExitedFullscreen":"Exited fullscreen"}}