{"presentation":{"slides":[{"elements":[{"x":17.429193899782135,"y":8.620689655172415,"width":68.84531590413944,"height":68.96551724137932,"action":{"library":"H5P.Image 1.1","params":{"contentName":"Image","file":{"path":"images\/file-620d8a2cc3689.jpg","mime":"image\/jpeg","copyright":{"license":"U"},"width":959,"height":459}},"metadata":{"contentType":"Image","license":"U","title":"Untitled Image"},"subContentId":"e3b59ba2-3660-4937-9e57-1a84d4a9288f"},"backgroundOpacity":0,"willDoAnimation":false,"animationType":"glow","displayAsButton":false,"buttonSize":"big","goToSlideType":"specified","invisible":false},{"x":20.220588235294116,"y":80,"width":60.60606060606061,"height":14.245014245014247,"action":{"library":"H5P.CRAdvancedText 1.1","params":{"text":"<p dir=\"ltr\" style=\"text-align: center;\"><span style=\"font-size:2.25em;\">\u0932\u0939\u093e\u0928 \u0906\u0923\u093f \u092e\u094b\u0920\u0947<\/span><\/p>\n"},"subContentId":"72d3a7b5-e54c-41c7-9faf-14f3b4f4efaf","metadata":{"contentType":"Text","license":"U","title":"Untitled Text"}},"alwaysDisplayComments":false,"backgroundOpacity":0,"willDoAnimation":false,"animationType":"glow","displayAsButton":false,"buttonSize":"big","goToSlideType":"specified","invisible":false,"solution":""}],"slideBackgroundSelector":{}},{"elements":[{"x":16.33986928104575,"y":4.310344827586207,"width":33.769063180827885,"height":92.67241379310346,"action":{"library":"H5P.Image 1.1","params":{"contentName":"Image","file":{"path":"images\/file-620d8a6738172.jpg","mime":"image\/jpeg","copyright":{"license":"U"},"width":639,"height":918}},"metadata":{"contentType":"Image","license":"U","title":"Untitled Image"},"subContentId":"86bc88c5-2cdb-451e-a5b4-6abe821a6812"},"backgroundOpacity":0,"willDoAnimation":false,"animationType":"glow","displayAsButton":false,"buttonSize":"big","goToSlideType":"specified","invisible":false},{"x":53.39105339105339,"y":34.18803418803419,"width":40,"height":40,"action":{"library":"H5P.CRAdvancedText 1.1","params":{"text":"<p style=\"text-align: center;\"><span style=\"font-size:1.75em;\"><span style=\"color:#ffffff;\">\u092a\u093e \u092e\u093e\u091d\u0940 \u091f\u094b\u092a\u0940 \u0918\u0947\u0924 \u0906\u0939\u0947<\/span><\/span><\/p>\n"},"subContentId":"23316a6b-090e-4ce1-baf6-088bbcdeb86f","metadata":{"contentType":"Text","license":"U","title":"Untitled Text"}},"alwaysDisplayComments":false,"backgroundOpacity":0,"willDoAnimation":false,"animationType":"glow","displayAsButton":false,"buttonSize":"big","goToSlideType":"specified","invisible":false,"solution":""},{"x":20.220588235294116,"y":10.909090909090908,"width":12.316176470588234,"height":24.363636363636363,"action":{"library":"H5P.Image 1.1","params":{"contentName":"Image"},"subContentId":"8564edfb-312f-421f-a8a6-dd40f649664c","metadata":{"contentType":"Image","license":"U","title":"Untitled Image"}},"backgroundOpacity":0,"willDoAnimation":true,"animationType":"glow","displayAsButton":false,"buttonSize":"big","goToSlideType":"specified","invisible":false,"id":"img00c03548-28ff-4ee1-bfa0-45c4057e1c0b_0"},{"x":33.088235294117645,"y":10.909090909090908,"width":12.316176470588234,"height":22.181818181818183,"action":{"library":"H5P.Image 1.1","params":{"contentName":"Image"},"subContentId":"24c71627-3eaf-40d7-af8c-a6192499fd62","metadata":{"contentType":"Image","license":"U","title":"Untitled Image"}},"backgroundOpacity":0,"willDoAnimation":true,"animationType":"glow","displayAsButton":false,"buttonSize":"big","goToSlideType":"specified","invisible":false,"id":"img00c03548-28ff-4ee1-bfa0-45c4057e1c0b_2"},{"x":92.5925925925926,"y":2.151768538561844,"width":40,"height":40,"action":{"library":"H5P.CRAudio 1.4","params":{"fitToWrapper":true,"currIndex":1,"playerMode":"minimalistic","controls":true,"autoplay":true,"playAudio":"Play audio","pauseAudio":"Pause audio","contentName":"Audio","glowColor":"#ffd85a","timeStampForEachText":[{"text":" \u092a\u093e ","startDuration":"0.1560","endDuration":"0.3840","wordfile":[{"path":"audios\/wordfile-673c5e6ec649c.wav","mime":"audio\/x-wav","copyright":{"license":"U"}}]},{"text":" \u092e\u093e\u091d\u0940 ","startDuration":"0.3841","endDuration":"0.7883","wordfile":[{"path":"audios\/wordfile-673c5e7e36542.wav","mime":"audio\/x-wav","copyright":{"license":"U"}}]},{"text":" \u091f\u094b\u092a\u0940 ","startDuration":"0.7884","endDuration":"1.1174","wordfile":[{"path":"audios\/wordfile-673c5e8bc70b4.wav","mime":"audio\/x-wav","copyright":{"license":"U"}}]},{"text":" \u0918\u0947\u0924 ","startDuration":"1.1175","endDuration":"1.3175","wordfile":[{"path":"audios\/wordfile-673c5e9aa89d5.wav","mime":"audio\/x-wav","copyright":{"license":"U"}}]},{"text":" \u0906\u0939\u0947 ","startDuration":"1.3176","endDuration":"1.6852","wordfile":[{"path":"audios\/wordfile-673c5ea9b1384.wav","mime":"audio\/x-wav","copyright":{"license":"U"}}]}],"files":[{"path":"audios\/files-673c5e5c80696.wav","mime":"audio\/x-wav","copyright":{"license":"U"}}]},"subContentId":"ece68bb3-ef2c-4ddc-a7ff-7747f2ec1629","metadata":{"contentType":"Curious Reader Audio","license":"U","title":"Untitled Curious Reader Audio"}},"backgroundOpacity":0,"willDoAnimation":false,"animationType":"glow","displayAsButton":false,"buttonSize":"big","goToSlideType":"specified","invisible":false}],"slideBackgroundSelector":{}},{"elements":[{"x":13.64795918367347,"y":4.785894206549118,"width":35.83877995642702,"height":92.45689655172414,"action":{"library":"H5P.Image 1.1","params":{"contentName":"Image","file":{"path":"images\/file-620d8aa4e43d4.jpg","mime":"image\/jpeg","copyright":{"license":"U"},"width":639,"height":918}},"metadata":{"contentType":"Image","license":"U","title":"Untitled Image"},"subContentId":"3e74c6d2-b90c-43ec-9186-121956d1fe47"},"backgroundOpacity":0,"willDoAnimation":false,"animationType":"glow","displayAsButton":false,"buttonSize":"big","goToSlideType":"specified","invisible":false},{"x":50.505050505050505,"y":28.490028490028493,"width":40,"height":40,"action":{"library":"H5P.CRAdvancedText 1.1","params":{"text":"<p style=\"text-align: center;\"><span style=\"font-size:1.75em;\"><span style=\"color:#ffffff;\">\u092a\u093e \u0909\u0902\u091a \u0906\u0939\u0947<\/span><\/span><\/p>\n"},"subContentId":"ee4313bf-2e44-4cd2-b034-f3ad0cf990e7","metadata":{"contentType":"Text","license":"U","title":"Untitled Text"}},"alwaysDisplayComments":false,"backgroundOpacity":0,"willDoAnimation":false,"animationType":"glow","displayAsButton":false,"buttonSize":"big","goToSlideType":"specified","invisible":false,"solution":""},{"x":14.705882352941176,"y":10.909090909090908,"width":19.669117647058822,"height":40,"action":{"library":"H5P.Image 1.1","params":{"contentName":"Image"},"subContentId":"683c6600-6e9a-43d5-8d3c-3b19d787fa55","metadata":{"contentType":"Image","license":"U","title":"Untitled Image"}},"backgroundOpacity":0,"willDoAnimation":true,"animationType":"glow","displayAsButton":false,"buttonSize":"big","goToSlideType":"specified","invisible":false,"id":"imga9bd2e31-1620-4842-a5be-ad691a3c51a7_0"},{"x":14.705882352941176,"y":10.909090909090908,"width":19.669117647058822,"height":40,"action":{"library":"H5P.Image 1.1","params":{"contentName":"Image"},"subContentId":"1720fca0-2e67-44be-9931-f1be49c65c97","metadata":{"contentType":"Image","license":"U","title":"Untitled Image"}},"backgroundOpacity":0,"willDoAnimation":true,"animationType":"glow","displayAsButton":false,"buttonSize":"big","goToSlideType":"specified","invisible":false,"id":"imga9bd2e31-1620-4842-a5be-ad691a3c51a7_1"},{"x":47.000103485838785,"y":44.00026681929878,"width":40,"height":40,"action":{"library":"H5P.CRAudio 1.4","params":{"fitToWrapper":true,"currIndex":2,"playerMode":"minimalistic","controls":true,"autoplay":true,"playAudio":"Play audio","pauseAudio":"Pause audio","contentName":"Audio","glowColor":"#ffd85a","timeStampForEachText":[{"text":" \u092a\u093e ","startDuration":"0.3527","endDuration":"0.6957","wordfile":[{"path":"audios\/wordfile-673c5f09b3c52.wav","mime":"audio\/x-wav","copyright":{"license":"U"}}]},{"text":" \u0909\u0902\u091a ","startDuration":"0.7423","endDuration":"1.2779","wordfile":[{"path":"audios\/wordfile-673c5f195e919.wav","mime":"audio\/x-wav","copyright":{"license":"U"}}]},{"text":" \u0906\u0939\u0947 ","startDuration":"1.2780","endDuration":"1.6484","wordfile":[{"path":"audios\/wordfile-673c5f27aa88e.wav","mime":"audio\/x-wav","copyright":{"license":"U"}}]}],"files":[{"path":"audios\/files-673c5ef91b52f.wav","mime":"audio\/x-wav","copyright":{"license":"U"}}]},"subContentId":"c478c24b-f707-448b-9c39-6ea0867ebd30","metadata":{"contentType":"Curious Reader Audio","license":"U","title":"Untitled Curious Reader Audio"}},"backgroundOpacity":0,"willDoAnimation":false,"animationType":"glow","displayAsButton":false,"buttonSize":"big","goToSlideType":"specified","invisible":false}],"slideBackgroundSelector":{}},{"elements":[{"x":11.982570806100219,"y":4.310344827586207,"width":37.03703703703704,"height":92.45689655172414,"action":{"library":"H5P.Image 1.1","params":{"contentName":"Image","file":{"path":"images\/file-620d8ad1200cf.jpg","mime":"image\/jpeg","copyright":{"license":"U"},"width":639,"height":918}},"metadata":{"contentType":"Image","license":"U","title":"Untitled Image"},"subContentId":"5320e841-c68d-4668-8597-5f7779b4b505"},"backgroundOpacity":0,"willDoAnimation":false,"animationType":"glow","displayAsButton":false,"buttonSize":"big","goToSlideType":"specified","invisible":false},{"x":52.23880597014925,"y":29.52029520295203,"width":40,"height":40,"action":{"library":"H5P.CRAdvancedText 1.1","params":{"text":"<p style=\"text-align: center;\"><span style=\"font-size:1.75em;\"><span style=\"color:#ffffff;\">\u0906\u0908 \u092e\u093e\u091d\u093e \u0936\u0930\u094d\u091f \u0926\u0947\u0924 \u0906\u0939\u0947<\/span><\/span><\/p>\n"},"subContentId":"82fecc9e-639a-432c-ae1d-4d37b4cfcdce","metadata":{"contentType":"Text","license":"U","title":"Untitled Text"}},"alwaysDisplayComments":false,"backgroundOpacity":0,"willDoAnimation":false,"animationType":"glow","displayAsButton":false,"buttonSize":"big","goToSlideType":"specified","invisible":false,"solution":""},{"x":29.41176470588235,"y":25.454545454545453,"width":14.705882352941176,"height":28,"action":{"library":"H5P.Image 1.1","params":{"contentName":"Image"},"subContentId":"e6c9b914-7cfc-43da-aba7-756ad6fb585e","metadata":{"contentType":"Image","license":"U","title":"Untitled Image"}},"backgroundOpacity":0,"willDoAnimation":true,"animationType":"glow","displayAsButton":false,"buttonSize":"big","goToSlideType":"specified","invisible":false,"id":"img908ea249-f9db-4f73-a910-bb8f412fbd75_2"},{"x":23.89705882352941,"y":14.545454545454545,"width":10.477941176470587,"height":23.636363636363637,"action":{"library":"H5P.Image 1.1","params":{"contentName":"Image"},"subContentId":"5be5a7fa-b014-4a30-85fd-ce8f0cfc70e0","metadata":{"contentType":"Image","license":"U","title":"Untitled Image"}},"backgroundOpacity":0,"willDoAnimation":true,"animationType":"glow","displayAsButton":false,"buttonSize":"big","goToSlideType":"specified","invisible":false,"id":"img908ea249-f9db-4f73-a910-bb8f412fbd75_1"},{"x":47.000103485838785,"y":44.00026681929878,"width":40,"height":40,"action":{"library":"H5P.CRAudio 1.4","params":{"fitToWrapper":true,"currIndex":3,"playerMode":"minimalistic","controls":true,"autoplay":true,"playAudio":"Play audio","pauseAudio":"Pause audio","contentName":"Audio","glowColor":"#ffd85a","timeStampForEachText":[{"text":" \u0906\u0908 ","startDuration":"0.1370","endDuration":"0.3830","wordfile":[{"path":"audios\/wordfile-673c5f563aa6e.wav","mime":"audio\/x-wav","copyright":{"license":"U"}}]},{"text":" \u092e\u093e\u091d\u093e ","startDuration":"0.3831","endDuration":"0.7361","wordfile":[{"path":"audios\/wordfile-673c5f6828906.wav","mime":"audio\/x-wav","copyright":{"license":"U"}}]},{"text":" \u0936\u0930\u094d\u091f ","startDuration":"0.7362","endDuration":"1.1234","wordfile":[{"path":"audios\/wordfile-673c5f75ea5a0.wav","mime":"audio\/x-wav","copyright":{"license":"U"}}]},{"text":" \u0926\u0947\u0924 ","startDuration":"1.1235","endDuration":"1.4605","wordfile":[{"path":"audios\/wordfile-673c5f845efdf.wav","mime":"audio\/x-wav","copyright":{"license":"U"}}]},{"text":" \u0906\u0939\u0947 ","startDuration":"1.4606","endDuration":"1.9391","wordfile":[{"path":"audios\/wordfile-673c5f9622626.wav","mime":"audio\/x-wav","copyright":{"license":"U"}}]}],"files":[{"path":"audios\/files-673c5f4451d11.wav","mime":"audio\/x-wav","copyright":{"license":"U"}}]},"subContentId":"5fb44345-e49a-4bb7-b150-85044f86d898","metadata":{"contentType":"Curious Reader Audio","license":"U","title":"Untitled Curious Reader Audio"}},"backgroundOpacity":0,"willDoAnimation":false,"animationType":"glow","displayAsButton":false,"buttonSize":"big","goToSlideType":"specified","invisible":false}],"slideBackgroundSelector":{}},{"elements":[{"x":14.159041394335512,"y":5.622456896551724,"width":34.85838779956427,"height":91.5948275862069,"action":{"library":"H5P.Image 1.1","params":{"contentName":"Image","file":{"path":"images\/file-620d8b1736f35.jpg","mime":"image\/jpeg","copyright":{"license":"U"},"width":639,"height":918}},"metadata":{"contentType":"Image","license":"U","title":"Untitled Image"},"subContentId":"da6c7321-c9b6-41ec-9674-273fac8064d7"},"backgroundOpacity":0,"willDoAnimation":false,"animationType":"glow","displayAsButton":false,"buttonSize":"big","goToSlideType":"specified","invisible":false},{"x":52.23880597014925,"y":36.90036900369004,"width":40,"height":40,"action":{"library":"H5P.CRAdvancedText 1.1","params":{"text":"<p style=\"text-align: center;\"><span style=\"font-size:1.75em;\"><span style=\"color:#ffffff;\">\u092a\u093e \u0906\u0908 \u092a\u0947\u0915\u094d\u0937\u093e \u0909\u0902\u091a \u0906\u0939\u0947<\/span><\/span><\/p>\n"},"subContentId":"4ee15960-5a73-4e1f-bd52-de1a4e6e390d","metadata":{"contentType":"Text","license":"U","title":"Untitled Text"}},"alwaysDisplayComments":false,"backgroundOpacity":0,"willDoAnimation":false,"animationType":"glow","displayAsButton":false,"buttonSize":"big","goToSlideType":"specified","invisible":false,"solution":""},{"x":29.41176470588235,"y":7.2727272727272725,"width":14.15441176470588,"height":40,"action":{"library":"H5P.Image 1.1","params":{"contentName":"Image"},"subContentId":"c012d8af-f6e1-42aa-8eec-0fe5271f4aa1","metadata":{"contentType":"Image","license":"U","title":"Untitled Image"}},"backgroundOpacity":0,"willDoAnimation":true,"animationType":"glow","displayAsButton":false,"buttonSize":"big","goToSlideType":"specified","invisible":false,"id":"img2d869870-d055-49d0-a4f9-7f12a5733ff0_0"},{"x":22.058823529411764,"y":21.818181818181817,"width":12.316176470588234,"height":28,"action":{"library":"H5P.Image 1.1","params":{"contentName":"Image"},"subContentId":"3630acf3-f4f0-4555-a0c2-ccc414d4c4a8","metadata":{"contentType":"Image","license":"U","title":"Untitled Image"}},"backgroundOpacity":0,"willDoAnimation":true,"animationType":"glow","displayAsButton":false,"buttonSize":"big","goToSlideType":"specified","invisible":false,"id":"img2d869870-d055-49d0-a4f9-7f12a5733ff0_1"},{"x":47.000103485838785,"y":44.00026681929878,"width":40,"height":40,"action":{"library":"H5P.CRAudio 1.4","params":{"fitToWrapper":true,"currIndex":4,"playerMode":"minimalistic","controls":true,"autoplay":true,"playAudio":"Play audio","pauseAudio":"Pause audio","contentName":"Audio","glowColor":"#ffd85a","timeStampForEachText":[{"text":" \u092a\u093e ","startDuration":"0.2506","endDuration":"0.5418","wordfile":[{"path":"audios\/wordfile-673c5fc4d4426.wav","mime":"audio\/x-wav","copyright":{"license":"U"}}]},{"text":" \u0906\u0908 ","startDuration":"0.5575","endDuration":"0.8839","wordfile":[{"path":"audios\/wordfile-673c5fd350a72.wav","mime":"audio\/x-wav","copyright":{"license":"U"}}]},{"text":" \u092a\u0947\u0915\u094d\u0937\u093e ","startDuration":"0.8840","endDuration":"1.4407","wordfile":[{"path":"audios\/wordfile-674118e78c223.wav","mime":"audio\/x-wav","copyright":{"license":"U"}}]},{"text":" \u0909\u0902\u091a ","startDuration":"1.4408","endDuration":"1.8501","wordfile":[{"path":"audios\/wordfile-673c604d84360.wav","mime":"audio\/x-wav","copyright":{"license":"U"}}]},{"text":" \u0906\u0939\u0947 ","startDuration":"1.8502","endDuration":"2.3597","wordfile":[{"path":"audios\/wordfile-673c605b877ce.wav","mime":"audio\/x-wav","copyright":{"license":"U"}}]}],"files":[{"path":"audios\/files-673c5fb38e68a.wav","mime":"audio\/x-wav","copyright":{"license":"U"}}]},"subContentId":"02630034-810b-48d5-b237-4d352fb2dc75","metadata":{"contentType":"Curious Reader Audio","license":"U","title":"Untitled Curious Reader Audio"}},"backgroundOpacity":0,"willDoAnimation":false,"animationType":"glow","displayAsButton":false,"buttonSize":"big","goToSlideType":"specified","invisible":false}],"slideBackgroundSelector":{}},{"elements":[{"x":14.161220043572985,"y":6.4655172413793105,"width":35.947712418300654,"height":90.73275862068967,"action":{"library":"H5P.Image 1.1","params":{"contentName":"Image","file":{"path":"images\/file-620d8b4901fed.jpg","mime":"image\/jpeg","copyright":{"license":"U"},"width":639,"height":918}},"metadata":{"contentType":"Image","license":"U","title":"Untitled Image"},"subContentId":"6ac3b20e-f38f-448c-b501-13c259c38112"},"backgroundOpacity":0,"willDoAnimation":false,"animationType":"glow","displayAsButton":false,"buttonSize":"big","goToSlideType":"specified","invisible":false},{"x":54.1044776119403,"y":36.90036900369004,"width":40,"height":40,"action":{"library":"H5P.CRAdvancedText 1.1","params":{"text":"<p style=\"text-align: center;\"><span style=\"font-size:1.75em;\"><span style=\"color:#ffffff;\">\u092c\u0939\u093f\u0923 \u092e\u0932\u093e \u092a\u0941\u0938\u094d\u0924\u0915 \u0926\u0947\u0924 \u0906\u0939\u0947<\/span><\/span><\/p>\n"},"subContentId":"a313e2d1-cd2a-48d8-adfe-d90498c4c153","metadata":{"contentType":"Text","license":"U","title":"Untitled Text"}},"alwaysDisplayComments":false,"backgroundOpacity":0,"willDoAnimation":false,"animationType":"glow","displayAsButton":false,"buttonSize":"big","goToSlideType":"specified","invisible":false,"solution":""},{"x":23.89705882352941,"y":14.545454545454545,"width":12.316176470588234,"height":28,"action":{"library":"H5P.Image 1.1","params":{"contentName":"Image"},"subContentId":"fd9f1335-b09b-4928-b606-a4ca4d42fa90","metadata":{"contentType":"Image","license":"U","title":"Untitled Image"}},"backgroundOpacity":0,"willDoAnimation":true,"animationType":"glow","displayAsButton":false,"buttonSize":"big","goToSlideType":"specified","invisible":false,"id":"img4404d346-1cbb-4114-a5b3-b97833e67b26_0"},{"x":20.220588235294116,"y":43.63636363636363,"width":10.477941176470587,"height":17.818181818181817,"action":{"library":"H5P.Image 1.1","params":{"contentName":"Image"},"subContentId":"51a13418-8fe9-48e2-ad03-21a9bb6dab74","metadata":{"contentType":"Image","license":"U","title":"Untitled Image"}},"backgroundOpacity":0,"willDoAnimation":true,"animationType":"glow","displayAsButton":false,"buttonSize":"big","goToSlideType":"specified","invisible":false,"id":"img4404d346-1cbb-4114-a5b3-b97833e67b26_2"},{"x":47.000103485838785,"y":44.00026681929878,"width":40,"height":40,"action":{"library":"H5P.CRAudio 1.4","params":{"fitToWrapper":true,"currIndex":5,"playerMode":"minimalistic","controls":true,"autoplay":true,"playAudio":"Play audio","pauseAudio":"Pause audio","contentName":"Audio","glowColor":"#ffd85a","timeStampForEachText":[{"text":" \u092c\u0939\u093f\u0923 ","startDuration":"0.1810","endDuration":"0.6350","wordfile":[{"path":"audios\/wordfile-673c6094e75bf.wav","mime":"audio\/x-wav","copyright":{"license":"U"}}]},{"text":" \u092e\u0932\u093e ","startDuration":"0.6351","endDuration":"1.0583","wordfile":[{"path":"audios\/wordfile-673c60a2acae4.wav","mime":"audio\/x-wav","copyright":{"license":"U"}}]},{"text":" \u092a\u0941\u0938\u094d\u0924\u0915 ","startDuration":"1.0584","endDuration":"1.5461","wordfile":[{"path":"audios\/wordfile-673c60afcc972.wav","mime":"audio\/x-wav","copyright":{"license":"U"}}]},{"text":" \u0926\u0947\u0924 ","startDuration":"1.5462","endDuration":"1.7784","wordfile":[{"path":"audios\/wordfile-673c60beaf055.wav","mime":"audio\/x-wav","copyright":{"license":"U"}}]},{"text":" \u0906\u0939\u0947 ","startDuration":"1.7785","endDuration":"2.1645","wordfile":[{"path":"audios\/wordfile-673c60cc3a1ed.wav","mime":"audio\/x-wav","copyright":{"license":"U"}}]}],"files":[{"path":"audios\/files-673c607b18ccd.wav","mime":"audio\/x-wav","copyright":{"license":"U"}}]},"subContentId":"e88cc321-cf35-402b-b8d6-e3f44ab712a1","metadata":{"contentType":"Curious Reader Audio","license":"U","title":"Untitled Curious Reader Audio"}},"backgroundOpacity":0,"willDoAnimation":false,"animationType":"glow","displayAsButton":false,"buttonSize":"big","goToSlideType":"specified","invisible":false}],"slideBackgroundSelector":{}},{"elements":[{"x":14.161220043572985,"y":5.81896551724138,"width":34.85838779956427,"height":90.51724137931035,"action":{"library":"H5P.Image 1.1","params":{"contentName":"Image","file":{"path":"images\/file-620d8b7b9c561.jpg","mime":"image\/jpeg","copyright":{"license":"U"},"width":639,"height":918}},"metadata":{"contentType":"Image","license":"U","title":"Untitled Image"},"subContentId":"1fe8c6e8-1dec-4179-a1c4-d367fb27a427"},"backgroundOpacity":0,"willDoAnimation":false,"animationType":"glow","displayAsButton":false,"buttonSize":"big","goToSlideType":"specified","invisible":false},{"x":54.1044776119403,"y":40.59040590405904,"width":40,"height":40,"action":{"library":"H5P.CRAdvancedText 1.1","params":{"text":"<p style=\"text-align: center;\"><span style=\"font-size:1.75em;\"><span style=\"color:#ffffff;\">\u0906\u0908 \u092e\u093e\u091d\u094d\u092f\u093e \u092c\u0939\u093f\u0923\u0940\u092a\u0947\u0915\u094d\u0937\u093e \u0909\u0902\u091a \u0906\u0939\u0947<\/span><\/span><\/p>\n"},"subContentId":"eb8b5b90-b6cf-4eb4-b02f-79dde8955f80","metadata":{"contentType":"Text","license":"U","title":"Untitled Text"}},"alwaysDisplayComments":false,"backgroundOpacity":0,"willDoAnimation":false,"animationType":"glow","displayAsButton":false,"buttonSize":"big","goToSlideType":"specified","invisible":false,"solution":""},{"x":27.573529411764707,"y":10.93749090909091,"width":8.63970588235294,"height":23.636363636363637,"action":{"library":"H5P.Image 1.1","params":{"contentName":"Image"},"subContentId":"48b5c8e0-3ea7-4818-b908-5540a28dc574","metadata":{"contentType":"Image","license":"U","title":"Untitled Image"}},"backgroundOpacity":0,"willDoAnimation":true,"animationType":"glow","displayAsButton":false,"buttonSize":"big","goToSlideType":"specified","invisible":false,"id":"img3602cc2a-11eb-4672-bdf9-9a5fa1ec5f67_0"},{"x":18.38235294117647,"y":18.181818181818183,"width":12.316176470588234,"height":40,"action":{"library":"H5P.Image 1.1","params":{"contentName":"Image"},"subContentId":"24936e6f-1a51-4b74-b3de-903dd0ff72d5","metadata":{"contentType":"Image","license":"U","title":"Untitled Image"}},"backgroundOpacity":0,"willDoAnimation":true,"animationType":"glow","displayAsButton":false,"buttonSize":"big","goToSlideType":"specified","invisible":false,"id":"img3602cc2a-11eb-4672-bdf9-9a5fa1ec5f67_2"},{"x":47.000103485838785,"y":44.00026681929878,"width":40,"height":40,"action":{"library":"H5P.CRAudio 1.4","params":{"fitToWrapper":true,"currIndex":6,"playerMode":"minimalistic","controls":true,"autoplay":true,"playAudio":"Play audio","pauseAudio":"Pause audio","contentName":"Audio","glowColor":"#ffd85a","timeStampForEachText":[{"text":" \u0906\u0908 ","startDuration":"0.0000","endDuration":"0.2930","wordfile":[{"path":"audios\/wordfile-673c60ff585b2.wav","mime":"audio\/x-wav","copyright":{"license":"U"}}]},{"text":" \u092e\u093e\u091d\u094d\u092f\u093e ","startDuration":"0.2931","endDuration":"0.7574","wordfile":[{"path":"audios\/wordfile-673c610e2c473.wav","mime":"audio\/x-wav","copyright":{"license":"U"}}]},{"text":" \u092c\u0939\u093f\u0923\u0940\u092a\u0947\u0915\u094d\u0937\u093e ","startDuration":"0.7575","endDuration":"1.6097","wordfile":[{"path":"audios\/wordfile-673c611bd29ad.wav","mime":"audio\/x-wav","copyright":{"license":"U"}}]},{"text":" \u0909\u0902\u091a ","startDuration":"1.6098","endDuration":"1.9994","wordfile":[{"path":"audios\/wordfile-673c612b5e65a.wav","mime":"audio\/x-wav","copyright":{"license":"U"}}]},{"text":" \u0906\u0939\u0947 ","startDuration":"1.9995","endDuration":"2.3834","wordfile":[{"path":"audios\/wordfile-673c61392e42e.wav","mime":"audio\/x-wav","copyright":{"license":"U"}}]}],"files":[{"path":"audios\/files-673c60ec4d2e6.wav","mime":"audio\/x-wav","copyright":{"license":"U"}}]},"subContentId":"f0dca247-2871-4bf9-b369-fd50ef3a1b0b","metadata":{"contentType":"Curious Reader Audio","license":"U","title":"Untitled Curious Reader Audio"}},"backgroundOpacity":0,"willDoAnimation":false,"animationType":"glow","displayAsButton":false,"buttonSize":"big","goToSlideType":"specified","invisible":false}],"slideBackgroundSelector":{}},{"elements":[{"x":15.306122448979592,"y":5.037783375314861,"width":33.87799564270153,"height":90.73275862068967,"action":{"library":"H5P.Image 1.1","params":{"contentName":"Image","file":{"path":"images\/file-620d8bb185c3e.jpg","mime":"image\/jpeg","copyright":{"license":"U"},"width":639,"height":918}},"metadata":{"contentType":"Image","license":"U","title":"Untitled Image"},"subContentId":"8e0baedd-67c8-46c8-a1c5-9fe3f76afc8a"},"backgroundOpacity":0,"willDoAnimation":false,"animationType":"glow","displayAsButton":false,"buttonSize":"big","goToSlideType":"specified","invisible":false},{"x":52.23880597014925,"y":33.210332103321036,"width":40,"height":40,"action":{"library":"H5P.CRAdvancedText 1.1","params":{"text":"<p style=\"text-align: center;\"><span style=\"font-size:1.75em;\"><span style=\"color:#ffffff;\">\u092d\u093e\u090a \u092e\u093e\u091d\u0940 \u092c\u0945\u0917 \u0926\u0947\u0924 \u0906\u0939\u0947<\/span><\/span><\/p>\n"},"subContentId":"20265a28-41ff-4d28-94d4-25d24a458dae","metadata":{"contentType":"Text","license":"U","title":"Untitled Text"}},"alwaysDisplayComments":false,"backgroundOpacity":0,"willDoAnimation":false,"animationType":"glow","displayAsButton":false,"buttonSize":"big","goToSlideType":"specified","invisible":false,"solution":""},{"x":25.735294117647058,"y":29.21021818181818,"width":10.477941176470587,"height":49.81818181818182,"action":{"library":"H5P.Image 1.1","params":{"contentName":"Image"},"subContentId":"6390009c-dd86-484a-8c93-890d50c242b3","metadata":{"contentType":"Image","license":"U","title":"Untitled Image"}},"backgroundOpacity":0,"willDoAnimation":true,"animationType":"glow","displayAsButton":false,"buttonSize":"big","goToSlideType":"specified","invisible":false,"id":"img8e18673b-77b4-4845-8171-644ee7678bcb_0"},{"x":25.735294117647058,"y":54.54545454545455,"width":8.63970588235294,"height":16,"action":{"library":"H5P.Image 1.1","params":{"contentName":"Image"},"subContentId":"d4c68eb9-935d-4187-a19f-a51e10f58672","metadata":{"contentType":"Image","license":"U","title":"Untitled Image"}},"backgroundOpacity":0,"willDoAnimation":true,"animationType":"glow","displayAsButton":false,"buttonSize":"big","goToSlideType":"specified","invisible":false,"id":"img8e18673b-77b4-4845-8171-644ee7678bcb_2"},{"x":92.5925925925926,"y":2.151768538561844,"width":40,"height":40,"action":{"library":"H5P.CRAudio 1.4","params":{"fitToWrapper":true,"currIndex":7,"playerMode":"minimalistic","controls":true,"autoplay":true,"playAudio":"Play audio","pauseAudio":"Pause audio","contentName":"Audio","glowColor":"#ffd85a","timeStampForEachText":[{"text":" \u092d\u093e\u090a ","startDuration":"0.1482","endDuration":"0.5574","wordfile":[{"path":"audios\/wordfile-673c6166e6ab8.wav","mime":"audio\/x-wav","copyright":{"license":"U"}}]},{"text":" \u092e\u093e\u091d\u0940 ","startDuration":"0.5575","endDuration":"0.9729","wordfile":[{"path":"audios\/wordfile-673c617556caa.wav","mime":"audio\/x-wav","copyright":{"license":"U"}}]},{"text":" \u092c\u0945\u0917 ","startDuration":"0.9730","endDuration":"1.2749","wordfile":[{"path":"audios\/wordfile-673c618404708.wav","mime":"audio\/x-wav","copyright":{"license":"U"}}]},{"text":" \u0926\u0947\u0924 ","startDuration":"1.2750","endDuration":"1.5283","wordfile":[{"path":"audios\/wordfile-673c6192e752b.wav","mime":"audio\/x-wav","copyright":{"license":"U"}}]},{"text":" \u0906\u0939\u0947 ","startDuration":"1.5284","endDuration":"1.8928","wordfile":[{"path":"audios\/wordfile-673c61a13e5b4.wav","mime":"audio\/x-wav","copyright":{"license":"U"}}]}],"files":[{"path":"audios\/files-673c6156198b1.wav","mime":"audio\/x-wav","copyright":{"license":"U"}}]},"subContentId":"3338448e-50ae-42df-bbb2-27bd3cfd929a","metadata":{"contentType":"Curious Reader Audio","license":"U","title":"Untitled Curious Reader Audio"}},"backgroundOpacity":0,"willDoAnimation":false,"animationType":"glow","displayAsButton":false,"buttonSize":"big","goToSlideType":"specified","invisible":false}],"slideBackgroundSelector":{}},{"elements":[{"x":14.705882352941178,"y":3.6637931034482762,"width":34.64052287581699,"height":92.45689655172414,"action":{"library":"H5P.Image 1.1","params":{"contentName":"Image","file":{"path":"images\/file-620d8be87d7ce.jpg","mime":"image\/jpeg","copyright":{"license":"U"},"width":639,"height":918}},"metadata":{"contentType":"Image","license":"U","title":"Untitled Image"},"subContentId":"b5dd1b5b-c4b7-4e07-9e11-de9c97fc90fa"},"backgroundOpacity":0,"willDoAnimation":false,"animationType":"glow","displayAsButton":false,"buttonSize":"big","goToSlideType":"specified","invisible":false},{"x":54.1044776119403,"y":36.90036900369004,"width":40,"height":40,"action":{"library":"H5P.CRAdvancedText 1.1","params":{"text":"<p style=\"text-align: center;\"><span style=\"color:#ffffff;\"><span style=\"font-size:1.75em;\">\u092c\u0939\u0940\u0923 \u092e\u093e\u091d\u094d\u092f\u093e \u092d\u093e\u0935\u093e\u092a\u0947\u0915\u094d\u0937\u093e \u0909\u0902\u091a \u0906\u0939\u0947<\/span><\/span><\/p>\n"},"subContentId":"bb05e671-c08f-4978-8b7c-9dae5f84555f","metadata":{"contentType":"Text","license":"U","title":"Untitled Text"}},"alwaysDisplayComments":false,"backgroundOpacity":0,"willDoAnimation":false,"animationType":"glow","displayAsButton":false,"buttonSize":"big","goToSlideType":"specified","invisible":false,"solution":""},{"x":31.249999999999996,"y":21.818181818181817,"width":12.499999999999998,"height":21.09090909090909,"action":{"library":"H5P.Image 1.1","params":{"contentName":"Image"},"subContentId":"0550c845-2abb-4733-af3a-215a57d1dd2f","metadata":{"contentType":"Image","license":"U","title":"Untitled Image"}},"backgroundOpacity":0,"willDoAnimation":true,"animationType":"glow","displayAsButton":false,"buttonSize":"big","goToSlideType":"specified","invisible":false,"id":"img2ba479cc-9cb5-4e8d-9d27-c9e85e308542_0"},{"x":23.897058823529413,"y":29.21021818181818,"width":8.63970588235294,"height":40,"action":{"library":"H5P.Image 1.1","params":{"contentName":"Image"},"subContentId":"64c5872e-7d14-4a4d-98a1-d8c2615cc7df","metadata":{"contentType":"Image","license":"U","title":"Untitled Image"}},"backgroundOpacity":0,"willDoAnimation":true,"animationType":"glow","displayAsButton":false,"buttonSize":"big","goToSlideType":"specified","invisible":false,"id":"img2ba479cc-9cb5-4e8d-9d27-c9e85e308542_2"},{"x":47.000103485838785,"y":44.00026681929878,"width":40,"height":40,"action":{"library":"H5P.CRAudio 1.4","params":{"fitToWrapper":true,"currIndex":8,"playerMode":"minimalistic","controls":true,"autoplay":true,"playAudio":"Play audio","pauseAudio":"Pause audio","contentName":"Audio","glowColor":"#ffd85a","timeStampForEachText":[{"text":" \u092c\u0939\u0940\u0923 ","startDuration":"0.2792","endDuration":"0.8839","wordfile":[{"path":"audios\/wordfile-673c61da9e919.wav","mime":"audio\/x-wav","copyright":{"license":"U"}}]},{"text":" \u092e\u093e\u091d\u094d\u092f\u093e ","startDuration":"0.8840","endDuration":"1.1136","wordfile":[{"path":"audios\/wordfile-673c61ea575d1.wav","mime":"audio\/x-wav","copyright":{"license":"U"}}]},{"text":" \u092d\u093e\u0935\u093e\u092a\u0947\u0915\u094d\u0937\u093e ","startDuration":"1.1137","endDuration":"1.9674","wordfile":[{"path":"audios\/wordfile-673c61f901aca.wav","mime":"audio\/x-wav","copyright":{"license":"U"}}]},{"text":" \u0909\u0902\u091a ","startDuration":"1.9675","endDuration":"2.3383","wordfile":[{"path":"audios\/wordfile-673c6208dfd14.wav","mime":"audio\/x-wav","copyright":{"license":"U"}}]},{"text":" \u0906\u0939\u0947 ","startDuration":"2.3384","endDuration":"2.8775","wordfile":[{"path":"audios\/wordfile-673c6218649d0.wav","mime":"audio\/x-wav","copyright":{"license":"U"}}]}],"files":[{"path":"audios\/files-673c61c40cd15.wav","mime":"audio\/x-wav","copyright":{"license":"U"}}]},"subContentId":"7dbbd7be-b6c0-428f-bbec-79d2d3f18cf7","metadata":{"contentType":"Curious Reader Audio","license":"U","title":"Untitled Curious Reader Audio"}},"backgroundOpacity":0,"willDoAnimation":false,"animationType":"glow","displayAsButton":false,"buttonSize":"big","goToSlideType":"specified","invisible":false}],"slideBackgroundSelector":{}},{"elements":[{"x":15.24259259259259,"y":4.314547413793104,"width":34.85838779956427,"height":92.88793103448276,"action":{"library":"H5P.Image 1.1","params":{"contentName":"Image","file":{"path":"images\/file-620d8c22dbcda.jpg","mime":"image\/jpeg","copyright":{"license":"U"},"width":639,"height":918}},"metadata":{"contentType":"Image","license":"U","title":"Untitled Image"},"subContentId":"ec439803-414f-4f94-bef7-2c65cfc2ee92"},"backgroundOpacity":0,"willDoAnimation":false,"animationType":"glow","displayAsButton":false,"buttonSize":"big","goToSlideType":"specified","invisible":false},{"x":54.1044776119403,"y":36.90036900369004,"width":40,"height":40,"action":{"library":"H5P.CRAdvancedText 1.1","params":{"text":"<p style=\"text-align: center;\"><span style=\"font-size:1.75em;\"><span style=\"color:#ffffff;\">\u092d\u093e\u090a \u092e\u093e\u091d\u094d\u092f\u093e\u092a\u0947\u0915\u094d\u0937\u093e \u0909\u0902\u091a \u0906\u0939\u0947<\/span><\/span><\/p>\n"},"subContentId":"94ce7688-2430-4964-a7ac-32b30b023c09","metadata":{"contentType":"Text","license":"U","title":"Untitled Text"}},"alwaysDisplayComments":false,"backgroundOpacity":0,"willDoAnimation":false,"animationType":"glow","displayAsButton":false,"buttonSize":"big","goToSlideType":"specified","invisible":false,"solution":""},{"x":20.220588235294116,"y":43.63636363636363,"width":8.63970588235294,"height":40,"action":{"library":"H5P.Image 1.1","params":{"contentName":"Image"},"subContentId":"fca42eb5-4065-43d0-9ed6-1733c12e400a","metadata":{"contentType":"Image","license":"U","title":"Untitled Image"}},"backgroundOpacity":0,"willDoAnimation":true,"animationType":"glow","displayAsButton":false,"buttonSize":"big","goToSlideType":"specified","invisible":false,"id":"imgfb918dbd-2f8a-4973-9b58-7860db512f7d_1"},{"x":29.41176470588235,"y":25.454545454545453,"width":8.63970588235294,"height":40,"action":{"library":"H5P.Image 1.1","params":{"contentName":"Image"},"subContentId":"9bfbf938-b448-4e60-bd9c-445933bec806","metadata":{"contentType":"Image","license":"U","title":"Untitled Image"}},"backgroundOpacity":0,"willDoAnimation":true,"animationType":"glow","displayAsButton":false,"buttonSize":"big","goToSlideType":"specified","invisible":false,"id":"imgfb918dbd-2f8a-4973-9b58-7860db512f7d_0"},{"x":47.000103485838785,"y":44.00026681929878,"width":40,"height":40,"action":{"library":"H5P.CRAudio 1.4","params":{"fitToWrapper":true,"currIndex":9,"playerMode":"minimalistic","controls":true,"autoplay":true,"playAudio":"Play audio","pauseAudio":"Pause audio","contentName":"Audio","glowColor":"#ffd85a","timeStampForEachText":[{"text":" \u092d\u093e\u090a ","startDuration":"0.1668","endDuration":"0.6176","wordfile":[{"path":"audios\/wordfile-673c624370db5.wav","mime":"audio\/x-wav","copyright":{"license":"U"}}]},{"text":" \u092e\u093e\u091d\u094d\u092f\u093e\u092a\u0947\u0915\u094d\u0937\u093e ","startDuration":"0.6177","endDuration":"1.3986","wordfile":[{"path":"audios\/wordfile-673c6252671ad.wav","mime":"audio\/x-wav","copyright":{"license":"U"}}]},{"text":" \u0909\u0902\u091a ","startDuration":"1.3987","endDuration":"1.7682","wordfile":[{"path":"audios\/wordfile-673c626071426.wav","mime":"audio\/x-wav","copyright":{"license":"U"}}]},{"text":" \u0906\u0939\u0947 ","startDuration":"1.7683","endDuration":"2.2240","wordfile":[{"path":"audios\/wordfile-673c626e564e1.wav","mime":"audio\/x-wav","copyright":{"license":"U"}}]}],"files":[{"path":"audios\/files-673c6233a3cda.wav","mime":"audio\/x-wav","copyright":{"license":"U"}}]},"subContentId":"c52ee548-76e1-4535-ad51-7a4b4b934de1","metadata":{"contentType":"Curious Reader Audio","license":"U","title":"Untitled Curious Reader Audio"}},"backgroundOpacity":0,"willDoAnimation":false,"animationType":"glow","displayAsButton":false,"buttonSize":"big","goToSlideType":"specified","invisible":false}],"slideBackgroundSelector":{}},{"elements":[{"x":16.338344226579522,"y":4.320560344827586,"width":33.00653594771242,"height":92.45689655172414,"action":{"library":"H5P.Image 1.1","params":{"contentName":"Image","file":{"path":"images\/file-620d8c5c30c01.jpg","mime":"image\/jpeg","copyright":{"license":"U"},"width":639,"height":918}},"metadata":{"contentType":"Image","license":"U","title":"Untitled Image"},"subContentId":"5bf06604-bab2-4fde-b399-8b6b9caf36cb"},"backgroundOpacity":0,"willDoAnimation":false,"animationType":"glow","displayAsButton":false,"buttonSize":"big","goToSlideType":"specified","invisible":false},{"x":54.1044776119403,"y":36.90036900369004,"width":40,"height":40,"action":{"library":"H5P.CRAdvancedText 1.1","params":{"text":"<p style=\"text-align: center;\"><span style=\"font-size:1.75em;\"><span style=\"color:#ffffff;\">\u092e\u0940 \u0915\u0941\u091f\u0941\u0902\u092c\u093e\u0924\u0940\u0932 \u0938\u0930\u094d\u0935\u093e\u0924 \u0932\u0939\u093e\u0928 \u0906\u0939\u0947<\/span><\/span><\/p>\n"},"subContentId":"5da06bf6-c805-48c4-8fd0-add34ef36a2b","metadata":{"contentType":"Text","license":"U","title":"Untitled Text"}},"alwaysDisplayComments":false,"backgroundOpacity":0,"willDoAnimation":false,"animationType":"glow","displayAsButton":false,"buttonSize":"big","goToSlideType":"specified","invisible":false,"solution":""},{"x":20.22058823529412,"y":14.625018181818184,"width":27.02205882352941,"height":40,"action":{"library":"H5P.Image 1.1","params":{"contentName":"Image"},"subContentId":"b82156d9-bc37-4d9c-a081-60cb80baa6e3","metadata":{"contentType":"Image","license":"U","title":"Untitled Image"}},"backgroundOpacity":0,"willDoAnimation":true,"animationType":"glow","displayAsButton":false,"buttonSize":"big","goToSlideType":"specified","invisible":false,"id":"img013b522e-69d7-4098-96e9-bfa3a2cfdd92_1"},{"x":25.735294117647058,"y":43.63636363636363,"width":14.15441176470588,"height":40,"action":{"library":"H5P.Image 1.1","params":{"contentName":"Image"},"subContentId":"cd8bfa50-f140-4a51-a47a-5ad8b1bf3f7e","metadata":{"contentType":"Image","license":"U","title":"Untitled Image"}},"backgroundOpacity":0,"willDoAnimation":true,"animationType":"glow","displayAsButton":false,"buttonSize":"big","goToSlideType":"specified","invisible":false,"id":"img013b522e-69d7-4098-96e9-bfa3a2cfdd92_0"},{"x":92.5925925925926,"y":2.151768538561844,"width":40,"height":40,"action":{"library":"H5P.CRAudio 1.4","params":{"fitToWrapper":true,"currIndex":10,"playerMode":"minimalistic","controls":true,"autoplay":true,"playAudio":"Play audio","pauseAudio":"Pause audio","contentName":"Audio","glowColor":"#ffd85a","timeStampForEachText":[{"text":" \u092e\u0940 ","startDuration":"0.1728","endDuration":"0.4585","wordfile":[{"path":"audios\/wordfile-673c62a7aa2cc.wav","mime":"audio\/x-wav","copyright":{"license":"U"}}]},{"text":" \u0915\u0941\u091f\u0941\u0902\u092c\u093e\u0924\u0940\u0932 ","startDuration":"0.4586","endDuration":"1.2507","wordfile":[{"path":"audios\/wordfile-673c62b6f0fb2.wav","mime":"audio\/x-wav","copyright":{"license":"U"}}]},{"text":" \u0938\u0930\u094d\u0935\u093e\u0924 ","startDuration":"1.2508","endDuration":"1.7997","wordfile":[{"path":"audios\/wordfile-673c62c5dbc6f.wav","mime":"audio\/x-wav","copyright":{"license":"U"}}]},{"text":" \u0932\u0939\u093e\u0928 ","startDuration":"1.7998","endDuration":"2.2782","wordfile":[{"path":"audios\/wordfile-673c62d59457b.wav","mime":"audio\/x-wav","copyright":{"license":"U"}}]},{"text":" \u0906\u0939\u0947 ","startDuration":"2.2783","endDuration":"2.7343","wordfile":[{"path":"audios\/wordfile-673c62e41c2ae.wav","mime":"audio\/x-wav","copyright":{"license":"U"}}]}],"files":[{"path":"audios\/files-673c62945ba6a.wav","mime":"audio\/x-wav","copyright":{"license":"U"}}]},"subContentId":"2c1376fc-3ea5-4bb5-80ef-7bb2ba06efda","metadata":{"contentType":"Curious Reader Audio","license":"U","title":"Untitled Curious Reader Audio"}},"backgroundOpacity":0,"willDoAnimation":false,"animationType":"glow","displayAsButton":false,"buttonSize":"big","goToSlideType":"specified","invisible":false}],"slideBackgroundSelector":{}},{"elements":[{"x":17.426470588235293,"y":6.47334051724138,"width":32.46187363834423,"height":89.65517241379311,"action":{"library":"H5P.Image 1.1","params":{"contentName":"Image","file":{"path":"images\/file-620d8c9aa16a1.jpg","mime":"image\/jpeg","copyright":{"license":"U"},"width":639,"height":918}},"metadata":{"contentType":"Image","license":"U","title":"Untitled Image"},"subContentId":"ae70667a-fe5d-4f6e-96d3-e63ca9aa9160"},"backgroundOpacity":0,"willDoAnimation":false,"animationType":"glow","displayAsButton":false,"buttonSize":"big","goToSlideType":"specified","invisible":false},{"x":54.1044776119403,"y":33.210332103321036,"width":40,"height":40,"action":{"library":"H5P.CRAdvancedText 1.1","params":{"text":"<p style=\"text-align: center;\"><span style=\"color:#ffffff;\"><span style=\"font-size:1.75em;\">\u0905\u0930\u0947 \u0928\u093e\u0939\u0940! \u0924\u093f\u0925\u0947 \u0906\u092e\u091a\u0947 \u092a\u093f\u0932\u094d\u0932\u0942, \u091c\u094b\u091c\u094b \u0906\u0932\u093e.<\/span><\/span><\/p>\n"},"subContentId":"9b262f75-e92f-402d-a68c-1f6324d6de47","metadata":{"contentType":"Text","license":"U","title":"Untitled Text"}},"alwaysDisplayComments":false,"backgroundOpacity":0,"willDoAnimation":false,"animationType":"glow","displayAsButton":false,"buttonSize":"big","goToSlideType":"specified","invisible":false,"solution":""},{"x":34.92647058823529,"y":69.38909090909091,"width":14.88970588235294,"height":24.363636363636363,"action":{"library":"H5P.Image 1.1","params":{"contentName":"Image"},"subContentId":"2a0e49ed-8c78-408c-89f5-62608bdd1b25","metadata":{"contentType":"Image","license":"U","title":"Untitled Image"}},"backgroundOpacity":0,"willDoAnimation":true,"animationType":"glow","displayAsButton":false,"buttonSize":"big","goToSlideType":"specified","invisible":false,"id":"img00a57fd8-bea9-4f76-9d18-488788e0ec50_5"},{"x":36.76470588235294,"y":69.0909090909091,"width":12.316176470588234,"height":20.727272727272727,"action":{"library":"H5P.Image 1.1","params":{"contentName":"Image"},"subContentId":"33bf16a4-e04c-4914-b051-574b440c5044","metadata":{"contentType":"Image","license":"U","title":"Untitled Image"}},"backgroundOpacity":0,"willDoAnimation":true,"animationType":"glow","displayAsButton":false,"buttonSize":"big","goToSlideType":"specified","invisible":false,"id":"img00a57fd8-bea9-4f76-9d18-488788e0ec50_4"},{"x":47.000103485838785,"y":44.00026681929878,"width":40,"height":40,"action":{"library":"H5P.CRAudio 1.4","params":{"fitToWrapper":true,"currIndex":11,"playerMode":"minimalistic","controls":true,"autoplay":true,"playAudio":"Play audio","pauseAudio":"Pause audio","contentName":"Audio","glowColor":"#ffd85a","timeStampForEachText":[{"text":" \u0905\u0930\u0947 ","startDuration":"0.0000","endDuration":"0.3762","wordfile":[{"path":"audios\/wordfile-673c6444851cf.wav","mime":"audio\/x-wav","copyright":{"license":"U"}}]},{"text":" \u0928\u093e\u0939\u0940! ","startDuration":"0.3763","endDuration":"0.9770","wordfile":[{"path":"audios\/wordfile-673c645c08dde.wav","mime":"audio\/x-wav","copyright":{"license":"U"}}]},{"text":" \u0924\u093f\u0925\u0947 ","startDuration":"1.2027","endDuration":"1.4917","wordfile":[{"path":"audios\/wordfile-673c646ad1a23.wav","mime":"audio\/x-wav","copyright":{"license":"U"}}]},{"text":" \u0906\u092e\u091a\u0947 ","startDuration":"1.4918","endDuration":"1.8921","wordfile":[{"path":"audios\/wordfile-673c647900b30.wav","mime":"audio\/x-wav","copyright":{"license":"U"}}]},{"text":" \u092a\u093f\u0932\u094d\u0932\u0942, ","startDuration":"1.8913","endDuration":"2.4296","wordfile":[{"path":"audios\/wordfile-673c6486654e2.wav","mime":"audio\/x-wav","copyright":{"license":"U"}}]},{"text":" \u091c\u094b\u091c\u094b ","startDuration":"2.8163","endDuration":"3.2834","wordfile":[{"path":"audios\/wordfile-673c64974840c.wav","mime":"audio\/x-wav","copyright":{"license":"U"}}]},{"text":" \u0906\u0932\u093e. ","startDuration":"3.2835","endDuration":"3.7551","wordfile":[{"path":"audios\/wordfile-673c64a65c91f.wav","mime":"audio\/x-wav","copyright":{"license":"U"}}]}],"files":[{"path":"audios\/files-673c630614364.wav","mime":"audio\/x-wav","copyright":{"license":"U"}}]},"subContentId":"95f82697-ef20-43ff-8a2f-805e3ade0269","metadata":{"contentType":"Curious Reader Audio","license":"U","title":"Untitled Curious Reader Audio"}},"backgroundOpacity":0,"willDoAnimation":false,"animationType":"glow","displayAsButton":false,"buttonSize":"big","goToSlideType":"specified","invisible":false}],"slideBackgroundSelector":{}},{"elements":[{"x":16.228976034858388,"y":6.47334051724138,"width":32.6797385620915,"height":90.51724137931035,"action":{"library":"H5P.Image 1.1","params":{"contentName":"Image","file":{"path":"images\/file-620d8cddb99ae.jpg","mime":"image\/jpeg","copyright":{"license":"U"},"width":479,"height":687}},"metadata":{"contentType":"Image","license":"U","title":"Untitled Image"},"subContentId":"b0a958ff-98a9-43bb-a0f2-0d435e39a16f"},"backgroundOpacity":0,"willDoAnimation":false,"animationType":"glow","displayAsButton":false,"buttonSize":"big","goToSlideType":"specified","invisible":false},{"x":52.23880597014925,"y":40.59040590405904,"width":40,"height":40,"action":{"library":"H5P.CRAdvancedText 1.1","params":{"text":"<p style=\"text-align: center;\"><span style=\"font-size:1.75em;\"><span style=\"color:#ffffff;\">\u091c\u094b\u091c\u094b \u092e\u093e\u091d\u0940 \u091a\u092a\u094d\u092a\u0932 \u0926\u0947\u0924 \u0906\u0939\u0947<\/span><\/span><\/p>\n"},"subContentId":"8564a3dc-0eca-4be8-ba1d-b8018542d278","metadata":{"contentType":"Text","license":"U","title":"Untitled Text"}},"alwaysDisplayComments":false,"backgroundOpacity":0,"willDoAnimation":false,"animationType":"glow","displayAsButton":false,"buttonSize":"big","goToSlideType":"specified","invisible":false,"solution":""},{"x":33.088235294117645,"y":61.99418181818183,"width":15.992647058823529,"height":21.09090909090909,"action":{"library":"H5P.Image 1.1","params":{"contentName":"Image"},"subContentId":"ec121c1a-f749-4f75-bf74-4c1b03bd3aea","metadata":{"contentType":"Image","license":"U","title":"Untitled Image"}},"backgroundOpacity":0,"willDoAnimation":true,"animationType":"glow","displayAsButton":false,"buttonSize":"big","goToSlideType":"specified","invisible":false},{"x":33.088235294117645,"y":69.0909090909091,"width":6.8014705882352935,"height":15.272727272727273,"action":{"library":"H5P.Image 1.1","params":{"contentName":"Image"},"subContentId":"2a99b1d9-5fd2-4650-8c08-a5eb7a973cdb","metadata":{"contentType":"Image","license":"U","title":"Untitled Image"}},"backgroundOpacity":0,"willDoAnimation":true,"animationType":"glow","displayAsButton":false,"buttonSize":"big","goToSlideType":"specified","invisible":false,"id":"imgcd3eaab9-dd2e-4701-937e-1d22951a4eaa_2"},{"x":92.5925925925926,"y":2.151768538561844,"width":40,"height":40,"action":{"library":"H5P.CRAudio 1.4","params":{"fitToWrapper":true,"currIndex":12,"playerMode":"minimalistic","controls":true,"autoplay":true,"playAudio":"Play audio","pauseAudio":"Pause audio","contentName":"Audio","glowColor":"#ffd85a","timeStampForEachText":[{"text":" \u091c\u094b\u091c\u094b ","startDuration":"0.2563","endDuration":"0.7976","wordfile":[{"path":"audios\/wordfile-673c655d078e2.wav","mime":"audio\/x-wav","copyright":{"license":"U"}}]},{"text":" \u092e\u093e\u091d\u0940 ","startDuration":"0.7977","endDuration":"1.1462","wordfile":[{"path":"audios\/wordfile-673c656d41b22.wav","mime":"audio\/x-wav","copyright":{"license":"U"}}]},{"text":" \u091a\u092a\u094d\u092a\u0932 ","startDuration":"1.1463","endDuration":"1.6987","wordfile":[{"path":"audios\/wordfile-673c658031c36.wav","mime":"audio\/x-wav","copyright":{"license":"U"}}]},{"text":" \u0926\u0947\u0924 ","startDuration":"1.6988","endDuration":"1.8988","wordfile":[{"path":"audios\/wordfile-673c658f1e1ec.wav","mime":"audio\/x-wav","copyright":{"license":"U"}}]},{"text":" \u0906\u0939\u0947 ","startDuration":"1.8989","endDuration":"2.3814","wordfile":[{"path":"audios\/wordfile-673c659d2074d.wav","mime":"audio\/x-wav","copyright":{"license":"U"}}]}],"files":[{"path":"audios\/files-673c65498f419.wav","mime":"audio\/x-wav","copyright":{"license":"U"}}]},"subContentId":"57690a37-9965-41cf-963e-c7ec810835ee","metadata":{"contentType":"Curious Reader Audio","license":"U","title":"Untitled Curious Reader Audio"}},"backgroundOpacity":0,"willDoAnimation":false,"animationType":"glow","displayAsButton":false,"buttonSize":"big","goToSlideType":"specified","invisible":false}],"slideBackgroundSelector":{}},{"elements":[{"x":15.247167755991283,"y":6.47334051724138,"width":32.6797385620915,"height":90.30172413793105,"action":{"library":"H5P.Image 1.1","params":{"contentName":"Image","file":{"path":"images\/file-620d8d0a066ff.jpg","mime":"image\/jpeg","copyright":{"license":"U"},"width":479,"height":687}},"metadata":{"contentType":"Image","license":"U","title":"Untitled Image"},"subContentId":"89d672ca-d3ad-478d-bb23-9297f0787395"},"backgroundOpacity":0,"willDoAnimation":false,"animationType":"glow","displayAsButton":false,"buttonSize":"big","goToSlideType":"specified","invisible":false},{"x":54.1044776119403,"y":36.90036900369004,"width":40,"height":40,"action":{"library":"H5P.CRAdvancedText 1.1","params":{"text":"<p style=\"text-align: center;\"><span style=\"font-size:1.75em;\"><span style=\"color:#ffffff;\">\u091c\u094b\u091c\u094b \u0938\u0930\u094d\u0935\u093e\u0924 \u0932\u0939\u093e\u0928 \u0906\u0939\u0947<\/span><\/span><\/p>\n"},"subContentId":"2454353b-98f5-4c25-87f6-d757dd5e4711","metadata":{"contentType":"Text","license":"U","title":"Untitled Text"}},"alwaysDisplayComments":false,"backgroundOpacity":0,"willDoAnimation":false,"animationType":"glow","displayAsButton":false,"buttonSize":"big","goToSlideType":"specified","invisible":false,"solution":""},{"x":31.249999999999996,"y":61.81818181818182,"width":8.63970588235294,"height":19.272727272727273,"action":{"library":"H5P.Image 1.1","params":{"contentName":"Image"},"subContentId":"4d983b53-3d52-4cda-8ff4-e94bdfd5d3d8","metadata":{"contentType":"Image","license":"U","title":"Untitled Image"}},"backgroundOpacity":0,"willDoAnimation":true,"animationType":"glow","displayAsButton":false,"buttonSize":"big","goToSlideType":"specified","invisible":false,"id":"img2d8d6f9a-0dd7-4d8d-9e7b-d9742d78f812_0"},{"x":47.000103485838785,"y":44.00026681929878,"width":40,"height":40,"action":{"library":"H5P.CRAudio 1.4","params":{"fitToWrapper":true,"currIndex":13,"playerMode":"minimalistic","controls":true,"autoplay":true,"playAudio":"Play audio","pauseAudio":"Pause audio","contentName":"Audio","glowColor":"#ffd85a","timeStampForEachText":[{"text":" \u091c\u094b\u091c\u094b ","startDuration":"0.2211","endDuration":"0.7334","wordfile":[{"path":"audios\/wordfile-673c65e10cd4f.wav","mime":"audio\/x-wav","copyright":{"license":"U"}}]},{"text":" \u0938\u0930\u094d\u0935\u093e\u0924 ","startDuration":"0.7335","endDuration":"1.2783","wordfile":[{"path":"audios\/wordfile-673c65eed18d5.wav","mime":"audio\/x-wav","copyright":{"license":"U"}}]},{"text":" \u0932\u0939\u093e\u0928 ","startDuration":"1.2784","endDuration":"1.7706","wordfile":[{"path":"audios\/wordfile-673c65ff63e7a.wav","mime":"audio\/x-wav","copyright":{"license":"U"}}]},{"text":" \u0906\u0939\u0947 ","startDuration":"1.7707","endDuration":"2.2339","wordfile":[{"path":"audios\/wordfile-673c660e8c09d.wav","mime":"audio\/x-wav","copyright":{"license":"U"}}]}],"files":[{"path":"audios\/files-673c65bdc4808.wav","mime":"audio\/x-wav","copyright":{"license":"U"}}]},"subContentId":"8439e1b0-f274-431e-95cc-2cd4207abe07","metadata":{"contentType":"Curious Reader Audio","license":"U","title":"Untitled Curious Reader Audio"}},"backgroundOpacity":0,"willDoAnimation":false,"animationType":"glow","displayAsButton":false,"buttonSize":"big","goToSlideType":"specified","invisible":false}],"slideBackgroundSelector":{}},{"elements":[{"x":14.159041394335512,"y":7.847370689655173,"width":35.83877995642702,"height":89.00862068965517,"action":{"library":"H5P.Image 1.1","params":{"contentName":"Image","file":{"path":"images\/file-620d8d312228a.jpg","mime":"image\/jpeg","copyright":{"license":"U"},"width":479,"height":687}},"metadata":{"contentType":"Image","license":"U","title":"Untitled Image"},"subContentId":"e767bcfd-f9ac-468c-afd5-1d15bc90d6b7"},"backgroundOpacity":0,"willDoAnimation":false,"animationType":"glow","displayAsButton":false,"buttonSize":"big","goToSlideType":"specified","invisible":false},{"x":54.1044776119403,"y":33.210332103321036,"width":40,"height":40,"action":{"library":"H5P.CRAdvancedText 1.1","params":{"text":"<p style=\"text-align: center;\"><span style=\"font-size:1.75em;\"><span style=\"color:#ffffff;\">\u0939\u094b\u092f! \u091c\u094b\u091c\u094b \u092e\u093e\u091d\u094d\u092f\u093e\u092a\u0947\u0915\u094d\u0937\u093e \u0932\u0939\u093e\u0928 \u0906\u0939\u0947<\/span><\/span><\/p>\n"},"subContentId":"9ad72868-95b2-40a9-b911-06eaf294e6d2","metadata":{"contentType":"Text","license":"U","title":"Untitled Text"}},"alwaysDisplayComments":false,"backgroundOpacity":0,"willDoAnimation":false,"animationType":"glow","displayAsButton":false,"buttonSize":"big","goToSlideType":"specified","invisible":false,"solution":""},{"x":25.735294117647058,"y":21.880690909090912,"width":15.992647058823529,"height":31.636363636363637,"action":{"library":"H5P.Image 1.1","params":{"contentName":"Image"},"subContentId":"e2613970-9ab1-47b3-9af6-0062cf403847","metadata":{"contentType":"Image","license":"U","title":"Untitled Image"}},"backgroundOpacity":0,"willDoAnimation":true,"animationType":"glow","displayAsButton":false,"buttonSize":"big","goToSlideType":"specified","invisible":false,"id":"img0e2cc3f5-c4de-43b3-aee0-ef611619b381_0"},{"x":16.544117647058822,"y":58.18181818181818,"width":17.830882352941174,"height":31.636363636363637,"action":{"library":"H5P.Image 1.1","params":{"contentName":"Image"},"subContentId":"ea0a2dde-189e-4d06-aa4a-d29397e44bbc","metadata":{"contentType":"Image","license":"U","title":"Untitled Image"}},"backgroundOpacity":0,"willDoAnimation":true,"animationType":"glow","displayAsButton":false,"buttonSize":"big","goToSlideType":"specified","invisible":false,"id":"img0e2cc3f5-c4de-43b3-aee0-ef611619b381_1"},{"x":25.735294117647058,"y":21.911927272727276,"width":15.992647058823529,"height":31.636363636363637,"action":{"library":"H5P.Image 1.1","params":{"contentName":"Image"},"subContentId":"adb67159-fcb2-497a-b106-1a1c8b3a0f2d","metadata":{"contentType":"Image","license":"U","title":"Untitled Image"}},"backgroundOpacity":0,"willDoAnimation":true,"animationType":"glow","displayAsButton":false,"buttonSize":"big","goToSlideType":"specified","invisible":false,"id":"img0e2cc3f5-c4de-43b3-aee0-ef611619b381_2"},{"x":92.5925925925926,"y":2.151768538561844,"width":40,"height":40,"action":{"library":"H5P.CRAudio 1.4","params":{"fitToWrapper":true,"currIndex":14,"playerMode":"minimalistic","controls":true,"autoplay":true,"playAudio":"Play audio","pauseAudio":"Pause audio","contentName":"Audio","glowColor":"#ffd85a","timeStampForEachText":[{"text":" \u0939\u094b\u092f! ","startDuration":"0.1388","endDuration":"0.6242","wordfile":[{"path":"audios\/wordfile-673c692f564f7.wav","mime":"audio\/x-wav","copyright":{"license":"U"}}]},{"text":" \u091c\u094b\u091c\u094b ","startDuration":"0.9404","endDuration":"1.5134","wordfile":[{"path":"audios\/wordfile-673c693ed74fa.wav","mime":"audio\/x-wav","copyright":{"license":"U"}}]},{"text":" \u092e\u093e\u091d\u094d\u092f\u093e\u092a\u0947\u0915\u094d\u0937\u093e ","startDuration":"1.5135","endDuration":"2.2989","wordfile":[{"path":"audios\/wordfile-673c694ef3084.wav","mime":"audio\/x-wav","copyright":{"license":"U"}}]},{"text":" \u0932\u0939\u093e\u0928 ","startDuration":"2.2990","endDuration":"2.6454","wordfile":[{"path":"audios\/wordfile-673c69603df65.wav","mime":"audio\/x-wav","copyright":{"license":"U"}}]},{"text":" \u0906\u0939\u0947 ","startDuration":"2.6455","endDuration":"3.1420","wordfile":[{"path":"audios\/wordfile-673c696f04bda.wav","mime":"audio\/x-wav","copyright":{"license":"U"}}]}],"files":[{"path":"audios\/files-673c691dc8083.wav","mime":"audio\/x-wav","copyright":{"license":"U"}}]},"subContentId":"37fe8c17-88b5-4102-bbd0-6031dba41788","metadata":{"contentType":"Curious Reader Audio","license":"U","title":"Untitled Curious Reader Audio"}},"backgroundOpacity":0,"willDoAnimation":false,"animationType":"glow","displayAsButton":false,"buttonSize":"big","goToSlideType":"specified","invisible":false}],"slideBackgroundSelector":{}},{"elements":[{"x":13.832270408163264,"y":6.468438287153652,"width":34.43877551020408,"height":90.42821158690175,"action":{"library":"H5P.Image 1.1","params":{"contentName":"Image","file":{"path":"images\/file-620d8d58bb16b.jpg","mime":"image\/jpeg","copyright":{"license":"U"},"width":639,"height":918}},"metadata":{"contentType":"Image","license":"U","title":"Untitled Image"},"subContentId":"04bd3f8e-9a22-417f-8446-3b35b45f2017"},"backgroundOpacity":0,"willDoAnimation":false,"animationType":"glow","displayAsButton":false,"buttonSize":"big","goToSlideType":"specified","invisible":false},{"x":52.23880597014925,"y":36.90036900369004,"width":40,"height":40,"action":{"library":"H5P.CRAdvancedText 1.1","params":{"text":"<p style=\"text-align: center;\"><span style=\"font-size:1.75em;\"><span style=\"color:#ffffff;\">\u092e\u0940 \u092e\u093e\u091d\u094d\u092f\u093e \u092d\u093e\u0935\u093e\u092a\u0947\u0915\u094d\u0937\u093e \u0932\u0939\u093e\u0928 \u0906\u0939\u0947<\/span><\/span><\/p>\n"},"subContentId":"07b0ce94-eba5-402f-b644-a387589e0110","metadata":{"contentType":"Text","license":"U","title":"Untitled Text"}},"alwaysDisplayComments":false,"backgroundOpacity":0,"willDoAnimation":false,"animationType":"glow","displayAsButton":false,"buttonSize":"big","goToSlideType":"specified","invisible":false,"solution":""},{"x":29.41176470588235,"y":10.909090909090908,"width":17.830882352941174,"height":40,"action":{"library":"H5P.Image 1.1","params":{"contentName":"Image"},"subContentId":"254909b1-f00c-4a2f-b2cd-b3ea0db222f0","metadata":{"contentType":"Image","license":"U","title":"Untitled Image"}},"backgroundOpacity":0,"willDoAnimation":true,"animationType":"glow","displayAsButton":false,"buttonSize":"big","goToSlideType":"specified","invisible":false,"id":"img939b9e06-c11a-4de8-98f8-e81faeac7495_2"},{"x":16.544117647058822,"y":29.09090909090909,"width":15.992647058823529,"height":40,"action":{"library":"H5P.Image 1.1","params":{"contentName":"Image"},"subContentId":"e94a75bc-e380-4f12-96d0-e1a0052aff9e","metadata":{"contentType":"Image","license":"U","title":"Untitled Image"}},"backgroundOpacity":0,"willDoAnimation":true,"animationType":"glow","displayAsButton":false,"buttonSize":"big","goToSlideType":"specified","invisible":false,"id":"img939b9e06-c11a-4de8-98f8-e81faeac7495_0"},{"x":47.000103485838785,"y":44.00026681929878,"width":40,"height":40,"action":{"library":"H5P.CRAudio 1.4","params":{"fitToWrapper":true,"currIndex":15,"playerMode":"minimalistic","controls":true,"autoplay":true,"playAudio":"Play audio","pauseAudio":"Pause audio","contentName":"Audio","glowColor":"#ffd85a","timeStampForEachText":[{"text":" \u092e\u0940 ","startDuration":"0.1212","endDuration":"0.3244","wordfile":[{"path":"audios\/wordfile-673c699f825bc.wav","mime":"audio\/x-wav","copyright":{"license":"U"}}]},{"text":" \u092e\u093e\u091d\u094d\u092f\u093e ","startDuration":"0.3245","endDuration":"0.7838","wordfile":[{"path":"audios\/wordfile-673c69ae540dc.wav","mime":"audio\/x-wav","copyright":{"license":"U"}}]},{"text":" \u092d\u093e\u0935\u093e\u092a\u0947\u0915\u094d\u0937\u093e ","startDuration":"0.7839","endDuration":"1.5870","wordfile":[{"path":"audios\/wordfile-673c69be64668.wav","mime":"audio\/x-wav","copyright":{"license":"U"}}]},{"text":" \u0932\u0939\u093e\u0928 ","startDuration":"1.5871","endDuration":"1.9224","wordfile":[{"path":"audios\/wordfile-673c69cd40162.wav","mime":"audio\/x-wav","copyright":{"license":"U"}}]},{"text":" \u0906\u0939\u0947 ","startDuration":"1.9225","endDuration":"2.3987","wordfile":[{"path":"audios\/wordfile-673c69db71522.wav","mime":"audio\/x-wav","copyright":{"license":"U"}}]}],"files":[{"path":"audios\/files-673c698dbf93f.wav","mime":"audio\/x-wav","copyright":{"license":"U"}}]},"subContentId":"3053b6a7-a1b0-44d2-9609-68faf3a5f4e8","metadata":{"contentType":"Curious Reader Audio","license":"U","title":"Untitled Curious Reader Audio"}},"backgroundOpacity":0,"willDoAnimation":false,"animationType":"glow","displayAsButton":false,"buttonSize":"big","goToSlideType":"specified","invisible":false}],"slideBackgroundSelector":{}},{"elements":[{"x":14.161220043572985,"y":6.4655172413793105,"width":35.947712418300654,"height":90.73275862068967,"action":{"library":"H5P.Image 1.1","params":{"contentName":"Image","file":{"path":"images\/file-620d8da1ca430.jpg","mime":"image\/jpeg","copyright":{"license":"U"},"width":479,"height":687}},"metadata":{"contentType":"Image","license":"U","title":"Untitled Image"},"subContentId":"60e40c47-4d45-4d74-8969-9c409aee425a"},"backgroundOpacity":0,"willDoAnimation":false,"animationType":"glow","displayAsButton":false,"buttonSize":"big","goToSlideType":"specified","invisible":false},{"x":54.1044776119403,"y":33.210332103321036,"width":40,"height":40,"action":{"library":"H5P.CRAdvancedText 1.1","params":{"text":"<p style=\"text-align: center;\"><span style=\"font-size:1.75em;\"><span style=\"color:#ffffff;\">\u092e\u093e\u091d\u093e \u092d\u093e\u090a \u092e\u093e\u091d\u094d\u092f\u093e \u092c\u0939\u093f\u0923\u0940\u092a\u0947\u0915\u094d\u0937\u093e \u0932\u0939\u093e\u0928 \u0906\u0939\u0947<\/span><\/span><\/p>\n"},"subContentId":"4e808457-769d-4f3b-95db-7d65d906f36b","metadata":{"contentType":"Text","license":"U","title":"Untitled Text"}},"alwaysDisplayComments":false,"backgroundOpacity":0,"willDoAnimation":false,"animationType":"glow","displayAsButton":false,"buttonSize":"big","goToSlideType":"specified","invisible":false,"solution":""},{"x":18.38235294117647,"y":7.2727272727272725,"width":12.316176470588234,"height":40,"action":{"library":"H5P.Image 1.1","params":{"contentName":"Image"},"subContentId":"985146a4-1695-4eb2-9eeb-d265d5e923bc","metadata":{"contentType":"Image","license":"U","title":"Untitled Image"}},"backgroundOpacity":0,"willDoAnimation":true,"animationType":"glow","displayAsButton":false,"buttonSize":"big","goToSlideType":"specified","invisible":false,"id":"img835ff490-d998-4ce3-be05-aa1d9644359d_3"},{"x":36.45441176470589,"y":14.585236363636364,"width":12.683823529411764,"height":31.636363636363637,"action":{"library":"H5P.Image 1.1","params":{"contentName":"Image"},"subContentId":"bbac3aed-0945-4f9c-837b-f5dcb86df1c0","metadata":{"contentType":"Image","license":"U","title":"Untitled Image"}},"backgroundOpacity":0,"willDoAnimation":true,"animationType":"glow","displayAsButton":false,"buttonSize":"big","goToSlideType":"specified","invisible":false,"id":"img835ff490-d998-4ce3-be05-aa1d9644359d_1"},{"x":47.000103485838785,"y":44.00026681929878,"width":40,"height":40,"action":{"library":"H5P.CRAudio 1.4","params":{"fitToWrapper":true,"currIndex":16,"playerMode":"minimalistic","controls":true,"autoplay":true,"playAudio":"Play audio","pauseAudio":"Pause audio","contentName":"Audio","glowColor":"#ffd85a","timeStampForEachText":[{"text":" \u092e\u093e\u091d\u093e ","startDuration":"0.1181","endDuration":"0.5531","wordfile":[{"path":"audios\/wordfile-673c6a30a4407.wav","mime":"audio\/x-wav","copyright":{"license":"U"}}]},{"text":" \u092d\u093e\u090a ","startDuration":"0.5532","endDuration":"1.0394","wordfile":[{"path":"audios\/wordfile-673c6a3f7abd4.wav","mime":"audio\/x-wav","copyright":{"license":"U"}}]},{"text":" \u092e\u093e\u091d\u094d\u092f\u093e ","startDuration":"1.0395","endDuration":"1.5114","wordfile":[{"path":"audios\/wordfile-673c6a53ed6f3.wav","mime":"audio\/x-wav","copyright":{"license":"U"}}]},{"text":" \u092c\u0939\u093f\u0923\u0940\u092a\u0947\u0915\u094d\u0937\u093e ","startDuration":"1.5115","endDuration":"2.3198","wordfile":[{"path":"audios\/wordfile-673c6a636bb92.wav","mime":"audio\/x-wav","copyright":{"license":"U"}}]},{"text":" \u0932\u0939\u093e\u0928 ","startDuration":"2.3199","endDuration":"2.6058","wordfile":[{"path":"audios\/wordfile-673c6a755e503.wav","mime":"audio\/x-wav","copyright":{"license":"U"}}]},{"text":" \u0906\u0939\u0947 ","startDuration":"2.6059","endDuration":"3.1029","wordfile":[{"path":"audios\/wordfile-673c6a831402b.wav","mime":"audio\/x-wav","copyright":{"license":"U"}}]}],"files":[{"path":"audios\/files-673c6a0f2628c.wav","mime":"audio\/x-wav","copyright":{"license":"U"}}]},"subContentId":"131b1d0c-3351-44a3-a229-c4048726be5f","metadata":{"contentType":"Curious Reader Audio","license":"U","title":"Untitled Curious Reader Audio"}},"backgroundOpacity":0,"willDoAnimation":false,"animationType":"glow","displayAsButton":false,"buttonSize":"big","goToSlideType":"specified","invisible":false}],"slideBackgroundSelector":{}},{"elements":[{"x":14.596949891067538,"y":5.603448275862069,"width":34.85838779956427,"height":91.16379310344828,"action":{"library":"H5P.Image 1.1","params":{"contentName":"Image","file":{"path":"images\/file-620d8dcd7ce8c.jpg","mime":"image\/jpeg","copyright":{"license":"U"},"width":479,"height":687}},"metadata":{"contentType":"Image","license":"U","title":"Untitled Image"},"subContentId":"74592e07-1d40-4cfc-8d4f-dc0d059d43f9"},"backgroundOpacity":0,"willDoAnimation":false,"animationType":"glow","displayAsButton":false,"buttonSize":"big","goToSlideType":"specified","invisible":false},{"x":54.1044776119403,"y":40.59040590405904,"width":40,"height":40,"action":{"library":"H5P.CRAdvancedText 1.1","params":{"text":"<p style=\"text-align: center;\"><span style=\"font-size:1.75em;\"><span style=\"color:#ffffff;\">\u092e\u093e\u091d\u0940 \u092c\u0939\u0940\u0923 \u0906\u0908\u092a\u0947\u0915\u094d\u0937\u093e \u0932\u0939\u093e\u0928 \u0906\u0939\u0947<\/span><\/span><\/p>\n"},"subContentId":"6643345b-5a55-497e-8b6d-cb994138123e","metadata":{"contentType":"Text","license":"U","title":"Untitled Text"}},"alwaysDisplayComments":false,"backgroundOpacity":0,"willDoAnimation":false,"animationType":"glow","displayAsButton":false,"buttonSize":"big","goToSlideType":"specified","invisible":false,"solution":""},{"x":16.544117647058822,"y":21.880690909090912,"width":10.477941176470587,"height":29.818181818181817,"action":{"library":"H5P.Image 1.1","params":{"contentName":"Image"},"subContentId":"6609db73-225a-42dc-9211-34c6eb9e0be1","metadata":{"contentType":"Image","license":"U","title":"Untitled Image"}},"backgroundOpacity":0,"willDoAnimation":true,"animationType":"glow","displayAsButton":false,"buttonSize":"big","goToSlideType":"specified","invisible":false,"id":"imgc56eb0e3-2af2-4106-9477-74c30af7f196_1"},{"x":23.89705882352941,"y":14.545454545454545,"width":8.63970588235294,"height":28.363636363636363,"action":{"library":"H5P.Image 1.1","params":{"contentName":"Image"},"subContentId":"1d2587d6-a5b4-4dbe-9e86-2a3ada9b722a","metadata":{"contentType":"Image","license":"U","title":"Untitled Image"}},"backgroundOpacity":0,"willDoAnimation":true,"animationType":"glow","displayAsButton":false,"buttonSize":"big","goToSlideType":"specified","invisible":false,"id":"imgc56eb0e3-2af2-4106-9477-74c30af7f196_2"},{"x":92.5925925925926,"y":2.151768538561844,"width":40,"height":40,"action":{"library":"H5P.CRAudio 1.4","params":{"fitToWrapper":true,"currIndex":17,"playerMode":"minimalistic","controls":true,"autoplay":true,"playAudio":"Play audio","pauseAudio":"Pause audio","contentName":"Audio","glowColor":"#ffd85a","timeStampForEachText":[{"text":" \u092e\u093e\u091d\u0940 ","startDuration":"0.1664","endDuration":"0.5545","wordfile":[{"path":"audios\/wordfile-673c6abe3878e.wav","mime":"audio\/x-wav","copyright":{"license":"U"}}]},{"text":" \u092c\u0939\u0940\u0923 ","startDuration":"0.5546","endDuration":"1.0426","wordfile":[{"path":"audios\/wordfile-673c6ad44d0a1.wav","mime":"audio\/x-wav","copyright":{"license":"U"}}]},{"text":" \u0906\u0908\u092a\u0947\u0915\u094d\u0937\u093e ","startDuration":"1.0427","endDuration":"1.9373","wordfile":[{"path":"audios\/wordfile-673c6ae38ebf0.wav","mime":"audio\/x-wav","copyright":{"license":"U"}}]},{"text":" \u0932\u0939\u093e\u0928 ","startDuration":"1.9374","endDuration":"2.2654","wordfile":[{"path":"audios\/wordfile-673c6af4b9694.wav","mime":"audio\/x-wav","copyright":{"license":"U"}}]},{"text":" \u0906\u0939\u0947 ","startDuration":"2.2655","endDuration":"2.6511","wordfile":[{"path":"audios\/wordfile-673c6b03bd440.wav","mime":"audio\/x-wav","copyright":{"license":"U"}}]}],"files":[{"path":"audios\/files-673c6aa5e0faf.wav","mime":"audio\/x-wav","copyright":{"license":"U"}}]},"subContentId":"b78ba6aa-16a1-4585-a5d5-54857846b248","metadata":{"contentType":"Curious Reader Audio","license":"U","title":"Untitled Curious Reader Audio"}},"backgroundOpacity":0,"willDoAnimation":false,"animationType":"glow","displayAsButton":false,"buttonSize":"big","goToSlideType":"specified","invisible":false}],"slideBackgroundSelector":{}},{"elements":[{"x":13.069005102040816,"y":6.468438287153652,"width":35.714285714285715,"height":90.6801007556675,"action":{"library":"H5P.Image 1.1","params":{"contentName":"Image","file":{"path":"images\/file-620d8e258bed1.jpg","mime":"image\/jpeg","copyright":{"license":"U"},"width":479,"height":687}},"metadata":{"contentType":"Image","license":"U","title":"Untitled Image"},"subContentId":"bf6b3186-5b89-4ff3-9612-1418d24637a7"},"backgroundOpacity":0,"willDoAnimation":false,"animationType":"glow","displayAsButton":false,"buttonSize":"big","goToSlideType":"specified","invisible":false},{"x":54.1044776119403,"y":36.90036900369004,"width":40,"height":40,"action":{"library":"H5P.CRAdvancedText 1.1","params":{"text":"<p style=\"text-align:center;\"><span style=\"font-size:1.75em;color:#ffffff;\">\u0906\u0908 \u092a\u093e \u092a\u0947\u0915\u094d\u0937\u093e \u0932\u0939\u093e\u0928 \u0906\u0939\u0947.<\/span><\/p>"},"subContentId":"1d423c8b-2b6a-404c-ad55-e7db2fcd8803","metadata":{"contentType":"Text","license":"U","title":"Untitled Text"}},"alwaysDisplayComments":false,"backgroundOpacity":0,"willDoAnimation":false,"animationType":"glow","displayAsButton":false,"buttonSize":"big","goToSlideType":"specified","invisible":false,"solution":""},{"x":16.544117647058822,"y":18.181818181818183,"width":10.477941176470587,"height":21.454545454545453,"action":{"library":"H5P.Image 1.1","params":{"contentName":"Image"},"subContentId":"953fbaf4-897a-4b71-9632-da2a8af25b7a","metadata":{"contentType":"Image","license":"U","title":"Untitled Image"}},"backgroundOpacity":0,"willDoAnimation":true,"animationType":"glow","displayAsButton":false,"buttonSize":"big","goToSlideType":"specified","invisible":false,"id":"img9151312a-f045-4392-a5d2-38a31460190a_0"},{"x":29.41176470588235,"y":7.2727272727272725,"width":10.477941176470587,"height":29.818181818181817,"action":{"library":"H5P.Image 1.1","params":{"contentName":"Image"},"subContentId":"a638f201-8890-466f-99be-726ffcea615f","metadata":{"contentType":"Image","license":"U","title":"Untitled Image"}},"backgroundOpacity":0,"willDoAnimation":true,"animationType":"glow","displayAsButton":false,"buttonSize":"big","goToSlideType":"specified","invisible":false,"id":"img9151312a-f045-4392-a5d2-38a31460190a_1"},{"x":47.000103485838785,"y":44.00026681929878,"width":40,"height":40,"action":{"library":"H5P.CRAudio 1.4","params":{"fitToWrapper":true,"currIndex":18,"playerMode":"minimalistic","controls":true,"autoplay":true,"playAudio":"Play audio","pauseAudio":"Pause audio","contentName":"Audio","glowColor":"#ffd85a","timeStampForEachText":[{"text":" \u0906\u0908 ","startDuration":"0.1204","endDuration":"0.4184","wordfile":[{"path":"audios\/wordfile-673c6b3fa946d.wav","mime":"audio\/x-wav","copyright":{"license":"U"}}]},{"text":" \u092a\u093e ","startDuration":"0.4486","endDuration":"0.7714","wordfile":[{"path":"audios\/wordfile-673c6b50c8b74.wav","mime":"audio\/x-wav","copyright":{"license":"U"}}]},{"text":" \u092a\u0947\u0915\u094d\u0937\u093e ","startDuration":"0.7615","endDuration":"1.1908","wordfile":[{"path":"audios\/wordfile-67411905574d9.wav","mime":"audio\/x-wav","copyright":{"license":"U"}}]},{"text":" \u0932\u0939\u093e\u0928 ","startDuration":"1.1909","endDuration":"1.4720","wordfile":[{"path":"audios\/wordfile-673c6b719d8fa.wav","mime":"audio\/x-wav","copyright":{"license":"U"}}]},{"text":" \u0906\u0939\u0947 ","startDuration":"1.4721","endDuration":"1.8574","wordfile":[{"path":"audios\/wordfile-673c6b8726383.wav","mime":"audio\/x-wav","copyright":{"license":"U"}}]}],"files":[{"path":"audios\/files-673c6b277610f.wav","mime":"audio\/x-wav","copyright":{"license":"U"}}]},"subContentId":"88b49192-8c1b-4939-9056-6a73a77f4723","metadata":{"contentType":"Curious Reader Audio","license":"U","title":"Untitled Curious Reader Audio"}},"backgroundOpacity":0,"willDoAnimation":false,"animationType":"glow","displayAsButton":false,"buttonSize":"big","goToSlideType":"specified","invisible":false}],"slideBackgroundSelector":{}},{"elements":[{"x":13.071023965141611,"y":6.482349137931035,"width":35.83877995642702,"height":90.51724137931035,"action":{"library":"H5P.Image 1.1","params":{"contentName":"Image","file":{"path":"images\/file-620d8e5f7c6e2.jpg","mime":"image\/jpeg","copyright":{"license":"U"},"width":639,"height":918}},"metadata":{"contentType":"Image","license":"U","title":"Untitled Image"},"subContentId":"e85d8338-0d12-4245-9ceb-cc02d0c59251"},"backgroundOpacity":0,"willDoAnimation":false,"animationType":"glow","displayAsButton":false,"buttonSize":"big","goToSlideType":"specified","invisible":false},{"x":52.23880597014925,"y":36.90036900369004,"width":40,"height":40,"action":{"library":"H5P.CRAdvancedText 1.1","params":{"text":"<p style=\"text-align: center;\"><span style=\"font-size:1.75em;\"><span style=\"color:#ffffff;\">\u0935\u093e\u0939! \u092a\u093e \u0938\u0930\u094d\u0935\u093e\u0924 \u0909\u0902\u091a \u0906\u0939\u0947 \u0906\u0923\u093f \u091c\u094b\u091c\u094b \u0938\u0930\u094d\u0935\u093e\u0924 \u0932\u0939\u093e\u0928 \u0906\u0939\u0947<\/span><\/span><\/p>\n"},"subContentId":"95045f79-7578-469b-bf8a-88a9007a1c69","metadata":{"contentType":"Text","license":"U","title":"Untitled Text"}},"alwaysDisplayComments":false,"backgroundOpacity":0,"willDoAnimation":false,"animationType":"glow","displayAsButton":false,"buttonSize":"big","goToSlideType":"specified","invisible":false,"solution":""},{"x":22.058823529411764,"y":6.400581818181819,"width":8.63970588235294,"height":21.818181818181817,"action":{"library":"H5P.Image 1.1","params":{"contentName":"Image"},"subContentId":"991d2e88-bd6a-4aeb-a735-1d52b8352f15","metadata":{"contentType":"Image","license":"U","title":"Untitled Image"}},"backgroundOpacity":0,"willDoAnimation":true,"animationType":"glow","displayAsButton":false,"buttonSize":"big","goToSlideType":"specified","invisible":false,"id":"imgcafeffe9-978d-480f-87ce-959483a23cbe_1"},{"x":31.249999999999996,"y":65.45454545454545,"width":9.191176470588236,"height":17.09090909090909,"action":{"library":"H5P.Image 1.1","params":{"contentName":"Image"},"subContentId":"e0aea351-62a2-4fee-8817-2087f96a6730","metadata":{"contentType":"Image","license":"U","title":"Untitled Image"}},"backgroundOpacity":0,"willDoAnimation":true,"animationType":"glow","displayAsButton":false,"buttonSize":"big","goToSlideType":"specified","invisible":false,"id":"imgcafeffe9-978d-480f-87ce-959483a23cbe_6"},{"x":22.058823529411764,"y":7.2727272727272725,"width":8.63970588235294,"height":24.727272727272727,"action":{"library":"H5P.Image 1.1","params":{"contentName":"Image"},"subContentId":"72c721f9-c175-4c74-baec-501284fd5b66","metadata":{"contentType":"Image","license":"U","title":"Untitled Image"}},"backgroundOpacity":0,"willDoAnimation":true,"animationType":"glow","displayAsButton":false,"buttonSize":"big","goToSlideType":"specified","invisible":false},{"x":31.249999999999996,"y":65.45454545454545,"width":8.63970588235294,"height":17.454545454545453,"action":{"library":"H5P.Image 1.1","params":{"contentName":"Image"},"subContentId":"00dad073-866a-46d6-b8ac-2152a5bf4b71","metadata":{"contentType":"Image","license":"U","title":"Untitled Image"}},"backgroundOpacity":0,"willDoAnimation":true,"animationType":"glow","displayAsButton":false,"buttonSize":"big","goToSlideType":"specified","invisible":false,"id":"imgcafeffe9-978d-480f-87ce-959483a23cbe_8"},{"x":47.000103485838785,"y":44.00026681929878,"width":40,"height":40,"action":{"library":"H5P.CRAudio 1.4","params":{"fitToWrapper":true,"currIndex":19,"playerMode":"minimalistic","controls":true,"autoplay":true,"playAudio":"Play audio","pauseAudio":"Pause audio","contentName":"Audio","glowColor":"#ffd85a","timeStampForEachText":[{"text":" \u0935\u093e\u0939! ","startDuration":"0.0000","endDuration":"0.7634","wordfile":[{"path":"audios\/wordfile-673c7444e0ff5.wav","mime":"audio\/x-wav","copyright":{"license":"U"}}]},{"text":" \u092a\u093e ","startDuration":"1.0220","endDuration":"1.2888","wordfile":[{"path":"audios\/wordfile-673c7456b6467.wav","mime":"audio\/x-wav","copyright":{"license":"U"}}]},{"text":" \u0938\u0930\u094d\u0935\u093e\u0924 ","startDuration":"1.2889","endDuration":"1.8987","wordfile":[{"path":"audios\/wordfile-673c74650e569.wav","mime":"audio\/x-wav","copyright":{"license":"U"}}]},{"text":" \u0909\u0902\u091a ","startDuration":"1.8988","endDuration":"2.1690","wordfile":[{"path":"audios\/wordfile-673c74742cce2.wav","mime":"audio\/x-wav","copyright":{"license":"U"}}]},{"text":" \u0906\u0939\u0947 ","startDuration":"2.1691","endDuration":"2.4862","wordfile":[{"path":"audios\/wordfile-673c7483238de.wav","mime":"audio\/x-wav","copyright":{"license":"U"}}]},{"text":" \u0906\u0923\u093f ","startDuration":"2.7411","endDuration":"3.1576","wordfile":[{"path":"audios\/wordfile-673c74922ddc6.wav","mime":"audio\/x-wav","copyright":{"license":"U"}}]},{"text":" \u091c\u094b\u091c\u094b ","startDuration":"3.1577","endDuration":"3.6036","wordfile":[{"path":"audios\/wordfile-673c74a3e0221.wav","mime":"audio\/x-wav","copyright":{"license":"U"}}]},{"text":" \u0938\u0930\u094d\u0935\u093e\u0924 ","startDuration":"3.6037","endDuration":"4.0613","wordfile":[{"path":"audios\/wordfile-673c74b496446.wav","mime":"audio\/x-wav","copyright":{"license":"U"}}]},{"text":" \u0932\u0939\u093e\u0928 ","startDuration":"4.0582","endDuration":"4.4806","wordfile":[{"path":"audios\/wordfile-673c74c5af206.wav","mime":"audio\/x-wav","copyright":{"license":"U"}}]},{"text":" \u0906\u0939\u0947 ","startDuration":"4.4807","endDuration":"4.9734","wordfile":[{"path":"audios\/wordfile-673c74d3e492a.wav","mime":"audio\/x-wav","copyright":{"license":"U"}}]}],"files":[{"path":"audios\/files-673c7433523b7.wav","mime":"audio\/x-wav","copyright":{"license":"U"}}]},"subContentId":"1b78433b-d69c-4b86-b00e-4c57fd6b7844","metadata":{"contentType":"Curious Reader Audio","license":"U","title":"Untitled Curious Reader Audio"}},"backgroundOpacity":0,"willDoAnimation":false,"animationType":"glow","displayAsButton":false,"buttonSize":"big","goToSlideType":"specified","invisible":false}],"slideBackgroundSelector":{}},{"slideBackgroundSelector":{"fillSlideBackground":"#510265"},"elements":[{"x":71.42857142857143,"y":5.037783375314861,"width":26.403061224489797,"height":11.335012594458437,"action":{"library":"H5P.Image 1.1","params":{"contentName":"Image","file":{"path":"images\/file-621416dbd21d6.jpg","mime":"image\/jpeg","copyright":{"license":"U"},"width":1024,"height":209}},"metadata":{"contentType":"Image","license":"U","title":"Untitled Image"},"subContentId":"dca461cf-2797-43fc-8235-d1458724dbba"},"backgroundOpacity":0,"willDoAnimation":false,"animationType":"glow","displayAsButton":false,"buttonSize":"big","goToSlideType":"specified","invisible":false},{"x":3.826530612244898,"y":5.0338539042821155,"width":17.857142857142858,"height":13.09823677581864,"action":{"library":"H5P.Image 1.1","params":{"contentName":"Image","file":{"path":"images\/file-621417de42c38.png","mime":"image\/png","copyright":{"license":"U"},"width":1350,"height":505}},"metadata":{"contentType":"Image","license":"U","title":"Untitled Image"},"subContentId":"e53810ff-db6a-457c-935d-dab072652420"},"backgroundOpacity":0,"willDoAnimation":false,"animationType":"glow","displayAsButton":false,"buttonSize":"big","goToSlideType":"specified","invisible":false},{"x":38.052040816326524,"y":5.0338539042821155,"width":24.489795918367346,"height":12.594458438287154,"action":{"library":"H5P.Image 1.1","params":{"contentName":"Image","file":{"path":"images\/file-6214180a8b815.png","mime":"image\/png","copyright":{"license":"U"},"width":814,"height":202}},"metadata":{"contentType":"Image","license":"U","title":"Untitled Image"},"subContentId":"3d16a928-46cf-41e8-bb91-7aad8259e418"},"backgroundOpacity":0,"willDoAnimation":false,"animationType":"glow","displayAsButton":false,"buttonSize":"big","goToSlideType":"specified","invisible":false},{"x":6.475204081632653,"y":22.66413098236776,"width":88.01020408163265,"height":72.29219143576826,"action":{"library":"H5P.CRAdvancedText 1.1","params":{"text":"<h3 style=\"text-align: center;\"><strong><span style=\"font-size:0.75em;\"><span style=\"background-color:#ffffff;\">\"<\/span><\/span><\/strong>\u0932\u0939\u093e\u0928 \u0906\u0923\u093f \u092e\u094b\u0920\u0947<strong><span style=\"font-size:0.75em;\"><span style=\"background-color:#ffffff;\">\" credits<\/span><\/span><\/strong><\/h3>\n\n<h3 style=\"text-align: center;\"><strong><span style=\"font-size:0.75em;\"><span style=\"background-color:#ffffff;\">This work, \"<\/span><\/span><\/strong>\u0932\u0939\u093e\u0928 \u0906\u0923\u093f \u092e\u094b\u0920\u0947<strong><span style=\"font-size:0.75em;\"><span style=\"background-color:#ffffff;\">\u201d, is a derivative of \u201c<\/span><\/span><span style=\"background-color:#ffffff;\">Ubude nobufushane.<\/span><span style=\"font-size:0.75em;\"><span style=\"background-color:#ffffff;\">\u201d as translated by Celia Bolam used under CC BY. &nbsp;The \u00a9 for this translation lies with Room to Read, 2015. It is based on the original story: '\u1781\u17d2\u1796\u179f\u17cb\u1793\u17b7\u1784\u1791\u17b6\u1794', by Huy Chheng Rattana. \u00a9 Room to Read, 2015. Some changes were made to this work.<\/span><\/span><\/strong><\/h3>\n\n<h3 style=\"text-align: center;\"><strong><span style=\"font-size:0.75em;\"><span style=\"background-color:#ffffff;\">\u201c<\/span><\/span><\/strong>\u0932\u0939\u093e\u0928 \u0906\u0923\u093f \u092e\u094b\u0920\u0947<strong><span style=\"font-size:0.75em;\"><span style=\"background-color:#ffffff;\">\u201d is licensed under CC BY 4.0 by Curious Learning.<\/span><\/span><\/strong><\/h3>\n\n<h3 style=\"text-align: center;\"><br>\n<strong><span style=\"font-size:0.75em;\"><span style=\"background-color:#ffffff;\">Book builder - Abraham Jerry Kakooza<\/span><\/span><\/strong><\/h3>\n"},"metadata":{"contentType":"Text","license":"U","title":"Untitled Text"},"subContentId":"8d8d3374-d294-4681-b51f-66825d72b97e"},"alwaysDisplayComments":false,"backgroundOpacity":0,"willDoAnimation":false,"animationType":"glow","displayAsButton":false,"buttonSize":"big","goToSlideType":"specified","invisible":false,"solution":""}]}],"keywordListEnabled":true,"globalBackgroundSelector":{"fillGlobalBackground":"#fbeffe"},"keywordListAlwaysShow":false,"keywordListAutoHide":false,"keywordListOpacity":90},"override":{"activeSurface":false,"hideSummarySlide":false,"summarySlideSolutionButton":true,"summarySlideRetryButton":true,"enablePrintButton":false,"social":{"showFacebookShare":false,"facebookShare":{"url":"@currentpageurl","quote":"I scored @score out of @maxScore on a task at @currentpageurl."},"showTwitterShare":false,"twitterShare":{"statement":"I scored @score out of @maxScore on a task at @currentpageurl.","url":"@currentpageurl","hashtags":"h5p, course"},"showGoogleShare":false,"googleShareUrl":"@currentpageurl"}},"l10n":{"slide":"Slide","score":"Score","yourScore":"Your Score","maxScore":"Max Score","total":"Total","totalScore":"Total Score","showSolutions":"Show solutions","retry":"Retry","exportAnswers":"Export text","hideKeywords":"Hide sidebar navigation menu","showKeywords":"Show sidebar navigation menu","fullscreen":"Fullscreen","exitFullscreen":"Exit fullscreen","prevSlide":"Previous slide","nextSlide":"Next slide","currentSlide":"Current slide","lastSlide":"Last slide","solutionModeTitle":"Exit solution mode","solutionModeText":"Solution Mode","summaryMultipleTaskText":"Multiple tasks","scoreMessage":"You achieved:","shareFacebook":"Share on Facebook","shareTwitter":"Share on Twitter","shareGoogle":"Share on Google+","summary":"Summary","solutionsButtonTitle":"Show comments","printTitle":"Print","printIngress":"How would you like to print this presentation?","printAllSlides":"Print all slides","printCurrentSlide":"Print current slide","noTitle":"No title","accessibilitySlideNavigationExplanation":"Use left and right arrow to change slide in that direction whenever canvas is selected.","accessibilityCanvasLabel":"Presentation canvas. Use left and right arrow to move between slides.","containsNotCompleted":"@slideName contains not completed interaction","containsCompleted":"@slideName contains completed interaction","slideCount":"Slide @index of @total","containsOnlyCorrect":"@slideName only has correct answers","containsIncorrectAnswers":"@slideName has incorrect answers","shareResult":"Share Result","accessibilityTotalScore":"You got @score of @maxScore points in total","accessibilityEnteredFullscreen":"Entered fullscreen","accessibilityExitedFullscreen":"Exited fullscreen"}}