{"presentation":{"slides":[{"elements":[{"x":30.092091836734692,"y":83.10176322418135,"width":40.816326530612244,"height":14.105793450881611,"action":{"library":"H5P.CRAdvancedText 1.1","params":{"text":"<p style=\"text-align: center;\"><span style=\"font-size:2.25em;\"><strong>Asindize<\/strong><\/span><\/p>\n"},"metadata":{"contentType":"Text","license":"U","title":"Untitled Text"},"subContentId":"51cfb0dc-0cd9-4486-a5f5-8dd2c163ce5b"},"alwaysDisplayComments":false,"backgroundOpacity":0,"willDoAnimation":false,"animationType":"glow","displayAsButton":false,"buttonSize":"big","goToSlideType":"specified","invisible":false,"solution":""},{"x":13.874421296296296,"y":11.381278538812786,"width":69.44444444444444,"height":67.12328767123287,"action":{"library":"H5P.Image 1.1","params":{"contentName":"Image","file":{"path":"images\/file-61b0fbce652e3.jpg","mime":"image\/jpeg","copyright":{"license":"U"},"width":1024,"height":490}},"metadata":{"contentType":"Image","license":"U","title":"Untitled Image"},"subContentId":"f3a21a88-b49f-4d73-8362-d6a7f49a29c4"},"backgroundOpacity":0,"willDoAnimation":false,"animationType":"glow","displayAsButton":false,"buttonSize":"big","goToSlideType":"specified","invisible":false}],"slideBackgroundSelector":{"fillSlideBackground":"#fbfef0"}},{"elements":[{"x":54.21601307189542,"y":42.983870967741936,"width":42.0479302832244,"height":43.44086021505376,"action":{"library":"H5P.CRAdvancedText 1.1","params":{"text":"<p dir=\"ltr\" style=\"text-align: center;\"><span style=\"color:#ffffff;\"><span style=\"font-size:1.75em;\">Izinyoni ziyandiza. Opholi bayandiza.<\/span><\/span><\/p>\n"},"metadata":{"contentType":"Text","license":"U","title":"Untitled Text"},"subContentId":"f61774fd-d67c-406e-be26-091fbda98ec4"},"alwaysDisplayComments":false,"backgroundOpacity":0,"willDoAnimation":false,"animationType":"glow","displayAsButton":false,"buttonSize":"big","goToSlideType":"specified","invisible":false,"solution":""},{"x":8.928571428571429,"y":15.10942065491184,"width":45.025510204081634,"height":74.05541561712846,"action":{"library":"H5P.Image 1.1","params":{"contentName":"Image","file":{"path":"images\/file-61b0fb7e5066d.jpg","mime":"image\/jpeg","copyright":{"license":"U"},"width":1024,"height":1104}},"metadata":{"contentType":"Image","license":"U","title":"Untitled Image"},"subContentId":"b7c95286-c2ba-4651-beab-419e2744e08b"},"backgroundOpacity":0,"willDoAnimation":false,"animationType":"glow","displayAsButton":false,"buttonSize":"big","goToSlideType":"specified","invisible":false},{"x":47.00435729847495,"y":43.97849462365591,"width":40,"height":40,"action":{"library":"H5P.CRAudio 1.4","params":{"fitToWrapper":true,"currIndex":1,"playerMode":"minimalistic","controls":true,"autoplay":true,"playAudio":"Play audio","pauseAudio":"Pause audio","contentName":"Audio","glowColor":"#ffd85a","timeStampForEachText":[{"text":" Izinyoni ","startDuration":"0.5479","endDuration":"1.3530","wordfile":[{"path":"audios\/wordfile-64d337a818703.wav","mime":"audio\/x-wav","copyright":{"license":"U"}}]},{"text":" ziyandiza. ","startDuration":"1.3540","endDuration":"2.3531","wordfile":[{"path":"audios\/wordfile-64d337c5358a9.wav","mime":"audio\/x-wav","copyright":{"license":"U"}}]},{"text":" Opholi ","startDuration":"2.7422","endDuration":"3.4274","wordfile":[{"path":"audios\/wordfile-64d337e522739.wav","mime":"audio\/x-wav","copyright":{"license":"U"}}]},{"text":" bayandiza. ","startDuration":"3.4284","endDuration":"4.5302","wordfile":[{"path":"audios\/wordfile-64d337f7a8ad2.wav","mime":"audio\/x-wav","copyright":{"license":"U"}}]}],"files":[{"path":"audios\/files-64d33788895b5.wav","mime":"audio\/x-wav","copyright":{"license":"U"}}]},"subContentId":"bde8f1d7-d6b5-4085-b859-d7033727e0f9","metadata":{"contentType":"Curious Reader Audio","license":"U","title":"Untitled Curious Reader Audio"}},"backgroundOpacity":0,"willDoAnimation":false,"animationType":"glow","displayAsButton":false,"buttonSize":"big","goToSlideType":"specified","invisible":false},{"x":14.161220043572984,"y":19.31451612903226,"width":14.596949891067538,"height":22.36559139784946,"action":{"library":"H5P.Image 1.1","params":{"contentName":"Image"},"subContentId":"c9d48b26-968d-4909-b9d7-5bede4316e23","metadata":{"contentType":"Image","license":"U","title":"Untitled Image"}},"backgroundOpacity":0,"willDoAnimation":true,"animationType":"glow","displayAsButton":false,"buttonSize":"big","goToSlideType":"specified","invisible":false,"id":"imgbde8f1d7-d6b5-4085-b859-d7033727e0f9_0"},{"x":30.501089324618736,"y":19.31451612903226,"width":20.043572984749456,"height":40,"action":{"library":"H5P.Image 1.1","params":{"contentName":"Image"},"subContentId":"32205974-e83a-4562-9995-a4fb0b268bdc","metadata":{"contentType":"Image","license":"U","title":"Untitled Image"}},"backgroundOpacity":0,"willDoAnimation":true,"animationType":"glow","displayAsButton":false,"buttonSize":"big","goToSlideType":"specified","invisible":false,"id":"imgbde8f1d7-d6b5-4085-b859-d7033727e0f9_2"}],"slideBackgroundSelector":{}},{"elements":[{"x":1.2755102040816326,"y":83.0367758186398,"width":95.66326530612245,"height":14.357682619647354,"action":{"library":"H5P.CRAdvancedText 1.1","params":{"text":"<p style=\"text-align: center;\"><span style=\"color:#ffffff;\"><span style=\"font-size:1.75em;\">Ihhashi alikwazi ukundiza.<\/span><\/span><\/p>\n"},"metadata":{"contentType":"Text","license":"U","title":"Untitled Text"},"subContentId":"bdf10399-9f8b-4961-92e8-a77b0a168d2c"},"alwaysDisplayComments":false,"backgroundOpacity":0,"willDoAnimation":false,"animationType":"glow","displayAsButton":false,"buttonSize":"big","goToSlideType":"specified","invisible":false,"solution":""},{"x":30.501089324619,"y":10.113312131241,"width":39.998692810458,"height":69.996385028855,"action":{"library":"H5P.Image 1.1","params":{"contentName":"Image","file":{"path":"images\/file-61b0fc3ae2444.jpg","mime":"image\/jpeg","copyright":{"license":"U"},"width":1024,"height":1104}},"metadata":{"contentType":"Image","license":"U","title":"Untitled Image"},"subContentId":"0eae359d-32c6-46fb-8de7-8f02514abf8e"},"backgroundOpacity":0,"willDoAnimation":false,"animationType":"glow","displayAsButton":false,"buttonSize":"big","goToSlideType":"specified","invisible":false},{"x":47.00435729847495,"y":43.97849462365591,"width":40,"height":40,"action":{"library":"H5P.CRAudio 1.4","params":{"fitToWrapper":true,"currIndex":2,"playerMode":"minimalistic","controls":true,"autoplay":true,"playAudio":"Play audio","pauseAudio":"Pause audio","contentName":"Audio","glowColor":"#ffd85a","timeStampForEachText":[{"text":" Ihhashi ","startDuration":"0.4435","endDuration":"1.3787","wordfile":[{"path":"audios\/wordfile-64d338271051c.wav","mime":"audio\/x-wav","copyright":{"license":"U"}}]},{"text":" alikwazi ","startDuration":"1.5595","endDuration":"2.4387","wordfile":[{"path":"audios\/wordfile-64d338412fd6e.wav","mime":"audio\/x-wav","copyright":{"license":"U"}}]},{"text":" ukundiza. ","startDuration":"2.4397","endDuration":"3.5000","wordfile":[{"path":"audios\/wordfile-64d3385199892.wav","mime":"audio\/x-wav","copyright":{"license":"U"}}]}],"files":[{"path":"audios\/files-64d338157db77.wav","mime":"audio\/x-wav","copyright":{"license":"U"}}]},"subContentId":"cc809d55-24d8-4644-bbe3-9ae32ba93fea","metadata":{"contentType":"Curious Reader Audio","license":"U","title":"Untitled Curious Reader Audio"}},"backgroundOpacity":0,"willDoAnimation":false,"animationType":"glow","displayAsButton":false,"buttonSize":"big","goToSlideType":"specified","invisible":false},{"x":41.394335511982575,"y":10.719096774193549,"width":22.22222222222222,"height":52.47311827956989,"action":{"library":"H5P.Image 1.1","params":{"contentName":"Image"},"subContentId":"223c70e9-f39a-496b-bc60-646fb51603a3","metadata":{"contentType":"Image","license":"U","title":"Untitled Image"}},"backgroundOpacity":0,"willDoAnimation":true,"animationType":"glow","displayAsButton":false,"buttonSize":"big","goToSlideType":"specified","invisible":false,"id":"imgcc809d55-24d8-4644-bbe3-9ae32ba93fea_0"}],"slideBackgroundSelector":{}},{"elements":[{"x":51.274836601307186,"y":42.983870967741936,"width":44.66230936819172,"height":37.41935483870967,"action":{"library":"H5P.CRAdvancedText 1.1","params":{"text":"<p dir=\"ltr\" style=\"text-align: center;\"><span style=\"color:#ffffff;\"><span style=\"font-size:1.75em;\">Izimpukane ziyandiza. Isihlonono siyandiza.<\/span><\/span><\/p>\n"},"metadata":{"contentType":"Text","license":"U","title":"Untitled Text"},"subContentId":"e7499cfe-b2d8-4666-a09a-bb8671071b24"},"alwaysDisplayComments":false,"backgroundOpacity":0,"willDoAnimation":false,"animationType":"glow","displayAsButton":false,"buttonSize":"big","goToSlideType":"specified","invisible":false,"solution":""},{"x":7.653061224489796,"y":12.586599496221663,"width":43.75,"height":73.04785894206549,"action":{"library":"H5P.Image 1.1","params":{"contentName":"Image","file":{"path":"images\/file-61b0fcf6e4c40.jpg","mime":"image\/jpeg","copyright":{"license":"U"},"width":1024,"height":735}},"metadata":{"contentType":"Image","license":"U","title":"Untitled Image"},"subContentId":"efc5cf0f-5e4d-4e8c-839f-8137e74f62b0"},"backgroundOpacity":0,"willDoAnimation":false,"animationType":"glow","displayAsButton":false,"buttonSize":"big","goToSlideType":"specified","invisible":false},{"x":47.00435729847495,"y":43.97849462365591,"width":40,"height":40,"action":{"library":"H5P.CRAudio 1.4","params":{"fitToWrapper":true,"currIndex":3,"playerMode":"minimalistic","controls":true,"autoplay":true,"playAudio":"Play audio","pauseAudio":"Pause audio","contentName":"Audio","glowColor":"#ffd85a","timeStampForEachText":[{"text":" Izimpukane ","startDuration":"0.3453","endDuration":"1.4055","wordfile":[{"path":"audios\/wordfile-64d3387eb86ab.wav","mime":"audio\/x-wav","copyright":{"license":"U"}}]},{"text":" ziyandiza. ","startDuration":"1.4065","endDuration":"2.3662","wordfile":[{"path":"audios\/wordfile-64d338942aebc.wav","mime":"audio\/x-wav","copyright":{"license":"U"}}]},{"text":" Isihlonono ","startDuration":"3.0453","endDuration":"3.9861","wordfile":[{"path":"audios\/wordfile-64d338af6a2d9.wav","mime":"audio\/x-wav","copyright":{"license":"U"}}]},{"text":" siyandiza. ","startDuration":"3.9871","endDuration":"5.0535","wordfile":[{"path":"audios\/wordfile-64d338c532a49.wav","mime":"audio\/x-wav","copyright":{"license":"U"}}]}],"files":[{"path":"audios\/files-64d338628b793.wav","mime":"audio\/x-wav","copyright":{"license":"U"}}]},"subContentId":"c81b1feb-59ce-4767-a3d7-89fae50260aa","metadata":{"contentType":"Curious Reader Audio","license":"U","title":"Untitled Curious Reader Audio"}},"backgroundOpacity":0,"willDoAnimation":false,"animationType":"glow","displayAsButton":false,"buttonSize":"big","goToSlideType":"specified","invisible":false},{"x":19.607843137254903,"y":23.639139784946238,"width":10.239651416122005,"height":18.064516129032256,"action":{"library":"H5P.Image 1.1","params":{"contentName":"Image"},"subContentId":"92b2005b-9171-47a6-af64-40b3c6421b8b","metadata":{"contentType":"Image","license":"U","title":"Untitled Image"}},"backgroundOpacity":0,"willDoAnimation":true,"animationType":"glow","displayAsButton":false,"buttonSize":"big","goToSlideType":"specified","invisible":false,"id":"imgc81b1feb-59ce-4767-a3d7-89fae50260aa_0"},{"x":10.893246187363834,"y":45.08064516129032,"width":16.775599128540307,"height":22.36559139784946,"action":{"library":"H5P.Image 1.1","params":{"contentName":"Image"},"subContentId":"f0177a1b-06b8-49c5-8aef-65c001b26519","metadata":{"contentType":"Image","license":"U","title":"Untitled Image"}},"backgroundOpacity":0,"willDoAnimation":true,"animationType":"glow","displayAsButton":false,"buttonSize":"big","goToSlideType":"specified","invisible":false,"id":"imgc81b1feb-59ce-4767-a3d7-89fae50260aa_2"}],"slideBackgroundSelector":{}},{"elements":[{"x":51.14716775599128,"y":45.134408602150536,"width":39.54248366013072,"height":32.90322580645161,"action":{"library":"H5P.CRAdvancedText 1.1","params":{"text":"<p dir=\"ltr\" style=\"text-align: center;\"><span style=\"font-size:1.75em;\"><span style=\"color:#ffffff;\">Isibankwa asikwazi ukundiza.<\/span><\/span><\/p>\n"},"metadata":{"contentType":"Text","license":"U","title":"Untitled Text"},"subContentId":"1f146767-dee3-43be-b3d3-e0ac03baa3d4"},"alwaysDisplayComments":false,"backgroundOpacity":0,"willDoAnimation":false,"animationType":"glow","displayAsButton":false,"buttonSize":"big","goToSlideType":"specified","invisible":false,"solution":""},{"x":6.377551020408164,"y":12.594458438287154,"width":43.23979591836735,"height":75.56675062972292,"action":{"library":"H5P.Image 1.1","params":{"contentName":"Image","file":{"path":"images\/file-61b0fd4e9bf21.jpg","mime":"image\/jpeg","copyright":{"license":"U"},"width":1024,"height":1104}},"metadata":{"contentType":"Image","license":"U","title":"Untitled Image"},"subContentId":"ff68cee0-c12d-4506-854b-2822d09f8ee8"},"backgroundOpacity":0,"willDoAnimation":false,"animationType":"glow","displayAsButton":false,"buttonSize":"big","goToSlideType":"specified","invisible":false},{"x":47.00435729847495,"y":43.97849462365591,"width":40,"height":40,"action":{"library":"H5P.CRAudio 1.4","params":{"fitToWrapper":true,"currIndex":4,"playerMode":"minimalistic","controls":true,"autoplay":true,"playAudio":"Play audio","pauseAudio":"Pause audio","contentName":"Audio","glowColor":"#ffd85a","timeStampForEachText":[{"text":" Isibankwa ","startDuration":"0.0000","endDuration":"1.0883","wordfile":[{"path":"audios\/wordfile-64d338f337e7e.wav","mime":"audio\/x-wav","copyright":{"license":"U"}}]},{"text":" asikwazi ","startDuration":"1.1678","endDuration":"2.1027","wordfile":[{"path":"audios\/wordfile-64d3390c36a5a.wav","mime":"audio\/x-wav","copyright":{"license":"U"}}]},{"text":" ukundiza. ","startDuration":"2.1037","endDuration":"3.0778","wordfile":[{"path":"audios\/wordfile-64d3391fcda18.wav","mime":"audio\/x-wav","copyright":{"license":"U"}}]}],"files":[{"path":"audios\/files-64d338d659d0b.wav","mime":"audio\/x-wav","copyright":{"license":"U"}}]},"subContentId":"bfe477c2-3f93-40e1-90df-deab3d248bff","metadata":{"contentType":"Curious Reader Audio","license":"U","title":"Untitled Curious Reader Audio"}},"backgroundOpacity":0,"willDoAnimation":false,"animationType":"glow","displayAsButton":false,"buttonSize":"big","goToSlideType":"specified","invisible":false},{"x":19.607843137254903,"y":14.993290322580647,"width":20.043572984749456,"height":46.02150537634408,"action":{"library":"H5P.Image 1.1","params":{"contentName":"Image"},"subContentId":"7cb2ecbd-7c43-413b-923f-0ff8e0e53a0b","metadata":{"contentType":"Image","license":"U","title":"Untitled Image"}},"backgroundOpacity":0,"willDoAnimation":true,"animationType":"glow","displayAsButton":false,"buttonSize":"big","goToSlideType":"specified","invisible":false,"id":"imgbfe477c2-3f93-40e1-90df-deab3d248bff_0"}],"slideBackgroundSelector":{"fillSlideBackground":"#f5fef0"}},{"elements":[{"x":50.636601307189544,"y":40.836774193548386,"width":44.66230936819172,"height":42.36559139784946,"action":{"library":"H5P.CRAdvancedText 1.1","params":{"text":"<p dir=\"ltr\" style=\"text-align: center;\"><span style=\"color:#ffffff;\"><span style=\"font-size:1.625em;\">Izikhova ziyandiza. Ivuba liyandiza.<\/span><\/span><\/p>\n"},"metadata":{"contentType":"Text","license":"U","title":"Untitled Text"},"subContentId":"44b170ed-9961-4a19-8e4c-47207245c171"},"alwaysDisplayComments":false,"backgroundOpacity":0,"willDoAnimation":false,"animationType":"glow","displayAsButton":false,"buttonSize":"big","goToSlideType":"specified","invisible":false,"solution":""},{"x":7.653061224489796,"y":12.582644836272038,"width":42.3469387755102,"height":75.56675062972292,"action":{"library":"H5P.Image 1.1","params":{"contentName":"Image","file":{"path":"images\/file-61b0fe64a98f6.jpg","mime":"image\/jpeg","copyright":{"license":"U"},"width":1024,"height":1104}},"metadata":{"contentType":"Image","license":"U","title":"Untitled Image"},"subContentId":"eb16844b-e821-4d06-b303-c00f9b89e0fc"},"backgroundOpacity":0,"willDoAnimation":false,"animationType":"glow","displayAsButton":false,"buttonSize":"big","goToSlideType":"specified","invisible":false},{"x":47.00435729847495,"y":43.97849462365591,"width":40,"height":40,"action":{"library":"H5P.CRAudio 1.4","params":{"fitToWrapper":true,"currIndex":5,"playerMode":"minimalistic","controls":true,"autoplay":true,"playAudio":"Play audio","pauseAudio":"Pause audio","contentName":"Audio","glowColor":"#ffd85a","timeStampForEachText":[{"text":" Izikhova ","startDuration":"0.1637","endDuration":"1.0606","wordfile":[{"path":"audios\/wordfile-64d33951dc4c1.wav","mime":"audio\/x-wav","copyright":{"license":"U"}}]},{"text":" ziyandiza. ","startDuration":"1.0616","endDuration":"2.0958","wordfile":[{"path":"audios\/wordfile-64d33966dd616.wav","mime":"audio\/x-wav","copyright":{"license":"U"}}]},{"text":" Ivuba ","startDuration":"2.7884","endDuration":"3.5798","wordfile":[{"path":"audios\/wordfile-64d3398321f96.wav","mime":"audio\/x-wav","copyright":{"license":"U"}}]},{"text":" liyandiza. ","startDuration":"3.5808","endDuration":"4.5411","wordfile":[{"path":"audios\/wordfile-64d3399364130.wav","mime":"audio\/x-wav","copyright":{"license":"U"}}]}],"files":[{"path":"audios\/files-64d3393278441.wav","mime":"audio\/x-wav","copyright":{"license":"U"}}]},"subContentId":"7e01ca43-3d1d-4490-8166-a4819926ebbd","metadata":{"contentType":"Curious Reader Audio","license":"U","title":"Untitled Curious Reader Audio"}},"backgroundOpacity":0,"willDoAnimation":false,"animationType":"glow","displayAsButton":false,"buttonSize":"big","goToSlideType":"specified","invisible":false},{"x":16.338126361655775,"y":7.100129032258064,"width":15.686274509803923,"height":26.021505376344084,"action":{"library":"H5P.Image 1.1","params":{"contentName":"Image"},"subContentId":"f4450920-9d5a-4899-8e50-c3f2fe459f31","metadata":{"contentType":"Image","license":"U","title":"Untitled Image"}},"backgroundOpacity":0,"willDoAnimation":true,"animationType":"glow","displayAsButton":false,"buttonSize":"big","goToSlideType":"specified","invisible":false,"id":"img7e01ca43-3d1d-4490-8166-a4819926ebbd_0"},{"x":21.78649237472767,"y":26.11225806451613,"width":21.13289760348584,"height":34.83870967741935,"action":{"library":"H5P.Image 1.1","params":{"contentName":"Image"},"subContentId":"233a4d70-35cb-4751-803b-e1f16013b224","metadata":{"contentType":"Image","license":"U","title":"Untitled Image"}},"backgroundOpacity":0,"willDoAnimation":true,"animationType":"glow","displayAsButton":false,"buttonSize":"big","goToSlideType":"specified","invisible":false,"id":"img7e01ca43-3d1d-4490-8166-a4819926ebbd_2"}],"slideBackgroundSelector":{}},{"elements":[{"x":1.2755102040816326,"y":83.83576826196473,"width":96.93877551020408,"height":14.609571788413097,"action":{"library":"H5P.CRAdvancedText 1.1","params":{"text":"<p style=\"text-align: center;\"><span style=\"color:#ffffff;\"><span style=\"font-size:1.75em;\">Inkawu ayikwazi ukundiza.<\/span><\/span><\/p>\n"},"metadata":{"contentType":"Text","license":"U","title":"Untitled Text"},"subContentId":"851c2b51-ce1f-4c51-b3cb-adf4ae836484"},"alwaysDisplayComments":false,"backgroundOpacity":0,"willDoAnimation":false,"animationType":"glow","displayAsButton":false,"buttonSize":"big","goToSlideType":"specified","invisible":false,"solution":""},{"x":27.777777777778,"y":12.188619313696,"width":44.01049382716,"height":69.211728807153,"action":{"library":"H5P.Image 1.1","params":{"contentName":"Image","file":{"path":"images\/file-61b0fec0c4e2a.jpg","mime":"image\/jpeg","copyright":{"license":"U"},"width":1024,"height":735}},"metadata":{"contentType":"Image","license":"U","title":"Untitled Image"},"subContentId":"2084ae4b-fcdc-476d-a3a6-db1a999caec7"},"backgroundOpacity":0,"willDoAnimation":false,"animationType":"glow","displayAsButton":false,"buttonSize":"big","goToSlideType":"specified","invisible":false},{"x":47.00435729847495,"y":43.97849462365591,"width":40,"height":40,"action":{"library":"H5P.CRAudio 1.4","params":{"fitToWrapper":true,"currIndex":6,"playerMode":"minimalistic","controls":true,"autoplay":true,"playAudio":"Play audio","pauseAudio":"Pause audio","contentName":"Audio","glowColor":"#ffd85a","timeStampForEachText":[{"text":" Inkawu ","startDuration":"0.1965","endDuration":"0.9513","wordfile":[{"path":"audios\/wordfile-64d339e1770fd.wav","mime":"audio\/x-wav","copyright":{"license":"U"}}]},{"text":" ayikwazi ","startDuration":"1.3067","endDuration":"2.2195","wordfile":[{"path":"audios\/wordfile-64d339f9f4049.wav","mime":"audio\/x-wav","copyright":{"license":"U"}}]},{"text":" ukundiza. ","startDuration":"2.2629","endDuration":"3.3018","wordfile":[{"path":"audios\/wordfile-64d33a0cdbfd8.wav","mime":"audio\/x-wav","copyright":{"license":"U"}}]}],"files":[{"path":"audios\/files-64d339c5bd8c7.wav","mime":"audio\/x-wav","copyright":{"license":"U"}}]},"subContentId":"20ec5502-9172-438b-81ff-767a5bebd017","metadata":{"contentType":"Curious Reader Audio","license":"U","title":"Untitled Curious Reader Audio"}},"backgroundOpacity":0,"willDoAnimation":false,"animationType":"glow","displayAsButton":false,"buttonSize":"big","goToSlideType":"specified","invisible":false},{"x":27.233115468409586,"y":30.047096774193548,"width":22.22222222222222,"height":28.817204301075268,"action":{"library":"H5P.Image 1.1","params":{"contentName":"Image"},"subContentId":"87d387f9-2654-40aa-a65e-457907244b85","metadata":{"contentType":"Image","license":"U","title":"Untitled Image"}},"backgroundOpacity":0,"willDoAnimation":true,"animationType":"glow","displayAsButton":false,"buttonSize":"big","goToSlideType":"specified","invisible":false,"id":"img20ec5502-9172-438b-81ff-767a5bebd017_0"}],"slideBackgroundSelector":{}},{"elements":[{"x":51.019498910675374,"y":42.983870967741936,"width":43.355119825708066,"height":47.74193548387096,"action":{"library":"H5P.CRAdvancedText 1.1","params":{"text":"<p style=\"text-align: center;\"><span style=\"color:#ffffff;\"><span style=\"font-size:1.625em;\">Ilanda liyakwazi ukundiza. Insingizi ingandiza.<\/span><\/span><\/p>\n"},"metadata":{"contentType":"Text","license":"U","title":"Untitled Text"},"subContentId":"0aca41c8-796c-4c56-bc05-3eb477c9e866"},"alwaysDisplayComments":false,"backgroundOpacity":0,"willDoAnimation":false,"animationType":"glow","displayAsButton":false,"buttonSize":"big","goToSlideType":"specified","invisible":false,"solution":""},{"x":5.1020408163265305,"y":20.151133501259444,"width":44.753086419753,"height":67.911305392215,"action":{"library":"H5P.Image 1.1","params":{"contentName":"Image","file":{"path":"images\/file-61b0ff34353af.jpg","mime":"image\/jpeg","copyright":{"license":"U"},"width":1024,"height":735}},"metadata":{"contentType":"Image","license":"U","title":"Untitled Image"},"subContentId":"354276f7-e746-4d1d-9c37-a1f9aef12f5a"},"backgroundOpacity":0,"willDoAnimation":false,"animationType":"glow","displayAsButton":false,"buttonSize":"big","goToSlideType":"specified","invisible":false},{"x":47.00435729847495,"y":43.97849462365591,"width":40,"height":40,"action":{"library":"H5P.CRAudio 1.4","params":{"fitToWrapper":true,"currIndex":7,"playerMode":"minimalistic","controls":true,"autoplay":true,"playAudio":"Play audio","pauseAudio":"Pause audio","contentName":"Audio","glowColor":"#ffd85a","timeStampForEachText":[{"text":" Ilanda ","startDuration":"0.3756","endDuration":"1.1859","wordfile":[{"path":"audios\/wordfile-64d33a341321f.wav","mime":"audio\/x-wav","copyright":{"license":"U"}}]},{"text":" liyakwazi ","startDuration":"1.3009","endDuration":"2.2319","wordfile":[{"path":"audios\/wordfile-64d33a4fd6787.wav","mime":"audio\/x-wav","copyright":{"license":"U"}}]},{"text":" ukundiza. ","startDuration":"2.2329","endDuration":"2.9963","wordfile":[{"path":"audios\/wordfile-64d33a62c8c04.wav","mime":"audio\/x-wav","copyright":{"license":"U"}}]},{"text":" Insingizi ","startDuration":"3.4668","endDuration":"4.4850","wordfile":[{"path":"audios\/wordfile-64d33a760745e.wav","mime":"audio\/x-wav","copyright":{"license":"U"}}]},{"text":" ingandiza. ","startDuration":"4.7409","endDuration":"5.8664","wordfile":[{"path":"audios\/wordfile-64d33a8986a72.wav","mime":"audio\/x-wav","copyright":{"license":"U"}}]}],"files":[{"path":"audios\/files-64d33a1fe4c96.wav","mime":"audio\/x-wav","copyright":{"license":"U"}}]},"subContentId":"6e17351c-1ab8-4f29-9322-1130585a7cbb","metadata":{"contentType":"Curious Reader Audio","license":"U","title":"Untitled Curious Reader Audio"}},"backgroundOpacity":0,"willDoAnimation":false,"animationType":"glow","displayAsButton":false,"buttonSize":"big","goToSlideType":"specified","invisible":false},{"x":17.429193899782135,"y":45.08064516129032,"width":12.52723311546841,"height":22.36559139784946,"action":{"library":"H5P.Image 1.1","params":{"contentName":"Image"},"subContentId":"f36dcaa6-17e3-441a-ac42-30ae13a45041","metadata":{"contentType":"Image","license":"U","title":"Untitled Image"}},"backgroundOpacity":0,"willDoAnimation":true,"animationType":"glow","displayAsButton":false,"buttonSize":"big","goToSlideType":"specified","invisible":false,"id":"img6e17351c-1ab8-4f29-9322-1130585a7cbb_3"},{"x":8.125686274509803,"y":18.931440860215055,"width":15.14161220043573,"height":35.26881720430107,"action":{"library":"H5P.Image 1.1","params":{"contentName":"Image"},"subContentId":"d626063c-f681-42a6-a983-3f3589a092f3","metadata":{"contentType":"Image","license":"U","title":"Untitled Image"}},"backgroundOpacity":0,"willDoAnimation":true,"animationType":"glow","displayAsButton":false,"buttonSize":"big","goToSlideType":"specified","invisible":false,"id":"img6e17351c-1ab8-4f29-9322-1130585a7cbb_0"}],"slideBackgroundSelector":{"fillSlideBackground":"#ecf9ff"}},{"elements":[{"x":3.443877551020408,"y":83.37531486146095,"width":93.11224489795919,"height":15.113350125944583,"action":{"library":"H5P.CRAdvancedText 1.1","params":{"text":"<p style=\"text-align: center;\"><span style=\"color:#ffffff;\"><span style=\"font-size:1.75em;\">Ibhubesi alikwazi ukundiza.<\/span><\/span><\/p>\n"},"metadata":{"contentType":"Text","license":"U","title":"Untitled Text"},"subContentId":"40e13231-b18e-4bbd-acd9-022f640db1ed"},"alwaysDisplayComments":false,"backgroundOpacity":0,"willDoAnimation":false,"animationType":"glow","displayAsButton":false,"buttonSize":"big","goToSlideType":"specified","invisible":false,"solution":""},{"x":29.938271604938,"y":9.7546997838724,"width":39.998148148148,"height":70.102454831167,"action":{"library":"H5P.Image 1.1","params":{"contentName":"Image","file":{"path":"images\/file-61b0ff878c04b.jpg","mime":"image\/jpeg","copyright":{"license":"U"},"width":1024,"height":1104}},"metadata":{"contentType":"Image","license":"U","title":"Untitled Image"},"subContentId":"c6f63da0-d455-4d32-9900-d5ab8a917fbe"},"backgroundOpacity":0,"willDoAnimation":false,"animationType":"glow","displayAsButton":false,"buttonSize":"big","goToSlideType":"specified","invisible":false},{"x":47.00435729847495,"y":43.97849462365591,"width":40,"height":40,"action":{"library":"H5P.CRAudio 1.4","params":{"fitToWrapper":true,"currIndex":8,"playerMode":"minimalistic","controls":true,"autoplay":true,"playAudio":"Play audio","pauseAudio":"Pause audio","contentName":"Audio","glowColor":"#ffd85a","timeStampForEachText":[{"text":" Ibhubesi ","startDuration":"0.2917","endDuration":"1.3067","wordfile":[{"path":"audios\/wordfile-64d33ab27501d.wav","mime":"audio\/x-wav","copyright":{"license":"U"}}]},{"text":" alikwazi ","startDuration":"1.5434","endDuration":"2.4027","wordfile":[{"path":"audios\/wordfile-64d33ac9e5abd.wav","mime":"audio\/x-wav","copyright":{"license":"U"}}]},{"text":" ukundiza. ","startDuration":"2.4037","endDuration":"3.3708","wordfile":[{"path":"audios\/wordfile-64d33ada4c54a.wav","mime":"audio\/x-wav","copyright":{"license":"U"}}]}],"files":[{"path":"audios\/files-64d33a9db230a.wav","mime":"audio\/x-wav","copyright":{"license":"U"}}]},"subContentId":"a960097b-9c28-486f-9f7f-bd44e65cad40","metadata":{"contentType":"Curious Reader Audio","license":"U","title":"Untitled Curious Reader Audio"}},"backgroundOpacity":0,"willDoAnimation":false,"animationType":"glow","displayAsButton":false,"buttonSize":"big","goToSlideType":"specified","invisible":false},{"x":37.03703703703704,"y":8.595440860215055,"width":27.66884531590414,"height":50.32258064516129,"action":{"library":"H5P.Image 1.1","params":{"contentName":"Image"},"subContentId":"aa13b93b-d9d4-4fe5-ae7c-ff713cbd19d3","metadata":{"contentType":"Image","license":"U","title":"Untitled Image"}},"backgroundOpacity":0,"willDoAnimation":true,"animationType":"glow","displayAsButton":false,"buttonSize":"big","goToSlideType":"specified","invisible":false,"id":"imga960097b-9c28-486f-9f7f-bd44e65cad40_0"}],"slideBackgroundSelector":{"fillSlideBackground":"#fefaf0"}},{"elements":[{"x":52.70969498910676,"y":38.68623655913978,"width":43.68191721132898,"height":49.46236559139785,"action":{"library":"H5P.CRAdvancedText 1.1","params":{"text":"<p style=\"text-align: center;\"><span style=\"color:#ffffff;\"><span style=\"font-size:1.625em;\">Inkovane ingandiza. Umiyane uyakwazi ukundiza.<\/span><\/span><\/p>\n"},"metadata":{"contentType":"Text","license":"U","title":"Untitled Text"},"subContentId":"7cb07276-1942-4be4-a63b-2b36f13d100b"},"alwaysDisplayComments":false,"backgroundOpacity":0,"willDoAnimation":false,"animationType":"glow","displayAsButton":false,"buttonSize":"big","goToSlideType":"specified","invisible":false,"solution":""},{"x":7.653061224489796,"y":15.10942065491184,"width":44.38775510204082,"height":77.58186397984886,"action":{"library":"H5P.Image 1.1","params":{"contentName":"Image","file":{"path":"images\/file-61b0ffdd62fe7.jpg","mime":"image\/jpeg","copyright":{"license":"U"},"width":1024,"height":1104}},"metadata":{"contentType":"Image","license":"U","title":"Untitled Image"},"subContentId":"ec497251-7328-4e7b-9d7d-3cf142d5606c"},"backgroundOpacity":0,"willDoAnimation":false,"animationType":"glow","displayAsButton":false,"buttonSize":"big","goToSlideType":"specified","invisible":false},{"x":47.00435729847495,"y":43.97849462365591,"width":40,"height":40,"action":{"library":"H5P.CRAudio 1.4","params":{"fitToWrapper":true,"currIndex":9,"playerMode":"minimalistic","controls":true,"autoplay":true,"playAudio":"Play audio","pauseAudio":"Pause audio","contentName":"Audio","glowColor":"#ffd85a","timeStampForEachText":[{"text":" Inkovane ","startDuration":"0.3579","endDuration":"1.3301","wordfile":[{"path":"audios\/wordfile-64d33c6becd68.wav","mime":"audio\/x-wav","copyright":{"license":"U"}}]},{"text":" ingandiza. ","startDuration":"1.3311","endDuration":"2.5043","wordfile":[{"path":"audios\/wordfile-64d33c7fa26c6.wav","mime":"audio\/x-wav","copyright":{"license":"U"}}]},{"text":" Umiyane ","startDuration":"2.6371","endDuration":"3.4524","wordfile":[{"path":"audios\/wordfile-64d33c902d527.wav","mime":"audio\/x-wav","copyright":{"license":"U"}}]},{"text":" uyakwazi ","startDuration":"3.6292","endDuration":"4.7019","wordfile":[{"path":"audios\/wordfile-64d33cac16463.wav","mime":"audio\/x-wav","copyright":{"license":"U"}}]},{"text":" ukundiza. ","startDuration":"4.7029","endDuration":"5.5000","wordfile":[{"path":"audios\/wordfile-64d33cbe06908.wav","mime":"audio\/x-wav","copyright":{"license":"U"}}]}],"files":[{"path":"audios\/files-64d33c4a74d35.wav","mime":"audio\/x-wav","copyright":{"license":"U"}}]},"subContentId":"326cfed9-ea2d-4c71-a22d-e167e03230ce","metadata":{"contentType":"Curious Reader Audio","license":"U","title":"Untitled Curious Reader Audio"}},"backgroundOpacity":0,"willDoAnimation":false,"animationType":"glow","displayAsButton":false,"buttonSize":"big","goToSlideType":"specified","invisible":false},{"x":30.501089324618736,"y":15.04367741935484,"width":18.954248366013072,"height":26.666666666666664,"action":{"library":"H5P.Image 1.1","params":{"contentName":"Image"},"subContentId":"a9de006f-a964-45e8-8770-6903e22ff116","metadata":{"contentType":"Image","license":"U","title":"Untitled Image"}},"backgroundOpacity":0,"willDoAnimation":true,"animationType":"glow","displayAsButton":false,"buttonSize":"big","goToSlideType":"specified","invisible":false,"id":"img326cfed9-ea2d-4c71-a22d-e167e03230ce_0"},{"x":18.51851851851852,"y":42.956989247311824,"width":10.239651416122005,"height":22.36559139784946,"action":{"library":"H5P.Image 1.1","params":{"contentName":"Image"},"subContentId":"be0c621e-6c08-4693-b480-04a03b7defae","metadata":{"contentType":"Image","license":"U","title":"Untitled Image"}},"backgroundOpacity":0,"willDoAnimation":true,"animationType":"glow","displayAsButton":false,"buttonSize":"big","goToSlideType":"specified","invisible":false,"id":"img326cfed9-ea2d-4c71-a22d-e167e03230ce_2"}],"slideBackgroundSelector":{"fillSlideBackground":"#fffcec"}},{"slideBackgroundSelector":{},"elements":[{"x":57.39713855421687,"y":38.06726190476191,"width":37.65060240963856,"height":38.69047619047619,"action":{"library":"H5P.CRAdvancedText 1.1","params":{"text":"<p style=\"text-align: center;\"><span style=\"font-size:1.75em;\"><span style=\"color:#ffffff;\">Izimvu azikwazi ukundiza.<\/span><\/span><\/p>\n"},"metadata":{"contentType":"Text","license":"U","title":"Untitled Text"},"subContentId":"29cd3e9c-4e37-4f72-94bf-31e26f4500b5"},"alwaysDisplayComments":false,"backgroundOpacity":0,"willDoAnimation":false,"animationType":"glow","displayAsButton":false,"buttonSize":"big","goToSlideType":"specified","invisible":false,"solution":""},{"x":7.653061224489796,"y":10.059823677581864,"width":44.642857142857146,"height":81.10831234256926,"action":{"library":"H5P.Image 1.1","params":{"contentName":"Image","file":{"path":"images\/file-61b10059a6585.jpg","mime":"image\/jpeg","copyright":{"license":"U"},"width":1024,"height":1104}},"metadata":{"contentType":"Image","license":"U","title":"Untitled Image"},"subContentId":"4e8a2520-9f32-416d-bd00-4393eda08bec"},"backgroundOpacity":0,"willDoAnimation":false,"animationType":"glow","displayAsButton":false,"buttonSize":"big","goToSlideType":"specified","invisible":false},{"x":47.00435729847495,"y":43.97849462365591,"width":40,"height":40,"action":{"library":"H5P.CRAudio 1.4","params":{"fitToWrapper":true,"currIndex":10,"playerMode":"minimalistic","controls":true,"autoplay":true,"playAudio":"Play audio","pauseAudio":"Pause audio","contentName":"Audio","glowColor":"#ffd85a","timeStampForEachText":[{"text":" Izimvu ","startDuration":"0.0000","endDuration":"0.8122","wordfile":[{"path":"audios\/wordfile-64d33ce0e499c.wav","mime":"audio\/x-wav","copyright":{"license":"U"}}]},{"text":" azikwazi ","startDuration":"0.9513","endDuration":"1.8420","wordfile":[{"path":"audios\/wordfile-64d33cf76170a.wav","mime":"audio\/x-wav","copyright":{"license":"U"}}]},{"text":" ukundiza. ","startDuration":"1.8430","endDuration":"2.7500","wordfile":[{"path":"audios\/wordfile-64d33d072cd06.wav","mime":"audio\/x-wav","copyright":{"license":"U"}}]}],"files":[{"path":"audios\/files-64d33ccfbd6b2.wav","mime":"audio\/x-wav","copyright":{"license":"U"}}]},"subContentId":"339a6530-8497-48dc-81a7-d6c35e6ac714","metadata":{"contentType":"Curious Reader Audio","license":"U","title":"Untitled Curious Reader Audio"}},"backgroundOpacity":0,"willDoAnimation":false,"animationType":"glow","displayAsButton":false,"buttonSize":"big","goToSlideType":"specified","invisible":false},{"x":16.338126361655775,"y":17.174064516129032,"width":24.40087145969499,"height":43.87096774193548,"action":{"library":"H5P.Image 1.1","params":{"contentName":"Image"},"subContentId":"3acfbaee-9aa4-4cc9-a4d7-69d44b7aad5b","metadata":{"contentType":"Image","license":"U","title":"Untitled Image"}},"backgroundOpacity":0,"willDoAnimation":true,"animationType":"glow","displayAsButton":false,"buttonSize":"big","goToSlideType":"specified","invisible":false,"id":"img339a6530-8497-48dc-81a7-d6c35e6ac714_0"}]},{"elements":[{"x":54.84575163398693,"y":45.134408602150536,"width":37.690631808278866,"height":31.39784946236559,"action":{"library":"H5P.CRAdvancedText 1.1","params":{"text":"<p dir=\"ltr\" style=\"text-align: center;\"><span style=\"color:#ffffff;\"><span style=\"font-size:1.75em;\">Ngelinye ilanga sizondiza.<\/span><\/span><\/p>\n"},"metadata":{"contentType":"Text","license":"U","title":"Untitled Text"},"subContentId":"8a0014fb-8d13-4476-bcef-a63e59e35fa8"},"alwaysDisplayComments":false,"backgroundOpacity":0,"willDoAnimation":false,"animationType":"glow","displayAsButton":false,"buttonSize":"big","goToSlideType":"specified","invisible":false,"solution":""},{"x":8.714596949891067,"y":6.451612903225806,"width":44.642857142857146,"height":84.13098236775818,"action":{"library":"H5P.Image 1.1","params":{"contentName":"Image","file":{"path":"images\/file-61b100a8081d4.jpg","mime":"image\/jpeg","copyright":{"license":"U"},"width":1024,"height":1104}},"metadata":{"contentType":"Image","license":"U","title":"Untitled Image"},"subContentId":"1005aa13-dec1-49af-886a-605a8a902138"},"backgroundOpacity":0,"willDoAnimation":false,"animationType":"glow","displayAsButton":false,"buttonSize":"big","goToSlideType":"specified","invisible":false},{"x":47.00435729847495,"y":43.97849462365591,"width":40,"height":40,"action":{"library":"H5P.CRAudio 1.4","params":{"fitToWrapper":true,"currIndex":11,"playerMode":"minimalistic","controls":true,"autoplay":true,"playAudio":"Play audio","pauseAudio":"Pause audio","contentName":"Audio","glowColor":"#ffd85a","timeStampForEachText":[{"text":" Ngelinye ","startDuration":"0.2740","endDuration":"1.1361","wordfile":[{"path":"audios\/wordfile-64d33d2c93c29.wav","mime":"audio\/x-wav","copyright":{"license":"U"}}]},{"text":" ilanga ","startDuration":"1.1371","endDuration":"1.9718","wordfile":[{"path":"audios\/wordfile-64d33d3ca1a66.wav","mime":"audio\/x-wav","copyright":{"license":"U"}}]},{"text":" sizondiza. ","startDuration":"2.2696","endDuration":"3.5655","wordfile":[{"path":"audios\/wordfile-64d33d4d94b98.wav","mime":"audio\/x-wav","copyright":{"license":"U"}}]}],"files":[{"path":"audios\/files-64d33d1845d77.wav","mime":"audio\/x-wav","copyright":{"license":"U"}}]},"subContentId":"792328b1-d174-4344-8537-ee34495c6d2d","metadata":{"contentType":"Curious Reader Audio","license":"U","title":"Untitled Curious Reader Audio"}},"backgroundOpacity":0,"willDoAnimation":false,"animationType":"glow","displayAsButton":false,"buttonSize":"big","goToSlideType":"specified","invisible":false},{"x":23.965141612200437,"y":12.883053763440861,"width":13.507625272331156,"height":48.17204301075269,"action":{"library":"H5P.Image 1.1","params":{"contentName":"Image"},"subContentId":"7a287fbd-6a04-483e-8485-f994391295c7","metadata":{"contentType":"Image","license":"U","title":"Untitled Image"}},"backgroundOpacity":0,"willDoAnimation":true,"animationType":"glow","displayAsButton":false,"buttonSize":"big","goToSlideType":"specified","invisible":false,"id":"img792328b1-d174-4344-8537-ee34495c6d2d_0"},{"x":31.590413943355124,"y":23.588817204301076,"width":20.043572984749456,"height":22.36559139784946,"action":{"library":"H5P.Image 1.1","params":{"contentName":"Image"},"subContentId":"bca315a7-d2ee-4cd1-aad8-b967cb902059","metadata":{"contentType":"Image","license":"U","title":"Untitled Image"}},"backgroundOpacity":0,"willDoAnimation":true,"animationType":"glow","displayAsButton":false,"buttonSize":"big","goToSlideType":"specified","invisible":false,"id":"img792328b1-d174-4344-8537-ee34495c6d2d_2"},{"x":9.803921568627452,"y":19.341397849462368,"width":21.13289760348584,"height":20.21505376344086,"action":{"library":"H5P.Image 1.1","params":{"contentName":"Image"},"subContentId":"bcb5b48b-994f-4442-9dbe-1d21ffbff021","metadata":{"contentType":"Image","license":"U","title":"Untitled Image"}},"backgroundOpacity":0,"willDoAnimation":true,"animationType":"glow","displayAsButton":false,"buttonSize":"big","goToSlideType":"specified","invisible":false,"id":"img792328b1-d174-4344-8537-ee34495c6d2d_2"}],"slideBackgroundSelector":{}},{"elements":[{"x":11.76470588235294,"y":82.47422680412372,"width":76.60130718954248,"height":13.917525773195877,"action":{"library":"H5P.CRAdvancedText 1.1","params":{"text":"<p style=\"text-align: center;\"><span style=\"color:#ffffff;\"><span style=\"font-size:1.75em;\">Nami ngifuna ukundiza.<\/span><\/span><\/p>\n"},"metadata":{"contentType":"Text","license":"U","title":"Untitled Text"},"subContentId":"e8e343fc-f780-4553-973d-06eb45efbd2a"},"alwaysDisplayComments":false,"backgroundOpacity":0,"willDoAnimation":false,"animationType":"glow","displayAsButton":false,"buttonSize":"big","goToSlideType":"specified","invisible":false,"solution":""},{"x":23.611111111111,"y":12.193374729841,"width":53.199691358025,"height":68.573405640045,"action":{"library":"H5P.Image 1.1","params":{"contentName":"Image","file":{"path":"images\/file-61b101017a9d3.jpg","mime":"image\/jpeg","copyright":{"license":"U"},"width":1024,"height":735}},"metadata":{"contentType":"Image","license":"U","title":"Untitled Image"},"subContentId":"4f8f0762-5d11-479a-ba62-091bde40c6de"},"backgroundOpacity":0,"willDoAnimation":false,"animationType":"glow","displayAsButton":false,"buttonSize":"big","goToSlideType":"specified","invisible":false},{"x":47.00435729847495,"y":43.97849462365591,"width":40,"height":40,"action":{"library":"H5P.CRAudio 1.4","params":{"fitToWrapper":true,"currIndex":12,"playerMode":"minimalistic","controls":true,"autoplay":true,"playAudio":"Play audio","pauseAudio":"Pause audio","contentName":"Audio","glowColor":"#ffd85a","timeStampForEachText":[{"text":" Nami ","startDuration":"0.3076","endDuration":"1.1429","wordfile":[{"path":"audios\/wordfile-64d33d6f89710.wav","mime":"audio\/x-wav","copyright":{"license":"U"}}]},{"text":" ngifuna ","startDuration":"1.4835","endDuration":"2.1150","wordfile":[{"path":"audios\/wordfile-64d33d8438b0a.wav","mime":"audio\/x-wav","copyright":{"license":"U"}}]},{"text":" ukundiza. ","startDuration":"2.1160","endDuration":"3.1031","wordfile":[{"path":"audios\/wordfile-64d33d9376924.wav","mime":"audio\/x-wav","copyright":{"license":"U"}}]}],"files":[{"path":"audios\/files-64d33d5f1f51d.wav","mime":"audio\/x-wav","copyright":{"license":"U"}}]},"subContentId":"60fc81f2-83a7-4a6f-ad9d-1569ac985d7b","metadata":{"contentType":"Curious Reader Audio","license":"U","title":"Untitled Curious Reader Audio"}},"backgroundOpacity":0,"willDoAnimation":false,"animationType":"glow","displayAsButton":false,"buttonSize":"big","goToSlideType":"specified","invisible":false},{"x":37.03703703703704,"y":38.68623655913978,"width":14.596949891067538,"height":37.84946236559139,"action":{"library":"H5P.Image 1.1","params":{"contentName":"Image"},"subContentId":"eaa2bd75-5281-481c-a466-31bef10256bc","metadata":{"contentType":"Image","license":"U","title":"Untitled Image"}},"backgroundOpacity":0,"willDoAnimation":true,"animationType":"glow","displayAsButton":false,"buttonSize":"big","goToSlideType":"specified","invisible":false,"id":"img60fc81f2-83a7-4a6f-ad9d-1569ac985d7b_0"},{"x":42.48366013071895,"y":15.013440860215056,"width":17.864923747276688,"height":24.516129032258064,"action":{"library":"H5P.Image 1.1","params":{"contentName":"Image"},"subContentId":"5d3bfd7e-785a-4ec0-8373-bbd7295e735a","metadata":{"contentType":"Image","license":"U","title":"Untitled Image"}},"backgroundOpacity":0,"willDoAnimation":true,"animationType":"glow","displayAsButton":false,"buttonSize":"big","goToSlideType":"specified","invisible":false,"id":"img60fc81f2-83a7-4a6f-ad9d-1569ac985d7b_2"}],"slideBackgroundSelector":{"fillSlideBackground":"#fef6fc"}},{"elements":[{"x":3.826530612244898,"y":7.552745591939547,"width":20.408163265306122,"height":14.609571788413097,"action":{"library":"H5P.Image 1.1","params":{"contentName":"Image","file":{"path":"images\/file-61fb296cf2c04.png","mime":"image\/png","copyright":{"license":"U"},"width":1350,"height":487}},"metadata":{"contentType":"Image","license":"U","title":"Untitled Image"},"subContentId":"15d9b169-6ee6-475c-bbf0-d7ed235100e0"},"backgroundOpacity":0,"willDoAnimation":false,"animationType":"glow","displayAsButton":false,"buttonSize":"big","goToSlideType":"specified","invisible":false},{"x":35.714285714285715,"y":7.550780856423174,"width":25.510204081632654,"height":13.853904282115868,"action":{"library":"H5P.Image 1.1","params":{"contentName":"Image","file":{"path":"images\/file-61fb29a5596cb.png","mime":"image\/png","copyright":{"license":"U"},"width":814,"height":202}},"metadata":{"contentType":"Image","license":"U","title":"Untitled Image"},"subContentId":"37266730-9e27-464b-87d3-01979a2ffec5"},"backgroundOpacity":0,"willDoAnimation":false,"animationType":"glow","displayAsButton":false,"buttonSize":"big","goToSlideType":"specified","invisible":false},{"x":67.60204081632654,"y":8.816120906801007,"width":31.365740740740737,"height":12.557077625570777,"action":{"library":"H5P.Image 1.1","params":{"contentName":"Image","file":{"path":"images\/file-61fb28cb969ac.jpg","mime":"image\/jpeg","copyright":{"license":"U"},"width":1732,"height":354}},"metadata":{"contentType":"Image","license":"U","title":"Untitled Image"},"subContentId":"f3149b91-a0bb-4feb-b99c-2a63ea716183"},"backgroundOpacity":0,"willDoAnimation":false,"animationType":"glow","displayAsButton":false,"buttonSize":"big","goToSlideType":"specified","invisible":false},{"x":6.5359477124183005,"y":34.40860215053763,"width":91.83673469387756,"height":54.15617128463476,"action":{"library":"H5P.CRAdvancedText 1.1","params":{"text":"<h3 style=\"text-align: center;\"><span style=\"font-size:1.125em;\"><strong>\"Asindize\" credits<\/strong><\/span><\/h3>\n\n<h3 style=\"text-align: center;\"><span style=\"font-size:1em;\">This work, \"Asindize\", is a derivative of \"Let's Fly!\"<\/span>&nbsp;by All Children Reading Cambodia. \u00a9 The Asia Foundation , 2018 and <span style=\"font-size:1em;\">used under CC BY<\/span>.<span style=\"font-size:1em;\">&nbsp;\"Asindize\" is licensed under CC BY 4.0 by Curious Learning.<\/span><\/h3>\n\n<h3 style=\"text-align: center;\"><br>\n<span style=\"font-size:1em;\">Book builder - Abraham Jerry Kakooza<\/span><\/h3>\n\n<p style=\"text-align: center;\">&nbsp;<\/p>\n"},"metadata":{"contentType":"Text","license":"U","title":"Untitled Text"},"subContentId":"a6cb9de8-2cab-407f-a6eb-cd6ba18ebc73"},"alwaysDisplayComments":false,"backgroundOpacity":0,"willDoAnimation":false,"animationType":"glow","displayAsButton":false,"buttonSize":"big","goToSlideType":"specified","invisible":false,"solution":""}],"slideBackgroundSelector":{}}],"keywordListEnabled":true,"globalBackgroundSelector":{"fillGlobalBackground":"#fbfef0"},"keywordListAlwaysShow":false,"keywordListAutoHide":false,"keywordListOpacity":90},"override":{"activeSurface":false,"hideSummarySlide":false,"summarySlideSolutionButton":true,"summarySlideRetryButton":true,"enablePrintButton":false,"social":{"showFacebookShare":false,"facebookShare":{"url":"@currentpageurl","quote":"I scored @score out of @maxScore on a task at @currentpageurl."},"showTwitterShare":false,"twitterShare":{"statement":"I scored @score out of @maxScore on a task at @currentpageurl.","url":"@currentpageurl","hashtags":"h5p, course"},"showGoogleShare":false,"googleShareUrl":"@currentpageurl"}},"l10n":{"slide":"Slide","score":"Score","yourScore":"Your Score","maxScore":"Max Score","total":"Total","totalScore":"Total Score","showSolutions":"Show solutions","retry":"Retry","exportAnswers":"Export text","hideKeywords":"Hide sidebar navigation menu","showKeywords":"Show sidebar navigation menu","fullscreen":"Fullscreen","exitFullscreen":"Exit fullscreen","prevSlide":"Previous slide","nextSlide":"Next slide","currentSlide":"Current slide","lastSlide":"Last slide","solutionModeTitle":"Exit solution mode","solutionModeText":"Solution Mode","summaryMultipleTaskText":"Multiple tasks","scoreMessage":"You achieved:","shareFacebook":"Share on Facebook","shareTwitter":"Share on Twitter","shareGoogle":"Share on Google+","summary":"Summary","solutionsButtonTitle":"Show comments","printTitle":"Print","printIngress":"How would you like to print this presentation?","printAllSlides":"Print all slides","printCurrentSlide":"Print current slide","noTitle":"No title","accessibilitySlideNavigationExplanation":"Use left and right arrow to change slide in that direction whenever canvas is selected.","accessibilityCanvasLabel":"Presentation canvas. Use left and right arrow to move between slides.","containsNotCompleted":"@slideName contains not completed interaction","containsCompleted":"@slideName contains completed interaction","slideCount":"Slide @index of @total","containsOnlyCorrect":"@slideName only has correct answers","containsIncorrectAnswers":"@slideName has incorrect answers","shareResult":"Share Result","accessibilityTotalScore":"You got @score of @maxScore points in total","accessibilityEnteredFullscreen":"Entered fullscreen","accessibilityExitedFullscreen":"Exited fullscreen"}}