{"presentation":{"slides":[{"elements":[{"x":16.338997821350763,"y":0,"width":70.1525054466231,"height":79.56989247311827,"action":{"library":"H5P.Image 1.1","params":{"contentName":"Image","file":{"path":"images\/file-65789116ed4b7.jpg","mime":"image\/jpeg","copyright":{"license":"U"},"width":1024,"height":490}},"subContentId":"4ee28616-8931-4205-be08-3db96ae318ac","metadata":{"contentType":"Image","license":"U","title":"Untitled Image"}},"backgroundOpacity":0,"willDoAnimation":false,"animationType":"glow","displayAsButton":false,"buttonSize":"big","goToSlideType":"specified","invisible":false},{"x":11.479591836734695,"y":83.1234256926952,"width":75.25510204081633,"height":14.86146095717884,"action":{"library":"H5P.CRAdvancedText 1.1","params":{"text":"<p dir=\"ltr\" style=\"text-align: center;\"><span style=\"font-size:2.25em;\">Nani anaweza kunisaidia?<\/span><\/p>\n"},"subContentId":"30f4974f-66cd-47ee-855f-91af13c9e543","metadata":{"contentType":"Text","license":"U","title":"Untitled Text"}},"alwaysDisplayComments":false,"backgroundOpacity":0,"willDoAnimation":false,"animationType":"glow","displayAsButton":false,"buttonSize":"big","goToSlideType":"specified","invisible":false,"solution":""}],"slideBackgroundSelector":{}},{"elements":[{"x":6.377551020408164,"y":2.5188916876574305,"width":40.05102040816327,"height":92.4433249370277,"action":{"library":"H5P.Image 1.1","params":{"contentName":"Image","file":{"path":"images\/file-657891ce69d36.jpg","mime":"image\/jpeg","copyright":{"license":"U"},"width":1024,"height":1104}},"subContentId":"a8bbbdc6-fd56-4c0a-be57-a277b023598e","metadata":{"contentType":"Image","license":"U","title":"Untitled Image"}},"backgroundOpacity":0,"willDoAnimation":false,"animationType":"glow","displayAsButton":false,"buttonSize":"big","goToSlideType":"specified","invisible":false},{"x":45.955882352941174,"y":37.83236363636364,"width":49.632352941176464,"height":40,"action":{"library":"H5P.CRAdvancedText 1.1","params":{"text":"<p dir=\"ltr\" style=\"text-align: center;\"><span style=\"font-size:1.75em;\"><span style=\"color:#ffffff;\">Ninataka kusoma kitabu.<\/span><\/span><\/p>\n"},"subContentId":"c8b60310-4941-42a1-8058-950e9d33749c","metadata":{"contentType":"Text","license":"U","title":"Untitled Text"}},"alwaysDisplayComments":false,"backgroundOpacity":0,"willDoAnimation":false,"animationType":"glow","displayAsButton":false,"buttonSize":"big","goToSlideType":"specified","invisible":false,"solution":""},{"x":46.96691176470588,"y":44,"width":40,"height":40,"action":{"library":"H5P.CRAudio 1.4","params":{"fitToWrapper":true,"currIndex":1,"playerMode":"minimalistic","controls":true,"autoplay":true,"playAudio":"Play audio","pauseAudio":"Pause audio","contentName":"Audio","glowColor":"#ffd85a","timeStampForEachText":[{"text":" Ninataka ","startDuration":"0.0000","endDuration":"1.5859","wordfile":[{"path":"audios\/wordfile-66abc0bd2f943.mp3","mime":"audio\/mpeg","copyright":{"license":"U"}}]},{"text":" kusoma ","startDuration":"1.5869","endDuration":"2.8716","wordfile":[{"path":"audios\/wordfile-66abc0d76124b.mp3","mime":"audio\/mpeg","copyright":{"license":"U"}}]},{"text":" kitabu. ","startDuration":"2.8726","endDuration":"4.6895","wordfile":[{"path":"audios\/wordfile-66abc0e77ff0a.mp3","mime":"audio\/mpeg","copyright":{"license":"U"}}]}],"files":[{"path":"audios\/files-66abc0a117d80.mp3","mime":"audio\/mpeg","copyright":{"license":"U"}}]},"subContentId":"8ed561c1-7d89-433b-aa39-03f50486bf89","metadata":{"contentType":"Curious Reader Audio","license":"U","title":"Untitled Curious Reader Audio"}},"backgroundOpacity":0,"willDoAnimation":false,"animationType":"glow","displayAsButton":false,"buttonSize":"big","goToSlideType":"specified","invisible":false},{"x":7.352941176470589,"y":3.6420363636363633,"width":21.507352941176467,"height":40,"action":{"library":"H5P.Image 1.1","params":{"contentName":"Image"},"subContentId":"54e642ea-da56-4459-8e15-3719f0bc64dd","metadata":{"contentType":"Image","license":"U","title":"Untitled Image"}},"backgroundOpacity":0,"willDoAnimation":true,"animationType":"glow","displayAsButton":false,"buttonSize":"big","goToSlideType":"specified","invisible":false,"id":"img8ed561c1-7d89-433b-aa39-03f50486bf89_0"}],"slideBackgroundSelector":{}},{"elements":[{"x":6.377551020408164,"y":5.037783375314861,"width":44.642857142857146,"height":89.92443324937027,"action":{"library":"H5P.Image 1.1","params":{"contentName":"Image","file":{"path":"images\/file-65789225cad34.jpg","mime":"image\/jpeg","copyright":{"license":"U"},"width":1024,"height":735}},"subContentId":"f6250ed8-6f7a-4f43-b90c-24ca52d0e0e7","metadata":{"contentType":"Image","license":"U","title":"Untitled Image"}},"backgroundOpacity":0,"willDoAnimation":false,"animationType":"glow","displayAsButton":false,"buttonSize":"big","goToSlideType":"specified","invisible":false},{"x":56.98529411764706,"y":40.41490909090909,"width":38.05147058823529,"height":40,"action":{"library":"H5P.CRAdvancedText 1.1","params":{"text":"<p dir=\"ltr\" style=\"text-align: center;\"><span style=\"font-size:1.75em;\"><span style=\"color:#ffffff;\">Sio lazima nisome kitabu.<\/span><\/span><\/p>\n"},"subContentId":"5c66f369-498f-4040-837a-8ce79ef694eb","metadata":{"contentType":"Text","license":"U","title":"Untitled Text"}},"alwaysDisplayComments":false,"backgroundOpacity":0,"willDoAnimation":false,"animationType":"glow","displayAsButton":false,"buttonSize":"big","goToSlideType":"specified","invisible":false,"solution":""},{"x":46.96691176470588,"y":44,"width":40,"height":40,"action":{"library":"H5P.CRAudio 1.4","params":{"fitToWrapper":true,"currIndex":2,"playerMode":"minimalistic","controls":true,"autoplay":true,"playAudio":"Play audio","pauseAudio":"Pause audio","contentName":"Audio","glowColor":"#ffd85a","timeStampForEachText":[{"text":" Sio ","startDuration":"0.0000","endDuration":"0.6284","wordfile":[{"path":"audios\/wordfile-670e718c199fa.mp3","mime":"audio\/mpeg","copyright":{"license":"U"}}]},{"text":" lazima ","startDuration":"0.6294","endDuration":"1.4050","wordfile":[{"path":"audios\/wordfile-66b1bbfca466c.mp3","mime":"audio\/mpeg","copyright":{"license":"U"}}]},{"text":" nisome ","startDuration":"1.4060","endDuration":"2.3088","wordfile":[{"path":"audios\/wordfile-66b1bc0bda0ed.mp3","mime":"audio\/mpeg","copyright":{"license":"U"}}]},{"text":" kitabu. ","startDuration":"2.3098","endDuration":"3.3600","wordfile":[{"path":"audios\/wordfile-66b1bc1dabe59.mp3","mime":"audio\/mpeg","copyright":{"license":"U"}}]}],"files":[{"path":"audios\/files-66b1bbc2074ac.mp3","mime":"audio\/mpeg","copyright":{"license":"U"}}]},"subContentId":"19c569f9-0934-4f63-abad-d1579ec213e4","metadata":{"contentType":"Curious Reader Audio","license":"U","title":"Untitled Curious Reader Audio"}},"backgroundOpacity":0,"willDoAnimation":false,"animationType":"glow","displayAsButton":false,"buttonSize":"big","goToSlideType":"specified","invisible":false},{"x":5.514705882352941,"y":14.585236363636364,"width":25.183823529411764,"height":68,"action":{"library":"H5P.Image 1.1","params":{"contentName":"Image"},"subContentId":"bab21662-989a-47f8-a7be-23a6bfae33a1","metadata":{"contentType":"Image","license":"U","title":"Untitled Image"}},"backgroundOpacity":0,"willDoAnimation":true,"animationType":"glow","displayAsButton":false,"buttonSize":"big","goToSlideType":"specified","invisible":false,"id":"img19c569f9-0934-4f63-abad-d1579ec213e4_0"}],"slideBackgroundSelector":{}},{"elements":[{"x":6.377551020408164,"y":5.037783375314861,"width":40.05102040816327,"height":92.4433249370277,"action":{"library":"H5P.Image 1.1","params":{"contentName":"Image","file":{"path":"images\/file-657892de5ad39.jpg","mime":"image\/jpeg","copyright":{"license":"U"},"width":1024,"height":1104}},"subContentId":"6902dea4-056c-49af-87e4-dfc9b37a09cc","metadata":{"contentType":"Image","license":"U","title":"Untitled Image"}},"backgroundOpacity":0,"willDoAnimation":false,"animationType":"glow","displayAsButton":false,"buttonSize":"big","goToSlideType":"specified","invisible":false},{"x":45.955882352941174,"y":36.36363636363637,"width":48.97959183673469,"height":37.78337531486146,"action":{"library":"H5P.CRAdvancedText 1.1","params":{"text":"<p dir=\"ltr\" style=\"text-align: center;\"><span style=\"color:#ffffff;\"><span style=\"font-size:1.75em;\">Ninachora, na Baba ananisaidia kuchora picha.<\/span><\/span><\/p>\n"},"subContentId":"110db345-7be9-49e9-b922-26cd7f6d4c23","metadata":{"contentType":"Text","license":"U","title":"Untitled Text"}},"alwaysDisplayComments":false,"backgroundOpacity":0,"willDoAnimation":false,"animationType":"glow","displayAsButton":false,"buttonSize":"big","goToSlideType":"specified","invisible":false,"solution":""},{"x":46.96691176470588,"y":44,"width":40,"height":40,"action":{"library":"H5P.CRAudio 1.4","params":{"fitToWrapper":true,"currIndex":3,"playerMode":"minimalistic","controls":true,"autoplay":true,"playAudio":"Play audio","pauseAudio":"Pause audio","contentName":"Audio","glowColor":"#ffd85a","timeStampForEachText":[{"text":" Ninachora, ","startDuration":"0.0000","endDuration":"1.6056","wordfile":[{"path":"audios\/wordfile-66b1bc6a853d0.mp3","mime":"audio\/mpeg","copyright":{"license":"U"}}]},{"text":" na ","startDuration":"2.0564","endDuration":"2.4953","wordfile":[{"path":"audios\/wordfile-66b1bc82b2091.mp3","mime":"audio\/mpeg","copyright":{"license":"U"}}]},{"text":" Baba ","startDuration":"2.4963","endDuration":"3.2023","wordfile":[{"path":"audios\/wordfile-66b1bc93833c6.mp3","mime":"audio\/mpeg","copyright":{"license":"U"}}]},{"text":" ananisaidia ","startDuration":"3.2033","endDuration":"4.7245","wordfile":[{"path":"audios\/wordfile-66b1bcac42e34.mp3","mime":"audio\/mpeg","copyright":{"license":"U"}}]},{"text":" kuchora ","startDuration":"4.7255","endDuration":"5.5158","wordfile":[{"path":"audios\/wordfile-66b1bcc0e61c0.mp3","mime":"audio\/mpeg","copyright":{"license":"U"}}]},{"text":" picha. ","startDuration":"5.5168","endDuration":"6.1385","wordfile":[{"path":"audios\/wordfile-66b1bcd14c954.mp3","mime":"audio\/mpeg","copyright":{"license":"U"}}]}],"files":[{"path":"audios\/files-66b1bc4bac69b.mp3","mime":"audio\/mpeg","copyright":{"license":"U"}}]},"subContentId":"b2d95edd-a677-43ba-b7bb-b13af289bab9","metadata":{"contentType":"Curious Reader Audio","license":"U","title":"Untitled Curious Reader Audio"}},"backgroundOpacity":0,"willDoAnimation":false,"animationType":"glow","displayAsButton":false,"buttonSize":"big","goToSlideType":"specified","invisible":false},{"x":7.352941176470589,"y":18.232945454545455,"width":15.073529411764705,"height":38.90909090909091,"action":{"library":"H5P.Image 1.1","params":{"contentName":"Image"},"subContentId":"112c0c1d-1a97-470b-a821-23a6bbb91d59","metadata":{"contentType":"Image","license":"U","title":"Untitled Image"}},"backgroundOpacity":0,"willDoAnimation":true,"animationType":"glow","displayAsButton":false,"buttonSize":"big","goToSlideType":"specified","invisible":false,"id":"imgb2d95edd-a677-43ba-b7bb-b13af289bab9_0"},{"x":27.573529411764703,"y":10.909090909090908,"width":15.073529411764705,"height":28,"action":{"library":"H5P.Image 1.1","params":{"contentName":"Image"},"subContentId":"4be52a32-b87c-4483-b021-da99f53ed7da","metadata":{"contentType":"Image","license":"U","title":"Untitled Image"}},"backgroundOpacity":0,"willDoAnimation":true,"animationType":"glow","displayAsButton":false,"buttonSize":"big","goToSlideType":"specified","invisible":false,"id":"imgb2d95edd-a677-43ba-b7bb-b13af289bab9_2"},{"x":20.220588235294116,"y":36.36363636363637,"width":15.624999999999998,"height":31.636363636363637,"action":{"library":"H5P.Image 1.1","params":{"contentName":"Image"},"subContentId":"de3ef885-84c7-4959-a3b5-615a010164a1","metadata":{"contentType":"Image","license":"U","title":"Untitled Image"}},"backgroundOpacity":0,"willDoAnimation":true,"animationType":"glow","displayAsButton":false,"buttonSize":"big","goToSlideType":"specified","invisible":false,"id":"imgb2d95edd-a677-43ba-b7bb-b13af289bab9_4"},{"x":20.220588235294116,"y":36.36363636363637,"width":17.830882352941174,"height":31.636363636363637,"action":{"library":"H5P.Image 1.1","params":{"contentName":"Image"},"subContentId":"7ff52e70-d30d-44f1-bd20-2867aca2d1e1","metadata":{"contentType":"Image","license":"U","title":"Untitled Image"}},"backgroundOpacity":0,"willDoAnimation":true,"animationType":"glow","displayAsButton":false,"buttonSize":"big","goToSlideType":"specified","invisible":false,"id":"imgb2d95edd-a677-43ba-b7bb-b13af289bab9_5"}],"slideBackgroundSelector":{}},{"elements":[{"x":6.377551020408164,"y":2.5188916876574305,"width":40.05102040816327,"height":94.96221662468514,"action":{"library":"H5P.Image 1.1","params":{"contentName":"Image","file":{"path":"images\/file-65789326ca3ab.jpg","mime":"image\/jpeg","copyright":{"license":"U"},"width":1024,"height":1104}},"subContentId":"ef6624fb-b891-46ac-bb67-51707b0775e2","metadata":{"contentType":"Image","license":"U","title":"Untitled Image"}},"backgroundOpacity":0,"willDoAnimation":false,"animationType":"glow","displayAsButton":false,"buttonSize":"big","goToSlideType":"specified","invisible":false},{"x":47.79411764705882,"y":21.818181818181817,"width":51.02040816326531,"height":50.377833753148614,"action":{"library":"H5P.CRAdvancedText 1.1","params":{"text":"<p dir=\"ltr\" style=\"text-align: center;\"><span style=\"font-size:1.75em;\"><span style=\"color:#ffffff;\">Ninachora picha, na Mama ananisaidia kukata picha.<\/span><\/span><\/p>\n"},"subContentId":"d1d2a237-2c98-411e-b99f-ae0b08544f58","metadata":{"contentType":"Text","license":"U","title":"Untitled Text"}},"alwaysDisplayComments":false,"backgroundOpacity":0,"willDoAnimation":false,"animationType":"glow","displayAsButton":false,"buttonSize":"big","goToSlideType":"specified","invisible":false,"solution":""},{"x":46.96691176470588,"y":44,"width":40,"height":40,"action":{"library":"H5P.CRAudio 1.4","params":{"fitToWrapper":true,"currIndex":4,"playerMode":"minimalistic","controls":true,"autoplay":true,"playAudio":"Play audio","pauseAudio":"Pause audio","contentName":"Audio","glowColor":"#ffd85a","timeStampForEachText":[{"text":" Ninachora ","startDuration":"0.0000","endDuration":"1.2571","wordfile":[{"path":"audios\/wordfile-66b1bd06d2332.mp3","mime":"audio\/mpeg","copyright":{"license":"U"}}]},{"text":" picha, ","startDuration":"1.2581","endDuration":"1.9065","wordfile":[{"path":"audios\/wordfile-66b1bd1741cb3.mp3","mime":"audio\/mpeg","copyright":{"license":"U"}}]},{"text":" na ","startDuration":"2.5642","endDuration":"3.1005","wordfile":[{"path":"audios\/wordfile-66b1bd4734a39.mp3","mime":"audio\/mpeg","copyright":{"license":"U"}}]},{"text":" Mama ","startDuration":"3.1015","endDuration":"3.7339","wordfile":[{"path":"audios\/wordfile-66b1bd597e6e0.mp3","mime":"audio\/mpeg","copyright":{"license":"U"}}]},{"text":" ananisaidia ","startDuration":"3.9912","endDuration":"5.5845","wordfile":[{"path":"audios\/wordfile-66b1bd71ad352.mp3","mime":"audio\/mpeg","copyright":{"license":"U"}}]},{"text":" kukata ","startDuration":"5.5855","endDuration":"6.6824","wordfile":[{"path":"audios\/wordfile-66b1bd8608f29.mp3","mime":"audio\/mpeg","copyright":{"license":"U"}}]},{"text":" picha. ","startDuration":"6.6834","endDuration":"7.4760","wordfile":[{"path":"audios\/wordfile-66b1bd987718e.mp3","mime":"audio\/mpeg","copyright":{"license":"U"}}]}],"files":[{"path":"audios\/files-66b1bcf396fb0.mp3","mime":"audio\/mpeg","copyright":{"license":"U"}}]},"subContentId":"80604586-f6b0-4fdb-9a6d-7b9671555d1d","metadata":{"contentType":"Curious Reader Audio","license":"U","title":"Untitled Curious Reader Audio"}},"backgroundOpacity":0,"willDoAnimation":false,"animationType":"glow","displayAsButton":false,"buttonSize":"big","goToSlideType":"specified","invisible":false},{"x":31.249999999999996,"y":25.454545454545453,"width":8.63970588235294,"height":19.636363636363637,"action":{"library":"H5P.Image 1.1","params":{"contentName":"Image"},"subContentId":"637b2658-e63c-44f2-9f93-5acd3c679a11","metadata":{"contentType":"Image","license":"U","title":"Untitled Image"}},"backgroundOpacity":0,"willDoAnimation":true,"animationType":"glow","displayAsButton":false,"buttonSize":"big","goToSlideType":"specified","invisible":false,"id":"img80604586-f6b0-4fdb-9a6d-7b9671555d1d_0"},{"x":29.41176470588235,"y":40,"width":12.316176470588234,"height":19.636363636363637,"action":{"library":"H5P.Image 1.1","params":{"contentName":"Image"},"subContentId":"7948cbd4-f895-4361-bb9c-2f937eae1f00","metadata":{"contentType":"Image","license":"U","title":"Untitled Image"}},"backgroundOpacity":0,"willDoAnimation":true,"animationType":"glow","displayAsButton":false,"buttonSize":"big","goToSlideType":"specified","invisible":false,"id":"img80604586-f6b0-4fdb-9a6d-7b9671555d1d_1"},{"x":9.191176470588236,"y":3.6363636363636362,"width":15.992647058823529,"height":27.272727272727273,"action":{"library":"H5P.Image 1.1","params":{"contentName":"Image"},"subContentId":"73f32d3c-34d4-4dc5-b839-8a06aaddbff0","metadata":{"contentType":"Image","license":"U","title":"Untitled Image"}},"backgroundOpacity":0,"willDoAnimation":true,"animationType":"glow","displayAsButton":false,"buttonSize":"big","goToSlideType":"specified","invisible":false,"id":"img80604586-f6b0-4fdb-9a6d-7b9671555d1d_3"},{"x":12.867647058823529,"y":18.181818181818183,"width":15.992647058823529,"height":29.818181818181817,"action":{"library":"H5P.Image 1.1","params":{"contentName":"Image"},"subContentId":"3116f770-5dc3-4b7c-86ac-226d62c01315","metadata":{"contentType":"Image","license":"U","title":"Untitled Image"}},"backgroundOpacity":0,"willDoAnimation":true,"animationType":"glow","displayAsButton":false,"buttonSize":"big","goToSlideType":"specified","invisible":false,"id":"img80604586-f6b0-4fdb-9a6d-7b9671555d1d_5"},{"x":11.029411764705882,"y":18.181818181818183,"width":17.830882352941174,"height":30.545454545454547,"action":{"library":"H5P.Image 1.1","params":{"contentName":"Image"},"subContentId":"c92d85e1-d0d8-46cc-b0e2-b10f6bbc3dd9","metadata":{"contentType":"Image","license":"U","title":"Untitled Image"}},"backgroundOpacity":0,"willDoAnimation":true,"animationType":"glow","displayAsButton":false,"buttonSize":"big","goToSlideType":"specified","invisible":false,"id":"img80604586-f6b0-4fdb-9a6d-7b9671555d1d_6"}],"slideBackgroundSelector":{}},{"elements":[{"x":5.1020408163265305,"y":2.5188916876574305,"width":42.09183673469388,"height":94.96221662468514,"action":{"library":"H5P.Image 1.1","params":{"contentName":"Image","file":{"path":"images\/file-6578937a365f7.jpg","mime":"image\/jpeg","copyright":{"license":"U"},"width":1024,"height":1104}},"subContentId":"62e2ba8e-9dfd-4edb-80cc-2aa08fc67e3c","metadata":{"contentType":"Image","license":"U","title":"Untitled Image"}},"backgroundOpacity":0,"willDoAnimation":false,"animationType":"glow","displayAsButton":false,"buttonSize":"big","goToSlideType":"specified","invisible":false},{"x":48.46938775510204,"y":32.735768261964736,"width":47.19387755102041,"height":50.377833753148614,"action":{"library":"H5P.CRAdvancedText 1.1","params":{"text":"<p dir=\"ltr\" style=\"text-align: center;\"><span style=\"font-size:1.75em;\"><span style=\"color:#ffffff;\">Ninakata picha, na bibi ananisaidia kugundisha picha.<\/span><\/span><\/p>\n"},"subContentId":"1de95193-2ff4-479b-bda0-c02d7e4b3b6d","metadata":{"contentType":"Text","license":"U","title":"Untitled Text"}},"alwaysDisplayComments":false,"backgroundOpacity":0,"willDoAnimation":false,"animationType":"glow","displayAsButton":false,"buttonSize":"big","goToSlideType":"specified","invisible":false,"solution":""},{"x":46.96691176470588,"y":44,"width":40,"height":40,"action":{"library":"H5P.CRAudio 1.4","params":{"fitToWrapper":true,"currIndex":5,"playerMode":"minimalistic","controls":true,"autoplay":true,"playAudio":"Play audio","pauseAudio":"Pause audio","contentName":"Audio","glowColor":"#ffd85a","timeStampForEachText":[{"text":" Ninakata ","startDuration":"0.4039","endDuration":"1.4622","wordfile":[{"path":"audios\/wordfile-66b1bde1bf5a5.mp3","mime":"audio\/mpeg","copyright":{"license":"U"}}]},{"text":" picha, ","startDuration":"1.4632","endDuration":"2.2859","wordfile":[{"path":"audios\/wordfile-66b1bdf36687a.mp3","mime":"audio\/mpeg","copyright":{"license":"U"}}]},{"text":" na ","startDuration":"3.2293","endDuration":"3.5471","wordfile":[{"path":"audios\/wordfile-66b1be1402988.mp3","mime":"audio\/mpeg","copyright":{"license":"U"}}]},{"text":" bibi ","startDuration":"3.5481","endDuration":"4.4044","wordfile":[{"path":"audios\/wordfile-66b1be271b93e.mp3","mime":"audio\/mpeg","copyright":{"license":"U"}}]},{"text":" ananisaidia ","startDuration":"4.4054","endDuration":"5.8002","wordfile":[{"path":"audios\/wordfile-66b1be3aced2b.mp3","mime":"audio\/mpeg","copyright":{"license":"U"}}]},{"text":" kugundisha ","startDuration":"5.8012","endDuration":"7.0277","wordfile":[{"path":"audios\/wordfile-66b1be5259a74.mp3","mime":"audio\/mpeg","copyright":{"license":"U"}}]},{"text":" picha. ","startDuration":"7.0287","endDuration":"7.7840","wordfile":[{"path":"audios\/wordfile-66b1be6327d48.mp3","mime":"audio\/mpeg","copyright":{"license":"U"}}]}],"files":[{"path":"audios\/files-66b1bdc69ca2f.mp3","mime":"audio\/mpeg","copyright":{"license":"U"}}]},"subContentId":"3fb526c5-bb25-4c79-9b4f-b759a004d03f","metadata":{"contentType":"Curious Reader Audio","license":"U","title":"Untitled Curious Reader Audio"}},"backgroundOpacity":0,"willDoAnimation":false,"animationType":"glow","displayAsButton":false,"buttonSize":"big","goToSlideType":"specified","invisible":false},{"x":7.352941176470589,"y":18.232945454545455,"width":15.992647058823529,"height":35.27272727272727,"action":{"library":"H5P.Image 1.1","params":{"contentName":"Image"},"subContentId":"a86f7fb3-c712-47ce-81ef-cb760f1bfbc3","metadata":{"contentType":"Image","license":"U","title":"Untitled Image"}},"backgroundOpacity":0,"willDoAnimation":true,"animationType":"glow","displayAsButton":false,"buttonSize":"big","goToSlideType":"specified","invisible":false,"id":"img3fb526c5-bb25-4c79-9b4f-b759a004d03f_0"},{"x":7.352941176470589,"y":14.585236363636364,"width":17.830882352941174,"height":38.90909090909091,"action":{"library":"H5P.Image 1.1","params":{"contentName":"Image"},"subContentId":"07689db9-54ee-4dca-9e26-bbe06eb0e875","metadata":{"contentType":"Image","license":"U","title":"Untitled Image"}},"backgroundOpacity":0,"willDoAnimation":true,"animationType":"glow","displayAsButton":false,"buttonSize":"big","goToSlideType":"specified","invisible":false,"id":"img3fb526c5-bb25-4c79-9b4f-b759a004d03f_1"},{"x":27.573529411764703,"y":7.2727272727272725,"width":12.316176470588234,"height":25.09090909090909,"action":{"library":"H5P.Image 1.1","params":{"contentName":"Image"},"subContentId":"4b871faa-158c-4dda-869d-36dc0155e2a7","metadata":{"contentType":"Image","license":"U","title":"Untitled Image"}},"backgroundOpacity":0,"willDoAnimation":true,"animationType":"glow","displayAsButton":false,"buttonSize":"big","goToSlideType":"specified","invisible":false,"id":"img3fb526c5-bb25-4c79-9b4f-b759a004d03f_3"},{"x":22.058823529411764,"y":40,"width":16.360294117647058,"height":28,"action":{"library":"H5P.Image 1.1","params":{"contentName":"Image"},"subContentId":"09164864-f93c-4e29-89bc-559b397ef608","metadata":{"contentType":"Image","license":"U","title":"Untitled Image"}},"backgroundOpacity":0,"willDoAnimation":true,"animationType":"glow","displayAsButton":false,"buttonSize":"big","goToSlideType":"specified","invisible":false,"id":"img3fb526c5-bb25-4c79-9b4f-b759a004d03f_5"},{"x":22.058823529411764,"y":40,"width":17.830882352941174,"height":28.363636363636363,"action":{"library":"H5P.Image 1.1","params":{"contentName":"Image"},"subContentId":"028a1f1d-71de-4114-9074-e5d5cacaa42a","metadata":{"contentType":"Image","license":"U","title":"Untitled Image"}},"backgroundOpacity":0,"willDoAnimation":true,"animationType":"glow","displayAsButton":false,"buttonSize":"big","goToSlideType":"specified","invisible":false,"id":"img3fb526c5-bb25-4c79-9b4f-b759a004d03f_6"}],"slideBackgroundSelector":{}},{"elements":[{"x":5.1020408163265305,"y":2.51692443324937,"width":42.09183673469388,"height":97.48110831234257,"action":{"library":"H5P.Image 1.1","params":{"contentName":"Image","file":{"path":"images\/file-657893cd148ab.jpg","mime":"image\/jpeg","copyright":{"license":"U"},"width":1024,"height":1104}},"subContentId":"854b71f0-4b9f-4858-8b85-8c29cc518bdb","metadata":{"contentType":"Image","license":"U","title":"Untitled Image"}},"backgroundOpacity":0,"willDoAnimation":false,"animationType":"glow","displayAsButton":false,"buttonSize":"big","goToSlideType":"specified","invisible":false},{"x":47.19387755102041,"y":32.7455919395466,"width":49.744897959183675,"height":55.415617128463474,"action":{"library":"H5P.CRAdvancedText 1.1","params":{"text":"<p dir=\"ltr\" style=\"text-align: center;\"><span style=\"color:#ffffff;\"><span style=\"font-size:1.75em;\">Ninagundisha picha, na babu ananisaidia kuandika hadithi.<\/span><\/span><\/p>\n"},"subContentId":"c78dbf15-db86-4b85-b48f-3267ee44151c","metadata":{"contentType":"Text","license":"U","title":"Untitled Text"}},"alwaysDisplayComments":false,"backgroundOpacity":0,"willDoAnimation":false,"animationType":"glow","displayAsButton":false,"buttonSize":"big","goToSlideType":"specified","invisible":false,"solution":""},{"x":46.96691176470588,"y":44,"width":40,"height":40,"action":{"library":"H5P.CRAudio 1.4","params":{"fitToWrapper":true,"currIndex":6,"playerMode":"minimalistic","controls":true,"autoplay":true,"playAudio":"Play audio","pauseAudio":"Pause audio","contentName":"Audio","glowColor":"#ffd85a","timeStampForEachText":[{"text":" Ninagundisha ","startDuration":"0.0000","endDuration":"1.4388","wordfile":[{"path":"audios\/wordfile-66b1beb86f0f4.mp3","mime":"audio\/mpeg","copyright":{"license":"U"}}]},{"text":" picha, ","startDuration":"1.4398","endDuration":"2.1886","wordfile":[{"path":"audios\/wordfile-66b1bec9a3514.mp3","mime":"audio\/mpeg","copyright":{"license":"U"}}]},{"text":" na ","startDuration":"3.0207","endDuration":"3.4089","wordfile":[{"path":"audios\/wordfile-66b1bee1411a0.mp3","mime":"audio\/mpeg","copyright":{"license":"U"}}]},{"text":" babu ","startDuration":"3.4099","endDuration":"4.1274","wordfile":[{"path":"audios\/wordfile-66b1bef181a69.mp3","mime":"audio\/mpeg","copyright":{"license":"U"}}]},{"text":" ananisaidia ","startDuration":"4.1284","endDuration":"5.5515","wordfile":[{"path":"audios\/wordfile-66b1bf041d2a5.mp3","mime":"audio\/mpeg","copyright":{"license":"U"}}]},{"text":" kuandika ","startDuration":"5.5525","endDuration":"6.5366","wordfile":[{"path":"audios\/wordfile-66b1bf1967dc3.mp3","mime":"audio\/mpeg","copyright":{"license":"U"}}]},{"text":" hadithi. ","startDuration":"6.5376","endDuration":"7.8720","wordfile":[{"path":"audios\/wordfile-66b1bf2b82314.mp3","mime":"audio\/mpeg","copyright":{"license":"U"}}]}],"files":[{"path":"audios\/files-66b1be9f0eafb.mp3","mime":"audio\/mpeg","copyright":{"license":"U"}}]},"subContentId":"a4f9e8be-1786-4bb8-965b-37bd7e97233f","metadata":{"contentType":"Curious Reader Audio","license":"U","title":"Untitled Curious Reader Audio"}},"backgroundOpacity":0,"willDoAnimation":false,"animationType":"glow","displayAsButton":false,"buttonSize":"big","goToSlideType":"specified","invisible":false},{"x":27.573529411764703,"y":36.36363636363637,"width":15.624999999999998,"height":31.636363636363637,"action":{"library":"H5P.Image 1.1","params":{"contentName":"Image"},"subContentId":"e62afdd7-47a7-4828-b6a9-0d5a1f0567e3","metadata":{"contentType":"Image","license":"U","title":"Untitled Image"}},"backgroundOpacity":0,"willDoAnimation":true,"animationType":"glow","displayAsButton":false,"buttonSize":"big","goToSlideType":"specified","invisible":false,"id":"imga4f9e8be-1786-4bb8-965b-37bd7e97233f_0"},{"x":25.735294117647058,"y":47.27272727272727,"width":12.316176470588234,"height":24.363636363636363,"action":{"library":"H5P.Image 1.1","params":{"contentName":"Image"},"subContentId":"c8d7bdd1-79a0-4bd2-9139-97c1c5123192","metadata":{"contentType":"Image","license":"U","title":"Untitled Image"}},"backgroundOpacity":0,"willDoAnimation":true,"animationType":"glow","displayAsButton":false,"buttonSize":"big","goToSlideType":"specified","invisible":false,"id":"imga4f9e8be-1786-4bb8-965b-37bd7e97233f_1"},{"x":7.352941176470588,"y":7.2727272727272725,"width":15.992647058823529,"height":27.272727272727273,"action":{"library":"H5P.Image 1.1","params":{"contentName":"Image"},"subContentId":"5d65b469-7ae6-45c9-ba57-6978b1b8783f","metadata":{"contentType":"Image","license":"U","title":"Untitled Image"}},"backgroundOpacity":0,"willDoAnimation":true,"animationType":"glow","displayAsButton":false,"buttonSize":"big","goToSlideType":"specified","invisible":false,"id":"imga4f9e8be-1786-4bb8-965b-37bd7e97233f_3"},{"x":7.352941176470588,"y":32.72727272727273,"width":17.830882352941174,"height":33.09090909090909,"action":{"library":"H5P.Image 1.1","params":{"contentName":"Image"},"subContentId":"6012bfa3-1d80-4c76-aca2-f1d578ba53da","metadata":{"contentType":"Image","license":"U","title":"Untitled Image"}},"backgroundOpacity":0,"willDoAnimation":true,"animationType":"glow","displayAsButton":false,"buttonSize":"big","goToSlideType":"specified","invisible":false,"id":"imga4f9e8be-1786-4bb8-965b-37bd7e97233f_5"},{"x":11.029411764705882,"y":36.36363636363637,"width":15.073529411764705,"height":28,"action":{"library":"H5P.Image 1.1","params":{"contentName":"Image"},"subContentId":"b19b3e1e-5c11-48a2-a32d-f4807d9829c1","metadata":{"contentType":"Image","license":"U","title":"Untitled Image"}},"backgroundOpacity":0,"willDoAnimation":true,"animationType":"glow","displayAsButton":false,"buttonSize":"big","goToSlideType":"specified","invisible":false,"id":"imga4f9e8be-1786-4bb8-965b-37bd7e97233f_6"}],"slideBackgroundSelector":{}},{"elements":[{"x":5.1020408163265305,"y":2.51692443324937,"width":42.09183673469388,"height":94.96221662468514,"action":{"library":"H5P.Image 1.1","params":{"contentName":"Image","file":{"path":"images\/file-6578941542f1f.jpg","mime":"image\/jpeg","copyright":{"license":"U"},"width":1024,"height":1104}},"subContentId":"f1ae49b0-a9f9-4dc4-8a79-cc1b08ca3b95","metadata":{"contentType":"Image","license":"U","title":"Untitled Image"}},"backgroundOpacity":0,"willDoAnimation":false,"animationType":"glow","displayAsButton":false,"buttonSize":"big","goToSlideType":"specified","invisible":false},{"x":51.470588235294116,"y":21.818181818181817,"width":45.40441176470588,"height":48,"action":{"library":"H5P.CRAdvancedText 1.1","params":{"text":"<p dir=\"ltr\" style=\"text-align: center;\"><span style=\"font-size:1.75em;\"><span style=\"color:#ffffff;\">Ninaandika hadithi, na kaka ananisaidia kuunganisha kurasa pamoja.<\/span><\/span><\/p>\n"},"subContentId":"93dec863-ad98-4918-9672-ff9d79cee23a","metadata":{"contentType":"Text","license":"U","title":"Untitled Text"}},"alwaysDisplayComments":false,"backgroundOpacity":0,"willDoAnimation":false,"animationType":"glow","displayAsButton":false,"buttonSize":"big","goToSlideType":"specified","invisible":false,"solution":""},{"x":46.96691176470588,"y":44,"width":40,"height":40,"action":{"library":"H5P.CRAudio 1.4","params":{"fitToWrapper":true,"currIndex":7,"playerMode":"minimalistic","controls":true,"autoplay":true,"playAudio":"Play audio","pauseAudio":"Pause audio","contentName":"Audio","glowColor":"#ffd85a","timeStampForEachText":[{"text":" Ninaandika ","startDuration":"0.0000","endDuration":"1.3001","wordfile":[{"path":"audios\/wordfile-66b1bf6acfbc1.mp3","mime":"audio\/mpeg","copyright":{"license":"U"}}]},{"text":" hadithi, ","startDuration":"1.3011","endDuration":"2.3304","wordfile":[{"path":"audios\/wordfile-66b1bf80b3adf.mp3","mime":"audio\/mpeg","copyright":{"license":"U"}}]},{"text":" na ","startDuration":"2.6022","endDuration":"3.0561","wordfile":[{"path":"audios\/wordfile-66b1bf97637c6.mp3","mime":"audio\/mpeg","copyright":{"license":"U"}}]},{"text":" kaka ","startDuration":"3.0571","endDuration":"3.7479","wordfile":[{"path":"audios\/wordfile-66b1bfa8bdd85.mp3","mime":"audio\/mpeg","copyright":{"license":"U"}}]},{"text":" ananisaidia ","startDuration":"3.7489","endDuration":"5.5059","wordfile":[{"path":"audios\/wordfile-66b1bfc38e813.mp3","mime":"audio\/mpeg","copyright":{"license":"U"}}]},{"text":" kuunganisha ","startDuration":"5.5069","endDuration":"6.8070","wordfile":[{"path":"audios\/wordfile-66b1bfd7f26ee.mp3","mime":"audio\/mpeg","copyright":{"license":"U"}}]},{"text":" kurasa ","startDuration":"6.8080","endDuration":"7.4819","wordfile":[{"path":"audios\/wordfile-66b1bfed044a3.mp3","mime":"audio\/mpeg","copyright":{"license":"U"}}]},{"text":" pamoja. ","startDuration":"7.4829","endDuration":"8.3768","wordfile":[{"path":"audios\/wordfile-66b1bffbeb416.mp3","mime":"audio\/mpeg","copyright":{"license":"U"}}]}],"files":[{"path":"audios\/files-66b1bf4e33ee2.mp3","mime":"audio\/mpeg","copyright":{"license":"U"}}]},"subContentId":"f3fd21db-df5f-491c-9d28-4e14f409399c","metadata":{"contentType":"Curious Reader Audio","license":"U","title":"Untitled Curious Reader Audio"}},"backgroundOpacity":0,"willDoAnimation":false,"animationType":"glow","displayAsButton":false,"buttonSize":"big","goToSlideType":"specified","invisible":false},{"x":5.514705882352941,"y":29.09090909090909,"width":19.669117647058822,"height":40,"action":{"library":"H5P.Image 1.1","params":{"contentName":"Image"},"subContentId":"6e091f19-3733-44d5-a6fc-b4c745128bd9","metadata":{"contentType":"Image","license":"U","title":"Untitled Image"}},"backgroundOpacity":0,"willDoAnimation":true,"animationType":"glow","displayAsButton":false,"buttonSize":"big","goToSlideType":"specified","invisible":false,"id":"imgf3fd21db-df5f-491c-9d28-4e14f409399c_0"},{"x":5.514705882352941,"y":25.454545454545453,"width":19.669117647058822,"height":40,"action":{"library":"H5P.Image 1.1","params":{"contentName":"Image"},"subContentId":"54107426-d394-400d-b1fe-8946beb6c435","metadata":{"contentType":"Image","license":"U","title":"Untitled Image"}},"backgroundOpacity":0,"willDoAnimation":true,"animationType":"glow","displayAsButton":false,"buttonSize":"big","goToSlideType":"specified","invisible":false,"id":"imgf3fd21db-df5f-491c-9d28-4e14f409399c_1"},{"x":27.573529411764703,"y":3.6363636363636362,"width":13.786764705882351,"height":28,"action":{"library":"H5P.Image 1.1","params":{"contentName":"Image"},"subContentId":"d0b90951-5bc1-4ede-9c33-38142be08f68","metadata":{"contentType":"Image","license":"U","title":"Untitled Image"}},"backgroundOpacity":0,"willDoAnimation":true,"animationType":"glow","displayAsButton":false,"buttonSize":"big","goToSlideType":"specified","invisible":false,"id":"imgf3fd21db-df5f-491c-9d28-4e14f409399c_3"},{"x":25.735294117647058,"y":18.181818181818183,"width":19.669117647058822,"height":40,"action":{"library":"H5P.Image 1.1","params":{"contentName":"Image"},"subContentId":"d50f1537-3e63-4514-824a-0870fa3f08c1","metadata":{"contentType":"Image","license":"U","title":"Untitled Image"}},"backgroundOpacity":0,"willDoAnimation":true,"animationType":"glow","displayAsButton":false,"buttonSize":"big","goToSlideType":"specified","invisible":false,"id":"imgf3fd21db-df5f-491c-9d28-4e14f409399c_5"},{"x":25.735294117647058,"y":21.818181818181817,"width":18.566176470588236,"height":31.636363636363637,"action":{"library":"H5P.Image 1.1","params":{"contentName":"Image"},"subContentId":"2884fe84-4d26-455d-a58d-a944f08b183e","metadata":{"contentType":"Image","license":"U","title":"Untitled Image"}},"backgroundOpacity":0,"willDoAnimation":true,"animationType":"glow","displayAsButton":false,"buttonSize":"big","goToSlideType":"specified","invisible":false,"id":"imgf3fd21db-df5f-491c-9d28-4e14f409399c_6"}],"slideBackgroundSelector":{}},{"elements":[{"x":5.1020408163265305,"y":2.5188916876574305,"width":42.09183673469388,"height":92.4433249370277,"action":{"library":"H5P.Image 1.1","params":{"contentName":"Image","file":{"path":"images\/file-6578945856864.jpg","mime":"image\/jpeg","copyright":{"license":"U"},"width":1024,"height":735}},"subContentId":"00fb6a85-5a76-447d-a119-2676cf7feb43","metadata":{"contentType":"Image","license":"U","title":"Untitled Image"}},"backgroundOpacity":0,"willDoAnimation":false,"animationType":"glow","displayAsButton":false,"buttonSize":"big","goToSlideType":"specified","invisible":false},{"x":49.744897959183675,"y":40.30226700251889,"width":45.1530612244898,"height":42.82115869017632,"action":{"library":"H5P.CRAdvancedText 1.1","params":{"text":"<p dir=\"ltr\" style=\"text-align: center;\"><span style=\"font-size:1.75em;\"><span style=\"color:#ffffff;\">Sasa nina kitabu. Tusome kitabu hicho!<\/span><\/span><\/p>\n"},"subContentId":"5a9fff56-e851-45ec-8640-989a48903d6e","metadata":{"contentType":"Text","license":"U","title":"Untitled Text"}},"alwaysDisplayComments":false,"backgroundOpacity":0,"willDoAnimation":false,"animationType":"glow","displayAsButton":false,"buttonSize":"big","goToSlideType":"specified","invisible":false,"solution":""},{"x":46.96691176470588,"y":44,"width":40,"height":40,"action":{"library":"H5P.CRAudio 1.4","params":{"fitToWrapper":true,"currIndex":8,"playerMode":"minimalistic","controls":true,"autoplay":true,"playAudio":"Play audio","pauseAudio":"Pause audio","contentName":"Audio","glowColor":"#ffd85a","timeStampForEachText":[{"text":" Sasa ","startDuration":"0.0000","endDuration":"1.1332","wordfile":[{"path":"audios\/wordfile-66b1c03b1b75c.mp3","mime":"audio\/mpeg","copyright":{"license":"U"}}]},{"text":" nina ","startDuration":"1.3675","endDuration":"1.8825","wordfile":[{"path":"audios\/wordfile-66b1c056b70a5.mp3","mime":"audio\/mpeg","copyright":{"license":"U"}}]},{"text":" kitabu. ","startDuration":"1.8835","endDuration":"2.6668","wordfile":[{"path":"audios\/wordfile-66b1c06d62566.mp3","mime":"audio\/mpeg","copyright":{"license":"U"}}]},{"text":" Tusome ","startDuration":"2.9128","endDuration":"4.0577","wordfile":[{"path":"audios\/wordfile-66b1c084d2c93.mp3","mime":"audio\/mpeg","copyright":{"license":"U"}}]},{"text":" kitabu ","startDuration":"4.0587","endDuration":"4.8536","wordfile":[{"path":"audios\/wordfile-66b1c09e872c7.mp3","mime":"audio\/mpeg","copyright":{"license":"U"}}]},{"text":" hicho! ","startDuration":"4.8546","endDuration":"5.5795","wordfile":[{"path":"audios\/wordfile-66b1c0b0e389d.mp3","mime":"audio\/mpeg","copyright":{"license":"U"}}]}],"files":[{"path":"audios\/files-66b1c0252cd0f.mp3","mime":"audio\/mpeg","copyright":{"license":"U"}}]},"subContentId":"6b016f24-6e7a-43ce-af33-df070702c273","metadata":{"contentType":"Curious Reader Audio","license":"U","title":"Untitled Curious Reader Audio"}},"backgroundOpacity":0,"willDoAnimation":false,"animationType":"glow","displayAsButton":false,"buttonSize":"big","goToSlideType":"specified","invisible":false},{"x":33.088235294117645,"y":43.63636363636363,"width":6.8014705882352935,"height":13.818181818181818,"action":{"library":"H5P.Image 1.1","params":{"contentName":"Image"},"subContentId":"71ca5284-0335-4098-8d56-4e9d981d53c3","metadata":{"contentType":"Image","license":"U","title":"Untitled Image"}},"backgroundOpacity":0,"willDoAnimation":true,"animationType":"glow","displayAsButton":false,"buttonSize":"big","goToSlideType":"specified","invisible":false,"id":"img6b016f24-6e7a-43ce-af33-df070702c273_1"},{"x":34.92647058823529,"y":40,"width":5.88235294117647,"height":9.818181818181818,"action":{"library":"H5P.Image 1.1","params":{"contentName":"Image"},"subContentId":"bcd5c56e-a597-4967-a178-7dde813fa1d4","metadata":{"contentType":"Image","license":"U","title":"Untitled Image"}},"backgroundOpacity":0,"willDoAnimation":true,"animationType":"glow","displayAsButton":false,"buttonSize":"big","goToSlideType":"specified","invisible":false,"id":"img6b016f24-6e7a-43ce-af33-df070702c273_2"}],"slideBackgroundSelector":{}},{"elements":[{"x":3.826530612244898,"y":5.0338539042821155,"width":22.95918367346939,"height":22.921914357682617,"action":{"library":"H5P.Image 1.1","params":{"contentName":"Image","file":{"path":"images\/file-65789558544e6.png","mime":"image\/png","copyright":{"license":"U"},"width":1350,"height":487}},"subContentId":"481a06ca-f221-477c-b218-9b93976b4d09","metadata":{"contentType":"Image","license":"U","title":"Untitled Image"}},"backgroundOpacity":0,"willDoAnimation":false,"animationType":"glow","displayAsButton":false,"buttonSize":"big","goToSlideType":"specified","invisible":false},{"x":30.612244897959183,"y":5.0338539042821155,"width":22.95918367346939,"height":22.921914357682617,"action":{"library":"H5P.Image 1.1","params":{"contentName":"Image","file":{"path":"images\/file-6578956aa2732.png","mime":"image\/png","copyright":{"license":"U"},"width":814,"height":202}},"subContentId":"1efc4476-7506-4cc3-8719-19270bc2f79e","metadata":{"contentType":"Image","license":"U","title":"Untitled Image"}},"backgroundOpacity":0,"willDoAnimation":false,"animationType":"glow","displayAsButton":false,"buttonSize":"big","goToSlideType":"specified","invisible":false},{"x":57.39795918367347,"y":7.556675062972292,"width":40.05102040816327,"height":17.632241813602015,"action":{"library":"H5P.Image 1.1","params":{"contentName":"Image","file":{"path":"images\/file-6578957d13a9b.jpg","mime":"image\/jpeg","copyright":{"license":"U"},"width":1732,"height":354}},"subContentId":"1e8c1618-399a-4152-86d8-b0bc61b1ea04","metadata":{"contentType":"Image","license":"U","title":"Untitled Image"}},"backgroundOpacity":0,"willDoAnimation":false,"animationType":"glow","displayAsButton":false,"buttonSize":"big","goToSlideType":"specified","invisible":false},{"x":3.826252723311547,"y":27.94021505376344,"width":93.13725490196079,"height":71.82795698924731,"action":{"library":"H5P.CRAdvancedText 1.1","params":{"text":"<h3 style=\"text-align: center;\"><span style=\"font-size:1.25em;\">\u201c<\/span>Nani anaweza kunisaidia?<span style=\"font-size:1.25em;\">\u201d credits<\/span><\/h3>\n\n<h3 style=\"text-align: center;\"><span style=\"font-size:1.25em;\">This work, \u201c<\/span>Nani anaweza kunisaidia?<span style=\"font-size:1.25em;\">\u201d is a derivative of \u201cWho can help me?\u201d by All Children Reading Cambodia. \u00a9 The Asia Foundation , 2019 and used under CC BY.<\/span><\/h3>\n\n<h3 style=\"text-align: center;\"><span style=\"font-size:1.25em;\">\u201c<\/span>Nani anaweza kunisaidia?<span style=\"font-size:1.25em;\">\u201d is licensed under CC BY 4.0 by Curious Learning.<\/span><\/h3>\n\n<h3 style=\"text-align: center;\">&nbsp;<\/h3>\n\n<h3 style=\"text-align: center;\"><span style=\"font-size:1.25em;\">Book builder - Abraham Jerry Kakooza<\/span><\/h3>\n"},"subContentId":"99f991d8-4b16-4b19-9127-e55b00685b29","metadata":{"contentType":"Text","license":"U","title":"Untitled Text"}},"alwaysDisplayComments":false,"backgroundOpacity":0,"willDoAnimation":false,"animationType":"glow","displayAsButton":false,"buttonSize":"big","goToSlideType":"specified","invisible":false,"solution":""}],"slideBackgroundSelector":{"fillSlideBackground":"#fbfef0"}}],"keywordListEnabled":true,"globalBackgroundSelector":{},"keywordListAlwaysShow":false,"keywordListAutoHide":false,"keywordListOpacity":90},"override":{"activeSurface":false,"hideSummarySlide":false,"summarySlideSolutionButton":true,"summarySlideRetryButton":true,"enablePrintButton":false,"social":{"showFacebookShare":false,"facebookShare":{"url":"@currentpageurl","quote":"I scored @score out of @maxScore on a task at @currentpageurl."},"showTwitterShare":false,"twitterShare":{"statement":"I scored @score out of @maxScore on a task at @currentpageurl.","url":"@currentpageurl","hashtags":"h5p, course"},"showGoogleShare":false,"googleShareUrl":"@currentpageurl"}},"l10n":{"slide":"Slide","score":"Score","yourScore":"Your Score","maxScore":"Max Score","total":"Total","totalScore":"Total Score","showSolutions":"Show solutions","retry":"Retry","exportAnswers":"Export text","hideKeywords":"Hide sidebar navigation menu","showKeywords":"Show sidebar navigation menu","fullscreen":"Fullscreen","exitFullscreen":"Exit fullscreen","prevSlide":"Previous slide","nextSlide":"Next slide","currentSlide":"Current slide","lastSlide":"Last slide","solutionModeTitle":"Exit solution mode","solutionModeText":"Solution Mode","summaryMultipleTaskText":"Multiple tasks","scoreMessage":"You achieved:","shareFacebook":"Share on Facebook","shareTwitter":"Share on Twitter","shareGoogle":"Share on Google+","summary":"Summary","solutionsButtonTitle":"Show comments","printTitle":"Print","printIngress":"How would you like to print this presentation?","printAllSlides":"Print all slides","printCurrentSlide":"Print current slide","noTitle":"No title","accessibilitySlideNavigationExplanation":"Use left and right arrow to change slide in that direction whenever canvas is selected.","accessibilityCanvasLabel":"Presentation canvas. Use left and right arrow to move between slides.","containsNotCompleted":"@slideName contains not completed interaction","containsCompleted":"@slideName contains completed interaction","slideCount":"Slide @index of @total","containsOnlyCorrect":"@slideName only has correct answers","containsIncorrectAnswers":"@slideName has incorrect answers","shareResult":"Share Result","accessibilityTotalScore":"You got @score of @maxScore points in total","accessibilityEnteredFullscreen":"Entered fullscreen","accessibilityExitedFullscreen":"Exited fullscreen"}}