{
  "quizName": "Nepalese letter sounds",
  "appType": "assessment",
  "assessmentType": "letter-sounds",
  "feedbackText": "गज्जब!",
  "contentVersion": "v0.1",
  "buckets": [
    {
      "bucketID": 1,
      "bucketName": "nepalese-let-b1",
      "usedItems": [],
      "items": [
        { "itemName": "म", "itemText": "म" },
        { "itemName": "ख", "itemText": "ख" },
        { "itemName": "ङ", "itemText": "ङ" },
        { "itemName": "ष", "itemText": "ष" },
        { "itemName": "इ", "itemText": "इ" },
        { "itemName": "ब", "itemText": "ब" },
        { "itemName": "स", "itemText": "स" },
        { "itemName": "भ", "itemText": "भ" },
        { "itemName": "द", "itemText": "द" },
        { "itemName": "उ", "itemText": "उ" }
      ]
    },
    {
      "bucketID": 2,
      "bucketName": "nepalese-let-b2",
      "usedItems": [],
      "items": [
        { "itemName": "ख", "itemText": "ख" },
        { "itemName": "इ", "itemText": "इ" },
        { "itemName": "ज", "itemText": "ज" },
        { "itemName": "ढ", "itemText": "ढ" },
        { "itemName": "ह", "itemText": "ह" },
        { "itemName": "ध", "itemText": "ध" },
        { "itemName": "श", "itemText": "श" },
        { "itemName": "घ", "itemText": "घ" },
        { "itemName": "स", "itemText": "स" },
        { "itemName": "ऊ", "itemText": "ऊ" }
      ]
    },

    {
      "bucketID": 3,
      "bucketName": "nepalese-let-b3",
      "usedItems": [],
      "items": [
        { "itemName": "झ", "itemText": "झ" },
        { "itemName": "ढ", "itemText": "ढ" },
        { "itemName": "औ", "itemText": "औ" },
        { "itemName": "आ", "itemText": "आ" },
        { "itemName": "ग", "itemText": "ग" },
        { "itemName": "अ", "itemText": "अ" },
        { "itemName": "ञ", "itemText": "ञ" },
        { "itemName": "ऐ", "itemText": "ऐ" },
        { "itemName": "घ", "itemText": "घ" },
        { "itemName": "न", "itemText": "न" }
      ]
    },

    {
      "bucketID": 4,
      "bucketName": "nepalese-let-b4",
      "usedItems": [],
      "items": [
        { "itemName": "ऐ", "itemText": "ऐ" },
        { "itemName": "ञ", "itemText": "ञ" },
        { "itemName": "च", "itemText": "च" },
        { "itemName": "ब", "itemText": "ब" },
        { "itemName": "अः", "itemText": "अः" },
        { "itemName": "ख", "itemText": "ख" },
        { "itemName": "र", "itemText": "र" },
        { "itemName": "उ", "itemText": "उ" },
        { "itemName": "ठ", "itemText": "ठ" },
        { "itemName": "भ", "itemText": "भ" }
      ]
    },
    {
      "bucketID": 5,
      "bucketName": "nepalese-let-b5",
      "usedItems": [],
      "items": [
        { "itemName": "क", "itemText": "क" },
        { "itemName": "न", "itemText": "न" },
        { "itemName": "उ", "itemText": "उ" },
        { "itemName": "अ", "itemText": "अ" },
        { "itemName": "भ", "itemText": "भ" },
        { "itemName": "झ", "itemText": "झ" },
        { "itemName": "इ", "itemText": "इ" },
        { "itemName": "आ", "itemText": "आ" },
        { "itemName": "झ", "itemText": "झ" },
        { "itemName": "ड", "itemText": "ड" }
      ]
    },
    {
      "bucketID": 6,
      "bucketName": "nepalese-let-b6",
      "usedItems": [],
      "items": [
        { "itemName": "म", "itemText": "म" },
        { "itemName": "ओ", "itemText": "ओ" },
        { "itemName": "र", "itemText": "र" },
        { "itemName": "द", "itemText": "द" },
        { "itemName": "ज", "itemText": "ज" },
        { "itemName": "थ", "itemText": "थ" },
        { "itemName": "ग", "itemText": "ग" },
        { "itemName": "फ", "itemText": "फ" },
        { "itemName": "ल", "itemText": "ल" },
        { "itemName": "छ", "itemText": "छ" }
      ]
    },
    {
      "bucketID": 7,
      "bucketName": "nepalese-let-b7",
      "usedItems": [],
      "items": [
        { "itemName": "प", "itemText": "प" },
        { "itemName": "ञ", "itemText": "ञ" },
        { "itemName": "औ", "itemText": "औ" },
        { "itemName": "ष", "itemText": "ष" },
        { "itemName": "ट", "itemText": "ट" },
        { "itemName": "ए", "itemText": "ए" },
        { "itemName": "व", "itemText": "व" },
        { "itemName": "त", "itemText": "त" },
        { "itemName": "इ", "itemText": "इ" },
        { "itemName": "घ", "itemText": "घ" }
      ]
    },
    {
      "bucketID": 8,
      "bucketName": "nepalese-let-b8",
      "usedItems": [],
      "items": [
        { "itemName": "ज्ञ", "itemText": "ज्ञ" },
        { "itemName": "क", "itemText": "क" },
        { "itemName": "ह", "itemText": "ह" },
        { "itemName": "थ", "itemText": "थ" },
        { "itemName": "अं", "itemText": "अं" },
        { "itemName": "ठ", "itemText": "ठ" },
        { "itemName": "ऊ", "itemText": "ऊ" },
        { "itemName": "अ", "itemText": "अ" },
        { "itemName": "ओ", "itemText": "ओ" },
        { "itemName": "च", "itemText": "च" }
      ]
    },
    {
      "bucketID": 9,
      "bucketName": "nepalese-let-b9",
      "usedItems": [],
      "items": [
        { "itemName": "फ", "itemText": "फ" },
        { "itemName": "ई", "itemText": "ई" },
        { "itemName": "अः", "itemText": "अः" },
        { "itemName": "ड", "itemText": "ड" },
        { "itemName": "ञ", "itemText": "ञ" },
        { "itemName": "थ", "itemText": "थ" },
        { "itemName": "क्ष", "itemText": "क्ष" },
        { "itemName": "ए", "itemText": "ए" },
        { "itemName": "त्र", "itemText": "त्र" }
      ]
    },
    {
      "bucketID": 10,
      "bucketName": "nepalese-let-b10",
      "usedItems": [],
      "items": [
        { "itemName": "ग", "itemText": "ग" },
        { "itemName": "ल", "itemText": "ल" },
        { "itemName": "व", "itemText": "व" },
        { "itemName": "छ", "itemText": "छ" },
        { "itemName": "ट", "itemText": "ट" },
        { "itemName": "य", "itemText": "य" },
        { "itemName": "प", "itemText": "प" },
        { "itemName": "थ", "itemText": "थ" },
        { "itemName": "ढ", "itemText": "ढ" },
        { "itemName": "क्ष", "itemText": "क्ष" }
      ]
    }
  ]
}
