{"presentation":{"slides":[{"elements":[{"x":28.32244008714597,"y":2.150537634408602,"width":39.97821350762527,"height":79.56989247311827,"action":{"library":"H5P.Image 1.1","params":{"contentName":"Image","file":{"path":"images\/file-65830dff293f9.jpeg","mime":"image\/jpeg","copyright":{"license":"U"},"width":493,"height":700}},"subContentId":"3266201e-b7c8-4bb9-b8a2-bbd4e04de5f4","metadata":{"contentType":"Image","license":"U","title":"Untitled Image"}},"backgroundOpacity":0,"willDoAnimation":false,"animationType":"glow","displayAsButton":false,"buttonSize":"big","goToSlideType":"specified","invisible":false},{"x":15.250544662309368,"y":86.07074154247375,"width":69.71677559912854,"height":13.878907073723894,"action":{"library":"H5P.CRAdvancedText 1.1","params":{"text":"<h2 style=\"text-align:center;\"><span style=\"font-size:1.5em;color:#000000;\"><strong>\u0935\u0921\u093f\u0932\u093e\u0902\u091a\u0947 \u092c\u0942\u091f<\/strong><\/span><\/h2>"},"subContentId":"bb48a638-3322-495f-8714-dc03e641cef6","metadata":{"contentType":"Text","license":"U","title":"Untitled Text"}},"alwaysDisplayComments":false,"backgroundOpacity":0,"willDoAnimation":false,"animationType":"glow","displayAsButton":false,"buttonSize":"big","goToSlideType":"specified","invisible":false,"solution":""}],"slideBackgroundSelector":{}},{"elements":[{"x":16.33986928104575,"y":4.301075268817204,"width":68.7363834422658,"height":68.81720430107526,"action":{"library":"H5P.Image 1.1","params":{"contentName":"Image","file":{"path":"images\/file-65830ff3694ad.jpg","mime":"image\/jpeg","copyright":{"license":"U"},"width":1200,"height":846}},"subContentId":"7d3f6805-74df-4b15-aa2d-71db2ed5f02a","metadata":{"contentType":"Image","license":"U","title":"Untitled Image"}},"backgroundOpacity":0,"willDoAnimation":false,"animationType":"glow","displayAsButton":false,"buttonSize":"big","goToSlideType":"specified","invisible":false},{"x":0,"y":75.31189884966454,"width":98.03921568627452,"height":24.666368288095985,"action":{"library":"H5P.CRAdvancedText 1.1","params":{"text":"<p style=\"text-align:center;\"><span style=\"font-size:1.5em;color:hsl(0,0%,100%);\"><strong>\" \u0939\u0941\u0930\u094d\u0930\u0947! \u092c\u093e\u092c\u093e \u0918\u0930\u0940 \u092f\u0947\u0924 \u0906\u0939\u0947\u0924. \u092e\u0940 \u0924\u094d\u092f\u093e\u0902\u091a\u094d\u092f\u093e \u092c\u0941\u091f\u093e\u0902\u091a\u093e \u0906\u0935\u093e\u091c&nbsp; \u0910\u0915\u0942 \u0936\u0915\u0924\u094b \u2014\u0925\u092e\u094d\u092a \u0925\u092e\u094d\u092a \u0925\u092e\u094d\u092a! \" \u092e\u0932\u093f\u0915\u093e\u0932\u093e \u0924\u094b \u0906\u0935\u093e\u091c \u0910\u0915\u093e\u092f\u0932\u093e \u0916\u0942\u092a \u0906\u0935\u0921\u0924\u094b<\/strong><\/span><\/p>"},"subContentId":"2c53fbab-787c-4f35-ad18-e7066098fd08","metadata":{"contentType":"Text","license":"U","title":"Untitled Text"}},"alwaysDisplayComments":false,"backgroundOpacity":0,"willDoAnimation":false,"animationType":"glow","displayAsButton":false,"buttonSize":"big","goToSlideType":"specified","invisible":false,"solution":""},{"x":47.000103485838785,"y":44.00026681929878,"width":40,"height":40,"action":{"library":"H5P.CRAudio 1.4","params":{"fitToWrapper":true,"currIndex":1,"playerMode":"minimalistic","controls":true,"autoplay":true,"playAudio":"Play audio","pauseAudio":"Pause audio","contentName":"Audio","glowColor":"#ffd85a","timeStampForEachText":[{"text":" \u0939\u0941\u0930\u094d\u0930\u0947! ","startDuration":"0.0000","endDuration":"1.1018","wordfile":[{"path":"audios\/wordfile-673c7beb6c12c.wav","mime":"audio\/x-wav","copyright":{"license":"U"}}]},{"text":" \u092c\u093e\u092c\u093e ","startDuration":"1.2752","endDuration":"1.8200","wordfile":[{"path":"audios\/wordfile-673c7bfb09388.wav","mime":"audio\/x-wav","copyright":{"license":"U"}}]},{"text":" \u0918\u0930\u0940 ","startDuration":"1.8201","endDuration":"2.1527","wordfile":[{"path":"audios\/wordfile-673c7c0a21796.wav","mime":"audio\/x-wav","copyright":{"license":"U"}}]},{"text":" \u092f\u0947\u0924 ","startDuration":"2.1528","endDuration":"2.4191","wordfile":[{"path":"audios\/wordfile-673c7c1952aef.wav","mime":"audio\/x-wav","copyright":{"license":"U"}}]},{"text":" \u0906\u0939\u0947\u0924. ","startDuration":"2.4192","endDuration":"2.9905","wordfile":[{"path":"audios\/wordfile-673c7c2c158e1.wav","mime":"audio\/x-wav","copyright":{"license":"U"}}]},{"text":" \u092e\u0940 ","startDuration":"3.5380","endDuration":"3.8838","wordfile":[{"path":"audios\/wordfile-673c7c3a88491.wav","mime":"audio\/x-wav","copyright":{"license":"U"}}]},{"text":" \u0924\u094d\u092f\u093e\u0902\u091a\u094d\u092f\u093e ","startDuration":"3.8839","endDuration":"4.3093","wordfile":[{"path":"audios\/wordfile-673c7c4adf1f7.wav","mime":"audio\/x-wav","copyright":{"license":"U"}}]},{"text":" \u092c\u0941\u091f\u093e\u0902\u091a\u093e ","startDuration":"4.3094","endDuration":"4.9338","wordfile":[{"path":"audios\/wordfile-673c7c5939cbf.wav","mime":"audio\/x-wav","copyright":{"license":"U"}}]},{"text":" \u0906\u0935\u093e\u091c\u00a0 ","startDuration":"4.9339","endDuration":"5.1339","wordfile":[{"path":"audios\/wordfile-673c7c6aa3ed4.wav","mime":"audio\/x-wav","copyright":{"license":"U"}}]},{"text":" \u0910\u0915\u0942 ","startDuration":"5.1340","endDuration":"5.4003","wordfile":[{"path":"audios\/wordfile-673c7c7c2c51e.wav","mime":"audio\/x-wav","copyright":{"license":"U"}}]},{"text":" \u0936\u0915\u0924\u094b\u2014\u0925\u092e\u094d\u092a \u0936\u0915\u0924\u094b ","startDuration":"5.4004","endDuration":"5.9452","wordfile":[{"path":"audios\/wordfile-673c7c91c9e46.wav","mime":"audio\/x-wav","copyright":{"license":"U"}}]},{"text":" \u2014\u0925\u092e\u094d\u092a ","startDuration":"6.3124","endDuration":"6.8762","wordfile":[{"path":"audios\/wordfile-673c7cf034869.wav","mime":"audio\/x-wav","copyright":{"license":"U"}}]},{"text":" \u0925\u092e\u094d\u092a ","startDuration":"6.8763","endDuration":"7.5802","wordfile":[{"path":"audios\/wordfile-673c7d0172bc2.wav","mime":"audio\/x-wav","copyright":{"license":"U"}}]},{"text":" \u0925\u092e\u094d\u092a! ","startDuration":"7.5803","endDuration":"8.3373","wordfile":[{"path":"audios\/wordfile-673c7d134d150.wav","mime":"audio\/x-wav","copyright":{"license":"U"}}]},{"text":" \u092e\u0932\u093f\u0915\u093e\u0932\u093e ","startDuration":"8.8056","endDuration":"9.5285","wordfile":[{"path":"audios\/wordfile-673c7d23472e1.wav","mime":"audio\/x-wav","copyright":{"license":"U"}}]},{"text":" \u0924\u094b ","startDuration":"9.5286","endDuration":"9.7021","wordfile":[{"path":"audios\/wordfile-673c7d3503109.wav","mime":"audio\/x-wav","copyright":{"license":"U"}}]},{"text":" \u0906\u0935\u093e\u091c ","startDuration":"9.7022","endDuration":"10.0083","wordfile":[{"path":"audios\/wordfile-673c7d452b457.wav","mime":"audio\/x-wav","copyright":{"license":"U"}}]},{"text":" \u0910\u0915\u093e\u092f\u0932\u093e ","startDuration":"10.0084","endDuration":"10.5399","wordfile":[{"path":"audios\/wordfile-673c7d5cef920.wav","mime":"audio\/x-wav","copyright":{"license":"U"}}]},{"text":" \u0916\u0942\u092a ","startDuration":"10.5400","endDuration":"10.8328","wordfile":[{"path":"audios\/wordfile-673c7d6c3ea83.wav","mime":"audio\/x-wav","copyright":{"license":"U"}}]},{"text":" \u0906\u0935\u0921\u0924\u094b ","startDuration":"10.8329","endDuration":"11.6170","wordfile":[{"path":"audios\/wordfile-673c7d7cdc2e9.wav","mime":"audio\/x-wav","copyright":{"license":"U"}}]}],"files":[{"path":"audios\/files-673c7bbac122f.wav","mime":"audio\/x-wav","copyright":{"license":"U"}}]},"subContentId":"83df99f1-2f03-43c2-ba11-bd2beedd07c4","metadata":{"contentType":"Curious Reader Audio","license":"U","title":"Untitled Curious Reader Audio"}},"backgroundOpacity":0,"willDoAnimation":false,"animationType":"glow","displayAsButton":false,"buttonSize":"big","goToSlideType":"specified","invisible":false}],"slideBackgroundSelector":{}},{"elements":[{"x":15.306122448979592,"y":5.037783375314861,"width":64.27015250544663,"height":64.3010752688172,"action":{"library":"H5P.Image 1.1","params":{"contentName":"Image","file":{"path":"images\/file-65831056ee6df.jpg","mime":"image\/jpeg","copyright":{"license":"U"},"width":1200,"height":846}},"subContentId":"5fbad66f-0408-43ec-901a-029d3ed2d5eb","metadata":{"contentType":"Image","license":"U","title":"Untitled Image"}},"backgroundOpacity":0,"willDoAnimation":false,"animationType":"glow","displayAsButton":false,"buttonSize":"big","goToSlideType":"specified","invisible":false},{"x":5.101949891067538,"y":71.00836177254085,"width":89.28551198257081,"height":28.951400155788043,"action":{"library":"H5P.CRAdvancedText 1.1","params":{"text":"<p style=\"text-align:center;\"><span style=\"font-size:1.5em;color:hsl(0, 0%, 100%);\"><strong>\u0925\u092e\u094d\u092a! \u0925\u092e\u094d\u092a! \u0925\u092e\u094d\u092a! \" \u0939\u0947 \u092c\u0949\u0932\u091a\u094d\u092f\u093e \u0906\u0935\u093e\u091c\u093e\u0938\u093e\u0930\u0916\u0902 \u0935\u093e\u091f\u0924\u0902, \u092a\u0923 \u092e\u0932\u093e \u092e\u093e\u0939\u0940\u0924 \u0906\u0939\u0947 \u0915\u0940 \u0924\u0947 \u092c\u093e\u092c\u093e\u0902\u091a\u0947 \u092c\u0942\u091f \u0906\u0939\u0947\u0924 \"<\/strong><\/span><\/p>"},"subContentId":"d74b4a34-9b8b-4b21-98e8-56d77e0e4c7f","metadata":{"contentType":"Text","license":"U","title":"Untitled Text"}},"alwaysDisplayComments":false,"backgroundOpacity":0,"willDoAnimation":false,"animationType":"glow","displayAsButton":false,"buttonSize":"big","goToSlideType":"specified","invisible":false,"solution":""},{"x":47.000103485838785,"y":44.00026681929878,"width":40,"height":40,"action":{"library":"H5P.CRAudio 1.4","params":{"fitToWrapper":true,"currIndex":2,"playerMode":"minimalistic","controls":true,"autoplay":true,"playAudio":"Play audio","pauseAudio":"Pause audio","contentName":"Audio","glowColor":"#ffd85a","timeStampForEachText":[{"text":" \u0925\u092e\u094d\u092a! ","startDuration":"0.0000","endDuration":"0.6494","wordfile":[{"path":"audios\/wordfile-673dfbf399bbf.wav","mime":"audio\/x-wav","copyright":{"license":"U"}}]},{"text":" \u0925\u092e\u094d\u092a! ","startDuration":"0.6504","endDuration":"1.2734","wordfile":[{"path":"audios\/wordfile-673dfc069b72b.wav","mime":"audio\/x-wav","copyright":{"license":"U"}}]},{"text":" \u0925\u092e\u094d\u092a! ","startDuration":"1.2744","endDuration":"2.0119","wordfile":[{"path":"audios\/wordfile-673dfc1639a31.wav","mime":"audio\/x-wav","copyright":{"license":"U"}}]},{"text":" \u0939\u0947 ","startDuration":"2.0092","endDuration":"2.2092","wordfile":[{"path":"audios\/wordfile-673dfc2ec5330.wav","mime":"audio\/x-wav","copyright":{"license":"U"}}]},{"text":" \u092c\u0949\u0932\u091a\u094d\u092f\u093e ","startDuration":"2.2102","endDuration":"2.7891","wordfile":[{"path":"audios\/wordfile-673dfec2f33dc.wav","mime":"audio\/x-wav","copyright":{"license":"U"}}]},{"text":" \u0906\u0935\u093e\u091c\u093e\u0938\u093e\u0930\u0916\u0902 ","startDuration":"2.7892","endDuration":"3.3857","wordfile":[{"path":"audios\/wordfile-673dff0d87d68.wav","mime":"audio\/x-wav","copyright":{"license":"U"}}]},{"text":" \u0935\u093e\u091f\u0924\u0902, ","startDuration":"3.3858","endDuration":"3.9216","wordfile":[{"path":"audios\/wordfile-673dff2b2fbfd.wav","mime":"audio\/x-wav","copyright":{"license":"U"}}]},{"text":" \u092a\u0923 ","startDuration":"4.2398","endDuration":"4.6073","wordfile":[{"path":"audios\/wordfile-673dff51edea4.wav","mime":"audio\/x-wav","copyright":{"license":"U"}}]},{"text":" \u092e\u0932\u093e ","startDuration":"4.6074","endDuration":"4.9043","wordfile":[{"path":"audios\/wordfile-673dff82e8218.wav","mime":"audio\/x-wav","copyright":{"license":"U"}}]},{"text":" \u092e\u093e\u0939\u0940\u0924 ","startDuration":"4.9053","endDuration":"5.3168","wordfile":[{"path":"audios\/wordfile-673dffa02ff01.wav","mime":"audio\/x-wav","copyright":{"license":"U"}}]},{"text":" \u0906\u0939\u0947 ","startDuration":"5.3178","endDuration":"5.6235","wordfile":[{"path":"audios\/wordfile-673dffbf51894.wav","mime":"audio\/x-wav","copyright":{"license":"U"}}]},{"text":" \u0915\u0940 ","startDuration":"5.7743","endDuration":"5.9743","wordfile":[{"path":"audios\/wordfile-673dffdd1efb9.wav","mime":"audio\/x-wav","copyright":{"license":"U"}}]},{"text":" \u0924\u0947 ","startDuration":"5.9753","endDuration":"6.1753","wordfile":[{"path":"audios\/wordfile-673e0004377c2.wav","mime":"audio\/x-wav","copyright":{"license":"U"}}]},{"text":" \u092c\u093e\u092c\u093e\u0902\u091a\u0947 ","startDuration":"6.1763","endDuration":"6.7385","wordfile":[{"path":"audios\/wordfile-673e00260790e.wav","mime":"audio\/x-wav","copyright":{"license":"U"}}]},{"text":" \u092c\u0942\u091f ","startDuration":"6.7386","endDuration":"7.0091","wordfile":[{"path":"audios\/wordfile-673e0066afacd.wav","mime":"audio\/x-wav","copyright":{"license":"U"}}]},{"text":" \u0906\u0939\u0947\u0924 ","startDuration":"7.0101","endDuration":"7.6683","wordfile":[{"path":"audios\/wordfile-673e007cb66d7.wav","mime":"audio\/x-wav","copyright":{"license":"U"}}]}],"files":[{"path":"audios\/files-673dfbd4da3e2.wav","mime":"audio\/x-wav","copyright":{"license":"U"}}]},"subContentId":"6fefdb21-dc77-4fa5-986e-929902cad3a6","metadata":{"contentType":"Curious Reader Audio","license":"U","title":"Untitled Curious Reader Audio"}},"backgroundOpacity":0,"willDoAnimation":false,"animationType":"glow","displayAsButton":false,"buttonSize":"big","goToSlideType":"specified","invisible":false}],"slideBackgroundSelector":{}},{"elements":[{"x":16.33986928104575,"y":4.301075268817204,"width":67.53812636165577,"height":67.5268817204301,"action":{"library":"H5P.Image 1.1","params":{"contentName":"Image","file":{"path":"images\/file-6583109f83a69.jpg","mime":"image\/jpeg","copyright":{"license":"U"},"width":1200,"height":846}},"subContentId":"508a78d7-5f97-485d-8318-11f6feb2b477","metadata":{"contentType":"Image","license":"U","title":"Untitled Image"}},"backgroundOpacity":0,"willDoAnimation":false,"animationType":"glow","displayAsButton":false,"buttonSize":"big","goToSlideType":"specified","invisible":false},{"x":3.2679738562091503,"y":75.31189884966454,"width":93.62145969498911,"height":24.68659491235847,"action":{"library":"H5P.CRAdvancedText 1.1","params":{"text":"<p style=\"text-align:center;\"><span style=\"font-size:1.5em;color:hsl(0, 0%, 100%);\"><strong>\u092e\u0932\u093f\u0915\u0932\u093e \u0924\u094d\u092f\u093e\u091a\u0947 \u092c\u093e\u092c\u093e \u0924\u094d\u092f\u093e\u0902\u091a\u0947 \u092c\u0942\u091f \u0918\u093e\u0932\u093e\u092f\u0932\u093e \u0926\u0947\u0924\u093e\u0924. \u092e\u0932\u093f\u0915\u093e\u0932\u093e \u0925\u092e\u094d\u092a \u0925\u092e\u094d\u092a \u0925\u092e\u094d\u092a \u0905\u0938\u093e \u0906\u0935\u093e\u091c \u0915\u093e\u0922\u093e\u092f\u091a\u093e \u0906\u0939\u0947.<\/strong><\/span><\/p>"},"subContentId":"da1eae3f-1d46-4312-a2f6-8397cb501122","metadata":{"contentType":"Text","license":"U","title":"Untitled Text"}},"alwaysDisplayComments":false,"backgroundOpacity":0,"willDoAnimation":false,"animationType":"glow","displayAsButton":false,"buttonSize":"big","goToSlideType":"specified","invisible":false,"solution":""},{"x":47.000103485838785,"y":44.00026681929878,"width":40,"height":40,"action":{"library":"H5P.CRAudio 1.4","params":{"fitToWrapper":true,"currIndex":3,"playerMode":"minimalistic","controls":true,"autoplay":true,"playAudio":"Play audio","pauseAudio":"Pause audio","contentName":"Audio","glowColor":"#ffd85a","timeStampForEachText":[{"text":" \u092e\u0932\u093f\u0915\u0932\u093e ","startDuration":"0.0000","endDuration":"0.6187","wordfile":[{"path":"audios\/wordfile-673c7f38bbe5b.wav","mime":"audio\/x-wav","copyright":{"license":"U"}}]},{"text":" \u0924\u094d\u092f\u093e\u091a\u0947 ","startDuration":"0.6188","endDuration":"0.9402","wordfile":[{"path":"audios\/wordfile-673c7f4c5f585.wav","mime":"audio\/x-wav","copyright":{"license":"U"}}]},{"text":" \u092c\u093e\u092c\u093e ","startDuration":"0.9403","endDuration":"1.6096","wordfile":[{"path":"audios\/wordfile-673c7f5ab5fb6.wav","mime":"audio\/x-wav","copyright":{"license":"U"}}]},{"text":" \u0924\u094d\u092f\u093e\u0902\u091a\u0947 ","startDuration":"1.6262","endDuration":"2.0184","wordfile":[{"path":"audios\/wordfile-673c7f6d28b11.wav","mime":"audio\/x-wav","copyright":{"license":"U"}}]},{"text":" \u092c\u0942\u091f ","startDuration":"2.0185","endDuration":"2.3803","wordfile":[{"path":"audios\/wordfile-673c7f7d08c7f.wav","mime":"audio\/x-wav","copyright":{"license":"U"}}]},{"text":" \u0918\u093e\u0932\u093e\u092f\u0932\u093e ","startDuration":"2.3804","endDuration":"2.7988","wordfile":[{"path":"audios\/wordfile-673c7f906ec81.wav","mime":"audio\/x-wav","copyright":{"license":"U"}}]},{"text":" \u0926\u0947\u0924\u093e\u0924. ","startDuration":"2.7989","endDuration":"3.2416","wordfile":[{"path":"audios\/wordfile-673c7f9fc9e4f.wav","mime":"audio\/x-wav","copyright":{"license":"U"}}]},{"text":" \u092e\u0932\u093f\u0915\u093e\u0932\u093e ","startDuration":"3.3819","endDuration":"4.1057","wordfile":[{"path":"audios\/wordfile-673c7faeaf2ef.wav","mime":"audio\/x-wav","copyright":{"license":"U"}}]},{"text":" \u0925\u092e\u094d\u092a ","startDuration":"4.1429","endDuration":"4.5856","wordfile":[{"path":"audios\/wordfile-673c7fbe4bccf.wav","mime":"audio\/x-wav","copyright":{"license":"U"}}]},{"text":" \u0925\u092e\u094d\u092a ","startDuration":"4.5857","endDuration":"4.9799","wordfile":[{"path":"audios\/wordfile-673c7fcd1d1e1.wav","mime":"audio\/x-wav","copyright":{"license":"U"}}]},{"text":" \u0925\u092e\u094d\u092a ","startDuration":"4.9800","endDuration":"5.3984","wordfile":[{"path":"audios\/wordfile-673c7fda76c8f.wav","mime":"audio\/x-wav","copyright":{"license":"U"}}]},{"text":" \u0905\u0938\u093e ","startDuration":"5.3985","endDuration":"5.7765","wordfile":[{"path":"audios\/wordfile-673c7fedac969.wav","mime":"audio\/x-wav","copyright":{"license":"U"}}]},{"text":" \u0906\u0935\u093e\u091c ","startDuration":"5.7766","endDuration":"6.0737","wordfile":[{"path":"audios\/wordfile-673c7ffc9f2a2.wav","mime":"audio\/x-wav","copyright":{"license":"U"}}]},{"text":" \u0915\u093e\u0922\u093e\u092f\u091a\u093e ","startDuration":"6.0981","endDuration":"6.6298","wordfile":[{"path":"audios\/wordfile-673c800b9dc7e.wav","mime":"audio\/x-wav","copyright":{"license":"U"}}]},{"text":" \u0906\u0939\u0947. ","startDuration":"6.6299","endDuration":"7.0873","wordfile":[{"path":"audios\/wordfile-673c801d95ae8.wav","mime":"audio\/x-wav","copyright":{"license":"U"}}]}],"files":[{"path":"audios\/files-673c7f008990a.wav","mime":"audio\/x-wav","copyright":{"license":"U"}}]},"subContentId":"9209fcee-bf99-4aec-9357-7b62e5e38ece","metadata":{"contentType":"Curious Reader Audio","license":"U","title":"Untitled Curious Reader Audio"}},"backgroundOpacity":0,"willDoAnimation":false,"animationType":"glow","displayAsButton":false,"buttonSize":"big","goToSlideType":"specified","invisible":false}],"slideBackgroundSelector":{}},{"elements":[{"x":16.338997821350763,"y":4.29436559139785,"width":66.44880174291939,"height":66.45161290322581,"action":{"library":"H5P.Image 1.1","params":{"contentName":"Image","file":{"path":"images\/file-658310e3bc4fc.jpg","mime":"image\/jpeg","copyright":{"license":"U"},"width":1200,"height":846}},"subContentId":"a03ca302-99c0-439c-9c26-a6917818d66f","metadata":{"contentType":"Image","license":"U","title":"Untitled Image"}},"backgroundOpacity":0,"willDoAnimation":false,"animationType":"glow","displayAsButton":false,"buttonSize":"big","goToSlideType":"specified","invisible":false},{"x":6.377551020408164,"y":75.56675062972292,"width":87.14596949891067,"height":22.58064516129032,"action":{"library":"H5P.CRAdvancedText 1.1","params":{"text":"<p style=\"text-align:center;\"><span style=\"font-size:1.5em;color:hsl(0, 0%, 100%);\"><strong>\u092c\u093e\u092c\u093e\u0902\u091a\u0947 \u092c\u0942\u091f \u0916\u0942\u092a&nbsp; \u092e\u094b\u0920\u0947 \u0906\u0939\u0947\u0924. \u0924\u0947 \u091c\u0935\u0933 \u091c\u0935\u0933 \u092e\u0932\u093f\u0915\u0907\u0924\u0915\u0947\u091a \u092e\u094b\u0920\u0947 \u0906\u0939\u0947\u0924.&nbsp;<\/strong><\/span><\/p>"},"subContentId":"c80aa36c-dd2b-4512-b04b-dcc5382a79ee","metadata":{"contentType":"Text","license":"U","title":"Untitled Text"}},"alwaysDisplayComments":false,"backgroundOpacity":0,"willDoAnimation":false,"animationType":"glow","displayAsButton":false,"buttonSize":"big","goToSlideType":"specified","invisible":false,"solution":""},{"x":47.000103485838785,"y":44.00026681929878,"width":40,"height":40,"action":{"library":"H5P.CRAudio 1.4","params":{"fitToWrapper":true,"currIndex":4,"playerMode":"minimalistic","controls":true,"autoplay":true,"playAudio":"Play audio","pauseAudio":"Pause audio","contentName":"Audio","glowColor":"#ffd85a","timeStampForEachText":[{"text":" \u092c\u093e\u092c\u093e\u0902\u091a\u0947 ","startDuration":"0.0000","endDuration":"0.8016","wordfile":[{"path":"audios\/wordfile-673c805e80b89.wav","mime":"audio\/x-wav","copyright":{"license":"U"}}]},{"text":" \u092c\u0942\u091f ","startDuration":"0.8017","endDuration":"1.2622","wordfile":[{"path":"audios\/wordfile-673c806d7a010.wav","mime":"audio\/x-wav","copyright":{"license":"U"}}]},{"text":" \u0916\u0942\u092a\u00a0 ","startDuration":"1.2623","endDuration":"1.5825","wordfile":[{"path":"audios\/wordfile-673c80802dc0e.wav","mime":"audio\/x-wav","copyright":{"license":"U"}}]},{"text":" \u092e\u094b\u0920\u0947 ","startDuration":"1.5826","endDuration":"1.9229","wordfile":[{"path":"audios\/wordfile-673c808d9510d.wav","mime":"audio\/x-wav","copyright":{"license":"U"}}]},{"text":" \u0906\u0939\u0947\u0924. ","startDuration":"1.9230","endDuration":"2.5104","wordfile":[{"path":"audios\/wordfile-673c809b60ef8.wav","mime":"audio\/x-wav","copyright":{"license":"U"}}]},{"text":" \u0924\u0947 ","startDuration":"2.8617","endDuration":"3.0617","wordfile":[{"path":"audios\/wordfile-673c80abc8d69.wav","mime":"audio\/x-wav","copyright":{"license":"U"}}]},{"text":" \u091c\u0935\u0933 ","startDuration":"3.0618","endDuration":"3.5023","wordfile":[{"path":"audios\/wordfile-673c80ba7feeb.wav","mime":"audio\/x-wav","copyright":{"license":"U"}}]},{"text":" \u091c\u0935\u0933 ","startDuration":"3.5024","endDuration":"3.9562","wordfile":[{"path":"audios\/wordfile-673c80c85dfa5.wav","mime":"audio\/x-wav","copyright":{"license":"U"}}]},{"text":" \u092e\u0932\u093f\u0915\u0907\u0924\u0915\u0947\u091a ","startDuration":"4.0565","endDuration":"4.9379","wordfile":[{"path":"audios\/wordfile-673c80d5a6a31.wav","mime":"audio\/x-wav","copyright":{"license":"U"}}]},{"text":" \u092e\u094b\u0920\u0947 ","startDuration":"4.9380","endDuration":"5.2315","wordfile":[{"path":"audios\/wordfile-673c80e45b8d5.wav","mime":"audio\/x-wav","copyright":{"license":"U"}}]},{"text":" \u0906\u0939\u0947\u0924.\u00a0 ","startDuration":"5.2316","endDuration":"5.8518","wordfile":[{"path":"audios\/wordfile-673c80f28d97b.wav","mime":"audio\/x-wav","copyright":{"license":"U"}}]}],"files":[{"path":"audios\/files-673c80404a8ed.wav","mime":"audio\/x-wav","copyright":{"license":"U"}}]},"subContentId":"3d636461-5214-4038-befe-ff54b9b434fb","metadata":{"contentType":"Curious Reader Audio","license":"U","title":"Untitled Curious Reader Audio"}},"backgroundOpacity":0,"willDoAnimation":false,"animationType":"glow","displayAsButton":false,"buttonSize":"big","goToSlideType":"specified","invisible":false}],"slideBackgroundSelector":{}},{"elements":[{"x":15.306122448979592,"y":2.5188916876574305,"width":73.09368191721133,"height":73.11827956989247,"action":{"library":"H5P.Image 1.1","params":{"contentName":"Image","file":{"path":"images\/file-6583112a01c00.jpg","mime":"image\/jpeg","copyright":{"license":"U"},"width":1200,"height":846}},"subContentId":"111634a7-4126-4e1a-a626-04041bec7ff9","metadata":{"contentType":"Image","license":"U","title":"Untitled Image"}},"backgroundOpacity":0,"willDoAnimation":false,"animationType":"glow","displayAsButton":false,"buttonSize":"big","goToSlideType":"specified","invisible":false},{"x":8.714596949891067,"y":77.46366738822638,"width":86.09575163398694,"height":20.382971764493238,"action":{"library":"H5P.CRAdvancedText 1.1","params":{"text":"<p style=\"text-align:center;\"><span style=\"font-size:1.75em;color:hsl(0, 0%, 100%);\"><strong>\u092c\u093e\u092c\u093e\u0902\u091a\u0947 \u092c\u0942\u091f \u0916\u0942\u092a \u0909\u0902\u091a \u0906\u0939\u0947\u0924. \u092a\u094d\u0932\u0949\u092a! \u0906\u0924\u093e \u092e\u0932\u093f\u0915 \u0909\u0902\u091a \u0909\u092d\u093e \u0930\u093e\u0939\u0942 \u0936\u0915\u0924\u094b.&nbsp;<\/strong><\/span><\/p>"},"subContentId":"2518e57b-0d87-4a56-bc47-7d27fac87bcb","metadata":{"contentType":"Text","license":"U","title":"Untitled Text"}},"alwaysDisplayComments":false,"backgroundOpacity":0,"willDoAnimation":false,"animationType":"glow","displayAsButton":false,"buttonSize":"big","goToSlideType":"specified","invisible":false,"solution":""},{"x":47.000103485838785,"y":44.00026681929878,"width":40,"height":40,"action":{"library":"H5P.CRAudio 1.4","params":{"fitToWrapper":true,"currIndex":5,"playerMode":"minimalistic","controls":true,"autoplay":true,"playAudio":"Play audio","pauseAudio":"Pause audio","contentName":"Audio","glowColor":"#ffd85a","timeStampForEachText":[{"text":" \u092c\u093e\u092c\u093e\u0902\u091a\u0947 ","startDuration":"0.0000","endDuration":"0.5758","wordfile":[{"path":"audios\/wordfile-673c8155187e8.wav","mime":"audio\/x-wav","copyright":{"license":"U"}}]},{"text":" \u092c\u0942\u091f ","startDuration":"0.5953","endDuration":"0.9375","wordfile":[{"path":"audios\/wordfile-673c8172300b0.wav","mime":"audio\/x-wav","copyright":{"license":"U"}}]},{"text":" \u0916\u0942\u092a ","startDuration":"0.9376","endDuration":"1.3315","wordfile":[{"path":"audios\/wordfile-673c8180da5ff.wav","mime":"audio\/x-wav","copyright":{"license":"U"}}]},{"text":" \u0909\u0902\u091a ","startDuration":"1.3316","endDuration":"1.6285","wordfile":[{"path":"audios\/wordfile-673c818f0b476.wav","mime":"audio\/x-wav","copyright":{"license":"U"}}]},{"text":" \u0906\u0939\u0947\u0924. ","startDuration":"1.6286","endDuration":"2.2163","wordfile":[{"path":"audios\/wordfile-673c819cc47c3.wav","mime":"audio\/x-wav","copyright":{"license":"U"}}]},{"text":" \u092a\u094d\u0932\u0949\u092a! ","startDuration":"2.4363","endDuration":"2.8957","wordfile":[{"path":"audios\/wordfile-673c81aa7c5ed.wav","mime":"audio\/x-wav","copyright":{"license":"U"}}]},{"text":" \u0906\u0924\u093e ","startDuration":"3.2825","endDuration":"3.6117","wordfile":[{"path":"audios\/wordfile-673c81b95a3de.wav","mime":"audio\/x-wav","copyright":{"license":"U"}}]},{"text":" \u092e\u0932\u093f\u0915 ","startDuration":"3.6118","endDuration":"4.1802","wordfile":[{"path":"audios\/wordfile-673c81cbc4533.wav","mime":"audio\/x-wav","copyright":{"license":"U"}}]},{"text":" \u0909\u0902\u091a ","startDuration":"4.1811","endDuration":"4.5307","wordfile":[{"path":"audios\/wordfile-673c81dac6204.wav","mime":"audio\/x-wav","copyright":{"license":"U"}}]},{"text":" \u0909\u092d\u093e ","startDuration":"4.5308","endDuration":"4.9117","wordfile":[{"path":"audios\/wordfile-673c81e98870c.wav","mime":"audio\/x-wav","copyright":{"license":"U"}}]},{"text":" \u0930\u093e\u0939\u0942 ","startDuration":"4.9118","endDuration":"5.1118","wordfile":[{"path":"audios\/wordfile-673c81f786a46.wav","mime":"audio\/x-wav","copyright":{"license":"U"}}]},{"text":" \u0936\u0915\u0924\u094b.\u00a0 ","startDuration":"5.1119","endDuration":"5.6610","wordfile":[{"path":"audios\/wordfile-673c8207a577e.wav","mime":"audio\/x-wav","copyright":{"license":"U"}}]}],"files":[{"path":"audios\/files-673c81282bc7a.wav","mime":"audio\/x-wav","copyright":{"license":"U"}}]},"subContentId":"060a3872-0b48-48cd-83d1-9a94681539af","metadata":{"contentType":"Curious Reader Audio","license":"U","title":"Untitled Curious Reader Audio"}},"backgroundOpacity":0,"willDoAnimation":false,"animationType":"glow","displayAsButton":false,"buttonSize":"big","goToSlideType":"specified","invisible":false}],"slideBackgroundSelector":{}},{"elements":[{"x":14.161220043572985,"y":4.301075268817204,"width":69.71677559912854,"height":69.6774193548387,"action":{"library":"H5P.Image 1.1","params":{"contentName":"Image","file":{"path":"images\/file-6583116977715.jpg","mime":"image\/jpeg","copyright":{"license":"U"},"width":1200,"height":846}},"subContentId":"07d2d95d-bf78-4876-b02c-eec24b3e52f5","metadata":{"contentType":"Image","license":"U","title":"Untitled Image"}},"backgroundOpacity":0,"willDoAnimation":false,"animationType":"glow","displayAsButton":false,"buttonSize":"big","goToSlideType":"specified","invisible":false},{"x":3.2679738562091507,"y":73.1601303111027,"width":95.64270152505446,"height":26.838363450920312,"action":{"library":"H5P.CRAdvancedText 1.1","params":{"text":"<p style=\"text-align:center;\"><span style=\"font-size:1.5em;color:hsl(0,0%,100%);\"><strong>\u0906\u0924\u093e \u092e\u0932\u093f\u0915\u093e\u0932\u093e \u092c\u093e\u092c\u093e\u0902\u0938\u093e\u0930\u0916\u0940&nbsp; \u0938\u093e\u092b\u0938\u092b\u093e\u0908 \u0915\u0930\u093e\u092f\u091a\u0940 \u0906\u0939\u0947. \u092a\u0923 \u0939\u0947 \u092c\u0942\u091f \u0916\u0942\u092a \u091c\u0921 \u0906\u0939\u0947\u0924. \u0915\u093f\u091a\u0915\u093f\u091a... \u0915\u093f\u091a\u0915\u093f\u091a... \u0915\u093f\u091a\u0915\u093f\u091a. \u092a\u0923, \u0925\u092e\u094d\u092a \u0925\u092e\u094d\u092a \u0925\u092e\u094d\u092a \u0905\u0938\u093e \u0906\u0935\u093e\u091c \u0915\u093e \u0928\u093e\u0939\u0940 \u092f\u0947\u0924?<\/strong><\/span><\/p>"},"subContentId":"6463e951-5dc5-4a49-b328-5bb254ed6d99","metadata":{"contentType":"Text","license":"U","title":"Untitled Text"}},"alwaysDisplayComments":false,"backgroundOpacity":0,"willDoAnimation":false,"animationType":"glow","displayAsButton":false,"buttonSize":"big","goToSlideType":"specified","invisible":false,"solution":""},{"x":92.5925925925926,"y":2.151768538561844,"width":40,"height":40,"action":{"library":"H5P.CRAudio 1.4","params":{"fitToWrapper":true,"currIndex":6,"playerMode":"minimalistic","controls":true,"autoplay":true,"playAudio":"Play audio","pauseAudio":"Pause audio","contentName":"Audio","glowColor":"#ffd85a","timeStampForEachText":[{"text":" \u0906\u0924\u093e ","startDuration":"0.0000","endDuration":"0.3265","wordfile":[{"path":"audios\/wordfile-673c82fa7e492.wav","mime":"audio\/x-wav","copyright":{"license":"U"}}]},{"text":" \u092e\u0932\u093f\u0915\u093e\u0932\u093e ","startDuration":"0.3266","endDuration":"0.9531","wordfile":[{"path":"audios\/wordfile-673c830b590ee.wav","mime":"audio\/x-wav","copyright":{"license":"U"}}]},{"text":" \u092c\u093e\u092c\u093e\u0902\u0938\u093e\u0930\u0916\u0940\u00a0 ","startDuration":"0.9532","endDuration":"1.7929","wordfile":[{"path":"audios\/wordfile-673c831a2fc0f.wav","mime":"audio\/x-wav","copyright":{"license":"U"}}]},{"text":" \u0938\u093e\u092b\u0938\u092b\u093e\u0908 ","startDuration":"1.7930","endDuration":"2.4861","wordfile":[{"path":"audios\/wordfile-673c8327a44d1.wav","mime":"audio\/x-wav","copyright":{"license":"U"}}]},{"text":" \u0915\u0930\u093e\u092f\u091a\u0940 ","startDuration":"2.4862","endDuration":"2.8728","wordfile":[{"path":"audios\/wordfile-673c833640fd3.wav","mime":"audio\/x-wav","copyright":{"license":"U"}}]},{"text":" \u0906\u0939\u0947. ","startDuration":"2.8729","endDuration":"3.2861","wordfile":[{"path":"audios\/wordfile-673c8345bc444.wav","mime":"audio\/x-wav","copyright":{"license":"U"}}]},{"text":" \u092a\u0923 ","startDuration":"3.5128","endDuration":"3.8194","wordfile":[{"path":"audios\/wordfile-673c83528731e.wav","mime":"audio\/x-wav","copyright":{"license":"U"}}]},{"text":" \u0939\u0947 ","startDuration":"3.8195","endDuration":"3.9795","wordfile":[{"path":"audios\/wordfile-673c8362e98bc.wav","mime":"audio\/x-wav","copyright":{"license":"U"}}]},{"text":" \u092c\u0942\u091f ","startDuration":"3.9796","endDuration":"4.3928","wordfile":[{"path":"audios\/wordfile-673c83727da9e.wav","mime":"audio\/x-wav","copyright":{"license":"U"}}]},{"text":" \u0916\u0942\u092a ","startDuration":"4.3929","endDuration":"4.8994","wordfile":[{"path":"audios\/wordfile-673c838475450.wav","mime":"audio\/x-wav","copyright":{"license":"U"}}]},{"text":" \u091c\u0921 ","startDuration":"4.8995","endDuration":"5.1795","wordfile":[{"path":"audios\/wordfile-673c8392cdeb2.wav","mime":"audio\/x-wav","copyright":{"license":"U"}}]},{"text":" \u0906\u0939\u0947\u0924. ","startDuration":"5.1795","endDuration":"5.7127","wordfile":[{"path":"audios\/wordfile-673c83a17f411.wav","mime":"audio\/x-wav","copyright":{"license":"U"}}]},{"text":" \u0915\u093f\u091a\u0915\u093f\u091a... ","startDuration":"5.8956","endDuration":"6.5754","wordfile":[{"path":"audios\/wordfile-673c83ae8041c.wav","mime":"audio\/x-wav","copyright":{"license":"U"}}]},{"text":" \u0915\u093f\u091a\u0915\u093f\u091a... ","startDuration":"6.5755","endDuration":"7.3086","wordfile":[{"path":"audios\/wordfile-673c83bd2d0a1.wav","mime":"audio\/x-wav","copyright":{"license":"U"}}]},{"text":" \u0915\u093f\u091a\u0915\u093f\u091a. ","startDuration":"7.5370","endDuration":"8.4833","wordfile":[{"path":"audios\/wordfile-673c83cb2da8e.wav","mime":"audio\/x-wav","copyright":{"license":"U"}}]},{"text":" \u092a\u0923, ","startDuration":"8.6043","endDuration":"9.0042","wordfile":[{"path":"audios\/wordfile-673c83d778e49.wav","mime":"audio\/x-wav","copyright":{"license":"U"}}]},{"text":" \u0925\u092e\u094d\u092a ","startDuration":"9.0043","endDuration":"9.3775","wordfile":[{"path":"audios\/wordfile-673c83e621320.wav","mime":"audio\/x-wav","copyright":{"license":"U"}}]},{"text":" \u0925\u092e\u094d\u092a ","startDuration":"9.3776","endDuration":"9.7375","wordfile":[{"path":"audios\/wordfile-673c83f88b217.wav","mime":"audio\/x-wav","copyright":{"license":"U"}}]},{"text":" \u0905\u0938\u093e ","startDuration":"9.7376","endDuration":"10.0842","wordfile":[{"path":"audios\/wordfile-673c8408a3b21.wav","mime":"audio\/x-wav","copyright":{"license":"U"}}]},{"text":" \u0906\u0935\u093e\u091c ","startDuration":"10.0843","endDuration":"10.4442","wordfile":[{"path":"audios\/wordfile-673c8416a5e07.wav","mime":"audio\/x-wav","copyright":{"license":"U"}}]},{"text":" \u0915\u093e ","startDuration":"10.4443","endDuration":"10.8975","wordfile":[{"path":"audios\/wordfile-673c842493ab4.wav","mime":"audio\/x-wav","copyright":{"license":"U"}}]},{"text":" \u0928\u093e\u0939\u0940 ","startDuration":"10.8976","endDuration":"11.2175","wordfile":[{"path":"audios\/wordfile-673c843427165.wav","mime":"audio\/x-wav","copyright":{"license":"U"}}]},{"text":" \u092f\u0947\u0924? ","startDuration":"11.2176","endDuration":"11.6442","wordfile":[{"path":"audios\/wordfile-673c84416857e.wav","mime":"audio\/x-wav","copyright":{"license":"U"}}]}],"files":[{"path":"audios\/files-673c82dde3c75.wav","mime":"audio\/x-wav","copyright":{"license":"U"}}]},"subContentId":"91bb4442-be90-450e-ad5e-c9da9c41b101","metadata":{"contentType":"Curious Reader Audio","license":"U","title":"Untitled Curious Reader Audio"}},"backgroundOpacity":0,"willDoAnimation":false,"animationType":"glow","displayAsButton":false,"buttonSize":"big","goToSlideType":"specified","invisible":false}],"slideBackgroundSelector":{}},{"elements":[{"x":13.071895424836603,"y":2.147178494623656,"width":67.53812636165577,"height":67.5268817204301,"action":{"library":"H5P.Image 1.1","params":{"contentName":"Image","file":{"path":"images\/file-658311ac61736.jpg","mime":"image\/jpeg","copyright":{"license":"U"},"width":1200,"height":846}},"subContentId":"ac6c8dbc-43e2-4f49-aadc-db654b3866d5","metadata":{"contentType":"Image","license":"U","title":"Untitled Image"}},"backgroundOpacity":0,"willDoAnimation":false,"animationType":"glow","displayAsButton":false,"buttonSize":"big","goToSlideType":"specified","invisible":false},{"x":0,"y":70.52896725440806,"width":100,"height":29.471032745591938,"action":{"library":"H5P.CRAdvancedText 1.1","params":{"text":"<p style=\"text-align:center;\"><span style=\"font-size:1.75em;color:hsl(0, 0%, 100%);\"><strong>\u0939\u092e\u094d\u092e, \u0915\u0926\u093e\u091a\u093f\u0924 \u092e\u0932\u093f\u0915\u093e\u0932\u093e \u092a\u093e\u092f \u091c\u093e\u0938\u094d\u0924 \u0909\u0902\u091a \u0909\u091a\u0932\u093e\u092f\u0932\u093e \u0939\u0935\u0947 \u0915\u093e? \u0913\u0939, \u0926\u0941\u0916\u0932\u0902! \u0924\u0947 \u092c\u0942\u091f \u0916\u0942\u092a \u091c\u0921 \u0906\u0939\u0947\u0924.<\/strong><\/span><\/p>"},"subContentId":"f62257b1-ce18-4e7a-8d20-3b2c8af22c5d","metadata":{"contentType":"Text","license":"U","title":"Untitled Text"}},"alwaysDisplayComments":false,"backgroundOpacity":0,"willDoAnimation":false,"animationType":"glow","displayAsButton":false,"buttonSize":"big","goToSlideType":"specified","invisible":false,"solution":""},{"x":47.000103485838785,"y":44.00026681929878,"width":40,"height":40,"action":{"library":"H5P.CRAudio 1.4","params":{"fitToWrapper":true,"currIndex":7,"playerMode":"minimalistic","controls":true,"autoplay":true,"playAudio":"Play audio","pauseAudio":"Pause audio","contentName":"Audio","glowColor":"#ffd85a","timeStampForEachText":[{"text":" \u0939\u092e\u094d\u092e, ","startDuration":"0.0000","endDuration":"1.0274","wordfile":[{"path":"audios\/wordfile-673c848e280cf.wav","mime":"audio\/x-wav","copyright":{"license":"U"}}]},{"text":" \u0915\u0926\u093e\u091a\u093f\u0924 ","startDuration":"1.0284","endDuration":"1.6717","wordfile":[{"path":"audios\/wordfile-673c849bba181.wav","mime":"audio\/x-wav","copyright":{"license":"U"}}]},{"text":" \u092e\u0932\u093f\u0915\u093e\u0932\u093e ","startDuration":"1.6718","endDuration":"2.3742","wordfile":[{"path":"audios\/wordfile-673c84a958dad.wav","mime":"audio\/x-wav","copyright":{"license":"U"}}]},{"text":" \u092a\u093e\u092f ","startDuration":"2.3743","endDuration":"2.6827","wordfile":[{"path":"audios\/wordfile-673c84b706285.wav","mime":"audio\/x-wav","copyright":{"license":"U"}}]},{"text":" \u091c\u093e\u0938\u094d\u0924 ","startDuration":"2.6828","endDuration":"3.3064","wordfile":[{"path":"audios\/wordfile-673c84c461e05.wav","mime":"audio\/x-wav","copyright":{"license":"U"}}]},{"text":" \u0909\u0902\u091a ","startDuration":"3.3065","endDuration":"3.8020","wordfile":[{"path":"audios\/wordfile-673c84d33b1f8.wav","mime":"audio\/x-wav","copyright":{"license":"U"}}]},{"text":" \u0909\u091a\u0932\u093e\u092f\u0932\u093e ","startDuration":"3.8021","endDuration":"4.2287","wordfile":[{"path":"audios\/wordfile-673c84e0a4263.wav","mime":"audio\/x-wav","copyright":{"license":"U"}}]},{"text":" \u0939\u0935\u0947 ","startDuration":"4.2288","endDuration":"4.4288","wordfile":[{"path":"audios\/wordfile-673c84ed54126.wav","mime":"audio\/x-wav","copyright":{"license":"U"}}]},{"text":" \u0915\u093e? ","startDuration":"4.4289","endDuration":"4.6289","wordfile":[{"path":"audios\/wordfile-673c84fc56e1c.wav","mime":"audio\/x-wav","copyright":{"license":"U"}}]},{"text":" \u0913\u0939, ","startDuration":"5.1876","endDuration":"5.6536","wordfile":[{"path":"audios\/wordfile-673c850c04ba3.wav","mime":"audio\/x-wav","copyright":{"license":"U"}}]},{"text":" \u0926\u0941\u0916\u0932\u0902! ","startDuration":"5.8417","endDuration":"6.5638","wordfile":[{"path":"audios\/wordfile-673c851aaeaad.wav","mime":"audio\/x-wav","copyright":{"license":"U"}}]},{"text":" \u0924\u0947 ","startDuration":"6.8111","endDuration":"7.0111","wordfile":[{"path":"audios\/wordfile-673c852764a2c.wav","mime":"audio\/x-wav","copyright":{"license":"U"}}]},{"text":" \u092c\u0942\u091f ","startDuration":"7.0112","endDuration":"7.3688","wordfile":[{"path":"audios\/wordfile-673c8534bebaf.wav","mime":"audio\/x-wav","copyright":{"license":"U"}}]},{"text":" \u0916\u0942\u092a ","startDuration":"7.3689","endDuration":"7.7659","wordfile":[{"path":"audios\/wordfile-673c85428166a.wav","mime":"audio\/x-wav","copyright":{"license":"U"}}]},{"text":" \u091c\u0921 ","startDuration":"7.7660","endDuration":"8.0744","wordfile":[{"path":"audios\/wordfile-673c8574aab2e.wav","mime":"audio\/x-wav","copyright":{"license":"U"}}]},{"text":" \u0906\u0939\u0947\u0924. ","startDuration":"8.0745","endDuration":"8.6288","wordfile":[{"path":"audios\/wordfile-673c8583572ff.wav","mime":"audio\/x-wav","copyright":{"license":"U"}}]}],"files":[{"path":"audios\/files-673c8471782b4.wav","mime":"audio\/x-wav","copyright":{"license":"U"}}]},"subContentId":"f5653bf7-6dac-415e-bae6-ffbf5b8f2f95","metadata":{"contentType":"Curious Reader Audio","license":"U","title":"Untitled Curious Reader Audio"}},"backgroundOpacity":0,"willDoAnimation":false,"animationType":"glow","displayAsButton":false,"buttonSize":"big","goToSlideType":"specified","invisible":false}],"slideBackgroundSelector":{}},{"elements":[{"x":15.250544662309368,"y":6.451612903225806,"width":64.27015250544663,"height":64.3010752688172,"action":{"library":"H5P.Image 1.1","params":{"contentName":"Image","file":{"path":"images\/file-658311ea80c9e.jpg","mime":"image\/jpeg","copyright":{"license":"U"},"width":1200,"height":846}},"subContentId":"f8fe2382-c3d9-4435-9db4-834c1ef2e69a","metadata":{"contentType":"Image","license":"U","title":"Untitled Image"}},"backgroundOpacity":0,"willDoAnimation":false,"animationType":"glow","displayAsButton":false,"buttonSize":"big","goToSlideType":"specified","invisible":false},{"x":5.1020408163265305,"y":75.56675062972292,"width":90.41394335511983,"height":20.64516129032258,"action":{"library":"H5P.CRAdvancedText 1.1","params":{"text":"<p style=\"text-align:center;\"><span style=\"font-size:1.5em;color:hsl(0, 0%, 100%);\"><strong>\u0924\u094b \u0938\u094d\u0932\u093f\u092a \u0939\u094b\u0924\u094b \u0906\u0923\u093f \u0915\u091a\u0930\u093e \u0938\u0930\u094d\u0935\u0924\u094d\u0930 \u092a\u0938\u0930\u0924\u094b. \u0906\u0924\u093e \u092e\u0932\u093f\u0915 \u092a\u0930\u0924 \u0915\u091a\u0930\u093e \u0915\u0938\u093e \u0938\u093e\u092b \u0915\u0930\u0947\u0932?<\/strong><\/span><\/p>"},"subContentId":"ecab0130-3c37-4767-b586-fd8750cfb218","metadata":{"contentType":"Text","license":"U","title":"Untitled Text"}},"alwaysDisplayComments":false,"backgroundOpacity":0,"willDoAnimation":false,"animationType":"glow","displayAsButton":false,"buttonSize":"big","goToSlideType":"specified","invisible":false,"solution":""},{"x":47.000103485838785,"y":44.00026681929878,"width":40,"height":40,"action":{"library":"H5P.CRAudio 1.4","params":{"fitToWrapper":true,"currIndex":8,"playerMode":"minimalistic","controls":true,"autoplay":true,"playAudio":"Play audio","pauseAudio":"Pause audio","contentName":"Audio","glowColor":"#ffd85a","timeStampForEachText":[{"text":" \u0924\u094b ","startDuration":"0.0840","endDuration":"0.3000","wordfile":[{"path":"audios\/wordfile-673c86253406d.wav","mime":"audio\/x-wav","copyright":{"license":"U"}}]},{"text":" \u0938\u094d\u0932\u093f\u092a ","startDuration":"0.3001","endDuration":"0.6471","wordfile":[{"path":"audios\/wordfile-673c86328ad49.wav","mime":"audio\/x-wav","copyright":{"license":"U"}}]},{"text":" \u0939\u094b\u0924\u094b ","startDuration":"0.6472","endDuration":"1.1482","wordfile":[{"path":"audios\/wordfile-673c863f739c0.wav","mime":"audio\/x-wav","copyright":{"license":"U"}}]},{"text":" \u0906\u0923\u093f ","startDuration":"1.1483","endDuration":"1.5583","wordfile":[{"path":"audios\/wordfile-673c864ddaadb.wav","mime":"audio\/x-wav","copyright":{"license":"U"}}]},{"text":" \u0915\u091a\u0930\u093e ","startDuration":"1.5584","endDuration":"1.9404","wordfile":[{"path":"audios\/wordfile-673c865a9d81a.wav","mime":"audio\/x-wav","copyright":{"license":"U"}}]},{"text":" \u0938\u0930\u094d\u0935\u0924\u094d\u0930 ","startDuration":"1.9405","endDuration":"2.6025","wordfile":[{"path":"audios\/wordfile-673c866901cd6.wav","mime":"audio\/x-wav","copyright":{"license":"U"}}]},{"text":" \u092a\u0938\u0930\u0924\u094b. ","startDuration":"2.6026","endDuration":"3.2436","wordfile":[{"path":"audios\/wordfile-673c867601561.wav","mime":"audio\/x-wav","copyright":{"license":"U"}}]},{"text":" \u0906\u0924\u093e ","startDuration":"3.2920","endDuration":"3.7160","wordfile":[{"path":"audios\/wordfile-673c8682eb8e1.wav","mime":"audio\/x-wav","copyright":{"license":"U"}}]},{"text":" \u092e\u0932\u093f\u0915 ","startDuration":"3.7161","endDuration":"4.2381","wordfile":[{"path":"audios\/wordfile-673c8690638d4.wav","mime":"audio\/x-wav","copyright":{"license":"U"}}]},{"text":" \u092a\u0930\u0924 ","startDuration":"4.2382","endDuration":"4.5782","wordfile":[{"path":"audios\/wordfile-673c869f437d1.wav","mime":"audio\/x-wav","copyright":{"license":"U"}}]},{"text":" \u0915\u091a\u0930\u093e ","startDuration":"4.5783","endDuration":"4.9743","wordfile":[{"path":"audios\/wordfile-673c86ab94996.wav","mime":"audio\/x-wav","copyright":{"license":"U"}}]},{"text":" \u0915\u0938\u093e ","startDuration":"4.9744","endDuration":"5.2444","wordfile":[{"path":"audios\/wordfile-673c86bc7490a.wav","mime":"audio\/x-wav","copyright":{"license":"U"}}]},{"text":" \u0938\u093e\u092b ","startDuration":"5.2445","endDuration":"5.5915","wordfile":[{"path":"audios\/wordfile-673c86cbca1a6.wav","mime":"audio\/x-wav","copyright":{"license":"U"}}]},{"text":" \u0915\u0930\u0947\u0932? ","startDuration":"5.5760","endDuration":"6.0980","wordfile":[{"path":"audios\/wordfile-673c86d796495.wav","mime":"audio\/x-wav","copyright":{"license":"U"}}]}],"files":[{"path":"audios\/files-673c85d3b6f37.wav","mime":"audio\/x-wav","copyright":{"license":"U"}}]},"subContentId":"8785ab96-3ec5-48c4-9e8d-244ca4991c94","metadata":{"contentType":"Curious Reader Audio","license":"U","title":"Untitled Curious Reader Audio"}},"backgroundOpacity":0,"willDoAnimation":false,"animationType":"glow","displayAsButton":false,"buttonSize":"big","goToSlideType":"specified","invisible":false}],"slideBackgroundSelector":{}},{"elements":[{"x":11.982570806100219,"y":2.147178494623656,"width":74.07407407407408,"height":74.19354838709677,"action":{"library":"H5P.Image 1.1","params":{"contentName":"Image","file":{"path":"images\/file-658312267dec7.jpg","mime":"image\/jpeg","copyright":{"license":"U"},"width":1200,"height":846}},"subContentId":"1fd09e29-b3ec-4c8b-9c34-98b7d69bc84a","metadata":{"contentType":"Image","license":"U","title":"Untitled Image"}},"backgroundOpacity":0,"willDoAnimation":false,"animationType":"glow","displayAsButton":false,"buttonSize":"big","goToSlideType":"specified","invisible":false},{"x":6.377551020408164,"y":77.32997481108312,"width":86.09693877551021,"height":22.670025188916874,"action":{"library":"H5P.CRAdvancedText 1.1","params":{"text":"<p style=\"text-align:center;\"><span style=\"font-size:1.75em;color:hsl(0, 0%, 100%);\"><strong>\u0915\u093e\u092f \u0939\u094b\u0908\u0932 \u091c\u0930 \u0924\u094d\u092f\u093e\u0928\u0947 \u092c\u0941\u091f \u0915\u093e\u0922\u0942\u0928 \u091f\u093e\u0915\u0932\u0947? \u0913\u0939! \u090f\u0915 \u092e\u0941\u0902\u0917\u0940 \u0924\u094d\u092f\u093e\u091a\u094d\u092f\u093e \u092a\u093e\u092f\u093e\u0932\u093e \u091a\u093e\u0935\u0924\u0947.<\/strong><\/span><\/p>"},"subContentId":"ebf1a1ce-e60a-4734-9c43-00e3468d5c5d","metadata":{"contentType":"Text","license":"U","title":"Untitled Text"}},"alwaysDisplayComments":false,"backgroundOpacity":0,"willDoAnimation":false,"animationType":"glow","displayAsButton":false,"buttonSize":"big","goToSlideType":"specified","invisible":false,"solution":""},{"x":47.000103485838785,"y":44.00026681929878,"width":40,"height":40,"action":{"library":"H5P.CRAudio 1.4","params":{"fitToWrapper":true,"currIndex":9,"playerMode":"minimalistic","controls":true,"autoplay":true,"playAudio":"Play audio","pauseAudio":"Pause audio","contentName":"Audio","glowColor":"#ffd85a","timeStampForEachText":[{"text":" \u0915\u093e\u092f ","startDuration":"0.0000","endDuration":"0.3007","wordfile":[{"path":"audios\/wordfile-673c870e909f3.wav","mime":"audio\/x-wav","copyright":{"license":"U"}}]},{"text":" \u0939\u094b\u0908\u0932 ","startDuration":"0.3008","endDuration":"0.6202","wordfile":[{"path":"audios\/wordfile-673c871ac51f9.wav","mime":"audio\/x-wav","copyright":{"license":"U"}}]},{"text":" \u091c\u0930 ","startDuration":"0.6203","endDuration":"0.8860","wordfile":[{"path":"audios\/wordfile-673c8727a4b08.wav","mime":"audio\/x-wav","copyright":{"license":"U"}}]},{"text":" \u0924\u094d\u092f\u093e\u0928\u0947 ","startDuration":"0.8861","endDuration":"1.2175","wordfile":[{"path":"audios\/wordfile-673c87366ee74.wav","mime":"audio\/x-wav","copyright":{"license":"U"}}]},{"text":" \u092c\u0941\u091f ","startDuration":"1.2176","endDuration":"1.5072","wordfile":[{"path":"audios\/wordfile-673c87936502b.wav","mime":"audio\/x-wav","copyright":{"license":"U"}}]},{"text":" \u0915\u093e\u0922\u0942\u0928 ","startDuration":"1.5072","endDuration":"1.9341","wordfile":[{"path":"audios\/wordfile-673c87a24c2b1.wav","mime":"audio\/x-wav","copyright":{"license":"U"}}]},{"text":" \u091f\u093e\u0915\u0932\u0947? ","startDuration":"1.9342","endDuration":"2.4388","wordfile":[{"path":"audios\/wordfile-673c87b141017.wav","mime":"audio\/x-wav","copyright":{"license":"U"}}]},{"text":" \u0913\u0939! ","startDuration":"2.6632","endDuration":"3.2156","wordfile":[{"path":"audios\/wordfile-673c87c21e7e3.wav","mime":"audio\/x-wav","copyright":{"license":"U"}}]},{"text":" \u090f\u0915 ","startDuration":"3.3002","endDuration":"3.5420","wordfile":[{"path":"audios\/wordfile-673e0d25f3385.wav","mime":"audio\/x-wav","copyright":{"license":"U"}}]},{"text":" \u092e\u0941\u0902\u0917\u0940 ","startDuration":"3.5251","endDuration":"3.9759","wordfile":[{"path":"audios\/wordfile-673c87e2a02b9.wav","mime":"audio\/x-wav","copyright":{"license":"U"}}]},{"text":" \u0924\u094d\u092f\u093e\u091a\u094d\u092f\u093e ","startDuration":"3.9760","endDuration":"4.2954","wordfile":[{"path":"audios\/wordfile-673c87f0cd0d4.wav","mime":"audio\/x-wav","copyright":{"license":"U"}}]},{"text":" \u092a\u093e\u092f\u093e\u0932\u093e ","startDuration":"4.2955","endDuration":"4.6806","wordfile":[{"path":"audios\/wordfile-673c87ff5c253.wav","mime":"audio\/x-wav","copyright":{"license":"U"}}]},{"text":" \u091a\u093e\u0935\u0924\u0947. ","startDuration":"4.6715","endDuration":"5.2299","wordfile":[{"path":"audios\/wordfile-673c880bb054c.wav","mime":"audio\/x-wav","copyright":{"license":"U"}}]}],"files":[{"path":"audios\/files-673c86fd71d13.wav","mime":"audio\/x-wav","copyright":{"license":"U"}}]},"subContentId":"b9131274-2fba-45d6-83a7-67b983b590dd","metadata":{"contentType":"Curious Reader Audio","license":"U","title":"Untitled Curious Reader Audio"}},"backgroundOpacity":0,"willDoAnimation":false,"animationType":"glow","displayAsButton":false,"buttonSize":"big","goToSlideType":"specified","invisible":false}],"slideBackgroundSelector":{}},{"elements":[{"x":14.161220043572985,"y":4.301075268817204,"width":68.62745098039215,"height":68.6021505376344,"action":{"library":"H5P.Image 1.1","params":{"contentName":"Image","file":{"path":"images\/file-65831263c39f8.jpg","mime":"image\/jpeg","copyright":{"license":"U"},"width":1200,"height":846}},"subContentId":"1de7b777-28ed-48a3-af4f-caa7c045bd2d","metadata":{"contentType":"Image","license":"U","title":"Untitled Image"}},"backgroundOpacity":0,"willDoAnimation":false,"animationType":"glow","displayAsButton":false,"buttonSize":"big","goToSlideType":"specified","invisible":false},{"x":1.2755102040816326,"y":75.06297229219143,"width":98.21428571428572,"height":24.937027707808564,"action":{"library":"H5P.CRAdvancedText 1.1","params":{"text":"<p style=\"text-align:center;\"><span style=\"font-size:1.75em;color:hsl(0,0%,100%);\"><strong>\u0913\u0939! \u092f\u093e \u092e\u0941\u0902\u0917\u094d\u092f\u093e \u0916\u093e\u0923\u093e\u0930\u0947 \u092a\u0926\u093e\u0930\u094d\u0925 \u0918\u0947\u090a\u0928 \u091c\u093e\u0924 \u0906\u0939\u0947\u0924. \u0924\u0947 \u090f\u0915\u093e \u0916\u093e\u0926\u094d\u092f \u091f\u094d\u0930\u0947\u0928\u0938\u093e\u0930\u0916\u0947 \u0926\u093f\u0938\u0924 \u0906\u0939\u0947\u0924.<\/strong><\/span><\/p>"},"subContentId":"e39f6063-05e6-4f15-93d0-737efd656809","metadata":{"contentType":"Text","license":"U","title":"Untitled Text"}},"alwaysDisplayComments":false,"backgroundOpacity":0,"willDoAnimation":false,"animationType":"glow","displayAsButton":false,"buttonSize":"big","goToSlideType":"specified","invisible":false,"solution":""},{"x":47.000103485838785,"y":44.00026681929878,"width":40,"height":40,"action":{"library":"H5P.CRAudio 1.4","params":{"fitToWrapper":true,"currIndex":10,"playerMode":"minimalistic","controls":true,"autoplay":true,"playAudio":"Play audio","pauseAudio":"Pause audio","contentName":"Audio","glowColor":"#ffd85a","timeStampForEachText":[{"text":" \u0913\u0939! ","startDuration":"0.0000","endDuration":"0.7171","wordfile":[{"path":"audios\/wordfile-673c8a1098aac.wav","mime":"audio\/x-wav","copyright":{"license":"U"}}]},{"text":" \u092f\u093e ","startDuration":"0.9539","endDuration":"1.2831","wordfile":[{"path":"audios\/wordfile-673c8a1f358a3.wav","mime":"audio\/x-wav","copyright":{"license":"U"}}]},{"text":" \u092e\u0941\u0902\u0917\u094d\u092f\u093e ","startDuration":"1.2832","endDuration":"1.7418","wordfile":[{"path":"audios\/wordfile-673c8a2c82318.wav","mime":"audio\/x-wav","copyright":{"license":"U"}}]},{"text":" \u0916\u093e\u0923\u093e\u0930\u0947 ","startDuration":"1.7419","endDuration":"2.2689","wordfile":[{"path":"audios\/wordfile-673c8a3c714d3.wav","mime":"audio\/x-wav","copyright":{"license":"U"}}]},{"text":" \u092a\u0926\u093e\u0930\u094d\u0925 ","startDuration":"2.2690","endDuration":"2.7124","wordfile":[{"path":"audios\/wordfile-673c8a4a64b68.wav","mime":"audio\/x-wav","copyright":{"license":"U"}}]},{"text":" \u0918\u0947\u090a\u0928 ","startDuration":"2.7125","endDuration":"3.0342","wordfile":[{"path":"audios\/wordfile-673c8a5e87d28.wav","mime":"audio\/x-wav","copyright":{"license":"U"}}]},{"text":" \u091c\u093e\u0924 ","startDuration":"3.0343","endDuration":"3.2343","wordfile":[{"path":"audios\/wordfile-673c8a6d2430f.wav","mime":"audio\/x-wav","copyright":{"license":"U"}}]},{"text":" \u0906\u0939\u0947\u0924. ","startDuration":"3.2344","endDuration":"3.7386","wordfile":[{"path":"audios\/wordfile-673c8ab5f3316.wav","mime":"audio\/x-wav","copyright":{"license":"U"}}]},{"text":" \u0924\u0947 ","startDuration":"4.0201","endDuration":"4.3342","wordfile":[{"path":"audios\/wordfile-673c8ac40920c.wav","mime":"audio\/x-wav","copyright":{"license":"U"}}]},{"text":" \u090f\u0915\u093e ","startDuration":"4.2811","endDuration":"4.5343","wordfile":[{"path":"audios\/wordfile-673c8ad2383bb.wav","mime":"audio\/x-wav","copyright":{"license":"U"}}]},{"text":" \u0916\u093e\u0926\u094d\u092f ","startDuration":"4.5344","endDuration":"5.0386","wordfile":[{"path":"audios\/wordfile-673c8ae39f0a9.wav","mime":"audio\/x-wav","copyright":{"license":"U"}}]},{"text":" \u091f\u094d\u0930\u0947\u0928\u0938\u093e\u0930\u0916\u0947 ","startDuration":"5.0387","endDuration":"5.7102","wordfile":[{"path":"audios\/wordfile-673c8af1e7f83.wav","mime":"audio\/x-wav","copyright":{"license":"U"}}]},{"text":" \u0926\u093f\u0938\u0924 ","startDuration":"5.7103","endDuration":"6.0568","wordfile":[{"path":"audios\/wordfile-673c8b0d793ff.wav","mime":"audio\/x-wav","copyright":{"license":"U"}}]},{"text":" \u0906\u0939\u0947\u0924. ","startDuration":"6.0569","endDuration":"6.6371","wordfile":[{"path":"audios\/wordfile-673c8b2109356.wav","mime":"audio\/x-wav","copyright":{"license":"U"}}]}],"files":[{"path":"audios\/files-673c89087a3bd.wav","mime":"audio\/x-wav","copyright":{"license":"U"}}]},"subContentId":"8c73f1a6-bfe6-4194-8def-6adec85a1066","metadata":{"contentType":"Curious Reader Audio","license":"U","title":"Untitled Curious Reader Audio"}},"backgroundOpacity":0,"willDoAnimation":false,"animationType":"glow","displayAsButton":false,"buttonSize":"big","goToSlideType":"specified","invisible":false}],"slideBackgroundSelector":{}},{"elements":[{"x":18.51851851851852,"y":4.301075268817204,"width":61.00217864923747,"height":61.0752688172043,"action":{"library":"H5P.Image 1.1","params":{"contentName":"Image","file":{"path":"images\/file-658312a85afa6.jpg","mime":"image\/jpeg","copyright":{"license":"U"},"width":1200,"height":846}},"subContentId":"5ef76c20-6b4b-46ab-be4a-4cd00f3456c0","metadata":{"contentType":"Image","license":"U","title":"Untitled Image"}},"backgroundOpacity":0,"willDoAnimation":false,"animationType":"glow","displayAsButton":false,"buttonSize":"big","goToSlideType":"specified","invisible":false},{"x":5.101949891067538,"y":68.85659323397901,"width":90.43355119825708,"height":29.361527239237933,"action":{"library":"H5P.CRAdvancedText 1.1","params":{"text":"<p style=\"text-align:center;\"><span style=\"font-size:1.5em;color:hsl(0,0%,100%);\"><strong>\u091a\u0942\u091a\u0942! \u092e\u0932\u093f\u0915\u091a\u0947 \u0916\u0947\u0933\u0923\u094d\u092f\u093e\u0924\u0932\u0947 \u091f\u094d\u0930\u0915 \u0926\u0947\u0916\u0940\u0932 \u0917\u094b\u0937\u094d\u091f\u0940 \u0935\u093e\u0939\u0942\u0928 \u0928\u0947\u090a \u0936\u0915\u0924\u093e\u0924, \u0905\u0917\u0926\u0940 \u091f\u094d\u0930\u0947\u0928\u0938\u093e\u0930\u0916\u0947. \u091a\u0942\u091a\u0942!<\/strong><\/span><\/p>"},"subContentId":"b4a1560a-f84c-4a8f-893e-c96b3f48024d","metadata":{"contentType":"Text","license":"U","title":"Untitled Text"}},"alwaysDisplayComments":false,"backgroundOpacity":0,"willDoAnimation":false,"animationType":"glow","displayAsButton":false,"buttonSize":"big","goToSlideType":"specified","invisible":false,"solution":""},{"x":92.5925925925926,"y":2.151768538561844,"width":40,"height":40,"action":{"library":"H5P.CRAudio 1.4","params":{"fitToWrapper":true,"currIndex":11,"playerMode":"minimalistic","controls":true,"autoplay":true,"playAudio":"Play audio","pauseAudio":"Pause audio","contentName":"Audio","glowColor":"#ffd85a","timeStampForEachText":[{"text":" \u091a\u0942\u091a\u0942! ","startDuration":"0.0000","endDuration":"1.1794","wordfile":[{"path":"audios\/wordfile-673c8e09a18dc.wav","mime":"audio\/x-wav","copyright":{"license":"U"}}]},{"text":" \u092e\u0932\u093f\u0915\u091a\u0947 ","startDuration":"1.2689","endDuration":"1.9097","wordfile":[{"path":"audios\/wordfile-673c8e190b425.wav","mime":"audio\/x-wav","copyright":{"license":"U"}}]},{"text":" \u0916\u0947\u0933\u0923\u094d\u092f\u093e\u0924\u0932\u0947 ","startDuration":"1.9098","endDuration":"2.6699","wordfile":[{"path":"audios\/wordfile-673c8e273e38d.wav","mime":"audio\/x-wav","copyright":{"license":"U"}}]},{"text":" \u091f\u094d\u0930\u0915 ","startDuration":"2.6700","endDuration":"3.1451","wordfile":[{"path":"audios\/wordfile-673c8e387dfa5.wav","mime":"audio\/x-wav","copyright":{"license":"U"}}]},{"text":" \u0926\u0947\u0916\u0940\u0932 ","startDuration":"3.1452","endDuration":"3.5319","wordfile":[{"path":"audios\/wordfile-673c8e49dfa67.wav","mime":"audio\/x-wav","copyright":{"license":"U"}}]},{"text":" \u0917\u094b\u0937\u094d\u091f\u0940 ","startDuration":"3.5320","endDuration":"4.1643","wordfile":[{"path":"audios\/wordfile-673c8e5766ee5.wav","mime":"audio\/x-wav","copyright":{"license":"U"}}]},{"text":" \u0935\u093e\u0939\u0942\u0928 ","startDuration":"4.1644","endDuration":"4.6002","wordfile":[{"path":"audios\/wordfile-673c8e6964f23.wav","mime":"audio\/x-wav","copyright":{"license":"U"}}]},{"text":" \u0928\u0947\u090a ","startDuration":"4.6003","endDuration":"4.8003","wordfile":[{"path":"audios\/wordfile-673c8e771c722.wav","mime":"audio\/x-wav","copyright":{"license":"U"}}]},{"text":" \u0936\u0915\u0924\u093e\u0924, ","startDuration":"4.8004","endDuration":"5.3639","wordfile":[{"path":"audios\/wordfile-673c8e84d4ddd.wav","mime":"audio\/x-wav","copyright":{"license":"U"}}]},{"text":" \u0905\u0917\u0926\u0940 ","startDuration":"5.5114","endDuration":"6.1830","wordfile":[{"path":"audios\/wordfile-673c8e92d7e26.wav","mime":"audio\/x-wav","copyright":{"license":"U"}}]},{"text":" \u091f\u094d\u0930\u0947\u0928\u0938\u093e\u0930\u0916\u0947. ","startDuration":"6.1831","endDuration":"7.2183","wordfile":[{"path":"audios\/wordfile-673c8ea1144c8.wav","mime":"audio\/x-wav","copyright":{"license":"U"}}]},{"text":" \u091a\u0942\u091a\u0942! ","startDuration":"7.5068","endDuration":"8.5487","wordfile":[{"path":"audios\/wordfile-673c8eba6b48a.wav","mime":"audio\/x-wav","copyright":{"license":"U"}}]}],"files":[{"path":"audios\/files-673c8df42a5b4.wav","mime":"audio\/x-wav","copyright":{"license":"U"}}]},"subContentId":"e357bc4a-abc8-451a-b003-a691ea6abcf6","metadata":{"contentType":"Curious Reader Audio","license":"U","title":"Untitled Curious Reader Audio"}},"backgroundOpacity":0,"willDoAnimation":false,"animationType":"glow","displayAsButton":false,"buttonSize":"big","goToSlideType":"specified","invisible":false}],"slideBackgroundSelector":{}},{"elements":[{"x":13.071895424836601,"y":2.150537634408602,"width":68.62745098039215,"height":68.6021505376344,"action":{"library":"H5P.Image 1.1","params":{"contentName":"Image","file":{"path":"images\/file-658312ec26f2b.jpg","mime":"image\/jpeg","copyright":{"license":"U"},"width":1200,"height":846}},"subContentId":"42e9e715-9949-40df-b8a3-1067f054dc11","metadata":{"contentType":"Image","license":"U","title":"Untitled Image"}},"backgroundOpacity":0,"willDoAnimation":false,"animationType":"glow","displayAsButton":false,"buttonSize":"big","goToSlideType":"specified","invisible":false},{"x":1.2755102040816326,"y":70.50931989924433,"width":93.49489795918367,"height":29.471032745591938,"action":{"library":"H5P.CRAdvancedText 1.1","params":{"text":"<p style=\"text-align:center;\"><span style=\"font-size:1.75em;color:hsl(0, 0%, 100%);\"><strong>\u0939\u092e\u094d\u092e, \u092e\u0932\u093f\u0915 \u092a\u093e\u0923\u0940 \u092c\u093e\u091f\u0932\u094d\u092f\u093e \u092a\u093f\u0935\u0933\u094d\u092f\u093e \u0917\u093e\u0921\u0940\u0924 \u0920\u0947\u0935\u0924\u094b. \u092e\u0917 \u0924\u094b \u0917\u094d\u0932\u0942 \u0932\u093e\u0932 \u0917\u093e\u0921\u0940\u0924 \u0920\u0947\u0935\u0924\u094b.<\/strong><\/span><\/p>"},"subContentId":"6d9dec51-ae09-4d32-a474-6245fe682001","metadata":{"contentType":"Text","license":"U","title":"Untitled Text"}},"alwaysDisplayComments":false,"backgroundOpacity":0,"willDoAnimation":false,"animationType":"glow","displayAsButton":false,"buttonSize":"big","goToSlideType":"specified","invisible":false,"solution":""},{"x":47.000103485838785,"y":44.00026681929878,"width":40,"height":40,"action":{"library":"H5P.CRAudio 1.4","params":{"fitToWrapper":true,"currIndex":12,"playerMode":"minimalistic","controls":true,"autoplay":true,"playAudio":"Play audio","pauseAudio":"Pause audio","contentName":"Audio","glowColor":"#ffd85a","timeStampForEachText":[{"text":" \u0939\u092e\u094d\u092e, ","startDuration":"0.0000","endDuration":"0.9177","wordfile":[{"path":"audios\/wordfile-673c8f58db582.wav","mime":"audio\/x-wav","copyright":{"license":"U"}}]},{"text":" \u092e\u0932\u093f\u0915 ","startDuration":"0.9415","endDuration":"1.4248","wordfile":[{"path":"audios\/wordfile-673c8f6f6ad2f.wav","mime":"audio\/x-wav","copyright":{"license":"U"}}]},{"text":" \u092a\u093e\u0923\u0940 ","startDuration":"1.4249","endDuration":"1.8235","wordfile":[{"path":"audios\/wordfile-673c8f804e188.wav","mime":"audio\/x-wav","copyright":{"license":"U"}}]},{"text":" \u092c\u093e\u091f\u0932\u094d\u092f\u093e ","startDuration":"1.8236","endDuration":"2.3051","wordfile":[{"path":"audios\/wordfile-673c8f8c05531.wav","mime":"audio\/x-wav","copyright":{"license":"U"}}]},{"text":" \u092a\u093f\u0935\u0933\u094d\u092f\u093e ","startDuration":"2.3052","endDuration":"2.7486","wordfile":[{"path":"audios\/wordfile-673c8f9b7ed9e.wav","mime":"audio\/x-wav","copyright":{"license":"U"}}]},{"text":" \u0917\u093e\u0921\u0940\u0924 ","startDuration":"2.7487","endDuration":"3.1541","wordfile":[{"path":"audios\/wordfile-673c8fae60b0a.wav","mime":"audio\/x-wav","copyright":{"license":"U"}}]},{"text":" \u0920\u0947\u0935\u0924\u094b. ","startDuration":"3.1542","endDuration":"3.7117","wordfile":[{"path":"audios\/wordfile-673c8fbfd7033.wav","mime":"audio\/x-wav","copyright":{"license":"U"}}]},{"text":" \u092e\u0917 ","startDuration":"3.9044","endDuration":"4.2414","wordfile":[{"path":"audios\/wordfile-673c8fd2de017.wav","mime":"audio\/x-wav","copyright":{"license":"U"}}]},{"text":" \u0924\u094b ","startDuration":"4.2415","endDuration":"4.6849","wordfile":[{"path":"audios\/wordfile-673c8fe3ba67e.wav","mime":"audio\/x-wav","copyright":{"license":"U"}}]},{"text":" \u0917\u094d\u0932\u0942 ","startDuration":"4.6850","endDuration":"5.2730","wordfile":[{"path":"audios\/wordfile-673c8ff259f80.wav","mime":"audio\/x-wav","copyright":{"license":"U"}}]},{"text":" \u0932\u093e\u0932 ","startDuration":"5.2731","endDuration":"5.7013","wordfile":[{"path":"audios\/wordfile-673c9001d60ab.wav","mime":"audio\/x-wav","copyright":{"license":"U"}}]},{"text":" \u0917\u093e\u0921\u0940\u0924 ","startDuration":"5.7014","endDuration":"6.1981","wordfile":[{"path":"audios\/wordfile-673c901324346.wav","mime":"audio\/x-wav","copyright":{"license":"U"}}]},{"text":" \u0920\u0947\u0935\u0924\u094b. ","startDuration":"6.1982","endDuration":"6.6641","wordfile":[{"path":"audios\/wordfile-673c9024b961a.wav","mime":"audio\/x-wav","copyright":{"license":"U"}}]}],"files":[{"path":"audios\/files-673c8ee456d2c.wav","mime":"audio\/x-wav","copyright":{"license":"U"}}]},"subContentId":"c0da696f-ad4c-4d6e-ae6e-9a77a31be4d5","metadata":{"contentType":"Curious Reader Audio","license":"U","title":"Untitled Curious Reader Audio"}},"backgroundOpacity":0,"willDoAnimation":false,"animationType":"glow","displayAsButton":false,"buttonSize":"big","goToSlideType":"specified","invisible":false}],"slideBackgroundSelector":{}},{"elements":[{"x":13.071895424836603,"y":4.29436559139785,"width":67.53812636165577,"height":67.5268817204301,"action":{"library":"H5P.Image 1.1","params":{"contentName":"Image","file":{"path":"images\/file-658313261d5f4.jpg","mime":"image\/jpeg","copyright":{"license":"U"},"width":1200,"height":846}},"subContentId":"86d08a98-9a1f-4beb-8821-d6bda1bcbf4d","metadata":{"contentType":"Image","license":"U","title":"Untitled Image"}},"backgroundOpacity":0,"willDoAnimation":false,"animationType":"glow","displayAsButton":false,"buttonSize":"big","goToSlideType":"specified","invisible":false},{"x":5.445829081632653,"y":77.28664987405541,"width":87.11734693877551,"height":22.670025188916874,"action":{"library":"H5P.CRAdvancedText 1.1","params":{"text":"<p style=\"text-align:center;\"><span style=\"font-size:1.75em;color:hsl(0, 0%, 100%);\"><strong>\u0928\u0902\u0924\u0930, \u0924\u094b \u092a\u093e\u0928\u0947 \u0939\u093f\u0930\u0935\u094d\u092f\u093e \u0917\u093e\u0921\u0940\u0924 \u0920\u0947\u0935\u0924\u094b. \u092a\u0923 \u0917\u093e\u0921\u0940 \u092b\u093e\u0930 \u091b\u094b\u091f\u0940 \u0906\u0939\u0947.<\/strong><\/span><\/p>"},"subContentId":"a16f2c10-efb1-4dc2-9167-7fb65a2a8098","metadata":{"contentType":"Text","license":"U","title":"Untitled Text"}},"alwaysDisplayComments":false,"backgroundOpacity":0,"willDoAnimation":false,"animationType":"glow","displayAsButton":false,"buttonSize":"big","goToSlideType":"specified","invisible":false,"solution":""},{"x":47.000103485838785,"y":44.00026681929878,"width":40,"height":40,"action":{"library":"H5P.CRAudio 1.4","params":{"fitToWrapper":true,"currIndex":13,"playerMode":"minimalistic","controls":true,"autoplay":true,"playAudio":"Play audio","pauseAudio":"Pause audio","contentName":"Audio","glowColor":"#ffd85a","timeStampForEachText":[{"text":" \u0928\u0902\u0924\u0930, ","startDuration":"0.0000","endDuration":"0.6407","wordfile":[{"path":"audios\/wordfile-673c9059cacd4.wav","mime":"audio\/x-wav","copyright":{"license":"U"}}]},{"text":" \u0924\u094b ","startDuration":"0.8179","endDuration":"1.0409","wordfile":[{"path":"audios\/wordfile-673c9071ef4ea.wav","mime":"audio\/x-wav","copyright":{"license":"U"}}]},{"text":" \u092a\u093e\u0928\u0947 ","startDuration":"1.0733","endDuration":"1.5225","wordfile":[{"path":"audios\/wordfile-673c90821bce5.wav","mime":"audio\/x-wav","copyright":{"license":"U"}}]},{"text":" \u0939\u093f\u0930\u0935\u094d\u092f\u093e ","startDuration":"1.5226","endDuration":"1.9024","wordfile":[{"path":"audios\/wordfile-673c90946e00d.wav","mime":"audio\/x-wav","copyright":{"license":"U"}}]},{"text":" \u0917\u093e\u0921\u0940\u0924 ","startDuration":"1.9025","endDuration":"2.3229","wordfile":[{"path":"audios\/wordfile-673ecb34a4186.wav","mime":"audio\/x-wav","copyright":{"license":"U"}}]},{"text":" \u0920\u0947\u0935\u0924\u094b. ","startDuration":"2.3230","endDuration":"2.9232","wordfile":[{"path":"audios\/wordfile-673c90d877330.wav","mime":"audio\/x-wav","copyright":{"license":"U"}}]},{"text":" \u092a\u0923 ","startDuration":"2.9823","endDuration":"3.3273","wordfile":[{"path":"audios\/wordfile-673c90f537ee9.wav","mime":"audio\/x-wav","copyright":{"license":"U"}}]},{"text":" \u0917\u093e\u0921\u0940 ","startDuration":"3.3274","endDuration":"3.7710","wordfile":[{"path":"audios\/wordfile-673c91084bd23.wav","mime":"audio\/x-wav","copyright":{"license":"U"}}]},{"text":" \u092b\u093e\u0930 ","startDuration":"3.7711","endDuration":"4.2089","wordfile":[{"path":"audios\/wordfile-673c9117b06b3.wav","mime":"audio\/x-wav","copyright":{"license":"U"}}]},{"text":" \u091b\u094b\u091f\u0940 ","startDuration":"4.2090","endDuration":"4.6004","wordfile":[{"path":"audios\/wordfile-673c912574b1d.wav","mime":"audio\/x-wav","copyright":{"license":"U"}}]},{"text":" \u0906\u0939\u0947. ","startDuration":"4.6005","endDuration":"5.0813","wordfile":[{"path":"audios\/wordfile-673c913761d5e.wav","mime":"audio\/x-wav","copyright":{"license":"U"}}]}],"files":[{"path":"audios\/files-673c9049cf3dd.wav","mime":"audio\/x-wav","copyright":{"license":"U"}}]},"subContentId":"c56ce0ee-125f-48f2-a88e-8f4ea28fc168","metadata":{"contentType":"Curious Reader Audio","license":"U","title":"Untitled Curious Reader Audio"}},"backgroundOpacity":0,"willDoAnimation":false,"animationType":"glow","displayAsButton":false,"buttonSize":"big","goToSlideType":"specified","invisible":false}],"slideBackgroundSelector":{}},{"elements":[{"x":17.429193899782135,"y":4.29436559139785,"width":64.27015250544663,"height":64.3010752688172,"action":{"library":"H5P.Image 1.1","params":{"contentName":"Image","file":{"path":"images\/file-658313710a42f.jpg","mime":"image\/jpeg","copyright":{"license":"U"},"width":1200,"height":846}},"subContentId":"ed368202-e3f5-450c-9e24-0e21dd7395ef","metadata":{"contentType":"Image","license":"U","title":"Untitled Image"}},"backgroundOpacity":0,"willDoAnimation":false,"animationType":"glow","displayAsButton":false,"buttonSize":"big","goToSlideType":"specified","invisible":false},{"x":8.714596949891067,"y":75.22516129032259,"width":84.9673202614379,"height":20.43010752688172,"action":{"library":"H5P.CRAdvancedText 1.1","params":{"text":"<p style=\"text-align:center;\"><span style=\"font-size:1.75em;color:hsl(0, 0%, 100%);\"><strong>\u092e\u0917 \u0924\u094b \u092a\u093e\u0928\u0947 \u092c\u0942\u091f\u093e\u0902\u0924 \u0920\u0947\u0935\u0924\u094b. \u092c\u0942\u091f \u0926\u0947\u0916\u0940\u0932 \u0917\u094b\u0937\u094d\u091f\u0940 \u0935\u093e\u0939\u0942\u0928 \u0928\u0947\u090a \u0936\u0915\u0924\u093e\u0924.&nbsp;<\/strong><\/span><\/p>"},"subContentId":"5937c472-d7cc-44e1-a5b2-cc7c7bb2e407","metadata":{"contentType":"Text","license":"U","title":"Untitled Text"}},"alwaysDisplayComments":false,"backgroundOpacity":0,"willDoAnimation":false,"animationType":"glow","displayAsButton":false,"buttonSize":"big","goToSlideType":"specified","invisible":false,"solution":""},{"x":47.000103485838785,"y":44.00026681929878,"width":40,"height":40,"action":{"library":"H5P.CRAudio 1.4","params":{"fitToWrapper":true,"currIndex":14,"playerMode":"minimalistic","controls":true,"autoplay":true,"playAudio":"Play audio","pauseAudio":"Pause audio","contentName":"Audio","glowColor":"#ffd85a","timeStampForEachText":[{"text":" \u092e\u0917 ","startDuration":"0.0806","endDuration":"0.3829","wordfile":[{"path":"audios\/wordfile-673c928a8f888.wav","mime":"audio\/x-wav","copyright":{"license":"U"}}]},{"text":" \u0924\u094b ","startDuration":"0.3830","endDuration":"0.6406","wordfile":[{"path":"audios\/wordfile-673c9297baee3.wav","mime":"audio\/x-wav","copyright":{"license":"U"}}]},{"text":" \u092a\u093e\u0928\u0947 ","startDuration":"0.6445","endDuration":"1.1326","wordfile":[{"path":"audios\/wordfile-673c92a488b88.wav","mime":"audio\/x-wav","copyright":{"license":"U"}}]},{"text":" \u092c\u0942\u091f\u093e\u0902\u0924 ","startDuration":"1.1325","endDuration":"1.5284","wordfile":[{"path":"audios\/wordfile-673c92b306ac9.wav","mime":"audio\/x-wav","copyright":{"license":"U"}}]},{"text":" \u0920\u0947\u0935\u0924\u094b. ","startDuration":"1.5285","endDuration":"2.1778","wordfile":[{"path":"audios\/wordfile-673c92bfd61ca.wav","mime":"audio\/x-wav","copyright":{"license":"U"}}]},{"text":" \u092c\u0942\u091f ","startDuration":"2.5722","endDuration":"3.1178","wordfile":[{"path":"audios\/wordfile-673c92cde530b.wav","mime":"audio\/x-wav","copyright":{"license":"U"}}]},{"text":" \u0926\u0947\u0916\u0940\u0932 ","startDuration":"3.1179","endDuration":"3.5713","wordfile":[{"path":"audios\/wordfile-673c92da9fa82.wav","mime":"audio\/x-wav","copyright":{"license":"U"}}]},{"text":" \u0917\u094b\u0937\u094d\u091f\u0940 ","startDuration":"3.5599","endDuration":"3.7944","wordfile":[{"path":"audios\/wordfile-673c92e7b6853.wav","mime":"audio\/x-wav","copyright":{"license":"U"}}]},{"text":" \u0935\u093e\u0939\u0942\u0928 ","startDuration":"3.7945","endDuration":"4.2076","wordfile":[{"path":"audios\/wordfile-673c92f8cec43.wav","mime":"audio\/x-wav","copyright":{"license":"U"}}]},{"text":" \u0928\u0947\u090a ","startDuration":"4.2077","endDuration":"4.4077","wordfile":[{"path":"audios\/wordfile-673c930914d48.wav","mime":"audio\/x-wav","copyright":{"license":"U"}}]},{"text":" \u0936\u0915\u0924\u093e\u0924.\u00a0 ","startDuration":"4.4078","endDuration":"4.9822","wordfile":[{"path":"audios\/wordfile-673c931ac9a0f.wav","mime":"audio\/x-wav","copyright":{"license":"U"}}]}],"files":[{"path":"audios\/files-673c9279dce15.wav","mime":"audio\/x-wav","copyright":{"license":"U"}}]},"subContentId":"8f2c44ae-0801-46d2-8994-7e9e69a35b67","metadata":{"contentType":"Curious Reader Audio","license":"U","title":"Untitled Curious Reader Audio"}},"backgroundOpacity":0,"willDoAnimation":false,"animationType":"glow","displayAsButton":false,"buttonSize":"big","goToSlideType":"specified","invisible":false}],"slideBackgroundSelector":{}},{"elements":[{"x":14.161220043572984,"y":4.29436559139785,"width":66.44880174291939,"height":66.45161290322581,"action":{"library":"H5P.Image 1.1","params":{"contentName":"Image","file":{"path":"images\/file-658313aab727d.jpg","mime":"image\/jpeg","copyright":{"license":"U"},"width":1200,"height":846}},"subContentId":"1df6040b-e606-4207-8617-8a87e3020363","metadata":{"contentType":"Image","license":"U","title":"Untitled Image"}},"backgroundOpacity":0,"willDoAnimation":false,"animationType":"glow","displayAsButton":false,"buttonSize":"big","goToSlideType":"specified","invisible":false},{"x":6.535947712418301,"y":73.07599616124493,"width":89.32461873638344,"height":20.643529416827693,"action":{"library":"H5P.CRAdvancedText 1.1","params":{"text":"<p style=\"text-align:center;\"><span style=\"font-size:1.75em;color:hsl(0, 0%, 100%);\"><strong>\u091a\u0942\u091a\u0942... \u0925\u092e\u094d\u092a \u0925\u092e\u094d\u092a. \u0939\u0941\u0930\u094d\u0930\u0947! \u092e\u0932\u093f\u0915\u0915\u0921\u0947 \u090f\u0915 \u0932\u093e\u0902\u092c \u091f\u094d\u0930\u0947\u0928 \u0906\u0939\u0947. \u091a\u0942\u091a\u0942... \u0925\u092e\u094d\u092a \u0925\u092e\u094d\u092a<\/strong><\/span><\/p>"},"subContentId":"06893168-deeb-4298-9312-8cbcc138ba13","metadata":{"contentType":"Text","license":"U","title":"Untitled Text"}},"alwaysDisplayComments":false,"backgroundOpacity":0,"willDoAnimation":false,"animationType":"glow","displayAsButton":false,"buttonSize":"big","goToSlideType":"specified","invisible":false,"solution":""},{"x":47.000103485838785,"y":44.00026681929878,"width":40,"height":40,"action":{"library":"H5P.CRAudio 1.4","params":{"fitToWrapper":true,"currIndex":15,"playerMode":"minimalistic","controls":true,"autoplay":true,"playAudio":"Play audio","pauseAudio":"Pause audio","contentName":"Audio","glowColor":"#ffd85a","timeStampForEachText":[{"text":" \u091a\u0942\u091a\u0942... ","startDuration":"0.0000","endDuration":"1.1510","wordfile":[{"path":"audios\/wordfile-673c93766df1b.wav","mime":"audio\/x-wav","copyright":{"license":"U"}}]},{"text":" \u0925\u092e\u094d\u092a ","startDuration":"1.5221","endDuration":"1.8862","wordfile":[{"path":"audios\/wordfile-673c938525340.wav","mime":"audio\/x-wav","copyright":{"license":"U"}}]},{"text":" \u0925\u092e\u094d\u092a. ","startDuration":"1.8667","endDuration":"2.5396","wordfile":[{"path":"audios\/wordfile-673c9395809d2.wav","mime":"audio\/x-wav","copyright":{"license":"U"}}]},{"text":" \u0939\u0941\u0930\u094d\u0930\u0947! ","startDuration":"2.8388","endDuration":"3.6660","wordfile":[{"path":"audios\/wordfile-673c93a672de4.wav","mime":"audio\/x-wav","copyright":{"license":"U"}}]},{"text":" \u092e\u0932\u093f\u0915\u0915\u0921\u0947 ","startDuration":"3.8717","endDuration":"4.8017","wordfile":[{"path":"audios\/wordfile-673c93b6750c0.wav","mime":"audio\/x-wav","copyright":{"license":"U"}}]},{"text":" \u090f\u0915 ","startDuration":"4.8018","endDuration":"5.2691","wordfile":[{"path":"audios\/wordfile-673c93c6b6ed0.wav","mime":"audio\/x-wav","copyright":{"license":"U"}}]},{"text":" \u0932\u093e\u0902\u092c ","startDuration":"5.2692","endDuration":"5.7160","wordfile":[{"path":"audios\/wordfile-673c93d805ae0.wav","mime":"audio\/x-wav","copyright":{"license":"U"}}]},{"text":" \u091f\u094d\u0930\u0947\u0928 ","startDuration":"5.7161","endDuration":"5.9675","wordfile":[{"path":"audios\/wordfile-673c93e7c6b70.wav","mime":"audio\/x-wav","copyright":{"license":"U"}}]},{"text":" \u0906\u0939\u0947. ","startDuration":"5.9676","endDuration":"6.3527","wordfile":[{"path":"audios\/wordfile-673c93f8bff03.wav","mime":"audio\/x-wav","copyright":{"license":"U"}}]},{"text":" \u091a\u0942\u091a\u0942... ","startDuration":"6.7900","endDuration":"7.6789","wordfile":[{"path":"audios\/wordfile-673c94102f51d.wav","mime":"audio\/x-wav","copyright":{"license":"U"}}]},{"text":" \u0925\u092e\u094d\u092a ","startDuration":"7.6790","endDuration":"8.1463","wordfile":[{"path":"audios\/wordfile-673c9421a935c.wav","mime":"audio\/x-wav","copyright":{"license":"U"}}]},{"text":" \u0925\u092e\u094d\u092a ","startDuration":"8.1482","endDuration":"8.6875","wordfile":[{"path":"audios\/wordfile-673c9432ea4a4.wav","mime":"audio\/x-wav","copyright":{"license":"U"}}]}],"files":[{"path":"audios\/files-673c935e589e9.wav","mime":"audio\/x-wav","copyright":{"license":"U"}}]},"subContentId":"06570576-7936-4e0b-9be8-8475b91bc4b6","metadata":{"contentType":"Curious Reader Audio","license":"U","title":"Untitled Curious Reader Audio"}},"backgroundOpacity":0,"willDoAnimation":false,"animationType":"glow","displayAsButton":false,"buttonSize":"big","goToSlideType":"specified","invisible":false}],"slideBackgroundSelector":{}},{"elements":[{"x":14.161220043572984,"y":4.29436559139785,"width":68.84531590413944,"height":68.81720430107526,"action":{"library":"H5P.Image 1.1","params":{"contentName":"Image","file":{"path":"images\/file-658313f38edff.jpg","mime":"image\/jpeg","copyright":{"license":"U"},"width":1200,"height":846}},"subContentId":"be3c2499-7c3f-432a-80df-b98d59b16395","metadata":{"contentType":"Image","license":"U","title":"Untitled Image"}},"backgroundOpacity":0,"willDoAnimation":false,"animationType":"glow","displayAsButton":false,"buttonSize":"big","goToSlideType":"specified","invisible":false},{"x":4.357298474945534,"y":77.46366738822638,"width":92.5925925925926,"height":20.428352562971508,"action":{"library":"H5P.CRAdvancedText 1.1","params":{"text":"<p style=\"text-align:center;\"><span style=\"font-size:1.75em;color:hsl(0, 0%, 100%);\"><strong>\u092c\u093e\u092c\u093e \u092e\u0932\u093f\u0915\u0935\u0930 \u0917\u0930\u094d\u0935 \u0915\u0930\u0924\u093e\u0924 \u0915\u093e\u0930\u0923 \u0924\u094d\u092f\u093e\u0928\u0947 \u092c\u093e\u092c\u093e\u0902\u0938\u093e\u0930\u0916\u0940 \u0938\u093e\u092b\u0938\u092b\u093e\u0908 \u0915\u0947\u0932\u0940 \u0906\u0939\u0947<\/strong><\/span><\/p>"},"subContentId":"85c47bcf-90ec-4623-b98f-f0d5d5d27b15","metadata":{"contentType":"Text","license":"U","title":"Untitled Text"}},"alwaysDisplayComments":false,"backgroundOpacity":0,"willDoAnimation":false,"animationType":"glow","displayAsButton":false,"buttonSize":"big","goToSlideType":"specified","invisible":false,"solution":""},{"x":47.000103485838785,"y":44.00026681929878,"width":40,"height":40,"action":{"library":"H5P.CRAudio 1.4","params":{"fitToWrapper":true,"currIndex":16,"playerMode":"minimalistic","controls":true,"autoplay":true,"playAudio":"Play audio","pauseAudio":"Pause audio","contentName":"Audio","glowColor":"#ffd85a","timeStampForEachText":[{"text":" \u092c\u093e\u092c\u093e ","startDuration":"0.1142","endDuration":"0.5791","wordfile":[{"path":"audios\/wordfile-673c948842906.wav","mime":"audio\/x-wav","copyright":{"license":"U"}}]},{"text":" \u092e\u0932\u093f\u0915\u0935\u0930 ","startDuration":"0.5792","endDuration":"0.9475","wordfile":[{"path":"audios\/wordfile-673c94976c517.wav","mime":"audio\/x-wav","copyright":{"license":"U"}}]},{"text":" \u0917\u0930\u094d\u0935 ","startDuration":"0.9476","endDuration":"1.2919","wordfile":[{"path":"audios\/wordfile-673c94a47d255.wav","mime":"audio\/x-wav","copyright":{"license":"U"}}]},{"text":" \u0915\u0930\u0924\u093e\u0924 ","startDuration":"1.6587","endDuration":"2.0330","wordfile":[{"path":"audios\/wordfile-673c94db5f04e.wav","mime":"audio\/x-wav","copyright":{"license":"U"}}]},{"text":" \u0915\u093e\u0930\u0923 ","startDuration":"2.4960","endDuration":"2.9184","wordfile":[{"path":"audios\/wordfile-673c94ed4d74f.wav","mime":"audio\/x-wav","copyright":{"license":"U"}}]},{"text":" \u0924\u094d\u092f\u093e\u0928\u0947 ","startDuration":"2.9245","endDuration":"3.2163","wordfile":[{"path":"audios\/wordfile-673c94fc61ebc.wav","mime":"audio\/x-wav","copyright":{"license":"U"}}]},{"text":" \u092c\u093e\u092c\u093e\u0902\u0938\u093e\u0930\u0916\u0940 ","startDuration":"3.2164","endDuration":"3.8613","wordfile":[{"path":"audios\/wordfile-673c951d3839d.wav","mime":"audio\/x-wav","copyright":{"license":"U"}}]},{"text":" \u0938\u093e\u092b\u0938\u092b\u093e\u0908 ","startDuration":"3.8614","endDuration":"4.6505","wordfile":[{"path":"audios\/wordfile-673c952eb1e52.wav","mime":"audio\/x-wav","copyright":{"license":"U"}}]},{"text":" \u0915\u0947\u0932\u0940 ","startDuration":"4.6506","endDuration":"4.8867","wordfile":[{"path":"audios\/wordfile-673c9540f175f.wav","mime":"audio\/x-wav","copyright":{"license":"U"}}]},{"text":" \u0906\u0939\u0947 ","startDuration":"4.8868","endDuration":"5.2661","wordfile":[{"path":"audios\/wordfile-673c955fd9e3e.wav","mime":"audio\/x-wav","copyright":{"license":"U"}}]}],"files":[{"path":"audios\/files-673c945eeb4f0.wav","mime":"audio\/x-wav","copyright":{"license":"U"}}]},"subContentId":"6828d399-c9a6-4593-a1a8-e5256f192d3a","metadata":{"contentType":"Curious Reader Audio","license":"U","title":"Untitled Curious Reader Audio"}},"backgroundOpacity":0,"willDoAnimation":false,"animationType":"glow","displayAsButton":false,"buttonSize":"big","goToSlideType":"specified","invisible":false}],"slideBackgroundSelector":{}},{"elements":[{"x":4.357298474945534,"y":4.29436559139785,"width":21.78649237472767,"height":21.93548387096774,"action":{"library":"H5P.Image 1.1","params":{"contentName":"Image","file":{"path":"images\/file-658314686128c.png","mime":"image\/png","copyright":{"license":"U"},"width":1350,"height":487}},"subContentId":"7794e307-87c8-47f9-9639-41a273a9251e","metadata":{"contentType":"Image","license":"U","title":"Untitled Image"}},"backgroundOpacity":0,"willDoAnimation":false,"animationType":"glow","displayAsButton":false,"buttonSize":"big","goToSlideType":"specified","invisible":false},{"x":32.677995642701525,"y":4.29436559139785,"width":21.350762527233115,"height":21.50537634408602,"action":{"library":"H5P.Image 1.1","params":{"contentName":"Image","file":{"path":"images\/file-65831478b28e9.png","mime":"image\/png","copyright":{"license":"U"},"width":814,"height":202}},"subContentId":"d094dd24-5605-40cc-8f7d-8522ad2f6f82","metadata":{"contentType":"Image","license":"U","title":"Untitled Image"}},"backgroundOpacity":0,"willDoAnimation":false,"animationType":"glow","displayAsButton":false,"buttonSize":"big","goToSlideType":"specified","invisible":false},{"x":57.734204793028326,"y":6.451612903225806,"width":39.97821350762527,"height":17.204301075268816,"action":{"library":"H5P.Image 1.1","params":{"contentName":"Image","file":{"path":"images\/file-658314869f634.jpg","mime":"image\/jpeg","copyright":{"license":"U"},"width":1732,"height":354}},"subContentId":"e3a05b56-dc30-410d-94b6-c04a4ba4d6e1","metadata":{"contentType":"Image","license":"U","title":"Untitled Image"}},"backgroundOpacity":0,"willDoAnimation":false,"animationType":"glow","displayAsButton":false,"buttonSize":"big","goToSlideType":"specified","invisible":false},{"x":6.377551020408164,"y":30.226700251889167,"width":91.06753812636165,"height":68.81720430107526,"action":{"library":"H5P.CRAdvancedText 1.1","params":{"text":"<h3 style=\"text-align:center;\">\u201c<span style=\"color:#000000;\"><strong>\u0935\u0921\u093f\u0932\u093e\u0902\u091a\u0947 \u092c\u0942\u091f<\/strong><\/span>\u201d credits<\/h3><h3 style=\"text-align:center;\">This work, \u201c<span style=\"color:#000000;\"><strong>\u0935\u0921\u093f\u0932\u093e\u0902\u091a\u0947 \u092c\u0942\u091f<\/strong><\/span>\u201d&nbsp;is a derivative of Dad\u2019s Boots. Author: Saptorini. Illustrator: Weny Amalia. Editor: Nurhayati Pujiastuti.<\/h3><h3 style=\"text-align:center;\">Published by The Asia Foundation - Let's Read, <a target=\"_blank\" rel=\"noopener noreferrer\" href=\"http:\/\/www.letsreadasia.org\/\">https:\/\/www.letsreadasia.org\/ <\/a>\u00a9 The Asia Foundation - Let's Read. Released under CC-BY-NC-4.0.<\/h3><h3 style=\"text-align:center;\">\u201c<span style=\"color:#000000;\"><strong>\u0935\u0921\u093f\u0932\u093e\u0902\u091a\u0947 \u092c\u0942\u091f\"<\/strong><\/span> is licensed under CC BY 4.0 by Curious Learning.<\/h3><h3 style=\"text-align:center;\">Book builder - Abraham Jerry Kakooza<\/h3>"},"subContentId":"5b54e1af-f11e-4f6d-a129-473db92146ca","metadata":{"contentType":"Text","license":"U","title":"Untitled Text"}},"alwaysDisplayComments":false,"backgroundOpacity":0,"willDoAnimation":false,"animationType":"glow","displayAsButton":false,"buttonSize":"big","goToSlideType":"specified","invisible":false,"solution":""}],"slideBackgroundSelector":{}}],"keywordListEnabled":true,"globalBackgroundSelector":{},"keywordListAlwaysShow":false,"keywordListAutoHide":false,"keywordListOpacity":90},"override":{"activeSurface":false,"hideSummarySlide":false,"summarySlideSolutionButton":true,"summarySlideRetryButton":true,"enablePrintButton":false,"social":{"showFacebookShare":false,"facebookShare":{"url":"@currentpageurl","quote":"I scored @score out of @maxScore on a task at @currentpageurl."},"showTwitterShare":false,"twitterShare":{"statement":"I scored @score out of @maxScore on a task at @currentpageurl.","url":"@currentpageurl","hashtags":"h5p, course"},"showGoogleShare":false,"googleShareUrl":"@currentpageurl"}},"l10n":{"slide":"Slide","score":"Score","yourScore":"Your Score","maxScore":"Max Score","total":"Total","totalScore":"Total Score","showSolutions":"Show solutions","retry":"Retry","exportAnswers":"Export text","hideKeywords":"Hide sidebar navigation menu","showKeywords":"Show sidebar navigation menu","fullscreen":"Fullscreen","exitFullscreen":"Exit fullscreen","prevSlide":"Previous slide","nextSlide":"Next slide","currentSlide":"Current slide","lastSlide":"Last slide","solutionModeTitle":"Exit solution mode","solutionModeText":"Solution Mode","summaryMultipleTaskText":"Multiple tasks","scoreMessage":"You achieved:","shareFacebook":"Share on Facebook","shareTwitter":"Share on Twitter","shareGoogle":"Share on Google+","summary":"Summary","solutionsButtonTitle":"Show comments","printTitle":"Print","printIngress":"How would you like to print this presentation?","printAllSlides":"Print all slides","printCurrentSlide":"Print current slide","noTitle":"No title","accessibilitySlideNavigationExplanation":"Use left and right arrow to change slide in that direction whenever canvas is selected.","accessibilityCanvasLabel":"Presentation canvas. Use left and right arrow to move between slides.","containsNotCompleted":"@slideName contains not completed interaction","containsCompleted":"@slideName contains completed interaction","slideCount":"Slide @index of @total","containsOnlyCorrect":"@slideName only has correct answers","containsIncorrectAnswers":"@slideName has incorrect answers","shareResult":"Share Result","accessibilityTotalScore":"You got @score of @maxScore points in total","accessibilityEnteredFullscreen":"Entered fullscreen","accessibilityExitedFullscreen":"Exited fullscreen"}}