{"presentation":{"slides":[{"elements":[{"x":17.429193899782135,"y":8.620689655172415,"width":68.84531590413944,"height":68.96551724137932,"action":{"library":"H5P.Image 1.1","params":{"contentName":"Image","file":{"path":"images\/file-620d8a2cc3689.jpg","mime":"image\/jpeg","copyright":{"license":"U"},"width":959,"height":459}},"metadata":{"contentType":"Image","license":"U","title":"Untitled Image"},"subContentId":"e3b59ba2-3660-4937-9e57-1a84d4a9288f"},"backgroundOpacity":0,"willDoAnimation":false,"animationType":"glow","displayAsButton":false,"buttonSize":"big","goToSlideType":"specified","invisible":false},{"x":14.03061224489796,"y":79.5969773299748,"width":71.42857142857143,"height":18.387909319899244,"action":{"library":"H5P.CRAdvancedText 1.1","params":{"text":"<p style=\"text-align: center;\"><span style=\"font-size:3em;\">\u0412\u0438\u0441\u043e\u043a\u0438\u0439 \u0456 \u043d\u0435\u0432\u0438\u0441\u043e\u043a\u0438\u0439<\/span><\/p>\n"},"metadata":{"contentType":"Text","license":"U","title":"Untitled Text"},"subContentId":"42a27549-400d-40e1-8a3f-637c9bb8f8e3"},"alwaysDisplayComments":false,"backgroundOpacity":0,"willDoAnimation":false,"animationType":"glow","displayAsButton":false,"buttonSize":"big","goToSlideType":"specified","invisible":false,"solution":""}],"slideBackgroundSelector":{}},{"elements":[{"x":16.33986928104575,"y":4.310344827586207,"width":33.769063180827885,"height":92.67241379310346,"action":{"library":"H5P.Image 1.1","params":{"contentName":"Image","file":{"path":"images\/file-620d8a6738172.jpg","mime":"image\/jpeg","copyright":{"license":"U"},"width":639,"height":918}},"metadata":{"contentType":"Image","license":"U","title":"Untitled Image"},"subContentId":"86bc88c5-2cdb-451e-a5b4-6abe821a6812"},"backgroundOpacity":0,"willDoAnimation":false,"animationType":"glow","displayAsButton":false,"buttonSize":"big","goToSlideType":"specified","invisible":false},{"x":52.71084337349398,"y":29.785119047619048,"width":39.45783132530121,"height":47.61904761904762,"action":{"library":"H5P.CRAdvancedText 1.1","params":{"text":"<p style=\"text-align: center;\"><span style=\"font-size:2.25em;\">\u0422\u0430\u0442\u043e \u0431\u0435\u0440\u0435 \u043c\u043e\u044e \u043a\u0435\u043f\u043a\u0443 \u0437 \u0432\u0438\u0441\u043e\u043a\u043e\u0457 \u043f\u043e\u043b\u0438\u0446\u0456.<\/span><\/p>\n"},"metadata":{"contentType":"Text","license":"U","title":"Untitled Text"},"subContentId":"f4995bd1-cc12-4e69-bfb8-289b817b7c0d"},"alwaysDisplayComments":false,"backgroundOpacity":0,"willDoAnimation":false,"animationType":"glow","displayAsButton":false,"buttonSize":"big","goToSlideType":"specified","invisible":false,"solution":""},{"x":47.00255102040816,"y":43.95465994962216,"width":40,"height":40,"action":{"library":"H5P.CRAudio 1.4","params":{"fitToWrapper":true,"currIndex":1,"playerMode":"minimalistic","controls":true,"autoplay":true,"playAudio":"Play audio","pauseAudio":"Pause audio","contentName":"Audio","glowColor":"#ffd85a","files":[{"path":"audios\/files-629a1280a3d08.wav","mime":"audio\/x-wav","copyright":{"license":"U"}}],"timeStampForEachText":[{"text":" \u0422\u0430\u0442\u043e ","startDuration":"0.0000","endDuration":"0.5063","wordfile":[{"path":"audios\/wordfile-629a1b33bfc4e.wav","mime":"audio\/x-wav","copyright":{"license":"U"}}]},{"text":" \u0431\u0435\u0440\u0435 ","startDuration":"0.5070","endDuration":"0.7896","wordfile":[{"path":"audios\/wordfile-629a1b6081541.wav","mime":"audio\/x-wav","copyright":{"license":"U"}}]},{"text":" \u043c\u043e\u044e ","startDuration":"0.7900","endDuration":"1.0921","wordfile":[{"path":"audios\/wordfile-629a1b809f2d9.wav","mime":"audio\/x-wav","copyright":{"license":"U"}}]},{"text":" \u043a\u0435\u043f\u043a\u0443 ","startDuration":"1.0931","endDuration":"1.4730","wordfile":[{"path":"audios\/wordfile-629a1bad4d500.wav","mime":"audio\/x-wav","copyright":{"license":"U"}}]},{"text":" \u0437 ","startDuration":"1.4735","endDuration":"1.6103","wordfile":[{"path":"audios\/wordfile-629a1be7186c7.wav","mime":"audio\/x-wav","copyright":{"license":"U"}}]},{"text":" \u0432\u0438\u0441\u043e\u043a\u043e\u0457 ","startDuration":"1.6110","endDuration":"2.2729","wordfile":[{"path":"audios\/wordfile-629a1c1214783.wav","mime":"audio\/x-wav","copyright":{"license":"U"}}]},{"text":" \u043f\u043e\u043b\u0438\u0446\u0456. ","startDuration":"2.2739","endDuration":"3.0240","wordfile":[{"path":"audios\/wordfile-629a1c2c1e3fd.wav","mime":"audio\/x-wav","copyright":{"license":"U"}}]}]},"metadata":{"contentType":"Curious Reader Audio","license":"U","title":"Untitled Curious Reader Audio"},"subContentId":"50b74e78-4e20-4626-a578-869a10c2e2e8"},"backgroundOpacity":0,"willDoAnimation":false,"animationType":"glow","displayAsButton":false,"buttonSize":"big","goToSlideType":"specified","invisible":false},{"x":17.857142857142858,"y":10.06375314861461,"width":16.198979591836736,"height":84.88664987405541,"action":{"library":"H5P.Image 1.1","params":{"contentName":"Image"},"metadata":{"contentType":"Image","license":"U","title":"Untitled Image"},"subContentId":"ef3fa88a-0b36-487c-985a-7fa36366cdde"},"backgroundOpacity":0,"willDoAnimation":true,"animationType":"glow","displayAsButton":false,"buttonSize":"big","goToSlideType":"specified","invisible":false,"id":"img50b74e78-4e20-4626-a578-869a10c2e2e8_0"},{"x":33.16326530612245,"y":14.609571788413097,"width":9.948979591836736,"height":16.876574307304786,"action":{"library":"H5P.Image 1.1","params":{"contentName":"Image"},"metadata":{"contentType":"Image","license":"U","title":"Untitled Image"},"subContentId":"c6ed4247-7397-47c1-9196-bb1153fe83e4"},"backgroundOpacity":0,"willDoAnimation":true,"animationType":"glow","displayAsButton":false,"buttonSize":"big","goToSlideType":"specified","invisible":false,"id":"img50b74e78-4e20-4626-a578-869a10c2e2e8_3"}],"slideBackgroundSelector":{}},{"elements":[{"x":13.64795918367347,"y":4.785894206549118,"width":35.83877995642702,"height":92.45689655172414,"action":{"library":"H5P.Image 1.1","params":{"contentName":"Image","file":{"path":"images\/file-620d8aa4e43d4.jpg","mime":"image\/jpeg","copyright":{"license":"U"},"width":639,"height":918}},"metadata":{"contentType":"Image","license":"U","title":"Untitled Image"},"subContentId":"3e74c6d2-b90c-43ec-9186-121956d1fe47"},"backgroundOpacity":0,"willDoAnimation":false,"animationType":"glow","displayAsButton":false,"buttonSize":"big","goToSlideType":"specified","invisible":false},{"x":51.204819277108435,"y":23.828125,"width":43.674698795180724,"height":59.523809523809526,"action":{"library":"H5P.CRAdvancedText 1.1","params":{"text":"<p style=\"text-align: center;\"><span style=\"font-size:2.25em;\">\u0422\u0430\u0442\u043e \u043c\u043e\u0436\u0435 \u0434\u0456\u0441\u0442\u0430\u0442\u0438 \u0434\u043e \u043f\u043e\u043b\u0438\u0446\u0456. \u0422\u0430\u0442\u043e \u0432\u0438\u0441\u043e\u043a\u0438\u0439.<\/span><\/p>\n"},"metadata":{"contentType":"Text","license":"U","title":"Untitled Text"},"subContentId":"b7542dd4-189f-4b2d-952f-e85fda7b0c62"},"alwaysDisplayComments":false,"backgroundOpacity":0,"willDoAnimation":false,"animationType":"glow","displayAsButton":false,"buttonSize":"big","goToSlideType":"specified","invisible":false,"solution":""},{"x":15.214564369310793,"y":12.263615384615385,"width":17.555266579973992,"height":83.84615384615385,"action":{"library":"H5P.Image 1.1","params":{"contentName":"Image"},"metadata":{"contentType":"Image","license":"U","title":"Untitled Image"},"subContentId":"57e80864-2f5e-46b3-b633-9f6ae53a9bd5"},"backgroundOpacity":0,"willDoAnimation":true,"animationType":"glow","displayAsButton":false,"buttonSize":"big","goToSlideType":"specified","invisible":false,"id":"img454333cb-d1ff-4358-9d6e-3a9ed7fdee22_0"},{"x":47.00255102040816,"y":43.95465994962216,"width":40,"height":40,"action":{"library":"H5P.CRAudio 1.4","params":{"fitToWrapper":true,"currIndex":2,"playerMode":"minimalistic","controls":true,"autoplay":true,"playAudio":"Play audio","pauseAudio":"Pause audio","contentName":"Audio","glowColor":"#ffd85a","files":[{"path":"audios\/files-629a12a6ea512.wav","mime":"audio\/x-wav","copyright":{"license":"U"}}],"timeStampForEachText":[{"text":" \u0422\u0430\u0442\u043e ","startDuration":"0.0000","endDuration":"0.4507","wordfile":[{"path":"audios\/wordfile-629a1c867f679.wav","mime":"audio\/x-wav","copyright":{"license":"U"}}]},{"text":" \u043c\u043e\u0436\u0435 ","startDuration":"0.4517","endDuration":"0.7507","wordfile":[{"path":"audios\/wordfile-629a1ca3ca056.wav","mime":"audio\/x-wav","copyright":{"license":"U"}}]},{"text":" \u0434\u0456\u0441\u0442\u0430\u0442\u0438 ","startDuration":"0.7517","endDuration":"1.3542","wordfile":[{"path":"audios\/wordfile-629a1cbecd568.wav","mime":"audio\/x-wav","copyright":{"license":"U"}}]},{"text":" \u0434\u043e ","startDuration":"1.3544","endDuration":"1.5352","wordfile":[{"path":"audios\/wordfile-629a1cf4e4970.wav","mime":"audio\/x-wav","copyright":{"license":"U"}}]},{"text":" \u043f\u043e\u043b\u0438\u0446\u0456. ","startDuration":"1.5362","endDuration":"2.4356","wordfile":[{"path":"audios\/wordfile-629a1d09841c3.wav","mime":"audio\/x-wav","copyright":{"license":"U"}}]},{"text":" \u0422\u0430\u0442\u043e ","startDuration":"2.6524","endDuration":"3.1889","wordfile":[{"path":"audios\/wordfile-629a1d345b39f.wav","mime":"audio\/x-wav","copyright":{"license":"U"}}]},{"text":" \u0432\u0438\u0441\u043e\u043a\u0438\u0439. ","startDuration":"3.1899","endDuration":"4.1040","wordfile":[{"path":"audios\/wordfile-629a1d4f37019.wav","mime":"audio\/x-wav","copyright":{"license":"U"}}]}]},"metadata":{"contentType":"Curious Reader Audio","license":"U","title":"Untitled Curious Reader Audio"},"subContentId":"454333cb-d1ff-4358-9d6e-3a9ed7fdee22"},"backgroundOpacity":0,"willDoAnimation":false,"animationType":"glow","displayAsButton":false,"buttonSize":"big","goToSlideType":"specified","invisible":false}],"slideBackgroundSelector":{}},{"elements":[{"x":11.982570806100219,"y":4.310344827586207,"width":37.03703703703704,"height":92.45689655172414,"action":{"library":"H5P.Image 1.1","params":{"contentName":"Image","file":{"path":"images\/file-620d8ad1200cf.jpg","mime":"image\/jpeg","copyright":{"license":"U"},"width":639,"height":918}},"metadata":{"contentType":"Image","license":"U","title":"Untitled Image"},"subContentId":"5320e841-c68d-4668-8597-5f7779b4b505"},"backgroundOpacity":0,"willDoAnimation":false,"animationType":"glow","displayAsButton":false,"buttonSize":"big","goToSlideType":"specified","invisible":false},{"x":50.15060240963856,"y":23.80952380952381,"width":42.16867469879518,"height":59.523809523809526,"action":{"library":"H5P.CRAdvancedText 1.1","params":{"text":"<p style=\"text-align: center;\"><span style=\"font-size:2.25em;\">\u041c\u0430\u043c\u0430 \u0432\u0438\u0441\u043e\u043a\u0430. \u041c\u0430\u043c\u0430 \u0434\u0456\u0441\u0442\u0430\u0454 \u043c\u043e\u044e \u0441\u043e\u0440\u043e\u0447\u043a\u0443 \u0437 \u0448\u0430\u0444\u0438.&nbsp;<\/span><\/p>\n"},"metadata":{"contentType":"Text","license":"U","title":"Untitled Text"},"subContentId":"7a9464c3-2eed-4e01-b076-b5a7ad132295"},"alwaysDisplayComments":false,"backgroundOpacity":0,"willDoAnimation":false,"animationType":"glow","displayAsButton":false,"buttonSize":"big","goToSlideType":"specified","invisible":false,"solution":""},{"x":23.14655612244898,"y":13.826347607052897,"width":14.923469387755102,"height":54.659949622166245,"action":{"library":"H5P.Image 1.1","params":{"contentName":"Image"},"metadata":{"contentType":"Image","license":"U","title":"Untitled Image"},"subContentId":"2d79611c-037c-4342-88f3-3631c1c21e34"},"backgroundOpacity":0,"willDoAnimation":true,"animationType":"glow","displayAsButton":false,"buttonSize":"big","goToSlideType":"specified","invisible":false,"id":"imgf99ff015-5ac2-4703-8689-dc33526ea755_0"},{"x":46.944083224967486,"y":43.97435897435898,"width":40,"height":40,"action":{"library":"H5P.CRAudio 1.4","params":{"fitToWrapper":true,"currIndex":3,"playerMode":"minimalistic","controls":true,"autoplay":true,"playAudio":"Play audio","pauseAudio":"Pause audio","contentName":"Audio","glowColor":"#ffd85a","files":[{"path":"audios\/files-629a12f66e528.wav","mime":"audio\/x-wav","copyright":{"license":"U"}}],"timeStampForEachText":[{"text":" \u041c\u0430\u043c\u0430 ","startDuration":"0.0000","endDuration":"0.6223","wordfile":[{"path":"audios\/wordfile-629a1e052a382.wav","mime":"audio\/x-wav","copyright":{"license":"U"}}]},{"text":" \u0432\u0438\u0441\u043e\u043a\u0430. ","startDuration":"0.6228","endDuration":"1.5414","wordfile":[{"path":"audios\/wordfile-629a1e29c728d.wav","mime":"audio\/x-wav","copyright":{"license":"U"}}]},{"text":" \u041c\u0430\u043c\u0430 ","startDuration":"1.7647","endDuration":"2.3499","wordfile":[{"path":"audios\/wordfile-629a1e47b6dfd.wav","mime":"audio\/x-wav","copyright":{"license":"U"}}]},{"text":" \u0434\u0456\u0441\u0442\u0430\u0454 ","startDuration":"2.3509","endDuration":"2.8695","wordfile":[{"path":"audios\/wordfile-629a1e7e7c48b.wav","mime":"audio\/x-wav","copyright":{"license":"U"}}]},{"text":" \u043c\u043e\u044e ","startDuration":"2.8699","endDuration":"3.1441","wordfile":[{"path":"audios\/wordfile-629a1ecb4323c.wav","mime":"audio\/x-wav","copyright":{"license":"U"}}]},{"text":" \u0441\u043e\u0440\u043e\u0447\u043a\u0443 ","startDuration":"3.1451","endDuration":"3.8044","wordfile":[{"path":"audios\/wordfile-629a1ef5b4c14.wav","mime":"audio\/x-wav","copyright":{"license":"U"}}]},{"text":" \u0437 ","startDuration":"3.8054","endDuration":"4.0276","wordfile":[{"path":"audios\/wordfile-629a1f0eef39c.wav","mime":"audio\/x-wav","copyright":{"license":"U"}}]},{"text":" \u0448\u0430\u0444\u0438.\u00a0 ","startDuration":"4.0280","endDuration":"4.6080","wordfile":[{"path":"audios\/wordfile-629a1f2f93bb2.wav","mime":"audio\/x-wav","copyright":{"license":"U"}}]}]},"metadata":{"contentType":"Curious Reader Audio","license":"U","title":"Untitled Curious Reader Audio"},"subContentId":"f99ff015-5ac2-4703-8689-dc33526ea755"},"backgroundOpacity":0,"willDoAnimation":false,"animationType":"glow","displayAsButton":false,"buttonSize":"big","goToSlideType":"specified","invisible":false},{"x":29.336734693877553,"y":28.71536523929471,"width":15.306122448979592,"height":21.914357682619645,"action":{"library":"H5P.Image 1.1","params":{"contentName":"Image"},"metadata":{"contentType":"Image","license":"U","title":"Untitled Image"},"subContentId":"2b1ec22e-5bb1-4246-83c5-d36e426be12f"},"backgroundOpacity":0,"willDoAnimation":true,"animationType":"glow","displayAsButton":false,"buttonSize":"big","goToSlideType":"specified","invisible":false,"id":"imgf99ff015-5ac2-4703-8689-dc33526ea755_5"}],"slideBackgroundSelector":{}},{"elements":[{"x":14.159041394335512,"y":5.622456896551724,"width":34.85838779956427,"height":91.5948275862069,"action":{"library":"H5P.Image 1.1","params":{"contentName":"Image","file":{"path":"images\/file-620d8b1736f35.jpg","mime":"image\/jpeg","copyright":{"license":"U"},"width":639,"height":918}},"metadata":{"contentType":"Image","license":"U","title":"Untitled Image"},"subContentId":"da6c7321-c9b6-41ec-9674-273fac8064d7"},"backgroundOpacity":0,"willDoAnimation":false,"animationType":"glow","displayAsButton":false,"buttonSize":"big","goToSlideType":"specified","invisible":false},{"x":51.204819277108435,"y":29.785119047619048,"width":45.18072289156627,"height":44.642857142857146,"action":{"library":"H5P.CRAdvancedText 1.1","params":{"text":"<p style=\"text-align: center;\"><span style=\"font-size:2.25em;\">\u0422\u0430\u0442\u043e \u0432\u0438\u0441\u043e\u043a\u0438\u0439. \u0422\u0430\u0442\u043e \u0432\u0438\u0449\u0438\u0439 \u0437\u0430 \u043c\u0430\u043c\u0443.<\/span><\/p>\n"},"metadata":{"contentType":"Text","license":"U","title":"Untitled Text"},"subContentId":"427b279f-447a-4bc3-88f4-5875a33673fb"},"alwaysDisplayComments":false,"backgroundOpacity":0,"willDoAnimation":false,"animationType":"glow","displayAsButton":false,"buttonSize":"big","goToSlideType":"specified","invisible":false,"solution":""},{"x":47.00255102040816,"y":43.95465994962216,"width":40,"height":40,"action":{"library":"H5P.CRAudio 1.4","params":{"fitToWrapper":true,"currIndex":4,"playerMode":"minimalistic","controls":true,"autoplay":true,"playAudio":"Play audio","pauseAudio":"Pause audio","contentName":"Audio","glowColor":"#ffd85a","files":[{"path":"audios\/files-629a133177305.wav","mime":"audio\/x-wav","copyright":{"license":"U"}}],"timeStampForEachText":[{"text":" \u0422\u0430\u0442\u043e ","startDuration":"0.0000","endDuration":"0.5250","wordfile":[{"path":"audios\/wordfile-629a1f6c0e736.wav","mime":"audio\/x-wav","copyright":{"license":"U"}}]},{"text":" \u0432\u0438\u0441\u043e\u043a\u0438\u0439. ","startDuration":"0.5260","endDuration":"1.5011","wordfile":[{"path":"audios\/wordfile-629a1f8499302.wav","mime":"audio\/x-wav","copyright":{"license":"U"}}]},{"text":" \u0422\u0430\u0442\u043e ","startDuration":"1.8334","endDuration":"2.5147","wordfile":[{"path":"audios\/wordfile-629a1fa136458.wav","mime":"audio\/x-wav","copyright":{"license":"U"}}]},{"text":" \u0432\u0438\u0449\u0438\u0439 ","startDuration":"2.5157","endDuration":"3.0280","wordfile":[{"path":"audios\/wordfile-629a1fb8491d8.wav","mime":"audio\/x-wav","copyright":{"license":"U"}}]},{"text":" \u0437\u0430 ","startDuration":"3.0288","endDuration":"3.2910","wordfile":[{"path":"audios\/wordfile-629a200a8d700.wav","mime":"audio\/x-wav","copyright":{"license":"U"}}]},{"text":" \u043c\u0430\u043c\u0443. ","startDuration":"3.2918","endDuration":"3.8880","wordfile":[{"path":"audios\/wordfile-629a2056cea8d.wav","mime":"audio\/x-wav","copyright":{"license":"U"}}]}]},"metadata":{"contentType":"Curious Reader Audio","license":"U","title":"Untitled Curious Reader Audio"},"subContentId":"eeea3416-b10b-449c-a45f-7ad7d9b61296"},"backgroundOpacity":0,"willDoAnimation":false,"animationType":"glow","displayAsButton":false,"buttonSize":"big","goToSlideType":"specified","invisible":false},{"x":29.71938775510204,"y":7.556675062972292,"width":14.923469387755102,"height":84.13098236775818,"action":{"library":"H5P.Image 1.1","params":{"contentName":"Image"},"metadata":{"contentType":"Image","license":"U","title":"Untitled Image"},"subContentId":"2214cd10-bc6f-49cd-ac88-924ad86c0d5e"},"backgroundOpacity":0,"willDoAnimation":true,"animationType":"glow","displayAsButton":false,"buttonSize":"big","goToSlideType":"specified","invisible":false,"id":"imgeeea3416-b10b-449c-a45f-7ad7d9b61296_0"},{"x":22.448979591836736,"y":18.639798488664987,"width":11.096938775510205,"height":67.2544080604534,"action":{"library":"H5P.Image 1.1","params":{"contentName":"Image"},"metadata":{"contentType":"Image","license":"U","title":"Untitled Image"},"subContentId":"25cc0a34-1448-4c36-8ea7-a595fb616223"},"backgroundOpacity":0,"willDoAnimation":true,"animationType":"glow","displayAsButton":false,"buttonSize":"big","goToSlideType":"specified","invisible":false,"id":"imgeeea3416-b10b-449c-a45f-7ad7d9b61296_5"}],"slideBackgroundSelector":{}},{"elements":[{"x":14.161220043572985,"y":6.4655172413793105,"width":35.947712418300654,"height":90.73275862068967,"action":{"library":"H5P.Image 1.1","params":{"contentName":"Image","file":{"path":"images\/file-620d8b4901fed.jpg","mime":"image\/jpeg","copyright":{"license":"U"},"width":639,"height":918}},"metadata":{"contentType":"Image","license":"U","title":"Untitled Image"},"subContentId":"6ac3b20e-f38f-448c-b501-13c259c38112"},"backgroundOpacity":0,"willDoAnimation":false,"animationType":"glow","displayAsButton":false,"buttonSize":"big","goToSlideType":"specified","invisible":false},{"x":52.71084337349398,"y":23.80952380952381,"width":41.566265060240966,"height":59.523809523809526,"action":{"library":"H5P.CRAdvancedText 1.1","params":{"text":"<p style=\"text-align: center;\"><span style=\"font-size:2.25em;\">\u041c\u043e\u044f \u0441\u0435\u0441\u0442\u0440\u0430 \u0432\u0438\u0441\u043e\u043a\u0430. \u041c\u043e\u044f \u0441\u0435\u0441\u0442\u0440\u0430 \u0431\u0435\u0440\u0435 \u043c\u043e\u044e \u043a\u043d\u0438\u0433\u0443.<\/span><\/p>\n"},"metadata":{"contentType":"Text","license":"U","title":"Untitled Text"},"subContentId":"f688a718-41f1-4ef1-868f-0ba583d4838c"},"alwaysDisplayComments":false,"backgroundOpacity":0,"willDoAnimation":false,"animationType":"glow","displayAsButton":false,"buttonSize":"big","goToSlideType":"specified","invisible":false,"solution":""},{"x":47.00255102040816,"y":43.95465994962216,"width":40,"height":40,"action":{"library":"H5P.CRAudio 1.4","params":{"fitToWrapper":true,"currIndex":5,"playerMode":"minimalistic","controls":true,"autoplay":true,"playAudio":"Play audio","pauseAudio":"Pause audio","contentName":"Audio","glowColor":"#ffd85a","files":[{"path":"audios\/files-629a139a0c05e.wav","mime":"audio\/x-wav","copyright":{"license":"U"}}],"timeStampForEachText":[{"text":" \u041c\u043e\u044f ","startDuration":"0.0000","endDuration":"0.4771","wordfile":[{"path":"audios\/wordfile-629a20b9b4948.wav","mime":"audio\/x-wav","copyright":{"license":"U"}}]},{"text":" \u0441\u0435\u0441\u0442\u0440\u0430 ","startDuration":"0.4781","endDuration":"0.9990","wordfile":[{"path":"audios\/wordfile-629a20dc55ff4.wav","mime":"audio\/x-wav","copyright":{"license":"U"}}]},{"text":" \u0432\u0438\u0441\u043e\u043a\u0430. ","startDuration":"1.0000","endDuration":"1.9220","wordfile":[{"path":"audios\/wordfile-629a20f328680.wav","mime":"audio\/x-wav","copyright":{"license":"U"}}]},{"text":" \u041c\u043e\u044f ","startDuration":"2.1053","endDuration":"2.5897","wordfile":[{"path":"audios\/wordfile-629a2119c6d2a.wav","mime":"audio\/x-wav","copyright":{"license":"U"}}]},{"text":" \u0441\u0435\u0441\u0442\u0440\u0430 ","startDuration":"2.5907","endDuration":"3.1553","wordfile":[{"path":"audios\/wordfile-629a2140a3d81.wav","mime":"audio\/x-wav","copyright":{"license":"U"}}]},{"text":" \u0431\u0435\u0440\u0435 ","startDuration":"3.1560","endDuration":"3.5019","wordfile":[{"path":"audios\/wordfile-629a2169568ac.wav","mime":"audio\/x-wav","copyright":{"license":"U"}}]},{"text":" \u043c\u043e\u044e ","startDuration":"3.5029","endDuration":"3.8560","wordfile":[{"path":"audios\/wordfile-629a21827e0ac.wav","mime":"audio\/x-wav","copyright":{"license":"U"}}]},{"text":" \u043a\u043d\u0438\u0433\u0443. ","startDuration":"3.8570","endDuration":"4.5360","wordfile":[{"path":"audios\/wordfile-629a2198b96d3.wav","mime":"audio\/x-wav","copyright":{"license":"U"}}]}]},"metadata":{"contentType":"Curious Reader Audio","license":"U","title":"Untitled Curious Reader Audio"},"subContentId":"ac6b0cc1-40ba-4024-888b-c7362059a573"},"backgroundOpacity":0,"willDoAnimation":false,"animationType":"glow","displayAsButton":false,"buttonSize":"big","goToSlideType":"specified","invisible":false},{"x":24.23469387755102,"y":15.105491183879094,"width":13.775510204081632,"height":44.58438287153652,"action":{"library":"H5P.Image 1.1","params":{"contentName":"Image"},"metadata":{"contentType":"Image","license":"U","title":"Untitled Image"},"subContentId":"fd0bb94d-bdef-4e91-864b-4e2c7c03f968"},"backgroundOpacity":0,"willDoAnimation":true,"animationType":"glow","displayAsButton":false,"buttonSize":"big","goToSlideType":"specified","invisible":false,"id":"imgac6b0cc1-40ba-4024-888b-c7362059a573_4"},{"x":21.683673469387756,"y":45.30453400503778,"width":8.545918367346939,"height":14.609571788413097,"action":{"library":"H5P.Image 1.1","params":{"contentName":"Image"},"metadata":{"contentType":"Image","license":"U","title":"Untitled Image"},"subContentId":"1ff4e6e3-cff2-420c-97a6-fbe11158e19b"},"backgroundOpacity":0,"willDoAnimation":true,"animationType":"glow","displayAsButton":false,"buttonSize":"big","goToSlideType":"specified","invisible":false,"id":"imgac6b0cc1-40ba-4024-888b-c7362059a573_7"}],"slideBackgroundSelector":{}},{"elements":[{"x":14.161220043572985,"y":5.81896551724138,"width":34.85838779956427,"height":90.51724137931035,"action":{"library":"H5P.Image 1.1","params":{"contentName":"Image","file":{"path":"images\/file-620d8b7b9c561.jpg","mime":"image\/jpeg","copyright":{"license":"U"},"width":639,"height":918}},"metadata":{"contentType":"Image","license":"U","title":"Untitled Image"},"subContentId":"1fe8c6e8-1dec-4179-a1c4-d367fb27a427"},"backgroundOpacity":0,"willDoAnimation":false,"animationType":"glow","displayAsButton":false,"buttonSize":"big","goToSlideType":"specified","invisible":false},{"x":49.6987951807229,"y":32.73809523809524,"width":46.68674698795181,"height":47.61904761904762,"action":{"library":"H5P.CRAdvancedText 1.1","params":{"text":"<p style=\"text-align: center;\"><span style=\"font-size:2.25em;\">\u041c\u0430\u043c\u0430 \u0432\u0438\u0441\u043e\u043a\u0430. \u0412\u043e\u043d\u0430 \u0432\u0438\u0449\u0430 \u0437\u0430 \u043c\u043e\u044e \u0441\u0435\u0441\u0442\u0440\u0443.<\/span><\/p>\n"},"metadata":{"contentType":"Text","license":"U","title":"Untitled Text"},"subContentId":"24116825-9948-4089-b68a-788f85a1c6fa"},"alwaysDisplayComments":false,"backgroundOpacity":0,"willDoAnimation":false,"animationType":"glow","displayAsButton":false,"buttonSize":"big","goToSlideType":"specified","invisible":false,"solution":""},{"x":47.00255102040816,"y":43.95465994962216,"width":40,"height":40,"action":{"library":"H5P.CRAudio 1.4","params":{"fitToWrapper":true,"currIndex":6,"playerMode":"minimalistic","controls":true,"autoplay":true,"playAudio":"Play audio","pauseAudio":"Pause audio","contentName":"Audio","glowColor":"#ffd85a","files":[{"path":"audios\/files-629a13d5b2eb1.wav","mime":"audio\/x-wav","copyright":{"license":"U"}}],"timeStampForEachText":[{"text":" \u041c\u0430\u043c\u0430 ","startDuration":"0.0000","endDuration":"0.6024","wordfile":[{"path":"audios\/wordfile-629a21cd17a1a.wav","mime":"audio\/x-wav","copyright":{"license":"U"}}]},{"text":" \u0432\u0438\u0441\u043e\u043a\u0430. ","startDuration":"0.6034","endDuration":"1.4740","wordfile":[{"path":"audios\/wordfile-629a21e4bbb01.wav","mime":"audio\/x-wav","copyright":{"license":"U"}}]},{"text":" \u0412\u043e\u043d\u0430 ","startDuration":"1.6762","endDuration":"2.2176","wordfile":[{"path":"audios\/wordfile-629a22046a7db.wav","mime":"audio\/x-wav","copyright":{"license":"U"}}]},{"text":" \u0432\u0438\u0449\u0430 ","startDuration":"2.2186","endDuration":"2.6137","wordfile":[{"path":"audios\/wordfile-629a223489f9b.wav","mime":"audio\/x-wav","copyright":{"license":"U"}}]},{"text":" \u0437\u0430 ","startDuration":"2.6147","endDuration":"2.8147","wordfile":[{"path":"audios\/wordfile-629a2253ea99b.wav","mime":"audio\/x-wav","copyright":{"license":"U"}}]},{"text":" \u043c\u043e\u044e ","startDuration":"2.8157","endDuration":"3.0767","wordfile":[{"path":"audios\/wordfile-629a228873b21.wav","mime":"audio\/x-wav","copyright":{"license":"U"}}]},{"text":" \u0441\u0435\u0441\u0442\u0440\u0443. ","startDuration":"3.0770","endDuration":"3.7920","wordfile":[{"path":"audios\/wordfile-629a22aa2dd94.wav","mime":"audio\/x-wav","copyright":{"license":"U"}}]}]},"metadata":{"contentType":"Curious Reader Audio","license":"U","title":"Untitled Curious Reader Audio"},"subContentId":"aaeee8a3-260a-40d8-93a1-bf4085e883cc"},"backgroundOpacity":0,"willDoAnimation":false,"animationType":"glow","displayAsButton":false,"buttonSize":"big","goToSlideType":"specified","invisible":false},{"x":25.38265306122449,"y":10.075566750629722,"width":11.096938775510205,"height":72.29219143576826,"action":{"library":"H5P.Image 1.1","params":{"contentName":"Image"},"metadata":{"contentType":"Image","license":"U","title":"Untitled Image"},"subContentId":"9bf092c2-83a4-4358-8924-05dc08044695"},"backgroundOpacity":0,"willDoAnimation":true,"animationType":"glow","displayAsButton":false,"buttonSize":"big","goToSlideType":"specified","invisible":false,"id":"imgaaeee8a3-260a-40d8-93a1-bf4085e883cc_0"},{"x":19.13265306122449,"y":15.113350125944583,"width":11.096938775510205,"height":69.77329974811083,"action":{"library":"H5P.Image 1.1","params":{"contentName":"Image"},"metadata":{"contentType":"Image","license":"U","title":"Untitled Image"},"subContentId":"c3740d63-5dca-49df-a068-5abfc5939862"},"backgroundOpacity":0,"willDoAnimation":true,"animationType":"glow","displayAsButton":false,"buttonSize":"big","goToSlideType":"specified","invisible":false,"id":"imgaaeee8a3-260a-40d8-93a1-bf4085e883cc_6"}],"slideBackgroundSelector":{}},{"elements":[{"x":14.705882352941178,"y":5.387931034482759,"width":33.87799564270153,"height":90.73275862068967,"action":{"library":"H5P.Image 1.1","params":{"contentName":"Image","file":{"path":"images\/file-620d8bb185c3e.jpg","mime":"image\/jpeg","copyright":{"license":"U"},"width":639,"height":918}},"metadata":{"contentType":"Image","license":"U","title":"Untitled Image"},"subContentId":"8e0baedd-67c8-46c8-a1c5-9fe3f76afc8a"},"backgroundOpacity":0,"willDoAnimation":false,"animationType":"glow","displayAsButton":false,"buttonSize":"big","goToSlideType":"specified","invisible":false},{"x":49.6987951807229,"y":32.79404761904762,"width":46.68674698795181,"height":47.61904761904762,"action":{"library":"H5P.CRAdvancedText 1.1","params":{"text":"<p style=\"text-align: center;\"><span style=\"font-size:2.25em;\">\u041c\u0456\u0439 \u0431\u0440\u0430\u0442 - \u0432\u0438\u0441\u043e\u043a\u0438\u0439. \u0412\u0456\u043d \u0431\u0435\u0440\u0435 \u043c\u0456\u0439 \u0440\u0430\u043d\u0435\u0446\u044c.<\/span><\/p>\n"},"metadata":{"contentType":"Text","license":"U","title":"Untitled Text"},"subContentId":"8cc0f61a-9e3e-493a-8b8c-357afea280c9"},"alwaysDisplayComments":false,"backgroundOpacity":0,"willDoAnimation":false,"animationType":"glow","displayAsButton":false,"buttonSize":"big","goToSlideType":"specified","invisible":false,"solution":""},{"x":47.00255102040816,"y":43.95465994962216,"width":40,"height":40,"action":{"library":"H5P.CRAudio 1.4","params":{"fitToWrapper":true,"currIndex":7,"playerMode":"minimalistic","controls":true,"autoplay":true,"playAudio":"Play audio","pauseAudio":"Pause audio","contentName":"Audio","glowColor":"#ffd85a","files":[{"path":"audios\/files-629a14f7030d8.wav","mime":"audio\/x-wav","copyright":{"license":"U"}}],"timeStampForEachText":[{"text":" ","startDuration":"0.0000","endDuration":"0.4699","wordfile":[{"path":"audios\/wordfile-629a24a37c4d4.wav","mime":"audio\/x-wav","copyright":{"license":"U"}}]},{"text":" \u0431\u0440\u0430\u0442 ","startDuration":"0.4709","endDuration":"0.7940","wordfile":[{"path":"audios\/wordfile-629a24dcb7230.wav","mime":"audio\/x-wav","copyright":{"license":"U"}}]},{"text":" \u0432\u0438\u0441\u043e\u043a\u0438\u0439. ","startDuration":"0.7946","endDuration":"1.7308","wordfile":[{"path":"audios\/wordfile-629a250f607d4.wav","mime":"audio\/x-wav","copyright":{"license":"U"}}]},{"text":" \u0412\u0456\u043d ","startDuration":"1.8729","endDuration":"2.3490","wordfile":[{"path":"audios\/wordfile-629a252b1d48e.wav","mime":"audio\/x-wav","copyright":{"license":"U"}}]},{"text":" \u0431\u0435\u0440\u0435 ","startDuration":"2.3500","endDuration":"2.8261","wordfile":[{"path":"audios\/wordfile-629a255483bd5.wav","mime":"audio\/x-wav","copyright":{"license":"U"}}]},{"text":" \u043c\u0456\u0439 ","startDuration":"2.8271","endDuration":"3.1253","wordfile":[{"path":"audios\/wordfile-629a25863aa18.wav","mime":"audio\/x-wav","copyright":{"license":"U"}}]},{"text":" \u0440\u0430\u043d\u0435\u0446\u044c. ","startDuration":"3.1258","endDuration":"3.8160","wordfile":[{"path":"audios\/wordfile-629a25ac08473.wav","mime":"audio\/x-wav","copyright":{"license":"U"}}]}]},"metadata":{"contentType":"Curious Reader Audio","license":"U","title":"Untitled Curious Reader Audio"},"subContentId":"46dd5180-c88a-4219-a11a-e5a9121e4af8"},"backgroundOpacity":0,"willDoAnimation":false,"animationType":"glow","displayAsButton":false,"buttonSize":"big","goToSlideType":"specified","invisible":false},{"x":25.510204081632654,"y":30.21889168765743,"width":9.821428571428571,"height":31.989924433249367,"action":{"library":"H5P.Image 1.1","params":{"contentName":"Image"},"metadata":{"contentType":"Image","license":"U","title":"Untitled Image"},"subContentId":"e903bc69-1088-4d8f-81c9-071e0d181388"},"backgroundOpacity":0,"willDoAnimation":true,"animationType":"glow","displayAsButton":false,"buttonSize":"big","goToSlideType":"specified","invisible":false,"id":"img46dd5180-c88a-4219-a11a-e5a9121e4af8_1"},{"x":26.020408163265305,"y":52.896725440806044,"width":8.545918367346939,"height":19.64735516372796,"action":{"library":"H5P.Image 1.1","params":{"contentName":"Image"},"metadata":{"contentType":"Image","license":"U","title":"Untitled Image"},"subContentId":"7f390f49-356f-4c11-94b7-339d0f4bab25"},"backgroundOpacity":0,"willDoAnimation":true,"animationType":"glow","displayAsButton":false,"buttonSize":"big","goToSlideType":"specified","invisible":false,"id":"img46dd5180-c88a-4219-a11a-e5a9121e4af8_6"}],"slideBackgroundSelector":{}},{"elements":[{"x":14.705882352941178,"y":3.6637931034482762,"width":34.64052287581699,"height":92.45689655172414,"action":{"library":"H5P.Image 1.1","params":{"contentName":"Image","file":{"path":"images\/file-620d8be87d7ce.jpg","mime":"image\/jpeg","copyright":{"license":"U"},"width":639,"height":918}},"metadata":{"contentType":"Image","license":"U","title":"Untitled Image"},"subContentId":"b5dd1b5b-c4b7-4e07-9e11-de9c97fc90fa"},"backgroundOpacity":0,"willDoAnimation":false,"animationType":"glow","displayAsButton":false,"buttonSize":"big","goToSlideType":"specified","invisible":false},{"x":51.204819277108435,"y":23.846726190476193,"width":45.18072289156627,"height":59.523809523809526,"action":{"library":"H5P.CRAdvancedText 1.1","params":{"text":"<p style=\"text-align: center;\"><span style=\"font-size:2.25em;\">\u041c\u043e\u044f \u0441\u0435\u0441\u0442\u0440\u0430 \u0432\u0438\u0441\u043e\u043a\u0430. \u0412\u043e\u043d\u0430 \u0432\u0438\u0449\u0430 \u0437\u0430 \u043c\u043e\u0433\u043e \u0431\u0440\u0430\u0442\u0430.<\/span><\/p>\n"},"metadata":{"contentType":"Text","license":"U","title":"Untitled Text"},"subContentId":"47bba9d5-565b-4c0e-b5d0-f77886d7e3f1"},"alwaysDisplayComments":false,"backgroundOpacity":0,"willDoAnimation":false,"animationType":"glow","displayAsButton":false,"buttonSize":"big","goToSlideType":"specified","invisible":false,"solution":""},{"x":47.00255102040816,"y":43.95465994962216,"width":40,"height":40,"action":{"library":"H5P.CRAudio 1.4","params":{"fitToWrapper":true,"currIndex":8,"playerMode":"minimalistic","controls":true,"autoplay":true,"playAudio":"Play audio","pauseAudio":"Pause audio","contentName":"Audio","glowColor":"#ffd85a","files":[{"path":"audios\/files-629a154b6a445.wav","mime":"audio\/x-wav","copyright":{"license":"U"}}],"timeStampForEachText":[{"text":" \u041c\u043e\u044f ","startDuration":"0.0000","endDuration":"0.4413","wordfile":[{"path":"audios\/wordfile-629a2606c5c06.wav","mime":"audio\/x-wav","copyright":{"license":"U"}}]},{"text":" \u0441\u0435\u0441\u0442\u0440\u0430 ","startDuration":"0.4423","endDuration":"0.9749","wordfile":[{"path":"audios\/wordfile-629a261c09928.wav","mime":"audio\/x-wav","copyright":{"license":"U"}}]},{"text":" \u0432\u0438\u0441\u043e\u043a\u0430. ","startDuration":"0.9759","endDuration":"1.9128","wordfile":[{"path":"audios\/wordfile-629a263437c04.wav","mime":"audio\/x-wav","copyright":{"license":"U"}}]},{"text":" \u0412\u043e\u043d\u0430 ","startDuration":"2.0116","endDuration":"2.5116","wordfile":[{"path":"audios\/wordfile-629a265300d47.wav","mime":"audio\/x-wav","copyright":{"license":"U"}}]},{"text":" \u0432\u0438\u0449\u0430 ","startDuration":"2.5126","endDuration":"2.9017","wordfile":[{"path":"audios\/wordfile-629a267aaa0ee.wav","mime":"audio\/x-wav","copyright":{"license":"U"}}]},{"text":" \u0437\u0430 ","startDuration":"2.9020","endDuration":"3.0962","wordfile":[{"path":"audios\/wordfile-629a269ab4b32.wav","mime":"audio\/x-wav","copyright":{"license":"U"}}]},{"text":" \u043c\u043e\u0433\u043e ","startDuration":"3.0969","endDuration":"3.4472","wordfile":[{"path":"audios\/wordfile-629a26ba647ef.wav","mime":"audio\/x-wav","copyright":{"license":"U"}}]},{"text":" \u0431\u0440\u0430\u0442\u0430. ","startDuration":"3.4482","endDuration":"4.0560","wordfile":[{"path":"audios\/wordfile-629a26d7b70a6.wav","mime":"audio\/x-wav","copyright":{"license":"U"}}]}]},"metadata":{"contentType":"Curious Reader Audio","license":"U","title":"Untitled Curious Reader Audio"},"subContentId":"b5072058-cd9b-445f-bb14-5c08bd15c787"},"backgroundOpacity":0,"willDoAnimation":false,"animationType":"glow","displayAsButton":false,"buttonSize":"big","goToSlideType":"specified","invisible":false},{"x":31.377551020408163,"y":20.139319899244335,"width":11.479591836734695,"height":62.216624685138534,"action":{"library":"H5P.Image 1.1","params":{"contentName":"Image"},"metadata":{"contentType":"Image","license":"U","title":"Untitled Image"},"subContentId":"8ce4d1b0-fe92-43b8-82f9-fce37dc023e6"},"backgroundOpacity":0,"willDoAnimation":true,"animationType":"glow","displayAsButton":false,"buttonSize":"big","goToSlideType":"specified","invisible":false,"id":"imgb5072058-cd9b-445f-bb14-5c08bd15c787_1"},{"x":23.46938775510204,"y":27.707808564231737,"width":9.821428571428571,"height":54.659949622166245,"action":{"library":"H5P.Image 1.1","params":{"contentName":"Image"},"metadata":{"contentType":"Image","license":"U","title":"Untitled Image"},"subContentId":"d335ae57-5c0d-42a0-bfc6-8c1e1780080d"},"backgroundOpacity":0,"willDoAnimation":true,"animationType":"glow","displayAsButton":false,"buttonSize":"big","goToSlideType":"specified","invisible":false,"id":"imgb5072058-cd9b-445f-bb14-5c08bd15c787_7"}],"slideBackgroundSelector":{}},{"elements":[{"x":15.24259259259259,"y":4.314547413793104,"width":34.85838779956427,"height":92.88793103448276,"action":{"library":"H5P.Image 1.1","params":{"contentName":"Image","file":{"path":"images\/file-620d8c22dbcda.jpg","mime":"image\/jpeg","copyright":{"license":"U"},"width":639,"height":918}},"metadata":{"contentType":"Image","license":"U","title":"Untitled Image"},"subContentId":"ec439803-414f-4f94-bef7-2c65cfc2ee92"},"backgroundOpacity":0,"willDoAnimation":false,"animationType":"glow","displayAsButton":false,"buttonSize":"big","goToSlideType":"specified","invisible":false},{"x":54.21686746987952,"y":23.80952380952381,"width":37.65060240963856,"height":59.523809523809526,"action":{"library":"H5P.CRAdvancedText 1.1","params":{"text":"<p style=\"text-align: center;\"><span style=\"font-size:2.25em;\">\u041c\u0456\u0439 \u0431\u0440\u0430\u0442 \u0432\u0438\u0441\u043e\u043a\u0438\u0439. \u0412\u0456\u043d \u0432\u0438\u0449\u0438\u0439 \u0437\u0430 \u043c\u0435\u043d\u0435.<\/span><\/p>\n"},"metadata":{"contentType":"Text","license":"U","title":"Untitled Text"},"subContentId":"ead32f52-0e68-4cb4-a555-869a18f3fda3"},"alwaysDisplayComments":false,"backgroundOpacity":0,"willDoAnimation":false,"animationType":"glow","displayAsButton":false,"buttonSize":"big","goToSlideType":"specified","invisible":false,"solution":""},{"x":47.00255102040816,"y":43.95465994962216,"width":40,"height":40,"action":{"library":"H5P.CRAudio 1.4","params":{"fitToWrapper":true,"currIndex":9,"playerMode":"minimalistic","controls":true,"autoplay":true,"playAudio":"Play audio","pauseAudio":"Pause audio","contentName":"Audio","glowColor":"#ffd85a","files":[{"path":"audios\/files-629a158a5ef56.wav","mime":"audio\/x-wav","copyright":{"license":"U"}}],"timeStampForEachText":[{"text":" \u041c\u0456\u0439 ","startDuration":"0.0000","endDuration":"0.3808","wordfile":[{"path":"audios\/wordfile-629a271771b77.wav","mime":"audio\/x-wav","copyright":{"license":"U"}}]},{"text":" \u0431\u0440\u0430\u0442 ","startDuration":"0.3818","endDuration":"0.6590","wordfile":[{"path":"audios\/wordfile-629a272ba9070.wav","mime":"audio\/x-wav","copyright":{"license":"U"}}]},{"text":" \u0432\u0438\u0441\u043e\u043a\u0438\u0439. ","startDuration":"0.6595","endDuration":"1.5554","wordfile":[{"path":"audios\/wordfile-629a2763356ff.wav","mime":"audio\/x-wav","copyright":{"license":"U"}}]},{"text":" \u0412\u0456\u043d ","startDuration":"1.7756","endDuration":"2.2660","wordfile":[{"path":"audios\/wordfile-629a2780a9c60.wav","mime":"audio\/x-wav","copyright":{"license":"U"}}]},{"text":" \u0432\u0438\u0449\u0438\u0439 ","startDuration":"2.2670","endDuration":"2.7136","wordfile":[{"path":"audios\/wordfile-629a27b36391a.wav","mime":"audio\/x-wav","copyright":{"license":"U"}}]},{"text":" \u0437\u0430 ","startDuration":"2.7146","endDuration":"2.9146","wordfile":[{"path":"audios\/wordfile-629a27cba311c.wav","mime":"audio\/x-wav","copyright":{"license":"U"}}]},{"text":" \u043c\u0435\u043d\u0435. ","startDuration":"2.9156","endDuration":"3.4080","wordfile":[{"path":"audios\/wordfile-629a27e4d3dfe.wav","mime":"audio\/x-wav","copyright":{"license":"U"}}]}]},"metadata":{"contentType":"Curious Reader Audio","license":"U","title":"Untitled Curious Reader Audio"},"subContentId":"4b15d7da-61e8-48b0-9e80-0e44bb110174"},"backgroundOpacity":0,"willDoAnimation":false,"animationType":"glow","displayAsButton":false,"buttonSize":"big","goToSlideType":"specified","invisible":false},{"x":28.061224489795915,"y":27.684130982367762,"width":9.821428571428571,"height":42.06549118387909,"action":{"library":"H5P.Image 1.1","params":{"contentName":"Image"},"metadata":{"contentType":"Image","license":"U","title":"Untitled Image"},"subContentId":"91317906-7d8c-42ec-a56d-d47e239f1f99"},"backgroundOpacity":0,"willDoAnimation":true,"animationType":"glow","displayAsButton":false,"buttonSize":"big","goToSlideType":"specified","invisible":false,"id":"img4b15d7da-61e8-48b0-9e80-0e44bb110174_1"},{"x":18.494897959183675,"y":41.53803526448363,"width":11.096938775510205,"height":37.02770780856423,"action":{"library":"H5P.Image 1.1","params":{"contentName":"Image"},"metadata":{"contentType":"Image","license":"U","title":"Untitled Image"},"subContentId":"7a64ba38-ab5c-4eb5-8258-d9e9a5f887c8"},"backgroundOpacity":0,"willDoAnimation":true,"animationType":"glow","displayAsButton":false,"buttonSize":"big","goToSlideType":"specified","invisible":false,"id":"img4b15d7da-61e8-48b0-9e80-0e44bb110174_6"}],"slideBackgroundSelector":{}},{"elements":[{"x":16.338344226579522,"y":4.320560344827586,"width":33.00653594771242,"height":92.45689655172414,"action":{"library":"H5P.Image 1.1","params":{"contentName":"Image","file":{"path":"images\/file-620d8c5c30c01.jpg","mime":"image\/jpeg","copyright":{"license":"U"},"width":639,"height":918}},"metadata":{"contentType":"Image","license":"U","title":"Untitled Image"},"subContentId":"5bf06604-bab2-4fde-b399-8b6b9caf36cb"},"backgroundOpacity":0,"willDoAnimation":false,"animationType":"glow","displayAsButton":false,"buttonSize":"big","goToSlideType":"specified","invisible":false},{"x":49.6987951807229,"y":32.73809523809524,"width":46.68674698795181,"height":47.61904761904762,"action":{"library":"H5P.CRAdvancedText 1.1","params":{"text":"<p style=\"text-align: center;\"><span style=\"font-size:2.25em;\">\u042f \u043d\u0435\u0432\u0438\u0441\u043e\u043a\u0438\u0439. \u042f \u043d\u0430\u0439\u043d\u0438\u0436\u0447\u0438\u0439 \u0443 \u0440\u043e\u0434\u0438\u043d\u0456.<\/span><\/p>\n"},"metadata":{"contentType":"Text","license":"U","title":"Untitled Text"},"subContentId":"56834249-b644-479c-9c02-9b0b3ec5ce36"},"alwaysDisplayComments":false,"backgroundOpacity":0,"willDoAnimation":false,"animationType":"glow","displayAsButton":false,"buttonSize":"big","goToSlideType":"specified","invisible":false,"solution":""},{"x":47.00255102040816,"y":43.95465994962216,"width":40,"height":40,"action":{"library":"H5P.CRAudio 1.4","params":{"fitToWrapper":true,"currIndex":10,"playerMode":"minimalistic","controls":true,"autoplay":true,"playAudio":"Play audio","pauseAudio":"Pause audio","contentName":"Audio","glowColor":"#ffd85a","files":[{"path":"audios\/files-629a15c146596.wav","mime":"audio\/x-wav","copyright":{"license":"U"}}],"timeStampForEachText":[{"text":" \u042f ","startDuration":"0.0000","endDuration":"0.3866","wordfile":[{"path":"audios\/wordfile-629a2869d585a.wav","mime":"audio\/x-wav","copyright":{"license":"U"}}]},{"text":" \u043d\u0435\u0432\u0438\u0441\u043e\u043a\u0438\u0439. ","startDuration":"0.3876","endDuration":"1.4423","wordfile":[{"path":"audios\/wordfile-629a288554879.wav","mime":"audio\/x-wav","copyright":{"license":"U"}}]},{"text":" \u042f ","startDuration":"1.5516","endDuration":"2.1309","wordfile":[{"path":"audios\/wordfile-629a28a006a59.wav","mime":"audio\/x-wav","copyright":{"license":"U"}}]},{"text":" \u043d\u0430\u0439\u043d\u0438\u0436\u0447\u0438\u0439 ","startDuration":"2.1319","endDuration":"2.8193","wordfile":[{"path":"audios\/wordfile-629a28bc274f7.wav","mime":"audio\/x-wav","copyright":{"license":"U"}}]},{"text":" \u0443 ","startDuration":"2.8196","endDuration":"2.9683","wordfile":[{"path":"audios\/wordfile-629a297d197ba.wav","mime":"audio\/x-wav","copyright":{"license":"U"}}]},{"text":" \u0440\u043e\u0434\u0438\u043d\u0456. ","startDuration":"2.9683","endDuration":"3.7440","wordfile":[{"path":"audios\/wordfile-629a294bdb646.wav","mime":"audio\/x-wav","copyright":{"license":"U"}}]}]},"metadata":{"contentType":"Curious Reader Audio","license":"U","title":"Untitled Curious Reader Audio"},"subContentId":"fcafec60-6a0e-46e2-97bc-d246649ebe70"},"backgroundOpacity":0,"willDoAnimation":false,"animationType":"glow","displayAsButton":false,"buttonSize":"big","goToSlideType":"specified","invisible":false},{"x":26.785714285714285,"y":43.82871536523929,"width":9.821428571428571,"height":44.58438287153652,"action":{"library":"H5P.Image 1.1","params":{"contentName":"Image"},"metadata":{"contentType":"Image","license":"U","title":"Untitled Image"},"subContentId":"ffed02aa-cd97-4059-892e-5c6f27163a05"},"backgroundOpacity":0,"willDoAnimation":true,"animationType":"glow","displayAsButton":false,"buttonSize":"big","goToSlideType":"specified","invisible":false,"id":"imgfcafec60-6a0e-46e2-97bc-d246649ebe70_0"}],"slideBackgroundSelector":{}},{"elements":[{"x":17.426470588235293,"y":6.47334051724138,"width":32.46187363834423,"height":89.65517241379311,"action":{"library":"H5P.Image 1.1","params":{"contentName":"Image","file":{"path":"images\/file-620d8c9aa16a1.jpg","mime":"image\/jpeg","copyright":{"license":"U"},"width":639,"height":918}},"metadata":{"contentType":"Image","license":"U","title":"Untitled Image"},"subContentId":"ae70667a-fe5d-4f6e-96d3-e63ca9aa9160"},"backgroundOpacity":0,"willDoAnimation":false,"animationType":"glow","displayAsButton":false,"buttonSize":"big","goToSlideType":"specified","invisible":false},{"x":49.6987951807229,"y":14.890238095238095,"width":46.68674698795181,"height":74.40476190476191,"action":{"library":"H5P.CRAdvancedText 1.1","params":{"text":"<p style=\"text-align: center;\"><span style=\"font-size:2.25em;\">\u041d\u0430\u0448 \u0446\u0443\u0446\u0438\u043a \u0414\u0436\u043e\u0434\u0436\u043e - \u043d\u0435\u0432\u0438\u0441\u043e\u043a\u0438\u0439. \u0414\u0436\u043e\u0434\u0436\u043e - \u043d\u0430\u0439\u043d\u0438\u0436\u0447\u0438\u0439.<\/span><\/p>\n"},"metadata":{"contentType":"Text","license":"U","title":"Untitled Text"},"subContentId":"8161ff84-be72-45ae-8f2a-8be437f65b85"},"alwaysDisplayComments":false,"backgroundOpacity":0,"willDoAnimation":false,"animationType":"glow","displayAsButton":false,"buttonSize":"big","goToSlideType":"specified","invisible":false,"solution":""},{"x":35.0765306122449,"y":69.52141057934509,"width":14.923469387755102,"height":21.914357682619645,"action":{"library":"H5P.Image 1.1","params":{"contentName":"Image"},"metadata":{"contentType":"Image","license":"U","title":"Untitled Image"},"subContentId":"1b298924-965a-46ea-b4b9-ea56f2ddd126"},"backgroundOpacity":0,"willDoAnimation":true,"animationType":"glow","displayAsButton":false,"buttonSize":"big","goToSlideType":"specified","invisible":false,"id":"imgf1e42a38-64f7-4c96-818b-ade3af9d2e83_2"},{"x":47.00255102040816,"y":43.95465994962216,"width":40,"height":40,"action":{"library":"H5P.CRAudio 1.4","params":{"fitToWrapper":true,"currIndex":11,"playerMode":"minimalistic","controls":true,"autoplay":true,"playAudio":"Play audio","pauseAudio":"Pause audio","contentName":"Audio","glowColor":"#ffd85a","files":[{"path":"audios\/files-629a161e97d6d.wav","mime":"audio\/x-wav","copyright":{"license":"U"}}],"timeStampForEachText":[{"text":" \u041d\u0430\u0448 ","startDuration":"0.0000","endDuration":"0.5629","wordfile":[{"path":"audios\/wordfile-629a29de60317.wav","mime":"audio\/x-wav","copyright":{"license":"U"}}]},{"text":" \u0446\u0443\u0446\u0438\u043a ","startDuration":"0.5639","endDuration":"1.1349","wordfile":[{"path":"audios\/wordfile-629a2a01c0e14.wav","mime":"audio\/x-wav","copyright":{"license":"U"}}]},{"text":" \u0414\u0436\u043e\u0434\u0436\u043e ","startDuration":"1.1359","endDuration":"1.6020","wordfile":[{"path":"audios\/wordfile-629a2a305c8fb.wav","mime":"audio\/x-wav","copyright":{"license":"U"}}]},{"text":" \u043d\u0435\u0432\u0438\u0441\u043e\u043a\u0438\u0439. ","startDuration":"1.6030","endDuration":"2.7546","wordfile":[{"path":"audios\/wordfile-629a2a7619bd7.wav","mime":"audio\/x-wav","copyright":{"license":"U"}}]},{"text":" \u0414\u0436\u043e\u0434\u0436\u043e ","startDuration":"2.9653","endDuration":"3.8265","wordfile":[{"path":"audios\/wordfile-629a2ab3e6b7e.wav","mime":"audio\/x-wav","copyright":{"license":"U"}}]},{"text":" \u043d\u0430\u0439\u043d\u0438\u0436\u0447\u0438\u0439. ","startDuration":"3.8275","endDuration":"5.0160","wordfile":[{"path":"audios\/wordfile-629a2aca459b3.wav","mime":"audio\/x-wav","copyright":{"license":"U"}}]}]},"metadata":{"contentType":"Curious Reader Audio","license":"U","title":"Untitled Curious Reader Audio"},"subContentId":"f1e42a38-64f7-4c96-818b-ade3af9d2e83"},"backgroundOpacity":0,"willDoAnimation":false,"animationType":"glow","displayAsButton":false,"buttonSize":"big","goToSlideType":"specified","invisible":false}],"slideBackgroundSelector":{}},{"elements":[{"x":16.228976034858388,"y":6.47334051724138,"width":32.6797385620915,"height":90.51724137931035,"action":{"library":"H5P.Image 1.1","params":{"contentName":"Image","file":{"path":"images\/file-620d8cddb99ae.jpg","mime":"image\/jpeg","copyright":{"license":"U"},"width":479,"height":687}},"metadata":{"contentType":"Image","license":"U","title":"Untitled Image"},"subContentId":"b0a958ff-98a9-43bb-a0f2-0d435e39a16f"},"backgroundOpacity":0,"willDoAnimation":false,"animationType":"glow","displayAsButton":false,"buttonSize":"big","goToSlideType":"specified","invisible":false},{"x":51.506024096385545,"y":23.80952380952381,"width":42.16867469879518,"height":59.523809523809526,"action":{"library":"H5P.CRAdvancedText 1.1","params":{"text":"<p style=\"text-align: center;\"><span style=\"font-size:2.25em;\">\u0414\u0436\u043e\u0434\u0436\u043e \u0437\u043d\u0430\u0445\u043e\u0434\u0438\u0442\u044c \u043c\u043e\u0457 \u043a\u0430\u043f\u0446\u0456 \u043f\u0456\u0434 \u0441\u0442\u043e\u043b\u043e\u043c.<\/span><\/p>\n"},"metadata":{"contentType":"Text","license":"U","title":"Untitled Text"},"subContentId":"2efc4ee0-82fe-40bb-ab9a-bb7ccc93edf6"},"alwaysDisplayComments":false,"backgroundOpacity":0,"willDoAnimation":false,"animationType":"glow","displayAsButton":false,"buttonSize":"big","goToSlideType":"specified","invisible":false,"solution":""},{"x":47.00255102040816,"y":43.95465994962216,"width":40,"height":40,"action":{"library":"H5P.CRAudio 1.4","params":{"fitToWrapper":true,"currIndex":12,"playerMode":"minimalistic","controls":true,"autoplay":true,"playAudio":"Play audio","pauseAudio":"Pause audio","contentName":"Audio","glowColor":"#ffd85a","files":[{"path":"audios\/files-629a1663e9c07.wav","mime":"audio\/x-wav","copyright":{"license":"U"}}],"timeStampForEachText":[{"text":" \u0414\u0436\u043e\u0434\u0436\u043e ","startDuration":"0.0000","endDuration":"0.7055","wordfile":[{"path":"audios\/wordfile-629a2b30cca15.wav","mime":"audio\/x-wav","copyright":{"license":"U"}}]},{"text":" \u0437\u043d\u0430\u0445\u043e\u0434\u0438\u0442\u044c ","startDuration":"0.7065","endDuration":"1.3058","wordfile":[{"path":"audios\/wordfile-629a2b4255f11.wav","mime":"audio\/x-wav","copyright":{"license":"U"}}]},{"text":" \u043c\u043e\u0457 ","startDuration":"1.3068","endDuration":"1.6483","wordfile":[{"path":"audios\/wordfile-629a2b85a9d70.wav","mime":"audio\/x-wav","copyright":{"license":"U"}}]},{"text":" \u043a\u0430\u043f\u0446\u0456 ","startDuration":"1.6493","endDuration":"2.1728","wordfile":[{"path":"audios\/wordfile-629a2bb199f11.wav","mime":"audio\/x-wav","copyright":{"license":"U"}}]},{"text":" \u043f\u0456\u0434 ","startDuration":"2.1738","endDuration":"2.3790","wordfile":[{"path":"audios\/wordfile-629a2bd944597.wav","mime":"audio\/x-wav","copyright":{"license":"U"}}]},{"text":" \u0441\u0442\u043e\u043b\u043e\u043c. ","startDuration":"2.3798","endDuration":"3.1440","wordfile":[{"path":"audios\/wordfile-629a2c4424000.wav","mime":"audio\/x-wav","copyright":{"license":"U"}}]}]},"metadata":{"contentType":"Curious Reader Audio","license":"U","title":"Untitled Curious Reader Audio"},"subContentId":"33440f7a-81bc-42b2-828f-8e8130c4de59"},"backgroundOpacity":0,"willDoAnimation":false,"animationType":"glow","displayAsButton":false,"buttonSize":"big","goToSlideType":"specified","invisible":false},{"x":33.035714285714285,"y":63.224181360201506,"width":16.709183673469386,"height":19.395465994962215,"action":{"library":"H5P.Image 1.1","params":{"contentName":"Image"},"metadata":{"contentType":"Image","license":"U","title":"Untitled Image"},"subContentId":"dd137523-acc5-419e-9b33-630468607388"},"backgroundOpacity":0,"willDoAnimation":true,"animationType":"glow","displayAsButton":false,"buttonSize":"big","goToSlideType":"specified","invisible":false,"id":"img33440f7a-81bc-42b2-828f-8e8130c4de59_0"},{"x":33.41836734693877,"y":73.04785894206549,"width":4.719387755102041,"height":9.571788413098236,"action":{"library":"H5P.Image 1.1","params":{"contentName":"Image"},"metadata":{"contentType":"Image","license":"U","title":"Untitled Image"},"subContentId":"100b3bac-38c3-401f-abed-fa26007212fc"},"backgroundOpacity":0,"willDoAnimation":true,"animationType":"glow","displayAsButton":false,"buttonSize":"big","goToSlideType":"specified","invisible":false,"id":"img33440f7a-81bc-42b2-828f-8e8130c4de59_3"}],"slideBackgroundSelector":{}},{"elements":[{"x":15.247167755991283,"y":6.47334051724138,"width":32.6797385620915,"height":90.30172413793105,"action":{"library":"H5P.Image 1.1","params":{"contentName":"Image","file":{"path":"images\/file-620d8d0a066ff.jpg","mime":"image\/jpeg","copyright":{"license":"U"},"width":479,"height":687}},"metadata":{"contentType":"Image","license":"U","title":"Untitled Image"},"subContentId":"89d672ca-d3ad-478d-bb23-9297f0787395"},"backgroundOpacity":0,"willDoAnimation":false,"animationType":"glow","displayAsButton":false,"buttonSize":"big","goToSlideType":"specified","invisible":false},{"x":48.19277108433735,"y":26.808958333333333,"width":48.19277108433735,"height":59.523809523809526,"action":{"library":"H5P.CRAdvancedText 1.1","params":{"text":"<p style=\"text-align: center;\"><span style=\"font-size:2.25em;\">\u0425\u0430-\u0445\u0430! \u0414\u0436\u043e\u0434\u0436\u043e - \u043d\u0435\u0432\u0438\u0441\u043e\u043a\u0438\u0439. \u0414\u0436\u043e\u0434\u0436\u043e - \u043d\u0430\u0439\u043d\u0438\u0436\u0447\u0438\u0439.<\/span><\/p>\n"},"metadata":{"contentType":"Text","license":"U","title":"Untitled Text"},"subContentId":"310dd62d-00d2-4d5f-9a84-911295fee36d"},"alwaysDisplayComments":false,"backgroundOpacity":0,"willDoAnimation":false,"animationType":"glow","displayAsButton":false,"buttonSize":"big","goToSlideType":"specified","invisible":false,"solution":""},{"x":47.00255102040816,"y":43.95465994962216,"width":40,"height":40,"action":{"library":"H5P.CRAudio 1.4","params":{"fitToWrapper":true,"currIndex":13,"playerMode":"minimalistic","controls":true,"autoplay":true,"playAudio":"Play audio","pauseAudio":"Pause audio","contentName":"Audio","glowColor":"#ffd85a","files":[{"path":"audios\/files-629a16b276686.wav","mime":"audio\/x-wav","copyright":{"license":"U"}}],"timeStampForEachText":[{"text":" \u0425\u0430\u0445\u0430! ","startDuration":"0.0000","endDuration":"0.8512","wordfile":[{"path":"audios\/wordfile-629a2c9683650.wav","mime":"audio\/x-wav","copyright":{"license":"U"}}]},{"text":" \u0414\u0436\u043e\u0434\u0436\u043e ","startDuration":"0.8821","endDuration":"1.7184","wordfile":[{"path":"audios\/wordfile-629a2cb676d04.wav","mime":"audio\/x-wav","copyright":{"license":"U"}}]},{"text":" \u043d\u0435\u0432\u0438\u0441\u043e\u043a\u0438\u0439. ","startDuration":"1.7194","endDuration":"2.8027","wordfile":[{"path":"audios\/wordfile-629a2cdbefb21.wav","mime":"audio\/x-wav","copyright":{"license":"U"}}]},{"text":" \u0414\u0436\u043e\u0434\u0436\u043e ","startDuration":"2.8037","endDuration":"3.6475","wordfile":[{"path":"audios\/wordfile-629a2d07efaa1.wav","mime":"audio\/x-wav","copyright":{"license":"U"}}]},{"text":" \u043d\u0430\u0439\u043d\u0438\u0436\u0447\u0438\u0439. ","startDuration":"3.6485","endDuration":"4.6560","wordfile":[{"path":"audios\/wordfile-629a2d1e16cfc.wav","mime":"audio\/x-wav","copyright":{"license":"U"}}]}]},"metadata":{"contentType":"Curious Reader Audio","license":"U","title":"Untitled Curious Reader Audio"},"subContentId":"788272c7-e026-499a-a2d0-d20b24f28a68"},"backgroundOpacity":0,"willDoAnimation":false,"animationType":"glow","displayAsButton":false,"buttonSize":"big","goToSlideType":"specified","invisible":false},{"x":30.612244897959183,"y":62.9367758186398,"width":11.096938775510205,"height":19.395465994962215,"action":{"library":"H5P.Image 1.1","params":{"contentName":"Image"},"metadata":{"contentType":"Image","license":"U","title":"Untitled Image"},"subContentId":"9536c634-969a-42c0-b59b-9256f34b2037"},"backgroundOpacity":0,"willDoAnimation":true,"animationType":"glow","displayAsButton":false,"buttonSize":"big","goToSlideType":"specified","invisible":false,"id":"img788272c7-e026-499a-a2d0-d20b24f28a68_1"}],"slideBackgroundSelector":{}},{"elements":[{"x":14.159041394335512,"y":7.847370689655173,"width":35.83877995642702,"height":89.00862068965517,"action":{"library":"H5P.Image 1.1","params":{"contentName":"Image","file":{"path":"images\/file-620d8d312228a.jpg","mime":"image\/jpeg","copyright":{"license":"U"},"width":479,"height":687}},"metadata":{"contentType":"Image","license":"U","title":"Untitled Image"},"subContentId":"e767bcfd-f9ac-468c-afd5-1d15bc90d6b7"},"backgroundOpacity":0,"willDoAnimation":false,"animationType":"glow","displayAsButton":false,"buttonSize":"big","goToSlideType":"specified","invisible":false},{"x":52.71084337349398,"y":23.80952380952381,"width":40.66265060240964,"height":59.523809523809526,"action":{"library":"H5P.CRAdvancedText 1.1","params":{"text":"<p style=\"text-align: center;\"><span style=\"font-size:2.25em;\">\u0422\u0430\u043a! \u0414\u0436\u043e\u0434\u0436\u043e \u043d\u0438\u0436\u0447\u0438\u0439 \u0437\u0430 \u043c\u0435\u043d\u0435. \u042f \u0432\u0438\u0449\u0438\u0439 \u0437\u0430 \u0414\u0436\u043e\u0434\u0436\u043e.<\/span><\/p>\n"},"metadata":{"contentType":"Text","license":"U","title":"Untitled Text"},"subContentId":"39cedf09-b96c-4342-b744-bd04d9bc599f"},"alwaysDisplayComments":false,"backgroundOpacity":0,"willDoAnimation":false,"animationType":"glow","displayAsButton":false,"buttonSize":"big","goToSlideType":"specified","invisible":false,"solution":""},{"x":47.00255102040816,"y":43.95465994962216,"width":40,"height":40,"action":{"library":"H5P.CRAudio 1.4","params":{"fitToWrapper":true,"currIndex":14,"playerMode":"minimalistic","controls":true,"autoplay":true,"playAudio":"Play audio","pauseAudio":"Pause audio","contentName":"Audio","glowColor":"#ffd85a","files":[{"path":"audios\/files-629a16fd07ddd.wav","mime":"audio\/x-wav","copyright":{"license":"U"}}],"timeStampForEachText":[{"text":" \u0422\u0430\u043a! ","startDuration":"0.0000","endDuration":"0.6896","wordfile":[{"path":"audios\/wordfile-629a2d8e9d8a9.wav","mime":"audio\/x-wav","copyright":{"license":"U"}}]},{"text":" \u0414\u0436\u043e\u0434\u0436\u043e ","startDuration":"0.6906","endDuration":"1.5888","wordfile":[{"path":"audios\/wordfile-629a2dbc4aef0.wav","mime":"audio\/x-wav","copyright":{"license":"U"}}]},{"text":" \u043d\u0438\u0436\u0447\u0438\u0439 ","startDuration":"1.5898","endDuration":"2.0065","wordfile":[{"path":"audios\/wordfile-629a2e013a42d.wav","mime":"audio\/x-wav","copyright":{"license":"U"}}]},{"text":" \u0437\u0430 ","startDuration":"2.0075","endDuration":"2.2075","wordfile":[{"path":"audios\/wordfile-629a2e12b773b.wav","mime":"audio\/x-wav","copyright":{"license":"U"}}]},{"text":" \u043c\u0435\u043d\u0435. ","startDuration":"2.2085","endDuration":"2.8740","wordfile":[{"path":"audios\/wordfile-629a2e29d9de6.wav","mime":"audio\/x-wav","copyright":{"license":"U"}}]},{"text":" \u042f ","startDuration":"3.1318","endDuration":"3.7251","wordfile":[{"path":"audios\/wordfile-629a2e4c4300e.wav","mime":"audio\/x-wav","copyright":{"license":"U"}}]},{"text":" \u0432\u0438\u0449\u0438\u0439 ","startDuration":"3.7261","endDuration":"4.1588","wordfile":[{"path":"audios\/wordfile-629a2e6d5bad9.wav","mime":"audio\/x-wav","copyright":{"license":"U"}}]},{"text":" \u0437\u0430 ","startDuration":"4.1598","endDuration":"4.4080","wordfile":[{"path":"audios\/wordfile-629a2e8896be0.wav","mime":"audio\/x-wav","copyright":{"license":"U"}}]},{"text":" \u0414\u0436\u043e\u0434\u0436\u043e. ","startDuration":"4.4090","endDuration":"4.9920","wordfile":[{"path":"audios\/wordfile-629a2e9f29abe.wav","mime":"audio\/x-wav","copyright":{"license":"U"}}]}]},"metadata":{"contentType":"Curious Reader Audio","license":"U","title":"Untitled Curious Reader Audio"},"subContentId":"e9c9afdd-6092-4b0a-8e0a-8c4338d37126"},"backgroundOpacity":0,"willDoAnimation":false,"animationType":"glow","displayAsButton":false,"buttonSize":"big","goToSlideType":"specified","invisible":false},{"x":17.857142857142858,"y":57.9345088161209,"width":16.198979591836736,"height":31.989924433249367,"action":{"library":"H5P.Image 1.1","params":{"contentName":"Image"},"metadata":{"contentType":"Image","license":"U","title":"Untitled Image"},"subContentId":"f2d22825-f2fd-405c-8a69-c0c1ebecd2f3"},"backgroundOpacity":0,"willDoAnimation":true,"animationType":"glow","displayAsButton":false,"buttonSize":"big","goToSlideType":"specified","invisible":false,"id":"imge9c9afdd-6092-4b0a-8e0a-8c4338d37126_1"}],"slideBackgroundSelector":{}},{"elements":[{"x":13.832270408163264,"y":6.468438287153652,"width":34.43877551020408,"height":90.42821158690175,"action":{"library":"H5P.Image 1.1","params":{"contentName":"Image","file":{"path":"images\/file-620d8d58bb16b.jpg","mime":"image\/jpeg","copyright":{"license":"U"},"width":639,"height":918}},"metadata":{"contentType":"Image","license":"U","title":"Untitled Image"},"subContentId":"04bd3f8e-9a22-417f-8446-3b35b45f2017"},"backgroundOpacity":0,"willDoAnimation":false,"animationType":"glow","displayAsButton":false,"buttonSize":"big","goToSlideType":"specified","invisible":false},{"x":48.19277108433735,"y":35.77023809523809,"width":48.19277108433735,"height":47.61904761904762,"action":{"library":"H5P.CRAdvancedText 1.1","params":{"text":"<p style=\"text-align: center;\"><span style=\"font-size:2.25em;\">\u0411\u0440\u0430\u0442 \u0432\u0438\u0441\u043e\u043a\u0438\u0439. \u0410 \u044f \u043d\u0438\u0436\u0447\u0438\u0439 \u0437\u0430 \u0441\u0432\u043e\u0433\u043e \u0431\u0440\u0430\u0442\u0430.<\/span><\/p>\n"},"metadata":{"contentType":"Text","license":"U","title":"Untitled Text"},"subContentId":"b00aa312-f8c8-4f22-9029-c4157e853a0b"},"alwaysDisplayComments":false,"backgroundOpacity":0,"willDoAnimation":false,"animationType":"glow","displayAsButton":false,"buttonSize":"big","goToSlideType":"specified","invisible":false,"solution":""},{"x":47.00255102040816,"y":43.95465994962216,"width":40,"height":40,"action":{"library":"H5P.CRAudio 1.4","params":{"fitToWrapper":true,"currIndex":15,"playerMode":"minimalistic","controls":true,"autoplay":true,"playAudio":"Play audio","pauseAudio":"Pause audio","contentName":"Audio","glowColor":"#ffd85a","files":[{"path":"audios\/files-629a174a8d195.wav","mime":"audio\/x-wav","copyright":{"license":"U"}}],"timeStampForEachText":[{"text":" \u0411\u0440\u0430\u0442 ","startDuration":"0.0000","endDuration":"0.5268","wordfile":[{"path":"audios\/wordfile-629a2f0e952d5.wav","mime":"audio\/x-wav","copyright":{"license":"U"}}]},{"text":" \u0432\u0438\u0441\u043e\u043a\u0438\u0439. ","startDuration":"0.5278","endDuration":"1.4171","wordfile":[{"path":"audios\/wordfile-629a2f1c97aa2.wav","mime":"audio\/x-wav","copyright":{"license":"U"}}]},{"text":" ","startDuration":"1.4181","endDuration":"1.7904","wordfile":[{"path":"audios\/wordfile-629a2f41959e7.wav","mime":"audio\/x-wav","copyright":{"license":"U"}}]},{"text":" \u044f ","startDuration":"1.7914","endDuration":"2.0152","wordfile":[{"path":"audios\/wordfile-629a2f5fdffd0.wav","mime":"audio\/x-wav","copyright":{"license":"U"}}]},{"text":" \u043d\u0438\u0436\u0447\u0438\u0439 ","startDuration":"2.0158","endDuration":"2.4717","wordfile":[{"path":"audios\/wordfile-629a2fa558910.wav","mime":"audio\/x-wav","copyright":{"license":"U"}}]},{"text":" \u0437\u0430 ","startDuration":"2.4727","endDuration":"2.6311","wordfile":[{"path":"audios\/wordfile-629a2fc23d14e.wav","mime":"audio\/x-wav","copyright":{"license":"U"}}]},{"text":" \u0441\u0432\u043e\u0433\u043e ","startDuration":"2.6321","endDuration":"3.0936","wordfile":[{"path":"audios\/wordfile-629a2fdea173c.wav","mime":"audio\/x-wav","copyright":{"license":"U"}}]},{"text":" \u0431\u0440\u0430\u0442\u0430. ","startDuration":"3.0946","endDuration":"3.6960","wordfile":[{"path":"audios\/wordfile-629a3005ecb51.wav","mime":"audio\/x-wav","copyright":{"license":"U"}}]}]},"metadata":{"contentType":"Curious Reader Audio","license":"U","title":"Untitled Curious Reader Audio"},"subContentId":"f1475f87-77e9-4811-9106-d7830021e20b"},"backgroundOpacity":0,"willDoAnimation":false,"animationType":"glow","displayAsButton":false,"buttonSize":"big","goToSlideType":"specified","invisible":false},{"x":30.102040816326532,"y":11.58690176322418,"width":13.64795918367347,"height":42.06549118387909,"action":{"library":"H5P.Image 1.1","params":{"contentName":"Image"},"metadata":{"contentType":"Image","license":"U","title":"Untitled Image"},"subContentId":"28525d64-64c2-4754-8fde-1e9cbbba7d9c"},"backgroundOpacity":0,"willDoAnimation":true,"animationType":"glow","displayAsButton":false,"buttonSize":"big","goToSlideType":"specified","invisible":false,"id":"imgf1475f87-77e9-4811-9106-d7830021e20b_0"}],"slideBackgroundSelector":{}},{"elements":[{"x":14.161220043572985,"y":6.4655172413793105,"width":35.947712418300654,"height":90.73275862068967,"action":{"library":"H5P.Image 1.1","params":{"contentName":"Image","file":{"path":"images\/file-620d8da1ca430.jpg","mime":"image\/jpeg","copyright":{"license":"U"},"width":479,"height":687}},"metadata":{"contentType":"Image","license":"U","title":"Untitled Image"},"subContentId":"60e40c47-4d45-4d74-8969-9c409aee425a"},"backgroundOpacity":0,"willDoAnimation":false,"animationType":"glow","displayAsButton":false,"buttonSize":"big","goToSlideType":"specified","invisible":false},{"x":52.71084337349398,"y":26.78571428571429,"width":40.66265060240964,"height":59.523809523809526,"action":{"library":"H5P.CRAdvancedText 1.1","params":{"text":"<p style=\"text-align: center;\"><span style=\"font-size:2.25em;\">\u041c\u043e\u044f \u0441\u0435\u0441\u0442\u0440\u0430 \u0432\u0438\u0441\u043e\u043a\u0430. \u041c\u0456\u0439 \u0431\u0440\u0430\u0442 \u043d\u0438\u0436\u0447\u0438\u0439 \u0437\u0430 \u043c\u043e\u044e \u0441\u0435\u0441\u0442\u0440\u0443.<\/span><\/p>\n"},"metadata":{"contentType":"Text","license":"U","title":"Untitled Text"},"subContentId":"40505f01-196a-41bf-aa85-9622c5c2a3ad"},"alwaysDisplayComments":false,"backgroundOpacity":0,"willDoAnimation":false,"animationType":"glow","displayAsButton":false,"buttonSize":"big","goToSlideType":"specified","invisible":false,"solution":""},{"x":47.00255102040816,"y":43.95465994962216,"width":40,"height":40,"action":{"library":"H5P.CRAudio 1.4","params":{"fitToWrapper":true,"currIndex":16,"playerMode":"minimalistic","controls":true,"autoplay":true,"playAudio":"Play audio","pauseAudio":"Pause audio","contentName":"Audio","glowColor":"#ffd85a","files":[{"path":"audios\/files-629a17c08b937.wav","mime":"audio\/x-wav","copyright":{"license":"U"}}],"timeStampForEachText":[{"text":" \u041c\u043e\u044f ","startDuration":"0.0000","endDuration":"0.4141","wordfile":[{"path":"audios\/wordfile-629a304061a16.wav","mime":"audio\/x-wav","copyright":{"license":"U"}}]},{"text":" \u0441\u0435\u0441\u0442\u0440\u0430 ","startDuration":"0.4151","endDuration":"0.9363","wordfile":[{"path":"audios\/wordfile-629a306390b5d.wav","mime":"audio\/x-wav","copyright":{"license":"U"}}]},{"text":" \u0432\u0438\u0441\u043e\u043a\u0430. ","startDuration":"0.9373","endDuration":"1.8725","wordfile":[{"path":"audios\/wordfile-629a308297654.wav","mime":"audio\/x-wav","copyright":{"license":"U"}}]},{"text":" \u041c\u0456\u0439 ","startDuration":"2.0948","endDuration":"2.5732","wordfile":[{"path":"audios\/wordfile-629a30b0665e6.wav","mime":"audio\/x-wav","copyright":{"license":"U"}}]},{"text":" \u0431\u0440\u0430\u0442 ","startDuration":"2.5742","endDuration":"2.8527","wordfile":[{"path":"audios\/wordfile-629a30c7563c8.wav","mime":"audio\/x-wav","copyright":{"license":"U"}}]},{"text":" \u043d\u0438\u0436\u0447\u0438\u0439 ","startDuration":"2.8537","endDuration":"3.3392","wordfile":[{"path":"audios\/wordfile-629a30dd2ce9d.wav","mime":"audio\/x-wav","copyright":{"license":"U"}}]},{"text":" \u0437\u0430 ","startDuration":"3.3402","endDuration":"3.5402","wordfile":[{"path":"audios\/wordfile-629a30f94cdd4.wav","mime":"audio\/x-wav","copyright":{"license":"U"}}]},{"text":" \u043c\u043e\u044e ","startDuration":"3.5412","endDuration":"3.7555","wordfile":[{"path":"audios\/wordfile-629a3125cd9de.wav","mime":"audio\/x-wav","copyright":{"license":"U"}}]},{"text":" \u0441\u0435\u0441\u0442\u0440\u0443. ","startDuration":"3.7565","endDuration":"4.4400","wordfile":[{"path":"audios\/wordfile-629a31449161d.wav","mime":"audio\/x-wav","copyright":{"license":"U"}}]}]},"metadata":{"contentType":"Curious Reader Audio","license":"U","title":"Untitled Curious Reader Audio"},"subContentId":"7ebde2e0-f7c3-46df-9f5c-a52bec61c75d"},"backgroundOpacity":0,"willDoAnimation":false,"animationType":"glow","displayAsButton":false,"buttonSize":"big","goToSlideType":"specified","invisible":false},{"x":35.714285714285715,"y":15.105491183879094,"width":11.096938775510205,"height":40.050377833753146,"action":{"library":"H5P.Image 1.1","params":{"contentName":"Image"},"metadata":{"contentType":"Image","license":"U","title":"Untitled Image"},"subContentId":"3c8f387d-60dc-4a32-8719-de4445171885"},"backgroundOpacity":0,"willDoAnimation":true,"animationType":"glow","displayAsButton":false,"buttonSize":"big","goToSlideType":"specified","invisible":false,"id":"img7ebde2e0-f7c3-46df-9f5c-a52bec61c75d_4"},{"x":18.367346938775512,"y":9.319899244332493,"width":11.096938775510205,"height":69.77329974811083,"action":{"library":"H5P.Image 1.1","params":{"contentName":"Image"},"metadata":{"contentType":"Image","license":"U","title":"Untitled Image"},"subContentId":"bc3b1e5a-f29a-45f0-9041-3f42dc72deb3"},"backgroundOpacity":0,"willDoAnimation":true,"animationType":"glow","displayAsButton":false,"buttonSize":"big","goToSlideType":"specified","invisible":false,"id":"img7ebde2e0-f7c3-46df-9f5c-a52bec61c75d_1"}],"slideBackgroundSelector":{}},{"elements":[{"x":14.596949891067538,"y":5.603448275862069,"width":34.85838779956427,"height":91.16379310344828,"action":{"library":"H5P.Image 1.1","params":{"contentName":"Image","file":{"path":"images\/file-620d8dcd7ce8c.jpg","mime":"image\/jpeg","copyright":{"license":"U"},"width":479,"height":687}},"metadata":{"contentType":"Image","license":"U","title":"Untitled Image"},"subContentId":"74592e07-1d40-4cfc-8d4f-dc0d059d43f9"},"backgroundOpacity":0,"willDoAnimation":false,"animationType":"glow","displayAsButton":false,"buttonSize":"big","goToSlideType":"specified","invisible":false},{"x":49.6987951807229,"y":23.80952380952381,"width":46.68674698795181,"height":59.523809523809526,"action":{"library":"H5P.CRAdvancedText 1.1","params":{"text":"<p style=\"text-align: center;\"><span style=\"font-size:2.25em;\">\u041c\u043e\u044f \u0441\u0435\u0441\u0442\u0440\u0430 \u043d\u0435\u0432\u0438\u0441\u043e\u043a\u0430. \u041c\u043e\u044f \u043c\u0430\u043c\u0430 \u0432\u0438\u0449\u0430 \u0437\u0430 \u043c\u043e\u044e \u0441\u0435\u0441\u0442\u0440\u0443.<\/span><\/p>\n"},"metadata":{"contentType":"Text","license":"U","title":"Untitled Text"},"subContentId":"92ba9eab-d1d6-4076-8fec-e22df4b24868"},"alwaysDisplayComments":false,"backgroundOpacity":0,"willDoAnimation":false,"animationType":"glow","displayAsButton":false,"buttonSize":"big","goToSlideType":"specified","invisible":false,"solution":""},{"x":47.00255102040816,"y":43.95465994962216,"width":40,"height":40,"action":{"library":"H5P.CRAudio 1.4","params":{"fitToWrapper":true,"currIndex":17,"playerMode":"minimalistic","controls":true,"autoplay":true,"playAudio":"Play audio","pauseAudio":"Pause audio","contentName":"Audio","glowColor":"#ffd85a","files":[{"path":"audios\/files-629a180c14e5e.wav","mime":"audio\/x-wav","copyright":{"license":"U"}}],"timeStampForEachText":[{"text":" \u041c\u043e\u044f ","startDuration":"0.0000","endDuration":"0.4840","wordfile":[{"path":"audios\/wordfile-629a3189c04ed.wav","mime":"audio\/x-wav","copyright":{"license":"U"}}]},{"text":" \u0441\u0435\u0441\u0442\u0440\u0430 ","startDuration":"0.4850","endDuration":"0.9761","wordfile":[{"path":"audios\/wordfile-629a31ab867ee.wav","mime":"audio\/x-wav","copyright":{"license":"U"}}]},{"text":" \u043d\u0435\u0432\u0438\u0441\u043e\u043a\u0430. ","startDuration":"0.9771","endDuration":"1.9723","wordfile":[{"path":"audios\/wordfile-629a31c713af0.wav","mime":"audio\/x-wav","copyright":{"license":"U"}}]},{"text":" \u041c\u043e\u044f ","startDuration":"2.0372","endDuration":"2.5283","wordfile":[{"path":"audios\/wordfile-629a31e0d0fbd.wav","mime":"audio\/x-wav","copyright":{"license":"U"}}]},{"text":" \u043c\u0430\u043c\u0430 ","startDuration":"2.5293","endDuration":"2.8642","wordfile":[{"path":"audios\/wordfile-629a32145bba8.wav","mime":"audio\/x-wav","copyright":{"license":"U"}}]},{"text":" \u0432\u0438\u0449\u0430 ","startDuration":"2.8652","endDuration":"3.2569","wordfile":[{"path":"audios\/wordfile-629a323ce1abf.wav","mime":"audio\/x-wav","copyright":{"license":"U"}}]},{"text":" \u0437\u0430 ","startDuration":"3.2579","endDuration":"3.4579","wordfile":[{"path":"audios\/wordfile-629a325e3b843.wav","mime":"audio\/x-wav","copyright":{"license":"U"}}]},{"text":" \u043c\u043e\u044e ","startDuration":"3.4589","endDuration":"3.6944","wordfile":[{"path":"audios\/wordfile-629a3284d6bc9.wav","mime":"audio\/x-wav","copyright":{"license":"U"}}]},{"text":" \u0441\u0435\u0441\u0442\u0440\u0443. ","startDuration":"3.6954","endDuration":"4.4160","wordfile":[{"path":"audios\/wordfile-629a329d955d4.wav","mime":"audio\/x-wav","copyright":{"license":"U"}}]}]},"metadata":{"contentType":"Curious Reader Audio","license":"U","title":"Untitled Curious Reader Audio"},"subContentId":"997f1707-cd6a-41e8-b34c-2dd2727480fa"},"backgroundOpacity":0,"willDoAnimation":false,"animationType":"glow","displayAsButton":false,"buttonSize":"big","goToSlideType":"specified","invisible":false},{"x":16.581632653061224,"y":25.1495717884131,"width":11.096938775510205,"height":62.216624685138534,"action":{"library":"H5P.Image 1.1","params":{"contentName":"Image"},"metadata":{"contentType":"Image","license":"U","title":"Untitled Image"},"subContentId":"571b72ce-e655-4b1b-80ea-fd2ec7ee8c8c"},"backgroundOpacity":0,"willDoAnimation":true,"animationType":"glow","displayAsButton":false,"buttonSize":"big","goToSlideType":"specified","invisible":false,"id":"img997f1707-cd6a-41e8-b34c-2dd2727480fa_1"},{"x":23.596938775510203,"y":15.605314861460956,"width":11.096938775510205,"height":31.989924433249367,"action":{"library":"H5P.Image 1.1","params":{"contentName":"Image"},"metadata":{"contentType":"Image","license":"U","title":"Untitled Image"},"subContentId":"d9561e4a-4e05-43ee-bd1f-5c6298fa035b"},"backgroundOpacity":0,"willDoAnimation":true,"animationType":"glow","displayAsButton":false,"buttonSize":"big","goToSlideType":"specified","invisible":false,"id":"img997f1707-cd6a-41e8-b34c-2dd2727480fa_4"}],"slideBackgroundSelector":{}},{"elements":[{"x":13.069005102040816,"y":6.468438287153652,"width":35.714285714285715,"height":90.6801007556675,"action":{"library":"H5P.Image 1.1","params":{"contentName":"Image","file":{"path":"images\/file-620d8e258bed1.jpg","mime":"image\/jpeg","copyright":{"license":"U"},"width":479,"height":687}},"metadata":{"contentType":"Image","license":"U","title":"Untitled Image"},"subContentId":"bf6b3186-5b89-4ff3-9612-1418d24637a7"},"backgroundOpacity":0,"willDoAnimation":false,"animationType":"glow","displayAsButton":false,"buttonSize":"big","goToSlideType":"specified","invisible":false},{"x":49.6987951807229,"y":35.78392857142857,"width":46.68674698795181,"height":44.642857142857146,"action":{"library":"H5P.CRAdvancedText 1.1","params":{"text":"<p style=\"text-align: center;\"><span style=\"font-size:2.25em;\">\u041c\u0430\u043c\u0430 \u043d\u0435\u0432\u0438\u0441\u043e\u043a\u0430. \u0422\u0430\u0442\u043e \u0432\u0438\u0449\u0438\u0439 \u0437\u0430 \u043c\u0430\u043c\u0443.<\/span><\/p>\n"},"metadata":{"contentType":"Text","license":"U","title":"Untitled Text"},"subContentId":"ef36c518-73f4-43db-8cda-d2cb2720d30c"},"alwaysDisplayComments":false,"backgroundOpacity":0,"willDoAnimation":false,"animationType":"glow","displayAsButton":false,"buttonSize":"big","goToSlideType":"specified","invisible":false,"solution":""},{"x":47.00255102040816,"y":43.95465994962216,"width":40,"height":40,"action":{"library":"H5P.CRAudio 1.4","params":{"fitToWrapper":true,"currIndex":18,"playerMode":"minimalistic","controls":true,"autoplay":true,"playAudio":"Play audio","pauseAudio":"Pause audio","contentName":"Audio","glowColor":"#ffd85a","files":[{"path":"audios\/files-629a1857f3356.wav","mime":"audio\/x-wav","copyright":{"license":"U"}}],"timeStampForEachText":[{"text":" \u041c\u0430\u043c\u0430 ","startDuration":"0.0000","endDuration":"0.6198","wordfile":[{"path":"audios\/wordfile-629a32db1ec88.wav","mime":"audio\/x-wav","copyright":{"license":"U"}}]},{"text":" \u043d\u0435\u0432\u0438\u0441\u043e\u043a\u0430. ","startDuration":"0.6203","endDuration":"1.6970","wordfile":[{"path":"audios\/wordfile-629a33044cf9e.wav","mime":"audio\/x-wav","copyright":{"license":"U"}}]},{"text":" \u0422\u0430\u0442\u043e ","startDuration":"1.8462","endDuration":"2.6265","wordfile":[{"path":"audios\/wordfile-629a331c4ad77.wav","mime":"audio\/x-wav","copyright":{"license":"U"}}]},{"text":" \u0432\u0438\u0449\u0438\u0439 ","startDuration":"2.6275","endDuration":"3.0559","wordfile":[{"path":"audios\/wordfile-629a333f2583f.wav","mime":"audio\/x-wav","copyright":{"license":"U"}}]},{"text":" \u0437\u0430 ","startDuration":"3.0569","endDuration":"3.2816","wordfile":[{"path":"audios\/wordfile-629a335c583f5.wav","mime":"audio\/x-wav","copyright":{"license":"U"}}]},{"text":" \u043c\u0430\u043c\u0443. ","startDuration":"3.2826","endDuration":"3.8400","wordfile":[{"path":"audios\/wordfile-629a3370a6860.wav","mime":"audio\/x-wav","copyright":{"license":"U"}}]}]},"metadata":{"contentType":"Curious Reader Audio","license":"U","title":"Untitled Curious Reader Audio"},"subContentId":"4ce21d38-77ee-4fb5-8f8b-ee9941779d3e"},"backgroundOpacity":0,"willDoAnimation":false,"animationType":"glow","displayAsButton":false,"buttonSize":"big","goToSlideType":"specified","invisible":false},{"x":16.581632653061224,"y":15.113350125944583,"width":11.096938775510205,"height":31.989924433249367,"action":{"library":"H5P.Image 1.1","params":{"contentName":"Image"},"metadata":{"contentType":"Image","license":"U","title":"Untitled Image"},"subContentId":"12d9fafe-7262-4b13-8967-919f1359dee4"},"backgroundOpacity":0,"willDoAnimation":true,"animationType":"glow","displayAsButton":false,"buttonSize":"big","goToSlideType":"specified","invisible":false,"id":"img4ce21d38-77ee-4fb5-8f8b-ee9941779d3e_0"},{"x":28.571428571428573,"y":8.564231738035264,"width":12.372448979591837,"height":29.72292191435768,"action":{"library":"H5P.Image 1.1","params":{"contentName":"Image"},"metadata":{"contentType":"Image","license":"U","title":"Untitled Image"},"subContentId":"609e593f-425c-4c6f-a45e-3c4692210de5"},"backgroundOpacity":0,"willDoAnimation":true,"animationType":"glow","displayAsButton":false,"buttonSize":"big","goToSlideType":"specified","invisible":false,"id":"img4ce21d38-77ee-4fb5-8f8b-ee9941779d3e_2"}],"slideBackgroundSelector":{}},{"elements":[{"x":13.071023965141611,"y":6.482349137931035,"width":35.83877995642702,"height":90.51724137931035,"action":{"library":"H5P.Image 1.1","params":{"contentName":"Image","file":{"path":"images\/file-620d8e5f7c6e2.jpg","mime":"image\/jpeg","copyright":{"license":"U"},"width":639,"height":918}},"metadata":{"contentType":"Image","license":"U","title":"Untitled Image"},"subContentId":"e85d8338-0d12-4245-9ceb-cc02d0c59251"},"backgroundOpacity":0,"willDoAnimation":false,"animationType":"glow","displayAsButton":false,"buttonSize":"big","goToSlideType":"specified","invisible":false},{"x":51.204819277108435,"y":23.80952380952381,"width":45.18072289156627,"height":59.523809523809526,"action":{"library":"H5P.CRAdvancedText 1.1","params":{"text":"<p style=\"text-align: center;\"><span style=\"font-size:2.25em;\">\u0412 \u043d\u0430\u0448\u0456\u0439 \u0440\u043e\u0434\u0438\u043d\u0456 \u0442\u0430\u0442\u043e \u2013 \u043d\u0430\u0439\u0432\u0438\u0449\u0438\u0439, \u0430 \u0414\u0436\u043e\u0434\u0436\u043e - \u043d\u0430\u0439\u043d\u0438\u0436\u0447\u0438\u0439.<\/span><\/p>\n"},"metadata":{"contentType":"Text","license":"U","title":"Untitled Text"},"subContentId":"c2b229a0-7cb1-4263-a149-f90f8c228871"},"alwaysDisplayComments":false,"backgroundOpacity":0,"willDoAnimation":false,"animationType":"glow","displayAsButton":false,"buttonSize":"big","goToSlideType":"specified","invisible":false,"solution":""},{"x":47.00255102040816,"y":43.95465994962216,"width":40,"height":40,"action":{"library":"H5P.CRAudio 1.4","params":{"fitToWrapper":true,"currIndex":19,"playerMode":"minimalistic","controls":true,"autoplay":true,"playAudio":"Play audio","pauseAudio":"Pause audio","contentName":"Audio","glowColor":"#ffd85a","files":[{"path":"audios\/files-629a194e99da8.wav","mime":"audio\/x-wav","copyright":{"license":"U"}}],"timeStampForEachText":[{"text":" \u0412 ","startDuration":"0.0000","endDuration":"0.2674","wordfile":[{"path":"audios\/wordfile-629a33bf32147.wav","mime":"audio\/x-wav","copyright":{"license":"U"}}]},{"text":" \u043d\u0430\u0448\u0456\u0439 ","startDuration":"0.2684","endDuration":"0.6780","wordfile":[{"path":"audios\/wordfile-629a33eaef94b.wav","mime":"audio\/x-wav","copyright":{"license":"U"}}]},{"text":" \u0440\u043e\u0434\u0438\u043d\u0456 ","startDuration":"0.6790","endDuration":"1.3431","wordfile":[{"path":"audios\/wordfile-629a3409b8ef6.wav","mime":"audio\/x-wav","copyright":{"license":"U"}}]},{"text":" \u0442\u0430\u0442\u043e \u2013 ","startDuration":"1.3441","endDuration":"1.7387","wordfile":[{"path":"audios\/wordfile-629a34258bbfd.wav","mime":"audio\/x-wav","copyright":{"license":"U"}}]},{"text":" \u043d\u0430\u0439\u0432\u0438\u0449\u0438\u0439, ","startDuration":"1.7397","endDuration":"2.7407","wordfile":[{"path":"audios\/wordfile-629a34404a866.wav","mime":"audio\/x-wav","copyright":{"license":"U"}}]},{"text":" \u0430 ","startDuration":"2.7941","endDuration":"3.1812","wordfile":[{"path":"audios\/wordfile-629a34551af88.wav","mime":"audio\/x-wav","copyright":{"license":"U"}}]},{"text":" \u0414\u0436\u043e\u0434\u0436\u043e ","startDuration":"3.1822","endDuration":"3.7265","wordfile":[{"path":"audios\/wordfile-629a3469a52d7.wav","mime":"audio\/x-wav","copyright":{"license":"U"}}]},{"text":" \u043d\u0430\u0439\u043d\u0438\u0436\u0447\u0438\u0439. ","startDuration":"3.7275","endDuration":"4.6560","wordfile":[{"path":"audios\/wordfile-629a3480065af.wav","mime":"audio\/x-wav","copyright":{"license":"U"}}]}]},"metadata":{"contentType":"Curious Reader Audio","license":"U","title":"Untitled Curious Reader Audio"},"subContentId":"4d7a5f26-6c34-48c5-a98c-2cf2b8e36351"},"backgroundOpacity":0,"willDoAnimation":false,"animationType":"glow","displayAsButton":false,"buttonSize":"big","goToSlideType":"specified","invisible":false},{"x":22.448979591836736,"y":7.556675062972292,"width":8.545918367346939,"height":26.952141057934508,"action":{"library":"H5P.Image 1.1","params":{"contentName":"Image"},"metadata":{"contentType":"Image","license":"U","title":"Untitled Image"},"subContentId":"9a514a21-667a-40d1-8166-6a3924d38162"},"backgroundOpacity":0,"willDoAnimation":true,"animationType":"glow","displayAsButton":false,"buttonSize":"big","goToSlideType":"specified","invisible":false,"id":"img4d7a5f26-6c34-48c5-a98c-2cf2b8e36351_3"},{"x":30.73979591836735,"y":64.23173803526448,"width":8.801020408163266,"height":22.41813602015113,"action":{"library":"H5P.Image 1.1","params":{"contentName":"Image"},"metadata":{"contentType":"Image","license":"U","title":"Untitled Image"},"subContentId":"5386cc12-f170-4e0f-b26c-45c749e8f68f"},"backgroundOpacity":0,"willDoAnimation":true,"animationType":"glow","displayAsButton":false,"buttonSize":"big","goToSlideType":"specified","invisible":false,"id":"img4d7a5f26-6c34-48c5-a98c-2cf2b8e36351_6"}],"slideBackgroundSelector":{}},{"slideBackgroundSelector":{"fillSlideBackground":"#510265"},"elements":[{"x":71.42857142857143,"y":5.037783375314861,"width":26.403061224489797,"height":11.335012594458437,"action":{"library":"H5P.Image 1.1","params":{"contentName":"Image","file":{"path":"images\/file-621416dbd21d6.jpg","mime":"image\/jpeg","copyright":{"license":"U"},"width":1024,"height":209}},"metadata":{"contentType":"Image","license":"U","title":"Untitled Image"},"subContentId":"dca461cf-2797-43fc-8235-d1458724dbba"},"backgroundOpacity":0,"willDoAnimation":false,"animationType":"glow","displayAsButton":false,"buttonSize":"big","goToSlideType":"specified","invisible":false},{"x":3.826530612244898,"y":5.0338539042821155,"width":17.857142857142858,"height":13.09823677581864,"action":{"library":"H5P.Image 1.1","params":{"contentName":"Image","file":{"path":"images\/file-621417de42c38.png","mime":"image\/png","copyright":{"license":"U"},"width":1350,"height":505}},"metadata":{"contentType":"Image","license":"U","title":"Untitled Image"},"subContentId":"e53810ff-db6a-457c-935d-dab072652420"},"backgroundOpacity":0,"willDoAnimation":false,"animationType":"glow","displayAsButton":false,"buttonSize":"big","goToSlideType":"specified","invisible":false},{"x":38.052040816326524,"y":5.0338539042821155,"width":24.489795918367346,"height":12.594458438287154,"action":{"library":"H5P.Image 1.1","params":{"contentName":"Image","file":{"path":"images\/file-6214180a8b815.png","mime":"image\/png","copyright":{"license":"U"},"width":814,"height":202}},"metadata":{"contentType":"Image","license":"U","title":"Untitled Image"},"subContentId":"3d16a928-46cf-41e8-bb91-7aad8259e418"},"backgroundOpacity":0,"willDoAnimation":false,"animationType":"glow","displayAsButton":false,"buttonSize":"big","goToSlideType":"specified","invisible":false},{"x":6.475204081632653,"y":22.66413098236776,"width":88.01020408163265,"height":72.29219143576826,"action":{"library":"H5P.CRAdvancedText 1.1","params":{"text":"<h3 style=\"text-align: center;\"><span style=\"font-size:0.75em;\"><span style=\"background-color:#ffffff;\">\"Tall and Short \" credits<\/span><\/span><\/h3>\n\n<h3 style=\"text-align: center;\"><span style=\"font-size:0.75em;\"><span style=\"background-color:#ffffff;\">This work, \u201cTall and Short\u201d, is a derivative of \u201cTall and Short\u201d as translated by Celia Bolam used under CC BY. &nbsp;The \u00a9 for this translation lies with Room to Read, 2015. It is based on the original story: '\u1781\u17d2\u1796\u179f\u17cb\u1793\u17b7\u1784\u1791\u17b6\u1794', by Huy Chheng Rattana. \u00a9 Room to Read, 2015. Some changes were made to this work.<\/span><\/span><\/h3>\n\n<h3 style=\"text-align: center;\"><span style=\"font-size:0.75em;\"><span style=\"background-color:#ffffff;\">\u201cTall and Short\u201d is licensed under CC BY 4.0 by Curious Learning.<\/span><\/span><\/h3>\n\n<h3 style=\"text-align: center;\"><br>\n<span style=\"font-size:0.75em;\"><span style=\"background-color:#ffffff;\">Book builder - Deborah Oduman<\/span><\/span><\/h3>\n"},"metadata":{"contentType":"Text","license":"U","title":"Untitled Text"},"subContentId":"8d8d3374-d294-4681-b51f-66825d72b97e"},"alwaysDisplayComments":false,"backgroundOpacity":0,"willDoAnimation":false,"animationType":"glow","displayAsButton":false,"buttonSize":"big","goToSlideType":"specified","invisible":false,"solution":""}]}],"keywordListEnabled":true,"globalBackgroundSelector":{"fillGlobalBackground":"#fbeffe"},"keywordListAlwaysShow":false,"keywordListAutoHide":false,"keywordListOpacity":90},"override":{"activeSurface":false,"hideSummarySlide":false,"summarySlideSolutionButton":true,"summarySlideRetryButton":true,"enablePrintButton":false,"social":{"showFacebookShare":false,"facebookShare":{"url":"@currentpageurl","quote":"I scored @score out of @maxScore on a task at @currentpageurl."},"showTwitterShare":false,"twitterShare":{"statement":"I scored @score out of @maxScore on a task at @currentpageurl.","url":"@currentpageurl","hashtags":"h5p, course"},"showGoogleShare":false,"googleShareUrl":"@currentpageurl"}},"l10n":{"slide":"Slide","score":"Score","yourScore":"Your Score","maxScore":"Max Score","total":"Total","totalScore":"Total Score","showSolutions":"Show solutions","retry":"Retry","exportAnswers":"Export text","hideKeywords":"Hide sidebar navigation menu","showKeywords":"Show sidebar navigation menu","fullscreen":"Fullscreen","exitFullscreen":"Exit fullscreen","prevSlide":"Previous slide","nextSlide":"Next slide","currentSlide":"Current slide","lastSlide":"Last slide","solutionModeTitle":"Exit solution mode","solutionModeText":"Solution Mode","summaryMultipleTaskText":"Multiple tasks","scoreMessage":"You achieved:","shareFacebook":"Share on Facebook","shareTwitter":"Share on Twitter","shareGoogle":"Share on Google+","summary":"Summary","solutionsButtonTitle":"Show comments","printTitle":"Print","printIngress":"How would you like to print this presentation?","printAllSlides":"Print all slides","printCurrentSlide":"Print current slide","noTitle":"No title","accessibilitySlideNavigationExplanation":"Use left and right arrow to change slide in that direction whenever canvas is selected.","accessibilityCanvasLabel":"Presentation canvas. Use left and right arrow to move between slides.","containsNotCompleted":"@slideName contains not completed interaction","containsCompleted":"@slideName contains completed interaction","slideCount":"Slide @index of @total","containsOnlyCorrect":"@slideName only has correct answers","containsIncorrectAnswers":"@slideName has incorrect answers","shareResult":"Share Result","accessibilityTotalScore":"You got @score of @maxScore points in total","accessibilityEnteredFullscreen":"Entered fullscreen","accessibilityExitedFullscreen":"Exited fullscreen"}}