{"presentation":{"slides":[{"elements":[{"x":22.875816993464053,"y":6.4415268817204305,"width":62.309368191721134,"height":62.36559139784946,"action":{"library":"H5P.Image 1.1","params":{"contentName":"Image","file":{"path":"images\/file-658319096f767.jpg","mime":"image\/jpeg","copyright":{"license":"U"},"width":1024,"height":490}},"subContentId":"e9b86eca-b97e-411f-8ba5-eead3a9fe77c","metadata":{"contentType":"Image","license":"U","title":"Untitled Image"}},"backgroundOpacity":0,"willDoAnimation":false,"animationType":"glow","displayAsButton":false,"buttonSize":"big","goToSlideType":"specified","invisible":false},{"x":15.250255102040816,"y":72.97506297229219,"width":74.10714285714286,"height":25.188916876574307,"action":{"library":"H5P.CRAdvancedText 1.1","params":{"text":"<h2 style=\"text-align: center;\"><span style=\"font-size:1.5em;\">Empologoma edduka n\u2019ente etambula<\/span><\/h2>\n"},"subContentId":"69c7285e-eb82-4919-b262-fd9d1f00fa17","metadata":{"contentType":"Text","license":"U","title":"Untitled Text"}},"alwaysDisplayComments":false,"backgroundOpacity":0,"willDoAnimation":false,"animationType":"glow","displayAsButton":false,"buttonSize":"big","goToSlideType":"specified","invisible":false,"solution":""}],"slideBackgroundSelector":{}},{"elements":[{"x":7.625272331154684,"y":4.301075268817204,"width":38.12636165577342,"height":86.02150537634408,"action":{"library":"H5P.Image 1.1","params":{"contentName":"Image","file":{"path":"images\/file-6583197217324.jpg","mime":"image\/jpeg","copyright":{"license":"U"},"width":1024,"height":1104}},"subContentId":"f7920f01-f5ce-4803-9d36-cf2030aa00d8","metadata":{"contentType":"Image","license":"U","title":"Untitled Image"}},"backgroundOpacity":0,"willDoAnimation":false,"animationType":"glow","displayAsButton":false,"buttonSize":"big","goToSlideType":"specified","invisible":false},{"x":47.19387755102041,"y":40.30226700251889,"width":49.744897959183675,"height":40.050377833753146,"action":{"library":"H5P.CRAdvancedText 1.1","params":{"text":"<p dir=\"ltr\" style=\"text-align: center;\"><span style=\"font-size:2.25em;\"><span style=\"color:#ffffff;\">Empologoma edduka.<\/span><\/span><\/p>\n"},"subContentId":"9719aa82-4821-4f23-91eb-86959f487486","metadata":{"contentType":"Text","license":"U","title":"Untitled Text"}},"alwaysDisplayComments":false,"backgroundOpacity":0,"willDoAnimation":false,"animationType":"glow","displayAsButton":false,"buttonSize":"big","goToSlideType":"specified","invisible":false,"solution":""},{"x":47.00255102040816,"y":43.95465994962216,"width":40,"height":40,"action":{"library":"H5P.CRAudio 1.4","params":{"fitToWrapper":true,"currIndex":1,"playerMode":"minimalistic","controls":true,"autoplay":true,"playAudio":"Play audio","pauseAudio":"Pause audio","contentName":"Audio","glowColor":"#ffd85a","timeStampForEachText":[{"text":" Empologoma ","startDuration":"0.0000","endDuration":"0.5689","wordfile":[{"path":"audios\/wordfile-65c2582ed92f6.mp3","mime":"audio\/mpeg","copyright":{"license":"U"}}]},{"text":" edduka. ","startDuration":"0.5699","endDuration":"1.1800","wordfile":[{"path":"audios\/wordfile-65c258448aaf8.mp3","mime":"audio\/mpeg","copyright":{"license":"U"}}]}],"files":[{"path":"audios\/files-65c25807f061a.mp3","mime":"audio\/mpeg","copyright":{"license":"U"}}]},"subContentId":"8341b459-df49-4888-a8b8-a6f36b6d4447","metadata":{"contentType":"Curious Reader Audio","license":"U","title":"Untitled Curious Reader Audio"}},"backgroundOpacity":0,"willDoAnimation":false,"animationType":"glow","displayAsButton":false,"buttonSize":"big","goToSlideType":"specified","invisible":false},{"x":7.653061224489796,"y":17.614534005037783,"width":32.78061224489796,"height":52.141057934508815,"action":{"library":"H5P.Image 1.1","params":{"contentName":"Image"},"subContentId":"d48647d1-09ba-4b36-b2f8-28e1c4cd9ff7","metadata":{"contentType":"Image","license":"U","title":"Untitled Image"}},"backgroundOpacity":0,"willDoAnimation":true,"animationType":"glow","displayAsButton":false,"buttonSize":"big","goToSlideType":"specified","invisible":false,"id":"img8341b459-df49-4888-a8b8-a6f36b6d4447_0"}],"slideBackgroundSelector":{}},{"elements":[{"x":26.143790849673202,"y":2.150537634408602,"width":39.97821350762527,"height":75.26881720430107,"action":{"library":"H5P.Image 1.1","params":{"contentName":"Image","file":{"path":"images\/file-65831a8a29b4c.jpg","mime":"image\/jpeg","copyright":{"license":"U"},"width":1024,"height":1104}},"subContentId":"1da54fc5-e548-4ce7-a075-283717387dee","metadata":{"contentType":"Image","license":"U","title":"Untitled Image"}},"backgroundOpacity":0,"willDoAnimation":false,"animationType":"glow","displayAsButton":false,"buttonSize":"big","goToSlideType":"specified","invisible":false},{"x":7.653061224489796,"y":80.60453400503778,"width":82.90816326530613,"height":13.853904282115868,"action":{"library":"H5P.CRAdvancedText 1.1","params":{"text":"<p style=\"text-align: center;\"><span style=\"color:#ffffff;\"><span style=\"font-size:2.25em;\">Ente etambula.<\/span><\/span><\/p>\n"},"subContentId":"3496b02e-a1d6-497f-b829-08a065e181bc","metadata":{"contentType":"Text","license":"U","title":"Untitled Text"}},"alwaysDisplayComments":false,"backgroundOpacity":0,"willDoAnimation":false,"animationType":"glow","displayAsButton":false,"buttonSize":"big","goToSlideType":"specified","invisible":false,"solution":""},{"x":47.00255102040816,"y":43.95465994962216,"width":40,"height":40,"action":{"library":"H5P.CRAudio 1.4","params":{"fitToWrapper":true,"currIndex":2,"playerMode":"minimalistic","controls":true,"autoplay":true,"playAudio":"Play audio","pauseAudio":"Pause audio","contentName":"Audio","glowColor":"#ffd85a","timeStampForEachText":[{"text":" Ente ","startDuration":"0.0000","endDuration":"0.4483","wordfile":[{"path":"audios\/wordfile-65c258817f3ec.mp3","mime":"audio\/mpeg","copyright":{"license":"U"}}]},{"text":" etambula. ","startDuration":"0.4493","endDuration":"1.0900","wordfile":[{"path":"audios\/wordfile-65c258a38d47a.mp3","mime":"audio\/mpeg","copyright":{"license":"U"}}]}],"files":[{"path":"audios\/files-65c258661e6b8.mp3","mime":"audio\/mpeg","copyright":{"license":"U"}}]},"subContentId":"398b23e0-50ea-4eac-9825-d795a51083d1","metadata":{"contentType":"Curious Reader Audio","license":"U","title":"Untitled Curious Reader Audio"}},"backgroundOpacity":0,"willDoAnimation":false,"animationType":"glow","displayAsButton":false,"buttonSize":"big","goToSlideType":"specified","invisible":false},{"x":28.061224489795915,"y":17.6204282115869,"width":26.403061224489797,"height":40.050377833753146,"action":{"library":"H5P.Image 1.1","params":{"contentName":"Image"},"subContentId":"9b87a93b-1197-4614-880c-b66e644551a1","metadata":{"contentType":"Image","license":"U","title":"Untitled Image"}},"backgroundOpacity":0,"willDoAnimation":true,"animationType":"glow","displayAsButton":false,"buttonSize":"big","goToSlideType":"specified","invisible":false,"id":"img398b23e0-50ea-4eac-9825-d795a51083d1_0"}],"slideBackgroundSelector":{}},{"elements":[{"x":28.32244008714597,"y":2.150537634408602,"width":39.97821350762527,"height":68.81720430107526,"action":{"library":"H5P.Image 1.1","params":{"contentName":"Image","file":{"path":"images\/file-65831ad1bdd16.jpg","mime":"image\/jpeg","copyright":{"license":"U"},"width":1024,"height":1104}},"subContentId":"af20be75-1247-4e4a-8d9d-7e7aedb3d0ab","metadata":{"contentType":"Image","license":"U","title":"Untitled Image"}},"backgroundOpacity":0,"willDoAnimation":false,"animationType":"glow","displayAsButton":false,"buttonSize":"big","goToSlideType":"specified","invisible":false},{"x":15.306122448979592,"y":79.46120906801008,"width":69.00510204081633,"height":16.120906801007557,"action":{"library":"H5P.CRAdvancedText 1.1","params":{"text":"<p dir=\"ltr\" style=\"text-align: center;\"><span style=\"color:#ffffff;\"><span style=\"font-size:2.25em;\">Embaata egenda mu mazzi.<\/span><\/span><\/p>\n"},"subContentId":"2b646078-b12f-456e-842b-44aba99eca30","metadata":{"contentType":"Text","license":"U","title":"Untitled Text"}},"alwaysDisplayComments":false,"backgroundOpacity":0,"willDoAnimation":false,"animationType":"glow","displayAsButton":false,"buttonSize":"big","goToSlideType":"specified","invisible":false,"solution":""},{"x":47.00255102040816,"y":43.95465994962216,"width":40,"height":40,"action":{"library":"H5P.CRAudio 1.4","params":{"fitToWrapper":true,"currIndex":3,"playerMode":"minimalistic","controls":true,"autoplay":true,"playAudio":"Play audio","pauseAudio":"Pause audio","contentName":"Audio","glowColor":"#ffd85a","timeStampForEachText":[{"text":" Embaata ","startDuration":"0.0000","endDuration":"0.4940","wordfile":[{"path":"audios\/wordfile-65c259a0002d7.mp3","mime":"audio\/mpeg","copyright":{"license":"U"}}]},{"text":" egenda ","startDuration":"0.4950","endDuration":"0.8961","wordfile":[{"path":"audios\/wordfile-65c259b54ab58.mp3","mime":"audio\/mpeg","copyright":{"license":"U"}}]},{"text":" mu ","startDuration":"0.8971","endDuration":"1.0587","wordfile":[{"path":"audios\/wordfile-65c25a7078137.wav","mime":"audio\/x-wav","copyright":{"license":"U"}}]},{"text":" mazzi. ","startDuration":"1.0929","endDuration":"1.6400","wordfile":[{"path":"audios\/wordfile-65c25abedc7a0.wav","mime":"audio\/x-wav","copyright":{"license":"U"}}]}],"files":[{"path":"audios\/files-65c25926dec04.mp3","mime":"audio\/mpeg","copyright":{"license":"U"}}]},"subContentId":"d5fd80da-543a-453c-b4c4-b611d3d7cc3e","metadata":{"contentType":"Curious Reader Audio","license":"U","title":"Untitled Curious Reader Audio"}},"backgroundOpacity":0,"willDoAnimation":false,"animationType":"glow","displayAsButton":false,"buttonSize":"big","goToSlideType":"specified","invisible":false},{"x":28.061224489795915,"y":7.550780856423174,"width":20.025510204081634,"height":47.10327455919395,"action":{"library":"H5P.Image 1.1","params":{"contentName":"Image"},"subContentId":"2fe9c389-2294-4013-ac2c-176dbfa7f56f","metadata":{"contentType":"Image","license":"U","title":"Untitled Image"}},"backgroundOpacity":0,"willDoAnimation":true,"animationType":"glow","displayAsButton":false,"buttonSize":"big","goToSlideType":"specified","invisible":false,"id":"imgd5fd80da-543a-453c-b4c4-b611d3d7cc3e_0"},{"x":47.19387755102041,"y":29.94332493702771,"width":18.75,"height":24.43324937027708,"action":{"library":"H5P.Image 1.1","params":{"contentName":"Image"},"subContentId":"fdb244e7-17a2-404c-aa00-a75a0f2e5d12","metadata":{"contentType":"Image","license":"U","title":"Untitled Image"}},"backgroundOpacity":0,"willDoAnimation":true,"animationType":"glow","displayAsButton":false,"buttonSize":"big","goToSlideType":"specified","invisible":false,"id":"imgd5fd80da-543a-453c-b4c4-b611d3d7cc3e_0"},{"x":39.54081632653062,"y":47.80377833753149,"width":28.95408163265306,"height":14.357682619647354,"action":{"library":"H5P.Image 1.1","params":{"contentName":"Image"},"subContentId":"6aef5014-3084-4df0-bf4e-04cc8af5ffb7","metadata":{"contentType":"Image","license":"U","title":"Untitled Image"}},"backgroundOpacity":0,"willDoAnimation":true,"animationType":"glow","displayAsButton":false,"buttonSize":"big","goToSlideType":"specified","invisible":false,"id":"imgd5fd80da-543a-453c-b4c4-b611d3d7cc3e_3"}],"slideBackgroundSelector":{}},{"elements":[{"x":31.59041394335512,"y":2.150537634408602,"width":39.97821350762527,"height":70.96774193548387,"action":{"library":"H5P.Image 1.1","params":{"contentName":"Image","file":{"path":"images\/file-65831b138940b.jpg","mime":"image\/jpeg","copyright":{"license":"U"},"width":1024,"height":1104}},"subContentId":"19d13a31-42ad-458f-b213-0212172b804b","metadata":{"contentType":"Image","license":"U","title":"Untitled Image"}},"backgroundOpacity":0,"willDoAnimation":false,"animationType":"glow","displayAsButton":false,"buttonSize":"big","goToSlideType":"specified","invisible":false},{"x":18.51851851851852,"y":77.28322580645161,"width":63.18082788671024,"height":18.279569892473116,"action":{"library":"H5P.CRAdvancedText 1.1","params":{"text":"<p dir=\"ltr\" style=\"text-align: center;\"><span style=\"color:#ffffff;\"><span style=\"font-size:2.25em;\">E\u014b\u014bonge edda ku lukalu.<\/span><\/span><\/p>\n"},"subContentId":"db37d6c4-ca6f-4529-90b8-57f9abf591fd","metadata":{"contentType":"Text","license":"U","title":"Untitled Text"}},"alwaysDisplayComments":false,"backgroundOpacity":0,"willDoAnimation":false,"animationType":"glow","displayAsButton":false,"buttonSize":"big","goToSlideType":"specified","invisible":false,"solution":""},{"x":47.00255102040816,"y":43.95465994962216,"width":40,"height":40,"action":{"library":"H5P.CRAudio 1.4","params":{"fitToWrapper":true,"currIndex":4,"playerMode":"minimalistic","controls":true,"autoplay":true,"playAudio":"Play audio","pauseAudio":"Pause audio","contentName":"Audio","glowColor":"#ffd85a","timeStampForEachText":[{"text":" E\u014b\u014bonge ","startDuration":"0.0000","endDuration":"0.4370","wordfile":[{"path":"audios\/wordfile-65c25b60d41a2.mp3","mime":"audio\/mpeg","copyright":{"license":"U"}}]},{"text":" edda ","startDuration":"0.4370","endDuration":"0.7267","wordfile":[{"path":"audios\/wordfile-65c25c3736e46.mp3","mime":"audio\/mpeg","copyright":{"license":"U"}}]},{"text":" ku ","startDuration":"0.7277","endDuration":"0.9123","wordfile":[{"path":"audios\/wordfile-65c2604594753.wav","mime":"audio\/x-wav","copyright":{"license":"U"}}]},{"text":" lukalu. ","startDuration":"0.9133","endDuration":"1.4300","wordfile":[{"path":"audios\/wordfile-65c260ece4548.wav","mime":"audio\/x-wav","copyright":{"license":"U"}}]}],"files":[{"path":"audios\/files-65c25b3d51a29.mp3","mime":"audio\/mpeg","copyright":{"license":"U"}}]},"subContentId":"d5286c34-1b7f-4feb-89cc-a99f873dc6b5","metadata":{"contentType":"Curious Reader Audio","license":"U","title":"Untitled Curious Reader Audio"}},"backgroundOpacity":0,"willDoAnimation":false,"animationType":"glow","displayAsButton":false,"buttonSize":"big","goToSlideType":"specified","invisible":false},{"x":40.816326530612244,"y":25.188916876574307,"width":29.846938775510203,"height":40.050377833753146,"action":{"library":"H5P.Image 1.1","params":{"contentName":"Image"},"subContentId":"e96c4f9d-67b4-42f4-baa4-ee7f796b8c0c","metadata":{"contentType":"Image","license":"U","title":"Untitled Image"}},"backgroundOpacity":0,"willDoAnimation":true,"animationType":"glow","displayAsButton":false,"buttonSize":"big","goToSlideType":"specified","invisible":false,"id":"imgd5286c34-1b7f-4feb-89cc-a99f873dc6b5_0"}],"slideBackgroundSelector":{}},{"elements":[{"x":27.233115468409586,"y":2.150537634408602,"width":39.97821350762527,"height":68.81720430107526,"action":{"library":"H5P.Image 1.1","params":{"contentName":"Image","file":{"path":"images\/file-65831b5ea0e18.jpg","mime":"image\/jpeg","copyright":{"license":"U"},"width":1024,"height":1104}},"subContentId":"138ad313-54aa-4d7c-976c-943dee79f94d","metadata":{"contentType":"Image","license":"U","title":"Untitled Image"}},"backgroundOpacity":0,"willDoAnimation":false,"animationType":"glow","displayAsButton":false,"buttonSize":"big","goToSlideType":"specified","invisible":false},{"x":7.653061224489796,"y":72.98891687657432,"width":85.45918367346938,"height":20.403022670025187,"action":{"library":"H5P.CRAdvancedText 1.1","params":{"text":"<p dir=\"ltr\" style=\"text-align: center;\"><span style=\"color:#ffffff;\"><span style=\"font-size:2.25em;\">Enjovu esika omuti.<\/span><\/span><\/p>\n"},"subContentId":"179ec519-ce70-4843-bd6f-c08e0b43745a","metadata":{"contentType":"Text","license":"U","title":"Untitled Text"}},"alwaysDisplayComments":false,"backgroundOpacity":0,"willDoAnimation":false,"animationType":"glow","displayAsButton":false,"buttonSize":"big","goToSlideType":"specified","invisible":false,"solution":""},{"x":47.00255102040816,"y":43.95465994962216,"width":40,"height":40,"action":{"library":"H5P.CRAudio 1.4","params":{"fitToWrapper":true,"currIndex":5,"playerMode":"minimalistic","controls":true,"autoplay":true,"playAudio":"Play audio","pauseAudio":"Pause audio","contentName":"Audio","glowColor":"#ffd85a","timeStampForEachText":[{"text":" Enjovu ","startDuration":"0.0000","endDuration":"0.4007","wordfile":[{"path":"audios\/wordfile-65c261bc6dac5.mp3","mime":"audio\/mpeg","copyright":{"license":"U"}}]},{"text":" esika ","startDuration":"0.4017","endDuration":"0.7630","wordfile":[{"path":"audios\/wordfile-65c261d9db89c.mp3","mime":"audio\/mpeg","copyright":{"license":"U"}}]},{"text":" omuti. ","startDuration":"0.7640","endDuration":"1.4600","wordfile":[{"path":"audios\/wordfile-65c261f13dedf.mp3","mime":"audio\/mpeg","copyright":{"license":"U"}}]}],"files":[{"path":"audios\/files-65c2618bcc865.mp3","mime":"audio\/mpeg","copyright":{"license":"U"}}]},"subContentId":"ab67240c-9bdf-4c03-a443-11e1474292d7","metadata":{"contentType":"Curious Reader Audio","license":"U","title":"Untitled Curious Reader Audio"}},"backgroundOpacity":0,"willDoAnimation":false,"animationType":"glow","displayAsButton":false,"buttonSize":"big","goToSlideType":"specified","invisible":false},{"x":30.612244897959183,"y":20.14523929471033,"width":21.301020408163264,"height":31.989924433249367,"action":{"library":"H5P.Image 1.1","params":{"contentName":"Image"},"subContentId":"a857a06d-3bd8-46ad-a94c-54af6e00bc58","metadata":{"contentType":"Image","license":"U","title":"Untitled Image"}},"backgroundOpacity":0,"willDoAnimation":true,"animationType":"glow","displayAsButton":false,"buttonSize":"big","goToSlideType":"specified","invisible":false,"id":"imgab67240c-9bdf-4c03-a443-11e1474292d7_0"},{"x":40.816326530612244,"y":45.31637279596977,"width":18.75,"height":21.914357682619645,"action":{"library":"H5P.Image 1.1","params":{"contentName":"Image"},"subContentId":"25713a77-748d-4877-989d-aaa7bdc2bede","metadata":{"contentType":"Image","license":"U","title":"Untitled Image"}},"backgroundOpacity":0,"willDoAnimation":true,"animationType":"glow","displayAsButton":false,"buttonSize":"big","goToSlideType":"specified","invisible":false,"id":"imgab67240c-9bdf-4c03-a443-11e1474292d7_2"}],"slideBackgroundSelector":{}},{"elements":[{"x":28.322440087145967,"y":4.29436559139785,"width":39.97821350762527,"height":70.96774193548387,"action":{"library":"H5P.Image 1.1","params":{"contentName":"Image","file":{"path":"images\/file-65831ba2ca3fa.jpg","mime":"image\/jpeg","copyright":{"license":"U"},"width":1024,"height":1104}},"subContentId":"c68753a8-2e98-4278-b57e-cff21c6110e8","metadata":{"contentType":"Image","license":"U","title":"Untitled Image"}},"backgroundOpacity":0,"willDoAnimation":false,"animationType":"glow","displayAsButton":false,"buttonSize":"big","goToSlideType":"specified","invisible":false},{"x":20.408163265306122,"y":81.65541561712847,"width":57.90816326530612,"height":13.853904282115868,"action":{"library":"H5P.CRAdvancedText 1.1","params":{"text":"<p dir=\"ltr\" style=\"text-align: center;\"><span style=\"color:#ffffff;\"><span style=\"font-size:2.25em;\">Endogoyi esika ekigaali.<\/span><\/span><\/p>\n"},"subContentId":"209e6fbd-a59d-4163-a4d8-cd813ccf5435","metadata":{"contentType":"Text","license":"U","title":"Untitled Text"}},"alwaysDisplayComments":false,"backgroundOpacity":0,"willDoAnimation":false,"animationType":"glow","displayAsButton":false,"buttonSize":"big","goToSlideType":"specified","invisible":false,"solution":""},{"x":47.00255102040816,"y":43.95465994962216,"width":40,"height":40,"action":{"library":"H5P.CRAudio 1.4","params":{"fitToWrapper":true,"currIndex":6,"playerMode":"minimalistic","controls":true,"autoplay":true,"playAudio":"Play audio","pauseAudio":"Pause audio","contentName":"Audio","glowColor":"#ffd85a","timeStampForEachText":[{"text":" Endogoyi ","startDuration":"0.0000","endDuration":"0.4630","wordfile":[{"path":"audios\/wordfile-65c26257b3406.mp3","mime":"audio\/mpeg","copyright":{"license":"U"}}]},{"text":" esika ","startDuration":"0.4640","endDuration":"0.8642","wordfile":[{"path":"audios\/wordfile-65c26278a9ab5.mp3","mime":"audio\/mpeg","copyright":{"license":"U"}}]},{"text":" ekigaali. ","startDuration":"0.8652","endDuration":"1.7900","wordfile":[{"path":"audios\/wordfile-65c2628f1d160.mp3","mime":"audio\/mpeg","copyright":{"license":"U"}}]}],"files":[{"path":"audios\/files-65c2622717732.mp3","mime":"audio\/mpeg","copyright":{"license":"U"}}]},"subContentId":"62929db2-0e54-4139-8a76-d3981ba5350c","metadata":{"contentType":"Curious Reader Audio","license":"U","title":"Untitled Curious Reader Audio"}},"backgroundOpacity":0,"willDoAnimation":false,"animationType":"glow","displayAsButton":false,"buttonSize":"big","goToSlideType":"specified","invisible":false},{"x":39.54081632653061,"y":12.594458438287154,"width":21.301020408163264,"height":40.050377833753146,"action":{"library":"H5P.Image 1.1","params":{"contentName":"Image"},"subContentId":"411aad47-c214-430d-be09-72be99e00c72","metadata":{"contentType":"Image","license":"U","title":"Untitled Image"}},"backgroundOpacity":0,"willDoAnimation":true,"animationType":"glow","displayAsButton":false,"buttonSize":"big","goToSlideType":"specified","invisible":false,"id":"img62929db2-0e54-4139-8a76-d3981ba5350c_0"},{"x":28.061224489795915,"y":25.15743073047859,"width":14.923469387755102,"height":31.989924433249367,"action":{"library":"H5P.Image 1.1","params":{"contentName":"Image"},"subContentId":"83d7aa10-6fc7-49e7-9a02-6ce2e705771c","metadata":{"contentType":"Image","license":"U","title":"Untitled Image"}},"backgroundOpacity":0,"willDoAnimation":true,"animationType":"glow","displayAsButton":false,"buttonSize":"big","goToSlideType":"specified","invisible":false,"id":"img62929db2-0e54-4139-8a76-d3981ba5350c_2"}],"slideBackgroundSelector":{}},{"elements":[{"x":29.411764705882355,"y":4.29436559139785,"width":39.97821350762527,"height":70.96774193548387,"action":{"library":"H5P.Image 1.1","params":{"contentName":"Image","file":{"path":"images\/file-65831be285345.jpg","mime":"image\/jpeg","copyright":{"license":"U"},"width":1024,"height":1104}},"subContentId":"5e15c7ac-663e-49c7-a409-d47ae27b65e0","metadata":{"contentType":"Image","license":"U","title":"Untitled Image"}},"backgroundOpacity":0,"willDoAnimation":false,"animationType":"glow","displayAsButton":false,"buttonSize":"big","goToSlideType":"specified","invisible":false},{"x":12.755102040816327,"y":79.43954659949623,"width":80.35714285714286,"height":13.853904282115868,"action":{"library":"H5P.CRAdvancedText 1.1","params":{"text":"<p dir=\"ltr\" style=\"text-align: center;\"><span style=\"color:#ffffff;\"><span style=\"font-size:2.25em;\">Omusota gwewalula ku ttaka.<\/span><\/span><\/p>\n"},"subContentId":"81448db5-bd9c-4ad4-8df9-fec5574f1a40","metadata":{"contentType":"Text","license":"U","title":"Untitled Text"}},"alwaysDisplayComments":false,"backgroundOpacity":0,"willDoAnimation":false,"animationType":"glow","displayAsButton":false,"buttonSize":"big","goToSlideType":"specified","invisible":false,"solution":""},{"x":47.00255102040816,"y":43.95465994962216,"width":40,"height":40,"action":{"library":"H5P.CRAudio 1.4","params":{"fitToWrapper":true,"currIndex":7,"playerMode":"minimalistic","controls":true,"autoplay":true,"playAudio":"Play audio","pauseAudio":"Pause audio","contentName":"Audio","glowColor":"#ffd85a","timeStampForEachText":[{"text":" Omusota ","startDuration":"0.0000","endDuration":"0.5053","wordfile":[{"path":"audios\/wordfile-65c26625ca6dc.mp3","mime":"audio\/mpeg","copyright":{"license":"U"}}]},{"text":" gwewalula ","startDuration":"0.5063","endDuration":"1.1436","wordfile":[{"path":"audios\/wordfile-65c266b9d4537.mp3","mime":"audio\/mpeg","copyright":{"license":"U"}}]},{"text":" ku ","startDuration":"1.1446","endDuration":"1.3446","wordfile":[{"path":"audios\/wordfile-65c266e2d4eff.mp3","mime":"audio\/mpeg","copyright":{"license":"U"}}]},{"text":" ttaka. ","startDuration":"1.3456","endDuration":"1.9200","wordfile":[{"path":"audios\/wordfile-65c2687590029.wav","mime":"audio\/x-wav","copyright":{"license":"U"}}]}],"files":[{"path":"audios\/files-65c263eba657d.mp3","mime":"audio\/mpeg","copyright":{"license":"U"}}]},"subContentId":"f2657f3a-76db-4dd4-8971-35a80fd4ea28","metadata":{"contentType":"Curious Reader Audio","license":"U","title":"Untitled Curious Reader Audio"}},"backgroundOpacity":0,"willDoAnimation":false,"animationType":"glow","displayAsButton":false,"buttonSize":"big","goToSlideType":"specified","invisible":false},{"x":31.887755102040817,"y":25.188916876574307,"width":37.88265306122449,"height":40.050377833753146,"action":{"library":"H5P.Image 1.1","params":{"contentName":"Image"},"subContentId":"ba5cc948-adb6-4759-98b1-a4589bdd9d76","metadata":{"contentType":"Image","license":"U","title":"Untitled Image"}},"backgroundOpacity":0,"willDoAnimation":true,"animationType":"glow","displayAsButton":false,"buttonSize":"big","goToSlideType":"specified","invisible":false,"id":"imgf2657f3a-76db-4dd4-8971-35a80fd4ea28_0"},{"x":29.336734693877553,"y":50.336523929471035,"width":28.95408163265306,"height":24.43324937027708,"action":{"library":"H5P.Image 1.1","params":{"contentName":"Image"},"subContentId":"3aa880e9-a978-4bff-a996-5fa62c6c65e1","metadata":{"contentType":"Image","license":"U","title":"Untitled Image"}},"backgroundOpacity":0,"willDoAnimation":true,"animationType":"glow","displayAsButton":false,"buttonSize":"big","goToSlideType":"specified","invisible":false,"id":"imgf2657f3a-76db-4dd4-8971-35a80fd4ea28_3"}],"slideBackgroundSelector":{}},{"elements":[{"x":5.1020408163265305,"y":73.04785894206549,"width":89.28571428571429,"height":21.41057934508816,"action":{"library":"H5P.CRAdvancedText 1.1","params":{"text":"<p dir=\"ltr\" style=\"text-align: center;\"><span style=\"color:#ffffff;\"><span style=\"font-size:2.25em;\">Ebinyonyi bibuuka mu bwengula.<\/span><\/span><\/p>\n"},"subContentId":"ca7f191a-37d5-488d-9491-527dde95e88a","metadata":{"contentType":"Text","license":"U","title":"Untitled Text"}},"alwaysDisplayComments":false,"backgroundOpacity":0,"willDoAnimation":false,"animationType":"glow","displayAsButton":false,"buttonSize":"big","goToSlideType":"specified","invisible":false,"solution":""},{"x":26.143790849673206,"y":2.147178494623656,"width":39.97821350762527,"height":66.66666666666666,"action":{"library":"H5P.Image 1.1","params":{"contentName":"Image","file":{"path":"images\/file-65831d4baff8f.jpg","mime":"image\/jpeg","copyright":{"license":"U"},"width":1024,"height":1104}},"subContentId":"57d80f10-41cc-4ab9-af85-be3720280f99","metadata":{"contentType":"Image","license":"U","title":"Untitled Image"}},"backgroundOpacity":0,"willDoAnimation":false,"animationType":"glow","displayAsButton":false,"buttonSize":"big","goToSlideType":"specified","invisible":false},{"x":47.00255102040816,"y":43.95465994962216,"width":40,"height":40,"action":{"library":"H5P.CRAudio 1.4","params":{"fitToWrapper":true,"currIndex":8,"playerMode":"minimalistic","controls":true,"autoplay":true,"playAudio":"Play audio","pauseAudio":"Pause audio","contentName":"Audio","glowColor":"#ffd85a","timeStampForEachText":[{"text":" Ebinyonyi ","startDuration":"0.0000","endDuration":"0.4823","wordfile":[{"path":"audios\/wordfile-65c274fc8c345.mp3","mime":"audio\/mpeg","copyright":{"license":"U"}}]},{"text":" bibuuka ","startDuration":"0.4833","endDuration":"0.9418","wordfile":[{"path":"audios\/wordfile-65c26c0ada0bc.wav","mime":"audio\/x-wav","copyright":{"license":"U"}}]},{"text":" mu ","startDuration":"0.9428","endDuration":"1.1428","wordfile":[{"path":"audios\/wordfile-65c26c4233808.wav","mime":"audio\/x-wav","copyright":{"license":"U"}}]},{"text":" bwengula. ","startDuration":"1.1438","endDuration":"1.7600","wordfile":[{"path":"audios\/wordfile-65c26d00b7257.wav","mime":"audio\/x-wav","copyright":{"license":"U"}}]}],"files":[{"path":"audios\/files-65c26a45e2ded.mp3","mime":"audio\/mpeg","copyright":{"license":"U"}}]},"subContentId":"d7f8ee12-a6b4-4a6e-ba7b-9ac3806ce1cc","metadata":{"contentType":"Curious Reader Audio","license":"U","title":"Untitled Curious Reader Audio"}},"backgroundOpacity":0,"willDoAnimation":false,"animationType":"glow","displayAsButton":false,"buttonSize":"big","goToSlideType":"specified","invisible":false},{"x":34.43775510204082,"y":12.582644836272038,"width":31.505102040816325,"height":26.952141057934508,"action":{"library":"H5P.Image 1.1","params":{"contentName":"Image"},"subContentId":"5fc158e3-c805-4300-8896-8577b695d0bc","metadata":{"contentType":"Image","license":"U","title":"Untitled Image"}},"backgroundOpacity":0,"willDoAnimation":true,"animationType":"glow","displayAsButton":false,"buttonSize":"big","goToSlideType":"specified","invisible":false,"id":"imgd7f8ee12-a6b4-4a6e-ba7b-9ac3806ce1cc_0"},{"x":26.785714285714285,"y":2.51692443324937,"width":40.05102040816327,"height":14.357682619647354,"action":{"library":"H5P.Image 1.1","params":{"contentName":"Image"},"subContentId":"7216a323-e38f-420e-8af4-bf59ed210625","metadata":{"contentType":"Image","license":"U","title":"Untitled Image"}},"backgroundOpacity":0,"willDoAnimation":true,"animationType":"glow","displayAsButton":false,"buttonSize":"big","goToSlideType":"specified","invisible":false,"id":"imgd7f8ee12-a6b4-4a6e-ba7b-9ac3806ce1cc_3"}],"slideBackgroundSelector":{}},{"elements":[{"x":28.32244008714597,"y":6.451612903225806,"width":39.97821350762527,"height":66.66666666666666,"action":{"library":"H5P.Image 1.1","params":{"contentName":"Image","file":{"path":"images\/file-65831df5f06a6.jpg","mime":"image\/jpeg","copyright":{"license":"U"},"width":1024,"height":735}},"subContentId":"d222ce68-7efa-448b-a4b2-ea1f3fbac71f","metadata":{"contentType":"Image","license":"U","title":"Untitled Image"}},"backgroundOpacity":0,"willDoAnimation":false,"animationType":"glow","displayAsButton":false,"buttonSize":"big","goToSlideType":"specified","invisible":false}],"slideBackgroundSelector":{}},{"elements":[{"x":11.982570806100219,"y":6.451612903225806,"width":15.250544662309368,"height":15.268817204301074,"action":{"library":"H5P.Image 1.1","params":{"contentName":"Image","file":{"path":"images\/file-65831e32b2800.png","mime":"image\/png","copyright":{"license":"U"},"width":1350,"height":487}},"subContentId":"1085a3ab-ea5d-4a09-a91d-6a7952625bf7","metadata":{"contentType":"Image","license":"U","title":"Untitled Image"}},"backgroundOpacity":0,"willDoAnimation":false,"animationType":"glow","displayAsButton":false,"buttonSize":"big","goToSlideType":"specified","invisible":false},{"x":33.769063180827885,"y":6.451612903225806,"width":15.250544662309368,"height":15.268817204301074,"action":{"library":"H5P.Image 1.1","params":{"contentName":"Image","file":{"path":"images\/file-65831e42c1cf9.png","mime":"image\/png","copyright":{"license":"U"},"width":814,"height":202}},"subContentId":"2785156a-658b-4044-8615-4e454538838b","metadata":{"contentType":"Image","license":"U","title":"Untitled Image"}},"backgroundOpacity":0,"willDoAnimation":false,"animationType":"glow","displayAsButton":false,"buttonSize":"big","goToSlideType":"specified","invisible":false},{"x":54.46623093681917,"y":6.451612903225806,"width":39.97821350762527,"height":15.053763440860214,"action":{"library":"H5P.Image 1.1","params":{"contentName":"Image","file":{"path":"images\/file-65831e5ad7945.jpg","mime":"image\/jpeg","copyright":{"license":"U"},"width":1732,"height":354}},"subContentId":"77aaaf80-e5d8-4a40-975c-53835aa915ff","metadata":{"contentType":"Image","license":"U","title":"Untitled Image"}},"backgroundOpacity":0,"willDoAnimation":false,"animationType":"glow","displayAsButton":false,"buttonSize":"big","goToSlideType":"specified","invisible":false},{"x":5.446623093681917,"y":25.791397849462367,"width":93.24618736383442,"height":70.75268817204301,"action":{"library":"H5P.CRAdvancedText 1.1","params":{"text":"<h3 style=\"text-align: center;\">\u201cEmpologoma edduka n\u2019ente etambula\u201d credits<\/h3>\n\n<h3 style=\"text-align: center;\">This work, \u201cEmpologoma edduka n\u2019ente etambula\u201d is a derivative of The Lion Runs and the Cow Walks is written by All Children Reading Cambodia. \u00a9 The Asia Foundation , 2019. Some rights reserved. Released under CC BY 4.0 license.<\/h3>\n\n<h3 style=\"text-align: center;\">\u201cEmpologoma edduka n\u2019ente etambula\u201d is licensed under CC BY 4.0 by Curious Learning.<\/h3>\n\n<h3 style=\"text-align: center;\">Book builder - Abraham Jerry Kakooza<\/h3>\n"},"subContentId":"acb72884-2c08-4f72-9178-060c6cd88ce2","metadata":{"contentType":"Text","license":"U","title":"Untitled Text"}},"alwaysDisplayComments":false,"backgroundOpacity":0,"willDoAnimation":false,"animationType":"glow","displayAsButton":false,"buttonSize":"big","goToSlideType":"specified","invisible":false,"solution":""}],"slideBackgroundSelector":{}}],"keywordListEnabled":true,"globalBackgroundSelector":{},"keywordListAlwaysShow":false,"keywordListAutoHide":false,"keywordListOpacity":90},"override":{"activeSurface":false,"hideSummarySlide":false,"summarySlideSolutionButton":true,"summarySlideRetryButton":true,"enablePrintButton":false,"social":{"showFacebookShare":false,"facebookShare":{"url":"@currentpageurl","quote":"I scored @score out of @maxScore on a task at @currentpageurl."},"showTwitterShare":false,"twitterShare":{"statement":"I scored @score out of @maxScore on a task at @currentpageurl.","url":"@currentpageurl","hashtags":"h5p, course"},"showGoogleShare":false,"googleShareUrl":"@currentpageurl"}},"l10n":{"slide":"Slide","score":"Score","yourScore":"Your Score","maxScore":"Max Score","total":"Total","totalScore":"Total Score","showSolutions":"Show solutions","retry":"Retry","exportAnswers":"Export text","hideKeywords":"Hide sidebar navigation menu","showKeywords":"Show sidebar navigation menu","fullscreen":"Fullscreen","exitFullscreen":"Exit fullscreen","prevSlide":"Previous slide","nextSlide":"Next slide","currentSlide":"Current slide","lastSlide":"Last slide","solutionModeTitle":"Exit solution mode","solutionModeText":"Solution Mode","summaryMultipleTaskText":"Multiple tasks","scoreMessage":"You achieved:","shareFacebook":"Share on Facebook","shareTwitter":"Share on Twitter","shareGoogle":"Share on Google+","summary":"Summary","solutionsButtonTitle":"Show comments","printTitle":"Print","printIngress":"How would you like to print this presentation?","printAllSlides":"Print all slides","printCurrentSlide":"Print current slide","noTitle":"No title","accessibilitySlideNavigationExplanation":"Use left and right arrow to change slide in that direction whenever canvas is selected.","accessibilityCanvasLabel":"Presentation canvas. Use left and right arrow to move between slides.","containsNotCompleted":"@slideName contains not completed interaction","containsCompleted":"@slideName contains completed interaction","slideCount":"Slide @index of @total","containsOnlyCorrect":"@slideName only has correct answers","containsIncorrectAnswers":"@slideName has incorrect answers","shareResult":"Share Result","accessibilityTotalScore":"You got @score of @maxScore points in total","accessibilityEnteredFullscreen":"Entered fullscreen","accessibilityExitedFullscreen":"Exited fullscreen"}}