{"presentation":{"slides":[{"elements":[{"x":17.429193899782135,"y":8.620689655172415,"width":68.84531590413944,"height":68.96551724137932,"action":{"library":"H5P.Image 1.1","params":{"contentName":"Image","file":{"path":"images\/file-620d8a2cc3689.jpg","mime":"image\/jpeg","copyright":{"license":"U"},"width":959,"height":459}},"metadata":{"contentType":"Image","license":"U","title":"Untitled Image"},"subContentId":"e3b59ba2-3660-4937-9e57-1a84d4a9288f"},"backgroundOpacity":0,"willDoAnimation":false,"animationType":"glow","displayAsButton":false,"buttonSize":"big","goToSlideType":"specified","invisible":false},{"x":22.058823529411764,"y":80,"width":60.60606060606061,"height":14.245014245014247,"action":{"library":"H5P.CRAdvancedText 1.1","params":{"text":"<p dir=\"ltr\" style=\"text-align: center;\"><span style=\"font-size:1.75em;\">Alto e Baixo<\/span><\/p>\n"},"subContentId":"72d3a7b5-e54c-41c7-9faf-14f3b4f4efaf","metadata":{"contentType":"Text","license":"U","title":"Untitled Text"}},"alwaysDisplayComments":false,"backgroundOpacity":0,"willDoAnimation":false,"animationType":"glow","displayAsButton":false,"buttonSize":"big","goToSlideType":"specified","invisible":false,"solution":""}],"slideBackgroundSelector":{}},{"elements":[{"x":16.33986928104575,"y":4.310344827586207,"width":33.769063180827885,"height":92.67241379310346,"action":{"library":"H5P.Image 1.1","params":{"contentName":"Image","file":{"path":"images\/file-620d8a6738172.jpg","mime":"image\/jpeg","copyright":{"license":"U"},"width":639,"height":918}},"metadata":{"contentType":"Image","license":"U","title":"Untitled Image"},"subContentId":"86bc88c5-2cdb-451e-a5b4-6abe821a6812"},"backgroundOpacity":0,"willDoAnimation":false,"animationType":"glow","displayAsButton":false,"buttonSize":"big","goToSlideType":"specified","invisible":false},{"x":53.39105339105339,"y":34.18803418803419,"width":40,"height":40,"action":{"library":"H5P.CRAdvancedText 1.1","params":{"text":"<p dir=\"ltr\" style=\"text-align: center;\"><span style=\"font-size:1.75em;\"><span style=\"color:#ffffff;\">Papai est\u00e1 a pegar meu chap\u00e9u.<\/span><\/span><\/p>\n"},"subContentId":"23316a6b-090e-4ce1-baf6-088bbcdeb86f","metadata":{"contentType":"Text","license":"U","title":"Untitled Text"}},"alwaysDisplayComments":false,"backgroundOpacity":0,"willDoAnimation":false,"animationType":"glow","displayAsButton":false,"buttonSize":"big","goToSlideType":"specified","invisible":false,"solution":""},{"x":47.000103485838785,"y":44.00026681929878,"width":40,"height":40,"action":{"library":"H5P.CRAudio 1.4","params":{"fitToWrapper":true,"currIndex":1,"playerMode":"minimalistic","controls":true,"autoplay":true,"playAudio":"Play audio","pauseAudio":"Pause audio","contentName":"Audio","glowColor":"#ffd85a","timeStampForEachText":[{"text":" Papai ","startDuration":"0.0000","endDuration":"0.6835","wordfile":[{"path":"audios\/wordfile-670df9e791053.wav","mime":"audio\/x-wav","copyright":{"license":"U"}}]},{"text":" est\u00e1 ","startDuration":"0.6845","endDuration":"1.2160","wordfile":[{"path":"audios\/wordfile-670dfa026098f.wav","mime":"audio\/x-wav","copyright":{"license":"U"}}]},{"text":" a ","startDuration":"1.2170","endDuration":"1.4757","wordfile":[{"path":"audios\/wordfile-670dfa2451947.wav","mime":"audio\/x-wav","copyright":{"license":"U"}}]},{"text":" pegar ","startDuration":"1.4767","endDuration":"1.9081","wordfile":[{"path":"audios\/wordfile-670dfa3b939a0.wav","mime":"audio\/x-wav","copyright":{"license":"U"}}]},{"text":" meu ","startDuration":"1.9091","endDuration":"2.2231","wordfile":[{"path":"audios\/wordfile-670dfa54bee0d.wav","mime":"audio\/x-wav","copyright":{"license":"U"}}]},{"text":" chap\u00e9u. ","startDuration":"2.2241","endDuration":"3.0253","wordfile":[{"path":"audios\/wordfile-670dfa6dd810c.wav","mime":"audio\/x-wav","copyright":{"license":"U"}}]}],"files":[{"path":"audios\/files-670df9c825167.wav","mime":"audio\/x-wav","copyright":{"license":"U"}}]},"subContentId":"e2d8ee44-7522-4492-9c2e-5d47d4285f9c","metadata":{"contentType":"Curious Reader Audio","license":"U","title":"Untitled Curious Reader Audio"}},"backgroundOpacity":0,"willDoAnimation":false,"animationType":"glow","displayAsButton":false,"buttonSize":"big","goToSlideType":"specified","invisible":false},{"x":21.78649237472767,"y":12.910611231371064,"width":8.323115468409586,"height":20.872154824049886,"action":{"library":"H5P.Image 1.1","params":{"contentName":"Image"},"subContentId":"50313729-3147-48d0-ac34-21e55909a600","metadata":{"contentType":"Image","license":"U","title":"Untitled Image"}},"backgroundOpacity":0,"willDoAnimation":true,"animationType":"glow","displayAsButton":false,"buttonSize":"big","goToSlideType":"specified","invisible":false,"id":"imge2d8ee44-7522-4492-9c2e-5d47d4285f9c_0"},{"x":33.7681917211329,"y":15.06237976993291,"width":9.900936819172115,"height":14.416849208364356,"action":{"library":"H5P.Image 1.1","params":{"contentName":"Image"},"subContentId":"17e6f67d-4ab0-4cd0-bcdc-8a528630f9ee","metadata":{"contentType":"Image","license":"U","title":"Untitled Image"}},"backgroundOpacity":0,"willDoAnimation":true,"animationType":"glow","displayAsButton":false,"buttonSize":"big","goToSlideType":"specified","invisible":false,"id":"imge2d8ee44-7522-4492-9c2e-5d47d4285f9c_5"}],"slideBackgroundSelector":{}},{"elements":[{"x":13.64795918367347,"y":4.785894206549118,"width":35.83877995642702,"height":92.45689655172414,"action":{"library":"H5P.Image 1.1","params":{"contentName":"Image","file":{"path":"images\/file-620d8aa4e43d4.jpg","mime":"image\/jpeg","copyright":{"license":"U"},"width":639,"height":918}},"metadata":{"contentType":"Image","license":"U","title":"Untitled Image"},"subContentId":"3e74c6d2-b90c-43ec-9186-121956d1fe47"},"backgroundOpacity":0,"willDoAnimation":false,"animationType":"glow","displayAsButton":false,"buttonSize":"big","goToSlideType":"specified","invisible":false},{"x":50.505050505050505,"y":28.490028490028493,"width":40,"height":40,"action":{"library":"H5P.CRAdvancedText 1.1","params":{"text":"<p dir=\"ltr\" style=\"text-align: center;\"><span style=\"font-size:1.75em;\"><span style=\"color:#ffffff;\">Papai \u00e9 alto.<\/span><\/span><\/p>\n"},"subContentId":"ee4313bf-2e44-4cd2-b034-f3ad0cf990e7","metadata":{"contentType":"Text","license":"U","title":"Untitled Text"}},"alwaysDisplayComments":false,"backgroundOpacity":0,"willDoAnimation":false,"animationType":"glow","displayAsButton":false,"buttonSize":"big","goToSlideType":"specified","invisible":false,"solution":""},{"x":47.000103485838785,"y":44.00026681929878,"width":40,"height":40,"action":{"library":"H5P.CRAudio 1.4","params":{"fitToWrapper":true,"currIndex":2,"playerMode":"minimalistic","controls":true,"autoplay":true,"playAudio":"Play audio","pauseAudio":"Pause audio","contentName":"Audio","glowColor":"#ffd85a","timeStampForEachText":[{"text":" Papai ","startDuration":"0.0000","endDuration":"0.6030","wordfile":[{"path":"audios\/wordfile-670dfaab170cb.wav","mime":"audio\/x-wav","copyright":{"license":"U"}}]},{"text":" \u00e9 ","startDuration":"0.6040","endDuration":"0.8040","wordfile":[{"path":"audios\/wordfile-670dfac2318da.wav","mime":"audio\/x-wav","copyright":{"license":"U"}}]},{"text":" alto. ","startDuration":"0.8050","endDuration":"1.5337","wordfile":[{"path":"audios\/wordfile-670dfad7dd3f5.wav","mime":"audio\/x-wav","copyright":{"license":"U"}}]}],"files":[{"path":"audios\/files-670dfa90dc535.wav","mime":"audio\/x-wav","copyright":{"license":"U"}}]},"subContentId":"016572ca-273d-4967-a184-b48e12cf87a2","metadata":{"contentType":"Curious Reader Audio","license":"U","title":"Untitled Curious Reader Audio"}},"backgroundOpacity":0,"willDoAnimation":false,"animationType":"glow","displayAsButton":false,"buttonSize":"big","goToSlideType":"specified","invisible":false},{"x":17.429193899782135,"y":10.758842692809221,"width":13.916993464052288,"height":27.327460439735418,"action":{"library":"H5P.Image 1.1","params":{"contentName":"Image"},"subContentId":"519a3919-48b0-4ef5-a86c-dba61d8506c0","metadata":{"contentType":"Image","license":"U","title":"Untitled Image"}},"backgroundOpacity":0,"willDoAnimation":true,"animationType":"glow","displayAsButton":false,"buttonSize":"big","goToSlideType":"specified","invisible":false,"id":"img016572ca-273d-4967-a184-b48e12cf87a2_0"}],"slideBackgroundSelector":{}},{"elements":[{"x":11.982570806100219,"y":4.310344827586207,"width":37.03703703703704,"height":92.45689655172414,"action":{"library":"H5P.Image 1.1","params":{"contentName":"Image","file":{"path":"images\/file-620d8ad1200cf.jpg","mime":"image\/jpeg","copyright":{"license":"U"},"width":639,"height":918}},"metadata":{"contentType":"Image","license":"U","title":"Untitled Image"},"subContentId":"5320e841-c68d-4668-8597-5f7779b4b505"},"backgroundOpacity":0,"willDoAnimation":false,"animationType":"glow","displayAsButton":false,"buttonSize":"big","goToSlideType":"specified","invisible":false},{"x":53.30882352941176,"y":14.545454545454545,"width":40,"height":40,"action":{"library":"H5P.CRAdvancedText 1.1","params":{"text":"<p dir=\"ltr\" style=\"text-align: center;\"><span style=\"font-size:1.75em;\"><span style=\"color:#ffffff;\">Mam\u00e3e est\u00e1 a pegar minha camisa.<\/span><\/span><\/p>\n"},"subContentId":"82fecc9e-639a-432c-ae1d-4d37b4cfcdce","metadata":{"contentType":"Text","license":"U","title":"Untitled Text"}},"alwaysDisplayComments":false,"backgroundOpacity":0,"willDoAnimation":false,"animationType":"glow","displayAsButton":false,"buttonSize":"big","goToSlideType":"specified","invisible":false,"solution":""},{"x":47.000103485838785,"y":44.00026681929878,"width":40,"height":40,"action":{"library":"H5P.CRAudio 1.4","params":{"fitToWrapper":true,"currIndex":3,"playerMode":"minimalistic","controls":true,"autoplay":true,"playAudio":"Play audio","pauseAudio":"Pause audio","contentName":"Audio","glowColor":"#ffd85a","timeStampForEachText":[{"text":" Mam\u00e3e ","startDuration":"0.0000","endDuration":"0.6801","wordfile":[{"path":"audios\/wordfile-670dfbd8224d9.wav","mime":"audio\/x-wav","copyright":{"license":"U"}}]},{"text":" est\u00e1 ","startDuration":"0.6811","endDuration":"1.1486","wordfile":[{"path":"audios\/wordfile-670dfbf1314de.wav","mime":"audio\/x-wav","copyright":{"license":"U"}}]},{"text":" a ","startDuration":"1.1496","endDuration":"1.3496","wordfile":[{"path":"audios\/wordfile-670dfc06928ca.wav","mime":"audio\/x-wav","copyright":{"license":"U"}}]},{"text":" pegar ","startDuration":"1.3506","endDuration":"1.8145","wordfile":[{"path":"audios\/wordfile-670dfc19de674.wav","mime":"audio\/x-wav","copyright":{"license":"U"}}]},{"text":" minha ","startDuration":"1.8155","endDuration":"2.2684","wordfile":[{"path":"audios\/wordfile-670dfc2d5f7c1.wav","mime":"audio\/x-wav","copyright":{"license":"U"}}]},{"text":" camisa. ","startDuration":"2.2694","endDuration":"3.2106","wordfile":[{"path":"audios\/wordfile-670dfc40e2eed.wav","mime":"audio\/x-wav","copyright":{"license":"U"}}]}],"files":[{"path":"audios\/files-670dfb6c12d0d.wav","mime":"audio\/x-wav","copyright":{"license":"U"}}]},"subContentId":"5ae556fe-187d-414f-aefd-6df6f441975b","metadata":{"contentType":"Curious Reader Audio","license":"U","title":"Untitled Curious Reader Audio"}},"backgroundOpacity":0,"willDoAnimation":false,"animationType":"glow","displayAsButton":false,"buttonSize":"big","goToSlideType":"specified","invisible":false},{"x":21.78649237472767,"y":12.910611231371064,"width":16.013071895424837,"height":28.386560914415558,"action":{"library":"H5P.Image 1.1","params":{"contentName":"Image"},"subContentId":"498ccd4a-6cde-49d5-bdda-21a2f7911559","metadata":{"contentType":"Image","license":"U","title":"Untitled Image"}},"backgroundOpacity":0,"willDoAnimation":true,"animationType":"glow","displayAsButton":false,"buttonSize":"big","goToSlideType":"specified","invisible":false,"id":"img5ae556fe-187d-414f-aefd-6df6f441975b_0"},{"x":29.411764705882355,"y":25.821222462742128,"width":14.66677559912854,"height":27.327460439735418,"action":{"library":"H5P.Image 1.1","params":{"contentName":"Image"},"subContentId":"5137bacf-ef0e-4a33-83c4-1a8fcf086c73","metadata":{"contentType":"Image","license":"U","title":"Untitled Image"}},"backgroundOpacity":0,"willDoAnimation":true,"animationType":"glow","displayAsButton":false,"buttonSize":"big","goToSlideType":"specified","invisible":false,"id":"img5ae556fe-187d-414f-aefd-6df6f441975b_5"}],"slideBackgroundSelector":{}},{"elements":[{"x":14.159041394335512,"y":5.622456896551724,"width":34.85838779956427,"height":91.5948275862069,"action":{"library":"H5P.Image 1.1","params":{"contentName":"Image","file":{"path":"images\/file-620d8b1736f35.jpg","mime":"image\/jpeg","copyright":{"license":"U"},"width":639,"height":918}},"metadata":{"contentType":"Image","license":"U","title":"Untitled Image"},"subContentId":"da6c7321-c9b6-41ec-9674-273fac8064d7"},"backgroundOpacity":0,"willDoAnimation":false,"animationType":"glow","displayAsButton":false,"buttonSize":"big","goToSlideType":"specified","invisible":false},{"x":55.147058823529406,"y":14.545454545454545,"width":40,"height":40,"action":{"library":"H5P.CRAdvancedText 1.1","params":{"text":"<p dir=\"ltr\" style=\"text-align: center;\"><span style=\"color:#ffffff;\"><span style=\"font-size:1.75em;\">O Papai \u00e9 mais alto que a Mam\u00e3e.<\/span><\/span><\/p>\n"},"subContentId":"4ee15960-5a73-4e1f-bd52-de1a4e6e390d","metadata":{"contentType":"Text","license":"U","title":"Untitled Text"}},"alwaysDisplayComments":false,"backgroundOpacity":0,"willDoAnimation":false,"animationType":"glow","displayAsButton":false,"buttonSize":"big","goToSlideType":"specified","invisible":false,"solution":""},{"x":47.000103485838785,"y":44.00026681929878,"width":40,"height":40,"action":{"library":"H5P.CRAudio 1.4","params":{"fitToWrapper":true,"currIndex":4,"playerMode":"minimalistic","controls":true,"autoplay":true,"playAudio":"Play audio","pauseAudio":"Pause audio","contentName":"Audio","glowColor":"#ffd85a","timeStampForEachText":[{"text":" O ","startDuration":"0.0000","endDuration":"0.2241","wordfile":[{"path":"audios\/wordfile-670dfc837007e.wav","mime":"audio\/x-wav","copyright":{"license":"U"}}]},{"text":" Papai ","startDuration":"0.2251","endDuration":"0.8111","wordfile":[{"path":"audios\/wordfile-670dfc980b26d.wav","mime":"audio\/x-wav","copyright":{"license":"U"}}]},{"text":" \u00e9 ","startDuration":"0.8121","endDuration":"1.0121","wordfile":[{"path":"audios\/wordfile-670dfca9de0a2.wav","mime":"audio\/x-wav","copyright":{"license":"U"}}]},{"text":" mais ","startDuration":"1.0131","endDuration":"1.4095","wordfile":[{"path":"audios\/wordfile-670dfcbdc974c.wav","mime":"audio\/x-wav","copyright":{"license":"U"}}]},{"text":" alto ","startDuration":"1.4105","endDuration":"1.9172","wordfile":[{"path":"audios\/wordfile-670dfcd912d37.wav","mime":"audio\/x-wav","copyright":{"license":"U"}}]},{"text":" que ","startDuration":"1.9182","endDuration":"2.1182","wordfile":[{"path":"audios\/wordfile-670dfceb9c171.wav","mime":"audio\/x-wav","copyright":{"license":"U"}}]},{"text":" a ","startDuration":"2.1192","endDuration":"2.2778","wordfile":[{"path":"audios\/wordfile-670dfd0890567.wav","mime":"audio\/x-wav","copyright":{"license":"U"}}]},{"text":" Mam\u00e3e. ","startDuration":"2.2788","endDuration":"3.0190","wordfile":[{"path":"audios\/wordfile-670dfd233e881.wav","mime":"audio\/x-wav","copyright":{"license":"U"}}]}],"files":[{"path":"audios\/files-670dfc6877822.wav","mime":"audio\/x-wav","copyright":{"license":"U"}}]},"subContentId":"6c32a222-3806-4ace-8122-08d10234f21b","metadata":{"contentType":"Curious Reader Audio","license":"U","title":"Untitled Curious Reader Audio"}},"backgroundOpacity":0,"willDoAnimation":false,"animationType":"glow","displayAsButton":false,"buttonSize":"big","goToSlideType":"specified","invisible":false},{"x":30.501089324618736,"y":10.758842692809221,"width":14.205446623093684,"height":25.175691901173575,"action":{"library":"H5P.Image 1.1","params":{"contentName":"Image"},"subContentId":"60816635-e776-4ed8-a5ed-d29f8d2a163f","metadata":{"contentType":"Image","license":"U","title":"Untitled Image"}},"backgroundOpacity":0,"willDoAnimation":true,"animationType":"glow","displayAsButton":false,"buttonSize":"big","goToSlideType":"specified","invisible":false,"id":"img6c32a222-3806-4ace-8122-08d10234f21b_1"},{"x":21.78649237472767,"y":19.365916847056596,"width":11.655773420479303,"height":29.159906527174684,"action":{"library":"H5P.Image 1.1","params":{"contentName":"Image"},"subContentId":"d374bba1-0d69-49af-9a58-9c47c6215acf","metadata":{"contentType":"Image","license":"U","title":"Untitled Image"}},"backgroundOpacity":0,"willDoAnimation":true,"animationType":"glow","displayAsButton":false,"buttonSize":"big","goToSlideType":"specified","invisible":false,"id":"img6c32a222-3806-4ace-8122-08d10234f21b_7"}],"slideBackgroundSelector":{}},{"elements":[{"x":14.161220043572985,"y":6.4655172413793105,"width":35.947712418300654,"height":90.73275862068967,"action":{"library":"H5P.Image 1.1","params":{"contentName":"Image","file":{"path":"images\/file-620d8b4901fed.jpg","mime":"image\/jpeg","copyright":{"license":"U"},"width":639,"height":918}},"metadata":{"contentType":"Image","license":"U","title":"Untitled Image"},"subContentId":"6ac3b20e-f38f-448c-b501-13c259c38112"},"backgroundOpacity":0,"willDoAnimation":false,"animationType":"glow","displayAsButton":false,"buttonSize":"big","goToSlideType":"specified","invisible":false},{"x":51.94805194805195,"y":19.943019943019944,"width":40,"height":40,"action":{"library":"H5P.CRAdvancedText 1.1","params":{"text":"<p dir=\"ltr\" style=\"text-align: center;\"><span style=\"font-size:1.75em;\"><span style=\"color:#ffffff;\">Minha irm\u00e3 est\u00e1 a apanhar meu livro.<\/span><\/span><\/p>\n"},"subContentId":"a313e2d1-cd2a-48d8-adfe-d90498c4c153","metadata":{"contentType":"Text","license":"U","title":"Untitled Text"}},"alwaysDisplayComments":false,"backgroundOpacity":0,"willDoAnimation":false,"animationType":"glow","displayAsButton":false,"buttonSize":"big","goToSlideType":"specified","invisible":false,"solution":""},{"x":47.000103485838785,"y":44.00026681929878,"width":40,"height":40,"action":{"library":"H5P.CRAudio 1.4","params":{"fitToWrapper":true,"currIndex":5,"playerMode":"minimalistic","controls":true,"autoplay":true,"playAudio":"Play audio","pauseAudio":"Pause audio","contentName":"Audio","glowColor":"#ffd85a","timeStampForEachText":[{"text":" Minha ","startDuration":"0.0000","endDuration":"0.4303","wordfile":[{"path":"audios\/wordfile-670dfd62aaeb1.wav","mime":"audio\/x-wav","copyright":{"license":"U"}}]},{"text":" irm\u00e3 ","startDuration":"0.4313","endDuration":"0.7984","wordfile":[{"path":"audios\/wordfile-670dfd836c180.wav","mime":"audio\/x-wav","copyright":{"license":"U"}}]},{"text":" est\u00e1 ","startDuration":"0.7994","endDuration":"1.2408","wordfile":[{"path":"audios\/wordfile-670dfda90fb69.wav","mime":"audio\/x-wav","copyright":{"license":"U"}}]},{"text":" a ","startDuration":"1.2418","endDuration":"1.6386","wordfile":[{"path":"audios\/wordfile-670dfdc3208fd.wav","mime":"audio\/x-wav","copyright":{"license":"U"}}]},{"text":" apanhar ","startDuration":"1.6396","endDuration":"2.1367","wordfile":[{"path":"audios\/wordfile-670dfdd6e33fd.wav","mime":"audio\/x-wav","copyright":{"license":"U"}}]},{"text":" meu ","startDuration":"2.1377","endDuration":"2.5234","wordfile":[{"path":"audios\/wordfile-670dfdeb25d20.wav","mime":"audio\/x-wav","copyright":{"license":"U"}}]},{"text":" livro. ","startDuration":"2.5244","endDuration":"3.2536","wordfile":[{"path":"audios\/wordfile-670dfdff50260.wav","mime":"audio\/x-wav","copyright":{"license":"U"}}]}],"files":[{"path":"audios\/files-670dfd4920f4c.wav","mime":"audio\/x-wav","copyright":{"license":"U"}}]},"subContentId":"3ead5105-f7f7-4e83-a7f7-97d85f468288","metadata":{"contentType":"Curious Reader Audio","license":"U","title":"Untitled Curious Reader Audio"}},"backgroundOpacity":0,"willDoAnimation":false,"animationType":"glow","displayAsButton":false,"buttonSize":"big","goToSlideType":"specified","invisible":false},{"x":21.78649237472767,"y":12.910611231371064,"width":14.923747276688454,"height":27.804937878442292,"action":{"library":"H5P.Image 1.1","params":{"contentName":"Image"},"subContentId":"84546450-21d0-4db6-b500-93f53053ff4d","metadata":{"contentType":"Image","license":"U","title":"Untitled Image"}},"backgroundOpacity":0,"willDoAnimation":true,"animationType":"glow","displayAsButton":false,"buttonSize":"big","goToSlideType":"specified","invisible":false,"id":"img3ead5105-f7f7-4e83-a7f7-97d85f468288_1"},{"x":20.697167755991288,"y":43.03537077123688,"width":11.655773420479303,"height":19.67691195393494,"action":{"library":"H5P.Image 1.1","params":{"contentName":"Image"},"subContentId":"6247cc0a-1615-428a-bd10-472aafa46842","metadata":{"contentType":"Image","license":"U","title":"Untitled Image"}},"backgroundOpacity":0,"willDoAnimation":true,"animationType":"glow","displayAsButton":false,"buttonSize":"big","goToSlideType":"specified","invisible":false,"id":"img3ead5105-f7f7-4e83-a7f7-97d85f468288_6"}],"slideBackgroundSelector":{}},{"elements":[{"x":14.161220043572985,"y":5.81896551724138,"width":34.85838779956427,"height":90.51724137931035,"action":{"library":"H5P.Image 1.1","params":{"contentName":"Image","file":{"path":"images\/file-620d8b7b9c561.jpg","mime":"image\/jpeg","copyright":{"license":"U"},"width":639,"height":918}},"metadata":{"contentType":"Image","license":"U","title":"Untitled Image"},"subContentId":"1fe8c6e8-1dec-4179-a1c4-d367fb27a427"},"backgroundOpacity":0,"willDoAnimation":false,"animationType":"glow","displayAsButton":false,"buttonSize":"big","goToSlideType":"specified","invisible":false},{"x":52.287581699346404,"y":32.27652807842766,"width":40,"height":40,"action":{"library":"H5P.CRAdvancedText 1.1","params":{"text":"<p dir=\"ltr\" style=\"text-align: center;\"><span style=\"color:#ffffff;\"><span style=\"font-size:1.75em;\">Mam\u00e3e \u00e9 mais alta que minha irm\u00e3.<\/span><\/span><\/p>\n"},"subContentId":"eb8b5b90-b6cf-4eb4-b02f-79dde8955f80","metadata":{"contentType":"Text","license":"U","title":"Untitled Text"}},"alwaysDisplayComments":false,"backgroundOpacity":0,"willDoAnimation":false,"animationType":"glow","displayAsButton":false,"buttonSize":"big","goToSlideType":"specified","invisible":false,"solution":""},{"x":47.000103485838785,"y":44.00026681929878,"width":40,"height":40,"action":{"library":"H5P.CRAudio 1.4","params":{"fitToWrapper":true,"currIndex":6,"playerMode":"minimalistic","controls":true,"autoplay":true,"playAudio":"Play audio","pauseAudio":"Pause audio","contentName":"Audio","glowColor":"#ffd85a","timeStampForEachText":[{"text":" Mam\u00e3e ","startDuration":"0.0000","endDuration":"0.6278","wordfile":[{"path":"audios\/wordfile-670dfe562eaa1.wav","mime":"audio\/x-wav","copyright":{"license":"U"}}]},{"text":" \u00e9 ","startDuration":"0.6288","endDuration":"0.8288","wordfile":[{"path":"audios\/wordfile-670dfe68c8dd5.wav","mime":"audio\/x-wav","copyright":{"license":"U"}}]},{"text":" mais ","startDuration":"0.8298","endDuration":"1.1637","wordfile":[{"path":"audios\/wordfile-670dfe84adf77.wav","mime":"audio\/x-wav","copyright":{"license":"U"}}]},{"text":" alta ","startDuration":"1.1647","endDuration":"1.5966","wordfile":[{"path":"audios\/wordfile-670dfe9a1c0c2.wav","mime":"audio\/x-wav","copyright":{"license":"U"}}]},{"text":" que ","startDuration":"1.5976","endDuration":"1.7976","wordfile":[{"path":"audios\/wordfile-670dfeab5aab9.wav","mime":"audio\/x-wav","copyright":{"license":"U"}}]},{"text":" minha ","startDuration":"1.7732","endDuration":"2.1333","wordfile":[{"path":"audios\/wordfile-670dfec1bf8ec.wav","mime":"audio\/x-wav","copyright":{"license":"U"}}]},{"text":" irm\u00e3. ","startDuration":"2.1343","endDuration":"2.8405","wordfile":[{"path":"audios\/wordfile-670dfed93ded2.wav","mime":"audio\/x-wav","copyright":{"license":"U"}}]}],"files":[{"path":"audios\/files-670dfe3683773.wav","mime":"audio\/x-wav","copyright":{"license":"U"}}]},"subContentId":"f488dd50-98c3-4522-a32e-aa7d527c1877","metadata":{"contentType":"Curious Reader Audio","license":"U","title":"Untitled Curious Reader Audio"}},"backgroundOpacity":0,"willDoAnimation":false,"animationType":"glow","displayAsButton":false,"buttonSize":"big","goToSlideType":"specified","invisible":false},{"x":26.143790849673206,"y":10.75884269280922,"width":10.56644880174292,"height":20.872154824049886,"action":{"library":"H5P.Image 1.1","params":{"contentName":"Image"},"subContentId":"0c3642d0-9e35-4242-86dd-b3f60c75f9d6","metadata":{"contentType":"Image","license":"U","title":"Untitled Image"}},"backgroundOpacity":0,"willDoAnimation":true,"animationType":"glow","displayAsButton":false,"buttonSize":"big","goToSlideType":"specified","invisible":false,"id":"imgf488dd50-98c3-4522-a32e-aa7d527c1877_0"},{"x":19.607843137254903,"y":17.214148308494753,"width":9.361383442265796,"height":20.872154824049886,"action":{"library":"H5P.Image 1.1","params":{"contentName":"Image"},"subContentId":"79bd5740-acdb-416c-bce3-528136b9574d","metadata":{"contentType":"Image","license":"U","title":"Untitled Image"}},"backgroundOpacity":0,"willDoAnimation":true,"animationType":"glow","displayAsButton":false,"buttonSize":"big","goToSlideType":"specified","invisible":false,"id":"imgf488dd50-98c3-4522-a32e-aa7d527c1877_6"}],"slideBackgroundSelector":{}},{"elements":[{"x":15.306122448979592,"y":5.037783375314861,"width":33.87799564270153,"height":90.73275862068967,"action":{"library":"H5P.Image 1.1","params":{"contentName":"Image","file":{"path":"images\/file-620d8bb185c3e.jpg","mime":"image\/jpeg","copyright":{"license":"U"},"width":639,"height":918}},"metadata":{"contentType":"Image","license":"U","title":"Untitled Image"},"subContentId":"8e0baedd-67c8-46c8-a1c5-9fe3f76afc8a"},"backgroundOpacity":0,"willDoAnimation":false,"animationType":"glow","displayAsButton":false,"buttonSize":"big","goToSlideType":"specified","invisible":false},{"x":55.97014925373134,"y":22.14022140221402,"width":40,"height":40,"action":{"library":"H5P.CRAdvancedText 1.1","params":{"text":"<p dir=\"ltr\" style=\"text-align: center;\"><span style=\"font-size:1.75em;\"><span style=\"color:#ffffff;\">Meu irm\u00e3o est\u00e1 a apanhar minha bolsa.<\/span><\/span><\/p>\n"},"subContentId":"20265a28-41ff-4d28-94d4-25d24a458dae","metadata":{"contentType":"Text","license":"U","title":"Untitled Text"}},"alwaysDisplayComments":false,"backgroundOpacity":0,"willDoAnimation":false,"animationType":"glow","displayAsButton":false,"buttonSize":"big","goToSlideType":"specified","invisible":false,"solution":""},{"x":47.000103485838785,"y":44.00026681929878,"width":40,"height":40,"action":{"library":"H5P.CRAudio 1.4","params":{"fitToWrapper":true,"currIndex":7,"playerMode":"minimalistic","controls":true,"autoplay":true,"playAudio":"Play audio","pauseAudio":"Pause audio","contentName":"Audio","glowColor":"#ffd85a","timeStampForEachText":[{"text":" Meu ","startDuration":"0.0000","endDuration":"0.3332","wordfile":[{"path":"audios\/wordfile-670dff2680d13.wav","mime":"audio\/x-wav","copyright":{"license":"U"}}]},{"text":" irm\u00e3o ","startDuration":"0.3273","endDuration":"0.7936","wordfile":[{"path":"audios\/wordfile-670dff4b77d11.wav","mime":"audio\/x-wav","copyright":{"license":"U"}}]},{"text":" est\u00e1 ","startDuration":"0.7946","endDuration":"1.2800","wordfile":[{"path":"audios\/wordfile-670dff76eefa9.wav","mime":"audio\/x-wav","copyright":{"license":"U"}}]},{"text":" a ","startDuration":"1.2810","endDuration":"1.5647","wordfile":[{"path":"audios\/wordfile-670dff8f1b5b5.wav","mime":"audio\/x-wav","copyright":{"license":"U"}}]},{"text":" apanhar ","startDuration":"1.6020","endDuration":"2.1597","wordfile":[{"path":"audios\/wordfile-670dffacdd280.wav","mime":"audio\/x-wav","copyright":{"license":"U"}}]},{"text":" minha ","startDuration":"2.1607","endDuration":"2.5776","wordfile":[{"path":"audios\/wordfile-670dffc0df20c.wav","mime":"audio\/x-wav","copyright":{"license":"U"}}]},{"text":" bolsa. ","startDuration":"2.5786","endDuration":"3.2505","wordfile":[{"path":"audios\/wordfile-670dffd4ceca3.wav","mime":"audio\/x-wav","copyright":{"license":"U"}}]}],"files":[{"path":"audios\/files-670dff07cf049.wav","mime":"audio\/x-wav","copyright":{"license":"U"}}]},"subContentId":"1f5f9f15-5957-4c5c-abee-2ea5a722d6e4","metadata":{"contentType":"Curious Reader Audio","license":"U","title":"Untitled Curious Reader Audio"}},"backgroundOpacity":0,"willDoAnimation":false,"animationType":"glow","displayAsButton":false,"buttonSize":"big","goToSlideType":"specified","invisible":false},{"x":26.143790849673202,"y":32.27652807842766,"width":8.387799564270153,"height":17.417554988445005,"action":{"library":"H5P.Image 1.1","params":{"contentName":"Image"},"subContentId":"8eabaca2-5d3b-425d-aab3-f0a4f32b948e","metadata":{"contentType":"Image","license":"U","title":"Untitled Image"}},"backgroundOpacity":0,"willDoAnimation":true,"animationType":"glow","displayAsButton":false,"buttonSize":"big","goToSlideType":"specified","invisible":false,"id":"img1f5f9f15-5957-4c5c-abee-2ea5a722d6e4_1"},{"x":26.143790849673202,"y":53.7942134640461,"width":8.387799564270153,"height":17.417554988445005,"action":{"library":"H5P.Image 1.1","params":{"contentName":"Image"},"subContentId":"acdb19ed-0909-4074-ad18-d5741c421659","metadata":{"contentType":"Image","license":"U","title":"Untitled Image"}},"backgroundOpacity":0,"willDoAnimation":true,"animationType":"glow","displayAsButton":false,"buttonSize":"big","goToSlideType":"specified","invisible":false,"id":"img1f5f9f15-5957-4c5c-abee-2ea5a722d6e4_6"}],"slideBackgroundSelector":{}},{"elements":[{"x":14.705882352941178,"y":3.6637931034482762,"width":34.64052287581699,"height":92.45689655172414,"action":{"library":"H5P.Image 1.1","params":{"contentName":"Image","file":{"path":"images\/file-620d8be87d7ce.jpg","mime":"image\/jpeg","copyright":{"license":"U"},"width":639,"height":918}},"metadata":{"contentType":"Image","license":"U","title":"Untitled Image"},"subContentId":"b5dd1b5b-c4b7-4e07-9e11-de9c97fc90fa"},"backgroundOpacity":0,"willDoAnimation":false,"animationType":"glow","displayAsButton":false,"buttonSize":"big","goToSlideType":"specified","invisible":false},{"x":52.287581699346404,"y":30.124759539865817,"width":40,"height":40,"action":{"library":"H5P.CRAdvancedText 1.1","params":{"text":"<p dir=\"ltr\" style=\"text-align: center;\"><span style=\"color:#ffffff;\"><span style=\"font-size:1.75em;\">Minha irm\u00e3 \u00e9 mais alta que meu irm\u00e3o.<\/span><\/span><\/p>\n"},"subContentId":"bb05e671-c08f-4978-8b7c-9dae5f84555f","metadata":{"contentType":"Text","license":"U","title":"Untitled Text"}},"alwaysDisplayComments":false,"backgroundOpacity":0,"willDoAnimation":false,"animationType":"glow","displayAsButton":false,"buttonSize":"big","goToSlideType":"specified","invisible":false,"solution":""},{"x":47.000103485838785,"y":44.00026681929878,"width":40,"height":40,"action":{"library":"H5P.CRAudio 1.4","params":{"fitToWrapper":true,"currIndex":8,"playerMode":"minimalistic","controls":true,"autoplay":true,"playAudio":"Play audio","pauseAudio":"Pause audio","contentName":"Audio","glowColor":"#ffd85a","timeStampForEachText":[{"text":" Minha ","startDuration":"0.0000","endDuration":"0.5211","wordfile":[{"path":"audios\/wordfile-670e002898914.wav","mime":"audio\/x-wav","copyright":{"license":"U"}}]},{"text":" irm\u00e3 ","startDuration":"0.5221","endDuration":"1.1414","wordfile":[{"path":"audios\/wordfile-670e004178fa2.wav","mime":"audio\/x-wav","copyright":{"license":"U"}}]},{"text":" \u00e9 ","startDuration":"1.1424","endDuration":"1.3424","wordfile":[{"path":"audios\/wordfile-670e005386383.wav","mime":"audio\/x-wav","copyright":{"license":"U"}}]},{"text":" mais ","startDuration":"1.3434","endDuration":"1.6869","wordfile":[{"path":"audios\/wordfile-670e006659b89.wav","mime":"audio\/x-wav","copyright":{"license":"U"}}]},{"text":" alta ","startDuration":"1.6879","endDuration":"2.1674","wordfile":[{"path":"audios\/wordfile-670e007c9afa4.wav","mime":"audio\/x-wav","copyright":{"license":"U"}}]},{"text":" que ","startDuration":"2.1684","endDuration":"2.3873","wordfile":[{"path":"audios\/wordfile-670e0095df609.wav","mime":"audio\/x-wav","copyright":{"license":"U"}}]},{"text":" meu ","startDuration":"2.3883","endDuration":"2.6978","wordfile":[{"path":"audios\/wordfile-670e00aa7c3f4.wav","mime":"audio\/x-wav","copyright":{"license":"U"}}]},{"text":" irm\u00e3o. ","startDuration":"2.6988","endDuration":"3.3088","wordfile":[{"path":"audios\/wordfile-670e00c421784.wav","mime":"audio\/x-wav","copyright":{"license":"U"}}]}],"files":[{"path":"audios\/files-670e000096df6.wav","mime":"audio\/x-wav","copyright":{"license":"U"}}]},"subContentId":"dfe3f70c-2212-4943-a973-8c115c404a8b","metadata":{"contentType":"Curious Reader Audio","license":"U","title":"Untitled Curious Reader Audio"}},"backgroundOpacity":0,"willDoAnimation":false,"animationType":"glow","displayAsButton":false,"buttonSize":"big","goToSlideType":"specified","invisible":false},{"x":31.59041394335512,"y":19.365916847056596,"width":13.83442265795207,"height":28.707604780368985,"action":{"library":"H5P.Image 1.1","params":{"contentName":"Image"},"subContentId":"f8523f65-5770-495d-90c2-81d74e77edab","metadata":{"contentType":"Image","license":"U","title":"Untitled Image"}},"backgroundOpacity":0,"willDoAnimation":true,"animationType":"glow","displayAsButton":false,"buttonSize":"big","goToSlideType":"specified","invisible":false,"id":"imgdfe3f70c-2212-4943-a973-8c115c404a8b_1"},{"x":22.875816993464053,"y":27.972991001303974,"width":11.725599128540306,"height":23.023923362611733,"action":{"library":"H5P.Image 1.1","params":{"contentName":"Image"},"subContentId":"1a430ea6-27fe-41d9-bab3-782520f2d33a","metadata":{"contentType":"Image","license":"U","title":"Untitled Image"}},"backgroundOpacity":0,"willDoAnimation":true,"animationType":"glow","displayAsButton":false,"buttonSize":"big","goToSlideType":"specified","invisible":false,"id":"imgdfe3f70c-2212-4943-a973-8c115c404a8b_7"}],"slideBackgroundSelector":{}},{"elements":[{"x":15.24259259259259,"y":4.314547413793104,"width":34.85838779956427,"height":92.88793103448276,"action":{"library":"H5P.Image 1.1","params":{"contentName":"Image","file":{"path":"images\/file-620d8c22dbcda.jpg","mime":"image\/jpeg","copyright":{"license":"U"},"width":639,"height":918}},"metadata":{"contentType":"Image","license":"U","title":"Untitled Image"},"subContentId":"ec439803-414f-4f94-bef7-2c65cfc2ee92"},"backgroundOpacity":0,"willDoAnimation":false,"animationType":"glow","displayAsButton":false,"buttonSize":"big","goToSlideType":"specified","invisible":false},{"x":53.37690631808279,"y":34.428296616989506,"width":40,"height":40,"action":{"library":"H5P.CRAdvancedText 1.1","params":{"text":"<p dir=\"ltr\" style=\"text-align: center;\"><span style=\"font-size:1.75em;\"><span style=\"color:#ffffff;\">Meu irm\u00e3o \u00e9 mais alto que eu.<\/span><\/span><\/p>\n"},"subContentId":"94ce7688-2430-4964-a7ac-32b30b023c09","metadata":{"contentType":"Text","license":"U","title":"Untitled Text"}},"alwaysDisplayComments":false,"backgroundOpacity":0,"willDoAnimation":false,"animationType":"glow","displayAsButton":false,"buttonSize":"big","goToSlideType":"specified","invisible":false,"solution":""},{"x":47.000103485838785,"y":44.00026681929878,"width":40,"height":40,"action":{"library":"H5P.CRAudio 1.4","params":{"fitToWrapper":true,"currIndex":9,"playerMode":"minimalistic","controls":true,"autoplay":true,"playAudio":"Play audio","pauseAudio":"Pause audio","contentName":"Audio","glowColor":"#ffd85a","timeStampForEachText":[{"text":" Meu ","startDuration":"0.0000","endDuration":"0.4170","wordfile":[{"path":"audios\/wordfile-670e0139b15a8.wav","mime":"audio\/x-wav","copyright":{"license":"U"}}]},{"text":" irm\u00e3o ","startDuration":"0.4180","endDuration":"1.0552","wordfile":[{"path":"audios\/wordfile-670e015245599.wav","mime":"audio\/x-wav","copyright":{"license":"U"}}]},{"text":" \u00e9 ","startDuration":"1.0562","endDuration":"1.2562","wordfile":[{"path":"audios\/wordfile-670e018254a32.wav","mime":"audio\/x-wav","copyright":{"license":"U"}}]},{"text":" mais ","startDuration":"1.2572","endDuration":"1.5830","wordfile":[{"path":"audios\/wordfile-670e019d3a81e.wav","mime":"audio\/x-wav","copyright":{"license":"U"}}]},{"text":" alto ","startDuration":"1.5840","endDuration":"2.0388","wordfile":[{"path":"audios\/wordfile-670e01b29be12.wav","mime":"audio\/x-wav","copyright":{"license":"U"}}]},{"text":" que ","startDuration":"2.0398","endDuration":"2.3687","wordfile":[{"path":"audios\/wordfile-670e01cfa9f1b.wav","mime":"audio\/x-wav","copyright":{"license":"U"}}]},{"text":" eu. ","startDuration":"2.3697","endDuration":"2.7551","wordfile":[{"path":"audios\/wordfile-670e01e1acf16.wav","mime":"audio\/x-wav","copyright":{"license":"U"}}]}],"files":[{"path":"audios\/files-670e011867968.wav","mime":"audio\/x-wav","copyright":{"license":"U"}}]},"subContentId":"1b343c10-528a-4ff7-838e-a8f647beea89","metadata":{"contentType":"Curious Reader Audio","license":"U","title":"Untitled Curious Reader Audio"}},"backgroundOpacity":0,"willDoAnimation":false,"animationType":"glow","displayAsButton":false,"buttonSize":"big","goToSlideType":"specified","invisible":false},{"x":27.233115468409586,"y":27.972991001303974,"width":10.053278867102398,"height":20.872154824049886,"action":{"library":"H5P.Image 1.1","params":{"contentName":"Image"},"subContentId":"9960ceb6-852b-4cbe-b7f5-f6121a03e71c","metadata":{"contentType":"Image","license":"U","title":"Untitled Image"}},"backgroundOpacity":0,"willDoAnimation":true,"animationType":"glow","displayAsButton":false,"buttonSize":"big","goToSlideType":"specified","invisible":false,"id":"img1b343c10-528a-4ff7-838e-a8f647beea89_1"}],"slideBackgroundSelector":{}},{"elements":[{"x":16.338344226579522,"y":4.320560344827586,"width":33.00653594771242,"height":92.45689655172414,"action":{"library":"H5P.Image 1.1","params":{"contentName":"Image","file":{"path":"images\/file-620d8c5c30c01.jpg","mime":"image\/jpeg","copyright":{"license":"U"},"width":639,"height":918}},"metadata":{"contentType":"Image","license":"U","title":"Untitled Image"},"subContentId":"5bf06604-bab2-4fde-b399-8b6b9caf36cb"},"backgroundOpacity":0,"willDoAnimation":false,"animationType":"glow","displayAsButton":false,"buttonSize":"big","goToSlideType":"specified","invisible":false},{"x":52.287581699346404,"y":36.58006515555135,"width":40,"height":40,"action":{"library":"H5P.CRAdvancedText 1.1","params":{"text":"<p dir=\"ltr\" style=\"text-align: center;\"><span style=\"color:#ffffff;\"><span style=\"font-size:1.75em;\">Sou o mais baixo da fam\u00edlia.<\/span><\/span><\/p>\n"},"subContentId":"5da06bf6-c805-48c4-8fd0-add34ef36a2b","metadata":{"contentType":"Text","license":"U","title":"Untitled Text"}},"alwaysDisplayComments":false,"backgroundOpacity":0,"willDoAnimation":false,"animationType":"glow","displayAsButton":false,"buttonSize":"big","goToSlideType":"specified","invisible":false,"solution":""},{"x":47.000103485838785,"y":44.00026681929878,"width":40,"height":40,"action":{"library":"H5P.CRAudio 1.4","params":{"fitToWrapper":true,"currIndex":10,"playerMode":"minimalistic","controls":true,"autoplay":true,"playAudio":"Play audio","pauseAudio":"Pause audio","contentName":"Audio","glowColor":"#ffd85a","timeStampForEachText":[{"text":" Sou ","startDuration":"0.0000","endDuration":"0.4626","wordfile":[{"path":"audios\/wordfile-670e0222ccd8b.wav","mime":"audio\/x-wav","copyright":{"license":"U"}}]},{"text":" o ","startDuration":"0.4636","endDuration":"0.6636","wordfile":[{"path":"audios\/wordfile-670e023569698.wav","mime":"audio\/x-wav","copyright":{"license":"U"}}]},{"text":" mais ","startDuration":"0.6646","endDuration":"1.0269","wordfile":[{"path":"audios\/wordfile-670e024c4bbc2.wav","mime":"audio\/x-wav","copyright":{"license":"U"}}]},{"text":" baixo ","startDuration":"1.0279","endDuration":"1.4876","wordfile":[{"path":"audios\/wordfile-670e0260d6b53.wav","mime":"audio\/x-wav","copyright":{"license":"U"}}]},{"text":" da ","startDuration":"1.4886","endDuration":"1.6591","wordfile":[{"path":"audios\/wordfile-670e02756f355.wav","mime":"audio\/x-wav","copyright":{"license":"U"}}]},{"text":" fam\u00edlia. ","startDuration":"1.6601","endDuration":"2.5849","wordfile":[{"path":"audios\/wordfile-670e029587cbb.wav","mime":"audio\/x-wav","copyright":{"license":"U"}}]}],"files":[{"path":"audios\/files-670e020017f0c.wav","mime":"audio\/x-wav","copyright":{"license":"U"}}]},"subContentId":"fd80c768-bb60-4cf1-837f-d4ef4a0da4e9","metadata":{"contentType":"Curious Reader Audio","license":"U","title":"Untitled Curious Reader Audio"}},"backgroundOpacity":0,"willDoAnimation":false,"animationType":"glow","displayAsButton":false,"buttonSize":"big","goToSlideType":"specified","invisible":false},{"x":18.51851851851852,"y":12.910611231371064,"width":30.174291938997822,"height":39.999440540179975,"action":{"library":"H5P.Image 1.1","params":{"contentName":"Image"},"subContentId":"9b7f575c-69d6-4f02-8322-110233c6e306","metadata":{"contentType":"Image","license":"U","title":"Untitled Image"}},"backgroundOpacity":0,"willDoAnimation":true,"animationType":"glow","displayAsButton":false,"buttonSize":"big","goToSlideType":"specified","invisible":false,"id":"imgfd80c768-bb60-4cf1-837f-d4ef4a0da4e9_5"},{"x":26.143790849673202,"y":40.88360223267504,"width":10.56644880174292,"height":20.872154824049886,"action":{"library":"H5P.Image 1.1","params":{"contentName":"Image"},"subContentId":"6dabfe5d-d06b-4a19-acca-ffe1c625c675","metadata":{"contentType":"Image","license":"U","title":"Untitled Image"}},"backgroundOpacity":0,"willDoAnimation":true,"animationType":"glow","displayAsButton":false,"buttonSize":"big","goToSlideType":"specified","invisible":false,"id":"imgfd80c768-bb60-4cf1-837f-d4ef4a0da4e9_2"}],"slideBackgroundSelector":{}},{"elements":[{"x":17.426470588235293,"y":6.47334051724138,"width":32.46187363834423,"height":89.65517241379311,"action":{"library":"H5P.Image 1.1","params":{"contentName":"Image","file":{"path":"images\/file-620d8c9aa16a1.jpg","mime":"image\/jpeg","copyright":{"license":"U"},"width":639,"height":918}},"metadata":{"contentType":"Image","license":"U","title":"Untitled Image"},"subContentId":"ae70667a-fe5d-4f6e-96d3-e63ca9aa9160"},"backgroundOpacity":0,"willDoAnimation":false,"animationType":"glow","displayAsButton":false,"buttonSize":"big","goToSlideType":"specified","invisible":false},{"x":53.37690631808279,"y":34.428296616989506,"width":40,"height":40,"action":{"library":"H5P.CRAdvancedText 1.1","params":{"text":"<p dir=\"ltr\" style=\"text-align: center;\"><span style=\"font-size:1.75em;\"><span style=\"color:#ffffff;\">Oh espere! Ali est\u00e1 nosso cachorrinho, JoJo.<\/span><\/span><\/p>\n"},"subContentId":"9b262f75-e92f-402d-a68c-1f6324d6de47","metadata":{"contentType":"Text","license":"U","title":"Untitled Text"}},"alwaysDisplayComments":false,"backgroundOpacity":0,"willDoAnimation":false,"animationType":"glow","displayAsButton":false,"buttonSize":"big","goToSlideType":"specified","invisible":false,"solution":""},{"x":47.000103485838785,"y":44.00026681929878,"width":40,"height":40,"action":{"library":"H5P.CRAudio 1.4","params":{"fitToWrapper":true,"currIndex":11,"playerMode":"minimalistic","controls":true,"autoplay":true,"playAudio":"Play audio","pauseAudio":"Pause audio","contentName":"Audio","glowColor":"#ffd85a","timeStampForEachText":[{"text":" Oh ","startDuration":"0.0000","endDuration":"0.3956","wordfile":[{"path":"audios\/wordfile-670e02ced2dc1.wav","mime":"audio\/x-wav","copyright":{"license":"U"}}]},{"text":" espere! ","startDuration":"0.3966","endDuration":"1.3325","wordfile":[{"path":"audios\/wordfile-670e02ef96a3d.wav","mime":"audio\/x-wav","copyright":{"license":"U"}}]},{"text":" Ali ","startDuration":"1.3335","endDuration":"1.7245","wordfile":[{"path":"audios\/wordfile-670e03065b28a.wav","mime":"audio\/x-wav","copyright":{"license":"U"}}]},{"text":" est\u00e1 ","startDuration":"1.7860","endDuration":"1.9907","wordfile":[{"path":"audios\/wordfile-670e032d7cd61.wav","mime":"audio\/x-wav","copyright":{"license":"U"}}]},{"text":" nosso ","startDuration":"2.0522","endDuration":"2.4991","wordfile":[{"path":"audios\/wordfile-670e0353523cc.wav","mime":"audio\/x-wav","copyright":{"license":"U"}}]},{"text":" cachorrinho, ","startDuration":"2.5001","endDuration":"3.3428","wordfile":[{"path":"audios\/wordfile-670e036d189c4.wav","mime":"audio\/x-wav","copyright":{"license":"U"}}]},{"text":" JoJo. ","startDuration":"3.3438","endDuration":"4.0800","wordfile":[{"path":"audios\/wordfile-670e037f69256.wav","mime":"audio\/x-wav","copyright":{"license":"U"}}]}],"files":[{"path":"audios\/files-670e02b348394.wav","mime":"audio\/x-wav","copyright":{"license":"U"}}]},"subContentId":"a9ca5804-d49a-4c91-ae8a-dee570cbdb52","metadata":{"contentType":"Curious Reader Audio","license":"U","title":"Untitled Curious Reader Audio"}},"backgroundOpacity":0,"willDoAnimation":false,"animationType":"glow","displayAsButton":false,"buttonSize":"big","goToSlideType":"specified","invisible":false},{"x":37.03703703703704,"y":68.85659323397901,"width":11.783442265795207,"height":20.872154824049886,"action":{"library":"H5P.Image 1.1","params":{"contentName":"Image"},"subContentId":"4737f667-700f-4db3-84a1-065e39c1aa1c","metadata":{"contentType":"Image","license":"U","title":"Untitled Image"}},"backgroundOpacity":0,"willDoAnimation":true,"animationType":"glow","displayAsButton":false,"buttonSize":"big","goToSlideType":"specified","invisible":false,"id":"imga9ca5804-d49a-4c91-ae8a-dee570cbdb52_5"},{"x":37.03703703703704,"y":68.85659323397901,"width":11.655773420479303,"height":21.707686547573452,"action":{"library":"H5P.Image 1.1","params":{"contentName":"Image"},"subContentId":"ed42d022-e367-4271-9540-e76175e41cfa","metadata":{"contentType":"Image","license":"U","title":"Untitled Image"}},"backgroundOpacity":0,"willDoAnimation":true,"animationType":"glow","displayAsButton":false,"buttonSize":"big","goToSlideType":"specified","invisible":false,"id":"imga9ca5804-d49a-4c91-ae8a-dee570cbdb52_6"}],"slideBackgroundSelector":{}},{"elements":[{"x":16.228976034858388,"y":6.47334051724138,"width":32.6797385620915,"height":90.51724137931035,"action":{"library":"H5P.Image 1.1","params":{"contentName":"Image","file":{"path":"images\/file-620d8cddb99ae.jpg","mime":"image\/jpeg","copyright":{"license":"U"},"width":479,"height":687}},"metadata":{"contentType":"Image","license":"U","title":"Untitled Image"},"subContentId":"b0a958ff-98a9-43bb-a0f2-0d435e39a16f"},"backgroundOpacity":0,"willDoAnimation":false,"animationType":"glow","displayAsButton":false,"buttonSize":"big","goToSlideType":"specified","invisible":false},{"x":53.37690631808279,"y":40.88360223267504,"width":40,"height":40,"action":{"library":"H5P.CRAdvancedText 1.1","params":{"text":"<p dir=\"ltr\" style=\"text-align: center;\"><span style=\"font-size:1.75em;\"><span style=\"color:#ffffff;\">Jojo est\u00e1 a pegar meus chinelos.<\/span><\/span><\/p>\n"},"subContentId":"8564a3dc-0eca-4be8-ba1d-b8018542d278","metadata":{"contentType":"Text","license":"U","title":"Untitled Text"}},"alwaysDisplayComments":false,"backgroundOpacity":0,"willDoAnimation":false,"animationType":"glow","displayAsButton":false,"buttonSize":"big","goToSlideType":"specified","invisible":false,"solution":""},{"x":47.000103485838785,"y":44.00026681929878,"width":40,"height":40,"action":{"library":"H5P.CRAudio 1.4","params":{"fitToWrapper":true,"currIndex":12,"playerMode":"minimalistic","controls":true,"autoplay":true,"playAudio":"Play audio","pauseAudio":"Pause audio","contentName":"Audio","glowColor":"#ffd85a","timeStampForEachText":[{"text":" Jojo ","startDuration":"0.0000","endDuration":"0.6632","wordfile":[{"path":"audios\/wordfile-670e03c30fe0e.wav","mime":"audio\/x-wav","copyright":{"license":"U"}}]},{"text":" est\u00e1 ","startDuration":"0.6642","endDuration":"1.1139","wordfile":[{"path":"audios\/wordfile-670e03d97c478.wav","mime":"audio\/x-wav","copyright":{"license":"U"}}]},{"text":" a ","startDuration":"1.1149","endDuration":"1.3149","wordfile":[{"path":"audios\/wordfile-670e03ec5e701.wav","mime":"audio\/x-wav","copyright":{"license":"U"}}]},{"text":" pegar ","startDuration":"1.3159","endDuration":"1.7982","wordfile":[{"path":"audios\/wordfile-670e04000050b.wav","mime":"audio\/x-wav","copyright":{"license":"U"}}]},{"text":" meus ","startDuration":"1.7992","endDuration":"2.1222","wordfile":[{"path":"audios\/wordfile-670e04137a594.wav","mime":"audio\/x-wav","copyright":{"license":"U"}}]},{"text":" chinelos. ","startDuration":"2.1232","endDuration":"3.1700","wordfile":[{"path":"audios\/wordfile-670e0427ae490.wav","mime":"audio\/x-wav","copyright":{"license":"U"}}]}],"files":[{"path":"audios\/files-670e039e4cefc.wav","mime":"audio\/x-wav","copyright":{"license":"U"}}]},"subContentId":"1cbc0e16-8b45-4ab5-a903-6fc5d7098fbb","metadata":{"contentType":"Curious Reader Audio","license":"U","title":"Untitled Curious Reader Audio"}},"backgroundOpacity":0,"willDoAnimation":false,"animationType":"glow","displayAsButton":false,"buttonSize":"big","goToSlideType":"specified","invisible":false},{"x":34.85838779956427,"y":64.55305615685532,"width":12.745098039215687,"height":15.307810489441273,"action":{"library":"H5P.Image 1.1","params":{"contentName":"Image"},"subContentId":"524ac033-090a-418e-8429-250d0c3922ba","metadata":{"contentType":"Image","license":"U","title":"Untitled Image"}},"backgroundOpacity":0,"willDoAnimation":true,"animationType":"glow","displayAsButton":false,"buttonSize":"big","goToSlideType":"specified","invisible":false,"id":"img1cbc0e16-8b45-4ab5-a903-6fc5d7098fbb_0"},{"x":33.769063180827885,"y":71.00836177254085,"width":5.119825708061002,"height":10.644540748040816,"action":{"library":"H5P.Image 1.1","params":{"contentName":"Image"},"subContentId":"29c0c5ff-bbc2-4d01-90f3-0e50e8752d53","metadata":{"contentType":"Image","license":"U","title":"Untitled Image"}},"backgroundOpacity":0,"willDoAnimation":true,"animationType":"glow","displayAsButton":false,"buttonSize":"big","goToSlideType":"specified","invisible":false,"id":"img1cbc0e16-8b45-4ab5-a903-6fc5d7098fbb_5"}],"slideBackgroundSelector":{}},{"elements":[{"x":15.247167755991283,"y":6.47334051724138,"width":32.6797385620915,"height":90.30172413793105,"action":{"library":"H5P.Image 1.1","params":{"contentName":"Image","file":{"path":"images\/file-620d8d0a066ff.jpg","mime":"image\/jpeg","copyright":{"license":"U"},"width":479,"height":687}},"metadata":{"contentType":"Image","license":"U","title":"Untitled Image"},"subContentId":"89d672ca-d3ad-478d-bb23-9297f0787395"},"backgroundOpacity":0,"willDoAnimation":false,"animationType":"glow","displayAsButton":false,"buttonSize":"big","goToSlideType":"specified","invisible":false},{"x":52.287581699346404,"y":34.428296616989506,"width":40,"height":40,"action":{"library":"H5P.CRAdvancedText 1.1","params":{"text":"<p dir=\"ltr\" style=\"text-align: center;\"><span style=\"color:#ffffff;\"><span style=\"font-size:1.75em;\">Haha! JoJo \u00e9 o mais curto.<\/span><\/span><\/p>\n"},"subContentId":"2454353b-98f5-4c25-87f6-d757dd5e4711","metadata":{"contentType":"Text","license":"U","title":"Untitled Text"}},"alwaysDisplayComments":false,"backgroundOpacity":0,"willDoAnimation":false,"animationType":"glow","displayAsButton":false,"buttonSize":"big","goToSlideType":"specified","invisible":false,"solution":""},{"x":47.000103485838785,"y":44.00026681929878,"width":40,"height":40,"action":{"library":"H5P.CRAudio 1.4","params":{"fitToWrapper":true,"currIndex":13,"playerMode":"minimalistic","controls":true,"autoplay":true,"playAudio":"Play audio","pauseAudio":"Pause audio","contentName":"Audio","glowColor":"#ffd85a","timeStampForEachText":[{"text":" Haha! ","startDuration":"0.0000","endDuration":"0.7879","wordfile":[{"path":"audios\/wordfile-670e0469d77e5.wav","mime":"audio\/x-wav","copyright":{"license":"U"}}]},{"text":" JoJo ","startDuration":"0.7889","endDuration":"1.3598","wordfile":[{"path":"audios\/wordfile-670e0488bf8c8.wav","mime":"audio\/x-wav","copyright":{"license":"U"}}]},{"text":" \u00e9 ","startDuration":"1.3608","endDuration":"1.4824","wordfile":[{"path":"audios\/wordfile-670e04a4e2f24.wav","mime":"audio\/x-wav","copyright":{"license":"U"}}]},{"text":" o ","startDuration":"1.4834","endDuration":"1.5904","wordfile":[{"path":"audios\/wordfile-670e04bcdaf80.wav","mime":"audio\/x-wav","copyright":{"license":"U"}}]},{"text":" mais ","startDuration":"1.5914","endDuration":"1.9211","wordfile":[{"path":"audios\/wordfile-670e04d4b68fb.wav","mime":"audio\/x-wav","copyright":{"license":"U"}}]},{"text":" curto. ","startDuration":"1.9251","endDuration":"2.6412","wordfile":[{"path":"audios\/wordfile-670e04ecb0a5a.wav","mime":"audio\/x-wav","copyright":{"license":"U"}}]}],"files":[{"path":"audios\/files-670e044261b12.wav","mime":"audio\/x-wav","copyright":{"license":"U"}}]},"subContentId":"1f36598f-32bc-41cd-ad80-28f4f59ff51b","metadata":{"contentType":"Curious Reader Audio","license":"U","title":"Untitled Curious Reader Audio"}},"backgroundOpacity":0,"willDoAnimation":false,"animationType":"glow","displayAsButton":false,"buttonSize":"big","goToSlideType":"specified","invisible":false},{"x":31.59041394335512,"y":62.40128761829348,"width":8.387799564270153,"height":17.417554988445005,"action":{"library":"H5P.Image 1.1","params":{"contentName":"Image"},"subContentId":"d518dbf5-6b16-47df-9e91-0538dfb4ef5a","metadata":{"contentType":"Image","license":"U","title":"Untitled Image"}},"backgroundOpacity":0,"willDoAnimation":true,"animationType":"glow","displayAsButton":false,"buttonSize":"big","goToSlideType":"specified","invisible":false,"id":"img1f36598f-32bc-41cd-ad80-28f4f59ff51b_1"},{"x":26.143790849673202,"y":36.58006515555135,"width":10.56644880174292,"height":23.023923362611733,"action":{"library":"H5P.Image 1.1","params":{"contentName":"Image"},"subContentId":"adc120e0-1b16-4f93-8a20-c6522ba7a1cf","metadata":{"contentType":"Image","license":"U","title":"Untitled Image"}},"backgroundOpacity":0,"willDoAnimation":true,"animationType":"glow","displayAsButton":false,"buttonSize":"big","goToSlideType":"specified","invisible":false,"id":"img1f36598f-32bc-41cd-ad80-28f4f59ff51b_0"}],"slideBackgroundSelector":{}},{"elements":[{"x":14.159041394335512,"y":7.847370689655173,"width":35.83877995642702,"height":89.00862068965517,"action":{"library":"H5P.Image 1.1","params":{"contentName":"Image","file":{"path":"images\/file-620d8d312228a.jpg","mime":"image\/jpeg","copyright":{"license":"U"},"width":479,"height":687}},"metadata":{"contentType":"Image","license":"U","title":"Untitled Image"},"subContentId":"e767bcfd-f9ac-468c-afd5-1d15bc90d6b7"},"backgroundOpacity":0,"willDoAnimation":false,"animationType":"glow","displayAsButton":false,"buttonSize":"big","goToSlideType":"specified","invisible":false},{"x":53.37690631808279,"y":40.88360223267504,"width":40,"height":40,"action":{"library":"H5P.CRAdvancedText 1.1","params":{"text":"<p dir=\"ltr\" style=\"text-align: center;\"><span style=\"color:#ffffff;\"><span style=\"font-size:1.75em;\">Sim! JoJo \u00e9 mais baixo do que eu.<\/span><\/span><\/p>\n"},"subContentId":"9ad72868-95b2-40a9-b911-06eaf294e6d2","metadata":{"contentType":"Text","license":"U","title":"Untitled Text"}},"alwaysDisplayComments":false,"backgroundOpacity":0,"willDoAnimation":false,"animationType":"glow","displayAsButton":false,"buttonSize":"big","goToSlideType":"specified","invisible":false,"solution":""},{"x":47.000103485838785,"y":44.00026681929878,"width":40,"height":40,"action":{"library":"H5P.CRAudio 1.4","params":{"fitToWrapper":true,"currIndex":14,"playerMode":"minimalistic","controls":true,"autoplay":true,"playAudio":"Play audio","pauseAudio":"Pause audio","contentName":"Audio","glowColor":"#ffd85a","timeStampForEachText":[{"text":" Sim! ","startDuration":"0.0000","endDuration":"0.7086","wordfile":[{"path":"audios\/wordfile-670e0538d04a0.wav","mime":"audio\/x-wav","copyright":{"license":"U"}}]},{"text":" JoJo ","startDuration":"0.7979","endDuration":"1.3758","wordfile":[{"path":"audios\/wordfile-670e054f1ea08.wav","mime":"audio\/x-wav","copyright":{"license":"U"}}]},{"text":" \u00e9 ","startDuration":"1.3768","endDuration":"1.5026","wordfile":[{"path":"audios\/wordfile-670e05661b956.wav","mime":"audio\/x-wav","copyright":{"license":"U"}}]},{"text":" mais ","startDuration":"1.5036","endDuration":"1.7778","wordfile":[{"path":"audios\/wordfile-670e057ec4d56.wav","mime":"audio\/x-wav","copyright":{"license":"U"}}]},{"text":" baixo ","startDuration":"1.7788","endDuration":"2.2049","wordfile":[{"path":"audios\/wordfile-670e05941fcb5.wav","mime":"audio\/x-wav","copyright":{"license":"U"}}]},{"text":" do ","startDuration":"2.2059","endDuration":"2.4059","wordfile":[{"path":"audios\/wordfile-670e05a5f1875.wav","mime":"audio\/x-wav","copyright":{"license":"U"}}]},{"text":" que ","startDuration":"2.4069","endDuration":"2.6775","wordfile":[{"path":"audios\/wordfile-670e05bc1bf14.wav","mime":"audio\/x-wav","copyright":{"license":"U"}}]},{"text":" eu. ","startDuration":"2.7374","endDuration":"3.0293","wordfile":[{"path":"audios\/wordfile-670e05d43e41f.wav","mime":"audio\/x-wav","copyright":{"license":"U"}}]}],"files":[{"path":"audios\/files-670e0519e97af.wav","mime":"audio\/x-wav","copyright":{"license":"U"}}]},"subContentId":"30d6392f-0155-4654-8b3c-f4e32cff83c0","metadata":{"contentType":"Curious Reader Audio","license":"U","title":"Untitled Curious Reader Audio"}},"backgroundOpacity":0,"willDoAnimation":false,"animationType":"glow","displayAsButton":false,"buttonSize":"big","goToSlideType":"specified","invisible":false},{"x":23.965141612200437,"y":60.249519079731634,"width":8.387799564270153,"height":16.46774283783842,"action":{"library":"H5P.Image 1.1","params":{"contentName":"Image"},"subContentId":"8cfa0cb4-eab3-4f91-8f0d-a72f26ed1f54","metadata":{"contentType":"Image","license":"U","title":"Untitled Image"}},"backgroundOpacity":0,"willDoAnimation":true,"animationType":"glow","displayAsButton":false,"buttonSize":"big","goToSlideType":"specified","invisible":false,"id":"img30d6392f-0155-4654-8b3c-f4e32cff83c0_1"},{"x":26.143790849673206,"y":21.51768538561844,"width":15.41644880174292,"height":27.327460439735418,"action":{"library":"H5P.Image 1.1","params":{"contentName":"Image"},"subContentId":"c3e321c8-02ce-41ef-bc7b-e75964b10ad6","metadata":{"contentType":"Image","license":"U","title":"Untitled Image"}},"backgroundOpacity":0,"willDoAnimation":true,"animationType":"glow","displayAsButton":false,"buttonSize":"big","goToSlideType":"specified","invisible":false,"id":"img30d6392f-0155-4654-8b3c-f4e32cff83c0_3"}],"slideBackgroundSelector":{}},{"elements":[{"x":13.832270408163264,"y":6.468438287153652,"width":34.43877551020408,"height":90.42821158690175,"action":{"library":"H5P.Image 1.1","params":{"contentName":"Image","file":{"path":"images\/file-620d8d58bb16b.jpg","mime":"image\/jpeg","copyright":{"license":"U"},"width":639,"height":918}},"metadata":{"contentType":"Image","license":"U","title":"Untitled Image"},"subContentId":"04bd3f8e-9a22-417f-8446-3b35b45f2017"},"backgroundOpacity":0,"willDoAnimation":false,"animationType":"glow","displayAsButton":false,"buttonSize":"big","goToSlideType":"specified","invisible":false},{"x":53.37690631808279,"y":40.88360223267504,"width":40,"height":40,"action":{"library":"H5P.CRAdvancedText 1.1","params":{"text":"<p dir=\"ltr\" style=\"text-align: center;\"><span style=\"font-size:1.75em;\"><span style=\"color:#ffffff;\">Sou mais baixo que meu irm\u00e3o.<\/span><\/span><\/p>\n"},"subContentId":"07b0ce94-eba5-402f-b644-a387589e0110","metadata":{"contentType":"Text","license":"U","title":"Untitled Text"}},"alwaysDisplayComments":false,"backgroundOpacity":0,"willDoAnimation":false,"animationType":"glow","displayAsButton":false,"buttonSize":"big","goToSlideType":"specified","invisible":false,"solution":""},{"x":47.000103485838785,"y":44.00026681929878,"width":40,"height":40,"action":{"library":"H5P.CRAudio 1.4","params":{"fitToWrapper":true,"currIndex":15,"playerMode":"minimalistic","controls":true,"autoplay":true,"playAudio":"Play audio","pauseAudio":"Pause audio","contentName":"Audio","glowColor":"#ffd85a","timeStampForEachText":[{"text":" Sou ","startDuration":"0.0000","endDuration":"0.3927","wordfile":[{"path":"audios\/wordfile-670e062951abd.wav","mime":"audio\/x-wav","copyright":{"license":"U"}}]},{"text":" mais ","startDuration":"0.3937","endDuration":"0.7115","wordfile":[{"path":"audios\/wordfile-670e06408cf49.wav","mime":"audio\/x-wav","copyright":{"license":"U"}}]},{"text":" baixo ","startDuration":"0.7125","endDuration":"1.1186","wordfile":[{"path":"audios\/wordfile-670e06559d725.wav","mime":"audio\/x-wav","copyright":{"license":"U"}}]},{"text":" que ","startDuration":"1.1196","endDuration":"1.3196","wordfile":[{"path":"audios\/wordfile-670e066759d85.wav","mime":"audio\/x-wav","copyright":{"license":"U"}}]},{"text":" meu ","startDuration":"1.3206","endDuration":"1.6732","wordfile":[{"path":"audios\/wordfile-670e067caa834.wav","mime":"audio\/x-wav","copyright":{"license":"U"}}]},{"text":" irm\u00e3o. ","startDuration":"1.6742","endDuration":"2.3445","wordfile":[{"path":"audios\/wordfile-670e069500315.wav","mime":"audio\/x-wav","copyright":{"license":"U"}}]}],"files":[{"path":"audios\/files-670e05f833208.wav","mime":"audio\/x-wav","copyright":{"license":"U"}}]},"subContentId":"ae411af2-02e1-4dcf-b38d-867226844482","metadata":{"contentType":"Curious Reader Audio","license":"U","title":"Untitled Curious Reader Audio"}},"backgroundOpacity":0,"willDoAnimation":false,"animationType":"glow","displayAsButton":false,"buttonSize":"big","goToSlideType":"specified","invisible":false},{"x":18.75511982570806,"y":30.12475953986582,"width":14.26252723311547,"height":23.023923362611733,"action":{"library":"H5P.Image 1.1","params":{"contentName":"Image"},"subContentId":"0763dddb-e4de-4a92-bcb2-30a0ccafd9fa","metadata":{"contentType":"Image","license":"U","title":"Untitled Image"}},"backgroundOpacity":0,"willDoAnimation":true,"animationType":"glow","displayAsButton":false,"buttonSize":"big","goToSlideType":"specified","invisible":false,"id":"imgae411af2-02e1-4dcf-b38d-867226844482_1"},{"x":30.501089324618736,"y":12.910611231371064,"width":13.513616557734206,"height":25.175691901173575,"action":{"library":"H5P.Image 1.1","params":{"contentName":"Image"},"subContentId":"bc021e00-7e05-48a2-8c17-1f7d061aa2ba","metadata":{"contentType":"Image","license":"U","title":"Untitled Image"}},"backgroundOpacity":0,"willDoAnimation":true,"animationType":"glow","displayAsButton":false,"buttonSize":"big","goToSlideType":"specified","invisible":false,"id":"imgae411af2-02e1-4dcf-b38d-867226844482_5"}],"slideBackgroundSelector":{}},{"elements":[{"x":14.161220043572985,"y":6.4655172413793105,"width":35.947712418300654,"height":90.73275862068967,"action":{"library":"H5P.Image 1.1","params":{"contentName":"Image","file":{"path":"images\/file-620d8da1ca430.jpg","mime":"image\/jpeg","copyright":{"license":"U"},"width":479,"height":687}},"metadata":{"contentType":"Image","license":"U","title":"Untitled Image"},"subContentId":"60e40c47-4d45-4d74-8969-9c409aee425a"},"backgroundOpacity":0,"willDoAnimation":false,"animationType":"glow","displayAsButton":false,"buttonSize":"big","goToSlideType":"specified","invisible":false},{"x":53.37690631808279,"y":40.88360223267504,"width":40,"height":40,"action":{"library":"H5P.CRAdvancedText 1.1","params":{"text":"<p dir=\"ltr\" style=\"text-align: center;\"><span style=\"font-size:1.75em;\"><span style=\"color:#ffffff;\">Meu irm\u00e3o \u00e9 mais baixo que minha irm\u00e3.<\/span><\/span><\/p>\n"},"subContentId":"4e808457-769d-4f3b-95db-7d65d906f36b","metadata":{"contentType":"Text","license":"U","title":"Untitled Text"}},"alwaysDisplayComments":false,"backgroundOpacity":0,"willDoAnimation":false,"animationType":"glow","displayAsButton":false,"buttonSize":"big","goToSlideType":"specified","invisible":false,"solution":""},{"x":47.000103485838785,"y":44.00026681929878,"width":40,"height":40,"action":{"library":"H5P.CRAudio 1.4","params":{"fitToWrapper":true,"currIndex":16,"playerMode":"minimalistic","controls":true,"autoplay":true,"playAudio":"Play audio","pauseAudio":"Pause audio","contentName":"Audio","glowColor":"#ffd85a","timeStampForEachText":[{"text":" Meu ","startDuration":"0.0000","endDuration":"0.2948","wordfile":[{"path":"audios\/wordfile-670e06d3720f5.wav","mime":"audio\/x-wav","copyright":{"license":"U"}}]},{"text":" irm\u00e3o ","startDuration":"0.2949","endDuration":"0.7956","wordfile":[{"path":"audios\/wordfile-670e06f9e1e81.wav","mime":"audio\/x-wav","copyright":{"license":"U"}}]},{"text":" \u00e9 ","startDuration":"0.7966","endDuration":"0.9966","wordfile":[{"path":"audios\/wordfile-670e070f45899.wav","mime":"audio\/x-wav","copyright":{"license":"U"}}]},{"text":" mais ","startDuration":"0.9976","endDuration":"1.2793","wordfile":[{"path":"audios\/wordfile-670e07264b33d.wav","mime":"audio\/x-wav","copyright":{"license":"U"}}]},{"text":" baixo ","startDuration":"1.2803","endDuration":"1.7026","wordfile":[{"path":"audios\/wordfile-670e073f086f8.wav","mime":"audio\/x-wav","copyright":{"license":"U"}}]},{"text":" que ","startDuration":"1.7036","endDuration":"1.9036","wordfile":[{"path":"audios\/wordfile-670e07520a82a.wav","mime":"audio\/x-wav","copyright":{"license":"U"}}]},{"text":" minha ","startDuration":"1.9046","endDuration":"2.2190","wordfile":[{"path":"audios\/wordfile-670e076f00cf3.wav","mime":"audio\/x-wav","copyright":{"license":"U"}}]},{"text":" irm\u00e3. ","startDuration":"2.2200","endDuration":"2.8633","wordfile":[{"path":"audios\/wordfile-670e0785658ca.wav","mime":"audio\/x-wav","copyright":{"license":"U"}}]}],"files":[{"path":"audios\/files-670e06b706ffe.wav","mime":"audio\/x-wav","copyright":{"license":"U"}}]},"subContentId":"842314d2-42c8-4357-afe1-c7b521d7844a","metadata":{"contentType":"Curious Reader Audio","license":"U","title":"Untitled Curious Reader Audio"}},"backgroundOpacity":0,"willDoAnimation":false,"animationType":"glow","displayAsButton":false,"buttonSize":"big","goToSlideType":"specified","invisible":false},{"x":33.769063180827885,"y":15.062379769932909,"width":12.745098039215687,"height":26.4499692297099,"action":{"library":"H5P.Image 1.1","params":{"contentName":"Image"},"subContentId":"2797177c-9717-4d21-b398-83d25a89f929","metadata":{"contentType":"Image","license":"U","title":"Untitled Image"}},"backgroundOpacity":0,"willDoAnimation":true,"animationType":"glow","displayAsButton":false,"buttonSize":"big","goToSlideType":"specified","invisible":false,"id":"img842314d2-42c8-4357-afe1-c7b521d7844a_1"},{"x":27.233115468409586,"y":30.124759539865817,"width":10.053278867102398,"height":20.872154824049886,"action":{"library":"H5P.Image 1.1","params":{"contentName":"Image"},"subContentId":"5aadff1d-99ed-432c-a073-b49de8ecbdd8","metadata":{"contentType":"Image","license":"U","title":"Untitled Image"}},"backgroundOpacity":0,"willDoAnimation":true,"animationType":"glow","displayAsButton":false,"buttonSize":"big","goToSlideType":"specified","invisible":false,"id":"img842314d2-42c8-4357-afe1-c7b521d7844a_7"}],"slideBackgroundSelector":{}},{"elements":[{"x":14.596949891067538,"y":5.603448275862069,"width":34.85838779956427,"height":91.16379310344828,"action":{"library":"H5P.Image 1.1","params":{"contentName":"Image","file":{"path":"images\/file-620d8dcd7ce8c.jpg","mime":"image\/jpeg","copyright":{"license":"U"},"width":479,"height":687}},"metadata":{"contentType":"Image","license":"U","title":"Untitled Image"},"subContentId":"74592e07-1d40-4cfc-8d4f-dc0d059d43f9"},"backgroundOpacity":0,"willDoAnimation":false,"animationType":"glow","displayAsButton":false,"buttonSize":"big","goToSlideType":"specified","invisible":false},{"x":54.46623093681917,"y":34.428296616989506,"width":40,"height":40,"action":{"library":"H5P.CRAdvancedText 1.1","params":{"text":"<p dir=\"ltr\" style=\"text-align: center;\"><span style=\"font-size:1.75em;\"><span style=\"color:#ffffff;\">Minha irm\u00e3 \u00e9 mais baixa que Mam\u00e3e.<\/span><\/span><\/p>\n"},"subContentId":"6643345b-5a55-497e-8b6d-cb994138123e","metadata":{"contentType":"Text","license":"U","title":"Untitled Text"}},"alwaysDisplayComments":false,"backgroundOpacity":0,"willDoAnimation":false,"animationType":"glow","displayAsButton":false,"buttonSize":"big","goToSlideType":"specified","invisible":false,"solution":""},{"x":47.000103485838785,"y":44.00026681929878,"width":40,"height":40,"action":{"library":"H5P.CRAudio 1.4","params":{"fitToWrapper":true,"currIndex":17,"playerMode":"minimalistic","controls":true,"autoplay":true,"playAudio":"Play audio","pauseAudio":"Pause audio","contentName":"Audio","glowColor":"#ffd85a","timeStampForEachText":[{"text":" Minha ","startDuration":"0.0000","endDuration":"0.3721","wordfile":[{"path":"audios\/wordfile-670e07dc21a40.wav","mime":"audio\/x-wav","copyright":{"license":"U"}}]},{"text":" irm\u00e3 ","startDuration":"0.3731","endDuration":"0.8579","wordfile":[{"path":"audios\/wordfile-670e07f261641.wav","mime":"audio\/x-wav","copyright":{"license":"U"}}]},{"text":" \u00e9 ","startDuration":"0.8589","endDuration":"0.9650","wordfile":[{"path":"audios\/wordfile-670e080d7496a.wav","mime":"audio\/x-wav","copyright":{"license":"U"}}]},{"text":" mais ","startDuration":"0.9660","endDuration":"1.3663","wordfile":[{"path":"audios\/wordfile-670e082255a69.wav","mime":"audio\/x-wav","copyright":{"license":"U"}}]},{"text":" baixa ","startDuration":"1.3673","endDuration":"1.8302","wordfile":[{"path":"audios\/wordfile-670e088374d56.wav","mime":"audio\/x-wav","copyright":{"license":"U"}}]},{"text":" que ","startDuration":"1.8312","endDuration":"2.0312","wordfile":[{"path":"audios\/wordfile-670e0896cb25a.wav","mime":"audio\/x-wav","copyright":{"license":"U"}}]},{"text":" Mam\u00e3e. ","startDuration":"2.0322","endDuration":"2.7416","wordfile":[{"path":"audios\/wordfile-670e08af5c459.wav","mime":"audio\/x-wav","copyright":{"license":"U"}}]}],"files":[{"path":"audios\/files-670e07b84c165.wav","mime":"audio\/x-wav","copyright":{"license":"U"}}]},"subContentId":"8bcff8d7-c075-401e-8734-d4e28b0e9800","metadata":{"contentType":"Curious Reader Audio","license":"U","title":"Untitled Curious Reader Audio"}},"backgroundOpacity":0,"willDoAnimation":false,"animationType":"glow","displayAsButton":false,"buttonSize":"big","goToSlideType":"specified","invisible":false},{"x":16.33986928104575,"y":25.821222462742128,"width":11.725599128540306,"height":23.023923362611733,"action":{"library":"H5P.Image 1.1","params":{"contentName":"Image"},"subContentId":"a231a9ed-df87-4b38-abb7-bde0147c8b18","metadata":{"contentType":"Image","license":"U","title":"Untitled Image"}},"backgroundOpacity":0,"willDoAnimation":true,"animationType":"glow","displayAsButton":false,"buttonSize":"big","goToSlideType":"specified","invisible":false,"id":"img8bcff8d7-c075-401e-8734-d4e28b0e9800_1"},{"x":23.965141612200437,"y":15.062379769932909,"width":11.207298474945533,"height":20.872154824049886,"action":{"library":"H5P.Image 1.1","params":{"contentName":"Image"},"subContentId":"6206a7ee-cf0e-4c45-afd6-00190be08a9f","metadata":{"contentType":"Image","license":"U","title":"Untitled Image"}},"backgroundOpacity":0,"willDoAnimation":true,"animationType":"glow","displayAsButton":false,"buttonSize":"big","goToSlideType":"specified","invisible":false,"id":"img8bcff8d7-c075-401e-8734-d4e28b0e9800_6"}],"slideBackgroundSelector":{}},{"elements":[{"x":13.069005102040816,"y":6.468438287153652,"width":35.714285714285715,"height":90.6801007556675,"action":{"library":"H5P.Image 1.1","params":{"contentName":"Image","file":{"path":"images\/file-620d8e258bed1.jpg","mime":"image\/jpeg","copyright":{"license":"U"},"width":479,"height":687}},"metadata":{"contentType":"Image","license":"U","title":"Untitled Image"},"subContentId":"bf6b3186-5b89-4ff3-9612-1418d24637a7"},"backgroundOpacity":0,"willDoAnimation":false,"animationType":"glow","displayAsButton":false,"buttonSize":"big","goToSlideType":"specified","invisible":false},{"x":53.37690631808279,"y":38.73183369411319,"width":40,"height":40,"action":{"library":"H5P.CRAdvancedText 1.1","params":{"text":"<p dir=\"ltr\" style=\"text-align: center;\"><span style=\"font-size:1.75em;\"><span style=\"color:#ffffff;\">Ma \u00e9 mais baixa que Papai.<\/span><\/span><\/p>\n"},"subContentId":"1d423c8b-2b6a-404c-ad55-e7db2fcd8803","metadata":{"contentType":"Text","license":"U","title":"Untitled Text"}},"alwaysDisplayComments":false,"backgroundOpacity":0,"willDoAnimation":false,"animationType":"glow","displayAsButton":false,"buttonSize":"big","goToSlideType":"specified","invisible":false,"solution":""},{"x":47.000103485838785,"y":44.00026681929878,"width":40,"height":40,"action":{"library":"H5P.CRAudio 1.4","params":{"fitToWrapper":true,"currIndex":18,"playerMode":"minimalistic","controls":true,"autoplay":true,"playAudio":"Play audio","pauseAudio":"Pause audio","contentName":"Audio","glowColor":"#ffd85a","timeStampForEachText":[{"text":" Ma ","startDuration":"0.0000","endDuration":"0.4241","wordfile":[{"path":"audios\/wordfile-670e08eb8ae9d.wav","mime":"audio\/x-wav","copyright":{"license":"U"}}]},{"text":" \u00e9 ","startDuration":"0.4251","endDuration":"0.6251","wordfile":[{"path":"audios\/wordfile-670e08fca7280.wav","mime":"audio\/x-wav","copyright":{"license":"U"}}]},{"text":" mais ","startDuration":"0.6261","endDuration":"0.9949","wordfile":[{"path":"audios\/wordfile-670e09155c180.wav","mime":"audio\/x-wav","copyright":{"license":"U"}}]},{"text":" baixa ","startDuration":"0.9959","endDuration":"1.4228","wordfile":[{"path":"audios\/wordfile-670e0928af135.wav","mime":"audio\/x-wav","copyright":{"license":"U"}}]},{"text":" que ","startDuration":"1.4238","endDuration":"1.6570","wordfile":[{"path":"audios\/wordfile-670e0940efdfb.wav","mime":"audio\/x-wav","copyright":{"license":"U"}}]},{"text":" Papai. ","startDuration":"1.6580","endDuration":"2.4141","wordfile":[{"path":"audios\/wordfile-670e0955bf0f5.wav","mime":"audio\/x-wav","copyright":{"license":"U"}}]}],"files":[{"path":"audios\/files-670e08d1521ed.wav","mime":"audio\/x-wav","copyright":{"license":"U"}}]},"subContentId":"2ba033c0-c7f3-4c77-92f7-06fc81f26ed5","metadata":{"contentType":"Curious Reader Audio","license":"U","title":"Untitled Curious Reader Audio"}},"backgroundOpacity":0,"willDoAnimation":false,"animationType":"glow","displayAsButton":false,"buttonSize":"big","goToSlideType":"specified","invisible":false},{"x":28.32244008714597,"y":8.607074154247377,"width":11.655773420479303,"height":25.65316933988045,"action":{"library":"H5P.Image 1.1","params":{"contentName":"Image"},"subContentId":"6edb4b84-ca2a-4d02-b848-59d031e67f2b","metadata":{"contentType":"Image","license":"U","title":"Untitled Image"}},"backgroundOpacity":0,"willDoAnimation":true,"animationType":"glow","displayAsButton":false,"buttonSize":"big","goToSlideType":"specified","invisible":false,"id":"img2ba033c0-c7f3-4c77-92f7-06fc81f26ed5_5"},{"x":17.429193899782135,"y":17.214148308494753,"width":9.534139433551198,"height":18.720386285488043,"action":{"library":"H5P.Image 1.1","params":{"contentName":"Image"},"subContentId":"74104aa6-0026-459b-8c78-0e54695fc168","metadata":{"contentType":"Image","license":"U","title":"Untitled Image"}},"backgroundOpacity":0,"willDoAnimation":true,"animationType":"glow","displayAsButton":false,"buttonSize":"big","goToSlideType":"specified","invisible":false,"id":"img2ba033c0-c7f3-4c77-92f7-06fc81f26ed5_0"}],"slideBackgroundSelector":{}},{"elements":[{"x":13.071023965141611,"y":6.482349137931035,"width":35.83877995642702,"height":90.51724137931035,"action":{"library":"H5P.Image 1.1","params":{"contentName":"Image","file":{"path":"images\/file-620d8e5f7c6e2.jpg","mime":"image\/jpeg","copyright":{"license":"U"},"width":639,"height":918}},"metadata":{"contentType":"Image","license":"U","title":"Untitled Image"},"subContentId":"e85d8338-0d12-4245-9ceb-cc02d0c59251"},"backgroundOpacity":0,"willDoAnimation":false,"animationType":"glow","displayAsButton":false,"buttonSize":"big","goToSlideType":"specified","invisible":false},{"x":53.37690631808279,"y":36.58006515555135,"width":40,"height":40,"action":{"library":"H5P.CRAdvancedText 1.1","params":{"text":"<p dir=\"ltr\" style=\"text-align: center;\"><span style=\"font-size:1.75em;\"><span style=\"color:#ffffff;\">Uau! Papai \u00e9 o mais alto e JoJo \u00e9 o mais baixo.<\/span><\/span><\/p>\n"},"subContentId":"95045f79-7578-469b-bf8a-88a9007a1c69","metadata":{"contentType":"Text","license":"U","title":"Untitled Text"}},"alwaysDisplayComments":false,"backgroundOpacity":0,"willDoAnimation":false,"animationType":"glow","displayAsButton":false,"buttonSize":"big","goToSlideType":"specified","invisible":false,"solution":""},{"x":47.000103485838785,"y":44.00026681929878,"width":40,"height":40,"action":{"library":"H5P.CRAudio 1.4","params":{"fitToWrapper":true,"currIndex":19,"playerMode":"minimalistic","controls":true,"autoplay":true,"playAudio":"Play audio","pauseAudio":"Pause audio","contentName":"Audio","glowColor":"#ffd85a","timeStampForEachText":[{"text":" Uau! ","startDuration":"0.0000","endDuration":"0.7890","wordfile":[{"path":"audios\/wordfile-670e0997d4904.wav","mime":"audio\/x-wav","copyright":{"license":"U"}}]},{"text":" Papai ","startDuration":"0.8051","endDuration":"1.3776","wordfile":[{"path":"audios\/wordfile-670e09ae2e760.wav","mime":"audio\/x-wav","copyright":{"license":"U"}}]},{"text":" \u00e9 ","startDuration":"1.3786","endDuration":"1.4866","wordfile":[{"path":"audios\/wordfile-670e09c232e27.wav","mime":"audio\/x-wav","copyright":{"license":"U"}}]},{"text":" o ","startDuration":"1.5454","endDuration":"1.6699","wordfile":[{"path":"audios\/wordfile-670e09df1491e.wav","mime":"audio\/x-wav","copyright":{"license":"U"}}]},{"text":" mais ","startDuration":"1.6709","endDuration":"1.9263","wordfile":[{"path":"audios\/wordfile-670e09f97df26.wav","mime":"audio\/x-wav","copyright":{"license":"U"}}]},{"text":" alto ","startDuration":"1.9273","endDuration":"2.4646","wordfile":[{"path":"audios\/wordfile-670e0a0f96c06.wav","mime":"audio\/x-wav","copyright":{"license":"U"}}]},{"text":" e ","startDuration":"2.4012","endDuration":"2.6012","wordfile":[{"path":"audios\/wordfile-670e0a2bd809c.wav","mime":"audio\/x-wav","copyright":{"license":"U"}}]},{"text":" JoJo ","startDuration":"2.6022","endDuration":"3.0992","wordfile":[{"path":"audios\/wordfile-670e0a4425aa7.wav","mime":"audio\/x-wav","copyright":{"license":"U"}}]},{"text":" \u00e9 ","startDuration":"3.1002","endDuration":"3.2082","wordfile":[{"path":"audios\/wordfile-670e0a5c96e31.wav","mime":"audio\/x-wav","copyright":{"license":"U"}}]},{"text":" o ","startDuration":"3.2092","endDuration":"3.3255","wordfile":[{"path":"audios\/wordfile-670e0a726b7a1.wav","mime":"audio\/x-wav","copyright":{"license":"U"}}]},{"text":" mais ","startDuration":"3.3265","endDuration":"3.6272","wordfile":[{"path":"audios\/wordfile-670e0a8f2ffef.wav","mime":"audio\/x-wav","copyright":{"license":"U"}}]},{"text":" baixo. ","startDuration":"3.6282","endDuration":"4.4097","wordfile":[{"path":"audios\/wordfile-670e0aa245ecc.wav","mime":"audio\/x-wav","copyright":{"license":"U"}}]}],"files":[{"path":"audios\/files-670e097cdbdb9.wav","mime":"audio\/x-wav","copyright":{"license":"U"}}]},"subContentId":"c80a21f2-ccf5-4259-b2f1-42870ba1b015","metadata":{"contentType":"Curious Reader Audio","license":"U","title":"Untitled Curious Reader Audio"}},"backgroundOpacity":0,"willDoAnimation":false,"animationType":"glow","displayAsButton":false,"buttonSize":"big","goToSlideType":"specified","invisible":false},{"x":22.875816993464053,"y":10.758842692809221,"width":7.977603485838779,"height":16.5686177469262,"action":{"library":"H5P.Image 1.1","params":{"contentName":"Image"},"subContentId":"389f6773-5b8a-4005-a135-5f609f3339c4","metadata":{"contentType":"Image","license":"U","title":"Untitled Image"}},"backgroundOpacity":0,"willDoAnimation":true,"animationType":"glow","displayAsButton":false,"buttonSize":"big","goToSlideType":"specified","invisible":false,"id":"imgc80a21f2-ccf5-4259-b2f1-42870ba1b015_1"},{"x":30.501089324618736,"y":66.70482469541717,"width":8.899270152505448,"height":16.5686177469262,"action":{"library":"H5P.Image 1.1","params":{"contentName":"Image"},"subContentId":"7d1ebe53-0369-486d-bc1c-9944f9a8b15f","metadata":{"contentType":"Image","license":"U","title":"Untitled Image"}},"backgroundOpacity":0,"willDoAnimation":true,"animationType":"glow","displayAsButton":false,"buttonSize":"big","goToSlideType":"specified","invisible":false,"id":"imgc80a21f2-ccf5-4259-b2f1-42870ba1b015_7"},{"x":31.59041394335512,"y":66.70482469541717,"width":6.209150326797386,"height":15.363283082365395,"action":{"library":"H5P.Image 1.1","params":{"contentName":"Image"},"subContentId":"e59132b2-f775-44aa-92ca-4051e4423c5b","metadata":{"contentType":"Image","license":"U","title":"Untitled Image"}},"backgroundOpacity":0,"willDoAnimation":true,"animationType":"glow","displayAsButton":false,"buttonSize":"big","goToSlideType":"specified","invisible":false,"id":"imgc80a21f2-ccf5-4259-b2f1-42870ba1b015_11"},{"x":20.697167755991288,"y":8.607074154247377,"width":10.629422657952071,"height":20.872154824049886,"action":{"library":"H5P.Image 1.1","params":{"contentName":"Image"},"subContentId":"4f706b9a-19d1-4707-b8ca-b28a720bf701","metadata":{"contentType":"Image","license":"U","title":"Untitled Image"}},"backgroundOpacity":0,"willDoAnimation":true,"animationType":"glow","displayAsButton":false,"buttonSize":"big","goToSlideType":"specified","invisible":false,"id":"imgc80a21f2-ccf5-4259-b2f1-42870ba1b015_5"}],"slideBackgroundSelector":{}},{"slideBackgroundSelector":{"fillSlideBackground":"#510265"},"elements":[{"x":71.42857142857143,"y":5.037783375314861,"width":26.403061224489797,"height":11.335012594458437,"action":{"library":"H5P.Image 1.1","params":{"contentName":"Image","file":{"path":"images\/file-621416dbd21d6.jpg","mime":"image\/jpeg","copyright":{"license":"U"},"width":1024,"height":209}},"metadata":{"contentType":"Image","license":"U","title":"Untitled Image"},"subContentId":"dca461cf-2797-43fc-8235-d1458724dbba"},"backgroundOpacity":0,"willDoAnimation":false,"animationType":"glow","displayAsButton":false,"buttonSize":"big","goToSlideType":"specified","invisible":false},{"x":3.826530612244898,"y":5.0338539042821155,"width":17.857142857142858,"height":13.09823677581864,"action":{"library":"H5P.Image 1.1","params":{"contentName":"Image","file":{"path":"images\/file-621417de42c38.png","mime":"image\/png","copyright":{"license":"U"},"width":1350,"height":505}},"metadata":{"contentType":"Image","license":"U","title":"Untitled Image"},"subContentId":"e53810ff-db6a-457c-935d-dab072652420"},"backgroundOpacity":0,"willDoAnimation":false,"animationType":"glow","displayAsButton":false,"buttonSize":"big","goToSlideType":"specified","invisible":false},{"x":38.052040816326524,"y":5.0338539042821155,"width":24.489795918367346,"height":12.594458438287154,"action":{"library":"H5P.Image 1.1","params":{"contentName":"Image","file":{"path":"images\/file-6214180a8b815.png","mime":"image\/png","copyright":{"license":"U"},"width":814,"height":202}},"metadata":{"contentType":"Image","license":"U","title":"Untitled Image"},"subContentId":"3d16a928-46cf-41e8-bb91-7aad8259e418"},"backgroundOpacity":0,"willDoAnimation":false,"animationType":"glow","displayAsButton":false,"buttonSize":"big","goToSlideType":"specified","invisible":false},{"x":6.475204081632653,"y":22.66413098236776,"width":88.01020408163265,"height":72.29219143576826,"action":{"library":"H5P.CRAdvancedText 1.1","params":{"text":"<h3 style=\"text-align: center;\"><strong><span style=\"font-size:0.75em;\"><span style=\"background-color:#ffffff;\">\"<\/span><\/span><\/strong>Alto e Baixo<strong><span style=\"font-size:0.75em;\"><span style=\"background-color:#ffffff;\">\" credits<\/span><\/span><\/strong><\/h3>\n\n<h3 style=\"text-align: center;\"><strong><span style=\"font-size:0.75em;\"><span style=\"background-color:#ffffff;\">This work, \u201c<\/span><\/span><\/strong>Alto e Baixo<strong><span style=\"font-size:0.75em;\"><span style=\"background-color:#ffffff;\">\u201d, is a derivative of \u201c<\/span><\/span><span style=\"background-color:#ffffff;\">Ubude nobufushane.<\/span><span style=\"font-size:0.75em;\"><span style=\"background-color:#ffffff;\">\u201d as translated by Celia Bolam used under CC BY. &nbsp;The \u00a9 for this translation lies with Room to Read, 2015. It is based on the original story: '\u1781\u17d2\u1796\u179f\u17cb\u1793\u17b7\u1784\u1791\u17b6\u1794', by Huy Chheng Rattana. \u00a9 Room to Read, 2015. Some changes were made to this work.<\/span><\/span><\/strong><\/h3>\n\n<h3 style=\"text-align: center;\"><strong><span style=\"font-size:0.75em;\"><span style=\"background-color:#ffffff;\">\u201c<\/span><\/span><\/strong>Alto e Baixo<strong><span style=\"font-size:0.75em;\"><span style=\"background-color:#ffffff;\">\u201d is licensed under CC BY 4.0 by Curious Learning.<\/span><\/span><\/strong><\/h3>\n\n<h3 style=\"text-align: center;\"><br>\n<strong><span style=\"font-size:0.75em;\"><span style=\"background-color:#ffffff;\">Book builder - Abraham Jerry Kakooza<\/span><\/span><\/strong><\/h3>\n"},"metadata":{"contentType":"Text","license":"U","title":"Untitled Text"},"subContentId":"8d8d3374-d294-4681-b51f-66825d72b97e"},"alwaysDisplayComments":false,"backgroundOpacity":0,"willDoAnimation":false,"animationType":"glow","displayAsButton":false,"buttonSize":"big","goToSlideType":"specified","invisible":false,"solution":""}]}],"keywordListEnabled":true,"globalBackgroundSelector":{"fillGlobalBackground":"#fbeffe"},"keywordListAlwaysShow":false,"keywordListAutoHide":false,"keywordListOpacity":90},"override":{"activeSurface":false,"hideSummarySlide":false,"summarySlideSolutionButton":true,"summarySlideRetryButton":true,"enablePrintButton":false,"social":{"showFacebookShare":false,"facebookShare":{"url":"@currentpageurl","quote":"I scored @score out of @maxScore on a task at @currentpageurl."},"showTwitterShare":false,"twitterShare":{"statement":"I scored @score out of @maxScore on a task at @currentpageurl.","url":"@currentpageurl","hashtags":"h5p, course"},"showGoogleShare":false,"googleShareUrl":"@currentpageurl"}},"l10n":{"slide":"Slide","score":"Score","yourScore":"Your Score","maxScore":"Max Score","total":"Total","totalScore":"Total Score","showSolutions":"Show solutions","retry":"Retry","exportAnswers":"Export text","hideKeywords":"Hide sidebar navigation menu","showKeywords":"Show sidebar navigation menu","fullscreen":"Fullscreen","exitFullscreen":"Exit fullscreen","prevSlide":"Previous slide","nextSlide":"Next slide","currentSlide":"Current slide","lastSlide":"Last slide","solutionModeTitle":"Exit solution mode","solutionModeText":"Solution Mode","summaryMultipleTaskText":"Multiple tasks","scoreMessage":"You achieved:","shareFacebook":"Share on Facebook","shareTwitter":"Share on Twitter","shareGoogle":"Share on Google+","summary":"Summary","solutionsButtonTitle":"Show comments","printTitle":"Print","printIngress":"How would you like to print this presentation?","printAllSlides":"Print all slides","printCurrentSlide":"Print current slide","noTitle":"No title","accessibilitySlideNavigationExplanation":"Use left and right arrow to change slide in that direction whenever canvas is selected.","accessibilityCanvasLabel":"Presentation canvas. Use left and right arrow to move between slides.","containsNotCompleted":"@slideName contains not completed interaction","containsCompleted":"@slideName contains completed interaction","slideCount":"Slide @index of @total","containsOnlyCorrect":"@slideName only has correct answers","containsIncorrectAnswers":"@slideName has incorrect answers","shareResult":"Share Result","accessibilityTotalScore":"You got @score of @maxScore points in total","accessibilityEnteredFullscreen":"Entered fullscreen","accessibilityExitedFullscreen":"Exited fullscreen"}}