{
  "quizName": "french sight words",
  "appType": "assessment",
  "assessmentType": "sight-words",
  "feedbackText": "Fantastique!",
  "contentVersion": "v0.1",
  "buckets": [
    {
      "bucketID": 1,
      "bucketName": "frenchlet-b-1",
      "usedItems": [],
      "items": [
        {
          "itemName": "tu",
          "itemText": "tu"
        },
        {
          "itemName": "il",
          "itemText": "il"
        },
        {
          "itemName": "vol",
          "itemText": "vol"
        },
        {
          "itemName": "sa",
          "itemText": "sa"
        },
        {
          "itemName": "ma",
          "itemText": "ma"
        },
        {
          "itemName": "ou",
          "itemText": "ou"
        },
        {
          "itemName": "or",
          "itemText": "or"
        },
        {
          "itemName": "lire",
          "itemText": "lire"
        },
        {
          "itemName": "ami",
          "itemText": "ami"
        },
        {
          "itemName": "par",
          "itemText": "par"
        }
      ]
    },
    {
      "bucketID": 2,
      "bucketName": "frenchlet-b-2",
      "usedItems": [],
      "items": [
        {
          "itemName": "sol",
          "itemText": "sol"
        },
        {
          "itemName": "peur",
          "itemText": "peur"
        },
        {
          "itemName": "papa",
          "itemText": "papa"
        },
        {
          "itemName": "sage",
          "itemText": "sage"
        },
        {
          "itemName": "bébé",
          "itemText": "bébé"
        },
        {
          "itemName": "tarte",
          "itemText": "tarte"
        },
        {
          "itemName": "cri",
          "itemText": "cri"
        },
        {
          "itemName": "vache",
          "itemText": "vache"
        },
        {
          "itemName": "blé",
          "itemText": "blé"
        },
        {
          "itemName": "fleur",
          "itemText": "fleur"
        }
      ]
    },
    {
      "bucketID": 3,
      "bucketName": "frenchlet-b-3",
      "usedItems": [],
      "items": [
        {
          "itemName": "sur",
          "itemText": "sur"
        },
        {
          "itemName": "chaise",
          "itemText": "chaise"
        },
        {
          "itemName": "peau",
          "itemText": "peau"
        },
        {
          "itemName": "vole",
          "itemText": "vole"
        },
        {
          "itemName": "bleu",
          "itemText": "bleu"
        },
        {
          "itemName": "mil",
          "itemText": "mil"
        },
        {
          "itemName": "mur",
          "itemText": "mur"
        },
        {
          "itemName": "table",
          "itemText": "table"
        },
        {
          "itemName": "cil",
          "itemText": "cil"
        },
        {
          "itemName": "monde",
          "itemText": "monde"
        }
      ]
    },
    {
      "bucketID": 4,
      "bucketName": "frenchlet-b-4",
      "usedItems": [],
      "items": [
        {
          "itemName": "fin",
          "itemText": "fin"
        },
        {
          "itemName": "date",
          "itemText": "date"
        },
        {
          "itemName": "tour",
          "itemText": "tour"
        },
        {
          "itemName": "posé",
          "itemText": "posé"
        },
        {
          "itemName": "kilo",
          "itemText": "kilo"
        },
        {
          "itemName": "ronde",
          "itemText": "ronde"
        },
        {
          "itemName": "pré",
          "itemText": "pré"
        },
        {
          "itemName": "garde",
          "itemText": "garde"
        },
        {
          "itemName": "faire",
          "itemText": "faire"
        },
        {
          "itemName": "porter",
          "itemText": "porter"
        }
      ]
    },
    {
      "bucketID": 5,
      "bucketName": "frenchlet-b-5",
      "usedItems": [],
      "items": [
        {
          "itemName": "été",
          "itemText": "été"
        },
        {
          "itemName": "beau",
          "itemText": "beau"
        },
        {
          "itemName": "pain",
          "itemText": "pain"
        },
        {
          "itemName": "rougir",
          "itemText": "rougir"
        },
        {
          "itemName": "moto",
          "itemText": "moto"
        },
        {
          "itemName": "mal",
          "itemText": "mal"
        },
        {
          "itemName": "douze",
          "itemText": "douze"
        },
        {
          "itemName": "six",
          "itemText": "six"
        },
        {
          "itemName": "vélo",
          "itemText": "vélo"
        },
        {
          "itemName": "vide",
          "itemText": "vide"
        }
      ]
    }
  ]
}
