{"presentation":{"slides":[{"elements":[{"x":13.071895424836603,"y":6.4415268817204305,"width":68.7363834422658,"height":68.81720430107526,"action":{"library":"H5P.Image 1.1","params":{"contentName":"Image","file":{"path":"images\/file-6582f61cdb6a9.jpg","mime":"image\/jpeg","copyright":{"license":"U"},"width":959,"height":459}},"subContentId":"421e74ff-dfa5-4d73-b63a-cebff5b18795","metadata":{"contentType":"Image","license":"U","title":"Untitled Image"}},"backgroundOpacity":0,"willDoAnimation":false,"animationType":"glow","displayAsButton":false,"buttonSize":"big","goToSlideType":"specified","invisible":false},{"x":8.928571428571429,"y":79.50453400503777,"width":83.80102040816327,"height":18.387909319899244,"action":{"library":"H5P.CRAdvancedText 1.1","params":{"text":"<h2 dir=\"ltr\" style=\"text-align: center;\"><span style=\"font-size:2.25em;\">Umjikelezo wakaChaku<\/span><\/h2>\n"},"subContentId":"66f4847e-d5bd-4023-9a15-bf634c8b0603","metadata":{"contentType":"Text","license":"U","title":"Untitled Text"}},"alwaysDisplayComments":false,"backgroundOpacity":0,"willDoAnimation":false,"animationType":"glow","displayAsButton":false,"buttonSize":"big","goToSlideType":"specified","invisible":false,"solution":""}],"slideBackgroundSelector":{}},{"elements":[{"x":15.250544662309368,"y":2.150537634408602,"width":65.359477124183,"height":70.96774193548387,"action":{"library":"H5P.Image 1.1","params":{"contentName":"Image","file":{"path":"images\/file-6582f6cf13510.jpg","mime":"image\/jpeg","copyright":{"license":"U"},"width":959,"height":516}},"subContentId":"da25cda4-6603-4d35-83de-c84d5cea3cbf","metadata":{"contentType":"Image","license":"U","title":"Untitled Image"}},"backgroundOpacity":0,"willDoAnimation":false,"animationType":"glow","displayAsButton":false,"buttonSize":"big","goToSlideType":"specified","invisible":false},{"x":13.071045918367346,"y":75.5471032745592,"width":70.79081632653062,"height":23.17380352644836,"action":{"library":"H5P.CRAdvancedText 1.1","params":{"text":"<p style=\"text-align: center;\"><span style=\"color:#ffffff;\"><span style=\"font-size:1.75em;\">UChaku wayethanda ukudlala nabangani bakhe.<\/span><\/span><\/p>\n"},"subContentId":"36753ba6-9a9b-4174-83e7-808ea43aacdf","metadata":{"contentType":"Text","license":"U","title":"Untitled Text"}},"alwaysDisplayComments":false,"backgroundOpacity":0,"willDoAnimation":false,"animationType":"glow","displayAsButton":false,"buttonSize":"big","goToSlideType":"specified","invisible":false,"solution":""},{"x":47.00255102040816,"y":43.95465994962216,"width":40,"height":40,"action":{"library":"H5P.CRAudio 1.4","params":{"fitToWrapper":true,"currIndex":1,"playerMode":"minimalistic","controls":true,"autoplay":true,"playAudio":"Play audio","pauseAudio":"Pause audio","contentName":"Audio","glowColor":"#ffd85a","timeStampForEachText":[{"text":" UChaku ","startDuration":"0.0000","endDuration":"1.4800","wordfile":[{"path":"audios\/wordfile-65b939509fa4f.wav","mime":"audio\/x-wav","copyright":{"license":"U"}}]},{"text":" wayethanda ","startDuration":"1.4810","endDuration":"2.1767","wordfile":[{"path":"audios\/wordfile-65b939ae19a82.wav","mime":"audio\/x-wav","copyright":{"license":"U"}}]},{"text":" ukudlala ","startDuration":"2.1777","endDuration":"2.5910","wordfile":[{"path":"audios\/wordfile-65b939c85c107.wav","mime":"audio\/x-wav","copyright":{"license":"U"}}]},{"text":" nabangani ","startDuration":"2.5920","endDuration":"3.2312","wordfile":[{"path":"audios\/wordfile-65b939e3b8c8d.wav","mime":"audio\/x-wav","copyright":{"license":"U"}}]},{"text":" bakhe. ","startDuration":"3.2322","endDuration":"3.9906","wordfile":[{"path":"audios\/wordfile-65b939f6b73f6.wav","mime":"audio\/x-wav","copyright":{"license":"U"}}]}],"files":[{"path":"audios\/files-65b938e903ced.wav","mime":"audio\/x-wav","copyright":{"license":"U"}}]},"subContentId":"563ad6ed-fc6a-4b1e-b31f-023fb599d3b4","metadata":{"contentType":"Curious Reader Audio","license":"U","title":"Untitled Curious Reader Audio"}},"backgroundOpacity":0,"willDoAnimation":false,"animationType":"glow","displayAsButton":false,"buttonSize":"big","goToSlideType":"specified","invisible":false},{"x":47.19387755102041,"y":22.658211586901764,"width":13.64795918367347,"height":40.050377833753146,"action":{"library":"H5P.Image 1.1","params":{"contentName":"Image"},"subContentId":"97a65a16-958e-496e-8b27-2cf1310a2a8d","metadata":{"contentType":"Image","license":"U","title":"Untitled Image"}},"backgroundOpacity":0,"willDoAnimation":true,"animationType":"glow","displayAsButton":false,"buttonSize":"big","goToSlideType":"specified","invisible":false,"id":"img563ad6ed-fc6a-4b1e-b31f-023fb599d3b4_0"},{"x":20.408163265306122,"y":25.15743073047859,"width":14.923469387755102,"height":49.622166246851386,"action":{"library":"H5P.Image 1.1","params":{"contentName":"Image"},"subContentId":"95bc0c9d-e5b4-42fb-a34b-05d3e077267e","metadata":{"contentType":"Image","license":"U","title":"Untitled Image"}},"backgroundOpacity":0,"willDoAnimation":true,"animationType":"glow","displayAsButton":false,"buttonSize":"big","goToSlideType":"specified","invisible":false,"id":"img563ad6ed-fc6a-4b1e-b31f-023fb599d3b4_3"},{"x":35.714285714285715,"y":27.692191435768265,"width":11.096938775510205,"height":47.10327455919395,"action":{"library":"H5P.Image 1.1","params":{"contentName":"Image"},"subContentId":"28a097b8-7611-480b-afb3-6707d10fe65b","metadata":{"contentType":"Image","license":"U","title":"Untitled Image"}},"backgroundOpacity":0,"willDoAnimation":true,"animationType":"glow","displayAsButton":false,"buttonSize":"big","goToSlideType":"specified","invisible":false,"id":"img563ad6ed-fc6a-4b1e-b31f-023fb599d3b4_3"},{"x":59.94897959183674,"y":42.82115869017632,"width":14.923469387755102,"height":29.974811083123424,"action":{"library":"H5P.Image 1.1","params":{"contentName":"Image"},"subContentId":"ad6e63b5-e953-498a-917b-9fc7720b11ed","metadata":{"contentType":"Image","license":"U","title":"Untitled Image"}},"backgroundOpacity":0,"willDoAnimation":true,"animationType":"glow","displayAsButton":false,"buttonSize":"big","goToSlideType":"specified","invisible":false,"id":"img563ad6ed-fc6a-4b1e-b31f-023fb599d3b4_3"}],"slideBackgroundSelector":{}},{"elements":[{"x":5.446623093681917,"y":4.301075268817204,"width":38.12636165577342,"height":93.54838709677419,"action":{"library":"H5P.Image 1.1","params":{"contentName":"Image","file":{"path":"images\/file-6582f72bd78b8.jpg","mime":"image\/jpeg","copyright":{"license":"U"},"width":479,"height":686}},"subContentId":"fb28b8d4-c35a-42fd-b001-fd43d70a400a","metadata":{"contentType":"Image","license":"U","title":"Untitled Image"}},"backgroundOpacity":0,"willDoAnimation":false,"animationType":"glow","displayAsButton":false,"buttonSize":"big","goToSlideType":"specified","invisible":false},{"x":49.01960784313725,"y":42.98559139784947,"width":49.01960784313726,"height":31.39784946236559,"action":{"library":"H5P.CRAdvancedText 1.1","params":{"text":"<p style=\"text-align: center;\"><span style=\"color:#ffffff;\"><span style=\"font-size:1.75em;\">Wayethanda ibhayisikili kaLila. <\/span><\/span><\/p>\n"},"subContentId":"9a88ce55-a8ca-437a-8702-a993e932e166","metadata":{"contentType":"Text","license":"U","title":"Untitled Text"}},"alwaysDisplayComments":false,"backgroundOpacity":0,"willDoAnimation":false,"animationType":"glow","displayAsButton":false,"buttonSize":"big","goToSlideType":"specified","invisible":false,"solution":""},{"x":47.00255102040816,"y":43.95465994962216,"width":40,"height":40,"action":{"library":"H5P.CRAudio 1.4","params":{"fitToWrapper":true,"currIndex":2,"playerMode":"minimalistic","controls":true,"autoplay":true,"playAudio":"Play audio","pauseAudio":"Pause audio","contentName":"Audio","glowColor":"#ffd85a","timeStampForEachText":[{"text":" Wayethanda ","startDuration":"0.0000","endDuration":"1.4676","wordfile":[{"path":"audios\/wordfile-65b93ab2c0db8.wav","mime":"audio\/x-wav","copyright":{"license":"U"}}]},{"text":" ibhayisikili ","startDuration":"1.4686","endDuration":"2.2336","wordfile":[{"path":"audios\/wordfile-65b93ad213d9d.wav","mime":"audio\/x-wav","copyright":{"license":"U"}}]},{"text":" kaLila. ","startDuration":"2.2346","endDuration":"3.1372","wordfile":[{"path":"audios\/wordfile-65b93ae48945c.wav","mime":"audio\/x-wav","copyright":{"license":"U"}}]}],"files":[{"path":"audios\/files-65b93a6f76a14.wav","mime":"audio\/x-wav","copyright":{"license":"U"}}]},"subContentId":"c53db1bb-2175-4bdb-af55-84654b43b2f3","metadata":{"contentType":"Curious Reader Audio","license":"U","title":"Untitled Curious Reader Audio"}},"backgroundOpacity":0,"willDoAnimation":false,"animationType":"glow","displayAsButton":false,"buttonSize":"big","goToSlideType":"specified","invisible":false},{"x":21.683673469387756,"y":32.72594458438287,"width":14.923469387755102,"height":40.050377833753146,"action":{"library":"H5P.Image 1.1","params":{"contentName":"Image"},"subContentId":"a815f40f-39f0-4013-ac95-ba354362e42f","metadata":{"contentType":"Image","license":"U","title":"Untitled Image"}},"backgroundOpacity":0,"willDoAnimation":true,"animationType":"glow","displayAsButton":false,"buttonSize":"big","goToSlideType":"specified","invisible":false,"id":"imgc53db1bb-2175-4bdb-af55-84654b43b2f3_2"},{"x":21.683673469387756,"y":52.86926952141058,"width":21.301020408163264,"height":35.012594458438286,"action":{"library":"H5P.Image 1.1","params":{"contentName":"Image"},"subContentId":"14f49dee-82e3-4dfc-b28a-44fe9b25edc6","metadata":{"contentType":"Image","license":"U","title":"Untitled Image"}},"backgroundOpacity":0,"willDoAnimation":true,"animationType":"glow","displayAsButton":false,"buttonSize":"big","goToSlideType":"specified","invisible":false,"id":"imgc53db1bb-2175-4bdb-af55-84654b43b2f3_1"}],"slideBackgroundSelector":{}},{"elements":[{"x":3.2679738562091503,"y":2.150537634408602,"width":39.97821350762527,"height":96.77419354838709,"action":{"library":"H5P.Image 1.1","params":{"contentName":"Image","file":{"path":"images\/file-6582f7eede908.jpg","mime":"image\/jpeg","copyright":{"license":"U"},"width":479,"height":686}},"subContentId":"cafcd57b-3545-4c4b-bd65-7246c85de666","metadata":{"contentType":"Image","license":"U","title":"Untitled Image"}},"backgroundOpacity":0,"willDoAnimation":false,"animationType":"glow","displayAsButton":false,"buttonSize":"big","goToSlideType":"specified","invisible":false},{"x":44.642857142857146,"y":37.78337531486146,"width":49.87244897959184,"height":40.050377833753146,"action":{"library":"H5P.CRAdvancedText 1.1","params":{"text":"<p dir=\"ltr\" style=\"text-align: center;\"><span style=\"color:#ffffff;\"><span style=\"font-size:1.75em;\">UChaku wanquma ukwenza ibhayisikili yakhe.<\/span><\/span><\/p>\n"},"subContentId":"6ed4d0c8-4215-4a30-9633-4617986f09cd","metadata":{"contentType":"Text","license":"U","title":"Untitled Text"}},"alwaysDisplayComments":false,"backgroundOpacity":0,"willDoAnimation":false,"animationType":"glow","displayAsButton":false,"buttonSize":"big","goToSlideType":"specified","invisible":false,"solution":""},{"x":47.00255102040816,"y":43.95465994962216,"width":40,"height":40,"action":{"library":"H5P.CRAudio 1.4","params":{"fitToWrapper":true,"currIndex":3,"playerMode":"minimalistic","controls":true,"autoplay":true,"playAudio":"Play audio","pauseAudio":"Pause audio","contentName":"Audio","glowColor":"#ffd85a","timeStampForEachText":[{"text":" UChaku ","startDuration":"0.0000","endDuration":"0.9624","wordfile":[{"path":"audios\/wordfile-65b93b38a4ad4.wav","mime":"audio\/x-wav","copyright":{"license":"U"}}]},{"text":" wanquma ","startDuration":"0.9634","endDuration":"1.5267","wordfile":[{"path":"audios\/wordfile-65b93b52ee0b9.wav","mime":"audio\/x-wav","copyright":{"license":"U"}}]},{"text":" ukwenza ","startDuration":"1.5277","endDuration":"1.8914","wordfile":[{"path":"audios\/wordfile-65b93b74bc5f8.wav","mime":"audio\/x-wav","copyright":{"license":"U"}}]},{"text":" ibhayisikili ","startDuration":"1.8924","endDuration":"2.5989","wordfile":[{"path":"audios\/wordfile-65b93b9567513.wav","mime":"audio\/x-wav","copyright":{"license":"U"}}]},{"text":" yakhe. ","startDuration":"2.5999","endDuration":"3.2706","wordfile":[{"path":"audios\/wordfile-65b93bad5ba7b.wav","mime":"audio\/x-wav","copyright":{"license":"U"}}]}],"files":[{"path":"audios\/files-65b93b065d2e1.wav","mime":"audio\/x-wav","copyright":{"license":"U"}}]},"subContentId":"36c4f92b-e95e-449b-9c02-64f5b165e0c8","metadata":{"contentType":"Curious Reader Audio","license":"U","title":"Untitled Curious Reader Audio"}},"backgroundOpacity":0,"willDoAnimation":false,"animationType":"glow","displayAsButton":false,"buttonSize":"big","goToSlideType":"specified","invisible":false},{"x":22.95918367346939,"y":10.06375314861461,"width":16.198979591836736,"height":64.73551637279597,"action":{"library":"H5P.Image 1.1","params":{"contentName":"Image"},"subContentId":"617840ce-1f93-4c46-a95c-4263426273aa","metadata":{"contentType":"Image","license":"U","title":"Untitled Image"}},"backgroundOpacity":0,"willDoAnimation":true,"animationType":"glow","displayAsButton":false,"buttonSize":"big","goToSlideType":"specified","invisible":false,"id":"img36c4f92b-e95e-449b-9c02-64f5b165e0c8_0"}],"slideBackgroundSelector":{}},{"elements":[{"x":4.357298474945534,"y":2.148858064516129,"width":39.97821350762527,"height":96.77419354838709,"action":{"library":"H5P.Image 1.1","params":{"contentName":"Image","file":{"path":"images\/file-6582f82e21dc4.jpg","mime":"image\/jpeg","copyright":{"license":"U"},"width":479,"height":686}},"subContentId":"e2d5d6fe-aa9f-46a2-b83c-b89c31d009db","metadata":{"contentType":"Image","license":"U","title":"Untitled Image"}},"backgroundOpacity":0,"willDoAnimation":false,"animationType":"glow","displayAsButton":false,"buttonSize":"big","goToSlideType":"specified","invisible":false},{"x":43.36734693877551,"y":40.30226700251889,"width":55.35714285714286,"height":40.050377833753146,"action":{"library":"H5P.CRAdvancedText 1.1","params":{"text":"<p style=\"text-align: center;\"><span style=\"color:#ffffff;\"><span style=\"font-size:2.25em;\">UChaku wayedinga izingodo. <\/span><\/span><\/p>\n"},"subContentId":"55b63758-aa28-4edd-9bdd-c0cd9261f76a","metadata":{"contentType":"Text","license":"U","title":"Untitled Text"}},"alwaysDisplayComments":false,"backgroundOpacity":0,"willDoAnimation":false,"animationType":"glow","displayAsButton":false,"buttonSize":"big","goToSlideType":"specified","invisible":false,"solution":""},{"x":47.00255102040816,"y":43.95465994962216,"width":40,"height":40,"action":{"library":"H5P.CRAudio 1.4","params":{"fitToWrapper":true,"currIndex":4,"playerMode":"minimalistic","controls":true,"autoplay":true,"playAudio":"Play audio","pauseAudio":"Pause audio","contentName":"Audio","glowColor":"#ffd85a","timeStampForEachText":[{"text":" UChaku ","startDuration":"0.0000","endDuration":"1.1855","wordfile":[{"path":"audios\/wordfile-65b93bf147942.wav","mime":"audio\/x-wav","copyright":{"license":"U"}}]},{"text":" wayedinga ","startDuration":"1.1865","endDuration":"1.8146","wordfile":[{"path":"audios\/wordfile-65b93da54ae42.wav","mime":"audio\/x-wav","copyright":{"license":"U"}}]},{"text":" izingodo. ","startDuration":"1.8156","endDuration":"2.7023","wordfile":[{"path":"audios\/wordfile-65b93dbc6d85a.wav","mime":"audio\/x-wav","copyright":{"license":"U"}}]}],"files":[{"path":"audios\/files-65b93bce16862.wav","mime":"audio\/x-wav","copyright":{"license":"U"}}]},"subContentId":"50c8c1a0-7ea0-4c2d-84ed-fb460d4e7866","metadata":{"contentType":"Curious Reader Audio","license":"U","title":"Untitled Curious Reader Audio"}},"backgroundOpacity":0,"willDoAnimation":false,"animationType":"glow","displayAsButton":false,"buttonSize":"big","goToSlideType":"specified","invisible":false},{"x":8.928571428571429,"y":45.34005037783375,"width":16.198979591836736,"height":40.050377833753146,"action":{"library":"H5P.Image 1.1","params":{"contentName":"Image"},"subContentId":"e7524e89-c2b1-4336-8e7c-6dd729c9d5b8","metadata":{"contentType":"Image","license":"U","title":"Untitled Image"}},"backgroundOpacity":0,"willDoAnimation":true,"animationType":"glow","displayAsButton":false,"buttonSize":"big","goToSlideType":"specified","invisible":false,"id":"img50c8c1a0-7ea0-4c2d-84ed-fb460d4e7866_0"},{"x":20.408163265306122,"y":47.84508816120906,"width":4.719387755102041,"height":35.012594458438286,"action":{"library":"H5P.Image 1.1","params":{"contentName":"Image"},"subContentId":"f6737b94-b9e1-40a5-9b11-6e4ba2359b0c","metadata":{"contentType":"Image","license":"U","title":"Untitled Image"}},"backgroundOpacity":0,"willDoAnimation":true,"animationType":"glow","displayAsButton":false,"buttonSize":"big","goToSlideType":"specified","invisible":false,"id":"img50c8c1a0-7ea0-4c2d-84ed-fb460d4e7866_2"},{"x":5.1020408163265305,"y":65.45566750629722,"width":18.75,"height":11.838790931989925,"action":{"library":"H5P.Image 1.1","params":{"contentName":"Image"},"subContentId":"cd8e794d-4d48-41f7-a056-37008c453bdd","metadata":{"contentType":"Image","license":"U","title":"Untitled Image"}},"backgroundOpacity":0,"willDoAnimation":true,"animationType":"glow","displayAsButton":false,"buttonSize":"big","goToSlideType":"specified","invisible":false,"id":"img50c8c1a0-7ea0-4c2d-84ed-fb460d4e7866_2"},{"x":15.306122448979592,"y":73.00856423173803,"width":16.198979591836736,"height":14.357682619647354,"action":{"library":"H5P.Image 1.1","params":{"contentName":"Image"},"subContentId":"2454e759-ba68-4ae9-b297-77c618786cca","metadata":{"contentType":"Image","license":"U","title":"Untitled Image"}},"backgroundOpacity":0,"willDoAnimation":true,"animationType":"glow","displayAsButton":false,"buttonSize":"big","goToSlideType":"specified","invisible":false,"id":"img50c8c1a0-7ea0-4c2d-84ed-fb460d4e7866_2"}],"slideBackgroundSelector":{}},{"elements":[{"x":5.1020408163265305,"y":6.54911838790932,"width":39.97821350762527,"height":93.54838709677419,"action":{"library":"H5P.Image 1.1","params":{"contentName":"Image","file":{"path":"images\/file-6582f8657e7fd.jpg","mime":"image\/jpeg","copyright":{"license":"U"},"width":639,"height":687}},"subContentId":"59f6874d-70d3-4721-b27c-88467f7a9199","metadata":{"contentType":"Image","license":"U","title":"Untitled Image"}},"backgroundOpacity":0,"willDoAnimation":false,"animationType":"glow","displayAsButton":false,"buttonSize":"big","goToSlideType":"specified","invisible":false},{"x":47.19387755102041,"y":37.76372795969773,"width":46.42857142857143,"height":40.050377833753146,"action":{"library":"H5P.CRAdvancedText 1.1","params":{"text":"<p style=\"text-align: center;\"><span style=\"color:#ffffff;\"><span style=\"font-size:1.75em;\">UChaku wakhumbula ukuthi udinga njalo izipikili nesando. <\/span><\/span><\/p>\n"},"subContentId":"aa0e15d9-a1e8-482d-8ee6-6e545bfeab5b","metadata":{"contentType":"Text","license":"U","title":"Untitled Text"}},"alwaysDisplayComments":false,"backgroundOpacity":0,"willDoAnimation":false,"animationType":"glow","displayAsButton":false,"buttonSize":"big","goToSlideType":"specified","invisible":false,"solution":""},{"x":47.00255102040816,"y":43.95465994962216,"width":40,"height":40,"action":{"library":"H5P.CRAudio 1.4","params":{"fitToWrapper":true,"currIndex":5,"playerMode":"minimalistic","controls":true,"autoplay":true,"playAudio":"Play audio","pauseAudio":"Pause audio","contentName":"Audio","glowColor":"#ffd85a","timeStampForEachText":[{"text":" UChaku ","startDuration":"0.0000","endDuration":"1.0464","wordfile":[{"path":"audios\/wordfile-65b93f9864106.wav","mime":"audio\/x-wav","copyright":{"license":"U"}}]},{"text":" wakhumbula ","startDuration":"1.0474","endDuration":"1.6857","wordfile":[{"path":"audios\/wordfile-65b93fbbde925.wav","mime":"audio\/x-wav","copyright":{"license":"U"}}]},{"text":" ukuthi ","startDuration":"1.6867","endDuration":"2.2646","wordfile":[{"path":"audios\/wordfile-65b9403e92075.wav","mime":"audio\/x-wav","copyright":{"license":"U"}}]},{"text":" udinga ","startDuration":"2.2656","endDuration":"3.1004","wordfile":[{"path":"audios\/wordfile-65b941357b275.wav","mime":"audio\/x-wav","copyright":{"license":"U"}}]},{"text":" njalo ","startDuration":"3.1014","endDuration":"3.3996","wordfile":[{"path":"audios\/wordfile-65b94198e1aaa.wav","mime":"audio\/x-wav","copyright":{"license":"U"}}]},{"text":" izipikili ","startDuration":"3.4006","endDuration":"4.0238","wordfile":[{"path":"audios\/wordfile-65b941d160b8a.wav","mime":"audio\/x-wav","copyright":{"license":"U"}}]},{"text":" nesando. ","startDuration":"4.0248","endDuration":"5.1317","wordfile":[{"path":"audios\/wordfile-65b942146c81d.wav","mime":"audio\/x-wav","copyright":{"license":"U"}}]}],"files":[{"path":"audios\/files-65b93f408e9d1.wav","mime":"audio\/x-wav","copyright":{"license":"U"}}]},"subContentId":"c2b0e7b2-153b-4a4f-beda-1741e7f603c0","metadata":{"contentType":"Curious Reader Audio","license":"U","title":"Untitled Curious Reader Audio"}},"backgroundOpacity":0,"willDoAnimation":false,"animationType":"glow","displayAsButton":false,"buttonSize":"big","goToSlideType":"specified","invisible":false},{"x":6.377551020408164,"y":25.15743073047859,"width":16.198979591836736,"height":69.77329974811083,"action":{"library":"H5P.Image 1.1","params":{"contentName":"Image"},"subContentId":"84a64101-8486-44f7-a4df-24baeb3667c8","metadata":{"contentType":"Image","license":"U","title":"Untitled Image"}},"backgroundOpacity":0,"willDoAnimation":true,"animationType":"glow","displayAsButton":false,"buttonSize":"big","goToSlideType":"specified","invisible":false,"id":"imgc2b0e7b2-153b-4a4f-beda-1741e7f603c0_0"},{"x":28.061224489795915,"y":12.590528967254407,"width":9.821428571428571,"height":11.838790931989925,"action":{"library":"H5P.Image 1.1","params":{"contentName":"Image"},"subContentId":"7d3d6cdb-e0a9-4d67-96d2-a1dbd0b1b893","metadata":{"contentType":"Image","license":"U","title":"Untitled Image"}},"backgroundOpacity":0,"willDoAnimation":true,"animationType":"glow","displayAsButton":false,"buttonSize":"big","goToSlideType":"specified","invisible":false,"id":"imgc2b0e7b2-153b-4a4f-beda-1741e7f603c0_6"},{"x":26.785714285714285,"y":17.632241813602015,"width":4.719387755102041,"height":5.289672544080604,"action":{"library":"H5P.Image 1.1","params":{"contentName":"Image"},"subContentId":"1bc52dc1-4ed3-4e38-b1ce-bb6e15d61365","metadata":{"contentType":"Image","license":"U","title":"Untitled Image"}},"backgroundOpacity":0,"willDoAnimation":true,"animationType":"glow","displayAsButton":false,"buttonSize":"big","goToSlideType":"specified","invisible":false,"id":"imgc2b0e7b2-153b-4a4f-beda-1741e7f603c0_5"},{"x":29.336734693877553,"y":17.626347607052896,"width":4.719387755102041,"height":6.801007556675063,"action":{"library":"H5P.Image 1.1","params":{"contentName":"Image"},"subContentId":"154198a6-73e2-4337-a7ab-79fd75c45e8a","metadata":{"contentType":"Image","license":"U","title":"Untitled Image"}},"backgroundOpacity":0,"willDoAnimation":true,"animationType":"glow","displayAsButton":false,"buttonSize":"big","goToSlideType":"specified","invisible":false,"id":"imgc2b0e7b2-153b-4a4f-beda-1741e7f603c0_5"},{"x":31.887755102040817,"y":12.594458438287154,"width":2.678571428571429,"height":6.801007556675063,"action":{"library":"H5P.Image 1.1","params":{"contentName":"Image"},"subContentId":"3d1f213a-7262-4f57-858e-6c72a8a75489","metadata":{"contentType":"Image","license":"U","title":"Untitled Image"}},"backgroundOpacity":0,"willDoAnimation":true,"animationType":"glow","displayAsButton":false,"buttonSize":"big","goToSlideType":"specified","invisible":false,"id":"imgc2b0e7b2-153b-4a4f-beda-1741e7f603c0_5"}],"slideBackgroundSelector":{}},{"elements":[{"x":4.357298474945534,"y":2.150537634408602,"width":39.97821350762527,"height":95.69892473118279,"action":{"library":"H5P.Image 1.1","params":{"contentName":"Image","file":{"path":"images\/file-6582f8a2a9d1c.jpg","mime":"image\/jpeg","copyright":{"license":"U"},"width":479,"height":686}},"subContentId":"a12d8d51-bd78-4fea-affb-9061ee70f22e","metadata":{"contentType":"Image","license":"U","title":"Untitled Image"}},"backgroundOpacity":0,"willDoAnimation":false,"animationType":"glow","displayAsButton":false,"buttonSize":"big","goToSlideType":"specified","invisible":false},{"x":42.09183673469388,"y":42.82115869017632,"width":52.29591836734694,"height":40.050377833753146,"action":{"library":"H5P.CRAdvancedText 1.1","params":{"text":"<p style=\"text-align: center;\"><span style=\"font-size:1.75em;\"><span style=\"color:#ffffff;\">UChaku waya kumalume wakhe eyocela usizo.<\/span><\/span><\/p>\n"},"subContentId":"37ac8c13-4e31-4b0d-aea8-908c392a234b","metadata":{"contentType":"Text","license":"U","title":"Untitled Text"}},"alwaysDisplayComments":false,"backgroundOpacity":0,"willDoAnimation":false,"animationType":"glow","displayAsButton":false,"buttonSize":"big","goToSlideType":"specified","invisible":false,"solution":""},{"x":47.00255102040816,"y":43.95465994962216,"width":40,"height":40,"action":{"library":"H5P.CRAudio 1.4","params":{"fitToWrapper":true,"currIndex":6,"playerMode":"minimalistic","controls":true,"autoplay":true,"playAudio":"Play audio","pauseAudio":"Pause audio","contentName":"Audio","glowColor":"#ffd85a","timeStampForEachText":[{"text":" UChaku ","startDuration":"0.0000","endDuration":"0.9725","wordfile":[{"path":"audios\/wordfile-65b943b9cb256.wav","mime":"audio\/x-wav","copyright":{"license":"U"}}]},{"text":" waya ","startDuration":"0.9735","endDuration":"1.1735","wordfile":[{"path":"audios\/wordfile-65b943ce99727.wav","mime":"audio\/x-wav","copyright":{"license":"U"}}]},{"text":" kumalume ","startDuration":"1.1745","endDuration":"1.7380","wordfile":[{"path":"audios\/wordfile-65b943e37ae40.wav","mime":"audio\/x-wav","copyright":{"license":"U"}}]},{"text":" wakhe ","startDuration":"1.7390","endDuration":"2.3763","wordfile":[{"path":"audios\/wordfile-65b943fb4a8aa.wav","mime":"audio\/x-wav","copyright":{"license":"U"}}]},{"text":" eyocela ","startDuration":"2.3773","endDuration":"2.9976","wordfile":[{"path":"audios\/wordfile-65b94415b78be.wav","mime":"audio\/x-wav","copyright":{"license":"U"}}]},{"text":" usizo. ","startDuration":"2.9986","endDuration":"3.9654","wordfile":[{"path":"audios\/wordfile-65b9442c578c6.wav","mime":"audio\/x-wav","copyright":{"license":"U"}}]}],"files":[{"path":"audios\/files-65b9434e60ac4.wav","mime":"audio\/x-wav","copyright":{"license":"U"}}]},"subContentId":"deb8b544-6c4c-4335-8758-2cb29f052cfd","metadata":{"contentType":"Curious Reader Audio","license":"U","title":"Untitled Curious Reader Audio"}},"backgroundOpacity":0,"willDoAnimation":false,"animationType":"glow","displayAsButton":false,"buttonSize":"big","goToSlideType":"specified","invisible":false},{"x":10.204081632653061,"y":35.23501259445844,"width":13.64795918367347,"height":54.659949622166245,"action":{"library":"H5P.Image 1.1","params":{"contentName":"Image"},"subContentId":"0f99f7d3-5093-4fe0-af76-13a399a89451","metadata":{"contentType":"Image","license":"U","title":"Untitled Image"}},"backgroundOpacity":0,"willDoAnimation":true,"animationType":"glow","displayAsButton":false,"buttonSize":"big","goToSlideType":"specified","invisible":false,"id":"imgdeb8b544-6c4c-4335-8758-2cb29f052cfd_0"},{"x":20.408163265306122,"y":5.037783375314861,"width":25.127551020408163,"height":91.68765743073047,"action":{"library":"H5P.Image 1.1","params":{"contentName":"Image"},"subContentId":"64b898c4-dbec-49f2-b3a6-1f1689f65c02","metadata":{"contentType":"Image","license":"U","title":"Untitled Image"}},"backgroundOpacity":0,"willDoAnimation":true,"animationType":"glow","displayAsButton":false,"buttonSize":"big","goToSlideType":"specified","invisible":false,"id":"imgdeb8b544-6c4c-4335-8758-2cb29f052cfd_2"}],"slideBackgroundSelector":{}},{"elements":[{"x":3.2679738562091507,"y":2.148858064516129,"width":39.97821350762527,"height":96.77419354838709,"action":{"library":"H5P.Image 1.1","params":{"contentName":"Image","file":{"path":"images\/file-6582f8d53e48b.jpg","mime":"image\/jpeg","copyright":{"license":"U"},"width":479,"height":686}},"subContentId":"92528443-ca85-4263-9bfc-286ba7fa3bad","metadata":{"contentType":"Image","license":"U","title":"Untitled Image"}},"backgroundOpacity":0,"willDoAnimation":false,"animationType":"glow","displayAsButton":false,"buttonSize":"big","goToSlideType":"specified","invisible":false},{"x":42.09183673469388,"y":35.26448362720403,"width":53.57142857142857,"height":40.050377833753146,"action":{"library":"H5P.CRAdvancedText 1.1","params":{"text":"<p dir=\"ltr\" style=\"text-align: center;\"><span style=\"color:#ffffff;\"><span style=\"font-size:1.75em;\">Umalume kaChaku wamnika amathuluzi. Umalume wacela uChaku ukuba aqaphele.<\/span><\/span><\/p>\n"},"subContentId":"41562dc7-92c2-4920-9175-0b9ee75a455f","metadata":{"contentType":"Text","license":"U","title":"Untitled Text"}},"alwaysDisplayComments":false,"backgroundOpacity":0,"willDoAnimation":false,"animationType":"glow","displayAsButton":false,"buttonSize":"big","goToSlideType":"specified","invisible":false,"solution":""},{"x":47.00255102040816,"y":43.95465994962216,"width":40,"height":40,"action":{"library":"H5P.CRAudio 1.4","params":{"fitToWrapper":true,"currIndex":7,"playerMode":"minimalistic","controls":true,"autoplay":true,"playAudio":"Play audio","pauseAudio":"Pause audio","contentName":"Audio","glowColor":"#ffd85a","timeStampForEachText":[{"text":" Umalume ","startDuration":"0.0000","endDuration":"1.3491","wordfile":[{"path":"audios\/wordfile-65b945082321b.wav","mime":"audio\/x-wav","copyright":{"license":"U"}}]},{"text":" kaChaku ","startDuration":"1.3501","endDuration":"1.7063","wordfile":[{"path":"audios\/wordfile-65b9452f62f57.wav","mime":"audio\/x-wav","copyright":{"license":"U"}}]},{"text":" wamnika ","startDuration":"1.7073","endDuration":"2.2531","wordfile":[{"path":"audios\/wordfile-65b9455450569.wav","mime":"audio\/x-wav","copyright":{"license":"U"}}]},{"text":" amathuluzi. ","startDuration":"2.2541","endDuration":"4.2279","wordfile":[{"path":"audios\/wordfile-65b9456ba7f99.wav","mime":"audio\/x-wav","copyright":{"license":"U"}}]},{"text":" Umalume ","startDuration":"4.2289","endDuration":"5.0871","wordfile":[{"path":"audios\/wordfile-65b945905ef43.wav","mime":"audio\/x-wav","copyright":{"license":"U"}}]},{"text":" wacela ","startDuration":"5.0881","endDuration":"5.5447","wordfile":[{"path":"audios\/wordfile-65b945ab35c35.wav","mime":"audio\/x-wav","copyright":{"license":"U"}}]},{"text":" uChaku ","startDuration":"5.5447","endDuration":"6.0023","wordfile":[{"path":"audios\/wordfile-65b945dcdcba7.wav","mime":"audio\/x-wav","copyright":{"license":"U"}}]},{"text":" ukuba ","startDuration":"6.0033","endDuration":"6.5826","wordfile":[{"path":"audios\/wordfile-65b945f31c76c.wav","mime":"audio\/x-wav","copyright":{"license":"U"}}]},{"text":" aqaphele. ","startDuration":"6.5836","endDuration":"7.9438","wordfile":[{"path":"audios\/wordfile-65b94613315bf.wav","mime":"audio\/x-wav","copyright":{"license":"U"}}]}],"files":[{"path":"audios\/files-65b944c915720.wav","mime":"audio\/x-wav","copyright":{"license":"U"}}]},"subContentId":"042ae48c-4467-4049-9f4c-f1706a033c30","metadata":{"contentType":"Curious Reader Audio","license":"U","title":"Untitled Curious Reader Audio"}},"backgroundOpacity":0,"willDoAnimation":false,"animationType":"glow","displayAsButton":false,"buttonSize":"big","goToSlideType":"specified","invisible":false},{"x":6.377551020408164,"y":15.097607052896725,"width":17.474489795918366,"height":62.216624685138534,"action":{"library":"H5P.Image 1.1","params":{"contentName":"Image"},"subContentId":"27650a3d-79e1-4b4f-8643-e881e8b21212","metadata":{"contentType":"Image","license":"U","title":"Untitled Image"}},"backgroundOpacity":0,"willDoAnimation":true,"animationType":"glow","displayAsButton":false,"buttonSize":"big","goToSlideType":"specified","invisible":false,"id":"img042ae48c-4467-4049-9f4c-f1706a033c30_1"},{"x":6.377551020408164,"y":17.626347607052896,"width":17.474489795918366,"height":64.73551637279597,"action":{"library":"H5P.Image 1.1","params":{"contentName":"Image"},"subContentId":"967adf90-7654-44fa-817b-b70b8976913b","metadata":{"contentType":"Image","license":"U","title":"Untitled Image"}},"backgroundOpacity":0,"willDoAnimation":true,"animationType":"glow","displayAsButton":false,"buttonSize":"big","goToSlideType":"specified","invisible":false,"id":"img042ae48c-4467-4049-9f4c-f1706a033c30_6"},{"x":14.030612244897958,"y":40.29042821158691,"width":11.096938775510205,"height":19.395465994962215,"action":{"library":"H5P.Image 1.1","params":{"contentName":"Image"},"subContentId":"2e5bd4be-d1b1-4bb4-840e-62d3ed6b605b","metadata":{"contentType":"Image","license":"U","title":"Untitled Image"}},"backgroundOpacity":0,"willDoAnimation":true,"animationType":"glow","displayAsButton":false,"buttonSize":"big","goToSlideType":"specified","invisible":false,"id":"img042ae48c-4467-4049-9f4c-f1706a033c30_3"},{"x":7.653061224489796,"y":47.83148614609571,"width":5.994897959183674,"height":14.357682619647354,"action":{"library":"H5P.Image 1.1","params":{"contentName":"Image"},"subContentId":"2a466298-e7e7-4be2-ac4d-b8cdad13e3dd","metadata":{"contentType":"Image","license":"U","title":"Untitled Image"}},"backgroundOpacity":0,"willDoAnimation":true,"animationType":"glow","displayAsButton":false,"buttonSize":"big","goToSlideType":"specified","invisible":false,"id":"img042ae48c-4467-4049-9f4c-f1706a033c30_3"}],"slideBackgroundSelector":{}},{"elements":[{"x":0,"y":0,"width":97.93028322440088,"height":98.06451612903226,"action":{"library":"H5P.Image 1.1","params":{"contentName":"Image","file":{"path":"images\/file-6582f91783856.jpg","mime":"image\/jpeg","copyright":{"license":"U"},"width":959,"height":687}},"subContentId":"b905eb68-4ec2-4d41-a807-2f5c3e7461c9","metadata":{"contentType":"Image","license":"U","title":"Untitled Image"}},"backgroundOpacity":0,"willDoAnimation":false,"animationType":"glow","displayAsButton":false,"buttonSize":"big","goToSlideType":"specified","invisible":false},{"x":8.928571428571429,"y":30.226700251889167,"width":40,"height":40,"action":{"library":"H5P.CRAdvancedText 1.1","params":{"text":"<p dir=\"ltr\" style=\"text-align: center;\"><span style=\"color:#ffffff;\"><span style=\"font-size:1.75em;\">UChaku wacabanga ngendlela yokwakha ibhayisikili yakhe. <\/span><\/span><\/p>\n"},"subContentId":"4b0d3413-30b9-4e2b-af52-cdc16350c10c","metadata":{"contentType":"Text","license":"U","title":"Untitled Text"}},"alwaysDisplayComments":false,"backgroundOpacity":0,"willDoAnimation":false,"animationType":"glow","displayAsButton":false,"buttonSize":"big","goToSlideType":"specified","invisible":false,"solution":""},{"x":47.00255102040816,"y":43.95465994962216,"width":40,"height":40,"action":{"library":"H5P.CRAudio 1.4","params":{"fitToWrapper":true,"currIndex":8,"playerMode":"minimalistic","controls":true,"autoplay":true,"playAudio":"Play audio","pauseAudio":"Pause audio","contentName":"Audio","glowColor":"#ffd85a","timeStampForEachText":[{"text":" UChaku ","startDuration":"0.0000","endDuration":"1.1938","wordfile":[{"path":"audios\/wordfile-65b94e9263141.mp3","mime":"audio\/mpeg","copyright":{"license":"U"}}]},{"text":" wacabanga ","startDuration":"1.1948","endDuration":"1.8477","wordfile":[{"path":"audios\/wordfile-65b94ec7b0e0e.mp3","mime":"audio\/mpeg","copyright":{"license":"U"}}]},{"text":" ngendlela ","startDuration":"1.8487","endDuration":"2.1368","wordfile":[{"path":"audios\/wordfile-65b94efaa8c8d.mp3","mime":"audio\/mpeg","copyright":{"license":"U"}}]},{"text":" yokwakha ","startDuration":"2.1378","endDuration":"2.7467","wordfile":[{"path":"audios\/wordfile-65b94f327f45a.mp3","mime":"audio\/mpeg","copyright":{"license":"U"}}]},{"text":" ibhayisikili ","startDuration":"2.7477","endDuration":"3.2245","wordfile":[{"path":"audios\/wordfile-65b94f87d229b.mp3","mime":"audio\/mpeg","copyright":{"license":"U"}}]},{"text":" yakhe. ","startDuration":"3.2255","endDuration":"4.1111","wordfile":[{"path":"audios\/wordfile-65b94fa105301.mp3","mime":"audio\/mpeg","copyright":{"license":"U"}}]}],"files":[{"path":"audios\/files-65b94ddb50c7d.wav","mime":"audio\/x-wav","copyright":{"license":"U"}}]},"subContentId":"dba5daa3-a78c-4110-ab9e-525dcbd97da0","metadata":{"contentType":"Curious Reader Audio","license":"U","title":"Untitled Curious Reader Audio"}},"backgroundOpacity":0,"willDoAnimation":false,"animationType":"glow","displayAsButton":false,"buttonSize":"big","goToSlideType":"specified","invisible":false},{"x":58.673469387755105,"y":35.22518891687657,"width":32.78061224489796,"height":52.141057934508815,"action":{"library":"H5P.Image 1.1","params":{"contentName":"Image"},"subContentId":"1eba8f1b-76b1-43bd-8259-ba690b041b39","metadata":{"contentType":"Image","license":"U","title":"Untitled Image"}},"backgroundOpacity":0,"willDoAnimation":true,"animationType":"glow","displayAsButton":false,"buttonSize":"big","goToSlideType":"specified","invisible":false,"id":"imgdba5daa3-a78c-4110-ab9e-525dcbd97da0_0"}],"slideBackgroundSelector":{}},{"elements":[{"x":3.2679738562091507,"y":4.297720430107527,"width":39.97821350762527,"height":95.69892473118279,"action":{"library":"H5P.Image 1.1","params":{"contentName":"Image","file":{"path":"images\/file-6582f95489ed3.jpg","mime":"image\/jpeg","copyright":{"license":"U"},"width":479,"height":686}},"subContentId":"ca658387-de74-4029-9595-32a598136409","metadata":{"contentType":"Image","license":"U","title":"Untitled Image"}},"backgroundOpacity":0,"willDoAnimation":false,"animationType":"glow","displayAsButton":false,"buttonSize":"big","goToSlideType":"specified","invisible":false},{"x":50.10867346938775,"y":45.32821158690176,"width":40.05102040816327,"height":31.23425692695214,"action":{"library":"H5P.CRAdvancedText 1.1","params":{"text":"<p dir=\"ltr\" style=\"text-align: center;\"><span style=\"color:#ffffff;\"><span style=\"font-size:1.75em;\">UChaku waqala ukwakha.<\/span><\/span><\/p>\n"},"subContentId":"ebe359ba-481e-4f99-a8c0-e8e2ba425efc","metadata":{"contentType":"Text","license":"U","title":"Untitled Text"}},"alwaysDisplayComments":false,"backgroundOpacity":0,"willDoAnimation":false,"animationType":"glow","displayAsButton":false,"buttonSize":"big","goToSlideType":"specified","invisible":false,"solution":""},{"x":47.00255102040816,"y":43.95465994962216,"width":40,"height":40,"action":{"library":"H5P.CRAudio 1.4","params":{"fitToWrapper":true,"currIndex":9,"playerMode":"minimalistic","controls":true,"autoplay":true,"playAudio":"Play audio","pauseAudio":"Pause audio","contentName":"Audio","glowColor":"#ffd85a","timeStampForEachText":[{"text":" UChaku ","startDuration":"0.0000","endDuration":"1.0586","wordfile":[{"path":"audios\/wordfile-65b9504da1925.wav","mime":"audio\/x-wav","copyright":{"license":"U"}}]},{"text":" waqala ","startDuration":"1.0596","endDuration":"1.5586","wordfile":[{"path":"audios\/wordfile-65b95070722a1.wav","mime":"audio\/x-wav","copyright":{"license":"U"}}]},{"text":" ukwakha. ","startDuration":"1.5596","endDuration":"2.4003","wordfile":[{"path":"audios\/wordfile-65b9509a1c6e1.wav","mime":"audio\/x-wav","copyright":{"license":"U"}}]}],"files":[{"path":"audios\/files-65b9500ec3a28.wav","mime":"audio\/x-wav","copyright":{"license":"U"}}]},"subContentId":"84f830c8-f6c6-4222-97bf-163cc1c27d2b","metadata":{"contentType":"Curious Reader Audio","license":"U","title":"Untitled Curious Reader Audio"}},"backgroundOpacity":0,"willDoAnimation":false,"animationType":"glow","displayAsButton":false,"buttonSize":"big","goToSlideType":"specified","invisible":false},{"x":10.204081632653061,"y":32.72594458438287,"width":16.198979591836736,"height":40.050377833753146,"action":{"library":"H5P.Image 1.1","params":{"contentName":"Image"},"subContentId":"6dc60429-76a4-43e3-8d93-478bd2400db5","metadata":{"contentType":"Image","license":"U","title":"Untitled Image"}},"backgroundOpacity":0,"willDoAnimation":true,"animationType":"glow","displayAsButton":false,"buttonSize":"big","goToSlideType":"specified","invisible":false,"id":"img84f830c8-f6c6-4222-97bf-163cc1c27d2b_0"},{"x":21.683673469387756,"y":25.17317380352645,"width":12.372448979591837,"height":40.050377833753146,"action":{"library":"H5P.Image 1.1","params":{"contentName":"Image"},"subContentId":"e0a7b943-fdfc-400a-88a1-844d74398bc7","metadata":{"contentType":"Image","license":"U","title":"Untitled Image"}},"backgroundOpacity":0,"willDoAnimation":true,"animationType":"glow","displayAsButton":false,"buttonSize":"big","goToSlideType":"specified","invisible":false,"id":"img84f830c8-f6c6-4222-97bf-163cc1c27d2b_2"},{"x":14.03061224489796,"y":55.415617128463474,"width":20.025510204081634,"height":21.914357682619645,"action":{"library":"H5P.Image 1.1","params":{"contentName":"Image"},"subContentId":"6f7832f9-a85f-4c9e-a133-3016ae788a89","metadata":{"contentType":"Image","license":"U","title":"Untitled Image"}},"backgroundOpacity":0,"willDoAnimation":true,"animationType":"glow","displayAsButton":false,"buttonSize":"big","goToSlideType":"specified","invisible":false,"id":"img84f830c8-f6c6-4222-97bf-163cc1c27d2b_2"}],"slideBackgroundSelector":{}},{"elements":[{"x":4.357298474945534,"y":2.150537634408602,"width":39.97821350762527,"height":95.69892473118279,"action":{"library":"H5P.Image 1.1","params":{"contentName":"Image","file":{"path":"images\/file-6582f9838dd11.jpg","mime":"image\/jpeg","copyright":{"license":"U"},"width":479,"height":686}},"subContentId":"6368cbb9-4216-4806-a78c-04244d505890","metadata":{"contentType":"Image","license":"U","title":"Untitled Image"}},"backgroundOpacity":0,"willDoAnimation":false,"animationType":"glow","displayAsButton":false,"buttonSize":"big","goToSlideType":"specified","invisible":false},{"x":42.09183673469388,"y":45.34005037783375,"width":54.8469387755102,"height":31.23425692695214,"action":{"library":"H5P.CRAdvancedText 1.1","params":{"text":"<p dir=\"ltr\" style=\"text-align: center;\"><span style=\"color:#ffffff;\"><span style=\"font-size:1.75em;\">Yeka ibhayisikili ethandekayo! Kodwa yayingazinzile.&nbsp;<\/span><\/span><\/p>\n"},"subContentId":"a355e8e7-c5ed-4094-99d2-8040204b21eb","metadata":{"contentType":"Text","license":"U","title":"Untitled Text"}},"alwaysDisplayComments":false,"backgroundOpacity":0,"willDoAnimation":false,"animationType":"glow","displayAsButton":false,"buttonSize":"big","goToSlideType":"specified","invisible":false,"solution":""},{"x":47.00255102040816,"y":43.95465994962216,"width":40,"height":40,"action":{"library":"H5P.CRAudio 1.4","params":{"fitToWrapper":true,"currIndex":10,"playerMode":"minimalistic","controls":true,"autoplay":true,"playAudio":"Play audio","pauseAudio":"Pause audio","contentName":"Audio","glowColor":"#ffd85a","timeStampForEachText":[{"text":" Yeka ","startDuration":"0.0000","endDuration":"1.2843","wordfile":[{"path":"audios\/wordfile-65b95172036d9.wav","mime":"audio\/x-wav","copyright":{"license":"U"}}]},{"text":" ibhayisikili ","startDuration":"1.2853","endDuration":"1.8141","wordfile":[{"path":"audios\/wordfile-65b9518bf0ded.wav","mime":"audio\/x-wav","copyright":{"license":"U"}}]},{"text":" ethandekayo! ","startDuration":"1.8151","endDuration":"2.9661","wordfile":[{"path":"audios\/wordfile-65b951a0b4875.wav","mime":"audio\/x-wav","copyright":{"license":"U"}}]},{"text":" Kodwa ","startDuration":"2.9671","endDuration":"4.6069","wordfile":[{"path":"audios\/wordfile-65b951ca247eb.wav","mime":"audio\/x-wav","copyright":{"license":"U"}}]},{"text":" yayingazinzile.\u00a0 ","startDuration":"4.6079","endDuration":"6.0966","wordfile":[{"path":"audios\/wordfile-65b9528f98b3f.wav","mime":"audio\/x-wav","copyright":{"license":"U"}}]}],"files":[{"path":"audios\/files-65b95114724f3.wav","mime":"audio\/x-wav","copyright":{"license":"U"}}]},"subContentId":"10f0a4b2-e42d-437b-a8af-e56ef0fc23cc","metadata":{"contentType":"Curious Reader Audio","license":"U","title":"Untitled Curious Reader Audio"}},"backgroundOpacity":0,"willDoAnimation":false,"animationType":"glow","displayAsButton":false,"buttonSize":"big","goToSlideType":"specified","invisible":false},{"x":19.131632653061224,"y":50.35037783375314,"width":23.852040816326532,"height":35.012594458438286,"action":{"library":"H5P.Image 1.1","params":{"contentName":"Image"},"subContentId":"e04940b2-206d-4071-ae4c-18dd953c13dd","metadata":{"contentType":"Image","license":"U","title":"Untitled Image"}},"backgroundOpacity":0,"willDoAnimation":true,"animationType":"glow","displayAsButton":false,"buttonSize":"big","goToSlideType":"specified","invisible":false,"id":"img10f0a4b2-e42d-437b-a8af-e56ef0fc23cc_1"}],"slideBackgroundSelector":{}},{"elements":[{"x":3.2679738562091503,"y":2.150537634408602,"width":39.97821350762527,"height":95.69892473118279,"action":{"library":"H5P.Image 1.1","params":{"contentName":"Image","file":{"path":"images\/file-6582f9c9f38f2.jpg","mime":"image\/jpeg","copyright":{"license":"U"},"width":479,"height":686}},"subContentId":"9f8d3804-966c-4b96-9d67-50173d8d300c","metadata":{"contentType":"Image","license":"U","title":"Untitled Image"}},"backgroundOpacity":0,"willDoAnimation":false,"animationType":"glow","displayAsButton":false,"buttonSize":"big","goToSlideType":"specified","invisible":false},{"x":44.642857142857146,"y":36.53954659949623,"width":45.535714285714285,"height":40.050377833753146,"action":{"library":"H5P.CRAdvancedText 1.1","params":{"text":"<p dir=\"ltr\" style=\"text-align: center;\"><span style=\"color:#ffffff;\"><span style=\"font-size:1.75em;\">ULila wabona inkathazo kaChaku. Wanquma ukusiza.<\/span><\/span><\/p>\n"},"subContentId":"a61b743b-74cb-4bd5-bd26-12e57b9e9005","metadata":{"contentType":"Text","license":"U","title":"Untitled Text"}},"alwaysDisplayComments":false,"backgroundOpacity":0,"willDoAnimation":false,"animationType":"glow","displayAsButton":false,"buttonSize":"big","goToSlideType":"specified","invisible":false,"solution":""},{"x":47.00255102040816,"y":43.95465994962216,"width":40,"height":40,"action":{"library":"H5P.CRAudio 1.4","params":{"fitToWrapper":true,"currIndex":11,"playerMode":"minimalistic","controls":true,"autoplay":true,"playAudio":"Play audio","pauseAudio":"Pause audio","contentName":"Audio","glowColor":"#ffd85a","timeStampForEachText":[{"text":" ULila ","startDuration":"0.0000","endDuration":"1.0061","wordfile":[{"path":"audios\/wordfile-65b953d937b00.wav","mime":"audio\/x-wav","copyright":{"license":"U"}}]},{"text":" wabona ","startDuration":"1.0071","endDuration":"1.4875","wordfile":[{"path":"audios\/wordfile-65b9542c0550a.wav","mime":"audio\/x-wav","copyright":{"license":"U"}}]},{"text":" inkathazo ","startDuration":"1.4885","endDuration":"2.1003","wordfile":[{"path":"audios\/wordfile-65b95440e734e.wav","mime":"audio\/x-wav","copyright":{"license":"U"}}]},{"text":" kaChaku. ","startDuration":"2.1013","endDuration":"3.0987","wordfile":[{"path":"audios\/wordfile-65b9545795245.wav","mime":"audio\/x-wav","copyright":{"license":"U"}}]},{"text":" Wanquma ","startDuration":"3.0997","endDuration":"5.0960","wordfile":[{"path":"audios\/wordfile-65b95476cfe72.wav","mime":"audio\/x-wav","copyright":{"license":"U"}}]},{"text":" ukusiza. ","startDuration":"5.0970","endDuration":"6.2959","wordfile":[{"path":"audios\/wordfile-65b954916096b.wav","mime":"audio\/x-wav","copyright":{"license":"U"}}]}],"files":[{"path":"audios\/files-65b9538abaab6.wav","mime":"audio\/x-wav","copyright":{"license":"U"}}]},"subContentId":"aab7c4f8-ab88-42d9-bd43-73fd16507d13","metadata":{"contentType":"Curious Reader Audio","license":"U","title":"Untitled Curious Reader Audio"}},"backgroundOpacity":0,"willDoAnimation":false,"animationType":"glow","displayAsButton":false,"buttonSize":"big","goToSlideType":"specified","invisible":false},{"x":22.95918367346939,"y":25.165289672544077,"width":17.474489795918366,"height":49.622166246851386,"action":{"library":"H5P.Image 1.1","params":{"contentName":"Image"},"subContentId":"5aa00ae0-a4cb-4bcf-8593-a6202929675a","metadata":{"contentType":"Image","license":"U","title":"Untitled Image"}},"backgroundOpacity":0,"willDoAnimation":true,"animationType":"glow","displayAsButton":false,"buttonSize":"big","goToSlideType":"specified","invisible":false,"id":"imgaab7c4f8-ab88-42d9-bd43-73fd16507d13_3"},{"x":3.826530612244898,"y":30.20302267002519,"width":14.923469387755102,"height":40.050377833753146,"action":{"library":"H5P.Image 1.1","params":{"contentName":"Image"},"subContentId":"1b9d3b43-d9aa-4559-b68b-aaf92bc23f02","metadata":{"contentType":"Image","license":"U","title":"Untitled Image"}},"backgroundOpacity":0,"willDoAnimation":true,"animationType":"glow","displayAsButton":false,"buttonSize":"big","goToSlideType":"specified","invisible":false,"id":"imgaab7c4f8-ab88-42d9-bd43-73fd16507d13_0"}],"slideBackgroundSelector":{}},{"elements":[{"x":43.19346405228758,"y":25.791397849462367,"width":55.44662309368192,"height":70.96774193548387,"action":{"library":"H5P.Image 1.1","params":{"contentName":"Image","file":{"path":"images\/file-6582fa0e7a729.jpg","mime":"image\/jpeg","copyright":{"license":"U"},"width":959,"height":687}},"subContentId":"3ccdf63e-a32d-4e4c-9b61-15b14f985b43","metadata":{"contentType":"Image","license":"U","title":"Untitled Image"}},"backgroundOpacity":0,"willDoAnimation":false,"animationType":"glow","displayAsButton":false,"buttonSize":"big","goToSlideType":"specified","invisible":false},{"x":0,"y":20.133425692695216,"width":47.19387755102041,"height":40.050377833753146,"action":{"library":"H5P.CRAdvancedText 1.1","params":{"text":"<p dir=\"ltr\" style=\"text-align: center;\"><span style=\"color:#ffffff;\"><span style=\"font-size:1.75em;\">Ngokubambisana, benza ibhayisikili eqinile. <\/span><\/span><\/p>\n"},"subContentId":"593db92d-80ca-4922-a46d-9ed57765478e","metadata":{"contentType":"Text","license":"U","title":"Untitled Text"}},"alwaysDisplayComments":false,"backgroundOpacity":0,"willDoAnimation":false,"animationType":"glow","displayAsButton":false,"buttonSize":"big","goToSlideType":"specified","invisible":false,"solution":""},{"x":47.00255102040816,"y":43.95465994962216,"width":40,"height":40,"action":{"library":"H5P.CRAudio 1.4","params":{"fitToWrapper":true,"currIndex":12,"playerMode":"minimalistic","controls":true,"autoplay":true,"playAudio":"Play audio","pauseAudio":"Pause audio","contentName":"Audio","glowColor":"#ffd85a","timeStampForEachText":[{"text":" Ngokubambisana, ","startDuration":"0.0000","endDuration":"1.8442","wordfile":[{"path":"audios\/wordfile-65b9550349e70.wav","mime":"audio\/x-wav","copyright":{"license":"U"}}]},{"text":" benza ","startDuration":"1.8452","endDuration":"2.6585","wordfile":[{"path":"audios\/wordfile-65b95549ecc04.wav","mime":"audio\/x-wav","copyright":{"license":"U"}}]},{"text":" ibhayisikili ","startDuration":"2.6595","endDuration":"3.4076","wordfile":[{"path":"audios\/wordfile-65b95560caee2.wav","mime":"audio\/x-wav","copyright":{"license":"U"}}]},{"text":" eqinile. ","startDuration":"3.4086","endDuration":"4.3589","wordfile":[{"path":"audios\/wordfile-65b9557643d6c.wav","mime":"audio\/x-wav","copyright":{"license":"U"}}]}],"files":[{"path":"audios\/files-65b954d2ae388.wav","mime":"audio\/x-wav","copyright":{"license":"U"}}]},"subContentId":"868b7163-35c3-4315-9277-384e2ba51e71","metadata":{"contentType":"Curious Reader Audio","license":"U","title":"Untitled Curious Reader Audio"}},"backgroundOpacity":0,"willDoAnimation":false,"animationType":"glow","displayAsButton":false,"buttonSize":"big","goToSlideType":"specified","invisible":false},{"x":73.9795918367347,"y":52.855415617128465,"width":20.025510204081634,"height":40.050377833753146,"action":{"library":"H5P.Image 1.1","params":{"contentName":"Image"},"subContentId":"92bacfa0-ee95-4212-b5e4-d0d96bcfc32a","metadata":{"contentType":"Image","license":"U","title":"Untitled Image"}},"backgroundOpacity":0,"willDoAnimation":true,"animationType":"glow","displayAsButton":false,"buttonSize":"big","goToSlideType":"specified","invisible":false,"id":"img868b7163-35c3-4315-9277-384e2ba51e71_2"}],"slideBackgroundSelector":{}},{"elements":[{"x":3.2679738562091503,"y":4.301075268817204,"width":39.97821350762527,"height":95.69892473118279,"action":{"library":"H5P.Image 1.1","params":{"contentName":"Image","file":{"path":"images\/file-6582fa801b2bb.jpg","mime":"image\/jpeg","copyright":{"license":"U"},"width":639,"height":687}},"subContentId":"9be5a284-a001-40c0-9a7f-2116761d05e2","metadata":{"contentType":"Image","license":"U","title":"Untitled Image"}},"backgroundOpacity":0,"willDoAnimation":false,"animationType":"glow","displayAsButton":false,"buttonSize":"big","goToSlideType":"specified","invisible":false},{"x":42.09183673469388,"y":37.78337531486146,"width":49.10714285714286,"height":40.050377833753146,"action":{"library":"H5P.CRAdvancedText 1.1","params":{"text":"<p dir=\"ltr\" style=\"text-align: center;\"><span style=\"color:#ffffff;\"><span style=\"font-size:1.75em;\">UChaku wayegibela ibhayisikili lakhe, nomaphi lapho eya khona.&nbsp;<\/span><\/span><\/p>\n"},"subContentId":"936ea689-fca6-4e29-9824-7b531547a589","metadata":{"contentType":"Text","license":"U","title":"Untitled Text"}},"alwaysDisplayComments":false,"backgroundOpacity":0,"willDoAnimation":false,"animationType":"glow","displayAsButton":false,"buttonSize":"big","goToSlideType":"specified","invisible":false,"solution":""},{"x":47.00255102040816,"y":43.95465994962216,"width":40,"height":40,"action":{"library":"H5P.CRAudio 1.4","params":{"fitToWrapper":true,"currIndex":13,"playerMode":"minimalistic","controls":true,"autoplay":true,"playAudio":"Play audio","pauseAudio":"Pause audio","contentName":"Audio","glowColor":"#ffd85a","timeStampForEachText":[{"text":" UChaku ","startDuration":"0.0000","endDuration":"1.0823","wordfile":[{"path":"audios\/wordfile-65b956c3071d7.wav","mime":"audio\/x-wav","copyright":{"license":"U"}}]},{"text":" wayegibela ","startDuration":"1.0833","endDuration":"1.9192","wordfile":[{"path":"audios\/wordfile-65b9571db9c7a.wav","mime":"audio\/x-wav","copyright":{"license":"U"}}]},{"text":" ibhayisikili ","startDuration":"1.9202","endDuration":"2.4064","wordfile":[{"path":"audios\/wordfile-65b957472fb10.wav","mime":"audio\/x-wav","copyright":{"license":"U"}}]},{"text":" lakhe, ","startDuration":"2.4074","endDuration":"3.0843","wordfile":[{"path":"audios\/wordfile-65b95790abf4f.wav","mime":"audio\/x-wav","copyright":{"license":"U"}}]},{"text":" nomaphi ","startDuration":"3.0853","endDuration":"3.9848","wordfile":[{"path":"audios\/wordfile-65b957b65079d.wav","mime":"audio\/x-wav","copyright":{"license":"U"}}]},{"text":" lapho ","startDuration":"3.9858","endDuration":"4.3289","wordfile":[{"path":"audios\/wordfile-65b957dbdc4e7.wav","mime":"audio\/x-wav","copyright":{"license":"U"}}]},{"text":" eya ","startDuration":"4.3299","endDuration":"4.5299","wordfile":[{"path":"audios\/wordfile-65b95800cc441.wav","mime":"audio\/x-wav","copyright":{"license":"U"}}]},{"text":" khona.\u00a0 ","startDuration":"4.5309","endDuration":"5.5576","wordfile":[{"path":"audios\/wordfile-65b9583897fe4.wav","mime":"audio\/x-wav","copyright":{"license":"U"}}]}],"files":[{"path":"audios\/files-65b955f6558e6.wav","mime":"audio\/x-wav","copyright":{"license":"U"}}]},"subContentId":"6bc48dea-7112-4147-b626-0780c391d544","metadata":{"contentType":"Curious Reader Audio","license":"U","title":"Untitled Curious Reader Audio"}},"backgroundOpacity":0,"willDoAnimation":false,"animationType":"glow","displayAsButton":false,"buttonSize":"big","goToSlideType":"specified","invisible":false},{"x":17.857142857142858,"y":12.586599496221663,"width":20.025510204081634,"height":40.050377833753146,"action":{"library":"H5P.Image 1.1","params":{"contentName":"Image"},"subContentId":"5bec2488-c9d0-4278-b073-d9bf7acd9f4b","metadata":{"contentType":"Image","license":"U","title":"Untitled Image"}},"backgroundOpacity":0,"willDoAnimation":true,"animationType":"glow","displayAsButton":false,"buttonSize":"big","goToSlideType":"specified","invisible":false,"id":"img6bc48dea-7112-4147-b626-0780c391d544_0"},{"x":19.131632653061224,"y":37.75390428211587,"width":22.5765306122449,"height":44.58438287153652,"action":{"library":"H5P.Image 1.1","params":{"contentName":"Image"},"subContentId":"7a148e4f-32a8-4ed9-b6e5-c2be7916d886","metadata":{"contentType":"Image","license":"U","title":"Untitled Image"}},"backgroundOpacity":0,"willDoAnimation":true,"animationType":"glow","displayAsButton":false,"buttonSize":"big","goToSlideType":"specified","invisible":false,"id":"img6bc48dea-7112-4147-b626-0780c391d544_2"}],"slideBackgroundSelector":{}},{"elements":[{"x":3.2679738562091503,"y":2.150537634408602,"width":39.97821350762527,"height":95.69892473118279,"action":{"library":"H5P.Image 1.1","params":{"contentName":"Image","file":{"path":"images\/file-6582fab2e8792.jpg","mime":"image\/jpeg","copyright":{"license":"U"},"width":479,"height":686}},"subContentId":"a5cc3ace-1cb3-4463-a4b8-cf993423732e","metadata":{"contentType":"Image","license":"U","title":"Untitled Image"}},"backgroundOpacity":0,"willDoAnimation":false,"animationType":"glow","displayAsButton":false,"buttonSize":"big","goToSlideType":"specified","invisible":false},{"x":43.36734693877551,"y":32.22015113350126,"width":54.974489795918366,"height":55.415617128463474,"action":{"library":"H5P.CRAdvancedText 1.1","params":{"text":"<p style=\"text-align: center;\"><span style=\"color:#ffffff;\"><span style=\"font-size:1.75em;\">Kodwa isikhathi ayesithanda kakhulu, kwakungesikhathi yena noLila behamba ngamabhayisikili ndawonye.<\/span><\/span><\/p>\n"},"subContentId":"d153d157-4df3-43a2-bd6f-b4ff096d12a1","metadata":{"contentType":"Text","license":"U","title":"Untitled Text"}},"alwaysDisplayComments":false,"backgroundOpacity":0,"willDoAnimation":false,"animationType":"glow","displayAsButton":false,"buttonSize":"big","goToSlideType":"specified","invisible":false,"solution":""},{"x":47.00255102040816,"y":43.95465994962216,"width":40,"height":40,"action":{"library":"H5P.CRAudio 1.4","params":{"fitToWrapper":true,"currIndex":14,"playerMode":"minimalistic","controls":true,"autoplay":true,"playAudio":"Play audio","pauseAudio":"Pause audio","contentName":"Audio","glowColor":"#ffd85a","timeStampForEachText":[{"text":" Kodwa ","startDuration":"0.0000","endDuration":"1.2855","wordfile":[{"path":"audios\/wordfile-65b9592752b3d.wav","mime":"audio\/x-wav","copyright":{"license":"U"}}]},{"text":" isikhathi ","startDuration":"1.2865","endDuration":"1.7083","wordfile":[{"path":"audios\/wordfile-65b95963f2135.wav","mime":"audio\/x-wav","copyright":{"license":"U"}}]},{"text":" ayesithanda ","startDuration":"1.7093","endDuration":"2.3879","wordfile":[{"path":"audios\/wordfile-65b95a0d3dc9b.wav","mime":"audio\/x-wav","copyright":{"license":"U"}}]},{"text":" kakhulu, ","startDuration":"2.3889","endDuration":"3.1959","wordfile":[{"path":"audios\/wordfile-65b95a2ceb269.wav","mime":"audio\/x-wav","copyright":{"license":"U"}}]},{"text":" kwakungesikhathi ","startDuration":"3.1969","endDuration":"4.2723","wordfile":[{"path":"audios\/wordfile-65b95a5b782fb.wav","mime":"audio\/x-wav","copyright":{"license":"U"}}]},{"text":" yena ","startDuration":"4.2733","endDuration":"4.5317","wordfile":[{"path":"audios\/wordfile-65b95a703eb5e.wav","mime":"audio\/x-wav","copyright":{"license":"U"}}]},{"text":" noLila ","startDuration":"4.5327","endDuration":"5.3280","wordfile":[{"path":"audios\/wordfile-65b95a9a7220a.wav","mime":"audio\/x-wav","copyright":{"license":"U"}}]},{"text":" behamba ","startDuration":"5.3290","endDuration":"6.1360","wordfile":[{"path":"audios\/wordfile-65b95abb2a3a5.wav","mime":"audio\/x-wav","copyright":{"license":"U"}}]},{"text":" ngamabhayisikili ","startDuration":"6.1370","endDuration":"6.9323","wordfile":[{"path":"audios\/wordfile-65b95ad39a7fc.wav","mime":"audio\/x-wav","copyright":{"license":"U"}}]},{"text":" ndawonye. ","startDuration":"6.9333","endDuration":"8.4640","wordfile":[{"path":"audios\/wordfile-65b95ae701402.wav","mime":"audio\/x-wav","copyright":{"license":"U"}}]}],"files":[{"path":"audios\/files-65b9587478fc4.wav","mime":"audio\/x-wav","copyright":{"license":"U"}}]},"subContentId":"613336a0-ce87-481a-be44-46eddfa0c5e3","metadata":{"contentType":"Curious Reader Audio","license":"U","title":"Untitled Curious Reader Audio"}},"backgroundOpacity":0,"willDoAnimation":false,"animationType":"glow","displayAsButton":false,"buttonSize":"big","goToSlideType":"specified","invisible":false},{"x":25.510204081632654,"y":15.101536523929472,"width":11.096938775510205,"height":57.178841309823675,"action":{"library":"H5P.Image 1.1","params":{"contentName":"Image"},"subContentId":"332026b3-4fa1-4101-939b-e8ec19c4adad","metadata":{"contentType":"Image","license":"U","title":"Untitled Image"}},"backgroundOpacity":0,"willDoAnimation":true,"animationType":"glow","displayAsButton":false,"buttonSize":"big","goToSlideType":"specified","invisible":false,"id":"img613336a0-ce87-481a-be44-46eddfa0c5e3_4"},{"x":25.510204081632654,"y":20.139319899244335,"width":14.923469387755102,"height":52.141057934508815,"action":{"library":"H5P.Image 1.1","params":{"contentName":"Image"},"subContentId":"de5f8348-f861-4b5b-ac8d-61f2179a308c","metadata":{"contentType":"Image","license":"U","title":"Untitled Image"}},"backgroundOpacity":0,"willDoAnimation":true,"animationType":"glow","displayAsButton":false,"buttonSize":"big","goToSlideType":"specified","invisible":false,"id":"img613336a0-ce87-481a-be44-46eddfa0c5e3_5"},{"x":12.755102040816327,"y":17.608614609571788,"width":12.372448979591837,"height":54.659949622166245,"action":{"library":"H5P.Image 1.1","params":{"contentName":"Image"},"subContentId":"a4449ebc-03b1-4bbc-bf4f-79b34c4d366b","metadata":{"contentType":"Image","license":"U","title":"Untitled Image"}},"backgroundOpacity":0,"willDoAnimation":true,"animationType":"glow","displayAsButton":false,"buttonSize":"big","goToSlideType":"specified","invisible":false,"id":"img613336a0-ce87-481a-be44-46eddfa0c5e3_6"}],"slideBackgroundSelector":{}},{"elements":[{"x":5.446623093681917,"y":6.451612903225806,"width":19.607843137254903,"height":19.569892473118276,"action":{"library":"H5P.Image 1.1","params":{"contentName":"Image","file":{"path":"images\/file-6582faf97f388.png","mime":"image\/png","copyright":{"license":"U"},"width":1350,"height":487}},"subContentId":"adef2565-9d0b-433d-8139-92e610ba9372","metadata":{"contentType":"Image","license":"U","title":"Untitled Image"}},"backgroundOpacity":0,"willDoAnimation":false,"animationType":"glow","displayAsButton":false,"buttonSize":"big","goToSlideType":"specified","invisible":false},{"x":29.411764705882355,"y":6.4415268817204305,"width":19.607843137254903,"height":19.569892473118276,"action":{"library":"H5P.Image 1.1","params":{"contentName":"Image","file":{"path":"images\/file-6582fb0bd1481.png","mime":"image\/png","copyright":{"license":"U"},"width":814,"height":202}},"subContentId":"abaea07c-8ccf-4f94-9c73-5c3fad74e8b6","metadata":{"contentType":"Image","license":"U","title":"Untitled Image"}},"backgroundOpacity":0,"willDoAnimation":false,"animationType":"glow","displayAsButton":false,"buttonSize":"big","goToSlideType":"specified","invisible":false},{"x":53.37690631808279,"y":8.602150537634408,"width":39.97821350762527,"height":15.053763440860214,"action":{"library":"H5P.Image 1.1","params":{"contentName":"Image","file":{"path":"images\/file-6582fb223475c.jpg","mime":"image\/jpeg","copyright":{"license":"U"},"width":1732,"height":354}},"subContentId":"1e6de0e9-af4d-4212-be76-2db4139d5fc6","metadata":{"contentType":"Image","license":"U","title":"Untitled Image"}},"backgroundOpacity":0,"willDoAnimation":false,"animationType":"glow","displayAsButton":false,"buttonSize":"big","goToSlideType":"specified","invisible":false},{"x":4.357298474945534,"y":32.239569892473114,"width":93.68191721132898,"height":64.51612903225806,"action":{"library":"H5P.CRAdvancedText 1.1","params":{"text":"<h3 style=\"text-align: center;\">\u201cUmjikelezo wakaChaku\u201d credits<br>\nThis work, \u201cUmjikelezo wakaChaku\u201d&nbsp;is a derivative of Chaku's Cycleis translated byAlisha Berger. The \u00a9 for this translation lies with Room to Read, 2016. Some rights reserved. Released under CC BY 4.0 license.Based on Original story:'Baiskeli ya Chaku', byUpendo Maria. \u00a9 Room to Read , 2016. Some rights reserved.<\/h3>\n\n<h3 style=\"text-align: center;\">\u201cUmjikelezo wakaChaku\u201d is licensed under CC BY 4.0 by Curious Learning.<\/h3>\n\n<h3 style=\"text-align: center;\">Book builder - Abraham Jerry Kakooza<\/h3>\n"},"subContentId":"73649e64-c7ea-491d-8d78-f2ad67dcfe51","metadata":{"contentType":"Text","license":"U","title":"Untitled Text"}},"alwaysDisplayComments":false,"backgroundOpacity":0,"willDoAnimation":false,"animationType":"glow","displayAsButton":false,"buttonSize":"big","goToSlideType":"specified","invisible":false,"solution":""}],"slideBackgroundSelector":{}}],"keywordListEnabled":true,"globalBackgroundSelector":{},"keywordListAlwaysShow":false,"keywordListAutoHide":false,"keywordListOpacity":90},"override":{"activeSurface":false,"hideSummarySlide":false,"summarySlideSolutionButton":true,"summarySlideRetryButton":true,"enablePrintButton":false,"social":{"showFacebookShare":false,"facebookShare":{"url":"@currentpageurl","quote":"I scored @score out of @maxScore on a task at @currentpageurl."},"showTwitterShare":false,"twitterShare":{"statement":"I scored @score out of @maxScore on a task at @currentpageurl.","url":"@currentpageurl","hashtags":"h5p, course"},"showGoogleShare":false,"googleShareUrl":"@currentpageurl"}},"l10n":{"slide":"Slide","score":"Score","yourScore":"Your Score","maxScore":"Max Score","total":"Total","totalScore":"Total Score","showSolutions":"Show solutions","retry":"Retry","exportAnswers":"Export text","hideKeywords":"Hide sidebar navigation menu","showKeywords":"Show sidebar navigation menu","fullscreen":"Fullscreen","exitFullscreen":"Exit fullscreen","prevSlide":"Previous slide","nextSlide":"Next slide","currentSlide":"Current slide","lastSlide":"Last slide","solutionModeTitle":"Exit solution mode","solutionModeText":"Solution Mode","summaryMultipleTaskText":"Multiple tasks","scoreMessage":"You achieved:","shareFacebook":"Share on Facebook","shareTwitter":"Share on Twitter","shareGoogle":"Share on Google+","summary":"Summary","solutionsButtonTitle":"Show comments","printTitle":"Print","printIngress":"How would you like to print this presentation?","printAllSlides":"Print all slides","printCurrentSlide":"Print current slide","noTitle":"No title","accessibilitySlideNavigationExplanation":"Use left and right arrow to change slide in that direction whenever canvas is selected.","accessibilityCanvasLabel":"Presentation canvas. Use left and right arrow to move between slides.","containsNotCompleted":"@slideName contains not completed interaction","containsCompleted":"@slideName contains completed interaction","slideCount":"Slide @index of @total","containsOnlyCorrect":"@slideName only has correct answers","containsIncorrectAnswers":"@slideName has incorrect answers","shareResult":"Share Result","accessibilityTotalScore":"You got @score of @maxScore points in total","accessibilityEnteredFullscreen":"Entered fullscreen","accessibilityExitedFullscreen":"Exited fullscreen"}}