{"presentation":{"slides":[{"elements":[{"x":15.046296296296296,"y":82.19178082191782,"width":69.44444444444444,"height":15.068493150684931,"action":{"library":"H5P.CRAdvancedText 1.1","params":{"text":"<p style=\"text-align: center;\"><span style=\"font-size:3em;\">\u0939\u0930\u093e\u090f\u0915\u094b \u092a\u0941\u0924\u0932\u0940<\/span><\/p>\n"},"metadata":{"contentType":"Text","license":"U","title":"Untitled Text"},"subContentId":"44bfa072-0233-468e-a142-38443c25de7c"},"alwaysDisplayComments":false,"backgroundOpacity":0,"willDoAnimation":false,"animationType":"glow","displayAsButton":false,"buttonSize":"big","goToSlideType":"specified","invisible":false,"solution":""},{"x":24.305555555555554,"y":8.904109589041097,"width":50.925925925925924,"height":71.68949771689498,"action":{"library":"H5P.Image 1.1","params":{"contentName":"Image","file":{"path":"images\/file-61ef2b43e729d.jpeg","mime":"image\/jpeg","copyright":{"license":"U"},"width":1472,"height":1024}},"metadata":{"contentType":"Image","license":"U","title":"Untitled Image"},"subContentId":"078c6964-01f5-4f74-b0ae-a3b1dd1ac394"},"backgroundOpacity":0,"willDoAnimation":false,"animationType":"glow","displayAsButton":false,"buttonSize":"big","goToSlideType":"specified","invisible":false}],"slideBackgroundSelector":{}},{"elements":[{"x":14.161220043572985,"y":81.72043010752688,"width":71.06481481481481,"height":15.981735159817353,"action":{"library":"H5P.CRAdvancedText 1.1","params":{"text":"<p style=\"text-align: center;\"><span style=\"color:#ffffff;\"><span style=\"font-size:2.25em;\">\u092f\u094b \u0905\u092c\u0940 \u0930 \u0909\u0928\u0915\u094b \u092a\u0941\u0924\u0932\u0940 \u0939\u094b\u0964<\/span><\/span><\/p>\n"},"metadata":{"contentType":"Text","license":"U","title":"Untitled Text"},"subContentId":"ad78231a-8d0f-4a3a-a5b8-0dd710c0ac4c"},"alwaysDisplayComments":false,"backgroundOpacity":0,"willDoAnimation":false,"animationType":"glow","displayAsButton":false,"buttonSize":"big","goToSlideType":"specified","invisible":false,"solution":""},{"x":25.462962962962962,"y":9.132420091324201,"width":48.263888888888886,"height":70.77625570776256,"action":{"library":"H5P.Image 1.1","params":{"contentName":"Image","file":{"path":"images\/file-61ef2d37250d0.jpeg","mime":"image\/jpeg","copyright":{"license":"U"},"width":1472,"height":1024}},"metadata":{"contentType":"Image","license":"U","title":"Untitled Image"},"subContentId":"ffe74eb3-7780-4eec-b92c-6a45d91e227f"},"backgroundOpacity":0,"willDoAnimation":false,"animationType":"glow","displayAsButton":false,"buttonSize":"big","goToSlideType":"specified","invisible":false},{"x":47.00435729847495,"y":43.97849462365591,"width":40,"height":40,"action":{"library":"H5P.CRAudio 1.4","params":{"fitToWrapper":true,"currIndex":1,"playerMode":"minimalistic","controls":true,"autoplay":true,"playAudio":"Play audio","pauseAudio":"Pause audio","contentName":"Audio","glowColor":"#ffd85a","timeStampForEachText":[{"text":" \u092f\u094b ","startDuration":"0.2684","endDuration":"0.7974","wordfile":[{"path":"audios\/wordfile-653527b123bd1.wav","mime":"audio\/x-wav","copyright":{"license":"U"}}]},{"text":" \u0905\u092c\u0940 ","startDuration":"1.3333","endDuration":"1.7584","wordfile":[{"path":"audios\/wordfile-653527ed727fa.wav","mime":"audio\/x-wav","copyright":{"license":"U"}}]},{"text":" \u0930 ","startDuration":"1.7575","endDuration":"2.1436","wordfile":[{"path":"audios\/wordfile-6535280792aa6.wav","mime":"audio\/x-wav","copyright":{"license":"U"}}]},{"text":" \u0909\u0928\u0915\u094b ","startDuration":"2.2207","endDuration":"2.5852","wordfile":[{"path":"audios\/wordfile-65352843c05cd.wav","mime":"audio\/x-wav","copyright":{"license":"U"}}]},{"text":" \u092a\u0941\u0924\u0932\u0940 ","startDuration":"2.5862","endDuration":"3.0416","wordfile":[{"path":"audios\/wordfile-6535286c04e34.wav","mime":"audio\/x-wav","copyright":{"license":"U"}}]},{"text":" \u0939\u094b\u0964 ","startDuration":"3.0426","endDuration":"3.5413","wordfile":[{"path":"audios\/wordfile-6535287fe5e4e.wav","mime":"audio\/x-wav","copyright":{"license":"U"}}]}],"files":[{"path":"audios\/files-6535276d08895.wav","mime":"audio\/x-wav","copyright":{"license":"U"}}]},"subContentId":"462fa327-9f15-43fc-b020-57bd78cb2023","metadata":{"contentType":"Curious Reader Audio","license":"U","title":"Untitled Curious Reader Audio"}},"backgroundOpacity":0,"willDoAnimation":false,"animationType":"glow","displayAsButton":false,"buttonSize":"big","goToSlideType":"specified","invisible":false},{"x":44.66230936819172,"y":25.806451612903224,"width":9.15032679738562,"height":14.623655913978494,"action":{"library":"H5P.Image 1.1","params":{"contentName":"Image"},"subContentId":"97f379d5-2a62-40bc-b50b-45e93a55935f","metadata":{"contentType":"Image","license":"U","title":"Untitled Image"}},"backgroundOpacity":0,"willDoAnimation":true,"animationType":"glow","displayAsButton":false,"buttonSize":"big","goToSlideType":"specified","invisible":false,"id":"img462fa327-9f15-43fc-b020-57bd78cb2023_1"},{"x":43.57298474945534,"y":36.55913978494623,"width":9.041394335511983,"height":20.21505376344086,"action":{"library":"H5P.Image 1.1","params":{"contentName":"Image"},"subContentId":"886f86be-986f-4aa1-98bb-c04cf0e5ba13","metadata":{"contentType":"Image","license":"U","title":"Untitled Image"}},"backgroundOpacity":0,"willDoAnimation":true,"animationType":"glow","displayAsButton":false,"buttonSize":"big","goToSlideType":"specified","invisible":false,"id":"img462fa327-9f15-43fc-b020-57bd78cb2023_4"}],"slideBackgroundSelector":{}},{"elements":[{"x":19.675925925925924,"y":82.19178082191782,"width":61.34259259259259,"height":15.981735159817353,"action":{"library":"H5P.CRAdvancedText 1.1","params":{"text":"<p dir=\"ltr\" style=\"text-align: center;\"><span style=\"color:#ffffff;\"><span style=\"font-size:2.25em;\">\u0905\u092c\u0940\u0932\u093e\u0908 \u0909\u0928\u0915\u094b \u092a\u0941\u0924\u0932\u0940 \u092e\u0928 \u092a\u0930\u094d\u091b\u0964<\/span><\/span><\/p>\n"},"metadata":{"contentType":"Text","license":"U","title":"Untitled Text"},"subContentId":"c394fb3e-dc2f-4ba6-ba4a-6ae36b52a4e8"},"alwaysDisplayComments":false,"backgroundOpacity":0,"willDoAnimation":false,"animationType":"glow","displayAsButton":false,"buttonSize":"big","goToSlideType":"specified","invisible":false,"solution":""},{"x":26.62037037037037,"y":11.415525114155251,"width":48.72685185185185,"height":70.77625570776256,"action":{"library":"H5P.Image 1.1","params":{"contentName":"Image","file":{"path":"images\/file-61ef2ec0dfac0.jpeg","mime":"image\/jpeg","copyright":{"license":"U"},"width":1472,"height":1024}},"metadata":{"contentType":"Image","license":"U","title":"Untitled Image"},"subContentId":"c53c077a-e9d1-4c15-b584-8b4debd998af"},"backgroundOpacity":0,"willDoAnimation":false,"animationType":"glow","displayAsButton":false,"buttonSize":"big","goToSlideType":"specified","invisible":false},{"x":47.00435729847495,"y":43.97849462365591,"width":40,"height":40,"action":{"library":"H5P.CRAudio 1.4","params":{"fitToWrapper":true,"currIndex":2,"playerMode":"minimalistic","controls":true,"autoplay":true,"playAudio":"Play audio","pauseAudio":"Pause audio","contentName":"Audio","glowColor":"#ffd85a","timeStampForEachText":[{"text":" \u0905\u092c\u0940\u0932\u093e\u0908 ","startDuration":"0.3267","endDuration":"1.2368","wordfile":[{"path":"audios\/wordfile-653528c095f12.wav","mime":"audio\/x-wav","copyright":{"license":"U"}}]},{"text":" \u0909\u0928\u0915\u094b ","startDuration":"1.5732","endDuration":"1.9344","wordfile":[{"path":"audios\/wordfile-653528fbc19f3.wav","mime":"audio\/x-wav","copyright":{"license":"U"}}]},{"text":" \u092a\u0941\u0924\u0932\u0940 ","startDuration":"1.9341","endDuration":"2.4173","wordfile":[{"path":"audios\/wordfile-6535294feecd7.wav","mime":"audio\/x-wav","copyright":{"license":"U"}}]},{"text":" \u092e\u0928 ","startDuration":"2.4183","endDuration":"2.6836","wordfile":[{"path":"audios\/wordfile-6535297e1621b.wav","mime":"audio\/x-wav","copyright":{"license":"U"}}]},{"text":" \u092a\u0930\u094d\u091b\u0964 ","startDuration":"2.6846","endDuration":"3.4422","wordfile":[{"path":"audios\/wordfile-653529a34e1ea.wav","mime":"audio\/x-wav","copyright":{"license":"U"}}]}],"files":[{"path":"audios\/files-6535289a9376d.wav","mime":"audio\/x-wav","copyright":{"license":"U"}}]},"subContentId":"8492d295-9546-4608-9fb9-1786076466f0","metadata":{"contentType":"Curious Reader Audio","license":"U","title":"Untitled Curious Reader Audio"}},"backgroundOpacity":0,"willDoAnimation":false,"animationType":"glow","displayAsButton":false,"buttonSize":"big","goToSlideType":"specified","invisible":false},{"x":44.66230936819172,"y":27.94021505376344,"width":11.22004357298475,"height":16.129032258064516,"action":{"library":"H5P.Image 1.1","params":{"contentName":"Image"},"subContentId":"06c15c5b-cc41-4fa0-a99f-d2792de9642f","metadata":{"contentType":"Image","license":"U","title":"Untitled Image"}},"backgroundOpacity":0,"willDoAnimation":true,"animationType":"glow","displayAsButton":false,"buttonSize":"big","goToSlideType":"specified","invisible":false,"id":"img8492d295-9546-4608-9fb9-1786076466f0_0"},{"x":44.66230936819172,"y":40.836774193548386,"width":5.882352941176471,"height":20.21505376344086,"action":{"library":"H5P.Image 1.1","params":{"contentName":"Image"},"subContentId":"92cbafe0-006b-44ad-91bb-799dd435ccc1","metadata":{"contentType":"Image","license":"U","title":"Untitled Image"}},"backgroundOpacity":0,"willDoAnimation":true,"animationType":"glow","displayAsButton":false,"buttonSize":"big","goToSlideType":"specified","invisible":false,"id":"img8492d295-9546-4608-9fb9-1786076466f0_2"}],"slideBackgroundSelector":{}},{"elements":[{"x":3.472222222222222,"y":81.5068493150685,"width":89.58333333333333,"height":15.981735159817353,"action":{"library":"H5P.CRAdvancedText 1.1","params":{"text":"<p style=\"text-align: center;\"><span style=\"color:#ffffff;\"><span style=\"font-size:2.25em;\">\u0905\u092c\u0940 \u0906\u092b\u094d\u0928\u094b \u092a\u0941\u0924\u0932\u0940\u0938\u0901\u0917 \u0916\u0947\u0932\u094d\u0928 \u092e\u0928 \u092a\u0930\u093e\u0909\u0901\u091b\u093f\u0928\u094d\u0964<\/span><\/span><\/p>\n"},"metadata":{"contentType":"Text","license":"U","title":"Untitled Text"},"subContentId":"c126f8f7-5de8-4aee-97ab-b12b2503c310"},"alwaysDisplayComments":false,"backgroundOpacity":0,"willDoAnimation":false,"animationType":"glow","displayAsButton":false,"buttonSize":"big","goToSlideType":"specified","invisible":false,"solution":""},{"x":25.462962962962962,"y":11.415525114155251,"width":48.61111111111111,"height":68.94977168949772,"action":{"library":"H5P.Image 1.1","params":{"contentName":"Image","file":{"path":"images\/file-61ef31140c3a9.jpeg","mime":"image\/jpeg","copyright":{"license":"U"},"width":1472,"height":1024}},"metadata":{"contentType":"Image","license":"U","title":"Untitled Image"},"subContentId":"fc224ac3-de9a-4f94-abe8-45dbe766dd43"},"backgroundOpacity":0,"willDoAnimation":false,"animationType":"glow","displayAsButton":false,"buttonSize":"big","goToSlideType":"specified","invisible":false},{"x":47.00435729847495,"y":43.97849462365591,"width":40,"height":40,"action":{"library":"H5P.CRAudio 1.4","params":{"fitToWrapper":true,"currIndex":3,"playerMode":"minimalistic","controls":true,"autoplay":true,"playAudio":"Play audio","pauseAudio":"Pause audio","contentName":"Audio","glowColor":"#ffd85a","timeStampForEachText":[{"text":" \u0905\u092c\u0940 ","startDuration":"0.2947","endDuration":"1.0447","wordfile":[{"path":"audios\/wordfile-653529f63d331.wav","mime":"audio\/x-wav","copyright":{"license":"U"}}]},{"text":" \u0906\u092b\u094d\u0928\u094b ","startDuration":"1.3076","endDuration":"2.0904","wordfile":[{"path":"audios\/wordfile-65352a1bc52f0.wav","mime":"audio\/x-wav","copyright":{"license":"U"}}]},{"text":" \u092a\u0941\u0924\u0932\u0940\u0938\u0901\u0917 ","startDuration":"2.1739","endDuration":"3.3692","wordfile":[{"path":"audios\/wordfile-65352a4504843.wav","mime":"audio\/x-wav","copyright":{"license":"U"}}]},{"text":" \u0916\u0947\u0932\u094d\u0928 ","startDuration":"3.5948","endDuration":"4.1222","wordfile":[{"path":"audios\/wordfile-65352a793e8a6.wav","mime":"audio\/x-wav","copyright":{"license":"U"}}]},{"text":" \u092e\u0928 ","startDuration":"4.1252","endDuration":"4.2859","wordfile":[{"path":"audios\/wordfile-65352abb1a139.wav","mime":"audio\/x-wav","copyright":{"license":"U"}}]},{"text":" \u092a\u0930\u093e\u0909\u0901\u091b\u093f\u0928\u094d\u0964 ","startDuration":"4.2869","endDuration":"5.6001","wordfile":[{"path":"audios\/wordfile-65352bc058cc8.wav","mime":"audio\/x-wav","copyright":{"license":"U"}}]}],"files":[{"path":"audios\/files-653529c10e9a9.wav","mime":"audio\/x-wav","copyright":{"license":"U"}}]},"subContentId":"d3aa4210-f215-425f-800b-b1ae02e9d24b","metadata":{"contentType":"Curious Reader Audio","license":"U","title":"Untitled Curious Reader Audio"}},"backgroundOpacity":0,"willDoAnimation":false,"animationType":"glow","displayAsButton":false,"buttonSize":"big","goToSlideType":"specified","invisible":false},{"x":49.01960784313725,"y":23.588817204301076,"width":16.775599128540307,"height":50.32258064516129,"action":{"library":"H5P.Image 1.1","params":{"contentName":"Image"},"subContentId":"9ee313f6-fd21-4327-b635-a7f306d56879","metadata":{"contentType":"Image","license":"U","title":"Untitled Image"}},"backgroundOpacity":0,"willDoAnimation":true,"animationType":"glow","displayAsButton":false,"buttonSize":"big","goToSlideType":"specified","invisible":false,"id":"imgd3aa4210-f215-425f-800b-b1ae02e9d24b_0"},{"x":35.947712418300654,"y":49.401935483870965,"width":10.239651416122005,"height":22.79569892473118,"action":{"library":"H5P.Image 1.1","params":{"contentName":"Image"},"subContentId":"304947cf-a163-47f6-8b9e-cd12c39acbab","metadata":{"contentType":"Image","license":"U","title":"Untitled Image"}},"backgroundOpacity":0,"willDoAnimation":true,"animationType":"glow","displayAsButton":false,"buttonSize":"big","goToSlideType":"specified","invisible":false,"id":"imgd3aa4210-f215-425f-800b-b1ae02e9d24b_2"}],"slideBackgroundSelector":{}},{"elements":[{"x":17.36111111111111,"y":79.90867579908677,"width":64.81481481481481,"height":18.036529680365298,"action":{"library":"H5P.CRAdvancedText 1.1","params":{"text":"<p style=\"text-align: center;\"><span style=\"color:#ffffff;\"><span style=\"font-size:2.25em;\">\u0905\u092c\u0940\u0932\u0947 \u0906\u092b\u094d\u0928\u094b \u092a\u0941\u0924\u0932\u0940 \u0939\u0930\u093e\u092f\u094b\u0964<\/span><\/span><\/p>\n"},"metadata":{"contentType":"Text","license":"U","title":"Untitled Text"},"subContentId":"119d54b0-367b-4398-9c25-0be377ff03ee"},"alwaysDisplayComments":false,"backgroundOpacity":0,"willDoAnimation":false,"animationType":"glow","displayAsButton":false,"buttonSize":"big","goToSlideType":"specified","invisible":false,"solution":""},{"x":24.305555555555554,"y":9.132420091324201,"width":50.5787037037037,"height":69.63470319634703,"action":{"library":"H5P.Image 1.1","params":{"contentName":"Image","file":{"path":"images\/file-61ef32ab45f04.jpeg","mime":"image\/jpeg","copyright":{"license":"U"},"width":1472,"height":1024}},"metadata":{"contentType":"Image","license":"U","title":"Untitled Image"},"subContentId":"89af7174-47ce-4730-a8f4-1aef48446dd5"},"backgroundOpacity":0,"willDoAnimation":false,"animationType":"glow","displayAsButton":false,"buttonSize":"big","goToSlideType":"specified","invisible":false},{"x":47.00435729847495,"y":43.97849462365591,"width":40,"height":40,"action":{"library":"H5P.CRAudio 1.4","params":{"fitToWrapper":true,"currIndex":4,"playerMode":"minimalistic","controls":true,"autoplay":true,"playAudio":"Play audio","pauseAudio":"Pause audio","contentName":"Audio","glowColor":"#ffd85a","timeStampForEachText":[{"text":" \u0905\u092c\u0940\u0932\u0947 ","startDuration":"0.3735","endDuration":"1.2415","wordfile":[{"path":"audios\/wordfile-65352c179005a.wav","mime":"audio\/x-wav","copyright":{"license":"U"}}]},{"text":" \u0906\u092b\u094d\u0928\u094b ","startDuration":"1.7475","endDuration":"2.2526","wordfile":[{"path":"audios\/wordfile-65352c434f598.wav","mime":"audio\/x-wav","copyright":{"license":"U"}}]},{"text":" \u092a\u0941\u0924\u0932\u0940 ","startDuration":"2.2536","endDuration":"2.9112","wordfile":[{"path":"audios\/wordfile-65352c642bc7b.wav","mime":"audio\/x-wav","copyright":{"license":"U"}}]},{"text":" \u0939\u0930\u093e\u092f\u094b\u0964 ","startDuration":"2.9122","endDuration":"4.1537","wordfile":[{"path":"audios\/wordfile-65352c7e50af4.wav","mime":"audio\/x-wav","copyright":{"license":"U"}}]}],"files":[{"path":"audios\/files-65352bd96a275.wav","mime":"audio\/x-wav","copyright":{"license":"U"}}]},"subContentId":"558688c3-b19e-456b-8225-6fdd98b9fa59","metadata":{"contentType":"Curious Reader Audio","license":"U","title":"Untitled Curious Reader Audio"}},"backgroundOpacity":0,"willDoAnimation":false,"animationType":"glow","displayAsButton":false,"buttonSize":"big","goToSlideType":"specified","invisible":false},{"x":40.305010893246184,"y":30.02688172043011,"width":14.596949891067538,"height":43.87096774193548,"action":{"library":"H5P.Image 1.1","params":{"contentName":"Image"},"subContentId":"0659dacc-ddc8-4f96-a5e6-ba831ff64c15","metadata":{"contentType":"Image","license":"U","title":"Untitled Image"}},"backgroundOpacity":0,"willDoAnimation":true,"animationType":"glow","displayAsButton":false,"buttonSize":"big","goToSlideType":"specified","invisible":false,"id":"img558688c3-b19e-456b-8225-6fdd98b9fa59_0"}],"slideBackgroundSelector":{}},{"elements":[{"x":13.874421296296296,"y":81.9634703196347,"width":70.60185185185185,"height":17.808219178082194,"action":{"library":"H5P.CRAdvancedText 1.1","params":{"text":"<p dir=\"ltr\" style=\"text-align: center;\"><span style=\"color:#ffffff;\"><span style=\"font-size:2.25em;\">\u0905\u092c\u0940 \u0906\u092b\u094d\u0928\u094b \u092a\u0941\u0924\u0932\u0940 \u0916\u094b\u091c\u094d\u091b\u0964<\/span><\/span><\/p>\n"},"metadata":{"contentType":"Text","license":"U","title":"Untitled Text"},"subContentId":"c0621062-3c31-47a4-8d80-0f9d7933f615"},"alwaysDisplayComments":false,"backgroundOpacity":0,"willDoAnimation":false,"animationType":"glow","displayAsButton":false,"buttonSize":"big","goToSlideType":"specified","invisible":false,"solution":""},{"x":24.305555555555554,"y":13.698630136986301,"width":50.925925925925924,"height":65.52511415525115,"action":{"library":"H5P.Image 1.1","params":{"contentName":"Image","file":{"path":"images\/file-61ef35cbdad1b.jpeg","mime":"image\/jpeg","copyright":{"license":"U"},"width":1472,"height":1024}},"metadata":{"contentType":"Image","license":"U","title":"Untitled Image"},"subContentId":"328c88bc-1048-46c1-b142-5ef6dd3d2042"},"backgroundOpacity":0,"willDoAnimation":false,"animationType":"glow","displayAsButton":false,"buttonSize":"big","goToSlideType":"specified","invisible":false},{"x":47.00435729847495,"y":43.97849462365591,"width":40,"height":40,"action":{"library":"H5P.CRAudio 1.4","params":{"fitToWrapper":true,"currIndex":5,"playerMode":"minimalistic","controls":true,"autoplay":true,"playAudio":"Play audio","pauseAudio":"Pause audio","contentName":"Audio","glowColor":"#ffd85a","timeStampForEachText":[{"text":" \u0905\u092c\u0940 ","startDuration":"0.2585","endDuration":"1.0778","wordfile":[{"path":"audios\/wordfile-65352cc52f7c6.wav","mime":"audio\/x-wav","copyright":{"license":"U"}}]},{"text":" \u0906\u092b\u094d\u0928\u094b ","startDuration":"1.5518","endDuration":"2.0103","wordfile":[{"path":"audios\/wordfile-65352cfa274a6.wav","mime":"audio\/x-wav","copyright":{"license":"U"}}]},{"text":" \u092a\u0941\u0924\u0932\u0940 ","startDuration":"2.0113","endDuration":"2.7624","wordfile":[{"path":"audios\/wordfile-65352d1a2623a.wav","mime":"audio\/x-wav","copyright":{"license":"U"}}]},{"text":" \u0916\u094b\u091c\u094d\u091b\u0964 ","startDuration":"2.7634","endDuration":"3.9387","wordfile":[{"path":"audios\/wordfile-65352d3aa15f6.wav","mime":"audio\/x-wav","copyright":{"license":"U"}}]}],"files":[{"path":"audios\/files-65352c989ec6a.wav","mime":"audio\/x-wav","copyright":{"license":"U"}}]},"subContentId":"a44ae60b-f666-4c04-ba9d-8b6385f99719","metadata":{"contentType":"Curious Reader Audio","license":"U","title":"Untitled Curious Reader Audio"}},"backgroundOpacity":0,"willDoAnimation":false,"animationType":"glow","displayAsButton":false,"buttonSize":"big","goToSlideType":"specified","invisible":false},{"x":29.411764705882355,"y":38.70967741935483,"width":17.864923747276688,"height":40,"action":{"library":"H5P.Image 1.1","params":{"contentName":"Image"},"subContentId":"66054678-a912-41cb-af79-6c14f5693237","metadata":{"contentType":"Image","license":"U","title":"Untitled Image"}},"backgroundOpacity":0,"willDoAnimation":true,"animationType":"glow","displayAsButton":false,"buttonSize":"big","goToSlideType":"specified","invisible":false,"id":"imga44ae60b-f666-4c04-ba9d-8b6385f99719_0"}],"slideBackgroundSelector":{}},{"elements":[{"x":4.62962962962963,"y":38.68623655913978,"width":38.23529411764706,"height":54.83870967741935,"action":{"library":"H5P.CRAdvancedText 1.1","params":{"text":"<p dir=\"ltr\" style=\"text-align: center;\"><span style=\"color:#ffffff;\"><span style=\"font-size:2.25em;\">\u0909\u0928\u0940 \u091f\u0947\u092c\u0941\u0932 \u092e\u0941\u0928\u093f \u0939\u0947\u0930\u094d\u091b\u093f\u0928\u094d\u0964<\/span><\/span><\/p>\n"},"metadata":{"contentType":"Text","license":"U","title":"Untitled Text"},"subContentId":"7ab1f46e-d823-4f5a-9e54-14bdd85d3f4b"},"alwaysDisplayComments":false,"backgroundOpacity":0,"willDoAnimation":false,"animationType":"glow","displayAsButton":false,"buttonSize":"big","goToSlideType":"specified","invisible":false,"solution":""},{"x":45.11712962962963,"y":18.213470319634705,"width":49.53703703703703,"height":67.12328767123287,"action":{"library":"H5P.Image 1.1","params":{"contentName":"Image","file":{"path":"images\/file-61ef37fb18d59.jpeg","mime":"image\/jpeg","copyright":{"license":"U"},"width":1472,"height":1024}},"metadata":{"contentType":"Image","license":"U","title":"Untitled Image"},"subContentId":"8908e142-4dce-448d-be32-a4b066194ca9"},"backgroundOpacity":0,"willDoAnimation":false,"animationType":"glow","displayAsButton":false,"buttonSize":"big","goToSlideType":"specified","invisible":false},{"x":47.00435729847495,"y":43.97849462365591,"width":40,"height":40,"action":{"library":"H5P.CRAudio 1.4","params":{"fitToWrapper":true,"currIndex":6,"playerMode":"minimalistic","controls":true,"autoplay":true,"playAudio":"Play audio","pauseAudio":"Pause audio","contentName":"Audio","glowColor":"#ffd85a","timeStampForEachText":[{"text":" \u0909\u0928\u0940 ","startDuration":"0.2622","endDuration":"1.0770","wordfile":[{"path":"audios\/wordfile-65352d9ad01c5.wav","mime":"audio\/x-wav","copyright":{"license":"U"}}]},{"text":" \u091f\u0947\u092c\u0941\u0932 ","startDuration":"1.3990","endDuration":"1.8340","wordfile":[{"path":"audios\/wordfile-65352dc208b16.wav","mime":"audio\/x-wav","copyright":{"license":"U"}}]},{"text":" \u092e\u0941\u0928\u093f ","startDuration":"1.8350","endDuration":"2.4825","wordfile":[{"path":"audios\/wordfile-65352df5e730a.wav","mime":"audio\/x-wav","copyright":{"license":"U"}}]},{"text":" \u0939\u0947\u0930\u094d\u091b\u093f\u0928\u094d\u0964 ","startDuration":"2.4835","endDuration":"3.6554","wordfile":[{"path":"audios\/wordfile-65352e0aba132.wav","mime":"audio\/x-wav","copyright":{"license":"U"}}]}],"files":[{"path":"audios\/files-65352d5ba67a7.wav","mime":"audio\/x-wav","copyright":{"license":"U"}}]},"subContentId":"ca971602-4682-4c9e-9c0c-e41350fbe907","metadata":{"contentType":"Curious Reader Audio","license":"U","title":"Untitled Curious Reader Audio"}},"backgroundOpacity":0,"willDoAnimation":false,"animationType":"glow","displayAsButton":false,"buttonSize":"big","goToSlideType":"specified","invisible":false},{"x":64.26840958605665,"y":30.06709677419355,"width":29.084967320261438,"height":40,"action":{"library":"H5P.Image 1.1","params":{"contentName":"Image"},"subContentId":"63a310fb-0e99-4663-a683-1d45785bcf02","metadata":{"contentType":"Image","license":"U","title":"Untitled Image"}},"backgroundOpacity":0,"willDoAnimation":true,"animationType":"glow","displayAsButton":false,"buttonSize":"big","goToSlideType":"specified","invisible":false,"id":"imgca971602-4682-4c9e-9c0c-e41350fbe907_1"}],"slideBackgroundSelector":{}},{"elements":[{"x":3.4722222222222223,"y":45.134408602150536,"width":39.32461873638344,"height":50.537634408602145,"action":{"library":"H5P.CRAdvancedText 1.1","params":{"text":"<p dir=\"ltr\" style=\"text-align: center;\"><span style=\"color:#ffffff;\"><span style=\"font-size:2.25em;\">\u0909\u0928\u0940 \u0915\u0941\u0930\u094d\u0938\u0940 \u092e\u0941\u0928\u093f \u0939\u0947\u0930\u094d\u091b\u093f\u0928\u094d\u0964<\/span><\/span><\/p>\n"},"metadata":{"contentType":"Text","license":"U","title":"Untitled Text"},"subContentId":"4551d1b8-971a-4066-8625-23b7ce65886b"},"alwaysDisplayComments":false,"backgroundOpacity":0,"willDoAnimation":false,"animationType":"glow","displayAsButton":false,"buttonSize":"big","goToSlideType":"specified","invisible":false,"solution":""},{"x":45.138888888888886,"y":18.264840182648403,"width":48.84259259259259,"height":68.4931506849315,"action":{"library":"H5P.Image 1.1","params":{"contentName":"Image","file":{"path":"images\/file-61ef3e474be2b.jpeg","mime":"image\/jpeg","copyright":{"license":"U"},"width":1472,"height":1024}},"metadata":{"contentType":"Image","license":"U","title":"Untitled Image"},"subContentId":"d9e8349c-052c-4124-8dc8-4c76a25024ac"},"backgroundOpacity":0,"willDoAnimation":false,"animationType":"glow","displayAsButton":false,"buttonSize":"big","goToSlideType":"specified","invisible":false},{"x":47.00435729847495,"y":43.97849462365591,"width":40,"height":40,"action":{"library":"H5P.CRAudio 1.4","params":{"fitToWrapper":true,"currIndex":7,"playerMode":"minimalistic","controls":true,"autoplay":true,"playAudio":"Play audio","pauseAudio":"Pause audio","contentName":"Audio","glowColor":"#ffd85a","timeStampForEachText":[{"text":" \u0909\u0928\u0940 ","startDuration":"0.2813","endDuration":"1.0038","wordfile":[{"path":"audios\/wordfile-65352e5f74ad7.wav","mime":"audio\/x-wav","copyright":{"license":"U"}}]},{"text":" \u0915\u0941\u0930\u094d\u0938\u0940 ","startDuration":"1.3129","endDuration":"1.7764","wordfile":[{"path":"audios\/wordfile-65352e8223804.wav","mime":"audio\/x-wav","copyright":{"license":"U"}}]},{"text":" \u092e\u0941\u0928\u093f ","startDuration":"1.7774","endDuration":"2.4284","wordfile":[{"path":"audios\/wordfile-65352e9f9b5e2.wav","mime":"audio\/x-wav","copyright":{"license":"U"}}]},{"text":" \u0939\u0947\u0930\u094d\u091b\u093f\u0928\u094d\u0964 ","startDuration":"2.4294","endDuration":"3.5717","wordfile":[{"path":"audios\/wordfile-65352eb652c53.wav","mime":"audio\/x-wav","copyright":{"license":"U"}}]}],"files":[{"path":"audios\/files-65352e1d19e6e.wav","mime":"audio\/x-wav","copyright":{"license":"U"}}]},"subContentId":"d0e8222a-0802-4967-a08d-b4ca5f880cb2","metadata":{"contentType":"Curious Reader Audio","license":"U","title":"Untitled Curious Reader Audio"}},"backgroundOpacity":0,"willDoAnimation":false,"animationType":"glow","displayAsButton":false,"buttonSize":"big","goToSlideType":"specified","invisible":false},{"x":65.359477124183,"y":34.40860215053763,"width":19.281045751633986,"height":40,"action":{"library":"H5P.Image 1.1","params":{"contentName":"Image"},"subContentId":"37f87832-a781-434b-ae94-22cc164b46ff","metadata":{"contentType":"Image","license":"U","title":"Untitled Image"}},"backgroundOpacity":0,"willDoAnimation":true,"animationType":"glow","displayAsButton":false,"buttonSize":"big","goToSlideType":"specified","invisible":false,"id":"imgd0e8222a-0802-4967-a08d-b4ca5f880cb2_1"}],"slideBackgroundSelector":{}},{"elements":[{"x":3.4654139433551197,"y":40.836774193548386,"width":38.23529411764706,"height":55.05376344086021,"action":{"library":"H5P.CRAdvancedText 1.1","params":{"text":"<p style=\"text-align: center;\"><span style=\"color:#ffffff;\"><span style=\"font-size:2.25em;\">\u0909\u0928\u0940 \u0938\u0941\u0924\u094d\u0928\u0947 \u0915\u094b\u0920\u093e\u092e\u093e \u0939\u0947\u0930\u094d\u091b\u093f\u0928\u094d\u0964<\/span><\/span><\/p>\n"},"metadata":{"contentType":"Text","license":"U","title":"Untitled Text"},"subContentId":"762a4d35-8b2c-4d44-8c90-1da59aba9cf4"},"alwaysDisplayComments":false,"backgroundOpacity":0,"willDoAnimation":false,"animationType":"glow","displayAsButton":false,"buttonSize":"big","goToSlideType":"specified","invisible":false,"solution":""},{"x":42.82407407407407,"y":15.981735159817353,"width":50.11574074074074,"height":68.4931506849315,"action":{"library":"H5P.Image 1.1","params":{"contentName":"Image","file":{"path":"images\/file-61ef404802c5b.jpeg","mime":"image\/jpeg","copyright":{"license":"U"},"width":1472,"height":1024}},"metadata":{"contentType":"Image","license":"U","title":"Untitled Image"},"subContentId":"49232e51-b2af-4fb8-9d08-40d9377a0788"},"backgroundOpacity":0,"willDoAnimation":false,"animationType":"glow","displayAsButton":false,"buttonSize":"big","goToSlideType":"specified","invisible":false},{"x":47.00435729847495,"y":43.97849462365591,"width":40,"height":40,"action":{"library":"H5P.CRAudio 1.4","params":{"fitToWrapper":true,"currIndex":8,"playerMode":"minimalistic","controls":true,"autoplay":true,"playAudio":"Play audio","pauseAudio":"Pause audio","contentName":"Audio","glowColor":"#ffd85a","timeStampForEachText":[{"text":" \u0909\u0928\u0940 ","startDuration":"0.2767","endDuration":"0.9941","wordfile":[{"path":"audios\/wordfile-65352ef96d0aa.wav","mime":"audio\/x-wav","copyright":{"license":"U"}}]},{"text":" \u0938\u0941\u0924\u094d\u0928\u0947 ","startDuration":"1.3230","endDuration":"1.9124","wordfile":[{"path":"audios\/wordfile-65352f0eb9ff1.wav","mime":"audio\/x-wav","copyright":{"license":"U"}}]},{"text":" \u0915\u094b\u0920\u093e\u092e\u093e ","startDuration":"1.9134","endDuration":"2.7641","wordfile":[{"path":"audios\/wordfile-65352f3c25edb.wav","mime":"audio\/x-wav","copyright":{"license":"U"}}]},{"text":" \u0939\u0947\u0930\u094d\u091b\u093f\u0928\u094d\u0964 ","startDuration":"3.1442","endDuration":"4.1127","wordfile":[{"path":"audios\/wordfile-65352f5600dfc.wav","mime":"audio\/x-wav","copyright":{"license":"U"}}]}],"files":[{"path":"audios\/files-65352eca7962e.wav","mime":"audio\/x-wav","copyright":{"license":"U"}}]},"subContentId":"4a1cd183-4169-4e22-ab3e-a72c35044097","metadata":{"contentType":"Curious Reader Audio","license":"U","title":"Untitled Curious Reader Audio"}},"backgroundOpacity":0,"willDoAnimation":false,"animationType":"glow","displayAsButton":false,"buttonSize":"big","goToSlideType":"specified","invisible":false}],"slideBackgroundSelector":{}},{"elements":[{"x":4.861111111111112,"y":45.134408602150536,"width":40.52287581699346,"height":43.2258064516129,"action":{"library":"H5P.CRAdvancedText 1.1","params":{"text":"<p style=\"text-align: center;\"><span style=\"color:#ffffff;\"><span style=\"font-size:2.25em;\">\u0909\u0928\u0940 \u092c\u0917\u0948\u0901\u091a\u093e\u092e\u093e \u0939\u0947\u0930\u094d\u091b\u093f\u0928\u094d\u0964<\/span><\/span><\/p>\n"},"metadata":{"contentType":"Text","license":"U","title":"Untitled Text"},"subContentId":"349aec21-3226-4969-902a-447999e122a7"},"alwaysDisplayComments":false,"backgroundOpacity":0,"willDoAnimation":false,"animationType":"glow","displayAsButton":false,"buttonSize":"big","goToSlideType":"specified","invisible":false,"solution":""},{"x":47.4537037037037,"y":18.264840182648403,"width":46.99074074074074,"height":68.4931506849315,"action":{"library":"H5P.Image 1.1","params":{"contentName":"Image","file":{"path":"images\/file-61ef40a401d18.jpeg","mime":"image\/jpeg","copyright":{"license":"U"},"width":1472,"height":1024}},"metadata":{"contentType":"Image","license":"U","title":"Untitled Image"},"subContentId":"9efc9d08-4704-4fb5-b63b-677ccbc8c0f5"},"backgroundOpacity":0,"willDoAnimation":false,"animationType":"glow","displayAsButton":false,"buttonSize":"big","goToSlideType":"specified","invisible":false},{"x":47.00435729847495,"y":43.97849462365591,"width":40,"height":40,"action":{"library":"H5P.CRAudio 1.4","params":{"fitToWrapper":true,"currIndex":9,"playerMode":"minimalistic","controls":true,"autoplay":true,"playAudio":"Play audio","pauseAudio":"Pause audio","contentName":"Audio","glowColor":"#ffd85a","timeStampForEachText":[{"text":" \u0909\u0928\u0940 ","startDuration":"0.2347","endDuration":"0.8858","wordfile":[{"path":"audios\/wordfile-65352f922376e.wav","mime":"audio\/x-wav","copyright":{"license":"U"}}]},{"text":" \u092c\u0917\u0948\u0901\u091a\u093e\u092e\u093e ","startDuration":"1.2136","endDuration":"2.3986","wordfile":[{"path":"audios\/wordfile-65352fb05be27.wav","mime":"audio\/x-wav","copyright":{"license":"U"}}]},{"text":" \u0939\u0947\u0930\u094d\u091b\u093f\u0928\u094d\u0964 ","startDuration":"2.6113","endDuration":"3.6076","wordfile":[{"path":"audios\/wordfile-65352fc8edc7d.wav","mime":"audio\/x-wav","copyright":{"license":"U"}}]}],"files":[{"path":"audios\/files-65352f682909c.wav","mime":"audio\/x-wav","copyright":{"license":"U"}}]},"subContentId":"bbfb12ce-a730-4cae-b4ea-cf53e526934d","metadata":{"contentType":"Curious Reader Audio","license":"U","title":"Untitled Curious Reader Audio"}},"backgroundOpacity":0,"willDoAnimation":false,"animationType":"glow","displayAsButton":false,"buttonSize":"big","goToSlideType":"specified","invisible":false},{"x":40.30501089324619,"y":66.66666666666666,"width":22.984749455337692,"height":22.79569892473118,"action":{"library":"H5P.Image 1.1","params":{"contentName":"Image"},"subContentId":"c34f125b-7140-42f0-9641-00810efd95a2","metadata":{"contentType":"Image","license":"U","title":"Untitled Image"}},"backgroundOpacity":0,"willDoAnimation":true,"animationType":"glow","displayAsButton":false,"buttonSize":"big","goToSlideType":"specified","invisible":false,"id":"imgbbfb12ce-a730-4cae-b4ea-cf53e526934d_1"},{"x":71.89542483660131,"y":62.36559139784946,"width":27.233115468409586,"height":27.096774193548384,"action":{"library":"H5P.Image 1.1","params":{"contentName":"Image"},"subContentId":"ee80bad8-f116-4d9f-884d-03922b13e6f7","metadata":{"contentType":"Image","license":"U","title":"Untitled Image"}},"backgroundOpacity":0,"willDoAnimation":true,"animationType":"glow","displayAsButton":false,"buttonSize":"big","goToSlideType":"specified","invisible":false,"id":"imgbbfb12ce-a730-4cae-b4ea-cf53e526934d_1"}],"slideBackgroundSelector":{}},{"elements":[{"x":46.84095860566449,"y":21.50537634408602,"width":48.61111111111111,"height":69.40639269406392,"action":{"library":"H5P.Image 1.1","params":{"contentName":"Image","file":{"path":"images\/file-61ef411337e88.jpeg","mime":"image\/jpeg","copyright":{"license":"U"},"width":1472,"height":1024}},"metadata":{"contentType":"Image","license":"U","title":"Untitled Image"},"subContentId":"f32b08ee-32fd-43c8-99a7-56cf6b1682cb"},"backgroundOpacity":0,"willDoAnimation":false,"animationType":"glow","displayAsButton":false,"buttonSize":"big","goToSlideType":"specified","invisible":false},{"x":2.178649237472767,"y":36.46494623655914,"width":46.84095860566449,"height":58.064516129032256,"action":{"library":"H5P.CRAdvancedText 1.1","params":{"text":"<p dir=\"ltr\" style=\"text-align: center;\"><strong><span style=\"color:#ffffff;\"><span style=\"font-size:2.25em;\">&amp;ldquo;&nbsp;\u092e\u0947\u0930\u094b \u092a\u0941\u0924\u0932\u0940 \u0915\u0939\u093e\u0901 \u091b ?&nbsp;&amp;rdquo;&nbsp; \u0905\u092c\u0940 \u092c\u093f\u0930\u093e\u0932\u094b\u0932\u093e\u0908 \u0938\u094b\u0927\u094d\u091b\u0964<\/span><\/span><\/strong><\/p>\n"},"subContentId":"5114e180-85a4-448a-87af-344cbeddc6ef","metadata":{"contentType":"Text","license":"U","title":"Untitled Text"}},"alwaysDisplayComments":false,"backgroundOpacity":0,"willDoAnimation":false,"animationType":"glow","displayAsButton":false,"buttonSize":"big","goToSlideType":"specified","invisible":false,"solution":""},{"x":47.00435729847495,"y":43.97849462365591,"width":40,"height":40,"action":{"library":"H5P.CRAudio 1.4","params":{"fitToWrapper":true,"currIndex":10,"playerMode":"minimalistic","controls":true,"autoplay":true,"playAudio":"Play audio","pauseAudio":"Pause audio","contentName":"Audio","glowColor":"#ffd85a","timeStampForEachText":[{"text":" \u201c\u00a0\u092e\u0947\u0930\u094b ","startDuration":"0.3002","endDuration":"0.8005","wordfile":[{"path":"audios\/wordfile-6535349feed60.wav","mime":"audio\/x-wav","copyright":{"license":"U"}}]},{"text":" \u092a\u0941\u0924\u0932\u0940 ","startDuration":"0.8015","endDuration":"1.3402","wordfile":[{"path":"audios\/wordfile-653534beab5a9.wav","mime":"audio\/x-wav","copyright":{"license":"U"}}]},{"text":" \u0915\u0939\u093e\u0901 ","startDuration":"1.3412","endDuration":"1.7491","wordfile":[{"path":"audios\/wordfile-653534e3d9333.wav","mime":"audio\/x-wav","copyright":{"license":"U"}}]},{"text":" \u091b ?\u00a0\u201d\u00a0 ","startDuration":"1.7501","endDuration":"2.2349","wordfile":[{"path":"audios\/wordfile-653534fb0218c.wav","mime":"audio\/x-wav","copyright":{"license":"U"}}]},{"text":" \u0905\u092c\u0940 ","startDuration":"3.1520","endDuration":"3.9294","wordfile":[{"path":"audios\/wordfile-6535352f65c97.wav","mime":"audio\/x-wav","copyright":{"license":"U"}}]},{"text":" \u092c\u093f\u0930\u093e\u0932\u094b\u0932\u093e\u0908 ","startDuration":"3.9304","endDuration":"5.2467","wordfile":[{"path":"audios\/wordfile-65353547c817f.wav","mime":"audio\/x-wav","copyright":{"license":"U"}}]},{"text":" \u0938\u094b\u0927\u094d\u091b\u0964 ","startDuration":"5.2477","endDuration":"6.3715","wordfile":[{"path":"audios\/wordfile-6535355b85240.wav","mime":"audio\/x-wav","copyright":{"license":"U"}}]}],"files":[{"path":"audios\/files-6535348788ce4.wav","mime":"audio\/x-wav","copyright":{"license":"U"}}]},"subContentId":"efaba772-89a3-4249-9812-4a293ae27f70","metadata":{"contentType":"Curious Reader Audio","license":"U","title":"Untitled Curious Reader Audio"}},"backgroundOpacity":0,"willDoAnimation":false,"animationType":"glow","displayAsButton":false,"buttonSize":"big","goToSlideType":"specified","invisible":false},{"x":54.46623093681917,"y":53.72989247311828,"width":14.596949891067538,"height":29.247311827956988,"action":{"library":"H5P.Image 1.1","params":{"contentName":"Image"},"subContentId":"4c45b06f-0bd4-4029-afa7-fa97322f4b13","metadata":{"contentType":"Image","license":"U","title":"Untitled Image"}},"backgroundOpacity":0,"willDoAnimation":true,"animationType":"glow","displayAsButton":false,"buttonSize":"big","goToSlideType":"specified","invisible":false,"id":"imgefaba772-89a3-4249-9812-4a293ae27f70_5"},{"x":74.07407407407408,"y":32.19763440860215,"width":12.418300653594772,"height":40,"action":{"library":"H5P.Image 1.1","params":{"contentName":"Image"},"subContentId":"84385df1-1d47-403d-b0c4-b9ce71f5b68c","metadata":{"contentType":"Image","license":"U","title":"Untitled Image"}},"backgroundOpacity":0,"willDoAnimation":true,"animationType":"glow","displayAsButton":false,"buttonSize":"big","goToSlideType":"specified","invisible":false,"id":"imgefaba772-89a3-4249-9812-4a293ae27f70_4"}],"slideBackgroundSelector":{}},{"elements":[{"x":25.423958333333335,"y":9.118150684931507,"width":49.65277777777777,"height":69.63470319634703,"action":{"library":"H5P.Image 1.1","params":{"contentName":"Image","file":{"path":"images\/file-61ef41647463b.jpeg","mime":"image\/jpeg","copyright":{"license":"U"},"width":1472,"height":1024}},"metadata":{"contentType":"Image","license":"U","title":"Untitled Image"},"subContentId":"4796a448-f78a-4fda-adbb-2b5c9c452f7d"},"backgroundOpacity":0,"willDoAnimation":false,"animationType":"glow","displayAsButton":false,"buttonSize":"big","goToSlideType":"specified","invisible":false},{"x":14.03061224489796,"y":80.60453400503778,"width":73.9795918367347,"height":17.12846347607053,"action":{"library":"H5P.CRAdvancedText 1.1","params":{"text":"<p style=\"text-align: center;\"><span style=\"color:#ffffff;\"><span style=\"font-size:2.25em;\"><strong>&amp;ldquo;&nbsp;\u092e\u094d\u092f\u093e\u0909&nbsp;&amp;rdquo; \u092c\u093f\u0930\u093e\u0932\u094b \u092d\u0928\u094d\u091b\u0964<\/strong><\/span><\/span><\/p>\n"},"subContentId":"d2e8b4c4-274c-4e82-8b78-f8def705240d","metadata":{"contentType":"Text","license":"U","title":"Untitled Text"}},"alwaysDisplayComments":false,"backgroundOpacity":0,"willDoAnimation":false,"animationType":"glow","displayAsButton":false,"buttonSize":"big","goToSlideType":"specified","invisible":false,"solution":""},{"x":47.00255102040816,"y":43.95465994962216,"width":40,"height":40,"action":{"library":"H5P.CRAudio 1.4","params":{"fitToWrapper":true,"currIndex":11,"playerMode":"minimalistic","controls":true,"autoplay":true,"playAudio":"Play audio","pauseAudio":"Pause audio","contentName":"Audio","glowColor":"#ffd85a","timeStampForEachText":[{"text":" \u201c\u00a0\u092e\u094d\u092f\u093e\u0909\u00a0\u201d ","startDuration":"0.3068","endDuration":"1.1403","wordfile":[{"path":"audios\/wordfile-653828d8686e1.wav","mime":"audio\/x-wav","copyright":{"license":"U"}}]},{"text":" \u092c\u093f\u0930\u093e\u0932\u094b ","startDuration":"1.9727","endDuration":"2.5439","wordfile":[{"path":"audios\/wordfile-653828fd5634e.wav","mime":"audio\/x-wav","copyright":{"license":"U"}}]},{"text":" \u092d\u0928\u094d\u091b\u0964 ","startDuration":"2.5449","endDuration":"3.3338","wordfile":[{"path":"audios\/wordfile-65382917522a7.wav","mime":"audio\/x-wav","copyright":{"license":"U"}}]}],"files":[{"path":"audios\/files-653828ad1bfc5.wav","mime":"audio\/x-wav","copyright":{"license":"U"}}]},"subContentId":"81eb0d12-8ee8-46f8-869b-ac4f2695733e","metadata":{"contentType":"Curious Reader Audio","license":"U","title":"Untitled Curious Reader Audio"}},"backgroundOpacity":0,"willDoAnimation":false,"animationType":"glow","displayAsButton":false,"buttonSize":"big","goToSlideType":"specified","invisible":false},{"x":52.29591836734694,"y":52.896725440806044,"width":9.566326530612246,"height":9.319899244332493,"action":{"library":"H5P.Image 1.1","params":{"contentName":"Image"},"subContentId":"eafdaf28-d59d-4ef5-a811-6475b0c59993","metadata":{"contentType":"Image","license":"U","title":"Untitled Image"}},"backgroundOpacity":0,"willDoAnimation":true,"animationType":"glow","displayAsButton":false,"buttonSize":"big","goToSlideType":"specified","invisible":false,"id":"img81eb0d12-8ee8-46f8-869b-ac4f2695733e_0"},{"x":39.54081632653061,"y":52.896725440806044,"width":20.025510204081634,"height":19.8992443324937,"action":{"library":"H5P.Image 1.1","params":{"contentName":"Image"},"subContentId":"4c3e7d29-40e0-4319-bcf3-0f469d89ba08","metadata":{"contentType":"Image","license":"U","title":"Untitled Image"}},"backgroundOpacity":0,"willDoAnimation":true,"animationType":"glow","displayAsButton":false,"buttonSize":"big","goToSlideType":"specified","invisible":false,"id":"img81eb0d12-8ee8-46f8-869b-ac4f2695733e_1"}],"slideBackgroundSelector":{}},{"elements":[{"x":23.965141612200437,"y":2.150537634408602,"width":51.388888888888886,"height":69.63470319634703,"action":{"library":"H5P.Image 1.1","params":{"contentName":"Image","file":{"path":"images\/file-61ef4227352f2.jpeg","mime":"image\/jpeg","copyright":{"license":"U"},"width":1472,"height":1024}},"metadata":{"contentType":"Image","license":"U","title":"Untitled Image"},"subContentId":"de10e6aa-09fa-4044-8a41-49f05b0066a0"},"backgroundOpacity":0,"willDoAnimation":false,"animationType":"glow","displayAsButton":false,"buttonSize":"big","goToSlideType":"specified","invisible":false},{"x":4.357298474945534,"y":73.11827956989247,"width":90.41394335511983,"height":26.881720430107524,"action":{"library":"H5P.CRAdvancedText 1.1","params":{"text":"<p style=\"text-align: center;\"><span style=\"color:#ffffff;\"><span style=\"font-size:2.25em;\"><strong>&amp;ldquo;&nbsp;\u092e\u0947\u0930\u094b \u092a\u0941\u0924\u0932\u0940 \u0915\u0939\u093e\u0901 \u091b ?&nbsp;&amp;rdquo; \u0905\u092c\u0940\u0932\u0947 \u0915\u0941\u0916\u0941\u0930\u093e\u0932\u093e\u0908 \u0938\u094b\u0927\u094d\u091b\u0964<\/strong><\/span><\/span><\/p>\n"},"subContentId":"cae5969a-418b-426e-a92b-8094fbda2ca2","metadata":{"contentType":"Text","license":"U","title":"Untitled Text"}},"alwaysDisplayComments":false,"backgroundOpacity":0,"willDoAnimation":false,"animationType":"glow","displayAsButton":false,"buttonSize":"big","goToSlideType":"specified","invisible":false,"solution":""},{"x":47.00435729847495,"y":43.97849462365591,"width":40,"height":40,"action":{"library":"H5P.CRAudio 1.4","params":{"fitToWrapper":true,"currIndex":12,"playerMode":"minimalistic","controls":true,"autoplay":true,"playAudio":"Play audio","pauseAudio":"Pause audio","contentName":"Audio","glowColor":"#ffd85a","timeStampForEachText":[{"text":" \u201c\u00a0\u092e\u0947\u0930\u094b ","startDuration":"0.2569","endDuration":"0.7539","wordfile":[{"path":"audios\/wordfile-6535378927c0e.wav","mime":"audio\/x-wav","copyright":{"license":"U"}}]},{"text":" \u092a\u0941\u0924\u0932\u0940 ","startDuration":"0.7790","endDuration":"1.2680","wordfile":[{"path":"audios\/wordfile-653537b7dd3fe.wav","mime":"audio\/x-wav","copyright":{"license":"U"}}]},{"text":" \u0915\u0939\u093e\u0901 ","startDuration":"1.2690","endDuration":"1.6777","wordfile":[{"path":"audios\/wordfile-653537ffd092c.wav","mime":"audio\/x-wav","copyright":{"license":"U"}}]},{"text":" \u091b ?\u00a0\u201d ","startDuration":"1.6787","endDuration":"2.1436","wordfile":[{"path":"audios\/wordfile-653538193ff1d.wav","mime":"audio\/x-wav","copyright":{"license":"U"}}]},{"text":" \u0905\u092c\u0940\u0932\u0947 ","startDuration":"2.9955","endDuration":"3.9742","wordfile":[{"path":"audios\/wordfile-653538474c4bd.wav","mime":"audio\/x-wav","copyright":{"license":"U"}}]},{"text":" \u0915\u0941\u0916\u0941\u0930\u093e\u0932\u093e\u0908 ","startDuration":"3.9752","endDuration":"5.4114","wordfile":[{"path":"audios\/wordfile-653538657eb28.wav","mime":"audio\/x-wav","copyright":{"license":"U"}}]},{"text":" \u0938\u094b\u0927\u094d\u091b\u0964 ","startDuration":"5.4124","endDuration":"6.7603","wordfile":[{"path":"audios\/wordfile-65353879d26d2.wav","mime":"audio\/x-wav","copyright":{"license":"U"}}]}],"files":[{"path":"audios\/files-6535376edfe2a.wav","mime":"audio\/x-wav","copyright":{"license":"U"}}]},"subContentId":"f67b0e4d-cbbc-4d38-a655-68c8e918f930","metadata":{"contentType":"Curious Reader Audio","license":"U","title":"Untitled Curious Reader Audio"}},"backgroundOpacity":0,"willDoAnimation":false,"animationType":"glow","displayAsButton":false,"buttonSize":"big","goToSlideType":"specified","invisible":false},{"x":40.30501089324619,"y":21.50537634408602,"width":14.596949891067538,"height":40,"action":{"library":"H5P.Image 1.1","params":{"contentName":"Image"},"subContentId":"955f09aa-312e-40ec-b4bc-081abc4f6a28","metadata":{"contentType":"Image","license":"U","title":"Untitled Image"}},"backgroundOpacity":0,"willDoAnimation":true,"animationType":"glow","displayAsButton":false,"buttonSize":"big","goToSlideType":"specified","invisible":false,"id":"imgf67b0e4d-cbbc-4d38-a655-68c8e918f930_4"},{"x":29.411764705882355,"y":43.01075268817204,"width":8.061002178649238,"height":20.43010752688172,"action":{"library":"H5P.Image 1.1","params":{"contentName":"Image"},"subContentId":"cda346ff-c28e-45d7-8c86-6445e3e60bb2","metadata":{"contentType":"Image","license":"U","title":"Untitled Image"}},"backgroundOpacity":0,"willDoAnimation":true,"animationType":"glow","displayAsButton":false,"buttonSize":"big","goToSlideType":"specified","invisible":false,"id":"imgf67b0e4d-cbbc-4d38-a655-68c8e918f930_5"}],"slideBackgroundSelector":{}},{"elements":[{"x":26.143790849673202,"y":10.75268817204301,"width":46.875,"height":68.4931506849315,"action":{"library":"H5P.Image 1.1","params":{"contentName":"Image","file":{"path":"images\/file-61ef428f3c6ba.jpeg","mime":"image\/jpeg","copyright":{"license":"U"},"width":1472,"height":1024}},"metadata":{"contentType":"Image","license":"U","title":"Untitled Image"},"subContentId":"a552ad47-969f-4430-a0e3-0cecf80ed29d"},"backgroundOpacity":0,"willDoAnimation":false,"animationType":"glow","displayAsButton":false,"buttonSize":"big","goToSlideType":"specified","invisible":false},{"x":1.2755102040816326,"y":75.52745591939546,"width":98.72448979591837,"height":24.43324937027708,"action":{"library":"H5P.CRAdvancedText 1.1","params":{"text":"<p dir=\"ltr\" style=\"text-align: center;\"><span style=\"color:#ffffff;\"><span style=\"font-size:2.25em;\">&amp;ldquo;&nbsp;\u0915\u0941&nbsp;&amp;ndash; \u0915\u0941&nbsp;&amp;ndash; \u0915\u0941&nbsp;&amp;rdquo; \u0915\u0941\u0916\u0941\u0930\u093e \u092d\u0928\u094d\u091b\u0964<\/span><\/span><\/p>\n"},"subContentId":"110844ad-faae-4ef3-9d53-685e9b6c87aa","metadata":{"contentType":"Text","license":"U","title":"Untitled Text"}},"alwaysDisplayComments":false,"backgroundOpacity":0,"willDoAnimation":false,"animationType":"glow","displayAsButton":false,"buttonSize":"big","goToSlideType":"specified","invisible":false,"solution":""},{"x":47.00255102040816,"y":43.95465994962216,"width":40,"height":40,"action":{"library":"H5P.CRAudio 1.4","params":{"fitToWrapper":true,"currIndex":14,"playerMode":"minimalistic","controls":true,"autoplay":true,"playAudio":"Play audio","pauseAudio":"Pause audio","contentName":"Audio","glowColor":"#ffd85a","timeStampForEachText":[{"text":" \u201c\u00a0\u0915\u0941\u00a0\u2013 \u0915\u0941\u00a0\u2013 \u0915\u0941\u00a0\u201d ","startDuration":"0.0000","endDuration":"1.9345","wordfile":[{"path":"audios\/wordfile-65382a3b8c68f.wav","mime":"audio\/x-wav","copyright":{"license":"U"}}]},{"text":" \u0915\u0941\u0916\u0941\u0930\u093e ","startDuration":"2.5095","endDuration":"3.1762","wordfile":[{"path":"audios\/wordfile-65382a5c678bd.wav","mime":"audio\/x-wav","copyright":{"license":"U"}}]},{"text":" \u092d\u0928\u094d\u091b\u0964 ","startDuration":"3.1772","endDuration":"4.3611","wordfile":[{"path":"audios\/wordfile-65382a7147cda.wav","mime":"audio\/x-wav","copyright":{"license":"U"}}]}],"files":[{"path":"audios\/files-65382a205e3de.wav","mime":"audio\/x-wav","copyright":{"license":"U"}}]},"subContentId":"5fba618e-6ecf-4413-8458-f77e3303331d","metadata":{"contentType":"Curious Reader Audio","license":"U","title":"Untitled Curious Reader Audio"}},"backgroundOpacity":0,"willDoAnimation":false,"animationType":"glow","displayAsButton":false,"buttonSize":"big","goToSlideType":"specified","invisible":false},{"x":53.57142857142857,"y":45.30453400503778,"width":9.566326530612246,"height":16.876574307304786,"action":{"library":"H5P.Image 1.1","params":{"contentName":"Image"},"subContentId":"c21ef4e0-adb7-4fc9-b1eb-ef61ffa31293","metadata":{"contentType":"Image","license":"U","title":"Untitled Image"}},"backgroundOpacity":0,"willDoAnimation":true,"animationType":"glow","displayAsButton":false,"buttonSize":"big","goToSlideType":"specified","invisible":false,"id":"img5fba618e-6ecf-4413-8458-f77e3303331d_1"}],"slideBackgroundSelector":{}},{"elements":[{"x":25.05446623093682,"y":2.150537634408602,"width":48.61111111111111,"height":67.8082191780822,"action":{"library":"H5P.Image 1.1","params":{"contentName":"Image","file":{"path":"images\/file-61ef430c0d077.jpeg","mime":"image\/jpeg","copyright":{"license":"U"},"width":1472,"height":1024}},"metadata":{"contentType":"Image","license":"U","title":"Untitled Image"},"subContentId":"42f44229-0dac-467c-b39f-55a14f954207"},"backgroundOpacity":0,"willDoAnimation":false,"animationType":"glow","displayAsButton":false,"buttonSize":"big","goToSlideType":"specified","invisible":false},{"x":2.178649237472767,"y":72.98731182795699,"width":95.86056644880175,"height":24.731182795698924,"action":{"library":"H5P.CRAdvancedText 1.1","params":{"text":"<p style=\"text-align: center;\"><span style=\"color:#ffffff;\"><span style=\"font-size:2.25em;\"><strong>&amp;ldquo;&nbsp;\u092e\u0947\u0930\u094b \u092a\u0941\u0924\u0932\u0940 \u0915\u0939\u093e\u0901 \u091b ?&nbsp;&amp;rdquo;&nbsp; \u0905\u092c\u0940\u0932\u0947 \u0915\u0941\u0915\u0941\u0930\u0932\u093e\u0908 \u0938\u094b\u0927\u094d\u091b\u0964<\/strong><\/span><\/span><\/p>\n"},"subContentId":"cd67868c-5c7a-4c9b-ac1d-f6b4132302e7","metadata":{"contentType":"Text","license":"U","title":"Untitled Text"}},"alwaysDisplayComments":false,"backgroundOpacity":0,"willDoAnimation":false,"animationType":"glow","displayAsButton":false,"buttonSize":"big","goToSlideType":"specified","invisible":false,"solution":""},{"x":47.00435729847495,"y":43.97849462365591,"width":40,"height":40,"action":{"library":"H5P.CRAudio 1.4","params":{"fitToWrapper":true,"currIndex":15,"playerMode":"minimalistic","controls":true,"autoplay":true,"playAudio":"Play audio","pauseAudio":"Pause audio","contentName":"Audio","glowColor":"#ffd85a","timeStampForEachText":[{"text":" \u201c\u00a0\u092e\u0947\u0930\u094b ","startDuration":"0.3364","endDuration":"0.9486","wordfile":[{"path":"audios\/wordfile-65353a845f869.wav","mime":"audio\/x-wav","copyright":{"license":"U"}}]},{"text":" \u092a\u0941\u0924\u0932\u0940 ","startDuration":"0.9496","endDuration":"1.5113","wordfile":[{"path":"audios\/wordfile-65353aa7af1d8.wav","mime":"audio\/x-wav","copyright":{"license":"U"}}]},{"text":" \u0915\u0939\u093e\u0901 ","startDuration":"1.5123","endDuration":"2.2338","wordfile":[{"path":"audios\/wordfile-65353b2193fc1.wav","mime":"audio\/x-wav","copyright":{"license":"U"}}]},{"text":" \u091b ?\u00a0\u201d\u00a0 ","startDuration":"2.2348","endDuration":"2.7628","wordfile":[{"path":"audios\/wordfile-65353b52f1e29.wav","mime":"audio\/x-wav","copyright":{"license":"U"}}]},{"text":" \u0905\u092c\u0940\u0932\u0947 ","startDuration":"4.0086","endDuration":"4.9656","wordfile":[{"path":"audios\/wordfile-65353b81ec1e2.wav","mime":"audio\/x-wav","copyright":{"license":"U"}}]},{"text":" \u0915\u0941\u0915\u0941\u0930\u0932\u093e\u0908 ","startDuration":"5.3367","endDuration":"6.1170","wordfile":[{"path":"audios\/wordfile-65353bb1ac735.wav","mime":"audio\/x-wav","copyright":{"license":"U"}}]},{"text":" \u0938\u094b\u0927\u094d\u091b\u0964 ","startDuration":"6.1180","endDuration":"7.1086","wordfile":[{"path":"audios\/wordfile-65353c2d955a4.wav","mime":"audio\/x-wav","copyright":{"license":"U"}}]}],"files":[{"path":"audios\/files-65353a64f39cd.wav","mime":"audio\/x-wav","copyright":{"license":"U"}}]},"subContentId":"d75f561e-b42a-4e7f-b7a9-647f532d8624","metadata":{"contentType":"Curious Reader Audio","license":"U","title":"Untitled Curious Reader Audio"}},"backgroundOpacity":0,"willDoAnimation":false,"animationType":"glow","displayAsButton":false,"buttonSize":"big","goToSlideType":"specified","invisible":false},{"x":46.84095860566449,"y":19.327956989247312,"width":12.418300653594772,"height":24.516129032258064,"action":{"library":"H5P.Image 1.1","params":{"contentName":"Image"},"subContentId":"d111885a-88ce-43c0-bd77-aacd1fa50240","metadata":{"contentType":"Image","license":"U","title":"Untitled Image"}},"backgroundOpacity":0,"willDoAnimation":true,"animationType":"glow","displayAsButton":false,"buttonSize":"big","goToSlideType":"specified","invisible":false,"id":"imgd75f561e-b42a-4e7f-b7a9-647f532d8624_4"},{"x":32.677995642701525,"y":30.047096774193548,"width":17.864923747276688,"height":35.26881720430107,"action":{"library":"H5P.Image 1.1","params":{"contentName":"Image"},"subContentId":"a428319b-514a-40b9-81b7-4359ca61ac91","metadata":{"contentType":"Image","license":"U","title":"Untitled Image"}},"backgroundOpacity":0,"willDoAnimation":true,"animationType":"glow","displayAsButton":false,"buttonSize":"big","goToSlideType":"specified","invisible":false,"id":"imgd75f561e-b42a-4e7f-b7a9-647f532d8624_5"}],"slideBackgroundSelector":{}},{"elements":[{"x":46.29629629629629,"y":18.264840182648403,"width":48.61111111111111,"height":68.94977168949772,"action":{"library":"H5P.Image 1.1","params":{"contentName":"Image","file":{"path":"images\/file-61ef4ba5e2239.jpeg","mime":"image\/jpeg","copyright":{"license":"U"},"width":1472,"height":1024}},"metadata":{"contentType":"Image","license":"U","title":"Untitled Image"},"subContentId":"b63dec76-841b-495d-9c50-72b9a12cd00c"},"backgroundOpacity":0,"willDoAnimation":false,"animationType":"glow","displayAsButton":false,"buttonSize":"big","goToSlideType":"specified","invisible":false},{"x":5.446623093681917,"y":23.62236559139785,"width":39.97821350762527,"height":64.51612903225806,"action":{"library":"H5P.CRAdvancedText 1.1","params":{"text":"<p style=\"text-align: center;\"><span style=\"color:#ffffff;\"><span style=\"font-size:2.25em;\"><strong>&amp;ldquo;&nbsp;\u0939\u094b\u0909 \u0939\u094b\u0909 \u0939\u094b\u0909&nbsp;&amp;rdquo; \u0915\u0941\u0915\u0941\u0930 \u092d\u0928\u094d\u091b\u0964 \u0915\u0941\u0915\u0941\u0930\u0932\u0947 \u092a\u0941\u0924\u0932\u0940 \u092d\u0947\u091f\u094d\u091f\u093e\u092f\u094b\u0964<\/strong><\/span><\/span><\/p>\n"},"subContentId":"08a2b1c8-e623-4414-89f7-c2434f0f46c1","metadata":{"contentType":"Text","license":"U","title":"Untitled Text"}},"alwaysDisplayComments":false,"backgroundOpacity":0,"willDoAnimation":false,"animationType":"glow","displayAsButton":false,"buttonSize":"big","goToSlideType":"specified","invisible":false,"solution":""},{"x":47.00435729847495,"y":43.97849462365591,"width":40,"height":40,"action":{"library":"H5P.CRAudio 1.4","params":{"fitToWrapper":true,"currIndex":16,"playerMode":"minimalistic","controls":true,"autoplay":true,"playAudio":"Play audio","pauseAudio":"Pause audio","contentName":"Audio","glowColor":"#ffd85a","timeStampForEachText":[{"text":" \u201c\u00a0\u0939\u094b\u0909 \u0939\u094b\u0909 \u0939\u094b\u0909\u00a0\u201d ","startDuration":"0.2715","endDuration":"1.8691","wordfile":[{"path":"audios\/wordfile-65353cb644272.wav","mime":"audio\/x-wav","copyright":{"license":"U"}}]},{"text":" \u0915\u0941\u0915\u0941\u0930 ","startDuration":"2.4834","endDuration":"3.0555","wordfile":[{"path":"audios\/wordfile-65353ce74ea65.wav","mime":"audio\/x-wav","copyright":{"license":"U"}}]},{"text":" \u092d\u0928\u094d\u091b\u0964 ","startDuration":"3.0565","endDuration":"4.0609","wordfile":[{"path":"audios\/wordfile-65353d47b3bf2.wav","mime":"audio\/x-wav","copyright":{"license":"U"}}]},{"text":" \u0915\u0941\u0915\u0941\u0930\u0932\u0947 ","startDuration":"5.5299","endDuration":"6.5343","wordfile":[{"path":"audios\/wordfile-65353da65ce18.wav","mime":"audio\/x-wav","copyright":{"license":"U"}}]},{"text":" \u092a\u0941\u0924\u0932\u0940 ","startDuration":"6.5353","endDuration":"7.4492","wordfile":[{"path":"audios\/wordfile-65353dc3dd892.wav","mime":"audio\/x-wav","copyright":{"license":"U"}}]},{"text":" \u092d\u0947\u091f\u094d\u091f\u093e\u092f\u094b\u0964 ","startDuration":"7.4502","endDuration":"8.5451","wordfile":[{"path":"audios\/wordfile-65353debb27fe.wav","mime":"audio\/x-wav","copyright":{"license":"U"}}]}],"files":[{"path":"audios\/files-65353c8f74fa4.wav","mime":"audio\/x-wav","copyright":{"license":"U"}}]},"subContentId":"9181f26d-f79f-4d2a-9626-def45c2a2d90","metadata":{"contentType":"Curious Reader Audio","license":"U","title":"Untitled Curious Reader Audio"}},"backgroundOpacity":0,"willDoAnimation":false,"animationType":"glow","displayAsButton":false,"buttonSize":"big","goToSlideType":"specified","invisible":false},{"x":45.751633986928105,"y":60.21505376344086,"width":22.22222222222222,"height":18.494623655913976,"action":{"library":"H5P.Image 1.1","params":{"contentName":"Image"},"subContentId":"6ce72b43-fc13-4420-98a2-a31e3032ef94","metadata":{"contentType":"Image","license":"U","title":"Untitled Image"}},"backgroundOpacity":0,"willDoAnimation":true,"animationType":"glow","displayAsButton":false,"buttonSize":"big","goToSlideType":"specified","invisible":false,"id":"img9181f26d-f79f-4d2a-9626-def45c2a2d90_3"},{"x":77.34204793028323,"y":55.91397849462365,"width":5.882352941176471,"height":18.494623655913976,"action":{"library":"H5P.Image 1.1","params":{"contentName":"Image"},"subContentId":"58cc1cee-f487-4d5e-b3a3-561691eb45a6","metadata":{"contentType":"Image","license":"U","title":"Untitled Image"}},"backgroundOpacity":0,"willDoAnimation":true,"animationType":"glow","displayAsButton":false,"buttonSize":"big","goToSlideType":"specified","invisible":false,"id":"img9181f26d-f79f-4d2a-9626-def45c2a2d90_4"}],"slideBackgroundSelector":{}},{"elements":[{"x":68.87755102040816,"y":5.037783375314861,"width":25.510204081632654,"height":10.327455919395465,"action":{"library":"H5P.Image 1.1","params":{"contentName":"Image","file":{"path":"images\/file-61fb28cb969ac.jpg","mime":"image\/jpeg","copyright":{"license":"U"},"width":1732,"height":354}},"metadata":{"contentType":"Image","license":"U","title":"Untitled Image"},"subContentId":"3ddcf391-a7ca-490e-afe3-7c9f9649c085"},"backgroundOpacity":0,"willDoAnimation":false,"animationType":"glow","displayAsButton":false,"buttonSize":"big","goToSlideType":"specified","invisible":false},{"x":36.98979591836735,"y":5.037783375314861,"width":22.95918367346939,"height":12.594458438287154,"action":{"library":"H5P.Image 1.1","params":{"contentName":"Image","file":{"path":"images\/file-61fb29a5596cb.png","mime":"image\/png","copyright":{"license":"U"},"width":814,"height":202}},"metadata":{"contentType":"Image","license":"U","title":"Untitled Image"},"subContentId":"c8bfa72b-e3a6-48a9-8831-366d1c8703eb"},"backgroundOpacity":0,"willDoAnimation":false,"animationType":"glow","displayAsButton":false,"buttonSize":"big","goToSlideType":"specified","invisible":false},{"x":3.826530612244898,"y":5.0338539042821155,"width":17.857142857142858,"height":12.846347607052897,"action":{"library":"H5P.Image 1.1","params":{"contentName":"Image","file":{"path":"images\/file-61fb296cf2c04.png","mime":"image\/png","copyright":{"license":"U"},"width":1350,"height":487}},"metadata":{"contentType":"Image","license":"U","title":"Untitled Image"},"subContentId":"ef1eb10b-04f4-45a7-9ac9-d816e125fb29"},"backgroundOpacity":0,"willDoAnimation":false,"animationType":"glow","displayAsButton":false,"buttonSize":"big","goToSlideType":"specified","invisible":false},{"x":6.5359477124183005,"y":25.806451612903224,"width":86.86224489795919,"height":70.27707808564232,"action":{"library":"H5P.CRAdvancedText 1.1","params":{"text":"<h3 style=\"text-align: center;\"><span style=\"font-size:0.75em;\"><strong>\"<\/strong><\/span>\u0939\u0930\u093e\u090f\u0915\u094b \u092a\u0941\u0924\u0932\u0940<span style=\"font-size:0.75em;\"><strong>\" credits<\/strong><\/span><\/h3>\n\n<h3 style=\"text-align: center;\"><span style=\"font-size:0.75em;\">This work, \"<\/span>\u0939\u0930\u093e\u090f\u0915\u094b \u092a\u0941\u0924\u0932\u0940<span style=\"font-size:0.75em;\">\", is a derivative of \"The Lost Doll\" as translated by Alisha Berger and used under CC BY. The \u00a9 for this translation lies with Room to Read, 2015.&nbsp;\"<\/span>\u0939\u0930\u093e\u090f\u0915\u094b \u092a\u0941\u0924\u0932\u0940<span style=\"font-size:0.75em;\">\" is based on the original story:&nbsp;'Umdoli Lolahlekile', by Moleboge Shibboleth Poho. \u00a9 Room to Read, 2015.<\/span><\/h3>\n\n<h3 style=\"text-align: center;\"><span style=\"font-size:0.75em;\">This work, \"<\/span>\u0939\u0930\u093e\u090f\u0915\u094b \u092a\u0941\u0924\u0932\u0940<span style=\"font-size:0.75em;\">\" is licensed under CC BY 4.0 by Curious Learning.<\/span><\/h3>\n\n<h3 style=\"text-align: center;\"><br>\n<span style=\"font-size:0.75em;\">Book builder - Abraham Jerry Kakooza<\/span><\/h3>\n\n<p style=\"text-align: center;\">&nbsp;<\/p>\n"},"metadata":{"contentType":"Text","license":"U","title":"Untitled Text"},"subContentId":"816d08a5-61c7-4cb6-bd45-d127b486d869"},"alwaysDisplayComments":false,"backgroundOpacity":0,"willDoAnimation":false,"animationType":"glow","displayAsButton":false,"buttonSize":"big","goToSlideType":"specified","invisible":false,"solution":""}],"slideBackgroundSelector":{}}],"keywordListEnabled":true,"globalBackgroundSelector":{},"keywordListAlwaysShow":false,"keywordListAutoHide":false,"keywordListOpacity":90},"override":{"activeSurface":false,"hideSummarySlide":false,"summarySlideSolutionButton":true,"summarySlideRetryButton":true,"enablePrintButton":false,"social":{"showFacebookShare":false,"facebookShare":{"url":"@currentpageurl","quote":"I scored @score out of @maxScore on a task at @currentpageurl."},"showTwitterShare":false,"twitterShare":{"statement":"I scored @score out of @maxScore on a task at @currentpageurl.","url":"@currentpageurl","hashtags":"h5p, course"},"showGoogleShare":false,"googleShareUrl":"@currentpageurl"}},"l10n":{"slide":"Slide","score":"Score","yourScore":"Your Score","maxScore":"Max Score","total":"Total","totalScore":"Total Score","showSolutions":"Show solutions","retry":"Retry","exportAnswers":"Export text","hideKeywords":"Hide sidebar navigation menu","showKeywords":"Show sidebar navigation menu","fullscreen":"Fullscreen","exitFullscreen":"Exit fullscreen","prevSlide":"Previous slide","nextSlide":"Next slide","currentSlide":"Current slide","lastSlide":"Last slide","solutionModeTitle":"Exit solution mode","solutionModeText":"Solution Mode","summaryMultipleTaskText":"Multiple tasks","scoreMessage":"You achieved:","shareFacebook":"Share on Facebook","shareTwitter":"Share on Twitter","shareGoogle":"Share on Google+","summary":"Summary","solutionsButtonTitle":"Show comments","printTitle":"Print","printIngress":"How would you like to print this presentation?","printAllSlides":"Print all slides","printCurrentSlide":"Print current slide","noTitle":"No title","accessibilitySlideNavigationExplanation":"Use left and right arrow to change slide in that direction whenever canvas is selected.","accessibilityCanvasLabel":"Presentation canvas. Use left and right arrow to move between slides.","containsNotCompleted":"@slideName contains not completed interaction","containsCompleted":"@slideName contains completed interaction","slideCount":"Slide @index of @total","containsOnlyCorrect":"@slideName only has correct answers","containsIncorrectAnswers":"@slideName has incorrect answers","shareResult":"Share Result","accessibilityTotalScore":"You got @score of @maxScore points in total","accessibilityEnteredFullscreen":"Entered fullscreen","accessibilityExitedFullscreen":"Exited fullscreen"}}