{"presentation":{"slides":[{"elements":[{"x":15.046296296296296,"y":82.19178082191782,"width":69.44444444444444,"height":15.068493150684931,"action":{"library":"H5P.CRAdvancedText 1.1","params":{"text":"<p style=\"text-align: center;\"><span style=\"font-size:3em;\">\u0916\u094b\u0908 \u0939\u0941\u0908 \u0917\u0941\u0921\u093c\u093f\u092f\u093e<\/span><\/p>\n"},"metadata":{"contentType":"Text","license":"U","title":"Untitled Text"},"subContentId":"44bfa072-0233-468e-a142-38443c25de7c"},"alwaysDisplayComments":false,"backgroundOpacity":0,"willDoAnimation":false,"animationType":"glow","displayAsButton":false,"buttonSize":"big","goToSlideType":"specified","invisible":false,"solution":""},{"x":24.305555555555554,"y":8.904109589041097,"width":50.925925925925924,"height":71.68949771689498,"action":{"library":"H5P.Image 1.1","params":{"contentName":"Image","file":{"path":"images\/file-61ef2b43e729d.jpeg","mime":"image\/jpeg","copyright":{"license":"U"},"width":1472,"height":1024}},"metadata":{"contentType":"Image","license":"U","title":"Untitled Image"},"subContentId":"078c6964-01f5-4f74-b0ae-a3b1dd1ac394"},"backgroundOpacity":0,"willDoAnimation":false,"animationType":"glow","displayAsButton":false,"buttonSize":"big","goToSlideType":"specified","invisible":false}],"slideBackgroundSelector":{}},{"elements":[{"x":12.755102040816327,"y":80.60453400503778,"width":79.08163265306122,"height":15.869017632241812,"action":{"library":"H5P.CRAdvancedText 1.1","params":{"text":"<p style=\"text-align: center;\"><span style=\"color:#ffffff;\"><span style=\"font-size:2.25em;\">\u092f\u0939 \u0939\u0948 \u090f\u092c\u0940 \u0914\u0930 \u0909\u0938\u0915\u0940 \u0917\u0941\u0921\u093c\u093f\u092f\u093e\u0964<\/span><\/span><\/p>\n"},"metadata":{"contentType":"Text","license":"U","title":"Untitled Text"},"subContentId":"ad78231a-8d0f-4a3a-a5b8-0dd710c0ac4c"},"alwaysDisplayComments":false,"backgroundOpacity":0,"willDoAnimation":false,"animationType":"glow","displayAsButton":false,"buttonSize":"big","goToSlideType":"specified","invisible":false,"solution":""},{"x":25.462962962962962,"y":9.132420091324201,"width":48.263888888888886,"height":70.77625570776256,"action":{"library":"H5P.Image 1.1","params":{"contentName":"Image","file":{"path":"images\/file-61ef2d37250d0.jpeg","mime":"image\/jpeg","copyright":{"license":"U"},"width":1472,"height":1024}},"metadata":{"contentType":"Image","license":"U","title":"Untitled Image"},"subContentId":"ffe74eb3-7780-4eec-b92c-6a45d91e227f"},"backgroundOpacity":0,"willDoAnimation":false,"animationType":"glow","displayAsButton":false,"buttonSize":"big","goToSlideType":"specified","invisible":false},{"x":47.00255102040816,"y":43.95465994962216,"width":40,"height":40,"action":{"library":"H5P.CRAudio 1.4","params":{"fitToWrapper":true,"currIndex":1,"playerMode":"minimalistic","controls":true,"autoplay":true,"playAudio":"Play audio","pauseAudio":"Pause audio","contentName":"Audio","glowColor":"#ffd85a","timeStampForEachText":[{"text":" \u092f\u0939 ","startDuration":"0.8163","endDuration":"1.4377","wordfile":[{"path":"audios\/wordfile-6526cafd7419a.mp3","mime":"audio\/mpeg","copyright":{"license":"U"}}]},{"text":" \u0939\u0948 ","startDuration":"1.4387","endDuration":"1.7177","wordfile":[{"path":"audios\/wordfile-6526cb15952f3.mp3","mime":"audio\/mpeg","copyright":{"license":"U"}}]},{"text":" \u090f\u092c\u0940 ","startDuration":"1.7187","endDuration":"2.3071","wordfile":[{"path":"audios\/wordfile-6526cb2f832cb.mp3","mime":"audio\/mpeg","copyright":{"license":"U"}}]},{"text":" \u0914\u0930 ","startDuration":"2.3081","endDuration":"2.6990","wordfile":[{"path":"audios\/wordfile-6526cb9c52aac.mp3","mime":"audio\/mpeg","copyright":{"license":"U"}}]},{"text":" \u0909\u0938\u0915\u0940 ","startDuration":"2.6803","endDuration":"3.0120","wordfile":[{"path":"audios\/wordfile-6526cc1453284.mp3","mime":"audio\/mpeg","copyright":{"license":"U"}}]},{"text":" \u0917\u0941\u0921\u093c\u093f\u092f\u093e\u0964 ","startDuration":"3.0130","endDuration":"3.7989","wordfile":[{"path":"audios\/wordfile-6526cc5fe67a5.mp3","mime":"audio\/mpeg","copyright":{"license":"U"}}]}],"files":[{"path":"audios\/files-6526cad19d8bd.mp3","mime":"audio\/mpeg","copyright":{"license":"U"}}]},"subContentId":"b5efcfad-4001-4618-99c8-f4b5369cb0c1","metadata":{"contentType":"Curious Reader Audio","license":"U","title":"Untitled Curious Reader Audio"}},"backgroundOpacity":0,"willDoAnimation":false,"animationType":"glow","displayAsButton":false,"buttonSize":"big","goToSlideType":"specified","invisible":false},{"x":43.36734693877551,"y":35.23501259445844,"width":9.566326530612246,"height":24.43324937027708,"action":{"library":"H5P.Image 1.1","params":{"contentName":"Image"},"subContentId":"c5b658fa-1637-4e23-91dc-b448d2ce58a3","metadata":{"contentType":"Image","license":"U","title":"Untitled Image"}},"backgroundOpacity":0,"willDoAnimation":true,"animationType":"glow","displayAsButton":false,"buttonSize":"big","goToSlideType":"specified","invisible":false,"id":"imgb5efcfad-4001-4618-99c8-f4b5369cb0c1_5"},{"x":44.642857142857146,"y":25.188916876574307,"width":12.372448979591837,"height":19.395465994962215,"action":{"library":"H5P.Image 1.1","params":{"contentName":"Image"},"subContentId":"9ca8a657-2998-4ae3-a4ef-da60a869edf2","metadata":{"contentType":"Image","license":"U","title":"Untitled Image"}},"backgroundOpacity":0,"willDoAnimation":true,"animationType":"glow","displayAsButton":false,"buttonSize":"big","goToSlideType":"specified","invisible":false,"id":"imgb5efcfad-4001-4618-99c8-f4b5369cb0c1_2"}],"slideBackgroundSelector":{}},{"elements":[{"x":1.2755102040816326,"y":82.1256926952141,"width":96.93877551020408,"height":15.869017632241812,"action":{"library":"H5P.CRAdvancedText 1.1","params":{"text":"<p style=\"text-align: center;\"><span style=\"color:#ffffff;\"><span style=\"font-size:2.25em;\">\u090f\u092c\u0940 \u0915\u094b \u0905\u092a\u0928\u0940 \u0917\u0941\u0921\u093c\u093f\u092f\u093e \u092c\u0939\u0941\u0924 \u092a\u0938\u0902\u0926 \u0939\u0948\u0964<\/span><\/span><\/p>\n"},"metadata":{"contentType":"Text","license":"U","title":"Untitled Text"},"subContentId":"c394fb3e-dc2f-4ba6-ba4a-6ae36b52a4e8"},"alwaysDisplayComments":false,"backgroundOpacity":0,"willDoAnimation":false,"animationType":"glow","displayAsButton":false,"buttonSize":"big","goToSlideType":"specified","invisible":false,"solution":""},{"x":26.62037037037037,"y":11.415525114155251,"width":48.72685185185185,"height":70.77625570776256,"action":{"library":"H5P.Image 1.1","params":{"contentName":"Image","file":{"path":"images\/file-61ef2ec0dfac0.jpeg","mime":"image\/jpeg","copyright":{"license":"U"},"width":1472,"height":1024}},"metadata":{"contentType":"Image","license":"U","title":"Untitled Image"},"subContentId":"c53c077a-e9d1-4c15-b584-8b4debd998af"},"backgroundOpacity":0,"willDoAnimation":false,"animationType":"glow","displayAsButton":false,"buttonSize":"big","goToSlideType":"specified","invisible":false},{"x":47.00255102040816,"y":43.95465994962216,"width":40,"height":40,"action":{"library":"H5P.CRAudio 1.4","params":{"fitToWrapper":true,"currIndex":2,"playerMode":"minimalistic","controls":true,"autoplay":true,"playAudio":"Play audio","pauseAudio":"Pause audio","contentName":"Audio","glowColor":"#ffd85a","timeStampForEachText":[{"text":" \u090f\u092c\u0940 ","startDuration":"0.5547","endDuration":"1.2105","wordfile":[{"path":"audios\/wordfile-6526cd55830b2.mp3","mime":"audio\/mpeg","copyright":{"license":"U"}}]},{"text":" \u0915\u094b ","startDuration":"1.2115","endDuration":"1.4499","wordfile":[{"path":"audios\/wordfile-6526cd973f8b3.mp3","mime":"audio\/mpeg","copyright":{"license":"U"}}]},{"text":" \u0905\u092a\u0928\u0940 ","startDuration":"1.4509","endDuration":"1.9420","wordfile":[{"path":"audios\/wordfile-6526cdae6e9e6.mp3","mime":"audio\/mpeg","copyright":{"license":"U"}}]},{"text":" \u0917\u0941\u0921\u093c\u093f\u092f\u093e ","startDuration":"1.9430","endDuration":"2.4451","wordfile":[{"path":"audios\/wordfile-6526cde2c7fe1.mp3","mime":"audio\/mpeg","copyright":{"license":"U"}}]},{"text":" \u092c\u0939\u0941\u0924 ","startDuration":"2.4461","endDuration":"2.8164","wordfile":[{"path":"audios\/wordfile-6526ce10af4a7.mp3","mime":"audio\/mpeg","copyright":{"license":"U"}}]},{"text":" \u092a\u0938\u0902\u0926 ","startDuration":"2.8174","endDuration":"3.2590","wordfile":[{"path":"audios\/wordfile-6526ce36b9186.mp3","mime":"audio\/mpeg","copyright":{"license":"U"}}]},{"text":" \u0939\u0948\u0964 ","startDuration":"3.2600","endDuration":"3.6138","wordfile":[{"path":"audios\/wordfile-6526ce522ca7c.mp3","mime":"audio\/mpeg","copyright":{"license":"U"}}]}],"files":[{"path":"audios\/files-6526cd3d42392.mp3","mime":"audio\/mpeg","copyright":{"license":"U"}}]},"subContentId":"a0388e2d-28a1-485e-a347-cd8c5a18b118","metadata":{"contentType":"Curious Reader Audio","license":"U","title":"Untitled Curious Reader Audio"}},"backgroundOpacity":0,"willDoAnimation":false,"animationType":"glow","displayAsButton":false,"buttonSize":"big","goToSlideType":"specified","invisible":false},{"x":45.91836734693878,"y":30.226700251889167,"width":9.566326530612246,"height":16.876574307304786,"action":{"library":"H5P.Image 1.1","params":{"contentName":"Image"},"subContentId":"45dc8a55-66c0-420e-a3e8-6633948d6062","metadata":{"contentType":"Image","license":"U","title":"Untitled Image"}},"backgroundOpacity":0,"willDoAnimation":true,"animationType":"glow","displayAsButton":false,"buttonSize":"big","goToSlideType":"specified","invisible":false,"id":"imga0388e2d-28a1-485e-a347-cd8c5a18b118_0"},{"x":44.642857142857146,"y":45.34005037783375,"width":5.994897959183674,"height":16.876574307304786,"action":{"library":"H5P.Image 1.1","params":{"contentName":"Image"},"subContentId":"5439e3d1-4bf3-4266-9271-8b22fb02d5fa","metadata":{"contentType":"Image","license":"U","title":"Untitled Image"}},"backgroundOpacity":0,"willDoAnimation":true,"animationType":"glow","displayAsButton":false,"buttonSize":"big","goToSlideType":"specified","invisible":false,"id":"imga0388e2d-28a1-485e-a347-cd8c5a18b118_3"}],"slideBackgroundSelector":{}},{"elements":[{"x":0,"y":67.97455919395465,"width":98.72448979591837,"height":30.226700251889167,"action":{"library":"H5P.CRAdvancedText 1.1","params":{"text":"<p style=\"text-align: center;\"><span style=\"color:#ffffff;\"><span style=\"font-size:2.25em;\">\u090f\u092c\u0940 \u0915\u094b \u0905\u092a\u0928\u0940 \u0917\u0941\u0921\u093c\u093f\u092f\u093e \u0915\u0947 \u0938\u093e\u0925 \u0916\u0947\u0932\u0928\u093e \u092c\u0939\u0941\u0924 \u092a\u0938\u0902\u0926 \u0939\u0948\u0964<\/span><\/span><\/p>\n"},"metadata":{"contentType":"Text","license":"U","title":"Untitled Text"},"subContentId":"c126f8f7-5de8-4aee-97ab-b12b2503c310"},"alwaysDisplayComments":false,"backgroundOpacity":0,"willDoAnimation":false,"animationType":"glow","displayAsButton":false,"buttonSize":"big","goToSlideType":"specified","invisible":false,"solution":""},{"x":25.510204081632654,"y":5.0338539042821155,"width":48.5969387755102,"height":65.4911838790932,"action":{"library":"H5P.Image 1.1","params":{"contentName":"Image","file":{"path":"images\/file-61ef31140c3a9.jpeg","mime":"image\/jpeg","copyright":{"license":"U"},"width":1472,"height":1024}},"metadata":{"contentType":"Image","license":"U","title":"Untitled Image"},"subContentId":"fc224ac3-de9a-4f94-abe8-45dbe766dd43"},"backgroundOpacity":0,"willDoAnimation":false,"animationType":"glow","displayAsButton":false,"buttonSize":"big","goToSlideType":"specified","invisible":false},{"x":47.00255102040816,"y":43.95465994962216,"width":40,"height":40,"action":{"library":"H5P.CRAudio 1.4","params":{"fitToWrapper":true,"currIndex":3,"playerMode":"minimalistic","controls":true,"autoplay":true,"playAudio":"Play audio","pauseAudio":"Pause audio","contentName":"Audio","glowColor":"#ffd85a","timeStampForEachText":[{"text":" \u090f\u092c\u0940 ","startDuration":"0.5437","endDuration":"1.1759","wordfile":[{"path":"audios\/wordfile-6526d9fbeb5cf.mp3","mime":"audio\/mpeg","copyright":{"license":"U"}}]},{"text":" \u0915\u094b ","startDuration":"1.1769","endDuration":"1.3769","wordfile":[{"path":"audios\/wordfile-6526da3b151ae.mp3","mime":"audio\/mpeg","copyright":{"license":"U"}}]},{"text":" \u0905\u092a\u0928\u0940 ","startDuration":"1.3779","endDuration":"1.7522","wordfile":[{"path":"audios\/wordfile-6526da555f51f.mp3","mime":"audio\/mpeg","copyright":{"license":"U"}}]},{"text":" \u0917\u0941\u0921\u093c\u093f\u092f\u093e ","startDuration":"1.7532","endDuration":"2.1972","wordfile":[{"path":"audios\/wordfile-6526da73ca70a.mp3","mime":"audio\/mpeg","copyright":{"license":"U"}}]},{"text":" \u0915\u0947 ","startDuration":"2.1982","endDuration":"2.3564","wordfile":[{"path":"audios\/wordfile-6526da9da0780.mp3","mime":"audio\/mpeg","copyright":{"license":"U"}}]},{"text":" \u0938\u093e\u0925 ","startDuration":"2.3574","endDuration":"2.7247","wordfile":[{"path":"audios\/wordfile-6526e767594cd.mp3","mime":"audio\/mpeg","copyright":{"license":"U"}}]},{"text":" \u0916\u0947\u0932\u0928\u093e ","startDuration":"2.7257","endDuration":"3.2812","wordfile":[{"path":"audios\/wordfile-6526e7dcea3e7.mp3","mime":"audio\/mpeg","copyright":{"license":"U"}}]},{"text":" \u092c\u0939\u0941\u0924 ","startDuration":"3.2822","endDuration":"3.7401","wordfile":[{"path":"audios\/wordfile-6526e7f6cd26f.mp3","mime":"audio\/mpeg","copyright":{"license":"U"}}]},{"text":" \u092a\u0938\u0902\u0926 ","startDuration":"3.7411","endDuration":"4.2339","wordfile":[{"path":"audios\/wordfile-6526e81fd11cb.mp3","mime":"audio\/mpeg","copyright":{"license":"U"}}]},{"text":" \u0939\u0948\u0964 ","startDuration":"4.2349","endDuration":"4.7277","wordfile":[{"path":"audios\/wordfile-6526e83f4245f.mp3","mime":"audio\/mpeg","copyright":{"license":"U"}}]}],"files":[{"path":"audios\/files-6526d9dba2a76.mp3","mime":"audio\/mpeg","copyright":{"license":"U"}}]},"subContentId":"177ad111-87d4-4834-be53-da33b9bf6570","metadata":{"contentType":"Curious Reader Audio","license":"U","title":"Untitled Curious Reader Audio"}},"backgroundOpacity":0,"willDoAnimation":false,"animationType":"glow","displayAsButton":false,"buttonSize":"big","goToSlideType":"specified","invisible":false},{"x":36.98979591836735,"y":42.82115869017632,"width":8.545918367346939,"height":22.166246851385388,"action":{"library":"H5P.Image 1.1","params":{"contentName":"Image"},"subContentId":"2addd5d8-8469-4786-922c-b727189236b8","metadata":{"contentType":"Image","license":"U","title":"Untitled Image"}},"backgroundOpacity":0,"willDoAnimation":true,"animationType":"glow","displayAsButton":false,"buttonSize":"big","goToSlideType":"specified","invisible":false,"id":"img177ad111-87d4-4834-be53-da33b9bf6570_3"},{"x":51.02040816326531,"y":17.632241813602015,"width":15.178571428571429,"height":21.914357682619645,"action":{"library":"H5P.Image 1.1","params":{"contentName":"Image"},"subContentId":"58542af7-7c61-496f-a115-6487bbf8b94b","metadata":{"contentType":"Image","license":"U","title":"Untitled Image"}},"backgroundOpacity":0,"willDoAnimation":true,"animationType":"glow","displayAsButton":false,"buttonSize":"big","goToSlideType":"specified","invisible":false,"id":"img177ad111-87d4-4834-be53-da33b9bf6570_0"}],"slideBackgroundSelector":{}},{"elements":[{"x":2.5510204081632653,"y":80.53954659949622,"width":89.28571428571429,"height":18.1360201511335,"action":{"library":"H5P.CRAdvancedText 1.1","params":{"text":"<p style=\"text-align: center;\"><span style=\"font-size:2.25em;\"><span style=\"color:#ffffff;\">\u090f\u092c\u0940 \u0915\u0940 \u0917\u0941\u0921\u093c\u093f\u092f\u093e \u0915\u0939\u0940\u0902 \u0917\u0941\u092e \u0939\u094b \u0917\u0908 \u0939\u0948\u0964<\/span><\/span><\/p>\n"},"metadata":{"contentType":"Text","license":"U","title":"Untitled Text"},"subContentId":"119d54b0-367b-4398-9c25-0be377ff03ee"},"alwaysDisplayComments":false,"backgroundOpacity":0,"willDoAnimation":false,"animationType":"glow","displayAsButton":false,"buttonSize":"big","goToSlideType":"specified","invisible":false,"solution":""},{"x":24.305555555555554,"y":9.132420091324201,"width":50.5787037037037,"height":69.63470319634703,"action":{"library":"H5P.Image 1.1","params":{"contentName":"Image","file":{"path":"images\/file-61ef32ab45f04.jpeg","mime":"image\/jpeg","copyright":{"license":"U"},"width":1472,"height":1024}},"metadata":{"contentType":"Image","license":"U","title":"Untitled Image"},"subContentId":"89af7174-47ce-4730-a8f4-1aef48446dd5"},"backgroundOpacity":0,"willDoAnimation":false,"animationType":"glow","displayAsButton":false,"buttonSize":"big","goToSlideType":"specified","invisible":false},{"x":47.00255102040816,"y":43.95465994962216,"width":40,"height":40,"action":{"library":"H5P.CRAudio 1.4","params":{"fitToWrapper":true,"currIndex":4,"playerMode":"minimalistic","controls":true,"autoplay":true,"playAudio":"Play audio","pauseAudio":"Pause audio","contentName":"Audio","glowColor":"#ffd85a","timeStampForEachText":[{"text":" \u090f\u092c\u0940 ","startDuration":"0.5753","endDuration":"1.1991","wordfile":[{"path":"audios\/wordfile-6526eda7976de.mp3","mime":"audio\/mpeg","copyright":{"license":"U"}}]},{"text":" \u0915\u0940 ","startDuration":"1.2001","endDuration":"1.4001","wordfile":[{"path":"audios\/wordfile-6526edc495e20.mp3","mime":"audio\/mpeg","copyright":{"license":"U"}}]},{"text":" \u0917\u0941\u0921\u093c\u093f\u092f\u093e ","startDuration":"1.4011","endDuration":"1.9584","wordfile":[{"path":"audios\/wordfile-6526edda9d60a.mp3","mime":"audio\/mpeg","copyright":{"license":"U"}}]},{"text":" \u0915\u0939\u0940\u0902 ","startDuration":"1.9594","endDuration":"2.5409","wordfile":[{"path":"audios\/wordfile-6526edfc876af.mp3","mime":"audio\/mpeg","copyright":{"license":"U"}}]},{"text":" \u0917\u0941\u092e ","startDuration":"2.5419","endDuration":"2.9538","wordfile":[{"path":"audios\/wordfile-65271aa2294ae.mp3","mime":"audio\/mpeg","copyright":{"license":"U"}}]},{"text":" \u0939\u094b ","startDuration":"2.9548","endDuration":"3.1548","wordfile":[{"path":"audios\/wordfile-65271ac881fd7.mp3","mime":"audio\/mpeg","copyright":{"license":"U"}}]},{"text":" \u0917\u0908 ","startDuration":"3.1558","endDuration":"3.4709","wordfile":[{"path":"audios\/wordfile-65271b00cb19a.mp3","mime":"audio\/mpeg","copyright":{"license":"U"}}]},{"text":" \u0939\u0948\u0964 ","startDuration":"3.4832","endDuration":"3.8414","wordfile":[{"path":"audios\/wordfile-65271b3b0b8a7.mp3","mime":"audio\/mpeg","copyright":{"license":"U"}}]}],"files":[{"path":"audios\/files-6526ed807525b.mp3","mime":"audio\/mpeg","copyright":{"license":"U"}}]},"subContentId":"3693bc08-b388-42cd-b889-25e2bf23e4cf","metadata":{"contentType":"Curious Reader Audio","license":"U","title":"Untitled Curious Reader Audio"}},"backgroundOpacity":0,"willDoAnimation":false,"animationType":"glow","displayAsButton":false,"buttonSize":"big","goToSlideType":"specified","invisible":false}],"slideBackgroundSelector":{}},{"elements":[{"x":2.5510204081632653,"y":81.89748110831235,"width":96.93877551020408,"height":17.884130982367758,"action":{"library":"H5P.CRAdvancedText 1.1","params":{"text":"<p style=\"text-align: center;\"><span style=\"color:#ffffff;\"><span style=\"font-size:2.25em;\">\u090f\u092c\u0940 \u0905\u092a\u0928\u0940 \u0917\u0941\u0921\u093c\u093f\u092f\u093e \u0915\u094b \u0922\u0942\u0902\u095d\u0928\u0947 \u0932\u0917\u0940\u0964<\/span><\/span><\/p>\n"},"metadata":{"contentType":"Text","license":"U","title":"Untitled Text"},"subContentId":"c0621062-3c31-47a4-8d80-0f9d7933f615"},"alwaysDisplayComments":false,"backgroundOpacity":0,"willDoAnimation":false,"animationType":"glow","displayAsButton":false,"buttonSize":"big","goToSlideType":"specified","invisible":false,"solution":""},{"x":24.305555555555554,"y":13.698630136986301,"width":50.925925925925924,"height":65.52511415525115,"action":{"library":"H5P.Image 1.1","params":{"contentName":"Image","file":{"path":"images\/file-61ef35cbdad1b.jpeg","mime":"image\/jpeg","copyright":{"license":"U"},"width":1472,"height":1024}},"metadata":{"contentType":"Image","license":"U","title":"Untitled Image"},"subContentId":"328c88bc-1048-46c1-b142-5ef6dd3d2042"},"backgroundOpacity":0,"willDoAnimation":false,"animationType":"glow","displayAsButton":false,"buttonSize":"big","goToSlideType":"specified","invisible":false},{"x":47.00255102040816,"y":43.95465994962216,"width":40,"height":40,"action":{"library":"H5P.CRAudio 1.4","params":{"fitToWrapper":true,"currIndex":5,"playerMode":"minimalistic","controls":true,"autoplay":true,"playAudio":"Play audio","pauseAudio":"Pause audio","contentName":"Audio","glowColor":"#ffd85a","timeStampForEachText":[{"text":" \u090f\u092c\u0940 ","startDuration":"0.6087","endDuration":"1.2180","wordfile":[{"path":"audios\/wordfile-65271bb08d74c.mp3","mime":"audio\/mpeg","copyright":{"license":"U"}}]},{"text":" \u0905\u092a\u0928\u0940 ","startDuration":"1.2029","endDuration":"1.5645","wordfile":[{"path":"audios\/wordfile-65271c229fa67.mp3","mime":"audio\/mpeg","copyright":{"license":"U"}}]},{"text":" \u0917\u0941\u0921\u093c\u093f\u092f\u093e ","startDuration":"1.5655","endDuration":"2.0187","wordfile":[{"path":"audios\/wordfile-65271c53a8097.mp3","mime":"audio\/mpeg","copyright":{"license":"U"}}]},{"text":" \u0915\u094b ","startDuration":"2.0197","endDuration":"2.2574","wordfile":[{"path":"audios\/wordfile-65271c70d2885.mp3","mime":"audio\/mpeg","copyright":{"license":"U"}}]},{"text":" \u0922\u0942\u0902\u095d\u0928\u0947 ","startDuration":"2.2584","endDuration":"2.6577","wordfile":[{"path":"audios\/wordfile-65271ca4017ca.mp3","mime":"audio\/mpeg","copyright":{"license":"U"}}]},{"text":" \u0932\u0917\u0940\u0964 ","startDuration":"2.6587","endDuration":"3.2034","wordfile":[{"path":"audios\/wordfile-65271ccd40b65.mp3","mime":"audio\/mpeg","copyright":{"license":"U"}}]}],"files":[{"path":"audios\/files-65271b972618c.mp3","mime":"audio\/mpeg","copyright":{"license":"U"}}]},"subContentId":"9f118833-4522-4d8d-a66e-12be5df494d9","metadata":{"contentType":"Curious Reader Audio","license":"U","title":"Untitled Curious Reader Audio"}},"backgroundOpacity":0,"willDoAnimation":false,"animationType":"glow","displayAsButton":false,"buttonSize":"big","goToSlideType":"specified","invisible":false},{"x":30.612244897959183,"y":42.82115869017632,"width":16.198979591836736,"height":27.20403022670025,"action":{"library":"H5P.Image 1.1","params":{"contentName":"Image"},"subContentId":"72a533a4-79b2-47e0-a6a8-6155c8131852","metadata":{"contentType":"Image","license":"U","title":"Untitled Image"}},"backgroundOpacity":0,"willDoAnimation":true,"animationType":"glow","displayAsButton":false,"buttonSize":"big","goToSlideType":"specified","invisible":false,"id":"img9f118833-4522-4d8d-a66e-12be5df494d9_0"}],"slideBackgroundSelector":{}},{"elements":[{"x":4.628711734693877,"y":37.7735516372796,"width":38.13775510204082,"height":55.91939546599496,"action":{"library":"H5P.CRAdvancedText 1.1","params":{"text":"<p style=\"text-align: center;\"><span style=\"color:#ffffff;\"><span style=\"font-size:2.25em;\">\u0909\u0938\u0928\u0947 \u091f\u0947\u092c\u0932 \u0915\u0947 \u0928\u0940\u091a\u0947 \u0926\u0947\u0916\u093e\u0964<\/span><\/span><\/p>\n"},"metadata":{"contentType":"Text","license":"U","title":"Untitled Text"},"subContentId":"7ab1f46e-d823-4f5a-9e54-14bdd85d3f4b"},"alwaysDisplayComments":false,"backgroundOpacity":0,"willDoAnimation":false,"animationType":"glow","displayAsButton":false,"buttonSize":"big","goToSlideType":"specified","invisible":false,"solution":""},{"x":45.11712962962963,"y":18.213470319634705,"width":49.53703703703703,"height":67.12328767123287,"action":{"library":"H5P.Image 1.1","params":{"contentName":"Image","file":{"path":"images\/file-61ef37fb18d59.jpeg","mime":"image\/jpeg","copyright":{"license":"U"},"width":1472,"height":1024}},"metadata":{"contentType":"Image","license":"U","title":"Untitled Image"},"subContentId":"8908e142-4dce-448d-be32-a4b066194ca9"},"backgroundOpacity":0,"willDoAnimation":false,"animationType":"glow","displayAsButton":false,"buttonSize":"big","goToSlideType":"specified","invisible":false},{"x":47.00255102040816,"y":43.95465994962216,"width":40,"height":40,"action":{"library":"H5P.CRAudio 1.4","params":{"fitToWrapper":true,"currIndex":6,"playerMode":"minimalistic","controls":true,"autoplay":true,"playAudio":"Play audio","pauseAudio":"Pause audio","contentName":"Audio","glowColor":"#ffd85a","timeStampForEachText":[{"text":" \u0909\u0938\u0928\u0947 ","startDuration":"0.3371","endDuration":"1.1880","wordfile":[{"path":"audios\/wordfile-652789a547149.mp3","mime":"audio\/mpeg","copyright":{"license":"U"}}]},{"text":" \u091f\u0947\u092c\u0932 ","startDuration":"1.1890","endDuration":"1.5997","wordfile":[{"path":"audios\/wordfile-652789db4005b.mp3","mime":"audio\/mpeg","copyright":{"license":"U"}}]},{"text":" \u0915\u0947 ","startDuration":"1.6007","endDuration":"1.8897","wordfile":[{"path":"audios\/wordfile-65278ab5684d4.mp3","mime":"audio\/mpeg","copyright":{"license":"U"}}]},{"text":" \u0928\u0940\u091a\u0947 ","startDuration":"1.8907","endDuration":"2.3997","wordfile":[{"path":"audios\/wordfile-65278aecb793e.mp3","mime":"audio\/mpeg","copyright":{"license":"U"}}]},{"text":" \u0926\u0947\u0916\u093e\u0964 ","startDuration":"2.4007","endDuration":"3.0549","wordfile":[{"path":"audios\/wordfile-65278b264c321.mp3","mime":"audio\/mpeg","copyright":{"license":"U"}}]}],"files":[{"path":"audios\/files-65278981d6ebc.mp3","mime":"audio\/mpeg","copyright":{"license":"U"}}]},"subContentId":"61dd43e6-567e-4b0a-bde2-79bbdfe3710b","metadata":{"contentType":"Curious Reader Audio","license":"U","title":"Untitled Curious Reader Audio"}},"backgroundOpacity":0,"willDoAnimation":false,"animationType":"glow","displayAsButton":false,"buttonSize":"big","goToSlideType":"specified","invisible":false},{"x":63.775510204081634,"y":32.72594458438287,"width":32.39795918367347,"height":32.241813602015114,"action":{"library":"H5P.Image 1.1","params":{"contentName":"Image"},"subContentId":"6e3d5a17-fe6f-4fe2-b27a-866d71fc3e86","metadata":{"contentType":"Image","license":"U","title":"Untitled Image"}},"backgroundOpacity":0,"willDoAnimation":true,"animationType":"glow","displayAsButton":false,"buttonSize":"big","goToSlideType":"specified","invisible":false,"id":"img61dd43e6-567e-4b0a-bde2-79bbdfe3710b_1"}],"slideBackgroundSelector":{}},{"elements":[{"x":3.4717857142857147,"y":37.7735516372796,"width":39.41326530612245,"height":58.186397984886646,"action":{"library":"H5P.CRAdvancedText 1.1","params":{"text":"<p style=\"text-align: center;\"><span style=\"color:#ffffff;\"><span style=\"font-size:2.25em;\">\u0909\u0938\u0928\u0947 \u0915\u0941\u0930\u094d\u0938\u0940 \u0915\u0947 \u0928\u0940\u091a\u0947 \u0926\u0947\u0916\u093e\u0964<\/span><\/span><\/p>\n"},"metadata":{"contentType":"Text","license":"U","title":"Untitled Text"},"subContentId":"4551d1b8-971a-4066-8625-23b7ce65886b"},"alwaysDisplayComments":false,"backgroundOpacity":0,"willDoAnimation":false,"animationType":"glow","displayAsButton":false,"buttonSize":"big","goToSlideType":"specified","invisible":false,"solution":""},{"x":45.138888888888886,"y":18.264840182648403,"width":48.84259259259259,"height":68.4931506849315,"action":{"library":"H5P.Image 1.1","params":{"contentName":"Image","file":{"path":"images\/file-61ef3e474be2b.jpeg","mime":"image\/jpeg","copyright":{"license":"U"},"width":1472,"height":1024}},"metadata":{"contentType":"Image","license":"U","title":"Untitled Image"},"subContentId":"d9e8349c-052c-4124-8dc8-4c76a25024ac"},"backgroundOpacity":0,"willDoAnimation":false,"animationType":"glow","displayAsButton":false,"buttonSize":"big","goToSlideType":"specified","invisible":false},{"x":47.00255102040816,"y":43.95465994962216,"width":40,"height":40,"action":{"library":"H5P.CRAudio 1.4","params":{"fitToWrapper":true,"currIndex":7,"playerMode":"minimalistic","controls":true,"autoplay":true,"playAudio":"Play audio","pauseAudio":"Pause audio","contentName":"Audio","glowColor":"#ffd85a","timeStampForEachText":[{"text":" \u0909\u0938\u0928\u0947 ","startDuration":"0.6185","endDuration":"1.3457","wordfile":[{"path":"audios\/wordfile-6527acca38b83.mp3","mime":"audio\/mpeg","copyright":{"license":"U"}}]},{"text":" \u0915\u0941\u0930\u094d\u0938\u0940 ","startDuration":"1.3467","endDuration":"1.8914","wordfile":[{"path":"audios\/wordfile-6527ad0c15de2.mp3","mime":"audio\/mpeg","copyright":{"license":"U"}}]},{"text":" \u0915\u0947 ","startDuration":"1.8924","endDuration":"2.1279","wordfile":[{"path":"audios\/wordfile-6527ad27c7006.mp3","mime":"audio\/mpeg","copyright":{"license":"U"}}]},{"text":" \u0928\u0940\u091a\u0947 ","startDuration":"2.1289","endDuration":"2.5013","wordfile":[{"path":"audios\/wordfile-6527ad57e7993.mp3","mime":"audio\/mpeg","copyright":{"license":"U"}}]},{"text":" \u0926\u0947\u0916\u093e\u0964 ","startDuration":"2.5023","endDuration":"3.1383","wordfile":[{"path":"audios\/wordfile-6527ad790dbba.mp3","mime":"audio\/mpeg","copyright":{"license":"U"}}]}],"files":[{"path":"audios\/files-6527aca02d419.mp3","mime":"audio\/mpeg","copyright":{"license":"U"}}]},"subContentId":"ab298dde-b923-48ee-961d-f8e803598715","metadata":{"contentType":"Curious Reader Audio","license":"U","title":"Untitled Curious Reader Audio"}},"backgroundOpacity":0,"willDoAnimation":false,"animationType":"glow","displayAsButton":false,"buttonSize":"big","goToSlideType":"specified","invisible":false},{"x":65.05000000000001,"y":32.72594458438287,"width":20.918367346938776,"height":40.050377833753146,"action":{"library":"H5P.Image 1.1","params":{"contentName":"Image"},"subContentId":"18b5cf8e-40bf-4458-aefb-9f5162bdafee","metadata":{"contentType":"Image","license":"U","title":"Untitled Image"}},"backgroundOpacity":0,"willDoAnimation":true,"animationType":"glow","displayAsButton":false,"buttonSize":"big","goToSlideType":"specified","invisible":false,"id":"imgab298dde-b923-48ee-961d-f8e803598715_1"}],"slideBackgroundSelector":{}},{"elements":[{"x":3.826530612244898,"y":45.32821158690176,"width":38.13775510204082,"height":49.87405541561713,"action":{"library":"H5P.CRAdvancedText 1.1","params":{"text":"<p style=\"text-align: center;\"><span style=\"color:#ffffff;\"><span style=\"font-size:2.25em;\">\u0909\u0938\u0928\u0947 \u092c\u0947\u0921\u0930\u0942\u092e \u092e\u0947\u0902 \u0926\u0947\u0916\u093e\u0964<\/span><\/span><\/p>\n"},"metadata":{"contentType":"Text","license":"U","title":"Untitled Text"},"subContentId":"762a4d35-8b2c-4d44-8c90-1da59aba9cf4"},"alwaysDisplayComments":false,"backgroundOpacity":0,"willDoAnimation":false,"animationType":"glow","displayAsButton":false,"buttonSize":"big","goToSlideType":"specified","invisible":false,"solution":""},{"x":42.82407407407407,"y":15.981735159817353,"width":50.11574074074074,"height":68.4931506849315,"action":{"library":"H5P.Image 1.1","params":{"contentName":"Image","file":{"path":"images\/file-61ef404802c5b.jpeg","mime":"image\/jpeg","copyright":{"license":"U"},"width":1472,"height":1024}},"metadata":{"contentType":"Image","license":"U","title":"Untitled Image"},"subContentId":"49232e51-b2af-4fb8-9d08-40d9377a0788"},"backgroundOpacity":0,"willDoAnimation":false,"animationType":"glow","displayAsButton":false,"buttonSize":"big","goToSlideType":"specified","invisible":false},{"x":47.00255102040816,"y":43.95465994962216,"width":40,"height":40,"action":{"library":"H5P.CRAudio 1.4","params":{"fitToWrapper":true,"currIndex":8,"playerMode":"minimalistic","controls":true,"autoplay":true,"playAudio":"Play audio","pauseAudio":"Pause audio","contentName":"Audio","glowColor":"#ffd85a","timeStampForEachText":[{"text":" \u0909\u0938\u0928\u0947 ","startDuration":"0.5105","endDuration":"1.3970","wordfile":[{"path":"audios\/wordfile-6527adf5ea6cd.mp3","mime":"audio\/mpeg","copyright":{"license":"U"}}]},{"text":" \u092c\u0947\u0921\u0930\u0942\u092e ","startDuration":"1.3980","endDuration":"1.8004","wordfile":[{"path":"audios\/wordfile-6527ae3a4a3ac.mp3","mime":"audio\/mpeg","copyright":{"license":"U"}}]},{"text":" \u092e\u0947\u0902 ","startDuration":"1.8014","endDuration":"2.0542","wordfile":[{"path":"audios\/wordfile-6527ae746de36.mp3","mime":"audio\/mpeg","copyright":{"license":"U"}}]},{"text":" \u0926\u0947\u0916\u093e\u0964 ","startDuration":"2.0552","endDuration":"2.6689","wordfile":[{"path":"audios\/wordfile-6527aea63eac7.mp3","mime":"audio\/mpeg","copyright":{"license":"U"}}]}],"files":[{"path":"audios\/files-6527adc501313.mp3","mime":"audio\/mpeg","copyright":{"license":"U"}}]},"subContentId":"c351348c-38f3-45a5-a307-1a45662b3ade","metadata":{"contentType":"Curious Reader Audio","license":"U","title":"Untitled Curious Reader Audio"}},"backgroundOpacity":0,"willDoAnimation":false,"animationType":"glow","displayAsButton":false,"buttonSize":"big","goToSlideType":"specified","invisible":false},{"x":42.09183673469388,"y":22.670025188916874,"width":52.04081632653061,"height":52.141057934508815,"action":{"library":"H5P.Image 1.1","params":{"contentName":"Image"},"subContentId":"08273a3d-fe48-43b6-87b7-db59919f9c42","metadata":{"contentType":"Image","license":"U","title":"Untitled Image"}},"backgroundOpacity":0,"willDoAnimation":true,"animationType":"glow","displayAsButton":false,"buttonSize":"big","goToSlideType":"specified","invisible":false,"id":"imgc351348c-38f3-45a5-a307-1a45662b3ade_1"}],"slideBackgroundSelector":{}},{"elements":[{"x":5.1020408163265305,"y":40.29042821158691,"width":40.56122448979592,"height":47.858942065491185,"action":{"library":"H5P.CRAdvancedText 1.1","params":{"text":"<p style=\"text-align: center;\"><span style=\"color:#ffffff;\"><span style=\"font-size:2.25em;\">\u0909\u0938\u0928\u0947 \u092c\u0917\u0940\u091a\u0947 \u092e\u0947\u0902 \u0926\u0947\u0916\u093e\u0964<\/span><\/span><\/p>\n"},"metadata":{"contentType":"Text","license":"U","title":"Untitled Text"},"subContentId":"349aec21-3226-4969-902a-447999e122a7"},"alwaysDisplayComments":false,"backgroundOpacity":0,"willDoAnimation":false,"animationType":"glow","displayAsButton":false,"buttonSize":"big","goToSlideType":"specified","invisible":false,"solution":""},{"x":47.4537037037037,"y":18.264840182648403,"width":46.99074074074074,"height":68.4931506849315,"action":{"library":"H5P.Image 1.1","params":{"contentName":"Image","file":{"path":"images\/file-61ef40a401d18.jpeg","mime":"image\/jpeg","copyright":{"license":"U"},"width":1472,"height":1024}},"metadata":{"contentType":"Image","license":"U","title":"Untitled Image"},"subContentId":"9efc9d08-4704-4fb5-b63b-677ccbc8c0f5"},"backgroundOpacity":0,"willDoAnimation":false,"animationType":"glow","displayAsButton":false,"buttonSize":"big","goToSlideType":"specified","invisible":false},{"x":47.00255102040816,"y":43.95465994962216,"width":40,"height":40,"action":{"library":"H5P.CRAudio 1.4","params":{"fitToWrapper":true,"currIndex":9,"playerMode":"minimalistic","controls":true,"autoplay":true,"playAudio":"Play audio","pauseAudio":"Pause audio","contentName":"Audio","glowColor":"#ffd85a","timeStampForEachText":[{"text":" \u0909\u0938\u0928\u0947 ","startDuration":"0.8163","endDuration":"1.4129","wordfile":[{"path":"audios\/wordfile-6527af090ee56.mp3","mime":"audio\/mpeg","copyright":{"license":"U"}}]},{"text":" \u092c\u0917\u0940\u091a\u0947 ","startDuration":"1.4139","endDuration":"1.9782","wordfile":[{"path":"audios\/wordfile-6527af923ccbe.mp3","mime":"audio\/mpeg","copyright":{"license":"U"}}]},{"text":" \u092e\u0947\u0902 ","startDuration":"1.9792","endDuration":"2.2253","wordfile":[{"path":"audios\/wordfile-6527afc1a6bd9.mp3","mime":"audio\/mpeg","copyright":{"license":"U"}}]},{"text":" \u0926\u0947\u0916\u093e\u0964 ","startDuration":"2.2263","endDuration":"2.8275","wordfile":[{"path":"audios\/wordfile-6527afea2a3bb.mp3","mime":"audio\/mpeg","copyright":{"license":"U"}}]}],"files":[{"path":"audios\/files-6527aedce004c.mp3","mime":"audio\/mpeg","copyright":{"license":"U"}}]},"subContentId":"d2a0977d-da2d-4087-bb31-3402baca59f4","metadata":{"contentType":"Curious Reader Audio","license":"U","title":"Untitled Curious Reader Audio"}},"backgroundOpacity":0,"willDoAnimation":false,"animationType":"glow","displayAsButton":false,"buttonSize":"big","goToSlideType":"specified","invisible":false},{"x":43.36734693877551,"y":68.01007556675063,"width":19.51530612244898,"height":19.395465994962215,"action":{"library":"H5P.Image 1.1","params":{"contentName":"Image"},"subContentId":"47ca6519-c7d1-43c5-bdf4-54bbc9e2b719","metadata":{"contentType":"Image","license":"U","title":"Untitled Image"}},"backgroundOpacity":0,"willDoAnimation":true,"animationType":"glow","displayAsButton":false,"buttonSize":"big","goToSlideType":"specified","invisible":false,"id":"imgd2a0977d-da2d-4087-bb31-3402baca59f4_1"},{"x":70.1530612244898,"y":60.45340050377833,"width":29.464285714285715,"height":29.219143576826195,"action":{"library":"H5P.Image 1.1","params":{"contentName":"Image"},"subContentId":"7ad6c624-6a10-451d-8030-933db8df7e29","metadata":{"contentType":"Image","license":"U","title":"Untitled Image"}},"backgroundOpacity":0,"willDoAnimation":true,"animationType":"glow","displayAsButton":false,"buttonSize":"big","goToSlideType":"specified","invisible":false,"id":"imgd2a0977d-da2d-4087-bb31-3402baca59f4_1"}],"slideBackgroundSelector":{}},{"elements":[{"x":45.138888888888886,"y":18.264840182648403,"width":48.61111111111111,"height":69.40639269406392,"action":{"library":"H5P.Image 1.1","params":{"contentName":"Image","file":{"path":"images\/file-61ef411337e88.jpeg","mime":"image\/jpeg","copyright":{"license":"U"},"width":1472,"height":1024}},"metadata":{"contentType":"Image","license":"U","title":"Untitled Image"},"subContentId":"f32b08ee-32fd-43c8-99a7-56cf6b1682cb"},"backgroundOpacity":0,"willDoAnimation":false,"animationType":"glow","displayAsButton":false,"buttonSize":"big","goToSlideType":"specified","invisible":false},{"x":3.826530612244898,"y":42.82115869017632,"width":40,"height":40,"action":{"library":"H5P.CRAdvancedText 1.1","params":{"text":"<p dir=\"ltr\" style=\"text-align: center;\"><span style=\"color:#ffffff;\"><span style=\"font-size:1.75em;\"><strong>&amp;ldquo;&nbsp;\u092e\u0947\u0930\u0940 \u0917\u0941\u0921\u093c\u093f\u092f\u093e \u0915\u0939\u093e\u0902 \u0939\u0948 ? &amp;rdquo;&nbsp; \u090f\u092c\u0940 \u0928\u0947 \u092c\u093f\u0932\u094d\u0932\u0940 \u0938\u0947 \u092a\u0942\u091b\u093e\u0964<\/strong><\/span><\/span><\/p>\n"},"subContentId":"92ea00a9-4d8f-4561-ab11-798d70ec8eb0","metadata":{"contentType":"Text","license":"U","title":"Untitled Text"}},"alwaysDisplayComments":false,"backgroundOpacity":0,"willDoAnimation":false,"animationType":"glow","displayAsButton":false,"buttonSize":"big","goToSlideType":"specified","invisible":false,"solution":""},{"x":47.00255102040816,"y":43.95465994962216,"width":40,"height":40,"action":{"library":"H5P.CRAudio 1.4","params":{"fitToWrapper":true,"currIndex":10,"playerMode":"minimalistic","controls":true,"autoplay":true,"playAudio":"Play audio","pauseAudio":"Pause audio","contentName":"Audio","glowColor":"#ffd85a","timeStampForEachText":[{"text":" \u201c\u00a0\u092e\u0947\u0930\u0940 ","startDuration":"0.8094","endDuration":"1.2743","wordfile":[{"path":"audios\/wordfile-652856e488ae8.mp3","mime":"audio\/mpeg","copyright":{"license":"U"}}]},{"text":" \u0917\u0941\u0921\u093c\u093f\u092f\u093e ","startDuration":"1.2753","endDuration":"1.6887","wordfile":[{"path":"audios\/wordfile-652856ff3520c.mp3","mime":"audio\/mpeg","copyright":{"license":"U"}}]},{"text":" \u0915\u0939\u093e\u0902 ","startDuration":"1.6897","endDuration":"2.0589","wordfile":[{"path":"audios\/wordfile-6528573bdf448.mp3","mime":"audio\/mpeg","copyright":{"license":"U"}}]},{"text":" \u0939\u0948 ? \u201d\u00a0 ","startDuration":"2.0526","endDuration":"2.3629","wordfile":[{"path":"audios\/wordfile-652857501327c.mp3","mime":"audio\/mpeg","copyright":{"license":"U"}}]},{"text":" \u090f\u092c\u0940 ","startDuration":"3.1586","endDuration":"3.6676","wordfile":[{"path":"audios\/wordfile-6528578eb9fa7.mp3","mime":"audio\/mpeg","copyright":{"license":"U"}}]},{"text":" \u0928\u0947 ","startDuration":"3.6981","endDuration":"3.8539","wordfile":[{"path":"audios\/wordfile-652857b29f3d7.mp3","mime":"audio\/mpeg","copyright":{"license":"U"}}]},{"text":" \u092c\u093f\u0932\u094d\u0932\u0940 ","startDuration":"3.8549","endDuration":"4.3419","wordfile":[{"path":"audios\/wordfile-65285806e5080.mp3","mime":"audio\/mpeg","copyright":{"license":"U"}}]},{"text":" \u0938\u0947 ","startDuration":"4.3429","endDuration":"4.5429","wordfile":[{"path":"audios\/wordfile-65285868f3f44.mp3","mime":"audio\/mpeg","copyright":{"license":"U"}}]},{"text":" \u092a\u0942\u091b\u093e\u0964 ","startDuration":"4.5439","endDuration":"5.1633","wordfile":[{"path":"audios\/wordfile-652858b505ee9.mp3","mime":"audio\/mpeg","copyright":{"license":"U"}}]}],"files":[{"path":"audios\/files-6528568f39c8d.mp3","mime":"audio\/mpeg","copyright":{"license":"U"}}]},"subContentId":"5e7818ac-5889-4b48-a0cc-d06321fb8f59","metadata":{"contentType":"Curious Reader Audio","license":"U","title":"Untitled Curious Reader Audio"}},"backgroundOpacity":0,"willDoAnimation":false,"animationType":"glow","displayAsButton":false,"buttonSize":"big","goToSlideType":"specified","invisible":false},{"x":71.42857142857143,"y":32.72594458438287,"width":13.26530612244898,"height":24.43324937027708,"action":{"library":"H5P.Image 1.1","params":{"contentName":"Image"},"subContentId":"502ad9dc-16b9-43ec-b1de-98dadb728ed2","metadata":{"contentType":"Image","license":"U","title":"Untitled Image"}},"backgroundOpacity":0,"willDoAnimation":true,"animationType":"glow","displayAsButton":false,"buttonSize":"big","goToSlideType":"specified","invisible":false,"id":"img5e7818ac-5889-4b48-a0cc-d06321fb8f59_4"},{"x":57.39795918367347,"y":50.377833753148614,"width":11.989795918367347,"height":19.395465994962215,"action":{"library":"H5P.Image 1.1","params":{"contentName":"Image"},"subContentId":"b8f04ccc-f5a4-4adc-a5e3-3fed4cb5d18f","metadata":{"contentType":"Image","license":"U","title":"Untitled Image"}},"backgroundOpacity":0,"willDoAnimation":true,"animationType":"glow","displayAsButton":false,"buttonSize":"big","goToSlideType":"specified","invisible":false,"id":"img5e7818ac-5889-4b48-a0cc-d06321fb8f59_6"}],"slideBackgroundSelector":{}},{"elements":[{"x":25.423958333333335,"y":9.118150684931507,"width":49.65277777777777,"height":69.63470319634703,"action":{"library":"H5P.Image 1.1","params":{"contentName":"Image","file":{"path":"images\/file-61ef41647463b.jpeg","mime":"image\/jpeg","copyright":{"license":"U"},"width":1472,"height":1024}},"metadata":{"contentType":"Image","license":"U","title":"Untitled Image"},"subContentId":"4796a448-f78a-4fda-adbb-2b5c9c452f7d"},"backgroundOpacity":0,"willDoAnimation":false,"animationType":"glow","displayAsButton":false,"buttonSize":"big","goToSlideType":"specified","invisible":false},{"x":5.1020408163265305,"y":80.60453400503778,"width":85.45918367346938,"height":16.876574307304786,"action":{"library":"H5P.CRAdvancedText 1.1","params":{"text":"<p style=\"text-align: center;\"><span style=\"color:#ffffff;\"><span style=\"font-size:2.25em;\"><strong>&amp;ldquo; \u092e\u094d\u092f\u093e\u090a,&nbsp;&amp;rdquo; \u092c\u093f\u0932\u094d\u0932\u0940 \u0928\u0947 \u0915\u0939\u093e\u0964<\/strong><\/span><\/span><\/p>\n"},"subContentId":"8228c941-05c9-428f-a9c6-0e3fe6bea083","metadata":{"contentType":"Text","license":"U","title":"Untitled Text"}},"alwaysDisplayComments":false,"backgroundOpacity":0,"willDoAnimation":false,"animationType":"glow","displayAsButton":false,"buttonSize":"big","goToSlideType":"specified","invisible":false,"solution":""},{"x":47.00255102040816,"y":43.95465994962216,"width":40,"height":40,"action":{"library":"H5P.CRAudio 1.4","params":{"fitToWrapper":true,"currIndex":11,"playerMode":"minimalistic","controls":true,"autoplay":true,"playAudio":"Play audio","pauseAudio":"Pause audio","contentName":"Audio","glowColor":"#ffd85a","timeStampForEachText":[{"text":" \u201c \u092e\u094d\u092f\u093e\u090a,\u00a0\u201d ","startDuration":"0.3208","endDuration":"1.1863","wordfile":[{"path":"audios\/wordfile-652853cfe5844.mp3","mime":"audio\/mpeg","copyright":{"license":"U"}}]},{"text":" \u092c\u093f\u0932\u094d\u0932\u0940 ","startDuration":"1.8672","endDuration":"2.4119","wordfile":[{"path":"audios\/wordfile-652853fc64b10.mp3","mime":"audio\/mpeg","copyright":{"license":"U"}}]},{"text":" \u0928\u0947 ","startDuration":"2.4129","endDuration":"2.6129","wordfile":[{"path":"audios\/wordfile-652854207e2b6.mp3","mime":"audio\/mpeg","copyright":{"license":"U"}}]},{"text":" \u0915\u0939\u093e\u0964 ","startDuration":"2.6139","endDuration":"3.1108","wordfile":[{"path":"audios\/wordfile-652854577d9ce.mp3","mime":"audio\/mpeg","copyright":{"license":"U"}}]}],"files":[{"path":"audios\/files-652853649702c.mp3","mime":"audio\/mpeg","copyright":{"license":"U"}}]},"subContentId":"b1e1d56b-ed36-4028-94a6-5ed7f0427aac","metadata":{"contentType":"Curious Reader Audio","license":"U","title":"Untitled Curious Reader Audio"}},"backgroundOpacity":0,"willDoAnimation":false,"animationType":"glow","displayAsButton":false,"buttonSize":"big","goToSlideType":"specified","invisible":false},{"x":39.54081632653061,"y":50.377833753148614,"width":19.770408163265305,"height":19.64735516372796,"action":{"library":"H5P.Image 1.1","params":{"contentName":"Image"},"subContentId":"61512f13-ea98-4a74-8981-0f29c430a13d","metadata":{"contentType":"Image","license":"U","title":"Untitled Image"}},"backgroundOpacity":0,"willDoAnimation":true,"animationType":"glow","displayAsButton":false,"buttonSize":"big","goToSlideType":"specified","invisible":false,"id":"imgb1e1d56b-ed36-4028-94a6-5ed7f0427aac_1"}],"slideBackgroundSelector":{}},{"elements":[{"x":24.23469387755102,"y":7.556675062972292,"width":51.388888888888886,"height":69.63470319634703,"action":{"library":"H5P.Image 1.1","params":{"contentName":"Image","file":{"path":"images\/file-61ef4227352f2.jpeg","mime":"image\/jpeg","copyright":{"license":"U"},"width":1472,"height":1024}},"metadata":{"contentType":"Image","license":"U","title":"Untitled Image"},"subContentId":"de10e6aa-09fa-4044-8a41-49f05b0066a0"},"backgroundOpacity":0,"willDoAnimation":false,"animationType":"glow","displayAsButton":false,"buttonSize":"big","goToSlideType":"specified","invisible":false},{"x":1.2755102040816326,"y":78.0639798488665,"width":95.66326530612245,"height":17.632241813602015,"action":{"library":"H5P.CRAdvancedText 1.1","params":{"text":"<p style=\"text-align: center;\"><span style=\"color:#ffffff;\"><span style=\"font-size:1.75em;\"><strong>&amp;ldquo; \u092e\u0947\u0930\u0940 \u0917\u0941\u0921\u093c\u093f\u092f\u093e \u0915\u0939\u093e\u0902 \u0939\u0948? &amp;rdquo; \u090f\u092c\u0940 \u0928\u0947 \u092e\u0941\u0930\u094d\u0917\u0940 \u0938\u0947 \u092a\u0942\u091b\u093e\u0964<\/strong><\/span><\/span><\/p>\n"},"subContentId":"a1005490-609f-4acd-a739-15880f722e8c","metadata":{"contentType":"Text","license":"U","title":"Untitled Text"}},"alwaysDisplayComments":false,"backgroundOpacity":0,"willDoAnimation":false,"animationType":"glow","displayAsButton":false,"buttonSize":"big","goToSlideType":"specified","invisible":false,"solution":""},{"x":47.00255102040816,"y":43.95465994962216,"width":40,"height":40,"action":{"library":"H5P.CRAudio 1.4","params":{"fitToWrapper":true,"currIndex":12,"playerMode":"minimalistic","controls":true,"autoplay":true,"playAudio":"Play audio","pauseAudio":"Pause audio","contentName":"Audio","glowColor":"#ffd85a","timeStampForEachText":[{"text":" \u201c \u092e\u0947\u0930\u0940 ","startDuration":"0.9217","endDuration":"1.5044","wordfile":[{"path":"audios\/wordfile-65285a26f119f.mp3","mime":"audio\/mpeg","copyright":{"license":"U"}}]},{"text":" \u0917\u0941\u0921\u093c\u093f\u092f\u093e ","startDuration":"1.5054","endDuration":"1.9576","wordfile":[{"path":"audios\/wordfile-65285a4fb8986.mp3","mime":"audio\/mpeg","copyright":{"license":"U"}}]},{"text":" \u0915\u0939\u093e\u0902 ","startDuration":"1.9586","endDuration":"2.1586","wordfile":[{"path":"audios\/wordfile-65285a830aef9.mp3","mime":"audio\/mpeg","copyright":{"license":"U"}}]},{"text":" \u0939\u0948? \u201d ","startDuration":"2.1596","endDuration":"2.6118","wordfile":[{"path":"audios\/wordfile-65285a9e0e211.mp3","mime":"audio\/mpeg","copyright":{"license":"U"}}]},{"text":" \u090f\u092c\u0940 ","startDuration":"3.5085","endDuration":"4.0302","wordfile":[{"path":"audios\/wordfile-65285ab87781a.mp3","mime":"audio\/mpeg","copyright":{"license":"U"}}]},{"text":" \u0928\u0947 ","startDuration":"4.0312","endDuration":"4.2312","wordfile":[{"path":"audios\/wordfile-65285af96f45f.mp3","mime":"audio\/mpeg","copyright":{"license":"U"}}]},{"text":" \u092e\u0941\u0930\u094d\u0917\u0940 ","startDuration":"4.2322","endDuration":"4.8496","wordfile":[{"path":"audios\/wordfile-65285b440612f.mp3","mime":"audio\/mpeg","copyright":{"license":"U"}}]},{"text":" \u0938\u0947 ","startDuration":"4.8506","endDuration":"5.0506","wordfile":[{"path":"audios\/wordfile-65285b6d205e9.mp3","mime":"audio\/mpeg","copyright":{"license":"U"}}]},{"text":" \u092a\u0942\u091b\u093e\u0964 ","startDuration":"5.0516","endDuration":"5.7212","wordfile":[{"path":"audios\/wordfile-65285ba738bae.mp3","mime":"audio\/mpeg","copyright":{"license":"U"}}]}],"files":[{"path":"audios\/files-652859db2f696.mp3","mime":"audio\/mpeg","copyright":{"license":"U"}}]},"subContentId":"0327f067-5f57-4787-b726-37be6e994d1a","metadata":{"contentType":"Curious Reader Audio","license":"U","title":"Untitled Curious Reader Audio"}},"backgroundOpacity":0,"willDoAnimation":false,"animationType":"glow","displayAsButton":false,"buttonSize":"big","goToSlideType":"specified","invisible":false},{"x":39.54081632653062,"y":27.692191435768265,"width":14.795918367346939,"height":49.622166246851386,"action":{"library":"H5P.Image 1.1","params":{"contentName":"Image"},"subContentId":"876e555d-07eb-44f0-ae32-50d341441d55","metadata":{"contentType":"Image","license":"U","title":"Untitled Image"}},"backgroundOpacity":0,"willDoAnimation":true,"animationType":"glow","displayAsButton":false,"buttonSize":"big","goToSlideType":"specified","invisible":false,"id":"img0327f067-5f57-4787-b726-37be6e994d1a_4"},{"x":28.061224489795915,"y":50.35037783375314,"width":11.096938775510205,"height":19.64735516372796,"action":{"library":"H5P.Image 1.1","params":{"contentName":"Image"},"subContentId":"bb49e823-cd10-4d20-b8f3-0e316d6d5310","metadata":{"contentType":"Image","license":"U","title":"Untitled Image"}},"backgroundOpacity":0,"willDoAnimation":true,"animationType":"glow","displayAsButton":false,"buttonSize":"big","goToSlideType":"specified","invisible":false,"id":"img0327f067-5f57-4787-b726-37be6e994d1a_6"}],"slideBackgroundSelector":{}},{"elements":[{"x":26.041666666666664,"y":9.817351598173516,"width":46.875,"height":68.4931506849315,"action":{"library":"H5P.Image 1.1","params":{"contentName":"Image","file":{"path":"images\/file-61ef428f3c6ba.jpeg","mime":"image\/jpeg","copyright":{"license":"U"},"width":1472,"height":1024}},"metadata":{"contentType":"Image","license":"U","title":"Untitled Image"},"subContentId":"a552ad47-969f-4430-a0e3-0cecf80ed29d"},"backgroundOpacity":0,"willDoAnimation":false,"animationType":"glow","displayAsButton":false,"buttonSize":"big","goToSlideType":"specified","invisible":false},{"x":1.2755102040816326,"y":78.02065491183879,"width":98.21428571428572,"height":19.64735516372796,"action":{"library":"H5P.CRAdvancedText 1.1","params":{"text":"<p style=\"text-align: center;\"><span style=\"color:#ffffff;\"><span style=\"font-size:1.75em;\">&amp;ldquo;&nbsp; \u0915\u0942&nbsp;&nbsp;&amp;ndash; \u0915\u0942&nbsp;&nbsp;&amp;ndash; \u0915\u0942&nbsp; ,&nbsp;&amp;rdquo; \u092e\u0941\u0930\u094d\u0917\u0940 \u0928\u0947 \u0915\u0939\u093e\u0964<\/span><\/span><\/p>\n"},"subContentId":"20e25119-cea1-447a-9e1a-8994329225ad","metadata":{"contentType":"Text","license":"U","title":"Untitled Text"}},"alwaysDisplayComments":false,"backgroundOpacity":0,"willDoAnimation":false,"animationType":"glow","displayAsButton":false,"buttonSize":"big","goToSlideType":"specified","invisible":false,"solution":""},{"x":47.00255102040816,"y":43.95465994962216,"width":40,"height":40,"action":{"library":"H5P.CRAudio 1.4","params":{"fitToWrapper":true,"currIndex":13,"playerMode":"minimalistic","controls":true,"autoplay":true,"playAudio":"Play audio","pauseAudio":"Pause audio","contentName":"Audio","glowColor":"#ffd85a","timeStampForEachText":[{"text":" \u201c\u00a0 \u0915\u0942\u00a0\u00a0\u2013 \u0915\u0942\u00a0\u00a0\u2013 \u0915\u0942\u00a0 ,\u00a0\u201d ","startDuration":"0.0000","endDuration":"1.1446","wordfile":[{"path":"audios\/wordfile-65285d6aba99b.mp3","mime":"audio\/mpeg","copyright":{"license":"U"}}]},{"text":" \u092e\u0941\u0930\u094d\u0917\u0940 ","startDuration":"1.6344","endDuration":"2.3726","wordfile":[{"path":"audios\/wordfile-65285eb711abb.mp3","mime":"audio\/mpeg","copyright":{"license":"U"}}]},{"text":" \u0928\u0947 ","startDuration":"2.3736","endDuration":"2.5736","wordfile":[{"path":"audios\/wordfile-65285ef3d5dc9.mp3","mime":"audio\/mpeg","copyright":{"license":"U"}}]},{"text":" \u0915\u0939\u093e\u0964 ","startDuration":"2.5746","endDuration":"2.9888","wordfile":[{"path":"audios\/wordfile-65285f648dbb5.mp3","mime":"audio\/mpeg","copyright":{"license":"U"}}]}],"files":[{"path":"audios\/files-65285d2ba7501.mp3","mime":"audio\/mpeg","copyright":{"license":"U"}}]},"subContentId":"6f6a1a65-f18a-4e6c-b8f2-fe5e72a913d0","metadata":{"contentType":"Curious Reader Audio","license":"U","title":"Untitled Curious Reader Audio"}},"backgroundOpacity":0,"willDoAnimation":false,"animationType":"glow","displayAsButton":false,"buttonSize":"big","goToSlideType":"specified","invisible":false},{"x":51.02040816326531,"y":45.34005037783375,"width":11.096938775510205,"height":16.876574307304786,"action":{"library":"H5P.Image 1.1","params":{"contentName":"Image"},"subContentId":"c4d0afac-4647-4a99-8cb0-6009cae9ce5a","metadata":{"contentType":"Image","license":"U","title":"Untitled Image"}},"backgroundOpacity":0,"willDoAnimation":true,"animationType":"glow","displayAsButton":false,"buttonSize":"big","goToSlideType":"specified","invisible":false,"id":"img6f6a1a65-f18a-4e6c-b8f2-fe5e72a913d0_1"}],"slideBackgroundSelector":{}},{"elements":[{"x":25.462962962962962,"y":9.132420091324201,"width":48.61111111111111,"height":67.8082191780822,"action":{"library":"H5P.Image 1.1","params":{"contentName":"Image","file":{"path":"images\/file-61ef430c0d077.jpeg","mime":"image\/jpeg","copyright":{"license":"U"},"width":1472,"height":1024}},"metadata":{"contentType":"Image","license":"U","title":"Untitled Image"},"subContentId":"42f44229-0dac-467c-b39f-55a14f954207"},"backgroundOpacity":0,"willDoAnimation":false,"animationType":"glow","displayAsButton":false,"buttonSize":"big","goToSlideType":"specified","invisible":false},{"x":5.1020408163265305,"y":80.60453400503778,"width":90.56122448979592,"height":17.12846347607053,"action":{"library":"H5P.CRAdvancedText 1.1","params":{"text":"<p dir=\"ltr\" style=\"text-align: center;\"><span style=\"color:#ffffff;\"><span style=\"font-size:1.75em;\"><strong>&amp;ldquo; \u092e\u0947\u0930\u0940 \u0917\u0941\u0921\u093c\u093f\u092f\u093e \u0915\u0939\u093e\u0902 \u0939\u0948 ? &amp;rdquo; \u090f\u092c\u0940 \u0928\u0947 \u0915\u0941\u0924\u094d\u0924\u0947 \u0938\u0947 \u092a\u0942\u091b\u093e\u0964<\/strong><\/span><\/span><\/p>\n"},"subContentId":"c8f75e26-2175-4688-b54e-d8f3df38ce9f","metadata":{"contentType":"Text","license":"U","title":"Untitled Text"}},"alwaysDisplayComments":false,"backgroundOpacity":0,"willDoAnimation":false,"animationType":"glow","displayAsButton":false,"buttonSize":"big","goToSlideType":"specified","invisible":false,"solution":""},{"x":47.00255102040816,"y":43.95465994962216,"width":40,"height":40,"action":{"library":"H5P.CRAudio 1.4","params":{"fitToWrapper":true,"currIndex":14,"playerMode":"minimalistic","controls":true,"autoplay":true,"playAudio":"Play audio","pauseAudio":"Pause audio","contentName":"Audio","glowColor":"#ffd85a","timeStampForEachText":[{"text":" \u201c \u092e\u0947\u0930\u0940 ","startDuration":"0.5757","endDuration":"1.1512","wordfile":[{"path":"audios\/wordfile-65286047d6862.mp3","mime":"audio\/mpeg","copyright":{"license":"U"}}]},{"text":" \u0917\u0941\u0921\u093c\u093f\u092f\u093e ","startDuration":"1.1522","endDuration":"1.6192","wordfile":[{"path":"audios\/wordfile-6528605bb6a09.mp3","mime":"audio\/mpeg","copyright":{"license":"U"}}]},{"text":" \u0915\u0939\u093e\u0902 ","startDuration":"1.6202","endDuration":"2.0455","wordfile":[{"path":"audios\/wordfile-6528608ea7463.mp3","mime":"audio\/mpeg","copyright":{"license":"U"}}]},{"text":" \u0939\u0948 ? \u201d ","startDuration":"2.0465","endDuration":"2.2465","wordfile":[{"path":"audios\/wordfile-652860a6c0200.mp3","mime":"audio\/mpeg","copyright":{"license":"U"}}]},{"text":" \u090f\u092c\u0940 ","startDuration":"3.1653","endDuration":"3.7241","wordfile":[{"path":"audios\/wordfile-652860c031cbc.mp3","mime":"audio\/mpeg","copyright":{"license":"U"}}]},{"text":" \u0928\u0947 ","startDuration":"3.7334","endDuration":"3.9835","wordfile":[{"path":"audios\/wordfile-652861103978b.mp3","mime":"audio\/mpeg","copyright":{"license":"U"}}]},{"text":" \u0915\u0941\u0924\u094d\u0924\u0947 ","startDuration":"3.9845","endDuration":"4.4682","wordfile":[{"path":"audios\/wordfile-652861517d827.mp3","mime":"audio\/mpeg","copyright":{"license":"U"}}]},{"text":" \u0938\u0947 ","startDuration":"4.4692","endDuration":"4.6692","wordfile":[{"path":"audios\/wordfile-6528617be1be8.mp3","mime":"audio\/mpeg","copyright":{"license":"U"}}]},{"text":" \u092a\u0942\u091b\u093e\u0964 ","startDuration":"4.6702","endDuration":"5.3959","wordfile":[{"path":"audios\/wordfile-652861e984276.mp3","mime":"audio\/mpeg","copyright":{"license":"U"}}]}],"files":[{"path":"audios\/files-65285ff201ef4.mp3","mime":"audio\/mpeg","copyright":{"license":"U"}}]},"subContentId":"89a12429-9a3a-4942-b268-32d363dbfdca","metadata":{"contentType":"Curious Reader Audio","license":"U","title":"Untitled Curious Reader Audio"}},"backgroundOpacity":0,"willDoAnimation":false,"animationType":"glow","displayAsButton":false,"buttonSize":"big","goToSlideType":"specified","invisible":false},{"x":45.91836734693878,"y":27.699999999999996,"width":12.244897959183673,"height":17.12846347607053,"action":{"library":"H5P.Image 1.1","params":{"contentName":"Image"},"subContentId":"a5c592a7-db9f-4649-abcb-0e71dad36415","metadata":{"contentType":"Image","license":"U","title":"Untitled Image"}},"backgroundOpacity":0,"willDoAnimation":true,"animationType":"glow","displayAsButton":false,"buttonSize":"big","goToSlideType":"specified","invisible":false,"id":"img89a12429-9a3a-4942-b268-32d363dbfdca_4"},{"x":30.612244897959183,"y":40.27858942065492,"width":22.5765306122449,"height":27.20403022670025,"action":{"library":"H5P.Image 1.1","params":{"contentName":"Image"},"subContentId":"a3b89d31-4263-4cb8-8979-75fa161e1891","metadata":{"contentType":"Image","license":"U","title":"Untitled Image"}},"backgroundOpacity":0,"willDoAnimation":true,"animationType":"glow","displayAsButton":false,"buttonSize":"big","goToSlideType":"specified","invisible":false,"id":"img89a12429-9a3a-4942-b268-32d363dbfdca_6"}],"slideBackgroundSelector":{}},{"elements":[{"x":46.29629629629629,"y":18.264840182648403,"width":48.61111111111111,"height":68.94977168949772,"action":{"library":"H5P.Image 1.1","params":{"contentName":"Image","file":{"path":"images\/file-61ef4ba5e2239.jpeg","mime":"image\/jpeg","copyright":{"license":"U"},"width":1472,"height":1024}},"metadata":{"contentType":"Image","license":"U","title":"Untitled Image"},"subContentId":"b63dec76-841b-495d-9c50-72b9a12cd00c"},"backgroundOpacity":0,"willDoAnimation":false,"animationType":"glow","displayAsButton":false,"buttonSize":"big","goToSlideType":"specified","invisible":false},{"x":5.1020408163265305,"y":40.30226700251889,"width":40,"height":40,"action":{"library":"H5P.CRAdvancedText 1.1","params":{"text":"<p style=\"text-align: center;\"><span style=\"color:#ffffff;\"><span style=\"font-size:1.75em;\"><strong>&amp;ldquo;&nbsp;\u092d\u093e\u090a \u092d\u093e\u090a&nbsp;&amp;rdquo; \u0915\u0941\u0924\u094d\u0924\u0947 \u0928\u0947 \u0915\u0939\u093e\u0964 \u0915\u0941\u0924\u094d\u0924\u0947 \u0915\u094b \u0917\u0941\u0921\u093c\u093f\u092f\u093e \u092e\u093f\u0932 \u0917\u0908\u0964<\/strong><\/span><\/span><\/p>\n"},"subContentId":"90d17ec5-cab4-4760-8c32-834016df4523","metadata":{"contentType":"Text","license":"U","title":"Untitled Text"}},"alwaysDisplayComments":false,"backgroundOpacity":0,"willDoAnimation":false,"animationType":"glow","displayAsButton":false,"buttonSize":"big","goToSlideType":"specified","invisible":false,"solution":""},{"x":47.00255102040816,"y":43.95465994962216,"width":40,"height":40,"action":{"library":"H5P.CRAudio 1.4","params":{"fitToWrapper":true,"currIndex":15,"playerMode":"minimalistic","controls":true,"autoplay":true,"playAudio":"Play audio","pauseAudio":"Pause audio","contentName":"Audio","glowColor":"#ffd85a","timeStampForEachText":[{"text":" \u201c\u00a0\u092d\u093e\u090a \u092d\u093e\u090a\u00a0\u201d ","startDuration":"0.1870","endDuration":"1.2065","wordfile":[{"path":"audios\/wordfile-652862ecbb050.mp3","mime":"audio\/mpeg","copyright":{"license":"U"}}]},{"text":" \u0915\u0941\u0924\u094d\u0924\u0947 ","startDuration":"2.0180","endDuration":"2.5120","wordfile":[{"path":"audios\/wordfile-65286347ad9b7.mp3","mime":"audio\/mpeg","copyright":{"license":"U"}}]},{"text":" \u0928\u0947 ","startDuration":"2.5130","endDuration":"2.6507","wordfile":[{"path":"audios\/wordfile-6528638f2c1cd.mp3","mime":"audio\/mpeg","copyright":{"license":"U"}}]},{"text":" \u0915\u0939\u093e\u0964 ","startDuration":"2.6517","endDuration":"3.1367","wordfile":[{"path":"audios\/wordfile-652863cd1a22b.mp3","mime":"audio\/mpeg","copyright":{"license":"U"}}]},{"text":" \u0915\u0941\u0924\u094d\u0924\u0947 ","startDuration":"3.7345","endDuration":"4.2106","wordfile":[{"path":"audios\/wordfile-65286422711da.mp3","mime":"audio\/mpeg","copyright":{"license":"U"}}]},{"text":" \u0915\u094b ","startDuration":"4.2116","endDuration":"4.5808","wordfile":[{"path":"audios\/wordfile-65286445f1844.mp3","mime":"audio\/mpeg","copyright":{"license":"U"}}]},{"text":" \u0917\u0941\u0921\u093c\u093f\u092f\u093e ","startDuration":"4.5818","endDuration":"5.1381","wordfile":[{"path":"audios\/wordfile-65286462cadb5.mp3","mime":"audio\/mpeg","copyright":{"license":"U"}}]},{"text":" \u092e\u093f\u0932 ","startDuration":"5.1391","endDuration":"5.4193","wordfile":[{"path":"audios\/wordfile-652864bd897bd.mp3","mime":"audio\/mpeg","copyright":{"license":"U"}}]},{"text":" \u0917\u0908\u0964 ","startDuration":"5.4203","endDuration":"5.9588","wordfile":[{"path":"audios\/wordfile-6528652c365c9.mp3","mime":"audio\/mpeg","copyright":{"license":"U"}}]}],"files":[{"path":"audios\/files-6528625135b2d.mp3","mime":"audio\/mpeg","copyright":{"license":"U"}}]},"subContentId":"de46c080-6189-46fa-9e8e-c16dd803ba7b","metadata":{"contentType":"Curious Reader Audio","license":"U","title":"Untitled Curious Reader Audio"}},"backgroundOpacity":0,"willDoAnimation":false,"animationType":"glow","displayAsButton":false,"buttonSize":"big","goToSlideType":"specified","invisible":false},{"x":48.46938775510204,"y":60.45340050377833,"width":20.025510204081634,"height":19.8992443324937,"action":{"library":"H5P.Image 1.1","params":{"contentName":"Image"},"subContentId":"8c3ee839-0ce9-4408-8559-869f226ee3da","metadata":{"contentType":"Image","license":"U","title":"Untitled Image"}},"backgroundOpacity":0,"willDoAnimation":true,"animationType":"glow","displayAsButton":false,"buttonSize":"big","goToSlideType":"specified","invisible":false,"id":"imgde46c080-6189-46fa-9e8e-c16dd803ba7b_1"},{"x":76.5295918367347,"y":57.90302267002518,"width":8.16326530612245,"height":16.876574307304786,"action":{"library":"H5P.Image 1.1","params":{"contentName":"Image"},"subContentId":"25beebb4-a17b-4b0f-b1d2-3495c2a7db87","metadata":{"contentType":"Image","license":"U","title":"Untitled Image"}},"backgroundOpacity":0,"willDoAnimation":true,"animationType":"glow","displayAsButton":false,"buttonSize":"big","goToSlideType":"specified","invisible":false,"id":"imgde46c080-6189-46fa-9e8e-c16dd803ba7b_6"}],"slideBackgroundSelector":{}},{"elements":[{"x":68.87755102040816,"y":5.037783375314861,"width":25.510204081632654,"height":10.327455919395465,"action":{"library":"H5P.Image 1.1","params":{"contentName":"Image","file":{"path":"images\/file-61fb28cb969ac.jpg","mime":"image\/jpeg","copyright":{"license":"U"},"width":1732,"height":354}},"metadata":{"contentType":"Image","license":"U","title":"Untitled Image"},"subContentId":"3ddcf391-a7ca-490e-afe3-7c9f9649c085"},"backgroundOpacity":0,"willDoAnimation":false,"animationType":"glow","displayAsButton":false,"buttonSize":"big","goToSlideType":"specified","invisible":false},{"x":36.98979591836735,"y":5.037783375314861,"width":22.95918367346939,"height":12.594458438287154,"action":{"library":"H5P.Image 1.1","params":{"contentName":"Image","file":{"path":"images\/file-61fb29a5596cb.png","mime":"image\/png","copyright":{"license":"U"},"width":814,"height":202}},"metadata":{"contentType":"Image","license":"U","title":"Untitled Image"},"subContentId":"c8bfa72b-e3a6-48a9-8831-366d1c8703eb"},"backgroundOpacity":0,"willDoAnimation":false,"animationType":"glow","displayAsButton":false,"buttonSize":"big","goToSlideType":"specified","invisible":false},{"x":3.826530612244898,"y":5.0338539042821155,"width":17.857142857142858,"height":12.846347607052897,"action":{"library":"H5P.Image 1.1","params":{"contentName":"Image","file":{"path":"images\/file-61fb296cf2c04.png","mime":"image\/png","copyright":{"license":"U"},"width":1350,"height":487}},"metadata":{"contentType":"Image","license":"U","title":"Untitled Image"},"subContentId":"ef1eb10b-04f4-45a7-9ac9-d816e125fb29"},"backgroundOpacity":0,"willDoAnimation":false,"animationType":"glow","displayAsButton":false,"buttonSize":"big","goToSlideType":"specified","invisible":false},{"x":6.535,"y":25.181057934508814,"width":86.86224489795919,"height":70.27707808564232,"action":{"library":"H5P.CRAdvancedText 1.1","params":{"text":"<h3 style=\"text-align: center;\"><span style=\"font-size:0.75em;\"><strong>\"<\/strong><\/span>\u0916\u094b\u0908 \u0939\u0941\u0908 \u0917\u0941\u0921\u093c\u093f\u092f\u093e<span style=\"font-size:0.75em;\"><strong>\" credits<\/strong><\/span><\/h3>\n\n<h3 style=\"text-align: center;\"><span style=\"font-size:0.75em;\">This work, \"<\/span>\u0916\u094b\u0908 \u0939\u0941\u0908 \u0917\u0941\u0921\u093c\u093f\u092f\u093e<span style=\"font-size:0.75em;\">\", is a derivative of \"The Lost Doll\" as translated by Alisha Berger and used under CC BY. The \u00a9 for this translation lies with Room to Read, 2015.&nbsp;\"The Lost Doll\" is based on the original story:&nbsp;'Umdoli Lolahlekile', by Moleboge Shibboleth Poho. \u00a9 Room to Read, 2015.<\/span><\/h3>\n\n<h3 style=\"text-align: center;\"><span style=\"font-size:0.75em;\">This work, \"<\/span>\u0916\u094b\u0908 \u0939\u0941\u0908 \u0917\u0941\u0921\u093c\u093f\u092f\u093e<span style=\"font-size:0.75em;\">\" is licensed under CC BY 4.0 by Curious Learning.<\/span><\/h3>\n\n<h3 style=\"text-align: center;\"><br>\n<span style=\"font-size:0.75em;\">Book builder - Abraham Jerry Kakooza<\/span><\/h3>\n\n<p style=\"text-align: center;\">&nbsp;<\/p>\n"},"metadata":{"contentType":"Text","license":"U","title":"Untitled Text"},"subContentId":"816d08a5-61c7-4cb6-bd45-d127b486d869"},"alwaysDisplayComments":false,"backgroundOpacity":0,"willDoAnimation":false,"animationType":"glow","displayAsButton":false,"buttonSize":"big","goToSlideType":"specified","invisible":false,"solution":""}],"slideBackgroundSelector":{}}],"keywordListEnabled":true,"globalBackgroundSelector":{},"keywordListAlwaysShow":false,"keywordListAutoHide":false,"keywordListOpacity":90},"override":{"activeSurface":false,"hideSummarySlide":false,"summarySlideSolutionButton":true,"summarySlideRetryButton":true,"enablePrintButton":false,"social":{"showFacebookShare":false,"facebookShare":{"url":"@currentpageurl","quote":"I scored @score out of @maxScore on a task at @currentpageurl."},"showTwitterShare":false,"twitterShare":{"statement":"I scored @score out of @maxScore on a task at @currentpageurl.","url":"@currentpageurl","hashtags":"h5p, course"},"showGoogleShare":false,"googleShareUrl":"@currentpageurl"}},"l10n":{"slide":"Slide","score":"Score","yourScore":"Your Score","maxScore":"Max Score","total":"Total","totalScore":"Total Score","showSolutions":"Show solutions","retry":"Retry","exportAnswers":"Export text","hideKeywords":"Hide sidebar navigation menu","showKeywords":"Show sidebar navigation menu","fullscreen":"Fullscreen","exitFullscreen":"Exit fullscreen","prevSlide":"Previous slide","nextSlide":"Next slide","currentSlide":"Current slide","lastSlide":"Last slide","solutionModeTitle":"Exit solution mode","solutionModeText":"Solution Mode","summaryMultipleTaskText":"Multiple tasks","scoreMessage":"You achieved:","shareFacebook":"Share on Facebook","shareTwitter":"Share on Twitter","shareGoogle":"Share on Google+","summary":"Summary","solutionsButtonTitle":"Show comments","printTitle":"Print","printIngress":"How would you like to print this presentation?","printAllSlides":"Print all slides","printCurrentSlide":"Print current slide","noTitle":"No title","accessibilitySlideNavigationExplanation":"Use left and right arrow to change slide in that direction whenever canvas is selected.","accessibilityCanvasLabel":"Presentation canvas. Use left and right arrow to move between slides.","containsNotCompleted":"@slideName contains not completed interaction","containsCompleted":"@slideName contains completed interaction","slideCount":"Slide @index of @total","containsOnlyCorrect":"@slideName only has correct answers","containsIncorrectAnswers":"@slideName has incorrect answers","shareResult":"Share Result","accessibilityTotalScore":"You got @score of @maxScore points in total","accessibilityEnteredFullscreen":"Entered fullscreen","accessibilityExitedFullscreen":"Exited fullscreen"}}