{"presentation":{"slides":[{"slideBackgroundSelector":{},"elements":[{"x":3.289473684210526,"y":6.497894682122992,"width":94.13898026315789,"height":87.71832926131934,"action":{"library":"H5P.Image 1.1","params":{"contentName":"Image","file":{"path":"images\/file-66f3df5ab2d30.jpg","mime":"image\/jpeg","copyright":{"license":"U"},"width":1310,"height":736}},"subContentId":"0e496803-b15f-4430-bbfa-e595a008b198","metadata":{"contentType":"Image","license":"U","title":"Untitled Image"}},"backgroundOpacity":0,"willDoAnimation":false,"animationType":"glow","displayAsButton":false,"buttonSize":"big","goToSlideType":"specified","invisible":false},{"x":34.53947368421053,"y":84.47263086759891,"width":39.99967105263158,"height":12.992410459011282,"action":{"library":"H5P.CRAdvancedText 1.1","params":{"text":"<p><span style=\"font-size:1.5em;color:hsl(0, 0%, 100%);\"><strong>\u121d\u1295 \u12a5\u1295\u12f0\u1206\u1295\u12a9 \u12a5\u1235\u12aa \u1308\u121d\u1271<\/strong><\/span><\/p>"},"subContentId":"a929f8cd-56fa-4639-adb0-be6f5effb8cb","metadata":{"contentType":"Text","license":"U","title":"Untitled Text"}},"alwaysDisplayComments":false,"backgroundOpacity":0,"willDoAnimation":false,"animationType":"glow","displayAsButton":false,"buttonSize":"big","goToSlideType":"specified","invisible":false,"solution":""}]},{"slideBackgroundSelector":{},"elements":[{"x":3.289473684210526,"y":6.497894682122992,"width":94.13898026315789,"height":87.71832926131934,"action":{"library":"H5P.Image 1.1","params":{"contentName":"Image","file":{"path":"images\/file-66f3df8b1702f.jpg","mime":"image\/jpeg","copyright":{"license":"U"},"width":1310,"height":736}},"subContentId":"0e496803-b15f-4430-bbfa-e595a008b198","metadata":{"contentType":"Image","license":"U","title":"Untitled Image"}},"backgroundOpacity":0,"willDoAnimation":false,"animationType":"glow","displayAsButton":false,"buttonSize":"big","goToSlideType":"specified","invisible":false},{"x":25,"y":84.65608465608466,"width":62.4983552631579,"height":12.989031553776577,"action":{"library":"H5P.CRAdvancedText 1.1","params":{"text":"<p><span style=\"font-size:1.5em;color:hsl(0,0%,100%);\"><strong>\u12a5\u123a! \u12db\u122c \u12a0\u1295\u12f5 \u12e8\u1218\u1308\u1218\u1275 \u1328\u12cb\u1273 \u12a5\u1295\u132b\u12c8\u1275\u1361\u1361<\/strong><\/span><\/p>"},"subContentId":"3bd1249e-fc7f-40cb-a3e6-9a815baa335f","metadata":{"contentType":"Text","license":"U","title":"Untitled Text"}},"alwaysDisplayComments":false,"backgroundOpacity":0,"willDoAnimation":false,"animationType":"glow","displayAsButton":false,"buttonSize":"big","goToSlideType":"specified","invisible":false,"solution":""},{"x":47.00006578947369,"y":44.0012898320944,"width":40,"height":40,"action":{"library":"H5P.CRAudio 1.4","params":{"fitToWrapper":true,"currIndex":1,"playerMode":"minimalistic","controls":true,"autoplay":true,"playAudio":"Play audio","pauseAudio":"Pause audio","contentName":"Audio","glowColor":"#ffd85a","timeStampForEachText":[{"text":" \u12a5\u123a! ","startDuration":"0.0000","endDuration":"0.8890","wordfile":[{"path":"audios\/wordfile-66f26a9da46e1.wav","mime":"audio\/x-wav","copyright":{"license":"U"}}]},{"text":" \u12db\u122c ","startDuration":"0.8718","endDuration":"1.5781","wordfile":[{"path":"audios\/wordfile-66f26b134078e.wav","mime":"audio\/x-wav","copyright":{"license":"U"}}]},{"text":" \u12a0\u1295\u12f5 ","startDuration":"1.5580","endDuration":"1.9268","wordfile":[{"path":"audios\/wordfile-66f26b64168ba.wav","mime":"audio\/x-wav","copyright":{"license":"U"}}]},{"text":" \u12e8\u1218\u1308\u1218\u1275 ","startDuration":"1.9278","endDuration":"2.6411","wordfile":[{"path":"audios\/wordfile-66f26b9fe02f0.wav","mime":"audio\/x-wav","copyright":{"license":"U"}}]},{"text":" \u1328\u12cb\u1273 ","startDuration":"2.6421","endDuration":"3.0460","wordfile":[{"path":"audios\/wordfile-66f26bbdb5ff3.wav","mime":"audio\/x-wav","copyright":{"license":"U"}}]},{"text":" \u12a5\u1295\u132b\u12c8\u1275\u1361\u1361 ","startDuration":"3.0470","endDuration":"3.9866","wordfile":[{"path":"audios\/wordfile-66f26bf66027e.wav","mime":"audio\/x-wav","copyright":{"license":"U"}}]}],"files":[{"path":"audios\/files-66f26a364bdcd.wav","mime":"audio\/x-wav","copyright":{"license":"U"}}]},"subContentId":"5df33d6a-35ef-4ef7-a9bc-d5b2d9a25acd","metadata":{"contentType":"Curious Reader Audio","license":"U","title":"Untitled Curious Reader Audio"}},"backgroundOpacity":0,"willDoAnimation":false,"animationType":"glow","displayAsButton":false,"buttonSize":"big","goToSlideType":"specified","invisible":false}]},{"slideBackgroundSelector":{},"elements":[{"x":3.289473684210526,"y":6.497894682122992,"width":94.13898026315789,"height":87.71832926131934,"action":{"library":"H5P.Image 1.1","params":{"contentName":"Image","file":{"path":"images\/file-66f3df9e47757.jpg","mime":"image\/jpeg","copyright":{"license":"U"},"width":1310,"height":736}},"subContentId":"0e496803-b15f-4430-bbfa-e595a008b198","metadata":{"contentType":"Image","license":"U","title":"Untitled Image"}},"backgroundOpacity":0,"willDoAnimation":false,"animationType":"glow","displayAsButton":false,"buttonSize":"big","goToSlideType":"specified","invisible":false},{"x":31.25,"y":64.97894682122993,"width":41.11677631578947,"height":25.98144201278786,"action":{"library":"H5P.CRAdvancedText 1.1","params":{"text":"<p><span style=\"font-size:1.5em;color:hsl(0, 0%, 100%);\"><strong>\u121d\u1295 \u12a5\u1295\u12f0\u1206\u1295\u12a9 \u12a5\u1235\u12aa \u1308\u121d\u1271 \u1218\u12cb\u1298\u1275 \u12a5\u12c8\u12f3\u1208\u1201\u1363 \u12e8\u121d\u1296\u1228\u12cd\u121d \u12cd\u1203 \u12cd\u1235\u1325 \u1290\u12cd\u1361\u1361<\/strong><\/span><\/p>"},"subContentId":"a1b3c4dd-f73d-4fd3-b9db-74c3ad78fea5","metadata":{"contentType":"Text","license":"U","title":"Untitled Text"}},"alwaysDisplayComments":false,"backgroundOpacity":0,"willDoAnimation":false,"animationType":"glow","displayAsButton":false,"buttonSize":"big","goToSlideType":"specified","invisible":false,"solution":""},{"x":47.00006578947369,"y":44.0012898320944,"width":40,"height":40,"action":{"library":"H5P.CRAudio 1.4","params":{"fitToWrapper":true,"currIndex":2,"playerMode":"minimalistic","controls":true,"autoplay":true,"playAudio":"Play audio","pauseAudio":"Pause audio","contentName":"Audio","glowColor":"#ffd85a","timeStampForEachText":[{"text":" \u121d\u1295 ","startDuration":"0.0000","endDuration":"0.3136","wordfile":[{"path":"audios\/wordfile-66f26cda920fa.wav","mime":"audio\/x-wav","copyright":{"license":"U"}}]},{"text":" \u12a5\u1295\u12f0\u1206\u1295\u12a9 ","startDuration":"0.3146","endDuration":"0.7986","wordfile":[{"path":"audios\/wordfile-66f26cfca7f34.wav","mime":"audio\/x-wav","copyright":{"license":"U"}}]},{"text":" \u12a5\u1235\u12aa ","startDuration":"0.7996","endDuration":"1.1246","wordfile":[{"path":"audios\/wordfile-66f26d154f321.wav","mime":"audio\/x-wav","copyright":{"license":"U"}}]},{"text":" \u1308\u121d\u1271 ","startDuration":"1.1256","endDuration":"2.3595","wordfile":[{"path":"audios\/wordfile-66f26d2caf681.wav","mime":"audio\/x-wav","copyright":{"license":"U"}}]},{"text":" \u1218\u12cb\u1298\u1275 ","startDuration":"2.3605","endDuration":"3.0490","wordfile":[{"path":"audios\/wordfile-66f26d5009ff3.wav","mime":"audio\/x-wav","copyright":{"license":"U"}}]},{"text":" \u12a5\u12c8\u12f3\u1208\u1201\u1363 ","startDuration":"3.0500","endDuration":"4.0453","wordfile":[{"path":"audios\/wordfile-66f26d67f007a.wav","mime":"audio\/x-wav","copyright":{"license":"U"}}]},{"text":" \u12e8\u121d\u1296\u1228\u12cd\u121d ","startDuration":"4.0463","endDuration":"5.2347","wordfile":[{"path":"audios\/wordfile-66f26da8ac618.wav","mime":"audio\/x-wav","copyright":{"license":"U"}}]},{"text":" \u12cd\u1203 ","startDuration":"5.2357","endDuration":"5.6061","wordfile":[{"path":"audios\/wordfile-66f26dc8c5e66.wav","mime":"audio\/x-wav","copyright":{"license":"U"}}]},{"text":" \u12cd\u1235\u1325 ","startDuration":"5.6525","endDuration":"6.0343","wordfile":[{"path":"audios\/wordfile-66f26de16ddf3.wav","mime":"audio\/x-wav","copyright":{"license":"U"}}]},{"text":" \u1290\u12cd\u1361\u1361 ","startDuration":"6.0353","endDuration":"6.4420","wordfile":[{"path":"audios\/wordfile-66f26e090c74d.wav","mime":"audio\/x-wav","copyright":{"license":"U"}}]}],"files":[{"path":"audios\/files-66f26cb80223b.wav","mime":"audio\/x-wav","copyright":{"license":"U"}}]},"subContentId":"0eb746e2-0ee1-4a75-ac36-d36a8a2ed370","metadata":{"contentType":"Curious Reader Audio","license":"U","title":"Untitled Curious Reader Audio"}},"backgroundOpacity":0,"willDoAnimation":false,"animationType":"glow","displayAsButton":false,"buttonSize":"big","goToSlideType":"specified","invisible":false}]},{"slideBackgroundSelector":{},"elements":[{"x":3.289473684210526,"y":6.497894682122992,"width":94.13898026315789,"height":87.71832926131934,"action":{"library":"H5P.Image 1.1","params":{"contentName":"Image","file":{"path":"images\/file-6708dafb0faa1.png","mime":"image\/png","copyright":{"license":"U"},"width":1310,"height":735}},"subContentId":"0e496803-b15f-4430-bbfa-e595a008b198","metadata":{"contentType":"Image","license":"U","title":"Untitled Image"}},"backgroundOpacity":0,"willDoAnimation":false,"animationType":"glow","displayAsButton":false,"buttonSize":"big","goToSlideType":"specified","invisible":false},{"x":37.828947368421055,"y":84.47263086759891,"width":39.99967105263158,"height":12.989031553776577,"action":{"library":"H5P.CRAdvancedText 1.1","params":{"text":"<p><span style=\"font-size:1.5em;color:hsl(0, 0%, 100%);\"><strong>\u12a0\u12ce....... \u12a0\u1223 \u1290\u129d\u1361\u1361<\/strong><\/span><\/p>"},"subContentId":"6bcd1953-5050-469e-bea1-6a9f19242084","metadata":{"contentType":"Text","license":"U","title":"Untitled Text"}},"alwaysDisplayComments":false,"backgroundOpacity":0,"willDoAnimation":false,"animationType":"glow","displayAsButton":false,"buttonSize":"big","goToSlideType":"specified","invisible":false,"solution":""},{"x":47.00006578947369,"y":44.0012898320944,"width":40,"height":40,"action":{"library":"H5P.CRAudio 1.4","params":{"fitToWrapper":true,"currIndex":3,"playerMode":"minimalistic","controls":true,"autoplay":true,"playAudio":"Play audio","pauseAudio":"Pause audio","contentName":"Audio","glowColor":"#ffd85a","timeStampForEachText":[{"text":" \u12a0\u12ce....... ","startDuration":"0.0000","endDuration":"0.8902","wordfile":[{"path":"audios\/wordfile-66f26f3a617ea.wav","mime":"audio\/x-wav","copyright":{"license":"U"}}]},{"text":" \u12a0\u1223 ","startDuration":"0.8912","endDuration":"1.4451","wordfile":[{"path":"audios\/wordfile-66f26f647216e.wav","mime":"audio\/x-wav","copyright":{"license":"U"}}]},{"text":" \u1290\u129d\u1361\u1361 ","startDuration":"1.4461","endDuration":"1.9866","wordfile":[{"path":"audios\/wordfile-66f26f807de76.wav","mime":"audio\/x-wav","copyright":{"license":"U"}}]}],"files":[{"path":"audios\/files-66f26f29c3fae.wav","mime":"audio\/x-wav","copyright":{"license":"U"}}]},"subContentId":"ab92b000-6b10-41f1-b27b-9408e5e854ef","metadata":{"contentType":"Curious Reader Audio","license":"U","title":"Untitled Curious Reader Audio"}},"backgroundOpacity":0,"willDoAnimation":false,"animationType":"glow","displayAsButton":false,"buttonSize":"big","goToSlideType":"specified","invisible":false},{"x":27.960526315789476,"y":19.483547330664866,"width":42.10361842105263,"height":39.99941518947861,"action":{"library":"H5P.Image 1.1","params":{"contentName":"Image"},"subContentId":"a4b41761-55da-47e8-a2c4-132da2e312f3","metadata":{"contentType":"Image","license":"U","title":"Untitled Image"}},"backgroundOpacity":0,"willDoAnimation":true,"animationType":"glow","displayAsButton":false,"buttonSize":"big","goToSlideType":"specified","invisible":false,"id":"imgab92b000-6b10-41f1-b27b-9408e5e854ef_1"}]},{"slideBackgroundSelector":{},"elements":[{"x":3.289473684210526,"y":6.497894682122992,"width":94.13898026315789,"height":87.71832926131934,"action":{"library":"H5P.Image 1.1","params":{"contentName":"Image","file":{"path":"images\/file-66f3dfab1ca79.jpg","mime":"image\/jpeg","copyright":{"license":"U"},"width":1310,"height":736}},"subContentId":"0e496803-b15f-4430-bbfa-e595a008b198","metadata":{"contentType":"Image","license":"U","title":"Untitled Image"}},"backgroundOpacity":0,"willDoAnimation":false,"animationType":"glow","displayAsButton":false,"buttonSize":"big","goToSlideType":"specified","invisible":false},{"x":28.57142857142857,"y":67.01940035273368,"width":41.07142857142858,"height":28.218694885361554,"action":{"library":"H5P.CRAdvancedText 1.1","params":{"text":"<p><span style=\"font-size:1.5em;color:hsl(0,0%,100%);\"><strong>\u121d\u1295 \u12a5\u1295\u12f0\u1206\u1295\u12a9 \u12a5\u1235\u12aa \u1308\u121d\u1271 \u1219\u12dd \u1218\u1265\u120b\u1275 \u12a5\u12c8\u12f3\u1208\u1201\u1363 \u12e8\u121d\u1296\u1228\u12cd\u121d \u12db\u134d \u120b\u12ed \u1290\u12cd\u1361\u1361<\/strong><\/span><\/p>"},"subContentId":"400b1778-bc98-4dc7-9b84-9072ecbce6f9","metadata":{"contentType":"Text","license":"U","title":"Untitled Text"}},"alwaysDisplayComments":false,"backgroundOpacity":0,"willDoAnimation":false,"animationType":"glow","displayAsButton":false,"buttonSize":"big","goToSlideType":"specified","invisible":false,"solution":""},{"x":47.00006578947369,"y":44.0012898320944,"width":40,"height":40,"action":{"library":"H5P.CRAudio 1.4","params":{"fitToWrapper":true,"currIndex":4,"playerMode":"minimalistic","controls":true,"autoplay":true,"playAudio":"Play audio","pauseAudio":"Pause audio","contentName":"Audio","glowColor":"#ffd85a","timeStampForEachText":[{"text":" \u121d\u1295 ","startDuration":"0.0000","endDuration":"0.2111","wordfile":[{"path":"audios\/wordfile-66f2793a4bce7.wav","mime":"audio\/x-wav","copyright":{"license":"U"}}]},{"text":" \u12a5\u1295\u12f0\u1206\u1295\u12a9 ","startDuration":"0.2344","endDuration":"0.8352","wordfile":[{"path":"audios\/wordfile-66f279b0469fe.wav","mime":"audio\/x-wav","copyright":{"license":"U"}}]},{"text":" \u12a5\u1235\u12aa ","startDuration":"0.8362","endDuration":"1.1141","wordfile":[{"path":"audios\/wordfile-66f279c8659aa.wav","mime":"audio\/x-wav","copyright":{"license":"U"}}]},{"text":" \u1308\u121d\u1271 ","startDuration":"1.1151","endDuration":"1.9497","wordfile":[{"path":"audios\/wordfile-66f279dd0f8e7.wav","mime":"audio\/x-wav","copyright":{"license":"U"}}]},{"text":" \u1219\u12dd ","startDuration":"2.0286","endDuration":"2.3956","wordfile":[{"path":"audios\/wordfile-66f27a0c6d670.wav","mime":"audio\/x-wav","copyright":{"license":"U"}}]},{"text":" \u1218\u1265\u120b\u1275 ","startDuration":"2.3966","endDuration":"2.9083","wordfile":[{"path":"audios\/wordfile-66f27a65de4ff.wav","mime":"audio\/x-wav","copyright":{"license":"U"}}]},{"text":" \u12a5\u12c8\u12f3\u1208\u1201\u1363 ","startDuration":"2.9093","endDuration":"3.9888","wordfile":[{"path":"audios\/wordfile-66f27a81bfac9.wav","mime":"audio\/x-wav","copyright":{"license":"U"}}]},{"text":" \u12e8\u121d\u1296\u1228\u12cd\u121d ","startDuration":"3.9898","endDuration":"5.2140","wordfile":[{"path":"audios\/wordfile-66f27a92db22b.wav","mime":"audio\/x-wav","copyright":{"license":"U"}}]},{"text":" \u12db\u134d ","startDuration":"5.2150","endDuration":"5.5709","wordfile":[{"path":"audios\/wordfile-66f27aa99eead.wav","mime":"audio\/x-wav","copyright":{"license":"U"}}]},{"text":" \u120b\u12ed ","startDuration":"5.5719","endDuration":"5.7719","wordfile":[{"path":"audios\/wordfile-66f27af4234e1.wav","mime":"audio\/x-wav","copyright":{"license":"U"}}]},{"text":" \u1290\u12cd\u1361\u1361 ","startDuration":"5.7729","endDuration":"6.3125","wordfile":[{"path":"audios\/wordfile-66f27b0d490f9.wav","mime":"audio\/x-wav","copyright":{"license":"U"}}]}],"files":[{"path":"audios\/files-66f2791187c5a.wav","mime":"audio\/x-wav","copyright":{"license":"U"}}]},"subContentId":"aff714a8-b1f1-4325-be4f-231595e7178a","metadata":{"contentType":"Curious Reader Audio","license":"U","title":"Untitled Curious Reader Audio"}},"backgroundOpacity":0,"willDoAnimation":false,"animationType":"glow","displayAsButton":false,"buttonSize":"big","goToSlideType":"specified","invisible":false}]},{"slideBackgroundSelector":{},"elements":[{"x":3.289473684210526,"y":6.497894682122992,"width":94.13898026315789,"height":87.71832926131934,"action":{"library":"H5P.Image 1.1","params":{"contentName":"Image","file":{"path":"images\/file-6708db5878032.png","mime":"image\/png","copyright":{"license":"U"},"width":1310,"height":740}},"subContentId":"0e496803-b15f-4430-bbfa-e595a008b198","metadata":{"contentType":"Image","license":"U","title":"Untitled Image"}},"backgroundOpacity":0,"willDoAnimation":false,"animationType":"glow","displayAsButton":false,"buttonSize":"big","goToSlideType":"specified","invisible":false},{"x":37.828947368421055,"y":84.47263086759891,"width":39.99967105263158,"height":12.992410459011282,"action":{"library":"H5P.CRAdvancedText 1.1","params":{"text":"<p><span style=\"font-size:1.5em;color:hsl(0, 0%, 100%);\"><strong>\u12a0\u12ce....... \u1326\u1323 \u1290\u129d\u1361\u1361<\/strong><\/span><\/p>"},"subContentId":"777febb3-cbb1-40eb-bdbb-d3e25d59d9f7","metadata":{"contentType":"Text","license":"U","title":"Untitled Text"}},"alwaysDisplayComments":false,"backgroundOpacity":0,"willDoAnimation":false,"animationType":"glow","displayAsButton":false,"buttonSize":"big","goToSlideType":"specified","invisible":false,"solution":""},{"x":93.75,"y":3.248947341061496,"width":40,"height":40,"action":{"library":"H5P.CRAudio 1.4","params":{"fitToWrapper":true,"currIndex":5,"playerMode":"minimalistic","controls":true,"autoplay":true,"playAudio":"Play audio","pauseAudio":"Pause audio","contentName":"Audio","glowColor":"#ffd85a","timeStampForEachText":[{"text":" \u12a0\u12ce....... ","startDuration":"0.0000","endDuration":"1.0199","wordfile":[{"path":"audios\/wordfile-66f27c3d1c286.wav","mime":"audio\/x-wav","copyright":{"license":"U"}}]},{"text":" \u1326\u1323 ","startDuration":"1.0440","endDuration":"1.6576","wordfile":[{"path":"audios\/wordfile-66f27c5e3cba9.wav","mime":"audio\/x-wav","copyright":{"license":"U"}}]},{"text":" \u1290\u129d\u1361\u1361 ","startDuration":"1.6586","endDuration":"2.2768","wordfile":[{"path":"audios\/wordfile-66f27c7ce957a.wav","mime":"audio\/x-wav","copyright":{"license":"U"}}]}],"files":[{"path":"audios\/files-66f27c2036294.wav","mime":"audio\/x-wav","copyright":{"license":"U"}}]},"subContentId":"d404987c-29e9-4d2f-8b1a-7c7d232f6761","metadata":{"contentType":"Curious Reader Audio","license":"U","title":"Untitled Curious Reader Audio"}},"backgroundOpacity":0,"willDoAnimation":false,"animationType":"glow","displayAsButton":false,"buttonSize":"big","goToSlideType":"specified","invisible":false},{"x":29.605263157894736,"y":9.746842023184488,"width":40.45888157894737,"height":39.99941518947861,"action":{"library":"H5P.Image 1.1","params":{"contentName":"Image"},"subContentId":"74a3a2a5-9fe0-470b-a99a-7f6f7a374283","metadata":{"contentType":"Image","license":"U","title":"Untitled Image"}},"backgroundOpacity":0,"willDoAnimation":true,"animationType":"glow","displayAsButton":false,"buttonSize":"big","goToSlideType":"specified","invisible":false,"id":"imgd404987c-29e9-4d2f-8b1a-7c7d232f6761_1"}]},{"slideBackgroundSelector":{},"elements":[{"x":3.289473684210526,"y":6.497894682122992,"width":94.13898026315789,"height":87.71832926131934,"action":{"library":"H5P.Image 1.1","params":{"contentName":"Image","file":{"path":"images\/file-66f3dfb6e1fb1.jpg","mime":"image\/jpeg","copyright":{"license":"U"},"width":1310,"height":736}},"subContentId":"0e496803-b15f-4430-bbfa-e595a008b198","metadata":{"contentType":"Image","license":"U","title":"Untitled Image"}},"backgroundOpacity":0,"willDoAnimation":false,"animationType":"glow","displayAsButton":false,"buttonSize":"big","goToSlideType":"specified","invisible":false},{"x":31.25,"y":64.9721240318137,"width":44.40625,"height":29.233768259084062,"action":{"library":"H5P.CRAdvancedText 1.1","params":{"text":"<p><span style=\"font-size:1.5em;color:hsl(0, 0%, 100%);\"><strong>\u121d\u1295 \u12a5\u1295\u12f0\u1206\u1295\u12a9 \u12a5\u1235\u12aa \u1308\u121d\u1271 \u1264\u1275 \u1218\u1320\u1260\u1245 \u12a5\u12c8\u12f3\u1208\u1201\u1363 \u12e8\u121d\u1296\u1228\u12cd\u121d \u12e8\u1218\u1296\u122a\u12eb \u130d\u1262 \u12cd\u1235\u1325 \u1290\u12cd\u1361\u1361<\/strong><\/span><\/p><p><br>&nbsp;<br>&nbsp;<\/p><p>&nbsp;<\/p>"},"subContentId":"17cc3920-dc9b-47a7-9b9f-fd16bc73038c","metadata":{"contentType":"Text","license":"U","title":"Untitled Text"}},"alwaysDisplayComments":false,"backgroundOpacity":0,"willDoAnimation":false,"animationType":"glow","displayAsButton":false,"buttonSize":"big","goToSlideType":"specified","invisible":false,"solution":""},{"x":47.00006578947369,"y":44.0012898320944,"width":40,"height":40,"action":{"library":"H5P.CRAudio 1.4","params":{"fitToWrapper":true,"currIndex":6,"playerMode":"minimalistic","controls":true,"autoplay":true,"playAudio":"Play audio","pauseAudio":"Pause audio","contentName":"Audio","glowColor":"#ffd85a","timeStampForEachText":[{"text":" \u121d\u1295 ","startDuration":"0.0000","endDuration":"0.3287","wordfile":[{"path":"audios\/wordfile-66f280621c9e9.wav","mime":"audio\/x-wav","copyright":{"license":"U"}}]},{"text":" \u12a5\u1295\u12f0\u1206\u1295\u12a9 ","startDuration":"0.3562","endDuration":"0.8412","wordfile":[{"path":"audios\/wordfile-66f28088aa319.wav","mime":"audio\/x-wav","copyright":{"license":"U"}}]},{"text":" \u12a5\u1235\u12aa ","startDuration":"0.7599","endDuration":"1.1261","wordfile":[{"path":"audios\/wordfile-66f280ba1b420.wav","mime":"audio\/x-wav","copyright":{"license":"U"}}]},{"text":" \u1308\u121d\u1271 ","startDuration":"1.0448","endDuration":"2.1235","wordfile":[{"path":"audios\/wordfile-66f280d7b2aa3.wav","mime":"audio\/x-wav","copyright":{"license":"U"}}]},{"text":" \u1264\u1275 ","startDuration":"2.0897","endDuration":"2.4203","wordfile":[{"path":"audios\/wordfile-66f2812be5a5a.wav","mime":"audio\/x-wav","copyright":{"license":"U"}}]},{"text":" \u1218\u1320\u1260\u1245 ","startDuration":"2.4103","endDuration":"2.9546","wordfile":[{"path":"audios\/wordfile-66f2815290392.wav","mime":"audio\/x-wav","copyright":{"license":"U"}}]},{"text":" \u12a5\u12c8\u12f3\u1208\u1201\u1363 ","startDuration":"3.0039","endDuration":"4.0707","wordfile":[{"path":"audios\/wordfile-66f28183e197f.wav","mime":"audio\/x-wav","copyright":{"license":"U"}}]},{"text":" \u12e8\u121d\u1296\u1228\u12cd\u121d ","startDuration":"3.9657","endDuration":"5.0799","wordfile":[{"path":"audios\/wordfile-66f281a459c04.wav","mime":"audio\/x-wav","copyright":{"license":"U"}}]},{"text":" \u12e8\u1218\u1296\u122a\u12eb ","startDuration":"5.0361","endDuration":"5.5923","wordfile":[{"path":"audios\/wordfile-66f281c851c19.wav","mime":"audio\/x-wav","copyright":{"license":"U"}}]},{"text":" \u130d\u1262 ","startDuration":"5.6636","endDuration":"6.1129","wordfile":[{"path":"audios\/wordfile-66f28202716ac.wav","mime":"audio\/x-wav","copyright":{"license":"U"}}]},{"text":" \u12cd\u1235\u1325 ","startDuration":"6.0554","endDuration":"6.2554","wordfile":[{"path":"audios\/wordfile-66f28243060e6.wav","mime":"audio\/x-wav","copyright":{"license":"U"}}]},{"text":" \u1290\u12cd\u1361\u1361 ","startDuration":"6.3066","endDuration":"6.5620","wordfile":[{"path":"audios\/wordfile-66f282658dfb5.wav","mime":"audio\/x-wav","copyright":{"license":"U"}}]}],"files":[{"path":"audios\/files-66f27dac5278d.wav","mime":"audio\/x-wav","copyright":{"license":"U"}}]},"subContentId":"b88e3f00-c60e-4bbd-b404-ee38bdeae999","metadata":{"contentType":"Curious Reader Audio","license":"U","title":"Untitled Curious Reader Audio"}},"backgroundOpacity":0,"willDoAnimation":false,"animationType":"glow","displayAsButton":false,"buttonSize":"big","goToSlideType":"specified","invisible":false}]},{"slideBackgroundSelector":{},"elements":[{"x":3.289473684210526,"y":6.497894682122992,"width":94.13898026315789,"height":87.71832926131934,"action":{"library":"H5P.Image 1.1","params":{"contentName":"Image","file":{"path":"images\/file-6708dba293fc9.png","mime":"image\/png","copyright":{"license":"U"},"width":1311,"height":735}},"subContentId":"0e496803-b15f-4430-bbfa-e595a008b198","metadata":{"contentType":"Image","license":"U","title":"Untitled Image"}},"backgroundOpacity":0,"willDoAnimation":false,"animationType":"glow","displayAsButton":false,"buttonSize":"big","goToSlideType":"specified","invisible":false},{"x":37.828947368421055,"y":84.47263086759891,"width":39.99967105263158,"height":12.992410459011282,"action":{"library":"H5P.CRAdvancedText 1.1","params":{"text":"<p><span style=\"font-size:1.5em;color:hsl(0, 0%, 100%);\"><strong>\u12a0\u12ce....... \u12cd\u123b \u1290\u129d\u1361\u1361<\/strong><\/span><\/p>"},"subContentId":"b0e91b2e-ccc4-4ff0-bc74-e467c4fa0bf9","metadata":{"contentType":"Text","license":"U","title":"Untitled Text"}},"alwaysDisplayComments":false,"backgroundOpacity":0,"willDoAnimation":false,"animationType":"glow","displayAsButton":false,"buttonSize":"big","goToSlideType":"specified","invisible":false,"solution":""},{"x":47.00006578947369,"y":44.0012898320944,"width":40,"height":40,"action":{"library":"H5P.CRAudio 1.4","params":{"fitToWrapper":true,"currIndex":7,"playerMode":"minimalistic","controls":true,"autoplay":true,"playAudio":"Play audio","pauseAudio":"Pause audio","contentName":"Audio","glowColor":"#ffd85a","timeStampForEachText":[{"text":" \u12a0\u12ce....... ","startDuration":"0.0000","endDuration":"1.0642","wordfile":[{"path":"audios\/wordfile-66f28295d3c78.wav","mime":"audio\/x-wav","copyright":{"license":"U"}}]},{"text":" \u12cd\u123b ","startDuration":"1.0222","endDuration":"1.7627","wordfile":[{"path":"audios\/wordfile-66f282ff73873.wav","mime":"audio\/x-wav","copyright":{"license":"U"}}]},{"text":" \u1290\u129d\u1361\u1361 ","startDuration":"1.7549","endDuration":"2.0848","wordfile":[{"path":"audios\/wordfile-66f28319d6d58.wav","mime":"audio\/x-wav","copyright":{"license":"U"}}]}],"files":[{"path":"audios\/files-66f27e04b8a9e.wav","mime":"audio\/x-wav","copyright":{"license":"U"}}]},"subContentId":"d063dd8f-a3ca-420a-90c4-8008ca07bdbc","metadata":{"contentType":"Curious Reader Audio","license":"U","title":"Untitled Curious Reader Audio"}},"backgroundOpacity":0,"willDoAnimation":false,"animationType":"glow","displayAsButton":false,"buttonSize":"big","goToSlideType":"specified","invisible":false},{"x":29.605263157894736,"y":12.995789364245985,"width":40,"height":40,"action":{"library":"H5P.Image 1.1","params":{"contentName":"Image"},"subContentId":"e0a69a6b-cb06-4f29-a2ab-807a8f5ddbaf","metadata":{"contentType":"Image","license":"U","title":"Untitled Image"}},"backgroundOpacity":0,"willDoAnimation":true,"animationType":"glow","displayAsButton":false,"buttonSize":"big","goToSlideType":"specified","invisible":false,"id":"imgd063dd8f-a3ca-420a-90c4-8008ca07bdbc_1"}]},{"slideBackgroundSelector":{},"elements":[{"x":3.289473684210526,"y":6.497894682122992,"width":94.13898026315789,"height":87.71832926131934,"action":{"library":"H5P.Image 1.1","params":{"contentName":"Image","file":{"path":"images\/file-66f3dfc3c6e00.jpg","mime":"image\/jpeg","copyright":{"license":"U"},"width":1310,"height":736}},"subContentId":"0e496803-b15f-4430-bbfa-e595a008b198","metadata":{"contentType":"Image","license":"U","title":"Untitled Image"}},"backgroundOpacity":0,"willDoAnimation":false,"animationType":"glow","displayAsButton":false,"buttonSize":"big","goToSlideType":"specified","invisible":false},{"x":31.25,"y":64.97894682122993,"width":42.76151315789474,"height":29.233768259084062,"action":{"library":"H5P.CRAdvancedText 1.1","params":{"text":"<p><span style=\"font-size:1.5em;color:hsl(0, 0%, 100%);\"><strong>&nbsp;\u121d\u1295 \u12a5\u1295\u12f0\u1206\u1295\u12a9 \u12a5\u1235\u12aa \u1308\u121d\u1271 \u1233\u122d \u1218\u1265\u120b\u1275 \u12a5\u12c8\u12f3\u1208\u1201\u1363 \u12e8\u121d\u1296\u1228\u12cd\u121d \u1260\u1228\u1275 \u12cd\u1235\u1325 \u1290\u12cd\u1361\u1361<\/strong><\/span><\/p>"},"subContentId":"ace73f00-1218-4a79-8c83-d84cec8e5cd1","metadata":{"contentType":"Text","license":"U","title":"Untitled Text"}},"alwaysDisplayComments":false,"backgroundOpacity":0,"willDoAnimation":false,"animationType":"glow","displayAsButton":false,"buttonSize":"big","goToSlideType":"specified","invisible":false,"solution":""},{"x":47.00006578947369,"y":44.0012898320944,"width":40,"height":40,"action":{"library":"H5P.CRAudio 1.4","params":{"fitToWrapper":true,"currIndex":8,"playerMode":"minimalistic","controls":true,"autoplay":true,"playAudio":"Play audio","pauseAudio":"Pause audio","contentName":"Audio","glowColor":"#ffd85a","timeStampForEachText":[{"text":" \u00a0\u121d\u1295 ","startDuration":"0.0000","endDuration":"0.3914","wordfile":[{"path":"audios\/wordfile-66f288eac4247.wav","mime":"audio\/x-wav","copyright":{"license":"U"}}]},{"text":" \u12a5\u1295\u12f0\u1206\u1295\u12a9 ","startDuration":"0.3924","endDuration":"0.8288","wordfile":[{"path":"audios\/wordfile-66f2890fd4211.wav","mime":"audio\/x-wav","copyright":{"license":"U"}}]},{"text":" \u12a5\u1235\u12aa ","startDuration":"0.8298","endDuration":"1.1199","wordfile":[{"path":"audios\/wordfile-66f2892e6aa67.wav","mime":"audio\/x-wav","copyright":{"license":"U"}}]},{"text":" \u1308\u121d\u1271 ","startDuration":"1.1209","endDuration":"2.1090","wordfile":[{"path":"audios\/wordfile-66f28944b9436.wav","mime":"audio\/x-wav","copyright":{"license":"U"}}]},{"text":" \u1233\u122d ","startDuration":"2.1100","endDuration":"2.5239","wordfile":[{"path":"audios\/wordfile-66f2895d8377d.wav","mime":"audio\/x-wav","copyright":{"license":"U"}}]},{"text":" \u1218\u1265\u120b\u1275 ","startDuration":"2.5249","endDuration":"2.9726","wordfile":[{"path":"audios\/wordfile-66f2898b7de29.wav","mime":"audio\/x-wav","copyright":{"license":"U"}}]},{"text":" \u12a5\u12c8\u12f3\u1208\u1201\u1363 ","startDuration":"2.9736","endDuration":"3.9843","wordfile":[{"path":"audios\/wordfile-66f289a4acc0c.wav","mime":"audio\/x-wav","copyright":{"license":"U"}}]},{"text":" \u12e8\u121d\u1296\u1228\u12cd\u121d ","startDuration":"3.9853","endDuration":"5.2774","wordfile":[{"path":"audios\/wordfile-66f289b6dc9c6.wav","mime":"audio\/x-wav","copyright":{"license":"U"}}]},{"text":" \u1260\u1228\u1275 ","startDuration":"5.2784","endDuration":"5.6923","wordfile":[{"path":"audios\/wordfile-66f289d5159d8.wav","mime":"audio\/x-wav","copyright":{"license":"U"}}]},{"text":" \u12cd\u1235\u1325 ","startDuration":"5.6933","endDuration":"5.9609","wordfile":[{"path":"audios\/wordfile-66f289fb036de.wav","mime":"audio\/x-wav","copyright":{"license":"U"}}]},{"text":" \u1290\u12cd\u1361\u1361 ","startDuration":"5.9619","endDuration":"6.3839","wordfile":[{"path":"audios\/wordfile-66f28a1766b51.wav","mime":"audio\/x-wav","copyright":{"license":"U"}}]}],"files":[{"path":"audios\/files-66f288c83fbf6.wav","mime":"audio\/x-wav","copyright":{"license":"U"}}]},"subContentId":"058a2bd3-4bdd-419c-b923-f4525ec1bddc","metadata":{"contentType":"Curious Reader Audio","license":"U","title":"Untitled Curious Reader Audio"}},"backgroundOpacity":0,"willDoAnimation":false,"animationType":"glow","displayAsButton":false,"buttonSize":"big","goToSlideType":"specified","invisible":false}]},{"slideBackgroundSelector":{},"elements":[{"x":3.289473684210526,"y":6.497894682122992,"width":94.13898026315789,"height":87.71832926131934,"action":{"library":"H5P.Image 1.1","params":{"contentName":"Image","file":{"path":"images\/file-6708df08aa0a0.png","mime":"image\/png","copyright":{"license":"U"},"width":1310,"height":738}},"subContentId":"0e496803-b15f-4430-bbfa-e595a008b198","metadata":{"contentType":"Image","license":"U","title":"Untitled Image"}},"backgroundOpacity":0,"willDoAnimation":false,"animationType":"glow","displayAsButton":false,"buttonSize":"big","goToSlideType":"specified","invisible":false},{"x":36.18421052631579,"y":84.47263086759891,"width":39.99967105263158,"height":9.743463117949785,"action":{"library":"H5P.CRAdvancedText 1.1","params":{"text":"<p><span style=\"font-size:1.5em;color:hsl(0, 0%, 100%);\"><strong>\u12a0\u12ce....... \u1260\u130d \u1290\u129d\u1361<\/strong><\/span>\u1361<\/p>"},"subContentId":"93854c60-9e9d-46dc-b2c5-9fbd0640f34f","metadata":{"contentType":"Text","license":"U","title":"Untitled Text"}},"alwaysDisplayComments":false,"backgroundOpacity":0,"willDoAnimation":false,"animationType":"glow","displayAsButton":false,"buttonSize":"big","goToSlideType":"specified","invisible":false,"solution":""},{"x":47.00006578947369,"y":44.0012898320944,"width":40,"height":40,"action":{"library":"H5P.CRAudio 1.4","params":{"fitToWrapper":true,"currIndex":9,"playerMode":"minimalistic","controls":true,"autoplay":true,"playAudio":"Play audio","pauseAudio":"Pause audio","contentName":"Audio","glowColor":"#ffd85a","timeStampForEachText":[{"text":" \u12a0\u12ce....... ","startDuration":"0.0000","endDuration":"1.1436","wordfile":[{"path":"audios\/wordfile-66f27ee4ed6be.wav","mime":"audio\/x-wav","copyright":{"license":"U"}}]},{"text":" \u1260\u130d ","startDuration":"1.1446","endDuration":"1.4889","wordfile":[{"path":"audios\/wordfile-66f27f204db83.wav","mime":"audio\/x-wav","copyright":{"license":"U"}}]},{"text":" \u1290\u129d\u1361\u1361 ","startDuration":"1.5084","endDuration":"2.0982","wordfile":[{"path":"audios\/wordfile-66f27f45827a6.wav","mime":"audio\/x-wav","copyright":{"license":"U"}}]}],"files":[{"path":"audios\/files-66f27ead51fe5.wav","mime":"audio\/x-wav","copyright":{"license":"U"}}]},"subContentId":"4102a751-6eaa-41fd-b706-44bb80c2bde7","metadata":{"contentType":"Curious Reader Audio","license":"U","title":"Untitled Curious Reader Audio"}},"backgroundOpacity":0,"willDoAnimation":false,"animationType":"glow","displayAsButton":false,"buttonSize":"big","goToSlideType":"specified","invisible":false},{"x":29.605263157894736,"y":9.746842023184488,"width":40,"height":40,"action":{"library":"H5P.Image 1.1","params":{"contentName":"Image"},"subContentId":"d9b38601-7a00-4fa7-9e3c-8c293fcfe1c9","metadata":{"contentType":"Image","license":"U","title":"Untitled Image"}},"backgroundOpacity":0,"willDoAnimation":true,"animationType":"glow","displayAsButton":false,"buttonSize":"big","goToSlideType":"specified","invisible":false,"id":"img4102a751-6eaa-41fd-b706-44bb80c2bde7_1"}]},{"slideBackgroundSelector":{},"elements":[{"x":3.289473684210526,"y":6.497894682122992,"width":94.13898026315789,"height":87.71832926131934,"action":{"library":"H5P.Image 1.1","params":{"contentName":"Image","file":{"path":"images\/file-66f3dfd4b9228.jpg","mime":"image\/jpeg","copyright":{"license":"U"},"width":1310,"height":736}},"subContentId":"0e496803-b15f-4430-bbfa-e595a008b198","metadata":{"contentType":"Image","license":"U","title":"Untitled Image"}},"backgroundOpacity":0,"willDoAnimation":false,"animationType":"glow","displayAsButton":false,"buttonSize":"big","goToSlideType":"specified","invisible":false},{"x":32.89473684210526,"y":64.97894682122993,"width":37.827302631578945,"height":29.237147164318763,"action":{"library":"H5P.CRAdvancedText 1.1","params":{"text":"<p><span style=\"font-size:1.5em;color:hsl(0, 0%, 100%);\"><strong>\u121d\u1295 \u12a5\u1295\u12f0\u1206\u1295\u12a9 \u12a5\u1235\u12aa \u1308\u121d\u1271 \u1218\u1265\u1228\u122d \u12a5\u12c8\u12f3\u1208\u1201\u1363 \u12e8\u121d\u1296\u1228\u12cd\u121d \u12db\u134d \u120b\u12ed \u1290\u12cd\u1361\u1361<\/strong><\/span><\/p>"},"subContentId":"fe00d151-4400-4003-b05e-80e3ac091871","metadata":{"contentType":"Text","license":"U","title":"Untitled Text"}},"alwaysDisplayComments":false,"backgroundOpacity":0,"willDoAnimation":false,"animationType":"glow","displayAsButton":false,"buttonSize":"big","goToSlideType":"specified","invisible":false,"solution":""},{"x":47.00006578947369,"y":44.0012898320944,"width":40,"height":40,"action":{"library":"H5P.CRAudio 1.4","params":{"fitToWrapper":true,"currIndex":10,"playerMode":"minimalistic","controls":true,"autoplay":true,"playAudio":"Play audio","pauseAudio":"Pause audio","contentName":"Audio","glowColor":"#ffd85a","timeStampForEachText":[{"text":" \u121d\u1295 ","startDuration":"0.0000","endDuration":"0.3818","wordfile":[{"path":"audios\/wordfile-66f28a9e657d7.wav","mime":"audio\/x-wav","copyright":{"license":"U"}}]},{"text":" \u12a5\u1295\u12f0\u1206\u1295\u12a9 ","startDuration":"0.3828","endDuration":"0.8328","wordfile":[{"path":"audios\/wordfile-66f28abf7c85c.wav","mime":"audio\/x-wav","copyright":{"license":"U"}}]},{"text":" \u12a5\u1235\u12aa ","startDuration":"0.8338","endDuration":"1.1361","wordfile":[{"path":"audios\/wordfile-66f28ad3ab944.wav","mime":"audio\/x-wav","copyright":{"license":"U"}}]},{"text":" \u1308\u121d\u1271 ","startDuration":"1.1371","endDuration":"2.1778","wordfile":[{"path":"audios\/wordfile-66f28ae6d28a9.wav","mime":"audio\/x-wav","copyright":{"license":"U"}}]},{"text":" \u1218\u1265\u1228\u122d ","startDuration":"2.1788","endDuration":"2.8560","wordfile":[{"path":"audios\/wordfile-66f28b048c726.wav","mime":"audio\/x-wav","copyright":{"license":"U"}}]},{"text":" \u12a5\u12c8\u12f3\u1208\u1201\u1363 ","startDuration":"2.8570","endDuration":"4.0909","wordfile":[{"path":"audios\/wordfile-66f28b1a1c3df.wav","mime":"audio\/x-wav","copyright":{"license":"U"}}]},{"text":" \u12e8\u121d\u1296\u1228\u12cd\u121d ","startDuration":"4.0919","endDuration":"5.2803","wordfile":[{"path":"audios\/wordfile-66f28b2823861.wav","mime":"audio\/x-wav","copyright":{"license":"U"}}]},{"text":" \u12db\u134d ","startDuration":"5.2813","endDuration":"5.7313","wordfile":[{"path":"audios\/wordfile-66f28b42e48e5.wav","mime":"audio\/x-wav","copyright":{"license":"U"}}]},{"text":" \u120b\u12ed ","startDuration":"5.7323","endDuration":"5.9323","wordfile":[{"path":"audios\/wordfile-66f28b5c200a4.wav","mime":"audio\/x-wav","copyright":{"license":"U"}}]},{"text":" \u1290\u12cd\u1361\u1361 ","startDuration":"5.9333","endDuration":"6.4420","wordfile":[{"path":"audios\/wordfile-66f28b78d580d.wav","mime":"audio\/x-wav","copyright":{"license":"U"}}]}],"files":[{"path":"audios\/files-66f28a6f26acc.wav","mime":"audio\/x-wav","copyright":{"license":"U"}}]},"subContentId":"82653d6f-7341-4e08-a46e-edb063a63566","metadata":{"contentType":"Curious Reader Audio","license":"U","title":"Untitled Curious Reader Audio"}},"backgroundOpacity":0,"willDoAnimation":false,"animationType":"glow","displayAsButton":false,"buttonSize":"big","goToSlideType":"specified","invisible":false}]},{"slideBackgroundSelector":{},"elements":[{"x":3.289473684210526,"y":6.497894682122992,"width":94.13898026315789,"height":87.71832926131934,"action":{"library":"H5P.Image 1.1","params":{"contentName":"Image","file":{"path":"images\/file-6708df235c554.png","mime":"image\/png","copyright":{"license":"U"},"width":1310,"height":734}},"subContentId":"0e496803-b15f-4430-bbfa-e595a008b198","metadata":{"contentType":"Image","license":"U","title":"Untitled Image"}},"backgroundOpacity":0,"willDoAnimation":false,"animationType":"glow","displayAsButton":false,"buttonSize":"big","goToSlideType":"specified","invisible":false},{"x":37.82894736842105,"y":81.2168607371212,"width":27.95888157894737,"height":9.743463117949785,"action":{"library":"H5P.CRAdvancedText 1.1","params":{"text":"<p><span style=\"font-size:1.5em;color:hsl(0, 0%, 100%);\"><strong>\u12a0\u12ce....... \u12c8\u134d \u1290\u129d\u1361\u1361<\/strong><\/span><\/p>"},"subContentId":"89bf4023-b7e5-4c34-b442-3b7e3ebcb898","metadata":{"contentType":"Text","license":"U","title":"Untitled Text"}},"alwaysDisplayComments":false,"backgroundOpacity":0,"willDoAnimation":false,"animationType":"glow","displayAsButton":false,"buttonSize":"big","goToSlideType":"specified","invisible":false,"solution":""},{"x":47.00006578947369,"y":44.0012898320944,"width":40,"height":40,"action":{"library":"H5P.CRAudio 1.4","params":{"fitToWrapper":true,"currIndex":11,"playerMode":"minimalistic","controls":true,"autoplay":true,"playAudio":"Play audio","pauseAudio":"Pause audio","contentName":"Audio","glowColor":"#ffd85a","timeStampForEachText":[{"text":" \u12a0\u12ce....... ","startDuration":"0.0000","endDuration":"1.1051","wordfile":[{"path":"audios\/wordfile-66f28c3e2657b.wav","mime":"audio\/x-wav","copyright":{"license":"U"}}]},{"text":" \u12c8\u134d ","startDuration":"1.1061","endDuration":"1.6178","wordfile":[{"path":"audios\/wordfile-66f28c55c926d.wav","mime":"audio\/x-wav","copyright":{"license":"U"}}]},{"text":" \u1290\u129d\u1361\u1361 ","startDuration":"1.6188","endDuration":"2.1294","wordfile":[{"path":"audios\/wordfile-66f28c6a2879c.wav","mime":"audio\/x-wav","copyright":{"license":"U"}}]}],"files":[{"path":"audios\/files-66f28bbcdf33b.wav","mime":"audio\/x-wav","copyright":{"license":"U"}}]},"subContentId":"186bda59-a809-4ac1-9618-bae57afd63cb","metadata":{"contentType":"Curious Reader Audio","license":"U","title":"Untitled Curious Reader Audio"}},"backgroundOpacity":0,"willDoAnimation":false,"animationType":"glow","displayAsButton":false,"buttonSize":"big","goToSlideType":"specified","invisible":false},{"x":29.605263157894736,"y":12.995789364245985,"width":40,"height":40,"action":{"library":"H5P.Image 1.1","params":{"contentName":"Image"},"subContentId":"bc77475a-d17c-4871-9181-73f0013df55e","metadata":{"contentType":"Image","license":"U","title":"Untitled Image"}},"backgroundOpacity":0,"willDoAnimation":true,"animationType":"glow","displayAsButton":false,"buttonSize":"big","goToSlideType":"specified","invisible":false,"id":"img186bda59-a809-4ac1-9618-bae57afd63cb_1"}]},{"slideBackgroundSelector":{},"elements":[{"x":3.289473684210526,"y":6.497894682122992,"width":94.13898026315789,"height":87.71832926131934,"action":{"library":"H5P.Image 1.1","params":{"contentName":"Image","file":{"path":"images\/file-66f3dfe3283b6.jpg","mime":"image\/jpeg","copyright":{"license":"U"},"width":1310,"height":736}},"subContentId":"0e496803-b15f-4430-bbfa-e595a008b198","metadata":{"contentType":"Image","license":"U","title":"Untitled Image"}},"backgroundOpacity":0,"willDoAnimation":false,"animationType":"glow","displayAsButton":false,"buttonSize":"big","goToSlideType":"specified","invisible":false},{"x":31.25,"y":64.97894682122993,"width":42.76151315789474,"height":25.988199823257265,"action":{"library":"H5P.CRAdvancedText 1.1","params":{"text":"<p><span style=\"font-size:1.5em;color:hsl(0, 0%, 100%);\"><strong>\u121d\u1295 \u12a5\u1295\u12f0\u1206\u1295\u12a9 \u12a5\u1235\u12aa \u1308\u121d\u1271 \u12c8\u1270\u1275 \u1218\u1320\u1323\u1275 \u12a5\u12c8\u12f3\u1208\u1201\u1363 \u12e8\u121d\u1296\u1228\u12cd\u121d \u1264\u1275 \u12cd\u1235\u1325 \u1290\u12cd\u1361\u1361<\/strong><\/span><\/p>"},"subContentId":"6cdc4065-788f-4361-8239-a13b34b88d2f","metadata":{"contentType":"Text","license":"U","title":"Untitled Text"}},"alwaysDisplayComments":false,"backgroundOpacity":0,"willDoAnimation":false,"animationType":"glow","displayAsButton":false,"buttonSize":"big","goToSlideType":"specified","invisible":false,"solution":""},{"x":47.00006578947369,"y":44.0012898320944,"width":40,"height":40,"action":{"library":"H5P.CRAudio 1.4","params":{"fitToWrapper":true,"currIndex":12,"playerMode":"minimalistic","controls":true,"autoplay":true,"playAudio":"Play audio","pauseAudio":"Pause audio","contentName":"Audio","glowColor":"#ffd85a","timeStampForEachText":[{"text":" \u121d\u1295 ","startDuration":"0.0000","endDuration":"0.3336","wordfile":[{"path":"audios\/wordfile-66f28f69c9114.wav","mime":"audio\/x-wav","copyright":{"license":"U"}}]},{"text":" \u12a5\u1295\u12f0\u1206\u1295\u12a9 ","startDuration":"0.2860","endDuration":"0.8262","wordfile":[{"path":"audios\/wordfile-66f28f8b5d882.wav","mime":"audio\/x-wav","copyright":{"license":"U"}}]},{"text":" \u12a5\u1235\u12aa ","startDuration":"0.8272","endDuration":"1.0272","wordfile":[{"path":"audios\/wordfile-66f28fa5bf864.wav","mime":"audio\/x-wav","copyright":{"license":"U"}}]},{"text":" \u1308\u121d\u1271 ","startDuration":"1.0282","endDuration":"2.1272","wordfile":[{"path":"audios\/wordfile-66f28fbfedb06.wav","mime":"audio\/x-wav","copyright":{"license":"U"}}]},{"text":" \u12c8\u1270\u1275 ","startDuration":"2.1282","endDuration":"2.8627","wordfile":[{"path":"audios\/wordfile-66f28fd987e44.wav","mime":"audio\/x-wav","copyright":{"license":"U"}}]},{"text":" \u1218\u1320\u1323\u1275 ","startDuration":"2.8637","endDuration":"3.4160","wordfile":[{"path":"audios\/wordfile-66f28ffc20794.wav","mime":"audio\/x-wav","copyright":{"license":"U"}}]},{"text":" \u12a5\u12c8\u12f3\u1208\u1201\u1363 ","startDuration":"3.4170","endDuration":"4.4310","wordfile":[{"path":"audios\/wordfile-66f29011cc108.wav","mime":"audio\/x-wav","copyright":{"license":"U"}}]},{"text":" \u12e8\u121d\u1296\u1228\u12cd\u121d ","startDuration":"4.4320","endDuration":"5.7861","wordfile":[{"path":"audios\/wordfile-66f290277a09a.wav","mime":"audio\/x-wav","copyright":{"license":"U"}}]},{"text":" \u1264\u1275 ","startDuration":"5.7385","endDuration":"6.0964","wordfile":[{"path":"audios\/wordfile-66f29070a0899.wav","mime":"audio\/x-wav","copyright":{"license":"U"}}]},{"text":" \u12cd\u1235\u1325 ","startDuration":"6.0974","endDuration":"6.3946","wordfile":[{"path":"audios\/wordfile-66f290882679a.wav","mime":"audio\/x-wav","copyright":{"license":"U"}}]},{"text":" \u1290\u12cd\u1361\u1361 ","startDuration":"6.3956","endDuration":"6.8884","wordfile":[{"path":"audios\/wordfile-66f2909f74e82.wav","mime":"audio\/x-wav","copyright":{"license":"U"}}]}],"files":[{"path":"audios\/files-66f28ef6ae028.wav","mime":"audio\/x-wav","copyright":{"license":"U"}}]},"subContentId":"7310b1f6-3ab2-4db4-8b10-ae66b7779381","metadata":{"contentType":"Curious Reader Audio","license":"U","title":"Untitled Curious Reader Audio"}},"backgroundOpacity":0,"willDoAnimation":false,"animationType":"glow","displayAsButton":false,"buttonSize":"big","goToSlideType":"specified","invisible":false}]},{"slideBackgroundSelector":{},"elements":[{"x":3.289473684210526,"y":6.497894682122992,"width":94.13898026315789,"height":87.71832926131934,"action":{"library":"H5P.Image 1.1","params":{"contentName":"Image","file":{"path":"images\/file-6708df3ab2ff1.png","mime":"image\/png","copyright":{"license":"U"},"width":1312,"height":732}},"subContentId":"0e496803-b15f-4430-bbfa-e595a008b198","metadata":{"contentType":"Image","license":"U","title":"Untitled Image"}},"backgroundOpacity":0,"willDoAnimation":false,"animationType":"glow","displayAsButton":false,"buttonSize":"big","goToSlideType":"specified","invisible":false},{"x":37.828947368421055,"y":84.47263086759891,"width":29.603618421052634,"height":9.743463117949785,"action":{"library":"H5P.CRAdvancedText 1.1","params":{"text":"<p><span style=\"font-size:1.5em;color:hsl(0, 0%, 100%);\"><strong>\u12a0\u12ce....... \u12f5\u1218\u1275 \u1290\u129d\u1361\u1361<\/strong><\/span><\/p><p><br>&nbsp;<\/p>"},"subContentId":"b9773034-3531-454d-a68b-a3da95ec9fd7","metadata":{"contentType":"Text","license":"U","title":"Untitled Text"}},"alwaysDisplayComments":false,"backgroundOpacity":0,"willDoAnimation":false,"animationType":"glow","displayAsButton":false,"buttonSize":"big","goToSlideType":"specified","invisible":false,"solution":""},{"x":47.00006578947369,"y":44.0012898320944,"width":40,"height":40,"action":{"library":"H5P.CRAudio 1.4","params":{"fitToWrapper":true,"currIndex":13,"playerMode":"minimalistic","controls":true,"autoplay":true,"playAudio":"Play audio","pauseAudio":"Pause audio","contentName":"Audio","glowColor":"#ffd85a","timeStampForEachText":[{"text":" \u12a0\u12ce....... ","startDuration":"0.0000","endDuration":"1.0457","wordfile":[{"path":"audios\/wordfile-66f2911b72e80.wav","mime":"audio\/x-wav","copyright":{"license":"U"}}]},{"text":" \u12f5\u1218\u1275 ","startDuration":"1.0467","endDuration":"1.7170","wordfile":[{"path":"audios\/wordfile-66f2915476d1b.wav","mime":"audio\/x-wav","copyright":{"license":"U"}}]},{"text":" \u1290\u129d\u1361\u1361 ","startDuration":"1.7180","endDuration":"2.4458","wordfile":[{"path":"audios\/wordfile-66f291800eea8.wav","mime":"audio\/x-wav","copyright":{"license":"U"}}]}],"files":[{"path":"audios\/files-66f290ff0b6bd.wav","mime":"audio\/x-wav","copyright":{"license":"U"}}]},"subContentId":"b9bf6ed5-14bc-4b17-9adc-9077876c7425","metadata":{"contentType":"Curious Reader Audio","license":"U","title":"Untitled Curious Reader Audio"}},"backgroundOpacity":0,"willDoAnimation":false,"animationType":"glow","displayAsButton":false,"buttonSize":"big","goToSlideType":"specified","invisible":false},{"x":27.960526315789473,"y":12.995789364245985,"width":40,"height":40,"action":{"library":"H5P.Image 1.1","params":{"contentName":"Image"},"subContentId":"3cac3db1-88a8-441c-92af-f6e9dc3db2b2","metadata":{"contentType":"Image","license":"U","title":"Untitled Image"}},"backgroundOpacity":0,"willDoAnimation":true,"animationType":"glow","displayAsButton":false,"buttonSize":"big","goToSlideType":"specified","invisible":false,"id":"imgb9bf6ed5-14bc-4b17-9adc-9077876c7425_1"}]},{"slideBackgroundSelector":{},"elements":[{"x":3.2679738562091503,"y":6.455305615685532,"width":94.13898026315789,"height":87.71832926131934,"action":{"library":"H5P.Image 1.1","params":{"contentName":"Image","file":{"path":"images\/file-66f3dff3586c9.jpg","mime":"image\/jpeg","copyright":{"license":"U"},"width":1920,"height":1080}},"subContentId":"0e496803-b15f-4430-bbfa-e595a008b198","metadata":{"contentType":"Image","license":"U","title":"Untitled Image"}},"backgroundOpacity":0,"willDoAnimation":false,"animationType":"glow","displayAsButton":false,"buttonSize":"big","goToSlideType":"specified","invisible":false},{"x":31.25,"y":64.97894682122993,"width":42.76151315789474,"height":29.237147164318763,"action":{"library":"H5P.CRAdvancedText 1.1","params":{"text":"<p><span style=\"font-size:1.5em;color:hsl(0, 0%, 100%);\"><strong>\u121d\u1295 \u12a5\u1295\u12f0\u1206\u1295\u12a9 \u12a5\u1235\u12aa \u1308\u121d\u1271 \u121b\u122d \u1218\u1235\u122b\u1275 \u12a5\u12c8\u12f3\u1208\u1201\u1363 \u12e8\u121d\u1296\u1228\u12cd\u121d \u1240\u134e \u12cd\u1235\u1325 \u1290\u12cd\u1361\u1361<\/strong><\/span><\/p><p><br>&nbsp;<\/p>"},"subContentId":"0c61361b-cc5b-49d7-8e6a-77d986441ae6","metadata":{"contentType":"Text","license":"U","title":"Untitled Text"}},"alwaysDisplayComments":false,"backgroundOpacity":0,"willDoAnimation":false,"animationType":"glow","displayAsButton":false,"buttonSize":"big","goToSlideType":"specified","invisible":false,"solution":""},{"x":47.00006578947369,"y":44.0012898320944,"width":40,"height":40,"action":{"library":"H5P.CRAudio 1.4","params":{"fitToWrapper":true,"currIndex":14,"playerMode":"minimalistic","controls":true,"autoplay":true,"playAudio":"Play audio","pauseAudio":"Pause audio","contentName":"Audio","glowColor":"#ffd85a","timeStampForEachText":[{"text":" \u121d\u1295 ","startDuration":"0.0000","endDuration":"0.4001","wordfile":[{"path":"audios\/wordfile-66f29356f3b8d.wav","mime":"audio\/x-wav","copyright":{"license":"U"}}]},{"text":" \u12a5\u1295\u12f0\u1206\u1295\u12a9 ","startDuration":"0.4011","endDuration":"0.9189","wordfile":[{"path":"audios\/wordfile-66f29370b4ed9.wav","mime":"audio\/x-wav","copyright":{"license":"U"}}]},{"text":" \u12a5\u1235\u12aa ","startDuration":"0.9199","endDuration":"1.1199","wordfile":[{"path":"audios\/wordfile-66f293909bf04.wav","mime":"audio\/x-wav","copyright":{"license":"U"}}]},{"text":" \u1308\u121d\u1271 ","startDuration":"1.1209","endDuration":"2.0978","wordfile":[{"path":"audios\/wordfile-66f293ad59a0f.wav","mime":"audio\/x-wav","copyright":{"license":"U"}}]},{"text":" \u121b\u122d ","startDuration":"2.0988","endDuration":"2.7461","wordfile":[{"path":"audios\/wordfile-66f293c8a7e22.wav","mime":"audio\/x-wav","copyright":{"license":"U"}}]},{"text":" \u1218\u1235\u122b\u1275 ","startDuration":"2.7471","endDuration":"3.2531","wordfile":[{"path":"audios\/wordfile-66f293e699077.wav","mime":"audio\/x-wav","copyright":{"license":"U"}}]},{"text":" \u12a5\u12c8\u12f3\u1208\u1201\u1363 ","startDuration":"3.2541","endDuration":"4.1839","wordfile":[{"path":"audios\/wordfile-66f293fa81934.wav","mime":"audio\/x-wav","copyright":{"license":"U"}}]},{"text":" \u12e8\u121d\u1296\u1228\u12cd\u121d ","startDuration":"4.1849","endDuration":"5.4561","wordfile":[{"path":"audios\/wordfile-66f2940eb96a4.wav","mime":"audio\/x-wav","copyright":{"license":"U"}}]},{"text":" \u1240\u134e ","startDuration":"5.4571","endDuration":"5.8219","wordfile":[{"path":"audios\/wordfile-66f2943088c29.wav","mime":"audio\/x-wav","copyright":{"license":"U"}}]},{"text":" \u12cd\u1235\u1325 ","startDuration":"5.8229","endDuration":"6.1877","wordfile":[{"path":"audios\/wordfile-66f2944c1a1cf.wav","mime":"audio\/x-wav","copyright":{"license":"U"}}]},{"text":" \u1290\u12cd\u1361\u1361 ","startDuration":"6.1887","endDuration":"6.6741","wordfile":[{"path":"audios\/wordfile-66f29463b7b9b.wav","mime":"audio\/x-wav","copyright":{"license":"U"}}]}],"files":[{"path":"audios\/files-66f29339c33fe.wav","mime":"audio\/x-wav","copyright":{"license":"U"}}]},"subContentId":"3584cd5a-7af4-4350-87fb-d90c82cf73a6","metadata":{"contentType":"Curious Reader Audio","license":"U","title":"Untitled Curious Reader Audio"}},"backgroundOpacity":0,"willDoAnimation":false,"animationType":"glow","displayAsButton":false,"buttonSize":"big","goToSlideType":"specified","invisible":false}]},{"slideBackgroundSelector":{},"elements":[{"x":3.289473684210526,"y":6.497894682122992,"width":94.13898026315789,"height":87.71832926131934,"action":{"library":"H5P.Image 1.1","params":{"contentName":"Image","file":{"path":"images\/file-6708df8baf33c.png","mime":"image\/png","copyright":{"license":"U"},"width":1308,"height":732}},"subContentId":"0e496803-b15f-4430-bbfa-e595a008b198","metadata":{"contentType":"Image","license":"U","title":"Untitled Image"}},"backgroundOpacity":0,"willDoAnimation":false,"animationType":"glow","displayAsButton":false,"buttonSize":"big","goToSlideType":"specified","invisible":false},{"x":39.473684210526315,"y":84.47263086759891,"width":26.314144736842106,"height":9.743463117949785,"action":{"library":"H5P.CRAdvancedText 1.1","params":{"text":"<p><span style=\"font-size:1.5em;color:hsl(0, 0%, 100%);\"><strong>\u12a0\u12ce....... \u1295\u1265 \u1290\u129d\u1361\u1361<\/strong><\/span><\/p><p><br>&nbsp;<\/p>"},"subContentId":"a93b34d0-1c03-43fb-8c69-1efc078dfe8c","metadata":{"contentType":"Text","license":"U","title":"Untitled Text"}},"alwaysDisplayComments":false,"backgroundOpacity":0,"willDoAnimation":false,"animationType":"glow","displayAsButton":false,"buttonSize":"big","goToSlideType":"specified","invisible":false,"solution":""},{"x":47.00006578947369,"y":44.0012898320944,"width":40,"height":40,"action":{"library":"H5P.CRAudio 1.4","params":{"fitToWrapper":true,"currIndex":15,"playerMode":"minimalistic","controls":true,"autoplay":true,"playAudio":"Play audio","pauseAudio":"Pause audio","contentName":"Audio","glowColor":"#ffd85a","timeStampForEachText":[{"text":" \u12a0\u12ce....... ","startDuration":"0.0000","endDuration":"0.8314","wordfile":[{"path":"audios\/wordfile-66f292deae95c.wav","mime":"audio\/x-wav","copyright":{"license":"U"}}]},{"text":" \u1295\u1265 ","startDuration":"0.8324","endDuration":"1.3162","wordfile":[{"path":"audios\/wordfile-66f292f2a6a81.wav","mime":"audio\/x-wav","copyright":{"license":"U"}}]},{"text":" \u1290\u129d\u1361\u1361 ","startDuration":"1.3172","endDuration":"1.8080","wordfile":[{"path":"audios\/wordfile-66f29308b8fe3.wav","mime":"audio\/x-wav","copyright":{"license":"U"}}]}],"files":[{"path":"audios\/files-66f292ce030f2.wav","mime":"audio\/x-wav","copyright":{"license":"U"}}]},"subContentId":"588f97bb-dcc9-41a1-bbdd-92219090154a","metadata":{"contentType":"Curious Reader Audio","license":"U","title":"Untitled Curious Reader Audio"}},"backgroundOpacity":0,"willDoAnimation":false,"animationType":"glow","displayAsButton":false,"buttonSize":"big","goToSlideType":"specified","invisible":false},{"x":29.605263157894733,"y":22.739252482195766,"width":39.99967105263158,"height":30.249064303165778,"action":{"library":"H5P.Image 1.1","params":{"contentName":"Image"},"subContentId":"aca3df17-efb4-43c0-b408-c00d0d97e5bd","metadata":{"contentType":"Image","license":"U","title":"Untitled Image"}},"backgroundOpacity":0,"willDoAnimation":true,"animationType":"glow","displayAsButton":false,"buttonSize":"big","goToSlideType":"specified","invisible":false,"id":"img588f97bb-dcc9-41a1-bbdd-92219090154a_1"}]},{"slideBackgroundSelector":{},"elements":[{"x":3.289473684210526,"y":6.497894682122992,"width":94.13898026315789,"height":87.71832926131934,"action":{"library":"H5P.Image 1.1","params":{"contentName":"Image","file":{"path":"images\/file-66f3e00922ecd.jpg","mime":"image\/jpeg","copyright":{"license":"U"},"width":1310,"height":736}},"subContentId":"0e496803-b15f-4430-bbfa-e595a008b198","metadata":{"contentType":"Image","license":"U","title":"Untitled Image"}},"backgroundOpacity":0,"willDoAnimation":false,"animationType":"glow","displayAsButton":false,"buttonSize":"big","goToSlideType":"specified","invisible":false},{"x":29.605263157894736,"y":64.97894682122993,"width":42.76151315789474,"height":29.237147164318763,"action":{"library":"H5P.CRAdvancedText 1.1","params":{"text":"<p><span style=\"font-size:1.5em;color:hsl(0, 0%, 100%);\"><strong>\u121d\u1295 \u12a5\u1295\u12f0\u1206\u1295\u12a9 \u12a5\u1235\u12aa \u1308\u121d\u1271 \u12a5\u1295\u1241\u120b\u120d \u1218\u1323\u120d \u12a5\u12c8\u12f3\u1208\u1201\u1363 \u12e8\u121d\u1296\u1228\u12cd\u121d \u1260\u130d\u1262 \u12cd\u1235\u1325 \u1290\u12cd\u1361\u1361<\/strong><\/span><\/p>"},"subContentId":"5c3cd195-6f66-4b7c-82cf-8e348b7c8d70","metadata":{"contentType":"Text","license":"U","title":"Untitled Text"}},"alwaysDisplayComments":false,"backgroundOpacity":0,"willDoAnimation":false,"animationType":"glow","displayAsButton":false,"buttonSize":"big","goToSlideType":"specified","invisible":false,"solution":""},{"x":47.00006578947369,"y":44.0012898320944,"width":40,"height":40,"action":{"library":"H5P.CRAudio 1.4","params":{"fitToWrapper":true,"currIndex":16,"playerMode":"minimalistic","controls":true,"autoplay":true,"playAudio":"Play audio","pauseAudio":"Pause audio","contentName":"Audio","glowColor":"#ffd85a","timeStampForEachText":[{"text":" \u121d\u1295 ","startDuration":"0.0000","endDuration":"0.3987","wordfile":[{"path":"audios\/wordfile-66f295ba58472.wav","mime":"audio\/x-wav","copyright":{"license":"U"}}]},{"text":" \u12a5\u1295\u12f0\u1206\u1295\u12a9 ","startDuration":"0.3997","endDuration":"0.9640","wordfile":[{"path":"audios\/wordfile-66f295db70ace.wav","mime":"audio\/x-wav","copyright":{"license":"U"}}]},{"text":" \u12a5\u1235\u12aa ","startDuration":"0.9098","endDuration":"1.1098","wordfile":[{"path":"audios\/wordfile-66f295f819e4c.wav","mime":"audio\/x-wav","copyright":{"license":"U"}}]},{"text":" \u1308\u121d\u1271 ","startDuration":"1.1108","endDuration":"2.1166","wordfile":[{"path":"audios\/wordfile-66f2960c7ebaf.wav","mime":"audio\/x-wav","copyright":{"license":"U"}}]},{"text":" \u12a5\u1295\u1241\u120b\u120d ","startDuration":"2.1176","endDuration":"2.7702","wordfile":[{"path":"audios\/wordfile-66f2962c27119.wav","mime":"audio\/x-wav","copyright":{"license":"U"}}]},{"text":" \u1218\u1323\u120d ","startDuration":"2.7712","endDuration":"3.1037","wordfile":[{"path":"audios\/wordfile-66f29647a8865.wav","mime":"audio\/x-wav","copyright":{"license":"U"}}]},{"text":" \u12a5\u12c8\u12f3\u1208\u1201\u1363 ","startDuration":"3.1047","endDuration":"3.9781","wordfile":[{"path":"audios\/wordfile-66f296641fc50.wav","mime":"audio\/x-wav","copyright":{"license":"U"}}]},{"text":" \u12e8\u121d\u1296\u1228\u12cd\u121d ","startDuration":"3.9791","endDuration":"5.1284","wordfile":[{"path":"audios\/wordfile-66f29677b639a.wav","mime":"audio\/x-wav","copyright":{"license":"U"}}]},{"text":" \u1260\u130d\u1262 ","startDuration":"5.1294","endDuration":"5.5502","wordfile":[{"path":"audios\/wordfile-66f2968db24ce.wav","mime":"audio\/x-wav","copyright":{"license":"U"}}]},{"text":" \u12cd\u1235\u1325 ","startDuration":"5.5512","endDuration":"5.8285","wordfile":[{"path":"audios\/wordfile-66f296a2a2e55.wav","mime":"audio\/x-wav","copyright":{"license":"U"}}]},{"text":" \u1290\u12cd\u1361\u1361 ","startDuration":"5.8295","endDuration":"6.2589","wordfile":[{"path":"audios\/wordfile-66f296bb7c4ca.wav","mime":"audio\/x-wav","copyright":{"license":"U"}}]}],"files":[{"path":"audios\/files-66f29591e2684.wav","mime":"audio\/x-wav","copyright":{"license":"U"}}]},"subContentId":"f8cc019b-05e4-4945-ba40-586734990a3b","metadata":{"contentType":"Curious Reader Audio","license":"U","title":"Untitled Curious Reader Audio"}},"backgroundOpacity":0,"willDoAnimation":false,"animationType":"glow","displayAsButton":false,"buttonSize":"big","goToSlideType":"specified","invisible":false}]},{"slideBackgroundSelector":{},"elements":[{"x":3.289473684210526,"y":6.497894682122992,"width":94.13898026315789,"height":87.71832926131934,"action":{"library":"H5P.Image 1.1","params":{"contentName":"Image","file":{"path":"images\/file-6708dfa9a8531.png","mime":"image\/png","copyright":{"license":"U"},"width":1311,"height":738}},"subContentId":"0e496803-b15f-4430-bbfa-e595a008b198","metadata":{"contentType":"Image","license":"U","title":"Untitled Image"}},"backgroundOpacity":0,"willDoAnimation":false,"animationType":"glow","displayAsButton":false,"buttonSize":"big","goToSlideType":"specified","invisible":false},{"x":37.828947368421055,"y":84.47263086759891,"width":26.314144736842106,"height":12.992410459011282,"action":{"library":"H5P.CRAdvancedText 1.1","params":{"text":"<p><span style=\"font-size:1.5em;color:hsl(0, 0%, 100%);\"><strong>\u12a0\u12ce....... \u12f6\u122e \u1290\u129d\u1361\u1361<\/strong><\/span><\/p>"},"subContentId":"fb53adb1-9316-45b8-90a5-d91e931cda03","metadata":{"contentType":"Text","license":"U","title":"Untitled Text"}},"alwaysDisplayComments":false,"backgroundOpacity":0,"willDoAnimation":false,"animationType":"glow","displayAsButton":false,"buttonSize":"big","goToSlideType":"specified","invisible":false,"solution":""},{"x":47.00006578947369,"y":44.0012898320944,"width":40,"height":40,"action":{"library":"H5P.CRAudio 1.4","params":{"fitToWrapper":true,"currIndex":17,"playerMode":"minimalistic","controls":true,"autoplay":true,"playAudio":"Play audio","pauseAudio":"Pause audio","contentName":"Audio","glowColor":"#ffd85a","timeStampForEachText":[{"text":" \u12a0\u12ce....... ","startDuration":"0.0000","endDuration":"1.0218","wordfile":[{"path":"audios\/wordfile-66f297637b64c.wav","mime":"audio\/x-wav","copyright":{"license":"U"}}]},{"text":" \u12f6\u122e ","startDuration":"1.0228","endDuration":"1.5241","wordfile":[{"path":"audios\/wordfile-66f29776e4b4e.wav","mime":"audio\/x-wav","copyright":{"license":"U"}}]},{"text":" \u1290\u129d\u1361\u1361 ","startDuration":"1.5251","endDuration":"2.2188","wordfile":[{"path":"audios\/wordfile-66f29795c946c.wav","mime":"audio\/x-wav","copyright":{"license":"U"}}]}],"files":[{"path":"audios\/files-66f2973f657bf.wav","mime":"audio\/x-wav","copyright":{"license":"U"}}]},"subContentId":"976fce71-94f4-419e-ba7f-7642f75d3f8c","metadata":{"contentType":"Curious Reader Audio","license":"U","title":"Untitled Curious Reader Audio"}},"backgroundOpacity":0,"willDoAnimation":false,"animationType":"glow","displayAsButton":false,"buttonSize":"big","goToSlideType":"specified","invisible":false},{"x":27.960526315789473,"y":12.995789364245985,"width":40,"height":40,"action":{"library":"H5P.Image 1.1","params":{"contentName":"Image"},"subContentId":"bfcaa677-b565-4e18-a5ba-14cd1348e07f","metadata":{"contentType":"Image","license":"U","title":"Untitled Image"}},"backgroundOpacity":0,"willDoAnimation":true,"animationType":"glow","displayAsButton":false,"buttonSize":"big","goToSlideType":"specified","invisible":false,"id":"img976fce71-94f4-419e-ba7f-7642f75d3f8c_1"}]},{"slideBackgroundSelector":{},"elements":[{"x":3.289473684210526,"y":6.497894682122992,"width":94.13898026315789,"height":87.71832926131934,"action":{"library":"H5P.Image 1.1","params":{"contentName":"Image","file":{"path":"images\/file-66f3e0185f129.jpg","mime":"image\/jpeg","copyright":{"license":"U"},"width":1310,"height":736}},"subContentId":"0e496803-b15f-4430-bbfa-e595a008b198","metadata":{"contentType":"Image","license":"U","title":"Untitled Image"}},"backgroundOpacity":0,"willDoAnimation":false,"animationType":"glow","displayAsButton":false,"buttonSize":"big","goToSlideType":"specified","invisible":false},{"x":29.605263157894736,"y":64.97894682122993,"width":50.985197368421055,"height":32.48609450538026,"action":{"library":"H5P.CRAdvancedText 1.1","params":{"text":"<p><span style=\"font-size:1.5em;color:hsl(0, 0%, 100%);\"><strong>\u121d\u1295 \u12a5\u1295\u12f0\u1206\u1295\u12a9 \u12a5\u1235\u12aa \u1308\u121d\u1271 \u12a5\u1295\u1323\u1325 \u12a5\u1295\u1323\u1325 \u12a5\u12eb\u120d\u12a9 \u1218\u1204\u12f5 \u12a5\u12c8\u12f3\u1208\u1201\u1363 \u12e8\u121d\u1296\u1228\u12cd\u121d \u1309\u12f5\u1313\u12f5 \u12cd\u1235\u1325 \u1290\u12cd\u1361\u1361<\/strong><\/span><\/p>"},"subContentId":"3426745b-a093-49fa-86bc-0e465063d009","metadata":{"contentType":"Text","license":"U","title":"Untitled Text"}},"alwaysDisplayComments":false,"backgroundOpacity":0,"willDoAnimation":false,"animationType":"glow","displayAsButton":false,"buttonSize":"big","goToSlideType":"specified","invisible":false,"solution":""},{"x":47.00006578947369,"y":44.0012898320944,"width":40,"height":40,"action":{"library":"H5P.CRAudio 1.4","params":{"fitToWrapper":true,"currIndex":18,"playerMode":"minimalistic","controls":true,"autoplay":true,"playAudio":"Play audio","pauseAudio":"Pause audio","contentName":"Audio","glowColor":"#ffd85a","timeStampForEachText":[{"text":" \u121d\u1295 ","startDuration":"0.0000","endDuration":"0.3931","wordfile":[{"path":"audios\/wordfile-66f29bb6c6edb.wav","mime":"audio\/x-wav","copyright":{"license":"U"}}]},{"text":" \u12a5\u1295\u12f0\u1206\u1295\u12a9 ","startDuration":"0.3941","endDuration":"0.8976","wordfile":[{"path":"audios\/wordfile-66f29bce389cb.wav","mime":"audio\/x-wav","copyright":{"license":"U"}}]},{"text":" \u12a5\u1235\u12aa ","startDuration":"0.8986","endDuration":"1.2365","wordfile":[{"path":"audios\/wordfile-66f29be71044f.wav","mime":"audio\/x-wav","copyright":{"license":"U"}}]},{"text":" \u1308\u121d\u1271 ","startDuration":"1.2375","endDuration":"2.3755","wordfile":[{"path":"audios\/wordfile-66f29bf73ff45.wav","mime":"audio\/x-wav","copyright":{"license":"U"}}]},{"text":" \u12a5\u1295\u1323\u1325 ","startDuration":"2.3765","endDuration":"3.0593","wordfile":[{"path":"audios\/wordfile-66f29c16ccab7.wav","mime":"audio\/x-wav","copyright":{"license":"U"}}]},{"text":" \u12a5\u1295\u1323\u1325 ","startDuration":"3.0603","endDuration":"3.5500","wordfile":[{"path":"audios\/wordfile-66f29c411d8b4.wav","mime":"audio\/x-wav","copyright":{"license":"U"}}]},{"text":" \u12a5\u12eb\u120d\u12a9 ","startDuration":"3.5510","endDuration":"3.9855","wordfile":[{"path":"audios\/wordfile-66f29c7aec5d4.wav","mime":"audio\/x-wav","copyright":{"license":"U"}}]},{"text":" \u1218\u1204\u12f5 ","startDuration":"3.9865","endDuration":"4.4900","wordfile":[{"path":"audios\/wordfile-66f29ca8a2184.wav","mime":"audio\/x-wav","copyright":{"license":"U"}}]},{"text":" \u12a5\u12c8\u12f3\u1208\u1201\u1363 ","startDuration":"4.4910","endDuration":"5.3807","wordfile":[{"path":"audios\/wordfile-66f29cc6789ba.wav","mime":"audio\/x-wav","copyright":{"license":"U"}}]},{"text":" \u12e8\u121d\u1296\u1228\u12cd\u121d ","startDuration":"5.3817","endDuration":"6.5749","wordfile":[{"path":"audios\/wordfile-66f29ce1162dd.wav","mime":"audio\/x-wav","copyright":{"license":"U"}}]},{"text":" \u1309\u12f5\u1313\u12f5 ","startDuration":"6.5759","endDuration":"7.1483","wordfile":[{"path":"audios\/wordfile-66f29d12a4fd8.wav","mime":"audio\/x-wav","copyright":{"license":"U"}}]},{"text":" \u12cd\u1235\u1325 ","startDuration":"7.1493","endDuration":"7.4045","wordfile":[{"path":"audios\/wordfile-66f29d387d5a3.wav","mime":"audio\/x-wav","copyright":{"license":"U"}}]},{"text":" \u1290\u12cd\u1361\u1361 ","startDuration":"7.4055","endDuration":"7.8214","wordfile":[{"path":"audios\/wordfile-66f29d5098dd3.wav","mime":"audio\/x-wav","copyright":{"license":"U"}}]}],"files":[{"path":"audios\/files-66f29b916c189.wav","mime":"audio\/x-wav","copyright":{"license":"U"}}]},"subContentId":"5b085bd5-1c93-44d4-8daf-6c6c64284aae","metadata":{"contentType":"Curious Reader Audio","license":"U","title":"Untitled Curious Reader Audio"}},"backgroundOpacity":0,"willDoAnimation":false,"animationType":"glow","displayAsButton":false,"buttonSize":"big","goToSlideType":"specified","invisible":false}]},{"slideBackgroundSelector":{},"elements":[{"x":3.289473684210526,"y":6.497894682122992,"width":94.13898026315789,"height":87.71832926131934,"action":{"library":"H5P.Image 1.1","params":{"contentName":"Image","file":{"path":"images\/file-6708dfc4d5860.png","mime":"image\/png","copyright":{"license":"U"},"width":1309,"height":733}},"subContentId":"0e496803-b15f-4430-bbfa-e595a008b198","metadata":{"contentType":"Image","license":"U","title":"Untitled Image"}},"backgroundOpacity":0,"willDoAnimation":false,"animationType":"glow","displayAsButton":false,"buttonSize":"big","goToSlideType":"specified","invisible":false},{"x":36.18421052631579,"y":84.47263086759891,"width":32.89309210526316,"height":12.992410459011282,"action":{"library":"H5P.CRAdvancedText 1.1","params":{"text":"<p><span style=\"font-size:1.5em;color:hsl(0, 0%, 100%);\"><strong>\u12a0\u12ce....... \u1325\u1295\u1278\u120d \u1290\u129d\u1361\u1361<\/strong><\/span><\/p><p><br>&nbsp;<\/p>"},"subContentId":"04ed80cb-a302-4525-a1eb-7c70f754693f","metadata":{"contentType":"Text","license":"U","title":"Untitled Text"}},"alwaysDisplayComments":false,"backgroundOpacity":0,"willDoAnimation":false,"animationType":"glow","displayAsButton":false,"buttonSize":"big","goToSlideType":"specified","invisible":false,"solution":""},{"x":47.00006578947369,"y":44.0012898320944,"width":40,"height":40,"action":{"library":"H5P.CRAudio 1.4","params":{"fitToWrapper":true,"currIndex":19,"playerMode":"minimalistic","controls":true,"autoplay":true,"playAudio":"Play audio","pauseAudio":"Pause audio","contentName":"Audio","glowColor":"#ffd85a","timeStampForEachText":[{"text":" \u12a0\u12ce....... ","startDuration":"0.0000","endDuration":"0.8618","wordfile":[{"path":"audios\/wordfile-66f29b3c1bc5d.wav","mime":"audio\/x-wav","copyright":{"license":"U"}}]},{"text":" \u1325\u1295\u1278\u120d ","startDuration":"0.8628","endDuration":"1.4342","wordfile":[{"path":"audios\/wordfile-66f29b514281a.wav","mime":"audio\/x-wav","copyright":{"license":"U"}}]},{"text":" \u1290\u129d\u1361\u1361 ","startDuration":"1.4352","endDuration":"2.0848","wordfile":[{"path":"audios\/wordfile-66f29b6717902.wav","mime":"audio\/x-wav","copyright":{"license":"U"}}]}],"files":[{"path":"audios\/files-66f29b218b6cb.wav","mime":"audio\/x-wav","copyright":{"license":"U"}}]},"subContentId":"0653ed9b-3c32-488f-aac3-931a5030ee17","metadata":{"contentType":"Curious Reader Audio","license":"U","title":"Untitled Curious Reader Audio"}},"backgroundOpacity":0,"willDoAnimation":false,"animationType":"glow","displayAsButton":false,"buttonSize":"big","goToSlideType":"specified","invisible":false},{"x":29.605263157894736,"y":9.746842023184488,"width":40,"height":40,"action":{"library":"H5P.Image 1.1","params":{"contentName":"Image"},"subContentId":"ba2c0e65-da17-4351-bba8-bd02d8376d0f","metadata":{"contentType":"Image","license":"U","title":"Untitled Image"}},"backgroundOpacity":0,"willDoAnimation":true,"animationType":"glow","displayAsButton":false,"buttonSize":"big","goToSlideType":"specified","invisible":false,"id":"img0653ed9b-3c32-488f-aac3-931a5030ee17_1"}]},{"slideBackgroundSelector":{},"elements":[{"x":3.289473684210526,"y":6.497894682122992,"width":94.13898026315789,"height":87.71832926131934,"action":{"library":"H5P.Image 1.1","params":{"contentName":"Image","file":{"path":"images\/file-66f3e02675b95.jpg","mime":"image\/jpeg","copyright":{"license":"U"},"width":1310,"height":736}},"subContentId":"0e496803-b15f-4430-bbfa-e595a008b198","metadata":{"contentType":"Image","license":"U","title":"Untitled Image"}},"backgroundOpacity":0,"willDoAnimation":false,"animationType":"glow","displayAsButton":false,"buttonSize":"big","goToSlideType":"specified","invisible":false},{"x":26.31578947368421,"y":64.9721240318137,"width":52.629934210526315,"height":25.984820918022564,"action":{"library":"H5P.CRAdvancedText 1.1","params":{"text":"<p><span style=\"font-size:1.5em;color:hsl(0, 0%, 100%);\"><strong>\u121d\u1295 \u12a5\u1295\u12f0\u1206\u1295\u12a9 \u12a5\u1235\u12aa \u1308\u121d\u1271 \u12a0\u1260\u1263\u12ce\u127d\u1295 \u121b\u123d\u1270\u1275 \u12a5\u12c8\u12f3\u1208\u1201\u1363 \u12e8\u121d\u1296\u1228\u12cd\u121d ........ \u12a5\u1230\u12aa \u12c8\u12f0 \u12c9\u132a \u1270\u1218\u120d\u12a8\u1271!<\/strong><\/span><\/p>"},"subContentId":"ec60ae05-2bc3-4084-8e87-98e7625b63b7","metadata":{"contentType":"Text","license":"U","title":"Untitled Text"}},"alwaysDisplayComments":false,"backgroundOpacity":0,"willDoAnimation":false,"animationType":"glow","displayAsButton":false,"buttonSize":"big","goToSlideType":"specified","invisible":false,"solution":""},{"x":47.00006578947369,"y":44.0012898320944,"width":40,"height":40,"action":{"library":"H5P.CRAudio 1.4","params":{"fitToWrapper":true,"currIndex":20,"playerMode":"minimalistic","controls":true,"autoplay":true,"playAudio":"Play audio","pauseAudio":"Pause audio","contentName":"Audio","glowColor":"#ffd85a","timeStampForEachText":[{"text":" \u121d\u1295 ","startDuration":"0.0000","endDuration":"0.3983","wordfile":[{"path":"audios\/wordfile-66f29d9658f10.wav","mime":"audio\/x-wav","copyright":{"license":"U"}}]},{"text":" \u12a5\u1295\u12f0\u1206\u1295\u12a9 ","startDuration":"0.3993","endDuration":"0.8281","wordfile":[{"path":"audios\/wordfile-66f29db941544.wav","mime":"audio\/x-wav","copyright":{"license":"U"}}]},{"text":" \u12a5\u1235\u12aa ","startDuration":"0.8281","endDuration":"1.1196","wordfile":[{"path":"audios\/wordfile-66f2a107db869.wav","mime":"audio\/x-wav","copyright":{"license":"U"}}]},{"text":" \u1308\u121d\u1271 ","startDuration":"1.1196","endDuration":"2.2347","wordfile":[{"path":"audios\/wordfile-66f2a134cbc0a.wav","mime":"audio\/x-wav","copyright":{"license":"U"}}]},{"text":" \u12a0\u1260\u1263\u12ce\u127d\u1295 ","startDuration":"2.2347","endDuration":"3.4413","wordfile":[{"path":"audios\/wordfile-66f2a1606f280.wav","mime":"audio\/x-wav","copyright":{"license":"U"}}]},{"text":" \u121b\u123d\u1270\u1275 ","startDuration":"3.4413","endDuration":"3.9616","wordfile":[{"path":"audios\/wordfile-66f2a1c412545.wav","mime":"audio\/x-wav","copyright":{"license":"U"}}]},{"text":" \u12a5\u12c8\u12f3\u1208\u1201\u1363 ","startDuration":"3.9616","endDuration":"4.9852","wordfile":[{"path":"audios\/wordfile-66f2a1e732dfc.wav","mime":"audio\/x-wav","copyright":{"license":"U"}}]},{"text":" \u12e8\u121d\u1296\u1228\u12cd\u121d ","startDuration":"4.9852","endDuration":"6.2070","wordfile":[{"path":"audios\/wordfile-66f2a20ad18c1.wav","mime":"audio\/x-wav","copyright":{"license":"U"}}]},{"text":" ........ \u12a5\u1230\u12aa ","startDuration":"6.1292","endDuration":"6.9697","wordfile":[{"path":"audios\/wordfile-66f2a23f88167.wav","mime":"audio\/x-wav","copyright":{"license":"U"}}]},{"text":" \u12c8\u12f0 ","startDuration":"6.9087","endDuration":"7.1850","wordfile":[{"path":"audios\/wordfile-66f2a28645f99.wav","mime":"audio\/x-wav","copyright":{"license":"U"}}]},{"text":" \u12c9\u132a ","startDuration":"7.1850","endDuration":"7.4918","wordfile":[{"path":"audios\/wordfile-66f2a29b92894.wav","mime":"audio\/x-wav","copyright":{"license":"U"}}]},{"text":" \u1270\u1218\u120d\u12a8\u1271! ","startDuration":"7.4272","endDuration":"8.6016","wordfile":[{"path":"audios\/wordfile-66f2a2c727896.wav","mime":"audio\/x-wav","copyright":{"license":"U"}}]}],"files":[{"path":"audios\/files-66f29af75cccd.wav","mime":"audio\/x-wav","copyright":{"license":"U"}}]},"subContentId":"3dd40688-b24e-4346-8621-1e1b5b4b1894","metadata":{"contentType":"Curious Reader Audio","license":"U","title":"Untitled Curious Reader Audio"}},"backgroundOpacity":0,"willDoAnimation":false,"animationType":"glow","displayAsButton":false,"buttonSize":"big","goToSlideType":"specified","invisible":false}]},{"slideBackgroundSelector":{},"elements":[{"x":3.289473684210526,"y":6.497894682122992,"width":94.13898026315789,"height":87.71832926131934,"action":{"library":"H5P.Image 1.1","params":{"contentName":"Image","file":{"path":"images\/file-6708e00670df8.png","mime":"image\/png","copyright":{"license":"U"},"width":1309,"height":728}},"subContentId":"0e496803-b15f-4430-bbfa-e595a008b198","metadata":{"contentType":"Image","license":"U","title":"Untitled Image"}},"backgroundOpacity":0,"willDoAnimation":false,"animationType":"glow","displayAsButton":false,"buttonSize":"big","goToSlideType":"specified","invisible":false},{"x":34.53947368421053,"y":84.47263086759891,"width":39.99967105263158,"height":12.992410459011282,"action":{"library":"H5P.CRAdvancedText 1.1","params":{"text":"<p><span style=\"font-size:1.5em;color:hsl(0, 0%, 100%);\"><strong>\u12a0\u12ce....... \u1246\u1295\u1306\u12cb \u1262\u122b\u1262\u122e \u1290\u129d\u1361\u1361<\/strong><\/span><\/p><p><br>&nbsp;<\/p>"},"subContentId":"0e1f9239-baa3-4618-8c6a-f8eade6a58fc","metadata":{"contentType":"Text","license":"U","title":"Untitled Text"}},"alwaysDisplayComments":false,"backgroundOpacity":0,"willDoAnimation":false,"animationType":"glow","displayAsButton":false,"buttonSize":"big","goToSlideType":"specified","invisible":false,"solution":""},{"x":47.00006578947369,"y":44.0012898320944,"width":40,"height":40,"action":{"library":"H5P.CRAudio 1.4","params":{"fitToWrapper":true,"currIndex":21,"playerMode":"minimalistic","controls":true,"autoplay":true,"playAudio":"Play audio","pauseAudio":"Pause audio","contentName":"Audio","glowColor":"#ffd85a","timeStampForEachText":[{"text":" \u12a0\u12ce....... ","startDuration":"0.0000","endDuration":"0.9371","wordfile":[{"path":"audios\/wordfile-66f29a4c5ae55.wav","mime":"audio\/x-wav","copyright":{"license":"U"}}]},{"text":" \u1246\u1295\u1306\u12cb ","startDuration":"0.9381","endDuration":"1.6565","wordfile":[{"path":"audios\/wordfile-66f29a68e0aff.wav","mime":"audio\/x-wav","copyright":{"license":"U"}}]},{"text":" \u1262\u122b\u1262\u122e ","startDuration":"1.6575","endDuration":"2.0810","wordfile":[{"path":"audios\/wordfile-66f29a80d6ad1.wav","mime":"audio\/x-wav","copyright":{"license":"U"}}]},{"text":" \u1290\u129d\u1361\u1361 ","startDuration":"2.0963","endDuration":"2.6964","wordfile":[{"path":"audios\/wordfile-66f29a9e66a1c.wav","mime":"audio\/x-wav","copyright":{"license":"U"}}]}],"files":[{"path":"audios\/files-66f29a2a2fb7f.wav","mime":"audio\/x-wav","copyright":{"license":"U"}}]},"subContentId":"dd15dd01-3425-44a3-bae1-664567c50a2f","metadata":{"contentType":"Curious Reader Audio","license":"U","title":"Untitled Curious Reader Audio"}},"backgroundOpacity":0,"willDoAnimation":false,"animationType":"glow","displayAsButton":false,"buttonSize":"big","goToSlideType":"specified","invisible":false},{"x":31.25,"y":12.995789364245985,"width":40,"height":40,"action":{"library":"H5P.Image 1.1","params":{"contentName":"Image"},"subContentId":"8e505edc-54b5-4f82-b4ad-934cab633563","metadata":{"contentType":"Image","license":"U","title":"Untitled Image"}},"backgroundOpacity":0,"willDoAnimation":true,"animationType":"glow","displayAsButton":false,"buttonSize":"big","goToSlideType":"specified","invisible":false,"id":"imgdd15dd01-3425-44a3-bae1-664567c50a2f_2"}]},{"elements":[{"x":3.289473684210526,"y":6.497894682122992,"width":94.13898026315789,"height":88.46623693923169,"action":{"library":"H5P.Image 1.1","params":{"contentName":"Image","file":{"path":"images\/file-672f0b244b8a2.png","mime":"image\/png","copyright":{"license":"U"},"width":1838,"height":934}},"subContentId":"f6c80be1-968f-4cbd-907b-bf753ab85f05","metadata":{"contentType":"Image","license":"U","title":"Untitled Image"}},"backgroundOpacity":0,"willDoAnimation":false,"animationType":"glow","displayAsButton":false,"buttonSize":"big","goToSlideType":"specified","invisible":false}],"slideBackgroundSelector":{}}],"keywordListEnabled":true,"globalBackgroundSelector":{},"keywordListAlwaysShow":false,"keywordListAutoHide":false,"keywordListOpacity":90},"override":{"activeSurface":false,"hideSummarySlide":false,"summarySlideSolutionButton":true,"summarySlideRetryButton":true,"enablePrintButton":false,"social":{"showFacebookShare":false,"facebookShare":{"url":"@currentpageurl","quote":"I scored @score out of @maxScore on a task at @currentpageurl."},"showTwitterShare":false,"twitterShare":{"statement":"I scored @score out of @maxScore on a task at @currentpageurl.","url":"@currentpageurl","hashtags":"h5p, course"},"showGoogleShare":false,"googleShareUrl":"@currentpageurl"}},"l10n":{"slide":"Slide","score":"Score","yourScore":"Your Score","maxScore":"Max Score","total":"Total","totalScore":"Total Score","showSolutions":"Show solutions","retry":"Retry","exportAnswers":"Export text","hideKeywords":"Hide sidebar navigation menu","showKeywords":"Show sidebar navigation menu","fullscreen":"Fullscreen","exitFullscreen":"Exit fullscreen","prevSlide":"Previous slide","nextSlide":"Next slide","currentSlide":"Current slide","lastSlide":"Last slide","solutionModeTitle":"Exit solution mode","solutionModeText":"Solution Mode","summaryMultipleTaskText":"Multiple tasks","scoreMessage":"You achieved:","shareFacebook":"Share on Facebook","shareTwitter":"Share on Twitter","shareGoogle":"Share on Google+","summary":"Summary","solutionsButtonTitle":"Show comments","printTitle":"Print","printIngress":"How would you like to print this presentation?","printAllSlides":"Print all slides","printCurrentSlide":"Print current slide","noTitle":"No title","accessibilitySlideNavigationExplanation":"Use left and right arrow to change slide in that direction whenever canvas is selected.","accessibilityCanvasLabel":"Presentation canvas. Use left and right arrow to move between slides.","containsNotCompleted":"@slideName contains not completed interaction","containsCompleted":"@slideName contains completed interaction","slideCount":"Slide @index of @total","containsOnlyCorrect":"@slideName only has correct answers","containsIncorrectAnswers":"@slideName has incorrect answers","shareResult":"Share Result","accessibilityTotalScore":"You got @score of @maxScore points in total","accessibilityEnteredFullscreen":"Entered fullscreen","accessibilityExitedFullscreen":"Exited fullscreen"}}