{"presentation":{"slides":[{"elements":[{"x":16.338997821350763,"y":0,"width":70.1525054466231,"height":79.56989247311827,"action":{"library":"H5P.Image 1.1","params":{"contentName":"Image","file":{"path":"images\/file-65789116ed4b7.jpg","mime":"image\/jpeg","copyright":{"license":"U"},"width":1024,"height":490}},"subContentId":"4ee28616-8931-4205-be08-3db96ae318ac","metadata":{"contentType":"Image","license":"U","title":"Untitled Image"}},"backgroundOpacity":0,"willDoAnimation":false,"animationType":"glow","displayAsButton":false,"buttonSize":"big","goToSlideType":"specified","invisible":false},{"x":11.479591836734695,"y":83.1234256926952,"width":75.25510204081633,"height":14.86146095717884,"action":{"library":"H5P.CRAdvancedText 1.1","params":{"text":"<h2 dir=\"ltr\" style=\"text-align: center;\"><span style=\"font-size:1.75em;\">Ubani ongangisiza?<\/span><\/h2>\n"},"subContentId":"30f4974f-66cd-47ee-855f-91af13c9e543","metadata":{"contentType":"Text","license":"U","title":"Untitled Text"}},"alwaysDisplayComments":false,"backgroundOpacity":0,"willDoAnimation":false,"animationType":"glow","displayAsButton":false,"buttonSize":"big","goToSlideType":"specified","invisible":false,"solution":""}],"slideBackgroundSelector":{}},{"elements":[{"x":6.377551020408164,"y":2.5188916876574305,"width":40.05102040816327,"height":92.4433249370277,"action":{"library":"H5P.Image 1.1","params":{"contentName":"Image","file":{"path":"images\/file-657891ce69d36.jpg","mime":"image\/jpeg","copyright":{"license":"U"},"width":1024,"height":1104}},"subContentId":"a8bbbdc6-fd56-4c0a-be57-a277b023598e","metadata":{"contentType":"Image","license":"U","title":"Untitled Image"}},"backgroundOpacity":0,"willDoAnimation":false,"animationType":"glow","displayAsButton":false,"buttonSize":"big","goToSlideType":"specified","invisible":false},{"x":48.46938775510204,"y":37.76372795969773,"width":45.1530612244898,"height":40.050377833753146,"action":{"library":"H5P.CRAdvancedText 1.1","params":{"text":"<p dir=\"ltr\" style=\"text-align: center;\"><span style=\"font-size:2.25em;\"><span style=\"color:#ffffff;\">Ngifuna ukufunda incwadi.<\/span><\/span><\/p>\n"},"subContentId":"c8b60310-4941-42a1-8058-950e9d33749c","metadata":{"contentType":"Text","license":"U","title":"Untitled Text"}},"alwaysDisplayComments":false,"backgroundOpacity":0,"willDoAnimation":false,"animationType":"glow","displayAsButton":false,"buttonSize":"big","goToSlideType":"specified","invisible":false,"solution":""},{"x":47.00255102040816,"y":43.95465994962216,"width":40,"height":40,"action":{"library":"H5P.CRAudio 1.4","params":{"fitToWrapper":true,"currIndex":1,"playerMode":"minimalistic","controls":true,"autoplay":true,"playAudio":"Play audio","pauseAudio":"Pause audio","contentName":"Audio","glowColor":"#ffd85a","timeStampForEachText":[{"text":" Ngifuna ","startDuration":"0.0000","endDuration":"1.0110","wordfile":[{"path":"audios\/wordfile-65a5604992ceb.wav","mime":"audio\/x-wav","copyright":{"license":"U"}}]},{"text":" ukufunda ","startDuration":"1.0120","endDuration":"1.7242","wordfile":[{"path":"audios\/wordfile-65a59a3beb8b3.wav","mime":"audio\/x-wav","copyright":{"license":"U"}}]},{"text":" incwadi. ","startDuration":"1.7252","endDuration":"2.5228","wordfile":[{"path":"audios\/wordfile-65a59a5a3ca9c.wav","mime":"audio\/x-wav","copyright":{"license":"U"}}]}],"files":[{"path":"audios\/files-65a55f0065875.mp3","mime":"audio\/mpeg","copyright":{"license":"U"}}]},"subContentId":"59f20eee-e766-45b1-b612-8d056b8c2c15","metadata":{"contentType":"Curious Reader Audio","license":"U","title":"Untitled Curious Reader Audio"}},"backgroundOpacity":0,"willDoAnimation":false,"animationType":"glow","displayAsButton":false,"buttonSize":"big","goToSlideType":"specified","invisible":false},{"x":7.653061224489796,"y":5.031889168765743,"width":21.301020408163264,"height":84.88664987405541,"action":{"library":"H5P.Image 1.1","params":{"contentName":"Image"},"subContentId":"5364e5c8-6182-4e69-8f13-01a55475821c","metadata":{"contentType":"Image","license":"U","title":"Untitled Image"}},"backgroundOpacity":0,"willDoAnimation":true,"animationType":"glow","displayAsButton":false,"buttonSize":"big","goToSlideType":"specified","invisible":false,"id":"img59f20eee-e766-45b1-b612-8d056b8c2c15_0"}],"slideBackgroundSelector":{}},{"elements":[{"x":6.377551020408164,"y":5.037783375314861,"width":44.642857142857146,"height":89.92443324937027,"action":{"library":"H5P.Image 1.1","params":{"contentName":"Image","file":{"path":"images\/file-65789225cad34.jpg","mime":"image\/jpeg","copyright":{"license":"U"},"width":1024,"height":735}},"subContentId":"f6250ed8-6f7a-4f43-b90c-24ca52d0e0e7","metadata":{"contentType":"Image","license":"U","title":"Untitled Image"}},"backgroundOpacity":0,"willDoAnimation":false,"animationType":"glow","displayAsButton":false,"buttonSize":"big","goToSlideType":"specified","invisible":false},{"x":48.46938775510204,"y":40.27858942065492,"width":46.42857142857143,"height":40.050377833753146,"action":{"library":"H5P.CRAdvancedText 1.1","params":{"text":"<p dir=\"ltr\" style=\"text-align: center;\"><span style=\"color:#ffffff;\"><span style=\"font-size:2.25em;\">Anginayo incwadi.<\/span><\/span><\/p>\n"},"subContentId":"5c66f369-498f-4040-837a-8ce79ef694eb","metadata":{"contentType":"Text","license":"U","title":"Untitled Text"}},"alwaysDisplayComments":false,"backgroundOpacity":0,"willDoAnimation":false,"animationType":"glow","displayAsButton":false,"buttonSize":"big","goToSlideType":"specified","invisible":false,"solution":""},{"x":47.00255102040816,"y":43.95465994962216,"width":40,"height":40,"action":{"library":"H5P.CRAudio 1.4","params":{"fitToWrapper":true,"currIndex":2,"playerMode":"minimalistic","controls":true,"autoplay":true,"playAudio":"Play audio","pauseAudio":"Pause audio","contentName":"Audio","glowColor":"#ffd85a","timeStampForEachText":[{"text":" Anginayo ","startDuration":"0.0000","endDuration":"0.9502","wordfile":[{"path":"audios\/wordfile-65a59a962bd3f.wav","mime":"audio\/x-wav","copyright":{"license":"U"}}]},{"text":" incwadi. ","startDuration":"0.9512","endDuration":"1.8184","wordfile":[{"path":"audios\/wordfile-65a59aa1544ee.wav","mime":"audio\/x-wav","copyright":{"license":"U"}}]}],"files":[{"path":"audios\/files-65a564c1719f4.mp3","mime":"audio\/mpeg","copyright":{"license":"U"}}]},"subContentId":"ceba6179-ec19-4e22-a690-e609571ad3cb","metadata":{"contentType":"Curious Reader Audio","license":"U","title":"Untitled Curious Reader Audio"}},"backgroundOpacity":0,"willDoAnimation":false,"animationType":"glow","displayAsButton":false,"buttonSize":"big","goToSlideType":"specified","invisible":false},{"x":5.1020408163265305,"y":27.684130982367762,"width":26.403061224489797,"height":71.53652392947103,"action":{"library":"H5P.Image 1.1","params":{"contentName":"Image"},"subContentId":"b15793bc-249a-4298-b3e8-719ef21ba522","metadata":{"contentType":"Image","license":"U","title":"Untitled Image"}},"backgroundOpacity":0,"willDoAnimation":true,"animationType":"glow","displayAsButton":false,"buttonSize":"big","goToSlideType":"specified","invisible":false,"id":"imgceba6179-ec19-4e22-a690-e609571ad3cb_0"}],"slideBackgroundSelector":{}},{"elements":[{"x":6.377551020408164,"y":5.037783375314861,"width":40.05102040816327,"height":92.4433249370277,"action":{"library":"H5P.Image 1.1","params":{"contentName":"Image","file":{"path":"images\/file-657892de5ad39.jpg","mime":"image\/jpeg","copyright":{"license":"U"},"width":1024,"height":1104}},"subContentId":"6902dea4-056c-49af-87e4-dfc9b37a09cc","metadata":{"contentType":"Image","license":"U","title":"Untitled Image"}},"backgroundOpacity":0,"willDoAnimation":false,"animationType":"glow","displayAsButton":false,"buttonSize":"big","goToSlideType":"specified","invisible":false},{"x":45.91836734693878,"y":32.72594458438287,"width":48.97959183673469,"height":52.896725440806044,"action":{"library":"H5P.CRAdvancedText 1.1","params":{"text":"<p style=\"text-align: center;\"><span style=\"font-size:2.25em;\"><span style=\"color:#ffffff;\">Ngidweba, futhi uBaba usiza ukupenda isithombe.<\/span><\/span><\/p>\n"},"subContentId":"110db345-7be9-49e9-b922-26cd7f6d4c23","metadata":{"contentType":"Text","license":"U","title":"Untitled Text"}},"alwaysDisplayComments":false,"backgroundOpacity":0,"willDoAnimation":false,"animationType":"glow","displayAsButton":false,"buttonSize":"big","goToSlideType":"specified","invisible":false,"solution":""},{"x":47.00255102040816,"y":43.95465994962216,"width":40,"height":40,"action":{"library":"H5P.CRAudio 1.4","params":{"fitToWrapper":true,"currIndex":3,"playerMode":"minimalistic","controls":true,"autoplay":true,"playAudio":"Play audio","pauseAudio":"Pause audio","contentName":"Audio","glowColor":"#ffd85a","timeStampForEachText":[{"text":" Ngidweba, ","startDuration":"0.0000","endDuration":"1.3478","wordfile":[{"path":"audios\/wordfile-65a59ab98430a.wav","mime":"audio\/x-wav","copyright":{"license":"U"}}]},{"text":" futhi ","startDuration":"1.3488","endDuration":"2.3140","wordfile":[{"path":"audios\/wordfile-65a59ac6a3556.wav","mime":"audio\/x-wav","copyright":{"license":"U"}}]},{"text":" uBaba ","startDuration":"2.3150","endDuration":"2.7164","wordfile":[{"path":"audios\/wordfile-65a59ad04dc1b.wav","mime":"audio\/x-wav","copyright":{"license":"U"}}]},{"text":" usiza ","startDuration":"2.7174","endDuration":"3.2866","wordfile":[{"path":"audios\/wordfile-65a59ae71b32b.wav","mime":"audio\/x-wav","copyright":{"license":"U"}}]},{"text":" ukupenda ","startDuration":"3.2876","endDuration":"3.8366","wordfile":[{"path":"audios\/wordfile-65a59af5020b1.wav","mime":"audio\/x-wav","copyright":{"license":"U"}}]},{"text":" isithombe. ","startDuration":"3.8376","endDuration":"4.8095","wordfile":[{"path":"audios\/wordfile-65a59afe00a6c.wav","mime":"audio\/x-wav","copyright":{"license":"U"}}]}],"files":[{"path":"audios\/files-65a5655dcb790.mp3","mime":"audio\/mpeg","copyright":{"license":"U"}}]},"subContentId":"c29f776b-e44c-4ea8-935a-d4913da6ea5e","metadata":{"contentType":"Curious Reader Audio","license":"U","title":"Untitled Curious Reader Audio"}},"backgroundOpacity":0,"willDoAnimation":false,"animationType":"glow","displayAsButton":false,"buttonSize":"big","goToSlideType":"specified","invisible":false},{"x":7.653061224489796,"y":17.614534005037783,"width":14.923469387755102,"height":49.622166246851386,"action":{"library":"H5P.Image 1.1","params":{"contentName":"Image"},"subContentId":"658c0b8c-f792-495d-a457-6889e923b086","metadata":{"contentType":"Image","license":"U","title":"Untitled Image"}},"backgroundOpacity":0,"willDoAnimation":true,"animationType":"glow","displayAsButton":false,"buttonSize":"big","goToSlideType":"specified","invisible":false,"id":"imgc29f776b-e44c-4ea8-935a-d4913da6ea5e_0"},{"x":26.785714285714285,"y":12.586599496221663,"width":18.75,"height":47.10327455919395,"action":{"library":"H5P.Image 1.1","params":{"contentName":"Image"},"subContentId":"fadbb8c9-a2e9-4a9f-95e0-182a04cf07a1","metadata":{"contentType":"Image","license":"U","title":"Untitled Image"}},"backgroundOpacity":0,"willDoAnimation":true,"animationType":"glow","displayAsButton":false,"buttonSize":"big","goToSlideType":"specified","invisible":false,"id":"imgc29f776b-e44c-4ea8-935a-d4913da6ea5e_2"},{"x":19.131632653061224,"y":42.809319899244336,"width":17.474489795918366,"height":19.395465994962215,"action":{"library":"H5P.Image 1.1","params":{"contentName":"Image"},"subContentId":"82f2b1c7-6d61-45da-b9c4-cabc02f2b4db","metadata":{"contentType":"Image","license":"U","title":"Untitled Image"}},"backgroundOpacity":0,"willDoAnimation":true,"animationType":"glow","displayAsButton":false,"buttonSize":"big","goToSlideType":"specified","invisible":false,"id":"imgc29f776b-e44c-4ea8-935a-d4913da6ea5e_4"}],"slideBackgroundSelector":{}},{"elements":[{"x":6.377551020408164,"y":2.5188916876574305,"width":40.05102040816327,"height":94.96221662468514,"action":{"library":"H5P.Image 1.1","params":{"contentName":"Image","file":{"path":"images\/file-65789326ca3ab.jpg","mime":"image\/jpeg","copyright":{"license":"U"},"width":1024,"height":1104}},"subContentId":"ef6624fb-b891-46ac-bb67-51707b0775e2","metadata":{"contentType":"Image","license":"U","title":"Untitled Image"}},"backgroundOpacity":0,"willDoAnimation":false,"animationType":"glow","displayAsButton":false,"buttonSize":"big","goToSlideType":"specified","invisible":false},{"x":47.19387755102041,"y":30.21108312342569,"width":51.02040816326531,"height":62.97229219143576,"action":{"library":"H5P.CRAdvancedText 1.1","params":{"text":"<p dir=\"ltr\" style=\"text-align: center;\"><span style=\"color:#ffffff;\"><span style=\"font-size:1.75em;\">Ngidweba isithombe, futhi uMama usiza ukusika isithombe.<\/span><\/span><\/p>\n"},"subContentId":"d1d2a237-2c98-411e-b99f-ae0b08544f58","metadata":{"contentType":"Text","license":"U","title":"Untitled Text"}},"alwaysDisplayComments":false,"backgroundOpacity":0,"willDoAnimation":false,"animationType":"glow","displayAsButton":false,"buttonSize":"big","goToSlideType":"specified","invisible":false,"solution":""},{"x":93.11224489795919,"y":2.5188916876574305,"width":40,"height":40,"action":{"library":"H5P.CRAudio 1.4","params":{"fitToWrapper":true,"currIndex":4,"playerMode":"minimalistic","controls":true,"autoplay":true,"playAudio":"Play audio","pauseAudio":"Pause audio","contentName":"Audio","glowColor":"#ffd85a","timeStampForEachText":[{"text":" Ngidweba ","startDuration":"0.0000","endDuration":"1.0040","wordfile":[{"path":"audios\/wordfile-65a59b13e6874.wav","mime":"audio\/x-wav","copyright":{"license":"U"}}]},{"text":" isithombe, ","startDuration":"1.0050","endDuration":"1.9927","wordfile":[{"path":"audios\/wordfile-65a59b1c85a50.wav","mime":"audio\/x-wav","copyright":{"license":"U"}}]},{"text":" futhi ","startDuration":"1.9937","endDuration":"3.2819","wordfile":[{"path":"audios\/wordfile-65a59b2545ca5.wav","mime":"audio\/x-wav","copyright":{"license":"U"}}]},{"text":" uMama ","startDuration":"3.2829","endDuration":"3.7103","wordfile":[{"path":"audios\/wordfile-65a59b32928ae.wav","mime":"audio\/x-wav","copyright":{"license":"U"}}]},{"text":" usiza ","startDuration":"3.7113","endDuration":"4.1468","wordfile":[{"path":"audios\/wordfile-65a59b3f95388.wav","mime":"audio\/x-wav","copyright":{"license":"U"}}]},{"text":" ukusika ","startDuration":"4.1478","endDuration":"4.7620","wordfile":[{"path":"audios\/wordfile-65a59b4c6c8c4.wav","mime":"audio\/x-wav","copyright":{"license":"U"}}]},{"text":" isithombe. ","startDuration":"4.7630","endDuration":"5.7588","wordfile":[{"path":"audios\/wordfile-65a59b5bbad3c.wav","mime":"audio\/x-wav","copyright":{"license":"U"}}]}],"files":[{"path":"audios\/files-65a566636cc35.mp3","mime":"audio\/mpeg","copyright":{"license":"U"}}]},"subContentId":"5a0cbbb8-e728-40ee-b9fc-67724a55706d","metadata":{"contentType":"Curious Reader Audio","license":"U","title":"Untitled Curious Reader Audio"}},"backgroundOpacity":0,"willDoAnimation":false,"animationType":"glow","displayAsButton":false,"buttonSize":"big","goToSlideType":"specified","invisible":false},{"x":26.785714285714285,"y":25.17317380352645,"width":14.923469387755102,"height":40.050377833753146,"action":{"library":"H5P.Image 1.1","params":{"contentName":"Image"},"subContentId":"592ac55b-053f-4329-8b73-e351999e8bed","metadata":{"contentType":"Image","license":"U","title":"Untitled Image"}},"backgroundOpacity":0,"willDoAnimation":true,"animationType":"glow","displayAsButton":false,"buttonSize":"big","goToSlideType":"specified","invisible":false,"id":"img5a0cbbb8-e728-40ee-b9fc-67724a55706d_0"},{"x":8.928571428571429,"y":7.552745591939547,"width":17.474489795918366,"height":40.050377833753146,"action":{"library":"H5P.Image 1.1","params":{"contentName":"Image"},"subContentId":"45137ee4-7980-422d-a7f9-91a0c675015b","metadata":{"contentType":"Image","license":"U","title":"Untitled Image"}},"backgroundOpacity":0,"willDoAnimation":true,"animationType":"glow","displayAsButton":false,"buttonSize":"big","goToSlideType":"specified","invisible":false,"id":"img5a0cbbb8-e728-40ee-b9fc-67724a55706d_3"},{"x":14.030612244897958,"y":20.133425692695216,"width":14.923469387755102,"height":24.43324937027708,"action":{"library":"H5P.Image 1.1","params":{"contentName":"Image"},"subContentId":"30e597de-f522-41f9-b762-f188f593b56f","metadata":{"contentType":"Image","license":"U","title":"Untitled Image"}},"backgroundOpacity":0,"willDoAnimation":true,"animationType":"glow","displayAsButton":false,"buttonSize":"big","goToSlideType":"specified","invisible":false,"id":"img5a0cbbb8-e728-40ee-b9fc-67724a55706d_5"}],"slideBackgroundSelector":{}},{"elements":[{"x":5.1020408163265305,"y":2.5188916876574305,"width":42.09183673469388,"height":94.96221662468514,"action":{"library":"H5P.Image 1.1","params":{"contentName":"Image","file":{"path":"images\/file-6578937a365f7.jpg","mime":"image\/jpeg","copyright":{"license":"U"},"width":1024,"height":1104}},"subContentId":"62e2ba8e-9dfd-4edb-80cc-2aa08fc67e3c","metadata":{"contentType":"Image","license":"U","title":"Untitled Image"}},"backgroundOpacity":0,"willDoAnimation":false,"animationType":"glow","displayAsButton":false,"buttonSize":"big","goToSlideType":"specified","invisible":false},{"x":48.46938775510204,"y":32.735768261964736,"width":47.19387755102041,"height":50.377833753148614,"action":{"library":"H5P.CRAdvancedText 1.1","params":{"text":"<p style=\"text-align: center;\"><span style=\"font-size:1.75em;\"><span style=\"color:#ffffff;\">Ngisika isithombe, futhi ugogo usiza ukunamathisela isithombe.<\/span><\/span><\/p>\n"},"subContentId":"1de95193-2ff4-479b-bda0-c02d7e4b3b6d","metadata":{"contentType":"Text","license":"U","title":"Untitled Text"}},"alwaysDisplayComments":false,"backgroundOpacity":0,"willDoAnimation":false,"animationType":"glow","displayAsButton":false,"buttonSize":"big","goToSlideType":"specified","invisible":false,"solution":""},{"x":47.00255102040816,"y":43.95465994962216,"width":40,"height":40,"action":{"library":"H5P.CRAudio 1.4","params":{"fitToWrapper":true,"currIndex":5,"playerMode":"minimalistic","controls":true,"autoplay":true,"playAudio":"Play audio","pauseAudio":"Pause audio","contentName":"Audio","glowColor":"#ffd85a","timeStampForEachText":[{"text":" Ngisika ","startDuration":"0.0000","endDuration":"1.0326","wordfile":[{"path":"audios\/wordfile-65a59b7a99af4.wav","mime":"audio\/x-wav","copyright":{"license":"U"}}]},{"text":" isithombe, ","startDuration":"1.0336","endDuration":"2.0492","wordfile":[{"path":"audios\/wordfile-65a59b869c71d.wav","mime":"audio\/x-wav","copyright":{"license":"U"}}]},{"text":" futhi ","startDuration":"2.0502","endDuration":"3.3037","wordfile":[{"path":"audios\/wordfile-65a59b91ae92c.wav","mime":"audio\/x-wav","copyright":{"license":"U"}}]},{"text":" ugogo ","startDuration":"3.3047","endDuration":"3.7511","wordfile":[{"path":"audios\/wordfile-65a59b9ec3052.wav","mime":"audio\/x-wav","copyright":{"license":"U"}}]},{"text":" usiza ","startDuration":"3.7521","endDuration":"4.2325","wordfile":[{"path":"audios\/wordfile-65a59ba8e31c7.wav","mime":"audio\/x-wav","copyright":{"license":"U"}}]},{"text":" ukunamathisela ","startDuration":"4.2335","endDuration":"5.1132","wordfile":[{"path":"audios\/wordfile-65a59bb715d93.wav","mime":"audio\/x-wav","copyright":{"license":"U"}}]},{"text":" isithombe. ","startDuration":"5.1142","endDuration":"6.1553","wordfile":[{"path":"audios\/wordfile-65a59bbf370ef.wav","mime":"audio\/x-wav","copyright":{"license":"U"}}]}],"files":[{"path":"audios\/files-65a5682fedae0.mp3","mime":"audio\/mpeg","copyright":{"license":"U"}}]},"subContentId":"0aa8ad09-28a0-4a8a-ae16-4aa47abac039","metadata":{"contentType":"Curious Reader Audio","license":"U","title":"Untitled Curious Reader Audio"}},"backgroundOpacity":0,"willDoAnimation":false,"animationType":"glow","displayAsButton":false,"buttonSize":"big","goToSlideType":"specified","invisible":false},{"x":7.653061224489796,"y":17.6204282115869,"width":16.198979591836736,"height":40.050377833753146,"action":{"library":"H5P.Image 1.1","params":{"contentName":"Image"},"subContentId":"0eb370ef-f09d-45b7-be2e-3f14cbd4c884","metadata":{"contentType":"Image","license":"U","title":"Untitled Image"}},"backgroundOpacity":0,"willDoAnimation":true,"animationType":"glow","displayAsButton":false,"buttonSize":"big","goToSlideType":"specified","invisible":false,"id":"img0aa8ad09-28a0-4a8a-ae16-4aa47abac039_0"},{"x":25.510204081632654,"y":7.556675062972292,"width":17.474489795918366,"height":40.050377833753146,"action":{"library":"H5P.Image 1.1","params":{"contentName":"Image"},"subContentId":"e40009d0-6cf9-445c-8d00-89bcbc361ce8","metadata":{"contentType":"Image","license":"U","title":"Untitled Image"}},"backgroundOpacity":0,"willDoAnimation":true,"animationType":"glow","displayAsButton":false,"buttonSize":"big","goToSlideType":"specified","invisible":false,"id":"img0aa8ad09-28a0-4a8a-ae16-4aa47abac039_3"}],"slideBackgroundSelector":{}},{"elements":[{"x":5.1020408163265305,"y":2.51692443324937,"width":42.09183673469388,"height":97.48110831234257,"action":{"library":"H5P.Image 1.1","params":{"contentName":"Image","file":{"path":"images\/file-657893cd148ab.jpg","mime":"image\/jpeg","copyright":{"license":"U"},"width":1024,"height":1104}},"subContentId":"854b71f0-4b9f-4858-8b85-8c29cc518bdb","metadata":{"contentType":"Image","license":"U","title":"Untitled Image"}},"backgroundOpacity":0,"willDoAnimation":false,"animationType":"glow","displayAsButton":false,"buttonSize":"big","goToSlideType":"specified","invisible":false},{"x":47.19387755102041,"y":32.735768261964736,"width":49.744897959183675,"height":55.415617128463474,"action":{"library":"H5P.CRAdvancedText 1.1","params":{"text":"<p style=\"text-align: center;\"><span style=\"color:#ffffff;\"><span style=\"font-size:2.25em;\">Nginamathisela isithombe, futhi ugogo usiza ukubhala indaba.<\/span><\/span><\/p>\n"},"subContentId":"c78dbf15-db86-4b85-b48f-3267ee44151c","metadata":{"contentType":"Text","license":"U","title":"Untitled Text"}},"alwaysDisplayComments":false,"backgroundOpacity":0,"willDoAnimation":false,"animationType":"glow","displayAsButton":false,"buttonSize":"big","goToSlideType":"specified","invisible":false,"solution":""},{"x":47.00255102040816,"y":43.95465994962216,"width":40,"height":40,"action":{"library":"H5P.CRAudio 1.4","params":{"fitToWrapper":true,"currIndex":6,"playerMode":"minimalistic","controls":true,"autoplay":true,"playAudio":"Play audio","pauseAudio":"Pause audio","contentName":"Audio","glowColor":"#ffd85a","timeStampForEachText":[{"text":" Nginamathisela ","startDuration":"0.0000","endDuration":"1.2651","wordfile":[{"path":"audios\/wordfile-65a59cb333008.wav","mime":"audio\/x-wav","copyright":{"license":"U"}}]},{"text":" isithombe, ","startDuration":"1.2661","endDuration":"2.2928","wordfile":[{"path":"audios\/wordfile-65a59cbca10ba.wav","mime":"audio\/x-wav","copyright":{"license":"U"}}]},{"text":" futhi ","startDuration":"2.2938","endDuration":"3.2887","wordfile":[{"path":"audios\/wordfile-65a59cc64ed30.wav","mime":"audio\/x-wav","copyright":{"license":"U"}}]},{"text":" ugogo ","startDuration":"3.2897","endDuration":"3.7202","wordfile":[{"path":"audios\/wordfile-65a59cd3bb7c3.wav","mime":"audio\/x-wav","copyright":{"license":"U"}}]},{"text":" usiza ","startDuration":"3.7212","endDuration":"4.2074","wordfile":[{"path":"audios\/wordfile-65a59ce13c14d.wav","mime":"audio\/x-wav","copyright":{"license":"U"}}]},{"text":" ukubhala ","startDuration":"4.2084","endDuration":"4.7740","wordfile":[{"path":"audios\/wordfile-65a59ced77fed.wav","mime":"audio\/x-wav","copyright":{"license":"U"}}]},{"text":" indaba. ","startDuration":"4.7750","endDuration":"5.6347","wordfile":[{"path":"audios\/wordfile-65a59cf790086.wav","mime":"audio\/x-wav","copyright":{"license":"U"}}]}],"files":[{"path":"audios\/files-65a56a92650dd.mp3","mime":"audio\/mpeg","copyright":{"license":"U"}}]},"subContentId":"48afee49-b753-4758-9e50-b93bbbfb2008","metadata":{"contentType":"Curious Reader Audio","license":"U","title":"Untitled Curious Reader Audio"}},"backgroundOpacity":0,"willDoAnimation":false,"animationType":"glow","displayAsButton":false,"buttonSize":"big","goToSlideType":"specified","invisible":false},{"x":25.510204081632654,"y":35.2448362720403,"width":22.5765306122449,"height":54.659949622166245,"action":{"library":"H5P.Image 1.1","params":{"contentName":"Image"},"subContentId":"33de8434-2ee8-4c3c-ba24-2598a707a419","metadata":{"contentType":"Image","license":"U","title":"Untitled Image"}},"backgroundOpacity":0,"willDoAnimation":true,"animationType":"glow","displayAsButton":false,"buttonSize":"big","goToSlideType":"specified","invisible":false,"id":"img48afee49-b753-4758-9e50-b93bbbfb2008_0"},{"x":6.377551020408164,"y":7.556675062972292,"width":17.474489795918366,"height":40.050377833753146,"action":{"library":"H5P.Image 1.1","params":{"contentName":"Image"},"subContentId":"92b2ea96-d04b-4490-88bf-9f10cf0603f4","metadata":{"contentType":"Image","license":"U","title":"Untitled Image"}},"backgroundOpacity":0,"willDoAnimation":true,"animationType":"glow","displayAsButton":false,"buttonSize":"big","goToSlideType":"specified","invisible":false,"id":"img48afee49-b753-4758-9e50-b93bbbfb2008_3"}],"slideBackgroundSelector":{}},{"elements":[{"x":5.1020408163265305,"y":2.51692443324937,"width":42.09183673469388,"height":94.96221662468514,"action":{"library":"H5P.Image 1.1","params":{"contentName":"Image","file":{"path":"images\/file-6578941542f1f.jpg","mime":"image\/jpeg","copyright":{"license":"U"},"width":1024,"height":1104}},"subContentId":"f1ae49b0-a9f9-4dc4-8a79-cc1b08ca3b95","metadata":{"contentType":"Image","license":"U","title":"Untitled Image"}},"backgroundOpacity":0,"willDoAnimation":false,"animationType":"glow","displayAsButton":false,"buttonSize":"big","goToSlideType":"specified","invisible":false},{"x":44.642857142857146,"y":25.165289672544077,"width":52.29591836734694,"height":65.4911838790932,"action":{"library":"H5P.CRAdvancedText 1.1","params":{"text":"<p dir=\"ltr\" style=\"text-align: center;\"><span style=\"color:#ffffff;\"><span style=\"font-size:2.25em;\">Ngibhala indaba, futhi umzalwane usiza staple amakhasi ndawonye.<\/span><\/span><\/p>\n"},"subContentId":"93dec863-ad98-4918-9672-ff9d79cee23a","metadata":{"contentType":"Text","license":"U","title":"Untitled Text"}},"alwaysDisplayComments":false,"backgroundOpacity":0,"willDoAnimation":false,"animationType":"glow","displayAsButton":false,"buttonSize":"big","goToSlideType":"specified","invisible":false,"solution":""},{"x":47.00255102040816,"y":43.95465994962216,"width":40,"height":40,"action":{"library":"H5P.CRAudio 1.4","params":{"fitToWrapper":true,"currIndex":7,"playerMode":"minimalistic","controls":true,"autoplay":true,"playAudio":"Play audio","pauseAudio":"Pause audio","contentName":"Audio","glowColor":"#ffd85a","timeStampForEachText":[{"text":" Ngibhala ","startDuration":"0.0000","endDuration":"1.0845","wordfile":[{"path":"audios\/wordfile-65a59d08eaccf.wav","mime":"audio\/x-wav","copyright":{"license":"U"}}]},{"text":" indaba, ","startDuration":"1.0855","endDuration":"1.9020","wordfile":[{"path":"audios\/wordfile-65a59d136610a.wav","mime":"audio\/x-wav","copyright":{"license":"U"}}]},{"text":" futhi ","startDuration":"1.9030","endDuration":"3.3002","wordfile":[{"path":"audios\/wordfile-65a59d1e0b777.wav","mime":"audio\/x-wav","copyright":{"license":"U"}}]},{"text":" umzalwane ","startDuration":"3.3012","endDuration":"3.8407","wordfile":[{"path":"audios\/wordfile-65a59d2db91cf.wav","mime":"audio\/x-wav","copyright":{"license":"U"}}]},{"text":" usiza ","startDuration":"3.8417","endDuration":"4.2919","wordfile":[{"path":"audios\/wordfile-65a59d3c04ccb.wav","mime":"audio\/x-wav","copyright":{"license":"U"}}]},{"text":" staple ","startDuration":"4.2919","endDuration":"4.8591","wordfile":[{"path":"audios\/wordfile-65a59d4a086c0.wav","mime":"audio\/x-wav","copyright":{"license":"U"}}]},{"text":" amakhasi ","startDuration":"4.8601","endDuration":"5.3996","wordfile":[{"path":"audios\/wordfile-65a59d51e3ecf.wav","mime":"audio\/x-wav","copyright":{"license":"U"}}]},{"text":" ndawonye. ","startDuration":"5.4006","endDuration":"6.3332","wordfile":[{"path":"audios\/wordfile-65a59d5aa863c.wav","mime":"audio\/x-wav","copyright":{"license":"U"}}]}],"files":[{"path":"audios\/files-65a56c04b6ba4.mp3","mime":"audio\/mpeg","copyright":{"license":"U"}}]},"subContentId":"81d8564e-24f0-41d2-911e-fb3b483ec9b3","metadata":{"contentType":"Curious Reader Audio","license":"U","title":"Untitled Curious Reader Audio"}},"backgroundOpacity":0,"willDoAnimation":false,"animationType":"glow","displayAsButton":false,"buttonSize":"big","goToSlideType":"specified","invisible":false},{"x":6.377551020408164,"y":27.692191435768265,"width":17.474489795918366,"height":52.141057934508815,"action":{"library":"H5P.Image 1.1","params":{"contentName":"Image"},"subContentId":"eaa4cf3c-ead0-4a70-a4a0-1ccdc01f6d57","metadata":{"contentType":"Image","license":"U","title":"Untitled Image"}},"backgroundOpacity":0,"willDoAnimation":true,"animationType":"glow","displayAsButton":false,"buttonSize":"big","goToSlideType":"specified","invisible":false,"id":"img81d8564e-24f0-41d2-911e-fb3b483ec9b3_0"},{"x":26.785714285714285,"y":5.037783375314861,"width":16.198979591836736,"height":21.914357682619645,"action":{"library":"H5P.Image 1.1","params":{"contentName":"Image"},"subContentId":"44b393dd-4cf5-4279-9a2a-65c4afaed0e5","metadata":{"contentType":"Image","license":"U","title":"Untitled Image"}},"backgroundOpacity":0,"willDoAnimation":true,"animationType":"glow","displayAsButton":false,"buttonSize":"big","goToSlideType":"specified","invisible":false,"id":"img81d8564e-24f0-41d2-911e-fb3b483ec9b3_3"},{"x":29.336734693877553,"y":22.646397984886647,"width":13.64795918367347,"height":21.914357682619645,"action":{"library":"H5P.Image 1.1","params":{"contentName":"Image"},"subContentId":"c2a901c3-df24-4bbe-8406-ec75d693e01e","metadata":{"contentType":"Image","license":"U","title":"Untitled Image"}},"backgroundOpacity":0,"willDoAnimation":true,"animationType":"glow","displayAsButton":false,"buttonSize":"big","goToSlideType":"specified","invisible":false,"id":"img81d8564e-24f0-41d2-911e-fb3b483ec9b3_5"}],"slideBackgroundSelector":{}},{"elements":[{"x":5.1020408163265305,"y":2.5188916876574305,"width":42.09183673469388,"height":92.4433249370277,"action":{"library":"H5P.Image 1.1","params":{"contentName":"Image","file":{"path":"images\/file-6578945856864.jpg","mime":"image\/jpeg","copyright":{"license":"U"},"width":1024,"height":735}},"subContentId":"00fb6a85-5a76-447d-a119-2676cf7feb43","metadata":{"contentType":"Image","license":"U","title":"Untitled Image"}},"backgroundOpacity":0,"willDoAnimation":false,"animationType":"glow","displayAsButton":false,"buttonSize":"big","goToSlideType":"specified","invisible":false},{"x":49.744897959183675,"y":30.20302267002519,"width":45.1530612244898,"height":52.896725440806044,"action":{"library":"H5P.CRAdvancedText 1.1","params":{"text":"<p dir=\"ltr\" style=\"text-align: center;\"><span style=\"color:#ffffff;\"><span style=\"font-size:2.25em;\">Nginencwadi manje. Ake Sifunde incwadi!<\/span><\/span><\/p>\n"},"subContentId":"5a9fff56-e851-45ec-8640-989a48903d6e","metadata":{"contentType":"Text","license":"U","title":"Untitled Text"}},"alwaysDisplayComments":false,"backgroundOpacity":0,"willDoAnimation":false,"animationType":"glow","displayAsButton":false,"buttonSize":"big","goToSlideType":"specified","invisible":false,"solution":""},{"x":93.11224489795919,"y":2.5188916876574305,"width":40,"height":40,"action":{"library":"H5P.CRAudio 1.4","params":{"fitToWrapper":true,"currIndex":8,"playerMode":"minimalistic","controls":true,"autoplay":true,"playAudio":"Play audio","pauseAudio":"Pause audio","contentName":"Audio","glowColor":"#ffd85a","timeStampForEachText":[{"text":" Nginencwadi ","startDuration":"0.0000","endDuration":"1.0122","wordfile":[{"path":"audios\/wordfile-65a59d70e8b4e.wav","mime":"audio\/x-wav","copyright":{"license":"U"}}]},{"text":" manje. ","startDuration":"1.0132","endDuration":"1.7187","wordfile":[{"path":"audios\/wordfile-65a59d80c47c4.wav","mime":"audio\/x-wav","copyright":{"license":"U"}}]},{"text":" Ake ","startDuration":"1.7197","endDuration":"2.5445","wordfile":[{"path":"audios\/wordfile-65a59d881b402.wav","mime":"audio\/x-wav","copyright":{"license":"U"}}]},{"text":" Sifunde ","startDuration":"2.5455","endDuration":"3.0011","wordfile":[{"path":"audios\/wordfile-65a59d9216ca6.wav","mime":"audio\/x-wav","copyright":{"license":"U"}}]},{"text":" incwadi! ","startDuration":"3.0021","endDuration":"4.0541","wordfile":[{"path":"audios\/wordfile-65a59d9cc8a35.wav","mime":"audio\/x-wav","copyright":{"license":"U"}}]}],"files":[{"path":"audios\/files-65a56df837e0c.wav","mime":"audio\/x-wav","copyright":{"license":"U"}}]},"subContentId":"db1a4cf9-96b2-4852-93f2-094dd5e9a721","metadata":{"contentType":"Curious Reader Audio","license":"U","title":"Untitled Curious Reader Audio"}},"backgroundOpacity":0,"willDoAnimation":false,"animationType":"glow","displayAsButton":false,"buttonSize":"big","goToSlideType":"specified","invisible":false},{"x":30.612244897959183,"y":40.29042821158691,"width":11.096938775510205,"height":19.395465994962215,"action":{"library":"H5P.Image 1.1","params":{"contentName":"Image"},"subContentId":"0ceed005-4efa-4530-bafb-da710bfeaae2","metadata":{"contentType":"Image","license":"U","title":"Untitled Image"}},"backgroundOpacity":0,"willDoAnimation":true,"animationType":"glow","displayAsButton":false,"buttonSize":"big","goToSlideType":"specified","invisible":false,"id":"imgdb1a4cf9-96b2-4852-93f2-094dd5e9a721_0"},{"x":33.16326530612245,"y":37.76372795969773,"width":9.183673469387756,"height":14.105793450881611,"action":{"library":"H5P.Image 1.1","params":{"contentName":"Image"},"subContentId":"4e7ff21a-b029-4ca7-8638-3e99acc1f709","metadata":{"contentType":"Image","license":"U","title":"Untitled Image"}},"backgroundOpacity":0,"willDoAnimation":true,"animationType":"glow","displayAsButton":false,"buttonSize":"big","goToSlideType":"specified","invisible":false,"id":"imgdb1a4cf9-96b2-4852-93f2-094dd5e9a721_4"}],"slideBackgroundSelector":{}},{"elements":[{"x":3.826530612244898,"y":5.0338539042821155,"width":22.95918367346939,"height":22.921914357682617,"action":{"library":"H5P.Image 1.1","params":{"contentName":"Image","file":{"path":"images\/file-65789558544e6.png","mime":"image\/png","copyright":{"license":"U"},"width":1350,"height":487}},"subContentId":"481a06ca-f221-477c-b218-9b93976b4d09","metadata":{"contentType":"Image","license":"U","title":"Untitled Image"}},"backgroundOpacity":0,"willDoAnimation":false,"animationType":"glow","displayAsButton":false,"buttonSize":"big","goToSlideType":"specified","invisible":false},{"x":30.612244897959183,"y":5.0338539042821155,"width":22.95918367346939,"height":22.921914357682617,"action":{"library":"H5P.Image 1.1","params":{"contentName":"Image","file":{"path":"images\/file-6578956aa2732.png","mime":"image\/png","copyright":{"license":"U"},"width":814,"height":202}},"subContentId":"1efc4476-7506-4cc3-8719-19270bc2f79e","metadata":{"contentType":"Image","license":"U","title":"Untitled Image"}},"backgroundOpacity":0,"willDoAnimation":false,"animationType":"glow","displayAsButton":false,"buttonSize":"big","goToSlideType":"specified","invisible":false},{"x":57.39795918367347,"y":7.556675062972292,"width":40.05102040816327,"height":17.632241813602015,"action":{"library":"H5P.Image 1.1","params":{"contentName":"Image","file":{"path":"images\/file-6578957d13a9b.jpg","mime":"image\/jpeg","copyright":{"license":"U"},"width":1732,"height":354}},"subContentId":"1e8c1618-399a-4152-86d8-b0bc61b1ea04","metadata":{"contentType":"Image","license":"U","title":"Untitled Image"}},"backgroundOpacity":0,"willDoAnimation":false,"animationType":"glow","displayAsButton":false,"buttonSize":"big","goToSlideType":"specified","invisible":false},{"x":3.826252723311547,"y":27.94021505376344,"width":93.13725490196079,"height":71.82795698924731,"action":{"library":"H5P.CRAdvancedText 1.1","params":{"text":"<h3 style=\"text-align: center;\"><span style=\"font-size:1.25em;\">\u201cUbani ongangisiza?\u201d credits<\/span><\/h3>\n\n<h3 style=\"text-align: center;\"><span style=\"font-size:1.25em;\">This work, \u201cUbani ongangisiza? \u201c is a derivative of \u201cWho can help me?\u201d by All Children Reading Cambodia. \u00a9 The Asia Foundation , 2019 and used under CC BY.<\/span><\/h3>\n\n<h3 style=\"text-align: center;\"><span style=\"font-size:1.25em;\">\u201cUbani ongangisiza?\u201d is licensed under CC BY 4.0 by Curious Learning.<\/span><\/h3>\n\n<h3 style=\"text-align: center;\">&nbsp;<\/h3>\n\n<h3 style=\"text-align: center;\"><span style=\"font-size:1.25em;\">Book builder - Abraham Jerry Kakooza<\/span><\/h3>\n"},"subContentId":"99f991d8-4b16-4b19-9127-e55b00685b29","metadata":{"contentType":"Text","license":"U","title":"Untitled Text"}},"alwaysDisplayComments":false,"backgroundOpacity":0,"willDoAnimation":false,"animationType":"glow","displayAsButton":false,"buttonSize":"big","goToSlideType":"specified","invisible":false,"solution":""}],"slideBackgroundSelector":{"fillSlideBackground":"#fbfef0"}}],"keywordListEnabled":true,"globalBackgroundSelector":{},"keywordListAlwaysShow":false,"keywordListAutoHide":false,"keywordListOpacity":90},"override":{"activeSurface":false,"hideSummarySlide":false,"summarySlideSolutionButton":true,"summarySlideRetryButton":true,"enablePrintButton":false,"social":{"showFacebookShare":false,"facebookShare":{"url":"@currentpageurl","quote":"I scored @score out of @maxScore on a task at @currentpageurl."},"showTwitterShare":false,"twitterShare":{"statement":"I scored @score out of @maxScore on a task at @currentpageurl.","url":"@currentpageurl","hashtags":"h5p, course"},"showGoogleShare":false,"googleShareUrl":"@currentpageurl"}},"l10n":{"slide":"Slide","score":"Score","yourScore":"Your Score","maxScore":"Max Score","total":"Total","totalScore":"Total Score","showSolutions":"Show solutions","retry":"Retry","exportAnswers":"Export text","hideKeywords":"Hide sidebar navigation menu","showKeywords":"Show sidebar navigation menu","fullscreen":"Fullscreen","exitFullscreen":"Exit fullscreen","prevSlide":"Previous slide","nextSlide":"Next slide","currentSlide":"Current slide","lastSlide":"Last slide","solutionModeTitle":"Exit solution mode","solutionModeText":"Solution Mode","summaryMultipleTaskText":"Multiple tasks","scoreMessage":"You achieved:","shareFacebook":"Share on Facebook","shareTwitter":"Share on Twitter","shareGoogle":"Share on Google+","summary":"Summary","solutionsButtonTitle":"Show comments","printTitle":"Print","printIngress":"How would you like to print this presentation?","printAllSlides":"Print all slides","printCurrentSlide":"Print current slide","noTitle":"No title","accessibilitySlideNavigationExplanation":"Use left and right arrow to change slide in that direction whenever canvas is selected.","accessibilityCanvasLabel":"Presentation canvas. Use left and right arrow to move between slides.","containsNotCompleted":"@slideName contains not completed interaction","containsCompleted":"@slideName contains completed interaction","slideCount":"Slide @index of @total","containsOnlyCorrect":"@slideName only has correct answers","containsIncorrectAnswers":"@slideName has incorrect answers","shareResult":"Share Result","accessibilityTotalScore":"You got @score of @maxScore points in total","accessibilityEnteredFullscreen":"Entered fullscreen","accessibilityExitedFullscreen":"Exited fullscreen"}}