{"presentation":{"slides":[{"elements":[{"x":22.875816993464053,"y":6.4415268817204305,"width":62.309368191721134,"height":62.36559139784946,"action":{"library":"H5P.Image 1.1","params":{"contentName":"Image","file":{"path":"images\/file-658319096f767.jpg","mime":"image\/jpeg","copyright":{"license":"U"},"width":1024,"height":490}},"subContentId":"e9b86eca-b97e-411f-8ba5-eead3a9fe77c","metadata":{"contentType":"Image","license":"U","title":"Untitled Image"}},"backgroundOpacity":0,"willDoAnimation":false,"animationType":"glow","displayAsButton":false,"buttonSize":"big","goToSlideType":"specified","invisible":false},{"x":15.250544662309368,"y":73.0341935483871,"width":74.07407407407408,"height":15.053763440860214,"action":{"library":"H5P.CRAdvancedText 1.1","params":{"text":"<h2 style=\"text-align: center;\"><span style=\"font-size:1.5em;\">\u041b\u0435\u0432 \u0431\u0456\u0436\u0438\u0442\u044c, \u0430 \u043a\u043e\u0440\u043e\u0432\u0430 \u0439\u0434\u0435. <\/span><\/h2>\n"},"subContentId":"69c7285e-eb82-4919-b262-fd9d1f00fa17","metadata":{"contentType":"Text","license":"U","title":"Untitled Text"}},"alwaysDisplayComments":false,"backgroundOpacity":0,"willDoAnimation":false,"animationType":"glow","displayAsButton":false,"buttonSize":"big","goToSlideType":"specified","invisible":false,"solution":""}],"slideBackgroundSelector":{}},{"elements":[{"x":7.625272331154684,"y":4.301075268817204,"width":38.12636165577342,"height":86.02150537634408,"action":{"library":"H5P.Image 1.1","params":{"contentName":"Image","file":{"path":"images\/file-6583197217324.jpg","mime":"image\/jpeg","copyright":{"license":"U"},"width":1024,"height":1104}},"subContentId":"f7920f01-f5ce-4803-9d36-cf2030aa00d8","metadata":{"contentType":"Image","license":"U","title":"Untitled Image"}},"backgroundOpacity":0,"willDoAnimation":false,"animationType":"glow","displayAsButton":false,"buttonSize":"big","goToSlideType":"specified","invisible":false},{"x":52.29591836734694,"y":40.30226700251889,"width":40,"height":40,"action":{"library":"H5P.CRAdvancedText 1.1","params":{"text":"<p style=\"text-align: center;\"><span style=\"font-size:2.25em;\"><span style=\"color:#ffffff;\">\u041b\u0435\u0432 \u0431\u0456\u0436\u0438\u0442\u044c<\/span><\/span><\/p>\n"},"subContentId":"9719aa82-4821-4f23-91eb-86959f487486","metadata":{"contentType":"Text","license":"U","title":"Untitled Text"}},"alwaysDisplayComments":false,"backgroundOpacity":0,"willDoAnimation":false,"animationType":"glow","displayAsButton":false,"buttonSize":"big","goToSlideType":"specified","invisible":false,"solution":""},{"x":47.00255102040816,"y":43.95465994962216,"width":40,"height":40,"action":{"library":"H5P.CRAudio 1.4","params":{"fitToWrapper":true,"currIndex":1,"playerMode":"minimalistic","controls":true,"autoplay":true,"playAudio":"Play audio","pauseAudio":"Pause audio","contentName":"Audio","glowColor":"#ffd85a","timeStampForEachText":[{"text":" \u041b\u0435\u0432 ","startDuration":"0.0000","endDuration":"0.5392","wordfile":[{"path":"audios\/wordfile-65906689414a0.wav","mime":"audio\/x-wav","copyright":{"license":"U"}}]},{"text":" \u0431\u0456\u0436\u0438\u0442\u044c ","startDuration":"0.5402","endDuration":"1.3004","wordfile":[{"path":"audios\/wordfile-6590669fb94d9.wav","mime":"audio\/x-wav","copyright":{"license":"U"}}]}],"files":[{"path":"audios\/files-6590667413065.wav","mime":"audio\/x-wav","copyright":{"license":"U"}}]},"subContentId":"1784901f-6afd-4b33-8e9b-61de7242c6b5","metadata":{"contentType":"Curious Reader Audio","license":"U","title":"Untitled Curious Reader Audio"}},"backgroundOpacity":0,"willDoAnimation":false,"animationType":"glow","displayAsButton":false,"buttonSize":"big","goToSlideType":"specified","invisible":false},{"x":15.250544662309368,"y":19.343075268817206,"width":24.727668845315904,"height":48.817204301075265,"action":{"library":"H5P.Image 1.1","params":{"contentName":"Image"},"subContentId":"5c6082ab-0f22-42d2-99ca-00f1e10976dd","metadata":{"contentType":"Image","license":"U","title":"Untitled Image"}},"backgroundOpacity":0,"willDoAnimation":true,"animationType":"glow","displayAsButton":false,"buttonSize":"big","goToSlideType":"specified","invisible":false,"id":"img1784901f-6afd-4b33-8e9b-61de7242c6b5_0"}],"slideBackgroundSelector":{}},{"elements":[{"x":26.143790849673202,"y":2.150537634408602,"width":39.97821350762527,"height":75.26881720430107,"action":{"library":"H5P.Image 1.1","params":{"contentName":"Image","file":{"path":"images\/file-65831a8a29b4c.jpg","mime":"image\/jpeg","copyright":{"license":"U"},"width":1024,"height":1104}},"subContentId":"1da54fc5-e548-4ce7-a075-283717387dee","metadata":{"contentType":"Image","license":"U","title":"Untitled Image"}},"backgroundOpacity":0,"willDoAnimation":false,"animationType":"glow","displayAsButton":false,"buttonSize":"big","goToSlideType":"specified","invisible":false},{"x":26.143790849673202,"y":81.72043010752688,"width":39.97821350762527,"height":13.978494623655912,"action":{"library":"H5P.CRAdvancedText 1.1","params":{"text":"<p style=\"text-align: center;\"><span style=\"font-size:1.625em;\"><span style=\"color:#ffffff;\">\u041a\u043e\u0440\u043e\u0432\u0430 \u0439\u0434\u0435.<\/span><\/span><\/p>\n"},"subContentId":"3496b02e-a1d6-497f-b829-08a065e181bc","metadata":{"contentType":"Text","license":"U","title":"Untitled Text"}},"alwaysDisplayComments":false,"backgroundOpacity":0,"willDoAnimation":false,"animationType":"glow","displayAsButton":false,"buttonSize":"big","goToSlideType":"specified","invisible":false,"solution":""},{"x":47.00255102040816,"y":43.95465994962216,"width":40,"height":40,"action":{"library":"H5P.CRAudio 1.4","params":{"fitToWrapper":true,"currIndex":2,"playerMode":"minimalistic","controls":true,"autoplay":true,"playAudio":"Play audio","pauseAudio":"Pause audio","contentName":"Audio","glowColor":"#ffd85a","timeStampForEachText":[{"text":" \u041a\u043e\u0440\u043e\u0432\u0430 ","startDuration":"0.0000","endDuration":"0.7998","wordfile":[{"path":"audios\/wordfile-6590631715e07.wav","mime":"audio\/x-wav","copyright":{"license":"U"}}]},{"text":" \u0439\u0434\u0435. ","startDuration":"0.8008","endDuration":"1.2160","wordfile":[{"path":"audios\/wordfile-659063300880c.wav","mime":"audio\/x-wav","copyright":{"license":"U"}}]}],"files":[{"path":"audios\/files-659062fbed67c.wav","mime":"audio\/x-wav","copyright":{"license":"U"}}]},"subContentId":"673ab3f7-905e-4243-94ec-042a28876879","metadata":{"contentType":"Curious Reader Audio","license":"U","title":"Untitled Curious Reader Audio"}},"backgroundOpacity":0,"willDoAnimation":false,"animationType":"glow","displayAsButton":false,"buttonSize":"big","goToSlideType":"specified","invisible":false},{"x":30.501089324618736,"y":21.50537634408602,"width":23.638344226579523,"height":40,"action":{"library":"H5P.Image 1.1","params":{"contentName":"Image"},"subContentId":"aaa0a0a5-a7c7-4f8f-ab8e-5f7f3f4b51e4","metadata":{"contentType":"Image","license":"U","title":"Untitled Image"}},"backgroundOpacity":0,"willDoAnimation":true,"animationType":"glow","displayAsButton":false,"buttonSize":"big","goToSlideType":"specified","invisible":false,"id":"img673ab3f7-905e-4243-94ec-042a28876879_0"}],"slideBackgroundSelector":{}},{"elements":[{"x":28.32244008714597,"y":2.150537634408602,"width":39.97821350762527,"height":68.81720430107526,"action":{"library":"H5P.Image 1.1","params":{"contentName":"Image","file":{"path":"images\/file-65831ad1bdd16.jpg","mime":"image\/jpeg","copyright":{"license":"U"},"width":1024,"height":1104}},"subContentId":"af20be75-1247-4e4a-8d9d-7e7aedb3d0ab","metadata":{"contentType":"Image","license":"U","title":"Untitled Image"}},"backgroundOpacity":0,"willDoAnimation":false,"animationType":"glow","displayAsButton":false,"buttonSize":"big","goToSlideType":"specified","invisible":false},{"x":29.411479591836738,"y":79.52619647355164,"width":44.642857142857146,"height":16.120906801007557,"action":{"library":"H5P.CRAdvancedText 1.1","params":{"text":"<p dir=\"ltr\" style=\"text-align: center;\"><span style=\"font-size:1.75em;\"><span style=\"color:#ffffff;\">\u041a\u0430\u0447\u043a\u0430 \u0432\u0445\u043e\u0434\u0438\u0442\u044c \u0443 \u0432\u043e\u0434\u0443.<\/span><\/span><\/p>\n"},"subContentId":"2b646078-b12f-456e-842b-44aba99eca30","metadata":{"contentType":"Text","license":"U","title":"Untitled Text"}},"alwaysDisplayComments":false,"backgroundOpacity":0,"willDoAnimation":false,"animationType":"glow","displayAsButton":false,"buttonSize":"big","goToSlideType":"specified","invisible":false,"solution":""},{"x":47.00255102040816,"y":43.95465994962216,"width":40,"height":40,"action":{"library":"H5P.CRAudio 1.4","params":{"fitToWrapper":true,"currIndex":3,"playerMode":"minimalistic","controls":true,"autoplay":true,"playAudio":"Play audio","pauseAudio":"Pause audio","contentName":"Audio","glowColor":"#ffd85a","timeStampForEachText":[{"text":" \u041a\u0430\u0447\u043a\u0430 ","startDuration":"0.0000","endDuration":"0.5385","wordfile":[{"path":"audios\/wordfile-6590635705140.wav","mime":"audio\/x-wav","copyright":{"license":"U"}}]},{"text":" \u0432\u0445\u043e\u0434\u0438\u0442\u044c ","startDuration":"0.5395","endDuration":"1.1062","wordfile":[{"path":"audios\/wordfile-65906374a00d4.wav","mime":"audio\/x-wav","copyright":{"license":"U"}}]},{"text":" \u0443 ","startDuration":"1.1072","endDuration":"1.3072","wordfile":[{"path":"audios\/wordfile-6590638864a3b.wav","mime":"audio\/x-wav","copyright":{"license":"U"}}]},{"text":" \u0432\u043e\u0434\u0443. ","startDuration":"1.3082","endDuration":"1.8211","wordfile":[{"path":"audios\/wordfile-659063a047c82.wav","mime":"audio\/x-wav","copyright":{"license":"U"}}]}],"files":[{"path":"audios\/files-65906342261c1.wav","mime":"audio\/x-wav","copyright":{"license":"U"}}]},"subContentId":"def6e337-9099-463a-bf97-9f85961898f8","metadata":{"contentType":"Curious Reader Audio","license":"U","title":"Untitled Curious Reader Audio"}},"backgroundOpacity":0,"willDoAnimation":false,"animationType":"glow","displayAsButton":false,"buttonSize":"big","goToSlideType":"specified","invisible":false},{"x":30.501089324618736,"y":8.602150537634408,"width":17.10239651416122,"height":40,"action":{"library":"H5P.Image 1.1","params":{"contentName":"Image"},"subContentId":"30c72ed3-99cb-44d1-ac3e-8626fd488f99","metadata":{"contentType":"Image","license":"U","title":"Untitled Image"}},"backgroundOpacity":0,"willDoAnimation":true,"animationType":"glow","displayAsButton":false,"buttonSize":"big","goToSlideType":"specified","invisible":false,"id":"imgdef6e337-9099-463a-bf97-9f85961898f8_0"},{"x":46.84095860566449,"y":34.36817204301075,"width":9.477124183006536,"height":18.709677419354836,"action":{"library":"H5P.Image 1.1","params":{"contentName":"Image"},"subContentId":"06961c6d-ed53-46cf-8c89-f187bed47b69","metadata":{"contentType":"Image","license":"U","title":"Untitled Image"}},"backgroundOpacity":0,"willDoAnimation":true,"animationType":"glow","displayAsButton":false,"buttonSize":"big","goToSlideType":"specified","invisible":false,"id":"imgdef6e337-9099-463a-bf97-9f85961898f8_0"},{"x":55.55555555555556,"y":27.94021505376344,"width":5.119825708061002,"height":18.709677419354836,"action":{"library":"H5P.Image 1.1","params":{"contentName":"Image"},"subContentId":"404caa50-d602-4a7f-990e-ed2707c32405","metadata":{"contentType":"Image","license":"U","title":"Untitled Image"}},"backgroundOpacity":0,"willDoAnimation":true,"animationType":"glow","displayAsButton":false,"buttonSize":"big","goToSlideType":"specified","invisible":false,"id":"imgdef6e337-9099-463a-bf97-9f85961898f8_0"},{"x":53.37690631808278,"y":25.791397849462367,"width":14.923747276688454,"height":35.69892473118279,"action":{"library":"H5P.Image 1.1","params":{"contentName":"Image"},"subContentId":"4adf8806-0fad-4786-a36f-e71c69e23b24","metadata":{"contentType":"Image","license":"U","title":"Untitled Image"}},"backgroundOpacity":0,"willDoAnimation":true,"animationType":"glow","displayAsButton":false,"buttonSize":"big","goToSlideType":"specified","invisible":false,"id":"imgdef6e337-9099-463a-bf97-9f85961898f8_3"}],"slideBackgroundSelector":{}},{"elements":[{"x":31.59041394335512,"y":2.150537634408602,"width":39.97821350762527,"height":70.96774193548387,"action":{"library":"H5P.Image 1.1","params":{"contentName":"Image","file":{"path":"images\/file-65831b138940b.jpg","mime":"image\/jpeg","copyright":{"license":"U"},"width":1024,"height":1104}},"subContentId":"19d13a31-42ad-458f-b213-0212172b804b","metadata":{"contentType":"Image","license":"U","title":"Untitled Image"}},"backgroundOpacity":0,"willDoAnimation":false,"animationType":"glow","displayAsButton":false,"buttonSize":"big","goToSlideType":"specified","invisible":false},{"x":18.51851851851852,"y":77.28322580645161,"width":63.18082788671024,"height":18.279569892473116,"action":{"library":"H5P.CRAdvancedText 1.1","params":{"text":"<p style=\"text-align: center;\"><span style=\"color:#ffffff;\"><span style=\"font-size:1.625em;\">\u0412\u0438\u0434\u0440\u0430 \u043f\u043e\u0432\u0435\u0440\u0442\u0430\u0454\u0442\u044c\u0441\u044f \u043d\u0430 \u0441\u0443\u0445\u043e\u0434\u0456\u043b.<\/span><\/span><\/p>\n"},"subContentId":"db37d6c4-ca6f-4529-90b8-57f9abf591fd","metadata":{"contentType":"Text","license":"U","title":"Untitled Text"}},"alwaysDisplayComments":false,"backgroundOpacity":0,"willDoAnimation":false,"animationType":"glow","displayAsButton":false,"buttonSize":"big","goToSlideType":"specified","invisible":false,"solution":""},{"x":47.00255102040816,"y":43.95465994962216,"width":40,"height":40,"action":{"library":"H5P.CRAudio 1.4","params":{"fitToWrapper":true,"currIndex":4,"playerMode":"minimalistic","controls":true,"autoplay":true,"playAudio":"Play audio","pauseAudio":"Pause audio","contentName":"Audio","glowColor":"#ffd85a","timeStampForEachText":[{"text":" \u0412\u0438\u0434\u0440\u0430 ","startDuration":"0.0000","endDuration":"0.5952","wordfile":[{"path":"audios\/wordfile-659063d17b4e8.wav","mime":"audio\/x-wav","copyright":{"license":"U"}}]},{"text":" \u043f\u043e\u0432\u0435\u0440\u0442\u0430\u0454\u0442\u044c\u0441\u044f ","startDuration":"0.5962","endDuration":"1.5468","wordfile":[{"path":"audios\/wordfile-659063e28f425.wav","mime":"audio\/x-wav","copyright":{"license":"U"}}]},{"text":" \u043d\u0430 ","startDuration":"1.5478","endDuration":"1.7478","wordfile":[{"path":"audios\/wordfile-659063f6debc9.wav","mime":"audio\/x-wav","copyright":{"license":"U"}}]},{"text":" \u0441\u0443\u0445\u043e\u0434\u0456\u043b. ","startDuration":"1.7488","endDuration":"2.5543","wordfile":[{"path":"audios\/wordfile-6590640d3d5d2.wav","mime":"audio\/x-wav","copyright":{"license":"U"}}]}],"files":[{"path":"audios\/files-659063ba68caa.wav","mime":"audio\/x-wav","copyright":{"license":"U"}}]},"subContentId":"907e0c0c-8885-4393-9934-9c0be84f1c3f","metadata":{"contentType":"Curious Reader Audio","license":"U","title":"Untitled Curious Reader Audio"}},"backgroundOpacity":0,"willDoAnimation":false,"animationType":"glow","displayAsButton":false,"buttonSize":"big","goToSlideType":"specified","invisible":false},{"x":40.305010893246184,"y":27.923440860215052,"width":30.174291938997822,"height":33.76344086021505,"action":{"library":"H5P.Image 1.1","params":{"contentName":"Image"},"subContentId":"e6858760-0bd9-43c4-b5c5-d09988fbfcea","metadata":{"contentType":"Image","license":"U","title":"Untitled Image"}},"backgroundOpacity":0,"willDoAnimation":true,"animationType":"glow","displayAsButton":false,"buttonSize":"big","goToSlideType":"specified","invisible":false,"id":"img907e0c0c-8885-4393-9934-9c0be84f1c3f_0"}],"slideBackgroundSelector":{}},{"elements":[{"x":27.233115468409586,"y":2.150537634408602,"width":39.97821350762527,"height":68.81720430107526,"action":{"library":"H5P.Image 1.1","params":{"contentName":"Image","file":{"path":"images\/file-65831b5ea0e18.jpg","mime":"image\/jpeg","copyright":{"license":"U"},"width":1024,"height":1104}},"subContentId":"138ad313-54aa-4d7c-976c-943dee79f94d","metadata":{"contentType":"Image","license":"U","title":"Untitled Image"}},"backgroundOpacity":0,"willDoAnimation":false,"animationType":"glow","displayAsButton":false,"buttonSize":"big","goToSlideType":"specified","invisible":false},{"x":15.250544662309368,"y":72.99225806451612,"width":62.091503267973856,"height":20.43010752688172,"action":{"library":"H5P.CRAdvancedText 1.1","params":{"text":"<p style=\"text-align: center;\"><span style=\"font-size:1.75em;\"><span style=\"color:#ffffff;\">\u0421\u043b\u043e\u043d \u0442\u044f\u0433\u043d\u0435 \u0448\u043c\u0430\u0442\u043e\u043a \u0434\u0435\u0440\u0435\u0432\u0430.<\/span><\/span><\/p>\n"},"subContentId":"179ec519-ce70-4843-bd6f-c08e0b43745a","metadata":{"contentType":"Text","license":"U","title":"Untitled Text"}},"alwaysDisplayComments":false,"backgroundOpacity":0,"willDoAnimation":false,"animationType":"glow","displayAsButton":false,"buttonSize":"big","goToSlideType":"specified","invisible":false,"solution":""},{"x":47.00255102040816,"y":43.95465994962216,"width":40,"height":40,"action":{"library":"H5P.CRAudio 1.4","params":{"fitToWrapper":true,"currIndex":5,"playerMode":"minimalistic","controls":true,"autoplay":true,"playAudio":"Play audio","pauseAudio":"Pause audio","contentName":"Audio","glowColor":"#ffd85a","timeStampForEachText":[{"text":" \u0421\u043b\u043e\u043d ","startDuration":"0.0000","endDuration":"0.6917","wordfile":[{"path":"audios\/wordfile-65906431bedc0.wav","mime":"audio\/x-wav","copyright":{"license":"U"}}]},{"text":" \u0442\u044f\u0433\u043d\u0435 ","startDuration":"0.6927","endDuration":"1.0543","wordfile":[{"path":"audios\/wordfile-6590644f8648f.wav","mime":"audio\/x-wav","copyright":{"license":"U"}}]},{"text":" \u0448\u043c\u0430\u0442\u043e\u043a ","startDuration":"1.0553","endDuration":"1.7961","wordfile":[{"path":"audios\/wordfile-65906462a0499.wav","mime":"audio\/x-wav","copyright":{"license":"U"}}]},{"text":" \u0434\u0435\u0440\u0435\u0432\u0430. ","startDuration":"1.7971","endDuration":"2.5379","wordfile":[{"path":"audios\/wordfile-659064812b510.wav","mime":"audio\/x-wav","copyright":{"license":"U"}}]}],"files":[{"path":"audios\/files-6590641f83a14.wav","mime":"audio\/x-wav","copyright":{"license":"U"}}]},"subContentId":"6163524b-91c3-4d06-a07e-eb156598eab3","metadata":{"contentType":"Curious Reader Audio","license":"U","title":"Untitled Curious Reader Audio"}},"backgroundOpacity":0,"willDoAnimation":false,"animationType":"glow","displayAsButton":false,"buttonSize":"big","goToSlideType":"specified","invisible":false},{"x":31.59041394335512,"y":21.50537634408602,"width":19.281045751633986,"height":29.462365591397848,"action":{"library":"H5P.Image 1.1","params":{"contentName":"Image"},"subContentId":"6033d49f-a60d-4e8f-9f2f-dbbf5517f5ca","metadata":{"contentType":"Image","license":"U","title":"Untitled Image"}},"backgroundOpacity":0,"willDoAnimation":true,"animationType":"glow","displayAsButton":false,"buttonSize":"big","goToSlideType":"specified","invisible":false,"id":"img6163524b-91c3-4d06-a07e-eb156598eab3_0"},{"x":39.21568627450981,"y":45.16129032258064,"width":18.51851851851852,"height":18.279569892473116,"action":{"library":"H5P.Image 1.1","params":{"contentName":"Image"},"subContentId":"967b2543-9261-4938-821d-1fa9cc16803d","metadata":{"contentType":"Image","license":"U","title":"Untitled Image"}},"backgroundOpacity":0,"willDoAnimation":true,"animationType":"glow","displayAsButton":false,"buttonSize":"big","goToSlideType":"specified","invisible":false,"id":"img6163524b-91c3-4d06-a07e-eb156598eab3_2"},{"x":40.30501089324619,"y":45.16129032258064,"width":18.51851851851852,"height":18.279569892473116,"action":{"library":"H5P.Image 1.1","params":{"contentName":"Image"},"subContentId":"71bfef7e-b83c-4bd7-b9ad-62c6f4550cd1","metadata":{"contentType":"Image","license":"U","title":"Untitled Image"}},"backgroundOpacity":0,"willDoAnimation":true,"animationType":"glow","displayAsButton":false,"buttonSize":"big","goToSlideType":"specified","invisible":false,"id":"img6163524b-91c3-4d06-a07e-eb156598eab3_3"}],"slideBackgroundSelector":{}},{"elements":[{"x":28.322440087145967,"y":4.29436559139785,"width":39.97821350762527,"height":70.96774193548387,"action":{"library":"H5P.Image 1.1","params":{"contentName":"Image","file":{"path":"images\/file-65831ba2ca3fa.jpg","mime":"image\/jpeg","copyright":{"license":"U"},"width":1024,"height":1104}},"subContentId":"c68753a8-2e98-4278-b57e-cff21c6110e8","metadata":{"contentType":"Image","license":"U","title":"Untitled Image"}},"backgroundOpacity":0,"willDoAnimation":false,"animationType":"glow","displayAsButton":false,"buttonSize":"big","goToSlideType":"specified","invisible":false},{"x":27.233115468409586,"y":81.72043010752688,"width":39.97821350762527,"height":13.978494623655912,"action":{"library":"H5P.CRAdvancedText 1.1","params":{"text":"<p style=\"text-align: center;\"><span style=\"color:#ffffff;\"><span style=\"font-size:1.75em;\">\u041a\u0456\u043d\u044c \u0442\u044f\u0433\u043d\u0435 \u0432\u0456\u0437.<\/span><\/span><\/p>\n"},"subContentId":"209e6fbd-a59d-4163-a4d8-cd813ccf5435","metadata":{"contentType":"Text","license":"U","title":"Untitled Text"}},"alwaysDisplayComments":false,"backgroundOpacity":0,"willDoAnimation":false,"animationType":"glow","displayAsButton":false,"buttonSize":"big","goToSlideType":"specified","invisible":false,"solution":""},{"x":47.00255102040816,"y":43.95465994962216,"width":40,"height":40,"action":{"library":"H5P.CRAudio 1.4","params":{"fitToWrapper":true,"currIndex":6,"playerMode":"minimalistic","controls":true,"autoplay":true,"playAudio":"Play audio","pauseAudio":"Pause audio","contentName":"Audio","glowColor":"#ffd85a","timeStampForEachText":[{"text":" \u041a\u0456\u043d\u044c ","startDuration":"0.0000","endDuration":"0.4948","wordfile":[{"path":"audios\/wordfile-659065365f3f5.wav","mime":"audio\/x-wav","copyright":{"license":"U"}}]},{"text":" \u0442\u044f\u0433\u043d\u0435 ","startDuration":"0.4958","endDuration":"1.1150","wordfile":[{"path":"audios\/wordfile-659065485b37e.wav","mime":"audio\/x-wav","copyright":{"license":"U"}}]},{"text":" \u0432\u0456\u0437. ","startDuration":"1.1160","endDuration":"1.6154","wordfile":[{"path":"audios\/wordfile-6590656171d71.wav","mime":"audio\/x-wav","copyright":{"license":"U"}}]}],"files":[{"path":"audios\/files-65906492a3299.wav","mime":"audio\/x-wav","copyright":{"license":"U"}}]},"subContentId":"82617190-f104-4b15-90ec-06ddef4af92a","metadata":{"contentType":"Curious Reader Audio","license":"U","title":"Untitled Curious Reader Audio"}},"backgroundOpacity":0,"willDoAnimation":false,"animationType":"glow","displayAsButton":false,"buttonSize":"big","goToSlideType":"specified","invisible":false},{"x":41.394335511982575,"y":12.88643010752688,"width":17.10239651416122,"height":40,"action":{"library":"H5P.Image 1.1","params":{"contentName":"Image"},"subContentId":"cb84a2ea-2b1b-46e4-83f0-cdabc94c079f","metadata":{"contentType":"Image","license":"U","title":"Untitled Image"}},"backgroundOpacity":0,"willDoAnimation":true,"animationType":"glow","displayAsButton":false,"buttonSize":"big","goToSlideType":"specified","invisible":false,"id":"img82617190-f104-4b15-90ec-06ddef4af92a_0"},{"x":27.233115468409586,"y":27.906666666666663,"width":23.638344226579523,"height":25.161290322580644,"action":{"library":"H5P.Image 1.1","params":{"contentName":"Image"},"subContentId":"185b8741-dde5-46f3-adf2-e310c3966898","metadata":{"contentType":"Image","license":"U","title":"Untitled Image"}},"backgroundOpacity":0,"willDoAnimation":true,"animationType":"glow","displayAsButton":false,"buttonSize":"big","goToSlideType":"specified","invisible":false,"id":"img82617190-f104-4b15-90ec-06ddef4af92a_2"}],"slideBackgroundSelector":{}},{"elements":[{"x":29.411764705882355,"y":4.29436559139785,"width":39.97821350762527,"height":70.96774193548387,"action":{"library":"H5P.Image 1.1","params":{"contentName":"Image","file":{"path":"images\/file-65831be285345.jpg","mime":"image\/jpeg","copyright":{"license":"U"},"width":1024,"height":1104}},"subContentId":"5e15c7ac-663e-49c7-a409-d47ae27b65e0","metadata":{"contentType":"Image","license":"U","title":"Untitled Image"}},"backgroundOpacity":0,"willDoAnimation":false,"animationType":"glow","displayAsButton":false,"buttonSize":"big","goToSlideType":"specified","invisible":false},{"x":29.411764705882355,"y":79.56989247311827,"width":39.97821350762527,"height":13.978494623655912,"action":{"library":"H5P.CRAdvancedText 1.1","params":{"text":"<p style=\"text-align: center;\"><span style=\"font-size:1.75em;\"><span style=\"color:#ffffff;\">\u0417\u043c\u0456\u044f \u043f\u043e\u0432\u0437\u0435 \u043f\u043e \u0437\u0435\u043c\u043b\u0456.<\/span><\/span><\/p>\n"},"subContentId":"81448db5-bd9c-4ad4-8df9-fec5574f1a40","metadata":{"contentType":"Text","license":"U","title":"Untitled Text"}},"alwaysDisplayComments":false,"backgroundOpacity":0,"willDoAnimation":false,"animationType":"glow","displayAsButton":false,"buttonSize":"big","goToSlideType":"specified","invisible":false,"solution":""},{"x":47.00255102040816,"y":43.95465994962216,"width":40,"height":40,"action":{"library":"H5P.CRAudio 1.4","params":{"fitToWrapper":true,"currIndex":7,"playerMode":"minimalistic","controls":true,"autoplay":true,"playAudio":"Play audio","pauseAudio":"Pause audio","contentName":"Audio","glowColor":"#ffd85a","timeStampForEachText":[{"text":" \u0417\u043c\u0456\u044f ","startDuration":"0.0000","endDuration":"0.6905","wordfile":[{"path":"audios\/wordfile-6590658de6e28.wav","mime":"audio\/x-wav","copyright":{"license":"U"}}]},{"text":" \u043f\u043e\u0432\u0437\u0435 ","startDuration":"0.6915","endDuration":"1.3414","wordfile":[{"path":"audios\/wordfile-6590659e06d18.wav","mime":"audio\/x-wav","copyright":{"license":"U"}}]},{"text":" \u043f\u043e ","startDuration":"1.3424","endDuration":"1.5799","wordfile":[{"path":"audios\/wordfile-659065b25f614.wav","mime":"audio\/x-wav","copyright":{"license":"U"}}]},{"text":" \u0437\u0435\u043c\u043b\u0456. ","startDuration":"1.5809","endDuration":"2.0996","wordfile":[{"path":"audios\/wordfile-659065c8c2250.wav","mime":"audio\/x-wav","copyright":{"license":"U"}}]}],"files":[{"path":"audios\/files-65906573c7439.wav","mime":"audio\/x-wav","copyright":{"license":"U"}}]},"subContentId":"f4756a87-2b99-42b2-94b5-87383964e656","metadata":{"contentType":"Curious Reader Audio","license":"U","title":"Untitled Curious Reader Audio"}},"backgroundOpacity":0,"willDoAnimation":false,"animationType":"glow","displayAsButton":false,"buttonSize":"big","goToSlideType":"specified","invisible":false},{"x":31.59041394335512,"y":27.956989247311824,"width":36.710239651416124,"height":36.774193548387096,"action":{"library":"H5P.Image 1.1","params":{"contentName":"Image"},"subContentId":"3aebd636-1288-4c29-a904-178527083139","metadata":{"contentType":"Image","license":"U","title":"Untitled Image"}},"backgroundOpacity":0,"willDoAnimation":true,"animationType":"glow","displayAsButton":false,"buttonSize":"big","goToSlideType":"specified","invisible":false,"id":"imgf4756a87-2b99-42b2-94b5-87383964e656_0"},{"x":27.233115468409586,"y":49.32301075268818,"width":27.995642701525057,"height":27.741935483870964,"action":{"library":"H5P.Image 1.1","params":{"contentName":"Image"},"subContentId":"c8cd5e9e-92a3-4c85-9f7b-67c7993657ec","metadata":{"contentType":"Image","license":"U","title":"Untitled Image"}},"backgroundOpacity":0,"willDoAnimation":true,"animationType":"glow","displayAsButton":false,"buttonSize":"big","goToSlideType":"specified","invisible":false,"id":"imgf4756a87-2b99-42b2-94b5-87383964e656_3"},{"x":46.84095860566449,"y":30.196559139784945,"width":16.013071895424837,"height":15.698924731182794,"action":{"library":"H5P.Image 1.1","params":{"contentName":"Image"},"subContentId":"74b205b7-a14e-4924-bb43-0479031bb31e","metadata":{"contentType":"Image","license":"U","title":"Untitled Image"}},"backgroundOpacity":0,"willDoAnimation":true,"animationType":"glow","displayAsButton":false,"buttonSize":"big","goToSlideType":"specified","invisible":false,"id":"imgf4756a87-2b99-42b2-94b5-87383964e656_3"}],"slideBackgroundSelector":{}},{"elements":[{"x":17.429193899782135,"y":72.90817204301075,"width":59.912854030501094,"height":21.50537634408602,"action":{"library":"H5P.CRAdvancedText 1.1","params":{"text":"<p style=\"text-align: center;\"><span style=\"color:#ffffff;\"><span style=\"font-size:2.25em;\">\u041f\u0442\u0430\u0445\u0438 \u043b\u0435\u0442\u044f\u0442\u044c \u0443 \u043d\u0435\u0431\u0456.<\/span><\/span><\/p>\n"},"subContentId":"ca7f191a-37d5-488d-9491-527dde95e88a","metadata":{"contentType":"Text","license":"U","title":"Untitled Text"}},"alwaysDisplayComments":false,"backgroundOpacity":0,"willDoAnimation":false,"animationType":"glow","displayAsButton":false,"buttonSize":"big","goToSlideType":"specified","invisible":false,"solution":""},{"x":26.143790849673206,"y":2.147178494623656,"width":39.97821350762527,"height":66.66666666666666,"action":{"library":"H5P.Image 1.1","params":{"contentName":"Image","file":{"path":"images\/file-65831d4baff8f.jpg","mime":"image\/jpeg","copyright":{"license":"U"},"width":1024,"height":1104}},"subContentId":"57d80f10-41cc-4ab9-af85-be3720280f99","metadata":{"contentType":"Image","license":"U","title":"Untitled Image"}},"backgroundOpacity":0,"willDoAnimation":false,"animationType":"glow","displayAsButton":false,"buttonSize":"big","goToSlideType":"specified","invisible":false},{"x":47.00255102040816,"y":43.95465994962216,"width":40,"height":40,"action":{"library":"H5P.CRAudio 1.4","params":{"fitToWrapper":true,"currIndex":8,"playerMode":"minimalistic","controls":true,"autoplay":true,"playAudio":"Play audio","pauseAudio":"Pause audio","contentName":"Audio","glowColor":"#ffd85a","timeStampForEachText":[{"text":" \u041f\u0442\u0430\u0445\u0438 ","startDuration":"0.0000","endDuration":"0.6313","wordfile":[{"path":"audios\/wordfile-659065f17c861.wav","mime":"audio\/x-wav","copyright":{"license":"U"}}]},{"text":" \u043b\u0435\u0442\u044f\u0442\u044c ","startDuration":"0.6323","endDuration":"1.3903","wordfile":[{"path":"audios\/wordfile-659066120258f.wav","mime":"audio\/x-wav","copyright":{"license":"U"}}]},{"text":" \u0443 ","startDuration":"1.3913","endDuration":"1.5913","wordfile":[{"path":"audios\/wordfile-659066240b7ec.wav","mime":"audio\/x-wav","copyright":{"license":"U"}}]},{"text":" \u043d\u0435\u0431\u0456. ","startDuration":"1.5923","endDuration":"2.2326","wordfile":[{"path":"audios\/wordfile-65906635731e9.wav","mime":"audio\/x-wav","copyright":{"license":"U"}}]}],"files":[{"path":"audios\/files-659065dc24793.wav","mime":"audio\/x-wav","copyright":{"license":"U"}}]},"subContentId":"686847c7-3118-4a6b-9bfa-35d16bf19949","metadata":{"contentType":"Curious Reader Audio","license":"U","title":"Untitled Curious Reader Audio"}},"backgroundOpacity":0,"willDoAnimation":false,"animationType":"glow","displayAsButton":false,"buttonSize":"big","goToSlideType":"specified","invisible":false},{"x":34.85838779956427,"y":15.023526881720429,"width":18.191721132897605,"height":27.311827956989244,"action":{"library":"H5P.Image 1.1","params":{"contentName":"Image"},"subContentId":"db81c103-7eca-4468-84bc-5a887f7d4f0d","metadata":{"contentType":"Image","license":"U","title":"Untitled Image"}},"backgroundOpacity":0,"willDoAnimation":true,"animationType":"glow","displayAsButton":false,"buttonSize":"big","goToSlideType":"specified","invisible":false,"id":"img686847c7-3118-4a6b-9bfa-35d16bf19949_0"},{"x":51.19825708061002,"y":15.033591397849461,"width":10.56644880174292,"height":14.408602150537634,"action":{"library":"H5P.Image 1.1","params":{"contentName":"Image"},"subContentId":"4de5c919-2d8c-4425-b2fe-085c52bd64aa","metadata":{"contentType":"Image","license":"U","title":"Untitled Image"}},"backgroundOpacity":0,"willDoAnimation":true,"animationType":"glow","displayAsButton":false,"buttonSize":"big","goToSlideType":"specified","invisible":false,"id":"img686847c7-3118-4a6b-9bfa-35d16bf19949_0"},{"x":27.233115468409586,"y":0,"width":39.97821350762527,"height":23.01075268817204,"action":{"library":"H5P.Image 1.1","params":{"contentName":"Image"},"subContentId":"829d3b61-9e74-4f94-8309-f16e2b107765","metadata":{"contentType":"Image","license":"U","title":"Untitled Image"}},"backgroundOpacity":0,"willDoAnimation":true,"animationType":"glow","displayAsButton":false,"buttonSize":"big","goToSlideType":"specified","invisible":false,"id":"img686847c7-3118-4a6b-9bfa-35d16bf19949_3"}],"slideBackgroundSelector":{}},{"elements":[{"x":28.32244008714597,"y":6.451612903225806,"width":39.97821350762527,"height":66.66666666666666,"action":{"library":"H5P.Image 1.1","params":{"contentName":"Image","file":{"path":"images\/file-65831df5f06a6.jpg","mime":"image\/jpeg","copyright":{"license":"U"},"width":1024,"height":735}},"subContentId":"d222ce68-7efa-448b-a4b2-ea1f3fbac71f","metadata":{"contentType":"Image","license":"U","title":"Untitled Image"}},"backgroundOpacity":0,"willDoAnimation":false,"animationType":"glow","displayAsButton":false,"buttonSize":"big","goToSlideType":"specified","invisible":false}],"slideBackgroundSelector":{}},{"elements":[{"x":11.982570806100219,"y":6.451612903225806,"width":15.250544662309368,"height":15.268817204301074,"action":{"library":"H5P.Image 1.1","params":{"contentName":"Image","file":{"path":"images\/file-65831e32b2800.png","mime":"image\/png","copyright":{"license":"U"},"width":1350,"height":487}},"subContentId":"1085a3ab-ea5d-4a09-a91d-6a7952625bf7","metadata":{"contentType":"Image","license":"U","title":"Untitled Image"}},"backgroundOpacity":0,"willDoAnimation":false,"animationType":"glow","displayAsButton":false,"buttonSize":"big","goToSlideType":"specified","invisible":false},{"x":33.769063180827885,"y":6.451612903225806,"width":15.250544662309368,"height":15.268817204301074,"action":{"library":"H5P.Image 1.1","params":{"contentName":"Image","file":{"path":"images\/file-65831e42c1cf9.png","mime":"image\/png","copyright":{"license":"U"},"width":814,"height":202}},"subContentId":"2785156a-658b-4044-8615-4e454538838b","metadata":{"contentType":"Image","license":"U","title":"Untitled Image"}},"backgroundOpacity":0,"willDoAnimation":false,"animationType":"glow","displayAsButton":false,"buttonSize":"big","goToSlideType":"specified","invisible":false},{"x":54.46623093681917,"y":6.451612903225806,"width":39.97821350762527,"height":15.053763440860214,"action":{"library":"H5P.Image 1.1","params":{"contentName":"Image","file":{"path":"images\/file-65831e5ad7945.jpg","mime":"image\/jpeg","copyright":{"license":"U"},"width":1732,"height":354}},"subContentId":"77aaaf80-e5d8-4a40-975c-53835aa915ff","metadata":{"contentType":"Image","license":"U","title":"Untitled Image"}},"backgroundOpacity":0,"willDoAnimation":false,"animationType":"glow","displayAsButton":false,"buttonSize":"big","goToSlideType":"specified","invisible":false},{"x":5.446623093681917,"y":25.791397849462367,"width":93.24618736383442,"height":70.75268817204301,"action":{"library":"H5P.CRAdvancedText 1.1","params":{"text":"<h3 style=\"text-align: center;\">\u201c\u041b\u0435\u0432 \u0431\u0456\u0436\u0438\u0442\u044c, \u0430 \u043a\u043e\u0440\u043e\u0432\u0430 \u0439\u0434\u0435.\u201d credits<\/h3>\n\n<h3 style=\"text-align: center;\">This work, \u201c\u041b\u0435\u0432 \u0431\u0456\u0436\u0438\u0442\u044c, \u0430 \u043a\u043e\u0440\u043e\u0432\u0430 \u0439\u0434\u0435. \u201c is a derivative  of The Lion Runs and the Cow Walks is written by All Children Reading Cambodia. \u00a9 The Asia Foundation , 2019. Some rights reserved. Released under CC BY 4.0 license.<\/h3>\n\n<h3 style=\"text-align: center;\">\u201c\u041b\u0435\u0432 \u0431\u0456\u0436\u0438\u0442\u044c, \u0430 \u043a\u043e\u0440\u043e\u0432\u0430 \u0439\u0434\u0435.\u201d is licensed under CC BY 4.0 by Curious Learning.<\/h3>\n\n<h3 style=\"text-align: center;\">&nbsp;<\/h3>\n\n<h3 style=\"text-align: center;\">Book builder - Abraham Jerry Kakooza<\/h3>\n"},"subContentId":"acb72884-2c08-4f72-9178-060c6cd88ce2","metadata":{"contentType":"Text","license":"U","title":"Untitled Text"}},"alwaysDisplayComments":false,"backgroundOpacity":0,"willDoAnimation":false,"animationType":"glow","displayAsButton":false,"buttonSize":"big","goToSlideType":"specified","invisible":false,"solution":""}],"slideBackgroundSelector":{}}],"keywordListEnabled":true,"globalBackgroundSelector":{},"keywordListAlwaysShow":false,"keywordListAutoHide":false,"keywordListOpacity":90},"override":{"activeSurface":false,"hideSummarySlide":false,"summarySlideSolutionButton":true,"summarySlideRetryButton":true,"enablePrintButton":false,"social":{"showFacebookShare":false,"facebookShare":{"url":"@currentpageurl","quote":"I scored @score out of @maxScore on a task at @currentpageurl."},"showTwitterShare":false,"twitterShare":{"statement":"I scored @score out of @maxScore on a task at @currentpageurl.","url":"@currentpageurl","hashtags":"h5p, course"},"showGoogleShare":false,"googleShareUrl":"@currentpageurl"}},"l10n":{"slide":"Slide","score":"Score","yourScore":"Your Score","maxScore":"Max Score","total":"Total","totalScore":"Total Score","showSolutions":"Show solutions","retry":"Retry","exportAnswers":"Export text","hideKeywords":"Hide sidebar navigation menu","showKeywords":"Show sidebar navigation menu","fullscreen":"Fullscreen","exitFullscreen":"Exit fullscreen","prevSlide":"Previous slide","nextSlide":"Next slide","currentSlide":"Current slide","lastSlide":"Last slide","solutionModeTitle":"Exit solution mode","solutionModeText":"Solution Mode","summaryMultipleTaskText":"Multiple tasks","scoreMessage":"You achieved:","shareFacebook":"Share on Facebook","shareTwitter":"Share on Twitter","shareGoogle":"Share on Google+","summary":"Summary","solutionsButtonTitle":"Show comments","printTitle":"Print","printIngress":"How would you like to print this presentation?","printAllSlides":"Print all slides","printCurrentSlide":"Print current slide","noTitle":"No title","accessibilitySlideNavigationExplanation":"Use left and right arrow to change slide in that direction whenever canvas is selected.","accessibilityCanvasLabel":"Presentation canvas. Use left and right arrow to move between slides.","containsNotCompleted":"@slideName contains not completed interaction","containsCompleted":"@slideName contains completed interaction","slideCount":"Slide @index of @total","containsOnlyCorrect":"@slideName only has correct answers","containsIncorrectAnswers":"@slideName has incorrect answers","shareResult":"Share Result","accessibilityTotalScore":"You got @score of @maxScore points in total","accessibilityEnteredFullscreen":"Entered fullscreen","accessibilityExitedFullscreen":"Exited fullscreen"}}