{"presentation":{"slides":[{"elements":[{"x":16.581632653061224,"y":10.075566750629722,"width":68.11224489795919,"height":68.01007556675063,"action":{"library":"H5P.Image 1.1","params":{"contentName":"Image","file":{"path":"images\/file-62264b67a61a5.jpg","mime":"image\/jpeg","copyright":{"license":"U"},"width":959,"height":459}},"metadata":{"contentType":"Image","license":"U","title":"Untitled Image"},"subContentId":"33a5e4f5-f54c-4b5f-b6cd-f3cbb989b58f"},"backgroundOpacity":0,"willDoAnimation":false,"animationType":"glow","displayAsButton":false,"buttonSize":"big","goToSlideType":"specified","invisible":false},{"x":22.95918367346939,"y":80.85642317380352,"width":54.8469387755102,"height":12.594458438287154,"action":{"library":"H5P.CRAdvancedText 1.1","params":{"text":"<p style=\"text-align: center;\"><span style=\"font-size:3em;\"><span style=\"color:#ffffff;\"><strong><span style=\"background-color:#000000;\">I AM NOT AFRAID<\/span><\/strong><\/span><\/span><\/p>\n"},"metadata":{"contentType":"Text","license":"U","title":"Untitled Text"},"subContentId":"bfd89c2a-0cd7-43c6-91a6-5122369ec972"},"alwaysDisplayComments":false,"backgroundOpacity":0,"willDoAnimation":false,"animationType":"glow","displayAsButton":false,"buttonSize":"big","goToSlideType":"specified","invisible":false,"solution":""}],"slideBackgroundSelector":{"fillSlideBackground":"#7e7f83"}},{"elements":[{"x":18.877551020408163,"y":7.808564231738035,"width":60.45918367346939,"height":60.45340050377833,"action":{"library":"H5P.Image 1.1","params":{"contentName":"Image","file":{"path":"images\/file-62264cffc5e51.jpg","mime":"image\/jpeg","copyright":{"license":"U"},"width":959,"height":459}},"metadata":{"contentType":"Image","license":"U","title":"Untitled Image"},"subContentId":"660bfe46-ab6f-4559-9d5a-fb6456bcdbf1"},"backgroundOpacity":0,"willDoAnimation":false,"animationType":"glow","displayAsButton":false,"buttonSize":"big","goToSlideType":"specified","invisible":false},{"x":6.887755102040816,"y":69.52141057934509,"width":88.01020408163265,"height":30.226700251889167,"action":{"library":"H5P.CRAdvancedText 1.1","params":{"text":"<p style=\"text-align: center;\"><span style=\"color:#ffffff;\"><span style=\"font-size:2.25em;\">I am a big girl. I can leave the house alone.&nbsp;&nbsp;<\/span><\/span><\/p>\n"},"metadata":{"contentType":"Text","license":"U","title":"Untitled Text"},"subContentId":"1db732df-a096-4023-805c-756dcdf05e0f"},"alwaysDisplayComments":false,"backgroundOpacity":0,"willDoAnimation":false,"animationType":"glow","displayAsButton":false,"buttonSize":"big","goToSlideType":"specified","invisible":false,"solution":""},{"x":47.00255102040816,"y":43.95465994962216,"width":40,"height":40,"action":{"library":"H5P.CRAudio 1.4","params":{"fitToWrapper":true,"currIndex":1,"playerMode":"minimalistic","controls":true,"autoplay":true,"playAudio":"Play audio","pauseAudio":"Pause audio","contentName":"Audio","glowColor":"#efff00","files":[{"path":"audios\/files-622fdfe10894e.wav","mime":"audio\/x-wav","copyright":{"license":"U"}}],"timeStampForEachText":[{"text":" I ","startDuration":"0.0000","endDuration":"0.3673","wordfile":[{"path":"audios\/wordfile-623260d0795f3.wav","mime":"audio\/x-wav","copyright":{"license":"U"}}]},{"text":" am ","startDuration":"0.3673","endDuration":"0.5735","wordfile":[{"path":"audios\/wordfile-6232613278a12.wav","mime":"audio\/x-wav","copyright":{"license":"U"}}]},{"text":" a ","startDuration":"0.5735","endDuration":"0.8282","wordfile":[{"path":"audios\/wordfile-62326149871f6.wav","mime":"audio\/x-wav","copyright":{"license":"U"}}]},{"text":" big ","startDuration":"0.8282","endDuration":"1.2742","wordfile":[{"path":"audios\/wordfile-623277ae9b6d6.wav","mime":"audio\/x-wav","copyright":{"license":"U"}}]},{"text":" girl. ","startDuration":"1.2742","endDuration":"1.9411","wordfile":[{"path":"audios\/wordfile-623277ce1d594.wav","mime":"audio\/x-wav","copyright":{"license":"U"}}]},{"text":" I ","startDuration":"1.9421","endDuration":"2.4346","wordfile":[{"path":"audios\/wordfile-623277e2ed57c.wav","mime":"audio\/x-wav","copyright":{"license":"U"}}]},{"text":" can ","startDuration":"2.4348","endDuration":"2.6717","wordfile":[{"path":"audios\/wordfile-6232781f84549.wav","mime":"audio\/x-wav","copyright":{"license":"U"}}]},{"text":" leave ","startDuration":"2.6720","endDuration":"2.9258","wordfile":[{"path":"audios\/wordfile-6232783d15221.wav","mime":"audio\/x-wav","copyright":{"license":"U"}}]},{"text":" the ","startDuration":"2.9260","endDuration":"3.1260","wordfile":[{"path":"audios\/wordfile-6232785ab34a4.wav","mime":"audio\/x-wav","copyright":{"license":"U"}}]},{"text":" house ","startDuration":"3.1265","endDuration":"3.5356","wordfile":[{"path":"audios\/wordfile-623278784866d.wav","mime":"audio\/x-wav","copyright":{"license":"U"}}]},{"text":" alone.\u00a0\u00a0 ","startDuration":"3.5360","endDuration":"4.4322","wordfile":[{"path":"audios\/wordfile-6232788eef05b.wav","mime":"audio\/x-wav","copyright":{"license":"U"}}]}]},"metadata":{"contentType":"Curious Reader Audio","license":"U","title":"Untitled Curious Reader Audio"},"subContentId":"8aaffdc8-f3e8-47c6-9817-618bcc709ce3"},"backgroundOpacity":0,"willDoAnimation":false,"animationType":"glow","displayAsButton":false,"buttonSize":"big","goToSlideType":"specified","invisible":false},{"x":25.510204081632654,"y":32.71612090680101,"width":14.923469387755102,"height":37.531486146095716,"action":{"library":"H5P.Image 1.1","params":{"contentName":"Image"},"subContentId":"a959ba38-7ad9-4a16-be66-4e23ab97ae77","metadata":{"contentType":"Image","license":"U","title":"Untitled Image"}},"backgroundOpacity":0,"willDoAnimation":true,"animationType":"glow","displayAsButton":false,"buttonSize":"big","goToSlideType":"specified","invisible":false,"id":"img8aaffdc8-f3e8-47c6-9817-618bcc709ce3_4"},{"x":12.755102040816327,"y":5.029924433249371,"width":18.75,"height":67.2544080604534,"action":{"library":"H5P.Image 1.1","params":{"contentName":"Image"},"subContentId":"750d9595-0560-4beb-a9c4-8004b1e28627","metadata":{"contentType":"Image","license":"U","title":"Untitled Image"}},"backgroundOpacity":0,"willDoAnimation":true,"animationType":"glow","displayAsButton":false,"buttonSize":"big","goToSlideType":"specified","invisible":false,"id":"img8aaffdc8-f3e8-47c6-9817-618bcc709ce3_9"}],"slideBackgroundSelector":{}},{"elements":[{"x":19.92283163265306,"y":7.548816120906801,"width":62.88265306122449,"height":62.97229219143576,"action":{"library":"H5P.Image 1.1","params":{"contentName":"Image","file":{"path":"images\/file-62264e1999d4d.jpg","mime":"image\/jpeg","copyright":{"license":"U"},"width":959,"height":459}},"metadata":{"contentType":"Image","license":"U","title":"Untitled Image"},"subContentId":"651ee489-4c1f-4c29-a970-ac9ea609d3b1"},"backgroundOpacity":0,"willDoAnimation":false,"animationType":"glow","displayAsButton":false,"buttonSize":"big","goToSlideType":"specified","invisible":false},{"x":5.1020408163265305,"y":71.28463476070529,"width":88.77551020408164,"height":27.707808564231737,"action":{"library":"H5P.CRAdvancedText 1.1","params":{"text":"<p style=\"text-align: center;\"><span style=\"font-size:2.25em;\"><span style=\"color:#ffffff;\">&nbsp;It is so dark! Is someone there? Who is it?<\/span><\/span><\/p>\n"},"metadata":{"contentType":"Text","license":"U","title":"Untitled Text"},"subContentId":"feae741b-7616-4887-b002-468cacef32a1"},"alwaysDisplayComments":false,"backgroundOpacity":0,"willDoAnimation":false,"animationType":"glow","displayAsButton":false,"buttonSize":"big","goToSlideType":"specified","invisible":false,"solution":""},{"x":47.00255102040816,"y":43.95465994962216,"width":40,"height":40,"action":{"library":"H5P.CRAudio 1.4","params":{"fitToWrapper":true,"currIndex":2,"playerMode":"minimalistic","controls":true,"autoplay":true,"playAudio":"Play audio","pauseAudio":"Pause audio","contentName":"Audio","glowColor":"#efff00","files":[{"path":"audios\/files-622fe04bbda80.wav","mime":"audio\/x-wav","copyright":{"license":"U"}}],"timeStampForEachText":[{"text":" \u00a0It ","startDuration":"0.0000","endDuration":"0.3191","wordfile":[{"path":"audios\/wordfile-623278faafb68.wav","mime":"audio\/x-wav","copyright":{"license":"U"}}]},{"text":" is ","startDuration":"0.3201","endDuration":"0.6142","wordfile":[{"path":"audios\/wordfile-6232790b2d73f.wav","mime":"audio\/x-wav","copyright":{"license":"U"}}]},{"text":" so ","startDuration":"0.6152","endDuration":"1.1099","wordfile":[{"path":"audios\/wordfile-6232791bdf078.wav","mime":"audio\/x-wav","copyright":{"license":"U"}}]},{"text":" dark! ","startDuration":"1.1109","endDuration":"1.7874","wordfile":[{"path":"audios\/wordfile-623279310e1a2.wav","mime":"audio\/x-wav","copyright":{"license":"U"}}]},{"text":" Is ","startDuration":"1.7884","endDuration":"2.2141","wordfile":[{"path":"audios\/wordfile-62327942994d9.wav","mime":"audio\/x-wav","copyright":{"license":"U"}}]},{"text":" someone ","startDuration":"2.2151","endDuration":"2.6847","wordfile":[{"path":"audios\/wordfile-623279548629e.wav","mime":"audio\/x-wav","copyright":{"license":"U"}}]},{"text":" there? ","startDuration":"2.6857","endDuration":"3.3058","wordfile":[{"path":"audios\/wordfile-6232796e7d43d.wav","mime":"audio\/x-wav","copyright":{"license":"U"}}]},{"text":" Who ","startDuration":"3.3068","endDuration":"3.8391","wordfile":[{"path":"audios\/wordfile-623279830cfae.wav","mime":"audio\/x-wav","copyright":{"license":"U"}}]},{"text":" is ","startDuration":"3.8395","endDuration":"4.0966","wordfile":[{"path":"audios\/wordfile-6232799a9f2a4.wav","mime":"audio\/x-wav","copyright":{"license":"U"}}]},{"text":" it? ","startDuration":"4.0970","endDuration":"4.6526","wordfile":[{"path":"audios\/wordfile-62327a5d5fc88.wav","mime":"audio\/x-wav","copyright":{"license":"U"}}]}]},"metadata":{"contentType":"Curious Reader Audio","license":"U","title":"Untitled Curious Reader Audio"},"subContentId":"e11c9b8b-9364-4ef2-9143-914d69683f23"},"backgroundOpacity":0,"willDoAnimation":false,"animationType":"glow","displayAsButton":false,"buttonSize":"big","goToSlideType":"specified","invisible":false}],"slideBackgroundSelector":{}},{"elements":[{"x":17.857142857142858,"y":10.055894206549118,"width":68.11224489795919,"height":68.01007556675063,"action":{"library":"H5P.Image 1.1","params":{"contentName":"Image","file":{"path":"images\/file-62264ef807553.jpg","mime":"image\/jpeg","copyright":{"license":"U"},"width":959,"height":459}},"metadata":{"contentType":"Image","license":"U","title":"Untitled Image"},"subContentId":"84208612-8022-488a-992b-89358811617c"},"backgroundOpacity":0,"willDoAnimation":false,"animationType":"glow","displayAsButton":false,"buttonSize":"big","goToSlideType":"specified","invisible":false},{"x":0.3826530612244898,"y":80.60453400503778,"width":98.72448979591837,"height":17.884130982367758,"action":{"library":"H5P.CRAdvancedText 1.1","params":{"text":"<p style=\"text-align: center;\"><span style=\"font-size:2.25em;\"><span style=\"color:#ffffff;\">Oh, it is only the cat. I am not afraid. <\/span><\/span><\/p>\n"},"metadata":{"contentType":"Text","license":"U","title":"Untitled Text"},"subContentId":"ad716ebb-b8e8-435a-aef1-1b91a643d5ac"},"alwaysDisplayComments":false,"backgroundOpacity":0,"willDoAnimation":false,"animationType":"glow","displayAsButton":false,"buttonSize":"big","goToSlideType":"specified","invisible":false,"solution":""},{"x":47.00255102040816,"y":43.95465994962216,"width":40,"height":40,"action":{"library":"H5P.CRAudio 1.4","params":{"fitToWrapper":true,"currIndex":3,"playerMode":"minimalistic","controls":true,"autoplay":true,"playAudio":"Play audio","pauseAudio":"Pause audio","contentName":"Audio","glowColor":"#efff00","files":[{"path":"audios\/files-622fe0933876e.wav","mime":"audio\/x-wav","copyright":{"license":"U"}}],"timeStampForEachText":[{"text":" Oh, ","startDuration":"0.0000","endDuration":"0.6963","wordfile":[{"path":"audios\/wordfile-62327c3eada5d.wav","mime":"audio\/x-wav","copyright":{"license":"U"}}]},{"text":" it ","startDuration":"0.6973","endDuration":"1.0648","wordfile":[{"path":"audios\/wordfile-62327c52ac2f6.wav","mime":"audio\/x-wav","copyright":{"license":"U"}}]},{"text":" is ","startDuration":"1.0650","endDuration":"1.3403","wordfile":[{"path":"audios\/wordfile-62327c6d272c4.wav","mime":"audio\/x-wav","copyright":{"license":"U"}}]},{"text":" only ","startDuration":"1.3413","endDuration":"1.8453","wordfile":[{"path":"audios\/wordfile-62327ca17bd6d.wav","mime":"audio\/x-wav","copyright":{"license":"U"}}]},{"text":" the ","startDuration":"1.8455","endDuration":"2.0025","wordfile":[{"path":"audios\/wordfile-62327ceb33dc4.wav","mime":"audio\/x-wav","copyright":{"license":"U"}}]},{"text":" cat. ","startDuration":"2.0035","endDuration":"2.8363","wordfile":[{"path":"audios\/wordfile-62327d01a98bb.wav","mime":"audio\/x-wav","copyright":{"license":"U"}}]},{"text":" I ","startDuration":"2.9924","endDuration":"3.3723","wordfile":[{"path":"audios\/wordfile-62327d1c3c691.wav","mime":"audio\/x-wav","copyright":{"license":"U"}}]},{"text":" am ","startDuration":"3.3733","endDuration":"3.6478","wordfile":[{"path":"audios\/wordfile-62327d36c127b.wav","mime":"audio\/x-wav","copyright":{"license":"U"}}]},{"text":" not ","startDuration":"3.6488","endDuration":"3.9046","wordfile":[{"path":"audios\/wordfile-62327d5579b2c.wav","mime":"audio\/x-wav","copyright":{"license":"U"}}]},{"text":" afraid. ","startDuration":"3.9050","endDuration":"4.6036","wordfile":[{"path":"audios\/wordfile-62327d6b3e82b.wav","mime":"audio\/x-wav","copyright":{"license":"U"}}]}]},"metadata":{"contentType":"Curious Reader Audio","license":"U","title":"Untitled Curious Reader Audio"},"subContentId":"86f4f11e-6c8a-441b-a997-b619ff8c05d3"},"backgroundOpacity":0,"willDoAnimation":false,"animationType":"glow","displayAsButton":false,"buttonSize":"big","goToSlideType":"specified","invisible":false},{"x":19.131632653061224,"y":40.29042821158691,"width":18.494897959183675,"height":44.58438287153652,"action":{"library":"H5P.Image 1.1","params":{"contentName":"Image"},"metadata":{"contentType":"Image","license":"U","title":"Untitled Image"},"subContentId":"d39c86b9-4e5e-49b8-89f4-986b8a6c35a6"},"backgroundOpacity":0,"willDoAnimation":true,"animationType":"glow","displayAsButton":false,"buttonSize":"big","goToSlideType":"specified","invisible":false,"id":"img86f4f11e-6c8a-441b-a997-b619ff8c05d3_5"}],"slideBackgroundSelector":{}},{"elements":[{"x":20.408163265306122,"y":7.556675062972292,"width":62.5,"height":62.46851385390428,"action":{"library":"H5P.Image 1.1","params":{"contentName":"Image","file":{"path":"images\/file-62264f904a297.jpg","mime":"image\/jpeg","copyright":{"license":"U"},"width":959,"height":459}},"metadata":{"contentType":"Image","license":"U","title":"Untitled Image"},"subContentId":"62c7f660-6e3a-4684-9fd9-02dca585af76"},"backgroundOpacity":0,"willDoAnimation":false,"animationType":"glow","displayAsButton":false,"buttonSize":"big","goToSlideType":"specified","invisible":false},{"x":1.913265306122449,"y":70.50931989924433,"width":95.66326530612245,"height":28.71536523929471,"action":{"library":"H5P.CRAdvancedText 1.1","params":{"text":"<p style=\"text-align: center;\"><span style=\"color:#ffffff;\"><span style=\"font-size:2.25em;\">I can see a big dark thing outside! What is it? <\/span><\/span><\/p>\n"},"metadata":{"contentType":"Text","license":"U","title":"Untitled Text"},"subContentId":"1ae7bf40-beb3-4abe-9920-f7fdf7e29227"},"alwaysDisplayComments":false,"backgroundOpacity":0,"willDoAnimation":false,"animationType":"glow","displayAsButton":false,"buttonSize":"big","goToSlideType":"specified","invisible":false,"solution":""},{"x":47.00255102040816,"y":43.95465994962216,"width":40,"height":40,"action":{"library":"H5P.CRAudio 1.4","params":{"fitToWrapper":true,"currIndex":4,"playerMode":"minimalistic","controls":true,"autoplay":true,"playAudio":"Play audio","pauseAudio":"Pause audio","contentName":"Audio","glowColor":"#efff00","files":[{"path":"audios\/files-622fe0d58e726.wav","mime":"audio\/x-wav","copyright":{"license":"U"}}],"timeStampForEachText":[{"text":" I ","startDuration":"0.0000","endDuration":"0.3810","wordfile":[{"path":"audios\/wordfile-62327dcd7718e.wav","mime":"audio\/x-wav","copyright":{"license":"U"}}]},{"text":" can ","startDuration":"0.3820","endDuration":"0.6168","wordfile":[{"path":"audios\/wordfile-62327de362c8a.wav","mime":"audio\/x-wav","copyright":{"license":"U"}}]},{"text":" see ","startDuration":"0.6178","endDuration":"0.8665","wordfile":[{"path":"audios\/wordfile-62327dfe7c794.wav","mime":"audio\/x-wav","copyright":{"license":"U"}}]},{"text":" a ","startDuration":"0.8669","endDuration":"1.1441","wordfile":[{"path":"audios\/wordfile-62327e1ddde6a.wav","mime":"audio\/x-wav","copyright":{"license":"U"}}]},{"text":" big ","startDuration":"1.1451","endDuration":"1.6376","wordfile":[{"path":"audios\/wordfile-62327e2de10ed.wav","mime":"audio\/x-wav","copyright":{"license":"U"}}]},{"text":" dark ","startDuration":"1.6386","endDuration":"2.1589","wordfile":[{"path":"audios\/wordfile-62327e40b9283.wav","mime":"audio\/x-wav","copyright":{"license":"U"}}]},{"text":" thing ","startDuration":"2.1599","endDuration":"2.5139","wordfile":[{"path":"audios\/wordfile-62327e5a7d91d.wav","mime":"audio\/x-wav","copyright":{"license":"U"}}]},{"text":" outside! ","startDuration":"2.5141","endDuration":"3.5497","wordfile":[{"path":"audios\/wordfile-62327e99282a3.wav","mime":"audio\/x-wav","copyright":{"license":"U"}}]},{"text":" What ","startDuration":"3.5507","endDuration":"4.1894","wordfile":[{"path":"audios\/wordfile-62327ead4844e.wav","mime":"audio\/x-wav","copyright":{"license":"U"}}]},{"text":" is ","startDuration":"4.1904","endDuration":"4.5575","wordfile":[{"path":"audios\/wordfile-62327ec596e8e.wav","mime":"audio\/x-wav","copyright":{"license":"U"}}]},{"text":" it? ","startDuration":"4.5585","endDuration":"5.1668","wordfile":[{"path":"audios\/wordfile-62327edc51859.wav","mime":"audio\/x-wav","copyright":{"license":"U"}}]}]},"metadata":{"contentType":"Curious Reader Audio","license":"U","title":"Untitled Curious Reader Audio"},"subContentId":"76e6f267-be6f-4a1a-aeb0-e1194ebf66a0"},"backgroundOpacity":0,"willDoAnimation":false,"animationType":"glow","displayAsButton":false,"buttonSize":"big","goToSlideType":"specified","invisible":false}],"slideBackgroundSelector":{}},{"elements":[{"x":19.13265306122449,"y":7.052896725440806,"width":65.56122448979592,"height":64.23173803526448,"action":{"library":"H5P.Image 1.1","params":{"contentName":"Image","file":{"path":"images\/file-6226502fc24e7.jpg","mime":"image\/jpeg","copyright":{"license":"U"},"width":959,"height":459}},"metadata":{"contentType":"Image","license":"U","title":"Untitled Image"},"subContentId":"fbf6f59d-58cf-423c-a68f-1f361565a6ab"},"backgroundOpacity":0,"willDoAnimation":false,"animationType":"glow","displayAsButton":false,"buttonSize":"big","goToSlideType":"specified","invisible":false},{"x":20.408163265306122,"y":71.28463476070529,"width":59.69387755102041,"height":27.95969773299748,"action":{"library":"H5P.CRAdvancedText 1.1","params":{"text":"<p style=\"text-align: center;\"><span style=\"color:#ffffff;\"><span style=\"font-size:2.25em;\">Oh, it is only the well. I am not afraid. <\/span><\/span><\/p>\n"},"metadata":{"contentType":"Text","license":"U","title":"Untitled Text"},"subContentId":"76185180-47c7-4a24-94c2-d5ec22e4399a"},"alwaysDisplayComments":false,"backgroundOpacity":0,"willDoAnimation":false,"animationType":"glow","displayAsButton":false,"buttonSize":"big","goToSlideType":"specified","invisible":false,"solution":""},{"x":47.00255102040816,"y":43.95465994962216,"width":40,"height":40,"action":{"library":"H5P.CRAudio 1.4","params":{"fitToWrapper":true,"currIndex":5,"playerMode":"minimalistic","controls":true,"autoplay":true,"playAudio":"Play audio","pauseAudio":"Pause audio","contentName":"Audio","glowColor":"#efff00","files":[{"path":"audios\/files-622fe1624e0cb.wav","mime":"audio\/x-wav","copyright":{"license":"U"}}],"timeStampForEachText":[{"text":" Oh, ","startDuration":"0.0000","endDuration":"0.8427","wordfile":[{"path":"audios\/wordfile-62327f481547a.wav","mime":"audio\/x-wav","copyright":{"license":"U"}}]},{"text":" it ","startDuration":"0.8437","endDuration":"1.1758","wordfile":[{"path":"audios\/wordfile-62327f6161cb8.wav","mime":"audio\/x-wav","copyright":{"license":"U"}}]},{"text":" is ","startDuration":"1.1768","endDuration":"1.4729","wordfile":[{"path":"audios\/wordfile-62327f70a4b55.wav","mime":"audio\/x-wav","copyright":{"license":"U"}}]},{"text":" only ","startDuration":"1.4739","endDuration":"1.9922","wordfile":[{"path":"audios\/wordfile-62327f880d48c.wav","mime":"audio\/x-wav","copyright":{"license":"U"}}]},{"text":" the ","startDuration":"1.9932","endDuration":"2.1932","wordfile":[{"path":"audios\/wordfile-62327f9f75cff.wav","mime":"audio\/x-wav","copyright":{"license":"U"}}]},{"text":" well. ","startDuration":"2.1942","endDuration":"2.8507","wordfile":[{"path":"audios\/wordfile-62327fb095fae.wav","mime":"audio\/x-wav","copyright":{"license":"U"}}]},{"text":" I ","startDuration":"2.8517","endDuration":"3.2799","wordfile":[{"path":"audios\/wordfile-62327fecf2bc4.wav","mime":"audio\/x-wav","copyright":{"license":"U"}}]},{"text":" am ","startDuration":"3.2809","endDuration":"3.4809","wordfile":[{"path":"audios\/wordfile-62327ffec1537.wav","mime":"audio\/x-wav","copyright":{"license":"U"}}]},{"text":" not ","startDuration":"3.4819","endDuration":"3.6699","wordfile":[{"path":"audios\/wordfile-62328020ed040.wav","mime":"audio\/x-wav","copyright":{"license":"U"}}]},{"text":" afraid. ","startDuration":"3.6709","endDuration":"4.4566","wordfile":[{"path":"audios\/wordfile-62328033a3b1d.wav","mime":"audio\/x-wav","copyright":{"license":"U"}}]}]},"metadata":{"contentType":"Curious Reader Audio","license":"U","title":"Untitled Curious Reader Audio"},"subContentId":"8e6e735a-697a-40e2-9379-a6239c61c587"},"backgroundOpacity":0,"willDoAnimation":false,"animationType":"glow","displayAsButton":false,"buttonSize":"big","goToSlideType":"specified","invisible":false},{"x":59.58329081632653,"y":8.548488664987405,"width":28.571428571428573,"height":47.10327455919395,"action":{"library":"H5P.Image 1.1","params":{"contentName":"Image"},"metadata":{"contentType":"Image","license":"U","title":"Untitled Image"},"subContentId":"d626dbec-ec73-440d-88b8-9f8a11ef1884"},"backgroundOpacity":0,"willDoAnimation":true,"animationType":"glow","displayAsButton":false,"buttonSize":"big","goToSlideType":"specified","invisible":false,"id":"img8e6e735a-697a-40e2-9379-a6239c61c587_5"}],"slideBackgroundSelector":{}},{"elements":[{"x":19.005102040816325,"y":7.556675062972292,"width":63.775510204081634,"height":62.46851385390428,"action":{"library":"H5P.Image 1.1","params":{"contentName":"Image","file":{"path":"images\/file-622650e56e0b1.jpg","mime":"image\/jpeg","copyright":{"license":"U"},"width":959,"height":459}},"metadata":{"contentType":"Image","license":"U","title":"Untitled Image"},"subContentId":"a17f57ec-cbdf-4aaf-bcf4-3a7146bfc43e"},"backgroundOpacity":0,"willDoAnimation":false,"animationType":"glow","displayAsButton":false,"buttonSize":"big","goToSlideType":"specified","invisible":false},{"x":8.928571428571429,"y":71.03274559193954,"width":81.63265306122449,"height":27.95969773299748,"action":{"library":"H5P.CRAdvancedText 1.1","params":{"text":"<p style=\"text-align: center;\"><span style=\"font-size:2.25em;\"><span style=\"color:#ffffff;\">And that sound! Creak creak creak! What is it? &nbsp;&nbsp;<\/span><\/span><\/p>\n"},"metadata":{"contentType":"Text","license":"U","title":"Untitled Text"},"subContentId":"96807820-bc22-4291-9345-edd0755e5a18"},"alwaysDisplayComments":false,"backgroundOpacity":0,"willDoAnimation":false,"animationType":"glow","displayAsButton":false,"buttonSize":"big","goToSlideType":"specified","invisible":false,"solution":""},{"x":47.00255102040816,"y":43.95465994962216,"width":40,"height":40,"action":{"library":"H5P.CRAudio 1.4","params":{"fitToWrapper":true,"currIndex":6,"playerMode":"minimalistic","controls":true,"autoplay":true,"playAudio":"Play audio","pauseAudio":"Pause audio","contentName":"Audio","glowColor":"#efff00","files":[{"path":"audios\/files-622fe1d1e575e.wav","mime":"audio\/x-wav","copyright":{"license":"U"}}],"timeStampForEachText":[{"text":" And ","startDuration":"0.0000","endDuration":"0.4239","wordfile":[{"path":"audios\/wordfile-623280b9467a4.wav","mime":"audio\/x-wav","copyright":{"license":"U"}}]},{"text":" that ","startDuration":"0.4240","endDuration":"0.7398","wordfile":[{"path":"audios\/wordfile-623280d521391.wav","mime":"audio\/x-wav","copyright":{"license":"U"}}]},{"text":" sound! ","startDuration":"0.7408","endDuration":"2.1764","wordfile":[{"path":"audios\/wordfile-6232810a9a910.wav","mime":"audio\/x-wav","copyright":{"license":"U"}}]},{"text":" Creak ","startDuration":"2.6099","endDuration":"3.2655","wordfile":[{"path":"audios\/wordfile-6232815bac966.wav","mime":"audio\/x-wav","copyright":{"license":"U"}}]},{"text":" creak ","startDuration":"3.2665","endDuration":"3.7368","wordfile":[{"path":"audios\/wordfile-6232817039ecd.wav","mime":"audio\/x-wav","copyright":{"license":"U"}}]},{"text":" creak! ","startDuration":"3.7378","endDuration":"4.4938","wordfile":[{"path":"audios\/wordfile-62328181ab0b6.wav","mime":"audio\/x-wav","copyright":{"license":"U"}}]},{"text":" What ","startDuration":"4.4948","endDuration":"4.8956","wordfile":[{"path":"audios\/wordfile-6232819c8f794.wav","mime":"audio\/x-wav","copyright":{"license":"U"}}]},{"text":" is ","startDuration":"4.8966","endDuration":"5.2280","wordfile":[{"path":"audios\/wordfile-623281ac6de45.wav","mime":"audio\/x-wav","copyright":{"license":"U"}}]},{"text":" it? ","startDuration":"5.2289","endDuration":"5.7300","wordfile":[{"path":"audios\/wordfile-623281e26bc5c.wav","mime":"audio\/x-wav","copyright":{"license":"U"}}]}]},"metadata":{"contentType":"Curious Reader Audio","license":"U","title":"Untitled Curious Reader Audio"},"subContentId":"407798e2-c91f-4305-9f69-349ea29a49f7"},"backgroundOpacity":0,"willDoAnimation":false,"animationType":"glow","displayAsButton":false,"buttonSize":"big","goToSlideType":"specified","invisible":false}],"slideBackgroundSelector":{}},{"elements":[{"x":21.683673469387756,"y":8.312342569269521,"width":64.66836734693878,"height":62.46851385390428,"action":{"library":"H5P.Image 1.1","params":{"contentName":"Image","file":{"path":"images\/file-6226517854c4a.jpg","mime":"image\/jpeg","copyright":{"license":"U"},"width":959,"height":459}},"metadata":{"contentType":"Image","license":"U","title":"Untitled Image"},"subContentId":"1a7db074-7da4-41aa-813f-970b27ff3439"},"backgroundOpacity":0,"willDoAnimation":false,"animationType":"glow","displayAsButton":false,"buttonSize":"big","goToSlideType":"specified","invisible":false},{"x":3.826530612244898,"y":70.7808564231738,"width":92.34693877551021,"height":28.211586901763223,"action":{"library":"H5P.CRAdvancedText 1.1","params":{"text":"<p style=\"text-align: center;\"><span style=\"color:#ffffff;\"><span style=\"font-size:2.25em;\">Only my sister drawing water from the well! I am not afraid. <\/span><\/span><\/p>\n"},"metadata":{"contentType":"Text","license":"U","title":"Untitled Text"},"subContentId":"92f5f0a1-dda8-4561-91f5-6520672e1ca8"},"alwaysDisplayComments":false,"backgroundOpacity":0,"willDoAnimation":false,"animationType":"glow","displayAsButton":false,"buttonSize":"big","goToSlideType":"specified","invisible":false,"solution":""},{"x":47.00255102040816,"y":43.95465994962216,"width":40,"height":40,"action":{"library":"H5P.CRAudio 1.4","params":{"fitToWrapper":true,"currIndex":7,"playerMode":"minimalistic","controls":true,"autoplay":true,"playAudio":"Play audio","pauseAudio":"Pause audio","contentName":"Audio","glowColor":"#efff00","files":[{"path":"audios\/files-622fe22eeceef.wav","mime":"audio\/x-wav","copyright":{"license":"U"}}],"timeStampForEachText":[{"text":" Only ","startDuration":"0.0000","endDuration":"0.6158","wordfile":[{"path":"audios\/wordfile-623287942fe5b.wav","mime":"audio\/x-wav","copyright":{"license":"U"}}]},{"text":" my ","startDuration":"0.6160","endDuration":"0.8160","wordfile":[{"path":"audios\/wordfile-623287a9e6cc3.wav","mime":"audio\/x-wav","copyright":{"license":"U"}}]},{"text":" sister ","startDuration":"0.8170","endDuration":"1.5739","wordfile":[{"path":"audios\/wordfile-623287c93fe6e.wav","mime":"audio\/x-wav","copyright":{"license":"U"}}]},{"text":" drawing ","startDuration":"1.5749","endDuration":"2.1090","wordfile":[{"path":"audios\/wordfile-623287e27b4e5.wav","mime":"audio\/x-wav","copyright":{"license":"U"}}]},{"text":" water ","startDuration":"2.1100","endDuration":"2.5550","wordfile":[{"path":"audios\/wordfile-623287fc84887.wav","mime":"audio\/x-wav","copyright":{"license":"U"}}]},{"text":" from ","startDuration":"2.5560","endDuration":"2.8451","wordfile":[{"path":"audios\/wordfile-62328814cc321.wav","mime":"audio\/x-wav","copyright":{"license":"U"}}]},{"text":" the ","startDuration":"2.8456","endDuration":"2.9936","wordfile":[{"path":"audios\/wordfile-6232f373bef15.wav","mime":"audio\/x-wav","copyright":{"license":"U"}}]},{"text":" well! ","startDuration":"2.9946","endDuration":"3.7367","wordfile":[{"path":"audios\/wordfile-6232f38285c08.wav","mime":"audio\/x-wav","copyright":{"license":"U"}}]},{"text":" I ","startDuration":"3.8342","endDuration":"4.2718","wordfile":[{"path":"audios\/wordfile-6232f3b2698e6.wav","mime":"audio\/x-wav","copyright":{"license":"U"}}]},{"text":" am ","startDuration":"4.2728","endDuration":"4.4877","wordfile":[{"path":"audios\/wordfile-6232f3c311b3b.wav","mime":"audio\/x-wav","copyright":{"license":"U"}}]},{"text":" not ","startDuration":"4.4887","endDuration":"4.6738","wordfile":[{"path":"audios\/wordfile-6232f3dbb8d16.wav","mime":"audio\/x-wav","copyright":{"license":"U"}}]},{"text":" afraid. ","startDuration":"4.6748","endDuration":"5.5096","wordfile":[{"path":"audios\/wordfile-6232f3e946110.wav","mime":"audio\/x-wav","copyright":{"license":"U"}}]}]},"metadata":{"contentType":"Curious Reader Audio","license":"U","title":"Untitled Curious Reader Audio"},"subContentId":"961a5e1f-18a3-46dc-8e22-09fefa20656f"},"backgroundOpacity":0,"willDoAnimation":false,"animationType":"glow","displayAsButton":false,"buttonSize":"big","goToSlideType":"specified","invisible":false},{"x":28.061224489795915,"y":27.692191435768265,"width":13.64795918367347,"height":44.58438287153652,"action":{"library":"H5P.Image 1.1","params":{"contentName":"Image"},"metadata":{"contentType":"Image","license":"U","title":"Untitled Image"},"subContentId":"a3818897-4dbb-40f3-a79c-c568d0823cc8"},"backgroundOpacity":0,"willDoAnimation":true,"animationType":"glow","displayAsButton":false,"buttonSize":"big","goToSlideType":"specified","invisible":false,"id":"img961a5e1f-18a3-46dc-8e22-09fefa20656f_2"},{"x":17.857142857142858,"y":40.050377833753146,"width":12.88265306122449,"height":34.76070528967254,"action":{"library":"H5P.Image 1.1","params":{"contentName":"Image"},"metadata":{"contentType":"Image","license":"U","title":"Untitled Image"},"subContentId":"31176b05-f610-441a-955b-309257d053fd"},"backgroundOpacity":0,"willDoAnimation":true,"animationType":"glow","displayAsButton":false,"buttonSize":"big","goToSlideType":"specified","invisible":false,"id":"img961a5e1f-18a3-46dc-8e22-09fefa20656f_7"}],"slideBackgroundSelector":{}},{"elements":[{"x":13.684821428571428,"y":10.06375314861461,"width":70.40816326530613,"height":70.52896725440806,"action":{"library":"H5P.Image 1.1","params":{"contentName":"Image","file":{"path":"images\/file-62265259c7b5b.jpg","mime":"image\/jpeg","copyright":{"license":"U"},"width":959,"height":459}},"metadata":{"contentType":"Image","license":"U","title":"Untitled Image"},"subContentId":"8c0a33b2-d8e0-4cf2-ac90-7304239fb47e"},"backgroundOpacity":0,"willDoAnimation":false,"animationType":"glow","displayAsButton":false,"buttonSize":"big","goToSlideType":"specified","invisible":false},{"x":7.270408163265306,"y":81.10831234256926,"width":85.45918367346938,"height":17.632241813602015,"action":{"library":"H5P.CRAdvancedText 1.1","params":{"text":"<p dir=\"ltr\" style=\"text-align: center;\"><span style=\"color:#ffffff;\"><span style=\"font-size:2.25em;\">I hear footsteps! Who is it? &nbsp;<\/span><\/span><\/p>\n"},"metadata":{"contentType":"Text","license":"U","title":"Untitled Text"},"subContentId":"d07ef52e-672e-4b3c-92d6-8d122b132b72"},"alwaysDisplayComments":false,"backgroundOpacity":0,"willDoAnimation":false,"animationType":"glow","displayAsButton":false,"buttonSize":"big","goToSlideType":"specified","invisible":false,"solution":""},{"x":47.00255102040816,"y":43.95465994962216,"width":40,"height":40,"action":{"library":"H5P.CRAudio 1.4","params":{"fitToWrapper":true,"currIndex":8,"playerMode":"minimalistic","controls":true,"autoplay":true,"playAudio":"Play audio","pauseAudio":"Pause audio","contentName":"Audio","glowColor":"#efff00","files":[{"path":"audios\/files-622fe2cf57d19.wav","mime":"audio\/x-wav","copyright":{"license":"U"}}],"timeStampForEachText":[{"text":" I ","startDuration":"0.0000","endDuration":"0.4317","wordfile":[{"path":"audios\/wordfile-6232f44e47b7c.wav","mime":"audio\/x-wav","copyright":{"license":"U"}}]},{"text":" hear ","startDuration":"0.4320","endDuration":"0.7612","wordfile":[{"path":"audios\/wordfile-6232f46af07df.wav","mime":"audio\/x-wav","copyright":{"license":"U"}}]},{"text":" footsteps! ","startDuration":"0.7618","endDuration":"1.9865","wordfile":[{"path":"audios\/wordfile-6232f496c5233.wav","mime":"audio\/x-wav","copyright":{"license":"U"}}]},{"text":" Who ","startDuration":"1.9870","endDuration":"2.4859","wordfile":[{"path":"audios\/wordfile-6232f4b1f14f3.wav","mime":"audio\/x-wav","copyright":{"license":"U"}}]},{"text":" is ","startDuration":"2.4861","endDuration":"2.7084","wordfile":[{"path":"audios\/wordfile-6232f4e6aa83d.wav","mime":"audio\/x-wav","copyright":{"license":"U"}}]},{"text":" it? ","startDuration":"2.7089","endDuration":"3.3058","wordfile":[{"path":"audios\/wordfile-6232f4fd1fab9.wav","mime":"audio\/x-wav","copyright":{"license":"U"}}]}]},"metadata":{"contentType":"Curious Reader Audio","license":"U","title":"Untitled Curious Reader Audio"},"subContentId":"6f61e7ae-a4ed-48b1-a86e-c5019525ee62"},"backgroundOpacity":0,"willDoAnimation":false,"animationType":"glow","displayAsButton":false,"buttonSize":"big","goToSlideType":"specified","invisible":false},{"x":15.561224489795919,"y":32.7455919395466,"width":11.096938775510205,"height":22.921914357682617,"action":{"library":"H5P.Image 1.1","params":{"contentName":"Image"},"metadata":{"contentType":"Image","license":"U","title":"Untitled Image"},"subContentId":"730435a3-19d1-4116-9381-875e1ee2a168"},"backgroundOpacity":0,"willDoAnimation":true,"animationType":"glow","displayAsButton":false,"buttonSize":"big","goToSlideType":"specified","invisible":false,"id":"img6f61e7ae-a4ed-48b1-a86e-c5019525ee62_2"},{"x":20.535714285714285,"y":62.216624685138534,"width":9.821428571428571,"height":21.914357682619645,"action":{"library":"H5P.Image 1.1","params":{"contentName":"Image"},"metadata":{"contentType":"Image","license":"U","title":"Untitled Image"},"subContentId":"b08ca540-8695-44a5-b283-ec6d4e98d339"},"backgroundOpacity":0,"willDoAnimation":true,"animationType":"glow","displayAsButton":false,"buttonSize":"big","goToSlideType":"specified","invisible":false,"id":"img6f61e7ae-a4ed-48b1-a86e-c5019525ee62_2"},{"x":42.83520408163265,"y":25.1495717884131,"width":23.086734693877553,"height":31.989924433249367,"action":{"library":"H5P.Image 1.1","params":{"contentName":"Image"},"metadata":{"contentType":"Image","license":"U","title":"Untitled Image"},"subContentId":"ede5ff56-a760-480b-938e-61aa5fdebc53"},"backgroundOpacity":0,"willDoAnimation":true,"animationType":"glow","displayAsButton":false,"buttonSize":"big","goToSlideType":"specified","invisible":false,"id":"img6f61e7ae-a4ed-48b1-a86e-c5019525ee62_2"},{"x":66.3265306122449,"y":6.045340050377834,"width":10.076530612244898,"height":19.395465994962215,"action":{"library":"H5P.Image 1.1","params":{"contentName":"Image"},"metadata":{"contentType":"Image","license":"U","title":"Untitled Image"},"subContentId":"f8153b90-dd1c-4422-8aa6-88fd56593a05"},"backgroundOpacity":0,"willDoAnimation":true,"animationType":"glow","displayAsButton":false,"buttonSize":"big","goToSlideType":"specified","invisible":false,"id":"img6f61e7ae-a4ed-48b1-a86e-c5019525ee62_2"},{"x":42.09183673469388,"y":59.19395465994962,"width":10.204081632653061,"height":19.64735516372796,"action":{"library":"H5P.Image 1.1","params":{"contentName":"Image"},"metadata":{"contentType":"Image","license":"U","title":"Untitled Image"},"subContentId":"c3dec979-39e9-4ca8-ae15-507e7d72ecbd"},"backgroundOpacity":0,"willDoAnimation":true,"animationType":"glow","displayAsButton":false,"buttonSize":"big","goToSlideType":"specified","invisible":false,"id":"img6f61e7ae-a4ed-48b1-a86e-c5019525ee62_2"}],"slideBackgroundSelector":{}},{"elements":[{"x":20.408163265306122,"y":9.319899244332493,"width":62.62755102040816,"height":62.97229219143576,"action":{"library":"H5P.Image 1.1","params":{"contentName":"Image","file":{"path":"images\/file-622653793f29d.jpg","mime":"image\/jpeg","copyright":{"license":"U"},"width":959,"height":459}},"metadata":{"contentType":"Image","license":"U","title":"Untitled Image"},"subContentId":"0e2d3676-7cec-4269-aca5-133f271de772"},"backgroundOpacity":0,"willDoAnimation":false,"animationType":"glow","displayAsButton":false,"buttonSize":"big","goToSlideType":"specified","invisible":false},{"x":3.188775510204082,"y":72.79596977329975,"width":94.38775510204081,"height":26.448362720403022,"action":{"library":"H5P.CRAdvancedText 1.1","params":{"text":"<p style=\"text-align: center;\"><span style=\"color:#ffffff;\"><span style=\"font-size:2.25em;\">It is my mother. She has come home from the fields. <\/span><\/span><\/p>\n"},"metadata":{"contentType":"Text","license":"U","title":"Untitled Text"},"subContentId":"0b6ff81b-c784-4291-b2e9-312ea97a0c71"},"alwaysDisplayComments":false,"backgroundOpacity":0,"willDoAnimation":false,"animationType":"glow","displayAsButton":false,"buttonSize":"big","goToSlideType":"specified","invisible":false,"solution":""},{"x":47.00255102040816,"y":43.95465994962216,"width":40,"height":40,"action":{"library":"H5P.CRAudio 1.4","params":{"fitToWrapper":true,"currIndex":9,"playerMode":"minimalistic","controls":true,"autoplay":true,"playAudio":"Play audio","pauseAudio":"Pause audio","contentName":"Audio","glowColor":"#efff00","files":[{"path":"audios\/files-622fe3133bd19.wav","mime":"audio\/x-wav","copyright":{"license":"U"}}],"timeStampForEachText":[{"text":" It ","startDuration":"0.0000","endDuration":"0.3445","wordfile":[{"path":"audios\/wordfile-6232f57dc7d6a.wav","mime":"audio\/x-wav","copyright":{"license":"U"}}]},{"text":" is ","startDuration":"0.3450","endDuration":"0.6369","wordfile":[{"path":"audios\/wordfile-6232f59333c61.wav","mime":"audio\/x-wav","copyright":{"license":"U"}}]},{"text":" my ","startDuration":"0.6372","endDuration":"1.0408","wordfile":[{"path":"audios\/wordfile-6232f5a92a469.wav","mime":"audio\/x-wav","copyright":{"license":"U"}}]},{"text":" mother. ","startDuration":"1.0410","endDuration":"1.8386","wordfile":[{"path":"audios\/wordfile-6232f5c53ee83.wav","mime":"audio\/x-wav","copyright":{"license":"U"}}]},{"text":" She ","startDuration":"1.8651","endDuration":"2.5183","wordfile":[{"path":"audios\/wordfile-6232f5dd8f55f.wav","mime":"audio\/x-wav","copyright":{"license":"U"}}]},{"text":" has ","startDuration":"2.5186","endDuration":"2.8171","wordfile":[{"path":"audios\/wordfile-6232f5fd24c6a.wav","mime":"audio\/x-wav","copyright":{"license":"U"}}]},{"text":" come ","startDuration":"2.8176","endDuration":"3.2606","wordfile":[{"path":"audios\/wordfile-6232f62210d1a.wav","mime":"audio\/x-wav","copyright":{"license":"U"}}]},{"text":" home ","startDuration":"3.2610","endDuration":"3.5989","wordfile":[{"path":"audios\/wordfile-6232f64445cd8.wav","mime":"audio\/x-wav","copyright":{"license":"U"}}]},{"text":" from ","startDuration":"3.5992","endDuration":"3.8649","wordfile":[{"path":"audios\/wordfile-6232f6621a33a.wav","mime":"audio\/x-wav","copyright":{"license":"U"}}]},{"text":" the ","startDuration":"3.8659","endDuration":"4.0331","wordfile":[{"path":"audios\/wordfile-6232f674875a5.wav","mime":"audio\/x-wav","copyright":{"license":"U"}}]},{"text":" fields. ","startDuration":"4.0336","endDuration":"4.8729","wordfile":[{"path":"audios\/wordfile-6232f6a2ec4c5.wav","mime":"audio\/x-wav","copyright":{"license":"U"}}]}]},"metadata":{"contentType":"Curious Reader Audio","license":"U","title":"Untitled Curious Reader Audio"},"subContentId":"baab4a4c-44a5-48aa-b4ca-a1437cde4a5b"},"backgroundOpacity":0,"willDoAnimation":false,"animationType":"glow","displayAsButton":false,"buttonSize":"big","goToSlideType":"specified","invisible":false},{"x":63.01020408163265,"y":8.816120906801007,"width":17.474489795918366,"height":69.77329974811083,"action":{"library":"H5P.Image 1.1","params":{"contentName":"Image"},"metadata":{"contentType":"Image","license":"U","title":"Untitled Image"},"subContentId":"22e0c7b7-a465-4fff-96e0-12e3f8b17fb9"},"backgroundOpacity":0,"willDoAnimation":true,"animationType":"glow","displayAsButton":false,"buttonSize":"big","goToSlideType":"specified","invisible":false,"id":"imgbaab4a4c-44a5-48aa-b4ca-a1437cde4a5b_3"}],"slideBackgroundSelector":{}},{"elements":[{"x":16.581632653061224,"y":9.786297229219143,"width":70.53571428571429,"height":70.52896725440806,"action":{"library":"H5P.Image 1.1","params":{"contentName":"Image","file":{"path":"images\/file-6226548c3a9dc.jpg","mime":"image\/jpeg","copyright":{"license":"U"},"width":959,"height":459}},"metadata":{"contentType":"Image","license":"U","title":"Untitled Image"},"subContentId":"a6f01c36-94c6-4638-875a-acb9e0ccf760"},"backgroundOpacity":0,"willDoAnimation":false,"animationType":"glow","displayAsButton":false,"buttonSize":"big","goToSlideType":"specified","invisible":false},{"x":21.683673469387756,"y":81.61209068010075,"width":57.39795918367347,"height":17.632241813602015,"action":{"library":"H5P.CRAdvancedText 1.1","params":{"text":"<p style=\"text-align: center;\"><span style=\"color:#ffffff;\"><span style=\"font-size:2.25em;\">I am a big girl now. <\/span><\/span><\/p>\n"},"metadata":{"contentType":"Text","license":"U","title":"Untitled Text"},"subContentId":"1dcb9cbb-5f75-4377-bc78-ae1265a24895"},"alwaysDisplayComments":false,"backgroundOpacity":0,"willDoAnimation":false,"animationType":"glow","displayAsButton":false,"buttonSize":"big","goToSlideType":"specified","invisible":false,"solution":""},{"x":47.00255102040816,"y":43.95465994962216,"width":40,"height":40,"action":{"library":"H5P.CRAudio 1.4","params":{"fitToWrapper":true,"currIndex":10,"playerMode":"minimalistic","controls":true,"autoplay":true,"playAudio":"Play audio","pauseAudio":"Pause audio","contentName":"Audio","glowColor":"#efff00","files":[{"path":"audios\/files-622fe3ae8b7b2.wav","mime":"audio\/x-wav","copyright":{"license":"U"}}],"timeStampForEachText":[{"text":" I ","startDuration":"0.0000","endDuration":"0.5866","wordfile":[{"path":"audios\/wordfile-6232f6ea447fc.wav","mime":"audio\/x-wav","copyright":{"license":"U"}}]},{"text":" am ","startDuration":"0.5870","endDuration":"0.7803","wordfile":[{"path":"audios\/wordfile-6232f702e2231.wav","mime":"audio\/x-wav","copyright":{"license":"U"}}]},{"text":" a ","startDuration":"0.7806","endDuration":"1.0206","wordfile":[{"path":"audios\/wordfile-6232f719ef809.wav","mime":"audio\/x-wav","copyright":{"license":"U"}}]},{"text":" big ","startDuration":"1.0210","endDuration":"1.4410","wordfile":[{"path":"audios\/wordfile-6232f7371d1c2.wav","mime":"audio\/x-wav","copyright":{"license":"U"}}]},{"text":" girl ","startDuration":"1.4415","endDuration":"1.8782","wordfile":[{"path":"audios\/wordfile-6232f74e9d5fc.wav","mime":"audio\/x-wav","copyright":{"license":"U"}}]},{"text":" now. ","startDuration":"1.8787","endDuration":"2.4732","wordfile":[{"path":"audios\/wordfile-6232f76ad9933.wav","mime":"audio\/x-wav","copyright":{"license":"U"}}]}]},"metadata":{"contentType":"Curious Reader Audio","license":"U","title":"Untitled Curious Reader Audio"},"subContentId":"b37ab106-d0ed-4518-9b50-1ee29c6f5f61"},"backgroundOpacity":0,"willDoAnimation":false,"animationType":"glow","displayAsButton":false,"buttonSize":"big","goToSlideType":"specified","invisible":false},{"x":40.94387755102041,"y":38.53904282115869,"width":18.75,"height":42.06549118387909,"action":{"library":"H5P.Image 1.1","params":{"contentName":"Image"},"metadata":{"contentType":"Image","license":"U","title":"Untitled Image"},"subContentId":"845dc11f-b9ed-4042-af05-80160527632c"},"backgroundOpacity":0,"willDoAnimation":true,"animationType":"glow","displayAsButton":false,"buttonSize":"big","goToSlideType":"specified","invisible":false,"id":"imgb37ab106-d0ed-4518-9b50-1ee29c6f5f61_4"}],"slideBackgroundSelector":{}},{"elements":[{"x":22.70408163265306,"y":7.052896725440806,"width":55.22959183673469,"height":73.04785894206549,"action":{"library":"H5P.Image 1.1","params":{"contentName":"Image","file":{"path":"images\/file-622655dc3d62a.jpg","mime":"image\/jpeg","copyright":{"license":"U"},"width":959,"height":688}},"metadata":{"contentType":"Image","license":"U","title":"Untitled Image"},"subContentId":"56d36b78-77e4-4c1a-809d-fecd7147b437"},"backgroundOpacity":0,"willDoAnimation":false,"animationType":"glow","displayAsButton":false,"buttonSize":"big","goToSlideType":"specified","invisible":false},{"x":11.096938775510205,"y":81.360201511335,"width":79.08163265306122,"height":17.632241813602015,"action":{"library":"H5P.CRAdvancedText 1.1","params":{"text":"<p style=\"text-align: center;\"><span style=\"color:#ffffff;\"><span style=\"font-size:2.25em;\">I am not afraid of anything!&nbsp;&nbsp;<\/span><\/span><\/p>\n"},"metadata":{"contentType":"Text","license":"U","title":"Untitled Text"},"subContentId":"e9239891-fc66-4a77-b4dd-92616693d320"},"alwaysDisplayComments":false,"backgroundOpacity":0,"willDoAnimation":false,"animationType":"glow","displayAsButton":false,"buttonSize":"big","goToSlideType":"specified","invisible":false,"solution":""},{"x":47.00255102040816,"y":43.95465994962216,"width":40,"height":40,"action":{"library":"H5P.CRAudio 1.4","params":{"fitToWrapper":true,"currIndex":11,"playerMode":"minimalistic","controls":true,"autoplay":true,"playAudio":"Play audio","pauseAudio":"Pause audio","contentName":"Audio","glowColor":"#efff00","files":[{"path":"audios\/files-622fe461efc39.wav","mime":"audio\/x-wav","copyright":{"license":"U"}}],"timeStampForEachText":[{"text":" I ","startDuration":"0.0000","endDuration":"0.4564","wordfile":[{"path":"audios\/wordfile-6232f7b03ad72.wav","mime":"audio\/x-wav","copyright":{"license":"U"}}]},{"text":" am ","startDuration":"0.4574","endDuration":"0.7343","wordfile":[{"path":"audios\/wordfile-6232f7bec4563.wav","mime":"audio\/x-wav","copyright":{"license":"U"}}]},{"text":" not ","startDuration":"0.7346","endDuration":"0.9199","wordfile":[{"path":"audios\/wordfile-6232f7df4f33f.wav","mime":"audio\/x-wav","copyright":{"license":"U"}}]},{"text":" afraid ","startDuration":"0.9202","endDuration":"1.4023","wordfile":[{"path":"audios\/wordfile-6232f7f841ae2.wav","mime":"audio\/x-wav","copyright":{"license":"U"}}]},{"text":" of ","startDuration":"1.4027","endDuration":"1.6650","wordfile":[{"path":"audios\/wordfile-6232f8378687d.wav","mime":"audio\/x-wav","copyright":{"license":"U"}}]},{"text":" anything!\u00a0\u00a0 ","startDuration":"1.6656","endDuration":"2.7181","wordfile":[{"path":"audios\/wordfile-6232f84e1a7d3.wav","mime":"audio\/x-wav","copyright":{"license":"U"}}]}]},"metadata":{"contentType":"Curious Reader Audio","license":"U","title":"Untitled Curious Reader Audio"},"subContentId":"d031d1ae-7d09-42e4-b77d-bd2f1270d214"},"backgroundOpacity":0,"willDoAnimation":false,"animationType":"glow","displayAsButton":false,"buttonSize":"big","goToSlideType":"specified","invisible":false}],"slideBackgroundSelector":{"fillSlideBackground":"#000000"}},{"elements":[{"x":5.1020408163265305,"y":7.556675062972292,"width":17.857142857142858,"height":12.846347607052897,"action":{"library":"H5P.Image 1.1","params":{"contentName":"Image","file":{"path":"images\/file-61fb296cf2c04.png","mime":"image\/png","copyright":{"license":"U"},"width":1350,"height":487}},"metadata":{"contentType":"Image","license":"U","title":"Untitled Image"},"subContentId":"07703b68-422c-40e5-8e9c-c522c549683b"},"backgroundOpacity":0,"willDoAnimation":false,"animationType":"glow","displayAsButton":false,"buttonSize":"big","goToSlideType":"specified","invisible":false},{"x":38.26530612244898,"y":7.556675062972292,"width":24.362244897959183,"height":13.350125944584383,"action":{"library":"H5P.Image 1.1","params":{"contentName":"Image","file":{"path":"images\/file-61fb29a5596cb.png","mime":"image\/png","copyright":{"license":"U"},"width":814,"height":202}},"metadata":{"contentType":"Image","license":"U","title":"Untitled Image"},"subContentId":"d08c4cc6-4bf8-4b4e-8432-ffd22240ce21"},"backgroundOpacity":0,"willDoAnimation":false,"animationType":"glow","displayAsButton":false,"buttonSize":"big","goToSlideType":"specified","invisible":false},{"x":68.87755102040816,"y":7.556675062972292,"width":29.97448979591837,"height":12.090680100755668,"action":{"library":"H5P.Image 1.1","params":{"contentName":"Image","file":{"path":"images\/file-61fb28cb969ac.jpg","mime":"image\/jpeg","copyright":{"license":"U"},"width":1732,"height":354}},"metadata":{"contentType":"Image","license":"U","title":"Untitled Image"},"subContentId":"bf69b83f-f307-4a7d-b3f1-d655e322a5a5"},"backgroundOpacity":0,"willDoAnimation":false,"animationType":"glow","displayAsButton":false,"buttonSize":"big","goToSlideType":"specified","invisible":false},{"x":6.943558673469388,"y":32.735768261964736,"width":86.86224489795919,"height":62.97229219143576,"action":{"library":"H5P.CRAdvancedText 1.1","params":{"text":"<h3 style=\"text-align: center;\"><span style=\"font-size:1em;\"><strong>\"I am not afraid\" credits<\/strong><\/span><\/h3>\n\n<hr>\n<h3 style=\"text-align: center;\"><span style=\"font-size:1em;\">This work, \"I am not afraid\", is a derivative of \"I am not afraid\"&nbsp;written by <a>Mini Shrinivasan <\/a>. \u00a9 Pratham Books , 2013 and used under CC BY.&nbsp;&nbsp;This work, \"I am not afraid\" is licensed under CC BY 4.0 by Curious Learning.<\/span><\/h3>\n\n<h3 style=\"text-align: center;\"><br>\n<span style=\"font-size:1em;\">Book builder - Deborah Oduman<\/span><\/h3>\n\n<p style=\"text-align: center;\">&nbsp;<\/p>\n"},"metadata":{"contentType":"Text","license":"U","title":"Untitled Text"},"subContentId":"9dcf7e76-82b8-461c-a1ba-e99bd0ea7976"},"alwaysDisplayComments":false,"backgroundOpacity":0,"willDoAnimation":false,"animationType":"glow","displayAsButton":false,"buttonSize":"big","goToSlideType":"specified","invisible":false,"solution":""}],"slideBackgroundSelector":{"fillSlideBackground":"#eaeaea"}}],"keywordListEnabled":true,"globalBackgroundSelector":{"fillGlobalBackground":"#030101"},"keywordListAlwaysShow":false,"keywordListAutoHide":false,"keywordListOpacity":90},"override":{"activeSurface":false,"hideSummarySlide":false,"summarySlideSolutionButton":true,"summarySlideRetryButton":true,"enablePrintButton":false,"social":{"showFacebookShare":false,"facebookShare":{"url":"@currentpageurl","quote":"I scored @score out of @maxScore on a task at @currentpageurl."},"showTwitterShare":false,"twitterShare":{"statement":"I scored @score out of @maxScore on a task at @currentpageurl.","url":"@currentpageurl","hashtags":"h5p, course"},"showGoogleShare":false,"googleShareUrl":"@currentpageurl"}},"l10n":{"slide":"Slide","score":"Score","yourScore":"Your Score","maxScore":"Max Score","total":"Total","totalScore":"Total Score","showSolutions":"Show solutions","retry":"Retry","exportAnswers":"Export text","hideKeywords":"Hide sidebar navigation menu","showKeywords":"Show sidebar navigation menu","fullscreen":"Fullscreen","exitFullscreen":"Exit fullscreen","prevSlide":"Previous slide","nextSlide":"Next slide","currentSlide":"Current slide","lastSlide":"Last slide","solutionModeTitle":"Exit solution mode","solutionModeText":"Solution Mode","summaryMultipleTaskText":"Multiple tasks","scoreMessage":"You achieved:","shareFacebook":"Share on Facebook","shareTwitter":"Share on Twitter","shareGoogle":"Share on Google+","summary":"Summary","solutionsButtonTitle":"Show comments","printTitle":"Print","printIngress":"How would you like to print this presentation?","printAllSlides":"Print all slides","printCurrentSlide":"Print current slide","noTitle":"No title","accessibilitySlideNavigationExplanation":"Use left and right arrow to change slide in that direction whenever canvas is selected.","accessibilityCanvasLabel":"Presentation canvas. Use left and right arrow to move between slides.","containsNotCompleted":"@slideName contains not completed interaction","containsCompleted":"@slideName contains completed interaction","slideCount":"Slide @index of @total","containsOnlyCorrect":"@slideName only has correct answers","containsIncorrectAnswers":"@slideName has incorrect answers","shareResult":"Share Result","accessibilityTotalScore":"You got @score of @maxScore points in total","accessibilityEnteredFullscreen":"Entered fullscreen","accessibilityExitedFullscreen":"Exited fullscreen"}}