{"presentation":{"slides":[{"elements":[{"x":22.875816993464053,"y":6.4415268817204305,"width":62.309368191721134,"height":62.36559139784946,"action":{"library":"H5P.Image 1.1","params":{"contentName":"Image","file":{"path":"images\/file-658319096f767.jpg","mime":"image\/jpeg","copyright":{"license":"U"},"width":1024,"height":490}},"subContentId":"e9b86eca-b97e-411f-8ba5-eead3a9fe77c","metadata":{"contentType":"Image","license":"U","title":"Untitled Image"}},"backgroundOpacity":0,"willDoAnimation":false,"animationType":"glow","displayAsButton":false,"buttonSize":"big","goToSlideType":"specified","invisible":false},{"x":15.250165441176469,"y":73.18472727272727,"width":74.08088235294117,"height":14.545454545454545,"action":{"library":"H5P.CRAdvancedText 1.1","params":{"text":"<p dir=\"ltr\" style=\"text-align: center;\"><span style=\"font-size:1.75em;\">\u09b8\u09bf\u0982\u09b9 \u09a6\u09cc\u09dc\u09be\u09df \u098f\u09ac\u0982 \u0997\u09b0\u09c1 \u09b9\u09be\u0981\u099f\u09c7<\/span><\/p>\n"},"subContentId":"69c7285e-eb82-4919-b262-fd9d1f00fa17","metadata":{"contentType":"Text","license":"U","title":"Untitled Text"}},"alwaysDisplayComments":false,"backgroundOpacity":0,"willDoAnimation":false,"animationType":"glow","displayAsButton":false,"buttonSize":"big","goToSlideType":"specified","invisible":false,"solution":""}],"slideBackgroundSelector":{}},{"elements":[{"x":7.625272331154684,"y":4.301075268817204,"width":38.12636165577342,"height":86.02150537634408,"action":{"library":"H5P.Image 1.1","params":{"contentName":"Image","file":{"path":"images\/file-6583197217324.jpg","mime":"image\/jpeg","copyright":{"license":"U"},"width":1024,"height":1104}},"subContentId":"f7920f01-f5ce-4803-9d36-cf2030aa00d8","metadata":{"contentType":"Image","license":"U","title":"Untitled Image"}},"backgroundOpacity":0,"willDoAnimation":false,"animationType":"glow","displayAsButton":false,"buttonSize":"big","goToSlideType":"specified","invisible":false},{"x":47.193749999999994,"y":40.41490909090909,"width":49.81617647058823,"height":18.181818181818183,"action":{"library":"H5P.CRAdvancedText 1.1","params":{"text":"<p dir=\"ltr\" style=\"text-align: center;\"><span style=\"font-size:2.25em;\">\u09b8\u09bf\u0982\u09b9 \u09a6\u09cc\u09dc\u09be\u09df\u0964<\/span><\/p>\n"},"subContentId":"9719aa82-4821-4f23-91eb-86959f487486","metadata":{"contentType":"Text","license":"U","title":"Untitled Text"}},"alwaysDisplayComments":false,"backgroundOpacity":0,"willDoAnimation":false,"animationType":"glow","displayAsButton":false,"buttonSize":"big","goToSlideType":"specified","invisible":false,"solution":""},{"x":46.96691176470588,"y":44,"width":40,"height":40,"action":{"library":"H5P.CRAudio 1.4","params":{"fitToWrapper":true,"currIndex":1,"playerMode":"minimalistic","controls":true,"autoplay":true,"playAudio":"Play audio","pauseAudio":"Pause audio","contentName":"Audio","glowColor":"#ffd85a","timeStampForEachText":[{"text":" \u09b8\u09bf\u0982\u09b9 ","startDuration":"0.0000","endDuration":"0.3582","wordfile":[{"path":"audios\/wordfile-671b75b721c3d.mp3","mime":"audio\/mpeg","copyright":{"license":"U"}}]},{"text":" \u09a6\u09cc\u09dc\u09be\u09df\u0964 ","startDuration":"0.3592","endDuration":"1.0477","wordfile":[{"path":"audios\/wordfile-671b75c971da8.mp3","mime":"audio\/mpeg","copyright":{"license":"U"}}]}],"files":[{"path":"audios\/files-668b8ad811ec0.mp3","mime":"audio\/mpeg","copyright":{"license":"U"}}]},"subContentId":"bff382bc-23ad-48e7-b69c-da11fe08ee68","metadata":{"contentType":"Curious Reader Audio","license":"U","title":"Untitled Curious Reader Audio"}},"backgroundOpacity":0,"willDoAnimation":false,"animationType":"glow","displayAsButton":false,"buttonSize":"big","goToSlideType":"specified","invisible":false},{"x":7.352941176470589,"y":18.258509090909094,"width":34.375,"height":49.81818181818182,"action":{"library":"H5P.Image 1.1","params":{"contentName":"Image"},"subContentId":"27e39cf0-e0cf-44ff-ae3b-3a3e0aad6c04","metadata":{"contentType":"Image","license":"U","title":"Untitled Image"}},"backgroundOpacity":0,"willDoAnimation":true,"animationType":"glow","displayAsButton":false,"buttonSize":"big","goToSlideType":"specified","invisible":false,"id":"imgbff382bc-23ad-48e7-b69c-da11fe08ee68_0"}],"slideBackgroundSelector":{}},{"elements":[{"x":26.143790849673202,"y":2.150537634408602,"width":39.97821350762527,"height":75.26881720430107,"action":{"library":"H5P.Image 1.1","params":{"contentName":"Image","file":{"path":"images\/file-65831a8a29b4c.jpg","mime":"image\/jpeg","copyright":{"license":"U"},"width":1024,"height":1104}},"subContentId":"1da54fc5-e548-4ce7-a075-283717387dee","metadata":{"contentType":"Image","license":"U","title":"Untitled Image"}},"backgroundOpacity":0,"willDoAnimation":false,"animationType":"glow","displayAsButton":false,"buttonSize":"big","goToSlideType":"specified","invisible":false},{"x":1.838235294117647,"y":80,"width":82.90816326530613,"height":13.853904282115868,"action":{"library":"H5P.CRAdvancedText 1.1","params":{"text":"<p dir=\"ltr\" style=\"text-align: center;\"><span style=\"font-size:2.25em;\">\u0997\u09b0\u09c1 \u09b9\u09be\u0981\u099f\u09c7\u0964<\/span><\/p>\n"},"subContentId":"3496b02e-a1d6-497f-b829-08a065e181bc","metadata":{"contentType":"Text","license":"U","title":"Untitled Text"}},"alwaysDisplayComments":false,"backgroundOpacity":0,"willDoAnimation":false,"animationType":"glow","displayAsButton":false,"buttonSize":"big","goToSlideType":"specified","invisible":false,"solution":""},{"x":46.96691176470588,"y":44,"width":40,"height":40,"action":{"library":"H5P.CRAudio 1.4","params":{"fitToWrapper":true,"currIndex":2,"playerMode":"minimalistic","controls":true,"autoplay":true,"playAudio":"Play audio","pauseAudio":"Pause audio","contentName":"Audio","glowColor":"#ffd85a","timeStampForEachText":[{"text":" \u0997\u09b0\u09c1 ","startDuration":"0.0000","endDuration":"0.7779","wordfile":[{"path":"audios\/wordfile-671b75e494ae3.mp3","mime":"audio\/mpeg","copyright":{"license":"U"}}]},{"text":" \u09b9\u09be\u0981\u099f\u09c7\u0964 ","startDuration":"0.7789","endDuration":"1.1578","wordfile":[{"path":"audios\/wordfile-671b75f7929e1.mp3","mime":"audio\/mpeg","copyright":{"license":"U"}}]}],"files":[{"path":"audios\/files-668b8c6af25b6.mp3","mime":"audio\/mpeg","copyright":{"license":"U"}}]},"subContentId":"9a31e8ab-a960-4027-97b0-d40e870384ed","metadata":{"contentType":"Curious Reader Audio","license":"U","title":"Untitled Curious Reader Audio"}},"backgroundOpacity":0,"willDoAnimation":false,"animationType":"glow","displayAsButton":false,"buttonSize":"big","goToSlideType":"specified","invisible":false},{"x":27.573529411764703,"y":21.818181818181817,"width":28.860294117647058,"height":40,"action":{"library":"H5P.Image 1.1","params":{"contentName":"Image"},"subContentId":"c1802c75-3bfa-4a2a-ba30-7a76039dfc6b","metadata":{"contentType":"Image","license":"U","title":"Untitled Image"}},"backgroundOpacity":0,"willDoAnimation":true,"animationType":"glow","displayAsButton":false,"buttonSize":"big","goToSlideType":"specified","invisible":false,"id":"img9a31e8ab-a960-4027-97b0-d40e870384ed_0"}],"slideBackgroundSelector":{}},{"elements":[{"x":28.32244008714597,"y":2.150537634408602,"width":39.97821350762527,"height":68.81720430107526,"action":{"library":"H5P.Image 1.1","params":{"contentName":"Image","file":{"path":"images\/file-65831ad1bdd16.jpg","mime":"image\/jpeg","copyright":{"license":"U"},"width":1024,"height":1104}},"subContentId":"af20be75-1247-4e4a-8d9d-7e7aedb3d0ab","metadata":{"contentType":"Image","license":"U","title":"Untitled Image"}},"backgroundOpacity":0,"willDoAnimation":false,"animationType":"glow","displayAsButton":false,"buttonSize":"big","goToSlideType":"specified","invisible":false},{"x":15.306122448979592,"y":79.46120906801008,"width":69.00510204081633,"height":16.120906801007557,"action":{"library":"H5P.CRAdvancedText 1.1","params":{"text":"<p dir=\"ltr\" style=\"text-align: center;\"><span style=\"font-size:2.25em;\">\u09b9\u09be\u0981\u09b8 \u099c\u09b2\u09c7 \u09af\u09be\u09df\u0964<\/span><\/p>\n"},"subContentId":"2b646078-b12f-456e-842b-44aba99eca30","metadata":{"contentType":"Text","license":"U","title":"Untitled Text"}},"alwaysDisplayComments":false,"backgroundOpacity":0,"willDoAnimation":false,"animationType":"glow","displayAsButton":false,"buttonSize":"big","goToSlideType":"specified","invisible":false,"solution":""},{"x":46.96691176470588,"y":44,"width":40,"height":40,"action":{"library":"H5P.CRAudio 1.4","params":{"fitToWrapper":true,"currIndex":3,"playerMode":"minimalistic","controls":true,"autoplay":true,"playAudio":"Play audio","pauseAudio":"Pause audio","contentName":"Audio","glowColor":"#ffd85a","timeStampForEachText":[{"text":" \u09b9\u09be\u0981\u09b8 ","startDuration":"0.0000","endDuration":"0.6265","wordfile":[{"path":"audios\/wordfile-671b760f7d8b9.mp3","mime":"audio\/mpeg","copyright":{"license":"U"}}]},{"text":" \u099c\u09b2\u09c7 ","startDuration":"0.6275","endDuration":"1.2128","wordfile":[{"path":"audios\/wordfile-671b7621b9ee6.mp3","mime":"audio\/mpeg","copyright":{"license":"U"}}]},{"text":" \u09af\u09be\u09df\u0964 ","startDuration":"1.1931","endDuration":"1.5514","wordfile":[{"path":"audios\/wordfile-671b7636765cb.mp3","mime":"audio\/mpeg","copyright":{"license":"U"}}]}],"files":[{"path":"audios\/files-668b8d62477cc.mp3","mime":"audio\/mpeg","copyright":{"license":"U"}}]},"subContentId":"919ea7f8-d4b2-4ad9-9689-9f395259d254","metadata":{"contentType":"Curious Reader Audio","license":"U","title":"Untitled Curious Reader Audio"}},"backgroundOpacity":0,"willDoAnimation":false,"animationType":"glow","displayAsButton":false,"buttonSize":"big","goToSlideType":"specified","invisible":false},{"x":29.411764705882355,"y":10.93749090909091,"width":17.830882352941174,"height":40,"action":{"library":"H5P.Image 1.1","params":{"contentName":"Image"},"subContentId":"2f5557d2-33e3-4876-b815-d5b761155198","metadata":{"contentType":"Image","license":"U","title":"Untitled Image"}},"backgroundOpacity":0,"willDoAnimation":true,"animationType":"glow","displayAsButton":false,"buttonSize":"big","goToSlideType":"specified","invisible":false,"id":"img919ea7f8-d4b2-4ad9-9689-9f395259d254_0"},{"x":45.955882352941174,"y":25.488654545454548,"width":15.992647058823529,"height":28,"action":{"library":"H5P.Image 1.1","params":{"contentName":"Image"},"subContentId":"32a3a49b-9470-4492-8ed9-67d133b0b617","metadata":{"contentType":"Image","license":"U","title":"Untitled Image"}},"backgroundOpacity":0,"willDoAnimation":true,"animationType":"glow","displayAsButton":false,"buttonSize":"big","goToSlideType":"specified","invisible":false,"id":"img919ea7f8-d4b2-4ad9-9689-9f395259d254_0"},{"x":38.60294117647059,"y":47.3410909090909,"width":28.860294117647058,"height":13.818181818181818,"action":{"library":"H5P.Image 1.1","params":{"contentName":"Image"},"subContentId":"5b12b161-ef0b-4e25-a907-d721f01f2994","metadata":{"contentType":"Image","license":"U","title":"Untitled Image"}},"backgroundOpacity":0,"willDoAnimation":true,"animationType":"glow","displayAsButton":false,"buttonSize":"big","goToSlideType":"specified","invisible":false,"id":"img919ea7f8-d4b2-4ad9-9689-9f395259d254_2"}],"slideBackgroundSelector":{}},{"elements":[{"x":31.59041394335512,"y":2.150537634408602,"width":39.97821350762527,"height":70.96774193548387,"action":{"library":"H5P.Image 1.1","params":{"contentName":"Image","file":{"path":"images\/file-65831b138940b.jpg","mime":"image\/jpeg","copyright":{"license":"U"},"width":1024,"height":1104}},"subContentId":"19d13a31-42ad-458f-b213-0212172b804b","metadata":{"contentType":"Image","license":"U","title":"Untitled Image"}},"backgroundOpacity":0,"willDoAnimation":false,"animationType":"glow","displayAsButton":false,"buttonSize":"big","goToSlideType":"specified","invisible":false},{"x":18.51851851851852,"y":77.28322580645161,"width":63.18082788671024,"height":18.279569892473116,"action":{"library":"H5P.CRAdvancedText 1.1","params":{"text":"<p dir=\"ltr\" style=\"text-align: center;\"><span style=\"font-size:1.75em;\">\u09ad\u09cb\u0981\u09a6\u09dc \u09a1\u09be\u0999\u09be\u09df \u09ab\u09bf\u09b0\u09c7 \u0986\u09b8\u09c7\u0964<\/span><\/p>\n"},"subContentId":"db37d6c4-ca6f-4529-90b8-57f9abf591fd","metadata":{"contentType":"Text","license":"U","title":"Untitled Text"}},"alwaysDisplayComments":false,"backgroundOpacity":0,"willDoAnimation":false,"animationType":"glow","displayAsButton":false,"buttonSize":"big","goToSlideType":"specified","invisible":false,"solution":""},{"x":46.96691176470588,"y":44,"width":40,"height":40,"action":{"library":"H5P.CRAudio 1.4","params":{"fitToWrapper":true,"currIndex":4,"playerMode":"minimalistic","controls":true,"autoplay":true,"playAudio":"Play audio","pauseAudio":"Pause audio","contentName":"Audio","glowColor":"#ffd85a","timeStampForEachText":[{"text":" \u09ad\u09cb\u0981\u09a6\u09dc ","startDuration":"0.0000","endDuration":"0.3789","wordfile":[{"path":"audios\/wordfile-671b7699f385f.mp3","mime":"audio\/mpeg","copyright":{"license":"U"}}]},{"text":" \u09a1\u09be\u0999\u09be\u09df ","startDuration":"0.3799","endDuration":"1.1096","wordfile":[{"path":"audios\/wordfile-671b76ab5e792.mp3","mime":"audio\/mpeg","copyright":{"license":"U"}}]},{"text":" \u09ab\u09bf\u09b0\u09c7 ","startDuration":"1.0762","endDuration":"1.3382","wordfile":[{"path":"audios\/wordfile-671b76bba1025.mp3","mime":"audio\/mpeg","copyright":{"license":"U"}}]},{"text":" \u0986\u09b8\u09c7\u0964 ","startDuration":"1.3392","endDuration":"1.9726","wordfile":[{"path":"audios\/wordfile-671b76ced3ccc.mp3","mime":"audio\/mpeg","copyright":{"license":"U"}}]}],"files":[{"path":"audios\/files-668b8f4794f66.mp3","mime":"audio\/mpeg","copyright":{"license":"U"}}]},"subContentId":"a19ce86b-29d0-4216-8047-a5cb867d5453","metadata":{"contentType":"Curious Reader Audio","license":"U","title":"Untitled Curious Reader Audio"}},"backgroundOpacity":0,"willDoAnimation":false,"animationType":"glow","displayAsButton":false,"buttonSize":"big","goToSlideType":"specified","invisible":false},{"x":42.27941176470588,"y":21.818181818181817,"width":25.735294117647058,"height":40,"action":{"library":"H5P.Image 1.1","params":{"contentName":"Image"},"subContentId":"839e4e80-5c3a-4e9c-9db3-8d990db1ed91","metadata":{"contentType":"Image","license":"U","title":"Untitled Image"}},"backgroundOpacity":0,"willDoAnimation":true,"animationType":"glow","displayAsButton":false,"buttonSize":"big","goToSlideType":"specified","invisible":false,"id":"imga19ce86b-29d0-4216-8047-a5cb867d5453_0"},{"x":33.088235294117645,"y":51.05381818181818,"width":36.9485294117647,"height":19.272727272727273,"action":{"library":"H5P.Image 1.1","params":{"contentName":"Image"},"subContentId":"b26a198f-c6e6-46d2-b3a3-8a8b3db0c82c","metadata":{"contentType":"Image","license":"U","title":"Untitled Image"}},"backgroundOpacity":0,"willDoAnimation":true,"animationType":"glow","displayAsButton":false,"buttonSize":"big","goToSlideType":"specified","invisible":false,"id":"imga19ce86b-29d0-4216-8047-a5cb867d5453_3"}],"slideBackgroundSelector":{}},{"elements":[{"x":27.233115468409586,"y":2.150537634408602,"width":39.97821350762527,"height":68.81720430107526,"action":{"library":"H5P.Image 1.1","params":{"contentName":"Image","file":{"path":"images\/file-65831b5ea0e18.jpg","mime":"image\/jpeg","copyright":{"license":"U"},"width":1024,"height":1104}},"subContentId":"138ad313-54aa-4d7c-976c-943dee79f94d","metadata":{"contentType":"Image","license":"U","title":"Untitled Image"}},"backgroundOpacity":0,"willDoAnimation":false,"animationType":"glow","displayAsButton":false,"buttonSize":"big","goToSlideType":"specified","invisible":false},{"x":7.6516544117647065,"y":73.1989090909091,"width":85.47794117647058,"height":14.545454545454545,"action":{"library":"H5P.CRAdvancedText 1.1","params":{"text":"<p dir=\"ltr\" style=\"text-align: center;\"><span style=\"font-size:2.25em;\">\u09b9\u09be\u09a4\u09bf \u098f\u0995\u099f\u09be \u0997\u09be\u099b\u09c7\u09b0 \u0997\u09c1\u0981\u09dc\u09bf \u099f\u09be\u09a8\u09c7\u0964<\/span><\/p>\n"},"subContentId":"179ec519-ce70-4843-bd6f-c08e0b43745a","metadata":{"contentType":"Text","license":"U","title":"Untitled Text"}},"alwaysDisplayComments":false,"backgroundOpacity":0,"willDoAnimation":false,"animationType":"glow","displayAsButton":false,"buttonSize":"big","goToSlideType":"specified","invisible":false,"solution":""},{"x":46.96691176470588,"y":44,"width":40,"height":40,"action":{"library":"H5P.CRAudio 1.4","params":{"fitToWrapper":true,"currIndex":5,"playerMode":"minimalistic","controls":true,"autoplay":true,"playAudio":"Play audio","pauseAudio":"Pause audio","contentName":"Audio","glowColor":"#ffd85a","timeStampForEachText":[{"text":" \u09b9\u09be\u09a4\u09bf ","startDuration":"0.0000","endDuration":"0.3032","wordfile":[{"path":"audios\/wordfile-671b76e42d5fc.mp3","mime":"audio\/mpeg","copyright":{"license":"U"}}]},{"text":" \u098f\u0995\u099f\u09be ","startDuration":"0.3042","endDuration":"0.5936","wordfile":[{"path":"audios\/wordfile-671b76f4551ce.mp3","mime":"audio\/mpeg","copyright":{"license":"U"}}]},{"text":" \u0997\u09be\u099b\u09c7\u09b0 ","startDuration":"0.5946","endDuration":"1.3519","wordfile":[{"path":"audios\/wordfile-671b7704a5927.mp3","mime":"audio\/mpeg","copyright":{"license":"U"}}]},{"text":" \u0997\u09c1\u0981\u09dc\u09bf ","startDuration":"1.3529","endDuration":"1.6974","wordfile":[{"path":"audios\/wordfile-671b7714d45ca.mp3","mime":"audio\/mpeg","copyright":{"license":"U"}}]},{"text":" \u099f\u09be\u09a8\u09c7\u0964 ","startDuration":"1.6709","endDuration":"2.1254","wordfile":[{"path":"audios\/wordfile-671b77284b4f6.mp3","mime":"audio\/mpeg","copyright":{"license":"U"}}]}],"files":[{"path":"audios\/files-668b90fe01c01.mp3","mime":"audio\/mpeg","copyright":{"license":"U"}}]},"subContentId":"27841cc9-6302-47d2-b44c-084298834883","metadata":{"contentType":"Curious Reader Audio","license":"U","title":"Untitled Curious Reader Audio"}},"backgroundOpacity":0,"willDoAnimation":false,"animationType":"glow","displayAsButton":false,"buttonSize":"big","goToSlideType":"specified","invisible":false},{"x":31.25,"y":25.488654545454548,"width":22.058823529411764,"height":24.363636363636363,"action":{"library":"H5P.Image 1.1","params":{"contentName":"Image"},"subContentId":"bdb7408b-9fdb-447a-959e-a0ed87a89cc0","metadata":{"contentType":"Image","license":"U","title":"Untitled Image"}},"backgroundOpacity":0,"willDoAnimation":true,"animationType":"glow","displayAsButton":false,"buttonSize":"big","goToSlideType":"specified","invisible":false,"id":"img27841cc9-6302-47d2-b44c-084298834883_0"},{"x":36.76470588235294,"y":36.41490909090909,"width":18.38235294117647,"height":25.454545454545453,"action":{"library":"H5P.Image 1.1","params":{"contentName":"Image"},"subContentId":"320ddce2-544b-4d15-85e1-c938ad0df163","metadata":{"contentType":"Image","license":"U","title":"Untitled Image"}},"backgroundOpacity":0,"willDoAnimation":true,"animationType":"glow","displayAsButton":false,"buttonSize":"big","goToSlideType":"specified","invisible":false,"id":"img27841cc9-6302-47d2-b44c-084298834883_1"},{"x":40.44117647058824,"y":43.69890909090909,"width":18.38235294117647,"height":21.09090909090909,"action":{"library":"H5P.Image 1.1","params":{"contentName":"Image"},"subContentId":"3a3550d0-26c9-4d98-810b-83e75b4695ce","metadata":{"contentType":"Image","license":"U","title":"Untitled Image"}},"backgroundOpacity":0,"willDoAnimation":true,"animationType":"glow","displayAsButton":false,"buttonSize":"big","goToSlideType":"specified","invisible":false,"id":"img27841cc9-6302-47d2-b44c-084298834883_4"}],"slideBackgroundSelector":{}},{"elements":[{"x":28.322440087145967,"y":4.29436559139785,"width":39.97821350762527,"height":70.96774193548387,"action":{"library":"H5P.Image 1.1","params":{"contentName":"Image","file":{"path":"images\/file-65831ba2ca3fa.jpg","mime":"image\/jpeg","copyright":{"license":"U"},"width":1024,"height":1104}},"subContentId":"c68753a8-2e98-4278-b57e-cff21c6110e8","metadata":{"contentType":"Image","license":"U","title":"Untitled Image"}},"backgroundOpacity":0,"willDoAnimation":false,"animationType":"glow","displayAsButton":false,"buttonSize":"big","goToSlideType":"specified","invisible":false},{"x":20.408163265306122,"y":81.65541561712847,"width":57.90816326530612,"height":13.853904282115868,"action":{"library":"H5P.CRAdvancedText 1.1","params":{"text":"<p dir=\"ltr\" style=\"text-align: center;\"><span style=\"font-size:2.25em;\">\u0998\u09cb\u09dc\u09be \u098f\u0995\u099f\u09be \u0997\u09be\u09dc\u09bf \u099f\u09be\u09a8\u09c7\u0964<\/span><\/p>\n"},"subContentId":"209e6fbd-a59d-4163-a4d8-cd813ccf5435","metadata":{"contentType":"Text","license":"U","title":"Untitled Text"}},"alwaysDisplayComments":false,"backgroundOpacity":0,"willDoAnimation":false,"animationType":"glow","displayAsButton":false,"buttonSize":"big","goToSlideType":"specified","invisible":false,"solution":""},{"x":46.96691176470588,"y":44,"width":40,"height":40,"action":{"library":"H5P.CRAudio 1.4","params":{"fitToWrapper":true,"currIndex":6,"playerMode":"minimalistic","controls":true,"autoplay":true,"playAudio":"Play audio","pauseAudio":"Pause audio","contentName":"Audio","glowColor":"#ffd85a","timeStampForEachText":[{"text":" \u0998\u09cb\u09dc\u09be ","startDuration":"0.0000","endDuration":"0.6472","wordfile":[{"path":"audios\/wordfile-671b773f4ac91.mp3","mime":"audio\/mpeg","copyright":{"license":"U"}}]},{"text":" \u098f\u0995\u099f\u09be ","startDuration":"0.6482","endDuration":"1.0133","wordfile":[{"path":"audios\/wordfile-671b774fe73ca.mp3","mime":"audio\/mpeg","copyright":{"license":"U"}}]},{"text":" \u0997\u09be\u09dc\u09bf ","startDuration":"1.0143","endDuration":"1.5101","wordfile":[{"path":"audios\/wordfile-671b77605b1fa.mp3","mime":"audio\/mpeg","copyright":{"license":"U"}}]},{"text":" \u099f\u09be\u09a8\u09c7\u0964 ","startDuration":"1.5111","endDuration":"1.9106","wordfile":[{"path":"audios\/wordfile-671b7771b135b.mp3","mime":"audio\/mpeg","copyright":{"license":"U"}}]}],"files":[{"path":"audios\/files-668b9347d4672.mp3","mime":"audio\/mpeg","copyright":{"license":"U"}}]},"subContentId":"5a720730-67fa-44bb-b01c-b7949f1229be","metadata":{"contentType":"Curious Reader Audio","license":"U","title":"Untitled Curious Reader Audio"}},"backgroundOpacity":0,"willDoAnimation":false,"animationType":"glow","displayAsButton":false,"buttonSize":"big","goToSlideType":"specified","invisible":false},{"x":40.44117647058824,"y":10.951709090909091,"width":17.830882352941174,"height":40,"action":{"library":"H5P.Image 1.1","params":{"contentName":"Image"},"subContentId":"01476ae8-b9e3-4bbd-bb02-97427cb3fcea","metadata":{"contentType":"Image","license":"U","title":"Untitled Image"}},"backgroundOpacity":0,"willDoAnimation":true,"animationType":"glow","displayAsButton":false,"buttonSize":"big","goToSlideType":"specified","invisible":false,"id":"img5a720730-67fa-44bb-b01c-b7949f1229be_0"},{"x":29.41176470588235,"y":14.545454545454545,"width":32.53676470588235,"height":40,"action":{"library":"H5P.Image 1.1","params":{"contentName":"Image"},"subContentId":"33601b9d-2d04-48d5-bee2-34a6b057dd30","metadata":{"contentType":"Image","license":"U","title":"Untitled Image"}},"backgroundOpacity":0,"willDoAnimation":true,"animationType":"glow","displayAsButton":false,"buttonSize":"big","goToSlideType":"specified","invisible":false,"id":"img5a720730-67fa-44bb-b01c-b7949f1229be_2"}],"slideBackgroundSelector":{}},{"elements":[{"x":29.411764705882355,"y":4.29436559139785,"width":39.97821350762527,"height":70.96774193548387,"action":{"library":"H5P.Image 1.1","params":{"contentName":"Image","file":{"path":"images\/file-65831be285345.jpg","mime":"image\/jpeg","copyright":{"license":"U"},"width":1024,"height":1104}},"subContentId":"5e15c7ac-663e-49c7-a409-d47ae27b65e0","metadata":{"contentType":"Image","license":"U","title":"Untitled Image"}},"backgroundOpacity":0,"willDoAnimation":false,"animationType":"glow","displayAsButton":false,"buttonSize":"big","goToSlideType":"specified","invisible":false},{"x":12.755102040816327,"y":79.43954659949623,"width":80.35714285714286,"height":13.853904282115868,"action":{"library":"H5P.CRAdvancedText 1.1","params":{"text":"<p dir=\"ltr\" style=\"text-align: center;\"><span style=\"font-size:2.25em;\">\u09b8\u09be\u09aa \u09ae\u09be\u099f\u09bf\u09b0 \u0993\u09aa\u09b0 \u09ac\u09c1\u0995\u09c7 \u09b9\u09c7\u0981\u099f\u09c7 \u099a\u09b2\u09c7\u0964<\/span><\/p>\n"},"subContentId":"81448db5-bd9c-4ad4-8df9-fec5574f1a40","metadata":{"contentType":"Text","license":"U","title":"Untitled Text"}},"alwaysDisplayComments":false,"backgroundOpacity":0,"willDoAnimation":false,"animationType":"glow","displayAsButton":false,"buttonSize":"big","goToSlideType":"specified","invisible":false,"solution":""},{"x":46.96691176470588,"y":44,"width":40,"height":40,"action":{"library":"H5P.CRAudio 1.4","params":{"fitToWrapper":true,"currIndex":7,"playerMode":"minimalistic","controls":true,"autoplay":true,"playAudio":"Play audio","pauseAudio":"Pause audio","contentName":"Audio","glowColor":"#ffd85a","timeStampForEachText":[{"text":" \u09b8\u09be\u09aa ","startDuration":"0.0000","endDuration":"0.5371","wordfile":[{"path":"audios\/wordfile-671b77889e243.mp3","mime":"audio\/mpeg","copyright":{"license":"U"}}]},{"text":" \u09ae\u09be\u099f\u09bf\u09b0 ","startDuration":"0.5381","endDuration":"0.9720","wordfile":[{"path":"audios\/wordfile-671b77979deb6.mp3","mime":"audio\/mpeg","copyright":{"license":"U"}}]},{"text":" \u0993\u09aa\u09b0 ","startDuration":"0.9730","endDuration":"1.5995","wordfile":[{"path":"audios\/wordfile-671b77b1742b2.mp3","mime":"audio\/mpeg","copyright":{"license":"U"}}]},{"text":" \u09ac\u09c1\u0995\u09c7 ","startDuration":"1.6005","endDuration":"1.9656","wordfile":[{"path":"audios\/wordfile-671b77c85843f.mp3","mime":"audio\/mpeg","copyright":{"license":"U"}}]},{"text":" \u09b9\u09c7\u0981\u099f\u09c7 ","startDuration":"1.9666","endDuration":"2.2767","wordfile":[{"path":"audios\/wordfile-671b77d89bbbd.mp3","mime":"audio\/mpeg","copyright":{"license":"U"}}]},{"text":" \u099a\u09b2\u09c7\u0964 ","startDuration":"2.2777","endDuration":"2.8148","wordfile":[{"path":"audios\/wordfile-671b77ea6d47f.mp3","mime":"audio\/mpeg","copyright":{"license":"U"}}]}],"files":[{"path":"audios\/files-668b952e8ed0d.mp3","mime":"audio\/mpeg","copyright":{"license":"U"}}]},"subContentId":"f68c45ee-ab56-46de-a558-6a25775fd7e3","metadata":{"contentType":"Curious Reader Audio","license":"U","title":"Untitled Curious Reader Audio"}},"backgroundOpacity":0,"willDoAnimation":false,"animationType":"glow","displayAsButton":false,"buttonSize":"big","goToSlideType":"specified","invisible":false},{"x":44.11764705882353,"y":40.113454545454545,"width":23.345588235294116,"height":22.90909090909091,"action":{"library":"H5P.Image 1.1","params":{"contentName":"Image"},"subContentId":"f1744b6f-6ce2-4417-a17d-6f905278f44b","metadata":{"contentType":"Image","license":"U","title":"Untitled Image"}},"backgroundOpacity":0,"willDoAnimation":true,"animationType":"glow","displayAsButton":false,"buttonSize":"big","goToSlideType":"specified","invisible":false,"id":"imgf68c45ee-ab56-46de-a558-6a25775fd7e3_0"},{"x":29.963235294117645,"y":58.34654545454545,"width":40.0735294117647,"height":17.09090909090909,"action":{"library":"H5P.Image 1.1","params":{"contentName":"Image"},"subContentId":"f629b2a0-b5c2-41f4-90a0-85f3c358e9fb","metadata":{"contentType":"Image","license":"U","title":"Untitled Image"}},"backgroundOpacity":0,"willDoAnimation":true,"animationType":"glow","displayAsButton":false,"buttonSize":"big","goToSlideType":"specified","invisible":false,"id":"imgf68c45ee-ab56-46de-a558-6a25775fd7e3_5"}],"slideBackgroundSelector":{}},{"elements":[{"x":0,"y":72.72727272727273,"width":89.28571428571429,"height":21.41057934508816,"action":{"library":"H5P.CRAdvancedText 1.1","params":{"text":"<p dir=\"ltr\" style=\"text-align: center;\"><span style=\"font-size:2.25em;\">\u09aa\u09be\u0996\u09bf \u0986\u0995\u09be\u09b6\u09c7 \u0993\u09dc\u09c7\u0964<\/span><\/p>\n"},"subContentId":"ca7f191a-37d5-488d-9491-527dde95e88a","metadata":{"contentType":"Text","license":"U","title":"Untitled Text"}},"alwaysDisplayComments":false,"backgroundOpacity":0,"willDoAnimation":false,"animationType":"glow","displayAsButton":false,"buttonSize":"big","goToSlideType":"specified","invisible":false,"solution":""},{"x":26.143790849673206,"y":2.147178494623656,"width":39.97821350762527,"height":66.66666666666666,"action":{"library":"H5P.Image 1.1","params":{"contentName":"Image","file":{"path":"images\/file-65831d4baff8f.jpg","mime":"image\/jpeg","copyright":{"license":"U"},"width":1024,"height":1104}},"subContentId":"57d80f10-41cc-4ab9-af85-be3720280f99","metadata":{"contentType":"Image","license":"U","title":"Untitled Image"}},"backgroundOpacity":0,"willDoAnimation":false,"animationType":"glow","displayAsButton":false,"buttonSize":"big","goToSlideType":"specified","invisible":false},{"x":46.96691176470588,"y":44,"width":40,"height":40,"action":{"library":"H5P.CRAudio 1.4","params":{"fitToWrapper":true,"currIndex":8,"playerMode":"minimalistic","controls":true,"autoplay":true,"playAudio":"Play audio","pauseAudio":"Pause audio","contentName":"Audio","glowColor":"#ffd85a","timeStampForEachText":[{"text":" \u09aa\u09be\u0996\u09bf ","startDuration":"0.0000","endDuration":"0.3651","wordfile":[{"path":"audios\/wordfile-671b780242142.mp3","mime":"audio\/mpeg","copyright":{"license":"U"}}]},{"text":" \u0986\u0995\u09be\u09b6\u09c7 ","startDuration":"0.3661","endDuration":"0.9582","wordfile":[{"path":"audios\/wordfile-671b7813044d8.mp3","mime":"audio\/mpeg","copyright":{"license":"U"}}]},{"text":" \u0993\u09dc\u09c7\u0964 ","startDuration":"0.9592","endDuration":"1.5857","wordfile":[{"path":"audios\/wordfile-671b78240e047.mp3","mime":"audio\/mpeg","copyright":{"license":"U"}}]}],"files":[{"path":"audios\/files-668b9871d9215.mp3","mime":"audio\/mpeg","copyright":{"license":"U"}}]},"subContentId":"2c1bbaf7-e007-4819-a543-862096cad6b2","metadata":{"contentType":"Curious Reader Audio","license":"U","title":"Untitled Curious Reader Audio"}},"backgroundOpacity":0,"willDoAnimation":false,"animationType":"glow","displayAsButton":false,"buttonSize":"big","goToSlideType":"specified","invisible":false},{"x":33.088235294117645,"y":10.923309090909092,"width":28.860294117647058,"height":31.636363636363637,"action":{"library":"H5P.Image 1.1","params":{"contentName":"Image"},"subContentId":"1eb3b706-453a-4ac2-8836-500fa589798f","metadata":{"contentType":"Image","license":"U","title":"Untitled Image"}},"backgroundOpacity":0,"willDoAnimation":true,"animationType":"glow","displayAsButton":false,"buttonSize":"big","goToSlideType":"specified","invisible":false,"id":"img2c1bbaf7-e007-4819-a543-862096cad6b2_0"},{"x":25.735294117647058,"y":3.6392,"width":40.0735294117647,"height":17.09090909090909,"action":{"library":"H5P.Image 1.1","params":{"contentName":"Image"},"subContentId":"f02718f1-eb8b-420c-96b6-98fb43641999","metadata":{"contentType":"Image","license":"U","title":"Untitled Image"}},"backgroundOpacity":0,"willDoAnimation":true,"animationType":"glow","displayAsButton":false,"buttonSize":"big","goToSlideType":"specified","invisible":false,"id":"img2c1bbaf7-e007-4819-a543-862096cad6b2_1"}],"slideBackgroundSelector":{}},{"elements":[{"x":28.32244008714597,"y":6.451612903225806,"width":39.97821350762527,"height":66.66666666666666,"action":{"library":"H5P.Image 1.1","params":{"contentName":"Image","file":{"path":"images\/file-65831df5f06a6.jpg","mime":"image\/jpeg","copyright":{"license":"U"},"width":1024,"height":735}},"subContentId":"d222ce68-7efa-448b-a4b2-ea1f3fbac71f","metadata":{"contentType":"Image","license":"U","title":"Untitled Image"}},"backgroundOpacity":0,"willDoAnimation":false,"animationType":"glow","displayAsButton":false,"buttonSize":"big","goToSlideType":"specified","invisible":false}],"slideBackgroundSelector":{}},{"elements":[{"x":11.982570806100219,"y":6.451612903225806,"width":15.250544662309368,"height":15.268817204301074,"action":{"library":"H5P.Image 1.1","params":{"contentName":"Image","file":{"path":"images\/file-65831e32b2800.png","mime":"image\/png","copyright":{"license":"U"},"width":1350,"height":487}},"subContentId":"1085a3ab-ea5d-4a09-a91d-6a7952625bf7","metadata":{"contentType":"Image","license":"U","title":"Untitled Image"}},"backgroundOpacity":0,"willDoAnimation":false,"animationType":"glow","displayAsButton":false,"buttonSize":"big","goToSlideType":"specified","invisible":false},{"x":33.769063180827885,"y":6.451612903225806,"width":15.250544662309368,"height":15.268817204301074,"action":{"library":"H5P.Image 1.1","params":{"contentName":"Image","file":{"path":"images\/file-65831e42c1cf9.png","mime":"image\/png","copyright":{"license":"U"},"width":814,"height":202}},"subContentId":"2785156a-658b-4044-8615-4e454538838b","metadata":{"contentType":"Image","license":"U","title":"Untitled Image"}},"backgroundOpacity":0,"willDoAnimation":false,"animationType":"glow","displayAsButton":false,"buttonSize":"big","goToSlideType":"specified","invisible":false},{"x":54.46623093681917,"y":6.451612903225806,"width":39.97821350762527,"height":15.053763440860214,"action":{"library":"H5P.Image 1.1","params":{"contentName":"Image","file":{"path":"images\/file-65831e5ad7945.jpg","mime":"image\/jpeg","copyright":{"license":"U"},"width":1732,"height":354}},"subContentId":"77aaaf80-e5d8-4a40-975c-53835aa915ff","metadata":{"contentType":"Image","license":"U","title":"Untitled Image"}},"backgroundOpacity":0,"willDoAnimation":false,"animationType":"glow","displayAsButton":false,"buttonSize":"big","goToSlideType":"specified","invisible":false},{"x":5.446623093681917,"y":25.791397849462367,"width":93.24618736383442,"height":70.75268817204301,"action":{"library":"H5P.CRAdvancedText 1.1","params":{"text":"<h3 style=\"text-align: center;\">\u201c\u09b8\u09bf\u0982\u09b9 \u09a6\u09cc\u09dc\u09be\u09df \u098f\u09ac\u0982 \u0997\u09b0\u09c1 \u09b9\u09be\u0981\u099f\u09c7\u201d credits<\/h3>\n\n<h3 style=\"text-align: center;\">This work, \u201c\u09b8\u09bf\u0982\u09b9 \u09a6\u09cc\u09dc\u09be\u09df \u098f\u09ac\u0982 \u0997\u09b0\u09c1 \u09b9\u09be\u0981\u099f\u09c7\u201d is a derivative of The Lion Runs and the Cow Walks is written by All Children Reading Cambodia. \u00a9 The Asia Foundation , 2019. Some rights reserved. Released under CC BY 4.0 license.<\/h3>\n\n<h3 style=\"text-align: center;\">\u201c\u09b8\u09bf\u0982\u09b9 \u09a6\u09cc\u09dc\u09be\u09df \u098f\u09ac\u0982 \u0997\u09b0\u09c1 \u09b9\u09be\u0981\u099f\u09c7\u201d is licensed under CC BY 4.0 by Curious Learning.<\/h3>\n\n<h3 style=\"text-align: center;\">Book builder - Abraham Jerry Kakooza<\/h3>\n"},"subContentId":"acb72884-2c08-4f72-9178-060c6cd88ce2","metadata":{"contentType":"Text","license":"U","title":"Untitled Text"}},"alwaysDisplayComments":false,"backgroundOpacity":0,"willDoAnimation":false,"animationType":"glow","displayAsButton":false,"buttonSize":"big","goToSlideType":"specified","invisible":false,"solution":""}],"slideBackgroundSelector":{}}],"keywordListEnabled":true,"globalBackgroundSelector":{},"keywordListAlwaysShow":false,"keywordListAutoHide":false,"keywordListOpacity":90},"override":{"activeSurface":false,"hideSummarySlide":false,"summarySlideSolutionButton":true,"summarySlideRetryButton":true,"enablePrintButton":false,"social":{"showFacebookShare":false,"facebookShare":{"url":"@currentpageurl","quote":"I scored @score out of @maxScore on a task at @currentpageurl."},"showTwitterShare":false,"twitterShare":{"statement":"I scored @score out of @maxScore on a task at @currentpageurl.","url":"@currentpageurl","hashtags":"h5p, course"},"showGoogleShare":false,"googleShareUrl":"@currentpageurl"}},"l10n":{"slide":"Slide","score":"Score","yourScore":"Your Score","maxScore":"Max Score","total":"Total","totalScore":"Total Score","showSolutions":"Show solutions","retry":"Retry","exportAnswers":"Export text","hideKeywords":"Hide sidebar navigation menu","showKeywords":"Show sidebar navigation menu","fullscreen":"Fullscreen","exitFullscreen":"Exit fullscreen","prevSlide":"Previous slide","nextSlide":"Next slide","currentSlide":"Current slide","lastSlide":"Last slide","solutionModeTitle":"Exit solution mode","solutionModeText":"Solution Mode","summaryMultipleTaskText":"Multiple tasks","scoreMessage":"You achieved:","shareFacebook":"Share on Facebook","shareTwitter":"Share on Twitter","shareGoogle":"Share on Google+","summary":"Summary","solutionsButtonTitle":"Show comments","printTitle":"Print","printIngress":"How would you like to print this presentation?","printAllSlides":"Print all slides","printCurrentSlide":"Print current slide","noTitle":"No title","accessibilitySlideNavigationExplanation":"Use left and right arrow to change slide in that direction whenever canvas is selected.","accessibilityCanvasLabel":"Presentation canvas. Use left and right arrow to move between slides.","containsNotCompleted":"@slideName contains not completed interaction","containsCompleted":"@slideName contains completed interaction","slideCount":"Slide @index of @total","containsOnlyCorrect":"@slideName only has correct answers","containsIncorrectAnswers":"@slideName has incorrect answers","shareResult":"Share Result","accessibilityTotalScore":"You got @score of @maxScore points in total","accessibilityEnteredFullscreen":"Entered fullscreen","accessibilityExitedFullscreen":"Exited fullscreen"}}