{"presentation":{"slides":[{"elements":[{"x":22.875816993464053,"y":6.4415268817204305,"width":62.309368191721134,"height":62.36559139784946,"action":{"library":"H5P.Image 1.1","params":{"contentName":"Image","file":{"path":"images\/file-658319096f767.jpg","mime":"image\/jpeg","copyright":{"license":"U"},"width":1024,"height":490}},"subContentId":"e9b86eca-b97e-411f-8ba5-eead3a9fe77c","metadata":{"contentType":"Image","license":"U","title":"Untitled Image"}},"backgroundOpacity":0,"willDoAnimation":false,"animationType":"glow","displayAsButton":false,"buttonSize":"big","goToSlideType":"specified","invisible":false},{"x":15.250255102040816,"y":72.97506297229219,"width":74.10714285714286,"height":25.188916876574307,"action":{"library":"H5P.CRAdvancedText 1.1","params":{"text":"<h2 style=\"text-align: center;\"><span style=\"font-size:1.75em;\">\u0938\u093f\u0902\u0939 \u0926\u094c\u0921\u0928\u094d\u091b \u0930 \u0917\u093e\u0908 \u0939\u093f\u0901\u0921\u094d\u091b\u093f\u0928\u094d<\/span><\/h2>\n"},"subContentId":"69c7285e-eb82-4919-b262-fd9d1f00fa17","metadata":{"contentType":"Text","license":"U","title":"Untitled Text"}},"alwaysDisplayComments":false,"backgroundOpacity":0,"willDoAnimation":false,"animationType":"glow","displayAsButton":false,"buttonSize":"big","goToSlideType":"specified","invisible":false,"solution":""}],"slideBackgroundSelector":{}},{"elements":[{"x":7.625272331154684,"y":4.301075268817204,"width":38.12636165577342,"height":86.02150537634408,"action":{"library":"H5P.Image 1.1","params":{"contentName":"Image","file":{"path":"images\/file-6583197217324.jpg","mime":"image\/jpeg","copyright":{"license":"U"},"width":1024,"height":1104}},"subContentId":"f7920f01-f5ce-4803-9d36-cf2030aa00d8","metadata":{"contentType":"Image","license":"U","title":"Untitled Image"}},"backgroundOpacity":0,"willDoAnimation":false,"animationType":"glow","displayAsButton":false,"buttonSize":"big","goToSlideType":"specified","invisible":false},{"x":47.19387755102041,"y":40.30226700251889,"width":49.744897959183675,"height":40.050377833753146,"action":{"library":"H5P.CRAdvancedText 1.1","params":{"text":"<p dir=\"ltr\" style=\"text-align: center;\"><span style=\"color:#ffffff;\"><span style=\"font-size:2.25em;\">\u0938\u093f\u0902\u0939 \u0926\u094c\u0921\u093f\u0928\u094d\u091b\u0964<\/span><\/span><\/p>\n"},"subContentId":"9719aa82-4821-4f23-91eb-86959f487486","metadata":{"contentType":"Text","license":"U","title":"Untitled Text"}},"alwaysDisplayComments":false,"backgroundOpacity":0,"willDoAnimation":false,"animationType":"glow","displayAsButton":false,"buttonSize":"big","goToSlideType":"specified","invisible":false,"solution":""},{"x":47.00255102040816,"y":43.95465994962216,"width":40,"height":40,"action":{"library":"H5P.CRAudio 1.4","params":{"fitToWrapper":true,"currIndex":1,"playerMode":"minimalistic","controls":true,"autoplay":true,"playAudio":"Play audio","pauseAudio":"Pause audio","contentName":"Audio","glowColor":"#ffd85a","timeStampForEachText":[{"text":" \u0938\u093f\u0902\u0939 ","startDuration":"0.0000","endDuration":"0.6983","wordfile":[{"path":"audios\/wordfile-65e641fe87eed.wav","mime":"audio\/x-wav","copyright":{"license":"U"}}]},{"text":" \u0926\u094c\u0921\u093f\u0928\u094d\u091b\u0964 ","startDuration":"0.6993","endDuration":"1.7196","wordfile":[{"path":"audios\/wordfile-65e642138d2b0.wav","mime":"audio\/x-wav","copyright":{"license":"U"}}]}],"files":[{"path":"audios\/files-65e641ec890bc.wav","mime":"audio\/x-wav","copyright":{"license":"U"}}]},"subContentId":"6f8383e6-c07b-43fb-b4d3-857c69e3ecce","metadata":{"contentType":"Curious Reader Audio","license":"U","title":"Untitled Curious Reader Audio"}},"backgroundOpacity":0,"willDoAnimation":false,"animationType":"glow","displayAsButton":false,"buttonSize":"big","goToSlideType":"specified","invisible":false},{"x":7.653061224489796,"y":17.614534005037783,"width":34.05612244897959,"height":52.141057934508815,"action":{"library":"H5P.Image 1.1","params":{"contentName":"Image"},"subContentId":"88a47bd3-6d76-439d-80eb-6e5032f08e11","metadata":{"contentType":"Image","license":"U","title":"Untitled Image"}},"backgroundOpacity":0,"willDoAnimation":true,"animationType":"glow","displayAsButton":false,"buttonSize":"big","goToSlideType":"specified","invisible":false,"id":"img6f8383e6-c07b-43fb-b4d3-857c69e3ecce_0"}],"slideBackgroundSelector":{}},{"elements":[{"x":26.143790849673202,"y":2.150537634408602,"width":39.97821350762527,"height":75.26881720430107,"action":{"library":"H5P.Image 1.1","params":{"contentName":"Image","file":{"path":"images\/file-65831a8a29b4c.jpg","mime":"image\/jpeg","copyright":{"license":"U"},"width":1024,"height":1104}},"subContentId":"1da54fc5-e548-4ce7-a075-283717387dee","metadata":{"contentType":"Image","license":"U","title":"Untitled Image"}},"backgroundOpacity":0,"willDoAnimation":false,"animationType":"glow","displayAsButton":false,"buttonSize":"big","goToSlideType":"specified","invisible":false},{"x":7.653061224489796,"y":80.60453400503778,"width":82.90816326530613,"height":13.853904282115868,"action":{"library":"H5P.CRAdvancedText 1.1","params":{"text":"<p dir=\"ltr\" style=\"text-align: center;\"><span style=\"font-size:2.25em;\"><span style=\"color:#ffffff;\">\u0917\u093e\u0908 \u0939\u093f\u0901\u0921\u094d\u091b\u093f\u0928\u094d\u0964<\/span><\/span><\/p>\n"},"subContentId":"3496b02e-a1d6-497f-b829-08a065e181bc","metadata":{"contentType":"Text","license":"U","title":"Untitled Text"}},"alwaysDisplayComments":false,"backgroundOpacity":0,"willDoAnimation":false,"animationType":"glow","displayAsButton":false,"buttonSize":"big","goToSlideType":"specified","invisible":false,"solution":""},{"x":47.00255102040816,"y":43.95465994962216,"width":40,"height":40,"action":{"library":"H5P.CRAudio 1.4","params":{"fitToWrapper":true,"currIndex":2,"playerMode":"minimalistic","controls":true,"autoplay":true,"playAudio":"Play audio","pauseAudio":"Pause audio","contentName":"Audio","glowColor":"#ffd85a","timeStampForEachText":[{"text":" \u0917\u093e\u0908 ","startDuration":"0.0000","endDuration":"0.5180","wordfile":[{"path":"audios\/wordfile-65e6423b30f11.wav","mime":"audio\/x-wav","copyright":{"license":"U"}}]},{"text":" \u0939\u093f\u0901\u0921\u094d\u091b\u093f\u0928\u094d\u0964 ","startDuration":"0.5190","endDuration":"1.1976","wordfile":[{"path":"audios\/wordfile-65e64252ec7e7.wav","mime":"audio\/x-wav","copyright":{"license":"U"}}]}],"files":[{"path":"audios\/files-65e6422968786.wav","mime":"audio\/x-wav","copyright":{"license":"U"}}]},"subContentId":"cb0a4687-9c8b-4b6d-b141-68e83af9c0ce","metadata":{"contentType":"Curious Reader Audio","license":"U","title":"Untitled Curious Reader Audio"}},"backgroundOpacity":0,"willDoAnimation":false,"animationType":"glow","displayAsButton":false,"buttonSize":"big","goToSlideType":"specified","invisible":false},{"x":29.336734693877553,"y":20.139319899244335,"width":25.127551020408163,"height":40.050377833753146,"action":{"library":"H5P.Image 1.1","params":{"contentName":"Image"},"subContentId":"3130981c-a228-4007-8790-af3b97f78d30","metadata":{"contentType":"Image","license":"U","title":"Untitled Image"}},"backgroundOpacity":0,"willDoAnimation":true,"animationType":"glow","displayAsButton":false,"buttonSize":"big","goToSlideType":"specified","invisible":false,"id":"imgcb0a4687-9c8b-4b6d-b141-68e83af9c0ce_0"}],"slideBackgroundSelector":{}},{"elements":[{"x":28.32244008714597,"y":2.150537634408602,"width":39.97821350762527,"height":68.81720430107526,"action":{"library":"H5P.Image 1.1","params":{"contentName":"Image","file":{"path":"images\/file-65831ad1bdd16.jpg","mime":"image\/jpeg","copyright":{"license":"U"},"width":1024,"height":1104}},"subContentId":"af20be75-1247-4e4a-8d9d-7e7aedb3d0ab","metadata":{"contentType":"Image","license":"U","title":"Untitled Image"}},"backgroundOpacity":0,"willDoAnimation":false,"animationType":"glow","displayAsButton":false,"buttonSize":"big","goToSlideType":"specified","invisible":false},{"x":15.306122448979592,"y":79.46120906801008,"width":69.00510204081633,"height":16.120906801007557,"action":{"library":"H5P.CRAdvancedText 1.1","params":{"text":"<p dir=\"ltr\" style=\"text-align: center;\"><span style=\"color:#ffffff;\"><span style=\"font-size:2.25em;\">\u0939\u093e\u0901\u0938 \u092a\u093e\u0928\u0940\u092e\u093e \u091c\u093e\u0928\u094d\u091b\u0964<\/span><\/span><\/p>\n"},"subContentId":"2b646078-b12f-456e-842b-44aba99eca30","metadata":{"contentType":"Text","license":"U","title":"Untitled Text"}},"alwaysDisplayComments":false,"backgroundOpacity":0,"willDoAnimation":false,"animationType":"glow","displayAsButton":false,"buttonSize":"big","goToSlideType":"specified","invisible":false,"solution":""},{"x":47.00255102040816,"y":43.95465994962216,"width":40,"height":40,"action":{"library":"H5P.CRAudio 1.4","params":{"fitToWrapper":true,"currIndex":3,"playerMode":"minimalistic","controls":true,"autoplay":true,"playAudio":"Play audio","pauseAudio":"Pause audio","contentName":"Audio","glowColor":"#ffd85a","timeStampForEachText":[{"text":" \u0939\u093e\u0901\u0938 ","startDuration":"0.0000","endDuration":"0.5792","wordfile":[{"path":"audios\/wordfile-65e64278cb2c1.wav","mime":"audio\/x-wav","copyright":{"license":"U"}}]},{"text":" \u092a\u093e\u0928\u0940\u092e\u093e ","startDuration":"0.5802","endDuration":"1.1984","wordfile":[{"path":"audios\/wordfile-65e6428c3861c.wav","mime":"audio\/x-wav","copyright":{"license":"U"}}]},{"text":" \u091c\u093e\u0928\u094d\u091b\u0964 ","startDuration":"1.1994","endDuration":"1.9272","wordfile":[{"path":"audios\/wordfile-65e6429eac372.wav","mime":"audio\/x-wav","copyright":{"license":"U"}}]}],"files":[{"path":"audios\/files-65e64267d1a70.wav","mime":"audio\/x-wav","copyright":{"license":"U"}}]},"subContentId":"1c14432f-e4f9-4315-aa30-60512ba7474b","metadata":{"contentType":"Curious Reader Audio","license":"U","title":"Untitled Curious Reader Audio"}},"backgroundOpacity":0,"willDoAnimation":false,"animationType":"glow","displayAsButton":false,"buttonSize":"big","goToSlideType":"specified","invisible":false},{"x":29.336734693877553,"y":7.550780856423174,"width":21.301020408163264,"height":49.622166246851386,"action":{"library":"H5P.Image 1.1","params":{"contentName":"Image"},"subContentId":"c43a57d2-b717-43fd-96b1-f169c7d21f40","metadata":{"contentType":"Image","license":"U","title":"Untitled Image"}},"backgroundOpacity":0,"willDoAnimation":true,"animationType":"glow","displayAsButton":false,"buttonSize":"big","goToSlideType":"specified","invisible":false,"id":"img1c14432f-e4f9-4315-aa30-60512ba7474b_0"},{"x":44.642857142857146,"y":27.684130982367762,"width":21.301020408163264,"height":29.471032745591938,"action":{"library":"H5P.Image 1.1","params":{"contentName":"Image"},"subContentId":"9fdbcd3a-bc53-46df-9661-8163e1daee9b","metadata":{"contentType":"Image","license":"U","title":"Untitled Image"}},"backgroundOpacity":0,"willDoAnimation":true,"animationType":"glow","displayAsButton":false,"buttonSize":"big","goToSlideType":"specified","invisible":false,"id":"img1c14432f-e4f9-4315-aa30-60512ba7474b_0"},{"x":35.714285714285715,"y":47.80377833753149,"width":30.229591836734695,"height":16.876574307304786,"action":{"library":"H5P.Image 1.1","params":{"contentName":"Image"},"subContentId":"ceb97804-d6bb-4967-a68b-789a85c8c92f","metadata":{"contentType":"Image","license":"U","title":"Untitled Image"}},"backgroundOpacity":0,"willDoAnimation":true,"animationType":"glow","displayAsButton":false,"buttonSize":"big","goToSlideType":"specified","invisible":false,"id":"img1c14432f-e4f9-4315-aa30-60512ba7474b_1"}],"slideBackgroundSelector":{}},{"elements":[{"x":31.59041394335512,"y":2.150537634408602,"width":39.97821350762527,"height":70.96774193548387,"action":{"library":"H5P.Image 1.1","params":{"contentName":"Image","file":{"path":"images\/file-65831b138940b.jpg","mime":"image\/jpeg","copyright":{"license":"U"},"width":1024,"height":1104}},"subContentId":"19d13a31-42ad-458f-b213-0212172b804b","metadata":{"contentType":"Image","license":"U","title":"Untitled Image"}},"backgroundOpacity":0,"willDoAnimation":false,"animationType":"glow","displayAsButton":false,"buttonSize":"big","goToSlideType":"specified","invisible":false},{"x":18.51851851851852,"y":77.28322580645161,"width":63.18082788671024,"height":18.279569892473116,"action":{"library":"H5P.CRAdvancedText 1.1","params":{"text":"<p dir=\"ltr\" style=\"text-align: center;\"><span style=\"color:#ffffff;\"><span style=\"font-size:2.25em;\">\u0913\u091f\u0930 \u091c\u092e\u093f\u0928\u092e\u093e \u092b\u0930\u094d\u0915\u0928\u094d\u091b\u0964<\/span><\/span><\/p>\n"},"subContentId":"db37d6c4-ca6f-4529-90b8-57f9abf591fd","metadata":{"contentType":"Text","license":"U","title":"Untitled Text"}},"alwaysDisplayComments":false,"backgroundOpacity":0,"willDoAnimation":false,"animationType":"glow","displayAsButton":false,"buttonSize":"big","goToSlideType":"specified","invisible":false,"solution":""},{"x":47.00255102040816,"y":43.95465994962216,"width":40,"height":40,"action":{"library":"H5P.CRAudio 1.4","params":{"fitToWrapper":true,"currIndex":4,"playerMode":"minimalistic","controls":true,"autoplay":true,"playAudio":"Play audio","pauseAudio":"Pause audio","contentName":"Audio","glowColor":"#ffd85a","timeStampForEachText":[{"text":" \u0913\u091f\u0930 ","startDuration":"0.0000","endDuration":"0.6007","wordfile":[{"path":"audios\/wordfile-65e642c6ed989.wav","mime":"audio\/x-wav","copyright":{"license":"U"}}]},{"text":" \u091c\u092e\u093f\u0928\u092e\u093e ","startDuration":"0.6017","endDuration":"1.4301","wordfile":[{"path":"audios\/wordfile-65e642d8cdfaf.wav","mime":"audio\/x-wav","copyright":{"license":"U"}}]},{"text":" \u092b\u0930\u094d\u0915\u0928\u094d\u091b\u0964 ","startDuration":"1.4311","endDuration":"2.2525","wordfile":[{"path":"audios\/wordfile-65e642eb14c2a.wav","mime":"audio\/x-wav","copyright":{"license":"U"}}]}],"files":[{"path":"audios\/files-65e642b6a5846.wav","mime":"audio\/x-wav","copyright":{"license":"U"}}]},"subContentId":"a5d338f3-7514-4bd8-9200-0b04f683b379","metadata":{"contentType":"Curious Reader Audio","license":"U","title":"Untitled Curious Reader Audio"}},"backgroundOpacity":0,"willDoAnimation":false,"animationType":"glow","displayAsButton":false,"buttonSize":"big","goToSlideType":"specified","invisible":false},{"x":31.887755102040817,"y":25.188916876574307,"width":40,"height":40,"action":{"library":"H5P.Image 1.1","params":{"contentName":"Image"},"subContentId":"2769ed5d-3fd8-4217-b363-06fc3b26372d","metadata":{"contentType":"Image","license":"U","title":"Untitled Image"}},"backgroundOpacity":0,"willDoAnimation":true,"animationType":"glow","displayAsButton":false,"buttonSize":"big","goToSlideType":"specified","invisible":false,"id":"imga5d338f3-7514-4bd8-9200-0b04f683b379_0"}],"slideBackgroundSelector":{}},{"elements":[{"x":27.233115468409586,"y":2.150537634408602,"width":39.97821350762527,"height":68.81720430107526,"action":{"library":"H5P.Image 1.1","params":{"contentName":"Image","file":{"path":"images\/file-65831b5ea0e18.jpg","mime":"image\/jpeg","copyright":{"license":"U"},"width":1024,"height":1104}},"subContentId":"138ad313-54aa-4d7c-976c-943dee79f94d","metadata":{"contentType":"Image","license":"U","title":"Untitled Image"}},"backgroundOpacity":0,"willDoAnimation":false,"animationType":"glow","displayAsButton":false,"buttonSize":"big","goToSlideType":"specified","invisible":false},{"x":7.653061224489796,"y":72.98891687657432,"width":85.45918367346938,"height":20.403022670025187,"action":{"library":"H5P.CRAdvancedText 1.1","params":{"text":"<p dir=\"ltr\" style=\"text-align: center;\"><span style=\"color:#ffffff;\"><span style=\"font-size:2.25em;\">\u0939\u093e\u0924\u094d\u0924\u0940\u0932\u0947 \u0915\u093e\u0920\u0915\u094b \u091f\u0941\u0915\u094d\u0930\u093e \u0924\u093e\u0928\u094d\u091b\u0964<\/span><\/span><\/p>\n"},"subContentId":"179ec519-ce70-4843-bd6f-c08e0b43745a","metadata":{"contentType":"Text","license":"U","title":"Untitled Text"}},"alwaysDisplayComments":false,"backgroundOpacity":0,"willDoAnimation":false,"animationType":"glow","displayAsButton":false,"buttonSize":"big","goToSlideType":"specified","invisible":false,"solution":""},{"x":47.00255102040816,"y":43.95465994962216,"width":40,"height":40,"action":{"library":"H5P.CRAudio 1.4","params":{"fitToWrapper":true,"currIndex":5,"playerMode":"minimalistic","controls":true,"autoplay":true,"playAudio":"Play audio","pauseAudio":"Pause audio","contentName":"Audio","glowColor":"#ffd85a","timeStampForEachText":[{"text":" \u0939\u093e\u0924\u094d\u0924\u0940\u0932\u0947 ","startDuration":"0.0000","endDuration":"0.7836","wordfile":[{"path":"audios\/wordfile-65e64315497af.wav","mime":"audio\/x-wav","copyright":{"license":"U"}}]},{"text":" \u0915\u093e\u0920\u0915\u094b ","startDuration":"0.7846","endDuration":"1.5262","wordfile":[{"path":"audios\/wordfile-65e6432982965.wav","mime":"audio\/x-wav","copyright":{"license":"U"}}]},{"text":" \u091f\u0941\u0915\u094d\u0930\u093e ","startDuration":"1.5272","endDuration":"2.1735","wordfile":[{"path":"audios\/wordfile-65e64339332ae.wav","mime":"audio\/x-wav","copyright":{"license":"U"}}]},{"text":" \u0924\u093e\u0928\u094d\u091b\u0964 ","startDuration":"2.1745","endDuration":"2.8301","wordfile":[{"path":"audios\/wordfile-65e6434de0d49.wav","mime":"audio\/x-wav","copyright":{"license":"U"}}]}],"files":[{"path":"audios\/files-65e643044016c.wav","mime":"audio\/x-wav","copyright":{"license":"U"}}]},"subContentId":"65544d0d-1b48-407f-86e1-050c73767e2e","metadata":{"contentType":"Curious Reader Audio","license":"U","title":"Untitled Curious Reader Audio"}},"backgroundOpacity":0,"willDoAnimation":false,"animationType":"glow","displayAsButton":false,"buttonSize":"big","goToSlideType":"specified","invisible":false},{"x":29.336734693877553,"y":17.614534005037783,"width":23.852040816326532,"height":34.5088161209068,"action":{"library":"H5P.Image 1.1","params":{"contentName":"Image"},"subContentId":"80124976-bd65-4883-8018-e5994d605889","metadata":{"contentType":"Image","license":"U","title":"Untitled Image"}},"backgroundOpacity":0,"willDoAnimation":true,"animationType":"glow","displayAsButton":false,"buttonSize":"big","goToSlideType":"specified","invisible":false,"id":"img65544d0d-1b48-407f-86e1-050c73767e2e_0"},{"x":38.26428571428572,"y":42.77380352644837,"width":21.93877551020408,"height":21.914357682619645,"action":{"library":"H5P.Image 1.1","params":{"contentName":"Image"},"subContentId":"da8c1cf7-0b6c-4f37-9f7f-f16be64731e0","metadata":{"contentType":"Image","license":"U","title":"Untitled Image"}},"backgroundOpacity":0,"willDoAnimation":true,"animationType":"glow","displayAsButton":false,"buttonSize":"big","goToSlideType":"specified","invisible":false,"id":"img65544d0d-1b48-407f-86e1-050c73767e2e_1"},{"x":38.26428571428572,"y":42.77380352644837,"width":21.301020408163264,"height":21.914357682619645,"action":{"library":"H5P.Image 1.1","params":{"contentName":"Image"},"subContentId":"a21ffccd-6dd6-4181-848f-e4f4b1b534c7","metadata":{"contentType":"Image","license":"U","title":"Untitled Image"}},"backgroundOpacity":0,"willDoAnimation":true,"animationType":"glow","displayAsButton":false,"buttonSize":"big","goToSlideType":"specified","invisible":false,"id":"img65544d0d-1b48-407f-86e1-050c73767e2e_2"}],"slideBackgroundSelector":{}},{"elements":[{"x":28.322440087145967,"y":4.29436559139785,"width":39.97821350762527,"height":70.96774193548387,"action":{"library":"H5P.Image 1.1","params":{"contentName":"Image","file":{"path":"images\/file-65831ba2ca3fa.jpg","mime":"image\/jpeg","copyright":{"license":"U"},"width":1024,"height":1104}},"subContentId":"c68753a8-2e98-4278-b57e-cff21c6110e8","metadata":{"contentType":"Image","license":"U","title":"Untitled Image"}},"backgroundOpacity":0,"willDoAnimation":false,"animationType":"glow","displayAsButton":false,"buttonSize":"big","goToSlideType":"specified","invisible":false},{"x":20.408163265306122,"y":81.65541561712847,"width":57.90816326530612,"height":13.853904282115868,"action":{"library":"H5P.CRAdvancedText 1.1","params":{"text":"<p dir=\"ltr\" style=\"text-align: center;\"><span style=\"color:#ffffff;\"><span style=\"font-size:2.25em;\">\u0918\u094b\u0921\u093e\u0932\u0947 \u0917\u093e\u0921\u093e \u0924\u093e\u0928\u094d\u091b\u0964<\/span><\/span><\/p>\n"},"subContentId":"209e6fbd-a59d-4163-a4d8-cd813ccf5435","metadata":{"contentType":"Text","license":"U","title":"Untitled Text"}},"alwaysDisplayComments":false,"backgroundOpacity":0,"willDoAnimation":false,"animationType":"glow","displayAsButton":false,"buttonSize":"big","goToSlideType":"specified","invisible":false,"solution":""},{"x":47.00255102040816,"y":43.95465994962216,"width":40,"height":40,"action":{"library":"H5P.CRAudio 1.4","params":{"fitToWrapper":true,"currIndex":6,"playerMode":"minimalistic","controls":true,"autoplay":true,"playAudio":"Play audio","pauseAudio":"Pause audio","contentName":"Audio","glowColor":"#ffd85a","timeStampForEachText":[{"text":" \u0918\u094b\u0921\u093e\u0932\u0947 ","startDuration":"0.0000","endDuration":"0.7786","wordfile":[{"path":"audios\/wordfile-65e64372a7e44.wav","mime":"audio\/x-wav","copyright":{"license":"U"}}]},{"text":" \u0917\u093e\u0921\u093e ","startDuration":"0.7796","endDuration":"1.4107","wordfile":[{"path":"audios\/wordfile-65e6438870098.wav","mime":"audio\/x-wav","copyright":{"license":"U"}}]},{"text":" \u0924\u093e\u0928\u094d\u091b\u0964 ","startDuration":"1.4117","endDuration":"2.1044","wordfile":[{"path":"audios\/wordfile-65e6439957865.wav","mime":"audio\/x-wav","copyright":{"license":"U"}}]}],"files":[{"path":"audios\/files-65e643662a6fe.wav","mime":"audio\/x-wav","copyright":{"license":"U"}}]},"subContentId":"7705f826-f590-4297-b9d2-57ea66c7524e","metadata":{"contentType":"Curious Reader Audio","license":"U","title":"Untitled Curious Reader Audio"}},"backgroundOpacity":0,"willDoAnimation":false,"animationType":"glow","displayAsButton":false,"buttonSize":"big","goToSlideType":"specified","invisible":false},{"x":29.336734693877553,"y":25.181057934508814,"width":17.474489795918366,"height":34.5088161209068,"action":{"library":"H5P.Image 1.1","params":{"contentName":"Image"},"subContentId":"93bbeb4b-f0c0-4b20-8aaa-660ace3c9291","metadata":{"contentType":"Image","license":"U","title":"Untitled Image"}},"backgroundOpacity":0,"willDoAnimation":true,"animationType":"glow","displayAsButton":false,"buttonSize":"big","goToSlideType":"specified","invisible":false,"id":"img7705f826-f590-4297-b9d2-57ea66c7524e_1"},{"x":40.816326530612244,"y":12.586599496221663,"width":17.474489795918366,"height":40.050377833753146,"action":{"library":"H5P.Image 1.1","params":{"contentName":"Image"},"subContentId":"e730b9ea-e578-4863-ba4d-bd89c299b695","metadata":{"contentType":"Image","license":"U","title":"Untitled Image"}},"backgroundOpacity":0,"willDoAnimation":true,"animationType":"glow","displayAsButton":false,"buttonSize":"big","goToSlideType":"specified","invisible":false,"id":"img7705f826-f590-4297-b9d2-57ea66c7524e_0"}],"slideBackgroundSelector":{}},{"elements":[{"x":29.411764705882355,"y":4.29436559139785,"width":39.97821350762527,"height":70.96774193548387,"action":{"library":"H5P.Image 1.1","params":{"contentName":"Image","file":{"path":"images\/file-65831be285345.jpg","mime":"image\/jpeg","copyright":{"license":"U"},"width":1024,"height":1104}},"subContentId":"5e15c7ac-663e-49c7-a409-d47ae27b65e0","metadata":{"contentType":"Image","license":"U","title":"Untitled Image"}},"backgroundOpacity":0,"willDoAnimation":false,"animationType":"glow","displayAsButton":false,"buttonSize":"big","goToSlideType":"specified","invisible":false},{"x":12.755102040816327,"y":80.60453400503778,"width":80.35714285714286,"height":13.853904282115868,"action":{"library":"H5P.CRAdvancedText 1.1","params":{"text":"<p dir=\"ltr\" style=\"text-align: center;\"><span style=\"color:#ffffff;\"><span style=\"font-size:2.25em;\">\u0938\u0930\u094d\u092a \u092d\u0941\u0907\u0901\u092e\u093e \u0918\u0941\u092e\u094d\u091b\u0964<\/span><\/span><\/p>\n"},"subContentId":"81448db5-bd9c-4ad4-8df9-fec5574f1a40","metadata":{"contentType":"Text","license":"U","title":"Untitled Text"}},"alwaysDisplayComments":false,"backgroundOpacity":0,"willDoAnimation":false,"animationType":"glow","displayAsButton":false,"buttonSize":"big","goToSlideType":"specified","invisible":false,"solution":""},{"x":47.00255102040816,"y":43.95465994962216,"width":40,"height":40,"action":{"library":"H5P.CRAudio 1.4","params":{"fitToWrapper":true,"currIndex":7,"playerMode":"minimalistic","controls":true,"autoplay":true,"playAudio":"Play audio","pauseAudio":"Pause audio","contentName":"Audio","glowColor":"#ffd85a","timeStampForEachText":[{"text":" \u0938\u0930\u094d\u092a ","startDuration":"0.0000","endDuration":"0.7829","wordfile":[{"path":"audios\/wordfile-65e643c0a9cae.wav","mime":"audio\/x-wav","copyright":{"license":"U"}}]},{"text":" \u092d\u0941\u0907\u0901\u092e\u093e ","startDuration":"0.7839","endDuration":"1.4899","wordfile":[{"path":"audios\/wordfile-65e643d56c3dc.wav","mime":"audio\/x-wav","copyright":{"license":"U"}}]},{"text":" \u0918\u0941\u092e\u094d\u091b\u0964 ","startDuration":"1.4909","endDuration":"2.1791","wordfile":[{"path":"audios\/wordfile-65e643e74b56b.wav","mime":"audio\/x-wav","copyright":{"license":"U"}}]}],"files":[{"path":"audios\/files-65e643b1ba66a.wav","mime":"audio\/x-wav","copyright":{"license":"U"}}]},"subContentId":"b8804bb6-4f0d-4ce0-befa-cb2541688739","metadata":{"contentType":"Curious Reader Audio","license":"U","title":"Untitled Curious Reader Audio"}},"backgroundOpacity":0,"willDoAnimation":false,"animationType":"glow","displayAsButton":false,"buttonSize":"big","goToSlideType":"specified","invisible":false},{"x":30.612244897959183,"y":25.17317380352645,"width":37.88265306122449,"height":40.050377833753146,"action":{"library":"H5P.Image 1.1","params":{"contentName":"Image"},"subContentId":"84c92372-1b33-4533-8d89-52d84bddcf4e","metadata":{"contentType":"Image","license":"U","title":"Untitled Image"}},"backgroundOpacity":0,"willDoAnimation":true,"animationType":"glow","displayAsButton":false,"buttonSize":"big","goToSlideType":"specified","invisible":false,"id":"imgb8804bb6-4f0d-4ce0-befa-cb2541688739_0"},{"x":28.061224489795915,"y":50.336523929471035,"width":34.05612244897959,"height":24.43324937027708,"action":{"library":"H5P.Image 1.1","params":{"contentName":"Image"},"subContentId":"9a8dfc28-0a14-4853-a400-5a695978f7f9","metadata":{"contentType":"Image","license":"U","title":"Untitled Image"}},"backgroundOpacity":0,"willDoAnimation":true,"animationType":"glow","displayAsButton":false,"buttonSize":"big","goToSlideType":"specified","invisible":false,"id":"imgb8804bb6-4f0d-4ce0-befa-cb2541688739_1"}],"slideBackgroundSelector":{}},{"elements":[{"x":5.1020408163265305,"y":73.04785894206549,"width":89.28571428571429,"height":21.41057934508816,"action":{"library":"H5P.CRAdvancedText 1.1","params":{"text":"<p dir=\"ltr\" style=\"text-align: center;\"><span style=\"font-size:2.25em;\"><span style=\"color:#ffffff;\">\u091a\u0930\u093e\u0939\u0930\u0942 \u0906\u0915\u093e\u0936\u092e\u093e \u0909\u0921\u094d\u091b\u0928\u094d\u0964<\/span><\/span><\/p>\n"},"subContentId":"ca7f191a-37d5-488d-9491-527dde95e88a","metadata":{"contentType":"Text","license":"U","title":"Untitled Text"}},"alwaysDisplayComments":false,"backgroundOpacity":0,"willDoAnimation":false,"animationType":"glow","displayAsButton":false,"buttonSize":"big","goToSlideType":"specified","invisible":false,"solution":""},{"x":26.143790849673206,"y":2.147178494623656,"width":39.97821350762527,"height":66.66666666666666,"action":{"library":"H5P.Image 1.1","params":{"contentName":"Image","file":{"path":"images\/file-65831d4baff8f.jpg","mime":"image\/jpeg","copyright":{"license":"U"},"width":1024,"height":1104}},"subContentId":"57d80f10-41cc-4ab9-af85-be3720280f99","metadata":{"contentType":"Image","license":"U","title":"Untitled Image"}},"backgroundOpacity":0,"willDoAnimation":false,"animationType":"glow","displayAsButton":false,"buttonSize":"big","goToSlideType":"specified","invisible":false},{"x":47.00255102040816,"y":43.95465994962216,"width":40,"height":40,"action":{"library":"H5P.CRAudio 1.4","params":{"fitToWrapper":true,"currIndex":8,"playerMode":"minimalistic","controls":true,"autoplay":true,"playAudio":"Play audio","pauseAudio":"Pause audio","contentName":"Audio","glowColor":"#ffd85a","timeStampForEachText":[{"text":" \u091a\u0930\u093e\u0939\u0930\u0942 ","startDuration":"0.0000","endDuration":"0.9565","wordfile":[{"path":"audios\/wordfile-65e64410dbca4.wav","mime":"audio\/x-wav","copyright":{"license":"U"}}]},{"text":" \u0906\u0915\u093e\u0936\u092e\u093e ","startDuration":"0.9575","endDuration":"1.8674","wordfile":[{"path":"audios\/wordfile-65e6442286944.wav","mime":"audio\/x-wav","copyright":{"license":"U"}}]},{"text":" \u0909\u0921\u094d\u091b\u0928\u094d\u0964 ","startDuration":"1.8684","endDuration":"2.6528","wordfile":[{"path":"audios\/wordfile-65e6443785c98.wav","mime":"audio\/x-wav","copyright":{"license":"U"}}]}],"files":[{"path":"audios\/files-65e643fe2bb26.wav","mime":"audio\/x-wav","copyright":{"license":"U"}}]},"subContentId":"9f3ea581-a654-43c7-9854-f68da0e7007f","metadata":{"contentType":"Curious Reader Audio","license":"U","title":"Untitled Curious Reader Audio"}},"backgroundOpacity":0,"willDoAnimation":false,"animationType":"glow","displayAsButton":false,"buttonSize":"big","goToSlideType":"specified","invisible":false},{"x":34.43775510204082,"y":12.57478589420655,"width":20.025510204081634,"height":31.989924433249367,"action":{"library":"H5P.Image 1.1","params":{"contentName":"Image"},"subContentId":"6dac0de6-d147-4edd-b059-43e2e323e8b7","metadata":{"contentType":"Image","license":"U","title":"Untitled Image"}},"backgroundOpacity":0,"willDoAnimation":true,"animationType":"glow","displayAsButton":false,"buttonSize":"big","goToSlideType":"specified","invisible":false,"id":"img9f3ea581-a654-43c7-9854-f68da0e7007f_0"},{"x":51.02040816326531,"y":12.586599496221663,"width":12.372448979591837,"height":21.914357682619645,"action":{"library":"H5P.Image 1.1","params":{"contentName":"Image"},"subContentId":"ef654e24-44cd-466c-8b85-9cf21f4c68c3","metadata":{"contentType":"Image","license":"U","title":"Untitled Image"}},"backgroundOpacity":0,"willDoAnimation":true,"animationType":"glow","displayAsButton":false,"buttonSize":"big","goToSlideType":"specified","invisible":false,"id":"img9f3ea581-a654-43c7-9854-f68da0e7007f_0"},{"x":28.061224489795915,"y":2.5149571788413096,"width":40.05102040816327,"height":16.876574307304786,"action":{"library":"H5P.Image 1.1","params":{"contentName":"Image"},"subContentId":"1f77170d-3b6d-4921-9db1-eb55fe45c878","metadata":{"contentType":"Image","license":"U","title":"Untitled Image"}},"backgroundOpacity":0,"willDoAnimation":true,"animationType":"glow","displayAsButton":false,"buttonSize":"big","goToSlideType":"specified","invisible":false,"id":"img9f3ea581-a654-43c7-9854-f68da0e7007f_1"}],"slideBackgroundSelector":{}},{"elements":[{"x":28.32244008714597,"y":6.451612903225806,"width":39.97821350762527,"height":66.66666666666666,"action":{"library":"H5P.Image 1.1","params":{"contentName":"Image","file":{"path":"images\/file-65831df5f06a6.jpg","mime":"image\/jpeg","copyright":{"license":"U"},"width":1024,"height":735}},"subContentId":"d222ce68-7efa-448b-a4b2-ea1f3fbac71f","metadata":{"contentType":"Image","license":"U","title":"Untitled Image"}},"backgroundOpacity":0,"willDoAnimation":false,"animationType":"glow","displayAsButton":false,"buttonSize":"big","goToSlideType":"specified","invisible":false}],"slideBackgroundSelector":{}},{"elements":[{"x":11.982570806100219,"y":6.451612903225806,"width":15.250544662309368,"height":15.268817204301074,"action":{"library":"H5P.Image 1.1","params":{"contentName":"Image","file":{"path":"images\/file-65831e32b2800.png","mime":"image\/png","copyright":{"license":"U"},"width":1350,"height":487}},"subContentId":"1085a3ab-ea5d-4a09-a91d-6a7952625bf7","metadata":{"contentType":"Image","license":"U","title":"Untitled Image"}},"backgroundOpacity":0,"willDoAnimation":false,"animationType":"glow","displayAsButton":false,"buttonSize":"big","goToSlideType":"specified","invisible":false},{"x":33.769063180827885,"y":6.451612903225806,"width":15.250544662309368,"height":15.268817204301074,"action":{"library":"H5P.Image 1.1","params":{"contentName":"Image","file":{"path":"images\/file-65831e42c1cf9.png","mime":"image\/png","copyright":{"license":"U"},"width":814,"height":202}},"subContentId":"2785156a-658b-4044-8615-4e454538838b","metadata":{"contentType":"Image","license":"U","title":"Untitled Image"}},"backgroundOpacity":0,"willDoAnimation":false,"animationType":"glow","displayAsButton":false,"buttonSize":"big","goToSlideType":"specified","invisible":false},{"x":54.46623093681917,"y":6.451612903225806,"width":39.97821350762527,"height":15.053763440860214,"action":{"library":"H5P.Image 1.1","params":{"contentName":"Image","file":{"path":"images\/file-65831e5ad7945.jpg","mime":"image\/jpeg","copyright":{"license":"U"},"width":1732,"height":354}},"subContentId":"77aaaf80-e5d8-4a40-975c-53835aa915ff","metadata":{"contentType":"Image","license":"U","title":"Untitled Image"}},"backgroundOpacity":0,"willDoAnimation":false,"animationType":"glow","displayAsButton":false,"buttonSize":"big","goToSlideType":"specified","invisible":false},{"x":5.446623093681917,"y":25.791397849462367,"width":93.24618736383442,"height":70.75268817204301,"action":{"library":"H5P.CRAdvancedText 1.1","params":{"text":"<h3 style=\"text-align: center;\">\u201c\u0938\u093f\u0902\u0939 \u0926\u094c\u0921\u0928\u094d\u091b \u0930 \u0917\u093e\u0908 \u0939\u093f\u0901\u0921\u094d\u091b\u093f\u0928\u094d\u201d credits<\/h3>\n\n<h3 style=\"text-align: center;\">This work, \u201c\u0938\u093f\u0902\u0939 \u0926\u094c\u0921\u0928\u094d\u091b \u0930 \u0917\u093e\u0908 \u0939\u093f\u0901\u0921\u094d\u091b\u093f\u0928\u094d\u201d is a derivative of The Lion Runs and the Cow Walks is written by All Children Reading Cambodia. \u00a9 The Asia Foundation , 2019. Some rights reserved. Released under CC BY 4.0 license.<\/h3>\n\n<h3 style=\"text-align: center;\">\u201c\u0938\u093f\u0902\u0939 \u0926\u094c\u0921\u0928\u094d\u091b \u0930 \u0917\u093e\u0908 \u0939\u093f\u0901\u0921\u094d\u091b\u093f\u0928\u094d\u201d is licensed under CC BY 4.0 by Curious Learning.<\/h3>\n\n<h3 style=\"text-align: center;\">Book builder - Abraham Jerry Kakooza<\/h3>\n"},"subContentId":"acb72884-2c08-4f72-9178-060c6cd88ce2","metadata":{"contentType":"Text","license":"U","title":"Untitled Text"}},"alwaysDisplayComments":false,"backgroundOpacity":0,"willDoAnimation":false,"animationType":"glow","displayAsButton":false,"buttonSize":"big","goToSlideType":"specified","invisible":false,"solution":""}],"slideBackgroundSelector":{}}],"keywordListEnabled":true,"globalBackgroundSelector":{},"keywordListAlwaysShow":false,"keywordListAutoHide":false,"keywordListOpacity":90},"override":{"activeSurface":false,"hideSummarySlide":false,"summarySlideSolutionButton":true,"summarySlideRetryButton":true,"enablePrintButton":false,"social":{"showFacebookShare":false,"facebookShare":{"url":"@currentpageurl","quote":"I scored @score out of @maxScore on a task at @currentpageurl."},"showTwitterShare":false,"twitterShare":{"statement":"I scored @score out of @maxScore on a task at @currentpageurl.","url":"@currentpageurl","hashtags":"h5p, course"},"showGoogleShare":false,"googleShareUrl":"@currentpageurl"}},"l10n":{"slide":"Slide","score":"Score","yourScore":"Your Score","maxScore":"Max Score","total":"Total","totalScore":"Total Score","showSolutions":"Show solutions","retry":"Retry","exportAnswers":"Export text","hideKeywords":"Hide sidebar navigation menu","showKeywords":"Show sidebar navigation menu","fullscreen":"Fullscreen","exitFullscreen":"Exit fullscreen","prevSlide":"Previous slide","nextSlide":"Next slide","currentSlide":"Current slide","lastSlide":"Last slide","solutionModeTitle":"Exit solution mode","solutionModeText":"Solution Mode","summaryMultipleTaskText":"Multiple tasks","scoreMessage":"You achieved:","shareFacebook":"Share on Facebook","shareTwitter":"Share on Twitter","shareGoogle":"Share on Google+","summary":"Summary","solutionsButtonTitle":"Show comments","printTitle":"Print","printIngress":"How would you like to print this presentation?","printAllSlides":"Print all slides","printCurrentSlide":"Print current slide","noTitle":"No title","accessibilitySlideNavigationExplanation":"Use left and right arrow to change slide in that direction whenever canvas is selected.","accessibilityCanvasLabel":"Presentation canvas. Use left and right arrow to move between slides.","containsNotCompleted":"@slideName contains not completed interaction","containsCompleted":"@slideName contains completed interaction","slideCount":"Slide @index of @total","containsOnlyCorrect":"@slideName only has correct answers","containsIncorrectAnswers":"@slideName has incorrect answers","shareResult":"Share Result","accessibilityTotalScore":"You got @score of @maxScore points in total","accessibilityEnteredFullscreen":"Entered fullscreen","accessibilityExitedFullscreen":"Exited fullscreen"}}