{"presentation":{"slides":[{"elements":[{"x":7.7112893275756,"y":11.477761836442,"width":83.149830612873,"height":76.707317073171,"action":{"library":"H5P.Image 1.1","params":{"contentName":"Image","file":{"path":"images\/file-61b119d8b91b9.jpg","mime":"image\/jpeg","copyright":{"license":"U"},"width":1024,"height":490}},"subContentId":"281f58bc-00aa-42e9-a8f9-34a91108654b","metadata":{"contentType":"Image","license":"U","title":"Untitled Image"}},"backgroundOpacity":0,"willDoAnimation":false,"animationType":"glow","displayAsButton":false,"buttonSize":"big","goToSlideType":"specified","invisible":false},{"x":42.483418367346935,"y":43.012090680100755,"width":40.05102040816327,"height":27.707808564231737,"action":{"library":"H5P.CRAdvancedText 1.1","params":{"text":"<p style=\"text-align: center;\"><span style=\"font-size:2.25em;\"><strong>Okukweka n'okukwekula<\/strong><\/span><\/p>\n"},"subContentId":"65b91755-f4db-4513-b663-95d5754e06f9","metadata":{"contentType":"Text","license":"U","title":"Untitled Text"}},"alwaysDisplayComments":false,"backgroundOpacity":0,"willDoAnimation":false,"animationType":"glow","displayAsButton":false,"buttonSize":"big","goToSlideType":"specified","invisible":false,"solution":""}],"slideBackgroundSelector":{}},{"elements":[{"x":15.046296296296296,"y":82.87671232876713,"width":69.9074074074074,"height":15.753424657534246,"action":{"library":"H5P.CRAdvancedText 1.1","params":{"text":"<p dir=\"ltr\" style=\"text-align: center;\"><span style=\"font-size:2.25em;\">Dodo anoonya maama.<\/span><\/p>\n"},"subContentId":"7b276671-c320-47d6-9158-4d4fb745d80e","metadata":{"contentType":"Text","license":"U","title":"Untitled Text"}},"alwaysDisplayComments":false,"backgroundOpacity":0,"willDoAnimation":false,"animationType":"glow","displayAsButton":false,"buttonSize":"big","goToSlideType":"specified","invisible":false,"solution":""},{"x":24.676125848242,"y":9.1393754760091,"width":50.383122882661,"height":72.604722010663,"action":{"library":"H5P.Image 1.1","params":{"contentName":"Image","file":{"path":"images\/file-61c0f25319ee4.jpeg","mime":"image\/jpeg","copyright":{"license":"U"},"width":1472,"height":1024}},"subContentId":"f59573a4-4b0d-4f7b-a581-0af3c3101eb2","metadata":{"contentType":"Image","license":"U","title":"Untitled Image"}},"backgroundOpacity":0,"willDoAnimation":false,"animationType":"glow","displayAsButton":false,"buttonSize":"big","goToSlideType":"specified","invisible":false},{"x":47.00255102040816,"y":43.95465994962216,"width":40,"height":40,"action":{"library":"H5P.CRAudio 1.4","params":{"fitToWrapper":true,"currIndex":1,"playerMode":"minimalistic","controls":true,"autoplay":true,"playAudio":"Play audio","pauseAudio":"Pause audio","contentName":"Audio","glowColor":"#ffd85a","timeStampForEachText":[{"text":" Dodo ","startDuration":"0.0000","endDuration":"0.6834","wordfile":[{"path":"audios\/wordfile-64ecdc2030d56.wav","mime":"audio\/x-wav","copyright":{"license":"U"}}]},{"text":" anoonya ","startDuration":"1.1468","endDuration":"2.2401","wordfile":[{"path":"audios\/wordfile-64ecdc2ccb385.wav","mime":"audio\/x-wav","copyright":{"license":"U"}}]},{"text":" maama. ","startDuration":"2.4776","endDuration":"3.2766","wordfile":[{"path":"audios\/wordfile-64ecdc3cdae50.wav","mime":"audio\/x-wav","copyright":{"license":"U"}}]}],"files":[{"path":"audios\/files-64ecdc124fc72.wav","mime":"audio\/x-wav","copyright":{"license":"U"}}]},"subContentId":"ac24a07d-daf6-4d30-9d9d-6fd8421cf45b","metadata":{"contentType":"Curious Reader Audio","license":"U","title":"Untitled Curious Reader Audio"}},"backgroundOpacity":0,"willDoAnimation":false,"animationType":"glow","displayAsButton":false,"buttonSize":"big","goToSlideType":"specified","invisible":false},{"x":29.336734693877553,"y":25.15743073047859,"width":20.025510204081634,"height":57.178841309823675,"action":{"library":"H5P.Image 1.1","params":{"contentName":"Image"},"subContentId":"d5bbc449-2428-4988-adbe-7bf03fca3f4a","metadata":{"contentType":"Image","license":"U","title":"Untitled Image"}},"backgroundOpacity":0,"willDoAnimation":true,"animationType":"glow","displayAsButton":false,"buttonSize":"big","goToSlideType":"specified","invisible":false,"id":"imgac24a07d-daf6-4d30-9d9d-6fd8421cf45b_0"},{"x":62.5,"y":15.097607052896725,"width":8.545918367346939,"height":47.10327455919395,"action":{"library":"H5P.Image 1.1","params":{"contentName":"Image"},"subContentId":"45c6e6cb-b20d-4463-8110-9763fa68a188","metadata":{"contentType":"Image","license":"U","title":"Untitled Image"}},"backgroundOpacity":0,"willDoAnimation":true,"animationType":"glow","displayAsButton":false,"buttonSize":"big","goToSlideType":"specified","invisible":false,"id":"imgac24a07d-daf6-4d30-9d9d-6fd8421cf45b_2"}],"slideBackgroundSelector":{}},{"elements":[{"x":7.653061224489796,"y":82.81057934508816,"width":84.31122448979592,"height":14.105793450881611,"action":{"library":"H5P.CRAdvancedText 1.1","params":{"text":"<p style=\"text-align: center;\"><span style=\"font-size:2.25em;\">Asanga emipiira kkumi.<\/span><\/p>\n"},"subContentId":"a3931e1f-fa46-4f55-9ea7-0981a00a4f78","metadata":{"contentType":"Text","license":"U","title":"Untitled Text"}},"alwaysDisplayComments":false,"backgroundOpacity":0,"willDoAnimation":false,"animationType":"glow","displayAsButton":false,"buttonSize":"big","goToSlideType":"specified","invisible":false,"solution":""},{"x":23.133867982727,"y":9.1393754760091,"width":52.354019094549,"height":71.793754760091,"action":{"library":"H5P.Image 1.1","params":{"contentName":"Image","file":{"path":"images\/file-61c0f2bf916c1.jpeg","mime":"image\/jpeg","copyright":{"license":"U"},"width":1472,"height":1024}},"subContentId":"7308022d-4962-4c07-aeca-3c258a5f0017","metadata":{"contentType":"Image","license":"U","title":"Untitled Image"}},"backgroundOpacity":0,"willDoAnimation":false,"animationType":"glow","displayAsButton":false,"buttonSize":"big","goToSlideType":"specified","invisible":false},{"x":47.00255102040816,"y":43.95465994962216,"width":40,"height":40,"action":{"library":"H5P.CRAudio 1.4","params":{"fitToWrapper":true,"currIndex":2,"playerMode":"minimalistic","controls":true,"autoplay":true,"playAudio":"Play audio","pauseAudio":"Pause audio","contentName":"Audio","glowColor":"#ffd85a","timeStampForEachText":[{"text":" Asanga ","startDuration":"0.2262","endDuration":"1.1840","wordfile":[{"path":"audios\/wordfile-64ecdc5d293a5.wav","mime":"audio\/x-wav","copyright":{"license":"U"}}]},{"text":" emipiira ","startDuration":"1.5413","endDuration":"2.4935","wordfile":[{"path":"audios\/wordfile-64ecdc6eaabc0.wav","mime":"audio\/x-wav","copyright":{"license":"U"}}]},{"text":" kkumi. ","startDuration":"3.1505","endDuration":"3.5881","wordfile":[{"path":"audios\/wordfile-64ecdc7c18382.wav","mime":"audio\/x-wav","copyright":{"license":"U"}}]}],"files":[{"path":"audios\/files-64ecdc4e44e8e.wav","mime":"audio\/x-wav","copyright":{"license":"U"}}]},"subContentId":"221e2758-db5c-44a7-8f34-64ff971d3027","metadata":{"contentType":"Curious Reader Audio","license":"U","title":"Untitled Curious Reader Audio"}},"backgroundOpacity":0,"willDoAnimation":false,"animationType":"glow","displayAsButton":false,"buttonSize":"big","goToSlideType":"specified","invisible":false},{"x":28.061224489795915,"y":50.3639798488665,"width":40.05102040816327,"height":24.937027707808564,"action":{"library":"H5P.Image 1.1","params":{"contentName":"Image"},"subContentId":"fbb3e991-86e1-4e96-a801-0b85547fdb69","metadata":{"contentType":"Image","license":"U","title":"Untitled Image"}},"backgroundOpacity":0,"willDoAnimation":true,"animationType":"glow","displayAsButton":false,"buttonSize":"big","goToSlideType":"specified","invisible":false,"id":"img221e2758-db5c-44a7-8f34-64ff971d3027_1"},{"x":28.061224489795915,"y":50.35037783375314,"width":41.3265306122449,"height":24.937027707808564,"action":{"library":"H5P.Image 1.1","params":{"contentName":"Image"},"subContentId":"b9d3a653-2742-468b-87c1-db0911fc4e35","metadata":{"contentType":"Image","license":"U","title":"Untitled Image"}},"backgroundOpacity":0,"willDoAnimation":true,"animationType":"glow","displayAsButton":false,"buttonSize":"big","goToSlideType":"specified","invisible":false,"id":"img221e2758-db5c-44a7-8f34-64ff971d3027_2"}],"slideBackgroundSelector":{}},{"elements":[{"x":19.675925925925924,"y":82.64840182648402,"width":61.34259259259259,"height":15.753424657534246,"action":{"library":"H5P.CRAdvancedText 1.1","params":{"text":"<p dir=\"ltr\" style=\"text-align: center;\"><span style=\"font-size:2.25em;\">Asanga ebikopo mwenda.<\/span><\/p>\n"},"subContentId":"8a6e5c35-5f97-4215-baa7-e38531f114ec","metadata":{"contentType":"Text","license":"U","title":"Untitled Text"}},"alwaysDisplayComments":false,"backgroundOpacity":0,"willDoAnimation":false,"animationType":"glow","displayAsButton":false,"buttonSize":"big","goToSlideType":"specified","invisible":false,"solution":""},{"x":20.773021250385,"y":9.1393754760091,"width":55.766861718509,"height":73.111348057883,"action":{"library":"H5P.Image 1.1","params":{"contentName":"Image","file":{"path":"images\/file-61c0f50c26444.jpeg","mime":"image\/jpeg","copyright":{"license":"U"},"width":1472,"height":1024}},"subContentId":"0861d03c-bddb-4187-a152-fa4e2cb5c858","metadata":{"contentType":"Image","license":"U","title":"Untitled Image"}},"backgroundOpacity":0,"willDoAnimation":false,"animationType":"glow","displayAsButton":false,"buttonSize":"big","goToSlideType":"specified","invisible":false},{"x":47.00255102040816,"y":43.95465994962216,"width":40,"height":40,"action":{"library":"H5P.CRAudio 1.4","params":{"fitToWrapper":true,"currIndex":3,"playerMode":"minimalistic","controls":true,"autoplay":true,"playAudio":"Play audio","pauseAudio":"Pause audio","contentName":"Audio","glowColor":"#ffd85a","timeStampForEachText":[{"text":" Asanga ","startDuration":"0.5079","endDuration":"1.5307","wordfile":[{"path":"audios\/wordfile-64ecdca241db8.wav","mime":"audio\/x-wav","copyright":{"license":"U"}}]},{"text":" ebikopo ","startDuration":"1.8531","endDuration":"2.7539","wordfile":[{"path":"audios\/wordfile-64ecdcb07994b.wav","mime":"audio\/x-wav","copyright":{"license":"U"}}]},{"text":" mwenda. ","startDuration":"3.1021","endDuration":"4.1185","wordfile":[{"path":"audios\/wordfile-64ecdcbe2147e.wav","mime":"audio\/x-wav","copyright":{"license":"U"}}]}],"files":[{"path":"audios\/files-64ecdc91ed9f4.wav","mime":"audio\/x-wav","copyright":{"license":"U"}}]},"subContentId":"4727dac3-a6ce-4861-ad14-156adab28a54","metadata":{"contentType":"Curious Reader Audio","license":"U","title":"Untitled Curious Reader Audio"}},"backgroundOpacity":0,"willDoAnimation":false,"animationType":"glow","displayAsButton":false,"buttonSize":"big","goToSlideType":"specified","invisible":false},{"x":29.97448979591837,"y":47.84508816120906,"width":40.05102040816327,"height":16.624685138539043,"action":{"library":"H5P.Image 1.1","params":{"contentName":"Image"},"subContentId":"1bb62ef6-6f1d-48b6-b077-ba31e2af490d","metadata":{"contentType":"Image","license":"U","title":"Untitled Image"}},"backgroundOpacity":0,"willDoAnimation":true,"animationType":"glow","displayAsButton":false,"buttonSize":"big","goToSlideType":"specified","invisible":false,"id":"img4727dac3-a6ce-4861-ad14-156adab28a54_1"},{"x":29.97448979591837,"y":45.31637279596977,"width":35.33163265306123,"height":19.143576826196472,"action":{"library":"H5P.Image 1.1","params":{"contentName":"Image"},"subContentId":"5102ba66-9776-4599-aef7-bafcff22edec","metadata":{"contentType":"Image","license":"U","title":"Untitled Image"}},"backgroundOpacity":0,"willDoAnimation":true,"animationType":"glow","displayAsButton":false,"buttonSize":"big","goToSlideType":"specified","invisible":false,"id":"img4727dac3-a6ce-4861-ad14-156adab28a54_2"}],"slideBackgroundSelector":{}},{"elements":[{"x":1.2755102040816326,"y":83.95188916876573,"width":98.21428571428572,"height":15.869017632241812,"action":{"library":"H5P.CRAdvancedText 1.1","params":{"text":"<p style=\"text-align: center;\"><span style=\"font-size:2.25em;\">Asanga ebijiiko munaana.<\/span><\/p>\n"},"subContentId":"c22923f1-a46c-493b-aca2-92fbacd3edc2","metadata":{"contentType":"Text","license":"U","title":"Untitled Text"}},"alwaysDisplayComments":false,"backgroundOpacity":0,"willDoAnimation":false,"animationType":"glow","displayAsButton":false,"buttonSize":"big","goToSlideType":"specified","invisible":false,"solution":""},{"x":21.591610117212,"y":9.1393754760091,"width":56.973668001232,"height":74.634577303884,"action":{"library":"H5P.Image 1.1","params":{"contentName":"Image","file":{"path":"images\/file-61c0f78984cdd.jpeg","mime":"image\/jpeg","copyright":{"license":"U"},"width":1472,"height":1024}},"subContentId":"37eda182-a252-454f-b1bd-3d126971ee70","metadata":{"contentType":"Image","license":"U","title":"Untitled Image"}},"backgroundOpacity":0,"willDoAnimation":false,"animationType":"glow","displayAsButton":false,"buttonSize":"big","goToSlideType":"specified","invisible":false},{"x":47.00255102040816,"y":43.95465994962216,"width":40,"height":40,"action":{"library":"H5P.CRAudio 1.4","params":{"fitToWrapper":true,"currIndex":4,"playerMode":"minimalistic","controls":true,"autoplay":true,"playAudio":"Play audio","pauseAudio":"Pause audio","contentName":"Audio","glowColor":"#ffd85a","timeStampForEachText":[{"text":" Asanga ","startDuration":"0.4685","endDuration":"1.5444","wordfile":[{"path":"audios\/wordfile-64ecdcdfd32d6.wav","mime":"audio\/x-wav","copyright":{"license":"U"}}]},{"text":" ebijiiko ","startDuration":"1.9664","endDuration":"3.0694","wordfile":[{"path":"audios\/wordfile-64ecdced5419d.wav","mime":"audio\/x-wav","copyright":{"license":"U"}}]},{"text":" munaana. ","startDuration":"3.4370","endDuration":"4.6012","wordfile":[{"path":"audios\/wordfile-64ecdcfb04d6e.wav","mime":"audio\/x-wav","copyright":{"license":"U"}}]}],"files":[{"path":"audios\/files-64ecdcd0d36c5.wav","mime":"audio\/x-wav","copyright":{"license":"U"}}]},"subContentId":"114d25be-5991-4c3e-96d9-7f8b1f9c4a69","metadata":{"contentType":"Curious Reader Audio","license":"U","title":"Untitled Curious Reader Audio"}},"backgroundOpacity":0,"willDoAnimation":false,"animationType":"glow","displayAsButton":false,"buttonSize":"big","goToSlideType":"specified","invisible":false},{"x":40.816326530612244,"y":37.7735516372796,"width":9.821428571428571,"height":21.914357682619645,"action":{"library":"H5P.Image 1.1","params":{"contentName":"Image"},"subContentId":"f6576074-1e53-42b1-8385-f563a89acdc6","metadata":{"contentType":"Image","license":"U","title":"Untitled Image"}},"backgroundOpacity":0,"willDoAnimation":true,"animationType":"glow","displayAsButton":false,"buttonSize":"big","goToSlideType":"specified","invisible":false,"id":"img114d25be-5991-4c3e-96d9-7f8b1f9c4a69_1"},{"x":51.02040816326531,"y":40.30226700251889,"width":20.025510204081634,"height":24.68513853904282,"action":{"library":"H5P.Image 1.1","params":{"contentName":"Image"},"subContentId":"997a61b0-e6ea-4b54-a202-1e8fbefe510c","metadata":{"contentType":"Image","license":"U","title":"Untitled Image"}},"backgroundOpacity":0,"willDoAnimation":true,"animationType":"glow","displayAsButton":false,"buttonSize":"big","goToSlideType":"specified","invisible":false,"id":"img114d25be-5991-4c3e-96d9-7f8b1f9c4a69_1"},{"x":51.02040816326531,"y":40.27858942065492,"width":19.005102040816325,"height":24.43324937027708,"action":{"library":"H5P.Image 1.1","params":{"contentName":"Image"},"subContentId":"2386235d-75bf-4855-acc9-941a70937952","metadata":{"contentType":"Image","license":"U","title":"Untitled Image"}},"backgroundOpacity":0,"willDoAnimation":true,"animationType":"glow","displayAsButton":false,"buttonSize":"big","goToSlideType":"specified","invisible":false,"id":"img114d25be-5991-4c3e-96d9-7f8b1f9c4a69_2"},{"x":39.54081632653062,"y":35.2448362720403,"width":11.096938775510205,"height":24.43324937027708,"action":{"library":"H5P.Image 1.1","params":{"contentName":"Image"},"subContentId":"5895a474-348c-4d38-a2e7-63b9122b8c99","metadata":{"contentType":"Image","license":"U","title":"Untitled Image"}},"backgroundOpacity":0,"willDoAnimation":true,"animationType":"glow","displayAsButton":false,"buttonSize":"big","goToSlideType":"specified","invisible":false,"id":"img114d25be-5991-4c3e-96d9-7f8b1f9c4a69_2"}],"slideBackgroundSelector":{}},{"elements":[{"x":16.581632653061224,"y":83.1234256926952,"width":65.97222222222221,"height":14.155251141552512,"action":{"library":"H5P.CRAdvancedText 1.1","params":{"text":"<p style=\"text-align: center;\"><span style=\"font-size:2.25em;\">Asanga ebisero musanvu.<\/span><\/p>\n"},"subContentId":"24a7b4ec-023c-4c23-9b9e-4ce2473d3e40","metadata":{"contentType":"Text","license":"U","title":"Untitled Text"}},"alwaysDisplayComments":false,"backgroundOpacity":0,"willDoAnimation":false,"animationType":"glow","displayAsButton":false,"buttonSize":"big","goToSlideType":"specified","invisible":false,"solution":""},{"x":23.032407407407405,"y":8.219178082191782,"width":53.984447182014,"height":74.927646610815,"action":{"library":"H5P.Image 1.1","params":{"contentName":"Image","file":{"path":"images\/file-61c0f97f5a778.jpeg","mime":"image\/jpeg","copyright":{"license":"U"},"width":1472,"height":1024}},"subContentId":"ab3d1717-7bd0-4589-a7b8-718950cf9f45","metadata":{"contentType":"Image","license":"U","title":"Untitled Image"}},"backgroundOpacity":0,"willDoAnimation":false,"animationType":"glow","displayAsButton":false,"buttonSize":"big","goToSlideType":"specified","invisible":false},{"x":47.00255102040816,"y":43.95465994962216,"width":40,"height":40,"action":{"library":"H5P.CRAudio 1.4","params":{"fitToWrapper":true,"currIndex":5,"playerMode":"minimalistic","controls":true,"autoplay":true,"playAudio":"Play audio","pauseAudio":"Pause audio","contentName":"Audio","glowColor":"#ffd85a","timeStampForEachText":[{"text":" Asanga ","startDuration":"0.2617","endDuration":"1.3258","wordfile":[{"path":"audios\/wordfile-64ecdd21625de.wav","mime":"audio\/x-wav","copyright":{"license":"U"}}]},{"text":" ebisero ","startDuration":"1.6615","endDuration":"2.5978","wordfile":[{"path":"audios\/wordfile-64ecdd30928ef.wav","mime":"audio\/x-wav","copyright":{"license":"U"}}]},{"text":" musanvu. ","startDuration":"2.9578","endDuration":"4.1071","wordfile":[{"path":"audios\/wordfile-64ecdd409c45d.wav","mime":"audio\/x-wav","copyright":{"license":"U"}}]}],"files":[{"path":"audios\/files-64ecdd10d7922.wav","mime":"audio\/x-wav","copyright":{"license":"U"}}]},"subContentId":"22ed0bfc-826d-4535-bfd6-2f43fc2188b3","metadata":{"contentType":"Curious Reader Audio","license":"U","title":"Untitled Curious Reader Audio"}},"backgroundOpacity":0,"willDoAnimation":false,"animationType":"glow","displayAsButton":false,"buttonSize":"big","goToSlideType":"specified","invisible":false},{"x":24.23469387755102,"y":50.35037783375314,"width":54.464285714285715,"height":26.952141057934508,"action":{"library":"H5P.Image 1.1","params":{"contentName":"Image"},"subContentId":"70fe8737-5949-40d0-9629-c95664b255d4","metadata":{"contentType":"Image","license":"U","title":"Untitled Image"}},"backgroundOpacity":0,"willDoAnimation":true,"animationType":"glow","displayAsButton":false,"buttonSize":"big","goToSlideType":"specified","invisible":false,"id":"img22ed0bfc-826d-4535-bfd6-2f43fc2188b3_1"},{"x":24.23469387755102,"y":50.3639798488665,"width":55.73979591836735,"height":27.455919395465994,"action":{"library":"H5P.Image 1.1","params":{"contentName":"Image"},"subContentId":"bb705209-6989-417f-9d1e-41201c5562de","metadata":{"contentType":"Image","license":"U","title":"Untitled Image"}},"backgroundOpacity":0,"willDoAnimation":true,"animationType":"glow","displayAsButton":false,"buttonSize":"big","goToSlideType":"specified","invisible":false,"id":"img22ed0bfc-826d-4535-bfd6-2f43fc2188b3_2"}],"slideBackgroundSelector":{}},{"elements":[{"x":1.2755102040816326,"y":85.57153652392947,"width":93.11224489795919,"height":13.350125944584383,"action":{"library":"H5P.CRAdvancedText 1.1","params":{"text":"<p dir=\"ltr\" style=\"text-align: center;\"><span style=\"font-size:2.25em;\">Asanga ebibya mukaaga.<\/span><\/p>\n"},"subContentId":"a7db7bda-dd18-495e-bb88-72386a099cc1","metadata":{"contentType":"Text","license":"U","title":"Untitled Text"}},"alwaysDisplayComments":false,"backgroundOpacity":0,"willDoAnimation":false,"animationType":"glow","displayAsButton":false,"buttonSize":"big","goToSlideType":"specified","invisible":false,"solution":""},{"x":23.263888888888886,"y":6.164383561643835,"width":53.893902063443,"height":77.452551408987,"action":{"library":"H5P.Image 1.1","params":{"contentName":"Image","file":{"path":"images\/file-61c0faa8193a4.jpeg","mime":"image\/jpeg","copyright":{"license":"U"},"width":1472,"height":1024}},"subContentId":"ce6eebac-7cd7-4ae3-8294-f90d7a1754ef","metadata":{"contentType":"Image","license":"U","title":"Untitled Image"}},"backgroundOpacity":0,"willDoAnimation":false,"animationType":"glow","displayAsButton":false,"buttonSize":"big","goToSlideType":"specified","invisible":false},{"x":47.00255102040816,"y":43.95465994962216,"width":40,"height":40,"action":{"library":"H5P.CRAudio 1.4","params":{"fitToWrapper":true,"currIndex":6,"playerMode":"minimalistic","controls":true,"autoplay":true,"playAudio":"Play audio","pauseAudio":"Pause audio","contentName":"Audio","glowColor":"#ffd85a","timeStampForEachText":[{"text":" Asanga ","startDuration":"0.5395","endDuration":"1.7306","wordfile":[{"path":"audios\/wordfile-64ecdd6564956.wav","mime":"audio\/x-wav","copyright":{"license":"U"}}]},{"text":" ebibya ","startDuration":"2.0641","endDuration":"2.9541","wordfile":[{"path":"audios\/wordfile-64ecdd73a285c.wav","mime":"audio\/x-wav","copyright":{"license":"U"}}]},{"text":" mukaaga. ","startDuration":"3.3064","endDuration":"4.3281","wordfile":[{"path":"audios\/wordfile-64ecdd862328e.wav","mime":"audio\/x-wav","copyright":{"license":"U"}}]}],"files":[{"path":"audios\/files-64ecdd566a172.wav","mime":"audio\/x-wav","copyright":{"license":"U"}}]},"subContentId":"17334a2d-3457-4bde-bf19-ea3e21d2e6a8","metadata":{"contentType":"Curious Reader Audio","license":"U","title":"Untitled Curious Reader Audio"}},"backgroundOpacity":0,"willDoAnimation":false,"animationType":"glow","displayAsButton":false,"buttonSize":"big","goToSlideType":"specified","invisible":false},{"x":45.91836734693878,"y":27.684130982367762,"width":14.923469387755102,"height":40.050377833753146,"action":{"library":"H5P.Image 1.1","params":{"contentName":"Image"},"subContentId":"a596e2c5-a5da-40bf-a789-8509600d605d","metadata":{"contentType":"Image","license":"U","title":"Untitled Image"}},"backgroundOpacity":0,"willDoAnimation":true,"animationType":"glow","displayAsButton":false,"buttonSize":"big","goToSlideType":"specified","invisible":false,"id":"img17334a2d-3457-4bde-bf19-ea3e21d2e6a8_1"},{"x":45.91836734693878,"y":29.95113350125945,"width":14.923469387755102,"height":40.050377833753146,"action":{"library":"H5P.Image 1.1","params":{"contentName":"Image"},"subContentId":"35af6de4-dd87-446b-88e3-f190eb1f83d6","metadata":{"contentType":"Image","license":"U","title":"Untitled Image"}},"backgroundOpacity":0,"willDoAnimation":true,"animationType":"glow","displayAsButton":false,"buttonSize":"big","goToSlideType":"specified","invisible":false,"id":"img17334a2d-3457-4bde-bf19-ea3e21d2e6a8_2"}],"slideBackgroundSelector":{}},{"elements":[{"x":17.708333333333332,"y":84.24657534246576,"width":63.657407407407405,"height":13.242009132420092,"action":{"library":"H5P.CRAdvancedText 1.1","params":{"text":"<p dir=\"ltr\" style=\"text-align: center;\"><span style=\"font-size:2.25em;\">Asanga ebimuli bitaano.<\/span><\/p>\n"},"subContentId":"ce8371ff-18d4-45a5-ad6c-2380894dc4f6","metadata":{"contentType":"Text","license":"U","title":"Untitled Text"}},"alwaysDisplayComments":false,"backgroundOpacity":0,"willDoAnimation":false,"animationType":"glow","displayAsButton":false,"buttonSize":"big","goToSlideType":"specified","invisible":false,"solution":""},{"x":25.23148148148148,"y":10.045662100456621,"width":49.27425315676,"height":73.149428789033,"action":{"library":"H5P.Image 1.1","params":{"contentName":"Image","file":{"path":"images\/file-61c0fb083e1bb.jpeg","mime":"image\/jpeg","copyright":{"license":"U"},"width":1472,"height":1024}},"subContentId":"5540205a-60e4-4773-a93d-1d4917ead4ab","metadata":{"contentType":"Image","license":"U","title":"Untitled Image"}},"backgroundOpacity":0,"willDoAnimation":false,"animationType":"glow","displayAsButton":false,"buttonSize":"big","goToSlideType":"specified","invisible":false},{"x":47.00255102040816,"y":43.95465994962216,"width":40,"height":40,"action":{"library":"H5P.CRAudio 1.4","params":{"fitToWrapper":true,"currIndex":7,"playerMode":"minimalistic","controls":true,"autoplay":true,"playAudio":"Play audio","pauseAudio":"Pause audio","contentName":"Audio","glowColor":"#ffd85a","timeStampForEachText":[{"text":" Asanga ","startDuration":"0.6298","endDuration":"1.8073","wordfile":[{"path":"audios\/wordfile-64ecddb269f3f.wav","mime":"audio\/x-wav","copyright":{"license":"U"}}]},{"text":" ebimuli ","startDuration":"2.2282","endDuration":"3.1302","wordfile":[{"path":"audios\/wordfile-64ecddc3a99ed.wav","mime":"audio\/x-wav","copyright":{"license":"U"}}]},{"text":" bitaano. ","startDuration":"3.5445","endDuration":"4.4859","wordfile":[{"path":"audios\/wordfile-64ecddd0cbe4c.wav","mime":"audio\/x-wav","copyright":{"license":"U"}}]}],"files":[{"path":"audios\/files-64ecdda34e100.wav","mime":"audio\/x-wav","copyright":{"license":"U"}}]},"subContentId":"0071b412-9132-46e0-913e-34067135e9ed","metadata":{"contentType":"Curious Reader Audio","license":"U","title":"Untitled Curious Reader Audio"}},"backgroundOpacity":0,"willDoAnimation":false,"animationType":"glow","displayAsButton":false,"buttonSize":"big","goToSlideType":"specified","invisible":false},{"x":29.336734693877553,"y":52.88287153652392,"width":17.474489795918366,"height":26.952141057934508,"action":{"library":"H5P.Image 1.1","params":{"contentName":"Image"},"subContentId":"e6c61013-78d2-453c-b3fd-43bfcd2f198e","metadata":{"contentType":"Image","license":"U","title":"Untitled Image"}},"backgroundOpacity":0,"willDoAnimation":true,"animationType":"glow","displayAsButton":false,"buttonSize":"big","goToSlideType":"specified","invisible":false,"id":"img0071b412-9132-46e0-913e-34067135e9ed_1"},{"x":52.295918367346935,"y":55.384130982367765,"width":13.64795918367347,"height":22.41813602015113,"action":{"library":"H5P.Image 1.1","params":{"contentName":"Image"},"subContentId":"f8783a77-2416-42ac-a3d2-01b12af18729","metadata":{"contentType":"Image","license":"U","title":"Untitled Image"}},"backgroundOpacity":0,"willDoAnimation":true,"animationType":"glow","displayAsButton":false,"buttonSize":"big","goToSlideType":"specified","invisible":false,"id":"img0071b412-9132-46e0-913e-34067135e9ed_1"},{"x":28.061224489795915,"y":50.336523929471035,"width":20.025510204081634,"height":29.974811083123424,"action":{"library":"H5P.Image 1.1","params":{"contentName":"Image"},"subContentId":"9e555dfe-fd98-4882-bc56-3d53c0766aa3","metadata":{"contentType":"Image","license":"U","title":"Untitled Image"}},"backgroundOpacity":0,"willDoAnimation":true,"animationType":"glow","displayAsButton":false,"buttonSize":"big","goToSlideType":"specified","invisible":false,"id":"img0071b412-9132-46e0-913e-34067135e9ed_2"},{"x":52.295918367346935,"y":55.368261964735524,"width":13.64795918367347,"height":22.41813602015113,"action":{"library":"H5P.Image 1.1","params":{"contentName":"Image"},"subContentId":"efd0920b-29ce-45e9-8a55-ed516b42fddb","metadata":{"contentType":"Image","license":"U","title":"Untitled Image"}},"backgroundOpacity":0,"willDoAnimation":true,"animationType":"glow","displayAsButton":false,"buttonSize":"big","goToSlideType":"specified","invisible":false,"id":"img0071b412-9132-46e0-913e-34067135e9ed_2"}],"slideBackgroundSelector":{}},{"elements":[{"x":10.300925925925926,"y":83.33333333333333,"width":78.7037037037037,"height":15.981735159817353,"action":{"library":"H5P.CRAdvancedText 1.1","params":{"text":"<p style=\"text-align: center;\"><span style=\"font-size:2.25em;\">Asangayo empale nya.<\/span><\/p>\n"},"subContentId":"62da435c-587d-4e24-8531-6e6d9ca1bf03","metadata":{"contentType":"Text","license":"U","title":"Untitled Text"}},"alwaysDisplayComments":false,"backgroundOpacity":0,"willDoAnimation":false,"animationType":"glow","displayAsButton":false,"buttonSize":"big","goToSlideType":"specified","invisible":false,"solution":""},{"x":18.489583333333336,"y":6.837899543378994,"width":61.80555555555555,"height":75.34246575342466,"action":{"library":"H5P.Image 1.1","params":{"contentName":"Image","file":{"path":"images\/file-61c0fbe47eb09.jpeg","mime":"image\/jpeg","copyright":{"license":"U"},"width":1472,"height":1024}},"subContentId":"9f8fef1e-cbf5-4098-9dbe-27a7399d7326","metadata":{"contentType":"Image","license":"U","title":"Untitled Image"}},"backgroundOpacity":0,"willDoAnimation":false,"animationType":"glow","displayAsButton":false,"buttonSize":"big","goToSlideType":"specified","invisible":false},{"x":47.00255102040816,"y":43.95465994962216,"width":40,"height":40,"action":{"library":"H5P.CRAudio 1.4","params":{"fitToWrapper":true,"currIndex":8,"playerMode":"minimalistic","controls":true,"autoplay":true,"playAudio":"Play audio","pauseAudio":"Pause audio","contentName":"Audio","glowColor":"#ffd85a","timeStampForEachText":[{"text":" Asangayo ","startDuration":"0.4571","endDuration":"1.6767","wordfile":[{"path":"audios\/wordfile-64ecde06a984d.wav","mime":"audio\/x-wav","copyright":{"license":"U"}}]},{"text":" empale ","startDuration":"2.0703","endDuration":"2.9735","wordfile":[{"path":"audios\/wordfile-64ecde171a19b.wav","mime":"audio\/x-wav","copyright":{"license":"U"}}]},{"text":" nya. ","startDuration":"3.2909","endDuration":"4.0007","wordfile":[{"path":"audios\/wordfile-64ecde2549360.wav","mime":"audio\/x-wav","copyright":{"license":"U"}}]}],"files":[{"path":"audios\/files-64ecddee2ea95.wav","mime":"audio\/x-wav","copyright":{"license":"U"}}]},"subContentId":"ee168dfe-ed30-4fb0-abbc-ac4dbcced83a","metadata":{"contentType":"Curious Reader Audio","license":"U","title":"Untitled Curious Reader Audio"}},"backgroundOpacity":0,"willDoAnimation":false,"animationType":"glow","displayAsButton":false,"buttonSize":"big","goToSlideType":"specified","invisible":false},{"x":53.57142857142857,"y":15.101536523929472,"width":17.474489795918366,"height":40.050377833753146,"action":{"library":"H5P.Image 1.1","params":{"contentName":"Image"},"subContentId":"0d7593b7-9f17-4288-a07b-22bbc2489dc4","metadata":{"contentType":"Image","license":"U","title":"Untitled Image"}},"backgroundOpacity":0,"willDoAnimation":true,"animationType":"glow","displayAsButton":false,"buttonSize":"big","goToSlideType":"specified","invisible":false,"id":"imgee168dfe-ed30-4fb0-abbc-ac4dbcced83a_1"},{"x":53.57142857142857,"y":15.101536523929472,"width":18.75,"height":40.050377833753146,"action":{"library":"H5P.Image 1.1","params":{"contentName":"Image"},"subContentId":"eb083bb7-7c9a-4a5f-afc9-3ffba3baaae9","metadata":{"contentType":"Image","license":"U","title":"Untitled Image"}},"backgroundOpacity":0,"willDoAnimation":true,"animationType":"glow","displayAsButton":false,"buttonSize":"big","goToSlideType":"specified","invisible":false,"id":"imgee168dfe-ed30-4fb0-abbc-ac4dbcced83a_2"}],"slideBackgroundSelector":{}},{"elements":[{"x":2.314814814814815,"y":83.56164383561644,"width":96.52777777777777,"height":15.753424657534246,"action":{"library":"H5P.CRAdvancedText 1.1","params":{"text":"<p style=\"text-align: center;\"><span style=\"font-size:2.25em;\">Asanga ebivuga eby\u2019okuyimba bisatu.<\/span><\/p>\n"},"subContentId":"3a08f030-0a2a-49f9-88e9-de7086ff4fcf","metadata":{"contentType":"Text","license":"U","title":"Untitled Text"}},"alwaysDisplayComments":false,"backgroundOpacity":0,"willDoAnimation":false,"animationType":"glow","displayAsButton":false,"buttonSize":"big","goToSlideType":"specified","invisible":false,"solution":""},{"x":25.578703703703702,"y":7.305936073059361,"width":51.455189405605,"height":76.191926884996,"action":{"library":"H5P.Image 1.1","params":{"contentName":"Image","file":{"path":"images\/file-61c0fc644df28.jpeg","mime":"image\/jpeg","copyright":{"license":"U"},"width":1472,"height":1024}},"subContentId":"f455b643-1205-4afd-aad1-ca7b047aa884","metadata":{"contentType":"Image","license":"U","title":"Untitled Image"}},"backgroundOpacity":0,"willDoAnimation":false,"animationType":"glow","displayAsButton":false,"buttonSize":"big","goToSlideType":"specified","invisible":false},{"x":47.00255102040816,"y":43.95465994962216,"width":40,"height":40,"action":{"library":"H5P.CRAudio 1.4","params":{"fitToWrapper":true,"currIndex":9,"playerMode":"minimalistic","controls":true,"autoplay":true,"playAudio":"Play audio","pauseAudio":"Pause audio","contentName":"Audio","glowColor":"#ffd85a","timeStampForEachText":[{"text":" Asanga ","startDuration":"0.6359","endDuration":"1.7495","wordfile":[{"path":"audios\/wordfile-64ecde4524421.wav","mime":"audio\/x-wav","copyright":{"license":"U"}}]},{"text":" ebivuga ","startDuration":"2.0550","endDuration":"3.1149","wordfile":[{"path":"audios\/wordfile-64ecde68175f1.wav","mime":"audio\/x-wav","copyright":{"license":"U"}}]},{"text":" eby\u2019okuyimba ","startDuration":"3.4294","endDuration":"4.8117","wordfile":[{"path":"audios\/wordfile-64ecde79b65d3.wav","mime":"audio\/x-wav","copyright":{"license":"U"}}]},{"text":" bisatu. ","startDuration":"5.3680","endDuration":"6.2756","wordfile":[{"path":"audios\/wordfile-64ecde896fc3e.wav","mime":"audio\/x-wav","copyright":{"license":"U"}}]}],"files":[{"path":"audios\/files-64ecde37398bb.wav","mime":"audio\/x-wav","copyright":{"license":"U"}}]},"subContentId":"3a8ff11a-570b-4956-ad4b-32d7df7a54ed","metadata":{"contentType":"Curious Reader Audio","license":"U","title":"Untitled Curious Reader Audio"}},"backgroundOpacity":0,"willDoAnimation":false,"animationType":"glow","displayAsButton":false,"buttonSize":"big","goToSlideType":"specified","invisible":false},{"x":26.785714285714285,"y":25.17317380352645,"width":16.198979591836736,"height":49.622166246851386,"action":{"library":"H5P.Image 1.1","params":{"contentName":"Image"},"subContentId":"a6880f8d-9d60-48f0-9cff-2c23df452ac5","metadata":{"contentType":"Image","license":"U","title":"Untitled Image"}},"backgroundOpacity":0,"willDoAnimation":true,"animationType":"glow","displayAsButton":false,"buttonSize":"big","goToSlideType":"specified","invisible":false,"id":"img3a8ff11a-570b-4956-ad4b-32d7df7a54ed_1"},{"x":62.5,"y":22.652317380352642,"width":14.540816326530612,"height":52.141057934508815,"action":{"library":"H5P.Image 1.1","params":{"contentName":"Image"},"subContentId":"9e55a300-7948-4f90-94fb-56456bdcd43e","metadata":{"contentType":"Image","license":"U","title":"Untitled Image"}},"backgroundOpacity":0,"willDoAnimation":true,"animationType":"glow","displayAsButton":false,"buttonSize":"big","goToSlideType":"specified","invisible":false,"id":"img3a8ff11a-570b-4956-ad4b-32d7df7a54ed_1"},{"x":45.91836734693878,"y":45.31637279596977,"width":12.372448979591837,"height":31.738035264483624,"action":{"library":"H5P.Image 1.1","params":{"contentName":"Image"},"subContentId":"149c6502-7ddd-49a5-8999-353a510e24fc","metadata":{"contentType":"Image","license":"U","title":"Untitled Image"}},"backgroundOpacity":0,"willDoAnimation":true,"animationType":"glow","displayAsButton":false,"buttonSize":"big","goToSlideType":"specified","invisible":false,"id":"img3a8ff11a-570b-4956-ad4b-32d7df7a54ed_1"},{"x":26.785714285714285,"y":22.646397984886647,"width":17.474489795918366,"height":54.659949622166245,"action":{"library":"H5P.Image 1.1","params":{"contentName":"Image"},"subContentId":"4d942063-a6bf-4fa4-a124-d1a068bd7846","metadata":{"contentType":"Image","license":"U","title":"Untitled Image"}},"backgroundOpacity":0,"willDoAnimation":true,"animationType":"glow","displayAsButton":false,"buttonSize":"big","goToSlideType":"specified","invisible":false,"id":"img3a8ff11a-570b-4956-ad4b-32d7df7a54ed_2"},{"x":45.91836734693878,"y":45.31637279596977,"width":12.372448979591837,"height":31.738035264483624,"action":{"library":"H5P.Image 1.1","params":{"contentName":"Image"},"subContentId":"1f59616c-b958-484c-a4ff-809a5d7617d7","metadata":{"contentType":"Image","license":"U","title":"Untitled Image"}},"backgroundOpacity":0,"willDoAnimation":true,"animationType":"glow","displayAsButton":false,"buttonSize":"big","goToSlideType":"specified","invisible":false,"id":"img3a8ff11a-570b-4956-ad4b-32d7df7a54ed_2"},{"x":62.5,"y":25.15743073047859,"width":13.64795918367347,"height":52.141057934508815,"action":{"library":"H5P.Image 1.1","params":{"contentName":"Image"},"subContentId":"fc3bbad1-6c23-479a-976e-421a586f42ee","metadata":{"contentType":"Image","license":"U","title":"Untitled Image"}},"backgroundOpacity":0,"willDoAnimation":true,"animationType":"glow","displayAsButton":false,"buttonSize":"big","goToSlideType":"specified","invisible":false,"id":"img3a8ff11a-570b-4956-ad4b-32d7df7a54ed_2"},{"x":28.061224489795915,"y":25.15743073047859,"width":12.372448979591837,"height":49.622166246851386,"action":{"library":"H5P.Image 1.1","params":{"contentName":"Image"},"subContentId":"39428559-119e-4ceb-8c73-d2aa4230ce16","metadata":{"contentType":"Image","license":"U","title":"Untitled Image"}},"backgroundOpacity":0,"willDoAnimation":true,"animationType":"glow","displayAsButton":false,"buttonSize":"big","goToSlideType":"specified","invisible":false,"id":"img3a8ff11a-570b-4956-ad4b-32d7df7a54ed_3"},{"x":45.91836734693878,"y":45.31637279596977,"width":12.372448979591837,"height":31.738035264483624,"action":{"library":"H5P.Image 1.1","params":{"contentName":"Image"},"subContentId":"c73abbc3-9507-4558-87ae-cc21ab2b3d67","metadata":{"contentType":"Image","license":"U","title":"Untitled Image"}},"backgroundOpacity":0,"willDoAnimation":true,"animationType":"glow","displayAsButton":false,"buttonSize":"big","goToSlideType":"specified","invisible":false,"id":"img3a8ff11a-570b-4956-ad4b-32d7df7a54ed_3"},{"x":61.224489795918366,"y":22.66413098236776,"width":15.816326530612246,"height":52.141057934508815,"action":{"library":"H5P.Image 1.1","params":{"contentName":"Image"},"subContentId":"3a84649c-6e0e-4b87-8911-e642f4f9512e","metadata":{"contentType":"Image","license":"U","title":"Untitled Image"}},"backgroundOpacity":0,"willDoAnimation":true,"animationType":"glow","displayAsButton":false,"buttonSize":"big","goToSlideType":"specified","invisible":false,"id":"img3a8ff11a-570b-4956-ad4b-32d7df7a54ed_3"}],"slideBackgroundSelector":{}},{"elements":[{"x":19.328703703703702,"y":83.78995433789954,"width":62.49999999999999,"height":14.155251141552512,"action":{"library":"H5P.CRAdvancedText 1.1","params":{"text":"<p dir=\"ltr\" style=\"text-align: center;\"><span style=\"font-size:2.25em;\">Asanga emikono ebiri.<\/span><\/p>\n"},"subContentId":"afea620e-f0f5-426e-a583-86d004b0afe4","metadata":{"contentType":"Text","license":"U","title":"Untitled Text"}},"alwaysDisplayComments":false,"backgroundOpacity":0,"willDoAnimation":false,"animationType":"glow","displayAsButton":false,"buttonSize":"big","goToSlideType":"specified","invisible":false,"solution":""},{"x":21.527777777777775,"y":8.67579908675799,"width":55.416538343086,"height":73.911043412034,"action":{"library":"H5P.Image 1.1","params":{"contentName":"Image","file":{"path":"images\/file-61c0fdae0857e.jpeg","mime":"image\/jpeg","copyright":{"license":"U"},"width":1472,"height":1024}},"subContentId":"a588fa0a-5484-4950-944a-d472b7aedc92","metadata":{"contentType":"Image","license":"U","title":"Untitled Image"}},"backgroundOpacity":0,"willDoAnimation":false,"animationType":"glow","displayAsButton":false,"buttonSize":"big","goToSlideType":"specified","invisible":false},{"x":47.00255102040816,"y":43.95465994962216,"width":40,"height":40,"action":{"library":"H5P.CRAudio 1.4","params":{"fitToWrapper":true,"currIndex":10,"playerMode":"minimalistic","controls":true,"autoplay":true,"playAudio":"Play audio","pauseAudio":"Pause audio","contentName":"Audio","glowColor":"#ffd85a","timeStampForEachText":[{"text":" Asanga ","startDuration":"0.5092","endDuration":"1.4614","wordfile":[{"path":"audios\/wordfile-64ecdea6e2154.wav","mime":"audio\/x-wav","copyright":{"license":"U"}}]},{"text":" emikono ","startDuration":"1.7864","endDuration":"2.5882","wordfile":[{"path":"audios\/wordfile-64ecdeb9b6567.wav","mime":"audio\/x-wav","copyright":{"license":"U"}}]},{"text":" ebiri. ","startDuration":"3.1215","endDuration":"3.8423","wordfile":[{"path":"audios\/wordfile-64ecdecc9f73d.wav","mime":"audio\/x-wav","copyright":{"license":"U"}}]}],"files":[{"path":"audios\/files-64ecde99afbc8.wav","mime":"audio\/x-wav","copyright":{"license":"U"}}]},"subContentId":"927a9f5d-2522-4b33-81a1-315e13f1b198","metadata":{"contentType":"Curious Reader Audio","license":"U","title":"Untitled Curious Reader Audio"}},"backgroundOpacity":0,"willDoAnimation":false,"animationType":"glow","displayAsButton":false,"buttonSize":"big","goToSlideType":"specified","invisible":false},{"x":48.46938775510204,"y":40.30226700251889,"width":11.096938775510205,"height":24.43324937027708,"action":{"library":"H5P.Image 1.1","params":{"contentName":"Image"},"subContentId":"153cbd56-1b68-4872-ab52-70cc25e16504","metadata":{"contentType":"Image","license":"U","title":"Untitled Image"}},"backgroundOpacity":0,"willDoAnimation":true,"animationType":"glow","displayAsButton":false,"buttonSize":"big","goToSlideType":"specified","invisible":false,"id":"img927a9f5d-2522-4b33-81a1-315e13f1b198_1"},{"x":48.46938775510204,"y":40.29042821158691,"width":9.821428571428571,"height":21.662468513853902,"action":{"library":"H5P.Image 1.1","params":{"contentName":"Image"},"subContentId":"f1379e5a-53e7-4e1e-af07-6bd2e1813b65","metadata":{"contentType":"Image","license":"U","title":"Untitled Image"}},"backgroundOpacity":0,"willDoAnimation":true,"animationType":"glow","displayAsButton":false,"buttonSize":"big","goToSlideType":"specified","invisible":false,"id":"img927a9f5d-2522-4b33-81a1-315e13f1b198_2"}],"slideBackgroundSelector":{}},{"elements":[{"x":7.653061224489796,"y":83.72367758186398,"width":84.18367346938776,"height":15.113350125944583,"action":{"library":"H5P.CRAdvancedText 1.1","params":{"text":"<p dir=\"ltr\" style=\"text-align: center;\"><span style=\"font-size:2.25em;\">Dodo asanga maama omu.<\/span><\/p>\n"},"subContentId":"597f631b-5fb5-4273-a396-1426b58a2038","metadata":{"contentType":"Text","license":"U","title":"Untitled Text"}},"alwaysDisplayComments":false,"backgroundOpacity":0,"willDoAnimation":false,"animationType":"glow","displayAsButton":false,"buttonSize":"big","goToSlideType":"specified","invisible":false,"solution":""},{"x":20.833333333333332,"y":8.219178082191782,"width":58.509701262704,"height":75.305021520803,"action":{"library":"H5P.Image 1.1","params":{"contentName":"Image","file":{"path":"images\/file-61c0fea69e424.jpeg","mime":"image\/jpeg","copyright":{"license":"U"},"width":1472,"height":1024}},"subContentId":"c58547ba-08f7-4250-9cd8-0a37cda5ed85","metadata":{"contentType":"Image","license":"U","title":"Untitled Image"}},"backgroundOpacity":0,"willDoAnimation":false,"animationType":"glow","displayAsButton":false,"buttonSize":"big","goToSlideType":"specified","invisible":false},{"x":47.00255102040816,"y":43.95465994962216,"width":40,"height":40,"action":{"library":"H5P.CRAudio 1.4","params":{"fitToWrapper":true,"currIndex":11,"playerMode":"minimalistic","controls":true,"autoplay":true,"playAudio":"Play audio","pauseAudio":"Pause audio","contentName":"Audio","glowColor":"#ffd85a","timeStampForEachText":[{"text":" Dodo ","startDuration":"0.4513","endDuration":"1.0253","wordfile":[{"path":"audios\/wordfile-64ecdeee3ea8e.wav","mime":"audio\/x-wav","copyright":{"license":"U"}}]},{"text":" asanga ","startDuration":"1.4647","endDuration":"2.4707","wordfile":[{"path":"audios\/wordfile-64ecdefbd23a8.wav","mime":"audio\/x-wav","copyright":{"license":"U"}}]},{"text":" maama ","startDuration":"2.8328","endDuration":"3.6195","wordfile":[{"path":"audios\/wordfile-64ecdf0aaa268.wav","mime":"audio\/x-wav","copyright":{"license":"U"}}]},{"text":" omu. ","startDuration":"4.0396","endDuration":"4.7554","wordfile":[{"path":"audios\/wordfile-64ecdf1943cc9.wav","mime":"audio\/x-wav","copyright":{"license":"U"}}]}],"files":[{"path":"audios\/files-64ecdedfb7e6d.wav","mime":"audio\/x-wav","copyright":{"license":"U"}}]},"subContentId":"6a56f2c9-8595-4ed2-a346-451b9368c1fc","metadata":{"contentType":"Curious Reader Audio","license":"U","title":"Untitled Curious Reader Audio"}},"backgroundOpacity":0,"willDoAnimation":false,"animationType":"glow","displayAsButton":false,"buttonSize":"big","goToSlideType":"specified","invisible":false},{"x":48.46938775510204,"y":32.7455919395466,"width":8.545918367346939,"height":16.624685138539043,"action":{"library":"H5P.Image 1.1","params":{"contentName":"Image"},"subContentId":"28153bc5-3e32-458a-913f-6deb0e8b95b6","metadata":{"contentType":"Image","license":"U","title":"Untitled Image"}},"backgroundOpacity":0,"willDoAnimation":true,"animationType":"glow","displayAsButton":false,"buttonSize":"big","goToSlideType":"specified","invisible":false,"id":"img6a56f2c9-8595-4ed2-a346-451b9368c1fc_0"},{"x":52.295918367346935,"y":22.646397984886647,"width":11.096938775510205,"height":19.395465994962215,"action":{"library":"H5P.Image 1.1","params":{"contentName":"Image"},"subContentId":"20c9dba8-bb94-482e-b75f-df1a36cfd7f8","metadata":{"contentType":"Image","license":"U","title":"Untitled Image"}},"backgroundOpacity":0,"willDoAnimation":true,"animationType":"glow","displayAsButton":false,"buttonSize":"big","goToSlideType":"specified","invisible":false,"id":"img6a56f2c9-8595-4ed2-a346-451b9368c1fc_2"},{"x":52.295918367346935,"y":22.66413098236776,"width":12.372448979591837,"height":19.395465994962215,"action":{"library":"H5P.Image 1.1","params":{"contentName":"Image"},"subContentId":"cf2d443b-23cc-4ecb-a503-bb64406f4954","metadata":{"contentType":"Image","license":"U","title":"Untitled Image"}},"backgroundOpacity":0,"willDoAnimation":true,"animationType":"glow","displayAsButton":false,"buttonSize":"big","goToSlideType":"specified","invisible":false,"id":"img6a56f2c9-8595-4ed2-a346-451b9368c1fc_3"}],"slideBackgroundSelector":{}},{"elements":[{"x":2.5510204081632653,"y":10.067707808564231,"width":22.95918367346939,"height":16.624685138539043,"action":{"library":"H5P.Image 1.1","params":{"contentName":"Image","file":{"path":"images\/file-61fb296cf2c04.png","mime":"image\/png","copyright":{"license":"U"},"width":1350,"height":487}},"metadata":{"contentType":"Image","license":"U","title":"Untitled Image"},"subContentId":"98ff3710-84cb-4662-b07a-73073cd11eb9"},"backgroundOpacity":0,"willDoAnimation":false,"animationType":"glow","displayAsButton":false,"buttonSize":"big","goToSlideType":"specified","invisible":false},{"x":34.43877551020408,"y":10.075566750629722,"width":29.050925925925924,"height":15.296803652968038,"action":{"library":"H5P.Image 1.1","params":{"contentName":"Image","file":{"path":"images\/file-61fb29a5596cb.png","mime":"image\/png","copyright":{"license":"U"},"width":814,"height":202}},"metadata":{"contentType":"Image","license":"U","title":"Untitled Image"},"subContentId":"387747f0-999b-4c56-a89b-623bd35caa27"},"backgroundOpacity":0,"willDoAnimation":false,"animationType":"glow","displayAsButton":false,"buttonSize":"big","goToSlideType":"specified","invisible":false},{"x":67.60204081632654,"y":12.594458438287154,"width":31.365740740740737,"height":12.557077625570777,"action":{"library":"H5P.Image 1.1","params":{"contentName":"Image","file":{"path":"images\/file-61fb28cb969ac.jpg","mime":"image\/jpeg","copyright":{"license":"U"},"width":1732,"height":354}},"metadata":{"contentType":"Image","license":"U","title":"Untitled Image"},"subContentId":"73af006f-62e3-4869-8f50-c2cce12f2919"},"backgroundOpacity":0,"willDoAnimation":false,"animationType":"glow","displayAsButton":false,"buttonSize":"big","goToSlideType":"specified","invisible":false},{"x":6.63265306122449,"y":35.254659949622166,"width":86.86224489795919,"height":61.71284634760705,"action":{"library":"H5P.CRAdvancedText 1.1","params":{"text":"<h3 style=\"text-align: center;\"><span style=\"font-size:1em;\"><strong>\"Okukweka n'okukwekula\" credits<\/strong><\/span><\/h3>\n\n<hr>\n<h3 style=\"text-align: center;\"><span style=\"font-size:1em;\">This work, \"<strong>Okukweka n'okukwekula<\/strong>\", is a derivative of \"<strong>Hide and Seek<\/strong>\" written by All Children Reading Cambodia. \u00a9 The Asia Foundation 2019, and used under CC BY. \"<strong>Hide and Seek<\/strong>\" is licensed under CC BY 4.0 by Curious Learning.<\/span><\/h3>\n\n<hr>\n<h3 style=\"text-align: center;\"><span style=\"font-size:1em;\">Book builder - Abraham Jerry Kakooza<\/span><\/h3>\n\n<p style=\"text-align: center;\">&nbsp;<\/p>\n"},"metadata":{"contentType":"Text","license":"U","title":"Untitled Text"},"subContentId":"33da2529-d2f5-4184-9f05-626a2800f9d7"},"alwaysDisplayComments":false,"backgroundOpacity":0,"willDoAnimation":false,"animationType":"glow","displayAsButton":false,"buttonSize":"big","goToSlideType":"specified","invisible":false,"solution":""}],"slideBackgroundSelector":{}}],"keywordListEnabled":true,"globalBackgroundSelector":{},"keywordListAlwaysShow":false,"keywordListAutoHide":false,"keywordListOpacity":90},"override":{"activeSurface":false,"hideSummarySlide":false,"summarySlideSolutionButton":true,"summarySlideRetryButton":true,"enablePrintButton":false,"social":{"showFacebookShare":false,"facebookShare":{"url":"@currentpageurl","quote":"I scored @score out of @maxScore on a task at @currentpageurl."},"showTwitterShare":false,"twitterShare":{"statement":"I scored @score out of @maxScore on a task at @currentpageurl.","url":"@currentpageurl","hashtags":"h5p, course"},"showGoogleShare":false,"googleShareUrl":"@currentpageurl"}},"l10n":{"slide":"Slide","score":"Score","yourScore":"Your Score","maxScore":"Max Score","total":"Total","totalScore":"Total Score","showSolutions":"Show solutions","retry":"Retry","exportAnswers":"Export text","hideKeywords":"Hide sidebar navigation menu","showKeywords":"Show sidebar navigation menu","fullscreen":"Fullscreen","exitFullscreen":"Exit fullscreen","prevSlide":"Previous slide","nextSlide":"Next slide","currentSlide":"Current slide","lastSlide":"Last slide","solutionModeTitle":"Exit solution mode","solutionModeText":"Solution Mode","summaryMultipleTaskText":"Multiple tasks","scoreMessage":"You achieved:","shareFacebook":"Share on Facebook","shareTwitter":"Share on Twitter","shareGoogle":"Share on Google+","summary":"Summary","solutionsButtonTitle":"Show comments","printTitle":"Print","printIngress":"How would you like to print this presentation?","printAllSlides":"Print all slides","printCurrentSlide":"Print current slide","noTitle":"No title","accessibilitySlideNavigationExplanation":"Use left and right arrow to change slide in that direction whenever canvas is selected.","accessibilityCanvasLabel":"Presentation canvas. Use left and right arrow to move between slides.","containsNotCompleted":"@slideName contains not completed interaction","containsCompleted":"@slideName contains completed interaction","slideCount":"Slide @index of @total","containsOnlyCorrect":"@slideName only has correct answers","containsIncorrectAnswers":"@slideName has incorrect answers","shareResult":"Share Result","accessibilityTotalScore":"You got @score of @maxScore points in total","accessibilityEnteredFullscreen":"Entered fullscreen","accessibilityExitedFullscreen":"Exited fullscreen"}}