{"presentation":{"slides":[{"elements":[{"x":16.338997821350763,"y":4.29436559139785,"width":61.00217864923747,"height":61.0752688172043,"action":{"library":"H5P.Image 1.1","params":{"contentName":"Image","file":{"path":"images\/file-658df71f3927b.jpg","mime":"image\/jpeg","copyright":{"license":"U"},"width":959,"height":459}},"subContentId":"90815812-5a9a-47e4-aa29-69dd1f6c4cf7","metadata":{"contentType":"Image","license":"U","title":"Untitled Image"}},"backgroundOpacity":0,"willDoAnimation":false,"animationType":"glow","displayAsButton":false,"buttonSize":"big","goToSlideType":"specified","invisible":false},{"x":9.803921568627452,"y":73.11827956989247,"width":72.54901960784314,"height":13.978494623655912,"action":{"library":"H5P.CRAdvancedText 1.1","params":{"text":"<h2 style=\"text-align: center;\"><span style=\"font-size:1.75em;\">Isifiso Sexoxo senkanyezi<\/span><\/h2>\n"},"subContentId":"a6404b6c-b26b-4615-9650-6852c7151d89","metadata":{"contentType":"Text","license":"U","title":"Untitled Text"}},"alwaysDisplayComments":false,"backgroundOpacity":0,"willDoAnimation":false,"animationType":"glow","displayAsButton":false,"buttonSize":"big","goToSlideType":"specified","invisible":false,"solution":""}],"slideBackgroundSelector":{}},{"elements":[{"x":17.429193899782135,"y":2.150537634408602,"width":51.63398692810458,"height":51.61290322580645,"action":{"library":"H5P.Image 1.1","params":{"contentName":"Image","file":{"path":"images\/file-658df7a785438.jpg","mime":"image\/jpeg","copyright":{"license":"U"},"width":959,"height":516}},"subContentId":"3e1325b3-ea46-470d-93ba-73c6f41b841d","metadata":{"contentType":"Image","license":"U","title":"Untitled Image"}},"backgroundOpacity":0,"willDoAnimation":false,"animationType":"glow","displayAsButton":false,"buttonSize":"big","goToSlideType":"specified","invisible":false},{"x":5.446623093681917,"y":62.32860215053763,"width":91.50326797385621,"height":33.54838709677419,"action":{"library":"H5P.CRAdvancedText 1.1","params":{"text":"<p dir=\"ltr\" style=\"text-align: center;\"><span style=\"color:#ffffff;\"><span style=\"font-size:1.75em;\">Uxoxo wayethanda ukubheka izinkanyezi. Wayefuna ukugxuma phezulu azithinte. Ngobunye ubusuku, wayezimisele ukuthinta izinkanyezi!<\/span><\/span><\/p>\n"},"subContentId":"3935a54d-66fb-43a9-ab4f-ba0904c68fad","metadata":{"contentType":"Text","license":"U","title":"Untitled Text"}},"alwaysDisplayComments":false,"backgroundOpacity":0,"willDoAnimation":false,"animationType":"glow","displayAsButton":false,"buttonSize":"big","goToSlideType":"specified","invisible":false,"solution":""},{"x":47.00255102040816,"y":43.95465994962216,"width":40,"height":40,"action":{"library":"H5P.CRAudio 1.4","params":{"fitToWrapper":true,"currIndex":1,"playerMode":"minimalistic","controls":true,"autoplay":true,"playAudio":"Play audio","pauseAudio":"Pause audio","contentName":"Audio","glowColor":"#ffd85a","timeStampForEachText":[{"text":" Uxoxo ","startDuration":"0.0000","endDuration":"1.0119","wordfile":[{"path":"audios\/wordfile-65ba8e82cd222.wav","mime":"audio\/x-wav","copyright":{"license":"U"}}]},{"text":" wayethanda ","startDuration":"1.0129","endDuration":"1.8218","wordfile":[{"path":"audios\/wordfile-65ba8ebfd87c8.wav","mime":"audio\/x-wav","copyright":{"license":"U"}}]},{"text":" ukubheka ","startDuration":"1.8228","endDuration":"2.4964","wordfile":[{"path":"audios\/wordfile-65ba8f0b2eb69.wav","mime":"audio\/x-wav","copyright":{"license":"U"}}]},{"text":" izinkanyezi. ","startDuration":"2.4974","endDuration":"3.7292","wordfile":[{"path":"audios\/wordfile-65ba9908bdf2a.wav","mime":"audio\/x-wav","copyright":{"license":"U"}}]},{"text":" Wayefuna ","startDuration":"3.7302","endDuration":"4.8605","wordfile":[{"path":"audios\/wordfile-65ba9eeea9dac.wav","mime":"audio\/x-wav","copyright":{"license":"U"}}]},{"text":" ukugxuma ","startDuration":"4.8615","endDuration":"5.4674","wordfile":[{"path":"audios\/wordfile-65ba9f14ba8db.wav","mime":"audio\/x-wav","copyright":{"license":"U"}}]},{"text":" phezulu ","startDuration":"5.4684","endDuration":"6.2266","wordfile":[{"path":"audios\/wordfile-65ba9f36d86ae.wav","mime":"audio\/x-wav","copyright":{"license":"U"}}]},{"text":" azithinte. ","startDuration":"6.2276","endDuration":"7.6454","wordfile":[{"path":"audios\/wordfile-65ba9f5915d91.wav","mime":"audio\/x-wav","copyright":{"license":"U"}}]},{"text":" Ngobunye ","startDuration":"7.6464","endDuration":"8.5737","wordfile":[{"path":"audios\/wordfile-65ba9f7163f58.wav","mime":"audio\/x-wav","copyright":{"license":"U"}}]},{"text":" ubusuku, ","startDuration":"8.5747","endDuration":"9.3667","wordfile":[{"path":"audios\/wordfile-65baa45f79d08.wav","mime":"audio\/x-wav","copyright":{"license":"U"}}]},{"text":" wayezimisele ","startDuration":"9.3677","endDuration":"10.2781","wordfile":[{"path":"audios\/wordfile-65baa4b34e0db.wav","mime":"audio\/x-wav","copyright":{"license":"U"}}]},{"text":" ukuthinta ","startDuration":"10.2791","endDuration":"11.1049","wordfile":[{"path":"audios\/wordfile-65baa4d7031be.wav","mime":"audio\/x-wav","copyright":{"license":"U"}}]},{"text":" izinkanyezi! ","startDuration":"11.1059","endDuration":"12.5504","wordfile":[{"path":"audios\/wordfile-65baa4ebafe12.wav","mime":"audio\/x-wav","copyright":{"license":"U"}}]}],"files":[{"path":"audios\/files-65ba8e0c2986e.wav","mime":"audio\/x-wav","copyright":{"license":"U"}}]},"subContentId":"f0abda9c-35fe-4623-bdd4-8a29a1cec924","metadata":{"contentType":"Curious Reader Audio","license":"U","title":"Untitled Curious Reader Audio"}},"backgroundOpacity":0,"willDoAnimation":false,"animationType":"glow","displayAsButton":false,"buttonSize":"big","goToSlideType":"specified","invisible":false},{"x":22.95918367346939,"y":27.699999999999996,"width":11.096938775510205,"height":19.395465994962215,"action":{"library":"H5P.Image 1.1","params":{"contentName":"Image"},"subContentId":"93e0042e-89a7-4c35-b62e-106c0a30f2fa","metadata":{"contentType":"Image","license":"U","title":"Untitled Image"}},"backgroundOpacity":0,"willDoAnimation":true,"animationType":"glow","displayAsButton":false,"buttonSize":"big","goToSlideType":"specified","invisible":false,"id":"imgf0abda9c-35fe-4623-bdd4-8a29a1cec924_0"},{"x":58.673469387755105,"y":2.5149571788413096,"width":9.821428571428571,"height":16.876574307304786,"action":{"library":"H5P.Image 1.1","params":{"contentName":"Image"},"subContentId":"c9fa809b-c1ba-4d8c-b3c3-8598868eaa0c","metadata":{"contentType":"Image","license":"U","title":"Untitled Image"}},"backgroundOpacity":0,"willDoAnimation":true,"animationType":"glow","displayAsButton":false,"buttonSize":"big","goToSlideType":"specified","invisible":false,"id":"imgf0abda9c-35fe-4623-bdd4-8a29a1cec924_12"},{"x":26.785714285714285,"y":2.5149571788413096,"width":11.096938775510205,"height":9.319899244332493,"action":{"library":"H5P.Image 1.1","params":{"contentName":"Image"},"subContentId":"778375cb-b968-4dcf-b1cd-7d786a571583","metadata":{"contentType":"Image","license":"U","title":"Untitled Image"}},"backgroundOpacity":0,"willDoAnimation":true,"animationType":"glow","displayAsButton":false,"buttonSize":"big","goToSlideType":"specified","invisible":false,"id":"imgf0abda9c-35fe-4623-bdd4-8a29a1cec924_12"}],"slideBackgroundSelector":{}},{"elements":[{"x":4.357298474945534,"y":4.301075268817204,"width":39.97821350762527,"height":91.39784946236558,"action":{"library":"H5P.Image 1.1","params":{"contentName":"Image","file":{"path":"images\/file-658df80298cc6.jpg","mime":"image\/jpeg","copyright":{"license":"U"},"width":639,"height":689}},"subContentId":"61ff46ea-6d32-48ad-a26f-81092a2ebdfd","metadata":{"contentType":"Image","license":"U","title":"Untitled Image"}},"backgroundOpacity":0,"willDoAnimation":false,"animationType":"glow","displayAsButton":false,"buttonSize":"big","goToSlideType":"specified","invisible":false},{"x":42.09183673469388,"y":30.226700251889167,"width":54.8469387755102,"height":62.46851385390428,"action":{"library":"H5P.CRAdvancedText 1.1","params":{"text":"<p dir=\"ltr\" style=\"text-align: center;\"><span style=\"color:#ffffff;\"><span style=\"font-size:1.75em;\">Wagibela idwala elikhulu futhi wafinyelela kuzo. Kodwa zazingafinyeleleki. Izinkanyezi zazikude KAKHULU!<\/span><\/span><\/p>\n"},"subContentId":"c5ae037f-87c5-4d1a-8f2a-1a32f1435a09","metadata":{"contentType":"Text","license":"U","title":"Untitled Text"}},"alwaysDisplayComments":false,"backgroundOpacity":0,"willDoAnimation":false,"animationType":"glow","displayAsButton":false,"buttonSize":"big","goToSlideType":"specified","invisible":false,"solution":""},{"x":47.00255102040816,"y":43.95465994962216,"width":40,"height":40,"action":{"library":"H5P.CRAudio 1.4","params":{"fitToWrapper":true,"currIndex":2,"playerMode":"minimalistic","controls":true,"autoplay":true,"playAudio":"Play audio","pauseAudio":"Pause audio","contentName":"Audio","glowColor":"#ffd85a","timeStampForEachText":[{"text":" Wagibela ","startDuration":"0.0000","endDuration":"1.3076","wordfile":[{"path":"audios\/wordfile-65baa5ca25a7e.wav","mime":"audio\/x-wav","copyright":{"license":"U"}}]},{"text":" idwala ","startDuration":"1.3076","endDuration":"1.6958","wordfile":[{"path":"audios\/wordfile-65baa8004d0a4.wav","mime":"audio\/x-wav","copyright":{"license":"U"}}]},{"text":" elikhulu ","startDuration":"1.6968","endDuration":"2.6144","wordfile":[{"path":"audios\/wordfile-65baa8639d106.wav","mime":"audio\/x-wav","copyright":{"license":"U"}}]},{"text":" futhi ","startDuration":"2.6154","endDuration":"3.0962","wordfile":[{"path":"audios\/wordfile-65baa8ad64095.wav","mime":"audio\/x-wav","copyright":{"license":"U"}}]},{"text":" wafinyelela ","startDuration":"3.0972","endDuration":"3.8276","wordfile":[{"path":"audios\/wordfile-65baa8ecb76ee.wav","mime":"audio\/x-wav","copyright":{"license":"U"}}]},{"text":" kuzo. ","startDuration":"3.8286","endDuration":"4.6214","wordfile":[{"path":"audios\/wordfile-65baa98f38542.wav","mime":"audio\/x-wav","copyright":{"license":"U"}}]},{"text":" Kodwa ","startDuration":"4.6224","endDuration":"5.9300","wordfile":[{"path":"audios\/wordfile-65baaa42018a9.wav","mime":"audio\/x-wav","copyright":{"license":"U"}}]},{"text":" zazingafinyeleleki. ","startDuration":"5.9310","endDuration":"7.7378","wordfile":[{"path":"audios\/wordfile-65baaa919052d.wav","mime":"audio\/x-wav","copyright":{"license":"U"}}]},{"text":" Izinkanyezi ","startDuration":"7.7388","endDuration":"9.4676","wordfile":[{"path":"audios\/wordfile-65baaaba2554b.wav","mime":"audio\/x-wav","copyright":{"license":"U"}}]},{"text":" zazikude ","startDuration":"9.4686","endDuration":"10.5110","wordfile":[{"path":"audios\/wordfile-65baab226ebf4.wav","mime":"audio\/x-wav","copyright":{"license":"U"}}]},{"text":" KAKHULU! ","startDuration":"10.5120","endDuration":"11.5751","wordfile":[{"path":"audios\/wordfile-65baab33bdefc.wav","mime":"audio\/x-wav","copyright":{"license":"U"}}]}],"files":[{"path":"audios\/files-65baa5a0abe35.wav","mime":"audio\/x-wav","copyright":{"license":"U"}}]},"subContentId":"c1594635-bb55-45eb-860a-255cc5fcca78","metadata":{"contentType":"Curious Reader Audio","license":"U","title":"Untitled Curious Reader Audio"}},"backgroundOpacity":0,"willDoAnimation":false,"animationType":"glow","displayAsButton":false,"buttonSize":"big","goToSlideType":"specified","invisible":false},{"x":19.131632653061224,"y":52.86926952141058,"width":13.64795918367347,"height":40.050377833753146,"action":{"library":"H5P.Image 1.1","params":{"contentName":"Image"},"subContentId":"35e0b309-43a4-4384-be0e-9f4f9b0f0b88","metadata":{"contentType":"Image","license":"U","title":"Untitled Image"}},"backgroundOpacity":0,"willDoAnimation":true,"animationType":"glow","displayAsButton":false,"buttonSize":"big","goToSlideType":"specified","invisible":false,"id":"imgc1594635-bb55-45eb-860a-255cc5fcca78_0"},{"x":26.785714285714285,"y":37.78337531486146,"width":5.994897959183674,"height":29.471032745591938,"action":{"library":"H5P.Image 1.1","params":{"contentName":"Image"},"subContentId":"a802bce5-e6f5-43dc-9817-e6da341d5e4b","metadata":{"contentType":"Image","license":"U","title":"Untitled Image"}},"backgroundOpacity":0,"willDoAnimation":true,"animationType":"glow","displayAsButton":false,"buttonSize":"big","goToSlideType":"specified","invisible":false,"id":"imgc1594635-bb55-45eb-860a-255cc5fcca78_4"},{"x":34.43775510204082,"y":5.031889168765743,"width":9.821428571428571,"height":24.43324937027708,"action":{"library":"H5P.Image 1.1","params":{"contentName":"Image"},"subContentId":"662b8f1f-a25d-450b-a7dc-38a096af8852","metadata":{"contentType":"Image","license":"U","title":"Untitled Image"}},"backgroundOpacity":0,"willDoAnimation":true,"animationType":"glow","displayAsButton":false,"buttonSize":"big","goToSlideType":"specified","invisible":false,"id":"imgc1594635-bb55-45eb-860a-255cc5fcca78_8"},{"x":15.306122448979592,"y":5.0338539042821155,"width":12.372448979591837,"height":11.838790931989925,"action":{"library":"H5P.Image 1.1","params":{"contentName":"Image"},"subContentId":"8423fbcc-8e6e-4de6-bafd-3a718f1f40be","metadata":{"contentType":"Image","license":"U","title":"Untitled Image"}},"backgroundOpacity":0,"willDoAnimation":true,"animationType":"glow","displayAsButton":false,"buttonSize":"big","goToSlideType":"specified","invisible":false,"id":"imgc1594635-bb55-45eb-860a-255cc5fcca78_8"},{"x":15.306122448979592,"y":78.02065491183879,"width":21.301020408163264,"height":19.8992443324937,"action":{"library":"H5P.Image 1.1","params":{"contentName":"Image"},"subContentId":"343f15dd-49bf-4361-a64b-7fe16f42a550","metadata":{"contentType":"Image","license":"U","title":"Untitled Image"}},"backgroundOpacity":0,"willDoAnimation":true,"animationType":"glow","displayAsButton":false,"buttonSize":"big","goToSlideType":"specified","invisible":false,"id":"imgc1594635-bb55-45eb-860a-255cc5fcca78_2"},{"x":19.131632653061224,"y":80.53954659949622,"width":14.923469387755102,"height":17.38035264483627,"action":{"library":"H5P.Image 1.1","params":{"contentName":"Image"},"subContentId":"ffb491f4-f23e-4944-9f92-9f23edaeac69","metadata":{"contentType":"Image","license":"U","title":"Untitled Image"}},"backgroundOpacity":0,"willDoAnimation":true,"animationType":"glow","displayAsButton":false,"buttonSize":"big","goToSlideType":"specified","invisible":false,"id":"imgc1594635-bb55-45eb-860a-255cc5fcca78_1"}],"slideBackgroundSelector":{}},{"elements":[{"x":5.1020408163265305,"y":2.5188916876574305,"width":39.97821350762527,"height":93.54838709677419,"action":{"library":"H5P.Image 1.1","params":{"contentName":"Image","file":{"path":"images\/file-658df8424f4bc.jpg","mime":"image\/jpeg","copyright":{"license":"U"},"width":639,"height":689}},"subContentId":"60c7fe5b-9037-4226-9a48-0323bcda08ef","metadata":{"contentType":"Image","license":"U","title":"Untitled Image"}},"backgroundOpacity":0,"willDoAnimation":false,"animationType":"glow","displayAsButton":false,"buttonSize":"big","goToSlideType":"specified","invisible":false},{"x":44.642857142857146,"y":20.151133501259444,"width":54.8469387755102,"height":64.48362720403023,"action":{"library":"H5P.CRAdvancedText 1.1","params":{"text":"<p dir=\"ltr\" style=\"text-align: center;\"><span style=\"color:#ffffff;\"><span style=\"font-size:1.75em;\">Khona&amp;ndash;ke, wabona sokwelusa umhlamba. Phezulu wakhuphuka. Welula izandla zakhe, kodwa izinkanyezi zazingakafinyeleleki.<\/span><\/span><\/p>\n"},"subContentId":"f95e6074-7c2e-4c39-9caa-7cf4dc2d2e36","metadata":{"contentType":"Text","license":"U","title":"Untitled Text"}},"alwaysDisplayComments":false,"backgroundOpacity":0,"willDoAnimation":false,"animationType":"glow","displayAsButton":false,"buttonSize":"big","goToSlideType":"specified","invisible":false,"solution":""},{"x":47.00255102040816,"y":43.95465994962216,"width":40,"height":40,"action":{"library":"H5P.CRAudio 1.4","params":{"fitToWrapper":true,"currIndex":3,"playerMode":"minimalistic","controls":true,"autoplay":true,"playAudio":"Play audio","pauseAudio":"Pause audio","contentName":"Audio","glowColor":"#ffd85a","timeStampForEachText":[{"text":" Khona\u2013ke, ","startDuration":"0.0000","endDuration":"1.4313","wordfile":[{"path":"audios\/wordfile-65baaef087fdd.wav","mime":"audio\/x-wav","copyright":{"license":"U"}}]},{"text":" wabona ","startDuration":"1.4323","endDuration":"2.0256","wordfile":[{"path":"audios\/wordfile-65baaf0e5bb85.wav","mime":"audio\/x-wav","copyright":{"license":"U"}}]},{"text":" sokwelusa ","startDuration":"2.0266","endDuration":"2.6713","wordfile":[{"path":"audios\/wordfile-65baaf362ab10.wav","mime":"audio\/x-wav","copyright":{"license":"U"}}]},{"text":" umhlamba. ","startDuration":"2.6723","endDuration":"3.7445","wordfile":[{"path":"audios\/wordfile-65baaf4909b26.wav","mime":"audio\/x-wav","copyright":{"license":"U"}}]},{"text":" Phezulu ","startDuration":"3.7455","endDuration":"5.0742","wordfile":[{"path":"audios\/wordfile-65baaf63c0084.wav","mime":"audio\/x-wav","copyright":{"license":"U"}}]},{"text":" wakhuphuka. ","startDuration":"5.0752","endDuration":"6.3526","wordfile":[{"path":"audios\/wordfile-65baaf80590a1.wav","mime":"audio\/x-wav","copyright":{"license":"U"}}]},{"text":" Welula ","startDuration":"6.3536","endDuration":"8.0073","wordfile":[{"path":"audios\/wordfile-65baafa01701c.wav","mime":"audio\/x-wav","copyright":{"license":"U"}}]},{"text":" izandla ","startDuration":"8.0083","endDuration":"8.3964","wordfile":[{"path":"audios\/wordfile-65baafcc083a7.wav","mime":"audio\/x-wav","copyright":{"license":"U"}}]},{"text":" zakhe, ","startDuration":"8.3974","endDuration":"9.4696","wordfile":[{"path":"audios\/wordfile-65baafe86d69d.wav","mime":"audio\/x-wav","copyright":{"license":"U"}}]},{"text":" kodwa ","startDuration":"9.4706","endDuration":"9.8587","wordfile":[{"path":"audios\/wordfile-65bab00df09d3.wav","mime":"audio\/x-wav","copyright":{"license":"U"}}]},{"text":" izinkanyezi ","startDuration":"9.8597","endDuration":"10.7609","wordfile":[{"path":"audios\/wordfile-65bab09e8b90c.wav","mime":"audio\/x-wav","copyright":{"license":"U"}}]},{"text":" zazingakafinyeleleki. ","startDuration":"10.7619","endDuration":"12.6897","wordfile":[{"path":"audios\/wordfile-65bab0e45c8f8.wav","mime":"audio\/x-wav","copyright":{"license":"U"}}]}],"files":[{"path":"audios\/files-65baaec3c6083.wav","mime":"audio\/x-wav","copyright":{"license":"U"}}]},"subContentId":"73e71653-3f60-4872-a3ac-c67b0d5fde1a","metadata":{"contentType":"Curious Reader Audio","license":"U","title":"Untitled Curious Reader Audio"}},"backgroundOpacity":0,"willDoAnimation":false,"animationType":"glow","displayAsButton":false,"buttonSize":"big","goToSlideType":"specified","invisible":false},{"x":20.408163265306122,"y":37.76372795969773,"width":9.821428571428571,"height":29.471032745591938,"action":{"library":"H5P.Image 1.1","params":{"contentName":"Image"},"subContentId":"8c031f13-d832-4037-9a45-e7093f6f50d7","metadata":{"contentType":"Image","license":"U","title":"Untitled Image"}},"backgroundOpacity":0,"willDoAnimation":true,"animationType":"glow","displayAsButton":false,"buttonSize":"big","goToSlideType":"specified","invisible":false,"id":"img73e71653-3f60-4872-a3ac-c67b0d5fde1a_1"},{"x":12.755102040816327,"y":57.90302267002518,"width":25.127551020408163,"height":40.050377833753146,"action":{"library":"H5P.Image 1.1","params":{"contentName":"Image"},"subContentId":"897f6085-4f6b-438e-ba39-80c21a15ec0d","metadata":{"contentType":"Image","license":"U","title":"Untitled Image"}},"backgroundOpacity":0,"willDoAnimation":true,"animationType":"glow","displayAsButton":false,"buttonSize":"big","goToSlideType":"specified","invisible":false,"id":"img73e71653-3f60-4872-a3ac-c67b0d5fde1a_2"},{"x":10.204081632653061,"y":57.90302267002518,"width":28.95408163265306,"height":40.050377833753146,"action":{"library":"H5P.Image 1.1","params":{"contentName":"Image"},"subContentId":"499299cd-1a6a-43cb-8784-1474cde82b5e","metadata":{"contentType":"Image","license":"U","title":"Untitled Image"}},"backgroundOpacity":0,"willDoAnimation":true,"animationType":"glow","displayAsButton":false,"buttonSize":"big","goToSlideType":"specified","invisible":false,"id":"img73e71653-3f60-4872-a3ac-c67b0d5fde1a_3"},{"x":17.857142857142858,"y":2.509052896725441,"width":14.923469387755102,"height":24.43324937027708,"action":{"library":"H5P.Image 1.1","params":{"contentName":"Image"},"subContentId":"71cb027f-fac3-407c-908f-32d0d5479e1c","metadata":{"contentType":"Image","license":"U","title":"Untitled Image"}},"backgroundOpacity":0,"willDoAnimation":true,"animationType":"glow","displayAsButton":false,"buttonSize":"big","goToSlideType":"specified","invisible":false,"id":"img73e71653-3f60-4872-a3ac-c67b0d5fde1a_10"},{"x":36.98979591836735,"y":2.51692443324937,"width":7.270408163265306,"height":24.43324937027708,"action":{"library":"H5P.Image 1.1","params":{"contentName":"Image"},"subContentId":"1dbdb120-e386-4957-b412-de765cfd4158","metadata":{"contentType":"Image","license":"U","title":"Untitled Image"}},"backgroundOpacity":0,"willDoAnimation":true,"animationType":"glow","displayAsButton":false,"buttonSize":"big","goToSlideType":"specified","invisible":false,"id":"img73e71653-3f60-4872-a3ac-c67b0d5fde1a_10"},{"x":5.1020408163265305,"y":5.035818639798489,"width":5.994897959183674,"height":14.357682619647354,"action":{"library":"H5P.Image 1.1","params":{"contentName":"Image"},"subContentId":"2b4d52f3-cd63-47d9-bf5c-8fb08d0b3209","metadata":{"contentType":"Image","license":"U","title":"Untitled Image"}},"backgroundOpacity":0,"willDoAnimation":true,"animationType":"glow","displayAsButton":false,"buttonSize":"big","goToSlideType":"specified","invisible":false,"id":"img73e71653-3f60-4872-a3ac-c67b0d5fde1a_10"},{"x":25.510204081632654,"y":35.254659949622166,"width":3.443877551020408,"height":16.876574307304786,"action":{"library":"H5P.Image 1.1","params":{"contentName":"Image"},"subContentId":"0f3d78ef-ea02-4f9f-beb9-3f06faf3b1cb","metadata":{"contentType":"Image","license":"U","title":"Untitled Image"}},"backgroundOpacity":0,"willDoAnimation":true,"animationType":"glow","displayAsButton":false,"buttonSize":"big","goToSlideType":"specified","invisible":false,"id":"img73e71653-3f60-4872-a3ac-c67b0d5fde1a_6"},{"x":21.683673469387756,"y":40.29042821158691,"width":3.443877551020408,"height":14.357682619647354,"action":{"library":"H5P.Image 1.1","params":{"contentName":"Image"},"subContentId":"432afcc5-264a-49ae-b065-600410450b7d","metadata":{"contentType":"Image","license":"U","title":"Untitled Image"}},"backgroundOpacity":0,"willDoAnimation":true,"animationType":"glow","displayAsButton":false,"buttonSize":"big","goToSlideType":"specified","invisible":false,"id":"img73e71653-3f60-4872-a3ac-c67b0d5fde1a_6"}],"slideBackgroundSelector":{}},{"elements":[{"x":20.697167755991288,"y":6.451612903225806,"width":53.7037037037037,"height":53.76344086021505,"action":{"library":"H5P.Image 1.1","params":{"contentName":"Image","file":{"path":"images\/file-658df87feb70b.jpg","mime":"image\/jpeg","copyright":{"license":"U"},"width":959,"height":516}},"subContentId":"e7919eb7-878b-4578-99e6-851c4378b211","metadata":{"contentType":"Image","license":"U","title":"Untitled Image"}},"backgroundOpacity":0,"willDoAnimation":false,"animationType":"glow","displayAsButton":false,"buttonSize":"big","goToSlideType":"specified","invisible":false},{"x":1.2755102040816326,"y":65.45566750629722,"width":97.32142857142857,"height":34.5088161209068,"action":{"library":"H5P.CRAdvancedText 1.1","params":{"text":"<p dir=\"ltr\" style=\"text-align: center;\"><span style=\"color:#ffffff;\"><span style=\"font-size:1.75em;\">Uxoxo wabona umuthi kakhukhunathi eduze. Wawumude kakhulu. Ah, wayecabanga ukuthi lokhu kuzosebenza manje.<\/span><\/span><\/p>\n"},"subContentId":"e753f1dd-3fe1-4322-8151-5d012bcaf291","metadata":{"contentType":"Text","license":"U","title":"Untitled Text"}},"alwaysDisplayComments":false,"backgroundOpacity":0,"willDoAnimation":false,"animationType":"glow","displayAsButton":false,"buttonSize":"big","goToSlideType":"specified","invisible":false,"solution":""},{"x":47.00255102040816,"y":43.95465994962216,"width":40,"height":40,"action":{"library":"H5P.CRAudio 1.4","params":{"fitToWrapper":true,"currIndex":4,"playerMode":"minimalistic","controls":true,"autoplay":true,"playAudio":"Play audio","pauseAudio":"Pause audio","contentName":"Audio","glowColor":"#ffd85a","timeStampForEachText":[{"text":" Uxoxo ","startDuration":"0.0000","endDuration":"1.3833","wordfile":[{"path":"audios\/wordfile-65bab1b364fb2.wav","mime":"audio\/x-wav","copyright":{"license":"U"}}]},{"text":" wabona ","startDuration":"1.3843","endDuration":"1.6962","wordfile":[{"path":"audios\/wordfile-65bab3a00d949.wav","mime":"audio\/x-wav","copyright":{"license":"U"}}]},{"text":" umuthi ","startDuration":"1.6972","endDuration":"2.1850","wordfile":[{"path":"audios\/wordfile-65bab4642a4bb.wav","mime":"audio\/x-wav","copyright":{"license":"U"}}]},{"text":" kakhukhunathi ","startDuration":"2.1860","endDuration":"3.1216","wordfile":[{"path":"audios\/wordfile-65bab4949f5ea.wav","mime":"audio\/x-wav","copyright":{"license":"U"}}]},{"text":" eduze. ","startDuration":"3.1226","endDuration":"4.1062","wordfile":[{"path":"audios\/wordfile-65bab4af304f7.wav","mime":"audio\/x-wav","copyright":{"license":"U"}}]},{"text":" Wawumude ","startDuration":"4.1072","endDuration":"5.6345","wordfile":[{"path":"audios\/wordfile-65bab4e88918f.wav","mime":"audio\/x-wav","copyright":{"license":"U"}}]},{"text":" kakhulu. ","startDuration":"5.6355","endDuration":"6.5071","wordfile":[{"path":"audios\/wordfile-65bab6b9735df.wav","mime":"audio\/x-wav","copyright":{"license":"U"}}]},{"text":" Ah, ","startDuration":"6.5081","endDuration":"8.0354","wordfile":[{"path":"audios\/wordfile-65bab6f76aa54.wav","mime":"audio\/x-wav","copyright":{"license":"U"}}]},{"text":" wayecabanga ","startDuration":"8.0364","endDuration":"8.9080","wordfile":[{"path":"audios\/wordfile-65bab721215bf.wav","mime":"audio\/x-wav","copyright":{"license":"U"}}]},{"text":" ukuthi ","startDuration":"8.9090","endDuration":"9.2369","wordfile":[{"path":"audios\/wordfile-65bab74b25fee.wav","mime":"audio\/x-wav","copyright":{"license":"U"}}]},{"text":" lokhu ","startDuration":"9.2379","endDuration":"9.9176","wordfile":[{"path":"audios\/wordfile-65bab764b8d20.wav","mime":"audio\/x-wav","copyright":{"license":"U"}}]},{"text":" kuzosebenza ","startDuration":"9.9186","endDuration":"10.6623","wordfile":[{"path":"audios\/wordfile-65bab78242532.wav","mime":"audio\/x-wav","copyright":{"license":"U"}}]},{"text":" manje. ","startDuration":"10.6633","endDuration":"11.8654","wordfile":[{"path":"audios\/wordfile-65bab79de4d2f.wav","mime":"audio\/x-wav","copyright":{"license":"U"}}]}],"files":[{"path":"audios\/files-65bab166e194f.wav","mime":"audio\/x-wav","copyright":{"license":"U"}}]},"subContentId":"bcf9b99a-a561-4d77-a11a-49772134a135","metadata":{"contentType":"Curious Reader Audio","license":"U","title":"Untitled Curious Reader Audio"}},"backgroundOpacity":0,"willDoAnimation":false,"animationType":"glow","displayAsButton":false,"buttonSize":"big","goToSlideType":"specified","invisible":false},{"x":24.23469387755102,"y":35.254659949622166,"width":17.474489795918366,"height":24.43324937027708,"action":{"library":"H5P.Image 1.1","params":{"contentName":"Image"},"subContentId":"2b39f0cf-0784-42ea-9805-ed7aef7b9d3e","metadata":{"contentType":"Image","license":"U","title":"Untitled Image"}},"backgroundOpacity":0,"willDoAnimation":true,"animationType":"glow","displayAsButton":false,"buttonSize":"big","goToSlideType":"specified","invisible":false,"id":"imgbcf9b99a-a561-4d77-a11a-49772134a135_0"},{"x":57.39795918367348,"y":12.578715365239296,"width":17.474489795918366,"height":44.58438287153652,"action":{"library":"H5P.Image 1.1","params":{"contentName":"Image"},"subContentId":"213cdd5e-1bda-4579-afe3-9cb34992f1ff","metadata":{"contentType":"Image","license":"U","title":"Untitled Image"}},"backgroundOpacity":0,"willDoAnimation":true,"animationType":"glow","displayAsButton":false,"buttonSize":"big","goToSlideType":"specified","invisible":false,"id":"imgbcf9b99a-a561-4d77-a11a-49772134a135_2"},{"x":57.39795918367348,"y":15.105491183879094,"width":17.091836734693878,"height":40.050377833753146,"action":{"library":"H5P.Image 1.1","params":{"contentName":"Image"},"subContentId":"24b9350c-27e0-4b5b-b456-686f8d7a9f70","metadata":{"contentType":"Image","license":"U","title":"Untitled Image"}},"backgroundOpacity":0,"willDoAnimation":true,"animationType":"glow","displayAsButton":false,"buttonSize":"big","goToSlideType":"specified","invisible":false,"id":"imgbcf9b99a-a561-4d77-a11a-49772134a135_3"}],"slideBackgroundSelector":{}},{"elements":[{"x":3.826530612244898,"y":2.5188916876574305,"width":39.97821350762527,"height":95.69892473118279,"action":{"library":"H5P.Image 1.1","params":{"contentName":"Image","file":{"path":"images\/file-658df8ace4f8b.jpg","mime":"image\/jpeg","copyright":{"license":"U"},"width":639,"height":689}},"subContentId":"ca2437d6-b99d-4ff8-8739-e813d2a5b05e","metadata":{"contentType":"Image","license":"U","title":"Untitled Image"}},"backgroundOpacity":0,"willDoAnimation":false,"animationType":"glow","displayAsButton":false,"buttonSize":"big","goToSlideType":"specified","invisible":false},{"x":45.91836734693878,"y":32.7455919395466,"width":47.44897959183673,"height":57.9345088161209,"action":{"library":"H5P.CRAdvancedText 1.1","params":{"text":"<p dir=\"ltr\" style=\"text-align: center;\"><span style=\"color:#ffffff;\"><span style=\"font-size:1.75em;\">Waqala ukugibela umuthi. Wakhuphuka ngobunzima obukhulu.<\/span><\/span><\/p>\n"},"subContentId":"3b16725b-881b-4e7c-98e9-528deebcadec","metadata":{"contentType":"Text","license":"U","title":"Untitled Text"}},"alwaysDisplayComments":false,"backgroundOpacity":0,"willDoAnimation":false,"animationType":"glow","displayAsButton":false,"buttonSize":"big","goToSlideType":"specified","invisible":false,"solution":""},{"x":47.00255102040816,"y":43.95465994962216,"width":40,"height":40,"action":{"library":"H5P.CRAudio 1.4","params":{"fitToWrapper":true,"currIndex":5,"playerMode":"minimalistic","controls":true,"autoplay":true,"playAudio":"Play audio","pauseAudio":"Pause audio","contentName":"Audio","glowColor":"#ffd85a","timeStampForEachText":[{"text":" Waqala ","startDuration":"0.0000","endDuration":"1.1507","wordfile":[{"path":"audios\/wordfile-65bac1af56941.wav","mime":"audio\/x-wav","copyright":{"license":"U"}}]},{"text":" ukugibela ","startDuration":"1.1517","endDuration":"1.7846","wordfile":[{"path":"audios\/wordfile-65bac1cd5eb21.wav","mime":"audio\/x-wav","copyright":{"license":"U"}}]},{"text":" umuthi. ","startDuration":"1.7856","endDuration":"2.5189","wordfile":[{"path":"audios\/wordfile-65bac1e1cfeef.wav","mime":"audio\/x-wav","copyright":{"license":"U"}}]},{"text":" Wakhuphuka ","startDuration":"2.5199","endDuration":"4.1035","wordfile":[{"path":"audios\/wordfile-65bac204e680d.wav","mime":"audio\/x-wav","copyright":{"license":"U"}}]},{"text":" ngobunzima ","startDuration":"4.1045","endDuration":"4.6601","wordfile":[{"path":"audios\/wordfile-65bac22362993.wav","mime":"audio\/x-wav","copyright":{"license":"U"}}]},{"text":" obukhulu. ","startDuration":"4.6611","endDuration":"5.7353","wordfile":[{"path":"audios\/wordfile-65bac244a985c.wav","mime":"audio\/x-wav","copyright":{"license":"U"}}]}],"files":[{"path":"audios\/files-65bac17b54789.wav","mime":"audio\/x-wav","copyright":{"license":"U"}}]},"subContentId":"44684e8b-caa2-4ab8-9461-73aba8dfa27f","metadata":{"contentType":"Curious Reader Audio","license":"U","title":"Untitled Curious Reader Audio"}},"backgroundOpacity":0,"willDoAnimation":false,"animationType":"glow","displayAsButton":false,"buttonSize":"big","goToSlideType":"specified","invisible":false},{"x":11.479591836734695,"y":37.76372795969773,"width":13.64795918367347,"height":40.050377833753146,"action":{"library":"H5P.Image 1.1","params":{"contentName":"Image"},"subContentId":"b0594ed6-ed07-418d-b9f7-226ed1bdcdfa","metadata":{"contentType":"Image","license":"U","title":"Untitled Image"}},"backgroundOpacity":0,"willDoAnimation":true,"animationType":"glow","displayAsButton":false,"buttonSize":"big","goToSlideType":"specified","invisible":false,"id":"img44684e8b-caa2-4ab8-9461-73aba8dfa27f_0"},{"x":2.5510204081632653,"y":10.06375314861461,"width":23.852040816326532,"height":89.16876574307304,"action":{"library":"H5P.Image 1.1","params":{"contentName":"Image"},"subContentId":"f13ab393-5c61-472c-af87-23ddd61af419","metadata":{"contentType":"Image","license":"U","title":"Untitled Image"}},"backgroundOpacity":0,"willDoAnimation":true,"animationType":"glow","displayAsButton":false,"buttonSize":"big","goToSlideType":"specified","invisible":false,"id":"img44684e8b-caa2-4ab8-9461-73aba8dfa27f_2"}],"slideBackgroundSelector":{}},{"elements":[{"x":42.09183673469388,"y":30.075062972292187,"width":51.275510204081634,"height":40.050377833753146,"action":{"library":"H5P.CRAdvancedText 1.1","params":{"text":"<p style=\"text-align: center;\"><span style=\"color:#ffffff;\"><span style=\"font-size:1.75em;\">Welula izandla zakhe... kodwa izinkanyezi zazisangafinyeleleki.<\/span><\/span><\/p>\n"},"subContentId":"dea40a79-cbb6-4e03-acb1-24c0e03d4710","metadata":{"contentType":"Text","license":"U","title":"Untitled Text"}},"alwaysDisplayComments":false,"backgroundOpacity":0,"willDoAnimation":false,"animationType":"glow","displayAsButton":false,"buttonSize":"big","goToSlideType":"specified","invisible":false,"solution":""},{"x":2.5510204081632653,"y":2.5188916876574305,"width":40.05102040816327,"height":97.48110831234257,"action":{"library":"H5P.Image 1.1","params":{"contentName":"Image","file":{"path":"images\/file-658f1d15629c9.jpg","mime":"image\/jpeg","copyright":{"license":"U"},"width":639,"height":689}},"subContentId":"0b184a31-a2ed-4e29-a925-6bbdc4a731a4","metadata":{"contentType":"Image","license":"U","title":"Untitled Image"}},"backgroundOpacity":0,"willDoAnimation":false,"animationType":"glow","displayAsButton":false,"buttonSize":"big","goToSlideType":"specified","invisible":false},{"x":47.00255102040816,"y":43.95465994962216,"width":40,"height":40,"action":{"library":"H5P.CRAudio 1.4","params":{"fitToWrapper":true,"currIndex":6,"playerMode":"minimalistic","controls":true,"autoplay":true,"playAudio":"Play audio","pauseAudio":"Pause audio","contentName":"Audio","glowColor":"#ffd85a","timeStampForEachText":[{"text":" Welula ","startDuration":"0.0000","endDuration":"0.9203","wordfile":[{"path":"audios\/wordfile-65bbba4638394.wav","mime":"audio\/x-wav","copyright":{"license":"U"}}]},{"text":" izandla ","startDuration":"0.9213","endDuration":"1.3032","wordfile":[{"path":"audios\/wordfile-65bbba6e577ef.wav","mime":"audio\/x-wav","copyright":{"license":"U"}}]},{"text":" zakhe... ","startDuration":"1.3042","endDuration":"1.9990","wordfile":[{"path":"audios\/wordfile-65bbbaac6e01a.wav","mime":"audio\/x-wav","copyright":{"license":"U"}}]},{"text":" kodwa ","startDuration":"2.0000","endDuration":"2.5929","wordfile":[{"path":"audios\/wordfile-65bbbacd89a92.wav","mime":"audio\/x-wav","copyright":{"license":"U"}}]},{"text":" izinkanyezi ","startDuration":"2.5939","endDuration":"3.4997","wordfile":[{"path":"audios\/wordfile-65bbbae7d7ee6.wav","mime":"audio\/x-wav","copyright":{"license":"U"}}]},{"text":" zazisangafinyeleleki. ","startDuration":"3.5007","endDuration":"5.3986","wordfile":[{"path":"audios\/wordfile-65bbbb0864a98.wav","mime":"audio\/x-wav","copyright":{"license":"U"}}]}],"files":[{"path":"audios\/files-65bbb9a118a7a.wav","mime":"audio\/x-wav","copyright":{"license":"U"}}]},"subContentId":"a8c5992b-aa33-4014-a1bf-c3bf2f50c839","metadata":{"contentType":"Curious Reader Audio","license":"U","title":"Untitled Curious Reader Audio"}},"backgroundOpacity":0,"willDoAnimation":false,"animationType":"glow","displayAsButton":false,"buttonSize":"big","goToSlideType":"specified","invisible":false},{"x":19.13265306122449,"y":35.26448362720403,"width":7.270408163265306,"height":34.5088161209068,"action":{"library":"H5P.Image 1.1","params":{"contentName":"Image"},"subContentId":"b7f93e13-00d7-4e7f-96f3-5e4f3abc42c9","metadata":{"contentType":"Image","license":"U","title":"Untitled Image"}},"backgroundOpacity":0,"willDoAnimation":true,"animationType":"glow","displayAsButton":false,"buttonSize":"big","goToSlideType":"specified","invisible":false,"id":"imga8c5992b-aa33-4014-a1bf-c3bf2f50c839_0"},{"x":17.857142857142858,"y":42.82115869017632,"width":9.821428571428571,"height":22.41813602015113,"action":{"library":"H5P.Image 1.1","params":{"contentName":"Image"},"subContentId":"2ececaa1-547c-4ebb-9b34-78ee86276b0c","metadata":{"contentType":"Image","license":"U","title":"Untitled Image"}},"backgroundOpacity":0,"willDoAnimation":true,"animationType":"glow","displayAsButton":false,"buttonSize":"big","goToSlideType":"specified","invisible":false,"id":"imga8c5992b-aa33-4014-a1bf-c3bf2f50c839_1"},{"x":28.061224489795915,"y":65.4735516372796,"width":9.821428571428571,"height":14.357682619647354,"action":{"library":"H5P.Image 1.1","params":{"contentName":"Image"},"subContentId":"96afaf0f-eebf-4851-b1b0-4825639c437c","metadata":{"contentType":"Image","license":"U","title":"Untitled Image"}},"backgroundOpacity":0,"willDoAnimation":true,"animationType":"glow","displayAsButton":false,"buttonSize":"big","goToSlideType":"specified","invisible":false,"id":"imga8c5992b-aa33-4014-a1bf-c3bf2f50c839_1"},{"x":11.479591836734695,"y":7.55471032745592,"width":8.545918367346939,"height":11.838790931989925,"action":{"library":"H5P.Image 1.1","params":{"contentName":"Image"},"subContentId":"5270a4ad-aaa9-4f8d-88aa-c7edf76c6ce9","metadata":{"contentType":"Image","license":"U","title":"Untitled Image"}},"backgroundOpacity":0,"willDoAnimation":true,"animationType":"glow","displayAsButton":false,"buttonSize":"big","goToSlideType":"specified","invisible":false,"id":"imga8c5992b-aa33-4014-a1bf-c3bf2f50c839_4"},{"x":5.1020408163265305,"y":22.66413098236776,"width":5.994897959183674,"height":16.876574307304786,"action":{"library":"H5P.Image 1.1","params":{"contentName":"Image"},"subContentId":"98b2d4ca-ea0f-4c29-aae8-ba69dcfc1022","metadata":{"contentType":"Image","license":"U","title":"Untitled Image"}},"backgroundOpacity":0,"willDoAnimation":true,"animationType":"glow","displayAsButton":false,"buttonSize":"big","goToSlideType":"specified","invisible":false,"id":"imga8c5992b-aa33-4014-a1bf-c3bf2f50c839_4"},{"x":22.95918367346939,"y":25.17317380352645,"width":3.443877551020408,"height":16.876574307304786,"action":{"library":"H5P.Image 1.1","params":{"contentName":"Image"},"subContentId":"985f63ae-6416-41d8-91a9-2f5a013474a7","metadata":{"contentType":"Image","license":"U","title":"Untitled Image"}},"backgroundOpacity":0,"willDoAnimation":true,"animationType":"glow","displayAsButton":false,"buttonSize":"big","goToSlideType":"specified","invisible":false,"id":"imga8c5992b-aa33-4014-a1bf-c3bf2f50c839_4"}],"slideBackgroundSelector":{}},{"elements":[{"x":21.683673469387756,"y":5.037783375314861,"width":50.10893246187364,"height":50.107526881720425,"action":{"library":"H5P.Image 1.1","params":{"contentName":"Image","file":{"path":"images\/file-658df917ad6db.jpg","mime":"image\/jpeg","copyright":{"license":"U"},"width":959,"height":516}},"subContentId":"392a6944-b878-4fae-8823-0aded0ba5bfc","metadata":{"contentType":"Image","license":"U","title":"Untitled Image"}},"backgroundOpacity":0,"willDoAnimation":false,"animationType":"glow","displayAsButton":false,"buttonSize":"big","goToSlideType":"specified","invisible":false},{"x":3.826530612244898,"y":64.44433249370277,"width":88.77551020408164,"height":27.20403022670025,"action":{"library":"H5P.CRAdvancedText 1.1","params":{"text":"<p dir=\"ltr\" style=\"text-align: center;\"><span style=\"color:#ffffff;\"><span style=\"font-size:1.75em;\">Waphoxeka. Wabheka phansi. Inhliziyo yakhe yeqa ukushaya ngokwesaba.&nbsp;<\/span><\/span><\/p>\n"},"subContentId":"4448d723-7930-4433-938a-c541d9a02e54","metadata":{"contentType":"Text","license":"U","title":"Untitled Text"}},"alwaysDisplayComments":false,"backgroundOpacity":0,"willDoAnimation":false,"animationType":"glow","displayAsButton":false,"buttonSize":"big","goToSlideType":"specified","invisible":false,"solution":""},{"x":47.00255102040816,"y":43.95465994962216,"width":40,"height":40,"action":{"library":"H5P.CRAudio 1.4","params":{"fitToWrapper":true,"currIndex":7,"playerMode":"minimalistic","controls":true,"autoplay":true,"playAudio":"Play audio","pauseAudio":"Pause audio","contentName":"Audio","glowColor":"#ffd85a","timeStampForEachText":[{"text":" Waphoxeka. ","startDuration":"0.0000","endDuration":"1.4757","wordfile":[{"path":"audios\/wordfile-65bbbcf1758cb.wav","mime":"audio\/x-wav","copyright":{"license":"U"}}]},{"text":" Wabheka ","startDuration":"1.4767","endDuration":"2.4678","wordfile":[{"path":"audios\/wordfile-65bbbdf6a81bc.wav","mime":"audio\/x-wav","copyright":{"license":"U"}}]},{"text":" phansi. ","startDuration":"2.4688","endDuration":"3.4302","wordfile":[{"path":"audios\/wordfile-65bbbe0d1b913.wav","mime":"audio\/x-wav","copyright":{"license":"U"}}]},{"text":" Inhliziyo ","startDuration":"3.4312","endDuration":"4.3333","wordfile":[{"path":"audios\/wordfile-65bbbe39ad5d1.wav","mime":"audio\/x-wav","copyright":{"license":"U"}}]},{"text":" yakhe ","startDuration":"4.3343","endDuration":"4.9101","wordfile":[{"path":"audios\/wordfile-65bbbe5761742.wav","mime":"audio\/x-wav","copyright":{"license":"U"}}]},{"text":" yeqa ","startDuration":"4.9111","endDuration":"5.2495","wordfile":[{"path":"audios\/wordfile-65bbbeab36285.wav","mime":"audio\/x-wav","copyright":{"license":"U"}}]},{"text":" ukushaya ","startDuration":"5.2495","endDuration":"6.0923","wordfile":[{"path":"audios\/wordfile-65bbbf598e970.wav","mime":"audio\/x-wav","copyright":{"license":"U"}}]},{"text":" ngokwesaba.\u00a0 ","startDuration":"6.0933","endDuration":"7.3375","wordfile":[{"path":"audios\/wordfile-65bbbf6dc669c.wav","mime":"audio\/x-wav","copyright":{"license":"U"}}]}],"files":[{"path":"audios\/files-65bbbcd1e0fb6.wav","mime":"audio\/x-wav","copyright":{"license":"U"}}]},"subContentId":"0e0f83ce-6af7-404c-8233-7b2329983f71","metadata":{"contentType":"Curious Reader Audio","license":"U","title":"Untitled Curious Reader Audio"}},"backgroundOpacity":0,"willDoAnimation":false,"animationType":"glow","displayAsButton":false,"buttonSize":"big","goToSlideType":"specified","invisible":false},{"x":21.683673469387756,"y":17.6204282115869,"width":18.75,"height":40.050377833753146,"action":{"library":"H5P.Image 1.1","params":{"contentName":"Image"},"subContentId":"298d36f3-fa07-4652-8b89-01f388bf6788","metadata":{"contentType":"Image","license":"U","title":"Untitled Image"}},"backgroundOpacity":0,"willDoAnimation":true,"animationType":"glow","displayAsButton":false,"buttonSize":"big","goToSlideType":"specified","invisible":false,"id":"img0e0f83ce-6af7-404c-8233-7b2329983f71_0"},{"x":21.683673469387756,"y":20.151133501259444,"width":20.025510204081634,"height":40.050377833753146,"action":{"library":"H5P.Image 1.1","params":{"contentName":"Image"},"subContentId":"51aae7f8-20de-42b1-b5ff-dbf5e48e3bc3","metadata":{"contentType":"Image","license":"U","title":"Untitled Image"}},"backgroundOpacity":0,"willDoAnimation":true,"animationType":"glow","displayAsButton":false,"buttonSize":"big","goToSlideType":"specified","invisible":false,"id":"img0e0f83ce-6af7-404c-8233-7b2329983f71_1"}],"slideBackgroundSelector":{}},{"elements":[{"x":4.357298474945534,"y":2.150537634408602,"width":39.97821350762527,"height":95.69892473118279,"action":{"library":"H5P.Image 1.1","params":{"contentName":"Image","file":{"path":"images\/file-658df944012f2.jpg","mime":"image\/jpeg","copyright":{"license":"U"},"width":639,"height":689}},"subContentId":"0c7c0da9-76ff-4fdb-b247-f01b9286dec5","metadata":{"contentType":"Image","license":"U","title":"Untitled Image"}},"backgroundOpacity":0,"willDoAnimation":false,"animationType":"glow","displayAsButton":false,"buttonSize":"big","goToSlideType":"specified","invisible":false},{"x":43.36734693877551,"y":27.707808564231737,"width":53.57142857142857,"height":68.01007556675063,"action":{"library":"H5P.CRAdvancedText 1.1","params":{"text":"<p dir=\"ltr\" style=\"text-align: center;\"><span style=\"color:#ffffff;\"><span style=\"font-size:1.75em;\">Wabeka isandla enhliziyweni yakhe wazitshela ukuthi, \"Ngeke ngesabe. Ngingakwenza!\" <\/span><\/span><\/p>\n"},"subContentId":"c8171db2-f819-43ef-9736-eeb0c272f209","metadata":{"contentType":"Text","license":"U","title":"Untitled Text"}},"alwaysDisplayComments":false,"backgroundOpacity":0,"willDoAnimation":false,"animationType":"glow","displayAsButton":false,"buttonSize":"big","goToSlideType":"specified","invisible":false,"solution":""},{"x":47.00255102040816,"y":43.95465994962216,"width":40,"height":40,"action":{"library":"H5P.CRAudio 1.4","params":{"fitToWrapper":true,"currIndex":8,"playerMode":"minimalistic","controls":true,"autoplay":true,"playAudio":"Play audio","pauseAudio":"Pause audio","contentName":"Audio","glowColor":"#ffd85a","timeStampForEachText":[{"text":" Wabeka ","startDuration":"0.0000","endDuration":"1.2620","wordfile":[{"path":"audios\/wordfile-65bbc091a0091.wav","mime":"audio\/x-wav","copyright":{"license":"U"}}]},{"text":" isandla ","startDuration":"1.2630","endDuration":"1.7890","wordfile":[{"path":"audios\/wordfile-65bbc0bbc4c75.wav","mime":"audio\/x-wav","copyright":{"license":"U"}}]},{"text":" enhliziyweni ","startDuration":"1.7900","endDuration":"2.2949","wordfile":[{"path":"audios\/wordfile-65bbc0db55513.wav","mime":"audio\/x-wav","copyright":{"license":"U"}}]},{"text":" yakhe ","startDuration":"2.2959","endDuration":"2.7798","wordfile":[{"path":"audios\/wordfile-65bbc0fb03cf8.wav","mime":"audio\/x-wav","copyright":{"license":"U"}}]},{"text":" wazitshela ","startDuration":"2.7808","endDuration":"3.4960","wordfile":[{"path":"audios\/wordfile-65bbc12774ac7.wav","mime":"audio\/x-wav","copyright":{"license":"U"}}]},{"text":" ukuthi, ","startDuration":"3.4970","endDuration":"4.1281","wordfile":[{"path":"audios\/wordfile-65bbc14777f84.wav","mime":"audio\/x-wav","copyright":{"license":"U"}}]},{"text":" ","startDuration":"4.1291","endDuration":"4.8864","wordfile":[{"path":"audios\/wordfile-65bbc1786d945.wav","mime":"audio\/x-wav","copyright":{"license":"U"}}]},{"text":" ngesabe. ","startDuration":"4.8874","endDuration":"5.8865","wordfile":[{"path":"audios\/wordfile-65bbc1aac9416.wav","mime":"audio\/x-wav","copyright":{"license":"U"}}]},{"text":" Ngingakwenza! ","startDuration":"5.8875","endDuration":"7.8014","wordfile":[{"path":"audios\/wordfile-65bbc21dd5153.wav","mime":"audio\/x-wav","copyright":{"license":"U"}}]}],"files":[{"path":"audios\/files-65bbc05696d21.wav","mime":"audio\/x-wav","copyright":{"license":"U"}}]},"subContentId":"4d502f97-d8b2-47d9-aa55-faac83eb5570","metadata":{"contentType":"Curious Reader Audio","license":"U","title":"Untitled Curious Reader Audio"}},"backgroundOpacity":0,"willDoAnimation":false,"animationType":"glow","displayAsButton":false,"buttonSize":"big","goToSlideType":"specified","invisible":false},{"x":20.408163265306122,"y":65.45566750629722,"width":11.096938775510205,"height":19.395465994962215,"action":{"library":"H5P.Image 1.1","params":{"contentName":"Image"},"subContentId":"c0a7e4b9-6718-4d77-b66a-aab7990fadb3","metadata":{"contentType":"Image","license":"U","title":"Untitled Image"}},"backgroundOpacity":0,"willDoAnimation":true,"animationType":"glow","displayAsButton":false,"buttonSize":"big","goToSlideType":"specified","invisible":false,"id":"img4d502f97-d8b2-47d9-aa55-faac83eb5570_1"},{"x":12.755102040816327,"y":37.75390428211587,"width":22.5765306122449,"height":61.460957178841305,"action":{"library":"H5P.Image 1.1","params":{"contentName":"Image"},"subContentId":"283b43c6-fe96-43f3-ac9b-ed4aaf0b5fb1","metadata":{"contentType":"Image","license":"U","title":"Untitled Image"}},"backgroundOpacity":0,"willDoAnimation":true,"animationType":"glow","displayAsButton":false,"buttonSize":"big","goToSlideType":"specified","invisible":false,"id":"img4d502f97-d8b2-47d9-aa55-faac83eb5570_0"},{"x":21.683673469387756,"y":65.43803526448363,"width":9.821428571428571,"height":16.876574307304786,"action":{"library":"H5P.Image 1.1","params":{"contentName":"Image"},"subContentId":"dffaee82-8f99-433e-9e66-483b32ad2daa","metadata":{"contentType":"Image","license":"U","title":"Untitled Image"}},"backgroundOpacity":0,"willDoAnimation":true,"animationType":"glow","displayAsButton":false,"buttonSize":"big","goToSlideType":"specified","invisible":false,"id":"img4d502f97-d8b2-47d9-aa55-faac83eb5570_2"}],"slideBackgroundSelector":{}},{"elements":[{"x":3.826530612244898,"y":0,"width":39.97821350762527,"height":95.69892473118279,"action":{"library":"H5P.Image 1.1","params":{"contentName":"Image","file":{"path":"images\/file-658df972e32bc.jpg","mime":"image\/jpeg","copyright":{"license":"U"},"width":639,"height":689}},"subContentId":"5be5d4be-3a5d-4053-992a-d11a089e3233","metadata":{"contentType":"Image","license":"U","title":"Untitled Image"}},"backgroundOpacity":0,"willDoAnimation":false,"animationType":"glow","displayAsButton":false,"buttonSize":"big","goToSlideType":"specified","invisible":false},{"x":44.642857142857146,"y":30.21108312342569,"width":48.46938775510204,"height":40.050377833753146,"action":{"library":"H5P.CRAdvancedText 1.1","params":{"text":"<p dir=\"ltr\" style=\"text-align: center;\"><span style=\"color:#ffffff;\"><span style=\"font-size:1.75em;\">Wabe esebona ichibi. Izinkanyezi zaziqhakaza emanzini.<\/span><\/span><\/p>\n"},"subContentId":"675ccaf9-8dbd-47a4-9d94-6c1d048c4dc6","metadata":{"contentType":"Text","license":"U","title":"Untitled Text"}},"alwaysDisplayComments":false,"backgroundOpacity":0,"willDoAnimation":false,"animationType":"glow","displayAsButton":false,"buttonSize":"big","goToSlideType":"specified","invisible":false,"solution":""},{"x":47.00255102040816,"y":43.95465994962216,"width":40,"height":40,"action":{"library":"H5P.CRAudio 1.4","params":{"fitToWrapper":true,"currIndex":9,"playerMode":"minimalistic","controls":true,"autoplay":true,"playAudio":"Play audio","pauseAudio":"Pause audio","contentName":"Audio","glowColor":"#ffd85a","timeStampForEachText":[{"text":" Wabe ","startDuration":"0.0000","endDuration":"0.8685","wordfile":[{"path":"audios\/wordfile-65bbc2be363e6.wav","mime":"audio\/x-wav","copyright":{"license":"U"}}]},{"text":" esebona ","startDuration":"0.8695","endDuration":"1.4282","wordfile":[{"path":"audios\/wordfile-65bbc2d806ed4.wav","mime":"audio\/x-wav","copyright":{"license":"U"}}]},{"text":" ichibi. ","startDuration":"1.4292","endDuration":"2.4036","wordfile":[{"path":"audios\/wordfile-65bbc2fc35d49.wav","mime":"audio\/x-wav","copyright":{"license":"U"}}]},{"text":" Izinkanyezi ","startDuration":"2.4046","endDuration":"3.7866","wordfile":[{"path":"audios\/wordfile-65bbc313d7d47.wav","mime":"audio\/x-wav","copyright":{"license":"U"}}]},{"text":" zaziqhakaza ","startDuration":"3.7876","endDuration":"4.8273","wordfile":[{"path":"audios\/wordfile-65bbc5343a41e.wav","mime":"audio\/x-wav","copyright":{"license":"U"}}]},{"text":" emanzini. ","startDuration":"4.8283","endDuration":"5.9006","wordfile":[{"path":"audios\/wordfile-65bbc5515d9d9.wav","mime":"audio\/x-wav","copyright":{"license":"U"}}]}],"files":[{"path":"audios\/files-65bbc28c13cf3.wav","mime":"audio\/x-wav","copyright":{"license":"U"}}]},"subContentId":"c8a5214a-6fde-484e-b009-56862aee1d68","metadata":{"contentType":"Curious Reader Audio","license":"U","title":"Untitled Curious Reader Audio"}},"backgroundOpacity":0,"willDoAnimation":false,"animationType":"glow","displayAsButton":false,"buttonSize":"big","goToSlideType":"specified","invisible":false},{"x":26.785714285714285,"y":10.071637279596978,"width":9.821428571428571,"height":21.914357682619645,"action":{"library":"H5P.Image 1.1","params":{"contentName":"Image"},"subContentId":"96fd05e5-6af3-4a7e-8e6e-b4e95bc7e561","metadata":{"contentType":"Image","license":"U","title":"Untitled Image"}},"backgroundOpacity":0,"willDoAnimation":true,"animationType":"glow","displayAsButton":false,"buttonSize":"big","goToSlideType":"specified","invisible":false,"id":"imgc8a5214a-6fde-484e-b009-56862aee1d68_1"},{"x":10.204081632653061,"y":62.95465994962217,"width":21.301020408163264,"height":29.471032745591938,"action":{"library":"H5P.Image 1.1","params":{"contentName":"Image"},"subContentId":"c5afee78-ab89-4017-93a4-ed5735934b1e","metadata":{"contentType":"Image","license":"U","title":"Untitled Image"}},"backgroundOpacity":0,"willDoAnimation":true,"animationType":"glow","displayAsButton":false,"buttonSize":"big","goToSlideType":"specified","invisible":false,"id":"imgc8a5214a-6fde-484e-b009-56862aee1d68_2"},{"x":11.479591836734695,"y":60.40604534005038,"width":20.025510204081634,"height":32.49370277078086,"action":{"library":"H5P.Image 1.1","params":{"contentName":"Image"},"subContentId":"a776f1f5-9e32-4a5d-809f-cbba07971118","metadata":{"contentType":"Image","license":"U","title":"Untitled Image"}},"backgroundOpacity":0,"willDoAnimation":true,"animationType":"glow","displayAsButton":false,"buttonSize":"big","goToSlideType":"specified","invisible":false,"id":"imgc8a5214a-6fde-484e-b009-56862aee1d68_5"},{"x":19.131632653061224,"y":80.58287153652392,"width":2.678571428571429,"height":7.304785894206549,"action":{"library":"H5P.Image 1.1","params":{"contentName":"Image"},"subContentId":"984c090c-c2ca-4704-99b5-ad259f11cb62","metadata":{"contentType":"Image","license":"U","title":"Untitled Image"}},"backgroundOpacity":0,"willDoAnimation":true,"animationType":"glow","displayAsButton":false,"buttonSize":"big","goToSlideType":"specified","invisible":false,"id":"imgc8a5214a-6fde-484e-b009-56862aee1d68_3"},{"x":22.95918367346939,"y":80.60453400503778,"width":3.443877551020408,"height":7.304785894206549,"action":{"library":"H5P.Image 1.1","params":{"contentName":"Image"},"subContentId":"11aa4dd4-9f2d-495d-ab7d-9b80582e9ac7","metadata":{"contentType":"Image","license":"U","title":"Untitled Image"}},"backgroundOpacity":0,"willDoAnimation":true,"animationType":"glow","displayAsButton":false,"buttonSize":"big","goToSlideType":"specified","invisible":false,"id":"imgc8a5214a-6fde-484e-b009-56862aee1d68_3"},{"x":11.479591836734695,"y":78.08564231738035,"width":3.443877551020408,"height":6.801007556675063,"action":{"library":"H5P.Image 1.1","params":{"contentName":"Image"},"subContentId":"a4fd07c5-f3f3-4053-87c7-d5e163d87219","metadata":{"contentType":"Image","license":"U","title":"Untitled Image"}},"backgroundOpacity":0,"willDoAnimation":true,"animationType":"glow","displayAsButton":false,"buttonSize":"big","goToSlideType":"specified","invisible":false,"id":"imgc8a5214a-6fde-484e-b009-56862aee1d68_3"}],"slideBackgroundSelector":{}},{"elements":[{"x":19.607843137254903,"y":4.301075268817204,"width":58.82352941176471,"height":58.924731182795696,"action":{"library":"H5P.Image 1.1","params":{"contentName":"Image","file":{"path":"images\/file-658df9b523787.jpg","mime":"image\/jpeg","copyright":{"license":"U"},"width":959,"height":516}},"subContentId":"f7739a39-8407-485f-b31a-0dbb71fac6b9","metadata":{"contentType":"Image","license":"U","title":"Untitled Image"}},"backgroundOpacity":0,"willDoAnimation":false,"animationType":"glow","displayAsButton":false,"buttonSize":"big","goToSlideType":"specified","invisible":false},{"x":6.535947712418301,"y":64.47913978494623,"width":82.78867102396515,"height":22.79569892473118,"action":{"library":"H5P.CRAdvancedText 1.1","params":{"text":"<p dir=\"ltr\" style=\"text-align: center;\"><span style=\"color:#ffffff;\"><span style=\"font-size:1.75em;\">Wabheka izinkanyezi futhi wajabula. Wajula echibini.<\/span><\/span><\/p>\n"},"subContentId":"d28a624a-4328-4a9d-93dc-d0b4add6e3bc","metadata":{"contentType":"Text","license":"U","title":"Untitled Text"}},"alwaysDisplayComments":false,"backgroundOpacity":0,"willDoAnimation":false,"animationType":"glow","displayAsButton":false,"buttonSize":"big","goToSlideType":"specified","invisible":false,"solution":""},{"x":47.00255102040816,"y":43.95465994962216,"width":40,"height":40,"action":{"library":"H5P.CRAudio 1.4","params":{"fitToWrapper":true,"currIndex":10,"playerMode":"minimalistic","controls":true,"autoplay":true,"playAudio":"Play audio","pauseAudio":"Pause audio","contentName":"Audio","glowColor":"#ffd85a","timeStampForEachText":[{"text":" Wabheka ","startDuration":"0.0000","endDuration":"1.1686","wordfile":[{"path":"audios\/wordfile-65bbc5d194c08.wav","mime":"audio\/x-wav","copyright":{"license":"U"}}]},{"text":" izinkanyezi ","startDuration":"1.1696","endDuration":"2.2447","wordfile":[{"path":"audios\/wordfile-65bbc619cf3c9.wav","mime":"audio\/x-wav","copyright":{"license":"U"}}]},{"text":" futhi ","startDuration":"2.2457","endDuration":"2.5137","wordfile":[{"path":"audios\/wordfile-65bbc642954fd.wav","mime":"audio\/x-wav","copyright":{"license":"U"}}]},{"text":" wajabula. ","startDuration":"2.5147","endDuration":"3.5728","wordfile":[{"path":"audios\/wordfile-65bbc657ee425.wav","mime":"audio\/x-wav","copyright":{"license":"U"}}]},{"text":" Wajula ","startDuration":"3.5738","endDuration":"5.1757","wordfile":[{"path":"audios\/wordfile-65bbc67bc92c4.wav","mime":"audio\/x-wav","copyright":{"license":"U"}}]},{"text":" echibini. ","startDuration":"5.1767","endDuration":"6.2008","wordfile":[{"path":"audios\/wordfile-65bbc69584c37.wav","mime":"audio\/x-wav","copyright":{"license":"U"}}]}],"files":[{"path":"audios\/files-65bbc5a3b6e92.wav","mime":"audio\/x-wav","copyright":{"license":"U"}}]},"subContentId":"a49b1947-6641-41b3-ae07-af0570431e89","metadata":{"contentType":"Curious Reader Audio","license":"U","title":"Untitled Curious Reader Audio"}},"backgroundOpacity":0,"willDoAnimation":false,"animationType":"glow","displayAsButton":false,"buttonSize":"big","goToSlideType":"specified","invisible":false},{"x":26.785714285714285,"y":5.0338539042821155,"width":17.474489795918366,"height":34.5088161209068,"action":{"library":"H5P.Image 1.1","params":{"contentName":"Image"},"subContentId":"d639d2ee-b93f-4825-8341-8f23cc378eb2","metadata":{"contentType":"Image","license":"U","title":"Untitled Image"}},"backgroundOpacity":0,"willDoAnimation":true,"animationType":"glow","displayAsButton":false,"buttonSize":"big","goToSlideType":"specified","invisible":false,"id":"imga49b1947-6641-41b3-ae07-af0570431e89_0"},{"x":48.46938775510204,"y":42.809319899244336,"width":12.372448979591837,"height":9.06801007556675,"action":{"library":"H5P.Image 1.1","params":{"contentName":"Image"},"subContentId":"f163f06c-7f9c-4b90-85f4-e1ef5465c3f2","metadata":{"contentType":"Image","license":"U","title":"Untitled Image"}},"backgroundOpacity":0,"willDoAnimation":true,"animationType":"glow","displayAsButton":false,"buttonSize":"big","goToSlideType":"specified","invisible":false,"id":"imga49b1947-6641-41b3-ae07-af0570431e89_1"},{"x":43.36734693877551,"y":27.660453400503776,"width":13.64795918367347,"height":11.838790931989925,"action":{"library":"H5P.Image 1.1","params":{"contentName":"Image"},"subContentId":"cf68fe8f-4fb4-435d-9b2b-3b636adf4aca","metadata":{"contentType":"Image","license":"U","title":"Untitled Image"}},"backgroundOpacity":0,"willDoAnimation":true,"animationType":"glow","displayAsButton":false,"buttonSize":"big","goToSlideType":"specified","invisible":false,"id":"imga49b1947-6641-41b3-ae07-af0570431e89_1"},{"x":67.60204081632652,"y":35.254659949622166,"width":9.821428571428571,"height":14.357682619647354,"action":{"library":"H5P.Image 1.1","params":{"contentName":"Image"},"subContentId":"ed0cf3d9-57fd-4272-8ef1-59c5929b4451","metadata":{"contentType":"Image","license":"U","title":"Untitled Image"}},"backgroundOpacity":0,"willDoAnimation":true,"animationType":"glow","displayAsButton":false,"buttonSize":"big","goToSlideType":"specified","invisible":false,"id":"imga49b1947-6641-41b3-ae07-af0570431e89_1"},{"x":31.887755102040817,"y":25.17317380352645,"width":49.36224489795919,"height":40.050377833753146,"action":{"library":"H5P.Image 1.1","params":{"contentName":"Image"},"subContentId":"5e311d90-abe3-4120-9a95-b680d470b24c","metadata":{"contentType":"Image","license":"U","title":"Untitled Image"}},"backgroundOpacity":0,"willDoAnimation":true,"animationType":"glow","displayAsButton":false,"buttonSize":"big","goToSlideType":"specified","invisible":false,"id":"imga49b1947-6641-41b3-ae07-af0570431e89_5"},{"x":33.16326530612245,"y":27.692191435768265,"width":13.64795918367347,"height":11.838790931989925,"action":{"library":"H5P.Image 1.1","params":{"contentName":"Image"},"subContentId":"362c1d82-40e2-4a2c-8b53-42de3ee63426","metadata":{"contentType":"Image","license":"U","title":"Untitled Image"}},"backgroundOpacity":0,"willDoAnimation":true,"animationType":"glow","displayAsButton":false,"buttonSize":"big","goToSlideType":"specified","invisible":false,"id":"imga49b1947-6641-41b3-ae07-af0570431e89_4"}],"slideBackgroundSelector":{}},{"elements":[{"x":19.607843137254903,"y":4.301075268817204,"width":57.734204793028326,"height":57.84946236559139,"action":{"library":"H5P.Image 1.1","params":{"contentName":"Image","file":{"path":"images\/file-658df9e59e470.jpg","mime":"image\/jpeg","copyright":{"license":"U"},"width":959,"height":516}},"subContentId":"4b63de7b-4032-4223-abc3-b2e3fdbde899","metadata":{"contentType":"Image","license":"U","title":"Untitled Image"}},"backgroundOpacity":0,"willDoAnimation":false,"animationType":"glow","displayAsButton":false,"buttonSize":"big","goToSlideType":"specified","invisible":false},{"x":4.357298474945534,"y":64.40516129032258,"width":94.77124183006536,"height":27.096774193548384,"action":{"library":"H5P.CRAdvancedText 1.1","params":{"text":"<p dir=\"ltr\" style=\"text-align: center;\"><span style=\"color:#ffffff;\"><span style=\"font-size:1.75em;\">Lapho esondela echibini, wabonakala esondela ezinkanyezini.&nbsp;<\/span><\/span><\/p>\n"},"subContentId":"938cd8ca-7d1c-462d-83de-86e4720ea428","metadata":{"contentType":"Text","license":"U","title":"Untitled Text"}},"alwaysDisplayComments":false,"backgroundOpacity":0,"willDoAnimation":false,"animationType":"glow","displayAsButton":false,"buttonSize":"big","goToSlideType":"specified","invisible":false,"solution":""},{"x":47.00255102040816,"y":43.95465994962216,"width":40,"height":40,"action":{"library":"H5P.CRAudio 1.4","params":{"fitToWrapper":true,"currIndex":11,"playerMode":"minimalistic","controls":true,"autoplay":true,"playAudio":"Play audio","pauseAudio":"Pause audio","contentName":"Audio","glowColor":"#ffd85a","timeStampForEachText":[{"text":" Lapho ","startDuration":"0.0000","endDuration":"0.9610","wordfile":[{"path":"audios\/wordfile-65bbc6d9bd79b.wav","mime":"audio\/x-wav","copyright":{"license":"U"}}]},{"text":" esondela ","startDuration":"0.9620","endDuration":"1.5957","wordfile":[{"path":"audios\/wordfile-65bbc6fb959ae.wav","mime":"audio\/x-wav","copyright":{"license":"U"}}]},{"text":" echibini, ","startDuration":"1.5967","endDuration":"2.3204","wordfile":[{"path":"audios\/wordfile-65bbc71909a52.wav","mime":"audio\/x-wav","copyright":{"license":"U"}}]},{"text":" wabonakala ","startDuration":"2.3214","endDuration":"3.2824","wordfile":[{"path":"audios\/wordfile-65bbc74c7dff2.wav","mime":"audio\/x-wav","copyright":{"license":"U"}}]},{"text":" esondela ","startDuration":"3.2834","endDuration":"4.0890","wordfile":[{"path":"audios\/wordfile-65bbc768ebbc1.wav","mime":"audio\/x-wav","copyright":{"license":"U"}}]},{"text":" ezinkanyezini.\u00a0 ","startDuration":"4.0900","endDuration":"5.5748","wordfile":[{"path":"audios\/wordfile-65bbc7846da9a.wav","mime":"audio\/x-wav","copyright":{"license":"U"}}]}],"files":[{"path":"audios\/files-65bbc6b747a0e.wav","mime":"audio\/x-wav","copyright":{"license":"U"}}]},"subContentId":"f53bbd24-8e66-4a53-97c7-50fca9ba0d98","metadata":{"contentType":"Curious Reader Audio","license":"U","title":"Untitled Curious Reader Audio"}},"backgroundOpacity":0,"willDoAnimation":false,"animationType":"glow","displayAsButton":false,"buttonSize":"big","goToSlideType":"specified","invisible":false},{"x":24.23469387755102,"y":20.139319899244335,"width":55.73979591836735,"height":45.088161209068005,"action":{"library":"H5P.Image 1.1","params":{"contentName":"Image"},"subContentId":"535e2781-5e4f-4686-83c3-644f0fb42fbc","metadata":{"contentType":"Image","license":"U","title":"Untitled Image"}},"backgroundOpacity":0,"willDoAnimation":true,"animationType":"glow","displayAsButton":false,"buttonSize":"big","goToSlideType":"specified","invisible":false,"id":"imgf53bbd24-8e66-4a53-97c7-50fca9ba0d98_2"},{"x":45.91836734693878,"y":27.707808564231737,"width":20.025510204081634,"height":19.395465994962215,"action":{"library":"H5P.Image 1.1","params":{"contentName":"Image"},"subContentId":"e844f9b0-da48-4c36-b24e-3ac0b722ea7e","metadata":{"contentType":"Image","license":"U","title":"Untitled Image"}},"backgroundOpacity":0,"willDoAnimation":true,"animationType":"glow","displayAsButton":false,"buttonSize":"big","goToSlideType":"specified","invisible":false,"id":"imgf53bbd24-8e66-4a53-97c7-50fca9ba0d98_5"},{"x":29.97448979591837,"y":47.84508816120906,"width":14.923469387755102,"height":14.105793450881611,"action":{"library":"H5P.Image 1.1","params":{"contentName":"Image"},"subContentId":"5311d6cd-12c4-4d57-a253-cc457f238802","metadata":{"contentType":"Image","license":"U","title":"Untitled Image"}},"backgroundOpacity":0,"willDoAnimation":true,"animationType":"glow","displayAsButton":false,"buttonSize":"big","goToSlideType":"specified","invisible":false,"id":"imgf53bbd24-8e66-4a53-97c7-50fca9ba0d98_5"}],"slideBackgroundSelector":{}},{"elements":[{"x":4.357298474945534,"y":2.150537634408602,"width":39.97821350762527,"height":96.77419354838709,"action":{"library":"H5P.Image 1.1","params":{"contentName":"Image","file":{"path":"images\/file-658dfa16bfa36.jpg","mime":"image\/jpeg","copyright":{"license":"U"},"width":639,"height":689}},"subContentId":"45f831c5-479e-4fcf-8193-f42bffe71c93","metadata":{"contentType":"Image","license":"U","title":"Untitled Image"}},"backgroundOpacity":0,"willDoAnimation":false,"animationType":"glow","displayAsButton":false,"buttonSize":"big","goToSlideType":"specified","invisible":false},{"x":43.36734693877551,"y":37.78337531486146,"width":46.81122448979592,"height":40.050377833753146,"action":{"library":"H5P.CRAdvancedText 1.1","params":{"text":"<p dir=\"ltr\" style=\"text-align: center;\"><span style=\"color:#ffffff;\"><span style=\"font-size:1.75em;\">Gxumu! Washaya phezu kwamanzi.&nbsp;<\/span><\/span><\/p>\n"},"subContentId":"23987a91-2386-41f5-9603-23b4b2db7efc","metadata":{"contentType":"Text","license":"U","title":"Untitled Text"}},"alwaysDisplayComments":false,"backgroundOpacity":0,"willDoAnimation":false,"animationType":"glow","displayAsButton":false,"buttonSize":"big","goToSlideType":"specified","invisible":false,"solution":""},{"x":47.00255102040816,"y":43.95465994962216,"width":40,"height":40,"action":{"library":"H5P.CRAudio 1.4","params":{"fitToWrapper":true,"currIndex":12,"playerMode":"minimalistic","controls":true,"autoplay":true,"playAudio":"Play audio","pauseAudio":"Pause audio","contentName":"Audio","glowColor":"#ffd85a","timeStampForEachText":[{"text":" Gxumu! ","startDuration":"0.0000","endDuration":"1.3602","wordfile":[{"path":"audios\/wordfile-65bbc7e6a62df.wav","mime":"audio\/x-wav","copyright":{"license":"U"}}]},{"text":" Washaya ","startDuration":"1.3612","endDuration":"2.2644","wordfile":[{"path":"audios\/wordfile-65bbc7fa71d8e.wav","mime":"audio\/x-wav","copyright":{"license":"U"}}]},{"text":" phezu ","startDuration":"2.2654","endDuration":"2.5056","wordfile":[{"path":"audios\/wordfile-65bbc813d0cfe.wav","mime":"audio\/x-wav","copyright":{"license":"U"}}]},{"text":" kwamanzi.\u00a0 ","startDuration":"2.5066","endDuration":"3.5253","wordfile":[{"path":"audios\/wordfile-65bbc82ad3b38.wav","mime":"audio\/x-wav","copyright":{"license":"U"}}]}],"files":[{"path":"audios\/files-65bbc7bba2950.wav","mime":"audio\/x-wav","copyright":{"license":"U"}}]},"subContentId":"80c5a95e-5514-4cd1-85c3-49f828643918","metadata":{"contentType":"Curious Reader Audio","license":"U","title":"Untitled Curious Reader Audio"}},"backgroundOpacity":0,"willDoAnimation":false,"animationType":"glow","displayAsButton":false,"buttonSize":"big","goToSlideType":"specified","invisible":false},{"x":19.131632653061224,"y":50.3639798488665,"width":17.474489795918366,"height":35.012594458438286,"action":{"library":"H5P.Image 1.1","params":{"contentName":"Image"},"subContentId":"a61350cf-6a69-459c-ab2d-b934de816efa","metadata":{"contentType":"Image","license":"U","title":"Untitled Image"}},"backgroundOpacity":0,"willDoAnimation":true,"animationType":"glow","displayAsButton":false,"buttonSize":"big","goToSlideType":"specified","invisible":false,"id":"img80c5a95e-5514-4cd1-85c3-49f828643918_1"},{"x":7.653061224489796,"y":70.4896725440806,"width":36.60714285714286,"height":28.71536523929471,"action":{"library":"H5P.Image 1.1","params":{"contentName":"Image"},"subContentId":"09125548-4979-49ef-91a0-e85aed5d8b26","metadata":{"contentType":"Image","license":"U","title":"Untitled Image"}},"backgroundOpacity":0,"willDoAnimation":true,"animationType":"glow","displayAsButton":false,"buttonSize":"big","goToSlideType":"specified","invisible":false,"id":"img80c5a95e-5514-4cd1-85c3-49f828643918_3"}],"slideBackgroundSelector":{}},{"elements":[{"x":45.91836734693878,"y":37.76372795969773,"width":50.255102040816325,"height":40.050377833753146,"action":{"library":"H5P.CRAdvancedText 1.1","params":{"text":"<p dir=\"ltr\" style=\"text-align: center;\"><span style=\"color:#ffffff;\"><span style=\"font-size:1.75em;\">Waphuma wahlala ebhange.&nbsp;<\/span><\/span><\/p>\n"},"subContentId":"c1ae146a-3e03-40a6-8410-8a01609b2008","metadata":{"contentType":"Text","license":"U","title":"Untitled Text"}},"alwaysDisplayComments":false,"backgroundOpacity":0,"willDoAnimation":false,"animationType":"glow","displayAsButton":false,"buttonSize":"big","goToSlideType":"specified","invisible":false,"solution":""},{"x":5.446623093681917,"y":2.150537634408602,"width":39.97821350762527,"height":95.69892473118279,"action":{"library":"H5P.Image 1.1","params":{"contentName":"Image","file":{"path":"images\/file-658dfa677daf7.jpg","mime":"image\/jpeg","copyright":{"license":"U"},"width":639,"height":689}},"subContentId":"153cc5c2-7024-48fd-acf8-1bf59fd78f97","metadata":{"contentType":"Image","license":"U","title":"Untitled Image"}},"backgroundOpacity":0,"willDoAnimation":false,"animationType":"glow","displayAsButton":false,"buttonSize":"big","goToSlideType":"specified","invisible":false},{"x":47.00255102040816,"y":43.95465994962216,"width":40,"height":40,"action":{"library":"H5P.CRAudio 1.4","params":{"fitToWrapper":true,"currIndex":13,"playerMode":"minimalistic","controls":true,"autoplay":true,"playAudio":"Play audio","pauseAudio":"Pause audio","contentName":"Audio","glowColor":"#ffd85a","timeStampForEachText":[{"text":" Waphuma ","startDuration":"0.0000","endDuration":"1.5133","wordfile":[{"path":"audios\/wordfile-65bbc85b740bf.wav","mime":"audio\/x-wav","copyright":{"license":"U"}}]},{"text":" wahlala ","startDuration":"1.5143","endDuration":"2.2301","wordfile":[{"path":"audios\/wordfile-65bbc8738a886.wav","mime":"audio\/x-wav","copyright":{"license":"U"}}]},{"text":" ebhange.\u00a0 ","startDuration":"2.2311","endDuration":"3.0986","wordfile":[{"path":"audios\/wordfile-65bbc885a6996.wav","mime":"audio\/x-wav","copyright":{"license":"U"}}]}],"files":[{"path":"audios\/files-65bbc83f63a24.wav","mime":"audio\/x-wav","copyright":{"license":"U"}}]},"subContentId":"d730b8c6-4a3e-4059-afd8-2dd68d307e6a","metadata":{"contentType":"Curious Reader Audio","license":"U","title":"Untitled Curious Reader Audio"}},"backgroundOpacity":0,"willDoAnimation":false,"animationType":"glow","displayAsButton":false,"buttonSize":"big","goToSlideType":"specified","invisible":false},{"x":22.95918367346939,"y":52.86926952141058,"width":21.301020408163264,"height":40.050377833753146,"action":{"library":"H5P.Image 1.1","params":{"contentName":"Image"},"subContentId":"6c85d83a-e5b8-45e3-8d06-0d65d4c16da0","metadata":{"contentType":"Image","license":"U","title":"Untitled Image"}},"backgroundOpacity":0,"willDoAnimation":true,"animationType":"glow","displayAsButton":false,"buttonSize":"big","goToSlideType":"specified","invisible":false,"id":"imgd730b8c6-4a3e-4059-afd8-2dd68d307e6a_0"}],"slideBackgroundSelector":{}},{"elements":[{"x":21.78649237472767,"y":4.301075268817204,"width":52.287581699346404,"height":52.258064516129025,"action":{"library":"H5P.Image 1.1","params":{"contentName":"Image","file":{"path":"images\/file-658dfa9da35ef.jpg","mime":"image\/jpeg","copyright":{"license":"U"},"width":959,"height":516}},"subContentId":"064c8aee-6249-459b-af22-4d0268e8fbfb","metadata":{"contentType":"Image","license":"U","title":"Untitled Image"}},"backgroundOpacity":0,"willDoAnimation":false,"animationType":"glow","displayAsButton":false,"buttonSize":"big","goToSlideType":"specified","invisible":false},{"x":10.204081632653061,"y":62.97229219143576,"width":74.07407407407408,"height":24.731182795698924,"action":{"library":"H5P.CRAdvancedText 1.1","params":{"text":"<p dir=\"ltr\" style=\"text-align: center;\"><span style=\"color:#ffffff;\"><span style=\"font-size:1.75em;\">Wahlala wabuka izinkanyezi ziqhakaza echibini.<\/span><\/span><\/p>\n"},"subContentId":"2e863425-af71-4955-9a7d-72ad90676fe4","metadata":{"contentType":"Text","license":"U","title":"Untitled Text"}},"alwaysDisplayComments":false,"backgroundOpacity":0,"willDoAnimation":false,"animationType":"glow","displayAsButton":false,"buttonSize":"big","goToSlideType":"specified","invisible":false,"solution":""},{"x":21.683673469387756,"y":5.035818639798489,"width":5.994897959183674,"height":9.319899244332493,"action":{"library":"H5P.Image 1.1","params":{"contentName":"Image"},"subContentId":"fc272a8c-3d2a-4223-85de-cff15ee24e5a","metadata":{"contentType":"Image","license":"U","title":"Untitled Image"}},"backgroundOpacity":0,"willDoAnimation":true,"animationType":"glow","displayAsButton":false,"buttonSize":"big","goToSlideType":"specified","invisible":false,"id":"imge0a68edd-851f-4938-ab55-de23e40c5421_5"},{"x":47.00255102040816,"y":43.95465994962216,"width":40,"height":40,"action":{"library":"H5P.CRAudio 1.4","params":{"fitToWrapper":true,"currIndex":14,"playerMode":"minimalistic","controls":true,"autoplay":true,"playAudio":"Play audio","pauseAudio":"Pause audio","contentName":"Audio","glowColor":"#ffd85a","timeStampForEachText":[{"text":" Wahlala ","startDuration":"0.0000","endDuration":"1.1116","wordfile":[{"path":"audios\/wordfile-65bbc8c15de62.wav","mime":"audio\/x-wav","copyright":{"license":"U"}}]},{"text":" wabuka ","startDuration":"1.1126","endDuration":"1.6124","wordfile":[{"path":"audios\/wordfile-65bbc8ea1ce30.wav","mime":"audio\/x-wav","copyright":{"license":"U"}}]},{"text":" izinkanyezi ","startDuration":"1.6134","endDuration":"2.5659","wordfile":[{"path":"audios\/wordfile-65bbc901abab6.wav","mime":"audio\/x-wav","copyright":{"license":"U"}}]},{"text":" ziqhakaza ","startDuration":"2.5669","endDuration":"3.5255","wordfile":[{"path":"audios\/wordfile-65bbc91e8f8e0.wav","mime":"audio\/x-wav","copyright":{"license":"U"}}]},{"text":" echibini. ","startDuration":"3.5265","endDuration":"4.5395","wordfile":[{"path":"audios\/wordfile-65bbc92ebe80e.wav","mime":"audio\/x-wav","copyright":{"license":"U"}}]}],"files":[{"path":"audios\/files-65bbc89c78f10.wav","mime":"audio\/x-wav","copyright":{"license":"U"}}]},"subContentId":"7bfb1f27-178e-4b86-a780-607b5dc14358","metadata":{"contentType":"Curious Reader Audio","license":"U","title":"Untitled Curious Reader Audio"}},"backgroundOpacity":0,"willDoAnimation":false,"animationType":"glow","displayAsButton":false,"buttonSize":"big","goToSlideType":"specified","invisible":false},{"x":21.683673469387756,"y":20.133425692695216,"width":20.025510204081634,"height":31.989924433249367,"action":{"library":"H5P.Image 1.1","params":{"contentName":"Image"},"subContentId":"604f47bd-2989-4d05-9b3e-78d1f7fb7a7d","metadata":{"contentType":"Image","license":"U","title":"Untitled Image"}},"backgroundOpacity":0,"willDoAnimation":true,"animationType":"glow","displayAsButton":false,"buttonSize":"big","goToSlideType":"specified","invisible":false,"id":"img7bfb1f27-178e-4b86-a780-607b5dc14358_0"},{"x":40.816326530612244,"y":37.76372795969773,"width":5.994897959183674,"height":11.838790931989925,"action":{"library":"H5P.Image 1.1","params":{"contentName":"Image"},"subContentId":"3bccb6b7-55c5-4cbc-a9f8-bae223955236","metadata":{"contentType":"Image","license":"U","title":"Untitled Image"}},"backgroundOpacity":0,"willDoAnimation":true,"animationType":"glow","displayAsButton":false,"buttonSize":"big","goToSlideType":"specified","invisible":false,"id":"img7bfb1f27-178e-4b86-a780-607b5dc14358_2"},{"x":45.91836734693878,"y":42.809319899244336,"width":3.443877551020408,"height":14.105793450881611,"action":{"library":"H5P.Image 1.1","params":{"contentName":"Image"},"subContentId":"a7a43b56-a3a2-4cf9-821f-7fa34e27e480","metadata":{"contentType":"Image","license":"U","title":"Untitled Image"}},"backgroundOpacity":0,"willDoAnimation":true,"animationType":"glow","displayAsButton":false,"buttonSize":"big","goToSlideType":"specified","invisible":false,"id":"img7bfb1f27-178e-4b86-a780-607b5dc14358_2"},{"x":34.43775510204082,"y":33.73551637279597,"width":20.025510204081634,"height":23.425692695214103,"action":{"library":"H5P.Image 1.1","params":{"contentName":"Image"},"subContentId":"bf5b2ef2-e899-4df4-855c-3f28f53d4f94","metadata":{"contentType":"Image","license":"U","title":"Untitled Image"}},"backgroundOpacity":0,"willDoAnimation":true,"animationType":"glow","displayAsButton":false,"buttonSize":"big","goToSlideType":"specified","invisible":false,"id":"img7bfb1f27-178e-4b86-a780-607b5dc14358_4"}],"slideBackgroundSelector":{}},{"elements":[{"x":63.18082788671024,"y":6.451612903225806,"width":34.85838779956427,"height":12.903225806451612,"action":{"library":"H5P.Image 1.1","params":{"contentName":"Image","file":{"path":"images\/file-658dfacb8bd23.jpg","mime":"image\/jpeg","copyright":{"license":"U"},"width":1024,"height":209}},"subContentId":"1642e778-36e9-4626-864e-b6adb61c046a","metadata":{"contentType":"Image","license":"U","title":"Untitled Image"}},"backgroundOpacity":0,"willDoAnimation":false,"animationType":"glow","displayAsButton":false,"buttonSize":"big","goToSlideType":"specified","invisible":false},{"x":4.357298474945534,"y":4.29436559139785,"width":21.459694989106755,"height":21.50537634408602,"action":{"library":"H5P.Image 1.1","params":{"contentName":"Image","file":{"path":"images\/file-658dfaf2aec33.png","mime":"image\/png","copyright":{"license":"U"},"width":1350,"height":487}},"subContentId":"fab38cf1-2f0d-4b91-847b-42095340d251","metadata":{"contentType":"Image","license":"U","title":"Untitled Image"}},"backgroundOpacity":0,"willDoAnimation":false,"animationType":"glow","displayAsButton":false,"buttonSize":"big","goToSlideType":"specified","invisible":false},{"x":32.6797385620915,"y":4.301075268817204,"width":21.78649237472767,"height":21.93548387096774,"action":{"library":"H5P.Image 1.1","params":{"contentName":"Image","file":{"path":"images\/file-658dfb05d6fea.png","mime":"image\/png","copyright":{"license":"U"},"width":814,"height":202}},"subContentId":"e9a0108c-5391-4b14-99b9-353a11eb742a","metadata":{"contentType":"Image","license":"U","title":"Untitled Image"}},"backgroundOpacity":0,"willDoAnimation":false,"animationType":"glow","displayAsButton":false,"buttonSize":"big","goToSlideType":"specified","invisible":false},{"x":2.178649237472767,"y":29.892691302981916,"width":94.77124183006536,"height":70.10752688172043,"action":{"library":"H5P.CRAdvancedText 1.1","params":{"text":"<h3 style=\"text-align: center;\">\u201cIsifiso Sexoxo senkanyezi\u201d credits<\/h3>\n\n<h3 style=\"text-align: center;\">This work, \u201cIsifiso Sexoxo senkanyezi\u201d&nbsp;is a derivative of Frog's Starry Wish is translated by Alisha Berger. The \u00a9 for this translation lies with Room to Read, 2016. Based on Original story: by Sheesh Pal. \u00a9 Room to Read , 2016. Some rights reserved.<\/h3>\n\n<h3 style=\"text-align: center;\">\u201cIsifiso Sexoxo senkanyezi\u201d is licensed under CC BY 4.0 by Curious Learning.<\/h3>\n\n<p>&nbsp;<\/p>\n\n<h3 style=\"text-align: center;\">Book builder - Abraham Jerry Kakooza<\/h3>\n"},"subContentId":"fe4eabae-9a87-48ff-96de-a799edcab0c4","metadata":{"contentType":"Text","license":"U","title":"Untitled Text"}},"alwaysDisplayComments":false,"backgroundOpacity":0,"willDoAnimation":false,"animationType":"glow","displayAsButton":false,"buttonSize":"big","goToSlideType":"specified","invisible":false,"solution":""}],"slideBackgroundSelector":{}}],"keywordListEnabled":true,"globalBackgroundSelector":{},"keywordListAlwaysShow":false,"keywordListAutoHide":false,"keywordListOpacity":90},"override":{"activeSurface":false,"hideSummarySlide":false,"summarySlideSolutionButton":true,"summarySlideRetryButton":true,"enablePrintButton":false,"social":{"showFacebookShare":false,"facebookShare":{"url":"@currentpageurl","quote":"I scored @score out of @maxScore on a task at @currentpageurl."},"showTwitterShare":false,"twitterShare":{"statement":"I scored @score out of @maxScore on a task at @currentpageurl.","url":"@currentpageurl","hashtags":"h5p, course"},"showGoogleShare":false,"googleShareUrl":"@currentpageurl"}},"l10n":{"slide":"Slide","score":"Score","yourScore":"Your Score","maxScore":"Max Score","total":"Total","totalScore":"Total Score","showSolutions":"Show solutions","retry":"Retry","exportAnswers":"Export text","hideKeywords":"Hide sidebar navigation menu","showKeywords":"Show sidebar navigation menu","fullscreen":"Fullscreen","exitFullscreen":"Exit fullscreen","prevSlide":"Previous slide","nextSlide":"Next slide","currentSlide":"Current slide","lastSlide":"Last slide","solutionModeTitle":"Exit solution mode","solutionModeText":"Solution Mode","summaryMultipleTaskText":"Multiple tasks","scoreMessage":"You achieved:","shareFacebook":"Share on Facebook","shareTwitter":"Share on Twitter","shareGoogle":"Share on Google+","summary":"Summary","solutionsButtonTitle":"Show comments","printTitle":"Print","printIngress":"How would you like to print this presentation?","printAllSlides":"Print all slides","printCurrentSlide":"Print current slide","noTitle":"No title","accessibilitySlideNavigationExplanation":"Use left and right arrow to change slide in that direction whenever canvas is selected.","accessibilityCanvasLabel":"Presentation canvas. Use left and right arrow to move between slides.","containsNotCompleted":"@slideName contains not completed interaction","containsCompleted":"@slideName contains completed interaction","slideCount":"Slide @index of @total","containsOnlyCorrect":"@slideName only has correct answers","containsIncorrectAnswers":"@slideName has incorrect answers","shareResult":"Share Result","accessibilityTotalScore":"You got @score of @maxScore points in total","accessibilityEnteredFullscreen":"Entered fullscreen","accessibilityExitedFullscreen":"Exited fullscreen"}}