{"presentation":{"slides":[{"elements":[{"x":4.934210526315789,"y":6.491136871653584,"width":92.49424342105263,"height":87.71832926131934,"action":{"library":"H5P.Image 1.1","params":{"contentName":"Image","file":{"path":"images\/file-670e0d1f34d2c.gif","mime":"image\/gif","copyright":{"license":"U"},"width":1920,"height":1080}},"subContentId":"48e7008d-397a-441e-8acc-6873d304e3d9","metadata":{"contentType":"Image","license":"U","title":"Untitled Image"}},"backgroundOpacity":0,"willDoAnimation":false,"animationType":"glow","displayAsButton":false,"buttonSize":"big","goToSlideType":"specified","invisible":false},{"x":42.76315789473684,"y":81.22368352653741,"width":31.248355263157897,"height":12.992410459011282,"action":{"library":"H5P.CRAdvancedText 1.1","params":{"text":"<p><span style=\"font-size:1.5em;color:hsl(0, 0%, 100%);\"><strong>\u12ed\u1260\u122d\u122d \u12a3\u1208\u12a9<\/strong><\/span><\/p>"},"subContentId":"7bde8f14-14ee-4c34-bb4f-45ddc4804895","metadata":{"contentType":"Text","license":"U","title":"Untitled Text"}},"alwaysDisplayComments":false,"backgroundOpacity":0,"willDoAnimation":false,"animationType":"glow","displayAsButton":false,"buttonSize":"big","goToSlideType":"specified","invisible":false,"solution":""}],"slideBackgroundSelector":{}},{"elements":[{"x":3.289473684210526,"y":6.497894682122992,"width":95.39309210526316,"height":89.28172272183814,"action":{"library":"H5P.Image 1.1","params":{"contentName":"Image","file":{"path":"images\/file-670e0d32e233d.gif","mime":"image\/gif","copyright":{"license":"U"},"width":1920,"height":1080}},"subContentId":"c74b2a51-1c9d-48d1-8ac9-bf3dcd6fcad6","metadata":{"contentType":"Image","license":"U","title":"Untitled Image"}},"backgroundOpacity":0,"willDoAnimation":false,"animationType":"glow","displayAsButton":false,"buttonSize":"big","goToSlideType":"specified","invisible":false},{"x":4.934210526315789,"y":83.8228413993866,"width":95.0606907894737,"height":16.24135780007278,"action":{"library":"H5P.CRAdvancedText 1.1","params":{"text":"<p><span style=\"font-size:1.5em;color:hsl(0,0%,100%);\"><strong>\u1213\u1295\u1272 \u1265\u1240\u1228\u1263 \u12dd\u1270\u132b\u1328\u1210\u1275 \u132b\u1252\u1275 \u12d2\u134d \u12a3\u1265 \u130e\u1292 \u12a3\u12f2\u12a3 \u12ae\u134d \u12a2\u120b \u12a0\u120b\u1361\u1361<\/strong><\/span><\/p>"},"subContentId":"72aa8316-b303-46d4-9c20-ecb325e54261","metadata":{"contentType":"Text","license":"U","title":"Untitled Text"}},"alwaysDisplayComments":false,"backgroundOpacity":0,"willDoAnimation":false,"animationType":"glow","displayAsButton":false,"buttonSize":"big","goToSlideType":"specified","invisible":false,"solution":""},{"x":47.00006578947369,"y":44.0012898320944,"width":40,"height":40,"action":{"library":"H5P.CRAudio 1.4","params":{"fitToWrapper":true,"currIndex":1,"playerMode":"minimalistic","controls":true,"autoplay":true,"playAudio":"Play audio","pauseAudio":"Pause audio","contentName":"Audio","glowColor":"#ffd85a","timeStampForEachText":[{"text":" \u1213\u1295\u1272 ","startDuration":"0.0000","endDuration":"0.7277","wordfile":[{"path":"audios\/wordfile-66f6eb7638df9.wav","mime":"audio\/x-wav","copyright":{"license":"U"}}]},{"text":" \u1265\u1240\u1228\u1263 ","startDuration":"0.6929","endDuration":"1.2507","wordfile":[{"path":"audios\/wordfile-66f6eba30fec0.wav","mime":"audio\/x-wav","copyright":{"license":"U"}}]},{"text":" \u12dd\u1270\u132b\u1328\u1210\u1275 ","startDuration":"1.2517","endDuration":"2.3014","wordfile":[{"path":"audios\/wordfile-66f6ebbc8d096.wav","mime":"audio\/x-wav","copyright":{"license":"U"}}]},{"text":" \u132b\u1252\u1275 ","startDuration":"2.2040","endDuration":"2.6455","wordfile":[{"path":"audios\/wordfile-66f6ebe090449.wav","mime":"audio\/x-wav","copyright":{"license":"U"}}]},{"text":" \u12d2\u134d ","startDuration":"2.6465","endDuration":"3.2311","wordfile":[{"path":"audios\/wordfile-66f6ec1f4fdde.wav","mime":"audio\/x-wav","copyright":{"license":"U"}}]},{"text":" \u12a3\u1265 ","startDuration":"3.2321","endDuration":"3.4589","wordfile":[{"path":"audios\/wordfile-66f6ec4939d83.wav","mime":"audio\/x-wav","copyright":{"license":"U"}}]},{"text":" \u130e\u1292 ","startDuration":"3.4599","endDuration":"3.8030","wordfile":[{"path":"audios\/wordfile-66f6ec66c9c88.wav","mime":"audio\/x-wav","copyright":{"license":"U"}}]},{"text":" \u12a3\u12f2\u12a3 ","startDuration":"3.8040","endDuration":"4.1650","wordfile":[{"path":"audios\/wordfile-66f6ec8b8d193.wav","mime":"audio\/x-wav","copyright":{"license":"U"}}]},{"text":" \u12ae\u134d ","startDuration":"4.1660","endDuration":"4.4018","wordfile":[{"path":"audios\/wordfile-66f6ecaa20ee3.wav","mime":"audio\/x-wav","copyright":{"license":"U"}}]},{"text":" \u12a2\u120b ","startDuration":"4.4117","endDuration":"4.6779","wordfile":[{"path":"audios\/wordfile-66f6ecfe7bd26.wav","mime":"audio\/x-wav","copyright":{"license":"U"}}]},{"text":" \u12a0\u120b\u1361\u1361 ","startDuration":"4.6789","endDuration":"5.0714","wordfile":[{"path":"audios\/wordfile-66f6ed12ecc68.wav","mime":"audio\/x-wav","copyright":{"license":"U"}}]}],"files":[{"path":"audios\/files-66f6eb50a4d80.wav","mime":"audio\/x-wav","copyright":{"license":"U"}}]},"subContentId":"23719a82-a832-4ecc-893c-3dd64721ee0d","metadata":{"contentType":"Curious Reader Audio","license":"U","title":"Untitled Curious Reader Audio"}},"backgroundOpacity":0,"willDoAnimation":false,"animationType":"glow","displayAsButton":false,"buttonSize":"big","goToSlideType":"specified","invisible":false},{"x":34.85838779956427,"y":32.27652807842766,"width":17.82319078947368,"height":31.93445573634143,"action":{"library":"H5P.Image 1.1","params":{"contentName":"Image"},"subContentId":"632c7d9b-c9e3-4268-81c9-749f63d96fc0","metadata":{"contentType":"Image","license":"U","title":"Untitled Image"}},"backgroundOpacity":0,"willDoAnimation":true,"animationType":"glow","displayAsButton":false,"buttonSize":"big","goToSlideType":"specified","invisible":false,"id":"img23719a82-a832-4ecc-893c-3dd64721ee0d_4"}],"slideBackgroundSelector":{}},{"elements":[{"x":3.289473684210526,"y":6.497894682122992,"width":94.07894736842105,"height":90.9090909090909,"action":{"library":"H5P.Image 1.1","params":{"contentName":"Image","file":{"path":"images\/file-670e0d5806742.gif","mime":"image\/gif","copyright":{"license":"U"},"width":1920,"height":1080}},"subContentId":"7d33083f-b1f6-42d6-ac86-6c3264c73d20","metadata":{"contentType":"Image","license":"U","title":"Untitled Image"}},"backgroundOpacity":0,"willDoAnimation":false,"animationType":"glow","displayAsButton":false,"buttonSize":"big","goToSlideType":"specified","invisible":false,"id":"imgdf76b2b4-642b-4427-b64b-186f7ef032f9_2"},{"x":32.89473684210527,"y":84.45898528876646,"width":39.99967105263158,"height":9.743463117949785,"action":{"library":"H5P.CRAdvancedText 1.1","params":{"text":"<p><span style=\"font-size:1.5em;color:hsl(0, 0%, 100%);\"><strong>&nbsp;\u12a3\u12f0\u12ed \u12ad\u1260\u122d\u122d \u12a2\u12e8 \u12dd\u12f0\u120a\u1361\u1361&nbsp;<\/strong><\/span><span style=\"color:#000000;\"><strong>&nbsp;<\/strong><\/span><\/p>"},"subContentId":"302bf2a2-d1d6-40e1-83ab-0ac9646d70a1","metadata":{"contentType":"Text","license":"U","title":"Untitled Text"}},"alwaysDisplayComments":false,"backgroundOpacity":0,"willDoAnimation":false,"animationType":"glow","displayAsButton":false,"buttonSize":"big","goToSlideType":"specified","invisible":false,"solution":""},{"x":47.00006578947369,"y":44.0012898320944,"width":40,"height":40,"action":{"library":"H5P.CRAudio 1.4","params":{"fitToWrapper":true,"currIndex":2,"playerMode":"minimalistic","controls":true,"autoplay":true,"playAudio":"Play audio","pauseAudio":"Pause audio","contentName":"Audio","glowColor":"#ffd85a","timeStampForEachText":[{"text":" \u00a0\u12a3\u12f0\u12ed ","startDuration":"0.0000","endDuration":"0.7419","wordfile":[{"path":"audios\/wordfile-66f6efb51d967.wav","mime":"audio\/x-wav","copyright":{"license":"U"}}]},{"text":" \u12ad\u1260\u122d\u122d ","startDuration":"0.7136","endDuration":"1.1809","wordfile":[{"path":"audios\/wordfile-66f6efe88e2a2.wav","mime":"audio\/x-wav","copyright":{"license":"U"}}]},{"text":" \u12a2\u12e8 ","startDuration":"1.2222","endDuration":"1.3965","wordfile":[{"path":"audios\/wordfile-66f6f0278e9bd.wav","mime":"audio\/x-wav","copyright":{"license":"U"}}]},{"text":" \u12dd\u12f0\u120a\u1361\u1361\u00a0\u00a0 ","startDuration":"1.3975","endDuration":"2.0759","wordfile":[{"path":"audios\/wordfile-66f6f03feb9e5.wav","mime":"audio\/x-wav","copyright":{"license":"U"}}]}],"files":[{"path":"audios\/files-66f6ef945ce05.wav","mime":"audio\/x-wav","copyright":{"license":"U"}}]},"subContentId":"c10d9a27-15e8-474f-bce7-d0051b20c785","metadata":{"contentType":"Curious Reader Audio","license":"U","title":"Untitled Curious Reader Audio"}},"backgroundOpacity":0,"willDoAnimation":false,"animationType":"glow","displayAsButton":false,"buttonSize":"big","goToSlideType":"specified","invisible":false},{"x":44.66230936819172,"y":25.821222462742128,"width":19.077302631578945,"height":37.684540208972294,"action":{"library":"H5P.Image 1.1","params":{"contentName":"Image"},"subContentId":"5fa879d7-cf77-4be8-ab10-222bdccadbbf","metadata":{"contentType":"Image","license":"U","title":"Untitled Image"}},"backgroundOpacity":0,"willDoAnimation":true,"animationType":"glow","displayAsButton":false,"buttonSize":"big","goToSlideType":"specified","invisible":false,"id":"imgc10d9a27-15e8-474f-bce7-d0051b20c785_0"}],"slideBackgroundSelector":{}},{"elements":[{"x":3.289473684210526,"y":6.497894682122992,"width":94.07894736842105,"height":90.9090909090909,"action":{"library":"H5P.Image 1.1","params":{"contentName":"Image","file":{"path":"images\/file-670e0d813f4e1.gif","mime":"image\/gif","copyright":{"license":"U"},"width":1920,"height":1080}},"subContentId":"7d33083f-b1f6-42d6-ac86-6c3264c73d20","metadata":{"contentType":"Image","license":"U","title":"Untitled Image"}},"backgroundOpacity":0,"willDoAnimation":false,"animationType":"glow","displayAsButton":false,"buttonSize":"big","goToSlideType":"specified","invisible":false,"id":"imgdf76b2b4-642b-4427-b64b-186f7ef032f9_2"},{"x":34.53947368421053,"y":84.47263086759891,"width":39.99967105263158,"height":12.992410459011282,"action":{"library":"H5P.CRAdvancedText 1.1","params":{"text":"<p><span style=\"font-size:1.5em;color:hsl(0, 0%, 100%);\"><strong>\u1275\u12bd\u12a5\u120a \u12a2\u12ba \u12db\u1313\u1208\u12ed! \u1265\u1228\u122a!<\/strong><\/span><\/p><p><br>&nbsp;<\/p>"},"subContentId":"9d1e49e4-90cd-4497-af6a-0cd050e1244b","metadata":{"contentType":"Text","license":"U","title":"Untitled Text"}},"alwaysDisplayComments":false,"backgroundOpacity":0,"willDoAnimation":false,"animationType":"glow","displayAsButton":false,"buttonSize":"big","goToSlideType":"specified","invisible":false,"solution":""},{"x":47.00006578947369,"y":44.0012898320944,"width":40,"height":40,"action":{"library":"H5P.CRAudio 1.4","params":{"fitToWrapper":true,"currIndex":3,"playerMode":"minimalistic","controls":true,"autoplay":true,"playAudio":"Play audio","pauseAudio":"Pause audio","contentName":"Audio","glowColor":"#ffd85a","timeStampForEachText":[{"text":" \u1275\u12bd\u12a5\u120a ","startDuration":"0.0000","endDuration":"0.4031","wordfile":[{"path":"audios\/wordfile-66f6f24c3571d.wav","mime":"audio\/x-wav","copyright":{"license":"U"}}]},{"text":" \u12a2\u12ba ","startDuration":"0.4041","endDuration":"0.5838","wordfile":[{"path":"audios\/wordfile-66f6f2a53954f.wav","mime":"audio\/x-wav","copyright":{"license":"U"}}]},{"text":" \u12db\u1313\u1208\u12ed! ","startDuration":"0.5848","endDuration":"1.2182","wordfile":[{"path":"audios\/wordfile-66f6f2bf64025.wav","mime":"audio\/x-wav","copyright":{"license":"U"}}]},{"text":" \u1265\u1228\u122a! ","startDuration":"1.2192","endDuration":"1.9196","wordfile":[{"path":"audios\/wordfile-66f6f2d3a17f4.wav","mime":"audio\/x-wav","copyright":{"license":"U"}}]}],"files":[{"path":"audios\/files-66f6f22e17cd0.wav","mime":"audio\/x-wav","copyright":{"license":"U"}}]},"subContentId":"5f1f5663-eb6b-4b3b-9178-aee339425261","metadata":{"contentType":"Curious Reader Audio","license":"U","title":"Untitled Curious Reader Audio"}},"backgroundOpacity":0,"willDoAnimation":false,"animationType":"glow","displayAsButton":false,"buttonSize":"big","goToSlideType":"specified","invisible":false}],"slideBackgroundSelector":{}},{"slideBackgroundSelector":{},"elements":[{"x":3.289473684210526,"y":6.497894682122992,"width":93.75,"height":88.31168831168831,"action":{"library":"H5P.Image 1.1","params":{"contentName":"Image","file":{"path":"images\/file-670e0d96e8227.gif","mime":"image\/gif","copyright":{"license":"U"},"width":1920,"height":1080}},"subContentId":"e8dc53c2-d105-4df2-a5b7-a1701c7e5cc0","metadata":{"contentType":"Image","license":"U","title":"Untitled Image"}},"backgroundOpacity":0,"willDoAnimation":false,"animationType":"glow","displayAsButton":false,"buttonSize":"big","goToSlideType":"specified","invisible":false},{"x":16.44736842105263,"y":81.22368352653741,"width":77.69161184210526,"height":12.992410459011282,"action":{"library":"H5P.CRAdvancedText 1.1","params":{"text":"<p><span style=\"font-size:1.5em;color:hsl(0, 0%, 100%);\"><strong>\u12ed\u1260\u122d\u122d \u12a3\u1208\u12b9! \u12a3\u12ed\u12ae\u1290\u1295! \u1275\u12c8\u12f5\u1252 \u12a2\u12aa \u12d8\u1208\u12ba! \u1260\u1208\u1275 \u1200\u1218\u121b<\/strong><\/span><\/p>"},"subContentId":"e4b6a998-9dc9-4964-bf16-728644da96ff","metadata":{"contentType":"Text","license":"U","title":"Untitled Text"}},"alwaysDisplayComments":false,"backgroundOpacity":0,"willDoAnimation":false,"animationType":"glow","displayAsButton":false,"buttonSize":"big","goToSlideType":"specified","invisible":false,"solution":""},{"x":47.00006578947369,"y":44.0012898320944,"width":40,"height":40,"action":{"library":"H5P.CRAudio 1.4","params":{"fitToWrapper":true,"currIndex":4,"playerMode":"minimalistic","controls":true,"autoplay":true,"playAudio":"Play audio","pauseAudio":"Pause audio","contentName":"Audio","glowColor":"#ffd85a","timeStampForEachText":[{"text":" \u12ed\u1260\u122d\u122d ","startDuration":"0.0000","endDuration":"0.4507","wordfile":[{"path":"audios\/wordfile-66f6f33fc4791.wav","mime":"audio\/x-wav","copyright":{"license":"U"}}]},{"text":" \u12a3\u1208\u12b9! ","startDuration":"0.4517","endDuration":"1.2986","wordfile":[{"path":"audios\/wordfile-66f6f37f3b55b.wav","mime":"audio\/x-wav","copyright":{"license":"U"}}]},{"text":" \u12a3\u12ed\u12ae\u1290\u1295! ","startDuration":"1.2996","endDuration":"2.3567","wordfile":[{"path":"audios\/wordfile-66f6f39ddbf1f.wav","mime":"audio\/x-wav","copyright":{"license":"U"}}]},{"text":" \u1275\u12c8\u12f5\u1252 ","startDuration":"2.3658","endDuration":"2.6224","wordfile":[{"path":"audios\/wordfile-66f6f3ba2015b.wav","mime":"audio\/x-wav","copyright":{"license":"U"}}]},{"text":" \u12a2\u12aa ","startDuration":"2.6153","endDuration":"2.8153","wordfile":[{"path":"audios\/wordfile-66f6f3f665601.wav","mime":"audio\/x-wav","copyright":{"license":"U"}}]},{"text":" \u12d8\u1208\u12ba! ","startDuration":"2.8163","endDuration":"3.6470","wordfile":[{"path":"audios\/wordfile-66f6f40f5798c.wav","mime":"audio\/x-wav","copyright":{"license":"U"}}]},{"text":" \u1260\u1208\u1275 ","startDuration":"3.6318","endDuration":"3.9774","wordfile":[{"path":"audios\/wordfile-66f6f43c035ee.wav","mime":"audio\/x-wav","copyright":{"license":"U"}}]},{"text":" \u1200\u1218\u121b ","startDuration":"3.9784","endDuration":"4.5848","wordfile":[{"path":"audios\/wordfile-66f6f44e458ef.wav","mime":"audio\/x-wav","copyright":{"license":"U"}}]}],"files":[{"path":"audios\/files-66f6f32626a6f.wav","mime":"audio\/x-wav","copyright":{"license":"U"}}]},"subContentId":"5933fe4d-2c2d-4bcd-963c-0292779b5ea9","metadata":{"contentType":"Curious Reader Audio","license":"U","title":"Untitled Curious Reader Audio"}},"backgroundOpacity":0,"willDoAnimation":false,"animationType":"glow","displayAsButton":false,"buttonSize":"big","goToSlideType":"specified","invisible":false},{"x":6.578947368421052,"y":19.493684046368976,"width":15.787763157894735,"height":39.99941518947861,"action":{"library":"H5P.Image 1.1","params":{"contentName":"Image"},"subContentId":"b21356d0-29d2-4635-a18d-e49ce74fe50f","metadata":{"contentType":"Image","license":"U","title":"Untitled Image"}},"backgroundOpacity":0,"willDoAnimation":true,"animationType":"glow","displayAsButton":false,"buttonSize":"big","goToSlideType":"specified","invisible":false,"id":"img5933fe4d-2c2d-4bcd-963c-0292779b5ea9_7"}]},{"slideBackgroundSelector":{},"elements":[{"x":3.289473684210526,"y":3.248947341061496,"width":93.75,"height":90.9090909090909,"action":{"library":"H5P.Image 1.1","params":{"contentName":"Image","file":{"path":"images\/file-670e0db0a8c24.gif","mime":"image\/gif","copyright":{"license":"U"},"width":1920,"height":1080}},"subContentId":"00d13905-04b0-4e3f-ab98-8e28b3ded548","metadata":{"contentType":"Image","license":"U","title":"Untitled Image"}},"backgroundOpacity":0,"willDoAnimation":false,"animationType":"glow","displayAsButton":false,"buttonSize":"big","goToSlideType":"specified","invisible":false},{"x":18.092105263157894,"y":77.9747361854759,"width":75.65625,"height":18.83713676768727,"action":{"library":"H5P.CRAdvancedText 1.1","params":{"text":"<p><span style=\"font-size:1.5em;color:hsl(0,0%,100%);\"><strong>\u12ed\u1260\u122d\u122d \u12a3\u1208\u12b9! \u12a3\u12ed\u12ae\u1290\u1295! \u1275\u12c8\u12f5\u1252 \u12a2\u12aa \u12d8\u1208\u12ba! \u1260\u1208\u1275 \u1320\u1260\u1255<\/strong><\/span><\/p>"},"subContentId":"154d391a-c168-42f7-a75c-71f74cb4f062","metadata":{"contentType":"Text","license":"U","title":"Untitled Text"}},"alwaysDisplayComments":false,"backgroundOpacity":0,"willDoAnimation":false,"animationType":"glow","displayAsButton":false,"buttonSize":"big","goToSlideType":"specified","invisible":false,"solution":""},{"x":47.00006578947369,"y":44.0012898320944,"width":40,"height":40,"action":{"library":"H5P.CRAudio 1.4","params":{"fitToWrapper":true,"currIndex":5,"playerMode":"minimalistic","controls":true,"autoplay":true,"playAudio":"Play audio","pauseAudio":"Pause audio","contentName":"Audio","glowColor":"#ffd85a","timeStampForEachText":[{"text":" \u12ed\u1260\u122d\u122d ","startDuration":"0.0000","endDuration":"0.5064","wordfile":[{"path":"audios\/wordfile-6708fbaaa28d7.wav","mime":"audio\/x-wav","copyright":{"license":"U"}}]},{"text":" \u12a3\u1208\u12b9! ","startDuration":"0.5074","endDuration":"1.3543","wordfile":[{"path":"audios\/wordfile-6708fbc599d8b.wav","mime":"audio\/x-wav","copyright":{"license":"U"}}]},{"text":" \u12a3\u12ed\u12ae\u1290\u1295! ","startDuration":"1.3553","endDuration":"2.5341","wordfile":[{"path":"audios\/wordfile-6708fbda33707.wav","mime":"audio\/x-wav","copyright":{"license":"U"}}]},{"text":" \u1275\u12c8\u12f5\u1252 ","startDuration":"2.5011","endDuration":"2.9394","wordfile":[{"path":"audios\/wordfile-6708fbf0ea495.wav","mime":"audio\/x-wav","copyright":{"license":"U"}}]},{"text":" \u12a2\u12aa ","startDuration":"2.9404","endDuration":"3.1404","wordfile":[{"path":"audios\/wordfile-6708fbfe1c764.wav","mime":"audio\/x-wav","copyright":{"license":"U"}}]},{"text":" \u12d8\u1208\u12ba! ","startDuration":"3.1414","endDuration":"3.8861","wordfile":[{"path":"audios\/wordfile-6708fc0e516cc.wav","mime":"audio\/x-wav","copyright":{"license":"U"}}]},{"text":" \u1260\u1208\u1275 ","startDuration":"3.8871","endDuration":"4.3254","wordfile":[{"path":"audios\/wordfile-6708fc427026b.wav","mime":"audio\/x-wav","copyright":{"license":"U"}}]},{"text":" \u1320\u1260\u1255 ","startDuration":"4.3264","endDuration":"4.8259","wordfile":[{"path":"audios\/wordfile-6708fc53088a3.wav","mime":"audio\/x-wav","copyright":{"license":"U"}}]}],"files":[{"path":"audios\/files-6708fb1933b5a.wav","mime":"audio\/x-wav","copyright":{"license":"U"}}]},"subContentId":"0b31b422-39a9-4fd6-9ffc-19af9647025e","metadata":{"contentType":"Curious Reader Audio","license":"U","title":"Untitled Curious Reader Audio"}},"backgroundOpacity":0,"willDoAnimation":false,"animationType":"glow","displayAsButton":false,"buttonSize":"big","goToSlideType":"specified","invisible":false},{"x":4.934210526315789,"y":35.73842075167646,"width":20.72203947368421,"height":39.99941518947861,"action":{"library":"H5P.Image 1.1","params":{"contentName":"Image"},"subContentId":"18cb49fd-a2bc-4034-9010-26b6b8b0e318","metadata":{"contentType":"Image","license":"U","title":"Untitled Image"}},"backgroundOpacity":0,"willDoAnimation":true,"animationType":"glow","displayAsButton":false,"buttonSize":"big","goToSlideType":"specified","invisible":false,"id":"img0b31b422-39a9-4fd6-9ffc-19af9647025e_7"}]},{"slideBackgroundSelector":{},"elements":[{"x":3.289473684210526,"y":3.248947341061496,"width":94.28571428571429,"height":93.30985915492958,"action":{"library":"H5P.Image 1.1","params":{"contentName":"Image","file":{"path":"images\/file-670e0dc6b39f0.gif","mime":"image\/gif","copyright":{"license":"U"},"width":1920,"height":1080}},"subContentId":"8a8f3cfc-0a05-4265-9953-2827af2ed4d1","metadata":{"contentType":"Image","license":"U","title":"Untitled Image"}},"backgroundOpacity":0,"willDoAnimation":false,"animationType":"glow","displayAsButton":false,"buttonSize":"big","goToSlideType":"specified","invisible":false},{"x":16.44736842105263,"y":81.22368352653741,"width":77.30098684210526,"height":16.237978894838072,"action":{"library":"H5P.CRAdvancedText 1.1","params":{"text":"<p><span style=\"font-size:1.5em;color:hsl(0, 0%, 100%);\"><strong>\u12ed\u1260\u122d\u122d \u12a3\u1208\u12b9! \u12a3\u12ed\u12ae\u1290\u1295! \u1275\u12c8\u12f5\u1252 \u12a2\u12aa \u12d8\u1208\u12ba! \u1260\u1208 \u1270\u1218\u1295<\/strong><\/span><\/p>"},"subContentId":"5bf74bbd-e988-436a-8b76-6eb507cb5617","metadata":{"contentType":"Text","license":"U","title":"Untitled Text"}},"alwaysDisplayComments":false,"backgroundOpacity":0,"willDoAnimation":false,"animationType":"glow","displayAsButton":false,"buttonSize":"big","goToSlideType":"specified","invisible":false,"solution":""},{"x":47.00006578947369,"y":44.0012898320944,"width":40,"height":40,"action":{"library":"H5P.CRAudio 1.4","params":{"fitToWrapper":true,"currIndex":6,"playerMode":"minimalistic","controls":true,"autoplay":true,"playAudio":"Play audio","pauseAudio":"Pause audio","contentName":"Audio","glowColor":"#ffd85a","timeStampForEachText":[{"text":" \u12ed\u1260\u122d\u122d ","startDuration":"0.0000","endDuration":"0.4492","wordfile":[{"path":"audios\/wordfile-66f98905937a7.wav","mime":"audio\/x-wav","copyright":{"license":"U"}}]},{"text":" \u12a3\u1208\u12b9! ","startDuration":"0.4502","endDuration":"1.1636","wordfile":[{"path":"audios\/wordfile-66f989223370a.wav","mime":"audio\/x-wav","copyright":{"license":"U"}}]},{"text":" \u12a3\u12ed\u12ae\u1290\u1295! ","startDuration":"1.1646","endDuration":"2.3084","wordfile":[{"path":"audios\/wordfile-66f989398c712.wav","mime":"audio\/x-wav","copyright":{"license":"U"}}]},{"text":" \u1275\u12c8\u12f5\u1252 ","startDuration":"2.3094","endDuration":"2.6378","wordfile":[{"path":"audios\/wordfile-66f9895a0d44e.wav","mime":"audio\/x-wav","copyright":{"license":"U"}}]},{"text":" \u12a2\u12aa ","startDuration":"2.6010","endDuration":"2.7637","wordfile":[{"path":"audios\/wordfile-66f9898bdc997.wav","mime":"audio\/x-wav","copyright":{"license":"U"}}]},{"text":" \u12d8\u1208\u12ba! ","startDuration":"2.7647","endDuration":"3.5159","wordfile":[{"path":"audios\/wordfile-66f989a3e9685.wav","mime":"audio\/x-wav","copyright":{"license":"U"}}]},{"text":" \u1260\u1208 ","startDuration":"3.4565","endDuration":"3.8075","wordfile":[{"path":"audios\/wordfile-66f989bae7102.wav","mime":"audio\/x-wav","copyright":{"license":"U"}}]},{"text":" \u1270\u1218\u1295 ","startDuration":"3.8085","endDuration":"4.2812","wordfile":[{"path":"audios\/wordfile-66f989cd9e593.wav","mime":"audio\/x-wav","copyright":{"license":"U"}}]}],"files":[{"path":"audios\/files-66f988dad3586.wav","mime":"audio\/x-wav","copyright":{"license":"U"}}]},"subContentId":"b9f25f2b-092d-40f1-b28d-4dd5207ddf65","metadata":{"contentType":"Curious Reader Audio","license":"U","title":"Untitled Curious Reader Audio"}},"backgroundOpacity":0,"willDoAnimation":false,"animationType":"glow","displayAsButton":false,"buttonSize":"big","goToSlideType":"specified","invisible":false},{"x":3.287763157894737,"y":19.483547330664866,"width":25.65625,"height":76.66508551229403,"action":{"library":"H5P.Image 1.1","params":{"contentName":"Image"},"subContentId":"d9ab4b12-8041-4995-ac2b-caad0ad16d80","metadata":{"contentType":"Image","license":"U","title":"Untitled Image"}},"backgroundOpacity":0,"willDoAnimation":true,"animationType":"glow","displayAsButton":false,"buttonSize":"big","goToSlideType":"specified","invisible":false,"id":"imgb9f25f2b-092d-40f1-b28d-4dd5207ddf65_7"}]},{"slideBackgroundSelector":{},"elements":[{"x":3.289473684210526,"y":6.497894682122992,"width":94.40789473684211,"height":89.6103896103896,"action":{"library":"H5P.Image 1.1","params":{"contentName":"Image","file":{"path":"images\/file-670e0de9ba495.png","mime":"image\/png","copyright":{"license":"U"},"width":1278,"height":720}},"subContentId":"e26e50b2-f9eb-4e5a-beaa-df0796c74472","metadata":{"contentType":"Image","license":"U","title":"Untitled Image"}},"backgroundOpacity":0,"willDoAnimation":false,"animationType":"glow","displayAsButton":false,"buttonSize":"big","goToSlideType":"specified","invisible":false},{"x":24.67105263157895,"y":81.22368352653741,"width":64.14309210526316,"height":16.24135780007278,"action":{"library":"H5P.CRAdvancedText 1.1","params":{"text":"<p><span style=\"font-size:1.5em;color:hsl(0, 0%, 100%);\"><strong>\u12cb\u12ed \u12a3\u1290! \u12a5\u1295\u12f3\u1260\u1228\u122d\u12a9 \u12a0\u12ed\u12ae\u1290\u1295 \u12a5\u1295\u12f3\u12c8\u12f0\u1255\u12a9 \u12a5\u12e8!<\/strong><\/span><\/p>"},"subContentId":"2d0586e1-df2b-4425-a9df-e3173d0cf615","metadata":{"contentType":"Text","license":"U","title":"Untitled Text"}},"alwaysDisplayComments":false,"backgroundOpacity":0,"willDoAnimation":false,"animationType":"glow","displayAsButton":false,"buttonSize":"big","goToSlideType":"specified","invisible":false,"solution":""},{"x":47.00006578947369,"y":44.0012898320944,"width":40,"height":40,"action":{"library":"H5P.CRAudio 1.4","params":{"fitToWrapper":true,"currIndex":7,"playerMode":"minimalistic","controls":true,"autoplay":true,"playAudio":"Play audio","pauseAudio":"Pause audio","contentName":"Audio","glowColor":"#ffd85a","timeStampForEachText":[{"text":" \u12cb\u12ed ","startDuration":"0.0000","endDuration":"0.3101","wordfile":[{"path":"audios\/wordfile-66f98b88157f5.wav","mime":"audio\/x-wav","copyright":{"license":"U"}}]},{"text":" \u12a3\u1290! ","startDuration":"0.3111","endDuration":"0.9201","wordfile":[{"path":"audios\/wordfile-66f98ba485db9.wav","mime":"audio\/x-wav","copyright":{"license":"U"}}]},{"text":" \u12a5\u1295\u12f3\u1260\u1228\u122d\u12a9 ","startDuration":"0.9211","endDuration":"1.6140","wordfile":[{"path":"audios\/wordfile-66f98bbc49002.wav","mime":"audio\/x-wav","copyright":{"license":"U"}}]},{"text":" \u12a0\u12ed\u12ae\u1290\u1295 ","startDuration":"1.6150","endDuration":"2.0824","wordfile":[{"path":"audios\/wordfile-66f98bdaa9c1e.wav","mime":"audio\/x-wav","copyright":{"license":"U"}}]},{"text":" \u12a5\u1295\u12f3\u12c8\u12f0\u1255\u12a9 ","startDuration":"2.0834","endDuration":"2.4040","wordfile":[{"path":"audios\/wordfile-66f98bf5099f4.wav","mime":"audio\/x-wav","copyright":{"license":"U"}}]},{"text":" \u12a5\u12e8! ","startDuration":"2.4050","endDuration":"2.9732","wordfile":[{"path":"audios\/wordfile-66f98c1eb6013.wav","mime":"audio\/x-wav","copyright":{"license":"U"}}]}],"files":[{"path":"audios\/files-66f98b5c708f5.wav","mime":"audio\/x-wav","copyright":{"license":"U"}}]},"subContentId":"bce2525f-6358-4856-9025-4e7d523ffa1e","metadata":{"contentType":"Curious Reader Audio","license":"U","title":"Untitled Curious Reader Audio"}},"backgroundOpacity":0,"willDoAnimation":false,"animationType":"glow","displayAsButton":false,"buttonSize":"big","goToSlideType":"specified","invisible":false}]},{"slideBackgroundSelector":{},"elements":[{"x":3.289473684210526,"y":6.497894682122992,"width":94.40789473684211,"height":89.6103896103896,"action":{"library":"H5P.Image 1.1","params":{"contentName":"Image","file":{"path":"images\/file-670e0e0e0872e.png","mime":"image\/png","copyright":{"license":"U"},"width":1278,"height":720}},"subContentId":"e26e50b2-f9eb-4e5a-beaa-df0796c74472","metadata":{"contentType":"Image","license":"U","title":"Untitled Image"}},"backgroundOpacity":0,"willDoAnimation":false,"animationType":"glow","displayAsButton":false,"buttonSize":"big","goToSlideType":"specified","invisible":false},{"x":34.53947368421053,"y":84.47263086759891,"width":39.99967105263158,"height":12.992410459011282,"action":{"library":"H5P.CRAdvancedText 1.1","params":{"text":"<p><span style=\"font-size:1.5em;color:hsl(0,0%,100%);\"><strong>\u12a3\u12f0\u12cb\u12ed \u122d\u12f5\u12a5\u1292<\/strong><\/span><\/p>"},"subContentId":"72c678c4-cbf6-4430-a05e-d41deeafd087","metadata":{"contentType":"Text","license":"U","title":"Untitled Text"}},"alwaysDisplayComments":false,"backgroundOpacity":0,"willDoAnimation":false,"animationType":"glow","displayAsButton":false,"buttonSize":"big","goToSlideType":"specified","invisible":false,"solution":""},{"x":47.00006578947369,"y":44.0012898320944,"width":40,"height":40,"action":{"library":"H5P.CRAudio 1.4","params":{"fitToWrapper":true,"currIndex":8,"playerMode":"minimalistic","controls":true,"autoplay":true,"playAudio":"Play audio","pauseAudio":"Pause audio","contentName":"Audio","glowColor":"#ffd85a","timeStampForEachText":[{"text":" \u12a3\u12f0\u12cb\u12ed ","startDuration":"0.0000","endDuration":"0.5262","wordfile":[{"path":"audios\/wordfile-66f98c950206a.wav","mime":"audio\/x-wav","copyright":{"license":"U"}}]},{"text":" \u122d\u12f5\u12a5\u1292!!! ","startDuration":"0.5272","endDuration":"1.2009","wordfile":[{"path":"audios\/wordfile-66f98cd663d05.wav","mime":"audio\/x-wav","copyright":{"license":"U"}}]}],"files":[{"path":"audios\/files-66f98c7de089e.wav","mime":"audio\/x-wav","copyright":{"license":"U"}}]},"subContentId":"4e624d40-813f-47fe-b820-20eff53df585","metadata":{"contentType":"Curious Reader Audio","license":"U","title":"Untitled Curious Reader Audio"}},"backgroundOpacity":0,"willDoAnimation":false,"animationType":"glow","displayAsButton":false,"buttonSize":"big","goToSlideType":"specified","invisible":false}]},{"slideBackgroundSelector":{},"elements":[{"x":3.289473684210526,"y":3.248947341061496,"width":92.10526315789473,"height":89.5910780669145,"action":{"library":"H5P.Image 1.1","params":{"contentName":"Image","file":{"path":"images\/file-670e0e42d657d.jpg","mime":"image\/jpeg","copyright":{"license":"U"},"width":1280,"height":720}},"subContentId":"e996b9c2-29c1-43ac-8761-076a1b80d4dc","metadata":{"contentType":"Image","license":"U","title":"Untitled Image"}},"backgroundOpacity":0,"willDoAnimation":false,"animationType":"glow","displayAsButton":false,"buttonSize":"big","goToSlideType":"specified","invisible":false},{"x":19.736842105263158,"y":77.9747361854759,"width":69.07730263157895,"height":19.48692623589957,"action":{"library":"H5P.CRAdvancedText 1.1","params":{"text":"<p><span style=\"font-size:1.5em;color:hsl(0, 0%, 100%);\"><strong>\u12a3\u1306\u12ba \u12db \u1313\u1208\u12ed! \u12b8\u1218\u12ed \u12a8\u121d\u12dd\u1265\u1228\u122d \u12a8\u121d\u1205\u1228\u12aa \u12a2\u12e8\u1361\u1361<\/strong><\/span><\/p>"},"subContentId":"29d51ca1-b01e-4c75-b799-350917a6976a","metadata":{"contentType":"Text","license":"U","title":"Untitled Text"}},"alwaysDisplayComments":false,"backgroundOpacity":0,"willDoAnimation":false,"animationType":"glow","displayAsButton":false,"buttonSize":"big","goToSlideType":"specified","invisible":false,"solution":""},{"x":47.00006578947369,"y":44.0012898320944,"width":40,"height":40,"action":{"library":"H5P.CRAudio 1.4","params":{"fitToWrapper":true,"currIndex":9,"playerMode":"minimalistic","controls":true,"autoplay":true,"playAudio":"Play audio","pauseAudio":"Pause audio","contentName":"Audio","glowColor":"#ffd85a","timeStampForEachText":[{"text":" \u12a3\u1306\u12ba ","startDuration":"0.0000","endDuration":"0.3519","wordfile":[{"path":"audios\/wordfile-66f990125fbd2.wav","mime":"audio\/x-wav","copyright":{"license":"U"}}]},{"text":" \u12db ","startDuration":"0.3529","endDuration":"0.5529","wordfile":[{"path":"audios\/wordfile-66f99029c5799.wav","mime":"audio\/x-wav","copyright":{"license":"U"}}]},{"text":" \u1313\u1208\u12ed! ","startDuration":"0.5539","endDuration":"1.1716","wordfile":[{"path":"audios\/wordfile-66f99047bb84a.wav","mime":"audio\/x-wav","copyright":{"license":"U"}}]},{"text":" \u12b8\u1218\u12ed ","startDuration":"1.1780","endDuration":"1.7035","wordfile":[{"path":"audios\/wordfile-66f9907d3d677.wav","mime":"audio\/x-wav","copyright":{"license":"U"}}]},{"text":" \u12a8\u121d\u12dd\u1265\u1228\u122d ","startDuration":"1.7045","endDuration":"2.1486","wordfile":[{"path":"audios\/wordfile-66f9909903fcb.wav","mime":"audio\/x-wav","copyright":{"license":"U"}}]},{"text":" \u12a8\u121d\u1205\u1228\u12aa ","startDuration":"2.1496","endDuration":"2.5937","wordfile":[{"path":"audios\/wordfile-66f990b51e5c9.wav","mime":"audio\/x-wav","copyright":{"license":"U"}}]},{"text":" \u12a2\u12e8\u1361\u1361 ","startDuration":"2.5839","endDuration":"3.0759","wordfile":[{"path":"audios\/wordfile-66f992406b59a.wav","mime":"audio\/x-wav","copyright":{"license":"U"}}]}],"files":[{"path":"audios\/files-66f98feed8b19.wav","mime":"audio\/x-wav","copyright":{"license":"U"}}]},"subContentId":"6f55dc15-bfbe-4870-a547-4d52fee5a8db","metadata":{"contentType":"Curious Reader Audio","license":"U","title":"Untitled Curious Reader Audio"}},"backgroundOpacity":0,"willDoAnimation":false,"animationType":"glow","displayAsButton":false,"buttonSize":"big","goToSlideType":"specified","invisible":false}]},{"slideBackgroundSelector":{},"elements":[{"x":3.2679738562091503,"y":4.303537077123688,"width":92.10526315789473,"height":89.5910780669145,"action":{"library":"H5P.Image 1.1","params":{"contentName":"Image","file":{"path":"images\/file-670e0e72c2060.gif","mime":"image\/gif","copyright":{"license":"U"},"width":1280,"height":720}},"subContentId":"e996b9c2-29c1-43ac-8761-076a1b80d4dc","metadata":{"contentType":"Image","license":"U","title":"Untitled Image"}},"backgroundOpacity":0,"willDoAnimation":false,"animationType":"glow","displayAsButton":false,"buttonSize":"big","goToSlideType":"specified","invisible":false},{"x":28.32244008714597,"y":79.61543592678824,"width":50.985197368421055,"height":16.24135780007278,"action":{"library":"H5P.CRAdvancedText 1.1","params":{"text":"<p><span style=\"font-size:1.5em;color:hsl(0, 0%, 100%);\"><strong>\u12a8\u121d\u12da\u12ed \u130c\u122d\u12ba \u12ad\u1295\u134d\u12ba \u12a3\u1295\u1250\u1233\u1255\u1232\u1361\u1361<\/strong><\/span><\/p>"},"subContentId":"9bf1a521-4720-4f0b-899a-b5896671d60a","metadata":{"contentType":"Text","license":"U","title":"Untitled Text"}},"alwaysDisplayComments":false,"backgroundOpacity":0,"willDoAnimation":false,"animationType":"glow","displayAsButton":false,"buttonSize":"big","goToSlideType":"specified","invisible":false,"solution":""},{"x":47.00006578947369,"y":44.0012898320944,"width":40,"height":40,"action":{"library":"H5P.CRAudio 1.4","params":{"fitToWrapper":true,"currIndex":10,"playerMode":"minimalistic","controls":true,"autoplay":true,"playAudio":"Play audio","pauseAudio":"Pause audio","contentName":"Audio","glowColor":"#ffd85a","timeStampForEachText":[{"text":" \u12a8\u121d\u12da\u12ed ","startDuration":"0.0000","endDuration":"0.3177","wordfile":[{"path":"audios\/wordfile-66f98eed62302.wav","mime":"audio\/x-wav","copyright":{"license":"U"}}]},{"text":" \u130c\u122d\u12ba ","startDuration":"0.3187","endDuration":"0.7103","wordfile":[{"path":"audios\/wordfile-66f98f0f14d8f.wav","mime":"audio\/x-wav","copyright":{"license":"U"}}]},{"text":" \u12ad\u1295\u134d\u12ba ","startDuration":"0.7113","endDuration":"1.1332","wordfile":[{"path":"audios\/wordfile-66f98f374c59a.wav","mime":"audio\/x-wav","copyright":{"license":"U"}}]},{"text":" \u12a3\u1295\u1250\u1233\u1255\u1232\u1361\u1361 ","startDuration":"1.1342","endDuration":"1.9063","wordfile":[{"path":"audios\/wordfile-66f98f621658c.wav","mime":"audio\/x-wav","copyright":{"license":"U"}}]}],"files":[{"path":"audios\/files-66f98ecc69412.wav","mime":"audio\/x-wav","copyright":{"license":"U"}}]},"subContentId":"5473afb8-2bd4-4f3a-a2c6-219683497998","metadata":{"contentType":"Curious Reader Audio","license":"U","title":"Untitled Curious Reader Audio"}},"backgroundOpacity":0,"willDoAnimation":false,"animationType":"glow","displayAsButton":false,"buttonSize":"big","goToSlideType":"specified","invisible":false},{"x":28.32244008714597,"y":15.062379769932909,"width":25.65625,"height":27.930810417424755,"action":{"library":"H5P.Image 1.1","params":{"contentName":"Image"},"subContentId":"c1721659-168d-4f25-9ac0-8c64652db535","metadata":{"contentType":"Image","license":"U","title":"Untitled Image"}},"backgroundOpacity":0,"willDoAnimation":true,"animationType":"glow","displayAsButton":false,"buttonSize":"big","goToSlideType":"specified","invisible":false,"id":"img5473afb8-2bd4-4f3a-a2c6-219683497998_2"},{"x":69.71677559912854,"y":17.214148308494753,"width":22.366776315789476,"height":21.43967354577117,"action":{"library":"H5P.Image 1.1","params":{"contentName":"Image"},"subContentId":"f00945ac-73d8-4880-80d2-74d580a19c3c","metadata":{"contentType":"Image","license":"U","title":"Untitled Image"}},"backgroundOpacity":0,"willDoAnimation":true,"animationType":"glow","displayAsButton":false,"buttonSize":"big","goToSlideType":"specified","invisible":false,"id":"img5473afb8-2bd4-4f3a-a2c6-219683497998_2"}]},{"slideBackgroundSelector":{},"elements":[{"x":3.289473684210526,"y":3.248947341061496,"width":92.10526315789473,"height":89.5910780669145,"action":{"library":"H5P.Image 1.1","params":{"contentName":"Image","file":{"path":"images\/file-670e0eb36f5c0.png","mime":"image\/png","copyright":{"license":"U"},"width":1168,"height":656}},"subContentId":"e996b9c2-29c1-43ac-8761-076a1b80d4dc","metadata":{"contentType":"Image","license":"U","title":"Untitled Image"}},"backgroundOpacity":0,"willDoAnimation":false,"animationType":"glow","displayAsButton":false,"buttonSize":"big","goToSlideType":"specified","invisible":false},{"x":32.89473684210526,"y":81.22368352653741,"width":39.99967105263158,"height":16.24135780007278,"action":{"library":"H5P.CRAdvancedText 1.1","params":{"text":"<p><span style=\"font-size:1.5em;color:hsl(0, 0%, 100%);\"><strong>\u1265\u134d\u1325\u1290\u1275\u1363 \u1260\u120a \u12a3\u1295\u1250\u1233\u1255\u1232\u12ee\u1361\u1361<\/strong><\/span><\/p>"},"subContentId":"be315e4d-cf70-48cf-87c8-a2e8477de3fc","metadata":{"contentType":"Text","license":"U","title":"Untitled Text"}},"alwaysDisplayComments":false,"backgroundOpacity":0,"willDoAnimation":false,"animationType":"glow","displayAsButton":false,"buttonSize":"big","goToSlideType":"specified","invisible":false,"solution":""},{"x":47.00006578947369,"y":44.0012898320944,"width":40,"height":40,"action":{"library":"H5P.CRAudio 1.4","params":{"fitToWrapper":true,"currIndex":11,"playerMode":"minimalistic","controls":true,"autoplay":true,"playAudio":"Play audio","pauseAudio":"Pause audio","contentName":"Audio","glowColor":"#ffd85a","timeStampForEachText":[{"text":" \u1265\u134d\u1325\u1290\u1275\u1363 ","startDuration":"0.0000","endDuration":"0.7802","wordfile":[{"path":"audios\/wordfile-66f992e9a5e03.wav","mime":"audio\/x-wav","copyright":{"license":"U"}}]},{"text":" \u1260\u120a ","startDuration":"0.7812","endDuration":"1.1324","wordfile":[{"path":"audios\/wordfile-66f9931c9e92b.wav","mime":"audio\/x-wav","copyright":{"license":"U"}}]},{"text":" \u12a3\u1295\u1250\u1233\u1255\u1232\u12ee\u1361\u1361 ","startDuration":"1.1334","endDuration":"1.7500","wordfile":[{"path":"audios\/wordfile-66f99332e81f0.wav","mime":"audio\/x-wav","copyright":{"license":"U"}}]}],"files":[{"path":"audios\/files-66f992d57f5b7.wav","mime":"audio\/x-wav","copyright":{"license":"U"}}]},"subContentId":"fcdf1fc8-bad1-4e5a-b50b-75b042d2162c","metadata":{"contentType":"Curious Reader Audio","license":"U","title":"Untitled Curious Reader Audio"}},"backgroundOpacity":0,"willDoAnimation":false,"animationType":"glow","displayAsButton":false,"buttonSize":"big","goToSlideType":"specified","invisible":false}]},{"slideBackgroundSelector":{},"elements":[{"x":3.289473684210526,"y":3.248947341061496,"width":92.10526315789473,"height":89.5910780669145,"action":{"library":"H5P.Image 1.1","params":{"contentName":"Image","file":{"path":"images\/file-670e0ed6a6380.png","mime":"image\/png","copyright":{"license":"U"},"width":1165,"height":659}},"subContentId":"e996b9c2-29c1-43ac-8761-076a1b80d4dc","metadata":{"contentType":"Image","license":"U","title":"Untitled Image"}},"backgroundOpacity":0,"willDoAnimation":false,"animationType":"glow","displayAsButton":false,"buttonSize":"big","goToSlideType":"specified","invisible":false},{"x":41.118421052631575,"y":81.22368352653741,"width":32.89309210526316,"height":16.24135780007278,"action":{"library":"H5P.CRAdvancedText 1.1","params":{"text":"<p><span style=\"font-size:1.5em;color:hsl(0, 0%, 100%);\"><strong>\u1215\u12da\u12cd\u1295 \u134d\u1320\u1292\u1363<\/strong><\/span><\/p>"},"subContentId":"46f41738-0d73-4f9f-85d4-76c1bb842798","metadata":{"contentType":"Text","license":"U","title":"Untitled Text"}},"alwaysDisplayComments":false,"backgroundOpacity":0,"willDoAnimation":false,"animationType":"glow","displayAsButton":false,"buttonSize":"big","goToSlideType":"specified","invisible":false,"solution":""},{"x":47.00006578947369,"y":44.0012898320944,"width":40,"height":40,"action":{"library":"H5P.CRAudio 1.4","params":{"fitToWrapper":true,"currIndex":12,"playerMode":"minimalistic","controls":true,"autoplay":true,"playAudio":"Play audio","pauseAudio":"Pause audio","contentName":"Audio","glowColor":"#ffd85a","timeStampForEachText":[{"text":" \u1215\u12da\u12cd\u1295 ","startDuration":"0.0000","endDuration":"0.4488","wordfile":[{"path":"audios\/wordfile-66f99389f3076.wav","mime":"audio\/x-wav","copyright":{"license":"U"}}]},{"text":" \u134d\u1320\u1292\u1363 ","startDuration":"0.4473","endDuration":"0.9866","wordfile":[{"path":"audios\/wordfile-66f993c7845b6.wav","mime":"audio\/x-wav","copyright":{"license":"U"}}]}],"files":[{"path":"audios\/files-66f9937625461.wav","mime":"audio\/x-wav","copyright":{"license":"U"}}]},"subContentId":"e8a7e468-8f7d-4966-bb1c-fc496d53d9b3","metadata":{"contentType":"Curious Reader Audio","license":"U","title":"Untitled Curious Reader Audio"}},"backgroundOpacity":0,"willDoAnimation":false,"animationType":"glow","displayAsButton":false,"buttonSize":"big","goToSlideType":"specified","invisible":false}]},{"slideBackgroundSelector":{},"elements":[{"x":1.644736842105263,"y":6.038319770018974,"width":95.02868068833651,"height":93.9622641509434,"action":{"library":"H5P.Image 1.1","params":{"contentName":"Image","file":{"path":"images\/file-670e0f4bd7802.gif","mime":"image\/gif","copyright":{"license":"U"},"width":1920,"height":1080}},"subContentId":"62ac2716-d90a-46a7-ad5b-40ca3117bb41","metadata":{"contentType":"Image","license":"U","title":"Untitled Image"}},"backgroundOpacity":0,"willDoAnimation":false,"animationType":"glow","displayAsButton":false,"buttonSize":"big","goToSlideType":"specified","invisible":false},{"x":19.736842105263158,"y":84.47263086759891,"width":72.36677631578948,"height":12.989031553776577,"action":{"library":"H5P.CRAdvancedText 1.1","params":{"text":"<p><span style=\"font-size:1.5em;color:hsl(0, 0%, 100%);\"><strong>\u12ed\u1260\u122d\u122d \u12a3\u1208\u12b9! \u12a5\u12c8! \u1210\u12da \u1275\u1260\u122d\u122a \u12a3\u1208\u12ba! \u1260\u1208 \u1270\u1218\u1295<\/strong><\/span><\/p>"},"subContentId":"d20035c7-cb4e-4066-9cf0-3a94e590185e","metadata":{"contentType":"Text","license":"U","title":"Untitled Text"}},"alwaysDisplayComments":false,"backgroundOpacity":0,"willDoAnimation":false,"animationType":"glow","displayAsButton":false,"buttonSize":"big","goToSlideType":"specified","invisible":false,"solution":""},{"x":47.00006578947369,"y":44.0012898320944,"width":40,"height":40,"action":{"library":"H5P.CRAudio 1.4","params":{"fitToWrapper":true,"currIndex":13,"playerMode":"minimalistic","controls":true,"autoplay":true,"playAudio":"Play audio","pauseAudio":"Pause audio","contentName":"Audio","glowColor":"#ffd85a","timeStampForEachText":[{"text":" \u12ed\u1260\u122d\u122d ","startDuration":"0.0000","endDuration":"0.4240","wordfile":[{"path":"audios\/wordfile-66fa2ffd72e62.wav","mime":"audio\/x-wav","copyright":{"license":"U"}}]},{"text":" \u12a3\u1208\u12b9! ","startDuration":"0.4240","endDuration":"1.3219","wordfile":[{"path":"audios\/wordfile-66fa3013719cf.wav","mime":"audio\/x-wav","copyright":{"license":"U"}}]},{"text":" \u12a5\u12c8! ","startDuration":"1.3219","endDuration":"1.9627","wordfile":[{"path":"audios\/wordfile-66fa3030da5fd.wav","mime":"audio\/x-wav","copyright":{"license":"U"}}]},{"text":" \u1210\u12da ","startDuration":"1.9627","endDuration":"2.3757","wordfile":[{"path":"audios\/wordfile-66fa304f030be.wav","mime":"audio\/x-wav","copyright":{"license":"U"}}]},{"text":" \u1275\u1260\u122d\u122a ","startDuration":"2.3757","endDuration":"2.7593","wordfile":[{"path":"audios\/wordfile-66fa305d9b21f.wav","mime":"audio\/x-wav","copyright":{"license":"U"}}]},{"text":" \u12a3\u1208\u12ba! ","startDuration":"2.7005","endDuration":"3.3085","wordfile":[{"path":"audios\/wordfile-66fa306d64f9a.wav","mime":"audio\/x-wav","copyright":{"license":"U"}}]},{"text":" \u1260\u1208 ","startDuration":"3.3085","endDuration":"3.7142","wordfile":[{"path":"audios\/wordfile-66fa30844e465.wav","mime":"audio\/x-wav","copyright":{"license":"U"}}]},{"text":" \u1270\u1218\u1295 ","startDuration":"3.7142","endDuration":"4.1652","wordfile":[{"path":"audios\/wordfile-66fa309448560.wav","mime":"audio\/x-wav","copyright":{"license":"U"}}]}],"files":[{"path":"audios\/files-66f99434bb8e4.wav","mime":"audio\/x-wav","copyright":{"license":"U"}}]},"subContentId":"2e66eff1-37b2-4f49-b2a3-d6bc2c7ece2c","metadata":{"contentType":"Curious Reader Audio","license":"U","title":"Untitled Curious Reader Audio"}},"backgroundOpacity":0,"willDoAnimation":false,"animationType":"glow","displayAsButton":false,"buttonSize":"big","goToSlideType":"specified","invisible":false},{"x":1.6430230263157894,"y":22.729083277018248,"width":24.011513157894736,"height":75.96103862348599,"action":{"library":"H5P.Image 1.1","params":{"contentName":"Image"},"subContentId":"0a31154d-fd20-4e9e-9df4-0296bfab143c","metadata":{"contentType":"Image","license":"U","title":"Untitled Image"}},"backgroundOpacity":0,"willDoAnimation":true,"animationType":"glow","displayAsButton":false,"buttonSize":"big","goToSlideType":"specified","invisible":false,"id":"img2e66eff1-37b2-4f49-b2a3-d6bc2c7ece2c_7"}]},{"slideBackgroundSelector":{},"elements":[{"x":3.289473684210526,"y":6.497894682122992,"width":93.11663479923517,"height":90.18867924528303,"action":{"library":"H5P.Image 1.1","params":{"contentName":"Image","file":{"path":"images\/file-670e0f7123bf8.gif","mime":"image\/gif","copyright":{"license":"U"},"width":1920,"height":1080}},"subContentId":"284ba883-a0a2-4717-b7e3-1aacaad76d7d","metadata":{"contentType":"Image","license":"U","title":"Untitled Image"}},"backgroundOpacity":0,"willDoAnimation":false,"animationType":"glow","displayAsButton":false,"buttonSize":"big","goToSlideType":"specified","invisible":false},{"x":21.38157894736842,"y":83.76087181054109,"width":69.46957236842105,"height":16.24135780007278,"action":{"library":"H5P.CRAdvancedText 1.1","params":{"text":"<p><span style=\"font-size:1.5em;color:hsl(0, 0%, 100%);\"><strong>\u12ed\u1260\u122d\u122d \u12a3\u1208\u12b9! \u12a5\u12c8! \u1210\u12da \u1275\u1260\u122d\u122a \u12a3\u1208\u12ba! \u1260\u1208\u1275 \u1320\u1260\u1255<\/strong><\/span><\/p>"},"subContentId":"1137fb76-0f41-437e-91fd-ff4f5350a916","metadata":{"contentType":"Text","license":"U","title":"Untitled Text"}},"alwaysDisplayComments":false,"backgroundOpacity":0,"willDoAnimation":false,"animationType":"glow","displayAsButton":false,"buttonSize":"big","goToSlideType":"specified","invisible":false,"solution":""},{"x":47.00006578947369,"y":44.0012898320944,"width":40,"height":40,"action":{"library":"H5P.CRAudio 1.4","params":{"fitToWrapper":true,"currIndex":14,"playerMode":"minimalistic","controls":true,"autoplay":true,"playAudio":"Play audio","pauseAudio":"Pause audio","contentName":"Audio","glowColor":"#ffd85a","timeStampForEachText":[{"text":" \u12ed\u1260\u122d\u122d ","startDuration":"0.0000","endDuration":"0.4787","wordfile":[{"path":"audios\/wordfile-66fa2e9cc6fff.wav","mime":"audio\/x-wav","copyright":{"license":"U"}}]},{"text":" \u12a3\u1208\u12b9! ","startDuration":"0.5475","endDuration":"1.4126","wordfile":[{"path":"audios\/wordfile-66fa2eb5d7e62.wav","mime":"audio\/x-wav","copyright":{"license":"U"}}]},{"text":" \u12a5\u12c8! ","startDuration":"1.4126","endDuration":"1.9872","wordfile":[{"path":"audios\/wordfile-66fa2ede0fa7a.wav","mime":"audio\/x-wav","copyright":{"license":"U"}}]},{"text":" \u1210\u12da ","startDuration":"1.9872","endDuration":"2.4089","wordfile":[{"path":"audios\/wordfile-66fa2f1b3066d.wav","mime":"audio\/x-wav","copyright":{"license":"U"}}]},{"text":" \u1275\u1260\u122d\u122a ","startDuration":"2.4089","endDuration":"2.7083","wordfile":[{"path":"audios\/wordfile-66fa2f3c9b95b.wav","mime":"audio\/x-wav","copyright":{"license":"U"}}]},{"text":" \u12a3\u1208\u12ba! ","startDuration":"2.7083","endDuration":"3.2982","wordfile":[{"path":"audios\/wordfile-66fa2f91620c3.wav","mime":"audio\/x-wav","copyright":{"license":"U"}}]},{"text":" \u1260\u1208\u1275 ","startDuration":"3.2982","endDuration":"3.7658","wordfile":[{"path":"audios\/wordfile-66fa2fa98eecf.wav","mime":"audio\/x-wav","copyright":{"license":"U"}}]},{"text":" \u1320\u1260\u1255 ","startDuration":"3.7658","endDuration":"4.3348","wordfile":[{"path":"audios\/wordfile-66fa2fbbba8dc.wav","mime":"audio\/x-wav","copyright":{"license":"U"}}]}],"files":[{"path":"audios\/files-66f9948a7dd69.wav","mime":"audio\/x-wav","copyright":{"license":"U"}}]},"subContentId":"03523e07-97dc-45e3-a9dc-8830b52c6ca3","metadata":{"contentType":"Curious Reader Audio","license":"U","title":"Untitled Curious Reader Audio"}},"backgroundOpacity":0,"willDoAnimation":false,"animationType":"glow","displayAsButton":false,"buttonSize":"big","goToSlideType":"specified","invisible":false},{"x":4.934210526315789,"y":45.47519103810366,"width":15.786052631578949,"height":44.18243489109529,"action":{"library":"H5P.Image 1.1","params":{"contentName":"Image"},"subContentId":"d5905dd0-d6d9-4988-8b80-4b0d0261c8df","metadata":{"contentType":"Image","license":"U","title":"Untitled Image"}},"backgroundOpacity":0,"willDoAnimation":true,"animationType":"glow","displayAsButton":false,"buttonSize":"big","goToSlideType":"specified","invisible":false,"id":"img03523e07-97dc-45e3-a9dc-8830b52c6ca3_7"}]},{"slideBackgroundSelector":{},"elements":[{"x":4.934210526315789,"y":6.497894682122992,"width":93.11663479923517,"height":86.79245283018868,"action":{"library":"H5P.Image 1.1","params":{"contentName":"Image","file":{"path":"images\/file-670e0f8fb4beb.gif","mime":"image\/gif","copyright":{"license":"U"},"width":1920,"height":1080}},"subContentId":"92a6f5ba-1523-437a-896c-27e5b77d4edd","metadata":{"contentType":"Image","license":"U","title":"Untitled Image"}},"backgroundOpacity":0,"willDoAnimation":false,"animationType":"glow","displayAsButton":false,"buttonSize":"big","goToSlideType":"specified","invisible":false},{"x":21.38157894736842,"y":81.22368352653741,"width":72.36677631578948,"height":12.989031553776577,"action":{"library":"H5P.CRAdvancedText 1.1","params":{"text":"<p><span style=\"font-size:1.5em;color:hsl(0, 0%, 100%);\"><strong>\u12ed\u1260\u122d\u122d \u12a3\u1208\u12b9! \u12a5\u12c8! \u1210\u12da \u1275\u1260\u122d\u122a \u12a3\u1208\u12ba! \u1260\u1208\u1275 \u1200\u1218\u121b<\/strong><\/span><\/p><p><br>&nbsp;<\/p>"},"subContentId":"31da000d-a6fd-441d-b16b-276f7fb11359","metadata":{"contentType":"Text","license":"U","title":"Untitled Text"}},"alwaysDisplayComments":false,"backgroundOpacity":0,"willDoAnimation":false,"animationType":"glow","displayAsButton":false,"buttonSize":"big","goToSlideType":"specified","invisible":false,"solution":""},{"x":47.00006578947369,"y":44.0012898320944,"width":40,"height":40,"action":{"library":"H5P.CRAudio 1.4","params":{"fitToWrapper":true,"currIndex":15,"playerMode":"minimalistic","controls":true,"autoplay":true,"playAudio":"Play audio","pauseAudio":"Pause audio","contentName":"Audio","glowColor":"#ffd85a","timeStampForEachText":[{"text":" \u12ed\u1260\u122d\u122d ","startDuration":"0.0000","endDuration":"0.3803","wordfile":[{"path":"audios\/wordfile-66fa2d06f058e.wav","mime":"audio\/x-wav","copyright":{"license":"U"}}]},{"text":" \u12a3\u1208\u12b9! ","startDuration":"0.3803","endDuration":"1.3314","wordfile":[{"path":"audios\/wordfile-66fa2d2f45a16.wav","mime":"audio\/x-wav","copyright":{"license":"U"}}]},{"text":" \u12a5\u12c8! ","startDuration":"1.3314","endDuration":"1.9896","wordfile":[{"path":"audios\/wordfile-66fa2d6eaddc9.wav","mime":"audio\/x-wav","copyright":{"license":"U"}}]},{"text":" \u1210\u12da ","startDuration":"1.9896","endDuration":"2.3774","wordfile":[{"path":"audios\/wordfile-66fa2d99f2fd8.wav","mime":"audio\/x-wav","copyright":{"license":"U"}}]},{"text":" \u1275\u1260\u122d\u122a ","startDuration":"2.3774","endDuration":"2.7426","wordfile":[{"path":"audios\/wordfile-66fa2de33b1b2.wav","mime":"audio\/x-wav","copyright":{"license":"U"}}]},{"text":" \u12a3\u1208\u12ba! ","startDuration":"2.7426","endDuration":"3.3031","wordfile":[{"path":"audios\/wordfile-66fa2dfebc7c2.wav","mime":"audio\/x-wav","copyright":{"license":"U"}}]},{"text":" \u1260\u1208\u1275 ","startDuration":"3.3031","endDuration":"3.7435","wordfile":[{"path":"audios\/wordfile-66fa2e1fbfe88.wav","mime":"audio\/x-wav","copyright":{"license":"U"}}]},{"text":" \u1200\u1218\u121b ","startDuration":"3.7435","endDuration":"4.2589","wordfile":[{"path":"audios\/wordfile-66fa2e48916b4.wav","mime":"audio\/x-wav","copyright":{"license":"U"}}]}],"files":[{"path":"audios\/files-66f994e81f369.wav","mime":"audio\/x-wav","copyright":{"license":"U"}}]},"subContentId":"00a4f2ad-2ff6-4b03-9cf5-314569e94627","metadata":{"contentType":"Curious Reader Audio","license":"U","title":"Untitled Curious Reader Audio"}},"backgroundOpacity":0,"willDoAnimation":false,"animationType":"glow","displayAsButton":false,"buttonSize":"big","goToSlideType":"specified","invisible":false},{"x":6.577236842105264,"y":29.23376825908406,"width":17.43256578947368,"height":39.99941518947861,"action":{"library":"H5P.Image 1.1","params":{"contentName":"Image"},"subContentId":"9dada248-2bea-4035-a7ff-ece2de3c4676","metadata":{"contentType":"Image","license":"U","title":"Untitled Image"}},"backgroundOpacity":0,"willDoAnimation":true,"animationType":"glow","displayAsButton":false,"buttonSize":"big","goToSlideType":"specified","invisible":false,"id":"img00a4f2ad-2ff6-4b03-9cf5-314569e94627_7"}]},{"slideBackgroundSelector":{},"elements":[{"x":3.289473684210526,"y":6.497894682122992,"width":93.11663479923517,"height":86.79245283018868,"action":{"library":"H5P.Image 1.1","params":{"contentName":"Image","file":{"path":"images\/file-670e0fac1d18b.gif","mime":"image\/gif","copyright":{"license":"U"},"width":1920,"height":1080}},"subContentId":"5f6819b0-118c-483b-9e14-ac63fae6097f","metadata":{"contentType":"Image","license":"U","title":"Untitled Image"}},"backgroundOpacity":0,"willDoAnimation":false,"animationType":"glow","displayAsButton":false,"buttonSize":"big","goToSlideType":"specified","invisible":false},{"x":24.67105263157895,"y":80.5096840343078,"width":60.85361842105263,"height":19.490305141134275,"action":{"library":"H5P.CRAdvancedText 1.1","params":{"text":"<p><span style=\"font-size:1.5em;color:hsl(0, 0%, 100%);\"><strong>\u12e8\u1245\u1295\u12e8\u1208\u12ed \u121b\u121b! \u1215\u12da \u121d\u1265\u122b\u122d \u12aa\u12a2\u1208 \u12a0\u1208\u12b9!<\/strong><\/span><\/p>"},"subContentId":"fe6e4998-52fe-47f0-b956-5b82135f836e","metadata":{"contentType":"Text","license":"U","title":"Untitled Text"}},"alwaysDisplayComments":false,"backgroundOpacity":0,"willDoAnimation":false,"animationType":"glow","displayAsButton":false,"buttonSize":"big","goToSlideType":"specified","invisible":false,"solution":""},{"x":93.75,"y":3.248947341061496,"width":40,"height":40,"action":{"library":"H5P.CRAudio 1.4","params":{"fitToWrapper":true,"currIndex":16,"playerMode":"minimalistic","controls":true,"autoplay":true,"playAudio":"Play audio","pauseAudio":"Pause audio","contentName":"Audio","glowColor":"#ffd85a","timeStampForEachText":[{"text":" \u12e8\u1245\u1295\u12e8\u1208\u12ed ","startDuration":"0.0000","endDuration":"0.6730","wordfile":[{"path":"audios\/wordfile-66fa2c1a66775.wav","mime":"audio\/x-wav","copyright":{"license":"U"}}]},{"text":" \u121b\u121b! ","startDuration":"0.6730","endDuration":"1.1049","wordfile":[{"path":"audios\/wordfile-66fa2c3729067.wav","mime":"audio\/x-wav","copyright":{"license":"U"}}]},{"text":" \u1215\u12da ","startDuration":"1.1049","endDuration":"1.3745","wordfile":[{"path":"audios\/wordfile-66fa2c5b1fa62.wav","mime":"audio\/x-wav","copyright":{"license":"U"}}]},{"text":" \u121d\u1265\u122b\u122d ","startDuration":"1.3745","endDuration":"1.8713","wordfile":[{"path":"audios\/wordfile-66fa2c7eeb5ff.wav","mime":"audio\/x-wav","copyright":{"license":"U"}}]},{"text":" \u12aa\u12a2\u1208 ","startDuration":"1.8481","endDuration":"2.1269","wordfile":[{"path":"audios\/wordfile-66fa2cb994da9.wav","mime":"audio\/x-wav","copyright":{"license":"U"}}]},{"text":" \u12a0\u1208\u12b9! ","startDuration":"2.1269","endDuration":"2.6294","wordfile":[{"path":"audios\/wordfile-66fa2cd37989c.wav","mime":"audio\/x-wav","copyright":{"license":"U"}}]}],"files":[{"path":"audios\/files-66f9958030ac4.wav","mime":"audio\/x-wav","copyright":{"license":"U"}}]},"subContentId":"d614a259-2931-4a95-bc49-073405656c64","metadata":{"contentType":"Curious Reader Audio","license":"U","title":"Untitled Curious Reader Audio"}},"backgroundOpacity":0,"willDoAnimation":false,"animationType":"glow","displayAsButton":false,"buttonSize":"big","goToSlideType":"specified","invisible":false}]},{"slideBackgroundSelector":{},"elements":[{"x":4.934210526315789,"y":6.497894682122992,"width":93.11663479923517,"height":86.79245283018868,"action":{"library":"H5P.Image 1.1","params":{"contentName":"Image","file":{"path":"images\/file-670e0fc2e8e1a.gif","mime":"image\/gif","copyright":{"license":"U"},"width":1920,"height":1080}},"subContentId":"5f6819b0-118c-483b-9e14-ac63fae6097f","metadata":{"contentType":"Image","license":"U","title":"Untitled Image"}},"backgroundOpacity":0,"willDoAnimation":false,"animationType":"glow","displayAsButton":false,"buttonSize":"big","goToSlideType":"specified","invisible":false},{"x":24.67105263157895,"y":81.22368352653741,"width":60.85361842105263,"height":16.24135780007278,"action":{"library":"H5P.CRAdvancedText 1.1","params":{"text":"<p><span style=\"font-size:1.5em;color:hsl(0, 0%, 100%);\"><strong>\u127b\u12cd \u121b\u121b! \u1215\u12da \u12a0\u1340\u1262\u1240 \u121d\u1265\u122b\u122d \u12ed\u12bd\u12a5\u120d \u12a5\u12e8!<\/strong><\/span><\/p>"},"subContentId":"2f7e7dda-16d8-414a-9f50-eb9bf0b1a6cd","metadata":{"contentType":"Text","license":"U","title":"Untitled Text"}},"alwaysDisplayComments":false,"backgroundOpacity":0,"willDoAnimation":false,"animationType":"glow","displayAsButton":false,"buttonSize":"big","goToSlideType":"specified","invisible":false,"solution":""},{"x":93.75,"y":3.248947341061496,"width":40,"height":40,"action":{"library":"H5P.CRAudio 1.4","params":{"fitToWrapper":true,"currIndex":17,"playerMode":"minimalistic","controls":true,"autoplay":true,"playAudio":"Play audio","pauseAudio":"Pause audio","contentName":"Audio","glowColor":"#ffd85a","timeStampForEachText":[{"text":" \u127b\u12cd ","startDuration":"0.0000","endDuration":"0.2588","wordfile":[{"path":"audios\/wordfile-66fa2ac71a9d8.wav","mime":"audio\/x-wav","copyright":{"license":"U"}}]},{"text":" \u121b\u121b! ","startDuration":"0.2388","endDuration":"1.0279","wordfile":[{"path":"audios\/wordfile-66fa2ae677c2a.wav","mime":"audio\/x-wav","copyright":{"license":"U"}}]},{"text":" \u1215\u12da ","startDuration":"1.0279","endDuration":"1.6047","wordfile":[{"path":"audios\/wordfile-66fa2b1079ce6.wav","mime":"audio\/x-wav","copyright":{"license":"U"}}]},{"text":" \u12a0\u1340\u1262\u1240 ","startDuration":"1.6047","endDuration":"2.0010","wordfile":[{"path":"audios\/wordfile-66fa2b409f221.wav","mime":"audio\/x-wav","copyright":{"license":"U"}}]},{"text":" \u121d\u1265\u122b\u122d ","startDuration":"2.0010","endDuration":"2.3337","wordfile":[{"path":"audios\/wordfile-66fa2b72d7102.wav","mime":"audio\/x-wav","copyright":{"license":"U"}}]},{"text":" \u12ed\u12bd\u12a5\u120d ","startDuration":"2.3337","endDuration":"2.7035","wordfile":[{"path":"audios\/wordfile-66fa2bacc0389.wav","mime":"audio\/x-wav","copyright":{"license":"U"}}]},{"text":" \u12a5\u12e8! ","startDuration":"2.7035","endDuration":"3.0089","wordfile":[{"path":"audios\/wordfile-66fa2bd1bb766.wav","mime":"audio\/x-wav","copyright":{"license":"U"}}]}],"files":[{"path":"audios\/files-66f9956c5bed4.wav","mime":"audio\/x-wav","copyright":{"license":"U"}}]},"subContentId":"d812556f-b393-43ed-a257-8943029c614e","metadata":{"contentType":"Curious Reader Audio","license":"U","title":"Untitled Curious Reader Audio"}},"backgroundOpacity":0,"willDoAnimation":false,"animationType":"glow","displayAsButton":false,"buttonSize":"big","goToSlideType":"specified","invisible":false}]},{"elements":[{"x":4.934210526315789,"y":9.746842023184488,"width":90.84950657894737,"height":84.46938192025785,"action":{"library":"H5P.Image 1.1","params":{"contentName":"Image","file":{"path":"images\/file-672f0df4234c5.png","mime":"image\/png","copyright":{"license":"U"},"width":1827,"height":952}},"subContentId":"562c5e18-c807-40c2-8e09-c993c138e0b7","metadata":{"contentType":"Image","license":"U","title":"Untitled Image"}},"backgroundOpacity":0,"willDoAnimation":false,"animationType":"glow","displayAsButton":false,"buttonSize":"big","goToSlideType":"specified","invisible":false}],"slideBackgroundSelector":{}}],"keywordListEnabled":true,"globalBackgroundSelector":{},"keywordListAlwaysShow":false,"keywordListAutoHide":false,"keywordListOpacity":90},"override":{"activeSurface":false,"hideSummarySlide":false,"summarySlideSolutionButton":true,"summarySlideRetryButton":true,"enablePrintButton":false,"social":{"showFacebookShare":false,"facebookShare":{"url":"@currentpageurl","quote":"I scored @score out of @maxScore on a task at @currentpageurl."},"showTwitterShare":false,"twitterShare":{"statement":"I scored @score out of @maxScore on a task at @currentpageurl.","url":"@currentpageurl","hashtags":"h5p, course"},"showGoogleShare":false,"googleShareUrl":"@currentpageurl"}},"l10n":{"slide":"Slide","score":"Score","yourScore":"Your Score","maxScore":"Max Score","total":"Total","totalScore":"Total Score","showSolutions":"Show solutions","retry":"Retry","exportAnswers":"Export text","hideKeywords":"Hide sidebar navigation menu","showKeywords":"Show sidebar navigation menu","fullscreen":"Fullscreen","exitFullscreen":"Exit fullscreen","prevSlide":"Previous slide","nextSlide":"Next slide","currentSlide":"Current slide","lastSlide":"Last slide","solutionModeTitle":"Exit solution mode","solutionModeText":"Solution Mode","summaryMultipleTaskText":"Multiple tasks","scoreMessage":"You achieved:","shareFacebook":"Share on Facebook","shareTwitter":"Share on Twitter","shareGoogle":"Share on Google+","summary":"Summary","solutionsButtonTitle":"Show comments","printTitle":"Print","printIngress":"How would you like to print this presentation?","printAllSlides":"Print all slides","printCurrentSlide":"Print current slide","noTitle":"No title","accessibilitySlideNavigationExplanation":"Use left and right arrow to change slide in that direction whenever canvas is selected.","accessibilityCanvasLabel":"Presentation canvas. Use left and right arrow to move between slides.","containsNotCompleted":"@slideName contains not completed interaction","containsCompleted":"@slideName contains completed interaction","slideCount":"Slide @index of @total","containsOnlyCorrect":"@slideName only has correct answers","containsIncorrectAnswers":"@slideName has incorrect answers","shareResult":"Share Result","accessibilityTotalScore":"You got @score of @maxScore points in total","accessibilityEnteredFullscreen":"Entered fullscreen","accessibilityExitedFullscreen":"Exited fullscreen"}}