{"presentation":{"slides":[{"elements":[{"x":30.501089324618736,"y":2.1454967741935485,"width":40.30501089324619,"height":81.93548387096773,"action":{"library":"H5P.Image 1.1","params":{"decorative":false,"contentName":"Image","file":{"path":"images\/file-667012d869ce9.png","mime":"image\/png","copyright":{"license":"U"},"width":1018,"height":1100}},"subContentId":"37ac54ea-6a32-416d-9cb4-c3f482892efd","metadata":{"contentType":"Image","license":"U","title":"Untitled Image"}},"backgroundOpacity":0,"willDoAnimation":false,"animationType":"glow","displayAsButton":false,"buttonSize":"big","goToSlideType":"specified","invisible":false},{"x":39.21568627450981,"y":88.17204301075269,"width":34.095860566448806,"height":7.526881720430107,"action":{"library":"H5P.CRAdvancedText 1.1","params":{"text":"<p>Bear likes colours.<\/p>\n"},"subContentId":"14e97f88-4e53-4567-b9a6-8cf8b548bf2e","metadata":{"contentType":"Text","license":"U","title":"Untitled Text"}},"alwaysDisplayComments":false,"backgroundOpacity":0,"willDoAnimation":false,"animationType":"glow","displayAsButton":false,"buttonSize":"big","goToSlideType":"specified","invisible":false,"solution":""},{"x":92.5925925925926,"y":2.150537634408602,"width":40,"height":40,"action":{"library":"H5P.CRAudio 1.4","params":{"fitToWrapper":true,"currIndex":0,"playerMode":"minimalistic","controls":true,"autoplay":false,"playAudio":"Play audio","pauseAudio":"Pause audio","contentName":"Audio","glowColor":"#ffd85a","timeStampForEachText":[{"text":" Bear ","startDuration":"0.0000","endDuration":"0.5053","wordfile":[{"path":"audios\/wordfile-6670407a98402.mp3","mime":"audio\/mpeg","copyright":{"license":"U"}}]},{"text":" likes ","startDuration":"0.5499","endDuration":"1.0867","wordfile":[{"path":"audios\/wordfile-6670408192f9c.mp3","mime":"audio\/mpeg","copyright":{"license":"U"}}]},{"text":" colours. ","startDuration":"1.1071","endDuration":"1.9273","wordfile":[{"path":"audios\/wordfile-6670408f3268f.mp3","mime":"audio\/mpeg","copyright":{"license":"U"}}]}],"files":[{"path":"audios\/files-6670225e6eef6.wav","mime":"audio\/x-wav","copyright":{"license":"U"}}]},"subContentId":"cb34098c-2586-4a6c-b4fb-4c6b4d4e5799","metadata":{"contentType":"Curious Reader Audio","license":"U","title":"Untitled Curious Reader Audio"}},"backgroundOpacity":0,"willDoAnimation":false,"animationType":"glow","displayAsButton":false,"buttonSize":"big","goToSlideType":"specified","invisible":false},{"x":30.010893246187365,"y":29.999999999999996,"width":40,"height":40,"action":{"library":"H5P.Image 1.1","params":{"decorative":false,"contentName":"Image"},"subContentId":"59123aaa-4ac4-4f45-bfdf-348ddeafc807","metadata":{"contentType":"Image","license":"U","title":"Untitled Image"}},"backgroundOpacity":0,"willDoAnimation":true,"animationType":"glow","displayAsButton":false,"buttonSize":"big","goToSlideType":"specified","invisible":false,"id":"imgcb34098c-2586-4a6c-b4fb-4c6b4d4e5799_0"}],"slideBackgroundSelector":{}},{"elements":[{"x":28.32244008714597,"y":0,"width":40.19607843137255,"height":83.87096774193547,"action":{"library":"H5P.Image 1.1","params":{"decorative":false,"contentName":"Image","file":{"path":"images\/file-6670134dcf940.png","mime":"image\/png","copyright":{"license":"U"},"width":1454,"height":1296}},"subContentId":"c9b78348-0509-4c87-8fca-90427a52adb7","metadata":{"contentType":"Image","license":"U","title":"Untitled Image"}},"backgroundOpacity":0,"willDoAnimation":false,"animationType":"glow","displayAsButton":false,"buttonSize":"big","goToSlideType":"specified","invisible":false},{"x":38.12636165577342,"y":86.02150537634408,"width":39.97821350762527,"height":8.602150537634408,"action":{"library":"H5P.CRAdvancedText 1.1","params":{"text":"<p>Bear finds colours.<\/p>\n"},"subContentId":"d29f56f4-7eaa-41f6-ae4a-bb9ae6a31e15","metadata":{"contentType":"Text","license":"U","title":"Untitled Text"}},"alwaysDisplayComments":false,"backgroundOpacity":0,"willDoAnimation":false,"animationType":"glow","displayAsButton":false,"buttonSize":"big","goToSlideType":"specified","invisible":false,"solution":""},{"x":92.5925925925926,"y":2.150537634408602,"width":40,"height":40,"action":{"library":"H5P.CRAudio 1.4","params":{"fitToWrapper":true,"currIndex":1,"playerMode":"minimalistic","controls":true,"autoplay":false,"playAudio":"Play audio","pauseAudio":"Pause audio","contentName":"Audio","glowColor":"#ffd85a","timeStampForEachText":[{"text":" Bear ","startDuration":"0.0000","endDuration":"0.5194","wordfile":[{"path":"audios\/wordfile-667040a2688da.mp3","mime":"audio\/mpeg","copyright":{"license":"U"}}]},{"text":" finds ","startDuration":"0.5204","endDuration":"1.2756","wordfile":[{"path":"audios\/wordfile-667040a9b2797.mp3","mime":"audio\/mpeg","copyright":{"license":"U"}}]},{"text":" colours. ","startDuration":"1.2766","endDuration":"2.1520","wordfile":[{"path":"audios\/wordfile-667040b86a2bf.mp3","mime":"audio\/mpeg","copyright":{"license":"U"}}]}],"files":[{"path":"audios\/files-667023662f928.wav","mime":"audio\/x-wav","copyright":{"license":"U"}}]},"subContentId":"49142af8-ca66-4a5b-ad74-7c1fc2b60dfe","metadata":{"contentType":"Curious Reader Audio","license":"U","title":"Untitled Curious Reader Audio"}},"backgroundOpacity":0,"willDoAnimation":false,"animationType":"glow","displayAsButton":false,"buttonSize":"big","goToSlideType":"specified","invisible":false},{"x":41.394335511982575,"y":29.963010752688174,"width":28.649237472766885,"height":40,"action":{"library":"H5P.Image 1.1","params":{"decorative":false,"contentName":"Image"},"subContentId":"4da02a56-7f12-42c5-8204-154928aebd60","metadata":{"contentType":"Image","license":"U","title":"Untitled Image"}},"backgroundOpacity":0,"willDoAnimation":true,"animationType":"glow","displayAsButton":false,"buttonSize":"big","goToSlideType":"specified","invisible":false,"id":"img49142af8-ca66-4a5b-ad74-7c1fc2b60dfe_0"}],"slideBackgroundSelector":{}},{"elements":[{"x":21.78649237472767,"y":0,"width":54.248366013071895,"height":98.9247311827957,"action":{"library":"H5P.Image 1.1","params":{"decorative":false,"contentName":"Image","file":{"path":"images\/file-66728ec2081a9.png","mime":"image\/png","copyright":{"license":"U"},"width":1460,"height":1208}},"subContentId":"0ff4bf66-8722-4f6e-87e1-f9caddf8669a","metadata":{"contentType":"Image","license":"U","title":"Untitled Image"}},"backgroundOpacity":0,"willDoAnimation":false,"animationType":"glow","displayAsButton":false,"buttonSize":"big","goToSlideType":"specified","invisible":false}],"slideBackgroundSelector":{}},{"slideBackgroundSelector":{},"elements":[{"x":25.05446623093682,"y":0,"width":53.37690631808279,"height":85.16129032258064,"action":{"library":"H5P.Image 1.1","params":{"decorative":false,"contentName":"Image","file":{"path":"images\/file-66701d796217a.png","mime":"image\/png","copyright":{"license":"U"},"width":1462,"height":1152}},"subContentId":"02ec1f83-f873-4ddd-8938-e2b9558d86cd","metadata":{"contentType":"Image","license":"U","title":"Untitled Image"}},"backgroundOpacity":0,"willDoAnimation":false,"animationType":"glow","displayAsButton":false,"buttonSize":"big","goToSlideType":"specified","invisible":false},{"x":43.57298474945534,"y":88.17204301075269,"width":16.33986928104575,"height":11.82795698924731,"action":{"library":"H5P.CRAdvancedText 1.1","params":{"text":"<p>Yellow ears.<\/p>\n"},"subContentId":"b8b26a4d-dd41-481d-bbdc-f46cf6d63a7b","metadata":{"contentType":"Text","license":"U","title":"Untitled Text"}},"alwaysDisplayComments":false,"backgroundOpacity":0,"willDoAnimation":false,"animationType":"glow","displayAsButton":false,"buttonSize":"big","goToSlideType":"specified","invisible":false,"solution":""},{"x":92.5925925925926,"y":2.150537634408602,"width":40,"height":40,"action":{"library":"H5P.CRAudio 1.4","params":{"fitToWrapper":true,"currIndex":3,"playerMode":"minimalistic","controls":true,"autoplay":false,"playAudio":"Play audio","pauseAudio":"Pause audio","contentName":"Audio","glowColor":"#ffd85a","timeStampForEachText":[{"text":" Yellow ","startDuration":"0.0000","endDuration":"0.5376","wordfile":[{"path":"audios\/wordfile-667040ca6a37a.mp3","mime":"audio\/mpeg","copyright":{"license":"U"}}]},{"text":" ears. ","startDuration":"0.5386","endDuration":"1.2585","wordfile":[{"path":"audios\/wordfile-667040d28a99d.mp3","mime":"audio\/mpeg","copyright":{"license":"U"}}]}],"files":[{"path":"audios\/files-6670239431e72.wav","mime":"audio\/x-wav","copyright":{"license":"U"}}]},"subContentId":"3e2937ef-a1e0-4bae-a4d1-2bd592e46a37","metadata":{"contentType":"Curious Reader Audio","license":"U","title":"Untitled Curious Reader Audio"}},"backgroundOpacity":0,"willDoAnimation":false,"animationType":"glow","displayAsButton":false,"buttonSize":"big","goToSlideType":"specified","invisible":false},{"x":37.03703703703704,"y":27.956989247311824,"width":10.239651416122005,"height":18.064516129032256,"action":{"library":"H5P.Image 1.1","params":{"decorative":false,"contentName":"Image"},"subContentId":"997749c3-835b-4aaa-a60a-400c41812fc5","metadata":{"contentType":"Image","license":"U","title":"Untitled Image"}},"backgroundOpacity":0,"willDoAnimation":true,"animationType":"glow","displayAsButton":false,"buttonSize":"big","goToSlideType":"specified","invisible":false,"id":"img3e2937ef-a1e0-4bae-a4d1-2bd592e46a37_1"},{"x":55.55555555555556,"y":21.50537634408602,"width":9.15032679738562,"height":20.21505376344086,"action":{"library":"H5P.Image 1.1","params":{"decorative":false,"contentName":"Image"},"subContentId":"2c40e013-e7ac-4184-8c8a-6f6a74ffc2e5","metadata":{"contentType":"Image","license":"U","title":"Untitled Image"}},"backgroundOpacity":0,"willDoAnimation":true,"animationType":"glow","displayAsButton":false,"buttonSize":"big","goToSlideType":"specified","invisible":false,"id":"img3e2937ef-a1e0-4bae-a4d1-2bd592e46a37_1"}]},{"elements":[{"x":21.78649237472767,"y":0,"width":53.37690631808279,"height":99.99999999999999,"action":{"library":"H5P.Image 1.1","params":{"decorative":false,"contentName":"Image","file":{"path":"images\/file-66728f2cab668.png","mime":"image\/png","copyright":{"license":"U"},"width":1460,"height":1228}},"subContentId":"1139ac7e-8806-4f32-a5ee-27fcd670ebbd","metadata":{"contentType":"Image","license":"U","title":"Untitled Image"}},"backgroundOpacity":0,"willDoAnimation":false,"animationType":"glow","displayAsButton":false,"buttonSize":"big","goToSlideType":"specified","invisible":false}],"slideBackgroundSelector":{}},{"elements":[{"x":47.930283224400874,"y":86.02150537634408,"width":39.97821350762527,"height":10.75268817204301,"action":{"library":"H5P.CRAdvancedText 1.1","params":{"text":"<p>Brown tummy.<\/p>\n"},"subContentId":"7ad3a5af-634a-41c5-b366-15673b7b1f10","metadata":{"contentType":"Text","license":"U","title":"Untitled Text"}},"alwaysDisplayComments":false,"backgroundOpacity":0,"willDoAnimation":false,"animationType":"glow","displayAsButton":false,"buttonSize":"big","goToSlideType":"specified","invisible":false,"solution":""},{"x":28.32244008714597,"y":0,"width":50.871459694989106,"height":81.72043010752688,"action":{"library":"H5P.Image 1.1","params":{"decorative":false,"contentName":"Image","file":{"path":"images\/file-66701dd959d9f.png","mime":"image\/png","copyright":{"license":"U"},"width":1464,"height":1152}},"subContentId":"39d6c5e0-fdbf-4fdf-8fb5-e27d90ff2223","metadata":{"contentType":"Image","license":"U","title":"Untitled Image"}},"backgroundOpacity":0,"willDoAnimation":false,"animationType":"glow","displayAsButton":false,"buttonSize":"big","goToSlideType":"specified","invisible":false},{"x":92.5925925925926,"y":2.150537634408602,"width":40,"height":40,"action":{"library":"H5P.CRAudio 1.4","params":{"fitToWrapper":true,"currIndex":5,"playerMode":"minimalistic","controls":true,"autoplay":false,"playAudio":"Play audio","pauseAudio":"Pause audio","contentName":"Audio","glowColor":"#ffd85a","timeStampForEachText":[{"text":" Brown ","startDuration":"0.0000","endDuration":"0.5626","wordfile":[{"path":"audios\/wordfile-6670433b5b02a.mp3","mime":"audio\/mpeg","copyright":{"license":"U"}}]},{"text":" tummy. ","startDuration":"0.5636","endDuration":"1.1507","wordfile":[{"path":"audios\/wordfile-667040ecd3b81.mp3","mime":"audio\/mpeg","copyright":{"license":"U"}}]}],"files":[{"path":"audios\/files-667023bc9cdb7.wav","mime":"audio\/x-wav","copyright":{"license":"U"}}]},"subContentId":"99fa8943-021d-4c2f-99ed-52e3a1095330","metadata":{"contentType":"Curious Reader Audio","license":"U","title":"Untitled Curious Reader Audio"}},"backgroundOpacity":0,"willDoAnimation":false,"animationType":"glow","displayAsButton":false,"buttonSize":"big","goToSlideType":"specified","invisible":false},{"x":46.84095860566449,"y":23.625591397849462,"width":13.83442265795207,"height":40,"action":{"library":"H5P.Image 1.1","params":{"decorative":false,"contentName":"Image"},"subContentId":"d5d4fdf1-fd4f-49d1-ac57-66aa54cdc167","metadata":{"contentType":"Image","license":"U","title":"Untitled Image"}},"backgroundOpacity":0,"willDoAnimation":true,"animationType":"glow","displayAsButton":false,"buttonSize":"big","goToSlideType":"specified","invisible":false,"id":"img99fa8943-021d-4c2f-99ed-52e3a1095330_1"}],"slideBackgroundSelector":{}},{"elements":[{"x":19.607843137254903,"y":0,"width":58.932461873638346,"height":98.9247311827957,"action":{"library":"H5P.Image 1.1","params":{"decorative":false,"contentName":"Image","file":{"path":"images\/file-66728f5cac193.png","mime":"image\/png","copyright":{"license":"U"},"width":1450,"height":1072}},"subContentId":"3c5ffb12-deff-4fce-924a-d8b53e500457","metadata":{"contentType":"Image","license":"U","title":"Untitled Image"}},"backgroundOpacity":0,"willDoAnimation":false,"animationType":"glow","displayAsButton":false,"buttonSize":"big","goToSlideType":"specified","invisible":false}],"slideBackgroundSelector":{}},{"elements":[{"x":26.143790849673206,"y":0,"width":51.19825708061002,"height":83.01075268817203,"action":{"library":"H5P.Image 1.1","params":{"decorative":false,"contentName":"Image","file":{"path":"images\/file-66701e56c55b2.png","mime":"image\/png","copyright":{"license":"U"},"width":1452,"height":1112}},"subContentId":"dd6ea32d-17b4-49a2-ac99-44a926397f07","metadata":{"contentType":"Image","license":"U","title":"Untitled Image"}},"backgroundOpacity":0,"willDoAnimation":false,"animationType":"glow","displayAsButton":false,"buttonSize":"big","goToSlideType":"specified","invisible":false},{"x":45.751633986928105,"y":86.02150537634408,"width":39.97821350762527,"height":10.75268817204301,"action":{"library":"H5P.CRAdvancedText 1.1","params":{"text":"<p>Red mouth.<\/p>\n"},"subContentId":"5755580d-d772-486f-bf23-050a6e9bd910","metadata":{"contentType":"Text","license":"U","title":"Untitled Text"}},"alwaysDisplayComments":false,"backgroundOpacity":0,"willDoAnimation":false,"animationType":"glow","displayAsButton":false,"buttonSize":"big","goToSlideType":"specified","invisible":false,"solution":""},{"x":92.5925925925926,"y":2.150537634408602,"width":40,"height":40,"action":{"library":"H5P.CRAudio 1.4","params":{"fitToWrapper":true,"currIndex":7,"playerMode":"minimalistic","controls":true,"autoplay":false,"playAudio":"Play audio","pauseAudio":"Pause audio","contentName":"Audio","glowColor":"#ffd85a","timeStampForEachText":[{"text":" Red ","startDuration":"0.0012","endDuration":"0.3674","wordfile":[{"path":"audios\/wordfile-6670436f2ef74.mp3","mime":"audio\/mpeg","copyright":{"license":"U"}}]},{"text":" mouth. ","startDuration":"0.3684","endDuration":"1.0184","wordfile":[{"path":"audios\/wordfile-66704377199ff.mp3","mime":"audio\/mpeg","copyright":{"license":"U"}}]}],"files":[{"path":"audios\/files-6670247add6e9.wav","mime":"audio\/x-wav","copyright":{"license":"U"}}]},"subContentId":"ff16fcfb-1f9a-46d9-a9ef-33ece7bee4ed","metadata":{"contentType":"Curious Reader Audio","license":"U","title":"Untitled Curious Reader Audio"}},"backgroundOpacity":0,"willDoAnimation":false,"animationType":"glow","displayAsButton":false,"buttonSize":"big","goToSlideType":"specified","invisible":false},{"x":37.03703703703704,"y":15.033591397849461,"width":9.477124183006536,"height":9.677419354838708,"action":{"library":"H5P.Image 1.1","params":{"decorative":false,"contentName":"Image"},"subContentId":"e80e0357-5558-4439-a335-920b850d8a60","metadata":{"contentType":"Image","license":"U","title":"Untitled Image"}},"backgroundOpacity":0,"willDoAnimation":true,"animationType":"glow","displayAsButton":false,"buttonSize":"big","goToSlideType":"specified","invisible":false,"id":"imgff16fcfb-1f9a-46d9-a9ef-33ece7bee4ed_1"}],"slideBackgroundSelector":{}},{"elements":[{"x":20.697167755991288,"y":0,"width":54.46623093681917,"height":99.56989247311827,"action":{"library":"H5P.Image 1.1","params":{"decorative":false,"contentName":"Image","file":{"path":"images\/file-66728f895b6ce.png","mime":"image\/png","copyright":{"license":"U"},"width":1460,"height":1046}},"subContentId":"450c94de-adcf-43c3-ab7d-d5689fc705ad","metadata":{"contentType":"Image","license":"U","title":"Untitled Image"}},"backgroundOpacity":0,"willDoAnimation":false,"animationType":"glow","displayAsButton":false,"buttonSize":"big","goToSlideType":"specified","invisible":false}],"slideBackgroundSelector":{}},{"elements":[{"x":26.143790849673206,"y":0,"width":46.84095860566449,"height":82.36559139784946,"action":{"library":"H5P.Image 1.1","params":{"decorative":false,"contentName":"Image","file":{"path":"images\/file-66701f3c14364.png","mime":"image\/png","copyright":{"license":"U"},"width":1462,"height":1152}},"subContentId":"d55ad40e-d556-4484-a666-3ae886cbe759","metadata":{"contentType":"Image","license":"U","title":"Untitled Image"}},"backgroundOpacity":0,"willDoAnimation":false,"animationType":"glow","displayAsButton":false,"buttonSize":"big","goToSlideType":"specified","invisible":false},{"x":43.57298474945534,"y":86.02150537634408,"width":39.97821350762527,"height":9.677419354838708,"action":{"library":"H5P.CRAdvancedText 1.1","params":{"text":"<p>Blue hands.<\/p>\n"},"subContentId":"21518ff7-cf99-4554-b07a-cd4a2cc00164","metadata":{"contentType":"Text","license":"U","title":"Untitled Text"}},"alwaysDisplayComments":false,"backgroundOpacity":0,"willDoAnimation":false,"animationType":"glow","displayAsButton":false,"buttonSize":"big","goToSlideType":"specified","invisible":false,"solution":""},{"x":92.5925925925926,"y":2.150537634408602,"width":40,"height":40,"action":{"library":"H5P.CRAudio 1.4","params":{"fitToWrapper":true,"currIndex":9,"playerMode":"minimalistic","controls":true,"autoplay":false,"playAudio":"Play audio","pauseAudio":"Pause audio","contentName":"Audio","glowColor":"#ffd85a","timeStampForEachText":[{"text":" Blue ","startDuration":"0.0000","endDuration":"0.4412","wordfile":[{"path":"audios\/wordfile-6670438663642.mp3","mime":"audio\/mpeg","copyright":{"license":"U"}}]},{"text":" hands. ","startDuration":"0.4422","endDuration":"1.2760","wordfile":[{"path":"audios\/wordfile-667043907ded4.mp3","mime":"audio\/mpeg","copyright":{"license":"U"}}]}],"files":[{"path":"audios\/files-6670249f775ab.wav","mime":"audio\/x-wav","copyright":{"license":"U"}}]},"subContentId":"af3e3cbb-090f-4c53-bec7-1e61ea4f62ff","metadata":{"contentType":"Curious Reader Audio","license":"U","title":"Untitled Curious Reader Audio"}},"backgroundOpacity":0,"willDoAnimation":false,"animationType":"glow","displayAsButton":false,"buttonSize":"big","goToSlideType":"specified","invisible":false},{"x":40.30501089324619,"y":4.301075268817204,"width":6.209150326797386,"height":11.82795698924731,"action":{"library":"H5P.Image 1.1","params":{"decorative":false,"contentName":"Image"},"subContentId":"9fabe9dd-eb3e-4e72-91a1-621a6741ee8f","metadata":{"contentType":"Image","license":"U","title":"Untitled Image"}},"backgroundOpacity":0,"willDoAnimation":true,"animationType":"glow","displayAsButton":false,"buttonSize":"big","goToSlideType":"specified","invisible":false,"id":"imgaf3e3cbb-090f-4c53-bec7-1e61ea4f62ff_1"},{"x":52.287581699346404,"y":4.301075268817204,"width":6.209150326797386,"height":11.82795698924731,"action":{"library":"H5P.Image 1.1","params":{"decorative":false,"contentName":"Image"},"subContentId":"43ebe7ef-af7b-4320-b058-250c05716e41","metadata":{"contentType":"Image","license":"U","title":"Untitled Image"}},"backgroundOpacity":0,"willDoAnimation":true,"animationType":"glow","displayAsButton":false,"buttonSize":"big","goToSlideType":"specified","invisible":false,"id":"imgaf3e3cbb-090f-4c53-bec7-1e61ea4f62ff_1"}],"slideBackgroundSelector":{}},{"elements":[{"x":19.607843137254903,"y":0,"width":59.04139433551198,"height":98.9247311827957,"action":{"library":"H5P.Image 1.1","params":{"decorative":false,"contentName":"Image","file":{"path":"images\/file-66728fb300b27.png","mime":"image\/png","copyright":{"license":"U"},"width":1454,"height":1040}},"subContentId":"ef53ea9f-60cc-449b-9cfd-5a61633e49dc","metadata":{"contentType":"Image","license":"U","title":"Untitled Image"}},"backgroundOpacity":0,"willDoAnimation":false,"animationType":"glow","displayAsButton":false,"buttonSize":"big","goToSlideType":"specified","invisible":false}],"slideBackgroundSelector":{}},{"elements":[{"x":23.965141612200437,"y":0,"width":53.15904139433551,"height":83.87096774193547,"action":{"library":"H5P.Image 1.1","params":{"decorative":false,"contentName":"Image","file":{"path":"images\/file-66701fd16113e.png","mime":"image\/png","copyright":{"license":"U"},"width":1448,"height":1098}},"subContentId":"5c3e3bad-5a9c-452b-9e3c-0bcfe60dbf62","metadata":{"contentType":"Image","license":"U","title":"Untitled Image"}},"backgroundOpacity":0,"willDoAnimation":false,"animationType":"glow","displayAsButton":false,"buttonSize":"big","goToSlideType":"specified","invisible":false},{"x":44.66230936819172,"y":86.02150537634408,"width":39.97821350762527,"height":11.82795698924731,"action":{"library":"H5P.CRAdvancedText 1.1","params":{"text":"<p>Green back.<\/p>\n"},"subContentId":"0b988fc0-712d-4b0d-b687-81f80b767769","metadata":{"contentType":"Text","license":"U","title":"Untitled Text"}},"alwaysDisplayComments":false,"backgroundOpacity":0,"willDoAnimation":false,"animationType":"glow","displayAsButton":false,"buttonSize":"big","goToSlideType":"specified","invisible":false,"solution":""},{"x":47.00435729847495,"y":43.97849462365591,"width":40,"height":40,"action":{"library":"H5P.CRAudio 1.4","params":{"fitToWrapper":true,"currIndex":11,"playerMode":"minimalistic","controls":true,"autoplay":false,"playAudio":"Play audio","pauseAudio":"Pause audio","contentName":"Audio","glowColor":"#ffd85a","timeStampForEachText":[{"text":" Green ","startDuration":"0.0000","endDuration":"0.5094","wordfile":[{"path":"audios\/wordfile-667043a1b1887.mp3","mime":"audio\/mpeg","copyright":{"license":"U"}}]},{"text":" back. ","startDuration":"0.5104","endDuration":"1.1199","wordfile":[{"path":"audios\/wordfile-6670418e6dbc2.mp3","mime":"audio\/mpeg","copyright":{"license":"U"}}]}],"files":[{"path":"audios\/files-667024ecd06be.wav","mime":"audio\/x-wav","copyright":{"license":"U"}}]},"subContentId":"77358bac-52a0-47e3-9aaa-fe82a075653b","metadata":{"contentType":"Curious Reader Audio","license":"U","title":"Untitled Curious Reader Audio"}},"backgroundOpacity":0,"willDoAnimation":false,"animationType":"glow","displayAsButton":false,"buttonSize":"big","goToSlideType":"specified","invisible":false},{"x":43.57298474945534,"y":47.25462365591398,"width":10.56644880174292,"height":22.58064516129032,"action":{"library":"H5P.Image 1.1","params":{"decorative":false,"contentName":"Image"},"subContentId":"b2a646f9-41c9-41b0-95d8-f9018b2f372e","metadata":{"contentType":"Image","license":"U","title":"Untitled Image"}},"backgroundOpacity":0,"willDoAnimation":true,"animationType":"glow","displayAsButton":false,"buttonSize":"big","goToSlideType":"specified","invisible":false,"id":"img77358bac-52a0-47e3-9aaa-fe82a075653b_1"}],"slideBackgroundSelector":{}},{"elements":[{"x":19.607843137254903,"y":0,"width":58.71459694989107,"height":98.9247311827957,"action":{"library":"H5P.Image 1.1","params":{"decorative":false,"contentName":"Image","file":{"path":"images\/file-66728fd910631.png","mime":"image\/png","copyright":{"license":"U"},"width":1464,"height":1088}},"subContentId":"c9b41ed1-b724-404f-9254-0f0f0f394644","metadata":{"contentType":"Image","license":"U","title":"Untitled Image"}},"backgroundOpacity":0,"willDoAnimation":false,"animationType":"glow","displayAsButton":false,"buttonSize":"big","goToSlideType":"specified","invisible":false}],"slideBackgroundSelector":{}},{"elements":[{"x":26.143790849673206,"y":0,"width":50.76252723311547,"height":83.87096774193547,"action":{"library":"H5P.Image 1.1","params":{"decorative":false,"contentName":"Image","file":{"path":"images\/file-66702006b6bf8.png","mime":"image\/png","copyright":{"license":"U"},"width":1450,"height":1094}},"subContentId":"7a304988-b3fe-43a0-8808-41975e67c34c","metadata":{"contentType":"Image","license":"U","title":"Untitled Image"}},"backgroundOpacity":0,"willDoAnimation":false,"animationType":"glow","displayAsButton":false,"buttonSize":"big","goToSlideType":"specified","invisible":false},{"x":45.751633986928105,"y":86.02150537634408,"width":39.97821350762527,"height":9.677419354838708,"action":{"library":"H5P.CRAdvancedText 1.1","params":{"text":"<p>Pink legs.<\/p>\n"},"subContentId":"0998be98-300a-453c-a0f7-f98a7c8e421a","metadata":{"contentType":"Text","license":"U","title":"Untitled Text"}},"alwaysDisplayComments":false,"backgroundOpacity":0,"willDoAnimation":false,"animationType":"glow","displayAsButton":false,"buttonSize":"big","goToSlideType":"specified","invisible":false,"solution":""},{"x":47.00435729847495,"y":43.97849462365591,"width":40,"height":40,"action":{"library":"H5P.CRAudio 1.4","params":{"fitToWrapper":true,"currIndex":13,"playerMode":"minimalistic","controls":true,"autoplay":false,"playAudio":"Play audio","pauseAudio":"Pause audio","contentName":"Audio","glowColor":"#ffd85a","timeStampForEachText":[{"text":" Pink ","startDuration":"0.0000","endDuration":"0.4023","wordfile":[{"path":"audios\/wordfile-6670419e24ca2.mp3","mime":"audio\/mpeg","copyright":{"license":"U"}}]},{"text":" legs. ","startDuration":"0.4033","endDuration":"1.3226","wordfile":[{"path":"audios\/wordfile-667041a63672c.mp3","mime":"audio\/mpeg","copyright":{"license":"U"}}]}],"files":[{"path":"audios\/files-6670250a57667.wav","mime":"audio\/x-wav","copyright":{"license":"U"}}]},"subContentId":"9b79cda4-c478-48ae-8e7b-3872388e0707","metadata":{"contentType":"Curious Reader Audio","license":"U","title":"Untitled Curious Reader Audio"}},"backgroundOpacity":0,"willDoAnimation":false,"animationType":"glow","displayAsButton":false,"buttonSize":"big","goToSlideType":"specified","invisible":false},{"x":59.912854030501094,"y":60.21505376344086,"width":7.298474945533769,"height":13.763440860215052,"action":{"library":"H5P.Image 1.1","params":{"decorative":false,"contentName":"Image"},"subContentId":"fe7aa66d-706b-4cde-987b-cdbffa2f037d","metadata":{"contentType":"Image","license":"U","title":"Untitled Image"}},"backgroundOpacity":0,"willDoAnimation":true,"animationType":"glow","displayAsButton":false,"buttonSize":"big","goToSlideType":"specified","invisible":false,"id":"img9b79cda4-c478-48ae-8e7b-3872388e0707_1"}],"slideBackgroundSelector":{}},{"elements":[{"x":23.965141612200437,"y":0,"width":52.287581699346404,"height":80.21505376344085,"action":{"library":"H5P.Image 1.1","params":{"decorative":false,"contentName":"Image","file":{"path":"images\/file-6670212b31380.png","mime":"image\/png","copyright":{"license":"U"},"width":1452,"height":1078}},"subContentId":"ad308b8a-da90-4304-9fce-bb6d1d722bb8","metadata":{"contentType":"Image","license":"U","title":"Untitled Image"}},"backgroundOpacity":0,"willDoAnimation":false,"animationType":"glow","displayAsButton":false,"buttonSize":"big","goToSlideType":"specified","invisible":false},{"x":39.21568627450981,"y":83.87096774193547,"width":39.97821350762527,"height":11.82795698924731,"action":{"library":"H5P.CRAdvancedText 1.1","params":{"text":"<p>Colourful bear.<\/p>\n"},"subContentId":"9f196978-b99f-4c86-98ec-de8bf58d5c79","metadata":{"contentType":"Text","license":"U","title":"Untitled Text"}},"alwaysDisplayComments":false,"backgroundOpacity":0,"willDoAnimation":false,"animationType":"glow","displayAsButton":false,"buttonSize":"big","goToSlideType":"specified","invisible":false,"solution":""},{"x":47.00435729847495,"y":43.97849462365591,"width":40,"height":40,"action":{"library":"H5P.CRAudio 1.4","params":{"fitToWrapper":true,"currIndex":14,"playerMode":"minimalistic","controls":true,"autoplay":false,"playAudio":"Play audio","pauseAudio":"Pause audio","contentName":"Audio","glowColor":"#ffd85a","timeStampForEachText":[{"text":" Colourful ","startDuration":"0.0000","endDuration":"0.8761","wordfile":[{"path":"audios\/wordfile-667041b480ca5.mp3","mime":"audio\/mpeg","copyright":{"license":"U"}}]},{"text":" bear. ","startDuration":"0.8771","endDuration":"1.4919","wordfile":[{"path":"audios\/wordfile-667041bc54d68.mp3","mime":"audio\/mpeg","copyright":{"license":"U"}}]}],"files":[{"path":"audios\/files-6670256b874d2.wav","mime":"audio\/x-wav","copyright":{"license":"U"}}]},"subContentId":"5b8132c1-662e-4eef-b395-349447d1d7bc","metadata":{"contentType":"Curious Reader Audio","license":"U","title":"Untitled Curious Reader Audio"}},"backgroundOpacity":0,"willDoAnimation":false,"animationType":"glow","displayAsButton":false,"buttonSize":"big","goToSlideType":"specified","invisible":false},{"x":57.73420479302832,"y":34.36817204301075,"width":17.755991285403052,"height":57.41935483870967,"action":{"library":"H5P.Image 1.1","params":{"decorative":false,"contentName":"Image"},"subContentId":"78ff8910-f464-4e32-8cd5-b9d611d5b226","metadata":{"contentType":"Image","license":"U","title":"Untitled Image"}},"backgroundOpacity":0,"willDoAnimation":true,"animationType":"glow","displayAsButton":false,"buttonSize":"big","goToSlideType":"specified","invisible":false,"id":"img5b8132c1-662e-4eef-b395-349447d1d7bc_0"},{"x":25.05446623093682,"y":4.301075268817204,"width":16.013071895424837,"height":40,"action":{"library":"H5P.Image 1.1","params":{"decorative":false,"contentName":"Image"},"subContentId":"0ef9a7e5-ef01-4ac2-b82e-794132e6d7c9","metadata":{"contentType":"Image","license":"U","title":"Untitled Image"}},"backgroundOpacity":0,"willDoAnimation":true,"animationType":"glow","displayAsButton":false,"buttonSize":"big","goToSlideType":"specified","invisible":false,"id":"img5b8132c1-662e-4eef-b395-349447d1d7bc_0"}],"slideBackgroundSelector":{}},{"elements":[{"x":19.607843137254903,"y":0,"width":54.79302832244009,"height":98.9247311827957,"action":{"library":"H5P.Image 1.1","params":{"decorative":false,"contentName":"Image","file":{"path":"images\/file-6672900a37fea.png","mime":"image\/png","copyright":{"license":"U"},"width":1460,"height":1100}},"subContentId":"0f1ae9e8-12a3-41f1-8ab3-ca3c00ef1559","metadata":{"contentType":"Image","license":"U","title":"Untitled Image"}},"backgroundOpacity":0,"willDoAnimation":false,"animationType":"glow","displayAsButton":false,"buttonSize":"big","goToSlideType":"specified","invisible":false}],"slideBackgroundSelector":{}},{"elements":[{"x":17.429193899782135,"y":0,"width":62.091503267973856,"height":99.99999999999999,"action":{"library":"H5P.Image 1.1","params":{"decorative":false,"contentName":"Image","file":{"path":"images\/file-66729038c052f.png","mime":"image\/png","copyright":{"license":"U"},"width":1456,"height":1098}},"subContentId":"11dd6958-08ce-4e82-8b6b-29b9ee1837bc","metadata":{"contentType":"Image","license":"U","title":"Untitled Image"}},"backgroundOpacity":0,"willDoAnimation":false,"animationType":"glow","displayAsButton":false,"buttonSize":"big","goToSlideType":"specified","invisible":false}],"slideBackgroundSelector":{}},{"elements":[{"x":16.33986928104575,"y":0,"width":63.39869281045752,"height":98.9247311827957,"action":{"library":"H5P.Image 1.1","params":{"decorative":false,"contentName":"Image","file":{"path":"images\/file-6672905320ebc.png","mime":"image\/png","copyright":{"license":"U"},"width":1458,"height":1146}},"subContentId":"b3b9a531-4314-4b48-984d-d597f532e823","metadata":{"contentType":"Image","license":"U","title":"Untitled Image"}},"backgroundOpacity":0,"willDoAnimation":false,"animationType":"glow","displayAsButton":false,"buttonSize":"big","goToSlideType":"specified","invisible":false}],"slideBackgroundSelector":{}},{"elements":[{"x":26.143790849673202,"y":0,"width":48.474945533769066,"height":79.56989247311827,"action":{"library":"H5P.Image 1.1","params":{"decorative":false,"contentName":"Image","file":{"path":"images\/file-66702169c7dea.png","mime":"image\/png","copyright":{"license":"U"},"width":1450,"height":1082}},"subContentId":"2a9c7fed-c656-4e81-8348-3a5322b487a9","metadata":{"contentType":"Image","license":"U","title":"Untitled Image"}},"backgroundOpacity":0,"willDoAnimation":false,"animationType":"glow","displayAsButton":false,"buttonSize":"big","goToSlideType":"specified","invisible":false},{"x":42.48366013071895,"y":81.72043010752688,"width":39.97821350762527,"height":11.82795698924731,"action":{"library":"H5P.CRAdvancedText 1.1","params":{"text":"<p>No more colours.<\/p>\n"},"subContentId":"92d10bef-1675-423f-854c-2076445be7fa","metadata":{"contentType":"Text","license":"U","title":"Untitled Text"}},"alwaysDisplayComments":false,"backgroundOpacity":0,"willDoAnimation":false,"animationType":"glow","displayAsButton":false,"buttonSize":"big","goToSlideType":"specified","invisible":false,"solution":""},{"x":92.5925925925926,"y":2.150537634408602,"width":40,"height":40,"action":{"library":"H5P.CRAudio 1.4","params":{"fitToWrapper":true,"currIndex":18,"playerMode":"minimalistic","controls":true,"autoplay":false,"playAudio":"Play audio","pauseAudio":"Pause audio","contentName":"Audio","glowColor":"#ffd85a","timeStampForEachText":[{"text":" No ","startDuration":"0.0000","endDuration":"0.5212","wordfile":[{"path":"audios\/wordfile-66704222379d4.mp3","mime":"audio\/mpeg","copyright":{"license":"U"}}]},{"text":" more ","startDuration":"0.5222","endDuration":"0.9297","wordfile":[{"path":"audios\/wordfile-6670422bba3a9.mp3","mime":"audio\/mpeg","copyright":{"license":"U"}}]},{"text":" colours. ","startDuration":"0.9307","endDuration":"1.7475","wordfile":[{"path":"audios\/wordfile-66704232d4fef.mp3","mime":"audio\/mpeg","copyright":{"license":"U"}}]}],"files":[{"path":"audios\/files-6670258e4a903.wav","mime":"audio\/x-wav","copyright":{"license":"U"}}]},"subContentId":"ab230bd2-8223-41bd-b94e-03bededab6b0","metadata":{"contentType":"Curious Reader Audio","license":"U","title":"Untitled Curious Reader Audio"}},"backgroundOpacity":0,"willDoAnimation":false,"animationType":"glow","displayAsButton":false,"buttonSize":"big","goToSlideType":"specified","invisible":false},{"x":39.21568627450981,"y":34.388387096774196,"width":21.459694989106755,"height":20.64516129032258,"action":{"library":"H5P.Image 1.1","params":{"decorative":false,"contentName":"Image"},"subContentId":"e7837841-6334-43c1-aa11-65f661fd5643","metadata":{"contentType":"Image","license":"U","title":"Untitled Image"}},"backgroundOpacity":0,"willDoAnimation":true,"animationType":"glow","displayAsButton":false,"buttonSize":"big","goToSlideType":"specified","invisible":false,"id":"imgab230bd2-8223-41bd-b94e-03bededab6b0_2"}],"slideBackgroundSelector":{}}],"keywordListEnabled":true,"globalBackgroundSelector":{},"keywordListAlwaysShow":false,"keywordListAutoHide":false,"keywordListOpacity":90},"override":{"activeSurface":false,"hideSummarySlide":false,"summarySlideSolutionButton":true,"summarySlideRetryButton":true,"enablePrintButton":false,"social":{"showFacebookShare":false,"facebookShare":{"url":"@currentpageurl","quote":"I scored @score out of @maxScore on a task at @currentpageurl."},"showTwitterShare":false,"twitterShare":{"statement":"I scored @score out of @maxScore on a task at @currentpageurl.","url":"@currentpageurl","hashtags":"h5p, course"},"showGoogleShare":false,"googleShareUrl":"@currentpageurl"}},"l10n":{"slide":"Slide","score":"Score","yourScore":"Your Score","maxScore":"Max Score","total":"Total","totalScore":"Total Score","showSolutions":"Show solutions","retry":"Retry","exportAnswers":"Export text","hideKeywords":"Hide sidebar navigation menu","showKeywords":"Show sidebar navigation menu","fullscreen":"Fullscreen","exitFullscreen":"Exit fullscreen","prevSlide":"Previous slide","nextSlide":"Next slide","currentSlide":"Current slide","lastSlide":"Last slide","solutionModeTitle":"Exit solution mode","solutionModeText":"Solution Mode","summaryMultipleTaskText":"Multiple tasks","scoreMessage":"You achieved:","shareFacebook":"Share on Facebook","shareTwitter":"Share on Twitter","shareGoogle":"Share on Google+","summary":"Summary","solutionsButtonTitle":"Show comments","printTitle":"Print","printIngress":"How would you like to print this presentation?","printAllSlides":"Print all slides","printCurrentSlide":"Print current slide","noTitle":"No title","accessibilitySlideNavigationExplanation":"Use left and right arrow to change slide in that direction whenever canvas is selected.","accessibilityCanvasLabel":"Presentation canvas. Use left and right arrow to move between slides.","containsNotCompleted":"@slideName contains not completed interaction","containsCompleted":"@slideName contains completed interaction","slideCount":"Slide @index of @total","containsOnlyCorrect":"@slideName only has correct answers","containsIncorrectAnswers":"@slideName has incorrect answers","shareResult":"Share Result","accessibilityTotalScore":"You got @score of @maxScore points in total","accessibilityEnteredFullscreen":"Entered fullscreen","accessibilityExitedFullscreen":"Exited fullscreen"}}