{"presentation":{"slides":[{"slideBackgroundSelector":{},"elements":[{"x":3.2679738562091503,"y":6.455305615685532,"width":94.13898026315789,"height":87.7115064719031,"action":{"library":"H5P.Image 1.1","params":{"contentName":"Image","file":{"path":"images\/file-6707b3877e9a5.png","mime":"image\/png","copyright":{"license":"U"},"width":1279,"height":720}},"subContentId":"ea37013f-109e-447b-af90-5d3782d9b260","metadata":{"contentType":"Image","license":"U","title":"Untitled Image"}},"backgroundOpacity":0,"willDoAnimation":false,"animationType":"glow","displayAsButton":false,"buttonSize":"big","goToSlideType":"specified","invisible":false},{"x":41.118421052631575,"y":81.22368352653741,"width":39.99967105263158,"height":12.992410459011282,"action":{"library":"H5P.CRAdvancedText 1.1","params":{"text":"<p><span style=\"font-size:1.5em;color:hsl(0, 0%, 100%);\"><strong>\u12e3\u1295\u1325\u120b\u12ce\u1279<\/strong><\/span><\/p>"},"subContentId":"586f44fa-8465-4b82-ad8d-4670764fd52e","metadata":{"contentType":"Text","license":"U","title":"Untitled Text"}},"alwaysDisplayComments":false,"backgroundOpacity":0,"willDoAnimation":false,"animationType":"glow","displayAsButton":false,"buttonSize":"big","goToSlideType":"specified","invisible":false,"solution":""}]},{"slideBackgroundSelector":{},"elements":[{"x":3.2679738562091503,"y":6.455305615685532,"width":94.13898026315789,"height":87.7115064719031,"action":{"library":"H5P.Image 1.1","params":{"contentName":"Image","file":{"path":"images\/file-6707b3a76550f.png","mime":"image\/png","copyright":{"license":"U"},"width":1279,"height":720}},"subContentId":"ea37013f-109e-447b-af90-5d3782d9b260","metadata":{"contentType":"Image","license":"U","title":"Untitled Image"}},"backgroundOpacity":0,"willDoAnimation":false,"animationType":"glow","displayAsButton":false,"buttonSize":"big","goToSlideType":"specified","invisible":false},{"x":27.960526315789473,"y":71.47684150335292,"width":54.27467105263158,"height":19.476757030722048,"action":{"library":"H5P.CRAdvancedText 1.1","params":{"text":"<p><span style=\"font-size:1.5em;color:hsl(0, 0%, 100%);\"><strong>&nbsp;\u12dd\u1293\u1261 \u12a5\u12e8\u12d8\u1290\u1260 \u1290\u12cd\u1362 \u1230\u12ce\u127d \u1260\u12a0\u12cd\u1276\u1261\u1235 \u121b\u1246\u121a\u12eb \u120b\u12ed \u1208\u1218\u1233\u1348\u122d \u12a5\u12e8\u1320\u1260\u1241 \u1290\u12cd\u1362<\/strong><\/span><\/p>"},"subContentId":"e0c42980-7e98-476c-bdd3-3cf31caa2bac","metadata":{"contentType":"Text","license":"U","title":"Untitled Text"}},"alwaysDisplayComments":false,"backgroundOpacity":0,"willDoAnimation":false,"animationType":"glow","displayAsButton":false,"buttonSize":"big","goToSlideType":"specified","invisible":false,"solution":""},{"x":47.00006578947369,"y":44.0012898320944,"width":40,"height":40,"action":{"library":"H5P.CRAudio 1.4","params":{"fitToWrapper":true,"currIndex":1,"playerMode":"minimalistic","controls":true,"autoplay":true,"playAudio":"Play audio","pauseAudio":"Pause audio","contentName":"Audio","glowColor":"#ffd85a","timeStampForEachText":[{"text":" \u00a0\u12dd\u1293\u1261 ","startDuration":"0.0000","endDuration":"0.6661","wordfile":[{"path":"audios\/wordfile-66f120d0b4b22.wav","mime":"audio\/x-wav","copyright":{"license":"U"}}]},{"text":" \u12a5\u12e8\u12d8\u1290\u1260 ","startDuration":"0.6671","endDuration":"1.2537","wordfile":[{"path":"audios\/wordfile-66f1212d81abf.wav","mime":"audio\/x-wav","copyright":{"license":"U"}}]},{"text":" \u1290\u12cd\u1362 ","startDuration":"1.2547","endDuration":"2.0118","wordfile":[{"path":"audios\/wordfile-66f1215137c41.wav","mime":"audio\/x-wav","copyright":{"license":"U"}}]},{"text":" \u1230\u12ce\u127d ","startDuration":"2.0128","endDuration":"2.8040","wordfile":[{"path":"audios\/wordfile-66f121742c98a.wav","mime":"audio\/x-wav","copyright":{"license":"U"}}]},{"text":" \u1260\u12a0\u12cd\u1276\u1261\u1235 ","startDuration":"2.8050","endDuration":"3.5166","wordfile":[{"path":"audios\/wordfile-66f121bf02df3.wav","mime":"audio\/x-wav","copyright":{"license":"U"}}]},{"text":" \u121b\u1246\u121a\u12eb ","startDuration":"3.5176","endDuration":"4.1042","wordfile":[{"path":"audios\/wordfile-66f121e1dfb08.wav","mime":"audio\/x-wav","copyright":{"license":"U"}}]},{"text":" \u120b\u12ed ","startDuration":"4.1052","endDuration":"4.4644","wordfile":[{"path":"audios\/wordfile-66f121f795226.wav","mime":"audio\/x-wav","copyright":{"license":"U"}}]},{"text":" \u1208\u1218\u1233\u1348\u122d ","startDuration":"4.4654","endDuration":"5.1543","wordfile":[{"path":"audios\/wordfile-66f1221746d8c.wav","mime":"audio\/x-wav","copyright":{"license":"U"}}]},{"text":" \u12a5\u12e8\u1320\u1260\u1241 ","startDuration":"5.1553","endDuration":"5.8556","wordfile":[{"path":"audios\/wordfile-66f1224279917.wav","mime":"audio\/x-wav","copyright":{"license":"U"}}]},{"text":" \u1290\u12cd\u1362 ","startDuration":"5.8566","endDuration":"6.4464","wordfile":[{"path":"audios\/wordfile-66f123a98b094.wav","mime":"audio\/x-wav","copyright":{"license":"U"}}]}],"files":[{"path":"audios\/files-66f1209428f6c.wav","mime":"audio\/x-wav","copyright":{"license":"U"}}]},"subContentId":"3f3cd449-0aec-4bde-b9cd-ae3b198e2106","metadata":{"contentType":"Curious Reader Audio","license":"U","title":"Untitled Curious Reader Audio"}},"backgroundOpacity":0,"willDoAnimation":false,"animationType":"glow","displayAsButton":false,"buttonSize":"big","goToSlideType":"specified","invisible":false},{"x":18.092105263157894,"y":29.98846623693923,"width":67.16694078947368,"height":37.684540208972294,"action":{"library":"H5P.Image 1.1","params":{"contentName":"Image"},"subContentId":"dc59736a-53c0-4363-b1bb-b41b6d98dac9","metadata":{"contentType":"Image","license":"U","title":"Untitled Image"}},"backgroundOpacity":0,"willDoAnimation":true,"animationType":"glow","displayAsButton":false,"buttonSize":"big","goToSlideType":"specified","invisible":false,"id":"img3f3cd449-0aec-4bde-b9cd-ae3b198e2106_3"}]},{"slideBackgroundSelector":{},"elements":[{"x":3.289473684210526,"y":6.497894682122992,"width":94.13898026315789,"height":87.7115064719031,"action":{"library":"H5P.Image 1.1","params":{"contentName":"Image","file":{"path":"images\/file-66f3db7d44730.jpg","mime":"image\/jpeg","copyright":{"license":"U"},"width":1280,"height":720}},"subContentId":"ea37013f-109e-447b-af90-5d3782d9b260","metadata":{"contentType":"Image","license":"U","title":"Untitled Image"}},"backgroundOpacity":0,"willDoAnimation":false,"animationType":"glow","displayAsButton":false,"buttonSize":"big","goToSlideType":"specified","invisible":false},{"x":19.736842105263158,"y":74.72578884441441,"width":69.07730263157895,"height":19.483547330664866,"action":{"library":"H5P.CRAdvancedText 1.1","params":{"text":"<p><span style=\"font-size:1.5em;color:hsl(0, 0%, 100%);\"><strong>\u12a0\u12cd\u122e\u1355\u120b\u1295 \u12a0\u1265\u122b\u122a\u12cb \u1200\u121d\u122b\u12ca \u12e3\u1295\u1325\u120b \u12ed\u12db\u1208\u127d\u1364 \u12a0\u1295\u12f5 \u12e3\u1295\u1325\u120b \u1270\u12d8\u1228\u130b \u12a0\u12cd\u1276\u1261\u1231 \u12e8\u1275 \u1290\u12cd? \u134d\u1320\u1295\u1361\u1361<\/strong><\/span><\/p>"},"subContentId":"aac1c1fb-9fa6-467e-830f-886fb932a964","metadata":{"contentType":"Text","license":"U","title":"Untitled Text"}},"alwaysDisplayComments":false,"backgroundOpacity":0,"willDoAnimation":false,"animationType":"glow","displayAsButton":false,"buttonSize":"big","goToSlideType":"specified","invisible":false,"solution":""},{"x":47.00006578947369,"y":44.0012898320944,"width":40,"height":40,"action":{"library":"H5P.CRAudio 1.4","params":{"fitToWrapper":true,"currIndex":2,"playerMode":"minimalistic","controls":true,"autoplay":true,"playAudio":"Play audio","pauseAudio":"Pause audio","contentName":"Audio","glowColor":"#ffd85a","timeStampForEachText":[{"text":" \u12a0\u12cd\u122e\u1355\u120b\u1295 ","startDuration":"0.0000","endDuration":"0.6815","wordfile":[{"path":"audios\/wordfile-66f1291f24f73.wav","mime":"audio\/x-wav","copyright":{"license":"U"}}]},{"text":" \u12a0\u1265\u122b\u122a\u12cb ","startDuration":"0.6825","endDuration":"1.4661","wordfile":[{"path":"audios\/wordfile-66f12947572bb.wav","mime":"audio\/x-wav","copyright":{"license":"U"}}]},{"text":" \u1200\u121d\u122b\u12ca ","startDuration":"1.4671","endDuration":"2.0464","wordfile":[{"path":"audios\/wordfile-66f1296bb4c34.wav","mime":"audio\/x-wav","copyright":{"license":"U"}}]},{"text":" \u12e3\u1295\u1325\u120b ","startDuration":"2.1058","endDuration":"2.4954","wordfile":[{"path":"audios\/wordfile-66f129c9b98c4.wav","mime":"audio\/x-wav","copyright":{"license":"U"}}]},{"text":" \u12ed\u12db\u1208\u127d\u1364 ","startDuration":"2.4964","endDuration":"3.4405","wordfile":[{"path":"audios\/wordfile-66f12a0502fe5.wav","mime":"audio\/x-wav","copyright":{"license":"U"}}]},{"text":" \u12a0\u1295\u12f5 ","startDuration":"3.3977","endDuration":"3.9187","wordfile":[{"path":"audios\/wordfile-66f12a56ac6fe.wav","mime":"audio\/x-wav","copyright":{"license":"U"}}]},{"text":" \u12e3\u1295\u1325\u120b ","startDuration":"3.9197","endDuration":"4.4844","wordfile":[{"path":"audios\/wordfile-66f12ab415d15.wav","mime":"audio\/x-wav","copyright":{"license":"U"}}]},{"text":" \u1270\u12d8\u1228\u130b ","startDuration":"4.4854","endDuration":"5.5754","wordfile":[{"path":"audios\/wordfile-66f12b05dbf98.wav","mime":"audio\/x-wav","copyright":{"license":"U"}}]},{"text":" \u12a0\u12cd\u1276\u1261\u1231 ","startDuration":"5.5764","endDuration":"6.4329","wordfile":[{"path":"audios\/wordfile-66f12bb6a900d.wav","mime":"audio\/x-wav","copyright":{"license":"U"}}]},{"text":" \u12e8\u1275 ","startDuration":"6.4631","endDuration":"6.8819","wordfile":[{"path":"audios\/wordfile-66f12bfdabacb.wav","mime":"audio\/x-wav","copyright":{"license":"U"}}]},{"text":" \u1290\u12cd? ","startDuration":"6.8537","endDuration":"7.3455","wordfile":[{"path":"audios\/wordfile-66f12c1d4b001.wav","mime":"audio\/x-wav","copyright":{"license":"U"}}]},{"text":" \u134d\u1320\u1295\u1361\u1361 ","startDuration":"7.3465","endDuration":"8.2723","wordfile":[{"path":"audios\/wordfile-66f12c3c983a2.wav","mime":"audio\/x-wav","copyright":{"license":"U"}}]}],"files":[{"path":"audios\/files-66f128fa56ac9.wav","mime":"audio\/x-wav","copyright":{"license":"U"}}]},"subContentId":"4b505d5c-986c-4b06-9232-b5e98c52334d","metadata":{"contentType":"Curious Reader Audio","license":"U","title":"Untitled Curious Reader Audio"}},"backgroundOpacity":0,"willDoAnimation":false,"animationType":"glow","displayAsButton":false,"buttonSize":"big","goToSlideType":"specified","invisible":false},{"x":9.868421052631579,"y":9.74008421271508,"width":51.97203947368421,"height":40.93348755003379,"action":{"library":"H5P.Image 1.1","params":{"contentName":"Image"},"subContentId":"04be4966-3cfc-4d22-9c58-cec6ca4495c9","metadata":{"contentType":"Image","license":"U","title":"Untitled Image"}},"backgroundOpacity":0,"willDoAnimation":true,"animationType":"glow","displayAsButton":false,"buttonSize":"big","goToSlideType":"specified","invisible":false,"id":"img4b505d5c-986c-4b06-9232-b5e98c52334d_2"}]},{"slideBackgroundSelector":{},"elements":[{"x":3.289473684210526,"y":9.746842023184488,"width":94.13898026315789,"height":87.7115064719031,"action":{"library":"H5P.Image 1.1","params":{"contentName":"Image","file":{"path":"images\/file-66f3dba6531b8.jpg","mime":"image\/jpeg","copyright":{"license":"U"},"width":1280,"height":720}},"subContentId":"ea37013f-109e-447b-af90-5d3782d9b260","metadata":{"contentType":"Image","license":"U","title":"Untitled Image"}},"backgroundOpacity":0,"willDoAnimation":false,"animationType":"glow","displayAsButton":false,"buttonSize":"big","goToSlideType":"specified","invisible":false,"id":"img4fe00463-014f-43f0-b318-c0b1eed58d82_4"},{"x":9.868421052631579,"y":74.72578884441441,"width":85.52467105263158,"height":19.48692623589957,"action":{"library":"H5P.CRAdvancedText 1.1","params":{"text":"<p><span style=\"font-size:1.5em;color:hsl(0, 0%, 100%);\"><strong>\u12dd\u1293\u1261 \u12a5\u12e8\u12d8\u1290\u1260 \u1290\u12cd\u1362 \u12a0\u1235\u1270\u121b\u122a\u12cd \u12a0\u1228\u1295\u1313\u12f4 \u12e3\u1295\u1325\u120b \u12ed\u12df\u120d\u1364 \u1201\u1208\u1275 \u12e3\u1295\u1325\u120b\u12ce\u127d \u1270\u12d8\u122d\u130d\u1270\u12cb\u120d \u12a0\u12cd\u1276\u1261\u1231 \u12e8\u1275 \u1290\u12cd? \u134d\u1320\u1295\u1361\u1361<\/strong><\/span><\/p>"},"subContentId":"b8e6de28-c5e8-48c4-ab5d-8838ed02afa0","metadata":{"contentType":"Text","license":"U","title":"Untitled Text"}},"alwaysDisplayComments":false,"backgroundOpacity":0,"willDoAnimation":false,"animationType":"glow","displayAsButton":false,"buttonSize":"big","goToSlideType":"specified","invisible":false,"solution":""},{"x":47.00006578947369,"y":44.0012898320944,"width":40,"height":40,"action":{"library":"H5P.CRAudio 1.4","params":{"fitToWrapper":true,"currIndex":3,"playerMode":"minimalistic","controls":true,"autoplay":true,"playAudio":"Play audio","pauseAudio":"Pause audio","contentName":"Audio","glowColor":"#ffd85a","timeStampForEachText":[{"text":" \u12dd\u1293\u1261 ","startDuration":"0.0000","endDuration":"0.4920","wordfile":[{"path":"audios\/wordfile-66f12dac297eb.wav","mime":"audio\/x-wav","copyright":{"license":"U"}}]},{"text":" \u12a5\u12e8\u12d8\u1290\u1260 ","startDuration":"0.4930","endDuration":"1.2769","wordfile":[{"path":"audios\/wordfile-66f12dd0e0299.wav","mime":"audio\/x-wav","copyright":{"license":"U"}}]},{"text":" \u1290\u12cd\u1362 ","startDuration":"1.2779","endDuration":"2.0618","wordfile":[{"path":"audios\/wordfile-66f12de45f294.wav","mime":"audio\/x-wav","copyright":{"license":"U"}}]},{"text":" \u12a0\u1235\u1270\u121b\u122a\u12cd ","startDuration":"2.0628","endDuration":"3.0997","wordfile":[{"path":"audios\/wordfile-66f12e0aaa78d.wav","mime":"audio\/x-wav","copyright":{"license":"U"}}]},{"text":" \u12a0\u1228\u1295\u1313\u12f4 ","startDuration":"3.1591","endDuration":"3.7484","wordfile":[{"path":"audios\/wordfile-66f12e31632bb.wav","mime":"audio\/x-wav","copyright":{"license":"U"}}]},{"text":" \u12e3\u1295\u1325\u120b ","startDuration":"3.7494","endDuration":"4.2803","wordfile":[{"path":"audios\/wordfile-66f12e5610927.wav","mime":"audio\/x-wav","copyright":{"license":"U"}}]},{"text":" \u12ed\u12df\u120d\u1364 ","startDuration":"4.2813","endDuration":"5.2209","wordfile":[{"path":"audios\/wordfile-66f12e71a92b8.wav","mime":"audio\/x-wav","copyright":{"license":"U"}}]},{"text":" \u1201\u1208\u1275 ","startDuration":"5.2219","endDuration":"5.7917","wordfile":[{"path":"audios\/wordfile-66f12ea80dd68.wav","mime":"audio\/x-wav","copyright":{"license":"U"}}]},{"text":" \u12e3\u1295\u1325\u120b\u12ce\u127d ","startDuration":"5.7927","endDuration":"6.5182","wordfile":[{"path":"audios\/wordfile-66f12ecc6554c.wav","mime":"audio\/x-wav","copyright":{"license":"U"}}]},{"text":" \u1270\u12d8\u122d\u130d\u1270\u12cb\u120d ","startDuration":"6.5192","endDuration":"7.8286","wordfile":[{"path":"audios\/wordfile-66f12eed55344.wav","mime":"audio\/x-wav","copyright":{"license":"U"}}]},{"text":" \u12a0\u12cd\u1276\u1261\u1231 ","startDuration":"7.8296","endDuration":"9.0612","wordfile":[{"path":"audios\/wordfile-66f12f2946f67.wav","mime":"audio\/x-wav","copyright":{"license":"U"}}]},{"text":" \u12e8\u1275 ","startDuration":"9.0622","endDuration":"9.4568","wordfile":[{"path":"audios\/wordfile-66f12f4449454.wav","mime":"audio\/x-wav","copyright":{"license":"U"}}]},{"text":" \u1290\u12cd? ","startDuration":"9.4578","endDuration":"10.2417","wordfile":[{"path":"audios\/wordfile-66f12f5b30e5a.wav","mime":"audio\/x-wav","copyright":{"license":"U"}}]},{"text":" \u134d\u1320\u1295\u1361\u1361 ","startDuration":"10.2427","endDuration":"11.0357","wordfile":[{"path":"audios\/wordfile-66f12f7ed0eb7.wav","mime":"audio\/x-wav","copyright":{"license":"U"}}]}],"files":[{"path":"audios\/files-66f12d8b8f230.wav","mime":"audio\/x-wav","copyright":{"license":"U"}}]},"subContentId":"4fe00463-014f-43f0-b318-c0b1eed58d82","metadata":{"contentType":"Curious Reader Audio","license":"U","title":"Untitled Curious Reader Audio"}},"backgroundOpacity":0,"willDoAnimation":false,"animationType":"glow","displayAsButton":false,"buttonSize":"big","goToSlideType":"specified","invisible":false},{"x":3.286052631578947,"y":9.726536102302855,"width":38.81414473684211,"height":34.4355928679108,"action":{"library":"H5P.Image 1.1","params":{"contentName":"Image"},"subContentId":"d56c0410-3d53-4869-a27e-6fa105565c42","metadata":{"contentType":"Image","license":"U","title":"Untitled Image"}},"backgroundOpacity":0,"willDoAnimation":true,"animationType":"glow","displayAsButton":false,"buttonSize":"big","goToSlideType":"specified","invisible":false,"id":"img4fe00463-014f-43f0-b318-c0b1eed58d82_4"}]},{"slideBackgroundSelector":{},"elements":[{"x":3.289473684210526,"y":6.497894682122992,"width":94.13898026315789,"height":87.7115064719031,"action":{"library":"H5P.Image 1.1","params":{"contentName":"Image","file":{"path":"images\/file-66f3dc8b95de6.jpg","mime":"image\/jpeg","copyright":{"license":"U"},"width":1280,"height":720}},"subContentId":"ea37013f-109e-447b-af90-5d3782d9b260","metadata":{"contentType":"Image","license":"U","title":"Untitled Image"}},"backgroundOpacity":0,"willDoAnimation":false,"animationType":"glow","displayAsButton":false,"buttonSize":"big","goToSlideType":"specified","invisible":false},{"x":13.157894736842104,"y":74.70889431824091,"width":80.5904605263158,"height":19.490305141134275,"action":{"library":"H5P.CRAdvancedText 1.1","params":{"text":"<p><span style=\"font-size:1.5em;color:hsl(0,0%,100%);\"><strong>\u12dd\u1293\u1261 \u12a5\u12e8\u12d8\u1290\u1260 \u1290\u12cd\u1362 \u1263\u1208 \u1231\u124b \u1325\u1241\u122d \u12e3\u1295\u1325\u120b \u12ed\u12db\u1208\u127d\u1364 \u1236\u1235\u1275 \u12e3\u1295\u1325\u120b\u12ce\u127d \u1270\u12d8\u122d\u130d\u1270\u12cb\u120d \u12a0\u12cd\u1276\u1261\u1231 \u12e8\u1275 \u1290\u12cd? \u134d\u1320\u1295\u1361\u1361<\/strong><\/span><\/p>"},"subContentId":"ee4d8c59-d3e8-4387-baab-4e382893c607","metadata":{"contentType":"Text","license":"U","title":"Untitled Text"}},"alwaysDisplayComments":false,"backgroundOpacity":0,"willDoAnimation":false,"animationType":"glow","displayAsButton":false,"buttonSize":"big","goToSlideType":"specified","invisible":false,"solution":""},{"x":47.00006578947369,"y":44.0012898320944,"width":40,"height":40,"action":{"library":"H5P.CRAudio 1.4","params":{"fitToWrapper":true,"currIndex":4,"playerMode":"minimalistic","controls":true,"autoplay":true,"playAudio":"Play audio","pauseAudio":"Pause audio","contentName":"Audio","glowColor":"#ffd85a","timeStampForEachText":[{"text":" \u12dd\u1293\u1261 ","startDuration":"0.0000","endDuration":"0.5525","wordfile":[{"path":"audios\/wordfile-66f13291604e6.wav","mime":"audio\/x-wav","copyright":{"license":"U"}}]},{"text":" \u12a5\u12e8\u12d8\u1290\u1260 ","startDuration":"0.5535","endDuration":"1.2235","wordfile":[{"path":"audios\/wordfile-66f132b14e57f.wav","mime":"audio\/x-wav","copyright":{"license":"U"}}]},{"text":" \u1290\u12cd\u1362 ","startDuration":"1.3028","endDuration":"2.1294","wordfile":[{"path":"audios\/wordfile-66f132cc47eb3.wav","mime":"audio\/x-wav","copyright":{"license":"U"}}]},{"text":" \u1263\u1208 ","startDuration":"2.1304","endDuration":"2.6241","wordfile":[{"path":"audios\/wordfile-66f132ef6c207.wav","mime":"audio\/x-wav","copyright":{"license":"U"}}]},{"text":" \u1231\u124b ","startDuration":"2.6251","endDuration":"3.1580","wordfile":[{"path":"audios\/wordfile-66f1330f8ce73.wav","mime":"audio\/x-wav","copyright":{"license":"U"}}]},{"text":" \u1325\u1241\u122d ","startDuration":"3.1590","endDuration":"3.5352","wordfile":[{"path":"audios\/wordfile-66f1333ecc9bc.wav","mime":"audio\/x-wav","copyright":{"license":"U"}}]},{"text":" \u12e3\u1295\u1325\u120b ","startDuration":"3.5362","endDuration":"4.1082","wordfile":[{"path":"audios\/wordfile-66f13366d6e8f.wav","mime":"audio\/x-wav","copyright":{"license":"U"}}]},{"text":" \u12ed\u12db\u1208\u127d\u1364 ","startDuration":"4.1092","endDuration":"5.2883","wordfile":[{"path":"audios\/wordfile-66f1338bbd0e9.wav","mime":"audio\/x-wav","copyright":{"license":"U"}}]},{"text":" \u1236\u1235\u1275 ","startDuration":"5.2893","endDuration":"5.8613","wordfile":[{"path":"audios\/wordfile-66f133af9497a.wav","mime":"audio\/x-wav","copyright":{"license":"U"}}]},{"text":" \u12e3\u1295\u1325\u120b\u12ce\u127d ","startDuration":"5.8623","endDuration":"6.5910","wordfile":[{"path":"audios\/wordfile-66f133cbb2309.wav","mime":"audio\/x-wav","copyright":{"license":"U"}}]},{"text":" \u1270\u12d8\u122d\u130d\u1270\u12cb\u120d ","startDuration":"6.5920","endDuration":"8.1235","wordfile":[{"path":"audios\/wordfile-66f133e543185.wav","mime":"audio\/x-wav","copyright":{"license":"U"}}]},{"text":" \u12a0\u12cd\u1276\u1261\u1231 ","startDuration":"8.1245","endDuration":"9.0294","wordfile":[{"path":"audios\/wordfile-66f133fad005e.wav","mime":"audio\/x-wav","copyright":{"license":"U"}}]},{"text":" \u12e8\u1275 ","startDuration":"9.0304","endDuration":"9.4066","wordfile":[{"path":"audios\/wordfile-66f134152d1e0.wav","mime":"audio\/x-wav","copyright":{"license":"U"}}]},{"text":" \u1290\u12cd? ","startDuration":"9.4076","endDuration":"10.0580","wordfile":[{"path":"audios\/wordfile-66f1342ea3d38.wav","mime":"audio\/x-wav","copyright":{"license":"U"}}]},{"text":" \u134d\u1320\u1295\u1361\u1361 ","startDuration":"10.0590","endDuration":"11.1027","wordfile":[{"path":"audios\/wordfile-66f13446a0fac.wav","mime":"audio\/x-wav","copyright":{"license":"U"}}]}],"files":[{"path":"audios\/files-66f13273a62b7.wav","mime":"audio\/x-wav","copyright":{"license":"U"}}]},"subContentId":"07a09562-2de4-4d89-be55-0e29a0ca9d7e","metadata":{"contentType":"Curious Reader Audio","license":"U","title":"Untitled Curious Reader Audio"}},"backgroundOpacity":0,"willDoAnimation":false,"animationType":"glow","displayAsButton":false,"buttonSize":"big","goToSlideType":"specified","invisible":false},{"x":57.56578947368421,"y":12.995789364245985,"width":40,"height":40,"action":{"library":"H5P.Image 1.1","params":{"contentName":"Image"},"subContentId":"8ae24dc0-8e0f-47ca-a794-17a32b79660e","metadata":{"contentType":"Image","license":"U","title":"Untitled Image"}},"backgroundOpacity":0,"willDoAnimation":true,"animationType":"glow","displayAsButton":false,"buttonSize":"big","goToSlideType":"specified","invisible":false,"id":"img07a09562-2de4-4d89-be55-0e29a0ca9d7e_5"}]},{"slideBackgroundSelector":{},"elements":[{"x":1.644736842105263,"y":6.497894682122992,"width":94.13898026315789,"height":87.7115064719031,"action":{"library":"H5P.Image 1.1","params":{"contentName":"Image","file":{"path":"images\/file-66f3dca0447bc.jpg","mime":"image\/jpeg","copyright":{"license":"U"},"width":1280,"height":720}},"subContentId":"ea37013f-109e-447b-af90-5d3782d9b260","metadata":{"contentType":"Image","license":"U","title":"Untitled Image"}},"backgroundOpacity":0,"willDoAnimation":false,"animationType":"glow","displayAsButton":false,"buttonSize":"big","goToSlideType":"specified","invisible":false},{"x":9.868421052631579,"y":74.70889431824091,"width":83.87993421052632,"height":19.490305141134275,"action":{"library":"H5P.CRAdvancedText 1.1","params":{"text":"<p><span style=\"font-size:1.5em;color:hsl(0, 0%, 100%);\"><strong>\u12dd\u1293\u1261 \u12a5\u12e8\u12d8\u1290\u1260 \u1290\u12cd\u1362 \u121d\u130d\u1265 \u1230\u122a\u12cd \u1265\u122d\u1271\u12ab\u1293\u121b \u12e3\u1295\u1325\u120b \u12ed\u12df\u120d\u1364 \u12a0\u122b\u1275 \u12e3\u1295\u1325\u120b\u12ce\u127d \u1270\u12d8\u122d\u130d\u1270\u12cb\u120d \u12a0\u12cd\u1276\u1261\u1231 \u12e8\u1275 \u1290\u12cd? \u134d\u1320\u1295\u1361\u1361<\/strong><\/span><\/p>"},"subContentId":"0d24b0bb-b96a-42ed-9f7a-7725234da24e","metadata":{"contentType":"Text","license":"U","title":"Untitled Text"}},"alwaysDisplayComments":false,"backgroundOpacity":0,"willDoAnimation":false,"animationType":"glow","displayAsButton":false,"buttonSize":"big","goToSlideType":"specified","invisible":false,"solution":""},{"x":47.00006578947369,"y":44.0012898320944,"width":40,"height":40,"action":{"library":"H5P.CRAudio 1.4","params":{"fitToWrapper":true,"currIndex":5,"playerMode":"minimalistic","controls":true,"autoplay":true,"playAudio":"Play audio","pauseAudio":"Pause audio","contentName":"Audio","glowColor":"#ffd85a","timeStampForEachText":[{"text":" \u12dd\u1293\u1261 ","startDuration":"0.0000","endDuration":"0.5147","wordfile":[{"path":"audios\/wordfile-66f135a899c9a.wav","mime":"audio\/x-wav","copyright":{"license":"U"}}]},{"text":" \u12a5\u12e8\u12d8\u1290\u1260 ","startDuration":"0.5157","endDuration":"1.2861","wordfile":[{"path":"audios\/wordfile-66f135d4bdc5e.wav","mime":"audio\/x-wav","copyright":{"license":"U"}}]},{"text":" \u1290\u12cd\u1362 ","startDuration":"1.2871","endDuration":"1.9985","wordfile":[{"path":"audios\/wordfile-66f135ea2ebda.wav","mime":"audio\/x-wav","copyright":{"license":"U"}}]},{"text":" \u121d\u130d\u1265 ","startDuration":"1.9995","endDuration":"2.6322","wordfile":[{"path":"audios\/wordfile-66f1360252462.wav","mime":"audio\/x-wav","copyright":{"license":"U"}}]},{"text":" \u1230\u122a\u12cd ","startDuration":"2.6332","endDuration":"3.0889","wordfile":[{"path":"audios\/wordfile-66f13616797cb.wav","mime":"audio\/x-wav","copyright":{"license":"U"}}]},{"text":" \u1265\u122d\u1271\u12ab\u1293\u121b ","startDuration":"3.0899","endDuration":"3.8996","wordfile":[{"path":"audios\/wordfile-66f1363fbf56b.wav","mime":"audio\/x-wav","copyright":{"license":"U"}}]},{"text":" \u12e3\u1295\u1325\u120b ","startDuration":"3.9006","endDuration":"4.3563","wordfile":[{"path":"audios\/wordfile-66f136684b439.wav","mime":"audio\/x-wav","copyright":{"license":"U"}}]},{"text":" \u12ed\u12df\u120d\u1364 ","startDuration":"4.3573","endDuration":"5.1867","wordfile":[{"path":"audios\/wordfile-66f13689e4a4e.wav","mime":"audio\/x-wav","copyright":{"license":"U"}}]},{"text":" \u12a0\u122b\u1275 ","startDuration":"5.1877","endDuration":"5.8597","wordfile":[{"path":"audios\/wordfile-66f136a69b24c.wav","mime":"audio\/x-wav","copyright":{"license":"U"}}]},{"text":" \u12e3\u1295\u1325\u120b\u12ce\u127d ","startDuration":"5.8607","endDuration":"6.5721","wordfile":[{"path":"audios\/wordfile-66f136ef1f20f.wav","mime":"audio\/x-wav","copyright":{"license":"U"}}]},{"text":" \u1270\u12d8\u122d\u130d\u1270\u12cb\u120d ","startDuration":"6.5731","endDuration":"7.9532","wordfile":[{"path":"audios\/wordfile-66f1370aea504.wav","mime":"audio\/x-wav","copyright":{"license":"U"}}]},{"text":" \u12a0\u12cd\u1276\u1261\u1231 ","startDuration":"7.9542","endDuration":"9.2556","wordfile":[{"path":"audios\/wordfile-66f13753a551a.wav","mime":"audio\/x-wav","copyright":{"license":"U"}}]},{"text":" \u12e8\u1275 ","startDuration":"9.2566","endDuration":"9.6729","wordfile":[{"path":"audios\/wordfile-66f1377389c9d.wav","mime":"audio\/x-wav","copyright":{"license":"U"}}]},{"text":" \u1290\u12cd? ","startDuration":"9.6346","endDuration":"10.2083","wordfile":[{"path":"audios\/wordfile-66f137a05722e.wav","mime":"audio\/x-wav","copyright":{"license":"U"}}]},{"text":" \u134d\u1320\u1295\u1361\u1361 ","startDuration":"10.2093","endDuration":"11.1518","wordfile":[{"path":"audios\/wordfile-66f137b286155.wav","mime":"audio\/x-wav","copyright":{"license":"U"}}]}],"files":[{"path":"audios\/files-66f13589aafa5.wav","mime":"audio\/x-wav","copyright":{"license":"U"}}]},"subContentId":"ff285455-9915-4616-997d-3bdf5103ee57","metadata":{"contentType":"Curious Reader Audio","license":"U","title":"Untitled Curious Reader Audio"}},"backgroundOpacity":0,"willDoAnimation":false,"animationType":"glow","displayAsButton":false,"buttonSize":"big","goToSlideType":"specified","invisible":false},{"x":0,"y":9.746842023184488,"width":40,"height":40,"action":{"library":"H5P.Image 1.1","params":{"contentName":"Image"},"subContentId":"dbabe744-2314-4783-a1ab-c4269bff713f","metadata":{"contentType":"Image","license":"U","title":"Untitled Image"}},"backgroundOpacity":0,"willDoAnimation":true,"animationType":"glow","displayAsButton":false,"buttonSize":"big","goToSlideType":"specified","invisible":false,"id":"imgff285455-9915-4616-997d-3bdf5103ee57_5"}]},{"slideBackgroundSelector":{},"elements":[{"x":3.289473684210526,"y":6.497894682122992,"width":94.13898026315789,"height":87.7115064719031,"action":{"library":"H5P.Image 1.1","params":{"contentName":"Image","file":{"path":"images\/file-66f3dcb18861b.jpg","mime":"image\/jpeg","copyright":{"license":"U"},"width":1280,"height":720}},"subContentId":"ea37013f-109e-447b-af90-5d3782d9b260","metadata":{"contentType":"Image","license":"U","title":"Untitled Image"}},"backgroundOpacity":0,"willDoAnimation":false,"animationType":"glow","displayAsButton":false,"buttonSize":"big","goToSlideType":"specified","invisible":false},{"x":14.802631578947368,"y":74.72578884441441,"width":80.5904605263158,"height":19.490305141134275,"action":{"library":"H5P.CRAdvancedText 1.1","params":{"text":"<p><span style=\"font-size:1.5em;color:hsl(0, 0%, 100%);\"><strong>\u12dd\u1293\u1261 \u12a5\u12e8\u12d8\u1290\u1260 \u1290\u12cd\u1362 \u1200\u12aa\u121f \u1290\u132d \u12e3\u1295\u1325\u120b \u12ed\u12db\u1208\u127d\u1364 \u12a0\u121d\u1235\u1275 \u12e3\u1295\u1325\u120b\u12ce\u127d \u1270\u12d8\u122d\u130d\u1270\u12cb\u120d \u12a0\u12cd\u1276\u1261\u1231 \u12e8\u1275 \u1290\u12cd? \u134d\u1320\u1295\u1361\u1361<\/strong><\/span><\/p>"},"subContentId":"cd74db0e-58d7-4639-8361-a3246c0e0954","metadata":{"contentType":"Text","license":"U","title":"Untitled Text"}},"alwaysDisplayComments":false,"backgroundOpacity":0,"willDoAnimation":false,"animationType":"glow","displayAsButton":false,"buttonSize":"big","goToSlideType":"specified","invisible":false,"solution":""},{"x":47.00006578947369,"y":44.0012898320944,"width":40,"height":40,"action":{"library":"H5P.CRAudio 1.4","params":{"fitToWrapper":true,"currIndex":6,"playerMode":"minimalistic","controls":true,"autoplay":true,"playAudio":"Play audio","pauseAudio":"Pause audio","contentName":"Audio","glowColor":"#ffd85a","timeStampForEachText":[{"text":" \u12dd\u1293\u1261 ","startDuration":"0.0000","endDuration":"0.4960","wordfile":[{"path":"audios\/wordfile-66f139161c426.wav","mime":"audio\/x-wav","copyright":{"license":"U"}}]},{"text":" \u12a5\u12e8\u12d8\u1290\u1260 ","startDuration":"0.5167","endDuration":"1.2495","wordfile":[{"path":"audios\/wordfile-66f139455489e.wav","mime":"audio\/x-wav","copyright":{"license":"U"}}]},{"text":" \u1290\u12cd\u1362 ","startDuration":"1.2505","endDuration":"2.1608","wordfile":[{"path":"audios\/wordfile-66f139694db42.wav","mime":"audio\/x-wav","copyright":{"license":"U"}}]},{"text":" \u1200\u12aa\u121f ","startDuration":"2.1618","endDuration":"3.0918","wordfile":[{"path":"audios\/wordfile-66f13986dedcd.wav","mime":"audio\/x-wav","copyright":{"license":"U"}}]},{"text":" \u1290\u132d ","startDuration":"3.0928","endDuration":"3.4901","wordfile":[{"path":"audios\/wordfile-66f139b8512cc.wav","mime":"audio\/x-wav","copyright":{"license":"U"}}]},{"text":" \u12e3\u1295\u1325\u120b ","startDuration":"3.4911","endDuration":"4.0265","wordfile":[{"path":"audios\/wordfile-66f139d84962d.wav","mime":"audio\/x-wav","copyright":{"license":"U"}}]},{"text":" \u12ed\u12db\u1208\u127d\u1364 ","startDuration":"4.0275","endDuration":"5.0562","wordfile":[{"path":"audios\/wordfile-66f139ef71ac0.wav","mime":"audio\/x-wav","copyright":{"license":"U"}}]},{"text":" \u12a0\u121d\u1235\u1275 ","startDuration":"5.0572","endDuration":"5.8886","wordfile":[{"path":"audios\/wordfile-66f13a0b09dc5.wav","mime":"audio\/x-wav","copyright":{"license":"U"}}]},{"text":" \u12e3\u1295\u1325\u120b\u12ce\u127d ","startDuration":"5.8896","endDuration":"6.6223","wordfile":[{"path":"audios\/wordfile-66f13a3a6ad56.wav","mime":"audio\/x-wav","copyright":{"license":"U"}}]},{"text":" \u1270\u12d8\u122d\u130d\u1270\u12cb\u120d ","startDuration":"6.6233","endDuration":"8.0466","wordfile":[{"path":"audios\/wordfile-66f13a51e646c.wav","mime":"audio\/x-wav","copyright":{"license":"U"}}]},{"text":" \u12a0\u12cd\u1276\u1261\u1231 ","startDuration":"8.0476","endDuration":"9.0368","wordfile":[{"path":"audios\/wordfile-66f13a654c077.wav","mime":"audio\/x-wav","copyright":{"license":"U"}}]},{"text":" \u12e8\u1275 ","startDuration":"9.0378","endDuration":"9.3956","wordfile":[{"path":"audios\/wordfile-66f13a80377b7.wav","mime":"audio\/x-wav","copyright":{"license":"U"}}]},{"text":" \u1290\u12cd? ","startDuration":"9.3966","endDuration":"10.2083","wordfile":[{"path":"audios\/wordfile-66f13a95a2a82.wav","mime":"audio\/x-wav","copyright":{"license":"U"}}]},{"text":" \u134d\u1320\u1295\u1361\u1361 ","startDuration":"10.2093","endDuration":"11.1875","wordfile":[{"path":"audios\/wordfile-66f13aaf168b1.wav","mime":"audio\/x-wav","copyright":{"license":"U"}}]}],"files":[{"path":"audios\/files-66f138f70886b.wav","mime":"audio\/x-wav","copyright":{"license":"U"}}]},"subContentId":"a38f5b29-9d0c-4b18-820f-359ac3de3b16","metadata":{"contentType":"Curious Reader Audio","license":"U","title":"Untitled Curious Reader Audio"}},"backgroundOpacity":0,"willDoAnimation":false,"animationType":"glow","displayAsButton":false,"buttonSize":"big","goToSlideType":"specified","invisible":false},{"x":3.286052631578947,"y":12.989031553776579,"width":28.945723684210527,"height":39.99941518947861,"action":{"library":"H5P.Image 1.1","params":{"contentName":"Image"},"subContentId":"e7a15309-90e6-4b4c-aa3a-e4597acd8e25","metadata":{"contentType":"Image","license":"U","title":"Untitled Image"}},"backgroundOpacity":0,"willDoAnimation":true,"animationType":"glow","displayAsButton":false,"buttonSize":"big","goToSlideType":"specified","invisible":false,"id":"imga38f5b29-9d0c-4b18-820f-359ac3de3b16_4"}]},{"slideBackgroundSelector":{},"elements":[{"x":3.289473684210526,"y":6.497894682122992,"width":94.13898026315789,"height":87.7115064719031,"action":{"library":"H5P.Image 1.1","params":{"contentName":"Image","file":{"path":"images\/file-66f3dcc459d47.jpg","mime":"image\/jpeg","copyright":{"license":"U"},"width":1280,"height":720}},"subContentId":"ea37013f-109e-447b-af90-5d3782d9b260","metadata":{"contentType":"Image","license":"U","title":"Untitled Image"}},"backgroundOpacity":0,"willDoAnimation":false,"animationType":"glow","displayAsButton":false,"buttonSize":"big","goToSlideType":"specified","invisible":false},{"x":13.157894736842104,"y":74.72578884441441,"width":80.5904605263158,"height":19.48692623589957,"action":{"library":"H5P.CRAdvancedText 1.1","params":{"text":"<p><span style=\"font-size:1.5em;color:hsl(0, 0%, 100%);\"><strong>\u12dd\u1293\u1261 \u12a5\u12e8\u12d8\u1290\u1260 \u1290\u12cd\u1361\u1361 \u1308\u1260\u122c\u12cd \u130d\u122b\u132b \u12e3\u1295\u1325\u120b \u12ed\u12df\u120d\u1364 \u1235\u12f5\u1235\u1275 \u12e3\u1295\u1325\u120b\u12ce\u127d \u1270\u12d8\u122d\u130d\u1270\u12cb\u120d \u12a0\u12cd\u1276\u1261\u1231 \u12e8\u1275 \u1290\u12cd? \u134d\u1320\u1295<\/strong><\/span><span style=\"color:#000000;\"><strong>\u1361\u1361<\/strong><\/span><\/p>"},"subContentId":"91952e45-8e8f-4840-bc21-7b904552ab0e","metadata":{"contentType":"Text","license":"U","title":"Untitled Text"}},"alwaysDisplayComments":false,"backgroundOpacity":0,"willDoAnimation":false,"animationType":"glow","displayAsButton":false,"buttonSize":"big","goToSlideType":"specified","invisible":false,"solution":""},{"x":47.00006578947369,"y":44.0012898320944,"width":40,"height":40,"action":{"library":"H5P.CRAudio 1.4","params":{"fitToWrapper":true,"currIndex":7,"playerMode":"minimalistic","controls":true,"autoplay":true,"playAudio":"Play audio","pauseAudio":"Pause audio","contentName":"Audio","glowColor":"#ffd85a","timeStampForEachText":[{"text":" \u12dd\u1293\u1261 ","startDuration":"0.0000","endDuration":"0.4759","wordfile":[{"path":"audios\/wordfile-66f13c39aff93.wav","mime":"audio\/x-wav","copyright":{"license":"U"}}]},{"text":" \u12a5\u12e8\u12d8\u1290\u1260 ","startDuration":"0.5557","endDuration":"1.2287","wordfile":[{"path":"audios\/wordfile-66f13c62e9b51.wav","mime":"audio\/x-wav","copyright":{"license":"U"}}]},{"text":" \u1290\u12cd\u1361\u1361 ","startDuration":"1.2297","endDuration":"2.2377","wordfile":[{"path":"audios\/wordfile-66f13c77ed00a.wav","mime":"audio\/x-wav","copyright":{"license":"U"}}]},{"text":" \u1308\u1260\u122c\u12cd ","startDuration":"2.2387","endDuration":"2.9511","wordfile":[{"path":"audios\/wordfile-66f13ca35a71a.wav","mime":"audio\/x-wav","copyright":{"license":"U"}}]},{"text":" \u130d\u122b\u132b ","startDuration":"2.9521","endDuration":"3.4674","wordfile":[{"path":"audios\/wordfile-66f13cc11ebdc.wav","mime":"audio\/x-wav","copyright":{"license":"U"}}]},{"text":" \u12e3\u1295\u1325\u120b ","startDuration":"3.4684","endDuration":"3.9837","wordfile":[{"path":"audios\/wordfile-66f13ce6c2878.wav","mime":"audio\/x-wav","copyright":{"license":"U"}}]},{"text":" \u12ed\u12df\u120d\u1364 ","startDuration":"3.9847","endDuration":"5.0518","wordfile":[{"path":"audios\/wordfile-66f13cfce1396.wav","mime":"audio\/x-wav","copyright":{"license":"U"}}]},{"text":" \u1235\u12f5\u1235\u1275 ","startDuration":"5.0528","endDuration":"5.7258","wordfile":[{"path":"audios\/wordfile-66f13d15bf13e.wav","mime":"audio\/x-wav","copyright":{"license":"U"}}]},{"text":" \u12e3\u1295\u1325\u120b\u12ce\u127d ","startDuration":"5.7268","endDuration":"6.5969","wordfile":[{"path":"audios\/wordfile-66f13d35866de.wav","mime":"audio\/x-wav","copyright":{"license":"U"}}]},{"text":" \u1270\u12d8\u122d\u130d\u1270\u12cb\u120d ","startDuration":"6.5979","endDuration":"7.9803","wordfile":[{"path":"audios\/wordfile-66f13d4a5e73e.wav","mime":"audio\/x-wav","copyright":{"license":"U"}}]},{"text":" \u12a0\u12cd\u1276\u1261\u1231 ","startDuration":"7.9813","endDuration":"9.0287","wordfile":[{"path":"audios\/wordfile-66f13d63bdaf1.wav","mime":"audio\/x-wav","copyright":{"license":"U"}}]},{"text":" \u12e8\u1275 ","startDuration":"9.0297","endDuration":"9.3874","wordfile":[{"path":"audios\/wordfile-66f13d805712e.wav","mime":"audio\/x-wav","copyright":{"license":"U"}}]},{"text":" \u1290\u12cd? ","startDuration":"9.3884","endDuration":"10.1402","wordfile":[{"path":"audios\/wordfile-66f13d9b80acb.wav","mime":"audio\/x-wav","copyright":{"license":"U"}}]},{"text":" \u134d\u1320\u1295\u1361\u1361 ","startDuration":"10.1412","endDuration":"11.1741","wordfile":[{"path":"audios\/wordfile-66f13dafc6f92.wav","mime":"audio\/x-wav","copyright":{"license":"U"}}]}],"files":[{"path":"audios\/files-66f13c14ed860.wav","mime":"audio\/x-wav","copyright":{"license":"U"}}]},"subContentId":"1cdc0754-c922-4cb1-a1d4-0c73b2d930c4","metadata":{"contentType":"Curious Reader Audio","license":"U","title":"Untitled Curious Reader Audio"}},"backgroundOpacity":0,"willDoAnimation":false,"animationType":"glow","displayAsButton":false,"buttonSize":"big","goToSlideType":"specified","invisible":false},{"x":65.78947368421052,"y":22.742631387430475,"width":28.945723684210527,"height":33.49112387586422,"action":{"library":"H5P.Image 1.1","params":{"contentName":"Image"},"subContentId":"8763e20c-5ae7-4f8e-8403-58d8305a74a2","metadata":{"contentType":"Image","license":"U","title":"Untitled Image"}},"backgroundOpacity":0,"willDoAnimation":true,"animationType":"glow","displayAsButton":false,"buttonSize":"big","goToSlideType":"specified","invisible":false,"id":"img1cdc0754-c922-4cb1-a1d4-0c73b2d930c4_4"}]},{"slideBackgroundSelector":{},"elements":[{"x":3.289473684210526,"y":6.497894682122992,"width":94.13898026315789,"height":87.7115064719031,"action":{"library":"H5P.Image 1.1","params":{"contentName":"Image","file":{"path":"images\/file-66f3dcd5b9f08.jpg","mime":"image\/jpeg","copyright":{"license":"U"},"width":1280,"height":720}},"subContentId":"ea37013f-109e-447b-af90-5d3782d9b260","metadata":{"contentType":"Image","license":"U","title":"Untitled Image"}},"backgroundOpacity":0,"willDoAnimation":false,"animationType":"glow","displayAsButton":false,"buttonSize":"big","goToSlideType":"specified","invisible":false},{"x":18.092105263157894,"y":74.71571710765713,"width":74.01151315789474,"height":19.490305141134275,"action":{"library":"H5P.CRAdvancedText 1.1","params":{"text":"<p><span style=\"font-size:1.5em;color:hsl(0, 0%, 100%);\"><strong>\u12dd\u1293\u1261 \u12a5\u12e8\u12d8\u1290\u1260 \u1290\u12cd \u1356\u120a\u1237 \u122e\u12dd \u12e3\u1295\u1325\u120b \u12ed\u12db\u1208\u127d\u1364 \u1230\u1263\u1275 \u12e3\u1295\u1325\u120b\u12ce\u127d \u1270\u12d8\u122d\u130d\u1270\u12cb\u120d \u12a0\u12cd\u1276\u1261\u1231 \u12e8\u1275 \u1290\u12cd? \u134d\u1320\u1295\u1361\u1361<\/strong><\/span><\/p>"},"subContentId":"2e46133f-c167-418c-bddc-f4a1758a15dc","metadata":{"contentType":"Text","license":"U","title":"Untitled Text"}},"alwaysDisplayComments":false,"backgroundOpacity":0,"willDoAnimation":false,"animationType":"glow","displayAsButton":false,"buttonSize":"big","goToSlideType":"specified","invisible":false,"solution":""},{"x":47.00006578947369,"y":44.0012898320944,"width":40,"height":40,"action":{"library":"H5P.CRAudio 1.4","params":{"fitToWrapper":true,"currIndex":8,"playerMode":"minimalistic","controls":true,"autoplay":true,"playAudio":"Play audio","pauseAudio":"Pause audio","contentName":"Audio","glowColor":"#ffd85a","timeStampForEachText":[{"text":" \u12dd\u1293\u1261 ","startDuration":"0.0000","endDuration":"0.4967","wordfile":[{"path":"audios\/wordfile-66f13fe751c4b.wav","mime":"audio\/x-wav","copyright":{"license":"U"}}]},{"text":" \u12a5\u12e8\u12d8\u1290\u1260 ","startDuration":"0.4977","endDuration":"1.2515","wordfile":[{"path":"audios\/wordfile-66f14004c1d6f.wav","mime":"audio\/x-wav","copyright":{"license":"U"}}]},{"text":" \u1290\u12cd ","startDuration":"1.2525","endDuration":"2.1843","wordfile":[{"path":"audios\/wordfile-66f14017c7f27.wav","mime":"audio\/x-wav","copyright":{"license":"U"}}]},{"text":" \u1356\u120a\u1237 ","startDuration":"2.1853","endDuration":"2.8798","wordfile":[{"path":"audios\/wordfile-66f1403665c21.wav","mime":"audio\/x-wav","copyright":{"license":"U"}}]},{"text":" \u122e\u12dd ","startDuration":"2.8808","endDuration":"3.1995","wordfile":[{"path":"audios\/wordfile-66f1404f5d250.wav","mime":"audio\/x-wav","copyright":{"license":"U"}}]},{"text":" \u12e3\u1295\u1325\u120b ","startDuration":"3.2005","endDuration":"3.7565","wordfile":[{"path":"audios\/wordfile-66f1406d8ee36.wav","mime":"audio\/x-wav","copyright":{"license":"U"}}]},{"text":" \u12ed\u12db\u1208\u127d\u1364 ","startDuration":"3.7575","endDuration":"4.8277","wordfile":[{"path":"audios\/wordfile-66f140837c7a9.wav","mime":"audio\/x-wav","copyright":{"license":"U"}}]},{"text":" \u1230\u1263\u1275 ","startDuration":"4.8287","endDuration":"5.5825","wordfile":[{"path":"audios\/wordfile-66f1409b4f7d9.wav","mime":"audio\/x-wav","copyright":{"license":"U"}}]},{"text":" \u12e3\u1295\u1325\u120b\u12ce\u127d ","startDuration":"5.5835","endDuration":"6.3966","wordfile":[{"path":"audios\/wordfile-66f140bf822f3.wav","mime":"audio\/x-wav","copyright":{"license":"U"}}]},{"text":" \u1270\u12d8\u122d\u130d\u1270\u12cb\u120d ","startDuration":"6.3976","endDuration":"7.9821","wordfile":[{"path":"audios\/wordfile-66f140d37d5a6.wav","mime":"audio\/x-wav","copyright":{"license":"U"}}]},{"text":" \u12a0\u12cd\u1276\u1261\u1231 ","startDuration":"7.9831","endDuration":"8.9742","wordfile":[{"path":"audios\/wordfile-66f140efae5c7.wav","mime":"audio\/x-wav","copyright":{"license":"U"}}]},{"text":" \u12e8\u1275 ","startDuration":"9.0345","endDuration":"9.4917","wordfile":[{"path":"audios\/wordfile-66f1412db3f99.wav","mime":"audio\/x-wav","copyright":{"license":"U"}}]},{"text":" \u1290\u12cd? ","startDuration":"9.4927","endDuration":"10.3256","wordfile":[{"path":"audios\/wordfile-66f1414387cdf.wav","mime":"audio\/x-wav","copyright":{"license":"U"}}]},{"text":" \u134d\u1320\u1295\u1361\u1361 ","startDuration":"10.3266","endDuration":"11.2143","wordfile":[{"path":"audios\/wordfile-66f1416187dd1.wav","mime":"audio\/x-wav","copyright":{"license":"U"}}]}],"files":[{"path":"audios\/files-66f13fc629eb0.wav","mime":"audio\/x-wav","copyright":{"license":"U"}}]},"subContentId":"71be341d-9677-4323-95d1-11bd48547b1c","metadata":{"contentType":"Curious Reader Audio","license":"U","title":"Untitled Curious Reader Audio"}},"backgroundOpacity":0,"willDoAnimation":false,"animationType":"glow","displayAsButton":false,"buttonSize":"big","goToSlideType":"specified","invisible":false},{"x":72.36842105263158,"y":12.995789364245985,"width":19.241776315789473,"height":21.43967354577117,"action":{"library":"H5P.Image 1.1","params":{"contentName":"Image"},"subContentId":"64c7495f-b016-4a95-bc73-1aa4dffbf021","metadata":{"contentType":"Image","license":"U","title":"Untitled Image"}},"backgroundOpacity":0,"willDoAnimation":true,"animationType":"glow","displayAsButton":false,"buttonSize":"big","goToSlideType":"specified","invisible":false,"id":"img71be341d-9677-4323-95d1-11bd48547b1c_4"}]},{"slideBackgroundSelector":{},"elements":[{"x":3.289473684210526,"y":6.497894682122992,"width":94.13898026315789,"height":87.7115064719031,"action":{"library":"H5P.Image 1.1","params":{"contentName":"Image","file":{"path":"images\/file-66f3dceb9d235.jpg","mime":"image\/jpeg","copyright":{"license":"U"},"width":1280,"height":720}},"subContentId":"ea37013f-109e-447b-af90-5d3782d9b260","metadata":{"contentType":"Image","license":"U","title":"Untitled Image"}},"backgroundOpacity":0,"willDoAnimation":false,"animationType":"glow","displayAsButton":false,"buttonSize":"big","goToSlideType":"specified","invisible":false},{"x":6.577236842105264,"y":74.71896605499819,"width":88.81414473684211,"height":19.48692623589957,"action":{"library":"H5P.CRAdvancedText 1.1","params":{"text":"<p><span style=\"font-size:1.5em;color:hsl(0, 0%, 100%);\"><strong>\u12dd\u1293\u1261 \u12a5\u12e8\u12d8\u1290\u1260 \u1290\u12cd \u12a5\u1233\u1275 \u12a0\u12f0\u130b \u1230\u122b\u1270\u129b\u12cd \u1230\u121b\u12eb\u12ca \u12e3\u1295\u1325\u120b \u12ed\u12df\u120d\u1364 \u1235\u121d\u1295\u1275 \u12e3\u1295\u1325\u120b\u12ce\u127d \u1270\u12d8\u122d\u130d\u1270\u12cb\u120d \u12a0\u12cd\u1276\u1261\u1231 \u12e8\u1275 \u1290\u12cd? \u134d\u1320\u1295\u1361\u1361<\/strong><\/span><\/p>"},"subContentId":"2a061b90-d7d9-4ec2-b4f1-e0784e806c06","metadata":{"contentType":"Text","license":"U","title":"Untitled Text"}},"alwaysDisplayComments":false,"backgroundOpacity":0,"willDoAnimation":false,"animationType":"glow","displayAsButton":false,"buttonSize":"big","goToSlideType":"specified","invisible":false,"solution":""},{"x":47.00006578947369,"y":44.0012898320944,"width":40,"height":40,"action":{"library":"H5P.CRAudio 1.4","params":{"fitToWrapper":true,"currIndex":9,"playerMode":"minimalistic","controls":true,"autoplay":true,"playAudio":"Play audio","pauseAudio":"Pause audio","contentName":"Audio","glowColor":"#ffd85a","timeStampForEachText":[{"text":" \u12dd\u1293\u1261 ","startDuration":"0.0000","endDuration":"0.5676","wordfile":[{"path":"audios\/wordfile-66f24eb80b6dd.wav","mime":"audio\/x-wav","copyright":{"license":"U"}}]},{"text":" \u12a5\u12e8\u12d8\u1290\u1260 ","startDuration":"0.6331","endDuration":"1.3437","wordfile":[{"path":"audios\/wordfile-66f24ee81ad57.wav","mime":"audio\/x-wav","copyright":{"license":"U"}}]},{"text":" \u1290\u12cd ","startDuration":"1.3447","endDuration":"2.2187","wordfile":[{"path":"audios\/wordfile-66f24f0c1dfe7.wav","mime":"audio\/x-wav","copyright":{"license":"U"}}]},{"text":" \u12a5\u1233\u1275 ","startDuration":"2.2197","endDuration":"2.6648","wordfile":[{"path":"audios\/wordfile-66f24f23563c0.wav","mime":"audio\/x-wav","copyright":{"license":"U"}}]},{"text":" \u12a0\u12f0\u130b ","startDuration":"2.6658","endDuration":"3.1517","wordfile":[{"path":"audios\/wordfile-66f24f40bb664.wav","mime":"audio\/x-wav","copyright":{"license":"U"}}]},{"text":" \u1230\u122b\u1270\u129b\u12cd ","startDuration":"3.1527","endDuration":"3.8020","wordfile":[{"path":"audios\/wordfile-66f24f65b2859.wav","mime":"audio\/x-wav","copyright":{"license":"U"}}]},{"text":" \u1230\u121b\u12eb\u12ca ","startDuration":"3.8030","endDuration":"4.5136","wordfile":[{"path":"audios\/wordfile-66f24fba92a08.wav","mime":"audio\/x-wav","copyright":{"license":"U"}}]},{"text":" \u12e3\u1295\u1325\u120b ","startDuration":"4.5146","endDuration":"5.1231","wordfile":[{"path":"audios\/wordfile-66f24fdb75cd4.wav","mime":"audio\/x-wav","copyright":{"license":"U"}}]},{"text":" \u12ed\u12df\u120d\u1364 ","startDuration":"5.1241","endDuration":"6.0594","wordfile":[{"path":"audios\/wordfile-66f2500c42447.wav","mime":"audio\/x-wav","copyright":{"license":"U"}}]},{"text":" \u1235\u121d\u1295\u1275 ","startDuration":"6.0604","endDuration":"6.7097","wordfile":[{"path":"audios\/wordfile-66f25034ae298.wav","mime":"audio\/x-wav","copyright":{"license":"U"}}]},{"text":" \u12e3\u1295\u1325\u120b\u12ce\u127d ","startDuration":"6.7107","endDuration":"7.6460","wordfile":[{"path":"audios\/wordfile-66f25055440a9.wav","mime":"audio\/x-wav","copyright":{"license":"U"}}]},{"text":" \u1270\u12d8\u122d\u130d\u1270\u12cb\u120d ","startDuration":"7.6470","endDuration":"8.7252","wordfile":[{"path":"audios\/wordfile-66f2506f61397.wav","mime":"audio\/x-wav","copyright":{"license":"U"}}]},{"text":" \u12a0\u12cd\u1276\u1261\u1231 ","startDuration":"8.7262","endDuration":"9.5798","wordfile":[{"path":"audios\/wordfile-66f2508c9146b.wav","mime":"audio\/x-wav","copyright":{"license":"U"}}]},{"text":" \u12e8\u1275 ","startDuration":"9.6012","endDuration":"10.1076","wordfile":[{"path":"audios\/wordfile-66f250afa39f6.wav","mime":"audio\/x-wav","copyright":{"license":"U"}}]},{"text":" \u1290\u12cd? ","startDuration":"10.1086","endDuration":"10.6558","wordfile":[{"path":"audios\/wordfile-66f250da33307.wav","mime":"audio\/x-wav","copyright":{"license":"U"}}]},{"text":" \u134d\u1320\u1295\u1361\u1361 ","startDuration":"10.6568","endDuration":"11.5804","wordfile":[{"path":"audios\/wordfile-66f250f1d3fb3.wav","mime":"audio\/x-wav","copyright":{"license":"U"}}]}],"files":[{"path":"audios\/files-66f24e8ac7a0a.wav","mime":"audio\/x-wav","copyright":{"license":"U"}}]},"subContentId":"ba3aceb7-aba7-4049-96bc-29b2f69b7a5e","metadata":{"contentType":"Curious Reader Audio","license":"U","title":"Untitled Curious Reader Audio"}},"backgroundOpacity":0,"willDoAnimation":false,"animationType":"glow","displayAsButton":false,"buttonSize":"big","goToSlideType":"specified","invisible":false},{"x":3.287763157894737,"y":16.237978894838072,"width":22.361513157894738,"height":21.426125435358948,"action":{"library":"H5P.Image 1.1","params":{"contentName":"Image"},"subContentId":"a3d9a31f-bbeb-47b3-a564-8ef5b79596c3","metadata":{"contentType":"Image","license":"U","title":"Untitled Image"}},"backgroundOpacity":0,"willDoAnimation":true,"animationType":"glow","displayAsButton":false,"buttonSize":"big","goToSlideType":"specified","invisible":false,"id":"imgba3aceb7-aba7-4049-96bc-29b2f69b7a5e_6"}]},{"slideBackgroundSelector":{},"elements":[{"x":3.289473684210526,"y":6.497894682122992,"width":94.13898026315789,"height":87.7115064719031,"action":{"library":"H5P.Image 1.1","params":{"contentName":"Image","file":{"path":"images\/file-66f3dd22215d3.jpg","mime":"image\/jpeg","copyright":{"license":"U"},"width":1280,"height":720}},"subContentId":"ea37013f-109e-447b-af90-5d3782d9b260","metadata":{"contentType":"Image","license":"U","title":"Untitled Image"}},"backgroundOpacity":0,"willDoAnimation":false,"animationType":"glow","displayAsButton":false,"buttonSize":"big","goToSlideType":"specified","invisible":false},{"x":16.44736842105263,"y":74.72578884441441,"width":76.04851973684211,"height":19.490305141134275,"action":{"library":"H5P.CRAdvancedText 1.1","params":{"text":"<p><span style=\"font-size:1.5em;color:hsl(0, 0%, 100%);\"><strong>\u12dd\u1293\u1261 \u12a5\u12e8\u12d8\u1290\u1260 \u1290\u12cd \u1219\u12da\u1240\u129b\u12cb \u1240\u12ed \u12e3\u1295\u1325\u120b \u12ed\u12db\u1208\u127d\u1364 \u12d8\u1320\u129d \u12e3\u1295\u1325\u120b\u12ce\u127d \u1270\u12d8\u122d\u130d\u1270\u12cb\u120d \u12a0\u12cd\u1276\u1261\u1231 \u12e8\u1275 \u1290\u12cd? \u134d\u1320\u1295\u1361\u1361<\/strong><\/span><\/p>"},"subContentId":"897bff39-a8e2-496e-a868-0e53d8b59990","metadata":{"contentType":"Text","license":"U","title":"Untitled Text"}},"alwaysDisplayComments":false,"backgroundOpacity":0,"willDoAnimation":false,"animationType":"glow","displayAsButton":false,"buttonSize":"big","goToSlideType":"specified","invisible":false,"solution":""},{"x":47.00006578947369,"y":44.0012898320944,"width":40,"height":40,"action":{"library":"H5P.CRAudio 1.4","params":{"fitToWrapper":true,"currIndex":10,"playerMode":"minimalistic","controls":true,"autoplay":true,"playAudio":"Play audio","pauseAudio":"Pause audio","contentName":"Audio","glowColor":"#ffd85a","timeStampForEachText":[{"text":" \u12dd\u1293\u1261 ","startDuration":"0.0000","endDuration":"0.5472","wordfile":[{"path":"audios\/wordfile-66f2522d6902d.wav","mime":"audio\/x-wav","copyright":{"license":"U"}}]},{"text":" \u12a5\u12e8\u12d8\u1290\u1260 ","startDuration":"0.5482","endDuration":"1.3201","wordfile":[{"path":"audios\/wordfile-66f2524977081.wav","mime":"audio\/x-wav","copyright":{"license":"U"}}]},{"text":" \u1290\u12cd ","startDuration":"1.3211","endDuration":"2.2972","wordfile":[{"path":"audios\/wordfile-66f2526f61951.wav","mime":"audio\/x-wav","copyright":{"license":"U"}}]},{"text":" \u1219\u12da\u1240\u129b\u12cb ","startDuration":"2.2982","endDuration":"3.6419","wordfile":[{"path":"audios\/wordfile-66f2529124c92.wav","mime":"audio\/x-wav","copyright":{"license":"U"}}]},{"text":" \u1240\u12ed ","startDuration":"3.6429","endDuration":"3.9042","wordfile":[{"path":"audios\/wordfile-66f252b114e4e.wav","mime":"audio\/x-wav","copyright":{"license":"U"}}]},{"text":" \u12e3\u1295\u1325\u120b ","startDuration":"3.9052","endDuration":"4.3707","wordfile":[{"path":"audios\/wordfile-66f252cc9deed.wav","mime":"audio\/x-wav","copyright":{"license":"U"}}]},{"text":" \u12ed\u12db\u1208\u127d\u1364 ","startDuration":"4.3717","endDuration":"5.7563","wordfile":[{"path":"audios\/wordfile-66f252f87db8e.wav","mime":"audio\/x-wav","copyright":{"license":"U"}}]},{"text":" \u12d8\u1320\u129d ","startDuration":"5.7573","endDuration":"6.5087","wordfile":[{"path":"audios\/wordfile-66f25322dabfa.wav","mime":"audio\/x-wav","copyright":{"license":"U"}}]},{"text":" \u12e3\u1295\u1325\u120b\u12ce\u127d ","startDuration":"6.5097","endDuration":"7.2611","wordfile":[{"path":"audios\/wordfile-66f2533c18272.wav","mime":"audio\/x-wav","copyright":{"license":"U"}}]},{"text":" \u1270\u12d8\u122d\u130d\u1270\u12cb\u120d ","startDuration":"7.2621","endDuration":"8.6467","wordfile":[{"path":"audios\/wordfile-66f2535261f56.wav","mime":"audio\/x-wav","copyright":{"license":"U"}}]},{"text":" \u12a0\u12cd\u1276\u1261\u1231 ","startDuration":"8.6477","endDuration":"9.5013","wordfile":[{"path":"audios\/wordfile-66f2536f10689.wav","mime":"audio\/x-wav","copyright":{"license":"U"}}]},{"text":" \u12e8\u1275 ","startDuration":"9.5023","endDuration":"9.8657","wordfile":[{"path":"audios\/wordfile-66f253a29fe44.wav","mime":"audio\/x-wav","copyright":{"license":"U"}}]},{"text":" \u1290\u12cd? ","startDuration":"9.8667","endDuration":"10.5773","wordfile":[{"path":"audios\/wordfile-66f253b5e40db.wav","mime":"audio\/x-wav","copyright":{"license":"U"}}]},{"text":" \u134d\u1320\u1295\u1361\u1361 ","startDuration":"10.5783","endDuration":"11.5804","wordfile":[{"path":"audios\/wordfile-66f253c8d05d9.wav","mime":"audio\/x-wav","copyright":{"license":"U"}}]}],"files":[{"path":"audios\/files-66f2520fc2743.wav","mime":"audio\/x-wav","copyright":{"license":"U"}}]},"subContentId":"0b33993d-2b99-4eee-921e-6da13269735e","metadata":{"contentType":"Curious Reader Audio","license":"U","title":"Untitled Curious Reader Audio"}},"backgroundOpacity":0,"willDoAnimation":false,"animationType":"glow","displayAsButton":false,"buttonSize":"big","goToSlideType":"specified","invisible":false},{"x":75.6578947368421,"y":29.23714716431876,"width":21.907565789473686,"height":21.42950434059365,"action":{"library":"H5P.Image 1.1","params":{"contentName":"Image"},"subContentId":"b21d61c5-bf24-45eb-87d4-b7ebb8d9c1db","metadata":{"contentType":"Image","license":"U","title":"Untitled Image"}},"backgroundOpacity":0,"willDoAnimation":true,"animationType":"glow","displayAsButton":false,"buttonSize":"big","goToSlideType":"specified","invisible":false,"id":"img0b33993d-2b99-4eee-921e-6da13269735e_4"}]},{"slideBackgroundSelector":{},"elements":[{"x":3.289473684210526,"y":3.248947341061496,"width":94.13898026315789,"height":87.7115064719031,"action":{"library":"H5P.Image 1.1","params":{"contentName":"Image","file":{"path":"images\/file-66f3dd38a81a2.jpg","mime":"image\/jpeg","copyright":{"license":"U"},"width":1280,"height":720}},"subContentId":"ea37013f-109e-447b-af90-5d3782d9b260","metadata":{"contentType":"Image","license":"U","title":"Untitled Image"}},"backgroundOpacity":0,"willDoAnimation":false,"animationType":"glow","displayAsButton":false,"buttonSize":"big","goToSlideType":"specified","invisible":false},{"x":16.44736842105263,"y":71.47684150335292,"width":72.36677631578948,"height":19.490305141134275,"action":{"library":"H5P.CRAdvancedText 1.1","params":{"text":"<p><span style=\"font-size:1.5em;color:hsl(0, 0%, 100%);\"><strong>\u12dd\u1293\u1261 \u12a5\u12e8\u12d8\u1290\u1260 \u1290\u12cd \u1230\u12d3\u120a\u12cd \u1262\u132b \u12e3\u1295\u1325\u120b \u12ed\u12df\u120d\u1364 \u12a0\u1235\u122d \u12e3\u1295\u1325\u120b\u12ce\u127d \u1270\u12d8\u122d\u130d\u1270\u12cb\u120d \u12a0\u12cd\u1276\u1261\u1231 \u12e8\u1275 \u1290\u12cd? \u134d\u1320\u1295\u1361\u1361<\/strong><\/span><\/p>"},"subContentId":"3001527f-93da-407e-bd19-696cfab4a465","metadata":{"contentType":"Text","license":"U","title":"Untitled Text"}},"alwaysDisplayComments":false,"backgroundOpacity":0,"willDoAnimation":false,"animationType":"glow","displayAsButton":false,"buttonSize":"big","goToSlideType":"specified","invisible":false,"solution":""},{"x":47.00006578947369,"y":44.0012898320944,"width":40,"height":40,"action":{"library":"H5P.CRAudio 1.4","params":{"fitToWrapper":true,"currIndex":11,"playerMode":"minimalistic","controls":true,"autoplay":true,"playAudio":"Play audio","pauseAudio":"Pause audio","contentName":"Audio","glowColor":"#ffd85a","timeStampForEachText":[{"text":" \u12dd\u1293\u1261 ","startDuration":"0.0000","endDuration":"0.5452","wordfile":[{"path":"audios\/wordfile-66f2553879dbc.wav","mime":"audio\/x-wav","copyright":{"license":"U"}}]},{"text":" \u12a5\u12e8\u12d8\u1290\u1260 ","startDuration":"0.6037","endDuration":"1.3024","wordfile":[{"path":"audios\/wordfile-66f25563e0143.wav","mime":"audio\/x-wav","copyright":{"license":"U"}}]},{"text":" \u1290\u12cd ","startDuration":"1.3034","endDuration":"2.3665","wordfile":[{"path":"audios\/wordfile-66f25579ca1b1.wav","mime":"audio\/x-wav","copyright":{"license":"U"}}]},{"text":" \u1230\u12d3\u120a\u12cd ","startDuration":"2.3675","endDuration":"3.1045","wordfile":[{"path":"audios\/wordfile-66f255a6a9c1a.wav","mime":"audio\/x-wav","copyright":{"license":"U"}}]},{"text":" \u1262\u132b ","startDuration":"3.1055","endDuration":"3.4206","wordfile":[{"path":"audios\/wordfile-66f255ced165b.wav","mime":"audio\/x-wav","copyright":{"license":"U"}}]},{"text":" \u12e3\u1295\u1325\u120b ","startDuration":"3.4216","endDuration":"4.0052","wordfile":[{"path":"audios\/wordfile-66f256081ce58.wav","mime":"audio\/x-wav","copyright":{"license":"U"}}]},{"text":" \u12ed\u12df\u120d\u1364 ","startDuration":"4.0062","endDuration":"4.9542","wordfile":[{"path":"audios\/wordfile-66f2561eeed11.wav","mime":"audio\/x-wav","copyright":{"license":"U"}}]},{"text":" \u12a0\u1235\u122d ","startDuration":"4.9552","endDuration":"5.6539","wordfile":[{"path":"audios\/wordfile-66f25644e8068.wav","mime":"audio\/x-wav","copyright":{"license":"U"}}]},{"text":" \u12e3\u1295\u1325\u120b\u12ce\u127d ","startDuration":"5.6549","endDuration":"6.4878","wordfile":[{"path":"audios\/wordfile-66f25679a67df.wav","mime":"audio\/x-wav","copyright":{"license":"U"}}]},{"text":" \u1270\u12d8\u122d\u130d\u1270\u12cb\u120d ","startDuration":"6.4888","endDuration":"7.7629","wordfile":[{"path":"audios\/wordfile-66f2569333601.wav","mime":"audio\/x-wav","copyright":{"license":"U"}}]},{"text":" \u12a0\u12cd\u1276\u1261\u1231 ","startDuration":"7.7639","endDuration":"8.6927","wordfile":[{"path":"audios\/wordfile-66f256a6dcee5.wav","mime":"audio\/x-wav","copyright":{"license":"U"}}]},{"text":" \u12e8\u1275 ","startDuration":"8.6937","endDuration":"9.0855","wordfile":[{"path":"audios\/wordfile-66f256d488c4a.wav","mime":"audio\/x-wav","copyright":{"license":"U"}}]},{"text":" \u1290\u12cd? ","startDuration":"9.0865","endDuration":"9.9578","wordfile":[{"path":"audios\/wordfile-66f256e8275ae.wav","mime":"audio\/x-wav","copyright":{"license":"U"}}]},{"text":" \u134d\u1320\u1295\u1361\u1361 ","startDuration":"9.9588","endDuration":"10.8750","wordfile":[{"path":"audios\/wordfile-66f2570249ec0.wav","mime":"audio\/x-wav","copyright":{"license":"U"}}]}],"files":[{"path":"audios\/files-66f255027d7b4.wav","mime":"audio\/x-wav","copyright":{"license":"U"}}]},"subContentId":"ec4a3baf-6a9d-431f-be0b-b79ab926799a","metadata":{"contentType":"Curious Reader Audio","license":"U","title":"Untitled Curious Reader Audio"}},"backgroundOpacity":0,"willDoAnimation":false,"animationType":"glow","displayAsButton":false,"buttonSize":"big","goToSlideType":"specified","invisible":false},{"x":3.286052631578947,"y":29.23714716431876,"width":15.787763157894735,"height":21.426125435358948,"action":{"library":"H5P.Image 1.1","params":{"contentName":"Image"},"subContentId":"1af6e118-b046-418b-9521-0899719d5823","metadata":{"contentType":"Image","license":"U","title":"Untitled Image"}},"backgroundOpacity":0,"willDoAnimation":true,"animationType":"glow","displayAsButton":false,"buttonSize":"big","goToSlideType":"specified","invisible":false,"id":"imgec4a3baf-6a9d-431f-be0b-b79ab926799a_4"}]},{"slideBackgroundSelector":{},"elements":[{"x":3.289473684210526,"y":6.497894682122992,"width":94.13898026315789,"height":87.7115064719031,"action":{"library":"H5P.Image 1.1","params":{"contentName":"Image","file":{"path":"images\/file-66f3dd50e2615.jpg","mime":"image\/jpeg","copyright":{"license":"U"},"width":1280,"height":720}},"subContentId":"ea37013f-109e-447b-af90-5d3782d9b260","metadata":{"contentType":"Image","license":"U","title":"Untitled Image"}},"backgroundOpacity":0,"willDoAnimation":false,"animationType":"glow","displayAsButton":false,"buttonSize":"big","goToSlideType":"specified","invisible":false},{"x":35.71299342105263,"y":81.22043457919635,"width":39.99967105263158,"height":9.635143213598795,"action":{"library":"H5P.CRAdvancedText 1.1","params":{"text":"<p><span style=\"font-size:1.5em;color:hsl(0, 0%, 100%);\"><strong>\u12ed\u12b8\u12cd <\/strong><\/span><span style=\"font-size:1.5em;color:hsl(0, 0%, 100%);\"><strong>\u12a0\u12cd\u1276\u1261\u1231<\/strong><\/span><span style=\"font-size:1.5em;color:hsl(0, 0%, 100%);\"><strong> \u1218\u1323\u1361\u1361<\/strong><\/span><\/p>"},"subContentId":"09f8747c-672d-4e09-955a-604665a0c3b0","metadata":{"contentType":"Text","license":"U","title":"Untitled Text"}},"alwaysDisplayComments":false,"backgroundOpacity":0,"willDoAnimation":false,"animationType":"glow","displayAsButton":false,"buttonSize":"big","goToSlideType":"specified","invisible":false,"solution":""},{"x":47.000553571428576,"y":44.00169312169312,"width":40,"height":40,"action":{"library":"H5P.CRAudio 1.4","params":{"fitToWrapper":true,"currIndex":12,"playerMode":"minimalistic","controls":true,"autoplay":true,"playAudio":"Play audio","pauseAudio":"Pause audio","contentName":"Audio","glowColor":"#ffd85a","timeStampForEachText":[{"text":" \u12ed\u12b8\u12cd ","startDuration":"0.0000","endDuration":"0.8838","wordfile":[{"path":"audios\/wordfile-6710d3192e877.wav","mime":"audio\/x-wav","copyright":{"license":"U"}}]},{"text":" \u12a0\u12cd\u1276\u1261\u1231 ","startDuration":"0.8848","endDuration":"1.8553","wordfile":[{"path":"audios\/wordfile-6710d32b644e7.wav","mime":"audio\/x-wav","copyright":{"license":"U"}}]},{"text":" \u1218\u1323\u1361\u1361 ","startDuration":"1.8563","endDuration":"2.3661","wordfile":[{"path":"audios\/wordfile-6710d33c11a8b.wav","mime":"audio\/x-wav","copyright":{"license":"U"}}]}],"files":[{"path":"audios\/files-6710d2c54b996.wav","mime":"audio\/x-wav","copyright":{"license":"U"}}]},"subContentId":"f9548679-1742-455b-b702-103c59deb458","metadata":{"contentType":"Curious Reader Audio","license":"U","title":"Untitled Curious Reader Audio"}},"backgroundOpacity":0,"willDoAnimation":false,"animationType":"glow","displayAsButton":false,"buttonSize":"big","goToSlideType":"specified","invisible":false}]},{"slideBackgroundSelector":{},"elements":[{"x":3.289473684210526,"y":6.497894682122992,"width":94.13898026315789,"height":87.7115064719031,"action":{"library":"H5P.Image 1.1","params":{"contentName":"Image","file":{"path":"images\/file-66f3dd6f621c9.jpg","mime":"image\/jpeg","copyright":{"license":"U"},"width":1280,"height":720}},"subContentId":"ea37013f-109e-447b-af90-5d3782d9b260","metadata":{"contentType":"Image","license":"U","title":"Untitled Image"}},"backgroundOpacity":0,"willDoAnimation":false,"animationType":"glow","displayAsButton":false,"buttonSize":"big","goToSlideType":"specified","invisible":false},{"x":29.605263157894736,"y":81.22368352653741,"width":44.40625,"height":12.992410459011282,"action":{"library":"H5P.CRAdvancedText 1.1","params":{"text":"<p><span style=\"font-size:1.5em;color:hsl(0, 0%, 100%);\"><strong>\u1260\u130e\u121b\u12cd \u12e8\u12dd\u1293\u1261\u1295 \u12cd\u1283 \u12a5\u12e8\u1228\u1328\u1361\u1361<\/strong><\/span><\/p><p><br>&nbsp;<\/p>"},"subContentId":"65340cc7-f0d1-431c-a302-ee92cb09aed6","metadata":{"contentType":"Text","license":"U","title":"Untitled Text"}},"alwaysDisplayComments":false,"backgroundOpacity":0,"willDoAnimation":false,"animationType":"glow","displayAsButton":false,"buttonSize":"big","goToSlideType":"specified","invisible":false,"solution":""},{"x":47.00006578947369,"y":44.0012898320944,"width":40,"height":40,"action":{"library":"H5P.CRAudio 1.4","params":{"fitToWrapper":true,"currIndex":13,"playerMode":"minimalistic","controls":true,"autoplay":true,"playAudio":"Play audio","pauseAudio":"Pause audio","contentName":"Audio","glowColor":"#ffd85a","timeStampForEachText":[{"text":" \u1260\u130e\u121b\u12cd ","startDuration":"0.0000","endDuration":"0.6141","wordfile":[{"path":"audios\/wordfile-66f259a006c90.wav","mime":"audio\/x-wav","copyright":{"license":"U"}}]},{"text":" \u12e8\u12dd\u1293\u1261\u1295 ","startDuration":"0.6151","endDuration":"1.2656","wordfile":[{"path":"audios\/wordfile-66f259bd009ae.wav","mime":"audio\/x-wav","copyright":{"license":"U"}}]},{"text":" \u12cd\u1283 ","startDuration":"1.2666","endDuration":"1.7078","wordfile":[{"path":"audios\/wordfile-66f259d7b1dfe.wav","mime":"audio\/x-wav","copyright":{"license":"U"}}]},{"text":" \u12a5\u12e8\u1228\u1328\u1361\u1361 ","startDuration":"1.8135","endDuration":"2.5804","wordfile":[{"path":"audios\/wordfile-66f259ed59bb1.wav","mime":"audio\/x-wav","copyright":{"license":"U"}}]}],"files":[{"path":"audios\/files-66f2597457ba7.wav","mime":"audio\/x-wav","copyright":{"license":"U"}}]},"subContentId":"b63f679a-9ca6-4c67-a192-7cf305040526","metadata":{"contentType":"Curious Reader Audio","license":"U","title":"Untitled Curious Reader Audio"}},"backgroundOpacity":0,"willDoAnimation":false,"animationType":"glow","displayAsButton":false,"buttonSize":"big","goToSlideType":"specified","invisible":false}]},{"slideBackgroundSelector":{},"elements":[{"x":3.289473684210526,"y":6.497894682122992,"width":94.13898026315789,"height":87.7115064719031,"action":{"library":"H5P.Image 1.1","params":{"contentName":"Image","file":{"path":"images\/file-66f3dd7da2bdb.jpg","mime":"image\/jpeg","copyright":{"license":"U"},"width":1280,"height":720}},"subContentId":"ea37013f-109e-447b-af90-5d3782d9b260","metadata":{"contentType":"Image","license":"U","title":"Untitled Image"}},"backgroundOpacity":0,"willDoAnimation":false,"animationType":"glow","displayAsButton":false,"buttonSize":"big","goToSlideType":"specified","invisible":false},{"x":27.960526315789473,"y":71.47684150335292,"width":52.629934210526315,"height":19.490305141134275,"action":{"library":"H5P.CRAdvancedText 1.1","params":{"text":"<p><span style=\"font-size:1.5em;color:hsl(0, 0%, 100%);\"><strong>\u2039\u12e3\u1295\u1325\u120b \u12ed\u12de \u12a0\u12cd\u1276\u1261\u1235 \u12cd\u1235\u1325 \u1218\u130d\u1263\u1275 \u12a0\u12ed\u127b\u120d\u121d\u203a \u12a0\u1208 \u12e8\u12a0\u12cd\u1276\u1261\u1231 \u1239\u134c\u122d<\/strong><\/span><\/p><p><br>&nbsp;<\/p>"},"subContentId":"15a33ad8-eda9-4da0-9544-bebe93855e17","metadata":{"contentType":"Text","license":"U","title":"Untitled Text"}},"alwaysDisplayComments":false,"backgroundOpacity":0,"willDoAnimation":false,"animationType":"glow","displayAsButton":false,"buttonSize":"big","goToSlideType":"specified","invisible":false,"solution":""},{"x":47.00006578947369,"y":44.0012898320944,"width":40,"height":40,"action":{"library":"H5P.CRAudio 1.4","params":{"fitToWrapper":true,"currIndex":14,"playerMode":"minimalistic","controls":true,"autoplay":true,"playAudio":"Play audio","pauseAudio":"Pause audio","contentName":"Audio","glowColor":"#ffd85a","timeStampForEachText":[{"text":" \u2039\u12e3\u1295\u1325\u120b ","startDuration":"0.0000","endDuration":"0.5985","wordfile":[{"path":"audios\/wordfile-66f25aae5018f.wav","mime":"audio\/x-wav","copyright":{"license":"U"}}]},{"text":" \u12ed\u12de ","startDuration":"0.5995","endDuration":"0.9107","wordfile":[{"path":"audios\/wordfile-66f25ad208343.wav","mime":"audio\/x-wav","copyright":{"license":"U"}}]},{"text":" \u12a0\u12cd\u1276\u1261\u1235 ","startDuration":"0.9302","endDuration":"1.6770","wordfile":[{"path":"audios\/wordfile-66f25aeb57e59.wav","mime":"audio\/x-wav","copyright":{"license":"U"}}]},{"text":" \u12cd\u1235\u1325 ","startDuration":"1.5483","endDuration":"1.8317","wordfile":[{"path":"audios\/wordfile-66f25b2542cd9.wav","mime":"audio\/x-wav","copyright":{"license":"U"}}]},{"text":" \u1218\u130d\u1263\u1275 ","startDuration":"1.7956","endDuration":"2.3014","wordfile":[{"path":"audios\/wordfile-66f25b487d187.wav","mime":"audio\/x-wav","copyright":{"license":"U"}}]},{"text":" \u12a0\u12ed\u127b\u120d\u121d\u203a ","startDuration":"2.3024","endDuration":"3.2994","wordfile":[{"path":"audios\/wordfile-66f25b689bbd7.wav","mime":"audio\/x-wav","copyright":{"license":"U"}}]},{"text":" \u12a0\u1208 ","startDuration":"3.3282","endDuration":"3.7506","wordfile":[{"path":"audios\/wordfile-66f25ba09e7a4.wav","mime":"audio\/x-wav","copyright":{"license":"U"}}]},{"text":" \u12e8\u12a0\u12cd\u1276\u1261\u1231 ","startDuration":"3.7516","endDuration":"4.4520","wordfile":[{"path":"audios\/wordfile-66f25bc69a70a.wav","mime":"audio\/x-wav","copyright":{"license":"U"}}]},{"text":" \u1239\u134c\u122d ","startDuration":"4.4530","endDuration":"5.2545","wordfile":[{"path":"audios\/wordfile-66f25bee6c58b.wav","mime":"audio\/x-wav","copyright":{"license":"U"}}]}],"files":[{"path":"audios\/files-66f25a8443c3d.wav","mime":"audio\/x-wav","copyright":{"license":"U"}}]},"subContentId":"1383765b-0adc-4622-b7ac-8123e2cb1bb1","metadata":{"contentType":"Curious Reader Audio","license":"U","title":"Untitled Curious Reader Audio"}},"backgroundOpacity":0,"willDoAnimation":false,"animationType":"glow","displayAsButton":false,"buttonSize":"big","goToSlideType":"specified","invisible":false},{"x":16.44736842105263,"y":25.99157872849197,"width":40,"height":40,"action":{"library":"H5P.Image 1.1","params":{"contentName":"Image"},"subContentId":"a66072d0-f2e9-422b-a531-a9bcce658a22","metadata":{"contentType":"Image","license":"U","title":"Untitled Image"}},"backgroundOpacity":0,"willDoAnimation":true,"animationType":"glow","displayAsButton":false,"buttonSize":"big","goToSlideType":"specified","invisible":false,"id":"img1383765b-0adc-4622-b7ac-8123e2cb1bb1_8"}]},{"slideBackgroundSelector":{},"elements":[{"x":3.289473684210526,"y":6.497894682122992,"width":94.13898026315789,"height":87.7115064719031,"action":{"library":"H5P.Image 1.1","params":{"contentName":"Image","file":{"path":"images\/file-6707b70f2d9f0.png","mime":"image\/png","copyright":{"license":"U"},"width":1169,"height":657}},"subContentId":"ea37013f-109e-447b-af90-5d3782d9b260","metadata":{"contentType":"Image","license":"U","title":"Untitled Image"}},"backgroundOpacity":0,"willDoAnimation":false,"animationType":"glow","displayAsButton":false,"buttonSize":"big","goToSlideType":"specified","invisible":false},{"x":26.31578947368421,"y":74.71896605499819,"width":57.5641447368421,"height":19.48692623589957,"action":{"library":"H5P.CRAdvancedText 1.1","params":{"text":"<p><span style=\"font-size:1.5em;color:hsl(0, 0%, 100%);\"><strong>\u12dd\u1293\u1261 \u12a5\u12e8\u12d8\u1290\u1260 \u1290\u12cd \u1364 \u1270\u1233\u134b\u122a\u12ce\u1279 \u12e3\u1295\u1325\u120b\u1278\u12cd\u1295 \u1275\u1270\u12cd \u12c8\u12f0 \u12a0\u12cd\u1276\u1261\u1231 \u1270\u1233\u1348\u1229<\/strong><\/span><\/p>"},"subContentId":"fb1bac2f-91f7-4008-b83d-c80345064f2e","metadata":{"contentType":"Text","license":"U","title":"Untitled Text"}},"alwaysDisplayComments":false,"backgroundOpacity":0,"willDoAnimation":false,"animationType":"glow","displayAsButton":false,"buttonSize":"big","goToSlideType":"specified","invisible":false,"solution":""},{"x":47.00006578947369,"y":44.0012898320944,"width":40,"height":40,"action":{"library":"H5P.CRAudio 1.4","params":{"fitToWrapper":true,"currIndex":15,"playerMode":"minimalistic","controls":true,"autoplay":true,"playAudio":"Play audio","pauseAudio":"Pause audio","contentName":"Audio","glowColor":"#ffd85a","timeStampForEachText":[{"text":" \u12dd\u1293\u1261 ","startDuration":"0.0000","endDuration":"0.5406","wordfile":[{"path":"audios\/wordfile-66f25cd52e101.wav","mime":"audio\/x-wav","copyright":{"license":"U"}}]},{"text":" \u12a5\u12e8\u12d8\u1290\u1260 ","startDuration":"0.5416","endDuration":"1.3206","wordfile":[{"path":"audios\/wordfile-66f25cedd683f.wav","mime":"audio\/x-wav","copyright":{"license":"U"}}]},{"text":" \u1290\u12cd ","startDuration":"1.3557","endDuration":"1.9985","wordfile":[{"path":"audios\/wordfile-66f25d0566baf.wav","mime":"audio\/x-wav","copyright":{"license":"U"}}]},{"text":" \u1270\u1233\u134b\u122a\u12ce\u1279 ","startDuration":"1.9541","endDuration":"3.0397","wordfile":[{"path":"audios\/wordfile-66f25d1f6cc6c.wav","mime":"audio\/x-wav","copyright":{"license":"U"}}]},{"text":" \u12e3\u1295\u1325\u120b\u1278\u12cd\u1295 ","startDuration":"3.0407","endDuration":"4.0127","wordfile":[{"path":"audios\/wordfile-66f25d652f66a.wav","mime":"audio\/x-wav","copyright":{"license":"U"}}]},{"text":" \u1275\u1270\u12cd ","startDuration":"4.0137","endDuration":"4.4975","wordfile":[{"path":"audios\/wordfile-66f25d7d58ce4.wav","mime":"audio\/x-wav","copyright":{"license":"U"}}]},{"text":" \u12c8\u12f0 ","startDuration":"4.4985","endDuration":"4.9823","wordfile":[{"path":"audios\/wordfile-66f25d990375a.wav","mime":"audio\/x-wav","copyright":{"license":"U"}}]},{"text":" \u12a0\u12cd\u1276\u1261\u1231 ","startDuration":"4.9833","endDuration":"5.5012","wordfile":[{"path":"audios\/wordfile-66f25dc71cbc8.wav","mime":"audio\/x-wav","copyright":{"license":"U"}}]},{"text":" \u1270\u1233\u1348\u1229 ","startDuration":"5.5022","endDuration":"6.4375","wordfile":[{"path":"audios\/wordfile-66f25de050c3f.wav","mime":"audio\/x-wav","copyright":{"license":"U"}}]}],"files":[{"path":"audios\/files-66f25cb287d67.wav","mime":"audio\/x-wav","copyright":{"license":"U"}}]},"subContentId":"643ab5e5-f6ed-4000-8edb-0a101c077058","metadata":{"contentType":"Curious Reader Audio","license":"U","title":"Untitled Curious Reader Audio"}},"backgroundOpacity":0,"willDoAnimation":false,"animationType":"glow","displayAsButton":false,"buttonSize":"big","goToSlideType":"specified","invisible":false}]},{"slideBackgroundSelector":{},"elements":[{"x":3.289473684210526,"y":6.497894682122992,"width":94.13898026315789,"height":87.7115064719031,"action":{"library":"H5P.Image 1.1","params":{"contentName":"Image","file":{"path":"images\/file-66f3dda801d95.jpg","mime":"image\/jpeg","copyright":{"license":"U"},"width":1280,"height":720}},"subContentId":"ea37013f-109e-447b-af90-5d3782d9b260","metadata":{"contentType":"Image","license":"U","title":"Untitled Image"}},"backgroundOpacity":0,"willDoAnimation":false,"animationType":"glow","displayAsButton":false,"buttonSize":"big","goToSlideType":"specified","invisible":false},{"x":14.802631578947368,"y":74.72578884441441,"width":76.046875,"height":19.48692623589957,"action":{"library":"H5P.CRAdvancedText 1.1","params":{"text":"<p><span style=\"font-size:1.5em;color:hsl(0, 0%, 100%);\"><strong>\u12a0\u1235\u1229 \u12e3\u1295\u1325\u120b\u12ce\u127d \u1260\u12a0\u12e8\u122d \u120b\u12ed \u1232\u1295\u1233\u1348\u1349 \u1364 \u12a0\u12cd\u1276\u1261\u1231\u121d \u12a8\u121b\u1246\u121a\u12eb\u12cd \u1270\u1290\u1233 \u1364 \u1340\u1210\u12ed\u12cb\u121d \u1260\u12f0\u1218\u1293 \u12cd\u1235\u1325 \u12a0\u1260\u122b\u127d\u1362<\/strong><\/span><\/p><p><br>&nbsp;<\/p>"},"subContentId":"4389c0c7-0075-47d0-9337-c864908801ea","metadata":{"contentType":"Text","license":"U","title":"Untitled Text"}},"alwaysDisplayComments":false,"backgroundOpacity":0,"willDoAnimation":false,"animationType":"glow","displayAsButton":false,"buttonSize":"big","goToSlideType":"specified","invisible":false,"solution":""},{"x":47.00006578947369,"y":44.0012898320944,"width":40,"height":40,"action":{"library":"H5P.CRAudio 1.4","params":{"fitToWrapper":true,"currIndex":16,"playerMode":"minimalistic","controls":true,"autoplay":true,"playAudio":"Play audio","pauseAudio":"Pause audio","contentName":"Audio","glowColor":"#ffd85a","timeStampForEachText":[{"text":" \u12a0\u1235\u1229 ","startDuration":"0.0000","endDuration":"0.6249","wordfile":[{"path":"audios\/wordfile-66f25f1acff37.wav","mime":"audio\/x-wav","copyright":{"license":"U"}}]},{"text":" \u12e3\u1295\u1325\u120b\u12ce\u127d ","startDuration":"0.6359","endDuration":"1.5029","wordfile":[{"path":"audios\/wordfile-66f25f4a51948.wav","mime":"audio\/x-wav","copyright":{"license":"U"}}]},{"text":" \u1260\u12a0\u12e8\u122d ","startDuration":"1.4729","endDuration":"1.8745","wordfile":[{"path":"audios\/wordfile-66f25f6ed771f.wav","mime":"audio\/x-wav","copyright":{"license":"U"}}]},{"text":" \u120b\u12ed ","startDuration":"1.9531","endDuration":"2.1996","wordfile":[{"path":"audios\/wordfile-66f25fa570dbf.wav","mime":"audio\/x-wav","copyright":{"license":"U"}}]},{"text":" \u1232\u1295\u1233\u1348\u1349 ","startDuration":"2.2006","endDuration":"3.1141","wordfile":[{"path":"audios\/wordfile-66f25fc86a1ea.wav","mime":"audio\/x-wav","copyright":{"license":"U"}}]},{"text":" \u12a0\u12cd\u1276\u1261\u1231\u121d \u1364 ","startDuration":"3.1151","endDuration":"4.1992","wordfile":[{"path":"audios\/wordfile-66f25ff039793.wav","mime":"audio\/x-wav","copyright":{"license":"U"}}]},{"text":" \u12a8\u121b\u1246\u121a\u12eb\u12cd ","startDuration":"4.2002","endDuration":"5.0361","wordfile":[{"path":"audios\/wordfile-66f2601ee2c74.wav","mime":"audio\/x-wav","copyright":{"license":"U"}}]},{"text":" \u1270\u1290\u1233 ","startDuration":"5.0371","endDuration":"5.9816","wordfile":[{"path":"audios\/wordfile-66f2603d6e982.wav","mime":"audio\/x-wav","copyright":{"license":"U"}}]},{"text":" \u1340\u1210\u12ed\u12cb\u121d \u1364 ","startDuration":"5.9826","endDuration":"6.8496","wordfile":[{"path":"audios\/wordfile-66f26070ad833.wav","mime":"audio\/x-wav","copyright":{"license":"U"}}]},{"text":" \u1260\u12f0\u1218\u1293 ","startDuration":"6.8506","endDuration":"7.3453","wordfile":[{"path":"audios\/wordfile-66f260a923080.wav","mime":"audio\/x-wav","copyright":{"license":"U"}}]},{"text":" \u12cd\u1235\u1325 ","startDuration":"7.3463","endDuration":"7.7635","wordfile":[{"path":"audios\/wordfile-66f260d830d29.wav","mime":"audio\/x-wav","copyright":{"license":"U"}}]},{"text":" \u12a0\u1260\u122b\u127d\u1362 ","startDuration":"7.7645","endDuration":"8.7946","wordfile":[{"path":"audios\/wordfile-66f260f13d0f3.wav","mime":"audio\/x-wav","copyright":{"license":"U"}}]}],"files":[{"path":"audios\/files-66f25efe6242e.wav","mime":"audio\/x-wav","copyright":{"license":"U"}}]},"subContentId":"dbbf6c88-bbfa-4bd7-b1d6-4bb01f42541b","metadata":{"contentType":"Curious Reader Audio","license":"U","title":"Untitled Curious Reader Audio"}},"backgroundOpacity":0,"willDoAnimation":false,"animationType":"glow","displayAsButton":false,"buttonSize":"big","goToSlideType":"specified","invisible":false},{"x":31.25,"y":16.241357800072777,"width":39.99967105263158,"height":49.74268337058794,"action":{"library":"H5P.Image 1.1","params":{"contentName":"Image"},"subContentId":"967616c9-18bc-4626-928e-6312798cd6fa","metadata":{"contentType":"Image","license":"U","title":"Untitled Image"}},"backgroundOpacity":0,"willDoAnimation":true,"animationType":"glow","displayAsButton":false,"buttonSize":"big","goToSlideType":"specified","invisible":false,"id":"imgdbbf6c88-bbfa-4bd7-b1d6-4bb01f42541b_8"}]},{"elements":[{"x":3.289473684210526,"y":6.497894682122992,"width":92.49424342105263,"height":87.71832926131934,"action":{"library":"H5P.Image 1.1","params":{"contentName":"Image","file":{"path":"images\/file-672f11e450fca.png","mime":"image\/png","copyright":{"license":"U"},"width":1812,"height":952}},"subContentId":"e021de17-6c48-43aa-94f9-f12a23ec43e6","metadata":{"contentType":"Image","license":"U","title":"Untitled Image"}},"backgroundOpacity":0,"willDoAnimation":false,"animationType":"glow","displayAsButton":false,"buttonSize":"big","goToSlideType":"specified","invisible":false}],"slideBackgroundSelector":{}}],"keywordListEnabled":true,"globalBackgroundSelector":{},"keywordListAlwaysShow":false,"keywordListAutoHide":false,"keywordListOpacity":90},"override":{"activeSurface":false,"hideSummarySlide":false,"summarySlideSolutionButton":true,"summarySlideRetryButton":true,"enablePrintButton":false,"social":{"showFacebookShare":false,"facebookShare":{"url":"@currentpageurl","quote":"I scored @score out of @maxScore on a task at @currentpageurl."},"showTwitterShare":false,"twitterShare":{"statement":"I scored @score out of @maxScore on a task at @currentpageurl.","url":"@currentpageurl","hashtags":"h5p, course"},"showGoogleShare":false,"googleShareUrl":"@currentpageurl"}},"l10n":{"slide":"Slide","score":"Score","yourScore":"Your Score","maxScore":"Max Score","total":"Total","totalScore":"Total Score","showSolutions":"Show solutions","retry":"Retry","exportAnswers":"Export text","hideKeywords":"Hide sidebar navigation menu","showKeywords":"Show sidebar navigation menu","fullscreen":"Fullscreen","exitFullscreen":"Exit fullscreen","prevSlide":"Previous slide","nextSlide":"Next slide","currentSlide":"Current slide","lastSlide":"Last slide","solutionModeTitle":"Exit solution mode","solutionModeText":"Solution Mode","summaryMultipleTaskText":"Multiple tasks","scoreMessage":"You achieved:","shareFacebook":"Share on Facebook","shareTwitter":"Share on Twitter","shareGoogle":"Share on Google+","summary":"Summary","solutionsButtonTitle":"Show comments","printTitle":"Print","printIngress":"How would you like to print this presentation?","printAllSlides":"Print all slides","printCurrentSlide":"Print current slide","noTitle":"No title","accessibilitySlideNavigationExplanation":"Use left and right arrow to change slide in that direction whenever canvas is selected.","accessibilityCanvasLabel":"Presentation canvas. Use left and right arrow to move between slides.","containsNotCompleted":"@slideName contains not completed interaction","containsCompleted":"@slideName contains completed interaction","slideCount":"Slide @index of @total","containsOnlyCorrect":"@slideName only has correct answers","containsIncorrectAnswers":"@slideName has incorrect answers","shareResult":"Share Result","accessibilityTotalScore":"You got @score of @maxScore points in total","accessibilityEnteredFullscreen":"Entered fullscreen","accessibilityExitedFullscreen":"Exited fullscreen"}}