{"presentation":{"slides":[{"elements":[{"x":16.338997821350763,"y":4.29436559139785,"width":61.00217864923747,"height":61.0752688172043,"action":{"library":"H5P.Image 1.1","params":{"contentName":"Image","file":{"path":"images\/file-658df71f3927b.jpg","mime":"image\/jpeg","copyright":{"license":"U"},"width":959,"height":459}},"subContentId":"90815812-5a9a-47e4-aa29-69dd1f6c4cf7","metadata":{"contentType":"Image","license":"U","title":"Untitled Image"}},"backgroundOpacity":0,"willDoAnimation":false,"animationType":"glow","displayAsButton":false,"buttonSize":"big","goToSlideType":"specified","invisible":false},{"x":1.2755102040816326,"y":73.02040302267004,"width":98.21428571428572,"height":22.670025188916874,"action":{"library":"H5P.CRAdvancedText 1.1","params":{"text":"<h2 style=\"text-align: center;\"><span style=\"font-size:1.75em;\">Wakikere ayagala okumyamyansa<\/span><\/h2>\n"},"subContentId":"a6404b6c-b26b-4615-9650-6852c7151d89","metadata":{"contentType":"Text","license":"U","title":"Untitled Text"}},"alwaysDisplayComments":false,"backgroundOpacity":0,"willDoAnimation":false,"animationType":"glow","displayAsButton":false,"buttonSize":"big","goToSlideType":"specified","invisible":false,"solution":""}],"slideBackgroundSelector":{}},{"elements":[{"x":17.429193899782135,"y":2.150537634408602,"width":51.63398692810458,"height":51.61290322580645,"action":{"library":"H5P.Image 1.1","params":{"contentName":"Image","file":{"path":"images\/file-658df7a785438.jpg","mime":"image\/jpeg","copyright":{"license":"U"},"width":959,"height":516}},"subContentId":"3e1325b3-ea46-470d-93ba-73c6f41b841d","metadata":{"contentType":"Image","license":"U","title":"Untitled Image"}},"backgroundOpacity":0,"willDoAnimation":false,"animationType":"glow","displayAsButton":false,"buttonSize":"big","goToSlideType":"specified","invisible":false},{"x":5.446623093681917,"y":62.32860215053763,"width":91.50326797385621,"height":33.54838709677419,"action":{"library":"H5P.CRAdvancedText 1.1","params":{"text":"<p dir=\"ltr\" style=\"text-align: center;\"><span style=\"color:#ffffff;\"><span style=\"font-size:1.625em;\">Wakikere yayagala okulaba emmunyeenye. Yayagala okubuuka azikwateko. Mu kiro kimu, yamalirira okukwata ku mmunyeenye!<\/span><\/span><\/p>\n"},"subContentId":"3935a54d-66fb-43a9-ab4f-ba0904c68fad","metadata":{"contentType":"Text","license":"U","title":"Untitled Text"}},"alwaysDisplayComments":false,"backgroundOpacity":0,"willDoAnimation":false,"animationType":"glow","displayAsButton":false,"buttonSize":"big","goToSlideType":"specified","invisible":false,"solution":""},{"x":47.00255102040816,"y":43.95465994962216,"width":40,"height":40,"action":{"library":"H5P.CRAudio 1.4","params":{"fitToWrapper":true,"currIndex":1,"playerMode":"minimalistic","controls":true,"autoplay":true,"playAudio":"Play audio","pauseAudio":"Pause audio","contentName":"Audio","glowColor":"#ffd85a","timeStampForEachText":[{"text":" Wakikere ","startDuration":"0.0000","endDuration":"2.1996","wordfile":[{"path":"audios\/wordfile-6632ad468f2fa.mp3","mime":"audio\/mpeg","copyright":{"license":"U"}}]},{"text":" yayagala ","startDuration":"2.2006","endDuration":"3.0190","wordfile":[{"path":"audios\/wordfile-6632ad7a61b38.mp3","mime":"audio\/mpeg","copyright":{"license":"U"}}]},{"text":" okulaba ","startDuration":"3.0200","endDuration":"3.6117","wordfile":[{"path":"audios\/wordfile-6632add083333.mp3","mime":"audio\/mpeg","copyright":{"license":"U"}}]},{"text":" emmunyeenye. ","startDuration":"3.6127","endDuration":"4.8847","wordfile":[{"path":"audios\/wordfile-6632ade393006.mp3","mime":"audio\/mpeg","copyright":{"license":"U"}}]},{"text":" Yayagala ","startDuration":"4.8857","endDuration":"6.6318","wordfile":[{"path":"audios\/wordfile-6632ae14c4888.mp3","mime":"audio\/mpeg","copyright":{"license":"U"}}]},{"text":" okubuuka ","startDuration":"6.6328","endDuration":"7.6368","wordfile":[{"path":"audios\/wordfile-6632ae2d0778e.mp3","mime":"audio\/mpeg","copyright":{"license":"U"}}]},{"text":" azikwateko. ","startDuration":"7.6378","endDuration":"9.0334","wordfile":[{"path":"audios\/wordfile-6632ae4712bf7.mp3","mime":"audio\/mpeg","copyright":{"license":"U"}}]},{"text":" Mu ","startDuration":"9.0344","endDuration":"10.3682","wordfile":[{"path":"audios\/wordfile-6632ae61a10b8.mp3","mime":"audio\/mpeg","copyright":{"license":"U"}}]},{"text":" kiro ","startDuration":"10.3692","endDuration":"10.7341","wordfile":[{"path":"audios\/wordfile-6632ae8e0d9bd.mp3","mime":"audio\/mpeg","copyright":{"license":"U"}}]},{"text":" kimu, ","startDuration":"10.7351","endDuration":"11.3886","wordfile":[{"path":"audios\/wordfile-6632ae9fc9268.mp3","mime":"audio\/mpeg","copyright":{"license":"U"}}]},{"text":" yamalirira ","startDuration":"11.3896","endDuration":"12.5379","wordfile":[{"path":"audios\/wordfile-6632aeb86d306.mp3","mime":"audio\/mpeg","copyright":{"license":"U"}}]},{"text":" okukwata ","startDuration":"12.5389","endDuration":"13.5635","wordfile":[{"path":"audios\/wordfile-6632aed14272f.mp3","mime":"audio\/mpeg","copyright":{"license":"U"}}]},{"text":" ku ","startDuration":"13.5645","endDuration":"13.8470","wordfile":[{"path":"audios\/wordfile-6632aee84404b.mp3","mime":"audio\/mpeg","copyright":{"license":"U"}}]},{"text":" mmunyeenye! ","startDuration":"13.8480","endDuration":"15.2960","wordfile":[{"path":"audios\/wordfile-6632aefa08e75.mp3","mime":"audio\/mpeg","copyright":{"license":"U"}}]}],"files":[{"path":"audios\/files-6632ac2d0096e.wav","mime":"audio\/x-wav","copyright":{"license":"U"}}]},"subContentId":"22e52977-9e7a-4feb-af2c-c5bd2c35dc30","metadata":{"contentType":"Curious Reader Audio","license":"U","title":"Untitled Curious Reader Audio"}},"backgroundOpacity":0,"willDoAnimation":false,"animationType":"glow","displayAsButton":false,"buttonSize":"big","goToSlideType":"specified","invisible":false},{"x":22.95918367346939,"y":22.66413098236776,"width":14.923469387755102,"height":24.43324937027708,"action":{"library":"H5P.Image 1.1","params":{"contentName":"Image"},"subContentId":"823ad084-11a0-4c0e-a805-c4fc499ba1d3","metadata":{"contentType":"Image","license":"U","title":"Untitled Image"}},"backgroundOpacity":0,"willDoAnimation":true,"animationType":"glow","displayAsButton":false,"buttonSize":"big","goToSlideType":"specified","invisible":false,"id":"img22e52977-9e7a-4feb-af2c-c5bd2c35dc30_0"},{"x":26.785714285714285,"y":2.51692443324937,"width":12.372448979591837,"height":9.319899244332493,"action":{"library":"H5P.Image 1.1","params":{"contentName":"Image"},"subContentId":"b0e07976-5829-4eb5-9107-8ea09b98e77a","metadata":{"contentType":"Image","license":"U","title":"Untitled Image"}},"backgroundOpacity":0,"willDoAnimation":true,"animationType":"glow","displayAsButton":false,"buttonSize":"big","goToSlideType":"specified","invisible":false,"id":"img22e52977-9e7a-4feb-af2c-c5bd2c35dc30_3"},{"x":53.57142857142857,"y":2.511020151133501,"width":14.923469387755102,"height":29.471032745591938,"action":{"library":"H5P.Image 1.1","params":{"contentName":"Image"},"subContentId":"95088278-c2b8-40c9-9cb8-f68e458c6a80","metadata":{"contentType":"Image","license":"U","title":"Untitled Image"}},"backgroundOpacity":0,"willDoAnimation":true,"animationType":"glow","displayAsButton":false,"buttonSize":"big","goToSlideType":"specified","invisible":false,"id":"img22e52977-9e7a-4feb-af2c-c5bd2c35dc30_3"},{"x":53.57142857142857,"y":2.5149571788413096,"width":14.923469387755102,"height":29.471032745591938,"action":{"library":"H5P.Image 1.1","params":{"contentName":"Image"},"subContentId":"ddb46fff-0cb6-4a2c-95ca-16047fff6953","metadata":{"contentType":"Image","license":"U","title":"Untitled Image"}},"backgroundOpacity":0,"willDoAnimation":true,"animationType":"glow","displayAsButton":false,"buttonSize":"big","goToSlideType":"specified","invisible":false,"id":"img22e52977-9e7a-4feb-af2c-c5bd2c35dc30_13"},{"x":26.785714285714285,"y":2.511020151133501,"width":13.64795918367347,"height":9.319899244332493,"action":{"library":"H5P.Image 1.1","params":{"contentName":"Image"},"subContentId":"82179e5f-d396-4ede-ba19-d1396f59807c","metadata":{"contentType":"Image","license":"U","title":"Untitled Image"}},"backgroundOpacity":0,"willDoAnimation":true,"animationType":"glow","displayAsButton":false,"buttonSize":"big","goToSlideType":"specified","invisible":false,"id":"img22e52977-9e7a-4feb-af2c-c5bd2c35dc30_13"},{"x":40.816326530612244,"y":7.548816120906801,"width":7.270408163265306,"height":6.801007556675063,"action":{"library":"H5P.Image 1.1","params":{"contentName":"Image"},"subContentId":"d5eb2c25-bb36-4209-b8f4-5328c65cd86b","metadata":{"contentType":"Image","license":"U","title":"Untitled Image"}},"backgroundOpacity":0,"willDoAnimation":true,"animationType":"glow","displayAsButton":false,"buttonSize":"big","goToSlideType":"specified","invisible":false,"id":"img22e52977-9e7a-4feb-af2c-c5bd2c35dc30_13"}],"slideBackgroundSelector":{}},{"elements":[{"x":4.357298474945534,"y":4.301075268817204,"width":39.97821350762527,"height":91.39784946236558,"action":{"library":"H5P.Image 1.1","params":{"contentName":"Image","file":{"path":"images\/file-658df80298cc6.jpg","mime":"image\/jpeg","copyright":{"license":"U"},"width":639,"height":689}},"subContentId":"61ff46ea-6d32-48ad-a26f-81092a2ebdfd","metadata":{"contentType":"Image","license":"U","title":"Untitled Image"}},"backgroundOpacity":0,"willDoAnimation":false,"animationType":"glow","displayAsButton":false,"buttonSize":"big","goToSlideType":"specified","invisible":false},{"x":40.816326530612244,"y":27.684130982367762,"width":54.8469387755102,"height":62.46851385390428,"action":{"library":"H5P.CRAdvancedText 1.1","params":{"text":"<p dir=\"ltr\" style=\"text-align: center;\"><span style=\"color:#ffffff;\"><span style=\"font-size:1.75em;\">Yawalampa olwazi olunene okuzituukako. Wabula yali tazituuka. Zaali wala NNYO!<\/span><\/span><\/p>\n"},"subContentId":"c5ae037f-87c5-4d1a-8f2a-1a32f1435a09","metadata":{"contentType":"Text","license":"U","title":"Untitled Text"}},"alwaysDisplayComments":false,"backgroundOpacity":0,"willDoAnimation":false,"animationType":"glow","displayAsButton":false,"buttonSize":"big","goToSlideType":"specified","invisible":false,"solution":""},{"x":47.00255102040816,"y":43.95465994962216,"width":40,"height":40,"action":{"library":"H5P.CRAudio 1.4","params":{"fitToWrapper":true,"currIndex":2,"playerMode":"minimalistic","controls":true,"autoplay":true,"playAudio":"Play audio","pauseAudio":"Pause audio","contentName":"Audio","glowColor":"#ffd85a","timeStampForEachText":[{"text":" Yawalampa ","startDuration":"0.0000","endDuration":"1.6680","wordfile":[{"path":"audios\/wordfile-6632b5fa48ad1.mp3","mime":"audio\/mpeg","copyright":{"license":"U"}}]},{"text":" olwazi ","startDuration":"1.6690","endDuration":"2.6349","wordfile":[{"path":"audios\/wordfile-6632b6181c834.mp3","mime":"audio\/mpeg","copyright":{"license":"U"}}]},{"text":" olunene ","startDuration":"2.6349","endDuration":"3.4263","wordfile":[{"path":"audios\/wordfile-6632b639e3035.mp3","mime":"audio\/mpeg","copyright":{"license":"U"}}]},{"text":" okuzituukako. ","startDuration":"3.4273","endDuration":"5.0794","wordfile":[{"path":"audios\/wordfile-6632b65d8e8e9.mp3","mime":"audio\/mpeg","copyright":{"license":"U"}}]},{"text":" Wabula ","startDuration":"5.0804","endDuration":"6.6048","wordfile":[{"path":"audios\/wordfile-6632b66f92e0b.mp3","mime":"audio\/mpeg","copyright":{"license":"U"}}]},{"text":" yali ","startDuration":"6.6058","endDuration":"7.0292","wordfile":[{"path":"audios\/wordfile-6632b68137fb3.mp3","mime":"audio\/mpeg","copyright":{"license":"U"}}]},{"text":" tazituuka. ","startDuration":"7.0302","endDuration":"8.1557","wordfile":[{"path":"audios\/wordfile-6632b6a0d62a4.mp3","mime":"audio\/mpeg","copyright":{"license":"U"}}]},{"text":" Zaali ","startDuration":"8.1567","endDuration":"9.8886","wordfile":[{"path":"audios\/wordfile-6632b6c6d4d41.mp3","mime":"audio\/mpeg","copyright":{"license":"U"}}]},{"text":" wala ","startDuration":"9.8896","endDuration":"10.2651","wordfile":[{"path":"audios\/wordfile-6632b6e71f268.mp3","mime":"audio\/mpeg","copyright":{"license":"U"}}]},{"text":" NNYO! ","startDuration":"10.2661","endDuration":"11.2639","wordfile":[{"path":"audios\/wordfile-6632b702cca85.mp3","mime":"audio\/mpeg","copyright":{"license":"U"}}]}],"files":[{"path":"audios\/files-6632b5b5ad42e.wav","mime":"audio\/x-wav","copyright":{"license":"U"}}]},"subContentId":"b5c2476c-5460-457a-95c9-de8b65d67df7","metadata":{"contentType":"Curious Reader Audio","license":"U","title":"Untitled Curious Reader Audio"}},"backgroundOpacity":0,"willDoAnimation":false,"animationType":"glow","displayAsButton":false,"buttonSize":"big","goToSlideType":"specified","invisible":false},{"x":15.306122448979592,"y":78.02065491183879,"width":20.025510204081634,"height":17.38035264483627,"action":{"library":"H5P.Image 1.1","params":{"contentName":"Image"},"subContentId":"9208d308-d6aa-49e8-b6bb-06cfd0e5de61","metadata":{"contentType":"Image","license":"U","title":"Untitled Image"}},"backgroundOpacity":0,"willDoAnimation":true,"animationType":"glow","displayAsButton":false,"buttonSize":"big","goToSlideType":"specified","invisible":false,"id":"imgb5c2476c-5460-457a-95c9-de8b65d67df7_1"},{"x":26.785714285714285,"y":32.706297229219146,"width":5.994897959183674,"height":34.5088161209068,"action":{"library":"H5P.Image 1.1","params":{"contentName":"Image"},"subContentId":"f7c1d3bd-ac50-4820-9856-e427c1b151f2","metadata":{"contentType":"Image","license":"U","title":"Untitled Image"}},"backgroundOpacity":0,"willDoAnimation":true,"animationType":"glow","displayAsButton":false,"buttonSize":"big","goToSlideType":"specified","invisible":false,"id":"imgb5c2476c-5460-457a-95c9-de8b65d67df7_3"}],"slideBackgroundSelector":{}},{"elements":[{"x":5.1020408163265305,"y":2.5188916876574305,"width":39.97821350762527,"height":93.54838709677419,"action":{"library":"H5P.Image 1.1","params":{"contentName":"Image","file":{"path":"images\/file-658df8424f4bc.jpg","mime":"image\/jpeg","copyright":{"license":"U"},"width":639,"height":689}},"subContentId":"60c7fe5b-9037-4226-9a48-0323bcda08ef","metadata":{"contentType":"Image","license":"U","title":"Untitled Image"}},"backgroundOpacity":0,"willDoAnimation":false,"animationType":"glow","displayAsButton":false,"buttonSize":"big","goToSlideType":"specified","invisible":false},{"x":44.642857142857146,"y":20.151133501259444,"width":54.8469387755102,"height":64.48362720403023,"action":{"library":"H5P.CRAdvancedText 1.1","params":{"text":"<p dir=\"ltr\" style=\"text-align: center;\"><span style=\"color:#ffffff;\"><span style=\"font-size:1.75em;\">Oluvannyuma, waggulu gye yalinnya, yalabayo akasozi. Yagolola omukono gwe, wabula era yali tazituuka.<\/span><\/span><\/p>\n"},"subContentId":"f95e6074-7c2e-4c39-9caa-7cf4dc2d2e36","metadata":{"contentType":"Text","license":"U","title":"Untitled Text"}},"alwaysDisplayComments":false,"backgroundOpacity":0,"willDoAnimation":false,"animationType":"glow","displayAsButton":false,"buttonSize":"big","goToSlideType":"specified","invisible":false,"solution":""},{"x":47.00255102040816,"y":43.95465994962216,"width":40,"height":40,"action":{"library":"H5P.CRAudio 1.4","params":{"fitToWrapper":true,"currIndex":3,"playerMode":"minimalistic","controls":true,"autoplay":true,"playAudio":"Play audio","pauseAudio":"Pause audio","contentName":"Audio","glowColor":"#ffd85a","timeStampForEachText":[{"text":" Oluvannyuma, ","startDuration":"0.0000","endDuration":"1.9862","wordfile":[{"path":"audios\/wordfile-6632b7e20291f.mp3","mime":"audio\/mpeg","copyright":{"license":"U"}}]},{"text":" waggulu ","startDuration":"1.9872","endDuration":"2.6299","wordfile":[{"path":"audios\/wordfile-6632b80c6d89c.mp3","mime":"audio\/mpeg","copyright":{"license":"U"}}]},{"text":" gye ","startDuration":"2.6309","endDuration":"2.8614","wordfile":[{"path":"audios\/wordfile-6632b82d2c815.mp3","mime":"audio\/mpeg","copyright":{"license":"U"}}]},{"text":" yalinnya, ","startDuration":"2.8624","endDuration":"3.6425","wordfile":[{"path":"audios\/wordfile-6632b85313236.mp3","mime":"audio\/mpeg","copyright":{"license":"U"}}]},{"text":" yalabayo ","startDuration":"3.6435","endDuration":"4.3015","wordfile":[{"path":"audios\/wordfile-6632b86fb512f.mp3","mime":"audio\/mpeg","copyright":{"license":"U"}}]},{"text":" akasozi. ","startDuration":"4.3025","endDuration":"5.4643","wordfile":[{"path":"audios\/wordfile-6632b89c78864.mp3","mime":"audio\/mpeg","copyright":{"license":"U"}}]},{"text":" Yagolola ","startDuration":"5.4653","endDuration":"7.1004","wordfile":[{"path":"audios\/wordfile-6632b8ca08078.mp3","mime":"audio\/mpeg","copyright":{"license":"U"}}]},{"text":" omukono ","startDuration":"7.1014","endDuration":"7.7594","wordfile":[{"path":"audios\/wordfile-6632b90a6e74f.mp3","mime":"audio\/mpeg","copyright":{"license":"U"}}]},{"text":" gwe, ","startDuration":"7.7604","endDuration":"8.1436","wordfile":[{"path":"audios\/wordfile-6632b933f1f1e.mp3","mime":"audio\/mpeg","copyright":{"license":"U"}}]},{"text":" wabula ","startDuration":"8.1446","endDuration":"8.9858","wordfile":[{"path":"audios\/wordfile-6632b96699c7e.mp3","mime":"audio\/mpeg","copyright":{"license":"U"}}]},{"text":" era ","startDuration":"8.9868","endDuration":"9.6143","wordfile":[{"path":"audios\/wordfile-6632b99140114.mp3","mime":"audio\/mpeg","copyright":{"license":"U"}}]},{"text":" yali ","startDuration":"9.6153","endDuration":"10.0596","wordfile":[{"path":"audios\/wordfile-6632b9ae4bb4b.mp3","mime":"audio\/mpeg","copyright":{"license":"U"}}]},{"text":" tazituuka. ","startDuration":"10.0606","endDuration":"11.2377","wordfile":[{"path":"audios\/wordfile-6632b9c1dd73b.mp3","mime":"audio\/mpeg","copyright":{"license":"U"}}]}],"files":[{"path":"audios\/files-6632b7ab1b3d5.wav","mime":"audio\/x-wav","copyright":{"license":"U"}}]},"subContentId":"3526b6d7-37f3-4f18-89e2-7844a5046412","metadata":{"contentType":"Curious Reader Audio","license":"U","title":"Untitled Curious Reader Audio"}},"backgroundOpacity":0,"willDoAnimation":false,"animationType":"glow","displayAsButton":false,"buttonSize":"big","goToSlideType":"specified","invisible":false},{"x":10.204081632653061,"y":55.384130982367765,"width":28.95408163265306,"height":40.050377833753146,"action":{"library":"H5P.Image 1.1","params":{"contentName":"Image"},"subContentId":"23fa5efb-e5ec-46ef-98f9-f4ad63e5607c","metadata":{"contentType":"Image","license":"U","title":"Untitled Image"}},"backgroundOpacity":0,"willDoAnimation":true,"animationType":"glow","displayAsButton":false,"buttonSize":"big","goToSlideType":"specified","invisible":false,"id":"img3526b6d7-37f3-4f18-89e2-7844a5046412_5"},{"x":25.510204081632654,"y":35.254659949622166,"width":3.443877551020408,"height":16.876574307304786,"action":{"library":"H5P.Image 1.1","params":{"contentName":"Image"},"subContentId":"992cb6d4-e2d4-4bd6-a4dd-df5b8a612446","metadata":{"contentType":"Image","license":"U","title":"Untitled Image"}},"backgroundOpacity":0,"willDoAnimation":true,"animationType":"glow","displayAsButton":false,"buttonSize":"big","goToSlideType":"specified","invisible":false,"id":"img3526b6d7-37f3-4f18-89e2-7844a5046412_6"},{"x":25.510204081632654,"y":32.735768261964736,"width":3.443877551020408,"height":19.395465994962215,"action":{"library":"H5P.Image 1.1","params":{"contentName":"Image"},"subContentId":"4c39d36d-e6ad-4a07-81eb-513d5180759b","metadata":{"contentType":"Image","license":"U","title":"Untitled Image"}},"backgroundOpacity":0,"willDoAnimation":true,"animationType":"glow","displayAsButton":false,"buttonSize":"big","goToSlideType":"specified","invisible":false,"id":"img3526b6d7-37f3-4f18-89e2-7844a5046412_7"}],"slideBackgroundSelector":{}},{"elements":[{"x":20.697167755991288,"y":6.451612903225806,"width":53.7037037037037,"height":53.76344086021505,"action":{"library":"H5P.Image 1.1","params":{"contentName":"Image","file":{"path":"images\/file-658df87feb70b.jpg","mime":"image\/jpeg","copyright":{"license":"U"},"width":959,"height":516}},"subContentId":"e7919eb7-878b-4578-99e6-851c4378b211","metadata":{"contentType":"Image","license":"U","title":"Untitled Image"}},"backgroundOpacity":0,"willDoAnimation":false,"animationType":"glow","displayAsButton":false,"buttonSize":"big","goToSlideType":"specified","invisible":false},{"x":1.2755102040816326,"y":65.4911838790932,"width":97.32142857142857,"height":34.5088161209068,"action":{"library":"H5P.CRAdvancedText 1.1","params":{"text":"<p dir=\"ltr\" style=\"text-align: center;\"><span style=\"color:#ffffff;\"><span style=\"font-size:1.75em;\">Wakikere yalaba omuti gw\u2019ebinazi okumpi awo. Gwali muwanvu nnyo. Ah, yalowoza nti omulundi guno kino kinaakola.<\/span><\/span><\/p>\n"},"subContentId":"e753f1dd-3fe1-4322-8151-5d012bcaf291","metadata":{"contentType":"Text","license":"U","title":"Untitled Text"}},"alwaysDisplayComments":false,"backgroundOpacity":0,"willDoAnimation":false,"animationType":"glow","displayAsButton":false,"buttonSize":"big","goToSlideType":"specified","invisible":false,"solution":""},{"x":93.11224489795919,"y":2.5188916876574305,"width":40,"height":40,"action":{"library":"H5P.CRAudio 1.4","params":{"fitToWrapper":true,"currIndex":4,"playerMode":"minimalistic","controls":true,"autoplay":true,"playAudio":"Play audio","pauseAudio":"Pause audio","contentName":"Audio","glowColor":"#ffd85a","timeStampForEachText":[{"text":" Wakikere ","startDuration":"0.0000","endDuration":"1.5289","wordfile":[{"path":"audios\/wordfile-6632bcb0f1c28.mp3","mime":"audio\/mpeg","copyright":{"license":"U"}}]},{"text":" yalaba ","startDuration":"1.5299","endDuration":"2.1042","wordfile":[{"path":"audios\/wordfile-6632bcd7ae727.mp3","mime":"audio\/mpeg","copyright":{"license":"U"}}]},{"text":" omuti ","startDuration":"2.1052","endDuration":"2.5111","wordfile":[{"path":"audios\/wordfile-6632bcf782e8c.mp3","mime":"audio\/mpeg","copyright":{"license":"U"}}]},{"text":" gw\u2019ebinazi ","startDuration":"2.5121","endDuration":"3.4421","wordfile":[{"path":"audios\/wordfile-6632bd0e84cea.mp3","mime":"audio\/mpeg","copyright":{"license":"U"}}]},{"text":" okumpi ","startDuration":"3.4431","endDuration":"4.2046","wordfile":[{"path":"audios\/wordfile-6632be62d9136.wav","mime":"audio\/x-wav","copyright":{"license":"U"}}]},{"text":" awo. ","startDuration":"4.2056","endDuration":"5.0420","wordfile":[{"path":"audios\/wordfile-6632beb3635bd.mp3","mime":"audio\/mpeg","copyright":{"license":"U"}}]},{"text":" Gwali ","startDuration":"5.0430","endDuration":"6.3099","wordfile":[{"path":"audios\/wordfile-6632bed6e584e.mp3","mime":"audio\/mpeg","copyright":{"license":"U"}}]},{"text":" muwanvu ","startDuration":"6.3109","endDuration":"6.8852","wordfile":[{"path":"audios\/wordfile-6632bef10cb4a.mp3","mime":"audio\/mpeg","copyright":{"license":"U"}}]},{"text":" nnyo. ","startDuration":"6.8862","endDuration":"7.8536","wordfile":[{"path":"audios\/wordfile-6632bf131f4c1.mp3","mime":"audio\/mpeg","copyright":{"license":"U"}}]},{"text":" Ah, ","startDuration":"7.8546","endDuration":"9.2525","wordfile":[{"path":"audios\/wordfile-6632bf2ec37bf.mp3","mime":"audio\/mpeg","copyright":{"license":"U"}}]},{"text":" yalowoza ","startDuration":"9.2535","endDuration":"10.2209","wordfile":[{"path":"audios\/wordfile-6632c095ad4d9.mp3","mime":"audio\/mpeg","copyright":{"license":"U"}}]},{"text":" nti ","startDuration":"10.2219","endDuration":"10.8150","wordfile":[{"path":"audios\/wordfile-6632c0a963cb0.mp3","mime":"audio\/mpeg","copyright":{"license":"U"}}]},{"text":" omulundi ","startDuration":"10.8160","endDuration":"11.8208","wordfile":[{"path":"audios\/wordfile-6632c0bbd4068.mp3","mime":"audio\/mpeg","copyright":{"license":"U"}}]},{"text":" guno ","startDuration":"11.8218","endDuration":"12.2464","wordfile":[{"path":"audios\/wordfile-6632c0d55272f.mp3","mime":"audio\/mpeg","copyright":{"license":"U"}}]},{"text":" kino ","startDuration":"12.2474","endDuration":"12.7094","wordfile":[{"path":"audios\/wordfile-6632c0f185e2a.mp3","mime":"audio\/mpeg","copyright":{"license":"U"}}]},{"text":" kinaakola. ","startDuration":"12.7104","endDuration":"13.8837","wordfile":[{"path":"audios\/wordfile-6632c10a1a352.mp3","mime":"audio\/mpeg","copyright":{"license":"U"}}]}],"files":[{"path":"audios\/files-6632bc7624f7c.wav","mime":"audio\/x-wav","copyright":{"license":"U"}}]},"subContentId":"59a3af70-91b1-47fe-8786-9e96136ad358","metadata":{"contentType":"Curious Reader Audio","license":"U","title":"Untitled Curious Reader Audio"}},"backgroundOpacity":0,"willDoAnimation":false,"animationType":"glow","displayAsButton":false,"buttonSize":"big","goToSlideType":"specified","invisible":false},{"x":22.95918367346939,"y":35.2448362720403,"width":17.474489795918366,"height":26.952141057934508,"action":{"library":"H5P.Image 1.1","params":{"contentName":"Image"},"subContentId":"389a0f5f-7464-48b0-95ea-10d97a59d11b","metadata":{"contentType":"Image","license":"U","title":"Untitled Image"}},"backgroundOpacity":0,"willDoAnimation":true,"animationType":"glow","displayAsButton":false,"buttonSize":"big","goToSlideType":"specified","invisible":false,"id":"img59a3af70-91b1-47fe-8786-9e96136ad358_0"},{"x":57.39795918367348,"y":12.578715365239296,"width":17.474489795918366,"height":47.10327455919395,"action":{"library":"H5P.Image 1.1","params":{"contentName":"Image"},"subContentId":"96f9590a-e793-44f5-baea-79fc4c07b9d7","metadata":{"contentType":"Image","license":"U","title":"Untitled Image"}},"backgroundOpacity":0,"willDoAnimation":true,"animationType":"glow","displayAsButton":false,"buttonSize":"big","goToSlideType":"specified","invisible":false,"id":"img59a3af70-91b1-47fe-8786-9e96136ad358_2"},{"x":57.39795918367348,"y":12.578715365239296,"width":17.474489795918366,"height":47.10327455919395,"action":{"library":"H5P.Image 1.1","params":{"contentName":"Image"},"subContentId":"1a278253-8419-4f49-8b12-5fd5a3d8c7bc","metadata":{"contentType":"Image","license":"U","title":"Untitled Image"}},"backgroundOpacity":0,"willDoAnimation":true,"animationType":"glow","displayAsButton":false,"buttonSize":"big","goToSlideType":"specified","invisible":false,"id":"img59a3af70-91b1-47fe-8786-9e96136ad358_3"}],"slideBackgroundSelector":{}},{"elements":[{"x":3.826530612244898,"y":2.5188916876574305,"width":39.97821350762527,"height":95.69892473118279,"action":{"library":"H5P.Image 1.1","params":{"contentName":"Image","file":{"path":"images\/file-658df8ace4f8b.jpg","mime":"image\/jpeg","copyright":{"license":"U"},"width":639,"height":689}},"subContentId":"ca2437d6-b99d-4ff8-8739-e813d2a5b05e","metadata":{"contentType":"Image","license":"U","title":"Untitled Image"}},"backgroundOpacity":0,"willDoAnimation":false,"animationType":"glow","displayAsButton":false,"buttonSize":"big","goToSlideType":"specified","invisible":false},{"x":45.91836734693878,"y":32.7455919395466,"width":47.44897959183673,"height":57.9345088161209,"action":{"library":"H5P.CRAdvancedText 1.1","params":{"text":"<p dir=\"ltr\" style=\"text-align: center;\"><span style=\"color:#ffffff;\"><span style=\"font-size:1.75em;\">Yatandika okulinnya omuti. Mu kukaluubirizibwa okungi.<\/span><\/span><\/p>\n"},"subContentId":"3b16725b-881b-4e7c-98e9-528deebcadec","metadata":{"contentType":"Text","license":"U","title":"Untitled Text"}},"alwaysDisplayComments":false,"backgroundOpacity":0,"willDoAnimation":false,"animationType":"glow","displayAsButton":false,"buttonSize":"big","goToSlideType":"specified","invisible":false,"solution":""},{"x":47.00255102040816,"y":43.95465994962216,"width":40,"height":40,"action":{"library":"H5P.CRAudio 1.4","params":{"fitToWrapper":true,"currIndex":5,"playerMode":"minimalistic","controls":true,"autoplay":true,"playAudio":"Play audio","pauseAudio":"Pause audio","contentName":"Audio","glowColor":"#ffd85a","timeStampForEachText":[{"text":" Yatandika ","startDuration":"0.0000","endDuration":"1.5422","wordfile":[{"path":"audios\/wordfile-6632c1968e4af.mp3","mime":"audio\/mpeg","copyright":{"license":"U"}}]},{"text":" okulinnya ","startDuration":"1.5432","endDuration":"2.1670","wordfile":[{"path":"audios\/wordfile-6632c1b79fc05.mp3","mime":"audio\/mpeg","copyright":{"license":"U"}}]},{"text":" omuti. ","startDuration":"2.1680","endDuration":"2.8221","wordfile":[{"path":"audios\/wordfile-6632c21d29ca8.mp3","mime":"audio\/mpeg","copyright":{"license":"U"}}]},{"text":" Mu ","startDuration":"2.8231","endDuration":"4.4561","wordfile":[{"path":"audios\/wordfile-6632c29bdfe60.mp3","mime":"audio\/mpeg","copyright":{"license":"U"}}]},{"text":" kukaluubirizibwa ","startDuration":"4.4571","endDuration":"5.6461","wordfile":[{"path":"audios\/wordfile-6632c2f4d927f.mp3","mime":"audio\/mpeg","copyright":{"license":"U"}}]},{"text":" okungi. ","startDuration":"5.6471","endDuration":"6.7957","wordfile":[{"path":"audios\/wordfile-6632c312a84df.mp3","mime":"audio\/mpeg","copyright":{"license":"U"}}]}],"files":[{"path":"audios\/files-6632c167a8468.wav","mime":"audio\/x-wav","copyright":{"license":"U"}}]},"subContentId":"01bf9d71-80ff-47fb-b476-c2a9a24c72c0","metadata":{"contentType":"Curious Reader Audio","license":"U","title":"Untitled Curious Reader Audio"}},"backgroundOpacity":0,"willDoAnimation":false,"animationType":"glow","displayAsButton":false,"buttonSize":"big","goToSlideType":"specified","invisible":false},{"x":8.928571428571429,"y":40.27858942065492,"width":17.474489795918366,"height":40.050377833753146,"action":{"library":"H5P.Image 1.1","params":{"contentName":"Image"},"subContentId":"594747bf-abcb-4555-aa15-b1c23c6c334f","metadata":{"contentType":"Image","license":"U","title":"Untitled Image"}},"backgroundOpacity":0,"willDoAnimation":true,"animationType":"glow","displayAsButton":false,"buttonSize":"big","goToSlideType":"specified","invisible":false,"id":"img01bf9d71-80ff-47fb-b476-c2a9a24c72c0_1"},{"x":6.377551020408164,"y":7.552745591939547,"width":20.025510204081634,"height":91.68765743073047,"action":{"library":"H5P.Image 1.1","params":{"contentName":"Image"},"subContentId":"6a6cc8f6-cf81-4586-8c74-d6b7534febee","metadata":{"contentType":"Image","license":"U","title":"Untitled Image"}},"backgroundOpacity":0,"willDoAnimation":true,"animationType":"glow","displayAsButton":false,"buttonSize":"big","goToSlideType":"specified","invisible":false,"id":"img01bf9d71-80ff-47fb-b476-c2a9a24c72c0_2"}],"slideBackgroundSelector":{}},{"elements":[{"x":42.09183673469388,"y":30.226700251889167,"width":51.275510204081634,"height":40.050377833753146,"action":{"library":"H5P.CRAdvancedText 1.1","params":{"text":"<p style=\"text-align: center;\"><span style=\"color:#ffffff;\"><span style=\"font-size:1.75em;\">Yagolola emikono gye\u2026 wabula emmunyeenye yali era tazituuka.<\/span><\/span><\/p>\n"},"subContentId":"dea40a79-cbb6-4e03-acb1-24c0e03d4710","metadata":{"contentType":"Text","license":"U","title":"Untitled Text"}},"alwaysDisplayComments":false,"backgroundOpacity":0,"willDoAnimation":false,"animationType":"glow","displayAsButton":false,"buttonSize":"big","goToSlideType":"specified","invisible":false,"solution":""},{"x":2.5510204081632653,"y":2.5188916876574305,"width":40.05102040816327,"height":97.48110831234257,"action":{"library":"H5P.Image 1.1","params":{"contentName":"Image","file":{"path":"images\/file-658f1d15629c9.jpg","mime":"image\/jpeg","copyright":{"license":"U"},"width":639,"height":689}},"subContentId":"0b184a31-a2ed-4e29-a925-6bbdc4a731a4","metadata":{"contentType":"Image","license":"U","title":"Untitled Image"}},"backgroundOpacity":0,"willDoAnimation":false,"animationType":"glow","displayAsButton":false,"buttonSize":"big","goToSlideType":"specified","invisible":false},{"x":47.00255102040816,"y":43.95465994962216,"width":40,"height":40,"action":{"library":"H5P.CRAudio 1.4","params":{"fitToWrapper":true,"currIndex":6,"playerMode":"minimalistic","controls":true,"autoplay":true,"playAudio":"Play audio","pauseAudio":"Pause audio","contentName":"Audio","glowColor":"#ffd85a","timeStampForEachText":[{"text":" Yagolola ","startDuration":"0.0000","endDuration":"1.2143","wordfile":[{"path":"audios\/wordfile-66343a9e1226e.mp3","mime":"audio\/mpeg","copyright":{"license":"U"}}]},{"text":" emikono ","startDuration":"1.2153","endDuration":"1.9985","wordfile":[{"path":"audios\/wordfile-66343ac9c17eb.mp3","mime":"audio\/mpeg","copyright":{"license":"U"}}]},{"text":" gye\u2026 ","startDuration":"1.9995","endDuration":"2.6306","wordfile":[{"path":"audios\/wordfile-66343ae0dca13.mp3","mime":"audio\/mpeg","copyright":{"license":"U"}}]},{"text":" wabula ","startDuration":"2.6316","endDuration":"3.1866","wordfile":[{"path":"audios\/wordfile-66343af7f3d34.mp3","mime":"audio\/mpeg","copyright":{"license":"U"}}]},{"text":" emmunyeenye ","startDuration":"3.1876","endDuration":"4.0131","wordfile":[{"path":"audios\/wordfile-66343b0cf0c1e.mp3","mime":"audio\/mpeg","copyright":{"license":"U"}}]},{"text":" yali ","startDuration":"4.0141","endDuration":"4.4930","wordfile":[{"path":"audios\/wordfile-66343b308db14.mp3","mime":"audio\/mpeg","copyright":{"license":"U"}}]},{"text":" era ","startDuration":"4.4940","endDuration":"4.9307","wordfile":[{"path":"audios\/wordfile-66343b48ba800.mp3","mime":"audio\/mpeg","copyright":{"license":"U"}}]},{"text":" tazituuka. ","startDuration":"4.9317","endDuration":"6.2052","wordfile":[{"path":"audios\/wordfile-66343b63126d7.mp3","mime":"audio\/mpeg","copyright":{"license":"U"}}]}],"files":[{"path":"audios\/files-66343a37e4b8c.mp3","mime":"audio\/mpeg","copyright":{"license":"U"}}]},"subContentId":"067909e0-28ac-4573-8084-2cfdb0d60f0f","metadata":{"contentType":"Curious Reader Audio","license":"U","title":"Untitled Curious Reader Audio"}},"backgroundOpacity":0,"willDoAnimation":false,"animationType":"glow","displayAsButton":false,"buttonSize":"big","goToSlideType":"specified","invisible":false},{"x":17.857142857142858,"y":40.29042821158691,"width":8.545918367346939,"height":32.49370277078086,"action":{"library":"H5P.Image 1.1","params":{"contentName":"Image"},"subContentId":"82fab798-ea28-49eb-a119-9b752c8eb696","metadata":{"contentType":"Image","license":"U","title":"Untitled Image"}},"backgroundOpacity":0,"willDoAnimation":true,"animationType":"glow","displayAsButton":false,"buttonSize":"big","goToSlideType":"specified","invisible":false,"id":"img067909e0-28ac-4573-8084-2cfdb0d60f0f_0"},{"x":17.857142857142858,"y":42.809319899244336,"width":8.545918367346939,"height":32.49370277078086,"action":{"library":"H5P.Image 1.1","params":{"contentName":"Image"},"subContentId":"fb5b2431-c98c-4db6-93c2-d90c24f1736a","metadata":{"contentType":"Image","license":"U","title":"Untitled Image"}},"backgroundOpacity":0,"willDoAnimation":true,"animationType":"glow","displayAsButton":false,"buttonSize":"big","goToSlideType":"specified","invisible":false,"id":"img067909e0-28ac-4573-8084-2cfdb0d60f0f_1"},{"x":26.785714285714285,"y":65.4735516372796,"width":11.096938775510205,"height":14.357682619647354,"action":{"library":"H5P.Image 1.1","params":{"contentName":"Image"},"subContentId":"0c24f77f-d683-4dec-8f51-7b01529287be","metadata":{"contentType":"Image","license":"U","title":"Untitled Image"}},"backgroundOpacity":0,"willDoAnimation":true,"animationType":"glow","displayAsButton":false,"buttonSize":"big","goToSlideType":"specified","invisible":false,"id":"img067909e0-28ac-4573-8084-2cfdb0d60f0f_1"},{"x":6.377551020408164,"y":20.14523929471033,"width":7.270408163265306,"height":14.357682619647354,"action":{"library":"H5P.Image 1.1","params":{"contentName":"Image"},"subContentId":"9d1249c4-2183-486a-bfef-d1949be9437f","metadata":{"contentType":"Image","license":"U","title":"Untitled Image"}},"backgroundOpacity":0,"willDoAnimation":true,"animationType":"glow","displayAsButton":false,"buttonSize":"big","goToSlideType":"specified","invisible":false,"id":"img067909e0-28ac-4573-8084-2cfdb0d60f0f_4"},{"x":12.755102040816327,"y":7.55471032745592,"width":9.821428571428571,"height":11.838790931989925,"action":{"library":"H5P.Image 1.1","params":{"contentName":"Image"},"subContentId":"2d24d65b-faf6-4d09-9139-7d658e0bdc72","metadata":{"contentType":"Image","license":"U","title":"Untitled Image"}},"backgroundOpacity":0,"willDoAnimation":true,"animationType":"glow","displayAsButton":false,"buttonSize":"big","goToSlideType":"specified","invisible":false,"id":"img067909e0-28ac-4573-8084-2cfdb0d60f0f_4"},{"x":21.683673469387756,"y":30.21889168765743,"width":7.270408163265306,"height":9.319899244332493,"action":{"library":"H5P.Image 1.1","params":{"contentName":"Image"},"subContentId":"cbe5a907-6c76-4808-a554-91fccc1e8aa9","metadata":{"contentType":"Image","license":"U","title":"Untitled Image"}},"backgroundOpacity":0,"willDoAnimation":true,"animationType":"glow","displayAsButton":false,"buttonSize":"big","goToSlideType":"specified","invisible":false,"id":"img067909e0-28ac-4573-8084-2cfdb0d60f0f_4"}],"slideBackgroundSelector":{}},{"elements":[{"x":21.78649237472767,"y":4.29436559139785,"width":50.10893246187364,"height":50.107526881720425,"action":{"library":"H5P.Image 1.1","params":{"contentName":"Image","file":{"path":"images\/file-658df917ad6db.jpg","mime":"image\/jpeg","copyright":{"license":"U"},"width":959,"height":516}},"subContentId":"392a6944-b878-4fae-8823-0aded0ba5bfc","metadata":{"contentType":"Image","license":"U","title":"Untitled Image"}},"backgroundOpacity":0,"willDoAnimation":false,"animationType":"glow","displayAsButton":false,"buttonSize":"big","goToSlideType":"specified","invisible":false},{"x":3.826530612244898,"y":65.4911838790932,"width":88.77551020408164,"height":27.20403022670025,"action":{"library":"H5P.CRAdvancedText 1.1","params":{"text":"<p dir=\"ltr\" style=\"text-align: center;\"><span style=\"color:#ffffff;\"><span style=\"font-size:1.75em;\">Yasaalirwa nnyo. Yatunula wansi. Yewuunya nnyo nga tamanyi kya kuzzaako.<\/span><\/span><\/p>\n"},"subContentId":"4448d723-7930-4433-938a-c541d9a02e54","metadata":{"contentType":"Text","license":"U","title":"Untitled Text"}},"alwaysDisplayComments":false,"backgroundOpacity":0,"willDoAnimation":false,"animationType":"glow","displayAsButton":false,"buttonSize":"big","goToSlideType":"specified","invisible":false,"solution":""},{"x":47.00255102040816,"y":43.95465994962216,"width":40,"height":40,"action":{"library":"H5P.CRAudio 1.4","params":{"fitToWrapper":true,"currIndex":7,"playerMode":"minimalistic","controls":true,"autoplay":true,"playAudio":"Play audio","pauseAudio":"Pause audio","contentName":"Audio","glowColor":"#ffd85a","timeStampForEachText":[{"text":" Yasaalirwa ","startDuration":"0.0000","endDuration":"1.7132","wordfile":[{"path":"audios\/wordfile-66343bc434a7c.mp3","mime":"audio\/mpeg","copyright":{"license":"U"}}]},{"text":" nnyo. ","startDuration":"1.7142","endDuration":"2.3704","wordfile":[{"path":"audios\/wordfile-66343bd5d1624.mp3","mime":"audio\/mpeg","copyright":{"license":"U"}}]},{"text":" Yatunula ","startDuration":"2.3714","endDuration":"3.4170","wordfile":[{"path":"audios\/wordfile-66343bf581d71.mp3","mime":"audio\/mpeg","copyright":{"license":"U"}}]},{"text":" wansi. ","startDuration":"3.4180","endDuration":"4.1966","wordfile":[{"path":"audios\/wordfile-66343c23ee356.mp3","mime":"audio\/mpeg","copyright":{"license":"U"}}]},{"text":" Yewuunya ","startDuration":"4.1976","endDuration":"5.3767","wordfile":[{"path":"audios\/wordfile-66343c39ae8aa.mp3","mime":"audio\/mpeg","copyright":{"license":"U"}}]},{"text":" nnyo ","startDuration":"5.3777","endDuration":"5.9338","wordfile":[{"path":"audios\/wordfile-66343c549cc68.mp3","mime":"audio\/mpeg","copyright":{"license":"U"}}]},{"text":" nga ","startDuration":"5.9348","endDuration":"6.2127","wordfile":[{"path":"audios\/wordfile-66343c71827fd.mp3","mime":"audio\/mpeg","copyright":{"license":"U"}}]},{"text":" tamanyi ","startDuration":"6.2137","endDuration":"6.6807","wordfile":[{"path":"audios\/wordfile-66343c96de542.mp3","mime":"audio\/mpeg","copyright":{"license":"U"}}]},{"text":" kya ","startDuration":"6.6817","endDuration":"6.9707","wordfile":[{"path":"audios\/wordfile-66343cd755361.mp3","mime":"audio\/mpeg","copyright":{"license":"U"}}]},{"text":" kuzzaako. ","startDuration":"6.9717","endDuration":"7.9172","wordfile":[{"path":"audios\/wordfile-66343cec8304c.mp3","mime":"audio\/mpeg","copyright":{"license":"U"}}]}],"files":[{"path":"audios\/files-66343b9085dba.mp3","mime":"audio\/mpeg","copyright":{"license":"U"}}]},"subContentId":"9158334b-b300-4c49-9668-e267799ecea8","metadata":{"contentType":"Curious Reader Audio","license":"U","title":"Untitled Curious Reader Audio"}},"backgroundOpacity":0,"willDoAnimation":false,"animationType":"glow","displayAsButton":false,"buttonSize":"big","goToSlideType":"specified","invisible":false},{"x":20.408163265306122,"y":20.133425692695216,"width":21.301020408163264,"height":34.5088161209068,"action":{"library":"H5P.Image 1.1","params":{"contentName":"Image"},"subContentId":"19ed98c8-bf3c-4b98-a368-5148e2d712aa","metadata":{"contentType":"Image","license":"U","title":"Untitled Image"}},"backgroundOpacity":0,"willDoAnimation":true,"animationType":"glow","displayAsButton":false,"buttonSize":"big","goToSlideType":"specified","invisible":false,"id":"img9158334b-b300-4c49-9668-e267799ecea8_0"}],"slideBackgroundSelector":{}},{"elements":[{"x":4.357298474945534,"y":2.150537634408602,"width":39.97821350762527,"height":95.69892473118279,"action":{"library":"H5P.Image 1.1","params":{"contentName":"Image","file":{"path":"images\/file-658df944012f2.jpg","mime":"image\/jpeg","copyright":{"license":"U"},"width":639,"height":689}},"subContentId":"0c7c0da9-76ff-4fdb-b247-f01b9286dec5","metadata":{"contentType":"Image","license":"U","title":"Untitled Image"}},"backgroundOpacity":0,"willDoAnimation":false,"animationType":"glow","displayAsButton":false,"buttonSize":"big","goToSlideType":"specified","invisible":false},{"x":43.36734693877551,"y":27.707808564231737,"width":53.57142857142857,"height":68.01007556675063,"action":{"library":"H5P.CRAdvancedText 1.1","params":{"text":"<p dir=\"ltr\" style=\"text-align: center;\"><span style=\"color:#ffffff;\"><span style=\"font-size:1.75em;\">Yateeka omukono gwe mu kifuba ne yeegamba, \u201cSijja kutya. Nsobola okukikola!\u201d<\/span><\/span><\/p>\n"},"subContentId":"c8171db2-f819-43ef-9736-eeb0c272f209","metadata":{"contentType":"Text","license":"U","title":"Untitled Text"}},"alwaysDisplayComments":false,"backgroundOpacity":0,"willDoAnimation":false,"animationType":"glow","displayAsButton":false,"buttonSize":"big","goToSlideType":"specified","invisible":false,"solution":""},{"x":47.00255102040816,"y":43.95465994962216,"width":40,"height":40,"action":{"library":"H5P.CRAudio 1.4","params":{"fitToWrapper":true,"currIndex":8,"playerMode":"minimalistic","controls":true,"autoplay":true,"playAudio":"Play audio","pauseAudio":"Pause audio","contentName":"Audio","glowColor":"#ffd85a","timeStampForEachText":[{"text":" Yateeka ","startDuration":"0.0000","endDuration":"1.5359","wordfile":[{"path":"audios\/wordfile-66343fb4a683c.mp3","mime":"audio\/mpeg","copyright":{"license":"U"}}]},{"text":" omukono ","startDuration":"1.5369","endDuration":"2.2448","wordfile":[{"path":"audios\/wordfile-66343fce3296b.mp3","mime":"audio\/mpeg","copyright":{"license":"U"}}]},{"text":" gwe ","startDuration":"2.2458","endDuration":"2.4348","wordfile":[{"path":"audios\/wordfile-66344260632ca.wav","mime":"audio\/x-wav","copyright":{"license":"U"}}]},{"text":" mu ","startDuration":"2.4358","endDuration":"2.5550","wordfile":[{"path":"audios\/wordfile-663442bce77b3.mp3","mime":"audio\/mpeg","copyright":{"license":"U"}}]},{"text":" kifuba ","startDuration":"2.5560","endDuration":"3.2970","wordfile":[{"path":"audios\/wordfile-663442e123806.mp3","mime":"audio\/mpeg","copyright":{"license":"U"}}]},{"text":" ne ","startDuration":"3.2980","endDuration":"3.4980","wordfile":[{"path":"audios\/wordfile-6634440b041cc.mp3","mime":"audio\/mpeg","copyright":{"license":"U"}}]},{"text":" yeegamba, ","startDuration":"3.4990","endDuration":"4.4829","wordfile":[{"path":"audios\/wordfile-6634443385f12.mp3","mime":"audio\/mpeg","copyright":{"license":"U"}}]},{"text":" \u201cSijja ","startDuration":"4.4839","endDuration":"5.4346","wordfile":[{"path":"audios\/wordfile-66344446ddaad.mp3","mime":"audio\/mpeg","copyright":{"license":"U"}}]},{"text":" kutya. ","startDuration":"5.4356","endDuration":"5.9889","wordfile":[{"path":"audios\/wordfile-6634445f2ea45.mp3","mime":"audio\/mpeg","copyright":{"license":"U"}}]},{"text":" Nsobola ","startDuration":"5.9899","endDuration":"6.8523","wordfile":[{"path":"audios\/wordfile-66344487b6ce2.mp3","mime":"audio\/mpeg","copyright":{"license":"U"}}]},{"text":" okukikola!\u201d ","startDuration":"6.8533","endDuration":"8.1920","wordfile":[{"path":"audios\/wordfile-663444a03e8db.mp3","mime":"audio\/mpeg","copyright":{"license":"U"}}]}],"files":[{"path":"audios\/files-66343f6eefc49.mp3","mime":"audio\/mpeg","copyright":{"license":"U"}}]},"subContentId":"7395b5f5-1b34-4afb-a82f-5060e2837b9d","metadata":{"contentType":"Curious Reader Audio","license":"U","title":"Untitled Curious Reader Audio"}},"backgroundOpacity":0,"willDoAnimation":false,"animationType":"glow","displayAsButton":false,"buttonSize":"big","goToSlideType":"specified","invisible":false},{"x":17.857142857142858,"y":65.45566750629722,"width":12.372448979591837,"height":19.395465994962215,"action":{"library":"H5P.Image 1.1","params":{"contentName":"Image"},"subContentId":"4e1c6536-42ff-41dc-812c-4b751c09ea0d","metadata":{"contentType":"Image","license":"U","title":"Untitled Image"}},"backgroundOpacity":0,"willDoAnimation":true,"animationType":"glow","displayAsButton":false,"buttonSize":"big","goToSlideType":"specified","invisible":false,"id":"img7395b5f5-1b34-4afb-a82f-5060e2837b9d_1"},{"x":19.131632653061224,"y":62.9367758186398,"width":11.096938775510205,"height":24.43324937027708,"action":{"library":"H5P.Image 1.1","params":{"contentName":"Image"},"subContentId":"214ac577-8cf6-464b-952c-29ab1e3b073e","metadata":{"contentType":"Image","license":"U","title":"Untitled Image"}},"backgroundOpacity":0,"willDoAnimation":true,"animationType":"glow","displayAsButton":false,"buttonSize":"big","goToSlideType":"specified","invisible":false,"id":"img7395b5f5-1b34-4afb-a82f-5060e2837b9d_4"}],"slideBackgroundSelector":{}},{"elements":[{"x":3.2679738562091503,"y":0,"width":39.97821350762527,"height":95.69892473118279,"action":{"library":"H5P.Image 1.1","params":{"contentName":"Image","file":{"path":"images\/file-658df972e32bc.jpg","mime":"image\/jpeg","copyright":{"license":"U"},"width":639,"height":689}},"subContentId":"5be5d4be-3a5d-4053-992a-d11a089e3233","metadata":{"contentType":"Image","license":"U","title":"Untitled Image"}},"backgroundOpacity":0,"willDoAnimation":false,"animationType":"glow","displayAsButton":false,"buttonSize":"big","goToSlideType":"specified","invisible":false},{"x":44.642857142857146,"y":30.21108312342569,"width":48.46938775510204,"height":40.050377833753146,"action":{"library":"H5P.CRAdvancedText 1.1","params":{"text":"<p dir=\"ltr\" style=\"text-align: center;\"><span style=\"color:#ffffff;\"><span style=\"font-size:1.75em;\">Oluvannyuma yalaba ekidiba. Emmunyeenye zaali zimyamyansiza mu mazzi.<\/span><\/span><\/p>\n"},"subContentId":"675ccaf9-8dbd-47a4-9d94-6c1d048c4dc6","metadata":{"contentType":"Text","license":"U","title":"Untitled Text"}},"alwaysDisplayComments":false,"backgroundOpacity":0,"willDoAnimation":false,"animationType":"glow","displayAsButton":false,"buttonSize":"big","goToSlideType":"specified","invisible":false,"solution":""},{"x":47.00255102040816,"y":43.95465994962216,"width":40,"height":40,"action":{"library":"H5P.CRAudio 1.4","params":{"fitToWrapper":true,"currIndex":9,"playerMode":"minimalistic","controls":true,"autoplay":true,"playAudio":"Play audio","pauseAudio":"Pause audio","contentName":"Audio","glowColor":"#ffd85a","timeStampForEachText":[{"text":" Oluvannyuma ","startDuration":"0.0000","endDuration":"1.9910","wordfile":[{"path":"audios\/wordfile-66344632abb62.mp3","mime":"audio\/mpeg","copyright":{"license":"U"}}]},{"text":" yalaba ","startDuration":"1.9920","endDuration":"2.6923","wordfile":[{"path":"audios\/wordfile-663446513c008.mp3","mime":"audio\/mpeg","copyright":{"license":"U"}}]},{"text":" ekidiba. ","startDuration":"2.6933","endDuration":"3.5036","wordfile":[{"path":"audios\/wordfile-6634466619b3a.mp3","mime":"audio\/mpeg","copyright":{"license":"U"}}]},{"text":" Emmunyeenye ","startDuration":"3.5046","endDuration":"4.6451","wordfile":[{"path":"audios\/wordfile-6634467e484dd.mp3","mime":"audio\/mpeg","copyright":{"license":"U"}}]},{"text":" zaali ","startDuration":"4.6461","endDuration":"5.1863","wordfile":[{"path":"audios\/wordfile-6634469570999.mp3","mime":"audio\/mpeg","copyright":{"license":"U"}}]},{"text":" zimyamyansiza ","startDuration":"5.1873","endDuration":"6.2478","wordfile":[{"path":"audios\/wordfile-663446aa609ce.mp3","mime":"audio\/mpeg","copyright":{"license":"U"}}]},{"text":" mu ","startDuration":"6.2478","endDuration":"6.2987","wordfile":[{"path":"audios\/wordfile-663446cf3f63e.mp3","mime":"audio\/mpeg","copyright":{"license":"U"}}]},{"text":" mazzi. ","startDuration":"6.2997","endDuration":"7.2801","wordfile":[{"path":"audios\/wordfile-663446e4bb1f9.mp3","mime":"audio\/mpeg","copyright":{"license":"U"}}]}],"files":[{"path":"audios\/files-663445e5184ae.mp3","mime":"audio\/mpeg","copyright":{"license":"U"}}]},"subContentId":"e8410369-8a20-4f19-963d-3acc246fb76e","metadata":{"contentType":"Curious Reader Audio","license":"U","title":"Untitled Curious Reader Audio"}},"backgroundOpacity":0,"willDoAnimation":false,"animationType":"glow","displayAsButton":false,"buttonSize":"big","goToSlideType":"specified","invisible":false},{"x":26.785714285714285,"y":5.031889168765743,"width":11.096938775510205,"height":26.952141057934508,"action":{"library":"H5P.Image 1.1","params":{"contentName":"Image"},"subContentId":"f3df37d8-a34c-4c5f-83a6-790e32b867a0","metadata":{"contentType":"Image","license":"U","title":"Untitled Image"}},"backgroundOpacity":0,"willDoAnimation":true,"animationType":"glow","displayAsButton":false,"buttonSize":"big","goToSlideType":"specified","invisible":false,"id":"imge8410369-8a20-4f19-963d-3acc246fb76e_1"},{"x":8.928571428571429,"y":62.95465994962217,"width":22.5765306122449,"height":32.49370277078086,"action":{"library":"H5P.Image 1.1","params":{"contentName":"Image"},"subContentId":"6620e28b-4034-4573-99c6-486ce5cb791c","metadata":{"contentType":"Image","license":"U","title":"Untitled Image"}},"backgroundOpacity":0,"willDoAnimation":true,"animationType":"glow","displayAsButton":false,"buttonSize":"big","goToSlideType":"specified","invisible":false,"id":"imge8410369-8a20-4f19-963d-3acc246fb76e_2"},{"x":17.857142857142858,"y":77.99899244332494,"width":9.821428571428571,"height":11.838790931989925,"action":{"library":"H5P.Image 1.1","params":{"contentName":"Image"},"subContentId":"6c06b949-5296-4c20-9d02-d8549bba217c","metadata":{"contentType":"Image","license":"U","title":"Untitled Image"}},"backgroundOpacity":0,"willDoAnimation":true,"animationType":"glow","displayAsButton":false,"buttonSize":"big","goToSlideType":"specified","invisible":false,"id":"imge8410369-8a20-4f19-963d-3acc246fb76e_3"}],"slideBackgroundSelector":{}},{"elements":[{"x":19.607843137254903,"y":4.301075268817204,"width":58.82352941176471,"height":58.924731182795696,"action":{"library":"H5P.Image 1.1","params":{"contentName":"Image","file":{"path":"images\/file-658df9b523787.jpg","mime":"image\/jpeg","copyright":{"license":"U"},"width":959,"height":516}},"subContentId":"f7739a39-8407-485f-b31a-0dbb71fac6b9","metadata":{"contentType":"Image","license":"U","title":"Untitled Image"}},"backgroundOpacity":0,"willDoAnimation":false,"animationType":"glow","displayAsButton":false,"buttonSize":"big","goToSlideType":"specified","invisible":false},{"x":6.535947712418301,"y":64.47913978494623,"width":82.78867102396515,"height":22.79569892473118,"action":{"library":"H5P.CRAdvancedText 1.1","params":{"text":"<p dir=\"ltr\" style=\"text-align: center;\"><span style=\"color:#ffffff;\"><span style=\"font-size:1.75em;\">Yeekaliriza emmunyeenye era n\u2019asanyuka nnyo. Yebbika mu kidiba.<\/span><\/span><\/p>\n"},"subContentId":"d28a624a-4328-4a9d-93dc-d0b4add6e3bc","metadata":{"contentType":"Text","license":"U","title":"Untitled Text"}},"alwaysDisplayComments":false,"backgroundOpacity":0,"willDoAnimation":false,"animationType":"glow","displayAsButton":false,"buttonSize":"big","goToSlideType":"specified","invisible":false,"solution":""},{"x":47.00255102040816,"y":43.95465994962216,"width":40,"height":40,"action":{"library":"H5P.CRAudio 1.4","params":{"fitToWrapper":true,"currIndex":10,"playerMode":"minimalistic","controls":true,"autoplay":true,"playAudio":"Play audio","pauseAudio":"Pause audio","contentName":"Audio","glowColor":"#ffd85a","timeStampForEachText":[{"text":" Yeekaliriza ","startDuration":"0.0000","endDuration":"1.7215","wordfile":[{"path":"audios\/wordfile-663447583f693.mp3","mime":"audio\/mpeg","copyright":{"license":"U"}}]},{"text":" emmunyeenye ","startDuration":"1.7225","endDuration":"2.5746","wordfile":[{"path":"audios\/wordfile-663447785e687.mp3","mime":"audio\/mpeg","copyright":{"license":"U"}}]},{"text":" era ","startDuration":"2.5756","endDuration":"3.0654","wordfile":[{"path":"audios\/wordfile-66344796a473d.mp3","mime":"audio\/mpeg","copyright":{"license":"U"}}]},{"text":" n\u2019asanyuka ","startDuration":"3.0664","endDuration":"4.0815","wordfile":[{"path":"audios\/wordfile-663447b04aac8.mp3","mime":"audio\/mpeg","copyright":{"license":"U"}}]},{"text":" nnyo. ","startDuration":"4.0825","endDuration":"4.4455","wordfile":[{"path":"audios\/wordfile-663447cf0dd0c.mp3","mime":"audio\/mpeg","copyright":{"license":"U"}}]},{"text":" Yebbika ","startDuration":"4.4465","endDuration":"5.5431","wordfile":[{"path":"audios\/wordfile-663447f6d9ac2.mp3","mime":"audio\/mpeg","copyright":{"license":"U"}}]},{"text":" mu ","startDuration":"5.5441","endDuration":"5.6898","wordfile":[{"path":"audios\/wordfile-6634480f00740.mp3","mime":"audio\/mpeg","copyright":{"license":"U"}}]},{"text":" kidiba. ","startDuration":"5.6908","endDuration":"6.5972","wordfile":[{"path":"audios\/wordfile-663448302ef59.mp3","mime":"audio\/mpeg","copyright":{"license":"U"}}]}],"files":[{"path":"audios\/files-6634471207c47.mp3","mime":"audio\/mpeg","copyright":{"license":"U"}}]},"subContentId":"42913736-34bc-4bb7-b61e-1b36ee4072e8","metadata":{"contentType":"Curious Reader Audio","license":"U","title":"Untitled Curious Reader Audio"}},"backgroundOpacity":0,"willDoAnimation":false,"animationType":"glow","displayAsButton":false,"buttonSize":"big","goToSlideType":"specified","invisible":false},{"x":43.36734693877551,"y":29.935516372795966,"width":14.923469387755102,"height":9.319899244332493,"action":{"library":"H5P.Image 1.1","params":{"contentName":"Image"},"subContentId":"884ca381-f573-47e3-9fd0-78995db8c97f","metadata":{"contentType":"Image","license":"U","title":"Untitled Image"}},"backgroundOpacity":0,"willDoAnimation":true,"animationType":"glow","displayAsButton":false,"buttonSize":"big","goToSlideType":"specified","invisible":false,"id":"img42913736-34bc-4bb7-b61e-1b36ee4072e8_1"},{"x":47.19387755102041,"y":42.77380352644837,"width":15.561224489795919,"height":11.838790931989925,"action":{"library":"H5P.Image 1.1","params":{"contentName":"Image"},"subContentId":"a7ec3f44-e9f8-4ce1-9477-0d0a1047c192","metadata":{"contentType":"Image","license":"U","title":"Untitled Image"}},"backgroundOpacity":0,"willDoAnimation":true,"animationType":"glow","displayAsButton":false,"buttonSize":"big","goToSlideType":"specified","invisible":false,"id":"img42913736-34bc-4bb7-b61e-1b36ee4072e8_1"},{"x":31.887755102040817,"y":25.17317380352645,"width":45.535714285714285,"height":40.050377833753146,"action":{"library":"H5P.Image 1.1","params":{"contentName":"Image"},"subContentId":"fc96c791-02f9-48d6-9d62-78a162ffa7bd","metadata":{"contentType":"Image","license":"U","title":"Untitled Image"}},"backgroundOpacity":0,"willDoAnimation":true,"animationType":"glow","displayAsButton":false,"buttonSize":"big","goToSlideType":"specified","invisible":false,"id":"img42913736-34bc-4bb7-b61e-1b36ee4072e8_7"},{"x":22.95918367346939,"y":5.0338539042821155,"width":21.301020408163264,"height":40.050377833753146,"action":{"library":"H5P.Image 1.1","params":{"contentName":"Image"},"subContentId":"4ac41514-df54-48fd-80c7-6e81c38f4b26","metadata":{"contentType":"Image","license":"U","title":"Untitled Image"}},"backgroundOpacity":0,"willDoAnimation":true,"animationType":"glow","displayAsButton":false,"buttonSize":"big","goToSlideType":"specified","invisible":false,"id":"img42913736-34bc-4bb7-b61e-1b36ee4072e8_5"}],"slideBackgroundSelector":{}},{"elements":[{"x":19.607843137254903,"y":4.301075268817204,"width":57.734204793028326,"height":57.84946236559139,"action":{"library":"H5P.Image 1.1","params":{"contentName":"Image","file":{"path":"images\/file-658df9e59e470.jpg","mime":"image\/jpeg","copyright":{"license":"U"},"width":959,"height":516}},"subContentId":"4b63de7b-4032-4223-abc3-b2e3fdbde899","metadata":{"contentType":"Image","license":"U","title":"Untitled Image"}},"backgroundOpacity":0,"willDoAnimation":false,"animationType":"glow","displayAsButton":false,"buttonSize":"big","goToSlideType":"specified","invisible":false},{"x":4.357298474945534,"y":64.40516129032258,"width":94.77124183006536,"height":27.096774193548384,"action":{"library":"H5P.CRAdvancedText 1.1","params":{"text":"<p dir=\"ltr\" style=\"text-align: center;\"><span style=\"font-size:1.75em;\"><span style=\"color:#ffffff;\">Gye yakoma okusemberera ekidiba, n\u2019emmunyeenye.<\/span><\/span><\/p>\n"},"subContentId":"938cd8ca-7d1c-462d-83de-86e4720ea428","metadata":{"contentType":"Text","license":"U","title":"Untitled Text"}},"alwaysDisplayComments":false,"backgroundOpacity":0,"willDoAnimation":false,"animationType":"glow","displayAsButton":false,"buttonSize":"big","goToSlideType":"specified","invisible":false,"solution":""},{"x":47.00255102040816,"y":43.95465994962216,"width":40,"height":40,"action":{"library":"H5P.CRAudio 1.4","params":{"fitToWrapper":true,"currIndex":11,"playerMode":"minimalistic","controls":true,"autoplay":true,"playAudio":"Play audio","pauseAudio":"Pause audio","contentName":"Audio","glowColor":"#ffd85a","timeStampForEachText":[{"text":" Gye ","startDuration":"0.0000","endDuration":"0.7934","wordfile":[{"path":"audios\/wordfile-66344872a81e1.mp3","mime":"audio\/mpeg","copyright":{"license":"U"}}]},{"text":" yakoma ","startDuration":"0.7944","endDuration":"1.3670","wordfile":[{"path":"audios\/wordfile-6634488fd362a.mp3","mime":"audio\/mpeg","copyright":{"license":"U"}}]},{"text":" okusemberera ","startDuration":"1.3680","endDuration":"2.4098","wordfile":[{"path":"audios\/wordfile-663448ae2ad65.mp3","mime":"audio\/mpeg","copyright":{"license":"U"}}]},{"text":" ekidiba, ","startDuration":"2.4108","endDuration":"3.1766","wordfile":[{"path":"audios\/wordfile-663448c2188b8.mp3","mime":"audio\/mpeg","copyright":{"license":"U"}}]},{"text":" n\u2019emmunyeenye. ","startDuration":"3.1776","endDuration":"4.6749","wordfile":[{"path":"audios\/wordfile-663448d95f92a.mp3","mime":"audio\/mpeg","copyright":{"license":"U"}}]}],"files":[{"path":"audios\/files-6634484aa1106.mp3","mime":"audio\/mpeg","copyright":{"license":"U"}}]},"subContentId":"6007d587-30d8-48fc-9539-2e62acba491b","metadata":{"contentType":"Curious Reader Audio","license":"U","title":"Untitled Curious Reader Audio"}},"backgroundOpacity":0,"willDoAnimation":false,"animationType":"glow","displayAsButton":false,"buttonSize":"big","goToSlideType":"specified","invisible":false},{"x":21.683673469387756,"y":7.552745591939547,"width":32.78061224489796,"height":40.050377833753146,"action":{"library":"H5P.Image 1.1","params":{"contentName":"Image"},"subContentId":"49032503-baeb-4ea0-8b1f-027c96ac2dc6","metadata":{"contentType":"Image","license":"U","title":"Untitled Image"}},"backgroundOpacity":0,"willDoAnimation":true,"animationType":"glow","displayAsButton":false,"buttonSize":"big","goToSlideType":"specified","invisible":false,"id":"img6007d587-30d8-48fc-9539-2e62acba491b_2"},{"x":29.97448979591837,"y":42.78564231738036,"width":14.923469387755102,"height":19.395465994962215,"action":{"library":"H5P.Image 1.1","params":{"contentName":"Image"},"subContentId":"7503995f-6cd3-4fef-8722-53dd98106148","metadata":{"contentType":"Image","license":"U","title":"Untitled Image"}},"backgroundOpacity":0,"willDoAnimation":true,"animationType":"glow","displayAsButton":false,"buttonSize":"big","goToSlideType":"specified","invisible":false,"id":"img6007d587-30d8-48fc-9539-2e62acba491b_4"},{"x":45.91836734693878,"y":32.72594458438287,"width":20.025510204081634,"height":16.876574307304786,"action":{"library":"H5P.Image 1.1","params":{"contentName":"Image"},"subContentId":"5b3237b1-c84e-47e9-9b11-c12c3db061ee","metadata":{"contentType":"Image","license":"U","title":"Untitled Image"}},"backgroundOpacity":0,"willDoAnimation":true,"animationType":"glow","displayAsButton":false,"buttonSize":"big","goToSlideType":"specified","invisible":false,"id":"img6007d587-30d8-48fc-9539-2e62acba491b_4"}],"slideBackgroundSelector":{}},{"elements":[{"x":4.357298474945534,"y":2.150537634408602,"width":39.97821350762527,"height":96.77419354838709,"action":{"library":"H5P.Image 1.1","params":{"contentName":"Image","file":{"path":"images\/file-658dfa16bfa36.jpg","mime":"image\/jpeg","copyright":{"license":"U"},"width":639,"height":689}},"subContentId":"45f831c5-479e-4fcf-8193-f42bffe71c93","metadata":{"contentType":"Image","license":"U","title":"Untitled Image"}},"backgroundOpacity":0,"willDoAnimation":false,"animationType":"glow","displayAsButton":false,"buttonSize":"big","goToSlideType":"specified","invisible":false},{"x":43.36734693877551,"y":36.53954659949623,"width":46.81122448979592,"height":40.050377833753146,"action":{"library":"H5P.CRAdvancedText 1.1","params":{"text":"<p dir=\"ltr\" style=\"text-align: center;\"><span style=\"color:#ffffff;\"><span style=\"font-size:1.75em;\">Yawuga mu mazzi!<\/span><\/span><\/p>\n"},"subContentId":"23987a91-2386-41f5-9603-23b4b2db7efc","metadata":{"contentType":"Text","license":"U","title":"Untitled Text"}},"alwaysDisplayComments":false,"backgroundOpacity":0,"willDoAnimation":false,"animationType":"glow","displayAsButton":false,"buttonSize":"big","goToSlideType":"specified","invisible":false,"solution":""},{"x":47.00255102040816,"y":43.95465994962216,"width":40,"height":40,"action":{"library":"H5P.CRAudio 1.4","params":{"fitToWrapper":true,"currIndex":12,"playerMode":"minimalistic","controls":true,"autoplay":true,"playAudio":"Play audio","pauseAudio":"Pause audio","contentName":"Audio","glowColor":"#ffd85a","timeStampForEachText":[{"text":" Yawuga ","startDuration":"0.0000","endDuration":"1.1350","wordfile":[{"path":"audios\/wordfile-6634490db9a9d.mp3","mime":"audio\/mpeg","copyright":{"license":"U"}}]},{"text":" mu ","startDuration":"1.1360","endDuration":"1.3360","wordfile":[{"path":"audios\/wordfile-6634492a4578f.mp3","mime":"audio\/mpeg","copyright":{"license":"U"}}]},{"text":" mazzi! ","startDuration":"1.3370","endDuration":"2.1891","wordfile":[{"path":"audios\/wordfile-6634494405138.mp3","mime":"audio\/mpeg","copyright":{"license":"U"}}]}],"files":[{"path":"audios\/files-663448eb2d976.mp3","mime":"audio\/mpeg","copyright":{"license":"U"}}]},"subContentId":"df1f6cc1-c7b1-42b9-80c5-ef59ed33de64","metadata":{"contentType":"Curious Reader Audio","license":"U","title":"Untitled Curious Reader Audio"}},"backgroundOpacity":0,"willDoAnimation":false,"animationType":"glow","displayAsButton":false,"buttonSize":"big","goToSlideType":"specified","invisible":false},{"x":15.306122448979592,"y":25.165289672544077,"width":23.852040816326532,"height":52.141057934508815,"action":{"library":"H5P.Image 1.1","params":{"contentName":"Image"},"subContentId":"f9776519-ac2a-4f8d-8c08-f92b985e759a","metadata":{"contentType":"Image","license":"U","title":"Untitled Image"}},"backgroundOpacity":0,"willDoAnimation":true,"animationType":"glow","displayAsButton":false,"buttonSize":"big","goToSlideType":"specified","invisible":false,"id":"imgdf1f6cc1-c7b1-42b9-80c5-ef59ed33de64_0"},{"x":8.928571428571429,"y":50.35037783375314,"width":35.33163265306123,"height":40.050377833753146,"action":{"library":"H5P.Image 1.1","params":{"contentName":"Image"},"subContentId":"a1ccad0b-38fc-4082-b9bb-2fd34f314997","metadata":{"contentType":"Image","license":"U","title":"Untitled Image"}},"backgroundOpacity":0,"willDoAnimation":true,"animationType":"glow","displayAsButton":false,"buttonSize":"big","goToSlideType":"specified","invisible":false,"id":"imgdf1f6cc1-c7b1-42b9-80c5-ef59ed33de64_2"}],"slideBackgroundSelector":{}},{"elements":[{"x":45.91836734693878,"y":37.76372795969773,"width":50.255102040816325,"height":40.050377833753146,"action":{"library":"H5P.CRAdvancedText 1.1","params":{"text":"<p dir=\"ltr\" style=\"text-align: center;\"><span style=\"color:#ffffff;\"><span style=\"font-size:1.75em;\">Yagavaamu era n\u2019atuula ku lubalama.<\/span><\/span><\/p>\n"},"subContentId":"c1ae146a-3e03-40a6-8410-8a01609b2008","metadata":{"contentType":"Text","license":"U","title":"Untitled Text"}},"alwaysDisplayComments":false,"backgroundOpacity":0,"willDoAnimation":false,"animationType":"glow","displayAsButton":false,"buttonSize":"big","goToSlideType":"specified","invisible":false,"solution":""},{"x":5.446623093681917,"y":2.150537634408602,"width":39.97821350762527,"height":95.69892473118279,"action":{"library":"H5P.Image 1.1","params":{"contentName":"Image","file":{"path":"images\/file-658dfa677daf7.jpg","mime":"image\/jpeg","copyright":{"license":"U"},"width":639,"height":689}},"subContentId":"153cc5c2-7024-48fd-acf8-1bf59fd78f97","metadata":{"contentType":"Image","license":"U","title":"Untitled Image"}},"backgroundOpacity":0,"willDoAnimation":false,"animationType":"glow","displayAsButton":false,"buttonSize":"big","goToSlideType":"specified","invisible":false},{"x":47.00255102040816,"y":43.95465994962216,"width":40,"height":40,"action":{"library":"H5P.CRAudio 1.4","params":{"fitToWrapper":true,"currIndex":13,"playerMode":"minimalistic","controls":true,"autoplay":true,"playAudio":"Play audio","pauseAudio":"Pause audio","contentName":"Audio","glowColor":"#ffd85a","timeStampForEachText":[{"text":" Yagavaamu ","startDuration":"0.0000","endDuration":"1.9537","wordfile":[{"path":"audios\/wordfile-66344983e822b.mp3","mime":"audio\/mpeg","copyright":{"license":"U"}}]},{"text":" era ","startDuration":"1.9547","endDuration":"2.3131","wordfile":[{"path":"audios\/wordfile-6634499c44b7f.mp3","mime":"audio\/mpeg","copyright":{"license":"U"}}]},{"text":" n\u2019atuula ","startDuration":"2.3141","endDuration":"2.9247","wordfile":[{"path":"audios\/wordfile-663449b7ade87.mp3","mime":"audio\/mpeg","copyright":{"license":"U"}}]},{"text":" ku ","startDuration":"2.9257","endDuration":"3.1902","wordfile":[{"path":"audios\/wordfile-663449cccb202.mp3","mime":"audio\/mpeg","copyright":{"license":"U"}}]},{"text":" lubalama. ","startDuration":"3.1912","endDuration":"4.0481","wordfile":[{"path":"audios\/wordfile-663449e66b4d9.mp3","mime":"audio\/mpeg","copyright":{"license":"U"}}]}],"files":[{"path":"audios\/files-66344963155ad.mp3","mime":"audio\/mpeg","copyright":{"license":"U"}}]},"subContentId":"a65170f2-c7bf-4c15-9372-bea64da31493","metadata":{"contentType":"Curious Reader Audio","license":"U","title":"Untitled Curious Reader Audio"}},"backgroundOpacity":0,"willDoAnimation":false,"animationType":"glow","displayAsButton":false,"buttonSize":"big","goToSlideType":"specified","invisible":false},{"x":22.95918367346939,"y":50.35037783375314,"width":22.5765306122449,"height":40.050377833753146,"action":{"library":"H5P.Image 1.1","params":{"contentName":"Image"},"subContentId":"5ba97075-1cc4-48eb-abd6-3fe5b41f9c13","metadata":{"contentType":"Image","license":"U","title":"Untitled Image"}},"backgroundOpacity":0,"willDoAnimation":true,"animationType":"glow","displayAsButton":false,"buttonSize":"big","goToSlideType":"specified","invisible":false,"id":"imga65170f2-c7bf-4c15-9372-bea64da31493_0"}],"slideBackgroundSelector":{}},{"elements":[{"x":21.78649237472767,"y":4.301075268817204,"width":52.287581699346404,"height":52.258064516129025,"action":{"library":"H5P.Image 1.1","params":{"contentName":"Image","file":{"path":"images\/file-658dfa9da35ef.jpg","mime":"image\/jpeg","copyright":{"license":"U"},"width":959,"height":516}},"subContentId":"064c8aee-6249-459b-af22-4d0268e8fbfb","metadata":{"contentType":"Image","license":"U","title":"Untitled Image"}},"backgroundOpacity":0,"willDoAnimation":false,"animationType":"glow","displayAsButton":false,"buttonSize":"big","goToSlideType":"specified","invisible":false},{"x":9.803921568627452,"y":62.32860215053763,"width":74.07407407407408,"height":24.731182795698924,"action":{"library":"H5P.CRAdvancedText 1.1","params":{"text":"<p dir=\"ltr\" style=\"text-align: center;\"><span style=\"color:#ffffff;\"><span style=\"font-size:1.75em;\">Yatuula n\u2019alaba emmunyeenye nga zimyamyanziza mu kidiba.<\/span><\/span><\/p>\n"},"subContentId":"2e863425-af71-4955-9a7d-72ad90676fe4","metadata":{"contentType":"Text","license":"U","title":"Untitled Text"}},"alwaysDisplayComments":false,"backgroundOpacity":0,"willDoAnimation":false,"animationType":"glow","displayAsButton":false,"buttonSize":"big","goToSlideType":"specified","invisible":false,"solution":""},{"x":21.683673469387756,"y":5.035818639798489,"width":5.994897959183674,"height":9.319899244332493,"action":{"library":"H5P.Image 1.1","params":{"contentName":"Image"},"subContentId":"fc272a8c-3d2a-4223-85de-cff15ee24e5a","metadata":{"contentType":"Image","license":"U","title":"Untitled Image"}},"backgroundOpacity":0,"willDoAnimation":true,"animationType":"glow","displayAsButton":false,"buttonSize":"big","goToSlideType":"specified","invisible":false,"id":"imge0a68edd-851f-4938-ab55-de23e40c5421_5"},{"x":47.00255102040816,"y":43.95465994962216,"width":40,"height":40,"action":{"library":"H5P.CRAudio 1.4","params":{"fitToWrapper":true,"currIndex":14,"playerMode":"minimalistic","controls":true,"autoplay":true,"playAudio":"Play audio","pauseAudio":"Pause audio","contentName":"Audio","glowColor":"#ffd85a","timeStampForEachText":[{"text":" Yatuula ","startDuration":"0.0000","endDuration":"1.6206","wordfile":[{"path":"audios\/wordfile-66344a18ee1ba.mp3","mime":"audio\/mpeg","copyright":{"license":"U"}}]},{"text":" n\u2019alaba ","startDuration":"1.6216","endDuration":"2.2874","wordfile":[{"path":"audios\/wordfile-66344a3a91bb2.mp3","mime":"audio\/mpeg","copyright":{"license":"U"}}]},{"text":" emmunyeenye ","startDuration":"2.2884","endDuration":"3.1793","wordfile":[{"path":"audios\/wordfile-66344a50469bc.mp3","mime":"audio\/mpeg","copyright":{"license":"U"}}]},{"text":" nga ","startDuration":"3.1803","endDuration":"3.5045","wordfile":[{"path":"audios\/wordfile-66344a6680fcd.mp3","mime":"audio\/mpeg","copyright":{"license":"U"}}]},{"text":" zimyamyanziza ","startDuration":"3.5055","endDuration":"4.4740","wordfile":[{"path":"audios\/wordfile-66344a8bc6aac.mp3","mime":"audio\/mpeg","copyright":{"license":"U"}}]},{"text":" mu ","startDuration":"4.4750","endDuration":"4.6129","wordfile":[{"path":"audios\/wordfile-66344aa037628.mp3","mime":"audio\/mpeg","copyright":{"license":"U"}}]},{"text":" kidiba. ","startDuration":"4.6139","endDuration":"5.4194","wordfile":[{"path":"audios\/wordfile-66344ab160f02.mp3","mime":"audio\/mpeg","copyright":{"license":"U"}}]}],"files":[{"path":"audios\/files-663449fbd0ba0.mp3","mime":"audio\/mpeg","copyright":{"license":"U"}}]},"subContentId":"cb72f566-2a33-4278-b16f-d50adca88272","metadata":{"contentType":"Curious Reader Audio","license":"U","title":"Untitled Curious Reader Audio"}},"backgroundOpacity":0,"willDoAnimation":false,"animationType":"glow","displayAsButton":false,"buttonSize":"big","goToSlideType":"specified","invisible":false},{"x":20.408163265306122,"y":17.6204282115869,"width":20.025510204081634,"height":40.050377833753146,"action":{"library":"H5P.Image 1.1","params":{"contentName":"Image"},"subContentId":"649a7a66-842b-4996-a3ad-b557c1a51358","metadata":{"contentType":"Image","license":"U","title":"Untitled Image"}},"backgroundOpacity":0,"willDoAnimation":true,"animationType":"glow","displayAsButton":false,"buttonSize":"big","goToSlideType":"specified","invisible":false,"id":"imgcb72f566-2a33-4278-b16f-d50adca88272_0"},{"x":22.95918367346939,"y":5.031889168765743,"width":8.545918367346939,"height":14.357682619647354,"action":{"library":"H5P.Image 1.1","params":{"contentName":"Image"},"subContentId":"99bb7cea-c093-456e-8e4b-4303edcec83d","metadata":{"contentType":"Image","license":"U","title":"Untitled Image"}},"backgroundOpacity":0,"willDoAnimation":true,"animationType":"glow","displayAsButton":false,"buttonSize":"big","goToSlideType":"specified","invisible":false,"id":"imgcb72f566-2a33-4278-b16f-d50adca88272_2"},{"x":36.98979591836735,"y":42.809319899244336,"width":7.270408163265306,"height":9.319899244332493,"action":{"library":"H5P.Image 1.1","params":{"contentName":"Image"},"subContentId":"02beee67-7444-401f-9e17-d457030afbaa","metadata":{"contentType":"Image","license":"U","title":"Untitled Image"}},"backgroundOpacity":0,"willDoAnimation":true,"animationType":"glow","displayAsButton":false,"buttonSize":"big","goToSlideType":"specified","invisible":false,"id":"imgcb72f566-2a33-4278-b16f-d50adca88272_2"},{"x":39.54081632653062,"y":30.187405541561713,"width":7.270408163265306,"height":14.357682619647354,"action":{"library":"H5P.Image 1.1","params":{"contentName":"Image"},"subContentId":"6dc43eef-b59c-4aed-b7c1-4f92ecc463c2","metadata":{"contentType":"Image","license":"U","title":"Untitled Image"}},"backgroundOpacity":0,"willDoAnimation":true,"animationType":"glow","displayAsButton":false,"buttonSize":"big","goToSlideType":"specified","invisible":false,"id":"imgcb72f566-2a33-4278-b16f-d50adca88272_2"},{"x":30.612244897959183,"y":25.165289672544077,"width":30.229591836734695,"height":31.989924433249367,"action":{"library":"H5P.Image 1.1","params":{"contentName":"Image"},"subContentId":"a5f87ab1-26ed-413c-ae68-d93eb883c166","metadata":{"contentType":"Image","license":"U","title":"Untitled Image"}},"backgroundOpacity":0,"willDoAnimation":true,"animationType":"glow","displayAsButton":false,"buttonSize":"big","goToSlideType":"specified","invisible":false,"id":"imgcb72f566-2a33-4278-b16f-d50adca88272_6"}],"slideBackgroundSelector":{}},{"elements":[{"x":63.18082788671024,"y":6.451612903225806,"width":34.85838779956427,"height":12.903225806451612,"action":{"library":"H5P.Image 1.1","params":{"contentName":"Image","file":{"path":"images\/file-658dfacb8bd23.jpg","mime":"image\/jpeg","copyright":{"license":"U"},"width":1024,"height":209}},"subContentId":"1642e778-36e9-4626-864e-b6adb61c046a","metadata":{"contentType":"Image","license":"U","title":"Untitled Image"}},"backgroundOpacity":0,"willDoAnimation":false,"animationType":"glow","displayAsButton":false,"buttonSize":"big","goToSlideType":"specified","invisible":false},{"x":4.357298474945534,"y":4.29436559139785,"width":21.459694989106755,"height":21.50537634408602,"action":{"library":"H5P.Image 1.1","params":{"contentName":"Image","file":{"path":"images\/file-658dfaf2aec33.png","mime":"image\/png","copyright":{"license":"U"},"width":1350,"height":487}},"subContentId":"fab38cf1-2f0d-4b91-847b-42095340d251","metadata":{"contentType":"Image","license":"U","title":"Untitled Image"}},"backgroundOpacity":0,"willDoAnimation":false,"animationType":"glow","displayAsButton":false,"buttonSize":"big","goToSlideType":"specified","invisible":false},{"x":32.6797385620915,"y":4.301075268817204,"width":21.78649237472767,"height":21.93548387096774,"action":{"library":"H5P.Image 1.1","params":{"contentName":"Image","file":{"path":"images\/file-658dfb05d6fea.png","mime":"image\/png","copyright":{"license":"U"},"width":814,"height":202}},"subContentId":"e9a0108c-5391-4b14-99b9-353a11eb742a","metadata":{"contentType":"Image","license":"U","title":"Untitled Image"}},"backgroundOpacity":0,"willDoAnimation":false,"animationType":"glow","displayAsButton":false,"buttonSize":"big","goToSlideType":"specified","invisible":false},{"x":2.1773341836734694,"y":25.181057934508814,"width":94.7704081632653,"height":74.81108312342569,"action":{"library":"H5P.CRAdvancedText 1.1","params":{"text":"<h3 style=\"text-align: center;\">\u201cWakikere ayagala okumyamyansa\u201d credits<\/h3>\n\n<h3 style=\"text-align: center;\">This work, \u201cWakikere ayagala okumyamyansa\u201d is a derivative of Frog's Starry Wish is translated by Alisha Berger. The \u00a9 for this translation lies with Room to Read, 2016. Based on Original story: by Sheesh Pal. \u00a9 Room to Read , 2016. Some rights reserved.<\/h3>\n\n<h3 style=\"text-align: center;\">\u201cWakikere ayagala okumyamyansa\u201d is licensed under CC BY 4.0 by Curious Learning.<\/h3>\n\n<p>&nbsp;<\/p>\n\n<h3 style=\"text-align: center;\">Book builder - Abraham Jerry Kakooza<\/h3>\n"},"subContentId":"fe4eabae-9a87-48ff-96de-a799edcab0c4","metadata":{"contentType":"Text","license":"U","title":"Untitled Text"}},"alwaysDisplayComments":false,"backgroundOpacity":0,"willDoAnimation":false,"animationType":"glow","displayAsButton":false,"buttonSize":"big","goToSlideType":"specified","invisible":false,"solution":""}],"slideBackgroundSelector":{}}],"keywordListEnabled":true,"globalBackgroundSelector":{},"keywordListAlwaysShow":false,"keywordListAutoHide":false,"keywordListOpacity":90},"override":{"activeSurface":false,"hideSummarySlide":false,"summarySlideSolutionButton":true,"summarySlideRetryButton":true,"enablePrintButton":false,"social":{"showFacebookShare":false,"facebookShare":{"url":"@currentpageurl","quote":"I scored @score out of @maxScore on a task at @currentpageurl."},"showTwitterShare":false,"twitterShare":{"statement":"I scored @score out of @maxScore on a task at @currentpageurl.","url":"@currentpageurl","hashtags":"h5p, course"},"showGoogleShare":false,"googleShareUrl":"@currentpageurl"}},"l10n":{"slide":"Slide","score":"Score","yourScore":"Your Score","maxScore":"Max Score","total":"Total","totalScore":"Total Score","showSolutions":"Show solutions","retry":"Retry","exportAnswers":"Export text","hideKeywords":"Hide sidebar navigation menu","showKeywords":"Show sidebar navigation menu","fullscreen":"Fullscreen","exitFullscreen":"Exit fullscreen","prevSlide":"Previous slide","nextSlide":"Next slide","currentSlide":"Current slide","lastSlide":"Last slide","solutionModeTitle":"Exit solution mode","solutionModeText":"Solution Mode","summaryMultipleTaskText":"Multiple tasks","scoreMessage":"You achieved:","shareFacebook":"Share on Facebook","shareTwitter":"Share on Twitter","shareGoogle":"Share on Google+","summary":"Summary","solutionsButtonTitle":"Show comments","printTitle":"Print","printIngress":"How would you like to print this presentation?","printAllSlides":"Print all slides","printCurrentSlide":"Print current slide","noTitle":"No title","accessibilitySlideNavigationExplanation":"Use left and right arrow to change slide in that direction whenever canvas is selected.","accessibilityCanvasLabel":"Presentation canvas. Use left and right arrow to move between slides.","containsNotCompleted":"@slideName contains not completed interaction","containsCompleted":"@slideName contains completed interaction","slideCount":"Slide @index of @total","containsOnlyCorrect":"@slideName only has correct answers","containsIncorrectAnswers":"@slideName has incorrect answers","shareResult":"Share Result","accessibilityTotalScore":"You got @score of @maxScore points in total","accessibilityEnteredFullscreen":"Entered fullscreen","accessibilityExitedFullscreen":"Exited fullscreen"}}