{"showCoverPage":true,"chapters":[{"params":{"content":[{"content":{"params":{"contentName":"Image","file":{"path":"images\/file-50494d95575d7ac6c404812d38043fcd.jpg","mime":"image\/jpeg","copyright":{"license":"CC BY","version":"4.0"},"width":959,"height":459},"alt":"\u0631\u0646\u06ab\u0647 \u0634\u0627\u067e\u0631\u06a9\u0648\u0646\u0647 \u062a\u0631 \u0633\u067e\u06cc\u0646 \u06cc\u06cc\u0696 \u062a\u0627\u0648 \u062f\u064a."},"library":"H5P.Image 1.1","metadata":{"contentType":"Image","license":"CC BY","licenseVersion":"4.0","source":"https:\/\/digitallibrary.io\/","title":"Untitled Image"},"subContentId":"978325c8-53f3-47ef-98b0-d3c68f9a0994"},"useSeparator":"auto"},{"content":{"params":{"contentName":"Image","file":{"path":"images\/file-5fee032297b36.jpg","mime":"image\/jpeg","copyright":{"license":"U"},"width":1024,"height":680},"alt":"\u067e\u0647 \u062f\u06d0 \u0627\u0646\u0681\u0648\u0631 \u06a9\u06d0 \u062f \u00ab\u0631\u0648\u0645 \u067c\u0648 \u0631\u06cc\u0689\u00bb \u0644\u0648\u06ab\u0648 \u06ab\u0648\u0631\u0626"},"library":"H5P.Image 1.1","metadata":{"contentType":"Image","license":"U","title":"Untitled Image"},"subContentId":"3396b9b4-b827-4516-88ee-71baa13a50f3"},"useSeparator":"auto"},{"content":{"params":{"text":"<p><strong>&nbsp;\u0631\u0646\u06ab\u0648\u0646\u0647<\/strong><\/p>\n\n<p>&nbsp;\u0644\u06cc\u06a9\u0648\u0627\u0644\u0647: \u067e\u0631\u06cc\u0627\u0646\u06a9\u0627<\/p>\n\n<p>&nbsp;\u0627\u0646\u0681\u0648\u0631\u06ab\u0631\u0647:&nbsp;\u0627\u062c\u0627\u0646\u062a\u0627 \u06ab\u0648\u0647\u0627\u062a\u0627\u06a9\u0648\u0631\u062a\u0627&nbsp;<\/p>\n\n<p>\u0698\u0628\u0627\u0693\u0646\u0647: \u0634\u06d0\u0631 \u062e\u0627\u0646 \u0634\u0647\u06cc\u0631<\/p>\n"},"library":"H5P.AdvancedText 1.1","metadata":{"contentType":"Text","license":"CC BY","title":"Untitled Text","licenseVersion":"4.0"},"subContentId":"25817e00-6fc4-4ac5-89ad-5a2281e3ed7d"},"useSeparator":"auto"}]},"subContentId":"951c0cef-4d45-4aa8-9e58-96f9c224a16e","library":"H5P.Column 1.12","metadata":{"contentType":"Column","license":"CC BY","title":"\u0644\u0648\u0645\u0693\u06cc \u0645\u062e","licenseVersion":"4.0"}},{"params":{"content":[{"content":{"params":{"contentName":"Image","file":{"path":"images\/file-a6defe6d5fa0f6933362a9c1fe835447.jpg","mime":"image\/jpeg","copyright":{"license":"CC BY","version":"4.0"},"width":639,"height":689},"alt":"\u06cc\u06cc\u0696 \u067e\u0647 \u0633\u0631\u0647 \u0686\u0648\u06a9\u06cd \u06a9\u06d0 \u0646\u0627\u0633\u062a \u062f\u06cc."},"library":"H5P.Image 1.1","metadata":{"contentType":"Image","license":"CC BY","licenseVersion":"4.0","source":"https:\/\/digitallibrary.io\/","title":"Untitled Image"},"subContentId":"71c3a13c-410e-43fe-8823-77cc0104fb66"},"useSeparator":"auto"},{"content":{"params":{"text":"<p>&nbsp;\u062f \u06cc\u06cc\u0696 \u0631\u0646\u06ab\u0648\u0646\u0647 \u062e\u0648\u069a\u06d0\u0696\u064a.&nbsp;<\/p>\n"},"library":"H5P.AdvancedText 1.1","metadata":{"contentType":"Text","license":"CC BY","title":"Untitled Text","licenseVersion":"4.0"},"subContentId":"7148bf92-0ceb-4355-bb48-ab9e6cf7f764"},"useSeparator":"auto"}]},"subContentId":"3fdd321e-e730-42e2-ab7a-abb284845acf","library":"H5P.Column 1.12","metadata":{"contentType":"Column","license":"CC BY","title":"\u062f\u0648\u06cc\u0645 \u0645\u062e","licenseVersion":"4.0"}},{"params":{"content":[{"content":{"params":{"contentName":"Image","file":{"path":"images\/file-ac09f6d3fb4cf87a422d7edb3ba428f8.jpg","mime":"image\/jpeg","copyright":{"license":"CC BY","version":"4.0"},"width":959,"height":689},"alt":"\u06cc\u06cc\u0696 \u0644\u0647 \u06a9\u0648\u0631 \u0685\u062e\u0647 \u0631\u0648\u0627\u0646 \u062f\u06cc."},"library":"H5P.Image 1.1","metadata":{"contentType":"Image","license":"CC BY","licenseVersion":"4.0","source":"https:\/\/digitallibrary.io\/","title":"Untitled Image"},"subContentId":"8fac8201-8ba4-40dc-a242-3038f61207a6"},"useSeparator":"auto"}]},"subContentId":"5bccde2d-0718-4d37-8589-14efae2f5f5e","library":"H5P.Column 1.12","metadata":{"contentType":"Column","license":"CC BY","title":"\u062f\u0631\u06d0\u06cc\u0645 \u0645\u062e","licenseVersion":"4.0"}},{"params":{"content":[{"content":{"params":{"contentName":"Image","file":{"path":"images\/file-4a3522a0cfd2fbdc13b0f78c9d30376f.jpg","mime":"image\/jpeg","copyright":{"license":"CC BY","version":"4.0"},"width":959,"height":689},"alt":"\u06cc\u06cc\u0696 \u062a\u0631 \u0648\u0646\u06d0 \u0644\u0627\u0646\u062f\u06d0 \u062f\u0631\u06d0\u0696\u064a."},"library":"H5P.Image 1.1","metadata":{"contentType":"Image","license":"CC BY","licenseVersion":"4.0","source":"https:\/\/digitallibrary.io\/","title":"Untitled Image"},"subContentId":"8a872148-df27-4fb3-8896-819583e18097"},"useSeparator":"auto"}]},"subContentId":"784b7493-80ed-434f-9bae-75685d6f6815","library":"H5P.Column 1.12","metadata":{"contentType":"Column","license":"CC BY","title":"\u0685\u0644\u0648\u0631\u0645 \u0645\u062e","licenseVersion":"4.0"}},{"params":{"content":[{"content":{"params":{"contentName":"Image","file":{"path":"images\/file-6b130ecf16b0dbae9ae079faaa0c01b5.jpg","mime":"image\/jpeg","copyright":{"license":"CC BY","version":"4.0"},"width":639,"height":689},"alt":"\u06cc\u06cc\u0696 \u062f \u0634\u0627\u062a\u0648 \u0644\u0647 \u0645\u0686\u06cd \u0633\u0631\u0647 ."},"library":"H5P.Image 1.1","metadata":{"contentType":"Image","license":"CC BY","licenseVersion":"4.0","source":"https:\/\/digitallibrary.io\/","title":"Untitled Image"},"subContentId":"f5e87a00-73b8-499b-af3b-f9461623c726"},"useSeparator":"auto"},{"content":{"params":{"text":"<p>\u0627\u0648\u0633 \u062f \u06cc\u06cc\u0696 \u063a\u0648\u0696\u0648\u0646\u0647 \u0698\u06cc\u0693 \u062f\u064a.&nbsp;<\/p>\n"},"library":"H5P.AdvancedText 1.1","metadata":{"contentType":"Text","license":"CC BY","title":"Untitled Text","licenseVersion":"4.0"},"subContentId":"d8f82d25-3824-4d0e-827a-b491dbc73eb3"},"useSeparator":"auto"}]},"subContentId":"6b4fcf6e-838b-4150-8d50-ef4d20946473","library":"H5P.Column 1.12","metadata":{"contentType":"Column","license":"CC BY","title":"\u067e\u0646\u0681\u0645 \u0645\u062e","licenseVersion":"4.0"}},{"params":{"content":[{"content":{"params":{"contentName":"Image","file":{"path":"images\/file-b9b960ace116ee3d9c3bee8a8d069912.jpg","mime":"image\/jpeg","copyright":{"license":"CC BY","version":"4.0"},"width":959,"height":689},"alt":"\u06cc\u06cc\u0696 \u067e\u0647 \u062e\u067c\u0648 \u06a9\u06d0 \u0644\u0648\u06d0\u0696\u064a."},"library":"H5P.Image 1.1","metadata":{"contentType":"Image","license":"CC BY","licenseVersion":"4.0","source":"https:\/\/digitallibrary.io\/","title":"Untitled Image"},"subContentId":"7b97cfd1-0fbd-4531-a6e5-fdafff3535dd"},"useSeparator":"auto"}]},"subContentId":"a1c5777b-16f5-4b38-9d91-4fd88903b213","library":"H5P.Column 1.12","metadata":{"contentType":"Column","license":"CC BY","title":"\u0634\u067e\u0696\u0645 \u0645\u062e","licenseVersion":"4.0"}},{"params":{"content":[{"content":{"params":{"contentName":"Image","file":{"path":"images\/file-987afce01fcf9cda3022f850b5d5f9eb.jpg","mime":"image\/jpeg","copyright":{"license":"CC BY","version":"4.0"},"width":639,"height":689},"alt":"\u062f \u06cc\u06cc\u0696 \u062e\u06d0\u067c\u0647 \u0646\u0635\u0648\u0627\u0631\u064a \u0634\u0648\u0647."},"library":"H5P.Image 1.1","metadata":{"contentType":"Image","license":"CC BY","licenseVersion":"4.0","source":"https:\/\/digitallibrary.io\/","title":"Untitled Image"},"subContentId":"bbe2b1f0-49a2-4a1e-85aa-c8b276630b9b"},"useSeparator":"auto"},{"content":{"params":{"text":"<p>&nbsp;\u0627\u0648\u0633 \u06cc\u06d0 \u062e\u06d0\u067c\u0647 \u0646\u0635\u0648\u0627\u0631\u064a \u062f\u0647.&nbsp;<\/p>\n"},"library":"H5P.AdvancedText 1.1","metadata":{"contentType":"Text","license":"CC BY","title":"Untitled Text","licenseVersion":"4.0"},"subContentId":"e9ac0967-7010-4647-b439-8cdaf0f49f0f"},"useSeparator":"auto"}]},"subContentId":"cdac4700-b04a-41a4-98f1-2d39649d01c0","library":"H5P.Column 1.12","metadata":{"contentType":"Column","license":"CC BY","title":"\u0627\u0648\u0648\u0645 \u0645\u062e","licenseVersion":"4.0"}},{"params":{"content":[{"content":{"params":{"contentName":"Image","file":{"path":"images\/file-41e83ec3791565132aff02c43dfbf5c3.jpg","mime":"image\/jpeg","copyright":{"license":"CC BY","version":"4.0"},"width":959,"height":689},"alt":"\u06cc\u06cc\u0696 \u0647\u0646\u062f\u0648\u0627\u06bc\u0647 \u062e\u0648\u0631\u064a."},"library":"H5P.Image 1.1","metadata":{"contentType":"Image","license":"CC BY","licenseVersion":"4.0","source":"https:\/\/digitallibrary.io\/","title":"Untitled Image"},"subContentId":"cb20e196-453e-4eb8-a077-ed2dda5570c0"},"useSeparator":"auto"}]},"subContentId":"8538c380-134e-4fa3-903f-d7b54ec7d1ac","library":"H5P.Column 1.12","metadata":{"contentType":"Column","license":"CC BY","title":"\u0627\u062a\u0645 \u0645\u062e","licenseVersion":"4.0"}},{"params":{"content":[{"content":{"params":{"contentName":"Image","file":{"path":"images\/file-2558a6012fc01f2238cd1faf4605dd7d.jpg","mime":"image\/jpeg","copyright":{"license":"CC BY","version":"4.0"},"width":639,"height":689},"alt":"\u062a\u0631 \u06cc\u06cc\u0696 \u062f \u0647\u0646\u0689\u0648\u0627\u06bc\u0648 \u067c\u0648\u067c\u06d0 \u062a\u0627\u0648\u06d0 \u062f\u064a."},"library":"H5P.Image 1.1","metadata":{"contentType":"Image","license":"CC BY","licenseVersion":"4.0","source":"https:\/\/digitallibrary.io\/","title":"Untitled Image"},"subContentId":"a397af9b-ebe9-4e1b-ba6b-c672e5a40a68"},"useSeparator":"auto"},{"content":{"params":{"text":"<p>&nbsp;\u0627\u0648\u0633 \u06cc\u06d0 \u062e\u0648\u0644\u0647 \u0633\u0631\u0647 \u062f\u0647.&nbsp;<\/p>\n"},"library":"H5P.AdvancedText 1.1","metadata":{"contentType":"Text","license":"CC BY","title":"Untitled Text","licenseVersion":"4.0"},"subContentId":"ad42093e-34af-4bd6-9d7c-8b0e57e96c56"},"useSeparator":"auto"}]},"subContentId":"115708cf-c079-41a8-a49b-d6329b5834d4","library":"H5P.Column 1.12","metadata":{"contentType":"Column","license":"CC BY","title":"\u0646\u0647\u0645 \u0645\u062e","licenseVersion":"4.0"}},{"params":{"content":[{"content":{"params":{"contentName":"Image","file":{"path":"images\/file-a84b59cdb3489b2dab2657cf3cf69ca8.jpg","mime":"image\/jpeg","copyright":{"license":"CC BY","version":"4.0"},"width":959,"height":689},"alt":"\u06cc\u06cc\u0696 \u0622\u0628\u064a \u06ab\u0644\u0627\u0646 \u0631\u0627\u067c\u0648\u0644\u0648\u064a."},"library":"H5P.Image 1.1","metadata":{"contentType":"Image","license":"CC BY","licenseVersion":"4.0","source":"https:\/\/digitallibrary.io\/","title":"Untitled Image"},"subContentId":"efe07863-6cc7-4296-9560-6ce47d56cb88"},"useSeparator":"auto"}]},"subContentId":"a968c9c2-f4c7-4303-8db2-e42ee9cc329c","library":"H5P.Column 1.12","metadata":{"contentType":"Column","license":"CC BY","title":"\u0644\u0633\u0645 \u0645\u062e","licenseVersion":"4.0"}},{"params":{"content":[{"content":{"params":{"contentName":"Image","file":{"path":"images\/file-dc4fbed1b2d04fa53a62704ad554431a.jpg","mime":"image\/jpeg","copyright":{"license":"CC BY","version":"4.0"},"width":639,"height":689},"alt":"\u062f \u06cc\u06cc\u0696 \u0634\u0627\u0648\u062e\u0648\u0627 \u067c\u0648\u0644\u0647 \u0622\u0628\u064a \u062f\u0647."},"library":"H5P.Image 1.1","metadata":{"contentType":"Image","license":"CC BY","licenseVersion":"4.0","source":"https:\/\/digitallibrary.io\/","title":"Untitled Image"},"subContentId":"192f3c41-fb0f-4610-8152-7fdcb2bc87b2"},"useSeparator":"auto"},{"content":{"params":{"text":"<p>\u0627\u0648\u0633 \u062f \u06cc\u06cc\u0696 \u0644\u0627\u0633\u0648\u0646\u0647 \u0622\u0628\u064a&nbsp;\u062f\u064a.&nbsp;<\/p>\n"},"library":"H5P.AdvancedText 1.1","metadata":{"contentType":"Text","license":"CC BY","title":"Untitled Text","licenseVersion":"4.0"},"subContentId":"cffc55ef-6c29-46bd-8860-a838f2ea3116"},"useSeparator":"auto"}]},"subContentId":"431d531d-a301-4b9d-a9cc-c13b3e29ab10","library":"H5P.Column 1.12","metadata":{"contentType":"Column","license":"CC BY","title":"\u06cc\u0648\u0648\u0644\u0633\u0645 \u0645\u062e","licenseVersion":"4.0"}},{"params":{"content":[{"content":{"params":{"contentName":"Image","file":{"path":"images\/file-e7714fc6fa988ee8d25c5d595638b155.jpg","mime":"image\/jpeg","copyright":{"license":"CC BY","version":"4.0"},"width":959,"height":689},"alt":"\u06cc\u06cc\u0696 \u067e\u0631 \u0686\u0645\u0646 \u067e\u0631\u0648\u062a \u062f\u06cc."},"library":"H5P.Image 1.1","metadata":{"contentType":"Image","license":"CC BY","licenseVersion":"4.0","source":"https:\/\/digitallibrary.io\/","title":"Untitled Image"},"subContentId":"4a7cc0c8-b6aa-4afa-8703-716d4f909c0b"},"useSeparator":"auto"}]},"subContentId":"0d51033d-ce50-41ea-a6f5-6377a4ae8c6d","library":"H5P.Column 1.12","metadata":{"contentType":"Column","license":"CC BY","title":"\u062f\u0648\u0644\u0633\u0645 \u0645\u062e","licenseVersion":"4.0"}},{"params":{"content":[{"content":{"params":{"contentName":"Image","file":{"path":"images\/file-52f05aa1638105af52190207e0c2f94d.jpg","mime":"image\/jpeg","copyright":{"license":"CC BY","version":"4.0"},"width":639,"height":689},"alt":"\u06cc\u06cc\u0696 \u067e\u0647 \u062f\u0627\u0633\u06d0 \u062d\u0627\u0644 \u06a9\u06d0 \u0686\u06d0 \u0634\u0646\u0648 \u0686\u0627\u067e\u06cc\u0631 \u06a9\u0693\u06cc \u0642\u062f\u0645 \u0648\u0647\u064a."},"library":"H5P.Image 1.1","metadata":{"contentType":"Image","license":"CC BY","licenseVersion":"4.0","source":"https:\/\/digitallibrary.io\/","title":"Untitled Image"},"subContentId":"005e99ac-0462-41ff-aba7-7f6892d784db"},"useSeparator":"auto"},{"content":{"params":{"text":"<p>\u0627\u0648\u0633 \u062f \u0647\u063a\u0647 \u0685\u067c \u0634\u06cc\u0646 \u062f\u06cc.&nbsp;<\/p>\n"},"library":"H5P.AdvancedText 1.1","metadata":{"contentType":"Text","license":"CC BY","title":"Untitled Text","licenseVersion":"4.0"},"subContentId":"4f974708-6d43-4fc1-9916-5e217119e84d"},"useSeparator":"auto"}]},"subContentId":"b472c686-5e70-4d89-b5ca-075591dd540f","library":"H5P.Column 1.12","metadata":{"contentType":"Column","license":"CC BY","title":"\u062f\u06cc\u0627\u0631\u0644\u0633\u0645 \u0645\u062e","licenseVersion":"4.0"}},{"params":{"content":[{"content":{"params":{"contentName":"Image","file":{"path":"images\/file-321bafb30c8bdf48fdc3a65881a3169d.jpg","mime":"image\/jpeg","copyright":{"license":"CC BY","version":"4.0"},"width":959,"height":689},"alt":"\u06cc\u06cc\u0696 \u062f \u0634\u06cc\u0631\u0686\u0627\u064a\u064a \u062f\u06d0\u0648\u0627\u0644 \u062a\u0631 \u0685\u0646\u06ab \u062a\u06d0\u0631\u06d0\u0696\u064a."},"library":"H5P.Image 1.1","metadata":{"contentType":"Image","license":"CC BY","licenseVersion":"4.0","source":"https:\/\/digitallibrary.io\/","title":"Untitled Image"},"subContentId":"13d3af87-bad6-440f-87c6-bfb47c925df0"},"useSeparator":"auto"}]},"subContentId":"3c881dd7-5fd1-4c1f-ac91-2f13958eb0d6","library":"H5P.Column 1.12","metadata":{"contentType":"Column","license":"CC BY","title":"\u0685\u0648\u0627\u0631\u0644\u0633\u0645 \u0645\u062e","licenseVersion":"4.0"}},{"params":{"content":[{"content":{"params":{"contentName":"Image","file":{"path":"images\/file-ef126366c4ecff33462e2f4f8f768e2a.jpg","mime":"image\/jpeg","copyright":{"license":"CC BY","version":"4.0"},"width":959,"height":689},"alt":"\u06cc\u06cc\u0696 \u067e\u0631 \u0628\u0646\u0641\u0634 \u0631\u0646\u06ab \u0642\u062f\u0645 \u0648\u0647\u064a."},"library":"H5P.Image 1.1","metadata":{"contentType":"Image","license":"CC BY","licenseVersion":"4.0","source":"https:\/\/digitallibrary.io\/","title":"Untitled Image"},"subContentId":"b452eb30-c84a-4402-a675-1603a41a4c1d"},"useSeparator":"auto"},{"content":{"params":{"text":"<p>&nbsp;\u0627\u0648\u0633 \u06cc\u06d0 \u067e\u069a\u06d0 \u0634\u06cc\u0631\u0686\u0627\u064a\u064a \u062f\u064a.&nbsp;<\/p>\n"},"library":"H5P.AdvancedText 1.1","metadata":{"contentType":"Text","license":"CC BY","title":"Untitled Text","licenseVersion":"4.0"},"subContentId":"57da3486-471b-4514-9a47-51db2a7dae28"},"useSeparator":"auto"}]},"subContentId":"2f6adc4d-c726-4c00-83a7-3bb1345de0bd","library":"H5P.Column 1.12","metadata":{"contentType":"Column","license":"CC BY","title":"\u067e\u0646\u0681\u0644\u0633\u0645 \u0645\u062e","licenseVersion":"4.0"}},{"params":{"content":[{"content":{"params":{"contentName":"Image","file":{"path":"images\/file-8c75f9127e26a1a6bd8b3e3bb5e70d65.jpg","mime":"image\/jpeg","copyright":{"license":"CC BY","version":"4.0"},"width":959,"height":689},"alt":"\u0645\u0686\u06cd \u06cc\u06d0 \u0644\u0647 \u063a\u0648\u0696\u0648\u0646\u0648 \u0633\u0631\u0647 \u0628\u0632\u06d0\u0696\u064a."},"library":"H5P.Image 1.1","metadata":{"contentType":"Image","license":"CC BY","licenseVersion":"4.0","source":"https:\/\/digitallibrary.io\/","title":"Untitled Image"},"subContentId":"4b69e342-15b5-4901-a187-e6144818b996"},"useSeparator":"auto"},{"content":{"params":{"text":"<p>&nbsp;\u06cc\u06cc\u0696 \u0627\u0648\u0633 \u0631\u0646\u06ab\u0647 \u0634\u0648\u06cc!<\/p>\n"},"library":"H5P.AdvancedText 1.1","metadata":{"contentType":"Text","license":"CC BY","title":"Untitled Text","licenseVersion":"4.0"},"subContentId":"3cff22cb-8807-468c-a9db-56da7f4fb978"},"useSeparator":"auto"}]},"subContentId":"8d7c664d-beed-4478-93ae-35a4a00b1063","library":"H5P.Column 1.12","metadata":{"contentType":"Column","license":"CC BY","title":"\u0634\u067e\u0627\u0693\u0633\u0645 \u0645\u062e","licenseVersion":"4.0"}},{"params":{"content":[{"content":{"params":{"contentName":"Image","file":{"path":"images\/file-14484a7d95af1956dfaed0306a115331.jpg","mime":"image\/jpeg","copyright":{"license":"CC BY","version":"4.0"},"width":959,"height":689},"alt":"\u06cc\u06cc\u0696 \u0634\u0627\u062e\u0648\u0627 \u0642\u062f\u0645 \u0648\u0647\u064a."},"library":"H5P.Image 1.1","metadata":{"contentType":"Image","license":"CC BY","licenseVersion":"4.0","source":"https:\/\/digitallibrary.io\/","title":"Untitled Image"},"subContentId":"7b8a9ec7-1cdc-4f28-ad6a-ba6fa2555f9e"},"useSeparator":"auto"}]},"subContentId":"91a55dbd-d341-46e9-833d-cdc58bccdc7f","library":"H5P.Column 1.12","metadata":{"contentType":"Column","license":"CC BY","title":"\u0627\u0648\u0648\u0644\u0633\u0645 \u0645\u062e","licenseVersion":"4.0"}},{"params":{"content":[{"content":{"params":{"contentName":"Image","file":{"path":"images\/file-5cceec447b5d00747a4590e83c676c81.jpg","mime":"image\/jpeg","copyright":{"license":"CC BY","version":"4.0"},"width":959,"height":689},"alt":"\u06cc\u06cc\u0696 \u062f \u00ab\u067e\u0648\u0644\u06a9\u0627 \u067c\u06a9\u0648\u00bb \u067e\u0647 \u062a\u0628 \u06a9\u06d0 \u063a\u0648\u067e\u0647 \u0634\u0648\u06cc."},"library":"H5P.Image 1.1","metadata":{"contentType":"Image","license":"CC BY","licenseVersion":"4.0","source":"https:\/\/digitallibrary.io\/","title":"Untitled Image"},"subContentId":"3203c588-3425-4b6a-acc2-2d03f889c186"},"useSeparator":"auto"}]},"subContentId":"e607f580-276c-4638-bd13-985bbf570145","library":"H5P.Column 1.12","metadata":{"contentType":"Column","license":"CC BY","title":"\u0627\u062a\u0644\u0633\u0645 \u0645\u062e","licenseVersion":"4.0"}},{"params":{"content":[{"content":{"params":{"contentName":"Image","file":{"path":"images\/file-f0c4614ad018385d52790d1438946582.jpg","mime":"image\/jpeg","copyright":{"license":"CC BY","version":"4.0"},"width":959,"height":689},"alt":"\u06cc\u06cc\u0696 \u067e\u0647 \u067c\u0628 \u06a9\u06d0 \u062f\u0631\u06d0\u0696\u064a."},"library":"H5P.Image 1.1","metadata":{"contentType":"Image","license":"CC BY","licenseVersion":"4.0","source":"https:\/\/digitallibrary.io\/","title":"Untitled Image"},"subContentId":"53565132-9684-406c-ad91-ee78478aabdb"},"useSeparator":"auto"}]},"subContentId":"a67a49c7-c886-4c18-820d-e70ad9192b07","library":"H5P.Column 1.12","metadata":{"contentType":"Column","license":"CC BY","title":"\u0646\u0648\u0644\u0633\u0645 \u0645\u062e","licenseVersion":"4.0"}},{"params":{"content":[{"content":{"params":{"contentName":"Image","file":{"path":"images\/file-e8e31afa31fb7744ac1eb723d0ebbcaa.jpg","mime":"image\/jpeg","copyright":{"license":"CC BY","version":"4.0"},"width":959,"height":689},"alt":"\u06cc\u06cc\u0696 \u062f \u0631\u0646\u06ab\u0648\u0646\u0648 \u067e\u0647 \u062a\u0627\u0644\u0647 \u06a9\u06d0 \u0648\u0644\u0627\u0693 \u062f\u06cc."},"library":"H5P.Image 1.1","metadata":{"contentType":"Image","license":"CC BY","licenseVersion":"4.0","source":"https:\/\/digitallibrary.io\/","title":"Untitled Image"},"subContentId":"315083a8-46e3-40fb-815b-4474db080fbd"},"useSeparator":"auto"},{"content":{"params":{"text":"<p>\u0646\u0647 \u0646\u0648! \u0686\u06d0\u0631\u06d0 \u0648\u0644\u0627\u0693\u0644 \u067c\u0648\u0644 \u0631\u0646\u06ab\u0648\u0646\u0647 \u064a\u06d0\u061f<\/p>\n"},"library":"H5P.AdvancedText 1.1","metadata":{"contentType":"Text","license":"CC BY","title":"Untitled Text","licenseVersion":"4.0"},"subContentId":"78016093-37b4-4766-ac36-a31b5a6a4cfd"},"useSeparator":"auto"}]},"subContentId":"1ff39f83-ebf7-47c5-8971-eb8d0090e9d5","library":"H5P.Column 1.12","metadata":{"contentType":"Column","license":"CC BY","title":"\u0634\u0644\u0645 \u0645\u062e","licenseVersion":"4.0"}},{"params":{"content":[{"content":{"params":{"contentName":"Image","file":{"path":"images\/file-1ce0e999d2f96c6d254c2de8d763318a.jpg","mime":"image\/jpeg","copyright":{"license":"CC BY","version":"4.0"},"width":1024,"height":209},"alt":"\u067e\u0647 \u062f\u06d0 \u0627\u0646\u0681\u0648\u0631 \u06a9\u06d0 \u062f \u00ab\u0633\u067c\u0648\u0631\u064a \u0648\u06cc\u0648\u0631\u00bb \u0644\u0648\u06ab\u0648 \u06ab\u0648\u0631\u06cc"},"library":"H5P.Image 1.1","metadata":{"contentType":"Image","license":"CC BY","licenseVersion":"4.0","source":"https:\/\/digitallibrary.io\/","title":"Untitled Image"},"subContentId":"834ce00a-8e73-4282-9553-9c0a70913aa5"},"useSeparator":"auto"},{"content":{"params":{"text":"<p>This book was made possible by Pratham Books' StoryWeaver platform. Content under Creative Commons licenses can be downloaded, translated and can even be used to create new stories \u00adprovided you give appropriate credit, and indicate if changes were made. To know more about this, and the full terms of use and attribution, please visit the following link.<\/p>\n\n<p>Story Attribution:<\/p>\n\n<p>This story: 'Colours' is translated by Alisha Berger. The \u00a9 for this translation lies with Room to Read, 2015. Some rights reserved. Released under CC BY 4.0 license. Based on Original story: '\u0930\u0902\u0917', byPriyanka. \u00a9 Room to Read, 2015. Some rights reserved. Released under CC BY 4.0 license.<\/p>\n\n<p>Other Credits:<\/p>\n\n<p>This story 'Rang' has been published on StoryWeaver by Room to Read.<\/p>\n\n<p>Images Attributions:<\/p>\n\n<p>Cover page: White bear and multicoloured butterflies, by Ajanta Guhathakurta\u00a9 Room to Read, 2015. Some rights reserved. Released under CC BY 4.0 license. Page 2 :A bear in a chair, by Ajanta Guhathakurta\u00a9 Room to Read, 2015. Some rights reserved. Released under CC BY 4.0 license. Page 3: Bear walking away from multi-coloured house, by Ajanta Guhathakurta\u00a9 Room to Read, 2015. Some rights reserved. Released under CC BY 4.0 license. Page 4: Honey dripping on bear, by Ajanta Guhathakurta\u00a9 Room to Read, 2015. Some rights reserved. Released under CC BY 4.0 license.Page 5:Bear with yellow ears dripping with honey, byAjanta Guhathakurta\u00a9 Room to Read, 2015. Some rights reserved. Released under CC BY 4.0 license.Page 6:Bear falls in mud, byAjanta Guhathakurta\u00a9 Room to Read, 2015. Some rights reserved. Released under CC BY 4.0 license.Page 7:Bear all muddy, byAjanta Guhathakurta\u00a9 Room to Read, 2015. Some rights reserved. Released under CC BY 4.0 license.Page 8:Bear eating a watermelon, byAjanta Guhathakurta\u00a9 Room to Read, 2015. Some rights reserved. Released under CC BY 4.0 license.Page 9:Bear with red face and watermelons all around, byAjanta Guhathakurta\u00a9 Room to Read, 2015. Some rights reserved. Released under CC BY 4.0 license.Page 10:Bear paws plucking flowers, byAjanta Guhathakurta\u00a9 Room to Read, 2015. Some rights reserved. Released under CC BY 4.0 license.Disclaimer:https:\/\/www.storyweaver.org.in\/terms_and_conditions<\/p>\n"},"library":"H5P.AdvancedText 1.1","metadata":{"contentType":"Text","license":"CC BY","title":"Untitled Text","licenseVersion":"4.0"},"subContentId":"b4e2f278-94ca-4a66-987c-e6f1e094df62"},"useSeparator":"auto"},{"content":{"params":{"contentName":"Image","file":{"path":"images\/file-1dd8bab4fb44379a9e7e38ff1ec1a2e3.jpg","mime":"image\/jpeg","copyright":{"license":"CC BY","version":"4.0"},"width":88,"height":31},"alt":"\u06a9\u0631\u06d0\u067c\u06cc\u0648 \u06a9\u0627\u0645\u0646\u0632"},"library":"H5P.Image 1.1","metadata":{"contentType":"Image","license":"CC BY","licenseVersion":"4.0","source":"https:\/\/digitallibrary.io\/","title":"Untitled Image"},"subContentId":"6344d833-dcbb-4d01-b60e-98a0d884b4fc"},"useSeparator":"auto"},{"content":{"params":{"text":"<p>\n Some rights reserved. This book is CC\u00ad-BY\u00ad-4.0 licensed. You can copy, modify, distribute and perform the work, even for commercial purposes, all without asking permission. For full terms of use and attribution, http:\/\/creativecommons.org\/licenses\/by\/4.0\/\n<\/p>"},"library":"H5P.AdvancedText 1.1","metadata":{"contentType":"Text","license":"CC BY","title":"Untitled Text","licenseVersion":"4.0"},"subContentId":"026d9aba-581e-44f1-8617-3326cb72ac98"},"useSeparator":"auto"}]},"subContentId":"4c9b606b-8c11-4a4b-bcd3-77ce9d8e76f2","library":"H5P.Column 1.12","metadata":{"contentType":"Column","license":"CC BY","title":"\u06cc\u0648\u0648\u06cc\u0634\u062a\u0645 \u0645\u062e","licenseVersion":"4.0"}},{"params":{"content":[{"content":{"params":{"contentName":"Image","file":{"path":"images\/file-1ce0e999d2f96c6d254c2de8d763318a.jpg","mime":"image\/jpeg","copyright":{"license":"CC BY","version":"4.0"},"width":1024,"height":209},"alt":"\u067e\u0647 \u062f\u06d0 \u0627\u0646\u0681\u0648\u0631 \u06a9\u06d0 \u062f \u00ab\u0633\u067c\u0648\u0631\u064a \u0648\u06cc\u0648\u0631\u00bb \u0644\u0648\u06ab\u0648 \u06ab\u0648\u0631\u06cc"},"library":"H5P.Image 1.1","metadata":{"contentType":"Image","license":"CC BY","licenseVersion":"4.0","source":"https:\/\/digitallibrary.io\/","title":"Untitled Image"},"subContentId":"7b64ff8d-405c-4920-a5ba-3537a67392c9"},"useSeparator":"auto"},{"content":{"params":{"text":"<p>This book was made possible by Pratham Books' StoryWeaver platform. Content under Creative Commons licenses can be downloaded, translated and can even be used to create new stories provided you give appropriate credit, and indicate if changes were made. To know more about this, and the full terms of use and attribution, please visit the following link.<\/p>\n\n<p>Images Attributions:<\/p>\n\n<p>Page 11: Bear with blue hands, red mouth and brown stomach, by Ajanta Guhathakurta\u00a9 Room to Read, 2015. Some rights reserved. Released under CC BY 4.0 license. Page 12: Bear on his back on the grass, by Ajanta Guhathakurta\u00a9 Room to Read, 2015. Some rights reserved. Released under CC BY 4.0 license. Page 13: Bear walking looking surprised, by Ajanta Guhathakurta\u00a9 Room to Read, 2015. Some rights reserved. Released under CC BY 4.0 license. Page 14: Bear watching man on ladder painting, by Ajanta Guhathakurta\u00a9 Room to Read, 2015. Some rights reserved. Released under CC BY 4.0 license. Page 15: Bear happy and dancing, by Ajanta Guhathakurta\u00a9 Room to Read, 2015. Some rights reserved. Released under CC BY 4.0 license. Page 16: Bear happy and playing with bee, by Ajanta Guhathakurta\u00a9 Room to Read, 2015. Some rights reserved. Released under CC BY 4.0 license. Page 17: Bear dancing and trips on stones, by Ajanta Guhathakurta\u00a9 Room to Read, 2015. Some rights reserved. Released under CC BY 4.0 license. Page 18: Bear falls into bucket of water, byAjanta Guhathakurta\u00a9 Room to Read, 2015. Some rights reserved. Released under CC BY 4.0 license.Page 19:Bear plays in water, byAjanta Guhathakurta\u00a9 Room to Read, 2015. Some rights reserved. Released under CC BY 4.0 license. Page 20: White bear standing in colours, by Ajanta Guhathakurta\u00a9 Room to Read, 2015. Some rights reserved. Released under CC BY 4.0 license. Disclaimer: https:\/\/www.storyweaver.org.in\/terms_and_conditions<\/p>\n"},"library":"H5P.AdvancedText 1.1","metadata":{"contentType":"Text","license":"CC BY","title":"Untitled Text","licenseVersion":"4.0"},"subContentId":"b064f6c0-dee2-4f27-804a-610aa79e32b4"},"useSeparator":"auto"},{"content":{"params":{"contentName":"Image","file":{"path":"images\/file-1dd8bab4fb44379a9e7e38ff1ec1a2e3.jpg","mime":"image\/jpeg","copyright":{"license":"CC BY","version":"4.0"},"width":88,"height":31},"alt":"\u06a9\u0631\u06d0\u067c\u06cc\u0648 \u06a9\u0627\u0645\u0646\u0632"},"library":"H5P.Image 1.1","metadata":{"contentType":"Image","license":"CC BY","licenseVersion":"4.0","source":"https:\/\/digitallibrary.io\/","title":"Untitled Image"},"subContentId":"d3a31d20-07b6-4c7b-97f4-6946906c1995"},"useSeparator":"auto"},{"content":{"params":{"text":"<p>\n Some rights reserved. This book is CC\u00ad-BY\u00ad-4.0 licensed. You can copy, modify, distribute and perform the work, even for commercial purposes, all without asking permission. For full terms of use and attribution, http:\/\/creativecommons.org\/licenses\/by\/4.0\/\n<\/p>"},"library":"H5P.AdvancedText 1.1","metadata":{"contentType":"Text","license":"CC BY","title":"Untitled Text","licenseVersion":"4.0"},"subContentId":"d455cff3-d35c-41eb-a30d-1ccfb8448a32"},"useSeparator":"auto"}]},"subContentId":"73881861-2d10-47bd-97cc-59a3f2a7a9fc","library":"H5P.Column 1.12","metadata":{"contentType":"Column","license":"CC BY","title":"\u062f\u0648\u0647 \u0648\u06cc\u0634\u062a\u0645 \u0645\u062e","licenseVersion":"4.0"}},{"params":{"content":[{"content":{"params":{"text":"<p>&nbsp;\u0631\u0646\u06ab\u0648\u0646\u0647 (\u067e\u069a\u062a\u0648)<\/p>\n\n<p>\u0633\u067e\u064a\u0646 \u06cc\u06cc\u0696 \u0644\u0647 \u0631\u0646\u06ab\u0648\u0646\u0648 \u0633\u0631\u0647 \u0689\u06d0\u0631\u0647 \u0645\u06cc\u0646\u0647 \u0644\u0631\u064a \u0627\u0648 \u0647\u0631\u06a9\u0644\u0647 \u0686\u06d0 \u0646\u0648\u064a \u0631\u0646\u06ab\u0648\u0646\u0647 \u0648\u0648\u06cc\u0646\u064a \u067e\u0631 \u0647\u063a\u0648\u06cc \u0645\u06cc\u06cc\u0646\u06d0\u0696\u064a. \u0631\u0627\u0681\u0626 \u0644\u0647 \u0647\u063a\u0647 \u0633\u0631\u0647 \u06cc\u0648 \u0681\u0627\u06cc \u062f \u0698\u06cc\u0693\u0648 \u0631\u063a\u0648\u0646\u0648 \u0646\u0693\u06cd \u0648\u067e\u0644\u067c\u0648.&nbsp;&nbsp;<\/p>\n\n<p>\u062f\u0627 \u062f \u0644\u0648\u0645\u0693\u06cd \u06a9\u0686\u06d0 \u06a9\u062a\u0627\u0628 \u062f\u06cc. \u062f \u0647\u063a\u0648 \u0645\u0627\u0634\u0648\u0645\u0627\u0646\u0648 \u0644\u067e\u0627\u0631\u0647 \u062f\u06cc \u0686\u06d0 \u0644\u06d0\u0648\u0627\u0644 \u062f\u064a \u0644\u0648\u0633\u062a\u0644 \u067e\u06cc\u0644 \u06a9\u0693\u064a.&nbsp;<\/p>\n"},"library":"H5P.AdvancedText 1.1","metadata":{"contentType":"Text","license":"CC BY","title":"Untitled Text","licenseVersion":"4.0"},"subContentId":"0c55d9f5-4912-420f-b222-b3ff1fa683de"},"useSeparator":"auto"},{"content":{"params":{"contentName":"Image","file":{"path":"images\/file-1ce0e999d2f96c6d254c2de8d763318a.jpg","mime":"image\/jpeg","copyright":{"license":"CC BY","version":"4.0"},"width":1024,"height":209},"alt":"\u067e\u0647 \u062f\u06d0 \u0627\u0646\u0681\u0648\u0631 \u06a9\u06d0 \u062f \u00ab\u0633\u067c\u0648\u0631\u064a \u0648\u06cc\u0648\u0631\u00bb \u0644\u0648\u06ab\u0648 \u06ab\u0648\u0631\u0626"},"library":"H5P.Image 1.1","metadata":{"contentType":"Image","license":"CC BY","licenseVersion":"4.0","source":"https:\/\/digitallibrary.io\/","title":"Untitled Image"},"subContentId":"fd43fa12-c3a2-4f95-9b20-41cb1c6c0273"},"useSeparator":"auto"},{"content":{"params":{"text":"<p>Pratham Books goes digital to weave a whole new chapter in the realm of multilingual children's stories. Knitting together children, authors, illustrators and publishers. Folding in teachers, and translators. To create a rich fabric of openly licensed multilingual stories for the children of India and the world. Our unique online platform, StoryWeaver, is a playground where children, parents, teachers and librarians can get creative. Come, start weaving today, and help us get a book in every child's hand!<\/p>\n"},"library":"H5P.AdvancedText 1.1","metadata":{"contentType":"Text","license":"CC BY","title":"Untitled Text","licenseVersion":"4.0"},"subContentId":"edf850fe-8639-4069-bf50-69323f74954f"},"useSeparator":"auto"}]},"subContentId":"d2e73de3-3e92-467b-9e39-b979fa80c119","library":"H5P.Column 1.12","metadata":{"contentType":"Column","license":"CC BY","title":"\u062f\u0631\u0648\u06d0\u0634\u062a\u0645 \u0645\u062e","licenseVersion":"4.0"}}],"behaviour":{"defaultTableOfContents":false,"progressIndicators":true,"progressAuto":true,"displaySummary":true},"read":"Read","displayTOC":"Display &#039;Table of contents&#039;","hideTOC":"Hide &#039;Table of contents&#039;","nextPage":"Next page","previousPage":"Previous page","chapterCompleted":"Page completed!","partCompleted":"@pages of @total completed","incompleteChapter":"Incomplete page","navigateToTop":"Navigate to the top","markAsFinished":"I have finished this page","fullscreen":"Fullscreen","exitFullscreen":"Exit fullscreen","bookProgressSubtext":"@count of @total pages","interactionsProgressSubtext":"@count of @total interactions","submitReport":"Submit Report","restartLabel":"Restart","summaryHeader":"Summary","allInteractions":"All interactions","unansweredInteractions":"Unanswered interactions","scoreText":"@score \/ @maxscore","leftOutOfTotalCompleted":"@left of @max interactions completed","noInteractions":"No interactions","score":"Score","summaryAndSubmit":"Summary &amp; submit","noChapterInteractionBoldText":"You have not interacted with any pages.","noChapterInteractionText":"You have to interact with at least one page before you can see the summary.","yourAnswersAreSubmittedForReview":"Your answers are submitted for review!","bookProgress":"Book progress","interactionsProgress":"Interactions progress","totalScoreLabel":"Total score","a11y":{"progress":"Page @page of @total.","menu":"Toggle navigation menu"},"bookCover":{"coverDescription":"<p>&nbsp;\u0633\u067e\u064a\u0646 \u06cc\u06cc\u0696 \u0644\u0647 \u0631\u0646\u06ab\u0648\u0646\u0648 \u0633\u0631\u0647 \u0689\u06d0\u0631\u0647 \u0645\u06cc\u0646\u0647 \u0644\u0631\u064a \u0627\u0648 \u0647\u0631\u06a9\u0644\u0647 \u0686\u06d0 \u0646\u0648\u064a \u0631\u0646\u06ab\u0648\u0646\u0647 \u0648\u0648\u06cc\u0646\u064a \u067e\u0631 \u0647\u063a\u0648\u06cc \u0645\u06cc\u06cc\u0646\u06d0\u0696\u064a. \u0631\u0627\u0681\u0626 \u0644\u0647 \u0647\u063a\u0647 \u0633\u0631\u0647 \u06cc\u0648 \u0681\u0627\u06cc \u062f \u0698\u06cc\u0693\u0648 \u0631\u063a\u0648\u0646\u0648 \u0646\u0693\u06cd \u0648\u067e\u0644\u067c\u0648.&nbsp;&nbsp;<\/p>\n","coverImage":{"path":"images\/coverImage.jpg","mime":"image\/jpeg","copyright":{"license":"CC BY","version":"4.0"},"width":959,"height":459},"publisher":"\u0631\u0648\u0645 \u067c\u0648 \u0631\u06cc\u0689","contributors":[{"name":"\u0639\u0644\u064a \u0634\u0627\u0647 \u0628\u0631\u062c\u0631","type":"\u0644\u06cc\u06a9\u0648\u0627\u0644\u0647"},{"name":"\u0627\u062c\u0627\u0646\u062a\u0627 \u06ab\u0648\u0647\u0627\u062a\u0627\u06a9\u0648\u0631\u062a\u0627","type":"\u0627\u0646\u0681\u0648\u0631\u06ab\u0631\u0647"},{"type":"\u0698\u0628\u0627\u0693\u0647","name":"\u062f\u0631\u062e\u062a \u062f\u0627\u0646\u0634 \u06a9\u062a\u0627\u0628\u062a\u0648\u0646"},{"type":"\u0698\u0628\u0627\u0693\u0647","name":"\u0634\u06d0\u0631\u062e\u0627\u0646 \u0634\u0647\u06cc\u0631"}],"coverAltText":"\u0631\u0646\u06ab\u0647 \u0634\u0627\u067e\u0631\u06a9\u0648\u0646\u0647 \u062a\u0631 \u0633\u067e\u06cc\u0646 \u06cc\u06cc\u0696 \u062a\u0627\u0648 \u062f\u064a."},"isRTL":true,"publisherLabel":"Publisher"}