{"presentation":{"slides":[{"elements":[{"x":31.590413943355,"y":0,"width":33.769063180828,"height":59.94698042321,"action":{"library":"H5P.Image 1.1","params":{"contentName":"Image","file":{"path":"images\/file-618eec172dba8.jpg","mime":"image\/jpeg","copyright":{"license":"U"},"width":273,"height":273}},"subContentId":"3cf34d7e-b046-45e2-a35f-e748b079a1ab","metadata":{"contentType":"Image","license":"U","title":"Untitled Image"}},"backgroundOpacity":0,"willDoAnimation":false,"animationType":"glow","displayAsButton":false,"buttonSize":"big","goToSlideType":"specified","invisible":false},{"x":24.23469387755102,"y":62.34836272040302,"width":53.316326530612244,"height":15.113350125944583,"action":{"library":"H5P.CRAdvancedText 1.1","params":{"text":"<h2 style=\"text-align: center;\"><span style=\"font-size:2.25em;\">Emikwano<\/span><\/h2>\n"},"subContentId":"02072a1d-971b-4c03-b488-6f58032a6323","metadata":{"contentType":"Text","license":"U","title":"Untitled Text"}},"alwaysDisplayComments":false,"backgroundOpacity":0,"willDoAnimation":false,"animationType":"glow","displayAsButton":false,"buttonSize":"big","goToSlideType":"specified","invisible":false,"solution":""}],"slideBackgroundSelector":{}},{"slideBackgroundSelector":{},"elements":[{"x":29.956427015251,"y":6.0249519079732,"width":39.998692810458,"height":63.692348741431,"action":{"library":"H5P.Image 1.1","params":{"contentName":"Image","file":{"path":"images\/file-618eefbd78740.jpg","mime":"image\/jpeg","copyright":{"license":"U"},"width":273,"height":273}},"subContentId":"b3bc7de6-aa5a-4c41-8a52-929eaeba6770","metadata":{"contentType":"Image","license":"U","title":"Untitled Image"}},"backgroundOpacity":0,"willDoAnimation":false,"animationType":"glow","displayAsButton":false,"buttonSize":"big","goToSlideType":"specified","invisible":false},{"x":15.306122448979592,"y":75.56675062972292,"width":67.7295918367347,"height":16.120906801007557,"action":{"library":"H5P.CRAdvancedText 1.1","params":{"text":"<p dir=\"ltr\" style=\"text-align: center;\"><span style=\"color:#ffffff;\"><span style=\"font-size:2.25em;\">Erinnya lyange nze Simo.<\/span><\/span><\/p>\n"},"subContentId":"66ad11c1-9362-4aba-8747-aa722a3e941d","metadata":{"contentType":"Text","license":"U","title":"Untitled Text"}},"alwaysDisplayComments":false,"backgroundOpacity":0,"willDoAnimation":false,"animationType":"glow","displayAsButton":false,"buttonSize":"big","goToSlideType":"specified","invisible":false,"solution":""},{"x":47.00255102040816,"y":43.95465994962216,"width":40,"height":40,"action":{"library":"H5P.CRAudio 1.4","params":{"fitToWrapper":true,"currIndex":1,"playerMode":"minimalistic","controls":true,"autoplay":true,"playAudio":"Play audio","pauseAudio":"Pause audio","contentName":"Audio","glowColor":"#ffd85a","timeStampForEachText":[{"text":" Erinnya ","startDuration":"0.0000","endDuration":"0.4123","wordfile":[{"path":"audios\/wordfile-65cbd19e40762.mp3","mime":"audio\/mpeg","copyright":{"license":"U"}}]},{"text":" lyange ","startDuration":"0.4133","endDuration":"0.8586","wordfile":[{"path":"audios\/wordfile-65cbd1b434759.mp3","mime":"audio\/mpeg","copyright":{"license":"U"}}]},{"text":" nze ","startDuration":"0.8596","endDuration":"1.0596","wordfile":[{"path":"audios\/wordfile-65cbd1d08cef7.mp3","mime":"audio\/mpeg","copyright":{"license":"U"}}]},{"text":" Simo. ","startDuration":"1.0606","endDuration":"1.7394","wordfile":[{"path":"audios\/wordfile-65cbd1ed2df7c.mp3","mime":"audio\/mpeg","copyright":{"license":"U"}}]}],"files":[{"path":"audios\/files-65cbd11a75251.mp3","mime":"audio\/mpeg","copyright":{"license":"U"}}]},"subContentId":"cfd6d609-5f3d-4e3b-97fe-5d6eb399521c","metadata":{"contentType":"Curious Reader Audio","license":"U","title":"Untitled Curious Reader Audio"}},"backgroundOpacity":0,"willDoAnimation":false,"animationType":"glow","displayAsButton":false,"buttonSize":"big","goToSlideType":"specified","invisible":false},{"x":39.54081632653062,"y":10.059823677581864,"width":17.474489795918366,"height":57.178841309823675,"action":{"library":"H5P.Image 1.1","params":{"contentName":"Image"},"subContentId":"227c12ca-df86-454e-b5ce-c8e1e8a6c9d1","metadata":{"contentType":"Image","license":"U","title":"Untitled Image"}},"backgroundOpacity":0,"willDoAnimation":true,"animationType":"glow","displayAsButton":false,"buttonSize":"big","goToSlideType":"specified","invisible":false,"id":"imgcfd6d609-5f3d-4e3b-97fe-5d6eb399521c_3"}]},{"elements":[{"x":29.95561224489796,"y":6.019748110831234,"width":40.05102040816327,"height":73.04785894206549,"action":{"library":"H5P.Image 1.1","params":{"contentName":"Image","file":{"path":"images\/file-618eaa5be44fc.jpg","mime":"image\/jpeg","copyright":{"license":"U"},"width":273,"height":273},"alt":"Nginabangane abane.","title":"Nginabangane abane."},"subContentId":"ae66385b-0d27-4457-be23-9484bf4339ff","metadata":{"contentType":"Image","license":"U","title":"Untitled Image"}},"backgroundOpacity":0,"willDoAnimation":false,"animationType":"glow","displayAsButton":false,"buttonSize":"big","goToSlideType":"specified","invisible":false},{"x":10.204081632653061,"y":78.0639798488665,"width":72.70408163265306,"height":17.632241813602015,"action":{"library":"H5P.CRAdvancedText 1.1","params":{"text":"<p dir=\"ltr\" style=\"text-align: center;\"><span style=\"color:#ffffff;\"><span style=\"font-size:2.25em;\">Nina emikwano ena.<\/span><\/span><\/p>\n"},"subContentId":"57938d29-84fc-44ea-9e87-80ef0111d353","metadata":{"contentType":"Text","license":"U","title":"Untitled Text"}},"alwaysDisplayComments":false,"backgroundOpacity":0,"willDoAnimation":false,"animationType":"glow","displayAsButton":false,"buttonSize":"big","goToSlideType":"specified","invisible":false,"solution":""},{"x":47.00255102040816,"y":43.95465994962216,"width":40,"height":40,"action":{"library":"H5P.CRAudio 1.4","params":{"fitToWrapper":true,"currIndex":2,"playerMode":"minimalistic","controls":true,"autoplay":true,"playAudio":"Play audio","pauseAudio":"Pause audio","contentName":"Audio","glowColor":"#ffd85a","timeStampForEachText":[{"text":" Nina ","startDuration":"0.0000","endDuration":"0.4939","wordfile":[{"path":"audios\/wordfile-65cbd36584b26.wav","mime":"audio\/x-wav","copyright":{"license":"U"}}]},{"text":" emikwano ","startDuration":"0.4949","endDuration":"0.9909","wordfile":[{"path":"audios\/wordfile-65cbd38382362.mp3","mime":"audio\/mpeg","copyright":{"license":"U"}}]},{"text":" ena. ","startDuration":"0.9919","endDuration":"1.4794","wordfile":[{"path":"audios\/wordfile-65cbd39c7e1db.mp3","mime":"audio\/mpeg","copyright":{"license":"U"}}]}],"files":[{"path":"audios\/files-65cbd20e8346e.mp3","mime":"audio\/mpeg","copyright":{"license":"U"}}]},"subContentId":"8d010181-e8c0-4a06-9a32-3c712eb7bb4b","metadata":{"contentType":"Curious Reader Audio","license":"U","title":"Untitled Curious Reader Audio"}},"backgroundOpacity":0,"willDoAnimation":false,"animationType":"glow","displayAsButton":false,"buttonSize":"big","goToSlideType":"specified","invisible":false},{"x":28.061224489795915,"y":10.059823677581864,"width":21.301020408163264,"height":59.697732997481104,"action":{"library":"H5P.Image 1.1","params":{"contentName":"Image"},"subContentId":"50a87555-a4b3-4867-8301-30aee49b0909","metadata":{"contentType":"Image","license":"U","title":"Untitled Image"}},"backgroundOpacity":0,"willDoAnimation":true,"animationType":"glow","displayAsButton":false,"buttonSize":"big","goToSlideType":"specified","invisible":false,"id":"img8d010181-e8c0-4a06-9a32-3c712eb7bb4b_1"},{"x":53.57142857142857,"y":15.101536523929472,"width":21.301020408163264,"height":59.697732997481104,"action":{"library":"H5P.Image 1.1","params":{"contentName":"Image"},"subContentId":"4ac79329-71fa-406d-969d-b00e9a603484","metadata":{"contentType":"Image","license":"U","title":"Untitled Image"}},"backgroundOpacity":0,"willDoAnimation":true,"animationType":"glow","displayAsButton":false,"buttonSize":"big","goToSlideType":"specified","invisible":false,"id":"img8d010181-e8c0-4a06-9a32-3c712eb7bb4b_1"},{"x":28.061224489795915,"y":10.059823677581864,"width":21.301020408163264,"height":62.216624685138534,"action":{"library":"H5P.Image 1.1","params":{"contentName":"Image"},"subContentId":"1fe20f8c-5e19-4cfe-b279-c46dad73b75f","metadata":{"contentType":"Image","license":"U","title":"Untitled Image"}},"backgroundOpacity":0,"willDoAnimation":true,"animationType":"glow","displayAsButton":false,"buttonSize":"big","goToSlideType":"specified","invisible":false,"id":"img8d010181-e8c0-4a06-9a32-3c712eb7bb4b_2"},{"x":53.57142857142857,"y":15.10942065491184,"width":20.025510204081634,"height":59.697732997481104,"action":{"library":"H5P.Image 1.1","params":{"contentName":"Image"},"subContentId":"cff12c78-c763-4163-950d-f299a69ba300","metadata":{"contentType":"Image","license":"U","title":"Untitled Image"}},"backgroundOpacity":0,"willDoAnimation":true,"animationType":"glow","displayAsButton":false,"buttonSize":"big","goToSlideType":"specified","invisible":false,"id":"img8d010181-e8c0-4a06-9a32-3c712eb7bb4b_2"}],"slideBackgroundSelector":{}},{"elements":[{"x":46.84095860566449,"y":15.053763440860214,"width":39.998148148148,"height":70.107027346691,"action":{"library":"H5P.Image 1.1","params":{"contentName":"Image","file":{"path":"images\/file-618eaaf72c1e1.jpg","mime":"image\/jpeg","copyright":{"license":"U"},"width":273,"height":273},"alt":"Amagama abo nguZizo, Lele, Sisa kanye no-Ayanda.","title":"Amagama abo nguZizo, Lele, Sisa kanye no-Ayanda."},"subContentId":"452a3227-be2b-4299-a321-0e2a44729e66","metadata":{"contentType":"Image","license":"U","title":"Untitled Image"}},"backgroundOpacity":0,"willDoAnimation":false,"animationType":"glow","displayAsButton":false,"buttonSize":"big","goToSlideType":"specified","invisible":false},{"x":3.2679738562091503,"y":27.956989247311824,"width":40.30612244897959,"height":52.896725440806044,"action":{"library":"H5P.CRAdvancedText 1.1","params":{"text":"<p dir=\"ltr\" style=\"text-align: center;\"><span style=\"color:#ffffff;\"><span style=\"font-size:1.75em;\">Amannya gaabwe ge ga, Zizo, Lele, Sisa ne Ayanda.<\/span><\/span><\/p>\n"},"subContentId":"90b9ee88-704b-4089-94e8-b4c6f859df47","metadata":{"contentType":"Text","license":"U","title":"Untitled Text"}},"alwaysDisplayComments":false,"backgroundOpacity":0,"willDoAnimation":false,"animationType":"glow","displayAsButton":false,"buttonSize":"big","goToSlideType":"specified","invisible":false,"solution":""},{"x":47.00255102040816,"y":43.95465994962216,"width":40,"height":40,"action":{"library":"H5P.CRAudio 1.4","params":{"fitToWrapper":true,"currIndex":3,"playerMode":"minimalistic","controls":true,"autoplay":true,"playAudio":"Play audio","pauseAudio":"Pause audio","contentName":"Audio","glowColor":"#ffd85a","timeStampForEachText":[{"text":" Amannya ","startDuration":"0.0000","endDuration":"0.4867","wordfile":[{"path":"audios\/wordfile-65cbd555239d6.mp3","mime":"audio\/mpeg","copyright":{"license":"U"}}]},{"text":" gaabwe ","startDuration":"0.4877","endDuration":"0.8582","wordfile":[{"path":"audios\/wordfile-65cbd62508f53.mp3","mime":"audio\/mpeg","copyright":{"license":"U"}}]},{"text":" ge ","startDuration":"0.8592","endDuration":"1.0592","wordfile":[{"path":"audios\/wordfile-65cbd679513ba.wav","mime":"audio\/x-wav","copyright":{"license":"U"}}]},{"text":" ga, ","startDuration":"1.0602","endDuration":"1.2137","wordfile":[{"path":"audios\/wordfile-65cbd68c33bb3.wav","mime":"audio\/x-wav","copyright":{"license":"U"}}]},{"text":" Zizo, ","startDuration":"1.2147","endDuration":"2.1044","wordfile":[{"path":"audios\/wordfile-65cbd6a3330f1.mp3","mime":"audio\/mpeg","copyright":{"license":"U"}}]},{"text":" Lele, ","startDuration":"2.1054","endDuration":"3.3438","wordfile":[{"path":"audios\/wordfile-65cbd6ba71c88.mp3","mime":"audio\/mpeg","copyright":{"license":"U"}}]},{"text":" Sisa ","startDuration":"3.3448","endDuration":"4.4747","wordfile":[{"path":"audios\/wordfile-65cbd6c9ae6d4.mp3","mime":"audio\/mpeg","copyright":{"license":"U"}}]},{"text":" ne ","startDuration":"4.4757","endDuration":"4.9547","wordfile":[{"path":"audios\/wordfile-65cbd6df32186.mp3","mime":"audio\/mpeg","copyright":{"license":"U"}}]},{"text":" Ayanda. ","startDuration":"4.9557","endDuration":"5.7500","wordfile":[{"path":"audios\/wordfile-65cbd6f07233f.mp3","mime":"audio\/mpeg","copyright":{"license":"U"}}]}],"files":[{"path":"audios\/files-65cbd46163b4f.mp3","mime":"audio\/mpeg","copyright":{"license":"U"}}]},"subContentId":"3261869b-c041-4857-8c39-58688884b4ae","metadata":{"contentType":"Curious Reader Audio","license":"U","title":"Untitled Curious Reader Audio"}},"backgroundOpacity":0,"willDoAnimation":false,"animationType":"glow","displayAsButton":false,"buttonSize":"big","goToSlideType":"specified","invisible":false},{"x":45.91836734693878,"y":17.614534005037783,"width":12.372448979591837,"height":62.216624685138534,"action":{"library":"H5P.Image 1.1","params":{"contentName":"Image"},"subContentId":"d434cc2f-006a-41be-9480-f244289b1f89","metadata":{"contentType":"Image","license":"U","title":"Untitled Image"}},"backgroundOpacity":0,"willDoAnimation":true,"animationType":"glow","displayAsButton":false,"buttonSize":"big","goToSlideType":"specified","invisible":false,"id":"img3261869b-c041-4857-8c39-58688884b4ae_4"},{"x":54.8469387755102,"y":22.646397984886647,"width":11.096938775510205,"height":59.697732997481104,"action":{"library":"H5P.Image 1.1","params":{"contentName":"Image"},"subContentId":"26339fc5-3fcf-4999-b24b-325b51b475d5","metadata":{"contentType":"Image","license":"U","title":"Untitled Image"}},"backgroundOpacity":0,"willDoAnimation":true,"animationType":"glow","displayAsButton":false,"buttonSize":"big","goToSlideType":"specified","invisible":false,"id":"img3261869b-c041-4857-8c39-58688884b4ae_5"},{"x":77.8061224489796,"y":22.652317380352642,"width":13.26530612244898,"height":57.178841309823675,"action":{"library":"H5P.Image 1.1","params":{"contentName":"Image"},"subContentId":"ae240dff-bcc1-42e2-96e5-d7fb53c60207","metadata":{"contentType":"Image","license":"U","title":"Untitled Image"}},"backgroundOpacity":0,"willDoAnimation":true,"animationType":"glow","displayAsButton":false,"buttonSize":"big","goToSlideType":"specified","invisible":false,"id":"img3261869b-c041-4857-8c39-58688884b4ae_6"},{"x":71.42857142857143,"y":25.15743073047859,"width":9.821428571428571,"height":52.141057934508815,"action":{"library":"H5P.Image 1.1","params":{"contentName":"Image"},"subContentId":"b60114b0-b82f-484b-8f41-6b14e41eb6ea","metadata":{"contentType":"Image","license":"U","title":"Untitled Image"}},"backgroundOpacity":0,"willDoAnimation":true,"animationType":"glow","displayAsButton":false,"buttonSize":"big","goToSlideType":"specified","invisible":false,"id":"img3261869b-c041-4857-8c39-58688884b4ae_8"}],"slideBackgroundSelector":{}},{"elements":[{"x":4.6296296296296,"y":12.193374729841,"width":41.666666666667,"height":73.160248379043,"action":{"library":"H5P.Image 1.1","params":{"contentName":"Image","alt":"Umngani wami uZizo uthanda ukudlala ibhola.","file":{"path":"images\/file-618ead11f0668.jpg","mime":"image\/jpeg","copyright":{"license":"U"},"width":273,"height":273},"title":"Umngani wami uZizo uthanda ukudlala ibhola."},"subContentId":"6393f6bc-06c5-422b-b91a-1b61280a82f6","metadata":{"contentType":"Image","license":"U","title":"Untitled Image"}},"backgroundOpacity":0,"willDoAnimation":false,"animationType":"glow","displayAsButton":false,"buttonSize":"big","goToSlideType":"specified","invisible":false},{"x":49.744897959183675,"y":20.14523929471033,"width":43.62244897959184,"height":63.47607052896725,"action":{"library":"H5P.CRAdvancedText 1.1","params":{"text":"<p dir=\"ltr\" style=\"text-align: center;\"><span style=\"color:#ffffff;\"><span style=\"font-size:2.25em;\">Mukwano gwange Zizo ayagala okuzannya omupiira.<\/span><\/span><\/p>\n"},"subContentId":"f5e3c72c-0ff5-4ef5-82f5-10340deebea8","metadata":{"contentType":"Text","license":"U","title":"Untitled Text"}},"alwaysDisplayComments":false,"backgroundOpacity":0,"willDoAnimation":false,"animationType":"glow","displayAsButton":false,"buttonSize":"big","goToSlideType":"specified","invisible":false,"solution":""},{"x":47.00255102040816,"y":43.95465994962216,"width":40,"height":40,"action":{"library":"H5P.CRAudio 1.4","params":{"fitToWrapper":true,"currIndex":4,"playerMode":"minimalistic","controls":true,"autoplay":true,"playAudio":"Play audio","pauseAudio":"Pause audio","contentName":"Audio","glowColor":"#ffd85a","timeStampForEachText":[{"text":" Mukwano ","startDuration":"0.0000","endDuration":"0.4250","wordfile":[{"path":"audios\/wordfile-65cbd73c46184.mp3","mime":"audio\/mpeg","copyright":{"license":"U"}}]},{"text":" gwange ","startDuration":"0.4260","endDuration":"0.7824","wordfile":[{"path":"audios\/wordfile-65cbd77169921.mp3","mime":"audio\/mpeg","copyright":{"license":"U"}}]},{"text":" Zizo ","startDuration":"0.7834","endDuration":"1.0597","wordfile":[{"path":"audios\/wordfile-65cbd782c4aac.mp3","mime":"audio\/mpeg","copyright":{"license":"U"}}]},{"text":" ayagala ","startDuration":"1.0607","endDuration":"1.4247","wordfile":[{"path":"audios\/wordfile-65cbd79f0b9a7.mp3","mime":"audio\/mpeg","copyright":{"license":"U"}}]},{"text":" okuzannya ","startDuration":"1.4257","endDuration":"2.0071","wordfile":[{"path":"audios\/wordfile-65cbd7d1a4fdf.mp3","mime":"audio\/mpeg","copyright":{"license":"U"}}]},{"text":" omupiira. ","startDuration":"2.0081","endDuration":"2.8300","wordfile":[{"path":"audios\/wordfile-65cbd7edbbb85.mp3","mime":"audio\/mpeg","copyright":{"license":"U"}}]}],"files":[{"path":"audios\/files-65cbd71cac7eb.mp3","mime":"audio\/mpeg","copyright":{"license":"U"}}]},"subContentId":"9bbc748a-0eaa-4702-bde2-8d7559e01627","metadata":{"contentType":"Curious Reader Audio","license":"U","title":"Untitled Curious Reader Audio"}},"backgroundOpacity":0,"willDoAnimation":false,"animationType":"glow","displayAsButton":false,"buttonSize":"big","goToSlideType":"specified","invisible":false},{"x":15.306122448979592,"y":12.582644836272038,"width":17.474489795918366,"height":64.73551637279597,"action":{"library":"H5P.Image 1.1","params":{"contentName":"Image"},"subContentId":"596f2dd8-6580-4f1a-b106-a46cd77f993f","metadata":{"contentType":"Image","license":"U","title":"Untitled Image"}},"backgroundOpacity":0,"willDoAnimation":true,"animationType":"glow","displayAsButton":false,"buttonSize":"big","goToSlideType":"specified","invisible":false,"id":"img9bbc748a-0eaa-4702-bde2-8d7559e01627_2"},{"x":26.785714285714285,"y":60.42191435768262,"width":11.096938775510205,"height":19.395465994962215,"action":{"library":"H5P.Image 1.1","params":{"contentName":"Image"},"subContentId":"7f844d60-f635-48cf-8def-7cd7e4d09051","metadata":{"contentType":"Image","license":"U","title":"Untitled Image"}},"backgroundOpacity":0,"willDoAnimation":true,"animationType":"glow","displayAsButton":false,"buttonSize":"big","goToSlideType":"specified","invisible":false,"id":"img9bbc748a-0eaa-4702-bde2-8d7559e01627_5"}],"slideBackgroundSelector":{}},{"elements":[{"x":3.826530612244898,"y":32.7455919395466,"width":45.79081632653061,"height":42.82115869017632,"action":{"library":"H5P.CRAdvancedText 1.1","params":{"text":"<p dir=\"ltr\" style=\"text-align: center;\"><span style=\"color:#ffffff;\"><span style=\"font-size:2.25em;\">Mukwano gwange Lele ayagala okuwuga.<\/span><\/span><\/p>\n"},"subContentId":"76183659-b7f0-413b-b61c-7c61946a9942","metadata":{"contentType":"Text","license":"U","title":"Untitled Text"}},"alwaysDisplayComments":false,"backgroundOpacity":0,"willDoAnimation":false,"animationType":"glow","displayAsButton":false,"buttonSize":"big","goToSlideType":"specified","invisible":false,"solution":""},{"x":49.76851851851851,"y":13.698630136986301,"width":39.998148148148,"height":70.102454831167,"action":{"library":"H5P.Image 1.1","params":{"contentName":"Image","file":{"path":"images\/file-618eb063ee94e.jpg","mime":"image\/jpeg","copyright":{"license":"U"},"width":273,"height":273},"alt":"Umngane wami uLele uthanda ukubhukuda.","title":"Umngane wami uLele uthanda ukubhukuda."},"subContentId":"0dc3e4cb-95ea-49b2-b066-22ceb74a7599","metadata":{"contentType":"Image","license":"U","title":"Untitled Image"}},"backgroundOpacity":0,"willDoAnimation":false,"animationType":"glow","displayAsButton":false,"buttonSize":"big","goToSlideType":"specified","invisible":false},{"x":47.00255102040816,"y":43.95465994962216,"width":40,"height":40,"action":{"library":"H5P.CRAudio 1.4","params":{"fitToWrapper":true,"currIndex":5,"playerMode":"minimalistic","controls":true,"autoplay":true,"playAudio":"Play audio","pauseAudio":"Pause audio","contentName":"Audio","glowColor":"#ffd85a","timeStampForEachText":[{"text":" Mukwano ","startDuration":"0.0000","endDuration":"0.3570","wordfile":[{"path":"audios\/wordfile-65cbd840eadc8.mp3","mime":"audio\/mpeg","copyright":{"license":"U"}}]},{"text":" gwange ","startDuration":"0.3580","endDuration":"0.6805","wordfile":[{"path":"audios\/wordfile-65cbd8537cf98.mp3","mime":"audio\/mpeg","copyright":{"license":"U"}}]},{"text":" Lele ","startDuration":"0.6815","endDuration":"1.0573","wordfile":[{"path":"audios\/wordfile-65cbd8679a0d0.mp3","mime":"audio\/mpeg","copyright":{"license":"U"}}]},{"text":" ayagala ","startDuration":"1.0583","endDuration":"1.6508","wordfile":[{"path":"audios\/wordfile-65cbd87cc7de8.mp3","mime":"audio\/mpeg","copyright":{"license":"U"}}]},{"text":" okuwuga. ","startDuration":"1.6518","endDuration":"2.3300","wordfile":[{"path":"audios\/wordfile-65cbd89606daf.mp3","mime":"audio\/mpeg","copyright":{"license":"U"}}]}],"files":[{"path":"audios\/files-65cbd8211131c.mp3","mime":"audio\/mpeg","copyright":{"license":"U"}}]},"subContentId":"1f2b5ed5-19c7-4b1d-af0e-af53b17c9878","metadata":{"contentType":"Curious Reader Audio","license":"U","title":"Untitled Curious Reader Audio"}},"backgroundOpacity":0,"willDoAnimation":false,"animationType":"glow","displayAsButton":false,"buttonSize":"big","goToSlideType":"specified","invisible":false},{"x":53.57142857142857,"y":45.30453400503778,"width":22.5765306122449,"height":19.395465994962215,"action":{"library":"H5P.Image 1.1","params":{"contentName":"Image"},"subContentId":"8634ddc6-50d4-4483-871d-3d354b987322","metadata":{"contentType":"Image","license":"U","title":"Untitled Image"}},"backgroundOpacity":0,"willDoAnimation":true,"animationType":"glow","displayAsButton":false,"buttonSize":"big","goToSlideType":"specified","invisible":false,"id":"img1f2b5ed5-19c7-4b1d-af0e-af53b17c9878_2"},{"x":53.57142857142857,"y":42.78564231738036,"width":22.5765306122449,"height":22.41813602015113,"action":{"library":"H5P.Image 1.1","params":{"contentName":"Image"},"subContentId":"9243a876-98a9-4971-a161-5ff0960b4a75","metadata":{"contentType":"Image","license":"U","title":"Untitled Image"}},"backgroundOpacity":0,"willDoAnimation":true,"animationType":"glow","displayAsButton":false,"buttonSize":"big","goToSlideType":"specified","invisible":false,"id":"img1f2b5ed5-19c7-4b1d-af0e-af53b17c9878_4"}],"slideBackgroundSelector":{}},{"elements":[{"x":51.19825708061002,"y":15.053763440860214,"width":40.305010893246,"height":73.926590264538,"action":{"library":"H5P.Image 1.1","params":{"contentName":"Image","file":{"path":"images\/file-618ecc59ee8f9.jpg","mime":"image\/jpeg","copyright":{"license":"U"},"width":273,"height":273},"alt":"Umngane wami uSisa uthanda ukudlala umacashelana.","title":"Umngane wami uSisa uthanda ukudlala umacashelana."},"subContentId":"75c3c2b5-0b21-46f1-ad99-984d6ab526ad","metadata":{"contentType":"Image","license":"U","title":"Untitled Image"}},"backgroundOpacity":0,"willDoAnimation":false,"animationType":"glow","displayAsButton":false,"buttonSize":"big","goToSlideType":"specified","invisible":false},{"x":5.1020408163265305,"y":42.82115869017632,"width":43.57298474945534,"height":43.44086021505376,"action":{"library":"H5P.CRAdvancedText 1.1","params":{"text":"<p dir=\"ltr\" style=\"text-align: center;\"><span style=\"color:#ffffff;\"><span style=\"font-size:1.75em;\">Mukwano gwange Sisa ayagala okuzannya jjangu onkwekule.<\/span><\/span><\/p>\n"},"subContentId":"c8ff22ff-1768-44a3-a0ed-b3d522587cef","metadata":{"contentType":"Text","license":"U","title":"Untitled Text"}},"alwaysDisplayComments":false,"backgroundOpacity":0,"willDoAnimation":false,"animationType":"glow","displayAsButton":false,"buttonSize":"big","goToSlideType":"specified","invisible":false,"solution":""},{"x":47.00255102040816,"y":43.95465994962216,"width":40,"height":40,"action":{"library":"H5P.CRAudio 1.4","params":{"fitToWrapper":true,"currIndex":6,"playerMode":"minimalistic","controls":true,"autoplay":true,"playAudio":"Play audio","pauseAudio":"Pause audio","contentName":"Audio","glowColor":"#ffd85a","timeStampForEachText":[{"text":" Mukwano ","startDuration":"0.0000","endDuration":"0.4055","wordfile":[{"path":"audios\/wordfile-65cbe761d08b7.mp3","mime":"audio\/mpeg","copyright":{"license":"U"}}]},{"text":" gwange ","startDuration":"0.4065","endDuration":"0.8226","wordfile":[{"path":"audios\/wordfile-65cbe77c13cdf.mp3","mime":"audio\/mpeg","copyright":{"license":"U"}}]},{"text":" Sisa ","startDuration":"0.8236","endDuration":"1.4452","wordfile":[{"path":"audios\/wordfile-65cbe7932fb1e.mp3","mime":"audio\/mpeg","copyright":{"license":"U"}}]},{"text":" ayagala ","startDuration":"1.4462","endDuration":"2.1363","wordfile":[{"path":"audios\/wordfile-65cbe7a7c2a73.mp3","mime":"audio\/mpeg","copyright":{"license":"U"}}]},{"text":" okuzannya ","startDuration":"2.1363","endDuration":"2.7324","wordfile":[{"path":"audios\/wordfile-65cbe7d4735ff.mp3","mime":"audio\/mpeg","copyright":{"license":"U"}}]},{"text":" jjangu ","startDuration":"2.7334","endDuration":"3.1758","wordfile":[{"path":"audios\/wordfile-65cbe7ed81868.mp3","mime":"audio\/mpeg","copyright":{"license":"U"}}]},{"text":" onkwekule. ","startDuration":"3.1768","endDuration":"3.9100","wordfile":[{"path":"audios\/wordfile-65cbe806f2734.mp3","mime":"audio\/mpeg","copyright":{"license":"U"}}]}],"files":[{"path":"audios\/files-65cbe742decd1.mp3","mime":"audio\/mpeg","copyright":{"license":"U"}}]},"subContentId":"e4322840-fc92-42a8-82c9-0270588ae805","metadata":{"contentType":"Curious Reader Audio","license":"U","title":"Untitled Curious Reader Audio"}},"backgroundOpacity":0,"willDoAnimation":false,"animationType":"glow","displayAsButton":false,"buttonSize":"big","goToSlideType":"specified","invisible":false},{"x":52.29591836734694,"y":37.78337531486146,"width":17.091836734693878,"height":40.050377833753146,"action":{"library":"H5P.Image 1.1","params":{"contentName":"Image"},"subContentId":"f2c30e7c-1ba9-473c-9cea-3f10b91c86bc","metadata":{"contentType":"Image","license":"U","title":"Untitled Image"}},"backgroundOpacity":0,"willDoAnimation":true,"animationType":"glow","displayAsButton":false,"buttonSize":"big","goToSlideType":"specified","invisible":false,"id":"imge4322840-fc92-42a8-82c9-0270588ae805_2"}],"slideBackgroundSelector":{}},{"elements":[{"x":2.178649237472767,"y":42.98559139784947,"width":44.66230936819172,"height":49.46236559139785,"action":{"library":"H5P.CRAdvancedText 1.1","params":{"text":"<p dir=\"ltr\" style=\"text-align: center;\"><span style=\"font-size:2.25em;\"><span style=\"color:#ffffff;\">&nbsp;Mukwano gwange Ayanda ayagala okusoma.<\/span><\/span><\/p>\n"},"subContentId":"5fa5cf7b-843e-440c-9615-1ee916184210","metadata":{"contentType":"Text","license":"U","title":"Untitled Text"}},"alwaysDisplayComments":false,"backgroundOpacity":0,"willDoAnimation":false,"animationType":"glow","displayAsButton":false,"buttonSize":"big","goToSlideType":"specified","invisible":false,"solution":""},{"x":49.76851851851851,"y":15.981735159817353,"width":39.998148148148,"height":67.063561014123,"action":{"library":"H5P.Image 1.1","params":{"contentName":"Image","file":{"path":"images\/file-618eb37e56dd2.jpg","mime":"image\/jpeg","copyright":{"license":"U"},"width":273,"height":273},"alt":"Umngane wami u-Ayanda uthanda ukufunda.","title":"Umngane wami u-Ayanda uthanda ukufunda."},"subContentId":"0b6f4751-67d7-4169-9bde-23e430c7c5f5","metadata":{"contentType":"Image","license":"U","title":"Untitled Image"}},"backgroundOpacity":0,"willDoAnimation":false,"animationType":"glow","displayAsButton":false,"buttonSize":"big","goToSlideType":"specified","invisible":false},{"x":47.00255102040816,"y":43.95465994962216,"width":40,"height":40,"action":{"library":"H5P.CRAudio 1.4","params":{"fitToWrapper":true,"currIndex":7,"playerMode":"minimalistic","controls":true,"autoplay":true,"playAudio":"Play audio","pauseAudio":"Pause audio","contentName":"Audio","glowColor":"#ffd85a","timeStampForEachText":[{"text":" \u00a0Mukwano ","startDuration":"0.0000","endDuration":"0.5560","wordfile":[{"path":"audios\/wordfile-65cbe845bde41.mp3","mime":"audio\/mpeg","copyright":{"license":"U"}}]},{"text":" gwange ","startDuration":"0.5570","endDuration":"0.8680","wordfile":[{"path":"audios\/wordfile-65cbe85c5be7c.mp3","mime":"audio\/mpeg","copyright":{"license":"U"}}]},{"text":" Ayanda ","startDuration":"0.8690","endDuration":"1.6546","wordfile":[{"path":"audios\/wordfile-65cbe872b90d2.mp3","mime":"audio\/mpeg","copyright":{"license":"U"}}]},{"text":" ayagala ","startDuration":"1.6556","endDuration":"2.2307","wordfile":[{"path":"audios\/wordfile-65cbe882e63d3.mp3","mime":"audio\/mpeg","copyright":{"license":"U"}}]},{"text":" okusoma. ","startDuration":"2.2317","endDuration":"2.8400","wordfile":[{"path":"audios\/wordfile-65cbe897885f6.mp3","mime":"audio\/mpeg","copyright":{"license":"U"}}]}],"files":[{"path":"audios\/files-65cbe82b2f836.mp3","mime":"audio\/mpeg","copyright":{"license":"U"}}]},"subContentId":"21086fd5-613b-47f9-9eb4-707e260552e5","metadata":{"contentType":"Curious Reader Audio","license":"U","title":"Untitled Curious Reader Audio"}},"backgroundOpacity":0,"willDoAnimation":false,"animationType":"glow","displayAsButton":false,"buttonSize":"big","goToSlideType":"specified","invisible":false},{"x":59.94897959183674,"y":27.684130982367762,"width":31.122448979591837,"height":52.141057934508815,"action":{"library":"H5P.Image 1.1","params":{"contentName":"Image"},"subContentId":"602df944-827b-414c-89d2-60bba5f7918b","metadata":{"contentType":"Image","license":"U","title":"Untitled Image"}},"backgroundOpacity":0,"willDoAnimation":true,"animationType":"glow","displayAsButton":false,"buttonSize":"big","goToSlideType":"specified","invisible":false,"id":"img21086fd5-613b-47f9-9eb4-707e260552e5_2"},{"x":68.87755102040816,"y":30.226700251889167,"width":20.918367346938776,"height":40.050377833753146,"action":{"library":"H5P.Image 1.1","params":{"contentName":"Image"},"subContentId":"451eaf81-54d2-47d0-9a9b-4c304b0414c5","metadata":{"contentType":"Image","license":"U","title":"Untitled Image"}},"backgroundOpacity":0,"willDoAnimation":true,"animationType":"glow","displayAsButton":false,"buttonSize":"big","goToSlideType":"specified","invisible":false,"id":"img21086fd5-613b-47f9-9eb4-707e260552e5_4"}],"slideBackgroundSelector":{}},{"elements":[{"x":52.29591836734694,"y":15.113350125944583,"width":43.20987654321,"height":76.208592061503,"action":{"library":"H5P.Image 1.1","params":{"contentName":"Image","alt":"Mina? Ngiyathanda ukwenza izinto abathanda ukuzenza.","file":{"path":"images\/file-618eb73d03969.jpg","mime":"image\/jpeg","copyright":{"license":"U"},"width":273,"height":273},"title":"Mina? Ngiyathanda ukwenza izinto abathanda ukuzenza."},"subContentId":"c10d2176-9ae1-46fb-9f3c-c6b45d149b92","metadata":{"contentType":"Image","license":"U","title":"Untitled Image"}},"backgroundOpacity":0,"willDoAnimation":false,"animationType":"glow","displayAsButton":false,"buttonSize":"big","goToSlideType":"specified","invisible":false},{"x":3.826530612244898,"y":32.735768261964736,"width":52.29591836734694,"height":57.9345088161209,"action":{"library":"H5P.CRAdvancedText 1.1","params":{"text":"<p dir=\"ltr\" style=\"text-align: center;\"><span style=\"color:#ffffff;\"><span style=\"font-size:1.75em;\">Nze? Njagala okukola ebintu bye baagala okukola.<\/span><\/span><\/p>\n"},"subContentId":"01787cd3-7a57-403e-adc9-5d78a1c683c5","metadata":{"contentType":"Text","license":"U","title":"Untitled Text"}},"alwaysDisplayComments":false,"backgroundOpacity":0,"willDoAnimation":false,"animationType":"glow","displayAsButton":false,"buttonSize":"big","goToSlideType":"specified","invisible":false,"solution":""},{"x":47.00255102040816,"y":43.95465994962216,"width":40,"height":40,"action":{"library":"H5P.CRAudio 1.4","params":{"fitToWrapper":true,"currIndex":8,"playerMode":"minimalistic","controls":true,"autoplay":true,"playAudio":"Play audio","pauseAudio":"Pause audio","contentName":"Audio","glowColor":"#ffd85a","timeStampForEachText":[{"text":" Nze? ","startDuration":"0.0000","endDuration":"1.0086","wordfile":[{"path":"audios\/wordfile-65cbe8daeb315.mp3","mime":"audio\/mpeg","copyright":{"license":"U"}}]},{"text":" Njagala ","startDuration":"1.0096","endDuration":"1.9859","wordfile":[{"path":"audios\/wordfile-65cbe8f57c937.mp3","mime":"audio\/mpeg","copyright":{"license":"U"}}]},{"text":" okukola ","startDuration":"1.9869","endDuration":"2.5050","wordfile":[{"path":"audios\/wordfile-65cbe90fd4a83.mp3","mime":"audio\/mpeg","copyright":{"license":"U"}}]},{"text":" ebintu ","startDuration":"2.5060","endDuration":"2.7815","wordfile":[{"path":"audios\/wordfile-65cbe928272f6.mp3","mime":"audio\/mpeg","copyright":{"license":"U"}}]},{"text":" bye ","startDuration":"2.7825","endDuration":"2.9340","wordfile":[{"path":"audios\/wordfile-65cbe976d5357.wav","mime":"audio\/x-wav","copyright":{"license":"U"}}]},{"text":" baagala ","startDuration":"2.9350","endDuration":"3.3884","wordfile":[{"path":"audios\/wordfile-65cbe98d0d1ef.wav","mime":"audio\/x-wav","copyright":{"license":"U"}}]},{"text":" okukola. ","startDuration":"3.3894","endDuration":"4.0000","wordfile":[{"path":"audios\/wordfile-65cbe9a2b3b36.mp3","mime":"audio\/mpeg","copyright":{"license":"U"}}]}],"files":[{"path":"audios\/files-65cbe8be4d7c6.mp3","mime":"audio\/mpeg","copyright":{"license":"U"}}]},"subContentId":"6d9dadc3-7d71-4574-8dca-748a2d5db08b","metadata":{"contentType":"Curious Reader Audio","license":"U","title":"Untitled Curious Reader Audio"}},"backgroundOpacity":0,"willDoAnimation":false,"animationType":"glow","displayAsButton":false,"buttonSize":"big","goToSlideType":"specified","invisible":false},{"x":59.94897959183674,"y":22.652317380352642,"width":27.29591836734694,"height":64.73551637279597,"action":{"library":"H5P.Image 1.1","params":{"contentName":"Image"},"subContentId":"d7ce14d9-4925-4813-9293-129a88fa8e8f","metadata":{"contentType":"Image","license":"U","title":"Untitled Image"}},"backgroundOpacity":0,"willDoAnimation":true,"animationType":"glow","displayAsButton":false,"buttonSize":"big","goToSlideType":"specified","invisible":false,"id":"img6d9dadc3-7d71-4574-8dca-748a2d5db08b_0"}],"slideBackgroundSelector":{}},{"elements":[{"x":3.826530612244898,"y":73.04785894206549,"width":93.68191721132898,"height":24.946236559139784,"action":{"library":"H5P.CRAdvancedText 1.1","params":{"text":"<p dir=\"ltr\" style=\"text-align: center;\"><span style=\"font-size:2.25em;\"><span style=\"color:#ffffff;\">Nzannya omupiira ne Zizo.<\/span><\/span><\/p>\n"},"subContentId":"c0103700-9490-46ad-806e-95977b01da71","metadata":{"contentType":"Text","license":"U","title":"Untitled Text"}},"alwaysDisplayComments":false,"backgroundOpacity":0,"willDoAnimation":false,"animationType":"glow","displayAsButton":false,"buttonSize":"big","goToSlideType":"specified","invisible":false,"solution":""},{"x":30.501089324618736,"y":2.150537634408602,"width":37.642919389978,"height":68.856593233979,"action":{"library":"H5P.Image 1.1","params":{"contentName":"Image","alt":"Ngidlala ibhola noZizo.","file":{"path":"images\/file-618eb89609ed6.jpg","mime":"image\/jpeg","copyright":{"license":"U"},"width":273,"height":273},"title":"Ngidlala ibhola noZizo."},"subContentId":"07536b8d-c38f-40e0-9261-226d0a11c99a","metadata":{"contentType":"Image","license":"U","title":"Untitled Image"}},"backgroundOpacity":0,"willDoAnimation":false,"animationType":"glow","displayAsButton":false,"buttonSize":"big","goToSlideType":"specified","invisible":false},{"x":47.00255102040816,"y":43.95465994962216,"width":40,"height":40,"action":{"library":"H5P.CRAudio 1.4","params":{"fitToWrapper":true,"currIndex":9,"playerMode":"minimalistic","controls":true,"autoplay":true,"playAudio":"Play audio","pauseAudio":"Pause audio","contentName":"Audio","glowColor":"#ffd85a","timeStampForEachText":[{"text":" Nzannya ","startDuration":"0.0000","endDuration":"0.7589","wordfile":[{"path":"audios\/wordfile-65cbe9f607788.mp3","mime":"audio\/mpeg","copyright":{"license":"U"}}]},{"text":" omupiira ","startDuration":"0.7599","endDuration":"1.1928","wordfile":[{"path":"audios\/wordfile-65cbea0c08595.mp3","mime":"audio\/mpeg","copyright":{"license":"U"}}]},{"text":" ne ","startDuration":"1.1938","endDuration":"1.3938","wordfile":[{"path":"audios\/wordfile-65cbea1c22aab.mp3","mime":"audio\/mpeg","copyright":{"license":"U"}}]},{"text":" Zizo. ","startDuration":"1.3948","endDuration":"1.9200","wordfile":[{"path":"audios\/wordfile-65cbea2ae9fb1.mp3","mime":"audio\/mpeg","copyright":{"license":"U"}}]}],"files":[{"path":"audios\/files-65cbe9d93b066.mp3","mime":"audio\/mpeg","copyright":{"license":"U"}}]},"subContentId":"fac8cec6-6f6b-4f4e-b95c-a9c6f3962ccb","metadata":{"contentType":"Curious Reader Audio","license":"U","title":"Untitled Curious Reader Audio"}},"backgroundOpacity":0,"willDoAnimation":false,"animationType":"glow","displayAsButton":false,"buttonSize":"big","goToSlideType":"specified","invisible":false},{"x":33.16326530612245,"y":5.031889168765743,"width":16.198979591836736,"height":62.216624685138534,"action":{"library":"H5P.Image 1.1","params":{"contentName":"Image"},"subContentId":"bd12f721-8d89-468b-8516-bd84ea1b1320","metadata":{"contentType":"Image","license":"U","title":"Untitled Image"}},"backgroundOpacity":0,"willDoAnimation":true,"animationType":"glow","displayAsButton":false,"buttonSize":"big","goToSlideType":"specified","invisible":false,"id":"imgfac8cec6-6f6b-4f4e-b95c-a9c6f3962ccb_3"},{"x":44.642857142857146,"y":47.80377833753149,"width":14.923469387755102,"height":19.395465994962215,"action":{"library":"H5P.Image 1.1","params":{"contentName":"Image"},"subContentId":"7cfe73ee-5d89-4aa0-b19d-f67314c730ca","metadata":{"contentType":"Image","license":"U","title":"Untitled Image"}},"backgroundOpacity":0,"willDoAnimation":true,"animationType":"glow","displayAsButton":false,"buttonSize":"big","goToSlideType":"specified","invisible":false,"id":"imgfac8cec6-6f6b-4f4e-b95c-a9c6f3962ccb_1"}],"slideBackgroundSelector":{}},{"elements":[{"x":0,"y":78.0639798488665,"width":100,"height":21.662468513853902,"action":{"library":"H5P.CRAdvancedText 1.1","params":{"text":"<p dir=\"ltr\" style=\"text-align: center;\"><span style=\"color:#ffffff;\"><span style=\"font-size:2.25em;\">Mpuga ne Lele.<\/span><\/span><\/p>\n"},"subContentId":"4f10339f-9758-4ec2-b3ad-9bda148dc589","metadata":{"contentType":"Text","license":"U","title":"Untitled Text"}},"alwaysDisplayComments":false,"backgroundOpacity":0,"willDoAnimation":false,"animationType":"glow","displayAsButton":false,"buttonSize":"big","goToSlideType":"specified","invisible":false,"solution":""},{"x":27.77716836734694,"y":6.0177833753148615,"width":40.05102040816327,"height":73.04785894206549,"action":{"library":"H5P.Image 1.1","params":{"contentName":"Image","file":{"path":"images\/file-618eb96526d0d.jpg","mime":"image\/jpeg","copyright":{"license":"U"},"width":273,"height":273},"alt":"Ngibhukuda noLele.","title":"Ngibhukuda noLele."},"subContentId":"5a25762a-d5eb-41ab-be59-b3eb68d8ec63","metadata":{"contentType":"Image","license":"U","title":"Untitled Image"}},"backgroundOpacity":0,"willDoAnimation":false,"animationType":"glow","displayAsButton":false,"buttonSize":"big","goToSlideType":"specified","invisible":false},{"x":47.00255102040816,"y":43.95465994962216,"width":40,"height":40,"action":{"library":"H5P.CRAudio 1.4","params":{"fitToWrapper":true,"currIndex":10,"playerMode":"minimalistic","controls":true,"autoplay":true,"playAudio":"Play audio","pauseAudio":"Pause audio","contentName":"Audio","glowColor":"#ffd85a","timeStampForEachText":[{"text":" Mpuga ","startDuration":"0.0000","endDuration":"0.3456","wordfile":[{"path":"audios\/wordfile-65cbea62f34a1.mp3","mime":"audio\/mpeg","copyright":{"license":"U"}}]},{"text":" ne ","startDuration":"0.3466","endDuration":"0.5466","wordfile":[{"path":"audios\/wordfile-65cbea72b21ce.mp3","mime":"audio\/mpeg","copyright":{"license":"U"}}]},{"text":" Lele. ","startDuration":"0.5476","endDuration":"1.0634","wordfile":[{"path":"audios\/wordfile-65cbea856246e.mp3","mime":"audio\/mpeg","copyright":{"license":"U"}}]}],"files":[{"path":"audios\/files-65cbea478ccde.mp3","mime":"audio\/mpeg","copyright":{"license":"U"}}]},"subContentId":"4b8b3763-d3d4-439b-9413-984e56caaa85","metadata":{"contentType":"Curious Reader Audio","license":"U","title":"Untitled Curious Reader Audio"}},"backgroundOpacity":0,"willDoAnimation":false,"animationType":"glow","displayAsButton":false,"buttonSize":"big","goToSlideType":"specified","invisible":false},{"x":42.09183673469388,"y":35.2448362720403,"width":23.214285714285715,"height":34.76070528967254,"action":{"library":"H5P.Image 1.1","params":{"contentName":"Image"},"subContentId":"edf12470-6587-40e8-b0db-23f91fd2a1cd","metadata":{"contentType":"Image","license":"U","title":"Untitled Image"}},"backgroundOpacity":0,"willDoAnimation":true,"animationType":"glow","displayAsButton":false,"buttonSize":"big","goToSlideType":"specified","invisible":false,"id":"img4b8b3763-d3d4-439b-9413-984e56caaa85_0"},{"x":29.97448979591837,"y":37.76372795969773,"width":13.64795918367347,"height":26.952141057934508,"action":{"library":"H5P.Image 1.1","params":{"contentName":"Image"},"subContentId":"b9303b92-3bb4-4181-b358-bccec59df817","metadata":{"contentType":"Image","license":"U","title":"Untitled Image"}},"backgroundOpacity":0,"willDoAnimation":true,"animationType":"glow","displayAsButton":false,"buttonSize":"big","goToSlideType":"specified","invisible":false,"id":"img4b8b3763-d3d4-439b-9413-984e56caaa85_2"}],"slideBackgroundSelector":{}},{"elements":[{"x":5.1020408163265305,"y":73.04785894206549,"width":91.83673469387756,"height":25.188916876574307,"action":{"library":"H5P.CRAdvancedText 1.1","params":{"text":"<p dir=\"ltr\" style=\"text-align: center;\"><span style=\"color:#ffffff;\"><span style=\"font-size:2.25em;\">Nzannya jjangu onkwekule ne Sisa.<\/span><\/span><\/p>\n"},"subContentId":"5ce600c0-9e95-4b84-9330-56cc92fd0bf7","metadata":{"contentType":"Text","license":"U","title":"Untitled Text"}},"alwaysDisplayComments":false,"backgroundOpacity":0,"willDoAnimation":false,"animationType":"glow","displayAsButton":false,"buttonSize":"big","goToSlideType":"specified","invisible":false,"solution":""},{"x":29.520697167756,"y":6.0249519079732,"width":39.998148148148,"height":66.791953592016,"action":{"library":"H5P.Image 1.1","params":{"contentName":"Image","file":{"path":"images\/file-618ebb55f4134.jpg","mime":"image\/jpeg","copyright":{"license":"U"},"width":273,"height":273},"alt":"Ngidlala umacashelana noSisa.","title":"Ngidlala umacashelana noSisa."},"subContentId":"7fcf93f8-b105-4383-8477-0218ce8d77da","metadata":{"contentType":"Image","license":"U","title":"Untitled Image"}},"backgroundOpacity":0,"willDoAnimation":false,"animationType":"glow","displayAsButton":false,"buttonSize":"big","goToSlideType":"specified","invisible":false},{"x":47.00255102040816,"y":43.95465994962216,"width":40,"height":40,"action":{"library":"H5P.CRAudio 1.4","params":{"fitToWrapper":true,"currIndex":11,"playerMode":"minimalistic","controls":true,"autoplay":true,"playAudio":"Play audio","pauseAudio":"Pause audio","contentName":"Audio","glowColor":"#ffd85a","timeStampForEachText":[{"text":" Nzannya ","startDuration":"0.0000","endDuration":"0.5308","wordfile":[{"path":"audios\/wordfile-65ccd265addf1.mp3","mime":"audio\/mpeg","copyright":{"license":"U"}}]},{"text":" jjangu ","startDuration":"0.5318","endDuration":"0.7879","wordfile":[{"path":"audios\/wordfile-65ccd2955c0e5.mp3","mime":"audio\/mpeg","copyright":{"license":"U"}}]},{"text":" onkwekule ","startDuration":"0.7879","endDuration":"1.3813","wordfile":[{"path":"audios\/wordfile-65ccd2c1227fa.mp3","mime":"audio\/mpeg","copyright":{"license":"U"}}]},{"text":" ne ","startDuration":"1.3823","endDuration":"1.5823","wordfile":[{"path":"audios\/wordfile-65ccd2d47d736.mp3","mime":"audio\/mpeg","copyright":{"license":"U"}}]},{"text":" Sisa. ","startDuration":"1.5833","endDuration":"2.0800","wordfile":[{"path":"audios\/wordfile-65ccd2f088788.mp3","mime":"audio\/mpeg","copyright":{"license":"U"}}]}],"files":[{"path":"audios\/files-65ccd243507a8.mp3","mime":"audio\/mpeg","copyright":{"license":"U"}}]},"subContentId":"6d90b9b9-bb7f-43bc-8795-64b6f511953c","metadata":{"contentType":"Curious Reader Audio","license":"U","title":"Untitled Curious Reader Audio"}},"backgroundOpacity":0,"willDoAnimation":false,"animationType":"glow","displayAsButton":false,"buttonSize":"big","goToSlideType":"specified","invisible":false},{"x":31.887755102040817,"y":27.692191435768265,"width":14.923469387755102,"height":40.050377833753146,"action":{"library":"H5P.Image 1.1","params":{"contentName":"Image"},"subContentId":"f39311ad-a485-4190-8dc9-d057e741ad97","metadata":{"contentType":"Image","license":"U","title":"Untitled Image"}},"backgroundOpacity":0,"willDoAnimation":true,"animationType":"glow","displayAsButton":false,"buttonSize":"big","goToSlideType":"specified","invisible":false,"id":"img6d90b9b9-bb7f-43bc-8795-64b6f511953c_4"}],"slideBackgroundSelector":{}},{"elements":[{"x":15.306122448979592,"y":10.579345088161208,"width":68.87755102040816,"height":69.0176322418136,"action":{"library":"H5P.Image 1.1","params":{"contentName":"Image","file":{"path":"images\/file-618ecd7fc659d.jpg","mime":"image\/jpeg","copyright":{"license":"U"},"width":350,"height":210}},"subContentId":"c2ff2e98-73c7-4f05-b67e-e393662e801c","metadata":{"contentType":"Image","license":"U","title":"Untitled Image"}},"backgroundOpacity":0,"willDoAnimation":false,"animationType":"glow","displayAsButton":false,"buttonSize":"big","goToSlideType":"specified","invisible":false},{"x":1.0204081632653061,"y":81.61209068010075,"width":97.83163265306122,"height":17.632241813602015,"action":{"library":"H5P.CRAdvancedText 1.1","params":{"text":"<p dir=\"ltr\" style=\"text-align: center;\"><span style=\"color:#ffffff;\"><span style=\"font-size:2.25em;\">Nsoma ne Ayanda.<\/span><\/span><\/p>\n"},"subContentId":"bb08e97d-bef7-4a5e-bda8-a71c987a742e","metadata":{"contentType":"Text","license":"U","title":"Untitled Text"}},"alwaysDisplayComments":false,"backgroundOpacity":0,"willDoAnimation":false,"animationType":"glow","displayAsButton":false,"buttonSize":"big","goToSlideType":"specified","invisible":false,"solution":""},{"x":47.00255102040816,"y":43.95465994962216,"width":40,"height":40,"action":{"library":"H5P.CRAudio 1.4","params":{"fitToWrapper":true,"currIndex":12,"playerMode":"minimalistic","controls":true,"autoplay":true,"playAudio":"Play audio","pauseAudio":"Pause audio","contentName":"Audio","glowColor":"#ffd85a","timeStampForEachText":[{"text":" Nsoma ","startDuration":"0.0000","endDuration":"0.4928","wordfile":[{"path":"audios\/wordfile-65ccd33681b32.mp3","mime":"audio\/mpeg","copyright":{"license":"U"}}]},{"text":" ne ","startDuration":"0.4938","endDuration":"0.6938","wordfile":[{"path":"audios\/wordfile-65ccd3477a691.mp3","mime":"audio\/mpeg","copyright":{"license":"U"}}]},{"text":" Ayanda. ","startDuration":"0.6948","endDuration":"1.4200","wordfile":[{"path":"audios\/wordfile-65ccd35cb23ad.mp3","mime":"audio\/mpeg","copyright":{"license":"U"}}]}],"files":[{"path":"audios\/files-65ccd31935ef9.mp3","mime":"audio\/mpeg","copyright":{"license":"U"}}]},"subContentId":"900b0cbc-93a9-4586-af87-fd27dd872192","metadata":{"contentType":"Curious Reader Audio","license":"U","title":"Untitled Curious Reader Audio"}},"backgroundOpacity":0,"willDoAnimation":false,"animationType":"glow","displayAsButton":false,"buttonSize":"big","goToSlideType":"specified","invisible":false},{"x":52.295918367346935,"y":22.652317380352642,"width":30.229591836734695,"height":52.141057934508815,"action":{"library":"H5P.Image 1.1","params":{"contentName":"Image"},"subContentId":"1c405ad4-6174-402c-8a94-a4a9ddaff4cd","metadata":{"contentType":"Image","license":"U","title":"Untitled Image"}},"backgroundOpacity":0,"willDoAnimation":true,"animationType":"glow","displayAsButton":false,"buttonSize":"big","goToSlideType":"specified","invisible":false,"id":"img900b0cbc-93a9-4586-af87-fd27dd872192_0"},{"x":24.23469387755102,"y":25.165289672544077,"width":20.025510204081634,"height":37.02770780856423,"action":{"library":"H5P.Image 1.1","params":{"contentName":"Image"},"subContentId":"e298830a-544d-4780-8ac2-6166de9f317d","metadata":{"contentType":"Image","license":"U","title":"Untitled Image"}},"backgroundOpacity":0,"willDoAnimation":true,"animationType":"glow","displayAsButton":false,"buttonSize":"big","goToSlideType":"specified","invisible":false,"id":"img900b0cbc-93a9-4586-af87-fd27dd872192_2"}],"slideBackgroundSelector":{}},{"elements":[{"x":2.423469387755102,"y":81.360201511335,"width":95.66326530612245,"height":17.632241813602015,"action":{"library":"H5P.CRAdvancedText 1.1","params":{"text":"<p dir=\"ltr\" style=\"text-align: center;\"><span style=\"color:#ffffff;\"><span style=\"font-size:2.25em;\">Jangu, mukwano, oyagala ki?<\/span><\/span><\/p>\n"},"subContentId":"561dd707-289b-446f-bb31-a8d898b0b627","metadata":{"contentType":"Text","license":"U","title":"Untitled Text"}},"alwaysDisplayComments":false,"backgroundOpacity":0,"willDoAnimation":false,"animationType":"glow","displayAsButton":false,"buttonSize":"big","goToSlideType":"specified","invisible":false,"solution":""},{"x":29.336734693877553,"y":4.295894206549118,"width":42.474489795918366,"height":73.29974811083123,"action":{"library":"H5P.Image 1.1","params":{"contentName":"Image","file":{"path":"images\/file-618ebd51e59a0.jpg","mime":"image\/jpeg","copyright":{"license":"U"},"width":273,"height":273},"alt":"Woza, mngane, yini oyithandayo?","title":"Woza, mngane, yini oyithandayo?"},"subContentId":"a94f03fd-3ce4-4a62-9d49-2af4710dd854","metadata":{"contentType":"Image","license":"U","title":"Untitled Image"}},"backgroundOpacity":0,"willDoAnimation":false,"animationType":"glow","displayAsButton":false,"buttonSize":"big","goToSlideType":"specified","invisible":false},{"x":47.00255102040816,"y":43.95465994962216,"width":40,"height":40,"action":{"library":"H5P.CRAudio 1.4","params":{"fitToWrapper":true,"currIndex":13,"playerMode":"minimalistic","controls":true,"autoplay":true,"playAudio":"Play audio","pauseAudio":"Pause audio","contentName":"Audio","glowColor":"#ffd85a","timeStampForEachText":[{"text":" Jangu, ","startDuration":"0.0000","endDuration":"0.5359","wordfile":[{"path":"audios\/wordfile-65ccd3a0a6e16.mp3","mime":"audio\/mpeg","copyright":{"license":"U"}}]},{"text":" mukwano, ","startDuration":"0.5369","endDuration":"1.3794","wordfile":[{"path":"audios\/wordfile-65ccd3bbc86d3.mp3","mime":"audio\/mpeg","copyright":{"license":"U"}}]},{"text":" oyagala ","startDuration":"1.3804","endDuration":"1.9979","wordfile":[{"path":"audios\/wordfile-65ccd3d48046d.mp3","mime":"audio\/mpeg","copyright":{"license":"U"}}]},{"text":" ki? ","startDuration":"1.9989","endDuration":"2.4200","wordfile":[{"path":"audios\/wordfile-65ccd41c979ef.mp3","mime":"audio\/mpeg","copyright":{"license":"U"}}]}],"files":[{"path":"audios\/files-65ccd3824bb7a.mp3","mime":"audio\/mpeg","copyright":{"license":"U"}}]},"subContentId":"2eef265a-f4c6-4f22-bb64-d5e4ea903117","metadata":{"contentType":"Curious Reader Audio","license":"U","title":"Untitled Curious Reader Audio"}},"backgroundOpacity":0,"willDoAnimation":false,"animationType":"glow","displayAsButton":false,"buttonSize":"big","goToSlideType":"specified","invisible":false}],"slideBackgroundSelector":{}},{"elements":[{"x":0,"y":79.50453400503777,"width":100,"height":18.89168765743073,"action":{"library":"H5P.CRAdvancedText 1.1","params":{"text":"<p dir=\"ltr\" style=\"text-align: center;\"><span style=\"color:#ffffff;\"><span style=\"font-size:2.25em;\">Jangu, tuzannye omupiira.<\/span><\/span><\/p>\n"},"subContentId":"8bdf48c8-d31b-4d24-90c4-3a81da7d5874","metadata":{"contentType":"Text","license":"U","title":"Untitled Text"}},"alwaysDisplayComments":false,"backgroundOpacity":0,"willDoAnimation":false,"animationType":"glow","displayAsButton":false,"buttonSize":"big","goToSlideType":"specified","invisible":false,"solution":""},{"x":27.314795918367345,"y":5.035818639798489,"width":42.474489795918366,"height":71.53652392947103,"action":{"library":"H5P.Image 1.1","params":{"contentName":"Image","file":{"path":"images\/file-618ebe5e14981.jpg","mime":"image\/jpeg","copyright":{"license":"U"},"width":273,"height":273},"alt":"Woza, udlale ibhola nathi.","title":"Woza, udlale ibhola nathi."},"subContentId":"90899643-cef7-4587-a9f3-53dc5f203480","metadata":{"contentType":"Image","license":"U","title":"Untitled Image"}},"backgroundOpacity":0,"willDoAnimation":false,"animationType":"glow","displayAsButton":false,"buttonSize":"big","goToSlideType":"specified","invisible":false},{"x":47.00255102040816,"y":43.95465994962216,"width":40,"height":40,"action":{"library":"H5P.CRAudio 1.4","params":{"fitToWrapper":true,"currIndex":14,"playerMode":"minimalistic","controls":true,"autoplay":true,"playAudio":"Play audio","pauseAudio":"Pause audio","contentName":"Audio","glowColor":"#ffd85a","timeStampForEachText":[{"text":" Jangu, ","startDuration":"0.0000","endDuration":"0.4653","wordfile":[{"path":"audios\/wordfile-65ccd47129069.mp3","mime":"audio\/mpeg","copyright":{"license":"U"}}]},{"text":" tuzannye ","startDuration":"0.4663","endDuration":"1.0655","wordfile":[{"path":"audios\/wordfile-65ccd4929c4d2.mp3","mime":"audio\/mpeg","copyright":{"license":"U"}}]},{"text":" omupiira. ","startDuration":"1.0665","endDuration":"1.8400","wordfile":[{"path":"audios\/wordfile-65ccd4a48dbd0.mp3","mime":"audio\/mpeg","copyright":{"license":"U"}}]}],"files":[{"path":"audios\/files-65ccd44f6a088.mp3","mime":"audio\/mpeg","copyright":{"license":"U"}}]},"subContentId":"1c4216a7-7e98-4c79-a95c-3522b5d1cfc0","metadata":{"contentType":"Curious Reader Audio","license":"U","title":"Untitled Curious Reader Audio"}},"backgroundOpacity":0,"willDoAnimation":false,"animationType":"glow","displayAsButton":false,"buttonSize":"big","goToSlideType":"specified","invisible":false},{"x":45.91836734693878,"y":29.94332493702771,"width":11.096938775510205,"height":14.357682619647354,"action":{"library":"H5P.Image 1.1","params":{"contentName":"Image"},"subContentId":"d512b4c8-2b18-4ed3-9a76-44858cd11a83","metadata":{"contentType":"Image","license":"U","title":"Untitled Image"}},"backgroundOpacity":0,"willDoAnimation":true,"animationType":"glow","displayAsButton":false,"buttonSize":"big","goToSlideType":"specified","invisible":false,"id":"img1c4216a7-7e98-4c79-a95c-3522b5d1cfc0_2"}],"slideBackgroundSelector":{}},{"elements":[{"x":11.479591836734695,"y":78.0639798488665,"width":79.08163265306122,"height":20.906801007556673,"action":{"library":"H5P.CRAdvancedText 1.1","params":{"text":"<p dir=\"ltr\" style=\"text-align: center;\"><span style=\"color:#ffffff;\"><span style=\"font-size:2.25em;\">Jangu, tuwuge.<\/span><\/span><\/p>\n"},"subContentId":"0f7ae9c5-38f6-4b56-b0a4-f60475428cdf","metadata":{"contentType":"Text","license":"U","title":"Untitled Text"}},"alwaysDisplayComments":false,"backgroundOpacity":0,"willDoAnimation":false,"animationType":"glow","displayAsButton":false,"buttonSize":"big","goToSlideType":"specified","invisible":false,"solution":""},{"x":28.061224489795915,"y":6.4566246851385385,"width":43.494897959183675,"height":73.04785894206549,"action":{"library":"H5P.Image 1.1","params":{"contentName":"Image","file":{"path":"images\/file-618ebfb3bf920.jpg","mime":"image\/jpeg","copyright":{"license":"U"},"width":273,"height":273},"alt":"Woza, ubhukude nathi.","title":"Woza, ubhukude nathi."},"subContentId":"7d166ac6-5c43-46d0-9e03-6441fbe0e622","metadata":{"contentType":"Image","license":"U","title":"Untitled Image"}},"backgroundOpacity":0,"willDoAnimation":false,"animationType":"glow","displayAsButton":false,"buttonSize":"big","goToSlideType":"specified","invisible":false},{"x":47.00255102040816,"y":43.95465994962216,"width":40,"height":40,"action":{"library":"H5P.CRAudio 1.4","params":{"fitToWrapper":true,"currIndex":15,"playerMode":"minimalistic","controls":true,"autoplay":true,"playAudio":"Play audio","pauseAudio":"Pause audio","contentName":"Audio","glowColor":"#ffd85a","timeStampForEachText":[{"text":" Jangu, ","startDuration":"0.0000","endDuration":"0.4126","wordfile":[{"path":"audios\/wordfile-65ccd4decaf25.mp3","mime":"audio\/mpeg","copyright":{"license":"U"}}]},{"text":" tuwuge. ","startDuration":"0.4136","endDuration":"1.1600","wordfile":[{"path":"audios\/wordfile-65ccd4ee14bb1.mp3","mime":"audio\/mpeg","copyright":{"license":"U"}}]}],"files":[{"path":"audios\/files-65ccd4bff09d7.mp3","mime":"audio\/mpeg","copyright":{"license":"U"}}]},"subContentId":"cd3e229c-4a9b-484f-b053-7b04eda34b8a","metadata":{"contentType":"Curious Reader Audio","license":"U","title":"Untitled Curious Reader Audio"}},"backgroundOpacity":0,"willDoAnimation":false,"animationType":"glow","displayAsButton":false,"buttonSize":"big","goToSlideType":"specified","invisible":false},{"x":29.336734693877553,"y":12.586599496221663,"width":40.05102040816327,"height":59.697732997481104,"action":{"library":"H5P.Image 1.1","params":{"contentName":"Image"},"subContentId":"4b2da6a0-a4ea-4f02-b44d-620424622e83","metadata":{"contentType":"Image","license":"U","title":"Untitled Image"}},"backgroundOpacity":0,"willDoAnimation":true,"animationType":"glow","displayAsButton":false,"buttonSize":"big","goToSlideType":"specified","invisible":false,"id":"imgcd3e229c-4a9b-484f-b053-7b04eda34b8a_1"}],"slideBackgroundSelector":{}},{"elements":[{"x":51.02040816326531,"y":15.113350125944583,"width":42.483660130719,"height":75.772592493771,"action":{"library":"H5P.Image 1.1","params":{"contentName":"Image","file":{"path":"images\/file-618ecf61254ef.jpg","mime":"image\/jpeg","copyright":{"license":"U"},"width":273,"height":273},"alt":"Woza, uzodlala umacashelana nathi.","title":"Woza, uzodlala umacashelana nathi."},"subContentId":"b3bbd262-e926-4513-ae5d-6426653a8687","metadata":{"contentType":"Image","license":"U","title":"Untitled Image"}},"backgroundOpacity":0,"willDoAnimation":false,"animationType":"glow","displayAsButton":false,"buttonSize":"big","goToSlideType":"specified","invisible":false},{"x":3.826530612244898,"y":40.30226700251889,"width":49.744897959183675,"height":50.377833753148614,"action":{"library":"H5P.CRAdvancedText 1.1","params":{"text":"<p dir=\"ltr\" style=\"text-align: center;\"><span style=\"color:#ffffff;\"><span style=\"font-size:2.25em;\">Jangu, tuzanye jangu onkwekule.<\/span><\/span><\/p>\n"},"subContentId":"2f66b069-73bc-4244-a662-95291edb4cfd","metadata":{"contentType":"Text","license":"U","title":"Untitled Text"}},"alwaysDisplayComments":false,"backgroundOpacity":0,"willDoAnimation":false,"animationType":"glow","displayAsButton":false,"buttonSize":"big","goToSlideType":"specified","invisible":false,"solution":""},{"x":93.11224489795919,"y":2.5188916876574305,"width":40,"height":40,"action":{"library":"H5P.CRAudio 1.4","params":{"fitToWrapper":true,"currIndex":16,"playerMode":"minimalistic","controls":true,"autoplay":true,"playAudio":"Play audio","pauseAudio":"Pause audio","contentName":"Audio","glowColor":"#ffd85a","timeStampForEachText":[{"text":" Jangu, ","startDuration":"0.0000","endDuration":"0.3872","wordfile":[{"path":"audios\/wordfile-65ccd53423249.mp3","mime":"audio\/mpeg","copyright":{"license":"U"}}]},{"text":" tuzanye ","startDuration":"0.3882","endDuration":"0.8426","wordfile":[{"path":"audios\/wordfile-65ccd617b9dd4.mp3","mime":"audio\/mpeg","copyright":{"license":"U"}}]},{"text":" jangu ","startDuration":"0.8436","endDuration":"1.3507","wordfile":[{"path":"audios\/wordfile-65ccd631e5974.mp3","mime":"audio\/mpeg","copyright":{"license":"U"}}]},{"text":" onkwekule. ","startDuration":"1.3517","endDuration":"2.0518","wordfile":[{"path":"audios\/wordfile-65ccd640658f0.mp3","mime":"audio\/mpeg","copyright":{"license":"U"}}]}],"files":[{"path":"audios\/files-65ccd517a2cee.mp3","mime":"audio\/mpeg","copyright":{"license":"U"}}]},"subContentId":"0991912a-5e87-443d-899a-fb6225b7fd7f","metadata":{"contentType":"Curious Reader Audio","license":"U","title":"Untitled Curious Reader Audio"}},"backgroundOpacity":0,"willDoAnimation":false,"animationType":"glow","displayAsButton":false,"buttonSize":"big","goToSlideType":"specified","invisible":false},{"x":67.60204081632654,"y":35.26448362720403,"width":14.923469387755102,"height":57.178841309823675,"action":{"library":"H5P.Image 1.1","params":{"contentName":"Image"},"subContentId":"1fda1d8e-7dae-40a9-aee8-9bf44a891ea8","metadata":{"contentType":"Image","license":"U","title":"Untitled Image"}},"backgroundOpacity":0,"willDoAnimation":true,"animationType":"glow","displayAsButton":false,"buttonSize":"big","goToSlideType":"specified","invisible":false,"id":"img0991912a-5e87-443d-899a-fb6225b7fd7f_2"},{"x":56.12244897959183,"y":37.7735516372796,"width":11.096938775510205,"height":44.332493702770776,"action":{"library":"H5P.Image 1.1","params":{"contentName":"Image"},"subContentId":"c4564cc4-1ab3-465b-a21b-e811d0fe68b1","metadata":{"contentType":"Image","license":"U","title":"Untitled Image"}},"backgroundOpacity":0,"willDoAnimation":true,"animationType":"glow","displayAsButton":false,"buttonSize":"big","goToSlideType":"specified","invisible":false,"id":"img0991912a-5e87-443d-899a-fb6225b7fd7f_2"},{"x":68.87653061224489,"y":37.75390428211587,"width":14.540816326530612,"height":52.141057934508815,"action":{"library":"H5P.Image 1.1","params":{"contentName":"Image"},"subContentId":"79187e13-e0a6-4910-a61c-6f4811320e9f","metadata":{"contentType":"Image","license":"U","title":"Untitled Image"}},"backgroundOpacity":0,"willDoAnimation":true,"animationType":"glow","displayAsButton":false,"buttonSize":"big","goToSlideType":"specified","invisible":false,"id":"img0991912a-5e87-443d-899a-fb6225b7fd7f_3"},{"x":54.8469387755102,"y":37.75390428211587,"width":12.372448979591837,"height":47.10327455919395,"action":{"library":"H5P.Image 1.1","params":{"contentName":"Image"},"subContentId":"aef6cf91-a68d-4823-90d3-66e2d87330bc","metadata":{"contentType":"Image","license":"U","title":"Untitled Image"}},"backgroundOpacity":0,"willDoAnimation":true,"animationType":"glow","displayAsButton":false,"buttonSize":"big","goToSlideType":"specified","invisible":false,"id":"img0991912a-5e87-443d-899a-fb6225b7fd7f_3"},{"x":77.8061224489796,"y":10.067707808564231,"width":15.816326530612246,"height":40.050377833753146,"action":{"library":"H5P.Image 1.1","params":{"contentName":"Image"},"subContentId":"8de38165-a521-47c1-82cc-afb6611f81a0","metadata":{"contentType":"Image","license":"U","title":"Untitled Image"}},"backgroundOpacity":0,"willDoAnimation":true,"animationType":"glow","displayAsButton":false,"buttonSize":"big","goToSlideType":"specified","invisible":false,"id":"img0991912a-5e87-443d-899a-fb6225b7fd7f_2"},{"x":77.8061224489796,"y":7.552745591939547,"width":15.816326530612246,"height":40.050377833753146,"action":{"library":"H5P.Image 1.1","params":{"contentName":"Image"},"subContentId":"14ac2430-5389-456b-abf2-9f02021b8976","metadata":{"contentType":"Image","license":"U","title":"Untitled Image"}},"backgroundOpacity":0,"willDoAnimation":true,"animationType":"glow","displayAsButton":false,"buttonSize":"big","goToSlideType":"specified","invisible":false,"id":"img0991912a-5e87-443d-899a-fb6225b7fd7f_3"}],"slideBackgroundSelector":{}},{"elements":[{"x":12.755102040816327,"y":80.60453400503778,"width":73.9795918367347,"height":17.12846347607053,"action":{"library":"H5P.CRAdvancedText 1.1","params":{"text":"<p dir=\"ltr\" style=\"text-align: center;\"><span style=\"color:#ffffff;\"><span style=\"font-size:2.25em;\">Jangu, tusome.<\/span><\/span><\/p>\n"},"subContentId":"c2f3f53b-4ef2-41bf-8273-468816eeee27","metadata":{"contentType":"Text","license":"U","title":"Untitled Text"}},"alwaysDisplayComments":false,"backgroundOpacity":0,"willDoAnimation":false,"animationType":"glow","displayAsButton":false,"buttonSize":"big","goToSlideType":"specified","invisible":false,"solution":""},{"x":30.357142857142858,"y":5.541561712846347,"width":38.392857142857146,"height":73.04785894206549,"action":{"library":"H5P.Image 1.1","params":{"contentName":"Image","file":{"path":"images\/file-618ec1d1dba5b.jpg","mime":"image\/jpeg","copyright":{"license":"U"},"width":273,"height":273},"alt":"Woza, ufunde kanye nathi.","title":"Woza, ufunde kanye nathi."},"subContentId":"006c0f7a-5773-4f46-bf82-5931c01adc2f","metadata":{"contentType":"Image","license":"U","title":"Untitled Image"}},"backgroundOpacity":0,"willDoAnimation":false,"animationType":"glow","displayAsButton":false,"buttonSize":"big","goToSlideType":"specified","invisible":false},{"x":47.00255102040816,"y":43.95465994962216,"width":40,"height":40,"action":{"library":"H5P.CRAudio 1.4","params":{"fitToWrapper":true,"currIndex":17,"playerMode":"minimalistic","controls":true,"autoplay":true,"playAudio":"Play audio","pauseAudio":"Pause audio","contentName":"Audio","glowColor":"#ffd85a","timeStampForEachText":[{"text":" Jangu, ","startDuration":"0.0000","endDuration":"0.5043","wordfile":[{"path":"audios\/wordfile-65ccd682dc234.mp3","mime":"audio\/mpeg","copyright":{"license":"U"}}]},{"text":" tusome. ","startDuration":"0.5053","endDuration":"1.2182","wordfile":[{"path":"audios\/wordfile-65ccd6941ab71.mp3","mime":"audio\/mpeg","copyright":{"license":"U"}}]}],"files":[{"path":"audios\/files-65ccd66281c77.mp3","mime":"audio\/mpeg","copyright":{"license":"U"}}]},"subContentId":"e8c31f8b-28f4-4913-8e7f-d585bf09e71f","metadata":{"contentType":"Curious Reader Audio","license":"U","title":"Untitled Curious Reader Audio"}},"backgroundOpacity":0,"willDoAnimation":false,"animationType":"glow","displayAsButton":false,"buttonSize":"big","goToSlideType":"specified","invisible":false},{"x":30.612244897959183,"y":17.632241813602015,"width":40,"height":40,"action":{"library":"H5P.Image 1.1","params":{"contentName":"Image"},"subContentId":"58373f99-967a-4b9c-8a28-c1bb89e3c04c","metadata":{"contentType":"Image","license":"U","title":"Untitled Image"}},"backgroundOpacity":0,"willDoAnimation":true,"animationType":"glow","displayAsButton":false,"buttonSize":"big","goToSlideType":"specified","invisible":false,"id":"imge8c31f8b-28f4-4913-8e7f-d585bf09e71f_1"}],"slideBackgroundSelector":{}},{"elements":[{"x":0,"y":27.676322418136017,"width":47.19387755102041,"height":60.45340050377833,"action":{"library":"H5P.CRAdvancedText 1.1","params":{"text":"<p dir=\"ltr\" style=\"text-align: center;\"><span style=\"color:#ffffff;\"><span style=\"font-size:2.25em;\">&nbsp;Twagala tunyumirwe n\u2019emikwano.<\/span><\/span><\/p>\n"},"subContentId":"6515099d-443d-4e39-a9ae-78a04ed14f9a","metadata":{"contentType":"Text","license":"U","title":"Untitled Text"}},"alwaysDisplayComments":false,"backgroundOpacity":0,"willDoAnimation":false,"animationType":"glow","displayAsButton":false,"buttonSize":"big","goToSlideType":"specified","invisible":false,"solution":""},{"x":48.46938775510204,"y":15.113350125944583,"width":44.753086419753,"height":79.256935743964,"action":{"library":"H5P.Image 1.1","params":{"contentName":"Image","alt":"Sithanda ukuzijabulisa nabangani.","title":"Sithanda ukuzijabulisa nabangani.","file":{"path":"images\/file-618ec2e9676e8.jpg","mime":"image\/jpeg","copyright":{"license":"U"},"width":273,"height":273}},"subContentId":"d306951b-d37a-48f0-b520-d8cb6bed7af9","metadata":{"contentType":"Image","license":"U","title":"Untitled Image"}},"backgroundOpacity":0,"willDoAnimation":false,"animationType":"glow","displayAsButton":false,"buttonSize":"big","goToSlideType":"specified","invisible":false},{"x":47.00255102040816,"y":43.95465994962216,"width":40,"height":40,"action":{"library":"H5P.CRAudio 1.4","params":{"fitToWrapper":true,"currIndex":18,"playerMode":"minimalistic","controls":true,"autoplay":true,"playAudio":"Play audio","pauseAudio":"Pause audio","contentName":"Audio","glowColor":"#ffd85a","timeStampForEachText":[{"text":" \u00a0Twagala ","startDuration":"0.0000","endDuration":"0.7118","wordfile":[{"path":"audios\/wordfile-65ccd6cf6171e.mp3","mime":"audio\/mpeg","copyright":{"license":"U"}}]},{"text":" tunyumirwe ","startDuration":"0.7128","endDuration":"1.3022","wordfile":[{"path":"audios\/wordfile-65ccd767df52a.wav","mime":"audio\/x-wav","copyright":{"license":"U"}}]},{"text":" n\u2019emikwano. ","startDuration":"1.3032","endDuration":"2.3300","wordfile":[{"path":"audios\/wordfile-65ccd7e1a37fb.wav","mime":"audio\/x-wav","copyright":{"license":"U"}}]}],"files":[{"path":"audios\/files-65ccd6b5dfe64.mp3","mime":"audio\/mpeg","copyright":{"license":"U"}}]},"subContentId":"65966ce5-384d-4547-a02c-c9781a421826","metadata":{"contentType":"Curious Reader Audio","license":"U","title":"Untitled Curious Reader Audio"}},"backgroundOpacity":0,"willDoAnimation":false,"animationType":"glow","displayAsButton":false,"buttonSize":"big","goToSlideType":"specified","invisible":false},{"x":47.19387755102041,"y":15.113350125944583,"width":48.08673469387755,"height":72.29219143576826,"action":{"library":"H5P.Image 1.1","params":{"contentName":"Image"},"subContentId":"c009569a-f979-43c7-bfb5-9a6eb30d1cce","metadata":{"contentType":"Image","license":"U","title":"Untitled Image"}},"backgroundOpacity":0,"willDoAnimation":true,"animationType":"glow","displayAsButton":false,"buttonSize":"big","goToSlideType":"specified","invisible":false,"id":"img65966ce5-384d-4547-a02c-c9781a421826_2"}],"slideBackgroundSelector":{}},{"elements":[{"x":4.62962962962963,"y":11.415525114155251,"width":23.148148148148145,"height":15.981735159817353,"action":{"library":"H5P.Image 1.1","params":{"contentName":"Image","file":{"path":"images\/file-61faf81aea46b.png","mime":"image\/png","copyright":{"license":"U"},"width":1350,"height":487}},"metadata":{"contentType":"Image","license":"U","title":"Untitled Image"},"subContentId":"45750f56-188e-4f60-af42-6d631b2d556f"},"backgroundOpacity":0,"willDoAnimation":false,"animationType":"glow","displayAsButton":false,"buttonSize":"big","goToSlideType":"specified","invisible":false},{"x":37.03703703703704,"y":10.752688172043008,"width":28.124999999999996,"height":13.698630136986301,"action":{"library":"H5P.Image 1.1","params":{"contentName":"Image","file":{"path":"images\/file-61f9b09eb5330.png","mime":"image\/png","copyright":{"license":"U"},"width":814,"height":202}},"metadata":{"contentType":"Image","license":"U","title":"Untitled Image"},"subContentId":"cc2ecdc6-9393-428c-907b-f89bde66f5e3"},"backgroundOpacity":0,"willDoAnimation":false,"animationType":"glow","displayAsButton":false,"buttonSize":"big","goToSlideType":"specified","invisible":false},{"x":69.71677559912854,"y":6.451612903225806,"width":23.148148148148145,"height":23.28767123287671,"action":{"library":"H5P.Image 1.1","params":{"contentName":"Image","file":{"path":"images\/file-61f9b3987a86d.jpg","mime":"image\/jpeg","copyright":{"license":"U"},"width":306,"height":148}},"metadata":{"contentType":"Image","license":"U","title":"Untitled Image"},"subContentId":"523bfe62-f871-4d0d-a7d3-8902a69232f4"},"backgroundOpacity":0,"willDoAnimation":false,"animationType":"glow","displayAsButton":false,"buttonSize":"big","goToSlideType":"specified","invisible":false},{"x":17.429193899782135,"y":36.51548387096774,"width":65.359477124183,"height":56.98924731182795,"action":{"library":"H5P.CRAdvancedText 1.1","params":{"text":"<h3 style=\"text-align: center;\"><span style=\"font-size:1.125em;\"><strong>\"<\/strong><\/span>Emikwano<span style=\"font-size:1.125em;\"><strong>\" credits<\/strong><\/span><\/h3>\n\n<h3 style=\"text-align: center;\"><span style=\"font-size:1em;\">This work, \"<\/span>Emikwano<span style=\"font-size:1em;\">\", is a derivative of \"Friends\" by Zimbili Dlamini and Hlengiwe Zondi, used under CC BY. \"Abangani\" is licensed under CC BY 4.0 by Curious Learning.<\/span><\/h3>\n\n<h3 style=\"text-align: center;\"><br>\n<span style=\"font-size:1em;\">Book builder - Abraham Jerry Kakooza<\/span><\/h3>\n\n<p style=\"text-align: center;\">&nbsp;<\/p>\n"},"metadata":{"contentType":"Text","license":"U","title":"Untitled Text"},"subContentId":"01353513-0203-46a7-a7f4-bb1d8f346485"},"alwaysDisplayComments":false,"backgroundOpacity":0,"willDoAnimation":false,"animationType":"glow","displayAsButton":false,"buttonSize":"big","goToSlideType":"specified","invisible":false,"solution":""}],"slideBackgroundSelector":{}}],"keywordListEnabled":true,"globalBackgroundSelector":{"fillGlobalBackground":"#b7f5da"},"keywordListAlwaysShow":false,"keywordListAutoHide":false,"keywordListOpacity":90},"override":{"activeSurface":false,"hideSummarySlide":false,"summarySlideSolutionButton":true,"summarySlideRetryButton":true,"enablePrintButton":false,"social":{"showFacebookShare":false,"facebookShare":{"url":"@currentpageurl","quote":"I scored @score out of @maxScore on a task at @currentpageurl."},"showTwitterShare":false,"twitterShare":{"statement":"I scored @score out of @maxScore on a task at @currentpageurl.","url":"@currentpageurl","hashtags":"h5p, course"},"showGoogleShare":false,"googleShareUrl":"@currentpageurl"}},"l10n":{"slide":"Slide","score":"Score","yourScore":"Your Score","maxScore":"Max Score","total":"Total","totalScore":"Total Score","showSolutions":"Show solutions","retry":"Retry","exportAnswers":"Export text","hideKeywords":"Hide sidebar navigation menu","showKeywords":"Show sidebar navigation menu","fullscreen":"Fullscreen","exitFullscreen":"Exit fullscreen","prevSlide":"Previous slide","nextSlide":"Next slide","currentSlide":"Current slide","lastSlide":"Last slide","solutionModeTitle":"Exit solution mode","solutionModeText":"Solution Mode","summaryMultipleTaskText":"Multiple tasks","scoreMessage":"You achieved:","shareFacebook":"Share on Facebook","shareTwitter":"Share on Twitter","shareGoogle":"Share on Google+","summary":"Summary","solutionsButtonTitle":"Show comments","printTitle":"Print","printIngress":"How would you like to print this presentation?","printAllSlides":"Print all slides","printCurrentSlide":"Print current slide","noTitle":"No title","accessibilitySlideNavigationExplanation":"Use left and right arrow to change slide in that direction whenever canvas is selected.","accessibilityCanvasLabel":"Presentation canvas. Use left and right arrow to move between slides.","containsNotCompleted":"@slideName contains not completed interaction","containsCompleted":"@slideName contains completed interaction","slideCount":"Slide @index of @total","containsOnlyCorrect":"@slideName only has correct answers","containsIncorrectAnswers":"@slideName has incorrect answers","shareResult":"Share Result","accessibilityTotalScore":"You got @score of @maxScore points in total","accessibilityEnteredFullscreen":"Entered fullscreen","accessibilityExitedFullscreen":"Exited fullscreen"}}