{"presentation":{"slides":[{"elements":[{"x":26.143790849673206,"y":2.1454967741935485,"width":49.45533769063181,"height":70.96774193548387,"action":{"library":"H5P.Image 1.1","params":{"contentName":"Image","file":{"path":"images\/file-6583236a69c90.jpeg","mime":"image\/jpeg","copyright":{"license":"U"},"width":1000,"height":1000}},"subContentId":"9b9fc655-2af5-438e-a5cc-99693672e559","metadata":{"contentType":"Image","license":"U","title":"Untitled Image"}},"backgroundOpacity":0,"willDoAnimation":false,"animationType":"glow","displayAsButton":false,"buttonSize":"big","goToSlideType":"specified","invisible":false},{"x":19.131632653061224,"y":79.48287153652393,"width":62.5,"height":20.151133501259444,"action":{"library":"H5P.CRAdvancedText 1.1","params":{"text":"<h2 style=\"text-align: center;\"><span style=\"font-size:2.25em;\">\u0906\u091c \u0915\u094c\u0928 \u0938\u093e \u0926\u093f\u0928 \u0939\u0948?<\/span><\/h2>\n"},"subContentId":"bca21f5a-9c56-43f6-9c9d-80163dcc6c0c","metadata":{"contentType":"Text","license":"U","title":"Untitled Text"}},"alwaysDisplayComments":false,"backgroundOpacity":0,"willDoAnimation":false,"animationType":"glow","displayAsButton":false,"buttonSize":"big","goToSlideType":"specified","invisible":false,"solution":""}],"slideBackgroundSelector":{}},{"elements":[{"x":29.411764705882355,"y":2.150537634408602,"width":39.97821350762527,"height":73.11827956989247,"action":{"library":"H5P.Image 1.1","params":{"contentName":"Image","file":{"path":"images\/file-658328e766fda.jpg","mime":"image\/jpeg","copyright":{"license":"U"},"width":1000,"height":1000}},"subContentId":"ab415e67-eb4f-4f05-b1f9-022c38ee7beb","metadata":{"contentType":"Image","license":"U","title":"Untitled Image"}},"backgroundOpacity":0,"willDoAnimation":false,"animationType":"glow","displayAsButton":false,"buttonSize":"big","goToSlideType":"specified","invisible":false},{"x":6.377551020408164,"y":78.08564231738035,"width":85.71428571428572,"height":16.120906801007557,"action":{"library":"H5P.CRAdvancedText 1.1","params":{"text":"<p dir=\"ltr\" style=\"text-align: center;\"><span style=\"color:#ffffff;\"><span style=\"font-size:2.25em;\">\u0938\u0941\u092a\u094d\u0930\u092d\u093e\u0924! \u092c\u0947\u0908 \u0906\u091c \u0906\u0924\u0940 \u092a\u094d\u0930\u0938\u0928\u094d\u0928 \u0939\u0948\u0964<\/span><\/span><\/p>\n"},"subContentId":"8a2f3dcf-2c04-464a-ab7f-af4f0c6283f6","metadata":{"contentType":"Text","license":"U","title":"Untitled Text"}},"alwaysDisplayComments":false,"backgroundOpacity":0,"willDoAnimation":false,"animationType":"glow","displayAsButton":false,"buttonSize":"big","goToSlideType":"specified","invisible":false,"solution":""},{"x":47.00255102040816,"y":43.95465994962216,"width":40,"height":40,"action":{"library":"H5P.CRAudio 1.4","params":{"fitToWrapper":true,"currIndex":1,"playerMode":"minimalistic","controls":true,"autoplay":true,"playAudio":"Play audio","pauseAudio":"Pause audio","contentName":"Audio","glowColor":"#ffd85a","timeStampForEachText":[{"text":" \u0938\u0941\u092a\u094d\u0930\u092d\u093e\u0924! ","startDuration":"0.0000","endDuration":"1.1097","wordfile":[{"path":"audios\/wordfile-66048b0d5f84a.wav","mime":"audio\/x-wav","copyright":{"license":"U"}}]},{"text":" \u092c\u0947\u0908 ","startDuration":"1.1107","endDuration":"1.7680","wordfile":[{"path":"audios\/wordfile-66048b1fe1eed.wav","mime":"audio\/x-wav","copyright":{"license":"U"}}]},{"text":" \u0906\u091c ","startDuration":"1.7690","endDuration":"2.1587","wordfile":[{"path":"audios\/wordfile-66048b41c865a.wav","mime":"audio\/x-wav","copyright":{"license":"U"}}]},{"text":" \u0906\u0924\u0940 ","startDuration":"2.1597","endDuration":"2.6370","wordfile":[{"path":"audios\/wordfile-66048b63c5521.wav","mime":"audio\/x-wav","copyright":{"license":"U"}}]},{"text":" \u092a\u094d\u0930\u0938\u0928\u094d\u0928 ","startDuration":"2.6380","endDuration":"3.0083","wordfile":[{"path":"audios\/wordfile-66048b7b79912.wav","mime":"audio\/x-wav","copyright":{"license":"U"}}]},{"text":" \u0939\u0948\u0964 ","startDuration":"3.0093","endDuration":"3.5839","wordfile":[{"path":"audios\/wordfile-66048b9289f12.wav","mime":"audio\/x-wav","copyright":{"license":"U"}}]}],"files":[{"path":"audios\/files-66048ac353dc6.wav","mime":"audio\/x-wav","copyright":{"license":"U"}}]},"subContentId":"98b0051c-1d0b-467b-a7d7-4caf5bc23ed8","metadata":{"contentType":"Curious Reader Audio","license":"U","title":"Untitled Curious Reader Audio"}},"backgroundOpacity":0,"willDoAnimation":false,"animationType":"glow","displayAsButton":false,"buttonSize":"big","goToSlideType":"specified","invisible":false},{"x":33.16326530612245,"y":17.6204282115869,"width":21.301020408163264,"height":40.050377833753146,"action":{"library":"H5P.Image 1.1","params":{"contentName":"Image"},"subContentId":"517725da-f56e-453d-8201-da9faa60ae50","metadata":{"contentType":"Image","license":"U","title":"Untitled Image"}},"backgroundOpacity":0,"willDoAnimation":true,"animationType":"glow","displayAsButton":false,"buttonSize":"big","goToSlideType":"specified","invisible":false,"id":"img98b0051c-1d0b-467b-a7d7-4caf5bc23ed8_1"}],"slideBackgroundSelector":{}},{"elements":[{"x":20.697167755991288,"y":2.1454967741935485,"width":66.66666666666667,"height":77.41935483870967,"action":{"library":"H5P.Image 1.1","params":{"contentName":"Image","file":{"path":"images\/file-65832a5032f10.jpg","mime":"image\/jpeg","copyright":{"license":"U"},"width":1000,"height":1000}},"subContentId":"ef974a78-3caf-4bda-babe-d81908694e6a","metadata":{"contentType":"Image","license":"U","title":"Untitled Image"}},"backgroundOpacity":0,"willDoAnimation":false,"animationType":"glow","displayAsButton":false,"buttonSize":"big","goToSlideType":"specified","invisible":false},{"x":10.204081632653061,"y":83.1234256926952,"width":80.35714285714286,"height":12.846347607052897,"action":{"library":"H5P.CRAdvancedText 1.1","params":{"text":"<p dir=\"ltr\" style=\"text-align: center;\"><span style=\"color:#ffffff;\"><span style=\"font-size:2.25em;\">\u0915\u094b\u0908 \u0906\u0936\u094d\u091a\u0930\u094d\u092f \u0909\u0938\u0915\u0940 \u092a\u094d\u0930\u0924\u0940\u0915\u094d\u0937\u093e \u0915\u0930 \u0930\u0939\u093e \u0939\u094b\u0917\u093e\u0964<\/span><\/span><\/p>\n"},"subContentId":"a838d67e-2f60-44c5-8488-9a30a9b4ea75","metadata":{"contentType":"Text","license":"U","title":"Untitled Text"}},"alwaysDisplayComments":false,"backgroundOpacity":0,"willDoAnimation":false,"animationType":"glow","displayAsButton":false,"buttonSize":"big","goToSlideType":"specified","invisible":false,"solution":""},{"x":47.00255102040816,"y":43.95465994962216,"width":40,"height":40,"action":{"library":"H5P.CRAudio 1.4","params":{"fitToWrapper":true,"currIndex":2,"playerMode":"minimalistic","controls":true,"autoplay":true,"playAudio":"Play audio","pauseAudio":"Pause audio","contentName":"Audio","glowColor":"#ffd85a","timeStampForEachText":[{"text":" \u0915\u094b\u0908 ","startDuration":"0.0000","endDuration":"0.5257","wordfile":[{"path":"audios\/wordfile-66048bbc4d460.wav","mime":"audio\/x-wav","copyright":{"license":"U"}}]},{"text":" \u0906\u0936\u094d\u091a\u0930\u094d\u092f ","startDuration":"0.5267","endDuration":"1.0895","wordfile":[{"path":"audios\/wordfile-66048bd438b0c.wav","mime":"audio\/x-wav","copyright":{"license":"U"}}]},{"text":" \u0909\u0938\u0915\u0940 ","startDuration":"1.0905","endDuration":"1.4719","wordfile":[{"path":"audios\/wordfile-66048beec24c0.wav","mime":"audio\/x-wav","copyright":{"license":"U"}}]},{"text":" \u092a\u094d\u0930\u0924\u0940\u0915\u094d\u0937\u093e ","startDuration":"1.4729","endDuration":"2.0852","wordfile":[{"path":"audios\/wordfile-66048c0aa9a09.wav","mime":"audio\/x-wav","copyright":{"license":"U"}}]},{"text":" \u0915\u0930 ","startDuration":"2.0862","endDuration":"2.2862","wordfile":[{"path":"audios\/wordfile-66048c1e57363.wav","mime":"audio\/x-wav","copyright":{"license":"U"}}]},{"text":" \u0930\u0939\u093e ","startDuration":"2.2872","endDuration":"2.5037","wordfile":[{"path":"audios\/wordfile-66048c392ed89.wav","mime":"audio\/x-wav","copyright":{"license":"U"}}]},{"text":" \u0939\u094b\u0917\u093e\u0964 ","startDuration":"2.5037","endDuration":"3.0591","wordfile":[{"path":"audios\/wordfile-66048c5333d39.wav","mime":"audio\/x-wav","copyright":{"license":"U"}}]}],"files":[{"path":"audios\/files-66048baab9373.wav","mime":"audio\/x-wav","copyright":{"license":"U"}}]},"subContentId":"448ab1c8-8c43-4566-b23a-73d813d7984f","metadata":{"contentType":"Curious Reader Audio","license":"U","title":"Untitled Curious Reader Audio"}},"backgroundOpacity":0,"willDoAnimation":false,"animationType":"glow","displayAsButton":false,"buttonSize":"big","goToSlideType":"specified","invisible":false},{"x":28.061224489795915,"y":37.76372795969773,"width":23.852040816326532,"height":40.050377833753146,"action":{"library":"H5P.Image 1.1","params":{"contentName":"Image"},"subContentId":"01aa9b27-189d-412f-ac46-6e3c8ea86d7a","metadata":{"contentType":"Image","license":"U","title":"Untitled Image"}},"backgroundOpacity":0,"willDoAnimation":true,"animationType":"glow","displayAsButton":false,"buttonSize":"big","goToSlideType":"specified","invisible":false,"id":"img448ab1c8-8c43-4566-b23a-73d813d7984f_2"}],"slideBackgroundSelector":{}},{"elements":[{"x":20.697167755991288,"y":4.29436559139785,"width":55.88235294117647,"height":68.81720430107526,"action":{"library":"H5P.Image 1.1","params":{"contentName":"Image","file":{"path":"images\/file-65832b0b0d2b0.jpg","mime":"image\/jpeg","copyright":{"license":"U"},"width":1000,"height":1000}},"subContentId":"da2b2019-fa80-40b3-8bd9-fe12b1f2ccee","metadata":{"contentType":"Image","license":"U","title":"Untitled Image"}},"backgroundOpacity":0,"willDoAnimation":false,"animationType":"glow","displayAsButton":false,"buttonSize":"big","goToSlideType":"specified","invisible":false},{"x":7.653061224489796,"y":80.60453400503778,"width":86.86224489795919,"height":13.853904282115868,"action":{"library":"H5P.CRAdvancedText 1.1","params":{"text":"<p dir=\"ltr\" style=\"text-align: center;\"><span style=\"color:#ffffff;\"><span style=\"font-size:2.25em;\">\u0913\u0939! \u0915\u094b\u0908 \u0906\u0936\u094d\u091a\u0930\u094d\u092f \u0928\u0939\u0940\u0902? \u0938\u092c \u0932\u094b\u0917 \u0915\u0939\u093e\u0901 \u0939\u0948?<\/span><\/span><\/p>\n"},"subContentId":"655073f1-de35-42df-94e4-f645122ac952","metadata":{"contentType":"Text","license":"U","title":"Untitled Text"}},"alwaysDisplayComments":false,"backgroundOpacity":0,"willDoAnimation":false,"animationType":"glow","displayAsButton":false,"buttonSize":"big","goToSlideType":"specified","invisible":false,"solution":""},{"x":47.00255102040816,"y":43.95465994962216,"width":40,"height":40,"action":{"library":"H5P.CRAudio 1.4","params":{"fitToWrapper":true,"currIndex":3,"playerMode":"minimalistic","controls":true,"autoplay":true,"playAudio":"Play audio","pauseAudio":"Pause audio","contentName":"Audio","glowColor":"#ffd85a","timeStampForEachText":[{"text":" \u0913\u0939! ","startDuration":"0.0000","endDuration":"0.8147","wordfile":[{"path":"audios\/wordfile-66048cfe91df8.wav","mime":"audio\/x-wav","copyright":{"license":"U"}}]},{"text":" \u0915\u094b\u0908 ","startDuration":"0.8157","endDuration":"1.3688","wordfile":[{"path":"audios\/wordfile-66048d118a93d.wav","mime":"audio\/x-wav","copyright":{"license":"U"}}]},{"text":" \u0906\u0936\u094d\u091a\u0930\u094d\u092f ","startDuration":"1.3698","endDuration":"1.7725","wordfile":[{"path":"audios\/wordfile-66048d2d3f6b2.wav","mime":"audio\/x-wav","copyright":{"license":"U"}}]},{"text":" \u0928\u0939\u0940\u0902? ","startDuration":"1.7735","endDuration":"2.3005","wordfile":[{"path":"audios\/wordfile-66048d451ef39.wav","mime":"audio\/x-wav","copyright":{"license":"U"}}]},{"text":" \u0938\u092c ","startDuration":"2.3015","endDuration":"2.7958","wordfile":[{"path":"audios\/wordfile-66048d5939ed2.wav","mime":"audio\/x-wav","copyright":{"license":"U"}}]},{"text":" \u0932\u094b\u0917 ","startDuration":"2.7968","endDuration":"2.9641","wordfile":[{"path":"audios\/wordfile-66048d749ded5.wav","mime":"audio\/x-wav","copyright":{"license":"U"}}]},{"text":" \u0915\u0939\u093e\u0901 ","startDuration":"2.9651","endDuration":"3.3220","wordfile":[{"path":"audios\/wordfile-66048d9fcc4fa.wav","mime":"audio\/x-wav","copyright":{"license":"U"}}]},{"text":" \u0939\u0948? ","startDuration":"3.3230","endDuration":"3.7519","wordfile":[{"path":"audios\/wordfile-66048dc000600.wav","mime":"audio\/x-wav","copyright":{"license":"U"}}]}],"files":[{"path":"audios\/files-66048c994ea24.wav","mime":"audio\/x-wav","copyright":{"license":"U"}}]},"subContentId":"2e0271a0-b694-4a4d-92b4-db0a7f7e1d1a","metadata":{"contentType":"Curious Reader Audio","license":"U","title":"Untitled Curious Reader Audio"}},"backgroundOpacity":0,"willDoAnimation":false,"animationType":"glow","displayAsButton":false,"buttonSize":"big","goToSlideType":"specified","invisible":false}],"slideBackgroundSelector":{}},{"elements":[{"x":28.32244008714597,"y":2.150537634408602,"width":39.97821350762527,"height":68.81720430107526,"action":{"library":"H5P.Image 1.1","params":{"contentName":"Image","file":{"path":"images\/file-65832c012cdae.jpg","mime":"image\/jpeg","copyright":{"license":"U"},"width":1000,"height":1000}},"subContentId":"e2906a2a-6335-4319-9270-1a0d1fed6d24","metadata":{"contentType":"Image","license":"U","title":"Untitled Image"}},"backgroundOpacity":0,"willDoAnimation":false,"animationType":"glow","displayAsButton":false,"buttonSize":"big","goToSlideType":"specified","invisible":false},{"x":5.1020408163265305,"y":70.52896725440806,"width":89.28571428571429,"height":27.707808564231737,"action":{"library":"H5P.CRAdvancedText 1.1","params":{"text":"<p dir=\"ltr\" style=\"text-align: center;\"><span style=\"color:#ffffff;\"><span style=\"font-size:1.625em;\">&amp;ldquo;&nbsp;\u092e\u093e\u0901, \u0915\u094d\u092f\u093e \u0924\u0941\u092e\u094d\u0939\u0947\u0902 \u092a\u0924\u093e \u0939\u0948 \u0906\u091c \u0915\u094d\u092f\u093e \u0939\u0948?&nbsp; &amp;rdquo;&nbsp;\u092c\u0947\u0908 \u092a\u0942\u091b\u0924\u093e \u0939\u0948\u0964 &amp;ldquo;&nbsp;\u0906\u091c \u0930\u0938\u094b\u0908 \u0926\u093f\u0935\u0938 \u0939\u0948,&nbsp;&amp;rdquo; \u092e\u093e\u0901 \u0909\u0924\u094d\u0924\u0930 \u0926\u0947\u0924\u0940 \u0939\u0948\u0964 \u0905\u0930\u0947 \u0928\u0939\u0940\u0902! \u092e\u093e\u0901 \u092d\u0942\u0932 \u0917\u092f\u0940!<\/span><\/span><\/p>\n"},"subContentId":"0848ad97-7280-4f9a-acd7-cd9e37c0a9e2","metadata":{"contentType":"Text","license":"U","title":"Untitled Text"}},"alwaysDisplayComments":false,"backgroundOpacity":0,"willDoAnimation":false,"animationType":"glow","displayAsButton":false,"buttonSize":"big","goToSlideType":"specified","invisible":false,"solution":""},{"x":47.00255102040816,"y":43.95465994962216,"width":40,"height":40,"action":{"library":"H5P.CRAudio 1.4","params":{"fitToWrapper":true,"currIndex":4,"playerMode":"minimalistic","controls":true,"autoplay":true,"playAudio":"Play audio","pauseAudio":"Pause audio","contentName":"Audio","glowColor":"#ffd85a","timeStampForEachText":[{"text":" \u201c\u00a0\u092e\u093e\u0901, ","startDuration":"0.0000","endDuration":"0.9648","wordfile":[{"path":"audios\/wordfile-660492e13350e.wav","mime":"audio\/x-wav","copyright":{"license":"U"}}]},{"text":" \u0915\u094d\u092f\u093e ","startDuration":"0.9658","endDuration":"1.2668","wordfile":[{"path":"audios\/wordfile-660492f9a58f9.wav","mime":"audio\/x-wav","copyright":{"license":"U"}}]},{"text":" \u0924\u0941\u092e\u094d\u0939\u0947\u0902 ","startDuration":"1.2668","endDuration":"1.5389","wordfile":[{"path":"audios\/wordfile-66049ad6227ae.wav","mime":"audio\/x-wav","copyright":{"license":"U"}}]},{"text":" \u092a\u0924\u093e ","startDuration":"1.5399","endDuration":"1.8842","wordfile":[{"path":"audios\/wordfile-66049af7eb140.wav","mime":"audio\/x-wav","copyright":{"license":"U"}}]},{"text":" \u0939\u0948 ","startDuration":"1.8852","endDuration":"2.1429","wordfile":[{"path":"audios\/wordfile-66049b13bd471.wav","mime":"audio\/x-wav","copyright":{"license":"U"}}]},{"text":" \u0906\u091c ","startDuration":"2.1439","endDuration":"2.4593","wordfile":[{"path":"audios\/wordfile-66049b27a8c8e.wav","mime":"audio\/x-wav","copyright":{"license":"U"}}]},{"text":" \u0915\u094d\u092f\u093e ","startDuration":"2.4603","endDuration":"2.7036","wordfile":[{"path":"audios\/wordfile-66049b4572897.wav","mime":"audio\/x-wav","copyright":{"license":"U"}}]},{"text":" \u0939\u0948?\u00a0 ","startDuration":"2.7046","endDuration":"3.1066","wordfile":[{"path":"audios\/wordfile-66049bb65aa63.wav","mime":"audio\/x-wav","copyright":{"license":"U"}}]},{"text":" \u201d\u00a0\u092c\u0947\u0908 ","startDuration":"3.1076","endDuration":"3.8559","wordfile":[{"path":"audios\/wordfile-66049bcb4c098.wav","mime":"audio\/x-wav","copyright":{"license":"U"}}]},{"text":" \u092a\u0942\u091b\u0924\u093e ","startDuration":"3.8569","endDuration":"4.3311","wordfile":[{"path":"audios\/wordfile-66049be7c9875.wav","mime":"audio\/x-wav","copyright":{"license":"U"}}]},{"text":" \u0939\u0948\u0964 ","startDuration":"4.3321","endDuration":"4.5321","wordfile":[{"path":"audios\/wordfile-66049c15c5531.wav","mime":"audio\/x-wav","copyright":{"license":"U"}}]},{"text":" \u201c\u00a0\u0906\u091c ","startDuration":"4.5331","endDuration":"5.5123","wordfile":[{"path":"audios\/wordfile-66049c2dae446.wav","mime":"audio\/x-wav","copyright":{"license":"U"}}]},{"text":" \u0930\u0938\u094b\u0908 ","startDuration":"5.5133","endDuration":"6.0596","wordfile":[{"path":"audios\/wordfile-66049c49b00f7.wav","mime":"audio\/x-wav","copyright":{"license":"U"}}]},{"text":" \u0926\u093f\u0935\u0938 ","startDuration":"6.0606","endDuration":"6.3472","wordfile":[{"path":"audios\/wordfile-66049c659a4c8.wav","mime":"audio\/x-wav","copyright":{"license":"U"}}]},{"text":" \u0939\u0948,\u00a0\u201d ","startDuration":"6.3482","endDuration":"6.7502","wordfile":[{"path":"audios\/wordfile-66049c8465c97.wav","mime":"audio\/x-wav","copyright":{"license":"U"}}]},{"text":" \u092e\u093e\u0901 ","startDuration":"6.7512","endDuration":"7.3697","wordfile":[{"path":"audios\/wordfile-66049c9c7d6c6.wav","mime":"audio\/x-wav","copyright":{"license":"U"}}]},{"text":" \u0909\u0924\u094d\u0924\u0930 ","startDuration":"7.3707","endDuration":"7.5707","wordfile":[{"path":"audios\/wordfile-66049cb480112.wav","mime":"audio\/x-wav","copyright":{"license":"U"}}]},{"text":" \u0926\u0947\u0924\u0940 ","startDuration":"7.5717","endDuration":"7.9016","wordfile":[{"path":"audios\/wordfile-66049cd1e452b.wav","mime":"audio\/x-wav","copyright":{"license":"U"}}]},{"text":" \u0939\u0948\u0964 ","startDuration":"7.9026","endDuration":"8.1026","wordfile":[{"path":"audios\/wordfile-66049ce8cc083.wav","mime":"audio\/x-wav","copyright":{"license":"U"}}]},{"text":" \u0905\u0930\u0947 ","startDuration":"8.1036","endDuration":"8.8375","wordfile":[{"path":"audios\/wordfile-66049cfcbf695.wav","mime":"audio\/x-wav","copyright":{"license":"U"}}]},{"text":" \u0928\u0939\u0940\u0902! ","startDuration":"8.8385","endDuration":"9.3271","wordfile":[{"path":"audios\/wordfile-66049d17856a1.wav","mime":"audio\/x-wav","copyright":{"license":"U"}}]},{"text":" \u092e\u093e\u0901 ","startDuration":"9.3281","endDuration":"9.8888","wordfile":[{"path":"audios\/wordfile-66049d2e50329.wav","mime":"audio\/x-wav","copyright":{"license":"U"}}]},{"text":" \u092d\u0942\u0932 ","startDuration":"9.8898","endDuration":"10.2197","wordfile":[{"path":"audios\/wordfile-66049d41acd9d.wav","mime":"audio\/x-wav","copyright":{"license":"U"}}]},{"text":" \u0917\u092f\u0940! ","startDuration":"10.2207","endDuration":"10.7070","wordfile":[{"path":"audios\/wordfile-66049d56952cc.wav","mime":"audio\/x-wav","copyright":{"license":"U"}}]}],"files":[{"path":"audios\/files-660492caed907.wav","mime":"audio\/x-wav","copyright":{"license":"U"}}]},"subContentId":"6cb8963e-5b9c-46c8-88b7-f35362e9ab50","metadata":{"contentType":"Curious Reader Audio","license":"U","title":"Untitled Curious Reader Audio"}},"backgroundOpacity":0,"willDoAnimation":false,"animationType":"glow","displayAsButton":false,"buttonSize":"big","goToSlideType":"specified","invisible":false},{"x":34.43775510204082,"y":2.5149571788413096,"width":20.025510204081634,"height":44.58438287153652,"action":{"library":"H5P.Image 1.1","params":{"contentName":"Image"},"subContentId":"afe82b6d-4a2e-4051-8a94-959f9c826c1c","metadata":{"contentType":"Image","license":"U","title":"Untitled Image"}},"backgroundOpacity":0,"willDoAnimation":true,"animationType":"glow","displayAsButton":false,"buttonSize":"big","goToSlideType":"specified","invisible":false,"id":"img6cb8963e-5b9c-46c8-88b7-f35362e9ab50_0"},{"x":51.02040816326531,"y":15.105491183879094,"width":16.198979591836736,"height":40.050377833753146,"action":{"library":"H5P.Image 1.1","params":{"contentName":"Image"},"subContentId":"b66cc181-95ce-4fe9-82f4-f4440b8798e4","metadata":{"contentType":"Image","license":"U","title":"Untitled Image"}},"backgroundOpacity":0,"willDoAnimation":true,"animationType":"glow","displayAsButton":false,"buttonSize":"big","goToSlideType":"specified","invisible":false,"id":"img6cb8963e-5b9c-46c8-88b7-f35362e9ab50_8"},{"x":34.43775510204082,"y":35.2448362720403,"width":17.474489795918366,"height":29.974811083123424,"action":{"library":"H5P.Image 1.1","params":{"contentName":"Image"},"subContentId":"f1b9d6f1-9943-4400-bbe4-7324d810cf87","metadata":{"contentType":"Image","license":"U","title":"Untitled Image"}},"backgroundOpacity":0,"willDoAnimation":true,"animationType":"glow","displayAsButton":false,"buttonSize":"big","goToSlideType":"specified","invisible":false,"id":"img6cb8963e-5b9c-46c8-88b7-f35362e9ab50_12"},{"x":35.714285714285715,"y":35.254659949622166,"width":16.198979591836736,"height":32.49370277078086,"action":{"library":"H5P.Image 1.1","params":{"contentName":"Image"},"subContentId":"a66081ed-60a4-42e0-90a6-1be81dbf8c99","metadata":{"contentType":"Image","license":"U","title":"Untitled Image"}},"backgroundOpacity":0,"willDoAnimation":true,"animationType":"glow","displayAsButton":false,"buttonSize":"big","goToSlideType":"specified","invisible":false,"id":"img6cb8963e-5b9c-46c8-88b7-f35362e9ab50_13"}],"slideBackgroundSelector":{}},{"elements":[{"x":28.06122448979592,"y":0,"width":39.97821350762527,"height":70.96774193548387,"action":{"library":"H5P.Image 1.1","params":{"contentName":"Image","file":{"path":"images\/file-65832d06b9d3c.jpg","mime":"image\/jpeg","copyright":{"license":"U"},"width":1000,"height":1000}},"subContentId":"4ef25262-cd77-44b7-9558-621a4320226f","metadata":{"contentType":"Image","license":"U","title":"Untitled Image"}},"backgroundOpacity":0,"willDoAnimation":false,"animationType":"glow","displayAsButton":false,"buttonSize":"big","goToSlideType":"specified","invisible":false},{"x":2.5510204081632653,"y":70.50931989924433,"width":94.38775510204081,"height":29.471032745591938,"action":{"library":"H5P.CRAdvancedText 1.1","params":{"text":"<p dir=\"ltr\" style=\"text-align: center;\"><span style=\"color:#ffffff;\"><span style=\"font-size:1.625em;\">&amp;ldquo;&nbsp;\u0926\u0940\u0926\u0940, \u0924\u0941\u092e\u094d\u0939\u0947\u0902 \u092a\u0924\u093e \u0939\u0948 \u0906\u091c \u0915\u094d\u092f\u093e \u0939\u0948?&nbsp;&amp;rdquo;&nbsp; \u092c\u0947\u0908 \u092a\u0942\u091b\u0924\u093e \u0939\u0948, &amp;ldquo;&nbsp;\u0906\u091c \u091a\u093f\u0924\u094d\u0930\u0915\u0932\u093e \u0926\u093f\u0935\u0938 \u0939\u0948,&nbsp;&amp;rdquo;&nbsp; \u0909\u0938\u0915\u0940 \u092c\u0939\u0928 \u0915\u0939\u0924\u0940 \u0939\u0948\u0964 \u092c\u0947\u0908 \u0915\u094b \u0906\u0936\u094d\u091a\u0930\u094d\u092f \u0939\u094b\u0924\u093e \u0939\u0948 \u0915\u093f \u0909\u0938\u0915\u0940 \u092c\u0939\u0928 \u0915\u094b \u092f\u093e\u0926 \u0915\u094d\u092f\u094b\u0902 \u0928\u0939\u0940\u0902 \u0939\u0948<\/span><\/span><\/p>\n"},"subContentId":"b7357a53-2bb0-4394-930d-05dbc739e7b9","metadata":{"contentType":"Text","license":"U","title":"Untitled Text"}},"alwaysDisplayComments":false,"backgroundOpacity":0,"willDoAnimation":false,"animationType":"glow","displayAsButton":false,"buttonSize":"big","goToSlideType":"specified","invisible":false,"solution":""},{"x":47.00255102040816,"y":43.95465994962216,"width":40,"height":40,"action":{"library":"H5P.CRAudio 1.4","params":{"fitToWrapper":true,"currIndex":5,"playerMode":"minimalistic","controls":true,"autoplay":true,"playAudio":"Play audio","pauseAudio":"Pause audio","contentName":"Audio","glowColor":"#ffd85a","timeStampForEachText":[{"text":" \u201c\u00a0\u0926\u0940\u0926\u0940, ","startDuration":"0.0000","endDuration":"0.8768","wordfile":[{"path":"audios\/wordfile-66049dbd5aa72.wav","mime":"audio\/x-wav","copyright":{"license":"U"}}]},{"text":" \u0924\u0941\u092e\u094d\u0939\u0947\u0902 ","startDuration":"0.8778","endDuration":"1.3984","wordfile":[{"path":"audios\/wordfile-66049dd0741b0.wav","mime":"audio\/x-wav","copyright":{"license":"U"}}]},{"text":" \u092a\u0924\u093e ","startDuration":"1.3994","endDuration":"1.6885","wordfile":[{"path":"audios\/wordfile-66049de82b461.wav","mime":"audio\/x-wav","copyright":{"license":"U"}}]},{"text":" \u0939\u0948 ","startDuration":"1.6895","endDuration":"1.8895","wordfile":[{"path":"audios\/wordfile-66049e0061eb5.wav","mime":"audio\/x-wav","copyright":{"license":"U"}}]},{"text":" \u0906\u091c ","startDuration":"1.8905","endDuration":"2.2508","wordfile":[{"path":"audios\/wordfile-66049e15c9063.wav","mime":"audio\/x-wav","copyright":{"license":"U"}}]},{"text":" \u0915\u094d\u092f\u093e ","startDuration":"2.2518","endDuration":"2.3984","wordfile":[{"path":"audios\/wordfile-66049e379a683.wav","mime":"audio\/x-wav","copyright":{"license":"U"}}]},{"text":" \u0939\u0948?\u00a0\u201d\u00a0 ","startDuration":"2.3994","endDuration":"2.5994","wordfile":[{"path":"audios\/wordfile-66049e5016a09.wav","mime":"audio\/x-wav","copyright":{"license":"U"}}]},{"text":" \u092c\u0947\u0908 ","startDuration":"2.6004","endDuration":"3.3882","wordfile":[{"path":"audios\/wordfile-66049e65f1a24.wav","mime":"audio\/x-wav","copyright":{"license":"U"}}]},{"text":" \u092a\u0942\u091b\u0924\u093e ","startDuration":"3.3892","endDuration":"3.8742","wordfile":[{"path":"audios\/wordfile-66049e800ae57.wav","mime":"audio\/x-wav","copyright":{"license":"U"}}]},{"text":" \u0939\u0948, ","startDuration":"3.8752","endDuration":"4.0752","wordfile":[{"path":"audios\/wordfile-66049e9cadbf4.wav","mime":"audio\/x-wav","copyright":{"license":"U"}}]},{"text":" \u201c\u00a0\u0906\u091c ","startDuration":"4.0762","endDuration":"5.1667","wordfile":[{"path":"audios\/wordfile-66049eb35aeee.wav","mime":"audio\/x-wav","copyright":{"license":"U"}}]},{"text":" \u091a\u093f\u0924\u094d\u0930\u0915\u0932\u093e ","startDuration":"5.1677","endDuration":"5.7773","wordfile":[{"path":"audios\/wordfile-66049ecc2493d.wav","mime":"audio\/x-wav","copyright":{"license":"U"}}]},{"text":" \u0926\u093f\u0935\u0938 ","startDuration":"5.7783","endDuration":"6.1742","wordfile":[{"path":"audios\/wordfile-66049ee1e8928.wav","mime":"audio\/x-wav","copyright":{"license":"U"}}]},{"text":" \u0939\u0948,\u00a0\u201d\u00a0 ","startDuration":"6.1752","endDuration":"6.3752","wordfile":[{"path":"audios\/wordfile-66049ef666525.wav","mime":"audio\/x-wav","copyright":{"license":"U"}}]},{"text":" \u0909\u0938\u0915\u0940 ","startDuration":"6.3762","endDuration":"7.2886","wordfile":[{"path":"audios\/wordfile-66049f0a3d11f.wav","mime":"audio\/x-wav","copyright":{"license":"U"}}]},{"text":" \u092c\u0939\u0928 ","startDuration":"7.2896","endDuration":"7.5608","wordfile":[{"path":"audios\/wordfile-66049f361d453.wav","mime":"audio\/x-wav","copyright":{"license":"U"}}]},{"text":" \u0915\u0939\u0924\u0940 ","startDuration":"7.5618","endDuration":"7.9221","wordfile":[{"path":"audios\/wordfile-66049f53e66b3.wav","mime":"audio\/x-wav","copyright":{"license":"U"}}]},{"text":" \u0939\u0948\u0964 ","startDuration":"7.9231","endDuration":"8.1231","wordfile":[{"path":"audios\/wordfile-66049f6c24b1e.wav","mime":"audio\/x-wav","copyright":{"license":"U"}}]},{"text":" \u092c\u0947\u0908 ","startDuration":"8.1241","endDuration":"9.1612","wordfile":[{"path":"audios\/wordfile-66049f7f313b5.wav","mime":"audio\/x-wav","copyright":{"license":"U"}}]},{"text":" \u0915\u094b ","startDuration":"9.1622","endDuration":"9.4691","wordfile":[{"path":"audios\/wordfile-66049f9a73330.wav","mime":"audio\/x-wav","copyright":{"license":"U"}}]},{"text":" \u0906\u0936\u094d\u091a\u0930\u094d\u092f ","startDuration":"9.4701","endDuration":"10.0441","wordfile":[{"path":"audios\/wordfile-66049fb8b42de.wav","mime":"audio\/x-wav","copyright":{"license":"U"}}]},{"text":" \u0939\u094b\u0924\u093e ","startDuration":"10.0451","endDuration":"10.3876","wordfile":[{"path":"audios\/wordfile-66049fd8f3ed2.wav","mime":"audio\/x-wav","copyright":{"license":"U"}}]},{"text":" \u0939\u0948 ","startDuration":"10.3886","endDuration":"10.5886","wordfile":[{"path":"audios\/wordfile-66049ff438a37.wav","mime":"audio\/x-wav","copyright":{"license":"U"}}]},{"text":" \u0915\u093f ","startDuration":"10.5896","endDuration":"11.1636","wordfile":[{"path":"audios\/wordfile-662a95f5ea6a2.wav","mime":"audio\/x-wav","copyright":{"license":"U"}}]},{"text":" \u0909\u0938\u0915\u0940 ","startDuration":"11.1636","endDuration":"11.3824","wordfile":[{"path":"audios\/wordfile-6604a03698fca.mp3","mime":"audio\/mpeg","copyright":{"license":"U"}}]},{"text":" \u092c\u0939\u0928 ","startDuration":"11.3834","endDuration":"11.5834","wordfile":[{"path":"audios\/wordfile-6604a0693adc5.wav","mime":"audio\/x-wav","copyright":{"license":"U"}}]},{"text":" \u0915\u094b ","startDuration":"11.5844","endDuration":"11.7488","wordfile":[{"path":"audios\/wordfile-6604a0805036a.wav","mime":"audio\/x-wav","copyright":{"license":"U"}}]},{"text":" \u092f\u093e\u0926 ","startDuration":"11.7498","endDuration":"12.0567","wordfile":[{"path":"audios\/wordfile-6604a0b6a02c2.wav","mime":"audio\/x-wav","copyright":{"license":"U"}}]},{"text":" \u0915\u094d\u092f\u094b\u0902 ","startDuration":"12.0577","endDuration":"12.2933","wordfile":[{"path":"audios\/wordfile-6604a0cfdf11a.wav","mime":"audio\/x-wav","copyright":{"license":"U"}}]},{"text":" \u0928\u0939\u0940\u0902 ","startDuration":"12.2943","endDuration":"12.4943","wordfile":[{"path":"audios\/wordfile-6604a0ecb7658.wav","mime":"audio\/x-wav","copyright":{"license":"U"}}]},{"text":" \u0939\u0948 ","startDuration":"12.4953","endDuration":"13.1049","wordfile":[{"path":"audios\/wordfile-6604a100c232e.wav","mime":"audio\/x-wav","copyright":{"license":"U"}}]}],"files":[{"path":"audios\/files-66049daaaa29a.wav","mime":"audio\/x-wav","copyright":{"license":"U"}}]},"subContentId":"682e3e69-9f63-4040-906a-04d88b6b06c8","metadata":{"contentType":"Curious Reader Audio","license":"U","title":"Untitled Curious Reader Audio"}},"backgroundOpacity":0,"willDoAnimation":false,"animationType":"glow","displayAsButton":false,"buttonSize":"big","goToSlideType":"specified","invisible":false},{"x":43.36734693877551,"y":2.5149571788413096,"width":22.5765306122449,"height":62.216624685138534,"action":{"library":"H5P.Image 1.1","params":{"contentName":"Image"},"subContentId":"a4289203-bf72-4746-8af8-914d03d6aa80","metadata":{"contentType":"Image","license":"U","title":"Untitled Image"}},"backgroundOpacity":0,"willDoAnimation":true,"animationType":"glow","displayAsButton":false,"buttonSize":"big","goToSlideType":"specified","invisible":false,"id":"img682e3e69-9f63-4040-906a-04d88b6b06c8_0"},{"x":29.336734693877553,"y":5.037783375314861,"width":17.474489795918366,"height":40.050377833753146,"action":{"library":"H5P.Image 1.1","params":{"contentName":"Image"},"subContentId":"59179461-2051-4ae2-84c2-c7f576afbf66","metadata":{"contentType":"Image","license":"U","title":"Untitled Image"}},"backgroundOpacity":0,"willDoAnimation":true,"animationType":"glow","displayAsButton":false,"buttonSize":"big","goToSlideType":"specified","invisible":false,"id":"img682e3e69-9f63-4040-906a-04d88b6b06c8_7"},{"x":33.16326530612245,"y":42.78564231738036,"width":31.505102040816325,"height":27.455919395465994,"action":{"library":"H5P.Image 1.1","params":{"contentName":"Image"},"subContentId":"bb17eecc-a4b5-45f0-8dc4-7ef875a05311","metadata":{"contentType":"Image","license":"U","title":"Untitled Image"}},"backgroundOpacity":0,"willDoAnimation":true,"animationType":"glow","displayAsButton":false,"buttonSize":"big","goToSlideType":"specified","invisible":false,"id":"img682e3e69-9f63-4040-906a-04d88b6b06c8_11"},{"x":36.98979591836735,"y":42.809319899244336,"width":26.403061224489797,"height":27.20403022670025,"action":{"library":"H5P.Image 1.1","params":{"contentName":"Image"},"subContentId":"adf5fde1-586d-4df9-b7ed-c53539da9bfc","metadata":{"contentType":"Image","license":"U","title":"Untitled Image"}},"backgroundOpacity":0,"willDoAnimation":true,"animationType":"glow","displayAsButton":false,"buttonSize":"big","goToSlideType":"specified","invisible":false,"id":"img682e3e69-9f63-4040-906a-04d88b6b06c8_12"},{"x":35.714285714285715,"y":42.78564231738036,"width":27.67857142857143,"height":27.20403022670025,"action":{"library":"H5P.Image 1.1","params":{"contentName":"Image"},"subContentId":"f54f65cf-c686-4378-8994-3afb222635a0","metadata":{"contentType":"Image","license":"U","title":"Untitled Image"}},"backgroundOpacity":0,"willDoAnimation":true,"animationType":"glow","displayAsButton":false,"buttonSize":"big","goToSlideType":"specified","invisible":false,"id":"img682e3e69-9f63-4040-906a-04d88b6b06c8_13"}],"slideBackgroundSelector":{}},{"elements":[{"x":28.322440087145967,"y":0,"width":39.97821350762527,"height":73.11827956989247,"action":{"library":"H5P.Image 1.1","params":{"contentName":"Image","file":{"path":"images\/file-65832daf4b9a6.jpg","mime":"image\/jpeg","copyright":{"license":"U"},"width":1000,"height":1000}},"subContentId":"77b53485-fb8f-4479-9b9b-07f9db40851e","metadata":{"contentType":"Image","license":"U","title":"Untitled Image"}},"backgroundOpacity":0,"willDoAnimation":false,"animationType":"glow","displayAsButton":false,"buttonSize":"big","goToSlideType":"specified","invisible":false},{"x":3.826530612244898,"y":75.48816120906801,"width":93.11224489795919,"height":24.43324937027708,"action":{"library":"H5P.CRAdvancedText 1.1","params":{"text":"<p dir=\"ltr\" style=\"text-align: center;\"><span style=\"color:#ffffff;\"><span style=\"font-size:1.75em;\">&amp;ldquo;&nbsp;\u091b\u094b\u091f\u0947 \u092d\u0948\u092f\u093e, \u0906\u091c \u0915\u094c\u0928 \u0938\u093e \u0926\u093f\u0928 \u0939\u0948?&nbsp;&amp;rdquo; \u092c\u0947\u0908 \u092a\u0942\u091b\u0924\u093e \u0939\u0948\u0964 &amp;ldquo;&nbsp;\u092c\u0949\u0932! \u092c\u0949\u0932!&nbsp;&amp;rdquo; \u0909\u0938\u0915\u093e \u092d\u093e\u0908 \u0915\u0939\u0924\u093e \u0939\u0948\u0964<\/span><\/span><\/p>\n"},"subContentId":"3f6ad871-cba9-4cde-98ab-07926142842c","metadata":{"contentType":"Text","license":"U","title":"Untitled Text"}},"alwaysDisplayComments":false,"backgroundOpacity":0,"willDoAnimation":false,"animationType":"glow","displayAsButton":false,"buttonSize":"big","goToSlideType":"specified","invisible":false,"solution":""},{"x":47.00255102040816,"y":43.95465994962216,"width":40,"height":40,"action":{"library":"H5P.CRAudio 1.4","params":{"fitToWrapper":true,"currIndex":6,"playerMode":"minimalistic","controls":true,"autoplay":true,"playAudio":"Play audio","pauseAudio":"Pause audio","contentName":"Audio","glowColor":"#ffd85a","timeStampForEachText":[{"text":" \u201c\u00a0\u091b\u094b\u091f\u0947 ","startDuration":"0.0000","endDuration":"0.5006","wordfile":[{"path":"audios\/wordfile-6604a174a280c.wav","mime":"audio\/x-wav","copyright":{"license":"U"}}]},{"text":" \u092d\u0948\u092f\u093e, ","startDuration":"0.5016","endDuration":"1.0623","wordfile":[{"path":"audios\/wordfile-6604a186a89cb.wav","mime":"audio\/x-wav","copyright":{"license":"U"}}]},{"text":" \u0906\u091c ","startDuration":"1.0623","endDuration":"1.2933","wordfile":[{"path":"audios\/wordfile-6604a1a291571.wav","mime":"audio\/x-wav","copyright":{"license":"U"}}]},{"text":" \u0915\u094c\u0928 ","startDuration":"1.2943","endDuration":"1.4943","wordfile":[{"path":"audios\/wordfile-6604a1c9aff0c.wav","mime":"audio\/x-wav","copyright":{"license":"U"}}]},{"text":" \u0938\u093e ","startDuration":"1.4953","endDuration":"1.6552","wordfile":[{"path":"audios\/wordfile-6604a1de79792.wav","mime":"audio\/x-wav","copyright":{"license":"U"}}]},{"text":" \u0926\u093f\u0928 ","startDuration":"1.6562","endDuration":"1.8562","wordfile":[{"path":"audios\/wordfile-6604a1fbec7e6.wav","mime":"audio\/x-wav","copyright":{"license":"U"}}]},{"text":" \u0939\u0948?\u00a0\u201d ","startDuration":"1.8572","endDuration":"2.2275","wordfile":[{"path":"audios\/wordfile-6604a20f6a25a.wav","mime":"audio\/x-wav","copyright":{"license":"U"}}]},{"text":" \u092c\u0947\u0908 ","startDuration":"2.2285","endDuration":"2.9795","wordfile":[{"path":"audios\/wordfile-6604a223e1991.wav","mime":"audio\/x-wav","copyright":{"license":"U"}}]},{"text":" \u092a\u0942\u091b\u0924\u093e ","startDuration":"2.9805","endDuration":"3.4610","wordfile":[{"path":"audios\/wordfile-6604a2393e8be.wav","mime":"audio\/x-wav","copyright":{"license":"U"}}]},{"text":" \u0939\u0948\u0964 ","startDuration":"3.4620","endDuration":"3.6620","wordfile":[{"path":"audios\/wordfile-6604a24e39fcf.wav","mime":"audio\/x-wav","copyright":{"license":"U"}}]},{"text":" \u201c\u00a0\u092c\u0949\u0932! ","startDuration":"3.6630","endDuration":"5.0652","wordfile":[{"path":"audios\/wordfile-6604a2663c44c.mp3","mime":"audio\/mpeg","copyright":{"license":"U"}}]},{"text":" \u092c\u0949\u0932!\u00a0\u201d ","startDuration":"5.0662","endDuration":"5.8072","wordfile":[{"path":"audios\/wordfile-6604a278810bc.mp3","mime":"audio\/mpeg","copyright":{"license":"U"}}]},{"text":" \u0909\u0938\u0915\u093e ","startDuration":"5.8082","endDuration":"6.3088","wordfile":[{"path":"audios\/wordfile-6604a28ba18e8.wav","mime":"audio\/x-wav","copyright":{"license":"U"}}]},{"text":" \u092d\u093e\u0908 ","startDuration":"6.3098","endDuration":"6.5098","wordfile":[{"path":"audios\/wordfile-6604a2a2df004.wav","mime":"audio\/x-wav","copyright":{"license":"U"}}]},{"text":" \u0915\u0939\u0924\u093e ","startDuration":"6.5108","endDuration":"6.9613","wordfile":[{"path":"audios\/wordfile-6604a2b50d975.wav","mime":"audio\/x-wav","copyright":{"license":"U"}}]},{"text":" \u0939\u0948\u0964 ","startDuration":"6.9623","endDuration":"7.1623","wordfile":[{"path":"audios\/wordfile-6604a2ca984ad.wav","mime":"audio\/x-wav","copyright":{"license":"U"}}]}],"files":[{"path":"audios\/files-6604a16023d03.wav","mime":"audio\/x-wav","copyright":{"license":"U"}}]},"subContentId":"b09f16e4-e022-45ba-9eba-16737f82ca4c","metadata":{"contentType":"Curious Reader Audio","license":"U","title":"Untitled Curious Reader Audio"}},"backgroundOpacity":0,"willDoAnimation":false,"animationType":"glow","displayAsButton":false,"buttonSize":"big","goToSlideType":"specified","invisible":false},{"x":29.336734693877553,"y":30.21108312342569,"width":18.75,"height":40.050377833753146,"action":{"library":"H5P.Image 1.1","params":{"contentName":"Image"},"subContentId":"3d487517-cd1d-4296-b3f3-04d581ebe818","metadata":{"contentType":"Image","license":"U","title":"Untitled Image"}},"backgroundOpacity":0,"willDoAnimation":true,"animationType":"glow","displayAsButton":false,"buttonSize":"big","goToSlideType":"specified","invisible":false,"id":"imgb09f16e4-e022-45ba-9eba-16737f82ca4c_1"},{"x":39.54081632653062,"y":2.5149571788413096,"width":25.127551020408163,"height":49.622166246851386,"action":{"library":"H5P.Image 1.1","params":{"contentName":"Image"},"subContentId":"78c3d531-9595-4812-baef-cdf136a5cf5c","metadata":{"contentType":"Image","license":"U","title":"Untitled Image"}},"backgroundOpacity":0,"willDoAnimation":true,"animationType":"glow","displayAsButton":false,"buttonSize":"big","goToSlideType":"specified","invisible":false,"id":"imgb09f16e4-e022-45ba-9eba-16737f82ca4c_7"},{"x":36.98979591836735,"y":45.32821158690176,"width":12.372448979591837,"height":21.914357682619645,"action":{"library":"H5P.Image 1.1","params":{"contentName":"Image"},"subContentId":"14ab50e1-b880-45e0-a4ff-07e4fcdeaa63","metadata":{"contentType":"Image","license":"U","title":"Untitled Image"}},"backgroundOpacity":0,"willDoAnimation":true,"animationType":"glow","displayAsButton":false,"buttonSize":"big","goToSlideType":"specified","invisible":false,"id":"imgb09f16e4-e022-45ba-9eba-16737f82ca4c_10"},{"x":36.98979591836735,"y":45.30453400503778,"width":12.372448979591837,"height":22.41813602015113,"action":{"library":"H5P.Image 1.1","params":{"contentName":"Image"},"subContentId":"86a7fb50-4ea1-44fd-9191-2e6d302d15b3","metadata":{"contentType":"Image","license":"U","title":"Untitled Image"}},"backgroundOpacity":0,"willDoAnimation":true,"animationType":"glow","displayAsButton":false,"buttonSize":"big","goToSlideType":"specified","invisible":false,"id":"imgb09f16e4-e022-45ba-9eba-16737f82ca4c_11"}],"slideBackgroundSelector":{}},{"elements":[{"x":26.785714285714285,"y":0,"width":39.97821350762527,"height":68.81720430107526,"action":{"library":"H5P.Image 1.1","params":{"contentName":"Image","file":{"path":"images\/file-65832df23c7df.jpg","mime":"image\/jpeg","copyright":{"license":"U"},"width":1000,"height":1000}},"subContentId":"9efe1161-d9dc-4013-9534-4e97a7ed87a0","metadata":{"contentType":"Image","license":"U","title":"Untitled Image"}},"backgroundOpacity":0,"willDoAnimation":false,"animationType":"glow","displayAsButton":false,"buttonSize":"big","goToSlideType":"specified","invisible":false},{"x":5.1020408163265305,"y":75.50780856423174,"width":85.45918367346938,"height":20.151133501259444,"action":{"library":"H5P.CRAdvancedText 1.1","params":{"text":"<p dir=\"ltr\" style=\"text-align: center;\"><span style=\"color:#ffffff;\"><span style=\"font-size:2.25em;\">\u0915\u0926\u093e\u091a\u093f\u0924 \u092c\u0947\u0908 \u0915\u0947 \u092e\u093f\u0924\u094d\u0930\u094b\u0902 \u0915\u094b \u0938\u094d\u092e\u0930\u0923 \u0939\u094b\u0917\u093e!<\/span><\/span><\/p>\n"},"subContentId":"55640de6-21a3-43aa-bbf7-06e03a641041","metadata":{"contentType":"Text","license":"U","title":"Untitled Text"}},"alwaysDisplayComments":false,"backgroundOpacity":0,"willDoAnimation":false,"animationType":"glow","displayAsButton":false,"buttonSize":"big","goToSlideType":"specified","invisible":false,"solution":""},{"x":28.061224489795915,"y":10.071637279596978,"width":9.821428571428571,"height":16.876574307304786,"action":{"library":"H5P.Image 1.1","params":{"contentName":"Image"},"subContentId":"ca5470a6-0330-4674-88bb-aa75b8ff6f65","metadata":{"contentType":"Image","license":"U","title":"Untitled Image"}},"backgroundOpacity":0,"willDoAnimation":true,"animationType":"glow","displayAsButton":false,"buttonSize":"big","goToSlideType":"specified","invisible":false,"id":"img814e63c9-1823-45eb-9ccc-4b301b5e0689_1"},{"x":47.00255102040816,"y":43.95465994962216,"width":40,"height":40,"action":{"library":"H5P.CRAudio 1.4","params":{"fitToWrapper":true,"currIndex":7,"playerMode":"minimalistic","controls":true,"autoplay":true,"playAudio":"Play audio","pauseAudio":"Pause audio","contentName":"Audio","glowColor":"#ffd85a","timeStampForEachText":[{"text":" \u0915\u0926\u093e\u091a\u093f\u0924 ","startDuration":"0.0000","endDuration":"0.6525","wordfile":[{"path":"audios\/wordfile-6604a2f5bee53.wav","mime":"audio\/x-wav","copyright":{"license":"U"}}]},{"text":" \u092c\u0947\u0908 ","startDuration":"0.6535","endDuration":"1.2535","wordfile":[{"path":"audios\/wordfile-6604a30bbce8a.wav","mime":"audio\/x-wav","copyright":{"license":"U"}}]},{"text":" \u0915\u0947 ","startDuration":"1.2545","endDuration":"1.3979","wordfile":[{"path":"audios\/wordfile-662a967784796.wav","mime":"audio\/x-wav","copyright":{"license":"U"}}]},{"text":" \u092e\u093f\u0924\u094d\u0930\u094b\u0902 ","startDuration":"1.3989","endDuration":"1.7726","wordfile":[{"path":"audios\/wordfile-6604a3323a9c3.wav","mime":"audio\/x-wav","copyright":{"license":"U"}}]},{"text":" \u0915\u094b ","startDuration":"1.7736","endDuration":"1.9049","wordfile":[{"path":"audios\/wordfile-6604a34b1d422.wav","mime":"audio\/x-wav","copyright":{"license":"U"}}]},{"text":" \u0938\u094d\u092e\u0930\u0923 ","startDuration":"1.9059","endDuration":"2.2675","wordfile":[{"path":"audios\/wordfile-6604a35d42e60.wav","mime":"audio\/x-wav","copyright":{"license":"U"}}]},{"text":" \u0939\u094b\u0917\u093e! ","startDuration":"2.2685","endDuration":"2.7998","wordfile":[{"path":"audios\/wordfile-6604a373e44bf.wav","mime":"audio\/x-wav","copyright":{"license":"U"}}]}],"files":[{"path":"audios\/files-6604a2e4a8ca2.wav","mime":"audio\/x-wav","copyright":{"license":"U"}}]},"subContentId":"6ed7f771-0803-4e92-9e76-33a8ba86290a","metadata":{"contentType":"Curious Reader Audio","license":"U","title":"Untitled Curious Reader Audio"}},"backgroundOpacity":0,"willDoAnimation":false,"animationType":"glow","displayAsButton":false,"buttonSize":"big","goToSlideType":"specified","invisible":false},{"x":29.336734693877553,"y":17.614534005037783,"width":30.229591836734695,"height":49.622166246851386,"action":{"library":"H5P.Image 1.1","params":{"contentName":"Image"},"subContentId":"60f955f0-2d54-4458-ae4c-c3390b11476d","metadata":{"contentType":"Image","license":"U","title":"Untitled Image"}},"backgroundOpacity":0,"willDoAnimation":true,"animationType":"glow","displayAsButton":false,"buttonSize":"big","goToSlideType":"specified","invisible":false,"id":"img6ed7f771-0803-4e92-9e76-33a8ba86290a_1"},{"x":29.336734693877553,"y":10.071637279596978,"width":9.821428571428571,"height":19.395465994962215,"action":{"library":"H5P.Image 1.1","params":{"contentName":"Image"},"subContentId":"1d998a4f-a65d-4311-b21b-e15edcd94016","metadata":{"contentType":"Image","license":"U","title":"Untitled Image"}},"backgroundOpacity":0,"willDoAnimation":true,"animationType":"glow","displayAsButton":false,"buttonSize":"big","goToSlideType":"specified","invisible":false,"id":"img6ed7f771-0803-4e92-9e76-33a8ba86290a_3"},{"x":48.46938775510204,"y":7.552745591939547,"width":13.64795918367347,"height":24.43324937027708,"action":{"library":"H5P.Image 1.1","params":{"contentName":"Image"},"subContentId":"f95064ee-7dfe-45c9-b77c-d99b9a0e53c3","metadata":{"contentType":"Image","license":"U","title":"Untitled Image"}},"backgroundOpacity":0,"willDoAnimation":true,"animationType":"glow","displayAsButton":false,"buttonSize":"big","goToSlideType":"specified","invisible":false,"id":"img6ed7f771-0803-4e92-9e76-33a8ba86290a_3"}],"slideBackgroundSelector":{}},{"elements":[{"x":27.233115468409586,"y":2.150537634408602,"width":39.97821350762527,"height":68.81720430107526,"action":{"library":"H5P.Image 1.1","params":{"contentName":"Image","file":{"path":"images\/file-65832e622eb7a.jpg","mime":"image\/jpeg","copyright":{"license":"U"},"width":1000,"height":1000}},"subContentId":"ec57b43b-aee5-45d7-beed-583e41fda5d6","metadata":{"contentType":"Image","license":"U","title":"Untitled Image"}},"backgroundOpacity":0,"willDoAnimation":false,"animationType":"glow","displayAsButton":false,"buttonSize":"big","goToSlideType":"specified","invisible":false},{"x":5.1020408163265305,"y":70.52896725440806,"width":89.28571428571429,"height":29.471032745591938,"action":{"library":"H5P.CRAdvancedText 1.1","params":{"text":"<p dir=\"ltr\" style=\"text-align: center;\"><span style=\"color:#ffffff;\"><span style=\"font-size:1.75em;\">&amp;ldquo;&nbsp;\u0936\u0936\u0915, \u0906\u091c \u0915\u094c\u0928 \u0938\u093e \u0926\u093f\u0928 \u0939\u0948?&nbsp;&amp;rdquo;&nbsp; \u092c\u0947\u0908 \u092a\u0942\u091b\u0924\u093e \u0939\u0948\u0964&nbsp; &amp;ldquo;&nbsp;\u0906\u091c \u0938\u093f\u0932\u093e\u0908 \u0926\u093f\u0935\u0938 \u0939\u0948,&nbsp;&amp;rdquo; \u0936\u0936\u0915 \u0915\u0939\u0924\u093e \u0939\u0948\u0964<\/span><\/span><\/p>\n"},"subContentId":"d4851261-22f1-43e0-b1b9-2adb9168cc3b","metadata":{"contentType":"Text","license":"U","title":"Untitled Text"}},"alwaysDisplayComments":false,"backgroundOpacity":0,"willDoAnimation":false,"animationType":"glow","displayAsButton":false,"buttonSize":"big","goToSlideType":"specified","invisible":false,"solution":""},{"x":47.00255102040816,"y":43.95465994962216,"width":40,"height":40,"action":{"library":"H5P.CRAudio 1.4","params":{"fitToWrapper":true,"currIndex":8,"playerMode":"minimalistic","controls":true,"autoplay":true,"playAudio":"Play audio","pauseAudio":"Pause audio","contentName":"Audio","glowColor":"#ffd85a","timeStampForEachText":[{"text":" \u201c\u00a0\u0936\u0936\u0915, ","startDuration":"0.0000","endDuration":"0.9782","wordfile":[{"path":"audios\/wordfile-6604a5980ed69.wav","mime":"audio\/x-wav","copyright":{"license":"U"}}]},{"text":" \u0906\u091c ","startDuration":"0.9792","endDuration":"1.5484","wordfile":[{"path":"audios\/wordfile-6604a5abbab57.wav","mime":"audio\/x-wav","copyright":{"license":"U"}}]},{"text":" \u0915\u094c\u0928 ","startDuration":"1.5494","endDuration":"1.8093","wordfile":[{"path":"audios\/wordfile-6604a5c4ad3b2.wav","mime":"audio\/x-wav","copyright":{"license":"U"}}]},{"text":" \u0938\u093e ","startDuration":"1.8103","endDuration":"1.9351","wordfile":[{"path":"audios\/wordfile-6604a5df42a39.wav","mime":"audio\/x-wav","copyright":{"license":"U"}}]},{"text":" \u0926\u093f\u0928 ","startDuration":"1.9361","endDuration":"2.1361","wordfile":[{"path":"audios\/wordfile-6604a5f9924ce.wav","mime":"audio\/x-wav","copyright":{"license":"U"}}]},{"text":" \u0939\u0948?\u00a0\u201d\u00a0 ","startDuration":"2.1371","endDuration":"2.5666","wordfile":[{"path":"audios\/wordfile-6604a6110c831.wav","mime":"audio\/x-wav","copyright":{"license":"U"}}]},{"text":" \u092c\u0947\u0908 ","startDuration":"2.5676","endDuration":"3.0270","wordfile":[{"path":"audios\/wordfile-6604a62314488.wav","mime":"audio\/x-wav","copyright":{"license":"U"}}]},{"text":" \u092a\u0942\u091b\u0924\u093e ","startDuration":"3.0280","endDuration":"3.4475","wordfile":[{"path":"audios\/wordfile-6604a63566329.wav","mime":"audio\/x-wav","copyright":{"license":"U"}}]},{"text":" \u0939\u0948\u0964\u00a0 ","startDuration":"3.4485","endDuration":"3.7882","wordfile":[{"path":"audios\/wordfile-6604a8ca41038.wav","mime":"audio\/x-wav","copyright":{"license":"U"}}]},{"text":" \u201c\u00a0\u0906\u091c ","startDuration":"3.7892","endDuration":"4.6178","wordfile":[{"path":"audios\/wordfile-6604a8e80c07c.wav","mime":"audio\/x-wav","copyright":{"license":"U"}}]},{"text":" \u0938\u093f\u0932\u093e\u0908 ","startDuration":"4.6188","endDuration":"5.0782","wordfile":[{"path":"audios\/wordfile-6604a903e079f.wav","mime":"audio\/x-wav","copyright":{"license":"U"}}]},{"text":" \u0926\u093f\u0935\u0938 ","startDuration":"5.0792","endDuration":"5.3989","wordfile":[{"path":"audios\/wordfile-6604a9275c670.wav","mime":"audio\/x-wav","copyright":{"license":"U"}}]},{"text":" \u0939\u0948,\u00a0\u201d ","startDuration":"5.3999","endDuration":"5.7296","wordfile":[{"path":"audios\/wordfile-6604a93fe78d8.wav","mime":"audio\/x-wav","copyright":{"license":"U"}}]},{"text":" \u0936\u0936\u0915 ","startDuration":"5.7306","endDuration":"6.3796","wordfile":[{"path":"audios\/wordfile-6604a97380ffd.wav","mime":"audio\/x-wav","copyright":{"license":"U"}}]},{"text":" \u0915\u0939\u0924\u093e ","startDuration":"6.3806","endDuration":"6.7602","wordfile":[{"path":"audios\/wordfile-6604a98587baa.wav","mime":"audio\/x-wav","copyright":{"license":"U"}}]},{"text":" \u0939\u0948\u0964 ","startDuration":"6.7612","endDuration":"7.4002","wordfile":[{"path":"audios\/wordfile-6604a99b828db.wav","mime":"audio\/x-wav","copyright":{"license":"U"}}]}],"files":[{"path":"audios\/files-6604a583934ef.wav","mime":"audio\/x-wav","copyright":{"license":"U"}}]},"subContentId":"aa33c28c-8631-4847-b4ae-1a04399d2415","metadata":{"contentType":"Curious Reader Audio","license":"U","title":"Untitled Curious Reader Audio"}},"backgroundOpacity":0,"willDoAnimation":false,"animationType":"glow","displayAsButton":false,"buttonSize":"big","goToSlideType":"specified","invisible":false},{"x":30.612244897959183,"y":15.101536523929472,"width":21.301020408163264,"height":52.141057934508815,"action":{"library":"H5P.Image 1.1","params":{"contentName":"Image"},"subContentId":"b856af67-7f3d-4ee5-a4a3-f195f07f6a82","metadata":{"contentType":"Image","license":"U","title":"Untitled Image"}},"backgroundOpacity":0,"willDoAnimation":true,"animationType":"glow","displayAsButton":false,"buttonSize":"big","goToSlideType":"specified","invisible":false,"id":"imgaa33c28c-8631-4847-b4ae-1a04399d2415_6"},{"x":47.19387755102041,"y":30.21108312342569,"width":20.025510204081634,"height":40.050377833753146,"action":{"library":"H5P.Image 1.1","params":{"contentName":"Image"},"subContentId":"d9b7d065-b4db-40aa-acea-51cba33b1f73","metadata":{"contentType":"Image","license":"U","title":"Untitled Image"}},"backgroundOpacity":0,"willDoAnimation":true,"animationType":"glow","displayAsButton":false,"buttonSize":"big","goToSlideType":"specified","invisible":false,"id":"imgaa33c28c-8631-4847-b4ae-1a04399d2415_0"},{"x":45.91836734693878,"y":50.336523929471035,"width":13.64795918367347,"height":17.38035264483627,"action":{"library":"H5P.Image 1.1","params":{"contentName":"Image"},"subContentId":"446dffac-289d-4d1f-b564-1befc3775f1c","metadata":{"contentType":"Image","license":"U","title":"Untitled Image"}},"backgroundOpacity":0,"willDoAnimation":true,"animationType":"glow","displayAsButton":false,"buttonSize":"big","goToSlideType":"specified","invisible":false,"id":"imgaa33c28c-8631-4847-b4ae-1a04399d2415_10"},{"x":45.91836734693878,"y":50.336523929471035,"width":14.923469387755102,"height":19.64735516372796,"action":{"library":"H5P.Image 1.1","params":{"contentName":"Image"},"subContentId":"37d4ba37-dc3b-4fc4-8544-70c08657b417","metadata":{"contentType":"Image","license":"U","title":"Untitled Image"}},"backgroundOpacity":0,"willDoAnimation":true,"animationType":"glow","displayAsButton":false,"buttonSize":"big","goToSlideType":"specified","invisible":false,"id":"imgaa33c28c-8631-4847-b4ae-1a04399d2415_11"}],"slideBackgroundSelector":{}},{"elements":[{"x":27.233115468409586,"y":0,"width":39.97821350762527,"height":70.96774193548387,"action":{"library":"H5P.Image 1.1","params":{"contentName":"Image","file":{"path":"images\/file-65832ed786e36.jpg","mime":"image\/jpeg","copyright":{"license":"U"},"width":1000,"height":1000}},"subContentId":"476d4d2a-b6f0-42fb-bc07-70273973f3c7","metadata":{"contentType":"Image","license":"U","title":"Untitled Image"}},"backgroundOpacity":0,"willDoAnimation":false,"animationType":"glow","displayAsButton":false,"buttonSize":"big","goToSlideType":"specified","invisible":false},{"x":2.5510204081632653,"y":70.52896725440806,"width":94.38775510204081,"height":29.471032745591938,"action":{"library":"H5P.CRAdvancedText 1.1","params":{"text":"<p dir=\"ltr\" style=\"text-align: center;\"><span style=\"color:#ffffff;\"><span style=\"font-size:1.75em;\">&amp;ldquo;&nbsp;\u0939\u093f\u0930\u0923, \u0906\u091c \u0915\u094c\u0928 \u0938\u093e \u0926\u093f\u0928 \u0939\u0948?&nbsp;&amp;rdquo; \u092c\u0947\u0908 \u092a\u0942\u091b\u0924\u093e \u0939\u0948\u0964 &amp;ldquo;&nbsp;\u0906\u091c \u0915\u0943\u0937\u093f \u0926\u093f\u0935\u0938 \u0939\u0948,&nbsp;&amp;rdquo; \u0939\u093f\u0930\u0923 \u0909\u0924\u094d\u0924\u0930 \u0926\u0947\u0924\u093e \u0939\u0948\u0964 \u092c\u0947\u0908 \u0926\u0941\u0916\u0940 \u0939\u094b\u0928\u0947 \u0932\u0917\u0924\u093e \u0939\u0948\u0964<\/span><\/span><\/p>\n"},"subContentId":"b6b0b06c-2a51-4d11-9837-3ede0adbf565","metadata":{"contentType":"Text","license":"U","title":"Untitled Text"}},"alwaysDisplayComments":false,"backgroundOpacity":0,"willDoAnimation":false,"animationType":"glow","displayAsButton":false,"buttonSize":"big","goToSlideType":"specified","invisible":false,"solution":""},{"x":47.00255102040816,"y":43.95465994962216,"width":40,"height":40,"action":{"library":"H5P.CRAudio 1.4","params":{"fitToWrapper":true,"currIndex":9,"playerMode":"minimalistic","controls":true,"autoplay":true,"playAudio":"Play audio","pauseAudio":"Pause audio","contentName":"Audio","glowColor":"#ffd85a","timeStampForEachText":[{"text":" \u201c\u00a0\u0939\u093f\u0930\u0923, ","startDuration":"0.0000","endDuration":"1.3054","wordfile":[{"path":"audios\/wordfile-6604a9f37b4dc.wav","mime":"audio\/x-wav","copyright":{"license":"U"}}]},{"text":" \u0906\u091c ","startDuration":"1.3064","endDuration":"1.6975","wordfile":[{"path":"audios\/wordfile-6604aa0decd3a.wav","mime":"audio\/x-wav","copyright":{"license":"U"}}]},{"text":" \u0915\u094c\u0928 ","startDuration":"1.6985","endDuration":"1.9531","wordfile":[{"path":"audios\/wordfile-6604aa202f002.wav","mime":"audio\/x-wav","copyright":{"license":"U"}}]},{"text":" \u0938\u093e ","startDuration":"1.9541","endDuration":"2.0995","wordfile":[{"path":"audios\/wordfile-6604aa3aebf38.wav","mime":"audio\/x-wav","copyright":{"license":"U"}}]},{"text":" \u0926\u093f\u0928 ","startDuration":"2.1005","endDuration":"2.3551","wordfile":[{"path":"audios\/wordfile-6604aa5c87ad6.wav","mime":"audio\/x-wav","copyright":{"license":"U"}}]},{"text":" \u0939\u0948?\u00a0\u201d ","startDuration":"2.3561","endDuration":"2.7472","wordfile":[{"path":"audios\/wordfile-6604aa74dd770.wav","mime":"audio\/x-wav","copyright":{"license":"U"}}]},{"text":" \u092c\u0947\u0908 ","startDuration":"2.7482","endDuration":"3.3576","wordfile":[{"path":"audios\/wordfile-6604aa88bd411.wav","mime":"audio\/x-wav","copyright":{"license":"U"}}]},{"text":" \u092a\u0942\u091b\u0924\u093e ","startDuration":"3.3586","endDuration":"3.8588","wordfile":[{"path":"audios\/wordfile-6604aaa42450f.wav","mime":"audio\/x-wav","copyright":{"license":"U"}}]},{"text":" \u0939\u0948\u0964 ","startDuration":"3.8598","endDuration":"4.0598","wordfile":[{"path":"audios\/wordfile-6604aab910d97.wav","mime":"audio\/x-wav","copyright":{"license":"U"}}]},{"text":" \u201c\u00a0\u0906\u091c ","startDuration":"4.0608","endDuration":"4.9295","wordfile":[{"path":"audios\/wordfile-6604aace4cc46.wav","mime":"audio\/x-wav","copyright":{"license":"U"}}]},{"text":" \u0915\u0943\u0937\u093f ","startDuration":"4.9305","endDuration":"5.2806","wordfile":[{"path":"audios\/wordfile-6604aae423a1b.wav","mime":"audio\/x-wav","copyright":{"license":"U"}}]},{"text":" \u0926\u093f\u0935\u0938 ","startDuration":"5.2816","endDuration":"5.5771","wordfile":[{"path":"audios\/wordfile-6604aafdda3f5.wav","mime":"audio\/x-wav","copyright":{"license":"U"}}]},{"text":" \u0939\u0948,\u00a0\u201d ","startDuration":"5.5781","endDuration":"6.0101","wordfile":[{"path":"audios\/wordfile-6604ab17d9af4.wav","mime":"audio\/x-wav","copyright":{"license":"U"}}]},{"text":" \u0939\u093f\u0930\u0923 ","startDuration":"6.0111","endDuration":"6.5932","wordfile":[{"path":"audios\/wordfile-6604ab2ea1bbb.wav","mime":"audio\/x-wav","copyright":{"license":"U"}}]},{"text":" \u0909\u0924\u094d\u0924\u0930 ","startDuration":"6.5942","endDuration":"6.9853","wordfile":[{"path":"audios\/wordfile-6604ab45b38af.wav","mime":"audio\/x-wav","copyright":{"license":"U"}}]},{"text":" \u0926\u0947\u0924\u093e ","startDuration":"6.9863","endDuration":"7.3364","wordfile":[{"path":"audios\/wordfile-6604ab5bc5264.wav","mime":"audio\/x-wav","copyright":{"license":"U"}}]},{"text":" \u0939\u0948\u0964 ","startDuration":"7.3374","endDuration":"7.5374","wordfile":[{"path":"audios\/wordfile-6604ab7bb4a2c.wav","mime":"audio\/x-wav","copyright":{"license":"U"}}]},{"text":" \u092c\u0947\u0908 ","startDuration":"7.5384","endDuration":"8.4753","wordfile":[{"path":"audios\/wordfile-6604ab91b444e.wav","mime":"audio\/x-wav","copyright":{"license":"U"}}]},{"text":" \u0926\u0941\u0916\u0940 ","startDuration":"8.4763","endDuration":"8.7991","wordfile":[{"path":"audios\/wordfile-6604abae6864a.wav","mime":"audio\/x-wav","copyright":{"license":"U"}}]},{"text":" \u0939\u094b\u0928\u0947 ","startDuration":"8.8001","endDuration":"9.0001","wordfile":[{"path":"audios\/wordfile-6604abc5afa43.wav","mime":"audio\/x-wav","copyright":{"license":"U"}}]},{"text":" \u0932\u0917\u0924\u093e ","startDuration":"9.0011","endDuration":"9.4331","wordfile":[{"path":"audios\/wordfile-6604abdb63560.wav","mime":"audio\/x-wav","copyright":{"license":"U"}}]},{"text":" \u0939\u0948\u0964 ","startDuration":"9.4341","endDuration":"10.1258","wordfile":[{"path":"audios\/wordfile-6604abed5b8fa.wav","mime":"audio\/x-wav","copyright":{"license":"U"}}]}],"files":[{"path":"audios\/files-6604a9dcd3c30.wav","mime":"audio\/x-wav","copyright":{"license":"U"}}]},"subContentId":"50750857-562c-49f2-a1a6-75443dcd044c","metadata":{"contentType":"Curious Reader Audio","license":"U","title":"Untitled Curious Reader Audio"}},"backgroundOpacity":0,"willDoAnimation":false,"animationType":"glow","displayAsButton":false,"buttonSize":"big","goToSlideType":"specified","invisible":false},{"x":38.26428571428572,"y":10.059823677581864,"width":11.096938775510205,"height":26.952141057934508,"action":{"library":"H5P.Image 1.1","params":{"contentName":"Image"},"subContentId":"a685d25d-4675-4afc-9e08-1255b1179a53","metadata":{"contentType":"Image","license":"U","title":"Untitled Image"}},"backgroundOpacity":0,"willDoAnimation":true,"animationType":"glow","displayAsButton":false,"buttonSize":"big","goToSlideType":"specified","invisible":false,"id":"img50750857-562c-49f2-a1a6-75443dcd044c_6"},{"x":47.19387755102041,"y":12.57478589420655,"width":13.64795918367347,"height":24.43324937027708,"action":{"library":"H5P.Image 1.1","params":{"contentName":"Image"},"subContentId":"bffbe57f-4115-4067-8ca6-e80a7219de2f","metadata":{"contentType":"Image","license":"U","title":"Untitled Image"}},"backgroundOpacity":0,"willDoAnimation":true,"animationType":"glow","displayAsButton":false,"buttonSize":"big","goToSlideType":"specified","invisible":false,"id":"img50750857-562c-49f2-a1a6-75443dcd044c_0"},{"x":29.97448979591837,"y":35.2448362720403,"width":35.33163265306123,"height":34.76070528967254,"action":{"library":"H5P.Image 1.1","params":{"contentName":"Image"},"subContentId":"a68e94ca-954d-414a-8d54-a6b5143e6d50","metadata":{"contentType":"Image","license":"U","title":"Untitled Image"}},"backgroundOpacity":0,"willDoAnimation":true,"animationType":"glow","displayAsButton":false,"buttonSize":"big","goToSlideType":"specified","invisible":false,"id":"img50750857-562c-49f2-a1a6-75443dcd044c_10"},{"x":29.97448979591837,"y":30.21108312342569,"width":35.33163265306123,"height":39.7984886649874,"action":{"library":"H5P.Image 1.1","params":{"contentName":"Image"},"subContentId":"91325f0d-72f2-43b4-9539-c7c873affebb","metadata":{"contentType":"Image","license":"U","title":"Untitled Image"}},"backgroundOpacity":0,"willDoAnimation":true,"animationType":"glow","displayAsButton":false,"buttonSize":"big","goToSlideType":"specified","invisible":false,"id":"img50750857-562c-49f2-a1a6-75443dcd044c_11"}],"slideBackgroundSelector":{}},{"elements":[{"x":29.336734693877553,"y":2.5188916876574305,"width":39.97821350762527,"height":70.96774193548387,"action":{"library":"H5P.Image 1.1","params":{"contentName":"Image","file":{"path":"images\/file-65832f211fed6.jpg","mime":"image\/jpeg","copyright":{"license":"U"},"width":1000,"height":1000}},"subContentId":"3dd30407-e43b-4105-96b0-3f3a2936bb67","metadata":{"contentType":"Image","license":"U","title":"Untitled Image"}},"backgroundOpacity":0,"willDoAnimation":false,"animationType":"glow","displayAsButton":false,"buttonSize":"big","goToSlideType":"specified","invisible":false},{"x":0,"y":67.97455919395465,"width":98.08673469387756,"height":31.989924433249367,"action":{"library":"H5P.CRAdvancedText 1.1","params":{"text":"<p dir=\"ltr\" style=\"text-align: center;\"><span style=\"color:#ffffff;\"><span style=\"font-size:1.75em;\">\u092c\u0902\u0926\u0930 \u0915\u0939\u0924\u093e \u0939\u0948 \u0915\u093f \u0906\u091c \u092b\u0932 \u091a\u0941\u0928\u0928\u0947 \u0915\u093e \u0926\u093f\u0928 \u0939\u0948\u0964 \u092e\u0947\u0902\u0922\u0915 \u0915\u0939\u0924\u093e \u0939\u0948 \u0915\u093f \u0906\u091c \u0938\u0902\u0917\u0940\u0924 \u0926\u093f\u0935\u0938 \u0939\u0948\u0964 \u0939\u093e\u0925\u0940 \u0915\u0939\u0924\u093e \u0939\u0948 \u0915\u093f \u092f\u0939 \u092a\u0941\u0938\u094d\u0924\u0915 &amp;ndash;&nbsp;\u092a\u0920\u0928 \u0926\u093f\u0935\u0938 \u0939\u0948\u0964<\/span><\/span><\/p>\n"},"subContentId":"0491e5b8-cc18-4f77-8e2f-5c05fe3912fc","metadata":{"contentType":"Text","license":"U","title":"Untitled Text"}},"alwaysDisplayComments":false,"backgroundOpacity":0,"willDoAnimation":false,"animationType":"glow","displayAsButton":false,"buttonSize":"big","goToSlideType":"specified","invisible":false,"solution":""},{"x":47.00255102040816,"y":43.95465994962216,"width":40,"height":40,"action":{"library":"H5P.CRAudio 1.4","params":{"fitToWrapper":true,"currIndex":10,"playerMode":"minimalistic","controls":true,"autoplay":true,"playAudio":"Play audio","pauseAudio":"Pause audio","contentName":"Audio","glowColor":"#ffd85a","timeStampForEachText":[{"text":" \u092c\u0902\u0926\u0930 ","startDuration":"0.0000","endDuration":"0.5918","wordfile":[{"path":"audios\/wordfile-6604ac5537283.wav","mime":"audio\/x-wav","copyright":{"license":"U"}}]},{"text":" \u0915\u0939\u0924\u093e ","startDuration":"0.5918","endDuration":"1.0396","wordfile":[{"path":"audios\/wordfile-6604ac6e85399.wav","mime":"audio\/x-wav","copyright":{"license":"U"}}]},{"text":" \u0939\u0948 ","startDuration":"1.0406","endDuration":"1.2406","wordfile":[{"path":"audios\/wordfile-6604ac9b043d6.wav","mime":"audio\/x-wav","copyright":{"license":"U"}}]},{"text":" \u0915\u093f ","startDuration":"1.2416","endDuration":"1.8479","wordfile":[{"path":"audios\/wordfile-6604acb612b84.wav","mime":"audio\/x-wav","copyright":{"license":"U"}}]},{"text":" \u0906\u091c ","startDuration":"1.8489","endDuration":"2.2230","wordfile":[{"path":"audios\/wordfile-6604acdaaf524.wav","mime":"audio\/x-wav","copyright":{"license":"U"}}]},{"text":" \u092b\u0932 ","startDuration":"2.2240","endDuration":"2.4240","wordfile":[{"path":"audios\/wordfile-662a96e2110a8.wav","mime":"audio\/x-wav","copyright":{"license":"U"}}]},{"text":" \u091a\u0941\u0928\u0928\u0947 ","startDuration":"2.4250","endDuration":"2.8137","wordfile":[{"path":"audios\/wordfile-6604ad0c80b00.wav","mime":"audio\/x-wav","copyright":{"license":"U"}}]},{"text":" \u0915\u093e ","startDuration":"2.8147","endDuration":"2.9567","wordfile":[{"path":"audios\/wordfile-6604ad22f3395.wav","mime":"audio\/x-wav","copyright":{"license":"U"}}]},{"text":" \u0926\u093f\u0928 ","startDuration":"2.9577","endDuration":"3.1722","wordfile":[{"path":"audios\/wordfile-6604ad399675a.wav","mime":"audio\/x-wav","copyright":{"license":"U"}}]},{"text":" \u0939\u0948\u0964 ","startDuration":"3.1732","endDuration":"3.5619","wordfile":[{"path":"audios\/wordfile-6604ad537366e.wav","mime":"audio\/x-wav","copyright":{"license":"U"}}]},{"text":" \u092e\u0947\u0902\u0922\u0915 ","startDuration":"3.5629","endDuration":"4.4595","wordfile":[{"path":"audios\/wordfile-6604ad65bb35f.wav","mime":"audio\/x-wav","copyright":{"license":"U"}}]},{"text":" \u0915\u0939\u0924\u093e ","startDuration":"4.4605","endDuration":"4.8782","wordfile":[{"path":"audios\/wordfile-6604ad89d0899.wav","mime":"audio\/x-wav","copyright":{"license":"U"}}]},{"text":" \u0939\u0948 ","startDuration":"4.8792","endDuration":"5.3694","wordfile":[{"path":"audios\/wordfile-6604ada7d9f9e.wav","mime":"audio\/x-wav","copyright":{"license":"U"}}]},{"text":" \u0915\u093f ","startDuration":"5.3704","endDuration":"5.5994","wordfile":[{"path":"audios\/wordfile-6604adc0c4b45.wav","mime":"audio\/x-wav","copyright":{"license":"U"}}]},{"text":" \u0906\u091c ","startDuration":"5.5994","endDuration":"5.8149","wordfile":[{"path":"audios\/wordfile-6604ade2663c9.wav","mime":"audio\/x-wav","copyright":{"license":"U"}}]},{"text":" \u0938\u0902\u0917\u0940\u0924 ","startDuration":"5.8159","endDuration":"6.3352","wordfile":[{"path":"audios\/wordfile-6604ae5323a85.wav","mime":"audio\/x-wav","copyright":{"license":"U"}}]},{"text":" \u0926\u093f\u0935\u0938 ","startDuration":"6.3362","endDuration":"6.6813","wordfile":[{"path":"audios\/wordfile-6604ae65c7f4a.wav","mime":"audio\/x-wav","copyright":{"license":"U"}}]},{"text":" \u0939\u0948\u0964 ","startDuration":"6.6823","endDuration":"7.0129","wordfile":[{"path":"audios\/wordfile-6604ae7c22dcd.wav","mime":"audio\/x-wav","copyright":{"license":"U"}}]},{"text":" \u0939\u093e\u0925\u0940 ","startDuration":"7.0139","endDuration":"7.7799","wordfile":[{"path":"audios\/wordfile-6604ae8f18eac.wav","mime":"audio\/x-wav","copyright":{"license":"U"}}]},{"text":" \u0915\u0939\u0924\u093e ","startDuration":"7.7809","endDuration":"8.1115","wordfile":[{"path":"audios\/wordfile-6604aea5a0e41.wav","mime":"audio\/x-wav","copyright":{"license":"U"}}]},{"text":" \u0939\u0948 ","startDuration":"8.1125","endDuration":"8.3125","wordfile":[{"path":"audios\/wordfile-6604aec27bdc5.wav","mime":"audio\/x-wav","copyright":{"license":"U"}}]},{"text":" \u0915\u093f ","startDuration":"8.3135","endDuration":"8.8763","wordfile":[{"path":"audios\/wordfile-6604aeda1c0dc.wav","mime":"audio\/x-wav","copyright":{"license":"U"}}]},{"text":" \u092f\u0939 ","startDuration":"8.8773","endDuration":"9.1208","wordfile":[{"path":"audios\/wordfile-6604aef3c2d4c.wav","mime":"audio\/x-wav","copyright":{"license":"U"}}]},{"text":" \u092a\u0941\u0938\u094d\u0924\u0915 ","startDuration":"9.1218","endDuration":"9.5540","wordfile":[{"path":"audios\/wordfile-6604af0feeecd.wav","mime":"audio\/x-wav","copyright":{"license":"U"}}]},{"text":" \u2013\u00a0\u092a\u0920\u0928 ","startDuration":"9.5550","endDuration":"9.9437","wordfile":[{"path":"audios\/wordfile-6604af271bcae.wav","mime":"audio\/x-wav","copyright":{"license":"U"}}]},{"text":" \u0926\u093f\u0935\u0938 ","startDuration":"9.9447","endDuration":"10.2753","wordfile":[{"path":"audios\/wordfile-6604af39415a0.wav","mime":"audio\/x-wav","copyright":{"license":"U"}}]},{"text":" \u0939\u0948\u0964 ","startDuration":"10.2763","endDuration":"10.7682","wordfile":[{"path":"audios\/wordfile-6604af4d6f4c8.wav","mime":"audio\/x-wav","copyright":{"license":"U"}}]}],"files":[{"path":"audios\/files-6604ac44bc910.wav","mime":"audio\/x-wav","copyright":{"license":"U"}}]},"subContentId":"739990c2-7bb3-444d-a7f1-8ce5565529a7","metadata":{"contentType":"Curious Reader Audio","license":"U","title":"Untitled Curious Reader Audio"}},"backgroundOpacity":0,"willDoAnimation":false,"animationType":"glow","displayAsButton":false,"buttonSize":"big","goToSlideType":"specified","invisible":false},{"x":42.09183673469388,"y":10.071637279596978,"width":7.270408163265306,"height":21.914357682619645,"action":{"library":"H5P.Image 1.1","params":{"contentName":"Image"},"subContentId":"8291e240-55de-4a72-ba6f-fa445bf4bfde","metadata":{"contentType":"Image","license":"U","title":"Untitled Image"}},"backgroundOpacity":0,"willDoAnimation":true,"animationType":"glow","displayAsButton":false,"buttonSize":"big","goToSlideType":"specified","invisible":false,"id":"img739990c2-7bb3-444d-a7f1-8ce5565529a7_0"},{"x":45.91836734693878,"y":15.10942065491184,"width":3.443877551020408,"height":9.319899244332493,"action":{"library":"H5P.Image 1.1","params":{"contentName":"Image"},"subContentId":"210dabb2-92c5-4c09-abea-392a97ccc9ea","metadata":{"contentType":"Image","license":"U","title":"Untitled Image"}},"backgroundOpacity":0,"willDoAnimation":true,"animationType":"glow","displayAsButton":false,"buttonSize":"big","goToSlideType":"specified","invisible":false,"id":"img739990c2-7bb3-444d-a7f1-8ce5565529a7_5"},{"x":39.54081632653062,"y":15.097607052896725,"width":4.719387755102041,"height":6.801007556675063,"action":{"library":"H5P.Image 1.1","params":{"contentName":"Image"},"subContentId":"893bec12-1d38-4d77-ba06-7fc609ddacc4","metadata":{"contentType":"Image","license":"U","title":"Untitled Image"}},"backgroundOpacity":0,"willDoAnimation":true,"animationType":"glow","displayAsButton":false,"buttonSize":"big","goToSlideType":"specified","invisible":false,"id":"img739990c2-7bb3-444d-a7f1-8ce5565529a7_5"},{"x":28.061224489795915,"y":45.31637279596977,"width":9.821428571428571,"height":24.937027707808564,"action":{"library":"H5P.Image 1.1","params":{"contentName":"Image"},"subContentId":"d7ef1a17-f12f-4a16-8720-128e47bceb17","metadata":{"contentType":"Image","license":"U","title":"Untitled Image"}},"backgroundOpacity":0,"willDoAnimation":true,"animationType":"glow","displayAsButton":false,"buttonSize":"big","goToSlideType":"specified","invisible":false,"id":"img739990c2-7bb3-444d-a7f1-8ce5565529a7_10"},{"x":33.16326530612245,"y":47.84508816120906,"width":5.994897959183674,"height":19.395465994962215,"action":{"library":"H5P.Image 1.1","params":{"contentName":"Image"},"subContentId":"84670b8b-1c4d-400f-8009-e74f14539eea","metadata":{"contentType":"Image","license":"U","title":"Untitled Image"}},"backgroundOpacity":0,"willDoAnimation":true,"animationType":"glow","displayAsButton":false,"buttonSize":"big","goToSlideType":"specified","invisible":false,"id":"img739990c2-7bb3-444d-a7f1-8ce5565529a7_15"},{"x":48.46938775510204,"y":17.6204282115869,"width":21.301020408163264,"height":40.050377833753146,"action":{"library":"H5P.Image 1.1","params":{"contentName":"Image"},"subContentId":"3fb08067-798e-48fb-9c39-05dd2c5cf234","metadata":{"contentType":"Image","license":"U","title":"Untitled Image"}},"backgroundOpacity":0,"willDoAnimation":true,"animationType":"glow","displayAsButton":false,"buttonSize":"big","goToSlideType":"specified","invisible":false,"id":"img739990c2-7bb3-444d-a7f1-8ce5565529a7_18"},{"x":49.744897959183675,"y":35.22518891687657,"width":18.75,"height":24.43324937027708,"action":{"library":"H5P.Image 1.1","params":{"contentName":"Image"},"subContentId":"be9e0ece-fd9a-4ce9-9f74-8c452a189fb0","metadata":{"contentType":"Image","license":"U","title":"Untitled Image"}},"backgroundOpacity":0,"willDoAnimation":true,"animationType":"glow","displayAsButton":false,"buttonSize":"big","goToSlideType":"specified","invisible":false,"id":"img739990c2-7bb3-444d-a7f1-8ce5565529a7_23"},{"x":49.744897959183675,"y":32.71612090680101,"width":20.28061224489796,"height":26.952141057934508,"action":{"library":"H5P.Image 1.1","params":{"contentName":"Image"},"subContentId":"380483eb-a424-446a-83ae-9e3dc57ab4bd","metadata":{"contentType":"Image","license":"U","title":"Untitled Image"}},"backgroundOpacity":0,"willDoAnimation":true,"animationType":"glow","displayAsButton":false,"buttonSize":"big","goToSlideType":"specified","invisible":false,"id":"img739990c2-7bb3-444d-a7f1-8ce5565529a7_24"}],"slideBackgroundSelector":{}},{"elements":[{"x":26.143790849673206,"y":0,"width":39.97821350762527,"height":73.11827956989247,"action":{"library":"H5P.Image 1.1","params":{"contentName":"Image","file":{"path":"images\/file-6583300a91ffe.jpg","mime":"image\/jpeg","copyright":{"license":"U"},"width":1000,"height":1000}},"subContentId":"402f0d7d-7590-41d1-9f11-b5e480e40cfa","metadata":{"contentType":"Image","license":"U","title":"Untitled Image"}},"backgroundOpacity":0,"willDoAnimation":false,"animationType":"glow","displayAsButton":false,"buttonSize":"big","goToSlideType":"specified","invisible":false},{"x":8.928571428571429,"y":73.02821158690178,"width":84.18367346938776,"height":25.188916876574307,"action":{"library":"H5P.CRAdvancedText 1.1","params":{"text":"<p dir=\"ltr\" style=\"text-align: center;\"><span style=\"color:#ffffff;\"><span style=\"font-size:2.25em;\">\u0915\u093f\u0938\u0940 \u0915\u094b \u0938\u094d\u092e\u0930\u0923 \u0928\u0939\u0940\u0902 \u0915\u093f \u0906\u091c \u092c\u0947\u0908 \u0915\u093e \u0935\u093f\u0936\u0947\u0937 \u0926\u093f\u0928 \u0939\u0948!<\/span><\/span><\/p>\n"},"subContentId":"1daaef58-6c10-40e2-956d-25b3ca5ea30c","metadata":{"contentType":"Text","license":"U","title":"Untitled Text"}},"alwaysDisplayComments":false,"backgroundOpacity":0,"willDoAnimation":false,"animationType":"glow","displayAsButton":false,"buttonSize":"big","goToSlideType":"specified","invisible":false,"solution":""},{"x":47.00255102040816,"y":43.95465994962216,"width":40,"height":40,"action":{"library":"H5P.CRAudio 1.4","params":{"fitToWrapper":true,"currIndex":11,"playerMode":"minimalistic","controls":true,"autoplay":true,"playAudio":"Play audio","pauseAudio":"Pause audio","contentName":"Audio","glowColor":"#ffd85a","timeStampForEachText":[{"text":" \u0915\u093f\u0938\u0940 ","startDuration":"0.0000","endDuration":"0.4701","wordfile":[{"path":"audios\/wordfile-6604af8825b5f.wav","mime":"audio\/x-wav","copyright":{"license":"U"}}]},{"text":" \u0915\u094b ","startDuration":"0.4711","endDuration":"0.6088","wordfile":[{"path":"audios\/wordfile-6604af998f37e.wav","mime":"audio\/x-wav","copyright":{"license":"U"}}]},{"text":" \u0938\u094d\u092e\u0930\u0923 ","startDuration":"0.6098","endDuration":"0.9449","wordfile":[{"path":"audios\/wordfile-6604afb34215f.wav","mime":"audio\/x-wav","copyright":{"license":"U"}}]},{"text":" \u0928\u0939\u0940\u0902 ","startDuration":"0.9459","endDuration":"1.3849","wordfile":[{"path":"audios\/wordfile-6604afc5adbc1.wav","mime":"audio\/x-wav","copyright":{"license":"U"}}]},{"text":" \u0915\u093f ","startDuration":"1.3859","endDuration":"1.8301","wordfile":[{"path":"audios\/wordfile-6604afdd1390a.wav","mime":"audio\/x-wav","copyright":{"license":"U"}}]},{"text":" \u0906\u091c ","startDuration":"1.8301","endDuration":"2.0362","wordfile":[{"path":"audios\/wordfile-6604aff7cb8fb.wav","mime":"audio\/x-wav","copyright":{"license":"U"}}]},{"text":" \u092c\u0947\u0908 ","startDuration":"2.0372","endDuration":"2.3515","wordfile":[{"path":"audios\/wordfile-6604b019c3cb0.wav","mime":"audio\/x-wav","copyright":{"license":"U"}}]},{"text":" \u0915\u093e ","startDuration":"2.3525","endDuration":"2.5525","wordfile":[{"path":"audios\/wordfile-6604b02f27d98.wav","mime":"audio\/x-wav","copyright":{"license":"U"}}]},{"text":" \u0935\u093f\u0936\u0947\u0937 ","startDuration":"2.5535","endDuration":"3.0912","wordfile":[{"path":"audios\/wordfile-6604b03eaad5d.wav","mime":"audio\/x-wav","copyright":{"license":"U"}}]},{"text":" \u0926\u093f\u0928 ","startDuration":"3.0922","endDuration":"3.2454","wordfile":[{"path":"audios\/wordfile-6604b05261baf.wav","mime":"audio\/x-wav","copyright":{"license":"U"}}]},{"text":" \u0939\u0948! ","startDuration":"3.2464","endDuration":"3.8545","wordfile":[{"path":"audios\/wordfile-6604b06796d66.wav","mime":"audio\/x-wav","copyright":{"license":"U"}}]}],"files":[{"path":"audios\/files-6604af76e814a.wav","mime":"audio\/x-wav","copyright":{"license":"U"}}]},"subContentId":"c1ef5a48-8d66-40aa-9957-b11574184d77","metadata":{"contentType":"Curious Reader Audio","license":"U","title":"Untitled Curious Reader Audio"}},"backgroundOpacity":0,"willDoAnimation":false,"animationType":"glow","displayAsButton":false,"buttonSize":"big","goToSlideType":"specified","invisible":false},{"x":26.785714285714285,"y":15.105491183879094,"width":40.05102040816327,"height":62.216624685138534,"action":{"library":"H5P.Image 1.1","params":{"contentName":"Image"},"subContentId":"991dc4ca-2596-409f-a81a-23d7d2539282","metadata":{"contentType":"Image","license":"U","title":"Untitled Image"}},"backgroundOpacity":0,"willDoAnimation":true,"animationType":"glow","displayAsButton":false,"buttonSize":"big","goToSlideType":"specified","invisible":false,"id":"imgc1ef5a48-8d66-40aa-9957-b11574184d77_6"}],"slideBackgroundSelector":{}},{"elements":[{"x":25.05446623093682,"y":0,"width":39.97821350762527,"height":70.96774193548387,"action":{"library":"H5P.Image 1.1","params":{"contentName":"Image","file":{"path":"images\/file-6583305d21bdd.jpg","mime":"image\/jpeg","copyright":{"license":"U"},"width":1000,"height":1000}},"subContentId":"75f6b858-8602-4eb2-8f48-a855e97c3d47","metadata":{"contentType":"Image","license":"U","title":"Untitled Image"}},"backgroundOpacity":0,"willDoAnimation":false,"animationType":"glow","displayAsButton":false,"buttonSize":"big","goToSlideType":"specified","invisible":false},{"x":5.1020408163265305,"y":80.53954659949622,"width":75.25510204081633,"height":15.113350125944583,"action":{"library":"H5P.CRAdvancedText 1.1","params":{"text":"<p dir=\"ltr\" style=\"text-align: center;\"><span style=\"color:#ffffff;\"><span style=\"font-size:2.25em;\">\u092c\u0947\u0908 \u0926\u0941\u0903\u0916\u0940 \u0914\u0930 \u0925\u0915\u093e \u0939\u0941\u0906 \u0939\u0948\u0964<\/span><\/span><\/p>\n"},"subContentId":"009d8876-0bb9-498d-b880-a9a47bcc3382","metadata":{"contentType":"Text","license":"U","title":"Untitled Text"}},"alwaysDisplayComments":false,"backgroundOpacity":0,"willDoAnimation":false,"animationType":"glow","displayAsButton":false,"buttonSize":"big","goToSlideType":"specified","invisible":false,"solution":""},{"x":47.00255102040816,"y":43.95465994962216,"width":40,"height":40,"action":{"library":"H5P.CRAudio 1.4","params":{"fitToWrapper":true,"currIndex":12,"playerMode":"minimalistic","controls":true,"autoplay":true,"playAudio":"Play audio","pauseAudio":"Pause audio","contentName":"Audio","glowColor":"#ffd85a","timeStampForEachText":[{"text":" \u092c\u0947\u0908 ","startDuration":"0.0000","endDuration":"0.4606","wordfile":[{"path":"audios\/wordfile-6604b09459fd2.wav","mime":"audio\/x-wav","copyright":{"license":"U"}}]},{"text":"","startDuration":"0.4616","endDuration":"0.9091","wordfile":[{"path":"audios\/wordfile-6604b0a786a6b.wav","mime":"audio\/x-wav","copyright":{"license":"U"}}]},{"text":" \u0914\u0930 ","startDuration":"0.9101","endDuration":"1.2013","wordfile":[{"path":"audios\/wordfile-6604b0ba9b8a0.wav","mime":"audio\/x-wav","copyright":{"license":"U"}}]},{"text":" \u0925\u0915\u093e ","startDuration":"1.2023","endDuration":"1.5293","wordfile":[{"path":"audios\/wordfile-6604b0cbc37a6.wav","mime":"audio\/x-wav","copyright":{"license":"U"}}]},{"text":" \u0939\u0941\u0906 ","startDuration":"1.5303","endDuration":"1.7303","wordfile":[{"path":"audios\/wordfile-6604b0e0e2258.wav","mime":"audio\/x-wav","copyright":{"license":"U"}}]},{"text":" \u0939\u0948\u0964 ","startDuration":"1.7313","endDuration":"2.2244","wordfile":[{"path":"audios\/wordfile-6604b0f2170c9.wav","mime":"audio\/x-wav","copyright":{"license":"U"}}]}],"files":[{"path":"audios\/files-6604b08556df5.wav","mime":"audio\/x-wav","copyright":{"license":"U"}}]},"subContentId":"06c4f3ea-e75f-4c14-af88-490c75022464","metadata":{"contentType":"Curious Reader Audio","license":"U","title":"Untitled Curious Reader Audio"}},"backgroundOpacity":0,"willDoAnimation":false,"animationType":"glow","displayAsButton":false,"buttonSize":"big","goToSlideType":"specified","invisible":false},{"x":43.36734693877551,"y":27.676322418136017,"width":17.474489795918366,"height":24.43324937027708,"action":{"library":"H5P.Image 1.1","params":{"contentName":"Image"},"subContentId":"05dac4cf-6c1a-46dd-aa13-971016313de6","metadata":{"contentType":"Image","license":"U","title":"Untitled Image"}},"backgroundOpacity":0,"willDoAnimation":true,"animationType":"glow","displayAsButton":false,"buttonSize":"big","goToSlideType":"specified","invisible":false,"id":"img06c4f3ea-e75f-4c14-af88-490c75022464_0"}],"slideBackgroundSelector":{}},{"elements":[{"x":27.233115468409586,"y":0,"width":39.97821350762527,"height":70.96774193548387,"action":{"library":"H5P.Image 1.1","params":{"contentName":"Image","file":{"path":"images\/file-658330d744eb4.jpg","mime":"image\/jpeg","copyright":{"license":"U"},"width":1000,"height":1000}},"subContentId":"3c371ee6-c944-46f8-9189-dfb336f4c770","metadata":{"contentType":"Image","license":"U","title":"Untitled Image"}},"backgroundOpacity":0,"willDoAnimation":false,"animationType":"glow","displayAsButton":false,"buttonSize":"big","goToSlideType":"specified","invisible":false},{"x":11.479591836734695,"y":79.43954659949623,"width":80.35714285714286,"height":20.151133501259444,"action":{"library":"H5P.CRAdvancedText 1.1","params":{"text":"<p dir=\"ltr\" style=\"text-align: center;\"><span style=\"color:#ffffff;\"><span style=\"font-size:2.25em;\">\u091c\u0928\u094d\u092e\u0926\u093f\u0928 \u0915\u0940 \u0936\u0941\u092d\u0915\u093e\u092e\u0928\u093e\u090f\u0901, \u092c\u0947\u0908!<\/span><\/span><\/p>\n"},"subContentId":"faba1022-658d-4c43-ab21-1f50b3edc6d0","metadata":{"contentType":"Text","license":"U","title":"Untitled Text"}},"alwaysDisplayComments":false,"backgroundOpacity":0,"willDoAnimation":false,"animationType":"glow","displayAsButton":false,"buttonSize":"big","goToSlideType":"specified","invisible":false,"solution":""},{"x":47.00255102040816,"y":43.95465994962216,"width":40,"height":40,"action":{"library":"H5P.CRAudio 1.4","params":{"fitToWrapper":true,"currIndex":13,"playerMode":"minimalistic","controls":true,"autoplay":true,"playAudio":"Play audio","pauseAudio":"Pause audio","contentName":"Audio","glowColor":"#ffd85a","timeStampForEachText":[{"text":" \u091c\u0928\u094d\u092e\u0926\u093f\u0928 ","startDuration":"0.0000","endDuration":"0.5800","wordfile":[{"path":"audios\/wordfile-6604b11f74e5f.wav","mime":"audio\/x-wav","copyright":{"license":"U"}}]},{"text":" \u0915\u0940 ","startDuration":"0.5810","endDuration":"0.7256","wordfile":[{"path":"audios\/wordfile-6604b130c166d.wav","mime":"audio\/x-wav","copyright":{"license":"U"}}]},{"text":" \u0936\u0941\u092d\u0915\u093e\u092e\u0928\u093e\u090f\u0901, ","startDuration":"0.7266","endDuration":"1.4596","wordfile":[{"path":"audios\/wordfile-6604b14ad0447.wav","mime":"audio\/x-wav","copyright":{"license":"U"}}]},{"text":" \u092c\u0947\u0908! ","startDuration":"1.4606","endDuration":"1.9578","wordfile":[{"path":"audios\/wordfile-6604b161ac9b8.wav","mime":"audio\/x-wav","copyright":{"license":"U"}}]}],"files":[{"path":"audios\/files-6604b10ebabbc.wav","mime":"audio\/x-wav","copyright":{"license":"U"}}]},"subContentId":"46ab12d3-1221-4b3f-878a-a02301deab61","metadata":{"contentType":"Curious Reader Audio","license":"U","title":"Untitled Curious Reader Audio"}},"backgroundOpacity":0,"willDoAnimation":false,"animationType":"glow","displayAsButton":false,"buttonSize":"big","goToSlideType":"specified","invisible":false},{"x":25.510204081632654,"y":32.72594458438287,"width":20.025510204081634,"height":40.050377833753146,"action":{"library":"H5P.Image 1.1","params":{"contentName":"Image"},"subContentId":"9222a0ed-d9da-4267-a845-9f80374c9765","metadata":{"contentType":"Image","license":"U","title":"Untitled Image"}},"backgroundOpacity":0,"willDoAnimation":true,"animationType":"glow","displayAsButton":false,"buttonSize":"big","goToSlideType":"specified","invisible":false,"id":"img46ab12d3-1221-4b3f-878a-a02301deab61_3"}],"slideBackgroundSelector":{}},{"elements":[{"x":28.322440087145967,"y":0,"width":39.97821350762527,"height":70.96774193548387,"action":{"library":"H5P.Image 1.1","params":{"contentName":"Image","file":{"path":"images\/file-6583312339a2f.jpg","mime":"image\/jpeg","copyright":{"license":"U"},"width":1000,"height":1000}},"subContentId":"e8213c20-8d86-44e0-9649-a9565c3a0a25","metadata":{"contentType":"Image","license":"U","title":"Untitled Image"}},"backgroundOpacity":0,"willDoAnimation":false,"animationType":"glow","displayAsButton":false,"buttonSize":"big","goToSlideType":"specified","invisible":false},{"x":1.2755102040816326,"y":75.56675062972292,"width":94.13265306122449,"height":24.43324937027708,"action":{"library":"H5P.CRAdvancedText 1.1","params":{"text":"<p dir=\"ltr\" style=\"text-align: center;\"><span style=\"color:#ffffff;\"><span style=\"font-size:2.25em;\">\u0935\u093e\u0938\u094d\u0924\u0935 \u092e\u0947\u0902, \u0938\u092d\u0940 \u0915\u094b \u0938\u094d\u092e\u0930\u0923 \u0925\u093e! \u092c\u0947\u0908 \u0905\u0924\u094d\u092f\u0902\u0924 \u092a\u094d\u0930\u0938\u0928\u094d\u0928 \u0939\u0948\u0964<\/span><\/span><\/p>\n"},"subContentId":"214b0e73-9985-4b85-a216-562102b8c440","metadata":{"contentType":"Text","license":"U","title":"Untitled Text"}},"alwaysDisplayComments":false,"backgroundOpacity":0,"willDoAnimation":false,"animationType":"glow","displayAsButton":false,"buttonSize":"big","goToSlideType":"specified","invisible":false,"solution":""},{"x":47.00255102040816,"y":43.95465994962216,"width":40,"height":40,"action":{"library":"H5P.CRAudio 1.4","params":{"fitToWrapper":true,"currIndex":14,"playerMode":"minimalistic","controls":true,"autoplay":true,"playAudio":"Play audio","pauseAudio":"Pause audio","contentName":"Audio","glowColor":"#ffd85a","timeStampForEachText":[{"text":" \u0935\u093e\u0938\u094d\u0924\u0935 ","startDuration":"0.0000","endDuration":"0.6608","wordfile":[{"path":"audios\/wordfile-6604b184c3dac.wav","mime":"audio\/x-wav","copyright":{"license":"U"}}]},{"text":" \u092e\u0947\u0902, ","startDuration":"0.6618","endDuration":"0.8618","wordfile":[{"path":"audios\/wordfile-6604b1a28bf90.wav","mime":"audio\/x-wav","copyright":{"license":"U"}}]},{"text":" \u0938\u092d\u0940 ","startDuration":"0.8628","endDuration":"1.3767","wordfile":[{"path":"audios\/wordfile-6604b1b54c117.wav","mime":"audio\/x-wav","copyright":{"license":"U"}}]},{"text":" \u0915\u094b ","startDuration":"1.3777","endDuration":"1.5376","wordfile":[{"path":"audios\/wordfile-6604b1d358bc6.wav","mime":"audio\/x-wav","copyright":{"license":"U"}}]},{"text":" \u0938\u094d\u092e\u0930\u0923 ","startDuration":"1.5386","endDuration":"1.8722","wordfile":[{"path":"audios\/wordfile-6604b1ec1b49f.wav","mime":"audio\/x-wav","copyright":{"license":"U"}}]},{"text":" \u0925\u093e! ","startDuration":"1.8732","endDuration":"2.2402","wordfile":[{"path":"audios\/wordfile-6604b1ff9a284.wav","mime":"audio\/x-wav","copyright":{"license":"U"}}]},{"text":" \u092c\u0947\u0908 ","startDuration":"2.2412","endDuration":"3.1358","wordfile":[{"path":"audios\/wordfile-6604b21161c63.wav","mime":"audio\/x-wav","copyright":{"license":"U"}}]},{"text":" \u0905\u0924\u094d\u092f\u0902\u0924 ","startDuration":"3.1368","endDuration":"3.7175","wordfile":[{"path":"audios\/wordfile-6604b22b96e5a.wav","mime":"audio\/x-wav","copyright":{"license":"U"}}]},{"text":" \u092a\u094d\u0930\u0938\u0928\u094d\u0928 ","startDuration":"3.7185","endDuration":"4.0988","wordfile":[{"path":"audios\/wordfile-6604b2417724c.wav","mime":"audio\/x-wav","copyright":{"license":"U"}}]},{"text":" \u0939\u0948\u0964 ","startDuration":"4.0998","endDuration":"4.7139","wordfile":[{"path":"audios\/wordfile-6604b2539598d.wav","mime":"audio\/x-wav","copyright":{"license":"U"}}]}],"files":[{"path":"audios\/files-6604b1744526d.wav","mime":"audio\/x-wav","copyright":{"license":"U"}}]},"subContentId":"9f1d4c36-626c-48b8-98c3-e8d4301315f6","metadata":{"contentType":"Curious Reader Audio","license":"U","title":"Untitled Curious Reader Audio"}},"backgroundOpacity":0,"willDoAnimation":false,"animationType":"glow","displayAsButton":false,"buttonSize":"big","goToSlideType":"specified","invisible":false},{"x":36.98979591836735,"y":30.21108312342569,"width":13.64795918367347,"height":40.050377833753146,"action":{"library":"H5P.Image 1.1","params":{"contentName":"Image"},"subContentId":"2ba11c2e-d7dc-409f-b071-d0344b586964","metadata":{"contentType":"Image","license":"U","title":"Untitled Image"}},"backgroundOpacity":0,"willDoAnimation":true,"animationType":"glow","displayAsButton":false,"buttonSize":"big","goToSlideType":"specified","invisible":false,"id":"img9f1d4c36-626c-48b8-98c3-e8d4301315f6_6"}],"slideBackgroundSelector":{}},{"elements":[{"x":5.446623093681917,"y":6.4415268817204305,"width":20.697167755991288,"height":20.64516129032258,"action":{"library":"H5P.Image 1.1","params":{"contentName":"Image","file":{"path":"images\/file-658332336bb23.png","mime":"image\/png","copyright":{"license":"U"},"width":1350,"height":487}},"subContentId":"431141b1-db9b-49f9-a897-89d4b98a1071","metadata":{"contentType":"Image","license":"U","title":"Untitled Image"}},"backgroundOpacity":0,"willDoAnimation":false,"animationType":"glow","displayAsButton":false,"buttonSize":"big","goToSlideType":"specified","invisible":false},{"x":33.769063180827885,"y":6.451612903225806,"width":18.51851851851852,"height":18.494623655913976,"action":{"library":"H5P.Image 1.1","params":{"contentName":"Image","file":{"path":"images\/file-6583323f17c54.png","mime":"image\/png","copyright":{"license":"U"},"width":814,"height":202}},"subContentId":"a78035f2-2b12-4577-b16a-50dfa0fdcbc4","metadata":{"contentType":"Image","license":"U","title":"Untitled Image"}},"backgroundOpacity":0,"willDoAnimation":false,"animationType":"glow","displayAsButton":false,"buttonSize":"big","goToSlideType":"specified","invisible":false},{"x":56.64488017429194,"y":8.602150537634408,"width":39.97821350762527,"height":15.053763440860214,"action":{"library":"H5P.Image 1.1","params":{"contentName":"Image","file":{"path":"images\/file-6583324d18788.jpg","mime":"image\/jpeg","copyright":{"license":"U"},"width":1732,"height":354}},"subContentId":"6de1a2b7-3b69-4c65-961d-e116d7efa254","metadata":{"contentType":"Image","license":"U","title":"Untitled Image"}},"backgroundOpacity":0,"willDoAnimation":false,"animationType":"glow","displayAsButton":false,"buttonSize":"big","goToSlideType":"specified","invisible":false},{"x":5.1020408163265305,"y":30.226700251889167,"width":92.15686274509804,"height":66.66666666666666,"action":{"library":"H5P.CRAdvancedText 1.1","params":{"text":"<h3 style=\"text-align: center;\"><span style=\"font-size:0.875em;\">\u201c<\/span>\u0906\u091c \u0915\u094c\u0928 \u0938\u093e \u0926\u093f\u0928 \u0939\u0948?<span style=\"font-size:0.875em;\">\u201d credits<\/span><\/h3>\n\n<h3 style=\"text-align: center;\"><span style=\"font-size:0.875em;\">This work, \u201c<\/span>\u0906\u091c \u0915\u094c\u0928 \u0938\u093e \u0926\u093f\u0928 \u0939\u0948?<span style=\"font-size:0.875em;\">\u201d&nbsp;is a derivative of Hari Apakah Ini? (What Day Is It?), Author: Vannia Rizky Santoso. Illustrator: Vannia Rizky Santoso. Published by The Asia Foundation - Let's <a href=\"http:\/\/www.letsreadasia.org\/\">Read, https:\/\/www.letsreadasia.org <\/a>\u00a9 The Asia Foundation - Let's Read. Released under CC BY-NC 4.0.<\/span><\/h3>\n\n<h3 style=\"text-align: center;\"><span style=\"font-size:0.875em;\">\u201c<\/span>\u0906\u091c \u0915\u094c\u0928 \u0938\u093e \u0926\u093f\u0928 \u0939\u0948?<span style=\"font-size:0.875em;\">\u201d is licensed under CC BY 4.0 by Curious Learning.<\/span><\/h3>\n\n<h3 style=\"text-align: center;\"><span style=\"font-size:0.875em;\">Book builder - Abraham Jerry Kakooza<\/span><\/h3>\n"},"subContentId":"d72bca25-ea0d-42cd-8a46-96fdd6d1d8bc","metadata":{"contentType":"Text","license":"U","title":"Untitled Text"}},"alwaysDisplayComments":false,"backgroundOpacity":0,"willDoAnimation":false,"animationType":"glow","displayAsButton":false,"buttonSize":"big","goToSlideType":"specified","invisible":false,"solution":""}],"slideBackgroundSelector":{}}],"keywordListEnabled":true,"globalBackgroundSelector":{},"keywordListAlwaysShow":false,"keywordListAutoHide":false,"keywordListOpacity":90},"override":{"activeSurface":false,"hideSummarySlide":false,"summarySlideSolutionButton":true,"summarySlideRetryButton":true,"enablePrintButton":false,"social":{"showFacebookShare":false,"facebookShare":{"url":"@currentpageurl","quote":"I scored @score out of @maxScore on a task at @currentpageurl."},"showTwitterShare":false,"twitterShare":{"statement":"I scored @score out of @maxScore on a task at @currentpageurl.","url":"@currentpageurl","hashtags":"h5p, course"},"showGoogleShare":false,"googleShareUrl":"@currentpageurl"}},"l10n":{"slide":"Slide","score":"Score","yourScore":"Your Score","maxScore":"Max Score","total":"Total","totalScore":"Total Score","showSolutions":"Show solutions","retry":"Retry","exportAnswers":"Export text","hideKeywords":"Hide sidebar navigation menu","showKeywords":"Show sidebar navigation menu","fullscreen":"Fullscreen","exitFullscreen":"Exit fullscreen","prevSlide":"Previous slide","nextSlide":"Next slide","currentSlide":"Current slide","lastSlide":"Last slide","solutionModeTitle":"Exit solution mode","solutionModeText":"Solution Mode","summaryMultipleTaskText":"Multiple tasks","scoreMessage":"You achieved:","shareFacebook":"Share on Facebook","shareTwitter":"Share on Twitter","shareGoogle":"Share on Google+","summary":"Summary","solutionsButtonTitle":"Show comments","printTitle":"Print","printIngress":"How would you like to print this presentation?","printAllSlides":"Print all slides","printCurrentSlide":"Print current slide","noTitle":"No title","accessibilitySlideNavigationExplanation":"Use left and right arrow to change slide in that direction whenever canvas is selected.","accessibilityCanvasLabel":"Presentation canvas. Use left and right arrow to move between slides.","containsNotCompleted":"@slideName contains not completed interaction","containsCompleted":"@slideName contains completed interaction","slideCount":"Slide @index of @total","containsOnlyCorrect":"@slideName only has correct answers","containsIncorrectAnswers":"@slideName has incorrect answers","shareResult":"Share Result","accessibilityTotalScore":"You got @score of @maxScore points in total","accessibilityEnteredFullscreen":"Entered fullscreen","accessibilityExitedFullscreen":"Exited fullscreen"}}