{"presentation":{"slides":[{"elements":[{"x":18.51851851851852,"y":11.643835616438356,"width":62.731481481481474,"height":61.64383561643836,"action":{"library":"H5P.Image 1.1","params":{"contentName":"Image","file":{"path":"images\/file-61fb13956d34d.jpg","mime":"image\/jpeg","copyright":{"license":"U"},"width":959,"height":459}},"metadata":{"contentType":"Image","license":"U","title":"Untitled Image"},"subContentId":"2d0abbe2-c31e-44eb-91c5-2d2a3aebad54"},"backgroundOpacity":0,"willDoAnimation":false,"animationType":"glow","displayAsButton":false,"buttonSize":"big","goToSlideType":"specified","invisible":false},{"x":10.416666666666666,"y":79.90867579908677,"width":77.54629629629629,"height":13.698630136986301,"action":{"library":"H5P.CRAdvancedText 1.1","params":{"text":"<p style=\"text-align: center;\"><strong><span style=\"font-size:2.25em;\">COLOURS OF NATURE<\/span><\/strong><\/p>\n"},"metadata":{"contentType":"Text","license":"U","title":"Untitled Text"},"subContentId":"344722f4-e6aa-4a58-9090-2b076b5bbfad"},"alwaysDisplayComments":false,"backgroundOpacity":0,"willDoAnimation":false,"animationType":"glow","displayAsButton":false,"buttonSize":"big","goToSlideType":"specified","invisible":false,"solution":""}],"slideBackgroundSelector":{}},{"elements":[{"x":20.833333333333332,"y":11.415525114155251,"width":57.87037037037037,"height":66.21004566210046,"action":{"library":"H5P.Image 1.1","params":{"contentName":"Image","file":{"path":"images\/file-61fb1a0df2e8c.jpg","mime":"image\/jpeg","copyright":{"license":"U"},"width":959,"height":516}},"metadata":{"contentType":"Image","license":"U","title":"Untitled Image"},"subContentId":"1c976da6-e684-4009-8293-c616fe32cbfa"},"backgroundOpacity":0,"willDoAnimation":false,"animationType":"glow","displayAsButton":false,"buttonSize":"big","goToSlideType":"specified","invisible":false},{"x":8.101851851851851,"y":79.90867579908677,"width":83.33333333333333,"height":17.808219178082194,"action":{"library":"H5P.CRAdvancedText 1.1","params":{"text":"<p style=\"text-align: center;\"><span style=\"font-size:2.25em;\">The blue butterfly is flying.<\/span><\/p>\n"},"metadata":{"contentType":"Text","license":"U","title":"Untitled Text"},"subContentId":"90804fe8-dcef-487b-af6a-6b999917200a"},"alwaysDisplayComments":false,"backgroundOpacity":0,"willDoAnimation":false,"animationType":"glow","displayAsButton":false,"buttonSize":"big","goToSlideType":"specified","invisible":false,"solution":""},{"x":92.59259259259258,"y":2.2831050228310503,"width":40,"height":40,"action":{"library":"H5P.CRAudio 1.4","params":{"fitToWrapper":true,"currIndex":1,"playerMode":"minimalistic","controls":true,"autoplay":true,"playAudio":"Play audio","pauseAudio":"Pause audio","contentName":"Audio","glowColor":"#00bfff","files":[{"path":"audios\/files-61fc500459613.wav","mime":"audio\/x-wav","copyright":{"license":"U"}}],"timeStampForEachText":[{"text":" The ","startDuration":"0.0000","endDuration":"0.2922","wordfile":[{"path":"audios\/wordfile-61fc502c0730e.wav","mime":"audio\/x-wav","copyright":{"license":"U"}}]},{"text":" blue ","startDuration":"0.2922","endDuration":"0.8462","wordfile":[{"path":"audios\/wordfile-61fc504b67305.wav","mime":"audio\/x-wav","copyright":{"license":"U"}}]},{"text":" butterfly ","startDuration":"0.8462","endDuration":"1.7873","wordfile":[{"path":"audios\/wordfile-61fc506b0cb65.wav","mime":"audio\/x-wav","copyright":{"license":"U"}}]},{"text":" is ","startDuration":"1.7873","endDuration":"2.2122","wordfile":[{"path":"audios\/wordfile-61fc508c76e8d.wav","mime":"audio\/x-wav","copyright":{"license":"U"}}]},{"text":" flying. ","startDuration":"2.2122","endDuration":"3.0307","wordfile":[{"path":"audios\/wordfile-61fc50af2beb0.wav","mime":"audio\/x-wav","copyright":{"license":"U"}}]}]},"metadata":{"contentType":"Curious Reader Audio","license":"U","title":"Untitled Curious Reader Audio"},"subContentId":"505518ec-ce9a-43f9-b0a0-b7a3a775579b"},"backgroundOpacity":0,"willDoAnimation":false,"animationType":"glow","displayAsButton":false,"buttonSize":"big","goToSlideType":"specified","invisible":false},{"x":32.407407407407405,"y":20.319634703196346,"width":27.4537037037037,"height":49.1324200913242,"action":{"library":"H5P.Image 1.1","params":{"contentName":"Image"},"metadata":{"contentType":"Image","license":"U","title":"Untitled Image"},"subContentId":"aa845839-3bbd-4f28-9c18-972b943acf1f"},"backgroundOpacity":0,"willDoAnimation":true,"animationType":"glow","displayAsButton":false,"buttonSize":"big","goToSlideType":"specified","invisible":false,"id":"img505518ec-ce9a-43f9-b0a0-b7a3a775579b_1"}],"slideBackgroundSelector":{}},{"elements":[{"x":19.675925925925924,"y":11.187214611872147,"width":61.92129629629629,"height":67.12328767123287,"action":{"library":"H5P.Image 1.1","params":{"contentName":"Image","file":{"path":"images\/file-61fb1a810806e.jpg","mime":"image\/jpeg","copyright":{"license":"U"},"width":959,"height":516}},"metadata":{"contentType":"Image","license":"U","title":"Untitled Image"},"subContentId":"9947c453-fb03-4ae4-9e8b-ef1bd5a391cb"},"backgroundOpacity":0,"willDoAnimation":false,"animationType":"glow","displayAsButton":false,"buttonSize":"big","goToSlideType":"specified","invisible":false},{"x":8.101851851851851,"y":81.27853881278538,"width":85.64814814814814,"height":17.808219178082194,"action":{"library":"H5P.CRAdvancedText 1.1","params":{"text":"<p style=\"text-align: center;\"><span style=\"font-size:2.25em;\">The yellow bee is drinking.<\/span><\/p>\n"},"metadata":{"contentType":"Text","license":"U","title":"Untitled Text"},"subContentId":"ba1ce535-907b-44ac-b336-8ae4c5aae56c"},"alwaysDisplayComments":false,"backgroundOpacity":0,"willDoAnimation":false,"animationType":"glow","displayAsButton":false,"buttonSize":"big","goToSlideType":"specified","invisible":false,"solution":""},{"x":92.59259259259258,"y":2.2831050228310503,"width":40,"height":40,"action":{"library":"H5P.CRAudio 1.4","params":{"fitToWrapper":true,"currIndex":2,"playerMode":"minimalistic","controls":true,"autoplay":true,"playAudio":"Play audio","pauseAudio":"Pause audio","contentName":"Audio","glowColor":"#ffd85a","files":[{"path":"audios\/files-61fc51669f540.wav","mime":"audio\/x-wav","copyright":{"license":"U"}}],"timeStampForEachText":[{"text":" The ","startDuration":"0.0000","endDuration":"0.3554","wordfile":[{"path":"audios\/wordfile-61fc5182479a0.wav","mime":"audio\/x-wav","copyright":{"license":"U"}}]},{"text":" yellow ","startDuration":"0.3554","endDuration":"0.9687","wordfile":[{"path":"audios\/wordfile-61fc51a9206f7.wav","mime":"audio\/x-wav","copyright":{"license":"U"}}]},{"text":" bee ","startDuration":"0.9687","endDuration":"1.5254","wordfile":[{"path":"audios\/wordfile-61fc5323ee200.wav","mime":"audio\/x-wav","copyright":{"license":"U"}}]},{"text":" is ","startDuration":"1.5254","endDuration":"1.9409","wordfile":[{"path":"audios\/wordfile-61fc535297b2c.wav","mime":"audio\/x-wav","copyright":{"license":"U"}}]},{"text":" drinking. ","startDuration":"1.9409","endDuration":"2.8685","wordfile":[{"path":"audios\/wordfile-61fc53828085e.wav","mime":"audio\/x-wav","copyright":{"license":"U"}}]}]},"metadata":{"contentType":"Curious Reader Audio","license":"U","title":"Untitled Curious Reader Audio"},"subContentId":"c3e250f7-4dd5-4561-94cd-bef6cd5428c0"},"backgroundOpacity":0,"willDoAnimation":false,"animationType":"glow","displayAsButton":false,"buttonSize":"big","goToSlideType":"specified","invisible":false},{"x":39.314236111111114,"y":22.73687214611872,"width":21.435185185185183,"height":24.01826484018265,"action":{"library":"H5P.Image 1.1","params":{"contentName":"Image"},"metadata":{"contentType":"Image","license":"U","title":"Untitled Image"},"subContentId":"96796f42-c6dd-4fd4-bd78-142383ed7b61"},"backgroundOpacity":0,"willDoAnimation":true,"animationType":"glow","displayAsButton":false,"buttonSize":"big","goToSlideType":"specified","invisible":false,"id":"imgc3e250f7-4dd5-4561-94cd-bef6cd5428c0_1"},{"x":40.50925925925926,"y":29.680365296803654,"width":8.703703703703704,"height":22.420091324200914,"action":{"library":"H5P.Image 1.1","params":{"contentName":"Image"},"subContentId":"8dbb594d-d531-49e8-bcc3-3a0514e55db3","metadata":{"contentType":"Image","license":"U","title":"Untitled Image"}},"backgroundOpacity":0,"willDoAnimation":true,"animationType":"glow","displayAsButton":false,"buttonSize":"big","goToSlideType":"specified","invisible":false,"id":"imgc3e250f7-4dd5-4561-94cd-bef6cd5428c0_4"}],"slideBackgroundSelector":{}},{"elements":[{"x":17.34375,"y":11.381278538812786,"width":64.81481481481481,"height":66.43835616438356,"action":{"library":"H5P.Image 1.1","params":{"contentName":"Image","file":{"path":"images\/file-61fb1afd48ff7.jpg","mime":"image\/jpeg","copyright":{"license":"U"},"width":959,"height":516}},"metadata":{"contentType":"Image","license":"U","title":"Untitled Image"},"subContentId":"674128b3-abb9-4de7-ae15-dd56289cb855"},"backgroundOpacity":0,"willDoAnimation":false,"animationType":"glow","displayAsButton":false,"buttonSize":"big","goToSlideType":"specified","invisible":false},{"x":13.888888888888888,"y":79.90867579908677,"width":71.06481481481481,"height":17.35159817351598,"action":{"library":"H5P.CRAdvancedText 1.1","params":{"text":"<p style=\"text-align: center;\"><span style=\"font-size:2.25em;\">A red fish is swimming.<\/span><\/p>\n"},"metadata":{"contentType":"Text","license":"U","title":"Untitled Text"},"subContentId":"5672cc7a-b9e8-4316-a3ae-5a3f8363d53e"},"alwaysDisplayComments":false,"backgroundOpacity":0,"willDoAnimation":false,"animationType":"glow","displayAsButton":false,"buttonSize":"big","goToSlideType":"specified","invisible":false,"solution":""},{"x":92.91238425925926,"y":1.9920091324200913,"width":6.018518518518518,"height":11.415525114155251,"action":{"library":"H5P.CRAudio 1.4","params":{"fitToWrapper":true,"currIndex":3,"playerMode":"minimalistic","controls":true,"autoplay":true,"playAudio":"Play audio","pauseAudio":"Pause audio","contentName":"Audio","glowColor":"#ff1e1e","files":[{"path":"audios\/files-61fc541b6bc00.wav","mime":"audio\/x-wav","copyright":{"license":"U"}}],"timeStampForEachText":[{"text":" A ","startDuration":"0.0000","endDuration":"0.3135","wordfile":[{"path":"audios\/wordfile-61fc5468d105d.wav","mime":"audio\/x-wav","copyright":{"license":"U"}}]},{"text":" red ","startDuration":"0.3135","endDuration":"0.7836","wordfile":[{"path":"audios\/wordfile-61fc5499a71e8.wav","mime":"audio\/x-wav","copyright":{"license":"U"}}]},{"text":" fish ","startDuration":"0.7836","endDuration":"1.4623","wordfile":[{"path":"audios\/wordfile-61fc54f1534e3.wav","mime":"audio\/x-wav","copyright":{"license":"U"}}]},{"text":" is ","startDuration":"1.4623","endDuration":"1.7452","wordfile":[{"path":"audios\/wordfile-61fc551c5381f.wav","mime":"audio\/x-wav","copyright":{"license":"U"}}]},{"text":" swimming. ","startDuration":"1.7452","endDuration":"2.5067","wordfile":[{"path":"audios\/wordfile-61fc555009fd6.wav","mime":"audio\/x-wav","copyright":{"license":"U"}}]}]},"metadata":{"contentType":"Curious Reader Audio","license":"U","title":"Untitled Curious Reader Audio"},"subContentId":"5b96ae18-011c-4f51-947e-4b23a1724ab7"},"backgroundOpacity":0,"willDoAnimation":false,"animationType":"glow","displayAsButton":false,"buttonSize":"big","goToSlideType":"specified","invisible":false},{"x":36.92129629629629,"y":17.808219178082194,"width":29.537037037037035,"height":33.150684931506845,"action":{"library":"H5P.Image 1.1","params":{"contentName":"Image"},"metadata":{"contentType":"Image","license":"U","title":"Untitled Image"},"subContentId":"ec7ec4f2-173d-4509-b8b7-637db1310603"},"backgroundOpacity":0,"willDoAnimation":true,"animationType":"glow","displayAsButton":false,"buttonSize":"big","goToSlideType":"specified","invisible":false,"id":"img5b96ae18-011c-4f51-947e-4b23a1724ab7_1"}],"slideBackgroundSelector":{}},{"elements":[{"x":18.483796296296294,"y":11.34703196347032,"width":65.39351851851852,"height":68.4931506849315,"action":{"library":"H5P.Image 1.1","params":{"contentName":"Image","file":{"path":"images\/file-61fb1b79d161c.jpg","mime":"image\/jpeg","copyright":{"license":"U"},"width":959,"height":516}},"metadata":{"contentType":"Image","license":"U","title":"Untitled Image"},"subContentId":"c7c8c7e5-f279-4b6a-9bf7-b57b6d1c0b90"},"backgroundOpacity":0,"willDoAnimation":false,"animationType":"glow","displayAsButton":false,"buttonSize":"big","goToSlideType":"specified","invisible":false},{"x":2.314814814814815,"y":81.05022831050229,"width":95.37037037037037,"height":16.894977168949772,"action":{"library":"H5P.CRAdvancedText 1.1","params":{"text":"<p style=\"text-align: center;\"><span style=\"font-size:2.25em;\">The green frog plays with a puppy.<\/span><\/p>\n"},"metadata":{"contentType":"Text","license":"U","title":"Untitled Text"},"subContentId":"bc625032-507e-4a6c-9ce3-fd17bd0506b7"},"alwaysDisplayComments":false,"backgroundOpacity":0,"willDoAnimation":false,"animationType":"glow","displayAsButton":false,"buttonSize":"big","goToSlideType":"specified","invisible":false,"solution":""},{"x":92.59259259259258,"y":2.2831050228310503,"width":40,"height":40,"action":{"library":"H5P.CRAudio 1.4","params":{"fitToWrapper":true,"currIndex":4,"playerMode":"minimalistic","controls":true,"autoplay":true,"playAudio":"Play audio","pauseAudio":"Pause audio","contentName":"Audio","glowColor":"#39fe06","files":[{"path":"audios\/files-61fc55e90c117.wav","mime":"audio\/x-wav","copyright":{"license":"U"}}],"timeStampForEachText":[{"text":" The ","startDuration":"0.0000","endDuration":"0.2609","wordfile":[{"path":"audios\/wordfile-61fc562607c9b.wav","mime":"audio\/x-wav","copyright":{"license":"U"}}]},{"text":" green ","startDuration":"0.2609","endDuration":"0.8388","wordfile":[{"path":"audios\/wordfile-61fc56637d897.wav","mime":"audio\/x-wav","copyright":{"license":"U"}}]},{"text":" frog ","startDuration":"0.8388","endDuration":"1.4979","wordfile":[{"path":"audios\/wordfile-61fc5684052f6.wav","mime":"audio\/x-wav","copyright":{"license":"U"}}]},{"text":" plays ","startDuration":"1.4979","endDuration":"2.2058","wordfile":[{"path":"audios\/wordfile-61fc56a2e3d86.wav","mime":"audio\/x-wav","copyright":{"license":"U"}}]},{"text":" with ","startDuration":"2.2058","endDuration":"2.4505","wordfile":[{"path":"audios\/wordfile-61fc56c0d0ce9.wav","mime":"audio\/x-wav","copyright":{"license":"U"}}]},{"text":" a ","startDuration":"2.4505","endDuration":"2.7155","wordfile":[{"path":"audios\/wordfile-61fc56e039ff0.wav","mime":"audio\/x-wav","copyright":{"license":"U"}}]},{"text":" puppy. ","startDuration":"2.7155","endDuration":"3.3399","wordfile":[{"path":"audios\/wordfile-61fc570d9dc1e.wav","mime":"audio\/x-wav","copyright":{"license":"U"}}]}]},"metadata":{"contentType":"Curious Reader Audio","license":"U","title":"Untitled Curious Reader Audio"},"subContentId":"6b4d2259-4fe2-4b1f-a8b3-c88991395f1f"},"backgroundOpacity":0,"willDoAnimation":false,"animationType":"glow","displayAsButton":false,"buttonSize":"big","goToSlideType":"specified","invisible":false},{"x":39.35185185185185,"y":15.981735159817353,"width":24.907407407407405,"height":40,"action":{"library":"H5P.Image 1.1","params":{"contentName":"Image"},"metadata":{"contentType":"Image","license":"U","title":"Untitled Image"},"subContentId":"ce256b5f-1074-4656-a0e2-cfd4326a6dd5"},"backgroundOpacity":0,"willDoAnimation":true,"animationType":"glow","displayAsButton":false,"buttonSize":"big","goToSlideType":"specified","invisible":false,"id":"img6b4d2259-4fe2-4b1f-a8b3-c88991395f1f_1"},{"x":35.18518518518518,"y":47.48858447488585,"width":39.9537037037037,"height":37.48858447488584,"action":{"library":"H5P.Image 1.1","params":{"contentName":"Image"},"subContentId":"06461b0d-86ec-40eb-8e97-578246db3e45","metadata":{"contentType":"Image","license":"U","title":"Untitled Image"}},"backgroundOpacity":0,"willDoAnimation":true,"animationType":"glow","displayAsButton":false,"buttonSize":"big","goToSlideType":"specified","invisible":false,"id":"img6b4d2259-4fe2-4b1f-a8b3-c88991395f1f_6"}],"slideBackgroundSelector":{}},{"elements":[{"x":18.49247685185185,"y":11.364155251141552,"width":64.00462962962962,"height":66.21004566210046,"action":{"library":"H5P.Image 1.1","params":{"contentName":"Image","file":{"path":"images\/file-61fb1bffd8605.jpg","mime":"image\/jpeg","copyright":{"license":"U"},"width":959,"height":516}},"metadata":{"contentType":"Image","license":"U","title":"Untitled Image"},"subContentId":"ae479edd-be5a-4107-acc6-8c76d45b1e44"},"backgroundOpacity":0,"willDoAnimation":false,"animationType":"glow","displayAsButton":false,"buttonSize":"big","goToSlideType":"specified","invisible":false},{"x":0,"y":79.57488584474886,"width":100,"height":18.72146118721461,"action":{"library":"H5P.CRAdvancedText 1.1","params":{"text":"<p style=\"text-align: center;\"><span style=\"font-size:2.25em;\">The orange duck swims in the pond.<\/span><\/p>\n"},"metadata":{"contentType":"Text","license":"U","title":"Untitled Text"},"subContentId":"9d708dbe-bfc1-4669-8f75-0a3cc6240bc4"},"alwaysDisplayComments":false,"backgroundOpacity":0,"willDoAnimation":false,"animationType":"glow","displayAsButton":false,"buttonSize":"big","goToSlideType":"specified","invisible":false,"solution":""},{"x":92.59259259259258,"y":2.2831050228310503,"width":40,"height":40,"action":{"library":"H5P.CRAudio 1.4","params":{"fitToWrapper":true,"currIndex":5,"playerMode":"minimalistic","controls":true,"autoplay":true,"playAudio":"Play audio","pauseAudio":"Pause audio","contentName":"Audio","glowColor":"#f89125","files":[{"path":"audios\/files-61fc57860ebe4.wav","mime":"audio\/x-wav","copyright":{"license":"U"}}],"timeStampForEachText":[{"text":" The ","startDuration":"0.0000","endDuration":"0.4165","wordfile":[{"path":"audios\/wordfile-61fc57a7d3cc3.wav","mime":"audio\/x-wav","copyright":{"license":"U"}}]},{"text":" orange ","startDuration":"0.4165","endDuration":"1.1233","wordfile":[{"path":"audios\/wordfile-61fc57df9310c.wav","mime":"audio\/x-wav","copyright":{"license":"U"}}]},{"text":" duck ","startDuration":"1.1233","endDuration":"1.4661","wordfile":[{"path":"audios\/wordfile-61fc58032792c.wav","mime":"audio\/x-wav","copyright":{"license":"U"}}]},{"text":" swims ","startDuration":"1.4661","endDuration":"2.4263","wordfile":[{"path":"audios\/wordfile-61fc58232dbe3.wav","mime":"audio\/x-wav","copyright":{"license":"U"}}]},{"text":" in ","startDuration":"2.4263","endDuration":"2.7184","wordfile":[{"path":"audios\/wordfile-61fc584e45b76.wav","mime":"audio\/x-wav","copyright":{"license":"U"}}]},{"text":" the ","startDuration":"2.7000","endDuration":"2.8954","wordfile":[{"path":"audios\/wordfile-61fc5883a78cc.wav","mime":"audio\/x-wav","copyright":{"license":"U"}}]},{"text":" pond. ","startDuration":"2.9000","endDuration":"3.7594","wordfile":[{"path":"audios\/wordfile-61fc58cccb900.wav","mime":"audio\/x-wav","copyright":{"license":"U"}}]}]},"metadata":{"contentType":"Curious Reader Audio","license":"U","title":"Untitled Curious Reader Audio"},"subContentId":"6912cc9c-298f-4aa2-adfe-5d254d1de081"},"backgroundOpacity":0,"willDoAnimation":false,"animationType":"glow","displayAsButton":false,"buttonSize":"big","goToSlideType":"specified","invisible":false},{"x":37.03703703703704,"y":22.831050228310502,"width":29.537037037037035,"height":46.84931506849315,"action":{"library":"H5P.Image 1.1","params":{"contentName":"Image"},"metadata":{"contentType":"Image","license":"U","title":"Untitled Image"},"subContentId":"bd8c4416-3856-4af1-86c2-0c41efd4721c"},"backgroundOpacity":0,"willDoAnimation":true,"animationType":"glow","displayAsButton":false,"buttonSize":"big","goToSlideType":"specified","invisible":false,"id":"img6912cc9c-298f-4aa2-adfe-5d254d1de081_1"},{"x":23.113425925925924,"y":54.486301369863014,"width":54.99999999999999,"height":21.7351598173516,"action":{"library":"H5P.Image 1.1","params":{"contentName":"Image"},"subContentId":"9394bd8e-40aa-4131-aeaf-f41ce053ffba","metadata":{"contentType":"Image","license":"U","title":"Untitled Image"}},"backgroundOpacity":0,"willDoAnimation":true,"animationType":"glow","displayAsButton":false,"buttonSize":"big","goToSlideType":"specified","invisible":false,"id":"img6912cc9c-298f-4aa2-adfe-5d254d1de081_6"}],"slideBackgroundSelector":{}},{"elements":[{"x":18.501157407407405,"y":11.381278538812786,"width":63.31018518518518,"height":66.21004566210046,"action":{"library":"H5P.Image 1.1","params":{"contentName":"Image","file":{"path":"images\/file-61fb1d0abcfea.jpg","mime":"image\/jpeg","copyright":{"license":"U"},"width":959,"height":516}},"metadata":{"contentType":"Image","license":"U","title":"Untitled Image"},"subContentId":"ee2ffe42-2b87-4b80-a747-eb66ebb491cc"},"backgroundOpacity":0,"willDoAnimation":false,"animationType":"glow","displayAsButton":false,"buttonSize":"big","goToSlideType":"specified","invisible":false},{"x":0,"y":79.57488584474886,"width":100,"height":19.634703196347033,"action":{"library":"H5P.CRAdvancedText 1.1","params":{"text":"<p style=\"text-align: center;\"><span style=\"font-size:2.25em;\">The violet flower sways in the breeze.<\/span><\/p>\n"},"metadata":{"contentType":"Text","license":"U","title":"Untitled Text"},"subContentId":"f50cbc54-a5ab-47f3-a00e-4336a7f4895e"},"alwaysDisplayComments":false,"backgroundOpacity":0,"willDoAnimation":false,"animationType":"glow","displayAsButton":false,"buttonSize":"big","goToSlideType":"specified","invisible":false,"solution":""},{"x":92.59259259259258,"y":2.2831050228310503,"width":40,"height":40,"action":{"library":"H5P.CRAudio 1.4","params":{"fitToWrapper":true,"currIndex":6,"playerMode":"minimalistic","controls":true,"autoplay":true,"playAudio":"Play audio","pauseAudio":"Pause audio","contentName":"Audio","glowColor":"#e149ff","files":[{"path":"audios\/files-61fc595686946.wav","mime":"audio\/x-wav","copyright":{"license":"U"}}],"timeStampForEachText":[{"text":" The ","startDuration":"0.0000","endDuration":"0.3738","wordfile":[{"path":"audios\/wordfile-61fc598265910.wav","mime":"audio\/x-wav","copyright":{"license":"U"}}]},{"text":" violet ","startDuration":"0.3738","endDuration":"1.0539","wordfile":[{"path":"audios\/wordfile-61fc59ae248a0.wav","mime":"audio\/x-wav","copyright":{"license":"U"}}]},{"text":" flower ","startDuration":"1.0539","endDuration":"1.6654","wordfile":[{"path":"audios\/wordfile-61fc59d44f389.wav","mime":"audio\/x-wav","copyright":{"license":"U"}}]},{"text":" sways ","startDuration":"1.6654","endDuration":"2.5147","wordfile":[{"path":"audios\/wordfile-61fc59f9d78db.wav","mime":"audio\/x-wav","copyright":{"license":"U"}}]},{"text":" in ","startDuration":"2.5147","endDuration":"2.7284","wordfile":[{"path":"audios\/wordfile-61fc5a1c48e1e.wav","mime":"audio\/x-wav","copyright":{"license":"U"}}]},{"text":" the ","startDuration":"2.7284","endDuration":"2.9055","wordfile":[{"path":"audios\/wordfile-61fc5a470b453.wav","mime":"audio\/x-wav","copyright":{"license":"U"}}]},{"text":" breeze. ","startDuration":"2.9010","endDuration":"3.7585","wordfile":[{"path":"audios\/wordfile-61fc5a5ed84da.wav","mime":"audio\/x-wav","copyright":{"license":"U"}}]}]},"metadata":{"contentType":"Curious Reader Audio","license":"U","title":"Untitled Curious Reader Audio"},"subContentId":"223e708d-5be7-40d6-bca1-d04760e12295"},"backgroundOpacity":0,"willDoAnimation":false,"animationType":"glow","displayAsButton":false,"buttonSize":"big","goToSlideType":"specified","invisible":false},{"x":30.09259259259259,"y":27.397260273972602,"width":22.592592592592588,"height":42.51141552511415,"action":{"library":"H5P.Image 1.1","params":{"contentName":"Image"},"metadata":{"contentType":"Image","license":"U","title":"Untitled Image"},"subContentId":"43a49845-b31a-4de3-9dc2-54b8a577a8f9"},"backgroundOpacity":0,"willDoAnimation":true,"animationType":"glow","displayAsButton":false,"buttonSize":"big","goToSlideType":"specified","invisible":false,"id":"img223e708d-5be7-40d6-bca1-d04760e12295_1"}],"slideBackgroundSelector":{}},{"elements":[{"x":19.675925925925924,"y":9.132420091324201,"width":59.49074074074073,"height":59.36073059360731,"action":{"library":"H5P.Image 1.1","params":{"contentName":"Image","file":{"path":"images\/file-61fb1edbd34d6.jpg","mime":"image\/jpeg","copyright":{"license":"U"},"width":959,"height":516}},"metadata":{"contentType":"Image","license":"U","title":"Untitled Image"},"subContentId":"b53b79d9-a01e-4142-8dbe-7f9bdca692ad"},"backgroundOpacity":0,"willDoAnimation":false,"animationType":"glow","displayAsButton":false,"buttonSize":"big","goToSlideType":"specified","invisible":false},{"x":5.787037037037036,"y":68.4931506849315,"width":86.80555555555554,"height":29.680365296803654,"action":{"library":"H5P.CRAdvancedText 1.1","params":{"text":"<p style=\"text-align: center;\"><span style=\"font-size:2.25em;\">The grey and black cat has an orange hat.<\/span><\/p>\n"},"metadata":{"contentType":"Text","license":"U","title":"Untitled Text"},"subContentId":"3da66602-5ea4-46a5-a551-5b33ded86119"},"alwaysDisplayComments":false,"backgroundOpacity":0,"willDoAnimation":false,"animationType":"glow","displayAsButton":false,"buttonSize":"big","goToSlideType":"specified","invisible":false,"solution":""},{"x":92.59259259259258,"y":2.2831050228310503,"width":40,"height":40,"action":{"library":"H5P.CRAudio 1.4","params":{"fitToWrapper":true,"currIndex":7,"playerMode":"minimalistic","controls":true,"autoplay":true,"playAudio":"Play audio","pauseAudio":"Pause audio","contentName":"Audio","glowColor":"#ffd85a","files":[{"path":"audios\/files-61fc5c460b3b5.wav","mime":"audio\/x-wav","copyright":{"license":"U"}}],"timeStampForEachText":[{"text":" The ","startDuration":"0.0805","endDuration":"0.3611","wordfile":[{"path":"audios\/wordfile-61fc5c8dc4e6a.wav","mime":"audio\/x-wav","copyright":{"license":"U"}}]},{"text":" grey ","startDuration":"0.3611","endDuration":"0.9584","wordfile":[{"path":"audios\/wordfile-61fc5cc1b2cb2.wav","mime":"audio\/x-wav","copyright":{"license":"U"}}]},{"text":" and ","startDuration":"0.9584","endDuration":"1.3034","wordfile":[{"path":"audios\/wordfile-61fc5ce8c13cc.wav","mime":"audio\/x-wav","copyright":{"license":"U"}}]},{"text":" black ","startDuration":"1.3034","endDuration":"1.8094","wordfile":[{"path":"audios\/wordfile-61fc5d14d7bf5.wav","mime":"audio\/x-wav","copyright":{"license":"U"}}]},{"text":" cat ","startDuration":"1.8094","endDuration":"2.3852","wordfile":[{"path":"audios\/wordfile-61fc5d650789f.wav","mime":"audio\/x-wav","copyright":{"license":"U"}}]},{"text":" has ","startDuration":"2.3852","endDuration":"2.8000","wordfile":[{"path":"audios\/wordfile-61fc5e15a1e78.wav","mime":"audio\/x-wav","copyright":{"license":"U"}}]},{"text":" an ","startDuration":"2.8000","endDuration":"3.0913","wordfile":[{"path":"audios\/wordfile-61fc5ebf50c15.wav","mime":"audio\/x-wav","copyright":{"license":"U"}}]},{"text":" orange ","startDuration":"3.0913","endDuration":"3.7584","wordfile":[{"path":"audios\/wordfile-61fc5eec85e0f.wav","mime":"audio\/x-wav","copyright":{"license":"U"}}]},{"text":" hat. ","startDuration":"3.7584","endDuration":"4.4134","wordfile":[{"path":"audios\/wordfile-61fc5f0d27ca5.wav","mime":"audio\/x-wav","copyright":{"license":"U"}}]}]},"metadata":{"contentType":"Curious Reader Audio","license":"U","title":"Untitled Curious Reader Audio"},"subContentId":"31c6702a-8c8d-40d9-b3fd-37ece64eeb4b"},"backgroundOpacity":0,"willDoAnimation":false,"animationType":"glow","displayAsButton":false,"buttonSize":"big","goToSlideType":"specified","invisible":false},{"x":34.72222222222222,"y":17.808219178082194,"width":31.620370370370367,"height":40,"action":{"library":"H5P.Image 1.1","params":{"contentName":"Image"},"metadata":{"contentType":"Image","license":"U","title":"Untitled Image"},"subContentId":"319e4cee-9a4f-4f24-bb7d-ea2d2c54b3ed"},"backgroundOpacity":0,"willDoAnimation":true,"animationType":"glow","displayAsButton":false,"buttonSize":"big","goToSlideType":"specified","invisible":false,"id":"img31c6702a-8c8d-40d9-b3fd-37ece64eeb4b_1"},{"x":36.11111111111111,"y":7.077625570776256,"width":21.435185185185183,"height":21.7351598173516,"action":{"library":"H5P.Image 1.1","params":{"contentName":"Image"},"subContentId":"9cf0e29e-01f3-4249-a3e4-1e4c0af04696","metadata":{"contentType":"Image","license":"U","title":"Untitled Image"}},"backgroundOpacity":0,"willDoAnimation":true,"animationType":"glow","displayAsButton":false,"buttonSize":"big","goToSlideType":"specified","invisible":false,"id":"img31c6702a-8c8d-40d9-b3fd-37ece64eeb4b_7"}],"slideBackgroundSelector":{}},{"elements":[{"x":24.305555555555554,"y":11.415525114155251,"width":56.36574074074074,"height":58.21917808219178,"action":{"library":"H5P.Image 1.1","params":{"contentName":"Image","file":{"path":"images\/file-61fb1f74d3a6c.jpg","mime":"image\/jpeg","copyright":{"license":"U"},"width":959,"height":516}},"metadata":{"contentType":"Image","license":"U","title":"Untitled Image"},"subContentId":"c7c9df15-f256-4202-8295-b73483f5b86f"},"backgroundOpacity":0,"willDoAnimation":false,"animationType":"glow","displayAsButton":false,"buttonSize":"big","goToSlideType":"specified","invisible":false},{"x":2.6620370370370368,"y":70.54794520547945,"width":94.9074074074074,"height":27.397260273972602,"action":{"library":"H5P.CRAdvancedText 1.1","params":{"text":"<p style=\"text-align: center;\"><span style=\"font-size:2.25em;\">The grey and brown mouse hides in the house.<\/span><\/p>\n"},"metadata":{"contentType":"Text","license":"U","title":"Untitled Text"},"subContentId":"3d4e7c6a-1c36-43c1-ba58-9c8ef12b92f9"},"alwaysDisplayComments":false,"backgroundOpacity":0,"willDoAnimation":false,"animationType":"glow","displayAsButton":false,"buttonSize":"big","goToSlideType":"specified","invisible":false,"solution":""},{"x":92.59259259259258,"y":2.2831050228310503,"width":40,"height":40,"action":{"library":"H5P.CRAudio 1.4","params":{"fitToWrapper":true,"currIndex":8,"playerMode":"minimalistic","controls":true,"autoplay":true,"playAudio":"Play audio","pauseAudio":"Pause audio","contentName":"Audio","glowColor":"#ffd85a","files":[{"path":"audios\/files-61fc689dac327.wav","mime":"audio\/x-wav","copyright":{"license":"U"}}],"timeStampForEachText":[{"text":" The ","startDuration":"0.0000","endDuration":"0.3783","wordfile":[{"path":"audios\/wordfile-61fc68c038e09.wav","mime":"audio\/x-wav","copyright":{"license":"U"}}]},{"text":" grey ","startDuration":"0.3783","endDuration":"0.8755","wordfile":[{"path":"audios\/wordfile-61fc68eef00c3.wav","mime":"audio\/x-wav","copyright":{"license":"U"}}]},{"text":" and ","startDuration":"0.8755","endDuration":"1.2700","wordfile":[{"path":"audios\/wordfile-61fc69190470d.wav","mime":"audio\/x-wav","copyright":{"license":"U"}}]},{"text":" brown ","startDuration":"1.2700","endDuration":"1.8212","wordfile":[{"path":"audios\/wordfile-61fc695992312.wav","mime":"audio\/x-wav","copyright":{"license":"U"}}]},{"text":" mouse ","startDuration":"1.8212","endDuration":"2.3400","wordfile":[{"path":"audios\/wordfile-61fc69819358a.wav","mime":"audio\/x-wav","copyright":{"license":"U"}}]},{"text":" hides ","startDuration":"2.3400","endDuration":"3.1074","wordfile":[{"path":"audios\/wordfile-61fc69c59b9c8.wav","mime":"audio\/x-wav","copyright":{"license":"U"}}]},{"text":" in ","startDuration":"3.1074","endDuration":"3.3993","wordfile":[{"path":"audios\/wordfile-61fc6a0556096.wav","mime":"audio\/x-wav","copyright":{"license":"U"}}]},{"text":" the ","startDuration":"3.3993","endDuration":"3.6641","wordfile":[{"path":"audios\/wordfile-61fc6a2d5d4af.wav","mime":"audio\/x-wav","copyright":{"license":"U"}}]},{"text":" house. ","startDuration":"3.6641","endDuration":"4.4419","wordfile":[{"path":"audios\/wordfile-61fc6a4ac82d9.wav","mime":"audio\/x-wav","copyright":{"license":"U"}}]}]},"metadata":{"contentType":"Curious Reader Audio","license":"U","title":"Untitled Curious Reader Audio"},"subContentId":"f7cbefee-8716-4b7a-8329-0574f59f7fbf"},"backgroundOpacity":0,"willDoAnimation":false,"animationType":"glow","displayAsButton":false,"buttonSize":"big","goToSlideType":"specified","invisible":false},{"x":41.666666666666664,"y":45.662100456621005,"width":11.712962962962962,"height":17.168949771689498,"action":{"library":"H5P.Image 1.1","params":{"contentName":"Image"},"metadata":{"contentType":"Image","license":"U","title":"Untitled Image"},"subContentId":"f23af3f1-b397-4ff8-9f36-c69d0547a3c3"},"backgroundOpacity":0,"willDoAnimation":true,"animationType":"glow","displayAsButton":false,"buttonSize":"big","goToSlideType":"specified","invisible":false,"id":"imgf7cbefee-8716-4b7a-8329-0574f59f7fbf_3"},{"x":31.828703703703702,"y":9.360730593607306,"width":39.9537037037037,"height":60.77625570776256,"action":{"library":"H5P.Image 1.1","params":{"contentName":"Image"},"subContentId":"affa34b4-13fc-4d3a-9da4-a77a80093269","metadata":{"contentType":"Image","license":"U","title":"Untitled Image"}},"backgroundOpacity":0,"willDoAnimation":true,"animationType":"glow","displayAsButton":false,"buttonSize":"big","goToSlideType":"specified","invisible":false,"id":"imgf7cbefee-8716-4b7a-8329-0574f59f7fbf_8"}],"slideBackgroundSelector":{}},{"elements":[{"x":17.352430555555557,"y":10.468036529680367,"width":65.50925925925925,"height":65.29680365296804,"action":{"library":"H5P.Image 1.1","params":{"contentName":"Image","file":{"path":"images\/file-61fb207e656e1.jpg","mime":"image\/jpeg","copyright":{"license":"U"},"width":959,"height":516}},"metadata":{"contentType":"Image","license":"U","title":"Untitled Image"},"subContentId":"b0e8a185-c051-42b0-a1c1-e3547586f1f8"},"backgroundOpacity":0,"willDoAnimation":false,"animationType":"glow","displayAsButton":false,"buttonSize":"big","goToSlideType":"specified","invisible":false},{"x":2.893518518518518,"y":78.08219178082192,"width":94.9074074074074,"height":20.091324200913242,"action":{"library":"H5P.CRAdvancedText 1.1","params":{"text":"<p style=\"text-align: center;\"><span style=\"font-size:2.25em;\">The red and black fox wears socks.<\/span><\/p>\n"},"metadata":{"contentType":"Text","license":"U","title":"Untitled Text"},"subContentId":"1e1c07ff-ed4b-4928-aafe-84f71dacf0bd"},"alwaysDisplayComments":false,"backgroundOpacity":0,"willDoAnimation":false,"animationType":"glow","displayAsButton":false,"buttonSize":"big","goToSlideType":"specified","invisible":false,"solution":""},{"x":92.59259259259258,"y":2.2831050228310503,"width":40,"height":40,"action":{"library":"H5P.CRAudio 1.4","params":{"fitToWrapper":true,"currIndex":9,"playerMode":"minimalistic","controls":true,"autoplay":true,"playAudio":"Play audio","pauseAudio":"Pause audio","contentName":"Audio","glowColor":"#f43f3f","files":[{"path":"audios\/files-61fc6c1e76b0d.wav","mime":"audio\/x-wav","copyright":{"license":"U"}}],"timeStampForEachText":[{"text":" The ","startDuration":"0.0000","endDuration":"0.3988","wordfile":[{"path":"audios\/wordfile-61fc6ccbda730.wav","mime":"audio\/x-wav","copyright":{"license":"U"}}]},{"text":" red ","startDuration":"0.3988","endDuration":"0.8946","wordfile":[{"path":"audios\/wordfile-61fc6cf348f72.wav","mime":"audio\/x-wav","copyright":{"license":"U"}}]},{"text":" and ","startDuration":"0.8946","endDuration":"1.2546","wordfile":[{"path":"audios\/wordfile-61fc6d1f014ec.wav","mime":"audio\/x-wav","copyright":{"license":"U"}}]},{"text":" black ","startDuration":"1.2546","endDuration":"1.8329","wordfile":[{"path":"audios\/wordfile-61fc6d4640a4f.wav","mime":"audio\/x-wav","copyright":{"license":"U"}}]},{"text":" fox ","startDuration":"1.8329","endDuration":"2.6051","wordfile":[{"path":"audios\/wordfile-61fc6d7385455.wav","mime":"audio\/x-wav","copyright":{"license":"U"}}]},{"text":" wears ","startDuration":"2.6051","endDuration":"3.1543","wordfile":[{"path":"audios\/wordfile-61fc6d961da86.wav","mime":"audio\/x-wav","copyright":{"license":"U"}}]},{"text":" socks. ","startDuration":"3.1543","endDuration":"3.9863","wordfile":[{"path":"audios\/wordfile-61fc6dbd572e0.wav","mime":"audio\/x-wav","copyright":{"license":"U"}}]}]},"metadata":{"contentType":"Curious Reader Audio","license":"U","title":"Untitled Curious Reader Audio"},"subContentId":"15e8b906-a095-4e02-a39d-3f13a183a37f"},"backgroundOpacity":0,"willDoAnimation":false,"animationType":"glow","displayAsButton":false,"buttonSize":"big","goToSlideType":"specified","invisible":false},{"x":34.72222222222222,"y":22.831050228310502,"width":30.694444444444443,"height":33.150684931506845,"action":{"library":"H5P.Image 1.1","params":{"contentName":"Image"},"metadata":{"contentType":"Image","license":"U","title":"Untitled Image"},"subContentId":"a43cee05-b589-4827-b715-186a1185b5b9"},"backgroundOpacity":0,"willDoAnimation":true,"animationType":"glow","displayAsButton":false,"buttonSize":"big","goToSlideType":"specified","invisible":false,"id":"img15e8b906-a095-4e02-a39d-3f13a183a37f_1"},{"x":32.35960648148148,"y":47.81118721461187,"width":33.00925925925925,"height":21.7351598173516,"action":{"library":"H5P.Image 1.1","params":{"contentName":"Image"},"subContentId":"6b8ebbdb-a242-445f-b8c0-8d5bf9cb2c0c","metadata":{"contentType":"Image","license":"U","title":"Untitled Image"}},"backgroundOpacity":0,"willDoAnimation":true,"animationType":"glow","displayAsButton":false,"buttonSize":"big","goToSlideType":"specified","invisible":false,"id":"img15e8b906-a095-4e02-a39d-3f13a183a37f_6"}],"slideBackgroundSelector":{}},{"elements":[{"x":18.171296296296294,"y":11.187214611872147,"width":64.69907407407408,"height":66.21004566210046,"action":{"library":"H5P.Image 1.1","params":{"contentName":"Image","file":{"path":"images\/file-61fb217f41714.jpg","mime":"image\/jpeg","copyright":{"license":"U"},"width":959,"height":516}},"metadata":{"contentType":"Image","license":"U","title":"Untitled Image"},"subContentId":"afa49ac6-a6e3-43d6-a440-76cbba33f2cb"},"backgroundOpacity":0,"willDoAnimation":false,"animationType":"glow","displayAsButton":false,"buttonSize":"big","goToSlideType":"specified","invisible":false},{"x":0.228587962962963,"y":79.79748858447489,"width":99.53703703703702,"height":18.72146118721461,"action":{"library":"H5P.CRAdvancedText 1.1","params":{"text":"<p style=\"text-align: center;\"><span style=\"font-size:2.25em;\">The green grasshopper reads the paper.<\/span><\/p>\n"},"metadata":{"contentType":"Text","license":"U","title":"Untitled Text"},"subContentId":"422f371f-28f8-46dd-82bc-a84ab4891761"},"alwaysDisplayComments":false,"backgroundOpacity":0,"willDoAnimation":false,"animationType":"glow","displayAsButton":false,"buttonSize":"big","goToSlideType":"specified","invisible":false,"solution":""},{"x":92.59259259259258,"y":2.2831050228310503,"width":40,"height":40,"action":{"library":"H5P.CRAudio 1.4","params":{"fitToWrapper":true,"currIndex":10,"playerMode":"minimalistic","controls":true,"autoplay":true,"playAudio":"Play audio","pauseAudio":"Pause audio","contentName":"Audio","glowColor":"#37fc11","files":[{"path":"audios\/files-61fd402e0e1fa.wav","mime":"audio\/x-wav","copyright":{"license":"U"}}],"timeStampForEachText":[{"text":" The ","startDuration":"0.0000","endDuration":"0.4073","wordfile":[{"path":"audios\/wordfile-61fd405de109a.wav","mime":"audio\/x-wav","copyright":{"license":"U"}}]},{"text":" green ","startDuration":"0.4073","endDuration":"0.9943","wordfile":[{"path":"audios\/wordfile-61fd407833191.wav","mime":"audio\/x-wav","copyright":{"license":"U"}}]},{"text":" grasshopper ","startDuration":"0.9943","endDuration":"2.2171","wordfile":[{"path":"audios\/wordfile-61fd40b0b8df8.wav","mime":"audio\/x-wav","copyright":{"license":"U"}}]},{"text":" reads ","startDuration":"2.2171","endDuration":"2.7120","wordfile":[{"path":"audios\/wordfile-61fd40d94bf92.wav","mime":"audio\/x-wav","copyright":{"license":"U"}}]},{"text":" the ","startDuration":"2.7120","endDuration":"2.9534","wordfile":[{"path":"audios\/wordfile-61fd412e92bf3.wav","mime":"audio\/x-wav","copyright":{"license":"U"}}]},{"text":" paper. ","startDuration":"2.9534","endDuration":"3.7870","wordfile":[{"path":"audios\/wordfile-61fd41653d8d4.wav","mime":"audio\/x-wav","copyright":{"license":"U"}}]}]},"metadata":{"contentType":"Curious Reader Audio","license":"U","title":"Untitled Curious Reader Audio"},"subContentId":"3cbf88d3-0991-46d3-893a-74c91d11e8cd"},"backgroundOpacity":0,"willDoAnimation":false,"animationType":"glow","displayAsButton":false,"buttonSize":"big","goToSlideType":"specified","invisible":false},{"x":39.35185185185185,"y":31.27853881278539,"width":29.421296296296294,"height":26.3013698630137,"action":{"library":"H5P.Image 1.1","params":{"contentName":"Image"},"metadata":{"contentType":"Image","license":"U","title":"Untitled Image"},"subContentId":"902543fd-7bfe-4e2c-b7bb-b112eafc4694"},"backgroundOpacity":0,"willDoAnimation":true,"animationType":"glow","displayAsButton":false,"buttonSize":"big","goToSlideType":"specified","invisible":false,"id":"img3cbf88d3-0991-46d3-893a-74c91d11e8cd_1"},{"x":33.532986111111114,"y":18.162100456621,"width":19.120370370370367,"height":49.1324200913242,"action":{"library":"H5P.Image 1.1","params":{"contentName":"Image"},"subContentId":"c654c068-ab29-4809-9b30-287f5ba7d971","metadata":{"contentType":"Image","license":"U","title":"Untitled Image"}},"backgroundOpacity":0,"willDoAnimation":true,"animationType":"glow","displayAsButton":false,"buttonSize":"big","goToSlideType":"specified","invisible":false,"id":"img3cbf88d3-0991-46d3-893a-74c91d11e8cd_5"}],"slideBackgroundSelector":{}},{"elements":[{"x":17.708333333333332,"y":11.415525114155251,"width":65.85648148148148,"height":68.4931506849315,"action":{"library":"H5P.Image 1.1","params":{"contentName":"Image","file":{"path":"images\/file-61fb22ce75958.jpg","mime":"image\/jpeg","copyright":{"license":"U"},"width":959,"height":516}},"metadata":{"contentType":"Image","license":"U","title":"Untitled Image"},"subContentId":"16db95db-4bc8-4574-9d82-ec6e8693f469"},"backgroundOpacity":0,"willDoAnimation":false,"animationType":"glow","displayAsButton":false,"buttonSize":"big","goToSlideType":"specified","invisible":false},{"x":2.314814814814815,"y":80.36529680365297,"width":96.06481481481481,"height":18.72146118721461,"action":{"library":"H5P.CRAdvancedText 1.1","params":{"text":"<p style=\"text-align: center;\"><span style=\"font-size:2.25em;\">The black goat sails in a red boat.<\/span><\/p>\n"},"metadata":{"contentType":"Text","license":"U","title":"Untitled Text"},"subContentId":"8eba43fd-0d43-4012-a8d9-d256a196b1a2"},"alwaysDisplayComments":false,"backgroundOpacity":0,"willDoAnimation":false,"animationType":"glow","displayAsButton":false,"buttonSize":"big","goToSlideType":"specified","invisible":false,"solution":""},{"x":92.59259259259258,"y":2.2831050228310503,"width":40,"height":40,"action":{"library":"H5P.CRAudio 1.4","params":{"fitToWrapper":true,"currIndex":11,"playerMode":"minimalistic","controls":true,"autoplay":true,"playAudio":"Play audio","pauseAudio":"Pause audio","contentName":"Audio","glowColor":"#ffd85a","files":[{"path":"audios\/files-61fd4319b74fd.wav","mime":"audio\/x-wav","copyright":{"license":"U"}}],"timeStampForEachText":[{"text":" The ","startDuration":"0.0000","endDuration":"0.3328","wordfile":[{"path":"audios\/wordfile-61fd43382010c.wav","mime":"audio\/x-wav","copyright":{"license":"U"}}]},{"text":" black ","startDuration":"0.3328","endDuration":"0.9115","wordfile":[{"path":"audios\/wordfile-61fd43696c050.wav","mime":"audio\/x-wav","copyright":{"license":"U"}}]},{"text":" goat ","startDuration":"0.9115","endDuration":"1.5198","wordfile":[{"path":"audios\/wordfile-61fd4394470af.wav","mime":"audio\/x-wav","copyright":{"license":"U"}}]},{"text":" sails ","startDuration":"1.5198","endDuration":"2.2560","wordfile":[{"path":"audios\/wordfile-61fd43b4359fb.wav","mime":"audio\/x-wav","copyright":{"license":"U"}}]},{"text":" in ","startDuration":"2.2560","endDuration":"2.5101","wordfile":[{"path":"audios\/wordfile-61fd43dfdaff6.wav","mime":"audio\/x-wav","copyright":{"license":"U"}}]},{"text":" a ","startDuration":"2.5101","endDuration":"2.7691","wordfile":[{"path":"audios\/wordfile-61fd43fbc5c59.wav","mime":"audio\/x-wav","copyright":{"license":"U"}}]},{"text":" red ","startDuration":"2.7691","endDuration":"3.2544","wordfile":[{"path":"audios\/wordfile-61fd44204a3b2.wav","mime":"audio\/x-wav","copyright":{"license":"U"}}]},{"text":" boat. ","startDuration":"3.2544","endDuration":"4.0433","wordfile":[{"path":"audios\/wordfile-61fd444138708.wav","mime":"audio\/x-wav","copyright":{"license":"U"}}]}]},"metadata":{"contentType":"Curious Reader Audio","license":"U","title":"Untitled Curious Reader Audio"},"subContentId":"4f1c3367-bc87-4d8b-8475-b19185170245"},"backgroundOpacity":0,"willDoAnimation":false,"animationType":"glow","displayAsButton":false,"buttonSize":"big","goToSlideType":"specified","invisible":false},{"x":34.6875,"y":20.46232876712329,"width":33.00925925925925,"height":33.37899543378995,"action":{"library":"H5P.Image 1.1","params":{"contentName":"Image"},"metadata":{"contentType":"Image","license":"U","title":"Untitled Image"},"subContentId":"a15d4f60-f5c7-4ca5-bc29-7aa15238fac9"},"backgroundOpacity":0,"willDoAnimation":true,"animationType":"glow","displayAsButton":false,"buttonSize":"big","goToSlideType":"specified","invisible":false,"id":"img4f1c3367-bc87-4d8b-8475-b19185170245_1"},{"x":29.933449074074076,"y":45.599315068493155,"width":39.9537037037037,"height":24.01826484018265,"action":{"library":"H5P.Image 1.1","params":{"contentName":"Image"},"subContentId":"6ea278af-196d-493e-a19a-c477897911a7","metadata":{"contentType":"Image","license":"U","title":"Untitled Image"}},"backgroundOpacity":0,"willDoAnimation":true,"animationType":"glow","displayAsButton":false,"buttonSize":"big","goToSlideType":"specified","invisible":false,"id":"img4f1c3367-bc87-4d8b-8475-b19185170245_6"}],"slideBackgroundSelector":{}},{"elements":[{"x":17.352430555555557,"y":12.054794520547944,"width":65.97222222222221,"height":65.98173515981735,"action":{"library":"H5P.Image 1.1","params":{"contentName":"Image","file":{"path":"images\/file-61fb23c287e16.jpg","mime":"image\/jpeg","copyright":{"license":"U"},"width":959,"height":516}},"metadata":{"contentType":"Image","license":"U","title":"Untitled Image"},"subContentId":"8aa4569e-10b1-44ac-a7d6-211345976f0a"},"backgroundOpacity":0,"willDoAnimation":false,"animationType":"glow","displayAsButton":false,"buttonSize":"big","goToSlideType":"specified","invisible":false},{"x":0.3472222222222222,"y":80.13698630136986,"width":99.53703703703702,"height":17.808219178082194,"action":{"library":"H5P.CRAdvancedText 1.1","params":{"text":"<p style=\"text-align: center;\"><span style=\"font-size:2.25em;\">The green and brown crocodile smiles.<\/span><\/p>\n"},"metadata":{"contentType":"Text","license":"U","title":"Untitled Text"},"subContentId":"9836f97e-71db-4a17-8747-2277ec6c1d4c"},"alwaysDisplayComments":false,"backgroundOpacity":0,"willDoAnimation":false,"animationType":"glow","displayAsButton":false,"buttonSize":"big","goToSlideType":"specified","invisible":false,"solution":""},{"x":92.59259259259258,"y":2.2831050228310503,"width":40,"height":40,"action":{"library":"H5P.CRAudio 1.4","params":{"fitToWrapper":true,"currIndex":12,"playerMode":"minimalistic","controls":true,"autoplay":true,"playAudio":"Play audio","pauseAudio":"Pause audio","contentName":"Audio","glowColor":"#4df614","files":[{"path":"audios\/files-61fd44dd97418.wav","mime":"audio\/x-wav","copyright":{"license":"U"}}],"timeStampForEachText":[{"text":" The ","startDuration":"0.0472","endDuration":"0.3604","wordfile":[{"path":"audios\/wordfile-61fd453897e47.wav","mime":"audio\/x-wav","copyright":{"license":"U"}}]},{"text":" green ","startDuration":"0.3604","endDuration":"0.9897","wordfile":[{"path":"audios\/wordfile-61fd4553d3e1f.wav","mime":"audio\/x-wav","copyright":{"license":"U"}}]},{"text":" and ","startDuration":"0.9897","endDuration":"1.3124","wordfile":[{"path":"audios\/wordfile-61fd456bc159a.wav","mime":"audio\/x-wav","copyright":{"license":"U"}}]},{"text":" brown ","startDuration":"1.3124","endDuration":"1.8238","wordfile":[{"path":"audios\/wordfile-61fd458a31ac2.wav","mime":"audio\/x-wav","copyright":{"license":"U"}}]},{"text":" crocodile ","startDuration":"1.8238","endDuration":"2.7550","wordfile":[{"path":"audios\/wordfile-61fd45aa5f9d9.wav","mime":"audio\/x-wav","copyright":{"license":"U"}}]},{"text":" smiles. ","startDuration":"2.7550","endDuration":"3.8779","wordfile":[{"path":"audios\/wordfile-61fd45cd19425.wav","mime":"audio\/x-wav","copyright":{"license":"U"}}]}]},"metadata":{"contentType":"Curious Reader Audio","license":"U","title":"Untitled Curious Reader Audio"},"subContentId":"0b85eb2a-1cb1-4d0e-be1f-3fa68a69f97f"},"backgroundOpacity":0,"willDoAnimation":false,"animationType":"glow","displayAsButton":false,"buttonSize":"big","goToSlideType":"specified","invisible":false},{"x":18.509837962962962,"y":22.76826484018265,"width":61.94444444444444,"height":50.502283105022826,"action":{"library":"H5P.Image 1.1","params":{"contentName":"Image"},"metadata":{"contentType":"Image","license":"U","title":"Untitled Image"},"subContentId":"bba68d23-d7fa-4db2-b1b3-dfef8b15d3b6"},"backgroundOpacity":0,"willDoAnimation":true,"animationType":"glow","displayAsButton":false,"buttonSize":"big","goToSlideType":"specified","invisible":false,"id":"imgc983284e-e53c-467b-9367-0477b06c4a96_0"},{"x":60.06944444444444,"y":34.198173515981736,"width":20.277777777777775,"height":19.45205479452055,"action":{"library":"H5P.Image 1.1","params":{"contentName":"Image"},"subContentId":"1803f5b3-7c33-48f5-9bd5-00fd3b74a3ce","metadata":{"contentType":"Image","license":"U","title":"Untitled Image"}},"backgroundOpacity":0,"willDoAnimation":true,"animationType":"glow","displayAsButton":false,"buttonSize":"big","goToSlideType":"specified","invisible":false,"id":"img0b85eb2a-1cb1-4d0e-be1f-3fa68a69f97f_5"}],"slideBackgroundSelector":{}},{"elements":[{"x":16.203703703703702,"y":11.415525114155251,"width":67.12962962962962,"height":67.12328767123287,"action":{"library":"H5P.Image 1.1","params":{"contentName":"Image","file":{"path":"images\/file-61fb24d94e8c5.jpg","mime":"image\/jpeg","copyright":{"license":"U"},"width":959,"height":516}},"metadata":{"contentType":"Image","license":"U","title":"Untitled Image"},"subContentId":"9439fc16-f11a-42bc-b9ad-94de1f249842"},"backgroundOpacity":0,"willDoAnimation":false,"animationType":"glow","displayAsButton":false,"buttonSize":"big","goToSlideType":"specified","invisible":false},{"x":1.1574074074074074,"y":79.90867579908677,"width":96.06481481481481,"height":18.72146118721461,"action":{"library":"H5P.CRAdvancedText 1.1","params":{"text":"<p style=\"text-align: center;\"><span style=\"font-size:2.25em;\">&nbsp;The black and red snake eats cake. <\/span><\/p>\n"},"metadata":{"contentType":"Text","license":"U","title":"Untitled Text"},"subContentId":"042d0151-812b-419a-ac2f-e58fc57933ee"},"alwaysDisplayComments":false,"backgroundOpacity":0,"willDoAnimation":false,"animationType":"glow","displayAsButton":false,"buttonSize":"big","goToSlideType":"specified","invisible":false,"solution":""},{"x":92.59259259259258,"y":2.2831050228310503,"width":40,"height":40,"action":{"library":"H5P.CRAudio 1.4","params":{"fitToWrapper":true,"currIndex":13,"playerMode":"minimalistic","controls":true,"autoplay":true,"playAudio":"Play audio","pauseAudio":"Pause audio","contentName":"Audio","glowColor":"#ff4747","files":[{"path":"audios\/files-62052e30c252d.wav","mime":"audio\/x-wav","copyright":{"license":"U"}}],"timeStampForEachText":[{"text":" \u00a0The ","startDuration":"0.0000","endDuration":"0.2897","wordfile":[{"path":"audios\/wordfile-62052e4d3ae01.wav","mime":"audio\/x-wav","copyright":{"license":"U"}}]},{"text":" black ","startDuration":"0.2907","endDuration":"0.8152","wordfile":[{"path":"audios\/wordfile-62052e72b5c3d.wav","mime":"audio\/x-wav","copyright":{"license":"U"}}]},{"text":" and ","startDuration":"0.8162","endDuration":"1.1059","wordfile":[{"path":"audios\/wordfile-62052e8d1e126.wav","mime":"audio\/x-wav","copyright":{"license":"U"}}]},{"text":" red ","startDuration":"1.1069","endDuration":"1.4649","wordfile":[{"path":"audios\/wordfile-62052ea3af27a.wav","mime":"audio\/x-wav","copyright":{"license":"U"}}]},{"text":" snake ","startDuration":"1.4649","endDuration":"2.2636","wordfile":[{"path":"audios\/wordfile-62052ee15a46c.wav","mime":"audio\/x-wav","copyright":{"license":"U"}}]},{"text":" eats ","startDuration":"2.2646","endDuration":"2.7891","wordfile":[{"path":"audios\/wordfile-62052ef416c08.wav","mime":"audio\/x-wav","copyright":{"license":"U"}}]},{"text":" cake. ","startDuration":"2.7901","endDuration":"3.5095","wordfile":[{"path":"audios\/wordfile-62052f064142e.wav","mime":"audio\/x-wav","copyright":{"license":"U"}}]}]},"metadata":{"contentType":"Curious Reader Audio","license":"U","title":"Untitled Curious Reader Audio"},"subContentId":"7377063c-eca2-449a-bcec-af50642d9a4b"},"backgroundOpacity":0,"willDoAnimation":false,"animationType":"glow","displayAsButton":false,"buttonSize":"big","goToSlideType":"specified","invisible":false},{"x":27.777777777777775,"y":31.963470319634705,"width":35.32407407407407,"height":37.71689497716895,"action":{"library":"H5P.Image 1.1","params":{"contentName":"Image"},"metadata":{"contentType":"Image","license":"U","title":"Untitled Image"},"subContentId":"44fd6a01-747e-41c5-a962-bd69f24b9617"},"backgroundOpacity":0,"willDoAnimation":true,"animationType":"glow","displayAsButton":false,"buttonSize":"big","goToSlideType":"specified","invisible":false,"id":"img7377063c-eca2-449a-bcec-af50642d9a4b_3"},{"x":54.74537037037037,"y":47.26027397260274,"width":17.731481481481477,"height":24.93150684931507,"action":{"library":"H5P.Image 1.1","params":{"contentName":"Image"},"subContentId":"4d1c591e-4c65-4d96-a6cd-f24900b495d0","metadata":{"contentType":"Image","license":"U","title":"Untitled Image"}},"backgroundOpacity":0,"willDoAnimation":true,"animationType":"glow","displayAsButton":false,"buttonSize":"big","goToSlideType":"specified","invisible":false,"id":"img7377063c-eca2-449a-bcec-af50642d9a4b_6"}],"slideBackgroundSelector":{}},{"elements":[{"x":17.01388888888889,"y":11.415525114155251,"width":65.74074074074073,"height":65.52511415525115,"action":{"library":"H5P.Image 1.1","params":{"contentName":"Image","file":{"path":"images\/file-61fb25a8ae7db.jpg","mime":"image\/jpeg","copyright":{"license":"U"},"width":959,"height":516}},"metadata":{"contentType":"Image","license":"U","title":"Untitled Image"},"subContentId":"1175dd82-d910-4964-8abf-19677a2dcf35"},"backgroundOpacity":0,"willDoAnimation":false,"animationType":"glow","displayAsButton":false,"buttonSize":"big","goToSlideType":"specified","invisible":false},{"x":1.0416666666666665,"y":77.62557077625571,"width":98.37962962962962,"height":18.72146118721461,"action":{"library":"H5P.CRAdvancedText 1.1","params":{"text":"<p style=\"text-align: center;\"><span style=\"font-size:2.25em;\">The red and yellow hen writes.<\/span><\/p>\n"},"metadata":{"contentType":"Text","license":"U","title":"Untitled Text"},"subContentId":"cd403baf-9a05-48d6-9293-de85e22e40c0"},"alwaysDisplayComments":false,"backgroundOpacity":0,"willDoAnimation":false,"animationType":"glow","displayAsButton":false,"buttonSize":"big","goToSlideType":"specified","invisible":false,"solution":""},{"x":92.59259259259258,"y":2.2831050228310503,"width":40,"height":40,"action":{"library":"H5P.CRAudio 1.4","params":{"fitToWrapper":true,"currIndex":14,"playerMode":"minimalistic","controls":true,"autoplay":true,"playAudio":"Play audio","pauseAudio":"Pause audio","contentName":"Audio","glowColor":"#ffd85a","files":[{"path":"audios\/files-61fd4815b8ffe.wav","mime":"audio\/x-wav","copyright":{"license":"U"}}],"timeStampForEachText":[{"text":" The ","startDuration":"0.1592","endDuration":"0.4866","wordfile":[{"path":"audios\/wordfile-61fd4867f3981.wav","mime":"audio\/x-wav","copyright":{"license":"U"}}]},{"text":" red ","startDuration":"0.4866","endDuration":"0.8339","wordfile":[{"path":"audios\/wordfile-61fd489d5f5c5.wav","mime":"audio\/x-wav","copyright":{"license":"U"}}]},{"text":" and ","startDuration":"0.8339","endDuration":"1.2648","wordfile":[{"path":"audios\/wordfile-61fd4927052c9.wav","mime":"audio\/x-wav","copyright":{"license":"U"}}]},{"text":" yellow ","startDuration":"1.2648","endDuration":"1.7673","wordfile":[{"path":"audios\/wordfile-61fd4951e388b.wav","mime":"audio\/x-wav","copyright":{"license":"U"}}]},{"text":" hen ","startDuration":"1.7673","endDuration":"2.3853","wordfile":[{"path":"audios\/wordfile-61fd4971458c4.wav","mime":"audio\/x-wav","copyright":{"license":"U"}}]},{"text":" writes. ","startDuration":"2.3853","endDuration":"3.2721","wordfile":[{"path":"audios\/wordfile-61fd499454362.wav","mime":"audio\/x-wav","copyright":{"license":"U"}}]}]},"metadata":{"contentType":"Curious Reader Audio","license":"U","title":"Untitled Curious Reader Audio"},"subContentId":"c63e6bbc-519b-4a3a-aecd-bc3342c7ea2d"},"backgroundOpacity":0,"willDoAnimation":false,"animationType":"glow","displayAsButton":false,"buttonSize":"big","goToSlideType":"specified","invisible":false},{"x":33.91203703703704,"y":13.698630136986301,"width":28.379629629629626,"height":42.28310502283105,"action":{"library":"H5P.Image 1.1","params":{"contentName":"Image"},"metadata":{"contentType":"Image","license":"U","title":"Untitled Image"},"subContentId":"8e5375ae-7503-420c-a826-7efefc1e2faf"},"backgroundOpacity":0,"willDoAnimation":true,"animationType":"glow","displayAsButton":false,"buttonSize":"big","goToSlideType":"specified","invisible":false,"id":"imgc63e6bbc-519b-4a3a-aecd-bc3342c7ea2d_1"},{"x":56.6855324074074,"y":25.039954337899545,"width":12.175925925925926,"height":40,"action":{"library":"H5P.Image 1.1","params":{"contentName":"Image"},"subContentId":"358021b6-79fa-495a-8b6d-71f0a065aefc","metadata":{"contentType":"Image","license":"U","title":"Untitled Image"}},"backgroundOpacity":0,"willDoAnimation":true,"animationType":"glow","displayAsButton":false,"buttonSize":"big","goToSlideType":"specified","invisible":false,"id":"imgc63e6bbc-519b-4a3a-aecd-bc3342c7ea2d_5"}],"slideBackgroundSelector":{}},{"elements":[{"x":17.34375,"y":11.364155251141552,"width":66.2037037037037,"height":66.21004566210046,"action":{"library":"H5P.Image 1.1","params":{"contentName":"Image","file":{"path":"images\/file-61fb266bc3819.jpg","mime":"image\/jpeg","copyright":{"license":"U"},"width":959,"height":516}},"metadata":{"contentType":"Image","license":"U","title":"Untitled Image"},"subContentId":"f09d6d87-23c4-4486-b5df-8205fea4e310"},"backgroundOpacity":0,"willDoAnimation":false,"animationType":"glow","displayAsButton":false,"buttonSize":"big","goToSlideType":"specified","invisible":false},{"x":2.3119212962962963,"y":79.46347031963471,"width":96.06481481481481,"height":16.894977168949772,"action":{"library":"H5P.CRAdvancedText 1.1","params":{"text":"<p style=\"text-align: center;\"><span style=\"font-size:2.25em;\">The black and orange tiger stands.<\/span><\/p>\n"},"metadata":{"contentType":"Text","license":"U","title":"Untitled Text"},"subContentId":"f5aebb16-b204-4aaa-a8f6-2ec5fcdb1d6c"},"alwaysDisplayComments":false,"backgroundOpacity":0,"willDoAnimation":false,"animationType":"glow","displayAsButton":false,"buttonSize":"big","goToSlideType":"specified","invisible":false,"solution":""},{"x":92.59259259259258,"y":2.2831050228310503,"width":40,"height":40,"action":{"library":"H5P.CRAudio 1.4","params":{"fitToWrapper":true,"currIndex":15,"playerMode":"minimalistic","controls":true,"autoplay":true,"playAudio":"Play audio","pauseAudio":"Pause audio","contentName":"Audio","glowColor":"#ffa51c","files":[{"path":"audios\/files-61fd4b0532d32.wav","mime":"audio\/x-wav","copyright":{"license":"U"}}],"timeStampForEachText":[{"text":" The ","startDuration":"0.0475","endDuration":"0.4029","wordfile":[{"path":"audios\/wordfile-61fd4b35dbb5b.wav","mime":"audio\/x-wav","copyright":{"license":"U"}}]},{"text":" black ","startDuration":"0.4029","endDuration":"0.8230","wordfile":[{"path":"audios\/wordfile-61fd4bf997d39.wav","mime":"audio\/x-wav","copyright":{"license":"U"}}]},{"text":" and ","startDuration":"0.8230","endDuration":"1.2216","wordfile":[{"path":"audios\/wordfile-61fd4c0deeb8e.wav","mime":"audio\/x-wav","copyright":{"license":"U"}}]},{"text":" orange ","startDuration":"1.2216","endDuration":"1.7842","wordfile":[{"path":"audios\/wordfile-61fd4c32bc7f6.wav","mime":"audio\/x-wav","copyright":{"license":"U"}}]},{"text":" tiger ","startDuration":"1.7842","endDuration":"2.3813","wordfile":[{"path":"audios\/wordfile-61fd4c632ac9f.wav","mime":"audio\/x-wav","copyright":{"license":"U"}}]},{"text":" stands. ","startDuration":"2.3813","endDuration":"3.5480","wordfile":[{"path":"audios\/wordfile-61fd4d13088ac.wav","mime":"audio\/x-wav","copyright":{"license":"U"}}]}]},"metadata":{"contentType":"Curious Reader Audio","license":"U","title":"Untitled Curious Reader Audio"},"subContentId":"38c9d7de-41a3-48dc-98f0-e51feda55c07"},"backgroundOpacity":0,"willDoAnimation":false,"animationType":"glow","displayAsButton":false,"buttonSize":"big","goToSlideType":"specified","invisible":false},{"x":30.09259259259259,"y":22.831050228310502,"width":42.26851851851851,"height":46.84931506849315,"action":{"library":"H5P.Image 1.1","params":{"contentName":"Image"},"metadata":{"contentType":"Image","license":"U","title":"Untitled Image"},"subContentId":"2bd5557c-ea1b-4099-aa93-0d1edc67b3c7"},"backgroundOpacity":0,"willDoAnimation":true,"animationType":"glow","displayAsButton":false,"buttonSize":"big","goToSlideType":"specified","invisible":false,"id":"img38c9d7de-41a3-48dc-98f0-e51feda55c07_3"}],"slideBackgroundSelector":{}},{"elements":[{"x":19.675925925925924,"y":11.415525114155251,"width":59.49074074074073,"height":66.21004566210046,"action":{"library":"H5P.Image 1.1","params":{"contentName":"Image","file":{"path":"images\/file-61fb27b4b4c5e.jpg","mime":"image\/jpeg","copyright":{"license":"U"},"width":959,"height":516}},"metadata":{"contentType":"Image","license":"U","title":"Untitled Image"},"subContentId":"3186f341-3bab-4972-ba69-403f68ec342a"},"backgroundOpacity":0,"willDoAnimation":false,"animationType":"glow","displayAsButton":false,"buttonSize":"big","goToSlideType":"specified","invisible":false},{"x":4.623842592592593,"y":79.57488584474886,"width":91.43518518518518,"height":17.808219178082194,"action":{"library":"H5P.CRAdvancedText 1.1","params":{"text":"<p style=\"text-align: center;\"><span style=\"font-size:2.25em;\">My two black eyes see colours.<\/span><\/p>\n"},"metadata":{"contentType":"Text","license":"U","title":"Untitled Text"},"subContentId":"f0c5354c-1511-445f-94f6-64cb2349c538"},"alwaysDisplayComments":false,"backgroundOpacity":0,"willDoAnimation":false,"animationType":"glow","displayAsButton":false,"buttonSize":"big","goToSlideType":"specified","invisible":false,"solution":""},{"x":92.59259259259258,"y":2.2831050228310503,"width":40,"height":40,"action":{"library":"H5P.CRAudio 1.4","params":{"fitToWrapper":true,"currIndex":16,"playerMode":"minimalistic","controls":true,"autoplay":true,"playAudio":"Play audio","pauseAudio":"Pause audio","contentName":"Audio","glowColor":"#ffd85a","files":[{"path":"audios\/files-61fd4e54d7405.wav","mime":"audio\/x-wav","copyright":{"license":"U"}}],"timeStampForEachText":[{"text":" My ","startDuration":"0.4921","endDuration":"0.9821","wordfile":[{"path":"audios\/wordfile-61fd4e91a57af.wav","mime":"audio\/x-wav","copyright":{"license":"U"}}]},{"text":" two ","startDuration":"0.9821","endDuration":"1.4877","wordfile":[{"path":"audios\/wordfile-61fd4eb612f67.wav","mime":"audio\/x-wav","copyright":{"license":"U"}}]},{"text":" black ","startDuration":"1.4877","endDuration":"2.0762","wordfile":[{"path":"audios\/wordfile-61fd4edaead81.wav","mime":"audio\/x-wav","copyright":{"license":"U"}}]},{"text":" eyes ","startDuration":"2.0762","endDuration":"2.8097","wordfile":[{"path":"audios\/wordfile-61fd4f0b68d5e.wav","mime":"audio\/x-wav","copyright":{"license":"U"}}]},{"text":" see ","startDuration":"2.8097","endDuration":"3.1444","wordfile":[{"path":"audios\/wordfile-61fd4f27d7483.wav","mime":"audio\/x-wav","copyright":{"license":"U"}}]},{"text":" colours. ","startDuration":"3.1444","endDuration":"4.2576","wordfile":[{"path":"audios\/wordfile-61fd4f47b26a4.wav","mime":"audio\/x-wav","copyright":{"license":"U"}}]}]},"metadata":{"contentType":"Curious Reader Audio","license":"U","title":"Untitled Curious Reader Audio"},"subContentId":"b85e3bbe-3f7e-43ae-8888-d0fec7c4094e"},"backgroundOpacity":0,"willDoAnimation":false,"animationType":"glow","displayAsButton":false,"buttonSize":"big","goToSlideType":"specified","invisible":false},{"x":32.407407407407405,"y":20.547945205479454,"width":8.703703703703704,"height":33.150684931506845,"action":{"library":"H5P.Image 1.1","params":{"contentName":"Image"},"metadata":{"contentType":"Image","license":"U","title":"Untitled Image"},"subContentId":"aa790e7e-6ab0-474d-ba41-34a42611df18"},"backgroundOpacity":0,"willDoAnimation":true,"animationType":"glow","displayAsButton":false,"buttonSize":"big","goToSlideType":"specified","invisible":false,"id":"imgb85e3bbe-3f7e-43ae-8888-d0fec7c4094e_5"},{"x":34.72222222222222,"y":11.415525114155251,"width":29.537037037037035,"height":17.168949771689498,"action":{"library":"H5P.Image 1.1","params":{"contentName":"Image"},"metadata":{"contentType":"Image","license":"U","title":"Untitled Image"},"subContentId":"9fa6726d-3a52-4d7b-b21f-11c158335d5b"},"backgroundOpacity":0,"willDoAnimation":true,"animationType":"glow","displayAsButton":false,"buttonSize":"big","goToSlideType":"specified","invisible":false,"id":"imgb85e3bbe-3f7e-43ae-8888-d0fec7c4094e_5"},{"x":60.04050925925925,"y":20.490867579908674,"width":5.231481481481482,"height":28.58447488584475,"action":{"library":"H5P.Image 1.1","params":{"contentName":"Image"},"metadata":{"contentType":"Image","license":"U","title":"Untitled Image"},"subContentId":"b501aec6-c1a8-4ade-a4f7-41efe0110997"},"backgroundOpacity":0,"willDoAnimation":true,"animationType":"glow","displayAsButton":false,"buttonSize":"big","goToSlideType":"specified","invisible":false,"id":"imgb85e3bbe-3f7e-43ae-8888-d0fec7c4094e_5"},{"x":41.08796296296296,"y":36.529680365296805,"width":7.430555555555555,"height":11.917808219178083,"action":{"library":"H5P.Image 1.1","params":{"contentName":"Image"},"subContentId":"650e98a6-2ab6-4669-a929-fce8ce852495","metadata":{"contentType":"Image","license":"U","title":"Untitled Image"}},"backgroundOpacity":0,"willDoAnimation":true,"animationType":"glow","displayAsButton":false,"buttonSize":"big","goToSlideType":"specified","invisible":false,"id":"imgb85e3bbe-3f7e-43ae-8888-d0fec7c4094e_3"},{"x":50,"y":36.529680365296805,"width":7.546296296296296,"height":12.146118721461189,"action":{"library":"H5P.Image 1.1","params":{"contentName":"Image"},"subContentId":"d73d31e2-d415-48c1-9c6d-48cc69ebd4f9","metadata":{"contentType":"Image","license":"U","title":"Untitled Image"}},"backgroundOpacity":0,"willDoAnimation":true,"animationType":"glow","displayAsButton":false,"buttonSize":"big","goToSlideType":"specified","invisible":false,"id":"imgb85e3bbe-3f7e-43ae-8888-d0fec7c4094e_3"}],"slideBackgroundSelector":{}},{"elements":[{"x":70.1530612244898,"y":12.586599496221663,"width":29.846938775510203,"height":12.090680100755668,"action":{"library":"H5P.Image 1.1","params":{"contentName":"Image","file":{"path":"images\/file-61fb28cb969ac.jpg","mime":"image\/jpeg","copyright":{"license":"U"},"width":1732,"height":354}},"metadata":{"contentType":"Image","license":"U","title":"Untitled Image"},"subContentId":"ef60de36-c246-4b47-977b-a32fb9c40b17"},"backgroundOpacity":0,"willDoAnimation":false,"animationType":"glow","displayAsButton":false,"buttonSize":"big","goToSlideType":"specified","invisible":false},{"x":3.826530612244898,"y":10.067707808564231,"width":21.683673469387756,"height":15.61712846347607,"action":{"library":"H5P.Image 1.1","params":{"contentName":"Image","file":{"path":"images\/file-61fb296cf2c04.png","mime":"image\/png","copyright":{"license":"U"},"width":1350,"height":487}},"metadata":{"contentType":"Image","license":"U","title":"Untitled Image"},"subContentId":"bf87af66-5249-497c-9746-811008717e89"},"backgroundOpacity":0,"willDoAnimation":false,"animationType":"glow","displayAsButton":false,"buttonSize":"big","goToSlideType":"specified","invisible":false},{"x":36.98979591836735,"y":10.075566750629722,"width":26.785714285714285,"height":14.609571788413097,"action":{"library":"H5P.Image 1.1","params":{"contentName":"Image","file":{"path":"images\/file-61fb29a5596cb.png","mime":"image\/png","copyright":{"license":"U"},"width":814,"height":202}},"metadata":{"contentType":"Image","license":"U","title":"Untitled Image"},"subContentId":"802f830e-7acf-4f6c-a0a0-e15074989db5"},"backgroundOpacity":0,"willDoAnimation":false,"animationType":"glow","displayAsButton":false,"buttonSize":"big","goToSlideType":"specified","invisible":false},{"x":6.943558673469388,"y":37.7735516372796,"width":86.86224489795919,"height":55.66750629722922,"action":{"library":"H5P.CRAdvancedText 1.1","params":{"text":"<h3 style=\"text-align: center;\"><span style=\"font-size:1em;\"><strong>\"Colours of Nature\" credits<\/strong><\/span><\/h3>\n\n<h3 style=\"text-align: center;\"><span style=\"font-size:1em;\">This work, \"Colours of Nature\", is a derivative of \"Colours of Nature\" written by <a>Bulbul Sharma<\/a>, used under CC BY. \"Colours of Nature\" is licensed under CC BY 4.0 by Curious Learning.<\/span><\/h3>\n\n<h3 style=\"text-align: center;\"><br>\n<span style=\"font-size:1em;\">Book builder - Deborah Oduman<\/span><\/h3>\n\n<p style=\"text-align: center;\">&nbsp;<\/p>\n"},"metadata":{"contentType":"Text","license":"U","title":"Untitled Text"},"subContentId":"9aa6c98e-eff8-4e63-afed-be589b6e608c"},"alwaysDisplayComments":false,"backgroundOpacity":0,"willDoAnimation":false,"animationType":"glow","displayAsButton":false,"buttonSize":"big","goToSlideType":"specified","invisible":false,"solution":""}],"slideBackgroundSelector":{}}],"keywordListEnabled":true,"globalBackgroundSelector":{"fillGlobalBackground":"#f3ffde"},"keywordListAlwaysShow":false,"keywordListAutoHide":false,"keywordListOpacity":90},"override":{"activeSurface":false,"hideSummarySlide":false,"summarySlideSolutionButton":true,"summarySlideRetryButton":true,"enablePrintButton":false,"social":{"showFacebookShare":false,"facebookShare":{"url":"@currentpageurl","quote":"I scored @score out of @maxScore on a task at @currentpageurl."},"showTwitterShare":false,"twitterShare":{"statement":"I scored @score out of @maxScore on a task at @currentpageurl.","url":"@currentpageurl","hashtags":"h5p, course"},"showGoogleShare":false,"googleShareUrl":"@currentpageurl"}},"l10n":{"slide":"Slide","score":"Score","yourScore":"Your Score","maxScore":"Max Score","total":"Total","totalScore":"Total Score","showSolutions":"Show solutions","retry":"Retry","exportAnswers":"Export text","hideKeywords":"Hide sidebar navigation menu","showKeywords":"Show sidebar navigation menu","fullscreen":"Fullscreen","exitFullscreen":"Exit fullscreen","prevSlide":"Previous slide","nextSlide":"Next slide","currentSlide":"Current slide","lastSlide":"Last slide","solutionModeTitle":"Exit solution mode","solutionModeText":"Solution Mode","summaryMultipleTaskText":"Multiple tasks","scoreMessage":"You achieved:","shareFacebook":"Share on Facebook","shareTwitter":"Share on Twitter","shareGoogle":"Share on Google+","summary":"Summary","solutionsButtonTitle":"Show comments","printTitle":"Print","printIngress":"How would you like to print this presentation?","printAllSlides":"Print all slides","printCurrentSlide":"Print current slide","noTitle":"No title","accessibilitySlideNavigationExplanation":"Use left and right arrow to change slide in that direction whenever canvas is selected.","accessibilityCanvasLabel":"Presentation canvas. Use left and right arrow to move between slides.","containsNotCompleted":"@slideName contains not completed interaction","containsCompleted":"@slideName contains completed interaction","slideCount":"Slide @index of @total","containsOnlyCorrect":"@slideName only has correct answers","containsIncorrectAnswers":"@slideName has incorrect answers","shareResult":"Share Result","accessibilityTotalScore":"You got @score of @maxScore points in total","accessibilityEnteredFullscreen":"Entered fullscreen","accessibilityExitedFullscreen":"Exited fullscreen"}}