{"presentation":{"slides":[{"elements":[{"x":28.935185185185183,"y":79.90867579908677,"width":40.04629629629629,"height":15.981735159817353,"action":{"library":"H5P.CRAdvancedText 1.1","params":{"text":"<p dir=\"ltr\" style=\"text-align: center;\"><span style=\"font-size:3em;\">\u0905\u092c \u0909\u0921\u094c\u0902<\/span><\/p>\n"},"subContentId":"3fc48221-8afd-4155-9ac3-80b76a4b65ca","metadata":{"contentType":"Text","license":"U","title":"Untitled Text"}},"alwaysDisplayComments":false,"backgroundOpacity":0,"willDoAnimation":false,"animationType":"glow","displayAsButton":false,"buttonSize":"big","goToSlideType":"specified","invisible":false,"solution":""},{"x":15.046296296296296,"y":9.132420091324201,"width":69.44444444444444,"height":68.4931506849315,"action":{"library":"H5P.Image 1.1","params":{"contentName":"Image","file":{"path":"images\/file-61b0fbce652e3.jpg","mime":"image\/jpeg","copyright":{"license":"U"},"width":1024,"height":490}},"subContentId":"014d8b2f-4a8a-4461-926a-e3a541177038","metadata":{"contentType":"Image","license":"U","title":"Untitled Image"}},"backgroundOpacity":0,"willDoAnimation":false,"animationType":"glow","displayAsButton":false,"buttonSize":"big","goToSlideType":"specified","invisible":false}],"slideBackgroundSelector":{}},{"elements":[{"x":10.416666666666666,"y":79.90867579908677,"width":78.7037037037037,"height":18.264840182648403,"action":{"library":"H5P.CRAdvancedText 1.1","params":{"text":"<p style=\"text-align: center;\"><span style=\"color:#ffffff;\"><span style=\"font-size:2.25em;\">\u091a\u0930\u093e\u0939\u0930\u0942 \u0909\u0921\u094d\u091b\u0928\u094d\u0964 \u0938\u0941\u0917\u093e \u0909\u0921\u094d\u091b\u0928\u094d\u0964<\/span><\/span><\/p>\n"},"subContentId":"f2dd5138-ec02-472f-b010-e9e7f0b5fa8c","metadata":{"contentType":"Text","license":"U","title":"Untitled Text"}},"alwaysDisplayComments":false,"backgroundOpacity":0,"willDoAnimation":false,"animationType":"glow","displayAsButton":false,"buttonSize":"big","goToSlideType":"specified","invisible":false,"solution":""},{"x":30.501089324618736,"y":8.602150537634408,"width":41.898148148148145,"height":68.4931506849315,"action":{"library":"H5P.Image 1.1","params":{"contentName":"Image","file":{"path":"images\/file-61b0fb7e5066d.jpg","mime":"image\/jpeg","copyright":{"license":"U"},"width":1024,"height":1104}},"subContentId":"6873f686-0977-4dc0-920b-8b07ecbfb48c","metadata":{"contentType":"Image","license":"U","title":"Untitled Image"}},"backgroundOpacity":0,"willDoAnimation":false,"animationType":"glow","displayAsButton":false,"buttonSize":"big","goToSlideType":"specified","invisible":false},{"x":47.00435729847495,"y":43.97849462365591,"width":40,"height":40,"action":{"library":"H5P.CRAudio 1.4","params":{"fitToWrapper":true,"currIndex":1,"playerMode":"minimalistic","controls":true,"autoplay":true,"playAudio":"Play audio","pauseAudio":"Pause audio","contentName":"Audio","glowColor":"#ffd85a","timeStampForEachText":[{"text":" \u091a\u0930\u093e\u0939\u0930\u0942 ","startDuration":"0.2367","endDuration":"1.3178","wordfile":[{"path":"audios\/wordfile-6534fdc345059.wav","mime":"audio\/x-wav","copyright":{"license":"U"}}]},{"text":" \u0909\u0921\u094d\u091b\u0928\u094d\u0964 ","startDuration":"1.6081","endDuration":"2.6235","wordfile":[{"path":"audios\/wordfile-6534fe01581ec.wav","mime":"audio\/x-wav","copyright":{"license":"U"}}]},{"text":" \u0938\u0941\u0917\u093e ","startDuration":"3.2820","endDuration":"4.1198","wordfile":[{"path":"audios\/wordfile-6534fe3e84912.wav","mime":"audio\/x-wav","copyright":{"license":"U"}}]},{"text":" \u0909\u0921\u094d\u091b\u0928\u094d\u0964 ","startDuration":"4.5285","endDuration":"5.4715","wordfile":[{"path":"audios\/wordfile-6534fe7407183.wav","mime":"audio\/x-wav","copyright":{"license":"U"}}]}],"files":[{"path":"audios\/files-6534fd81470d6.wav","mime":"audio\/x-wav","copyright":{"license":"U"}}]},"subContentId":"22639c78-7edd-49c9-a2b8-0c20dd59b99b","metadata":{"contentType":"Curious Reader Audio","license":"U","title":"Untitled Curious Reader Audio"}},"backgroundOpacity":0,"willDoAnimation":false,"animationType":"glow","displayAsButton":false,"buttonSize":"big","goToSlideType":"specified","invisible":false},{"x":33.7673202614379,"y":12.862903225806452,"width":15.686274509803923,"height":22.36559139784946,"action":{"library":"H5P.Image 1.1","params":{"contentName":"Image"},"subContentId":"3f6f1b5f-af5f-4d49-af24-fe21cf97b1dc","metadata":{"contentType":"Image","license":"U","title":"Untitled Image"}},"backgroundOpacity":0,"willDoAnimation":true,"animationType":"glow","displayAsButton":false,"buttonSize":"big","goToSlideType":"specified","invisible":false,"id":"img22639c78-7edd-49c9-a2b8-0c20dd59b99b_2"},{"x":50.10893246187364,"y":12.903225806451612,"width":19.934640522875817,"height":40,"action":{"library":"H5P.Image 1.1","params":{"contentName":"Image"},"subContentId":"580a6128-dcc4-465e-98fc-14643768f56f","metadata":{"contentType":"Image","license":"U","title":"Untitled Image"}},"backgroundOpacity":0,"willDoAnimation":true,"animationType":"glow","displayAsButton":false,"buttonSize":"big","goToSlideType":"specified","invisible":false,"id":"img22639c78-7edd-49c9-a2b8-0c20dd59b99b_0"}],"slideBackgroundSelector":{}},{"elements":[{"x":21.99074074074074,"y":80.36529680365297,"width":56.71296296296296,"height":18.036529680365298,"action":{"library":"H5P.CRAdvancedText 1.1","params":{"text":"<p dir=\"ltr\" style=\"text-align: center;\"><span style=\"color:#ffffff;\"><span style=\"font-size:2.25em;\">\u0918\u094b\u0921\u093e \u0909\u0921\u094d\u0928 \u0938\u0915\u094d\u0926\u0948\u0928\u0964<\/span><\/span><\/p>\n"},"subContentId":"9ed4e26c-d65e-4e9e-9d8d-2e0decf0c234","metadata":{"contentType":"Text","license":"U","title":"Untitled Text"}},"alwaysDisplayComments":false,"backgroundOpacity":0,"willDoAnimation":false,"animationType":"glow","displayAsButton":false,"buttonSize":"big","goToSlideType":"specified","invisible":false,"solution":""},{"x":30.501089324619,"y":10.113312131241,"width":39.998692810458,"height":69.996385028855,"action":{"library":"H5P.Image 1.1","params":{"contentName":"Image","file":{"path":"images\/file-61b0fc3ae2444.jpg","mime":"image\/jpeg","copyright":{"license":"U"},"width":1024,"height":1104}},"subContentId":"0afc1026-ca31-4b44-93f7-53271c06508c","metadata":{"contentType":"Image","license":"U","title":"Untitled Image"}},"backgroundOpacity":0,"willDoAnimation":false,"animationType":"glow","displayAsButton":false,"buttonSize":"big","goToSlideType":"specified","invisible":false},{"x":47.00435729847495,"y":43.97849462365591,"width":40,"height":40,"action":{"library":"H5P.CRAudio 1.4","params":{"fitToWrapper":true,"currIndex":2,"playerMode":"minimalistic","controls":true,"autoplay":true,"playAudio":"Play audio","pauseAudio":"Pause audio","contentName":"Audio","glowColor":"#ffd85a","timeStampForEachText":[{"text":" \u0918\u094b\u0921\u093e ","startDuration":"0.2797","endDuration":"0.8102","wordfile":[{"path":"audios\/wordfile-6534fed6ede92.wav","mime":"audio\/x-wav","copyright":{"license":"U"}}]},{"text":" \u0909\u0921\u094d\u0928 ","startDuration":"0.8112","endDuration":"1.4530","wordfile":[{"path":"audios\/wordfile-6534ff0c2cd18.wav","mime":"audio\/x-wav","copyright":{"license":"U"}}]},{"text":" \u0938\u0915\u094d\u0926\u0948\u0928\u0964 ","startDuration":"1.4540","endDuration":"2.4771","wordfile":[{"path":"audios\/wordfile-6534ff47e98d7.wav","mime":"audio\/x-wav","copyright":{"license":"U"}}]}],"files":[{"path":"audios\/files-6534fe87470ba.wav","mime":"audio\/x-wav","copyright":{"license":"U"}}]},"subContentId":"ea843b9f-9361-4a72-9a22-4a5cf22e1909","metadata":{"contentType":"Curious Reader Audio","license":"U","title":"Untitled Curious Reader Audio"}},"backgroundOpacity":0,"willDoAnimation":false,"animationType":"glow","displayAsButton":false,"buttonSize":"big","goToSlideType":"specified","invisible":false},{"x":39.21568627450981,"y":12.862903225806452,"width":26.579520697167755,"height":50.32258064516129,"action":{"library":"H5P.Image 1.1","params":{"contentName":"Image"},"subContentId":"16df93c4-6199-481b-b3de-7cda74afa18b","metadata":{"contentType":"Image","license":"U","title":"Untitled Image"}},"backgroundOpacity":0,"willDoAnimation":true,"animationType":"glow","displayAsButton":false,"buttonSize":"big","goToSlideType":"specified","invisible":false,"id":"imgea843b9f-9361-4a72-9a22-4a5cf22e1909_0"},{"x":55.55555555555556,"y":25.806451612903224,"width":11.22004357298475,"height":15.913978494623654,"action":{"library":"H5P.Image 1.1","params":{"contentName":"Image"},"subContentId":"865d4719-9ae3-49c7-85fc-8b8ec05672db","metadata":{"contentType":"Image","license":"U","title":"Untitled Image"}},"backgroundOpacity":0,"willDoAnimation":true,"animationType":"glow","displayAsButton":false,"buttonSize":"big","goToSlideType":"specified","invisible":false,"id":"imgea843b9f-9361-4a72-9a22-4a5cf22e1909_1"},{"x":37.03703703703704,"y":23.62236559139785,"width":11.11111111111111,"height":16.129032258064516,"action":{"library":"H5P.Image 1.1","params":{"contentName":"Image"},"subContentId":"b182fe8f-db9a-433f-b868-44fdd6261853","metadata":{"contentType":"Image","license":"U","title":"Untitled Image"}},"backgroundOpacity":0,"willDoAnimation":true,"animationType":"glow","displayAsButton":false,"buttonSize":"big","goToSlideType":"specified","invisible":false,"id":"imgea843b9f-9361-4a72-9a22-4a5cf22e1909_1"}],"slideBackgroundSelector":{}},{"elements":[{"x":4.357298474945534,"y":79.76817204301075,"width":84.9673202614379,"height":18.279569892473116,"action":{"library":"H5P.CRAdvancedText 1.1","params":{"text":"<p dir=\"ltr\" style=\"text-align: center;\"><span style=\"color:#ffffff;\"><span style=\"font-size:2.25em;\">\u091d\u093f\u0902\u0917\u093e \u0909\u0921\u094d\u091b\u0928\u094d \u0964 \u091d\u094d\u092f\u093e\u0909\u0901\u0915\u093f\u0930\u0940 \u0909\u0921\u094d\u091b\u0928\u094d\u0964<\/span><\/span><\/p>\n"},"subContentId":"0cf160d5-1d99-464d-8bfd-b55f25dda2e5","metadata":{"contentType":"Text","license":"U","title":"Untitled Text"}},"alwaysDisplayComments":false,"backgroundOpacity":0,"willDoAnimation":false,"animationType":"glow","displayAsButton":false,"buttonSize":"big","goToSlideType":"specified","invisible":false,"solution":""},{"x":30.501089324618736,"y":10.75268817204301,"width":39.998148148148,"height":66.796830941908,"action":{"library":"H5P.Image 1.1","params":{"contentName":"Image","file":{"path":"images\/file-61b0fcf6e4c40.jpg","mime":"image\/jpeg","copyright":{"license":"U"},"width":1024,"height":735}},"subContentId":"2532a18a-2727-4f64-be17-735beb7a0cce","metadata":{"contentType":"Image","license":"U","title":"Untitled Image"}},"backgroundOpacity":0,"willDoAnimation":false,"animationType":"glow","displayAsButton":false,"buttonSize":"big","goToSlideType":"specified","invisible":false},{"x":47.00435729847495,"y":43.97849462365591,"width":40,"height":40,"action":{"library":"H5P.CRAudio 1.4","params":{"fitToWrapper":true,"currIndex":3,"playerMode":"minimalistic","controls":true,"autoplay":true,"playAudio":"Play audio","pauseAudio":"Pause audio","contentName":"Audio","glowColor":"#ffd85a","timeStampForEachText":[{"text":" \u091d\u093f\u0902\u0917\u093e ","startDuration":"0.2319","endDuration":"1.0664","wordfile":[{"path":"audios\/wordfile-6534ff9173fd9.wav","mime":"audio\/x-wav","copyright":{"license":"U"}}]},{"text":" \u0909\u0921\u094d\u091b\u0928\u094d \u0964 ","startDuration":"1.3403","endDuration":"2.3726","wordfile":[{"path":"audios\/wordfile-6534fff1939ef.wav","mime":"audio\/x-wav","copyright":{"license":"U"}}]},{"text":" \u091d\u094d\u092f\u093e\u0909\u0901\u0915\u093f\u0930\u0940 ","startDuration":"3.1172","endDuration":"4.2245","wordfile":[{"path":"audios\/wordfile-653500189ba2b.wav","mime":"audio\/x-wav","copyright":{"license":"U"}}]},{"text":" \u0909\u0921\u094d\u091b\u0928\u094d\u0964 ","startDuration":"4.5530","endDuration":"5.5920","wordfile":[{"path":"audios\/wordfile-653500312928a.wav","mime":"audio\/x-wav","copyright":{"license":"U"}}]}],"files":[{"path":"audios\/files-6534ff6669ca6.wav","mime":"audio\/x-wav","copyright":{"license":"U"}}]},"subContentId":"e68d357d-f45c-4f24-9963-e057dba96a9a","metadata":{"contentType":"Curious Reader Audio","license":"U","title":"Untitled Curious Reader Audio"}},"backgroundOpacity":0,"willDoAnimation":false,"animationType":"glow","displayAsButton":false,"buttonSize":"big","goToSlideType":"specified","invisible":false},{"x":41.394335511982575,"y":19.31451612903226,"width":10.239651416122005,"height":19.78494623655914,"action":{"library":"H5P.Image 1.1","params":{"contentName":"Image"},"subContentId":"5e1e006c-aadb-4428-b4de-aad3290a7291","metadata":{"contentType":"Image","license":"U","title":"Untitled Image"}},"backgroundOpacity":0,"willDoAnimation":true,"animationType":"glow","displayAsButton":false,"buttonSize":"big","goToSlideType":"specified","invisible":false,"id":"imge68d357d-f45c-4f24-9963-e057dba96a9a_2"},{"x":33.7673202614379,"y":40.81311827956989,"width":14.596949891067538,"height":20.21505376344086,"action":{"library":"H5P.Image 1.1","params":{"contentName":"Image"},"subContentId":"acee8e39-491a-495d-9e35-7989f71a8582","metadata":{"contentType":"Image","license":"U","title":"Untitled Image"}},"backgroundOpacity":0,"willDoAnimation":true,"animationType":"glow","displayAsButton":false,"buttonSize":"big","goToSlideType":"specified","invisible":false,"id":"imge68d357d-f45c-4f24-9963-e057dba96a9a_0"}],"slideBackgroundSelector":{}},{"elements":[{"x":21.99074074074074,"y":79.90867579908677,"width":57.175925925925924,"height":18.036529680365298,"action":{"library":"H5P.CRAdvancedText 1.1","params":{"text":"<p style=\"text-align: center;\"><span style=\"color:#ffffff;\"><span style=\"font-size:2.25em;\">\u091b\u0947\u092a\u093e\u0930\u094b \u0909\u0921\u094d\u0928 \u0938\u0915\u094d\u0926\u0948\u0928\u0964<\/span><\/span><\/p>\n"},"subContentId":"640f2a18-b2a4-4b37-b08f-e4a5ab3ec5a8","metadata":{"contentType":"Text","license":"U","title":"Untitled Text"}},"alwaysDisplayComments":false,"backgroundOpacity":0,"willDoAnimation":false,"animationType":"glow","displayAsButton":false,"buttonSize":"big","goToSlideType":"specified","invisible":false,"solution":""},{"x":31.327160493827,"y":12.193374729841,"width":38.58024691358,"height":67.363518032477,"action":{"library":"H5P.Image 1.1","params":{"contentName":"Image","file":{"path":"images\/file-61b0fd4e9bf21.jpg","mime":"image\/jpeg","copyright":{"license":"U"},"width":1024,"height":1104}},"subContentId":"6210fb45-c2d4-4454-80ef-b71baf08810d","metadata":{"contentType":"Image","license":"U","title":"Untitled Image"}},"backgroundOpacity":0,"willDoAnimation":false,"animationType":"glow","displayAsButton":false,"buttonSize":"big","goToSlideType":"specified","invisible":false},{"x":47.00435729847495,"y":43.97849462365591,"width":40,"height":40,"action":{"library":"H5P.CRAudio 1.4","params":{"fitToWrapper":true,"currIndex":4,"playerMode":"minimalistic","controls":true,"autoplay":true,"playAudio":"Play audio","pauseAudio":"Pause audio","contentName":"Audio","glowColor":"#ffd85a","timeStampForEachText":[{"text":" \u091b\u0947\u092a\u093e\u0930\u094b ","startDuration":"0.3575","endDuration":"1.1123","wordfile":[{"path":"audios\/wordfile-653500809155b.wav","mime":"audio\/x-wav","copyright":{"license":"U"}}]},{"text":" \u0909\u0921\u094d\u0928 ","startDuration":"1.1133","endDuration":"1.7448","wordfile":[{"path":"audios\/wordfile-653500a7b1a0c.wav","mime":"audio\/x-wav","copyright":{"license":"U"}}]},{"text":" \u0938\u0915\u094d\u0926\u0948\u0928\u0964 ","startDuration":"1.7458","endDuration":"3.0390","wordfile":[{"path":"audios\/wordfile-653500c273f8c.wav","mime":"audio\/x-wav","copyright":{"license":"U"}}]}],"files":[{"path":"audios\/files-6535004f7885d.wav","mime":"audio\/x-wav","copyright":{"license":"U"}}]},"subContentId":"e4fe7c25-9326-4f67-b9ba-1361487c3ba8","metadata":{"contentType":"Curious Reader Audio","license":"U","title":"Untitled Curious Reader Audio"}},"backgroundOpacity":0,"willDoAnimation":false,"animationType":"glow","displayAsButton":false,"buttonSize":"big","goToSlideType":"specified","invisible":false},{"x":41.394335511982575,"y":15.023526881720429,"width":24.40087145969499,"height":40,"action":{"library":"H5P.Image 1.1","params":{"contentName":"Image"},"subContentId":"ed96303c-488a-4fb6-9152-3d53e6844e5b","metadata":{"contentType":"Image","license":"U","title":"Untitled Image"}},"backgroundOpacity":0,"willDoAnimation":true,"animationType":"glow","displayAsButton":false,"buttonSize":"big","goToSlideType":"specified","invisible":false,"id":"imge4fe7c25-9326-4f67-b9ba-1361487c3ba8_0"},{"x":56.64488017429194,"y":17.204301075268816,"width":14.488017429193901,"height":20.21505376344086,"action":{"library":"H5P.Image 1.1","params":{"contentName":"Image"},"subContentId":"7c4d52ef-1e69-4e58-8b27-d8a30ce318dd","metadata":{"contentType":"Image","license":"U","title":"Untitled Image"}},"backgroundOpacity":0,"willDoAnimation":true,"animationType":"glow","displayAsButton":false,"buttonSize":"big","goToSlideType":"specified","invisible":false,"id":"imge4fe7c25-9326-4f67-b9ba-1361487c3ba8_1"},{"x":40.305010893246184,"y":21.478494623655912,"width":9.15032679738562,"height":18.064516129032256,"action":{"library":"H5P.Image 1.1","params":{"contentName":"Image"},"subContentId":"d17f4f84-de4a-49ea-a979-6a76fa2a0e39","metadata":{"contentType":"Image","license":"U","title":"Untitled Image"}},"backgroundOpacity":0,"willDoAnimation":true,"animationType":"glow","displayAsButton":false,"buttonSize":"big","goToSlideType":"specified","invisible":false,"id":"imge4fe7c25-9326-4f67-b9ba-1361487c3ba8_1"}],"slideBackgroundSelector":{"fillSlideBackground":"#f5fef0"}},{"elements":[{"x":1.0893246187363834,"y":81.57935483870968,"width":95.86056644880175,"height":15.913978494623654,"action":{"library":"H5P.CRAdvancedText 1.1","params":{"text":"<p style=\"text-align: center;\"><span style=\"color:#ffffff;\"><span style=\"font-size:2.25em;\">\u0909\u0932\u094d\u0932\u0941\u0939\u0930\u0942 \u0909\u0921\u094d\u091b\u0928\u094d\u0964 \u092a\u0947\u0932\u093f\u0915\u0928 \u091a\u0930\u093e\u0939\u0930\u0941 \u0909\u0921\u094d\u091b\u0928\u094d\u0964<\/span><\/span><\/p>\n"},"subContentId":"865ed584-5189-4387-9823-0837093ed9a4","metadata":{"contentType":"Text","license":"U","title":"Untitled Text"}},"alwaysDisplayComments":false,"backgroundOpacity":0,"willDoAnimation":false,"animationType":"glow","displayAsButton":false,"buttonSize":"big","goToSlideType":"specified","invisible":false,"solution":""},{"x":31.249999999999996,"y":11.415525114155251,"width":39.322839506173,"height":68.649614232107,"action":{"library":"H5P.Image 1.1","params":{"contentName":"Image","file":{"path":"images\/file-61b0fe64a98f6.jpg","mime":"image\/jpeg","copyright":{"license":"U"},"width":1024,"height":1104}},"subContentId":"5823d9cd-bc61-4545-8d40-a3aef52fd065","metadata":{"contentType":"Image","license":"U","title":"Untitled Image"}},"backgroundOpacity":0,"willDoAnimation":false,"animationType":"glow","displayAsButton":false,"buttonSize":"big","goToSlideType":"specified","invisible":false},{"x":47.00435729847495,"y":43.97849462365591,"width":40,"height":40,"action":{"library":"H5P.CRAudio 1.4","params":{"fitToWrapper":true,"currIndex":5,"playerMode":"minimalistic","controls":true,"autoplay":true,"playAudio":"Play audio","pauseAudio":"Pause audio","contentName":"Audio","glowColor":"#ffd85a","timeStampForEachText":[{"text":" \u0909\u0932\u094d\u0932\u0941\u0939\u0930\u0942 ","startDuration":"0.2692","endDuration":"1.4112","wordfile":[{"path":"audios\/wordfile-653500fe9fe81.wav","mime":"audio\/x-wav","copyright":{"license":"U"}}]},{"text":" \u0909\u0921\u094d\u091b\u0928\u094d\u0964 ","startDuration":"1.4122","endDuration":"2.8318","wordfile":[{"path":"audios\/wordfile-653501373fb1f.wav","mime":"audio\/x-wav","copyright":{"license":"U"}}]},{"text":" \u092a\u0947\u0932\u093f\u0915\u0928 ","startDuration":"3.8589","endDuration":"4.4963","wordfile":[{"path":"audios\/wordfile-6535016f8f9ac.wav","mime":"audio\/x-wav","copyright":{"license":"U"}}]},{"text":" \u091a\u0930\u093e\u0939\u0930\u0941 ","startDuration":"4.4973","endDuration":"5.5889","wordfile":[{"path":"audios\/wordfile-6535019f3549b.wav","mime":"audio\/x-wav","copyright":{"license":"U"}}]},{"text":" \u0909\u0921\u094d\u091b\u0928\u094d\u0964 ","startDuration":"5.5899","endDuration":"7.1188","wordfile":[{"path":"audios\/wordfile-653501d4c6b84.wav","mime":"audio\/x-wav","copyright":{"license":"U"}}]}],"files":[{"path":"audios\/files-653500d9b14e5.wav","mime":"audio\/x-wav","copyright":{"license":"U"}}]},"subContentId":"15d1049b-1ae0-4a71-a706-12c61fe4cde3","metadata":{"contentType":"Curious Reader Audio","license":"U","title":"Untitled Curious Reader Audio"}},"backgroundOpacity":0,"willDoAnimation":false,"animationType":"glow","displayAsButton":false,"buttonSize":"big","goToSlideType":"specified","invisible":false},{"x":37.03703703703704,"y":10.75268817204301,"width":17.864923747276688,"height":20.21505376344086,"action":{"library":"H5P.Image 1.1","params":{"contentName":"Image"},"subContentId":"110d72b5-1b56-4c9f-a78b-b01a61352b13","metadata":{"contentType":"Image","license":"U","title":"Untitled Image"}},"backgroundOpacity":0,"willDoAnimation":true,"animationType":"glow","displayAsButton":false,"buttonSize":"big","goToSlideType":"specified","invisible":false,"id":"img15d1049b-1ae0-4a71-a706-12c61fe4cde3_0"},{"x":45.751633986928105,"y":23.62236559139785,"width":17.864923747276688,"height":29.462365591397848,"action":{"library":"H5P.Image 1.1","params":{"contentName":"Image"},"subContentId":"b92c6888-44ea-4c2b-a8c6-5ed0089763dd","metadata":{"contentType":"Image","license":"U","title":"Untitled Image"}},"backgroundOpacity":0,"willDoAnimation":true,"animationType":"glow","displayAsButton":false,"buttonSize":"big","goToSlideType":"specified","invisible":false,"id":"img15d1049b-1ae0-4a71-a706-12c61fe4cde3_2"}],"slideBackgroundSelector":{}},{"elements":[{"x":21.874945533769065,"y":82.32193548387097,"width":66.44880174291939,"height":15.913978494623654,"action":{"library":"H5P.CRAdvancedText 1.1","params":{"text":"<p style=\"text-align: center;\"><span style=\"color:#ffffff;\"><span style=\"font-size:2.25em;\">\u0917\u093f\u092c\u094d\u092c\u0928 \u0909\u0921\u094d\u0928 \u0938\u0915\u094d\u0926\u0948\u0928\u0964<\/span><\/span><\/p>\n"},"subContentId":"14e73cd5-4a6d-4738-8154-74732cbc1a18","metadata":{"contentType":"Text","license":"U","title":"Untitled Text"}},"alwaysDisplayComments":false,"backgroundOpacity":0,"willDoAnimation":false,"animationType":"glow","displayAsButton":false,"buttonSize":"big","goToSlideType":"specified","invisible":false,"solution":""},{"x":27.777777777778,"y":12.188619313696,"width":44.01049382716,"height":69.211728807153,"action":{"library":"H5P.Image 1.1","params":{"contentName":"Image","file":{"path":"images\/file-61b0fec0c4e2a.jpg","mime":"image\/jpeg","copyright":{"license":"U"},"width":1024,"height":735}},"subContentId":"52e4a3f2-1859-4fc8-851a-b129d5aa76ce","metadata":{"contentType":"Image","license":"U","title":"Untitled Image"}},"backgroundOpacity":0,"willDoAnimation":false,"animationType":"glow","displayAsButton":false,"buttonSize":"big","goToSlideType":"specified","invisible":false},{"x":47.00435729847495,"y":43.97849462365591,"width":40,"height":40,"action":{"library":"H5P.CRAudio 1.4","params":{"fitToWrapper":true,"currIndex":6,"playerMode":"minimalistic","controls":true,"autoplay":true,"playAudio":"Play audio","pauseAudio":"Pause audio","contentName":"Audio","glowColor":"#ffd85a","timeStampForEachText":[{"text":" \u0917\u093f\u092c\u094d\u092c\u0928 ","startDuration":"0.3434","endDuration":"0.9943","wordfile":[{"path":"audios\/wordfile-6535022f08f66.wav","mime":"audio\/x-wav","copyright":{"license":"U"}}]},{"text":" \u0909\u0921\u094d\u0928 ","startDuration":"0.9953","endDuration":"1.7414","wordfile":[{"path":"audios\/wordfile-653502474958f.wav","mime":"audio\/x-wav","copyright":{"license":"U"}}]},{"text":" \u0938\u0915\u094d\u0926\u0948\u0928\u0964 ","startDuration":"1.7424","endDuration":"3.1339","wordfile":[{"path":"audios\/wordfile-6535026035e73.wav","mime":"audio\/x-wav","copyright":{"license":"U"}}]}],"files":[{"path":"audios\/files-653502003ecb5.wav","mime":"audio\/x-wav","copyright":{"license":"U"}}]},"subContentId":"3116b497-c625-49d8-bbe4-335bd8ecda2a","metadata":{"contentType":"Curious Reader Audio","license":"U","title":"Untitled Curious Reader Audio"}},"backgroundOpacity":0,"willDoAnimation":false,"animationType":"glow","displayAsButton":false,"buttonSize":"big","goToSlideType":"specified","invisible":false},{"x":29.411764705882355,"y":21.50537634408602,"width":17.864923747276688,"height":40,"action":{"library":"H5P.Image 1.1","params":{"contentName":"Image"},"subContentId":"5e09e28b-19d3-4d40-848f-a4a992a1ab64","metadata":{"contentType":"Image","license":"U","title":"Untitled Image"}},"backgroundOpacity":0,"willDoAnimation":true,"animationType":"glow","displayAsButton":false,"buttonSize":"big","goToSlideType":"specified","invisible":false,"id":"img3116b497-c625-49d8-bbe4-335bd8ecda2a_0"},{"x":43.57298474945534,"y":36.53569892473118,"width":6.862745098039216,"height":13.763440860215052,"action":{"library":"H5P.Image 1.1","params":{"contentName":"Image"},"subContentId":"6a281f55-2625-40bd-b073-ea0e3c066bab","metadata":{"contentType":"Image","license":"U","title":"Untitled Image"}},"backgroundOpacity":0,"willDoAnimation":true,"animationType":"glow","displayAsButton":false,"buttonSize":"big","goToSlideType":"specified","invisible":false,"id":"img3116b497-c625-49d8-bbe4-335bd8ecda2a_1"},{"x":26.143790849673206,"y":38.68623655913978,"width":6.971677559912854,"height":18.064516129032256,"action":{"library":"H5P.Image 1.1","params":{"contentName":"Image"},"subContentId":"2c562c95-7ff2-4d43-885e-ccd18a123159","metadata":{"contentType":"Image","license":"U","title":"Untitled Image"}},"backgroundOpacity":0,"willDoAnimation":true,"animationType":"glow","displayAsButton":false,"buttonSize":"big","goToSlideType":"specified","invisible":false,"id":"img3116b497-c625-49d8-bbe4-335bd8ecda2a_1"}],"slideBackgroundSelector":{}},{"elements":[{"x":0,"y":80.22516129032259,"width":100,"height":17.849462365591396,"action":{"library":"H5P.CRAdvancedText 1.1","params":{"text":"<p style=\"text-align: center;\"><span style=\"color:#ffffff;\"><span style=\"font-size:2.25em;\">\u0938\u0947\u0924\u094b\u092c\u0915\u0941\u0932\u094d\u0932\u093e \u0909\u0921\u094d\u0928 \u0938\u0915\u094d\u091b\u0964 \u0927\u0928\u094d\u0938 \u091a\u0930\u093e \u0909\u0921\u094d\u0928 \u0938\u0915\u094d\u091b\u0964<\/span><\/span><\/p>\n"},"subContentId":"3356dfe9-365b-4c8d-bc61-ae25cd8a59b9","metadata":{"contentType":"Text","license":"U","title":"Untitled Text"}},"alwaysDisplayComments":false,"backgroundOpacity":0,"willDoAnimation":false,"animationType":"glow","displayAsButton":false,"buttonSize":"big","goToSlideType":"specified","invisible":false,"solution":""},{"x":27.233115468409586,"y":12.903225806451612,"width":44.753086419753,"height":67.911305392215,"action":{"library":"H5P.Image 1.1","params":{"contentName":"Image","file":{"path":"images\/file-61b0ff34353af.jpg","mime":"image\/jpeg","copyright":{"license":"U"},"width":1024,"height":735}},"subContentId":"580663a1-010f-4e6f-9bb7-5f9704caa53c","metadata":{"contentType":"Image","license":"U","title":"Untitled Image"}},"backgroundOpacity":0,"willDoAnimation":false,"animationType":"glow","displayAsButton":false,"buttonSize":"big","goToSlideType":"specified","invisible":false},{"x":47.00435729847495,"y":43.97849462365591,"width":40,"height":40,"action":{"library":"H5P.CRAudio 1.4","params":{"fitToWrapper":true,"currIndex":7,"playerMode":"minimalistic","controls":true,"autoplay":true,"playAudio":"Play audio","pauseAudio":"Pause audio","contentName":"Audio","glowColor":"#ffd85a","timeStampForEachText":[{"text":" \u0938\u0947\u0924\u094b\u092c\u0915\u0941\u0932\u094d\u0932\u093e ","startDuration":"0.0000","endDuration":"1.7575","wordfile":[{"path":"audios\/wordfile-6535029f64989.wav","mime":"audio\/x-wav","copyright":{"license":"U"}}]},{"text":" \u0909\u0921\u094d\u0928 ","startDuration":"2.1635","endDuration":"2.6542","wordfile":[{"path":"audios\/wordfile-653502c32dfa8.wav","mime":"audio\/x-wav","copyright":{"license":"U"}}]},{"text":" \u0938\u0915\u094d\u091b\u0964 ","startDuration":"2.6552","endDuration":"3.6444","wordfile":[{"path":"audios\/wordfile-6535033168b9a.wav","mime":"audio\/x-wav","copyright":{"license":"U"}}]},{"text":" \u0927\u0928\u094d\u0938 ","startDuration":"4.7980","endDuration":"5.5275","wordfile":[{"path":"audios\/wordfile-65350365e5276.wav","mime":"audio\/x-wav","copyright":{"license":"U"}}]},{"text":" \u091a\u0930\u093e ","startDuration":"5.5285","endDuration":"6.3827","wordfile":[{"path":"audios\/wordfile-653503a85f8d5.wav","mime":"audio\/x-wav","copyright":{"license":"U"}}]},{"text":" \u0909\u0921\u094d\u0928 ","startDuration":"6.9444","endDuration":"7.5078","wordfile":[{"path":"audios\/wordfile-653503d26897b.wav","mime":"audio\/x-wav","copyright":{"license":"U"}}]},{"text":" \u0938\u0915\u094d\u091b\u0964 ","startDuration":"7.5088","endDuration":"8.6745","wordfile":[{"path":"audios\/wordfile-653503f9d4f6f.wav","mime":"audio\/x-wav","copyright":{"license":"U"}}]}],"files":[{"path":"audios\/files-65350275e1662.wav","mime":"audio\/x-wav","copyright":{"license":"U"}}]},"subContentId":"70b17bb5-bdf2-4e22-b68d-3a37c9e7bd69","metadata":{"contentType":"Curious Reader Audio","license":"U","title":"Untitled Curious Reader Audio"}},"backgroundOpacity":0,"willDoAnimation":false,"animationType":"glow","displayAsButton":false,"buttonSize":"big","goToSlideType":"specified","invisible":false},{"x":29.411764705882355,"y":12.883053763440861,"width":17.864923747276688,"height":30.96774193548387,"action":{"library":"H5P.Image 1.1","params":{"contentName":"Image"},"subContentId":"107adc66-7650-4a68-a1d1-1f5de7c415bb","metadata":{"contentType":"Image","license":"U","title":"Untitled Image"}},"backgroundOpacity":0,"willDoAnimation":true,"animationType":"glow","displayAsButton":false,"buttonSize":"big","goToSlideType":"specified","invisible":false,"id":"img70b17bb5-bdf2-4e22-b68d-3a37c9e7bd69_0"},{"x":39.21568627450981,"y":38.70967741935483,"width":14.379084967320262,"height":18.279569892473116,"action":{"library":"H5P.Image 1.1","params":{"contentName":"Image"},"subContentId":"51e7eea6-7d4f-42ab-b488-158e2c3389c2","metadata":{"contentType":"Image","license":"U","title":"Untitled Image"}},"backgroundOpacity":0,"willDoAnimation":true,"animationType":"glow","displayAsButton":false,"buttonSize":"big","goToSlideType":"specified","invisible":false,"id":"img70b17bb5-bdf2-4e22-b68d-3a37c9e7bd69_3"},{"x":38.12636165577342,"y":38.66258064516129,"width":15.686274509803923,"height":20.21505376344086,"action":{"library":"H5P.Image 1.1","params":{"contentName":"Image"},"subContentId":"aa4af6b5-6fa4-43c8-beea-152965ea744e","metadata":{"contentType":"Image","license":"U","title":"Untitled Image"}},"backgroundOpacity":0,"willDoAnimation":true,"animationType":"glow","displayAsButton":false,"buttonSize":"big","goToSlideType":"specified","invisible":false,"id":"img70b17bb5-bdf2-4e22-b68d-3a37c9e7bd69_4"}],"slideBackgroundSelector":{"fillSlideBackground":"#ecf9ff"}},{"elements":[{"x":21.875,"y":81.96347031963471,"width":56.24999999999999,"height":15.981735159817353,"action":{"library":"H5P.CRAdvancedText 1.1","params":{"text":"<p dir=\"ltr\" style=\"text-align: center;\"><span style=\"color:#ffffff;\"><span style=\"font-size:2.25em;\">\u0938\u093f\u0902\u0939 \u0909\u0921\u094d\u0928 \u0938\u0915\u094d\u0926\u0948\u0928\u0964<\/span><\/span><\/p>\n"},"subContentId":"8ff82313-5269-459d-b5c1-b55c06910945","metadata":{"contentType":"Text","license":"U","title":"Untitled Text"}},"alwaysDisplayComments":false,"backgroundOpacity":0,"willDoAnimation":false,"animationType":"glow","displayAsButton":false,"buttonSize":"big","goToSlideType":"specified","invisible":false,"solution":""},{"x":29.86111111111111,"y":8.219178082191782,"width":40.04629629629629,"height":73.05936073059361,"action":{"library":"H5P.Image 1.1","params":{"contentName":"Image","file":{"path":"images\/file-61b0ff878c04b.jpg","mime":"image\/jpeg","copyright":{"license":"U"},"width":1024,"height":1104}},"subContentId":"5928b405-996a-438d-8cd5-4436cb6fd38e","metadata":{"contentType":"Image","license":"U","title":"Untitled Image"}},"backgroundOpacity":0,"willDoAnimation":false,"animationType":"glow","displayAsButton":false,"buttonSize":"big","goToSlideType":"specified","invisible":false},{"x":47.00435729847495,"y":43.97849462365591,"width":40,"height":40,"action":{"library":"H5P.CRAudio 1.4","params":{"fitToWrapper":true,"currIndex":8,"playerMode":"minimalistic","controls":true,"autoplay":true,"playAudio":"Play audio","pauseAudio":"Pause audio","contentName":"Audio","glowColor":"#ffd85a","timeStampForEachText":[{"text":" \u0938\u093f\u0902\u0939 ","startDuration":"0.2565","endDuration":"0.9571","wordfile":[{"path":"audios\/wordfile-65350440b784f.wav","mime":"audio\/x-wav","copyright":{"license":"U"}}]},{"text":" \u0909\u0921\u094d\u0928 ","startDuration":"0.9581","endDuration":"1.6628","wordfile":[{"path":"audios\/wordfile-6535046fd6106.wav","mime":"audio\/x-wav","copyright":{"license":"U"}}]},{"text":" \u0938\u0915\u094d\u0926\u0948\u0928\u0964 ","startDuration":"1.9410","endDuration":"3.1711","wordfile":[{"path":"audios\/wordfile-65350492173a9.wav","mime":"audio\/x-wav","copyright":{"license":"U"}}]}],"files":[{"path":"audios\/files-65350417380fe.wav","mime":"audio\/x-wav","copyright":{"license":"U"}}]},"subContentId":"3bc698a3-196f-4fd0-abf1-40cd1c4c30c5","metadata":{"contentType":"Curious Reader Audio","license":"U","title":"Untitled Curious Reader Audio"}},"backgroundOpacity":0,"willDoAnimation":false,"animationType":"glow","displayAsButton":false,"buttonSize":"big","goToSlideType":"specified","invisible":false},{"x":34.85838779956427,"y":8.575268817204302,"width":30.936819172113292,"height":48.17204301075269,"action":{"library":"H5P.Image 1.1","params":{"contentName":"Image"},"subContentId":"59214267-84eb-409a-a926-4a9d1ee37ff5","metadata":{"contentType":"Image","license":"U","title":"Untitled Image"}},"backgroundOpacity":0,"willDoAnimation":true,"animationType":"glow","displayAsButton":false,"buttonSize":"big","goToSlideType":"specified","invisible":false,"id":"img3bc698a3-196f-4fd0-abf1-40cd1c4c30c5_0"},{"x":53.37690631808278,"y":21.46505376344086,"width":12.418300653594772,"height":20.21505376344086,"action":{"library":"H5P.Image 1.1","params":{"contentName":"Image"},"subContentId":"9733d3dc-1045-4361-8bcd-2ae28cba159e","metadata":{"contentType":"Image","license":"U","title":"Untitled Image"}},"backgroundOpacity":0,"willDoAnimation":true,"animationType":"glow","displayAsButton":false,"buttonSize":"big","goToSlideType":"specified","invisible":false,"id":"img3bc698a3-196f-4fd0-abf1-40cd1c4c30c5_1"},{"x":33.7673202614379,"y":30.08731182795699,"width":13.507625272331156,"height":20.21505376344086,"action":{"library":"H5P.Image 1.1","params":{"contentName":"Image"},"subContentId":"d5bfe791-191b-4246-b259-1a3d4b62fca9","metadata":{"contentType":"Image","license":"U","title":"Untitled Image"}},"backgroundOpacity":0,"willDoAnimation":true,"animationType":"glow","displayAsButton":false,"buttonSize":"big","goToSlideType":"specified","invisible":false,"id":"img3bc698a3-196f-4fd0-abf1-40cd1c4c30c5_1"}],"slideBackgroundSelector":{"fillSlideBackground":"#fefaf0"}},{"elements":[{"x":2.178649237472767,"y":79.56989247311827,"width":95.60185185185185,"height":18.036529680365298,"action":{"library":"H5P.CRAdvancedText 1.1","params":{"text":"<p dir=\"ltr\" style=\"text-align: center;\"><span style=\"color:#ffffff;\"><span style=\"font-size:2.25em;\">\u091f\u093e\u0909\u0928\u0940 \u0909\u0932\u094d\u0932\u0942 \u0909\u0921\u094d\u0928 \u0938\u0915\u094d\u091b\u0964 \u0932\u093e\u092e\u0916\u0941\u091f\u094d\u091f\u0947 \u0909\u0921\u094d\u0928 \u0938\u0915\u094d\u091b\u0964<\/span><\/span><\/p>\n"},"subContentId":"8f42eb8f-953d-41b9-a540-d4d6aa068468","metadata":{"contentType":"Text","license":"U","title":"Untitled Text"}},"alwaysDisplayComments":false,"backgroundOpacity":0,"willDoAnimation":false,"animationType":"glow","displayAsButton":false,"buttonSize":"big","goToSlideType":"specified","invisible":false,"solution":""},{"x":29.012345679012,"y":10.354857688075,"width":39.998148148148,"height":70.111904696583,"action":{"library":"H5P.Image 1.1","params":{"contentName":"Image","file":{"path":"images\/file-61b0ffdd62fe7.jpg","mime":"image\/jpeg","copyright":{"license":"U"},"width":1024,"height":1104}},"subContentId":"cc6cd9db-3039-4e22-a988-023108227c98","metadata":{"contentType":"Image","license":"U","title":"Untitled Image"}},"backgroundOpacity":0,"willDoAnimation":false,"animationType":"glow","displayAsButton":false,"buttonSize":"big","goToSlideType":"specified","invisible":false},{"x":47.00435729847495,"y":43.97849462365591,"width":40,"height":40,"action":{"library":"H5P.CRAudio 1.4","params":{"fitToWrapper":true,"currIndex":9,"playerMode":"minimalistic","controls":true,"autoplay":true,"playAudio":"Play audio","pauseAudio":"Pause audio","contentName":"Audio","glowColor":"#ffd85a","timeStampForEachText":[{"text":" \u091f\u093e\u0909\u0928\u0940 ","startDuration":"0.3086","endDuration":"1.0679","wordfile":[{"path":"audios\/wordfile-653504c6af4ad.wav","mime":"audio\/x-wav","copyright":{"license":"U"}}]},{"text":" \u0909\u0932\u094d\u0932\u0942 ","startDuration":"1.0689","endDuration":"1.8475","wordfile":[{"path":"audios\/wordfile-653504df53131.wav","mime":"audio\/x-wav","copyright":{"license":"U"}}]},{"text":" \u0909\u0921\u094d\u0928 ","startDuration":"2.3693","endDuration":"3.0032","wordfile":[{"path":"audios\/wordfile-653505010ea9f.wav","mime":"audio\/x-wav","copyright":{"license":"U"}}]},{"text":" \u0938\u0915\u094d\u091b\u0964 ","startDuration":"3.0042","endDuration":"3.9757","wordfile":[{"path":"audios\/wordfile-6535052c9fb90.wav","mime":"audio\/x-wav","copyright":{"license":"U"}}]},{"text":" \u0932\u093e\u092e\u0916\u0941\u091f\u094d\u091f\u0947 ","startDuration":"4.9314","endDuration":"6.1151","wordfile":[{"path":"audios\/wordfile-653505480246d.wav","mime":"audio\/x-wav","copyright":{"license":"U"}}]},{"text":" \u0909\u0921\u094d\u0928 ","startDuration":"6.1161","endDuration":"7.1648","wordfile":[{"path":"audios\/wordfile-6535057d7e307.wav","mime":"audio\/x-wav","copyright":{"license":"U"}}]},{"text":" \u0938\u0915\u094d\u091b\u0964 ","startDuration":"7.1658","endDuration":"8.1952","wordfile":[{"path":"audios\/wordfile-653505a4a61c2.wav","mime":"audio\/x-wav","copyright":{"license":"U"}}]}],"files":[{"path":"audios\/files-653504a6c53b9.wav","mime":"audio\/x-wav","copyright":{"license":"U"}}]},"subContentId":"a3084421-6c80-476a-970b-3d02897726ab","metadata":{"contentType":"Curious Reader Audio","license":"U","title":"Untitled Curious Reader Audio"}},"backgroundOpacity":0,"willDoAnimation":false,"animationType":"glow","displayAsButton":false,"buttonSize":"big","goToSlideType":"specified","invisible":false},{"x":47.930283224400874,"y":8.575268817204302,"width":18.954248366013072,"height":24.516129032258064,"action":{"library":"H5P.Image 1.1","params":{"contentName":"Image"},"subContentId":"3389538b-7e2f-493f-85bb-1824718ed5c1","metadata":{"contentType":"Image","license":"U","title":"Untitled Image"}},"backgroundOpacity":0,"willDoAnimation":true,"animationType":"glow","displayAsButton":false,"buttonSize":"big","goToSlideType":"specified","invisible":false,"id":"imga3084421-6c80-476a-970b-3d02897726ab_0"},{"x":46.84095860566449,"y":6.4247311827957,"width":20.043572984749456,"height":26.666666666666664,"action":{"library":"H5P.Image 1.1","params":{"contentName":"Image"},"subContentId":"b68e4bda-d698-4ae6-b561-20a7f8381676","metadata":{"contentType":"Image","license":"U","title":"Untitled Image"}},"backgroundOpacity":0,"willDoAnimation":true,"animationType":"glow","displayAsButton":false,"buttonSize":"big","goToSlideType":"specified","invisible":false,"id":"imga3084421-6c80-476a-970b-3d02897726ab_1"},{"x":38.12636165577342,"y":36.55913978494623,"width":11.328976034858389,"height":15.268817204301074,"action":{"library":"H5P.Image 1.1","params":{"contentName":"Image"},"subContentId":"a914b73d-e31a-4b5f-8070-b757202e0a18","metadata":{"contentType":"Image","license":"U","title":"Untitled Image"}},"backgroundOpacity":0,"willDoAnimation":true,"animationType":"glow","displayAsButton":false,"buttonSize":"big","goToSlideType":"specified","invisible":false,"id":"imga3084421-6c80-476a-970b-3d02897726ab_4"}],"slideBackgroundSelector":{"fillSlideBackground":"#fffcec"}},{"slideBackgroundSelector":{},"elements":[{"x":21.160300925925924,"y":82.07762557077626,"width":57.638888888888886,"height":16.894977168949772,"action":{"library":"H5P.CRAdvancedText 1.1","params":{"text":"<p dir=\"ltr\" style=\"text-align: center;\"><span style=\"color:#ffffff;\"><span style=\"font-size:2.25em;\">\u092d\u0947\u0921\u093e \u0909\u0921\u094d\u0928 \u0938\u0915\u094d\u0926\u0948\u0928\u0964<\/span><\/span><\/p>\n"},"subContentId":"9249b888-af86-4826-b72c-7e7d2636fa87","metadata":{"contentType":"Text","license":"U","title":"Untitled Text"}},"alwaysDisplayComments":false,"backgroundOpacity":0,"willDoAnimation":false,"animationType":"glow","displayAsButton":false,"buttonSize":"big","goToSlideType":"specified","invisible":false,"solution":""},{"x":29.411764705882355,"y":6.451612903225806,"width":40.04629629629629,"height":74.88584474885845,"action":{"library":"H5P.Image 1.1","params":{"contentName":"Image","file":{"path":"images\/file-61b10059a6585.jpg","mime":"image\/jpeg","copyright":{"license":"U"},"width":1024,"height":1104}},"subContentId":"26b1b6f3-ad5c-4b8c-9483-f8737f9c517c","metadata":{"contentType":"Image","license":"U","title":"Untitled Image"}},"backgroundOpacity":0,"willDoAnimation":false,"animationType":"glow","displayAsButton":false,"buttonSize":"big","goToSlideType":"specified","invisible":false},{"x":47.00435729847495,"y":43.97849462365591,"width":40,"height":40,"action":{"library":"H5P.CRAudio 1.4","params":{"fitToWrapper":true,"currIndex":10,"playerMode":"minimalistic","controls":true,"autoplay":true,"playAudio":"Play audio","pauseAudio":"Pause audio","contentName":"Audio","glowColor":"#ffd85a","timeStampForEachText":[{"text":" \u092d\u0947\u0921\u093e ","startDuration":"0.1995","endDuration":"0.9134","wordfile":[{"path":"audios\/wordfile-653505d8c22e6.wav","mime":"audio\/x-wav","copyright":{"license":"U"}}]},{"text":" \u0909\u0921\u094d\u0928 ","startDuration":"0.9144","endDuration":"1.6207","wordfile":[{"path":"audios\/wordfile-653505fdc774b.wav","mime":"audio\/x-wav","copyright":{"license":"U"}}]},{"text":" \u0938\u0915\u094d\u0926\u0948\u0928\u0964 ","startDuration":"1.6217","endDuration":"3.0338","wordfile":[{"path":"audios\/wordfile-6535062e12b64.wav","mime":"audio\/x-wav","copyright":{"license":"U"}}]}],"files":[{"path":"audios\/files-653505bc01d9c.wav","mime":"audio\/x-wav","copyright":{"license":"U"}}]},"subContentId":"c8ff7519-6e9f-4d40-95ca-4066baf52f57","metadata":{"contentType":"Curious Reader Audio","license":"U","title":"Untitled Curious Reader Audio"}},"backgroundOpacity":0,"willDoAnimation":false,"animationType":"glow","displayAsButton":false,"buttonSize":"big","goToSlideType":"specified","invisible":false},{"x":34.85838779956427,"y":12.903225806451612,"width":26.579520697167755,"height":40,"action":{"library":"H5P.Image 1.1","params":{"contentName":"Image"},"subContentId":"451fa727-27e2-4151-9bc2-3d111ce33896","metadata":{"contentType":"Image","license":"U","title":"Untitled Image"}},"backgroundOpacity":0,"willDoAnimation":true,"animationType":"glow","displayAsButton":false,"buttonSize":"big","goToSlideType":"specified","invisible":false,"id":"imgc8ff7519-6e9f-4d40-95ca-4066baf52f57_0"},{"x":52.28758169934641,"y":19.327956989247312,"width":8.387799564270153,"height":20.21505376344086,"action":{"library":"H5P.Image 1.1","params":{"contentName":"Image"},"subContentId":"ce8e7c11-f370-405b-afb1-4f4c6b9c5ff1","metadata":{"contentType":"Image","license":"U","title":"Untitled Image"}},"backgroundOpacity":0,"willDoAnimation":true,"animationType":"glow","displayAsButton":false,"buttonSize":"big","goToSlideType":"specified","invisible":false,"id":"imgc8ff7519-6e9f-4d40-95ca-4066baf52f57_1"},{"x":35.947712418300654,"y":25.739354838709676,"width":8.061002178649238,"height":18.064516129032256,"action":{"library":"H5P.Image 1.1","params":{"contentName":"Image"},"subContentId":"830efc20-8f14-4f63-ba81-4b68446350a8","metadata":{"contentType":"Image","license":"U","title":"Untitled Image"}},"backgroundOpacity":0,"willDoAnimation":true,"animationType":"glow","displayAsButton":false,"buttonSize":"big","goToSlideType":"specified","invisible":false,"id":"imgc8ff7519-6e9f-4d40-95ca-4066baf52f57_1"}]},{"elements":[{"x":18.501157407407405,"y":81.9634703196347,"width":63.657407407407405,"height":17.808219178082194,"action":{"library":"H5P.CRAdvancedText 1.1","params":{"text":"<p style=\"text-align: center;\"><span style=\"color:#ffffff;\"><span style=\"font-size:2.25em;\">\u0915\u0941\u0928\u0948 \u0926\u093f\u0928 \u0939\u093e\u092e\u0940 \u0909\u0921\u094d\u0928\u0947\u091b\u094c\u0902\u0964<\/span><\/span><\/p>\n"},"subContentId":"83c2fc9c-eaf0-4b40-a1c1-9784f7c482bc","metadata":{"contentType":"Text","license":"U","title":"Untitled Text"}},"alwaysDisplayComments":false,"backgroundOpacity":0,"willDoAnimation":false,"animationType":"glow","displayAsButton":false,"buttonSize":"big","goToSlideType":"specified","invisible":false,"solution":""},{"x":29.938271604938,"y":9.1402756312358,"width":39.998148148148,"height":72.84108679549,"action":{"library":"H5P.Image 1.1","params":{"contentName":"Image","file":{"path":"images\/file-61b100a8081d4.jpg","mime":"image\/jpeg","copyright":{"license":"U"},"width":1024,"height":1104}},"subContentId":"8b76f8c2-5810-4131-a1a5-9b8ad4a76d23","metadata":{"contentType":"Image","license":"U","title":"Untitled Image"}},"backgroundOpacity":0,"willDoAnimation":false,"animationType":"glow","displayAsButton":false,"buttonSize":"big","goToSlideType":"specified","invisible":false},{"x":47.00435729847495,"y":43.97849462365591,"width":40,"height":40,"action":{"library":"H5P.CRAudio 1.4","params":{"fitToWrapper":true,"currIndex":11,"playerMode":"minimalistic","controls":true,"autoplay":true,"playAudio":"Play audio","pauseAudio":"Pause audio","contentName":"Audio","glowColor":"#ffd85a","timeStampForEachText":[{"text":" \u0915\u0941\u0928\u0948 ","startDuration":"0.3194","endDuration":"0.7768","wordfile":[{"path":"audios\/wordfile-65350660a54db.wav","mime":"audio\/x-wav","copyright":{"license":"U"}}]},{"text":" \u0926\u093f\u0928 ","startDuration":"0.7778","endDuration":"1.4116","wordfile":[{"path":"audios\/wordfile-65350677720dd.wav","mime":"audio\/x-wav","copyright":{"license":"U"}}]},{"text":" \u0939\u093e\u092e\u0940 ","startDuration":"1.4126","endDuration":"2.1608","wordfile":[{"path":"audios\/wordfile-6535069f3d7dc.wav","mime":"audio\/x-wav","copyright":{"license":"U"}}]},{"text":" \u0909\u0921\u094d\u0928\u0947\u091b\u094c\u0902\u0964 ","startDuration":"2.6099","endDuration":"3.8205","wordfile":[{"path":"audios\/wordfile-653506b5e31fc.wav","mime":"audio\/x-wav","copyright":{"license":"U"}}]}],"files":[{"path":"audios\/files-653506457e9a7.wav","mime":"audio\/x-wav","copyright":{"license":"U"}}]},"subContentId":"83807009-d3fe-4e08-a1bb-6983da8ea5bf","metadata":{"contentType":"Curious Reader Audio","license":"U","title":"Untitled Curious Reader Audio"}},"backgroundOpacity":0,"willDoAnimation":false,"animationType":"glow","displayAsButton":false,"buttonSize":"big","goToSlideType":"specified","invisible":false},{"x":51.19825708061002,"y":21.50537634408602,"width":19.281045751633986,"height":20.21505376344086,"action":{"library":"H5P.Image 1.1","params":{"contentName":"Image"},"subContentId":"ced890dd-e757-4d18-b42f-bb470e2048a5","metadata":{"contentType":"Image","license":"U","title":"Untitled Image"}},"backgroundOpacity":0,"willDoAnimation":true,"animationType":"glow","displayAsButton":false,"buttonSize":"big","goToSlideType":"specified","invisible":false,"id":"img83807009-d3fe-4e08-a1bb-6983da8ea5bf_3"},{"x":30.501089324618736,"y":21.451612903225804,"width":16.775599128540307,"height":15.913978494623654,"action":{"library":"H5P.Image 1.1","params":{"contentName":"Image"},"subContentId":"57b65530-ce74-450e-962f-59f623be4df1","metadata":{"contentType":"Image","license":"U","title":"Untitled Image"}},"backgroundOpacity":0,"willDoAnimation":true,"animationType":"glow","displayAsButton":false,"buttonSize":"big","goToSlideType":"specified","invisible":false,"id":"img83807009-d3fe-4e08-a1bb-6983da8ea5bf_3"}],"slideBackgroundSelector":{}},{"elements":[{"x":21.967592592592595,"y":81.9634703196347,"width":56.71296296296296,"height":15.981735159817353,"action":{"library":"H5P.CRAdvancedText 1.1","params":{"text":"<p dir=\"ltr\" style=\"text-align: center;\"><span style=\"color:#ffffff;\"><span style=\"font-size:2.25em;\">\u092e \u092a\u0928\u093f \u0909\u0921\u094d\u0928 \u091a\u093e\u0939\u0928\u094d\u091b\u0941\u0964<\/span><\/span><\/p>\n"},"subContentId":"9006e6d0-6266-4083-b818-aef4ddd9e976","metadata":{"contentType":"Text","license":"U","title":"Untitled Text"}},"alwaysDisplayComments":false,"backgroundOpacity":0,"willDoAnimation":false,"animationType":"glow","displayAsButton":false,"buttonSize":"big","goToSlideType":"specified","invisible":false,"solution":""},{"x":23.611111111111,"y":12.193374729841,"width":53.199691358025,"height":68.573405640045,"action":{"library":"H5P.Image 1.1","params":{"contentName":"Image","file":{"path":"images\/file-61b101017a9d3.jpg","mime":"image\/jpeg","copyright":{"license":"U"},"width":1024,"height":735}},"subContentId":"230caaa9-077c-47f7-9950-e4753e476929","metadata":{"contentType":"Image","license":"U","title":"Untitled Image"}},"backgroundOpacity":0,"willDoAnimation":false,"animationType":"glow","displayAsButton":false,"buttonSize":"big","goToSlideType":"specified","invisible":false},{"x":47.00435729847495,"y":43.97849462365591,"width":40,"height":40,"action":{"library":"H5P.CRAudio 1.4","params":{"fitToWrapper":true,"currIndex":12,"playerMode":"minimalistic","controls":true,"autoplay":true,"playAudio":"Play audio","pauseAudio":"Pause audio","contentName":"Audio","glowColor":"#ffd85a","timeStampForEachText":[{"text":" \u092e ","startDuration":"0.2268","endDuration":"0.5797","wordfile":[{"path":"audios\/wordfile-653506dec92f0.wav","mime":"audio\/x-wav","copyright":{"license":"U"}}]},{"text":" \u092a\u0928\u093f ","startDuration":"0.5807","endDuration":"1.3281","wordfile":[{"path":"audios\/wordfile-653506f222f2c.wav","mime":"audio\/x-wav","copyright":{"license":"U"}}]},{"text":" \u0909\u0921\u094d\u0928 ","startDuration":"1.7483","endDuration":"2.2738","wordfile":[{"path":"audios\/wordfile-653507174af9e.wav","mime":"audio\/x-wav","copyright":{"license":"U"}}]},{"text":" \u091a\u093e\u0939\u0928\u094d\u091b\u0941\u0964 ","startDuration":"2.2748","endDuration":"3.4512","wordfile":[{"path":"audios\/wordfile-6535072ab5479.wav","mime":"audio\/x-wav","copyright":{"license":"U"}}]}],"files":[{"path":"audios\/files-653506c9b715d.wav","mime":"audio\/x-wav","copyright":{"license":"U"}}]},"subContentId":"cdf96586-a2b7-4b72-ba4f-ab6f11b89b17","metadata":{"contentType":"Curious Reader Audio","license":"U","title":"Untitled Curious Reader Audio"}},"backgroundOpacity":0,"willDoAnimation":false,"animationType":"glow","displayAsButton":false,"buttonSize":"big","goToSlideType":"specified","invisible":false},{"x":44.66230936819172,"y":19.301075268817204,"width":13.507625272331156,"height":20.21505376344086,"action":{"library":"H5P.Image 1.1","params":{"contentName":"Image"},"subContentId":"7c1c3ca1-7b61-46fc-91b9-3f04789186ca","metadata":{"contentType":"Image","license":"U","title":"Untitled Image"}},"backgroundOpacity":0,"willDoAnimation":true,"animationType":"glow","displayAsButton":false,"buttonSize":"big","goToSlideType":"specified","invisible":false,"id":"imgcdf96586-a2b7-4b72-ba4f-ab6f11b89b17_2"}],"slideBackgroundSelector":{"fillSlideBackground":"#fef6fc"}},{"elements":[{"x":3.826530612244898,"y":7.552745591939547,"width":20.408163265306122,"height":14.86146095717884,"action":{"library":"H5P.Image 1.1","params":{"contentName":"Image","file":{"path":"images\/file-61fb296cf2c04.png","mime":"image\/png","copyright":{"license":"U"},"width":1350,"height":487}},"metadata":{"contentType":"Image","license":"U","title":"Untitled Image"},"subContentId":"4bd21364-3a8b-4f4d-8d4e-7cbeea48c8bc"},"backgroundOpacity":0,"willDoAnimation":false,"animationType":"glow","displayAsButton":false,"buttonSize":"big","goToSlideType":"specified","invisible":false},{"x":35.714285714285715,"y":7.552745591939547,"width":25.510204081632654,"height":13.853904282115868,"action":{"library":"H5P.Image 1.1","params":{"contentName":"Image","file":{"path":"images\/file-61fb29a5596cb.png","mime":"image\/png","copyright":{"license":"U"},"width":814,"height":202}},"metadata":{"contentType":"Image","license":"U","title":"Untitled Image"},"subContentId":"81e1de57-cb4f-4055-b739-0de1da4dc179"},"backgroundOpacity":0,"willDoAnimation":false,"animationType":"glow","displayAsButton":false,"buttonSize":"big","goToSlideType":"specified","invisible":false},{"x":68.87755102040816,"y":7.556675062972292,"width":30.102040816326532,"height":12.090680100755668,"action":{"library":"H5P.Image 1.1","params":{"contentName":"Image","file":{"path":"images\/file-61fb28cb969ac.jpg","mime":"image\/jpeg","copyright":{"license":"U"},"width":1732,"height":354}},"metadata":{"contentType":"Image","license":"U","title":"Untitled Image"},"subContentId":"bc3f90c1-1bbb-45ec-8227-7e382a3e0874"},"backgroundOpacity":0,"willDoAnimation":false,"animationType":"glow","displayAsButton":false,"buttonSize":"big","goToSlideType":"specified","invisible":false},{"x":5.1020408163265305,"y":35.26448362720403,"width":91.83673469387756,"height":52.896725440806044,"action":{"library":"H5P.CRAdvancedText 1.1","params":{"text":"<h3 style=\"text-align: center;\"><span style=\"font-size:1em;\"><strong>\"<\/strong><\/span>\u0905\u092c \u0909\u0921\u094c\u0902<span style=\"font-size:1em;\"><strong>\" credits<\/strong><\/span><\/h3>\n\n<h3 style=\"text-align: center;\"><span style=\"font-size:1em;\">This work, \"<\/span>\u0905\u092c \u0909\u0921\u094c\u0902<span style=\"font-size:1em;\">\", is a derivative of \"Let's Fly!\"&nbsp;by All Children Reading Cambodia. \u00a9 The Asia Foundation , 2018 and used under CC BY.&nbsp;\"<\/span>\u0905\u092c \u0909\u0921\u094c\u0902<span style=\"font-size:1em;\">\" is licensed under CC BY 4.0 by Curious Learning.<\/span><\/h3>\n\n<h3 style=\"text-align: center;\"><br>\n<span style=\"font-size:1em;\">Book builder - Abraham Jerry Kakooza<\/span><\/h3>\n\n<p style=\"text-align: center;\">&nbsp;<\/p>\n"},"metadata":{"contentType":"Text","license":"U","title":"Untitled Text"},"subContentId":"4ae9cc3f-32bf-4fb6-8551-dad6e2102210"},"alwaysDisplayComments":false,"backgroundOpacity":0,"willDoAnimation":false,"animationType":"glow","displayAsButton":false,"buttonSize":"big","goToSlideType":"specified","invisible":false,"solution":""}],"slideBackgroundSelector":{}}],"keywordListEnabled":true,"globalBackgroundSelector":{"fillGlobalBackground":"#fbfef0"},"keywordListAlwaysShow":false,"keywordListAutoHide":false,"keywordListOpacity":90},"override":{"activeSurface":false,"hideSummarySlide":false,"summarySlideSolutionButton":true,"summarySlideRetryButton":true,"enablePrintButton":false,"social":{"showFacebookShare":false,"facebookShare":{"url":"@currentpageurl","quote":"I scored @score out of @maxScore on a task at @currentpageurl."},"showTwitterShare":false,"twitterShare":{"statement":"I scored @score out of @maxScore on a task at @currentpageurl.","url":"@currentpageurl","hashtags":"h5p, course"},"showGoogleShare":false,"googleShareUrl":"@currentpageurl"}},"l10n":{"slide":"Slide","score":"Score","yourScore":"Your Score","maxScore":"Max Score","total":"Total","totalScore":"Total Score","showSolutions":"Show solutions","retry":"Retry","exportAnswers":"Export text","hideKeywords":"Hide sidebar navigation menu","showKeywords":"Show sidebar navigation menu","fullscreen":"Fullscreen","exitFullscreen":"Exit fullscreen","prevSlide":"Previous slide","nextSlide":"Next slide","currentSlide":"Current slide","lastSlide":"Last slide","solutionModeTitle":"Exit solution mode","solutionModeText":"Solution Mode","summaryMultipleTaskText":"Multiple tasks","scoreMessage":"You achieved:","shareFacebook":"Share on Facebook","shareTwitter":"Share on Twitter","shareGoogle":"Share on Google+","summary":"Summary","solutionsButtonTitle":"Show comments","printTitle":"Print","printIngress":"How would you like to print this presentation?","printAllSlides":"Print all slides","printCurrentSlide":"Print current slide","noTitle":"No title","accessibilitySlideNavigationExplanation":"Use left and right arrow to change slide in that direction whenever canvas is selected.","accessibilityCanvasLabel":"Presentation canvas. Use left and right arrow to move between slides.","containsNotCompleted":"@slideName contains not completed interaction","containsCompleted":"@slideName contains completed interaction","slideCount":"Slide @index of @total","containsOnlyCorrect":"@slideName only has correct answers","containsIncorrectAnswers":"@slideName has incorrect answers","shareResult":"Share Result","accessibilityTotalScore":"You got @score of @maxScore points in total","accessibilityEnteredFullscreen":"Entered fullscreen","accessibilityExitedFullscreen":"Exited fullscreen"}}