{"presentation":{"slides":[{"elements":[{"x":13.071895424836603,"y":6.4415268817204305,"width":68.7363834422658,"height":68.81720430107526,"action":{"library":"H5P.Image 1.1","params":{"contentName":"Image","file":{"path":"images\/file-6582f61cdb6a9.jpg","mime":"image\/jpeg","copyright":{"license":"U"},"width":959,"height":459}},"subContentId":"421e74ff-dfa5-4d73-b63a-cebff5b18795","metadata":{"contentType":"Image","license":"U","title":"Untitled Image"}},"backgroundOpacity":0,"willDoAnimation":false,"animationType":"glow","displayAsButton":false,"buttonSize":"big","goToSlideType":"specified","invisible":false},{"x":17.429193899782135,"y":79.56989247311827,"width":61.00217864923747,"height":18.279569892473116,"action":{"library":"H5P.CRAdvancedText 1.1","params":{"text":"<p dir=\"ltr\" style=\"text-align: center;\"><span style=\"font-size:2.25em;\">\u091a\u093e\u0915\u0942 \u091a\u0940 \u0938\u093e\u092f\u0915\u0932<\/span><\/p>\n"},"subContentId":"66f4847e-d5bd-4023-9a15-bf634c8b0603","metadata":{"contentType":"Text","license":"U","title":"Untitled Text"}},"alwaysDisplayComments":false,"backgroundOpacity":0,"willDoAnimation":false,"animationType":"glow","displayAsButton":false,"buttonSize":"big","goToSlideType":"specified","invisible":false,"solution":""}],"slideBackgroundSelector":{}},{"elements":[{"x":15.250544662309368,"y":2.150537634408602,"width":65.359477124183,"height":70.96774193548387,"action":{"library":"H5P.Image 1.1","params":{"contentName":"Image","file":{"path":"images\/file-6582f6cf13510.jpg","mime":"image\/jpeg","copyright":{"license":"U"},"width":959,"height":516}},"subContentId":"da25cda4-6603-4d35-83de-c84d5cea3cbf","metadata":{"contentType":"Image","license":"U","title":"Untitled Image"}},"backgroundOpacity":0,"willDoAnimation":false,"animationType":"glow","displayAsButton":false,"buttonSize":"big","goToSlideType":"specified","invisible":false},{"x":12.867647058823529,"y":74.18181818181819,"width":75.25510204081633,"height":25.692695214105793,"action":{"library":"H5P.CRAdvancedText 1.1","params":{"text":"<p dir=\"ltr\" style=\"text-align: center;\"><span style=\"color:#ffffff;\"><span style=\"font-size:1.75em;\">\u091a\u093e\u0915\u0942\u0932\u093e \u0924\u094d\u092f\u093e\u091a\u094d\u092f\u093e \u092e\u093f\u0924\u094d\u0930\u093e\u0902\u0938\u094b\u092c\u0924 \u0916\u0947\u0933\u093e\u092f\u0932\u093e \u0906\u0935\u0921\u093e\u092f\u091a\u0902.<\/span><\/span><\/p>\n"},"subContentId":"36753ba6-9a9b-4174-83e7-808ea43aacdf","metadata":{"contentType":"Text","license":"U","title":"Untitled Text"}},"alwaysDisplayComments":false,"backgroundOpacity":0,"willDoAnimation":false,"animationType":"glow","displayAsButton":false,"buttonSize":"big","goToSlideType":"specified","invisible":false,"solution":""},{"x":46.96691176470588,"y":44,"width":40,"height":40,"action":{"library":"H5P.CRAudio 1.4","params":{"fitToWrapper":true,"currIndex":1,"playerMode":"minimalistic","controls":true,"autoplay":true,"playAudio":"Play audio","pauseAudio":"Pause audio","contentName":"Audio","glowColor":"#ffd85a","timeStampForEachText":[{"text":" \u091a\u093e\u0915\u0942\u0932\u093e ","startDuration":"0.6582","endDuration":"1.4085","wordfile":[{"path":"audios\/wordfile-6732f814f0ae3.wav","mime":"audio\/x-wav","copyright":{"license":"U"}}]},{"text":" \u0924\u094d\u092f\u093e\u091a\u094d\u092f\u093e ","startDuration":"1.4292","endDuration":"1.8416","wordfile":[{"path":"audios\/wordfile-6732f82569e83.wav","mime":"audio\/x-wav","copyright":{"license":"U"}}]},{"text":" \u092e\u093f\u0924\u094d\u0930\u093e\u0902\u0938\u094b\u092c\u0924 ","startDuration":"1.8417","endDuration":"2.5690","wordfile":[{"path":"audios\/wordfile-6732f83459259.wav","mime":"audio\/x-wav","copyright":{"license":"U"}}]},{"text":" \u0916\u0947\u0933\u093e\u092f\u0932\u093e ","startDuration":"2.5691","endDuration":"3.0052","wordfile":[{"path":"audios\/wordfile-6732f847afdfd.wav","mime":"audio\/x-wav","copyright":{"license":"U"}}]},{"text":" \u0906\u0935\u0921\u093e\u092f\u091a\u0902. ","startDuration":"3.0053","endDuration":"3.9147","wordfile":[{"path":"audios\/wordfile-6732f859b07f6.wav","mime":"audio\/x-wav","copyright":{"license":"U"}}]}],"files":[{"path":"audios\/files-6732f7fccda8d.wav","mime":"audio\/x-wav","copyright":{"license":"U"}}]},"subContentId":"9c57c098-b699-4a1d-bb0f-05c7394cd5a0","metadata":{"contentType":"Curious Reader Audio","license":"U","title":"Untitled Curious Reader Audio"}},"backgroundOpacity":0,"willDoAnimation":false,"animationType":"glow","displayAsButton":false,"buttonSize":"big","goToSlideType":"specified","invisible":false},{"x":22.058823529411764,"y":25.522727272727273,"width":12.316176470588234,"height":40,"action":{"library":"H5P.Image 1.1","params":{"contentName":"Image"},"subContentId":"e62f2ebf-dc08-46cb-82aa-f592200fffdf","metadata":{"contentType":"Image","license":"U","title":"Untitled Image"}},"backgroundOpacity":0,"willDoAnimation":true,"animationType":"glow","displayAsButton":false,"buttonSize":"big","goToSlideType":"specified","invisible":false,"id":"img9c57c098-b699-4a1d-bb0f-05c7394cd5a0_2"},{"x":34.92647058823529,"y":29.170472727272728,"width":12.316176470588234,"height":44.72727272727273,"action":{"library":"H5P.Image 1.1","params":{"contentName":"Image"},"subContentId":"1d8c6747-13e4-4cb0-b7db-a2bea5b8ad70","metadata":{"contentType":"Image","license":"U","title":"Untitled Image"}},"backgroundOpacity":0,"willDoAnimation":true,"animationType":"glow","displayAsButton":false,"buttonSize":"big","goToSlideType":"specified","invisible":false,"id":"img9c57c098-b699-4a1d-bb0f-05c7394cd5a0_2"},{"x":58.82352941176471,"y":36.51709090909091,"width":14.15441176470588,"height":38.90909090909091,"action":{"library":"H5P.Image 1.1","params":{"contentName":"Image"},"subContentId":"01ed8c8d-fbf0-4310-a4e9-95a93c2f5d96","metadata":{"contentType":"Image","license":"U","title":"Untitled Image"}},"backgroundOpacity":0,"willDoAnimation":true,"animationType":"glow","displayAsButton":false,"buttonSize":"big","goToSlideType":"specified","invisible":false,"id":"img9c57c098-b699-4a1d-bb0f-05c7394cd5a0_2"},{"x":47.794117647058826,"y":18.232945454545455,"width":12.316176470588234,"height":40,"action":{"library":"H5P.Image 1.1","params":{"contentName":"Image"},"subContentId":"2398cf75-9ae4-47e0-adfb-b427ef55b96c","metadata":{"contentType":"Image","license":"U","title":"Untitled Image"}},"backgroundOpacity":0,"willDoAnimation":true,"animationType":"glow","displayAsButton":false,"buttonSize":"big","goToSlideType":"specified","invisible":false,"id":"img9c57c098-b699-4a1d-bb0f-05c7394cd5a0_0"}],"slideBackgroundSelector":{}},{"elements":[{"x":5.446623093681917,"y":4.301075268817204,"width":38.12636165577342,"height":93.54838709677419,"action":{"library":"H5P.Image 1.1","params":{"contentName":"Image","file":{"path":"images\/file-6582f72bd78b8.jpg","mime":"image\/jpeg","copyright":{"license":"U"},"width":479,"height":686}},"subContentId":"fb28b8d4-c35a-42fd-b001-fd43d70a400a","metadata":{"contentType":"Image","license":"U","title":"Untitled Image"}},"backgroundOpacity":0,"willDoAnimation":false,"animationType":"glow","displayAsButton":false,"buttonSize":"big","goToSlideType":"specified","invisible":false},{"x":48.46938775510204,"y":42.82115869017632,"width":49.01960784313726,"height":31.39784946236559,"action":{"library":"H5P.CRAdvancedText 1.1","params":{"text":"<p dir=\"ltr\" style=\"text-align: center;\"><span style=\"color:#ffffff;\"><span style=\"font-size:1.75em;\">\u0924\u094d\u092f\u093e\u0932\u093e \u0932\u0940\u0932\u093e\u091a\u0940 \u0938\u093e\u092f\u0915\u0932 \u0906\u0935\u0921\u0932\u0940.<\/span><\/span><\/p>\n"},"subContentId":"9a88ce55-a8ca-437a-8702-a993e932e166","metadata":{"contentType":"Text","license":"U","title":"Untitled Text"}},"alwaysDisplayComments":false,"backgroundOpacity":0,"willDoAnimation":false,"animationType":"glow","displayAsButton":false,"buttonSize":"big","goToSlideType":"specified","invisible":false,"solution":""},{"x":47.014925373134325,"y":43.91143911439114,"width":40,"height":40,"action":{"library":"H5P.CRAudio 1.4","params":{"fitToWrapper":true,"currIndex":2,"playerMode":"minimalistic","controls":true,"autoplay":true,"playAudio":"Play audio","pauseAudio":"Pause audio","contentName":"Audio","glowColor":"#ffd85a","timeStampForEachText":[{"text":" \u0924\u094d\u092f\u093e\u0932\u093e ","startDuration":"0.2067","endDuration":"0.5697","wordfile":[{"path":"audios\/wordfile-6732f892db807.wav","mime":"audio\/x-wav","copyright":{"license":"U"}}]},{"text":" \u0932\u0940\u0932\u093e\u091a\u0940 ","startDuration":"0.5698","endDuration":"1.0803","wordfile":[{"path":"audios\/wordfile-6732f8a36f3ca.wav","mime":"audio\/x-wav","copyright":{"license":"U"}}]},{"text":" \u0938\u093e\u092f\u0915\u0932 ","startDuration":"1.0804","endDuration":"1.6613","wordfile":[{"path":"audios\/wordfile-6732f8b89611a.wav","mime":"audio\/x-wav","copyright":{"license":"U"}}]},{"text":" \u0906\u0935\u0921\u0932\u0940. ","startDuration":"1.6614","endDuration":"2.0302","wordfile":[{"path":"audios\/wordfile-6732f8d002ffe.wav","mime":"audio\/x-wav","copyright":{"license":"U"}}]}],"files":[{"path":"audios\/files-6732f87f7f4dd.wav","mime":"audio\/x-wav","copyright":{"license":"U"}}]},"subContentId":"68159ba9-612f-4ce1-b79d-ba78215366fb","metadata":{"contentType":"Curious Reader Audio","license":"U","title":"Untitled Curious Reader Audio"}},"backgroundOpacity":0,"willDoAnimation":false,"animationType":"glow","displayAsButton":false,"buttonSize":"big","goToSlideType":"specified","invisible":false},{"x":23.897058823529413,"y":29.130690909090905,"width":12.316176470588234,"height":23.272727272727273,"action":{"library":"H5P.Image 1.1","params":{"contentName":"Image"},"subContentId":"922a2549-3c51-4178-aa0c-1cebec0f5da9","metadata":{"contentType":"Image","license":"U","title":"Untitled Image"}},"backgroundOpacity":0,"willDoAnimation":true,"animationType":"glow","displayAsButton":false,"buttonSize":"big","goToSlideType":"specified","invisible":false,"id":"img68159ba9-612f-4ce1-b79d-ba78215366fb_1"},{"x":22.058823529411764,"y":51.05381818181818,"width":19.669117647058822,"height":40,"action":{"library":"H5P.Image 1.1","params":{"contentName":"Image"},"subContentId":"c49a1791-2575-4451-9928-bb409048371d","metadata":{"contentType":"Image","license":"U","title":"Untitled Image"}},"backgroundOpacity":0,"willDoAnimation":true,"animationType":"glow","displayAsButton":false,"buttonSize":"big","goToSlideType":"specified","invisible":false,"id":"img68159ba9-612f-4ce1-b79d-ba78215366fb_2"}],"slideBackgroundSelector":{}},{"elements":[{"x":3.2679738562091503,"y":2.150537634408602,"width":39.97821350762527,"height":96.77419354838709,"action":{"library":"H5P.Image 1.1","params":{"contentName":"Image","file":{"path":"images\/file-6582f7eede908.jpg","mime":"image\/jpeg","copyright":{"license":"U"},"width":479,"height":686}},"subContentId":"cafcd57b-3545-4c4b-bd65-7246c85de666","metadata":{"contentType":"Image","license":"U","title":"Untitled Image"}},"backgroundOpacity":0,"willDoAnimation":false,"animationType":"glow","displayAsButton":false,"buttonSize":"big","goToSlideType":"specified","invisible":false},{"x":45.955882352941174,"y":36.36363636363637,"width":49.10714285714286,"height":40.050377833753146,"action":{"library":"H5P.CRAdvancedText 1.1","params":{"text":"<p dir=\"ltr\" style=\"text-align: center;\"><span style=\"font-size:1.75em;\"><span style=\"color:#ffffff;\">\u091a\u093e\u0915\u0942\u0928\u0947 \u0938\u094d\u0935\u0924\u0903\u091a\u0940 \u0938\u093e\u092f\u0915\u0932 \u092c\u0928\u0935\u0923\u094d\u092f\u093e\u091a\u093e \u0928\u093f\u0930\u094d\u0923\u092f \u0918\u0947\u0924\u0932\u093e.<\/span><\/span><\/p>\n"},"subContentId":"6ed4d0c8-4215-4a30-9633-4617986f09cd","metadata":{"contentType":"Text","license":"U","title":"Untitled Text"}},"alwaysDisplayComments":false,"backgroundOpacity":0,"willDoAnimation":false,"animationType":"glow","displayAsButton":false,"buttonSize":"big","goToSlideType":"specified","invisible":false,"solution":""},{"x":47.014925373134325,"y":43.91143911439114,"width":40,"height":40,"action":{"library":"H5P.CRAudio 1.4","params":{"fitToWrapper":true,"currIndex":3,"playerMode":"minimalistic","controls":true,"autoplay":true,"playAudio":"Play audio","pauseAudio":"Pause audio","contentName":"Audio","glowColor":"#ffd85a","timeStampForEachText":[{"text":" \u091a\u093e\u0915\u0942\u0928\u0947 ","startDuration":"0.2826","endDuration":"0.8746","wordfile":[{"path":"audios\/wordfile-6732f9084cfb6.wav","mime":"audio\/x-wav","copyright":{"license":"U"}}]},{"text":" \u0938\u094d\u0935\u0924\u0903\u091a\u0940 ","startDuration":"0.8747","endDuration":"1.5863","wordfile":[{"path":"audios\/wordfile-6732f91a6fb72.wav","mime":"audio\/x-wav","copyright":{"license":"U"}}]},{"text":" \u0938\u093e\u092f\u0915\u0932 ","startDuration":"1.5864","endDuration":"2.0222","wordfile":[{"path":"audios\/wordfile-6732f92dd8a75.wav","mime":"audio\/x-wav","copyright":{"license":"U"}}]},{"text":" \u092c\u0928\u0935\u0923\u094d\u092f\u093e\u091a\u093e ","startDuration":"2.0223","endDuration":"2.7007","wordfile":[{"path":"audios\/wordfile-6732f93e27879.wav","mime":"audio\/x-wav","copyright":{"license":"U"}}]},{"text":" \u0928\u093f\u0930\u094d\u0923\u092f ","startDuration":"2.7008","endDuration":"3.0690","wordfile":[{"path":"audios\/wordfile-6732f94dbeaa0.wav","mime":"audio\/x-wav","copyright":{"license":"U"}}]},{"text":" \u0918\u0947\u0924\u0932\u093e. ","startDuration":"3.0691","endDuration":"3.5302","wordfile":[{"path":"audios\/wordfile-6732f95e1c397.wav","mime":"audio\/x-wav","copyright":{"license":"U"}}]}],"files":[{"path":"audios\/files-6732f8f645125.wav","mime":"audio\/x-wav","copyright":{"license":"U"}}]},"subContentId":"3a4ac861-bdf6-457c-82a6-9acb36523bdb","metadata":{"contentType":"Curious Reader Audio","license":"U","title":"Untitled Curious Reader Audio"}},"backgroundOpacity":0,"willDoAnimation":false,"animationType":"glow","displayAsButton":false,"buttonSize":"big","goToSlideType":"specified","invisible":false},{"x":23.897058823529413,"y":10.93749090909091,"width":14.15441176470588,"height":60.72727272727273,"action":{"library":"H5P.Image 1.1","params":{"contentName":"Image"},"subContentId":"b6b43014-064d-41e5-90df-2c11c53ab92f","metadata":{"contentType":"Image","license":"U","title":"Untitled Image"}},"backgroundOpacity":0,"willDoAnimation":true,"animationType":"glow","displayAsButton":false,"buttonSize":"big","goToSlideType":"specified","invisible":false,"id":"img3a4ac861-bdf6-457c-82a6-9acb36523bdb_0"}],"slideBackgroundSelector":{}},{"elements":[{"x":4.357298474945534,"y":2.148858064516129,"width":39.97821350762527,"height":96.77419354838709,"action":{"library":"H5P.Image 1.1","params":{"contentName":"Image","file":{"path":"images\/file-6582f82e21dc4.jpg","mime":"image\/jpeg","copyright":{"license":"U"},"width":479,"height":686}},"subContentId":"e2d5d6fe-aa9f-46a2-b83c-b89c31d009db","metadata":{"contentType":"Image","license":"U","title":"Untitled Image"}},"backgroundOpacity":0,"willDoAnimation":false,"animationType":"glow","displayAsButton":false,"buttonSize":"big","goToSlideType":"specified","invisible":false},{"x":48.46938775510204,"y":40.30226700251889,"width":40,"height":40,"action":{"library":"H5P.CRAdvancedText 1.1","params":{"text":"<p dir=\"ltr\" style=\"text-align: center;\"><span style=\"color:#ffffff;\"><span style=\"font-size:1.75em;\">\u091a\u093e\u0915\u0942\u0928\u0947 \u0932\u093e\u0915\u0921\u0940 \u0913\u0902\u0921\u0915\u0947 \u0936\u094b\u0927\u0932\u0947.<\/span><\/span><\/p>\n"},"subContentId":"55b63758-aa28-4edd-9bdd-c0cd9261f76a","metadata":{"contentType":"Text","license":"U","title":"Untitled Text"}},"alwaysDisplayComments":false,"backgroundOpacity":0,"willDoAnimation":false,"animationType":"glow","displayAsButton":false,"buttonSize":"big","goToSlideType":"specified","invisible":false,"solution":""},{"x":47.014925373134325,"y":43.91143911439114,"width":40,"height":40,"action":{"library":"H5P.CRAudio 1.4","params":{"fitToWrapper":true,"currIndex":4,"playerMode":"minimalistic","controls":true,"autoplay":true,"playAudio":"Play audio","pauseAudio":"Pause audio","contentName":"Audio","glowColor":"#ffd85a","timeStampForEachText":[{"text":" \u091a\u093e\u0915\u0942\u0928\u0947 ","startDuration":"0.3867","endDuration":"1.0005","wordfile":[{"path":"audios\/wordfile-6732f9954abc8.wav","mime":"audio\/x-wav","copyright":{"license":"U"}}]},{"text":" \u0932\u093e\u0915\u0921\u0940 ","startDuration":"1.0006","endDuration":"1.4355","wordfile":[{"path":"audios\/wordfile-6732f9a648939.wav","mime":"audio\/x-wav","copyright":{"license":"U"}}]},{"text":" \u0913\u0902\u0921\u0915\u0947 ","startDuration":"1.4356","endDuration":"1.7708","wordfile":[{"path":"audios\/wordfile-6732f9b9b51f9.wav","mime":"audio\/x-wav","copyright":{"license":"U"}}]},{"text":" \u0936\u094b\u0927\u0932\u0947. ","startDuration":"1.7709","endDuration":"2.2607","wordfile":[{"path":"audios\/wordfile-6732f9cab4a21.wav","mime":"audio\/x-wav","copyright":{"license":"U"}}]}],"files":[{"path":"audios\/files-6732f98195c7f.wav","mime":"audio\/x-wav","copyright":{"license":"U"}}]},"subContentId":"f89c3b8d-7fad-41e7-a0d4-3e7cf3aa5424","metadata":{"contentType":"Curious Reader Audio","license":"U","title":"Untitled Curious Reader Audio"}},"backgroundOpacity":0,"willDoAnimation":false,"animationType":"glow","displayAsButton":false,"buttonSize":"big","goToSlideType":"specified","invisible":false},{"x":5.514705882352941,"y":65.45454545454545,"width":21.507352941176467,"height":15.272727272727273,"action":{"library":"H5P.Image 1.1","params":{"contentName":"Image"},"subContentId":"45e43fa0-f34a-4b83-bea2-b2b2facc7bd8","metadata":{"contentType":"Image","license":"U","title":"Untitled Image"}},"backgroundOpacity":0,"willDoAnimation":true,"animationType":"glow","displayAsButton":false,"buttonSize":"big","goToSlideType":"specified","invisible":false,"id":"imgf89c3b8d-7fad-41e7-a0d4-3e7cf3aa5424_1"},{"x":20.22058823529412,"y":51.12800000000001,"width":6.8014705882352935,"height":28,"action":{"library":"H5P.Image 1.1","params":{"contentName":"Image"},"subContentId":"a3f83ca2-77c3-4e3b-8394-00e06e980354","metadata":{"contentType":"Image","license":"U","title":"Untitled Image"}},"backgroundOpacity":0,"willDoAnimation":true,"animationType":"glow","displayAsButton":false,"buttonSize":"big","goToSlideType":"specified","invisible":false,"id":"imgf89c3b8d-7fad-41e7-a0d4-3e7cf3aa5424_1"}],"slideBackgroundSelector":{}},{"elements":[{"x":5.446623093681917,"y":6.44658064516129,"width":39.97821350762527,"height":93.54838709677419,"action":{"library":"H5P.Image 1.1","params":{"contentName":"Image","file":{"path":"images\/file-6582f8657e7fd.jpg","mime":"image\/jpeg","copyright":{"license":"U"},"width":639,"height":687}},"subContentId":"59f6874d-70d3-4721-b27c-88467f7a9199","metadata":{"contentType":"Image","license":"U","title":"Untitled Image"}},"backgroundOpacity":0,"willDoAnimation":false,"animationType":"glow","displayAsButton":false,"buttonSize":"big","goToSlideType":"specified","invisible":false},{"x":45.955882352941174,"y":37.872,"width":50.91911764705882,"height":48,"action":{"library":"H5P.CRAdvancedText 1.1","params":{"text":"<p dir=\"ltr\" style=\"text-align: center;\"><span style=\"color:#ffffff;\"><span style=\"font-size:1.75em;\">\u091a\u093e\u0915\u0942\u0932\u093e \u0906\u0920\u0935\u0932\u0902 \u0915\u0940 \u0924\u094d\u092f\u093e\u0932\u093e \u0916\u093f\u0933\u0947 \u0906\u0923\u093f \u0939\u093e\u0924\u094b\u0921\u093e \u0939\u0935\u093e \u0906\u0939\u0947.<\/span><\/span><\/p>\n"},"subContentId":"aa0e15d9-a1e8-482d-8ee6-6e545bfeab5b","metadata":{"contentType":"Text","license":"U","title":"Untitled Text"}},"alwaysDisplayComments":false,"backgroundOpacity":0,"willDoAnimation":false,"animationType":"glow","displayAsButton":false,"buttonSize":"big","goToSlideType":"specified","invisible":false,"solution":""},{"x":47.014925373134325,"y":43.91143911439114,"width":40,"height":40,"action":{"library":"H5P.CRAudio 1.4","params":{"fitToWrapper":true,"currIndex":5,"playerMode":"minimalistic","controls":true,"autoplay":true,"playAudio":"Play audio","pauseAudio":"Pause audio","contentName":"Audio","glowColor":"#ffd85a","timeStampForEachText":[{"text":" \u091a\u093e\u0915\u0942\u0932\u093e ","startDuration":"0.8021","endDuration":"1.5167","wordfile":[{"path":"audios\/wordfile-6732fa03629d5.wav","mime":"audio\/x-wav","copyright":{"license":"U"}}]},{"text":" \u0906\u0920\u0935\u0932\u0902 ","startDuration":"1.5168","endDuration":"2.0145","wordfile":[{"path":"audios\/wordfile-6732fa11c8746.wav","mime":"audio\/x-wav","copyright":{"license":"U"}}]},{"text":" \u0915\u0940 ","startDuration":"2.3149","endDuration":"2.4921","wordfile":[{"path":"audios\/wordfile-6732fa22e1ef4.wav","mime":"audio\/x-wav","copyright":{"license":"U"}}]},{"text":" \u0924\u094d\u092f\u093e\u0932\u093e ","startDuration":"2.4922","endDuration":"2.8496","wordfile":[{"path":"audios\/wordfile-6732fa3336413.wav","mime":"audio\/x-wav","copyright":{"license":"U"}}]},{"text":" \u0916\u093f\u0933\u0947 ","startDuration":"2.8497","endDuration":"3.3964","wordfile":[{"path":"audios\/wordfile-6732fa435f3fc.wav","mime":"audio\/x-wav","copyright":{"license":"U"}}]},{"text":" \u0906\u0923\u093f ","startDuration":"3.3965","endDuration":"3.8363","wordfile":[{"path":"audios\/wordfile-6732fa5471f14.wav","mime":"audio\/x-wav","copyright":{"license":"U"}}]},{"text":" \u0939\u093e\u0924\u094b\u0921\u093e ","startDuration":"3.8363","endDuration":"4.3913","wordfile":[{"path":"audios\/wordfile-6732fa6578165.wav","mime":"audio\/x-wav","copyright":{"license":"U"}}]},{"text":" \u0939\u0935\u093e ","startDuration":"4.3914","endDuration":"4.6233","wordfile":[{"path":"audios\/wordfile-6732fa742e6e6.wav","mime":"audio\/x-wav","copyright":{"license":"U"}}]},{"text":" \u0906\u0939\u0947. ","startDuration":"4.6234","endDuration":"5.1493","wordfile":[{"path":"audios\/wordfile-6732fa839f87a.wav","mime":"audio\/x-wav","copyright":{"license":"U"}}]}],"files":[{"path":"audios\/files-6732f9efd8b70.wav","mime":"audio\/x-wav","copyright":{"license":"U"}}]},"subContentId":"6c12a544-1cc8-4df0-aa1b-dce1eb5ed519","metadata":{"contentType":"Curious Reader Audio","license":"U","title":"Untitled Curious Reader Audio"}},"backgroundOpacity":0,"willDoAnimation":false,"animationType":"glow","displayAsButton":false,"buttonSize":"big","goToSlideType":"specified","invisible":false},{"x":25.735294117647058,"y":10.909090909090908,"width":10.477941176470587,"height":17.09090909090909,"action":{"library":"H5P.Image 1.1","params":{"contentName":"Image"},"subContentId":"d4ee26c3-c6ad-4952-bfaf-9326b1cc6a38","metadata":{"contentType":"Image","license":"U","title":"Untitled Image"}},"backgroundOpacity":0,"willDoAnimation":true,"animationType":"glow","displayAsButton":false,"buttonSize":"big","goToSlideType":"specified","invisible":false,"id":"img6c12a544-1cc8-4df0-aa1b-dce1eb5ed519_6"},{"x":25.735294117647058,"y":10.909090909090908,"width":10.477941176470587,"height":13.454545454545455,"action":{"library":"H5P.Image 1.1","params":{"contentName":"Image"},"subContentId":"3b31b3af-a9e9-42e6-a443-32b5432919f9","metadata":{"contentType":"Image","license":"U","title":"Untitled Image"}},"backgroundOpacity":0,"willDoAnimation":true,"animationType":"glow","displayAsButton":false,"buttonSize":"big","goToSlideType":"specified","invisible":false,"id":"img6c12a544-1cc8-4df0-aa1b-dce1eb5ed519_4"}],"slideBackgroundSelector":{}},{"elements":[{"x":4.357298474945534,"y":2.150537634408602,"width":39.97821350762527,"height":95.69892473118279,"action":{"library":"H5P.Image 1.1","params":{"contentName":"Image","file":{"path":"images\/file-6582f8a2a9d1c.jpg","mime":"image\/jpeg","copyright":{"license":"U"},"width":479,"height":686}},"subContentId":"a12d8d51-bd78-4fea-affb-9061ee70f22e","metadata":{"contentType":"Image","license":"U","title":"Untitled Image"}},"backgroundOpacity":0,"willDoAnimation":false,"animationType":"glow","displayAsButton":false,"buttonSize":"big","goToSlideType":"specified","invisible":false},{"x":45.91836734693878,"y":40.8375314861461,"width":48.5969387755102,"height":40.050377833753146,"action":{"library":"H5P.CRAdvancedText 1.1","params":{"text":"<p dir=\"ltr\" style=\"text-align: center;\"><span style=\"font-size:1.75em;\"><span style=\"color:#ffffff;\">\u091a\u093e\u0915\u0942 \u092e\u0926\u0924\u0940\u0938\u093e\u0920\u0940 \u0915\u093e\u0915\u093e\u0902\u0915\u0921\u0947 \u0917\u0947\u0932\u093e.<\/span><\/span><\/p>\n"},"subContentId":"b55726bc-a322-4bce-8773-377dd906e05f","metadata":{"contentType":"Text","license":"U","title":"Untitled Text"}},"alwaysDisplayComments":false,"backgroundOpacity":0,"willDoAnimation":false,"animationType":"glow","displayAsButton":false,"buttonSize":"big","goToSlideType":"specified","invisible":false,"solution":""},{"x":47.014925373134325,"y":43.91143911439114,"width":40,"height":40,"action":{"library":"H5P.CRAudio 1.4","params":{"fitToWrapper":true,"currIndex":6,"playerMode":"minimalistic","controls":true,"autoplay":true,"playAudio":"Play audio","pauseAudio":"Pause audio","contentName":"Audio","glowColor":"#ffd85a","timeStampForEachText":[{"text":" \u091a\u093e\u0915\u0942 ","startDuration":"0.1249","endDuration":"0.6652","wordfile":[{"path":"audios\/wordfile-6732fab4da6f8.wav","mime":"audio\/x-wav","copyright":{"license":"U"}}]},{"text":" \u092e\u0926\u0924\u0940\u0938\u093e\u0920\u0940 ","startDuration":"0.6653","endDuration":"1.4726","wordfile":[{"path":"audios\/wordfile-6732fac464425.wav","mime":"audio\/x-wav","copyright":{"license":"U"}}]},{"text":" \u0915\u093e\u0915\u093e\u0902\u0915\u0921\u0947 ","startDuration":"1.4727","endDuration":"2.1057","wordfile":[{"path":"audios\/wordfile-6732fad3d58a1.wav","mime":"audio\/x-wav","copyright":{"license":"U"}}]},{"text":" \u0917\u0947\u0932\u093e. ","startDuration":"2.1058","endDuration":"2.4534","wordfile":[{"path":"audios\/wordfile-6732fae56f35d.wav","mime":"audio\/x-wav","copyright":{"license":"U"}}]}],"files":[{"path":"audios\/files-6732faa18bece.wav","mime":"audio\/x-wav","copyright":{"license":"U"}}]},"subContentId":"2a843aeb-79d6-4d68-a47c-f03056863ac0","metadata":{"contentType":"Curious Reader Audio","license":"U","title":"Untitled Curious Reader Audio"}},"backgroundOpacity":0,"willDoAnimation":false,"animationType":"glow","displayAsButton":false,"buttonSize":"big","goToSlideType":"specified","invisible":false},{"x":16.544117647058822,"y":7.306836363636364,"width":27.02205882352941,"height":53.45454545454545,"action":{"library":"H5P.Image 1.1","params":{"contentName":"Image"},"subContentId":"0d7c5277-6d0a-4410-95cf-1b6803efa600","metadata":{"contentType":"Image","license":"U","title":"Untitled Image"}},"backgroundOpacity":0,"willDoAnimation":true,"animationType":"glow","displayAsButton":false,"buttonSize":"big","goToSlideType":"specified","invisible":false,"id":"img2a843aeb-79d6-4d68-a47c-f03056863ac0_2"}],"slideBackgroundSelector":{}},{"elements":[{"x":3.2679738562091507,"y":2.148858064516129,"width":39.97821350762527,"height":96.77419354838709,"action":{"library":"H5P.Image 1.1","params":{"contentName":"Image","file":{"path":"images\/file-6582f8d53e48b.jpg","mime":"image\/jpeg","copyright":{"license":"U"},"width":479,"height":686}},"subContentId":"92528443-ca85-4263-9bfc-286ba7fa3bad","metadata":{"contentType":"Image","license":"U","title":"Untitled Image"}},"backgroundOpacity":0,"willDoAnimation":false,"animationType":"glow","displayAsButton":false,"buttonSize":"big","goToSlideType":"specified","invisible":false},{"x":44.776119402985074,"y":25.830258302583026,"width":49.632352941176464,"height":36.36363636363637,"action":{"library":"H5P.CRAdvancedText 1.1","params":{"text":"<p dir=\"ltr\" style=\"text-align: center;\"><span style=\"color:#ffffff;\"><span style=\"font-size:1.75em;\">\u091a\u093e\u0915\u0942\u091a\u094d\u092f\u093e \u0915\u093e\u0915\u093e\u0902\u0928\u0940 \u0924\u094d\u092f\u093e\u0932\u093e \u0938\u093e\u0927\u0928\u0947 \u0926\u093f\u0932\u0940. \u0915\u093e\u0915\u093e\u0902\u0928\u0940 \u091a\u093e\u0915\u0942\u0932\u093e \u0915\u093e\u0933\u091c\u0940 \u0918\u094d\u092f\u093e\u092f\u0932\u093e \u0938\u093e\u0902\u0917\u093f\u0924\u0932\u0947.<\/span><\/span><\/p>\n"},"subContentId":"41562dc7-92c2-4920-9175-0b9ee75a455f","metadata":{"contentType":"Text","license":"U","title":"Untitled Text"}},"alwaysDisplayComments":false,"backgroundOpacity":0,"willDoAnimation":false,"animationType":"glow","displayAsButton":false,"buttonSize":"big","goToSlideType":"specified","invisible":false,"solution":""},{"x":92.5925925925926,"y":2.151768538561844,"width":40,"height":40,"action":{"library":"H5P.CRAudio 1.4","params":{"fitToWrapper":true,"currIndex":7,"playerMode":"minimalistic","controls":true,"autoplay":true,"playAudio":"Play audio","pauseAudio":"Pause audio","contentName":"Audio","glowColor":"#ffd85a","timeStampForEachText":[{"text":" \u091a\u093e\u0915\u0942\u091a\u094d\u092f\u093e ","startDuration":"0.4595","endDuration":"1.1115","wordfile":[{"path":"audios\/wordfile-6732fb2434579.wav","mime":"audio\/x-wav","copyright":{"license":"U"}}]},{"text":" \u0915\u093e\u0915\u093e\u0902\u0928\u0940 ","startDuration":"1.1116","endDuration":"1.7786","wordfile":[{"path":"audios\/wordfile-6732fb59827eb.wav","mime":"audio\/x-wav","copyright":{"license":"U"}}]},{"text":" \u0924\u094d\u092f\u093e\u0932\u093e ","startDuration":"1.8685","endDuration":"2.1945","wordfile":[{"path":"audios\/wordfile-6732fb760a7ab.wav","mime":"audio\/x-wav","copyright":{"license":"U"}}]},{"text":" \u0938\u093e\u0927\u0928\u0947 ","startDuration":"2.1946","endDuration":"2.7364","wordfile":[{"path":"audios\/wordfile-6732fb8a3b02a.wav","mime":"audio\/x-wav","copyright":{"license":"U"}}]},{"text":" \u0926\u093f\u0932\u0940. ","startDuration":"2.7365","endDuration":"3.0857","wordfile":[{"path":"audios\/wordfile-6732fbcd55e7d.wav","mime":"audio\/x-wav","copyright":{"license":"U"}}]},{"text":" \u0915\u093e\u0915\u093e\u0902\u0928\u0940 ","startDuration":"3.4943","endDuration":"4.1020","wordfile":[{"path":"audios\/wordfile-6732fbe53dd28.wav","mime":"audio\/x-wav","copyright":{"license":"U"}}]},{"text":" \u091a\u093e\u0915\u0942\u0932\u093e ","startDuration":"4.1021","endDuration":"4.7032","wordfile":[{"path":"audios\/wordfile-6732fbfbb9759.wav","mime":"audio\/x-wav","copyright":{"license":"U"}}]},{"text":" \u0915\u093e\u0933\u091c\u0940 ","startDuration":"4.7033","endDuration":"5.0969","wordfile":[{"path":"audios\/wordfile-6732fc0ed3781.wav","mime":"audio\/x-wav","copyright":{"license":"U"}}]},{"text":" \u0918\u094d\u092f\u093e\u092f\u0932\u093e ","startDuration":"5.1415","endDuration":"5.4091","wordfile":[{"path":"audios\/wordfile-6732fc219033a.wav","mime":"audio\/x-wav","copyright":{"license":"U"}}]},{"text":" \u0938\u093e\u0902\u0917\u093f\u0924\u0932\u0947. ","startDuration":"5.4092","endDuration":"6.0622","wordfile":[{"path":"audios\/wordfile-6732fc34f0968.wav","mime":"audio\/x-wav","copyright":{"license":"U"}}]}],"files":[{"path":"audios\/files-6732fb0626e57.wav","mime":"audio\/x-wav","copyright":{"license":"U"}}]},"subContentId":"7b3ed4cb-da9c-4528-a35c-018f6c8769ee","metadata":{"contentType":"Curious Reader Audio","license":"U","title":"Untitled Curious Reader Audio"}},"backgroundOpacity":0,"willDoAnimation":false,"animationType":"glow","displayAsButton":false,"buttonSize":"big","goToSlideType":"specified","invisible":false}],"slideBackgroundSelector":{}},{"elements":[{"x":0,"y":0,"width":97.93028322440088,"height":98.06451612903226,"action":{"library":"H5P.Image 1.1","params":{"contentName":"Image","file":{"path":"images\/file-6582f91783856.jpg","mime":"image\/jpeg","copyright":{"license":"U"},"width":959,"height":687}},"subContentId":"b905eb68-4ec2-4d41-a807-2f5c3e7461c9","metadata":{"contentType":"Image","license":"U","title":"Untitled Image"}},"backgroundOpacity":0,"willDoAnimation":false,"animationType":"glow","displayAsButton":false,"buttonSize":"big","goToSlideType":"specified","invisible":false},{"x":8.928571428571429,"y":30.17934508816121,"width":51.02040816326531,"height":65.4911838790932,"action":{"library":"H5P.CRAdvancedText 1.1","params":{"text":"<p dir=\"ltr\" style=\"text-align: center;\"><span style=\"color:#ffffff;\"><span style=\"font-size:1.75em;\">\u091a\u093e\u0915\u0942\u0928\u0947 \u0906\u092a\u0932\u0940 \u0938\u093e\u092f\u0915\u0932 \u0915\u0936\u0940 \u092c\u0928\u0935\u093e\u092f\u091a\u0940 \u092f\u093e\u091a\u093e \u0935\u093f\u091a\u093e\u0930 \u0915\u0947\u0932\u093e.<\/span><\/span><\/p>\n"},"subContentId":"4b0d3413-30b9-4e2b-af52-cdc16350c10c","metadata":{"contentType":"Text","license":"U","title":"Untitled Text"}},"alwaysDisplayComments":false,"backgroundOpacity":0,"willDoAnimation":false,"animationType":"glow","displayAsButton":false,"buttonSize":"big","goToSlideType":"specified","invisible":false,"solution":""},{"x":47.014925373134325,"y":43.91143911439114,"width":40,"height":40,"action":{"library":"H5P.CRAudio 1.4","params":{"fitToWrapper":true,"currIndex":8,"playerMode":"minimalistic","controls":true,"autoplay":true,"playAudio":"Play audio","pauseAudio":"Pause audio","contentName":"Audio","glowColor":"#ffd85a","timeStampForEachText":[{"text":" \u091a\u093e\u0915\u0942\u0928\u0947 ","startDuration":"0.0378","endDuration":"0.7873","wordfile":[{"path":"audios\/wordfile-6732fd9d555a0.wav","mime":"audio\/x-wav","copyright":{"license":"U"}}]},{"text":" \u0906\u092a\u0932\u0940 ","startDuration":"0.7669","endDuration":"1.1631","wordfile":[{"path":"audios\/wordfile-6732fdac80d00.wav","mime":"audio\/x-wav","copyright":{"license":"U"}}]},{"text":" \u0938\u093e\u092f\u0915\u0932 ","startDuration":"1.1632","endDuration":"1.6326","wordfile":[{"path":"audios\/wordfile-6732fdbe57ce0.wav","mime":"audio\/x-wav","copyright":{"license":"U"}}]},{"text":" \u0915\u0936\u0940 ","startDuration":"1.6327","endDuration":"1.9169","wordfile":[{"path":"audios\/wordfile-6732fdcfbfa70.wav","mime":"audio\/x-wav","copyright":{"license":"U"}}]},{"text":" \u092c\u0928\u0935\u093e\u092f\u091a\u0940 ","startDuration":"1.9170","endDuration":"2.8432","wordfile":[{"path":"audios\/wordfile-6732fddf8e855.wav","mime":"audio\/x-wav","copyright":{"license":"U"}}]},{"text":" \u092f\u093e\u091a\u093e ","startDuration":"2.8433","endDuration":"3.3196","wordfile":[{"path":"audios\/wordfile-6732fdef303f4.wav","mime":"audio\/x-wav","copyright":{"license":"U"}}]},{"text":" \u0935\u093f\u091a\u093e\u0930 ","startDuration":"3.3197","endDuration":"3.6336","wordfile":[{"path":"audios\/wordfile-6732fdff70614.wav","mime":"audio\/x-wav","copyright":{"license":"U"}}]},{"text":" \u0915\u0947\u0932\u093e. ","startDuration":"3.6337","endDuration":"4.0121","wordfile":[{"path":"audios\/wordfile-6732fe0e0e5c5.wav","mime":"audio\/x-wav","copyright":{"license":"U"}}]}],"files":[{"path":"audios\/files-6732fc58390de.wav","mime":"audio\/x-wav","copyright":{"license":"U"}}]},"subContentId":"59afbbaa-543d-489f-81aa-cde686ab0872","metadata":{"contentType":"Curious Reader Audio","license":"U","title":"Untitled Curious Reader Audio"}},"backgroundOpacity":0,"willDoAnimation":false,"animationType":"glow","displayAsButton":false,"buttonSize":"big","goToSlideType":"specified","invisible":false},{"x":62.49999999999999,"y":40,"width":27.02205882352941,"height":42.90909090909091,"action":{"library":"H5P.Image 1.1","params":{"contentName":"Image"},"subContentId":"c9d10612-e151-4cb0-9863-066cf4a47620","metadata":{"contentType":"Image","license":"U","title":"Untitled Image"}},"backgroundOpacity":0,"willDoAnimation":true,"animationType":"glow","displayAsButton":false,"buttonSize":"big","goToSlideType":"specified","invisible":false,"id":"img59afbbaa-543d-489f-81aa-cde686ab0872_0"}],"slideBackgroundSelector":{}},{"elements":[{"x":3.2679738562091507,"y":4.297720430107527,"width":39.97821350762527,"height":95.69892473118279,"action":{"library":"H5P.Image 1.1","params":{"contentName":"Image","file":{"path":"images\/file-6582f95489ed3.jpg","mime":"image\/jpeg","copyright":{"license":"U"},"width":479,"height":686}},"subContentId":"ca658387-de74-4029-9595-32a598136409","metadata":{"contentType":"Image","license":"U","title":"Untitled Image"}},"backgroundOpacity":0,"willDoAnimation":false,"animationType":"glow","displayAsButton":false,"buttonSize":"big","goToSlideType":"specified","invisible":false},{"x":50.10867346938775,"y":36.53954659949623,"width":45.91836734693878,"height":40.050377833753146,"action":{"library":"H5P.CRAdvancedText 1.1","params":{"text":"<p dir=\"ltr\" style=\"text-align: center;\"><span style=\"color:#ffffff;\"><span style=\"font-size:1.75em;\">\u091a\u093e\u0915\u0942 \u092c\u0928\u0935\u093e\u092f\u0932\u093e \u0932\u093e\u0917\u0932\u093e.<\/span><\/span><\/p>\n"},"subContentId":"ebe359ba-481e-4f99-a8c0-e8e2ba425efc","metadata":{"contentType":"Text","license":"U","title":"Untitled Text"}},"alwaysDisplayComments":false,"backgroundOpacity":0,"willDoAnimation":false,"animationType":"glow","displayAsButton":false,"buttonSize":"big","goToSlideType":"specified","invisible":false,"solution":""},{"x":47.014925373134325,"y":43.91143911439114,"width":40,"height":40,"action":{"library":"H5P.CRAudio 1.4","params":{"fitToWrapper":true,"currIndex":9,"playerMode":"minimalistic","controls":true,"autoplay":true,"playAudio":"Play audio","pauseAudio":"Pause audio","contentName":"Audio","glowColor":"#ffd85a","timeStampForEachText":[{"text":" \u091a\u093e\u0915\u0942 ","startDuration":"0.2032","endDuration":"0.7085","wordfile":[{"path":"audios\/wordfile-6732fe44c8859.wav","mime":"audio\/x-wav","copyright":{"license":"U"}}]},{"text":" \u092c\u0928\u0935\u093e\u092f\u0932\u093e ","startDuration":"0.7086","endDuration":"1.2415","wordfile":[{"path":"audios\/wordfile-6732fe594d874.wav","mime":"audio\/x-wav","copyright":{"license":"U"}}]},{"text":" \u0932\u093e\u0917\u0932\u093e. ","startDuration":"1.2416","endDuration":"1.6327","wordfile":[{"path":"audios\/wordfile-6732fe6cdc471.wav","mime":"audio\/x-wav","copyright":{"license":"U"}}]}],"files":[{"path":"audios\/files-6732fe2bdeb61.wav","mime":"audio\/x-wav","copyright":{"license":"U"}}]},"subContentId":"65db0e04-ff80-4613-8f65-8862c8550774","metadata":{"contentType":"Curious Reader Audio","license":"U","title":"Untitled Curious Reader Audio"}},"backgroundOpacity":0,"willDoAnimation":false,"animationType":"glow","displayAsButton":false,"buttonSize":"big","goToSlideType":"specified","invisible":false},{"x":14.705882352941178,"y":29.25,"width":27.02205882352941,"height":46.18181818181818,"action":{"library":"H5P.Image 1.1","params":{"contentName":"Image"},"subContentId":"e637b3f1-c4dc-48f4-ab6a-7296f4832318","metadata":{"contentType":"Image","license":"U","title":"Untitled Image"}},"backgroundOpacity":0,"willDoAnimation":true,"animationType":"glow","displayAsButton":false,"buttonSize":"big","goToSlideType":"specified","invisible":false,"id":"img65db0e04-ff80-4613-8f65-8862c8550774_1"}],"slideBackgroundSelector":{}},{"elements":[{"x":4.357298474945534,"y":2.150537634408602,"width":39.97821350762527,"height":95.69892473118279,"action":{"library":"H5P.Image 1.1","params":{"contentName":"Image","file":{"path":"images\/file-6582f9838dd11.jpg","mime":"image\/jpeg","copyright":{"license":"U"},"width":479,"height":686}},"subContentId":"6368cbb9-4216-4806-a78c-04244d505890","metadata":{"contentType":"Image","license":"U","title":"Untitled Image"}},"backgroundOpacity":0,"willDoAnimation":false,"animationType":"glow","displayAsButton":false,"buttonSize":"big","goToSlideType":"specified","invisible":false},{"x":45.91836734693878,"y":37.78337531486146,"width":46.42857142857143,"height":40.050377833753146,"action":{"library":"H5P.CRAdvancedText 1.1","params":{"text":"<p dir=\"ltr\" style=\"text-align: center;\"><span style=\"color:#ffffff;\"><span style=\"font-size:1.75em;\">\u0915\u093f\u0924\u0940 \u0938\u0941\u0902\u0926\u0930 \u0938\u093e\u092f\u0915\u0932! \u092a\u0923 \u0924\u0947 \u0938\u094d\u0925\u093f\u0930 \u0928\u0935\u094d\u0939\u0924\u0947.<\/span><\/span><\/p>\n"},"subContentId":"a355e8e7-c5ed-4094-99d2-8040204b21eb","metadata":{"contentType":"Text","license":"U","title":"Untitled Text"}},"alwaysDisplayComments":false,"backgroundOpacity":0,"willDoAnimation":false,"animationType":"glow","displayAsButton":false,"buttonSize":"big","goToSlideType":"specified","invisible":false,"solution":""},{"x":47.000103485838785,"y":44.00026681929878,"width":40,"height":40,"action":{"library":"H5P.CRAudio 1.4","params":{"fitToWrapper":true,"currIndex":10,"playerMode":"minimalistic","controls":true,"autoplay":true,"playAudio":"Play audio","pauseAudio":"Pause audio","contentName":"Audio","glowColor":"#ffd85a","timeStampForEachText":[{"text":" \u0915\u093f\u0924\u0940 ","startDuration":"0.4033","endDuration":"0.7534","wordfile":[{"path":"audios\/wordfile-6732feba95b8e.wav","mime":"audio\/x-wav","copyright":{"license":"U"}}]},{"text":" \u0938\u0941\u0902\u0926\u0930 ","startDuration":"0.7638","endDuration":"1.1654","wordfile":[{"path":"audios\/wordfile-6732fed16cf08.wav","mime":"audio\/x-wav","copyright":{"license":"U"}}]},{"text":" \u0938\u093e\u092f\u0915\u0932! ","startDuration":"1.1655","endDuration":"1.8026","wordfile":[{"path":"audios\/wordfile-6732ff06b3b42.wav","mime":"audio\/x-wav","copyright":{"license":"U"}}]},{"text":" \u092a\u0923 ","startDuration":"2.0475","endDuration":"2.3460","wordfile":[{"path":"audios\/wordfile-6732ff2b6ba5e.wav","mime":"audio\/x-wav","copyright":{"license":"U"}}]},{"text":" \u0924\u0947 ","startDuration":"2.3683","endDuration":"2.5261","wordfile":[{"path":"audios\/wordfile-6732ff464992a.wav","mime":"audio\/x-wav","copyright":{"license":"U"}}]},{"text":" \u0938\u094d\u0925\u093f\u0930 ","startDuration":"2.5262","endDuration":"2.9006","wordfile":[{"path":"audios\/wordfile-6732ff5a7464c.wav","mime":"audio\/x-wav","copyright":{"license":"U"}}]},{"text":" \u0928\u0935\u094d\u0939\u0924\u0947. ","startDuration":"2.9157","endDuration":"3.5659","wordfile":[{"path":"audios\/wordfile-6732ff6f9cdb3.wav","mime":"audio\/x-wav","copyright":{"license":"U"}}]}],"files":[{"path":"audios\/files-6732fe8e51ef8.wav","mime":"audio\/x-wav","copyright":{"license":"U"}}]},"subContentId":"3412f29a-e575-4e99-9325-04b5b8ccd08f","metadata":{"contentType":"Curious Reader Audio","license":"U","title":"Untitled Curious Reader Audio"}},"backgroundOpacity":0,"willDoAnimation":false,"animationType":"glow","displayAsButton":false,"buttonSize":"big","goToSlideType":"specified","invisible":false}],"slideBackgroundSelector":{}},{"elements":[{"x":3.2679738562091503,"y":2.150537634408602,"width":39.97821350762527,"height":95.69892473118279,"action":{"library":"H5P.Image 1.1","params":{"contentName":"Image","file":{"path":"images\/file-6582f9c9f38f2.jpg","mime":"image\/jpeg","copyright":{"license":"U"},"width":479,"height":686}},"subContentId":"9f8d3804-966c-4b96-9d67-50173d8d300c","metadata":{"contentType":"Image","license":"U","title":"Untitled Image"}},"backgroundOpacity":0,"willDoAnimation":false,"animationType":"glow","displayAsButton":false,"buttonSize":"big","goToSlideType":"specified","invisible":false},{"x":45.955882352941174,"y":30.286945454545457,"width":48.345588235294116,"height":55.63636363636363,"action":{"library":"H5P.CRAdvancedText 1.1","params":{"text":"<p dir=\"ltr\" style=\"text-align: center;\"><span style=\"color:#ffffff;\"><span style=\"font-size:1.75em;\">\u0932\u0940\u0932\u093e\u0928\u0947 \u091a\u093e\u0915\u0942\u091a\u093e \u0924\u094d\u0930\u093e\u0938 \u092a\u093e\u0939\u093f\u0932\u093e. \u0924\u093f\u0928\u0947 \u092e\u0926\u0924 \u0915\u0930\u0923\u094d\u092f\u093e\u091a\u0947 \u0920\u0930\u0935\u0932\u0947.<\/span><\/span><\/p>\n"},"subContentId":"a61b743b-74cb-4bd5-bd26-12e57b9e9005","metadata":{"contentType":"Text","license":"U","title":"Untitled Text"}},"alwaysDisplayComments":false,"backgroundOpacity":0,"willDoAnimation":false,"animationType":"glow","displayAsButton":false,"buttonSize":"big","goToSlideType":"specified","invisible":false,"solution":""},{"x":47.000103485838785,"y":44.00026681929878,"width":40,"height":40,"action":{"library":"H5P.CRAudio 1.4","params":{"fitToWrapper":true,"currIndex":11,"playerMode":"minimalistic","controls":true,"autoplay":true,"playAudio":"Play audio","pauseAudio":"Pause audio","contentName":"Audio","glowColor":"#ffd85a","timeStampForEachText":[{"text":" \u0932\u0940\u0932\u093e\u0928\u0947 ","startDuration":"0.4057","endDuration":"1.1312","wordfile":[{"path":"audios\/wordfile-6732ffb41fc76.wav","mime":"audio\/x-wav","copyright":{"license":"U"}}]},{"text":" \u091a\u093e\u0915\u0942\u091a\u093e ","startDuration":"1.1313","endDuration":"1.7093","wordfile":[{"path":"audios\/wordfile-6732ffd003d95.wav","mime":"audio\/x-wav","copyright":{"license":"U"}}]},{"text":" \u0924\u094d\u0930\u093e\u0938 ","startDuration":"1.7094","endDuration":"2.0474","wordfile":[{"path":"audios\/wordfile-6732fff2ca29e.wav","mime":"audio\/x-wav","copyright":{"license":"U"}}]},{"text":" \u092a\u093e\u0939\u093f\u0932\u093e. ","startDuration":"2.0313","endDuration":"2.5055","wordfile":[{"path":"audios\/wordfile-67330007e5934.wav","mime":"audio\/x-wav","copyright":{"license":"U"}}]},{"text":" \u0924\u093f\u0928\u0947 ","startDuration":"2.7856","endDuration":"3.1179","wordfile":[{"path":"audios\/wordfile-673300268c9c2.wav","mime":"audio\/x-wav","copyright":{"license":"U"}}]},{"text":" \u092e\u0926\u0924 ","startDuration":"3.1180","endDuration":"3.4731","wordfile":[{"path":"audios\/wordfile-6733003fc4fd0.wav","mime":"audio\/x-wav","copyright":{"license":"U"}}]},{"text":" \u0915\u0930\u0923\u094d\u092f\u093e\u091a\u0947 ","startDuration":"3.4732","endDuration":"3.9484","wordfile":[{"path":"audios\/wordfile-673300552a7c3.wav","mime":"audio\/x-wav","copyright":{"license":"U"}}]},{"text":" \u0920\u0930\u0935\u0932\u0947. ","startDuration":"3.9585","endDuration":"4.4908","wordfile":[{"path":"audios\/wordfile-6733007926796.wav","mime":"audio\/x-wav","copyright":{"license":"U"}}]}],"files":[{"path":"audios\/files-6732ff918ce39.wav","mime":"audio\/x-wav","copyright":{"license":"U"}}]},"subContentId":"4b1740b5-f787-45de-bde7-f176f432522b","metadata":{"contentType":"Curious Reader Audio","license":"U","title":"Untitled Curious Reader Audio"}},"backgroundOpacity":0,"willDoAnimation":false,"animationType":"glow","displayAsButton":false,"buttonSize":"big","goToSlideType":"specified","invisible":false}],"slideBackgroundSelector":{}},{"elements":[{"x":42.27941176470588,"y":14.545454545454545,"width":55.44662309368192,"height":70.96774193548387,"action":{"library":"H5P.Image 1.1","params":{"contentName":"Image","file":{"path":"images\/file-6582fa0e7a729.jpg","mime":"image\/jpeg","copyright":{"license":"U"},"width":959,"height":687}},"subContentId":"3ccdf63e-a32d-4e4c-9b61-15b14f985b43","metadata":{"contentType":"Image","license":"U","title":"Untitled Image"}},"backgroundOpacity":0,"willDoAnimation":false,"animationType":"glow","displayAsButton":false,"buttonSize":"big","goToSlideType":"specified","invisible":false},{"x":3.731343283582089,"y":25.830258302583026,"width":40,"height":40,"action":{"library":"H5P.CRAdvancedText 1.1","params":{"text":"<p dir=\"ltr\" style=\"text-align: center;\"><span style=\"font-size:1.75em;\"><span style=\"color:#ffffff;\">\u0926\u094b\u0918\u093e\u0902\u0928\u0940 \u092e\u093f\u0933\u0942\u0928 \u090f\u0915 \u092e\u091c\u092c\u0942\u0924 \u0938\u093e\u092f\u0915\u0932 \u092c\u0928\u0935\u0932\u0940.<\/span><\/span><\/p>\n"},"subContentId":"593db92d-80ca-4922-a46d-9ed57765478e","metadata":{"contentType":"Text","license":"U","title":"Untitled Text"}},"alwaysDisplayComments":false,"backgroundOpacity":0,"willDoAnimation":false,"animationType":"glow","displayAsButton":false,"buttonSize":"big","goToSlideType":"specified","invisible":false,"solution":""},{"x":47.014925373134325,"y":43.91143911439114,"width":40,"height":40,"action":{"library":"H5P.CRAudio 1.4","params":{"fitToWrapper":true,"currIndex":12,"playerMode":"minimalistic","controls":true,"autoplay":true,"playAudio":"Play audio","pauseAudio":"Pause audio","contentName":"Audio","glowColor":"#ffd85a","timeStampForEachText":[{"text":" \u0926\u094b\u0918\u093e\u0902\u0928\u0940 ","startDuration":"0.4851","endDuration":"1.1185","wordfile":[{"path":"audios\/wordfile-67374ab993ccc.wav","mime":"audio\/x-wav","copyright":{"license":"U"}}]},{"text":" \u092e\u093f\u0933\u0942\u0928 ","startDuration":"1.1186","endDuration":"1.4598","wordfile":[{"path":"audios\/wordfile-673300c7a87e3.wav","mime":"audio\/x-wav","copyright":{"license":"U"}}]},{"text":" \u090f\u0915 ","startDuration":"1.4599","endDuration":"1.6865","wordfile":[{"path":"audios\/wordfile-673300d87498b.wav","mime":"audio\/x-wav","copyright":{"license":"U"}}]},{"text":" \u092e\u091c\u092c\u0942\u0924 ","startDuration":"1.6866","endDuration":"2.2783","wordfile":[{"path":"audios\/wordfile-673300e92e7fa.wav","mime":"audio\/x-wav","copyright":{"license":"U"}}]},{"text":" \u0938\u093e\u092f\u0915\u0932 ","startDuration":"2.2684","endDuration":"2.6588","wordfile":[{"path":"audios\/wordfile-673300f900546.wav","mime":"audio\/x-wav","copyright":{"license":"U"}}]},{"text":" \u092c\u0928\u0935\u0932\u0940. ","startDuration":"2.6589","endDuration":"3.1673","wordfile":[{"path":"audios\/wordfile-6733010b17b70.wav","mime":"audio\/x-wav","copyright":{"license":"U"}}]}],"files":[{"path":"audios\/files-673300a338b7c.wav","mime":"audio\/x-wav","copyright":{"license":"U"}}]},"subContentId":"99444248-7dc9-4d29-b0a1-288d9ccf67f3","metadata":{"contentType":"Curious Reader Audio","license":"U","title":"Untitled Curious Reader Audio"}},"backgroundOpacity":0,"willDoAnimation":false,"animationType":"glow","displayAsButton":false,"buttonSize":"big","goToSlideType":"specified","invisible":false},{"x":71.69117647058823,"y":54.69890909090908,"width":21.507352941176467,"height":30.181818181818183,"action":{"library":"H5P.Image 1.1","params":{"contentName":"Image"},"subContentId":"adb49ce2-8d0f-4c3b-8248-1d37858bd528","metadata":{"contentType":"Image","license":"U","title":"Untitled Image"}},"backgroundOpacity":0,"willDoAnimation":true,"animationType":"glow","displayAsButton":false,"buttonSize":"big","goToSlideType":"specified","invisible":false,"id":"img99444248-7dc9-4d29-b0a1-288d9ccf67f3_4"}],"slideBackgroundSelector":{}},{"elements":[{"x":3.2679738562091503,"y":4.301075268817204,"width":39.97821350762527,"height":95.69892473118279,"action":{"library":"H5P.Image 1.1","params":{"contentName":"Image","file":{"path":"images\/file-6582fa801b2bb.jpg","mime":"image\/jpeg","copyright":{"license":"U"},"width":639,"height":687}},"subContentId":"9be5a284-a001-40c0-9a7f-2116761d05e2","metadata":{"contentType":"Image","license":"U","title":"Untitled Image"}},"backgroundOpacity":0,"willDoAnimation":false,"animationType":"glow","displayAsButton":false,"buttonSize":"big","goToSlideType":"specified","invisible":false},{"x":44.11764705882353,"y":30.31250909090909,"width":55.330882352941174,"height":40,"action":{"library":"H5P.CRAdvancedText 1.1","params":{"text":"<p dir=\"ltr\" style=\"text-align: center;\"><span style=\"font-size:1.75em;\"><span style=\"color:#ffffff;\">\u091a\u093e\u0915\u0942 \u091c\u093f\u0915\u0921\u0947 \u091c\u093e\u092f\u091a\u093e \u0924\u093f\u0915\u0921\u0947 \u0938\u093e\u092f\u0915\u0932 \u092b\u093f\u0930\u0935\u093e\u092f\u091a\u093e.<\/span><\/span><\/p>\n"},"subContentId":"936ea689-fca6-4e29-9824-7b531547a589","metadata":{"contentType":"Text","license":"U","title":"Untitled Text"}},"alwaysDisplayComments":false,"backgroundOpacity":0,"willDoAnimation":false,"animationType":"glow","displayAsButton":false,"buttonSize":"big","goToSlideType":"specified","invisible":false,"solution":""},{"x":47.014925373134325,"y":43.91143911439114,"width":40,"height":40,"action":{"library":"H5P.CRAudio 1.4","params":{"fitToWrapper":true,"currIndex":13,"playerMode":"minimalistic","controls":true,"autoplay":true,"playAudio":"Play audio","pauseAudio":"Pause audio","contentName":"Audio","glowColor":"#ffd85a","timeStampForEachText":[{"text":" \u091a\u093e\u0915\u0942 ","startDuration":"0.1747","endDuration":"0.7237","wordfile":[{"path":"audios\/wordfile-673301452ab23.wav","mime":"audio\/x-wav","copyright":{"license":"U"}}]},{"text":" \u091c\u093f\u0915\u0921\u0947 ","startDuration":"0.7238","endDuration":"1.1069","wordfile":[{"path":"audios\/wordfile-6733015609881.wav","mime":"audio\/x-wav","copyright":{"license":"U"}}]},{"text":" \u091c\u093e\u092f\u091a\u093e ","startDuration":"1.1070","endDuration":"1.6170","wordfile":[{"path":"audios\/wordfile-6733016697026.wav","mime":"audio\/x-wav","copyright":{"license":"U"}}]},{"text":" \u0924\u093f\u0915\u0921\u0947 ","startDuration":"1.5849","endDuration":"1.9829","wordfile":[{"path":"audios\/wordfile-673301781199e.wav","mime":"audio\/x-wav","copyright":{"license":"U"}}]},{"text":" \u0938\u093e\u092f\u0915\u0932 ","startDuration":"1.9830","endDuration":"2.3995","wordfile":[{"path":"audios\/wordfile-673301881e031.wav","mime":"audio\/x-wav","copyright":{"license":"U"}}]},{"text":" \u092b\u093f\u0930\u0935\u093e\u092f\u091a\u093e. ","startDuration":"2.3996","endDuration":"3.0101","wordfile":[{"path":"audios\/wordfile-67330198e9de5.wav","mime":"audio\/x-wav","copyright":{"license":"U"}}]}],"files":[{"path":"audios\/files-67330130a2f01.wav","mime":"audio\/x-wav","copyright":{"license":"U"}}]},"subContentId":"dfdbb0a0-1624-48d9-a32b-44e88d36cd0a","metadata":{"contentType":"Curious Reader Audio","license":"U","title":"Untitled Curious Reader Audio"}},"backgroundOpacity":0,"willDoAnimation":false,"animationType":"glow","displayAsButton":false,"buttonSize":"big","goToSlideType":"specified","invisible":false},{"x":18.38235294117647,"y":40,"width":23.345588235294116,"height":40,"action":{"library":"H5P.Image 1.1","params":{"contentName":"Image"},"subContentId":"d0aa95dd-92e9-49fe-b8af-094cfd211728","metadata":{"contentType":"Image","license":"U","title":"Untitled Image"}},"backgroundOpacity":0,"willDoAnimation":true,"animationType":"glow","displayAsButton":false,"buttonSize":"big","goToSlideType":"specified","invisible":false,"id":"imgdfdbb0a0-1624-48d9-a32b-44e88d36cd0a_4"},{"x":18.38235294117647,"y":10.909090909090908,"width":17.830882352941174,"height":33.09090909090909,"action":{"library":"H5P.Image 1.1","params":{"contentName":"Image"},"subContentId":"532eeb51-36b3-4fda-9a5c-ef8555a5ee90","metadata":{"contentType":"Image","license":"U","title":"Untitled Image"}},"backgroundOpacity":0,"willDoAnimation":true,"animationType":"glow","displayAsButton":false,"buttonSize":"big","goToSlideType":"specified","invisible":false,"id":"imgdfdbb0a0-1624-48d9-a32b-44e88d36cd0a_0"}],"slideBackgroundSelector":{}},{"elements":[{"x":3.2679738562091503,"y":2.150537634408602,"width":39.97821350762527,"height":95.69892473118279,"action":{"library":"H5P.Image 1.1","params":{"contentName":"Image","file":{"path":"images\/file-6582fab2e8792.jpg","mime":"image\/jpeg","copyright":{"license":"U"},"width":479,"height":686}},"subContentId":"a5cc3ace-1cb3-4463-a4b8-cf993423732e","metadata":{"contentType":"Image","license":"U","title":"Untitled Image"}},"backgroundOpacity":0,"willDoAnimation":false,"animationType":"glow","displayAsButton":false,"buttonSize":"big","goToSlideType":"specified","invisible":false},{"x":44.642857142857146,"y":32.7455919395466,"width":51.02040816326531,"height":52.896725440806044,"action":{"library":"H5P.CRAdvancedText 1.1","params":{"text":"<p dir=\"ltr\" style=\"text-align: center;\"><span style=\"color:#ffffff;\"><span style=\"font-size:1.75em;\">\u092a\u0923 \u0924\u094b \u0906\u0923\u093f \u0932\u0940\u0932\u093e \u090f\u0915\u0924\u094d\u0930 \u0938\u093e\u092f\u0915\u0932 \u091a\u093e\u0932\u0935\u093e\u092f\u091a\u0947 \u0924\u094b \u0924\u094d\u092f\u093e\u091a\u093e \u0906\u0935\u0921\u0924\u093e \u0935\u0947\u0933 \u0939\u094b\u0924\u093e.<\/span><\/span><\/p>\n"},"subContentId":"d153d157-4df3-43a2-bd6f-b4ff096d12a1","metadata":{"contentType":"Text","license":"U","title":"Untitled Text"}},"alwaysDisplayComments":false,"backgroundOpacity":0,"willDoAnimation":false,"animationType":"glow","displayAsButton":false,"buttonSize":"big","goToSlideType":"specified","invisible":false,"solution":""},{"x":47.014925373134325,"y":43.91143911439114,"width":40,"height":40,"action":{"library":"H5P.CRAudio 1.4","params":{"fitToWrapper":true,"currIndex":14,"playerMode":"minimalistic","controls":true,"autoplay":true,"playAudio":"Play audio","pauseAudio":"Pause audio","contentName":"Audio","glowColor":"#ffd85a","timeStampForEachText":[{"text":" \u092a\u0923 ","startDuration":"0.3182","endDuration":"0.6465","wordfile":[{"path":"audios\/wordfile-673301f95e41e.wav","mime":"audio\/x-wav","copyright":{"license":"U"}}]},{"text":" \u0924\u094b ","startDuration":"0.6475","endDuration":"0.9299","wordfile":[{"path":"audios\/wordfile-67330208b7907.wav","mime":"audio\/x-wav","copyright":{"license":"U"}}]},{"text":" \u0906\u0923\u093f ","startDuration":"0.9300","endDuration":"1.1237","wordfile":[{"path":"audios\/wordfile-6733021b87a98.wav","mime":"audio\/x-wav","copyright":{"license":"U"}}]},{"text":" \u0932\u0940\u0932\u093e ","startDuration":"1.1238","endDuration":"1.6197","wordfile":[{"path":"audios\/wordfile-6733022bb8cd8.wav","mime":"audio\/x-wav","copyright":{"license":"U"}}]},{"text":" \u090f\u0915\u0924\u094d\u0930 ","startDuration":"1.6197","endDuration":"2.1694","wordfile":[{"path":"audios\/wordfile-67330248eb98f.wav","mime":"audio\/x-wav","copyright":{"license":"U"}}]},{"text":" \u0938\u093e\u092f\u0915\u0932 ","startDuration":"2.1695","endDuration":"2.6325","wordfile":[{"path":"audios\/wordfile-67330259dcd28.wav","mime":"audio\/x-wav","copyright":{"license":"U"}}]},{"text":" \u091a\u093e\u0932\u0935\u093e\u092f\u091a\u0947 ","startDuration":"2.6325","endDuration":"3.2863","wordfile":[{"path":"audios\/wordfile-67330270435de.wav","mime":"audio\/x-wav","copyright":{"license":"U"}}]},{"text":" \u0924\u094b ","startDuration":"3.6811","endDuration":"3.9147","wordfile":[{"path":"audios\/wordfile-673302802e23c.wav","mime":"audio\/x-wav","copyright":{"license":"U"}}]},{"text":" \u0924\u094d\u092f\u093e\u091a\u093e ","startDuration":"3.9148","endDuration":"4.3134","wordfile":[{"path":"audios\/wordfile-67330290445bc.wav","mime":"audio\/x-wav","copyright":{"license":"U"}}]},{"text":" \u0906\u0935\u0921\u0924\u093e ","startDuration":"4.3135","endDuration":"4.8329","wordfile":[{"path":"audios\/wordfile-6733029fb71ab.wav","mime":"audio\/x-wav","copyright":{"license":"U"}}]},{"text":" \u0935\u0947\u0933 ","startDuration":"4.8330","endDuration":"5.0720","wordfile":[{"path":"audios\/wordfile-673302af8c04d.wav","mime":"audio\/x-wav","copyright":{"license":"U"}}]},{"text":" \u0939\u094b\u0924\u093e. ","startDuration":"5.0721","endDuration":"5.4723","wordfile":[{"path":"audios\/wordfile-673302c1daaab.wav","mime":"audio\/x-wav","copyright":{"license":"U"}}]}],"files":[{"path":"audios\/files-673301bf1333d.wav","mime":"audio\/x-wav","copyright":{"license":"U"}}]},"subContentId":"ac366c44-f6b1-4ca5-b6dd-dcc041354f38","metadata":{"contentType":"Curious Reader Audio","license":"U","title":"Untitled Curious Reader Audio"}},"backgroundOpacity":0,"willDoAnimation":false,"animationType":"glow","displayAsButton":false,"buttonSize":"big","goToSlideType":"specified","invisible":false},{"x":11.029411764705882,"y":21.880690909090912,"width":15.992647058823529,"height":46.18181818181818,"action":{"library":"H5P.Image 1.1","params":{"contentName":"Image"},"subContentId":"8828ea49-c373-4186-af55-58a7b0860b5e","metadata":{"contentType":"Image","license":"U","title":"Untitled Image"}},"backgroundOpacity":0,"willDoAnimation":true,"animationType":"glow","displayAsButton":false,"buttonSize":"big","goToSlideType":"specified","invisible":false,"id":"imgac366c44-f6b1-4ca5-b6dd-dcc041354f38_3"},{"x":25.735294117647058,"y":18.181818181818183,"width":12.316176470588234,"height":40,"action":{"library":"H5P.Image 1.1","params":{"contentName":"Image"},"subContentId":"d1a98da3-cbd5-45c8-a363-94a4a0afe378","metadata":{"contentType":"Image","license":"U","title":"Untitled Image"}},"backgroundOpacity":0,"willDoAnimation":true,"animationType":"glow","displayAsButton":false,"buttonSize":"big","goToSlideType":"specified","invisible":false,"id":"imgac366c44-f6b1-4ca5-b6dd-dcc041354f38_8"}],"slideBackgroundSelector":{}},{"elements":[{"x":5.446623093681917,"y":6.451612903225806,"width":19.607843137254903,"height":19.569892473118276,"action":{"library":"H5P.Image 1.1","params":{"contentName":"Image","file":{"path":"images\/file-6582faf97f388.png","mime":"image\/png","copyright":{"license":"U"},"width":1350,"height":487}},"subContentId":"adef2565-9d0b-433d-8139-92e610ba9372","metadata":{"contentType":"Image","license":"U","title":"Untitled Image"}},"backgroundOpacity":0,"willDoAnimation":false,"animationType":"glow","displayAsButton":false,"buttonSize":"big","goToSlideType":"specified","invisible":false},{"x":29.411764705882355,"y":6.4415268817204305,"width":19.607843137254903,"height":19.569892473118276,"action":{"library":"H5P.Image 1.1","params":{"contentName":"Image","file":{"path":"images\/file-6582fb0bd1481.png","mime":"image\/png","copyright":{"license":"U"},"width":814,"height":202}},"subContentId":"abaea07c-8ccf-4f94-9c73-5c3fad74e8b6","metadata":{"contentType":"Image","license":"U","title":"Untitled Image"}},"backgroundOpacity":0,"willDoAnimation":false,"animationType":"glow","displayAsButton":false,"buttonSize":"big","goToSlideType":"specified","invisible":false},{"x":53.37690631808279,"y":8.602150537634408,"width":39.97821350762527,"height":15.053763440860214,"action":{"library":"H5P.Image 1.1","params":{"contentName":"Image","file":{"path":"images\/file-6582fb223475c.jpg","mime":"image\/jpeg","copyright":{"license":"U"},"width":1732,"height":354}},"subContentId":"1e6de0e9-af4d-4212-be76-2db4139d5fc6","metadata":{"contentType":"Image","license":"U","title":"Untitled Image"}},"backgroundOpacity":0,"willDoAnimation":false,"animationType":"glow","displayAsButton":false,"buttonSize":"big","goToSlideType":"specified","invisible":false},{"x":3.826530612244898,"y":32.7455919395466,"width":93.68191721132898,"height":64.51612903225806,"action":{"library":"H5P.CRAdvancedText 1.1","params":{"text":"<h3 style=\"text-align: center;\">\u201c\u091a\u093e\u0915\u0942 \u091a\u0940 \u0938\u093e\u092f\u0915\u0932\u201d credits<br>\nThis work, \u201c\u091a\u093e\u0915\u0942 \u091a\u0940 \u0938\u093e\u092f\u0915\u0932\u201d is a derivative of Chaku's Cycleis translated byAlisha Berger. The \u00a9 for this translation lies with Room to Read, 2016. Some rights reserved. Released under CC BY 4.0 license.Based on Original story:'Baiskeli ya Chaku', byUpendo Maria. \u00a9 Room to Read , 2016. Some rights reserved.<\/h3>\n\n<h3 style=\"text-align: center;\">\u201c\u091a\u093e\u0915\u0942 \u091a\u0940 \u0938\u093e\u092f\u0915\u0932\u201d is licensed under CC BY 4.0 by Curious Learning.<\/h3>\n\n<h3 style=\"text-align: center;\">Book builder - Abraham Jerry Kakooza<\/h3>\n"},"subContentId":"73649e64-c7ea-491d-8d78-f2ad67dcfe51","metadata":{"contentType":"Text","license":"U","title":"Untitled Text"}},"alwaysDisplayComments":false,"backgroundOpacity":0,"willDoAnimation":false,"animationType":"glow","displayAsButton":false,"buttonSize":"big","goToSlideType":"specified","invisible":false,"solution":""}],"slideBackgroundSelector":{}}],"keywordListEnabled":true,"globalBackgroundSelector":{},"keywordListAlwaysShow":false,"keywordListAutoHide":false,"keywordListOpacity":90},"override":{"activeSurface":false,"hideSummarySlide":false,"summarySlideSolutionButton":true,"summarySlideRetryButton":true,"enablePrintButton":false,"social":{"showFacebookShare":false,"facebookShare":{"url":"@currentpageurl","quote":"I scored @score out of @maxScore on a task at @currentpageurl."},"showTwitterShare":false,"twitterShare":{"statement":"I scored @score out of @maxScore on a task at @currentpageurl.","url":"@currentpageurl","hashtags":"h5p, course"},"showGoogleShare":false,"googleShareUrl":"@currentpageurl"}},"l10n":{"slide":"Slide","score":"Score","yourScore":"Your Score","maxScore":"Max Score","total":"Total","totalScore":"Total Score","showSolutions":"Show solutions","retry":"Retry","exportAnswers":"Export text","hideKeywords":"Hide sidebar navigation menu","showKeywords":"Show sidebar navigation menu","fullscreen":"Fullscreen","exitFullscreen":"Exit fullscreen","prevSlide":"Previous slide","nextSlide":"Next slide","currentSlide":"Current slide","lastSlide":"Last slide","solutionModeTitle":"Exit solution mode","solutionModeText":"Solution Mode","summaryMultipleTaskText":"Multiple tasks","scoreMessage":"You achieved:","shareFacebook":"Share on Facebook","shareTwitter":"Share on Twitter","shareGoogle":"Share on Google+","summary":"Summary","solutionsButtonTitle":"Show comments","printTitle":"Print","printIngress":"How would you like to print this presentation?","printAllSlides":"Print all slides","printCurrentSlide":"Print current slide","noTitle":"No title","accessibilitySlideNavigationExplanation":"Use left and right arrow to change slide in that direction whenever canvas is selected.","accessibilityCanvasLabel":"Presentation canvas. Use left and right arrow to move between slides.","containsNotCompleted":"@slideName contains not completed interaction","containsCompleted":"@slideName contains completed interaction","slideCount":"Slide @index of @total","containsOnlyCorrect":"@slideName only has correct answers","containsIncorrectAnswers":"@slideName has incorrect answers","shareResult":"Share Result","accessibilityTotalScore":"You got @score of @maxScore points in total","accessibilityEnteredFullscreen":"Entered fullscreen","accessibilityExitedFullscreen":"Exited fullscreen"}}