{"presentation":{"slides":[{"elements":[{"x":16.338997821350763,"y":0,"width":70.1525054466231,"height":79.56989247311827,"action":{"library":"H5P.Image 1.1","params":{"contentName":"Image","file":{"path":"images\/file-65789116ed4b7.jpg","mime":"image\/jpeg","copyright":{"license":"U"},"width":1024,"height":490}},"subContentId":"4ee28616-8931-4205-be08-3db96ae318ac","metadata":{"contentType":"Image","license":"U","title":"Untitled Image"}},"backgroundOpacity":0,"willDoAnimation":false,"animationType":"glow","displayAsButton":false,"buttonSize":"big","goToSlideType":"specified","invisible":false},{"x":10.893246187363834,"y":83.87096774193547,"width":75.25510204081633,"height":14.86146095717884,"action":{"library":"H5P.CRAdvancedText 1.1","params":{"text":"<h2 style=\"text-align: center;\"><span style=\"font-size:1.75em;\">\u0425\u0442\u043e \u043c\u043e\u0436\u0435 \u043c\u0435\u043d\u0456 \u0434\u043e\u043f\u043e\u043c\u043e\u0433\u0442\u0438?<\/span><\/h2>\n"},"subContentId":"30f4974f-66cd-47ee-855f-91af13c9e543","metadata":{"contentType":"Text","license":"U","title":"Untitled Text"}},"alwaysDisplayComments":false,"backgroundOpacity":0,"willDoAnimation":false,"animationType":"glow","displayAsButton":false,"buttonSize":"big","goToSlideType":"specified","invisible":false,"solution":""}],"slideBackgroundSelector":{}},{"elements":[{"x":6.377551020408164,"y":2.5188916876574305,"width":40.05102040816327,"height":92.4433249370277,"action":{"library":"H5P.Image 1.1","params":{"contentName":"Image","file":{"path":"images\/file-657891ce69d36.jpg","mime":"image\/jpeg","copyright":{"license":"U"},"width":1024,"height":1104}},"subContentId":"a8bbbdc6-fd56-4c0a-be57-a277b023598e","metadata":{"contentType":"Image","license":"U","title":"Untitled Image"}},"backgroundOpacity":0,"willDoAnimation":false,"animationType":"glow","displayAsButton":false,"buttonSize":"big","goToSlideType":"specified","invisible":false},{"x":48.46938775510204,"y":37.76372795969773,"width":45.1530612244898,"height":40.050377833753146,"action":{"library":"H5P.CRAdvancedText 1.1","params":{"text":"<p style=\"text-align: center;\"><span style=\"font-size:2.25em;\"><span style=\"color:#ffffff;\">\u042f \u0445\u043e\u0447\u0443 \u043f\u0440\u043e\u0447\u0438\u0442\u0430\u0442\u0438 \u043a\u043d\u0438\u0433\u0443.<\/span><\/span><\/p>\n"},"subContentId":"c8b60310-4941-42a1-8058-950e9d33749c","metadata":{"contentType":"Text","license":"U","title":"Untitled Text"}},"alwaysDisplayComments":false,"backgroundOpacity":0,"willDoAnimation":false,"animationType":"glow","displayAsButton":false,"buttonSize":"big","goToSlideType":"specified","invisible":false,"solution":""},{"x":47.00255102040816,"y":43.95465994962216,"width":40,"height":40,"action":{"library":"H5P.CRAudio 1.4","params":{"fitToWrapper":true,"currIndex":1,"playerMode":"minimalistic","controls":true,"autoplay":true,"playAudio":"Play audio","pauseAudio":"Pause audio","contentName":"Audio","glowColor":"#ffd85a","timeStampForEachText":[{"text":" \u042f ","startDuration":"0.0000","endDuration":"0.3380","wordfile":[{"path":"audios\/wordfile-657899f462e84.wav","mime":"audio\/x-wav","copyright":{"license":"U"}}]},{"text":" \u0445\u043e\u0447\u0443 ","startDuration":"0.3316","endDuration":"0.8232","wordfile":[{"path":"audios\/wordfile-65789a508cf6c.wav","mime":"audio\/x-wav","copyright":{"license":"U"}}]},{"text":" \u043f\u0440\u043e\u0447\u0438\u0442\u0430\u0442\u0438 ","startDuration":"0.8242","endDuration":"1.5671","wordfile":[{"path":"audios\/wordfile-65789a70882d2.wav","mime":"audio\/x-wav","copyright":{"license":"U"}}]},{"text":" \u043a\u043d\u0438\u0433\u0443. ","startDuration":"1.5681","endDuration":"2.3238","wordfile":[{"path":"audios\/wordfile-65789a960ffb4.wav","mime":"audio\/x-wav","copyright":{"license":"U"}}]}],"files":[{"path":"audios\/files-65789947b32d3.wav","mime":"audio\/x-wav","copyright":{"license":"U"}}]},"subContentId":"99ab250a-9b25-44bb-9952-73ba0613bed6","metadata":{"contentType":"Curious Reader Audio","license":"U","title":"Untitled Curious Reader Audio"}},"backgroundOpacity":0,"willDoAnimation":false,"animationType":"glow","displayAsButton":false,"buttonSize":"big","goToSlideType":"specified","invisible":false},{"x":6.377551020408164,"y":7.556675062972292,"width":26.403061224489797,"height":77.32997481108312,"action":{"library":"H5P.Image 1.1","params":{"contentName":"Image"},"subContentId":"54c24e6f-6a07-4580-b46b-5f1c66ca2288","metadata":{"contentType":"Image","license":"U","title":"Untitled Image"}},"backgroundOpacity":0,"willDoAnimation":true,"animationType":"glow","displayAsButton":false,"buttonSize":"big","goToSlideType":"specified","invisible":false,"id":"img99ab250a-9b25-44bb-9952-73ba0613bed6_0"}],"slideBackgroundSelector":{}},{"elements":[{"x":6.377551020408164,"y":5.037783375314861,"width":44.642857142857146,"height":89.92443324937027,"action":{"library":"H5P.Image 1.1","params":{"contentName":"Image","file":{"path":"images\/file-65789225cad34.jpg","mime":"image\/jpeg","copyright":{"license":"U"},"width":1024,"height":735}},"subContentId":"f6250ed8-6f7a-4f43-b90c-24ca52d0e0e7","metadata":{"contentType":"Image","license":"U","title":"Untitled Image"}},"backgroundOpacity":0,"willDoAnimation":false,"animationType":"glow","displayAsButton":false,"buttonSize":"big","goToSlideType":"specified","invisible":false},{"x":54.8469387755102,"y":40.30226700251889,"width":40,"height":40,"action":{"library":"H5P.CRAdvancedText 1.1","params":{"text":"<p style=\"text-align: center;\"><span style=\"color:#ffffff;\"><span style=\"font-size:2.25em;\">\u0423 \u043c\u0435\u043d\u0435 \u043d\u0435\u043c\u0430\u0454 \u043a\u043d\u0438\u0433\u0438.<\/span><\/span><\/p>\n"},"subContentId":"5c66f369-498f-4040-837a-8ce79ef694eb","metadata":{"contentType":"Text","license":"U","title":"Untitled Text"}},"alwaysDisplayComments":false,"backgroundOpacity":0,"willDoAnimation":false,"animationType":"glow","displayAsButton":false,"buttonSize":"big","goToSlideType":"specified","invisible":false,"solution":""},{"x":47.00255102040816,"y":43.95465994962216,"width":40,"height":40,"action":{"library":"H5P.CRAudio 1.4","params":{"fitToWrapper":true,"currIndex":2,"playerMode":"minimalistic","controls":true,"autoplay":true,"playAudio":"Play audio","pauseAudio":"Pause audio","contentName":"Audio","glowColor":"#ffd85a","timeStampForEachText":[{"text":" \u0423 ","startDuration":"0.0000","endDuration":"0.2529","wordfile":[{"path":"audios\/wordfile-65789bb2dc131.wav","mime":"audio\/x-wav","copyright":{"license":"U"}}]},{"text":" \u043c\u0435\u043d\u0435 ","startDuration":"0.2539","endDuration":"0.7435","wordfile":[{"path":"audios\/wordfile-65789bce31d3b.wav","mime":"audio\/x-wav","copyright":{"license":"U"}}]},{"text":" \u043d\u0435\u043c\u0430\u0454 ","startDuration":"0.7445","endDuration":"1.5456","wordfile":[{"path":"audios\/wordfile-65789befc9af0.wav","mime":"audio\/x-wav","copyright":{"license":"U"}}]},{"text":" \u043a\u043d\u0438\u0433\u0438. ","startDuration":"1.5466","endDuration":"2.1951","wordfile":[{"path":"audios\/wordfile-65789c0c240f2.wav","mime":"audio\/x-wav","copyright":{"license":"U"}}]}],"files":[{"path":"audios\/files-65789b93ce833.wav","mime":"audio\/x-wav","copyright":{"license":"U"}}]},"subContentId":"6fecd4a4-c615-4a68-9d63-7b7fee78423e","metadata":{"contentType":"Curious Reader Audio","license":"U","title":"Untitled Curious Reader Audio"}},"backgroundOpacity":0,"willDoAnimation":false,"animationType":"glow","displayAsButton":false,"buttonSize":"big","goToSlideType":"specified","invisible":false},{"x":6.377551020408164,"y":25.188916876574307,"width":23.852040816326532,"height":57.178841309823675,"action":{"library":"H5P.Image 1.1","params":{"contentName":"Image"},"subContentId":"aee7c30f-55c3-4adc-9903-66af2f6e6d47","metadata":{"contentType":"Image","license":"U","title":"Untitled Image"}},"backgroundOpacity":0,"willDoAnimation":true,"animationType":"glow","displayAsButton":false,"buttonSize":"big","goToSlideType":"specified","invisible":false,"id":"img6fecd4a4-c615-4a68-9d63-7b7fee78423e_0"}],"slideBackgroundSelector":{}},{"elements":[{"x":6.377551020408164,"y":5.037783375314861,"width":40.05102040816327,"height":92.4433249370277,"action":{"library":"H5P.Image 1.1","params":{"contentName":"Image","file":{"path":"images\/file-657892de5ad39.jpg","mime":"image\/jpeg","copyright":{"license":"U"},"width":1024,"height":1104}},"subContentId":"6902dea4-056c-49af-87e4-dfc9b37a09cc","metadata":{"contentType":"Image","license":"U","title":"Untitled Image"}},"backgroundOpacity":0,"willDoAnimation":false,"animationType":"glow","displayAsButton":false,"buttonSize":"big","goToSlideType":"specified","invisible":false},{"x":48.46938775510204,"y":32.71612090680101,"width":46.42857142857143,"height":52.896725440806044,"action":{"library":"H5P.CRAdvancedText 1.1","params":{"text":"<p style=\"text-align: center;\"><span style=\"color:#ffffff;\"><span style=\"font-size:2.25em;\">\u042f \u043c\u0430\u043b\u044e\u044e, \u0430 \u0442\u0430\u0442\u043e \u0434\u043e\u043f\u043e\u043c\u0430\u0433\u0430\u0454 \u043c\u0430\u043b\u044e\u0432\u0430\u0442\u0438 \u043a\u0430\u0440\u0442\u0438\u043d\u0443.<\/span><\/span><\/p>\n"},"subContentId":"110db345-7be9-49e9-b922-26cd7f6d4c23","metadata":{"contentType":"Text","license":"U","title":"Untitled Text"}},"alwaysDisplayComments":false,"backgroundOpacity":0,"willDoAnimation":false,"animationType":"glow","displayAsButton":false,"buttonSize":"big","goToSlideType":"specified","invisible":false,"solution":""},{"x":47.00255102040816,"y":43.95465994962216,"width":40,"height":40,"action":{"library":"H5P.CRAudio 1.4","params":{"fitToWrapper":true,"currIndex":3,"playerMode":"minimalistic","controls":true,"autoplay":true,"playAudio":"Play audio","pauseAudio":"Pause audio","contentName":"Audio","glowColor":"#ffd85a","timeStampForEachText":[{"text":" \u042f ","startDuration":"0.0000","endDuration":"0.4236","wordfile":[{"path":"audios\/wordfile-6579cb59e783d.wav","mime":"audio\/x-wav","copyright":{"license":"U"}}]},{"text":" \u043c\u0430\u043b\u044e\u044e, ","startDuration":"0.4246","endDuration":"1.1190","wordfile":[{"path":"audios\/wordfile-6579cb7253ac0.wav","mime":"audio\/x-wav","copyright":{"license":"U"}}]},{"text":" \u0430 ","startDuration":"1.3260","endDuration":"1.5436","wordfile":[{"path":"audios\/wordfile-6579cb8daf1e3.wav","mime":"audio\/x-wav","copyright":{"license":"U"}}]},{"text":" \u0442\u0430\u0442\u043e ","startDuration":"1.5446","endDuration":"1.9447","wordfile":[{"path":"audios\/wordfile-6579cbadd4f18.wav","mime":"audio\/x-wav","copyright":{"license":"U"}}]},{"text":" \u0434\u043e\u043f\u043e\u043c\u0430\u0433\u0430\u0454 ","startDuration":"1.9457","endDuration":"2.8461","wordfile":[{"path":"audios\/wordfile-6579cbfb9c6a1.wav","mime":"audio\/x-wav","copyright":{"license":"U"}}]},{"text":" \u043c\u0430\u043b\u044e\u0432\u0430\u0442\u0438 ","startDuration":"2.8471","endDuration":"3.5709","wordfile":[{"path":"audios\/wordfile-6579cc132c69c.wav","mime":"audio\/x-wav","copyright":{"license":"U"}}]},{"text":" \u043a\u0430\u0440\u0442\u0438\u043d\u0443. ","startDuration":"3.5719","endDuration":"4.3428","wordfile":[{"path":"audios\/wordfile-6579cc34e5c10.wav","mime":"audio\/x-wav","copyright":{"license":"U"}}]}],"files":[{"path":"audios\/files-6579cb3e24ecd.wav","mime":"audio\/x-wav","copyright":{"license":"U"}}]},"subContentId":"ad3f58f7-0347-420b-98f5-db5c0973b2ed","metadata":{"contentType":"Curious Reader Audio","license":"U","title":"Untitled Curious Reader Audio"}},"backgroundOpacity":0,"willDoAnimation":false,"animationType":"glow","displayAsButton":false,"buttonSize":"big","goToSlideType":"specified","invisible":false},{"x":6.377551020408164,"y":20.139319899244335,"width":14.923469387755102,"height":40.050377833753146,"action":{"library":"H5P.Image 1.1","params":{"contentName":"Image"},"subContentId":"50039eb5-6a2d-4255-9099-c5e7078c92b7","metadata":{"contentType":"Image","license":"U","title":"Untitled Image"}},"backgroundOpacity":0,"willDoAnimation":true,"animationType":"glow","displayAsButton":false,"buttonSize":"big","goToSlideType":"specified","invisible":false,"id":"imgad3f58f7-0347-420b-98f5-db5c0973b2ed_0"},{"x":25.510204081632654,"y":15.097607052896725,"width":21.301020408163264,"height":67.2544080604534,"action":{"library":"H5P.Image 1.1","params":{"contentName":"Image"},"subContentId":"92ed3334-0001-48c5-9a10-380320b09bda","metadata":{"contentType":"Image","license":"U","title":"Untitled Image"}},"backgroundOpacity":0,"willDoAnimation":true,"animationType":"glow","displayAsButton":false,"buttonSize":"big","goToSlideType":"specified","invisible":false,"id":"imgad3f58f7-0347-420b-98f5-db5c0973b2ed_3"},{"x":20.408163265306122,"y":35.254659949622166,"width":13.64795918367347,"height":24.43324937027708,"action":{"library":"H5P.Image 1.1","params":{"contentName":"Image"},"subContentId":"2a6ae4de-1034-4234-a9ee-b238940b6ebb","metadata":{"contentType":"Image","license":"U","title":"Untitled Image"}},"backgroundOpacity":0,"willDoAnimation":true,"animationType":"glow","displayAsButton":false,"buttonSize":"big","goToSlideType":"specified","invisible":false,"id":"imgad3f58f7-0347-420b-98f5-db5c0973b2ed_5"}],"slideBackgroundSelector":{}},{"elements":[{"x":6.377551020408164,"y":2.5188916876574305,"width":40.05102040816327,"height":94.96221662468514,"action":{"library":"H5P.Image 1.1","params":{"contentName":"Image","file":{"path":"images\/file-65789326ca3ab.jpg","mime":"image\/jpeg","copyright":{"license":"U"},"width":1024,"height":1104}},"subContentId":"ef6624fb-b891-46ac-bb67-51707b0775e2","metadata":{"contentType":"Image","license":"U","title":"Untitled Image"}},"backgroundOpacity":0,"willDoAnimation":false,"animationType":"glow","displayAsButton":false,"buttonSize":"big","goToSlideType":"specified","invisible":false},{"x":47.19387755102041,"y":30.21108312342569,"width":51.02040816326531,"height":62.97229219143576,"action":{"library":"H5P.CRAdvancedText 1.1","params":{"text":"<p dir=\"ltr\" style=\"text-align: center;\"><span style=\"color:#ffffff;\"><span style=\"font-size:2.25em;\">\u042f \u043c\u0430\u043b\u044e\u044e \u043a\u0430\u0440\u0442\u0438\u043d\u0443, \u0430 \u043c\u0430\u043c\u0430 \u0434\u043e\u043f\u043e\u043c\u0430\u0433\u0430\u0454 \u0432\u0438\u0440\u0456\u0437\u0430\u0442\u0438 \u043a\u0430\u0440\u0442\u0438\u043d\u0443.<\/span><\/span><\/p>\n"},"subContentId":"d1d2a237-2c98-411e-b99f-ae0b08544f58","metadata":{"contentType":"Text","license":"U","title":"Untitled Text"}},"alwaysDisplayComments":false,"backgroundOpacity":0,"willDoAnimation":false,"animationType":"glow","displayAsButton":false,"buttonSize":"big","goToSlideType":"specified","invisible":false,"solution":""},{"x":47.00255102040816,"y":43.95465994962216,"width":40,"height":40,"action":{"library":"H5P.CRAudio 1.4","params":{"fitToWrapper":true,"currIndex":4,"playerMode":"minimalistic","controls":true,"autoplay":true,"playAudio":"Play audio","pauseAudio":"Pause audio","contentName":"Audio","glowColor":"#ffd85a","timeStampForEachText":[{"text":" \u042f ","startDuration":"0.0000","endDuration":"0.4316","wordfile":[{"path":"audios\/wordfile-6579cc6c86c40.wav","mime":"audio\/x-wav","copyright":{"license":"U"}}]},{"text":" \u043c\u0430\u043b\u044e\u044e ","startDuration":"0.4326","endDuration":"0.9736","wordfile":[{"path":"audios\/wordfile-6579cc848fcda.wav","mime":"audio\/x-wav","copyright":{"license":"U"}}]},{"text":" \u043a\u0430\u0440\u0442\u0438\u043d\u0443, ","startDuration":"0.9746","endDuration":"1.7279","wordfile":[{"path":"audios\/wordfile-6579ccaa81801.wav","mime":"audio\/x-wav","copyright":{"license":"U"}}]},{"text":" \u0430 ","startDuration":"1.7289","endDuration":"1.9739","wordfile":[{"path":"audios\/wordfile-6579ccc4425fd.wav","mime":"audio\/x-wav","copyright":{"license":"U"}}]},{"text":" \u043c\u0430\u043c\u0430 ","startDuration":"1.9749","endDuration":"2.4387","wordfile":[{"path":"audios\/wordfile-6579ccda857b9.wav","mime":"audio\/x-wav","copyright":{"license":"U"}}]},{"text":" \u0434\u043e\u043f\u043e\u043c\u0430\u0433\u0430\u0454 ","startDuration":"2.4397","endDuration":"3.2830","wordfile":[{"path":"audios\/wordfile-6579ccfbca9a5.wav","mime":"audio\/x-wav","copyright":{"license":"U"}}]},{"text":" \u0432\u0438\u0440\u0456\u0437\u0430\u0442\u0438 ","startDuration":"3.2840","endDuration":"4.0244","wordfile":[{"path":"audios\/wordfile-6579cd22cdc0a.wav","mime":"audio\/x-wav","copyright":{"license":"U"}}]},{"text":" \u043a\u0430\u0440\u0442\u0438\u043d\u0443. ","startDuration":"4.0254","endDuration":"4.7594","wordfile":[{"path":"audios\/wordfile-6579cd425028e.wav","mime":"audio\/x-wav","copyright":{"license":"U"}}]}],"files":[{"path":"audios\/files-6579cc58b0f17.wav","mime":"audio\/x-wav","copyright":{"license":"U"}}]},"subContentId":"58f4d3c1-1500-4d27-b2ec-6722e7135dfc","metadata":{"contentType":"Curious Reader Audio","license":"U","title":"Untitled Curious Reader Audio"}},"backgroundOpacity":0,"willDoAnimation":false,"animationType":"glow","displayAsButton":false,"buttonSize":"big","goToSlideType":"specified","invisible":false},{"x":29.336734693877553,"y":25.17317380352645,"width":12.372448979591837,"height":34.5088161209068,"action":{"library":"H5P.Image 1.1","params":{"contentName":"Image"},"subContentId":"db1bd4d9-38d1-4d98-b77a-a423347fddf1","metadata":{"contentType":"Image","license":"U","title":"Untitled Image"}},"backgroundOpacity":0,"willDoAnimation":true,"animationType":"glow","displayAsButton":false,"buttonSize":"big","goToSlideType":"specified","invisible":false,"id":"img58f4d3c1-1500-4d27-b2ec-6722e7135dfc_0"},{"x":7.653061224489796,"y":10.075566750629722,"width":17.474489795918366,"height":40.050377833753146,"action":{"library":"H5P.Image 1.1","params":{"contentName":"Image"},"subContentId":"09e9dc6c-67f1-410b-ab5a-0d00dab2a757","metadata":{"contentType":"Image","license":"U","title":"Untitled Image"}},"backgroundOpacity":0,"willDoAnimation":true,"animationType":"glow","displayAsButton":false,"buttonSize":"big","goToSlideType":"specified","invisible":false,"id":"img58f4d3c1-1500-4d27-b2ec-6722e7135dfc_4"},{"x":14.030612244897958,"y":25.17317380352645,"width":14.923469387755102,"height":16.876574307304786,"action":{"library":"H5P.Image 1.1","params":{"contentName":"Image"},"subContentId":"b53afef6-13b0-4de8-afb6-22b08e7dc4c6","metadata":{"contentType":"Image","license":"U","title":"Untitled Image"}},"backgroundOpacity":0,"willDoAnimation":true,"animationType":"glow","displayAsButton":false,"buttonSize":"big","goToSlideType":"specified","invisible":false,"id":"img58f4d3c1-1500-4d27-b2ec-6722e7135dfc_6"}],"slideBackgroundSelector":{}},{"elements":[{"x":5.1020408163265305,"y":2.5188916876574305,"width":42.09183673469388,"height":94.96221662468514,"action":{"library":"H5P.Image 1.1","params":{"contentName":"Image","file":{"path":"images\/file-6578937a365f7.jpg","mime":"image\/jpeg","copyright":{"license":"U"},"width":1024,"height":1104}},"subContentId":"62e2ba8e-9dfd-4edb-80cc-2aa08fc67e3c","metadata":{"contentType":"Image","license":"U","title":"Untitled Image"}},"backgroundOpacity":0,"willDoAnimation":false,"animationType":"glow","displayAsButton":false,"buttonSize":"big","goToSlideType":"specified","invisible":false},{"x":48.46938775510204,"y":22.670025188916874,"width":47.19387755102041,"height":60.45340050377833,"action":{"library":"H5P.CRAdvancedText 1.1","params":{"text":"<p style=\"text-align: center;\"><span style=\"color:#ffffff;\"><span style=\"font-size:2.25em;\">\u042f \u0432\u0438\u0440\u0456\u0437\u0430\u044e \u043a\u0430\u0440\u0442\u0438\u043d\u0443, \u0430 \u0431\u0430\u0431\u0443\u0441\u044f \u0434\u043e\u043f\u043e\u043c\u0430\u0433\u0430\u0454 \u0441\u043a\u043b\u0435\u044e\u0432\u0430\u0442\u0438 \u043a\u0430\u0440\u0442\u0438\u043d\u0443.<\/span><\/span><\/p>\n"},"subContentId":"1de95193-2ff4-479b-bda0-c02d7e4b3b6d","metadata":{"contentType":"Text","license":"U","title":"Untitled Text"}},"alwaysDisplayComments":false,"backgroundOpacity":0,"willDoAnimation":false,"animationType":"glow","displayAsButton":false,"buttonSize":"big","goToSlideType":"specified","invisible":false,"solution":""},{"x":47.00255102040816,"y":43.95465994962216,"width":40,"height":40,"action":{"library":"H5P.CRAudio 1.4","params":{"fitToWrapper":true,"currIndex":5,"playerMode":"minimalistic","controls":true,"autoplay":true,"playAudio":"Play audio","pauseAudio":"Pause audio","contentName":"Audio","glowColor":"#ffd85a","timeStampForEachText":[{"text":" \u042f ","startDuration":"0.1164","endDuration":"0.6000","wordfile":[{"path":"audios\/wordfile-6579cd709b089.wav","mime":"audio\/x-wav","copyright":{"license":"U"}}]},{"text":" \u0432\u0438\u0440\u0456\u0437\u0430\u044e ","startDuration":"0.6010","endDuration":"1.2301","wordfile":[{"path":"audios\/wordfile-6579cd93adb32.wav","mime":"audio\/x-wav","copyright":{"license":"U"}}]},{"text":" \u043a\u0430\u0440\u0442\u0438\u043d\u0443, ","startDuration":"1.2311","endDuration":"1.9765","wordfile":[{"path":"audios\/wordfile-6579cdb89fcaf.wav","mime":"audio\/x-wav","copyright":{"license":"U"}}]},{"text":" \u0430 ","startDuration":"2.1448","endDuration":"2.3448","wordfile":[{"path":"audios\/wordfile-6579cdcf5b6c3.wav","mime":"audio\/x-wav","copyright":{"license":"U"}}]},{"text":" \u0431\u0430\u0431\u0443\u0441\u044f ","startDuration":"2.3458","endDuration":"2.9167","wordfile":[{"path":"audios\/wordfile-6579cde428cb0.wav","mime":"audio\/x-wav","copyright":{"license":"U"}}]},{"text":" \u0434\u043e\u043f\u043e\u043c\u0430\u0433\u0430\u0454 ","startDuration":"2.9177","endDuration":"3.6995","wordfile":[{"path":"audios\/wordfile-6579ce06b5449.wav","mime":"audio\/x-wav","copyright":{"license":"U"}}]},{"text":" \u0441\u043a\u043b\u0435\u044e\u0432\u0430\u0442\u0438 ","startDuration":"3.7005","endDuration":"4.4823","wordfile":[{"path":"audios\/wordfile-6579ce297eab7.wav","mime":"audio\/x-wav","copyright":{"license":"U"}}]},{"text":" \u043a\u0430\u0440\u0442\u0438\u043d\u0443. ","startDuration":"4.4833","endDuration":"5.3669","wordfile":[{"path":"audios\/wordfile-6579ce495d62f.wav","mime":"audio\/x-wav","copyright":{"license":"U"}}]}],"files":[{"path":"audios\/files-6579cd5b73daf.wav","mime":"audio\/x-wav","copyright":{"license":"U"}}]},"subContentId":"e95a543d-e7cf-47d9-80ce-aac912023990","metadata":{"contentType":"Curious Reader Audio","license":"U","title":"Untitled Curious Reader Audio"}},"backgroundOpacity":0,"willDoAnimation":false,"animationType":"glow","displayAsButton":false,"buttonSize":"big","goToSlideType":"specified","invisible":false},{"x":7.653061224489796,"y":20.151133501259444,"width":17.474489795918366,"height":40.050377833753146,"action":{"library":"H5P.Image 1.1","params":{"contentName":"Image"},"subContentId":"d854d785-2573-4dc5-940c-b225ee80002f","metadata":{"contentType":"Image","license":"U","title":"Untitled Image"}},"backgroundOpacity":0,"willDoAnimation":true,"animationType":"glow","displayAsButton":false,"buttonSize":"big","goToSlideType":"specified","invisible":false,"id":"imge95a543d-e7cf-47d9-80ce-aac912023990_0"},{"x":25.510204081632654,"y":7.550780856423174,"width":20.025510204081634,"height":52.141057934508815,"action":{"library":"H5P.Image 1.1","params":{"contentName":"Image"},"subContentId":"7d71c0c3-1435-4821-8910-c14f02d5b030","metadata":{"contentType":"Image","license":"U","title":"Untitled Image"}},"backgroundOpacity":0,"willDoAnimation":true,"animationType":"glow","displayAsButton":false,"buttonSize":"big","goToSlideType":"specified","invisible":false,"id":"imge95a543d-e7cf-47d9-80ce-aac912023990_4"},{"x":12.755102040816327,"y":32.735768261964736,"width":9.821428571428571,"height":19.395465994962215,"action":{"library":"H5P.Image 1.1","params":{"contentName":"Image"},"subContentId":"8452d1d0-0b41-4a66-a100-1eca9f102719","metadata":{"contentType":"Image","license":"U","title":"Untitled Image"}},"backgroundOpacity":0,"willDoAnimation":true,"animationType":"glow","displayAsButton":false,"buttonSize":"big","goToSlideType":"specified","invisible":false,"id":"imge95a543d-e7cf-47d9-80ce-aac912023990_2"}],"slideBackgroundSelector":{}},{"elements":[{"x":5.1020408163265305,"y":2.51692443324937,"width":42.09183673469388,"height":97.48110831234257,"action":{"library":"H5P.Image 1.1","params":{"contentName":"Image","file":{"path":"images\/file-657893cd148ab.jpg","mime":"image\/jpeg","copyright":{"license":"U"},"width":1024,"height":1104}},"subContentId":"854b71f0-4b9f-4858-8b85-8c29cc518bdb","metadata":{"contentType":"Image","license":"U","title":"Untitled Image"}},"backgroundOpacity":0,"willDoAnimation":false,"animationType":"glow","displayAsButton":false,"buttonSize":"big","goToSlideType":"specified","invisible":false},{"x":47.19387755102041,"y":22.670025188916874,"width":46.42857142857143,"height":65.4911838790932,"action":{"library":"H5P.CRAdvancedText 1.1","params":{"text":"<p style=\"text-align: center;\"><span style=\"color:#ffffff;\"><span style=\"font-size:2.25em;\">\u042f \u0441\u043a\u043b\u0435\u044e\u044e \u043a\u0430\u0440\u0442\u0438\u043d\u0443, \u0430 \u0434\u0456\u0434\u0443\u0441\u044c \u0434\u043e\u043f\u043e\u043c\u0430\u0433\u0430\u0454 \u043f\u0438\u0441\u0430\u0442\u0438 \u0456\u0441\u0442\u043e\u0440\u0456\u044e.<\/span><\/span><\/p>\n"},"subContentId":"c78dbf15-db86-4b85-b48f-3267ee44151c","metadata":{"contentType":"Text","license":"U","title":"Untitled Text"}},"alwaysDisplayComments":false,"backgroundOpacity":0,"willDoAnimation":false,"animationType":"glow","displayAsButton":false,"buttonSize":"big","goToSlideType":"specified","invisible":false,"solution":""},{"x":47.00255102040816,"y":43.95465994962216,"width":40,"height":40,"action":{"library":"H5P.CRAudio 1.4","params":{"fitToWrapper":true,"currIndex":6,"playerMode":"minimalistic","controls":true,"autoplay":true,"playAudio":"Play audio","pauseAudio":"Pause audio","contentName":"Audio","glowColor":"#ffd85a","timeStampForEachText":[{"text":" \u042f ","startDuration":"0.0000","endDuration":"0.4360","wordfile":[{"path":"audios\/wordfile-6579ce7cdda78.wav","mime":"audio\/x-wav","copyright":{"license":"U"}}]},{"text":" \u0441\u043a\u043b\u0435\u044e\u044e ","startDuration":"0.4370","endDuration":"1.1496","wordfile":[{"path":"audios\/wordfile-6579ce955068d.wav","mime":"audio\/x-wav","copyright":{"license":"U"}}]},{"text":" \u043a\u0430\u0440\u0442\u0438\u043d\u0443, ","startDuration":"1.1506","endDuration":"1.9239","wordfile":[{"path":"audios\/wordfile-6579ceb2a51bf.wav","mime":"audio\/x-wav","copyright":{"license":"U"}}]},{"text":" \u0430 ","startDuration":"1.9249","endDuration":"2.1721","wordfile":[{"path":"audios\/wordfile-6579cec76c22c.wav","mime":"audio\/x-wav","copyright":{"license":"U"}}]},{"text":" \u0434\u0456\u0434\u0443\u0441\u044c ","startDuration":"2.1731","endDuration":"2.5417","wordfile":[{"path":"audios\/wordfile-6579cee65428b.wav","mime":"audio\/x-wav","copyright":{"license":"U"}}]},{"text":" \u0434\u043e\u043f\u043e\u043c\u0430\u0433\u0430\u0454 ","startDuration":"2.5427","endDuration":"3.4104","wordfile":[{"path":"audios\/wordfile-6579cf040a12c.wav","mime":"audio\/x-wav","copyright":{"license":"U"}}]},{"text":" \u043f\u0438\u0441\u0430\u0442\u0438 ","startDuration":"3.4114","endDuration":"4.0160","wordfile":[{"path":"audios\/wordfile-6579cf1a9b18c.wav","mime":"audio\/x-wav","copyright":{"license":"U"}}]},{"text":" \u0456\u0441\u0442\u043e\u0440\u0456\u044e. ","startDuration":"4.0170","endDuration":"4.9723","wordfile":[{"path":"audios\/wordfile-6579cf339b855.wav","mime":"audio\/x-wav","copyright":{"license":"U"}}]}],"files":[{"path":"audios\/files-6579ce65456f3.wav","mime":"audio\/x-wav","copyright":{"license":"U"}}]},"subContentId":"0d2b4fea-cfdd-4abc-80ef-b90fa0ef1fa9","metadata":{"contentType":"Curious Reader Audio","license":"U","title":"Untitled Curious Reader Audio"}},"backgroundOpacity":0,"willDoAnimation":false,"animationType":"glow","displayAsButton":false,"buttonSize":"big","goToSlideType":"specified","invisible":false},{"x":26.785714285714285,"y":40.30226700251889,"width":18.75,"height":44.58438287153652,"action":{"library":"H5P.Image 1.1","params":{"contentName":"Image"},"subContentId":"1eb32714-894f-41b8-8476-c71cf161f29a","metadata":{"contentType":"Image","license":"U","title":"Untitled Image"}},"backgroundOpacity":0,"willDoAnimation":true,"animationType":"glow","displayAsButton":false,"buttonSize":"big","goToSlideType":"specified","invisible":false,"id":"img0d2b4fea-cfdd-4abc-80ef-b90fa0ef1fa9_0"},{"x":5.1020408163265305,"y":7.552745591939547,"width":20.025510204081634,"height":59.697732997481104,"action":{"library":"H5P.Image 1.1","params":{"contentName":"Image"},"subContentId":"9aceb043-5d12-4c1a-8cdd-9775999dec92","metadata":{"contentType":"Image","license":"U","title":"Untitled Image"}},"backgroundOpacity":0,"willDoAnimation":true,"animationType":"glow","displayAsButton":false,"buttonSize":"big","goToSlideType":"specified","invisible":false,"id":"img0d2b4fea-cfdd-4abc-80ef-b90fa0ef1fa9_4"}],"slideBackgroundSelector":{}},{"elements":[{"x":5.1020408163265305,"y":2.51692443324937,"width":42.09183673469388,"height":94.96221662468514,"action":{"library":"H5P.Image 1.1","params":{"contentName":"Image","file":{"path":"images\/file-6578941542f1f.jpg","mime":"image\/jpeg","copyright":{"license":"U"},"width":1024,"height":1104}},"subContentId":"f1ae49b0-a9f9-4dc4-8a79-cc1b08ca3b95","metadata":{"contentType":"Image","license":"U","title":"Untitled Image"}},"backgroundOpacity":0,"willDoAnimation":false,"animationType":"glow","displayAsButton":false,"buttonSize":"big","goToSlideType":"specified","invisible":false},{"x":48.46938775510204,"y":17.632241813602015,"width":45.1530612244898,"height":73.04785894206549,"action":{"library":"H5P.CRAdvancedText 1.1","params":{"text":"<p dir=\"ltr\" style=\"text-align: center;\"><span style=\"color:#ffffff;\"><span style=\"font-size:2.25em;\">\u042f \u043f\u0438\u0448\u0443 \u0456\u0441\u0442\u043e\u0440\u0456\u044e, \u0430 \u0431\u0440\u0430\u0442 \u0434\u043e\u043f\u043e\u043c\u0430\u0433\u0430\u0454 \u0437\u0448\u0438\u0432\u0430\u0442\u0438 \u0441\u0442\u043e\u0440\u0456\u043d\u043a\u0438 \u0440\u0430\u0437\u043e\u043c.<\/span><\/span><\/p>\n"},"subContentId":"93dec863-ad98-4918-9672-ff9d79cee23a","metadata":{"contentType":"Text","license":"U","title":"Untitled Text"}},"alwaysDisplayComments":false,"backgroundOpacity":0,"willDoAnimation":false,"animationType":"glow","displayAsButton":false,"buttonSize":"big","goToSlideType":"specified","invisible":false,"solution":""},{"x":47.00255102040816,"y":43.95465994962216,"width":40,"height":40,"action":{"library":"H5P.CRAudio 1.4","params":{"fitToWrapper":true,"currIndex":7,"playerMode":"minimalistic","controls":true,"autoplay":true,"playAudio":"Play audio","pauseAudio":"Pause audio","contentName":"Audio","glowColor":"#ffd85a","timeStampForEachText":[{"text":" \u042f ","startDuration":"0.0000","endDuration":"0.5316","wordfile":[{"path":"audios\/wordfile-6579cf63a7619.wav","mime":"audio\/x-wav","copyright":{"license":"U"}}]},{"text":" \u043f\u0438\u0448\u0443 ","startDuration":"0.5326","endDuration":"1.0007","wordfile":[{"path":"audios\/wordfile-6579cf7a0fa86.wav","mime":"audio\/x-wav","copyright":{"license":"U"}}]},{"text":" \u0456\u0441\u0442\u043e\u0440\u0456\u044e, ","startDuration":"1.0017","endDuration":"1.6673","wordfile":[{"path":"audios\/wordfile-6579cf9151779.wav","mime":"audio\/x-wav","copyright":{"license":"U"}}]},{"text":" \u0430 ","startDuration":"1.8235","endDuration":"2.0235","wordfile":[{"path":"audios\/wordfile-6579cfa2a4713.wav","mime":"audio\/x-wav","copyright":{"license":"U"}}]},{"text":" \u0431\u0440\u0430\u0442 ","startDuration":"2.0245","endDuration":"2.3515","wordfile":[{"path":"audios\/wordfile-6579cfb5af4ba.wav","mime":"audio\/x-wav","copyright":{"license":"U"}}]},{"text":" \u0434\u043e\u043f\u043e\u043c\u0430\u0433\u0430\u0454 ","startDuration":"2.3525","endDuration":"3.0605","wordfile":[{"path":"audios\/wordfile-6579cfd86c7b6.wav","mime":"audio\/x-wav","copyright":{"license":"U"}}]},{"text":" \u0437\u0448\u0438\u0432\u0430\u0442\u0438 ","startDuration":"3.0615","endDuration":"3.9247","wordfile":[{"path":"audios\/wordfile-6579cff82b490.wav","mime":"audio\/x-wav","copyright":{"license":"U"}}]},{"text":" \u0441\u0442\u043e\u0440\u0456\u043d\u043a\u0438 ","startDuration":"3.9257","endDuration":"4.5278","wordfile":[{"path":"audios\/wordfile-6579d0152fc5e.wav","mime":"audio\/x-wav","copyright":{"license":"U"}}]},{"text":" \u0440\u0430\u0437\u043e\u043c. ","startDuration":"4.5288","endDuration":"5.1874","wordfile":[{"path":"audios\/wordfile-6579d02c58346.wav","mime":"audio\/x-wav","copyright":{"license":"U"}}]}],"files":[{"path":"audios\/files-6579cf51a3338.wav","mime":"audio\/x-wav","copyright":{"license":"U"}}]},"subContentId":"03442104-8686-4d68-8ac6-73db95507420","metadata":{"contentType":"Curious Reader Audio","license":"U","title":"Untitled Curious Reader Audio"}},"backgroundOpacity":0,"willDoAnimation":false,"animationType":"glow","displayAsButton":false,"buttonSize":"big","goToSlideType":"specified","invisible":false},{"x":6.377551020408164,"y":27.692191435768265,"width":14.923469387755102,"height":52.141057934508815,"action":{"library":"H5P.Image 1.1","params":{"contentName":"Image"},"subContentId":"2b2ef572-c984-418f-946d-2f035bef0fe4","metadata":{"contentType":"Image","license":"U","title":"Untitled Image"}},"backgroundOpacity":0,"willDoAnimation":true,"animationType":"glow","displayAsButton":false,"buttonSize":"big","goToSlideType":"specified","invisible":false,"id":"img03442104-8686-4d68-8ac6-73db95507420_0"},{"x":24.23469387755102,"y":2.5188916876574305,"width":21.301020408163264,"height":47.10327455919395,"action":{"library":"H5P.Image 1.1","params":{"contentName":"Image"},"subContentId":"2f0978de-260a-4d40-87c6-6a3479468c60","metadata":{"contentType":"Image","license":"U","title":"Untitled Image"}},"backgroundOpacity":0,"willDoAnimation":true,"animationType":"glow","displayAsButton":false,"buttonSize":"big","goToSlideType":"specified","invisible":false,"id":"img03442104-8686-4d68-8ac6-73db95507420_4"},{"x":29.336734693877553,"y":25.17317380352645,"width":11.096938775510205,"height":16.876574307304786,"action":{"library":"H5P.Image 1.1","params":{"contentName":"Image"},"subContentId":"b5a34b68-78d6-4da1-8c46-b54d2dbf66a6","metadata":{"contentType":"Image","license":"U","title":"Untitled Image"}},"backgroundOpacity":0,"willDoAnimation":true,"animationType":"glow","displayAsButton":false,"buttonSize":"big","goToSlideType":"specified","invisible":false,"id":"img03442104-8686-4d68-8ac6-73db95507420_6"}],"slideBackgroundSelector":{}},{"elements":[{"x":5.1020408163265305,"y":2.5188916876574305,"width":42.09183673469388,"height":92.4433249370277,"action":{"library":"H5P.Image 1.1","params":{"contentName":"Image","file":{"path":"images\/file-6578945856864.jpg","mime":"image\/jpeg","copyright":{"license":"U"},"width":1024,"height":735}},"subContentId":"00fb6a85-5a76-447d-a119-2676cf7feb43","metadata":{"contentType":"Image","license":"U","title":"Untitled Image"}},"backgroundOpacity":0,"willDoAnimation":false,"animationType":"glow","displayAsButton":false,"buttonSize":"big","goToSlideType":"specified","invisible":false},{"x":49.744897959183675,"y":30.20302267002519,"width":45.1530612244898,"height":52.896725440806044,"action":{"library":"H5P.CRAdvancedText 1.1","params":{"text":"<p style=\"text-align: center;\"><span style=\"color:#ffffff;\"><span style=\"font-size:2.25em;\">\u0422\u0435\u043f\u0435\u0440 \u0443 \u043c\u0435\u043d\u0435 \u0454 \u043a\u043d\u0438\u0433\u0430. \u0414\u0430\u0432\u0430\u0439\u0442\u0435 \u0447\u0438\u0442\u0430\u0442\u0438 \u043a\u043d\u0438\u0433\u0443!<\/span><\/span><\/p>\n"},"subContentId":"5a9fff56-e851-45ec-8640-989a48903d6e","metadata":{"contentType":"Text","license":"U","title":"Untitled Text"}},"alwaysDisplayComments":false,"backgroundOpacity":0,"willDoAnimation":false,"animationType":"glow","displayAsButton":false,"buttonSize":"big","goToSlideType":"specified","invisible":false,"solution":""},{"x":47.00255102040816,"y":43.95465994962216,"width":40,"height":40,"action":{"library":"H5P.CRAudio 1.4","params":{"fitToWrapper":true,"currIndex":8,"playerMode":"minimalistic","controls":true,"autoplay":true,"playAudio":"Play audio","pauseAudio":"Pause audio","contentName":"Audio","glowColor":"#ffd85a","timeStampForEachText":[{"text":" \u0422\u0435\u043f\u0435\u0440 ","startDuration":"0.0000","endDuration":"0.6487","wordfile":[{"path":"audios\/wordfile-6579d05f91e61.wav","mime":"audio\/x-wav","copyright":{"license":"U"}}]},{"text":" \u0443 ","startDuration":"0.6497","endDuration":"0.8497","wordfile":[{"path":"audios\/wordfile-6579d078ac4a7.wav","mime":"audio\/x-wav","copyright":{"license":"U"}}]},{"text":" \u043c\u0435\u043d\u0435 ","startDuration":"0.8507","endDuration":"1.2721","wordfile":[{"path":"audios\/wordfile-6579d0935bdfe.wav","mime":"audio\/x-wav","copyright":{"license":"U"}}]},{"text":" \u0454 ","startDuration":"1.2731","endDuration":"1.4731","wordfile":[{"path":"audios\/wordfile-6579d0af46bc5.wav","mime":"audio\/x-wav","copyright":{"license":"U"}}]},{"text":" \u043a\u043d\u0438\u0433\u0430. ","startDuration":"1.4741","endDuration":"2.0354","wordfile":[{"path":"audios\/wordfile-6579d0c99358e.wav","mime":"audio\/x-wav","copyright":{"license":"U"}}]},{"text":" \u0414\u0430\u0432\u0430\u0439\u0442\u0435 ","startDuration":"2.2811","endDuration":"2.8774","wordfile":[{"path":"audios\/wordfile-6579d0e29b752.wav","mime":"audio\/x-wav","copyright":{"license":"U"}}]},{"text":" \u0447\u0438\u0442\u0430\u0442\u0438 ","startDuration":"2.8784","endDuration":"3.6029","wordfile":[{"path":"audios\/wordfile-6579d0fa8e6f5.wav","mime":"audio\/x-wav","copyright":{"license":"U"}}]},{"text":" \u043a\u043d\u0438\u0433\u0443! ","startDuration":"3.6039","endDuration":"4.2992","wordfile":[{"path":"audios\/wordfile-6579d1213acb1.wav","mime":"audio\/x-wav","copyright":{"license":"U"}}]}],"files":[{"path":"audios\/files-6579d04bf3ce6.wav","mime":"audio\/x-wav","copyright":{"license":"U"}}]},"subContentId":"264255ad-b43e-4c0a-b863-5f8d4e6b9bad","metadata":{"contentType":"Curious Reader Audio","license":"U","title":"Untitled Curious Reader Audio"}},"backgroundOpacity":0,"willDoAnimation":false,"animationType":"glow","displayAsButton":false,"buttonSize":"big","goToSlideType":"specified","invisible":false},{"x":34.53239795918367,"y":35.23501259445844,"width":7.142857142857143,"height":14.357682619647354,"action":{"library":"H5P.Image 1.1","params":{"contentName":"Image"},"subContentId":"e4e804be-a3c9-4edd-a528-7cec3db62446","metadata":{"contentType":"Image","license":"U","title":"Untitled Image"}},"backgroundOpacity":0,"willDoAnimation":true,"animationType":"glow","displayAsButton":false,"buttonSize":"big","goToSlideType":"specified","invisible":false,"id":"img264255ad-b43e-4c0a-b863-5f8d4e6b9bad_7"},{"x":31.887755102040817,"y":47.858942065491185,"width":9.821428571428571,"height":12.34256926952141,"action":{"library":"H5P.Image 1.1","params":{"contentName":"Image"},"subContentId":"273aee2f-7fff-4c0e-9d5d-cef041411d06","metadata":{"contentType":"Image","license":"U","title":"Untitled Image"}},"backgroundOpacity":0,"willDoAnimation":true,"animationType":"glow","displayAsButton":false,"buttonSize":"big","goToSlideType":"specified","invisible":false,"id":"img264255ad-b43e-4c0a-b863-5f8d4e6b9bad_1"},{"x":34.43877551020408,"y":40.30226700251889,"width":5.994897959183674,"height":9.319899244332493,"action":{"library":"H5P.Image 1.1","params":{"contentName":"Image"},"subContentId":"821193b1-dfca-4291-b018-785f4c247099","metadata":{"contentType":"Image","license":"U","title":"Untitled Image"}},"backgroundOpacity":0,"willDoAnimation":true,"animationType":"glow","displayAsButton":false,"buttonSize":"big","goToSlideType":"specified","invisible":false,"id":"img264255ad-b43e-4c0a-b863-5f8d4e6b9bad_4"}],"slideBackgroundSelector":{}},{"elements":[{"x":3.826530612244898,"y":5.0338539042821155,"width":22.95918367346939,"height":22.921914357682617,"action":{"library":"H5P.Image 1.1","params":{"contentName":"Image","file":{"path":"images\/file-65789558544e6.png","mime":"image\/png","copyright":{"license":"U"},"width":1350,"height":487}},"subContentId":"481a06ca-f221-477c-b218-9b93976b4d09","metadata":{"contentType":"Image","license":"U","title":"Untitled Image"}},"backgroundOpacity":0,"willDoAnimation":false,"animationType":"glow","displayAsButton":false,"buttonSize":"big","goToSlideType":"specified","invisible":false},{"x":30.612244897959183,"y":5.0338539042821155,"width":22.95918367346939,"height":22.921914357682617,"action":{"library":"H5P.Image 1.1","params":{"contentName":"Image","file":{"path":"images\/file-6578956aa2732.png","mime":"image\/png","copyright":{"license":"U"},"width":814,"height":202}},"subContentId":"1efc4476-7506-4cc3-8719-19270bc2f79e","metadata":{"contentType":"Image","license":"U","title":"Untitled Image"}},"backgroundOpacity":0,"willDoAnimation":false,"animationType":"glow","displayAsButton":false,"buttonSize":"big","goToSlideType":"specified","invisible":false},{"x":57.39795918367347,"y":7.556675062972292,"width":40.05102040816327,"height":17.632241813602015,"action":{"library":"H5P.Image 1.1","params":{"contentName":"Image","file":{"path":"images\/file-6578957d13a9b.jpg","mime":"image\/jpeg","copyright":{"license":"U"},"width":1732,"height":354}},"subContentId":"1e8c1618-399a-4152-86d8-b0bc61b1ea04","metadata":{"contentType":"Image","license":"U","title":"Untitled Image"}},"backgroundOpacity":0,"willDoAnimation":false,"animationType":"glow","displayAsButton":false,"buttonSize":"big","goToSlideType":"specified","invisible":false},{"x":3.826252723311547,"y":27.94021505376344,"width":93.13725490196079,"height":71.82795698924731,"action":{"library":"H5P.CRAdvancedText 1.1","params":{"text":"<h3 style=\"text-align: center;\"><span style=\"font-size:1.25em;\">\u201c\u0425\u0442\u043e \u043c\u043e\u0436\u0435 \u043c\u0435\u043d\u0456 \u0434\u043e\u043f\u043e\u043c\u043e\u0433\u0442\u0438?\u201d credits<\/span><\/h3>\n\n<h3 style=\"text-align: center;\"><span style=\"font-size:1.25em;\">This work, \u201c\u0425\u0442\u043e \u043c\u043e\u0436\u0435 \u043c\u0435\u043d\u0456 \u0434\u043e\u043f\u043e\u043c\u043e\u0433\u0442\u0438? \u201c is a derivative of \u201cWho can help me?\u201d by All Children Reading Cambodia. \u00a9 The Asia Foundation , 2019 and used under CC BY.<\/span><\/h3>\n\n<h3 style=\"text-align: center;\"><span style=\"font-size:1.25em;\">\u201c\u0425\u0442\u043e \u043c\u043e\u0436\u0435 \u043c\u0435\u043d\u0456 \u0434\u043e\u043f\u043e\u043c\u043e\u0433\u0442\u0438?\u201d is licensed under CC BY 4.0 by Curious Learning.<\/span><\/h3>\n\n<h3 style=\"text-align: center;\">&nbsp;<\/h3>\n\n<h3 style=\"text-align: center;\"><span style=\"font-size:1.25em;\">Book builder - Abraham Jerry Kakooza<\/span><\/h3>\n"},"subContentId":"99f991d8-4b16-4b19-9127-e55b00685b29","metadata":{"contentType":"Text","license":"U","title":"Untitled Text"}},"alwaysDisplayComments":false,"backgroundOpacity":0,"willDoAnimation":false,"animationType":"glow","displayAsButton":false,"buttonSize":"big","goToSlideType":"specified","invisible":false,"solution":""}],"slideBackgroundSelector":{"fillSlideBackground":"#fbfef0"}}],"keywordListEnabled":true,"globalBackgroundSelector":{},"keywordListAlwaysShow":false,"keywordListAutoHide":false,"keywordListOpacity":90},"override":{"activeSurface":false,"hideSummarySlide":false,"summarySlideSolutionButton":true,"summarySlideRetryButton":true,"enablePrintButton":false,"social":{"showFacebookShare":false,"facebookShare":{"url":"@currentpageurl","quote":"I scored @score out of @maxScore on a task at @currentpageurl."},"showTwitterShare":false,"twitterShare":{"statement":"I scored @score out of @maxScore on a task at @currentpageurl.","url":"@currentpageurl","hashtags":"h5p, course"},"showGoogleShare":false,"googleShareUrl":"@currentpageurl"}},"l10n":{"slide":"Slide","score":"Score","yourScore":"Your Score","maxScore":"Max Score","total":"Total","totalScore":"Total Score","showSolutions":"Show solutions","retry":"Retry","exportAnswers":"Export text","hideKeywords":"Hide sidebar navigation menu","showKeywords":"Show sidebar navigation menu","fullscreen":"Fullscreen","exitFullscreen":"Exit fullscreen","prevSlide":"Previous slide","nextSlide":"Next slide","currentSlide":"Current slide","lastSlide":"Last slide","solutionModeTitle":"Exit solution mode","solutionModeText":"Solution Mode","summaryMultipleTaskText":"Multiple tasks","scoreMessage":"You achieved:","shareFacebook":"Share on Facebook","shareTwitter":"Share on Twitter","shareGoogle":"Share on Google+","summary":"Summary","solutionsButtonTitle":"Show comments","printTitle":"Print","printIngress":"How would you like to print this presentation?","printAllSlides":"Print all slides","printCurrentSlide":"Print current slide","noTitle":"No title","accessibilitySlideNavigationExplanation":"Use left and right arrow to change slide in that direction whenever canvas is selected.","accessibilityCanvasLabel":"Presentation canvas. Use left and right arrow to move between slides.","containsNotCompleted":"@slideName contains not completed interaction","containsCompleted":"@slideName contains completed interaction","slideCount":"Slide @index of @total","containsOnlyCorrect":"@slideName only has correct answers","containsIncorrectAnswers":"@slideName has incorrect answers","shareResult":"Share Result","accessibilityTotalScore":"You got @score of @maxScore points in total","accessibilityEnteredFullscreen":"Entered fullscreen","accessibilityExitedFullscreen":"Exited fullscreen"}}