{"presentation":{"slides":[{"elements":[{"x":29.336734693877553,"y":80.60453400503778,"width":40.04629629629629,"height":15.981735159817353,"action":{"library":"H5P.CRAdvancedText 1.1","params":{"text":"<p style=\"text-align: center;\"><span style=\"font-size:2.25em;\">Na\u00f1u naaw<\/span><\/p>\n"},"subContentId":"3fc48221-8afd-4155-9ac3-80b76a4b65ca","metadata":{"contentType":"Text","license":"U","title":"Untitled Text"}},"alwaysDisplayComments":false,"backgroundOpacity":0,"willDoAnimation":false,"animationType":"glow","displayAsButton":false,"buttonSize":"big","goToSlideType":"specified","invisible":false,"solution":""},{"x":15.046296296296296,"y":9.132420091324201,"width":69.44444444444444,"height":68.4931506849315,"action":{"library":"H5P.Image 1.1","params":{"contentName":"Image","file":{"path":"images\/file-61b0fbce652e3.jpg","mime":"image\/jpeg","copyright":{"license":"U"},"width":1024,"height":490}},"subContentId":"014d8b2f-4a8a-4461-926a-e3a541177038","metadata":{"contentType":"Image","license":"U","title":"Untitled Image"}},"backgroundOpacity":0,"willDoAnimation":false,"animationType":"glow","displayAsButton":false,"buttonSize":"big","goToSlideType":"specified","invisible":false}],"slideBackgroundSelector":{}},{"elements":[{"x":1.2755102040816326,"y":79.8448362720403,"width":98.21428571428572,"height":18.1360201511335,"action":{"library":"H5P.CRAdvancedText 1.1","params":{"text":"<p style=\"text-align: center;\"><span style=\"color:#ffffff;\"><span style=\"font-size:2.25em;\">Picc da\u00f1uy naaw. Seku da\u00f1uy naaw.<\/span><\/span><\/p>\n"},"subContentId":"f2dd5138-ec02-472f-b010-e9e7f0b5fa8c","metadata":{"contentType":"Text","license":"U","title":"Untitled Text"}},"alwaysDisplayComments":false,"backgroundOpacity":0,"willDoAnimation":false,"animationType":"glow","displayAsButton":false,"buttonSize":"big","goToSlideType":"specified","invisible":false,"solution":""},{"x":30.09259259259259,"y":9.132420091324201,"width":41.898148148148145,"height":68.4931506849315,"action":{"library":"H5P.Image 1.1","params":{"contentName":"Image","file":{"path":"images\/file-61b0fb7e5066d.jpg","mime":"image\/jpeg","copyright":{"license":"U"},"width":1024,"height":1104}},"subContentId":"6873f686-0977-4dc0-920b-8b07ecbfb48c","metadata":{"contentType":"Image","license":"U","title":"Untitled Image"}},"backgroundOpacity":0,"willDoAnimation":false,"animationType":"glow","displayAsButton":false,"buttonSize":"big","goToSlideType":"specified","invisible":false},{"x":47.00255102040816,"y":43.95465994962216,"width":40,"height":40,"action":{"library":"H5P.CRAudio 1.4","params":{"fitToWrapper":true,"currIndex":1,"playerMode":"minimalistic","controls":true,"autoplay":true,"playAudio":"Play audio","pauseAudio":"Pause audio","contentName":"Audio","glowColor":"#ffd85a","timeStampForEachText":[{"text":" Picc ","startDuration":"0.3382","endDuration":"0.9440","wordfile":[{"path":"audios\/wordfile-65395caa48add.mp3","mime":"audio\/mpeg","copyright":{"license":"U"}}]},{"text":" da\u00f1uy ","startDuration":"1.8436","endDuration":"2.5364","wordfile":[{"path":"audios\/wordfile-65395ce0de797.mp3","mime":"audio\/mpeg","copyright":{"license":"U"}}]},{"text":" naaw. ","startDuration":"2.5374","endDuration":"3.2205","wordfile":[{"path":"audios\/wordfile-65395cfd26f83.mp3","mime":"audio\/mpeg","copyright":{"license":"U"}}]},{"text":" Seku ","startDuration":"3.8399","endDuration":"4.5906","wordfile":[{"path":"audios\/wordfile-65395d112e866.mp3","mime":"audio\/mpeg","copyright":{"license":"U"}}]},{"text":" da\u00f1uy ","startDuration":"4.8718","endDuration":"5.4100","wordfile":[{"path":"audios\/wordfile-65395d257feac.mp3","mime":"audio\/mpeg","copyright":{"license":"U"}}]},{"text":" naaw. ","startDuration":"5.4110","endDuration":"6.0845","wordfile":[{"path":"audios\/wordfile-65395d4e19384.mp3","mime":"audio\/mpeg","copyright":{"license":"U"}}]}],"files":[{"path":"audios\/files-65395c877d45c.mp3","mime":"audio\/mpeg","copyright":{"license":"U"}}]},"subContentId":"b473b76d-4c3c-44dd-bd70-fe3a14a38d4e","metadata":{"contentType":"Curious Reader Audio","license":"U","title":"Untitled Curious Reader Audio"}},"backgroundOpacity":0,"willDoAnimation":false,"animationType":"glow","displayAsButton":false,"buttonSize":"big","goToSlideType":"specified","invisible":false},{"x":35.714285714285715,"y":12.594458438287154,"width":14.923469387755102,"height":19.8992443324937,"action":{"library":"H5P.Image 1.1","params":{"contentName":"Image"},"subContentId":"c9df01b6-e3ea-467e-952a-cb89f4f75ba9","metadata":{"contentType":"Image","license":"U","title":"Untitled Image"}},"backgroundOpacity":0,"willDoAnimation":true,"animationType":"glow","displayAsButton":false,"buttonSize":"big","goToSlideType":"specified","invisible":false,"id":"imgb473b76d-4c3c-44dd-bd70-fe3a14a38d4e_0"},{"x":51.02040816326531,"y":12.582644836272038,"width":18.75,"height":40.050377833753146,"action":{"library":"H5P.Image 1.1","params":{"contentName":"Image"},"subContentId":"2a23e36e-24ed-47ad-aa34-63d38cfde96c","metadata":{"contentType":"Image","license":"U","title":"Untitled Image"}},"backgroundOpacity":0,"willDoAnimation":true,"animationType":"glow","displayAsButton":false,"buttonSize":"big","goToSlideType":"specified","invisible":false,"id":"imgb473b76d-4c3c-44dd-bd70-fe3a14a38d4e_3"}],"slideBackgroundSelector":{}},{"elements":[{"x":21.99074074074074,"y":80.36529680365297,"width":56.71296296296296,"height":18.036529680365298,"action":{"library":"H5P.CRAdvancedText 1.1","params":{"text":"<p style=\"text-align: center;\"><span style=\"color:#ffffff;\"><span style=\"font-size:2.25em;\">Fas m\u00ebnul naaw.<\/span><\/span><\/p>\n"},"subContentId":"9ed4e26c-d65e-4e9e-9d8d-2e0decf0c234","metadata":{"contentType":"Text","license":"U","title":"Untitled Text"}},"alwaysDisplayComments":false,"backgroundOpacity":0,"willDoAnimation":false,"animationType":"glow","displayAsButton":false,"buttonSize":"big","goToSlideType":"specified","invisible":false,"solution":""},{"x":30.501089324619,"y":10.113312131241,"width":39.998692810458,"height":69.996385028855,"action":{"library":"H5P.Image 1.1","params":{"contentName":"Image","file":{"path":"images\/file-61b0fc3ae2444.jpg","mime":"image\/jpeg","copyright":{"license":"U"},"width":1024,"height":1104}},"subContentId":"0afc1026-ca31-4b44-93f7-53271c06508c","metadata":{"contentType":"Image","license":"U","title":"Untitled Image"}},"backgroundOpacity":0,"willDoAnimation":false,"animationType":"glow","displayAsButton":false,"buttonSize":"big","goToSlideType":"specified","invisible":false},{"x":47.00255102040816,"y":43.95465994962216,"width":40,"height":40,"action":{"library":"H5P.CRAudio 1.4","params":{"fitToWrapper":true,"currIndex":2,"playerMode":"minimalistic","controls":true,"autoplay":true,"playAudio":"Play audio","pauseAudio":"Pause audio","contentName":"Audio","glowColor":"#ffd85a","timeStampForEachText":[{"text":" Fas ","startDuration":"0.2831","endDuration":"1.1010","wordfile":[{"path":"audios\/wordfile-65395d76941ac.mp3","mime":"audio\/mpeg","copyright":{"license":"U"}}]},{"text":" m\u00ebnul ","startDuration":"1.5219","endDuration":"2.4484","wordfile":[{"path":"audios\/wordfile-65395d92157d7.mp3","mime":"audio\/mpeg","copyright":{"license":"U"}}]},{"text":" naaw. ","startDuration":"2.4494","endDuration":"2.9325","wordfile":[{"path":"audios\/wordfile-65395dab762e7.mp3","mime":"audio\/mpeg","copyright":{"license":"U"}}]}],"files":[{"path":"audios\/files-65395d64d39d3.mp3","mime":"audio\/mpeg","copyright":{"license":"U"}}]},"subContentId":"06a83e0c-4615-4218-9435-37f778b63b05","metadata":{"contentType":"Curious Reader Audio","license":"U","title":"Untitled Curious Reader Audio"}},"backgroundOpacity":0,"willDoAnimation":false,"animationType":"glow","displayAsButton":false,"buttonSize":"big","goToSlideType":"specified","invisible":false},{"x":39.54081632653062,"y":12.578715365239296,"width":26.403061224489797,"height":49.622166246851386,"action":{"library":"H5P.Image 1.1","params":{"contentName":"Image"},"subContentId":"ae748bdc-c049-4dd8-85c2-22d032409e64","metadata":{"contentType":"Image","license":"U","title":"Untitled Image"}},"backgroundOpacity":0,"willDoAnimation":true,"animationType":"glow","displayAsButton":false,"buttonSize":"big","goToSlideType":"specified","invisible":false,"id":"img06a83e0c-4615-4218-9435-37f778b63b05_0"},{"x":38.26428571428572,"y":22.658211586901764,"width":10.714285714285715,"height":16.876574307304786,"action":{"library":"H5P.Image 1.1","params":{"contentName":"Image"},"subContentId":"0da54a1b-d4ec-4e38-a442-065c7fc117e9","metadata":{"contentType":"Image","license":"U","title":"Untitled Image"}},"backgroundOpacity":0,"willDoAnimation":true,"animationType":"glow","displayAsButton":false,"buttonSize":"big","goToSlideType":"specified","invisible":false,"id":"img06a83e0c-4615-4218-9435-37f778b63b05_2"},{"x":54.8469387755102,"y":25.17317380352645,"width":12.372448979591837,"height":19.395465994962215,"action":{"library":"H5P.Image 1.1","params":{"contentName":"Image"},"subContentId":"f56b9695-4a30-43e1-ac7f-76728f7abebd","metadata":{"contentType":"Image","license":"U","title":"Untitled Image"}},"backgroundOpacity":0,"willDoAnimation":true,"animationType":"glow","displayAsButton":false,"buttonSize":"big","goToSlideType":"specified","invisible":false,"id":"img06a83e0c-4615-4218-9435-37f778b63b05_2"}],"slideBackgroundSelector":{}},{"elements":[{"x":2.5510204081632653,"y":79.8448362720403,"width":95.40816326530613,"height":18.1360201511335,"action":{"library":"H5P.CRAdvancedText 1.1","params":{"text":"<p style=\"text-align: center;\"><span style=\"color:#ffffff;\"><span style=\"font-size:2.25em;\">We\u00f1 da\u00f1uy naaw. Soccent da\u00f1uy naaw.<\/span><\/span><\/p>\n"},"subContentId":"0cf160d5-1d99-464d-8bfd-b55f25dda2e5","metadata":{"contentType":"Text","license":"U","title":"Untitled Text"}},"alwaysDisplayComments":false,"backgroundOpacity":0,"willDoAnimation":false,"animationType":"glow","displayAsButton":false,"buttonSize":"big","goToSlideType":"specified","invisible":false,"solution":""},{"x":30.092592592593,"y":10.974037256856,"width":39.998148148148,"height":66.796830941908,"action":{"library":"H5P.Image 1.1","params":{"contentName":"Image","file":{"path":"images\/file-61b0fcf6e4c40.jpg","mime":"image\/jpeg","copyright":{"license":"U"},"width":1024,"height":735}},"subContentId":"2532a18a-2727-4f64-be17-735beb7a0cce","metadata":{"contentType":"Image","license":"U","title":"Untitled Image"}},"backgroundOpacity":0,"willDoAnimation":false,"animationType":"glow","displayAsButton":false,"buttonSize":"big","goToSlideType":"specified","invisible":false},{"x":47.00255102040816,"y":43.95465994962216,"width":40,"height":40,"action":{"library":"H5P.CRAudio 1.4","params":{"fitToWrapper":true,"currIndex":3,"playerMode":"minimalistic","controls":true,"autoplay":true,"playAudio":"Play audio","pauseAudio":"Pause audio","contentName":"Audio","glowColor":"#ffd85a","timeStampForEachText":[{"text":" We\u00f1 ","startDuration":"0.5048","endDuration":"1.2601","wordfile":[{"path":"audios\/wordfile-65395e2c8a679.mp3","mime":"audio\/mpeg","copyright":{"license":"U"}}]},{"text":" da\u00f1uy ","startDuration":"1.5892","endDuration":"2.3025","wordfile":[{"path":"audios\/wordfile-65395e45402b6.mp3","mime":"audio\/mpeg","copyright":{"license":"U"}}]},{"text":" naaw. ","startDuration":"2.3035","endDuration":"2.9326","wordfile":[{"path":"audios\/wordfile-65395e5a9943a.mp3","mime":"audio\/mpeg","copyright":{"license":"U"}}]},{"text":" Soccent ","startDuration":"3.1692","endDuration":"4.1516","wordfile":[{"path":"audios\/wordfile-65395e795a9bd.mp3","mime":"audio\/mpeg","copyright":{"license":"U"}}]},{"text":" da\u00f1uy ","startDuration":"4.5733","endDuration":"5.2108","wordfile":[{"path":"audios\/wordfile-65395e8e794c2.mp3","mime":"audio\/mpeg","copyright":{"license":"U"}}]},{"text":" naaw. ","startDuration":"5.2118","endDuration":"5.8661","wordfile":[{"path":"audios\/wordfile-65395ea794613.mp3","mime":"audio\/mpeg","copyright":{"license":"U"}}]}],"files":[{"path":"audios\/files-65395e1265442.mp3","mime":"audio\/mpeg","copyright":{"license":"U"}}]},"subContentId":"ae8dc2a6-4599-489e-9dea-2be2c119d89d","metadata":{"contentType":"Curious Reader Audio","license":"U","title":"Untitled Curious Reader Audio"}},"backgroundOpacity":0,"willDoAnimation":false,"animationType":"glow","displayAsButton":false,"buttonSize":"big","goToSlideType":"specified","invisible":false},{"x":33.16326530612245,"y":40.30226700251889,"width":17.474489795918366,"height":24.937027707808564,"action":{"library":"H5P.Image 1.1","params":{"contentName":"Image"},"subContentId":"c5a35f39-af4c-42d5-8bce-f64d219e5844","metadata":{"contentType":"Image","license":"U","title":"Untitled Image"}},"backgroundOpacity":0,"willDoAnimation":true,"animationType":"glow","displayAsButton":false,"buttonSize":"big","goToSlideType":"specified","invisible":false,"id":"imgae8dc2a6-4599-489e-9dea-2be2c119d89d_0"},{"x":40.816326530612244,"y":17.608614609571788,"width":11.096938775510205,"height":21.914357682619645,"action":{"library":"H5P.Image 1.1","params":{"contentName":"Image"},"subContentId":"6dd1f497-9e62-45de-a846-309531986f7e","metadata":{"contentType":"Image","license":"U","title":"Untitled Image"}},"backgroundOpacity":0,"willDoAnimation":true,"animationType":"glow","displayAsButton":false,"buttonSize":"big","goToSlideType":"specified","invisible":false,"id":"imgae8dc2a6-4599-489e-9dea-2be2c119d89d_3"}],"slideBackgroundSelector":{}},{"elements":[{"x":21.99074074074074,"y":79.90867579908677,"width":57.175925925925924,"height":18.036529680365298,"action":{"library":"H5P.CRAdvancedText 1.1","params":{"text":"<p dir=\"ltr\" style=\"text-align: center;\"><span style=\"color:#ffffff;\"><span style=\"font-size:2.25em;\">Sindax m\u00ebnul naaw.<\/span><\/span><\/p>\n"},"subContentId":"640f2a18-b2a4-4b37-b08f-e4a5ab3ec5a8","metadata":{"contentType":"Text","license":"U","title":"Untitled Text"}},"alwaysDisplayComments":false,"backgroundOpacity":0,"willDoAnimation":false,"animationType":"glow","displayAsButton":false,"buttonSize":"big","goToSlideType":"specified","invisible":false,"solution":""},{"x":31.327160493827,"y":12.193374729841,"width":38.58024691358,"height":67.363518032477,"action":{"library":"H5P.Image 1.1","params":{"contentName":"Image","file":{"path":"images\/file-61b0fd4e9bf21.jpg","mime":"image\/jpeg","copyright":{"license":"U"},"width":1024,"height":1104}},"subContentId":"6210fb45-c2d4-4454-80ef-b71baf08810d","metadata":{"contentType":"Image","license":"U","title":"Untitled Image"}},"backgroundOpacity":0,"willDoAnimation":false,"animationType":"glow","displayAsButton":false,"buttonSize":"big","goToSlideType":"specified","invisible":false},{"x":47.00255102040816,"y":43.95465994962216,"width":40,"height":40,"action":{"library":"H5P.CRAudio 1.4","params":{"fitToWrapper":true,"currIndex":4,"playerMode":"minimalistic","controls":true,"autoplay":true,"playAudio":"Play audio","pauseAudio":"Pause audio","contentName":"Audio","glowColor":"#ffd85a","timeStampForEachText":[{"text":" Sindax ","startDuration":"0.4089","endDuration":"1.1852","wordfile":[{"path":"audios\/wordfile-65395ece90c9e.mp3","mime":"audio\/mpeg","copyright":{"license":"U"}}]},{"text":" m\u00ebnul ","startDuration":"1.5022","endDuration":"2.0972","wordfile":[{"path":"audios\/wordfile-65395eee976dd.mp3","mime":"audio\/mpeg","copyright":{"license":"U"}}]},{"text":" naaw. ","startDuration":"2.0982","endDuration":"2.7257","wordfile":[{"path":"audios\/wordfile-65395f04648a9.mp3","mime":"audio\/mpeg","copyright":{"license":"U"}}]}],"files":[{"path":"audios\/files-65395ebdb24ae.mp3","mime":"audio\/mpeg","copyright":{"license":"U"}}]},"subContentId":"32a40ca8-880c-4330-8585-11e0ac75d82f","metadata":{"contentType":"Curious Reader Audio","license":"U","title":"Untitled Curious Reader Audio"}},"backgroundOpacity":0,"willDoAnimation":false,"animationType":"glow","displayAsButton":false,"buttonSize":"big","goToSlideType":"specified","invisible":false},{"x":40.816326530612244,"y":15.105491183879094,"width":28.571428571428573,"height":40.050377833753146,"action":{"library":"H5P.Image 1.1","params":{"contentName":"Image"},"subContentId":"96384acf-64c6-4f53-bc89-743c92bb278a","metadata":{"contentType":"Image","license":"U","title":"Untitled Image"}},"backgroundOpacity":0,"willDoAnimation":true,"animationType":"glow","displayAsButton":false,"buttonSize":"big","goToSlideType":"specified","invisible":false,"id":"img32a40ca8-880c-4330-8585-11e0ac75d82f_0"},{"x":58.673469387755105,"y":12.582644836272038,"width":11.989795918367347,"height":29.471032745591938,"action":{"library":"H5P.Image 1.1","params":{"contentName":"Image"},"subContentId":"717da997-e353-415a-b761-95077a1fb7bc","metadata":{"contentType":"Image","license":"U","title":"Untitled Image"}},"backgroundOpacity":0,"willDoAnimation":true,"animationType":"glow","displayAsButton":false,"buttonSize":"big","goToSlideType":"specified","invisible":false,"id":"img32a40ca8-880c-4330-8585-11e0ac75d82f_2"},{"x":39.54081632653062,"y":22.66413098236776,"width":9.821428571428571,"height":19.395465994962215,"action":{"library":"H5P.Image 1.1","params":{"contentName":"Image"},"subContentId":"b8f94280-118c-47c7-9c90-cfa2415aac14","metadata":{"contentType":"Image","license":"U","title":"Untitled Image"}},"backgroundOpacity":0,"willDoAnimation":true,"animationType":"glow","displayAsButton":false,"buttonSize":"big","goToSlideType":"specified","invisible":false,"id":"img32a40ca8-880c-4330-8585-11e0ac75d82f_2"}],"slideBackgroundSelector":{"fillSlideBackground":"#f5fef0"}},{"elements":[{"x":0,"y":65.45566750629722,"width":100,"height":32.7455919395466,"action":{"library":"H5P.CRAdvancedText 1.1","params":{"text":"<p dir=\"ltr\" style=\"text-align: center;\"><span style=\"color:#ffffff;\"><span style=\"font-size:2.25em;\">Looy da\u00f1uy naaw. Njagabaar da\u00f1uy naaw.<\/span><\/span><\/p>\n"},"subContentId":"865ed584-5189-4387-9823-0837093ed9a4","metadata":{"contentType":"Text","license":"U","title":"Untitled Text"}},"alwaysDisplayComments":false,"backgroundOpacity":0,"willDoAnimation":false,"animationType":"glow","displayAsButton":false,"buttonSize":"big","goToSlideType":"specified","invisible":false,"solution":""},{"x":30.612244897959183,"y":0,"width":39.322839506173,"height":68.649614232107,"action":{"library":"H5P.Image 1.1","params":{"contentName":"Image","file":{"path":"images\/file-61b0fe64a98f6.jpg","mime":"image\/jpeg","copyright":{"license":"U"},"width":1024,"height":1104}},"subContentId":"5823d9cd-bc61-4545-8d40-a3aef52fd065","metadata":{"contentType":"Image","license":"U","title":"Untitled Image"}},"backgroundOpacity":0,"willDoAnimation":false,"animationType":"glow","displayAsButton":false,"buttonSize":"big","goToSlideType":"specified","invisible":false},{"x":47.00255102040816,"y":43.95465994962216,"width":40,"height":40,"action":{"library":"H5P.CRAudio 1.4","params":{"fitToWrapper":true,"currIndex":5,"playerMode":"minimalistic","controls":true,"autoplay":true,"playAudio":"Play audio","pauseAudio":"Pause audio","contentName":"Audio","glowColor":"#ffd85a","timeStampForEachText":[{"text":" Looy ","startDuration":"0.1201","endDuration":"1.0326","wordfile":[{"path":"audios\/wordfile-6539848e45d5b.mp3","mime":"audio\/mpeg","copyright":{"license":"U"}}]},{"text":" da\u00f1uy ","startDuration":"1.5460","endDuration":"2.0582","wordfile":[{"path":"audios\/wordfile-653984a3ac6c8.mp3","mime":"audio\/mpeg","copyright":{"license":"U"}}]},{"text":" naaw. ","startDuration":"2.0592","endDuration":"2.6915","wordfile":[{"path":"audios\/wordfile-653984bc7a5eb.mp3","mime":"audio\/mpeg","copyright":{"license":"U"}}]},{"text":" Njagabaar ","startDuration":"2.9807","endDuration":"4.0773","wordfile":[{"path":"audios\/wordfile-653984d83e591.mp3","mime":"audio\/mpeg","copyright":{"license":"U"}}]},{"text":" da\u00f1uy ","startDuration":"4.0783","endDuration":"4.7186","wordfile":[{"path":"audios\/wordfile-653984f3b7740.mp3","mime":"audio\/mpeg","copyright":{"license":"U"}}]},{"text":" naaw. ","startDuration":"4.7196","endDuration":"5.5680","wordfile":[{"path":"audios\/wordfile-6539850f7fc7b.mp3","mime":"audio\/mpeg","copyright":{"license":"U"}}]}],"files":[{"path":"audios\/files-65398471cb1aa.mp3","mime":"audio\/mpeg","copyright":{"license":"U"}}]},"subContentId":"11755b83-3bb3-4734-ae08-48fd2bc476e3","metadata":{"contentType":"Curious Reader Audio","license":"U","title":"Untitled Curious Reader Audio"}},"backgroundOpacity":0,"willDoAnimation":false,"animationType":"glow","displayAsButton":false,"buttonSize":"big","goToSlideType":"specified","invisible":false},{"x":38.26530612244898,"y":0,"width":16.198979591836736,"height":19.395465994962215,"action":{"library":"H5P.Image 1.1","params":{"contentName":"Image"},"subContentId":"236c8ad5-6e60-4a38-aae8-fd9892a68f76","metadata":{"contentType":"Image","license":"U","title":"Untitled Image"}},"backgroundOpacity":0,"willDoAnimation":true,"animationType":"glow","displayAsButton":false,"buttonSize":"big","goToSlideType":"specified","invisible":false,"id":"img11755b83-3bb3-4734-ae08-48fd2bc476e3_0"},{"x":44.642857142857146,"y":12.578715365239296,"width":21.301020408163264,"height":31.989924433249367,"action":{"library":"H5P.Image 1.1","params":{"contentName":"Image"},"subContentId":"093a40de-04f6-491e-bd7d-bde26b586f5f","metadata":{"contentType":"Image","license":"U","title":"Untitled Image"}},"backgroundOpacity":0,"willDoAnimation":true,"animationType":"glow","displayAsButton":false,"buttonSize":"big","goToSlideType":"specified","invisible":false,"id":"img11755b83-3bb3-4734-ae08-48fd2bc476e3_3"}],"slideBackgroundSelector":{}},{"elements":[{"x":21.875,"y":82.42009132420091,"width":55.55555555555555,"height":15.981735159817353,"action":{"library":"H5P.CRAdvancedText 1.1","params":{"text":"<p style=\"text-align: center;\"><span style=\"color:#ffffff;\"><span style=\"font-size:2.25em;\">Golo m\u00ebn na naaw.<\/span><\/span><\/p>\n"},"subContentId":"14e73cd5-4a6d-4738-8154-74732cbc1a18","metadata":{"contentType":"Text","license":"U","title":"Untitled Text"}},"alwaysDisplayComments":false,"backgroundOpacity":0,"willDoAnimation":false,"animationType":"glow","displayAsButton":false,"buttonSize":"big","goToSlideType":"specified","invisible":false,"solution":""},{"x":27.777777777778,"y":12.188619313696,"width":44.01049382716,"height":69.211728807153,"action":{"library":"H5P.Image 1.1","params":{"contentName":"Image","file":{"path":"images\/file-61b0fec0c4e2a.jpg","mime":"image\/jpeg","copyright":{"license":"U"},"width":1024,"height":735}},"subContentId":"52e4a3f2-1859-4fc8-851a-b129d5aa76ce","metadata":{"contentType":"Image","license":"U","title":"Untitled Image"}},"backgroundOpacity":0,"willDoAnimation":false,"animationType":"glow","displayAsButton":false,"buttonSize":"big","goToSlideType":"specified","invisible":false},{"x":47.00255102040816,"y":43.95465994962216,"width":40,"height":40,"action":{"library":"H5P.CRAudio 1.4","params":{"fitToWrapper":true,"currIndex":6,"playerMode":"minimalistic","controls":true,"autoplay":true,"playAudio":"Play audio","pauseAudio":"Pause audio","contentName":"Audio","glowColor":"#ffd85a","timeStampForEachText":[{"text":" Golo ","startDuration":"0.6657","endDuration":"1.4442","wordfile":[{"path":"audios\/wordfile-653961f8bedb8.mp3","mime":"audio\/mpeg","copyright":{"license":"U"}}]},{"text":" m\u00ebn ","startDuration":"2.1873","endDuration":"2.7257","wordfile":[{"path":"audios\/wordfile-6539630fcd8f8.mp3","mime":"audio\/mpeg","copyright":{"license":"U"}}]},{"text":" na ","startDuration":"2.7267","endDuration":"2.9267","wordfile":[{"path":"audios\/wordfile-6539635088861.mp3","mime":"audio\/mpeg","copyright":{"license":"U"}}]},{"text":" naaw. ","startDuration":"2.9277","endDuration":"3.4988","wordfile":[{"path":"audios\/wordfile-653963aab0cc3.mp3","mime":"audio\/mpeg","copyright":{"license":"U"}}]}],"files":[{"path":"audios\/files-653961ba29375.mp3","mime":"audio\/mpeg","copyright":{"license":"U"}}]},"subContentId":"f38c1c65-d6e5-4286-805b-fedccdb724df","metadata":{"contentType":"Curious Reader Audio","license":"U","title":"Untitled Curious Reader Audio"}},"backgroundOpacity":0,"willDoAnimation":false,"animationType":"glow","displayAsButton":false,"buttonSize":"big","goToSlideType":"specified","invisible":false},{"x":28.06122448979592,"y":22.670025188916874,"width":21.301020408163264,"height":40.050377833753146,"action":{"library":"H5P.Image 1.1","params":{"contentName":"Image"},"subContentId":"00948fb7-ad5e-4f0f-9ad5-21b6289ef08c","metadata":{"contentType":"Image","license":"U","title":"Untitled Image"}},"backgroundOpacity":0,"willDoAnimation":true,"animationType":"glow","displayAsButton":false,"buttonSize":"big","goToSlideType":"specified","invisible":false,"id":"imgf38c1c65-d6e5-4286-805b-fedccdb724df_0"},{"x":42.09183673469388,"y":35.26448362720403,"width":9.821428571428571,"height":18.387909319899244,"action":{"library":"H5P.Image 1.1","params":{"contentName":"Image"},"subContentId":"1fe3c211-f31c-4606-ae1a-5d5f7bef0354","metadata":{"contentType":"Image","license":"U","title":"Untitled Image"}},"backgroundOpacity":0,"willDoAnimation":true,"animationType":"glow","displayAsButton":false,"buttonSize":"big","goToSlideType":"specified","invisible":false,"id":"imgf38c1c65-d6e5-4286-805b-fedccdb724df_3"},{"x":25.510204081632654,"y":40.29042821158691,"width":8.545918367346939,"height":19.395465994962215,"action":{"library":"H5P.Image 1.1","params":{"contentName":"Image"},"subContentId":"945c7b2c-0778-4fad-acc1-bb32f1fcb3ac","metadata":{"contentType":"Image","license":"U","title":"Untitled Image"}},"backgroundOpacity":0,"willDoAnimation":true,"animationType":"glow","displayAsButton":false,"buttonSize":"big","goToSlideType":"specified","invisible":false,"id":"imgf38c1c65-d6e5-4286-805b-fedccdb724df_3"}],"slideBackgroundSelector":{}},{"elements":[{"x":6.377551020408164,"y":70.52896725440806,"width":85.58673469387755,"height":29.471032745591938,"action":{"library":"H5P.CRAdvancedText 1.1","params":{"text":"<p style=\"text-align: center;\"><span style=\"color:#ffffff;\"><span style=\"font-size:2.25em;\">Xodd da\u00f1uy naaw. Picc bi di kalaw m\u00ebn na naaw.<\/span><\/span><\/p>\n"},"subContentId":"3356dfe9-365b-4c8d-bc61-ae25cd8a59b9","metadata":{"contentType":"Text","license":"U","title":"Untitled Text"}},"alwaysDisplayComments":false,"backgroundOpacity":0,"willDoAnimation":false,"animationType":"glow","displayAsButton":false,"buttonSize":"big","goToSlideType":"specified","invisible":false,"solution":""},{"x":26.785714285714285,"y":5.037783375314861,"width":44.753086419753,"height":67.911305392215,"action":{"library":"H5P.Image 1.1","params":{"contentName":"Image","file":{"path":"images\/file-61b0ff34353af.jpg","mime":"image\/jpeg","copyright":{"license":"U"},"width":1024,"height":735}},"subContentId":"580663a1-010f-4e6f-9bb7-5f9704caa53c","metadata":{"contentType":"Image","license":"U","title":"Untitled Image"}},"backgroundOpacity":0,"willDoAnimation":false,"animationType":"glow","displayAsButton":false,"buttonSize":"big","goToSlideType":"specified","invisible":false},{"x":47.00255102040816,"y":43.95465994962216,"width":40,"height":40,"action":{"library":"H5P.CRAudio 1.4","params":{"fitToWrapper":true,"currIndex":7,"playerMode":"minimalistic","controls":true,"autoplay":true,"playAudio":"Play audio","pauseAudio":"Pause audio","contentName":"Audio","glowColor":"#ffd85a","timeStampForEachText":[{"text":" Xodd ","startDuration":"0.4483","endDuration":"1.2618","wordfile":[{"path":"audios\/wordfile-653985734ba78.mp3","mime":"audio\/mpeg","copyright":{"license":"U"}}]},{"text":" da\u00f1uy ","startDuration":"1.4752","endDuration":"1.9426","wordfile":[{"path":"audios\/wordfile-653985a7e0068.mp3","mime":"audio\/mpeg","copyright":{"license":"U"}}]},{"text":" naaw. ","startDuration":"1.9436","endDuration":"2.4818","wordfile":[{"path":"audios\/wordfile-653985bf0f2e0.mp3","mime":"audio\/mpeg","copyright":{"license":"U"}}]},{"text":" Picc ","startDuration":"2.8053","endDuration":"3.2570","wordfile":[{"path":"audios\/wordfile-653985d60c43a.mp3","mime":"audio\/mpeg","copyright":{"license":"U"}}]},{"text":" bi ","startDuration":"3.2580","endDuration":"3.4580","wordfile":[{"path":"audios\/wordfile-653985eeabcde.mp3","mime":"audio\/mpeg","copyright":{"license":"U"}}]},{"text":" di ","startDuration":"3.4590","endDuration":"3.7219","wordfile":[{"path":"audios\/wordfile-65398609be1c6.mp3","mime":"audio\/mpeg","copyright":{"license":"U"}}]},{"text":" kalaw ","startDuration":"3.7229","endDuration":"4.3870","wordfile":[{"path":"audios\/wordfile-6539862c99ed0.mp3","mime":"audio\/mpeg","copyright":{"license":"U"}}]},{"text":" m\u00ebn ","startDuration":"4.3880","endDuration":"4.7925","wordfile":[{"path":"audios\/wordfile-6539865720bb2.mp3","mime":"audio\/mpeg","copyright":{"license":"U"}}]},{"text":" na ","startDuration":"4.7935","endDuration":"4.9935","wordfile":[{"path":"audios\/wordfile-6539869a8d484.mp3","mime":"audio\/mpeg","copyright":{"license":"U"}}]},{"text":" naaw. ","startDuration":"4.9945","endDuration":"5.5642","wordfile":[{"path":"audios\/wordfile-653986b11f1af.mp3","mime":"audio\/mpeg","copyright":{"license":"U"}}]}],"files":[{"path":"audios\/files-65398551de123.mp3","mime":"audio\/mpeg","copyright":{"license":"U"}}]},"subContentId":"921b7bc5-b292-436f-a90d-c1aedd49723e","metadata":{"contentType":"Curious Reader Audio","license":"U","title":"Untitled Curious Reader Audio"}},"backgroundOpacity":0,"willDoAnimation":false,"animationType":"glow","displayAsButton":false,"buttonSize":"big","goToSlideType":"specified","invisible":false},{"x":28.06122448979592,"y":7.556675062972292,"width":17.474489795918366,"height":28.463476070528966,"action":{"library":"H5P.Image 1.1","params":{"contentName":"Image"},"subContentId":"db8e10e6-71e1-4f8c-8615-a6c89bdf4f58","metadata":{"contentType":"Image","license":"U","title":"Untitled Image"}},"backgroundOpacity":0,"willDoAnimation":true,"animationType":"glow","displayAsButton":false,"buttonSize":"big","goToSlideType":"specified","invisible":false,"id":"img921b7bc5-b292-436f-a90d-c1aedd49723e_0"},{"x":38.26428571428572,"y":29.94332493702771,"width":15.561224489795919,"height":24.43324937027708,"action":{"library":"H5P.Image 1.1","params":{"contentName":"Image"},"subContentId":"e3f541a1-1b8d-4770-b8bf-76717513fdad","metadata":{"contentType":"Image","license":"U","title":"Untitled Image"}},"backgroundOpacity":0,"willDoAnimation":true,"animationType":"glow","displayAsButton":false,"buttonSize":"big","goToSlideType":"specified","invisible":false,"id":"img921b7bc5-b292-436f-a90d-c1aedd49723e_3"},{"x":38.26428571428572,"y":27.676322418136017,"width":14.923469387755102,"height":26.952141057934508,"action":{"library":"H5P.Image 1.1","params":{"contentName":"Image"},"subContentId":"00620973-3dd4-48e9-8ce0-11a58818d381","metadata":{"contentType":"Image","license":"U","title":"Untitled Image"}},"backgroundOpacity":0,"willDoAnimation":true,"animationType":"glow","displayAsButton":false,"buttonSize":"big","goToSlideType":"specified","invisible":false,"id":"img921b7bc5-b292-436f-a90d-c1aedd49723e_4"},{"x":38.26428571428572,"y":27.676322418136017,"width":14.923469387755102,"height":24.43324937027708,"action":{"library":"H5P.Image 1.1","params":{"contentName":"Image"},"subContentId":"0c6dc985-c5ff-4e8b-9536-f6687220f174","metadata":{"contentType":"Image","license":"U","title":"Untitled Image"}},"backgroundOpacity":0,"willDoAnimation":true,"animationType":"glow","displayAsButton":false,"buttonSize":"big","goToSlideType":"specified","invisible":false,"id":"img921b7bc5-b292-436f-a90d-c1aedd49723e_5"},{"x":36.98979591836735,"y":30.19521410579345,"width":16.198979591836736,"height":24.43324937027708,"action":{"library":"H5P.Image 1.1","params":{"contentName":"Image"},"subContentId":"d033aa8b-4b09-4430-a422-041f1bfb4f2c","metadata":{"contentType":"Image","license":"U","title":"Untitled Image"}},"backgroundOpacity":0,"willDoAnimation":true,"animationType":"glow","displayAsButton":false,"buttonSize":"big","goToSlideType":"specified","invisible":false,"id":"img921b7bc5-b292-436f-a90d-c1aedd49723e_6"}],"slideBackgroundSelector":{"fillSlideBackground":"#ecf9ff"}},{"elements":[{"x":21.683673469387756,"y":83.1234256926952,"width":56.24999999999999,"height":15.981735159817353,"action":{"library":"H5P.CRAdvancedText 1.1","params":{"text":"<p dir=\"ltr\" style=\"text-align: center;\"><span style=\"color:#ffffff;\"><span style=\"font-size:2.25em;\">Gaynd\u00e9 m\u00ebnul naaw.&nbsp;<\/span><\/span><\/p>\n"},"subContentId":"8ff82313-5269-459d-b5c1-b55c06910945","metadata":{"contentType":"Text","license":"U","title":"Untitled Text"}},"alwaysDisplayComments":false,"backgroundOpacity":0,"willDoAnimation":false,"animationType":"glow","displayAsButton":false,"buttonSize":"big","goToSlideType":"specified","invisible":false,"solution":""},{"x":29.86111111111111,"y":8.219178082191782,"width":40.04629629629629,"height":73.05936073059361,"action":{"library":"H5P.Image 1.1","params":{"contentName":"Image","file":{"path":"images\/file-61b0ff878c04b.jpg","mime":"image\/jpeg","copyright":{"license":"U"},"width":1024,"height":1104}},"subContentId":"5928b405-996a-438d-8cd5-4436cb6fd38e","metadata":{"contentType":"Image","license":"U","title":"Untitled Image"}},"backgroundOpacity":0,"willDoAnimation":false,"animationType":"glow","displayAsButton":false,"buttonSize":"big","goToSlideType":"specified","invisible":false},{"x":47.00255102040816,"y":43.95465994962216,"width":40,"height":40,"action":{"library":"H5P.CRAudio 1.4","params":{"fitToWrapper":true,"currIndex":8,"playerMode":"minimalistic","controls":true,"autoplay":true,"playAudio":"Play audio","pauseAudio":"Pause audio","contentName":"Audio","glowColor":"#ffd85a","timeStampForEachText":[{"text":" Gaynd\u00e9 ","startDuration":"0.3887","endDuration":"1.1548","wordfile":[{"path":"audios\/wordfile-6539654de50ed.mp3","mime":"audio\/mpeg","copyright":{"license":"U"}}]},{"text":" m\u00ebnul ","startDuration":"1.4177","endDuration":"1.9515","wordfile":[{"path":"audios\/wordfile-6539657cb3668.mp3","mime":"audio\/mpeg","copyright":{"license":"U"}}]},{"text":" naaw.\u00a0 ","startDuration":"1.9525","endDuration":"2.5919","wordfile":[{"path":"audios\/wordfile-653965aa36c9e.mp3","mime":"audio\/mpeg","copyright":{"license":"U"}}]}],"files":[{"path":"audios\/files-6539651eb4f79.mp3","mime":"audio\/mpeg","copyright":{"license":"U"}}]},"subContentId":"22b86cd7-4f08-4050-9eb2-0c590b9963f1","metadata":{"contentType":"Curious Reader Audio","license":"U","title":"Untitled Curious Reader Audio"}},"backgroundOpacity":0,"willDoAnimation":false,"animationType":"glow","displayAsButton":false,"buttonSize":"big","goToSlideType":"specified","invisible":false},{"x":34.43775510204082,"y":10.059823677581864,"width":32.78061224489796,"height":47.10327455919395,"action":{"library":"H5P.Image 1.1","params":{"contentName":"Image"},"subContentId":"205841c0-cd6e-47c0-bb74-b8aa225351f2","metadata":{"contentType":"Image","license":"U","title":"Untitled Image"}},"backgroundOpacity":0,"willDoAnimation":true,"animationType":"glow","displayAsButton":false,"buttonSize":"big","goToSlideType":"specified","invisible":false,"id":"img22b86cd7-4f08-4050-9eb2-0c590b9963f1_0"},{"x":54.8469387755102,"y":20.14523929471033,"width":13.26530612244898,"height":24.43324937027708,"action":{"library":"H5P.Image 1.1","params":{"contentName":"Image"},"subContentId":"f61786f8-cbf1-4aad-acdc-99aa262ac00c","metadata":{"contentType":"Image","license":"U","title":"Untitled Image"}},"backgroundOpacity":0,"willDoAnimation":true,"animationType":"glow","displayAsButton":false,"buttonSize":"big","goToSlideType":"specified","invisible":false,"id":"img22b86cd7-4f08-4050-9eb2-0c590b9963f1_2"},{"x":34.43775510204082,"y":30.19521410579345,"width":13.64795918367347,"height":21.914357682619645,"action":{"library":"H5P.Image 1.1","params":{"contentName":"Image"},"subContentId":"6356f721-251c-4741-95f9-1e3ce83c1dae","metadata":{"contentType":"Image","license":"U","title":"Untitled Image"}},"backgroundOpacity":0,"willDoAnimation":true,"animationType":"glow","displayAsButton":false,"buttonSize":"big","goToSlideType":"specified","invisible":false,"id":"img22b86cd7-4f08-4050-9eb2-0c590b9963f1_2"}],"slideBackgroundSelector":{"fillSlideBackground":"#fefaf0"}},{"elements":[{"x":2.5510204081632653,"y":70.50931989924433,"width":95.66326530612245,"height":27.455919395465994,"action":{"library":"H5P.CRAdvancedText 1.1","params":{"text":"<p style=\"text-align: center;\"><span style=\"color:#ffffff;\"><span style=\"font-size:2.25em;\">Looy bu maro\u014b m\u00ebn na naaw. Yo m\u00ebn na naaw. <\/span><\/span><\/p>\n"},"subContentId":"8f42eb8f-953d-41b9-a540-d4d6aa068468","metadata":{"contentType":"Text","license":"U","title":"Untitled Text"}},"alwaysDisplayComments":false,"backgroundOpacity":0,"willDoAnimation":false,"animationType":"glow","displayAsButton":false,"buttonSize":"big","goToSlideType":"specified","invisible":false,"solution":""},{"x":29.336734693877553,"y":2.5188916876574305,"width":39.998148148148,"height":70.111904696583,"action":{"library":"H5P.Image 1.1","params":{"contentName":"Image","file":{"path":"images\/file-61b0ffdd62fe7.jpg","mime":"image\/jpeg","copyright":{"license":"U"},"width":1024,"height":1104}},"subContentId":"cc6cd9db-3039-4e22-a988-023108227c98","metadata":{"contentType":"Image","license":"U","title":"Untitled Image"}},"backgroundOpacity":0,"willDoAnimation":false,"animationType":"glow","displayAsButton":false,"buttonSize":"big","goToSlideType":"specified","invisible":false},{"x":47.00255102040816,"y":43.95465994962216,"width":40,"height":40,"action":{"library":"H5P.CRAudio 1.4","params":{"fitToWrapper":true,"currIndex":9,"playerMode":"minimalistic","controls":true,"autoplay":true,"playAudio":"Play audio","pauseAudio":"Pause audio","contentName":"Audio","glowColor":"#ffd85a","timeStampForEachText":[{"text":" Looy ","startDuration":"0.3114","endDuration":"1.1698","wordfile":[{"path":"audios\/wordfile-653966225375e.mp3","mime":"audio\/mpeg","copyright":{"license":"U"}}]},{"text":" bu ","startDuration":"1.3932","endDuration":"1.7089","wordfile":[{"path":"audios\/wordfile-65396657eeac3.mp3","mime":"audio\/mpeg","copyright":{"license":"U"}}]},{"text":" maro\u014b ","startDuration":"1.7099","endDuration":"2.3815","wordfile":[{"path":"audios\/wordfile-6539667e99cbb.mp3","mime":"audio\/mpeg","copyright":{"license":"U"}}]},{"text":" m\u00ebn ","startDuration":"2.3825","endDuration":"2.9651","wordfile":[{"path":"audios\/wordfile-6539669921e22.mp3","mime":"audio\/mpeg","copyright":{"license":"U"}}]},{"text":" na ","startDuration":"2.9661","endDuration":"3.1661","wordfile":[{"path":"audios\/wordfile-653966beba7b0.mp3","mime":"audio\/mpeg","copyright":{"license":"U"}}]},{"text":" naaw. ","startDuration":"3.1671","endDuration":"3.8031","wordfile":[{"path":"audios\/wordfile-653966f14ece8.mp3","mime":"audio\/mpeg","copyright":{"license":"U"}}]},{"text":" Yo ","startDuration":"4.2579","endDuration":"4.9027","wordfile":[{"path":"audios\/wordfile-65396710bb8ed.mp3","mime":"audio\/mpeg","copyright":{"license":"U"}}]},{"text":" m\u00ebn ","startDuration":"4.9037","endDuration":"5.4062","wordfile":[{"path":"audios\/wordfile-65396750555ca.mp3","mime":"audio\/mpeg","copyright":{"license":"U"}}]},{"text":" na ","startDuration":"5.4072","endDuration":"5.6072","wordfile":[{"path":"audios\/wordfile-6539677c628f9.mp3","mime":"audio\/mpeg","copyright":{"license":"U"}}]},{"text":" naaw. ","startDuration":"5.6082","endDuration":"6.2353","wordfile":[{"path":"audios\/wordfile-653967a15b963.mp3","mime":"audio\/mpeg","copyright":{"license":"U"}}]}],"files":[{"path":"audios\/files-653965f79ff0a.mp3","mime":"audio\/mpeg","copyright":{"license":"U"}}]},"subContentId":"32d79ca9-cb1d-4ad0-84ee-2391f4491b1d","metadata":{"contentType":"Curious Reader Audio","license":"U","title":"Untitled Curious Reader Audio"}},"backgroundOpacity":0,"willDoAnimation":false,"animationType":"glow","displayAsButton":false,"buttonSize":"big","goToSlideType":"specified","invisible":false},{"x":39.54081632653061,"y":30.226700251889167,"width":12.372448979591837,"height":14.357682619647354,"action":{"library":"H5P.Image 1.1","params":{"contentName":"Image"},"subContentId":"bdeed1b8-eea8-48d0-ae63-be7eb422af61","metadata":{"contentType":"Image","license":"U","title":"Untitled Image"}},"backgroundOpacity":0,"willDoAnimation":true,"animationType":"glow","displayAsButton":false,"buttonSize":"big","goToSlideType":"specified","invisible":false,"id":"img32d79ca9-cb1d-4ad0-84ee-2391f4491b1d_6"},{"x":46.12563775510204,"y":5.0338539042821155,"width":20.66326530612245,"height":21.914357682619645,"action":{"library":"H5P.Image 1.1","params":{"contentName":"Image"},"subContentId":"7868ab91-6e13-4aa3-a9a6-739c0b798e3b","metadata":{"contentType":"Image","license":"U","title":"Untitled Image"}},"backgroundOpacity":0,"willDoAnimation":true,"animationType":"glow","displayAsButton":false,"buttonSize":"big","goToSlideType":"specified","invisible":false,"id":"img32d79ca9-cb1d-4ad0-84ee-2391f4491b1d_1"},{"x":47.19387755102041,"y":2.5188916876574305,"width":18.75,"height":26.952141057934508,"action":{"library":"H5P.Image 1.1","params":{"contentName":"Image"},"subContentId":"c93906f7-3d78-420e-b6ef-32d3226d6a00","metadata":{"contentType":"Image","license":"U","title":"Untitled Image"}},"backgroundOpacity":0,"willDoAnimation":true,"animationType":"glow","displayAsButton":false,"buttonSize":"big","goToSlideType":"specified","invisible":false,"id":"img32d79ca9-cb1d-4ad0-84ee-2391f4491b1d_0"},{"x":48.46938775510204,"y":0,"width":18.75,"height":29.471032745591938,"action":{"library":"H5P.Image 1.1","params":{"contentName":"Image"},"subContentId":"79820b90-c0de-46fa-852b-43ee4d4c2db6","metadata":{"contentType":"Image","license":"U","title":"Untitled Image"}},"backgroundOpacity":0,"willDoAnimation":true,"animationType":"glow","displayAsButton":false,"buttonSize":"big","goToSlideType":"specified","invisible":false,"id":"img32d79ca9-cb1d-4ad0-84ee-2391f4491b1d_2"}],"slideBackgroundSelector":{"fillSlideBackground":"#fffcec"}},{"slideBackgroundSelector":{},"elements":[{"x":21.683673469387756,"y":83.10514194003089,"width":57.638888888888886,"height":16.894977168949772,"action":{"library":"H5P.CRAdvancedText 1.1","params":{"text":"<p dir=\"ltr\" style=\"text-align: center;\"><span style=\"color:#ffffff;\"><span style=\"font-size:2.25em;\">Xar m\u00ebnul naaw.&nbsp;<\/span><\/span><\/p>\n"},"subContentId":"9249b888-af86-4826-b72c-7e7d2636fa87","metadata":{"contentType":"Text","license":"U","title":"Untitled Text"}},"alwaysDisplayComments":false,"backgroundOpacity":0,"willDoAnimation":false,"animationType":"glow","displayAsButton":false,"buttonSize":"big","goToSlideType":"specified","invisible":false,"solution":""},{"x":29.292476851851852,"y":6.837899543378994,"width":40.04629629629629,"height":74.88584474885845,"action":{"library":"H5P.Image 1.1","params":{"contentName":"Image","file":{"path":"images\/file-61b10059a6585.jpg","mime":"image\/jpeg","copyright":{"license":"U"},"width":1024,"height":1104}},"subContentId":"26b1b6f3-ad5c-4b8c-9483-f8737f9c517c","metadata":{"contentType":"Image","license":"U","title":"Untitled Image"}},"backgroundOpacity":0,"willDoAnimation":false,"animationType":"glow","displayAsButton":false,"buttonSize":"big","goToSlideType":"specified","invisible":false},{"x":47.00255102040816,"y":43.95465994962216,"width":40,"height":40,"action":{"library":"H5P.CRAudio 1.4","params":{"fitToWrapper":true,"currIndex":10,"playerMode":"minimalistic","controls":true,"autoplay":true,"playAudio":"Play audio","pauseAudio":"Pause audio","contentName":"Audio","glowColor":"#ffd85a","timeStampForEachText":[{"text":" Xar ","startDuration":"0.2663","endDuration":"0.7483","wordfile":[{"path":"audios\/wordfile-653967cf84541.mp3","mime":"audio\/mpeg","copyright":{"license":"U"}}]},{"text":" m\u00ebnul ","startDuration":"0.7493","endDuration":"1.4694","wordfile":[{"path":"audios\/wordfile-653967ed151ad.mp3","mime":"audio\/mpeg","copyright":{"license":"U"}}]},{"text":" naaw.\u00a0 ","startDuration":"1.4704","endDuration":"1.9273","wordfile":[{"path":"audios\/wordfile-6539681bae4f6.mp3","mime":"audio\/mpeg","copyright":{"license":"U"}}]}],"files":[{"path":"audios\/files-653967b248b1f.mp3","mime":"audio\/mpeg","copyright":{"license":"U"}}]},"subContentId":"2e8c0613-a0be-4406-90e9-78efb15d3802","metadata":{"contentType":"Curious Reader Audio","license":"U","title":"Untitled Curious Reader Audio"}},"backgroundOpacity":0,"willDoAnimation":false,"animationType":"glow","displayAsButton":false,"buttonSize":"big","goToSlideType":"specified","invisible":false},{"x":36.98979591836735,"y":15.101536523929472,"width":25.127551020408163,"height":40.050377833753146,"action":{"library":"H5P.Image 1.1","params":{"contentName":"Image"},"subContentId":"c804bb74-2303-481a-854b-33923b5f99cf","metadata":{"contentType":"Image","license":"U","title":"Untitled Image"}},"backgroundOpacity":0,"willDoAnimation":true,"animationType":"glow","displayAsButton":false,"buttonSize":"big","goToSlideType":"specified","invisible":false,"id":"img2e8c0613-a0be-4406-90e9-78efb15d3802_0"},{"x":51.02040816326531,"y":20.12750629722922,"width":9.821428571428571,"height":21.914357682619645,"action":{"library":"H5P.Image 1.1","params":{"contentName":"Image"},"subContentId":"3df1f688-3fdc-431d-8d6f-a5ad0058cf4f","metadata":{"contentType":"Image","license":"U","title":"Untitled Image"}},"backgroundOpacity":0,"willDoAnimation":true,"animationType":"glow","displayAsButton":false,"buttonSize":"big","goToSlideType":"specified","invisible":false,"id":"img2e8c0613-a0be-4406-90e9-78efb15d3802_2"},{"x":34.43775510204082,"y":25.181057934508814,"width":10.714285714285715,"height":19.395465994962215,"action":{"library":"H5P.Image 1.1","params":{"contentName":"Image"},"subContentId":"2458dccf-c804-411c-9f7d-09dbda86219a","metadata":{"contentType":"Image","license":"U","title":"Untitled Image"}},"backgroundOpacity":0,"willDoAnimation":true,"animationType":"glow","displayAsButton":false,"buttonSize":"big","goToSlideType":"specified","invisible":false,"id":"img2e8c0613-a0be-4406-90e9-78efb15d3802_2"}]},{"elements":[{"x":18.501157407407405,"y":81.9634703196347,"width":63.657407407407405,"height":17.808219178082194,"action":{"library":"H5P.CRAdvancedText 1.1","params":{"text":"<p style=\"text-align: center;\"><span style=\"color:#ffffff;\"><span style=\"font-size:2.25em;\">Benn bis din\u00e9en naaw. <\/span><\/span><\/p>\n"},"subContentId":"83c2fc9c-eaf0-4b40-a1c1-9784f7c482bc","metadata":{"contentType":"Text","license":"U","title":"Untitled Text"}},"alwaysDisplayComments":false,"backgroundOpacity":0,"willDoAnimation":false,"animationType":"glow","displayAsButton":false,"buttonSize":"big","goToSlideType":"specified","invisible":false,"solution":""},{"x":29.938271604938,"y":9.1402756312358,"width":39.998148148148,"height":72.84108679549,"action":{"library":"H5P.Image 1.1","params":{"contentName":"Image","file":{"path":"images\/file-61b100a8081d4.jpg","mime":"image\/jpeg","copyright":{"license":"U"},"width":1024,"height":1104}},"subContentId":"8b76f8c2-5810-4131-a1a5-9b8ad4a76d23","metadata":{"contentType":"Image","license":"U","title":"Untitled Image"}},"backgroundOpacity":0,"willDoAnimation":false,"animationType":"glow","displayAsButton":false,"buttonSize":"big","goToSlideType":"specified","invisible":false},{"x":47.00255102040816,"y":43.95465994962216,"width":40,"height":40,"action":{"library":"H5P.CRAudio 1.4","params":{"fitToWrapper":true,"currIndex":11,"playerMode":"minimalistic","controls":true,"autoplay":true,"playAudio":"Play audio","pauseAudio":"Pause audio","contentName":"Audio","glowColor":"#ffd85a","timeStampForEachText":[{"text":" Benn ","startDuration":"0.3866","endDuration":"0.9340","wordfile":[{"path":"audios\/wordfile-6539685f6d4b9.mp3","mime":"audio\/mpeg","copyright":{"license":"U"}}]},{"text":" bis ","startDuration":"0.9350","endDuration":"1.4139","wordfile":[{"path":"audios\/wordfile-65396875c3517.mp3","mime":"audio\/mpeg","copyright":{"license":"U"}}]},{"text":" din\u00e9en ","startDuration":"2.0364","endDuration":"2.5251","wordfile":[{"path":"audios\/wordfile-653968ac9de30.mp3","mime":"audio\/mpeg","copyright":{"license":"U"}}]},{"text":" naaw. ","startDuration":"2.5261","endDuration":"3.1225","wordfile":[{"path":"audios\/wordfile-653968dac7035.mp3","mime":"audio\/mpeg","copyright":{"license":"U"}}]}],"files":[{"path":"audios\/files-6539682ef2078.mp3","mime":"audio\/mpeg","copyright":{"license":"U"}}]},"subContentId":"d52036df-7f16-4147-a038-13f1bfc4f7ff","metadata":{"contentType":"Curious Reader Audio","license":"U","title":"Untitled Curious Reader Audio"}},"backgroundOpacity":0,"willDoAnimation":false,"animationType":"glow","displayAsButton":false,"buttonSize":"big","goToSlideType":"specified","invisible":false},{"x":49.744897959183675,"y":22.652317380352642,"width":19.642857142857142,"height":24.43324937027708,"action":{"library":"H5P.Image 1.1","params":{"contentName":"Image"},"subContentId":"bcc79d48-2ec4-47f0-8cdd-d02b6a29b561","metadata":{"contentType":"Image","license":"U","title":"Untitled Image"}},"backgroundOpacity":0,"willDoAnimation":true,"animationType":"glow","displayAsButton":false,"buttonSize":"big","goToSlideType":"specified","invisible":false,"id":"imgd52036df-7f16-4147-a038-13f1bfc4f7ff_3"},{"x":30.612244897959183,"y":20.14523929471033,"width":18.367346938775512,"height":19.395465994962215,"action":{"library":"H5P.Image 1.1","params":{"contentName":"Image"},"subContentId":"9c2d8349-960f-446d-a4bb-9adf5e8eea53","metadata":{"contentType":"Image","license":"U","title":"Untitled Image"}},"backgroundOpacity":0,"willDoAnimation":true,"animationType":"glow","displayAsButton":false,"buttonSize":"big","goToSlideType":"specified","invisible":false,"id":"imgd52036df-7f16-4147-a038-13f1bfc4f7ff_3"}],"slideBackgroundSelector":{}},{"elements":[{"x":10.204081632653061,"y":81.89748110831235,"width":81.88775510204081,"height":15.869017632241812,"action":{"library":"H5P.CRAdvancedText 1.1","params":{"text":"<p style=\"text-align: center;\"><span style=\"color:#ffffff;\"><span style=\"font-size:2.25em;\">Dama b\u00ebgg a naaw tamit. <\/span><\/span><\/p>\n"},"subContentId":"9006e6d0-6266-4083-b818-aef4ddd9e976","metadata":{"contentType":"Text","license":"U","title":"Untitled Text"}},"alwaysDisplayComments":false,"backgroundOpacity":0,"willDoAnimation":false,"animationType":"glow","displayAsButton":false,"buttonSize":"big","goToSlideType":"specified","invisible":false,"solution":""},{"x":23.611111111111,"y":12.193374729841,"width":53.199691358025,"height":68.573405640045,"action":{"library":"H5P.Image 1.1","params":{"contentName":"Image","file":{"path":"images\/file-61b101017a9d3.jpg","mime":"image\/jpeg","copyright":{"license":"U"},"width":1024,"height":735}},"subContentId":"230caaa9-077c-47f7-9950-e4753e476929","metadata":{"contentType":"Image","license":"U","title":"Untitled Image"}},"backgroundOpacity":0,"willDoAnimation":false,"animationType":"glow","displayAsButton":false,"buttonSize":"big","goToSlideType":"specified","invisible":false},{"x":47.00255102040816,"y":43.95465994962216,"width":40,"height":40,"action":{"library":"H5P.CRAudio 1.4","params":{"fitToWrapper":true,"currIndex":12,"playerMode":"minimalistic","controls":true,"autoplay":true,"playAudio":"Play audio","pauseAudio":"Pause audio","contentName":"Audio","glowColor":"#ffd85a","timeStampForEachText":[{"text":" Dama ","startDuration":"0.2357","endDuration":"0.9771","wordfile":[{"path":"audios\/wordfile-65396918738de.mp3","mime":"audio\/mpeg","copyright":{"license":"U"}}]},{"text":" b\u00ebgg ","startDuration":"0.9781","endDuration":"1.3964","wordfile":[{"path":"audios\/wordfile-653969374cfb0.mp3","mime":"audio\/mpeg","copyright":{"license":"U"}}]},{"text":" a ","startDuration":"1.3886","endDuration":"1.5450","wordfile":[{"path":"audios\/wordfile-653969832e3f8.mp3","mime":"audio\/mpeg","copyright":{"license":"U"}}]},{"text":" naaw ","startDuration":"1.5460","endDuration":"2.1651","wordfile":[{"path":"audios\/wordfile-653969a525121.mp3","mime":"audio\/mpeg","copyright":{"license":"U"}}]},{"text":" tamit. ","startDuration":"2.4149","endDuration":"2.8943","wordfile":[{"path":"audios\/wordfile-653969c29f15d.mp3","mime":"audio\/mpeg","copyright":{"license":"U"}}]}],"files":[{"path":"audios\/files-653968eb4232e.mp3","mime":"audio\/mpeg","copyright":{"license":"U"}}]},"subContentId":"70224f17-a358-4e1b-a07b-48f684c1a415","metadata":{"contentType":"Curious Reader Audio","license":"U","title":"Untitled Curious Reader Audio"}},"backgroundOpacity":0,"willDoAnimation":false,"animationType":"glow","displayAsButton":false,"buttonSize":"big","goToSlideType":"specified","invisible":false},{"x":43.36734693877551,"y":15.097607052896725,"width":18.75,"height":26.952141057934508,"action":{"library":"H5P.Image 1.1","params":{"contentName":"Image"},"subContentId":"215bba3e-7141-4747-99f8-af45a07870e7","metadata":{"contentType":"Image","license":"U","title":"Untitled Image"}},"backgroundOpacity":0,"willDoAnimation":true,"animationType":"glow","displayAsButton":false,"buttonSize":"big","goToSlideType":"specified","invisible":false,"id":"img70224f17-a358-4e1b-a07b-48f684c1a415_3"}],"slideBackgroundSelector":{"fillSlideBackground":"#fef6fc"}},{"elements":[{"x":3.826530612244898,"y":7.552745591939547,"width":20.408163265306122,"height":14.86146095717884,"action":{"library":"H5P.Image 1.1","params":{"contentName":"Image","file":{"path":"images\/file-61fb296cf2c04.png","mime":"image\/png","copyright":{"license":"U"},"width":1350,"height":487}},"metadata":{"contentType":"Image","license":"U","title":"Untitled Image"},"subContentId":"4bd21364-3a8b-4f4d-8d4e-7cbeea48c8bc"},"backgroundOpacity":0,"willDoAnimation":false,"animationType":"glow","displayAsButton":false,"buttonSize":"big","goToSlideType":"specified","invisible":false},{"x":35.714285714285715,"y":7.552745591939547,"width":25.510204081632654,"height":13.853904282115868,"action":{"library":"H5P.Image 1.1","params":{"contentName":"Image","file":{"path":"images\/file-61fb29a5596cb.png","mime":"image\/png","copyright":{"license":"U"},"width":814,"height":202}},"metadata":{"contentType":"Image","license":"U","title":"Untitled Image"},"subContentId":"81e1de57-cb4f-4055-b739-0de1da4dc179"},"backgroundOpacity":0,"willDoAnimation":false,"animationType":"glow","displayAsButton":false,"buttonSize":"big","goToSlideType":"specified","invisible":false},{"x":68.87755102040816,"y":7.556675062972292,"width":30.102040816326532,"height":12.090680100755668,"action":{"library":"H5P.Image 1.1","params":{"contentName":"Image","file":{"path":"images\/file-61fb28cb969ac.jpg","mime":"image\/jpeg","copyright":{"license":"U"},"width":1732,"height":354}},"metadata":{"contentType":"Image","license":"U","title":"Untitled Image"},"subContentId":"bc3f90c1-1bbb-45ec-8227-7e382a3e0874"},"backgroundOpacity":0,"willDoAnimation":false,"animationType":"glow","displayAsButton":false,"buttonSize":"big","goToSlideType":"specified","invisible":false},{"x":5.1020408163265305,"y":35.26448362720403,"width":91.83673469387756,"height":52.896725440806044,"action":{"library":"H5P.CRAdvancedText 1.1","params":{"text":"<h3 style=\"text-align: center;\"><span style=\"font-size:1em;\"><strong>\"<\/strong><\/span>Na\u00f1u naaw<span style=\"font-size:1em;\"><strong>\" credits<\/strong><\/span><\/h3>\n\n<h3 style=\"text-align: center;\"><span style=\"font-size:1em;\">This work, \"<\/span>Na\u00f1u naaw<span style=\"font-size:1em;\">\", is a derivative of \"Let's Fly!\"&nbsp;by All Children Reading Cambodia. \u00a9 The Asia Foundation , 2018 and used under CC BY.&nbsp;\"<\/span>Na\u00f1u naaw<span style=\"font-size:1em;\">\" is licensed under CC BY 4.0 by Curious Learning.<\/span><\/h3>\n\n<h3 style=\"text-align: center;\"><br>\n<span style=\"font-size:1em;\">Book builder - Abraham Jerry Kakooza<\/span><\/h3>\n\n<p style=\"text-align: center;\">&nbsp;<\/p>\n"},"metadata":{"contentType":"Text","license":"U","title":"Untitled Text"},"subContentId":"4ae9cc3f-32bf-4fb6-8551-dad6e2102210"},"alwaysDisplayComments":false,"backgroundOpacity":0,"willDoAnimation":false,"animationType":"glow","displayAsButton":false,"buttonSize":"big","goToSlideType":"specified","invisible":false,"solution":""}],"slideBackgroundSelector":{}}],"keywordListEnabled":true,"globalBackgroundSelector":{"fillGlobalBackground":"#fbfef0"},"keywordListAlwaysShow":false,"keywordListAutoHide":false,"keywordListOpacity":90},"override":{"activeSurface":false,"hideSummarySlide":false,"summarySlideSolutionButton":true,"summarySlideRetryButton":true,"enablePrintButton":false,"social":{"showFacebookShare":false,"facebookShare":{"url":"@currentpageurl","quote":"I scored @score out of @maxScore on a task at @currentpageurl."},"showTwitterShare":false,"twitterShare":{"statement":"I scored @score out of @maxScore on a task at @currentpageurl.","url":"@currentpageurl","hashtags":"h5p, course"},"showGoogleShare":false,"googleShareUrl":"@currentpageurl"}},"l10n":{"slide":"Slide","score":"Score","yourScore":"Your Score","maxScore":"Max Score","total":"Total","totalScore":"Total Score","showSolutions":"Show solutions","retry":"Retry","exportAnswers":"Export text","hideKeywords":"Hide sidebar navigation menu","showKeywords":"Show sidebar navigation menu","fullscreen":"Fullscreen","exitFullscreen":"Exit fullscreen","prevSlide":"Previous slide","nextSlide":"Next slide","currentSlide":"Current slide","lastSlide":"Last slide","solutionModeTitle":"Exit solution mode","solutionModeText":"Solution Mode","summaryMultipleTaskText":"Multiple tasks","scoreMessage":"You achieved:","shareFacebook":"Share on Facebook","shareTwitter":"Share on Twitter","shareGoogle":"Share on Google+","summary":"Summary","solutionsButtonTitle":"Show comments","printTitle":"Print","printIngress":"How would you like to print this presentation?","printAllSlides":"Print all slides","printCurrentSlide":"Print current slide","noTitle":"No title","accessibilitySlideNavigationExplanation":"Use left and right arrow to change slide in that direction whenever canvas is selected.","accessibilityCanvasLabel":"Presentation canvas. Use left and right arrow to move between slides.","containsNotCompleted":"@slideName contains not completed interaction","containsCompleted":"@slideName contains completed interaction","slideCount":"Slide @index of @total","containsOnlyCorrect":"@slideName only has correct answers","containsIncorrectAnswers":"@slideName has incorrect answers","shareResult":"Share Result","accessibilityTotalScore":"You got @score of @maxScore points in total","accessibilityEnteredFullscreen":"Entered fullscreen","accessibilityExitedFullscreen":"Exited fullscreen"}}