{"presentation":{"slides":[{"elements":[{"x":28.935185185185183,"y":79.90867579908677,"width":40.04629629629629,"height":15.981735159817353,"action":{"library":"H5P.CRAdvancedText 1.1","params":{"text":"<p style=\"text-align: center;\"><span style=\"font-size:3em;\"><strong>Ka tubuuke<\/strong><\/span><\/p>\n"},"subContentId":"3fc48221-8afd-4155-9ac3-80b76a4b65ca","metadata":{"contentType":"Text","license":"U","title":"Untitled Text"}},"alwaysDisplayComments":false,"backgroundOpacity":0,"willDoAnimation":false,"animationType":"glow","displayAsButton":false,"buttonSize":"big","goToSlideType":"specified","invisible":false,"solution":""},{"x":15.046296296296296,"y":9.132420091324201,"width":69.44444444444444,"height":68.4931506849315,"action":{"library":"H5P.Image 1.1","params":{"contentName":"Image","file":{"path":"images\/file-61b0fbce652e3.jpg","mime":"image\/jpeg","copyright":{"license":"U"},"width":1024,"height":490}},"subContentId":"014d8b2f-4a8a-4461-926a-e3a541177038","metadata":{"contentType":"Image","license":"U","title":"Untitled Image"}},"backgroundOpacity":0,"willDoAnimation":false,"animationType":"glow","displayAsButton":false,"buttonSize":"big","goToSlideType":"specified","invisible":false}],"slideBackgroundSelector":{}},{"elements":[{"x":1.2755102040816326,"y":79.8448362720403,"width":98.72448979591837,"height":18.1360201511335,"action":{"library":"H5P.CRAdvancedText 1.1","params":{"text":"<p dir=\"ltr\" style=\"text-align: center;\"><span style=\"color:#ffffff;\"><span style=\"font-size:1.625em;\">Ekinyonyi kisobola okubuuka. Enkazaluggya esobola okubuuka.<\/span><\/span><\/p>\n"},"subContentId":"f2dd5138-ec02-472f-b010-e9e7f0b5fa8c","metadata":{"contentType":"Text","license":"U","title":"Untitled Text"}},"alwaysDisplayComments":false,"backgroundOpacity":0,"willDoAnimation":false,"animationType":"glow","displayAsButton":false,"buttonSize":"big","goToSlideType":"specified","invisible":false,"solution":""},{"x":30.09259259259259,"y":9.132420091324201,"width":41.898148148148145,"height":68.4931506849315,"action":{"library":"H5P.Image 1.1","params":{"contentName":"Image","file":{"path":"images\/file-61b0fb7e5066d.jpg","mime":"image\/jpeg","copyright":{"license":"U"},"width":1024,"height":1104}},"subContentId":"6873f686-0977-4dc0-920b-8b07ecbfb48c","metadata":{"contentType":"Image","license":"U","title":"Untitled Image"}},"backgroundOpacity":0,"willDoAnimation":false,"animationType":"glow","displayAsButton":false,"buttonSize":"big","goToSlideType":"specified","invisible":false},{"x":47.00255102040816,"y":43.95465994962216,"width":40,"height":40,"action":{"library":"H5P.CRAudio 1.4","params":{"fitToWrapper":true,"currIndex":1,"playerMode":"minimalistic","controls":true,"autoplay":true,"playAudio":"Play audio","pauseAudio":"Pause audio","contentName":"Audio","glowColor":"#ffd85a","timeStampForEachText":[{"text":" Ekinyonyi ","startDuration":"0.3994","endDuration":"1.5016","wordfile":[{"path":"audios\/wordfile-64ece06f12d43.wav","mime":"audio\/x-wav","copyright":{"license":"U"}}]},{"text":" kisobola ","startDuration":"2.0351","endDuration":"2.9155","wordfile":[{"path":"audios\/wordfile-64ece07d37a75.wav","mime":"audio\/x-wav","copyright":{"license":"U"}}]},{"text":" okubuuka. ","startDuration":"3.3898","endDuration":"4.4773","wordfile":[{"path":"audios\/wordfile-64ece08cbfc72.wav","mime":"audio\/x-wav","copyright":{"license":"U"}}]},{"text":" Enkazaluggya ","startDuration":"5.4397","endDuration":"6.8822","wordfile":[{"path":"audios\/wordfile-64ece09c75ffd.wav","mime":"audio\/x-wav","copyright":{"license":"U"}}]},{"text":" esobola ","startDuration":"7.4453","endDuration":"8.5180","wordfile":[{"path":"audios\/wordfile-64ece0ae4162b.wav","mime":"audio\/x-wav","copyright":{"license":"U"}}]},{"text":" okubuuka. ","startDuration":"8.9184","endDuration":"10.0946","wordfile":[{"path":"audios\/wordfile-64ece0bd7402e.wav","mime":"audio\/x-wav","copyright":{"license":"U"}}]}],"files":[{"path":"audios\/files-64ece0589d287.wav","mime":"audio\/x-wav","copyright":{"license":"U"}}]},"subContentId":"a3e681e0-87f8-49dc-a1af-d6be35fd76d0","metadata":{"contentType":"Curious Reader Audio","license":"U","title":"Untitled Curious Reader Audio"}},"backgroundOpacity":0,"willDoAnimation":false,"animationType":"glow","displayAsButton":false,"buttonSize":"big","goToSlideType":"specified","invisible":false},{"x":35.714285714285715,"y":12.578715365239296,"width":13.64795918367347,"height":21.914357682619645,"action":{"library":"H5P.Image 1.1","params":{"contentName":"Image"},"subContentId":"7c6622a0-8cec-476a-8088-dad71188fc72","metadata":{"contentType":"Image","license":"U","title":"Untitled Image"}},"backgroundOpacity":0,"willDoAnimation":true,"animationType":"glow","displayAsButton":false,"buttonSize":"big","goToSlideType":"specified","invisible":false,"id":"imga3e681e0-87f8-49dc-a1af-d6be35fd76d0_0"},{"x":49.744897959183675,"y":12.586599496221663,"width":22.19387755102041,"height":40.050377833753146,"action":{"library":"H5P.Image 1.1","params":{"contentName":"Image"},"subContentId":"9a86ed45-8665-44ea-b4c1-7dfa9f2041fe","metadata":{"contentType":"Image","license":"U","title":"Untitled Image"}},"backgroundOpacity":0,"willDoAnimation":true,"animationType":"glow","displayAsButton":false,"buttonSize":"big","goToSlideType":"specified","invisible":false,"id":"imga3e681e0-87f8-49dc-a1af-d6be35fd76d0_3"}],"slideBackgroundSelector":{}},{"elements":[{"x":5.1020408163265305,"y":80.53954659949622,"width":88.01020408163265,"height":18.1360201511335,"action":{"library":"H5P.CRAdvancedText 1.1","params":{"text":"<p dir=\"ltr\" style=\"text-align: center;\"><span style=\"color:#ffffff;\"><span style=\"font-size:2.25em;\">Embalaasi tesobola kubuuka.<\/span><\/span><\/p>\n"},"subContentId":"9ed4e26c-d65e-4e9e-9d8d-2e0decf0c234","metadata":{"contentType":"Text","license":"U","title":"Untitled Text"}},"alwaysDisplayComments":false,"backgroundOpacity":0,"willDoAnimation":false,"animationType":"glow","displayAsButton":false,"buttonSize":"big","goToSlideType":"specified","invisible":false,"solution":""},{"x":30.501089324619,"y":10.113312131241,"width":39.998692810458,"height":69.996385028855,"action":{"library":"H5P.Image 1.1","params":{"contentName":"Image","file":{"path":"images\/file-61b0fc3ae2444.jpg","mime":"image\/jpeg","copyright":{"license":"U"},"width":1024,"height":1104}},"subContentId":"0afc1026-ca31-4b44-93f7-53271c06508c","metadata":{"contentType":"Image","license":"U","title":"Untitled Image"}},"backgroundOpacity":0,"willDoAnimation":false,"animationType":"glow","displayAsButton":false,"buttonSize":"big","goToSlideType":"specified","invisible":false},{"x":47.00255102040816,"y":43.95465994962216,"width":40,"height":40,"action":{"library":"H5P.CRAudio 1.4","params":{"fitToWrapper":true,"currIndex":2,"playerMode":"minimalistic","controls":true,"autoplay":true,"playAudio":"Play audio","pauseAudio":"Pause audio","contentName":"Audio","glowColor":"#ffd85a","timeStampForEachText":[{"text":" Embalaasi ","startDuration":"0.6252","endDuration":"1.8826","wordfile":[{"path":"audios\/wordfile-64ece0eb25082.wav","mime":"audio\/x-wav","copyright":{"license":"U"}}]},{"text":" tesobola ","startDuration":"2.6323","endDuration":"3.4806","wordfile":[{"path":"audios\/wordfile-64ece0ffae56f.wav","mime":"audio\/x-wav","copyright":{"license":"U"}}]},{"text":" kubuuka. ","startDuration":"4.0064","endDuration":"4.8625","wordfile":[{"path":"audios\/wordfile-64ece114ae86b.wav","mime":"audio\/x-wav","copyright":{"license":"U"}}]}],"files":[{"path":"audios\/files-64ece0d812b4c.wav","mime":"audio\/x-wav","copyright":{"license":"U"}}]},"subContentId":"17399b6a-bf42-4841-8f66-51cd8402b0df","metadata":{"contentType":"Curious Reader Audio","license":"U","title":"Untitled Curious Reader Audio"}},"backgroundOpacity":0,"willDoAnimation":false,"animationType":"glow","displayAsButton":false,"buttonSize":"big","goToSlideType":"specified","invisible":false},{"x":43.36734693877551,"y":12.586599496221663,"width":17.474489795918366,"height":47.10327455919395,"action":{"library":"H5P.Image 1.1","params":{"contentName":"Image"},"subContentId":"4dde48b3-ccd6-49e4-92d7-d6775e42272b","metadata":{"contentType":"Image","license":"U","title":"Untitled Image"}},"backgroundOpacity":0,"willDoAnimation":true,"animationType":"glow","displayAsButton":false,"buttonSize":"big","goToSlideType":"specified","invisible":false,"id":"img17399b6a-bf42-4841-8f66-51cd8402b0df_0"},{"x":36.98979591836735,"y":25.188916876574307,"width":11.096938775510205,"height":14.357682619647354,"action":{"library":"H5P.Image 1.1","params":{"contentName":"Image"},"subContentId":"6f368b03-5249-4e47-941d-7811187ae430","metadata":{"contentType":"Image","license":"U","title":"Untitled Image"}},"backgroundOpacity":0,"willDoAnimation":true,"animationType":"glow","displayAsButton":false,"buttonSize":"big","goToSlideType":"specified","invisible":false,"id":"img17399b6a-bf42-4841-8f66-51cd8402b0df_2"},{"x":54.8469387755102,"y":22.670025188916874,"width":11.096938775510205,"height":19.395465994962215,"action":{"library":"H5P.Image 1.1","params":{"contentName":"Image"},"subContentId":"17242cfa-af24-4518-8ac2-424c2efaa4c5","metadata":{"contentType":"Image","license":"U","title":"Untitled Image"}},"backgroundOpacity":0,"willDoAnimation":true,"animationType":"glow","displayAsButton":false,"buttonSize":"big","goToSlideType":"specified","invisible":false,"id":"img17399b6a-bf42-4841-8f66-51cd8402b0df_2"}],"slideBackgroundSelector":{}},{"elements":[{"x":1.2755102040816326,"y":75.52745591939546,"width":98.21428571428572,"height":24.43324937027708,"action":{"library":"H5P.CRAdvancedText 1.1","params":{"text":"<p dir=\"ltr\" style=\"text-align: center;\"><span style=\"color:#ffffff;\"><span style=\"font-size:1.75em;\">Ensowera esobola okubuuka . Sikada esobola okubuuka.&nbsp;<\/span><\/span><\/p>\n"},"subContentId":"0cf160d5-1d99-464d-8bfd-b55f25dda2e5","metadata":{"contentType":"Text","license":"U","title":"Untitled Text"}},"alwaysDisplayComments":false,"backgroundOpacity":0,"willDoAnimation":false,"animationType":"glow","displayAsButton":false,"buttonSize":"big","goToSlideType":"specified","invisible":false,"solution":""},{"x":30.092592592593,"y":10.974037256856,"width":39.998148148148,"height":66.796830941908,"action":{"library":"H5P.Image 1.1","params":{"contentName":"Image","file":{"path":"images\/file-61b0fcf6e4c40.jpg","mime":"image\/jpeg","copyright":{"license":"U"},"width":1024,"height":735}},"subContentId":"2532a18a-2727-4f64-be17-735beb7a0cce","metadata":{"contentType":"Image","license":"U","title":"Untitled Image"}},"backgroundOpacity":0,"willDoAnimation":false,"animationType":"glow","displayAsButton":false,"buttonSize":"big","goToSlideType":"specified","invisible":false},{"x":47.00255102040816,"y":43.95465994962216,"width":40,"height":40,"action":{"library":"H5P.CRAudio 1.4","params":{"fitToWrapper":true,"currIndex":3,"playerMode":"minimalistic","controls":true,"autoplay":true,"playAudio":"Play audio","pauseAudio":"Pause audio","contentName":"Audio","glowColor":"#ffd85a","timeStampForEachText":[{"text":" Ensowera ","startDuration":"0.1012","endDuration":"1.2250","wordfile":[{"path":"audios\/wordfile-64ece13fc9caa.wav","mime":"audio\/x-wav","copyright":{"license":"U"}}]},{"text":" esobola ","startDuration":"1.7955","endDuration":"2.9319","wordfile":[{"path":"audios\/wordfile-64ece14e70a69.wav","mime":"audio\/x-wav","copyright":{"license":"U"}}]},{"text":" okubuuka . ","startDuration":"3.0721","endDuration":"4.2592","wordfile":[{"path":"audios\/wordfile-64ece15e0885a.wav","mime":"audio\/x-wav","copyright":{"license":"U"}}]},{"text":" Sikada ","startDuration":"4.8676","endDuration":"5.9155","wordfile":[{"path":"audios\/wordfile-64ece17182cf1.wav","mime":"audio\/x-wav","copyright":{"license":"U"}}]},{"text":" esobola ","startDuration":"6.4353","endDuration":"7.4832","wordfile":[{"path":"audios\/wordfile-64ece1854440c.wav","mime":"audio\/x-wav","copyright":{"license":"U"}}]},{"text":" okubuuka.\u00a0 ","startDuration":"7.7626","endDuration":"8.9244","wordfile":[{"path":"audios\/wordfile-64ece197b5ae3.wav","mime":"audio\/x-wav","copyright":{"license":"U"}}]}],"files":[{"path":"audios\/files-64ece12c44618.wav","mime":"audio\/x-wav","copyright":{"license":"U"}}]},"subContentId":"13973552-d2fc-4fe0-932d-3bdf37817c7e","metadata":{"contentType":"Curious Reader Audio","license":"U","title":"Untitled Curious Reader Audio"}},"backgroundOpacity":0,"willDoAnimation":false,"animationType":"glow","displayAsButton":false,"buttonSize":"big","goToSlideType":"specified","invisible":false},{"x":34.43775510204082,"y":42.809319899244336,"width":16.198979591836736,"height":19.8992443324937,"action":{"library":"H5P.Image 1.1","params":{"contentName":"Image"},"subContentId":"9b1e6a25-ed6f-42d2-b524-095b6d78964c","metadata":{"contentType":"Image","license":"U","title":"Untitled Image"}},"backgroundOpacity":0,"willDoAnimation":true,"animationType":"glow","displayAsButton":false,"buttonSize":"big","goToSlideType":"specified","invisible":false,"id":"img13973552-d2fc-4fe0-932d-3bdf37817c7e_0"},{"x":38.26428571428572,"y":22.646397984886647,"width":13.64795918367347,"height":14.357682619647354,"action":{"library":"H5P.Image 1.1","params":{"contentName":"Image"},"subContentId":"81dcf5c9-a506-4207-8ab8-8e0c836414e8","metadata":{"contentType":"Image","license":"U","title":"Untitled Image"}},"backgroundOpacity":0,"willDoAnimation":true,"animationType":"glow","displayAsButton":false,"buttonSize":"big","goToSlideType":"specified","invisible":false,"id":"img13973552-d2fc-4fe0-932d-3bdf37817c7e_3"}],"slideBackgroundSelector":{}},{"elements":[{"x":6.377551020408164,"y":79.8448362720403,"width":83.16326530612245,"height":18.1360201511335,"action":{"library":"H5P.CRAdvancedText 1.1","params":{"text":"<p dir=\"ltr\" style=\"text-align: center;\"><span style=\"color:#ffffff;\"><span style=\"font-size:2.25em;\">Omunya tegusobola kubuuka.<\/span><\/span><\/p>\n"},"subContentId":"640f2a18-b2a4-4b37-b08f-e4a5ab3ec5a8","metadata":{"contentType":"Text","license":"U","title":"Untitled Text"}},"alwaysDisplayComments":false,"backgroundOpacity":0,"willDoAnimation":false,"animationType":"glow","displayAsButton":false,"buttonSize":"big","goToSlideType":"specified","invisible":false,"solution":""},{"x":31.327160493827,"y":12.193374729841,"width":38.58024691358,"height":67.363518032477,"action":{"library":"H5P.Image 1.1","params":{"contentName":"Image","file":{"path":"images\/file-61b0fd4e9bf21.jpg","mime":"image\/jpeg","copyright":{"license":"U"},"width":1024,"height":1104}},"subContentId":"6210fb45-c2d4-4454-80ef-b71baf08810d","metadata":{"contentType":"Image","license":"U","title":"Untitled Image"}},"backgroundOpacity":0,"willDoAnimation":false,"animationType":"glow","displayAsButton":false,"buttonSize":"big","goToSlideType":"specified","invisible":false},{"x":47.00255102040816,"y":43.95465994962216,"width":40,"height":40,"action":{"library":"H5P.CRAudio 1.4","params":{"fitToWrapper":true,"currIndex":4,"playerMode":"minimalistic","controls":true,"autoplay":true,"playAudio":"Play audio","pauseAudio":"Pause audio","contentName":"Audio","glowColor":"#ffd85a","timeStampForEachText":[{"text":" Omunya ","startDuration":"0.4320","endDuration":"1.3727","wordfile":[{"path":"audios\/wordfile-64ece1bbddf86.wav","mime":"audio\/x-wav","copyright":{"license":"U"}}]},{"text":" tegusobola ","startDuration":"2.1486","endDuration":"3.2264","wordfile":[{"path":"audios\/wordfile-64ece1ccd2765.wav","mime":"audio\/x-wav","copyright":{"license":"U"}}]},{"text":" kubuuka. ","startDuration":"3.4948","endDuration":"4.3806","wordfile":[{"path":"audios\/wordfile-64ece1da5f251.wav","mime":"audio\/x-wav","copyright":{"license":"U"}}]}],"files":[{"path":"audios\/files-64ece1aca6f73.wav","mime":"audio\/x-wav","copyright":{"license":"U"}}]},"subContentId":"3515eeb5-0946-4697-b4d2-eca454574f70","metadata":{"contentType":"Curious Reader Audio","license":"U","title":"Untitled Curious Reader Audio"}},"backgroundOpacity":0,"willDoAnimation":false,"animationType":"glow","displayAsButton":false,"buttonSize":"big","goToSlideType":"specified","invisible":false},{"x":42.09183673469388,"y":17.614534005037783,"width":18.75,"height":40.050377833753146,"action":{"library":"H5P.Image 1.1","params":{"contentName":"Image"},"subContentId":"90c189e9-5b04-477e-967f-ae29123c82f7","metadata":{"contentType":"Image","license":"U","title":"Untitled Image"}},"backgroundOpacity":0,"willDoAnimation":true,"animationType":"glow","displayAsButton":false,"buttonSize":"big","goToSlideType":"specified","invisible":false,"id":"img3515eeb5-0946-4697-b4d2-eca454574f70_0"},{"x":57.39795918367348,"y":10.059823677581864,"width":11.096938775510205,"height":29.471032745591938,"action":{"library":"H5P.Image 1.1","params":{"contentName":"Image"},"subContentId":"138a71c8-9544-4442-99c7-e185df61e0d5","metadata":{"contentType":"Image","license":"U","title":"Untitled Image"}},"backgroundOpacity":0,"willDoAnimation":true,"animationType":"glow","displayAsButton":false,"buttonSize":"big","goToSlideType":"specified","invisible":false,"id":"img3515eeb5-0946-4697-b4d2-eca454574f70_2"},{"x":40.816326530612244,"y":22.646397984886647,"width":11.096938775510205,"height":16.876574307304786,"action":{"library":"H5P.Image 1.1","params":{"contentName":"Image"},"subContentId":"26a08a97-2711-4202-b391-39f9a6948b26","metadata":{"contentType":"Image","license":"U","title":"Untitled Image"}},"backgroundOpacity":0,"willDoAnimation":true,"animationType":"glow","displayAsButton":false,"buttonSize":"big","goToSlideType":"specified","invisible":false,"id":"img3515eeb5-0946-4697-b4d2-eca454574f70_2"}],"slideBackgroundSelector":{"fillSlideBackground":"#f5fef0"}},{"elements":[{"x":31.249999999999996,"y":11.415525114155251,"width":39.322839506173,"height":68.649614232107,"action":{"library":"H5P.Image 1.1","params":{"contentName":"Image","file":{"path":"images\/file-61b0fe64a98f6.jpg","mime":"image\/jpeg","copyright":{"license":"U"},"width":1024,"height":1104}},"subContentId":"5823d9cd-bc61-4545-8d40-a3aef52fd065","metadata":{"contentType":"Image","license":"U","title":"Untitled Image"}},"backgroundOpacity":0,"willDoAnimation":false,"animationType":"glow","displayAsButton":false,"buttonSize":"big","goToSlideType":"specified","invisible":false},{"x":1.2755102040816326,"y":75.52745591939546,"width":98.08673469387756,"height":22.670025188916874,"action":{"library":"H5P.CRAdvancedText 1.1","params":{"text":"<p dir=\"ltr\" style=\"text-align: center;\"><span style=\"color:#ffffff;\"><span style=\"font-size:1.75em;\">Ekiwuggulu kisobola okubuuka. Pelican esobola okubuuka.&nbsp;<\/span><\/span><\/p>\n"},"subContentId":"865ed584-5189-4387-9823-0837093ed9a4","metadata":{"contentType":"Text","license":"U","title":"Untitled Text"}},"alwaysDisplayComments":false,"backgroundOpacity":0,"willDoAnimation":false,"animationType":"glow","displayAsButton":false,"buttonSize":"big","goToSlideType":"specified","invisible":false,"solution":""},{"x":47.00255102040816,"y":43.95465994962216,"width":40,"height":40,"action":{"library":"H5P.CRAudio 1.4","params":{"fitToWrapper":true,"currIndex":5,"playerMode":"minimalistic","controls":true,"autoplay":true,"playAudio":"Play audio","pauseAudio":"Pause audio","contentName":"Audio","glowColor":"#ffd85a","timeStampForEachText":[{"text":" Ekiwuggulu ","startDuration":"0.0000","endDuration":"1.7549","wordfile":[{"path":"audios\/wordfile-64ece60386b29.wav","mime":"audio\/x-wav","copyright":{"license":"U"}}]},{"text":" kisobola ","startDuration":"2.1610","endDuration":"3.0665","wordfile":[{"path":"audios\/wordfile-64ece20663400.wav","mime":"audio\/x-wav","copyright":{"license":"U"}}]},{"text":" okubuuka. ","startDuration":"3.0675","endDuration":"4.4304","wordfile":[{"path":"audios\/wordfile-64ece2166e144.wav","mime":"audio\/x-wav","copyright":{"license":"U"}}]},{"text":" Pelican ","startDuration":"5.1370","endDuration":"6.0556","wordfile":[{"path":"audios\/wordfile-64ece22661304.wav","mime":"audio\/x-wav","copyright":{"license":"U"}}]},{"text":" esobola ","startDuration":"6.7230","endDuration":"7.8507","wordfile":[{"path":"audios\/wordfile-64ece235ca1d9.wav","mime":"audio\/x-wav","copyright":{"license":"U"}}]},{"text":" okubuuka.\u00a0 ","startDuration":"7.8517","endDuration":"9.2015","wordfile":[{"path":"audios\/wordfile-64ece2448da88.wav","mime":"audio\/x-wav","copyright":{"license":"U"}}]}],"files":[{"path":"audios\/files-64ece1eba9011.wav","mime":"audio\/x-wav","copyright":{"license":"U"}}]},"subContentId":"aa8679be-1c9e-4946-8d1b-c9c5bbc52ef3","metadata":{"contentType":"Curious Reader Audio","license":"U","title":"Untitled Curious Reader Audio"}},"backgroundOpacity":0,"willDoAnimation":false,"animationType":"glow","displayAsButton":false,"buttonSize":"big","goToSlideType":"specified","invisible":false},{"x":45.91836734693878,"y":25.15743073047859,"width":18.75,"height":29.471032745591938,"action":{"library":"H5P.Image 1.1","params":{"contentName":"Image"},"subContentId":"78100fff-15e6-46bf-bb03-c7bf90225834","metadata":{"contentType":"Image","license":"U","title":"Untitled Image"}},"backgroundOpacity":0,"willDoAnimation":true,"animationType":"glow","displayAsButton":false,"buttonSize":"big","goToSlideType":"specified","invisible":false,"id":"imgaa8679be-1c9e-4946-8d1b-c9c5bbc52ef3_3"},{"x":39.54081632653062,"y":12.578715365239296,"width":18.75,"height":16.876574307304786,"action":{"library":"H5P.Image 1.1","params":{"contentName":"Image"},"subContentId":"94968bab-caa4-4f0b-b665-bcfe10f6ec9b","metadata":{"contentType":"Image","license":"U","title":"Untitled Image"}},"backgroundOpacity":0,"willDoAnimation":true,"animationType":"glow","displayAsButton":false,"buttonSize":"big","goToSlideType":"specified","invisible":false,"id":"imgaa8679be-1c9e-4946-8d1b-c9c5bbc52ef3_0"}],"slideBackgroundSelector":{}},{"elements":[{"x":5.1020408163265305,"y":83.05843828715366,"width":82.90816326530613,"height":15.869017632241812,"action":{"library":"H5P.CRAdvancedText 1.1","params":{"text":"<p dir=\"ltr\" style=\"text-align: center;\"><span style=\"color:#ffffff;\"><span style=\"font-size:2.25em;\">Giboni tezisobola kubuuka.<\/span><\/span><\/p>\n"},"subContentId":"14e73cd5-4a6d-4738-8154-74732cbc1a18","metadata":{"contentType":"Text","license":"U","title":"Untitled Text"}},"alwaysDisplayComments":false,"backgroundOpacity":0,"willDoAnimation":false,"animationType":"glow","displayAsButton":false,"buttonSize":"big","goToSlideType":"specified","invisible":false,"solution":""},{"x":27.777777777778,"y":12.188619313696,"width":44.01049382716,"height":69.211728807153,"action":{"library":"H5P.Image 1.1","params":{"contentName":"Image","file":{"path":"images\/file-61b0fec0c4e2a.jpg","mime":"image\/jpeg","copyright":{"license":"U"},"width":1024,"height":735}},"subContentId":"52e4a3f2-1859-4fc8-851a-b129d5aa76ce","metadata":{"contentType":"Image","license":"U","title":"Untitled Image"}},"backgroundOpacity":0,"willDoAnimation":false,"animationType":"glow","displayAsButton":false,"buttonSize":"big","goToSlideType":"specified","invisible":false},{"x":47.00255102040816,"y":43.95465994962216,"width":40,"height":40,"action":{"library":"H5P.CRAudio 1.4","params":{"fitToWrapper":true,"currIndex":6,"playerMode":"minimalistic","controls":true,"autoplay":true,"playAudio":"Play audio","pauseAudio":"Pause audio","contentName":"Audio","glowColor":"#ffd85a","timeStampForEachText":[{"text":" Giboni ","startDuration":"0.0000","endDuration":"0.9121","wordfile":[{"path":"audios\/wordfile-64ece26fd8e07.wav","mime":"audio\/x-wav","copyright":{"license":"U"}}]},{"text":" tezisobola ","startDuration":"1.5611","endDuration":"2.8197","wordfile":[{"path":"audios\/wordfile-64ece287801b8.wav","mime":"audio\/x-wav","copyright":{"license":"U"}}]},{"text":" kubuuka. ","startDuration":"3.1671","endDuration":"4.0280","wordfile":[{"path":"audios\/wordfile-64ece296c237e.wav","mime":"audio\/x-wav","copyright":{"license":"U"}}]}],"files":[{"path":"audios\/files-64ece25dcf1b3.wav","mime":"audio\/x-wav","copyright":{"license":"U"}}]},"subContentId":"9dfc5e14-3938-4cc2-899f-f28ed17afc32","metadata":{"contentType":"Curious Reader Audio","license":"U","title":"Untitled Curious Reader Audio"}},"backgroundOpacity":0,"willDoAnimation":false,"animationType":"glow","displayAsButton":false,"buttonSize":"big","goToSlideType":"specified","invisible":false},{"x":26.785714285714285,"y":30.20302267002519,"width":22.5765306122449,"height":29.471032745591938,"action":{"library":"H5P.Image 1.1","params":{"contentName":"Image"},"subContentId":"1f64b73b-c2cb-4947-b055-852205aaeb84","metadata":{"contentType":"Image","license":"U","title":"Untitled Image"}},"backgroundOpacity":0,"willDoAnimation":true,"animationType":"glow","displayAsButton":false,"buttonSize":"big","goToSlideType":"specified","invisible":false,"id":"img9dfc5e14-3938-4cc2-899f-f28ed17afc32_0"},{"x":43.36734693877551,"y":35.254659949622166,"width":7.270408163265306,"height":16.624685138539043,"action":{"library":"H5P.Image 1.1","params":{"contentName":"Image"},"subContentId":"6437e326-afac-410c-8ce9-3088568fb3c4","metadata":{"contentType":"Image","license":"U","title":"Untitled Image"}},"backgroundOpacity":0,"willDoAnimation":true,"animationType":"glow","displayAsButton":false,"buttonSize":"big","goToSlideType":"specified","invisible":false,"id":"img9dfc5e14-3938-4cc2-899f-f28ed17afc32_2"},{"x":25.510204081632654,"y":40.29042821158691,"width":8.545918367346939,"height":16.876574307304786,"action":{"library":"H5P.Image 1.1","params":{"contentName":"Image"},"subContentId":"73a7395a-859b-428e-b4ae-3415bba51e31","metadata":{"contentType":"Image","license":"U","title":"Untitled Image"}},"backgroundOpacity":0,"willDoAnimation":true,"animationType":"glow","displayAsButton":false,"buttonSize":"big","goToSlideType":"specified","invisible":false,"id":"img9dfc5e14-3938-4cc2-899f-f28ed17afc32_2"}],"slideBackgroundSelector":{}},{"elements":[{"x":0,"y":75.52745591939546,"width":100,"height":22.670025188916874,"action":{"library":"H5P.CRAdvancedText 1.1","params":{"text":"<p dir=\"ltr\" style=\"text-align: center;\"><span style=\"color:#ffffff;\"><span style=\"font-size:1.75em;\">Ennyonyi enyange zisobola okubuuka. Hornbill zisobola okubuuka.<\/span><\/span><\/p>\n"},"subContentId":"3356dfe9-365b-4c8d-bc61-ae25cd8a59b9","metadata":{"contentType":"Text","license":"U","title":"Untitled Text"}},"alwaysDisplayComments":false,"backgroundOpacity":0,"willDoAnimation":false,"animationType":"glow","displayAsButton":false,"buttonSize":"big","goToSlideType":"specified","invisible":false,"solution":""},{"x":26.785714285714285,"y":10.075566750629722,"width":44.753086419753,"height":67.911305392215,"action":{"library":"H5P.Image 1.1","params":{"contentName":"Image","file":{"path":"images\/file-61b0ff34353af.jpg","mime":"image\/jpeg","copyright":{"license":"U"},"width":1024,"height":735}},"subContentId":"580663a1-010f-4e6f-9bb7-5f9704caa53c","metadata":{"contentType":"Image","license":"U","title":"Untitled Image"}},"backgroundOpacity":0,"willDoAnimation":false,"animationType":"glow","displayAsButton":false,"buttonSize":"big","goToSlideType":"specified","invisible":false},{"x":47.00255102040816,"y":43.95465994962216,"width":40,"height":40,"action":{"library":"H5P.CRAudio 1.4","params":{"fitToWrapper":true,"currIndex":7,"playerMode":"minimalistic","controls":true,"autoplay":true,"playAudio":"Play audio","pauseAudio":"Pause audio","contentName":"Audio","glowColor":"#ffd85a","timeStampForEachText":[{"text":" Ennyonyi ","startDuration":"0.0000","endDuration":"1.0700","wordfile":[{"path":"audios\/wordfile-64ece64b58cae.wav","mime":"audio\/x-wav","copyright":{"license":"U"}}]},{"text":" enyange ","startDuration":"1.0710","endDuration":"2.2266","wordfile":[{"path":"audios\/wordfile-64ece2c533bd2.wav","mime":"audio\/x-wav","copyright":{"license":"U"}}]},{"text":" zisobola ","startDuration":"2.5699","endDuration":"3.6400","wordfile":[{"path":"audios\/wordfile-64ece2d7177be.wav","mime":"audio\/x-wav","copyright":{"license":"U"}}]},{"text":" okubuuka. ","startDuration":"3.7979","endDuration":"5.0819","wordfile":[{"path":"audios\/wordfile-64ece2e7a37c9.wav","mime":"audio\/x-wav","copyright":{"license":"U"}}]},{"text":" Hornbill ","startDuration":"5.8959","endDuration":"6.8090","wordfile":[{"path":"audios\/wordfile-64ece2fa3840e.wav","mime":"audio\/x-wav","copyright":{"license":"U"}}]},{"text":" zisobola ","startDuration":"7.2094","endDuration":"8.2937","wordfile":[{"path":"audios\/wordfile-64ece30cc4649.wav","mime":"audio\/x-wav","copyright":{"license":"U"}}]},{"text":" okubuuka. ","startDuration":"8.2947","endDuration":"9.6785","wordfile":[{"path":"audios\/wordfile-64ece31bcabfd.wav","mime":"audio\/x-wav","copyright":{"license":"U"}}]}],"files":[{"path":"audios\/files-64ece2a84928e.wav","mime":"audio\/x-wav","copyright":{"license":"U"}}]},"subContentId":"ed5714cb-cd77-4a8c-9a12-de657acb0cde","metadata":{"contentType":"Curious Reader Audio","license":"U","title":"Untitled Curious Reader Audio"}},"backgroundOpacity":0,"willDoAnimation":false,"animationType":"glow","displayAsButton":false,"buttonSize":"big","goToSlideType":"specified","invisible":false},{"x":24.23469387755102,"y":12.590528967254407,"width":23.852040816326532,"height":26.952141057934508,"action":{"library":"H5P.Image 1.1","params":{"contentName":"Image"},"subContentId":"4ddf04ff-54af-4313-9ea7-e20fe241f40d","metadata":{"contentType":"Image","license":"U","title":"Untitled Image"}},"backgroundOpacity":0,"willDoAnimation":true,"animationType":"glow","displayAsButton":false,"buttonSize":"big","goToSlideType":"specified","invisible":false,"id":"imged5714cb-cd77-4a8c-9a12-de657acb0cde_0"},{"x":22.95918367346939,"y":12.578715365239296,"width":26.403061224489797,"height":26.952141057934508,"action":{"library":"H5P.Image 1.1","params":{"contentName":"Image"},"subContentId":"f40b43dc-95ac-4af4-b21d-1af3b7c9e6db","metadata":{"contentType":"Image","license":"U","title":"Untitled Image"}},"backgroundOpacity":0,"willDoAnimation":true,"animationType":"glow","displayAsButton":false,"buttonSize":"big","goToSlideType":"specified","invisible":false,"id":"imged5714cb-cd77-4a8c-9a12-de657acb0cde_1"},{"x":38.26428571428572,"y":35.23501259445844,"width":14.923469387755102,"height":21.662468513853902,"action":{"library":"H5P.Image 1.1","params":{"contentName":"Image"},"subContentId":"ed4e40e2-fcfe-4904-bbbb-fc7ad5989e77","metadata":{"contentType":"Image","license":"U","title":"Untitled Image"}},"backgroundOpacity":0,"willDoAnimation":true,"animationType":"glow","displayAsButton":false,"buttonSize":"big","goToSlideType":"specified","invisible":false,"id":"imged5714cb-cd77-4a8c-9a12-de657acb0cde_4"}],"slideBackgroundSelector":{"fillSlideBackground":"#ecf9ff"}},{"elements":[{"x":5.1020408163265305,"y":81.89748110831235,"width":88.26530612244898,"height":15.869017632241812,"action":{"library":"H5P.CRAdvancedText 1.1","params":{"text":"<p style=\"text-align: center;\"><span style=\"color:#ffffff;\"><span style=\"font-size:2.25em;\">Empologoma tesobola kubuuka. <\/span><\/span><\/p>\n"},"subContentId":"8ff82313-5269-459d-b5c1-b55c06910945","metadata":{"contentType":"Text","license":"U","title":"Untitled Text"}},"alwaysDisplayComments":false,"backgroundOpacity":0,"willDoAnimation":false,"animationType":"glow","displayAsButton":false,"buttonSize":"big","goToSlideType":"specified","invisible":false,"solution":""},{"x":29.86111111111111,"y":8.219178082191782,"width":40.04629629629629,"height":73.05936073059361,"action":{"library":"H5P.Image 1.1","params":{"contentName":"Image","file":{"path":"images\/file-61b0ff878c04b.jpg","mime":"image\/jpeg","copyright":{"license":"U"},"width":1024,"height":1104}},"subContentId":"5928b405-996a-438d-8cd5-4436cb6fd38e","metadata":{"contentType":"Image","license":"U","title":"Untitled Image"}},"backgroundOpacity":0,"willDoAnimation":false,"animationType":"glow","displayAsButton":false,"buttonSize":"big","goToSlideType":"specified","invisible":false},{"x":47.00255102040816,"y":43.95465994962216,"width":40,"height":40,"action":{"library":"H5P.CRAudio 1.4","params":{"fitToWrapper":true,"currIndex":8,"playerMode":"minimalistic","controls":true,"autoplay":true,"playAudio":"Play audio","pauseAudio":"Pause audio","contentName":"Audio","glowColor":"#ffd85a","timeStampForEachText":[{"text":" Empologoma ","startDuration":"0.3714","endDuration":"1.5548","wordfile":[{"path":"audios\/wordfile-64ece3457d274.wav","mime":"audio\/x-wav","copyright":{"license":"U"}}]},{"text":" tesobola ","startDuration":"2.1541","endDuration":"3.0555","wordfile":[{"path":"audios\/wordfile-64ece3548db62.wav","mime":"audio\/x-wav","copyright":{"license":"U"}}]},{"text":" kubuuka. ","startDuration":"3.4003","endDuration":"4.2330","wordfile":[{"path":"audios\/wordfile-64ece36633dc6.wav","mime":"audio\/x-wav","copyright":{"license":"U"}}]}],"files":[{"path":"audios\/files-64ece3345e70b.wav","mime":"audio\/x-wav","copyright":{"license":"U"}}]},"subContentId":"67ae1286-57ad-480c-beac-a72f7d4c64f4","metadata":{"contentType":"Curious Reader Audio","license":"U","title":"Untitled Curious Reader Audio"}},"backgroundOpacity":0,"willDoAnimation":false,"animationType":"glow","displayAsButton":false,"buttonSize":"big","goToSlideType":"specified","invisible":false},{"x":36.98979591836735,"y":7.548816120906801,"width":27.67857142857143,"height":49.622166246851386,"action":{"library":"H5P.Image 1.1","params":{"contentName":"Image"},"subContentId":"60f51a21-90a1-4c80-b8a1-d116e6fb69cf","metadata":{"contentType":"Image","license":"U","title":"Untitled Image"}},"backgroundOpacity":0,"willDoAnimation":true,"animationType":"glow","displayAsButton":false,"buttonSize":"big","goToSlideType":"specified","invisible":false,"id":"img67ae1286-57ad-480c-beac-a72f7d4c64f4_0"},{"x":56.12244897959184,"y":20.151133501259444,"width":9.821428571428571,"height":21.914357682619645,"action":{"library":"H5P.Image 1.1","params":{"contentName":"Image"},"subContentId":"b884f35f-a743-4810-8f1a-21d2b8fa9bf8","metadata":{"contentType":"Image","license":"U","title":"Untitled Image"}},"backgroundOpacity":0,"willDoAnimation":true,"animationType":"glow","displayAsButton":false,"buttonSize":"big","goToSlideType":"specified","invisible":false,"id":"img67ae1286-57ad-480c-beac-a72f7d4c64f4_2"},{"x":34.43775510204082,"y":27.692191435768265,"width":11.096938775510205,"height":21.914357682619645,"action":{"library":"H5P.Image 1.1","params":{"contentName":"Image"},"subContentId":"feeb7547-7b32-4fd0-8385-46840881565b","metadata":{"contentType":"Image","license":"U","title":"Untitled Image"}},"backgroundOpacity":0,"willDoAnimation":true,"animationType":"glow","displayAsButton":false,"buttonSize":"big","goToSlideType":"specified","invisible":false,"id":"img67ae1286-57ad-480c-beac-a72f7d4c64f4_2"}],"slideBackgroundSelector":{"fillSlideBackground":"#fefaf0"}},{"elements":[{"x":2.5510204081632653,"y":78.04231738035264,"width":95.66326530612245,"height":21.914357682619645,"action":{"library":"H5P.CRAdvancedText 1.1","params":{"text":"<p dir=\"ltr\" style=\"text-align: center;\"><span style=\"color:#ffffff;\"><span style=\"font-size:1.75em;\">&nbsp;Ebiwuggulu ebyakitaka omutangaavu bisobola okubuuka. Ensiri zisobola okubuuka.<\/span><\/span><\/p>\n"},"subContentId":"8f42eb8f-953d-41b9-a540-d4d6aa068468","metadata":{"contentType":"Text","license":"U","title":"Untitled Text"}},"alwaysDisplayComments":false,"backgroundOpacity":0,"willDoAnimation":false,"animationType":"glow","displayAsButton":false,"buttonSize":"big","goToSlideType":"specified","invisible":false,"solution":""},{"x":29.012345679012,"y":10.354857688075,"width":39.998148148148,"height":70.111904696583,"action":{"library":"H5P.Image 1.1","params":{"contentName":"Image","file":{"path":"images\/file-61b0ffdd62fe7.jpg","mime":"image\/jpeg","copyright":{"license":"U"},"width":1024,"height":1104}},"subContentId":"cc6cd9db-3039-4e22-a988-023108227c98","metadata":{"contentType":"Image","license":"U","title":"Untitled Image"}},"backgroundOpacity":0,"willDoAnimation":false,"animationType":"glow","displayAsButton":false,"buttonSize":"big","goToSlideType":"specified","invisible":false},{"x":47.00255102040816,"y":43.95465994962216,"width":40,"height":40,"action":{"library":"H5P.CRAudio 1.4","params":{"fitToWrapper":true,"currIndex":9,"playerMode":"minimalistic","controls":true,"autoplay":true,"playAudio":"Play audio","pauseAudio":"Pause audio","contentName":"Audio","glowColor":"#ffd85a","timeStampForEachText":[{"text":" \u00a0Ebiwuggulu ","startDuration":"0.0000","endDuration":"1.3966","wordfile":[{"path":"audios\/wordfile-64ece38e1f26b.wav","mime":"audio\/x-wav","copyright":{"license":"U"}}]},{"text":" ebyakitaka ","startDuration":"1.3976","endDuration":"2.9013","wordfile":[{"path":"audios\/wordfile-64ece39a4de9c.wav","mime":"audio\/x-wav","copyright":{"license":"U"}}]},{"text":" omutangaavu ","startDuration":"2.9023","endDuration":"4.9954","wordfile":[{"path":"audios\/wordfile-64ece3a9d2353.wav","mime":"audio\/x-wav","copyright":{"license":"U"}}]},{"text":" bisobola ","startDuration":"5.3893","endDuration":"6.4108","wordfile":[{"path":"audios\/wordfile-64ece3bf7a51c.wav","mime":"audio\/x-wav","copyright":{"license":"U"}}]},{"text":" okubuuka. ","startDuration":"6.5725","endDuration":"7.9155","wordfile":[{"path":"audios\/wordfile-64ece3d7b26ba.wav","mime":"audio\/x-wav","copyright":{"license":"U"}}]},{"text":" Ensiri ","startDuration":"8.6487","endDuration":"9.6524","wordfile":[{"path":"audios\/wordfile-64ece3e95438d.wav","mime":"audio\/x-wav","copyright":{"license":"U"}}]},{"text":" zisobola ","startDuration":"9.6534","endDuration":"11.0321","wordfile":[{"path":"audios\/wordfile-64ece3f60153d.wav","mime":"audio\/x-wav","copyright":{"license":"U"}}]},{"text":" okubuuka. ","startDuration":"11.0331","endDuration":"12.3761","wordfile":[{"path":"audios\/wordfile-64ece4037fd02.wav","mime":"audio\/x-wav","copyright":{"license":"U"}}]}],"files":[{"path":"audios\/files-64ece37d6a433.wav","mime":"audio\/x-wav","copyright":{"license":"U"}}]},"subContentId":"b34428ca-6a62-4e0f-acfd-e7994dd5c5cc","metadata":{"contentType":"Curious Reader Audio","license":"U","title":"Untitled Curious Reader Audio"}},"backgroundOpacity":0,"willDoAnimation":false,"animationType":"glow","displayAsButton":false,"buttonSize":"big","goToSlideType":"specified","invisible":false},{"x":49.744897959183675,"y":12.57478589420655,"width":16.198979591836736,"height":21.914357682619645,"action":{"library":"H5P.Image 1.1","params":{"contentName":"Image"},"subContentId":"f9d768a0-1512-415c-b3e5-23898f6143e5","metadata":{"contentType":"Image","license":"U","title":"Untitled Image"}},"backgroundOpacity":0,"willDoAnimation":true,"animationType":"glow","displayAsButton":false,"buttonSize":"big","goToSlideType":"specified","invisible":false,"id":"imgb34428ca-6a62-4e0f-acfd-e7994dd5c5cc_0"},{"x":49.744897959183675,"y":10.055894206549118,"width":14.923469387755102,"height":26.952141057934508,"action":{"library":"H5P.Image 1.1","params":{"contentName":"Image"},"subContentId":"d08ba00f-45cd-4834-b134-895bd257ee14","metadata":{"contentType":"Image","license":"U","title":"Untitled Image"}},"backgroundOpacity":0,"willDoAnimation":true,"animationType":"glow","displayAsButton":false,"buttonSize":"big","goToSlideType":"specified","invisible":false,"id":"imgb34428ca-6a62-4e0f-acfd-e7994dd5c5cc_1"},{"x":47.19387755102041,"y":12.594458438287154,"width":18.367346938775512,"height":21.914357682619645,"action":{"library":"H5P.Image 1.1","params":{"contentName":"Image"},"subContentId":"ccaf97f1-7329-4afd-baf3-6475e55de31c","metadata":{"contentType":"Image","license":"U","title":"Untitled Image"}},"backgroundOpacity":0,"willDoAnimation":true,"animationType":"glow","displayAsButton":false,"buttonSize":"big","goToSlideType":"specified","invisible":false,"id":"imgb34428ca-6a62-4e0f-acfd-e7994dd5c5cc_2"},{"x":38.26428571428572,"y":35.254659949622166,"width":10.459183673469388,"height":19.143576826196472,"action":{"library":"H5P.Image 1.1","params":{"contentName":"Image"},"subContentId":"1936fe01-df74-4dc3-91f7-25a1949d45ee","metadata":{"contentType":"Image","license":"U","title":"Untitled Image"}},"backgroundOpacity":0,"willDoAnimation":true,"animationType":"glow","displayAsButton":false,"buttonSize":"big","goToSlideType":"specified","invisible":false,"id":"imgb34428ca-6a62-4e0f-acfd-e7994dd5c5cc_5"}],"slideBackgroundSelector":{"fillSlideBackground":"#fffcec"}},{"slideBackgroundSelector":{},"elements":[{"x":3.826530612244898,"y":82.01158690176322,"width":90.05102040816327,"height":16.876574307304786,"action":{"library":"H5P.CRAdvancedText 1.1","params":{"text":"<p dir=\"ltr\" style=\"text-align: center;\"><span style=\"font-size:2.25em;\"><span style=\"color:#ffffff;\">Endiga tezisobola kubuuka.<\/span><\/span><\/p>\n"},"subContentId":"9249b888-af86-4826-b72c-7e7d2636fa87","metadata":{"contentType":"Text","license":"U","title":"Untitled Text"}},"alwaysDisplayComments":false,"backgroundOpacity":0,"willDoAnimation":false,"animationType":"glow","displayAsButton":false,"buttonSize":"big","goToSlideType":"specified","invisible":false,"solution":""},{"x":29.292476851851852,"y":6.837899543378994,"width":40.04629629629629,"height":74.88584474885845,"action":{"library":"H5P.Image 1.1","params":{"contentName":"Image","file":{"path":"images\/file-61b10059a6585.jpg","mime":"image\/jpeg","copyright":{"license":"U"},"width":1024,"height":1104}},"subContentId":"26b1b6f3-ad5c-4b8c-9483-f8737f9c517c","metadata":{"contentType":"Image","license":"U","title":"Untitled Image"}},"backgroundOpacity":0,"willDoAnimation":false,"animationType":"glow","displayAsButton":false,"buttonSize":"big","goToSlideType":"specified","invisible":false},{"x":47.00255102040816,"y":43.95465994962216,"width":40,"height":40,"action":{"library":"H5P.CRAudio 1.4","params":{"fitToWrapper":true,"currIndex":10,"playerMode":"minimalistic","controls":true,"autoplay":true,"playAudio":"Play audio","pauseAudio":"Pause audio","contentName":"Audio","glowColor":"#ffd85a","timeStampForEachText":[{"text":" Endiga ","startDuration":"0.0000","endDuration":"0.9811","wordfile":[{"path":"audios\/wordfile-64ece42530ad4.wav","mime":"audio\/x-wav","copyright":{"license":"U"}}]},{"text":" tezisobola ","startDuration":"1.6128","endDuration":"2.6054","wordfile":[{"path":"audios\/wordfile-64ece4392fabc.wav","mime":"audio\/x-wav","copyright":{"license":"U"}}]},{"text":" kubuuka. ","startDuration":"2.8783","endDuration":"3.6916","wordfile":[{"path":"audios\/wordfile-64ece44869b19.wav","mime":"audio\/x-wav","copyright":{"license":"U"}}]}],"files":[{"path":"audios\/files-64ece41902150.wav","mime":"audio\/x-wav","copyright":{"license":"U"}}]},"subContentId":"ca5d1b73-0c76-42fd-9cc2-b0b480ee66f2","metadata":{"contentType":"Curious Reader Audio","license":"U","title":"Untitled Curious Reader Audio"}},"backgroundOpacity":0,"willDoAnimation":false,"animationType":"glow","displayAsButton":false,"buttonSize":"big","goToSlideType":"specified","invisible":false},{"x":36.98979591836735,"y":15.101536523929472,"width":22.5765306122449,"height":40.050377833753146,"action":{"library":"H5P.Image 1.1","params":{"contentName":"Image"},"subContentId":"a5c5daf5-0a89-41ff-8b27-44f2a43a5897","metadata":{"contentType":"Image","license":"U","title":"Untitled Image"}},"backgroundOpacity":0,"willDoAnimation":true,"animationType":"glow","displayAsButton":false,"buttonSize":"big","goToSlideType":"specified","invisible":false,"id":"imgca5d1b73-0c76-42fd-9cc2-b0b480ee66f2_0"},{"x":52.295918367346935,"y":17.608614609571788,"width":7.270408163265306,"height":24.43324937027708,"action":{"library":"H5P.Image 1.1","params":{"contentName":"Image"},"subContentId":"7f5d9aeb-5105-4bdc-84ea-b6cff48716ff","metadata":{"contentType":"Image","license":"U","title":"Untitled Image"}},"backgroundOpacity":0,"willDoAnimation":true,"animationType":"glow","displayAsButton":false,"buttonSize":"big","goToSlideType":"specified","invisible":false,"id":"imgca5d1b73-0c76-42fd-9cc2-b0b480ee66f2_2"},{"x":36.98979591836735,"y":25.165289672544077,"width":5.994897959183674,"height":21.914357682619645,"action":{"library":"H5P.Image 1.1","params":{"contentName":"Image"},"subContentId":"29b72c29-85c4-4af8-8f8d-c4559c4b3636","metadata":{"contentType":"Image","license":"U","title":"Untitled Image"}},"backgroundOpacity":0,"willDoAnimation":true,"animationType":"glow","displayAsButton":false,"buttonSize":"big","goToSlideType":"specified","invisible":false,"id":"imgca5d1b73-0c76-42fd-9cc2-b0b480ee66f2_2"}]},{"elements":[{"x":8.928571428571429,"y":82.05088161209069,"width":82.90816326530613,"height":17.884130982367758,"action":{"library":"H5P.CRAdvancedText 1.1","params":{"text":"<p dir=\"ltr\" style=\"text-align: center;\"><span style=\"color:#ffffff;\"><span style=\"font-size:2.25em;\">Olunaku lumu tujja kubuuka.<\/span><\/span><\/p>\n"},"subContentId":"83c2fc9c-eaf0-4b40-a1c1-9784f7c482bc","metadata":{"contentType":"Text","license":"U","title":"Untitled Text"}},"alwaysDisplayComments":false,"backgroundOpacity":0,"willDoAnimation":false,"animationType":"glow","displayAsButton":false,"buttonSize":"big","goToSlideType":"specified","invisible":false,"solution":""},{"x":29.938271604938,"y":9.1402756312358,"width":39.998148148148,"height":72.84108679549,"action":{"library":"H5P.Image 1.1","params":{"contentName":"Image","file":{"path":"images\/file-61b100a8081d4.jpg","mime":"image\/jpeg","copyright":{"license":"U"},"width":1024,"height":1104}},"subContentId":"8b76f8c2-5810-4131-a1a5-9b8ad4a76d23","metadata":{"contentType":"Image","license":"U","title":"Untitled Image"}},"backgroundOpacity":0,"willDoAnimation":false,"animationType":"glow","displayAsButton":false,"buttonSize":"big","goToSlideType":"specified","invisible":false},{"x":47.00255102040816,"y":43.95465994962216,"width":40,"height":40,"action":{"library":"H5P.CRAudio 1.4","params":{"fitToWrapper":true,"currIndex":11,"playerMode":"minimalistic","controls":true,"autoplay":true,"playAudio":"Play audio","pauseAudio":"Pause audio","contentName":"Audio","glowColor":"#ffd85a","timeStampForEachText":[{"text":" Olunaku ","startDuration":"0.4879","endDuration":"1.3143","wordfile":[{"path":"audios\/wordfile-64ece472c1d1e.wav","mime":"audio\/x-wav","copyright":{"license":"U"}}]},{"text":" lumu ","startDuration":"1.3153","endDuration":"1.9637","wordfile":[{"path":"audios\/wordfile-64ece4855ca03.wav","mime":"audio\/x-wav","copyright":{"license":"U"}}]},{"text":" tujja ","startDuration":"2.5054","endDuration":"3.2131","wordfile":[{"path":"audios\/wordfile-64ece4921aca7.wav","mime":"audio\/x-wav","copyright":{"license":"U"}}]},{"text":" kubuuka. ","startDuration":"3.4910","endDuration":"4.3636","wordfile":[{"path":"audios\/wordfile-64ece4a52093d.wav","mime":"audio\/x-wav","copyright":{"license":"U"}}]}],"files":[{"path":"audios\/files-64ece4596b035.wav","mime":"audio\/x-wav","copyright":{"license":"U"}}]},"subContentId":"903da2df-26ab-4653-867b-77fcbc81026a","metadata":{"contentType":"Curious Reader Audio","license":"U","title":"Untitled Curious Reader Audio"}},"backgroundOpacity":0,"willDoAnimation":false,"animationType":"glow","displayAsButton":false,"buttonSize":"big","goToSlideType":"specified","invisible":false},{"x":49.744897959183675,"y":25.1495717884131,"width":19.642857142857142,"height":19.395465994962215,"action":{"library":"H5P.Image 1.1","params":{"contentName":"Image"},"subContentId":"d30728d0-2b42-43c3-96af-3ac1355815b7","metadata":{"contentType":"Image","license":"U","title":"Untitled Image"}},"backgroundOpacity":0,"willDoAnimation":true,"animationType":"glow","displayAsButton":false,"buttonSize":"big","goToSlideType":"specified","invisible":false,"id":"img903da2df-26ab-4653-867b-77fcbc81026a_3"},{"x":29.336734693877553,"y":22.640503778337532,"width":18.75,"height":14.357682619647354,"action":{"library":"H5P.Image 1.1","params":{"contentName":"Image"},"subContentId":"54c675bd-5475-4099-a0a8-33b575c9cd2a","metadata":{"contentType":"Image","license":"U","title":"Untitled Image"}},"backgroundOpacity":0,"willDoAnimation":true,"animationType":"glow","displayAsButton":false,"buttonSize":"big","goToSlideType":"specified","invisible":false,"id":"img903da2df-26ab-4653-867b-77fcbc81026a_3"}],"slideBackgroundSelector":{}},{"elements":[{"x":5.1020408163265305,"y":81.89748110831235,"width":89.54081632653062,"height":15.869017632241812,"action":{"library":"H5P.CRAdvancedText 1.1","params":{"text":"<p dir=\"ltr\" style=\"text-align: center;\"><span style=\"color:#ffffff;\"><span style=\"font-size:2.25em;\">Nange njagala kubuuka.&nbsp;<\/span><\/span><\/p>\n"},"subContentId":"9006e6d0-6266-4083-b818-aef4ddd9e976","metadata":{"contentType":"Text","license":"U","title":"Untitled Text"}},"alwaysDisplayComments":false,"backgroundOpacity":0,"willDoAnimation":false,"animationType":"glow","displayAsButton":false,"buttonSize":"big","goToSlideType":"specified","invisible":false,"solution":""},{"x":23.611111111111,"y":12.193374729841,"width":53.199691358025,"height":68.573405640045,"action":{"library":"H5P.Image 1.1","params":{"contentName":"Image","file":{"path":"images\/file-61b101017a9d3.jpg","mime":"image\/jpeg","copyright":{"license":"U"},"width":1024,"height":735}},"subContentId":"230caaa9-077c-47f7-9950-e4753e476929","metadata":{"contentType":"Image","license":"U","title":"Untitled Image"}},"backgroundOpacity":0,"willDoAnimation":false,"animationType":"glow","displayAsButton":false,"buttonSize":"big","goToSlideType":"specified","invisible":false},{"x":47.00255102040816,"y":43.95465994962216,"width":40,"height":40,"action":{"library":"H5P.CRAudio 1.4","params":{"fitToWrapper":true,"currIndex":12,"playerMode":"minimalistic","controls":true,"autoplay":true,"playAudio":"Play audio","pauseAudio":"Pause audio","contentName":"Audio","glowColor":"#ffd85a","timeStampForEachText":[{"text":" Nange ","startDuration":"0.3158","endDuration":"1.2986","wordfile":[{"path":"audios\/wordfile-64ece4c569dd3.wav","mime":"audio\/x-wav","copyright":{"license":"U"}}]},{"text":" njagala ","startDuration":"1.7272","endDuration":"2.6442","wordfile":[{"path":"audios\/wordfile-64ece4d301c44.wav","mime":"audio\/x-wav","copyright":{"license":"U"}}]},{"text":" kubuuka.\u00a0 ","startDuration":"3.0136","endDuration":"3.9175","wordfile":[{"path":"audios\/wordfile-64ece4e22b202.wav","mime":"audio\/x-wav","copyright":{"license":"U"}}]}],"files":[{"path":"audios\/files-64ece4b63c897.wav","mime":"audio\/x-wav","copyright":{"license":"U"}}]},"subContentId":"a4a8e6c6-4bef-4e57-90bb-1915d381ebc6","metadata":{"contentType":"Curious Reader Audio","license":"U","title":"Untitled Curious Reader Audio"}},"backgroundOpacity":0,"willDoAnimation":false,"animationType":"glow","displayAsButton":false,"buttonSize":"big","goToSlideType":"specified","invisible":false},{"x":42.09183673469388,"y":17.608614609571788,"width":16.198979591836736,"height":21.914357682619645,"action":{"library":"H5P.Image 1.1","params":{"contentName":"Image"},"subContentId":"215349cf-c2ff-42e7-b02a-080b5a8e6882","metadata":{"contentType":"Image","license":"U","title":"Untitled Image"}},"backgroundOpacity":0,"willDoAnimation":true,"animationType":"glow","displayAsButton":false,"buttonSize":"big","goToSlideType":"specified","invisible":false,"id":"imga4a8e6c6-4bef-4e57-90bb-1915d381ebc6_2"},{"x":35.714285714285715,"y":40.26675062972293,"width":16.198979591836736,"height":35.012594458438286,"action":{"library":"H5P.Image 1.1","params":{"contentName":"Image"},"subContentId":"9f314294-67fa-4336-ad3d-ff40a1ee5d19","metadata":{"contentType":"Image","license":"U","title":"Untitled Image"}},"backgroundOpacity":0,"willDoAnimation":true,"animationType":"glow","displayAsButton":false,"buttonSize":"big","goToSlideType":"specified","invisible":false,"id":"imga4a8e6c6-4bef-4e57-90bb-1915d381ebc6_0"}],"slideBackgroundSelector":{"fillSlideBackground":"#fef6fc"}},{"elements":[{"x":3.826530612244898,"y":7.552745591939547,"width":20.408163265306122,"height":14.86146095717884,"action":{"library":"H5P.Image 1.1","params":{"contentName":"Image","file":{"path":"images\/file-61fb296cf2c04.png","mime":"image\/png","copyright":{"license":"U"},"width":1350,"height":487}},"metadata":{"contentType":"Image","license":"U","title":"Untitled Image"},"subContentId":"4bd21364-3a8b-4f4d-8d4e-7cbeea48c8bc"},"backgroundOpacity":0,"willDoAnimation":false,"animationType":"glow","displayAsButton":false,"buttonSize":"big","goToSlideType":"specified","invisible":false},{"x":35.714285714285715,"y":7.552745591939547,"width":25.510204081632654,"height":13.853904282115868,"action":{"library":"H5P.Image 1.1","params":{"contentName":"Image","file":{"path":"images\/file-61fb29a5596cb.png","mime":"image\/png","copyright":{"license":"U"},"width":814,"height":202}},"metadata":{"contentType":"Image","license":"U","title":"Untitled Image"},"subContentId":"81e1de57-cb4f-4055-b739-0de1da4dc179"},"backgroundOpacity":0,"willDoAnimation":false,"animationType":"glow","displayAsButton":false,"buttonSize":"big","goToSlideType":"specified","invisible":false},{"x":68.87755102040816,"y":7.556675062972292,"width":30.102040816326532,"height":12.090680100755668,"action":{"library":"H5P.Image 1.1","params":{"contentName":"Image","file":{"path":"images\/file-61fb28cb969ac.jpg","mime":"image\/jpeg","copyright":{"license":"U"},"width":1732,"height":354}},"metadata":{"contentType":"Image","license":"U","title":"Untitled Image"},"subContentId":"bc3f90c1-1bbb-45ec-8227-7e382a3e0874"},"backgroundOpacity":0,"willDoAnimation":false,"animationType":"glow","displayAsButton":false,"buttonSize":"big","goToSlideType":"specified","invisible":false},{"x":5.1020408163265305,"y":35.26448362720403,"width":91.83673469387756,"height":52.896725440806044,"action":{"library":"H5P.CRAdvancedText 1.1","params":{"text":"<h3 style=\"text-align: center;\"><span style=\"font-size:1em;\"><strong>\"Ka tubuuke\" credits<\/strong><\/span><\/h3>\n\n<h3 style=\"text-align: center;\"><span style=\"font-size:1em;\">This work, \"<strong>Ka tubuuke<\/strong>, is a derivative of \"Let's Fly!\"&nbsp;by All Children Reading Cambodia. \u00a9 The Asia Foundation , 2018 and used under CC BY.&nbsp;\"<strong>Ka tubuuke<\/strong>\" is licensed under CC BY 4.0 by Curious Learning.<\/span><\/h3>\n\n<h3 style=\"text-align: center;\"><br>\n<span style=\"font-size:1em;\">Book builder - Abraham Jerry Kakooza<\/span><\/h3>\n\n<p style=\"text-align: center;\">&nbsp;<\/p>\n"},"metadata":{"contentType":"Text","license":"U","title":"Untitled Text"},"subContentId":"4ae9cc3f-32bf-4fb6-8551-dad6e2102210"},"alwaysDisplayComments":false,"backgroundOpacity":0,"willDoAnimation":false,"animationType":"glow","displayAsButton":false,"buttonSize":"big","goToSlideType":"specified","invisible":false,"solution":""}],"slideBackgroundSelector":{}}],"keywordListEnabled":true,"globalBackgroundSelector":{"fillGlobalBackground":"#fbfef0"},"keywordListAlwaysShow":false,"keywordListAutoHide":false,"keywordListOpacity":90},"override":{"activeSurface":false,"hideSummarySlide":false,"summarySlideSolutionButton":true,"summarySlideRetryButton":true,"enablePrintButton":false,"social":{"showFacebookShare":false,"facebookShare":{"url":"@currentpageurl","quote":"I scored @score out of @maxScore on a task at @currentpageurl."},"showTwitterShare":false,"twitterShare":{"statement":"I scored @score out of @maxScore on a task at @currentpageurl.","url":"@currentpageurl","hashtags":"h5p, course"},"showGoogleShare":false,"googleShareUrl":"@currentpageurl"}},"l10n":{"slide":"Slide","score":"Score","yourScore":"Your Score","maxScore":"Max Score","total":"Total","totalScore":"Total Score","showSolutions":"Show solutions","retry":"Retry","exportAnswers":"Export text","hideKeywords":"Hide sidebar navigation menu","showKeywords":"Show sidebar navigation menu","fullscreen":"Fullscreen","exitFullscreen":"Exit fullscreen","prevSlide":"Previous slide","nextSlide":"Next slide","currentSlide":"Current slide","lastSlide":"Last slide","solutionModeTitle":"Exit solution mode","solutionModeText":"Solution Mode","summaryMultipleTaskText":"Multiple tasks","scoreMessage":"You achieved:","shareFacebook":"Share on Facebook","shareTwitter":"Share on Twitter","shareGoogle":"Share on Google+","summary":"Summary","solutionsButtonTitle":"Show comments","printTitle":"Print","printIngress":"How would you like to print this presentation?","printAllSlides":"Print all slides","printCurrentSlide":"Print current slide","noTitle":"No title","accessibilitySlideNavigationExplanation":"Use left and right arrow to change slide in that direction whenever canvas is selected.","accessibilityCanvasLabel":"Presentation canvas. Use left and right arrow to move between slides.","containsNotCompleted":"@slideName contains not completed interaction","containsCompleted":"@slideName contains completed interaction","slideCount":"Slide @index of @total","containsOnlyCorrect":"@slideName only has correct answers","containsIncorrectAnswers":"@slideName has incorrect answers","shareResult":"Share Result","accessibilityTotalScore":"You got @score of @maxScore points in total","accessibilityEnteredFullscreen":"Entered fullscreen","accessibilityExitedFullscreen":"Exited fullscreen"}}