{"presentation":{"slides":[{"elements":[{"x":26.143790849673206,"y":2.1454967741935485,"width":49.45533769063181,"height":70.96774193548387,"action":{"library":"H5P.Image 1.1","params":{"contentName":"Image","file":{"path":"images\/file-6583236a69c90.jpeg","mime":"image\/jpeg","copyright":{"license":"U"},"width":1000,"height":1000}},"subContentId":"9b9fc655-2af5-438e-a5cc-99693672e559","metadata":{"contentType":"Image","license":"U","title":"Untitled Image"}},"backgroundOpacity":0,"willDoAnimation":false,"animationType":"glow","displayAsButton":false,"buttonSize":"big","goToSlideType":"specified","invisible":false},{"x":30.612244897959183,"y":80.60453400503778,"width":39.97821350762527,"height":13.978494623655912,"action":{"library":"H5P.CRAdvancedText 1.1","params":{"text":"<p dir=\"ltr\" style=\"text-align: center;\"><span style=\"font-size:1.75em;\">Leo Ni siku gani?<\/span><\/p>\n"},"subContentId":"bca21f5a-9c56-43f6-9c9d-80163dcc6c0c","metadata":{"contentType":"Text","license":"U","title":"Untitled Text"}},"alwaysDisplayComments":false,"backgroundOpacity":0,"willDoAnimation":false,"animationType":"glow","displayAsButton":false,"buttonSize":"big","goToSlideType":"specified","invisible":false,"solution":""}],"slideBackgroundSelector":{}},{"elements":[{"x":29.411764705882355,"y":2.150537634408602,"width":39.97821350762527,"height":73.11827956989247,"action":{"library":"H5P.Image 1.1","params":{"contentName":"Image","file":{"path":"images\/file-658328e766fda.jpg","mime":"image\/jpeg","copyright":{"license":"U"},"width":1000,"height":1000}},"subContentId":"ab415e67-eb4f-4f05-b1f9-022c38ee7beb","metadata":{"contentType":"Image","license":"U","title":"Untitled Image"}},"backgroundOpacity":0,"willDoAnimation":false,"animationType":"glow","displayAsButton":false,"buttonSize":"big","goToSlideType":"specified","invisible":false},{"x":6.377551020408164,"y":78.08564231738035,"width":85.71428571428572,"height":16.120906801007557,"action":{"library":"H5P.CRAdvancedText 1.1","params":{"text":"<p dir=\"ltr\" style=\"text-align: center;\"><span style=\"font-size:1.75em;\"><span style=\"color:#ffffff;\">Habari ya asubuhi! Bea ana furaha sana leo.<\/span><\/span><\/p>\n"},"subContentId":"8a2f3dcf-2c04-464a-ab7f-af4f0c6283f6","metadata":{"contentType":"Text","license":"U","title":"Untitled Text"}},"alwaysDisplayComments":false,"backgroundOpacity":0,"willDoAnimation":false,"animationType":"glow","displayAsButton":false,"buttonSize":"big","goToSlideType":"specified","invisible":false,"solution":""},{"x":46.96691176470588,"y":44,"width":40,"height":40,"action":{"library":"H5P.CRAudio 1.4","params":{"fitToWrapper":true,"currIndex":1,"playerMode":"minimalistic","controls":true,"autoplay":true,"playAudio":"Play audio","pauseAudio":"Pause audio","contentName":"Audio","glowColor":"#ffd85a","timeStampForEachText":[{"text":" Habari ","startDuration":"0.2994","endDuration":"1.3406","wordfile":[{"path":"audios\/wordfile-66b225174557e.mp3","mime":"audio\/mpeg","copyright":{"license":"U"}}]},{"text":" ya ","startDuration":"1.3416","endDuration":"1.7555","wordfile":[{"path":"audios\/wordfile-66b22539d1475.mp3","mime":"audio\/mpeg","copyright":{"license":"U"}}]},{"text":" asubuhi! ","startDuration":"1.7565","endDuration":"2.9688","wordfile":[{"path":"audios\/wordfile-66b225488a061.mp3","mime":"audio\/mpeg","copyright":{"license":"U"}}]},{"text":" Bea ","startDuration":"3.3405","endDuration":"4.1821","wordfile":[{"path":"audios\/wordfile-66b2255b502ae.mp3","mime":"audio\/mpeg","copyright":{"license":"U"}}]},{"text":" ana ","startDuration":"4.1831","endDuration":"4.7966","wordfile":[{"path":"audios\/wordfile-66b2257644351.mp3","mime":"audio\/mpeg","copyright":{"license":"U"}}]},{"text":" furaha ","startDuration":"4.7976","endDuration":"5.4681","wordfile":[{"path":"audios\/wordfile-66b2258d45d5b.mp3","mime":"audio\/mpeg","copyright":{"license":"U"}}]},{"text":" sana ","startDuration":"5.4691","endDuration":"6.2252","wordfile":[{"path":"audios\/wordfile-670e720616b9d.mp3","mime":"audio\/mpeg","copyright":{"license":"U"}}]},{"text":" leo. ","startDuration":"6.2262","endDuration":"6.9395","wordfile":[{"path":"audios\/wordfile-66b225b7c3d0a.mp3","mime":"audio\/mpeg","copyright":{"license":"U"}}]}],"files":[{"path":"audios\/files-66b2250160184.mp3","mime":"audio\/mpeg","copyright":{"license":"U"}}]},"subContentId":"9e2a7dff-8c6a-4b8e-993d-0c19a8b0f88d","metadata":{"contentType":"Curious Reader Audio","license":"U","title":"Untitled Curious Reader Audio"}},"backgroundOpacity":0,"willDoAnimation":false,"animationType":"glow","displayAsButton":false,"buttonSize":"big","goToSlideType":"specified","invisible":false},{"x":36.76470588235294,"y":18.232945454545455,"width":18.933823529411764,"height":35.27272727272727,"action":{"library":"H5P.Image 1.1","params":{"contentName":"Image"},"subContentId":"72ac5f3c-c7ab-40a0-a737-454ae5ef5bd8","metadata":{"contentType":"Image","license":"U","title":"Untitled Image"}},"backgroundOpacity":0,"willDoAnimation":true,"animationType":"glow","displayAsButton":false,"buttonSize":"big","goToSlideType":"specified","invisible":false,"id":"img9e2a7dff-8c6a-4b8e-993d-0c19a8b0f88d_3"}],"slideBackgroundSelector":{}},{"elements":[{"x":20.697167755991288,"y":2.1454967741935485,"width":66.66666666666667,"height":77.41935483870967,"action":{"library":"H5P.Image 1.1","params":{"contentName":"Image","file":{"path":"images\/file-65832a5032f10.jpg","mime":"image\/jpeg","copyright":{"license":"U"},"width":1000,"height":1000}},"subContentId":"ef974a78-3caf-4bda-babe-d81908694e6a","metadata":{"contentType":"Image","license":"U","title":"Untitled Image"}},"backgroundOpacity":0,"willDoAnimation":false,"animationType":"glow","displayAsButton":false,"buttonSize":"big","goToSlideType":"specified","invisible":false},{"x":5.10110294117647,"y":80.11345454545456,"width":94.30147058823529,"height":20,"action":{"library":"H5P.CRAdvancedText 1.1","params":{"text":"<p dir=\"ltr\" style=\"text-align: center;\"><span style=\"font-size:1.625em;\"><span style=\"color:#ffffff;\">Lazima kuna jambo la kushangaza linamsubiri.<\/span><\/span><\/p>\n"},"subContentId":"a838d67e-2f60-44c5-8488-9a30a9b4ea75","metadata":{"contentType":"Text","license":"U","title":"Untitled Text"}},"alwaysDisplayComments":false,"backgroundOpacity":0,"willDoAnimation":false,"animationType":"glow","displayAsButton":false,"buttonSize":"big","goToSlideType":"specified","invisible":false,"solution":""},{"x":46.96691176470588,"y":44,"width":40,"height":40,"action":{"library":"H5P.CRAudio 1.4","params":{"fitToWrapper":true,"currIndex":2,"playerMode":"minimalistic","controls":true,"autoplay":true,"playAudio":"Play audio","pauseAudio":"Pause audio","contentName":"Audio","glowColor":"#ffd85a","timeStampForEachText":[{"text":" Lazima ","startDuration":"0.0000","endDuration":"1.1040","wordfile":[{"path":"audios\/wordfile-66b225ec14288.mp3","mime":"audio\/mpeg","copyright":{"license":"U"}}]},{"text":" kuna ","startDuration":"1.1050","endDuration":"1.6098","wordfile":[{"path":"audios\/wordfile-670e726f8bf93.mp3","mime":"audio\/mpeg","copyright":{"license":"U"}}]},{"text":" jambo ","startDuration":"1.6108","endDuration":"2.2838","wordfile":[{"path":"audios\/wordfile-66b226189d16d.mp3","mime":"audio\/mpeg","copyright":{"license":"U"}}]},{"text":" la ","startDuration":"2.2848","endDuration":"2.5794","wordfile":[{"path":"audios\/wordfile-670e722d43dce.mp3","mime":"audio\/mpeg","copyright":{"license":"U"}}]},{"text":" kushangaza ","startDuration":"2.5804","endDuration":"3.5267","wordfile":[{"path":"audios\/wordfile-66b22640505ed.mp3","mime":"audio\/mpeg","copyright":{"license":"U"}}]},{"text":" linamsubiri. ","startDuration":"3.5277","endDuration":"5.0942","wordfile":[{"path":"audios\/wordfile-66b22654650ac.mp3","mime":"audio\/mpeg","copyright":{"license":"U"}}]}],"files":[{"path":"audios\/files-66b225daa7844.mp3","mime":"audio\/mpeg","copyright":{"license":"U"}}]},"subContentId":"90c4e408-f06a-424a-a33f-a8e2a30ee778","metadata":{"contentType":"Curious Reader Audio","license":"U","title":"Untitled Curious Reader Audio"}},"backgroundOpacity":0,"willDoAnimation":false,"animationType":"glow","displayAsButton":false,"buttonSize":"big","goToSlideType":"specified","invisible":false}],"slideBackgroundSelector":{}},{"elements":[{"x":20.697167755991288,"y":4.29436559139785,"width":55.88235294117647,"height":68.81720430107526,"action":{"library":"H5P.Image 1.1","params":{"contentName":"Image","file":{"path":"images\/file-65832b0b0d2b0.jpg","mime":"image\/jpeg","copyright":{"license":"U"},"width":1000,"height":1000}},"subContentId":"da2b2019-fa80-40b3-8bd9-fe12b1f2ccee","metadata":{"contentType":"Image","license":"U","title":"Untitled Image"}},"backgroundOpacity":0,"willDoAnimation":false,"animationType":"glow","displayAsButton":false,"buttonSize":"big","goToSlideType":"specified","invisible":false},{"x":3.6764705882352944,"y":76.58254545454545,"width":94.11764705882352,"height":23.636363636363637,"action":{"library":"H5P.CRAdvancedText 1.1","params":{"text":"<p dir=\"ltr\" style=\"text-align: center;\"><span style=\"font-size:1.75em;\"><span style=\"color:#ffffff;\">Oh! Hakuna jambo la kushangaza? Kila mtu yuko wapi?<\/span><\/span><\/p>\n"},"subContentId":"655073f1-de35-42df-94e4-f645122ac952","metadata":{"contentType":"Text","license":"U","title":"Untitled Text"}},"alwaysDisplayComments":false,"backgroundOpacity":0,"willDoAnimation":false,"animationType":"glow","displayAsButton":false,"buttonSize":"big","goToSlideType":"specified","invisible":false,"solution":""},{"x":46.96691176470588,"y":44,"width":40,"height":40,"action":{"library":"H5P.CRAudio 1.4","params":{"fitToWrapper":true,"currIndex":3,"playerMode":"minimalistic","controls":true,"autoplay":true,"playAudio":"Play audio","pauseAudio":"Pause audio","contentName":"Audio","glowColor":"#ffd85a","timeStampForEachText":[{"text":" Oh! ","startDuration":"0.0000","endDuration":"1.5816","wordfile":[{"path":"audios\/wordfile-66b2269620188.mp3","mime":"audio\/mpeg","copyright":{"license":"U"}}]},{"text":" Hakuna ","startDuration":"1.5826","endDuration":"2.5041","wordfile":[{"path":"audios\/wordfile-670e728a555a4.mp3","mime":"audio\/mpeg","copyright":{"license":"U"}}]},{"text":" jambo ","startDuration":"2.5051","endDuration":"3.2270","wordfile":[{"path":"audios\/wordfile-66b226c12db0d.mp3","mime":"audio\/mpeg","copyright":{"license":"U"}}]},{"text":" la ","startDuration":"3.2280","endDuration":"3.5355","wordfile":[{"path":"audios\/wordfile-670e72980af69.mp3","mime":"audio\/mpeg","copyright":{"license":"U"}}]},{"text":" kushangaza? ","startDuration":"3.5365","endDuration":"4.6422","wordfile":[{"path":"audios\/wordfile-66b226e5bbda4.mp3","mime":"audio\/mpeg","copyright":{"license":"U"}}]},{"text":" Kila ","startDuration":"4.8888","endDuration":"5.4726","wordfile":[{"path":"audios\/wordfile-66b22704a6be8.mp3","mime":"audio\/mpeg","copyright":{"license":"U"}}]},{"text":" mtu ","startDuration":"5.4736","endDuration":"6.2109","wordfile":[{"path":"audios\/wordfile-66b22715aa6fc.mp3","mime":"audio\/mpeg","copyright":{"license":"U"}}]},{"text":" yuko ","startDuration":"6.2119","endDuration":"6.8110","wordfile":[{"path":"audios\/wordfile-670e72a862ace.mp3","mime":"audio\/mpeg","copyright":{"license":"U"}}]},{"text":" wapi? ","startDuration":"6.8120","endDuration":"7.7061","wordfile":[{"path":"audios\/wordfile-66b22740de166.mp3","mime":"audio\/mpeg","copyright":{"license":"U"}}]}],"files":[{"path":"audios\/files-66b22683f3aee.mp3","mime":"audio\/mpeg","copyright":{"license":"U"}}]},"subContentId":"c4e928a9-a176-435c-8d4c-5d06c6678e06","metadata":{"contentType":"Curious Reader Audio","license":"U","title":"Untitled Curious Reader Audio"}},"backgroundOpacity":0,"willDoAnimation":false,"animationType":"glow","displayAsButton":false,"buttonSize":"big","goToSlideType":"specified","invisible":false}],"slideBackgroundSelector":{}},{"elements":[{"x":28.32244008714597,"y":2.150537634408602,"width":39.97821350762527,"height":68.81720430107526,"action":{"library":"H5P.Image 1.1","params":{"contentName":"Image","file":{"path":"images\/file-65832c012cdae.jpg","mime":"image\/jpeg","copyright":{"license":"U"},"width":1000,"height":1000}},"subContentId":"e2906a2a-6335-4319-9270-1a0d1fed6d24","metadata":{"contentType":"Image","license":"U","title":"Untitled Image"}},"backgroundOpacity":0,"willDoAnimation":false,"animationType":"glow","displayAsButton":false,"buttonSize":"big","goToSlideType":"specified","invisible":false},{"x":2.178649237472767,"y":68.85659323397901,"width":96.87418300653594,"height":31.141900528044,"action":{"library":"H5P.CRAdvancedText 1.1","params":{"text":"<p style=\"text-align:center;\"><span style=\"font-size:1.75em;color:hsl(0, 0%, 100%);\"><strong>\u201cMama, unajua leo ni siku gani?\u201d Bea aliuliza. \u201cLeo ni siku ya kupika,\u201d Mama alimjibu. Oh hapana! Mama alikuwa amesahau!<\/strong><\/span><\/p>"},"subContentId":"0848ad97-7280-4f9a-acd7-cd9e37c0a9e2","metadata":{"contentType":"Text","license":"U","title":"Untitled Text"}},"alwaysDisplayComments":false,"backgroundOpacity":0,"willDoAnimation":false,"animationType":"glow","displayAsButton":false,"buttonSize":"big","goToSlideType":"specified","invisible":false,"solution":""},{"x":47.000103485838785,"y":44.00026681929878,"width":40,"height":40,"action":{"library":"H5P.CRAudio 1.4","params":{"fitToWrapper":true,"currIndex":4,"playerMode":"minimalistic","controls":true,"autoplay":true,"playAudio":"Play audio","pauseAudio":"Pause audio","contentName":"Audio","glowColor":"#ffd85a","timeStampForEachText":[{"text":" \u201cMama, ","startDuration":"0.0000","endDuration":"1.1984","wordfile":[{"path":"audios\/wordfile-67173f5f68464.mp3","mime":"audio\/mpeg","copyright":{"license":"U"}}]},{"text":" unajua ","startDuration":"1.1994","endDuration":"1.8487","wordfile":[{"path":"audios\/wordfile-67173f778593a.mp3","mime":"audio\/mpeg","copyright":{"license":"U"}}]},{"text":" leo ","startDuration":"1.8497","endDuration":"2.1495","wordfile":[{"path":"audios\/wordfile-67173f9472f30.mp3","mime":"audio\/mpeg","copyright":{"license":"U"}}]},{"text":" ni ","startDuration":"2.1505","endDuration":"2.3255","wordfile":[{"path":"audios\/wordfile-67173faf12e63.mp3","mime":"audio\/mpeg","copyright":{"license":"U"}}]},{"text":" siku ","startDuration":"2.3265","endDuration":"2.6763","wordfile":[{"path":"audios\/wordfile-67173fc38d7b3.mp3","mime":"audio\/mpeg","copyright":{"license":"U"}}]},{"text":" gani?\u201d ","startDuration":"2.6773","endDuration":"3.6510","wordfile":[{"path":"audios\/wordfile-67173fd407eed.mp3","mime":"audio\/mpeg","copyright":{"license":"U"}}]},{"text":" Bea ","startDuration":"4.0264","endDuration":"5.0001","wordfile":[{"path":"audios\/wordfile-67173ff376ac6.mp3","mime":"audio\/mpeg","copyright":{"license":"U"}}]},{"text":" aliuliza. ","startDuration":"5.0011","endDuration":"6.7236","wordfile":[{"path":"audios\/wordfile-6717400623c57.mp3","mime":"audio\/mpeg","copyright":{"license":"U"}}]},{"text":" \u201cLeo ","startDuration":"7.1489","endDuration":"7.9979","wordfile":[{"path":"audios\/wordfile-67174020909df.mp3","mime":"audio\/mpeg","copyright":{"license":"U"}}]},{"text":" ni ","startDuration":"7.9989","endDuration":"8.2987","wordfile":[{"path":"audios\/wordfile-67174065d37b2.mp3","mime":"audio\/mpeg","copyright":{"license":"U"}}]},{"text":" siku ","startDuration":"8.2997","endDuration":"8.8242","wordfile":[{"path":"audios\/wordfile-6717405b5b653.mp3","mime":"audio\/mpeg","copyright":{"license":"U"}}]},{"text":" ya ","startDuration":"8.8252","endDuration":"9.1001","wordfile":[{"path":"audios\/wordfile-6717407d48bbc.mp3","mime":"audio\/mpeg","copyright":{"license":"U"}}]},{"text":" kupika,\u201d ","startDuration":"9.1011","endDuration":"10.1996","wordfile":[{"path":"audios\/wordfile-6717409e8be3d.mp3","mime":"audio\/mpeg","copyright":{"license":"U"}}]},{"text":" Mama ","startDuration":"10.2006","endDuration":"12.0729","wordfile":[{"path":"audios\/wordfile-671740b6d6af5.mp3","mime":"audio\/mpeg","copyright":{"license":"U"}}]},{"text":" alimjibu. ","startDuration":"12.0739","endDuration":"13.8214","wordfile":[{"path":"audios\/wordfile-671740c888f9f.mp3","mime":"audio\/mpeg","copyright":{"license":"U"}}]},{"text":" Oh ","startDuration":"13.8224","endDuration":"15.5699","wordfile":[{"path":"audios\/wordfile-671740e939739.mp3","mime":"audio\/mpeg","copyright":{"license":"U"}}]},{"text":" hapana! ","startDuration":"15.5709","endDuration":"17.1686","wordfile":[{"path":"audios\/wordfile-67174103c11e0.mp3","mime":"audio\/mpeg","copyright":{"license":"U"}}]},{"text":" Mama ","startDuration":"17.6189","endDuration":"18.7923","wordfile":[{"path":"audios\/wordfile-6717411b589e6.mp3","mime":"audio\/mpeg","copyright":{"license":"U"}}]},{"text":" alikuwa ","startDuration":"18.7933","endDuration":"20.1165","wordfile":[{"path":"audios\/wordfile-67174132c0d9b.mp3","mime":"audio\/mpeg","copyright":{"license":"U"}}]},{"text":" amesahau! ","startDuration":"20.1175","endDuration":"21.8645","wordfile":[{"path":"audios\/wordfile-671741448e99a.mp3","mime":"audio\/mpeg","copyright":{"license":"U"}}]}],"files":[{"path":"audios\/files-67173f44a283f.mp3","mime":"audio\/mpeg","copyright":{"license":"U"}}]},"subContentId":"1d6ef180-c3b2-4b5e-8eb0-9ab03c4095f8","metadata":{"contentType":"Curious Reader Audio","license":"U","title":"Untitled Curious Reader Audio"}},"backgroundOpacity":0,"willDoAnimation":false,"animationType":"glow","displayAsButton":false,"buttonSize":"big","goToSlideType":"specified","invisible":false},{"x":37.03703703703704,"y":4.303537077123688,"width":16.62755991285403,"height":29.479228978297265,"action":{"library":"H5P.Image 1.1","params":{"contentName":"Image"},"subContentId":"0c0bdebd-cc24-4ec8-b7d5-3e5f9474a257","metadata":{"contentType":"Image","license":"U","title":"Untitled Image"}},"backgroundOpacity":0,"willDoAnimation":true,"animationType":"glow","displayAsButton":false,"buttonSize":"big","goToSlideType":"specified","invisible":false,"id":"img1d6ef180-c3b2-4b5e-8eb0-9ab03c4095f8_0"},{"x":53.37690631808279,"y":19.365916847056596,"width":13.167211328976036,"height":27.327460439735418,"action":{"library":"H5P.Image 1.1","params":{"contentName":"Image"},"subContentId":"0b84b873-f035-485f-9155-89cb2c389b79","metadata":{"contentType":"Image","license":"U","title":"Untitled Image"}},"backgroundOpacity":0,"willDoAnimation":true,"animationType":"glow","displayAsButton":false,"buttonSize":"big","goToSlideType":"specified","invisible":false,"id":"img1d6ef180-c3b2-4b5e-8eb0-9ab03c4095f8_6"},{"x":33.769063180827885,"y":4.303537077123688,"width":20.37037037037037,"height":39.999440540179975,"action":{"library":"H5P.Image 1.1","params":{"contentName":"Image"},"subContentId":"2a2da951-eb6b-4088-aa98-5b2080853e38","metadata":{"contentType":"Image","license":"U","title":"Untitled Image"}},"backgroundOpacity":0,"willDoAnimation":true,"animationType":"glow","displayAsButton":false,"buttonSize":"big","goToSlideType":"specified","invisible":false,"id":"img1d6ef180-c3b2-4b5e-8eb0-9ab03c4095f8_13"},{"x":34.85838779956427,"y":36.58006515555135,"width":12.745098039215687,"height":22.884488761312927,"action":{"library":"H5P.Image 1.1","params":{"contentName":"Image"},"subContentId":"1410328c-2425-482e-a5ad-6c751614b41f","metadata":{"contentType":"Image","license":"U","title":"Untitled Image"}},"backgroundOpacity":0,"willDoAnimation":true,"animationType":"glow","displayAsButton":false,"buttonSize":"big","goToSlideType":"specified","invisible":false,"id":"img1d6ef180-c3b2-4b5e-8eb0-9ab03c4095f8_12"},{"x":34.85838779956427,"y":4.303537077123688,"width":17.83856209150327,"height":31.630997516859107,"action":{"library":"H5P.Image 1.1","params":{"contentName":"Image"},"subContentId":"697c5c9a-34d9-4a00-bdd5-bcacf9c93863","metadata":{"contentType":"Image","license":"U","title":"Untitled Image"}},"backgroundOpacity":0,"willDoAnimation":true,"animationType":"glow","displayAsButton":false,"buttonSize":"big","goToSlideType":"specified","invisible":false,"id":"img1d6ef180-c3b2-4b5e-8eb0-9ab03c4095f8_17"}],"slideBackgroundSelector":{}},{"elements":[{"x":28.32244008714597,"y":2.150537634408602,"width":39.97821350762527,"height":70.96774193548387,"action":{"library":"H5P.Image 1.1","params":{"contentName":"Image","file":{"path":"images\/file-65832d06b9d3c.jpg","mime":"image\/jpeg","copyright":{"license":"U"},"width":1000,"height":1000}},"subContentId":"4ef25262-cd77-44b7-9558-621a4320226f","metadata":{"contentType":"Image","license":"U","title":"Untitled Image"}},"backgroundOpacity":0,"willDoAnimation":false,"animationType":"glow","displayAsButton":false,"buttonSize":"big","goToSlideType":"specified","invisible":false},{"x":2.178649237472767,"y":71.00912574855454,"width":97.24607843137255,"height":27.973291961551787,"action":{"library":"H5P.CRAdvancedText 1.1","params":{"text":"<p style=\"text-align:center;\"><span style=\"font-size:1.5em;color:hsl(0, 0%, 100%);\"><strong>\u201cDada, unajua leo ni siku gani?\u201d Bea aliuliza. \u201cLeo ni siku ya kuchora,\u201d dada yake alisema. Bea alijiuliza ni kwanini dada yake hakumbuki.<\/strong><\/span><\/p>"},"subContentId":"b7357a53-2bb0-4394-930d-05dbc739e7b9","metadata":{"contentType":"Text","license":"U","title":"Untitled Text"}},"alwaysDisplayComments":false,"backgroundOpacity":0,"willDoAnimation":false,"animationType":"glow","displayAsButton":false,"buttonSize":"big","goToSlideType":"specified","invisible":false,"solution":""},{"x":47.000103485838785,"y":44.00026681929878,"width":40,"height":40,"action":{"library":"H5P.CRAudio 1.4","params":{"fitToWrapper":true,"currIndex":5,"playerMode":"minimalistic","controls":true,"autoplay":true,"playAudio":"Play audio","pauseAudio":"Pause audio","contentName":"Audio","glowColor":"#ffd85a","timeStampForEachText":[{"text":" \u201cDada, ","startDuration":"0.0000","endDuration":"2.1700","wordfile":[{"path":"audios\/wordfile-671743443ab3d.mp3","mime":"audio\/mpeg","copyright":{"license":"U"}}]},{"text":" unajua ","startDuration":"2.1710","endDuration":"3.0473","wordfile":[{"path":"audios\/wordfile-6717435be9f02.mp3","mime":"audio\/mpeg","copyright":{"license":"U"}}]},{"text":" leo ","startDuration":"3.0483","endDuration":"3.5129","wordfile":[{"path":"audios\/wordfile-671743abe026c.mp3","mime":"audio\/mpeg","copyright":{"license":"U"}}]},{"text":" ni ","startDuration":"3.5139","endDuration":"3.8609","wordfile":[{"path":"audios\/wordfile-671743c9e7286.mp3","mime":"audio\/mpeg","copyright":{"license":"U"}}]},{"text":" siku ","startDuration":"3.8619","endDuration":"4.3265","wordfile":[{"path":"audios\/wordfile-671743e658c16.mp3","mime":"audio\/mpeg","copyright":{"license":"U"}}]},{"text":" gani?\u201d ","startDuration":"4.3275","endDuration":"5.5272","wordfile":[{"path":"audios\/wordfile-671743f897f1c.mp3","mime":"audio\/mpeg","copyright":{"license":"U"}}]},{"text":" Bea ","startDuration":"5.5282","endDuration":"7.1101","wordfile":[{"path":"audios\/wordfile-6717441297b79.mp3","mime":"audio\/mpeg","copyright":{"license":"U"}}]},{"text":" aliuliza. ","startDuration":"7.1111","endDuration":"9.2223","wordfile":[{"path":"audios\/wordfile-671744250dc49.mp3","mime":"audio\/mpeg","copyright":{"license":"U"}}]},{"text":" \u201cLeo ","startDuration":"9.2233","endDuration":"10.8934","wordfile":[{"path":"audios\/wordfile-6717451fa059b.mp3","mime":"audio\/mpeg","copyright":{"license":"U"}}]},{"text":" ni ","startDuration":"10.8944","endDuration":"11.2414","wordfile":[{"path":"audios\/wordfile-6717453bb4289.mp3","mime":"audio\/mpeg","copyright":{"license":"U"}}]},{"text":" siku ","startDuration":"11.2424","endDuration":"11.9128","wordfile":[{"path":"audios\/wordfile-6717455a72d4d.mp3","mime":"audio\/mpeg","copyright":{"license":"U"}}]},{"text":" ya ","startDuration":"12.0020","endDuration":"12.3490","wordfile":[{"path":"audios\/wordfile-6717457b7a356.mp3","mime":"audio\/mpeg","copyright":{"license":"U"}}]},{"text":" kuchora,\u201d ","startDuration":"12.3500","endDuration":"14.0201","wordfile":[{"path":"audios\/wordfile-6717459654137.mp3","mime":"audio\/mpeg","copyright":{"license":"U"}}]},{"text":" dada ","startDuration":"14.5209","endDuration":"15.0738","wordfile":[{"path":"audios\/wordfile-671745ba42bfe.mp3","mime":"audio\/mpeg","copyright":{"license":"U"}}]},{"text":" yake ","startDuration":"15.0748","endDuration":"15.9805","wordfile":[{"path":"audios\/wordfile-671745d0203ae.mp3","mime":"audio\/mpeg","copyright":{"license":"U"}}]},{"text":" alisema. ","startDuration":"15.9815","endDuration":"17.5928","wordfile":[{"path":"audios\/wordfile-671745e323c25.mp3","mime":"audio\/mpeg","copyright":{"license":"U"}}]},{"text":" Bea ","startDuration":"17.5938","endDuration":"19.0875","wordfile":[{"path":"audios\/wordfile-671745fdca18f.mp3","mime":"audio\/mpeg","copyright":{"license":"U"}}]},{"text":" alijiuliza ","startDuration":"19.0885","endDuration":"20.8762","wordfile":[{"path":"audios\/wordfile-6717461579847.mp3","mime":"audio\/mpeg","copyright":{"license":"U"}}]},{"text":" ni ","startDuration":"20.8772","endDuration":"21.2536","wordfile":[{"path":"audios\/wordfile-67174630aefc0.mp3","mime":"audio\/mpeg","copyright":{"license":"U"}}]},{"text":" kwanini ","startDuration":"21.2546","endDuration":"22.0721","wordfile":[{"path":"audios\/wordfile-6717464eb8e09.mp3","mime":"audio\/mpeg","copyright":{"license":"U"}}]},{"text":" dada ","startDuration":"22.0731","endDuration":"22.4789","wordfile":[{"path":"audios\/wordfile-67174669e66c1.mp3","mime":"audio\/mpeg","copyright":{"license":"U"}}]},{"text":" yake ","startDuration":"22.4799","endDuration":"23.3856","wordfile":[{"path":"audios\/wordfile-6717467db4af3.mp3","mime":"audio\/mpeg","copyright":{"license":"U"}}]},{"text":" hakumbuki. ","startDuration":"23.3866","endDuration":"25.2331","wordfile":[{"path":"audios\/wordfile-6717469026c3b.mp3","mime":"audio\/mpeg","copyright":{"license":"U"}}]}],"files":[{"path":"audios\/files-67174328311dc.mp3","mime":"audio\/mpeg","copyright":{"license":"U"}}]},"subContentId":"08cc1b10-38b3-4ae9-82c3-884db13a9e33","metadata":{"contentType":"Curious Reader Audio","license":"U","title":"Untitled Curious Reader Audio"}},"backgroundOpacity":0,"willDoAnimation":false,"animationType":"glow","displayAsButton":false,"buttonSize":"big","goToSlideType":"specified","invisible":false},{"x":47.930283224400874,"y":10.758842692809221,"width":16.10838779956427,"height":31.630997516859107,"action":{"library":"H5P.Image 1.1","params":{"contentName":"Image"},"subContentId":"8de66f07-6de3-4111-8eb3-b46a5b72d9db","metadata":{"contentType":"Image","license":"U","title":"Untitled Image"}},"backgroundOpacity":0,"willDoAnimation":true,"animationType":"glow","displayAsButton":false,"buttonSize":"big","goToSlideType":"specified","invisible":false,"id":"img08cc1b10-38b3-4ae9-82c3-884db13a9e33_0"},{"x":29.411764705882355,"y":8.607074154247377,"width":17.10239651416122,"height":31.869628647785618,"action":{"library":"H5P.Image 1.1","params":{"contentName":"Image"},"subContentId":"63069cb6-2399-4106-9b11-7bd407fc595b","metadata":{"contentType":"Image","license":"U","title":"Untitled Image"}},"backgroundOpacity":0,"willDoAnimation":true,"animationType":"glow","displayAsButton":false,"buttonSize":"big","goToSlideType":"specified","invisible":false,"id":"img08cc1b10-38b3-4ae9-82c3-884db13a9e33_6"},{"x":41.394335511982575,"y":40.88360223267504,"width":18.241938997821354,"height":29.479228978297265,"action":{"library":"H5P.Image 1.1","params":{"contentName":"Image"},"subContentId":"9eda570f-3e97-41ac-9d6e-ec9605b2f17a","metadata":{"contentType":"Image","license":"U","title":"Untitled Image"}},"backgroundOpacity":0,"willDoAnimation":true,"animationType":"glow","displayAsButton":false,"buttonSize":"big","goToSlideType":"specified","invisible":false,"id":"img08cc1b10-38b3-4ae9-82c3-884db13a9e33_12"},{"x":30.501089324618736,"y":10.758842692809221,"width":15.41644880174292,"height":27.327460439735418,"action":{"library":"H5P.Image 1.1","params":{"contentName":"Image"},"subContentId":"779420f7-7f0d-4797-b4d8-31b5e755b998","metadata":{"contentType":"Image","license":"U","title":"Untitled Image"}},"backgroundOpacity":0,"willDoAnimation":true,"animationType":"glow","displayAsButton":false,"buttonSize":"big","goToSlideType":"specified","invisible":false,"id":"img08cc1b10-38b3-4ae9-82c3-884db13a9e33_16"},{"x":45.751633986928105,"y":10.758842692809221,"width":19.281045751633986,"height":29.837283263113953,"action":{"library":"H5P.Image 1.1","params":{"contentName":"Image"},"subContentId":"c3b83be8-b338-4091-87da-eee87e1b2b55","metadata":{"contentType":"Image","license":"U","title":"Untitled Image"}},"backgroundOpacity":0,"willDoAnimation":true,"animationType":"glow","displayAsButton":false,"buttonSize":"big","goToSlideType":"specified","invisible":false,"id":"img08cc1b10-38b3-4ae9-82c3-884db13a9e33_20"}],"slideBackgroundSelector":{}},{"elements":[{"x":28.322440087145967,"y":0,"width":39.97821350762527,"height":73.11827956989247,"action":{"library":"H5P.Image 1.1","params":{"contentName":"Image","file":{"path":"images\/file-65832daf4b9a6.jpg","mime":"image\/jpeg","copyright":{"license":"U"},"width":1000,"height":1000}},"subContentId":"77b53485-fb8f-4479-9b9b-07f9db40851e","metadata":{"contentType":"Image","license":"U","title":"Untitled Image"}},"backgroundOpacity":0,"willDoAnimation":false,"animationType":"glow","displayAsButton":false,"buttonSize":"big","goToSlideType":"specified","invisible":false},{"x":5.446623093681917,"y":75.31189884966454,"width":93.1985294117647,"height":24.363636363636363,"action":{"library":"H5P.CRAdvancedText 1.1","params":{"text":"<p style=\"text-align:center;\"><span style=\"font-size:1.375em;color:hsl(0, 0%, 100%);\"><strong>\u201cMdogo wangu, leo ni siku gani?\u201d Bea aliuliza. \u201cMpira! Mpira!\u201d mdogo wake alisema.<\/strong><\/span><\/p>"},"subContentId":"3f6ad871-cba9-4cde-98ab-07926142842c","metadata":{"contentType":"Text","license":"U","title":"Untitled Text"}},"alwaysDisplayComments":false,"backgroundOpacity":0,"willDoAnimation":false,"animationType":"glow","displayAsButton":false,"buttonSize":"big","goToSlideType":"specified","invisible":false,"solution":""},{"x":47.000103485838785,"y":44.00026681929878,"width":40,"height":40,"action":{"library":"H5P.CRAudio 1.4","params":{"fitToWrapper":true,"currIndex":6,"playerMode":"minimalistic","controls":true,"autoplay":true,"playAudio":"Play audio","pauseAudio":"Pause audio","contentName":"Audio","glowColor":"#ffd85a","timeStampForEachText":[{"text":" \u201cMdogo ","startDuration":"0.0000","endDuration":"0.9689","wordfile":[{"path":"audios\/wordfile-671747f31130d.mp3","mime":"audio\/mpeg","copyright":{"license":"U"}}]},{"text":" wangu, ","startDuration":"0.9699","endDuration":"1.9559","wordfile":[{"path":"audios\/wordfile-671748088542d.mp3","mime":"audio\/mpeg","copyright":{"license":"U"}}]},{"text":" leo ","startDuration":"2.4182","endDuration":"3.5580","wordfile":[{"path":"audios\/wordfile-67174829db2f6.mp3","mime":"audio\/mpeg","copyright":{"license":"U"}}]},{"text":" ni ","startDuration":"3.5590","endDuration":"4.1007","wordfile":[{"path":"audios\/wordfile-6717483d4fc31.mp3","mime":"audio\/mpeg","copyright":{"license":"U"}}]},{"text":" siku ","startDuration":"4.1017","endDuration":"4.6434","wordfile":[{"path":"audios\/wordfile-6717484f269f2.mp3","mime":"audio\/mpeg","copyright":{"license":"U"}}]},{"text":" gani?\u201d ","startDuration":"4.6444","endDuration":"5.7158","wordfile":[{"path":"audios\/wordfile-6717485f61bce.mp3","mime":"audio\/mpeg","copyright":{"license":"U"}}]},{"text":" Bea ","startDuration":"6.3490","endDuration":"7.5401","wordfile":[{"path":"audios\/wordfile-6717487ff0dd8.mp3","mime":"audio\/mpeg","copyright":{"license":"U"}}]},{"text":" aliuliza. ","startDuration":"7.5411","endDuration":"8.9030","wordfile":[{"path":"audios\/wordfile-67174894e225c.mp3","mime":"audio\/mpeg","copyright":{"license":"U"}}]},{"text":" \u201cMpira! ","startDuration":"9.3141","endDuration":"10.4880","wordfile":[{"path":"audios\/wordfile-671748af2ed59.mp3","mime":"audio\/mpeg","copyright":{"license":"U"}}]},{"text":" Mpira!\u201d ","startDuration":"10.4890","endDuration":"11.7484","wordfile":[{"path":"audios\/wordfile-671748c281d3b.mp3","mime":"audio\/mpeg","copyright":{"license":"U"}}]},{"text":" mdogo ","startDuration":"11.7494","endDuration":"12.4620","wordfile":[{"path":"audios\/wordfile-671748df6ccbc.mp3","mime":"audio\/mpeg","copyright":{"license":"U"}}]},{"text":" wake ","startDuration":"12.4630","endDuration":"13.3465","wordfile":[{"path":"audios\/wordfile-671748f52610c.mp3","mime":"audio\/mpeg","copyright":{"license":"U"}}]},{"text":" alisema. ","startDuration":"13.3475","endDuration":"14.8803","wordfile":[{"path":"audios\/wordfile-671749084ab4f.mp3","mime":"audio\/mpeg","copyright":{"license":"U"}}]}],"files":[{"path":"audios\/files-671746f07d608.mp3","mime":"audio\/mpeg","copyright":{"license":"U"}}]},"subContentId":"ce3b54f4-117b-44a9-b42f-af05f3b752ea","metadata":{"contentType":"Curious Reader Audio","license":"U","title":"Untitled Curious Reader Audio"}},"backgroundOpacity":0,"willDoAnimation":false,"animationType":"glow","displayAsButton":false,"buttonSize":"big","goToSlideType":"specified","invisible":false},{"x":32.6797385620915,"y":34.428296616989506,"width":11.655773420479303,"height":22.884488761312927,"action":{"library":"H5P.Image 1.1","params":{"contentName":"Image"},"subContentId":"08635bc5-05fa-4761-a791-8a7b9bd9326a","metadata":{"contentType":"Image","license":"U","title":"Untitled Image"}},"backgroundOpacity":0,"willDoAnimation":true,"animationType":"glow","displayAsButton":false,"buttonSize":"big","goToSlideType":"specified","invisible":false,"id":"imgce3b54f4-117b-44a9-b42f-af05f3b752ea_0"},{"x":42.48366013071895,"y":4.303537077123688,"width":19.281045751633986,"height":33.90218920931114,"action":{"library":"H5P.Image 1.1","params":{"contentName":"Image"},"subContentId":"17f577cb-b7c1-4e4c-aa7f-224abf381194","metadata":{"contentType":"Image","license":"U","title":"Untitled Image"}},"backgroundOpacity":0,"willDoAnimation":true,"animationType":"glow","displayAsButton":false,"buttonSize":"big","goToSlideType":"specified","invisible":false,"id":"imgce3b54f4-117b-44a9-b42f-af05f3b752ea_6"},{"x":38.12636165577342,"y":49.490676386922416,"width":9.477124183006536,"height":15.981916537201926,"action":{"library":"H5P.Image 1.1","params":{"contentName":"Image"},"subContentId":"2a37a64e-b973-4ba6-aa21-6f98956428d9","metadata":{"contentType":"Image","license":"U","title":"Untitled Image"}},"backgroundOpacity":0,"willDoAnimation":true,"animationType":"glow","displayAsButton":false,"buttonSize":"big","goToSlideType":"specified","invisible":false,"id":"imgce3b54f4-117b-44a9-b42f-af05f3b752ea_8"},{"x":38.12636165577342,"y":49.490676386922416,"width":9.361383442265796,"height":16.5686177469262,"action":{"library":"H5P.Image 1.1","params":{"contentName":"Image"},"subContentId":"fc5ac93a-bc48-4b50-9933-e7796d2a07ce","metadata":{"contentType":"Image","license":"U","title":"Untitled Image"}},"backgroundOpacity":0,"willDoAnimation":true,"animationType":"glow","displayAsButton":false,"buttonSize":"big","goToSlideType":"specified","invisible":false,"id":"imgce3b54f4-117b-44a9-b42f-af05f3b752ea_9"}],"slideBackgroundSelector":{}},{"elements":[{"x":26.785714285714285,"y":0,"width":39.97821350762527,"height":68.81720430107526,"action":{"library":"H5P.Image 1.1","params":{"contentName":"Image","file":{"path":"images\/file-65832df23c7df.jpg","mime":"image\/jpeg","copyright":{"license":"U"},"width":1000,"height":1000}},"subContentId":"9efe1161-d9dc-4013-9534-4e97a7ed87a0","metadata":{"contentType":"Image","license":"U","title":"Untitled Image"}},"backgroundOpacity":0,"willDoAnimation":false,"animationType":"glow","displayAsButton":false,"buttonSize":"big","goToSlideType":"specified","invisible":false},{"x":7.653061224489796,"y":75.16523929471033,"width":85.0765306122449,"height":20.151133501259444,"action":{"library":"H5P.CRAdvancedText 1.1","params":{"text":"<p dir=\"ltr\" style=\"text-align: center;\"><span style=\"font-size:1.75em;\"><span style=\"color:#ffffff;\">Labda marafiki zake Bea wangekumbuka!<\/span><\/span><\/p>\n"},"subContentId":"55640de6-21a3-43aa-bbf7-06e03a641041","metadata":{"contentType":"Text","license":"U","title":"Untitled Text"}},"alwaysDisplayComments":false,"backgroundOpacity":0,"willDoAnimation":false,"animationType":"glow","displayAsButton":false,"buttonSize":"big","goToSlideType":"specified","invisible":false,"solution":""},{"x":46.96691176470588,"y":44,"width":40,"height":40,"action":{"library":"H5P.CRAudio 1.4","params":{"fitToWrapper":true,"currIndex":7,"playerMode":"minimalistic","controls":true,"autoplay":true,"playAudio":"Play audio","pauseAudio":"Pause audio","contentName":"Audio","glowColor":"#ffd85a","timeStampForEachText":[{"text":" Labda ","startDuration":"0.0000","endDuration":"1.2790","wordfile":[{"path":"audios\/wordfile-66b3271754f98.mp3","mime":"audio\/mpeg","copyright":{"license":"U"}}]},{"text":" marafiki ","startDuration":"1.2800","endDuration":"2.0645","wordfile":[{"path":"audios\/wordfile-66b32734cee32.mp3","mime":"audio\/mpeg","copyright":{"license":"U"}}]},{"text":" zake ","startDuration":"2.0655","endDuration":"2.6477","wordfile":[{"path":"audios\/wordfile-670e73e614dd4.mp3","mime":"audio\/mpeg","copyright":{"license":"U"}}]},{"text":" Bea ","startDuration":"2.6487","endDuration":"3.3657","wordfile":[{"path":"audios\/wordfile-66b3275d9c256.mp3","mime":"audio\/mpeg","copyright":{"license":"U"}}]},{"text":" wangekumbuka! ","startDuration":"3.6589","endDuration":"5.2414","wordfile":[{"path":"audios\/wordfile-66b32771c182c.mp3","mime":"audio\/mpeg","copyright":{"license":"U"}}]}],"files":[{"path":"audios\/files-66b327058c306.mp3","mime":"audio\/mpeg","copyright":{"license":"U"}}]},"subContentId":"9b509c52-2822-4aad-bcc1-17456377fda8","metadata":{"contentType":"Curious Reader Audio","license":"U","title":"Untitled Curious Reader Audio"}},"backgroundOpacity":0,"willDoAnimation":false,"animationType":"glow","displayAsButton":false,"buttonSize":"big","goToSlideType":"specified","invisible":false},{"x":34.92647058823529,"y":14.545454545454545,"width":21.507352941176467,"height":40,"action":{"library":"H5P.Image 1.1","params":{"contentName":"Image"},"subContentId":"31c192b4-add4-4694-8355-6ab95b5ca04e","metadata":{"contentType":"Image","license":"U","title":"Untitled Image"}},"backgroundOpacity":0,"willDoAnimation":true,"animationType":"glow","displayAsButton":false,"buttonSize":"big","goToSlideType":"specified","invisible":false,"id":"img9b509c52-2822-4aad-bcc1-17456377fda8_3"}],"slideBackgroundSelector":{}},{"elements":[{"x":26.785714285714285,"y":2.5188916876574305,"width":39.97821350762527,"height":68.81720430107526,"action":{"library":"H5P.Image 1.1","params":{"contentName":"Image","file":{"path":"images\/file-65832e622eb7a.jpg","mime":"image\/jpeg","copyright":{"license":"U"},"width":1000,"height":1000}},"subContentId":"ec57b43b-aee5-45d7-beed-583e41fda5d6","metadata":{"contentType":"Image","license":"U","title":"Untitled Image"}},"backgroundOpacity":0,"willDoAnimation":false,"animationType":"glow","displayAsButton":false,"buttonSize":"big","goToSlideType":"specified","invisible":false},{"x":5.1020408163265305,"y":73.04785894206549,"width":89.32461873638344,"height":22.79569892473118,"action":{"library":"H5P.CRAdvancedText 1.1","params":{"text":"<p style=\"text-align:center;\"><span style=\"font-size:1.5em;color:hsl(0, 0%, 100%);\"><strong>\u201cSungura, leo ni siku gani?\u201d Bea aliuliza. \u201cLeo ni siku ya kushona,\u201d Sungura alisema.<\/strong><\/span><\/p>"},"subContentId":"d4851261-22f1-43e0-b1b9-2adb9168cc3b","metadata":{"contentType":"Text","license":"U","title":"Untitled Text"}},"alwaysDisplayComments":false,"backgroundOpacity":0,"willDoAnimation":false,"animationType":"glow","displayAsButton":false,"buttonSize":"big","goToSlideType":"specified","invisible":false,"solution":""},{"x":47.000103485838785,"y":44.00026681929878,"width":40,"height":40,"action":{"library":"H5P.CRAudio 1.4","params":{"fitToWrapper":true,"currIndex":8,"playerMode":"minimalistic","controls":true,"autoplay":true,"playAudio":"Play audio","pauseAudio":"Pause audio","contentName":"Audio","glowColor":"#ffd85a","timeStampForEachText":[{"text":" \u201cSungura, ","startDuration":"0.0000","endDuration":"1.8439","wordfile":[{"path":"audios\/wordfile-67174a0c8c31e.mp3","mime":"audio\/mpeg","copyright":{"license":"U"}}]},{"text":" leo ","startDuration":"2.1699","endDuration":"3.0962","wordfile":[{"path":"audios\/wordfile-67174a27d6e87.mp3","mime":"audio\/mpeg","copyright":{"license":"U"}}]},{"text":" ni ","startDuration":"3.0972","endDuration":"3.4119","wordfile":[{"path":"audios\/wordfile-67174a3de1d0c.mp3","mime":"audio\/mpeg","copyright":{"license":"U"}}]},{"text":" siku ","startDuration":"3.4129","endDuration":"3.9379","wordfile":[{"path":"audios\/wordfile-67174a4fa32b3.mp3","mime":"audio\/mpeg","copyright":{"license":"U"}}]},{"text":" gani?\u201d ","startDuration":"3.9389","endDuration":"4.9608","wordfile":[{"path":"audios\/wordfile-67174a5d9390a.mp3","mime":"audio\/mpeg","copyright":{"license":"U"}}]},{"text":" Bea ","startDuration":"5.7264","endDuration":"6.8439","wordfile":[{"path":"audios\/wordfile-67174a7d1acec.mp3","mime":"audio\/mpeg","copyright":{"license":"U"}}]},{"text":" aliuliza. ","startDuration":"6.8449","endDuration":"8.3638","wordfile":[{"path":"audios\/wordfile-67174a949a4ec.mp3","mime":"audio\/mpeg","copyright":{"license":"U"}}]},{"text":" \u201cLeo ","startDuration":"9.2058","endDuration":"10.5145","wordfile":[{"path":"audios\/wordfile-67174ae623e62.mp3","mime":"audio\/mpeg","copyright":{"license":"U"}}]},{"text":" ni ","startDuration":"10.5155","endDuration":"10.9449","wordfile":[{"path":"audios\/wordfile-67174af8bf808.mp3","mime":"audio\/mpeg","copyright":{"license":"U"}}]},{"text":" siku ","startDuration":"10.9459","endDuration":"11.7767","wordfile":[{"path":"audios\/wordfile-67174b0ad6b51.mp3","mime":"audio\/mpeg","copyright":{"license":"U"}}]},{"text":" ya ","startDuration":"11.7777","endDuration":"12.1688","wordfile":[{"path":"audios\/wordfile-67174b1bb90ff.mp3","mime":"audio\/mpeg","copyright":{"license":"U"}}]},{"text":" kushona,\u201d ","startDuration":"12.1698","endDuration":"13.3064","wordfile":[{"path":"audios\/wordfile-67174b3430cd0.mp3","mime":"audio\/mpeg","copyright":{"license":"U"}}]},{"text":" Sungura ","startDuration":"13.6706","endDuration":"15.2851","wordfile":[{"path":"audios\/wordfile-67174b4dafdc0.mp3","mime":"audio\/mpeg","copyright":{"license":"U"}}]},{"text":" alisema. ","startDuration":"15.2861","endDuration":"16.7445","wordfile":[{"path":"audios\/wordfile-67174b66ccb2f.mp3","mime":"audio\/mpeg","copyright":{"license":"U"}}]}],"files":[{"path":"audios\/files-6717492e142f7.mp3","mime":"audio\/mpeg","copyright":{"license":"U"}}]},"subContentId":"ed2bc541-c590-456a-84cd-9a0fde6ca221","metadata":{"contentType":"Curious Reader Audio","license":"U","title":"Untitled Curious Reader Audio"}},"backgroundOpacity":0,"willDoAnimation":false,"animationType":"glow","displayAsButton":false,"buttonSize":"big","goToSlideType":"specified","invisible":false},{"x":49.01960784313725,"y":32.27652807842766,"width":14.923747276688454,"height":31.630997516859107,"action":{"library":"H5P.Image 1.1","params":{"contentName":"Image"},"subContentId":"168ef981-35e2-4773-a47c-7b63518c1fb9","metadata":{"contentType":"Image","license":"U","title":"Untitled Image"}},"backgroundOpacity":0,"willDoAnimation":true,"animationType":"glow","displayAsButton":false,"buttonSize":"big","goToSlideType":"specified","invisible":false,"id":"imged2bc541-c590-456a-84cd-9a0fde6ca221_0"},{"x":47.930283224400874,"y":47.33890784836057,"width":12.745098039215687,"height":23.740031932245113,"action":{"library":"H5P.Image 1.1","params":{"contentName":"Image"},"subContentId":"e6a09ccc-b72c-4b86-8dd6-4c48587c4dcb","metadata":{"contentType":"Image","license":"U","title":"Untitled Image"}},"backgroundOpacity":0,"willDoAnimation":true,"animationType":"glow","displayAsButton":false,"buttonSize":"big","goToSlideType":"specified","invisible":false,"id":"imged2bc541-c590-456a-84cd-9a0fde6ca221_11"},{"x":32.6797385620915,"y":17.214148308494753,"width":16.10838779956427,"height":31.630997516859107,"action":{"library":"H5P.Image 1.1","params":{"contentName":"Image"},"subContentId":"a12334c7-4cc9-42a5-9244-3d3152439e45","metadata":{"contentType":"Image","license":"U","title":"Untitled Image"}},"backgroundOpacity":0,"willDoAnimation":true,"animationType":"glow","displayAsButton":false,"buttonSize":"big","goToSlideType":"specified","invisible":false,"id":"imged2bc541-c590-456a-84cd-9a0fde6ca221_5"},{"x":50.10893246187364,"y":32.27652807842766,"width":14.205446623093684,"height":29.479228978297265,"action":{"library":"H5P.Image 1.1","params":{"contentName":"Image"},"subContentId":"6c79f201-abbf-49c1-a912-110bbabeba7d","metadata":{"contentType":"Image","license":"U","title":"Untitled Image"}},"backgroundOpacity":0,"willDoAnimation":true,"animationType":"glow","displayAsButton":false,"buttonSize":"big","goToSlideType":"specified","invisible":false,"id":"imged2bc541-c590-456a-84cd-9a0fde6ca221_12"}],"slideBackgroundSelector":{}},{"elements":[{"x":27.233115468409586,"y":0,"width":39.97821350762527,"height":70.96774193548387,"action":{"library":"H5P.Image 1.1","params":{"contentName":"Image","file":{"path":"images\/file-65832ed786e36.jpg","mime":"image\/jpeg","copyright":{"license":"U"},"width":1000,"height":1000}},"subContentId":"476d4d2a-b6f0-42fb-bc07-70273973f3c7","metadata":{"contentType":"Image","license":"U","title":"Untitled Image"}},"backgroundOpacity":0,"willDoAnimation":false,"animationType":"glow","displayAsButton":false,"buttonSize":"big","goToSlideType":"specified","invisible":false},{"x":0,"y":73.14763636363637,"width":99.26470588235293,"height":25.454545454545453,"action":{"library":"H5P.CRAdvancedText 1.1","params":{"text":"<p style=\"text-align:center;\"><span style=\"font-size:1.25em;color:hsl(0, 0%, 100%);\"><strong>\u201cSwala, leo ni siku gnai?\u201d Bea aliuliza. \u201cLeo ni siku ya mavuno,\u201d Swala alijibu. Bea alianza kuhisi huzuni.<\/strong><\/span><\/p>"},"subContentId":"b6b0b06c-2a51-4d11-9837-3ede0adbf565","metadata":{"contentType":"Text","license":"U","title":"Untitled Text"}},"alwaysDisplayComments":false,"backgroundOpacity":0,"willDoAnimation":false,"animationType":"glow","displayAsButton":false,"buttonSize":"big","goToSlideType":"specified","invisible":false,"solution":""},{"x":47.000103485838785,"y":44.00026681929878,"width":40,"height":40,"action":{"library":"H5P.CRAudio 1.4","params":{"fitToWrapper":true,"currIndex":9,"playerMode":"minimalistic","controls":true,"autoplay":true,"playAudio":"Play audio","pauseAudio":"Pause audio","contentName":"Audio","glowColor":"#ffd85a","timeStampForEachText":[{"text":" \u201cSwala, ","startDuration":"0.0000","endDuration":"1.8480","wordfile":[{"path":"audios\/wordfile-67174ba7b1ea3.mp3","mime":"audio\/mpeg","copyright":{"license":"U"}}]},{"text":" leo ","startDuration":"1.8490","endDuration":"2.9406","wordfile":[{"path":"audios\/wordfile-67174bbfc13be.mp3","mime":"audio\/mpeg","copyright":{"license":"U"}}]},{"text":" ni ","startDuration":"2.9416","endDuration":"3.3307","wordfile":[{"path":"audios\/wordfile-67174bd313129.mp3","mime":"audio\/mpeg","copyright":{"license":"U"}}]},{"text":" siku ","startDuration":"3.3317","endDuration":"3.7208","wordfile":[{"path":"audios\/wordfile-67174bee84be4.mp3","mime":"audio\/mpeg","copyright":{"license":"U"}}]},{"text":" gnai?\u201d ","startDuration":"3.7218","endDuration":"4.9214","wordfile":[{"path":"audios\/wordfile-67174bfb77b30.mp3","mime":"audio\/mpeg","copyright":{"license":"U"}}]},{"text":" Bea ","startDuration":"5.6248","endDuration":"6.7975","wordfile":[{"path":"audios\/wordfile-67174c186dd21.mp3","mime":"audio\/mpeg","copyright":{"license":"U"}}]},{"text":" aliuliza. ","startDuration":"6.7985","endDuration":"8.9437","wordfile":[{"path":"audios\/wordfile-67174c2bb6628.mp3","mime":"audio\/mpeg","copyright":{"license":"U"}}]},{"text":" \u201cLeo ","startDuration":"9.7552","endDuration":"10.7657","wordfile":[{"path":"audios\/wordfile-67174c4641533.mp3","mime":"audio\/mpeg","copyright":{"license":"U"}}]},{"text":" ni ","startDuration":"10.7667","endDuration":"11.1018","wordfile":[{"path":"audios\/wordfile-67174c7ace8e7.mp3","mime":"audio\/mpeg","copyright":{"license":"U"}}]},{"text":" siku ","startDuration":"11.1028","endDuration":"11.9512","wordfile":[{"path":"audios\/wordfile-67174c732371b.mp3","mime":"audio\/mpeg","copyright":{"license":"U"}}]},{"text":" ya ","startDuration":"11.9522","endDuration":"12.3143","wordfile":[{"path":"audios\/wordfile-67174c8e675fb.mp3","mime":"audio\/mpeg","copyright":{"license":"U"}}]},{"text":" mavuno,\u201d ","startDuration":"12.3153","endDuration":"13.7041","wordfile":[{"path":"audios\/wordfile-67174ca88b8af.mp3","mime":"audio\/mpeg","copyright":{"license":"U"}}]},{"text":" Swala ","startDuration":"14.2995","endDuration":"15.7152","wordfile":[{"path":"audios\/wordfile-67174cc1d99b5.mp3","mime":"audio\/mpeg","copyright":{"license":"U"}}]},{"text":" alijibu. ","startDuration":"15.7162","endDuration":"17.2941","wordfile":[{"path":"audios\/wordfile-67174cd30f32e.mp3","mime":"audio\/mpeg","copyright":{"license":"U"}}]},{"text":" Bea ","startDuration":"17.5923","endDuration":"19.0621","wordfile":[{"path":"audios\/wordfile-67174cf070e9e.mp3","mime":"audio\/mpeg","copyright":{"license":"U"}}]},{"text":" alianza ","startDuration":"19.0631","endDuration":"20.3708","wordfile":[{"path":"audios\/wordfile-67174d0486792.mp3","mime":"audio\/mpeg","copyright":{"license":"U"}}]},{"text":" kuhisi ","startDuration":"20.3718","endDuration":"21.5174","wordfile":[{"path":"audios\/wordfile-67174e042cd05.mp3","mime":"audio\/mpeg","copyright":{"license":"U"}}]},{"text":" huzuni. ","startDuration":"21.5184","endDuration":"23.3394","wordfile":[{"path":"audios\/wordfile-67174e160acae.mp3","mime":"audio\/mpeg","copyright":{"license":"U"}}]}],"files":[{"path":"audios\/files-67174b87a5919.mp3","mime":"audio\/mpeg","copyright":{"license":"U"}}]},"subContentId":"1c32637c-3906-422f-8e64-94d4bcf1e986","metadata":{"contentType":"Curious Reader Audio","license":"U","title":"Untitled Curious Reader Audio"}},"backgroundOpacity":0,"willDoAnimation":false,"animationType":"glow","displayAsButton":false,"buttonSize":"big","goToSlideType":"specified","invisible":false},{"x":47.930283224400874,"y":10.758842692809221,"width":11.091503267973856,"height":18.720386285488043,"action":{"library":"H5P.Image 1.1","params":{"contentName":"Image"},"subContentId":"ceaa4503-8c65-4c64-af24-8744605cb9ea","metadata":{"contentType":"Image","license":"U","title":"Untitled Image"}},"backgroundOpacity":0,"willDoAnimation":true,"animationType":"glow","displayAsButton":false,"buttonSize":"big","goToSlideType":"specified","invisible":false,"id":"img1c32637c-3906-422f-8e64-94d4bcf1e986_0"},{"x":39.21568627450981,"y":10.758842692809221,"width":9.477124183006536,"height":19.675233574474863,"action":{"library":"H5P.Image 1.1","params":{"contentName":"Image"},"subContentId":"782e0d82-541b-4b27-bc8c-fbed30c6abe3","metadata":{"contentType":"Image","license":"U","title":"Untitled Image"}},"backgroundOpacity":0,"willDoAnimation":true,"animationType":"glow","displayAsButton":false,"buttonSize":"big","goToSlideType":"specified","invisible":false,"id":"img1c32637c-3906-422f-8e64-94d4bcf1e986_5"},{"x":46.84095860566449,"y":21.517685385618442,"width":11.655773420479303,"height":21.707686547573452,"action":{"library":"H5P.Image 1.1","params":{"contentName":"Image"},"subContentId":"b8cc85d8-98f3-4211-aa0f-a34ec810a323","metadata":{"contentType":"Image","license":"U","title":"Untitled Image"}},"backgroundOpacity":0,"willDoAnimation":true,"animationType":"glow","displayAsButton":false,"buttonSize":"big","goToSlideType":"specified","invisible":false,"id":"img1c32637c-3906-422f-8e64-94d4bcf1e986_11"},{"x":47.930283224400874,"y":10.758842692809221,"width":12.129847494553378,"height":18.720386285488043,"action":{"library":"H5P.Image 1.1","params":{"contentName":"Image"},"subContentId":"3a924a0e-52eb-477f-81d1-c4a616e1e936","metadata":{"contentType":"Image","license":"U","title":"Untitled Image"}},"backgroundOpacity":0,"willDoAnimation":true,"animationType":"glow","displayAsButton":false,"buttonSize":"big","goToSlideType":"specified","invisible":false,"id":"img1c32637c-3906-422f-8e64-94d4bcf1e986_12"},{"x":39.21568627450981,"y":10.758842692809221,"width":8.900119825708062,"height":16.5686177469262,"action":{"library":"H5P.Image 1.1","params":{"contentName":"Image"},"subContentId":"3ebe4f00-4265-4bd8-96d6-144e1503c799","metadata":{"contentType":"Image","license":"U","title":"Untitled Image"}},"backgroundOpacity":0,"willDoAnimation":true,"animationType":"glow","displayAsButton":false,"buttonSize":"big","goToSlideType":"specified","invisible":false,"id":"img1c32637c-3906-422f-8e64-94d4bcf1e986_14"}],"slideBackgroundSelector":{}},{"elements":[{"x":29.336734693877553,"y":2.5188916876574305,"width":39.97821350762527,"height":70.96774193548387,"action":{"library":"H5P.Image 1.1","params":{"contentName":"Image","file":{"path":"images\/file-65832f211fed6.jpg","mime":"image\/jpeg","copyright":{"license":"U"},"width":1000,"height":1000}},"subContentId":"3dd30407-e43b-4105-96b0-3f3a2936bb67","metadata":{"contentType":"Image","license":"U","title":"Untitled Image"}},"backgroundOpacity":0,"willDoAnimation":false,"animationType":"glow","displayAsButton":false,"buttonSize":"big","goToSlideType":"specified","invisible":false},{"x":0,"y":72.93745454545456,"width":98.16176470588235,"height":27.272727272727273,"action":{"library":"H5P.CRAdvancedText 1.1","params":{"text":"<p dir=\"ltr\" style=\"text-align: center;\"><span style=\"font-size:1.5em;\"><span style=\"color:#ffffff;\">Nyani alisema ni siku ya kuchuma matunda. Chura akasema ni siku ya kuimba. Tembo akasema ni siku ya kusoma kitabu.<\/span><\/span><\/p>\n"},"subContentId":"0491e5b8-cc18-4f77-8e2f-5c05fe3912fc","metadata":{"contentType":"Text","license":"U","title":"Untitled Text"}},"alwaysDisplayComments":false,"backgroundOpacity":0,"willDoAnimation":false,"animationType":"glow","displayAsButton":false,"buttonSize":"big","goToSlideType":"specified","invisible":false,"solution":""},{"x":46.96691176470588,"y":44,"width":40,"height":40,"action":{"library":"H5P.CRAudio 1.4","params":{"fitToWrapper":true,"currIndex":10,"playerMode":"minimalistic","controls":true,"autoplay":true,"playAudio":"Play audio","pauseAudio":"Pause audio","contentName":"Audio","glowColor":"#ffd85a","timeStampForEachText":[{"text":" Nyani ","startDuration":"0.0000","endDuration":"1.0545","wordfile":[{"path":"audios\/wordfile-66b32b33683a6.mp3","mime":"audio\/mpeg","copyright":{"license":"U"}}]},{"text":" alisema ","startDuration":"1.0555","endDuration":"2.3135","wordfile":[{"path":"audios\/wordfile-66b32b42947e0.mp3","mime":"audio\/mpeg","copyright":{"license":"U"}}]},{"text":" ni ","startDuration":"2.3145","endDuration":"2.9214","wordfile":[{"path":"audios\/wordfile-670e74bde0db8.mp3","mime":"audio\/mpeg","copyright":{"license":"U"}}]},{"text":" siku ","startDuration":"2.9224","endDuration":"3.6107","wordfile":[{"path":"audios\/wordfile-670e74c747346.mp3","mime":"audio\/mpeg","copyright":{"license":"U"}}]},{"text":" ya ","startDuration":"3.6117","endDuration":"3.9745","wordfile":[{"path":"audios\/wordfile-670e74d3bc2e6.mp3","mime":"audio\/mpeg","copyright":{"license":"U"}}]},{"text":" kuchuma ","startDuration":"3.9755","endDuration":"4.8266","wordfile":[{"path":"audios\/wordfile-66b32b9e6787c.mp3","mime":"audio\/mpeg","copyright":{"license":"U"}}]},{"text":" matunda. ","startDuration":"4.8276","endDuration":"6.3705","wordfile":[{"path":"audios\/wordfile-66b32bb9b1701.mp3","mime":"audio\/mpeg","copyright":{"license":"U"}}]},{"text":" Chura ","startDuration":"6.3715","endDuration":"8.0771","wordfile":[{"path":"audios\/wordfile-66b32bd1259fd.mp3","mime":"audio\/mpeg","copyright":{"license":"U"}}]},{"text":" akasema ","startDuration":"8.0781","endDuration":"9.7023","wordfile":[{"path":"audios\/wordfile-66b32be6bc7cd.mp3","mime":"audio\/mpeg","copyright":{"license":"U"}}]},{"text":" ni ","startDuration":"9.7033","endDuration":"10.2288","wordfile":[{"path":"audios\/wordfile-670e74e29eb9b.mp3","mime":"audio\/mpeg","copyright":{"license":"U"}}]},{"text":" siku ","startDuration":"10.2298","endDuration":"10.9181","wordfile":[{"path":"audios\/wordfile-670e74ec5b591.mp3","mime":"audio\/mpeg","copyright":{"license":"U"}}]},{"text":" ya ","startDuration":"10.9191","endDuration":"11.3226","wordfile":[{"path":"audios\/wordfile-670e74f388c63.mp3","mime":"audio\/mpeg","copyright":{"license":"U"}}]},{"text":" kuimba. ","startDuration":"11.3236","endDuration":"12.4595","wordfile":[{"path":"audios\/wordfile-66b32c3c8704f.mp3","mime":"audio\/mpeg","copyright":{"license":"U"}}]},{"text":" Tembo ","startDuration":"12.9488","endDuration":"14.4510","wordfile":[{"path":"audios\/wordfile-66b32c5535e85.mp3","mime":"audio\/mpeg","copyright":{"license":"U"}}]},{"text":" akasema ","startDuration":"14.4520","endDuration":"15.9949","wordfile":[{"path":"audios\/wordfile-66b32c68769da.mp3","mime":"audio\/mpeg","copyright":{"license":"U"}}]},{"text":" ni ","startDuration":"15.9959","endDuration":"16.5621","wordfile":[{"path":"audios\/wordfile-670e750224f83.mp3","mime":"audio\/mpeg","copyright":{"license":"U"}}]},{"text":" siku ","startDuration":"16.5631","endDuration":"17.4549","wordfile":[{"path":"audios\/wordfile-670e750e15551.mp3","mime":"audio\/mpeg","copyright":{"license":"U"}}]},{"text":" ya ","startDuration":"17.4559","endDuration":"17.8187","wordfile":[{"path":"audios\/wordfile-670e75199ef3d.mp3","mime":"audio\/mpeg","copyright":{"license":"U"}}]},{"text":" kusoma ","startDuration":"17.8197","endDuration":"18.9149","wordfile":[{"path":"audios\/wordfile-66b32cc5e7476.mp3","mime":"audio\/mpeg","copyright":{"license":"U"}}]},{"text":" kitabu. ","startDuration":"18.9159","endDuration":"20.4181","wordfile":[{"path":"audios\/wordfile-66b32cd82dd18.mp3","mime":"audio\/mpeg","copyright":{"license":"U"}}]}],"files":[{"path":"audios\/files-66b32b157f3bf.mp3","mime":"audio\/mpeg","copyright":{"license":"U"}}]},"subContentId":"6d066ee1-f1bc-42f8-a3f1-1fdbc2cec70d","metadata":{"contentType":"Curious Reader Audio","license":"U","title":"Untitled Curious Reader Audio"}},"backgroundOpacity":0,"willDoAnimation":false,"animationType":"glow","displayAsButton":false,"buttonSize":"big","goToSlideType":"specified","invisible":false},{"x":40.44117647058823,"y":14.545454545454545,"width":6.8014705882352935,"height":13.818181818181818,"action":{"library":"H5P.Image 1.1","params":{"contentName":"Image"},"subContentId":"03d156ae-20a2-4434-8927-f18f50626834","metadata":{"contentType":"Image","license":"U","title":"Untitled Image"}},"backgroundOpacity":0,"willDoAnimation":true,"animationType":"glow","displayAsButton":false,"buttonSize":"big","goToSlideType":"specified","invisible":false,"id":"img6d066ee1-f1bc-42f8-a3f1-1fdbc2cec70d_0"},{"x":42.27941176470588,"y":14.545454545454545,"width":6.8014705882352935,"height":11.636363636363637,"action":{"library":"H5P.Image 1.1","params":{"contentName":"Image"},"subContentId":"984fdc14-71f3-4b20-8357-8d4010c3de57","metadata":{"contentType":"Image","license":"U","title":"Untitled Image"}},"backgroundOpacity":0,"willDoAnimation":true,"animationType":"glow","displayAsButton":false,"buttonSize":"big","goToSlideType":"specified","invisible":false,"id":"img6d066ee1-f1bc-42f8-a3f1-1fdbc2cec70d_6"},{"x":42.27941176470588,"y":14.545454545454545,"width":6.8014705882352935,"height":13.818181818181818,"action":{"library":"H5P.Image 1.1","params":{"contentName":"Image"},"subContentId":"1250fde0-393f-47bd-bf62-0bfcfecfe70e","metadata":{"contentType":"Image","license":"U","title":"Untitled Image"}},"backgroundOpacity":0,"willDoAnimation":true,"animationType":"glow","displayAsButton":false,"buttonSize":"big","goToSlideType":"specified","invisible":false,"id":"img6d066ee1-f1bc-42f8-a3f1-1fdbc2cec70d_5"},{"x":29.41176470588235,"y":47.27272727272727,"width":6.8014705882352935,"height":12.727272727272727,"action":{"library":"H5P.Image 1.1","params":{"contentName":"Image"},"subContentId":"dd95c9e1-dee1-4928-a017-888114bf9dad","metadata":{"contentType":"Image","license":"U","title":"Untitled Image"}},"backgroundOpacity":0,"willDoAnimation":true,"animationType":"glow","displayAsButton":false,"buttonSize":"big","goToSlideType":"specified","invisible":false,"id":"img6d066ee1-f1bc-42f8-a3f1-1fdbc2cec70d_7"},{"x":31.249999999999996,"y":47.27272727272727,"width":6.8014705882352935,"height":15.272727272727273,"action":{"library":"H5P.Image 1.1","params":{"contentName":"Image"},"subContentId":"25940c78-64a9-4496-a664-1ac28dfcf771","metadata":{"contentType":"Image","license":"U","title":"Untitled Image"}},"backgroundOpacity":0,"willDoAnimation":true,"animationType":"glow","displayAsButton":false,"buttonSize":"big","goToSlideType":"specified","invisible":false,"id":"img6d066ee1-f1bc-42f8-a3f1-1fdbc2cec70d_12"},{"x":51.470588235294116,"y":14.545454545454545,"width":14.15441176470588,"height":24.363636363636363,"action":{"library":"H5P.Image 1.1","params":{"contentName":"Image"},"subContentId":"5f9c72f1-acbb-47d3-8ee4-4b1c1fed2780","metadata":{"contentType":"Image","license":"U","title":"Untitled Image"}},"backgroundOpacity":0,"willDoAnimation":true,"animationType":"glow","displayAsButton":false,"buttonSize":"big","goToSlideType":"specified","invisible":false,"id":"img6d066ee1-f1bc-42f8-a3f1-1fdbc2cec70d_13"},{"x":53.30882352941176,"y":32.86363636363636,"width":12.683823529411764,"height":20.727272727272727,"action":{"library":"H5P.Image 1.1","params":{"contentName":"Image"},"subContentId":"4e9cb018-8e7c-408f-abca-78ec06ee5a71","metadata":{"contentType":"Image","license":"U","title":"Untitled Image"}},"backgroundOpacity":0,"willDoAnimation":true,"animationType":"glow","displayAsButton":false,"buttonSize":"big","goToSlideType":"specified","invisible":false,"id":"img6d066ee1-f1bc-42f8-a3f1-1fdbc2cec70d_18"},{"x":51.470588235294116,"y":29.09090909090909,"width":14.15441176470588,"height":28.727272727272727,"action":{"library":"H5P.Image 1.1","params":{"contentName":"Image"},"subContentId":"7a4b3d4a-107d-4671-ba79-ce1803924c4c","metadata":{"contentType":"Image","license":"U","title":"Untitled Image"}},"backgroundOpacity":0,"willDoAnimation":true,"animationType":"glow","displayAsButton":false,"buttonSize":"big","goToSlideType":"specified","invisible":false,"id":"img6d066ee1-f1bc-42f8-a3f1-1fdbc2cec70d_19"}],"slideBackgroundSelector":{}},{"elements":[{"x":26.143790849673206,"y":0,"width":39.97821350762527,"height":73.11827956989247,"action":{"library":"H5P.Image 1.1","params":{"contentName":"Image","file":{"path":"images\/file-6583300a91ffe.jpg","mime":"image\/jpeg","copyright":{"license":"U"},"width":1000,"height":1000}},"subContentId":"402f0d7d-7590-41d1-9f11-b5e480e40cfa","metadata":{"contentType":"Image","license":"U","title":"Untitled Image"}},"backgroundOpacity":0,"willDoAnimation":false,"animationType":"glow","displayAsButton":false,"buttonSize":"big","goToSlideType":"specified","invisible":false},{"x":3.826530612244898,"y":77.15491183879092,"width":92.85714285714286,"height":20.151133501259444,"action":{"library":"H5P.CRAdvancedText 1.1","params":{"text":"<p dir=\"ltr\" style=\"text-align: center;\"><span style=\"font-size:1.75em;\"><span style=\"color:#ffffff;\">Hakuna aliyekumbuka kuwa leo ni siku maalum ya Bea!<\/span><\/span><\/p>\n"},"subContentId":"1daaef58-6c10-40e2-956d-25b3ca5ea30c","metadata":{"contentType":"Text","license":"U","title":"Untitled Text"}},"alwaysDisplayComments":false,"backgroundOpacity":0,"willDoAnimation":false,"animationType":"glow","displayAsButton":false,"buttonSize":"big","goToSlideType":"specified","invisible":false,"solution":""},{"x":46.96691176470588,"y":44,"width":40,"height":40,"action":{"library":"H5P.CRAudio 1.4","params":{"fitToWrapper":true,"currIndex":11,"playerMode":"minimalistic","controls":true,"autoplay":true,"playAudio":"Play audio","pauseAudio":"Pause audio","contentName":"Audio","glowColor":"#ffd85a","timeStampForEachText":[{"text":" Hakuna ","startDuration":"0.0000","endDuration":"1.2439","wordfile":[{"path":"audios\/wordfile-66b32d0a24aa4.mp3","mime":"audio\/mpeg","copyright":{"license":"U"}}]},{"text":" aliyekumbuka ","startDuration":"1.2449","endDuration":"2.3045","wordfile":[{"path":"audios\/wordfile-66b32d1cd0766.mp3","mime":"audio\/mpeg","copyright":{"license":"U"}}]},{"text":" kuwa ","startDuration":"2.3055","endDuration":"3.1963","wordfile":[{"path":"audios\/wordfile-66b32d508d1cf.mp3","mime":"audio\/mpeg","copyright":{"license":"U"}}]},{"text":" leo ","startDuration":"3.1973","endDuration":"4.1955","wordfile":[{"path":"audios\/wordfile-66b32d660d754.mp3","mime":"audio\/mpeg","copyright":{"license":"U"}}]},{"text":" ni ","startDuration":"4.1965","endDuration":"4.5040","wordfile":[{"path":"audios\/wordfile-670e753903fbc.mp3","mime":"audio\/mpeg","copyright":{"license":"U"}}]},{"text":" siku ","startDuration":"4.5050","endDuration":"5.1809","wordfile":[{"path":"audios\/wordfile-670e754431b23.mp3","mime":"audio\/mpeg","copyright":{"license":"U"}}]},{"text":" maalum ","startDuration":"5.1819","endDuration":"6.1341","wordfile":[{"path":"audios\/wordfile-66b32db4c3ec1.mp3","mime":"audio\/mpeg","copyright":{"license":"U"}}]},{"text":" ya ","startDuration":"6.1351","endDuration":"6.5500","wordfile":[{"path":"audios\/wordfile-670e75502bd86.mp3","mime":"audio\/mpeg","copyright":{"license":"U"}}]},{"text":" Bea! ","startDuration":"6.5510","endDuration":"7.5646","wordfile":[{"path":"audios\/wordfile-66b32dd758d2f.mp3","mime":"audio\/mpeg","copyright":{"license":"U"}}]}],"files":[{"path":"audios\/files-66b32cf6d6450.mp3","mime":"audio\/mpeg","copyright":{"license":"U"}}]},"subContentId":"9afe85c0-6260-46ca-b243-57be8f750580","metadata":{"contentType":"Curious Reader Audio","license":"U","title":"Untitled Curious Reader Audio"}},"backgroundOpacity":0,"willDoAnimation":false,"animationType":"glow","displayAsButton":false,"buttonSize":"big","goToSlideType":"specified","invisible":false},{"x":31.25,"y":7.298290909090908,"width":30.698529411764703,"height":60.72727272727273,"action":{"library":"H5P.Image 1.1","params":{"contentName":"Image"},"subContentId":"aee0d177-5052-4a9b-b22b-8866d0cca07f","metadata":{"contentType":"Image","license":"U","title":"Untitled Image"}},"backgroundOpacity":0,"willDoAnimation":true,"animationType":"glow","displayAsButton":false,"buttonSize":"big","goToSlideType":"specified","invisible":false,"id":"img9afe85c0-6260-46ca-b243-57be8f750580_8"}],"slideBackgroundSelector":{}},{"elements":[{"x":25.05446623093682,"y":0,"width":39.97821350762527,"height":70.96774193548387,"action":{"library":"H5P.Image 1.1","params":{"contentName":"Image","file":{"path":"images\/file-6583305d21bdd.jpg","mime":"image\/jpeg","copyright":{"license":"U"},"width":1000,"height":1000}},"subContentId":"75f6b858-8602-4eb2-8f48-a855e97c3d47","metadata":{"contentType":"Image","license":"U","title":"Untitled Image"}},"backgroundOpacity":0,"willDoAnimation":false,"animationType":"glow","displayAsButton":false,"buttonSize":"big","goToSlideType":"specified","invisible":false},{"x":16.581632653061224,"y":80.53954659949622,"width":63.775510204081634,"height":12.090680100755668,"action":{"library":"H5P.CRAdvancedText 1.1","params":{"text":"<p dir=\"ltr\" style=\"text-align: center;\"><span style=\"font-size:1.75em;\"><span style=\"color:#ffffff;\">Bea ana huzuni na amechoka.<\/span><\/span><\/p>\n"},"subContentId":"009d8876-0bb9-498d-b880-a9a47bcc3382","metadata":{"contentType":"Text","license":"U","title":"Untitled Text"}},"alwaysDisplayComments":false,"backgroundOpacity":0,"willDoAnimation":false,"animationType":"glow","displayAsButton":false,"buttonSize":"big","goToSlideType":"specified","invisible":false,"solution":""},{"x":46.96691176470588,"y":44,"width":40,"height":40,"action":{"library":"H5P.CRAudio 1.4","params":{"fitToWrapper":true,"currIndex":12,"playerMode":"minimalistic","controls":true,"autoplay":true,"playAudio":"Play audio","pauseAudio":"Pause audio","contentName":"Audio","glowColor":"#ffd85a","timeStampForEachText":[{"text":" Bea ","startDuration":"0.0000","endDuration":"1.2890","wordfile":[{"path":"audios\/wordfile-66b32e0389390.mp3","mime":"audio\/mpeg","copyright":{"license":"U"}}]},{"text":" ana ","startDuration":"1.2900","endDuration":"1.7198","wordfile":[{"path":"audios\/wordfile-66b32e20cf8e8.mp3","mime":"audio\/mpeg","copyright":{"license":"U"}}]},{"text":" huzuni ","startDuration":"1.7208","endDuration":"2.8200","wordfile":[{"path":"audios\/wordfile-66b32e3b1724b.mp3","mime":"audio\/mpeg","copyright":{"license":"U"}}]},{"text":" na ","startDuration":"3.0208","endDuration":"3.2208","wordfile":[{"path":"audios\/wordfile-67182a2480ced.mp3","mime":"audio\/mpeg","copyright":{"license":"U"}}]},{"text":" amechoka. ","startDuration":"3.2218","endDuration":"4.6207","wordfile":[{"path":"audios\/wordfile-66b32e69c26da.mp3","mime":"audio\/mpeg","copyright":{"license":"U"}}]}],"files":[{"path":"audios\/files-66b32decad914.mp3","mime":"audio\/mpeg","copyright":{"license":"U"}}]},"subContentId":"27c355b8-e4ce-42ac-8f69-230dc398b3fa","metadata":{"contentType":"Curious Reader Audio","license":"U","title":"Untitled Curious Reader Audio"}},"backgroundOpacity":0,"willDoAnimation":false,"animationType":"glow","displayAsButton":false,"buttonSize":"big","goToSlideType":"specified","invisible":false},{"x":44.11764705882353,"y":25.454545454545453,"width":14.15441176470588,"height":26.181818181818183,"action":{"library":"H5P.Image 1.1","params":{"contentName":"Image"},"subContentId":"ef914e8f-d836-42ad-8c52-99917a75fa86","metadata":{"contentType":"Image","license":"U","title":"Untitled Image"}},"backgroundOpacity":0,"willDoAnimation":true,"animationType":"glow","displayAsButton":false,"buttonSize":"big","goToSlideType":"specified","invisible":false,"id":"img27c355b8-e4ce-42ac-8f69-230dc398b3fa_0"}],"slideBackgroundSelector":{}},{"elements":[{"x":27.233115468409586,"y":0,"width":39.97821350762527,"height":70.96774193548387,"action":{"library":"H5P.Image 1.1","params":{"contentName":"Image","file":{"path":"images\/file-658330d744eb4.jpg","mime":"image\/jpeg","copyright":{"license":"U"},"width":1000,"height":1000}},"subContentId":"3c371ee6-c944-46f8-9189-dfb336f4c770","metadata":{"contentType":"Image","license":"U","title":"Untitled Image"}},"backgroundOpacity":0,"willDoAnimation":false,"animationType":"glow","displayAsButton":false,"buttonSize":"big","goToSlideType":"specified","invisible":false},{"x":5.514705882352941,"y":80.95163636363635,"width":82.72058823529412,"height":17.818181818181817,"action":{"library":"H5P.CRAdvancedText 1.1","params":{"text":"<p dir=\"ltr\" style=\"text-align: center;\"><span style=\"font-size:1.75em;\"><span style=\"color:#ffffff;\">Heri ya Siku ya Kuzaliwa, Bea!<\/span><\/span><\/p>\n"},"subContentId":"faba1022-658d-4c43-ab21-1f50b3edc6d0","metadata":{"contentType":"Text","license":"U","title":"Untitled Text"}},"alwaysDisplayComments":false,"backgroundOpacity":0,"willDoAnimation":false,"animationType":"glow","displayAsButton":false,"buttonSize":"big","goToSlideType":"specified","invisible":false,"solution":""},{"x":46.96691176470588,"y":44,"width":40,"height":40,"action":{"library":"H5P.CRAudio 1.4","params":{"fitToWrapper":true,"currIndex":13,"playerMode":"minimalistic","controls":true,"autoplay":true,"playAudio":"Play audio","pauseAudio":"Pause audio","contentName":"Audio","glowColor":"#ffd85a","timeStampForEachText":[{"text":" Heri ","startDuration":"0.0000","endDuration":"0.8519","wordfile":[{"path":"audios\/wordfile-66b32f4bcfa0d.mp3","mime":"audio\/mpeg","copyright":{"license":"U"}}]},{"text":" ya ","startDuration":"0.8529","endDuration":"1.0529","wordfile":[{"path":"audios\/wordfile-671751764e6e6.mp3","mime":"audio\/mpeg","copyright":{"license":"U"}}]},{"text":" Siku ","startDuration":"1.0539","endDuration":"1.7528","wordfile":[{"path":"audios\/wordfile-670e758601099.mp3","mime":"audio\/mpeg","copyright":{"license":"U"}}]},{"text":" ya ","startDuration":"1.7529","endDuration":"1.9529","wordfile":[{"path":"audios\/wordfile-671751801127c.mp3","mime":"audio\/mpeg","copyright":{"license":"U"}}]},{"text":" Kuzaliwa, ","startDuration":"1.9539","endDuration":"3.0322","wordfile":[{"path":"audios\/wordfile-66b32fb0bd510.mp3","mime":"audio\/mpeg","copyright":{"license":"U"}}]},{"text":" Bea! ","startDuration":"3.0332","endDuration":"4.5453","wordfile":[{"path":"audios\/wordfile-66b32fc1a1813.mp3","mime":"audio\/mpeg","copyright":{"license":"U"}}]}],"files":[{"path":"audios\/files-66b32e8574081.mp3","mime":"audio\/mpeg","copyright":{"license":"U"}}]},"subContentId":"98e253bf-f305-48af-b5be-7ab35d04ccac","metadata":{"contentType":"Curious Reader Audio","license":"U","title":"Untitled Curious Reader Audio"}},"backgroundOpacity":0,"willDoAnimation":false,"animationType":"glow","displayAsButton":false,"buttonSize":"big","goToSlideType":"specified","invisible":false},{"x":44.11764705882353,"y":21.818181818181817,"width":14.15441176470588,"height":26.181818181818183,"action":{"library":"H5P.Image 1.1","params":{"contentName":"Image"},"subContentId":"602f475c-5e2d-42aa-9c6c-a579a6198c1f","metadata":{"contentType":"Image","license":"U","title":"Untitled Image"}},"backgroundOpacity":0,"willDoAnimation":true,"animationType":"glow","displayAsButton":false,"buttonSize":"big","goToSlideType":"specified","invisible":false,"id":"img98e253bf-f305-48af-b5be-7ab35d04ccac_4"},{"x":29.963235294117645,"y":30.127854545454547,"width":15.992647058823529,"height":40,"action":{"library":"H5P.Image 1.1","params":{"contentName":"Image"},"subContentId":"8f016997-cfba-4af3-87c4-22d3e3b3ff88","metadata":{"contentType":"Image","license":"U","title":"Untitled Image"}},"backgroundOpacity":0,"willDoAnimation":true,"animationType":"glow","displayAsButton":false,"buttonSize":"big","goToSlideType":"specified","invisible":false,"id":"img98e253bf-f305-48af-b5be-7ab35d04ccac_5"},{"x":36.76470588235294,"y":7.306836363636364,"width":28.860294117647058,"height":57.09090909090909,"action":{"library":"H5P.Image 1.1","params":{"contentName":"Image"},"subContentId":"d9a934a9-c934-458c-848a-09876c3c81ef","metadata":{"contentType":"Image","license":"U","title":"Untitled Image"}},"backgroundOpacity":0,"willDoAnimation":true,"animationType":"glow","displayAsButton":false,"buttonSize":"big","goToSlideType":"specified","invisible":false,"id":"img98e253bf-f305-48af-b5be-7ab35d04ccac_0"}],"slideBackgroundSelector":{}},{"elements":[{"x":28.322440087145967,"y":0,"width":39.97821350762527,"height":70.96774193548387,"action":{"library":"H5P.Image 1.1","params":{"contentName":"Image","file":{"path":"images\/file-6583312339a2f.jpg","mime":"image\/jpeg","copyright":{"license":"U"},"width":1000,"height":1000}},"subContentId":"e8213c20-8d86-44e0-9649-a9565c3a0a25","metadata":{"contentType":"Image","license":"U","title":"Untitled Image"}},"backgroundOpacity":0,"willDoAnimation":false,"animationType":"glow","displayAsButton":false,"buttonSize":"big","goToSlideType":"specified","invisible":false},{"x":1.8382352941176472,"y":76.47163636363636,"width":94.11764705882352,"height":23.636363636363637,"action":{"library":"H5P.CRAdvancedText 1.1","params":{"text":"<p dir=\"ltr\" style=\"text-align: center;\"><span style=\"font-size:1.75em;\"><span style=\"color:#ffffff;\">Ukweli ni kwamba, kila mtu alikuwa anakumbuka! Bea anafurahi sana.<\/span><\/span><\/p>\n"},"subContentId":"214b0e73-9985-4b85-a216-562102b8c440","metadata":{"contentType":"Text","license":"U","title":"Untitled Text"}},"alwaysDisplayComments":false,"backgroundOpacity":0,"willDoAnimation":false,"animationType":"glow","displayAsButton":false,"buttonSize":"big","goToSlideType":"specified","invisible":false,"solution":""},{"x":46.96691176470588,"y":44,"width":40,"height":40,"action":{"library":"H5P.CRAudio 1.4","params":{"fitToWrapper":true,"currIndex":14,"playerMode":"minimalistic","controls":true,"autoplay":true,"playAudio":"Play audio","pauseAudio":"Pause audio","contentName":"Audio","glowColor":"#ffd85a","timeStampForEachText":[{"text":" Ukweli ","startDuration":"0.0000","endDuration":"0.8356","wordfile":[{"path":"audios\/wordfile-66b32ffd03eab.mp3","mime":"audio\/mpeg","copyright":{"license":"U"}}]},{"text":" ni ","startDuration":"0.8366","endDuration":"1.0366","wordfile":[{"path":"audios\/wordfile-67175194a9fc5.mp3","mime":"audio\/mpeg","copyright":{"license":"U"}}]},{"text":" kwamba, ","startDuration":"1.0376","endDuration":"2.0372","wordfile":[{"path":"audios\/wordfile-66b33023af656.mp3","mime":"audio\/mpeg","copyright":{"license":"U"}}]},{"text":" kila ","startDuration":"2.0382","endDuration":"2.5662","wordfile":[{"path":"audios\/wordfile-67182a987e612.mp3","mime":"audio\/mpeg","copyright":{"license":"U"}}]},{"text":" mtu ","startDuration":"2.5672","endDuration":"2.8697","wordfile":[{"path":"audios\/wordfile-66b3304ee5e93.mp3","mime":"audio\/mpeg","copyright":{"license":"U"}}]},{"text":" alikuwa ","startDuration":"2.8707","endDuration":"4.0138","wordfile":[{"path":"audios\/wordfile-66b330695aceb.mp3","mime":"audio\/mpeg","copyright":{"license":"U"}}]},{"text":" anakumbuka! ","startDuration":"4.0148","endDuration":"5.6705","wordfile":[{"path":"audios\/wordfile-66b3307bf2104.mp3","mime":"audio\/mpeg","copyright":{"license":"U"}}]},{"text":" Bea ","startDuration":"5.6715","endDuration":"6.6916","wordfile":[{"path":"audios\/wordfile-66b330a2386b0.mp3","mime":"audio\/mpeg","copyright":{"license":"U"}}]},{"text":" anafurahi ","startDuration":"6.6926","endDuration":"8.3073","wordfile":[{"path":"audios\/wordfile-66b330bac748f.mp3","mime":"audio\/mpeg","copyright":{"license":"U"}}]},{"text":" sana. ","startDuration":"8.3083","endDuration":"9.4309","wordfile":[{"path":"audios\/wordfile-66b330cc72086.mp3","mime":"audio\/mpeg","copyright":{"license":"U"}}]}],"files":[{"path":"audios\/files-66b32fe2c3284.mp3","mime":"audio\/mpeg","copyright":{"license":"U"}}]},"subContentId":"2faf57b0-dfdd-495d-8d42-f72029c09a59","metadata":{"contentType":"Curious Reader Audio","license":"U","title":"Untitled Curious Reader Audio"}},"backgroundOpacity":0,"willDoAnimation":false,"animationType":"glow","displayAsButton":false,"buttonSize":"big","goToSlideType":"specified","invisible":false},{"x":27.573529411764703,"y":0,"width":40,"height":40,"action":{"library":"H5P.Image 1.1","params":{"contentName":"Image"},"subContentId":"e5cead87-73fe-4d65-bfab-783d7ab0048d","metadata":{"contentType":"Image","license":"U","title":"Untitled Image"}},"backgroundOpacity":0,"willDoAnimation":true,"animationType":"glow","displayAsButton":false,"buttonSize":"big","goToSlideType":"specified","invisible":false,"id":"img2faf57b0-dfdd-495d-8d42-f72029c09a59_3"},{"x":29.41176470588235,"y":0,"width":40,"height":40,"action":{"library":"H5P.Image 1.1","params":{"contentName":"Image"},"subContentId":"a3556fad-5272-4482-abe7-1392b8291943","metadata":{"contentType":"Image","license":"U","title":"Untitled Image"}},"backgroundOpacity":0,"willDoAnimation":true,"animationType":"glow","displayAsButton":false,"buttonSize":"big","goToSlideType":"specified","invisible":false,"id":"img2faf57b0-dfdd-495d-8d42-f72029c09a59_4"},{"x":27.573529411764703,"y":7.2727272727272725,"width":40,"height":40,"action":{"library":"H5P.Image 1.1","params":{"contentName":"Image"},"subContentId":"5aca51dc-c110-463b-b4f0-93f29469883b","metadata":{"contentType":"Image","license":"U","title":"Untitled Image"}},"backgroundOpacity":0,"willDoAnimation":true,"animationType":"glow","displayAsButton":false,"buttonSize":"big","goToSlideType":"specified","invisible":false,"id":"img2faf57b0-dfdd-495d-8d42-f72029c09a59_6"},{"x":33.088235294117645,"y":32.81818181818182,"width":16.544117647058822,"height":31.636363636363637,"action":{"library":"H5P.Image 1.1","params":{"contentName":"Image"},"subContentId":"d003c595-28bb-4ce6-8ad9-4b24f7127c8c","metadata":{"contentType":"Image","license":"U","title":"Untitled Image"}},"backgroundOpacity":0,"willDoAnimation":true,"animationType":"glow","displayAsButton":false,"buttonSize":"big","goToSlideType":"specified","invisible":false,"id":"img2faf57b0-dfdd-495d-8d42-f72029c09a59_7"}],"slideBackgroundSelector":{}},{"elements":[{"x":5.446623093681917,"y":6.4415268817204305,"width":20.697167755991288,"height":20.64516129032258,"action":{"library":"H5P.Image 1.1","params":{"contentName":"Image","file":{"path":"images\/file-658332336bb23.png","mime":"image\/png","copyright":{"license":"U"},"width":1350,"height":487}},"subContentId":"431141b1-db9b-49f9-a897-89d4b98a1071","metadata":{"contentType":"Image","license":"U","title":"Untitled Image"}},"backgroundOpacity":0,"willDoAnimation":false,"animationType":"glow","displayAsButton":false,"buttonSize":"big","goToSlideType":"specified","invisible":false},{"x":33.769063180827885,"y":6.451612903225806,"width":18.51851851851852,"height":18.494623655913976,"action":{"library":"H5P.Image 1.1","params":{"contentName":"Image","file":{"path":"images\/file-6583323f17c54.png","mime":"image\/png","copyright":{"license":"U"},"width":814,"height":202}},"subContentId":"a78035f2-2b12-4577-b16a-50dfa0fdcbc4","metadata":{"contentType":"Image","license":"U","title":"Untitled Image"}},"backgroundOpacity":0,"willDoAnimation":false,"animationType":"glow","displayAsButton":false,"buttonSize":"big","goToSlideType":"specified","invisible":false},{"x":56.64488017429194,"y":8.602150537634408,"width":39.97821350762527,"height":15.053763440860214,"action":{"library":"H5P.Image 1.1","params":{"contentName":"Image","file":{"path":"images\/file-6583324d18788.jpg","mime":"image\/jpeg","copyright":{"license":"U"},"width":1732,"height":354}},"subContentId":"6de1a2b7-3b69-4c65-961d-e116d7efa254","metadata":{"contentType":"Image","license":"U","title":"Untitled Image"}},"backgroundOpacity":0,"willDoAnimation":false,"animationType":"glow","displayAsButton":false,"buttonSize":"big","goToSlideType":"specified","invisible":false},{"x":5.1020408163265305,"y":30.226700251889167,"width":92.15686274509804,"height":66.66666666666666,"action":{"library":"H5P.CRAdvancedText 1.1","params":{"text":"<h3 style=\"text-align: center;\"><span style=\"font-size:0.875em;\">\u201c<\/span>Leo Ni siku gani?<span style=\"font-size:0.875em;\">\u201d credits<\/span><\/h3>\n\n<h3 style=\"text-align: center;\"><span style=\"font-size:0.875em;\">This work, \u201c<\/span>Leo Ni siku gani?<span style=\"font-size:0.875em;\">\u201d is a derivative of Hari Apakah Ini? (What Day Is It?), Author: Vannia Rizky Santoso. Illustrator: Vannia Rizky Santoso. Published by The Asia Foundation - Let's <a href=\"http:\/\/www.letsreadasia.org\/\">Read, https:\/\/www.letsreadasia.org <\/a>\u00a9 The Asia Foundation - Let's Read. Released under CC BY-NC 4.0.<\/span><\/h3>\n\n<h3 style=\"text-align: center;\"><span style=\"font-size:0.875em;\">\u201c<\/span>Leo Ni siku gani?<span style=\"font-size:0.875em;\">\u201d is licensed under CC BY 4.0 by Curious Learning.<\/span><\/h3>\n\n<h3 style=\"text-align: center;\"><span style=\"font-size:0.875em;\">Book builder - Abraham Jerry Kakooza<\/span><\/h3>\n"},"subContentId":"d72bca25-ea0d-42cd-8a46-96fdd6d1d8bc","metadata":{"contentType":"Text","license":"U","title":"Untitled Text"}},"alwaysDisplayComments":false,"backgroundOpacity":0,"willDoAnimation":false,"animationType":"glow","displayAsButton":false,"buttonSize":"big","goToSlideType":"specified","invisible":false,"solution":""}],"slideBackgroundSelector":{}}],"keywordListEnabled":true,"globalBackgroundSelector":{},"keywordListAlwaysShow":false,"keywordListAutoHide":false,"keywordListOpacity":90},"override":{"activeSurface":false,"hideSummarySlide":false,"summarySlideSolutionButton":true,"summarySlideRetryButton":true,"enablePrintButton":false,"social":{"showFacebookShare":false,"facebookShare":{"url":"@currentpageurl","quote":"I scored @score out of @maxScore on a task at @currentpageurl."},"showTwitterShare":false,"twitterShare":{"statement":"I scored @score out of @maxScore on a task at @currentpageurl.","url":"@currentpageurl","hashtags":"h5p, course"},"showGoogleShare":false,"googleShareUrl":"@currentpageurl"}},"l10n":{"slide":"Slide","score":"Score","yourScore":"Your Score","maxScore":"Max Score","total":"Total","totalScore":"Total Score","showSolutions":"Show solutions","retry":"Retry","exportAnswers":"Export text","hideKeywords":"Hide sidebar navigation menu","showKeywords":"Show sidebar navigation menu","fullscreen":"Fullscreen","exitFullscreen":"Exit fullscreen","prevSlide":"Previous slide","nextSlide":"Next slide","currentSlide":"Current slide","lastSlide":"Last slide","solutionModeTitle":"Exit solution mode","solutionModeText":"Solution Mode","summaryMultipleTaskText":"Multiple tasks","scoreMessage":"You achieved:","shareFacebook":"Share on Facebook","shareTwitter":"Share on Twitter","shareGoogle":"Share on Google+","summary":"Summary","solutionsButtonTitle":"Show comments","printTitle":"Print","printIngress":"How would you like to print this presentation?","printAllSlides":"Print all slides","printCurrentSlide":"Print current slide","noTitle":"No title","accessibilitySlideNavigationExplanation":"Use left and right arrow to change slide in that direction whenever canvas is selected.","accessibilityCanvasLabel":"Presentation canvas. Use left and right arrow to move between slides.","containsNotCompleted":"@slideName contains not completed interaction","containsCompleted":"@slideName contains completed interaction","slideCount":"Slide @index of @total","containsOnlyCorrect":"@slideName only has correct answers","containsIncorrectAnswers":"@slideName has incorrect answers","shareResult":"Share Result","accessibilityTotalScore":"You got @score of @maxScore points in total","accessibilityEnteredFullscreen":"Entered fullscreen","accessibilityExitedFullscreen":"Exited fullscreen"}}