{"presentation":{"slides":[{"elements":[{"x":13.071895424836603,"y":6.4415268817204305,"width":68.7363834422658,"height":68.81720430107526,"action":{"library":"H5P.Image 1.1","params":{"contentName":"Image","file":{"path":"images\/file-6582f61cdb6a9.jpg","mime":"image\/jpeg","copyright":{"license":"U"},"width":959,"height":459}},"subContentId":"421e74ff-dfa5-4d73-b63a-cebff5b18795","metadata":{"contentType":"Image","license":"U","title":"Untitled Image"}},"backgroundOpacity":0,"willDoAnimation":false,"animationType":"glow","displayAsButton":false,"buttonSize":"big","goToSlideType":"specified","invisible":false},{"x":17.429193899782135,"y":79.56989247311827,"width":61.00217864923747,"height":18.279569892473116,"action":{"library":"H5P.CRAdvancedText 1.1","params":{"text":"<h2 dir=\"ltr\" style=\"text-align: center;\"><span style=\"font-size:2.25em;\">\u0412\u0435\u043b\u043e\u0441\u0438\u043f\u0435\u0434 \u0427\u0430\u043a\u0443<\/span><\/h2>\n"},"subContentId":"66f4847e-d5bd-4023-9a15-bf634c8b0603","metadata":{"contentType":"Text","license":"U","title":"Untitled Text"}},"alwaysDisplayComments":false,"backgroundOpacity":0,"willDoAnimation":false,"animationType":"glow","displayAsButton":false,"buttonSize":"big","goToSlideType":"specified","invisible":false,"solution":""}],"slideBackgroundSelector":{}},{"elements":[{"x":15.250544662309368,"y":2.150537634408602,"width":65.359477124183,"height":70.96774193548387,"action":{"library":"H5P.Image 1.1","params":{"contentName":"Image","file":{"path":"images\/file-6582f6cf13510.jpg","mime":"image\/jpeg","copyright":{"license":"U"},"width":959,"height":516}},"subContentId":"da25cda4-6603-4d35-83de-c84d5cea3cbf","metadata":{"contentType":"Image","license":"U","title":"Untitled Image"}},"backgroundOpacity":0,"willDoAnimation":false,"animationType":"glow","displayAsButton":false,"buttonSize":"big","goToSlideType":"specified","invisible":false},{"x":13.071045918367346,"y":75.5471032745592,"width":70.79081632653062,"height":23.17380352644836,"action":{"library":"H5P.CRAdvancedText 1.1","params":{"text":"<p style=\"text-align: center;\"><span style=\"color:#ffffff;\"><span style=\"font-size:1.75em;\">\u0427\u0430\u043a\u0443 \u043f\u043e\u0434\u043e\u0431\u0430\u043b\u043e\u0441\u044f \u0433\u0440\u0430\u0442\u0438 \u0437\u0456 \u0441\u0432\u043e\u0457\u043c\u0438 \u0434\u0440\u0443\u0437\u044f\u043c\u0438. <\/span><\/span><\/p>\n"},"subContentId":"36753ba6-9a9b-4174-83e7-808ea43aacdf","metadata":{"contentType":"Text","license":"U","title":"Untitled Text"}},"alwaysDisplayComments":false,"backgroundOpacity":0,"willDoAnimation":false,"animationType":"glow","displayAsButton":false,"buttonSize":"big","goToSlideType":"specified","invisible":false,"solution":""},{"x":47.00255102040816,"y":43.95465994962216,"width":40,"height":40,"action":{"library":"H5P.CRAudio 1.4","params":{"fitToWrapper":true,"currIndex":1,"playerMode":"minimalistic","controls":true,"autoplay":true,"playAudio":"Play audio","pauseAudio":"Pause audio","contentName":"Audio","glowColor":"#ffd85a","timeStampForEachText":[{"text":" \u0427\u0430\u043a\u0443 ","startDuration":"0.0000","endDuration":"0.5790","wordfile":[{"path":"audios\/wordfile-658460c4c460a.wav","mime":"audio\/x-wav","copyright":{"license":"U"}}]},{"text":" \u043f\u043e\u0434\u043e\u0431\u0430\u043b\u043e\u0441\u044f ","startDuration":"0.5800","endDuration":"1.6383","wordfile":[{"path":"audios\/wordfile-658460eb31cf4.wav","mime":"audio\/x-wav","copyright":{"license":"U"}}]},{"text":" \u0433\u0440\u0430\u0442\u0438 ","startDuration":"1.6393","endDuration":"2.2016","wordfile":[{"path":"audios\/wordfile-65846116e024f.wav","mime":"audio\/x-wav","copyright":{"license":"U"}}]},{"text":" \u0437\u0456 ","startDuration":"2.2026","endDuration":"2.5419","wordfile":[{"path":"audios\/wordfile-6584613075b72.wav","mime":"audio\/x-wav","copyright":{"license":"U"}}]},{"text":" \u0441\u0432\u043e\u0457\u043c\u0438 ","startDuration":"2.5429","endDuration":"3.2891","wordfile":[{"path":"audios\/wordfile-6584615138d52.wav","mime":"audio\/x-wav","copyright":{"license":"U"}}]},{"text":" \u0434\u0440\u0443\u0437\u044f\u043c\u0438. ","startDuration":"3.2901","endDuration":"4.0419","wordfile":[{"path":"audios\/wordfile-658461774c467.wav","mime":"audio\/x-wav","copyright":{"license":"U"}}]}],"files":[{"path":"audios\/files-6584609e19f76.wav","mime":"audio\/x-wav","copyright":{"license":"U"}}]},"subContentId":"3bb2e471-5011-44b1-956c-79cf36f323fa","metadata":{"contentType":"Curious Reader Audio","license":"U","title":"Untitled Curious Reader Audio"}},"backgroundOpacity":0,"willDoAnimation":false,"animationType":"glow","displayAsButton":false,"buttonSize":"big","goToSlideType":"specified","invisible":false},{"x":20.408163265306122,"y":27.707808564231737,"width":16.198979591836736,"height":40.050377833753146,"action":{"library":"H5P.Image 1.1","params":{"contentName":"Image"},"subContentId":"c775d4a3-256c-466a-9cc8-ff36c9d78188","metadata":{"contentType":"Image","license":"U","title":"Untitled Image"}},"backgroundOpacity":0,"willDoAnimation":true,"animationType":"glow","displayAsButton":false,"buttonSize":"big","goToSlideType":"specified","invisible":false,"id":"img3bb2e471-5011-44b1-956c-79cf36f323fa_0"},{"x":35.714285714285715,"y":27.707808564231737,"width":13.64795918367347,"height":40.050377833753146,"action":{"library":"H5P.Image 1.1","params":{"contentName":"Image"},"subContentId":"9fe1c14b-5a16-46eb-a1de-91d7e9203ad0","metadata":{"contentType":"Image","license":"U","title":"Untitled Image"}},"backgroundOpacity":0,"willDoAnimation":true,"animationType":"glow","displayAsButton":false,"buttonSize":"big","goToSlideType":"specified","invisible":false,"id":"img3bb2e471-5011-44b1-956c-79cf36f323fa_5"},{"x":45.91836734693878,"y":22.646397984886647,"width":14.923469387755102,"height":39.54659949622166,"action":{"library":"H5P.Image 1.1","params":{"contentName":"Image"},"subContentId":"1aa7b685-ed1e-4d03-84cb-fe3a4bb5151a","metadata":{"contentType":"Image","license":"U","title":"Untitled Image"}},"backgroundOpacity":0,"willDoAnimation":true,"animationType":"glow","displayAsButton":false,"buttonSize":"big","goToSlideType":"specified","invisible":false,"id":"img3bb2e471-5011-44b1-956c-79cf36f323fa_5"},{"x":59.94897959183674,"y":42.809319899244336,"width":15.816326530612246,"height":29.974811083123424,"action":{"library":"H5P.Image 1.1","params":{"contentName":"Image"},"subContentId":"e60f5e35-0fe9-4de3-9580-46f31d72ac24","metadata":{"contentType":"Image","license":"U","title":"Untitled Image"}},"backgroundOpacity":0,"willDoAnimation":true,"animationType":"glow","displayAsButton":false,"buttonSize":"big","goToSlideType":"specified","invisible":false,"id":"img3bb2e471-5011-44b1-956c-79cf36f323fa_5"}],"slideBackgroundSelector":{}},{"elements":[{"x":5.446623093681917,"y":4.301075268817204,"width":38.12636165577342,"height":93.54838709677419,"action":{"library":"H5P.Image 1.1","params":{"contentName":"Image","file":{"path":"images\/file-6582f72bd78b8.jpg","mime":"image\/jpeg","copyright":{"license":"U"},"width":479,"height":686}},"subContentId":"fb28b8d4-c35a-42fd-b001-fd43d70a400a","metadata":{"contentType":"Image","license":"U","title":"Untitled Image"}},"backgroundOpacity":0,"willDoAnimation":false,"animationType":"glow","displayAsButton":false,"buttonSize":"big","goToSlideType":"specified","invisible":false},{"x":49.01960784313725,"y":42.98559139784947,"width":49.01960784313726,"height":31.39784946236559,"action":{"library":"H5P.CRAdvancedText 1.1","params":{"text":"<p style=\"text-align: center;\"><span style=\"color:#ffffff;\"><span style=\"font-size:1.75em;\">\u0419\u043e\u043c\u0443 \u043f\u043e\u0434\u043e\u0431\u0430\u0432\u0441\u044f \u0442\u0440\u0438\u0446\u0438\u043a\u043b \u041b\u0456\u043b\u0438.<\/span><\/span><\/p>\n"},"subContentId":"9a88ce55-a8ca-437a-8702-a993e932e166","metadata":{"contentType":"Text","license":"U","title":"Untitled Text"}},"alwaysDisplayComments":false,"backgroundOpacity":0,"willDoAnimation":false,"animationType":"glow","displayAsButton":false,"buttonSize":"big","goToSlideType":"specified","invisible":false,"solution":""},{"x":47.00255102040816,"y":43.95465994962216,"width":40,"height":40,"action":{"library":"H5P.CRAudio 1.4","params":{"fitToWrapper":true,"currIndex":2,"playerMode":"minimalistic","controls":true,"autoplay":true,"playAudio":"Play audio","pauseAudio":"Pause audio","contentName":"Audio","glowColor":"#ffd85a","timeStampForEachText":[{"text":" \u0419\u043e\u043c\u0443 ","startDuration":"0.0000","endDuration":"0.5920","wordfile":[{"path":"audios\/wordfile-65846238e2a92.wav","mime":"audio\/x-wav","copyright":{"license":"U"}}]},{"text":" \u043f\u043e\u0434\u043e\u0431\u0430\u0432\u0441\u044f ","startDuration":"0.5930","endDuration":"1.5462","wordfile":[{"path":"audios\/wordfile-6584625cf093a.wav","mime":"audio\/x-wav","copyright":{"license":"U"}}]},{"text":" \u0442\u0440\u0438\u0446\u0438\u043a\u043b ","startDuration":"1.5472","endDuration":"2.4608","wordfile":[{"path":"audios\/wordfile-6584628272a1f.wav","mime":"audio\/x-wav","copyright":{"license":"U"}}]},{"text":" \u041b\u0456\u043b\u0438. ","startDuration":"2.4618","endDuration":"3.1463","wordfile":[{"path":"audios\/wordfile-658462a99fd1c.wav","mime":"audio\/x-wav","copyright":{"license":"U"}}]}],"files":[{"path":"audios\/files-658461dba7a6e.wav","mime":"audio\/x-wav","copyright":{"license":"U"}}]},"subContentId":"992b4ff0-9250-41ca-9773-a3cbd30743e6","metadata":{"contentType":"Curious Reader Audio","license":"U","title":"Untitled Curious Reader Audio"}},"backgroundOpacity":0,"willDoAnimation":false,"animationType":"glow","displayAsButton":false,"buttonSize":"big","goToSlideType":"specified","invisible":false},{"x":22.95918367346939,"y":32.72594458438287,"width":13.64795918367347,"height":40.050377833753146,"action":{"library":"H5P.Image 1.1","params":{"contentName":"Image"},"subContentId":"bef8bf0c-0c4f-4e9c-8398-115968783b28","metadata":{"contentType":"Image","license":"U","title":"Untitled Image"}},"backgroundOpacity":0,"willDoAnimation":true,"animationType":"glow","displayAsButton":false,"buttonSize":"big","goToSlideType":"specified","invisible":false,"id":"img992b4ff0-9250-41ca-9773-a3cbd30743e6_3"},{"x":21.683673469387756,"y":52.86926952141058,"width":21.301020408163264,"height":35.012594458438286,"action":{"library":"H5P.Image 1.1","params":{"contentName":"Image"},"subContentId":"abbdae31-f65d-4656-b4d3-f42d75ef72f8","metadata":{"contentType":"Image","license":"U","title":"Untitled Image"}},"backgroundOpacity":0,"willDoAnimation":true,"animationType":"glow","displayAsButton":false,"buttonSize":"big","goToSlideType":"specified","invisible":false,"id":"img992b4ff0-9250-41ca-9773-a3cbd30743e6_2"}],"slideBackgroundSelector":{}},{"elements":[{"x":3.2679738562091503,"y":2.150537634408602,"width":39.97821350762527,"height":96.77419354838709,"action":{"library":"H5P.Image 1.1","params":{"contentName":"Image","file":{"path":"images\/file-6582f7eede908.jpg","mime":"image\/jpeg","copyright":{"license":"U"},"width":479,"height":686}},"subContentId":"cafcd57b-3545-4c4b-bd65-7246c85de666","metadata":{"contentType":"Image","license":"U","title":"Untitled Image"}},"backgroundOpacity":0,"willDoAnimation":false,"animationType":"glow","displayAsButton":false,"buttonSize":"big","goToSlideType":"specified","invisible":false},{"x":51.19825708061002,"y":38.70967741935483,"width":40,"height":40,"action":{"library":"H5P.CRAdvancedText 1.1","params":{"text":"<p dir=\"ltr\" style=\"text-align: center;\"><span style=\"color:#ffffff;\"><span style=\"font-size:1.625em;\">\u0427\u0430\u043a\u0443 \u0432\u0438\u0440\u0456\u0448\u0438\u0432 \u0437\u0440\u043e\u0431\u0438\u0442\u0438 \u0441\u0432\u0456\u0439 \u0432\u043b\u0430\u0441\u043d\u0438\u0439 \u0442\u0440\u0438\u0446\u0438\u043a\u043b.<\/span><\/span><\/p>\n"},"subContentId":"6ed4d0c8-4215-4a30-9633-4617986f09cd","metadata":{"contentType":"Text","license":"U","title":"Untitled Text"}},"alwaysDisplayComments":false,"backgroundOpacity":0,"willDoAnimation":false,"animationType":"glow","displayAsButton":false,"buttonSize":"big","goToSlideType":"specified","invisible":false,"solution":""},{"x":47.00255102040816,"y":43.95465994962216,"width":40,"height":40,"action":{"library":"H5P.CRAudio 1.4","params":{"fitToWrapper":true,"currIndex":3,"playerMode":"minimalistic","controls":true,"autoplay":true,"playAudio":"Play audio","pauseAudio":"Pause audio","contentName":"Audio","glowColor":"#ffd85a","timeStampForEachText":[{"text":" \u0427\u0430\u043a\u0443 ","startDuration":"0.0000","endDuration":"0.6513","wordfile":[{"path":"audios\/wordfile-658462e4725f8.wav","mime":"audio\/x-wav","copyright":{"license":"U"}}]},{"text":" \u0432\u0438\u0440\u0456\u0448\u0438\u0432 ","startDuration":"0.6523","endDuration":"1.3153","wordfile":[{"path":"audios\/wordfile-658463075091e.wav","mime":"audio\/x-wav","copyright":{"license":"U"}}]},{"text":" \u0437\u0440\u043e\u0431\u0438\u0442\u0438 ","startDuration":"1.3163","endDuration":"2.0204","wordfile":[{"path":"audios\/wordfile-6584632fc939f.wav","mime":"audio\/x-wav","copyright":{"license":"U"}}]},{"text":" \u0441\u0432\u0456\u0439 ","startDuration":"2.0214","endDuration":"2.3738","wordfile":[{"path":"audios\/wordfile-6584635477e1e.wav","mime":"audio\/x-wav","copyright":{"license":"U"}}]},{"text":" \u0432\u043b\u0430\u0441\u043d\u0438\u0439 ","startDuration":"2.3748","endDuration":"3.0496","wordfile":[{"path":"audios\/wordfile-658463820b15c.wav","mime":"audio\/x-wav","copyright":{"license":"U"}}]},{"text":" \u0442\u0440\u0438\u0446\u0438\u043a\u043b. ","startDuration":"3.0506","endDuration":"3.9305","wordfile":[{"path":"audios\/wordfile-658463ad94cd8.wav","mime":"audio\/x-wav","copyright":{"license":"U"}}]}],"files":[{"path":"audios\/files-658462cb7c70c.wav","mime":"audio\/x-wav","copyright":{"license":"U"}}]},"subContentId":"62918f68-c2e3-493b-86bc-ddb2826469cc","metadata":{"contentType":"Curious Reader Audio","license":"U","title":"Untitled Curious Reader Audio"}},"backgroundOpacity":0,"willDoAnimation":false,"animationType":"glow","displayAsButton":false,"buttonSize":"big","goToSlideType":"specified","invisible":false},{"x":24.23469387755102,"y":12.586599496221663,"width":13.64795918367347,"height":59.697732997481104,"action":{"library":"H5P.Image 1.1","params":{"contentName":"Image"},"subContentId":"c9855daf-cf22-4748-a4eb-47d1360eb2cb","metadata":{"contentType":"Image","license":"U","title":"Untitled Image"}},"backgroundOpacity":0,"willDoAnimation":true,"animationType":"glow","displayAsButton":false,"buttonSize":"big","goToSlideType":"specified","invisible":false,"id":"img62918f68-c2e3-493b-86bc-ddb2826469cc_0"}],"slideBackgroundSelector":{}},{"elements":[{"x":4.357298474945534,"y":2.148858064516129,"width":39.97821350762527,"height":96.77419354838709,"action":{"library":"H5P.Image 1.1","params":{"contentName":"Image","file":{"path":"images\/file-6582f82e21dc4.jpg","mime":"image\/jpeg","copyright":{"license":"U"},"width":479,"height":686}},"subContentId":"e2d5d6fe-aa9f-46a2-b83c-b89c31d009db","metadata":{"contentType":"Image","license":"U","title":"Untitled Image"}},"backgroundOpacity":0,"willDoAnimation":false,"animationType":"glow","displayAsButton":false,"buttonSize":"big","goToSlideType":"specified","invisible":false},{"x":49.01960784313726,"y":40.86021505376344,"width":40,"height":40,"action":{"library":"H5P.CRAdvancedText 1.1","params":{"text":"<p style=\"text-align: center;\"><span style=\"color:#ffffff;\"><span style=\"font-size:2.25em;\">\u0427\u0430\u043a\u0443 \u0448\u0443\u043a\u0430\u0432 \u0433\u0456\u043b\u043a\u0438.<\/span><\/span><\/p>\n"},"subContentId":"55b63758-aa28-4edd-9bdd-c0cd9261f76a","metadata":{"contentType":"Text","license":"U","title":"Untitled Text"}},"alwaysDisplayComments":false,"backgroundOpacity":0,"willDoAnimation":false,"animationType":"glow","displayAsButton":false,"buttonSize":"big","goToSlideType":"specified","invisible":false,"solution":""},{"x":47.00255102040816,"y":43.95465994962216,"width":40,"height":40,"action":{"library":"H5P.CRAudio 1.4","params":{"fitToWrapper":true,"currIndex":4,"playerMode":"minimalistic","controls":true,"autoplay":true,"playAudio":"Play audio","pauseAudio":"Pause audio","contentName":"Audio","glowColor":"#ffd85a","timeStampForEachText":[{"text":" \u0427\u0430\u043a\u0443 ","startDuration":"0.0000","endDuration":"0.6481","wordfile":[{"path":"audios\/wordfile-658463dda929f.wav","mime":"audio\/x-wav","copyright":{"license":"U"}}]},{"text":" \u0448\u0443\u043a\u0430\u0432 ","startDuration":"0.6491","endDuration":"1.1628","wordfile":[{"path":"audios\/wordfile-658463fac7832.wav","mime":"audio\/x-wav","copyright":{"license":"U"}}]},{"text":" \u0433\u0456\u043b\u043a\u0438. ","startDuration":"1.1638","endDuration":"1.8651","wordfile":[{"path":"audios\/wordfile-65846418c193f.wav","mime":"audio\/x-wav","copyright":{"license":"U"}}]}],"files":[{"path":"audios\/files-658463c5f009a.wav","mime":"audio\/x-wav","copyright":{"license":"U"}}]},"subContentId":"91e62a80-9fc4-4997-8d4b-26a2f4f26344","metadata":{"contentType":"Curious Reader Audio","license":"U","title":"Untitled Curious Reader Audio"}},"backgroundOpacity":0,"willDoAnimation":false,"animationType":"glow","displayAsButton":false,"buttonSize":"big","goToSlideType":"specified","invisible":false},{"x":6.377551020408164,"y":47.858942065491185,"width":18.75,"height":35.012594458438286,"action":{"library":"H5P.Image 1.1","params":{"contentName":"Image"},"subContentId":"ab2ee810-036d-4f64-820c-c67d67683a4b","metadata":{"contentType":"Image","license":"U","title":"Untitled Image"}},"backgroundOpacity":0,"willDoAnimation":true,"animationType":"glow","displayAsButton":false,"buttonSize":"big","goToSlideType":"specified","invisible":false,"id":"img91e62a80-9fc4-4997-8d4b-26a2f4f26344_0"},{"x":20.408163265306122,"y":50.3639798488665,"width":5.994897959183674,"height":29.471032745591938,"action":{"library":"H5P.Image 1.1","params":{"contentName":"Image"},"subContentId":"9b1b1b27-b7ee-49dc-b304-a7f47f95ae23","metadata":{"contentType":"Image","license":"U","title":"Untitled Image"}},"backgroundOpacity":0,"willDoAnimation":true,"animationType":"glow","displayAsButton":false,"buttonSize":"big","goToSlideType":"specified","invisible":false,"id":"img91e62a80-9fc4-4997-8d4b-26a2f4f26344_2"},{"x":14.03061224489796,"y":70.52896725440806,"width":14.923469387755102,"height":17.38035264483627,"action":{"library":"H5P.Image 1.1","params":{"contentName":"Image"},"subContentId":"a992f72a-7076-41a6-a583-16ea62049ede","metadata":{"contentType":"Image","license":"U","title":"Untitled Image"}},"backgroundOpacity":0,"willDoAnimation":true,"animationType":"glow","displayAsButton":false,"buttonSize":"big","goToSlideType":"specified","invisible":false,"id":"img91e62a80-9fc4-4997-8d4b-26a2f4f26344_2"},{"x":5.1020408163265305,"y":68.01007556675063,"width":22.5765306122449,"height":6.801007556675063,"action":{"library":"H5P.Image 1.1","params":{"contentName":"Image"},"subContentId":"e155c2b4-a81a-4287-b866-dcf960942c33","metadata":{"contentType":"Image","license":"U","title":"Untitled Image"}},"backgroundOpacity":0,"willDoAnimation":true,"animationType":"glow","displayAsButton":false,"buttonSize":"big","goToSlideType":"specified","invisible":false,"id":"img91e62a80-9fc4-4997-8d4b-26a2f4f26344_2"}],"slideBackgroundSelector":{}},{"elements":[{"x":5.446623093681917,"y":6.44658064516129,"width":39.97821350762527,"height":93.54838709677419,"action":{"library":"H5P.Image 1.1","params":{"contentName":"Image","file":{"path":"images\/file-6582f8657e7fd.jpg","mime":"image\/jpeg","copyright":{"license":"U"},"width":639,"height":687}},"subContentId":"59f6874d-70d3-4721-b27c-88467f7a9199","metadata":{"contentType":"Image","license":"U","title":"Untitled Image"}},"backgroundOpacity":0,"willDoAnimation":false,"animationType":"glow","displayAsButton":false,"buttonSize":"big","goToSlideType":"specified","invisible":false},{"x":53.37690631808279,"y":38.70967741935483,"width":40,"height":40,"action":{"library":"H5P.CRAdvancedText 1.1","params":{"text":"<p style=\"text-align: center;\"><span style=\"font-size:1.5em;\"><span style=\"color:#ffffff;\">\u0427\u0430\u043a\u0443 \u043f\u0440\u0438\u0433\u0430\u0434\u0430\u0432, \u0449\u043e \u0439\u043e\u043c\u0443 \u0442\u0430\u043a\u043e\u0436 \u043f\u043e\u0442\u0440\u0456\u0431\u043d\u0456 \u0433\u0432\u0456\u0437\u0434\u043a\u0438 \u0456 \u043c\u043e\u043b\u043e\u0442\u043e\u043a.<\/span><\/span><\/p>\n"},"subContentId":"aa0e15d9-a1e8-482d-8ee6-6e545bfeab5b","metadata":{"contentType":"Text","license":"U","title":"Untitled Text"}},"alwaysDisplayComments":false,"backgroundOpacity":0,"willDoAnimation":false,"animationType":"glow","displayAsButton":false,"buttonSize":"big","goToSlideType":"specified","invisible":false,"solution":""},{"x":47.00255102040816,"y":43.95465994962216,"width":40,"height":40,"action":{"library":"H5P.CRAudio 1.4","params":{"fitToWrapper":true,"currIndex":5,"playerMode":"minimalistic","controls":true,"autoplay":true,"playAudio":"Play audio","pauseAudio":"Pause audio","contentName":"Audio","glowColor":"#ffd85a","timeStampForEachText":[{"text":" \u0427\u0430\u043a\u0443 ","startDuration":"0.0000","endDuration":"0.4654","wordfile":[{"path":"audios\/wordfile-658464dcca8da.wav","mime":"audio\/x-wav","copyright":{"license":"U"}}]},{"text":" \u043f\u0440\u0438\u0433\u0430\u0434\u0430\u0432, ","startDuration":"0.4664","endDuration":"1.1183","wordfile":[{"path":"audios\/wordfile-658464f985ba7.wav","mime":"audio\/x-wav","copyright":{"license":"U"}}]},{"text":" \u0449\u043e ","startDuration":"1.1193","endDuration":"1.5776","wordfile":[{"path":"audios\/wordfile-65846512bd677.wav","mime":"audio\/x-wav","copyright":{"license":"U"}}]},{"text":" \u0439\u043e\u043c\u0443 ","startDuration":"1.5786","endDuration":"1.9364","wordfile":[{"path":"audios\/wordfile-65846550711ec.wav","mime":"audio\/x-wav","copyright":{"license":"U"}}]},{"text":" \u0442\u0430\u043a\u043e\u0436 ","startDuration":"1.9374","endDuration":"2.5033","wordfile":[{"path":"audios\/wordfile-6584656aa954b.wav","mime":"audio\/x-wav","copyright":{"license":"U"}}]},{"text":" \u043f\u043e\u0442\u0440\u0456\u0431\u043d\u0456 ","startDuration":"2.5043","endDuration":"3.2495","wordfile":[{"path":"audios\/wordfile-658465ebe4660.wav","mime":"audio\/x-wav","copyright":{"license":"U"}}]},{"text":" \u0433\u0432\u0456\u0437\u0434\u043a\u0438 ","startDuration":"3.2505","endDuration":"4.0818","wordfile":[{"path":"audios\/wordfile-6584661733203.wav","mime":"audio\/x-wav","copyright":{"license":"U"}}]},{"text":" \u0456 ","startDuration":"4.0828","endDuration":"4.4048","wordfile":[{"path":"audios\/wordfile-65846631dce04.wav","mime":"audio\/x-wav","copyright":{"license":"U"}}]},{"text":" \u043c\u043e\u043b\u043e\u0442\u043e\u043a. ","startDuration":"4.4058","endDuration":"5.2156","wordfile":[{"path":"audios\/wordfile-6584664be3af3.wav","mime":"audio\/x-wav","copyright":{"license":"U"}}]}],"files":[{"path":"audios\/files-658464c0db5b0.wav","mime":"audio\/x-wav","copyright":{"license":"U"}}]},"subContentId":"dd55e6d4-c953-4fae-9665-8f217d1d2f4f","metadata":{"contentType":"Curious Reader Audio","license":"U","title":"Untitled Curious Reader Audio"}},"backgroundOpacity":0,"willDoAnimation":false,"animationType":"glow","displayAsButton":false,"buttonSize":"big","goToSlideType":"specified","invisible":false},{"x":7.653061224489796,"y":27.692191435768265,"width":12.372448979591837,"height":67.2544080604534,"action":{"library":"H5P.Image 1.1","params":{"contentName":"Image"},"subContentId":"5281759b-3362-4bed-8b83-b82280e9a9ea","metadata":{"contentType":"Image","license":"U","title":"Untitled Image"}},"backgroundOpacity":0,"willDoAnimation":true,"animationType":"glow","displayAsButton":false,"buttonSize":"big","goToSlideType":"specified","invisible":false,"id":"imgdd55e6d4-c953-4fae-9665-8f217d1d2f4f_0"},{"x":29.336734693877553,"y":10.075566750629722,"width":8.545918367346939,"height":16.876574307304786,"action":{"library":"H5P.Image 1.1","params":{"contentName":"Image"},"subContentId":"6fea7219-1272-4737-ae2f-0dfb9da272c7","metadata":{"contentType":"Image","license":"U","title":"Untitled Image"}},"backgroundOpacity":0,"willDoAnimation":true,"animationType":"glow","displayAsButton":false,"buttonSize":"big","goToSlideType":"specified","invisible":false,"id":"imgdd55e6d4-c953-4fae-9665-8f217d1d2f4f_8"},{"x":26.785714285714285,"y":17.626347607052896,"width":7.270408163265306,"height":6.801007556675063,"action":{"library":"H5P.Image 1.1","params":{"contentName":"Image"},"subContentId":"b4276d8b-a730-42a1-9e0d-95f77cb0be4d","metadata":{"contentType":"Image","license":"U","title":"Untitled Image"}},"backgroundOpacity":0,"willDoAnimation":true,"animationType":"glow","displayAsButton":false,"buttonSize":"big","goToSlideType":"specified","invisible":false,"id":"imgdd55e6d4-c953-4fae-9665-8f217d1d2f4f_6"}],"slideBackgroundSelector":{}},{"elements":[{"x":4.357298474945534,"y":2.150537634408602,"width":39.97821350762527,"height":95.69892473118279,"action":{"library":"H5P.Image 1.1","params":{"contentName":"Image","file":{"path":"images\/file-6582f8a2a9d1c.jpg","mime":"image\/jpeg","copyright":{"license":"U"},"width":479,"height":686}},"subContentId":"a12d8d51-bd78-4fea-affb-9061ee70f22e","metadata":{"contentType":"Image","license":"U","title":"Untitled Image"}},"backgroundOpacity":0,"willDoAnimation":false,"animationType":"glow","displayAsButton":false,"buttonSize":"big","goToSlideType":"specified","invisible":false},{"x":54.46623093681917,"y":40.86021505376344,"width":40,"height":40,"action":{"library":"H5P.CRAdvancedText 1.1","params":{"text":"<p style=\"text-align: center;\"><span style=\"color:#ffffff;\"><span style=\"font-size:1.75em;\">\u0427\u0430\u043a\u0443 \u0437\u0432\u0435\u0440\u043d\u0443\u0432\u0441\u044f \u0434\u043e \u0441\u0432\u043e\u0433\u043e \u0434\u044f\u0434\u044c\u043a\u0430 \u0437\u0430 \u0434\u043e\u043f\u043e\u043c\u043e\u0433\u043e\u044e.<\/span><\/span><\/p>\n"},"subContentId":"b55726bc-a322-4bce-8773-377dd906e05f","metadata":{"contentType":"Text","license":"U","title":"Untitled Text"}},"alwaysDisplayComments":false,"backgroundOpacity":0,"willDoAnimation":false,"animationType":"glow","displayAsButton":false,"buttonSize":"big","goToSlideType":"specified","invisible":false,"solution":""},{"x":47.00255102040816,"y":43.95465994962216,"width":40,"height":40,"action":{"library":"H5P.CRAudio 1.4","params":{"fitToWrapper":true,"currIndex":6,"playerMode":"minimalistic","controls":true,"autoplay":true,"playAudio":"Play audio","pauseAudio":"Pause audio","contentName":"Audio","glowColor":"#ffd85a","timeStampForEachText":[{"text":" \u0427\u0430\u043a\u0443 ","startDuration":"0.1433","endDuration":"0.7969","wordfile":[{"path":"audios\/wordfile-6584667c228a1.wav","mime":"audio\/x-wav","copyright":{"license":"U"}}]},{"text":" \u0437\u0432\u0435\u0440\u043d\u0443\u0432\u0441\u044f ","startDuration":"0.7979","endDuration":"1.6903","wordfile":[{"path":"audios\/wordfile-6584669bc70cd.wav","mime":"audio\/x-wav","copyright":{"license":"U"}}]},{"text":" \u0434\u043e ","startDuration":"1.6913","endDuration":"1.8913","wordfile":[{"path":"audios\/wordfile-658466d02196a.wav","mime":"audio\/x-wav","copyright":{"license":"U"}}]},{"text":" \u0441\u0432\u043e\u0433\u043e ","startDuration":"1.8923","endDuration":"2.2356","wordfile":[{"path":"audios\/wordfile-658466e49efad.wav","mime":"audio\/x-wav","copyright":{"license":"U"}}]},{"text":" \u0434\u044f\u0434\u044c\u043a\u0430 ","startDuration":"2.2366","endDuration":"2.8843","wordfile":[{"path":"audios\/wordfile-6584670cd57be.wav","mime":"audio\/x-wav","copyright":{"license":"U"}}]},{"text":" \u0437\u0430 ","startDuration":"2.8853","endDuration":"3.2166","wordfile":[{"path":"audios\/wordfile-6584672622d3a.wav","mime":"audio\/x-wav","copyright":{"license":"U"}}]},{"text":" \u0434\u043e\u043f\u043e\u043c\u043e\u0433\u043e\u044e. ","startDuration":"3.2176","endDuration":"4.1757","wordfile":[{"path":"audios\/wordfile-6584674f5c90e.wav","mime":"audio\/x-wav","copyright":{"license":"U"}}]}],"files":[{"path":"audios\/files-65846664bb57e.wav","mime":"audio\/x-wav","copyright":{"license":"U"}}]},"subContentId":"70bdbb43-ead5-42cd-81f5-1d2932762149","metadata":{"contentType":"Curious Reader Audio","license":"U","title":"Untitled Curious Reader Audio"}},"backgroundOpacity":0,"willDoAnimation":false,"animationType":"glow","displayAsButton":false,"buttonSize":"big","goToSlideType":"specified","invisible":false},{"x":10.204081632653061,"y":37.76372795969773,"width":11.096938775510205,"height":49.622166246851386,"action":{"library":"H5P.Image 1.1","params":{"contentName":"Image"},"subContentId":"e590f983-8c65-464f-b2c5-a727f42855bc","metadata":{"contentType":"Image","license":"U","title":"Untitled Image"}},"backgroundOpacity":0,"willDoAnimation":true,"animationType":"glow","displayAsButton":false,"buttonSize":"big","goToSlideType":"specified","invisible":false,"id":"img70bdbb43-ead5-42cd-81f5-1d2932762149_0"},{"x":22.95918367346939,"y":7.552745591939547,"width":20.025510204081634,"height":82.36775818639798,"action":{"library":"H5P.Image 1.1","params":{"contentName":"Image"},"subContentId":"5dd9fe5d-2f9d-4292-80de-9932b425b090","metadata":{"contentType":"Image","license":"U","title":"Untitled Image"}},"backgroundOpacity":0,"willDoAnimation":true,"animationType":"glow","displayAsButton":false,"buttonSize":"big","goToSlideType":"specified","invisible":false,"id":"img70bdbb43-ead5-42cd-81f5-1d2932762149_4"}],"slideBackgroundSelector":{}},{"elements":[{"x":3.2679738562091507,"y":2.148858064516129,"width":39.97821350762527,"height":96.77419354838709,"action":{"library":"H5P.Image 1.1","params":{"contentName":"Image","file":{"path":"images\/file-6582f8d53e48b.jpg","mime":"image\/jpeg","copyright":{"license":"U"},"width":479,"height":686}},"subContentId":"92528443-ca85-4263-9bfc-286ba7fa3bad","metadata":{"contentType":"Image","license":"U","title":"Untitled Image"}},"backgroundOpacity":0,"willDoAnimation":false,"animationType":"glow","displayAsButton":false,"buttonSize":"big","goToSlideType":"specified","invisible":false},{"x":42.09183673469388,"y":34.369017632241814,"width":53.57142857142857,"height":40.050377833753146,"action":{"library":"H5P.CRAdvancedText 1.1","params":{"text":"<p dir=\"ltr\" style=\"text-align: center;\"><span style=\"color:#ffffff;\"><span style=\"font-size:1.75em;\">\u0414\u044f\u0434\u044c\u043a\u043e \u0427\u0430\u043a\u0443 \u0432\u0456\u0434\u0434\u0430\u0432 \u0439\u043e\u043c\u0443 \u0456\u043d\u0441\u0442\u0440\u0443\u043c\u0435\u043d\u0442\u0438. \u0414\u044f\u0434\u044c\u043a\u043e \u043f\u043e\u043f\u0440\u043e\u0441\u0438\u0432 \u0427\u0430\u043a\u0443 \u0431\u0443\u0442\u0438 \u043e\u0431\u0435\u0440\u0435\u0436\u043d\u0438\u043c.<\/span><\/span><\/p>\n"},"subContentId":"41562dc7-92c2-4920-9175-0b9ee75a455f","metadata":{"contentType":"Text","license":"U","title":"Untitled Text"}},"alwaysDisplayComments":false,"backgroundOpacity":0,"willDoAnimation":false,"animationType":"glow","displayAsButton":false,"buttonSize":"big","goToSlideType":"specified","invisible":false,"solution":""},{"x":47.00255102040816,"y":43.95465994962216,"width":40,"height":40,"action":{"library":"H5P.CRAudio 1.4","params":{"fitToWrapper":true,"currIndex":7,"playerMode":"minimalistic","controls":true,"autoplay":true,"playAudio":"Play audio","pauseAudio":"Pause audio","contentName":"Audio","glowColor":"#ffd85a","timeStampForEachText":[{"text":" \u0414\u044f\u0434\u044c\u043a\u043e ","startDuration":"0.0000","endDuration":"0.6309","wordfile":[{"path":"audios\/wordfile-658f44d428459.wav","mime":"audio\/x-wav","copyright":{"license":"U"}}]},{"text":" \u0427\u0430\u043a\u0443 ","startDuration":"0.6319","endDuration":"1.2262","wordfile":[{"path":"audios\/wordfile-658f44f79f402.wav","mime":"audio\/x-wav","copyright":{"license":"U"}}]},{"text":" \u0432\u0456\u0434\u0434\u0430\u0432 ","startDuration":"1.2272","endDuration":"1.8765","wordfile":[{"path":"audios\/wordfile-658f4517003d3.wav","mime":"audio\/x-wav","copyright":{"license":"U"}}]},{"text":" \u0439\u043e\u043c\u0443 ","startDuration":"1.8775","endDuration":"2.3159","wordfile":[{"path":"audios\/wordfile-658f456375fb8.wav","mime":"audio\/x-wav","copyright":{"license":"U"}}]},{"text":" \u0456\u043d\u0441\u0442\u0440\u0443\u043c\u0435\u043d\u0442\u0438. ","startDuration":"2.3169","endDuration":"3.3696","wordfile":[{"path":"audios\/wordfile-658f457d6e70c.wav","mime":"audio\/x-wav","copyright":{"license":"U"}}]},{"text":" \u0414\u044f\u0434\u044c\u043a\u043e ","startDuration":"3.3889","endDuration":"3.9465","wordfile":[{"path":"audios\/wordfile-658f45a2ce26d.wav","mime":"audio\/x-wav","copyright":{"license":"U"}}]},{"text":" \u043f\u043e\u043f\u0440\u043e\u0441\u0438\u0432 ","startDuration":"3.9659","endDuration":"4.5877","wordfile":[{"path":"audios\/wordfile-658f45cf330b7.wav","mime":"audio\/x-wav","copyright":{"license":"U"}}]},{"text":" \u0427\u0430\u043a\u0443 ","startDuration":"4.5887","endDuration":"5.1463","wordfile":[{"path":"audios\/wordfile-658f45e59723f.wav","mime":"audio\/x-wav","copyright":{"license":"U"}}]},{"text":" \u0431\u0443\u0442\u0438 ","startDuration":"5.1473","endDuration":"5.7416","wordfile":[{"path":"audios\/wordfile-658f460a7df47.wav","mime":"audio\/x-wav","copyright":{"license":"U"}}]},{"text":" \u043e\u0431\u0435\u0440\u0435\u0436\u043d\u0438\u043c. ","startDuration":"5.7426","endDuration":"6.7220","wordfile":[{"path":"audios\/wordfile-658f4624decb8.wav","mime":"audio\/x-wav","copyright":{"license":"U"}}]}],"files":[{"path":"audios\/files-658f44b3ce0d5.wav","mime":"audio\/x-wav","copyright":{"license":"U"}}]},"subContentId":"692e1654-5bed-4106-a5cd-016b778e7464","metadata":{"contentType":"Curious Reader Audio","license":"U","title":"Untitled Curious Reader Audio"}},"backgroundOpacity":0,"willDoAnimation":false,"animationType":"glow","displayAsButton":false,"buttonSize":"big","goToSlideType":"specified","invisible":false},{"x":6.377551020408164,"y":17.6204282115869,"width":16.198979591836736,"height":57.178841309823675,"action":{"library":"H5P.Image 1.1","params":{"contentName":"Image"},"subContentId":"1a58344f-9b56-4bc9-ad4e-30e2e793ff82","metadata":{"contentType":"Image","license":"U","title":"Untitled Image"}},"backgroundOpacity":0,"willDoAnimation":true,"animationType":"glow","displayAsButton":false,"buttonSize":"big","goToSlideType":"specified","invisible":false,"id":"img692e1654-5bed-4106-a5cd-016b778e7464_1"},{"x":12.755102040816327,"y":37.76372795969773,"width":12.372448979591837,"height":16.876574307304786,"action":{"library":"H5P.Image 1.1","params":{"contentName":"Image"},"subContentId":"0b1f202e-7fb2-4507-b06e-370bb168c926","metadata":{"contentType":"Image","license":"U","title":"Untitled Image"}},"backgroundOpacity":0,"willDoAnimation":true,"animationType":"glow","displayAsButton":false,"buttonSize":"big","goToSlideType":"specified","invisible":false,"id":"img692e1654-5bed-4106-a5cd-016b778e7464_4"},{"x":6.377551020408164,"y":47.84508816120906,"width":8.545918367346939,"height":14.357682619647354,"action":{"library":"H5P.Image 1.1","params":{"contentName":"Image"},"subContentId":"7834f7ca-19b0-4b7c-81f0-fcc7ce1c1935","metadata":{"contentType":"Image","license":"U","title":"Untitled Image"}},"backgroundOpacity":0,"willDoAnimation":true,"animationType":"glow","displayAsButton":false,"buttonSize":"big","goToSlideType":"specified","invisible":false,"id":"img692e1654-5bed-4106-a5cd-016b778e7464_4"}],"slideBackgroundSelector":{}},{"elements":[{"x":0,"y":0,"width":97.93028322440088,"height":98.06451612903226,"action":{"library":"H5P.Image 1.1","params":{"contentName":"Image","file":{"path":"images\/file-6582f91783856.jpg","mime":"image\/jpeg","copyright":{"license":"U"},"width":959,"height":687}},"subContentId":"b905eb68-4ec2-4d41-a807-2f5c3e7461c9","metadata":{"contentType":"Image","license":"U","title":"Untitled Image"}},"backgroundOpacity":0,"willDoAnimation":false,"animationType":"glow","displayAsButton":false,"buttonSize":"big","goToSlideType":"specified","invisible":false},{"x":8.714596949891067,"y":30.10752688172043,"width":40,"height":40,"action":{"library":"H5P.CRAdvancedText 1.1","params":{"text":"<p dir=\"ltr\" style=\"text-align: center;\"><span style=\"color:#ffffff;\"><span style=\"font-size:1.75em;\">\u0427\u0430\u043a\u0443 \u0440\u043e\u0437\u043c\u0456\u0440\u043a\u043e\u0432\u0443\u0432\u0430\u0432, \u044f\u043a \u043f\u043e\u0431\u0443\u0434\u0443\u0432\u0430\u0442\u0438 \u0441\u0432\u0456\u0439 \u0442\u0440\u0438\u0446\u0438\u043a\u043b.<\/span><\/span><\/p>\n"},"subContentId":"4b0d3413-30b9-4e2b-af52-cdc16350c10c","metadata":{"contentType":"Text","license":"U","title":"Untitled Text"}},"alwaysDisplayComments":false,"backgroundOpacity":0,"willDoAnimation":false,"animationType":"glow","displayAsButton":false,"buttonSize":"big","goToSlideType":"specified","invisible":false,"solution":""},{"x":47.00255102040816,"y":43.95465994962216,"width":40,"height":40,"action":{"library":"H5P.CRAudio 1.4","params":{"fitToWrapper":true,"currIndex":8,"playerMode":"minimalistic","controls":true,"autoplay":true,"playAudio":"Play audio","pauseAudio":"Pause audio","contentName":"Audio","glowColor":"#ffd85a","timeStampForEachText":[{"text":" \u0427\u0430\u043a\u0443 ","startDuration":"0.0000","endDuration":"0.3352","wordfile":[{"path":"audios\/wordfile-658f46542f690.wav","mime":"audio\/x-wav","copyright":{"license":"U"}}]},{"text":" \u0440\u043e\u0437\u043c\u0456\u0440\u043a\u043e\u0432\u0443\u0432\u0430\u0432, ","startDuration":"0.3362","endDuration":"1.6180","wordfile":[{"path":"audios\/wordfile-658f46681fa8d.wav","mime":"audio\/x-wav","copyright":{"license":"U"}}]},{"text":" \u044f\u043a ","startDuration":"1.6190","endDuration":"2.1659","wordfile":[{"path":"audios\/wordfile-658f467dac7c0.wav","mime":"audio\/x-wav","copyright":{"license":"U"}}]},{"text":" \u043f\u043e\u0431\u0443\u0434\u0443\u0432\u0430\u0442\u0438 ","startDuration":"2.1669","endDuration":"3.0548","wordfile":[{"path":"audios\/wordfile-658f469c055f1.wav","mime":"audio\/x-wav","copyright":{"license":"U"}}]},{"text":" \u0441\u0432\u0456\u0439 ","startDuration":"3.0558","endDuration":"3.4263","wordfile":[{"path":"audios\/wordfile-658f46b527f50.wav","mime":"audio\/x-wav","copyright":{"license":"U"}}]},{"text":" \u0442\u0440\u0438\u0446\u0438\u043a\u043b. ","startDuration":"3.4273","endDuration":"4.2270","wordfile":[{"path":"audios\/wordfile-658f46cb650af.wav","mime":"audio\/x-wav","copyright":{"license":"U"}}]}],"files":[{"path":"audios\/files-658f464200d5d.wav","mime":"audio\/x-wav","copyright":{"license":"U"}}]},"subContentId":"7e1b130e-5a95-457a-a9db-f5356fe7242c","metadata":{"contentType":"Curious Reader Audio","license":"U","title":"Untitled Curious Reader Audio"}},"backgroundOpacity":0,"willDoAnimation":false,"animationType":"glow","displayAsButton":false,"buttonSize":"big","goToSlideType":"specified","invisible":false},{"x":57.39795918367348,"y":40.26675062972293,"width":36.224489795918366,"height":47.10327455919395,"action":{"library":"H5P.Image 1.1","params":{"contentName":"Image"},"subContentId":"4abeb67b-8dcc-4117-9e05-4385e190de66","metadata":{"contentType":"Image","license":"U","title":"Untitled Image"}},"backgroundOpacity":0,"willDoAnimation":true,"animationType":"glow","displayAsButton":false,"buttonSize":"big","goToSlideType":"specified","invisible":false,"id":"img7e1b130e-5a95-457a-a9db-f5356fe7242c_0"}],"slideBackgroundSelector":{}},{"elements":[{"x":3.2679738562091507,"y":4.297720430107527,"width":39.97821350762527,"height":95.69892473118279,"action":{"library":"H5P.Image 1.1","params":{"contentName":"Image","file":{"path":"images\/file-6582f95489ed3.jpg","mime":"image\/jpeg","copyright":{"license":"U"},"width":479,"height":686}},"subContentId":"ca658387-de74-4029-9595-32a598136409","metadata":{"contentType":"Image","license":"U","title":"Untitled Image"}},"backgroundOpacity":0,"willDoAnimation":false,"animationType":"glow","displayAsButton":false,"buttonSize":"big","goToSlideType":"specified","invisible":false},{"x":50.10893246187364,"y":36.55913978494623,"width":40,"height":40,"action":{"library":"H5P.CRAdvancedText 1.1","params":{"text":"<p dir=\"ltr\" style=\"text-align: center;\"><span style=\"color:#ffffff;\"><span style=\"font-size:2.25em;\">\u0427\u0430\u043a\u0443 \u043f\u043e\u0447\u0430\u0432 \u0431\u0443\u0434\u0443\u0432\u0430\u0442\u0438.<\/span><\/span><\/p>\n"},"subContentId":"ebe359ba-481e-4f99-a8c0-e8e2ba425efc","metadata":{"contentType":"Text","license":"U","title":"Untitled Text"}},"alwaysDisplayComments":false,"backgroundOpacity":0,"willDoAnimation":false,"animationType":"glow","displayAsButton":false,"buttonSize":"big","goToSlideType":"specified","invisible":false,"solution":""},{"x":47.00255102040816,"y":43.95465994962216,"width":40,"height":40,"action":{"library":"H5P.CRAudio 1.4","params":{"fitToWrapper":true,"currIndex":9,"playerMode":"minimalistic","controls":true,"autoplay":true,"playAudio":"Play audio","pauseAudio":"Pause audio","contentName":"Audio","glowColor":"#ffd85a","timeStampForEachText":[{"text":" \u0427\u0430\u043a\u0443 ","startDuration":"0.0000","endDuration":"0.5316","wordfile":[{"path":"audios\/wordfile-658f46efa887b.wav","mime":"audio\/x-wav","copyright":{"license":"U"}}]},{"text":" \u043f\u043e\u0447\u0430\u0432 ","startDuration":"0.5326","endDuration":"1.0419","wordfile":[{"path":"audios\/wordfile-658f47046714e.wav","mime":"audio\/x-wav","copyright":{"license":"U"}}]},{"text":" \u0431\u0443\u0434\u0443\u0432\u0430\u0442\u0438. ","startDuration":"1.0429","endDuration":"1.9284","wordfile":[{"path":"audios\/wordfile-658f47280cc36.wav","mime":"audio\/x-wav","copyright":{"license":"U"}}]}],"files":[{"path":"audios\/files-658f46df5213f.wav","mime":"audio\/x-wav","copyright":{"license":"U"}}]},"subContentId":"20512e23-169c-44b2-9720-4751f6284a2c","metadata":{"contentType":"Curious Reader Audio","license":"U","title":"Untitled Curious Reader Audio"}},"backgroundOpacity":0,"willDoAnimation":false,"animationType":"glow","displayAsButton":false,"buttonSize":"big","goToSlideType":"specified","invisible":false},{"x":10.204081632653061,"y":32.72594458438287,"width":13.64795918367347,"height":40.050377833753146,"action":{"library":"H5P.Image 1.1","params":{"contentName":"Image"},"subContentId":"f85d54db-25e9-416e-8679-5b50263dd950","metadata":{"contentType":"Image","license":"U","title":"Untitled Image"}},"backgroundOpacity":0,"willDoAnimation":true,"animationType":"glow","displayAsButton":false,"buttonSize":"big","goToSlideType":"specified","invisible":false,"id":"img20512e23-169c-44b2-9720-4751f6284a2c_0"},{"x":17.857142857142858,"y":30.20302267002519,"width":14.923469387755102,"height":34.5088161209068,"action":{"library":"H5P.Image 1.1","params":{"contentName":"Image"},"subContentId":"8a4374d1-2ef6-4e28-b412-623b423cf05d","metadata":{"contentType":"Image","license":"U","title":"Untitled Image"}},"backgroundOpacity":0,"willDoAnimation":true,"animationType":"glow","displayAsButton":false,"buttonSize":"big","goToSlideType":"specified","invisible":false,"id":"img20512e23-169c-44b2-9720-4751f6284a2c_2"},{"x":14.030612244897958,"y":55.39999999999999,"width":22.5765306122449,"height":21.914357682619645,"action":{"library":"H5P.Image 1.1","params":{"contentName":"Image"},"subContentId":"d34d598c-85ad-4d53-9f27-1dab0e592342","metadata":{"contentType":"Image","license":"U","title":"Untitled Image"}},"backgroundOpacity":0,"willDoAnimation":true,"animationType":"glow","displayAsButton":false,"buttonSize":"big","goToSlideType":"specified","invisible":false,"id":"img20512e23-169c-44b2-9720-4751f6284a2c_2"}],"slideBackgroundSelector":{}},{"elements":[{"x":4.357298474945534,"y":2.150537634408602,"width":39.97821350762527,"height":95.69892473118279,"action":{"library":"H5P.Image 1.1","params":{"contentName":"Image","file":{"path":"images\/file-6582f9838dd11.jpg","mime":"image\/jpeg","copyright":{"license":"U"},"width":479,"height":686}},"subContentId":"6368cbb9-4216-4806-a78c-04244d505890","metadata":{"contentType":"Image","license":"U","title":"Untitled Image"}},"backgroundOpacity":0,"willDoAnimation":false,"animationType":"glow","displayAsButton":false,"buttonSize":"big","goToSlideType":"specified","invisible":false},{"x":45.91836734693878,"y":36.53954659949623,"width":46.42857142857143,"height":40.050377833753146,"action":{"library":"H5P.CRAdvancedText 1.1","params":{"text":"<p style=\"text-align: center;\"><span style=\"color:#ffffff;\"><span style=\"font-size:1.75em;\">\u041e\u0442 \u0456 \u0447\u0443\u0434\u043e\u0432\u0438\u0439 \u0442\u0440\u0438\u0446\u0438\u043a\u043b! \u0410\u043b\u0435 \u0432\u0456\u043d \u0431\u0443\u0432 \u043d\u0435\u0441\u0442\u0456\u0439\u043a\u0438\u043c.<\/span><\/span><\/p>\n"},"subContentId":"a355e8e7-c5ed-4094-99d2-8040204b21eb","metadata":{"contentType":"Text","license":"U","title":"Untitled Text"}},"alwaysDisplayComments":false,"backgroundOpacity":0,"willDoAnimation":false,"animationType":"glow","displayAsButton":false,"buttonSize":"big","goToSlideType":"specified","invisible":false,"solution":""},{"x":47.00255102040816,"y":43.95465994962216,"width":40,"height":40,"action":{"library":"H5P.CRAudio 1.4","params":{"fitToWrapper":true,"currIndex":10,"playerMode":"minimalistic","controls":true,"autoplay":true,"playAudio":"Play audio","pauseAudio":"Pause audio","contentName":"Audio","glowColor":"#ffd85a","timeStampForEachText":[{"text":" \u041e\u0442 ","startDuration":"0.0000","endDuration":"0.3763","wordfile":[{"path":"audios\/wordfile-65aab38174fd1.wav","mime":"audio\/x-wav","copyright":{"license":"U"}}]},{"text":" \u0456 ","startDuration":"0.3773","endDuration":"0.5432","wordfile":[{"path":"audios\/wordfile-65aab395e407f.wav","mime":"audio\/x-wav","copyright":{"license":"U"}}]},{"text":" \u0447\u0443\u0434\u043e\u0432\u0438\u0439 ","startDuration":"0.5442","endDuration":"1.2277","wordfile":[{"path":"audios\/wordfile-65aab3aeacfdb.wav","mime":"audio\/x-wav","copyright":{"license":"U"}}]},{"text":" \u0442\u0440\u0438\u0446\u0438\u043a\u043b! ","startDuration":"1.2287","endDuration":"2.0146","wordfile":[{"path":"audios\/wordfile-65aab3e471c60.wav","mime":"audio\/x-wav","copyright":{"license":"U"}}]},{"text":" \u0410\u043b\u0435 ","startDuration":"2.0156","endDuration":"2.5228","wordfile":[{"path":"audios\/wordfile-65aab4057dd11.wav","mime":"audio\/x-wav","copyright":{"license":"U"}}]},{"text":" \u0432\u0456\u043d ","startDuration":"2.5238","endDuration":"2.9115","wordfile":[{"path":"audios\/wordfile-65aab4193c3c0.wav","mime":"audio\/x-wav","copyright":{"license":"U"}}]},{"text":" \u0431\u0443\u0432 ","startDuration":"2.9125","endDuration":"3.1011","wordfile":[{"path":"audios\/wordfile-65aab4411fa53.wav","mime":"audio\/x-wav","copyright":{"license":"U"}}]},{"text":" \u043d\u0435\u0441\u0442\u0456\u0439\u043a\u0438\u043c. ","startDuration":"3.1021","endDuration":"4.2206","wordfile":[{"path":"audios\/wordfile-65aab460c8e8c.wav","mime":"audio\/x-wav","copyright":{"license":"U"}}]}],"files":[{"path":"audios\/files-65aab2f705eff.wav","mime":"audio\/x-wav","copyright":{"license":"U"}}]},"subContentId":"b6caa5b8-90c1-4362-82e8-1af777a7dc39","metadata":{"contentType":"Curious Reader Audio","license":"U","title":"Untitled Curious Reader Audio"}},"backgroundOpacity":0,"willDoAnimation":false,"animationType":"glow","displayAsButton":false,"buttonSize":"big","goToSlideType":"specified","invisible":false},{"x":17.857142857142858,"y":50.377833753148614,"width":25.127551020408163,"height":40.050377833753146,"action":{"library":"H5P.Image 1.1","params":{"contentName":"Image"},"subContentId":"b5ca0446-6cd2-43d2-8a89-9ffe931c2d9d","metadata":{"contentType":"Image","license":"U","title":"Untitled Image"}},"backgroundOpacity":0,"willDoAnimation":true,"animationType":"glow","displayAsButton":false,"buttonSize":"big","goToSlideType":"specified","invisible":false,"id":"imgb6caa5b8-90c1-4362-82e8-1af777a7dc39_3"}],"slideBackgroundSelector":{}},{"elements":[{"x":3.2679738562091503,"y":2.150537634408602,"width":39.97821350762527,"height":95.69892473118279,"action":{"library":"H5P.Image 1.1","params":{"contentName":"Image","file":{"path":"images\/file-6582f9c9f38f2.jpg","mime":"image\/jpeg","copyright":{"license":"U"},"width":479,"height":686}},"subContentId":"9f8d3804-966c-4b96-9d67-50173d8d300c","metadata":{"contentType":"Image","license":"U","title":"Untitled Image"}},"backgroundOpacity":0,"willDoAnimation":false,"animationType":"glow","displayAsButton":false,"buttonSize":"big","goToSlideType":"specified","invisible":false},{"x":44.642857142857146,"y":36.53954659949623,"width":45.535714285714285,"height":40.050377833753146,"action":{"library":"H5P.CRAdvancedText 1.1","params":{"text":"<p dir=\"ltr\" style=\"text-align: center;\"><span style=\"font-size:1.75em;\"><span style=\"color:#ffffff;\">\u041b\u0456\u043b\u0430 \u043f\u043e\u0431\u0430\u0447\u0438\u043b\u0430 \u0442\u0440\u0443\u0434\u043d\u043e\u0449\u0456 \u0427\u0430\u043a\u0443. \u0412\u043e\u043d\u0430 \u0432\u0438\u0440\u0456\u0448\u0438\u043b\u0430 \u0434\u043e\u043f\u043e\u043c\u043e\u0433\u0442\u0438.<\/span><\/span><\/p>\n"},"subContentId":"a61b743b-74cb-4bd5-bd26-12e57b9e9005","metadata":{"contentType":"Text","license":"U","title":"Untitled Text"}},"alwaysDisplayComments":false,"backgroundOpacity":0,"willDoAnimation":false,"animationType":"glow","displayAsButton":false,"buttonSize":"big","goToSlideType":"specified","invisible":false,"solution":""},{"x":47.00255102040816,"y":43.95465994962216,"width":40,"height":40,"action":{"library":"H5P.CRAudio 1.4","params":{"fitToWrapper":true,"currIndex":11,"playerMode":"minimalistic","controls":true,"autoplay":true,"playAudio":"Play audio","pauseAudio":"Pause audio","contentName":"Audio","glowColor":"#ffd85a","timeStampForEachText":[{"text":" \u041b\u0456\u043b\u0430 ","startDuration":"0.0000","endDuration":"0.5862","wordfile":[{"path":"audios\/wordfile-658f4906c8623.wav","mime":"audio\/x-wav","copyright":{"license":"U"}}]},{"text":" \u043f\u043e\u0431\u0430\u0447\u0438\u043b\u0430 ","startDuration":"0.5872","endDuration":"1.4105","wordfile":[{"path":"audios\/wordfile-658f49268edf9.wav","mime":"audio\/x-wav","copyright":{"license":"U"}}]},{"text":" \u0442\u0440\u0443\u0434\u043d\u043e\u0449\u0456 ","startDuration":"1.4115","endDuration":"2.0722","wordfile":[{"path":"audios\/wordfile-658f4940e1aa0.wav","mime":"audio\/x-wav","copyright":{"license":"U"}}]},{"text":" \u0427\u0430\u043a\u0443. ","startDuration":"2.0732","endDuration":"2.6932","wordfile":[{"path":"audios\/wordfile-658f49573d77d.wav","mime":"audio\/x-wav","copyright":{"license":"U"}}]},{"text":" \u0412\u043e\u043d\u0430 ","startDuration":"2.6942","endDuration":"3.4158","wordfile":[{"path":"audios\/wordfile-658f4978d9bda.wav","mime":"audio\/x-wav","copyright":{"license":"U"}}]},{"text":" \u0432\u0438\u0440\u0456\u0448\u0438\u043b\u0430 ","startDuration":"3.4168","endDuration":"4.0301","wordfile":[{"path":"audios\/wordfile-658f49964ba58.wav","mime":"audio\/x-wav","copyright":{"license":"U"}}]},{"text":" \u0434\u043e\u043f\u043e\u043c\u043e\u0433\u0442\u0438. ","startDuration":"4.0311","endDuration":"4.9086","wordfile":[{"path":"audios\/wordfile-658f49b6176b2.wav","mime":"audio\/x-wav","copyright":{"license":"U"}}]}],"files":[{"path":"audios\/files-658f48a4dd881.wav","mime":"audio\/x-wav","copyright":{"license":"U"}}]},"subContentId":"9b5690da-e249-437c-a2c9-941968c742af","metadata":{"contentType":"Curious Reader Audio","license":"U","title":"Untitled Curious Reader Audio"}},"backgroundOpacity":0,"willDoAnimation":false,"animationType":"glow","displayAsButton":false,"buttonSize":"big","goToSlideType":"specified","invisible":false},{"x":24.23469387755102,"y":27.676322418136017,"width":8.545918367346939,"height":34.5088161209068,"action":{"library":"H5P.Image 1.1","params":{"contentName":"Image"},"subContentId":"f27c0194-861b-4b24-9f43-c66106c2973c","metadata":{"contentType":"Image","license":"U","title":"Untitled Image"}},"backgroundOpacity":0,"willDoAnimation":true,"animationType":"glow","displayAsButton":false,"buttonSize":"big","goToSlideType":"specified","invisible":false,"id":"img9b5690da-e249-437c-a2c9-941968c742af_3"},{"x":5.1020408163265305,"y":32.71612090680101,"width":14.923469387755102,"height":34.5088161209068,"action":{"library":"H5P.Image 1.1","params":{"contentName":"Image"},"subContentId":"93d7a07e-58da-4ef7-afef-e43f808a55fd","metadata":{"contentType":"Image","license":"U","title":"Untitled Image"}},"backgroundOpacity":0,"willDoAnimation":true,"animationType":"glow","displayAsButton":false,"buttonSize":"big","goToSlideType":"specified","invisible":false,"id":"img9b5690da-e249-437c-a2c9-941968c742af_0"},{"x":3.826530612244898,"y":37.7735516372796,"width":12.372448979591837,"height":26.952141057934508,"action":{"library":"H5P.Image 1.1","params":{"contentName":"Image"},"subContentId":"4324180d-31e0-4aeb-8f55-0a67433b54b1","metadata":{"contentType":"Image","license":"U","title":"Untitled Image"}},"backgroundOpacity":0,"willDoAnimation":true,"animationType":"glow","displayAsButton":false,"buttonSize":"big","goToSlideType":"specified","invisible":false,"id":"img9b5690da-e249-437c-a2c9-941968c742af_4"}],"slideBackgroundSelector":{}},{"elements":[{"x":43.19346405228758,"y":25.791397849462367,"width":55.44662309368192,"height":70.96774193548387,"action":{"library":"H5P.Image 1.1","params":{"contentName":"Image","file":{"path":"images\/file-6582fa0e7a729.jpg","mime":"image\/jpeg","copyright":{"license":"U"},"width":959,"height":687}},"subContentId":"3ccdf63e-a32d-4e4c-9b61-15b14f985b43","metadata":{"contentType":"Image","license":"U","title":"Untitled Image"}},"backgroundOpacity":0,"willDoAnimation":false,"animationType":"glow","displayAsButton":false,"buttonSize":"big","goToSlideType":"specified","invisible":false},{"x":3.2679738562091503,"y":19.354838709677416,"width":40,"height":40,"action":{"library":"H5P.CRAdvancedText 1.1","params":{"text":"<p dir=\"ltr\" style=\"text-align: center;\"><span style=\"color:#ffffff;\"><span style=\"font-size:1.75em;\">\u0420\u0430\u0437\u043e\u043c \u0432\u043e\u043d\u0438 \u0437\u0440\u043e\u0431\u0438\u043b\u0438 \u043c\u0456\u0446\u043d\u0438\u0439 \u0442\u0440\u0438\u0446\u0438\u043a\u043b.<\/span><\/span><\/p>\n"},"subContentId":"593db92d-80ca-4922-a46d-9ed57765478e","metadata":{"contentType":"Text","license":"U","title":"Untitled Text"}},"alwaysDisplayComments":false,"backgroundOpacity":0,"willDoAnimation":false,"animationType":"glow","displayAsButton":false,"buttonSize":"big","goToSlideType":"specified","invisible":false,"solution":""},{"x":47.00255102040816,"y":43.95465994962216,"width":40,"height":40,"action":{"library":"H5P.CRAudio 1.4","params":{"fitToWrapper":true,"currIndex":12,"playerMode":"minimalistic","controls":true,"autoplay":true,"playAudio":"Play audio","pauseAudio":"Pause audio","contentName":"Audio","glowColor":"#ffd85a","timeStampForEachText":[{"text":" \u0420\u0430\u0437\u043e\u043c ","startDuration":"0.0000","endDuration":"0.6906","wordfile":[{"path":"audios\/wordfile-658f49df25861.wav","mime":"audio\/x-wav","copyright":{"license":"U"}}]},{"text":" \u0432\u043e\u043d\u0438 ","startDuration":"0.6916","endDuration":"1.0869","wordfile":[{"path":"audios\/wordfile-658f4a015ebe7.wav","mime":"audio\/x-wav","copyright":{"license":"U"}}]},{"text":" \u0437\u0440\u043e\u0431\u0438\u043b\u0438 ","startDuration":"1.0879","endDuration":"1.6150","wordfile":[{"path":"audios\/wordfile-658f4adbf1333.wav","mime":"audio\/x-wav","copyright":{"license":"U"}}]},{"text":" \u043c\u0456\u0446\u043d\u0438\u0439 ","startDuration":"1.6160","endDuration":"2.2021","wordfile":[{"path":"audios\/wordfile-658f4afdbd8ca.wav","mime":"audio\/x-wav","copyright":{"license":"U"}}]},{"text":" \u0442\u0440\u0438\u0446\u0438\u043a\u043b. ","startDuration":"2.2031","endDuration":"3.2390","wordfile":[{"path":"audios\/wordfile-658f4b1cb4370.wav","mime":"audio\/x-wav","copyright":{"license":"U"}}]}],"files":[{"path":"audios\/files-658f49cc6eeec.wav","mime":"audio\/x-wav","copyright":{"license":"U"}}]},"subContentId":"5a20aece-630d-4439-966c-b9fd703487f2","metadata":{"contentType":"Curious Reader Audio","license":"U","title":"Untitled Curious Reader Audio"}},"backgroundOpacity":0,"willDoAnimation":false,"animationType":"glow","displayAsButton":false,"buttonSize":"big","goToSlideType":"specified","invisible":false},{"x":79.08163265306123,"y":65.4735516372796,"width":15.816326530612246,"height":27.455919395465994,"action":{"library":"H5P.Image 1.1","params":{"contentName":"Image"},"subContentId":"e1a9d987-e440-4ae7-97a9-9c5d2585ca70","metadata":{"contentType":"Image","license":"U","title":"Untitled Image"}},"backgroundOpacity":0,"willDoAnimation":true,"animationType":"glow","displayAsButton":false,"buttonSize":"big","goToSlideType":"specified","invisible":false,"id":"img5a20aece-630d-4439-966c-b9fd703487f2_4"}],"slideBackgroundSelector":{}},{"elements":[{"x":3.2679738562091503,"y":4.301075268817204,"width":39.97821350762527,"height":95.69892473118279,"action":{"library":"H5P.Image 1.1","params":{"contentName":"Image","file":{"path":"images\/file-6582fa801b2bb.jpg","mime":"image\/jpeg","copyright":{"license":"U"},"width":639,"height":687}},"subContentId":"9be5a284-a001-40c0-9a7f-2116761d05e2","metadata":{"contentType":"Image","license":"U","title":"Untitled Image"}},"backgroundOpacity":0,"willDoAnimation":false,"animationType":"glow","displayAsButton":false,"buttonSize":"big","goToSlideType":"specified","invisible":false},{"x":44.642857142857146,"y":36.53954659949623,"width":46.55612244897959,"height":40.050377833753146,"action":{"library":"H5P.CRAdvancedText 1.1","params":{"text":"<p style=\"text-align: center;\"><span style=\"color:#ffffff;\"><span style=\"font-size:1.75em;\">\u0427\u0430\u043a\u0443 \u0457\u0437\u0434\u0438\u0432 \u043d\u0430 \u0441\u0432\u043e\u0454\u043c\u0443 \u0442\u0440\u0438\u0446\u0438\u043a\u043b\u0456 \u043a\u0443\u0434\u0438 \u0437\u0430\u0432\u0433\u043e\u0434\u043d\u043e.<\/span><\/span><\/p>\n"},"subContentId":"936ea689-fca6-4e29-9824-7b531547a589","metadata":{"contentType":"Text","license":"U","title":"Untitled Text"}},"alwaysDisplayComments":false,"backgroundOpacity":0,"willDoAnimation":false,"animationType":"glow","displayAsButton":false,"buttonSize":"big","goToSlideType":"specified","invisible":false,"solution":""},{"x":47.00255102040816,"y":43.95465994962216,"width":40,"height":40,"action":{"library":"H5P.CRAudio 1.4","params":{"fitToWrapper":true,"currIndex":13,"playerMode":"minimalistic","controls":true,"autoplay":true,"playAudio":"Play audio","pauseAudio":"Pause audio","contentName":"Audio","glowColor":"#ffd85a","timeStampForEachText":[{"text":" \u0427\u0430\u043a\u0443 ","startDuration":"0.0000","endDuration":"0.6347","wordfile":[{"path":"audios\/wordfile-658f4b48be649.wav","mime":"audio\/x-wav","copyright":{"license":"U"}}]},{"text":" \u0457\u0437\u0434\u0438\u0432 ","startDuration":"0.6188","endDuration":"1.1180","wordfile":[{"path":"audios\/wordfile-658f4b7c32e6f.wav","mime":"audio\/x-wav","copyright":{"license":"U"}}]},{"text":" \u043d\u0430 ","startDuration":"1.1190","endDuration":"1.3190","wordfile":[{"path":"audios\/wordfile-658f4b92bf414.wav","mime":"audio\/x-wav","copyright":{"license":"U"}}]},{"text":" \u0441\u0432\u043e\u0454\u043c\u0443 ","startDuration":"1.3200","endDuration":"1.8249","wordfile":[{"path":"audios\/wordfile-658f4ba5d4b0a.wav","mime":"audio\/x-wav","copyright":{"license":"U"}}]},{"text":" \u0442\u0440\u0438\u0446\u0438\u043a\u043b\u0456 ","startDuration":"1.8259","endDuration":"2.5904","wordfile":[{"path":"audios\/wordfile-658f4bba1505c.wav","mime":"audio\/x-wav","copyright":{"license":"U"}}]},{"text":" \u043a\u0443\u0434\u0438 ","startDuration":"2.5914","endDuration":"3.2374","wordfile":[{"path":"audios\/wordfile-658f4bce795e1.wav","mime":"audio\/x-wav","copyright":{"license":"U"}}]},{"text":" \u0437\u0430\u0432\u0433\u043e\u0434\u043d\u043e. ","startDuration":"3.2384","endDuration":"4.0425","wordfile":[{"path":"audios\/wordfile-658f4beb5de24.wav","mime":"audio\/x-wav","copyright":{"license":"U"}}]}],"files":[{"path":"audios\/files-658f4b3134045.wav","mime":"audio\/x-wav","copyright":{"license":"U"}}]},"subContentId":"112d071a-ad7b-4eb8-9d04-2f1f75401d27","metadata":{"contentType":"Curious Reader Audio","license":"U","title":"Untitled Curious Reader Audio"}},"backgroundOpacity":0,"willDoAnimation":false,"animationType":"glow","displayAsButton":false,"buttonSize":"big","goToSlideType":"specified","invisible":false},{"x":19.131632653061224,"y":37.75390428211587,"width":21.301020408163264,"height":44.58438287153652,"action":{"library":"H5P.Image 1.1","params":{"contentName":"Image"},"subContentId":"4cea3db6-46cd-4f29-a6e2-50c912c0de79","metadata":{"contentType":"Image","license":"U","title":"Untitled Image"}},"backgroundOpacity":0,"willDoAnimation":true,"animationType":"glow","displayAsButton":false,"buttonSize":"big","goToSlideType":"specified","invisible":false,"id":"img112d071a-ad7b-4eb8-9d04-2f1f75401d27_4"},{"x":19.13265306122449,"y":15.113350125944583,"width":14.923469387755102,"height":40.050377833753146,"action":{"library":"H5P.Image 1.1","params":{"contentName":"Image"},"subContentId":"d5539354-1640-43c6-8faf-0bb771bb5af4","metadata":{"contentType":"Image","license":"U","title":"Untitled Image"}},"backgroundOpacity":0,"willDoAnimation":true,"animationType":"glow","displayAsButton":false,"buttonSize":"big","goToSlideType":"specified","invisible":false,"id":"img112d071a-ad7b-4eb8-9d04-2f1f75401d27_0"}],"slideBackgroundSelector":{}},{"elements":[{"x":3.2679738562091503,"y":2.150537634408602,"width":39.97821350762527,"height":95.69892473118279,"action":{"library":"H5P.Image 1.1","params":{"contentName":"Image","file":{"path":"images\/file-6582fab2e8792.jpg","mime":"image\/jpeg","copyright":{"license":"U"},"width":479,"height":686}},"subContentId":"a5cc3ace-1cb3-4463-a4b8-cf993423732e","metadata":{"contentType":"Image","license":"U","title":"Untitled Image"}},"backgroundOpacity":0,"willDoAnimation":false,"animationType":"glow","displayAsButton":false,"buttonSize":"big","goToSlideType":"specified","invisible":false},{"x":51.19825708061002,"y":32.25806451612903,"width":40,"height":40,"action":{"library":"H5P.CRAdvancedText 1.1","params":{"text":"<p style=\"text-align: center;\"><span style=\"color:#ffffff;\"><span style=\"font-size:1.75em;\">\u0410\u043b\u0435 \u0439\u043e\u0433\u043e \u0443\u043b\u044e\u0431\u043b\u0435\u043d\u0435 \u0431\u0443\u043b\u043e, \u043a\u043e\u043b\u0438 \u0432\u0456\u043d \u0456 \u041b\u0456\u043b\u0430 \u0457\u0437\u0434\u0438\u043b\u0438 \u0440\u0430\u0437\u043e\u043c.<\/span><\/span><\/p>\n"},"subContentId":"d153d157-4df3-43a2-bd6f-b4ff096d12a1","metadata":{"contentType":"Text","license":"U","title":"Untitled Text"}},"alwaysDisplayComments":false,"backgroundOpacity":0,"willDoAnimation":false,"animationType":"glow","displayAsButton":false,"buttonSize":"big","goToSlideType":"specified","invisible":false,"solution":""},{"x":93.11224489795919,"y":2.5188916876574305,"width":40,"height":40,"action":{"library":"H5P.CRAudio 1.4","params":{"fitToWrapper":true,"currIndex":14,"playerMode":"minimalistic","controls":true,"autoplay":true,"playAudio":"Play audio","pauseAudio":"Pause audio","contentName":"Audio","glowColor":"#ffd85a","timeStampForEachText":[{"text":" \u0410\u043b\u0435 ","startDuration":"0.0000","endDuration":"0.4305","wordfile":[{"path":"audios\/wordfile-658f4c1926227.wav","mime":"audio\/x-wav","copyright":{"license":"U"}}]},{"text":" \u0439\u043e\u0433\u043e ","startDuration":"0.4315","endDuration":"0.8958","wordfile":[{"path":"audios\/wordfile-658f4c3910904.wav","mime":"audio\/x-wav","copyright":{"license":"U"}}]},{"text":" \u0443\u043b\u044e\u0431\u043b\u0435\u043d\u0435 ","startDuration":"0.8968","endDuration":"1.6729","wordfile":[{"path":"audios\/wordfile-658f4c51a9403.wav","mime":"audio\/x-wav","copyright":{"license":"U"}}]},{"text":" \u0431\u0443\u043b\u043e, ","startDuration":"1.6739","endDuration":"2.0908","wordfile":[{"path":"audios\/wordfile-658f4c71d1cb3.wav","mime":"audio\/x-wav","copyright":{"license":"U"}}]},{"text":" \u043a\u043e\u043b\u0438 ","startDuration":"2.0918","endDuration":"2.5833","wordfile":[{"path":"audios\/wordfile-658f4c8bed2af.wav","mime":"audio\/x-wav","copyright":{"license":"U"}}]},{"text":" \u0432\u0456\u043d ","startDuration":"2.5843","endDuration":"2.8385","wordfile":[{"path":"audios\/wordfile-658f4dad236f9.wav","mime":"audio\/x-wav","copyright":{"license":"U"}}]},{"text":" \u0456 ","startDuration":"2.8395","endDuration":"3.0734","wordfile":[{"path":"audios\/wordfile-658f4dd426bf3.wav","mime":"audio\/x-wav","copyright":{"license":"U"}}]},{"text":" \u041b\u0456\u043b\u0430 ","startDuration":"3.0744","endDuration":"3.5184","wordfile":[{"path":"audios\/wordfile-658f4f0b8acae.wav","mime":"audio\/x-wav","copyright":{"license":"U"}}]},{"text":" \u0457\u0437\u0434\u0438\u043b\u0438 ","startDuration":"3.5194","endDuration":"4.2820","wordfile":[{"path":"audios\/wordfile-658f4e70c53b4.wav","mime":"audio\/x-wav","copyright":{"license":"U"}}]},{"text":" \u0440\u0430\u0437\u043e\u043c. ","startDuration":"4.2830","endDuration":"4.8829","wordfile":[{"path":"audios\/wordfile-658f4e8d9211e.wav","mime":"audio\/x-wav","copyright":{"license":"U"}}]}],"files":[{"path":"audios\/files-658f4c00ad7c8.wav","mime":"audio\/x-wav","copyright":{"license":"U"}}]},"subContentId":"8d02d37d-7962-42fe-98b3-c280fcedab65","metadata":{"contentType":"Curious Reader Audio","license":"U","title":"Untitled Curious Reader Audio"}},"backgroundOpacity":0,"willDoAnimation":false,"animationType":"glow","displayAsButton":false,"buttonSize":"big","goToSlideType":"specified","invisible":false},{"x":25.510204081632654,"y":25.17317380352645,"width":11.096938775510205,"height":44.58438287153652,"action":{"library":"H5P.Image 1.1","params":{"contentName":"Image"},"subContentId":"c8ba9e8e-2e49-4ede-afe2-799a128955ca","metadata":{"contentType":"Image","license":"U","title":"Untitled Image"}},"backgroundOpacity":0,"willDoAnimation":true,"animationType":"glow","displayAsButton":false,"buttonSize":"big","goToSlideType":"specified","invisible":false,"id":"img8d02d37d-7962-42fe-98b3-c280fcedab65_5"},{"x":11.479591836734695,"y":17.632241813602015,"width":14.923469387755102,"height":49.622166246851386,"action":{"library":"H5P.Image 1.1","params":{"contentName":"Image"},"subContentId":"a48283d1-3139-4958-a841-3db450ae2902","metadata":{"contentType":"Image","license":"U","title":"Untitled Image"}},"backgroundOpacity":0,"willDoAnimation":true,"animationType":"glow","displayAsButton":false,"buttonSize":"big","goToSlideType":"specified","invisible":false,"id":"img8d02d37d-7962-42fe-98b3-c280fcedab65_7"}],"slideBackgroundSelector":{}},{"elements":[{"x":5.446623093681917,"y":6.451612903225806,"width":19.607843137254903,"height":19.569892473118276,"action":{"library":"H5P.Image 1.1","params":{"contentName":"Image","file":{"path":"images\/file-6582faf97f388.png","mime":"image\/png","copyright":{"license":"U"},"width":1350,"height":487}},"subContentId":"adef2565-9d0b-433d-8139-92e610ba9372","metadata":{"contentType":"Image","license":"U","title":"Untitled Image"}},"backgroundOpacity":0,"willDoAnimation":false,"animationType":"glow","displayAsButton":false,"buttonSize":"big","goToSlideType":"specified","invisible":false},{"x":29.411764705882355,"y":6.4415268817204305,"width":19.607843137254903,"height":19.569892473118276,"action":{"library":"H5P.Image 1.1","params":{"contentName":"Image","file":{"path":"images\/file-6582fb0bd1481.png","mime":"image\/png","copyright":{"license":"U"},"width":814,"height":202}},"subContentId":"abaea07c-8ccf-4f94-9c73-5c3fad74e8b6","metadata":{"contentType":"Image","license":"U","title":"Untitled Image"}},"backgroundOpacity":0,"willDoAnimation":false,"animationType":"glow","displayAsButton":false,"buttonSize":"big","goToSlideType":"specified","invisible":false},{"x":53.37690631808279,"y":8.602150537634408,"width":39.97821350762527,"height":15.053763440860214,"action":{"library":"H5P.Image 1.1","params":{"contentName":"Image","file":{"path":"images\/file-6582fb223475c.jpg","mime":"image\/jpeg","copyright":{"license":"U"},"width":1732,"height":354}},"subContentId":"1e6de0e9-af4d-4212-be76-2db4139d5fc6","metadata":{"contentType":"Image","license":"U","title":"Untitled Image"}},"backgroundOpacity":0,"willDoAnimation":false,"animationType":"glow","displayAsButton":false,"buttonSize":"big","goToSlideType":"specified","invisible":false},{"x":4.357298474945534,"y":32.239569892473114,"width":93.68191721132898,"height":64.51612903225806,"action":{"library":"H5P.CRAdvancedText 1.1","params":{"text":"<h3 style=\"text-align: center;\">\u201c\u0412\u0435\u043b\u043e\u0441\u0438\u043f\u0435\u0434 \u0427\u0430\u043a\u0443\u201d credits<br>\nThis work, \u201c\u0412\u0435\u043b\u043e\u0441\u0438\u043f\u0435\u0434 \u0427\u0430\u043a\u0443 \u201c is a derivative of Chaku's Cycleis translated byAlisha Berger. The \u00a9 for this translation lies with Room to Read, 2016. Some rights reserved. Released under CC BY 4.0 license.Based on Original story:'Baiskeli ya Chaku', byUpendo Maria. \u00a9 Room to Read , 2016. Some rights reserved.<\/h3>\n\n<h3 style=\"text-align: center;\">\u201c\u0412\u0435\u043b\u043e\u0441\u0438\u043f\u0435\u0434 \u0427\u0430\u043a\u0443\u201d is licensed under CC BY 4.0 by Curious Learning.<\/h3>\n\n<h3 style=\"text-align: center;\">Book builder - Abraham Jerry Kakooza<\/h3>\n"},"subContentId":"73649e64-c7ea-491d-8d78-f2ad67dcfe51","metadata":{"contentType":"Text","license":"U","title":"Untitled Text"}},"alwaysDisplayComments":false,"backgroundOpacity":0,"willDoAnimation":false,"animationType":"glow","displayAsButton":false,"buttonSize":"big","goToSlideType":"specified","invisible":false,"solution":""}],"slideBackgroundSelector":{}}],"keywordListEnabled":true,"globalBackgroundSelector":{},"keywordListAlwaysShow":false,"keywordListAutoHide":false,"keywordListOpacity":90},"override":{"activeSurface":false,"hideSummarySlide":false,"summarySlideSolutionButton":true,"summarySlideRetryButton":true,"enablePrintButton":false,"social":{"showFacebookShare":false,"facebookShare":{"url":"@currentpageurl","quote":"I scored @score out of @maxScore on a task at @currentpageurl."},"showTwitterShare":false,"twitterShare":{"statement":"I scored @score out of @maxScore on a task at @currentpageurl.","url":"@currentpageurl","hashtags":"h5p, course"},"showGoogleShare":false,"googleShareUrl":"@currentpageurl"}},"l10n":{"slide":"Slide","score":"Score","yourScore":"Your Score","maxScore":"Max Score","total":"Total","totalScore":"Total Score","showSolutions":"Show solutions","retry":"Retry","exportAnswers":"Export text","hideKeywords":"Hide sidebar navigation menu","showKeywords":"Show sidebar navigation menu","fullscreen":"Fullscreen","exitFullscreen":"Exit fullscreen","prevSlide":"Previous slide","nextSlide":"Next slide","currentSlide":"Current slide","lastSlide":"Last slide","solutionModeTitle":"Exit solution mode","solutionModeText":"Solution Mode","summaryMultipleTaskText":"Multiple tasks","scoreMessage":"You achieved:","shareFacebook":"Share on Facebook","shareTwitter":"Share on Twitter","shareGoogle":"Share on Google+","summary":"Summary","solutionsButtonTitle":"Show comments","printTitle":"Print","printIngress":"How would you like to print this presentation?","printAllSlides":"Print all slides","printCurrentSlide":"Print current slide","noTitle":"No title","accessibilitySlideNavigationExplanation":"Use left and right arrow to change slide in that direction whenever canvas is selected.","accessibilityCanvasLabel":"Presentation canvas. Use left and right arrow to move between slides.","containsNotCompleted":"@slideName contains not completed interaction","containsCompleted":"@slideName contains completed interaction","slideCount":"Slide @index of @total","containsOnlyCorrect":"@slideName only has correct answers","containsIncorrectAnswers":"@slideName has incorrect answers","shareResult":"Share Result","accessibilityTotalScore":"You got @score of @maxScore points in total","accessibilityEnteredFullscreen":"Entered fullscreen","accessibilityExitedFullscreen":"Exited fullscreen"}}