{"presentation":{"slides":[{"elements":[{"x":31.590413943355,"y":0,"width":33.769063180828,"height":59.94698042321,"action":{"library":"H5P.Image 1.1","params":{"contentName":"Image","file":{"path":"images\/file-618eec172dba8.jpg","mime":"image\/jpeg","copyright":{"license":"U"},"width":273,"height":273}},"subContentId":"3cf34d7e-b046-45e2-a35f-e748b079a1ab","metadata":{"contentType":"Image","license":"U","title":"Untitled Image"}},"backgroundOpacity":0,"willDoAnimation":false,"animationType":"glow","displayAsButton":false,"buttonSize":"big","goToSlideType":"specified","invisible":false},{"x":24.23469387755102,"y":62.34836272040302,"width":53.316326530612244,"height":15.113350125944583,"action":{"library":"H5P.CRAdvancedText 1.1","params":{"text":"<h2 style=\"text-align: center;\"><span style=\"font-size:2.25em;\">\u0938\u093e\u0925\u0940\u0939\u0930\u0942<\/span><\/h2>\n"},"subContentId":"02072a1d-971b-4c03-b488-6f58032a6323","metadata":{"contentType":"Text","license":"U","title":"Untitled Text"}},"alwaysDisplayComments":false,"backgroundOpacity":0,"willDoAnimation":false,"animationType":"glow","displayAsButton":false,"buttonSize":"big","goToSlideType":"specified","invisible":false,"solution":""}],"slideBackgroundSelector":{}},{"slideBackgroundSelector":{},"elements":[{"x":29.956427015251,"y":6.0249519079732,"width":39.998692810458,"height":63.692348741431,"action":{"library":"H5P.Image 1.1","params":{"contentName":"Image","file":{"path":"images\/file-618eefbd78740.jpg","mime":"image\/jpeg","copyright":{"license":"U"},"width":273,"height":273}},"subContentId":"b3bc7de6-aa5a-4c41-8a52-929eaeba6770","metadata":{"contentType":"Image","license":"U","title":"Untitled Image"}},"backgroundOpacity":0,"willDoAnimation":false,"animationType":"glow","displayAsButton":false,"buttonSize":"big","goToSlideType":"specified","invisible":false},{"x":15.306122448979592,"y":75.56675062972292,"width":67.7295918367347,"height":16.120906801007557,"action":{"library":"H5P.CRAdvancedText 1.1","params":{"text":"<p dir=\"ltr\" style=\"text-align: center;\"><span style=\"color:#ffffff;\"><strong><span style=\"font-size:2.25em;\">&nbsp;\u092e\u0947\u0930\u094b \u0928\u093e\u092e \u0938\u093f\u092e\u094b \u0939\u094b\u0964<\/span><\/strong><\/span><\/p>\n"},"subContentId":"66ad11c1-9362-4aba-8747-aa722a3e941d","metadata":{"contentType":"Text","license":"U","title":"Untitled Text"}},"alwaysDisplayComments":false,"backgroundOpacity":0,"willDoAnimation":false,"animationType":"glow","displayAsButton":false,"buttonSize":"big","goToSlideType":"specified","invisible":false,"solution":""},{"x":47.00255102040816,"y":43.95465994962216,"width":40,"height":40,"action":{"library":"H5P.CRAudio 1.4","params":{"fitToWrapper":true,"currIndex":1,"playerMode":"minimalistic","controls":true,"autoplay":true,"playAudio":"Play audio","pauseAudio":"Pause audio","contentName":"Audio","glowColor":"#ffd85a","timeStampForEachText":[{"text":" \u00a0\u092e\u0947\u0930\u094b ","startDuration":"0.0000","endDuration":"0.6239","wordfile":[{"path":"audios\/wordfile-65e2393fb91ce.wav","mime":"audio\/x-wav","copyright":{"license":"U"}}]},{"text":" \u0928\u093e\u092e ","startDuration":"0.6249","endDuration":"1.2294","wordfile":[{"path":"audios\/wordfile-65e239523aa27.wav","mime":"audio\/x-wav","copyright":{"license":"U"}}]},{"text":" \u0938\u093f\u092e\u094b ","startDuration":"1.2304","endDuration":"1.9934","wordfile":[{"path":"audios\/wordfile-66070aea8d842.wav","mime":"audio\/x-wav","copyright":{"license":"U"}}]},{"text":" \u0939\u094b\u0964 ","startDuration":"1.9944","endDuration":"2.4009","wordfile":[{"path":"audios\/wordfile-65e239785bc4d.wav","mime":"audio\/x-wav","copyright":{"license":"U"}}]}],"files":[{"path":"audios\/files-65e23929767f0.wav","mime":"audio\/x-wav","copyright":{"license":"U"}}]},"subContentId":"3fd55f6f-2c2b-4514-a0b3-cfb6211287d9","metadata":{"contentType":"Curious Reader Audio","license":"U","title":"Untitled Curious Reader Audio"}},"backgroundOpacity":0,"willDoAnimation":false,"animationType":"glow","displayAsButton":false,"buttonSize":"big","goToSlideType":"specified","invisible":false},{"x":40.816326530612244,"y":10.067707808564231,"width":16.198979591836736,"height":57.178841309823675,"action":{"library":"H5P.Image 1.1","params":{"contentName":"Image"},"subContentId":"b0991fa6-1229-44ca-8a21-50a8bb050fa9","metadata":{"contentType":"Image","license":"U","title":"Untitled Image"}},"backgroundOpacity":0,"willDoAnimation":true,"animationType":"glow","displayAsButton":false,"buttonSize":"big","goToSlideType":"specified","invisible":false,"id":"img3fd55f6f-2c2b-4514-a0b3-cfb6211287d9_2"}]},{"elements":[{"x":29.95561224489796,"y":6.019748110831234,"width":40.05102040816327,"height":73.04785894206549,"action":{"library":"H5P.Image 1.1","params":{"contentName":"Image","file":{"path":"images\/file-618eaa5be44fc.jpg","mime":"image\/jpeg","copyright":{"license":"U"},"width":273,"height":273},"alt":"Nginabangane abane.","title":"Nginabangane abane."},"subContentId":"ae66385b-0d27-4457-be23-9484bf4339ff","metadata":{"contentType":"Image","license":"U","title":"Untitled Image"}},"backgroundOpacity":0,"willDoAnimation":false,"animationType":"glow","displayAsButton":false,"buttonSize":"big","goToSlideType":"specified","invisible":false},{"x":10.204081632653061,"y":78.0639798488665,"width":72.70408163265306,"height":17.632241813602015,"action":{"library":"H5P.CRAdvancedText 1.1","params":{"text":"<p dir=\"ltr\" style=\"text-align: center;\"><span style=\"color:#ffffff;\"><span style=\"font-size:2.25em;\">\u092e\u0947\u0930\u093e \u091a\u093e\u0930\u091c\u0928\u093e \u0938\u093e\u0925\u0940 \u091b\u0928\u094d \u0964<\/span><\/span><\/p>\n"},"subContentId":"57938d29-84fc-44ea-9e87-80ef0111d353","metadata":{"contentType":"Text","license":"U","title":"Untitled Text"}},"alwaysDisplayComments":false,"backgroundOpacity":0,"willDoAnimation":false,"animationType":"glow","displayAsButton":false,"buttonSize":"big","goToSlideType":"specified","invisible":false,"solution":""},{"x":47.00255102040816,"y":43.95465994962216,"width":40,"height":40,"action":{"library":"H5P.CRAudio 1.4","params":{"fitToWrapper":true,"currIndex":2,"playerMode":"minimalistic","controls":true,"autoplay":true,"playAudio":"Play audio","pauseAudio":"Pause audio","contentName":"Audio","glowColor":"#ffd85a","timeStampForEachText":[{"text":" \u092e\u0947\u0930\u093e ","startDuration":"0.0000","endDuration":"0.6019","wordfile":[{"path":"audios\/wordfile-66070b308a5d4.wav","mime":"audio\/x-wav","copyright":{"license":"U"}}]},{"text":" \u091a\u093e\u0930\u091c\u0928\u093e ","startDuration":"0.6029","endDuration":"1.4833","wordfile":[{"path":"audios\/wordfile-65e23a1083e7c.wav","mime":"audio\/x-wav","copyright":{"license":"U"}}]},{"text":" \u0938\u093e\u0925\u0940 ","startDuration":"1.4843","endDuration":"2.1320","wordfile":[{"path":"audios\/wordfile-65e23a2851087.wav","mime":"audio\/x-wav","copyright":{"license":"U"}}]},{"text":" \u091b\u0928\u094d \u0964 ","startDuration":"2.1330","endDuration":"2.6160","wordfile":[{"path":"audios\/wordfile-65e23a3f7ecf4.wav","mime":"audio\/x-wav","copyright":{"license":"U"}}]}],"files":[{"path":"audios\/files-65e239b3bfc3d.wav","mime":"audio\/x-wav","copyright":{"license":"U"}}]},"subContentId":"c52589c3-4973-473f-8ba4-c1cc6a64d955","metadata":{"contentType":"Curious Reader Audio","license":"U","title":"Untitled Curious Reader Audio"}},"backgroundOpacity":0,"willDoAnimation":false,"animationType":"glow","displayAsButton":false,"buttonSize":"big","goToSlideType":"specified","invisible":false},{"x":29.336734693877553,"y":7.552745591939547,"width":18.75,"height":64.73551637279597,"action":{"library":"H5P.Image 1.1","params":{"contentName":"Image"},"subContentId":"f9afb481-7b4d-4fc4-b014-54af96bb1148","metadata":{"contentType":"Image","license":"U","title":"Untitled Image"}},"backgroundOpacity":0,"willDoAnimation":true,"animationType":"glow","displayAsButton":false,"buttonSize":"big","goToSlideType":"specified","invisible":false,"id":"imgc52589c3-4973-473f-8ba4-c1cc6a64d955_2"},{"x":53.57142857142857,"y":7.552745591939547,"width":16.45408163265306,"height":69.77329974811083,"action":{"library":"H5P.Image 1.1","params":{"contentName":"Image"},"subContentId":"01cf78f7-79a8-4b23-8813-dd37c525ed85","metadata":{"contentType":"Image","license":"U","title":"Untitled Image"}},"backgroundOpacity":0,"willDoAnimation":true,"animationType":"glow","displayAsButton":false,"buttonSize":"big","goToSlideType":"specified","invisible":false,"id":"imgc52589c3-4973-473f-8ba4-c1cc6a64d955_2"},{"x":29.97448979591837,"y":7.552745591939547,"width":18.75,"height":64.73551637279597,"action":{"library":"H5P.Image 1.1","params":{"contentName":"Image"},"subContentId":"9ad60c43-cb9d-43c7-8abf-a15c179695ac","metadata":{"contentType":"Image","license":"U","title":"Untitled Image"}},"backgroundOpacity":0,"willDoAnimation":true,"animationType":"glow","displayAsButton":false,"buttonSize":"big","goToSlideType":"specified","invisible":false,"id":"imgc52589c3-4973-473f-8ba4-c1cc6a64d955_1"},{"x":53.57142857142857,"y":7.550780856423174,"width":16.45408163265306,"height":67.2544080604534,"action":{"library":"H5P.Image 1.1","params":{"contentName":"Image"},"subContentId":"14c614d0-55aa-431e-81ea-3a81232c3abd","metadata":{"contentType":"Image","license":"U","title":"Untitled Image"}},"backgroundOpacity":0,"willDoAnimation":true,"animationType":"glow","displayAsButton":false,"buttonSize":"big","goToSlideType":"specified","invisible":false,"id":"imgc52589c3-4973-473f-8ba4-c1cc6a64d955_1"}],"slideBackgroundSelector":{}},{"elements":[{"x":46.84095860566449,"y":15.053763440860214,"width":39.998148148148,"height":70.107027346691,"action":{"library":"H5P.Image 1.1","params":{"contentName":"Image","file":{"path":"images\/file-618eaaf72c1e1.jpg","mime":"image\/jpeg","copyright":{"license":"U"},"width":273,"height":273},"alt":"Amagama abo nguZizo, Lele, Sisa kanye no-Ayanda.","title":"Amagama abo nguZizo, Lele, Sisa kanye no-Ayanda."},"subContentId":"452a3227-be2b-4299-a321-0e2a44729e66","metadata":{"contentType":"Image","license":"U","title":"Untitled Image"}},"backgroundOpacity":0,"willDoAnimation":false,"animationType":"glow","displayAsButton":false,"buttonSize":"big","goToSlideType":"specified","invisible":false},{"x":3.2679738562091503,"y":27.956989247311824,"width":40.30612244897959,"height":52.896725440806044,"action":{"library":"H5P.CRAdvancedText 1.1","params":{"text":"<p dir=\"ltr\" style=\"text-align: center;\"><span style=\"color:#ffffff;\"><span style=\"font-size:2.25em;\">\u0924\u093f\u0928\u0940\u0939\u0930\u0942\u0915\u094b \u0928\u093e\u092e \u091c\u093f\u091c\u094b, \u0932\u0947\u0932\u0947, \u0938\u093f\u0938\u093e \u0930 \u0906\u092f\u0928\u094d\u0926\u093e \u0939\u094b\u0964<\/span><\/span><\/p>\n"},"subContentId":"90b9ee88-704b-4089-94e8-b4c6f859df47","metadata":{"contentType":"Text","license":"U","title":"Untitled Text"}},"alwaysDisplayComments":false,"backgroundOpacity":0,"willDoAnimation":false,"animationType":"glow","displayAsButton":false,"buttonSize":"big","goToSlideType":"specified","invisible":false,"solution":""},{"x":47.00255102040816,"y":43.95465994962216,"width":40,"height":40,"action":{"library":"H5P.CRAudio 1.4","params":{"fitToWrapper":true,"currIndex":3,"playerMode":"minimalistic","controls":true,"autoplay":true,"playAudio":"Play audio","pauseAudio":"Pause audio","contentName":"Audio","glowColor":"#ffd85a","timeStampForEachText":[{"text":" \u0924\u093f\u0928\u0940\u0939\u0930\u0942\u0915\u094b ","startDuration":"0.0000","endDuration":"1.0727","wordfile":[{"path":"audios\/wordfile-65e23a6eb59fc.wav","mime":"audio\/x-wav","copyright":{"license":"U"}}]},{"text":" \u0928\u093e\u092e ","startDuration":"1.0737","endDuration":"1.6740","wordfile":[{"path":"audios\/wordfile-65e23a855106c.wav","mime":"audio\/x-wav","copyright":{"license":"U"}}]},{"text":" \u091c\u093f\u091c\u094b, ","startDuration":"1.6750","endDuration":"2.4515","wordfile":[{"path":"audios\/wordfile-66070b80aa3ef.wav","mime":"audio\/x-wav","copyright":{"license":"U"}}]},{"text":" \u0932\u0947\u0932\u0947, ","startDuration":"2.4525","endDuration":"3.1889","wordfile":[{"path":"audios\/wordfile-66070b9b4c20d.wav","mime":"audio\/x-wav","copyright":{"license":"U"}}]},{"text":" \u0938\u093f\u0938\u093e ","startDuration":"3.1899","endDuration":"4.0545","wordfile":[{"path":"audios\/wordfile-66070bb5d8d1f.wav","mime":"audio\/x-wav","copyright":{"license":"U"}}]},{"text":" \u0930 ","startDuration":"4.0555","endDuration":"4.6158","wordfile":[{"path":"audios\/wordfile-65e23ad4859e2.wav","mime":"audio\/x-wav","copyright":{"license":"U"}}]},{"text":" \u0906\u092f\u0928\u094d\u0926\u093e ","startDuration":"4.6168","endDuration":"5.4013","wordfile":[{"path":"audios\/wordfile-65e23af0e57fb.wav","mime":"audio\/x-wav","copyright":{"license":"U"}}]},{"text":" \u0939\u094b\u0964 ","startDuration":"5.4023","endDuration":"5.9410","wordfile":[{"path":"audios\/wordfile-65e23b05886c7.wav","mime":"audio\/x-wav","copyright":{"license":"U"}}]}],"files":[{"path":"audios\/files-65e23a5e42875.wav","mime":"audio\/x-wav","copyright":{"license":"U"}}]},"subContentId":"4356bd3e-194f-4383-b5c6-d1e818c7b7d6","metadata":{"contentType":"Curious Reader Audio","license":"U","title":"Untitled Curious Reader Audio"}},"backgroundOpacity":0,"willDoAnimation":false,"animationType":"glow","displayAsButton":false,"buttonSize":"big","goToSlideType":"specified","invisible":false},{"x":45.91836734693878,"y":20.12750629722922,"width":12.372448979591837,"height":29.471032745591938,"action":{"library":"H5P.Image 1.1","params":{"contentName":"Image"},"subContentId":"525963ec-6782-40a4-a95b-b7109c6bac3f","metadata":{"contentType":"Image","license":"U","title":"Untitled Image"}},"backgroundOpacity":0,"willDoAnimation":true,"animationType":"glow","displayAsButton":false,"buttonSize":"big","goToSlideType":"specified","invisible":false,"id":"img4356bd3e-194f-4383-b5c6-d1e818c7b7d6_2"},{"x":57.39795918367348,"y":27.692191435768265,"width":7.270408163265306,"height":16.876574307304786,"action":{"library":"H5P.Image 1.1","params":{"contentName":"Image"},"subContentId":"f58680af-53cc-4ce3-b381-19e45bd230ac","metadata":{"contentType":"Image","license":"U","title":"Untitled Image"}},"backgroundOpacity":0,"willDoAnimation":true,"animationType":"glow","displayAsButton":false,"buttonSize":"big","goToSlideType":"specified","invisible":false,"id":"img4356bd3e-194f-4383-b5c6-d1e818c7b7d6_3"},{"x":79.08163265306123,"y":25.17317380352645,"width":8.801020408163266,"height":21.914357682619645,"action":{"library":"H5P.Image 1.1","params":{"contentName":"Image"},"subContentId":"10c54e46-4be4-471a-abdb-468b70b49d4a","metadata":{"contentType":"Image","license":"U","title":"Untitled Image"}},"backgroundOpacity":0,"willDoAnimation":true,"animationType":"glow","displayAsButton":false,"buttonSize":"big","goToSlideType":"specified","invisible":false,"id":"img4356bd3e-194f-4383-b5c6-d1e818c7b7d6_4"},{"x":71.42857142857143,"y":30.21108312342569,"width":8.545918367346939,"height":21.914357682619645,"action":{"library":"H5P.Image 1.1","params":{"contentName":"Image"},"subContentId":"afb6d251-11b0-499e-b39c-cbb7181eb2a8","metadata":{"contentType":"Image","license":"U","title":"Untitled Image"}},"backgroundOpacity":0,"willDoAnimation":true,"animationType":"glow","displayAsButton":false,"buttonSize":"big","goToSlideType":"specified","invisible":false,"id":"img4356bd3e-194f-4383-b5c6-d1e818c7b7d6_6"}],"slideBackgroundSelector":{}},{"elements":[{"x":4.6296296296296,"y":12.193374729841,"width":41.666666666667,"height":73.160248379043,"action":{"library":"H5P.Image 1.1","params":{"contentName":"Image","alt":"Umngani wami uZizo uthanda ukudlala ibhola.","file":{"path":"images\/file-618ead11f0668.jpg","mime":"image\/jpeg","copyright":{"license":"U"},"width":273,"height":273},"title":"Umngani wami uZizo uthanda ukudlala ibhola."},"subContentId":"6393f6bc-06c5-422b-b91a-1b61280a82f6","metadata":{"contentType":"Image","license":"U","title":"Untitled Image"}},"backgroundOpacity":0,"willDoAnimation":false,"animationType":"glow","displayAsButton":false,"buttonSize":"big","goToSlideType":"specified","invisible":false},{"x":49.744897959183675,"y":30.21889168765743,"width":43.62244897959184,"height":53.40050377833753,"action":{"library":"H5P.CRAdvancedText 1.1","params":{"text":"<p dir=\"ltr\" style=\"text-align: center;\"><span style=\"color:#ffffff;\"><span style=\"font-size:2.25em;\">\u092e\u0947\u0930\u094b \u0938\u093e\u0925\u0940 \u091c\u093f\u091c\u094b\u0932\u093e\u0908 \u092b\u0941\u091f\u092c\u0932 \u0916\u0947\u0932\u094d\u0928 \u092e\u0928\u092a\u0930\u094d\u091b\u0964<\/span><\/span><\/p>\n"},"subContentId":"f5e3c72c-0ff5-4ef5-82f5-10340deebea8","metadata":{"contentType":"Text","license":"U","title":"Untitled Text"}},"alwaysDisplayComments":false,"backgroundOpacity":0,"willDoAnimation":false,"animationType":"glow","displayAsButton":false,"buttonSize":"big","goToSlideType":"specified","invisible":false,"solution":""},{"x":47.00255102040816,"y":43.95465994962216,"width":40,"height":40,"action":{"library":"H5P.CRAudio 1.4","params":{"fitToWrapper":true,"currIndex":4,"playerMode":"minimalistic","controls":true,"autoplay":true,"playAudio":"Play audio","pauseAudio":"Pause audio","contentName":"Audio","glowColor":"#ffd85a","timeStampForEachText":[{"text":" \u092e\u0947\u0930\u094b ","startDuration":"0.0000","endDuration":"0.6487","wordfile":[{"path":"audios\/wordfile-65e23b374daef.wav","mime":"audio\/x-wav","copyright":{"license":"U"}}]},{"text":" \u0938\u093e\u0925\u0940 ","startDuration":"0.6497","endDuration":"1.3922","wordfile":[{"path":"audios\/wordfile-65e23b4a63219.wav","mime":"audio\/x-wav","copyright":{"license":"U"}}]},{"text":" \u091c\u093f\u091c\u094b\u0932\u093e\u0908 ","startDuration":"1.3932","endDuration":"2.4170","wordfile":[{"path":"audios\/wordfile-65e23b5feed89.wav","mime":"audio\/x-wav","copyright":{"license":"U"}}]},{"text":" \u092b\u0941\u091f\u092c\u0932 ","startDuration":"2.4180","endDuration":"3.1873","wordfile":[{"path":"audios\/wordfile-65e23b7643bf7.wav","mime":"audio\/x-wav","copyright":{"license":"U"}}]},{"text":" \u0916\u0947\u0932\u094d\u0928 ","startDuration":"3.1883","endDuration":"3.8839","wordfile":[{"path":"audios\/wordfile-65e23b8982da7.wav","mime":"audio\/x-wav","copyright":{"license":"U"}}]},{"text":" \u092e\u0928\u092a\u0930\u094d\u091b\u0964 ","startDuration":"3.8849","endDuration":"4.9694","wordfile":[{"path":"audios\/wordfile-65e23b9e7216f.wav","mime":"audio\/x-wav","copyright":{"license":"U"}}]}],"files":[{"path":"audios\/files-65e23b21c5f12.wav","mime":"audio\/x-wav","copyright":{"license":"U"}}]},"subContentId":"87e3e7d6-1226-4144-97ff-36320b40fa15","metadata":{"contentType":"Curious Reader Audio","license":"U","title":"Untitled Curious Reader Audio"}},"backgroundOpacity":0,"willDoAnimation":false,"animationType":"glow","displayAsButton":false,"buttonSize":"big","goToSlideType":"specified","invisible":false},{"x":12.755102040816327,"y":15.105491183879094,"width":21.301020408163264,"height":62.216624685138534,"action":{"library":"H5P.Image 1.1","params":{"contentName":"Image"},"subContentId":"99f3c7c7-793b-4bed-a385-b60b790ca4cb","metadata":{"contentType":"Image","license":"U","title":"Untitled Image"}},"backgroundOpacity":0,"willDoAnimation":true,"animationType":"glow","displayAsButton":false,"buttonSize":"big","goToSlideType":"specified","invisible":false,"id":"img87e3e7d6-1226-4144-97ff-36320b40fa15_2"},{"x":26.785714285714285,"y":57.88715365239295,"width":9.821428571428571,"height":21.914357682619645,"action":{"library":"H5P.Image 1.1","params":{"contentName":"Image"},"subContentId":"59b9519a-c646-414b-8240-f313f94ec9bc","metadata":{"contentType":"Image","license":"U","title":"Untitled Image"}},"backgroundOpacity":0,"willDoAnimation":true,"animationType":"glow","displayAsButton":false,"buttonSize":"big","goToSlideType":"specified","invisible":false,"id":"img87e3e7d6-1226-4144-97ff-36320b40fa15_3"}],"slideBackgroundSelector":{}},{"elements":[{"x":3.826530612244898,"y":32.7455919395466,"width":45.79081632653061,"height":42.82115869017632,"action":{"library":"H5P.CRAdvancedText 1.1","params":{"text":"<p dir=\"ltr\" style=\"text-align: center;\"><span style=\"color:#ffffff;\"><span style=\"font-size:2.25em;\">\u092e\u0947\u0930\u094b \u0938\u093e\u0925\u0940 \u0932\u0947\u0932\u0947\u0932\u093e\u0908 \u092a\u094c\u0921\u0940 \u0916\u0947\u0932\u094d\u0928 \u092e\u0928\u092a\u0930\u094d\u091b\u0964<\/span><\/span><\/p>\n"},"subContentId":"76183659-b7f0-413b-b61c-7c61946a9942","metadata":{"contentType":"Text","license":"U","title":"Untitled Text"}},"alwaysDisplayComments":false,"backgroundOpacity":0,"willDoAnimation":false,"animationType":"glow","displayAsButton":false,"buttonSize":"big","goToSlideType":"specified","invisible":false,"solution":""},{"x":49.76851851851851,"y":13.698630136986301,"width":39.998148148148,"height":70.102454831167,"action":{"library":"H5P.Image 1.1","params":{"contentName":"Image","file":{"path":"images\/file-618eb063ee94e.jpg","mime":"image\/jpeg","copyright":{"license":"U"},"width":273,"height":273},"alt":"Umngane wami uLele uthanda ukubhukuda.","title":"Umngane wami uLele uthanda ukubhukuda."},"subContentId":"0dc3e4cb-95ea-49b2-b066-22ceb74a7599","metadata":{"contentType":"Image","license":"U","title":"Untitled Image"}},"backgroundOpacity":0,"willDoAnimation":false,"animationType":"glow","displayAsButton":false,"buttonSize":"big","goToSlideType":"specified","invisible":false},{"x":47.00255102040816,"y":43.95465994962216,"width":40,"height":40,"action":{"library":"H5P.CRAudio 1.4","params":{"fitToWrapper":true,"currIndex":5,"playerMode":"minimalistic","controls":true,"autoplay":true,"playAudio":"Play audio","pauseAudio":"Pause audio","contentName":"Audio","glowColor":"#ffd85a","timeStampForEachText":[{"text":" \u092e\u0947\u0930\u094b ","startDuration":"0.0000","endDuration":"0.6778","wordfile":[{"path":"audios\/wordfile-65e23bcac27eb.wav","mime":"audio\/x-wav","copyright":{"license":"U"}}]},{"text":" \u0938\u093e\u0925\u0940 ","startDuration":"0.6788","endDuration":"1.4727","wordfile":[{"path":"audios\/wordfile-65e23bdfddf14.wav","mime":"audio\/x-wav","copyright":{"license":"U"}}]},{"text":" \u0932\u0947\u0932\u0947\u0932\u093e\u0908 ","startDuration":"1.4737","endDuration":"2.5133","wordfile":[{"path":"audios\/wordfile-65e23bf172d9e.wav","mime":"audio\/x-wav","copyright":{"license":"U"}}]},{"text":" \u092a\u094c\u0921\u0940 ","startDuration":"2.5143","endDuration":"3.3082","wordfile":[{"path":"audios\/wordfile-65e23c085a7d7.wav","mime":"audio\/x-wav","copyright":{"license":"U"}}]},{"text":" \u0916\u0947\u0932\u094d\u0928 ","startDuration":"3.3092","endDuration":"3.9666","wordfile":[{"path":"audios\/wordfile-65e23c19ef4a6.wav","mime":"audio\/x-wav","copyright":{"license":"U"}}]},{"text":" \u092e\u0928\u092a\u0930\u094d\u091b\u0964 ","startDuration":"3.9676","endDuration":"5.0650","wordfile":[{"path":"audios\/wordfile-65e23c2ee6577.wav","mime":"audio\/x-wav","copyright":{"license":"U"}}]}],"files":[{"path":"audios\/files-65e23bb87024c.wav","mime":"audio\/x-wav","copyright":{"license":"U"}}]},"subContentId":"35d4aa87-dce9-4b31-8648-a79b51538e5f","metadata":{"contentType":"Curious Reader Audio","license":"U","title":"Untitled Curious Reader Audio"}},"backgroundOpacity":0,"willDoAnimation":false,"animationType":"glow","displayAsButton":false,"buttonSize":"big","goToSlideType":"specified","invisible":false},{"x":54.8469387755102,"y":42.79748110831235,"width":21.301020408163264,"height":24.43324937027708,"action":{"library":"H5P.Image 1.1","params":{"contentName":"Image"},"subContentId":"8f9aef25-49ee-486c-87f6-35dc9a6c3031","metadata":{"contentType":"Image","license":"U","title":"Untitled Image"}},"backgroundOpacity":0,"willDoAnimation":true,"animationType":"glow","displayAsButton":false,"buttonSize":"big","goToSlideType":"specified","invisible":false,"id":"img35d4aa87-dce9-4b31-8648-a79b51538e5f_2"},{"x":51.02040816326531,"y":40.26675062972293,"width":28.95408163265306,"height":26.952141057934508,"action":{"library":"H5P.Image 1.1","params":{"contentName":"Image"},"subContentId":"691482ad-c241-4d6a-a883-eec6c297c8bc","metadata":{"contentType":"Image","license":"U","title":"Untitled Image"}},"backgroundOpacity":0,"willDoAnimation":true,"animationType":"glow","displayAsButton":false,"buttonSize":"big","goToSlideType":"specified","invisible":false,"id":"img35d4aa87-dce9-4b31-8648-a79b51538e5f_3"}],"slideBackgroundSelector":{}},{"elements":[{"x":51.19825708061002,"y":15.053763440860214,"width":40.305010893246,"height":73.926590264538,"action":{"library":"H5P.Image 1.1","params":{"contentName":"Image","file":{"path":"images\/file-618ecc59ee8f9.jpg","mime":"image\/jpeg","copyright":{"license":"U"},"width":273,"height":273},"alt":"Umngane wami uSisa uthanda ukudlala umacashelana.","title":"Umngane wami uSisa uthanda ukudlala umacashelana."},"subContentId":"75c3c2b5-0b21-46f1-ad99-984d6ab526ad","metadata":{"contentType":"Image","license":"U","title":"Untitled Image"}},"backgroundOpacity":0,"willDoAnimation":false,"animationType":"glow","displayAsButton":false,"buttonSize":"big","goToSlideType":"specified","invisible":false},{"x":5.1020408163265305,"y":42.82115869017632,"width":43.57298474945534,"height":43.44086021505376,"action":{"library":"H5P.CRAdvancedText 1.1","params":{"text":"<p dir=\"ltr\" style=\"text-align: center;\"><span style=\"color:#ffffff;\"><span style=\"font-size:2.25em;\">\u092e\u0947\u0930\u094b \u0938\u093e\u0925\u0940 \u0938\u093f\u0938\u093e\u0932\u093e\u0908 \u0932\u0941\u0915\u093e\u092e\u093e\u0930\u0940 \u0916\u0947\u0932\u094d\u0928 \u092e\u0928\u092a\u0930\u094d\u091b\u0964<\/span><\/span><\/p>\n"},"subContentId":"c8ff22ff-1768-44a3-a0ed-b3d522587cef","metadata":{"contentType":"Text","license":"U","title":"Untitled Text"}},"alwaysDisplayComments":false,"backgroundOpacity":0,"willDoAnimation":false,"animationType":"glow","displayAsButton":false,"buttonSize":"big","goToSlideType":"specified","invisible":false,"solution":""},{"x":47.00255102040816,"y":43.95465994962216,"width":40,"height":40,"action":{"library":"H5P.CRAudio 1.4","params":{"fitToWrapper":true,"currIndex":6,"playerMode":"minimalistic","controls":true,"autoplay":true,"playAudio":"Play audio","pauseAudio":"Pause audio","contentName":"Audio","glowColor":"#ffd85a","timeStampForEachText":[{"text":" \u092e\u0947\u0930\u094b ","startDuration":"0.0000","endDuration":"0.7099","wordfile":[{"path":"audios\/wordfile-65e23c5dedf52.wav","mime":"audio\/x-wav","copyright":{"license":"U"}}]},{"text":" \u0938\u093e\u0925\u0940 ","startDuration":"0.7109","endDuration":"1.5483","wordfile":[{"path":"audios\/wordfile-65e23c7044f78.wav","mime":"audio\/x-wav","copyright":{"license":"U"}}]},{"text":" \u0938\u093f\u0938\u093e\u0932\u093e\u0908 ","startDuration":"1.5493","endDuration":"2.5354","wordfile":[{"path":"audios\/wordfile-65e23c892d3a8.wav","mime":"audio\/x-wav","copyright":{"license":"U"}}]},{"text":" \u0932\u0941\u0915\u093e\u092e\u093e\u0930\u0940 ","startDuration":"2.5364","endDuration":"3.5084","wordfile":[{"path":"audios\/wordfile-65e23c9eb0589.wav","mime":"audio\/x-wav","copyright":{"license":"U"}}]},{"text":" \u0916\u0947\u0932\u094d\u0928 ","startDuration":"3.5094","endDuration":"4.2122","wordfile":[{"path":"audios\/wordfile-65e23cb6407b2.wav","mime":"audio\/x-wav","copyright":{"license":"U"}}]},{"text":" \u092e\u0928\u092a\u0930\u094d\u091b\u0964 ","startDuration":"4.2132","endDuration":"5.2347","wordfile":[{"path":"audios\/wordfile-65e23cc755f4a.wav","mime":"audio\/x-wav","copyright":{"license":"U"}}]}],"files":[{"path":"audios\/files-65e23c4a7144d.wav","mime":"audio\/x-wav","copyright":{"license":"U"}}]},"subContentId":"ef5f4cf6-4751-44f0-9ded-737a5a85d1e0","metadata":{"contentType":"Curious Reader Audio","license":"U","title":"Untitled Curious Reader Audio"}},"backgroundOpacity":0,"willDoAnimation":false,"animationType":"glow","displayAsButton":false,"buttonSize":"big","goToSlideType":"specified","invisible":false},{"x":52.29591836734694,"y":37.78337531486146,"width":17.729591836734695,"height":40.050377833753146,"action":{"library":"H5P.Image 1.1","params":{"contentName":"Image"},"subContentId":"53059a5c-02e3-4fc5-944c-474b32d5bbed","metadata":{"contentType":"Image","license":"U","title":"Untitled Image"}},"backgroundOpacity":0,"willDoAnimation":true,"animationType":"glow","displayAsButton":false,"buttonSize":"big","goToSlideType":"specified","invisible":false,"id":"imgef5f4cf6-4751-44f0-9ded-737a5a85d1e0_2"},{"x":51.02040816326531,"y":37.75390428211587,"width":18.75,"height":40.050377833753146,"action":{"library":"H5P.Image 1.1","params":{"contentName":"Image"},"subContentId":"9eb5cb23-6d05-467b-bc6f-19ce9877d3dd","metadata":{"contentType":"Image","license":"U","title":"Untitled Image"}},"backgroundOpacity":0,"willDoAnimation":true,"animationType":"glow","displayAsButton":false,"buttonSize":"big","goToSlideType":"specified","invisible":false,"id":"imgef5f4cf6-4751-44f0-9ded-737a5a85d1e0_3"},{"x":51.02040816326531,"y":40.30226700251889,"width":19.005102040816325,"height":40.050377833753146,"action":{"library":"H5P.Image 1.1","params":{"contentName":"Image"},"subContentId":"47ca3b7a-b1a5-4128-a430-c7f428ed8e0f","metadata":{"contentType":"Image","license":"U","title":"Untitled Image"}},"backgroundOpacity":0,"willDoAnimation":true,"animationType":"glow","displayAsButton":false,"buttonSize":"big","goToSlideType":"specified","invisible":false,"id":"imgef5f4cf6-4751-44f0-9ded-737a5a85d1e0_4"}],"slideBackgroundSelector":{}},{"elements":[{"x":2.5510204081632653,"y":42.82115869017632,"width":44.66230936819172,"height":49.46236559139785,"action":{"library":"H5P.CRAdvancedText 1.1","params":{"text":"<p dir=\"ltr\" style=\"text-align: center;\"><span style=\"color:#ffffff;\"><span style=\"font-size:2.25em;\">\u092e\u0947\u0930\u094b \u0938\u093e\u0925\u0940 \u0906\u092f\u0928\u094d\u0926\u093e\u0932\u093e\u0908 \u092a\u0922\u094d\u0928 \u092e\u0928\u092a\u0930\u094d\u091b\u0964<\/span><\/span><\/p>\n"},"subContentId":"5fa5cf7b-843e-440c-9615-1ee916184210","metadata":{"contentType":"Text","license":"U","title":"Untitled Text"}},"alwaysDisplayComments":false,"backgroundOpacity":0,"willDoAnimation":false,"animationType":"glow","displayAsButton":false,"buttonSize":"big","goToSlideType":"specified","invisible":false,"solution":""},{"x":49.76851851851851,"y":15.981735159817353,"width":39.998148148148,"height":67.063561014123,"action":{"library":"H5P.Image 1.1","params":{"contentName":"Image","file":{"path":"images\/file-618eb37e56dd2.jpg","mime":"image\/jpeg","copyright":{"license":"U"},"width":273,"height":273},"alt":"Umngane wami u-Ayanda uthanda ukufunda.","title":"Umngane wami u-Ayanda uthanda ukufunda."},"subContentId":"0b6f4751-67d7-4169-9bde-23e430c7c5f5","metadata":{"contentType":"Image","license":"U","title":"Untitled Image"}},"backgroundOpacity":0,"willDoAnimation":false,"animationType":"glow","displayAsButton":false,"buttonSize":"big","goToSlideType":"specified","invisible":false},{"x":47.00255102040816,"y":43.95465994962216,"width":40,"height":40,"action":{"library":"H5P.CRAudio 1.4","params":{"fitToWrapper":true,"currIndex":7,"playerMode":"minimalistic","controls":true,"autoplay":true,"playAudio":"Play audio","pauseAudio":"Pause audio","contentName":"Audio","glowColor":"#ffd85a","timeStampForEachText":[{"text":" \u092e\u0947\u0930\u094b ","startDuration":"0.0000","endDuration":"0.6924","wordfile":[{"path":"audios\/wordfile-65e23cf08aa06.wav","mime":"audio\/x-wav","copyright":{"license":"U"}}]},{"text":" \u0938\u093e\u0925\u0940 ","startDuration":"0.6934","endDuration":"1.6201","wordfile":[{"path":"audios\/wordfile-65e23d024763a.wav","mime":"audio\/x-wav","copyright":{"license":"U"}}]},{"text":" \u0906\u092f\u0928\u094d\u0926\u093e\u0932\u093e\u0908 ","startDuration":"1.6211","endDuration":"2.6739","wordfile":[{"path":"audios\/wordfile-65e23d132e847.wav","mime":"audio\/x-wav","copyright":{"license":"U"}}]},{"text":" \u092a\u0922\u094d\u0928 ","startDuration":"2.6749","endDuration":"3.4034","wordfile":[{"path":"audios\/wordfile-65e23d24d677f.wav","mime":"audio\/x-wav","copyright":{"license":"U"}}]},{"text":" \u092e\u0928\u092a\u0930\u094d\u091b\u0964 ","startDuration":"3.4044","endDuration":"4.4560","wordfile":[{"path":"audios\/wordfile-65e23d380be0b.wav","mime":"audio\/x-wav","copyright":{"license":"U"}}]}],"files":[{"path":"audios\/files-65e23ce19b665.wav","mime":"audio\/x-wav","copyright":{"license":"U"}}]},"subContentId":"0948debd-f3a7-4190-a014-e1cb9478737f","metadata":{"contentType":"Curious Reader Audio","license":"U","title":"Untitled Curious Reader Audio"}},"backgroundOpacity":0,"willDoAnimation":false,"animationType":"glow","displayAsButton":false,"buttonSize":"big","goToSlideType":"specified","invisible":false},{"x":63.775510204081634,"y":27.684130982367762,"width":21.301020408163264,"height":40.050377833753146,"action":{"library":"H5P.Image 1.1","params":{"contentName":"Image"},"subContentId":"d6eb4df3-679a-40a6-9f00-d6d492d1445b","metadata":{"contentType":"Image","license":"U","title":"Untitled Image"}},"backgroundOpacity":0,"willDoAnimation":true,"animationType":"glow","displayAsButton":false,"buttonSize":"big","goToSlideType":"specified","invisible":false,"id":"img0948debd-f3a7-4190-a014-e1cb9478737f_2"},{"x":70.1530612244898,"y":47.858942065491185,"width":13.903061224489797,"height":22.166246851385388,"action":{"library":"H5P.Image 1.1","params":{"contentName":"Image"},"subContentId":"cd14cd69-77c1-4ee6-ba10-23126d35cea8","metadata":{"contentType":"Image","license":"U","title":"Untitled Image"}},"backgroundOpacity":0,"willDoAnimation":true,"animationType":"glow","displayAsButton":false,"buttonSize":"big","goToSlideType":"specified","invisible":false,"id":"img0948debd-f3a7-4190-a014-e1cb9478737f_3"}],"slideBackgroundSelector":{}},{"elements":[{"x":52.29591836734694,"y":15.113350125944583,"width":43.20987654321,"height":76.208592061503,"action":{"library":"H5P.Image 1.1","params":{"contentName":"Image","alt":"Mina? Ngiyathanda ukwenza izinto abathanda ukuzenza.","file":{"path":"images\/file-618eb73d03969.jpg","mime":"image\/jpeg","copyright":{"license":"U"},"width":273,"height":273},"title":"Mina? Ngiyathanda ukwenza izinto abathanda ukuzenza."},"subContentId":"c10d2176-9ae1-46fb-9f3c-c6b45d149b92","metadata":{"contentType":"Image","license":"U","title":"Untitled Image"}},"backgroundOpacity":0,"willDoAnimation":false,"animationType":"glow","displayAsButton":false,"buttonSize":"big","goToSlideType":"specified","invisible":false},{"x":3.826530612244898,"y":32.735768261964736,"width":52.29591836734694,"height":57.9345088161209,"action":{"library":"H5P.CRAdvancedText 1.1","params":{"text":"<p dir=\"ltr\" style=\"text-align: center;\"><span style=\"color:#ffffff;\"><span style=\"font-size:1.75em;\">\u092e\u0932\u093e\u0908? \u092e\u0932\u093e\u0908 \u0909\u0928\u0940\u0939\u0930\u0941\u0932\u093e\u0908 \u0917\u0930\u094d\u0928 \u092e\u0928 \u0932\u093e\u0917\u0947\u0915\u093e \u0915\u093e\u092e\u0939\u0930\u0941 \u0917\u0930\u094d\u0928 \u092e\u0928 \u0932\u093e\u0917\u094d\u091b \u0964<\/span><\/span><\/p>\n"},"subContentId":"01787cd3-7a57-403e-adc9-5d78a1c683c5","metadata":{"contentType":"Text","license":"U","title":"Untitled Text"}},"alwaysDisplayComments":false,"backgroundOpacity":0,"willDoAnimation":false,"animationType":"glow","displayAsButton":false,"buttonSize":"big","goToSlideType":"specified","invisible":false,"solution":""},{"x":47.00255102040816,"y":43.95465994962216,"width":40,"height":40,"action":{"library":"H5P.CRAudio 1.4","params":{"fitToWrapper":true,"currIndex":8,"playerMode":"minimalistic","controls":true,"autoplay":true,"playAudio":"Play audio","pauseAudio":"Pause audio","contentName":"Audio","glowColor":"#ffd85a","timeStampForEachText":[{"text":" \u092e\u0932\u093e\u0908? ","startDuration":"0.0000","endDuration":"0.7332","wordfile":[{"path":"audios\/wordfile-65e23d794852b.wav","mime":"audio\/x-wav","copyright":{"license":"U"}}]},{"text":" \u092e\u0932\u093e\u0908 ","startDuration":"0.7342","endDuration":"1.2484","wordfile":[{"path":"audios\/wordfile-65e23d87233c4.wav","mime":"audio\/x-wav","copyright":{"license":"U"}}]},{"text":" \u0909\u0928\u0940\u0939\u0930\u0941\u0932\u093e\u0908 ","startDuration":"1.2494","endDuration":"2.2397","wordfile":[{"path":"audios\/wordfile-65e23d9b0faf7.wav","mime":"audio\/x-wav","copyright":{"license":"U"}}]},{"text":" \u0917\u0930\u094d\u0928 ","startDuration":"2.2407","endDuration":"2.8787","wordfile":[{"path":"audios\/wordfile-65e23dacd0a7b.wav","mime":"audio\/x-wav","copyright":{"license":"U"}}]},{"text":" \u092e\u0928 ","startDuration":"2.8797","endDuration":"3.3749","wordfile":[{"path":"audios\/wordfile-65e23dc82d688.wav","mime":"audio\/x-wav","copyright":{"license":"U"}}]},{"text":" \u0932\u093e\u0917\u0947\u0915\u093e ","startDuration":"3.3759","endDuration":"4.3662","wordfile":[{"path":"audios\/wordfile-65e23dde07cf0.wav","mime":"audio\/x-wav","copyright":{"license":"U"}}]},{"text":" \u0915\u093e\u092e\u0939\u0930\u0941 ","startDuration":"4.3672","endDuration":"5.2908","wordfile":[{"path":"audios\/wordfile-65e23df94f361.wav","mime":"audio\/x-wav","copyright":{"license":"U"}}]},{"text":" \u0917\u0930\u094d\u0928 ","startDuration":"5.2918","endDuration":"5.9584","wordfile":[{"path":"audios\/wordfile-65e23e0f0b7ed.wav","mime":"audio\/x-wav","copyright":{"license":"U"}}]},{"text":" \u092e\u0928 ","startDuration":"5.9594","endDuration":"6.2451","wordfile":[{"path":"audios\/wordfile-65e23e2a505b6.wav","mime":"audio\/x-wav","copyright":{"license":"U"}}]},{"text":" \u0932\u093e\u0917\u094d\u091b ","startDuration":"6.2461","endDuration":"7.0651","wordfile":[{"path":"audios\/wordfile-65e23e5b95813.wav","mime":"audio\/x-wav","copyright":{"license":"U"}}]}],"files":[{"path":"audios\/files-65e23d66b798c.wav","mime":"audio\/x-wav","copyright":{"license":"U"}}]},"subContentId":"0c2c2afa-ec03-4084-8243-51d36df572a3","metadata":{"contentType":"Curious Reader Audio","license":"U","title":"Untitled Curious Reader Audio"}},"backgroundOpacity":0,"willDoAnimation":false,"animationType":"glow","displayAsButton":false,"buttonSize":"big","goToSlideType":"specified","invisible":false},{"x":62.5,"y":22.652317380352642,"width":19.642857142857142,"height":64.73551637279597,"action":{"library":"H5P.Image 1.1","params":{"contentName":"Image"},"subContentId":"1c403f16-9a8e-4ecd-b431-c7e9c314cf83","metadata":{"contentType":"Image","license":"U","title":"Untitled Image"}},"backgroundOpacity":0,"willDoAnimation":true,"animationType":"glow","displayAsButton":false,"buttonSize":"big","goToSlideType":"specified","invisible":false,"id":"img0c2c2afa-ec03-4084-8243-51d36df572a3_1"},{"x":62.5,"y":20.133425692695216,"width":20.025510204081634,"height":72.29219143576826,"action":{"library":"H5P.Image 1.1","params":{"contentName":"Image"},"subContentId":"445bab96-d42b-444b-a109-23b4dbddd58d","metadata":{"contentType":"Image","license":"U","title":"Untitled Image"}},"backgroundOpacity":0,"willDoAnimation":true,"animationType":"glow","displayAsButton":false,"buttonSize":"big","goToSlideType":"specified","invisible":false,"id":"img0c2c2afa-ec03-4084-8243-51d36df572a3_1"}],"slideBackgroundSelector":{}},{"elements":[{"x":3.826530612244898,"y":73.04785894206549,"width":93.68191721132898,"height":24.946236559139784,"action":{"library":"H5P.CRAdvancedText 1.1","params":{"text":"<p dir=\"ltr\" style=\"text-align: center;\"><span style=\"color:#ffffff;\"><span style=\"font-size:2.25em;\">\u092e \u091c\u093f\u091c\u094b \u0938\u0902\u0917 \u092b\u0941\u091f\u092c\u0932 \u0916\u0947\u0932\u094d\u091b\u0941\u0964<\/span><\/span><\/p>\n"},"subContentId":"c0103700-9490-46ad-806e-95977b01da71","metadata":{"contentType":"Text","license":"U","title":"Untitled Text"}},"alwaysDisplayComments":false,"backgroundOpacity":0,"willDoAnimation":false,"animationType":"glow","displayAsButton":false,"buttonSize":"big","goToSlideType":"specified","invisible":false,"solution":""},{"x":30.501089324618736,"y":2.150537634408602,"width":37.642919389978,"height":68.856593233979,"action":{"library":"H5P.Image 1.1","params":{"contentName":"Image","alt":"Ngidlala ibhola noZizo.","file":{"path":"images\/file-618eb89609ed6.jpg","mime":"image\/jpeg","copyright":{"license":"U"},"width":273,"height":273},"title":"Ngidlala ibhola noZizo."},"subContentId":"07536b8d-c38f-40e0-9261-226d0a11c99a","metadata":{"contentType":"Image","license":"U","title":"Untitled Image"}},"backgroundOpacity":0,"willDoAnimation":false,"animationType":"glow","displayAsButton":false,"buttonSize":"big","goToSlideType":"specified","invisible":false},{"x":47.00255102040816,"y":43.95465994962216,"width":40,"height":40,"action":{"library":"H5P.CRAudio 1.4","params":{"fitToWrapper":true,"currIndex":9,"playerMode":"minimalistic","controls":true,"autoplay":true,"playAudio":"Play audio","pauseAudio":"Pause audio","contentName":"Audio","glowColor":"#ffd85a","timeStampForEachText":[{"text":" \u092e ","startDuration":"0.0000","endDuration":"0.5174","wordfile":[{"path":"audios\/wordfile-65e23e90008bd.wav","mime":"audio\/x-wav","copyright":{"license":"U"}}]},{"text":" \u091c\u093f\u091c\u094b ","startDuration":"0.5184","endDuration":"0.9854","wordfile":[{"path":"audios\/wordfile-66070bf941965.wav","mime":"audio\/x-wav","copyright":{"license":"U"}}]},{"text":" \u0938\u0902\u0917 ","startDuration":"0.9864","endDuration":"1.4999","wordfile":[{"path":"audios\/wordfile-65e23eb83e2af.wav","mime":"audio\/x-wav","copyright":{"license":"U"}}]},{"text":" \u092b\u0941\u091f\u092c\u0932 ","startDuration":"1.5009","endDuration":"2.1808","wordfile":[{"path":"audios\/wordfile-65e23ecaf0b14.wav","mime":"audio\/x-wav","copyright":{"license":"U"}}]},{"text":" \u0916\u0947\u0932\u094d\u091b\u0941\u0964 ","startDuration":"2.1818","endDuration":"2.8718","wordfile":[{"path":"audios\/wordfile-65e23ee02e66f.wav","mime":"audio\/x-wav","copyright":{"license":"U"}}]}],"files":[{"path":"audios\/files-65e23e7c0852a.wav","mime":"audio\/x-wav","copyright":{"license":"U"}}]},"subContentId":"13c8b939-51e6-4725-a9f8-f9b5dbfee603","metadata":{"contentType":"Curious Reader Audio","license":"U","title":"Untitled Curious Reader Audio"}},"backgroundOpacity":0,"willDoAnimation":false,"animationType":"glow","displayAsButton":false,"buttonSize":"big","goToSlideType":"specified","invisible":false},{"x":49.744897959183675,"y":12.586599496221663,"width":19.642857142857142,"height":54.659949622166245,"action":{"library":"H5P.Image 1.1","params":{"contentName":"Image"},"subContentId":"f37f3cda-84d4-4ac8-84bf-ff6483efce64","metadata":{"contentType":"Image","license":"U","title":"Untitled Image"}},"backgroundOpacity":0,"willDoAnimation":true,"animationType":"glow","displayAsButton":false,"buttonSize":"big","goToSlideType":"specified","invisible":false,"id":"img13c8b939-51e6-4725-a9f8-f9b5dbfee603_0"},{"x":29.336734693877553,"y":7.552745591939547,"width":21.301020408163264,"height":57.178841309823675,"action":{"library":"H5P.Image 1.1","params":{"contentName":"Image"},"subContentId":"28f19dd5-6aa4-4aab-a8d0-9319e37f0f02","metadata":{"contentType":"Image","license":"U","title":"Untitled Image"}},"backgroundOpacity":0,"willDoAnimation":true,"animationType":"glow","displayAsButton":false,"buttonSize":"big","goToSlideType":"specified","invisible":false,"id":"img13c8b939-51e6-4725-a9f8-f9b5dbfee603_1"},{"x":45.91836734693878,"y":50.336523929471035,"width":12.372448979591837,"height":19.64735516372796,"action":{"library":"H5P.Image 1.1","params":{"contentName":"Image"},"subContentId":"c8ddc9f1-620b-4aca-96d5-6c7bec9aeb62","metadata":{"contentType":"Image","license":"U","title":"Untitled Image"}},"backgroundOpacity":0,"willDoAnimation":true,"animationType":"glow","displayAsButton":false,"buttonSize":"big","goToSlideType":"specified","invisible":false,"id":"img13c8b939-51e6-4725-a9f8-f9b5dbfee603_3"}],"slideBackgroundSelector":{}},{"elements":[{"x":0,"y":78.0639798488665,"width":100,"height":21.662468513853902,"action":{"library":"H5P.CRAdvancedText 1.1","params":{"text":"<p dir=\"ltr\" style=\"text-align: center;\"><span style=\"color:#ffffff;\"><span style=\"font-size:2.25em;\">\u092e \u0932\u0947\u0932\u0947\u0938\u0901\u0917 \u092a\u094c\u0921\u0940 \u0916\u0947\u0932\u094d\u091b\u0941\u0964<\/span><\/span><\/p>\n"},"subContentId":"4f10339f-9758-4ec2-b3ad-9bda148dc589","metadata":{"contentType":"Text","license":"U","title":"Untitled Text"}},"alwaysDisplayComments":false,"backgroundOpacity":0,"willDoAnimation":false,"animationType":"glow","displayAsButton":false,"buttonSize":"big","goToSlideType":"specified","invisible":false,"solution":""},{"x":27.77716836734694,"y":6.0177833753148615,"width":40.05102040816327,"height":73.04785894206549,"action":{"library":"H5P.Image 1.1","params":{"contentName":"Image","file":{"path":"images\/file-618eb96526d0d.jpg","mime":"image\/jpeg","copyright":{"license":"U"},"width":273,"height":273},"alt":"Ngibhukuda noLele.","title":"Ngibhukuda noLele."},"subContentId":"5a25762a-d5eb-41ab-be59-b3eb68d8ec63","metadata":{"contentType":"Image","license":"U","title":"Untitled Image"}},"backgroundOpacity":0,"willDoAnimation":false,"animationType":"glow","displayAsButton":false,"buttonSize":"big","goToSlideType":"specified","invisible":false},{"x":47.00255102040816,"y":43.95465994962216,"width":40,"height":40,"action":{"library":"H5P.CRAudio 1.4","params":{"fitToWrapper":true,"currIndex":10,"playerMode":"minimalistic","controls":true,"autoplay":true,"playAudio":"Play audio","pauseAudio":"Pause audio","contentName":"Audio","glowColor":"#ffd85a","timeStampForEachText":[{"text":" \u092e ","startDuration":"0.0000","endDuration":"0.5079","wordfile":[{"path":"audios\/wordfile-65e23f098938b.wav","mime":"audio\/x-wav","copyright":{"license":"U"}}]},{"text":" \u0932\u0947\u0932\u0947\u0938\u0901\u0917 ","startDuration":"0.5089","endDuration":"1.7382","wordfile":[{"path":"audios\/wordfile-65e23f209d1d7.wav","mime":"audio\/x-wav","copyright":{"license":"U"}}]},{"text":" \u092a\u094c\u0921\u0940 ","startDuration":"1.7392","endDuration":"2.3571","wordfile":[{"path":"audios\/wordfile-65e23f332a761.wav","mime":"audio\/x-wav","copyright":{"license":"U"}}]},{"text":" \u0916\u0947\u0932\u094d\u091b\u0941\u0964 ","startDuration":"2.3581","endDuration":"3.2637","wordfile":[{"path":"audios\/wordfile-65e23f477afa1.wav","mime":"audio\/x-wav","copyright":{"license":"U"}}]}],"files":[{"path":"audios\/files-65e23ef89a8ad.wav","mime":"audio\/x-wav","copyright":{"license":"U"}}]},"subContentId":"329f0e4e-e129-401b-bafc-6eeb997cbf70","metadata":{"contentType":"Curious Reader Audio","license":"U","title":"Untitled Curious Reader Audio"}},"backgroundOpacity":0,"willDoAnimation":false,"animationType":"glow","displayAsButton":false,"buttonSize":"big","goToSlideType":"specified","invisible":false},{"x":49.744897959183675,"y":35.254659949622166,"width":14.923469387755102,"height":34.76070528967254,"action":{"library":"H5P.Image 1.1","params":{"contentName":"Image"},"subContentId":"2ff592c3-fbc5-4d45-8f3a-fef8b75a2a8e","metadata":{"contentType":"Image","license":"U","title":"Untitled Image"}},"backgroundOpacity":0,"willDoAnimation":true,"animationType":"glow","displayAsButton":false,"buttonSize":"big","goToSlideType":"specified","invisible":false,"id":"img329f0e4e-e129-401b-bafc-6eeb997cbf70_0"},{"x":29.97448979591837,"y":37.7735516372796,"width":13.64795918367347,"height":32.241813602015114,"action":{"library":"H5P.Image 1.1","params":{"contentName":"Image"},"subContentId":"51edd1f3-5864-40b0-82d5-4c3807972997","metadata":{"contentType":"Image","license":"U","title":"Untitled Image"}},"backgroundOpacity":0,"willDoAnimation":true,"animationType":"glow","displayAsButton":false,"buttonSize":"big","goToSlideType":"specified","invisible":false,"id":"img329f0e4e-e129-401b-bafc-6eeb997cbf70_1"},{"x":29.97448979591837,"y":29.959193954659952,"width":35.33163265306123,"height":40.050377833753146,"action":{"library":"H5P.Image 1.1","params":{"contentName":"Image"},"subContentId":"df10c0d2-1499-47e1-a94a-17dd39d9530b","metadata":{"contentType":"Image","license":"U","title":"Untitled Image"}},"backgroundOpacity":0,"willDoAnimation":true,"animationType":"glow","displayAsButton":false,"buttonSize":"big","goToSlideType":"specified","invisible":false,"id":"img329f0e4e-e129-401b-bafc-6eeb997cbf70_2"}],"slideBackgroundSelector":{}},{"elements":[{"x":5.1020408163265305,"y":73.04785894206549,"width":91.83673469387756,"height":25.188916876574307,"action":{"library":"H5P.CRAdvancedText 1.1","params":{"text":"<p dir=\"ltr\" style=\"text-align: center;\"><span style=\"color:#ffffff;\"><span style=\"font-size:2.25em;\">\u092e \u0938\u093f\u0938\u093e\u0938\u0901\u0917 \u0932\u0941\u0915\u093e\u092e\u093e\u0930\u0940 \u0916\u0947\u0932\u094d\u091b\u0941\u0964<\/span><\/span><\/p>\n"},"subContentId":"5ce600c0-9e95-4b84-9330-56cc92fd0bf7","metadata":{"contentType":"Text","license":"U","title":"Untitled Text"}},"alwaysDisplayComments":false,"backgroundOpacity":0,"willDoAnimation":false,"animationType":"glow","displayAsButton":false,"buttonSize":"big","goToSlideType":"specified","invisible":false,"solution":""},{"x":29.520697167756,"y":6.0249519079732,"width":39.998148148148,"height":66.791953592016,"action":{"library":"H5P.Image 1.1","params":{"contentName":"Image","file":{"path":"images\/file-618ebb55f4134.jpg","mime":"image\/jpeg","copyright":{"license":"U"},"width":273,"height":273},"alt":"Ngidlala umacashelana noSisa.","title":"Ngidlala umacashelana noSisa."},"subContentId":"7fcf93f8-b105-4383-8477-0218ce8d77da","metadata":{"contentType":"Image","license":"U","title":"Untitled Image"}},"backgroundOpacity":0,"willDoAnimation":false,"animationType":"glow","displayAsButton":false,"buttonSize":"big","goToSlideType":"specified","invisible":false},{"x":47.00255102040816,"y":43.95465994962216,"width":40,"height":40,"action":{"library":"H5P.CRAudio 1.4","params":{"fitToWrapper":true,"currIndex":11,"playerMode":"minimalistic","controls":true,"autoplay":true,"playAudio":"Play audio","pauseAudio":"Pause audio","contentName":"Audio","glowColor":"#ffd85a","timeStampForEachText":[{"text":" \u092e ","startDuration":"0.0000","endDuration":"0.4527","wordfile":[{"path":"audios\/wordfile-65e23f748978e.wav","mime":"audio\/x-wav","copyright":{"license":"U"}}]},{"text":" \u0938\u093f\u0938\u093e\u0938\u0901\u0917 ","startDuration":"0.4537","endDuration":"1.7241","wordfile":[{"path":"audios\/wordfile-65e23f8778648.wav","mime":"audio\/x-wav","copyright":{"license":"U"}}]},{"text":" \u0932\u0941\u0915\u093e\u092e\u093e\u0930\u0940 ","startDuration":"1.7251","endDuration":"2.7107","wordfile":[{"path":"audios\/wordfile-65e23f9f67f30.wav","mime":"audio\/x-wav","copyright":{"license":"U"}}]},{"text":" \u0916\u0947\u0932\u094d\u091b\u0941\u0964 ","startDuration":"2.7117","endDuration":"3.4087","wordfile":[{"path":"audios\/wordfile-65e23fb5bb56b.wav","mime":"audio\/x-wav","copyright":{"license":"U"}}]}],"files":[{"path":"audios\/files-65e23f625c030.wav","mime":"audio\/x-wav","copyright":{"license":"U"}}]},"subContentId":"9251d44b-c86f-450d-821a-e17fa6cccfd2","metadata":{"contentType":"Curious Reader Audio","license":"U","title":"Untitled Curious Reader Audio"}},"backgroundOpacity":0,"willDoAnimation":false,"animationType":"glow","displayAsButton":false,"buttonSize":"big","goToSlideType":"specified","invisible":false},{"x":29.97448979591837,"y":29.959193954659952,"width":18.75,"height":40.050377833753146,"action":{"library":"H5P.Image 1.1","params":{"contentName":"Image"},"subContentId":"9c8c3d7d-8364-4b54-8040-4489c7dafea5","metadata":{"contentType":"Image","license":"U","title":"Untitled Image"}},"backgroundOpacity":0,"willDoAnimation":true,"animationType":"glow","displayAsButton":false,"buttonSize":"big","goToSlideType":"specified","invisible":false,"id":"img9251d44b-c86f-450d-821a-e17fa6cccfd2_1"},{"x":29.336734693877553,"y":27.692191435768265,"width":22.19387755102041,"height":40.050377833753146,"action":{"library":"H5P.Image 1.1","params":{"contentName":"Image"},"subContentId":"b248e3fe-c09b-425a-997c-cffa2c050f63","metadata":{"contentType":"Image","license":"U","title":"Untitled Image"}},"backgroundOpacity":0,"willDoAnimation":true,"animationType":"glow","displayAsButton":false,"buttonSize":"big","goToSlideType":"specified","invisible":false,"id":"img9251d44b-c86f-450d-821a-e17fa6cccfd2_2"},{"x":47.19387755102041,"y":25.165289672544077,"width":23.46938775510204,"height":49.622166246851386,"action":{"library":"H5P.Image 1.1","params":{"contentName":"Image"},"subContentId":"6ae2a969-09eb-4253-ada1-4726583e3b06","metadata":{"contentType":"Image","license":"U","title":"Untitled Image"}},"backgroundOpacity":0,"willDoAnimation":true,"animationType":"glow","displayAsButton":false,"buttonSize":"big","goToSlideType":"specified","invisible":false,"id":"img9251d44b-c86f-450d-821a-e17fa6cccfd2_3"}],"slideBackgroundSelector":{}},{"elements":[{"x":15.306122448979592,"y":10.579345088161208,"width":68.87755102040816,"height":69.0176322418136,"action":{"library":"H5P.Image 1.1","params":{"contentName":"Image","file":{"path":"images\/file-618ecd7fc659d.jpg","mime":"image\/jpeg","copyright":{"license":"U"},"width":350,"height":210}},"subContentId":"c2ff2e98-73c7-4f05-b67e-e393662e801c","metadata":{"contentType":"Image","license":"U","title":"Untitled Image"}},"backgroundOpacity":0,"willDoAnimation":false,"animationType":"glow","displayAsButton":false,"buttonSize":"big","goToSlideType":"specified","invisible":false},{"x":1.0204081632653061,"y":81.61209068010075,"width":97.83163265306122,"height":17.632241813602015,"action":{"library":"H5P.CRAdvancedText 1.1","params":{"text":"<p dir=\"ltr\" style=\"text-align: center;\"><span style=\"color:#ffffff;\"><span style=\"font-size:2.25em;\">\u092e \u0906\u092f\u0928\u094d\u0926\u093e\u0938\u0902\u0917 \u092a\u0922\u094d\u091b\u0941\u0964<\/span><\/span><\/p>\n"},"subContentId":"bb08e97d-bef7-4a5e-bda8-a71c987a742e","metadata":{"contentType":"Text","license":"U","title":"Untitled Text"}},"alwaysDisplayComments":false,"backgroundOpacity":0,"willDoAnimation":false,"animationType":"glow","displayAsButton":false,"buttonSize":"big","goToSlideType":"specified","invisible":false,"solution":""},{"x":47.00255102040816,"y":43.95465994962216,"width":40,"height":40,"action":{"library":"H5P.CRAudio 1.4","params":{"fitToWrapper":true,"currIndex":12,"playerMode":"minimalistic","controls":true,"autoplay":true,"playAudio":"Play audio","pauseAudio":"Pause audio","contentName":"Audio","glowColor":"#ffd85a","timeStampForEachText":[{"text":" \u092e ","startDuration":"0.0000","endDuration":"0.4413","wordfile":[{"path":"audios\/wordfile-65e23fdcd4ed0.wav","mime":"audio\/x-wav","copyright":{"license":"U"}}]},{"text":" \u0906\u092f\u0928\u094d\u0926\u093e\u0938\u0902\u0917 ","startDuration":"0.4423","endDuration":"1.8665","wordfile":[{"path":"audios\/wordfile-65e23ff8ee2fc.wav","mime":"audio\/x-wav","copyright":{"license":"U"}}]},{"text":" \u092a\u0922\u094d\u091b\u0941\u0964 ","startDuration":"1.8675","endDuration":"2.6330","wordfile":[{"path":"audios\/wordfile-65e2401661c9f.wav","mime":"audio\/x-wav","copyright":{"license":"U"}}]}],"files":[{"path":"audios\/files-65e23fcb4fd33.wav","mime":"audio\/x-wav","copyright":{"license":"U"}}]},"subContentId":"2ceef41f-9c52-4bd2-8721-13881b0f9ea6","metadata":{"contentType":"Curious Reader Audio","license":"U","title":"Untitled Curious Reader Audio"}},"backgroundOpacity":0,"willDoAnimation":false,"animationType":"glow","displayAsButton":false,"buttonSize":"big","goToSlideType":"specified","invisible":false},{"x":22.95918367346939,"y":25.165289672544077,"width":25.127551020408163,"height":54.659949622166245,"action":{"library":"H5P.Image 1.1","params":{"contentName":"Image"},"subContentId":"b2fa8bd4-3346-41b7-abb6-01ea1790261c","metadata":{"contentType":"Image","license":"U","title":"Untitled Image"}},"backgroundOpacity":0,"willDoAnimation":true,"animationType":"glow","displayAsButton":false,"buttonSize":"big","goToSlideType":"specified","invisible":false,"id":"img2ceef41f-9c52-4bd2-8721-13881b0f9ea6_1"},{"x":21.683673469387756,"y":52.88287153652392,"width":18.75,"height":27.455919395465994,"action":{"library":"H5P.Image 1.1","params":{"contentName":"Image"},"subContentId":"3ec09045-a3cc-4473-b33c-71fbd6d24ee7","metadata":{"contentType":"Image","license":"U","title":"Untitled Image"}},"backgroundOpacity":0,"willDoAnimation":true,"animationType":"glow","displayAsButton":false,"buttonSize":"big","goToSlideType":"specified","invisible":false,"id":"img2ceef41f-9c52-4bd2-8721-13881b0f9ea6_2"}],"slideBackgroundSelector":{}},{"elements":[{"x":2.5510204081632653,"y":80.60453400503778,"width":95.66326530612245,"height":17.632241813602015,"action":{"library":"H5P.CRAdvancedText 1.1","params":{"text":"<p dir=\"ltr\" style=\"text-align: center;\"><span style=\"color:#ffffff;\"><span style=\"font-size:2.25em;\">\u0906\u0909, \u0938\u093e\u0925\u0940, \u0924\u093f\u092e\u0940\u0932\u093e\u0908 \u0915\u0947 \u092e\u0928 \u092a\u0930\u094d\u091b ?<\/span><\/span><\/p>\n"},"subContentId":"561dd707-289b-446f-bb31-a8d898b0b627","metadata":{"contentType":"Text","license":"U","title":"Untitled Text"}},"alwaysDisplayComments":false,"backgroundOpacity":0,"willDoAnimation":false,"animationType":"glow","displayAsButton":false,"buttonSize":"big","goToSlideType":"specified","invisible":false,"solution":""},{"x":29.336734693877553,"y":4.295894206549118,"width":42.474489795918366,"height":73.29974811083123,"action":{"library":"H5P.Image 1.1","params":{"contentName":"Image","file":{"path":"images\/file-618ebd51e59a0.jpg","mime":"image\/jpeg","copyright":{"license":"U"},"width":273,"height":273},"alt":"Woza, mngane, yini oyithandayo?","title":"Woza, mngane, yini oyithandayo?"},"subContentId":"a94f03fd-3ce4-4a62-9d49-2af4710dd854","metadata":{"contentType":"Image","license":"U","title":"Untitled Image"}},"backgroundOpacity":0,"willDoAnimation":false,"animationType":"glow","displayAsButton":false,"buttonSize":"big","goToSlideType":"specified","invisible":false},{"x":47.00255102040816,"y":43.95465994962216,"width":40,"height":40,"action":{"library":"H5P.CRAudio 1.4","params":{"fitToWrapper":true,"currIndex":13,"playerMode":"minimalistic","controls":true,"autoplay":true,"playAudio":"Play audio","pauseAudio":"Pause audio","contentName":"Audio","glowColor":"#ffd85a","timeStampForEachText":[{"text":" \u0906\u0909, ","startDuration":"0.0000","endDuration":"0.4736","wordfile":[{"path":"audios\/wordfile-65e240482cbde.wav","mime":"audio\/x-wav","copyright":{"license":"U"}}]},{"text":" \u0938\u093e\u0925\u0940, ","startDuration":"0.4746","endDuration":"1.1746","wordfile":[{"path":"audios\/wordfile-65e2405b6e8b4.wav","mime":"audio\/x-wav","copyright":{"license":"U"}}]},{"text":" \u0924\u093f\u092e\u0940\u0932\u093e\u0908 ","startDuration":"1.1756","endDuration":"2.0171","wordfile":[{"path":"audios\/wordfile-65e2406f31922.wav","mime":"audio\/x-wav","copyright":{"license":"U"}}]},{"text":" \u0915\u0947 ","startDuration":"2.0181","endDuration":"2.4634","wordfile":[{"path":"audios\/wordfile-65e24086c4840.wav","mime":"audio\/x-wav","copyright":{"license":"U"}}]},{"text":" \u092e\u0928 ","startDuration":"2.4644","endDuration":"2.8106","wordfile":[{"path":"audios\/wordfile-65e2409adc0a4.wav","mime":"audio\/x-wav","copyright":{"license":"U"}}]},{"text":" \u092a\u0930\u094d\u091b ? ","startDuration":"2.8116","endDuration":"3.5000","wordfile":[{"path":"audios\/wordfile-65e240b2e0084.wav","mime":"audio\/x-wav","copyright":{"license":"U"}}]}],"files":[{"path":"audios\/files-65e24033348f0.wav","mime":"audio\/x-wav","copyright":{"license":"U"}}]},"subContentId":"09758c40-dbdc-4458-bc1b-67080bb8816a","metadata":{"contentType":"Curious Reader Audio","license":"U","title":"Untitled Curious Reader Audio"}},"backgroundOpacity":0,"willDoAnimation":false,"animationType":"glow","displayAsButton":false,"buttonSize":"big","goToSlideType":"specified","invisible":false}],"slideBackgroundSelector":{}},{"elements":[{"x":0,"y":79.50453400503777,"width":100,"height":18.89168765743073,"action":{"library":"H5P.CRAdvancedText 1.1","params":{"text":"<p dir=\"ltr\" style=\"text-align: center;\"><span style=\"color:#ffffff;\"><span style=\"font-size:2.25em;\">\u0906\u0909, \u0939\u093e\u092e\u0940\u0938\u0901\u0917 \u092b\u0941\u091f\u092c\u0932 \u0916\u0947\u0932\u0964<\/span><\/span><\/p>\n"},"subContentId":"8bdf48c8-d31b-4d24-90c4-3a81da7d5874","metadata":{"contentType":"Text","license":"U","title":"Untitled Text"}},"alwaysDisplayComments":false,"backgroundOpacity":0,"willDoAnimation":false,"animationType":"glow","displayAsButton":false,"buttonSize":"big","goToSlideType":"specified","invisible":false,"solution":""},{"x":27.314795918367345,"y":5.035818639798489,"width":42.474489795918366,"height":71.53652392947103,"action":{"library":"H5P.Image 1.1","params":{"contentName":"Image","file":{"path":"images\/file-618ebe5e14981.jpg","mime":"image\/jpeg","copyright":{"license":"U"},"width":273,"height":273},"alt":"Woza, udlale ibhola nathi.","title":"Woza, udlale ibhola nathi."},"subContentId":"90899643-cef7-4587-a9f3-53dc5f203480","metadata":{"contentType":"Image","license":"U","title":"Untitled Image"}},"backgroundOpacity":0,"willDoAnimation":false,"animationType":"glow","displayAsButton":false,"buttonSize":"big","goToSlideType":"specified","invisible":false},{"x":47.00255102040816,"y":43.95465994962216,"width":40,"height":40,"action":{"library":"H5P.CRAudio 1.4","params":{"fitToWrapper":true,"currIndex":14,"playerMode":"minimalistic","controls":true,"autoplay":true,"playAudio":"Play audio","pauseAudio":"Pause audio","contentName":"Audio","glowColor":"#ffd85a","timeStampForEachText":[{"text":" \u0906\u0909, ","startDuration":"0.0000","endDuration":"0.5031","wordfile":[{"path":"audios\/wordfile-65e240db5951f.wav","mime":"audio\/x-wav","copyright":{"license":"U"}}]},{"text":" \u0939\u093e\u092e\u0940\u0938\u0901\u0917 ","startDuration":"0.5041","endDuration":"1.4545","wordfile":[{"path":"audios\/wordfile-65e240ee7441c.wav","mime":"audio\/x-wav","copyright":{"license":"U"}}]},{"text":" \u092b\u0941\u091f\u092c\u0932 ","startDuration":"1.4555","endDuration":"2.1508","wordfile":[{"path":"audios\/wordfile-65e2410267d7d.wav","mime":"audio\/x-wav","copyright":{"license":"U"}}]},{"text":" \u0916\u0947\u0932\u0964 ","startDuration":"2.1518","endDuration":"2.7429","wordfile":[{"path":"audios\/wordfile-65e2411372020.wav","mime":"audio\/x-wav","copyright":{"license":"U"}}]}],"files":[{"path":"audios\/files-65e240c8c55b7.wav","mime":"audio\/x-wav","copyright":{"license":"U"}}]},"subContentId":"0de3ccb7-40f7-4111-b8b0-9509f3bb9d68","metadata":{"contentType":"Curious Reader Audio","license":"U","title":"Untitled Curious Reader Audio"}},"backgroundOpacity":0,"willDoAnimation":false,"animationType":"glow","displayAsButton":false,"buttonSize":"big","goToSlideType":"specified","invisible":false},{"x":45.91836734693878,"y":29.94332493702771,"width":11.096938775510205,"height":14.357682619647354,"action":{"library":"H5P.Image 1.1","params":{"contentName":"Image"},"subContentId":"472ebe41-f775-4f67-b915-6c5595fcdb5c","metadata":{"contentType":"Image","license":"U","title":"Untitled Image"}},"backgroundOpacity":0,"willDoAnimation":true,"animationType":"glow","displayAsButton":false,"buttonSize":"big","goToSlideType":"specified","invisible":false,"id":"img0de3ccb7-40f7-4111-b8b0-9509f3bb9d68_2"}],"slideBackgroundSelector":{}},{"elements":[{"x":11.479591836734695,"y":78.0639798488665,"width":79.08163265306122,"height":20.906801007556673,"action":{"library":"H5P.CRAdvancedText 1.1","params":{"text":"<p dir=\"ltr\" style=\"text-align: center;\"><span style=\"color:#ffffff;\"><span style=\"font-size:2.25em;\">\u0906\u0909, \u0939\u093e\u092e\u0940\u0938\u0901\u0917 \u092a\u094c\u0921\u0940 \u0916\u0947\u0932\u0964<\/span><\/span><\/p>\n"},"subContentId":"0f7ae9c5-38f6-4b56-b0a4-f60475428cdf","metadata":{"contentType":"Text","license":"U","title":"Untitled Text"}},"alwaysDisplayComments":false,"backgroundOpacity":0,"willDoAnimation":false,"animationType":"glow","displayAsButton":false,"buttonSize":"big","goToSlideType":"specified","invisible":false,"solution":""},{"x":28.061224489795915,"y":6.4566246851385385,"width":43.494897959183675,"height":73.04785894206549,"action":{"library":"H5P.Image 1.1","params":{"contentName":"Image","file":{"path":"images\/file-618ebfb3bf920.jpg","mime":"image\/jpeg","copyright":{"license":"U"},"width":273,"height":273},"alt":"Woza, ubhukude nathi.","title":"Woza, ubhukude nathi."},"subContentId":"7d166ac6-5c43-46d0-9e03-6441fbe0e622","metadata":{"contentType":"Image","license":"U","title":"Untitled Image"}},"backgroundOpacity":0,"willDoAnimation":false,"animationType":"glow","displayAsButton":false,"buttonSize":"big","goToSlideType":"specified","invisible":false},{"x":47.00255102040816,"y":43.95465994962216,"width":40,"height":40,"action":{"library":"H5P.CRAudio 1.4","params":{"fitToWrapper":true,"currIndex":15,"playerMode":"minimalistic","controls":true,"autoplay":true,"playAudio":"Play audio","pauseAudio":"Pause audio","contentName":"Audio","glowColor":"#ffd85a","timeStampForEachText":[{"text":" \u0906\u0909, ","startDuration":"0.0000","endDuration":"0.5106","wordfile":[{"path":"audios\/wordfile-65e24140d9387.wav","mime":"audio\/x-wav","copyright":{"license":"U"}}]},{"text":" \u0939\u093e\u092e\u0940\u0938\u0901\u0917 ","startDuration":"0.5116","endDuration":"1.4172","wordfile":[{"path":"audios\/wordfile-65e24155c81f0.wav","mime":"audio\/x-wav","copyright":{"license":"U"}}]},{"text":" \u092a\u094c\u0921\u0940 ","startDuration":"1.4182","endDuration":"2.1934","wordfile":[{"path":"audios\/wordfile-65e241673fb3e.wav","mime":"audio\/x-wav","copyright":{"license":"U"}}]},{"text":" \u0916\u0947\u0932\u0964 ","startDuration":"2.1944","endDuration":"2.8453","wordfile":[{"path":"audios\/wordfile-65e241791e8c3.wav","mime":"audio\/x-wav","copyright":{"license":"U"}}]}],"files":[{"path":"audios\/files-65e2412b9cfb2.wav","mime":"audio\/x-wav","copyright":{"license":"U"}}]},"subContentId":"1ebf2e95-8d60-4331-921e-aee98700d288","metadata":{"contentType":"Curious Reader Audio","license":"U","title":"Untitled Curious Reader Audio"}},"backgroundOpacity":0,"willDoAnimation":false,"animationType":"glow","displayAsButton":false,"buttonSize":"big","goToSlideType":"specified","invisible":false},{"x":29.336734693877553,"y":10.067707808564231,"width":40.05102040816327,"height":67.2544080604534,"action":{"library":"H5P.Image 1.1","params":{"contentName":"Image"},"subContentId":"b8acf9f6-827b-4661-a561-81de9366df78","metadata":{"contentType":"Image","license":"U","title":"Untitled Image"}},"backgroundOpacity":0,"willDoAnimation":true,"animationType":"glow","displayAsButton":false,"buttonSize":"big","goToSlideType":"specified","invisible":false,"id":"img1ebf2e95-8d60-4331-921e-aee98700d288_2"},{"x":29.336734693877553,"y":7.552745591939547,"width":40.05102040816327,"height":72.29219143576826,"action":{"library":"H5P.Image 1.1","params":{"contentName":"Image"},"subContentId":"ba60b712-f970-4ac0-af07-cdb9107c1e5f","metadata":{"contentType":"Image","license":"U","title":"Untitled Image"}},"backgroundOpacity":0,"willDoAnimation":true,"animationType":"glow","displayAsButton":false,"buttonSize":"big","goToSlideType":"specified","invisible":false,"id":"img1ebf2e95-8d60-4331-921e-aee98700d288_1"}],"slideBackgroundSelector":{}},{"elements":[{"x":51.02040816326531,"y":15.113350125944583,"width":42.483660130719,"height":75.772592493771,"action":{"library":"H5P.Image 1.1","params":{"contentName":"Image","file":{"path":"images\/file-618ecf61254ef.jpg","mime":"image\/jpeg","copyright":{"license":"U"},"width":273,"height":273},"alt":"Woza, uzodlala umacashelana nathi.","title":"Woza, uzodlala umacashelana nathi."},"subContentId":"b3bbd262-e926-4513-ae5d-6426653a8687","metadata":{"contentType":"Image","license":"U","title":"Untitled Image"}},"backgroundOpacity":0,"willDoAnimation":false,"animationType":"glow","displayAsButton":false,"buttonSize":"big","goToSlideType":"specified","invisible":false},{"x":3.826530612244898,"y":40.30226700251889,"width":49.744897959183675,"height":50.377833753148614,"action":{"library":"H5P.CRAdvancedText 1.1","params":{"text":"<p dir=\"ltr\" style=\"text-align: center;\"><span style=\"color:#ffffff;\"><span style=\"font-size:2.25em;\">\u0906\u0909, \u0939\u093e\u092e\u0940\u0938\u0901\u0917 \u0932\u0941\u0915\u093e\u092e\u093e\u0930\u0940 \u0916\u0947\u0932<\/span><\/span><\/p>\n"},"subContentId":"2f66b069-73bc-4244-a662-95291edb4cfd","metadata":{"contentType":"Text","license":"U","title":"Untitled Text"}},"alwaysDisplayComments":false,"backgroundOpacity":0,"willDoAnimation":false,"animationType":"glow","displayAsButton":false,"buttonSize":"big","goToSlideType":"specified","invisible":false,"solution":""},{"x":47.00255102040816,"y":43.95465994962216,"width":40,"height":40,"action":{"library":"H5P.CRAudio 1.4","params":{"fitToWrapper":true,"currIndex":16,"playerMode":"minimalistic","controls":true,"autoplay":true,"playAudio":"Play audio","pauseAudio":"Pause audio","contentName":"Audio","glowColor":"#ffd85a","timeStampForEachText":[{"text":" \u0906\u0909, ","startDuration":"0.0000","endDuration":"0.4460","wordfile":[{"path":"audios\/wordfile-65e241a7ef3f3.wav","mime":"audio\/x-wav","copyright":{"license":"U"}}]},{"text":" \u0939\u093e\u092e\u0940\u0938\u0901\u0917 ","startDuration":"0.4470","endDuration":"1.2423","wordfile":[{"path":"audios\/wordfile-65e241bab5070.wav","mime":"audio\/x-wav","copyright":{"license":"U"}}]},{"text":" \u0932\u0941\u0915\u093e\u092e\u093e\u0930\u0940 ","startDuration":"1.2433","endDuration":"2.0921","wordfile":[{"path":"audios\/wordfile-65e241cec94fc.wav","mime":"audio\/x-wav","copyright":{"license":"U"}}]},{"text":" \u0916\u0947\u0932 ","startDuration":"2.0931","endDuration":"2.6449","wordfile":[{"path":"audios\/wordfile-65e2420112880.wav","mime":"audio\/x-wav","copyright":{"license":"U"}}]}],"files":[{"path":"audios\/files-65e2419008198.wav","mime":"audio\/x-wav","copyright":{"license":"U"}}]},"subContentId":"3d20a887-61f8-4fe9-8a1d-f8e05e0bcedb","metadata":{"contentType":"Curious Reader Audio","license":"U","title":"Untitled Curious Reader Audio"}},"backgroundOpacity":0,"willDoAnimation":false,"animationType":"glow","displayAsButton":false,"buttonSize":"big","goToSlideType":"specified","invisible":false},{"x":54.8469387755102,"y":40.30226700251889,"width":15.178571428571429,"height":40.050377833753146,"action":{"library":"H5P.Image 1.1","params":{"contentName":"Image"},"subContentId":"61f52d4f-8e66-4786-8375-08cd4decdff1","metadata":{"contentType":"Image","license":"U","title":"Untitled Image"}},"backgroundOpacity":0,"willDoAnimation":true,"animationType":"glow","displayAsButton":false,"buttonSize":"big","goToSlideType":"specified","invisible":false,"id":"img3d20a887-61f8-4fe9-8a1d-f8e05e0bcedb_2"},{"x":77.8061224489796,"y":12.586599496221663,"width":15.816326530612246,"height":40.050377833753146,"action":{"library":"H5P.Image 1.1","params":{"contentName":"Image"},"subContentId":"085e314b-61e5-41a1-a56d-5a85dc5fdcdb","metadata":{"contentType":"Image","license":"U","title":"Untitled Image"}},"backgroundOpacity":0,"willDoAnimation":true,"animationType":"glow","displayAsButton":false,"buttonSize":"big","goToSlideType":"specified","invisible":false,"id":"img3d20a887-61f8-4fe9-8a1d-f8e05e0bcedb_2"},{"x":67.60204081632652,"y":42.79748110831235,"width":17.091836734693878,"height":49.622166246851386,"action":{"library":"H5P.Image 1.1","params":{"contentName":"Image"},"subContentId":"f9ce88f2-5512-47df-8d66-cbf5852d8e16","metadata":{"contentType":"Image","license":"U","title":"Untitled Image"}},"backgroundOpacity":0,"willDoAnimation":true,"animationType":"glow","displayAsButton":false,"buttonSize":"big","goToSlideType":"specified","invisible":false,"id":"img3d20a887-61f8-4fe9-8a1d-f8e05e0bcedb_3"},{"x":54.8469387755102,"y":37.76372795969773,"width":14.540816326530612,"height":40.050377833753146,"action":{"library":"H5P.Image 1.1","params":{"contentName":"Image"},"subContentId":"d976e42c-0046-4365-83de-ba092cb49f42","metadata":{"contentType":"Image","license":"U","title":"Untitled Image"}},"backgroundOpacity":0,"willDoAnimation":true,"animationType":"glow","displayAsButton":false,"buttonSize":"big","goToSlideType":"specified","invisible":false,"id":"img3d20a887-61f8-4fe9-8a1d-f8e05e0bcedb_1"},{"x":77.8061224489796,"y":10.067707808564231,"width":15.816326530612246,"height":40.050377833753146,"action":{"library":"H5P.Image 1.1","params":{"contentName":"Image"},"subContentId":"feff1298-b4bc-433e-8176-878bcc13b643","metadata":{"contentType":"Image","license":"U","title":"Untitled Image"}},"backgroundOpacity":0,"willDoAnimation":true,"animationType":"glow","displayAsButton":false,"buttonSize":"big","goToSlideType":"specified","invisible":false,"id":"img3d20a887-61f8-4fe9-8a1d-f8e05e0bcedb_1"},{"x":67.60204081632652,"y":45.30453400503778,"width":17.091836734693878,"height":44.58438287153652,"action":{"library":"H5P.Image 1.1","params":{"contentName":"Image"},"subContentId":"2fdc4f31-cc5c-4477-a4eb-2cb2f5c8560e","metadata":{"contentType":"Image","license":"U","title":"Untitled Image"}},"backgroundOpacity":0,"willDoAnimation":true,"animationType":"glow","displayAsButton":false,"buttonSize":"big","goToSlideType":"specified","invisible":false,"id":"img3d20a887-61f8-4fe9-8a1d-f8e05e0bcedb_1"}],"slideBackgroundSelector":{}},{"elements":[{"x":12.755102040816327,"y":80.60453400503778,"width":73.9795918367347,"height":17.12846347607053,"action":{"library":"H5P.CRAdvancedText 1.1","params":{"text":"<p dir=\"ltr\" style=\"text-align: center;\"><span style=\"color:#ffffff;\"><span style=\"font-size:2.25em;\">\u0906\u0909, \u0939\u093e\u092e\u0940\u0938\u0901\u0917 \u092a\u0922<\/span><\/span><\/p>\n"},"subContentId":"c2f3f53b-4ef2-41bf-8273-468816eeee27","metadata":{"contentType":"Text","license":"U","title":"Untitled Text"}},"alwaysDisplayComments":false,"backgroundOpacity":0,"willDoAnimation":false,"animationType":"glow","displayAsButton":false,"buttonSize":"big","goToSlideType":"specified","invisible":false,"solution":""},{"x":30.357142857142858,"y":5.541561712846347,"width":38.392857142857146,"height":73.04785894206549,"action":{"library":"H5P.Image 1.1","params":{"contentName":"Image","file":{"path":"images\/file-618ec1d1dba5b.jpg","mime":"image\/jpeg","copyright":{"license":"U"},"width":273,"height":273},"alt":"Woza, ufunde kanye nathi.","title":"Woza, ufunde kanye nathi."},"subContentId":"006c0f7a-5773-4f46-bf82-5931c01adc2f","metadata":{"contentType":"Image","license":"U","title":"Untitled Image"}},"backgroundOpacity":0,"willDoAnimation":false,"animationType":"glow","displayAsButton":false,"buttonSize":"big","goToSlideType":"specified","invisible":false},{"x":47.00255102040816,"y":43.95465994962216,"width":40,"height":40,"action":{"library":"H5P.CRAudio 1.4","params":{"fitToWrapper":true,"currIndex":17,"playerMode":"minimalistic","controls":true,"autoplay":true,"playAudio":"Play audio","pauseAudio":"Pause audio","contentName":"Audio","glowColor":"#ffd85a","timeStampForEachText":[{"text":" \u0906\u0909, ","startDuration":"0.0000","endDuration":"0.4566","wordfile":[{"path":"audios\/wordfile-65e2422e36556.wav","mime":"audio\/x-wav","copyright":{"license":"U"}}]},{"text":" \u0939\u093e\u092e\u0940\u0938\u0901\u0917 ","startDuration":"0.4576","endDuration":"1.2571","wordfile":[{"path":"audios\/wordfile-65e24240f0e37.wav","mime":"audio\/x-wav","copyright":{"license":"U"}}]},{"text":" \u092a\u0922 ","startDuration":"1.2581","endDuration":"1.8304","wordfile":[{"path":"audios\/wordfile-65e2425297789.wav","mime":"audio\/x-wav","copyright":{"license":"U"}}]}],"files":[{"path":"audios\/files-65e2421891c12.wav","mime":"audio\/x-wav","copyright":{"license":"U"}}]},"subContentId":"b156d1ad-6d8d-491b-8a33-16bd5ebeb268","metadata":{"contentType":"Curious Reader Audio","license":"U","title":"Untitled Curious Reader Audio"}},"backgroundOpacity":0,"willDoAnimation":false,"animationType":"glow","displayAsButton":false,"buttonSize":"big","goToSlideType":"specified","invisible":false},{"x":29.336734693877553,"y":12.586599496221663,"width":40.05102040816327,"height":62.216624685138534,"action":{"library":"H5P.Image 1.1","params":{"contentName":"Image"},"subContentId":"d578bd0e-2aad-4375-aebf-f1e83329f254","metadata":{"contentType":"Image","license":"U","title":"Untitled Image"}},"backgroundOpacity":0,"willDoAnimation":true,"animationType":"glow","displayAsButton":false,"buttonSize":"big","goToSlideType":"specified","invisible":false,"id":"imgb156d1ad-6d8d-491b-8a33-16bd5ebeb268_1"},{"x":31.887755102040817,"y":32.735768261964736,"width":12.372448979591837,"height":21.914357682619645,"action":{"library":"H5P.Image 1.1","params":{"contentName":"Image"},"subContentId":"34f16a02-a558-41bb-822e-5ee2c4a1dd4f","metadata":{"contentType":"Image","license":"U","title":"Untitled Image"}},"backgroundOpacity":0,"willDoAnimation":true,"animationType":"glow","displayAsButton":false,"buttonSize":"big","goToSlideType":"specified","invisible":false,"id":"imgb156d1ad-6d8d-491b-8a33-16bd5ebeb268_2"},{"x":54.8469387755102,"y":37.744080604534005,"width":11.096938775510205,"height":16.876574307304786,"action":{"library":"H5P.Image 1.1","params":{"contentName":"Image"},"subContentId":"049bea21-19b0-49fb-8d72-0fe86e064ffb","metadata":{"contentType":"Image","license":"U","title":"Untitled Image"}},"backgroundOpacity":0,"willDoAnimation":true,"animationType":"glow","displayAsButton":false,"buttonSize":"big","goToSlideType":"specified","invisible":false,"id":"imgb156d1ad-6d8d-491b-8a33-16bd5ebeb268_2"}],"slideBackgroundSelector":{}},{"elements":[{"x":0,"y":27.707808564231737,"width":47.19387755102041,"height":60.45340050377833,"action":{"library":"H5P.CRAdvancedText 1.1","params":{"text":"<p dir=\"ltr\" style=\"text-align: center;\"><span style=\"color:#ffffff;\"><span style=\"font-size:2.25em;\">\u0939\u093e\u092e\u0940 \u0938\u093e\u0925\u0940\u0939\u0930\u0942\u0938\u0901\u0917 \u0930\u092e\u093e\u0907\u0932\u094b \u0917\u0930\u094d\u0928 \u0930\u0941\u091a\u093e\u0909\u0901\u091b\u094c\u0902\u0964<\/span><\/span><\/p>\n"},"subContentId":"6515099d-443d-4e39-a9ae-78a04ed14f9a","metadata":{"contentType":"Text","license":"U","title":"Untitled Text"}},"alwaysDisplayComments":false,"backgroundOpacity":0,"willDoAnimation":false,"animationType":"glow","displayAsButton":false,"buttonSize":"big","goToSlideType":"specified","invisible":false,"solution":""},{"x":48.46938775510204,"y":15.113350125944583,"width":44.753086419753,"height":79.256935743964,"action":{"library":"H5P.Image 1.1","params":{"contentName":"Image","alt":"Sithanda ukuzijabulisa nabangani.","title":"Sithanda ukuzijabulisa nabangani.","file":{"path":"images\/file-618ec2e9676e8.jpg","mime":"image\/jpeg","copyright":{"license":"U"},"width":273,"height":273}},"subContentId":"d306951b-d37a-48f0-b520-d8cb6bed7af9","metadata":{"contentType":"Image","license":"U","title":"Untitled Image"}},"backgroundOpacity":0,"willDoAnimation":false,"animationType":"glow","displayAsButton":false,"buttonSize":"big","goToSlideType":"specified","invisible":false},{"x":47.00255102040816,"y":43.95465994962216,"width":40,"height":40,"action":{"library":"H5P.CRAudio 1.4","params":{"fitToWrapper":true,"currIndex":18,"playerMode":"minimalistic","controls":true,"autoplay":true,"playAudio":"Play audio","pauseAudio":"Pause audio","contentName":"Audio","glowColor":"#ffd85a","timeStampForEachText":[{"text":" \u0939\u093e\u092e\u0940 ","startDuration":"0.0000","endDuration":"0.4405","wordfile":[{"path":"audios\/wordfile-65f1f2a682653.wav","mime":"audio\/x-wav","copyright":{"license":"U"}}]},{"text":" \u0938\u093e\u0925\u0940\u0939\u0930\u0942\u0938\u0901\u0917 ","startDuration":"0.4415","endDuration":"1.7263","wordfile":[{"path":"audios\/wordfile-65f1f2b90e586.wav","mime":"audio\/x-wav","copyright":{"license":"U"}}]},{"text":" \u0930\u092e\u093e\u0907\u0932\u094b ","startDuration":"1.7273","endDuration":"2.5480","wordfile":[{"path":"audios\/wordfile-65f1f2c8b95ea.wav","mime":"audio\/x-wav","copyright":{"license":"U"}}]},{"text":" \u0917\u0930\u094d\u0928 ","startDuration":"2.5490","endDuration":"3.1964","wordfile":[{"path":"audios\/wordfile-65f1f2db38048.wav","mime":"audio\/x-wav","copyright":{"license":"U"}}]},{"text":" \u0930\u0941\u091a\u093e\u0909\u0901\u091b\u094c\u0902\u0964 ","startDuration":"3.1974","endDuration":"4.1493","wordfile":[{"path":"audios\/wordfile-65f1f312a1d98.wav","mime":"audio\/x-wav","copyright":{"license":"U"}}]}],"files":[{"path":"audios\/files-65f1f297e5eb3.wav","mime":"audio\/x-wav","copyright":{"license":"U"}}]},"subContentId":"2c361b58-6506-4e29-8801-87a093f5015d","metadata":{"contentType":"Curious Reader Audio","license":"U","title":"Untitled Curious Reader Audio"}},"backgroundOpacity":0,"willDoAnimation":false,"animationType":"glow","displayAsButton":false,"buttonSize":"big","goToSlideType":"specified","invisible":false},{"x":47.19387755102041,"y":12.590528967254407,"width":48.08673469387755,"height":79.84886649874055,"action":{"library":"H5P.Image 1.1","params":{"contentName":"Image"},"subContentId":"5094537c-afcc-406c-b5d1-714f6a6ceb55","metadata":{"contentType":"Image","license":"U","title":"Untitled Image"}},"backgroundOpacity":0,"willDoAnimation":true,"animationType":"glow","displayAsButton":false,"buttonSize":"big","goToSlideType":"specified","invisible":false,"id":"img2c361b58-6506-4e29-8801-87a093f5015d_1"}],"slideBackgroundSelector":{}},{"elements":[{"x":4.62962962962963,"y":11.415525114155251,"width":23.148148148148145,"height":15.981735159817353,"action":{"library":"H5P.Image 1.1","params":{"contentName":"Image","file":{"path":"images\/file-61faf81aea46b.png","mime":"image\/png","copyright":{"license":"U"},"width":1350,"height":487}},"metadata":{"contentType":"Image","license":"U","title":"Untitled Image"},"subContentId":"45750f56-188e-4f60-af42-6d631b2d556f"},"backgroundOpacity":0,"willDoAnimation":false,"animationType":"glow","displayAsButton":false,"buttonSize":"big","goToSlideType":"specified","invisible":false},{"x":37.03703703703704,"y":10.752688172043008,"width":28.124999999999996,"height":13.698630136986301,"action":{"library":"H5P.Image 1.1","params":{"contentName":"Image","file":{"path":"images\/file-61f9b09eb5330.png","mime":"image\/png","copyright":{"license":"U"},"width":814,"height":202}},"metadata":{"contentType":"Image","license":"U","title":"Untitled Image"},"subContentId":"cc2ecdc6-9393-428c-907b-f89bde66f5e3"},"backgroundOpacity":0,"willDoAnimation":false,"animationType":"glow","displayAsButton":false,"buttonSize":"big","goToSlideType":"specified","invisible":false},{"x":69.71677559912854,"y":6.451612903225806,"width":23.148148148148145,"height":23.28767123287671,"action":{"library":"H5P.Image 1.1","params":{"contentName":"Image","file":{"path":"images\/file-61f9b3987a86d.jpg","mime":"image\/jpeg","copyright":{"license":"U"},"width":306,"height":148}},"metadata":{"contentType":"Image","license":"U","title":"Untitled Image"},"subContentId":"523bfe62-f871-4d0d-a7d3-8902a69232f4"},"backgroundOpacity":0,"willDoAnimation":false,"animationType":"glow","displayAsButton":false,"buttonSize":"big","goToSlideType":"specified","invisible":false},{"x":17.857142857142858,"y":35.26448362720403,"width":65.359477124183,"height":56.98924731182795,"action":{"library":"H5P.CRAdvancedText 1.1","params":{"text":"<h3 style=\"text-align: center;\"><span style=\"font-size:1.125em;\"><strong>\"<\/strong><\/span>\u0938\u093e\u0925\u0940\u0939\u0930\u0942<span style=\"font-size:1.125em;\"><strong>\" credits<\/strong><\/span><\/h3>\n\n<h3 style=\"text-align: center;\"><span style=\"font-size:1em;\">This work, \"<\/span>\u0938\u093e\u0925\u0940\u0939\u0930\u0942<span style=\"font-size:1em;\">\", is a derivative of \"Friends\" by Zimbili Dlamini and Hlengiwe Zondi, used under CC BY. \"Abangani\" is licensed under CC BY 4.0 by Curious Learning.<\/span><\/h3>\n\n<h3 style=\"text-align: center;\"><br>\n<span style=\"font-size:1em;\">Book builder - Abraham Jerry Kakooza<\/span><\/h3>\n\n<p style=\"text-align: center;\">&nbsp;<\/p>\n"},"metadata":{"contentType":"Text","license":"U","title":"Untitled Text"},"subContentId":"01353513-0203-46a7-a7f4-bb1d8f346485"},"alwaysDisplayComments":false,"backgroundOpacity":0,"willDoAnimation":false,"animationType":"glow","displayAsButton":false,"buttonSize":"big","goToSlideType":"specified","invisible":false,"solution":""}],"slideBackgroundSelector":{}}],"keywordListEnabled":true,"globalBackgroundSelector":{"fillGlobalBackground":"#b7f5da"},"keywordListAlwaysShow":false,"keywordListAutoHide":false,"keywordListOpacity":90},"override":{"activeSurface":false,"hideSummarySlide":false,"summarySlideSolutionButton":true,"summarySlideRetryButton":true,"enablePrintButton":false,"social":{"showFacebookShare":false,"facebookShare":{"url":"@currentpageurl","quote":"I scored @score out of @maxScore on a task at @currentpageurl."},"showTwitterShare":false,"twitterShare":{"statement":"I scored @score out of @maxScore on a task at @currentpageurl.","url":"@currentpageurl","hashtags":"h5p, course"},"showGoogleShare":false,"googleShareUrl":"@currentpageurl"}},"l10n":{"slide":"Slide","score":"Score","yourScore":"Your Score","maxScore":"Max Score","total":"Total","totalScore":"Total Score","showSolutions":"Show solutions","retry":"Retry","exportAnswers":"Export text","hideKeywords":"Hide sidebar navigation menu","showKeywords":"Show sidebar navigation menu","fullscreen":"Fullscreen","exitFullscreen":"Exit fullscreen","prevSlide":"Previous slide","nextSlide":"Next slide","currentSlide":"Current slide","lastSlide":"Last slide","solutionModeTitle":"Exit solution mode","solutionModeText":"Solution Mode","summaryMultipleTaskText":"Multiple tasks","scoreMessage":"You achieved:","shareFacebook":"Share on Facebook","shareTwitter":"Share on Twitter","shareGoogle":"Share on Google+","summary":"Summary","solutionsButtonTitle":"Show comments","printTitle":"Print","printIngress":"How would you like to print this presentation?","printAllSlides":"Print all slides","printCurrentSlide":"Print current slide","noTitle":"No title","accessibilitySlideNavigationExplanation":"Use left and right arrow to change slide in that direction whenever canvas is selected.","accessibilityCanvasLabel":"Presentation canvas. Use left and right arrow to move between slides.","containsNotCompleted":"@slideName contains not completed interaction","containsCompleted":"@slideName contains completed interaction","slideCount":"Slide @index of @total","containsOnlyCorrect":"@slideName only has correct answers","containsIncorrectAnswers":"@slideName has incorrect answers","shareResult":"Share Result","accessibilityTotalScore":"You got @score of @maxScore points in total","accessibilityEnteredFullscreen":"Entered fullscreen","accessibilityExitedFullscreen":"Exited fullscreen"}}