{"presentation":{"slides":[{"elements":[{"x":4.934210526315789,"y":6.497894682122992,"width":92.49424342105263,"height":87.71832926131934,"action":{"library":"H5P.Image 1.1","params":{"contentName":"Image","file":{"path":"images\/file-66f3d606c69ce.gif","mime":"image\/gif","copyright":{"license":"U"},"width":1920,"height":1080}},"subContentId":"5b75cdb5-c22f-46f3-bdb5-0c5c22d36285","metadata":{"contentType":"Image","license":"U","title":"Untitled Image"}},"backgroundOpacity":0,"willDoAnimation":false,"animationType":"glow","displayAsButton":false,"buttonSize":"big","goToSlideType":"specified","invisible":false},{"x":41.118421052631575,"y":83.8228413993866,"width":39.99967105263158,"height":16.24135780007278,"action":{"library":"H5P.CRAdvancedText 1.1","params":{"text":"<p><span style=\"font-size:1.5em;color:hsl(0,0%,100%);\"><strong>Nan Jaaladha!<\/strong><\/span><\/p>"},"subContentId":"cf6c6de5-b3b2-493c-a8c5-6fe79f1eab7b","metadata":{"contentType":"Text","license":"U","title":"Untitled Text"}},"alwaysDisplayComments":false,"backgroundOpacity":0,"willDoAnimation":false,"animationType":"glow","displayAsButton":false,"buttonSize":"big","goToSlideType":"specified","invisible":false,"solution":""}],"slideBackgroundSelector":{}},{"elements":[{"x":4.934210526315789,"y":6.497894682122992,"width":92.49424342105263,"height":87.71832926131934,"action":{"library":"H5P.Image 1.1","params":{"contentName":"Image","file":{"path":"images\/file-66f3d63de85ec.gif","mime":"image\/gif","copyright":{"license":"U"},"width":1920,"height":1080}},"subContentId":"5b75cdb5-c22f-46f3-bdb5-0c5c22d36285","metadata":{"contentType":"Image","license":"U","title":"Untitled Image"}},"backgroundOpacity":0,"willDoAnimation":false,"animationType":"glow","displayAsButton":false,"buttonSize":"big","goToSlideType":"specified","invisible":false},{"x":32.89473684210526,"y":84.47263086759891,"width":39.99967105263158,"height":9.743463117949785,"action":{"library":"H5P.CRAdvancedText 1.1","params":{"text":"<p><span style=\"font-size:1.5em;color:hsl(0,0%,100%);\"><strong>Haasa\u2019a koo nan jaaladha!<\/strong><\/span><\/p>"},"subContentId":"7a466c49-6248-4f56-a07e-4d3844f3b446","metadata":{"contentType":"Text","license":"U","title":"Untitled Text"}},"alwaysDisplayComments":false,"backgroundOpacity":0,"willDoAnimation":false,"animationType":"glow","displayAsButton":false,"buttonSize":"big","goToSlideType":"specified","invisible":false,"solution":""},{"x":47.00006578947369,"y":44.0012898320944,"width":40,"height":40,"action":{"library":"H5P.CRAudio 1.4","params":{"fitToWrapper":true,"currIndex":1,"playerMode":"minimalistic","controls":true,"autoplay":true,"playAudio":"Play audio","pauseAudio":"Pause audio","contentName":"Audio","glowColor":"#ffd85a","timeStampForEachText":[{"text":" Haasa\u2019a ","startDuration":"0.0000","endDuration":"0.5250","wordfile":[{"path":"audios\/wordfile-670e181652add.wav","mime":"audio\/x-wav","copyright":{"license":"U"}}]},{"text":" koo ","startDuration":"0.5260","endDuration":"1.0510","wordfile":[{"path":"audios\/wordfile-670e1827c4bd1.wav","mime":"audio\/x-wav","copyright":{"license":"U"}}]},{"text":" nan ","startDuration":"1.0520","endDuration":"1.6276","wordfile":[{"path":"audios\/wordfile-670e183c2adf0.wav","mime":"audio\/x-wav","copyright":{"license":"U"}}]},{"text":" jaaladha! ","startDuration":"1.6286","endDuration":"2.3929","wordfile":[{"path":"audios\/wordfile-670e184bbac38.wav","mime":"audio\/x-wav","copyright":{"license":"U"}}]}],"files":[{"path":"audios\/files-670e17fd2a555.wav","mime":"audio\/x-wav","copyright":{"license":"U"}}]},"subContentId":"0982706f-98ff-4768-a8e4-93e1cf32aa2c","metadata":{"contentType":"Curious Reader Audio","license":"U","title":"Untitled Curious Reader Audio"}},"backgroundOpacity":0,"willDoAnimation":false,"animationType":"glow","displayAsButton":false,"buttonSize":"big","goToSlideType":"specified","invisible":false}],"slideBackgroundSelector":{}},{"elements":[{"x":4.934210526315789,"y":6.497894682122992,"width":92.49424342105263,"height":87.71832926131934,"action":{"library":"H5P.Image 1.1","params":{"contentName":"Image","file":{"path":"images\/file-66f3d6516cdad.gif","mime":"image\/gif","copyright":{"license":"U"},"width":1920,"height":1080}},"subContentId":"5b75cdb5-c22f-46f3-bdb5-0c5c22d36285","metadata":{"contentType":"Image","license":"U","title":"Untitled Image"}},"backgroundOpacity":0,"willDoAnimation":false,"animationType":"glow","displayAsButton":false,"buttonSize":"big","goToSlideType":"specified","invisible":false},{"x":36.18421052631579,"y":84.47263086759891,"width":39.99967105263158,"height":12.992410459011282,"action":{"library":"H5P.CRAdvancedText 1.1","params":{"text":"<p><span style=\"font-size:1.5em;color:hsl(0,0%,100%);\"><strong>Kolfa koo nan jaaladha!<\/strong><\/span><\/p>"},"subContentId":"c1cc78aa-c1b9-42db-bcf1-4af1c440bc25","metadata":{"contentType":"Text","license":"U","title":"Untitled Text"}},"alwaysDisplayComments":false,"backgroundOpacity":0,"willDoAnimation":false,"animationType":"glow","displayAsButton":false,"buttonSize":"big","goToSlideType":"specified","invisible":false,"solution":""},{"x":47.00006578947369,"y":44.0012898320944,"width":40,"height":40,"action":{"library":"H5P.CRAudio 1.4","params":{"fitToWrapper":true,"currIndex":2,"playerMode":"minimalistic","controls":true,"autoplay":true,"playAudio":"Play audio","pauseAudio":"Pause audio","contentName":"Audio","glowColor":"#ffd85a","timeStampForEachText":[{"text":" Kolfa ","startDuration":"0.0000","endDuration":"0.4827","wordfile":[{"path":"audios\/wordfile-6721d75064a98.wav","mime":"audio\/x-wav","copyright":{"license":"U"}}]},{"text":" koo ","startDuration":"0.4837","endDuration":"1.0405","wordfile":[{"path":"audios\/wordfile-670e1ab7e3372.wav","mime":"audio\/x-wav","copyright":{"license":"U"}}]},{"text":" nan ","startDuration":"1.0415","endDuration":"1.4532","wordfile":[{"path":"audios\/wordfile-670e1acb4c8bb.wav","mime":"audio\/x-wav","copyright":{"license":"U"}}]},{"text":" jaaladha! ","startDuration":"1.4542","endDuration":"2.2232","wordfile":[{"path":"audios\/wordfile-670e1ad5e82fd.wav","mime":"audio\/x-wav","copyright":{"license":"U"}}]}],"files":[{"path":"audios\/files-670e1a4cbfb0d.wav","mime":"audio\/x-wav","copyright":{"license":"U"}}]},"subContentId":"6ae78451-8aeb-45c4-95b2-077f94db8c21","metadata":{"contentType":"Curious Reader Audio","license":"U","title":"Untitled Curious Reader Audio"}},"backgroundOpacity":0,"willDoAnimation":false,"animationType":"glow","displayAsButton":false,"buttonSize":"big","goToSlideType":"specified","invisible":false}],"slideBackgroundSelector":{}},{"elements":[{"x":4.934210526315789,"y":6.497894682122992,"width":92.49424342105263,"height":87.71832926131934,"action":{"library":"H5P.Image 1.1","params":{"contentName":"Image","file":{"path":"images\/file-66f3d6671e4bf.gif","mime":"image\/gif","copyright":{"license":"U"},"width":1920,"height":1080}},"subContentId":"5b75cdb5-c22f-46f3-bdb5-0c5c22d36285","metadata":{"contentType":"Image","license":"U","title":"Untitled Image"}},"backgroundOpacity":0,"willDoAnimation":false,"animationType":"glow","displayAsButton":false,"buttonSize":"big","goToSlideType":"specified","invisible":false},{"x":29.605263157894736,"y":83.8228413993866,"width":54.27467105263158,"height":16.237978894838072,"action":{"library":"H5P.CRAdvancedText 1.1","params":{"text":"<p><span style=\"font-size:1.5em;color:hsl(0,0%,100%);\"><strong>Shubbisa koo nan jaaladha!<\/strong><\/span><\/p>"},"subContentId":"fb56eae8-a705-4101-8c86-4c965f8dce4e","metadata":{"contentType":"Text","license":"U","title":"Untitled Text"}},"alwaysDisplayComments":false,"backgroundOpacity":0,"willDoAnimation":false,"animationType":"glow","displayAsButton":false,"buttonSize":"big","goToSlideType":"specified","invisible":false,"solution":""},{"x":47.00006578947369,"y":44.0012898320944,"width":40,"height":40,"action":{"library":"H5P.CRAudio 1.4","params":{"fitToWrapper":true,"currIndex":3,"playerMode":"minimalistic","controls":true,"autoplay":true,"playAudio":"Play audio","pauseAudio":"Pause audio","contentName":"Audio","glowColor":"#ffd85a","timeStampForEachText":[{"text":" Shubbisa ","startDuration":"0.0000","endDuration":"0.7839","wordfile":[{"path":"audios\/wordfile-6721e791bb8a5.wav","mime":"audio\/x-wav","copyright":{"license":"U"}}]},{"text":" koo ","startDuration":"0.7849","endDuration":"1.2009","wordfile":[{"path":"audios\/wordfile-670e1b1e16ecf.wav","mime":"audio\/x-wav","copyright":{"license":"U"}}]},{"text":" nan ","startDuration":"1.2019","endDuration":"1.5059","wordfile":[{"path":"audios\/wordfile-670e1b3272598.wav","mime":"audio\/x-wav","copyright":{"license":"U"}}]},{"text":" jaaladha! ","startDuration":"1.5069","endDuration":"2.2678","wordfile":[{"path":"audios\/wordfile-6721e7b856c7c.wav","mime":"audio\/x-wav","copyright":{"license":"U"}}]}],"files":[{"path":"audios\/files-670e1a405fc50.wav","mime":"audio\/x-wav","copyright":{"license":"U"}}]},"subContentId":"355d8c98-c7ff-47e7-8b17-8cbf99a94319","metadata":{"contentType":"Curious Reader Audio","license":"U","title":"Untitled Curious Reader Audio"}},"backgroundOpacity":0,"willDoAnimation":false,"animationType":"glow","displayAsButton":false,"buttonSize":"big","goToSlideType":"specified","invisible":false}],"slideBackgroundSelector":{}},{"elements":[{"x":4.934210526315789,"y":6.497894682122992,"width":92.49424342105263,"height":87.71832926131934,"action":{"library":"H5P.Image 1.1","params":{"contentName":"Image","file":{"path":"images\/file-66f3d678455ea.jpg","mime":"image\/jpeg","copyright":{"license":"U"},"width":1920,"height":1080}},"subContentId":"5b75cdb5-c22f-46f3-bdb5-0c5c22d36285","metadata":{"contentType":"Image","license":"U","title":"Untitled Image"}},"backgroundOpacity":0,"willDoAnimation":false,"animationType":"glow","displayAsButton":false,"buttonSize":"big","goToSlideType":"specified","invisible":false},{"x":36.18421052631579,"y":84.47263086759891,"width":47.69572368421053,"height":12.989031553776577,"action":{"library":"H5P.CRAdvancedText 1.1","params":{"text":"<p><span style=\"font-size:1.5em;color:hsl(0,0%,100%);\"><strong>Utaalchaa koo nan jaaladha!<\/strong><\/span><\/p>"},"subContentId":"55404d04-ac6a-47bb-986c-8cd42b961381","metadata":{"contentType":"Text","license":"U","title":"Untitled Text"}},"alwaysDisplayComments":false,"backgroundOpacity":0,"willDoAnimation":false,"animationType":"glow","displayAsButton":false,"buttonSize":"big","goToSlideType":"specified","invisible":false,"solution":""},{"x":47.00006578947369,"y":44.0012898320944,"width":40,"height":40,"action":{"library":"H5P.CRAudio 1.4","params":{"fitToWrapper":true,"currIndex":4,"playerMode":"minimalistic","controls":true,"autoplay":true,"playAudio":"Play audio","pauseAudio":"Pause audio","contentName":"Audio","glowColor":"#ffd85a","timeStampForEachText":[{"text":" Utaalchaa ","startDuration":"0.0000","endDuration":"0.6469","wordfile":[{"path":"audios\/wordfile-670e1b7715ff7.wav","mime":"audio\/x-wav","copyright":{"license":"U"}}]},{"text":" koo ","startDuration":"0.6479","endDuration":"1.1477","wordfile":[{"path":"audios\/wordfile-670e1b81c0790.wav","mime":"audio\/x-wav","copyright":{"license":"U"}}]},{"text":" nan ","startDuration":"1.1487","endDuration":"1.7167","wordfile":[{"path":"audios\/wordfile-670e1b96ed431.wav","mime":"audio\/x-wav","copyright":{"license":"U"}}]},{"text":" jaaladha! ","startDuration":"1.7177","endDuration":"2.5759","wordfile":[{"path":"audios\/wordfile-670e1bb66132a.wav","mime":"audio\/x-wav","copyright":{"license":"U"}}]}],"files":[{"path":"audios\/files-670e1a33d45ed.wav","mime":"audio\/x-wav","copyright":{"license":"U"}}]},"subContentId":"5c910ea5-9b9b-4dac-9d55-ad1ffbf2bedc","metadata":{"contentType":"Curious Reader Audio","license":"U","title":"Untitled Curious Reader Audio"}},"backgroundOpacity":0,"willDoAnimation":false,"animationType":"glow","displayAsButton":false,"buttonSize":"big","goToSlideType":"specified","invisible":false}],"slideBackgroundSelector":{}},{"elements":[{"x":4.934210526315789,"y":6.497894682122992,"width":92.49424342105263,"height":87.71832926131934,"action":{"library":"H5P.Image 1.1","params":{"contentName":"Image","file":{"path":"images\/file-66f3d6a02677f.gif","mime":"image\/gif","copyright":{"license":"U"},"width":1920,"height":1080}},"subContentId":"5b75cdb5-c22f-46f3-bdb5-0c5c22d36285","metadata":{"contentType":"Image","license":"U","title":"Untitled Image"}},"backgroundOpacity":0,"willDoAnimation":false,"animationType":"glow","displayAsButton":false,"buttonSize":"big","goToSlideType":"specified","invisible":false},{"x":32.89473684210526,"y":84.47263086759891,"width":50.985197368421055,"height":12.989031553776577,"action":{"library":"H5P.CRAdvancedText 1.1","params":{"text":"<p><span style=\"font-size:1.5em;color:hsl(0,0%,100%);\"><strong>Fiigicha koo nan jaaladha!<\/strong><\/span><\/p>"},"subContentId":"b9a09936-b93d-40f2-9ef6-ab0e8e1c03dd","metadata":{"contentType":"Text","license":"U","title":"Untitled Text"}},"alwaysDisplayComments":false,"backgroundOpacity":0,"willDoAnimation":false,"animationType":"glow","displayAsButton":false,"buttonSize":"big","goToSlideType":"specified","invisible":false,"solution":""},{"x":47.00006578947369,"y":44.0012898320944,"width":40,"height":40,"action":{"library":"H5P.CRAudio 1.4","params":{"fitToWrapper":true,"currIndex":5,"playerMode":"minimalistic","controls":true,"autoplay":true,"playAudio":"Play audio","pauseAudio":"Pause audio","contentName":"Audio","glowColor":"#ffd85a","timeStampForEachText":[{"text":" Fiigicha ","startDuration":"0.0000","endDuration":"0.7637","wordfile":[{"path":"audios\/wordfile-6721d79e80f66.wav","mime":"audio\/x-wav","copyright":{"license":"U"}}]},{"text":" koo ","startDuration":"0.7647","endDuration":"1.1663","wordfile":[{"path":"audios\/wordfile-670e1be193490.wav","mime":"audio\/x-wav","copyright":{"license":"U"}}]},{"text":" nan ","startDuration":"1.1673","endDuration":"1.7167","wordfile":[{"path":"audios\/wordfile-670e1bf6b9d95.wav","mime":"audio\/x-wav","copyright":{"license":"U"}}]},{"text":" jaaladha! ","startDuration":"1.7177","endDuration":"2.5402","wordfile":[{"path":"audios\/wordfile-670e1c0a54bcc.wav","mime":"audio\/x-wav","copyright":{"license":"U"}}]}],"files":[{"path":"audios\/files-670e1a2780477.wav","mime":"audio\/x-wav","copyright":{"license":"U"}}]},"subContentId":"24242ab5-b5b6-48e4-b312-e119eab70f15","metadata":{"contentType":"Curious Reader Audio","license":"U","title":"Untitled Curious Reader Audio"}},"backgroundOpacity":0,"willDoAnimation":false,"animationType":"glow","displayAsButton":false,"buttonSize":"big","goToSlideType":"specified","invisible":false}],"slideBackgroundSelector":{}},{"elements":[{"x":4.934210526315789,"y":6.497894682122992,"width":92.49424342105263,"height":87.71832926131934,"action":{"library":"H5P.Image 1.1","params":{"contentName":"Image","file":{"path":"images\/file-66f3d6b5d9c52.gif","mime":"image\/gif","copyright":{"license":"U"},"width":1920,"height":1080}},"subContentId":"5b75cdb5-c22f-46f3-bdb5-0c5c22d36285","metadata":{"contentType":"Image","license":"U","title":"Untitled Image"}},"backgroundOpacity":0,"willDoAnimation":false,"animationType":"glow","displayAsButton":false,"buttonSize":"big","goToSlideType":"specified","invisible":false},{"x":26.31578947368421,"y":81.22368352653741,"width":55.91940789473684,"height":9.74008421271508,"action":{"library":"H5P.CRAdvancedText 1.1","params":{"text":"<p><span style=\"font-size:1.5em;color:hsl(0,0%,100%);\"><strong>Haala sorataa koo nan jaaladha!<\/strong><\/span><\/p>"},"subContentId":"60aef261-fc97-4eff-8a98-745337a6a5d8","metadata":{"contentType":"Text","license":"U","title":"Untitled Text"}},"alwaysDisplayComments":false,"backgroundOpacity":0,"willDoAnimation":false,"animationType":"glow","displayAsButton":false,"buttonSize":"big","goToSlideType":"specified","invisible":false,"solution":""},{"x":47.00006578947369,"y":44.0012898320944,"width":40,"height":40,"action":{"library":"H5P.CRAudio 1.4","params":{"fitToWrapper":true,"currIndex":6,"playerMode":"minimalistic","controls":true,"autoplay":true,"playAudio":"Play audio","pauseAudio":"Pause audio","contentName":"Audio","glowColor":"#ffd85a","timeStampForEachText":[{"text":" Haala ","startDuration":"0.0000","endDuration":"0.4200","wordfile":[{"path":"audios\/wordfile-670e1c41d3557.wav","mime":"audio\/x-wav","copyright":{"license":"U"}}]},{"text":" sorataa ","startDuration":"0.4210","endDuration":"0.8850","wordfile":[{"path":"audios\/wordfile-6721d83fd7b14.wav","mime":"audio\/x-wav","copyright":{"license":"U"}}]},{"text":" koo ","startDuration":"0.8860","endDuration":"1.0860","wordfile":[{"path":"audios\/wordfile-670e1c6e58348.wav","mime":"audio\/x-wav","copyright":{"license":"U"}}]},{"text":" nan ","startDuration":"1.0870","endDuration":"1.5070","wordfile":[{"path":"audios\/wordfile-670e1c8204723.wav","mime":"audio\/x-wav","copyright":{"license":"U"}}]},{"text":" jaaladha! ","startDuration":"1.5080","endDuration":"2.2678","wordfile":[{"path":"audios\/wordfile-670e1c96ef862.wav","mime":"audio\/x-wav","copyright":{"license":"U"}}]}],"files":[{"path":"audios\/files-6721d7d0ac6f0.wav","mime":"audio\/x-wav","copyright":{"license":"U"}}]},"subContentId":"6560c6ec-f3cf-46ba-bc49-7b9a0acd29ea","metadata":{"contentType":"Curious Reader Audio","license":"U","title":"Untitled Curious Reader Audio"}},"backgroundOpacity":0,"willDoAnimation":false,"animationType":"glow","displayAsButton":false,"buttonSize":"big","goToSlideType":"specified","invisible":false}],"slideBackgroundSelector":{}},{"elements":[{"x":4.934210526315789,"y":6.497894682122992,"width":92.49424342105263,"height":87.71832926131934,"action":{"library":"H5P.Image 1.1","params":{"contentName":"Image","file":{"path":"images\/file-6718a0d4c1489.jpg","mime":"image\/jpeg","copyright":{"license":"U"},"width":1920,"height":1080}},"subContentId":"5b75cdb5-c22f-46f3-bdb5-0c5c22d36285","metadata":{"contentType":"Image","license":"U","title":"Untitled Image"}},"backgroundOpacity":0,"willDoAnimation":false,"animationType":"glow","displayAsButton":false,"buttonSize":"big","goToSlideType":"specified","invisible":false},{"x":27.960526315789473,"y":84.47263086759891,"width":54.27467105263158,"height":9.74008421271508,"action":{"library":"H5P.CRAdvancedText 1.1","params":{"text":"<p><span style=\"font-size:1.5em;color:hsl(0,0%,100%);\"><strong>Haala yaada koo nan jaaladha!<\/strong><\/span><\/p>"},"subContentId":"abc89907-3c75-476f-ab95-02eb3604c7bd","metadata":{"contentType":"Text","license":"U","title":"Untitled Text"}},"alwaysDisplayComments":false,"backgroundOpacity":0,"willDoAnimation":false,"animationType":"glow","displayAsButton":false,"buttonSize":"big","goToSlideType":"specified","invisible":false,"solution":""},{"x":47.00006578947369,"y":44.0012898320944,"width":40,"height":40,"action":{"library":"H5P.CRAudio 1.4","params":{"fitToWrapper":true,"currIndex":7,"playerMode":"minimalistic","controls":true,"autoplay":true,"playAudio":"Play audio","pauseAudio":"Pause audio","contentName":"Audio","glowColor":"#ffd85a","timeStampForEachText":[{"text":" Haala ","startDuration":"0.0000","endDuration":"0.5456","wordfile":[{"path":"audios\/wordfile-670e1d3b9b897.wav","mime":"audio\/x-wav","copyright":{"license":"U"}}]},{"text":" yaada ","startDuration":"0.5466","endDuration":"0.8136","wordfile":[{"path":"audios\/wordfile-670e1d481dc5a.wav","mime":"audio\/x-wav","copyright":{"license":"U"}}]},{"text":" koo ","startDuration":"0.8146","endDuration":"1.0428","wordfile":[{"path":"audios\/wordfile-670e1d5f0a040.wav","mime":"audio\/x-wav","copyright":{"license":"U"}}]},{"text":" nan ","startDuration":"1.0438","endDuration":"1.2861","wordfile":[{"path":"audios\/wordfile-670e1d7272459.wav","mime":"audio\/x-wav","copyright":{"license":"U"}}]},{"text":" jaaladha! ","startDuration":"1.2871","endDuration":"2.0000","wordfile":[{"path":"audios\/wordfile-670e1d7c0d524.wav","mime":"audio\/x-wav","copyright":{"license":"U"}}]}],"files":[{"path":"audios\/files-670e1a02efeff.wav","mime":"audio\/x-wav","copyright":{"license":"U"}}]},"subContentId":"39a7626a-d172-48c1-bc07-ef7d9655a0c8","metadata":{"contentType":"Curious Reader Audio","license":"U","title":"Untitled Curious Reader Audio"}},"backgroundOpacity":0,"willDoAnimation":false,"animationType":"glow","displayAsButton":false,"buttonSize":"big","goToSlideType":"specified","invisible":false}],"slideBackgroundSelector":{}},{"elements":[{"x":4.934210526315789,"y":6.497894682122992,"width":92.49424342105263,"height":87.71832926131934,"action":{"library":"H5P.Image 1.1","params":{"contentName":"Image","file":{"path":"images\/file-6718a10088964.gif","mime":"image\/gif","copyright":{"license":"U"},"width":1920,"height":1080}},"subContentId":"5b75cdb5-c22f-46f3-bdb5-0c5c22d36285","metadata":{"contentType":"Image","license":"U","title":"Untitled Image"}},"backgroundOpacity":0,"willDoAnimation":false,"animationType":"glow","displayAsButton":false,"buttonSize":"big","goToSlideType":"specified","invisible":false},{"x":24.67105263157895,"y":84.47263086759891,"width":54.27467105263158,"height":12.989031553776577,"action":{"library":"H5P.CRAdvancedText 1.1","params":{"text":"<p><span style=\"font-size:1.5em;color:hsl(0,0%,100%);\"><strong>Haala dubbisa koo nan jaaladha!<\/strong><\/span><\/p>"},"subContentId":"8c32c1c8-63b0-4c65-86f4-4de684425ba7","metadata":{"contentType":"Text","license":"U","title":"Untitled Text"}},"alwaysDisplayComments":false,"backgroundOpacity":0,"willDoAnimation":false,"animationType":"glow","displayAsButton":false,"buttonSize":"big","goToSlideType":"specified","invisible":false,"solution":""},{"x":47.00006578947369,"y":44.0012898320944,"width":40,"height":40,"action":{"library":"H5P.CRAudio 1.4","params":{"fitToWrapper":true,"currIndex":8,"playerMode":"minimalistic","controls":true,"autoplay":true,"playAudio":"Play audio","pauseAudio":"Pause audio","contentName":"Audio","glowColor":"#ffd85a","timeStampForEachText":[{"text":" Haala ","startDuration":"0.0000","endDuration":"0.3755","wordfile":[{"path":"audios\/wordfile-670e1cb1919f0.wav","mime":"audio\/x-wav","copyright":{"license":"U"}}]},{"text":" dubbisa ","startDuration":"0.3765","endDuration":"0.9406","wordfile":[{"path":"audios\/wordfile-670e1ccfd138f.wav","mime":"audio\/x-wav","copyright":{"license":"U"}}]},{"text":" koo ","startDuration":"0.9416","endDuration":"1.1416","wordfile":[{"path":"audios\/wordfile-670e1cee40586.wav","mime":"audio\/x-wav","copyright":{"license":"U"}}]},{"text":" nan ","startDuration":"1.1426","endDuration":"1.6381","wordfile":[{"path":"audios\/wordfile-670e1d039d610.wav","mime":"audio\/x-wav","copyright":{"license":"U"}}]},{"text":" jaaladha! ","startDuration":"1.6391","endDuration":"2.4286","wordfile":[{"path":"audios\/wordfile-670e1d0ed351f.wav","mime":"audio\/x-wav","copyright":{"license":"U"}}]}],"files":[{"path":"audios\/files-670e1a0f0258a.wav","mime":"audio\/x-wav","copyright":{"license":"U"}}]},"subContentId":"bd2caa02-038c-46aa-98f7-3d7a118e583f","metadata":{"contentType":"Curious Reader Audio","license":"U","title":"Untitled Curious Reader Audio"}},"backgroundOpacity":0,"willDoAnimation":false,"animationType":"glow","displayAsButton":false,"buttonSize":"big","goToSlideType":"specified","invisible":false}],"slideBackgroundSelector":{}},{"elements":[{"x":3.289473684210526,"y":6.497894682122992,"width":94.13898026315789,"height":87.71832926131934,"action":{"library":"H5P.Image 1.1","params":{"contentName":"Image","file":{"path":"images\/file-67235d04eaad1.gif","mime":"image\/gif","copyright":{"license":"U"},"width":1920,"height":1080}},"subContentId":"cd1fb84c-d532-4a61-959b-65bf7f2b8da0","metadata":{"contentType":"Image","license":"U","title":"Untitled Image"}},"backgroundOpacity":0,"willDoAnimation":false,"animationType":"glow","displayAsButton":false,"buttonSize":"big","goToSlideType":"specified","invisible":false},{"x":27.960526315789473,"y":84.47263086759891,"width":57.5641447368421,"height":12.989031553776577,"action":{"library":"H5P.CRAdvancedText 1.1","params":{"text":"<p><span style=\"font-size:1.5em;color:hsl(0,0%,100%);\"><strong>Haala Uffannaa koo nan jaaladha!<\/strong><\/span><\/p>"},"subContentId":"f148b052-3771-460c-9f50-9156ec5bc2ca","metadata":{"contentType":"Text","license":"U","title":"Untitled Text"}},"alwaysDisplayComments":false,"backgroundOpacity":0,"willDoAnimation":false,"animationType":"glow","displayAsButton":false,"buttonSize":"big","goToSlideType":"specified","invisible":false,"solution":""},{"x":47.00006578947369,"y":44.0012898320944,"width":40,"height":40,"action":{"library":"H5P.CRAudio 1.4","params":{"fitToWrapper":true,"currIndex":9,"playerMode":"minimalistic","controls":true,"autoplay":true,"playAudio":"Play audio","pauseAudio":"Pause audio","contentName":"Audio","glowColor":"#ffd85a","timeStampForEachText":[{"text":" Haala ","startDuration":"0.0000","endDuration":"0.5178","wordfile":[{"path":"audios\/wordfile-670e1da760669.wav","mime":"audio\/x-wav","copyright":{"license":"U"}}]},{"text":" Uffannaa ","startDuration":"0.5188","endDuration":"1.0885","wordfile":[{"path":"audios\/wordfile-670e1db5212e8.wav","mime":"audio\/x-wav","copyright":{"license":"U"}}]},{"text":" koo ","startDuration":"1.0895","endDuration":"1.4817","wordfile":[{"path":"audios\/wordfile-670e1dd5b77ec.wav","mime":"audio\/x-wav","copyright":{"license":"U"}}]},{"text":" nan ","startDuration":"1.4827","endDuration":"1.9341","wordfile":[{"path":"audios\/wordfile-670e1de7ac57b.wav","mime":"audio\/x-wav","copyright":{"license":"U"}}]},{"text":" jaaladha! ","startDuration":"1.9351","endDuration":"2.7946","wordfile":[{"path":"audios\/wordfile-670e1df5b976c.wav","mime":"audio\/x-wav","copyright":{"license":"U"}}]}],"files":[{"path":"audios\/files-670e19f6c2011.wav","mime":"audio\/x-wav","copyright":{"license":"U"}}]},"subContentId":"f7eaa749-edfa-4795-b420-d3b430d9cbdf","metadata":{"contentType":"Curious Reader Audio","license":"U","title":"Untitled Curious Reader Audio"}},"backgroundOpacity":0,"willDoAnimation":false,"animationType":"glow","displayAsButton":false,"buttonSize":"big","goToSlideType":"specified","invisible":false}],"slideBackgroundSelector":{}},{"elements":[{"x":4.934210526315789,"y":6.497894682122992,"width":92.49424342105263,"height":87.71832926131934,"action":{"library":"H5P.Image 1.1","params":{"contentName":"Image","file":{"path":"images\/file-66f3d732770da.gif","mime":"image\/gif","copyright":{"license":"U"},"width":1920,"height":1080}},"subContentId":"5b75cdb5-c22f-46f3-bdb5-0c5c22d36285","metadata":{"contentType":"Image","license":"U","title":"Untitled Image"}},"backgroundOpacity":0,"willDoAnimation":false,"animationType":"glow","displayAsButton":false,"buttonSize":"big","goToSlideType":"specified","invisible":false},{"x":21.38157894736842,"y":81.22368352653741,"width":77.30098684210526,"height":12.989031553776577,"action":{"library":"H5P.CRAdvancedText 1.1","params":{"text":"<p><span style=\"font-size:1.5em;color:hsl(0,0%,100%);\"><strong>Haalan ittiin of jaaladhus nan jaaladha!<\/strong><\/span><\/p>"},"subContentId":"3309cb18-6547-4a44-89d2-0ac4f2ea4e52","metadata":{"contentType":"Text","license":"U","title":"Untitled Text"}},"alwaysDisplayComments":false,"backgroundOpacity":0,"willDoAnimation":false,"animationType":"glow","displayAsButton":false,"buttonSize":"big","goToSlideType":"specified","invisible":false,"solution":""},{"x":47.00006578947369,"y":44.0012898320944,"width":40,"height":40,"action":{"library":"H5P.CRAudio 1.4","params":{"fitToWrapper":true,"currIndex":10,"playerMode":"minimalistic","controls":true,"autoplay":true,"playAudio":"Play audio","pauseAudio":"Pause audio","contentName":"Audio","glowColor":"#ffd85a","timeStampForEachText":[{"text":" Haalan ","startDuration":"0.0000","endDuration":"0.5989","wordfile":[{"path":"audios\/wordfile-6721e04274e29.wav","mime":"audio\/x-wav","copyright":{"license":"U"}}]},{"text":" ittiin ","startDuration":"0.5999","endDuration":"0.8054","wordfile":[{"path":"audios\/wordfile-670e198727550.wav","mime":"audio\/x-wav","copyright":{"license":"U"}}]},{"text":" of ","startDuration":"0.8064","endDuration":"1.0064","wordfile":[{"path":"audios\/wordfile-670e1995daf54.wav","mime":"audio\/x-wav","copyright":{"license":"U"}}]},{"text":" jaaladhus ","startDuration":"0.9692","endDuration":"1.7921","wordfile":[{"path":"audios\/wordfile-670e19bb32611.wav","mime":"audio\/x-wav","copyright":{"license":"U"}}]},{"text":" nan ","startDuration":"1.7931","endDuration":"2.2608","wordfile":[{"path":"audios\/wordfile-670e19cb258ec.wav","mime":"audio\/x-wav","copyright":{"license":"U"}}]},{"text":" jaaladha! ","startDuration":"2.2564","endDuration":"3.0982","wordfile":[{"path":"audios\/wordfile-670e19e70e85d.wav","mime":"audio\/x-wav","copyright":{"license":"U"}}]}],"files":[{"path":"audios\/files-670e19517f3be.wav","mime":"audio\/x-wav","copyright":{"license":"U"}}]},"subContentId":"78393a21-69a4-4733-b4d0-6212023b4bf7","metadata":{"contentType":"Curious Reader Audio","license":"U","title":"Untitled Curious Reader Audio"}},"backgroundOpacity":0,"willDoAnimation":false,"animationType":"glow","displayAsButton":false,"buttonSize":"big","goToSlideType":"specified","invisible":false}],"slideBackgroundSelector":{}},{"elements":[{"x":4.934210526315789,"y":6.497894682122992,"width":92.49424342105263,"height":87.71832926131934,"action":{"library":"H5P.Image 1.1","params":{"contentName":"Image","file":{"path":"images\/file-672f156999d50.png","mime":"image\/png","copyright":{"license":"U"},"width":1838,"height":928}},"subContentId":"f29f848c-905a-4135-b47c-364746872baa","metadata":{"contentType":"Image","license":"U","title":"Untitled Image"}},"backgroundOpacity":0,"willDoAnimation":false,"animationType":"glow","displayAsButton":false,"buttonSize":"big","goToSlideType":"specified","invisible":false}],"slideBackgroundSelector":{}}],"keywordListEnabled":true,"globalBackgroundSelector":{},"keywordListAlwaysShow":false,"keywordListAutoHide":false,"keywordListOpacity":90},"override":{"activeSurface":false,"hideSummarySlide":false,"summarySlideSolutionButton":true,"summarySlideRetryButton":true,"enablePrintButton":false,"social":{"showFacebookShare":false,"facebookShare":{"url":"@currentpageurl","quote":"I scored @score out of @maxScore on a task at @currentpageurl."},"showTwitterShare":false,"twitterShare":{"statement":"I scored @score out of @maxScore on a task at @currentpageurl.","url":"@currentpageurl","hashtags":"h5p, course"},"showGoogleShare":false,"googleShareUrl":"@currentpageurl"}},"l10n":{"slide":"Slide","score":"Score","yourScore":"Your Score","maxScore":"Max Score","total":"Total","totalScore":"Total Score","showSolutions":"Show solutions","retry":"Retry","exportAnswers":"Export text","hideKeywords":"Hide sidebar navigation menu","showKeywords":"Show sidebar navigation menu","fullscreen":"Fullscreen","exitFullscreen":"Exit fullscreen","prevSlide":"Previous slide","nextSlide":"Next slide","currentSlide":"Current slide","lastSlide":"Last slide","solutionModeTitle":"Exit solution mode","solutionModeText":"Solution Mode","summaryMultipleTaskText":"Multiple tasks","scoreMessage":"You achieved:","shareFacebook":"Share on Facebook","shareTwitter":"Share on Twitter","shareGoogle":"Share on Google+","summary":"Summary","solutionsButtonTitle":"Show comments","printTitle":"Print","printIngress":"How would you like to print this presentation?","printAllSlides":"Print all slides","printCurrentSlide":"Print current slide","noTitle":"No title","accessibilitySlideNavigationExplanation":"Use left and right arrow to change slide in that direction whenever canvas is selected.","accessibilityCanvasLabel":"Presentation canvas. Use left and right arrow to move between slides.","containsNotCompleted":"@slideName contains not completed interaction","containsCompleted":"@slideName contains completed interaction","slideCount":"Slide @index of @total","containsOnlyCorrect":"@slideName only has correct answers","containsIncorrectAnswers":"@slideName has incorrect answers","shareResult":"Share Result","accessibilityTotalScore":"You got @score of @maxScore points in total","accessibilityEnteredFullscreen":"Entered fullscreen","accessibilityExitedFullscreen":"Exited fullscreen"}}