{"presentation":{"slides":[{"elements":[{"x":8.928571428571429,"y":7.552745591939547,"width":83.29081632653062,"height":83.1234256926952,"action":{"library":"H5P.Image 1.1","params":{"contentName":"Image","file":{"path":"images\/file-6218feaadd814.jpg","mime":"image\/jpeg","copyright":{"license":"U"},"width":959,"height":459}},"metadata":{"contentType":"Image","license":"U","title":"Untitled Image"},"subContentId":"d3293589-4415-4ebf-ae1a-961ae11f41b0"},"backgroundOpacity":0,"willDoAnimation":false,"animationType":"glow","displayAsButton":false,"buttonSize":"big","goToSlideType":"specified","invisible":false},{"x":12.755102040816327,"y":80.60453400503778,"width":75.25510204081633,"height":15.113350125944583,"action":{"library":"H5P.CRAdvancedText 1.1","params":{"text":"<p style=\"text-align: center;\"><span style=\"font-size:3em;\"><span style=\"background-color:#f1c40f;\">The bee and the elephant<\/span><\/span><\/p>\n"},"metadata":{"contentType":"Text","license":"U","title":"Untitled Text"},"subContentId":"2c273e0b-7b7e-487c-ab9a-2b8cf8caa347"},"alwaysDisplayComments":false,"backgroundOpacity":0,"willDoAnimation":false,"animationType":"glow","displayAsButton":false,"buttonSize":"big","goToSlideType":"specified","invisible":false,"solution":""}],"slideBackgroundSelector":{}},{"elements":[{"x":15.306122448979592,"y":7.552745591939547,"width":70.1530612244898,"height":70.27707808564232,"action":{"library":"H5P.Image 1.1","params":{"contentName":"Image","file":{"path":"images\/file-6218ffb5ab0a2.jpg","mime":"image\/jpeg","copyright":{"license":"U"},"width":959,"height":516}},"metadata":{"contentType":"Image","license":"U","title":"Untitled Image"},"subContentId":"2bbb9c77-9eee-4ecd-9b60-31b9970388a6"},"backgroundOpacity":0,"willDoAnimation":false,"animationType":"glow","displayAsButton":false,"buttonSize":"big","goToSlideType":"specified","invisible":false},{"x":0.3826530612244898,"y":78.0639798488665,"width":99.23469387755102,"height":19.395465994962215,"action":{"library":"H5P.CRAdvancedText 1.1","params":{"text":"<p style=\"text-align: center;\"><span style=\"color:#ffffff;\"><span style=\"font-size:2.25em;\">Little Bee is lost. Can Mr. Elephant help?<\/span><\/span><\/p>\n"},"metadata":{"contentType":"Text","license":"U","title":"Untitled Text"},"subContentId":"4aae8963-063a-414b-a5ee-afd72856f053"},"alwaysDisplayComments":false,"backgroundOpacity":0,"willDoAnimation":false,"animationType":"glow","displayAsButton":false,"buttonSize":"big","goToSlideType":"specified","invisible":false,"solution":""},{"x":47.00255102040816,"y":43.95465994962216,"width":40,"height":40,"action":{"library":"H5P.CRAudio 1.4","params":{"fitToWrapper":true,"currIndex":1,"playerMode":"minimalistic","controls":true,"autoplay":true,"playAudio":"Play audio","pauseAudio":"Pause audio","contentName":"Audio","glowColor":"#ffd85a","files":[{"path":"audios\/files-622fc26777284.wav","mime":"audio\/x-wav","copyright":{"license":"U"}}],"timeStampForEachText":[{"text":" Little ","startDuration":"0.0000","endDuration":"0.6277","wordfile":[{"path":"audios\/wordfile-622fc7f1c47ee.wav","mime":"audio\/x-wav","copyright":{"license":"U"}}]},{"text":" Bee ","startDuration":"0.6280","endDuration":"1.0224","wordfile":[{"path":"audios\/wordfile-622fc80c94c1e.wav","mime":"audio\/x-wav","copyright":{"license":"U"}}]},{"text":" is ","startDuration":"1.0234","endDuration":"1.3076","wordfile":[{"path":"audios\/wordfile-622fc81e37334.wav","mime":"audio\/x-wav","copyright":{"license":"U"}}]},{"text":" lost. ","startDuration":"1.3080","endDuration":"2.2986","wordfile":[{"path":"audios\/wordfile-622fc83c67201.wav","mime":"audio\/x-wav","copyright":{"license":"U"}}]},{"text":" Can ","startDuration":"2.3514","endDuration":"2.7977","wordfile":[{"path":"audios\/wordfile-622fc864bc840.wav","mime":"audio\/x-wav","copyright":{"license":"U"}}]},{"text":" Mr. ","startDuration":"2.7979","endDuration":"3.3608","wordfile":[{"path":"audios\/wordfile-622fc89ec1885.wav","mime":"audio\/x-wav","copyright":{"license":"U"}}]},{"text":" Elephant ","startDuration":"3.3610","endDuration":"4.0081","wordfile":[{"path":"audios\/wordfile-622fc8caac5f2.wav","mime":"audio\/x-wav","copyright":{"license":"U"}}]},{"text":" help? ","startDuration":"4.0091","endDuration":"4.8082","wordfile":[{"path":"audios\/wordfile-622fc8e028ee9.wav","mime":"audio\/x-wav","copyright":{"license":"U"}}]}]},"metadata":{"contentType":"Curious Reader Audio","license":"U","title":"Untitled Curious Reader Audio"},"subContentId":"d7fcc538-7156-4070-8aab-3fd5e4cac13b"},"backgroundOpacity":0,"willDoAnimation":false,"animationType":"glow","displayAsButton":false,"buttonSize":"big","goToSlideType":"specified","invisible":false},{"x":36.47959183673469,"y":37.531486146095716,"width":16.071428571428573,"height":37.531486146095716,"action":{"library":"H5P.Image 1.1","params":{"contentName":"Image"},"metadata":{"contentType":"Image","license":"U","title":"Untitled Image"},"subContentId":"cc3cea28-cfa8-43f8-b265-a92937cf38d5"},"backgroundOpacity":0,"willDoAnimation":true,"animationType":"glow","displayAsButton":false,"buttonSize":"big","goToSlideType":"specified","invisible":false,"id":"imgd7fcc538-7156-4070-8aab-3fd5e4cac13b_1"},{"x":29.336734693877553,"y":0,"width":32.78061224489796,"height":40.050377833753146,"action":{"library":"H5P.Image 1.1","params":{"contentName":"Image"},"subContentId":"eb76d2b8-ae8a-4e36-b178-75a765ec2795","metadata":{"contentType":"Image","license":"U","title":"Untitled Image"}},"backgroundOpacity":0,"willDoAnimation":true,"animationType":"glow","displayAsButton":false,"buttonSize":"big","goToSlideType":"specified","invisible":false,"id":"imgd7fcc538-7156-4070-8aab-3fd5e4cac13b_6"}],"slideBackgroundSelector":{}},{"elements":[{"x":10.204081632653061,"y":10.067707808564231,"width":42.09183673469388,"height":81.86397984886649,"action":{"library":"H5P.Image 1.1","params":{"contentName":"Image","file":{"path":"images\/file-6218ffe4e89b7.jpg","mime":"image\/jpeg","copyright":{"license":"U"},"width":639,"height":689}},"metadata":{"contentType":"Image","license":"U","title":"Untitled Image"},"subContentId":"b7755801-542c-47a3-8297-16f0bb468bf7"},"backgroundOpacity":0,"willDoAnimation":false,"animationType":"glow","displayAsButton":false,"buttonSize":"big","goToSlideType":"specified","invisible":false},{"x":53.57142857142857,"y":40.30226700251889,"width":41.58163265306123,"height":32.7455919395466,"action":{"library":"H5P.CRAdvancedText 1.1","params":{"text":"<p style=\"text-align: center;\"><span style=\"color:#ffffff;\"><span style=\"font-size:2.25em;\">Do you live in a nest?<\/span><\/span><\/p>\n"},"metadata":{"contentType":"Text","license":"U","title":"Untitled Text"},"subContentId":"e51ed5c9-4966-4bbc-a505-70aa7af4e53e"},"alwaysDisplayComments":false,"backgroundOpacity":0,"willDoAnimation":false,"animationType":"glow","displayAsButton":false,"buttonSize":"big","goToSlideType":"specified","invisible":false,"solution":""},{"x":47.00255102040816,"y":43.95465994962216,"width":40,"height":40,"action":{"library":"H5P.CRAudio 1.4","params":{"fitToWrapper":true,"currIndex":2,"playerMode":"minimalistic","controls":true,"autoplay":true,"playAudio":"Play audio","pauseAudio":"Pause audio","contentName":"Audio","glowColor":"#ffd85a","files":[{"path":"audios\/files-622fc2cab810e.wav","mime":"audio\/x-wav","copyright":{"license":"U"}}],"timeStampForEachText":[{"text":" Do ","startDuration":"0.0000","endDuration":"0.3637","wordfile":[{"path":"audios\/wordfile-622fc93a87cb0.wav","mime":"audio\/x-wav","copyright":{"license":"U"}}]},{"text":" you ","startDuration":"0.3647","endDuration":"0.7541","wordfile":[{"path":"audios\/wordfile-622fc9532cd28.wav","mime":"audio\/x-wav","copyright":{"license":"U"}}]},{"text":" live ","startDuration":"0.7549","endDuration":"1.1862","wordfile":[{"path":"audios\/wordfile-622fc97f40ca0.wav","mime":"audio\/x-wav","copyright":{"license":"U"}}]},{"text":" in ","startDuration":"1.1862","endDuration":"1.4601","wordfile":[{"path":"audios\/wordfile-622fc9d12b043.wav","mime":"audio\/x-wav","copyright":{"license":"U"}}]},{"text":" a ","startDuration":"1.4610","endDuration":"1.6610","wordfile":[{"path":"audios\/wordfile-622fc9ec644c4.wav","mime":"audio\/x-wav","copyright":{"license":"U"}}]},{"text":" nest? ","startDuration":"1.6617","endDuration":"2.3819","wordfile":[{"path":"audios\/wordfile-622fca09bcb34.wav","mime":"audio\/x-wav","copyright":{"license":"U"}}]}]},"metadata":{"contentType":"Curious Reader Audio","license":"U","title":"Untitled Curious Reader Audio"},"subContentId":"4509d84c-b076-47e4-9a6f-ff6f292399dd"},"backgroundOpacity":0,"willDoAnimation":false,"animationType":"glow","displayAsButton":false,"buttonSize":"big","goToSlideType":"specified","invisible":false},{"x":30.612244897959183,"y":7.550780856423174,"width":20.025510204081634,"height":21.41057934508816,"action":{"library":"H5P.Image 1.1","params":{"contentName":"Image"},"metadata":{"contentType":"Image","license":"U","title":"Untitled Image"},"subContentId":"578c20b7-fee4-4d63-81d2-4590a3595075"},"backgroundOpacity":0,"willDoAnimation":true,"animationType":"glow","displayAsButton":false,"buttonSize":"big","goToSlideType":"specified","invisible":false,"id":"img4509d84c-b076-47e4-9a6f-ff6f292399dd_5"}],"slideBackgroundSelector":{}},{"elements":[{"x":35.714285714285715,"y":7.556675062972292,"width":59.183673469387756,"height":88.16120906801007,"action":{"library":"H5P.Image 1.1","params":{"contentName":"Image","file":{"path":"images\/file-622968c200f21.jpg","mime":"image\/jpeg","copyright":{"license":"U"},"width":959,"height":689}},"metadata":{"contentType":"Image","license":"U","title":"Untitled Image"},"subContentId":"6dda1904-9558-44a2-9d92-da9e8e720301"},"backgroundOpacity":0,"willDoAnimation":false,"animationType":"glow","displayAsButton":false,"buttonSize":"big","goToSlideType":"specified","invisible":false},{"x":5.1020408163265305,"y":45.34005037783375,"width":51.02040816326531,"height":35.26448362720403,"action":{"library":"H5P.CRAdvancedText 1.1","params":{"text":"<p style=\"text-align: center;\"><span style=\"color:#ffffff;\"><span style=\"font-size:2.25em;\">No, a bird lives in a nest.<\/span><\/span><\/p>\n"},"metadata":{"contentType":"Text","license":"U","title":"Untitled Text"},"subContentId":"b5ce8302-1b42-4a4c-a167-8ee872cc8cbf"},"alwaysDisplayComments":false,"backgroundOpacity":0,"willDoAnimation":false,"animationType":"glow","displayAsButton":false,"buttonSize":"big","goToSlideType":"specified","invisible":false,"solution":""},{"x":47.00255102040816,"y":43.95465994962216,"width":40,"height":40,"action":{"library":"H5P.CRAudio 1.4","params":{"fitToWrapper":true,"currIndex":3,"playerMode":"minimalistic","controls":true,"autoplay":true,"playAudio":"Play audio","pauseAudio":"Pause audio","contentName":"Audio","glowColor":"#ffd85a","files":[{"path":"audios\/files-622fc33d8650e.wav","mime":"audio\/x-wav","copyright":{"license":"U"}}],"timeStampForEachText":[{"text":" No, ","startDuration":"0.0000","endDuration":"0.6416","wordfile":[{"path":"audios\/wordfile-622fdaa469f6d.wav","mime":"audio\/x-wav","copyright":{"license":"U"}}]},{"text":" a ","startDuration":"0.6426","endDuration":"0.9943","wordfile":[{"path":"audios\/wordfile-622fdaca4853f.wav","mime":"audio\/x-wav","copyright":{"license":"U"}}]},{"text":" bird ","startDuration":"0.9953","endDuration":"1.5522","wordfile":[{"path":"audios\/wordfile-622fdae8e88f3.wav","mime":"audio\/x-wav","copyright":{"license":"U"}}]},{"text":" lives ","startDuration":"1.5532","endDuration":"2.0788","wordfile":[{"path":"audios\/wordfile-622fdb18a7a5b.wav","mime":"audio\/x-wav","copyright":{"license":"U"}}]},{"text":" in ","startDuration":"2.0798","endDuration":"2.2798","wordfile":[{"path":"audios\/wordfile-622fdb342bdf7.wav","mime":"audio\/x-wav","copyright":{"license":"U"}}]},{"text":" a ","startDuration":"2.2808","endDuration":"2.4808","wordfile":[{"path":"audios\/wordfile-622fdb48f0c19.wav","mime":"audio\/x-wav","copyright":{"license":"U"}}]},{"text":" nest. ","startDuration":"2.4818","endDuration":"3.3099","wordfile":[{"path":"audios\/wordfile-622fdb5d15742.wav","mime":"audio\/x-wav","copyright":{"license":"U"}}]}]},"metadata":{"contentType":"Curious Reader Audio","license":"U","title":"Untitled Curious Reader Audio"},"subContentId":"a2eddf10-d4e2-4306-9182-679fe1387056"},"backgroundOpacity":0,"willDoAnimation":false,"animationType":"glow","displayAsButton":false,"buttonSize":"big","goToSlideType":"specified","invisible":false},{"x":54.8469387755102,"y":12.850277078085643,"width":12.372448979591837,"height":21.662468513853902,"action":{"library":"H5P.Image 1.1","params":{"contentName":"Image"},"metadata":{"contentType":"Image","license":"U","title":"Untitled Image"},"subContentId":"fbfe8647-3b76-4b60-b07c-86f7c7024b92"},"backgroundOpacity":0,"willDoAnimation":true,"animationType":"glow","displayAsButton":false,"buttonSize":"big","goToSlideType":"specified","invisible":false,"id":"imga2eddf10-d4e2-4306-9182-679fe1387056_2"}],"slideBackgroundSelector":{"fillSlideBackground":"#ffffff"}},{"elements":[{"x":8.16326530612245,"y":9.06801007556675,"width":44.642857142857146,"height":83.37531486146095,"action":{"library":"H5P.Image 1.1","params":{"contentName":"Image","file":{"path":"images\/file-62190037abe9d.jpg","mime":"image\/jpeg","copyright":{"license":"U"},"width":639,"height":689}},"metadata":{"contentType":"Image","license":"U","title":"Untitled Image"},"subContentId":"51bdab42-84f8-4668-aa02-ac7c18a49044"},"backgroundOpacity":0,"willDoAnimation":false,"animationType":"glow","displayAsButton":false,"buttonSize":"big","goToSlideType":"specified","invisible":false},{"x":54.20918367346939,"y":38.0352644836272,"width":41.58163265306123,"height":35.26448362720403,"action":{"library":"H5P.CRAdvancedText 1.1","params":{"text":"<p style=\"text-align: center;\"><span style=\"color:#ffffff;\"><span style=\"font-size:2.25em;\">Do you live in a cave?<\/span><\/span><\/p>\n"},"metadata":{"contentType":"Text","license":"U","title":"Untitled Text"},"subContentId":"d2328f8e-c835-48d6-a521-8538a571c576"},"alwaysDisplayComments":false,"backgroundOpacity":0,"willDoAnimation":false,"animationType":"glow","displayAsButton":false,"buttonSize":"big","goToSlideType":"specified","invisible":false,"solution":""},{"x":47.00255102040816,"y":43.95465994962216,"width":40,"height":40,"action":{"library":"H5P.CRAudio 1.4","params":{"fitToWrapper":true,"currIndex":4,"playerMode":"minimalistic","controls":true,"autoplay":true,"playAudio":"Play audio","pauseAudio":"Pause audio","contentName":"Audio","glowColor":"#ffd85a","files":[{"path":"audios\/files-622fc3b020320.wav","mime":"audio\/x-wav","copyright":{"license":"U"}}],"timeStampForEachText":[{"text":" Do ","startDuration":"0.0000","endDuration":"0.3544","wordfile":[{"path":"audios\/wordfile-622fcbd311ebf.wav","mime":"audio\/x-wav","copyright":{"license":"U"}}]},{"text":" you ","startDuration":"0.3554","endDuration":"0.6027","wordfile":[{"path":"audios\/wordfile-622fcbe6c117d.wav","mime":"audio\/x-wav","copyright":{"license":"U"}}]},{"text":" live ","startDuration":"0.6037","endDuration":"0.8933","wordfile":[{"path":"audios\/wordfile-622fcc0a239cc.wav","mime":"audio\/x-wav","copyright":{"license":"U"}}]},{"text":" in ","startDuration":"0.8943","endDuration":"1.1270","wordfile":[{"path":"audios\/wordfile-622fcc225b676.wav","mime":"audio\/x-wav","copyright":{"license":"U"}}]},{"text":" a ","startDuration":"1.1273","endDuration":"1.2750","wordfile":[{"path":"audios\/wordfile-622fccb37aba4.wav","mime":"audio\/x-wav","copyright":{"license":"U"}}]},{"text":" cave? ","startDuration":"1.2760","endDuration":"1.8476","wordfile":[{"path":"audios\/wordfile-622fccc90c0c4.wav","mime":"audio\/x-wav","copyright":{"license":"U"}}]}]},"metadata":{"contentType":"Curious Reader Audio","license":"U","title":"Untitled Curious Reader Audio"},"subContentId":"40590335-052a-403d-a4bf-836425adaa56"},"backgroundOpacity":0,"willDoAnimation":false,"animationType":"glow","displayAsButton":false,"buttonSize":"big","goToSlideType":"specified","invisible":false},{"x":7.653061224489796,"y":7.550780856423174,"width":44.26020408163265,"height":40.050377833753146,"action":{"library":"H5P.Image 1.1","params":{"contentName":"Image"},"metadata":{"contentType":"Image","license":"U","title":"Untitled Image"},"subContentId":"32f3c513-bbda-4705-98ef-dfbc7c8264cd"},"backgroundOpacity":0,"willDoAnimation":true,"animationType":"glow","displayAsButton":false,"buttonSize":"big","goToSlideType":"specified","invisible":false,"id":"img40590335-052a-403d-a4bf-836425adaa56_5"}],"slideBackgroundSelector":{}},{"elements":[{"x":37.00178571428571,"y":12.838488664987405,"width":56.88775510204082,"height":85.64231738035264,"action":{"library":"H5P.Image 1.1","params":{"contentName":"Image","file":{"path":"images\/file-6219006a2ebe7.jpg","mime":"image\/jpeg","copyright":{"license":"U"},"width":959,"height":689}},"metadata":{"contentType":"Image","license":"U","title":"Untitled Image"},"subContentId":"d487e053-3e55-4b54-b3b2-2ccbcd81366b"},"backgroundOpacity":0,"willDoAnimation":false,"animationType":"glow","displayAsButton":false,"buttonSize":"big","goToSlideType":"specified","invisible":false},{"x":5.1020408163265305,"y":42.06549118387909,"width":49.744897959183675,"height":32.7455919395466,"action":{"library":"H5P.CRAdvancedText 1.1","params":{"text":"<p style=\"text-align: center;\"><span style=\"color:#ffffff;\"><span style=\"font-size:2.25em;\">No. A bat lives in a cave.<\/span><\/span><\/p>\n"},"metadata":{"contentType":"Text","license":"U","title":"Untitled Text"},"subContentId":"cff86dc6-e102-4afc-a33b-14f94230251a"},"alwaysDisplayComments":false,"backgroundOpacity":0,"willDoAnimation":false,"animationType":"glow","displayAsButton":false,"buttonSize":"big","goToSlideType":"specified","invisible":false,"solution":""},{"x":47.00255102040816,"y":43.95465994962216,"width":40,"height":40,"action":{"library":"H5P.CRAudio 1.4","params":{"fitToWrapper":true,"currIndex":5,"playerMode":"minimalistic","controls":true,"autoplay":true,"playAudio":"Play audio","pauseAudio":"Pause audio","contentName":"Audio","glowColor":"#ffd85a","files":[{"path":"audios\/files-622fc4062c799.wav","mime":"audio\/x-wav","copyright":{"license":"U"}}],"timeStampForEachText":[{"text":" No. ","startDuration":"0.0000","endDuration":"0.6356","wordfile":[{"path":"audios\/wordfile-622fcd6a6a896.wav","mime":"audio\/x-wav","copyright":{"license":"U"}}]},{"text":" A ","startDuration":"0.6366","endDuration":"0.9201","wordfile":[{"path":"audios\/wordfile-622fcd767ab71.wav","mime":"audio\/x-wav","copyright":{"license":"U"}}]},{"text":" bat ","startDuration":"0.9211","endDuration":"1.2881","wordfile":[{"path":"audios\/wordfile-622fcde761a54.wav","mime":"audio\/x-wav","copyright":{"license":"U"}}]},{"text":" lives ","startDuration":"1.2891","endDuration":"1.7940","wordfile":[{"path":"audios\/wordfile-622fce03db9b9.wav","mime":"audio\/x-wav","copyright":{"license":"U"}}]},{"text":" in ","startDuration":"1.7950","endDuration":"1.9224","wordfile":[{"path":"audios\/wordfile-622fce1bb37f2.wav","mime":"audio\/x-wav","copyright":{"license":"U"}}]},{"text":" a ","startDuration":"1.9228","endDuration":"2.1015","wordfile":[{"path":"audios\/wordfile-622fce35c7df9.wav","mime":"audio\/x-wav","copyright":{"license":"U"}}]},{"text":" cave. ","startDuration":"2.1020","endDuration":"2.6935","wordfile":[{"path":"audios\/wordfile-622fce46629d1.wav","mime":"audio\/x-wav","copyright":{"license":"U"}}]}]},"metadata":{"contentType":"Curious Reader Audio","license":"U","title":"Untitled Curious Reader Audio"},"subContentId":"b28158ff-fca8-4df1-b439-ad4bd57f161a"},"backgroundOpacity":0,"willDoAnimation":false,"animationType":"glow","displayAsButton":false,"buttonSize":"big","goToSlideType":"specified","invisible":false},{"x":70.28061224489797,"y":13.602015113350125,"width":26.403061224489797,"height":29.471032745591938,"action":{"library":"H5P.Image 1.1","params":{"contentName":"Image"},"metadata":{"contentType":"Image","license":"U","title":"Untitled Image"},"subContentId":"2df3cb8e-e83b-4a95-84f9-f303b943eece"},"backgroundOpacity":0,"willDoAnimation":true,"animationType":"glow","displayAsButton":false,"buttonSize":"big","goToSlideType":"specified","invisible":false,"id":"imgb28158ff-fca8-4df1-b439-ad4bd57f161a_2"}],"slideBackgroundSelector":{"fillSlideBackground":"#ffffff"}},{"elements":[{"x":7.653061224489796,"y":9.571788413098236,"width":43.36734693877551,"height":83.1234256926952,"action":{"library":"H5P.Image 1.1","params":{"contentName":"Image","file":{"path":"images\/file-621900957ede6.jpg","mime":"image\/jpeg","copyright":{"license":"U"},"width":639,"height":689}},"metadata":{"contentType":"Image","license":"U","title":"Untitled Image"},"subContentId":"784af8c2-2763-4176-9310-dd6f34dbc1e5"},"backgroundOpacity":0,"willDoAnimation":false,"animationType":"glow","displayAsButton":false,"buttonSize":"big","goToSlideType":"specified","invisible":false},{"x":51.02040816326531,"y":40.55415617128463,"width":45.91836734693878,"height":32.7455919395466,"action":{"library":"H5P.CRAdvancedText 1.1","params":{"text":"<p style=\"text-align: center;\"><span style=\"color:#ffffff;\"><span style=\"font-size:2.25em;\">Do you live in a hive?<\/span><\/span><\/p>\n"},"metadata":{"contentType":"Text","license":"U","title":"Untitled Text"},"subContentId":"6746f8df-f410-424e-a83c-d447be6a1459"},"alwaysDisplayComments":false,"backgroundOpacity":0,"willDoAnimation":false,"animationType":"glow","displayAsButton":false,"buttonSize":"big","goToSlideType":"specified","invisible":false,"solution":""},{"x":47.00255102040816,"y":43.95465994962216,"width":40,"height":40,"action":{"library":"H5P.CRAudio 1.4","params":{"fitToWrapper":true,"currIndex":6,"playerMode":"minimalistic","controls":true,"autoplay":true,"playAudio":"Play audio","pauseAudio":"Pause audio","contentName":"Audio","glowColor":"#ffd85a","files":[{"path":"audios\/files-622fc46982415.wav","mime":"audio\/x-wav","copyright":{"license":"U"}}],"timeStampForEachText":[{"text":" Do ","startDuration":"0.0000","endDuration":"0.3653","wordfile":[{"path":"audios\/wordfile-622fcf17b45dd.wav","mime":"audio\/x-wav","copyright":{"license":"U"}}]},{"text":" you ","startDuration":"0.3663","endDuration":"0.6775","wordfile":[{"path":"audios\/wordfile-622fcf3aaeb09.wav","mime":"audio\/x-wav","copyright":{"license":"U"}}]},{"text":" live ","startDuration":"0.6785","endDuration":"1.0980","wordfile":[{"path":"audios\/wordfile-622fcf4e2237f.wav","mime":"audio\/x-wav","copyright":{"license":"U"}}]},{"text":" in ","startDuration":"1.0990","endDuration":"1.2769","wordfile":[{"path":"audios\/wordfile-622fcf66a7381.wav","mime":"audio\/x-wav","copyright":{"license":"U"}}]},{"text":" a ","startDuration":"1.2772","endDuration":"1.4202","wordfile":[{"path":"audios\/wordfile-622fcf91894f6.wav","mime":"audio\/x-wav","copyright":{"license":"U"}}]},{"text":" hive? ","startDuration":"1.4209","endDuration":"2.1147","wordfile":[{"path":"audios\/wordfile-622fcfcbe3657.wav","mime":"audio\/x-wav","copyright":{"license":"U"}}]}]},"metadata":{"contentType":"Curious Reader Audio","license":"U","title":"Untitled Curious Reader Audio"},"subContentId":"db607d81-53b2-4bd4-b500-8a9a949d016a"},"backgroundOpacity":0,"willDoAnimation":false,"animationType":"glow","displayAsButton":false,"buttonSize":"big","goToSlideType":"specified","invisible":false},{"x":7.653061224489796,"y":5.0338539042821155,"width":46.81122448979592,"height":47.10327455919395,"action":{"library":"H5P.Image 1.1","params":{"contentName":"Image"},"metadata":{"contentType":"Image","license":"U","title":"Untitled Image"},"subContentId":"77ce0b8a-0df0-4959-ae92-af37f1998b9d"},"backgroundOpacity":0,"willDoAnimation":true,"animationType":"glow","displayAsButton":false,"buttonSize":"big","goToSlideType":"specified","invisible":false,"id":"imgdb607d81-53b2-4bd4-b500-8a9a949d016a_5"}],"slideBackgroundSelector":{}},{"elements":[{"x":6.63265306122449,"y":12.846347607052897,"width":52.67857142857143,"height":79.5969773299748,"action":{"library":"H5P.Image 1.1","params":{"contentName":"Image","file":{"path":"images\/file-621900bb6d423.jpg","mime":"image\/jpeg","copyright":{"license":"U"},"width":959,"height":689}},"metadata":{"contentType":"Image","license":"U","title":"Untitled Image"},"subContentId":"2a5cc1d1-9746-4931-9b7c-b1c4a556bd4a"},"backgroundOpacity":0,"willDoAnimation":false,"animationType":"glow","displayAsButton":false,"buttonSize":"big","goToSlideType":"specified","invisible":false,"id":""},{"x":58.673469387755105,"y":40.27858942065492,"width":38.26530612244898,"height":35.26448362720403,"action":{"library":"H5P.CRAdvancedText 1.1","params":{"text":"<p style=\"text-align: center;\"><span style=\"color:#ffffff;\"><span style=\"font-size:2.25em;\">Yes, this hive is my home.<\/span><\/span><\/p>\n"},"metadata":{"contentType":"Text","license":"U","title":"Untitled Text"},"subContentId":"9f2ad89b-9750-4fad-9f34-e0af864a86c9"},"alwaysDisplayComments":false,"backgroundOpacity":0,"willDoAnimation":false,"animationType":"glow","displayAsButton":false,"buttonSize":"big","goToSlideType":"specified","invisible":false,"solution":""},{"x":47.00255102040816,"y":43.95465994962216,"width":40,"height":40,"action":{"library":"H5P.CRAudio 1.4","params":{"fitToWrapper":true,"currIndex":7,"playerMode":"minimalistic","controls":true,"autoplay":true,"playAudio":"Play audio","pauseAudio":"Pause audio","contentName":"Audio","glowColor":"#ffd85a","files":[{"path":"audios\/files-622fc4e855f58.wav","mime":"audio\/x-wav","copyright":{"license":"U"}}],"timeStampForEachText":[{"text":" Yes, ","startDuration":"0.0000","endDuration":"0.7330","wordfile":[{"path":"audios\/wordfile-622fd01c513fa.wav","mime":"audio\/x-wav","copyright":{"license":"U"}}]},{"text":" this ","startDuration":"0.7340","endDuration":"1.1230","wordfile":[{"path":"audios\/wordfile-622fd03b5c403.wav","mime":"audio\/x-wav","copyright":{"license":"U"}}]},{"text":" hive ","startDuration":"1.1239","endDuration":"1.6112","wordfile":[{"path":"audios\/wordfile-622fd08e7cd2c.wav","mime":"audio\/x-wav","copyright":{"license":"U"}}]},{"text":" is ","startDuration":"1.6122","endDuration":"1.9332","wordfile":[{"path":"audios\/wordfile-622fd0cd35438.wav","mime":"audio\/x-wav","copyright":{"license":"U"}}]},{"text":" my ","startDuration":"1.9340","endDuration":"2.2323","wordfile":[{"path":"audios\/wordfile-622fd106c6479.wav","mime":"audio\/x-wav","copyright":{"license":"U"}}]},{"text":" home. ","startDuration":"2.2328","endDuration":"2.7806","wordfile":[{"path":"audios\/wordfile-622fd17ba9d9a.wav","mime":"audio\/x-wav","copyright":{"license":"U"}}]}]},"metadata":{"contentType":"Curious Reader Audio","license":"U","title":"Untitled Curious Reader Audio"},"subContentId":"2beed336-ef28-4840-bbdb-564bba39c954"},"backgroundOpacity":0,"willDoAnimation":false,"animationType":"glow","displayAsButton":false,"buttonSize":"big","goToSlideType":"specified","invisible":false},{"x":7.908163265306123,"y":7.304785894206549,"width":26.403061224489797,"height":61.96473551637279,"action":{"library":"H5P.Image 1.1","params":{"contentName":"Image"},"metadata":{"contentType":"Image","license":"U","title":"Untitled Image"},"subContentId":"023ea0c9-336d-49b2-bac2-0a9560c9149a"},"backgroundOpacity":0,"willDoAnimation":true,"animationType":"glow","displayAsButton":false,"buttonSize":"big","goToSlideType":"specified","invisible":false,"id":"img2beed336-ef28-4840-bbdb-564bba39c954_2"}],"slideBackgroundSelector":{"fillSlideBackground":"#fff8e7"}},{"elements":[{"x":19.13265306122449,"y":8.816120906801007,"width":65.56122448979592,"height":65.4911838790932,"action":{"library":"H5P.Image 1.1","params":{"contentName":"Image","file":{"path":"images\/file-621900f617966.jpg","mime":"image\/jpeg","copyright":{"license":"U"},"width":959,"height":516}},"metadata":{"contentType":"Image","license":"U","title":"Untitled Image"},"subContentId":"180c8f1f-323d-43a5-af49-e73b06ffa70d"},"backgroundOpacity":0,"willDoAnimation":false,"animationType":"glow","displayAsButton":false,"buttonSize":"big","goToSlideType":"specified","invisible":false},{"x":0.6377551020408163,"y":78.0639798488665,"width":98.72448979591837,"height":20.65491183879093,"action":{"library":"H5P.CRAdvancedText 1.1","params":{"text":"<p style=\"text-align: center;\"><span style=\"color:#ffffff;\"><span style=\"font-size:2.25em;\">Thank you for helping me, Mr. Elephant.<\/span><\/span><\/p>\n"},"metadata":{"contentType":"Text","license":"U","title":"Untitled Text"},"subContentId":"0da43da2-0216-4090-9b60-12fd12fda1b8"},"alwaysDisplayComments":false,"backgroundOpacity":0,"willDoAnimation":false,"animationType":"glow","displayAsButton":false,"buttonSize":"big","goToSlideType":"specified","invisible":false,"solution":""},{"x":47.00255102040816,"y":43.95465994962216,"width":40,"height":40,"action":{"library":"H5P.CRAudio 1.4","params":{"fitToWrapper":true,"currIndex":8,"playerMode":"minimalistic","controls":true,"autoplay":true,"playAudio":"Play audio","pauseAudio":"Pause audio","contentName":"Audio","glowColor":"#ffd85a","files":[{"path":"audios\/files-622fc586cd186.wav","mime":"audio\/x-wav","copyright":{"license":"U"}}],"timeStampForEachText":[{"text":" Thank ","startDuration":"0.0000","endDuration":"0.5550","wordfile":[{"path":"audios\/wordfile-622fd5a87eddb.wav","mime":"audio\/x-wav","copyright":{"license":"U"}}]},{"text":" you ","startDuration":"0.5560","endDuration":"0.8114","wordfile":[{"path":"audios\/wordfile-622fd5ca5567d.wav","mime":"audio\/x-wav","copyright":{"license":"U"}}]},{"text":" for ","startDuration":"0.8124","endDuration":"1.0210","wordfile":[{"path":"audios\/wordfile-622fd5ebd511c.wav","mime":"audio\/x-wav","copyright":{"license":"U"}}]},{"text":" helping ","startDuration":"1.0220","endDuration":"1.6238","wordfile":[{"path":"audios\/wordfile-622fd61791cf2.wav","mime":"audio\/x-wav","copyright":{"license":"U"}}]},{"text":" me, ","startDuration":"1.6240","endDuration":"1.8810","wordfile":[{"path":"audios\/wordfile-622fd65719b40.wav","mime":"audio\/x-wav","copyright":{"license":"U"}}]},{"text":" Mr. ","startDuration":"1.8815","endDuration":"2.3627","wordfile":[{"path":"audios\/wordfile-622fd6937233a.wav","mime":"audio\/x-wav","copyright":{"license":"U"}}]},{"text":" Elephant. ","startDuration":"2.3630","endDuration":"3.2055","wordfile":[{"path":"audios\/wordfile-622fd6e3b6f83.wav","mime":"audio\/x-wav","copyright":{"license":"U"}}]}]},"metadata":{"contentType":"Curious Reader Audio","license":"U","title":"Untitled Curious Reader Audio"},"subContentId":"f082f258-9ff8-45f7-ad87-1a8ae7a3ca73"},"backgroundOpacity":0,"willDoAnimation":false,"animationType":"glow","displayAsButton":false,"buttonSize":"big","goToSlideType":"specified","invisible":false},{"x":14.030612244897958,"y":30.21108312342569,"width":42.60204081632653,"height":44.58438287153652,"action":{"library":"H5P.Image 1.1","params":{"contentName":"Image"},"subContentId":"97be3a0d-5b48-44f9-a8fb-6d5d805d7f01","metadata":{"contentType":"Image","license":"U","title":"Untitled Image"}},"backgroundOpacity":0,"willDoAnimation":true,"animationType":"glow","displayAsButton":false,"buttonSize":"big","goToSlideType":"specified","invisible":false,"id":"imgf082f258-9ff8-45f7-ad87-1a8ae7a3ca73_6"}],"slideBackgroundSelector":{"fillSlideBackground":"#f0ffec"}},{"elements":[{"x":7.653061224489796,"y":17.632241813602015,"width":54.8469387755102,"height":78.84130982367758,"action":{"library":"H5P.Image 1.1","params":{"contentName":"Image","file":{"path":"images\/file-6219013254d0f.jpg","mime":"image\/jpeg","copyright":{"license":"U"},"width":959,"height":689}},"metadata":{"contentType":"Image","license":"U","title":"Untitled Image"},"subContentId":"c9114c60-8660-4144-8a63-fa9fd053f5ae"},"backgroundOpacity":0,"willDoAnimation":false,"animationType":"glow","displayAsButton":false,"buttonSize":"big","goToSlideType":"specified","invisible":false},{"x":38.26428571428572,"y":45.28110831234257,"width":57.39795918367347,"height":27.707808564231737,"action":{"library":"H5P.CRAdvancedText 1.1","params":{"text":"<p style=\"text-align: center;\"><span style=\"color:#ffffff;\"><span style=\"font-size:2.25em;\">Bee and elephant are friends.<\/span><\/span><\/p>\n"},"metadata":{"contentType":"Text","license":"U","title":"Untitled Text"},"subContentId":"34f9ef5c-9c3b-4d95-85c6-41e84ee7500d"},"alwaysDisplayComments":false,"backgroundOpacity":0,"willDoAnimation":false,"animationType":"glow","displayAsButton":false,"buttonSize":"big","goToSlideType":"specified","invisible":false,"solution":""},{"x":47.00255102040816,"y":43.95465994962216,"width":40,"height":40,"action":{"library":"H5P.CRAudio 1.4","params":{"fitToWrapper":true,"currIndex":9,"playerMode":"minimalistic","controls":true,"autoplay":true,"playAudio":"Play audio","pauseAudio":"Pause audio","contentName":"Audio","glowColor":"#ffd85a","files":[{"path":"audios\/files-622fc6178feeb.wav","mime":"audio\/x-wav","copyright":{"license":"U"}}],"timeStampForEachText":[{"text":" Bee ","startDuration":"0.0000","endDuration":"0.5113","wordfile":[{"path":"audios\/wordfile-622fd71a1f94f.wav","mime":"audio\/x-wav","copyright":{"license":"U"}}]},{"text":" and ","startDuration":"0.5123","endDuration":"0.8211","wordfile":[{"path":"audios\/wordfile-622fd72c58565.wav","mime":"audio\/x-wav","copyright":{"license":"U"}}]},{"text":" elephant ","startDuration":"0.8217","endDuration":"1.6105","wordfile":[{"path":"audios\/wordfile-622fd74e7d0f4.wav","mime":"audio\/x-wav","copyright":{"license":"U"}}]},{"text":" are ","startDuration":"1.6115","endDuration":"1.9540","wordfile":[{"path":"audios\/wordfile-622fd7610ba72.wav","mime":"audio\/x-wav","copyright":{"license":"U"}}]},{"text":" friends. ","startDuration":"1.9548","endDuration":"2.7825","wordfile":[{"path":"audios\/wordfile-622fd7a014a57.wav","mime":"audio\/x-wav","copyright":{"license":"U"}}]}]},"metadata":{"contentType":"Curious Reader Audio","license":"U","title":"Untitled Curious Reader Audio"},"subContentId":"42a23733-544b-40a2-b9fe-b3d7b97bae5f"},"backgroundOpacity":0,"willDoAnimation":false,"animationType":"glow","displayAsButton":false,"buttonSize":"big","goToSlideType":"specified","invisible":false},{"x":5.1020408163265305,"y":20.133425692695216,"width":23.852040816326532,"height":64.73551637279597,"action":{"library":"H5P.Image 1.1","params":{"contentName":"Image"},"metadata":{"contentType":"Image","license":"U","title":"Untitled Image"},"subContentId":"b416a9b0-272a-4a0f-ab6d-a2b13b5a592c"},"backgroundOpacity":0,"willDoAnimation":true,"animationType":"glow","displayAsButton":false,"buttonSize":"big","goToSlideType":"specified","invisible":false,"id":"img42a23733-544b-40a2-b9fe-b3d7b97bae5f_2"},{"x":31.63265306122449,"y":19.64735516372796,"width":8.928571428571429,"height":16.876574307304786,"action":{"library":"H5P.Image 1.1","params":{"contentName":"Image"},"subContentId":"42657b17-9737-46f4-8e0b-343dc552bdab","metadata":{"contentType":"Image","license":"U","title":"Untitled Image"}},"backgroundOpacity":0,"willDoAnimation":true,"animationType":"glow","displayAsButton":false,"buttonSize":"big","goToSlideType":"specified","invisible":false,"id":"img42a23733-544b-40a2-b9fe-b3d7b97bae5f_0"}],"slideBackgroundSelector":{"fillSlideBackground":"#ffffff"}},{"slideBackgroundSelector":{},"elements":[{"x":3.826530612244898,"y":5.0338539042821155,"width":17.857142857142858,"height":12.846347607052897,"action":{"library":"H5P.Image 1.1","params":{"contentName":"Image","file":{"path":"images\/file-61fb296cf2c04.png","mime":"image\/png","copyright":{"license":"U"},"width":1350,"height":487}},"metadata":{"contentType":"Image","license":"U","title":"Untitled Image"},"subContentId":"e4b88919-7433-4a56-a167-958946310bab"},"backgroundOpacity":0,"willDoAnimation":false,"animationType":"glow","displayAsButton":false,"buttonSize":"big","goToSlideType":"specified","invisible":false},{"x":39.54081632653061,"y":5.037783375314861,"width":23.086734693877553,"height":12.594458438287154,"action":{"library":"H5P.Image 1.1","params":{"contentName":"Image","file":{"path":"images\/file-61fb29a5596cb.png","mime":"image\/png","copyright":{"license":"U"},"width":814,"height":202}},"metadata":{"contentType":"Image","license":"U","title":"Untitled Image"},"subContentId":"bd3ccc9b-836b-4ad7-80fa-37e7b53c703d"},"backgroundOpacity":0,"willDoAnimation":false,"animationType":"glow","displayAsButton":false,"buttonSize":"big","goToSlideType":"specified","invisible":false},{"x":75.25510204081633,"y":7.552745591939547,"width":23.724489795918366,"height":9.571788413098236,"action":{"library":"H5P.Image 1.1","params":{"contentName":"Image","file":{"path":"images\/file-61fb28cb969ac.jpg","mime":"image\/jpeg","copyright":{"license":"U"},"width":1732,"height":354}},"metadata":{"contentType":"Image","license":"U","title":"Untitled Image"},"subContentId":"0bb44dcb-0a6e-4a9d-baf4-28ce8eb469f5"},"backgroundOpacity":0,"willDoAnimation":false,"animationType":"glow","displayAsButton":false,"buttonSize":"big","goToSlideType":"specified","invisible":false},{"x":6.943558673469388,"y":25.17317380352645,"width":86.86224489795919,"height":70.52896725440806,"action":{"library":"H5P.CRAdvancedText 1.1","params":{"text":"<h3 style=\"text-align: center;\"><span style=\"font-size:0.875em;\"><strong>\"The bee and the elephant\" credits<\/strong><\/span><\/h3>\n\n<hr>\n<h3 style=\"text-align: center;\"><span style=\"font-size:0.875em;\">This work, \"The bee and the elephant\", is a derivative of \"The bee and the elephant\" translated by Celia Bolam used under CC BY. &nbsp;It is based on the Original story: '\u1783\u17d2\u1798\u17bb\u17c6\u1793\u17b7\u1784\u178a\u17c6\u179a\u17b8', by Long Ravy \u00a9 Room to Read, 2015.&nbsp;<\/span><\/h3>\n\n<h3 style=\"text-align: center;\"><span style=\"font-size:0.875em;\">Some changes were made to this work. \"The bee and the elephant\" is licensed under CC BY 4.0 by Curious Learning.<\/span><\/h3>\n\n<h3 style=\"text-align: center;\"><br>\n<span style=\"font-size:0.875em;\">Book builder - Deborah Oduman<\/span><\/h3>\n\n<p style=\"text-align: center;\">&nbsp;<\/p>\n"},"metadata":{"contentType":"Text","license":"U","title":"Untitled Text"},"subContentId":"c5c81f2e-5bc1-4f75-b2b7-4f93b7f5b16e"},"alwaysDisplayComments":false,"backgroundOpacity":0,"willDoAnimation":false,"animationType":"glow","displayAsButton":false,"buttonSize":"big","goToSlideType":"specified","invisible":false,"solution":""}]}],"keywordListEnabled":true,"globalBackgroundSelector":{"fillGlobalBackground":"#daf6f7"},"keywordListAlwaysShow":false,"keywordListAutoHide":false,"keywordListOpacity":90},"override":{"activeSurface":false,"hideSummarySlide":false,"summarySlideSolutionButton":true,"summarySlideRetryButton":true,"enablePrintButton":false,"social":{"showFacebookShare":false,"facebookShare":{"url":"@currentpageurl","quote":"I scored @score out of @maxScore on a task at @currentpageurl."},"showTwitterShare":false,"twitterShare":{"statement":"I scored @score out of @maxScore on a task at @currentpageurl.","url":"@currentpageurl","hashtags":"h5p, course"},"showGoogleShare":false,"googleShareUrl":"@currentpageurl"}},"l10n":{"slide":"Slide","score":"Score","yourScore":"Your Score","maxScore":"Max Score","total":"Total","totalScore":"Total Score","showSolutions":"Show solutions","retry":"Retry","exportAnswers":"Export text","hideKeywords":"Hide sidebar navigation menu","showKeywords":"Show sidebar navigation menu","fullscreen":"Fullscreen","exitFullscreen":"Exit fullscreen","prevSlide":"Previous slide","nextSlide":"Next slide","currentSlide":"Current slide","lastSlide":"Last slide","solutionModeTitle":"Exit solution mode","solutionModeText":"Solution Mode","summaryMultipleTaskText":"Multiple tasks","scoreMessage":"You achieved:","shareFacebook":"Share on Facebook","shareTwitter":"Share on Twitter","shareGoogle":"Share on Google+","summary":"Summary","solutionsButtonTitle":"Show comments","printTitle":"Print","printIngress":"How would you like to print this presentation?","printAllSlides":"Print all slides","printCurrentSlide":"Print current slide","noTitle":"No title","accessibilitySlideNavigationExplanation":"Use left and right arrow to change slide in that direction whenever canvas is selected.","accessibilityCanvasLabel":"Presentation canvas. Use left and right arrow to move between slides.","containsNotCompleted":"@slideName contains not completed interaction","containsCompleted":"@slideName contains completed interaction","slideCount":"Slide @index of @total","containsOnlyCorrect":"@slideName only has correct answers","containsIncorrectAnswers":"@slideName has incorrect answers","shareResult":"Share Result","accessibilityTotalScore":"You got @score of @maxScore points in total","accessibilityEnteredFullscreen":"Entered fullscreen","accessibilityExitedFullscreen":"Exited fullscreen"}}