{"presentation":{"slides":[{"elements":[{"x":7.7112893275756,"y":11.477761836442,"width":83.149830612873,"height":76.707317073171,"action":{"library":"H5P.Image 1.1","params":{"contentName":"Image","file":{"path":"images\/file-61b119d8b91b9.jpg","mime":"image\/jpeg","copyright":{"license":"U"},"width":1024,"height":490}},"subContentId":"281f58bc-00aa-42e9-a8f9-34a91108654b","metadata":{"contentType":"Image","license":"U","title":"Untitled Image"}},"backgroundOpacity":0,"willDoAnimation":false,"animationType":"glow","displayAsButton":false,"buttonSize":"big","goToSlideType":"specified","invisible":false},{"x":42.09183673469388,"y":42.82115869017632,"width":39.998692810458,"height":14.050381508562,"action":{"library":"H5P.CRAdvancedText 1.1","params":{"text":"<p style=\"text-align: center;\"><span style=\"font-size:3em;\">Foowu L\u00e1qatu<\/span><\/p>\n"},"subContentId":"65b91755-f4db-4513-b663-95d5754e06f9","metadata":{"contentType":"Text","license":"U","title":"Untitled Text"}},"alwaysDisplayComments":false,"backgroundOpacity":0,"willDoAnimation":false,"animationType":"glow","displayAsButton":false,"buttonSize":"big","goToSlideType":"specified","invisible":false,"solution":""}],"slideBackgroundSelector":{}},{"elements":[{"x":15.046296296296296,"y":82.87671232876713,"width":69.9074074074074,"height":15.753424657534246,"action":{"library":"H5P.CRAdvancedText 1.1","params":{"text":"<p style=\"text-align: center;\"><span style=\"font-size:2.25em;\">Dodo dafa set Yaay.<\/span><\/p>\n"},"subContentId":"7b276671-c320-47d6-9158-4d4fb745d80e","metadata":{"contentType":"Text","license":"U","title":"Untitled Text"}},"alwaysDisplayComments":false,"backgroundOpacity":0,"willDoAnimation":false,"animationType":"glow","displayAsButton":false,"buttonSize":"big","goToSlideType":"specified","invisible":false,"solution":""},{"x":24.676125848242,"y":9.1393754760091,"width":50.383122882661,"height":72.604722010663,"action":{"library":"H5P.Image 1.1","params":{"contentName":"Image","file":{"path":"images\/file-61c0f25319ee4.jpeg","mime":"image\/jpeg","copyright":{"license":"U"},"width":1472,"height":1024}},"subContentId":"f59573a4-4b0d-4f7b-a581-0af3c3101eb2","metadata":{"contentType":"Image","license":"U","title":"Untitled Image"}},"backgroundOpacity":0,"willDoAnimation":false,"animationType":"glow","displayAsButton":false,"buttonSize":"big","goToSlideType":"specified","invisible":false},{"x":47.00255102040816,"y":43.95465994962216,"width":40,"height":40,"action":{"library":"H5P.CRAudio 1.4","params":{"fitToWrapper":true,"currIndex":1,"playerMode":"minimalistic","controls":true,"autoplay":true,"playAudio":"Play audio","pauseAudio":"Pause audio","contentName":"Audio","glowColor":"#ffd85a","timeStampForEachText":[{"text":" Dodo ","startDuration":"0.6703","endDuration":"1.6124","wordfile":[{"path":"audios\/wordfile-65381a4378682.mp3","mime":"audio\/mpeg","copyright":{"license":"U"}}]},{"text":" dafa ","startDuration":"1.6134","endDuration":"2.4239","wordfile":[{"path":"audios\/wordfile-65381a6f360e3.mp3","mime":"audio\/mpeg","copyright":{"license":"U"}}]},{"text":" set ","startDuration":"2.4249","endDuration":"2.7985","wordfile":[{"path":"audios\/wordfile-65381a83b8181.mp3","mime":"audio\/mpeg","copyright":{"license":"U"}}]},{"text":" Yaay. ","startDuration":"2.7995","endDuration":"3.5621","wordfile":[{"path":"audios\/wordfile-65381a99ed2b3.mp3","mime":"audio\/mpeg","copyright":{"license":"U"}}]}],"files":[{"path":"audios\/files-65381a2843178.mp3","mime":"audio\/mpeg","copyright":{"license":"U"}}]},"subContentId":"75c14e9b-75c6-4c19-820e-3a463e7e8838","metadata":{"contentType":"Curious Reader Audio","license":"U","title":"Untitled Curious Reader Audio"}},"backgroundOpacity":0,"willDoAnimation":false,"animationType":"glow","displayAsButton":false,"buttonSize":"big","goToSlideType":"specified","invisible":false},{"x":26.785714285714285,"y":25.15743073047859,"width":25.127551020408163,"height":62.216624685138534,"action":{"library":"H5P.Image 1.1","params":{"contentName":"Image"},"subContentId":"e238fbc3-425a-4692-8d59-7590b12b77c2","metadata":{"contentType":"Image","license":"U","title":"Untitled Image"}},"backgroundOpacity":0,"willDoAnimation":true,"animationType":"glow","displayAsButton":false,"buttonSize":"big","goToSlideType":"specified","invisible":false,"id":"img75c14e9b-75c6-4c19-820e-3a463e7e8838_0"},{"x":63.775510204081634,"y":17.614534005037783,"width":8.545918367346939,"height":40.050377833753146,"action":{"library":"H5P.Image 1.1","params":{"contentName":"Image"},"subContentId":"6a89cda5-1fa9-4a52-b8cc-6cd970e60246","metadata":{"contentType":"Image","license":"U","title":"Untitled Image"}},"backgroundOpacity":0,"willDoAnimation":true,"animationType":"glow","displayAsButton":false,"buttonSize":"big","goToSlideType":"specified","invisible":false,"id":"img75c14e9b-75c6-4c19-820e-3a463e7e8838_3"}],"slideBackgroundSelector":{}},{"elements":[{"x":24.23469387755102,"y":83.1234256926952,"width":49.76851851851851,"height":14.155251141552512,"action":{"library":"H5P.CRAdvancedText 1.1","params":{"text":"<p style=\"text-align: center;\"><span style=\"font-size:2.25em;\">Gis na fukki baloo\u014b.<\/span><\/p>\n"},"subContentId":"a3931e1f-fa46-4f55-9ea7-0981a00a4f78","metadata":{"contentType":"Text","license":"U","title":"Untitled Text"}},"alwaysDisplayComments":false,"backgroundOpacity":0,"willDoAnimation":false,"animationType":"glow","displayAsButton":false,"buttonSize":"big","goToSlideType":"specified","invisible":false,"solution":""},{"x":23.133867982727,"y":9.1393754760091,"width":52.354019094549,"height":71.793754760091,"action":{"library":"H5P.Image 1.1","params":{"contentName":"Image","file":{"path":"images\/file-61c0f2bf916c1.jpeg","mime":"image\/jpeg","copyright":{"license":"U"},"width":1472,"height":1024}},"subContentId":"7308022d-4962-4c07-aeca-3c258a5f0017","metadata":{"contentType":"Image","license":"U","title":"Untitled Image"}},"backgroundOpacity":0,"willDoAnimation":false,"animationType":"glow","displayAsButton":false,"buttonSize":"big","goToSlideType":"specified","invisible":false},{"x":47.00255102040816,"y":43.95465994962216,"width":40,"height":40,"action":{"library":"H5P.CRAudio 1.4","params":{"fitToWrapper":true,"currIndex":2,"playerMode":"minimalistic","controls":true,"autoplay":true,"playAudio":"Play audio","pauseAudio":"Pause audio","contentName":"Audio","glowColor":"#ffd85a","timeStampForEachText":[{"text":" Gis ","startDuration":"0.6766","endDuration":"1.1910","wordfile":[{"path":"audios\/wordfile-65381afa0c9a2.mp3","mime":"audio\/mpeg","copyright":{"license":"U"}}]},{"text":" na ","startDuration":"1.1920","endDuration":"1.5535","wordfile":[{"path":"audios\/wordfile-65381b17ced0d.mp3","mime":"audio\/mpeg","copyright":{"license":"U"}}]},{"text":" fukki ","startDuration":"1.5545","endDuration":"2.0819","wordfile":[{"path":"audios\/wordfile-65381b3abb309.mp3","mime":"audio\/mpeg","copyright":{"license":"U"}}]},{"text":" baloo\u014b. ","startDuration":"2.0829","endDuration":"2.6190","wordfile":[{"path":"audios\/wordfile-65381b514f853.mp3","mime":"audio\/mpeg","copyright":{"license":"U"}}]}],"files":[{"path":"audios\/files-65381ade5c01c.mp3","mime":"audio\/mpeg","copyright":{"license":"U"}}]},"subContentId":"9e37c579-e3d6-4079-b09c-38c251489d5d","metadata":{"contentType":"Curious Reader Audio","license":"U","title":"Untitled Curious Reader Audio"}},"backgroundOpacity":0,"willDoAnimation":false,"animationType":"glow","displayAsButton":false,"buttonSize":"big","goToSlideType":"specified","invisible":false},{"x":28.06122448979592,"y":50.377833753148614,"width":40.05102040816327,"height":22.41813602015113,"action":{"library":"H5P.Image 1.1","params":{"contentName":"Image"},"subContentId":"677cdf9d-a919-4959-8ec4-f7076ad1279b","metadata":{"contentType":"Image","license":"U","title":"Untitled Image"}},"backgroundOpacity":0,"willDoAnimation":true,"animationType":"glow","displayAsButton":false,"buttonSize":"big","goToSlideType":"specified","invisible":false,"id":"img9e37c579-e3d6-4079-b09c-38c251489d5d_2"},{"x":29.336734693877553,"y":50.3639798488665,"width":40.05102040816327,"height":24.937027707808564,"action":{"library":"H5P.Image 1.1","params":{"contentName":"Image"},"subContentId":"023ac3a3-7345-4a66-aa0a-f7e69272f276","metadata":{"contentType":"Image","license":"U","title":"Untitled Image"}},"backgroundOpacity":0,"willDoAnimation":true,"animationType":"glow","displayAsButton":false,"buttonSize":"big","goToSlideType":"specified","invisible":false,"id":"img9e37c579-e3d6-4079-b09c-38c251489d5d_3"}],"slideBackgroundSelector":{}},{"elements":[{"x":19.675925925925924,"y":82.64840182648402,"width":61.34259259259259,"height":15.753424657534246,"action":{"library":"H5P.CRAdvancedText 1.1","params":{"text":"<p style=\"text-align: center;\"><span style=\"font-size:2.25em;\">Gis na juroom \u00f1i\u00e9tti kas.<\/span><\/p>\n"},"subContentId":"8a6e5c35-5f97-4215-baa7-e38531f114ec","metadata":{"contentType":"Text","license":"U","title":"Untitled Text"}},"alwaysDisplayComments":false,"backgroundOpacity":0,"willDoAnimation":false,"animationType":"glow","displayAsButton":false,"buttonSize":"big","goToSlideType":"specified","invisible":false,"solution":""},{"x":20.773021250385,"y":9.1393754760091,"width":55.766861718509,"height":73.111348057883,"action":{"library":"H5P.Image 1.1","params":{"contentName":"Image","file":{"path":"images\/file-61c0f50c26444.jpeg","mime":"image\/jpeg","copyright":{"license":"U"},"width":1472,"height":1024}},"subContentId":"0861d03c-bddb-4187-a152-fa4e2cb5c858","metadata":{"contentType":"Image","license":"U","title":"Untitled Image"}},"backgroundOpacity":0,"willDoAnimation":false,"animationType":"glow","displayAsButton":false,"buttonSize":"big","goToSlideType":"specified","invisible":false},{"x":47.00255102040816,"y":43.95465994962216,"width":40,"height":40,"action":{"library":"H5P.CRAudio 1.4","params":{"fitToWrapper":true,"currIndex":3,"playerMode":"minimalistic","controls":true,"autoplay":true,"playAudio":"Play audio","pauseAudio":"Pause audio","contentName":"Audio","glowColor":"#ffd85a","timeStampForEachText":[{"text":" Gis ","startDuration":"0.8199","endDuration":"1.2653","wordfile":[{"path":"audios\/wordfile-65381beb9c2ae.mp3","mime":"audio\/mpeg","copyright":{"license":"U"}}]},{"text":" na ","startDuration":"1.2663","endDuration":"1.7356","wordfile":[{"path":"audios\/wordfile-65381c033b57f.mp3","mime":"audio\/mpeg","copyright":{"license":"U"}}]},{"text":" juroom ","startDuration":"1.7366","endDuration":"2.4932","wordfile":[{"path":"audios\/wordfile-65381c2769bfe.mp3","mime":"audio\/mpeg","copyright":{"license":"U"}}]},{"text":" \u00f1i\u00e9tti ","startDuration":"2.4942","endDuration":"3.0294","wordfile":[{"path":"audios\/wordfile-65381c4f87586.mp3","mime":"audio\/mpeg","copyright":{"license":"U"}}]},{"text":" kas. ","startDuration":"3.0304","endDuration":"3.8050","wordfile":[{"path":"audios\/wordfile-65381c68036dc.mp3","mime":"audio\/mpeg","copyright":{"license":"U"}}]}],"files":[{"path":"audios\/files-65381b7238bb7.mp3","mime":"audio\/mpeg","copyright":{"license":"U"}}]},"subContentId":"5cf085d5-b6a4-4fa1-8c0c-de0484504d89","metadata":{"contentType":"Curious Reader Audio","license":"U","title":"Untitled Curious Reader Audio"}},"backgroundOpacity":0,"willDoAnimation":false,"animationType":"glow","displayAsButton":false,"buttonSize":"big","goToSlideType":"specified","invisible":false},{"x":26.785714285714285,"y":45.34005037783375,"width":40.05102040816327,"height":16.876574307304786,"action":{"library":"H5P.Image 1.1","params":{"contentName":"Image"},"subContentId":"7de6e0fd-18f4-4ee2-b6ad-813fb5f24794","metadata":{"contentType":"Image","license":"U","title":"Untitled Image"}},"backgroundOpacity":0,"willDoAnimation":true,"animationType":"glow","displayAsButton":false,"buttonSize":"big","goToSlideType":"specified","invisible":false,"id":"img5cf085d5-b6a4-4fa1-8c0c-de0484504d89_2"},{"x":29.97448979591837,"y":45.30453400503778,"width":36.60714285714286,"height":16.876574307304786,"action":{"library":"H5P.Image 1.1","params":{"contentName":"Image"},"subContentId":"f2b17aca-90b4-4aab-af39-b129a0691ea1","metadata":{"contentType":"Image","license":"U","title":"Untitled Image"}},"backgroundOpacity":0,"willDoAnimation":true,"animationType":"glow","displayAsButton":false,"buttonSize":"big","goToSlideType":"specified","invisible":false,"id":"img5cf085d5-b6a4-4fa1-8c0c-de0484504d89_3"},{"x":29.97448979591837,"y":45.30453400503778,"width":35.33163265306123,"height":16.876574307304786,"action":{"library":"H5P.Image 1.1","params":{"contentName":"Image"},"subContentId":"0d9f6064-b6e3-4bfe-88c6-fc2caea868b8","metadata":{"contentType":"Image","license":"U","title":"Untitled Image"}},"backgroundOpacity":0,"willDoAnimation":true,"animationType":"glow","displayAsButton":false,"buttonSize":"big","goToSlideType":"specified","invisible":false,"id":"img5cf085d5-b6a4-4fa1-8c0c-de0484504d89_4"}],"slideBackgroundSelector":{}},{"elements":[{"x":7.653061224489796,"y":83.95188916876573,"width":81.63265306122449,"height":15.869017632241812,"action":{"library":"H5P.CRAdvancedText 1.1","params":{"text":"<p style=\"text-align: center;\"><span style=\"font-size:2.25em;\">Gis na juroom \u00f1eeti kuddu. <\/span><\/p>\n"},"subContentId":"c22923f1-a46c-493b-aca2-92fbacd3edc2","metadata":{"contentType":"Text","license":"U","title":"Untitled Text"}},"alwaysDisplayComments":false,"backgroundOpacity":0,"willDoAnimation":false,"animationType":"glow","displayAsButton":false,"buttonSize":"big","goToSlideType":"specified","invisible":false,"solution":""},{"x":21.591610117212,"y":9.1393754760091,"width":56.973668001232,"height":74.634577303884,"action":{"library":"H5P.Image 1.1","params":{"contentName":"Image","file":{"path":"images\/file-61c0f78984cdd.jpeg","mime":"image\/jpeg","copyright":{"license":"U"},"width":1472,"height":1024}},"subContentId":"37eda182-a252-454f-b1bd-3d126971ee70","metadata":{"contentType":"Image","license":"U","title":"Untitled Image"}},"backgroundOpacity":0,"willDoAnimation":false,"animationType":"glow","displayAsButton":false,"buttonSize":"big","goToSlideType":"specified","invisible":false},{"x":47.00255102040816,"y":43.95465994962216,"width":40,"height":40,"action":{"library":"H5P.CRAudio 1.4","params":{"fitToWrapper":true,"currIndex":4,"playerMode":"minimalistic","controls":true,"autoplay":true,"playAudio":"Play audio","pauseAudio":"Pause audio","contentName":"Audio","glowColor":"#ffd85a","timeStampForEachText":[{"text":" Gis ","startDuration":"0.4675","endDuration":"0.8779","wordfile":[{"path":"audios\/wordfile-65381ca0b9075.mp3","mime":"audio\/mpeg","copyright":{"license":"U"}}]},{"text":" na ","startDuration":"0.8789","endDuration":"1.4529","wordfile":[{"path":"audios\/wordfile-65381cb515ffb.mp3","mime":"audio\/mpeg","copyright":{"license":"U"}}]},{"text":" juroom ","startDuration":"1.4539","endDuration":"2.1448","wordfile":[{"path":"audios\/wordfile-65381cd906422.mp3","mime":"audio\/mpeg","copyright":{"license":"U"}}]},{"text":" \u00f1eeti ","startDuration":"2.1458","endDuration":"3.0705","wordfile":[{"path":"audios\/wordfile-65381d0aef944.mp3","mime":"audio\/mpeg","copyright":{"license":"U"}}]},{"text":" kuddu. ","startDuration":"3.0657","endDuration":"3.7098","wordfile":[{"path":"audios\/wordfile-65381d311fd83.mp3","mime":"audio\/mpeg","copyright":{"license":"U"}}]}],"files":[{"path":"audios\/files-65381c8e03e91.mp3","mime":"audio\/mpeg","copyright":{"license":"U"}}]},"subContentId":"6783c9cd-5899-45be-aada-ddb4f3be6701","metadata":{"contentType":"Curious Reader Audio","license":"U","title":"Untitled Curious Reader Audio"}},"backgroundOpacity":0,"willDoAnimation":false,"animationType":"glow","displayAsButton":false,"buttonSize":"big","goToSlideType":"specified","invisible":false},{"x":40.816326530612244,"y":37.78337531486146,"width":8.545918367346939,"height":21.914357682619645,"action":{"library":"H5P.Image 1.1","params":{"contentName":"Image"},"subContentId":"438fd3c2-8f26-446b-b958-8516f61d284b","metadata":{"contentType":"Image","license":"U","title":"Untitled Image"}},"backgroundOpacity":0,"willDoAnimation":true,"animationType":"glow","displayAsButton":false,"buttonSize":"big","goToSlideType":"specified","invisible":false,"id":"img6783c9cd-5899-45be-aada-ddb4f3be6701_2"},{"x":49.744897959183675,"y":40.30226700251889,"width":23.46938775510204,"height":24.937027707808564,"action":{"library":"H5P.Image 1.1","params":{"contentName":"Image"},"subContentId":"cfad2ba3-0c80-4e41-81af-685107f5b046","metadata":{"contentType":"Image","license":"U","title":"Untitled Image"}},"backgroundOpacity":0,"willDoAnimation":true,"animationType":"glow","displayAsButton":false,"buttonSize":"big","goToSlideType":"specified","invisible":false,"id":"img6783c9cd-5899-45be-aada-ddb4f3be6701_2"},{"x":39.54081632653062,"y":37.7735516372796,"width":10.96938775510204,"height":19.64735516372796,"action":{"library":"H5P.Image 1.1","params":{"contentName":"Image"},"subContentId":"19e0d7e2-19f9-445c-baf8-716ec3eeabd1","metadata":{"contentType":"Image","license":"U","title":"Untitled Image"}},"backgroundOpacity":0,"willDoAnimation":true,"animationType":"glow","displayAsButton":false,"buttonSize":"big","goToSlideType":"specified","invisible":false,"id":"img6783c9cd-5899-45be-aada-ddb4f3be6701_3"},{"x":51.02040816326531,"y":37.76372795969773,"width":19.005102040816325,"height":26.952141057934508,"action":{"library":"H5P.Image 1.1","params":{"contentName":"Image"},"subContentId":"977344cf-1a75-4bfb-b371-849859a489aa","metadata":{"contentType":"Image","license":"U","title":"Untitled Image"}},"backgroundOpacity":0,"willDoAnimation":true,"animationType":"glow","displayAsButton":false,"buttonSize":"big","goToSlideType":"specified","invisible":false,"id":"img6783c9cd-5899-45be-aada-ddb4f3be6701_3"},{"x":51.02040816326531,"y":37.76372795969773,"width":19.005102040816325,"height":26.952141057934508,"action":{"library":"H5P.Image 1.1","params":{"contentName":"Image"},"subContentId":"f0a3e62d-b087-4133-a6ec-a9131dadf5f1","metadata":{"contentType":"Image","license":"U","title":"Untitled Image"}},"backgroundOpacity":0,"willDoAnimation":true,"animationType":"glow","displayAsButton":false,"buttonSize":"big","goToSlideType":"specified","invisible":false,"id":"img6783c9cd-5899-45be-aada-ddb4f3be6701_4"},{"x":39.54081632653062,"y":37.76372795969773,"width":9.821428571428571,"height":21.914357682619645,"action":{"library":"H5P.Image 1.1","params":{"contentName":"Image"},"subContentId":"a8075b51-5dd4-4dd3-9a51-e208c8d457c9","metadata":{"contentType":"Image","license":"U","title":"Untitled Image"}},"backgroundOpacity":0,"willDoAnimation":true,"animationType":"glow","displayAsButton":false,"buttonSize":"big","goToSlideType":"specified","invisible":false,"id":"img6783c9cd-5899-45be-aada-ddb4f3be6701_4"}],"slideBackgroundSelector":{}},{"elements":[{"x":16.581632653061224,"y":83.1234256926952,"width":65.97222222222221,"height":14.155251141552512,"action":{"library":"H5P.CRAdvancedText 1.1","params":{"text":"<p style=\"text-align: center;\"><span style=\"font-size:2.25em;\">Gis na juroom \u00f1aari pa\u00f1e.<\/span><\/p>\n"},"subContentId":"24a7b4ec-023c-4c23-9b9e-4ce2473d3e40","metadata":{"contentType":"Text","license":"U","title":"Untitled Text"}},"alwaysDisplayComments":false,"backgroundOpacity":0,"willDoAnimation":false,"animationType":"glow","displayAsButton":false,"buttonSize":"big","goToSlideType":"specified","invisible":false,"solution":""},{"x":23.032407407407405,"y":8.219178082191782,"width":53.984447182014,"height":74.927646610815,"action":{"library":"H5P.Image 1.1","params":{"contentName":"Image","file":{"path":"images\/file-61c0f97f5a778.jpeg","mime":"image\/jpeg","copyright":{"license":"U"},"width":1472,"height":1024}},"subContentId":"ab3d1717-7bd0-4589-a7b8-718950cf9f45","metadata":{"contentType":"Image","license":"U","title":"Untitled Image"}},"backgroundOpacity":0,"willDoAnimation":false,"animationType":"glow","displayAsButton":false,"buttonSize":"big","goToSlideType":"specified","invisible":false},{"x":47.00255102040816,"y":43.95465994962216,"width":40,"height":40,"action":{"library":"H5P.CRAudio 1.4","params":{"fitToWrapper":true,"currIndex":5,"playerMode":"minimalistic","controls":true,"autoplay":true,"playAudio":"Play audio","pauseAudio":"Pause audio","contentName":"Audio","glowColor":"#ffd85a","timeStampForEachText":[{"text":" Gis ","startDuration":"0.8727","endDuration":"1.3723","wordfile":[{"path":"audios\/wordfile-65381d70e90db.mp3","mime":"audio\/mpeg","copyright":{"license":"U"}}]},{"text":" na ","startDuration":"1.3733","endDuration":"1.9315","wordfile":[{"path":"audios\/wordfile-65381d835de83.mp3","mime":"audio\/mpeg","copyright":{"license":"U"}}]},{"text":" juroom ","startDuration":"1.9325","endDuration":"2.7056","wordfile":[{"path":"audios\/wordfile-65381da39e3d1.mp3","mime":"audio\/mpeg","copyright":{"license":"U"}}]},{"text":" \u00f1aari ","startDuration":"2.7066","endDuration":"3.4863","wordfile":[{"path":"audios\/wordfile-65381ddabb0c0.mp3","mime":"audio\/mpeg","copyright":{"license":"U"}}]},{"text":" pa\u00f1e. ","startDuration":"3.4873","endDuration":"4.0911","wordfile":[{"path":"audios\/wordfile-65381e009dd74.mp3","mime":"audio\/mpeg","copyright":{"license":"U"}}]}],"files":[{"path":"audios\/files-65381d5aa5e38.mp3","mime":"audio\/mpeg","copyright":{"license":"U"}}]},"subContentId":"37c06634-6628-4cff-aeac-ea7d788736ab","metadata":{"contentType":"Curious Reader Audio","license":"U","title":"Untitled Curious Reader Audio"}},"backgroundOpacity":0,"willDoAnimation":false,"animationType":"glow","displayAsButton":false,"buttonSize":"big","goToSlideType":"specified","invisible":false},{"x":21.683673469387756,"y":50.32267002518892,"width":55.73979591836735,"height":31.989924433249367,"action":{"library":"H5P.Image 1.1","params":{"contentName":"Image"},"subContentId":"77764769-d2a6-4087-86e7-1fb8c3432c9a","metadata":{"contentType":"Image","license":"U","title":"Untitled Image"}},"backgroundOpacity":0,"willDoAnimation":true,"animationType":"glow","displayAsButton":false,"buttonSize":"big","goToSlideType":"specified","invisible":false,"id":"img37c06634-6628-4cff-aeac-ea7d788736ab_2"},{"x":22.95918367346939,"y":52.84156171284635,"width":55.73979591836735,"height":29.471032745591938,"action":{"library":"H5P.Image 1.1","params":{"contentName":"Image"},"subContentId":"1b8b2abc-c26e-45d8-8e60-de2dfcc08937","metadata":{"contentType":"Image","license":"U","title":"Untitled Image"}},"backgroundOpacity":0,"willDoAnimation":true,"animationType":"glow","displayAsButton":false,"buttonSize":"big","goToSlideType":"specified","invisible":false,"id":"img37c06634-6628-4cff-aeac-ea7d788736ab_3"},{"x":22.95918367346939,"y":57.9345088161209,"width":55.73979591836735,"height":22.41813602015113,"action":{"library":"H5P.Image 1.1","params":{"contentName":"Image"},"subContentId":"5ad20b35-fa7e-466c-900b-9d1f3c5de11d","metadata":{"contentType":"Image","license":"U","title":"Untitled Image"}},"backgroundOpacity":0,"willDoAnimation":true,"animationType":"glow","displayAsButton":false,"buttonSize":"big","goToSlideType":"specified","invisible":false,"id":"img37c06634-6628-4cff-aeac-ea7d788736ab_4"}],"slideBackgroundSelector":{}},{"elements":[{"x":6.377551020408164,"y":85.57153652392947,"width":81.63265306122449,"height":13.350125944584383,"action":{"library":"H5P.CRAdvancedText 1.1","params":{"text":"<p style=\"text-align: center;\"><span style=\"font-size:2.25em;\">Gis na juroom benni w\u00e1s.<\/span><\/p>\n"},"subContentId":"a7db7bda-dd18-495e-bb88-72386a099cc1","metadata":{"contentType":"Text","license":"U","title":"Untitled Text"}},"alwaysDisplayComments":false,"backgroundOpacity":0,"willDoAnimation":false,"animationType":"glow","displayAsButton":false,"buttonSize":"big","goToSlideType":"specified","invisible":false,"solution":""},{"x":23.263888888888886,"y":6.164383561643835,"width":53.893902063443,"height":77.452551408987,"action":{"library":"H5P.Image 1.1","params":{"contentName":"Image","file":{"path":"images\/file-61c0faa8193a4.jpeg","mime":"image\/jpeg","copyright":{"license":"U"},"width":1472,"height":1024}},"subContentId":"ce6eebac-7cd7-4ae3-8294-f90d7a1754ef","metadata":{"contentType":"Image","license":"U","title":"Untitled Image"}},"backgroundOpacity":0,"willDoAnimation":false,"animationType":"glow","displayAsButton":false,"buttonSize":"big","goToSlideType":"specified","invisible":false},{"x":47.00255102040816,"y":43.95465994962216,"width":40,"height":40,"action":{"library":"H5P.CRAudio 1.4","params":{"fitToWrapper":true,"currIndex":6,"playerMode":"minimalistic","controls":true,"autoplay":true,"playAudio":"Play audio","pauseAudio":"Pause audio","contentName":"Audio","glowColor":"#ffd85a","timeStampForEachText":[{"text":" Gis ","startDuration":"0.6866","endDuration":"1.2264","wordfile":[{"path":"audios\/wordfile-65381e4321c7c.mp3","mime":"audio\/mpeg","copyright":{"license":"U"}}]},{"text":" na ","startDuration":"1.2274","endDuration":"1.7395","wordfile":[{"path":"audios\/wordfile-65381e5dba353.mp3","mime":"audio\/mpeg","copyright":{"license":"U"}}]},{"text":" juroom ","startDuration":"1.7405","endDuration":"2.7797","wordfile":[{"path":"audios\/wordfile-65381e7ac1698.mp3","mime":"audio\/mpeg","copyright":{"license":"U"}}]},{"text":" benni ","startDuration":"2.7807","endDuration":"3.2928","wordfile":[{"path":"audios\/wordfile-65381ec924338.mp3","mime":"audio\/mpeg","copyright":{"license":"U"}}]},{"text":" w\u00e1s. ","startDuration":"3.2938","endDuration":"4.2498","wordfile":[{"path":"audios\/wordfile-65381ee2832dc.mp3","mime":"audio\/mpeg","copyright":{"license":"U"}}]}],"files":[{"path":"audios\/files-65381e2e06029.mp3","mime":"audio\/mpeg","copyright":{"license":"U"}}]},"subContentId":"935a6d5e-9982-4bcb-8f20-180fd5a6bddb","metadata":{"contentType":"Curious Reader Audio","license":"U","title":"Untitled Curious Reader Audio"}},"backgroundOpacity":0,"willDoAnimation":false,"animationType":"glow","displayAsButton":false,"buttonSize":"big","goToSlideType":"specified","invisible":false},{"x":45.91836734693878,"y":32.735768261964736,"width":13.64795918367347,"height":31.738035264483624,"action":{"library":"H5P.Image 1.1","params":{"contentName":"Image"},"subContentId":"8ca8d43f-09cd-4aaf-84d9-d1fc58731333","metadata":{"contentType":"Image","license":"U","title":"Untitled Image"}},"backgroundOpacity":0,"willDoAnimation":true,"animationType":"glow","displayAsButton":false,"buttonSize":"big","goToSlideType":"specified","invisible":false,"id":"img935a6d5e-9982-4bcb-8f20-180fd5a6bddb_2"},{"x":45.91836734693878,"y":29.94332493702771,"width":13.64795918367347,"height":34.5088161209068,"action":{"library":"H5P.Image 1.1","params":{"contentName":"Image"},"subContentId":"09e5a31f-b085-475d-a9fb-91220f2ec4f9","metadata":{"contentType":"Image","license":"U","title":"Untitled Image"}},"backgroundOpacity":0,"willDoAnimation":true,"animationType":"glow","displayAsButton":false,"buttonSize":"big","goToSlideType":"specified","invisible":false,"id":"img935a6d5e-9982-4bcb-8f20-180fd5a6bddb_3"},{"x":45.91836734693878,"y":29.94332493702771,"width":13.64795918367347,"height":34.5088161209068,"action":{"library":"H5P.Image 1.1","params":{"contentName":"Image"},"subContentId":"b4a16432-bda5-445f-8080-37d1ff565d31","metadata":{"contentType":"Image","license":"U","title":"Untitled Image"}},"backgroundOpacity":0,"willDoAnimation":true,"animationType":"glow","displayAsButton":false,"buttonSize":"big","goToSlideType":"specified","invisible":false,"id":"img935a6d5e-9982-4bcb-8f20-180fd5a6bddb_4"}],"slideBackgroundSelector":{}},{"elements":[{"x":17.857142857142858,"y":83.1234256926952,"width":63.657407407407405,"height":13.242009132420092,"action":{"library":"H5P.CRAdvancedText 1.1","params":{"text":"<p dir=\"ltr\" style=\"text-align: center;\"><span style=\"font-size:2.25em;\">Gis na juroomi t\u00f3or-t\u00f3or.<\/span><\/p>\n"},"subContentId":"ce8371ff-18d4-45a5-ad6c-2380894dc4f6","metadata":{"contentType":"Text","license":"U","title":"Untitled Text"}},"alwaysDisplayComments":false,"backgroundOpacity":0,"willDoAnimation":false,"animationType":"glow","displayAsButton":false,"buttonSize":"big","goToSlideType":"specified","invisible":false,"solution":""},{"x":25.23148148148148,"y":10.045662100456621,"width":49.27425315676,"height":73.149428789033,"action":{"library":"H5P.Image 1.1","params":{"contentName":"Image","file":{"path":"images\/file-61c0fb083e1bb.jpeg","mime":"image\/jpeg","copyright":{"license":"U"},"width":1472,"height":1024}},"subContentId":"5540205a-60e4-4773-a93d-1d4917ead4ab","metadata":{"contentType":"Image","license":"U","title":"Untitled Image"}},"backgroundOpacity":0,"willDoAnimation":false,"animationType":"glow","displayAsButton":false,"buttonSize":"big","goToSlideType":"specified","invisible":false},{"x":47.00255102040816,"y":43.95465994962216,"width":40,"height":40,"action":{"library":"H5P.CRAudio 1.4","params":{"fitToWrapper":true,"currIndex":7,"playerMode":"minimalistic","controls":true,"autoplay":true,"playAudio":"Play audio","pauseAudio":"Pause audio","contentName":"Audio","glowColor":"#ffd85a","timeStampForEachText":[{"text":" Gis ","startDuration":"0.0000","endDuration":"0.5397","wordfile":[{"path":"audios\/wordfile-65381f4945a91.mp3","mime":"audio\/mpeg","copyright":{"license":"U"}}]},{"text":" na ","startDuration":"0.5407","endDuration":"1.0145","wordfile":[{"path":"audios\/wordfile-65381f62b9741.mp3","mime":"audio\/mpeg","copyright":{"license":"U"}}]},{"text":" juroomi ","startDuration":"1.0155","endDuration":"2.4626","wordfile":[{"path":"audios\/wordfile-65381f85e1dd2.mp3","mime":"audio\/mpeg","copyright":{"license":"U"}}]},{"text":" t\u00f3ort\u00f3or. ","startDuration":"2.4636","endDuration":"3.7130","wordfile":[{"path":"audios\/wordfile-65381fa5e79cd.mp3","mime":"audio\/mpeg","copyright":{"license":"U"}}]}],"files":[{"path":"audios\/files-65381f30c58ec.mp3","mime":"audio\/mpeg","copyright":{"license":"U"}}]},"subContentId":"cc66dc9a-493e-49ba-a826-ecd361be4d9d","metadata":{"contentType":"Curious Reader Audio","license":"U","title":"Untitled Curious Reader Audio"}},"backgroundOpacity":0,"willDoAnimation":false,"animationType":"glow","displayAsButton":false,"buttonSize":"big","goToSlideType":"specified","invisible":false},{"x":30.612244897959183,"y":57.9345088161209,"width":17.474489795918366,"height":17.38035264483627,"action":{"library":"H5P.Image 1.1","params":{"contentName":"Image"},"subContentId":"51420f18-b725-408a-be11-c466fa6f4e3a","metadata":{"contentType":"Image","license":"U","title":"Untitled Image"}},"backgroundOpacity":0,"willDoAnimation":true,"animationType":"glow","displayAsButton":false,"buttonSize":"big","goToSlideType":"specified","invisible":false,"id":"imgcc66dc9a-493e-49ba-a826-ecd361be4d9d_2"},{"x":52.29591836734694,"y":55.415617128463474,"width":17.091836734693878,"height":22.41813602015113,"action":{"library":"H5P.Image 1.1","params":{"contentName":"Image"},"subContentId":"38e2a81c-5868-4ed2-9dd5-94077b350d17","metadata":{"contentType":"Image","license":"U","title":"Untitled Image"}},"backgroundOpacity":0,"willDoAnimation":true,"animationType":"glow","displayAsButton":false,"buttonSize":"big","goToSlideType":"specified","invisible":false,"id":"imgcc66dc9a-493e-49ba-a826-ecd361be4d9d_2"},{"x":30.612244897959183,"y":55.368261964735524,"width":17.474489795918366,"height":19.8992443324937,"action":{"library":"H5P.Image 1.1","params":{"contentName":"Image"},"subContentId":"b23c5c9d-2895-4302-bde4-6a6f7c90bd59","metadata":{"contentType":"Image","license":"U","title":"Untitled Image"}},"backgroundOpacity":0,"willDoAnimation":true,"animationType":"glow","displayAsButton":false,"buttonSize":"big","goToSlideType":"specified","invisible":false,"id":"imgcc66dc9a-493e-49ba-a826-ecd361be4d9d_3"},{"x":51.02040816326531,"y":55.39999999999999,"width":20.025510204081634,"height":22.41813602015113,"action":{"library":"H5P.Image 1.1","params":{"contentName":"Image"},"subContentId":"6c8f4a30-cbcb-44e3-87e6-77ae9533d9d1","metadata":{"contentType":"Image","license":"U","title":"Untitled Image"}},"backgroundOpacity":0,"willDoAnimation":true,"animationType":"glow","displayAsButton":false,"buttonSize":"big","goToSlideType":"specified","invisible":false,"id":"imgcc66dc9a-493e-49ba-a826-ecd361be4d9d_3"}],"slideBackgroundSelector":{}},{"elements":[{"x":10.300925925925926,"y":83.33333333333333,"width":78.7037037037037,"height":15.981735159817353,"action":{"library":"H5P.CRAdvancedText 1.1","params":{"text":"<p style=\"text-align: center;\"><span style=\"font-size:2.25em;\">Gis na ay \u00f1eetti tubeey. <\/span><\/p>\n"},"subContentId":"62da435c-587d-4e24-8531-6e6d9ca1bf03","metadata":{"contentType":"Text","license":"U","title":"Untitled Text"}},"alwaysDisplayComments":false,"backgroundOpacity":0,"willDoAnimation":false,"animationType":"glow","displayAsButton":false,"buttonSize":"big","goToSlideType":"specified","invisible":false,"solution":""},{"x":18.489583333333336,"y":6.837899543378994,"width":61.80555555555555,"height":75.34246575342466,"action":{"library":"H5P.Image 1.1","params":{"contentName":"Image","file":{"path":"images\/file-61c0fbe47eb09.jpeg","mime":"image\/jpeg","copyright":{"license":"U"},"width":1472,"height":1024}},"subContentId":"9f8fef1e-cbf5-4098-9dbe-27a7399d7326","metadata":{"contentType":"Image","license":"U","title":"Untitled Image"}},"backgroundOpacity":0,"willDoAnimation":false,"animationType":"glow","displayAsButton":false,"buttonSize":"big","goToSlideType":"specified","invisible":false},{"x":47.00255102040816,"y":43.95465994962216,"width":40,"height":40,"action":{"library":"H5P.CRAudio 1.4","params":{"fitToWrapper":true,"currIndex":8,"playerMode":"minimalistic","controls":true,"autoplay":true,"playAudio":"Play audio","pauseAudio":"Pause audio","contentName":"Audio","glowColor":"#ffd85a","timeStampForEachText":[{"text":" Gis ","startDuration":"0.0000","endDuration":"0.6249","wordfile":[{"path":"audios\/wordfile-65381fdb33f75.mp3","mime":"audio\/mpeg","copyright":{"license":"U"}}]},{"text":" na ","startDuration":"0.6259","endDuration":"1.1354","wordfile":[{"path":"audios\/wordfile-65381ff561a51.mp3","mime":"audio\/mpeg","copyright":{"license":"U"}}]},{"text":" ay ","startDuration":"1.1364","endDuration":"1.8085","wordfile":[{"path":"audios\/wordfile-6538201a6655f.mp3","mime":"audio\/mpeg","copyright":{"license":"U"}}]},{"text":" \u00f1eetti ","startDuration":"1.8095","endDuration":"2.4711","wordfile":[{"path":"audios\/wordfile-653820419db44.mp3","mime":"audio\/mpeg","copyright":{"license":"U"}}]},{"text":" tubeey. ","startDuration":"2.4721","endDuration":"3.0655","wordfile":[{"path":"audios\/wordfile-6538205e9660f.mp3","mime":"audio\/mpeg","copyright":{"license":"U"}}]}],"files":[{"path":"audios\/files-65381fc38b46d.mp3","mime":"audio\/mpeg","copyright":{"license":"U"}}]},"subContentId":"8715c52f-fa02-4e27-acd4-0e656f62983c","metadata":{"contentType":"Curious Reader Audio","license":"U","title":"Untitled Curious Reader Audio"}},"backgroundOpacity":0,"willDoAnimation":false,"animationType":"glow","displayAsButton":false,"buttonSize":"big","goToSlideType":"specified","invisible":false},{"x":53.57142857142857,"y":15.113350125944583,"width":19.642857142857142,"height":40.050377833753146,"action":{"library":"H5P.Image 1.1","params":{"contentName":"Image"},"subContentId":"fa95a50c-1070-4345-bb86-5e6051688598","metadata":{"contentType":"Image","license":"U","title":"Untitled Image"}},"backgroundOpacity":0,"willDoAnimation":true,"animationType":"glow","displayAsButton":false,"buttonSize":"big","goToSlideType":"specified","invisible":false,"id":"img8715c52f-fa02-4e27-acd4-0e656f62983c_2"},{"x":53.57142857142857,"y":15.105491183879094,"width":22.19387755102041,"height":40.050377833753146,"action":{"library":"H5P.Image 1.1","params":{"contentName":"Image"},"subContentId":"b2d2147a-3778-4b27-9ad1-874f63aa8437","metadata":{"contentType":"Image","license":"U","title":"Untitled Image"}},"backgroundOpacity":0,"willDoAnimation":true,"animationType":"glow","displayAsButton":false,"buttonSize":"big","goToSlideType":"specified","invisible":false,"id":"img8715c52f-fa02-4e27-acd4-0e656f62983c_4"}],"slideBackgroundSelector":{}},{"elements":[{"x":2.314814814814815,"y":83.56164383561644,"width":96.52777777777777,"height":15.753424657534246,"action":{"library":"H5P.CRAdvancedText 1.1","params":{"text":"<p style=\"text-align: center;\"><span style=\"font-size:2.25em;\">Gis na \u00f1etti jumtukaayu misik.<\/span><\/p>\n"},"subContentId":"3a08f030-0a2a-49f9-88e9-de7086ff4fcf","metadata":{"contentType":"Text","license":"U","title":"Untitled Text"}},"alwaysDisplayComments":false,"backgroundOpacity":0,"willDoAnimation":false,"animationType":"glow","displayAsButton":false,"buttonSize":"big","goToSlideType":"specified","invisible":false,"solution":""},{"x":25.578703703703702,"y":7.305936073059361,"width":51.455189405605,"height":76.191926884996,"action":{"library":"H5P.Image 1.1","params":{"contentName":"Image","file":{"path":"images\/file-61c0fc644df28.jpeg","mime":"image\/jpeg","copyright":{"license":"U"},"width":1472,"height":1024}},"subContentId":"f455b643-1205-4afd-aad1-ca7b047aa884","metadata":{"contentType":"Image","license":"U","title":"Untitled Image"}},"backgroundOpacity":0,"willDoAnimation":false,"animationType":"glow","displayAsButton":false,"buttonSize":"big","goToSlideType":"specified","invisible":false},{"x":47.00255102040816,"y":43.95465994962216,"width":40,"height":40,"action":{"library":"H5P.CRAudio 1.4","params":{"fitToWrapper":true,"currIndex":9,"playerMode":"minimalistic","controls":true,"autoplay":true,"playAudio":"Play audio","pauseAudio":"Pause audio","contentName":"Audio","glowColor":"#ffd85a","timeStampForEachText":[{"text":" Gis ","startDuration":"0.4996","endDuration":"1.0132","wordfile":[{"path":"audios\/wordfile-6538208f939cb.mp3","mime":"audio\/mpeg","copyright":{"license":"U"}}]},{"text":" na ","startDuration":"1.0142","endDuration":"1.5511","wordfile":[{"path":"audios\/wordfile-653820a4ea333.mp3","mime":"audio\/mpeg","copyright":{"license":"U"}}]},{"text":" \u00f1etti ","startDuration":"1.5521","endDuration":"2.5770","wordfile":[{"path":"audios\/wordfile-653820caf11f7.mp3","mime":"audio\/mpeg","copyright":{"license":"U"}}]},{"text":" jumtukaayu ","startDuration":"2.5780","endDuration":"3.4693","wordfile":[{"path":"audios\/wordfile-653820fc58eac.mp3","mime":"audio\/mpeg","copyright":{"license":"U"}}]},{"text":" misik. ","startDuration":"3.4703","endDuration":"4.0014","wordfile":[{"path":"audios\/wordfile-6538211e14665.mp3","mime":"audio\/mpeg","copyright":{"license":"U"}}]}],"files":[{"path":"audios\/files-65382079c7561.mp3","mime":"audio\/mpeg","copyright":{"license":"U"}}]},"subContentId":"3b159ed8-bbd7-4c7a-a0ec-673b69f10cd4","metadata":{"contentType":"Curious Reader Audio","license":"U","title":"Untitled Curious Reader Audio"}},"backgroundOpacity":0,"willDoAnimation":false,"animationType":"glow","displayAsButton":false,"buttonSize":"big","goToSlideType":"specified","invisible":false},{"x":45.91836734693878,"y":45.32821158690176,"width":11.096938775510205,"height":32.49370277078086,"action":{"library":"H5P.Image 1.1","params":{"contentName":"Image"},"subContentId":"932853b2-1a14-4372-93c2-477ba2d3833b","metadata":{"contentType":"Image","license":"U","title":"Untitled Image"}},"backgroundOpacity":0,"willDoAnimation":true,"animationType":"glow","displayAsButton":false,"buttonSize":"big","goToSlideType":"specified","invisible":false,"id":"img3b159ed8-bbd7-4c7a-a0ec-673b69f10cd4_2"},{"x":59.94897959183674,"y":20.133425692695216,"width":17.091836734693878,"height":54.659949622166245,"action":{"library":"H5P.Image 1.1","params":{"contentName":"Image"},"subContentId":"0eadae0f-12e6-4d44-a3f5-65a9d7464dd7","metadata":{"contentType":"Image","license":"U","title":"Untitled Image"}},"backgroundOpacity":0,"willDoAnimation":true,"animationType":"glow","displayAsButton":false,"buttonSize":"big","goToSlideType":"specified","invisible":false,"id":"img3b159ed8-bbd7-4c7a-a0ec-673b69f10cd4_2"},{"x":26.785714285714285,"y":25.181057934508814,"width":16.836734693877553,"height":44.83627204030226,"action":{"library":"H5P.Image 1.1","params":{"contentName":"Image"},"subContentId":"7c341fad-3c8e-4b8b-a50d-7506c8ffc361","metadata":{"contentType":"Image","license":"U","title":"Untitled Image"}},"backgroundOpacity":0,"willDoAnimation":true,"animationType":"glow","displayAsButton":false,"buttonSize":"big","goToSlideType":"specified","invisible":false,"id":"img3b159ed8-bbd7-4c7a-a0ec-673b69f10cd4_2"},{"x":61.224489795918366,"y":22.658211586901764,"width":13.64795918367347,"height":52.141057934508815,"action":{"library":"H5P.Image 1.1","params":{"contentName":"Image"},"subContentId":"3e5f0754-503b-4ec5-9be6-34f45bccec53","metadata":{"contentType":"Image","license":"U","title":"Untitled Image"}},"backgroundOpacity":0,"willDoAnimation":true,"animationType":"glow","displayAsButton":false,"buttonSize":"big","goToSlideType":"specified","invisible":false,"id":"img3b159ed8-bbd7-4c7a-a0ec-673b69f10cd4_3"},{"x":45.91836734693878,"y":44.649370277078084,"width":12.372448979591837,"height":35.768261964735515,"action":{"library":"H5P.Image 1.1","params":{"contentName":"Image"},"subContentId":"56e8051e-d807-4ee5-9bae-0e8625e1f3d6","metadata":{"contentType":"Image","license":"U","title":"Untitled Image"}},"backgroundOpacity":0,"willDoAnimation":true,"animationType":"glow","displayAsButton":false,"buttonSize":"big","goToSlideType":"specified","invisible":false,"id":"img3b159ed8-bbd7-4c7a-a0ec-673b69f10cd4_3"},{"x":26.785714285714285,"y":22.652317380352642,"width":16.198979591836736,"height":52.141057934508815,"action":{"library":"H5P.Image 1.1","params":{"contentName":"Image"},"subContentId":"cf113589-5773-409f-90a5-b398a6ab7695","metadata":{"contentType":"Image","license":"U","title":"Untitled Image"}},"backgroundOpacity":0,"willDoAnimation":true,"animationType":"glow","displayAsButton":false,"buttonSize":"big","goToSlideType":"specified","invisible":false,"id":"img3b159ed8-bbd7-4c7a-a0ec-673b69f10cd4_3"},{"x":59.94897959183674,"y":22.658211586901764,"width":14.923469387755102,"height":54.659949622166245,"action":{"library":"H5P.Image 1.1","params":{"contentName":"Image"},"subContentId":"8ee7d6b2-ef87-4f12-946a-1207021ab5c4","metadata":{"contentType":"Image","license":"U","title":"Untitled Image"}},"backgroundOpacity":0,"willDoAnimation":true,"animationType":"glow","displayAsButton":false,"buttonSize":"big","goToSlideType":"specified","invisible":false,"id":"img3b159ed8-bbd7-4c7a-a0ec-673b69f10cd4_4"},{"x":44.642857142857146,"y":42.809319899244336,"width":13.64795918367347,"height":37.531486146095716,"action":{"library":"H5P.Image 1.1","params":{"contentName":"Image"},"subContentId":"1ac31021-b3cd-4000-8b95-bdd1f20efed0","metadata":{"contentType":"Image","license":"U","title":"Untitled Image"}},"backgroundOpacity":0,"willDoAnimation":true,"animationType":"glow","displayAsButton":false,"buttonSize":"big","goToSlideType":"specified","invisible":false,"id":"img3b159ed8-bbd7-4c7a-a0ec-673b69f10cd4_4"},{"x":28.061224489795915,"y":25.15743073047859,"width":13.64795918367347,"height":47.10327455919395,"action":{"library":"H5P.Image 1.1","params":{"contentName":"Image"},"subContentId":"9ab2cbc5-26a0-474c-a859-79ed6010caf4","metadata":{"contentType":"Image","license":"U","title":"Untitled Image"}},"backgroundOpacity":0,"willDoAnimation":true,"animationType":"glow","displayAsButton":false,"buttonSize":"big","goToSlideType":"specified","invisible":false,"id":"img3b159ed8-bbd7-4c7a-a0ec-673b69f10cd4_4"}],"slideBackgroundSelector":{}},{"elements":[{"x":19.328703703703702,"y":83.78995433789954,"width":62.49999999999999,"height":14.155251141552512,"action":{"library":"H5P.CRAdvancedText 1.1","params":{"text":"<p style=\"text-align: center;\"><span style=\"font-size:2.25em;\">Gis na \u00f1aari loxo.<\/span><\/p>\n"},"subContentId":"afea620e-f0f5-426e-a583-86d004b0afe4","metadata":{"contentType":"Text","license":"U","title":"Untitled Text"}},"alwaysDisplayComments":false,"backgroundOpacity":0,"willDoAnimation":false,"animationType":"glow","displayAsButton":false,"buttonSize":"big","goToSlideType":"specified","invisible":false,"solution":""},{"x":21.527777777777775,"y":8.67579908675799,"width":55.416538343086,"height":73.911043412034,"action":{"library":"H5P.Image 1.1","params":{"contentName":"Image","file":{"path":"images\/file-61c0fdae0857e.jpeg","mime":"image\/jpeg","copyright":{"license":"U"},"width":1472,"height":1024}},"subContentId":"a588fa0a-5484-4950-944a-d472b7aedc92","metadata":{"contentType":"Image","license":"U","title":"Untitled Image"}},"backgroundOpacity":0,"willDoAnimation":false,"animationType":"glow","displayAsButton":false,"buttonSize":"big","goToSlideType":"specified","invisible":false},{"x":47.00255102040816,"y":43.95465994962216,"width":40,"height":40,"action":{"library":"H5P.CRAudio 1.4","params":{"fitToWrapper":true,"currIndex":10,"playerMode":"minimalistic","controls":true,"autoplay":true,"playAudio":"Play audio","pauseAudio":"Pause audio","contentName":"Audio","glowColor":"#ffd85a","timeStampForEachText":[{"text":" Gis ","startDuration":"0.0000","endDuration":"0.4915","wordfile":[{"path":"audios\/wordfile-65382144d9168.mp3","mime":"audio\/mpeg","copyright":{"license":"U"}}]},{"text":" na ","startDuration":"0.4925","endDuration":"0.9544","wordfile":[{"path":"audios\/wordfile-653821568e322.mp3","mime":"audio\/mpeg","copyright":{"license":"U"}}]},{"text":" \u00f1aari ","startDuration":"0.9554","endDuration":"2.1017","wordfile":[{"path":"audios\/wordfile-65382178d18ef.mp3","mime":"audio\/mpeg","copyright":{"license":"U"}}]},{"text":" loxo. ","startDuration":"2.1027","endDuration":"2.7505","wordfile":[{"path":"audios\/wordfile-6538219562d43.mp3","mime":"audio\/mpeg","copyright":{"license":"U"}}]}],"files":[{"path":"audios\/files-6538213167cdf.mp3","mime":"audio\/mpeg","copyright":{"license":"U"}}]},"subContentId":"8dd3536c-693e-4eb4-be6d-a54b8056028a","metadata":{"contentType":"Curious Reader Audio","license":"U","title":"Untitled Curious Reader Audio"}},"backgroundOpacity":0,"willDoAnimation":false,"animationType":"glow","displayAsButton":false,"buttonSize":"big","goToSlideType":"specified","invisible":false},{"x":49.744897959183675,"y":40.27858942065492,"width":10.96938775510204,"height":17.12846347607053,"action":{"library":"H5P.Image 1.1","params":{"contentName":"Image"},"subContentId":"02ea97bb-0020-4a91-9c7c-20bd702e4aa2","metadata":{"contentType":"Image","license":"U","title":"Untitled Image"}},"backgroundOpacity":0,"willDoAnimation":true,"animationType":"glow","displayAsButton":false,"buttonSize":"big","goToSlideType":"specified","invisible":false,"id":"img8dd3536c-693e-4eb4-be6d-a54b8056028a_2"},{"x":49.744897959183675,"y":40.27858942065492,"width":12.244897959183673,"height":17.12846347607053,"action":{"library":"H5P.Image 1.1","params":{"contentName":"Image"},"subContentId":"0a7808b2-f60d-4010-a278-e8df0ad1fe1d","metadata":{"contentType":"Image","license":"U","title":"Untitled Image"}},"backgroundOpacity":0,"willDoAnimation":true,"animationType":"glow","displayAsButton":false,"buttonSize":"big","goToSlideType":"specified","invisible":false,"id":"img8dd3536c-693e-4eb4-be6d-a54b8056028a_3"}],"slideBackgroundSelector":{}},{"elements":[{"x":10.204081632653061,"y":83.72367758186398,"width":77.8061224489796,"height":15.113350125944583,"action":{"library":"H5P.CRAdvancedText 1.1","params":{"text":"<p style=\"text-align: center;\"><span style=\"font-size:2.25em;\">Dodo gis na benn yaay.<\/span><\/p>\n"},"subContentId":"597f631b-5fb5-4273-a396-1426b58a2038","metadata":{"contentType":"Text","license":"U","title":"Untitled Text"}},"alwaysDisplayComments":false,"backgroundOpacity":0,"willDoAnimation":false,"animationType":"glow","displayAsButton":false,"buttonSize":"big","goToSlideType":"specified","invisible":false,"solution":""},{"x":20.833333333333332,"y":8.219178082191782,"width":58.509701262704,"height":75.305021520803,"action":{"library":"H5P.Image 1.1","params":{"contentName":"Image","file":{"path":"images\/file-61c0fea69e424.jpeg","mime":"image\/jpeg","copyright":{"license":"U"},"width":1472,"height":1024}},"subContentId":"c58547ba-08f7-4250-9cd8-0a37cda5ed85","metadata":{"contentType":"Image","license":"U","title":"Untitled Image"}},"backgroundOpacity":0,"willDoAnimation":false,"animationType":"glow","displayAsButton":false,"buttonSize":"big","goToSlideType":"specified","invisible":false},{"x":47.00255102040816,"y":43.95465994962216,"width":40,"height":40,"action":{"library":"H5P.CRAudio 1.4","params":{"fitToWrapper":true,"currIndex":11,"playerMode":"minimalistic","controls":true,"autoplay":true,"playAudio":"Play audio","pauseAudio":"Pause audio","contentName":"Audio","glowColor":"#ffd85a","timeStampForEachText":[{"text":" Dodo ","startDuration":"0.5279","endDuration":"1.3204","wordfile":[{"path":"audios\/wordfile-653821c4d289c.mp3","mime":"audio\/mpeg","copyright":{"license":"U"}}]},{"text":" gis ","startDuration":"1.3214","endDuration":"2.0654","wordfile":[{"path":"audios\/wordfile-653821dd3cdce.mp3","mime":"audio\/mpeg","copyright":{"license":"U"}}]},{"text":" na ","startDuration":"2.0664","endDuration":"2.4172","wordfile":[{"path":"audios\/wordfile-653821f0a6377.mp3","mime":"audio\/mpeg","copyright":{"license":"U"}}]},{"text":" benn ","startDuration":"2.4182","endDuration":"2.8337","wordfile":[{"path":"audios\/wordfile-6538221368191.mp3","mime":"audio\/mpeg","copyright":{"license":"U"}}]},{"text":" yaay. ","startDuration":"2.8347","endDuration":"3.4710","wordfile":[{"path":"audios\/wordfile-6538222eea5c1.mp3","mime":"audio\/mpeg","copyright":{"license":"U"}}]}],"files":[{"path":"audios\/files-653821ac03e41.mp3","mime":"audio\/mpeg","copyright":{"license":"U"}}]},"subContentId":"bbe35e11-eaf0-4e4e-b0a9-63240140b490","metadata":{"contentType":"Curious Reader Audio","license":"U","title":"Untitled Curious Reader Audio"}},"backgroundOpacity":0,"willDoAnimation":false,"animationType":"glow","displayAsButton":false,"buttonSize":"big","goToSlideType":"specified","invisible":false},{"x":48.46938775510204,"y":32.72594458438287,"width":8.545918367346939,"height":14.609571788413097,"action":{"library":"H5P.Image 1.1","params":{"contentName":"Image"},"subContentId":"196adcce-bc34-4c13-953c-1321c3a8c432","metadata":{"contentType":"Image","license":"U","title":"Untitled Image"}},"backgroundOpacity":0,"willDoAnimation":true,"animationType":"glow","displayAsButton":false,"buttonSize":"big","goToSlideType":"specified","invisible":false,"id":"imgbbe35e11-eaf0-4e4e-b0a9-63240140b490_0"},{"x":53.57142857142857,"y":22.66413098236776,"width":9.821428571428571,"height":21.914357682619645,"action":{"library":"H5P.Image 1.1","params":{"contentName":"Image"},"subContentId":"a94b29bf-4b70-483f-89a3-9b7c715387cf","metadata":{"contentType":"Image","license":"U","title":"Untitled Image"}},"backgroundOpacity":0,"willDoAnimation":true,"animationType":"glow","displayAsButton":false,"buttonSize":"big","goToSlideType":"specified","invisible":false,"id":"imgbbe35e11-eaf0-4e4e-b0a9-63240140b490_4"}],"slideBackgroundSelector":{}},{"elements":[{"x":2.5510204081632653,"y":10.067707808564231,"width":22.95918367346939,"height":16.624685138539043,"action":{"library":"H5P.Image 1.1","params":{"contentName":"Image","file":{"path":"images\/file-61fb296cf2c04.png","mime":"image\/png","copyright":{"license":"U"},"width":1350,"height":487}},"metadata":{"contentType":"Image","license":"U","title":"Untitled Image"},"subContentId":"98ff3710-84cb-4662-b07a-73073cd11eb9"},"backgroundOpacity":0,"willDoAnimation":false,"animationType":"glow","displayAsButton":false,"buttonSize":"big","goToSlideType":"specified","invisible":false},{"x":34.43877551020408,"y":10.075566750629722,"width":29.050925925925924,"height":15.296803652968038,"action":{"library":"H5P.Image 1.1","params":{"contentName":"Image","file":{"path":"images\/file-61fb29a5596cb.png","mime":"image\/png","copyright":{"license":"U"},"width":814,"height":202}},"metadata":{"contentType":"Image","license":"U","title":"Untitled Image"},"subContentId":"387747f0-999b-4c56-a89b-623bd35caa27"},"backgroundOpacity":0,"willDoAnimation":false,"animationType":"glow","displayAsButton":false,"buttonSize":"big","goToSlideType":"specified","invisible":false},{"x":67.60204081632654,"y":12.594458438287154,"width":31.365740740740737,"height":12.557077625570777,"action":{"library":"H5P.Image 1.1","params":{"contentName":"Image","file":{"path":"images\/file-61fb28cb969ac.jpg","mime":"image\/jpeg","copyright":{"license":"U"},"width":1732,"height":354}},"metadata":{"contentType":"Image","license":"U","title":"Untitled Image"},"subContentId":"73af006f-62e3-4869-8f50-c2cce12f2919"},"backgroundOpacity":0,"willDoAnimation":false,"animationType":"glow","displayAsButton":false,"buttonSize":"big","goToSlideType":"specified","invisible":false},{"x":6.63265306122449,"y":35.254659949622166,"width":86.86224489795919,"height":61.71284634760705,"action":{"library":"H5P.CRAdvancedText 1.1","params":{"text":"<h3 style=\"text-align: center;\"><span style=\"font-size:1em;\"><strong>\"<\/strong><\/span>Foowu L\u00e1qatu<span style=\"font-size:1em;\"><strong>\" credits<\/strong><\/span><\/h3>\n\n<hr>\n<h3 style=\"text-align: center;\"><span style=\"font-size:1em;\">This work, \"<\/span>Foowu L\u00e1qatu<span style=\"font-size:1em;\">\", is a derivative of \"<strong>Hide and Seek<\/strong>\" written by All Children Reading Cambodia. \u00a9 The Asia Foundation 2019, and used under CC BY. \"<\/span>Foowu L\u00e1qatu<span style=\"font-size:1em;\">\" is licensed under CC BY 4.0 by Curious Learning.<\/span><\/h3>\n\n<hr>\n<h3 style=\"text-align: center;\"><span style=\"font-size:1em;\">Book builder - Abraham Jerry Kakooza<\/span><\/h3>\n\n<p style=\"text-align: center;\">&nbsp;<\/p>\n"},"metadata":{"contentType":"Text","license":"U","title":"Untitled Text"},"subContentId":"33da2529-d2f5-4184-9f05-626a2800f9d7"},"alwaysDisplayComments":false,"backgroundOpacity":0,"willDoAnimation":false,"animationType":"glow","displayAsButton":false,"buttonSize":"big","goToSlideType":"specified","invisible":false,"solution":""}],"slideBackgroundSelector":{}}],"keywordListEnabled":true,"globalBackgroundSelector":{},"keywordListAlwaysShow":false,"keywordListAutoHide":false,"keywordListOpacity":90},"override":{"activeSurface":false,"hideSummarySlide":false,"summarySlideSolutionButton":true,"summarySlideRetryButton":true,"enablePrintButton":false,"social":{"showFacebookShare":false,"facebookShare":{"url":"@currentpageurl","quote":"I scored @score out of @maxScore on a task at @currentpageurl."},"showTwitterShare":false,"twitterShare":{"statement":"I scored @score out of @maxScore on a task at @currentpageurl.","url":"@currentpageurl","hashtags":"h5p, course"},"showGoogleShare":false,"googleShareUrl":"@currentpageurl"}},"l10n":{"slide":"Slide","score":"Score","yourScore":"Your Score","maxScore":"Max Score","total":"Total","totalScore":"Total Score","showSolutions":"Show solutions","retry":"Retry","exportAnswers":"Export text","hideKeywords":"Hide sidebar navigation menu","showKeywords":"Show sidebar navigation menu","fullscreen":"Fullscreen","exitFullscreen":"Exit fullscreen","prevSlide":"Previous slide","nextSlide":"Next slide","currentSlide":"Current slide","lastSlide":"Last slide","solutionModeTitle":"Exit solution mode","solutionModeText":"Solution Mode","summaryMultipleTaskText":"Multiple tasks","scoreMessage":"You achieved:","shareFacebook":"Share on Facebook","shareTwitter":"Share on Twitter","shareGoogle":"Share on Google+","summary":"Summary","solutionsButtonTitle":"Show comments","printTitle":"Print","printIngress":"How would you like to print this presentation?","printAllSlides":"Print all slides","printCurrentSlide":"Print current slide","noTitle":"No title","accessibilitySlideNavigationExplanation":"Use left and right arrow to change slide in that direction whenever canvas is selected.","accessibilityCanvasLabel":"Presentation canvas. Use left and right arrow to move between slides.","containsNotCompleted":"@slideName contains not completed interaction","containsCompleted":"@slideName contains completed interaction","slideCount":"Slide @index of @total","containsOnlyCorrect":"@slideName only has correct answers","containsIncorrectAnswers":"@slideName has incorrect answers","shareResult":"Share Result","accessibilityTotalScore":"You got @score of @maxScore points in total","accessibilityEnteredFullscreen":"Entered fullscreen","accessibilityExitedFullscreen":"Exited fullscreen"}}