{
  "quizName": "West African English letter sounds",
  "appType": "assessment",
  "assessmentType": "letter-sounds",
  "feedbackText": "Fantastic!",
  "contentVersion": "v0.1",
  "buckets": [
    {
      "bucketID": 1,
      "bucketName": "west-african-english-let-b1",
      "usedItems": [],
      "items": [
        { "itemName": "e", "itemText": "e" },
        { "itemName": "F", "itemText": "F" },
        { "itemName": "u", "itemText": "u" },
        { "itemName": "t", "itemText": "t" },
        { "itemName": "W", "itemText": "W" },
        { "itemName": "r", "itemText": "r" },
        { "itemName": "p", "itemText": "p" },
        { "itemName": "b", "itemText": "b" },
        { "itemName": "L", "itemText": "L" },
        { "itemName": "a", "itemText": "a" }
      ]
    },
    {
      "bucketID": 2,
      "bucketName": "west-african-english-let-b2",
      "usedItems": [],
      "items": [
        { "itemName": "U", "itemText": "U" },
        { "itemName": "a", "itemText": "a" },
        { "itemName": "c", "itemText": "c" },
        { "itemName": "s", "itemText": "s" },
        { "itemName": "o", "itemText": "o" },
        { "itemName": "i", "itemText": "i" },
        { "itemName": "B", "itemText": "B" },
        { "itemName": "k", "itemText": "k" },
        { "itemName": "E", "itemText": "E" },
        { "itemName": "d", "itemText": "d" }
      ]
    },

    {
      "bucketID": 3,
      "bucketName": "west-african-english-let-b3",
      "usedItems": [],
      "items": [
        { "itemName": "N", "itemText": "N" },
        { "itemName": "F", "itemText": "F" },
        { "itemName": "P", "itemText": "P" },
        { "itemName": "Y", "itemText": "Y" },
        { "itemName": "c", "itemText": "c" },
        { "itemName": "a", "itemText": "a" },
        { "itemName": "M", "itemText": "M" },
        { "itemName": "I", "itemText": "I" },
        { "itemName": "G", "itemText": "G" },
        { "itemName": "L", "itemText": "L" }
      ]
    },

    {
      "bucketID": 4,
      "bucketName": "west-african-english-let-b4",
      "usedItems": [],
      "items": [
        { "itemName": "r", "itemText": "r" },
        { "itemName": "h", "itemText": "h" },
        { "itemName": "K", "itemText": "K" },
        { "itemName": "n", "itemText": "n" },
        { "itemName": "j", "itemText": "j" },
        { "itemName": "L", "itemText": "L" },
        { "itemName": "i", "itemText": "i" },
        { "itemName": "d", "itemText": "d" },
        { "itemName": "s", "itemText": "s" },
        { "itemName": "M", "itemText": "M" }
      ]
    },
    {
      "bucketID": 5,
      "bucketName": "west-african-english-let-b5",
      "usedItems": [],
      "items": [
        { "itemName": "u", "itemText": "u" },
        { "itemName": "t", "itemText": "t" },
        { "itemName": "b", "itemText": "b" },
        { "itemName": "K", "itemText": "K" },
        { "itemName": "m", "itemText": "m" },
        { "itemName": "o", "itemText": "o" },
        { "itemName": "R", "itemText": "R" },
        { "itemName": "n", "itemText": "n" },
        { "itemName": "i", "itemText": "i" },
        { "itemName": "D", "itemText": "D" }
      ]
    },
    {
      "bucketID": 6,
      "bucketName": "west-african-english-let-b6",
      "usedItems": [],
      "items": [
        { "itemName": "b", "itemText": "b" },
        { "itemName": "H", "itemText": "H" },
        { "itemName": "n", "itemText": "n" },
        { "itemName": "Q", "itemText": "Q" },
        { "itemName": "r", "itemText": "r" },
        { "itemName": "Y", "itemText": "Y" },
        { "itemName": "O", "itemText": "O" },
        { "itemName": "f", "itemText": "f" },
        { "itemName": "s", "itemText": "s" },
        { "itemName": "E", "itemText": "E" }
      ]
    },
    {
      "bucketID": 7,
      "bucketName": "west-african-english-let-b7",
      "usedItems": [],
      "items": [
        { "itemName": "h", "itemText": "h" },
        { "itemName": "W", "itemText": "W" },
        { "itemName": "g", "itemText": "g" },
        { "itemName": "S", "itemText": "S" },
        { "itemName": "v", "itemText": "v" },
        { "itemName": "L", "itemText": "L" },
        { "itemName": "m", "itemText": "m" },
        { "itemName": "z", "itemText": "z" },
        { "itemName": "J", "itemText": "J" },
        { "itemName": "T", "itemText": "T" }
      ]
    },
    {
      "bucketID": 8,
      "bucketName": "west-african-english-let-b8",
      "usedItems": [],
      "items": [
        { "itemName": "u", "itemText": "u" },
        { "itemName": "t", "itemText": "t" },
        { "itemName": "q", "itemText": "q" },
        { "itemName": "w", "itemText": "w" },
        { "itemName": "y", "itemText": "y" },
        { "itemName": "p", "itemText": "p" },
        { "itemName": "J", "itemText": "J" },
        { "itemName": "c", "itemText": "c" },
        { "itemName": "G", "itemText": "G" },
        { "itemName": "V", "itemText": "V" }
      ]
    },
    {
      "bucketID": 9,
      "bucketName": "west-african-english-let-b9",
      "usedItems": [],
      "items": [
        { "itemName": "y", "itemText": "y" },
        { "itemName": "x", "itemText": "x" },
        { "itemName": "Z", "itemText": "Z" },
        { "itemName": "h", "itemText": "h" },
        { "itemName": "q", "itemText": "q" },
        { "itemName": "p", "itemText": "p" },
        { "itemName": "k", "itemText": "k" },
        { "itemName": "m", "itemText": "m" },
        { "itemName": "v", "itemText": "v" },
        { "itemName": "L", "itemText": "L" }
      ]
    },
    {
      "bucketID": 10,
      "bucketName": "west-african-english-let-b10",
      "usedItems": [],
      "items": [
        { "itemName": "y", "itemText": "y" },
        { "itemName": "P", "itemText": "P" },
        { "itemName": "M", "itemText": "M" },
        { "itemName": "C", "itemText": "C" },
        { "itemName": "z", "itemText": "z" },
        { "itemName": "O", "itemText": "O" },
        { "itemName": "w", "itemText": "w" },
        { "itemName": "F", "itemText": "F" },
        { "itemName": "V", "itemText": "V" },
        { "itemName": "X", "itemText": "X" }
      ]
    }
  ]
}
