{
  "quizName": "zulu survey",
  "appType": "survey",
  "feedbackText": "kuyancomeka!",
  "questions": [
    {
      "qName": "q1food",
      "promptText": "",
      "promptAudio": "Where is your food stored.mp3",
      "answers": [
        { "answerName": "q1a1basket", "answerImg": "img/survey/basket.jpeg" },
        {
          "answerName": "q1a2fridge",
          "answerImg": "img/survey/revised_open_fridge.jpeg"
        },
        {
          "answerName": "q1a3stainlesssteel",
          "answerImg": "img/survey/revised_stainless_steel_containers.jpeg"
        }
      ]
    },
    {
      "qName": "q2transport",
      "promptText": "",
      "promptAudio": "How does your family get places.mp3",
      "answers": [
        {
          "answerName": "q2arickshaw",
          "answerImg": "img/survey/auto_rickshaw.jpeg"
        },
        { "answerName": "q2acar", "answerImg": "img/survey/car.jpeg" },
        {
          "answerName": "q2aminivan",
          "answerImg": "img/survey/revised_minivan_with_people.jpeg"
        },
        { "answerName": "q2abus", "answerImg": "img/survey/public bus.jpeg" }
      ]
    },
    {
      "qName": "q3",
      "promptText": "",
      "promptAudio": "Where do you get your water.mp3",
      "answers": [
        {
          "answerName": "q3a1",
          "answerImg": "img/survey/getting water from river.jpeg"
        },
        {
          "answerName": "q3a2",
          "answerImg": "img/survey/water from a truck.jpeg"
        },
        {
          "answerName": "q3a3",
          "answerImg": "img/survey/water from the pump.jpeg"
        },
        { "answerName": "q3a4", "answerImg": "img/survey/water tap.jpeg" },
        {
          "answerName": "q3a5",
          "answerImg": "img/survey/Well and buckets.jpeg"
        }
      ]
    },
    {
      "qName": "q4",
      "promptText": "",
      "promptAudio": "What does your house look like.mp3",
      "answers": [
        {
          "answerName": "q4a1",
          "answerImg": "img/survey/apartment building.jpeg"
        },
        { "answerName": "q4a2", "answerImg": "img/survey/small house.jpeg" },
        { "answerName": "q4a3", "answerImg": "img/survey/rondoval.jpeg" },
        { "answerName": "q4a4", "answerImg": "img/survey/tin hut.jpeg" },
        { "answerName": "q4a5", "answerImg": "img/survey/wooden hut.jpeg" }
      ]
    },
    {
      "qName": "q5",
      "promptText": "",
      "promptAudio": "Which of these does your family have at home.mp3",
      "answers": [
        { "answerName": "q5a1", "answerImg": "img/survey/smartphone.jpeg" },
        { "answerName": "q5a2", "answerImg": "img/survey/laptop.jpeg" },
        {
          "answerName": "q5a3",
          "answerImg": "img/survey/laptop_and_phone.jpg"
        },
        { "answerName": "q5a4", "answerImg": "img/survey/none.jpg" }
      ]
    },
    {
      "qName": "q6",
      "promptText": "",
      "promptAudio": "Where does your family eat.mp3",
      "answers": [
        { "answerName": "q6a1", "answerImg": "img/survey/Dining table.jpeg" },
        {
          "answerName": "q6a2",
          "answerImg": "img/survey/revised_eating_on_the_floor.jpeg"
        }
      ]
    },
    {
      "qName": "q7",
      "promptText": "",
      "promptAudio": "What keeps you cool.mp3",
      "answers": [
        { "answerName": "q7a1", "answerImg": "img/survey/ceiling fan.jpeg" },
        {
          "answerName": "q7a2",
          "answerImg": "img/survey/Hand fan Nigeria.jpeg"
        },
        {
          "answerName": "q7a3",
          "answerImg": "img/survey/revised_ceiling_fan_split_unit.jpeg"
        },
        { "answerName": "q7a4", "answerImg": "img/survey/standing fan.jpeg" },
        { "answerName": "q7a5", "answerImg": "img/survey/heat pump unit.jpeg" },
        { "answerName": "q7a6", "answerImg": "img/survey/wall ac unit.jpeg" }
      ]
    },
    {
      "qName": "q8",
      "promptText": "",
      "promptAudio": "How does your family cook.mp3",
      "answers": [
        {
          "answerName": "q8a1",
          "answerImg": "img/survey/charcoal cooker.jpeg"
        },
        { "answerName": "q8a2", "answerImg": "img/survey/gas burners.jpeg" },
        { "answerName": "q8a3", "answerImg": "img/survey/Wood fire.jpeg" },
        { "answerName": "q8a4", "answerImg": "img/survey/hot plate.jpeg" },
        { "answerName": "q8a5", "answerImg": "img/survey/indian stove.jpeg" },
        { "answerName": "q8a6", "answerImg": "img/survey/stove.jpeg" }
      ]
    }
  ]
}
