{"presentation":{"slides":[{"elements":[{"x":16.338997821350763,"y":0,"width":70.1525054466231,"height":79.56989247311827,"action":{"library":"H5P.Image 1.1","params":{"contentName":"Image","file":{"path":"images\/file-65789116ed4b7.jpg","mime":"image\/jpeg","copyright":{"license":"U"},"width":1024,"height":490}},"subContentId":"4ee28616-8931-4205-be08-3db96ae318ac","metadata":{"contentType":"Image","license":"U","title":"Untitled Image"}},"backgroundOpacity":0,"willDoAnimation":false,"animationType":"glow","displayAsButton":false,"buttonSize":"big","goToSlideType":"specified","invisible":false},{"x":0,"y":83.05843828715366,"width":99.48979591836735,"height":14.86146095717884,"action":{"library":"H5P.CRAdvancedText 1.1","params":{"text":"<h2 dir=\"ltr\" style=\"text-align: center;\"><span style=\"font-size:2.25em;\">&nbsp;\u092e\u0947\u0930\u0940 \u0938\u0939\u093e\u092f\u0924\u093e \u0915\u094c\u0928 \u0915\u0930 \u0938\u0915\u0924\u093e \u0939\u0948?<\/span><\/h2>\n"},"subContentId":"30f4974f-66cd-47ee-855f-91af13c9e543","metadata":{"contentType":"Text","license":"U","title":"Untitled Text"}},"alwaysDisplayComments":false,"backgroundOpacity":0,"willDoAnimation":false,"animationType":"glow","displayAsButton":false,"buttonSize":"big","goToSlideType":"specified","invisible":false,"solution":""}],"slideBackgroundSelector":{}},{"elements":[{"x":6.377551020408164,"y":2.5188916876574305,"width":40.05102040816327,"height":92.4433249370277,"action":{"library":"H5P.Image 1.1","params":{"contentName":"Image","file":{"path":"images\/file-657891ce69d36.jpg","mime":"image\/jpeg","copyright":{"license":"U"},"width":1024,"height":1104}},"subContentId":"a8bbbdc6-fd56-4c0a-be57-a277b023598e","metadata":{"contentType":"Image","license":"U","title":"Untitled Image"}},"backgroundOpacity":0,"willDoAnimation":false,"animationType":"glow","displayAsButton":false,"buttonSize":"big","goToSlideType":"specified","invisible":false},{"x":42.09183673469388,"y":37.78337531486146,"width":53.57142857142857,"height":40.050377833753146,"action":{"library":"H5P.CRAdvancedText 1.1","params":{"text":"<p dir=\"ltr\" style=\"text-align: center;\"><span style=\"color:#ffffff;\"><span style=\"font-size:2.25em;\">\u092e\u0948\u0902 \u092a\u0941\u0938\u094d\u0924\u0915 \u092a\u0922\u093c\u0928\u093e \u091a\u093e\u0939\u0924\u093e \u0939\u0942\u0902\u0964<\/span><\/span><\/p>\n"},"subContentId":"c8b60310-4941-42a1-8058-950e9d33749c","metadata":{"contentType":"Text","license":"U","title":"Untitled Text"}},"alwaysDisplayComments":false,"backgroundOpacity":0,"willDoAnimation":false,"animationType":"glow","displayAsButton":false,"buttonSize":"big","goToSlideType":"specified","invisible":false,"solution":""},{"x":93.11224489795919,"y":2.5188916876574305,"width":40,"height":40,"action":{"library":"H5P.CRAudio 1.4","params":{"fitToWrapper":true,"currIndex":1,"playerMode":"minimalistic","controls":true,"autoplay":true,"playAudio":"Play audio","pauseAudio":"Pause audio","contentName":"Audio","glowColor":"#ffd85a","timeStampForEachText":[{"text":" \u092e\u0948\u0902 ","startDuration":"0.0000","endDuration":"0.5615","wordfile":[{"path":"audios\/wordfile-66031c2cec251.wav","mime":"audio\/x-wav","copyright":{"license":"U"}}]},{"text":" \u092a\u0941\u0938\u094d\u0924\u0915 ","startDuration":"0.5625","endDuration":"1.0604","wordfile":[{"path":"audios\/wordfile-66031cf359da4.wav","mime":"audio\/x-wav","copyright":{"license":"U"}}]},{"text":" \u092a\u0922\u093c\u0928\u093e ","startDuration":"1.0614","endDuration":"1.4002","wordfile":[{"path":"audios\/wordfile-66031d0922b8c.wav","mime":"audio\/x-wav","copyright":{"license":"U"}}]},{"text":" \u091a\u093e\u0939\u0924\u093e ","startDuration":"1.4012","endDuration":"1.7632","wordfile":[{"path":"audios\/wordfile-66031d3066abc.wav","mime":"audio\/x-wav","copyright":{"license":"U"}}]},{"text":" \u0939\u0942\u0902\u0964 ","startDuration":"1.7642","endDuration":"2.1459","wordfile":[{"path":"audios\/wordfile-66031d42d2877.wav","mime":"audio\/x-wav","copyright":{"license":"U"}}]}],"files":[{"path":"audios\/files-66031c19e26bb.wav","mime":"audio\/x-wav","copyright":{"license":"U"}}]},"subContentId":"a62f140e-ab65-495f-9aa3-5cde124592ee","metadata":{"contentType":"Curious Reader Audio","license":"U","title":"Untitled Curious Reader Audio"}},"backgroundOpacity":0,"willDoAnimation":false,"animationType":"glow","displayAsButton":false,"buttonSize":"big","goToSlideType":"specified","invisible":false},{"x":8.928571428571429,"y":5.031889168765743,"width":21.301020408163264,"height":79.84886649874055,"action":{"library":"H5P.Image 1.1","params":{"contentName":"Image"},"subContentId":"a48c389a-255c-4f10-ab20-06b688dd7cf3","metadata":{"contentType":"Image","license":"U","title":"Untitled Image"}},"backgroundOpacity":0,"willDoAnimation":true,"animationType":"glow","displayAsButton":false,"buttonSize":"big","goToSlideType":"specified","invisible":false,"id":"imga62f140e-ab65-495f-9aa3-5cde124592ee_0"}],"slideBackgroundSelector":{}},{"elements":[{"x":6.377551020408164,"y":5.037783375314861,"width":44.642857142857146,"height":89.92443324937027,"action":{"library":"H5P.Image 1.1","params":{"contentName":"Image","file":{"path":"images\/file-65789225cad34.jpg","mime":"image\/jpeg","copyright":{"license":"U"},"width":1024,"height":735}},"subContentId":"f6250ed8-6f7a-4f43-b90c-24ca52d0e0e7","metadata":{"contentType":"Image","license":"U","title":"Untitled Image"}},"backgroundOpacity":0,"willDoAnimation":false,"animationType":"glow","displayAsButton":false,"buttonSize":"big","goToSlideType":"specified","invisible":false},{"x":48.46938775510204,"y":40.30226700251889,"width":46.42857142857143,"height":40.050377833753146,"action":{"library":"H5P.CRAdvancedText 1.1","params":{"text":"<p dir=\"ltr\" style=\"text-align: center;\"><span style=\"color:#ffffff;\"><span style=\"font-size:2.25em;\">\u092e\u0947\u0930\u0947 \u092a\u093e\u0938 \u0915\u094b\u0908 \u092a\u0941\u0938\u094d\u0924\u0915 \u0928\u0939\u0940\u0902 \u0939\u0948\u0964<\/span><\/span><\/p>\n"},"subContentId":"5c66f369-498f-4040-837a-8ce79ef694eb","metadata":{"contentType":"Text","license":"U","title":"Untitled Text"}},"alwaysDisplayComments":false,"backgroundOpacity":0,"willDoAnimation":false,"animationType":"glow","displayAsButton":false,"buttonSize":"big","goToSlideType":"specified","invisible":false,"solution":""},{"x":47.00255102040816,"y":43.95465994962216,"width":40,"height":40,"action":{"library":"H5P.CRAudio 1.4","params":{"fitToWrapper":true,"currIndex":2,"playerMode":"minimalistic","controls":true,"autoplay":true,"playAudio":"Play audio","pauseAudio":"Pause audio","contentName":"Audio","glowColor":"#ffd85a","timeStampForEachText":[{"text":" \u092e\u0947\u0930\u0947 ","startDuration":"0.0000","endDuration":"0.3676","wordfile":[{"path":"audios\/wordfile-66031d7a7db93.wav","mime":"audio\/x-wav","copyright":{"license":"U"}}]},{"text":" \u092a\u093e\u0938 ","startDuration":"0.3686","endDuration":"0.7760","wordfile":[{"path":"audios\/wordfile-66031d8cf35c3.wav","mime":"audio\/x-wav","copyright":{"license":"U"}}]},{"text":" \u0915\u094b\u0908 ","startDuration":"0.7770","endDuration":"1.0509","wordfile":[{"path":"audios\/wordfile-66031d9f0267d.wav","mime":"audio\/x-wav","copyright":{"license":"U"}}]},{"text":" \u092a\u0941\u0938\u094d\u0924\u0915 ","startDuration":"1.0519","endDuration":"1.4110","wordfile":[{"path":"audios\/wordfile-66031db306cfd.wav","mime":"audio\/x-wav","copyright":{"license":"U"}}]},{"text":" \u0928\u0939\u0940\u0902 ","startDuration":"1.4120","endDuration":"1.7114","wordfile":[{"path":"audios\/wordfile-66031dc5d5c29.wav","mime":"audio\/x-wav","copyright":{"license":"U"}}]},{"text":" \u0939\u0948\u0964 ","startDuration":"1.7124","endDuration":"2.0857","wordfile":[{"path":"audios\/wordfile-66031ddba4c97.wav","mime":"audio\/x-wav","copyright":{"license":"U"}}]}],"files":[{"path":"audios\/files-66031d69e25e9.wav","mime":"audio\/x-wav","copyright":{"license":"U"}}]},"subContentId":"32bb98fd-7452-4474-aa51-c30664d69052","metadata":{"contentType":"Curious Reader Audio","license":"U","title":"Untitled Curious Reader Audio"}},"backgroundOpacity":0,"willDoAnimation":false,"animationType":"glow","displayAsButton":false,"buttonSize":"big","goToSlideType":"specified","invisible":false},{"x":7.653061224489796,"y":27.684130982367762,"width":20.025510204081634,"height":67.2544080604534,"action":{"library":"H5P.Image 1.1","params":{"contentName":"Image"},"subContentId":"b3fdc9f3-3dfb-4004-9a79-30fdec603d7e","metadata":{"contentType":"Image","license":"U","title":"Untitled Image"}},"backgroundOpacity":0,"willDoAnimation":true,"animationType":"glow","displayAsButton":false,"buttonSize":"big","goToSlideType":"specified","invisible":false,"id":"img32bb98fd-7452-4474-aa51-c30664d69052_0"},{"x":6.377551020408164,"y":25.165289672544077,"width":23.852040816326532,"height":69.77329974811083,"action":{"library":"H5P.Image 1.1","params":{"contentName":"Image"},"subContentId":"4ee17c5e-a1a4-4bd8-9564-0f259427a81d","metadata":{"contentType":"Image","license":"U","title":"Untitled Image"}},"backgroundOpacity":0,"willDoAnimation":true,"animationType":"glow","displayAsButton":false,"buttonSize":"big","goToSlideType":"specified","invisible":false,"id":"img32bb98fd-7452-4474-aa51-c30664d69052_1"},{"x":6.377551020408164,"y":25.165289672544077,"width":21.301020408163264,"height":69.77329974811083,"action":{"library":"H5P.Image 1.1","params":{"contentName":"Image"},"subContentId":"fdc0af22-d8c2-4e2d-80e5-fd230cece988","metadata":{"contentType":"Image","license":"U","title":"Untitled Image"}},"backgroundOpacity":0,"willDoAnimation":true,"animationType":"glow","displayAsButton":false,"buttonSize":"big","goToSlideType":"specified","invisible":false,"id":"img32bb98fd-7452-4474-aa51-c30664d69052_2"}],"slideBackgroundSelector":{}},{"elements":[{"x":6.377551020408164,"y":5.037783375314861,"width":40.05102040816327,"height":92.4433249370277,"action":{"library":"H5P.Image 1.1","params":{"contentName":"Image","file":{"path":"images\/file-657892de5ad39.jpg","mime":"image\/jpeg","copyright":{"license":"U"},"width":1024,"height":1104}},"subContentId":"6902dea4-056c-49af-87e4-dfc9b37a09cc","metadata":{"contentType":"Image","license":"U","title":"Untitled Image"}},"backgroundOpacity":0,"willDoAnimation":false,"animationType":"glow","displayAsButton":false,"buttonSize":"big","goToSlideType":"specified","invisible":false},{"x":45.91836734693878,"y":32.735768261964736,"width":48.97959183673469,"height":52.896725440806044,"action":{"library":"H5P.CRAdvancedText 1.1","params":{"text":"<p dir=\"ltr\" style=\"text-align: center;\"><span style=\"color:#ffffff;\"><span style=\"font-size:2.25em;\">\u092e\u0948\u0902 \u091a\u093f\u0924\u094d\u0930 \u092c\u0928\u093e\u0924\u093e \u0939\u0942\u0902 \u0914\u0930 \u092a\u093f\u0924\u093e\u091c\u0940 \u091a\u093f\u0924\u094d\u0930 \u092c\u0928\u093e\u0928\u0947 \u092e\u0947\u0902 \u0938\u0939\u093e\u092f\u0924\u093e \u0915\u0930\u0924\u0947 \u0939\u0948\u0902\u0964<\/span><\/span><\/p>\n"},"subContentId":"110db345-7be9-49e9-b922-26cd7f6d4c23","metadata":{"contentType":"Text","license":"U","title":"Untitled Text"}},"alwaysDisplayComments":false,"backgroundOpacity":0,"willDoAnimation":false,"animationType":"glow","displayAsButton":false,"buttonSize":"big","goToSlideType":"specified","invisible":false,"solution":""},{"x":47.00255102040816,"y":43.95465994962216,"width":40,"height":40,"action":{"library":"H5P.CRAudio 1.4","params":{"fitToWrapper":true,"currIndex":3,"playerMode":"minimalistic","controls":true,"autoplay":true,"playAudio":"Play audio","pauseAudio":"Pause audio","contentName":"Audio","glowColor":"#ffd85a","timeStampForEachText":[{"text":" \u092e\u0948\u0902 ","startDuration":"0.0000","endDuration":"0.2771","wordfile":[{"path":"audios\/wordfile-66031e161095e.wav","mime":"audio\/x-wav","copyright":{"license":"U"}}]},{"text":" \u091a\u093f\u0924\u094d\u0930 ","startDuration":"0.2781","endDuration":"0.6393","wordfile":[{"path":"audios\/wordfile-66031e31661bc.wav","mime":"audio\/x-wav","copyright":{"license":"U"}}]},{"text":" \u092c\u0928\u093e\u0924\u093e ","startDuration":"0.6403","endDuration":"1.1137","wordfile":[{"path":"audios\/wordfile-66031e550640e.wav","mime":"audio\/x-wav","copyright":{"license":"U"}}]},{"text":" \u0939\u0942\u0902 ","startDuration":"1.1147","endDuration":"1.3147","wordfile":[{"path":"audios\/wordfile-66031e6ebbebf.wav","mime":"audio\/x-wav","copyright":{"license":"U"}}]},{"text":" \u0914\u0930 ","startDuration":"1.3157","endDuration":"1.9854","wordfile":[{"path":"audios\/wordfile-66031e86f17c3.wav","mime":"audio\/x-wav","copyright":{"license":"U"}}]},{"text":" \u092a\u093f\u0924\u093e\u091c\u0940 ","startDuration":"1.9864","endDuration":"2.5860","wordfile":[{"path":"audios\/wordfile-66031f134c320.wav","mime":"audio\/x-wav","copyright":{"license":"U"}}]},{"text":" \u091a\u093f\u0924\u094d\u0930 ","startDuration":"2.5870","endDuration":"3.3338","wordfile":[{"path":"audios\/wordfile-66031f564c532.wav","mime":"audio\/x-wav","copyright":{"license":"U"}}]},{"text":" \u092c\u0928\u093e\u0928\u0947 ","startDuration":"3.3348","endDuration":"3.7731","wordfile":[{"path":"audios\/wordfile-66031f6d59142.wav","mime":"audio\/x-wav","copyright":{"license":"U"}}]},{"text":" \u092e\u0947\u0902 ","startDuration":"3.7741","endDuration":"3.9110","wordfile":[{"path":"audios\/wordfile-66031f80d7f0b.wav","mime":"audio\/x-wav","copyright":{"license":"U"}}]},{"text":" \u0938\u0939\u093e\u092f\u0924\u093e ","startDuration":"3.9120","endDuration":"4.4835","wordfile":[{"path":"audios\/wordfile-66031fcab523a.wav","mime":"audio\/x-wav","copyright":{"license":"U"}}]},{"text":" \u0915\u0930\u0924\u0947 ","startDuration":"4.4845","endDuration":"4.8738","wordfile":[{"path":"audios\/wordfile-66031fe021887.wav","mime":"audio\/x-wav","copyright":{"license":"U"}}]},{"text":" \u0939\u0948\u0902\u0964 ","startDuration":"4.8748","endDuration":"5.2016","wordfile":[{"path":"audios\/wordfile-66031ff7196ed.wav","mime":"audio\/x-wav","copyright":{"license":"U"}}]}],"files":[{"path":"audios\/files-66031df69f906.wav","mime":"audio\/x-wav","copyright":{"license":"U"}}]},"subContentId":"80fc38af-f39c-4a36-8f53-afb0b2eeb22e","metadata":{"contentType":"Curious Reader Audio","license":"U","title":"Untitled Curious Reader Audio"}},"backgroundOpacity":0,"willDoAnimation":false,"animationType":"glow","displayAsButton":false,"buttonSize":"big","goToSlideType":"specified","invisible":false},{"x":7.653061224489796,"y":20.139319899244335,"width":14.923469387755102,"height":40.050377833753146,"action":{"library":"H5P.Image 1.1","params":{"contentName":"Image"},"subContentId":"81849df5-e497-40c6-b853-6be3243d1019","metadata":{"contentType":"Image","license":"U","title":"Untitled Image"}},"backgroundOpacity":0,"willDoAnimation":true,"animationType":"glow","displayAsButton":false,"buttonSize":"big","goToSlideType":"specified","invisible":false,"id":"img80fc38af-f39c-4a36-8f53-afb0b2eeb22e_0"},{"x":6.377551020408164,"y":20.139319899244335,"width":16.198979591836736,"height":40.050377833753146,"action":{"library":"H5P.Image 1.1","params":{"contentName":"Image"},"subContentId":"aea7b479-7243-44fa-bad6-0c735134927c","metadata":{"contentType":"Image","license":"U","title":"Untitled Image"}},"backgroundOpacity":0,"willDoAnimation":true,"animationType":"glow","displayAsButton":false,"buttonSize":"big","goToSlideType":"specified","invisible":false,"id":"img80fc38af-f39c-4a36-8f53-afb0b2eeb22e_1"},{"x":25.510204081632654,"y":12.582644836272038,"width":21.301020408163264,"height":54.659949622166245,"action":{"library":"H5P.Image 1.1","params":{"contentName":"Image"},"subContentId":"88044175-fb10-4acc-a49a-4ef46e87a955","metadata":{"contentType":"Image","license":"U","title":"Untitled Image"}},"backgroundOpacity":0,"willDoAnimation":true,"animationType":"glow","displayAsButton":false,"buttonSize":"big","goToSlideType":"specified","invisible":false,"id":"img80fc38af-f39c-4a36-8f53-afb0b2eeb22e_5"}],"slideBackgroundSelector":{}},{"elements":[{"x":6.377551020408164,"y":2.5188916876574305,"width":40.05102040816327,"height":94.96221662468514,"action":{"library":"H5P.Image 1.1","params":{"contentName":"Image","file":{"path":"images\/file-65789326ca3ab.jpg","mime":"image\/jpeg","copyright":{"license":"U"},"width":1024,"height":1104}},"subContentId":"ef6624fb-b891-46ac-bb67-51707b0775e2","metadata":{"contentType":"Image","license":"U","title":"Untitled Image"}},"backgroundOpacity":0,"willDoAnimation":false,"animationType":"glow","displayAsButton":false,"buttonSize":"big","goToSlideType":"specified","invisible":false},{"x":47.19387755102041,"y":42.82115869017632,"width":51.02040816326531,"height":50.377833753148614,"action":{"library":"H5P.CRAdvancedText 1.1","params":{"text":"<p dir=\"ltr\" style=\"text-align: center;\"><span style=\"color:#ffffff;\"><span style=\"font-size:2.25em;\">\u092e\u0948\u0902 \u091a\u093f\u0924\u094d\u0930 \u092c\u0928\u093e\u0924\u093e \u0939\u0942\u0901 \u0914\u0930 \u092e\u093e\u0901 \u091a\u093f\u0924\u094d\u0930 \u0915\u093e\u091f\u0928\u0947 \u092e\u0947\u0902 \u0938\u0939\u093e\u092f\u0924\u093e \u0915\u0930\u0924\u0940 \u0939\u0948\u0964<\/span><\/span><\/p>\n"},"subContentId":"d1d2a237-2c98-411e-b99f-ae0b08544f58","metadata":{"contentType":"Text","license":"U","title":"Untitled Text"}},"alwaysDisplayComments":false,"backgroundOpacity":0,"willDoAnimation":false,"animationType":"glow","displayAsButton":false,"buttonSize":"big","goToSlideType":"specified","invisible":false,"solution":""},{"x":46.173469387755105,"y":57.178841309823675,"width":40,"height":40,"action":{"library":"H5P.CRAudio 1.4","params":{"fitToWrapper":true,"currIndex":4,"playerMode":"minimalistic","controls":true,"autoplay":true,"playAudio":"Play audio","pauseAudio":"Pause audio","contentName":"Audio","glowColor":"#ffd85a","timeStampForEachText":[{"text":" \u092e\u0948\u0902 ","startDuration":"0.0000","endDuration":"0.2444","wordfile":[{"path":"audios\/wordfile-66032286d147b.wav","mime":"audio\/x-wav","copyright":{"license":"U"}}]},{"text":" \u091a\u093f\u0924\u094d\u0930 ","startDuration":"0.2454","endDuration":"0.5594","wordfile":[{"path":"audios\/wordfile-6603229799a31.wav","mime":"audio\/x-wav","copyright":{"license":"U"}}]},{"text":" \u092c\u0928\u093e\u0924\u093e ","startDuration":"0.5604","endDuration":"1.0518","wordfile":[{"path":"audios\/wordfile-660322ad91dad.wav","mime":"audio\/x-wav","copyright":{"license":"U"}}]},{"text":" \u0939\u0942\u0901 ","startDuration":"1.0528","endDuration":"1.5696","wordfile":[{"path":"audios\/wordfile-660322c29e51f.wav","mime":"audio\/x-wav","copyright":{"license":"U"}}]},{"text":" \u0914\u0930 ","startDuration":"1.5706","endDuration":"1.9924","wordfile":[{"path":"audios\/wordfile-660322d419a5c.wav","mime":"audio\/x-wav","copyright":{"license":"U"}}]},{"text":" \u092e\u093e\u0901 ","startDuration":"1.9934","endDuration":"2.1934","wordfile":[{"path":"audios\/wordfile-66317059d5b03.wav","mime":"audio\/x-wav","copyright":{"license":"U"}}]},{"text":" \u091a\u093f\u0924\u094d\u0930 ","startDuration":"2.1944","endDuration":"2.5084","wordfile":[{"path":"audios\/wordfile-6603274293f59.wav","mime":"audio\/x-wav","copyright":{"license":"U"}}]},{"text":" \u0915\u093e\u091f\u0928\u0947 ","startDuration":"2.5094","endDuration":"3.1783","wordfile":[{"path":"audios\/wordfile-66032758ba7ee.wav","mime":"audio\/x-wav","copyright":{"license":"U"}}]},{"text":" \u092e\u0947\u0902 ","startDuration":"3.1783","endDuration":"3.3033","wordfile":[{"path":"audios\/wordfile-6603276f2c26d.wav","mime":"audio\/x-wav","copyright":{"license":"U"}}]},{"text":" \u0938\u0939\u093e\u092f\u0924\u093e ","startDuration":"3.3043","endDuration":"3.9668","wordfile":[{"path":"audios\/wordfile-6603278c13944.wav","mime":"audio\/x-wav","copyright":{"license":"U"}}]},{"text":" \u0915\u0930\u0924\u0940 ","startDuration":"3.9678","endDuration":"4.3705","wordfile":[{"path":"audios\/wordfile-660327a2b1074.wav","mime":"audio\/x-wav","copyright":{"license":"U"}}]},{"text":" \u0939\u0948\u0964 ","startDuration":"4.3715","endDuration":"4.7012","wordfile":[{"path":"audios\/wordfile-660327b630fe9.wav","mime":"audio\/x-wav","copyright":{"license":"U"}}]}],"files":[{"path":"audios\/files-660322767cc8f.wav","mime":"audio\/x-wav","copyright":{"license":"U"}}]},"subContentId":"1b04a4b2-2210-40fc-9dde-e205946aba8f","metadata":{"contentType":"Curious Reader Audio","license":"U","title":"Untitled Curious Reader Audio"}},"backgroundOpacity":0,"willDoAnimation":false,"animationType":"glow","displayAsButton":false,"buttonSize":"big","goToSlideType":"specified","invisible":false},{"x":29.336734693877553,"y":25.165289672544077,"width":12.372448979591837,"height":35.012594458438286,"action":{"library":"H5P.Image 1.1","params":{"contentName":"Image"},"subContentId":"2772fd8f-40a3-469c-9d6a-2280a4a1af1d","metadata":{"contentType":"Image","license":"U","title":"Untitled Image"}},"backgroundOpacity":0,"willDoAnimation":true,"animationType":"glow","displayAsButton":false,"buttonSize":"big","goToSlideType":"specified","invisible":false,"id":"img1b04a4b2-2210-40fc-9dde-e205946aba8f_0"},{"x":29.336734693877553,"y":22.658211586901764,"width":12.372448979591837,"height":40.050377833753146,"action":{"library":"H5P.Image 1.1","params":{"contentName":"Image"},"subContentId":"128f5db5-2168-4943-95f3-fc2372a5f083","metadata":{"contentType":"Image","license":"U","title":"Untitled Image"}},"backgroundOpacity":0,"willDoAnimation":true,"animationType":"glow","displayAsButton":false,"buttonSize":"big","goToSlideType":"specified","invisible":false,"id":"img1b04a4b2-2210-40fc-9dde-e205946aba8f_1"},{"x":8.928571428571429,"y":10.075566750629722,"width":14.923469387755102,"height":40.050377833753146,"action":{"library":"H5P.Image 1.1","params":{"contentName":"Image"},"subContentId":"5986f7aa-ddf9-467f-9764-cf952f2db439","metadata":{"contentType":"Image","license":"U","title":"Untitled Image"}},"backgroundOpacity":0,"willDoAnimation":true,"animationType":"glow","displayAsButton":false,"buttonSize":"big","goToSlideType":"specified","invisible":false,"id":"img1b04a4b2-2210-40fc-9dde-e205946aba8f_5"},{"x":16.581632653061224,"y":22.66413098236776,"width":13.64795918367347,"height":19.395465994962215,"action":{"library":"H5P.Image 1.1","params":{"contentName":"Image"},"subContentId":"0efcfe50-ea90-4e9c-bd4d-af4be995d05f","metadata":{"contentType":"Image","license":"U","title":"Untitled Image"}},"backgroundOpacity":0,"willDoAnimation":true,"animationType":"glow","displayAsButton":false,"buttonSize":"big","goToSlideType":"specified","invisible":false,"id":"img1b04a4b2-2210-40fc-9dde-e205946aba8f_7"}],"slideBackgroundSelector":{}},{"elements":[{"x":5.1020408163265305,"y":2.5188916876574305,"width":42.09183673469388,"height":94.96221662468514,"action":{"library":"H5P.Image 1.1","params":{"contentName":"Image","file":{"path":"images\/file-6578937a365f7.jpg","mime":"image\/jpeg","copyright":{"license":"U"},"width":1024,"height":1104}},"subContentId":"62e2ba8e-9dfd-4edb-80cc-2aa08fc67e3c","metadata":{"contentType":"Image","license":"U","title":"Untitled Image"}},"backgroundOpacity":0,"willDoAnimation":false,"animationType":"glow","displayAsButton":false,"buttonSize":"big","goToSlideType":"specified","invisible":false},{"x":48.46938775510204,"y":32.735768261964736,"width":47.19387755102041,"height":50.377833753148614,"action":{"library":"H5P.CRAdvancedText 1.1","params":{"text":"<p dir=\"ltr\" style=\"text-align: center;\"><span style=\"color:#ffffff;\"><span style=\"font-size:2.25em;\">\u092e\u0948\u0902 \u091a\u093f\u0924\u094d\u0930 \u0915\u093e\u091f\u0924\u093e \u0939\u0942\u0902, \u0914\u0930 \u0926\u093e\u0926\u0940\u091c\u0940 \u091a\u093f\u0924\u094d\u0930 \u091a\u093f\u092a\u0915\u093e\u0928\u0947 \u092e\u0947\u0902 \u0938\u0939\u093e\u092f\u0924\u093e \u0915\u0930\u0924\u0940 \u0939\u0948\u0902\u0964<\/span><\/span><\/p>\n"},"subContentId":"1de95193-2ff4-479b-bda0-c02d7e4b3b6d","metadata":{"contentType":"Text","license":"U","title":"Untitled Text"}},"alwaysDisplayComments":false,"backgroundOpacity":0,"willDoAnimation":false,"animationType":"glow","displayAsButton":false,"buttonSize":"big","goToSlideType":"specified","invisible":false,"solution":""},{"x":47.00255102040816,"y":43.95465994962216,"width":40,"height":40,"action":{"library":"H5P.CRAudio 1.4","params":{"fitToWrapper":true,"currIndex":5,"playerMode":"minimalistic","controls":true,"autoplay":true,"playAudio":"Play audio","pauseAudio":"Pause audio","contentName":"Audio","glowColor":"#ffd85a","timeStampForEachText":[{"text":" \u092e\u0948\u0902 ","startDuration":"0.0000","endDuration":"0.3965","wordfile":[{"path":"audios\/wordfile-66032a208bbc1.wav","mime":"audio\/x-wav","copyright":{"license":"U"}}]},{"text":" \u091a\u093f\u0924\u094d\u0930 ","startDuration":"0.3975","endDuration":"0.7503","wordfile":[{"path":"audios\/wordfile-66032a30af9c7.wav","mime":"audio\/x-wav","copyright":{"license":"U"}}]},{"text":" \u0915\u093e\u091f\u0924\u093e ","startDuration":"0.7503","endDuration":"1.2133","wordfile":[{"path":"audios\/wordfile-66032a4c93ffa.wav","mime":"audio\/x-wav","copyright":{"license":"U"}}]},{"text":" \u0939\u0942\u0902, ","startDuration":"1.2143","endDuration":"1.5889","wordfile":[{"path":"audios\/wordfile-66032a784edd8.wav","mime":"audio\/x-wav","copyright":{"license":"U"}}]},{"text":" \u0914\u0930 ","startDuration":"1.5899","endDuration":"2.0300","wordfile":[{"path":"audios\/wordfile-66032a8b4cd36.wav","mime":"audio\/x-wav","copyright":{"license":"U"}}]},{"text":" \u0926\u093e\u0926\u0940\u091c\u0940 ","startDuration":"2.0310","endDuration":"2.7403","wordfile":[{"path":"audios\/wordfile-66032a9fa68af.wav","mime":"audio\/x-wav","copyright":{"license":"U"}}]},{"text":" \u091a\u093f\u0924\u094d\u0930 ","startDuration":"2.7413","endDuration":"3.3051","wordfile":[{"path":"audios\/wordfile-66032ab35cae5.wav","mime":"audio\/x-wav","copyright":{"license":"U"}}]},{"text":" \u091a\u093f\u092a\u0915\u093e\u0928\u0947 ","startDuration":"3.3061","endDuration":"3.8481","wordfile":[{"path":"audios\/wordfile-66032ac51663a.wav","mime":"audio\/x-wav","copyright":{"license":"U"}}]},{"text":" \u092e\u0947\u0902 ","startDuration":"3.8491","endDuration":"4.0491","wordfile":[{"path":"audios\/wordfile-66032ad7068b9.wav","mime":"audio\/x-wav","copyright":{"license":"U"}}]},{"text":" \u0938\u0939\u093e\u092f\u0924\u093e ","startDuration":"4.0501","endDuration":"4.6430","wordfile":[{"path":"audios\/wordfile-66032aeb218bc.wav","mime":"audio\/x-wav","copyright":{"license":"U"}}]},{"text":" \u0915\u0930\u0924\u0940 ","startDuration":"4.6440","endDuration":"5.0405","wordfile":[{"path":"audios\/wordfile-66032afc3b96e.wav","mime":"audio\/x-wav","copyright":{"license":"U"}}]},{"text":" \u0939\u0948\u0902\u0964 ","startDuration":"5.0415","endDuration":"5.3988","wordfile":[{"path":"audios\/wordfile-66032b171912a.wav","mime":"audio\/x-wav","copyright":{"license":"U"}}]}],"files":[{"path":"audios\/files-66032a10746d0.wav","mime":"audio\/x-wav","copyright":{"license":"U"}}]},"subContentId":"592c0eba-756d-4437-bc3d-2c4a4b58491c","metadata":{"contentType":"Curious Reader Audio","license":"U","title":"Untitled Curious Reader Audio"}},"backgroundOpacity":0,"willDoAnimation":false,"animationType":"glow","displayAsButton":false,"buttonSize":"big","goToSlideType":"specified","invisible":false},{"x":7.653061224489796,"y":17.6204282115869,"width":17.474489795918366,"height":40.050377833753146,"action":{"library":"H5P.Image 1.1","params":{"contentName":"Image"},"subContentId":"c4a49f01-c29b-4c4f-8d4d-19322ffa8f30","metadata":{"contentType":"Image","license":"U","title":"Untitled Image"}},"backgroundOpacity":0,"willDoAnimation":true,"animationType":"glow","displayAsButton":false,"buttonSize":"big","goToSlideType":"specified","invisible":false,"id":"img592c0eba-756d-4437-bc3d-2c4a4b58491c_0"},{"x":12.755102040816327,"y":32.735768261964736,"width":12.372448979591837,"height":26.952141057934508,"action":{"library":"H5P.Image 1.1","params":{"contentName":"Image"},"subContentId":"eb6ada88-a107-42f4-8f0e-29464f1c168f","metadata":{"contentType":"Image","license":"U","title":"Untitled Image"}},"backgroundOpacity":0,"willDoAnimation":true,"animationType":"glow","displayAsButton":false,"buttonSize":"big","goToSlideType":"specified","invisible":false,"id":"img592c0eba-756d-4437-bc3d-2c4a4b58491c_1"},{"x":25.510204081632654,"y":5.0338539042821155,"width":18.75,"height":40.050377833753146,"action":{"library":"H5P.Image 1.1","params":{"contentName":"Image"},"subContentId":"9320c40d-0ece-490d-83e9-95a7c9d18358","metadata":{"contentType":"Image","license":"U","title":"Untitled Image"}},"backgroundOpacity":0,"willDoAnimation":true,"animationType":"glow","displayAsButton":false,"buttonSize":"big","goToSlideType":"specified","invisible":false,"id":"img592c0eba-756d-4437-bc3d-2c4a4b58491c_5"}],"slideBackgroundSelector":{}},{"elements":[{"x":5.1020408163265305,"y":2.51692443324937,"width":42.09183673469388,"height":97.48110831234257,"action":{"library":"H5P.Image 1.1","params":{"contentName":"Image","file":{"path":"images\/file-657893cd148ab.jpg","mime":"image\/jpeg","copyright":{"license":"U"},"width":1024,"height":1104}},"subContentId":"854b71f0-4b9f-4858-8b85-8c29cc518bdb","metadata":{"contentType":"Image","license":"U","title":"Untitled Image"}},"backgroundOpacity":0,"willDoAnimation":false,"animationType":"glow","displayAsButton":false,"buttonSize":"big","goToSlideType":"specified","invisible":false},{"x":47.19387755102041,"y":32.7455919395466,"width":49.744897959183675,"height":55.415617128463474,"action":{"library":"H5P.CRAdvancedText 1.1","params":{"text":"<p dir=\"ltr\" style=\"text-align: center;\"><span style=\"color:#ffffff;\"><span style=\"font-size:2.25em;\">\u092e\u0948\u0902 \u091a\u093f\u0924\u094d\u0930 \u091a\u093f\u092a\u0915\u093e\u0924\u093e \u0939\u0942\u0902 \u0914\u0930 \u0926\u093e\u0926\u093e\u091c\u0940 \u0935\u093e\u0930\u094d\u0924\u093e \u0932\u0947\u0916\u0928 \u092e\u0947\u0902 \u0938\u0939\u093e\u092f\u0924\u093e \u0915\u0930\u0924\u0940 \u0939\u0948\u0902\u0964<\/span><\/span><\/p>\n"},"subContentId":"c78dbf15-db86-4b85-b48f-3267ee44151c","metadata":{"contentType":"Text","license":"U","title":"Untitled Text"}},"alwaysDisplayComments":false,"backgroundOpacity":0,"willDoAnimation":false,"animationType":"glow","displayAsButton":false,"buttonSize":"big","goToSlideType":"specified","invisible":false,"solution":""},{"x":47.00255102040816,"y":43.95465994962216,"width":40,"height":40,"action":{"library":"H5P.CRAudio 1.4","params":{"fitToWrapper":true,"currIndex":6,"playerMode":"minimalistic","controls":true,"autoplay":true,"playAudio":"Play audio","pauseAudio":"Pause audio","contentName":"Audio","glowColor":"#ffd85a","timeStampForEachText":[{"text":" \u092e\u0948\u0902 ","startDuration":"0.0000","endDuration":"0.4208","wordfile":[{"path":"audios\/wordfile-66032bdc85eff.wav","mime":"audio\/x-wav","copyright":{"license":"U"}}]},{"text":" \u091a\u093f\u0924\u094d\u0930 ","startDuration":"0.4218","endDuration":"0.7643","wordfile":[{"path":"audios\/wordfile-66032bf023564.wav","mime":"audio\/x-wav","copyright":{"license":"U"}}]},{"text":" \u091a\u093f\u092a\u0915\u093e\u0924\u093e ","startDuration":"0.7653","endDuration":"1.4354","wordfile":[{"path":"audios\/wordfile-66032c06802ef.wav","mime":"audio\/x-wav","copyright":{"license":"U"}}]},{"text":" \u0939\u0942\u0902 ","startDuration":"1.4364","endDuration":"1.9427","wordfile":[{"path":"audios\/wordfile-66032c21b31ca.wav","mime":"audio\/x-wav","copyright":{"license":"U"}}]},{"text":" \u0914\u0930 ","startDuration":"1.9437","endDuration":"2.4357","wordfile":[{"path":"audios\/wordfile-66032c349e17d.wav","mime":"audio\/x-wav","copyright":{"license":"U"}}]},{"text":" \u0926\u093e\u0926\u093e\u091c\u0940 ","startDuration":"2.4367","endDuration":"2.9643","wordfile":[{"path":"audios\/wordfile-66032c52071a7.wav","mime":"audio\/x-wav","copyright":{"license":"U"}}]},{"text":" \u0935\u093e\u0930\u094d\u0924\u093e ","startDuration":"2.9653","endDuration":"3.4502","wordfile":[{"path":"audios\/wordfile-66032c654f8d7.wav","mime":"audio\/x-wav","copyright":{"license":"U"}}]},{"text":" \u0932\u0947\u0916\u0928 ","startDuration":"3.4512","endDuration":"3.7865","wordfile":[{"path":"audios\/wordfile-66032c8103b3b.wav","mime":"audio\/x-wav","copyright":{"license":"U"}}]},{"text":" \u092e\u0947\u0902 ","startDuration":"3.7875","endDuration":"3.9875","wordfile":[{"path":"audios\/wordfile-66032c9e617c2.wav","mime":"audio\/x-wav","copyright":{"license":"U"}}]},{"text":" \u0938\u0939\u093e\u092f\u0924\u093e ","startDuration":"3.9885","endDuration":"4.4520","wordfile":[{"path":"audios\/wordfile-66032cb3b1ad9.wav","mime":"audio\/x-wav","copyright":{"license":"U"}}]},{"text":" \u0915\u0930\u0924\u0940 ","startDuration":"4.4530","endDuration":"4.8738","wordfile":[{"path":"audios\/wordfile-66032cc757408.wav","mime":"audio\/x-wav","copyright":{"license":"U"}}]},{"text":" \u0939\u0948\u0902\u0964 ","startDuration":"4.8748","endDuration":"5.2850","wordfile":[{"path":"audios\/wordfile-66032cddcbaa9.wav","mime":"audio\/x-wav","copyright":{"license":"U"}}]}],"files":[{"path":"audios\/files-66032bca41c5b.wav","mime":"audio\/x-wav","copyright":{"license":"U"}}]},"subContentId":"13505162-d0c7-4794-b869-e0d00e1b6db9","metadata":{"contentType":"Curious Reader Audio","license":"U","title":"Untitled Curious Reader Audio"}},"backgroundOpacity":0,"willDoAnimation":false,"animationType":"glow","displayAsButton":false,"buttonSize":"big","goToSlideType":"specified","invisible":false},{"x":24.23469387755102,"y":40.26675062972293,"width":22.5765306122449,"height":49.622166246851386,"action":{"library":"H5P.Image 1.1","params":{"contentName":"Image"},"subContentId":"a7136a56-d81f-45e2-bfc7-362375b7f1d9","metadata":{"contentType":"Image","license":"U","title":"Untitled Image"}},"backgroundOpacity":0,"willDoAnimation":true,"animationType":"glow","displayAsButton":false,"buttonSize":"big","goToSlideType":"specified","invisible":false,"id":"img13505162-d0c7-4794-b869-e0d00e1b6db9_0"},{"x":24.23469387755102,"y":47.83148614609571,"width":12.372448979591837,"height":27.455919395465994,"action":{"library":"H5P.Image 1.1","params":{"contentName":"Image"},"subContentId":"3fdd2750-1b01-41a1-9ac6-3b9aabf2e930","metadata":{"contentType":"Image","license":"U","title":"Untitled Image"}},"backgroundOpacity":0,"willDoAnimation":true,"animationType":"glow","displayAsButton":false,"buttonSize":"big","goToSlideType":"specified","invisible":false,"id":"img13505162-d0c7-4794-b869-e0d00e1b6db9_1"},{"x":7.653061224489796,"y":7.556675062972292,"width":16.198979591836736,"height":40.050377833753146,"action":{"library":"H5P.Image 1.1","params":{"contentName":"Image"},"subContentId":"99e2a74a-309f-4cc7-a580-a83d1e85b493","metadata":{"contentType":"Image","license":"U","title":"Untitled Image"}},"backgroundOpacity":0,"willDoAnimation":true,"animationType":"glow","displayAsButton":false,"buttonSize":"big","goToSlideType":"specified","invisible":false,"id":"img13505162-d0c7-4794-b869-e0d00e1b6db9_5"},{"x":10.204081632653061,"y":40.29042821158691,"width":16.198979591836736,"height":19.395465994962215,"action":{"library":"H5P.Image 1.1","params":{"contentName":"Image"},"subContentId":"0fbda36d-3a41-41b6-90b4-85f29dee8265","metadata":{"contentType":"Image","license":"U","title":"Untitled Image"}},"backgroundOpacity":0,"willDoAnimation":true,"animationType":"glow","displayAsButton":false,"buttonSize":"big","goToSlideType":"specified","invisible":false,"id":"img13505162-d0c7-4794-b869-e0d00e1b6db9_6"},{"x":10.204081632653061,"y":42.809319899244336,"width":16.198979591836736,"height":14.357682619647354,"action":{"library":"H5P.Image 1.1","params":{"contentName":"Image"},"subContentId":"f43f13b4-ef20-4da0-b225-de6e8e858f91","metadata":{"contentType":"Image","license":"U","title":"Untitled Image"}},"backgroundOpacity":0,"willDoAnimation":true,"animationType":"glow","displayAsButton":false,"buttonSize":"big","goToSlideType":"specified","invisible":false,"id":"img13505162-d0c7-4794-b869-e0d00e1b6db9_7"}],"slideBackgroundSelector":{}},{"elements":[{"x":5.1020408163265305,"y":2.51692443324937,"width":42.09183673469388,"height":94.96221662468514,"action":{"library":"H5P.Image 1.1","params":{"contentName":"Image","file":{"path":"images\/file-6578941542f1f.jpg","mime":"image\/jpeg","copyright":{"license":"U"},"width":1024,"height":1104}},"subContentId":"f1ae49b0-a9f9-4dc4-8a79-cc1b08ca3b95","metadata":{"contentType":"Image","license":"U","title":"Untitled Image"}},"backgroundOpacity":0,"willDoAnimation":false,"animationType":"glow","displayAsButton":false,"buttonSize":"big","goToSlideType":"specified","invisible":false},{"x":44.642857142857146,"y":42.78564231738036,"width":52.29591836734694,"height":55.415617128463474,"action":{"library":"H5P.CRAdvancedText 1.1","params":{"text":"<p dir=\"ltr\" style=\"text-align: center;\"><span style=\"color:#ffffff;\"><span style=\"font-size:2.25em;\">\u092e\u0948\u0902 \u0935\u093e\u0930\u094d\u0924\u093e \u0932\u093f\u0916\u0924\u093e \u0939\u0942\u0902, \u0914\u0930 \u092d\u093e\u0908 \u092a\u0928\u094d\u0928\u094b\u0902 \u0915\u094b \u090f\u0915 \u0938\u093e\u0925 \u091c\u094b\u0921\u093c\u0928\u0947 \u092e\u0947\u0902 \u0938\u0939\u093e\u092f\u0924\u093e \u0915\u0930\u0924\u093e \u0939\u0948\u0964<\/span><\/span><\/p>\n"},"subContentId":"93dec863-ad98-4918-9672-ff9d79cee23a","metadata":{"contentType":"Text","license":"U","title":"Untitled Text"}},"alwaysDisplayComments":false,"backgroundOpacity":0,"willDoAnimation":false,"animationType":"glow","displayAsButton":false,"buttonSize":"big","goToSlideType":"specified","invisible":false,"solution":""},{"x":47.00255102040816,"y":43.95465994962216,"width":40,"height":40,"action":{"library":"H5P.CRAudio 1.4","params":{"fitToWrapper":true,"currIndex":7,"playerMode":"minimalistic","controls":true,"autoplay":true,"playAudio":"Play audio","pauseAudio":"Pause audio","contentName":"Audio","glowColor":"#ffd85a","timeStampForEachText":[{"text":" \u092e\u0948\u0902 ","startDuration":"0.0000","endDuration":"0.4502","wordfile":[{"path":"audios\/wordfile-66032d2dc3423.wav","mime":"audio\/x-wav","copyright":{"license":"U"}}]},{"text":" \u0935\u093e\u0930\u094d\u0924\u093e ","startDuration":"0.4512","endDuration":"0.8310","wordfile":[{"path":"audios\/wordfile-66032d4282896.wav","mime":"audio\/x-wav","copyright":{"license":"U"}}]},{"text":" \u0932\u093f\u0916\u0924\u093e ","startDuration":"0.8310","endDuration":"1.2285","wordfile":[{"path":"audios\/wordfile-66032d56425e0.wav","mime":"audio\/x-wav","copyright":{"license":"U"}}]},{"text":" \u0939\u0942\u0902, ","startDuration":"1.2285","endDuration":"1.9132","wordfile":[{"path":"audios\/wordfile-66032dafd0742.wav","mime":"audio\/x-wav","copyright":{"license":"U"}}]},{"text":" \u0914\u0930 ","startDuration":"1.9142","endDuration":"2.1846","wordfile":[{"path":"audios\/wordfile-66032dc2ea1f8.wav","mime":"audio\/x-wav","copyright":{"license":"U"}}]},{"text":" \u092d\u093e\u0908 ","startDuration":"2.1856","endDuration":"2.8781","wordfile":[{"path":"audios\/wordfile-66032ddaacb38.wav","mime":"audio\/x-wav","copyright":{"license":"U"}}]},{"text":" \u092a\u0928\u094d\u0928\u094b\u0902 ","startDuration":"2.8791","endDuration":"3.2824","wordfile":[{"path":"audios\/wordfile-66032e0009202.wav","mime":"audio\/x-wav","copyright":{"license":"U"}}]},{"text":" \u0915\u094b ","startDuration":"3.2834","endDuration":"3.4834","wordfile":[{"path":"audios\/wordfile-66032e14376fb.wav","mime":"audio\/x-wav","copyright":{"license":"U"}}]},{"text":" \u090f\u0915 ","startDuration":"3.4844","endDuration":"3.6844","wordfile":[{"path":"audios\/wordfile-66317e6deb3a4.wav","mime":"audio\/x-wav","copyright":{"license":"U"}}]},{"text":" \u0938\u093e\u0925 ","startDuration":"3.6854","endDuration":"3.8854","wordfile":[{"path":"audios\/wordfile-66032e40115e5.wav","mime":"audio\/x-wav","copyright":{"license":"U"}}]},{"text":" \u091c\u094b\u0921\u093c\u0928\u0947 ","startDuration":"3.8864","endDuration":"4.2975","wordfile":[{"path":"audios\/wordfile-66032e53527bd.wav","mime":"audio\/x-wav","copyright":{"license":"U"}}]},{"text":" \u092e\u0947\u0902 ","startDuration":"4.2985","endDuration":"4.4516","wordfile":[{"path":"audios\/wordfile-66032e6b9a067.wav","mime":"audio\/x-wav","copyright":{"license":"U"}}]},{"text":" \u0938\u0939\u093e\u092f\u0924\u093e ","startDuration":"4.4526","endDuration":"4.9809","wordfile":[{"path":"audios\/wordfile-66032e7ee61b1.wav","mime":"audio\/x-wav","copyright":{"license":"U"}}]},{"text":" \u0915\u0930\u0924\u093e ","startDuration":"4.9819","endDuration":"5.3461","wordfile":[{"path":"audios\/wordfile-66032e99a5fbc.wav","mime":"audio\/x-wav","copyright":{"license":"U"}}]},{"text":" \u0939\u0948\u0964 ","startDuration":"5.3471","endDuration":"5.8007","wordfile":[{"path":"audios\/wordfile-66032eaf6cba5.wav","mime":"audio\/x-wav","copyright":{"license":"U"}}]}],"files":[{"path":"audios\/files-66032d1e9524e.wav","mime":"audio\/x-wav","copyright":{"license":"U"}}]},"subContentId":"2d2eaeb6-83a1-4813-b719-f01b96bcc352","metadata":{"contentType":"Curious Reader Audio","license":"U","title":"Untitled Curious Reader Audio"}},"backgroundOpacity":0,"willDoAnimation":false,"animationType":"glow","displayAsButton":false,"buttonSize":"big","goToSlideType":"specified","invisible":false},{"x":6.377551020408164,"y":25.165289672544077,"width":18.75,"height":59.697732997481104,"action":{"library":"H5P.Image 1.1","params":{"contentName":"Image"},"subContentId":"767f5133-e975-4b41-90f3-47b83f4c2101","metadata":{"contentType":"Image","license":"U","title":"Untitled Image"}},"backgroundOpacity":0,"willDoAnimation":true,"animationType":"glow","displayAsButton":false,"buttonSize":"big","goToSlideType":"specified","invisible":false,"id":"img2d2eaeb6-83a1-4813-b719-f01b96bcc352_0"},{"x":6.377551020408164,"y":22.652317380352642,"width":18.75,"height":62.216624685138534,"action":{"library":"H5P.Image 1.1","params":{"contentName":"Image"},"subContentId":"d37f3593-43df-46ca-a9db-d93b30ecde31","metadata":{"contentType":"Image","license":"U","title":"Untitled Image"}},"backgroundOpacity":0,"willDoAnimation":true,"animationType":"glow","displayAsButton":false,"buttonSize":"big","goToSlideType":"specified","invisible":false,"id":"img2d2eaeb6-83a1-4813-b719-f01b96bcc352_1"},{"x":22.95918367346939,"y":2.5149571788413096,"width":21.301020408163264,"height":40.050377833753146,"action":{"library":"H5P.Image 1.1","params":{"contentName":"Image"},"subContentId":"ad640703-f2cb-430c-b0e7-f3da7f7358da","metadata":{"contentType":"Image","license":"U","title":"Untitled Image"}},"backgroundOpacity":0,"willDoAnimation":true,"animationType":"glow","displayAsButton":false,"buttonSize":"big","goToSlideType":"specified","invisible":false,"id":"img2d2eaeb6-83a1-4813-b719-f01b96bcc352_5"},{"x":28.061224489795915,"y":25.181057934508814,"width":14.923469387755102,"height":19.395465994962215,"action":{"library":"H5P.Image 1.1","params":{"contentName":"Image"},"subContentId":"a7aa3dc4-dbf4-47e8-aa91-6d4810ca5460","metadata":{"contentType":"Image","license":"U","title":"Untitled Image"}},"backgroundOpacity":0,"willDoAnimation":true,"animationType":"glow","displayAsButton":false,"buttonSize":"big","goToSlideType":"specified","invisible":false,"id":"img2d2eaeb6-83a1-4813-b719-f01b96bcc352_8"},{"x":29.336734693877553,"y":22.646397984886647,"width":14.923469387755102,"height":19.395465994962215,"action":{"library":"H5P.Image 1.1","params":{"contentName":"Image"},"subContentId":"30cefeec-5c66-4573-bc05-06d7f88fe0e0","metadata":{"contentType":"Image","license":"U","title":"Untitled Image"}},"backgroundOpacity":0,"willDoAnimation":true,"animationType":"glow","displayAsButton":false,"buttonSize":"big","goToSlideType":"specified","invisible":false,"id":"img2d2eaeb6-83a1-4813-b719-f01b96bcc352_8"},{"x":29.336734693877553,"y":20.12750629722922,"width":16.198979591836736,"height":21.914357682619645,"action":{"library":"H5P.Image 1.1","params":{"contentName":"Image"},"subContentId":"7708cf73-fe63-4c63-93ad-39055a2216a4","metadata":{"contentType":"Image","license":"U","title":"Untitled Image"}},"backgroundOpacity":0,"willDoAnimation":true,"animationType":"glow","displayAsButton":false,"buttonSize":"big","goToSlideType":"specified","invisible":false,"id":"img2d2eaeb6-83a1-4813-b719-f01b96bcc352_10"}],"slideBackgroundSelector":{}},{"elements":[{"x":5.1020408163265305,"y":2.5188916876574305,"width":42.09183673469388,"height":92.4433249370277,"action":{"library":"H5P.Image 1.1","params":{"contentName":"Image","file":{"path":"images\/file-6578945856864.jpg","mime":"image\/jpeg","copyright":{"license":"U"},"width":1024,"height":735}},"subContentId":"00fb6a85-5a76-447d-a119-2676cf7feb43","metadata":{"contentType":"Image","license":"U","title":"Untitled Image"}},"backgroundOpacity":0,"willDoAnimation":false,"animationType":"glow","displayAsButton":false,"buttonSize":"big","goToSlideType":"specified","invisible":false},{"x":49.744897959183675,"y":40.30226700251889,"width":45.1530612244898,"height":42.82115869017632,"action":{"library":"H5P.CRAdvancedText 1.1","params":{"text":"<p dir=\"ltr\" style=\"text-align: center;\"><span style=\"color:#ffffff;\"><span style=\"font-size:2.25em;\">\u092e\u0947\u0930\u0947 \u092a\u093e\u0938 \u0905\u092c \u092a\u0941\u0938\u094d\u0924\u0915 \u0939\u0948\u0964 \u0906\u0907\u090f \u092a\u0941\u0938\u094d\u0924\u0915 \u092a\u095d\u0924\u0947 \u0939\u0948!<\/span><\/span><\/p>\n"},"subContentId":"5a9fff56-e851-45ec-8640-989a48903d6e","metadata":{"contentType":"Text","license":"U","title":"Untitled Text"}},"alwaysDisplayComments":false,"backgroundOpacity":0,"willDoAnimation":false,"animationType":"glow","displayAsButton":false,"buttonSize":"big","goToSlideType":"specified","invisible":false,"solution":""},{"x":47.00255102040816,"y":43.95465994962216,"width":40,"height":40,"action":{"library":"H5P.CRAudio 1.4","params":{"fitToWrapper":true,"currIndex":8,"playerMode":"minimalistic","controls":true,"autoplay":true,"playAudio":"Play audio","pauseAudio":"Pause audio","contentName":"Audio","glowColor":"#ffd85a","timeStampForEachText":[{"text":" \u092e\u0947\u0930\u0947 ","startDuration":"0.0000","endDuration":"0.6995","wordfile":[{"path":"audios\/wordfile-66032f159126a.wav","mime":"audio\/x-wav","copyright":{"license":"U"}}]},{"text":" \u092a\u093e\u0938 ","startDuration":"0.7005","endDuration":"0.9942","wordfile":[{"path":"audios\/wordfile-66032f421ec6e.wav","mime":"audio\/x-wav","copyright":{"license":"U"}}]},{"text":" \u0905\u092c ","startDuration":"0.9952","endDuration":"1.2701","wordfile":[{"path":"audios\/wordfile-66317ed0b1a37.wav","mime":"audio\/x-wav","copyright":{"license":"U"}}]},{"text":" \u092a\u0941\u0938\u094d\u0924\u0915 ","startDuration":"1.2711","endDuration":"1.7396","wordfile":[{"path":"audios\/wordfile-66032fe2d8a09.wav","mime":"audio\/x-wav","copyright":{"license":"U"}}]},{"text":" \u0939\u0948\u0964 ","startDuration":"1.7406","endDuration":"1.9406","wordfile":[{"path":"audios\/wordfile-6603300e2613a.wav","mime":"audio\/x-wav","copyright":{"license":"U"}}]},{"text":" \u0906\u0907\u090f ","startDuration":"1.9416","endDuration":"3.0095","wordfile":[{"path":"audios\/wordfile-660330219d0e8.wav","mime":"audio\/x-wav","copyright":{"license":"U"}}]},{"text":" \u092a\u0941\u0938\u094d\u0924\u0915 ","startDuration":"3.0105","endDuration":"3.5976","wordfile":[{"path":"audios\/wordfile-66033035f3bea.wav","mime":"audio\/x-wav","copyright":{"license":"U"}}]},{"text":" \u092a\u095d\u0924\u0947 ","startDuration":"3.5986","endDuration":"4.0234","wordfile":[{"path":"audios\/wordfile-6603304956322.wav","mime":"audio\/x-wav","copyright":{"license":"U"}}]},{"text":" \u0939\u0948! ","startDuration":"4.0244","endDuration":"4.6329","wordfile":[{"path":"audios\/wordfile-6603305e4b5b4.wav","mime":"audio\/x-wav","copyright":{"license":"U"}}]}],"files":[{"path":"audios\/files-66032f01c86c6.wav","mime":"audio\/x-wav","copyright":{"license":"U"}}]},"subContentId":"3e94f766-6d79-4c9d-b9b7-6e8f0cc59ffc","metadata":{"contentType":"Curious Reader Audio","license":"U","title":"Untitled Curious Reader Audio"}},"backgroundOpacity":0,"willDoAnimation":false,"animationType":"glow","displayAsButton":false,"buttonSize":"big","goToSlideType":"specified","invisible":false},{"x":34.43775510204082,"y":37.76372795969773,"width":7.270408163265306,"height":24.43324937027708,"action":{"library":"H5P.Image 1.1","params":{"contentName":"Image"},"subContentId":"195ecd76-ef4b-40ed-a80e-f5d147bb0901","metadata":{"contentType":"Image","license":"U","title":"Untitled Image"}},"backgroundOpacity":0,"willDoAnimation":true,"animationType":"glow","displayAsButton":false,"buttonSize":"big","goToSlideType":"specified","invisible":false,"id":"img3e94f766-6d79-4c9d-b9b7-6e8f0cc59ffc_0"},{"x":33.16326530612245,"y":40.29042821158691,"width":9.821428571428571,"height":21.914357682619645,"action":{"library":"H5P.Image 1.1","params":{"contentName":"Image"},"subContentId":"3deb6628-ec08-4b48-8af9-05f1c5d53027","metadata":{"contentType":"Image","license":"U","title":"Untitled Image"}},"backgroundOpacity":0,"willDoAnimation":true,"animationType":"glow","displayAsButton":false,"buttonSize":"big","goToSlideType":"specified","invisible":false,"id":"img3e94f766-6d79-4c9d-b9b7-6e8f0cc59ffc_1"},{"x":34.43775510204082,"y":37.75390428211587,"width":5.994897959183674,"height":14.357682619647354,"action":{"library":"H5P.Image 1.1","params":{"contentName":"Image"},"subContentId":"b13e1295-dca3-4c0e-afe7-82c23168ad92","metadata":{"contentType":"Image","license":"U","title":"Untitled Image"}},"backgroundOpacity":0,"willDoAnimation":true,"animationType":"glow","displayAsButton":false,"buttonSize":"big","goToSlideType":"specified","invisible":false,"id":"img3e94f766-6d79-4c9d-b9b7-6e8f0cc59ffc_3"}],"slideBackgroundSelector":{}},{"elements":[{"x":3.826530612244898,"y":5.0338539042821155,"width":22.95918367346939,"height":22.921914357682617,"action":{"library":"H5P.Image 1.1","params":{"contentName":"Image","file":{"path":"images\/file-65789558544e6.png","mime":"image\/png","copyright":{"license":"U"},"width":1350,"height":487}},"subContentId":"481a06ca-f221-477c-b218-9b93976b4d09","metadata":{"contentType":"Image","license":"U","title":"Untitled Image"}},"backgroundOpacity":0,"willDoAnimation":false,"animationType":"glow","displayAsButton":false,"buttonSize":"big","goToSlideType":"specified","invisible":false},{"x":30.612244897959183,"y":5.0338539042821155,"width":22.95918367346939,"height":22.921914357682617,"action":{"library":"H5P.Image 1.1","params":{"contentName":"Image","file":{"path":"images\/file-6578956aa2732.png","mime":"image\/png","copyright":{"license":"U"},"width":814,"height":202}},"subContentId":"1efc4476-7506-4cc3-8719-19270bc2f79e","metadata":{"contentType":"Image","license":"U","title":"Untitled Image"}},"backgroundOpacity":0,"willDoAnimation":false,"animationType":"glow","displayAsButton":false,"buttonSize":"big","goToSlideType":"specified","invisible":false},{"x":57.39795918367347,"y":7.556675062972292,"width":40.05102040816327,"height":17.632241813602015,"action":{"library":"H5P.Image 1.1","params":{"contentName":"Image","file":{"path":"images\/file-6578957d13a9b.jpg","mime":"image\/jpeg","copyright":{"license":"U"},"width":1732,"height":354}},"subContentId":"1e8c1618-399a-4152-86d8-b0bc61b1ea04","metadata":{"contentType":"Image","license":"U","title":"Untitled Image"}},"backgroundOpacity":0,"willDoAnimation":false,"animationType":"glow","displayAsButton":false,"buttonSize":"big","goToSlideType":"specified","invisible":false},{"x":3.826252723311547,"y":27.94021505376344,"width":93.13725490196079,"height":71.82795698924731,"action":{"library":"H5P.CRAdvancedText 1.1","params":{"text":"<h3 style=\"text-align: center;\"><span style=\"font-size:1.25em;\">\u201c<\/span>\u092e\u0947\u0930\u0940 \u0938\u0939\u093e\u092f\u0924\u093e \u0915\u094c\u0928 \u0915\u0930 \u0938\u0915\u0924\u093e \u0939\u0948?<span style=\"font-size:1.25em;\">\u201d credits<\/span><\/h3>\n\n<h3 style=\"text-align: center;\"><span style=\"font-size:1.25em;\">This work, \u201c<\/span>\u092e\u0947\u0930\u0940 \u0938\u0939\u093e\u092f\u0924\u093e \u0915\u094c\u0928 \u0915\u0930 \u0938\u0915\u0924\u093e \u0939\u0948?<span style=\"font-size:1.25em;\">\u201d is a derivative of \u201cWho can help me?\u201d by All Children Reading Cambodia. \u00a9 The Asia Foundation , 2019 and used under CC BY.<\/span><\/h3>\n\n<h3 style=\"text-align: center;\"><span style=\"font-size:1.25em;\">\u201c<\/span>\u092e\u0947\u0930\u0940 \u0938\u0939\u093e\u092f\u0924\u093e \u0915\u094c\u0928 \u0915\u0930 \u0938\u0915\u0924\u093e \u0939\u0948?<span style=\"font-size:1.25em;\">\u201d is licensed under CC BY 4.0 by Curious Learning.<\/span><\/h3>\n\n<h3 style=\"text-align: center;\">&nbsp;<\/h3>\n\n<h3 style=\"text-align: center;\"><span style=\"font-size:1.25em;\">Book builder - Abraham Jerry Kakooza<\/span><\/h3>\n"},"subContentId":"99f991d8-4b16-4b19-9127-e55b00685b29","metadata":{"contentType":"Text","license":"U","title":"Untitled Text"}},"alwaysDisplayComments":false,"backgroundOpacity":0,"willDoAnimation":false,"animationType":"glow","displayAsButton":false,"buttonSize":"big","goToSlideType":"specified","invisible":false,"solution":""}],"slideBackgroundSelector":{"fillSlideBackground":"#fbfef0"}}],"keywordListEnabled":true,"globalBackgroundSelector":{},"keywordListAlwaysShow":false,"keywordListAutoHide":false,"keywordListOpacity":90},"override":{"activeSurface":false,"hideSummarySlide":false,"summarySlideSolutionButton":true,"summarySlideRetryButton":true,"enablePrintButton":false,"social":{"showFacebookShare":false,"facebookShare":{"url":"@currentpageurl","quote":"I scored @score out of @maxScore on a task at @currentpageurl."},"showTwitterShare":false,"twitterShare":{"statement":"I scored @score out of @maxScore on a task at @currentpageurl.","url":"@currentpageurl","hashtags":"h5p, course"},"showGoogleShare":false,"googleShareUrl":"@currentpageurl"}},"l10n":{"slide":"Slide","score":"Score","yourScore":"Your Score","maxScore":"Max Score","total":"Total","totalScore":"Total Score","showSolutions":"Show solutions","retry":"Retry","exportAnswers":"Export text","hideKeywords":"Hide sidebar navigation menu","showKeywords":"Show sidebar navigation menu","fullscreen":"Fullscreen","exitFullscreen":"Exit fullscreen","prevSlide":"Previous slide","nextSlide":"Next slide","currentSlide":"Current slide","lastSlide":"Last slide","solutionModeTitle":"Exit solution mode","solutionModeText":"Solution Mode","summaryMultipleTaskText":"Multiple tasks","scoreMessage":"You achieved:","shareFacebook":"Share on Facebook","shareTwitter":"Share on Twitter","shareGoogle":"Share on Google+","summary":"Summary","solutionsButtonTitle":"Show comments","printTitle":"Print","printIngress":"How would you like to print this presentation?","printAllSlides":"Print all slides","printCurrentSlide":"Print current slide","noTitle":"No title","accessibilitySlideNavigationExplanation":"Use left and right arrow to change slide in that direction whenever canvas is selected.","accessibilityCanvasLabel":"Presentation canvas. Use left and right arrow to move between slides.","containsNotCompleted":"@slideName contains not completed interaction","containsCompleted":"@slideName contains completed interaction","slideCount":"Slide @index of @total","containsOnlyCorrect":"@slideName only has correct answers","containsIncorrectAnswers":"@slideName has incorrect answers","shareResult":"Share Result","accessibilityTotalScore":"You got @score of @maxScore points in total","accessibilityEnteredFullscreen":"Entered fullscreen","accessibilityExitedFullscreen":"Exited fullscreen"}}