{"presentation":{"slides":[{"elements":[{"x":4.934210526315789,"y":6.491136871653584,"width":92.49424342105263,"height":87.71832926131934,"action":{"library":"H5P.Image 1.1","params":{"contentName":"Image","file":{"path":"images\/file-67062c794a42f.gif","mime":"image\/gif","copyright":{"license":"U"},"width":1920,"height":1080}},"metadata":{"contentType":"Image","license":"U","title":"Untitled Image"},"subContentId":"571bd848-a976-4fa3-b5d9-f6f51aacf638"},"backgroundOpacity":0,"willDoAnimation":false,"animationType":"glow","displayAsButton":false,"buttonSize":"big","goToSlideType":"specified","invisible":false},{"x":32.89473684210526,"y":81.22368352653741,"width":53.63531205918478,"height":17.65873436319072,"action":{"library":"H5P.CRAdvancedText 1.1","params":{"text":"<h2><span style=\"font-size:1.5em;color:hsl(0,0%,100%);\"><strong>Balali\u2019aan Jira!<\/strong><\/span><\/h2>"},"subContentId":"05684927-1b13-4375-9507-a19e40919792","metadata":{"contentType":"Text","license":"U","title":"Untitled Text"}},"alwaysDisplayComments":false,"backgroundOpacity":0,"willDoAnimation":false,"animationType":"glow","displayAsButton":false,"buttonSize":"big","goToSlideType":"specified","invisible":false,"solution":""}],"slideBackgroundSelector":{}},{"elements":[{"x":3.289473684210526,"y":6.497894682122992,"width":95.39309210526316,"height":89.28172272183814,"action":{"library":"H5P.Image 1.1","params":{"contentName":"Image","file":{"path":"images\/file-67062ca43ef6f.gif","mime":"image\/gif","copyright":{"license":"U"},"width":1920,"height":1080}},"metadata":{"contentType":"Image","license":"U","title":"Untitled Image"},"subContentId":"078364fa-8649-430f-94f4-438723de89f6"},"backgroundOpacity":0,"willDoAnimation":false,"animationType":"glow","displayAsButton":false,"buttonSize":"big","goToSlideType":"specified","invisible":false},{"x":18.092105263157894,"y":74.72578884441441,"width":80.26151315789474,"height":21.18924468472215,"action":{"library":"H5P.CRAdvancedText 1.1","params":{"text":"<p><span style=\"font-size:1.5em;color:hsl(0,0%,100%);\"><strong>Simbirroo xiqqoon dhiyeenya hanqaaquu keessaa baate tokko, harmee ishee waliin taa\u2019aa jirti.<\/strong><\/span><\/p>"},"subContentId":"98f11145-9dea-49e2-9624-2241533d9f0c","metadata":{"contentType":"Text","license":"U","title":"Untitled Text"}},"alwaysDisplayComments":false,"backgroundOpacity":0,"willDoAnimation":false,"animationType":"glow","displayAsButton":false,"buttonSize":"big","goToSlideType":"specified","invisible":false,"solution":""},{"x":47.00070441043171,"y":44.00153984163647,"width":40,"height":40,"action":{"library":"H5P.CRAudio 1.4","params":{"fitToWrapper":true,"currIndex":1,"playerMode":"minimalistic","controls":true,"autoplay":true,"playAudio":"Play audio","pauseAudio":"Pause audio","contentName":"Audio","glowColor":"#ffd85a","timeStampForEachText":[{"text":" Simbirroo ","startDuration":"0.0000","endDuration":"0.7562","wordfile":[{"path":"audios\/wordfile-670cbb25410db.wav","mime":"audio\/x-wav","copyright":{"license":"U"}}]},{"text":" xiqqoon ","startDuration":"0.7562","endDuration":"1.5608","wordfile":[{"path":"audios\/wordfile-670cbb34b516c.wav","mime":"audio\/x-wav","copyright":{"license":"U"}}]},{"text":" dhiyeenya ","startDuration":"1.5608","endDuration":"2.2633","wordfile":[{"path":"audios\/wordfile-670cbb44a3ec1.wav","mime":"audio\/x-wav","copyright":{"license":"U"}}]},{"text":" hanqaaquu ","startDuration":"2.2643","endDuration":"2.6359","wordfile":[{"path":"audios\/wordfile-670cbbb5a668f.wav","mime":"audio\/x-wav","copyright":{"license":"U"}}]},{"text":" keessaa ","startDuration":"2.6369","endDuration":"3.0085","wordfile":[{"path":"audios\/wordfile-670cbbce63ba3.wav","mime":"audio\/x-wav","copyright":{"license":"U"}}]},{"text":" baate ","startDuration":"3.0095","endDuration":"3.5772","wordfile":[{"path":"audios\/wordfile-670cbbe9d40d6.wav","mime":"audio\/x-wav","copyright":{"license":"U"}}]},{"text":" tokko, ","startDuration":"3.5782","endDuration":"3.9988","wordfile":[{"path":"audios\/wordfile-670cbc0979d14.wav","mime":"audio\/x-wav","copyright":{"license":"U"}}]},{"text":" harmee ","startDuration":"3.9998","endDuration":"4.6043","wordfile":[{"path":"audios\/wordfile-670cbc22eb0c0.wav","mime":"audio\/x-wav","copyright":{"license":"U"}}]},{"text":" ishee ","startDuration":"4.6053","endDuration":"4.8911","wordfile":[{"path":"audios\/wordfile-670cbc41022f0.wav","mime":"audio\/x-wav","copyright":{"license":"U"}}]},{"text":" waliin ","startDuration":"4.8921","endDuration":"5.3127","wordfile":[{"path":"audios\/wordfile-670cbc58aef37.wav","mime":"audio\/x-wav","copyright":{"license":"U"}}]},{"text":" taa\u2019aa ","startDuration":"5.3137","endDuration":"5.6240","wordfile":[{"path":"audios\/wordfile-6721d24496cc6.wav","mime":"audio\/x-wav","copyright":{"license":"U"}}]},{"text":" jirti. ","startDuration":"5.6250","endDuration":"6.2634","wordfile":[{"path":"audios\/wordfile-670cbca624ae7.wav","mime":"audio\/x-wav","copyright":{"license":"U"}}]}],"files":[{"path":"audios\/files-6721cf8150a4a.wav","mime":"audio\/x-wav","copyright":{"license":"U"}}]},"subContentId":"ff989bd3-5ee0-4cf7-8aef-facd83240d35","metadata":{"contentType":"Curious Reader Audio","license":"U","title":"Untitled Curious Reader Audio"}},"backgroundOpacity":0,"willDoAnimation":false,"animationType":"glow","displayAsButton":false,"buttonSize":"big","goToSlideType":"specified","invisible":false},{"x":37.82894736842105,"y":38.984119145396896,"width":11.244177631578946,"height":18.938666372095444,"action":{"library":"H5P.Image 1.1","params":{"contentName":"Image"},"subContentId":"0c33eb1f-0d80-472f-a4a7-b73fca73ae3f","metadata":{"contentType":"Image","license":"U","title":"Untitled Image"}},"backgroundOpacity":0,"willDoAnimation":true,"animationType":"glow","displayAsButton":false,"buttonSize":"big","goToSlideType":"specified","invisible":false,"id":"imgff989bd3-5ee0-4cf7-8aef-facd83240d35_0"}],"slideBackgroundSelector":{}},{"elements":[{"x":3.289473684210526,"y":6.497894682122992,"width":94.07894736842105,"height":90.9090909090909,"action":{"library":"H5P.Image 1.1","params":{"contentName":"Image","file":{"path":"images\/file-67062e664606d.gif","mime":"image\/gif","copyright":{"license":"U"},"width":1920,"height":1080}},"metadata":{"contentType":"Image","license":"U","title":"Untitled Image"},"subContentId":"7c2f2cba-18ee-4a79-a4d5-a6f00f97edfb"},"backgroundOpacity":0,"willDoAnimation":false,"animationType":"glow","displayAsButton":false,"buttonSize":"big","goToSlideType":"specified","invisible":false,"id":"imgdf76b2b4-642b-4427-b64b-186f7ef032f9_2"},{"x":29.605263157894733,"y":87.71475541924417,"width":55.91940789473684,"height":9.618248687425275,"action":{"library":"H5P.CRAdvancedText 1.1","params":{"text":"<p><span style=\"font-size:1.5em;color:hsl(0, 0%, 100%);\"><strong>Harmee, balali\u2019uun barbaada!<\/strong><\/span><\/p>"},"metadata":{"contentType":"Text","license":"U","title":"Untitled Text"},"subContentId":"53f6eca9-7a47-4958-9f24-3ae9ba62f53c"},"alwaysDisplayComments":false,"backgroundOpacity":0,"willDoAnimation":false,"animationType":"glow","displayAsButton":false,"buttonSize":"big","goToSlideType":"specified","invisible":false,"solution":""},{"x":47.00006578947369,"y":44.0012898320944,"width":40,"height":40,"action":{"library":"H5P.CRAudio 1.4","params":{"fitToWrapper":true,"currIndex":2,"playerMode":"minimalistic","controls":true,"autoplay":true,"playAudio":"Play audio","pauseAudio":"Pause audio","contentName":"Audio","glowColor":"#ffd85a","timeStampForEachText":[{"text":" Harmee, ","startDuration":"0.0000","endDuration":"1.0226","wordfile":[{"path":"audios\/wordfile-670cbe7289902.wav","mime":"audio\/x-wav","copyright":{"license":"U"}}]},{"text":" balali\u2019uun ","startDuration":"1.0236","endDuration":"1.6971","wordfile":[{"path":"audios\/wordfile-6721e6c33f3c7.wav","mime":"audio\/x-wav","copyright":{"license":"U"}}]},{"text":" barbaada! ","startDuration":"1.6981","endDuration":"2.4821","wordfile":[{"path":"audios\/wordfile-670cbeb065fea.wav","mime":"audio\/x-wav","copyright":{"license":"U"}}]}],"files":[{"path":"audios\/files-670cbe2778d82.wav","mime":"audio\/x-wav","copyright":{"license":"U"}}]},"subContentId":"a6b0a707-17d3-44aa-8142-851a52a6499e","metadata":{"contentType":"Curious Reader Audio","license":"U","title":"Untitled Curious Reader Audio"}},"backgroundOpacity":0,"willDoAnimation":false,"animationType":"glow","displayAsButton":false,"buttonSize":"big","goToSlideType":"specified","invisible":false},{"x":46.42857142857143,"y":24.691358024691358,"width":18.92857142857143,"height":39.998589065255736,"action":{"library":"H5P.Image 1.1","params":{"contentName":"Image"},"subContentId":"0ed95bd2-1533-45d2-9602-c925bce03c03","metadata":{"contentType":"Image","license":"U","title":"Untitled Image"}},"backgroundOpacity":0,"willDoAnimation":true,"animationType":"glow","displayAsButton":false,"buttonSize":"big","goToSlideType":"specified","invisible":false,"id":"imga6b0a707-17d3-44aa-8142-851a52a6499e_0"}],"slideBackgroundSelector":{}},{"elements":[{"x":3.289473684210526,"y":6.497894682122992,"width":94.07894736842105,"height":90.9090909090909,"action":{"library":"H5P.Image 1.1","params":{"contentName":"Image","file":{"path":"images\/file-67062ea4b157e.gif","mime":"image\/gif","copyright":{"license":"U"},"width":1920,"height":1080}},"metadata":{"contentType":"Image","license":"U","title":"Untitled Image"},"subContentId":"45db1af8-7494-4828-972b-c9e31ac49a9b"},"backgroundOpacity":0,"willDoAnimation":false,"animationType":"glow","displayAsButton":false,"buttonSize":"big","goToSlideType":"specified","invisible":false,"id":"imgdf76b2b4-642b-4427-b64b-186f7ef032f9_2"},{"x":20.2020202020202,"y":86.46261489551325,"width":55.55555555555555,"height":9.619664259015389,"action":{"library":"H5P.CRAdvancedText 1.1","params":{"text":"<p><span style=\"font-size:1.5em;color:hsl(0,0%,100%);\"><strong>Ni dandeessa <\/strong><\/span><span style=\"font-size:1.5em;color:hsl(0, 0%, 100%);\"><em><strong>ilmoo<\/strong><\/em><\/span><span style=\"font-size:1.5em;color:hsl(0,0%,100%);\"><strong> koo! Balali\u2019i!<\/strong><\/span><\/p>"},"metadata":{"contentType":"Text","license":"U","title":"Untitled Text"},"subContentId":"c057824a-d906-487c-9702-3e5f221baa9b"},"alwaysDisplayComments":false,"backgroundOpacity":0,"willDoAnimation":false,"animationType":"glow","displayAsButton":false,"buttonSize":"big","goToSlideType":"specified","invisible":false,"solution":""},{"x":47.000553571428576,"y":44.00169312169312,"width":40,"height":40,"action":{"library":"H5P.CRAudio 1.4","params":{"fitToWrapper":true,"currIndex":3,"playerMode":"minimalistic","controls":true,"autoplay":true,"playAudio":"Play audio","pauseAudio":"Pause audio","contentName":"Audio","glowColor":"#ffd85a","timeStampForEachText":[{"text":" Ni ","startDuration":"0.0000","endDuration":"0.3158","wordfile":[{"path":"audios\/wordfile-670cbf19da0f5.wav","mime":"audio\/x-wav","copyright":{"license":"U"}}]},{"text":" dandeessa ","startDuration":"0.3158","endDuration":"0.8278","wordfile":[{"path":"audios\/wordfile-670cbf2c54220.wav","mime":"audio\/x-wav","copyright":{"license":"U"}}]},{"text":" ilmoo ","startDuration":"0.8278","endDuration":"1.1787","wordfile":[{"path":"audios\/wordfile-670cbf460901f.wav","mime":"audio\/x-wav","copyright":{"license":"U"}}]},{"text":" koo! ","startDuration":"1.1787","endDuration":"1.7310","wordfile":[{"path":"audios\/wordfile-670cbf533557b.wav","mime":"audio\/x-wav","copyright":{"license":"U"}}]},{"text":" Balali\u2019i! ","startDuration":"1.7310","endDuration":"2.6116","wordfile":[{"path":"audios\/wordfile-6721e6df0df7e.wav","mime":"audio\/x-wav","copyright":{"license":"U"}}]}],"files":[{"path":"audios\/files-670cbf09651e5.wav","mime":"audio\/x-wav","copyright":{"license":"U"}}]},"subContentId":"09cd3d24-1ad5-4cc0-80f5-e717223fa082","metadata":{"contentType":"Curious Reader Audio","license":"U","title":"Untitled Curious Reader Audio"}},"backgroundOpacity":0,"willDoAnimation":false,"animationType":"glow","displayAsButton":false,"buttonSize":"big","goToSlideType":"specified","invisible":false}],"slideBackgroundSelector":{}},{"slideBackgroundSelector":{},"elements":[{"x":3.289473684210526,"y":6.497894682122992,"width":93.75,"height":88.31168831168831,"action":{"library":"H5P.Image 1.1","params":{"contentName":"Image","file":{"path":"images\/file-67062efcf3123.gif","mime":"image\/gif","copyright":{"license":"U"},"width":1920,"height":1080}},"metadata":{"contentType":"Image","license":"U","title":"Untitled Image"},"subContentId":"9fc5bdaa-e121-4a7f-82cd-96bf23bb15c7"},"backgroundOpacity":0,"willDoAnimation":false,"animationType":"glow","displayAsButton":false,"buttonSize":"big","goToSlideType":"specified","invisible":false},{"x":18.092105263157894,"y":81.11874252742112,"width":77.20674342105262,"height":9.61486978219057,"action":{"library":"H5P.CRAdvancedText 1.1","params":{"text":"<p><span style=\"font-size:1.5em;color:hsl(0,0%,100%);\"><strong>balali\u2019aan jira! Lakki! Kufaa jirta! Jette tiisiisni.<\/strong><\/span><\/p>"},"metadata":{"contentType":"Text","license":"U","title":"Untitled Text"},"subContentId":"c422c274-8452-45bc-9e9a-1bd4bd5c9571"},"alwaysDisplayComments":false,"backgroundOpacity":0,"willDoAnimation":false,"animationType":"glow","displayAsButton":false,"buttonSize":"big","goToSlideType":"specified","invisible":false,"solution":""},{"x":47.000553571428576,"y":44.00169312169312,"width":40,"height":40,"action":{"library":"H5P.CRAudio 1.4","params":{"fitToWrapper":true,"currIndex":4,"playerMode":"minimalistic","controls":true,"autoplay":true,"playAudio":"Play audio","pauseAudio":"Pause audio","contentName":"Audio","glowColor":"#ffd85a","timeStampForEachText":[{"text":" balali\u2019aan ","startDuration":"0.0000","endDuration":"0.6986","wordfile":[{"path":"audios\/wordfile-6740641543f06.wav","mime":"audio\/x-wav","copyright":{"license":"U"}}]},{"text":" jira! ","startDuration":"0.6986","endDuration":"1.4685","wordfile":[{"path":"audios\/wordfile-670cc02f5db9d.wav","mime":"audio\/x-wav","copyright":{"license":"U"}}]},{"text":" Lakki! ","startDuration":"1.4685","endDuration":"2.2779","wordfile":[{"path":"audios\/wordfile-670cc0423e66e.wav","mime":"audio\/x-wav","copyright":{"license":"U"}}]},{"text":" Kufaa ","startDuration":"2.2779","endDuration":"2.8024","wordfile":[{"path":"audios\/wordfile-670cc0569e1f6.wav","mime":"audio\/x-wav","copyright":{"license":"U"}}]},{"text":" jirta! ","startDuration":"2.8024","endDuration":"3.3744","wordfile":[{"path":"audios\/wordfile-670cc06551063.wav","mime":"audio\/x-wav","copyright":{"license":"U"}}]},{"text":" Jette ","startDuration":"3.3744","endDuration":"3.7485","wordfile":[{"path":"audios\/wordfile-670cc07a83380.wav","mime":"audio\/x-wav","copyright":{"license":"U"}}]},{"text":" tiisiisni. ","startDuration":"3.7485","endDuration":"4.3214","wordfile":[{"path":"audios\/wordfile-670cc096c3d33.wav","mime":"audio\/x-wav","copyright":{"license":"U"}}]}],"files":[{"path":"audios\/files-670cc00781fbb.wav","mime":"audio\/x-wav","copyright":{"license":"U"}}]},"subContentId":"4e316929-3931-4d28-94c1-ab1d62f45e97","metadata":{"contentType":"Curious Reader Audio","license":"U","title":"Untitled Curious Reader Audio"}},"backgroundOpacity":0,"willDoAnimation":false,"animationType":"glow","displayAsButton":false,"buttonSize":"big","goToSlideType":"specified","invisible":false},{"x":5.107834907965328,"y":20.18007352273454,"width":23.153815637806836,"height":39.99589671838372,"action":{"library":"H5P.Image 1.1","params":{"contentName":"Image"},"subContentId":"cd3cc1d9-6052-483b-b046-275074937770","metadata":{"contentType":"Image","license":"U","title":"Untitled Image"}},"backgroundOpacity":0,"willDoAnimation":true,"animationType":"glow","displayAsButton":false,"buttonSize":"big","goToSlideType":"specified","invisible":false,"id":"img4e316929-3931-4d28-94c1-ab1d62f45e97_6"}]},{"slideBackgroundSelector":{},"elements":[{"x":3.4965034965034967,"y":3.453360637904777,"width":93.75,"height":90.9090909090909,"action":{"library":"H5P.Image 1.1","params":{"contentName":"Image","file":{"path":"images\/file-67062f1fe7eb8.gif","mime":"image\/gif","copyright":{"license":"U"},"width":1920,"height":1080}},"metadata":{"contentType":"Image","license":"U","title":"Untitled Image"},"subContentId":"36299901-8d6d-4e46-a389-8f99236ae5c2"},"backgroundOpacity":0,"willDoAnimation":false,"animationType":"glow","displayAsButton":false,"buttonSize":"big","goToSlideType":"specified","invisible":false},{"x":13.157894736842104,"y":81.2168607371212,"width":77.30098684210526,"height":9.743463117949785,"action":{"library":"H5P.CRAdvancedText 1.1","params":{"text":"<p><span style=\"font-size:1.5em;color:hsl(0,0%,100%);\"><strong>Balali\u2019aan jira! Lakki! Kufaa jirta! Jette <\/strong><\/span><span style=\"font-size:1.5em;color:hsl(0, 0%, 100%);\"><strong>Lootuun.<\/strong><\/span><\/p><p><br><span style=\"font-size:1.5em;color:hsl(0,0%,100%);\"><strong>.<\/strong><\/span><\/p>"},"metadata":{"contentType":"Text","license":"U","title":"Untitled Text"},"subContentId":"17b8ac81-2e9b-4312-9fbc-b46f1d180195"},"alwaysDisplayComments":false,"backgroundOpacity":0,"willDoAnimation":false,"animationType":"glow","displayAsButton":false,"buttonSize":"big","goToSlideType":"specified","invisible":false,"solution":""},{"x":47.000553571428576,"y":44.00169312169312,"width":40,"height":40,"action":{"library":"H5P.CRAudio 1.4","params":{"fitToWrapper":true,"currIndex":5,"playerMode":"minimalistic","controls":true,"autoplay":true,"playAudio":"Play audio","pauseAudio":"Pause audio","contentName":"Audio","glowColor":"#ffd85a","timeStampForEachText":[{"text":" Balali\u2019aan ","startDuration":"0.0000","endDuration":"0.6715","wordfile":[{"path":"audios\/wordfile-674064348c767.wav","mime":"audio\/x-wav","copyright":{"license":"U"}}]},{"text":" jira! ","startDuration":"0.6725","endDuration":"1.2789","wordfile":[{"path":"audios\/wordfile-670cc2393ae9c.wav","mime":"audio\/x-wav","copyright":{"license":"U"}}]},{"text":" Lakki! ","startDuration":"1.2393","endDuration":"2.0733","wordfile":[{"path":"audios\/wordfile-670cc258f2bee.wav","mime":"audio\/x-wav","copyright":{"license":"U"}}]},{"text":" Kufaa ","startDuration":"2.0743","endDuration":"2.4694","wordfile":[{"path":"audios\/wordfile-670cc27c9beef.wav","mime":"audio\/x-wav","copyright":{"license":"U"}}]},{"text":" jirta! ","startDuration":"2.4704","endDuration":"3.1744","wordfile":[{"path":"audios\/wordfile-670cc29050ee1.wav","mime":"audio\/x-wav","copyright":{"license":"U"}}]},{"text":" Jette ","startDuration":"3.1754","endDuration":"3.5949","wordfile":[{"path":"audios\/wordfile-670cc2e1155c4.wav","mime":"audio\/x-wav","copyright":{"license":"U"}}]},{"text":" Lootuun. ","startDuration":"3.5959","endDuration":"4.2186","wordfile":[{"path":"audios\/wordfile-670cc2f928dfd.wav","mime":"audio\/x-wav","copyright":{"license":"U"}}]}],"files":[{"path":"audios\/files-670cc20b31daf.wav","mime":"audio\/x-wav","copyright":{"license":"U"}}]},"subContentId":"679dbb5e-c391-4c7e-9e20-af4b796134d1","metadata":{"contentType":"Curious Reader Audio","license":"U","title":"Untitled Curious Reader Audio"}},"backgroundOpacity":0,"willDoAnimation":false,"animationType":"glow","displayAsButton":false,"buttonSize":"big","goToSlideType":"specified","invisible":false},{"x":3.5714285714285716,"y":31.746031746031747,"width":22.5,"height":39.998589065255736,"action":{"library":"H5P.Image 1.1","params":{"contentName":"Image"},"subContentId":"ec5e34e1-8c67-4afd-b378-ae10e8c76efe","metadata":{"contentType":"Image","license":"U","title":"Untitled Image"}},"backgroundOpacity":0,"willDoAnimation":true,"animationType":"glow","displayAsButton":false,"buttonSize":"big","goToSlideType":"specified","invisible":false,"id":"img679dbb5e-c391-4c7e-9e20-af4b796134d1_6"}]},{"slideBackgroundSelector":{},"elements":[{"x":3.289473684210526,"y":3.248947341061496,"width":94.28571428571429,"height":93.30985915492958,"action":{"library":"H5P.Image 1.1","params":{"contentName":"Image","file":{"path":"images\/file-67062f3f5308e.gif","mime":"image\/gif","copyright":{"license":"U"},"width":1920,"height":1080}},"metadata":{"contentType":"Image","license":"U","title":"Untitled Image"},"subContentId":"3db86585-e977-4f69-aff6-ca42be87a052"},"backgroundOpacity":0,"willDoAnimation":false,"animationType":"glow","displayAsButton":false,"buttonSize":"big","goToSlideType":"specified","invisible":false},{"x":19.642857142857142,"y":84.65608465608466,"width":75,"height":10.582010582010582,"action":{"library":"H5P.CRAdvancedText 1.1","params":{"text":"<p><span style=\"font-size:1.5em;color:hsl(0, 0%, 100%);\"><strong>Balali\u2019aan jira! Lakki! Kufaa jirta! Jedhe Bofti.<\/strong><\/span><\/p>"},"metadata":{"contentType":"Text","license":"U","title":"Untitled Text"},"subContentId":"85e1ebb5-b82a-4098-8c06-028da223f076"},"alwaysDisplayComments":false,"backgroundOpacity":0,"willDoAnimation":false,"animationType":"glow","displayAsButton":false,"buttonSize":"big","goToSlideType":"specified","invisible":false,"solution":""},{"x":47.000553571428576,"y":44.00169312169312,"width":40,"height":40,"action":{"library":"H5P.CRAudio 1.4","params":{"fitToWrapper":true,"currIndex":6,"playerMode":"minimalistic","controls":true,"autoplay":true,"playAudio":"Play audio","pauseAudio":"Pause audio","contentName":"Audio","glowColor":"#ffd85a","timeStampForEachText":[{"text":" Balali\u2019aan ","startDuration":"0.0000","endDuration":"0.6472","wordfile":[{"path":"audios\/wordfile-67406450a4b71.wav","mime":"audio\/x-wav","copyright":{"license":"U"}}]},{"text":" jira! ","startDuration":"0.6472","endDuration":"1.3650","wordfile":[{"path":"audios\/wordfile-670cc38f88908.wav","mime":"audio\/x-wav","copyright":{"license":"U"}}]},{"text":" Lakki! ","startDuration":"1.3650","endDuration":"2.1769","wordfile":[{"path":"audios\/wordfile-670cc39e6d7b2.wav","mime":"audio\/x-wav","copyright":{"license":"U"}}]},{"text":" Kufaa ","startDuration":"2.1769","endDuration":"2.5966","wordfile":[{"path":"audios\/wordfile-670cc3e502d36.wav","mime":"audio\/x-wav","copyright":{"license":"U"}}]},{"text":" jirta! ","startDuration":"2.5976","endDuration":"3.1192","wordfile":[{"path":"audios\/wordfile-670cc3f8386a3.wav","mime":"audio\/x-wav","copyright":{"license":"U"}}]},{"text":" Jedhe ","startDuration":"3.1202","endDuration":"3.4928","wordfile":[{"path":"audios\/wordfile-670cc40e28b05.wav","mime":"audio\/x-wav","copyright":{"license":"U"}}]},{"text":" Bofti. ","startDuration":"3.4938","endDuration":"4.0714","wordfile":[{"path":"audios\/wordfile-670cc421d20a6.wav","mime":"audio\/x-wav","copyright":{"license":"U"}}]}],"files":[{"path":"audios\/files-670cc3468a904.wav","mime":"audio\/x-wav","copyright":{"license":"U"}}]},"subContentId":"6bea0d29-04d1-4006-9673-2856b1ed1862","metadata":{"contentType":"Curious Reader Audio","license":"U","title":"Untitled Curious Reader Audio"}},"backgroundOpacity":0,"willDoAnimation":false,"animationType":"glow","displayAsButton":false,"buttonSize":"big","goToSlideType":"specified","invisible":false},{"x":5.357142857142858,"y":24.691358024691358,"width":20.714285714285715,"height":62.08112874779542,"action":{"library":"H5P.Image 1.1","params":{"contentName":"Image"},"subContentId":"67e91312-5828-4056-8a01-055356ff56dc","metadata":{"contentType":"Image","license":"U","title":"Untitled Image"}},"backgroundOpacity":0,"willDoAnimation":true,"animationType":"glow","displayAsButton":false,"buttonSize":"big","goToSlideType":"specified","invisible":false,"id":"img6bea0d29-04d1-4006-9673-2856b1ed1862_6"}]},{"slideBackgroundSelector":{},"elements":[{"x":3.289473684210526,"y":6.497894682122992,"width":94.40789473684211,"height":89.6103896103896,"action":{"library":"H5P.Image 1.1","params":{"contentName":"Image","file":{"path":"images\/file-670632353d1e8.png","mime":"image\/png","copyright":{"license":"U"},"width":1278,"height":720}},"metadata":{"contentType":"Image","license":"U","title":"Untitled Image"},"subContentId":"30372e33-9654-40eb-9ff8-931a0998c5ba"},"backgroundOpacity":0,"willDoAnimation":false,"animationType":"glow","displayAsButton":false,"buttonSize":"big","goToSlideType":"specified","invisible":false},{"x":25,"y":81.12874779541447,"width":64.28571428571429,"height":14.109347442680777,"action":{"library":"H5P.CRAdvancedText 1.1","params":{"text":"<p><span style=\"font-size:1.5em;color:hsl(0, 0%, 100%);\"><strong>Maaloo! Balali\u2019aa hin jiru. Kufaan jira!<\/strong><\/span><\/p>"},"metadata":{"contentType":"Text","license":"U","title":"Untitled Text"},"subContentId":"7f6720d7-d6fb-4f40-a4ff-6a428135e6d8"},"alwaysDisplayComments":false,"backgroundOpacity":0,"willDoAnimation":false,"animationType":"glow","displayAsButton":false,"buttonSize":"big","goToSlideType":"specified","invisible":false,"solution":""},{"x":47.000553571428576,"y":44.00169312169312,"width":40,"height":40,"action":{"library":"H5P.CRAudio 1.4","params":{"fitToWrapper":true,"currIndex":7,"playerMode":"minimalistic","controls":true,"autoplay":true,"playAudio":"Play audio","pauseAudio":"Pause audio","contentName":"Audio","glowColor":"#ffd85a","timeStampForEachText":[{"text":" Maaloo! ","startDuration":"0.0000","endDuration":"1.0478","wordfile":[{"path":"audios\/wordfile-670cc6bc4e0a1.wav","mime":"audio\/x-wav","copyright":{"license":"U"}}]},{"text":" Balali\u2019aa ","startDuration":"1.0488","endDuration":"1.6793","wordfile":[{"path":"audios\/wordfile-6745caf923887.wav","mime":"audio\/x-wav","copyright":{"license":"U"}}]},{"text":" hin ","startDuration":"1.6803","endDuration":"1.9200","wordfile":[{"path":"audios\/wordfile-670cc6f8b7979.wav","mime":"audio\/x-wav","copyright":{"license":"U"}}]},{"text":" jiru. ","startDuration":"1.9210","endDuration":"2.5316","wordfile":[{"path":"audios\/wordfile-670cc73cedc1c.wav","mime":"audio\/x-wav","copyright":{"license":"U"}}]},{"text":" Kufaan ","startDuration":"2.5326","endDuration":"3.0108","wordfile":[{"path":"audios\/wordfile-670cc754ad31a.wav","mime":"audio\/x-wav","copyright":{"license":"U"}}]},{"text":" jira! ","startDuration":"3.0118","endDuration":"3.4375","wordfile":[{"path":"audios\/wordfile-670cc768c98f3.wav","mime":"audio\/x-wav","copyright":{"license":"U"}}]}],"files":[{"path":"audios\/files-670cc69c11e24.wav","mime":"audio\/x-wav","copyright":{"license":"U"}}]},"subContentId":"fd914f1b-c021-4185-8ee0-82d68d9a4fa4","metadata":{"contentType":"Curious Reader Audio","license":"U","title":"Untitled Curious Reader Audio"}},"backgroundOpacity":0,"willDoAnimation":false,"animationType":"glow","displayAsButton":false,"buttonSize":"big","goToSlideType":"specified","invisible":false}]},{"slideBackgroundSelector":{},"elements":[{"x":3.289473684210526,"y":6.497894682122992,"width":94.40789473684211,"height":89.6103896103896,"action":{"library":"H5P.Image 1.1","params":{"contentName":"Image","file":{"path":"images\/file-670632851617a.png","mime":"image\/png","copyright":{"license":"U"},"width":1278,"height":720}},"metadata":{"contentType":"Image","license":"U","title":"Untitled Image"},"subContentId":"c90f5d14-ab01-4fa0-a942-d2992b4060fd"},"backgroundOpacity":0,"willDoAnimation":false,"animationType":"glow","displayAsButton":false,"buttonSize":"big","goToSlideType":"specified","invisible":false},{"x":27.68166089965398,"y":85.43970690762943,"width":53.63148788927336,"height":9.608412735300952,"action":{"library":"H5P.CRAdvancedText 1.1","params":{"text":"<p><span style=\"font-size:1.5em;color:hsl(0, 0%, 100%);\"><strong>Harmee koo na gargaari!<\/strong><\/span><\/p>"},"metadata":{"contentType":"Text","license":"U","title":"Untitled Text"},"subContentId":"5728e354-5321-4aad-9c7a-54c657b9b228"},"alwaysDisplayComments":false,"backgroundOpacity":0,"willDoAnimation":false,"animationType":"glow","displayAsButton":false,"buttonSize":"big","goToSlideType":"specified","invisible":false,"solution":""},{"x":47.000673469792,"y":44.00103156958649,"width":40,"height":40,"action":{"library":"H5P.CRAudio 1.4","params":{"fitToWrapper":true,"currIndex":8,"playerMode":"minimalistic","controls":true,"autoplay":true,"playAudio":"Play audio","pauseAudio":"Pause audio","contentName":"Audio","glowColor":"#ffd85a","timeStampForEachText":[{"text":" Harmee ","startDuration":"0.0000","endDuration":"0.6104","wordfile":[{"path":"audios\/wordfile-670cc7d077d5d.wav","mime":"audio\/x-wav","copyright":{"license":"U"}}]},{"text":" koo ","startDuration":"0.6104","endDuration":"0.8104","wordfile":[{"path":"audios\/wordfile-670cc7e1e4ebe.wav","mime":"audio\/x-wav","copyright":{"license":"U"}}]},{"text":" na ","startDuration":"0.7500","endDuration":"0.9048","wordfile":[{"path":"audios\/wordfile-670cc7eff4179.wav","mime":"audio\/x-wav","copyright":{"license":"U"}}]},{"text":" gargaari! ","startDuration":"0.9048","endDuration":"1.6205","wordfile":[{"path":"audios\/wordfile-670cc800323f4.wav","mime":"audio\/x-wav","copyright":{"license":"U"}}]}],"files":[{"path":"audios\/files-670cc7b62b3ec.wav","mime":"audio\/x-wav","copyright":{"license":"U"}}]},"subContentId":"db20a7e8-f8c7-402c-b71e-14c94bfcb499","metadata":{"contentType":"Curious Reader Audio","license":"U","title":"Untitled Curious Reader Audio"}},"backgroundOpacity":0,"willDoAnimation":false,"animationType":"glow","displayAsButton":false,"buttonSize":"big","goToSlideType":"specified","invisible":false}]},{"slideBackgroundSelector":{},"elements":[{"x":5.190311418685121,"y":3.417588276305177,"width":92.10526315789473,"height":89.5910780669145,"action":{"library":"H5P.Image 1.1","params":{"contentName":"Image","file":{"path":"images\/file-670632d8c9eca.jpg","mime":"image\/jpeg","copyright":{"license":"U"},"width":1280,"height":720}},"metadata":{"contentType":"Image","license":"U","title":"Untitled Image"},"subContentId":"49d54935-e42f-4812-9efc-8fed11c6f9e4"},"backgroundOpacity":0,"willDoAnimation":false,"animationType":"glow","displayAsButton":false,"buttonSize":"big","goToSlideType":"specified","invisible":false},{"x":24.67105263157895,"y":81.22368352653741,"width":67.01957236842105,"height":9.743463117949785,"action":{"library":"H5P.CRAdvancedText 1.1","params":{"text":"<p><span style=\"font-size:1.5em;color:hsl(0, 0%, 100%);\"><em><strong>Hinsodaatiin<\/strong><\/em><\/span><span style=\"color:#000000;\"><em><strong>&nbsp;<\/strong><\/em><\/span><span style=\"font-size:1.5em;color:hsl(0,0%,100%);\"><strong> ilmoo koo! Sittan agarsiisa.<\/strong><\/span><\/p>"},"metadata":{"contentType":"Text","license":"U","title":"Untitled Text"},"subContentId":"e6b773f3-081a-4a95-add1-7c9276619b40"},"alwaysDisplayComments":false,"backgroundOpacity":0,"willDoAnimation":false,"animationType":"glow","displayAsButton":false,"buttonSize":"big","goToSlideType":"specified","invisible":false,"solution":""},{"x":47.0002508650519,"y":44.00141488154639,"width":40,"height":40,"action":{"library":"H5P.CRAudio 1.4","params":{"fitToWrapper":true,"currIndex":9,"playerMode":"minimalistic","controls":true,"autoplay":true,"playAudio":"Play audio","pauseAudio":"Pause audio","contentName":"Audio","glowColor":"#ffd85a","timeStampForEachText":[{"text":" Hinsodaatiin\u00a0 ","startDuration":"0.0000","endDuration":"0.8401","wordfile":[{"path":"audios\/wordfile-6721d13563207.wav","mime":"audio\/x-wav","copyright":{"license":"U"}}]},{"text":" ilmoo ","startDuration":"0.8401","endDuration":"1.2586","wordfile":[{"path":"audios\/wordfile-670ccc5abc411.wav","mime":"audio\/x-wav","copyright":{"license":"U"}}]},{"text":" koo! ","startDuration":"1.2596","endDuration":"1.8486","wordfile":[{"path":"audios\/wordfile-670ccc88bd4ee.wav","mime":"audio\/x-wav","copyright":{"license":"U"}}]},{"text":" Sittan ","startDuration":"1.8496","endDuration":"2.3053","wordfile":[{"path":"audios\/wordfile-670ccca7a00d3.wav","mime":"audio\/x-wav","copyright":{"license":"U"}}]},{"text":" agarsiisa. ","startDuration":"2.3063","endDuration":"2.9450","wordfile":[{"path":"audios\/wordfile-670cccb352193.wav","mime":"audio\/x-wav","copyright":{"license":"U"}}]}],"files":[{"path":"audios\/files-670cc8956a5f8.wav","mime":"audio\/x-wav","copyright":{"license":"U"}}]},"subContentId":"4a5df9ee-0804-4e3c-a3aa-8880cfb5bc92","metadata":{"contentType":"Curious Reader Audio","license":"U","title":"Untitled Curious Reader Audio"}},"backgroundOpacity":0,"willDoAnimation":false,"animationType":"glow","displayAsButton":false,"buttonSize":"big","goToSlideType":"specified","invisible":false}]},{"slideBackgroundSelector":{},"elements":[{"x":3.2679738562091503,"y":4.303537077123688,"width":92.10526315789473,"height":89.5910780669145,"action":{"library":"H5P.Image 1.1","params":{"contentName":"Image","file":{"path":"images\/file-670633a701cd2.gif","mime":"image\/gif","copyright":{"license":"U"},"width":1280,"height":720}},"metadata":{"contentType":"Image","license":"U","title":"Untitled Image"},"subContentId":"46df5608-1cce-4513-9308-5da22e15fc1f"},"backgroundOpacity":0,"willDoAnimation":false,"animationType":"glow","displayAsButton":false,"buttonSize":"big","goToSlideType":"specified","invisible":false},{"x":33.67003367003367,"y":79.81164451893531,"width":53.87205387205387,"height":9.619664259015389,"action":{"library":"H5P.CRAdvancedText 1.1","params":{"text":"<p><span style=\"font-size:1.5em;color:hsl(0, 0%, 100%);\"><strong>Baallee kee akkana godhi.<\/strong><\/span><\/p>"},"metadata":{"contentType":"Text","license":"U","title":"Untitled Text"},"subContentId":"14f625a9-239e-4811-9c4d-dbcc34d2be41"},"alwaysDisplayComments":false,"backgroundOpacity":0,"willDoAnimation":false,"animationType":"glow","displayAsButton":false,"buttonSize":"big","goToSlideType":"specified","invisible":false,"solution":""},{"x":47.0002508650519,"y":44.00141488154639,"width":40,"height":40,"action":{"library":"H5P.CRAudio 1.4","params":{"fitToWrapper":true,"currIndex":10,"playerMode":"minimalistic","controls":true,"autoplay":true,"playAudio":"Play audio","pauseAudio":"Pause audio","contentName":"Audio","glowColor":"#ffd85a","timeStampForEachText":[{"text":" Baallee ","startDuration":"0.0000","endDuration":"0.5601","wordfile":[{"path":"audios\/wordfile-670ccd027345c.wav","mime":"audio\/x-wav","copyright":{"license":"U"}}]},{"text":" kee ","startDuration":"0.5611","endDuration":"0.7203","wordfile":[{"path":"audios\/wordfile-670ccd1381fcf.wav","mime":"audio\/x-wav","copyright":{"license":"U"}}]},{"text":" akkana ","startDuration":"0.7213","endDuration":"1.2981","wordfile":[{"path":"audios\/wordfile-6721d1ae3ebcf.wav","mime":"audio\/x-wav","copyright":{"license":"U"}}]},{"text":" godhi. ","startDuration":"1.2981","endDuration":"1.7366","wordfile":[{"path":"audios\/wordfile-670ccd3b468e7.wav","mime":"audio\/x-wav","copyright":{"license":"U"}}]}],"files":[{"path":"audios\/files-670cc8bd9c6b8.wav","mime":"audio\/x-wav","copyright":{"license":"U"}}]},"subContentId":"977e2a9f-ff57-49ee-b7fe-ff90725fc8fa","metadata":{"contentType":"Curious Reader Audio","license":"U","title":"Untitled Curious Reader Audio"}},"backgroundOpacity":0,"willDoAnimation":false,"animationType":"glow","displayAsButton":false,"buttonSize":"big","goToSlideType":"specified","invisible":false},{"x":28.61952861952862,"y":13.301940753155884,"width":24.579124579124578,"height":31.924657807574125,"action":{"library":"H5P.Image 1.1","params":{"contentName":"Image"},"subContentId":"012b4ee8-8f9c-4cdd-8426-a183372b4ce5","metadata":{"contentType":"Image","license":"U","title":"Untitled Image"}},"backgroundOpacity":0,"willDoAnimation":true,"animationType":"glow","displayAsButton":false,"buttonSize":"big","goToSlideType":"specified","invisible":false,"id":"img977e2a9f-ff57-49ee-b7fe-ff90725fc8fa_0"},{"x":70.70707070707071,"y":9.976455564866914,"width":22.895622895622893,"height":35.250142995863094,"action":{"library":"H5P.Image 1.1","params":{"contentName":"Image"},"subContentId":"cd34e1ce-1bbc-4d76-88fb-cbc7294ff1b6","metadata":{"contentType":"Image","license":"U","title":"Untitled Image"}},"backgroundOpacity":0,"willDoAnimation":true,"animationType":"glow","displayAsButton":false,"buttonSize":"big","goToSlideType":"specified","invisible":false,"id":"img977e2a9f-ff57-49ee-b7fe-ff90725fc8fa_0"}]},{"slideBackgroundSelector":{},"elements":[{"x":5.05050505050505,"y":6.650970376577942,"width":92.10526315789473,"height":89.5910780669145,"action":{"library":"H5P.Image 1.1","params":{"contentName":"Image","file":{"path":"images\/file-6706341e0473b.png","mime":"image\/png","copyright":{"license":"U"},"width":1168,"height":656}},"metadata":{"contentType":"Image","license":"U","title":"Untitled Image"},"subContentId":"86f043b8-958e-4b54-9bee-28c38fe400ba"},"backgroundOpacity":0,"willDoAnimation":false,"animationType":"glow","displayAsButton":false,"buttonSize":"big","goToSlideType":"specified","invisible":false},{"x":33.67003367003367,"y":83.13712970722428,"width":50.505050505050505,"height":13.301940753155884,"action":{"library":"H5P.CRAdvancedText 1.1","params":{"text":"<p><span style=\"font-size:1.5em;color:hsl(0, 0%, 100%);\"><strong>Saffisaan sochoosi.<\/strong><\/span><\/p>"},"metadata":{"contentType":"Text","license":"U","title":"Untitled Text"},"subContentId":"adf34075-606a-4795-82eb-256a1809d4ba"},"alwaysDisplayComments":false,"backgroundOpacity":0,"willDoAnimation":false,"animationType":"glow","displayAsButton":false,"buttonSize":"big","goToSlideType":"specified","invisible":false,"solution":""},{"x":47.0002508650519,"y":44.00141488154639,"width":40,"height":40,"action":{"library":"H5P.CRAudio 1.4","params":{"fitToWrapper":true,"currIndex":11,"playerMode":"minimalistic","controls":true,"autoplay":true,"playAudio":"Play audio","pauseAudio":"Pause audio","contentName":"Audio","glowColor":"#ffd85a","timeStampForEachText":[{"text":" Saffisaan ","startDuration":"0.0000","endDuration":"0.8779","wordfile":[{"path":"audios\/wordfile-6721d1d36f196.wav","mime":"audio\/x-wav","copyright":{"license":"U"}}]},{"text":" sochoosi. ","startDuration":"0.8779","endDuration":"1.6027","wordfile":[{"path":"audios\/wordfile-670cce048a42a.wav","mime":"audio\/x-wav","copyright":{"license":"U"}}]}],"files":[{"path":"audios\/files-670cc8cfa669b.wav","mime":"audio\/x-wav","copyright":{"license":"U"}}]},"subContentId":"2e252ef8-a441-4dd7-bc2e-eff9e4afba61","metadata":{"contentType":"Curious Reader Audio","license":"U","title":"Untitled Curious Reader Audio"}},"backgroundOpacity":0,"willDoAnimation":false,"animationType":"glow","displayAsButton":false,"buttonSize":"big","goToSlideType":"specified","invisible":false}]},{"slideBackgroundSelector":{},"elements":[{"x":5.05050505050505,"y":6.650970376577942,"width":92.59259259259258,"height":89.58724077842957,"action":{"library":"H5P.Image 1.1","params":{"contentName":"Image","file":{"path":"images\/file-670634c1a9703.png","mime":"image\/png","copyright":{"license":"U"},"width":1165,"height":659}},"metadata":{"contentType":"Image","license":"U","title":"Untitled Image"},"subContentId":"6e37e760-6cf1-4599-9b10-188e973db087"},"backgroundOpacity":0,"willDoAnimation":false,"animationType":"glow","displayAsButton":false,"buttonSize":"big","goToSlideType":"specified","invisible":false},{"x":36.18421052631579,"y":84.47263086759891,"width":37.5,"height":12.985008818342152,"action":{"library":"H5P.CRAdvancedText 1.1","params":{"text":"<p><span style=\"font-size:1.5em;color:hsl(0, 0%, 100%);\"><strong>Saffisaan sochoosi.<\/strong><\/span><\/p>"},"metadata":{"contentType":"Text","license":"U","title":"Untitled Text"},"subContentId":"b95866f4-2348-4279-81bd-c84854f5183d"},"alwaysDisplayComments":false,"backgroundOpacity":0,"willDoAnimation":false,"animationType":"glow","displayAsButton":false,"buttonSize":"big","goToSlideType":"specified","invisible":false,"solution":""},{"x":47.0002508650519,"y":44.00141488154639,"width":40,"height":40,"action":{"library":"H5P.CRAudio 1.4","params":{"fitToWrapper":true,"currIndex":12,"playerMode":"minimalistic","controls":true,"autoplay":true,"playAudio":"Play audio","pauseAudio":"Pause audio","contentName":"Audio","glowColor":"#ffd85a","timeStampForEachText":[{"text":" Saffisaan ","startDuration":"0.0000","endDuration":"0.9851","wordfile":[{"path":"audios\/wordfile-6721d1eed95e4.wav","mime":"audio\/x-wav","copyright":{"license":"U"}}]},{"text":" sochoosi. ","startDuration":"0.9861","endDuration":"1.6027","wordfile":[{"path":"audios\/wordfile-670cce7f63042.wav","mime":"audio\/x-wav","copyright":{"license":"U"}}]}],"files":[{"path":"audios\/files-670cc8e69e51a.wav","mime":"audio\/x-wav","copyright":{"license":"U"}}]},"subContentId":"551135fa-5497-48f9-a55c-bc51208e0854","metadata":{"contentType":"Curious Reader Audio","license":"U","title":"Untitled Curious Reader Audio"}},"backgroundOpacity":0,"willDoAnimation":false,"animationType":"glow","displayAsButton":false,"buttonSize":"big","goToSlideType":"specified","invisible":false}]},{"slideBackgroundSelector":{},"elements":[{"x":1.644736842105263,"y":3.248947341061496,"width":95.02868068833651,"height":93.9622641509434,"action":{"library":"H5P.Image 1.1","params":{"contentName":"Image","file":{"path":"images\/file-67063503857fd.gif","mime":"image\/gif","copyright":{"license":"U"},"width":1920,"height":1080}},"metadata":{"contentType":"Image","license":"U","title":"Untitled Image"},"subContentId":"c015db14-1e6e-4b42-b99c-76da287123ac"},"backgroundOpacity":0,"willDoAnimation":false,"animationType":"glow","displayAsButton":false,"buttonSize":"big","goToSlideType":"specified","invisible":false},{"x":32.142857142857146,"y":77.60141093474427,"width":53.57142857142858,"height":19.466490299823633,"action":{"library":"H5P.CRAdvancedText 1.1","params":{"text":"<p><span style=\"font-size:1.5em;color:hsl(0, 0%, 100%);\"><strong>Balali\u2019aan jira! Eeyyen! Amma balali\u2019aa jirta! Jedhe Bofti.<\/strong><\/span><\/p>"},"metadata":{"contentType":"Text","license":"U","title":"Untitled Text"},"subContentId":"d23d4f5c-ed05-48d8-be7c-5b9af72a096a"},"alwaysDisplayComments":false,"backgroundOpacity":0,"willDoAnimation":false,"animationType":"glow","displayAsButton":false,"buttonSize":"big","goToSlideType":"specified","invisible":false,"solution":""},{"x":47.0002508650519,"y":44.00141488154639,"width":40,"height":40,"action":{"library":"H5P.CRAudio 1.4","params":{"fitToWrapper":true,"currIndex":13,"playerMode":"minimalistic","controls":true,"autoplay":true,"playAudio":"Play audio","pauseAudio":"Pause audio","contentName":"Audio","glowColor":"#ffd85a","timeStampForEachText":[{"text":" Balali\u2019aan ","startDuration":"0.0000","endDuration":"0.6311","wordfile":[{"path":"audios\/wordfile-67406593a9838.wav","mime":"audio\/x-wav","copyright":{"license":"U"}}]},{"text":" jira! ","startDuration":"0.6321","endDuration":"1.4814","wordfile":[{"path":"audios\/wordfile-670cd02e9ef51.wav","mime":"audio\/x-wav","copyright":{"license":"U"}}]},{"text":" Eeyyen! ","startDuration":"1.4824","endDuration":"2.3889","wordfile":[{"path":"audios\/wordfile-670cd03fe7048.wav","mime":"audio\/x-wav","copyright":{"license":"U"}}]},{"text":" Amma ","startDuration":"2.3899","endDuration":"2.9241","wordfile":[{"path":"audios\/wordfile-670cd059dc8ed.wav","mime":"audio\/x-wav","copyright":{"license":"U"}}]},{"text":" balali\u2019aa ","startDuration":"2.9251","endDuration":"3.6025","wordfile":[{"path":"audios\/wordfile-6745cb1ed8da4.wav","mime":"audio\/x-wav","copyright":{"license":"U"}}]},{"text":" jirta! ","startDuration":"3.5271","endDuration":"3.8417","wordfile":[{"path":"audios\/wordfile-670cd09890ff2.wav","mime":"audio\/x-wav","copyright":{"license":"U"}}]},{"text":" Jedhe ","startDuration":"3.8427","endDuration":"4.3864","wordfile":[{"path":"audios\/wordfile-670cd0c0512c4.wav","mime":"audio\/x-wav","copyright":{"license":"U"}}]},{"text":" Bofti. ","startDuration":"4.3874","endDuration":"4.9554","wordfile":[{"path":"audios\/wordfile-670cd0eae2619.wav","mime":"audio\/x-wav","copyright":{"license":"U"}}]}],"files":[{"path":"audios\/files-670cc8fd5d803.wav","mime":"audio\/x-wav","copyright":{"license":"U"}}]},"subContentId":"3dc5800b-4953-427e-8947-e394344f5645","metadata":{"contentType":"Curious Reader Audio","license":"U","title":"Untitled Curious Reader Audio"}},"backgroundOpacity":0,"willDoAnimation":false,"animationType":"glow","displayAsButton":false,"buttonSize":"big","goToSlideType":"specified","invisible":false},{"x":1.6395970394736843,"y":22.739252482195766,"width":24.011513157894736,"height":70.16361698809587,"action":{"library":"H5P.Image 1.1","params":{"contentName":"Image"},"subContentId":"f21d11b2-4a21-457f-b426-4af7bbfc6476","metadata":{"contentType":"Image","license":"U","title":"Untitled Image"}},"backgroundOpacity":0,"willDoAnimation":true,"animationType":"glow","displayAsButton":false,"buttonSize":"big","goToSlideType":"specified","invisible":false,"id":"img3dc5800b-4953-427e-8947-e394344f5645_7"}]},{"slideBackgroundSelector":{},"elements":[{"x":3.289473684210526,"y":6.497894682122992,"width":93.11663479923517,"height":90.18867924528303,"action":{"library":"H5P.Image 1.1","params":{"contentName":"Image","file":{"path":"images\/file-6706352827bf1.gif","mime":"image\/gif","copyright":{"license":"U"},"width":1920,"height":1080}},"metadata":{"contentType":"Image","license":"U","title":"Untitled Image"},"subContentId":"3d4d3b55-d7ed-4d26-bf52-e2ad936c21f6"},"backgroundOpacity":0,"willDoAnimation":false,"animationType":"glow","displayAsButton":false,"buttonSize":"big","goToSlideType":"specified","invisible":false},{"x":36.18421052631579,"y":77.9747361854759,"width":52.629934210526315,"height":17.517251910381038,"action":{"library":"H5P.CRAdvancedText 1.1","params":{"text":"<p><span style=\"font-size:1.5em;color:hsl(0,0%,100%);\"><strong>Balali\u2019aan jira! Eeyyen! Amma balali\u2019aa jirta! Jette Lootuun.<\/strong><\/span><\/p><p><br><span style=\"font-size:1.5em;color:hsl(0,0%,100%);\"><strong>.<\/strong><\/span><\/p>"},"metadata":{"contentType":"Text","license":"U","title":"Untitled Text"},"subContentId":"2d04ce1f-c7d8-4ca9-8ffb-5ab425c8273a"},"alwaysDisplayComments":false,"backgroundOpacity":0,"willDoAnimation":false,"animationType":"glow","displayAsButton":false,"buttonSize":"big","goToSlideType":"specified","invisible":false,"solution":""},{"x":88.8157894736842,"y":6.497894682122992,"width":40,"height":40,"action":{"library":"H5P.CRAudio 1.4","params":{"fitToWrapper":true,"currIndex":14,"playerMode":"minimalistic","controls":true,"autoplay":true,"playAudio":"Play audio","pauseAudio":"Pause audio","contentName":"Audio","glowColor":"#ffd85a","timeStampForEachText":[{"text":" Balali\u2019aan ","startDuration":"0.0000","endDuration":"0.6388","wordfile":[{"path":"audios\/wordfile-674065b0abd62.wav","mime":"audio\/x-wav","copyright":{"license":"U"}}]},{"text":" jira! ","startDuration":"0.6398","endDuration":"1.4016","wordfile":[{"path":"audios\/wordfile-670cd4430ad23.wav","mime":"audio\/x-wav","copyright":{"license":"U"}}]},{"text":" Eeyyen! ","startDuration":"1.4026","endDuration":"2.3644","wordfile":[{"path":"audios\/wordfile-670cd45650b42.wav","mime":"audio\/x-wav","copyright":{"license":"U"}}]},{"text":" Amma ","startDuration":"2.3654","endDuration":"2.8606","wordfile":[{"path":"audios\/wordfile-670cd46c57df2.wav","mime":"audio\/x-wav","copyright":{"license":"U"}}]},{"text":" balali\u2019aa ","startDuration":"2.8616","endDuration":"3.4060","wordfile":[{"path":"audios\/wordfile-6745cb39baf45.wav","mime":"audio\/x-wav","copyright":{"license":"U"}}]},{"text":" jirta! ","startDuration":"3.4070","endDuration":"3.9234","wordfile":[{"path":"audios\/wordfile-670cd4aca5882.wav","mime":"audio\/x-wav","copyright":{"license":"U"}}]},{"text":" Jette ","startDuration":"3.9244","endDuration":"4.3757","wordfile":[{"path":"audios\/wordfile-670cd4c9090de.wav","mime":"audio\/x-wav","copyright":{"license":"U"}}]},{"text":" Lootuun. ","startDuration":"4.3767","endDuration":"4.9420","wordfile":[{"path":"audios\/wordfile-670cd4dfae217.wav","mime":"audio\/x-wav","copyright":{"license":"U"}}]}],"files":[{"path":"audios\/files-670cc91645986.wav","mime":"audio\/x-wav","copyright":{"license":"U"}}]},"subContentId":"0bc77bbc-4c73-4a51-a1f7-975f6d463ae0","metadata":{"contentType":"Curious Reader Audio","license":"U","title":"Untitled Curious Reader Audio"}},"backgroundOpacity":0,"willDoAnimation":false,"animationType":"glow","displayAsButton":false,"buttonSize":"big","goToSlideType":"specified","invisible":false},{"x":5.244755244755245,"y":44.8936882927621,"width":15.034965034965035,"height":39.997858916404496,"action":{"library":"H5P.Image 1.1","params":{"contentName":"Image"},"subContentId":"d7212c77-a49c-4512-aa84-0ef398af4f7d","metadata":{"contentType":"Image","license":"U","title":"Untitled Image"}},"backgroundOpacity":0,"willDoAnimation":true,"animationType":"glow","displayAsButton":false,"buttonSize":"big","goToSlideType":"specified","invisible":false,"id":"img0bc77bbc-4c73-4a51-a1f7-975f6d463ae0_7"}]},{"slideBackgroundSelector":{},"elements":[{"x":3.289473684210526,"y":6.497894682122992,"width":93.11663479923517,"height":86.79245283018868,"action":{"library":"H5P.Image 1.1","params":{"contentName":"Image","file":{"path":"images\/file-6706358557654.gif","mime":"image\/gif","copyright":{"license":"U"},"width":1920,"height":1080}},"metadata":{"contentType":"Image","license":"U","title":"Untitled Image"},"subContentId":"a8ebc76f-19dc-46ea-bb79-68be137580f6"},"backgroundOpacity":0,"willDoAnimation":false,"animationType":"glow","displayAsButton":false,"buttonSize":"big","goToSlideType":"specified","invisible":false},{"x":34.96503496503497,"y":72.52057339600032,"width":50.6993006993007,"height":21.090674890269465,"action":{"library":"H5P.CRAdvancedText 1.1","params":{"text":"<p><span style=\"font-size:1.5em;color:hsl(0, 0%, 100%);\"><strong>Balali\u2019aan jira! Eeyyen! Amma balali\u2019aa jirta! Jette Tisiisni.<\/strong><\/span><\/p>"},"metadata":{"contentType":"Text","license":"U","title":"Untitled Text"},"subContentId":"148ce004-3f91-43f5-a612-fe6ccf9228b3"},"alwaysDisplayComments":false,"backgroundOpacity":0,"willDoAnimation":false,"animationType":"glow","displayAsButton":false,"buttonSize":"big","goToSlideType":"specified","invisible":false,"solution":""},{"x":47.0002508650519,"y":44.00141488154639,"width":40,"height":40,"action":{"library":"H5P.CRAudio 1.4","params":{"fitToWrapper":true,"currIndex":15,"playerMode":"minimalistic","controls":true,"autoplay":true,"playAudio":"Play audio","pauseAudio":"Pause audio","contentName":"Audio","glowColor":"#ffd85a","timeStampForEachText":[{"text":" Balali\u2019aan ","startDuration":"0.0000","endDuration":"0.6173","wordfile":[{"path":"audios\/wordfile-674065cbe4e1b.wav","mime":"audio\/x-wav","copyright":{"license":"U"}}]},{"text":" jira! ","startDuration":"0.6183","endDuration":"1.4432","wordfile":[{"path":"audios\/wordfile-670cd53d85416.wav","mime":"audio\/x-wav","copyright":{"license":"U"}}]},{"text":" Eeyyen! ","startDuration":"1.4432","endDuration":"2.3508","wordfile":[{"path":"audios\/wordfile-670cd54bc58dc.wav","mime":"audio\/x-wav","copyright":{"license":"U"}}]},{"text":" Amma ","startDuration":"2.3508","endDuration":"2.8449","wordfile":[{"path":"audios\/wordfile-670cd568a05c1.wav","mime":"audio\/x-wav","copyright":{"license":"U"}}]},{"text":" balali\u2019aa ","startDuration":"2.8449","endDuration":"3.3573","wordfile":[{"path":"audios\/wordfile-6745cb57aa7b8.wav","mime":"audio\/x-wav","copyright":{"license":"U"}}]},{"text":" jirta! ","startDuration":"3.3573","endDuration":"3.8605","wordfile":[{"path":"audios\/wordfile-670cd583cccf4.wav","mime":"audio\/x-wav","copyright":{"license":"U"}}]},{"text":" Jette ","startDuration":"3.8605","endDuration":"4.2259","wordfile":[{"path":"audios\/wordfile-670cd595ba171.wav","mime":"audio\/x-wav","copyright":{"license":"U"}}]},{"text":" Tisiisni. ","startDuration":"4.2259","endDuration":"4.8795","wordfile":[{"path":"audios\/wordfile-670cd5a419898.wav","mime":"audio\/x-wav","copyright":{"license":"U"}}]}],"files":[{"path":"audios\/files-670cc92f071df.wav","mime":"audio\/x-wav","copyright":{"license":"U"}}]},"subContentId":"2d26383b-fe81-42bb-b0fa-85f8c7a2da4e","metadata":{"contentType":"Curious Reader Audio","license":"U","title":"Untitled Curious Reader Audio"}},"backgroundOpacity":0,"willDoAnimation":false,"animationType":"glow","displayAsButton":false,"buttonSize":"big","goToSlideType":"specified","invisible":false},{"x":5.244755244755245,"y":27.626885103238216,"width":18.531468531468533,"height":39.997858916404496,"action":{"library":"H5P.Image 1.1","params":{"contentName":"Image"},"subContentId":"ec23352c-0950-425d-a708-bac7e8d80cb6","metadata":{"contentType":"Image","license":"U","title":"Untitled Image"}},"backgroundOpacity":0,"willDoAnimation":true,"animationType":"glow","displayAsButton":false,"buttonSize":"big","goToSlideType":"specified","invisible":false,"id":"img2d26383b-fe81-42bb-b0fa-85f8c7a2da4e_7"}]},{"slideBackgroundSelector":{},"elements":[{"x":3.289473684210526,"y":6.497894682122992,"width":93.11663479923517,"height":86.79245283018868,"action":{"library":"H5P.Image 1.1","params":{"contentName":"Image","file":{"path":"images\/file-670635aea4279.gif","mime":"image\/gif","copyright":{"license":"U"},"width":1920,"height":1080}},"metadata":{"contentType":"Image","license":"U","title":"Untitled Image"},"subContentId":"ae1078c3-3d27-4392-95a6-f0e6ef8bbacc"},"backgroundOpacity":0,"willDoAnimation":false,"animationType":"glow","displayAsButton":false,"buttonSize":"big","goToSlideType":"specified","invisible":false},{"x":16.447368421052634,"y":77.96466444871862,"width":77.30098684210526,"height":14.430751936372616,"action":{"library":"H5P.CRAdvancedText 1.1","params":{"text":"<p><span style=\"font-size:1.5em;color:hsl(0, 0%, 100%);\"><strong>Galatoomi harmee! Amma balali\u2019uu danda\u2019eera!<\/strong><\/span><\/p>"},"metadata":{"contentType":"Text","license":"U","title":"Untitled Text"},"subContentId":"594f4e7f-e5a0-4ad8-a376-7fd55b3ad4c2"},"alwaysDisplayComments":false,"backgroundOpacity":0,"willDoAnimation":false,"animationType":"glow","displayAsButton":false,"buttonSize":"big","goToSlideType":"specified","invisible":false,"solution":""},{"x":47.0002508650519,"y":44.00141488154639,"width":40,"height":40,"action":{"library":"H5P.CRAudio 1.4","params":{"fitToWrapper":true,"currIndex":16,"playerMode":"minimalistic","controls":true,"autoplay":true,"playAudio":"Play audio","pauseAudio":"Pause audio","contentName":"Audio","glowColor":"#ffd85a","timeStampForEachText":[{"text":" Galatoomi ","startDuration":"0.0000","endDuration":"0.7193","wordfile":[{"path":"audios\/wordfile-6721d27681ebb.wav","mime":"audio\/x-wav","copyright":{"license":"U"}}]},{"text":" harmee! ","startDuration":"0.7203","endDuration":"1.3302","wordfile":[{"path":"audios\/wordfile-670cd66769602.wav","mime":"audio\/x-wav","copyright":{"license":"U"}}]},{"text":" Amma ","startDuration":"1.3302","endDuration":"1.8376","wordfile":[{"path":"audios\/wordfile-670cd671c22f0.wav","mime":"audio\/x-wav","copyright":{"license":"U"}}]},{"text":" balali\u2019uu ","startDuration":"1.8376","endDuration":"2.3329","wordfile":[{"path":"audios\/wordfile-670cd67e557ee.wav","mime":"audio\/x-wav","copyright":{"license":"U"}}]},{"text":" danda\u2019eera! ","startDuration":"2.3329","endDuration":"3.2009","wordfile":[{"path":"audios\/wordfile-6721d2e299db4.wav","mime":"audio\/x-wav","copyright":{"license":"U"}}]}],"files":[{"path":"audios\/files-670cc944058dd.wav","mime":"audio\/x-wav","copyright":{"license":"U"}}]},"subContentId":"a871832f-1d37-40c7-8471-f701c80f393e","metadata":{"contentType":"Curious Reader Audio","license":"U","title":"Untitled Curious Reader Audio"}},"backgroundOpacity":0,"willDoAnimation":false,"animationType":"glow","displayAsButton":false,"buttonSize":"big","goToSlideType":"specified","invisible":false}]},{"slideBackgroundSelector":{},"elements":[{"x":4.934210526315789,"y":6.497894682122992,"width":93.11663479923517,"height":86.79245283018868,"action":{"library":"H5P.Image 1.1","params":{"contentName":"Image","file":{"path":"images\/file-670635d14ba6b.gif","mime":"image\/gif","copyright":{"license":"U"},"width":1920,"height":1080}},"metadata":{"contentType":"Image","license":"U","title":"Untitled Image"},"subContentId":"3ddcea49-9970-422f-ad6a-4e60c0e579f2"},"backgroundOpacity":0,"willDoAnimation":false,"animationType":"glow","displayAsButton":false,"buttonSize":"big","goToSlideType":"specified","invisible":false},{"x":9.090909090909092,"y":79.42729467180988,"width":90.9090909090909,"height":13.662358023710775,"action":{"library":"H5P.CRAdvancedText 1.1","params":{"text":"<p><span style=\"font-size:1.5em;color:hsl(0,0%,100%);\"><strong>Nagaan harmee! Amma saffisaan balali\u2019uu nan danda\u2019a!<\/strong><\/span><\/p>"},"metadata":{"contentType":"Text","license":"U","title":"Untitled Text"},"subContentId":"5e8545e5-5aba-4faf-b4aa-e8f25ccd2992"},"alwaysDisplayComments":false,"backgroundOpacity":0,"willDoAnimation":false,"animationType":"glow","displayAsButton":false,"buttonSize":"big","goToSlideType":"specified","invisible":false,"solution":""},{"x":47.0002508650519,"y":44.00141488154639,"width":40,"height":40,"action":{"library":"H5P.CRAudio 1.4","params":{"fitToWrapper":true,"currIndex":17,"playerMode":"minimalistic","controls":true,"autoplay":true,"playAudio":"Play audio","pauseAudio":"Pause audio","contentName":"Audio","glowColor":"#ffd85a","timeStampForEachText":[{"text":" Nagaan ","startDuration":"0.0000","endDuration":"0.5098","wordfile":[{"path":"audios\/wordfile-670cca02c3702.wav","mime":"audio\/x-wav","copyright":{"license":"U"}}]},{"text":" harmee! ","startDuration":"0.5108","endDuration":"1.3735","wordfile":[{"path":"audios\/wordfile-670cca190a58a.wav","mime":"audio\/x-wav","copyright":{"license":"U"}}]},{"text":" Amma ","startDuration":"1.3745","endDuration":"1.7911","wordfile":[{"path":"audios\/wordfile-670cca3011f8c.wav","mime":"audio\/x-wav","copyright":{"license":"U"}}]},{"text":" saffisaan ","startDuration":"1.7911","endDuration":"2.2989","wordfile":[{"path":"audios\/wordfile-670cca4c4828a.wav","mime":"audio\/x-wav","copyright":{"license":"U"}}]},{"text":" balali\u2019uu ","startDuration":"2.2989","endDuration":"2.7249","wordfile":[{"path":"audios\/wordfile-670cca63a1325.wav","mime":"audio\/x-wav","copyright":{"license":"U"}}]},{"text":" nan ","startDuration":"2.6864","endDuration":"3.0457","wordfile":[{"path":"audios\/wordfile-670cca94b2ffa.wav","mime":"audio\/x-wav","copyright":{"license":"U"}}]},{"text":" danda\u2019a! ","startDuration":"3.0457","endDuration":"4.5330","wordfile":[{"path":"audios\/wordfile-670ccac04bb4d.wav","mime":"audio\/x-wav","copyright":{"license":"U"}}]}],"files":[{"path":"audios\/files-6721d2c4b7454.wav","mime":"audio\/x-wav","copyright":{"license":"U"}}]},"subContentId":"573f1e3b-9123-459b-9c9d-b4b3bb0680cf","metadata":{"contentType":"Curious Reader Audio","license":"U","title":"Untitled Curious Reader Audio"}},"backgroundOpacity":0,"willDoAnimation":false,"animationType":"glow","displayAsButton":false,"buttonSize":"big","goToSlideType":"specified","invisible":false}]},{"elements":[{"x":4.934210526315789,"y":6.497894682122992,"width":90.84950657894737,"height":90.96727660238084,"action":{"library":"H5P.Image 1.1","params":{"contentName":"Image","file":{"path":"images\/file-672f14bc56a5e.png","mime":"image\/png","copyright":{"license":"U"},"width":1821,"height":952}},"subContentId":"34b73843-48f7-45a3-901b-5b610db0654e","metadata":{"contentType":"Image","license":"U","title":"Untitled Image"}},"backgroundOpacity":0,"willDoAnimation":false,"animationType":"glow","displayAsButton":false,"buttonSize":"big","goToSlideType":"specified","invisible":false}],"slideBackgroundSelector":{}}],"keywordListEnabled":true,"globalBackgroundSelector":{},"keywordListAlwaysShow":false,"keywordListAutoHide":false,"keywordListOpacity":90},"override":{"activeSurface":false,"hideSummarySlide":false,"summarySlideSolutionButton":true,"summarySlideRetryButton":true,"enablePrintButton":false,"social":{"showFacebookShare":false,"facebookShare":{"url":"@currentpageurl","quote":"I scored @score out of @maxScore on a task at @currentpageurl."},"showTwitterShare":false,"twitterShare":{"statement":"I scored @score out of @maxScore on a task at @currentpageurl.","url":"@currentpageurl","hashtags":"h5p, course"},"showGoogleShare":false,"googleShareUrl":"@currentpageurl"}},"l10n":{"slide":"Slide","score":"Score","yourScore":"Your Score","maxScore":"Max Score","total":"Total","totalScore":"Total Score","showSolutions":"Show solutions","retry":"Retry","exportAnswers":"Export text","hideKeywords":"Hide sidebar navigation menu","showKeywords":"Show sidebar navigation menu","fullscreen":"Fullscreen","exitFullscreen":"Exit fullscreen","prevSlide":"Previous slide","nextSlide":"Next slide","currentSlide":"Current slide","lastSlide":"Last slide","solutionModeTitle":"Exit solution mode","solutionModeText":"Solution Mode","summaryMultipleTaskText":"Multiple tasks","scoreMessage":"You achieved:","shareFacebook":"Share on Facebook","shareTwitter":"Share on Twitter","shareGoogle":"Share on Google+","summary":"Summary","solutionsButtonTitle":"Show comments","printTitle":"Print","printIngress":"How would you like to print this presentation?","printAllSlides":"Print all slides","printCurrentSlide":"Print current slide","noTitle":"No title","accessibilitySlideNavigationExplanation":"Use left and right arrow to change slide in that direction whenever canvas is selected.","accessibilityCanvasLabel":"Presentation canvas. Use left and right arrow to move between slides.","containsNotCompleted":"@slideName contains not completed interaction","containsCompleted":"@slideName contains completed interaction","slideCount":"Slide @index of @total","containsOnlyCorrect":"@slideName only has correct answers","containsIncorrectAnswers":"@slideName has incorrect answers","shareResult":"Share Result","accessibilityTotalScore":"You got @score of @maxScore points in total","accessibilityEnteredFullscreen":"Entered fullscreen","accessibilityExitedFullscreen":"Exited fullscreen"}}