{
  "quizName": "hausa letter sounds",
  "appType": "assessment",
  "assessmentType": "letter-sounds",
  "feedbackText": "Gwanin sha’awa!",
  "contentVersion": "v0.2",
  "buckets": [
    {
      "bucketID": 1,
      "bucketName": "hausalet-b-1",
      "usedItems": [],
      "items": [
        {
          "itemName": "h",
          "itemText": "h"
        },
        {
          "itemName": "S",
          "itemText": "S"
        },
        {
          "itemName": "z",
          "itemText": "z"
        },
        {
          "itemName": "o",
          "itemText": "o"
        },
        {
          "itemName": "k",
          "itemText": "k"
        },
        {
          "itemName": "N",
          "itemText": "N"
        },
        {
          "itemName": "A",
          "itemText": "A"
        },
        {
          "itemName": "K",
          "itemText": "K"
        },
        {
          "itemName": "y",
          "itemText": "y"
        },
        {
          "itemName": "s",
          "itemText": "s"
        }
      ]
    },
    {
      "bucketID": 2,
      "bucketName": "hausalet-b-2",
      "usedItems": [],
      "items": [
        {
          "itemName": "N",
          "itemText": "N"
        },
        {
          "itemName": "A",
          "itemText": "A"
        },
        {
          "itemName": "K",
          "itemText": "K"
        },
        {
          "itemName": "y",
          "itemText": "y"
        },
        {
          "itemName": "s",
          "itemText": "s"
        },
        {
          "itemName": "Y",
          "itemText": "Y"
        },
        {
          "itemName": "Z",
          "itemText": "Z"
        },
        {
          "itemName": "H",
          "itemText": "H"
        },
        {
          "itemName": "m",
          "itemText": "m"
        },
        {
          "itemName": "G",
          "itemText": "G"
        }
      ]
    },
    {
      "bucketID": 3,
      "bucketName": "hausalet-b-3",
      "usedItems": [],
      "items": [
        {
          "itemName": "Z",
          "itemText": "Z"
        },
        {
          "itemName": "H",
          "itemText": "H"
        },
        {
          "itemName": "m",
          "itemText": "m"
        },
        {
          "itemName": "G",
          "itemText": "G"
        },
        {
          "itemName": "D",
          "itemText": "D"
        },
        {
          "itemName": "w",
          "itemText": "w"
        },
        {
          "itemName": "O",
          "itemText": "O"
        },
        {
          "itemName": "U",
          "itemText": "U"
        },
        {
          "itemName": "W",
          "itemText": "W"
        },
        {
          "itemName": "R",
          "itemText": "R"
        }
      ]
    },
    {
      "bucketID": 4,
      "bucketName": "hausalet-b-4",
      "usedItems": [],
      "items": [
        {
          "itemName": "O",
          "itemText": "O"
        },
        {
          "itemName": "U",
          "itemText": "U"
        },
        {
          "itemName": "W",
          "itemText": "W"
        },
        {
          "itemName": "R",
          "itemText": "R"
        },
        {
          "itemName": "B",
          "itemText": "B"
        },
        {
          "itemName": "b",
          "itemText": "b"
        },
        {
          "itemName": "L",
          "itemText": "L"
        },
        {
          "itemName": "g",
          "itemText": "g"
        },
        {
          "itemName": "n",
          "itemText": "n"
        },
        {
          "itemName": "i",
          "itemText": "i"
        }
      ]
    },
    {
      "bucketID": 5,
      "bucketName": "hausalet-b-5",
      "usedItems": [],
      "items": [
        {
          "itemName": "L",
          "itemText": "L"
        },
        {
          "itemName": "g",
          "itemText": "g"
        },
        {
          "itemName": "n",
          "itemText": "n"
        },
        {
          "itemName": "i",
          "itemText": "i"
        },
        {
          "itemName": "M",
          "itemText": "M"
        },
        {
          "itemName": "j",
          "itemText": "j"
        },
        {
          "itemName": "d",
          "itemText": "d"
        },
        {
          "itemName": "t",
          "itemText": "t"
        },
        {
          "itemName": "ɗ",
          "itemText": "ɗ"
        },
        {
          "itemName": "u",
          "itemText": "u"
        }
      ]
    },
    {
      "bucketID": 6,
      "bucketName": "hausalet-b-6",
      "usedItems": [],
      "items": [
        {
          "itemName": "d",
          "itemText": "d"
        },
        {
          "itemName": "t",
          "itemText": "t"
        },
        {
          "itemName": "ɗ",
          "itemText": "ɗ"
        },
        {
          "itemName": "u",
          "itemText": "u"
        },
        {
          "itemName": "T",
          "itemText": "T"
        },
        {
          "itemName": "f",
          "itemText": "f"
        },
        {
          "itemName": "F",
          "itemText": "F"
        },
        {
          "itemName": "ƙ",
          "itemText": "ƙ"
        },
        {
          "itemName": "l",
          "itemText": "l"
        },
        {
          "itemName": "a",
          "itemText": "a"
        }
      ]
    },
    {
      "bucketID": 7,
      "bucketName": "hausalet-b-7",
      "usedItems": [],
      "items": [
        {
          "itemName": "F",
          "itemText": "F"
        },
        {
          "itemName": "ƙ",
          "itemText": "ƙ"
        },
        {
          "itemName": "l",
          "itemText": "l"
        },
        {
          "itemName": "a",
          "itemText": "a"
        },
        {
          "itemName": "r",
          "itemText": "r"
        },
        {
          "itemName": "c",
          "itemText": "c"
        },
        {
          "itemName": "E",
          "itemText": "E"
        },
        {
          "itemName": "kw",
          "itemText": "kw"
        },
        {
          "itemName": "sh",
          "itemText": "sh"
        },
        {
          "itemName": "au",
          "itemText": "au"
        }
      ]
    },
    {
      "bucketID": 8,
      "bucketName": "hausalet-b-8",
      "usedItems": [],
      "items": [
        {
          "itemName": "E",
          "itemText": "E"
        },
        {
          "itemName": "kw",
          "itemText": "kw"
        },
        {
          "itemName": "sh",
          "itemText": "sh"
        },
        {
          "itemName": "au",
          "itemText": "au"
        },
        {
          "itemName": "ai",
          "itemText": "ai"
        },
        {
          "itemName": "ts",
          "itemText": "ts"
        },
        {
          "itemName": "ƙw",
          "itemText": "ƙw"
        },
        {
          "itemName": "gw",
          "itemText": "gw"
        },
        {
          "itemName": "ɓ",
          "itemText": "ɓ"
        },
        {
          "itemName": "e",
          "itemText": "e"
        }
      ]
    }
  ]
}