{"presentation":{"slides":[{"elements":[{"x":15.046296296296296,"y":82.19178082191782,"width":69.44444444444444,"height":15.068493150684931,"action":{"library":"H5P.CRAdvancedText 1.1","params":{"text":"<p style=\"text-align: center;\"><span style=\"font-size:3em;\"><strong>\u0417\u0430\u0433\u0443\u0431\u043b\u0435\u043d\u0430 \u043b\u044f\u043b\u044c\u043a\u0430<\/strong><\/span><\/p>\n"},"metadata":{"contentType":"Text","license":"U","title":"Untitled Text"},"subContentId":"44bfa072-0233-468e-a142-38443c25de7c"},"alwaysDisplayComments":false,"backgroundOpacity":0,"willDoAnimation":false,"animationType":"glow","displayAsButton":false,"buttonSize":"big","goToSlideType":"specified","invisible":false,"solution":""},{"x":24.305555555555554,"y":8.904109589041097,"width":50.925925925925924,"height":71.68949771689498,"action":{"library":"H5P.Image 1.1","params":{"contentName":"Image","file":{"path":"images\/file-61ef2b43e729d.jpeg","mime":"image\/jpeg","copyright":{"license":"U"},"width":1472,"height":1024}},"metadata":{"contentType":"Image","license":"U","title":"Untitled Image"},"subContentId":"078c6964-01f5-4f74-b0ae-a3b1dd1ac394"},"backgroundOpacity":0,"willDoAnimation":false,"animationType":"glow","displayAsButton":false,"buttonSize":"big","goToSlideType":"specified","invisible":false}],"slideBackgroundSelector":{}},{"elements":[{"x":25.05446623093682,"y":8.602150537634408,"width":48.263888888888886,"height":70.77625570776256,"action":{"library":"H5P.Image 1.1","params":{"contentName":"Image","file":{"path":"images\/file-61ef2d37250d0.jpeg","mime":"image\/jpeg","copyright":{"license":"U"},"width":1472,"height":1024}},"metadata":{"contentType":"Image","license":"U","title":"Untitled Image"},"subContentId":"ffe74eb3-7780-4eec-b92c-6a45d91e227f"},"backgroundOpacity":0,"willDoAnimation":false,"animationType":"glow","displayAsButton":false,"buttonSize":"big","goToSlideType":"specified","invisible":false},{"x":9.803921568627452,"y":79.52279569892472,"width":78.43137254901961,"height":18.064516129032256,"action":{"library":"H5P.CRAdvancedText 1.1","params":{"text":"<p style=\"text-align: center;\"><span style=\"font-size:2.25em;\"><span style=\"color:#ffffff;\">\u0426\u0435 \u041e\u043b\u044f, \u0430 \u0446\u0435 \u0457\u0457 \u043b\u044f\u043b\u044c\u043a\u0430.<\/span><\/span><\/p>\n"},"subContentId":"8a91fd59-ef20-4ec2-b3a5-78098c1c20e8","metadata":{"contentType":"Text","license":"U","title":"Untitled Text"}},"alwaysDisplayComments":false,"backgroundOpacity":0,"willDoAnimation":false,"animationType":"glow","displayAsButton":false,"buttonSize":"big","goToSlideType":"specified","invisible":false,"solution":""},{"x":47.00435729847495,"y":43.97849462365591,"width":40,"height":40,"action":{"library":"H5P.CRAudio 1.4","params":{"fitToWrapper":true,"currIndex":1,"playerMode":"minimalistic","controls":true,"autoplay":true,"playAudio":"Play audio","pauseAudio":"Pause audio","contentName":"Audio","glowColor":"#5afeff","timeStampForEachText":[{"text":" \u0426\u0435 ","startDuration":"0.0000","endDuration":"0.4529","wordfile":[{"path":"audios\/wordfile-64c7f2ec7a9bf.mp3","mime":"audio\/mpeg","copyright":{"license":"U"}}]},{"text":" \u041e\u043b\u044f, ","startDuration":"0.4539","endDuration":"0.9732","wordfile":[{"path":"audios\/wordfile-64c7f3024f820.mp3","mime":"audio\/mpeg","copyright":{"license":"U"}}]},{"text":" \u0430 ","startDuration":"0.9742","endDuration":"1.2912","wordfile":[{"path":"audios\/wordfile-64c7f31304b95.mp3","mime":"audio\/mpeg","copyright":{"license":"U"}}]},{"text":" \u0446\u0435 ","startDuration":"1.2922","endDuration":"1.5301","wordfile":[{"path":"audios\/wordfile-64c7f32ab65fc.mp3","mime":"audio\/mpeg","copyright":{"license":"U"}}]},{"text":" \u0457\u0457 ","startDuration":"1.5311","endDuration":"1.8986","wordfile":[{"path":"audios\/wordfile-64c7f346e50e3.mp3","mime":"audio\/mpeg","copyright":{"license":"U"}}]},{"text":" \u043b\u044f\u043b\u044c\u043a\u0430. ","startDuration":"1.8996","endDuration":"2.7571","wordfile":[{"path":"audios\/wordfile-64c7f35995abb.mp3","mime":"audio\/mpeg","copyright":{"license":"U"}}]}],"files":[{"path":"audios\/files-64c7f2dabcb96.mp3","mime":"audio\/mpeg","copyright":{"license":"U"}}]},"subContentId":"42cc6b6f-5527-41da-bd11-4a613a48482f","metadata":{"contentType":"Curious Reader Audio","license":"U","title":"Untitled Curious Reader Audio"}},"backgroundOpacity":0,"willDoAnimation":false,"animationType":"glow","displayAsButton":false,"buttonSize":"big","goToSlideType":"specified","invisible":false},{"x":44.66230936819172,"y":36.46494623655914,"width":5.882352941176471,"height":18.064516129032256,"action":{"library":"H5P.Image 1.1","params":{"contentName":"Image"},"subContentId":"500cb854-de73-4ee2-a95d-aa9408c5cca6","metadata":{"contentType":"Image","license":"U","title":"Untitled Image"}},"backgroundOpacity":0,"willDoAnimation":true,"animationType":"glow","displayAsButton":false,"buttonSize":"big","goToSlideType":"specified","invisible":false,"id":"img42cc6b6f-5527-41da-bd11-4a613a48482f_5"},{"x":45.751633986928105,"y":25.789677419354838,"width":8.061002178649238,"height":13.763440860215052,"action":{"library":"H5P.Image 1.1","params":{"contentName":"Image"},"subContentId":"988b27c2-b7a3-4553-b584-3c2ed0b01ea1","metadata":{"contentType":"Image","license":"U","title":"Untitled Image"}},"backgroundOpacity":0,"willDoAnimation":true,"animationType":"glow","displayAsButton":false,"buttonSize":"big","goToSlideType":"specified","invisible":false,"id":"img42cc6b6f-5527-41da-bd11-4a613a48482f_1"}],"slideBackgroundSelector":{}},{"elements":[{"x":2.178649237472767,"y":82.04967741935484,"width":94.77124183006536,"height":15.913978494623654,"action":{"library":"H5P.CRAdvancedText 1.1","params":{"text":"<p style=\"text-align: center;\"><span style=\"color:#ffffff;\"><span style=\"font-size:2.25em;\">\u041e\u043b\u044f \u043b\u044e\u0431\u0438\u0442\u044c \u0441\u0432\u043e\u044e \u043b\u044f\u043b\u044c\u043a\u0443. <\/span><\/span><\/p>\n"},"metadata":{"contentType":"Text","license":"U","title":"Untitled Text"},"subContentId":"c394fb3e-dc2f-4ba6-ba4a-6ae36b52a4e8"},"alwaysDisplayComments":false,"backgroundOpacity":0,"willDoAnimation":false,"animationType":"glow","displayAsButton":false,"buttonSize":"big","goToSlideType":"specified","invisible":false,"solution":""},{"x":26.62037037037037,"y":11.415525114155251,"width":48.72685185185185,"height":70.77625570776256,"action":{"library":"H5P.Image 1.1","params":{"contentName":"Image","file":{"path":"images\/file-61ef2ec0dfac0.jpeg","mime":"image\/jpeg","copyright":{"license":"U"},"width":1472,"height":1024}},"metadata":{"contentType":"Image","license":"U","title":"Untitled Image"},"subContentId":"c53c077a-e9d1-4c15-b584-8b4debd998af"},"backgroundOpacity":0,"willDoAnimation":false,"animationType":"glow","displayAsButton":false,"buttonSize":"big","goToSlideType":"specified","invisible":false},{"x":47.00435729847495,"y":43.97849462365591,"width":40,"height":40,"action":{"library":"H5P.CRAudio 1.4","params":{"fitToWrapper":true,"currIndex":2,"playerMode":"minimalistic","controls":true,"autoplay":true,"playAudio":"Play audio","pauseAudio":"Pause audio","contentName":"Audio","glowColor":"#5afff8","timeStampForEachText":[{"text":" \u041e\u043b\u044f ","startDuration":"0.0000","endDuration":"0.4198","wordfile":[{"path":"audios\/wordfile-64c7f72cee571.mp3","mime":"audio\/mpeg","copyright":{"license":"U"}}]},{"text":" \u043b\u044e\u0431\u0438\u0442\u044c ","startDuration":"0.4208","endDuration":"1.0807","wordfile":[{"path":"audios\/wordfile-64c7f746dcb28.mp3","mime":"audio\/mpeg","copyright":{"license":"U"}}]},{"text":" \u0441\u0432\u043e\u044e ","startDuration":"1.0817","endDuration":"1.5883","wordfile":[{"path":"audios\/wordfile-64c7f75cac29d.mp3","mime":"audio\/mpeg","copyright":{"license":"U"}}]},{"text":" \u043b\u044f\u043b\u044c\u043a\u0443. ","startDuration":"1.5893","endDuration":"2.5211","wordfile":[{"path":"audios\/wordfile-64c7f770c1cae.mp3","mime":"audio\/mpeg","copyright":{"license":"U"}}]}],"files":[{"path":"audios\/files-64c7f7105bc43.mp3","mime":"audio\/mpeg","copyright":{"license":"U"}}]},"subContentId":"ea7b4611-807d-4bfe-9318-aa98755d87a5","metadata":{"contentType":"Curious Reader Audio","license":"U","title":"Untitled Curious Reader Audio"}},"backgroundOpacity":0,"willDoAnimation":false,"animationType":"glow","displayAsButton":false,"buttonSize":"big","goToSlideType":"specified","invisible":false},{"x":45.751633986928105,"y":42.90322580645161,"width":4.793028322440088,"height":20.21505376344086,"action":{"library":"H5P.Image 1.1","params":{"contentName":"Image"},"subContentId":"96c8c6b9-0d16-490e-9ea6-18bce8adb795","metadata":{"contentType":"Image","license":"U","title":"Untitled Image"}},"backgroundOpacity":0,"willDoAnimation":true,"animationType":"glow","displayAsButton":false,"buttonSize":"big","goToSlideType":"specified","invisible":false,"id":"imgea7b4611-807d-4bfe-9318-aa98755d87a5_3"},{"x":45.751633986928105,"y":27.889892473118277,"width":9.15032679738562,"height":17.849462365591396,"action":{"library":"H5P.Image 1.1","params":{"contentName":"Image"},"subContentId":"d384fbe1-51a5-49ae-98ea-be4e9d60b4a5","metadata":{"contentType":"Image","license":"U","title":"Untitled Image"}},"backgroundOpacity":0,"willDoAnimation":true,"animationType":"glow","displayAsButton":false,"buttonSize":"big","goToSlideType":"specified","invisible":false,"id":"imgea7b4611-807d-4bfe-9318-aa98755d87a5_0"}],"slideBackgroundSelector":{}},{"elements":[{"x":0,"y":81.57935483870968,"width":100,"height":15.913978494623654,"action":{"library":"H5P.CRAdvancedText 1.1","params":{"text":"<p dir=\"ltr\" style=\"text-align: center;\"><span style=\"color:#ffffff;\"><span style=\"font-size:2.25em;\">\u041e\u043b\u044f \u043b\u044e\u0431\u0438\u0442\u044c \u0433\u0440\u0430\u0442\u0438\u0441\u044f \u0437\u0456 \u0441\u0432\u043e\u0454\u044e \u043b\u044f\u043b\u044c\u043a\u043e\u044e.<\/span><\/span><\/p>\n"},"metadata":{"contentType":"Text","license":"U","title":"Untitled Text"},"subContentId":"c126f8f7-5de8-4aee-97ab-b12b2503c310"},"alwaysDisplayComments":false,"backgroundOpacity":0,"willDoAnimation":false,"animationType":"glow","displayAsButton":false,"buttonSize":"big","goToSlideType":"specified","invisible":false,"solution":""},{"x":25.462962962962962,"y":11.415525114155251,"width":48.61111111111111,"height":68.94977168949772,"action":{"library":"H5P.Image 1.1","params":{"contentName":"Image","file":{"path":"images\/file-61ef31140c3a9.jpeg","mime":"image\/jpeg","copyright":{"license":"U"},"width":1472,"height":1024}},"metadata":{"contentType":"Image","license":"U","title":"Untitled Image"},"subContentId":"fc224ac3-de9a-4f94-abe8-45dbe766dd43"},"backgroundOpacity":0,"willDoAnimation":false,"animationType":"glow","displayAsButton":false,"buttonSize":"big","goToSlideType":"specified","invisible":false},{"x":47.00435729847495,"y":43.97849462365591,"width":40,"height":40,"action":{"library":"H5P.CRAudio 1.4","params":{"fitToWrapper":true,"currIndex":3,"playerMode":"minimalistic","controls":true,"autoplay":true,"playAudio":"Play audio","pauseAudio":"Pause audio","contentName":"Audio","glowColor":"#5af0ff","timeStampForEachText":[{"text":" \u041e\u043b\u044f ","startDuration":"0.0000","endDuration":"0.5616","wordfile":[{"path":"audios\/wordfile-64c7f7a0d7421.mp3","mime":"audio\/mpeg","copyright":{"license":"U"}}]},{"text":" \u043b\u044e\u0431\u0438\u0442\u044c ","startDuration":"0.5626","endDuration":"1.0485","wordfile":[{"path":"audios\/wordfile-64c7f7bf40298.mp3","mime":"audio\/mpeg","copyright":{"license":"U"}}]},{"text":" \u0433\u0440\u0430\u0442\u0438\u0441\u044f ","startDuration":"1.0495","endDuration":"1.8424","wordfile":[{"path":"audios\/wordfile-64c7f7d93bd36.mp3","mime":"audio\/mpeg","copyright":{"license":"U"}}]},{"text":" \u0437\u0456 ","startDuration":"1.8434","endDuration":"2.2704","wordfile":[{"path":"audios\/wordfile-64c7f7f548cc3.mp3","mime":"audio\/mpeg","copyright":{"license":"U"}}]},{"text":" \u0441\u0432\u043e\u0454\u044e ","startDuration":"2.2714","endDuration":"2.8666","wordfile":[{"path":"audios\/wordfile-64c7f81e572e1.mp3","mime":"audio\/mpeg","copyright":{"license":"U"}}]},{"text":" \u043b\u044f\u043b\u044c\u043a\u043e\u044e. ","startDuration":"2.8676","endDuration":"3.6833","wordfile":[{"path":"audios\/wordfile-64c7f8326cfc6.mp3","mime":"audio\/mpeg","copyright":{"license":"U"}}]}],"files":[{"path":"audios\/files-64c7f7887c050.mp3","mime":"audio\/mpeg","copyright":{"license":"U"}}]},"subContentId":"7c3560e1-f472-4503-9e89-b321cd67e74b","metadata":{"contentType":"Curious Reader Audio","license":"U","title":"Untitled Curious Reader Audio"}},"backgroundOpacity":0,"willDoAnimation":false,"animationType":"glow","displayAsButton":false,"buttonSize":"big","goToSlideType":"specified","invisible":false},{"x":38.12636165577342,"y":51.52215053763442,"width":6.971677559912854,"height":18.279569892473116,"action":{"library":"H5P.Image 1.1","params":{"contentName":"Image"},"subContentId":"a6631cbe-b86e-4e1e-82d5-091916b3a4b4","metadata":{"contentType":"Image","license":"U","title":"Untitled Image"}},"backgroundOpacity":0,"willDoAnimation":true,"animationType":"glow","displayAsButton":false,"buttonSize":"big","goToSlideType":"specified","invisible":false,"id":"img7c3560e1-f472-4503-9e89-b321cd67e74b_5"},{"x":50.108932461873636,"y":21.478494623655912,"width":15.686274509803923,"height":48.387096774193544,"action":{"library":"H5P.Image 1.1","params":{"contentName":"Image"},"subContentId":"6a6933af-aac2-40ee-8d3f-f503c6c14942","metadata":{"contentType":"Image","license":"U","title":"Untitled Image"}},"backgroundOpacity":0,"willDoAnimation":true,"animationType":"glow","displayAsButton":false,"buttonSize":"big","goToSlideType":"specified","invisible":false,"id":"img7c3560e1-f472-4503-9e89-b321cd67e74b_0"}],"slideBackgroundSelector":{}},{"elements":[{"x":5.446623093681917,"y":79.42881720430107,"width":88.23529411764706,"height":18.064516129032256,"action":{"library":"H5P.CRAdvancedText 1.1","params":{"text":"<p style=\"text-align: center;\"><span style=\"color:#ffffff;\"><span style=\"font-size:2.25em;\">\u041e\u043b\u044f \u0437\u0430\u0433\u0443\u0431\u0438\u043b\u0430 \u0441\u0432\u043e\u044e \u043b\u044f\u043b\u044c\u043a\u0443.<\/span><\/span><\/p>\n"},"metadata":{"contentType":"Text","license":"U","title":"Untitled Text"},"subContentId":"119d54b0-367b-4398-9c25-0be377ff03ee"},"alwaysDisplayComments":false,"backgroundOpacity":0,"willDoAnimation":false,"animationType":"glow","displayAsButton":false,"buttonSize":"big","goToSlideType":"specified","invisible":false,"solution":""},{"x":24.305555555555554,"y":9.132420091324201,"width":50.5787037037037,"height":69.63470319634703,"action":{"library":"H5P.Image 1.1","params":{"contentName":"Image","file":{"path":"images\/file-61ef32ab45f04.jpeg","mime":"image\/jpeg","copyright":{"license":"U"},"width":1472,"height":1024}},"metadata":{"contentType":"Image","license":"U","title":"Untitled Image"},"subContentId":"89af7174-47ce-4730-a8f4-1aef48446dd5"},"backgroundOpacity":0,"willDoAnimation":false,"animationType":"glow","displayAsButton":false,"buttonSize":"big","goToSlideType":"specified","invisible":false},{"x":47.00435729847495,"y":43.97849462365591,"width":40,"height":40,"action":{"library":"H5P.CRAudio 1.4","params":{"fitToWrapper":true,"currIndex":4,"playerMode":"minimalistic","controls":true,"autoplay":true,"playAudio":"Play audio","pauseAudio":"Pause audio","contentName":"Audio","glowColor":"#5af7ff","timeStampForEachText":[{"text":" \u041e\u043b\u044f ","startDuration":"0.0000","endDuration":"0.5720","wordfile":[{"path":"audios\/wordfile-64c7f40b8def6.mp3","mime":"audio\/mpeg","copyright":{"license":"U"}}]},{"text":" \u0437\u0430\u0433\u0443\u0431\u0438\u043b\u0430 ","startDuration":"0.5730","endDuration":"1.3841","wordfile":[{"path":"audios\/wordfile-64c7f4290978a.mp3","mime":"audio\/mpeg","copyright":{"license":"U"}}]},{"text":" \u0441\u0432\u043e\u044e ","startDuration":"1.3851","endDuration":"1.8951","wordfile":[{"path":"audios\/wordfile-64c7f44874b8e.mp3","mime":"audio\/mpeg","copyright":{"license":"U"}}]},{"text":" \u043b\u044f\u043b\u044c\u043a\u0443. ","startDuration":"1.8961","endDuration":"2.5861","wordfile":[{"path":"audios\/wordfile-64c7f45ace9cc.mp3","mime":"audio\/mpeg","copyright":{"license":"U"}}]}],"files":[{"path":"audios\/files-64c7f3f4a0f58.mp3","mime":"audio\/mpeg","copyright":{"license":"U"}}]},"subContentId":"d57af36f-6b4d-479a-bbf9-fc60e5eab861","metadata":{"contentType":"Curious Reader Audio","license":"U","title":"Untitled Curious Reader Audio"}},"backgroundOpacity":0,"willDoAnimation":false,"animationType":"glow","displayAsButton":false,"buttonSize":"big","goToSlideType":"specified","invisible":false},{"x":41.394335511982575,"y":29.89913978494624,"width":15.686274509803923,"height":43.87096774193548,"action":{"library":"H5P.Image 1.1","params":{"contentName":"Image"},"subContentId":"3553dce8-9a3f-4039-a775-4ed740316b4b","metadata":{"contentType":"Image","license":"U","title":"Untitled Image"}},"backgroundOpacity":0,"willDoAnimation":true,"animationType":"glow","displayAsButton":false,"buttonSize":"big","goToSlideType":"specified","invisible":false,"id":"imgd57af36f-6b4d-479a-bbf9-fc60e5eab861_0"}],"slideBackgroundSelector":{}},{"elements":[{"x":13.874421296296296,"y":81.9634703196347,"width":70.60185185185185,"height":17.808219178082194,"action":{"library":"H5P.CRAdvancedText 1.1","params":{"text":"<p dir=\"ltr\" style=\"text-align: center;\"><span style=\"color:#ffffff;\"><span style=\"font-size:2.25em;\">\u041e\u043b\u044f \u0448\u0443\u043a\u0430\u0454 \u0441\u0432\u043e\u044e \u043b\u044f\u043b\u044c\u043a\u0443.<\/span><\/span><\/p>\n"},"metadata":{"contentType":"Text","license":"U","title":"Untitled Text"},"subContentId":"c0621062-3c31-47a4-8d80-0f9d7933f615"},"alwaysDisplayComments":false,"backgroundOpacity":0,"willDoAnimation":false,"animationType":"glow","displayAsButton":false,"buttonSize":"big","goToSlideType":"specified","invisible":false,"solution":""},{"x":24.305555555555554,"y":13.698630136986301,"width":50.925925925925924,"height":65.52511415525115,"action":{"library":"H5P.Image 1.1","params":{"contentName":"Image","file":{"path":"images\/file-61ef35cbdad1b.jpeg","mime":"image\/jpeg","copyright":{"license":"U"},"width":1472,"height":1024}},"metadata":{"contentType":"Image","license":"U","title":"Untitled Image"},"subContentId":"328c88bc-1048-46c1-b142-5ef6dd3d2042"},"backgroundOpacity":0,"willDoAnimation":false,"animationType":"glow","displayAsButton":false,"buttonSize":"big","goToSlideType":"specified","invisible":false},{"x":47.00435729847495,"y":43.97849462365591,"width":40,"height":40,"action":{"library":"H5P.CRAudio 1.4","params":{"fitToWrapper":true,"currIndex":5,"playerMode":"minimalistic","controls":true,"autoplay":true,"playAudio":"Play audio","pauseAudio":"Pause audio","contentName":"Audio","glowColor":"#5afff8","timeStampForEachText":[{"text":" \u041e\u043b\u044f ","startDuration":"0.0000","endDuration":"0.5563","wordfile":[{"path":"audios\/wordfile-64c7f8c4525f8.mp3","mime":"audio\/mpeg","copyright":{"license":"U"}}]},{"text":" \u0448\u0443\u043a\u0430\u0454 ","startDuration":"0.5573","endDuration":"1.4300","wordfile":[{"path":"audios\/wordfile-64c7f8e03aec6.mp3","mime":"audio\/mpeg","copyright":{"license":"U"}}]},{"text":" \u0441\u0432\u043e\u044e ","startDuration":"1.4310","endDuration":"1.9873","wordfile":[{"path":"audios\/wordfile-64c7f8fe646b7.mp3","mime":"audio\/mpeg","copyright":{"license":"U"}}]},{"text":" \u043b\u044f\u043b\u044c\u043a\u0443. ","startDuration":"1.9883","endDuration":"2.6906","wordfile":[{"path":"audios\/wordfile-64c7f9113dc2e.mp3","mime":"audio\/mpeg","copyright":{"license":"U"}}]}],"files":[{"path":"audios\/files-64c7f8b383f43.mp3","mime":"audio\/mpeg","copyright":{"license":"U"}}]},"subContentId":"e76bea90-9e43-47a3-87b8-3679e3dd0717","metadata":{"contentType":"Curious Reader Audio","license":"U","title":"Untitled Curious Reader Audio"}},"backgroundOpacity":0,"willDoAnimation":false,"animationType":"glow","displayAsButton":false,"buttonSize":"big","goToSlideType":"specified","invisible":false},{"x":30.010893246187365,"y":45.134408602150536,"width":15.686274509803923,"height":32.90322580645161,"action":{"library":"H5P.Image 1.1","params":{"contentName":"Image"},"subContentId":"4f3ef009-50a7-45c2-9a88-1fc6a88c8b61","metadata":{"contentType":"Image","license":"U","title":"Untitled Image"}},"backgroundOpacity":0,"willDoAnimation":true,"animationType":"glow","displayAsButton":false,"buttonSize":"big","goToSlideType":"specified","invisible":false,"id":"imge76bea90-9e43-47a3-87b8-3679e3dd0717_0"}],"slideBackgroundSelector":{}},{"elements":[{"x":4.62962962962963,"y":38.68623655913978,"width":38.23529411764706,"height":54.83870967741935,"action":{"library":"H5P.CRAdvancedText 1.1","params":{"text":"<p style=\"text-align: center;\"><span style=\"color:#ffffff;\"><span style=\"font-size:2.25em;\">\u0412\u043e\u043d\u0430 \u0448\u0443\u043a\u0430\u0454 \u043f\u0456\u0434 \u0441\u0442\u043e\u043b\u043e\u043c.<\/span><\/span><\/p>\n"},"metadata":{"contentType":"Text","license":"U","title":"Untitled Text"},"subContentId":"7ab1f46e-d823-4f5a-9e54-14bdd85d3f4b"},"alwaysDisplayComments":false,"backgroundOpacity":0,"willDoAnimation":false,"animationType":"glow","displayAsButton":false,"buttonSize":"big","goToSlideType":"specified","invisible":false,"solution":""},{"x":45.11712962962963,"y":18.213470319634705,"width":49.53703703703703,"height":67.12328767123287,"action":{"library":"H5P.Image 1.1","params":{"contentName":"Image","file":{"path":"images\/file-61ef37fb18d59.jpeg","mime":"image\/jpeg","copyright":{"license":"U"},"width":1472,"height":1024}},"metadata":{"contentType":"Image","license":"U","title":"Untitled Image"},"subContentId":"8908e142-4dce-448d-be32-a4b066194ca9"},"backgroundOpacity":0,"willDoAnimation":false,"animationType":"glow","displayAsButton":false,"buttonSize":"big","goToSlideType":"specified","invisible":false},{"x":47.00435729847495,"y":43.97849462365591,"width":40,"height":40,"action":{"library":"H5P.CRAudio 1.4","params":{"fitToWrapper":true,"currIndex":6,"playerMode":"minimalistic","controls":true,"autoplay":true,"playAudio":"Play audio","pauseAudio":"Pause audio","contentName":"Audio","glowColor":"#5afff1","timeStampForEachText":[{"text":" \u0412\u043e\u043d\u0430 ","startDuration":"0.0000","endDuration":"0.6354","wordfile":[{"path":"audios\/wordfile-64c7f93fb795e.mp3","mime":"audio\/mpeg","copyright":{"license":"U"}}]},{"text":" \u0448\u0443\u043a\u0430\u0454 ","startDuration":"0.6364","endDuration":"1.4268","wordfile":[{"path":"audios\/wordfile-64c7f956da8b1.mp3","mime":"audio\/mpeg","copyright":{"license":"U"}}]},{"text":" \u043f\u0456\u0434 ","startDuration":"1.4278","endDuration":"1.8216","wordfile":[{"path":"audios\/wordfile-64c7f978da1ed.mp3","mime":"audio\/mpeg","copyright":{"license":"U"}}]},{"text":" \u0441\u0442\u043e\u043b\u043e\u043c. ","startDuration":"1.8226","endDuration":"2.6122","wordfile":[{"path":"audios\/wordfile-64c7f98e4e0ca.mp3","mime":"audio\/mpeg","copyright":{"license":"U"}}]}],"files":[{"path":"audios\/files-64c7f927ca960.mp3","mime":"audio\/mpeg","copyright":{"license":"U"}}]},"subContentId":"a4c92479-634a-4bff-967b-7504dc13a695","metadata":{"contentType":"Curious Reader Audio","license":"U","title":"Untitled Curious Reader Audio"}},"backgroundOpacity":0,"willDoAnimation":false,"animationType":"glow","displayAsButton":false,"buttonSize":"big","goToSlideType":"specified","invisible":false},{"x":51.19825708061002,"y":49.43204301075269,"width":15.359477124183007,"height":28.817204301075268,"action":{"library":"H5P.Image 1.1","params":{"contentName":"Image"},"subContentId":"592f8706-552f-445d-a487-b640a826853c","metadata":{"contentType":"Image","license":"U","title":"Untitled Image"}},"backgroundOpacity":0,"willDoAnimation":true,"animationType":"glow","displayAsButton":false,"buttonSize":"big","goToSlideType":"specified","invisible":false,"id":"imga4c92479-634a-4bff-967b-7504dc13a695_0"},{"x":65.35773420479303,"y":32.21763440860215,"width":31.263616557734206,"height":40,"action":{"library":"H5P.Image 1.1","params":{"contentName":"Image"},"subContentId":"c0250939-2f55-4cbe-a4c6-bea237f61dff","metadata":{"contentType":"Image","license":"U","title":"Untitled Image"}},"backgroundOpacity":0,"willDoAnimation":true,"animationType":"glow","displayAsButton":false,"buttonSize":"big","goToSlideType":"specified","invisible":false,"id":"imga4c92479-634a-4bff-967b-7504dc13a695_3"}],"slideBackgroundSelector":{}},{"elements":[{"x":3.2679738562091507,"y":38.68623655913978,"width":39.32461873638344,"height":58.064516129032256,"action":{"library":"H5P.CRAdvancedText 1.1","params":{"text":"<p style=\"text-align: center;\"><span style=\"color:#ffffff;\"><span style=\"font-size:2.25em;\">\u0412\u043e\u043d\u0430 \u0448\u0443\u043a\u0430\u0454 \u043f\u0456\u0434 \u0441\u0442\u0456\u043b\u044c\u0446\u0435\u043c.<\/span><\/span><\/p>\n"},"metadata":{"contentType":"Text","license":"U","title":"Untitled Text"},"subContentId":"4551d1b8-971a-4066-8625-23b7ce65886b"},"alwaysDisplayComments":false,"backgroundOpacity":0,"willDoAnimation":false,"animationType":"glow","displayAsButton":false,"buttonSize":"big","goToSlideType":"specified","invisible":false,"solution":""},{"x":45.138888888888886,"y":18.264840182648403,"width":48.84259259259259,"height":68.4931506849315,"action":{"library":"H5P.Image 1.1","params":{"contentName":"Image","file":{"path":"images\/file-61ef3e474be2b.jpeg","mime":"image\/jpeg","copyright":{"license":"U"},"width":1472,"height":1024}},"metadata":{"contentType":"Image","license":"U","title":"Untitled Image"},"subContentId":"d9e8349c-052c-4124-8dc8-4c76a25024ac"},"backgroundOpacity":0,"willDoAnimation":false,"animationType":"glow","displayAsButton":false,"buttonSize":"big","goToSlideType":"specified","invisible":false},{"x":47.00435729847495,"y":43.97849462365591,"width":40,"height":40,"action":{"library":"H5P.CRAudio 1.4","params":{"fitToWrapper":true,"currIndex":7,"playerMode":"minimalistic","controls":true,"autoplay":true,"playAudio":"Play audio","pauseAudio":"Pause audio","contentName":"Audio","glowColor":"#5af0ff","timeStampForEachText":[{"text":" \u0412\u043e\u043d\u0430 ","startDuration":"0.0000","endDuration":"0.5414","wordfile":[{"path":"audios\/wordfile-64c7f9bf98773.mp3","mime":"audio\/mpeg","copyright":{"license":"U"}}]},{"text":" \u0448\u0443\u043a\u0430\u0454 ","startDuration":"0.5424","endDuration":"1.3575","wordfile":[{"path":"audios\/wordfile-64c7f9d7c157a.mp3","mime":"audio\/mpeg","copyright":{"license":"U"}}]},{"text":" \u043f\u0456\u0434 ","startDuration":"1.3585","endDuration":"1.8419","wordfile":[{"path":"audios\/wordfile-64c7f9ed3d75b.mp3","mime":"audio\/mpeg","copyright":{"license":"U"}}]},{"text":" \u0441\u0442\u0456\u043b\u044c\u0446\u0435\u043c. ","startDuration":"1.8429","endDuration":"2.8062","wordfile":[{"path":"audios\/wordfile-64c7fa02243a9.mp3","mime":"audio\/mpeg","copyright":{"license":"U"}}]}],"files":[{"path":"audios\/files-64c7f9a7141db.mp3","mime":"audio\/mpeg","copyright":{"license":"U"}}]},"subContentId":"f37bea5a-1bfe-4f8f-a939-65d8b57b0437","metadata":{"contentType":"Curious Reader Audio","license":"U","title":"Untitled Curious Reader Audio"}},"backgroundOpacity":0,"willDoAnimation":false,"animationType":"glow","displayAsButton":false,"buttonSize":"big","goToSlideType":"specified","invisible":false},{"x":53.37690631808278,"y":47.251397849462364,"width":16.666666666666668,"height":30.75268817204301,"action":{"library":"H5P.Image 1.1","params":{"contentName":"Image"},"subContentId":"477ea8dc-796b-44bb-87c2-0356c4805470","metadata":{"contentType":"Image","license":"U","title":"Untitled Image"}},"backgroundOpacity":0,"willDoAnimation":true,"animationType":"glow","displayAsButton":false,"buttonSize":"big","goToSlideType":"specified","invisible":false,"id":"imgf37bea5a-1bfe-4f8f-a939-65d8b57b0437_0"},{"x":67.5363834422658,"y":32.19763440860215,"width":14.596949891067538,"height":40,"action":{"library":"H5P.Image 1.1","params":{"contentName":"Image"},"subContentId":"dcbad1e3-d947-4ca1-aa7e-3fb37b5340e3","metadata":{"contentType":"Image","license":"U","title":"Untitled Image"}},"backgroundOpacity":0,"willDoAnimation":true,"animationType":"glow","displayAsButton":false,"buttonSize":"big","goToSlideType":"specified","invisible":false,"id":"imgf37bea5a-1bfe-4f8f-a939-65d8b57b0437_3"}],"slideBackgroundSelector":{}},{"elements":[{"x":3.4654139433551197,"y":38.68623655913978,"width":38.23529411764706,"height":57.204301075268816,"action":{"library":"H5P.CRAdvancedText 1.1","params":{"text":"<p style=\"text-align: center;\"><span style=\"color:#ffffff;\"><span style=\"font-size:2.25em;\">\u0412\u043e\u043d\u0430 \u0448\u0443\u043a\u0430\u0454 \u0443 \u0441\u043f\u0430\u043b\u044c\u043d\u0456.<\/span><\/span><\/p>\n"},"metadata":{"contentType":"Text","license":"U","title":"Untitled Text"},"subContentId":"762a4d35-8b2c-4d44-8c90-1da59aba9cf4"},"alwaysDisplayComments":false,"backgroundOpacity":0,"willDoAnimation":false,"animationType":"glow","displayAsButton":false,"buttonSize":"big","goToSlideType":"specified","invisible":false,"solution":""},{"x":42.82407407407407,"y":15.981735159817353,"width":50.11574074074074,"height":68.4931506849315,"action":{"library":"H5P.Image 1.1","params":{"contentName":"Image","file":{"path":"images\/file-61ef404802c5b.jpeg","mime":"image\/jpeg","copyright":{"license":"U"},"width":1472,"height":1024}},"metadata":{"contentType":"Image","license":"U","title":"Untitled Image"},"subContentId":"49232e51-b2af-4fb8-9d08-40d9377a0788"},"backgroundOpacity":0,"willDoAnimation":false,"animationType":"glow","displayAsButton":false,"buttonSize":"big","goToSlideType":"specified","invisible":false},{"x":47.00435729847495,"y":43.97849462365591,"width":40,"height":40,"action":{"library":"H5P.CRAudio 1.4","params":{"fitToWrapper":true,"currIndex":8,"playerMode":"minimalistic","controls":true,"autoplay":true,"playAudio":"Play audio","pauseAudio":"Pause audio","contentName":"Audio","glowColor":"#5af0ff","timeStampForEachText":[{"text":" \u0412\u043e\u043d\u0430 ","startDuration":"0.0000","endDuration":"0.6763","wordfile":[{"path":"audios\/wordfile-64c7fa3ed6bbf.mp3","mime":"audio\/mpeg","copyright":{"license":"U"}}]},{"text":" \u0448\u0443\u043a\u0430\u0454 ","startDuration":"0.6773","endDuration":"1.4647","wordfile":[{"path":"audios\/wordfile-64c7fa54c3572.mp3","mime":"audio\/mpeg","copyright":{"license":"U"}}]},{"text":" \u0443 ","startDuration":"1.4657","endDuration":"1.6774","wordfile":[{"path":"audios\/wordfile-64c7fa7252a5e.mp3","mime":"audio\/mpeg","copyright":{"license":"U"}}]},{"text":" \u0441\u043f\u0430\u043b\u044c\u043d\u0456. ","startDuration":"1.6784","endDuration":"2.5600","wordfile":[{"path":"audios\/wordfile-64c7fa842843c.mp3","mime":"audio\/mpeg","copyright":{"license":"U"}}]}],"files":[{"path":"audios\/files-64c7fa1c6518e.mp3","mime":"audio\/mpeg","copyright":{"license":"U"}}]},"subContentId":"f45cf1b8-5c20-4d47-b0a5-1f816fab8495","metadata":{"contentType":"Curious Reader Audio","license":"U","title":"Untitled Curious Reader Audio"}},"backgroundOpacity":0,"willDoAnimation":false,"animationType":"glow","displayAsButton":false,"buttonSize":"big","goToSlideType":"specified","invisible":false},{"x":62.091503267973856,"y":38.63913978494624,"width":10.239651416122005,"height":40,"action":{"library":"H5P.Image 1.1","params":{"contentName":"Image"},"subContentId":"14ed5e8d-2423-4f3b-89e1-77c66ffc1be9","metadata":{"contentType":"Image","license":"U","title":"Untitled Image"}},"backgroundOpacity":0,"willDoAnimation":true,"animationType":"glow","displayAsButton":false,"buttonSize":"big","goToSlideType":"specified","invisible":false,"id":"imgf45cf1b8-5c20-4d47-b0a5-1f816fab8495_0"},{"x":43.57298474945534,"y":27.956989247311824,"width":40,"height":40,"action":{"library":"H5P.Image 1.1","params":{"contentName":"Image"},"subContentId":"0de014d7-db3b-49c4-9809-72dc68cca989","metadata":{"contentType":"Image","license":"U","title":"Untitled Image"}},"backgroundOpacity":0,"willDoAnimation":true,"animationType":"glow","displayAsButton":false,"buttonSize":"big","goToSlideType":"specified","invisible":false,"id":"imgf45cf1b8-5c20-4d47-b0a5-1f816fab8495_3"}],"slideBackgroundSelector":{}},{"elements":[{"x":4.861111111111112,"y":40.836774193548386,"width":40.52287581699346,"height":47.526881720430104,"action":{"library":"H5P.CRAdvancedText 1.1","params":{"text":"<p style=\"text-align: center;\"><span style=\"color:#ffffff;\"><span style=\"font-size:2.25em;\">\u0412\u043e\u043d\u0430 \u0448\u0443\u043a\u0430\u0454 \u0443 \u0441\u0430\u0434\u043a\u0443.<\/span><\/span><\/p>\n"},"metadata":{"contentType":"Text","license":"U","title":"Untitled Text"},"subContentId":"349aec21-3226-4969-902a-447999e122a7"},"alwaysDisplayComments":false,"backgroundOpacity":0,"willDoAnimation":false,"animationType":"glow","displayAsButton":false,"buttonSize":"big","goToSlideType":"specified","invisible":false,"solution":""},{"x":47.4537037037037,"y":18.264840182648403,"width":46.99074074074074,"height":68.4931506849315,"action":{"library":"H5P.Image 1.1","params":{"contentName":"Image","file":{"path":"images\/file-61ef40a401d18.jpeg","mime":"image\/jpeg","copyright":{"license":"U"},"width":1472,"height":1024}},"metadata":{"contentType":"Image","license":"U","title":"Untitled Image"},"subContentId":"9efc9d08-4704-4fb5-b63b-677ccbc8c0f5"},"backgroundOpacity":0,"willDoAnimation":false,"animationType":"glow","displayAsButton":false,"buttonSize":"big","goToSlideType":"specified","invisible":false},{"x":92.5925925925926,"y":2.150537634408602,"width":40,"height":40,"action":{"library":"H5P.CRAudio 1.4","params":{"fitToWrapper":true,"currIndex":9,"playerMode":"minimalistic","controls":true,"autoplay":true,"playAudio":"Play audio","pauseAudio":"Pause audio","contentName":"Audio","glowColor":"#5af7ff","timeStampForEachText":[{"text":" \u0412\u043e\u043d\u0430 ","startDuration":"0.0000","endDuration":"0.6723","wordfile":[{"path":"audios\/wordfile-64c7fab1da008.mp3","mime":"audio\/mpeg","copyright":{"license":"U"}}]},{"text":" \u0448\u0443\u043a\u0430\u0454 ","startDuration":"0.6733","endDuration":"1.4401","wordfile":[{"path":"audios\/wordfile-64c7facbaf8ef.mp3","mime":"audio\/mpeg","copyright":{"license":"U"}}]},{"text":" \u0443 ","startDuration":"1.4411","endDuration":"1.7179","wordfile":[{"path":"audios\/wordfile-64c7faefc2c1e.mp3","mime":"audio\/mpeg","copyright":{"license":"U"}}]},{"text":" \u0441\u0430\u0434\u043a\u0443. ","startDuration":"1.7189","endDuration":"2.5477","wordfile":[{"path":"audios\/wordfile-64c7fb04e839c.mp3","mime":"audio\/mpeg","copyright":{"license":"U"}}]}],"files":[{"path":"audios\/files-64c7fa9dd5ee7.mp3","mime":"audio\/mpeg","copyright":{"license":"U"}}]},"subContentId":"56746b73-fed3-46aa-ae44-1640b09d040d","metadata":{"contentType":"Curious Reader Audio","license":"U","title":"Untitled Curious Reader Audio"}},"backgroundOpacity":0,"willDoAnimation":false,"animationType":"glow","displayAsButton":false,"buttonSize":"big","goToSlideType":"specified","invisible":false},{"x":59.912854030501094,"y":34.388387096774196,"width":10.130718954248366,"height":47.956989247311824,"action":{"library":"H5P.Image 1.1","params":{"contentName":"Image"},"subContentId":"aaec3acb-689f-4439-8c7b-48cace65765a","metadata":{"contentType":"Image","license":"U","title":"Untitled Image"}},"backgroundOpacity":0,"willDoAnimation":true,"animationType":"glow","displayAsButton":false,"buttonSize":"big","goToSlideType":"specified","invisible":false,"id":"img56746b73-fed3-46aa-ae44-1640b09d040d_0"},{"x":71.89542483660131,"y":62.254623655913974,"width":20.915032679738562,"height":26.666666666666664,"action":{"library":"H5P.Image 1.1","params":{"contentName":"Image"},"subContentId":"1cdf4ed5-8633-4317-8ac6-633d2f442cd3","metadata":{"contentType":"Image","license":"U","title":"Untitled Image"}},"backgroundOpacity":0,"willDoAnimation":true,"animationType":"glow","displayAsButton":false,"buttonSize":"big","goToSlideType":"specified","invisible":false,"id":"img56746b73-fed3-46aa-ae44-1640b09d040d_3"},{"x":43.57298474945534,"y":66.5458064516129,"width":16.775599128540307,"height":20.21505376344086,"action":{"library":"H5P.Image 1.1","params":{"contentName":"Image"},"subContentId":"dd107430-4c0e-43ae-a69e-44f465c2d427","metadata":{"contentType":"Image","license":"U","title":"Untitled Image"}},"backgroundOpacity":0,"willDoAnimation":true,"animationType":"glow","displayAsButton":false,"buttonSize":"big","goToSlideType":"specified","invisible":false,"id":"img56746b73-fed3-46aa-ae44-1640b09d040d_3"}],"slideBackgroundSelector":{}},{"elements":[{"x":2.199074074074074,"y":29.680365296803654,"width":42.82407407407407,"height":58.9041095890411,"action":{"library":"H5P.CRAdvancedText 1.1","params":{"text":"<p style=\"text-align: center;\"><span style=\"color:#ffffff;\"><span style=\"font-size:1.75em;\"><strong>&amp;ldquo;&nbsp;\u0414\u0435 \u043c\u043e\u044f \u043b\u044f\u043b\u044c\u043a\u0430?&nbsp;&amp;rdquo;&nbsp; &nbsp;&nbsp;&amp;mdash;&nbsp;\u043f\u0438\u0442\u0430\u0454 \u041e\u043b\u044f \u043a\u0456\u0448\u043a\u0443.<\/strong><\/span><\/span><\/p>\n"},"metadata":{"contentType":"Text","license":"U","title":"Untitled Text"},"subContentId":"229ba25d-b30b-40cb-bfac-8a31bb24d824"},"alwaysDisplayComments":false,"backgroundOpacity":0,"willDoAnimation":false,"animationType":"glow","displayAsButton":false,"buttonSize":"big","goToSlideType":"specified","invisible":false,"solution":""},{"x":45.138888888888886,"y":18.264840182648403,"width":48.61111111111111,"height":69.40639269406392,"action":{"library":"H5P.Image 1.1","params":{"contentName":"Image","file":{"path":"images\/file-61ef411337e88.jpeg","mime":"image\/jpeg","copyright":{"license":"U"},"width":1472,"height":1024}},"metadata":{"contentType":"Image","license":"U","title":"Untitled Image"},"subContentId":"f32b08ee-32fd-43c8-99a7-56cf6b1682cb"},"backgroundOpacity":0,"willDoAnimation":false,"animationType":"glow","displayAsButton":false,"buttonSize":"big","goToSlideType":"specified","invisible":false},{"x":92.5925925925926,"y":2.150537634408602,"width":40,"height":40,"action":{"library":"H5P.CRAudio 1.4","params":{"fitToWrapper":true,"currIndex":10,"playerMode":"minimalistic","controls":true,"autoplay":true,"playAudio":"Play audio","pauseAudio":"Pause audio","contentName":"Audio","glowColor":"#5af7ff","timeStampForEachText":[{"text":" \u201c\u00a0\u0414\u0435 ","startDuration":"0.0000","endDuration":"0.5985","wordfile":[{"path":"audios\/wordfile-64c7fc0a39a0e.mp3","mime":"audio\/mpeg","copyright":{"license":"U"}}]},{"text":" \u043c\u043e\u044f ","startDuration":"0.5995","endDuration":"1.2556","wordfile":[{"path":"audios\/wordfile-64c7fc22d65ef.mp3","mime":"audio\/mpeg","copyright":{"license":"U"}}]},{"text":" \u043b\u044f\u043b\u044c\u043a\u0430?\u00a0\u201d\u00a0 ","startDuration":"1.2566","endDuration":"2.0519","wordfile":[{"path":"audios\/wordfile-64c7fc39595b6.mp3","mime":"audio\/mpeg","copyright":{"license":"U"}}]},{"text":" \u00a0\u00a0\u2014\u00a0\u043f\u0438\u0442\u0430\u0454 ","startDuration":"2.0529","endDuration":"2.9250","wordfile":[{"path":"audios\/wordfile-64c7fc513cb35.mp3","mime":"audio\/mpeg","copyright":{"license":"U"}}]},{"text":" \u041e\u043b\u044f ","startDuration":"2.9260","endDuration":"3.3901","wordfile":[{"path":"audios\/wordfile-64c7fc68f22b8.mp3","mime":"audio\/mpeg","copyright":{"license":"U"}}]},{"text":" \u043a\u0456\u0448\u043a\u0443. ","startDuration":"3.3911","endDuration":"4.1432","wordfile":[{"path":"audios\/wordfile-64c7fc79c8b4a.mp3","mime":"audio\/mpeg","copyright":{"license":"U"}}]}],"files":[{"path":"audios\/files-64c7fb6e5f8c3.mp3","mime":"audio\/mpeg","copyright":{"license":"U"}}]},"subContentId":"c56b2b65-2ed7-4265-b944-132bcfcb7f32","metadata":{"contentType":"Curious Reader Audio","license":"U","title":"Untitled Curious Reader Audio"}},"backgroundOpacity":0,"willDoAnimation":false,"animationType":"glow","displayAsButton":false,"buttonSize":"big","goToSlideType":"specified","invisible":false},{"x":53.37690631808278,"y":51.58258064516129,"width":13.507625272331156,"height":24.731182795698924,"action":{"library":"H5P.Image 1.1","params":{"contentName":"Image"},"subContentId":"c07dde62-1541-42b9-b295-c4f7f7e91c50","metadata":{"contentType":"Image","license":"U","title":"Untitled Image"}},"backgroundOpacity":0,"willDoAnimation":true,"animationType":"glow","displayAsButton":false,"buttonSize":"big","goToSlideType":"specified","invisible":false,"id":"imgc56b2b65-2ed7-4265-b944-132bcfcb7f32_5"},{"x":67.5363834422658,"y":32.17741935483871,"width":18.954248366013072,"height":48.17204301075269,"action":{"library":"H5P.Image 1.1","params":{"contentName":"Image"},"subContentId":"2c0dc1fa-ccb4-4620-8f96-5ae6bdf1418b","metadata":{"contentType":"Image","license":"U","title":"Untitled Image"}},"backgroundOpacity":0,"willDoAnimation":true,"animationType":"glow","displayAsButton":false,"buttonSize":"big","goToSlideType":"specified","invisible":false,"id":"imgc56b2b65-2ed7-4265-b944-132bcfcb7f32_4"}],"slideBackgroundSelector":{}},{"elements":[{"x":25.423958333333335,"y":9.118150684931507,"width":49.65277777777777,"height":69.63470319634703,"action":{"library":"H5P.Image 1.1","params":{"contentName":"Image","file":{"path":"images\/file-61ef41647463b.jpeg","mime":"image\/jpeg","copyright":{"license":"U"},"width":1472,"height":1024}},"metadata":{"contentType":"Image","license":"U","title":"Untitled Image"},"subContentId":"4796a448-f78a-4fda-adbb-2b5c9c452f7d"},"backgroundOpacity":0,"willDoAnimation":false,"animationType":"glow","displayAsButton":false,"buttonSize":"big","goToSlideType":"specified","invisible":false},{"x":7.625272331154684,"y":81.53225806451613,"width":83.87799564270152,"height":18.279569892473116,"action":{"library":"H5P.CRAdvancedText 1.1","params":{"text":"<p style=\"text-align: center;\"><span style=\"color:#ffffff;\"><span style=\"font-size:1.625em;\"><strong>&amp;ldquo;&nbsp;\u041d\u044f\u0432 &amp;ndash;&nbsp;\u043d\u044f\u0432 &amp;rdquo;&nbsp;,&nbsp;&nbsp;&amp;mdash; \u043a\u0430\u0436\u0435 \u043a\u0456\u0448\u043a\u0430.<\/strong><\/span><\/span><\/p>\n"},"subContentId":"e72e0b91-ac97-4a08-89da-c13cd842647c","metadata":{"contentType":"Text","license":"U","title":"Untitled Text"}},"alwaysDisplayComments":false,"backgroundOpacity":0,"willDoAnimation":false,"animationType":"glow","displayAsButton":false,"buttonSize":"big","goToSlideType":"specified","invisible":false,"solution":""},{"x":92.5925925925926,"y":2.150537634408602,"width":40,"height":40,"action":{"library":"H5P.CRAudio 1.4","params":{"fitToWrapper":true,"currIndex":11,"playerMode":"minimalistic","controls":true,"autoplay":true,"playAudio":"Play audio","pauseAudio":"Pause audio","contentName":"Audio","glowColor":"#5afeff","timeStampForEachText":[{"text":" \u201c\u00a0\u041d\u044f\u0432 ","startDuration":"0.0000","endDuration":"0.8603","wordfile":[{"path":"audios\/wordfile-64c804362a021.mp3","mime":"audio\/mpeg","copyright":{"license":"U"}}]},{"text":" \u2013\u00a0\u043d\u044f\u0432 \u201d\u00a0,\u00a0\u00a0\u2014 ","startDuration":"0.8613","endDuration":"1.7216","wordfile":[{"path":"audios\/wordfile-64c804428df88.mp3","mime":"audio\/mpeg","copyright":{"license":"U"}}]},{"text":" \u043a\u0430\u0436\u0435 ","startDuration":"1.7226","endDuration":"2.3700","wordfile":[{"path":"audios\/wordfile-64c8045b65d1d.mp3","mime":"audio\/mpeg","copyright":{"license":"U"}}]},{"text":" \u043a\u0456\u0448\u043a\u0430. ","startDuration":"2.3710","endDuration":"3.1608","wordfile":[{"path":"audios\/wordfile-64c8046ca6c50.mp3","mime":"audio\/mpeg","copyright":{"license":"U"}}]}],"files":[{"path":"audios\/files-64c804277822e.mp3","mime":"audio\/mpeg","copyright":{"license":"U"}}]},"subContentId":"131a2938-58aa-4723-b04d-3367dc53a9cd","metadata":{"contentType":"Curious Reader Audio","license":"U","title":"Untitled Curious Reader Audio"}},"backgroundOpacity":0,"willDoAnimation":false,"animationType":"glow","displayAsButton":false,"buttonSize":"big","goToSlideType":"specified","invisible":false},{"x":43.57298474945534,"y":53.72989247311828,"width":10.893246187363834,"height":16.129032258064516,"action":{"library":"H5P.Image 1.1","params":{"contentName":"Image"},"subContentId":"e1a25700-5772-43a5-8797-4173d7016711","metadata":{"contentType":"Image","license":"U","title":"Untitled Image"}},"backgroundOpacity":0,"willDoAnimation":true,"animationType":"glow","displayAsButton":false,"buttonSize":"big","goToSlideType":"specified","invisible":false,"id":"img131a2938-58aa-4723-b04d-3367dc53a9cd_3"}],"slideBackgroundSelector":{}},{"elements":[{"x":1.0416666666666665,"y":82.19178082191782,"width":98.84259259259258,"height":15.981735159817353,"action":{"library":"H5P.CRAdvancedText 1.1","params":{"text":"<p style=\"text-align: center;\"><span style=\"color:#ffffff;\"><span style=\"font-size:1.75em;\">&amp;ldquo;&nbsp;\u0414\u0435 \u043c\u043e\u044f \u043b\u044f\u043b\u044c\u043a\u0430?&nbsp;&amp;rdquo;&nbsp;&nbsp;&amp;mdash; \u043f\u0438\u0442\u0430\u0454 \u041e\u043b\u044f \u043a\u0443\u0440\u043a\u0443.<\/span><\/span><\/p>\n"},"metadata":{"contentType":"Text","license":"U","title":"Untitled Text"},"subContentId":"40213a47-ce8b-4b05-81f4-9f9fd6a40547"},"alwaysDisplayComments":false,"backgroundOpacity":0,"willDoAnimation":false,"animationType":"glow","displayAsButton":false,"buttonSize":"big","goToSlideType":"specified","invisible":false,"solution":""},{"x":23.61111111111111,"y":11.415525114155251,"width":51.388888888888886,"height":69.63470319634703,"action":{"library":"H5P.Image 1.1","params":{"contentName":"Image","file":{"path":"images\/file-61ef4227352f2.jpeg","mime":"image\/jpeg","copyright":{"license":"U"},"width":1472,"height":1024}},"metadata":{"contentType":"Image","license":"U","title":"Untitled Image"},"subContentId":"de10e6aa-09fa-4044-8a41-49f05b0066a0"},"backgroundOpacity":0,"willDoAnimation":false,"animationType":"glow","displayAsButton":false,"buttonSize":"big","goToSlideType":"specified","invisible":false},{"x":92.5925925925926,"y":2.150537634408602,"width":40,"height":40,"action":{"library":"H5P.CRAudio 1.4","params":{"fitToWrapper":true,"currIndex":12,"playerMode":"minimalistic","controls":true,"autoplay":true,"playAudio":"Play audio","pauseAudio":"Pause audio","contentName":"Audio","glowColor":"#5afeff","timeStampForEachText":[{"text":" \u201c\u00a0\u0414\u0435 ","startDuration":"0.0000","endDuration":"0.3991","wordfile":[{"path":"audios\/wordfile-64c7fe1a4d821.mp3","mime":"audio\/mpeg","copyright":{"license":"U"}}]},{"text":" \u043c\u043e\u044f ","startDuration":"0.4001","endDuration":"0.9083","wordfile":[{"path":"audios\/wordfile-64c7fe323ef6e.mp3","mime":"audio\/mpeg","copyright":{"license":"U"}}]},{"text":" \u043b\u044f\u043b\u044c\u043a\u0430?\u00a0\u201d\u00a0\u00a0\u2014 ","startDuration":"0.9093","endDuration":"1.8490","wordfile":[{"path":"audios\/wordfile-64c7fe82ae737.mp3","mime":"audio\/mpeg","copyright":{"license":"U"}}]},{"text":" \u043f\u0438\u0442\u0430\u0454 ","startDuration":"1.8500","endDuration":"2.8276","wordfile":[{"path":"audios\/wordfile-64c7fe9b10b7b.mp3","mime":"audio\/mpeg","copyright":{"license":"U"}}]},{"text":" \u041e\u043b\u044f ","startDuration":"2.8286","endDuration":"3.2989","wordfile":[{"path":"audios\/wordfile-64c7feb1f1e8e.mp3","mime":"audio\/mpeg","copyright":{"license":"U"}}]},{"text":" \u043a\u0443\u0440\u043a\u0443. ","startDuration":"3.2999","endDuration":"4.1535","wordfile":[{"path":"audios\/wordfile-64c7fec92b01c.mp3","mime":"audio\/mpeg","copyright":{"license":"U"}}]}],"files":[{"path":"audios\/files-64c7fdfb44308.mp3","mime":"audio\/mpeg","copyright":{"license":"U"}}]},"subContentId":"67f7284a-0403-4148-a7bb-0aeeb76d8d86","metadata":{"contentType":"Curious Reader Audio","license":"U","title":"Untitled Curious Reader Audio"}},"backgroundOpacity":0,"willDoAnimation":false,"animationType":"glow","displayAsButton":false,"buttonSize":"big","goToSlideType":"specified","invisible":false},{"x":40.305010893246184,"y":29.89913978494624,"width":13.507625272331156,"height":48.17204301075269,"action":{"library":"H5P.Image 1.1","params":{"contentName":"Image"},"subContentId":"3e0f87f3-56c9-435a-91fc-d4a938be1ba8","metadata":{"contentType":"Image","license":"U","title":"Untitled Image"}},"backgroundOpacity":0,"willDoAnimation":true,"animationType":"glow","displayAsButton":false,"buttonSize":"big","goToSlideType":"specified","invisible":false,"id":"img67f7284a-0403-4148-a7bb-0aeeb76d8d86_4"},{"x":30.010893246187365,"y":53.72989247311828,"width":6.971677559912854,"height":16.129032258064516,"action":{"library":"H5P.Image 1.1","params":{"contentName":"Image"},"subContentId":"715a28ce-2361-45a1-a5ef-4fae67814d50","metadata":{"contentType":"Image","license":"U","title":"Untitled Image"}},"backgroundOpacity":0,"willDoAnimation":true,"animationType":"glow","displayAsButton":false,"buttonSize":"big","goToSlideType":"specified","invisible":false,"id":"img67f7284a-0403-4148-a7bb-0aeeb76d8d86_5"}],"slideBackgroundSelector":{}},{"elements":[{"x":15.030936819172114,"y":79.70430107526882,"width":81.69934640522877,"height":17.849462365591396,"action":{"library":"H5P.CRAdvancedText 1.1","params":{"text":"<p style=\"text-align: center;\"><span style=\"color:#ffffff;\"><span style=\"font-size:1.75em;\">&amp;ldquo;&nbsp; \u041a\u0432\u043e&nbsp; &amp;ndash; \u043a\u0432\u043e &amp;rdquo;&nbsp; ,&nbsp; &nbsp;&nbsp;&amp;mdash; \u043a\u0430\u0436\u0435 \u043a\u0443\u0440\u043a\u0430.<\/span><\/span><\/p>\n"},"metadata":{"contentType":"Text","license":"U","title":"Untitled Text"},"subContentId":"c51dcd9e-7edb-4e3f-a732-eb83171f9f84"},"alwaysDisplayComments":false,"backgroundOpacity":0,"willDoAnimation":false,"animationType":"glow","displayAsButton":false,"buttonSize":"big","goToSlideType":"specified","invisible":false,"solution":""},{"x":26.041666666666664,"y":9.817351598173516,"width":46.875,"height":68.4931506849315,"action":{"library":"H5P.Image 1.1","params":{"contentName":"Image","file":{"path":"images\/file-61ef428f3c6ba.jpeg","mime":"image\/jpeg","copyright":{"license":"U"},"width":1472,"height":1024}},"metadata":{"contentType":"Image","license":"U","title":"Untitled Image"},"subContentId":"a552ad47-969f-4430-a0e3-0cecf80ed29d"},"backgroundOpacity":0,"willDoAnimation":false,"animationType":"glow","displayAsButton":false,"buttonSize":"big","goToSlideType":"specified","invisible":false},{"x":47.00435729847495,"y":43.97849462365591,"width":40,"height":40,"action":{"library":"H5P.CRAudio 1.4","params":{"fitToWrapper":true,"currIndex":13,"playerMode":"minimalistic","controls":true,"autoplay":true,"playAudio":"Play audio","pauseAudio":"Pause audio","contentName":"Audio","glowColor":"#5af0ff","timeStampForEachText":[{"text":" \u201c\u00a0 \u041a\u0432\u043e\u00a0 ","startDuration":"0.0000","endDuration":"0.6400","wordfile":[{"path":"audios\/wordfile-64c7ff4217c5e.mp3","mime":"audio\/mpeg","copyright":{"license":"U"}}]},{"text":" \u2013 \u043a\u0432\u043e \u201d\u00a0 ,\u00a0 ","startDuration":"0.6410","endDuration":"1.4123","wordfile":[{"path":"audios\/wordfile-64c7ff54b0f49.mp3","mime":"audio\/mpeg","copyright":{"license":"U"}}]},{"text":" \u00a0\u00a0\u2014 \u043a\u0430\u0436\u0435 ","startDuration":"1.4133","endDuration":"2.2237","wordfile":[{"path":"audios\/wordfile-64c7ff6ae4e3f.mp3","mime":"audio\/mpeg","copyright":{"license":"U"}}]},{"text":" \u043a\u0443\u0440\u043a\u0430. ","startDuration":"2.2247","endDuration":"3.1086","wordfile":[{"path":"audios\/wordfile-64c7ff7ce262a.mp3","mime":"audio\/mpeg","copyright":{"license":"U"}}]}],"files":[{"path":"audios\/files-64c7ff27e1010.mp3","mime":"audio\/mpeg","copyright":{"license":"U"}}]},"subContentId":"7f327bec-f963-4655-91c6-f0da957e4231","metadata":{"contentType":"Curious Reader Audio","license":"U","title":"Untitled Curious Reader Audio"}},"backgroundOpacity":0,"willDoAnimation":false,"animationType":"glow","displayAsButton":false,"buttonSize":"big","goToSlideType":"specified","invisible":false},{"x":54.46623093681917,"y":47.28150537634409,"width":6.209150326797386,"height":11.61290322580645,"action":{"library":"H5P.Image 1.1","params":{"contentName":"Image"},"subContentId":"df3932b0-2a73-4a84-83fa-10d710809034","metadata":{"contentType":"Image","license":"U","title":"Untitled Image"}},"backgroundOpacity":0,"willDoAnimation":true,"animationType":"glow","displayAsButton":false,"buttonSize":"big","goToSlideType":"specified","invisible":false,"id":"img7f327bec-f963-4655-91c6-f0da957e4231_3"}],"slideBackgroundSelector":{}},{"elements":[{"x":0,"y":79.56989247311827,"width":99.53703703703702,"height":17.35159817351598,"action":{"library":"H5P.CRAdvancedText 1.1","params":{"text":"<p dir=\"ltr\" style=\"text-align: center;\"><span style=\"font-size:1.625em;\"><span style=\"color:#ffffff;\"><strong>&amp;ldquo;&nbsp;\u0414\u0435 \u043c\u043e\u044f \u043b\u044f\u043b\u044c\u043a\u0430?&nbsp;&amp;rdquo;&nbsp;&nbsp; &nbsp;&amp;mdash; \u043f\u0438\u0442\u0430\u0454 \u041e\u043b\u044f \u0441\u043e\u0431\u0430\u043a\u0443.<\/strong><\/span><\/span><\/p>\n"},"metadata":{"contentType":"Text","license":"U","title":"Untitled Text"},"subContentId":"3d060cab-0ec0-44ca-bd10-fb49cb8dbbdd"},"alwaysDisplayComments":false,"backgroundOpacity":0,"willDoAnimation":false,"animationType":"glow","displayAsButton":false,"buttonSize":"big","goToSlideType":"specified","invisible":false,"solution":""},{"x":25.462962962962962,"y":9.132420091324201,"width":48.61111111111111,"height":67.8082191780822,"action":{"library":"H5P.Image 1.1","params":{"contentName":"Image","file":{"path":"images\/file-61ef430c0d077.jpeg","mime":"image\/jpeg","copyright":{"license":"U"},"width":1472,"height":1024}},"metadata":{"contentType":"Image","license":"U","title":"Untitled Image"},"subContentId":"42f44229-0dac-467c-b39f-55a14f954207"},"backgroundOpacity":0,"willDoAnimation":false,"animationType":"glow","displayAsButton":false,"buttonSize":"big","goToSlideType":"specified","invisible":false},{"x":47.00435729847495,"y":43.97849462365591,"width":40,"height":40,"action":{"library":"H5P.CRAudio 1.4","params":{"fitToWrapper":true,"currIndex":14,"playerMode":"minimalistic","controls":true,"autoplay":true,"playAudio":"Play audio","pauseAudio":"Pause audio","contentName":"Audio","glowColor":"#5ae9ff","timeStampForEachText":[{"text":" \u201c\u00a0\u0414\u0435 ","startDuration":"0.0000","endDuration":"0.3043","wordfile":[{"path":"audios\/wordfile-64c7ffbb3bcc8.mp3","mime":"audio\/mpeg","copyright":{"license":"U"}}]},{"text":" \u043c\u043e\u044f ","startDuration":"0.3053","endDuration":"0.6760","wordfile":[{"path":"audios\/wordfile-64c7ffe4bef32.mp3","mime":"audio\/mpeg","copyright":{"license":"U"}}]},{"text":" \u043b\u044f\u043b\u044c\u043a\u0430?\u00a0\u201d\u00a0\u00a0 \u00a0\u2014 ","startDuration":"0.6770","endDuration":"1.6309","wordfile":[{"path":"audios\/wordfile-64c8000fb329d.mp3","mime":"audio\/mpeg","copyright":{"license":"U"}}]},{"text":" \u043f\u0438\u0442\u0430\u0454 ","startDuration":"1.6319","endDuration":"2.6664","wordfile":[{"path":"audios\/wordfile-64c8002b29938.mp3","mime":"audio\/mpeg","copyright":{"license":"U"}}]},{"text":" \u041e\u043b\u044f ","startDuration":"2.6674","endDuration":"3.2467","wordfile":[{"path":"audios\/wordfile-64c800415dc5a.mp3","mime":"audio\/mpeg","copyright":{"license":"U"}}]},{"text":" \u0441\u043e\u0431\u0430\u043a\u0443. ","startDuration":"3.2477","endDuration":"4.1535","wordfile":[{"path":"audios\/wordfile-64c80055f2af9.mp3","mime":"audio\/mpeg","copyright":{"license":"U"}}]}],"files":[{"path":"audios\/files-64c7ff9e8d7f4.mp3","mime":"audio\/mpeg","copyright":{"license":"U"}}]},"subContentId":"bd03d50e-0f8d-499c-b25f-31dc821ead4f","metadata":{"contentType":"Curious Reader Audio","license":"U","title":"Untitled Curious Reader Audio"}},"backgroundOpacity":0,"willDoAnimation":false,"animationType":"glow","displayAsButton":false,"buttonSize":"big","goToSlideType":"specified","invisible":false},{"x":33.769063180827885,"y":40.86021505376344,"width":18.51851851851852,"height":29.032258064516128,"action":{"library":"H5P.Image 1.1","params":{"contentName":"Image"},"subContentId":"317eaec0-7b27-4c21-861a-6f53989a8015","metadata":{"contentType":"Image","license":"U","title":"Untitled Image"}},"backgroundOpacity":0,"willDoAnimation":true,"animationType":"glow","displayAsButton":false,"buttonSize":"big","goToSlideType":"specified","invisible":false,"id":"imgbd03d50e-0f8d-499c-b25f-31dc821ead4f_5"},{"x":47.930283224400874,"y":25.77290322580645,"width":11.328976034858389,"height":48.17204301075269,"action":{"library":"H5P.Image 1.1","params":{"contentName":"Image"},"subContentId":"5257daca-d665-4ae4-9f6d-040da00185ca","metadata":{"contentType":"Image","license":"U","title":"Untitled Image"}},"backgroundOpacity":0,"willDoAnimation":true,"animationType":"glow","displayAsButton":false,"buttonSize":"big","goToSlideType":"specified","invisible":false,"id":"imgbd03d50e-0f8d-499c-b25f-31dc821ead4f_4"}],"slideBackgroundSelector":{}},{"elements":[{"x":2.7777777777777777,"y":30.08731182795699,"width":42.81045751633987,"height":58.924731182795696,"action":{"library":"H5P.CRAdvancedText 1.1","params":{"text":"<p style=\"text-align: center;\"><span style=\"color:#ffffff;\"><span style=\"font-size:1.625em;\"><strong>&amp;ldquo;&nbsp; \u0413\u0430\u0432&nbsp; &amp;ndash; \u0433\u0430\u0432&nbsp; &amp;ndash; \u0433\u0430\u0432 &amp;rdquo;&nbsp; ,&nbsp; &nbsp;&nbsp;&amp;mdash; \u043a\u0430\u0436\u0435 \u0441\u043e\u0431\u0430\u043a\u0430. \u0421\u043e\u0431\u0430\u043a\u0430 \u0437\u043d\u0430\u0439\u0448\u043e\u0432 \u043b\u044f\u043b\u044c\u043a\u0443.<\/strong><\/span><\/span><\/p>\n"},"metadata":{"contentType":"Text","license":"U","title":"Untitled Text"},"subContentId":"b511544d-a0ee-4774-9583-6fd785fe3f4e"},"alwaysDisplayComments":false,"backgroundOpacity":0,"willDoAnimation":false,"animationType":"glow","displayAsButton":false,"buttonSize":"big","goToSlideType":"specified","invisible":false,"solution":""},{"x":46.29629629629629,"y":18.264840182648403,"width":48.61111111111111,"height":68.94977168949772,"action":{"library":"H5P.Image 1.1","params":{"contentName":"Image","file":{"path":"images\/file-61ef4ba5e2239.jpeg","mime":"image\/jpeg","copyright":{"license":"U"},"width":1472,"height":1024}},"metadata":{"contentType":"Image","license":"U","title":"Untitled Image"},"subContentId":"b63dec76-841b-495d-9c50-72b9a12cd00c"},"backgroundOpacity":0,"willDoAnimation":false,"animationType":"glow","displayAsButton":false,"buttonSize":"big","goToSlideType":"specified","invisible":false},{"x":47.00435729847495,"y":43.97849462365591,"width":40,"height":40,"action":{"library":"H5P.CRAudio 1.4","params":{"fitToWrapper":true,"currIndex":15,"playerMode":"minimalistic","controls":true,"autoplay":true,"playAudio":"Play audio","pauseAudio":"Pause audio","contentName":"Audio","glowColor":"#5afff1","timeStampForEachText":[{"text":" \u201c\u00a0 \u0413\u0430\u0432\u00a0 ","startDuration":"0.0000","endDuration":"0.5306","wordfile":[{"path":"audios\/wordfile-64c800c704b2a.mp3","mime":"audio\/mpeg","copyright":{"license":"U"}}]},{"text":" \u2013 \u0433\u0430\u0432\u00a0 ","startDuration":"0.5316","endDuration":"1.0071","wordfile":[{"path":"audios\/wordfile-64c800d3bab78.mp3","mime":"audio\/mpeg","copyright":{"license":"U"}}]},{"text":" \u2013 \u0433\u0430\u0432 \u201d\u00a0 ,\u00a0 ","startDuration":"1.0081","endDuration":"1.7730","wordfile":[{"path":"audios\/wordfile-64c800e18c97f.mp3","mime":"audio\/mpeg","copyright":{"license":"U"}}]},{"text":" \u00a0\u00a0\u2014 \u043a\u0430\u0436\u0435 ","startDuration":"1.7740","endDuration":"2.3804","wordfile":[{"path":"audios\/wordfile-64c80103b114c.mp3","mime":"audio\/mpeg","copyright":{"license":"U"}}]},{"text":" \u0441\u043e\u0431\u0430\u043a\u0430. ","startDuration":"2.3814","endDuration":"3.2358","wordfile":[{"path":"audios\/wordfile-64c8011c89835.mp3","mime":"audio\/mpeg","copyright":{"license":"U"}}]},{"text":" \u0421\u043e\u0431\u0430\u043a\u0430 ","startDuration":"3.2368","endDuration":"4.3874","wordfile":[{"path":"audios\/wordfile-64c8012e829a7.mp3","mime":"audio\/mpeg","copyright":{"license":"U"}}]},{"text":" \u0437\u043d\u0430\u0439\u0448\u043e\u0432 ","startDuration":"4.3884","endDuration":"5.1464","wordfile":[{"path":"audios\/wordfile-64c8015532513.mp3","mime":"audio\/mpeg","copyright":{"license":"U"}}]},{"text":" \u043b\u044f\u043b\u044c\u043a\u0443. ","startDuration":"5.1474","endDuration":"6.0343","wordfile":[{"path":"audios\/wordfile-64c8016676005.mp3","mime":"audio\/mpeg","copyright":{"license":"U"}}]}],"files":[{"path":"audios\/files-64c800afa44bb.mp3","mime":"audio\/mpeg","copyright":{"license":"U"}}]},"subContentId":"5bf90996-16fc-4569-8944-a1a0983c2f97","metadata":{"contentType":"Curious Reader Audio","license":"U","title":"Untitled Curious Reader Audio"}},"backgroundOpacity":0,"willDoAnimation":false,"animationType":"glow","displayAsButton":false,"buttonSize":"big","goToSlideType":"specified","invisible":false},{"x":47.930283224400874,"y":60.17806451612903,"width":20.043572984749456,"height":17.634408602150536,"action":{"library":"H5P.Image 1.1","params":{"contentName":"Image"},"subContentId":"23b9cad1-fb57-41f2-a3a2-c9e575c62497","metadata":{"contentType":"Image","license":"U","title":"Untitled Image"}},"backgroundOpacity":0,"willDoAnimation":true,"animationType":"glow","displayAsButton":false,"buttonSize":"big","goToSlideType":"specified","invisible":false,"id":"img5bf90996-16fc-4569-8944-a1a0983c2f97_4"},{"x":47.930283224400874,"y":58.064516129032256,"width":20.47930283224401,"height":20.21505376344086,"action":{"library":"H5P.Image 1.1","params":{"contentName":"Image"},"subContentId":"eff90565-9c69-4281-97bd-76b7be4ae979","metadata":{"contentType":"Image","license":"U","title":"Untitled Image"}},"backgroundOpacity":0,"willDoAnimation":true,"animationType":"glow","displayAsButton":false,"buttonSize":"big","goToSlideType":"specified","invisible":false,"id":"img5bf90996-16fc-4569-8944-a1a0983c2f97_5"},{"x":75.16339869281046,"y":55.846881720430105,"width":8.387799564270153,"height":18.064516129032256,"action":{"library":"H5P.Image 1.1","params":{"contentName":"Image"},"subContentId":"6b7652c0-34f5-498e-9c41-2851e64a67d5","metadata":{"contentType":"Image","license":"U","title":"Untitled Image"}},"backgroundOpacity":0,"willDoAnimation":true,"animationType":"glow","displayAsButton":false,"buttonSize":"big","goToSlideType":"specified","invisible":false,"id":"img5bf90996-16fc-4569-8944-a1a0983c2f97_7"}],"slideBackgroundSelector":{}},{"elements":[{"x":68.87755102040816,"y":5.037783375314861,"width":25.510204081632654,"height":10.327455919395465,"action":{"library":"H5P.Image 1.1","params":{"contentName":"Image","file":{"path":"images\/file-61fb28cb969ac.jpg","mime":"image\/jpeg","copyright":{"license":"U"},"width":1732,"height":354}},"metadata":{"contentType":"Image","license":"U","title":"Untitled Image"},"subContentId":"3ddcf391-a7ca-490e-afe3-7c9f9649c085"},"backgroundOpacity":0,"willDoAnimation":false,"animationType":"glow","displayAsButton":false,"buttonSize":"big","goToSlideType":"specified","invisible":false},{"x":36.98979591836735,"y":5.037783375314861,"width":22.95918367346939,"height":12.594458438287154,"action":{"library":"H5P.Image 1.1","params":{"contentName":"Image","file":{"path":"images\/file-61fb29a5596cb.png","mime":"image\/png","copyright":{"license":"U"},"width":814,"height":202}},"metadata":{"contentType":"Image","license":"U","title":"Untitled Image"},"subContentId":"c8bfa72b-e3a6-48a9-8831-366d1c8703eb"},"backgroundOpacity":0,"willDoAnimation":false,"animationType":"glow","displayAsButton":false,"buttonSize":"big","goToSlideType":"specified","invisible":false},{"x":3.826530612244898,"y":5.0338539042821155,"width":17.857142857142858,"height":12.846347607052897,"action":{"library":"H5P.Image 1.1","params":{"contentName":"Image","file":{"path":"images\/file-61fb296cf2c04.png","mime":"image\/png","copyright":{"license":"U"},"width":1350,"height":487}},"metadata":{"contentType":"Image","license":"U","title":"Untitled Image"},"subContentId":"ef1eb10b-04f4-45a7-9ac9-d816e125fb29"},"backgroundOpacity":0,"willDoAnimation":false,"animationType":"glow","displayAsButton":false,"buttonSize":"big","goToSlideType":"specified","invisible":false},{"x":6.5359477124183005,"y":25.806451612903224,"width":86.86224489795919,"height":70.27707808564232,"action":{"library":"H5P.CRAdvancedText 1.1","params":{"text":"<h3 style=\"text-align: center;\"><span style=\"font-size:0.75em;\"><strong>\"The Lost Doll\" credits<\/strong><\/span><\/h3>\n\n<h3 style=\"text-align: center;\"><span style=\"font-size:0.75em;\">This work, \"\u0417\u0430\u0433\u0443\u0431\u043b\u0435\u043d\u0430 \u043b\u044f\u043b\u044c\u043a\u0430\", is a derivative of \"The Lost Doll\" as translated by Alisha Berger and used under CC BY. The \u00a9 for this translation lies with Room to Read, 2015.&nbsp;\"\u0417\u0430\u0433\u0443\u0431\u043b\u0435\u043d\u0430 \u043b\u044f\u043b\u044c\u043a\u0430\" is based on the original story:&nbsp;'Umdoli Lolahlekile', by Moleboge Shibboleth Poho. \u00a9 Room to Read, 2015.<\/span><\/h3>\n\n<h3 style=\"text-align: center;\"><span style=\"font-size:0.75em;\">This work, \"The Lost Doll\" is licensed under CC BY 4.0 by Curious Learning.<\/span><\/h3>\n\n<h3 style=\"text-align: center;\"><br>\n<span style=\"font-size:0.75em;\">Book builder - Abraham Jerry Kakooza<\/span><\/h3>\n\n<p style=\"text-align: center;\">&nbsp;<\/p>\n"},"metadata":{"contentType":"Text","license":"U","title":"Untitled Text"},"subContentId":"816d08a5-61c7-4cb6-bd45-d127b486d869"},"alwaysDisplayComments":false,"backgroundOpacity":0,"willDoAnimation":false,"animationType":"glow","displayAsButton":false,"buttonSize":"big","goToSlideType":"specified","invisible":false,"solution":""}],"slideBackgroundSelector":{}}],"keywordListEnabled":true,"globalBackgroundSelector":{},"keywordListAlwaysShow":false,"keywordListAutoHide":false,"keywordListOpacity":90},"override":{"activeSurface":false,"hideSummarySlide":false,"summarySlideSolutionButton":true,"summarySlideRetryButton":true,"enablePrintButton":false,"social":{"showFacebookShare":false,"facebookShare":{"url":"@currentpageurl","quote":"I scored @score out of @maxScore on a task at @currentpageurl."},"showTwitterShare":false,"twitterShare":{"statement":"I scored @score out of @maxScore on a task at @currentpageurl.","url":"@currentpageurl","hashtags":"h5p, course"},"showGoogleShare":false,"googleShareUrl":"@currentpageurl"}},"l10n":{"slide":"Slide","score":"Score","yourScore":"Your Score","maxScore":"Max Score","total":"Total","totalScore":"Total Score","showSolutions":"Show solutions","retry":"Retry","exportAnswers":"Export text","hideKeywords":"Hide sidebar navigation menu","showKeywords":"Show sidebar navigation menu","fullscreen":"Fullscreen","exitFullscreen":"Exit fullscreen","prevSlide":"Previous slide","nextSlide":"Next slide","currentSlide":"Current slide","lastSlide":"Last slide","solutionModeTitle":"Exit solution mode","solutionModeText":"Solution Mode","summaryMultipleTaskText":"Multiple tasks","scoreMessage":"You achieved:","shareFacebook":"Share on Facebook","shareTwitter":"Share on Twitter","shareGoogle":"Share on Google+","summary":"Summary","solutionsButtonTitle":"Show comments","printTitle":"Print","printIngress":"How would you like to print this presentation?","printAllSlides":"Print all slides","printCurrentSlide":"Print current slide","noTitle":"No title","accessibilitySlideNavigationExplanation":"Use left and right arrow to change slide in that direction whenever canvas is selected.","accessibilityCanvasLabel":"Presentation canvas. Use left and right arrow to move between slides.","containsNotCompleted":"@slideName contains not completed interaction","containsCompleted":"@slideName contains completed interaction","slideCount":"Slide @index of @total","containsOnlyCorrect":"@slideName only has correct answers","containsIncorrectAnswers":"@slideName has incorrect answers","shareResult":"Share Result","accessibilityTotalScore":"You got @score of @maxScore points in total","accessibilityEnteredFullscreen":"Entered fullscreen","accessibilityExitedFullscreen":"Exited fullscreen"}}