{"presentation":{"slides":[{"slideBackgroundSelector":{},"elements":[{"x":3.289473684210526,"y":6.497894682122992,"width":94.13898026315789,"height":87.71832926131934,"action":{"library":"H5P.Image 1.1","params":{"contentName":"Image","file":{"path":"images\/file-66f3df5ab2d30.jpg","mime":"image\/jpeg","copyright":{"license":"U"},"width":1310,"height":736}},"subContentId":"0e496803-b15f-4430-bbfa-e595a008b198","metadata":{"contentType":"Image","license":"U","title":"Untitled Image"}},"backgroundOpacity":0,"willDoAnimation":false,"animationType":"glow","displayAsButton":false,"buttonSize":"big","goToSlideType":"specified","invisible":false},{"x":35.714285714285715,"y":77.60141093474427,"width":41.07142857142858,"height":16.512345679012345,"action":{"library":"H5P.CRAdvancedText 1.1","params":{"text":"<h2><span style=\"font-size:1.5em;color:hsl(0,0%,100%);\"><strong>Ani Eenyu?<\/strong><\/span><\/h2>"},"subContentId":"a929f8cd-56fa-4639-adb0-be6f5effb8cb","metadata":{"contentType":"Text","license":"U","title":"Untitled Text"}},"alwaysDisplayComments":false,"backgroundOpacity":0,"willDoAnimation":false,"animationType":"glow","displayAsButton":false,"buttonSize":"big","goToSlideType":"specified","invisible":false,"solution":""}]},{"slideBackgroundSelector":{},"elements":[{"x":3.289473684210526,"y":6.497894682122992,"width":94.13898026315789,"height":87.71832926131934,"action":{"library":"H5P.Image 1.1","params":{"contentName":"Image","file":{"path":"images\/file-66f3df8b1702f.jpg","mime":"image\/jpeg","copyright":{"license":"U"},"width":1310,"height":736}},"subContentId":"0e496803-b15f-4430-bbfa-e595a008b198","metadata":{"contentType":"Image","license":"U","title":"Untitled Image"}},"backgroundOpacity":0,"willDoAnimation":false,"animationType":"glow","displayAsButton":false,"buttonSize":"big","goToSlideType":"specified","invisible":false},{"x":14.285714285714285,"y":81.12874779541445,"width":73.21428571428572,"height":12.985008818342152,"action":{"library":"H5P.CRAdvancedText 1.1","params":{"text":"<p><span style=\"font-size:1.5em;color:hsl(0,0%,100%);\"><strong>Tole! Har\u2019a tapha tilmaamaa tokko taphanna.<\/strong><\/span><\/p>"},"subContentId":"3bd1249e-fc7f-40cb-a3e6-9a815baa335f","metadata":{"contentType":"Text","license":"U","title":"Untitled Text"}},"alwaysDisplayComments":false,"backgroundOpacity":0,"willDoAnimation":false,"animationType":"glow","displayAsButton":false,"buttonSize":"big","goToSlideType":"specified","invisible":false,"solution":""},{"x":47.00006578947369,"y":44.0012898320944,"width":40,"height":40,"action":{"library":"H5P.CRAudio 1.4","params":{"fitToWrapper":true,"currIndex":1,"playerMode":"minimalistic","controls":true,"autoplay":true,"playAudio":"Play audio","pauseAudio":"Pause audio","contentName":"Audio","glowColor":"#ffd85a","timeStampForEachText":[{"text":" Tole! ","startDuration":"0.0000","endDuration":"0.7664","wordfile":[{"path":"audios\/wordfile-670f491f6c03f.wav","mime":"audio\/x-wav","copyright":{"license":"U"}}]},{"text":" Har\u2019a ","startDuration":"0.7674","endDuration":"1.2198","wordfile":[{"path":"audios\/wordfile-670f493c1ea36.wav","mime":"audio\/x-wav","copyright":{"license":"U"}}]},{"text":" tapha ","startDuration":"1.2208","endDuration":"1.5141","wordfile":[{"path":"audios\/wordfile-6721e57759e1b.wav","mime":"audio\/x-wav","copyright":{"license":"U"}}]},{"text":" tilmaamaa ","startDuration":"1.5151","endDuration":"1.9127","wordfile":[{"path":"audios\/wordfile-670f4977ce023.wav","mime":"audio\/x-wav","copyright":{"license":"U"}}]},{"text":" tokko ","startDuration":"1.9137","endDuration":"2.2070","wordfile":[{"path":"audios\/wordfile-670f49a13e8c8.wav","mime":"audio\/x-wav","copyright":{"license":"U"}}]},{"text":" taphanna. ","startDuration":"2.2190","endDuration":"2.8482","wordfile":[{"path":"audios\/wordfile-6721e58531332.wav","mime":"audio\/x-wav","copyright":{"license":"U"}}]}],"files":[{"path":"audios\/files-670e3196abd81.wav","mime":"audio\/x-wav","copyright":{"license":"U"}}]},"subContentId":"6de0f1aa-e6c3-4728-9613-97b8c3761e7b","metadata":{"contentType":"Curious Reader Audio","license":"U","title":"Untitled Curious Reader Audio"}},"backgroundOpacity":0,"willDoAnimation":false,"animationType":"glow","displayAsButton":false,"buttonSize":"big","goToSlideType":"specified","invisible":false}]},{"slideBackgroundSelector":{},"elements":[{"x":3.289473684210526,"y":6.497894682122992,"width":94.13898026315789,"height":87.71832926131934,"action":{"library":"H5P.Image 1.1","params":{"contentName":"Image","file":{"path":"images\/file-66f3df9e47757.jpg","mime":"image\/jpeg","copyright":{"license":"U"},"width":1310,"height":736}},"subContentId":"0e496803-b15f-4430-bbfa-e595a008b198","metadata":{"contentType":"Image","license":"U","title":"Untitled Image"}},"backgroundOpacity":0,"willDoAnimation":false,"animationType":"glow","displayAsButton":false,"buttonSize":"big","goToSlideType":"specified","invisible":false},{"x":31.25,"y":64.97894682122993,"width":41.11677631578947,"height":25.98144201278786,"action":{"library":"H5P.CRAdvancedText 1.1","params":{"text":"<p><span style=\"font-size:1.5em;color:hsl(0, 0%, 100%);\"><strong>Ani eenyu? Bishaan daakuun jaaladha. Kanan jiraadhus bishaan keessa.<\/strong><\/span><\/p>"},"subContentId":"a1b3c4dd-f73d-4fd3-b9db-74c3ad78fea5","metadata":{"contentType":"Text","license":"U","title":"Untitled Text"}},"alwaysDisplayComments":false,"backgroundOpacity":0,"willDoAnimation":false,"animationType":"glow","displayAsButton":false,"buttonSize":"big","goToSlideType":"specified","invisible":false,"solution":""},{"x":47.00006578947369,"y":44.0012898320944,"width":40,"height":40,"action":{"library":"H5P.CRAudio 1.4","params":{"fitToWrapper":true,"currIndex":2,"playerMode":"minimalistic","controls":true,"autoplay":true,"playAudio":"Play audio","pauseAudio":"Pause audio","contentName":"Audio","glowColor":"#ffd85a","timeStampForEachText":[{"text":" Ani ","startDuration":"0.0000","endDuration":"0.4243","wordfile":[{"path":"audios\/wordfile-670f4a021c1b7.wav","mime":"audio\/x-wav","copyright":{"license":"U"}}]},{"text":" eenyu? ","startDuration":"0.4253","endDuration":"1.3063","wordfile":[{"path":"audios\/wordfile-670f4a17aaadf.wav","mime":"audio\/x-wav","copyright":{"license":"U"}}]},{"text":" Bishaan ","startDuration":"1.3063","endDuration":"2.0064","wordfile":[{"path":"audios\/wordfile-670f4a4b03968.wav","mime":"audio\/x-wav","copyright":{"license":"U"}}]},{"text":" daakuun ","startDuration":"2.0074","endDuration":"2.4308","wordfile":[{"path":"audios\/wordfile-670f4a5a7a64f.wav","mime":"audio\/x-wav","copyright":{"license":"U"}}]},{"text":" jaaladha. ","startDuration":"2.4318","endDuration":"3.2915","wordfile":[{"path":"audios\/wordfile-670f4a87aa324.wav","mime":"audio\/x-wav","copyright":{"license":"U"}}]},{"text":" Kanan ","startDuration":"3.2915","endDuration":"3.7681","wordfile":[{"path":"audios\/wordfile-670f4a9e301ad.wav","mime":"audio\/x-wav","copyright":{"license":"U"}}]},{"text":" jiraadhus ","startDuration":"3.7681","endDuration":"4.4469","wordfile":[{"path":"audios\/wordfile-670f4acb47300.wav","mime":"audio\/x-wav","copyright":{"license":"U"}}]},{"text":" bishaan ","startDuration":"4.4479","endDuration":"4.9565","wordfile":[{"path":"audios\/wordfile-670f4ae55735b.wav","mime":"audio\/x-wav","copyright":{"license":"U"}}]},{"text":" keessa. ","startDuration":"4.9565","endDuration":"5.5223","wordfile":[{"path":"audios\/wordfile-670f4af8f002b.wav","mime":"audio\/x-wav","copyright":{"license":"U"}}]}],"files":[{"path":"audios\/files-670e31a89dd13.wav","mime":"audio\/x-wav","copyright":{"license":"U"}}]},"subContentId":"395fd8ee-d30d-4230-99ee-3af11b602b04","metadata":{"contentType":"Curious Reader Audio","license":"U","title":"Untitled Curious Reader Audio"}},"backgroundOpacity":0,"willDoAnimation":false,"animationType":"glow","displayAsButton":false,"buttonSize":"big","goToSlideType":"specified","invisible":false}]},{"slideBackgroundSelector":{},"elements":[{"x":3.289473684210526,"y":6.497894682122992,"width":94.13898026315789,"height":87.71832926131934,"action":{"library":"H5P.Image 1.1","params":{"contentName":"Image","file":{"path":"images\/file-6708dafb0faa1.png","mime":"image\/png","copyright":{"license":"U"},"width":1310,"height":735}},"subContentId":"0e496803-b15f-4430-bbfa-e595a008b198","metadata":{"contentType":"Image","license":"U","title":"Untitled Image"}},"backgroundOpacity":0,"willDoAnimation":false,"animationType":"glow","displayAsButton":false,"buttonSize":"big","goToSlideType":"specified","invisible":false},{"x":31.25,"y":84.47263086759891,"width":50.985197368421055,"height":12.985652648541874,"action":{"library":"H5P.CRAdvancedText 1.1","params":{"text":"<p><span style=\"font-size:1.5em;color:hsl(0,0%,100%);\"><strong>Eeyyeen....... ani Qurxummiidha.<\/strong><\/span><\/p>"},"subContentId":"6bcd1953-5050-469e-bea1-6a9f19242084","metadata":{"contentType":"Text","license":"U","title":"Untitled Text"}},"alwaysDisplayComments":false,"backgroundOpacity":0,"willDoAnimation":false,"animationType":"glow","displayAsButton":false,"buttonSize":"big","goToSlideType":"specified","invisible":false,"solution":""},{"x":47.00006578947369,"y":44.0012898320944,"width":40,"height":40,"action":{"library":"H5P.CRAudio 1.4","params":{"fitToWrapper":true,"currIndex":3,"playerMode":"minimalistic","controls":true,"autoplay":true,"playAudio":"Play audio","pauseAudio":"Pause audio","contentName":"Audio","glowColor":"#ffd85a","timeStampForEachText":[{"text":" Eeyyeen....... ","startDuration":"0.0000","endDuration":"1.2946","wordfile":[{"path":"audios\/wordfile-670f4b4f4bc70.wav","mime":"audio\/x-wav","copyright":{"license":"U"}}]},{"text":" ani ","startDuration":"1.2956","endDuration":"1.7569","wordfile":[{"path":"audios\/wordfile-670f4b5c28877.wav","mime":"audio\/x-wav","copyright":{"license":"U"}}]},{"text":" Qurxummiidha. ","startDuration":"1.7569","endDuration":"2.7678","wordfile":[{"path":"audios\/wordfile-670f4b6b2daf2.wav","mime":"audio\/x-wav","copyright":{"license":"U"}}]}],"files":[{"path":"audios\/files-670e31b59b36b.wav","mime":"audio\/x-wav","copyright":{"license":"U"}}]},"subContentId":"62485724-bfe1-4759-995c-08e74ba06990","metadata":{"contentType":"Curious Reader Audio","license":"U","title":"Untitled Curious Reader Audio"}},"backgroundOpacity":0,"willDoAnimation":false,"animationType":"glow","displayAsButton":false,"buttonSize":"big","goToSlideType":"specified","invisible":false},{"x":28.571428571428573,"y":17.63668430335097,"width":40,"height":40,"action":{"library":"H5P.Image 1.1","params":{"contentName":"Image"},"subContentId":"086c9754-0dd4-489a-b402-2982b19479f2","metadata":{"contentType":"Image","license":"U","title":"Untitled Image"}},"backgroundOpacity":0,"willDoAnimation":true,"animationType":"glow","displayAsButton":false,"buttonSize":"big","goToSlideType":"specified","invisible":false,"id":"img62485724-bfe1-4759-995c-08e74ba06990_2"}]},{"slideBackgroundSelector":{},"elements":[{"x":3.289473684210526,"y":6.497894682122992,"width":94.13898026315789,"height":87.71832926131934,"action":{"library":"H5P.Image 1.1","params":{"contentName":"Image","file":{"path":"images\/file-66f3dfab1ca79.jpg","mime":"image\/jpeg","copyright":{"license":"U"},"width":1310,"height":736}},"subContentId":"0e496803-b15f-4430-bbfa-e595a008b198","metadata":{"contentType":"Image","license":"U","title":"Untitled Image"}},"backgroundOpacity":0,"willDoAnimation":false,"animationType":"glow","displayAsButton":false,"buttonSize":"big","goToSlideType":"specified","invisible":false},{"x":32.89473684210526,"y":64.97894682122993,"width":42.76151315789474,"height":25.988199823257265,"action":{"library":"H5P.CRAdvancedText 1.1","params":{"text":"<p><span style=\"font-size:1.5em;color:hsl(0, 0%, 100%);\"><strong>Ani eenyu? Muuzii nyaachuun jaaladha. Kanan jiraadhus mukkeen irra.<\/strong><\/span><\/p>"},"subContentId":"400b1778-bc98-4dc7-9b84-9072ecbce6f9","metadata":{"contentType":"Text","license":"U","title":"Untitled Text"}},"alwaysDisplayComments":false,"backgroundOpacity":0,"willDoAnimation":false,"animationType":"glow","displayAsButton":false,"buttonSize":"big","goToSlideType":"specified","invisible":false,"solution":""},{"x":47.00006578947369,"y":44.0012898320944,"width":40,"height":40,"action":{"library":"H5P.CRAudio 1.4","params":{"fitToWrapper":true,"currIndex":4,"playerMode":"minimalistic","controls":true,"autoplay":true,"playAudio":"Play audio","pauseAudio":"Pause audio","contentName":"Audio","glowColor":"#ffd85a","timeStampForEachText":[{"text":" Ani ","startDuration":"0.0000","endDuration":"0.4466","wordfile":[{"path":"audios\/wordfile-670f4d02f1709.wav","mime":"audio\/x-wav","copyright":{"license":"U"}}]},{"text":" eenyu? ","startDuration":"0.4476","endDuration":"1.3302","wordfile":[{"path":"audios\/wordfile-670f4d1f72d3f.wav","mime":"audio\/x-wav","copyright":{"license":"U"}}]},{"text":" Muuzii ","startDuration":"1.3312","endDuration":"1.7232","wordfile":[{"path":"audios\/wordfile-670f4d3f8b53c.wav","mime":"audio\/x-wav","copyright":{"license":"U"}}]},{"text":" nyaachuun ","startDuration":"1.7455","endDuration":"2.3295","wordfile":[{"path":"audios\/wordfile-670f4d6fc693b.wav","mime":"audio\/x-wav","copyright":{"license":"U"}}]},{"text":" jaaladha. ","startDuration":"2.3305","endDuration":"3.2451","wordfile":[{"path":"audios\/wordfile-670f4d8eb1fc8.wav","mime":"audio\/x-wav","copyright":{"license":"U"}}]},{"text":" Kanan ","startDuration":"3.2461","endDuration":"3.7767","wordfile":[{"path":"audios\/wordfile-670f4da6093b3.wav","mime":"audio\/x-wav","copyright":{"license":"U"}}]},{"text":" jiraadhus ","startDuration":"3.7777","endDuration":"4.4897","wordfile":[{"path":"audios\/wordfile-670f4db5d8f88.wav","mime":"audio\/x-wav","copyright":{"license":"U"}}]},{"text":" mukkeen ","startDuration":"4.4907","endDuration":"5.0320","wordfile":[{"path":"audios\/wordfile-670f4de1761ba.wav","mime":"audio\/x-wav","copyright":{"license":"U"}}]},{"text":" irra. ","startDuration":"5.0330","endDuration":"5.5352","wordfile":[{"path":"audios\/wordfile-670f4def1f595.wav","mime":"audio\/x-wav","copyright":{"license":"U"}}]}],"files":[{"path":"audios\/files-670e31c9af8a9.wav","mime":"audio\/x-wav","copyright":{"license":"U"}}]},"subContentId":"d86adf7a-cda7-4822-b976-2f633b2eb4c6","metadata":{"contentType":"Curious Reader Audio","license":"U","title":"Untitled Curious Reader Audio"}},"backgroundOpacity":0,"willDoAnimation":false,"animationType":"glow","displayAsButton":false,"buttonSize":"big","goToSlideType":"specified","invisible":false}]},{"slideBackgroundSelector":{},"elements":[{"x":3.289473684210526,"y":6.497894682122992,"width":94.13898026315789,"height":87.71832926131934,"action":{"library":"H5P.Image 1.1","params":{"contentName":"Image","file":{"path":"images\/file-6708db5878032.png","mime":"image\/png","copyright":{"license":"U"},"width":1310,"height":740}},"subContentId":"0e496803-b15f-4430-bbfa-e595a008b198","metadata":{"contentType":"Image","license":"U","title":"Untitled Image"}},"backgroundOpacity":0,"willDoAnimation":false,"animationType":"glow","displayAsButton":false,"buttonSize":"big","goToSlideType":"specified","invisible":false},{"x":28.571428571428573,"y":84.65608465608466,"width":50,"height":12.988677248677249,"action":{"library":"H5P.CRAdvancedText 1.1","params":{"text":"<p><span style=\"font-size:1.5em;color:hsl(0,0%,100%);\"><strong>Eeyyen....... ani Qamaleedha.<\/strong><\/span><\/p>"},"subContentId":"777febb3-cbb1-40eb-bdbb-d3e25d59d9f7","metadata":{"contentType":"Text","license":"U","title":"Untitled Text"}},"alwaysDisplayComments":false,"backgroundOpacity":0,"willDoAnimation":false,"animationType":"glow","displayAsButton":false,"buttonSize":"big","goToSlideType":"specified","invisible":false,"solution":""},{"x":47.00006578947369,"y":44.0012898320944,"width":40,"height":40,"action":{"library":"H5P.CRAudio 1.4","params":{"fitToWrapper":true,"currIndex":5,"playerMode":"minimalistic","controls":true,"autoplay":true,"playAudio":"Play audio","pauseAudio":"Pause audio","contentName":"Audio","glowColor":"#ffd85a","timeStampForEachText":[{"text":" Eeyyen....... ","startDuration":"0.0000","endDuration":"1.1022","wordfile":[{"path":"audios\/wordfile-670f4e183a28e.wav","mime":"audio\/x-wav","copyright":{"license":"U"}}]},{"text":" ani ","startDuration":"1.1032","endDuration":"1.7125","wordfile":[{"path":"audios\/wordfile-670f4e2694aa8.wav","mime":"audio\/x-wav","copyright":{"license":"U"}}]},{"text":" Qamaleedha. ","startDuration":"1.7135","endDuration":"2.4420","wordfile":[{"path":"audios\/wordfile-670f4e4113d10.wav","mime":"audio\/x-wav","copyright":{"license":"U"}}]}],"files":[{"path":"audios\/files-670e31d95e8bf.wav","mime":"audio\/x-wav","copyright":{"license":"U"}}]},"subContentId":"578530e5-29c1-4eaf-8dbf-5b34aba48225","metadata":{"contentType":"Curious Reader Audio","license":"U","title":"Untitled Curious Reader Audio"}},"backgroundOpacity":0,"willDoAnimation":false,"animationType":"glow","displayAsButton":false,"buttonSize":"big","goToSlideType":"specified","invisible":false},{"x":30.357142857142858,"y":7.0546737213403885,"width":40,"height":40,"action":{"library":"H5P.Image 1.1","params":{"contentName":"Image"},"subContentId":"8c7de57a-29ba-414f-9aeb-53b451465b15","metadata":{"contentType":"Image","license":"U","title":"Untitled Image"}},"backgroundOpacity":0,"willDoAnimation":true,"animationType":"glow","displayAsButton":false,"buttonSize":"big","goToSlideType":"specified","invisible":false,"id":"img578530e5-29c1-4eaf-8dbf-5b34aba48225_2"}]},{"slideBackgroundSelector":{},"elements":[{"x":3.289473684210526,"y":6.497894682122992,"width":94.13898026315789,"height":87.71832926131934,"action":{"library":"H5P.Image 1.1","params":{"contentName":"Image","file":{"path":"images\/file-66f3dfb6e1fb1.jpg","mime":"image\/jpeg","copyright":{"license":"U"},"width":1310,"height":736}},"subContentId":"0e496803-b15f-4430-bbfa-e595a008b198","metadata":{"contentType":"Image","license":"U","title":"Untitled Image"}},"backgroundOpacity":0,"willDoAnimation":false,"animationType":"glow","displayAsButton":false,"buttonSize":"big","goToSlideType":"specified","invisible":false},{"x":31.25,"y":64.9721240318137,"width":44.40625,"height":29.233768259084062,"action":{"library":"H5P.CRAdvancedText 1.1","params":{"text":"<p><span style=\"font-size:1.5em;color:hsl(0, 0%, 100%);\"><strong>Ani eenyu? Mana eeguun jaaladha. Kanan jiraadhus mooraa keessa.<\/strong><\/span><\/p>"},"subContentId":"17cc3920-dc9b-47a7-9b9f-fd16bc73038c","metadata":{"contentType":"Text","license":"U","title":"Untitled Text"}},"alwaysDisplayComments":false,"backgroundOpacity":0,"willDoAnimation":false,"animationType":"glow","displayAsButton":false,"buttonSize":"big","goToSlideType":"specified","invisible":false,"solution":""},{"x":47.00006578947369,"y":44.0012898320944,"width":40,"height":40,"action":{"library":"H5P.CRAudio 1.4","params":{"fitToWrapper":true,"currIndex":6,"playerMode":"minimalistic","controls":true,"autoplay":true,"playAudio":"Play audio","pauseAudio":"Pause audio","contentName":"Audio","glowColor":"#ffd85a","timeStampForEachText":[{"text":" Ani ","startDuration":"0.0000","endDuration":"0.4588","wordfile":[{"path":"audios\/wordfile-670f4e8464d0a.wav","mime":"audio\/x-wav","copyright":{"license":"U"}}]},{"text":" eenyu? ","startDuration":"0.4598","endDuration":"1.2786","wordfile":[{"path":"audios\/wordfile-670f4e96c1321.wav","mime":"audio\/x-wav","copyright":{"license":"U"}}]},{"text":" Mana ","startDuration":"1.2786","endDuration":"1.7374","wordfile":[{"path":"audios\/wordfile-670f4ea8a2464.wav","mime":"audio\/x-wav","copyright":{"license":"U"}}]},{"text":" eeguun ","startDuration":"1.7374","endDuration":"2.1512","wordfile":[{"path":"audios\/wordfile-670f4ed483a7d.wav","mime":"audio\/x-wav","copyright":{"license":"U"}}]},{"text":" jaaladha. ","startDuration":"2.1512","endDuration":"3.1838","wordfile":[{"path":"audios\/wordfile-670f4f092c6ce.wav","mime":"audio\/x-wav","copyright":{"license":"U"}}]},{"text":" Kanan ","startDuration":"3.1838","endDuration":"3.7438","wordfile":[{"path":"audios\/wordfile-670f4f2c64502.wav","mime":"audio\/x-wav","copyright":{"license":"U"}}]},{"text":" jiraadhus ","startDuration":"3.7438","endDuration":"4.5514","wordfile":[{"path":"audios\/wordfile-670f4f3c66c7a.wav","mime":"audio\/x-wav","copyright":{"license":"U"}}]},{"text":" mooraa ","startDuration":"4.5514","endDuration":"5.1677","wordfile":[{"path":"audios\/wordfile-670f4f4bd41f6.wav","mime":"audio\/x-wav","copyright":{"license":"U"}}]},{"text":" keessa. ","startDuration":"5.1677","endDuration":"5.8393","wordfile":[{"path":"audios\/wordfile-670f4f5c34403.wav","mime":"audio\/x-wav","copyright":{"license":"U"}}]}],"files":[{"path":"audios\/files-670e31e90b260.wav","mime":"audio\/x-wav","copyright":{"license":"U"}}]},"subContentId":"eae43ee8-e6da-4a5e-b020-6d61a73e9b7c","metadata":{"contentType":"Curious Reader Audio","license":"U","title":"Untitled Curious Reader Audio"}},"backgroundOpacity":0,"willDoAnimation":false,"animationType":"glow","displayAsButton":false,"buttonSize":"big","goToSlideType":"specified","invisible":false}]},{"slideBackgroundSelector":{},"elements":[{"x":3.289473684210526,"y":6.497894682122992,"width":94.13898026315789,"height":87.71832926131934,"action":{"library":"H5P.Image 1.1","params":{"contentName":"Image","file":{"path":"images\/file-6708dba293fc9.png","mime":"image\/png","copyright":{"license":"U"},"width":1311,"height":735}},"subContentId":"0e496803-b15f-4430-bbfa-e595a008b198","metadata":{"contentType":"Image","license":"U","title":"Untitled Image"}},"backgroundOpacity":0,"willDoAnimation":false,"animationType":"glow","displayAsButton":false,"buttonSize":"big","goToSlideType":"specified","invisible":false},{"x":32.142857142857146,"y":84.65608465608466,"width":39.99967105263158,"height":12.992410459011282,"action":{"library":"H5P.CRAdvancedText 1.1","params":{"text":"<p><span style=\"font-size:1.5em;color:hsl(0,0%,100%);\"><strong>Eeyyen....... ani Sareedha.<\/strong><\/span><\/p>"},"subContentId":"b0e91b2e-ccc4-4ff0-bc74-e467c4fa0bf9","metadata":{"contentType":"Text","license":"U","title":"Untitled Text"}},"alwaysDisplayComments":false,"backgroundOpacity":0,"willDoAnimation":false,"animationType":"glow","displayAsButton":false,"buttonSize":"big","goToSlideType":"specified","invisible":false,"solution":""},{"x":47.00006578947369,"y":44.0012898320944,"width":40,"height":40,"action":{"library":"H5P.CRAudio 1.4","params":{"fitToWrapper":true,"currIndex":7,"playerMode":"minimalistic","controls":true,"autoplay":true,"playAudio":"Play audio","pauseAudio":"Pause audio","contentName":"Audio","glowColor":"#ffd85a","timeStampForEachText":[{"text":" Eeyyen....... ","startDuration":"0.0000","endDuration":"1.1988","wordfile":[{"path":"audios\/wordfile-670f4fc034e0a.wav","mime":"audio\/x-wav","copyright":{"license":"U"}}]},{"text":" ani ","startDuration":"1.1998","endDuration":"1.6768","wordfile":[{"path":"audios\/wordfile-670f4fcd6969a.wav","mime":"audio\/x-wav","copyright":{"license":"U"}}]},{"text":" Sareedha. ","startDuration":"1.6768","endDuration":"2.4375","wordfile":[{"path":"audios\/wordfile-670f4febc6743.wav","mime":"audio\/x-wav","copyright":{"license":"U"}}]}],"files":[{"path":"audios\/files-670e31f65ff05.wav","mime":"audio\/x-wav","copyright":{"license":"U"}}]},"subContentId":"71a299d3-ea32-4a80-8b70-621e8c9d17a7","metadata":{"contentType":"Curious Reader Audio","license":"U","title":"Untitled Curious Reader Audio"}},"backgroundOpacity":0,"willDoAnimation":false,"animationType":"glow","displayAsButton":false,"buttonSize":"big","goToSlideType":"specified","invisible":false},{"x":28.571428571428573,"y":10.582010582010582,"width":40,"height":40,"action":{"library":"H5P.Image 1.1","params":{"contentName":"Image"},"subContentId":"d94e83ff-3ab0-4354-8472-a73a8bbfc275","metadata":{"contentType":"Image","license":"U","title":"Untitled Image"}},"backgroundOpacity":0,"willDoAnimation":true,"animationType":"glow","displayAsButton":false,"buttonSize":"big","goToSlideType":"specified","invisible":false,"id":"img71a299d3-ea32-4a80-8b70-621e8c9d17a7_2"}]},{"slideBackgroundSelector":{},"elements":[{"x":3.289473684210526,"y":6.497894682122992,"width":94.13898026315789,"height":87.71832926131934,"action":{"library":"H5P.Image 1.1","params":{"contentName":"Image","file":{"path":"images\/file-66f3dfc3c6e00.jpg","mime":"image\/jpeg","copyright":{"license":"U"},"width":1310,"height":736}},"subContentId":"0e496803-b15f-4430-bbfa-e595a008b198","metadata":{"contentType":"Image","license":"U","title":"Untitled Image"}},"backgroundOpacity":0,"willDoAnimation":false,"animationType":"glow","displayAsButton":false,"buttonSize":"big","goToSlideType":"specified","invisible":false},{"x":31.25,"y":64.97894682122993,"width":42.76151315789474,"height":29.233768259084062,"action":{"library":"H5P.CRAdvancedText 1.1","params":{"text":"<p><span style=\"font-size:1.5em;color:hsl(0, 0%, 100%);\"><strong>Ani eenyu? Marga nyaachun jaaladha. Kanan jiraadhus dallaa keessa.<\/strong><\/span><\/p>"},"subContentId":"ace73f00-1218-4a79-8c83-d84cec8e5cd1","metadata":{"contentType":"Text","license":"U","title":"Untitled Text"}},"alwaysDisplayComments":false,"backgroundOpacity":0,"willDoAnimation":false,"animationType":"glow","displayAsButton":false,"buttonSize":"big","goToSlideType":"specified","invisible":false,"solution":""},{"x":47.00006578947369,"y":44.0012898320944,"width":40,"height":40,"action":{"library":"H5P.CRAudio 1.4","params":{"fitToWrapper":true,"currIndex":8,"playerMode":"minimalistic","controls":true,"autoplay":true,"playAudio":"Play audio","pauseAudio":"Pause audio","contentName":"Audio","glowColor":"#ffd85a","timeStampForEachText":[{"text":" Ani ","startDuration":"0.0000","endDuration":"0.4912","wordfile":[{"path":"audios\/wordfile-670f51594d1a0.wav","mime":"audio\/x-wav","copyright":{"license":"U"}}]},{"text":" eenyu? ","startDuration":"0.4922","endDuration":"1.2553","wordfile":[{"path":"audios\/wordfile-670f51833d2fb.wav","mime":"audio\/x-wav","copyright":{"license":"U"}}]},{"text":" Marga ","startDuration":"1.2448","endDuration":"2.0769","wordfile":[{"path":"audios\/wordfile-670f51b1c4389.wav","mime":"audio\/x-wav","copyright":{"license":"U"}}]},{"text":" nyaachun ","startDuration":"2.0663","endDuration":"2.4157","wordfile":[{"path":"audios\/wordfile-670f51da81753.wav","mime":"audio\/x-wav","copyright":{"license":"U"}}]},{"text":" jaaladha. ","startDuration":"2.4167","endDuration":"3.3177","wordfile":[{"path":"audios\/wordfile-670f521a8dd54.wav","mime":"audio\/x-wav","copyright":{"license":"U"}}]},{"text":" Kanan ","startDuration":"3.3187","endDuration":"3.8520","wordfile":[{"path":"audios\/wordfile-670f523140c1b.wav","mime":"audio\/x-wav","copyright":{"license":"U"}}]},{"text":" jiraadhus ","startDuration":"3.8530","endDuration":"4.7080","wordfile":[{"path":"audios\/wordfile-670f524f88ed7.wav","mime":"audio\/x-wav","copyright":{"license":"U"}}]},{"text":" dallaa ","startDuration":"4.7090","endDuration":"5.3342","wordfile":[{"path":"audios\/wordfile-670f526d2e443.wav","mime":"audio\/x-wav","copyright":{"license":"U"}}]},{"text":" keessa. ","startDuration":"5.3352","endDuration":"5.9643","wordfile":[{"path":"audios\/wordfile-670f52885f1bb.wav","mime":"audio\/x-wav","copyright":{"license":"U"}}]}],"files":[{"path":"audios\/files-670e32075a622.wav","mime":"audio\/x-wav","copyright":{"license":"U"}}]},"subContentId":"526d206c-1622-48d0-8da1-3fd20e5cb64e","metadata":{"contentType":"Curious Reader Audio","license":"U","title":"Untitled Curious Reader Audio"}},"backgroundOpacity":0,"willDoAnimation":false,"animationType":"glow","displayAsButton":false,"buttonSize":"big","goToSlideType":"specified","invisible":false}]},{"slideBackgroundSelector":{},"elements":[{"x":3.289473684210526,"y":6.497894682122992,"width":94.13898026315789,"height":87.71832926131934,"action":{"library":"H5P.Image 1.1","params":{"contentName":"Image","file":{"path":"images\/file-6708df08aa0a0.png","mime":"image\/png","copyright":{"license":"U"},"width":1310,"height":738}},"subContentId":"0e496803-b15f-4430-bbfa-e595a008b198","metadata":{"contentType":"Image","license":"U","title":"Untitled Image"}},"backgroundOpacity":0,"willDoAnimation":false,"animationType":"glow","displayAsButton":false,"buttonSize":"big","goToSlideType":"specified","invisible":false},{"x":30.357142857142858,"y":84.65608465608466,"width":39.99967105263158,"height":9.743463117949785,"action":{"library":"H5P.CRAdvancedText 1.1","params":{"text":"<p><span style=\"font-size:1.5em;color:hsl(0,0%,100%);\"><strong>Eeyyen....... ani Hooladha.<\/strong><\/span><\/p>"},"subContentId":"93854c60-9e9d-46dc-b2c5-9fbd0640f34f","metadata":{"contentType":"Text","license":"U","title":"Untitled Text"}},"alwaysDisplayComments":false,"backgroundOpacity":0,"willDoAnimation":false,"animationType":"glow","displayAsButton":false,"buttonSize":"big","goToSlideType":"specified","invisible":false,"solution":""},{"x":47.00006578947369,"y":44.0012898320944,"width":40,"height":40,"action":{"library":"H5P.CRAudio 1.4","params":{"fitToWrapper":true,"currIndex":9,"playerMode":"minimalistic","controls":true,"autoplay":true,"playAudio":"Play audio","pauseAudio":"Pause audio","contentName":"Audio","glowColor":"#ffd85a","timeStampForEachText":[{"text":" Eeyyen....... ","startDuration":"0.0000","endDuration":"1.1296","wordfile":[{"path":"audios\/wordfile-670f52ad5039a.wav","mime":"audio\/x-wav","copyright":{"license":"U"}}]},{"text":" ani ","startDuration":"1.1306","endDuration":"1.6663","wordfile":[{"path":"audios\/wordfile-670f52b9448db.wav","mime":"audio\/x-wav","copyright":{"license":"U"}}]},{"text":" Hooladha. ","startDuration":"1.6663","endDuration":"2.4196","wordfile":[{"path":"audios\/wordfile-670f52c6e15ea.wav","mime":"audio\/x-wav","copyright":{"license":"U"}}]}],"files":[{"path":"audios\/files-670e321704daa.wav","mime":"audio\/x-wav","copyright":{"license":"U"}}]},"subContentId":"936799b7-f794-4740-8c24-98e00c7fdbd1","metadata":{"contentType":"Curious Reader Audio","license":"U","title":"Untitled Curious Reader Audio"}},"backgroundOpacity":0,"willDoAnimation":false,"animationType":"glow","displayAsButton":false,"buttonSize":"big","goToSlideType":"specified","invisible":false},{"x":28.571428571428573,"y":10.582010582010582,"width":40,"height":40,"action":{"library":"H5P.Image 1.1","params":{"contentName":"Image"},"subContentId":"f787c553-11b9-44a0-b227-4a92ea73e69a","metadata":{"contentType":"Image","license":"U","title":"Untitled Image"}},"backgroundOpacity":0,"willDoAnimation":true,"animationType":"glow","displayAsButton":false,"buttonSize":"big","goToSlideType":"specified","invisible":false,"id":"img936799b7-f794-4740-8c24-98e00c7fdbd1_2"}]},{"slideBackgroundSelector":{},"elements":[{"x":3.289473684210526,"y":6.497894682122992,"width":94.13898026315789,"height":87.71832926131934,"action":{"library":"H5P.Image 1.1","params":{"contentName":"Image","file":{"path":"images\/file-66f3dfd4b9228.jpg","mime":"image\/jpeg","copyright":{"license":"U"},"width":1310,"height":736}},"subContentId":"0e496803-b15f-4430-bbfa-e595a008b198","metadata":{"contentType":"Image","license":"U","title":"Untitled Image"}},"backgroundOpacity":0,"willDoAnimation":false,"animationType":"glow","displayAsButton":false,"buttonSize":"big","goToSlideType":"specified","invisible":false},{"x":32.142857142857146,"y":63.492063492063494,"width":37.827302631578945,"height":29.237147164318763,"action":{"library":"H5P.CRAdvancedText 1.1","params":{"text":"<p><span style=\"font-size:1.5em;color:hsl(0, 0%, 100%);\"><strong>Ani eenyu? Balali\u2019uun jaaladha. Kanan jiraadhus muka irra.<\/strong><\/span><\/p>"},"subContentId":"fe00d151-4400-4003-b05e-80e3ac091871","metadata":{"contentType":"Text","license":"U","title":"Untitled Text"}},"alwaysDisplayComments":false,"backgroundOpacity":0,"willDoAnimation":false,"animationType":"glow","displayAsButton":false,"buttonSize":"big","goToSlideType":"specified","invisible":false,"solution":""},{"x":47.00006578947369,"y":44.0012898320944,"width":40,"height":40,"action":{"library":"H5P.CRAudio 1.4","params":{"fitToWrapper":true,"currIndex":10,"playerMode":"minimalistic","controls":true,"autoplay":true,"playAudio":"Play audio","pauseAudio":"Pause audio","contentName":"Audio","glowColor":"#ffd85a","timeStampForEachText":[{"text":" Ani ","startDuration":"0.0000","endDuration":"0.4814","wordfile":[{"path":"audios\/wordfile-670f53294ac63.wav","mime":"audio\/x-wav","copyright":{"license":"U"}}]},{"text":" eenyu? ","startDuration":"0.4814","endDuration":"1.4812","wordfile":[{"path":"audios\/wordfile-670f5338d8f6a.wav","mime":"audio\/x-wav","copyright":{"license":"U"}}]},{"text":" Balali\u2019uun ","startDuration":"1.4812","endDuration":"2.1118","wordfile":[{"path":"audios\/wordfile-6721e5b12b96a.wav","mime":"audio\/x-wav","copyright":{"license":"U"}}]},{"text":" jaaladha. ","startDuration":"2.1118","endDuration":"3.1936","wordfile":[{"path":"audios\/wordfile-670f5359c7c7a.wav","mime":"audio\/x-wav","copyright":{"license":"U"}}]},{"text":" Kanan ","startDuration":"3.1936","endDuration":"3.7012","wordfile":[{"path":"audios\/wordfile-670f539881715.wav","mime":"audio\/x-wav","copyright":{"license":"U"}}]},{"text":" jiraadhus ","startDuration":"3.7012","endDuration":"4.3626","wordfile":[{"path":"audios\/wordfile-670f53f0956d6.wav","mime":"audio\/x-wav","copyright":{"license":"U"}}]},{"text":" muka ","startDuration":"4.3626","endDuration":"4.8292","wordfile":[{"path":"audios\/wordfile-670f53fb8aae6.wav","mime":"audio\/x-wav","copyright":{"license":"U"}}]},{"text":" irra. ","startDuration":"4.8292","endDuration":"5.3214","wordfile":[{"path":"audios\/wordfile-670f5409bdc34.wav","mime":"audio\/x-wav","copyright":{"license":"U"}}]}],"files":[{"path":"audios\/files-670e322991613.wav","mime":"audio\/x-wav","copyright":{"license":"U"}}]},"subContentId":"788ea4d6-c939-4eda-88d1-a84a1d5db517","metadata":{"contentType":"Curious Reader Audio","license":"U","title":"Untitled Curious Reader Audio"}},"backgroundOpacity":0,"willDoAnimation":false,"animationType":"glow","displayAsButton":false,"buttonSize":"big","goToSlideType":"specified","invisible":false}]},{"slideBackgroundSelector":{},"elements":[{"x":3.289473684210526,"y":6.497894682122992,"width":94.13898026315789,"height":87.71832926131934,"action":{"library":"H5P.Image 1.1","params":{"contentName":"Image","file":{"path":"images\/file-6708df235c554.png","mime":"image\/png","copyright":{"license":"U"},"width":1310,"height":734}},"subContentId":"0e496803-b15f-4430-bbfa-e595a008b198","metadata":{"contentType":"Image","license":"U","title":"Untitled Image"}},"backgroundOpacity":0,"willDoAnimation":false,"animationType":"glow","displayAsButton":false,"buttonSize":"big","goToSlideType":"specified","invisible":false},{"x":31.25,"y":84.47263086759891,"width":46.05098684210527,"height":9.74008421271508,"action":{"library":"H5P.CRAdvancedText 1.1","params":{"text":"<p><span style=\"font-size:1.5em;color:hsl(0,0%,100%);\"><strong>Eeyyen....... ani Simbirroodha.<\/strong><\/span><\/p>"},"subContentId":"89bf4023-b7e5-4c34-b442-3b7e3ebcb898","metadata":{"contentType":"Text","license":"U","title":"Untitled Text"}},"alwaysDisplayComments":false,"backgroundOpacity":0,"willDoAnimation":false,"animationType":"glow","displayAsButton":false,"buttonSize":"big","goToSlideType":"specified","invisible":false,"solution":""},{"x":47.00006578947369,"y":44.0012898320944,"width":40,"height":40,"action":{"library":"H5P.CRAudio 1.4","params":{"fitToWrapper":true,"currIndex":11,"playerMode":"minimalistic","controls":true,"autoplay":true,"playAudio":"Play audio","pauseAudio":"Pause audio","contentName":"Audio","glowColor":"#ffd85a","timeStampForEachText":[{"text":" Eeyyen....... ","startDuration":"0.0000","endDuration":"1.2748","wordfile":[{"path":"audios\/wordfile-670f548879508.wav","mime":"audio\/x-wav","copyright":{"license":"U"}}]},{"text":" ani ","startDuration":"1.2758","endDuration":"1.6771","wordfile":[{"path":"audios\/wordfile-670f54934970d.wav","mime":"audio\/x-wav","copyright":{"license":"U"}}]},{"text":" Simbirroodha. ","startDuration":"1.6771","endDuration":"2.6473","wordfile":[{"path":"audios\/wordfile-670f549fc6b86.wav","mime":"audio\/x-wav","copyright":{"license":"U"}}]}],"files":[{"path":"audios\/files-670e323a0fea6.wav","mime":"audio\/x-wav","copyright":{"license":"U"}}]},"subContentId":"f67deb7e-2660-4ea3-ab52-5f4aa74fb45d","metadata":{"contentType":"Curious Reader Audio","license":"U","title":"Untitled Curious Reader Audio"}},"backgroundOpacity":0,"willDoAnimation":false,"animationType":"glow","displayAsButton":false,"buttonSize":"big","goToSlideType":"specified","invisible":false},{"x":27.075812274368232,"y":14.262385098660049,"width":40,"height":40,"action":{"library":"H5P.Image 1.1","params":{"contentName":"Image"},"subContentId":"2dabe275-dee2-4ec8-b944-6888591908ea","metadata":{"contentType":"Image","license":"U","title":"Untitled Image"}},"backgroundOpacity":0,"willDoAnimation":true,"animationType":"glow","displayAsButton":false,"buttonSize":"big","goToSlideType":"specified","invisible":false,"id":"imgf67deb7e-2660-4ea3-ab52-5f4aa74fb45d_2"}]},{"slideBackgroundSelector":{},"elements":[{"x":3.289473684210526,"y":6.497894682122992,"width":94.13898026315789,"height":87.71832926131934,"action":{"library":"H5P.Image 1.1","params":{"contentName":"Image","file":{"path":"images\/file-66f3dfe3283b6.jpg","mime":"image\/jpeg","copyright":{"license":"U"},"width":1310,"height":736}},"subContentId":"0e496803-b15f-4430-bbfa-e595a008b198","metadata":{"contentType":"Image","license":"U","title":"Untitled Image"}},"backgroundOpacity":0,"willDoAnimation":false,"animationType":"glow","displayAsButton":false,"buttonSize":"big","goToSlideType":"specified","invisible":false},{"x":28.880866425992778,"y":64.18073294397021,"width":41.51624548736462,"height":28.524770197320098,"action":{"library":"H5P.CRAdvancedText 1.1","params":{"text":"<p><span style=\"font-size:1.5em;color:hsl(0,0%,100%);\"><strong>Ani eenyu? Aannan dhuguun jaaladha. Kanan jiraadhus mana keessa.<\/strong><\/span><\/p>"},"subContentId":"6cdc4065-788f-4361-8239-a13b34b88d2f","metadata":{"contentType":"Text","license":"U","title":"Untitled Text"}},"alwaysDisplayComments":false,"backgroundOpacity":0,"willDoAnimation":false,"animationType":"glow","displayAsButton":false,"buttonSize":"big","goToSlideType":"specified","invisible":false,"solution":""},{"x":47.00006578947369,"y":44.0012898320944,"width":40,"height":40,"action":{"library":"H5P.CRAudio 1.4","params":{"fitToWrapper":true,"currIndex":12,"playerMode":"minimalistic","controls":true,"autoplay":true,"playAudio":"Play audio","pauseAudio":"Pause audio","contentName":"Audio","glowColor":"#ffd85a","timeStampForEachText":[{"text":" Ani ","startDuration":"0.0000","endDuration":"0.4363","wordfile":[{"path":"audios\/wordfile-670f552c9d7ee.wav","mime":"audio\/x-wav","copyright":{"license":"U"}}]},{"text":" eenyu? ","startDuration":"0.4373","endDuration":"1.1961","wordfile":[{"path":"audios\/wordfile-670f553cef223.wav","mime":"audio\/x-wav","copyright":{"license":"U"}}]},{"text":" Aannan ","startDuration":"1.1961","endDuration":"1.9877","wordfile":[{"path":"audios\/wordfile-670f554978e3f.wav","mime":"audio\/x-wav","copyright":{"license":"U"}}]},{"text":" dhuguun ","startDuration":"1.9877","endDuration":"2.4506","wordfile":[{"path":"audios\/wordfile-670f55580c12e.wav","mime":"audio\/x-wav","copyright":{"license":"U"}}]},{"text":" jaaladha. ","startDuration":"2.4506","endDuration":"3.2313","wordfile":[{"path":"audios\/wordfile-670f556a15c4f.wav","mime":"audio\/x-wav","copyright":{"license":"U"}}]},{"text":" Kanan ","startDuration":"3.2313","endDuration":"3.7600","wordfile":[{"path":"audios\/wordfile-670f557ec95dd.wav","mime":"audio\/x-wav","copyright":{"license":"U"}}]},{"text":" jiraadhus ","startDuration":"3.7600","endDuration":"4.4202","wordfile":[{"path":"audios\/wordfile-670f559213429.wav","mime":"audio\/x-wav","copyright":{"license":"U"}}]},{"text":" mana ","startDuration":"4.4202","endDuration":"4.9818","wordfile":[{"path":"audios\/wordfile-670f55ae1e32d.wav","mime":"audio\/x-wav","copyright":{"license":"U"}}]},{"text":" keessa. ","startDuration":"4.9818","endDuration":"5.6205","wordfile":[{"path":"audios\/wordfile-670f55bebb210.wav","mime":"audio\/x-wav","copyright":{"license":"U"}}]}],"files":[{"path":"audios\/files-670e3259c060f.wav","mime":"audio\/x-wav","copyright":{"license":"U"}}]},"subContentId":"df2e8030-8109-4ee5-b3c6-f7378c517d2d","metadata":{"contentType":"Curious Reader Audio","license":"U","title":"Untitled Curious Reader Audio"}},"backgroundOpacity":0,"willDoAnimation":false,"animationType":"glow","displayAsButton":false,"buttonSize":"big","goToSlideType":"specified","invisible":false}]},{"slideBackgroundSelector":{},"elements":[{"x":3.289473684210526,"y":6.497894682122992,"width":94.13898026315789,"height":87.71832926131934,"action":{"library":"H5P.Image 1.1","params":{"contentName":"Image","file":{"path":"images\/file-6708df3ab2ff1.png","mime":"image\/png","copyright":{"license":"U"},"width":1312,"height":732}},"subContentId":"0e496803-b15f-4430-bbfa-e595a008b198","metadata":{"contentType":"Image","license":"U","title":"Untitled Image"}},"backgroundOpacity":0,"willDoAnimation":false,"animationType":"glow","displayAsButton":false,"buttonSize":"big","goToSlideType":"specified","invisible":false},{"x":30.685920577617328,"y":85.5743105919603,"width":44.40625,"height":9.74008421271508,"action":{"library":"H5P.CRAdvancedText 1.1","params":{"text":"<p><span style=\"font-size:1.5em;color:hsl(0,0%,100%);\"><strong>Eeyyen....... ani Adurreedha.<\/strong><\/span><\/p>"},"subContentId":"b9773034-3531-454d-a68b-a3da95ec9fd7","metadata":{"contentType":"Text","license":"U","title":"Untitled Text"}},"alwaysDisplayComments":false,"backgroundOpacity":0,"willDoAnimation":false,"animationType":"glow","displayAsButton":false,"buttonSize":"big","goToSlideType":"specified","invisible":false,"solution":""},{"x":47.00006578947369,"y":44.0012898320944,"width":40,"height":40,"action":{"library":"H5P.CRAudio 1.4","params":{"fitToWrapper":true,"currIndex":13,"playerMode":"minimalistic","controls":true,"autoplay":true,"playAudio":"Play audio","pauseAudio":"Pause audio","contentName":"Audio","glowColor":"#ffd85a","timeStampForEachText":[{"text":" Eeyyen....... ","startDuration":"0.0000","endDuration":"1.1829","wordfile":[{"path":"audios\/wordfile-670f567625354.wav","mime":"audio\/x-wav","copyright":{"license":"U"}}]},{"text":" ani ","startDuration":"1.1839","endDuration":"1.6546","wordfile":[{"path":"audios\/wordfile-670f56837bb79.wav","mime":"audio\/x-wav","copyright":{"license":"U"}}]},{"text":" Adurreedha. ","startDuration":"1.6546","endDuration":"2.5714","wordfile":[{"path":"audios\/wordfile-670f5692748c0.wav","mime":"audio\/x-wav","copyright":{"license":"U"}}]}],"files":[{"path":"audios\/files-670e326cc0dda.wav","mime":"audio\/x-wav","copyright":{"license":"U"}}]},"subContentId":"a07cc0b3-17f3-4efd-8aaf-4fda73fed5f5","metadata":{"contentType":"Curious Reader Audio","license":"U","title":"Untitled Curious Reader Audio"}},"backgroundOpacity":0,"willDoAnimation":false,"animationType":"glow","displayAsButton":false,"buttonSize":"big","goToSlideType":"specified","invisible":false},{"x":27.075812274368232,"y":10.696788823995037,"width":40,"height":40,"action":{"library":"H5P.Image 1.1","params":{"contentName":"Image"},"subContentId":"c4e0f9b7-8b02-43d2-8819-2dc2aa8167f1","metadata":{"contentType":"Image","license":"U","title":"Untitled Image"}},"backgroundOpacity":0,"willDoAnimation":true,"animationType":"glow","displayAsButton":false,"buttonSize":"big","goToSlideType":"specified","invisible":false,"id":"imga07cc0b3-17f3-4efd-8aaf-4fda73fed5f5_2"}]},{"slideBackgroundSelector":{},"elements":[{"x":3.2679738562091503,"y":6.455305615685532,"width":94.13898026315789,"height":87.71832926131934,"action":{"library":"H5P.Image 1.1","params":{"contentName":"Image","file":{"path":"images\/file-66f3dff3586c9.jpg","mime":"image\/jpeg","copyright":{"license":"U"},"width":1920,"height":1080}},"subContentId":"0e496803-b15f-4430-bbfa-e595a008b198","metadata":{"contentType":"Image","license":"U","title":"Untitled Image"}},"backgroundOpacity":0,"willDoAnimation":false,"animationType":"glow","displayAsButton":false,"buttonSize":"big","goToSlideType":"specified","invisible":false},{"x":31.25,"y":64.97894682122993,"width":42.76151315789474,"height":29.237147164318763,"action":{"library":"H5P.CRAdvancedText 1.1","params":{"text":"<p><span style=\"font-size:1.5em;color:hsl(0, 0%, 100%);\"><strong>Ani eenyu? Damma tolchuun jaaladha. Kanan jiraadhus gaagura keessa.<\/strong><\/span><\/p>"},"subContentId":"0c61361b-cc5b-49d7-8e6a-77d986441ae6","metadata":{"contentType":"Text","license":"U","title":"Untitled Text"}},"alwaysDisplayComments":false,"backgroundOpacity":0,"willDoAnimation":false,"animationType":"glow","displayAsButton":false,"buttonSize":"big","goToSlideType":"specified","invisible":false,"solution":""},{"x":47.00006578947369,"y":44.0012898320944,"width":40,"height":40,"action":{"library":"H5P.CRAudio 1.4","params":{"fitToWrapper":true,"currIndex":14,"playerMode":"minimalistic","controls":true,"autoplay":true,"playAudio":"Play audio","pauseAudio":"Pause audio","contentName":"Audio","glowColor":"#ffd85a","timeStampForEachText":[{"text":" Ani ","startDuration":"0.0000","endDuration":"0.4434","wordfile":[{"path":"audios\/wordfile-670f571adb928.wav","mime":"audio\/x-wav","copyright":{"license":"U"}}]},{"text":" eenyu? ","startDuration":"0.4434","endDuration":"1.2957","wordfile":[{"path":"audios\/wordfile-670f573b5c388.wav","mime":"audio\/x-wav","copyright":{"license":"U"}}]},{"text":" Damma ","startDuration":"1.2957","endDuration":"1.7017","wordfile":[{"path":"audios\/wordfile-670f574a14e30.wav","mime":"audio\/x-wav","copyright":{"license":"U"}}]},{"text":" tolchuun ","startDuration":"1.7017","endDuration":"2.2450","wordfile":[{"path":"audios\/wordfile-670f575b4ae0b.wav","mime":"audio\/x-wav","copyright":{"license":"U"}}]},{"text":" jaaladha. ","startDuration":"2.2450","endDuration":"3.3033","wordfile":[{"path":"audios\/wordfile-670f579df0896.wav","mime":"audio\/x-wav","copyright":{"license":"U"}}]},{"text":" Kanan ","startDuration":"3.3033","endDuration":"3.7551","wordfile":[{"path":"audios\/wordfile-670f57abc4f7e.wav","mime":"audio\/x-wav","copyright":{"license":"U"}}]},{"text":" jiraadhus ","startDuration":"3.7551","endDuration":"4.5959","wordfile":[{"path":"audios\/wordfile-670f57bd66a6c.wav","mime":"audio\/x-wav","copyright":{"license":"U"}}]},{"text":" gaagura ","startDuration":"4.5959","endDuration":"5.2994","wordfile":[{"path":"audios\/wordfile-670f57d3d9512.wav","mime":"audio\/x-wav","copyright":{"license":"U"}}]},{"text":" keessa. ","startDuration":"5.2994","endDuration":"5.8705","wordfile":[{"path":"audios\/wordfile-670f57e494b14.wav","mime":"audio\/x-wav","copyright":{"license":"U"}}]}],"files":[{"path":"audios\/files-670e328105665.wav","mime":"audio\/x-wav","copyright":{"license":"U"}}]},"subContentId":"c2007432-1fd6-4ed1-a7fc-0c5d736d5a1e","metadata":{"contentType":"Curious Reader Audio","license":"U","title":"Untitled Curious Reader Audio"}},"backgroundOpacity":0,"willDoAnimation":false,"animationType":"glow","displayAsButton":false,"buttonSize":"big","goToSlideType":"specified","invisible":false}]},{"slideBackgroundSelector":{},"elements":[{"x":3.289473684210526,"y":6.497894682122992,"width":94.13898026315789,"height":87.71832926131934,"action":{"library":"H5P.Image 1.1","params":{"contentName":"Image","file":{"path":"images\/file-6708df8baf33c.png","mime":"image\/png","copyright":{"license":"U"},"width":1308,"height":732}},"subContentId":"0e496803-b15f-4430-bbfa-e595a008b198","metadata":{"contentType":"Image","license":"U","title":"Untitled Image"}},"backgroundOpacity":0,"willDoAnimation":false,"animationType":"glow","displayAsButton":false,"buttonSize":"big","goToSlideType":"specified","invisible":false},{"x":30.685920577617328,"y":85.5743105919603,"width":37.82527075812274,"height":10.696788823995037,"action":{"library":"H5P.CRAdvancedText 1.1","params":{"text":"<p><span style=\"font-size:1.5em;color:hsl(0,0%,100%);\"><strong>Eeyyen....... ani Kanniisa.<\/strong><\/span><\/p>"},"subContentId":"a93b34d0-1c03-43fb-8c69-1efc078dfe8c","metadata":{"contentType":"Text","license":"U","title":"Untitled Text"}},"alwaysDisplayComments":false,"backgroundOpacity":0,"willDoAnimation":false,"animationType":"glow","displayAsButton":false,"buttonSize":"big","goToSlideType":"specified","invisible":false,"solution":""},{"x":47.00006578947369,"y":44.0012898320944,"width":40,"height":40,"action":{"library":"H5P.CRAudio 1.4","params":{"fitToWrapper":true,"currIndex":15,"playerMode":"minimalistic","controls":true,"autoplay":true,"playAudio":"Play audio","pauseAudio":"Pause audio","contentName":"Audio","glowColor":"#ffd85a","timeStampForEachText":[{"text":" Eeyyen....... ","startDuration":"0.0000","endDuration":"1.2180","wordfile":[{"path":"audios\/wordfile-670f584564637.wav","mime":"audio\/x-wav","copyright":{"license":"U"}}]},{"text":" ani ","startDuration":"1.2190","endDuration":"1.7599","wordfile":[{"path":"audios\/wordfile-670f5851b3ea7.wav","mime":"audio\/x-wav","copyright":{"license":"U"}}]},{"text":" Kanniisa. ","startDuration":"1.7599","endDuration":"2.5714","wordfile":[{"path":"audios\/wordfile-670f585f8f0e0.wav","mime":"audio\/x-wav","copyright":{"license":"U"}}]}],"files":[{"path":"audios\/files-670e32921451d.wav","mime":"audio\/x-wav","copyright":{"license":"U"}}]},"subContentId":"44eba265-d6f2-4ead-b063-4e6dde26313f","metadata":{"contentType":"Curious Reader Audio","license":"U","title":"Untitled Curious Reader Audio"}},"backgroundOpacity":0,"willDoAnimation":false,"animationType":"glow","displayAsButton":false,"buttonSize":"big","goToSlideType":"specified","invisible":false},{"x":30.685920577617328,"y":17.82798137332506,"width":40,"height":40,"action":{"library":"H5P.Image 1.1","params":{"contentName":"Image"},"subContentId":"85bac88d-3140-49df-a5e0-58f2fa716df4","metadata":{"contentType":"Image","license":"U","title":"Untitled Image"}},"backgroundOpacity":0,"willDoAnimation":true,"animationType":"glow","displayAsButton":false,"buttonSize":"big","goToSlideType":"specified","invisible":false,"id":"img44eba265-d6f2-4ead-b063-4e6dde26313f_2"}]},{"slideBackgroundSelector":{},"elements":[{"x":3.289473684210526,"y":6.497894682122992,"width":94.13898026315789,"height":87.71832926131934,"action":{"library":"H5P.Image 1.1","params":{"contentName":"Image","file":{"path":"images\/file-66f3e00922ecd.jpg","mime":"image\/jpeg","copyright":{"license":"U"},"width":1310,"height":736}},"subContentId":"0e496803-b15f-4430-bbfa-e595a008b198","metadata":{"contentType":"Image","license":"U","title":"Untitled Image"}},"backgroundOpacity":0,"willDoAnimation":false,"animationType":"glow","displayAsButton":false,"buttonSize":"big","goToSlideType":"specified","invisible":false},{"x":29.605263157894736,"y":64.97894682122993,"width":42.76151315789474,"height":29.237147164318763,"action":{"library":"H5P.CRAdvancedText 1.1","params":{"text":"<p><span style=\"font-size:1.5em;color:hsl(0, 0%, 100%);\"><strong>Ani eenyu? Hanqaaquu buusuun jaaladha. Kanan jiraadhus dallaa keessa.<\/strong><\/span><\/p>"},"subContentId":"5c3cd195-6f66-4b7c-82cf-8e348b7c8d70","metadata":{"contentType":"Text","license":"U","title":"Untitled Text"}},"alwaysDisplayComments":false,"backgroundOpacity":0,"willDoAnimation":false,"animationType":"glow","displayAsButton":false,"buttonSize":"big","goToSlideType":"specified","invisible":false,"solution":""},{"x":47.00003610108303,"y":44.0016330430938,"width":40,"height":40,"action":{"library":"H5P.CRAudio 1.4","params":{"fitToWrapper":true,"currIndex":16,"playerMode":"minimalistic","controls":true,"autoplay":true,"playAudio":"Play audio","pauseAudio":"Pause audio","contentName":"Audio","glowColor":"#ffd85a","timeStampForEachText":[{"text":" Ani ","startDuration":"0.0000","endDuration":"0.4083","wordfile":[{"path":"audios\/wordfile-670f59e68c9be.wav","mime":"audio\/x-wav","copyright":{"license":"U"}}]},{"text":" eenyu? ","startDuration":"0.4093","endDuration":"1.2574","wordfile":[{"path":"audios\/wordfile-670f59f732591.wav","mime":"audio\/x-wav","copyright":{"license":"U"}}]},{"text":" Hanqaaquu ","startDuration":"1.2584","endDuration":"2.1181","wordfile":[{"path":"audios\/wordfile-670f5a11ded77.wav","mime":"audio\/x-wav","copyright":{"license":"U"}}]},{"text":" buusuun ","startDuration":"2.1191","endDuration":"2.4233","wordfile":[{"path":"audios\/wordfile-670f5a39505be.wav","mime":"audio\/x-wav","copyright":{"license":"U"}}]},{"text":" jaaladha. ","startDuration":"2.4243","endDuration":"3.4113","wordfile":[{"path":"audios\/wordfile-670f5a4b982fd.wav","mime":"audio\/x-wav","copyright":{"license":"U"}}]},{"text":" Kanan ","startDuration":"3.4123","endDuration":"3.8602","wordfile":[{"path":"audios\/wordfile-670f5a64e3244.wav","mime":"audio\/x-wav","copyright":{"license":"U"}}]},{"text":" jiraadhus ","startDuration":"3.8612","endDuration":"4.6583","wordfile":[{"path":"audios\/wordfile-670f5a7a2da51.wav","mime":"audio\/x-wav","copyright":{"license":"U"}}]},{"text":" dallaa ","startDuration":"4.6593","endDuration":"5.3212","wordfile":[{"path":"audios\/wordfile-670f5a8ceedd1.wav","mime":"audio\/x-wav","copyright":{"license":"U"}}]},{"text":" keessa. ","startDuration":"5.3222","endDuration":"5.9375","wordfile":[{"path":"audios\/wordfile-670f5aa0a59b0.wav","mime":"audio\/x-wav","copyright":{"license":"U"}}]}],"files":[{"path":"audios\/files-670f59d329b26.wav","mime":"audio\/x-wav","copyright":{"license":"U"}}]},"subContentId":"b0cc8b2b-712e-4e29-a4b8-f7ef92c35a64","metadata":{"contentType":"Curious Reader Audio","license":"U","title":"Untitled Curious Reader Audio"}},"backgroundOpacity":0,"willDoAnimation":false,"animationType":"glow","displayAsButton":false,"buttonSize":"big","goToSlideType":"specified","invisible":false}]},{"slideBackgroundSelector":{},"elements":[{"x":3.289473684210526,"y":9.746842023184488,"width":94.13898026315789,"height":87.71832926131934,"action":{"library":"H5P.Image 1.1","params":{"contentName":"Image","file":{"path":"images\/file-6708dfa9a8531.png","mime":"image\/png","copyright":{"license":"U"},"width":1311,"height":738}},"subContentId":"0e496803-b15f-4430-bbfa-e595a008b198","metadata":{"contentType":"Image","license":"U","title":"Untitled Image"}},"backgroundOpacity":0,"willDoAnimation":false,"animationType":"glow","displayAsButton":false,"buttonSize":"big","goToSlideType":"specified","invisible":false},{"x":31.690140845070424,"y":86.9438203810226,"width":41.11677631578947,"height":9.743463117949785,"action":{"library":"H5P.CRAdvancedText 1.1","params":{"text":"<p><span style=\"font-size:1.5em;color:hsl(0,0%,100%);\"><strong>Eeyyen....... ani Lukkuudha.<\/strong><\/span><\/p>"},"subContentId":"fb53adb1-9316-45b8-90a5-d91e931cda03","metadata":{"contentType":"Text","license":"U","title":"Untitled Text"}},"alwaysDisplayComments":false,"backgroundOpacity":0,"willDoAnimation":false,"animationType":"glow","displayAsButton":false,"buttonSize":"big","goToSlideType":"specified","invisible":false,"solution":""},{"x":47.000625,"y":44.00087639370944,"width":40,"height":40,"action":{"library":"H5P.CRAudio 1.4","params":{"fitToWrapper":true,"currIndex":17,"playerMode":"minimalistic","controls":true,"autoplay":true,"playAudio":"Play audio","pauseAudio":"Pause audio","contentName":"Audio","glowColor":"#ffd85a","timeStampForEachText":[{"text":" Eeyyen....... ","startDuration":"0.0000","endDuration":"1.2399","wordfile":[{"path":"audios\/wordfile-670f5ac9e9870.wav","mime":"audio\/x-wav","copyright":{"license":"U"}}]},{"text":" ani ","startDuration":"1.2399","endDuration":"1.7141","wordfile":[{"path":"audios\/wordfile-670f5ad5e732e.wav","mime":"audio\/x-wav","copyright":{"license":"U"}}]},{"text":" Lukkuudha. ","startDuration":"1.7141","endDuration":"2.4911","wordfile":[{"path":"audios\/wordfile-670f5ae63b582.wav","mime":"audio\/x-wav","copyright":{"license":"U"}}]}],"files":[{"path":"audios\/files-670f5ab8a83c7.wav","mime":"audio\/x-wav","copyright":{"license":"U"}}]},"subContentId":"5fecddad-6996-400a-820a-cc0b657f152d","metadata":{"contentType":"Curious Reader Audio","license":"U","title":"Untitled Curious Reader Audio"}},"backgroundOpacity":0,"willDoAnimation":false,"animationType":"glow","displayAsButton":false,"buttonSize":"big","goToSlideType":"specified","invisible":false},{"x":28.169014084507044,"y":17.38876407620452,"width":40,"height":40,"action":{"library":"H5P.Image 1.1","params":{"contentName":"Image"},"subContentId":"188459c6-3523-4ba4-b859-606b10a00cc8","metadata":{"contentType":"Image","license":"U","title":"Untitled Image"}},"backgroundOpacity":0,"willDoAnimation":true,"animationType":"glow","displayAsButton":false,"buttonSize":"big","goToSlideType":"specified","invisible":false,"id":"img5fecddad-6996-400a-820a-cc0b657f152d_2"}]},{"slideBackgroundSelector":{},"elements":[{"x":3.289473684210526,"y":6.497894682122992,"width":94.13898026315789,"height":87.71832926131934,"action":{"library":"H5P.Image 1.1","params":{"contentName":"Image","file":{"path":"images\/file-66f3e0185f129.jpg","mime":"image\/jpeg","copyright":{"license":"U"},"width":1310,"height":736}},"subContentId":"0e496803-b15f-4430-bbfa-e595a008b198","metadata":{"contentType":"Image","license":"U","title":"Untitled Image"}},"backgroundOpacity":0,"willDoAnimation":false,"animationType":"glow","displayAsButton":false,"buttonSize":"big","goToSlideType":"specified","invisible":false},{"x":29.929577464788736,"y":66.07730348957719,"width":49.29577464788733,"height":27.81840565899938,"action":{"library":"H5P.CRAdvancedText 1.1","params":{"text":"<p><span style=\"font-size:1.5em;color:hsl(0, 0%, 100%);\"><strong>Ani eenyu? Kurup kurup jedhen deemuu jaaladha. Kanan jiraadhus boolla keessa.<\/strong><\/span><\/p>"},"subContentId":"3426745b-a093-49fa-86bc-0e465063d009","metadata":{"contentType":"Text","license":"U","title":"Untitled Text"}},"alwaysDisplayComments":false,"backgroundOpacity":0,"willDoAnimation":false,"animationType":"glow","displayAsButton":false,"buttonSize":"big","goToSlideType":"specified","invisible":false,"solution":""},{"x":47.000625,"y":44.00087639370944,"width":40,"height":40,"action":{"library":"H5P.CRAudio 1.4","params":{"fitToWrapper":true,"currIndex":18,"playerMode":"minimalistic","controls":true,"autoplay":true,"playAudio":"Play audio","pauseAudio":"Pause audio","contentName":"Audio","glowColor":"#ffd85a","timeStampForEachText":[{"text":" Ani ","startDuration":"0.0000","endDuration":"0.6028","wordfile":[{"path":"audios\/wordfile-670f5b3a3b5e1.wav","mime":"audio\/x-wav","copyright":{"license":"U"}}]},{"text":" eenyu? ","startDuration":"0.6028","endDuration":"1.3819","wordfile":[{"path":"audios\/wordfile-670f5b4d430cc.wav","mime":"audio\/x-wav","copyright":{"license":"U"}}]},{"text":" Kurup ","startDuration":"1.3819","endDuration":"1.7707","wordfile":[{"path":"audios\/wordfile-670f5b5dcb10c.wav","mime":"audio\/x-wav","copyright":{"license":"U"}}]},{"text":" kurup ","startDuration":"1.7707","endDuration":"2.4868","wordfile":[{"path":"audios\/wordfile-670f5b7100700.wav","mime":"audio\/x-wav","copyright":{"license":"U"}}]},{"text":" jedhen ","startDuration":"2.4868","endDuration":"3.0393","wordfile":[{"path":"audios\/wordfile-670f5b7f7bf69.wav","mime":"audio\/x-wav","copyright":{"license":"U"}}]},{"text":" deemuu ","startDuration":"3.0393","endDuration":"3.3526","wordfile":[{"path":"audios\/wordfile-670f5b8cc45a8.wav","mime":"audio\/x-wav","copyright":{"license":"U"}}]},{"text":" jaaladha. ","startDuration":"3.3526","endDuration":"4.1820","wordfile":[{"path":"audios\/wordfile-670f5b9f952fb.wav","mime":"audio\/x-wav","copyright":{"license":"U"}}]},{"text":" Kanan ","startDuration":"4.1820","endDuration":"4.6841","wordfile":[{"path":"audios\/wordfile-670f5bac4c304.wav","mime":"audio\/x-wav","copyright":{"license":"U"}}]},{"text":" jiraadhus ","startDuration":"4.6841","endDuration":"5.4506","wordfile":[{"path":"audios\/wordfile-670f5bba9d1b9.wav","mime":"audio\/x-wav","copyright":{"license":"U"}}]},{"text":" boolla ","startDuration":"5.4506","endDuration":"5.9401","wordfile":[{"path":"audios\/wordfile-670f5bc8260b1.wav","mime":"audio\/x-wav","copyright":{"license":"U"}}]},{"text":" keessa. ","startDuration":"5.9401","endDuration":"6.6339","wordfile":[{"path":"audios\/wordfile-670f5bd93fcb1.wav","mime":"audio\/x-wav","copyright":{"license":"U"}}]}],"files":[{"path":"audios\/files-670f5b2fa4927.wav","mime":"audio\/x-wav","copyright":{"license":"U"}}]},"subContentId":"3dc040b6-4e20-49e9-b8bb-fad578737669","metadata":{"contentType":"Curious Reader Audio","license":"U","title":"Untitled Curious Reader Audio"}},"backgroundOpacity":0,"willDoAnimation":false,"animationType":"glow","displayAsButton":false,"buttonSize":"big","goToSlideType":"specified","invisible":false}]},{"slideBackgroundSelector":{},"elements":[{"x":3.289473684210526,"y":6.497894682122992,"width":94.13898026315789,"height":87.71832926131934,"action":{"library":"H5P.Image 1.1","params":{"contentName":"Image","file":{"path":"images\/file-6708dfc4d5860.png","mime":"image\/png","copyright":{"license":"U"},"width":1309,"height":733}},"subContentId":"0e496803-b15f-4430-bbfa-e595a008b198","metadata":{"contentType":"Image","license":"U","title":"Untitled Image"}},"backgroundOpacity":0,"willDoAnimation":false,"animationType":"glow","displayAsButton":false,"buttonSize":"big","goToSlideType":"specified","invisible":false},{"x":29.929577464788736,"y":83.4660675657817,"width":46.05098684210527,"height":12.989031553776577,"action":{"library":"H5P.CRAdvancedText 1.1","params":{"text":"<p><span style=\"font-size:1.5em;color:hsl(0,0%,100%);\"><strong>Eeyyen....... ani illeettiidha.<\/strong><\/span><\/p>"},"subContentId":"04ed80cb-a302-4525-a1eb-7c70f754693f","metadata":{"contentType":"Text","license":"U","title":"Untitled Text"}},"alwaysDisplayComments":false,"backgroundOpacity":0,"willDoAnimation":false,"animationType":"glow","displayAsButton":false,"buttonSize":"big","goToSlideType":"specified","invisible":false,"solution":""},{"x":47.000625,"y":44.00087639370944,"width":40,"height":40,"action":{"library":"H5P.CRAudio 1.4","params":{"fitToWrapper":true,"currIndex":19,"playerMode":"minimalistic","controls":true,"autoplay":true,"playAudio":"Play audio","pauseAudio":"Pause audio","contentName":"Audio","glowColor":"#ffd85a","timeStampForEachText":[{"text":" Eeyyen....... ","startDuration":"0.0000","endDuration":"1.2492","wordfile":[{"path":"audios\/wordfile-670f5cacd1607.wav","mime":"audio\/x-wav","copyright":{"license":"U"}}]},{"text":" ani ","startDuration":"1.2492","endDuration":"1.7177","wordfile":[{"path":"audios\/wordfile-670f5cb98f5be.wav","mime":"audio\/x-wav","copyright":{"license":"U"}}]},{"text":" illeettiidha. ","startDuration":"1.7177","endDuration":"2.6205","wordfile":[{"path":"audios\/wordfile-670f5cdcde65f.wav","mime":"audio\/x-wav","copyright":{"license":"U"}}]}],"files":[{"path":"audios\/files-670f5c9d34a9f.wav","mime":"audio\/x-wav","copyright":{"license":"U"}}]},"subContentId":"232635ac-5adc-4aa2-a7d4-18e96057b251","metadata":{"contentType":"Curious Reader Audio","license":"U","title":"Untitled Curious Reader Audio"}},"backgroundOpacity":0,"willDoAnimation":false,"animationType":"glow","displayAsButton":false,"buttonSize":"big","goToSlideType":"specified","invisible":false},{"x":28.169014084507044,"y":10.433258445722712,"width":40,"height":40,"action":{"library":"H5P.Image 1.1","params":{"contentName":"Image"},"subContentId":"286cf20b-a615-4327-9908-bce77afc2690","metadata":{"contentType":"Image","license":"U","title":"Untitled Image"}},"backgroundOpacity":0,"willDoAnimation":true,"animationType":"glow","displayAsButton":false,"buttonSize":"big","goToSlideType":"specified","invisible":false,"id":"img232635ac-5adc-4aa2-a7d4-18e96057b251_2"}]},{"slideBackgroundSelector":{},"elements":[{"x":3.289473684210526,"y":6.497894682122992,"width":94.13898026315789,"height":87.71832926131934,"action":{"library":"H5P.Image 1.1","params":{"contentName":"Image","file":{"path":"images\/file-66f3e02675b95.jpg","mime":"image\/jpeg","copyright":{"license":"U"},"width":1310,"height":736}},"subContentId":"0e496803-b15f-4430-bbfa-e595a008b198","metadata":{"contentType":"Image","license":"U","title":"Untitled Image"}},"backgroundOpacity":0,"willDoAnimation":false,"animationType":"glow","displayAsButton":false,"buttonSize":"big","goToSlideType":"specified","invisible":false},{"x":27.960526315789473,"y":64.97894682122993,"width":54.27467105263158,"height":30.438575401569892,"action":{"library":"H5P.CRAdvancedText 1.1","params":{"text":"<p><span style=\"font-size:1.5em;color:hsl(0,0%,100%);\"><strong>Ani eenyu? Habaaboo fuunfachuun jaaladha. Kanan jiraadhus....... mee gara alaa ilaalaa!<\/strong><\/span><\/p>"},"subContentId":"ec60ae05-2bc3-4084-8e87-98e7625b63b7","metadata":{"contentType":"Text","license":"U","title":"Untitled Text"}},"alwaysDisplayComments":false,"backgroundOpacity":0,"willDoAnimation":false,"animationType":"glow","displayAsButton":false,"buttonSize":"big","goToSlideType":"specified","invisible":false,"solution":""},{"x":47.000625,"y":44.00087639370944,"width":40,"height":40,"action":{"library":"H5P.CRAudio 1.4","params":{"fitToWrapper":true,"currIndex":20,"playerMode":"minimalistic","controls":true,"autoplay":true,"playAudio":"Play audio","pauseAudio":"Pause audio","contentName":"Audio","glowColor":"#ffd85a","timeStampForEachText":[{"text":" Ani ","startDuration":"0.0000","endDuration":"0.5463","wordfile":[{"path":"audios\/wordfile-670f5d3f6ea38.wav","mime":"audio\/x-wav","copyright":{"license":"U"}}]},{"text":" eenyu? ","startDuration":"0.5463","endDuration":"1.4773","wordfile":[{"path":"audios\/wordfile-670f5d52cb62e.wav","mime":"audio\/x-wav","copyright":{"license":"U"}}]},{"text":" Habaaboo ","startDuration":"1.4773","endDuration":"2.1390","wordfile":[{"path":"audios\/wordfile-670f5d61aa678.wav","mime":"audio\/x-wav","copyright":{"license":"U"}}]},{"text":" fuunfachuun ","startDuration":"2.1390","endDuration":"2.7376","wordfile":[{"path":"audios\/wordfile-670f5da90f54b.wav","mime":"audio\/x-wav","copyright":{"license":"U"}}]},{"text":" jaaladha. ","startDuration":"2.7386","endDuration":"3.7081","wordfile":[{"path":"audios\/wordfile-670f5dbccc709.wav","mime":"audio\/x-wav","copyright":{"license":"U"}}]},{"text":" Kanan ","startDuration":"3.7091","endDuration":"4.1400","wordfile":[{"path":"audios\/wordfile-670f5dd5bdc3a.wav","mime":"audio\/x-wav","copyright":{"license":"U"}}]},{"text":" jiraadhus....... ","startDuration":"4.1410","endDuration":"5.1746","wordfile":[{"path":"audios\/wordfile-670f5dec908ed.wav","mime":"audio\/x-wav","copyright":{"license":"U"}}]},{"text":" mee ","startDuration":"5.1756","endDuration":"5.5936","wordfile":[{"path":"audios\/wordfile-670f5e081da64.wav","mime":"audio\/x-wav","copyright":{"license":"U"}}]},{"text":" gara ","startDuration":"5.5946","endDuration":"5.9485","wordfile":[{"path":"audios\/wordfile-670f5e260b6ce.wav","mime":"audio\/x-wav","copyright":{"license":"U"}}]},{"text":" alaa ","startDuration":"5.9495","endDuration":"6.1495","wordfile":[{"path":"audios\/wordfile-670f5e3987018.wav","mime":"audio\/x-wav","copyright":{"license":"U"}}]},{"text":" ilaalaa! ","startDuration":"6.1505","endDuration":"6.7589","wordfile":[{"path":"audios\/wordfile-670f5e4eb2d49.wav","mime":"audio\/x-wav","copyright":{"license":"U"}}]}],"files":[{"path":"audios\/files-670f5d3046bd3.wav","mime":"audio\/x-wav","copyright":{"license":"U"}}]},"subContentId":"7ea46de4-9b2c-479b-bf65-c2a985ed3b75","metadata":{"contentType":"Curious Reader Audio","license":"U","title":"Untitled Curious Reader Audio"}},"backgroundOpacity":0,"willDoAnimation":false,"animationType":"glow","displayAsButton":false,"buttonSize":"big","goToSlideType":"specified","invisible":false}]},{"slideBackgroundSelector":{},"elements":[{"x":3.289473684210526,"y":6.497894682122992,"width":94.13898026315789,"height":87.71832926131934,"action":{"library":"H5P.Image 1.1","params":{"contentName":"Image","file":{"path":"images\/file-6708e00670df8.png","mime":"image\/png","copyright":{"license":"U"},"width":1309,"height":728}},"subContentId":"0e496803-b15f-4430-bbfa-e595a008b198","metadata":{"contentType":"Image","license":"U","title":"Untitled Image"}},"backgroundOpacity":0,"willDoAnimation":false,"animationType":"glow","displayAsButton":false,"buttonSize":"big","goToSlideType":"specified","invisible":false},{"x":21.126760563380284,"y":83.4660675657817,"width":66.90140845070422,"height":12.98725055817933,"action":{"library":"H5P.CRAdvancedText 1.1","params":{"text":"<p><span style=\"font-size:1.5em;color:hsl(0,0%,100%);\"><strong>Eeyyen....... ani billaacha bareeddudha.<\/strong><\/span><\/p>"},"subContentId":"0e1f9239-baa3-4618-8c6a-f8eade6a58fc","metadata":{"contentType":"Text","license":"U","title":"Untitled Text"}},"alwaysDisplayComments":false,"backgroundOpacity":0,"willDoAnimation":false,"animationType":"glow","displayAsButton":false,"buttonSize":"big","goToSlideType":"specified","invisible":false,"solution":""},{"x":47.000625,"y":44.00087639370944,"width":40,"height":40,"action":{"library":"H5P.CRAudio 1.4","params":{"fitToWrapper":true,"currIndex":21,"playerMode":"minimalistic","controls":true,"autoplay":true,"playAudio":"Play audio","pauseAudio":"Pause audio","contentName":"Audio","glowColor":"#ffd85a","timeStampForEachText":[{"text":" Eeyyen....... ","startDuration":"0.0000","endDuration":"1.2802","wordfile":[{"path":"audios\/wordfile-670f5e8ae44b9.wav","mime":"audio\/x-wav","copyright":{"license":"U"}}]},{"text":" ani ","startDuration":"1.2802","endDuration":"1.8403","wordfile":[{"path":"audios\/wordfile-670f5e9b2266c.wav","mime":"audio\/x-wav","copyright":{"license":"U"}}]},{"text":" billaacha ","startDuration":"1.8403","endDuration":"2.5161","wordfile":[{"path":"audios\/wordfile-670f5eb85f3b4.wav","mime":"audio\/x-wav","copyright":{"license":"U"}}]},{"text":" bareeddudha. ","startDuration":"2.5161","endDuration":"3.3884","wordfile":[{"path":"audios\/wordfile-670f5ecb7838d.wav","mime":"audio\/x-wav","copyright":{"license":"U"}}]}],"files":[{"path":"audios\/files-670f5e7cc11eb.wav","mime":"audio\/x-wav","copyright":{"license":"U"}}]},"subContentId":"2f0b7d9e-f6c6-45fd-bb39-d2dbbfe58b79","metadata":{"contentType":"Curious Reader Audio","license":"U","title":"Untitled Curious Reader Audio"}},"backgroundOpacity":0,"willDoAnimation":false,"animationType":"glow","displayAsButton":false,"buttonSize":"big","goToSlideType":"specified","invisible":false},{"x":28.169014084507044,"y":17.38876407620452,"width":40,"height":40,"action":{"library":"H5P.Image 1.1","params":{"contentName":"Image"},"subContentId":"c1e7dd80-e01a-486d-892a-49362b6128fa","metadata":{"contentType":"Image","license":"U","title":"Untitled Image"}},"backgroundOpacity":0,"willDoAnimation":true,"animationType":"glow","displayAsButton":false,"buttonSize":"big","goToSlideType":"specified","invisible":false,"id":"img2f0b7d9e-f6c6-45fd-bb39-d2dbbfe58b79_3"}]},{"elements":[{"x":4.934210526315789,"y":6.497894682122992,"width":90.84950657894737,"height":90.96727660238084,"action":{"library":"H5P.Image 1.1","params":{"contentName":"Image","file":{"path":"images\/file-672f13b1c74f4.png","mime":"image\/png","copyright":{"license":"U"},"width":1847,"height":934}},"subContentId":"29f0d62d-d4e7-406e-8ecd-1909e8aaada8","metadata":{"contentType":"Image","license":"U","title":"Untitled Image"}},"backgroundOpacity":0,"willDoAnimation":false,"animationType":"glow","displayAsButton":false,"buttonSize":"big","goToSlideType":"specified","invisible":false}],"slideBackgroundSelector":{}}],"keywordListEnabled":true,"globalBackgroundSelector":{},"keywordListAlwaysShow":false,"keywordListAutoHide":false,"keywordListOpacity":90},"override":{"activeSurface":false,"hideSummarySlide":false,"summarySlideSolutionButton":true,"summarySlideRetryButton":true,"enablePrintButton":false,"social":{"showFacebookShare":false,"facebookShare":{"url":"@currentpageurl","quote":"I scored @score out of @maxScore on a task at @currentpageurl."},"showTwitterShare":false,"twitterShare":{"statement":"I scored @score out of @maxScore on a task at @currentpageurl.","url":"@currentpageurl","hashtags":"h5p, course"},"showGoogleShare":false,"googleShareUrl":"@currentpageurl"}},"l10n":{"slide":"Slide","score":"Score","yourScore":"Your Score","maxScore":"Max Score","total":"Total","totalScore":"Total Score","showSolutions":"Show solutions","retry":"Retry","exportAnswers":"Export text","hideKeywords":"Hide sidebar navigation menu","showKeywords":"Show sidebar navigation menu","fullscreen":"Fullscreen","exitFullscreen":"Exit fullscreen","prevSlide":"Previous slide","nextSlide":"Next slide","currentSlide":"Current slide","lastSlide":"Last slide","solutionModeTitle":"Exit solution mode","solutionModeText":"Solution Mode","summaryMultipleTaskText":"Multiple tasks","scoreMessage":"You achieved:","shareFacebook":"Share on Facebook","shareTwitter":"Share on Twitter","shareGoogle":"Share on Google+","summary":"Summary","solutionsButtonTitle":"Show comments","printTitle":"Print","printIngress":"How would you like to print this presentation?","printAllSlides":"Print all slides","printCurrentSlide":"Print current slide","noTitle":"No title","accessibilitySlideNavigationExplanation":"Use left and right arrow to change slide in that direction whenever canvas is selected.","accessibilityCanvasLabel":"Presentation canvas. Use left and right arrow to move between slides.","containsNotCompleted":"@slideName contains not completed interaction","containsCompleted":"@slideName contains completed interaction","slideCount":"Slide @index of @total","containsOnlyCorrect":"@slideName only has correct answers","containsIncorrectAnswers":"@slideName has incorrect answers","shareResult":"Share Result","accessibilityTotalScore":"You got @score of @maxScore points in total","accessibilityEnteredFullscreen":"Entered fullscreen","accessibilityExitedFullscreen":"Exited fullscreen"}}