{"presentation":{"slides":[{"elements":[{"x":11.982570806100219,"y":83.87096774193547,"width":78.86710239651417,"height":15.053763440860214,"action":{"library":"H5P.CRAdvancedText 1.1","params":{"text":"<h2 dir=\"ltr\" style=\"text-align: center;\"><span style=\"font-size:2.25em;\">\u0916\u0947\u0932 \u092e\u0948\u0926\u093e\u0928<\/span><\/h2>\n"},"subContentId":"90697ea5-581d-4cce-b8d5-c3e964c80fe3","metadata":{"contentType":"Text","license":"U","title":"Untitled Text"}},"alwaysDisplayComments":false,"backgroundOpacity":0,"willDoAnimation":false,"animationType":"glow","displayAsButton":false,"buttonSize":"big","goToSlideType":"specified","invisible":false,"solution":""},{"x":3.2679738562091507,"y":4.29436559139785,"width":91.28540305010894,"height":77.41935483870967,"action":{"library":"H5P.Image 1.1","params":{"contentName":"Image","file":{"path":"images\/file-65771e0ae63e0.jpg","mime":"image\/jpeg","copyright":{"license":"U"},"width":1024,"height":490}},"subContentId":"4b5f1fe6-22a7-4ade-bfe5-6c2a6969447d","metadata":{"contentType":"Image","license":"U","title":"Untitled Image"}},"backgroundOpacity":0,"willDoAnimation":false,"animationType":"glow","displayAsButton":false,"buttonSize":"big","goToSlideType":"specified","invisible":false}],"slideBackgroundSelector":{}},{"elements":[{"x":7.625272331154684,"y":2.150537634408602,"width":39.97821350762527,"height":95.69892473118279,"action":{"library":"H5P.Image 1.1","params":{"contentName":"Image","file":{"path":"images\/file-6577290f7836f.jpeg","mime":"image\/jpeg","copyright":{"license":"U"},"width":1024,"height":1472}},"subContentId":"476fadde-9027-4ab4-aca7-b46b802384a1","metadata":{"contentType":"Image","license":"U","title":"Untitled Image"}},"backgroundOpacity":0,"willDoAnimation":false,"animationType":"glow","displayAsButton":false,"buttonSize":"big","goToSlideType":"specified","invisible":false},{"x":44.642857142857146,"y":37.78337531486146,"width":48.97959183673469,"height":40.050377833753146,"action":{"library":"H5P.CRAdvancedText 1.1","params":{"text":"<p dir=\"ltr\" style=\"text-align: center;\"><span style=\"font-size:2.25em;\"><span style=\"color:#ffffff;\">\u0939\u093e\u092e\u0940 \u0916\u0947\u0932 \u092e\u0948\u0926\u093e\u0928\u092e\u093e \u091c\u093e\u0928 \u091a\u093e\u0939\u0928\u094d\u091b\u094c\u0902\u0964<\/span><\/span><\/p>\n"},"subContentId":"4a13a470-f3c0-45b7-bbb6-948224693b56","metadata":{"contentType":"Text","license":"U","title":"Untitled Text"}},"alwaysDisplayComments":false,"backgroundOpacity":0,"willDoAnimation":false,"animationType":"glow","displayAsButton":false,"buttonSize":"big","goToSlideType":"specified","invisible":false,"solution":""},{"x":47.00255102040816,"y":43.95465994962216,"width":40,"height":40,"action":{"library":"H5P.CRAudio 1.4","params":{"fitToWrapper":true,"currIndex":1,"playerMode":"minimalistic","controls":true,"autoplay":true,"playAudio":"Play audio","pauseAudio":"Pause audio","contentName":"Audio","glowColor":"#ffd85a","timeStampForEachText":[{"text":" \u0939\u093e\u092e\u0940 ","startDuration":"0.0000","endDuration":"0.6396","wordfile":[{"path":"audios\/wordfile-65e09b48b9c20.wav","mime":"audio\/x-wav","copyright":{"license":"U"}}]},{"text":" \u0916\u0947\u0932 ","startDuration":"0.6406","endDuration":"1.1656","wordfile":[{"path":"audios\/wordfile-65e09b71165f2.wav","mime":"audio\/x-wav","copyright":{"license":"U"}}]},{"text":" \u092e\u0948\u0926\u093e\u0928\u092e\u093e ","startDuration":"1.1666","endDuration":"2.0165","wordfile":[{"path":"audios\/wordfile-65e09b95038aa.wav","mime":"audio\/x-wav","copyright":{"license":"U"}}]},{"text":" \u091c\u093e\u0928 ","startDuration":"2.0175","endDuration":"2.6476","wordfile":[{"path":"audios\/wordfile-65e09bad3fb0f.wav","mime":"audio\/x-wav","copyright":{"license":"U"}}]},{"text":" \u091a\u093e\u0939\u0928\u094d\u091b\u094c\u0902\u0964 ","startDuration":"2.6486","endDuration":"3.5458","wordfile":[{"path":"audios\/wordfile-65e09bc601236.wav","mime":"audio\/x-wav","copyright":{"license":"U"}}]}],"files":[{"path":"audios\/files-65e09b304ac3e.wav","mime":"audio\/x-wav","copyright":{"license":"U"}}]},"subContentId":"5c8f1fc5-dcd0-411d-8ae9-c7e36fb4de47","metadata":{"contentType":"Curious Reader Audio","license":"U","title":"Untitled Curious Reader Audio"}},"backgroundOpacity":0,"willDoAnimation":false,"animationType":"glow","displayAsButton":false,"buttonSize":"big","goToSlideType":"specified","invisible":false},{"x":12.755102040816327,"y":35.23501259445844,"width":21.301020408163264,"height":49.622166246851386,"action":{"library":"H5P.Image 1.1","params":{"contentName":"Image"},"subContentId":"5b69faf1-7dfb-4bfe-a69c-331f23427033","metadata":{"contentType":"Image","license":"U","title":"Untitled Image"}},"backgroundOpacity":0,"willDoAnimation":true,"animationType":"glow","displayAsButton":false,"buttonSize":"big","goToSlideType":"specified","invisible":false,"id":"img5c8f1fc5-dcd0-411d-8ae9-c7e36fb4de47_0"},{"x":21.683673469387756,"y":40.29042821158691,"width":25.127551020408163,"height":32.49370277078086,"action":{"library":"H5P.Image 1.1","params":{"contentName":"Image"},"subContentId":"b496a8b5-c136-44a7-91bc-dd9e95e380cd","metadata":{"contentType":"Image","license":"U","title":"Untitled Image"}},"backgroundOpacity":0,"willDoAnimation":true,"animationType":"glow","displayAsButton":false,"buttonSize":"big","goToSlideType":"specified","invisible":false,"id":"img5c8f1fc5-dcd0-411d-8ae9-c7e36fb4de47_1"},{"x":21.683673469387756,"y":40.29042821158691,"width":25.127551020408163,"height":31.989924433249367,"action":{"library":"H5P.Image 1.1","params":{"contentName":"Image"},"subContentId":"f00550fd-4eb4-4cbc-af1e-05bd8d50ccf0","metadata":{"contentType":"Image","license":"U","title":"Untitled Image"}},"backgroundOpacity":0,"willDoAnimation":true,"animationType":"glow","displayAsButton":false,"buttonSize":"big","goToSlideType":"specified","invisible":false,"id":"img5c8f1fc5-dcd0-411d-8ae9-c7e36fb4de47_2"}],"slideBackgroundSelector":{}},{"elements":[{"x":43.57298474945534,"y":40.86021505376344,"width":54.46623093681917,"height":40.86021505376344,"action":{"library":"H5P.CRAdvancedText 1.1","params":{"text":"<p dir=\"ltr\" style=\"text-align: center;\"><span style=\"color:#ffffff;\"><span style=\"font-size:2.25em;\">\u0939\u093e\u092e\u0940 \u0924\u094d\u092f\u0939\u093e\u0901 \u0915\u0938\u0930\u0940 \u092a\u0941\u0917\u094d\u0928 \u0938\u0915\u094d\u091b\u094c\u0902?<\/span><\/span><\/p>\n"},"subContentId":"2994eb57-730b-4fd4-9251-e065d99b0ad4","metadata":{"contentType":"Text","license":"U","title":"Untitled Text"}},"alwaysDisplayComments":false,"backgroundOpacity":0,"willDoAnimation":false,"animationType":"glow","displayAsButton":false,"buttonSize":"big","goToSlideType":"specified","invisible":false,"solution":""},{"x":5.446623093681917,"y":2.150537634408602,"width":39.97821350762527,"height":95.69892473118279,"action":{"library":"H5P.Image 1.1","params":{"contentName":"Image","file":{"path":"images\/file-65771ef884e6f.jpg","mime":"image\/jpeg","copyright":{"license":"U"},"width":1024,"height":1472}},"subContentId":"9331eab1-1659-4721-afea-f39be84615c0","metadata":{"contentType":"Image","license":"U","title":"Untitled Image"}},"backgroundOpacity":0,"willDoAnimation":false,"animationType":"glow","displayAsButton":false,"buttonSize":"big","goToSlideType":"specified","invisible":false},{"x":47.00255102040816,"y":43.95465994962216,"width":40,"height":40,"action":{"library":"H5P.CRAudio 1.4","params":{"fitToWrapper":true,"currIndex":2,"playerMode":"minimalistic","controls":true,"autoplay":true,"playAudio":"Play audio","pauseAudio":"Pause audio","contentName":"Audio","glowColor":"#ffd85a","timeStampForEachText":[{"text":" \u0939\u093e\u092e\u0940 ","startDuration":"0.0000","endDuration":"0.5393","wordfile":[{"path":"audios\/wordfile-65e09c092dd00.wav","mime":"audio\/x-wav","copyright":{"license":"U"}}]},{"text":" \u0924\u094d\u092f\u0939\u093e\u0901 ","startDuration":"0.5403","endDuration":"1.1687","wordfile":[{"path":"audios\/wordfile-65e09c208a585.wav","mime":"audio\/x-wav","copyright":{"license":"U"}}]},{"text":" \u0915\u0938\u0930\u0940 ","startDuration":"1.1697","endDuration":"1.7684","wordfile":[{"path":"audios\/wordfile-65e09c371b84c.wav","mime":"audio\/x-wav","copyright":{"license":"U"}}]},{"text":" \u092a\u0941\u0917\u094d\u0928 ","startDuration":"1.7694","endDuration":"2.3299","wordfile":[{"path":"audios\/wordfile-65e09c49a3a15.wav","mime":"audio\/x-wav","copyright":{"license":"U"}}]},{"text":" \u0938\u0915\u094d\u091b\u094c\u0902? ","startDuration":"2.3309","endDuration":"3.1290","wordfile":[{"path":"audios\/wordfile-65e09c5fac4d1.wav","mime":"audio\/x-wav","copyright":{"license":"U"}}]}],"files":[{"path":"audios\/files-65e09bf025b14.wav","mime":"audio\/x-wav","copyright":{"license":"U"}}]},"subContentId":"59f51b09-a980-4bce-be2f-9f2e8c485b92","metadata":{"contentType":"Curious Reader Audio","license":"U","title":"Untitled Curious Reader Audio"}},"backgroundOpacity":0,"willDoAnimation":false,"animationType":"glow","displayAsButton":false,"buttonSize":"big","goToSlideType":"specified","invisible":false},{"x":10.204081632653061,"y":35.254659949622166,"width":32.78061224489796,"height":50.12594458438287,"action":{"library":"H5P.Image 1.1","params":{"contentName":"Image"},"subContentId":"be333c5a-097e-4290-a931-4b463868f613","metadata":{"contentType":"Image","license":"U","title":"Untitled Image"}},"backgroundOpacity":0,"willDoAnimation":true,"animationType":"glow","displayAsButton":false,"buttonSize":"big","goToSlideType":"specified","invisible":false,"id":"img59f51b09-a980-4bce-be2f-9f2e8c485b92_0"}],"slideBackgroundSelector":{}},{"elements":[{"x":6.5359477124183005,"y":2.150537634408602,"width":39.97821350762527,"height":95.69892473118279,"action":{"library":"H5P.Image 1.1","params":{"contentName":"Image","file":{"path":"images\/file-65772c8628500.jpg","mime":"image\/jpeg","copyright":{"license":"U"},"width":1024,"height":1472}},"subContentId":"2f88d6e3-5665-4070-aed0-828e48dd7710","metadata":{"contentType":"Image","license":"U","title":"Untitled Image"}},"backgroundOpacity":0,"willDoAnimation":false,"animationType":"glow","displayAsButton":false,"buttonSize":"big","goToSlideType":"specified","invisible":false},{"x":45.91836734693878,"y":47.84508816120906,"width":51.02040816326531,"height":38.287153652392945,"action":{"library":"H5P.CRAdvancedText 1.1","params":{"text":"<p dir=\"ltr\" style=\"text-align: center;\"><span style=\"color:#ffffff;\"><span style=\"font-size:2.25em;\">&nbsp;\u0939\u093e\u092e\u0940 \u0938\u093e\u0907\u0915\u0932 \u091a\u0932\u093e\u0909\u0928 \u0938\u0915\u094d\u091b\u094c\u0902\u0964<\/span><\/span><\/p>\n"},"subContentId":"f51953f7-a46d-4f4d-acca-e11882a3527e","metadata":{"contentType":"Text","license":"U","title":"Untitled Text"}},"alwaysDisplayComments":false,"backgroundOpacity":0,"willDoAnimation":false,"animationType":"glow","displayAsButton":false,"buttonSize":"big","goToSlideType":"specified","invisible":false,"solution":""},{"x":47.00255102040816,"y":43.95465994962216,"width":40,"height":40,"action":{"library":"H5P.CRAudio 1.4","params":{"fitToWrapper":true,"currIndex":3,"playerMode":"minimalistic","controls":true,"autoplay":true,"playAudio":"Play audio","pauseAudio":"Pause audio","contentName":"Audio","glowColor":"#ffd85a","timeStampForEachText":[{"text":" \u00a0\u0939\u093e\u092e\u0940 ","startDuration":"0.0000","endDuration":"0.6035","wordfile":[{"path":"audios\/wordfile-65e09c9619ba7.wav","mime":"audio\/x-wav","copyright":{"license":"U"}}]},{"text":" \u0938\u093e\u0907\u0915\u0932 ","startDuration":"0.6045","endDuration":"1.3481","wordfile":[{"path":"audios\/wordfile-65e09cace29c3.wav","mime":"audio\/x-wav","copyright":{"license":"U"}}]},{"text":" \u091a\u0932\u093e\u0909\u0928 ","startDuration":"1.3491","endDuration":"2.1503","wordfile":[{"path":"audios\/wordfile-65e09cc3a28ee.wav","mime":"audio\/x-wav","copyright":{"license":"U"}}]},{"text":" \u0938\u0915\u094d\u091b\u094c\u0902\u0964 ","startDuration":"2.1513","endDuration":"3.0554","wordfile":[{"path":"audios\/wordfile-65e09cd8a2c9e.wav","mime":"audio\/x-wav","copyright":{"license":"U"}}]}],"files":[{"path":"audios\/files-65e09c806bf00.wav","mime":"audio\/x-wav","copyright":{"license":"U"}}]},"subContentId":"c2e2c25c-bc67-42f3-8ced-4ded72074d57","metadata":{"contentType":"Curious Reader Audio","license":"U","title":"Untitled Curious Reader Audio"}},"backgroundOpacity":0,"willDoAnimation":false,"animationType":"glow","displayAsButton":false,"buttonSize":"big","goToSlideType":"specified","invisible":false},{"x":11.479591836734695,"y":47.84508816120906,"width":32.78061224489796,"height":42.06549118387909,"action":{"library":"H5P.Image 1.1","params":{"contentName":"Image"},"subContentId":"4d28ce39-8d65-4b9f-b35d-e1677a2d545b","metadata":{"contentType":"Image","license":"U","title":"Untitled Image"}},"backgroundOpacity":0,"willDoAnimation":true,"animationType":"glow","displayAsButton":false,"buttonSize":"big","goToSlideType":"specified","invisible":false,"id":"imgc2e2c25c-bc67-42f3-8ced-4ded72074d57_1"}],"slideBackgroundSelector":{}},{"elements":[{"x":5.446623093681917,"y":2.150537634408602,"width":39.97821350762527,"height":95.69892473118279,"action":{"library":"H5P.Image 1.1","params":{"contentName":"Image","file":{"path":"images\/file-65772f77b3a8c.jpg","mime":"image\/jpeg","copyright":{"license":"U"},"width":1024,"height":1472}},"subContentId":"9e8dd059-c7c6-4dc2-87f8-888317d00cd9","metadata":{"contentType":"Image","license":"U","title":"Untitled Image"}},"backgroundOpacity":0,"willDoAnimation":false,"animationType":"glow","displayAsButton":false,"buttonSize":"big","goToSlideType":"specified","invisible":false},{"x":43.36734693877551,"y":37.78337531486146,"width":52.423469387755105,"height":40.050377833753146,"action":{"library":"H5P.CRAdvancedText 1.1","params":{"text":"<p dir=\"ltr\" style=\"text-align: center;\"><span style=\"color:#ffffff;\"><span style=\"font-size:2.25em;\">&nbsp;\u0939\u093e\u092e\u0940 \u092e\u094b\u091f\u0930\u0938\u093e\u0907\u0915\u0932 \u091a\u0932\u093e\u0909\u0928 \u0938\u0915\u094d\u091b\u094c\u0902\u0964<\/span><\/span><\/p>\n"},"subContentId":"40d5f0d4-ed28-4cc2-95ab-35c06610684c","metadata":{"contentType":"Text","license":"U","title":"Untitled Text"}},"alwaysDisplayComments":false,"backgroundOpacity":0,"willDoAnimation":false,"animationType":"glow","displayAsButton":false,"buttonSize":"big","goToSlideType":"specified","invisible":false,"solution":""},{"x":47.00255102040816,"y":43.95465994962216,"width":40,"height":40,"action":{"library":"H5P.CRAudio 1.4","params":{"fitToWrapper":true,"currIndex":4,"playerMode":"minimalistic","controls":true,"autoplay":true,"playAudio":"Play audio","pauseAudio":"Pause audio","contentName":"Audio","glowColor":"#ffd85a","timeStampForEachText":[{"text":" \u00a0\u0939\u093e\u092e\u0940 ","startDuration":"0.0000","endDuration":"0.6651","wordfile":[{"path":"audios\/wordfile-65e09d07e3b0f.wav","mime":"audio\/x-wav","copyright":{"license":"U"}}]},{"text":" \u092e\u094b\u091f\u0930\u0938\u093e\u0907\u0915\u0932 ","startDuration":"0.6661","endDuration":"1.7640","wordfile":[{"path":"audios\/wordfile-65e09d1ea7afc.wav","mime":"audio\/x-wav","copyright":{"license":"U"}}]},{"text":" \u091a\u0932\u093e\u0909\u0928 ","startDuration":"1.7650","endDuration":"2.4945","wordfile":[{"path":"audios\/wordfile-65e09d3835410.wav","mime":"audio\/x-wav","copyright":{"license":"U"}}]},{"text":" \u0938\u0915\u094d\u091b\u094c\u0902\u0964 ","startDuration":"2.4955","endDuration":"3.4167","wordfile":[{"path":"audios\/wordfile-65e09d4c3fcda.wav","mime":"audio\/x-wav","copyright":{"license":"U"}}]}],"files":[{"path":"audios\/files-65e09cf3cee08.wav","mime":"audio\/x-wav","copyright":{"license":"U"}}]},"subContentId":"0aedf625-037f-440f-81ba-c0df149aacb0","metadata":{"contentType":"Curious Reader Audio","license":"U","title":"Untitled Curious Reader Audio"}},"backgroundOpacity":0,"willDoAnimation":false,"animationType":"glow","displayAsButton":false,"buttonSize":"big","goToSlideType":"specified","invisible":false},{"x":10.204081632653061,"y":45.30453400503778,"width":27.67857142857143,"height":49.622166246851386,"action":{"library":"H5P.Image 1.1","params":{"contentName":"Image"},"subContentId":"77e18672-984c-4b98-9c90-96ae3ec9e623","metadata":{"contentType":"Image","license":"U","title":"Untitled Image"}},"backgroundOpacity":0,"willDoAnimation":true,"animationType":"glow","displayAsButton":false,"buttonSize":"big","goToSlideType":"specified","invisible":false,"id":"img0aedf625-037f-440f-81ba-c0df149aacb0_1"}],"slideBackgroundSelector":{}},{"elements":[{"x":6.5359477124183005,"y":4.301075268817204,"width":39.97821350762527,"height":91.39784946236558,"action":{"library":"H5P.Image 1.1","params":{"contentName":"Image","file":{"path":"images\/file-65772fd79f9c5.jpg","mime":"image\/jpeg","copyright":{"license":"U"},"width":1024,"height":1472}},"subContentId":"c56cffc0-138a-4145-a44b-dba09817e313","metadata":{"contentType":"Image","license":"U","title":"Untitled Image"}},"backgroundOpacity":0,"willDoAnimation":false,"animationType":"glow","displayAsButton":false,"buttonSize":"big","goToSlideType":"specified","invisible":false},{"x":43.36734693877551,"y":40.29042821158691,"width":51.14795918367347,"height":35.012594458438286,"action":{"library":"H5P.CRAdvancedText 1.1","params":{"text":"<p dir=\"ltr\" style=\"text-align: center;\"><span style=\"color:#ffffff;\"><span style=\"font-size:2.25em;\">\u0939\u093e\u092e\u0940 \u091f\u094d\u0930\u093e\u0907\u0938\u093e\u0907\u0915\u0932 \u091f\u094d\u092f\u093e\u0915\u094d\u0938\u0940 \u091a\u0932\u093e\u0909\u0928 \u0938\u0915\u094d\u091b\u094c\u0902\u0964<\/span><\/span><\/p>\n"},"subContentId":"70474ade-abdd-4ae4-b89b-74390b388b43","metadata":{"contentType":"Text","license":"U","title":"Untitled Text"}},"alwaysDisplayComments":false,"backgroundOpacity":0,"willDoAnimation":false,"animationType":"glow","displayAsButton":false,"buttonSize":"big","goToSlideType":"specified","invisible":false,"solution":""},{"x":47.00255102040816,"y":43.95465994962216,"width":40,"height":40,"action":{"library":"H5P.CRAudio 1.4","params":{"fitToWrapper":true,"currIndex":5,"playerMode":"minimalistic","controls":true,"autoplay":true,"playAudio":"Play audio","pauseAudio":"Pause audio","contentName":"Audio","glowColor":"#ffd85a","timeStampForEachText":[{"text":" \u0939\u093e\u092e\u0940 ","startDuration":"0.0000","endDuration":"0.6490","wordfile":[{"path":"audios\/wordfile-65e09d7d93abf.wav","mime":"audio\/x-wav","copyright":{"license":"U"}}]},{"text":" \u091f\u094d\u0930\u093e\u0907\u0938\u093e\u0907\u0915\u0932 ","startDuration":"0.6500","endDuration":"1.6669","wordfile":[{"path":"audios\/wordfile-65e09d9678ef2.wav","mime":"audio\/x-wav","copyright":{"license":"U"}}]},{"text":" \u091f\u094d\u092f\u093e\u0915\u094d\u0938\u0940 ","startDuration":"1.6679","endDuration":"2.4468","wordfile":[{"path":"audios\/wordfile-65e09daa580f5.wav","mime":"audio\/x-wav","copyright":{"license":"U"}}]},{"text":" \u091a\u0932\u093e\u0909\u0928 ","startDuration":"2.4478","endDuration":"3.2267","wordfile":[{"path":"audios\/wordfile-65e09dbf3485e.wav","mime":"audio\/x-wav","copyright":{"license":"U"}}]},{"text":" \u0938\u0915\u094d\u091b\u094c\u0902\u0964 ","startDuration":"3.2277","endDuration":"4.0141","wordfile":[{"path":"audios\/wordfile-65e09dd518fab.wav","mime":"audio\/x-wav","copyright":{"license":"U"}}]}],"files":[{"path":"audios\/files-65e09d6756299.wav","mime":"audio\/x-wav","copyright":{"license":"U"}}]},"subContentId":"bb500225-15a1-4e68-9cf3-0e0db9e8543f","metadata":{"contentType":"Curious Reader Audio","license":"U","title":"Untitled Curious Reader Audio"}},"backgroundOpacity":0,"willDoAnimation":false,"animationType":"glow","displayAsButton":false,"buttonSize":"big","goToSlideType":"specified","invisible":false},{"x":6.377551020408164,"y":30.21108312342569,"width":40.05102040816327,"height":59.697732997481104,"action":{"library":"H5P.Image 1.1","params":{"contentName":"Image"},"subContentId":"b5a81bc3-0bd9-4b28-ac50-da64fe602389","metadata":{"contentType":"Image","license":"U","title":"Untitled Image"}},"backgroundOpacity":0,"willDoAnimation":true,"animationType":"glow","displayAsButton":false,"buttonSize":"big","goToSlideType":"specified","invisible":false,"id":"imgbb500225-15a1-4e68-9cf3-0e0db9e8543f_1"},{"x":6.377551020408164,"y":27.692191435768265,"width":40.05102040816327,"height":64.73551637279597,"action":{"library":"H5P.Image 1.1","params":{"contentName":"Image"},"subContentId":"9c8854cf-da94-41f7-8fdd-0079dae18d7b","metadata":{"contentType":"Image","license":"U","title":"Untitled Image"}},"backgroundOpacity":0,"willDoAnimation":true,"animationType":"glow","displayAsButton":false,"buttonSize":"big","goToSlideType":"specified","invisible":false,"id":"imgbb500225-15a1-4e68-9cf3-0e0db9e8543f_2"}],"slideBackgroundSelector":{}},{"elements":[{"x":6.5359477124183005,"y":4.301075268817204,"width":39.97821350762527,"height":93.54838709677419,"action":{"library":"H5P.Image 1.1","params":{"contentName":"Image","file":{"path":"images\/file-657730203cd25.jpg","mime":"image\/jpeg","copyright":{"license":"U"},"width":1024,"height":1472}},"subContentId":"9191b9d6-6070-4809-a41a-2cb8986f0060","metadata":{"contentType":"Image","license":"U","title":"Untitled Image"}},"backgroundOpacity":0,"willDoAnimation":false,"animationType":"glow","displayAsButton":false,"buttonSize":"big","goToSlideType":"specified","invisible":false},{"x":44.642857142857146,"y":42.82115869017632,"width":53.316326530612244,"height":50.12594458438287,"action":{"library":"H5P.CRAdvancedText 1.1","params":{"text":"<p dir=\"ltr\" style=\"text-align: center;\"><span style=\"color:#ffffff;\"><span style=\"font-size:2.25em;\">&nbsp;\u0939\u093e\u092e\u0940 \u0918\u094b\u0921\u093e\u0932\u0947 \u0924\u093e\u0928\u094d\u0928\u0947 \u0917\u093e\u0921\u093e\u092e\u093e \u091a\u0922\u094d\u0928 \u0938\u0915\u094d\u091b\u094c\u0902\u0964<\/span><\/span><\/p>\n"},"subContentId":"b7b8bb12-cecb-4ce9-89c6-76cb49c2adfa","metadata":{"contentType":"Text","license":"U","title":"Untitled Text"}},"alwaysDisplayComments":false,"backgroundOpacity":0,"willDoAnimation":false,"animationType":"glow","displayAsButton":false,"buttonSize":"big","goToSlideType":"specified","invisible":false,"solution":""},{"x":47.00255102040816,"y":43.95465994962216,"width":40,"height":40,"action":{"library":"H5P.CRAudio 1.4","params":{"fitToWrapper":true,"currIndex":6,"playerMode":"minimalistic","controls":true,"autoplay":true,"playAudio":"Play audio","pauseAudio":"Pause audio","contentName":"Audio","glowColor":"#ffd85a","timeStampForEachText":[{"text":" \u00a0\u0939\u093e\u092e\u0940 ","startDuration":"0.0000","endDuration":"0.5930","wordfile":[{"path":"audios\/wordfile-65e09e266c190.wav","mime":"audio\/x-wav","copyright":{"license":"U"}}]},{"text":" \u0918\u094b\u0921\u093e\u0932\u0947 ","startDuration":"0.5940","endDuration":"1.3641","wordfile":[{"path":"audios\/wordfile-65e09e397ed35.wav","mime":"audio\/x-wav","copyright":{"license":"U"}}]},{"text":" \u0924\u093e\u0928\u094d\u0928\u0947 ","startDuration":"1.3651","endDuration":"1.9636","wordfile":[{"path":"audios\/wordfile-65e09e4b55cc6.wav","mime":"audio\/x-wav","copyright":{"license":"U"}}]},{"text":" \u0917\u093e\u0921\u093e\u092e\u093e ","startDuration":"1.9646","endDuration":"2.7513","wordfile":[{"path":"audios\/wordfile-65e09e5f92b08.wav","mime":"audio\/x-wav","copyright":{"license":"U"}}]},{"text":" \u091a\u0922\u094d\u0928 ","startDuration":"2.7523","endDuration":"3.4172","wordfile":[{"path":"audios\/wordfile-65e09e7503b48.wav","mime":"audio\/x-wav","copyright":{"license":"U"}}]},{"text":" \u0938\u0915\u094d\u091b\u094c\u0902\u0964 ","startDuration":"3.4182","endDuration":"4.1068","wordfile":[{"path":"audios\/wordfile-65e09e9eb2381.wav","mime":"audio\/x-wav","copyright":{"license":"U"}}]}],"files":[{"path":"audios\/files-65e09e141d7e3.wav","mime":"audio\/x-wav","copyright":{"license":"U"}}]},"subContentId":"c3234c5a-e4fe-4f9c-b1dc-187a22018766","metadata":{"contentType":"Curious Reader Audio","license":"U","title":"Untitled Curious Reader Audio"}},"backgroundOpacity":0,"willDoAnimation":false,"animationType":"glow","displayAsButton":false,"buttonSize":"big","goToSlideType":"specified","invisible":false},{"x":7.653061224489796,"y":50.3639798488665,"width":37.88265306122449,"height":37.531486146095716,"action":{"library":"H5P.Image 1.1","params":{"contentName":"Image"},"subContentId":"2e3033a3-dd5f-4005-a474-87d37e2c6f39","metadata":{"contentType":"Image","license":"U","title":"Untitled Image"}},"backgroundOpacity":0,"willDoAnimation":true,"animationType":"glow","displayAsButton":false,"buttonSize":"big","goToSlideType":"specified","invisible":false,"id":"imgc3234c5a-e4fe-4f9c-b1dc-187a22018766_1"},{"x":7.653061224489796,"y":50.3639798488665,"width":40.05102040816327,"height":37.531486146095716,"action":{"library":"H5P.Image 1.1","params":{"contentName":"Image"},"subContentId":"37947958-d190-4805-8627-879e3c0e1d8d","metadata":{"contentType":"Image","license":"U","title":"Untitled Image"}},"backgroundOpacity":0,"willDoAnimation":true,"animationType":"glow","displayAsButton":false,"buttonSize":"big","goToSlideType":"specified","invisible":false,"id":"imgc3234c5a-e4fe-4f9c-b1dc-187a22018766_2"},{"x":6.377551020408164,"y":47.84508816120906,"width":40.05102040816327,"height":40.050377833753146,"action":{"library":"H5P.Image 1.1","params":{"contentName":"Image"},"subContentId":"c5a6eb40-893b-4aeb-9dca-6b00005f57ba","metadata":{"contentType":"Image","license":"U","title":"Untitled Image"}},"backgroundOpacity":0,"willDoAnimation":true,"animationType":"glow","displayAsButton":false,"buttonSize":"big","goToSlideType":"specified","invisible":false,"id":"imgc3234c5a-e4fe-4f9c-b1dc-187a22018766_3"}],"slideBackgroundSelector":{}},{"elements":[{"x":5.1020408163265305,"y":5.037783375314861,"width":39.97821350762527,"height":93.54838709677419,"action":{"library":"H5P.Image 1.1","params":{"contentName":"Image","file":{"path":"images\/file-6577306a54903.jpg","mime":"image\/jpeg","copyright":{"license":"U"},"width":1024,"height":1472}},"subContentId":"b233860e-b1c2-4a6c-b471-3b72630f1a26","metadata":{"contentType":"Image","license":"U","title":"Untitled Image"}},"backgroundOpacity":0,"willDoAnimation":false,"animationType":"glow","displayAsButton":false,"buttonSize":"big","goToSlideType":"specified","invisible":false},{"x":39.54081632653061,"y":45.34005037783375,"width":57.39795918367347,"height":40.30226700251889,"action":{"library":"H5P.CRAdvancedText 1.1","params":{"text":"<p dir=\"ltr\" style=\"text-align: center;\"><span style=\"color:#ffffff;\"><span style=\"font-size:2.25em;\">\u0939\u093e\u092e\u0940 \u0917\u094b\u0930\u0941\u0915\u094b \u0917\u093e\u0921\u093e\u092e\u093e \u091a\u0922\u094d\u0928 \u0938\u0915\u094d\u091b\u094c\u0902\u0964<\/span><\/span><\/p>\n"},"subContentId":"106edf66-9688-4e47-a6bb-2267c9df71ff","metadata":{"contentType":"Text","license":"U","title":"Untitled Text"}},"alwaysDisplayComments":false,"backgroundOpacity":0,"willDoAnimation":false,"animationType":"glow","displayAsButton":false,"buttonSize":"big","goToSlideType":"specified","invisible":false,"solution":""},{"x":47.00255102040816,"y":43.95465994962216,"width":40,"height":40,"action":{"library":"H5P.CRAudio 1.4","params":{"fitToWrapper":true,"currIndex":7,"playerMode":"minimalistic","controls":true,"autoplay":true,"playAudio":"Play audio","pauseAudio":"Pause audio","contentName":"Audio","glowColor":"#ffd85a","timeStampForEachText":[{"text":" \u0939\u093e\u092e\u0940 ","startDuration":"0.0000","endDuration":"0.6339","wordfile":[{"path":"audios\/wordfile-65e09eca4af00.wav","mime":"audio\/x-wav","copyright":{"license":"U"}}]},{"text":" \u0917\u094b\u0930\u0941\u0915\u094b ","startDuration":"0.6349","endDuration":"1.4857","wordfile":[{"path":"audios\/wordfile-65e09ee040389.wav","mime":"audio\/x-wav","copyright":{"license":"U"}}]},{"text":" \u0917\u093e\u0921\u093e\u092e\u093e ","startDuration":"1.4867","endDuration":"2.3478","wordfile":[{"path":"audios\/wordfile-65e09ef3e565f.wav","mime":"audio\/x-wav","copyright":{"license":"U"}}]},{"text":" \u091a\u0922\u094d\u0928 ","startDuration":"2.3488","endDuration":"2.9982","wordfile":[{"path":"audios\/wordfile-65e09f07ce764.wav","mime":"audio\/x-wav","copyright":{"license":"U"}}]},{"text":" \u0938\u0915\u094d\u091b\u094c\u0902\u0964 ","startDuration":"2.9992","endDuration":"3.8325","wordfile":[{"path":"audios\/wordfile-65e09f2285ced.wav","mime":"audio\/x-wav","copyright":{"license":"U"}}]}],"files":[{"path":"audios\/files-65e09eb828165.wav","mime":"audio\/x-wav","copyright":{"license":"U"}}]},"subContentId":"27f303b0-f360-432d-9b60-a649b54db717","metadata":{"contentType":"Curious Reader Audio","license":"U","title":"Untitled Curious Reader Audio"}},"backgroundOpacity":0,"willDoAnimation":false,"animationType":"glow","displayAsButton":false,"buttonSize":"big","goToSlideType":"specified","invisible":false},{"x":6.377551020408164,"y":55.384130982367765,"width":36.60714285714286,"height":32.49370277078086,"action":{"library":"H5P.Image 1.1","params":{"contentName":"Image"},"subContentId":"2a41ddd1-8bdf-49c2-83ff-9bd7ec485ef4","metadata":{"contentType":"Image","license":"U","title":"Untitled Image"}},"backgroundOpacity":0,"willDoAnimation":true,"animationType":"glow","displayAsButton":false,"buttonSize":"big","goToSlideType":"specified","invisible":false,"id":"img27f303b0-f360-432d-9b60-a649b54db717_1"},{"x":3.826530612244898,"y":55.39999999999999,"width":40.05102040816327,"height":32.49370277078086,"action":{"library":"H5P.Image 1.1","params":{"contentName":"Image"},"subContentId":"0dfc8dc0-2da8-4175-92c6-c566119dd92f","metadata":{"contentType":"Image","license":"U","title":"Untitled Image"}},"backgroundOpacity":0,"willDoAnimation":true,"animationType":"glow","displayAsButton":false,"buttonSize":"big","goToSlideType":"specified","invisible":false,"id":"img27f303b0-f360-432d-9b60-a649b54db717_2"}],"slideBackgroundSelector":{}},{"elements":[{"x":6.5359477124183005,"y":2.150537634408602,"width":39.97821350762527,"height":93.54838709677419,"action":{"library":"H5P.Image 1.1","params":{"contentName":"Image","file":{"path":"images\/file-657730ac1c0b2.jpg","mime":"image\/jpeg","copyright":{"license":"U"},"width":1024,"height":1472}},"subContentId":"918b2dfb-a82a-40d6-a574-807c508f8f8c","metadata":{"contentType":"Image","license":"U","title":"Untitled Image"}},"backgroundOpacity":0,"willDoAnimation":false,"animationType":"glow","displayAsButton":false,"buttonSize":"big","goToSlideType":"specified","invisible":false},{"x":44.642857142857146,"y":42.809319899244336,"width":49.87244897959184,"height":31.48614609571788,"action":{"library":"H5P.CRAdvancedText 1.1","params":{"text":"<p dir=\"ltr\" style=\"text-align: center;\"><span style=\"color:#ffffff;\"><span style=\"font-size:2.25em;\">\u0939\u093e\u092e\u0940 \u0930\u0947\u0938 \u0915\u093e\u0930 \u091a\u0932\u093e\u0909\u0928 \u0938\u0915\u094d\u091b\u094c\u0902\u0964<\/span><\/span><\/p>\n"},"subContentId":"eb4d5274-567b-401f-85e4-f5558587f300","metadata":{"contentType":"Text","license":"U","title":"Untitled Text"}},"alwaysDisplayComments":false,"backgroundOpacity":0,"willDoAnimation":false,"animationType":"glow","displayAsButton":false,"buttonSize":"big","goToSlideType":"specified","invisible":false,"solution":""},{"x":47.00255102040816,"y":43.95465994962216,"width":40,"height":40,"action":{"library":"H5P.CRAudio 1.4","params":{"fitToWrapper":true,"currIndex":8,"playerMode":"minimalistic","controls":true,"autoplay":true,"playAudio":"Play audio","pauseAudio":"Pause audio","contentName":"Audio","glowColor":"#ffd85a","timeStampForEachText":[{"text":" \u0939\u093e\u092e\u0940 ","startDuration":"0.0000","endDuration":"0.5965","wordfile":[{"path":"audios\/wordfile-65e09f4f14128.wav","mime":"audio\/x-wav","copyright":{"license":"U"}}]},{"text":" \u0930\u0947\u0938 ","startDuration":"0.5975","endDuration":"1.1732","wordfile":[{"path":"audios\/wordfile-65e09f60e0167.wav","mime":"audio\/x-wav","copyright":{"license":"U"}}]},{"text":" \u0915\u093e\u0930 ","startDuration":"1.1742","endDuration":"1.5996","wordfile":[{"path":"audios\/wordfile-65e09f7381f17.wav","mime":"audio\/x-wav","copyright":{"license":"U"}}]},{"text":" \u091a\u0932\u093e\u0909\u0928 ","startDuration":"1.6006","endDuration":"2.3641","wordfile":[{"path":"audios\/wordfile-65e09f85b6d8c.wav","mime":"audio\/x-wav","copyright":{"license":"U"}}]},{"text":" \u0938\u0915\u094d\u091b\u094c\u0902\u0964 ","startDuration":"2.3651","endDuration":"3.0971","wordfile":[{"path":"audios\/wordfile-65e09f9a06801.wav","mime":"audio\/x-wav","copyright":{"license":"U"}}]}],"files":[{"path":"audios\/files-65e09f3b30771.wav","mime":"audio\/x-wav","copyright":{"license":"U"}}]},"subContentId":"5924a46b-042d-423a-a741-e7166ca25631","metadata":{"contentType":"Curious Reader Audio","license":"U","title":"Untitled Curious Reader Audio"}},"backgroundOpacity":0,"willDoAnimation":false,"animationType":"glow","displayAsButton":false,"buttonSize":"big","goToSlideType":"specified","invisible":false},{"x":7.653061224489796,"y":52.88287153652392,"width":40.05102040816327,"height":27.455919395465994,"action":{"library":"H5P.Image 1.1","params":{"contentName":"Image"},"subContentId":"a60474e4-ccca-47c4-8962-7176dff5f4cf","metadata":{"contentType":"Image","license":"U","title":"Untitled Image"}},"backgroundOpacity":0,"willDoAnimation":true,"animationType":"glow","displayAsButton":false,"buttonSize":"big","goToSlideType":"specified","invisible":false,"id":"img5924a46b-042d-423a-a741-e7166ca25631_1"},{"x":7.653061224489796,"y":52.88287153652392,"width":40.05102040816327,"height":27.455919395465994,"action":{"library":"H5P.Image 1.1","params":{"contentName":"Image"},"subContentId":"2d66413b-6a3e-4a52-b241-fb8a4ccefe48","metadata":{"contentType":"Image","license":"U","title":"Untitled Image"}},"backgroundOpacity":0,"willDoAnimation":true,"animationType":"glow","displayAsButton":false,"buttonSize":"big","goToSlideType":"specified","invisible":false,"id":"img5924a46b-042d-423a-a741-e7166ca25631_2"}],"slideBackgroundSelector":{}},{"elements":[{"x":6.5359477124183005,"y":2.150537634408602,"width":39.97821350762527,"height":95.69892473118279,"action":{"library":"H5P.Image 1.1","params":{"contentName":"Image","file":{"path":"images\/file-657730e66c7cb.jpg","mime":"image\/jpeg","copyright":{"license":"U"},"width":1024,"height":1472}},"subContentId":"5642e8ce-c395-4093-bf32-1bad47f044df","metadata":{"contentType":"Image","license":"U","title":"Untitled Image"}},"backgroundOpacity":0,"willDoAnimation":false,"animationType":"glow","displayAsButton":false,"buttonSize":"big","goToSlideType":"specified","invisible":false},{"x":47.19387755102041,"y":40.29042821158691,"width":47.32142857142857,"height":34.005037783375315,"action":{"library":"H5P.CRAdvancedText 1.1","params":{"text":"<p dir=\"ltr\" style=\"text-align: center;\"><span style=\"font-size:2.25em;\"><span style=\"color:#ffffff;\">\u0939\u093e\u092e\u0940 \u0920\u0942\u0932\u094b \u0915\u093e\u0930 \u091a\u0932\u093e\u0909\u0928 \u0938\u0915\u094d\u091b\u094c\u0902\u0964<\/span><\/span><\/p>\n"},"subContentId":"04493358-b49e-41bd-9b69-c6e200aa7ec2","metadata":{"contentType":"Text","license":"U","title":"Untitled Text"}},"alwaysDisplayComments":false,"backgroundOpacity":0,"willDoAnimation":false,"animationType":"glow","displayAsButton":false,"buttonSize":"big","goToSlideType":"specified","invisible":false,"solution":""},{"x":47.00255102040816,"y":43.95465994962216,"width":40,"height":40,"action":{"library":"H5P.CRAudio 1.4","params":{"fitToWrapper":true,"currIndex":9,"playerMode":"minimalistic","controls":true,"autoplay":true,"playAudio":"Play audio","pauseAudio":"Pause audio","contentName":"Audio","glowColor":"#ffd85a","timeStampForEachText":[{"text":" \u0939\u093e\u092e\u0940 ","startDuration":"0.0000","endDuration":"0.5635","wordfile":[{"path":"audios\/wordfile-65e09fd310ff8.wav","mime":"audio\/x-wav","copyright":{"license":"U"}}]},{"text":" \u0920\u0942\u0932\u094b ","startDuration":"0.5645","endDuration":"1.2699","wordfile":[{"path":"audios\/wordfile-65e09fecd036a.wav","mime":"audio\/x-wav","copyright":{"license":"U"}}]},{"text":" \u0915\u093e\u0930 ","startDuration":"1.2709","endDuration":"1.7369","wordfile":[{"path":"audios\/wordfile-65e09ffe7c975.wav","mime":"audio\/x-wav","copyright":{"license":"U"}}]},{"text":" \u091a\u0932\u093e\u0909\u0928 ","startDuration":"1.7379","endDuration":"2.4211","wordfile":[{"path":"audios\/wordfile-65e0a0110ae23.wav","mime":"audio\/x-wav","copyright":{"license":"U"}}]},{"text":" \u0938\u0915\u094d\u091b\u094c\u0902\u0964 ","startDuration":"2.4221","endDuration":"3.2896","wordfile":[{"path":"audios\/wordfile-65e0a02805729.wav","mime":"audio\/x-wav","copyright":{"license":"U"}}]}],"files":[{"path":"audios\/files-65e09fb35fd79.wav","mime":"audio\/x-wav","copyright":{"license":"U"}}]},"subContentId":"fb04fb6c-e8f4-4324-8ec4-7c2eec6aee6d","metadata":{"contentType":"Curious Reader Audio","license":"U","title":"Untitled Curious Reader Audio"}},"backgroundOpacity":0,"willDoAnimation":false,"animationType":"glow","displayAsButton":false,"buttonSize":"big","goToSlideType":"specified","invisible":false},{"x":5.1020408163265305,"y":40.27858942065492,"width":40.05102040816327,"height":49.622166246851386,"action":{"library":"H5P.Image 1.1","params":{"contentName":"Image"},"subContentId":"289e7843-7805-4859-ba07-c8e34c184875","metadata":{"contentType":"Image","license":"U","title":"Untitled Image"}},"backgroundOpacity":0,"willDoAnimation":true,"animationType":"glow","displayAsButton":false,"buttonSize":"big","goToSlideType":"specified","invisible":false,"id":"imgfb04fb6c-e8f4-4324-8ec4-7c2eec6aee6d_1"},{"x":3.826530612244898,"y":42.79748110831235,"width":40.05102040816327,"height":47.10327455919395,"action":{"library":"H5P.Image 1.1","params":{"contentName":"Image"},"subContentId":"33e25934-b470-49cd-9ea6-3ddae7260156","metadata":{"contentType":"Image","license":"U","title":"Untitled Image"}},"backgroundOpacity":0,"willDoAnimation":true,"animationType":"glow","displayAsButton":false,"buttonSize":"big","goToSlideType":"specified","invisible":false,"id":"imgfb04fb6c-e8f4-4324-8ec4-7c2eec6aee6d_2"}],"slideBackgroundSelector":{}},{"elements":[{"x":6.377551020408164,"y":5.037783375314861,"width":39.97821350762527,"height":93.54838709677419,"action":{"library":"H5P.Image 1.1","params":{"contentName":"Image","file":{"path":"images\/file-6577312023aac.jpg","mime":"image\/jpeg","copyright":{"license":"U"},"width":1024,"height":1472}},"subContentId":"54df8b14-746c-4ada-ae1b-fd3ee142cf9e","metadata":{"contentType":"Image","license":"U","title":"Untitled Image"}},"backgroundOpacity":0,"willDoAnimation":false,"animationType":"glow","displayAsButton":false,"buttonSize":"big","goToSlideType":"specified","invisible":false},{"x":44.642857142857146,"y":47.858942065491185,"width":53.57142857142857,"height":28.71536523929471,"action":{"library":"H5P.CRAdvancedText 1.1","params":{"text":"<p dir=\"ltr\" style=\"text-align: center;\"><span style=\"color:#ffffff;\"><span style=\"font-size:2.25em;\">\u0939\u093e\u092e\u0940 \u0921\u0941\u0919\u094d\u0917\u093e \u091a\u0932\u093e\u0909\u0928 \u0938\u0915\u094d\u091b\u094c\u0902\u0964<\/span><\/span><\/p>\n"},"subContentId":"4a412170-9cce-4809-abca-083d6a03a0da","metadata":{"contentType":"Text","license":"U","title":"Untitled Text"}},"alwaysDisplayComments":false,"backgroundOpacity":0,"willDoAnimation":false,"animationType":"glow","displayAsButton":false,"buttonSize":"big","goToSlideType":"specified","invisible":false,"solution":""},{"x":47.00255102040816,"y":43.95465994962216,"width":40,"height":40,"action":{"library":"H5P.CRAudio 1.4","params":{"fitToWrapper":true,"currIndex":10,"playerMode":"minimalistic","controls":true,"autoplay":true,"playAudio":"Play audio","pauseAudio":"Pause audio","contentName":"Audio","glowColor":"#ffd85a","timeStampForEachText":[{"text":" \u0939\u093e\u092e\u0940 ","startDuration":"0.0000","endDuration":"0.6897","wordfile":[{"path":"audios\/wordfile-65e0a0507ece6.wav","mime":"audio\/x-wav","copyright":{"license":"U"}}]},{"text":" \u0921\u0941\u0919\u094d\u0917\u093e ","startDuration":"0.6907","endDuration":"1.3998","wordfile":[{"path":"audios\/wordfile-65e0a06389ef5.wav","mime":"audio\/x-wav","copyright":{"license":"U"}}]},{"text":" \u091a\u0932\u093e\u0909\u0928 ","startDuration":"1.4008","endDuration":"2.1760","wordfile":[{"path":"audios\/wordfile-65e0a076cfe3e.wav","mime":"audio\/x-wav","copyright":{"license":"U"}}]},{"text":" \u0938\u0915\u094d\u091b\u094c\u0902\u0964 ","startDuration":"2.1770","endDuration":"2.8838","wordfile":[{"path":"audios\/wordfile-65e0a08a07280.wav","mime":"audio\/x-wav","copyright":{"license":"U"}}]}],"files":[{"path":"audios\/files-65e0a03e2e4a0.wav","mime":"audio\/x-wav","copyright":{"license":"U"}}]},"subContentId":"e345447c-068f-47af-b9ff-424229504f42","metadata":{"contentType":"Curious Reader Audio","license":"U","title":"Untitled Curious Reader Audio"}},"backgroundOpacity":0,"willDoAnimation":false,"animationType":"glow","displayAsButton":false,"buttonSize":"big","goToSlideType":"specified","invisible":false},{"x":5.1020408163265305,"y":35.254659949622166,"width":40.05102040816327,"height":57.178841309823675,"action":{"library":"H5P.Image 1.1","params":{"contentName":"Image"},"subContentId":"8cb266e4-5d5e-40d3-8bea-c8a1650dde9c","metadata":{"contentType":"Image","license":"U","title":"Untitled Image"}},"backgroundOpacity":0,"willDoAnimation":true,"animationType":"glow","displayAsButton":false,"buttonSize":"big","goToSlideType":"specified","invisible":false,"id":"imge345447c-068f-47af-b9ff-424229504f42_1"}],"slideBackgroundSelector":{}},{"elements":[{"x":31.59041394335512,"y":2.150537634408602,"width":66.23093681917211,"height":95.69892473118279,"action":{"library":"H5P.Image 1.1","params":{"contentName":"Image","file":{"path":"images\/file-657732a5856b9.jpg","mime":"image\/jpeg","copyright":{"license":"U"},"width":1024,"height":735}},"subContentId":"38dc3824-e8c1-4dbf-9ed7-4ac8d2355b3b","metadata":{"contentType":"Image","license":"U","title":"Untitled Image"}},"backgroundOpacity":0,"willDoAnimation":false,"animationType":"glow","displayAsButton":false,"buttonSize":"big","goToSlideType":"specified","invisible":false},{"x":2.5510204081632653,"y":37.78337531486146,"width":73.9795918367347,"height":40.050377833753146,"action":{"library":"H5P.CRAdvancedText 1.1","params":{"text":"<p dir=\"ltr\" style=\"text-align: center;\"><span style=\"font-size:2.25em;\"><span style=\"color:#ffffff;\">&nbsp;\u0939\u093e\u092e\u0940 \u0939\u093e\u0924\u094d\u0924\u0940 \u091a\u0922\u094d\u0928 \u0938\u0915\u094d\u091b\u094c \u0964<\/span><\/span><\/p>\n"},"subContentId":"11168cee-a669-4a5c-ad04-b3de669fd62c","metadata":{"contentType":"Text","license":"U","title":"Untitled Text"}},"alwaysDisplayComments":false,"backgroundOpacity":0,"willDoAnimation":false,"animationType":"glow","displayAsButton":false,"buttonSize":"big","goToSlideType":"specified","invisible":false,"solution":""},{"x":47.00255102040816,"y":43.95465994962216,"width":40,"height":40,"action":{"library":"H5P.CRAudio 1.4","params":{"fitToWrapper":true,"currIndex":11,"playerMode":"minimalistic","controls":true,"autoplay":true,"playAudio":"Play audio","pauseAudio":"Pause audio","contentName":"Audio","glowColor":"#ffd85a","timeStampForEachText":[{"text":" \u00a0\u0939\u093e\u092e\u0940 ","startDuration":"0.0000","endDuration":"0.5667","wordfile":[{"path":"audios\/wordfile-65e0a0b894281.wav","mime":"audio\/x-wav","copyright":{"license":"U"}}]},{"text":" \u0939\u093e\u0924\u094d\u0924\u0940 ","startDuration":"0.5677","endDuration":"1.2008","wordfile":[{"path":"audios\/wordfile-65e0a0cb9f7bd.wav","mime":"audio\/x-wav","copyright":{"license":"U"}}]},{"text":" \u091a\u0922\u094d\u0928 ","startDuration":"1.2018","endDuration":"1.8524","wordfile":[{"path":"audios\/wordfile-65e0a0de4145e.wav","mime":"audio\/x-wav","copyright":{"license":"U"}}]},{"text":" \u0938\u0915\u094d\u091b\u094c \u0964 ","startDuration":"1.8534","endDuration":"2.5915","wordfile":[{"path":"audios\/wordfile-65e0a0f5f4011.wav","mime":"audio\/x-wav","copyright":{"license":"U"}}]}],"files":[{"path":"audios\/files-65e0a0a68d424.wav","mime":"audio\/x-wav","copyright":{"license":"U"}}]},"subContentId":"d18e2fef-19fc-4b19-bcfa-61db31116130","metadata":{"contentType":"Curious Reader Audio","license":"U","title":"Untitled Curious Reader Audio"}},"backgroundOpacity":0,"willDoAnimation":false,"animationType":"glow","displayAsButton":false,"buttonSize":"big","goToSlideType":"specified","invisible":false},{"x":67.60204081632654,"y":42.82115869017632,"width":26.403061224489797,"height":47.10327455919395,"action":{"library":"H5P.Image 1.1","params":{"contentName":"Image"},"subContentId":"e05de23c-842f-49f5-a465-29bd23ec7396","metadata":{"contentType":"Image","license":"U","title":"Untitled Image"}},"backgroundOpacity":0,"willDoAnimation":true,"animationType":"glow","displayAsButton":false,"buttonSize":"big","goToSlideType":"specified","invisible":false,"id":"imgd18e2fef-19fc-4b19-bcfa-61db31116130_1"}],"slideBackgroundSelector":{}},{"elements":[{"x":6.5359477124183005,"y":2.150537634408602,"width":39.97821350762527,"height":95.69892473118279,"action":{"library":"H5P.Image 1.1","params":{"contentName":"Image","file":{"path":"images\/file-657733414a4c5.jpg","mime":"image\/jpeg","copyright":{"license":"U"},"width":1024,"height":1472}},"subContentId":"3fc945d1-d748-445f-bbd3-a7f86964fe4e","metadata":{"contentType":"Image","license":"U","title":"Untitled Image"}},"backgroundOpacity":0,"willDoAnimation":false,"animationType":"glow","displayAsButton":false,"buttonSize":"big","goToSlideType":"specified","invisible":false},{"x":43.36734693877551,"y":45.34005037783375,"width":53.69897959183674,"height":40.050377833753146,"action":{"library":"H5P.CRAdvancedText 1.1","params":{"text":"<p dir=\"ltr\" style=\"text-align: center;\"><span style=\"color:#ffffff;\"><span style=\"font-size:2.25em;\">&nbsp;\u0939\u094b\u0907\u0928! \u0939\u093e\u092e\u0940 \u0939\u093f\u0921\u094d\u0928\u0941 \u092a\u0930\u094d\u091b<\/span><\/span><\/p>\n"},"subContentId":"378c2ce4-59d7-41b1-823b-9c22984380c0","metadata":{"contentType":"Text","license":"U","title":"Untitled Text"}},"alwaysDisplayComments":false,"backgroundOpacity":0,"willDoAnimation":false,"animationType":"glow","displayAsButton":false,"buttonSize":"big","goToSlideType":"specified","invisible":false,"solution":""},{"x":47.00255102040816,"y":43.95465994962216,"width":40,"height":40,"action":{"library":"H5P.CRAudio 1.4","params":{"fitToWrapper":true,"currIndex":12,"playerMode":"minimalistic","controls":true,"autoplay":true,"playAudio":"Play audio","pauseAudio":"Pause audio","contentName":"Audio","glowColor":"#ffd85a","timeStampForEachText":[{"text":" \u00a0\u0939\u094b\u0907\u0928! ","startDuration":"0.0000","endDuration":"0.6190","wordfile":[{"path":"audios\/wordfile-65f1f376bb180.wav","mime":"audio\/x-wav","copyright":{"license":"U"}}]},{"text":" \u0939\u093e\u092e\u0940 ","startDuration":"0.6200","endDuration":"1.2529","wordfile":[{"path":"audios\/wordfile-65f1f38812916.wav","mime":"audio\/x-wav","copyright":{"license":"U"}}]},{"text":" \u0939\u093f\u0921\u094d\u0928\u0941 ","startDuration":"1.2539","endDuration":"1.8244","wordfile":[{"path":"audios\/wordfile-65f1f3fbdb28f.wav","mime":"audio\/x-wav","copyright":{"license":"U"}}]},{"text":" \u092a\u0930\u094d\u091b ","startDuration":"1.8254","endDuration":"2.5695","wordfile":[{"path":"audios\/wordfile-65f1f437f32fd.wav","mime":"audio\/x-wav","copyright":{"license":"U"}}]}],"files":[{"path":"audios\/files-65f1f352d2ca7.wav","mime":"audio\/x-wav","copyright":{"license":"U"}}]},"subContentId":"b80bd84e-6a60-402e-a850-45f302e3119c","metadata":{"contentType":"Curious Reader Audio","license":"U","title":"Untitled Curious Reader Audio"}},"backgroundOpacity":0,"willDoAnimation":false,"animationType":"glow","displayAsButton":false,"buttonSize":"big","goToSlideType":"specified","invisible":false},{"x":10.204081632653061,"y":70.4896725440806,"width":20.025510204081634,"height":14.357682619647354,"action":{"library":"H5P.Image 1.1","params":{"contentName":"Image"},"subContentId":"ea60d63d-4319-40b8-aff3-56de97308a45","metadata":{"contentType":"Image","license":"U","title":"Untitled Image"}},"backgroundOpacity":0,"willDoAnimation":true,"animationType":"glow","displayAsButton":false,"buttonSize":"big","goToSlideType":"specified","invisible":false,"id":"imgb80bd84e-6a60-402e-a850-45f302e3119c_2"}],"slideBackgroundSelector":{}},{"elements":[{"x":64.27015250544663,"y":10.75268817204301,"width":31.263616557734206,"height":17.204301075268816,"action":{"library":"H5P.Image 1.1","params":{"contentName":"Image","file":{"path":"images\/file-657734c6867b2.jpg","mime":"image\/jpeg","copyright":{"license":"U"},"width":1732,"height":354}},"subContentId":"58d6bcfc-1017-40eb-bbcd-a32d3100ea46","metadata":{"contentType":"Image","license":"U","title":"Untitled Image"}},"backgroundOpacity":0,"willDoAnimation":false,"animationType":"glow","displayAsButton":false,"buttonSize":"big","goToSlideType":"specified","invisible":false},{"x":4.357298474945534,"y":6.451612903225806,"width":23.965141612200437,"height":24.086021505376344,"action":{"library":"H5P.Image 1.1","params":{"contentName":"Image","file":{"path":"images\/file-657734db6bc33.png","mime":"image\/png","copyright":{"license":"U"},"width":1350,"height":487}},"subContentId":"46007b76-06dc-4b23-9d5e-0feb3dcced51","metadata":{"contentType":"Image","license":"U","title":"Untitled Image"}},"backgroundOpacity":0,"willDoAnimation":false,"animationType":"glow","displayAsButton":false,"buttonSize":"big","goToSlideType":"specified","invisible":false},{"x":34.85838779956427,"y":4.301075268817204,"width":23.965141612200437,"height":23.87096774193548,"action":{"library":"H5P.Image 1.1","params":{"contentName":"Image","file":{"path":"images\/file-657734e7ce435.png","mime":"image\/png","copyright":{"license":"U"},"width":814,"height":202}},"subContentId":"f81bc57f-8a0f-443d-b34a-3ccd68a92e3a","metadata":{"contentType":"Image","license":"U","title":"Untitled Image"}},"backgroundOpacity":0,"willDoAnimation":false,"animationType":"glow","displayAsButton":false,"buttonSize":"big","goToSlideType":"specified","invisible":false},{"x":4.357298474945534,"y":32.20258064516129,"width":93.68191721132898,"height":67.74193548387096,"action":{"library":"H5P.CRAdvancedText 1.1","params":{"text":"<h3 style=\"text-align: center;\"><span style=\"font-size:1.25em;\">\u201c<\/span>\u0916\u0947\u0932 \u092e\u0948\u0926\u093e\u0928<span style=\"font-size:1.25em;\">\u201d credits<\/span><\/h3>\n\n<h3 style=\"text-align: center;\"><span style=\"font-size:1.25em;\">This work, \u201c<\/span>\u0916\u0947\u0932 \u092e\u0948\u0926\u093e\u0928<span style=\"font-size:1.25em;\">\u201d&nbsp;is a derivative of \u201cPlayground\u201d by All Children Reading Cambodia. \u00a9 The Asia Foundation , 2019 and used under CC BY.<\/span><\/h3>\n\n<h3 style=\"text-align: center;\"><span style=\"font-size:1.25em;\">\u201c<\/span>\u0916\u0947\u0932 \u092e\u0948\u0926\u093e\u0928<span style=\"font-size:1.25em;\">\u201d is licensed under CC BY 4.0 by Curious Learning.<\/span><\/h3>\n\n<h3 style=\"text-align: center;\"><span style=\"font-size:1.25em;\">Book builder - Abraham Jerry Kakooza<\/span><\/h3>\n"},"subContentId":"045c5dbc-06a7-4115-b9f8-a37781c03f1e","metadata":{"contentType":"Text","license":"U","title":"Untitled Text"}},"alwaysDisplayComments":false,"backgroundOpacity":0,"willDoAnimation":false,"animationType":"glow","displayAsButton":false,"buttonSize":"big","goToSlideType":"specified","invisible":false,"solution":""}],"slideBackgroundSelector":{}}],"keywordListEnabled":true,"globalBackgroundSelector":{"fillGlobalBackground":"#fbfef0"},"keywordListAlwaysShow":false,"keywordListAutoHide":false,"keywordListOpacity":90},"override":{"activeSurface":false,"hideSummarySlide":false,"summarySlideSolutionButton":true,"summarySlideRetryButton":true,"enablePrintButton":false,"social":{"showFacebookShare":false,"facebookShare":{"url":"@currentpageurl","quote":"I scored @score out of @maxScore on a task at @currentpageurl."},"showTwitterShare":false,"twitterShare":{"statement":"I scored @score out of @maxScore on a task at @currentpageurl.","url":"@currentpageurl","hashtags":"h5p, course"},"showGoogleShare":false,"googleShareUrl":"@currentpageurl"}},"l10n":{"slide":"Slide","score":"Score","yourScore":"Your Score","maxScore":"Max Score","total":"Total","totalScore":"Total Score","showSolutions":"Show solutions","retry":"Retry","exportAnswers":"Export text","hideKeywords":"Hide sidebar navigation menu","showKeywords":"Show sidebar navigation menu","fullscreen":"Fullscreen","exitFullscreen":"Exit fullscreen","prevSlide":"Previous slide","nextSlide":"Next slide","currentSlide":"Current slide","lastSlide":"Last slide","solutionModeTitle":"Exit solution mode","solutionModeText":"Solution Mode","summaryMultipleTaskText":"Multiple tasks","scoreMessage":"You achieved:","shareFacebook":"Share on Facebook","shareTwitter":"Share on Twitter","shareGoogle":"Share on Google+","summary":"Summary","solutionsButtonTitle":"Show comments","printTitle":"Print","printIngress":"How would you like to print this presentation?","printAllSlides":"Print all slides","printCurrentSlide":"Print current slide","noTitle":"No title","accessibilitySlideNavigationExplanation":"Use left and right arrow to change slide in that direction whenever canvas is selected.","accessibilityCanvasLabel":"Presentation canvas. Use left and right arrow to move between slides.","containsNotCompleted":"@slideName contains not completed interaction","containsCompleted":"@slideName contains completed interaction","slideCount":"Slide @index of @total","containsOnlyCorrect":"@slideName only has correct answers","containsIncorrectAnswers":"@slideName has incorrect answers","shareResult":"Share Result","accessibilityTotalScore":"You got @score of @maxScore points in total","accessibilityEnteredFullscreen":"Entered fullscreen","accessibilityExitedFullscreen":"Exited fullscreen"}}