{"presentation":{"slides":[{"elements":[{"x":11.982570806100219,"y":83.87096774193547,"width":78.86710239651417,"height":15.053763440860214,"action":{"library":"H5P.CRAdvancedText 1.1","params":{"text":"<h2 style=\"text-align: center;\"><span style=\"font-size:2.25em;\">Indawo yokudlala<\/span><\/h2>\n"},"subContentId":"90697ea5-581d-4cce-b8d5-c3e964c80fe3","metadata":{"contentType":"Text","license":"U","title":"Untitled Text"}},"alwaysDisplayComments":false,"backgroundOpacity":0,"willDoAnimation":false,"animationType":"glow","displayAsButton":false,"buttonSize":"big","goToSlideType":"specified","invisible":false,"solution":""},{"x":3.2679738562091507,"y":4.29436559139785,"width":91.28540305010894,"height":77.41935483870967,"action":{"library":"H5P.Image 1.1","params":{"contentName":"Image","file":{"path":"images\/file-65771e0ae63e0.jpg","mime":"image\/jpeg","copyright":{"license":"U"},"width":1024,"height":490}},"subContentId":"4b5f1fe6-22a7-4ade-bfe5-6c2a6969447d","metadata":{"contentType":"Image","license":"U","title":"Untitled Image"}},"backgroundOpacity":0,"willDoAnimation":false,"animationType":"glow","displayAsButton":false,"buttonSize":"big","goToSlideType":"specified","invisible":false}],"slideBackgroundSelector":{}},{"elements":[{"x":7.625272331154684,"y":2.150537634408602,"width":39.97821350762527,"height":95.69892473118279,"action":{"library":"H5P.Image 1.1","params":{"contentName":"Image","file":{"path":"images\/file-6577290f7836f.jpeg","mime":"image\/jpeg","copyright":{"license":"U"},"width":1024,"height":1472}},"subContentId":"476fadde-9027-4ab4-aca7-b46b802384a1","metadata":{"contentType":"Image","license":"U","title":"Untitled Image"}},"backgroundOpacity":0,"willDoAnimation":false,"animationType":"glow","displayAsButton":false,"buttonSize":"big","goToSlideType":"specified","invisible":false},{"x":44.642857142857146,"y":37.78337531486146,"width":48.97959183673469,"height":40.050377833753146,"action":{"library":"H5P.CRAdvancedText 1.1","params":{"text":"<p dir=\"ltr\" style=\"text-align: center;\"><span style=\"color:#ffffff;\"><span style=\"font-size:2.25em;\">Sifuna ukuya endaweni yokudlala.<\/span><\/span><\/p>\n"},"subContentId":"4a13a470-f3c0-45b7-bbb6-948224693b56","metadata":{"contentType":"Text","license":"U","title":"Untitled Text"}},"alwaysDisplayComments":false,"backgroundOpacity":0,"willDoAnimation":false,"animationType":"glow","displayAsButton":false,"buttonSize":"big","goToSlideType":"specified","invisible":false,"solution":""},{"x":47.00255102040816,"y":43.95465994962216,"width":40,"height":40,"action":{"library":"H5P.CRAudio 1.4","params":{"fitToWrapper":true,"currIndex":1,"playerMode":"minimalistic","controls":true,"autoplay":true,"playAudio":"Play audio","pauseAudio":"Pause audio","contentName":"Audio","glowColor":"#ffd85a","timeStampForEachText":[{"text":" Sifuna ","startDuration":"0.0000","endDuration":"1.3265","wordfile":[{"path":"audios\/wordfile-65b97f714c96b.wav","mime":"audio\/x-wav","copyright":{"license":"U"}}]},{"text":" ukuya ","startDuration":"1.3275","endDuration":"1.7692","wordfile":[{"path":"audios\/wordfile-65b97f851c9e2.wav","mime":"audio\/x-wav","copyright":{"license":"U"}}]},{"text":" endaweni ","startDuration":"1.7702","endDuration":"2.4440","wordfile":[{"path":"audios\/wordfile-65b97f9b80b21.wav","mime":"audio\/x-wav","copyright":{"license":"U"}}]},{"text":" yokudlala. ","startDuration":"2.4450","endDuration":"3.2832","wordfile":[{"path":"audios\/wordfile-65b97fafe198c.wav","mime":"audio\/x-wav","copyright":{"license":"U"}}]}],"files":[{"path":"audios\/files-65b97f5086f65.wav","mime":"audio\/x-wav","copyright":{"license":"U"}}]},"subContentId":"804a3c2a-57d1-4a6d-bfdc-e946fa040b7d","metadata":{"contentType":"Curious Reader Audio","license":"U","title":"Untitled Curious Reader Audio"}},"backgroundOpacity":0,"willDoAnimation":false,"animationType":"glow","displayAsButton":false,"buttonSize":"big","goToSlideType":"specified","invisible":false},{"x":20.408163265306122,"y":55.384130982367765,"width":12.372448979591837,"height":26.952141057934508,"action":{"library":"H5P.Image 1.1","params":{"contentName":"Image"},"subContentId":"41b81750-2ae2-47bd-9afd-48b12be22f0b","metadata":{"contentType":"Image","license":"U","title":"Untitled Image"}},"backgroundOpacity":0,"willDoAnimation":true,"animationType":"glow","displayAsButton":false,"buttonSize":"big","goToSlideType":"specified","invisible":false,"id":"img804a3c2a-57d1-4a6d-bfdc-e946fa040b7d_0"},{"x":12.755102040816327,"y":30.19521410579345,"width":14.923469387755102,"height":52.141057934508815,"action":{"library":"H5P.Image 1.1","params":{"contentName":"Image"},"subContentId":"12c7423e-1d74-4131-bd54-9089cceb9800","metadata":{"contentType":"Image","license":"U","title":"Untitled Image"}},"backgroundOpacity":0,"willDoAnimation":true,"animationType":"glow","displayAsButton":false,"buttonSize":"big","goToSlideType":"specified","invisible":false,"id":"img804a3c2a-57d1-4a6d-bfdc-e946fa040b7d_0"},{"x":25.510204081632654,"y":45.34005037783375,"width":17.474489795918366,"height":22.41813602015113,"action":{"library":"H5P.Image 1.1","params":{"contentName":"Image"},"subContentId":"833ab034-795d-4bf3-badc-76f683c6c7b9","metadata":{"contentType":"Image","license":"U","title":"Untitled Image"}},"backgroundOpacity":0,"willDoAnimation":true,"animationType":"glow","displayAsButton":false,"buttonSize":"big","goToSlideType":"specified","invisible":false,"id":"img804a3c2a-57d1-4a6d-bfdc-e946fa040b7d_3"}],"slideBackgroundSelector":{}},{"elements":[{"x":43.57298474945534,"y":40.86021505376344,"width":54.46623093681917,"height":40.86021505376344,"action":{"library":"H5P.CRAdvancedText 1.1","params":{"text":"<p dir=\"ltr\" style=\"text-align: center;\"><span style=\"font-size:2.25em;\"><span style=\"color:#ffffff;\">Sifika kanjani lapho?<\/span><\/span><\/p>\n"},"subContentId":"2994eb57-730b-4fd4-9251-e065d99b0ad4","metadata":{"contentType":"Text","license":"U","title":"Untitled Text"}},"alwaysDisplayComments":false,"backgroundOpacity":0,"willDoAnimation":false,"animationType":"glow","displayAsButton":false,"buttonSize":"big","goToSlideType":"specified","invisible":false,"solution":""},{"x":5.446623093681917,"y":2.150537634408602,"width":39.97821350762527,"height":95.69892473118279,"action":{"library":"H5P.Image 1.1","params":{"contentName":"Image","file":{"path":"images\/file-65771ef884e6f.jpg","mime":"image\/jpeg","copyright":{"license":"U"},"width":1024,"height":1472}},"subContentId":"9331eab1-1659-4721-afea-f39be84615c0","metadata":{"contentType":"Image","license":"U","title":"Untitled Image"}},"backgroundOpacity":0,"willDoAnimation":false,"animationType":"glow","displayAsButton":false,"buttonSize":"big","goToSlideType":"specified","invisible":false},{"x":47.00255102040816,"y":43.95465994962216,"width":40,"height":40,"action":{"library":"H5P.CRAudio 1.4","params":{"fitToWrapper":true,"currIndex":2,"playerMode":"minimalistic","controls":true,"autoplay":true,"playAudio":"Play audio","pauseAudio":"Pause audio","contentName":"Audio","glowColor":"#ffd85a","timeStampForEachText":[{"text":" Sifika ","startDuration":"0.0000","endDuration":"1.1305","wordfile":[{"path":"audios\/wordfile-65b97ff3e6d5a.wav","mime":"audio\/x-wav","copyright":{"license":"U"}}]},{"text":" kanjani ","startDuration":"1.1315","endDuration":"1.6351","wordfile":[{"path":"audios\/wordfile-65b980099e6f4.wav","mime":"audio\/x-wav","copyright":{"license":"U"}}]},{"text":" lapho? ","startDuration":"1.6361","endDuration":"2.3408","wordfile":[{"path":"audios\/wordfile-65b9802637ab7.wav","mime":"audio\/x-wav","copyright":{"license":"U"}}]}],"files":[{"path":"audios\/files-65b97fd65973f.wav","mime":"audio\/x-wav","copyright":{"license":"U"}}]},"subContentId":"b222afca-70c4-4e43-acf6-13c47ad2d524","metadata":{"contentType":"Curious Reader Audio","license":"U","title":"Untitled Curious Reader Audio"}},"backgroundOpacity":0,"willDoAnimation":false,"animationType":"glow","displayAsButton":false,"buttonSize":"big","goToSlideType":"specified","invisible":false},{"x":24.23469387755102,"y":30.226700251889167,"width":16.198979591836736,"height":59.697732997481104,"action":{"library":"H5P.Image 1.1","params":{"contentName":"Image"},"subContentId":"f2d3241e-2ecc-42c4-91ee-e200d3ad2c7c","metadata":{"contentType":"Image","license":"U","title":"Untitled Image"}},"backgroundOpacity":0,"willDoAnimation":true,"animationType":"glow","displayAsButton":false,"buttonSize":"big","goToSlideType":"specified","invisible":false,"id":"imgb222afca-70c4-4e43-acf6-13c47ad2d524_0"},{"x":11.479591836734695,"y":52.86926952141058,"width":13.64795918367347,"height":29.471032745591938,"action":{"library":"H5P.Image 1.1","params":{"contentName":"Image"},"subContentId":"29b5d24f-13e5-44e9-8d95-85db26250380","metadata":{"contentType":"Image","license":"U","title":"Untitled Image"}},"backgroundOpacity":0,"willDoAnimation":true,"animationType":"glow","displayAsButton":false,"buttonSize":"big","goToSlideType":"specified","invisible":false,"id":"imgb222afca-70c4-4e43-acf6-13c47ad2d524_0"}],"slideBackgroundSelector":{}},{"elements":[{"x":6.5359477124183005,"y":2.150537634408602,"width":39.97821350762527,"height":95.69892473118279,"action":{"library":"H5P.Image 1.1","params":{"contentName":"Image","file":{"path":"images\/file-65772c8628500.jpg","mime":"image\/jpeg","copyright":{"license":"U"},"width":1024,"height":1472}},"subContentId":"2f88d6e3-5665-4070-aed0-828e48dd7710","metadata":{"contentType":"Image","license":"U","title":"Untitled Image"}},"backgroundOpacity":0,"willDoAnimation":false,"animationType":"glow","displayAsButton":false,"buttonSize":"big","goToSlideType":"specified","invisible":false},{"x":45.91836734693878,"y":47.84508816120906,"width":51.02040816326531,"height":38.287153652392945,"action":{"library":"H5P.CRAdvancedText 1.1","params":{"text":"<p dir=\"ltr\" style=\"text-align: center;\"><span style=\"font-size:2.25em;\"><span style=\"color:#ffffff;\">Singakhona ukugibela ibhayisikili.<\/span><\/span><\/p>\n"},"subContentId":"f51953f7-a46d-4f4d-acca-e11882a3527e","metadata":{"contentType":"Text","license":"U","title":"Untitled Text"}},"alwaysDisplayComments":false,"backgroundOpacity":0,"willDoAnimation":false,"animationType":"glow","displayAsButton":false,"buttonSize":"big","goToSlideType":"specified","invisible":false,"solution":""},{"x":47.00255102040816,"y":43.95465994962216,"width":40,"height":40,"action":{"library":"H5P.CRAudio 1.4","params":{"fitToWrapper":true,"currIndex":3,"playerMode":"minimalistic","controls":true,"autoplay":true,"playAudio":"Play audio","pauseAudio":"Pause audio","contentName":"Audio","glowColor":"#ffd85a","timeStampForEachText":[{"text":" Singakhona ","startDuration":"0.0000","endDuration":"1.4163","wordfile":[{"path":"audios\/wordfile-65b98072df7db.wav","mime":"audio\/x-wav","copyright":{"license":"U"}}]},{"text":" ukugibela ","startDuration":"1.4173","endDuration":"2.1019","wordfile":[{"path":"audios\/wordfile-65b9808af3864.wav","mime":"audio\/x-wav","copyright":{"license":"U"}}]},{"text":" ibhayisikili. ","startDuration":"2.1029","endDuration":"3.2077","wordfile":[{"path":"audios\/wordfile-65b9809b2b8cc.wav","mime":"audio\/x-wav","copyright":{"license":"U"}}]}],"files":[{"path":"audios\/files-65b9803fd6b8e.wav","mime":"audio\/x-wav","copyright":{"license":"U"}}]},"subContentId":"b544fcb4-b913-46e2-a08f-df0e52656766","metadata":{"contentType":"Curious Reader Audio","license":"U","title":"Untitled Curious Reader Audio"}},"backgroundOpacity":0,"willDoAnimation":false,"animationType":"glow","displayAsButton":false,"buttonSize":"big","goToSlideType":"specified","invisible":false},{"x":10.204081632653061,"y":45.32821158690176,"width":32.78061224489796,"height":47.60705289672544,"action":{"library":"H5P.Image 1.1","params":{"contentName":"Image"},"subContentId":"df660a0c-389c-462a-9507-a69b30c0e778","metadata":{"contentType":"Image","license":"U","title":"Untitled Image"}},"backgroundOpacity":0,"willDoAnimation":true,"animationType":"glow","displayAsButton":false,"buttonSize":"big","goToSlideType":"specified","invisible":false,"id":"imgb544fcb4-b913-46e2-a08f-df0e52656766_2"}],"slideBackgroundSelector":{}},{"elements":[{"x":5.446623093681917,"y":2.150537634408602,"width":39.97821350762527,"height":95.69892473118279,"action":{"library":"H5P.Image 1.1","params":{"contentName":"Image","file":{"path":"images\/file-65772f77b3a8c.jpg","mime":"image\/jpeg","copyright":{"license":"U"},"width":1024,"height":1472}},"subContentId":"9e8dd059-c7c6-4dc2-87f8-888317d00cd9","metadata":{"contentType":"Image","license":"U","title":"Untitled Image"}},"backgroundOpacity":0,"willDoAnimation":false,"animationType":"glow","displayAsButton":false,"buttonSize":"big","goToSlideType":"specified","invisible":false},{"x":43.36734693877551,"y":37.78337531486146,"width":52.423469387755105,"height":40.050377833753146,"action":{"library":"H5P.CRAdvancedText 1.1","params":{"text":"<p dir=\"ltr\" style=\"text-align: center;\"><span style=\"font-size:2.25em;\"><span style=\"color:#ffffff;\">Singakhona ukugibela isithuthuthu.&nbsp;<\/span><\/span><\/p>\n"},"subContentId":"40d5f0d4-ed28-4cc2-95ab-35c06610684c","metadata":{"contentType":"Text","license":"U","title":"Untitled Text"}},"alwaysDisplayComments":false,"backgroundOpacity":0,"willDoAnimation":false,"animationType":"glow","displayAsButton":false,"buttonSize":"big","goToSlideType":"specified","invisible":false,"solution":""},{"x":47.00255102040816,"y":43.95465994962216,"width":40,"height":40,"action":{"library":"H5P.CRAudio 1.4","params":{"fitToWrapper":true,"currIndex":4,"playerMode":"minimalistic","controls":true,"autoplay":true,"playAudio":"Play audio","pauseAudio":"Pause audio","contentName":"Audio","glowColor":"#ffd85a","timeStampForEachText":[{"text":" Singakhona ","startDuration":"0.0000","endDuration":"1.3705","wordfile":[{"path":"audios\/wordfile-65b980e0c8e87.wav","mime":"audio\/x-wav","copyright":{"license":"U"}}]},{"text":" ukugibela ","startDuration":"1.3715","endDuration":"2.0221","wordfile":[{"path":"audios\/wordfile-65b9810e55854.wav","mime":"audio\/x-wav","copyright":{"license":"U"}}]},{"text":" isithuthuthu.\u00a0 ","startDuration":"2.0231","endDuration":"3.2614","wordfile":[{"path":"audios\/wordfile-65b9812d89fcb.wav","mime":"audio\/x-wav","copyright":{"license":"U"}}]}],"files":[{"path":"audios\/files-65b980b6522ef.wav","mime":"audio\/x-wav","copyright":{"license":"U"}}]},"subContentId":"9898db4a-133c-4ad0-afa5-88773c6dd3ef","metadata":{"contentType":"Curious Reader Audio","license":"U","title":"Untitled Curious Reader Audio"}},"backgroundOpacity":0,"willDoAnimation":false,"animationType":"glow","displayAsButton":false,"buttonSize":"big","goToSlideType":"specified","invisible":false},{"x":8.928571428571429,"y":47.817632241813605,"width":28.95408163265306,"height":47.10327455919395,"action":{"library":"H5P.Image 1.1","params":{"contentName":"Image"},"subContentId":"950abd98-5d9a-472a-b317-44b8404cebff","metadata":{"contentType":"Image","license":"U","title":"Untitled Image"}},"backgroundOpacity":0,"willDoAnimation":true,"animationType":"glow","displayAsButton":false,"buttonSize":"big","goToSlideType":"specified","invisible":false,"id":"img9898db4a-133c-4ad0-afa5-88773c6dd3ef_2"}],"slideBackgroundSelector":{}},{"elements":[{"x":6.5359477124183005,"y":4.301075268817204,"width":39.97821350762527,"height":91.39784946236558,"action":{"library":"H5P.Image 1.1","params":{"contentName":"Image","file":{"path":"images\/file-65772fd79f9c5.jpg","mime":"image\/jpeg","copyright":{"license":"U"},"width":1024,"height":1472}},"subContentId":"c56cffc0-138a-4145-a44b-dba09817e313","metadata":{"contentType":"Image","license":"U","title":"Untitled Image"}},"backgroundOpacity":0,"willDoAnimation":false,"animationType":"glow","displayAsButton":false,"buttonSize":"big","goToSlideType":"specified","invisible":false},{"x":43.36734693877551,"y":40.29042821158691,"width":51.14795918367347,"height":35.012594458438286,"action":{"library":"H5P.CRAdvancedText 1.1","params":{"text":"<p dir=\"ltr\" style=\"text-align: center;\"><span style=\"color:#ffffff;\"><span style=\"font-size:2.25em;\">Singagibela itekisi ye&amp;ndash;tricycle.<\/span><\/span><\/p>\n"},"subContentId":"70474ade-abdd-4ae4-b89b-74390b388b43","metadata":{"contentType":"Text","license":"U","title":"Untitled Text"}},"alwaysDisplayComments":false,"backgroundOpacity":0,"willDoAnimation":false,"animationType":"glow","displayAsButton":false,"buttonSize":"big","goToSlideType":"specified","invisible":false,"solution":""},{"x":47.00255102040816,"y":43.95465994962216,"width":40,"height":40,"action":{"library":"H5P.CRAudio 1.4","params":{"fitToWrapper":true,"currIndex":5,"playerMode":"minimalistic","controls":true,"autoplay":true,"playAudio":"Play audio","pauseAudio":"Pause audio","contentName":"Audio","glowColor":"#ffd85a","timeStampForEachText":[{"text":" Singagibela ","startDuration":"0.0000","endDuration":"1.4089","wordfile":[{"path":"audios\/wordfile-65b98c5006a5a.wav","mime":"audio\/x-wav","copyright":{"license":"U"}}]},{"text":" itekisi ","startDuration":"1.4099","endDuration":"2.0333","wordfile":[{"path":"audios\/wordfile-65b98c65d0498.wav","mime":"audio\/x-wav","copyright":{"license":"U"}}]},{"text":" ye\u2013tricycle. ","startDuration":"2.0343","endDuration":"3.2239","wordfile":[{"path":"audios\/wordfile-65b98c78baf7b.wav","mime":"audio\/x-wav","copyright":{"license":"U"}}]}],"files":[{"path":"audios\/files-65b98c1f45938.wav","mime":"audio\/x-wav","copyright":{"license":"U"}}]},"subContentId":"58da02ad-2858-416a-9b9e-204b339d2a32","metadata":{"contentType":"Curious Reader Audio","license":"U","title":"Untitled Curious Reader Audio"}},"backgroundOpacity":0,"willDoAnimation":false,"animationType":"glow","displayAsButton":false,"buttonSize":"big","goToSlideType":"specified","invisible":false},{"x":7.653061224489796,"y":25.165289672544077,"width":32.78061224489796,"height":64.73551637279597,"action":{"library":"H5P.Image 1.1","params":{"contentName":"Image"},"subContentId":"36a856c3-e643-4368-be83-e7efb809ff87","metadata":{"contentType":"Image","license":"U","title":"Untitled Image"}},"backgroundOpacity":0,"willDoAnimation":true,"animationType":"glow","displayAsButton":false,"buttonSize":"big","goToSlideType":"specified","invisible":false,"id":"img58da02ad-2858-416a-9b9e-204b339d2a32_1"},{"x":8.928571428571429,"y":22.652317380352642,"width":32.78061224489796,"height":69.77329974811083,"action":{"library":"H5P.Image 1.1","params":{"contentName":"Image"},"subContentId":"bec3b407-ec03-4c01-8cb9-0340a89615e7","metadata":{"contentType":"Image","license":"U","title":"Untitled Image"}},"backgroundOpacity":0,"willDoAnimation":true,"animationType":"glow","displayAsButton":false,"buttonSize":"big","goToSlideType":"specified","invisible":false,"id":"img58da02ad-2858-416a-9b9e-204b339d2a32_2"}],"slideBackgroundSelector":{}},{"elements":[{"x":6.5359477124183005,"y":4.301075268817204,"width":39.97821350762527,"height":93.54838709677419,"action":{"library":"H5P.Image 1.1","params":{"contentName":"Image","file":{"path":"images\/file-657730203cd25.jpg","mime":"image\/jpeg","copyright":{"license":"U"},"width":1024,"height":1472}},"subContentId":"9191b9d6-6070-4809-a41a-2cb8986f0060","metadata":{"contentType":"Image","license":"U","title":"Untitled Image"}},"backgroundOpacity":0,"willDoAnimation":false,"animationType":"glow","displayAsButton":false,"buttonSize":"big","goToSlideType":"specified","invisible":false},{"x":44.642857142857146,"y":42.809319899244336,"width":53.316326530612244,"height":50.12594458438287,"action":{"library":"H5P.CRAdvancedText 1.1","params":{"text":"<p dir=\"ltr\" style=\"text-align: center;\"><span style=\"font-size:2.25em;\"><span style=\"color:#ffffff;\">Singagibela inqola edonswa ngamahhashi.<\/span><\/span><\/p>\n"},"subContentId":"b7b8bb12-cecb-4ce9-89c6-76cb49c2adfa","metadata":{"contentType":"Text","license":"U","title":"Untitled Text"}},"alwaysDisplayComments":false,"backgroundOpacity":0,"willDoAnimation":false,"animationType":"glow","displayAsButton":false,"buttonSize":"big","goToSlideType":"specified","invisible":false,"solution":""},{"x":47.00255102040816,"y":43.95465994962216,"width":40,"height":40,"action":{"library":"H5P.CRAudio 1.4","params":{"fitToWrapper":true,"currIndex":6,"playerMode":"minimalistic","controls":true,"autoplay":true,"playAudio":"Play audio","pauseAudio":"Pause audio","contentName":"Audio","glowColor":"#ffd85a","timeStampForEachText":[{"text":" Singagibela ","startDuration":"0.0000","endDuration":"1.4580","wordfile":[{"path":"audios\/wordfile-65b98b541374e.wav","mime":"audio\/x-wav","copyright":{"license":"U"}}]},{"text":" inqola ","startDuration":"1.4590","endDuration":"1.9787","wordfile":[{"path":"audios\/wordfile-65b98b74d8d34.wav","mime":"audio\/x-wav","copyright":{"license":"U"}}]},{"text":" edonswa ","startDuration":"1.9797","endDuration":"2.5938","wordfile":[{"path":"audios\/wordfile-65b98b982410f.wav","mime":"audio\/x-wav","copyright":{"license":"U"}}]},{"text":" ngamahhashi. ","startDuration":"2.5948","endDuration":"3.7278","wordfile":[{"path":"audios\/wordfile-65b98bc5269bb.wav","mime":"audio\/x-wav","copyright":{"license":"U"}}]}],"files":[{"path":"audios\/files-65b98b342e5de.wav","mime":"audio\/x-wav","copyright":{"license":"U"}}]},"subContentId":"ab133d3d-1112-4595-875e-2afa78a7b350","metadata":{"contentType":"Curious Reader Audio","license":"U","title":"Untitled Curious Reader Audio"}},"backgroundOpacity":0,"willDoAnimation":false,"animationType":"glow","displayAsButton":false,"buttonSize":"big","goToSlideType":"specified","invisible":false},{"x":7.653061224489796,"y":50.336523929471035,"width":17.474489795918366,"height":34.5088161209068,"action":{"library":"H5P.Image 1.1","params":{"contentName":"Image"},"subContentId":"7b460e85-5dd5-4d15-90dd-53a48ea22dcf","metadata":{"contentType":"Image","license":"U","title":"Untitled Image"}},"backgroundOpacity":0,"willDoAnimation":true,"animationType":"glow","displayAsButton":false,"buttonSize":"big","goToSlideType":"specified","invisible":false,"id":"imgab133d3d-1112-4595-875e-2afa78a7b350_1"},{"x":7.653061224489796,"y":50.3639798488665,"width":17.474489795918366,"height":35.012594458438286,"action":{"library":"H5P.Image 1.1","params":{"contentName":"Image"},"subContentId":"fda02bdc-db60-4b6a-9d1c-7ddf11a19c1f","metadata":{"contentType":"Image","license":"U","title":"Untitled Image"}},"backgroundOpacity":0,"willDoAnimation":true,"animationType":"glow","displayAsButton":false,"buttonSize":"big","goToSlideType":"specified","invisible":false,"id":"imgab133d3d-1112-4595-875e-2afa78a7b350_2"},{"x":6.377551020408164,"y":50.3639798488665,"width":18.75,"height":37.531486146095716,"action":{"library":"H5P.Image 1.1","params":{"contentName":"Image"},"subContentId":"8ff5440e-ae3b-409d-b192-66a121f06088","metadata":{"contentType":"Image","license":"U","title":"Untitled Image"}},"backgroundOpacity":0,"willDoAnimation":true,"animationType":"glow","displayAsButton":false,"buttonSize":"big","goToSlideType":"specified","invisible":false,"id":"imgab133d3d-1112-4595-875e-2afa78a7b350_3"}],"slideBackgroundSelector":{}},{"elements":[{"x":5.1020408163265305,"y":5.037783375314861,"width":39.97821350762527,"height":93.54838709677419,"action":{"library":"H5P.Image 1.1","params":{"contentName":"Image","file":{"path":"images\/file-6577306a54903.jpg","mime":"image\/jpeg","copyright":{"license":"U"},"width":1024,"height":1472}},"subContentId":"b233860e-b1c2-4a6c-b471-3b72630f1a26","metadata":{"contentType":"Image","license":"U","title":"Untitled Image"}},"backgroundOpacity":0,"willDoAnimation":false,"animationType":"glow","displayAsButton":false,"buttonSize":"big","goToSlideType":"specified","invisible":false},{"x":39.54081632653062,"y":45.32821158690176,"width":57.39795918367347,"height":40.30226700251889,"action":{"library":"H5P.CRAdvancedText 1.1","params":{"text":"<p style=\"text-align: center;\"><span style=\"color:#ffffff;\"><span style=\"font-size:2.25em;\">&nbsp;Singagibela enqoleni yenkomo. <\/span><\/span><\/p>\n"},"subContentId":"106edf66-9688-4e47-a6bb-2267c9df71ff","metadata":{"contentType":"Text","license":"U","title":"Untitled Text"}},"alwaysDisplayComments":false,"backgroundOpacity":0,"willDoAnimation":false,"animationType":"glow","displayAsButton":false,"buttonSize":"big","goToSlideType":"specified","invisible":false,"solution":""},{"x":47.00255102040816,"y":43.95465994962216,"width":40,"height":40,"action":{"library":"H5P.CRAudio 1.4","params":{"fitToWrapper":true,"currIndex":7,"playerMode":"minimalistic","controls":true,"autoplay":true,"playAudio":"Play audio","pauseAudio":"Pause audio","contentName":"Audio","glowColor":"#ffd85a","timeStampForEachText":[{"text":" \u00a0Singagibela ","startDuration":"0.0000","endDuration":"1.8249","wordfile":[{"path":"audios\/wordfile-65b985a6e261f.wav","mime":"audio\/x-wav","copyright":{"license":"U"}}]},{"text":" enqoleni ","startDuration":"1.8259","endDuration":"2.4977","wordfile":[{"path":"audios\/wordfile-65b985c04d890.wav","mime":"audio\/x-wav","copyright":{"license":"U"}}]},{"text":" yenkomo. ","startDuration":"2.4987","endDuration":"3.6108","wordfile":[{"path":"audios\/wordfile-65b985e3c56a1.wav","mime":"audio\/x-wav","copyright":{"license":"U"}}]}],"files":[{"path":"audios\/files-65b9857532951.wav","mime":"audio\/x-wav","copyright":{"license":"U"}}]},"subContentId":"6d1c28e3-169d-4fd8-8c7b-7e534134c80f","metadata":{"contentType":"Curious Reader Audio","license":"U","title":"Untitled Curious Reader Audio"}},"backgroundOpacity":0,"willDoAnimation":false,"animationType":"glow","displayAsButton":false,"buttonSize":"big","goToSlideType":"specified","invisible":false},{"x":7.653061224489796,"y":55.368261964735524,"width":18.75,"height":34.5088161209068,"action":{"library":"H5P.Image 1.1","params":{"contentName":"Image"},"subContentId":"05b7b662-cb8e-40da-9d19-14c4da3fe8a9","metadata":{"contentType":"Image","license":"U","title":"Untitled Image"}},"backgroundOpacity":0,"willDoAnimation":true,"animationType":"glow","displayAsButton":false,"buttonSize":"big","goToSlideType":"specified","invisible":false,"id":"img6d1c28e3-169d-4fd8-8c7b-7e534134c80f_1"},{"x":7.653061224489796,"y":52.86926952141058,"width":18.75,"height":40.050377833753146,"action":{"library":"H5P.Image 1.1","params":{"contentName":"Image"},"subContentId":"18f79f8a-ab53-48f0-8a6e-56ff9a05f697","metadata":{"contentType":"Image","license":"U","title":"Untitled Image"}},"backgroundOpacity":0,"willDoAnimation":true,"animationType":"glow","displayAsButton":false,"buttonSize":"big","goToSlideType":"specified","invisible":false,"id":"img6d1c28e3-169d-4fd8-8c7b-7e534134c80f_2"}],"slideBackgroundSelector":{}},{"elements":[{"x":6.5359477124183005,"y":2.150537634408602,"width":39.97821350762527,"height":93.54838709677419,"action":{"library":"H5P.Image 1.1","params":{"contentName":"Image","file":{"path":"images\/file-657730ac1c0b2.jpg","mime":"image\/jpeg","copyright":{"license":"U"},"width":1024,"height":1472}},"subContentId":"918b2dfb-a82a-40d6-a574-807c508f8f8c","metadata":{"contentType":"Image","license":"U","title":"Untitled Image"}},"backgroundOpacity":0,"willDoAnimation":false,"animationType":"glow","displayAsButton":false,"buttonSize":"big","goToSlideType":"specified","invisible":false},{"x":44.642857142857146,"y":42.809319899244336,"width":49.87244897959184,"height":31.48614609571788,"action":{"library":"H5P.CRAdvancedText 1.1","params":{"text":"<p style=\"text-align: center;\"><span style=\"color:#ffffff;\"><span style=\"font-size:2.25em;\">&nbsp;Singashayela imoto yomjaho.<\/span><\/span><\/p>\n"},"subContentId":"eb4d5274-567b-401f-85e4-f5558587f300","metadata":{"contentType":"Text","license":"U","title":"Untitled Text"}},"alwaysDisplayComments":false,"backgroundOpacity":0,"willDoAnimation":false,"animationType":"glow","displayAsButton":false,"buttonSize":"big","goToSlideType":"specified","invisible":false,"solution":""},{"x":47.00255102040816,"y":43.95465994962216,"width":40,"height":40,"action":{"library":"H5P.CRAudio 1.4","params":{"fitToWrapper":true,"currIndex":8,"playerMode":"minimalistic","controls":true,"autoplay":true,"playAudio":"Play audio","pauseAudio":"Pause audio","contentName":"Audio","glowColor":"#ffd85a","timeStampForEachText":[{"text":" \u00a0Singashayela ","startDuration":"0.0000","endDuration":"1.4459","wordfile":[{"path":"audios\/wordfile-65b98675e89ff.wav","mime":"audio\/x-wav","copyright":{"license":"U"}}]},{"text":" imoto ","startDuration":"1.4469","endDuration":"1.9836","wordfile":[{"path":"audios\/wordfile-65b9868c039eb.wav","mime":"audio\/x-wav","copyright":{"license":"U"}}]},{"text":" yomjaho. ","startDuration":"1.9846","endDuration":"2.8328","wordfile":[{"path":"audios\/wordfile-65b986a10131c.wav","mime":"audio\/x-wav","copyright":{"license":"U"}}]}],"files":[{"path":"audios\/files-65b986531c3c1.wav","mime":"audio\/x-wav","copyright":{"license":"U"}}]},"subContentId":"4ff3ce01-99f8-4b47-a076-73515976ac34","metadata":{"contentType":"Curious Reader Audio","license":"U","title":"Untitled Curious Reader Audio"}},"backgroundOpacity":0,"willDoAnimation":false,"animationType":"glow","displayAsButton":false,"buttonSize":"big","goToSlideType":"specified","invisible":false},{"x":8.928571428571429,"y":57.88715365239295,"width":35.33163265306123,"height":24.43324937027708,"action":{"library":"H5P.Image 1.1","params":{"contentName":"Image"},"subContentId":"fb430169-7812-464e-a9f0-d715e942e3fa","metadata":{"contentType":"Image","license":"U","title":"Untitled Image"}},"backgroundOpacity":0,"willDoAnimation":true,"animationType":"glow","displayAsButton":false,"buttonSize":"big","goToSlideType":"specified","invisible":false,"id":"img4ff3ce01-99f8-4b47-a076-73515976ac34_1"},{"x":7.653061224489796,"y":57.90302267002518,"width":35.33163265306123,"height":24.937027707808564,"action":{"library":"H5P.Image 1.1","params":{"contentName":"Image"},"subContentId":"2b8033b6-2979-448b-bd55-bb9c37bac9b6","metadata":{"contentType":"Image","license":"U","title":"Untitled Image"}},"backgroundOpacity":0,"willDoAnimation":true,"animationType":"glow","displayAsButton":false,"buttonSize":"big","goToSlideType":"specified","invisible":false,"id":"img4ff3ce01-99f8-4b47-a076-73515976ac34_2"}],"slideBackgroundSelector":{}},{"elements":[{"x":6.5359477124183005,"y":2.150537634408602,"width":39.97821350762527,"height":95.69892473118279,"action":{"library":"H5P.Image 1.1","params":{"contentName":"Image","file":{"path":"images\/file-657730e66c7cb.jpg","mime":"image\/jpeg","copyright":{"license":"U"},"width":1024,"height":1472}},"subContentId":"5642e8ce-c395-4093-bf32-1bad47f044df","metadata":{"contentType":"Image","license":"U","title":"Untitled Image"}},"backgroundOpacity":0,"willDoAnimation":false,"animationType":"glow","displayAsButton":false,"buttonSize":"big","goToSlideType":"specified","invisible":false},{"x":47.19387755102041,"y":40.29042821158691,"width":47.32142857142857,"height":34.005037783375315,"action":{"library":"H5P.CRAdvancedText 1.1","params":{"text":"<p dir=\"ltr\" style=\"text-align: center;\"><span style=\"color:#ffffff;\"><span style=\"font-size:2.25em;\">&nbsp;Singashayela imoto enkulu. <\/span><\/span><\/p>\n"},"subContentId":"04493358-b49e-41bd-9b69-c6e200aa7ec2","metadata":{"contentType":"Text","license":"U","title":"Untitled Text"}},"alwaysDisplayComments":false,"backgroundOpacity":0,"willDoAnimation":false,"animationType":"glow","displayAsButton":false,"buttonSize":"big","goToSlideType":"specified","invisible":false,"solution":""},{"x":47.00255102040816,"y":43.95465994962216,"width":40,"height":40,"action":{"library":"H5P.CRAudio 1.4","params":{"fitToWrapper":true,"currIndex":9,"playerMode":"minimalistic","controls":true,"autoplay":true,"playAudio":"Play audio","pauseAudio":"Pause audio","contentName":"Audio","glowColor":"#ffd85a","timeStampForEachText":[{"text":" \u00a0Singashayela ","startDuration":"0.0000","endDuration":"1.4970","wordfile":[{"path":"audios\/wordfile-65b986ebb4119.wav","mime":"audio\/x-wav","copyright":{"license":"U"}}]},{"text":" imoto ","startDuration":"1.4980","endDuration":"1.9642","wordfile":[{"path":"audios\/wordfile-65b987039dc6d.wav","mime":"audio\/x-wav","copyright":{"license":"U"}}]},{"text":" enkulu. ","startDuration":"1.9652","endDuration":"2.9341","wordfile":[{"path":"audios\/wordfile-65b9871c26dd2.wav","mime":"audio\/x-wav","copyright":{"license":"U"}}]}],"files":[{"path":"audios\/files-65b986b9e09d8.wav","mime":"audio\/x-wav","copyright":{"license":"U"}}]},"subContentId":"cda081bc-3543-4be6-bd0c-e9bb5446e2ba","metadata":{"contentType":"Curious Reader Audio","license":"U","title":"Untitled Curious Reader Audio"}},"backgroundOpacity":0,"willDoAnimation":false,"animationType":"glow","displayAsButton":false,"buttonSize":"big","goToSlideType":"specified","invisible":false},{"x":5.1020408163265305,"y":40.27858942065492,"width":40.05102040816327,"height":49.622166246851386,"action":{"library":"H5P.Image 1.1","params":{"contentName":"Image"},"subContentId":"efcfa1aa-73d7-40a1-befe-00705e5e95dc","metadata":{"contentType":"Image","license":"U","title":"Untitled Image"}},"backgroundOpacity":0,"willDoAnimation":true,"animationType":"glow","displayAsButton":false,"buttonSize":"big","goToSlideType":"specified","invisible":false,"id":"imgcda081bc-3543-4be6-bd0c-e9bb5446e2ba_1"},{"x":5.1020408163265305,"y":42.79748110831235,"width":40.05102040816327,"height":47.10327455919395,"action":{"library":"H5P.Image 1.1","params":{"contentName":"Image"},"subContentId":"c817b268-1ab2-4a9b-86f4-12b0ed0244a1","metadata":{"contentType":"Image","license":"U","title":"Untitled Image"}},"backgroundOpacity":0,"willDoAnimation":true,"animationType":"glow","displayAsButton":false,"buttonSize":"big","goToSlideType":"specified","invisible":false,"id":"imgcda081bc-3543-4be6-bd0c-e9bb5446e2ba_2"}],"slideBackgroundSelector":{}},{"elements":[{"x":5.446623093681917,"y":2.150537634408602,"width":39.97821350762527,"height":93.54838709677419,"action":{"library":"H5P.Image 1.1","params":{"contentName":"Image","file":{"path":"images\/file-6577312023aac.jpg","mime":"image\/jpeg","copyright":{"license":"U"},"width":1024,"height":1472}},"subContentId":"54df8b14-746c-4ada-ae1b-fd3ee142cf9e","metadata":{"contentType":"Image","license":"U","title":"Untitled Image"}},"backgroundOpacity":0,"willDoAnimation":false,"animationType":"glow","displayAsButton":false,"buttonSize":"big","goToSlideType":"specified","invisible":false},{"x":44.642857142857146,"y":47.83148614609571,"width":53.57142857142857,"height":28.71536523929471,"action":{"library":"H5P.CRAdvancedText 1.1","params":{"text":"<p style=\"text-align: center;\"><span style=\"color:#ffffff;\"><span style=\"font-size:2.25em;\">Singagwedla isikebhe. <\/span><\/span><\/p>\n"},"subContentId":"4a412170-9cce-4809-abca-083d6a03a0da","metadata":{"contentType":"Text","license":"U","title":"Untitled Text"}},"alwaysDisplayComments":false,"backgroundOpacity":0,"willDoAnimation":false,"animationType":"glow","displayAsButton":false,"buttonSize":"big","goToSlideType":"specified","invisible":false,"solution":""},{"x":47.00255102040816,"y":43.95465994962216,"width":40,"height":40,"action":{"library":"H5P.CRAudio 1.4","params":{"fitToWrapper":true,"currIndex":10,"playerMode":"minimalistic","controls":true,"autoplay":true,"playAudio":"Play audio","pauseAudio":"Pause audio","contentName":"Audio","glowColor":"#ffd85a","timeStampForEachText":[{"text":" Singagwedla ","startDuration":"0.0000","endDuration":"1.4286","wordfile":[{"path":"audios\/wordfile-65b9876a25981.wav","mime":"audio\/x-wav","copyright":{"license":"U"}}]},{"text":" isikebhe. ","startDuration":"1.4296","endDuration":"2.4921","wordfile":[{"path":"audios\/wordfile-65b9878868005.wav","mime":"audio\/x-wav","copyright":{"license":"U"}}]}],"files":[{"path":"audios\/files-65b9874737317.wav","mime":"audio\/x-wav","copyright":{"license":"U"}}]},"subContentId":"72f52b28-da1d-499e-9591-f72fcad7d5c7","metadata":{"contentType":"Curious Reader Audio","license":"U","title":"Untitled Curious Reader Audio"}},"backgroundOpacity":0,"willDoAnimation":false,"animationType":"glow","displayAsButton":false,"buttonSize":"big","goToSlideType":"specified","invisible":false},{"x":7.653061224489796,"y":35.2448362720403,"width":36.60714285714286,"height":54.659949622166245,"action":{"library":"H5P.Image 1.1","params":{"contentName":"Image"},"subContentId":"bb8b31a2-da5e-4a24-81b5-22b6781c76c6","metadata":{"contentType":"Image","license":"U","title":"Untitled Image"}},"backgroundOpacity":0,"willDoAnimation":true,"animationType":"glow","displayAsButton":false,"buttonSize":"big","goToSlideType":"specified","invisible":false,"id":"img72f52b28-da1d-499e-9591-f72fcad7d5c7_1"}],"slideBackgroundSelector":{}},{"elements":[{"x":31.59041394335512,"y":2.150537634408602,"width":66.23093681917211,"height":95.69892473118279,"action":{"library":"H5P.Image 1.1","params":{"contentName":"Image","file":{"path":"images\/file-657732a5856b9.jpg","mime":"image\/jpeg","copyright":{"license":"U"},"width":1024,"height":735}},"subContentId":"38dc3824-e8c1-4dbf-9ed7-4ac8d2355b3b","metadata":{"contentType":"Image","license":"U","title":"Untitled Image"}},"backgroundOpacity":0,"willDoAnimation":false,"animationType":"glow","displayAsButton":false,"buttonSize":"big","goToSlideType":"specified","invisible":false},{"x":2.5510204081632653,"y":37.78337531486146,"width":73.9795918367347,"height":40.050377833753146,"action":{"library":"H5P.CRAdvancedText 1.1","params":{"text":"<p dir=\"ltr\" style=\"text-align: center;\"><span style=\"color:#ffffff;\"><span style=\"font-size:2.25em;\">Singakwazi ukugibela indlovu. <\/span><\/span><\/p>\n"},"subContentId":"11168cee-a669-4a5c-ad04-b3de669fd62c","metadata":{"contentType":"Text","license":"U","title":"Untitled Text"}},"alwaysDisplayComments":false,"backgroundOpacity":0,"willDoAnimation":false,"animationType":"glow","displayAsButton":false,"buttonSize":"big","goToSlideType":"specified","invisible":false,"solution":""},{"x":47.00255102040816,"y":43.95465994962216,"width":40,"height":40,"action":{"library":"H5P.CRAudio 1.4","params":{"fitToWrapper":true,"currIndex":11,"playerMode":"minimalistic","controls":true,"autoplay":true,"playAudio":"Play audio","pauseAudio":"Pause audio","contentName":"Audio","glowColor":"#ffd85a","timeStampForEachText":[{"text":" Singakwazi ","startDuration":"0.0000","endDuration":"1.4944","wordfile":[{"path":"audios\/wordfile-65b987d2d4b01.wav","mime":"audio\/x-wav","copyright":{"license":"U"}}]},{"text":" ukugibela ","startDuration":"1.4954","endDuration":"2.0991","wordfile":[{"path":"audios\/wordfile-65b987ea9df3a.wav","mime":"audio\/x-wav","copyright":{"license":"U"}}]},{"text":" indlovu. ","startDuration":"2.1001","endDuration":"3.0882","wordfile":[{"path":"audios\/wordfile-65b987fdcb33b.wav","mime":"audio\/x-wav","copyright":{"license":"U"}}]}],"files":[{"path":"audios\/files-65b987a54f90a.wav","mime":"audio\/x-wav","copyright":{"license":"U"}}]},"subContentId":"5fa8bc25-dd29-431d-945d-8f655283a2c2","metadata":{"contentType":"Curious Reader Audio","license":"U","title":"Untitled Curious Reader Audio"}},"backgroundOpacity":0,"willDoAnimation":false,"animationType":"glow","displayAsButton":false,"buttonSize":"big","goToSlideType":"specified","invisible":false},{"x":67.60204081632652,"y":47.83148614609571,"width":26.403061224489797,"height":39.54659949622166,"action":{"library":"H5P.Image 1.1","params":{"contentName":"Image"},"subContentId":"ec135a59-837a-4261-bb92-51f29b96eb08","metadata":{"contentType":"Image","license":"U","title":"Untitled Image"}},"backgroundOpacity":0,"willDoAnimation":true,"animationType":"glow","displayAsButton":false,"buttonSize":"big","goToSlideType":"specified","invisible":false,"id":"img5fa8bc25-dd29-431d-945d-8f655283a2c2_2"}],"slideBackgroundSelector":{}},{"elements":[{"x":6.5359477124183005,"y":2.150537634408602,"width":39.97821350762527,"height":95.69892473118279,"action":{"library":"H5P.Image 1.1","params":{"contentName":"Image","file":{"path":"images\/file-657733414a4c5.jpg","mime":"image\/jpeg","copyright":{"license":"U"},"width":1024,"height":1472}},"subContentId":"3fc945d1-d748-445f-bbd3-a7f86964fe4e","metadata":{"contentType":"Image","license":"U","title":"Untitled Image"}},"backgroundOpacity":0,"willDoAnimation":false,"animationType":"glow","displayAsButton":false,"buttonSize":"big","goToSlideType":"specified","invisible":false},{"x":43.36734693877551,"y":45.31637279596977,"width":53.69897959183674,"height":40.050377833753146,"action":{"library":"H5P.CRAdvancedText 1.1","params":{"text":"<p dir=\"ltr\" style=\"text-align: center;\"><span style=\"color:#ffffff;\"><span style=\"font-size:2.25em;\">Cha! Kufanele sihambe.<\/span><\/span><\/p>\n"},"subContentId":"378c2ce4-59d7-41b1-823b-9c22984380c0","metadata":{"contentType":"Text","license":"U","title":"Untitled Text"}},"alwaysDisplayComments":false,"backgroundOpacity":0,"willDoAnimation":false,"animationType":"glow","displayAsButton":false,"buttonSize":"big","goToSlideType":"specified","invisible":false,"solution":""},{"x":47.00255102040816,"y":43.95465994962216,"width":40,"height":40,"action":{"library":"H5P.CRAudio 1.4","params":{"fitToWrapper":true,"currIndex":12,"playerMode":"minimalistic","controls":true,"autoplay":true,"playAudio":"Play audio","pauseAudio":"Pause audio","contentName":"Audio","glowColor":"#ffd85a","timeStampForEachText":[{"text":" Cha! ","startDuration":"0.0000","endDuration":"1.1531","wordfile":[{"path":"audios\/wordfile-65b9883ed7f4f.wav","mime":"audio\/x-wav","copyright":{"license":"U"}}]},{"text":" Kufanele ","startDuration":"1.1541","endDuration":"1.9742","wordfile":[{"path":"audios\/wordfile-65b9885148a72.wav","mime":"audio\/x-wav","copyright":{"license":"U"}}]},{"text":" sihambe. ","startDuration":"1.9752","endDuration":"2.9826","wordfile":[{"path":"audios\/wordfile-65b988618a1bb.wav","mime":"audio\/x-wav","copyright":{"license":"U"}}]}],"files":[{"path":"audios\/files-65b9881844212.wav","mime":"audio\/x-wav","copyright":{"license":"U"}}]},"subContentId":"f573170a-ee45-40a4-9bcc-091931f313c4","metadata":{"contentType":"Curious Reader Audio","license":"U","title":"Untitled Curious Reader Audio"}},"backgroundOpacity":0,"willDoAnimation":false,"animationType":"glow","displayAsButton":false,"buttonSize":"big","goToSlideType":"specified","invisible":false},{"x":10.204081632653061,"y":70.47002518891688,"width":20.025510204081634,"height":14.86146095717884,"action":{"library":"H5P.Image 1.1","params":{"contentName":"Image"},"subContentId":"853ec157-d818-4cad-adb3-f74533d7fb06","metadata":{"contentType":"Image","license":"U","title":"Untitled Image"}},"backgroundOpacity":0,"willDoAnimation":true,"animationType":"glow","displayAsButton":false,"buttonSize":"big","goToSlideType":"specified","invisible":false,"id":"imgf573170a-ee45-40a4-9bcc-091931f313c4_2"}],"slideBackgroundSelector":{}},{"elements":[{"x":64.27015250544663,"y":10.75268817204301,"width":31.263616557734206,"height":17.204301075268816,"action":{"library":"H5P.Image 1.1","params":{"contentName":"Image","file":{"path":"images\/file-657734c6867b2.jpg","mime":"image\/jpeg","copyright":{"license":"U"},"width":1732,"height":354}},"subContentId":"58d6bcfc-1017-40eb-bbcd-a32d3100ea46","metadata":{"contentType":"Image","license":"U","title":"Untitled Image"}},"backgroundOpacity":0,"willDoAnimation":false,"animationType":"glow","displayAsButton":false,"buttonSize":"big","goToSlideType":"specified","invisible":false},{"x":4.357298474945534,"y":6.451612903225806,"width":23.965141612200437,"height":24.086021505376344,"action":{"library":"H5P.Image 1.1","params":{"contentName":"Image","file":{"path":"images\/file-657734db6bc33.png","mime":"image\/png","copyright":{"license":"U"},"width":1350,"height":487}},"subContentId":"46007b76-06dc-4b23-9d5e-0feb3dcced51","metadata":{"contentType":"Image","license":"U","title":"Untitled Image"}},"backgroundOpacity":0,"willDoAnimation":false,"animationType":"glow","displayAsButton":false,"buttonSize":"big","goToSlideType":"specified","invisible":false},{"x":34.85838779956427,"y":4.301075268817204,"width":23.965141612200437,"height":23.87096774193548,"action":{"library":"H5P.Image 1.1","params":{"contentName":"Image","file":{"path":"images\/file-657734e7ce435.png","mime":"image\/png","copyright":{"license":"U"},"width":814,"height":202}},"subContentId":"f81bc57f-8a0f-443d-b34a-3ccd68a92e3a","metadata":{"contentType":"Image","license":"U","title":"Untitled Image"}},"backgroundOpacity":0,"willDoAnimation":false,"animationType":"glow","displayAsButton":false,"buttonSize":"big","goToSlideType":"specified","invisible":false},{"x":4.357298474945534,"y":32.20258064516129,"width":93.68191721132898,"height":67.74193548387096,"action":{"library":"H5P.CRAdvancedText 1.1","params":{"text":"<h3 style=\"text-align: center;\"><span style=\"font-size:1.25em;\">\u201c<\/span>Indawo yokudlala<span style=\"font-size:1.25em;\">\u201d credits<\/span><\/h3>\n\n<h3 style=\"text-align: center;\"><span style=\"font-size:1.25em;\">This work, \u201c<\/span>Indawo yokudlala<span style=\"font-size:1.25em;\">\u201d&nbsp;is a derivative of \u201cPlayground\u201d by All Children Reading Cambodia. \u00a9 The Asia Foundation , 2019 and used under CC BY.<\/span><\/h3>\n\n<h3 style=\"text-align: center;\"><span style=\"font-size:1.25em;\">\u201c<\/span>Indawo yokudlala<span style=\"font-size:1.25em;\">\u201d is licensed under CC BY 4.0 by Curious Learning.<\/span><\/h3>\n\n<h3 style=\"text-align: center;\"><span style=\"font-size:1.25em;\">Book builder - Abraham Jerry Kakooza<\/span><\/h3>\n"},"subContentId":"045c5dbc-06a7-4115-b9f8-a37781c03f1e","metadata":{"contentType":"Text","license":"U","title":"Untitled Text"}},"alwaysDisplayComments":false,"backgroundOpacity":0,"willDoAnimation":false,"animationType":"glow","displayAsButton":false,"buttonSize":"big","goToSlideType":"specified","invisible":false,"solution":""}],"slideBackgroundSelector":{}}],"keywordListEnabled":true,"globalBackgroundSelector":{"fillGlobalBackground":"#fbfef0"},"keywordListAlwaysShow":false,"keywordListAutoHide":false,"keywordListOpacity":90},"override":{"activeSurface":false,"hideSummarySlide":false,"summarySlideSolutionButton":true,"summarySlideRetryButton":true,"enablePrintButton":false,"social":{"showFacebookShare":false,"facebookShare":{"url":"@currentpageurl","quote":"I scored @score out of @maxScore on a task at @currentpageurl."},"showTwitterShare":false,"twitterShare":{"statement":"I scored @score out of @maxScore on a task at @currentpageurl.","url":"@currentpageurl","hashtags":"h5p, course"},"showGoogleShare":false,"googleShareUrl":"@currentpageurl"}},"l10n":{"slide":"Slide","score":"Score","yourScore":"Your Score","maxScore":"Max Score","total":"Total","totalScore":"Total Score","showSolutions":"Show solutions","retry":"Retry","exportAnswers":"Export text","hideKeywords":"Hide sidebar navigation menu","showKeywords":"Show sidebar navigation menu","fullscreen":"Fullscreen","exitFullscreen":"Exit fullscreen","prevSlide":"Previous slide","nextSlide":"Next slide","currentSlide":"Current slide","lastSlide":"Last slide","solutionModeTitle":"Exit solution mode","solutionModeText":"Solution Mode","summaryMultipleTaskText":"Multiple tasks","scoreMessage":"You achieved:","shareFacebook":"Share on Facebook","shareTwitter":"Share on Twitter","shareGoogle":"Share on Google+","summary":"Summary","solutionsButtonTitle":"Show comments","printTitle":"Print","printIngress":"How would you like to print this presentation?","printAllSlides":"Print all slides","printCurrentSlide":"Print current slide","noTitle":"No title","accessibilitySlideNavigationExplanation":"Use left and right arrow to change slide in that direction whenever canvas is selected.","accessibilityCanvasLabel":"Presentation canvas. Use left and right arrow to move between slides.","containsNotCompleted":"@slideName contains not completed interaction","containsCompleted":"@slideName contains completed interaction","slideCount":"Slide @index of @total","containsOnlyCorrect":"@slideName only has correct answers","containsIncorrectAnswers":"@slideName has incorrect answers","shareResult":"Share Result","accessibilityTotalScore":"You got @score of @maxScore points in total","accessibilityEnteredFullscreen":"Entered fullscreen","accessibilityExitedFullscreen":"Exited fullscreen"}}