{"presentation":{"slides":[{"elements":[{"x":11.982570806100219,"y":83.87096774193547,"width":78.86710239651417,"height":15.053763440860214,"action":{"library":"H5P.CRAdvancedText 1.1","params":{"text":"<p dir=\"ltr\" style=\"text-align: center;\"><span style=\"font-size:1.75em;\">Parque Infantil<\/span><\/p>\n"},"subContentId":"90697ea5-581d-4cce-b8d5-c3e964c80fe3","metadata":{"contentType":"Text","license":"U","title":"Untitled Text"}},"alwaysDisplayComments":false,"backgroundOpacity":0,"willDoAnimation":false,"animationType":"glow","displayAsButton":false,"buttonSize":"big","goToSlideType":"specified","invisible":false,"solution":""},{"x":3.2679738562091507,"y":4.29436559139785,"width":91.28540305010894,"height":77.41935483870967,"action":{"library":"H5P.Image 1.1","params":{"contentName":"Image","file":{"path":"images\/file-65771e0ae63e0.jpg","mime":"image\/jpeg","copyright":{"license":"U"},"width":1024,"height":490}},"subContentId":"4b5f1fe6-22a7-4ade-bfe5-6c2a6969447d","metadata":{"contentType":"Image","license":"U","title":"Untitled Image"}},"backgroundOpacity":0,"willDoAnimation":false,"animationType":"glow","displayAsButton":false,"buttonSize":"big","goToSlideType":"specified","invisible":false}],"slideBackgroundSelector":{}},{"elements":[{"x":7.625272331154684,"y":2.150537634408602,"width":39.97821350762527,"height":95.69892473118279,"action":{"library":"H5P.Image 1.1","params":{"contentName":"Image","file":{"path":"images\/file-6577290f7836f.jpeg","mime":"image\/jpeg","copyright":{"license":"U"},"width":1024,"height":1472}},"subContentId":"476fadde-9027-4ab4-aca7-b46b802384a1","metadata":{"contentType":"Image","license":"U","title":"Untitled Image"}},"backgroundOpacity":0,"willDoAnimation":false,"animationType":"glow","displayAsButton":false,"buttonSize":"big","goToSlideType":"specified","invisible":false},{"x":51.470588235294116,"y":29.09090909090909,"width":41.54411764705882,"height":40,"action":{"library":"H5P.CRAdvancedText 1.1","params":{"text":"<p dir=\"ltr\" style=\"text-align: center;\"><span style=\"font-size:1.75em;\"><span style=\"color:#ffffff;\">Queremos ir ao parquinho.<\/span><\/span><\/p>\n"},"subContentId":"4a13a470-f3c0-45b7-bbb6-948224693b56","metadata":{"contentType":"Text","license":"U","title":"Untitled Text"}},"alwaysDisplayComments":false,"backgroundOpacity":0,"willDoAnimation":false,"animationType":"glow","displayAsButton":false,"buttonSize":"big","goToSlideType":"specified","invisible":false,"solution":""},{"x":47.000103485838785,"y":44.00026681929878,"width":40,"height":40,"action":{"library":"H5P.CRAudio 1.4","params":{"fitToWrapper":true,"currIndex":1,"playerMode":"minimalistic","controls":true,"autoplay":true,"playAudio":"Play audio","pauseAudio":"Pause audio","contentName":"Audio","glowColor":"#ffd85a","timeStampForEachText":[{"text":" Queremos ","startDuration":"0.0000","endDuration":"0.7717","wordfile":[{"path":"audios\/wordfile-670e191bb952e.wav","mime":"audio\/x-wav","copyright":{"license":"U"}}]},{"text":" ir ","startDuration":"0.7727","endDuration":"1.0624","wordfile":[{"path":"audios\/wordfile-670e19309dfd9.wav","mime":"audio\/x-wav","copyright":{"license":"U"}}]},{"text":" ao ","startDuration":"1.0634","endDuration":"1.2634","wordfile":[{"path":"audios\/wordfile-670e194270977.wav","mime":"audio\/x-wav","copyright":{"license":"U"}}]},{"text":" parquinho. ","startDuration":"1.2644","endDuration":"2.2456","wordfile":[{"path":"audios\/wordfile-670e19554e61b.wav","mime":"audio\/x-wav","copyright":{"license":"U"}}]}],"files":[{"path":"audios\/files-670e190037713.wav","mime":"audio\/x-wav","copyright":{"license":"U"}}]},"subContentId":"3efdf5cf-f325-4699-8bed-f64a1d554bf3","metadata":{"contentType":"Curious Reader Audio","license":"U","title":"Untitled Curious Reader Audio"}},"backgroundOpacity":0,"willDoAnimation":false,"animationType":"glow","displayAsButton":false,"buttonSize":"big","goToSlideType":"specified","invisible":false},{"x":20.697167755991288,"y":34.428296616989506,"width":27.995642701525057,"height":39.999440540179975,"action":{"library":"H5P.Image 1.1","params":{"contentName":"Image"},"subContentId":"16139bce-14c9-4b59-a25f-8f8c8c63fcc4","metadata":{"contentType":"Image","license":"U","title":"Untitled Image"}},"backgroundOpacity":0,"willDoAnimation":true,"animationType":"glow","displayAsButton":false,"buttonSize":"big","goToSlideType":"specified","invisible":false,"id":"img3efdf5cf-f325-4699-8bed-f64a1d554bf3_3"}],"slideBackgroundSelector":{}},{"elements":[{"x":43.57298474945534,"y":40.86021505376344,"width":54.46623093681917,"height":40.86021505376344,"action":{"library":"H5P.CRAdvancedText 1.1","params":{"text":"<p dir=\"ltr\" style=\"text-align: center;\"><span style=\"font-size:1.75em;\"><span style=\"color:#ffffff;\">Como vamos chegar l\u00e1?<\/span><\/span><\/p>\n"},"subContentId":"2994eb57-730b-4fd4-9251-e065d99b0ad4","metadata":{"contentType":"Text","license":"U","title":"Untitled Text"}},"alwaysDisplayComments":false,"backgroundOpacity":0,"willDoAnimation":false,"animationType":"glow","displayAsButton":false,"buttonSize":"big","goToSlideType":"specified","invisible":false,"solution":""},{"x":5.446623093681917,"y":2.150537634408602,"width":39.97821350762527,"height":95.69892473118279,"action":{"library":"H5P.Image 1.1","params":{"contentName":"Image","file":{"path":"images\/file-65771ef884e6f.jpg","mime":"image\/jpeg","copyright":{"license":"U"},"width":1024,"height":1472}},"subContentId":"9331eab1-1659-4721-afea-f39be84615c0","metadata":{"contentType":"Image","license":"U","title":"Untitled Image"}},"backgroundOpacity":0,"willDoAnimation":false,"animationType":"glow","displayAsButton":false,"buttonSize":"big","goToSlideType":"specified","invisible":false},{"x":47.000103485838785,"y":44.00026681929878,"width":40,"height":40,"action":{"library":"H5P.CRAudio 1.4","params":{"fitToWrapper":true,"currIndex":2,"playerMode":"minimalistic","controls":true,"autoplay":true,"playAudio":"Play audio","pauseAudio":"Pause audio","contentName":"Audio","glowColor":"#ffd85a","timeStampForEachText":[{"text":" Como ","startDuration":"0.0000","endDuration":"0.3276","wordfile":[{"path":"audios\/wordfile-670e1998f0893.wav","mime":"audio\/x-wav","copyright":{"license":"U"}}]},{"text":" vamos ","startDuration":"0.3286","endDuration":"0.8059","wordfile":[{"path":"audios\/wordfile-670e19b166de6.wav","mime":"audio\/x-wav","copyright":{"license":"U"}}]},{"text":" chegar ","startDuration":"0.8069","endDuration":"1.2084","wordfile":[{"path":"audios\/wordfile-670e19c8ec106.wav","mime":"audio\/x-wav","copyright":{"license":"U"}}]},{"text":" l\u00e1? ","startDuration":"1.2094","endDuration":"1.6196","wordfile":[{"path":"audios\/wordfile-670e19ec44452.wav","mime":"audio\/x-wav","copyright":{"license":"U"}}]}],"files":[{"path":"audios\/files-670e1980d638f.wav","mime":"audio\/x-wav","copyright":{"license":"U"}}]},"subContentId":"be344505-c34a-4818-815c-a1f97e50cac8","metadata":{"contentType":"Curious Reader Audio","license":"U","title":"Untitled Curious Reader Audio"}},"backgroundOpacity":0,"willDoAnimation":false,"animationType":"glow","displayAsButton":false,"buttonSize":"big","goToSlideType":"specified","invisible":false}],"slideBackgroundSelector":{}},{"elements":[{"x":6.5359477124183005,"y":2.150537634408602,"width":39.97821350762527,"height":95.69892473118279,"action":{"library":"H5P.Image 1.1","params":{"contentName":"Image","file":{"path":"images\/file-65772c8628500.jpg","mime":"image\/jpeg","copyright":{"license":"U"},"width":1024,"height":1472}},"subContentId":"2f88d6e3-5665-4070-aed0-828e48dd7710","metadata":{"contentType":"Image","license":"U","title":"Untitled Image"}},"backgroundOpacity":0,"willDoAnimation":false,"animationType":"glow","displayAsButton":false,"buttonSize":"big","goToSlideType":"specified","invisible":false},{"x":47.930283224400874,"y":30.124759539865817,"width":51.02040816326531,"height":38.287153652392945,"action":{"library":"H5P.CRAdvancedText 1.1","params":{"text":"<p dir=\"ltr\" style=\"text-align: center;\"><span style=\"color:#ffffff;\"><span style=\"font-size:1.75em;\">Poder\u00edamos andar de bicicleta.<\/span><\/span><\/p>\n"},"subContentId":"f51953f7-a46d-4f4d-acca-e11882a3527e","metadata":{"contentType":"Text","license":"U","title":"Untitled Text"}},"alwaysDisplayComments":false,"backgroundOpacity":0,"willDoAnimation":false,"animationType":"glow","displayAsButton":false,"buttonSize":"big","goToSlideType":"specified","invisible":false,"solution":""},{"x":47.000103485838785,"y":44.00026681929878,"width":40,"height":40,"action":{"library":"H5P.CRAudio 1.4","params":{"fitToWrapper":true,"currIndex":3,"playerMode":"minimalistic","controls":true,"autoplay":true,"playAudio":"Play audio","pauseAudio":"Pause audio","contentName":"Audio","glowColor":"#ffd85a","timeStampForEachText":[{"text":" Poder\u00edamos ","startDuration":"0.0000","endDuration":"0.9498","wordfile":[{"path":"audios\/wordfile-670e1c27ecb75.wav","mime":"audio\/x-wav","copyright":{"license":"U"}}]},{"text":" andar ","startDuration":"0.9508","endDuration":"1.3898","wordfile":[{"path":"audios\/wordfile-670e1c438fe13.wav","mime":"audio\/x-wav","copyright":{"license":"U"}}]},{"text":" de ","startDuration":"1.3908","endDuration":"1.5251","wordfile":[{"path":"audios\/wordfile-670e1c5bb5ea0.wav","mime":"audio\/x-wav","copyright":{"license":"U"}}]},{"text":" bicicleta. ","startDuration":"1.5261","endDuration":"2.6168","wordfile":[{"path":"audios\/wordfile-670e1c735384f.wav","mime":"audio\/x-wav","copyright":{"license":"U"}}]}],"files":[{"path":"audios\/files-670e1c074cde3.wav","mime":"audio\/x-wav","copyright":{"license":"U"}}]},"subContentId":"3b982c34-12dd-4f00-a017-860984516232","metadata":{"contentType":"Curious Reader Audio","license":"U","title":"Untitled Curious Reader Audio"}},"backgroundOpacity":0,"willDoAnimation":false,"animationType":"glow","displayAsButton":false,"buttonSize":"big","goToSlideType":"specified","invisible":false},{"x":10.893246187363834,"y":51.642444925484256,"width":27.995642701525057,"height":39.999440540179975,"action":{"library":"H5P.Image 1.1","params":{"contentName":"Image"},"subContentId":"b1e95d56-afd6-4489-8ce0-c37202a38d58","metadata":{"contentType":"Image","license":"U","title":"Untitled Image"}},"backgroundOpacity":0,"willDoAnimation":true,"animationType":"glow","displayAsButton":false,"buttonSize":"big","goToSlideType":"specified","invisible":false,"id":"img3b982c34-12dd-4f00-a017-860984516232_3"}],"slideBackgroundSelector":{}},{"elements":[{"x":5.446623093681917,"y":2.150537634408602,"width":39.97821350762527,"height":95.69892473118279,"action":{"library":"H5P.Image 1.1","params":{"contentName":"Image","file":{"path":"images\/file-65772f77b3a8c.jpg","mime":"image\/jpeg","copyright":{"license":"U"},"width":1024,"height":1472}},"subContentId":"9e8dd059-c7c6-4dc2-87f8-888317d00cd9","metadata":{"contentType":"Image","license":"U","title":"Untitled Image"}},"backgroundOpacity":0,"willDoAnimation":false,"animationType":"glow","displayAsButton":false,"buttonSize":"big","goToSlideType":"specified","invisible":false},{"x":45.751633986928105,"y":36.58006515555135,"width":52.423469387755105,"height":40.050377833753146,"action":{"library":"H5P.CRAdvancedText 1.1","params":{"text":"<p dir=\"ltr\" style=\"text-align: center;\"><span style=\"font-size:1.75em;\"><span style=\"color:#ffffff;\">Poder\u00edamos andar de moto.<\/span><\/span><\/p>\n"},"subContentId":"40d5f0d4-ed28-4cc2-95ab-35c06610684c","metadata":{"contentType":"Text","license":"U","title":"Untitled Text"}},"alwaysDisplayComments":false,"backgroundOpacity":0,"willDoAnimation":false,"animationType":"glow","displayAsButton":false,"buttonSize":"big","goToSlideType":"specified","invisible":false,"solution":""},{"x":47.000103485838785,"y":44.00026681929878,"width":40,"height":40,"action":{"library":"H5P.CRAudio 1.4","params":{"fitToWrapper":true,"currIndex":4,"playerMode":"minimalistic","controls":true,"autoplay":true,"playAudio":"Play audio","pauseAudio":"Pause audio","contentName":"Audio","glowColor":"#ffd85a","timeStampForEachText":[{"text":" Poder\u00edamos ","startDuration":"0.0000","endDuration":"1.0262","wordfile":[{"path":"audios\/wordfile-670e1cf079df9.wav","mime":"audio\/x-wav","copyright":{"license":"U"}}]},{"text":" andar ","startDuration":"1.0272","endDuration":"1.3456","wordfile":[{"path":"audios\/wordfile-670e1d05ab082.wav","mime":"audio\/x-wav","copyright":{"license":"U"}}]},{"text":" de ","startDuration":"1.4839","endDuration":"1.6354","wordfile":[{"path":"audios\/wordfile-670e1d1f6c0d3.wav","mime":"audio\/x-wav","copyright":{"license":"U"}}]},{"text":" moto. ","startDuration":"1.7655","endDuration":"2.3575","wordfile":[{"path":"audios\/wordfile-670e1d35d046b.wav","mime":"audio\/x-wav","copyright":{"license":"U"}}]}],"files":[{"path":"audios\/files-670e1cc800359.wav","mime":"audio\/x-wav","copyright":{"license":"U"}}]},"subContentId":"639255f7-7cea-4c94-b933-b45f1435c67e","metadata":{"contentType":"Curious Reader Audio","license":"U","title":"Untitled Curious Reader Audio"}},"backgroundOpacity":0,"willDoAnimation":false,"animationType":"glow","displayAsButton":false,"buttonSize":"big","goToSlideType":"specified","invisible":false},{"x":9.803921568627452,"y":47.33890784836057,"width":32.35294117647059,"height":42.38984020966833,"action":{"library":"H5P.Image 1.1","params":{"contentName":"Image"},"subContentId":"1ccd0efe-61f9-44d2-aba1-a2a8ce0e3668","metadata":{"contentType":"Image","license":"U","title":"Untitled Image"}},"backgroundOpacity":0,"willDoAnimation":true,"animationType":"glow","displayAsButton":false,"buttonSize":"big","goToSlideType":"specified","invisible":false,"id":"img639255f7-7cea-4c94-b933-b45f1435c67e_3"}],"slideBackgroundSelector":{}},{"elements":[{"x":6.5359477124183005,"y":4.301075268817204,"width":39.97821350762527,"height":91.39784946236558,"action":{"library":"H5P.Image 1.1","params":{"contentName":"Image","file":{"path":"images\/file-65772fd79f9c5.jpg","mime":"image\/jpeg","copyright":{"license":"U"},"width":1024,"height":1472}},"subContentId":"c56cffc0-138a-4145-a44b-dba09817e313","metadata":{"contentType":"Image","license":"U","title":"Untitled Image"}},"backgroundOpacity":0,"willDoAnimation":false,"animationType":"glow","displayAsButton":false,"buttonSize":"big","goToSlideType":"specified","invisible":false},{"x":46.84095860566449,"y":38.73183369411319,"width":51.14795918367347,"height":35.012594458438286,"action":{"library":"H5P.CRAdvancedText 1.1","params":{"text":"<p dir=\"ltr\" style=\"text-align: center;\"><span style=\"color:#ffffff;\"><span style=\"font-size:1.75em;\">Poder\u00edamos andar de t\u00e1xi triciclo.<\/span><\/span><\/p>\n"},"subContentId":"70474ade-abdd-4ae4-b89b-74390b388b43","metadata":{"contentType":"Text","license":"U","title":"Untitled Text"}},"alwaysDisplayComments":false,"backgroundOpacity":0,"willDoAnimation":false,"animationType":"glow","displayAsButton":false,"buttonSize":"big","goToSlideType":"specified","invisible":false,"solution":""},{"x":47.000103485838785,"y":44.00026681929878,"width":40,"height":40,"action":{"library":"H5P.CRAudio 1.4","params":{"fitToWrapper":true,"currIndex":5,"playerMode":"minimalistic","controls":true,"autoplay":true,"playAudio":"Play audio","pauseAudio":"Pause audio","contentName":"Audio","glowColor":"#ffd85a","timeStampForEachText":[{"text":" Poder\u00edamos ","startDuration":"0.0000","endDuration":"0.9801","wordfile":[{"path":"audios\/wordfile-670e1d8481019.wav","mime":"audio\/x-wav","copyright":{"license":"U"}}]},{"text":" andar ","startDuration":"0.9811","endDuration":"1.6410","wordfile":[{"path":"audios\/wordfile-670e1d980c007.wav","mime":"audio\/x-wav","copyright":{"license":"U"}}]},{"text":" de ","startDuration":"1.6420","endDuration":"1.8420","wordfile":[{"path":"audios\/wordfile-670e1da93df46.wav","mime":"audio\/x-wav","copyright":{"license":"U"}}]},{"text":" t\u00e1xi ","startDuration":"1.8055","endDuration":"2.1452","wordfile":[{"path":"audios\/wordfile-670e1dca9f01b.wav","mime":"audio\/x-wav","copyright":{"license":"U"}}]},{"text":" triciclo. ","startDuration":"2.1666","endDuration":"2.9841","wordfile":[{"path":"audios\/wordfile-670e1de00d3f7.wav","mime":"audio\/x-wav","copyright":{"license":"U"}}]}],"files":[{"path":"audios\/files-670e1d5c58911.wav","mime":"audio\/x-wav","copyright":{"license":"U"}}]},"subContentId":"1170db3a-2e58-4e5b-9842-cbaadf08230a","metadata":{"contentType":"Curious Reader Audio","license":"U","title":"Untitled Curious Reader Audio"}},"backgroundOpacity":0,"willDoAnimation":false,"animationType":"glow","displayAsButton":false,"buttonSize":"big","goToSlideType":"specified","invisible":false},{"x":5.446623093681917,"y":30.12475953986582,"width":29.084967320261438,"height":48.84514582535386,"action":{"library":"H5P.Image 1.1","params":{"contentName":"Image"},"subContentId":"fcc5795e-e0ca-43bf-94b6-4fde96f11d76","metadata":{"contentType":"Image","license":"U","title":"Untitled Image"}},"backgroundOpacity":0,"willDoAnimation":true,"animationType":"glow","displayAsButton":false,"buttonSize":"big","goToSlideType":"specified","invisible":false,"id":"img1170db3a-2e58-4e5b-9842-cbaadf08230a_3"},{"x":22.875816993464053,"y":53.7942134640461,"width":19.281045751633986,"height":29.835561848283106,"action":{"library":"H5P.Image 1.1","params":{"contentName":"Image"},"subContentId":"3e194055-ce63-40c4-9dc3-14aa778ce70d","metadata":{"contentType":"Image","license":"U","title":"Untitled Image"}},"backgroundOpacity":0,"willDoAnimation":true,"animationType":"glow","displayAsButton":false,"buttonSize":"big","goToSlideType":"specified","invisible":false,"id":"img1170db3a-2e58-4e5b-9842-cbaadf08230a_4"}],"slideBackgroundSelector":{}},{"elements":[{"x":6.5359477124183005,"y":4.301075268817204,"width":39.97821350762527,"height":93.54838709677419,"action":{"library":"H5P.Image 1.1","params":{"contentName":"Image","file":{"path":"images\/file-657730203cd25.jpg","mime":"image\/jpeg","copyright":{"license":"U"},"width":1024,"height":1472}},"subContentId":"9191b9d6-6070-4809-a41a-2cb8986f0060","metadata":{"contentType":"Image","license":"U","title":"Untitled Image"}},"backgroundOpacity":0,"willDoAnimation":false,"animationType":"glow","displayAsButton":false,"buttonSize":"big","goToSlideType":"specified","invisible":false},{"x":45.751633986928105,"y":34.428296616989506,"width":53.316326530612244,"height":50.12594458438287,"action":{"library":"H5P.CRAdvancedText 1.1","params":{"text":"<p dir=\"ltr\" style=\"text-align: center;\"><span style=\"font-size:1.75em;\"><span style=\"color:#ffffff;\">Poder\u00edamos ir em uma carro\u00e7a puxada por cavalos.<\/span><\/span><\/p>\n"},"subContentId":"b7b8bb12-cecb-4ce9-89c6-76cb49c2adfa","metadata":{"contentType":"Text","license":"U","title":"Untitled Text"}},"alwaysDisplayComments":false,"backgroundOpacity":0,"willDoAnimation":false,"animationType":"glow","displayAsButton":false,"buttonSize":"big","goToSlideType":"specified","invisible":false,"solution":""},{"x":47.000103485838785,"y":44.00026681929878,"width":40,"height":40,"action":{"library":"H5P.CRAudio 1.4","params":{"fitToWrapper":true,"currIndex":6,"playerMode":"minimalistic","controls":true,"autoplay":true,"playAudio":"Play audio","pauseAudio":"Pause audio","contentName":"Audio","glowColor":"#ffd85a","timeStampForEachText":[{"text":" Poder\u00edamos ","startDuration":"0.0000","endDuration":"1.0052","wordfile":[{"path":"audios\/wordfile-670e1e4c4c226.wav","mime":"audio\/x-wav","copyright":{"license":"U"}}]},{"text":" ir ","startDuration":"1.0062","endDuration":"1.2807","wordfile":[{"path":"audios\/wordfile-670e1e623f7b4.wav","mime":"audio\/x-wav","copyright":{"license":"U"}}]},{"text":" em ","startDuration":"1.2817","endDuration":"1.4817","wordfile":[{"path":"audios\/wordfile-670e1e744f95a.wav","mime":"audio\/x-wav","copyright":{"license":"U"}}]},{"text":" uma ","startDuration":"1.4827","endDuration":"1.7804","wordfile":[{"path":"audios\/wordfile-670e1e9021687.wav","mime":"audio\/x-wav","copyright":{"license":"U"}}]},{"text":" carro\u00e7a ","startDuration":"1.7814","endDuration":"2.3212","wordfile":[{"path":"audios\/wordfile-670e1ea61692b.wav","mime":"audio\/x-wav","copyright":{"license":"U"}}]},{"text":" puxada ","startDuration":"2.3222","endDuration":"2.9132","wordfile":[{"path":"audios\/wordfile-670e1eb8c66e4.wav","mime":"audio\/x-wav","copyright":{"license":"U"}}]},{"text":" por ","startDuration":"2.9142","endDuration":"3.1142","wordfile":[{"path":"audios\/wordfile-670e1ece82864.wav","mime":"audio\/x-wav","copyright":{"license":"U"}}]},{"text":" cavalos. ","startDuration":"3.1152","endDuration":"4.0774","wordfile":[{"path":"audios\/wordfile-670e1ee4a876b.wav","mime":"audio\/x-wav","copyright":{"license":"U"}}]}],"files":[{"path":"audios\/files-670e1e29464c5.wav","mime":"audio\/x-wav","copyright":{"license":"U"}}]},"subContentId":"01c0d712-0786-403a-9348-79e2b9fe4fd7","metadata":{"contentType":"Curious Reader Audio","license":"U","title":"Untitled Curious Reader Audio"}},"backgroundOpacity":0,"willDoAnimation":false,"animationType":"glow","displayAsButton":false,"buttonSize":"big","goToSlideType":"specified","invisible":false},{"x":13.071895424836601,"y":47.33890784836057,"width":33.44226579520697,"height":39.999440540179975,"action":{"library":"H5P.Image 1.1","params":{"contentName":"Image"},"subContentId":"447e971e-8502-4816-b741-8d5c598bf161","metadata":{"contentType":"Image","license":"U","title":"Untitled Image"}},"backgroundOpacity":0,"willDoAnimation":true,"animationType":"glow","displayAsButton":false,"buttonSize":"big","goToSlideType":"specified","invisible":false,"id":"img01c0d712-0786-403a-9348-79e2b9fe4fd7_5"},{"x":17.429193899782135,"y":47.33890784836057,"width":29.084967320261438,"height":39.999440540179975,"action":{"library":"H5P.Image 1.1","params":{"contentName":"Image"},"subContentId":"51bbdf23-aa56-42e8-ba61-c0a6fb324f23","metadata":{"contentType":"Image","license":"U","title":"Untitled Image"}},"backgroundOpacity":0,"willDoAnimation":true,"animationType":"glow","displayAsButton":false,"buttonSize":"big","goToSlideType":"specified","invisible":false,"id":"img01c0d712-0786-403a-9348-79e2b9fe4fd7_7"}],"slideBackgroundSelector":{}},{"elements":[{"x":5.1020408163265305,"y":5.037783375314861,"width":39.97821350762527,"height":93.54838709677419,"action":{"library":"H5P.Image 1.1","params":{"contentName":"Image","file":{"path":"images\/file-6577306a54903.jpg","mime":"image\/jpeg","copyright":{"license":"U"},"width":1024,"height":1472}},"subContentId":"b233860e-b1c2-4a6c-b471-3b72630f1a26","metadata":{"contentType":"Image","license":"U","title":"Untitled Image"}},"backgroundOpacity":0,"willDoAnimation":false,"animationType":"glow","displayAsButton":false,"buttonSize":"big","goToSlideType":"specified","invisible":false},{"x":51.02040816326531,"y":37.73425692695214,"width":45.91836734693878,"height":60.45340050377833,"action":{"library":"H5P.CRAdvancedText 1.1","params":{"text":"<p dir=\"ltr\" style=\"text-align: center;\"><span style=\"font-size:1.75em;\"><span style=\"color:#ffffff;\">Poder\u00edamos ir num carro de bois.<\/span><\/span><\/p>\n"},"subContentId":"b500745d-17ef-4d41-bfac-35a4ef256c79","metadata":{"contentType":"Text","license":"U","title":"Untitled Text"}},"alwaysDisplayComments":false,"backgroundOpacity":0,"willDoAnimation":false,"animationType":"glow","displayAsButton":false,"buttonSize":"big","goToSlideType":"specified","invisible":false,"solution":""},{"x":47.000103485838785,"y":44.00026681929878,"width":40,"height":40,"action":{"library":"H5P.CRAudio 1.4","params":{"fitToWrapper":true,"currIndex":7,"playerMode":"minimalistic","controls":true,"autoplay":true,"playAudio":"Play audio","pauseAudio":"Pause audio","contentName":"Audio","glowColor":"#ffd85a","timeStampForEachText":[{"text":" Poder\u00edamos ","startDuration":"0.0000","endDuration":"1.0224","wordfile":[{"path":"audios\/wordfile-670e1f20b50a5.wav","mime":"audio\/x-wav","copyright":{"license":"U"}}]},{"text":" ir ","startDuration":"1.0234","endDuration":"1.3479","wordfile":[{"path":"audios\/wordfile-670e1f36ee3fb.wav","mime":"audio\/x-wav","copyright":{"license":"U"}}]},{"text":" num ","startDuration":"1.3489","endDuration":"1.6734","wordfile":[{"path":"audios\/wordfile-670e1f4aee356.wav","mime":"audio\/x-wav","copyright":{"license":"U"}}]},{"text":" carro ","startDuration":"1.6744","endDuration":"2.0841","wordfile":[{"path":"audios\/wordfile-670e1f632de89.wav","mime":"audio\/x-wav","copyright":{"license":"U"}}]},{"text":" de ","startDuration":"2.0851","endDuration":"2.1897","wordfile":[{"path":"audios\/wordfile-670e1f81680da.wav","mime":"audio\/x-wav","copyright":{"license":"U"}}]},{"text":" bois. ","startDuration":"2.1907","endDuration":"2.8363","wordfile":[{"path":"audios\/wordfile-670e1f959c2bf.wav","mime":"audio\/x-wav","copyright":{"license":"U"}}]}],"files":[{"path":"audios\/files-670e1f0462c5f.wav","mime":"audio\/x-wav","copyright":{"license":"U"}}]},"subContentId":"765059c6-6fbe-4748-94b2-63e85775c539","metadata":{"contentType":"Curious Reader Audio","license":"U","title":"Untitled Curious Reader Audio"}},"backgroundOpacity":0,"willDoAnimation":false,"animationType":"glow","displayAsButton":false,"buttonSize":"big","goToSlideType":"specified","invisible":false},{"x":20.697167755991288,"y":51.642444925484256,"width":22.54901960784314,"height":39.999440540179975,"action":{"library":"H5P.Image 1.1","params":{"contentName":"Image"},"subContentId":"64b1561c-7050-4c76-bf77-722c7edddbca","metadata":{"contentType":"Image","license":"U","title":"Untitled Image"}},"backgroundOpacity":0,"willDoAnimation":true,"animationType":"glow","displayAsButton":false,"buttonSize":"big","goToSlideType":"specified","invisible":false,"id":"img765059c6-6fbe-4748-94b2-63e85775c539_5"},{"x":7.625272331154684,"y":55.94598200260795,"width":21.100544662309368,"height":35.69590346305628,"action":{"library":"H5P.Image 1.1","params":{"contentName":"Image"},"subContentId":"94e17727-ad50-4d00-8ad6-900add0352ba","metadata":{"contentType":"Image","license":"U","title":"Untitled Image"}},"backgroundOpacity":0,"willDoAnimation":true,"animationType":"glow","displayAsButton":false,"buttonSize":"big","goToSlideType":"specified","invisible":false,"id":"img765059c6-6fbe-4748-94b2-63e85775c539_5"}],"slideBackgroundSelector":{}},{"elements":[{"x":6.5359477124183005,"y":2.150537634408602,"width":39.97821350762527,"height":93.54838709677419,"action":{"library":"H5P.Image 1.1","params":{"contentName":"Image","file":{"path":"images\/file-657730ac1c0b2.jpg","mime":"image\/jpeg","copyright":{"license":"U"},"width":1024,"height":1472}},"subContentId":"918b2dfb-a82a-40d6-a574-807c508f8f8c","metadata":{"contentType":"Image","license":"U","title":"Untitled Image"}},"backgroundOpacity":0,"willDoAnimation":false,"animationType":"glow","displayAsButton":false,"buttonSize":"big","goToSlideType":"specified","invisible":false},{"x":47.930283224400874,"y":38.73183369411319,"width":49.87244897959184,"height":31.48614609571788,"action":{"library":"H5P.CRAdvancedText 1.1","params":{"text":"<p dir=\"ltr\" style=\"text-align: center;\"><span style=\"font-size:1.75em;\"><span style=\"color:#ffffff;\">Poder\u00edamos conduzir um carro de corrida.<\/span><\/span><\/p>\n"},"subContentId":"eb4d5274-567b-401f-85e4-f5558587f300","metadata":{"contentType":"Text","license":"U","title":"Untitled Text"}},"alwaysDisplayComments":false,"backgroundOpacity":0,"willDoAnimation":false,"animationType":"glow","displayAsButton":false,"buttonSize":"big","goToSlideType":"specified","invisible":false,"solution":""},{"x":47.000103485838785,"y":44.00026681929878,"width":40,"height":40,"action":{"library":"H5P.CRAudio 1.4","params":{"fitToWrapper":true,"currIndex":8,"playerMode":"minimalistic","controls":true,"autoplay":true,"playAudio":"Play audio","pauseAudio":"Pause audio","contentName":"Audio","glowColor":"#ffd85a","timeStampForEachText":[{"text":" Poder\u00edamos ","startDuration":"0.0000","endDuration":"1.0114","wordfile":[{"path":"audios\/wordfile-670e202726ab4.wav","mime":"audio\/x-wav","copyright":{"license":"U"}}]},{"text":" conduzir ","startDuration":"0.9983","endDuration":"1.6657","wordfile":[{"path":"audios\/wordfile-670e203f4669f.wav","mime":"audio\/x-wav","copyright":{"license":"U"}}]},{"text":" um ","startDuration":"1.6901","endDuration":"1.9088","wordfile":[{"path":"audios\/wordfile-670e205886844.wav","mime":"audio\/x-wav","copyright":{"license":"U"}}]},{"text":" carro ","startDuration":"1.9098","endDuration":"2.2818","wordfile":[{"path":"audios\/wordfile-670e2070883a9.wav","mime":"audio\/x-wav","copyright":{"license":"U"}}]},{"text":" de ","startDuration":"2.2828","endDuration":"2.4491","wordfile":[{"path":"audios\/wordfile-670e208706105.wav","mime":"audio\/x-wav","copyright":{"license":"U"}}]},{"text":" corrida. ","startDuration":"2.4501","endDuration":"3.1997","wordfile":[{"path":"audios\/wordfile-670e209edfe36.wav","mime":"audio\/x-wav","copyright":{"license":"U"}}]}],"files":[{"path":"audios\/files-670e1fb24c005.wav","mime":"audio\/x-wav","copyright":{"license":"U"}}]},"subContentId":"efc0c7dd-383e-4ca4-bb58-7221db02a9a8","metadata":{"contentType":"Curious Reader Audio","license":"U","title":"Untitled Curious Reader Audio"}},"backgroundOpacity":0,"willDoAnimation":false,"animationType":"glow","displayAsButton":false,"buttonSize":"big","goToSlideType":"specified","invisible":false},{"x":13.071895424836603,"y":49.49067638692241,"width":30.174291938997822,"height":39.999440540179975,"action":{"library":"H5P.Image 1.1","params":{"contentName":"Image"},"subContentId":"e9f845cb-41c2-47b4-b131-ad77adb6e105","metadata":{"contentType":"Image","license":"U","title":"Untitled Image"}},"backgroundOpacity":0,"willDoAnimation":true,"animationType":"glow","displayAsButton":false,"buttonSize":"big","goToSlideType":"specified","invisible":false,"id":"imgefc0c7dd-383e-4ca4-bb58-7221db02a9a8_3"},{"x":13.071895424836601,"y":49.490676386922416,"width":30.174291938997822,"height":39.999440540179975,"action":{"library":"H5P.Image 1.1","params":{"contentName":"Image"},"subContentId":"92cf3062-582c-4b0b-903c-31e27f9d4197","metadata":{"contentType":"Image","license":"U","title":"Untitled Image"}},"backgroundOpacity":0,"willDoAnimation":true,"animationType":"glow","displayAsButton":false,"buttonSize":"big","goToSlideType":"specified","invisible":false,"id":"imgefc0c7dd-383e-4ca4-bb58-7221db02a9a8_5"}],"slideBackgroundSelector":{}},{"elements":[{"x":6.5359477124183005,"y":2.150537634408602,"width":39.97821350762527,"height":95.69892473118279,"action":{"library":"H5P.Image 1.1","params":{"contentName":"Image","file":{"path":"images\/file-657730e66c7cb.jpg","mime":"image\/jpeg","copyright":{"license":"U"},"width":1024,"height":1472}},"subContentId":"5642e8ce-c395-4093-bf32-1bad47f044df","metadata":{"contentType":"Image","license":"U","title":"Untitled Image"}},"backgroundOpacity":0,"willDoAnimation":false,"animationType":"glow","displayAsButton":false,"buttonSize":"big","goToSlideType":"specified","invisible":false},{"x":47.19387755102041,"y":40.29042821158691,"width":47.32142857142857,"height":34.005037783375315,"action":{"library":"H5P.CRAdvancedText 1.1","params":{"text":"<p dir=\"ltr\" style=\"text-align: center;\"><span style=\"font-size:1.75em;\"><span style=\"color:#ffffff;\">Podemos conduzir um carro grande.<\/span><\/span><\/p>\n"},"subContentId":"04493358-b49e-41bd-9b69-c6e200aa7ec2","metadata":{"contentType":"Text","license":"U","title":"Untitled Text"}},"alwaysDisplayComments":false,"backgroundOpacity":0,"willDoAnimation":false,"animationType":"glow","displayAsButton":false,"buttonSize":"big","goToSlideType":"specified","invisible":false,"solution":""},{"x":47.000103485838785,"y":44.00026681929878,"width":40,"height":40,"action":{"library":"H5P.CRAudio 1.4","params":{"fitToWrapper":true,"currIndex":9,"playerMode":"minimalistic","controls":true,"autoplay":true,"playAudio":"Play audio","pauseAudio":"Pause audio","contentName":"Audio","glowColor":"#ffd85a","timeStampForEachText":[{"text":" Podemos ","startDuration":"0.0000","endDuration":"0.6877","wordfile":[{"path":"audios\/wordfile-670e20e079cf0.wav","mime":"audio\/x-wav","copyright":{"license":"U"}}]},{"text":" conduzir ","startDuration":"0.6887","endDuration":"1.3455","wordfile":[{"path":"audios\/wordfile-670e20f631818.wav","mime":"audio\/x-wav","copyright":{"license":"U"}}]},{"text":" um ","startDuration":"1.3465","endDuration":"1.5465","wordfile":[{"path":"audios\/wordfile-670e210693344.wav","mime":"audio\/x-wav","copyright":{"license":"U"}}]},{"text":" carro ","startDuration":"1.5803","endDuration":"1.9686","wordfile":[{"path":"audios\/wordfile-670e212d47f7e.wav","mime":"audio\/x-wav","copyright":{"license":"U"}}]},{"text":" grande. ","startDuration":"1.9631","endDuration":"2.7039","wordfile":[{"path":"audios\/wordfile-670e214770bdf.wav","mime":"audio\/x-wav","copyright":{"license":"U"}}]}],"files":[{"path":"audios\/files-670e20c5964c0.wav","mime":"audio\/x-wav","copyright":{"license":"U"}}]},"subContentId":"b9b6038a-ca0f-48be-a40f-027a5ef89aa1","metadata":{"contentType":"Curious Reader Audio","license":"U","title":"Untitled Curious Reader Audio"}},"backgroundOpacity":0,"willDoAnimation":false,"animationType":"glow","displayAsButton":false,"buttonSize":"big","goToSlideType":"specified","invisible":false},{"x":15.250544662309368,"y":43.03537077123688,"width":26.906318082788673,"height":42.38984020966833,"action":{"library":"H5P.Image 1.1","params":{"contentName":"Image"},"subContentId":"64e90935-69e6-444b-8535-54433eac9726","metadata":{"contentType":"Image","license":"U","title":"Untitled Image"}},"backgroundOpacity":0,"willDoAnimation":true,"animationType":"glow","displayAsButton":false,"buttonSize":"big","goToSlideType":"specified","invisible":false,"id":"imgb9b6038a-ca0f-48be-a40f-027a5ef89aa1_3"},{"x":16.33986928104575,"y":45.187139309798724,"width":24.727668845315904,"height":39.999440540179975,"action":{"library":"H5P.Image 1.1","params":{"contentName":"Image"},"subContentId":"d2047bea-3bfc-4129-b686-fa6c1826b243","metadata":{"contentType":"Image","license":"U","title":"Untitled Image"}},"backgroundOpacity":0,"willDoAnimation":true,"animationType":"glow","displayAsButton":false,"buttonSize":"big","goToSlideType":"specified","invisible":false,"id":"imgb9b6038a-ca0f-48be-a40f-027a5ef89aa1_4"}],"slideBackgroundSelector":{}},{"elements":[{"x":5.446623093681917,"y":2.150537634408602,"width":39.97821350762527,"height":93.54838709677419,"action":{"library":"H5P.Image 1.1","params":{"contentName":"Image","file":{"path":"images\/file-6577312023aac.jpg","mime":"image\/jpeg","copyright":{"license":"U"},"width":1024,"height":1472}},"subContentId":"54df8b14-746c-4ada-ae1b-fd3ee142cf9e","metadata":{"contentType":"Image","license":"U","title":"Untitled Image"}},"backgroundOpacity":0,"willDoAnimation":false,"animationType":"glow","displayAsButton":false,"buttonSize":"big","goToSlideType":"specified","invisible":false},{"x":44.642857142857146,"y":47.858942065491185,"width":53.57142857142857,"height":28.71536523929471,"action":{"library":"H5P.CRAdvancedText 1.1","params":{"text":"<p dir=\"ltr\" style=\"text-align: center;\"><span style=\"font-size:1.75em;\"><span style=\"color:#ffffff;\">Poder\u00edamos remar um barco.<\/span><\/span><\/p>\n"},"subContentId":"4a412170-9cce-4809-abca-083d6a03a0da","metadata":{"contentType":"Text","license":"U","title":"Untitled Text"}},"alwaysDisplayComments":false,"backgroundOpacity":0,"willDoAnimation":false,"animationType":"glow","displayAsButton":false,"buttonSize":"big","goToSlideType":"specified","invisible":false,"solution":""},{"x":47.000103485838785,"y":44.00026681929878,"width":40,"height":40,"action":{"library":"H5P.CRAudio 1.4","params":{"fitToWrapper":true,"currIndex":10,"playerMode":"minimalistic","controls":true,"autoplay":true,"playAudio":"Play audio","pauseAudio":"Pause audio","contentName":"Audio","glowColor":"#ffd85a","timeStampForEachText":[{"text":" Poder\u00edamos ","startDuration":"0.0000","endDuration":"1.0077","wordfile":[{"path":"audios\/wordfile-670e218558e6f.wav","mime":"audio\/x-wav","copyright":{"license":"U"}}]},{"text":" remar ","startDuration":"1.0087","endDuration":"1.5703","wordfile":[{"path":"audios\/wordfile-670e219aca464.wav","mime":"audio\/x-wav","copyright":{"license":"U"}}]},{"text":" um ","startDuration":"1.5713","endDuration":"1.8442","wordfile":[{"path":"audios\/wordfile-670e21bbeb3a9.wav","mime":"audio\/x-wav","copyright":{"license":"U"}}]},{"text":" barco. ","startDuration":"1.8399","endDuration":"2.5297","wordfile":[{"path":"audios\/wordfile-670e21d7c011d.wav","mime":"audio\/x-wav","copyright":{"license":"U"}}]}],"files":[{"path":"audios\/files-670e21646c3bf.wav","mime":"audio\/x-wav","copyright":{"license":"U"}}]},"subContentId":"3dab7050-d1e3-4d06-ac55-01a750e27ac8","metadata":{"contentType":"Curious Reader Audio","license":"U","title":"Untitled Curious Reader Audio"}},"backgroundOpacity":0,"willDoAnimation":false,"animationType":"glow","displayAsButton":false,"buttonSize":"big","goToSlideType":"specified","invisible":false},{"x":13.071895424836603,"y":30.12475953986582,"width":29.084967320261438,"height":48.84514582535386,"action":{"library":"H5P.Image 1.1","params":{"contentName":"Image"},"subContentId":"a0d7f1c8-3113-44ba-b8ae-30f1c12519bc","metadata":{"contentType":"Image","license":"U","title":"Untitled Image"}},"backgroundOpacity":0,"willDoAnimation":true,"animationType":"glow","displayAsButton":false,"buttonSize":"big","goToSlideType":"specified","invisible":false,"id":"img3dab7050-d1e3-4d06-ac55-01a750e27ac8_3"}],"slideBackgroundSelector":{}},{"elements":[{"x":31.59041394335512,"y":2.150537634408602,"width":66.23093681917211,"height":95.69892473118279,"action":{"library":"H5P.Image 1.1","params":{"contentName":"Image","file":{"path":"images\/file-657732a5856b9.jpg","mime":"image\/jpeg","copyright":{"license":"U"},"width":1024,"height":735}},"subContentId":"38dc3824-e8c1-4dbf-9ed7-4ac8d2355b3b","metadata":{"contentType":"Image","license":"U","title":"Untitled Image"}},"backgroundOpacity":0,"willDoAnimation":false,"animationType":"glow","displayAsButton":false,"buttonSize":"big","goToSlideType":"specified","invisible":false},{"x":2.5510204081632653,"y":37.78337531486146,"width":73.9795918367347,"height":40.050377833753146,"action":{"library":"H5P.CRAdvancedText 1.1","params":{"text":"<p dir=\"ltr\" style=\"text-align: center;\"><span style=\"font-size:1.75em;\"><span style=\"color:#ffffff;\">Poder\u00edamos montar de elefante.<\/span><\/span><\/p>\n"},"subContentId":"11168cee-a669-4a5c-ad04-b3de669fd62c","metadata":{"contentType":"Text","license":"U","title":"Untitled Text"}},"alwaysDisplayComments":false,"backgroundOpacity":0,"willDoAnimation":false,"animationType":"glow","displayAsButton":false,"buttonSize":"big","goToSlideType":"specified","invisible":false,"solution":""},{"x":47.000103485838785,"y":44.00026681929878,"width":40,"height":40,"action":{"library":"H5P.CRAudio 1.4","params":{"fitToWrapper":true,"currIndex":11,"playerMode":"minimalistic","controls":true,"autoplay":true,"playAudio":"Play audio","pauseAudio":"Pause audio","contentName":"Audio","glowColor":"#ffd85a","timeStampForEachText":[{"text":" Poder\u00edamos ","startDuration":"0.0000","endDuration":"1.0099","wordfile":[{"path":"audios\/wordfile-670e220acf5c4.wav","mime":"audio\/x-wav","copyright":{"license":"U"}}]},{"text":" montar ","startDuration":"1.0109","endDuration":"1.5310","wordfile":[{"path":"audios\/wordfile-670e22299d7bd.wav","mime":"audio\/x-wav","copyright":{"license":"U"}}]},{"text":" de ","startDuration":"1.5320","endDuration":"1.7320","wordfile":[{"path":"audios\/wordfile-670e223b6cc73.wav","mime":"audio\/x-wav","copyright":{"license":"U"}}]},{"text":" elefante. ","startDuration":"1.7330","endDuration":"2.8041","wordfile":[{"path":"audios\/wordfile-670e224fcc156.wav","mime":"audio\/x-wav","copyright":{"license":"U"}}]}],"files":[{"path":"audios\/files-670e21f03ece1.wav","mime":"audio\/x-wav","copyright":{"license":"U"}}]},"subContentId":"f6492136-1cc9-44ed-a394-efa32622c9e9","metadata":{"contentType":"Curious Reader Audio","license":"U","title":"Untitled Curious Reader Audio"}},"backgroundOpacity":0,"willDoAnimation":false,"animationType":"glow","displayAsButton":false,"buttonSize":"big","goToSlideType":"specified","invisible":false},{"x":66.44880174291939,"y":47.33890784836057,"width":21.459694989106755,"height":39.999440540179975,"action":{"library":"H5P.Image 1.1","params":{"contentName":"Image"},"subContentId":"24198c0d-7314-486b-8093-e7e288fa2b92","metadata":{"contentType":"Image","license":"U","title":"Untitled Image"}},"backgroundOpacity":0,"willDoAnimation":true,"animationType":"glow","displayAsButton":false,"buttonSize":"big","goToSlideType":"specified","invisible":false,"id":"imgf6492136-1cc9-44ed-a394-efa32622c9e9_3"}],"slideBackgroundSelector":{}},{"elements":[{"x":6.5359477124183005,"y":2.150537634408602,"width":39.97821350762527,"height":95.69892473118279,"action":{"library":"H5P.Image 1.1","params":{"contentName":"Image","file":{"path":"images\/file-657733414a4c5.jpg","mime":"image\/jpeg","copyright":{"license":"U"},"width":1024,"height":1472}},"subContentId":"3fc945d1-d748-445f-bbd3-a7f86964fe4e","metadata":{"contentType":"Image","license":"U","title":"Untitled Image"}},"backgroundOpacity":0,"willDoAnimation":false,"animationType":"glow","displayAsButton":false,"buttonSize":"big","goToSlideType":"specified","invisible":false},{"x":43.36734693877551,"y":45.34005037783375,"width":53.69897959183674,"height":40.050377833753146,"action":{"library":"H5P.CRAdvancedText 1.1","params":{"text":"<p dir=\"ltr\" style=\"text-align: center;\"><span style=\"font-size:1.75em;\"><span style=\"color:#ffffff;\">N\u00e3o! Dev\u00edamos caminhar.<\/span><\/span><\/p>\n"},"subContentId":"378c2ce4-59d7-41b1-823b-9c22984380c0","metadata":{"contentType":"Text","license":"U","title":"Untitled Text"}},"alwaysDisplayComments":false,"backgroundOpacity":0,"willDoAnimation":false,"animationType":"glow","displayAsButton":false,"buttonSize":"big","goToSlideType":"specified","invisible":false,"solution":""},{"x":47.000103485838785,"y":44.00026681929878,"width":40,"height":40,"action":{"library":"H5P.CRAudio 1.4","params":{"fitToWrapper":true,"currIndex":12,"playerMode":"minimalistic","controls":true,"autoplay":true,"playAudio":"Play audio","pauseAudio":"Pause audio","contentName":"Audio","glowColor":"#ffd85a","timeStampForEachText":[{"text":" N\u00e3o! ","startDuration":"0.0000","endDuration":"0.7495","wordfile":[{"path":"audios\/wordfile-670e229366011.wav","mime":"audio\/x-wav","copyright":{"license":"U"}}]},{"text":" Dev\u00edamos ","startDuration":"0.7505","endDuration":"1.6446","wordfile":[{"path":"audios\/wordfile-670e22aebcbcc.wav","mime":"audio\/x-wav","copyright":{"license":"U"}}]},{"text":" caminhar. ","startDuration":"1.6456","endDuration":"2.5050","wordfile":[{"path":"audios\/wordfile-670e22bece2c3.wav","mime":"audio\/x-wav","copyright":{"license":"U"}}]}],"files":[{"path":"audios\/files-670e226bdc7ca.wav","mime":"audio\/x-wav","copyright":{"license":"U"}}]},"subContentId":"d5a645df-bc3f-438f-a151-ea561133f2dd","metadata":{"contentType":"Curious Reader Audio","license":"U","title":"Untitled Curious Reader Audio"}},"backgroundOpacity":0,"willDoAnimation":false,"animationType":"glow","displayAsButton":false,"buttonSize":"big","goToSlideType":"specified","invisible":false},{"x":8.714596949891067,"y":45.187139309798724,"width":23.638344226579523,"height":39.999440540179975,"action":{"library":"H5P.Image 1.1","params":{"contentName":"Image"},"subContentId":"83f02823-85e4-4be0-bd6f-7017585a7150","metadata":{"contentType":"Image","license":"U","title":"Untitled Image"}},"backgroundOpacity":0,"willDoAnimation":true,"animationType":"glow","displayAsButton":false,"buttonSize":"big","goToSlideType":"specified","invisible":false,"id":"imgd5a645df-bc3f-438f-a151-ea561133f2dd_2"}],"slideBackgroundSelector":{}},{"elements":[{"x":64.27015250544663,"y":10.75268817204301,"width":31.263616557734206,"height":17.204301075268816,"action":{"library":"H5P.Image 1.1","params":{"contentName":"Image","file":{"path":"images\/file-657734c6867b2.jpg","mime":"image\/jpeg","copyright":{"license":"U"},"width":1732,"height":354}},"subContentId":"58d6bcfc-1017-40eb-bbcd-a32d3100ea46","metadata":{"contentType":"Image","license":"U","title":"Untitled Image"}},"backgroundOpacity":0,"willDoAnimation":false,"animationType":"glow","displayAsButton":false,"buttonSize":"big","goToSlideType":"specified","invisible":false},{"x":4.357298474945534,"y":6.451612903225806,"width":23.965141612200437,"height":24.086021505376344,"action":{"library":"H5P.Image 1.1","params":{"contentName":"Image","file":{"path":"images\/file-657734db6bc33.png","mime":"image\/png","copyright":{"license":"U"},"width":1350,"height":487}},"subContentId":"46007b76-06dc-4b23-9d5e-0feb3dcced51","metadata":{"contentType":"Image","license":"U","title":"Untitled Image"}},"backgroundOpacity":0,"willDoAnimation":false,"animationType":"glow","displayAsButton":false,"buttonSize":"big","goToSlideType":"specified","invisible":false},{"x":34.85838779956427,"y":4.301075268817204,"width":23.965141612200437,"height":23.87096774193548,"action":{"library":"H5P.Image 1.1","params":{"contentName":"Image","file":{"path":"images\/file-657734e7ce435.png","mime":"image\/png","copyright":{"license":"U"},"width":814,"height":202}},"subContentId":"f81bc57f-8a0f-443d-b34a-3ccd68a92e3a","metadata":{"contentType":"Image","license":"U","title":"Untitled Image"}},"backgroundOpacity":0,"willDoAnimation":false,"animationType":"glow","displayAsButton":false,"buttonSize":"big","goToSlideType":"specified","invisible":false},{"x":4.357298474945534,"y":32.20258064516129,"width":93.68191721132898,"height":67.74193548387096,"action":{"library":"H5P.CRAdvancedText 1.1","params":{"text":"<h3 style=\"text-align: center;\"><span style=\"font-size:1.25em;\">\u201c<\/span>Parque Infantil<span style=\"font-size:1.25em;\">\u201d credits<\/span><\/h3>\n\n<h3 style=\"text-align: center;\"><span style=\"font-size:1.25em;\">This work, \u201c<\/span>Parque Infantil<span style=\"font-size:1.25em;\">\u201d&nbsp;is a derivative of \u201cPlayground\u201d by All Children Reading Cambodia. \u00a9 The Asia Foundation , 2019 and used under CC BY.<\/span><\/h3>\n\n<h3 style=\"text-align: center;\"><span style=\"font-size:1.25em;\">\u201c<\/span>Parque Infantil<span style=\"font-size:1.25em;\">\u201d is licensed under CC BY 4.0 by Curious Learning.<\/span><\/h3>\n\n<h3 style=\"text-align: center;\"><span style=\"font-size:1.25em;\">Book builder - Abraham Jerry Kakooza<\/span><\/h3>\n"},"subContentId":"045c5dbc-06a7-4115-b9f8-a37781c03f1e","metadata":{"contentType":"Text","license":"U","title":"Untitled Text"}},"alwaysDisplayComments":false,"backgroundOpacity":0,"willDoAnimation":false,"animationType":"glow","displayAsButton":false,"buttonSize":"big","goToSlideType":"specified","invisible":false,"solution":""}],"slideBackgroundSelector":{}}],"keywordListEnabled":true,"globalBackgroundSelector":{"fillGlobalBackground":"#fbfef0"},"keywordListAlwaysShow":false,"keywordListAutoHide":false,"keywordListOpacity":90},"override":{"activeSurface":false,"hideSummarySlide":false,"summarySlideSolutionButton":true,"summarySlideRetryButton":true,"enablePrintButton":false,"social":{"showFacebookShare":false,"facebookShare":{"url":"@currentpageurl","quote":"I scored @score out of @maxScore on a task at @currentpageurl."},"showTwitterShare":false,"twitterShare":{"statement":"I scored @score out of @maxScore on a task at @currentpageurl.","url":"@currentpageurl","hashtags":"h5p, course"},"showGoogleShare":false,"googleShareUrl":"@currentpageurl"}},"l10n":{"slide":"Slide","score":"Score","yourScore":"Your Score","maxScore":"Max Score","total":"Total","totalScore":"Total Score","showSolutions":"Show solutions","retry":"Retry","exportAnswers":"Export text","hideKeywords":"Hide sidebar navigation menu","showKeywords":"Show sidebar navigation menu","fullscreen":"Fullscreen","exitFullscreen":"Exit fullscreen","prevSlide":"Previous slide","nextSlide":"Next slide","currentSlide":"Current slide","lastSlide":"Last slide","solutionModeTitle":"Exit solution mode","solutionModeText":"Solution Mode","summaryMultipleTaskText":"Multiple tasks","scoreMessage":"You achieved:","shareFacebook":"Share on Facebook","shareTwitter":"Share on Twitter","shareGoogle":"Share on Google+","summary":"Summary","solutionsButtonTitle":"Show comments","printTitle":"Print","printIngress":"How would you like to print this presentation?","printAllSlides":"Print all slides","printCurrentSlide":"Print current slide","noTitle":"No title","accessibilitySlideNavigationExplanation":"Use left and right arrow to change slide in that direction whenever canvas is selected.","accessibilityCanvasLabel":"Presentation canvas. Use left and right arrow to move between slides.","containsNotCompleted":"@slideName contains not completed interaction","containsCompleted":"@slideName contains completed interaction","slideCount":"Slide @index of @total","containsOnlyCorrect":"@slideName only has correct answers","containsIncorrectAnswers":"@slideName has incorrect answers","shareResult":"Share Result","accessibilityTotalScore":"You got @score of @maxScore points in total","accessibilityEnteredFullscreen":"Entered fullscreen","accessibilityExitedFullscreen":"Exited fullscreen"}}