{"presentation":{"slides":[{"elements":[{"x":31.249999999999996,"y":7.2727272727272725,"width":33.769063180828,"height":59.94698042321,"action":{"library":"H5P.Image 1.1","params":{"contentName":"Image","file":{"path":"images\/file-618eec172dba8.jpg","mime":"image\/jpeg","copyright":{"license":"U"},"width":273,"height":273}},"subContentId":"3cf34d7e-b046-45e2-a35f-e748b079a1ab","metadata":{"contentType":"Image","license":"U","title":"Untitled Image"}},"backgroundOpacity":0,"willDoAnimation":false,"animationType":"glow","displayAsButton":false,"buttonSize":"big","goToSlideType":"specified","invisible":false},{"x":23.89705882352941,"y":72.72727272727273,"width":53.316326530612244,"height":15.113350125944583,"action":{"library":"H5P.CRAdvancedText 1.1","params":{"text":"<p style=\"text-align: center;\"><span style=\"font-size:2.25em;\">\u0938\u0935\u0902\u0917\u0921\u0940<\/span><\/p>\n"},"subContentId":"02072a1d-971b-4c03-b488-6f58032a6323","metadata":{"contentType":"Text","license":"U","title":"Untitled Text"}},"alwaysDisplayComments":false,"backgroundOpacity":0,"willDoAnimation":false,"animationType":"glow","displayAsButton":false,"buttonSize":"big","goToSlideType":"specified","invisible":false,"solution":""}],"slideBackgroundSelector":{}},{"slideBackgroundSelector":{},"elements":[{"x":29.956427015251,"y":6.0249519079732,"width":39.998692810458,"height":63.692348741431,"action":{"library":"H5P.Image 1.1","params":{"contentName":"Image","file":{"path":"images\/file-618eefbd78740.jpg","mime":"image\/jpeg","copyright":{"license":"U"},"width":273,"height":273}},"subContentId":"b3bc7de6-aa5a-4c41-8a52-929eaeba6770","metadata":{"contentType":"Image","license":"U","title":"Untitled Image"}},"backgroundOpacity":0,"willDoAnimation":false,"animationType":"glow","displayAsButton":false,"buttonSize":"big","goToSlideType":"specified","invisible":false},{"x":15.306122448979592,"y":75.56675062972292,"width":67.7295918367347,"height":16.120906801007557,"action":{"library":"H5P.CRAdvancedText 1.1","params":{"text":"<p style=\"text-align: center;\"><span style=\"font-size:1.75em;\"><span style=\"color:#ffffff;\">\u092e\u093e\u091d\u0947 \u0928\u093e\u0935 \u0938\u093f\u092e\u094b \u0906\u0939\u0947<\/span><\/span><\/p>\n"},"subContentId":"66ad11c1-9362-4aba-8747-aa722a3e941d","metadata":{"contentType":"Text","license":"U","title":"Untitled Text"}},"alwaysDisplayComments":false,"backgroundOpacity":0,"willDoAnimation":false,"animationType":"glow","displayAsButton":false,"buttonSize":"big","goToSlideType":"specified","invisible":false,"solution":""},{"x":38.60294117647059,"y":10.951709090909091,"width":20.220588235294116,"height":53.45454545454545,"action":{"library":"H5P.Image 1.1","params":{"contentName":"Image"},"subContentId":"fe49d43e-e304-4bc5-9d14-d1020d34af7e","metadata":{"contentType":"Image","license":"U","title":"Untitled Image"}},"backgroundOpacity":0,"willDoAnimation":true,"animationType":"glow","displayAsButton":false,"buttonSize":"big","goToSlideType":"specified","invisible":false,"id":"img741c2f3f-c73d-4e4a-bfc8-3056d52c5e8a_2"},{"x":47.000103485838785,"y":44.00026681929878,"width":40,"height":40,"action":{"library":"H5P.CRAudio 1.4","params":{"fitToWrapper":true,"currIndex":1,"playerMode":"minimalistic","controls":true,"autoplay":true,"playAudio":"Play audio","pauseAudio":"Pause audio","contentName":"Audio","glowColor":"#ffd85a","timeStampForEachText":[{"text":" \u092e\u093e\u091d\u0947 ","startDuration":"0.2986","endDuration":"0.7300","wordfile":[{"path":"audios\/wordfile-673c52c3c5a57.wav","mime":"audio\/x-wav","copyright":{"license":"U"}}]},{"text":" \u0928\u093e\u0935 ","startDuration":"0.7301","endDuration":"1.0072","wordfile":[{"path":"audios\/wordfile-673c52d3d6a65.wav","mime":"audio\/x-wav","copyright":{"license":"U"}}]},{"text":" \u0938\u093f\u092e\u094b ","startDuration":"1.0073","endDuration":"1.4089","wordfile":[{"path":"audios\/wordfile-673c52e339d7d.wav","mime":"audio\/x-wav","copyright":{"license":"U"}}]},{"text":" \u0906\u0939\u0947 ","startDuration":"1.4090","endDuration":"1.8777","wordfile":[{"path":"audios\/wordfile-673c52f1da196.wav","mime":"audio\/x-wav","copyright":{"license":"U"}}]}],"files":[{"path":"audios\/files-673c52abb6265.wav","mime":"audio\/x-wav","copyright":{"license":"U"}}]},"subContentId":"0d2bdcea-8ef2-41ae-9840-e5559b229e40","metadata":{"contentType":"Curious Reader Audio","license":"U","title":"Untitled Curious Reader Audio"}},"backgroundOpacity":0,"willDoAnimation":false,"animationType":"glow","displayAsButton":false,"buttonSize":"big","goToSlideType":"specified","invisible":false}]},{"elements":[{"x":29.95561224489796,"y":6.019748110831234,"width":40.05102040816327,"height":73.04785894206549,"action":{"library":"H5P.Image 1.1","params":{"contentName":"Image","file":{"path":"images\/file-618eaa5be44fc.jpg","mime":"image\/jpeg","copyright":{"license":"U"},"width":273,"height":273},"alt":"Nginabangane abane.","title":"Nginabangane abane."},"subContentId":"ae66385b-0d27-4457-be23-9484bf4339ff","metadata":{"contentType":"Image","license":"U","title":"Untitled Image"}},"backgroundOpacity":0,"willDoAnimation":false,"animationType":"glow","displayAsButton":false,"buttonSize":"big","goToSlideType":"specified","invisible":false},{"x":10.203639705882352,"y":80.11345454545456,"width":72.79411764705881,"height":16,"action":{"library":"H5P.CRAdvancedText 1.1","params":{"text":"<p style=\"text-align: center;\"><span style=\"font-size:1.75em;\"><span style=\"color:#ffffff;\">\u092e\u093e\u091d\u0947 \u091a\u093e\u0930 \u092e\u093f\u0924\u094d\u0930 \u0906\u0939\u0947\u0924<\/span><\/span><\/p>\n"},"subContentId":"57938d29-84fc-44ea-9e87-80ef0111d353","metadata":{"contentType":"Text","license":"U","title":"Untitled Text"}},"alwaysDisplayComments":false,"backgroundOpacity":0,"willDoAnimation":false,"animationType":"glow","displayAsButton":false,"buttonSize":"big","goToSlideType":"specified","invisible":false,"solution":""},{"x":29.411764705882355,"y":10.93749090909091,"width":19.669117647058822,"height":53.45454545454545,"action":{"library":"H5P.Image 1.1","params":{"contentName":"Image"},"subContentId":"bf0befb4-d42b-47de-ab3c-dfaed261435c","metadata":{"contentType":"Image","license":"U","title":"Untitled Image"}},"backgroundOpacity":0,"willDoAnimation":true,"animationType":"glow","displayAsButton":false,"buttonSize":"big","goToSlideType":"specified","invisible":false,"id":"imgf6ae3b13-1461-4ba2-8c04-79441ab7827f_1"},{"x":55.14705882352941,"y":10.93749090909091,"width":15.992647058823529,"height":60.72727272727273,"action":{"library":"H5P.Image 1.1","params":{"contentName":"Image"},"subContentId":"c3d7b6c0-faf2-46fc-9c80-99ad0adae675","metadata":{"contentType":"Image","license":"U","title":"Untitled Image"}},"backgroundOpacity":0,"willDoAnimation":true,"animationType":"glow","displayAsButton":false,"buttonSize":"big","goToSlideType":"specified","invisible":false,"id":"imgf6ae3b13-1461-4ba2-8c04-79441ab7827f_1"},{"x":31.25,"y":10.93749090909091,"width":15.992647058823529,"height":53.45454545454545,"action":{"library":"H5P.Image 1.1","params":{"contentName":"Image"},"subContentId":"6819157a-893f-45dd-b087-89e695908c12","metadata":{"contentType":"Image","license":"U","title":"Untitled Image"}},"backgroundOpacity":0,"willDoAnimation":true,"animationType":"glow","displayAsButton":false,"buttonSize":"big","goToSlideType":"specified","invisible":false,"id":"imgf6ae3b13-1461-4ba2-8c04-79441ab7827f_2"},{"x":53.30882352941176,"y":14.585236363636364,"width":19.669117647058822,"height":57.09090909090909,"action":{"library":"H5P.Image 1.1","params":{"contentName":"Image"},"subContentId":"f80e8683-9584-46ad-8ab4-1f1b7f6857a2","metadata":{"contentType":"Image","license":"U","title":"Untitled Image"}},"backgroundOpacity":0,"willDoAnimation":true,"animationType":"glow","displayAsButton":false,"buttonSize":"big","goToSlideType":"specified","invisible":false,"id":"imgf6ae3b13-1461-4ba2-8c04-79441ab7827f_2"},{"x":92.5925925925926,"y":2.151768538561844,"width":40,"height":40,"action":{"library":"H5P.CRAudio 1.4","params":{"fitToWrapper":true,"currIndex":2,"playerMode":"minimalistic","controls":true,"autoplay":true,"playAudio":"Play audio","pauseAudio":"Pause audio","contentName":"Audio","glowColor":"#ffd85a","timeStampForEachText":[{"text":" \u092e\u093e\u091d\u0947 ","startDuration":"0.2036","endDuration":"0.6692","wordfile":[{"path":"audios\/wordfile-673c5324095ee.wav","mime":"audio\/x-wav","copyright":{"license":"U"}}]},{"text":" \u091a\u093e\u0930 ","startDuration":"0.6693","endDuration":"0.9779","wordfile":[{"path":"audios\/wordfile-673c53c86b1c6.wav","mime":"audio\/x-wav","copyright":{"license":"U"}}]},{"text":" \u092e\u093f\u0924\u094d\u0930 ","startDuration":"0.9938","endDuration":"1.3748","wordfile":[{"path":"audios\/wordfile-673c53d701543.wav","mime":"audio\/x-wav","copyright":{"license":"U"}}]},{"text":" \u0906\u0939\u0947\u0924 ","startDuration":"1.3749","endDuration":"1.9074","wordfile":[{"path":"audios\/wordfile-673c53e5b2d16.wav","mime":"audio\/x-wav","copyright":{"license":"U"}}]}],"files":[{"path":"audios\/files-673c5311561d8.wav","mime":"audio\/x-wav","copyright":{"license":"U"}}]},"subContentId":"f02c0028-b937-4851-a09d-6991121d8104","metadata":{"contentType":"Curious Reader Audio","license":"U","title":"Untitled Curious Reader Audio"}},"backgroundOpacity":0,"willDoAnimation":false,"animationType":"glow","displayAsButton":false,"buttonSize":"big","goToSlideType":"specified","invisible":false}],"slideBackgroundSelector":{}},{"elements":[{"x":46.84095860566449,"y":15.053763440860214,"width":39.998148148148,"height":70.107027346691,"action":{"library":"H5P.Image 1.1","params":{"contentName":"Image","file":{"path":"images\/file-618eaaf72c1e1.jpg","mime":"image\/jpeg","copyright":{"license":"U"},"width":273,"height":273},"alt":"Amagama abo nguZizo, Lele, Sisa kanye no-Ayanda.","title":"Amagama abo nguZizo, Lele, Sisa kanye no-Ayanda."},"subContentId":"452a3227-be2b-4299-a321-0e2a44729e66","metadata":{"contentType":"Image","license":"U","title":"Untitled Image"}},"backgroundOpacity":0,"willDoAnimation":false,"animationType":"glow","displayAsButton":false,"buttonSize":"big","goToSlideType":"specified","invisible":false},{"x":3.2679738562091503,"y":27.956989247311824,"width":40.30612244897959,"height":52.896725440806044,"action":{"library":"H5P.CRAdvancedText 1.1","params":{"text":"<p style=\"text-align: center;\"><span style=\"font-size:1.75em;\"><span style=\"color:#ffffff;\">\u091d\u093f\u091d\u094b, \u0932\u0947\u0932\u0947, \u0938\u093f\u0938\u093e \u0906\u0923\u093f \u0905\u092f\u093e\u0902\u0926\u093e \u0905\u0936\u0940 \u0924\u094d\u092f\u093e\u0902\u091a\u0940 \u0928\u093e\u0935\u0947<\/span><\/span><\/p>\n"},"subContentId":"90b9ee88-704b-4089-94e8-b4c6f859df47","metadata":{"contentType":"Text","license":"U","title":"Untitled Text"}},"alwaysDisplayComments":false,"backgroundOpacity":0,"willDoAnimation":false,"animationType":"glow","displayAsButton":false,"buttonSize":"big","goToSlideType":"specified","invisible":false,"solution":""},{"x":45.955882352941174,"y":21.818181818181817,"width":11.213235294117647,"height":20.727272727272727,"action":{"library":"H5P.Image 1.1","params":{"contentName":"Image"},"subContentId":"4c3ea89b-1fcf-4903-af8a-d6d716884bfd","metadata":{"contentType":"Image","license":"U","title":"Untitled Image"}},"backgroundOpacity":0,"willDoAnimation":true,"animationType":"glow","displayAsButton":false,"buttonSize":"big","goToSlideType":"specified","invisible":false,"id":"img8172a862-d482-4d28-b5f2-449f13dc77d0_0"},{"x":56.98529411764706,"y":25.454545454545453,"width":6.8014705882352935,"height":16,"action":{"library":"H5P.Image 1.1","params":{"contentName":"Image"},"subContentId":"a6882af0-544e-43f7-bc15-2d87b319398f","metadata":{"contentType":"Image","license":"U","title":"Untitled Image"}},"backgroundOpacity":0,"willDoAnimation":true,"animationType":"glow","displayAsButton":false,"buttonSize":"big","goToSlideType":"specified","invisible":false,"id":"img8172a862-d482-4d28-b5f2-449f13dc77d0_1"},{"x":79.04411764705883,"y":21.911927272727276,"width":8.63970588235294,"height":19.636363636363637,"action":{"library":"H5P.Image 1.1","params":{"contentName":"Image"},"subContentId":"dc86f634-ac91-48c0-bfbf-32b7346a5d5a","metadata":{"contentType":"Image","license":"U","title":"Untitled Image"}},"backgroundOpacity":0,"willDoAnimation":true,"animationType":"glow","displayAsButton":false,"buttonSize":"big","goToSlideType":"specified","invisible":false,"id":"img8172a862-d482-4d28-b5f2-449f13dc77d0_2"},{"x":69.85294117647058,"y":25.488654545454548,"width":10.110294117647058,"height":20.727272727272727,"action":{"library":"H5P.Image 1.1","params":{"contentName":"Image"},"subContentId":"f6399724-ea3c-45c0-9698-4c46dbfc176b","metadata":{"contentType":"Image","license":"U","title":"Untitled Image"}},"backgroundOpacity":0,"willDoAnimation":true,"animationType":"glow","displayAsButton":false,"buttonSize":"big","goToSlideType":"specified","invisible":false,"id":"img8172a862-d482-4d28-b5f2-449f13dc77d0_4"},{"x":47.000103485838785,"y":44.00026681929878,"width":40,"height":40,"action":{"library":"H5P.CRAudio 1.4","params":{"fitToWrapper":true,"currIndex":3,"playerMode":"minimalistic","controls":true,"autoplay":true,"playAudio":"Play audio","pauseAudio":"Pause audio","contentName":"Audio","glowColor":"#ffd85a","timeStampForEachText":[{"text":" \u091d\u093f\u091d\u094b, ","startDuration":"0.0000","endDuration":"0.9746","wordfile":[{"path":"audios\/wordfile-673c541abdcdb.wav","mime":"audio\/x-wav","copyright":{"license":"U"}}]},{"text":" \u0932\u0947\u0932\u0947, ","startDuration":"0.9747","endDuration":"1.6972","wordfile":[{"path":"audios\/wordfile-673c5432e0bdb.wav","mime":"audio\/x-wav","copyright":{"license":"U"}}]},{"text":" \u0938\u093f\u0938\u093e ","startDuration":"1.9555","endDuration":"2.7149","wordfile":[{"path":"audios\/wordfile-673c5441cbdef.wav","mime":"audio\/x-wav","copyright":{"license":"U"}}]},{"text":" \u0906\u0923\u093f ","startDuration":"2.7150","endDuration":"3.3699","wordfile":[{"path":"audios\/wordfile-673c545149b7b.wav","mime":"audio\/x-wav","copyright":{"license":"U"}}]},{"text":" \u0905\u092f\u093e\u0902\u0926\u093e ","startDuration":"3.3700","endDuration":"4.1294","wordfile":[{"path":"audios\/wordfile-673c54600db05.wav","mime":"audio\/x-wav","copyright":{"license":"U"}}]},{"text":" \u0905\u0936\u0940 ","startDuration":"4.1295","endDuration":"4.5262","wordfile":[{"path":"audios\/wordfile-673c5470af0db.wav","mime":"audio\/x-wav","copyright":{"license":"U"}}]},{"text":" \u0924\u094d\u092f\u093e\u0902\u091a\u0940 ","startDuration":"4.5263","endDuration":"4.8677","wordfile":[{"path":"audios\/wordfile-673c547f9e85e.wav","mime":"audio\/x-wav","copyright":{"license":"U"}}]},{"text":" \u0928\u093e\u0935\u0947 ","startDuration":"4.8678","endDuration":"5.3852","wordfile":[{"path":"audios\/wordfile-673c548d8824c.wav","mime":"audio\/x-wav","copyright":{"license":"U"}}]}],"files":[{"path":"audios\/files-673c540a0dcfa.wav","mime":"audio\/x-wav","copyright":{"license":"U"}}]},"subContentId":"c9de2382-7c8d-4ee1-8677-e2d8e11ef276","metadata":{"contentType":"Curious Reader Audio","license":"U","title":"Untitled Curious Reader Audio"}},"backgroundOpacity":0,"willDoAnimation":false,"animationType":"glow","displayAsButton":false,"buttonSize":"big","goToSlideType":"specified","invisible":false}],"slideBackgroundSelector":{}},{"elements":[{"x":4.6296296296296,"y":12.193374729841,"width":41.666666666667,"height":73.160248379043,"action":{"library":"H5P.Image 1.1","params":{"contentName":"Image","alt":"Umngani wami uZizo uthanda ukudlala ibhola.","file":{"path":"images\/file-618ead11f0668.jpg","mime":"image\/jpeg","copyright":{"license":"U"},"width":273,"height":273},"title":"Umngani wami uZizo uthanda ukudlala ibhola."},"subContentId":"6393f6bc-06c5-422b-b91a-1b61280a82f6","metadata":{"contentType":"Image","license":"U","title":"Untitled Image"}},"backgroundOpacity":0,"willDoAnimation":false,"animationType":"glow","displayAsButton":false,"buttonSize":"big","goToSlideType":"specified","invisible":false},{"x":49.744897959183675,"y":20.14523929471033,"width":43.62244897959184,"height":63.47607052896725,"action":{"library":"H5P.CRAdvancedText 1.1","params":{"text":"<p style=\"text-align:center;\"><span style=\"font-size:1.75em;color:#ffffff;\">\u092e\u093e\u091d\u093e \u092e\u093f\u0924\u094d\u0930 \u091d\u093f\u091d\u094b \u092f\u093e\u0932\u093e \u092b\u0941\u091f\u092c\u0949\u0932 \u0916\u0947\u0933\u093e\u092f\u0932\u093e \u0906\u0935\u0921\u0924\u0947<\/span><\/p>"},"subContentId":"f5e3c72c-0ff5-4ef5-82f5-10340deebea8","metadata":{"contentType":"Text","license":"U","title":"Untitled Text"}},"alwaysDisplayComments":false,"backgroundOpacity":0,"willDoAnimation":false,"animationType":"glow","displayAsButton":false,"buttonSize":"big","goToSlideType":"specified","invisible":false,"solution":""},{"x":14.705882352941176,"y":14.545454545454545,"width":17.830882352941174,"height":40,"action":{"library":"H5P.Image 1.1","params":{"contentName":"Image"},"subContentId":"4fa18813-e94a-485e-86f4-8d6a7dbc5cfc","metadata":{"contentType":"Image","license":"U","title":"Untitled Image"}},"backgroundOpacity":0,"willDoAnimation":true,"animationType":"glow","displayAsButton":false,"buttonSize":"big","goToSlideType":"specified","invisible":false,"id":"imgb3489aef-068b-4906-8adf-40bf02988676_2"},{"x":25.735294117647058,"y":61.81818181818182,"width":10.477941176470587,"height":17.09090909090909,"action":{"library":"H5P.Image 1.1","params":{"contentName":"Image"},"subContentId":"1afa5921-f9e7-4006-98c6-87dd058ae69c","metadata":{"contentType":"Image","license":"U","title":"Untitled Image"}},"backgroundOpacity":0,"willDoAnimation":true,"animationType":"glow","displayAsButton":false,"buttonSize":"big","goToSlideType":"specified","invisible":false,"id":"imgb3489aef-068b-4906-8adf-40bf02988676_4"},{"x":47.000103485838785,"y":44.00026681929878,"width":40,"height":40,"action":{"library":"H5P.CRAudio 1.4","params":{"fitToWrapper":true,"currIndex":4,"playerMode":"minimalistic","controls":true,"autoplay":true,"playAudio":"Play audio","pauseAudio":"Pause audio","contentName":"Audio","glowColor":"#ffd85a","timeStampForEachText":[{"text":" \u092e\u093e\u091d\u093e ","startDuration":"0.0000","endDuration":"0.4662","wordfile":[{"path":"audios\/wordfile-673dc9ac8ce7b.wav","mime":"audio\/x-wav","copyright":{"license":"U"}}]},{"text":" \u092e\u093f\u0924\u094d\u0930 ","startDuration":"0.4672","endDuration":"0.8081","wordfile":[{"path":"audios\/wordfile-673dc9d19d0ed.wav","mime":"audio\/x-wav","copyright":{"license":"U"}}]},{"text":" \u091d\u093f\u091d\u094b ","startDuration":"0.8091","endDuration":"1.2949","wordfile":[{"path":"audios\/wordfile-673dca01a7f26.wav","mime":"audio\/x-wav","copyright":{"license":"U"}}]},{"text":" \u092f\u093e\u0932\u093e ","startDuration":"1.4447","endDuration":"1.9265","wordfile":[{"path":"audios\/wordfile-673dca20041aa.wav","mime":"audio\/x-wav","copyright":{"license":"U"}}]},{"text":" \u092b\u0941\u091f\u092c\u0949\u0932 ","startDuration":"1.9275","endDuration":"2.3781","wordfile":[{"path":"audios\/wordfile-673dca49c3b64.wav","mime":"audio\/x-wav","copyright":{"license":"U"}}]},{"text":" \u0916\u0947\u0933\u093e\u092f\u0932\u093e ","startDuration":"2.3791","endDuration":"2.8884","wordfile":[{"path":"audios\/wordfile-673dca662fc8d.wav","mime":"audio\/x-wav","copyright":{"license":"U"}}]},{"text":" \u0906\u0935\u0921\u0924\u0947 ","startDuration":"2.8894","endDuration":"3.4295","wordfile":[{"path":"audios\/wordfile-673dca7ea38f3.wav","mime":"audio\/x-wav","copyright":{"license":"U"}}]}],"files":[{"path":"audios\/files-673dc990457fe.wav","mime":"audio\/x-wav","copyright":{"license":"U"}}]},"subContentId":"7f4198c5-8a09-4dcd-904d-977649c4eb84","metadata":{"contentType":"Curious Reader Audio","license":"U","title":"Untitled Curious Reader Audio"}},"backgroundOpacity":0,"willDoAnimation":false,"animationType":"glow","displayAsButton":false,"buttonSize":"big","goToSlideType":"specified","invisible":false}],"slideBackgroundSelector":{}},{"elements":[{"x":3.826530612244898,"y":32.7455919395466,"width":45.79081632653061,"height":42.82115869017632,"action":{"library":"H5P.CRAdvancedText 1.1","params":{"text":"<p style=\"text-align:center;\"><span style=\"font-size:1.75em;color:#ffffff;\">\u092e\u093e\u091d\u093e \u092e\u093f\u0924\u094d\u0930 \u0932\u0947\u0932\u0947 \u092a\u094b\u0939\u093e\u092f\u0932\u093e \u0906\u0935\u0921\u0924\u094b<\/span><\/p>"},"subContentId":"76183659-b7f0-413b-b61c-7c61946a9942","metadata":{"contentType":"Text","license":"U","title":"Untitled Text"}},"alwaysDisplayComments":false,"backgroundOpacity":0,"willDoAnimation":false,"animationType":"glow","displayAsButton":false,"buttonSize":"big","goToSlideType":"specified","invisible":false,"solution":""},{"x":49.76851851851851,"y":13.698630136986301,"width":39.998148148148,"height":70.102454831167,"action":{"library":"H5P.Image 1.1","params":{"contentName":"Image","file":{"path":"images\/file-618eb063ee94e.jpg","mime":"image\/jpeg","copyright":{"license":"U"},"width":273,"height":273},"alt":"Umngane wami uLele uthanda ukubhukuda.","title":"Umngane wami uLele uthanda ukubhukuda."},"subContentId":"0dc3e4cb-95ea-49b2-b066-22ceb74a7599","metadata":{"contentType":"Image","license":"U","title":"Untitled Image"}},"backgroundOpacity":0,"willDoAnimation":false,"animationType":"glow","displayAsButton":false,"buttonSize":"big","goToSlideType":"specified","invisible":false},{"x":53.30882352941176,"y":43.63636363636363,"width":21.507352941176467,"height":26.181818181818183,"action":{"library":"H5P.Image 1.1","params":{"contentName":"Image"},"subContentId":"02169d51-8a40-4c28-ae88-4b43b78ff60d","metadata":{"contentType":"Image","license":"U","title":"Untitled Image"}},"backgroundOpacity":0,"willDoAnimation":true,"animationType":"glow","displayAsButton":false,"buttonSize":"big","goToSlideType":"specified","invisible":false,"id":"img1bf54bb4-ae69-4333-af18-d660b5bcb00d_2"},{"x":53.30882352941176,"y":43.76145454545454,"width":21.507352941176467,"height":26.90909090909091,"action":{"library":"H5P.Image 1.1","params":{"contentName":"Image"},"subContentId":"9622a6ee-f049-4b5f-90cd-4faf84b81422","metadata":{"contentType":"Image","license":"U","title":"Untitled Image"}},"backgroundOpacity":0,"willDoAnimation":true,"animationType":"glow","displayAsButton":false,"buttonSize":"big","goToSlideType":"specified","invisible":false,"id":"img1bf54bb4-ae69-4333-af18-d660b5bcb00d_3"},{"x":47.000103485838785,"y":44.00026681929878,"width":40,"height":40,"action":{"library":"H5P.CRAudio 1.4","params":{"fitToWrapper":true,"currIndex":5,"playerMode":"minimalistic","controls":true,"autoplay":true,"playAudio":"Play audio","pauseAudio":"Pause audio","contentName":"Audio","glowColor":"#ffd85a","timeStampForEachText":[{"text":" \u092e\u093e\u091d\u093e ","startDuration":"0.2909","endDuration":"0.7817","wordfile":[{"path":"audios\/wordfile-673dcb7af3879.wav","mime":"audio\/x-wav","copyright":{"license":"U"}}]},{"text":" \u092e\u093f\u0924\u094d\u0930 ","startDuration":"0.7827","endDuration":"1.1281","wordfile":[{"path":"audios\/wordfile-673dcb97744cc.wav","mime":"audio\/x-wav","copyright":{"license":"U"}}]},{"text":" \u0932\u0947\u0932\u0947 ","startDuration":"1.1291","endDuration":"1.6725","wordfile":[{"path":"audios\/wordfile-673dcbb3a81f1.wav","mime":"audio\/x-wav","copyright":{"license":"U"}}]},{"text":" \u092a\u094b\u0939\u093e\u092f\u0932\u093e ","startDuration":"1.6735","endDuration":"2.7622","wordfile":[{"path":"audios\/wordfile-673dcbd23d01e.wav","mime":"audio\/x-wav","copyright":{"license":"U"}}]},{"text":" \u0906\u0935\u0921\u0924\u094b ","startDuration":"2.7632","endDuration":"3.3591","wordfile":[{"path":"audios\/wordfile-673dcbedd9eaf.wav","mime":"audio\/x-wav","copyright":{"license":"U"}}]}],"files":[{"path":"audios\/files-673dcb4e91237.wav","mime":"audio\/x-wav","copyright":{"license":"U"}}]},"subContentId":"74f45b55-137b-4ad8-8cac-6b3877fbd443","metadata":{"contentType":"Curious Reader Audio","license":"U","title":"Untitled Curious Reader Audio"}},"backgroundOpacity":0,"willDoAnimation":false,"animationType":"glow","displayAsButton":false,"buttonSize":"big","goToSlideType":"specified","invisible":false}],"slideBackgroundSelector":{}},{"elements":[{"x":51.19825708061002,"y":15.053763440860214,"width":40.305010893246,"height":73.926590264538,"action":{"library":"H5P.Image 1.1","params":{"contentName":"Image","file":{"path":"images\/file-618ecc59ee8f9.jpg","mime":"image\/jpeg","copyright":{"license":"U"},"width":273,"height":273},"alt":"Umngane wami uSisa uthanda ukudlala umacashelana.","title":"Umngane wami uSisa uthanda ukudlala umacashelana."},"subContentId":"75c3c2b5-0b21-46f1-ad99-984d6ab526ad","metadata":{"contentType":"Image","license":"U","title":"Untitled Image"}},"backgroundOpacity":0,"willDoAnimation":false,"animationType":"glow","displayAsButton":false,"buttonSize":"big","goToSlideType":"specified","invisible":false},{"x":5.1020408163265305,"y":42.82115869017632,"width":43.57298474945534,"height":43.44086021505376,"action":{"library":"H5P.CRAdvancedText 1.1","params":{"text":"<p style=\"text-align: center;\"><span style=\"color:#ffffff;\"><span style=\"font-size:1.75em;\">\u092e\u093e\u091d\u0940 \u092e\u0948\u0924\u094d\u0930\u0940\u0923 \u0938\u093f\u0938\u093e\u0932\u093e \u0932\u092a\u093e\u091b\u092a\u0940 \u0916\u0947\u0933\u093e\u092f\u0932\u093e \u0906\u0935\u0921\u0924\u0947<\/span><\/span><\/p>\n"},"subContentId":"c8ff22ff-1768-44a3-a0ed-b3d522587cef","metadata":{"contentType":"Text","license":"U","title":"Untitled Text"}},"alwaysDisplayComments":false,"backgroundOpacity":0,"willDoAnimation":false,"animationType":"glow","displayAsButton":false,"buttonSize":"big","goToSlideType":"specified","invisible":false,"solution":""},{"x":55.14705882352941,"y":40.113454545454545,"width":12.316176470588234,"height":31.636363636363637,"action":{"library":"H5P.Image 1.1","params":{"contentName":"Image"},"subContentId":"c783bcc2-58f2-4c33-91a6-b6194f59090d","metadata":{"contentType":"Image","license":"U","title":"Untitled Image"}},"backgroundOpacity":0,"willDoAnimation":true,"animationType":"glow","displayAsButton":false,"buttonSize":"big","goToSlideType":"specified","invisible":false,"id":"imgd5d6da2b-10b7-4276-b275-6f0a91765824_2"},{"x":51.470588235294116,"y":30.170472727272728,"width":17.830882352941174,"height":53.45454545454545,"action":{"library":"H5P.Image 1.1","params":{"contentName":"Image"},"subContentId":"73910e62-cc78-4512-8d48-f9505197334c","metadata":{"contentType":"Image","license":"U","title":"Untitled Image"}},"backgroundOpacity":0,"willDoAnimation":true,"animationType":"glow","displayAsButton":false,"buttonSize":"big","goToSlideType":"specified","invisible":false,"id":"imgd5d6da2b-10b7-4276-b275-6f0a91765824_3"},{"x":47.000103485838785,"y":44.00026681929878,"width":40,"height":40,"action":{"library":"H5P.CRAudio 1.4","params":{"fitToWrapper":true,"currIndex":6,"playerMode":"minimalistic","controls":true,"autoplay":true,"playAudio":"Play audio","pauseAudio":"Pause audio","contentName":"Audio","glowColor":"#ffd85a","timeStampForEachText":[{"text":" \u092e\u093e\u091d\u0940 ","startDuration":"0.2234","endDuration":"0.6446","wordfile":[{"path":"audios\/wordfile-673c55ca80507.wav","mime":"audio\/x-wav","copyright":{"license":"U"}}]},{"text":" \u092e\u0948\u0924\u094d\u0930\u0940\u0923 ","startDuration":"0.6447","endDuration":"1.1425","wordfile":[{"path":"audios\/wordfile-673c55d7bb39c.wav","mime":"audio\/x-wav","copyright":{"license":"U"}}]},{"text":" \u0938\u093f\u0938\u093e\u0932\u093e ","startDuration":"1.1426","endDuration":"1.8886","wordfile":[{"path":"audios\/wordfile-673c55e6791a0.wav","mime":"audio\/x-wav","copyright":{"license":"U"}}]},{"text":" \u0932\u092a\u093e\u091b\u092a\u0940 ","startDuration":"1.8887","endDuration":"2.6306","wordfile":[{"path":"audios\/wordfile-673c55f7d3a86.wav","mime":"audio\/x-wav","copyright":{"license":"U"}}]},{"text":" \u0916\u0947\u0933\u093e\u092f\u0932\u093e ","startDuration":"2.6307","endDuration":"3.1492","wordfile":[{"path":"audios\/wordfile-673c560514ce4.wav","mime":"audio\/x-wav","copyright":{"license":"U"}}]},{"text":" \u0906\u0935\u0921\u0924\u0947 ","startDuration":"3.1493","endDuration":"3.6236","wordfile":[{"path":"audios\/wordfile-673c561897a7d.wav","mime":"audio\/x-wav","copyright":{"license":"U"}}]}],"files":[{"path":"audios\/files-673c55bade857.wav","mime":"audio\/x-wav","copyright":{"license":"U"}}]},"subContentId":"63acc0b8-85c9-412c-835d-de8657e56658","metadata":{"contentType":"Curious Reader Audio","license":"U","title":"Untitled Curious Reader Audio"}},"backgroundOpacity":0,"willDoAnimation":false,"animationType":"glow","displayAsButton":false,"buttonSize":"big","goToSlideType":"specified","invisible":false}],"slideBackgroundSelector":{}},{"elements":[{"x":2.178649237472767,"y":42.98559139784947,"width":44.66230936819172,"height":49.46236559139785,"action":{"library":"H5P.CRAdvancedText 1.1","params":{"text":"<p style=\"text-align: center;\"><span style=\"font-size:1.75em;\"><span style=\"color:#ffffff;\">\u092e\u093e\u091d\u0940 \u092e\u0948\u0924\u094d\u0930\u093f\u0923 \u0905\u092f\u093e\u0902\u0926\u093e \u0939\u093f\u0932\u093e \u0935\u093e\u091a\u093e\u092f\u0932\u093e \u0906\u0935\u0921\u0924\u0947<\/span><\/span><\/p>\n"},"subContentId":"5fa5cf7b-843e-440c-9615-1ee916184210","metadata":{"contentType":"Text","license":"U","title":"Untitled Text"}},"alwaysDisplayComments":false,"backgroundOpacity":0,"willDoAnimation":false,"animationType":"glow","displayAsButton":false,"buttonSize":"big","goToSlideType":"specified","invisible":false,"solution":""},{"x":49.76851851851851,"y":15.981735159817353,"width":39.998148148148,"height":67.063561014123,"action":{"library":"H5P.Image 1.1","params":{"contentName":"Image","file":{"path":"images\/file-618eb37e56dd2.jpg","mime":"image\/jpeg","copyright":{"license":"U"},"width":273,"height":273},"alt":"Umngane wami u-Ayanda uthanda ukufunda.","title":"Umngane wami u-Ayanda uthanda ukufunda."},"subContentId":"0b6f4751-67d7-4169-9bde-23e430c7c5f5","metadata":{"contentType":"Image","license":"U","title":"Untitled Image"}},"backgroundOpacity":0,"willDoAnimation":false,"animationType":"glow","displayAsButton":false,"buttonSize":"big","goToSlideType":"specified","invisible":false},{"x":68.01470588235294,"y":25.454545454545453,"width":15.992647058823529,"height":25.454545454545453,"action":{"library":"H5P.Image 1.1","params":{"contentName":"Image"},"subContentId":"09dc5023-b00a-4374-9c69-f07fdd291656","metadata":{"contentType":"Image","license":"U","title":"Untitled Image"}},"backgroundOpacity":0,"willDoAnimation":true,"animationType":"glow","displayAsButton":false,"buttonSize":"big","goToSlideType":"specified","invisible":false,"id":"img38ce3494-2f18-40db-8dbe-566effcc545d_2"},{"x":73.52941176470588,"y":47.27272727272727,"width":12.13235294117647,"height":20.727272727272727,"action":{"library":"H5P.Image 1.1","params":{"contentName":"Image"},"subContentId":"bca9f55f-6431-4d4c-9b92-54ab85142ef0","metadata":{"contentType":"Image","license":"U","title":"Untitled Image"}},"backgroundOpacity":0,"willDoAnimation":true,"animationType":"glow","displayAsButton":false,"buttonSize":"big","goToSlideType":"specified","invisible":false,"id":"img38ce3494-2f18-40db-8dbe-566effcc545d_4"},{"x":47.000103485838785,"y":44.00026681929878,"width":40,"height":40,"action":{"library":"H5P.CRAudio 1.4","params":{"fitToWrapper":true,"currIndex":7,"playerMode":"minimalistic","controls":true,"autoplay":true,"playAudio":"Play audio","pauseAudio":"Pause audio","contentName":"Audio","glowColor":"#ffd85a","timeStampForEachText":[{"text":" \u092e\u093e\u091d\u0940 ","startDuration":"0.1223","endDuration":"0.5448","wordfile":[{"path":"audios\/wordfile-673c564f56f16.wav","mime":"audio\/x-wav","copyright":{"license":"U"}}]},{"text":" \u092e\u0948\u0924\u094d\u0930\u093f\u0923 ","startDuration":"0.5449","endDuration":"1.0172","wordfile":[{"path":"audios\/wordfile-673c565d26167.wav","mime":"audio\/x-wav","copyright":{"license":"U"}}]},{"text":" \u0905\u092f\u093e\u0902\u0926\u093e ","startDuration":"1.0173","endDuration":"1.6830","wordfile":[{"path":"audios\/wordfile-673c566b8c1e6.wav","mime":"audio\/x-wav","copyright":{"license":"U"}}]},{"text":" \u0939\u093f\u0932\u093e ","startDuration":"1.8252","endDuration":"2.2659","wordfile":[{"path":"audios\/wordfile-673c567a9c5a0.wav","mime":"audio\/x-wav","copyright":{"license":"U"}}]},{"text":" \u0935\u093e\u091a\u093e\u092f\u0932\u093e ","startDuration":"2.2660","endDuration":"2.8725","wordfile":[{"path":"audios\/wordfile-673c5687d691d.wav","mime":"audio\/x-wav","copyright":{"license":"U"}}]},{"text":" \u0906\u0935\u0921\u0924\u0947 ","startDuration":"2.8726","endDuration":"3.3883","wordfile":[{"path":"audios\/wordfile-673c5697f3c4c.wav","mime":"audio\/x-wav","copyright":{"license":"U"}}]}],"files":[{"path":"audios\/files-673c563f03fea.wav","mime":"audio\/x-wav","copyright":{"license":"U"}}]},"subContentId":"bbea6280-83c9-4cb5-98f5-1009a062c6ce","metadata":{"contentType":"Curious Reader Audio","license":"U","title":"Untitled Curious Reader Audio"}},"backgroundOpacity":0,"willDoAnimation":false,"animationType":"glow","displayAsButton":false,"buttonSize":"big","goToSlideType":"specified","invisible":false}],"slideBackgroundSelector":{}},{"elements":[{"x":52.29591836734694,"y":15.113350125944583,"width":43.20987654321,"height":76.208592061503,"action":{"library":"H5P.Image 1.1","params":{"contentName":"Image","alt":"Mina? Ngiyathanda ukwenza izinto abathanda ukuzenza.","file":{"path":"images\/file-618eb73d03969.jpg","mime":"image\/jpeg","copyright":{"license":"U"},"width":273,"height":273},"title":"Mina? Ngiyathanda ukwenza izinto abathanda ukuzenza."},"subContentId":"c10d2176-9ae1-46fb-9f3c-c6b45d149b92","metadata":{"contentType":"Image","license":"U","title":"Untitled Image"}},"backgroundOpacity":0,"willDoAnimation":false,"animationType":"glow","displayAsButton":false,"buttonSize":"big","goToSlideType":"specified","invisible":false},{"x":3.8258272058823533,"y":32.82669090909091,"width":45.955882352941174,"height":58.18181818181818,"action":{"library":"H5P.CRAdvancedText 1.1","params":{"text":"<p style=\"text-align: center;\"><span style=\"color:#ffffff;\"><span style=\"font-size:1.75em;\">\u092e\u0932\u093e? \u0924\u094d\u092f\u093e\u0902\u0928\u093e \u091c\u094d\u092f\u093e \u0917\u094b\u0937\u094d\u091f\u0940 \u0915\u0930\u093e\u092f\u0932\u093e \u0906\u0935\u0921\u0924\u093e\u0924 \u0924\u094d\u092f\u093e \u092e\u0932\u093e \u0915\u0930\u093e\u092f\u0932\u093e \u0906\u0935\u0921\u0924\u093e\u0924.<\/span><\/span><\/p>\n"},"subContentId":"01787cd3-7a57-403e-adc9-5d78a1c683c5","metadata":{"contentType":"Text","license":"U","title":"Untitled Text"}},"alwaysDisplayComments":false,"backgroundOpacity":0,"willDoAnimation":false,"animationType":"glow","displayAsButton":false,"buttonSize":"big","goToSlideType":"specified","invisible":false,"solution":""},{"x":58.82352941176471,"y":18.284072727272726,"width":27.02205882352941,"height":49.81818181818182,"action":{"library":"H5P.Image 1.1","params":{"contentName":"Image"},"subContentId":"9ac0c115-0e07-4bbb-8bec-47707a7ceccd","metadata":{"contentType":"Image","license":"U","title":"Untitled Image"}},"backgroundOpacity":0,"willDoAnimation":true,"animationType":"glow","displayAsButton":false,"buttonSize":"big","goToSlideType":"specified","invisible":false,"id":"imga90f2800-465a-4883-8c1e-133b3943d898_0"},{"x":47.000103485838785,"y":44.00026681929878,"width":40,"height":40,"action":{"library":"H5P.CRAudio 1.4","params":{"fitToWrapper":true,"currIndex":8,"playerMode":"minimalistic","controls":true,"autoplay":true,"playAudio":"Play audio","pauseAudio":"Pause audio","contentName":"Audio","glowColor":"#ffd85a","timeStampForEachText":[{"text":" \u092e\u0932\u093e? ","startDuration":"0.0000","endDuration":"0.5990","wordfile":[{"path":"audios\/wordfile-673c56d64a61c.wav","mime":"audio\/x-wav","copyright":{"license":"U"}}]},{"text":" \u0924\u094d\u092f\u093e\u0902\u0928\u093e ","startDuration":"0.9650","endDuration":"1.4433","wordfile":[{"path":"audios\/wordfile-673c56e56dc46.wav","mime":"audio\/x-wav","copyright":{"license":"U"}}]},{"text":" \u091c\u094d\u092f\u093e ","startDuration":"1.4434","endDuration":"1.7189","wordfile":[{"path":"audios\/wordfile-673c56f18d444.wav","mime":"audio\/x-wav","copyright":{"license":"U"}}]},{"text":" \u0917\u094b\u0937\u094d\u091f\u0940 ","startDuration":"1.7190","endDuration":"2.0753","wordfile":[{"path":"audios\/wordfile-673c56ff3ac8b.wav","mime":"audio\/x-wav","copyright":{"license":"U"}}]},{"text":" \u0915\u0930\u093e\u092f\u0932\u093e ","startDuration":"2.0754","endDuration":"2.5126","wordfile":[{"path":"audios\/wordfile-673c570dc644a.wav","mime":"audio\/x-wav","copyright":{"license":"U"}}]},{"text":" \u0906\u0935\u0921\u0924\u093e\u0924 ","startDuration":"2.5127","endDuration":"3.0200","wordfile":[{"path":"audios\/wordfile-673c571d348d7.wav","mime":"audio\/x-wav","copyright":{"license":"U"}}]},{"text":" \u0924\u094d\u092f\u093e ","startDuration":"3.0201","endDuration":"3.2956","wordfile":[{"path":"audios\/wordfile-673c572a91603.wav","mime":"audio\/x-wav","copyright":{"license":"U"}}]},{"text":" \u092e\u0932\u093e ","startDuration":"3.2957","endDuration":"3.6413","wordfile":[{"path":"audios\/wordfile-673c57386ced6.wav","mime":"audio\/x-wav","copyright":{"license":"U"}}]},{"text":" \u0915\u0930\u093e\u092f\u0932\u093e ","startDuration":"3.6414","endDuration":"4.0193","wordfile":[{"path":"audios\/wordfile-673c5745eeff1.wav","mime":"audio\/x-wav","copyright":{"license":"U"}}]},{"text":" \u0906\u0935\u0921\u0924\u093e\u0924. ","startDuration":"4.0194","endDuration":"4.7208","wordfile":[{"path":"audios\/wordfile-673c575440735.wav","mime":"audio\/x-wav","copyright":{"license":"U"}}]}],"files":[{"path":"audios\/files-673c56c36addb.wav","mime":"audio\/x-wav","copyright":{"license":"U"}}]},"subContentId":"16fbad95-6a34-4b25-86fa-453898420f22","metadata":{"contentType":"Curious Reader Audio","license":"U","title":"Untitled Curious Reader Audio"}},"backgroundOpacity":0,"willDoAnimation":false,"animationType":"glow","displayAsButton":false,"buttonSize":"big","goToSlideType":"specified","invisible":false}],"slideBackgroundSelector":{}},{"elements":[{"x":3.826530612244898,"y":73.04785894206549,"width":93.68191721132898,"height":24.946236559139784,"action":{"library":"H5P.CRAdvancedText 1.1","params":{"text":"<p style=\"text-align: center;\"><span style=\"color:#ffffff;\"><span style=\"font-size:1.75em;\">\u092e\u0940 \u091d\u093f\u091d\u094b \u092c\u0930\u094b\u092c\u0930 \u092b\u0941\u091f\u092c\u0949\u0932 \u0916\u0947\u0933\u0924\u094b<\/span><\/span><\/p>\n"},"subContentId":"c0103700-9490-46ad-806e-95977b01da71","metadata":{"contentType":"Text","license":"U","title":"Untitled Text"}},"alwaysDisplayComments":false,"backgroundOpacity":0,"willDoAnimation":false,"animationType":"glow","displayAsButton":false,"buttonSize":"big","goToSlideType":"specified","invisible":false,"solution":""},{"x":30.501089324618736,"y":2.150537634408602,"width":37.642919389978,"height":68.856593233979,"action":{"library":"H5P.Image 1.1","params":{"contentName":"Image","alt":"Ngidlala ibhola noZizo.","file":{"path":"images\/file-618eb89609ed6.jpg","mime":"image\/jpeg","copyright":{"license":"U"},"width":273,"height":273},"title":"Ngidlala ibhola noZizo."},"subContentId":"07536b8d-c38f-40e0-9261-226d0a11c99a","metadata":{"contentType":"Image","license":"U","title":"Untitled Image"}},"backgroundOpacity":0,"willDoAnimation":false,"animationType":"glow","displayAsButton":false,"buttonSize":"big","goToSlideType":"specified","invisible":false},{"x":47.79411764705882,"y":50.90909090909091,"width":9.191176470588236,"height":15.636363636363637,"action":{"library":"H5P.Image 1.1","params":{"contentName":"Image"},"subContentId":"5b1b6d6a-1429-41dc-98ca-79f62ad5ccd1","metadata":{"contentType":"Image","license":"U","title":"Untitled Image"}},"backgroundOpacity":0,"willDoAnimation":true,"animationType":"glow","displayAsButton":false,"buttonSize":"big","goToSlideType":"specified","invisible":false,"id":"imgeea58c82-c72c-4cb6-abf6-ce0ac2c179c4_3"},{"x":51.470588235294116,"y":10.909090909090908,"width":10.477941176470587,"height":26.181818181818183,"action":{"library":"H5P.Image 1.1","params":{"contentName":"Image"},"subContentId":"3eed5ad2-2a28-4430-91e3-6f07438082ce","metadata":{"contentType":"Image","license":"U","title":"Untitled Image"}},"backgroundOpacity":0,"willDoAnimation":true,"animationType":"glow","displayAsButton":false,"buttonSize":"big","goToSlideType":"specified","invisible":false,"id":"imgeea58c82-c72c-4cb6-abf6-ce0ac2c179c4_0"},{"x":33.088235294117645,"y":3.6448727272727273,"width":14.15441176470588,"height":35.27272727272727,"action":{"library":"H5P.Image 1.1","params":{"contentName":"Image"},"subContentId":"aaf91f09-fd17-4996-b7cb-5cbdc165447d","metadata":{"contentType":"Image","license":"U","title":"Untitled Image"}},"backgroundOpacity":0,"willDoAnimation":true,"animationType":"glow","displayAsButton":false,"buttonSize":"big","goToSlideType":"specified","invisible":false,"id":"imgeea58c82-c72c-4cb6-abf6-ce0ac2c179c4_1"},{"x":47.000103485838785,"y":44.00026681929878,"width":40,"height":40,"action":{"library":"H5P.CRAudio 1.4","params":{"fitToWrapper":true,"currIndex":9,"playerMode":"minimalistic","controls":true,"autoplay":true,"playAudio":"Play audio","pauseAudio":"Pause audio","contentName":"Audio","glowColor":"#ffd85a","timeStampForEachText":[{"text":" \u092e\u0940 ","startDuration":"0.0525","endDuration":"0.2824","wordfile":[{"path":"audios\/wordfile-673c578990a22.wav","mime":"audio\/x-wav","copyright":{"license":"U"}}]},{"text":" \u091d\u093f\u091d\u094b ","startDuration":"0.2825","endDuration":"0.6741","wordfile":[{"path":"audios\/wordfile-673c579837a1d.wav","mime":"audio\/x-wav","copyright":{"license":"U"}}]},{"text":" \u092c\u0930\u094b\u092c\u0930 ","startDuration":"0.6742","endDuration":"1.1419","wordfile":[{"path":"audios\/wordfile-673c57a5c0d81.wav","mime":"audio\/x-wav","copyright":{"license":"U"}}]},{"text":" \u092b\u0941\u091f\u092c\u0949\u0932 ","startDuration":"1.1420","endDuration":"1.6517","wordfile":[{"path":"audios\/wordfile-673c57b3d86d8.wav","mime":"audio\/x-wav","copyright":{"license":"U"}}]},{"text":" \u0916\u0947\u0933\u0924\u094b ","startDuration":"1.6518","endDuration":"2.2988","wordfile":[{"path":"audios\/wordfile-673c57c1a0eb0.wav","mime":"audio\/x-wav","copyright":{"license":"U"}}]}],"files":[{"path":"audios\/files-673c577486344.wav","mime":"audio\/x-wav","copyright":{"license":"U"}}]},"subContentId":"532c3539-9389-4121-a130-8045429c9134","metadata":{"contentType":"Curious Reader Audio","license":"U","title":"Untitled Curious Reader Audio"}},"backgroundOpacity":0,"willDoAnimation":false,"animationType":"glow","displayAsButton":false,"buttonSize":"big","goToSlideType":"specified","invisible":false}],"slideBackgroundSelector":{}},{"elements":[{"x":0,"y":81.18081180811808,"width":93.75,"height":14.545454545454545,"action":{"library":"H5P.CRAdvancedText 1.1","params":{"text":"<p style=\"text-align: center;\"><span style=\"font-size:1.75em;\"><span style=\"color:#ffffff;\">\u092e\u0940 \u0932\u0947\u0932\u0947 \u0938\u094b\u092c\u0924 \u092a\u094b\u0939\u0924\u094b.<\/span><\/span><\/p>\n"},"subContentId":"4f10339f-9758-4ec2-b3ad-9bda148dc589","metadata":{"contentType":"Text","license":"U","title":"Untitled Text"}},"alwaysDisplayComments":false,"backgroundOpacity":0,"willDoAnimation":false,"animationType":"glow","displayAsButton":false,"buttonSize":"big","goToSlideType":"specified","invisible":false,"solution":""},{"x":27.77716836734694,"y":6.0177833753148615,"width":40.05102040816327,"height":73.04785894206549,"action":{"library":"H5P.Image 1.1","params":{"contentName":"Image","file":{"path":"images\/file-618eb96526d0d.jpg","mime":"image\/jpeg","copyright":{"license":"U"},"width":273,"height":273},"alt":"Ngibhukuda noLele.","title":"Ngibhukuda noLele."},"subContentId":"5a25762a-d5eb-41ab-be59-b3eb68d8ec63","metadata":{"contentType":"Image","license":"U","title":"Untitled Image"}},"backgroundOpacity":0,"willDoAnimation":false,"animationType":"glow","displayAsButton":false,"buttonSize":"big","goToSlideType":"specified","invisible":false},{"x":27.573529411764703,"y":29.09090909090909,"width":40,"height":40,"action":{"library":"H5P.Image 1.1","params":{"contentName":"Image"},"subContentId":"79edd0cd-f43b-406e-b19f-e5c7f2a78aa2","metadata":{"contentType":"Image","license":"U","title":"Untitled Image"}},"backgroundOpacity":0,"willDoAnimation":true,"animationType":"glow","displayAsButton":false,"buttonSize":"big","goToSlideType":"specified","invisible":false,"id":"img30e9efcd-93f1-49f6-a18e-11d3c8ad5743_3"},{"x":29.41176470588235,"y":40,"width":13.051470588235293,"height":24.363636363636363,"action":{"library":"H5P.Image 1.1","params":{"contentName":"Image"},"subContentId":"7cafeae4-4cd1-4e60-975b-f7e24fce8b74","metadata":{"contentType":"Image","license":"U","title":"Untitled Image"}},"backgroundOpacity":0,"willDoAnimation":true,"animationType":"glow","displayAsButton":false,"buttonSize":"big","goToSlideType":"specified","invisible":false,"id":"img30e9efcd-93f1-49f6-a18e-11d3c8ad5743_1"},{"x":47.79411764705882,"y":40,"width":14.15441176470588,"height":22.545454545454547,"action":{"library":"H5P.Image 1.1","params":{"contentName":"Image"},"subContentId":"edf23117-960a-41fc-bd0c-d9d2b1e45203","metadata":{"contentType":"Image","license":"U","title":"Untitled Image"}},"backgroundOpacity":0,"willDoAnimation":true,"animationType":"glow","displayAsButton":false,"buttonSize":"big","goToSlideType":"specified","invisible":false,"id":"img30e9efcd-93f1-49f6-a18e-11d3c8ad5743_0"},{"x":92.5925925925926,"y":2.151768538561844,"width":40,"height":40,"action":{"library":"H5P.CRAudio 1.4","params":{"fitToWrapper":true,"currIndex":10,"playerMode":"minimalistic","controls":true,"autoplay":true,"playAudio":"Play audio","pauseAudio":"Pause audio","contentName":"Audio","glowColor":"#ffd85a","timeStampForEachText":[{"text":" \u092e\u0940 ","startDuration":"0.1225","endDuration":"0.3546","wordfile":[{"path":"audios\/wordfile-673c5cd8efdad.wav","mime":"audio\/x-wav","copyright":{"license":"U"}}]},{"text":" \u0932\u0947\u0932\u0947 ","startDuration":"0.3547","endDuration":"0.7122","wordfile":[{"path":"audios\/wordfile-673c5ce88766c.wav","mime":"audio\/x-wav","copyright":{"license":"U"}}]},{"text":" \u0938\u094b\u092c\u0924 ","startDuration":"0.7123","endDuration":"1.1201","wordfile":[{"path":"audios\/wordfile-673c5cf6ba40f.wav","mime":"audio\/x-wav","copyright":{"license":"U"}}]},{"text":" \u092a\u094b\u0939\u0924\u094b. ","startDuration":"1.1202","endDuration":"1.7401","wordfile":[{"path":"audios\/wordfile-673c5d05a74c8.wav","mime":"audio\/x-wav","copyright":{"license":"U"}}]}],"files":[{"path":"audios\/files-673c5cc7de36b.wav","mime":"audio\/x-wav","copyright":{"license":"U"}}]},"subContentId":"35cdcedb-942c-432f-8d48-9d2e952fa076","metadata":{"contentType":"Curious Reader Audio","license":"U","title":"Untitled Curious Reader Audio"}},"backgroundOpacity":0,"willDoAnimation":false,"animationType":"glow","displayAsButton":false,"buttonSize":"big","goToSlideType":"specified","invisible":false}],"slideBackgroundSelector":{}},{"elements":[{"x":5.10110294117647,"y":76.47163636363636,"width":91.91176470588235,"height":21.818181818181817,"action":{"library":"H5P.CRAdvancedText 1.1","params":{"text":"<p style=\"text-align: center;\"><span style=\"font-size:1.75em;\"><span style=\"color:#ffffff;\">\u092e\u0940 \u0938\u093f\u0938\u093e\u092c\u0930\u094b\u092c\u0930 \u0932\u092a\u093e\u091b\u092a\u0940 \u0916\u0947\u0933\u0924\u094b<\/span><\/span><\/p>\n"},"subContentId":"5ce600c0-9e95-4b84-9330-56cc92fd0bf7","metadata":{"contentType":"Text","license":"U","title":"Untitled Text"}},"alwaysDisplayComments":false,"backgroundOpacity":0,"willDoAnimation":false,"animationType":"glow","displayAsButton":false,"buttonSize":"big","goToSlideType":"specified","invisible":false,"solution":""},{"x":29.520697167756,"y":6.0249519079732,"width":39.998148148148,"height":66.791953592016,"action":{"library":"H5P.Image 1.1","params":{"contentName":"Image","file":{"path":"images\/file-618ebb55f4134.jpg","mime":"image\/jpeg","copyright":{"license":"U"},"width":273,"height":273},"alt":"Ngidlala umacashelana noSisa.","title":"Ngidlala umacashelana noSisa."},"subContentId":"7fcf93f8-b105-4383-8477-0218ce8d77da","metadata":{"contentType":"Image","license":"U","title":"Untitled Image"}},"backgroundOpacity":0,"willDoAnimation":false,"animationType":"glow","displayAsButton":false,"buttonSize":"big","goToSlideType":"specified","invisible":false},{"x":45.955882352941174,"y":21.818181818181817,"width":14.522058823529411,"height":28,"action":{"library":"H5P.Image 1.1","params":{"contentName":"Image"},"subContentId":"42903197-cb49-4692-8b92-3bca32b0d109","metadata":{"contentType":"Image","license":"U","title":"Untitled Image"}},"backgroundOpacity":0,"willDoAnimation":true,"animationType":"glow","displayAsButton":false,"buttonSize":"big","goToSlideType":"specified","invisible":false,"id":"imge66dee6a-ab51-4b0f-bd66-8b74ffda47fd_0"},{"x":31.249999999999996,"y":25.454545454545453,"width":17.830882352941174,"height":36.36363636363637,"action":{"library":"H5P.Image 1.1","params":{"contentName":"Image"},"subContentId":"4a8b0380-0d09-4acf-a1ef-6a15af76aa46","metadata":{"contentType":"Image","license":"U","title":"Untitled Image"}},"backgroundOpacity":0,"willDoAnimation":true,"animationType":"glow","displayAsButton":false,"buttonSize":"big","goToSlideType":"specified","invisible":false,"id":"imge66dee6a-ab51-4b0f-bd66-8b74ffda47fd_1"},{"x":29.411764705882355,"y":18.232945454545455,"width":34.92647058823529,"height":49.81818181818182,"action":{"library":"H5P.Image 1.1","params":{"contentName":"Image"},"subContentId":"d66d43b9-c08b-4d03-8150-52acf280b993","metadata":{"contentType":"Image","license":"U","title":"Untitled Image"}},"backgroundOpacity":0,"willDoAnimation":true,"animationType":"glow","displayAsButton":false,"buttonSize":"big","goToSlideType":"specified","invisible":false,"id":"imge66dee6a-ab51-4b0f-bd66-8b74ffda47fd_2"},{"x":47.000103485838785,"y":44.00026681929878,"width":40,"height":40,"action":{"library":"H5P.CRAudio 1.4","params":{"fitToWrapper":true,"currIndex":11,"playerMode":"minimalistic","controls":true,"autoplay":true,"playAudio":"Play audio","pauseAudio":"Pause audio","contentName":"Audio","glowColor":"#ffd85a","timeStampForEachText":[{"text":" \u092e\u0940 ","startDuration":"0.3273","endDuration":"0.5634","wordfile":[{"path":"audios\/wordfile-673c5971848bc.wav","mime":"audio\/x-wav","copyright":{"license":"U"}}]},{"text":" \u0938\u093f\u0938\u093e\u092c\u0930\u094b\u092c\u0930 ","startDuration":"0.5635","endDuration":"1.3841","wordfile":[{"path":"audios\/wordfile-673c5981c5467.wav","mime":"audio\/x-wav","copyright":{"license":"U"}}]},{"text":" \u0932\u092a\u093e\u091b\u092a\u0940 ","startDuration":"1.3842","endDuration":"2.0999","wordfile":[{"path":"audios\/wordfile-673c599029dcd.wav","mime":"audio\/x-wav","copyright":{"license":"U"}}]},{"text":" \u0916\u0947\u0933\u0924\u094b ","startDuration":"2.1000","endDuration":"2.6767","wordfile":[{"path":"audios\/wordfile-673c599eea238.wav","mime":"audio\/x-wav","copyright":{"license":"U"}}]}],"files":[{"path":"audios\/files-673c595fb1e8c.wav","mime":"audio\/x-wav","copyright":{"license":"U"}}]},"subContentId":"5fdf984b-8d75-4639-a07c-689735a1f0eb","metadata":{"contentType":"Curious Reader Audio","license":"U","title":"Untitled Curious Reader Audio"}},"backgroundOpacity":0,"willDoAnimation":false,"animationType":"glow","displayAsButton":false,"buttonSize":"big","goToSlideType":"specified","invisible":false}],"slideBackgroundSelector":{}},{"elements":[{"x":15.306122448979592,"y":10.579345088161208,"width":68.87755102040816,"height":69.0176322418136,"action":{"library":"H5P.Image 1.1","params":{"contentName":"Image","file":{"path":"images\/file-618ecd7fc659d.jpg","mime":"image\/jpeg","copyright":{"license":"U"},"width":350,"height":210}},"subContentId":"c2ff2e98-73c7-4f05-b67e-e393662e801c","metadata":{"contentType":"Image","license":"U","title":"Untitled Image"}},"backgroundOpacity":0,"willDoAnimation":false,"animationType":"glow","displayAsButton":false,"buttonSize":"big","goToSlideType":"specified","invisible":false},{"x":1.0204081632653061,"y":81.61209068010075,"width":97.83163265306122,"height":17.632241813602015,"action":{"library":"H5P.CRAdvancedText 1.1","params":{"text":"<p style=\"text-align: center;\"><span style=\"font-size:1.75em;\"><span style=\"color:#ffffff;\">\u092e\u0940 \u0906\u092f\u0902\u0921\u093e\u092c\u0930\u094b\u092c\u0930 \u0935\u093e\u091a\u0924\u0947<\/span><\/span><\/p>\n"},"subContentId":"bb08e97d-bef7-4a5e-bda8-a71c987a742e","metadata":{"contentType":"Text","license":"U","title":"Untitled Text"}},"alwaysDisplayComments":false,"backgroundOpacity":0,"willDoAnimation":false,"animationType":"glow","displayAsButton":false,"buttonSize":"big","goToSlideType":"specified","invisible":false,"solution":""},{"x":51.470588235294116,"y":18.181818181818183,"width":19.669117647058822,"height":40,"action":{"library":"H5P.Image 1.1","params":{"contentName":"Image"},"subContentId":"ddf13478-e161-4112-8a17-e3ead96ac164","metadata":{"contentType":"Image","license":"U","title":"Untitled Image"}},"backgroundOpacity":0,"willDoAnimation":true,"animationType":"glow","displayAsButton":false,"buttonSize":"big","goToSlideType":"specified","invisible":false,"id":"img87fe34bb-4662-4fd8-ab09-757c67c6d803_0"},{"x":25.735294117647058,"y":18.232945454545455,"width":17.830882352941174,"height":40,"action":{"library":"H5P.Image 1.1","params":{"contentName":"Image"},"subContentId":"84576ad8-069e-4b6a-9805-bced0073995d","metadata":{"contentType":"Image","license":"U","title":"Untitled Image"}},"backgroundOpacity":0,"willDoAnimation":true,"animationType":"glow","displayAsButton":false,"buttonSize":"big","goToSlideType":"specified","invisible":false,"id":"img87fe34bb-4662-4fd8-ab09-757c67c6d803_2"},{"x":20.220588235294116,"y":50.90909090909091,"width":17.830882352941174,"height":28.363636363636363,"action":{"library":"H5P.Image 1.1","params":{"contentName":"Image"},"subContentId":"2e8b7668-1319-43e5-a10c-37cef0c7c2c5","metadata":{"contentType":"Image","license":"U","title":"Untitled Image"}},"backgroundOpacity":0,"willDoAnimation":true,"animationType":"glow","displayAsButton":false,"buttonSize":"big","goToSlideType":"specified","invisible":false,"id":"img87fe34bb-4662-4fd8-ab09-757c67c6d803_2"},{"x":64.33823529411764,"y":47.27272727272727,"width":15.992647058823529,"height":27.272727272727273,"action":{"library":"H5P.Image 1.1","params":{"contentName":"Image"},"subContentId":"5c798294-4ada-4f44-b05c-32f0ad009033","metadata":{"contentType":"Image","license":"U","title":"Untitled Image"}},"backgroundOpacity":0,"willDoAnimation":true,"animationType":"glow","displayAsButton":false,"buttonSize":"big","goToSlideType":"specified","invisible":false,"id":"img87fe34bb-4662-4fd8-ab09-757c67c6d803_2"},{"x":47.000103485838785,"y":44.00026681929878,"width":40,"height":40,"action":{"library":"H5P.CRAudio 1.4","params":{"fitToWrapper":true,"currIndex":12,"playerMode":"minimalistic","controls":true,"autoplay":true,"playAudio":"Play audio","pauseAudio":"Pause audio","contentName":"Audio","glowColor":"#ffd85a","timeStampForEachText":[{"text":" \u092e\u0940 ","startDuration":"0.0881","endDuration":"0.3700","wordfile":[{"path":"audios\/wordfile-673c59d6ce086.wav","mime":"audio\/x-wav","copyright":{"license":"U"}}]},{"text":" \u0906\u092f\u0902\u0921\u093e\u092c\u0930\u094b\u092c\u0930 ","startDuration":"0.3734","endDuration":"1.2787","wordfile":[{"path":"audios\/wordfile-673c59e59fc7a.wav","mime":"audio\/x-wav","copyright":{"license":"U"}}]},{"text":" \u0935\u093e\u091a\u0924\u0947 ","startDuration":"1.2788","endDuration":"2.0551","wordfile":[{"path":"audios\/wordfile-673c59f34ec14.wav","mime":"audio\/x-wav","copyright":{"license":"U"}}]}],"files":[{"path":"audios\/files-673c59c638997.wav","mime":"audio\/x-wav","copyright":{"license":"U"}}]},"subContentId":"18cfe504-6e61-4c9b-8f5a-5b8dc47ab1f0","metadata":{"contentType":"Curious Reader Audio","license":"U","title":"Untitled Curious Reader Audio"}},"backgroundOpacity":0,"willDoAnimation":false,"animationType":"glow","displayAsButton":false,"buttonSize":"big","goToSlideType":"specified","invisible":false}],"slideBackgroundSelector":{}},{"elements":[{"x":0,"y":81.18081180811808,"width":95.66326530612245,"height":17.632241813602015,"action":{"library":"H5P.CRAdvancedText 1.1","params":{"text":"<p style=\"text-align: center;\"><span style=\"color:#ffffff;\"><span style=\"font-size:1.75em;\">\u092f\u0947, \u092e\u093f\u0924\u094d\u0930\u093e, \u0924\u0941\u0932\u093e \u0915\u093e\u092f \u0906\u0935\u0921\u0924\u0947?<\/span><\/span><\/p>\n"},"subContentId":"561dd707-289b-446f-bb31-a8d898b0b627","metadata":{"contentType":"Text","license":"U","title":"Untitled Text"}},"alwaysDisplayComments":false,"backgroundOpacity":0,"willDoAnimation":false,"animationType":"glow","displayAsButton":false,"buttonSize":"big","goToSlideType":"specified","invisible":false,"solution":""},{"x":29.336734693877553,"y":4.295894206549118,"width":42.474489795918366,"height":73.29974811083123,"action":{"library":"H5P.Image 1.1","params":{"contentName":"Image","file":{"path":"images\/file-618ebd51e59a0.jpg","mime":"image\/jpeg","copyright":{"license":"U"},"width":273,"height":273},"alt":"Woza, mngane, yini oyithandayo?","title":"Woza, mngane, yini oyithandayo?"},"subContentId":"a94f03fd-3ce4-4a62-9d49-2af4710dd854","metadata":{"contentType":"Image","license":"U","title":"Untitled Image"}},"backgroundOpacity":0,"willDoAnimation":false,"animationType":"glow","displayAsButton":false,"buttonSize":"big","goToSlideType":"specified","invisible":false},{"x":47.000103485838785,"y":44.00026681929878,"width":40,"height":40,"action":{"library":"H5P.CRAudio 1.4","params":{"fitToWrapper":true,"currIndex":13,"playerMode":"minimalistic","controls":true,"autoplay":true,"playAudio":"Play audio","pauseAudio":"Pause audio","contentName":"Audio","glowColor":"#ffd85a","timeStampForEachText":[{"text":" \u092f\u0947, ","startDuration":"0.0000","endDuration":"0.4424","wordfile":[{"path":"audios\/wordfile-673dd22c96df7.wav","mime":"audio\/x-wav","copyright":{"license":"U"}}]},{"text":" \u092e\u093f\u0924\u094d\u0930\u093e, ","startDuration":"0.4434","endDuration":"0.7812","wordfile":[{"path":"audios\/wordfile-673dd241e0e32.wav","mime":"audio\/x-wav","copyright":{"license":"U"}}]},{"text":" \u0924\u0941\u0932\u093e ","startDuration":"1.0475","endDuration":"1.3521","wordfile":[{"path":"audios\/wordfile-673dd2558088e.wav","mime":"audio\/x-wav","copyright":{"license":"U"}}]},{"text":" \u0915\u093e\u092f ","startDuration":"1.3522","endDuration":"1.6296","wordfile":[{"path":"audios\/wordfile-673dd28655746.wav","mime":"audio\/x-wav","copyright":{"license":"U"}}]},{"text":" \u0906\u0935\u0921\u0924\u0947? ","startDuration":"1.6297","endDuration":"2.1112","wordfile":[{"path":"audios\/wordfile-673dd2a836ea1.wav","mime":"audio\/x-wav","copyright":{"license":"U"}}]}],"files":[{"path":"audios\/files-673dd20712aaa.wav","mime":"audio\/x-wav","copyright":{"license":"U"}}]},"subContentId":"a1787328-3c13-4b3c-97ab-37bafca3420e","metadata":{"contentType":"Curious Reader Audio","license":"U","title":"Untitled Curious Reader Audio"}},"backgroundOpacity":0,"willDoAnimation":false,"animationType":"glow","displayAsButton":false,"buttonSize":"big","goToSlideType":"specified","invisible":false}],"slideBackgroundSelector":{}},{"elements":[{"x":0,"y":79.50453400503777,"width":100,"height":18.89168765743073,"action":{"library":"H5P.CRAdvancedText 1.1","params":{"text":"<p style=\"text-align: center;\"><span style=\"font-size:1.75em;\"><span style=\"color:#ffffff;\">\u092f\u093e, \u0906\u092e\u091a\u094d\u092f\u093e\u092c\u0930\u094b\u092c\u0930 \u092b\u0941\u091f\u092c\u0949\u0932 \u0916\u0947\u0933.<\/span><\/span><\/p>\n"},"subContentId":"8bdf48c8-d31b-4d24-90c4-3a81da7d5874","metadata":{"contentType":"Text","license":"U","title":"Untitled Text"}},"alwaysDisplayComments":false,"backgroundOpacity":0,"willDoAnimation":false,"animationType":"glow","displayAsButton":false,"buttonSize":"big","goToSlideType":"specified","invisible":false,"solution":""},{"x":27.314795918367345,"y":5.035818639798489,"width":42.474489795918366,"height":71.53652392947103,"action":{"library":"H5P.Image 1.1","params":{"contentName":"Image","file":{"path":"images\/file-618ebe5e14981.jpg","mime":"image\/jpeg","copyright":{"license":"U"},"width":273,"height":273},"alt":"Woza, udlale ibhola nathi.","title":"Woza, udlale ibhola nathi."},"subContentId":"90899643-cef7-4587-a9f3-53dc5f203480","metadata":{"contentType":"Image","license":"U","title":"Untitled Image"}},"backgroundOpacity":0,"willDoAnimation":false,"animationType":"glow","displayAsButton":false,"buttonSize":"big","goToSlideType":"specified","invisible":false},{"x":29.411764705882355,"y":3.6420363636363633,"width":40.0735294117647,"height":60.72727272727273,"action":{"library":"H5P.Image 1.1","params":{"contentName":"Image"},"subContentId":"10c74b47-4f60-4143-a17f-e59a6fe9750d","metadata":{"contentType":"Image","license":"U","title":"Untitled Image"}},"backgroundOpacity":0,"willDoAnimation":true,"animationType":"glow","displayAsButton":false,"buttonSize":"big","goToSlideType":"specified","invisible":false,"id":"img5d51130e-947c-4fbe-a3e7-01cc7f64af22_1"},{"x":44.11764705882353,"y":25.454545454545453,"width":14.705882352941176,"height":21.09090909090909,"action":{"library":"H5P.Image 1.1","params":{"contentName":"Image"},"subContentId":"3c340e7d-1af1-488d-85ea-4d9a0a677b15","metadata":{"contentType":"Image","license":"U","title":"Untitled Image"}},"backgroundOpacity":0,"willDoAnimation":true,"animationType":"glow","displayAsButton":false,"buttonSize":"big","goToSlideType":"specified","invisible":false,"id":"img5d51130e-947c-4fbe-a3e7-01cc7f64af22_2"},{"x":47.000103485838785,"y":44.00026681929878,"width":40,"height":40,"action":{"library":"H5P.CRAudio 1.4","params":{"fitToWrapper":true,"currIndex":14,"playerMode":"minimalistic","controls":true,"autoplay":true,"playAudio":"Play audio","pauseAudio":"Pause audio","contentName":"Audio","glowColor":"#ffd85a","timeStampForEachText":[{"text":" \u092f\u093e, ","startDuration":"0.0895","endDuration":"0.5571","wordfile":[{"path":"audios\/wordfile-673c5a902a7d6.wav","mime":"audio\/x-wav","copyright":{"license":"U"}}]},{"text":" \u0906\u092e\u091a\u094d\u092f\u093e\u092c\u0930\u094b\u092c\u0930 ","startDuration":"0.5572","endDuration":"1.1421","wordfile":[{"path":"audios\/wordfile-673c5a9f3561c.wav","mime":"audio\/x-wav","copyright":{"license":"U"}}]},{"text":" \u092b\u0941\u091f\u092c\u0949\u0932 ","startDuration":"1.1422","endDuration":"1.5951","wordfile":[{"path":"audios\/wordfile-673c5aae2d5f0.wav","mime":"audio\/x-wav","copyright":{"license":"U"}}]},{"text":" \u0916\u0947\u0933. ","startDuration":"1.5952","endDuration":"1.9138","wordfile":[{"path":"audios\/wordfile-673c5abea20cd.wav","mime":"audio\/x-wav","copyright":{"license":"U"}}]}],"files":[{"path":"audios\/files-673c5a7f257ce.wav","mime":"audio\/x-wav","copyright":{"license":"U"}}]},"subContentId":"b6819c42-83e2-462f-9b19-c6e2b5f828dc","metadata":{"contentType":"Curious Reader Audio","license":"U","title":"Untitled Curious Reader Audio"}},"backgroundOpacity":0,"willDoAnimation":false,"animationType":"glow","displayAsButton":false,"buttonSize":"big","goToSlideType":"specified","invisible":false}],"slideBackgroundSelector":{}},{"elements":[{"x":10.893246187363834,"y":83.91897300391192,"width":79.41176470588235,"height":15.636363636363637,"action":{"library":"H5P.CRAdvancedText 1.1","params":{"text":"<p style=\"text-align:center;\"><span style=\"font-size:1.75em;color:hsl(0,0%,100%);\"><strong>\u092f\u093e, \u0906\u092e\u091a\u094d\u092f\u093e\u092c\u0930\u094b\u092c\u0930 \u092a\u094b\u0939\u0942<\/strong><\/span><\/p>"},"subContentId":"0f7ae9c5-38f6-4b56-b0a4-f60475428cdf","metadata":{"contentType":"Text","license":"U","title":"Untitled Text"}},"alwaysDisplayComments":false,"backgroundOpacity":0,"willDoAnimation":false,"animationType":"glow","displayAsButton":false,"buttonSize":"big","goToSlideType":"specified","invisible":false,"solution":""},{"x":28.061224489795915,"y":6.4566246851385385,"width":43.494897959183675,"height":73.04785894206549,"action":{"library":"H5P.Image 1.1","params":{"contentName":"Image","file":{"path":"images\/file-618ebfb3bf920.jpg","mime":"image\/jpeg","copyright":{"license":"U"},"width":273,"height":273},"alt":"Woza, ubhukude nathi.","title":"Woza, ubhukude nathi."},"subContentId":"7d166ac6-5c43-46d0-9e03-6441fbe0e622","metadata":{"contentType":"Image","license":"U","title":"Untitled Image"}},"backgroundOpacity":0,"willDoAnimation":false,"animationType":"glow","displayAsButton":false,"buttonSize":"big","goToSlideType":"specified","invisible":false},{"x":29.41176470588235,"y":10.909090909090908,"width":40.0735294117647,"height":55.63636363636363,"action":{"library":"H5P.Image 1.1","params":{"contentName":"Image"},"subContentId":"d8f00fcc-251f-4be8-8505-7694014357f4","metadata":{"contentType":"Image","license":"U","title":"Untitled Image"}},"backgroundOpacity":0,"willDoAnimation":true,"animationType":"glow","displayAsButton":false,"buttonSize":"big","goToSlideType":"specified","invisible":false,"id":"imge7ae4d74-650b-4966-abb3-616a92b9d2b9_1"},{"x":29.411764705882355,"y":10.93749090909091,"width":40.0735294117647,"height":57.09090909090909,"action":{"library":"H5P.Image 1.1","params":{"contentName":"Image"},"subContentId":"437448b6-a506-4570-aad6-5f5fe1d77e75","metadata":{"contentType":"Image","license":"U","title":"Untitled Image"}},"backgroundOpacity":0,"willDoAnimation":true,"animationType":"glow","displayAsButton":false,"buttonSize":"big","goToSlideType":"specified","invisible":false,"id":"imge7ae4d74-650b-4966-abb3-616a92b9d2b9_2"},{"x":47.000103485838785,"y":44.00026681929878,"width":40,"height":40,"action":{"library":"H5P.CRAudio 1.4","params":{"fitToWrapper":true,"currIndex":15,"playerMode":"minimalistic","controls":true,"autoplay":true,"playAudio":"Play audio","pauseAudio":"Pause audio","contentName":"Audio","glowColor":"#ffd85a","timeStampForEachText":[{"text":" \u092f\u093e, ","startDuration":"0.0000","endDuration":"0.4259","wordfile":[{"path":"audios\/wordfile-6749b3c7c35f7.wav","mime":"audio\/x-wav","copyright":{"license":"U"}}]},{"text":" \u0906\u092e\u091a\u094d\u092f\u093e\u092c\u0930\u094b\u092c\u0930 ","startDuration":"0.8041","endDuration":"1.6072","wordfile":[{"path":"audios\/wordfile-6749b3e9b894f.wav","mime":"audio\/x-wav","copyright":{"license":"U"}}]},{"text":" \u092a\u094b\u0939\u0942 ","startDuration":"1.6082","endDuration":"2.0725","wordfile":[{"path":"audios\/wordfile-6749b3f924a7e.wav","mime":"audio\/x-wav","copyright":{"license":"U"}}]}],"files":[{"path":"audios\/files-6749b3b981ff5.wav","mime":"audio\/x-wav","copyright":{"license":"U"}}]},"subContentId":"a48824c8-a629-4b29-a4d6-160fdb7f4f91","metadata":{"contentType":"Curious Reader Audio","license":"U","title":"Untitled Curious Reader Audio"}},"backgroundOpacity":0,"willDoAnimation":false,"animationType":"glow","displayAsButton":false,"buttonSize":"big","goToSlideType":"specified","invisible":false}],"slideBackgroundSelector":{}},{"elements":[{"x":51.02040816326531,"y":15.113350125944583,"width":42.483660130719,"height":75.772592493771,"action":{"library":"H5P.Image 1.1","params":{"contentName":"Image","file":{"path":"images\/file-618ecf61254ef.jpg","mime":"image\/jpeg","copyright":{"license":"U"},"width":273,"height":273},"alt":"Woza, uzodlala umacashelana nathi.","title":"Woza, uzodlala umacashelana nathi."},"subContentId":"b3bbd262-e926-4513-ae5d-6426653a8687","metadata":{"contentType":"Image","license":"U","title":"Untitled Image"}},"backgroundOpacity":0,"willDoAnimation":false,"animationType":"glow","displayAsButton":false,"buttonSize":"big","goToSlideType":"specified","invisible":false},{"x":3.8258272058823533,"y":40.41490909090909,"width":45.955882352941174,"height":50.54545454545455,"action":{"library":"H5P.CRAdvancedText 1.1","params":{"text":"<p style=\"text-align: center;\"><span style=\"font-size:1.75em;\"><span style=\"color:#ffffff;\">\u092f\u093e, \u0906\u092e\u091a\u094d\u092f\u093e\u092c\u0930\u094b\u092c\u0930 \u0932\u092a\u093e\u091b\u092a\u0940 \u0916\u0947\u0933\u093e.<\/span><\/span><\/p>\n"},"subContentId":"2f66b069-73bc-4244-a662-95291edb4cfd","metadata":{"contentType":"Text","license":"U","title":"Untitled Text"}},"alwaysDisplayComments":false,"backgroundOpacity":0,"willDoAnimation":false,"animationType":"glow","displayAsButton":false,"buttonSize":"big","goToSlideType":"specified","invisible":false,"solution":""},{"x":55.147058823529406,"y":10.909090909090908,"width":38.05147058823529,"height":71.63636363636364,"action":{"library":"H5P.Image 1.1","params":{"contentName":"Image"},"subContentId":"7bd4c264-1d08-4be3-9387-eed9bcfbeae1","metadata":{"contentType":"Image","license":"U","title":"Untitled Image"}},"backgroundOpacity":0,"willDoAnimation":true,"animationType":"glow","displayAsButton":false,"buttonSize":"big","goToSlideType":"specified","invisible":false,"id":"imgbc6dd2b8-fc7f-416f-828f-a520e4fe9a23_1"},{"x":56.98529411764706,"y":10.909090909090908,"width":33.8235294117647,"height":68.72727272727273,"action":{"library":"H5P.Image 1.1","params":{"contentName":"Image"},"subContentId":"74088f4e-252f-4ef3-ac25-8cd972741a63","metadata":{"contentType":"Image","license":"U","title":"Untitled Image"}},"backgroundOpacity":0,"willDoAnimation":true,"animationType":"glow","displayAsButton":false,"buttonSize":"big","goToSlideType":"specified","invisible":false,"id":"imgbc6dd2b8-fc7f-416f-828f-a520e4fe9a23_2"},{"x":47.000103485838785,"y":44.00026681929878,"width":40,"height":40,"action":{"library":"H5P.CRAudio 1.4","params":{"fitToWrapper":true,"currIndex":16,"playerMode":"minimalistic","controls":true,"autoplay":true,"playAudio":"Play audio","pauseAudio":"Pause audio","contentName":"Audio","glowColor":"#ffd85a","timeStampForEachText":[{"text":" \u092f\u093e, ","startDuration":"0.0000","endDuration":"0.4936","wordfile":[{"path":"audios\/wordfile-673c5b666d8af.wav","mime":"audio\/x-wav","copyright":{"license":"U"}}]},{"text":" \u0906\u092e\u091a\u094d\u092f\u093e\u092c\u0930\u094b\u092c\u0930 ","startDuration":"0.4946","endDuration":"1.3644","wordfile":[{"path":"audios\/wordfile-673c5b74ddee1.wav","mime":"audio\/x-wav","copyright":{"license":"U"}}]},{"text":" \u0932\u092a\u093e\u091b\u092a\u0940 ","startDuration":"1.3645","endDuration":"2.0234","wordfile":[{"path":"audios\/wordfile-673c5b8507ba4.wav","mime":"audio\/x-wav","copyright":{"license":"U"}}]},{"text":" \u0916\u0947\u0933\u093e. ","startDuration":"2.0235","endDuration":"2.4544","wordfile":[{"path":"audios\/wordfile-673c5b9480bc9.wav","mime":"audio\/x-wav","copyright":{"license":"U"}}]}],"files":[{"path":"audios\/files-673c5b533ea6f.wav","mime":"audio\/x-wav","copyright":{"license":"U"}}]},"subContentId":"0c085f1f-38a1-4790-9148-41045cd6f957","metadata":{"contentType":"Curious Reader Audio","license":"U","title":"Untitled Curious Reader Audio"}},"backgroundOpacity":0,"willDoAnimation":false,"animationType":"glow","displayAsButton":false,"buttonSize":"big","goToSlideType":"specified","invisible":false}],"slideBackgroundSelector":{}},{"elements":[{"x":12.755102040816327,"y":80.60453400503778,"width":73.9795918367347,"height":17.12846347607053,"action":{"library":"H5P.CRAdvancedText 1.1","params":{"text":"<p style=\"text-align: center;\"><span style=\"font-size:1.75em;\"><span style=\"color:#ffffff;\">\u092f\u093e, \u0906\u092e\u091a\u094d\u092f\u093e\u092c\u0930\u094b\u092c\u0930 \u0935\u093e\u091a\u093e<\/span><\/span><\/p>\n"},"subContentId":"c2f3f53b-4ef2-41bf-8273-468816eeee27","metadata":{"contentType":"Text","license":"U","title":"Untitled Text"}},"alwaysDisplayComments":false,"backgroundOpacity":0,"willDoAnimation":false,"animationType":"glow","displayAsButton":false,"buttonSize":"big","goToSlideType":"specified","invisible":false,"solution":""},{"x":30.357142857142858,"y":5.541561712846347,"width":38.392857142857146,"height":73.04785894206549,"action":{"library":"H5P.Image 1.1","params":{"contentName":"Image","file":{"path":"images\/file-618ec1d1dba5b.jpg","mime":"image\/jpeg","copyright":{"license":"U"},"width":273,"height":273},"alt":"Woza, ufunde kanye nathi.","title":"Woza, ufunde kanye nathi."},"subContentId":"006c0f7a-5773-4f46-bf82-5931c01adc2f","metadata":{"contentType":"Image","license":"U","title":"Untitled Image"}},"backgroundOpacity":0,"willDoAnimation":false,"animationType":"glow","displayAsButton":false,"buttonSize":"big","goToSlideType":"specified","invisible":false},{"x":29.41176470588235,"y":18.181818181818183,"width":40,"height":40,"action":{"library":"H5P.Image 1.1","params":{"contentName":"Image"},"subContentId":"9140371d-7b86-49e8-b68f-383f70a265f7","metadata":{"contentType":"Image","license":"U","title":"Untitled Image"}},"backgroundOpacity":0,"willDoAnimation":true,"animationType":"glow","displayAsButton":false,"buttonSize":"big","goToSlideType":"specified","invisible":false,"id":"imga087b245-c546-4e67-9363-088e04d995c2_1"},{"x":29.41176470588235,"y":32.72727272727273,"width":14.15441176470588,"height":19.636363636363637,"action":{"library":"H5P.Image 1.1","params":{"contentName":"Image"},"subContentId":"8a0d9e30-3569-4ff1-b102-e79424b3db81","metadata":{"contentType":"Image","license":"U","title":"Untitled Image"}},"backgroundOpacity":0,"willDoAnimation":true,"animationType":"glow","displayAsButton":false,"buttonSize":"big","goToSlideType":"specified","invisible":false,"id":"imga087b245-c546-4e67-9363-088e04d995c2_2"},{"x":53.30882352941176,"y":32.81818181818182,"width":12.499999999999998,"height":20.727272727272727,"action":{"library":"H5P.Image 1.1","params":{"contentName":"Image"},"subContentId":"395e60fd-1ed2-41ac-afac-b0ebcbffc38e","metadata":{"contentType":"Image","license":"U","title":"Untitled Image"}},"backgroundOpacity":0,"willDoAnimation":true,"animationType":"glow","displayAsButton":false,"buttonSize":"big","goToSlideType":"specified","invisible":false,"id":"imga087b245-c546-4e67-9363-088e04d995c2_2"},{"x":42.27941176470588,"y":32.72727272727273,"width":12.316176470588234,"height":18.181818181818183,"action":{"library":"H5P.Image 1.1","params":{"contentName":"Image"},"subContentId":"b2ff2bea-5506-4f55-b5d4-23dd893620ba","metadata":{"contentType":"Image","license":"U","title":"Untitled Image"}},"backgroundOpacity":0,"willDoAnimation":true,"animationType":"glow","displayAsButton":false,"buttonSize":"big","goToSlideType":"specified","invisible":false,"id":"imga087b245-c546-4e67-9363-088e04d995c2_2"},{"x":47.000103485838785,"y":44.00026681929878,"width":40,"height":40,"action":{"library":"H5P.CRAudio 1.4","params":{"fitToWrapper":true,"currIndex":17,"playerMode":"minimalistic","controls":true,"autoplay":true,"playAudio":"Play audio","pauseAudio":"Pause audio","contentName":"Audio","glowColor":"#ffd85a","timeStampForEachText":[{"text":" \u092f\u093e, ","startDuration":"0.0000","endDuration":"0.5946","wordfile":[{"path":"audios\/wordfile-673c5bca0c3a4.wav","mime":"audio\/x-wav","copyright":{"license":"U"}}]},{"text":" \u0906\u092e\u091a\u094d\u092f\u093e\u092c\u0930\u094b\u092c\u0930 ","startDuration":"0.8998","endDuration":"1.7273","wordfile":[{"path":"audios\/wordfile-673c5bda57708.wav","mime":"audio\/x-wav","copyright":{"license":"U"}}]},{"text":" \u0935\u093e\u091a\u093e ","startDuration":"1.7274","endDuration":"2.3357","wordfile":[{"path":"audios\/wordfile-673c5be9adb28.wav","mime":"audio\/x-wav","copyright":{"license":"U"}}]}],"files":[{"path":"audios\/files-673c5bb5f1325.wav","mime":"audio\/x-wav","copyright":{"license":"U"}}]},"subContentId":"d7789207-df30-46d7-9e40-3ca24f85c606","metadata":{"contentType":"Curious Reader Audio","license":"U","title":"Untitled Curious Reader Audio"}},"backgroundOpacity":0,"willDoAnimation":false,"animationType":"glow","displayAsButton":false,"buttonSize":"big","goToSlideType":"specified","invisible":false}],"slideBackgroundSelector":{}},{"elements":[{"x":1.8382352941176472,"y":27.795454545454547,"width":44.11764705882353,"height":60.36363636363637,"action":{"library":"H5P.CRAdvancedText 1.1","params":{"text":"<p style=\"text-align: center;\"><span style=\"font-size:1.75em;\"><span style=\"color:#ffffff;\">\u0906\u092e\u094d\u0939\u093e\u0932\u093e \u092e\u093f\u0924\u094d\u0930\u093e\u0902\u0938\u094b\u092c\u0924 \u092e\u091c\u093e \u0915\u0930\u093e\u092f\u0932\u093e \u0906\u0935\u0921\u0924\u0947<\/span><\/span><\/p>\n"},"subContentId":"6515099d-443d-4e39-a9ae-78a04ed14f9a","metadata":{"contentType":"Text","license":"U","title":"Untitled Text"}},"alwaysDisplayComments":false,"backgroundOpacity":0,"willDoAnimation":false,"animationType":"glow","displayAsButton":false,"buttonSize":"big","goToSlideType":"specified","invisible":false,"solution":""},{"x":48.46938775510204,"y":15.113350125944583,"width":44.753086419753,"height":79.256935743964,"action":{"library":"H5P.Image 1.1","params":{"contentName":"Image","alt":"Sithanda ukuzijabulisa nabangani.","title":"Sithanda ukuzijabulisa nabangani.","file":{"path":"images\/file-618ec2e9676e8.jpg","mime":"image\/jpeg","copyright":{"license":"U"},"width":273,"height":273}},"subContentId":"d306951b-d37a-48f0-b520-d8cb6bed7af9","metadata":{"contentType":"Image","license":"U","title":"Untitled Image"}},"backgroundOpacity":0,"willDoAnimation":false,"animationType":"glow","displayAsButton":false,"buttonSize":"big","goToSlideType":"specified","invisible":false},{"x":47.794117647058826,"y":18.232945454545455,"width":15.992647058823529,"height":40,"action":{"library":"H5P.Image 1.1","params":{"contentName":"Image"},"subContentId":"7d1d4bb9-853e-4651-bb64-cf41d80bc2a3","metadata":{"contentType":"Image","license":"U","title":"Untitled Image"}},"backgroundOpacity":0,"willDoAnimation":true,"animationType":"glow","displayAsButton":false,"buttonSize":"big","goToSlideType":"specified","invisible":false,"id":"img2deda1a4-eb84-43ab-9da8-4841db2a381d_1"},{"x":73.52941176470588,"y":14.545454545454545,"width":18.566176470588236,"height":40,"action":{"library":"H5P.Image 1.1","params":{"contentName":"Image"},"subContentId":"4b4d18bb-d5c1-489e-bd8a-4677fea9b3c3","metadata":{"contentType":"Image","license":"U","title":"Untitled Image"}},"backgroundOpacity":0,"willDoAnimation":true,"animationType":"glow","displayAsButton":false,"buttonSize":"big","goToSlideType":"specified","invisible":false,"id":"img2deda1a4-eb84-43ab-9da8-4841db2a381d_1"},{"x":47.794117647058826,"y":14.625018181818184,"width":45.40441176470588,"height":53.45454545454545,"action":{"library":"H5P.Image 1.1","params":{"contentName":"Image"},"subContentId":"b3964d6b-57b3-4175-beae-1b09642a7a6f","metadata":{"contentType":"Image","license":"U","title":"Untitled Image"}},"backgroundOpacity":0,"willDoAnimation":true,"animationType":"glow","displayAsButton":false,"buttonSize":"big","goToSlideType":"specified","invisible":false,"id":"img2deda1a4-eb84-43ab-9da8-4841db2a381d_2"},{"x":47.000103485838785,"y":44.00026681929878,"width":40,"height":40,"action":{"library":"H5P.CRAudio 1.4","params":{"fitToWrapper":true,"currIndex":18,"playerMode":"minimalistic","controls":true,"autoplay":true,"playAudio":"Play audio","pauseAudio":"Pause audio","contentName":"Audio","glowColor":"#ffd85a","timeStampForEachText":[{"text":" \u0906\u092e\u094d\u0939\u093e\u0932\u093e ","startDuration":"0.1378","endDuration":"0.6071","wordfile":[{"path":"audios\/wordfile-673c5c1bc73ec.wav","mime":"audio\/x-wav","copyright":{"license":"U"}}]},{"text":" \u092e\u093f\u0924\u094d\u0930\u093e\u0902\u0938\u094b\u092c\u0924 ","startDuration":"0.6072","endDuration":"1.3779","wordfile":[{"path":"audios\/wordfile-673c5c2b5b98e.wav","mime":"audio\/x-wav","copyright":{"license":"U"}}]},{"text":" \u092e\u091c\u093e ","startDuration":"1.3780","endDuration":"1.7945","wordfile":[{"path":"audios\/wordfile-673c5c3980427.wav","mime":"audio\/x-wav","copyright":{"license":"U"}}]},{"text":" \u0915\u0930\u093e\u092f\u0932\u093e ","startDuration":"1.7946","endDuration":"2.2373","wordfile":[{"path":"audios\/wordfile-673c5c4790872.wav","mime":"audio\/x-wav","copyright":{"license":"U"}}]},{"text":" \u0906\u0935\u0921\u0924\u0947 ","startDuration":"2.2374","endDuration":"2.7293","wordfile":[{"path":"audios\/wordfile-673c5c568621c.wav","mime":"audio\/x-wav","copyright":{"license":"U"}}]}],"files":[{"path":"audios\/files-673c5c0beecc3.wav","mime":"audio\/x-wav","copyright":{"license":"U"}}]},"subContentId":"c01ecdf1-b9ab-4ed1-99da-8010ef8b2753","metadata":{"contentType":"Curious Reader Audio","license":"U","title":"Untitled Curious Reader Audio"}},"backgroundOpacity":0,"willDoAnimation":false,"animationType":"glow","displayAsButton":false,"buttonSize":"big","goToSlideType":"specified","invisible":false}],"slideBackgroundSelector":{}},{"elements":[{"x":4.62962962962963,"y":11.415525114155251,"width":23.148148148148145,"height":15.981735159817353,"action":{"library":"H5P.Image 1.1","params":{"contentName":"Image","file":{"path":"images\/file-61faf81aea46b.png","mime":"image\/png","copyright":{"license":"U"},"width":1350,"height":487}},"metadata":{"contentType":"Image","license":"U","title":"Untitled Image"},"subContentId":"45750f56-188e-4f60-af42-6d631b2d556f"},"backgroundOpacity":0,"willDoAnimation":false,"animationType":"glow","displayAsButton":false,"buttonSize":"big","goToSlideType":"specified","invisible":false},{"x":37.03703703703704,"y":10.752688172043008,"width":28.124999999999996,"height":13.698630136986301,"action":{"library":"H5P.Image 1.1","params":{"contentName":"Image","file":{"path":"images\/file-61f9b09eb5330.png","mime":"image\/png","copyright":{"license":"U"},"width":814,"height":202}},"metadata":{"contentType":"Image","license":"U","title":"Untitled Image"},"subContentId":"cc2ecdc6-9393-428c-907b-f89bde66f5e3"},"backgroundOpacity":0,"willDoAnimation":false,"animationType":"glow","displayAsButton":false,"buttonSize":"big","goToSlideType":"specified","invisible":false},{"x":69.71677559912854,"y":6.451612903225806,"width":23.148148148148145,"height":23.28767123287671,"action":{"library":"H5P.Image 1.1","params":{"contentName":"Image","file":{"path":"images\/file-61f9b3987a86d.jpg","mime":"image\/jpeg","copyright":{"license":"U"},"width":306,"height":148}},"metadata":{"contentType":"Image","license":"U","title":"Untitled Image"},"subContentId":"523bfe62-f871-4d0d-a7d3-8902a69232f4"},"backgroundOpacity":0,"willDoAnimation":false,"animationType":"glow","displayAsButton":false,"buttonSize":"big","goToSlideType":"specified","invisible":false},{"x":17.429193899782135,"y":36.51548387096774,"width":65.359477124183,"height":56.98924731182795,"action":{"library":"H5P.CRAdvancedText 1.1","params":{"text":"<h3 style=\"text-align: center;\"><span style=\"font-size:1.125em;\"><strong>\"<\/strong><\/span>\u0938\u0935\u0902\u0917\u0921\u0940<span style=\"font-size:1.125em;\"><strong>\" credits<\/strong><\/span><\/h3>\n\n<h3 style=\"text-align: center;\"><span style=\"font-size:1em;\">This work, \"<\/span>\u0938\u0935\u0902\u0917\u0921\u0940<span style=\"font-size:1em;\">\", is a derivative of \"Friends\" by Zimbili Dlamini and Hlengiwe Zondi, used under CC BY. \"Abangani\" is licensed under CC BY 4.0 by Curious Learning.<\/span><\/h3>\n\n<h3 style=\"text-align: center;\"><br>\n<span style=\"font-size:1em;\">Book builder - Abraham Jerry Kakooza<\/span><\/h3>\n\n<p style=\"text-align: center;\">&nbsp;<\/p>\n"},"metadata":{"contentType":"Text","license":"U","title":"Untitled Text"},"subContentId":"01353513-0203-46a7-a7f4-bb1d8f346485"},"alwaysDisplayComments":false,"backgroundOpacity":0,"willDoAnimation":false,"animationType":"glow","displayAsButton":false,"buttonSize":"big","goToSlideType":"specified","invisible":false,"solution":""}],"slideBackgroundSelector":{}}],"keywordListEnabled":true,"globalBackgroundSelector":{"fillGlobalBackground":"#b7f5da"},"keywordListAlwaysShow":false,"keywordListAutoHide":false,"keywordListOpacity":90},"override":{"activeSurface":false,"hideSummarySlide":false,"summarySlideSolutionButton":true,"summarySlideRetryButton":true,"enablePrintButton":false,"social":{"showFacebookShare":false,"facebookShare":{"url":"@currentpageurl","quote":"I scored @score out of @maxScore on a task at @currentpageurl."},"showTwitterShare":false,"twitterShare":{"statement":"I scored @score out of @maxScore on a task at @currentpageurl.","url":"@currentpageurl","hashtags":"h5p, course"},"showGoogleShare":false,"googleShareUrl":"@currentpageurl"}},"l10n":{"slide":"Slide","score":"Score","yourScore":"Your Score","maxScore":"Max Score","total":"Total","totalScore":"Total Score","showSolutions":"Show solutions","retry":"Retry","exportAnswers":"Export text","hideKeywords":"Hide sidebar navigation menu","showKeywords":"Show sidebar navigation menu","fullscreen":"Fullscreen","exitFullscreen":"Exit fullscreen","prevSlide":"Previous slide","nextSlide":"Next slide","currentSlide":"Current slide","lastSlide":"Last slide","solutionModeTitle":"Exit solution mode","solutionModeText":"Solution Mode","summaryMultipleTaskText":"Multiple tasks","scoreMessage":"You achieved:","shareFacebook":"Share on Facebook","shareTwitter":"Share on Twitter","shareGoogle":"Share on Google+","summary":"Summary","solutionsButtonTitle":"Show comments","printTitle":"Print","printIngress":"How would you like to print this presentation?","printAllSlides":"Print all slides","printCurrentSlide":"Print current slide","noTitle":"No title","accessibilitySlideNavigationExplanation":"Use left and right arrow to change slide in that direction whenever canvas is selected.","accessibilityCanvasLabel":"Presentation canvas. Use left and right arrow to move between slides.","containsNotCompleted":"@slideName contains not completed interaction","containsCompleted":"@slideName contains completed interaction","slideCount":"Slide @index of @total","containsOnlyCorrect":"@slideName only has correct answers","containsIncorrectAnswers":"@slideName has incorrect answers","shareResult":"Share Result","accessibilityTotalScore":"You got @score of @maxScore points in total","accessibilityEnteredFullscreen":"Entered fullscreen","accessibilityExitedFullscreen":"Exited fullscreen"}}