{"presentation":{"slides":[{"slideBackgroundSelector":{},"elements":[{"x":4.934210526315789,"y":6.497894682122992,"width":90.84424342105262,"height":87.71832926131934,"action":{"library":"H5P.Image 1.1","params":{"contentName":"Image","file":{"path":"images\/file-670e13547d9db.gif","mime":"image\/gif","copyright":{"license":"U"},"width":1280,"height":720}},"subContentId":"96fd199c-333a-4556-926a-56d8b2cf0a22","metadata":{"contentType":"Image","license":"U","title":"Untitled Image"}},"backgroundOpacity":0,"willDoAnimation":false,"animationType":"glow","displayAsButton":false,"buttonSize":"big","goToSlideType":"specified","invisible":false},{"x":36.18421052631579,"y":9.746842023184488,"width":39.99967105263158,"height":16.24135780007278,"action":{"library":"H5P.CRAdvancedText 1.1","params":{"text":"<p><span style=\"font-size:1.5em;color:hsl(0, 0%, 100%);\"><strong>\u1295\u12d1.... \u1295\u12d1!!<\/strong><\/span><\/p>"},"subContentId":"9bfc1475-cda0-4947-adb7-cdf9657df608","metadata":{"contentType":"Text","license":"U","title":"Untitled Text"}},"alwaysDisplayComments":false,"backgroundOpacity":0,"willDoAnimation":false,"animationType":"glow","displayAsButton":false,"buttonSize":"big","goToSlideType":"specified","invisible":false,"solution":""}]},{"elements":[{"x":3.289473684210526,"y":6.497894682122992,"width":94.13898026315789,"height":87.71832926131934,"action":{"library":"H5P.Image 1.1","params":{"contentName":"Image","file":{"path":"images\/file-670e1390a8bc2.gif","mime":"image\/gif","copyright":{"license":"U"},"width":1280,"height":720}},"subContentId":"f7b47b0e-6a4f-49ad-8400-fdfcfceef02a","metadata":{"contentType":"Image","license":"U","title":"Untitled Image"}},"backgroundOpacity":0,"willDoAnimation":false,"animationType":"glow","displayAsButton":false,"buttonSize":"big","goToSlideType":"specified","invisible":false},{"x":29.605263157894733,"y":6.487757966418882,"width":47.69572368421053,"height":39.99941518947861,"action":{"library":"H5P.CRAdvancedText 1.1","params":{"text":"<p><span style=\"font-size:1.5em;color:hsl(0, 0%, 100%);\"><strong>\u1218\u1210\u12d9\u1275 \u12a2\u1293\u1361\u1361 \u1309\u12d5\u12de \u1295\u1348\u1271 \u12a2\u1293\u1361\u1361 \u1295\u12d2\u1363 \u1295\u12d2 \u12f5\u1219\u1361\u1361 \u1210\u1262\u122d\u1293 \u1295\u12ba\u12f5\u1361\u1361<\/strong><\/span><\/p>"},"subContentId":"4708a7c8-adc7-47c5-bffa-57eb56875692","metadata":{"contentType":"Text","license":"U","title":"Untitled Text"}},"alwaysDisplayComments":false,"backgroundOpacity":0,"willDoAnimation":false,"animationType":"glow","displayAsButton":false,"buttonSize":"big","goToSlideType":"specified","invisible":false,"solution":""},{"x":47.00006578947369,"y":44.0012898320944,"width":40,"height":40,"action":{"library":"H5P.CRAudio 1.4","params":{"fitToWrapper":true,"currIndex":1,"playerMode":"minimalistic","controls":true,"autoplay":true,"playAudio":"Play audio","pauseAudio":"Pause audio","contentName":"Audio","glowColor":"#ffd85a","timeStampForEachText":[{"text":" \u1218\u1210\u12d9\u1275 ","startDuration":"0.0000","endDuration":"0.4409","wordfile":[{"path":"audios\/wordfile-66fa350050e06.wav","mime":"audio\/x-wav","copyright":{"license":"U"}}]},{"text":" \u12a2\u1293\u1361\u1361 ","startDuration":"0.4409","endDuration":"1.0579","wordfile":[{"path":"audios\/wordfile-66fa351493342.wav","mime":"audio\/x-wav","copyright":{"license":"U"}}]},{"text":" \u1309\u12d5\u12de ","startDuration":"1.0579","endDuration":"1.4896","wordfile":[{"path":"audios\/wordfile-66fa356789a6a.wav","mime":"audio\/x-wav","copyright":{"license":"U"}}]},{"text":" \u1295\u1348\u1271 ","startDuration":"1.4906","endDuration":"1.8667","wordfile":[{"path":"audios\/wordfile-66fa358abbde6.wav","mime":"audio\/x-wav","copyright":{"license":"U"}}]},{"text":" \u12a2\u1293\u1361\u1361 ","startDuration":"1.8677","endDuration":"2.6145","wordfile":[{"path":"audios\/wordfile-66fa3599124a1.wav","mime":"audio\/x-wav","copyright":{"license":"U"}}]},{"text":" \u1295\u12d2\u1363 ","startDuration":"2.6155","endDuration":"3.0945","wordfile":[{"path":"audios\/wordfile-66fa35aeae2ac.wav","mime":"audio\/x-wav","copyright":{"license":"U"}}]},{"text":" \u1295\u12d2 ","startDuration":"3.0945","endDuration":"3.5447","wordfile":[{"path":"audios\/wordfile-66fa35e3d959a.wav","mime":"audio\/x-wav","copyright":{"license":"U"}}]},{"text":" \u12f5\u1219\u1361\u1361 ","startDuration":"3.5447","endDuration":"4.1061","wordfile":[{"path":"audios\/wordfile-66fa360982d81.wav","mime":"audio\/x-wav","copyright":{"license":"U"}}]},{"text":" \u1210\u1262\u122d\u1293 ","startDuration":"4.1071","endDuration":"4.7149","wordfile":[{"path":"audios\/wordfile-66fa362f71944.wav","mime":"audio\/x-wav","copyright":{"license":"U"}}]},{"text":" \u1295\u12ba\u12f5\u1361\u1361 ","startDuration":"4.7159","endDuration":"5.2526","wordfile":[{"path":"audios\/wordfile-66fa36443474c.wav","mime":"audio\/x-wav","copyright":{"license":"U"}}]}],"files":[{"path":"audios\/files-66fa34f04eb3f.wav","mime":"audio\/x-wav","copyright":{"license":"U"}}]},"subContentId":"8166b921-575a-453c-9c32-bfb75f312c67","metadata":{"contentType":"Curious Reader Audio","license":"U","title":"Untitled Curious Reader Audio"}},"backgroundOpacity":0,"willDoAnimation":false,"animationType":"glow","displayAsButton":false,"buttonSize":"big","goToSlideType":"specified","invisible":false}],"slideBackgroundSelector":{}},{"elements":[{"x":3.289473684210526,"y":6.497894682122992,"width":94.13898026315789,"height":88.46266309715654,"action":{"library":"H5P.Image 1.1","params":{"contentName":"Image","file":{"path":"images\/file-6711fc678541a.png","mime":"image\/png","copyright":{"license":"U"},"width":1273,"height":720}},"subContentId":"914b0e5c-5890-49e0-8e93-720aecb9add2","metadata":{"contentType":"Image","license":"U","title":"Untitled Image"}},"backgroundOpacity":0,"willDoAnimation":false,"animationType":"glow","displayAsButton":false,"buttonSize":"big","goToSlideType":"specified","invisible":false},{"x":23.026315789473685,"y":6.497894682122992,"width":44.40625,"height":39.99941518947861,"action":{"library":"H5P.CRAdvancedText 1.1","params":{"text":"<p><span style=\"font-size:1.5em;color:hsl(0, 0%, 100%);\"><strong>\u1218\u1210\u12d9\u1275 \u12a2\u1293\u1361\u1361 \u1309\u12d5\u12de \u1295\u1348\u1271 \u12a2\u1293\u1361\u1361 \u1295\u12d2\u1363 \u1295\u12d2 \u1312\u1313\u1361\u1361 \u1210\u1262\u122d\u1293 \u1295\u12ba\u12f5\u1361\u1361<\/strong><\/span><\/p>"},"subContentId":"d310b375-2642-41ef-b151-70f923375e94","metadata":{"contentType":"Text","license":"U","title":"Untitled Text"}},"alwaysDisplayComments":false,"backgroundOpacity":0,"willDoAnimation":false,"animationType":"glow","displayAsButton":false,"buttonSize":"big","goToSlideType":"specified","invisible":false,"solution":""},{"x":47.00006578947369,"y":44.0012898320944,"width":40,"height":40,"action":{"library":"H5P.CRAudio 1.4","params":{"fitToWrapper":true,"currIndex":2,"playerMode":"minimalistic","controls":true,"autoplay":true,"playAudio":"Play audio","pauseAudio":"Pause audio","contentName":"Audio","glowColor":"#ffd85a","timeStampForEachText":[{"text":" \u1218\u1210\u12d9\u1275 ","startDuration":"0.0000","endDuration":"0.4816","wordfile":[{"path":"audios\/wordfile-66fa36aa4b87b.wav","mime":"audio\/x-wav","copyright":{"license":"U"}}]},{"text":" \u12a2\u1293\u1361\u1361 ","startDuration":"0.4816","endDuration":"1.1039","wordfile":[{"path":"audios\/wordfile-66fa36bd37a4a.wav","mime":"audio\/x-wav","copyright":{"license":"U"}}]},{"text":" \u1309\u12d5\u12de ","startDuration":"1.1039","endDuration":"1.4728","wordfile":[{"path":"audios\/wordfile-66fa36cd5d523.wav","mime":"audio\/x-wav","copyright":{"license":"U"}}]},{"text":" \u1295\u1348\u1271 ","startDuration":"1.4738","endDuration":"1.9272","wordfile":[{"path":"audios\/wordfile-66fa371bccba0.wav","mime":"audio\/x-wav","copyright":{"license":"U"}}]},{"text":" \u12a2\u1293\u1361\u1361 ","startDuration":"1.9282","endDuration":"2.7101","wordfile":[{"path":"audios\/wordfile-66fa372e1a4d9.wav","mime":"audio\/x-wav","copyright":{"license":"U"}}]},{"text":" \u1295\u12d2\u1363 ","startDuration":"2.7111","endDuration":"3.2302","wordfile":[{"path":"audios\/wordfile-66fa37403fa5f.wav","mime":"audio\/x-wav","copyright":{"license":"U"}}]},{"text":" \u1295\u12d2 ","startDuration":"3.1937","endDuration":"3.4875","wordfile":[{"path":"audios\/wordfile-66fa3764e53d0.wav","mime":"audio\/x-wav","copyright":{"license":"U"}}]},{"text":" \u1312\u1313\u1361\u1361 ","startDuration":"3.4885","endDuration":"4.0827","wordfile":[{"path":"audios\/wordfile-66fa37793085f.wav","mime":"audio\/x-wav","copyright":{"license":"U"}}]},{"text":" \u1210\u1262\u122d\u1293 ","startDuration":"4.0837","endDuration":"4.8187","wordfile":[{"path":"audios\/wordfile-66fa378d4ccb9.wav","mime":"audio\/x-wav","copyright":{"license":"U"}}]},{"text":" \u1295\u12ba\u12f5\u1361\u1361 ","startDuration":"4.8197","endDuration":"5.3214","wordfile":[{"path":"audios\/wordfile-66fa379fa9888.wav","mime":"audio\/x-wav","copyright":{"license":"U"}}]}],"files":[{"path":"audios\/files-66fa3694af0f0.wav","mime":"audio\/x-wav","copyright":{"license":"U"}}]},"subContentId":"2bc477c3-312c-4d2c-945a-9f1f8e0b514d","metadata":{"contentType":"Curious Reader Audio","license":"U","title":"Untitled Curious Reader Audio"}},"backgroundOpacity":0,"willDoAnimation":false,"animationType":"glow","displayAsButton":false,"buttonSize":"big","goToSlideType":"specified","invisible":false},{"x":49.34210526315789,"y":22.739252482195766,"width":23.55230263157895,"height":18.183968394240267,"action":{"library":"H5P.Image 1.1","params":{"contentName":"Image"},"subContentId":"fa35a36b-643f-4fbd-9a4c-2cc27df0eada","metadata":{"contentType":"Image","license":"U","title":"Untitled Image"}},"backgroundOpacity":0,"willDoAnimation":true,"animationType":"glow","displayAsButton":false,"buttonSize":"big","goToSlideType":"specified","invisible":false,"id":"img2bc477c3-312c-4d2c-945a-9f1f8e0b514d_7"}],"slideBackgroundSelector":{}},{"elements":[{"x":4.934210526315789,"y":6.497894682122992,"width":92.10361842105263,"height":87.70793262982795,"action":{"library":"H5P.Image 1.1","params":{"contentName":"Image","file":{"path":"images\/file-66f3d48ae4414.jpg","mime":"image\/jpeg","copyright":{"license":"U"},"width":1280,"height":720}},"subContentId":"ee5f80fd-11e5-4ce4-ac03-5af7f80b1408","metadata":{"contentType":"Image","license":"U","title":"Untitled Image"}},"backgroundOpacity":0,"willDoAnimation":false,"animationType":"glow","displayAsButton":false,"buttonSize":"big","goToSlideType":"specified","invisible":false},{"x":31.25,"y":6.491136871653584,"width":47.69572368421053,"height":39.99941518947861,"action":{"library":"H5P.CRAdvancedText 1.1","params":{"text":"<p><span style=\"font-size:1.5em;color:hsl(0, 0%, 100%);\"><strong>\u1218\u1210\u12d9\u1275 \u12a2\u1293\u1361\u1361 \u1309\u12d5\u12de \u1295\u1348\u1271 \u12a2\u1293\u1361\u1361 \u1295\u12d2\u1363 \u1295\u12d2 \u1205\u1260\u12ed\u1361\u1361 \u1210\u1262\u122d\u1293 \u1295\u12ba\u12f5\u1361\u1361<\/strong><\/span><\/p>"},"subContentId":"704df101-5379-4186-ac91-0aa406e1d13a","metadata":{"contentType":"Text","license":"U","title":"Untitled Text"}},"alwaysDisplayComments":false,"backgroundOpacity":0,"willDoAnimation":false,"animationType":"glow","displayAsButton":false,"buttonSize":"big","goToSlideType":"specified","invisible":false,"solution":""},{"x":47.00006578947369,"y":44.0012898320944,"width":40,"height":40,"action":{"library":"H5P.CRAudio 1.4","params":{"fitToWrapper":true,"currIndex":3,"playerMode":"minimalistic","controls":true,"autoplay":true,"playAudio":"Play audio","pauseAudio":"Pause audio","contentName":"Audio","glowColor":"#ffd85a","timeStampForEachText":[{"text":" \u1218\u1210\u12d9\u1275 ","startDuration":"0.0000","endDuration":"0.5282","wordfile":[{"path":"audios\/wordfile-66fa380bec26f.wav","mime":"audio\/x-wav","copyright":{"license":"U"}}]},{"text":" \u12a2\u1293\u1361\u1361 ","startDuration":"0.5282","endDuration":"1.0564","wordfile":[{"path":"audios\/wordfile-66fa383225eda.wav","mime":"audio\/x-wav","copyright":{"license":"U"}}]},{"text":" \u1309\u12d5\u12de ","startDuration":"1.0574","endDuration":"1.6044","wordfile":[{"path":"audios\/wordfile-66fa384c3b397.wav","mime":"audio\/x-wav","copyright":{"license":"U"}}]},{"text":" \u1295\u1348\u1271 ","startDuration":"1.6054","endDuration":"1.9367","wordfile":[{"path":"audios\/wordfile-66fa386084a5f.wav","mime":"audio\/x-wav","copyright":{"license":"U"}}]},{"text":" \u12a2\u1293\u1361\u1361 ","startDuration":"1.9377","endDuration":"2.6628","wordfile":[{"path":"audios\/wordfile-66fa386f41f97.wav","mime":"audio\/x-wav","copyright":{"license":"U"}}]},{"text":" \u1295\u12d2\u1363 ","startDuration":"2.6826","endDuration":"3.1826","wordfile":[{"path":"audios\/wordfile-66fa3892781e7.wav","mime":"audio\/x-wav","copyright":{"license":"U"}}]},{"text":" \u1295\u12d2 ","startDuration":"3.1836","endDuration":"3.5430","wordfile":[{"path":"audios\/wordfile-66fa38a34574c.wav","mime":"audio\/x-wav","copyright":{"license":"U"}}]},{"text":" \u1205\u1260\u12ed\u1361\u1361 ","startDuration":"3.5440","endDuration":"4.2598","wordfile":[{"path":"audios\/wordfile-66fa38b7bdb6b.wav","mime":"audio\/x-wav","copyright":{"license":"U"}}]},{"text":" \u1210\u1262\u122d\u1293 ","startDuration":"4.2045","endDuration":"4.8359","wordfile":[{"path":"audios\/wordfile-66fa38cf9a933.wav","mime":"audio\/x-wav","copyright":{"license":"U"}}]},{"text":" \u1295\u12ba\u12f5\u1361\u1361 ","startDuration":"4.8369","endDuration":"5.3170","wordfile":[{"path":"audios\/wordfile-66fa38e74aae3.wav","mime":"audio\/x-wav","copyright":{"license":"U"}}]}],"files":[{"path":"audios\/files-66fa37e76befe.wav","mime":"audio\/x-wav","copyright":{"license":"U"}}]},"subContentId":"536826ae-e6a4-439f-99c0-a6294de7826a","metadata":{"contentType":"Curious Reader Audio","license":"U","title":"Untitled Curious Reader Audio"}},"backgroundOpacity":0,"willDoAnimation":false,"animationType":"glow","displayAsButton":false,"buttonSize":"big","goToSlideType":"specified","invisible":false},{"x":70.72368421052632,"y":45.47519103810366,"width":19.077302631578945,"height":39.99941518947861,"action":{"library":"H5P.Image 1.1","params":{"contentName":"Image"},"subContentId":"c2a6426d-86ab-4aa9-854d-4fe418f2d0b5","metadata":{"contentType":"Image","license":"U","title":"Untitled Image"}},"backgroundOpacity":0,"willDoAnimation":true,"animationType":"glow","displayAsButton":false,"buttonSize":"big","goToSlideType":"specified","invisible":false,"id":"img536826ae-e6a4-439f-99c0-a6294de7826a_7"}],"slideBackgroundSelector":{}},{"elements":[{"x":6.578947368421052,"y":6.497894682122992,"width":92.10361842105263,"height":87.70793262982795,"action":{"library":"H5P.Image 1.1","params":{"contentName":"Image","file":{"path":"images\/file-66f3d4a510695.jpg","mime":"image\/jpeg","copyright":{"license":"U"},"width":1280,"height":720}},"subContentId":"ee5f80fd-11e5-4ce4-ac03-5af7f80b1408","metadata":{"contentType":"Image","license":"U","title":"Untitled Image"}},"backgroundOpacity":0,"willDoAnimation":false,"animationType":"glow","displayAsButton":false,"buttonSize":"big","goToSlideType":"specified","invisible":false},{"x":31.25,"y":6.497894682122992,"width":46.05098684210527,"height":39.99941518947861,"action":{"library":"H5P.CRAdvancedText 1.1","params":{"text":"<p><span style=\"font-size:1.5em;color:hsl(0, 0%, 100%);\"><strong>\u1218\u1210\u12d9\u1275 \u12a2\u1293\u1361\u1361 \u1309\u12d5\u12de \u1295\u1348\u1271 \u12a2\u1293\u1361\u1361 \u1293\u12d3\u1363 \u1293\u12d3 \u12a8\u120d\u1262\u1361\u1361 \u1210\u1262\u122d\u1293 \u1295\u12ba\u12f5\u1361\u1361<\/strong><\/span><\/p><p><br>&nbsp;<\/p>"},"subContentId":"3aad69aa-0460-480a-8205-e889ddc1c4bb","metadata":{"contentType":"Text","license":"U","title":"Untitled Text"}},"alwaysDisplayComments":false,"backgroundOpacity":0,"willDoAnimation":false,"animationType":"glow","displayAsButton":false,"buttonSize":"big","goToSlideType":"specified","invisible":false,"solution":""},{"x":47.00006578947369,"y":44.0012898320944,"width":40,"height":40,"action":{"library":"H5P.CRAudio 1.4","params":{"fitToWrapper":true,"currIndex":4,"playerMode":"minimalistic","controls":true,"autoplay":true,"playAudio":"Play audio","pauseAudio":"Pause audio","contentName":"Audio","glowColor":"#ffd85a","timeStampForEachText":[{"text":" \u1218\u1210\u12d9\u1275 ","startDuration":"0.0000","endDuration":"0.4905","wordfile":[{"path":"audios\/wordfile-66fa3a55e95b9.wav","mime":"audio\/x-wav","copyright":{"license":"U"}}]},{"text":" \u12a2\u1293\u1361\u1361 ","startDuration":"0.5009","endDuration":"1.1038","wordfile":[{"path":"audios\/wordfile-66fa3a7031d33.wav","mime":"audio\/x-wav","copyright":{"license":"U"}}]},{"text":" \u1309\u12d5\u12de ","startDuration":"1.1048","endDuration":"1.5109","wordfile":[{"path":"audios\/wordfile-66fa3b686ec2a.wav","mime":"audio\/x-wav","copyright":{"license":"U"}}]},{"text":" \u1295\u1348\u1271 ","startDuration":"1.5119","endDuration":"1.9274","wordfile":[{"path":"audios\/wordfile-66fa3b8348f96.wav","mime":"audio\/x-wav","copyright":{"license":"U"}}]},{"text":" \u12a2\u1293\u1361\u1361 ","startDuration":"1.9284","endDuration":"2.6344","wordfile":[{"path":"audios\/wordfile-66fa3b9caa14c.wav","mime":"audio\/x-wav","copyright":{"license":"U"}}]},{"text":" \u1293\u12d3\u1363 ","startDuration":"2.6354","endDuration":"3.1633","wordfile":[{"path":"audios\/wordfile-66fa3bbe0f86e.wav","mime":"audio\/x-wav","copyright":{"license":"U"}}]},{"text":" \u1293\u12d3 ","startDuration":"3.1643","endDuration":"3.4861","wordfile":[{"path":"audios\/wordfile-66fa3bd9d49f3.wav","mime":"audio\/x-wav","copyright":{"license":"U"}}]},{"text":" \u12a8\u120d\u1262\u1361\u1361 ","startDuration":"3.4871","endDuration":"4.0994","wordfile":[{"path":"audios\/wordfile-66fa3bf23921b.wav","mime":"audio\/x-wav","copyright":{"license":"U"}}]},{"text":" \u1210\u1262\u122d\u1293 ","startDuration":"4.1004","endDuration":"4.8064","wordfile":[{"path":"audios\/wordfile-66fa3c0c9cc55.wav","mime":"audio\/x-wav","copyright":{"license":"U"}}]},{"text":" \u1295\u12ba\u12f5\u1361\u1361 ","startDuration":"4.8074","endDuration":"5.3125","wordfile":[{"path":"audios\/wordfile-66fa3c1dcd4db.wav","mime":"audio\/x-wav","copyright":{"license":"U"}}]}],"files":[{"path":"audios\/files-66fa3a3b01af0.wav","mime":"audio\/x-wav","copyright":{"license":"U"}}]},"subContentId":"d97f9ee5-a9c9-4cdc-a8dc-d6ad8f020b4b","metadata":{"contentType":"Curious Reader Audio","license":"U","title":"Untitled Curious Reader Audio"}},"backgroundOpacity":0,"willDoAnimation":false,"animationType":"glow","displayAsButton":false,"buttonSize":"big","goToSlideType":"specified","invisible":false},{"x":75.6578947368421,"y":38.980545303321726,"width":20.26282894736842,"height":39.99941518947861,"action":{"library":"H5P.Image 1.1","params":{"contentName":"Image"},"subContentId":"20efee93-56ea-4a13-aa97-01d57a4533a8","metadata":{"contentType":"Image","license":"U","title":"Untitled Image"}},"backgroundOpacity":0,"willDoAnimation":true,"animationType":"glow","displayAsButton":false,"buttonSize":"big","goToSlideType":"specified","invisible":false,"id":"imgd97f9ee5-a9c9-4cdc-a8dc-d6ad8f020b4b_7"}],"slideBackgroundSelector":{}},{"elements":[{"x":4.934210526315789,"y":6.497894682122992,"width":92.10361842105263,"height":87.70793262982795,"action":{"library":"H5P.Image 1.1","params":{"contentName":"Image","file":{"path":"images\/file-66f3d4c23c73c.jpg","mime":"image\/jpeg","copyright":{"license":"U"},"width":1280,"height":720}},"subContentId":"ee5f80fd-11e5-4ce4-ac03-5af7f80b1408","metadata":{"contentType":"Image","license":"U","title":"Untitled Image"}},"backgroundOpacity":0,"willDoAnimation":false,"animationType":"glow","displayAsButton":false,"buttonSize":"big","goToSlideType":"specified","invisible":false},{"x":29.605263157894736,"y":6.497894682122992,"width":47.69572368421053,"height":39.99941518947861,"action":{"library":"H5P.CRAdvancedText 1.1","params":{"text":"<p><span style=\"font-size:1.5em;color:hsl(0, 0%, 100%);\"><strong>\u1218\u1210\u12d9\u1275 \u12a2\u1293\u1361\u1361 \u1309\u12d5\u12de \u1295\u1348\u1271 \u12a2\u1293\u1361\u1361 \u1295\u12d2\u1363 \u1295\u12d2 \u120b\u1215\u121a\u1361\u1361 \u1210\u1262\u122d\u1293 \u1295\u12ba\u12f5\u1361\u1361<\/strong><\/span><\/p>"},"subContentId":"55c04e99-64ef-481f-9028-7a7468049423","metadata":{"contentType":"Text","license":"U","title":"Untitled Text"}},"alwaysDisplayComments":false,"backgroundOpacity":0,"willDoAnimation":false,"animationType":"glow","displayAsButton":false,"buttonSize":"big","goToSlideType":"specified","invisible":false,"solution":""},{"x":47.00006578947369,"y":44.0012898320944,"width":40,"height":40,"action":{"library":"H5P.CRAudio 1.4","params":{"fitToWrapper":true,"currIndex":5,"playerMode":"minimalistic","controls":true,"autoplay":true,"playAudio":"Play audio","pauseAudio":"Pause audio","contentName":"Audio","glowColor":"#ffd85a","timeStampForEachText":[{"text":" \u1218\u1210\u12d9\u1275 ","startDuration":"0.0000","endDuration":"0.5183","wordfile":[{"path":"audios\/wordfile-66fa3c98873c7.wav","mime":"audio\/x-wav","copyright":{"license":"U"}}]},{"text":" \u12a2\u1293\u1361\u1361 ","startDuration":"0.5183","endDuration":"1.0834","wordfile":[{"path":"audios\/wordfile-66fa3d278355b.wav","mime":"audio\/x-wav","copyright":{"license":"U"}}]},{"text":" \u1309\u12d5\u12de ","startDuration":"1.0844","endDuration":"1.7338","wordfile":[{"path":"audios\/wordfile-66fa3d4a4476e.wav","mime":"audio\/x-wav","copyright":{"license":"U"}}]},{"text":" \u1295\u1348\u1271 ","startDuration":"1.6786","endDuration":"2.0284","wordfile":[{"path":"audios\/wordfile-66fa3d6f6a323.wav","mime":"audio\/x-wav","copyright":{"license":"U"}}]},{"text":" \u12a2\u1293\u1361\u1361 ","startDuration":"2.0294","endDuration":"2.7256","wordfile":[{"path":"audios\/wordfile-66fa3d81ec271.wav","mime":"audio\/x-wav","copyright":{"license":"U"}}]},{"text":" \u1295\u12d2\u1363 ","startDuration":"2.7266","endDuration":"3.1513","wordfile":[{"path":"audios\/wordfile-66fa3d979b11f.wav","mime":"audio\/x-wav","copyright":{"license":"U"}}]},{"text":" \u1295\u12d2 ","startDuration":"3.1523","endDuration":"3.5395","wordfile":[{"path":"audios\/wordfile-66fa3da8a6a2b.wav","mime":"audio\/x-wav","copyright":{"license":"U"}}]},{"text":" \u120b\u1215\u121a\u1361\u1361 ","startDuration":"3.5405","endDuration":"4.1524","wordfile":[{"path":"audios\/wordfile-66fa3dbab1aa3.wav","mime":"audio\/x-wav","copyright":{"license":"U"}}]},{"text":" \u1210\u1262\u122d\u1293 ","startDuration":"4.1534","endDuration":"4.7372","wordfile":[{"path":"audios\/wordfile-66fa3dcdb737b.wav","mime":"audio\/x-wav","copyright":{"license":"U"}}]},{"text":" \u1295\u12ba\u12f5\u1361\u1361 ","startDuration":"4.7382","endDuration":"5.3080","wordfile":[{"path":"audios\/wordfile-66fa3de1de0fc.wav","mime":"audio\/x-wav","copyright":{"license":"U"}}]}],"files":[{"path":"audios\/files-66fa3c8329f43.wav","mime":"audio\/x-wav","copyright":{"license":"U"}}]},"subContentId":"e00f4e0b-9480-48b7-895c-348df4109014","metadata":{"contentType":"Curious Reader Audio","license":"U","title":"Untitled Curious Reader Audio"}},"backgroundOpacity":0,"willDoAnimation":false,"animationType":"glow","displayAsButton":false,"buttonSize":"big","goToSlideType":"specified","invisible":false},{"x":54.276315789473685,"y":32.48947341061496,"width":40,"height":40,"action":{"library":"H5P.Image 1.1","params":{"contentName":"Image"},"subContentId":"9eeaa71a-9527-463b-99c0-8c9d28b1c70c","metadata":{"contentType":"Image","license":"U","title":"Untitled Image"}},"backgroundOpacity":0,"willDoAnimation":true,"animationType":"glow","displayAsButton":false,"buttonSize":"big","goToSlideType":"specified","invisible":false,"id":"imge00f4e0b-9480-48b7-895c-348df4109014_7"}],"slideBackgroundSelector":{}},{"elements":[{"x":4.934210526315789,"y":6.497894682122992,"width":92.10361842105263,"height":87.70793262982795,"action":{"library":"H5P.Image 1.1","params":{"contentName":"Image","file":{"path":"images\/file-66f3d5154174a.jpg","mime":"image\/jpeg","copyright":{"license":"U"},"width":1280,"height":720}},"subContentId":"ee5f80fd-11e5-4ce4-ac03-5af7f80b1408","metadata":{"contentType":"Image","license":"U","title":"Untitled Image"}},"backgroundOpacity":0,"willDoAnimation":false,"animationType":"glow","displayAsButton":false,"buttonSize":"big","goToSlideType":"specified","invisible":false},{"x":31.25,"y":6.491136871653584,"width":47.69572368421053,"height":39.99941518947861,"action":{"library":"H5P.CRAdvancedText 1.1","params":{"text":"<p><span style=\"font-size:1.5em;color:hsl(0, 0%, 100%);\"><strong>\u1218\u1210\u12d9\u1275 \u12a2\u1293\u1361\u1361 \u1309\u12d5\u12de \u1295\u1348\u1271 \u12a2\u1293\u1361\u1361 \u1293\u12d3\u1363 \u1293\u12d3 \u12a3\u1295\u1260\u1233\u1361\u1361 \u1210\u1262\u122d\u1293 \u1295\u12ba\u12f5\u1361\u1361<\/strong><\/span><\/p>"},"subContentId":"6cc668fa-5cfe-4d63-9e54-cb1b2e9a9189","metadata":{"contentType":"Text","license":"U","title":"Untitled Text"}},"alwaysDisplayComments":false,"backgroundOpacity":0,"willDoAnimation":false,"animationType":"glow","displayAsButton":false,"buttonSize":"big","goToSlideType":"specified","invisible":false,"solution":""},{"x":47.00006578947369,"y":44.0012898320944,"width":40,"height":40,"action":{"library":"H5P.CRAudio 1.4","params":{"fitToWrapper":true,"currIndex":6,"playerMode":"minimalistic","controls":true,"autoplay":true,"playAudio":"Play audio","pauseAudio":"Pause audio","contentName":"Audio","glowColor":"#ffd85a","timeStampForEachText":[{"text":" \u1218\u1210\u12d9\u1275 ","startDuration":"0.0000","endDuration":"0.4863","wordfile":[{"path":"audios\/wordfile-66fa3f6f06669.wav","mime":"audio\/x-wav","copyright":{"license":"U"}}]},{"text":" \u12a2\u1293\u1361\u1361 ","startDuration":"0.4863","endDuration":"1.0012","wordfile":[{"path":"audios\/wordfile-66fa3f8120efb.wav","mime":"audio\/x-wav","copyright":{"license":"U"}}]},{"text":" \u1309\u12d5\u12de ","startDuration":"1.0203","endDuration":"1.6497","wordfile":[{"path":"audios\/wordfile-66fa3f90452d8.wav","mime":"audio\/x-wav","copyright":{"license":"U"}}]},{"text":" \u1295\u1348\u1271 ","startDuration":"1.6115","endDuration":"1.9642","wordfile":[{"path":"audios\/wordfile-66fa3f9ab1f01.wav","mime":"audio\/x-wav","copyright":{"license":"U"}}]},{"text":" \u12a2\u1293\u1361\u1361 ","startDuration":"1.9642","endDuration":"2.6986","wordfile":[{"path":"audios\/wordfile-66fa3fee128cb.wav","mime":"audio\/x-wav","copyright":{"license":"U"}}]},{"text":" \u1293\u12d3\u1363 ","startDuration":"2.6986","endDuration":"3.0895","wordfile":[{"path":"audios\/wordfile-66fa400facb76.wav","mime":"audio\/x-wav","copyright":{"license":"U"}}]},{"text":" \u1293\u12d3 ","startDuration":"3.0905","endDuration":"3.5386","wordfile":[{"path":"audios\/wordfile-66fa4023d1659.wav","mime":"audio\/x-wav","copyright":{"license":"U"}}]},{"text":" \u12a3\u1295\u1260\u1233\u1361\u1361 ","startDuration":"3.5396","endDuration":"4.2644","wordfile":[{"path":"audios\/wordfile-66fa40344f918.wav","mime":"audio\/x-wav","copyright":{"license":"U"}}]},{"text":" \u1210\u1262\u122d\u1293 ","startDuration":"4.2654","endDuration":"4.8185","wordfile":[{"path":"audios\/wordfile-66fa404ae0477.wav","mime":"audio\/x-wav","copyright":{"license":"U"}}]},{"text":" \u1295\u12ba\u12f5\u1361\u1361 ","startDuration":"4.8195","endDuration":"5.4107","wordfile":[{"path":"audios\/wordfile-66fa405cbd075.wav","mime":"audio\/x-wav","copyright":{"license":"U"}}]}],"files":[{"path":"audios\/files-66fa3f5edc73c.wav","mime":"audio\/x-wav","copyright":{"license":"U"}}]},"subContentId":"c2872ab6-112a-4fec-9e04-c43ff159c99a","metadata":{"contentType":"Curious Reader Audio","license":"U","title":"Untitled Curious Reader Audio"}},"backgroundOpacity":0,"willDoAnimation":false,"animationType":"glow","displayAsButton":false,"buttonSize":"big","goToSlideType":"specified","invisible":false},{"x":72.36842105263158,"y":42.22949264438323,"width":23.55230263157895,"height":39.99941518947861,"action":{"library":"H5P.Image 1.1","params":{"contentName":"Image"},"subContentId":"0b84ee51-9972-4780-9d08-0f42c179d2a0","metadata":{"contentType":"Image","license":"U","title":"Untitled Image"}},"backgroundOpacity":0,"willDoAnimation":true,"animationType":"glow","displayAsButton":false,"buttonSize":"big","goToSlideType":"specified","invisible":false,"id":"imgc2872ab6-112a-4fec-9e04-c43ff159c99a_7"}],"slideBackgroundSelector":{}},{"elements":[{"x":4.934210526315789,"y":6.497894682122992,"width":92.10361842105263,"height":87.70793262982795,"action":{"library":"H5P.Image 1.1","params":{"contentName":"Image","file":{"path":"images\/file-66f3d52d34d6a.jpg","mime":"image\/jpeg","copyright":{"license":"U"},"width":1280,"height":720}},"subContentId":"ee5f80fd-11e5-4ce4-ac03-5af7f80b1408","metadata":{"contentType":"Image","license":"U","title":"Untitled Image"}},"backgroundOpacity":0,"willDoAnimation":false,"animationType":"glow","displayAsButton":false,"buttonSize":"big","goToSlideType":"specified","invisible":false},{"x":26.31578947368421,"y":6.497894682122992,"width":49.34046052631579,"height":39.99941518947861,"action":{"library":"H5P.CRAdvancedText 1.1","params":{"text":"<p><span style=\"font-size:1.5em;color:hsl(0, 0%, 100%);\"><strong>\u1218\u1210\u12d9\u1275 \u12a2\u1293\u1361\u1361 \u1309\u12d5\u12de \u1295\u1348\u1271 \u12a2\u1293\u1361\u1361 \u1293\u12d3\u1363 \u1293\u12d3 \u1213\u122d\u121b\u12dd\u1361\u1361 \u1210\u1262\u122d\u1293 \u1295\u12ba\u12f5\u1361\u1361<\/strong><\/span><\/p><p><br>&nbsp;<\/p>"},"subContentId":"4d4862db-ca01-4163-a50c-813a27b846d8","metadata":{"contentType":"Text","license":"U","title":"Untitled Text"}},"alwaysDisplayComments":false,"backgroundOpacity":0,"willDoAnimation":false,"animationType":"glow","displayAsButton":false,"buttonSize":"big","goToSlideType":"specified","invisible":false,"solution":""},{"x":47.00006578947369,"y":44.0012898320944,"width":40,"height":40,"action":{"library":"H5P.CRAudio 1.4","params":{"fitToWrapper":true,"currIndex":7,"playerMode":"minimalistic","controls":true,"autoplay":true,"playAudio":"Play audio","pauseAudio":"Pause audio","contentName":"Audio","glowColor":"#ffd85a","timeStampForEachText":[{"text":" \u1218\u1210\u12d9\u1275 ","startDuration":"0.0000","endDuration":"0.4836","wordfile":[{"path":"audios\/wordfile-66fa419f1a6f4.wav","mime":"audio\/x-wav","copyright":{"license":"U"}}]},{"text":" \u12a2\u1293\u1361\u1361 ","startDuration":"0.4846","endDuration":"1.1442","wordfile":[{"path":"audios\/wordfile-66fa41ba74503.wav","mime":"audio\/x-wav","copyright":{"license":"U"}}]},{"text":" \u1309\u12d5\u12de ","startDuration":"1.1061","endDuration":"1.5408","wordfile":[{"path":"audios\/wordfile-66fa41d181964.wav","mime":"audio\/x-wav","copyright":{"license":"U"}}]},{"text":" \u1295\u1348\u1271 ","startDuration":"1.5418","endDuration":"2.0449","wordfile":[{"path":"audios\/wordfile-66fa41e633402.wav","mime":"audio\/x-wav","copyright":{"license":"U"}}]},{"text":" \u12a2\u1293\u1361\u1361 ","startDuration":"2.0655","endDuration":"2.6860","wordfile":[{"path":"audios\/wordfile-66fa41fc8cecc.wav","mime":"audio\/x-wav","copyright":{"license":"U"}}]},{"text":" \u1363 \u1293\u12d3 ","startDuration":"2.6870","endDuration":"3.1999","wordfile":[{"path":"audios\/wordfile-66fa424055634.wav","mime":"audio\/x-wav","copyright":{"license":"U"}}]},{"text":" \u1293\u12d3 ","startDuration":"3.2009","endDuration":"3.5867","wordfile":[{"path":"audios\/wordfile-66fa4251285e0.wav","mime":"audio\/x-wav","copyright":{"license":"U"}}]},{"text":" \u1213\u122d\u121b\u12dd\u1361\u1361 ","startDuration":"3.5877","endDuration":"4.2766","wordfile":[{"path":"audios\/wordfile-66fa4263e8f39.wav","mime":"audio\/x-wav","copyright":{"license":"U"}}]},{"text":" \u1210\u1262\u122d\u1293 ","startDuration":"4.2776","endDuration":"4.9177","wordfile":[{"path":"audios\/wordfile-66fa4279ded14.wav","mime":"audio\/x-wav","copyright":{"license":"U"}}]},{"text":" \u1295\u12ba\u12f5\u1361\u1361 ","startDuration":"4.9187","endDuration":"5.5446","wordfile":[{"path":"audios\/wordfile-66fa428fd303b.wav","mime":"audio\/x-wav","copyright":{"license":"U"}}]}],"files":[{"path":"audios\/files-66fa4194ae43b.wav","mime":"audio\/x-wav","copyright":{"license":"U"}}]},"subContentId":"f4012169-c657-48f8-9a39-c1b47528f834","metadata":{"contentType":"Curious Reader Audio","license":"U","title":"Untitled Curious Reader Audio"}},"backgroundOpacity":0,"willDoAnimation":false,"animationType":"glow","displayAsButton":false,"buttonSize":"big","goToSlideType":"specified","invisible":false},{"x":74.01315789473684,"y":12.995789364245985,"width":21.907565789473686,"height":39.99941518947861,"action":{"library":"H5P.Image 1.1","params":{"contentName":"Image"},"subContentId":"2204b258-7e35-4f6a-aeb4-33b9ea1c303b","metadata":{"contentType":"Image","license":"U","title":"Untitled Image"}},"backgroundOpacity":0,"willDoAnimation":true,"animationType":"glow","displayAsButton":false,"buttonSize":"big","goToSlideType":"specified","invisible":false,"id":"imgf4012169-c657-48f8-9a39-c1b47528f834_7"}],"slideBackgroundSelector":{}},{"elements":[{"x":4.934210526315789,"y":6.497894682122992,"width":92.10361842105263,"height":87.70793262982795,"action":{"library":"H5P.Image 1.1","params":{"contentName":"Image","file":{"path":"images\/file-66f3d5767a89b.jpg","mime":"image\/jpeg","copyright":{"license":"U"},"width":1280,"height":720}},"subContentId":"ee5f80fd-11e5-4ce4-ac03-5af7f80b1408","metadata":{"contentType":"Image","license":"U","title":"Untitled Image"}},"backgroundOpacity":0,"willDoAnimation":false,"animationType":"glow","displayAsButton":false,"buttonSize":"big","goToSlideType":"specified","invisible":false},{"x":26.31578947368421,"y":6.497894682122992,"width":52.629934210526315,"height":39.99941518947861,"action":{"library":"H5P.CRAdvancedText 1.1","params":{"text":"<p><span style=\"font-size:1.5em;color:hsl(0, 0%, 100%);\"><strong>\u1218\u1210\u12d9\u1275 \u12a2\u1293\u1361\u1361 \u1309\u12d5\u12de \u1295\u1348\u1271 \u12a2\u1293\u1361\u1361 \u1295\u12d2\u1363 \u1295\u12d2 \u132d\u1295\u1241\u122b\u12d5\u1361\u1361 \u1210\u1262\u122d\u1293 \u1295\u12ba\u12f5\u1361\u1361<\/strong><\/span><\/p>"},"subContentId":"d9fa57fa-8f9a-4ba8-9757-b54199e621f6","metadata":{"contentType":"Text","license":"U","title":"Untitled Text"}},"alwaysDisplayComments":false,"backgroundOpacity":0,"willDoAnimation":false,"animationType":"glow","displayAsButton":false,"buttonSize":"big","goToSlideType":"specified","invisible":false,"solution":""},{"x":47.00006578947369,"y":44.0012898320944,"width":40,"height":40,"action":{"library":"H5P.CRAudio 1.4","params":{"fitToWrapper":true,"currIndex":8,"playerMode":"minimalistic","controls":true,"autoplay":true,"playAudio":"Play audio","pauseAudio":"Pause audio","contentName":"Audio","glowColor":"#ffd85a","timeStampForEachText":[{"text":" \u1218\u1210\u12d9\u1275 ","startDuration":"0.0000","endDuration":"0.5149","wordfile":[{"path":"audios\/wordfile-66fa4305d249c.wav","mime":"audio\/x-wav","copyright":{"license":"U"}}]},{"text":" \u12a2\u1293\u1361\u1361 ","startDuration":"0.5149","endDuration":"1.1157","wordfile":[{"path":"audios\/wordfile-66fa43115e31b.wav","mime":"audio\/x-wav","copyright":{"license":"U"}}]},{"text":" \u1309\u12d5\u12de ","startDuration":"1.0966","endDuration":"1.6211","wordfile":[{"path":"audios\/wordfile-66fa432144e4f.wav","mime":"audio\/x-wav","copyright":{"license":"U"}}]},{"text":" \u1295\u1348\u1271 ","startDuration":"1.6211","endDuration":"1.9833","wordfile":[{"path":"audios\/wordfile-66fa435f97127.wav","mime":"audio\/x-wav","copyright":{"license":"U"}}]},{"text":" \u12a2\u1293\u1361\u1361 ","startDuration":"1.9843","endDuration":"2.6901","wordfile":[{"path":"audios\/wordfile-66fa436f72d76.wav","mime":"audio\/x-wav","copyright":{"license":"U"}}]},{"text":" \u1295\u12d2\u1363 ","startDuration":"2.6911","endDuration":"3.1392","wordfile":[{"path":"audios\/wordfile-66fa438110add.wav","mime":"audio\/x-wav","copyright":{"license":"U"}}]},{"text":" \u1295\u12d2 ","startDuration":"3.1402","endDuration":"3.5406","wordfile":[{"path":"audios\/wordfile-66fa4393b4eb2.wav","mime":"audio\/x-wav","copyright":{"license":"U"}}]},{"text":" \u132d\u1295\u1241\u122b\u12d5\u1361\u1361 ","startDuration":"3.4175","endDuration":"4.1233","wordfile":[{"path":"audios\/wordfile-66fa43b5a3cbd.wav","mime":"audio\/x-wav","copyright":{"license":"U"}}]},{"text":" \u1210\u1262\u122d\u1293 ","startDuration":"4.1243","endDuration":"4.7633","wordfile":[{"path":"audios\/wordfile-66fa43c516d37.wav","mime":"audio\/x-wav","copyright":{"license":"U"}}]},{"text":" \u1295\u12ba\u12f5\u1361\u1361 ","startDuration":"4.7643","endDuration":"5.4107","wordfile":[{"path":"audios\/wordfile-66fa43d34bde7.wav","mime":"audio\/x-wav","copyright":{"license":"U"}}]}],"files":[{"path":"audios\/files-66fa42f34f088.wav","mime":"audio\/x-wav","copyright":{"license":"U"}}]},"subContentId":"c0bdb7d3-ddb0-45e2-865c-11c6f0709e3a","metadata":{"contentType":"Curious Reader Audio","license":"U","title":"Untitled Curious Reader Audio"}},"backgroundOpacity":0,"willDoAnimation":false,"animationType":"glow","displayAsButton":false,"buttonSize":"big","goToSlideType":"specified","invisible":false},{"x":42.76315789473684,"y":22.742631387430475,"width":15.787763157894735,"height":21.42950434059365,"action":{"library":"H5P.Image 1.1","params":{"contentName":"Image"},"subContentId":"61e0de44-4761-4fe9-b30e-25f7258e73a9","metadata":{"contentType":"Image","license":"U","title":"Untitled Image"}},"backgroundOpacity":0,"willDoAnimation":true,"animationType":"glow","displayAsButton":false,"buttonSize":"big","goToSlideType":"specified","invisible":false,"id":"imgc0bdb7d3-ddb0-45e2-865c-11c6f0709e3a_7"}],"slideBackgroundSelector":{}},{"slideBackgroundSelector":{},"elements":[{"x":3.289473684210526,"y":6.497894682122992,"width":94.13898026315789,"height":87.71832926131934,"action":{"library":"H5P.Image 1.1","params":{"contentName":"Image","file":{"path":"images\/file-66f3d59c5e7dc.gif","mime":"image\/gif","copyright":{"license":"U"},"width":1280,"height":720}},"subContentId":"f1d6dfa7-9b2a-4876-b731-7fac947dcf1a","metadata":{"contentType":"Image","license":"U","title":"Untitled Image"}},"backgroundOpacity":0,"willDoAnimation":false,"animationType":"glow","displayAsButton":false,"buttonSize":"big","goToSlideType":"specified","invisible":false},{"x":42.76315789473684,"y":9.746842023184488,"width":40,"height":40,"action":{"library":"H5P.CRAdvancedText 1.1","params":{"text":"<p><span style=\"font-size:1.5em;color:hsl(0, 0%, 100%);\"><strong>\u12ce\u12ce\u12ce\u12ce\u12ce.........<\/strong><\/span><\/p>"},"subContentId":"01b7d878-b70d-4cad-aa9e-7a2eeb1d5fe4","metadata":{"contentType":"Text","license":"U","title":"Untitled Text"}},"alwaysDisplayComments":false,"backgroundOpacity":0,"willDoAnimation":false,"animationType":"glow","displayAsButton":false,"buttonSize":"big","goToSlideType":"specified","invisible":false,"solution":""},{"x":47.00006578947369,"y":44.0012898320944,"width":40,"height":40,"action":{"library":"H5P.CRAudio 1.4","params":{"fitToWrapper":true,"currIndex":9,"playerMode":"minimalistic","controls":true,"autoplay":true,"playAudio":"Play audio","pauseAudio":"Pause audio","contentName":"Audio","glowColor":"#ffd85a","timeStampForEachText":[{"text":" \u12ce\u12ce\u12ce\u12ce\u12ce......... ","startDuration":"0.0000","endDuration":"0.8794","wordfile":[{"path":"audios\/wordfile-66fa441ce7950.wav","mime":"audio\/x-wav","copyright":{"license":"U"}}]}],"files":[{"path":"audios\/files-66fa440ad438f.wav","mime":"audio\/x-wav","copyright":{"license":"U"}}]},"subContentId":"c8aa03fe-800d-4c04-9c9b-aa57856871e7","metadata":{"contentType":"Curious Reader Audio","license":"U","title":"Untitled Curious Reader Audio"}},"backgroundOpacity":0,"willDoAnimation":false,"animationType":"glow","displayAsButton":false,"buttonSize":"big","goToSlideType":"specified","invisible":false}]},{"elements":[{"x":3.289473684210526,"y":9.746842023184488,"width":92.49424342105263,"height":84.46255913084161,"action":{"library":"H5P.Image 1.1","params":{"contentName":"Image","file":{"path":"images\/file-672f0f1ab9e1d.png","mime":"image\/png","copyright":{"license":"U"},"width":1803,"height":952}},"subContentId":"bf5f8f4a-871c-47e0-9d71-656f6e5bf8da","metadata":{"contentType":"Image","license":"U","title":"Untitled Image"}},"backgroundOpacity":0,"willDoAnimation":false,"animationType":"glow","displayAsButton":false,"buttonSize":"big","goToSlideType":"specified","invisible":false}],"slideBackgroundSelector":{}}],"keywordListEnabled":true,"globalBackgroundSelector":{},"keywordListAlwaysShow":false,"keywordListAutoHide":false,"keywordListOpacity":90},"override":{"activeSurface":false,"hideSummarySlide":false,"summarySlideSolutionButton":true,"summarySlideRetryButton":true,"enablePrintButton":false,"social":{"showFacebookShare":false,"facebookShare":{"url":"@currentpageurl","quote":"I scored @score out of @maxScore on a task at @currentpageurl."},"showTwitterShare":false,"twitterShare":{"statement":"I scored @score out of @maxScore on a task at @currentpageurl.","url":"@currentpageurl","hashtags":"h5p, course"},"showGoogleShare":false,"googleShareUrl":"@currentpageurl"}},"l10n":{"slide":"Slide","score":"Score","yourScore":"Your Score","maxScore":"Max Score","total":"Total","totalScore":"Total Score","showSolutions":"Show solutions","retry":"Retry","exportAnswers":"Export text","hideKeywords":"Hide sidebar navigation menu","showKeywords":"Show sidebar navigation menu","fullscreen":"Fullscreen","exitFullscreen":"Exit fullscreen","prevSlide":"Previous slide","nextSlide":"Next slide","currentSlide":"Current slide","lastSlide":"Last slide","solutionModeTitle":"Exit solution mode","solutionModeText":"Solution Mode","summaryMultipleTaskText":"Multiple tasks","scoreMessage":"You achieved:","shareFacebook":"Share on Facebook","shareTwitter":"Share on Twitter","shareGoogle":"Share on Google+","summary":"Summary","solutionsButtonTitle":"Show comments","printTitle":"Print","printIngress":"How would you like to print this presentation?","printAllSlides":"Print all slides","printCurrentSlide":"Print current slide","noTitle":"No title","accessibilitySlideNavigationExplanation":"Use left and right arrow to change slide in that direction whenever canvas is selected.","accessibilityCanvasLabel":"Presentation canvas. Use left and right arrow to move between slides.","containsNotCompleted":"@slideName contains not completed interaction","containsCompleted":"@slideName contains completed interaction","slideCount":"Slide @index of @total","containsOnlyCorrect":"@slideName only has correct answers","containsIncorrectAnswers":"@slideName has incorrect answers","shareResult":"Share Result","accessibilityTotalScore":"You got @score of @maxScore points in total","accessibilityEnteredFullscreen":"Entered fullscreen","accessibilityExitedFullscreen":"Exited fullscreen"}}