{"presentation":{"slides":[{"elements":[{"x":30.092091836734692,"y":83.10176322418135,"width":40.816326530612244,"height":14.105793450881611,"action":{"library":"H5P.CRAdvancedText 1.1","params":{"text":"<p dir=\"ltr\" style=\"text-align: center;\"><span style=\"font-size:2.25em;\">\u0906\u0913 \u0909\u0921\u093c\u0947\u0902<\/span><\/p>\n"},"metadata":{"contentType":"Text","license":"U","title":"Untitled Text"},"subContentId":"01e0e722-7fd5-4771-8498-104cb09c4cd5"},"alwaysDisplayComments":false,"backgroundOpacity":0,"willDoAnimation":false,"animationType":"glow","displayAsButton":false,"buttonSize":"big","goToSlideType":"specified","invisible":false,"solution":""},{"x":13.874421296296296,"y":11.381278538812786,"width":69.44444444444444,"height":67.12328767123287,"action":{"library":"H5P.Image 1.1","params":{"contentName":"Image","file":{"path":"images\/file-61b0fbce652e3.jpg","mime":"image\/jpeg","copyright":{"license":"U"},"width":1024,"height":490}},"metadata":{"contentType":"Image","license":"U","title":"Untitled Image"},"subContentId":"16e13e88-9834-4bda-8e8a-bdd524ab8ec6"},"backgroundOpacity":0,"willDoAnimation":false,"animationType":"glow","displayAsButton":false,"buttonSize":"big","goToSlideType":"specified","invisible":false}],"slideBackgroundSelector":{"fillSlideBackground":"#fbfef0"}},{"elements":[{"x":3.826530612244898,"y":80.60453400503778,"width":91.83673469387756,"height":16.120906801007557,"action":{"library":"H5P.CRAdvancedText 1.1","params":{"text":"<p style=\"text-align: center;\"><span style=\"color:#ffffff;\"><span style=\"font-size:1.75em;\">\u091a\u093f\u0921\u093c\u093f\u092f\u093e\u0901 \u0909\u095c \u0938\u0915\u0924\u0940 \u0939\u0948\u0902\u0964 \u0924\u094b\u0924\u0947 \u0909\u095c \u0938\u0915\u0924\u0947 \u0939\u0948\u0902\u0964<\/span><\/span><\/p>\n"},"metadata":{"contentType":"Text","license":"U","title":"Untitled Text"},"subContentId":"bac342bb-4295-431f-ad3d-44ef0cecb2a3"},"alwaysDisplayComments":false,"backgroundOpacity":0,"willDoAnimation":false,"animationType":"glow","displayAsButton":false,"buttonSize":"big","goToSlideType":"specified","invisible":false,"solution":""},{"x":29.97448979591837,"y":9.571788413098236,"width":41.964285714285715,"height":69.0176322418136,"action":{"library":"H5P.Image 1.1","params":{"contentName":"Image","file":{"path":"images\/file-61b0fb7e5066d.jpg","mime":"image\/jpeg","copyright":{"license":"U"},"width":1024,"height":1104}},"metadata":{"contentType":"Image","license":"U","title":"Untitled Image"},"subContentId":"ffcf88fd-0278-4d8f-9293-d4f126926deb"},"backgroundOpacity":0,"willDoAnimation":false,"animationType":"glow","displayAsButton":false,"buttonSize":"big","goToSlideType":"specified","invisible":false},{"x":47.00255102040816,"y":43.95465994962216,"width":40,"height":40,"action":{"library":"H5P.CRAudio 1.4","params":{"fitToWrapper":true,"currIndex":1,"playerMode":"minimalistic","controls":true,"autoplay":true,"playAudio":"Play audio","pauseAudio":"Pause audio","contentName":"Audio","glowColor":"#ffd85a","timeStampForEachText":[{"text":" \u091a\u093f\u0921\u093c\u093f\u092f\u093e\u0901 ","startDuration":"0.2202","endDuration":"0.8866","wordfile":[{"path":"audios\/wordfile-6524222a9a8d0.mp3","mime":"audio\/mpeg","copyright":{"license":"U"}}]},{"text":" \u0909\u095c ","startDuration":"0.8876","endDuration":"1.1524","wordfile":[{"path":"audios\/wordfile-652422585738d.mp3","mime":"audio\/mpeg","copyright":{"license":"U"}}]},{"text":" \u0938\u0915\u0924\u0940 ","startDuration":"1.1469","endDuration":"1.7356","wordfile":[{"path":"audios\/wordfile-6524228e2a154.mp3","mime":"audio\/mpeg","copyright":{"license":"U"}}]},{"text":" \u0939\u0948\u0902\u0964 ","startDuration":"1.7366","endDuration":"1.9366","wordfile":[{"path":"audios\/wordfile-652422bdb7aa7.mp3","mime":"audio\/mpeg","copyright":{"license":"U"}}]},{"text":" \u0924\u094b\u0924\u0947 ","startDuration":"1.9376","endDuration":"3.0704","wordfile":[{"path":"audios\/wordfile-652422fc3e8b5.mp3","mime":"audio\/mpeg","copyright":{"license":"U"}}]},{"text":" \u0909\u095c ","startDuration":"3.0714","endDuration":"3.2714","wordfile":[{"path":"audios\/wordfile-652423af3f749.mp3","mime":"audio\/mpeg","copyright":{"license":"U"}}]},{"text":" \u0938\u0915\u0924\u0947 ","startDuration":"3.2724","endDuration":"3.8287","wordfile":[{"path":"audios\/wordfile-652423d93b091.mp3","mime":"audio\/mpeg","copyright":{"license":"U"}}]},{"text":" \u0939\u0948\u0902\u0964 ","startDuration":"3.8297","endDuration":"4.3018","wordfile":[{"path":"audios\/wordfile-652423f3e63ef.mp3","mime":"audio\/mpeg","copyright":{"license":"U"}}]}],"files":[{"path":"audios\/files-652421b885e68.mp3","mime":"audio\/mpeg","copyright":{"license":"U"}}]},"subContentId":"05faf54b-edd1-44c2-b737-f6ef259f56e3","metadata":{"contentType":"Curious Reader Audio","license":"U","title":"Untitled Curious Reader Audio"}},"backgroundOpacity":0,"willDoAnimation":false,"animationType":"glow","displayAsButton":false,"buttonSize":"big","goToSlideType":"specified","invisible":false},{"x":34.43775510204082,"y":12.582644836272038,"width":14.923469387755102,"height":21.914357682619645,"action":{"library":"H5P.Image 1.1","params":{"contentName":"Image"},"subContentId":"40ffe6cc-d7d4-44c9-b89a-240f8e04367c","metadata":{"contentType":"Image","license":"U","title":"Untitled Image"}},"backgroundOpacity":0,"willDoAnimation":true,"animationType":"glow","displayAsButton":false,"buttonSize":"big","goToSlideType":"specified","invisible":false,"id":"img05faf54b-edd1-44c2-b737-f6ef259f56e3_0"},{"x":49.744897959183675,"y":12.586599496221663,"width":20.918367346938776,"height":40.050377833753146,"action":{"library":"H5P.Image 1.1","params":{"contentName":"Image"},"subContentId":"01dbf8b3-8b98-4c71-ab28-6b3f6a791a2a","metadata":{"contentType":"Image","license":"U","title":"Untitled Image"}},"backgroundOpacity":0,"willDoAnimation":true,"animationType":"glow","displayAsButton":false,"buttonSize":"big","goToSlideType":"specified","invisible":false,"id":"img05faf54b-edd1-44c2-b737-f6ef259f56e3_4"}],"slideBackgroundSelector":{}},{"elements":[{"x":22.95918367346939,"y":83.1234256926952,"width":55.10204081632653,"height":14.357682619647354,"action":{"library":"H5P.CRAdvancedText 1.1","params":{"text":"<p style=\"text-align: center;\"><span style=\"color:#ffffff;\"><span style=\"font-size:1.75em;\">\u0918\u094b\u0921\u093c\u093e \u0928\u0939\u0940\u0902 \u0909\u0921\u093c \u0938\u0915\u0924\u093e\u0964<\/span><\/span><\/p>\n"},"metadata":{"contentType":"Text","license":"U","title":"Untitled Text"},"subContentId":"2249c119-bf22-4cf8-b90d-01f1dd7a83c5"},"alwaysDisplayComments":false,"backgroundOpacity":0,"willDoAnimation":false,"animationType":"glow","displayAsButton":false,"buttonSize":"big","goToSlideType":"specified","invisible":false,"solution":""},{"x":30.501089324619,"y":10.113312131241,"width":39.998692810458,"height":69.996385028855,"action":{"library":"H5P.Image 1.1","params":{"contentName":"Image","file":{"path":"images\/file-61b0fc3ae2444.jpg","mime":"image\/jpeg","copyright":{"license":"U"},"width":1024,"height":1104}},"metadata":{"contentType":"Image","license":"U","title":"Untitled Image"},"subContentId":"c4104d9d-bb4f-46fa-8441-710bfef434b0"},"backgroundOpacity":0,"willDoAnimation":false,"animationType":"glow","displayAsButton":false,"buttonSize":"big","goToSlideType":"specified","invisible":false},{"x":47.00255102040816,"y":43.95465994962216,"width":40,"height":40,"action":{"library":"H5P.CRAudio 1.4","params":{"fitToWrapper":true,"currIndex":2,"playerMode":"minimalistic","controls":true,"autoplay":true,"playAudio":"Play audio","pauseAudio":"Pause audio","contentName":"Audio","glowColor":"#ffd85a","timeStampForEachText":[{"text":" \u0918\u094b\u0921\u093c\u093e ","startDuration":"0.3532","endDuration":"1.0428","wordfile":[{"path":"audios\/wordfile-65243ee6b9098.mp3","mime":"audio\/mpeg","copyright":{"license":"U"}}]},{"text":" \u0928\u0939\u0940\u0902 ","startDuration":"1.0438","endDuration":"1.4926","wordfile":[{"path":"audios\/wordfile-65243f05265a6.mp3","mime":"audio\/mpeg","copyright":{"license":"U"}}]},{"text":" \u0909\u0921\u093c ","startDuration":"1.4936","endDuration":"1.7257","wordfile":[{"path":"audios\/wordfile-65243f21433ff.mp3","mime":"audio\/mpeg","copyright":{"license":"U"}}]},{"text":" \u0938\u0915\u0924\u093e\u0964 ","startDuration":"1.7267","endDuration":"2.4324","wordfile":[{"path":"audios\/wordfile-65243f624c295.mp3","mime":"audio\/mpeg","copyright":{"license":"U"}}]}],"files":[{"path":"audios\/files-65243ec769b9a.mp3","mime":"audio\/mpeg","copyright":{"license":"U"}}]},"subContentId":"bc57f196-e25b-4ba7-88d0-c9a9886cf251","metadata":{"contentType":"Curious Reader Audio","license":"U","title":"Untitled Curious Reader Audio"}},"backgroundOpacity":0,"willDoAnimation":false,"animationType":"glow","displayAsButton":false,"buttonSize":"big","goToSlideType":"specified","invisible":false},{"x":40.816326530612244,"y":10.059823677581864,"width":23.852040816326532,"height":49.622166246851386,"action":{"library":"H5P.Image 1.1","params":{"contentName":"Image"},"subContentId":"bab39afc-6188-41dc-83e1-c18f98b2074a","metadata":{"contentType":"Image","license":"U","title":"Untitled Image"}},"backgroundOpacity":0,"willDoAnimation":true,"animationType":"glow","displayAsButton":false,"buttonSize":"big","goToSlideType":"specified","invisible":false,"id":"imgbc57f196-e25b-4ba7-88d0-c9a9886cf251_0"},{"x":53.57142857142857,"y":25.181057934508814,"width":12.372448979591837,"height":16.876574307304786,"action":{"library":"H5P.Image 1.1","params":{"contentName":"Image"},"subContentId":"ee650418-a5b0-45b5-913c-3b1075c8ab96","metadata":{"contentType":"Image","license":"U","title":"Untitled Image"}},"backgroundOpacity":0,"willDoAnimation":true,"animationType":"glow","displayAsButton":false,"buttonSize":"big","goToSlideType":"specified","invisible":false,"id":"imgbc57f196-e25b-4ba7-88d0-c9a9886cf251_2"},{"x":38.26428571428572,"y":25.17317380352645,"width":11.096938775510205,"height":16.876574307304786,"action":{"library":"H5P.Image 1.1","params":{"contentName":"Image"},"subContentId":"4d5bad6c-b6cc-467d-a719-ae46f93616f7","metadata":{"contentType":"Image","license":"U","title":"Untitled Image"}},"backgroundOpacity":0,"willDoAnimation":true,"animationType":"glow","displayAsButton":false,"buttonSize":"big","goToSlideType":"specified","invisible":false,"id":"imgbc57f196-e25b-4ba7-88d0-c9a9886cf251_2"}],"slideBackgroundSelector":{}},{"elements":[{"x":5.7397959183673475,"y":81.86397984886649,"width":88.01020408163265,"height":14.86146095717884,"action":{"library":"H5P.CRAdvancedText 1.1","params":{"text":"<p style=\"text-align: center;\"><span style=\"color:#ffffff;\"><span style=\"font-size:1.75em;\">\u092e\u0915\u094d\u0916\u093f\u092f\u093e\u0901 \u0909\u095c \u0938\u0915\u0924\u0940 \u0939\u0948\u0902\u0964 \u0938\u093f\u0915\u093e\u0921\u0938 \u0909\u095c \u0938\u0915\u0924\u0940 \u0939\u0948\u0902\u0964<\/span><\/span><\/p>\n"},"metadata":{"contentType":"Text","license":"U","title":"Untitled Text"},"subContentId":"b64e7bf1-166c-44e4-81da-830606455584"},"alwaysDisplayComments":false,"backgroundOpacity":0,"willDoAnimation":false,"animationType":"glow","displayAsButton":false,"buttonSize":"big","goToSlideType":"specified","invisible":false,"solution":""},{"x":30.102040816326532,"y":8.816120906801007,"width":42.09183673469388,"height":70.27707808564232,"action":{"library":"H5P.Image 1.1","params":{"contentName":"Image","file":{"path":"images\/file-61b0fcf6e4c40.jpg","mime":"image\/jpeg","copyright":{"license":"U"},"width":1024,"height":735}},"metadata":{"contentType":"Image","license":"U","title":"Untitled Image"},"subContentId":"bcef4f0c-1ee1-4c96-bb10-f98c2a2e00c9"},"backgroundOpacity":0,"willDoAnimation":false,"animationType":"glow","displayAsButton":false,"buttonSize":"big","goToSlideType":"specified","invisible":false},{"x":47.00255102040816,"y":43.95465994962216,"width":40,"height":40,"action":{"library":"H5P.CRAudio 1.4","params":{"fitToWrapper":true,"currIndex":3,"playerMode":"minimalistic","controls":true,"autoplay":true,"playAudio":"Play audio","pauseAudio":"Pause audio","contentName":"Audio","glowColor":"#ffd85a","timeStampForEachText":[{"text":" \u092e\u0915\u094d\u0916\u093f\u092f\u093e\u0901 ","startDuration":"0.7414","endDuration":"1.7488","wordfile":[{"path":"audios\/wordfile-65243fe526315.mp3","mime":"audio\/mpeg","copyright":{"license":"U"}}]},{"text":" \u0909\u095c ","startDuration":"1.7498","endDuration":"1.9416","wordfile":[{"path":"audios\/wordfile-65243fffb0484.mp3","mime":"audio\/mpeg","copyright":{"license":"U"}}]},{"text":" \u0938\u0915\u0924\u0940 ","startDuration":"1.9426","endDuration":"2.5051","wordfile":[{"path":"audios\/wordfile-65244030815de.mp3","mime":"audio\/mpeg","copyright":{"license":"U"}}]},{"text":" \u0939\u0948\u0902\u0964 ","startDuration":"2.5061","endDuration":"2.7061","wordfile":[{"path":"audios\/wordfile-6524404b71cb6.mp3","mime":"audio\/mpeg","copyright":{"license":"U"}}]},{"text":" \u0938\u093f\u0915\u093e\u0921\u0938 ","startDuration":"2.7071","endDuration":"4.0687","wordfile":[{"path":"audios\/wordfile-65244082d9e32.mp3","mime":"audio\/mpeg","copyright":{"license":"U"}}]},{"text":" \u0909\u095c ","startDuration":"4.0697","endDuration":"4.3521","wordfile":[{"path":"audios\/wordfile-6524409d524b9.mp3","mime":"audio\/mpeg","copyright":{"license":"U"}}]},{"text":" \u0938\u0915\u0924\u0940 ","startDuration":"4.3531","endDuration":"4.8414","wordfile":[{"path":"audios\/wordfile-652440c06b22f.mp3","mime":"audio\/mpeg","copyright":{"license":"U"}}]},{"text":" \u0939\u0948\u0902\u0964 ","startDuration":"4.8424","endDuration":"5.2236","wordfile":[{"path":"audios\/wordfile-652440d69d3c7.mp3","mime":"audio\/mpeg","copyright":{"license":"U"}}]}],"files":[{"path":"audios\/files-65243fb1b5689.mp3","mime":"audio\/mpeg","copyright":{"license":"U"}}]},"subContentId":"7673b6d8-b48d-48ed-b8d8-3b950ca73c3b","metadata":{"contentType":"Curious Reader Audio","license":"U","title":"Untitled Curious Reader Audio"}},"backgroundOpacity":0,"willDoAnimation":false,"animationType":"glow","displayAsButton":false,"buttonSize":"big","goToSlideType":"specified","invisible":false},{"x":33.16326530612245,"y":42.78564231738036,"width":17.474489795918366,"height":19.8992443324937,"action":{"library":"H5P.Image 1.1","params":{"contentName":"Image"},"subContentId":"6255fd18-3a51-4f51-8cf5-142bbd537ea4","metadata":{"contentType":"Image","license":"U","title":"Untitled Image"}},"backgroundOpacity":0,"willDoAnimation":true,"animationType":"glow","displayAsButton":false,"buttonSize":"big","goToSlideType":"specified","invisible":false,"id":"img7673b6d8-b48d-48ed-b8d8-3b950ca73c3b_0"},{"x":42.09183673469388,"y":15.097607052896725,"width":11.096938775510205,"height":24.43324937027708,"action":{"library":"H5P.Image 1.1","params":{"contentName":"Image"},"subContentId":"520a0eb2-6463-41cc-89d7-773d91b29db8","metadata":{"contentType":"Image","license":"U","title":"Untitled Image"}},"backgroundOpacity":0,"willDoAnimation":true,"animationType":"glow","displayAsButton":false,"buttonSize":"big","goToSlideType":"specified","invisible":false,"id":"img7673b6d8-b48d-48ed-b8d8-3b950ca73c3b_4"}],"slideBackgroundSelector":{}},{"elements":[{"x":19.770408163265305,"y":81.86397984886649,"width":59.94897959183674,"height":15.113350125944583,"action":{"library":"H5P.CRAdvancedText 1.1","params":{"text":"<p style=\"text-align: center;\"><span style=\"color:#ffffff;\"><span style=\"font-size:1.75em;\">&nbsp;\u091b\u093f\u092a\u0915\u0932\u0940 \u0928\u0939\u0940\u0902 \u0909\u0921\u093c \u0938\u0915\u0924\u0940\u0964<\/span><\/span><\/p>\n"},"metadata":{"contentType":"Text","license":"U","title":"Untitled Text"},"subContentId":"ace8214c-4738-4dff-bc27-57c70d6ce0f2"},"alwaysDisplayComments":false,"backgroundOpacity":0,"willDoAnimation":false,"animationType":"glow","displayAsButton":false,"buttonSize":"big","goToSlideType":"specified","invisible":false,"solution":""},{"x":31.327160493827,"y":12.193374729841,"width":38.58024691358,"height":67.363518032477,"action":{"library":"H5P.Image 1.1","params":{"contentName":"Image","file":{"path":"images\/file-61b0fd4e9bf21.jpg","mime":"image\/jpeg","copyright":{"license":"U"},"width":1024,"height":1104}},"metadata":{"contentType":"Image","license":"U","title":"Untitled Image"},"subContentId":"ce4bc328-38e3-4158-9436-68ea1c4cbac8"},"backgroundOpacity":0,"willDoAnimation":false,"animationType":"glow","displayAsButton":false,"buttonSize":"big","goToSlideType":"specified","invisible":false},{"x":47.00255102040816,"y":43.95465994962216,"width":40,"height":40,"action":{"library":"H5P.CRAudio 1.4","params":{"fitToWrapper":true,"currIndex":4,"playerMode":"minimalistic","controls":true,"autoplay":true,"playAudio":"Play audio","pauseAudio":"Pause audio","contentName":"Audio","glowColor":"#ffd85a","timeStampForEachText":[{"text":" \u00a0\u091b\u093f\u092a\u0915\u0932\u0940 ","startDuration":"0.6785","endDuration":"1.6731","wordfile":[{"path":"audios\/wordfile-6524414a23783.mp3","mime":"audio\/mpeg","copyright":{"license":"U"}}]},{"text":" \u0928\u0939\u0940\u0902 ","startDuration":"1.6741","endDuration":"2.0600","wordfile":[{"path":"audios\/wordfile-65244172b4023.mp3","mime":"audio\/mpeg","copyright":{"license":"U"}}]},{"text":" \u0909\u0921\u093c ","startDuration":"2.0610","endDuration":"2.3214","wordfile":[{"path":"audios\/wordfile-65244189083cf.mp3","mime":"audio\/mpeg","copyright":{"license":"U"}}]},{"text":" \u0938\u0915\u0924\u0940\u0964 ","startDuration":"2.3224","endDuration":"2.9871","wordfile":[{"path":"audios\/wordfile-652441c330030.mp3","mime":"audio\/mpeg","copyright":{"license":"U"}}]}],"files":[{"path":"audios\/files-6524413364879.mp3","mime":"audio\/mpeg","copyright":{"license":"U"}}]},"subContentId":"fc484ca0-f587-465d-a041-b2c647a82927","metadata":{"contentType":"Curious Reader Audio","license":"U","title":"Untitled Curious Reader Audio"}},"backgroundOpacity":0,"willDoAnimation":false,"animationType":"glow","displayAsButton":false,"buttonSize":"big","goToSlideType":"specified","invisible":false},{"x":44.642857142857146,"y":17.632241813602015,"width":17.474489795918366,"height":40.050377833753146,"action":{"library":"H5P.Image 1.1","params":{"contentName":"Image"},"subContentId":"3629daaa-bc8f-485a-b66a-b7c99b7461e0","metadata":{"contentType":"Image","license":"U","title":"Untitled Image"}},"backgroundOpacity":0,"willDoAnimation":true,"animationType":"glow","displayAsButton":false,"buttonSize":"big","goToSlideType":"specified","invisible":false,"id":"imgfc484ca0-f587-465d-a041-b2c647a82927_0"},{"x":39.54081632653062,"y":22.646397984886647,"width":11.096938775510205,"height":16.876574307304786,"action":{"library":"H5P.Image 1.1","params":{"contentName":"Image"},"subContentId":"8446860c-a770-4e57-bce4-8f0d155fe227","metadata":{"contentType":"Image","license":"U","title":"Untitled Image"}},"backgroundOpacity":0,"willDoAnimation":true,"animationType":"glow","displayAsButton":false,"buttonSize":"big","goToSlideType":"specified","invisible":false,"id":"imgfc484ca0-f587-465d-a041-b2c647a82927_2"},{"x":56.12244897959183,"y":15.101536523929472,"width":15.816326530612246,"height":26.952141057934508,"action":{"library":"H5P.Image 1.1","params":{"contentName":"Image"},"subContentId":"0a63cfc9-d05b-438e-aa19-19af8ad65c99","metadata":{"contentType":"Image","license":"U","title":"Untitled Image"}},"backgroundOpacity":0,"willDoAnimation":true,"animationType":"glow","displayAsButton":false,"buttonSize":"big","goToSlideType":"specified","invisible":false,"id":"imgfc484ca0-f587-465d-a041-b2c647a82927_2"}],"slideBackgroundSelector":{"fillSlideBackground":"#f5fef0"}},{"elements":[{"x":5.1020408163265305,"y":83.1234256926952,"width":89.28571428571429,"height":14.357682619647354,"action":{"library":"H5P.CRAdvancedText 1.1","params":{"text":"<p style=\"text-align: center;\"><span style=\"color:#ffffff;\"><span style=\"font-size:1.75em;\">\u0909\u0932\u094d\u0932\u0942 \u0909\u095c \u0938\u0915\u0924\u0940 \u0939\u0948\u0902\u0964 \u092a\u0947\u0932\u093f\u0915\u0928 \u0909\u095c \u0938\u0915\u0924\u0940 \u0939\u0948\u0902\u0964 <\/span><\/span><\/p>\n"},"metadata":{"contentType":"Text","license":"U","title":"Untitled Text"},"subContentId":"f8978b52-dca2-45d8-88fe-6f2b80139273"},"alwaysDisplayComments":false,"backgroundOpacity":0,"willDoAnimation":false,"animationType":"glow","displayAsButton":false,"buttonSize":"big","goToSlideType":"specified","invisible":false,"solution":""},{"x":30.70987654321,"y":12.193374729841,"width":39.322839506173,"height":68.649614232107,"action":{"library":"H5P.Image 1.1","params":{"contentName":"Image","file":{"path":"images\/file-61b0fe64a98f6.jpg","mime":"image\/jpeg","copyright":{"license":"U"},"width":1024,"height":1104}},"metadata":{"contentType":"Image","license":"U","title":"Untitled Image"},"subContentId":"91c11476-76e2-422f-9e3a-7fc3c230556f"},"backgroundOpacity":0,"willDoAnimation":false,"animationType":"glow","displayAsButton":false,"buttonSize":"big","goToSlideType":"specified","invisible":false},{"x":47.00255102040816,"y":43.95465994962216,"width":40,"height":40,"action":{"library":"H5P.CRAudio 1.4","params":{"fitToWrapper":true,"currIndex":5,"playerMode":"minimalistic","controls":true,"autoplay":true,"playAudio":"Play audio","pauseAudio":"Pause audio","contentName":"Audio","glowColor":"#ffd85a","timeStampForEachText":[{"text":" \u0909\u0932\u094d\u0932\u0942 ","startDuration":"0.7768","endDuration":"1.5524","wordfile":[{"path":"audios\/wordfile-652442226035f.mp3","mime":"audio\/mpeg","copyright":{"license":"U"}}]},{"text":" \u0909\u095c ","startDuration":"1.5534","endDuration":"1.7534","wordfile":[{"path":"audios\/wordfile-65244235baaa7.mp3","mime":"audio\/mpeg","copyright":{"license":"U"}}]},{"text":" \u0938\u0915\u0924\u0940 ","startDuration":"1.7544","endDuration":"2.3081","wordfile":[{"path":"audios\/wordfile-652442585b744.mp3","mime":"audio\/mpeg","copyright":{"license":"U"}}]},{"text":" \u0939\u0948\u0902\u0964 ","startDuration":"2.3091","endDuration":"2.5091","wordfile":[{"path":"audios\/wordfile-6524426f384a9.mp3","mime":"audio\/mpeg","copyright":{"license":"U"}}]},{"text":" \u092a\u0947\u0932\u093f\u0915\u0928 ","startDuration":"2.5101","endDuration":"3.5285","wordfile":[{"path":"audios\/wordfile-65244298b5f41.mp3","mime":"audio\/mpeg","copyright":{"license":"U"}}]},{"text":" \u0909\u095c ","startDuration":"3.5295","endDuration":"3.7295","wordfile":[{"path":"audios\/wordfile-652442b2188f6.mp3","mime":"audio\/mpeg","copyright":{"license":"U"}}]},{"text":" \u0938\u0915\u0924\u0940 ","startDuration":"3.7305","endDuration":"4.2426","wordfile":[{"path":"audios\/wordfile-652442d02456d.mp3","mime":"audio\/mpeg","copyright":{"license":"U"}}]},{"text":" \u0939\u0948\u0902\u0964 ","startDuration":"4.2436","endDuration":"4.6309","wordfile":[{"path":"audios\/wordfile-652442ed9576a.mp3","mime":"audio\/mpeg","copyright":{"license":"U"}}]}],"files":[{"path":"audios\/files-652441fc3808c.mp3","mime":"audio\/mpeg","copyright":{"license":"U"}}]},"subContentId":"6cba747c-cb16-4f4c-b2fa-95160f22f58a","metadata":{"contentType":"Curious Reader Audio","license":"U","title":"Untitled Curious Reader Audio"}},"backgroundOpacity":0,"willDoAnimation":false,"animationType":"glow","displayAsButton":false,"buttonSize":"big","goToSlideType":"specified","invisible":false},{"x":35.714285714285715,"y":12.578715365239296,"width":20.025510204081634,"height":19.395465994962215,"action":{"library":"H5P.Image 1.1","params":{"contentName":"Image"},"subContentId":"6b5c0ea8-1def-4781-b922-dc490f0ec857","metadata":{"contentType":"Image","license":"U","title":"Untitled Image"}},"backgroundOpacity":0,"willDoAnimation":true,"animationType":"glow","displayAsButton":false,"buttonSize":"big","goToSlideType":"specified","invisible":false,"id":"img6cba747c-cb16-4f4c-b2fa-95160f22f58a_0"},{"x":43.36734693877551,"y":27.676322418136017,"width":23.852040816326532,"height":26.952141057934508,"action":{"library":"H5P.Image 1.1","params":{"contentName":"Image"},"subContentId":"3bc032f2-a2c3-4038-a626-041a42dc3312","metadata":{"contentType":"Image","license":"U","title":"Untitled Image"}},"backgroundOpacity":0,"willDoAnimation":true,"animationType":"glow","displayAsButton":false,"buttonSize":"big","goToSlideType":"specified","invisible":false,"id":"img6cba747c-cb16-4f4c-b2fa-95160f22f58a_4"}],"slideBackgroundSelector":{}},{"elements":[{"x":20.408163265306122,"y":83.0801007556675,"width":57.525510204081634,"height":14.609571788413097,"action":{"library":"H5P.CRAdvancedText 1.1","params":{"text":"<p style=\"text-align: center;\"><span style=\"color:#ffffff;\"><span style=\"font-size:1.75em;\">\u0917\u093f\u092c\u094d\u092c\u0928 \u0928\u0939\u0940\u0902 \u0909\u0921\u093c \u0938\u0915\u0924\u093e\u0964<\/span><\/span><\/p>\n"},"metadata":{"contentType":"Text","license":"U","title":"Untitled Text"},"subContentId":"d79b75a2-87d6-4199-8130-233b2826d5f4"},"alwaysDisplayComments":false,"backgroundOpacity":0,"willDoAnimation":false,"animationType":"glow","displayAsButton":false,"buttonSize":"big","goToSlideType":"specified","invisible":false,"solution":""},{"x":27.777777777778,"y":12.188619313696,"width":44.01049382716,"height":69.211728807153,"action":{"library":"H5P.Image 1.1","params":{"contentName":"Image","file":{"path":"images\/file-61b0fec0c4e2a.jpg","mime":"image\/jpeg","copyright":{"license":"U"},"width":1024,"height":735}},"metadata":{"contentType":"Image","license":"U","title":"Untitled Image"},"subContentId":"d1ea9dbe-49b5-478f-a08e-50a440e728a9"},"backgroundOpacity":0,"willDoAnimation":false,"animationType":"glow","displayAsButton":false,"buttonSize":"big","goToSlideType":"specified","invisible":false},{"x":47.00255102040816,"y":43.95465994962216,"width":40,"height":40,"action":{"library":"H5P.CRAudio 1.4","params":{"fitToWrapper":true,"currIndex":6,"playerMode":"minimalistic","controls":true,"autoplay":true,"playAudio":"Play audio","pauseAudio":"Pause audio","contentName":"Audio","glowColor":"#ffd85a","timeStampForEachText":[{"text":" \u0917\u093f\u092c\u094d\u092c\u0928 ","startDuration":"0.8492","endDuration":"1.5392","wordfile":[{"path":"audios\/wordfile-652444eb12422.mp3","mime":"audio\/mpeg","copyright":{"license":"U"}}]},{"text":" \u0928\u0939\u0940\u0902 ","startDuration":"1.5402","endDuration":"1.9514","wordfile":[{"path":"audios\/wordfile-652445d265931.mp3","mime":"audio\/mpeg","copyright":{"license":"U"}}]},{"text":" \u0909\u0921\u093c ","startDuration":"1.9524","endDuration":"2.1524","wordfile":[{"path":"audios\/wordfile-652445e64ed35.mp3","mime":"audio\/mpeg","copyright":{"license":"U"}}]},{"text":" \u0938\u0915\u0924\u093e\u0964 ","startDuration":"2.1534","endDuration":"2.7716","wordfile":[{"path":"audios\/wordfile-65244609b6243.mp3","mime":"audio\/mpeg","copyright":{"license":"U"}}]}],"files":[{"path":"audios\/files-652444bb5b498.mp3","mime":"audio\/mpeg","copyright":{"license":"U"}}]},"subContentId":"635c2803-e9af-4cfd-a801-f44402e0372d","metadata":{"contentType":"Curious Reader Audio","license":"U","title":"Untitled Curious Reader Audio"}},"backgroundOpacity":0,"willDoAnimation":false,"animationType":"glow","displayAsButton":false,"buttonSize":"big","goToSlideType":"specified","invisible":false},{"x":26.785714285714285,"y":32.7455919395466,"width":22.5765306122449,"height":26.952141057934508,"action":{"library":"H5P.Image 1.1","params":{"contentName":"Image"},"subContentId":"c66225fe-0e3d-499b-b9f3-c73c83c4e54b","metadata":{"contentType":"Image","license":"U","title":"Untitled Image"}},"backgroundOpacity":0,"willDoAnimation":true,"animationType":"glow","displayAsButton":false,"buttonSize":"big","goToSlideType":"specified","invisible":false,"id":"img635c2803-e9af-4cfd-a801-f44402e0372d_0"},{"x":42.09183673469388,"y":35.26448362720403,"width":13.903061224489797,"height":16.876574307304786,"action":{"library":"H5P.Image 1.1","params":{"contentName":"Image"},"subContentId":"41728e48-f166-4f24-8cea-860da484f065","metadata":{"contentType":"Image","license":"U","title":"Untitled Image"}},"backgroundOpacity":0,"willDoAnimation":true,"animationType":"glow","displayAsButton":false,"buttonSize":"big","goToSlideType":"specified","invisible":false,"id":"img635c2803-e9af-4cfd-a801-f44402e0372d_2"},{"x":24.23469387755102,"y":40.26675062972293,"width":11.096938775510205,"height":16.876574307304786,"action":{"library":"H5P.Image 1.1","params":{"contentName":"Image"},"subContentId":"022c8347-8caa-422b-9c1c-1552c82cefa2","metadata":{"contentType":"Image","license":"U","title":"Untitled Image"}},"backgroundOpacity":0,"willDoAnimation":true,"animationType":"glow","displayAsButton":false,"buttonSize":"big","goToSlideType":"specified","invisible":false,"id":"img635c2803-e9af-4cfd-a801-f44402e0372d_2"}],"slideBackgroundSelector":{}},{"elements":[{"x":1.2755102040816326,"y":81.86397984886649,"width":96.93877551020408,"height":16.120906801007557,"action":{"library":"H5P.CRAdvancedText 1.1","params":{"text":"<p style=\"text-align: center;\"><span style=\"color:#ffffff;\"><span style=\"font-size:1.75em;\">\u092c\u0917\u0941\u0932\u093e \u0909\u0921\u093c \u0938\u0915\u0924\u093e \u0939\u0948\u0964 \u0939\u0949\u0930\u094d\u0928\u092c\u093f\u0932 \u0909\u0921\u093c \u0938\u0915\u0924\u093e \u0939\u0948\u0964<\/span><\/span><\/p>\n"},"metadata":{"contentType":"Text","license":"U","title":"Untitled Text"},"subContentId":"96a03740-c64a-4a5a-bbcd-b834d3f965f9"},"alwaysDisplayComments":false,"backgroundOpacity":0,"willDoAnimation":false,"animationType":"glow","displayAsButton":false,"buttonSize":"big","goToSlideType":"specified","invisible":false,"solution":""},{"x":27.314814814815,"y":12.193374729841,"width":44.753086419753,"height":67.911305392215,"action":{"library":"H5P.Image 1.1","params":{"contentName":"Image","file":{"path":"images\/file-61b0ff34353af.jpg","mime":"image\/jpeg","copyright":{"license":"U"},"width":1024,"height":735}},"metadata":{"contentType":"Image","license":"U","title":"Untitled Image"},"subContentId":"abbc9769-68ba-4daf-9d33-ac8d5d46862b"},"backgroundOpacity":0,"willDoAnimation":false,"animationType":"glow","displayAsButton":false,"buttonSize":"big","goToSlideType":"specified","invisible":false},{"x":47.00255102040816,"y":43.95465994962216,"width":40,"height":40,"action":{"library":"H5P.CRAudio 1.4","params":{"fitToWrapper":true,"currIndex":7,"playerMode":"minimalistic","controls":true,"autoplay":true,"playAudio":"Play audio","pauseAudio":"Pause audio","contentName":"Audio","glowColor":"#ffd85a","timeStampForEachText":[{"text":" \u092c\u0917\u0941\u0932\u093e ","startDuration":"0.0000","endDuration":"1.0864","wordfile":[{"path":"audios\/wordfile-652448a2b0839.mp3","mime":"audio\/mpeg","copyright":{"license":"U"}}]},{"text":" \u0909\u0921\u093c ","startDuration":"1.0874","endDuration":"1.3525","wordfile":[{"path":"audios\/wordfile-652448b7f15e6.mp3","mime":"audio\/mpeg","copyright":{"license":"U"}}]},{"text":" \u0938\u0915\u0924\u093e ","startDuration":"1.3535","endDuration":"1.8951","wordfile":[{"path":"audios\/wordfile-652448d87c019.mp3","mime":"audio\/mpeg","copyright":{"license":"U"}}]},{"text":" \u0939\u0948\u0964 ","startDuration":"1.8961","endDuration":"2.3238","wordfile":[{"path":"audios\/wordfile-652448ed0bfda.mp3","mime":"audio\/mpeg","copyright":{"license":"U"}}]},{"text":" \u0939\u0949\u0930\u094d\u0928\u092c\u093f\u0932 ","startDuration":"2.9591","endDuration":"3.7853","wordfile":[{"path":"audios\/wordfile-65244926e7599.mp3","mime":"audio\/mpeg","copyright":{"license":"U"}}]},{"text":" \u0909\u0921\u093c ","startDuration":"3.7863","endDuration":"4.0432","wordfile":[{"path":"audios\/wordfile-6524493d058ad.mp3","mime":"audio\/mpeg","copyright":{"license":"U"}}]},{"text":" \u0938\u0915\u0924\u093e ","startDuration":"4.0442","endDuration":"4.5614","wordfile":[{"path":"audios\/wordfile-65244968d3d4c.mp3","mime":"audio\/mpeg","copyright":{"license":"U"}}]},{"text":" \u0939\u0948\u0964 ","startDuration":"4.5624","endDuration":"4.9820","wordfile":[{"path":"audios\/wordfile-6524497b1335b.mp3","mime":"audio\/mpeg","copyright":{"license":"U"}}]}],"files":[{"path":"audios\/files-6524487b6ff96.mp3","mime":"audio\/mpeg","copyright":{"license":"U"}}]},"subContentId":"9825aad0-e156-4ad1-bc14-423ac6419233","metadata":{"contentType":"Curious Reader Audio","license":"U","title":"Untitled Curious Reader Audio"}},"backgroundOpacity":0,"willDoAnimation":false,"animationType":"glow","displayAsButton":false,"buttonSize":"big","goToSlideType":"specified","invisible":false},{"x":30.612244897959183,"y":15.097607052896725,"width":17.474489795918366,"height":26.952141057934508,"action":{"library":"H5P.Image 1.1","params":{"contentName":"Image"},"subContentId":"7fe10039-7c8b-418b-b4cf-98096ebf6e41","metadata":{"contentType":"Image","license":"U","title":"Untitled Image"}},"backgroundOpacity":0,"willDoAnimation":true,"animationType":"glow","displayAsButton":false,"buttonSize":"big","goToSlideType":"specified","invisible":false,"id":"img9825aad0-e156-4ad1-bc14-423ac6419233_0"},{"x":39.54081632653062,"y":40.25491183879094,"width":15.561224489795919,"height":16.876574307304786,"action":{"library":"H5P.Image 1.1","params":{"contentName":"Image"},"subContentId":"aa4d05f5-5a9a-42d6-9dca-b57bfa86490f","metadata":{"contentType":"Image","license":"U","title":"Untitled Image"}},"backgroundOpacity":0,"willDoAnimation":true,"animationType":"glow","displayAsButton":false,"buttonSize":"big","goToSlideType":"specified","invisible":false,"id":"img9825aad0-e156-4ad1-bc14-423ac6419233_4"}],"slideBackgroundSelector":{"fillSlideBackground":"#ecf9ff"}},{"elements":[{"x":20.408163265306122,"y":81.86397984886649,"width":58.673469387755105,"height":15.113350125944583,"action":{"library":"H5P.CRAdvancedText 1.1","params":{"text":"<p style=\"text-align: center;\"><span style=\"color:#ffffff;\"><span style=\"font-size:1.75em;\">\u0936\u0947\u0930 \u0928\u0939\u0940\u0902 \u0909\u0921\u093c \u0938\u0915\u0924\u093e\u0964<\/span><\/span><\/p>\n"},"metadata":{"contentType":"Text","license":"U","title":"Untitled Text"},"subContentId":"266bd3b6-4aef-4e7f-8198-8293ddc9be39"},"alwaysDisplayComments":false,"backgroundOpacity":0,"willDoAnimation":false,"animationType":"glow","displayAsButton":false,"buttonSize":"big","goToSlideType":"specified","invisible":false,"solution":""},{"x":29.938271604938,"y":9.7546997838724,"width":39.998148148148,"height":70.102454831167,"action":{"library":"H5P.Image 1.1","params":{"contentName":"Image","file":{"path":"images\/file-61b0ff878c04b.jpg","mime":"image\/jpeg","copyright":{"license":"U"},"width":1024,"height":1104}},"metadata":{"contentType":"Image","license":"U","title":"Untitled Image"},"subContentId":"23a72ee9-0fd7-4c18-b604-026ba79c1071"},"backgroundOpacity":0,"willDoAnimation":false,"animationType":"glow","displayAsButton":false,"buttonSize":"big","goToSlideType":"specified","invisible":false},{"x":47.00255102040816,"y":43.95465994962216,"width":40,"height":40,"action":{"library":"H5P.CRAudio 1.4","params":{"fitToWrapper":true,"currIndex":8,"playerMode":"minimalistic","controls":true,"autoplay":true,"playAudio":"Play audio","pauseAudio":"Pause audio","contentName":"Audio","glowColor":"#ffd85a","timeStampForEachText":[{"text":" \u0936\u0947\u0930 ","startDuration":"0.5472","endDuration":"1.0862","wordfile":[{"path":"audios\/wordfile-65244cbc74d4c.mp3","mime":"audio\/mpeg","copyright":{"license":"U"}}]},{"text":" \u0928\u0939\u0940\u0902 ","startDuration":"1.0872","endDuration":"1.6425","wordfile":[{"path":"audios\/wordfile-65244ce633886.mp3","mime":"audio\/mpeg","copyright":{"license":"U"}}]},{"text":" \u0909\u0921\u093c ","startDuration":"1.6435","endDuration":"1.9538","wordfile":[{"path":"audios\/wordfile-65244d0c9f56d.mp3","mime":"audio\/mpeg","copyright":{"license":"U"}}]},{"text":" \u0938\u0915\u0924\u093e\u0964 ","startDuration":"1.9548","endDuration":"2.5387","wordfile":[{"path":"audios\/wordfile-65244d3211193.mp3","mime":"audio\/mpeg","copyright":{"license":"U"}}]}],"files":[{"path":"audios\/files-65244bb88f08a.mp3","mime":"audio\/mpeg","copyright":{"license":"U"}}]},"subContentId":"64040427-6aa0-4e33-ba7c-5e3aa97639ab","metadata":{"contentType":"Curious Reader Audio","license":"U","title":"Untitled Curious Reader Audio"}},"backgroundOpacity":0,"willDoAnimation":false,"animationType":"glow","displayAsButton":false,"buttonSize":"big","goToSlideType":"specified","invisible":false},{"x":38.26428571428572,"y":10.059823677581864,"width":25.127551020408163,"height":47.10327455919395,"action":{"library":"H5P.Image 1.1","params":{"contentName":"Image"},"subContentId":"e55deafd-0c2b-4e25-a70c-ffec8cebddf9","metadata":{"contentType":"Image","license":"U","title":"Untitled Image"}},"backgroundOpacity":0,"willDoAnimation":true,"animationType":"glow","displayAsButton":false,"buttonSize":"big","goToSlideType":"specified","invisible":false,"id":"img64040427-6aa0-4e33-ba7c-5e3aa97639ab_0"},{"x":53.57142857142857,"y":22.670025188916874,"width":16.45408163265306,"height":19.395465994962215,"action":{"library":"H5P.Image 1.1","params":{"contentName":"Image"},"subContentId":"258d0dbd-f306-4b89-9247-d6e33fad7c5c","metadata":{"contentType":"Image","license":"U","title":"Untitled Image"}},"backgroundOpacity":0,"willDoAnimation":true,"animationType":"glow","displayAsButton":false,"buttonSize":"big","goToSlideType":"specified","invisible":false,"id":"img64040427-6aa0-4e33-ba7c-5e3aa97639ab_2"},{"x":34.43775510204082,"y":30.19521410579345,"width":12.372448979591837,"height":21.914357682619645,"action":{"library":"H5P.Image 1.1","params":{"contentName":"Image"},"subContentId":"21bd0b83-52b0-4fc5-9bae-c8ffd2673292","metadata":{"contentType":"Image","license":"U","title":"Untitled Image"}},"backgroundOpacity":0,"willDoAnimation":true,"animationType":"glow","displayAsButton":false,"buttonSize":"big","goToSlideType":"specified","invisible":false,"id":"img64040427-6aa0-4e33-ba7c-5e3aa97639ab_2"}],"slideBackgroundSelector":{"fillSlideBackground":"#fefaf0"}},{"elements":[{"x":3.826530612244898,"y":83.05843828715366,"width":91.83673469387756,"height":14.105793450881611,"action":{"library":"H5P.CRAdvancedText 1.1","params":{"text":"<p style=\"text-align: center;\"><span style=\"color:#ffffff;\"><span style=\"font-size:1.75em;\">\u092a\u0940\u0932\u093e \u0909\u0932\u094d\u0932\u0942 \u0909\u0921\u093c \u0938\u0915\u0924\u093e \u0939\u0948\u0964 \u092e\u091a\u094d\u091b\u0930 \u0909\u0921\u093c \u0938\u0915\u0924\u093e \u0939\u0948\u0964<\/span><\/span><\/p>\n"},"metadata":{"contentType":"Text","license":"U","title":"Untitled Text"},"subContentId":"3ccfe7b8-54e8-42b9-8701-9785e5bf33c6"},"alwaysDisplayComments":false,"backgroundOpacity":0,"willDoAnimation":false,"animationType":"glow","displayAsButton":false,"buttonSize":"big","goToSlideType":"specified","invisible":false,"solution":""},{"x":29.012345679012,"y":10.354857688075,"width":39.998148148148,"height":70.111904696583,"action":{"library":"H5P.Image 1.1","params":{"contentName":"Image","file":{"path":"images\/file-61b0ffdd62fe7.jpg","mime":"image\/jpeg","copyright":{"license":"U"},"width":1024,"height":1104}},"metadata":{"contentType":"Image","license":"U","title":"Untitled Image"},"subContentId":"d83f4154-99ff-450e-8fe7-eeceb940bd28"},"backgroundOpacity":0,"willDoAnimation":false,"animationType":"glow","displayAsButton":false,"buttonSize":"big","goToSlideType":"specified","invisible":false},{"x":47.00255102040816,"y":43.95465994962216,"width":40,"height":40,"action":{"library":"H5P.CRAudio 1.4","params":{"fitToWrapper":true,"currIndex":9,"playerMode":"minimalistic","controls":true,"autoplay":true,"playAudio":"Play audio","pauseAudio":"Pause audio","contentName":"Audio","glowColor":"#ffd85a","timeStampForEachText":[{"text":" \u092a\u0940\u0932\u093e ","startDuration":"0.5757","endDuration":"1.2331","wordfile":[{"path":"audios\/wordfile-65244dee3f337.mp3","mime":"audio\/mpeg","copyright":{"license":"U"}}]},{"text":" \u0909\u0932\u094d\u0932\u0942 ","startDuration":"1.2341","endDuration":"1.7417","wordfile":[{"path":"audios\/wordfile-65244e1e41dee.mp3","mime":"audio\/mpeg","copyright":{"license":"U"}}]},{"text":" \u0909\u0921\u093c ","startDuration":"1.7427","endDuration":"1.9190","wordfile":[{"path":"audios\/wordfile-65244e30db8a2.mp3","mime":"audio\/mpeg","copyright":{"license":"U"}}]},{"text":" \u0938\u0915\u0924\u093e ","startDuration":"1.9200","endDuration":"2.4197","wordfile":[{"path":"audios\/wordfile-65244e5965181.mp3","mime":"audio\/mpeg","copyright":{"license":"U"}}]},{"text":" \u0939\u0948\u0964 ","startDuration":"2.4207","endDuration":"2.7784","wordfile":[{"path":"audios\/wordfile-65244e73109ee.mp3","mime":"audio\/mpeg","copyright":{"license":"U"}}]},{"text":" \u092e\u091a\u094d\u091b\u0930 ","startDuration":"3.5286","endDuration":"4.2254","wordfile":[{"path":"audios\/wordfile-65245166eaaa4.mp3","mime":"audio\/mpeg","copyright":{"license":"U"}}]},{"text":" \u0909\u0921\u093c ","startDuration":"4.2264","endDuration":"4.4264","wordfile":[{"path":"audios\/wordfile-6524517dc849a.mp3","mime":"audio\/mpeg","copyright":{"license":"U"}}]},{"text":" \u0938\u0915\u0924\u093e ","startDuration":"4.4274","endDuration":"4.9271","wordfile":[{"path":"audios\/wordfile-6524519b2c999.mp3","mime":"audio\/mpeg","copyright":{"license":"U"}}]},{"text":" \u0939\u0948\u0964 ","startDuration":"4.9281","endDuration":"5.3568","wordfile":[{"path":"audios\/wordfile-652451ba8c304.mp3","mime":"audio\/mpeg","copyright":{"license":"U"}}]}],"files":[{"path":"audios\/files-65244d7bba27d.mp3","mime":"audio\/mpeg","copyright":{"license":"U"}}]},"subContentId":"57860268-2a22-475c-9f74-06cb87ffa43f","metadata":{"contentType":"Curious Reader Audio","license":"U","title":"Untitled Curious Reader Audio"}},"backgroundOpacity":0,"willDoAnimation":false,"animationType":"glow","displayAsButton":false,"buttonSize":"big","goToSlideType":"specified","invisible":false},{"x":47.19387755102041,"y":12.578715365239296,"width":20.025510204081634,"height":21.914357682619645,"action":{"library":"H5P.Image 1.1","params":{"contentName":"Image"},"subContentId":"a36bb7d2-e5d9-4e07-98e4-5d396542984c","metadata":{"contentType":"Image","license":"U","title":"Untitled Image"}},"backgroundOpacity":0,"willDoAnimation":true,"animationType":"glow","displayAsButton":false,"buttonSize":"big","goToSlideType":"specified","invisible":false,"id":"img57860268-2a22-475c-9f74-06cb87ffa43f_0"},{"x":47.19387755102041,"y":12.57478589420655,"width":20.025510204081634,"height":21.914357682619645,"action":{"library":"H5P.Image 1.1","params":{"contentName":"Image"},"subContentId":"37ee8153-3e44-41e0-9445-d04e67712954","metadata":{"contentType":"Image","license":"U","title":"Untitled Image"}},"backgroundOpacity":0,"willDoAnimation":true,"animationType":"glow","displayAsButton":false,"buttonSize":"big","goToSlideType":"specified","invisible":false,"id":"img57860268-2a22-475c-9f74-06cb87ffa43f_1"},{"x":36.98979591836735,"y":35.26448362720403,"width":12.372448979591837,"height":19.395465994962215,"action":{"library":"H5P.Image 1.1","params":{"contentName":"Image"},"subContentId":"ad49abb9-b570-40ec-ae47-c54a456874aa","metadata":{"contentType":"Image","license":"U","title":"Untitled Image"}},"backgroundOpacity":0,"willDoAnimation":true,"animationType":"glow","displayAsButton":false,"buttonSize":"big","goToSlideType":"specified","invisible":false,"id":"img57860268-2a22-475c-9f74-06cb87ffa43f_5"}],"slideBackgroundSelector":{"fillSlideBackground":"#fffcec"}},{"slideBackgroundSelector":{},"elements":[{"x":20.79081632653061,"y":83.10176322418135,"width":58.673469387755105,"height":14.105793450881611,"action":{"library":"H5P.CRAdvancedText 1.1","params":{"text":"<p style=\"text-align: center;\"><span style=\"color:#ffffff;\"><span style=\"font-size:1.75em;\">\u092d\u0947\u0921\u093c \u0928\u0939\u0940\u0902 \u0909\u0921\u093c \u0938\u0915\u0924\u0940\u0964<\/span><\/span><\/p>\n"},"metadata":{"contentType":"Text","license":"U","title":"Untitled Text"},"subContentId":"c019129d-d8af-4502-af42-a4ce17075116"},"alwaysDisplayComments":false,"backgroundOpacity":0,"willDoAnimation":false,"animationType":"glow","displayAsButton":false,"buttonSize":"big","goToSlideType":"specified","invisible":false,"solution":""},{"x":29.320987654321,"y":9.1402756312358,"width":39.998148148148,"height":72.864863876213,"action":{"library":"H5P.Image 1.1","params":{"contentName":"Image","file":{"path":"images\/file-61b10059a6585.jpg","mime":"image\/jpeg","copyright":{"license":"U"},"width":1024,"height":1104}},"metadata":{"contentType":"Image","license":"U","title":"Untitled Image"},"subContentId":"53910220-3811-4e3d-9bfd-965316998e68"},"backgroundOpacity":0,"willDoAnimation":false,"animationType":"glow","displayAsButton":false,"buttonSize":"big","goToSlideType":"specified","invisible":false},{"x":47.00255102040816,"y":43.95465994962216,"width":40,"height":40,"action":{"library":"H5P.CRAudio 1.4","params":{"fitToWrapper":true,"currIndex":10,"playerMode":"minimalistic","controls":true,"autoplay":true,"playAudio":"Play audio","pauseAudio":"Pause audio","contentName":"Audio","glowColor":"#ffd85a","timeStampForEachText":[{"text":" \u092d\u0947\u0921\u093c ","startDuration":"0.1952","endDuration":"1.2025","wordfile":[{"path":"audios\/wordfile-652452378d3cf.mp3","mime":"audio\/mpeg","copyright":{"license":"U"}}]},{"text":" \u0928\u0939\u0940\u0902 ","startDuration":"1.2035","endDuration":"1.7805","wordfile":[{"path":"audios\/wordfile-65245251c4760.mp3","mime":"audio\/mpeg","copyright":{"license":"U"}}]},{"text":" \u0909\u0921\u093c ","startDuration":"1.7815","endDuration":"2.0303","wordfile":[{"path":"audios\/wordfile-6524527e368e6.mp3","mime":"audio\/mpeg","copyright":{"license":"U"}}]},{"text":" \u0938\u0915\u0924\u0940\u0964 ","startDuration":"2.0313","endDuration":"2.6749","wordfile":[{"path":"audios\/wordfile-652452be212bb.mp3","mime":"audio\/mpeg","copyright":{"license":"U"}}]}],"files":[{"path":"audios\/files-652451f8b7916.mp3","mime":"audio\/mpeg","copyright":{"license":"U"}}]},"subContentId":"956ac622-cf2d-4042-ac67-b4d653759f35","metadata":{"contentType":"Curious Reader Audio","license":"U","title":"Untitled Curious Reader Audio"}},"backgroundOpacity":0,"willDoAnimation":false,"animationType":"glow","displayAsButton":false,"buttonSize":"big","goToSlideType":"specified","invisible":false},{"x":38.26428571428572,"y":17.614534005037783,"width":20.025510204081634,"height":40.050377833753146,"action":{"library":"H5P.Image 1.1","params":{"contentName":"Image"},"subContentId":"f9fe691e-e2e3-4318-aa45-4e41dbb4f00a","metadata":{"contentType":"Image","license":"U","title":"Untitled Image"}},"backgroundOpacity":0,"willDoAnimation":true,"animationType":"glow","displayAsButton":false,"buttonSize":"big","goToSlideType":"specified","invisible":false,"id":"img956ac622-cf2d-4042-ac67-b4d653759f35_0"},{"x":51.02040816326531,"y":22.670025188916874,"width":11.096938775510205,"height":19.395465994962215,"action":{"library":"H5P.Image 1.1","params":{"contentName":"Image"},"subContentId":"21dd7f88-f19d-4286-a765-d5a84c778298","metadata":{"contentType":"Image","license":"U","title":"Untitled Image"}},"backgroundOpacity":0,"willDoAnimation":true,"animationType":"glow","displayAsButton":false,"buttonSize":"big","goToSlideType":"specified","invisible":false,"id":"img956ac622-cf2d-4042-ac67-b4d653759f35_2"},{"x":33.16326530612245,"y":30.19521410579345,"width":11.096938775510205,"height":14.357682619647354,"action":{"library":"H5P.Image 1.1","params":{"contentName":"Image"},"subContentId":"e211ac5f-a7f2-4837-b922-5cbd00511e0f","metadata":{"contentType":"Image","license":"U","title":"Untitled Image"}},"backgroundOpacity":0,"willDoAnimation":true,"animationType":"glow","displayAsButton":false,"buttonSize":"big","goToSlideType":"specified","invisible":false,"id":"img956ac622-cf2d-4042-ac67-b4d653759f35_2"}]},{"elements":[{"x":21.683673469387756,"y":85.3904282115869,"width":58.673469387755105,"height":14.609571788413097,"action":{"library":"H5P.CRAdvancedText 1.1","params":{"text":"<p style=\"text-align: center;\"><span style=\"color:#ffffff;\"><span style=\"font-size:1.75em;\">\u0915\u093f\u0938\u0940 \u0926\u093f\u0928 \u0939\u092e \u092d\u0940 \u0909\u0921\u093c\u0947\u0902\u0917\u0947\u0964<\/span><\/span><\/p>\n"},"metadata":{"contentType":"Text","license":"U","title":"Untitled Text"},"subContentId":"3b7c43ac-ac74-4387-ae80-9775bb8d5f39"},"alwaysDisplayComments":false,"backgroundOpacity":0,"willDoAnimation":false,"animationType":"glow","displayAsButton":false,"buttonSize":"big","goToSlideType":"specified","invisible":false,"solution":""},{"x":29.336734693877553,"y":7.556675062972292,"width":40.04629629629629,"height":75.34246575342466,"action":{"library":"H5P.Image 1.1","params":{"contentName":"Image","file":{"path":"images\/file-61b100a8081d4.jpg","mime":"image\/jpeg","copyright":{"license":"U"},"width":1024,"height":1104}},"metadata":{"contentType":"Image","license":"U","title":"Untitled Image"},"subContentId":"809d7416-e79b-4ec0-a1fd-2c41c90e9246"},"backgroundOpacity":0,"willDoAnimation":false,"animationType":"glow","displayAsButton":false,"buttonSize":"big","goToSlideType":"specified","invisible":false},{"x":47.00255102040816,"y":43.95465994962216,"width":40,"height":40,"action":{"library":"H5P.CRAudio 1.4","params":{"fitToWrapper":true,"currIndex":11,"playerMode":"minimalistic","controls":true,"autoplay":true,"playAudio":"Play audio","pauseAudio":"Pause audio","contentName":"Audio","glowColor":"#ffd85a","timeStampForEachText":[{"text":" \u0915\u093f\u0938\u0940 ","startDuration":"0.6759","endDuration":"1.3131","wordfile":[{"path":"audios\/wordfile-65245364533de.mp3","mime":"audio\/mpeg","copyright":{"license":"U"}}]},{"text":" \u0926\u093f\u0928 ","startDuration":"1.3141","endDuration":"1.6493","wordfile":[{"path":"audios\/wordfile-65245380a4689.mp3","mime":"audio\/mpeg","copyright":{"license":"U"}}]},{"text":" \u0939\u092e ","startDuration":"1.6503","endDuration":"2.1612","wordfile":[{"path":"audios\/wordfile-652453c13d01e.mp3","mime":"audio\/mpeg","copyright":{"license":"U"}}]},{"text":" \u092d\u0940 ","startDuration":"2.1622","endDuration":"2.2991","wordfile":[{"path":"audios\/wordfile-652454159beff.mp3","mime":"audio\/mpeg","copyright":{"license":"U"}}]},{"text":" \u0909\u0921\u093c\u0947\u0902\u0917\u0947\u0964 ","startDuration":"2.3001","endDuration":"2.9823","wordfile":[{"path":"audios\/wordfile-652454e96a05c.mp3","mime":"audio\/mpeg","copyright":{"license":"U"}}]}],"files":[{"path":"audios\/files-652452f5c2a80.mp3","mime":"audio\/mpeg","copyright":{"license":"U"}}]},"subContentId":"e28ea7d4-f880-4047-ae42-b366d0b67d2f","metadata":{"contentType":"Curious Reader Audio","license":"U","title":"Untitled Curious Reader Audio"}},"backgroundOpacity":0,"willDoAnimation":false,"animationType":"glow","displayAsButton":false,"buttonSize":"big","goToSlideType":"specified","invisible":false},{"x":47.19387755102041,"y":22.646397984886647,"width":20.025510204081634,"height":19.395465994962215,"action":{"library":"H5P.Image 1.1","params":{"contentName":"Image"},"subContentId":"fc96726a-71f3-43d6-943e-7c861d801d10","metadata":{"contentType":"Image","license":"U","title":"Untitled Image"}},"backgroundOpacity":0,"willDoAnimation":true,"animationType":"glow","displayAsButton":false,"buttonSize":"big","goToSlideType":"specified","invisible":false,"id":"imge28ea7d4-f880-4047-ae42-b366d0b67d2f_4"},{"x":29.336734693877553,"y":22.646397984886647,"width":17.474489795918366,"height":14.357682619647354,"action":{"library":"H5P.Image 1.1","params":{"contentName":"Image"},"subContentId":"dacd23be-f1c7-4166-91ba-3397c48be725","metadata":{"contentType":"Image","license":"U","title":"Untitled Image"}},"backgroundOpacity":0,"willDoAnimation":true,"animationType":"glow","displayAsButton":false,"buttonSize":"big","goToSlideType":"specified","invisible":false,"id":"imge28ea7d4-f880-4047-ae42-b366d0b67d2f_4"}],"slideBackgroundSelector":{}},{"elements":[{"x":23.46938775510204,"y":83.10176322418135,"width":53.57142857142857,"height":13.853904282115868,"action":{"library":"H5P.CRAdvancedText 1.1","params":{"text":"<p style=\"text-align: center;\"><span style=\"color:#ffffff;\"><span style=\"font-size:1.75em;\">\u092e\u0948\u0902 \u092d\u0940 \u0909\u0921\u093c\u0928\u093e \u091a\u093e\u0939\u0924\u0940 \u0939\u0942\u0901\u0964<\/span><\/span><\/p>\n"},"metadata":{"contentType":"Text","license":"U","title":"Untitled Text"},"subContentId":"5725e4ee-8813-48bb-a605-b67eb66c239c"},"alwaysDisplayComments":false,"backgroundOpacity":0,"willDoAnimation":false,"animationType":"glow","displayAsButton":false,"buttonSize":"big","goToSlideType":"specified","invisible":false,"solution":""},{"x":23.611111111111,"y":12.193374729841,"width":53.199691358025,"height":68.573405640045,"action":{"library":"H5P.Image 1.1","params":{"contentName":"Image","file":{"path":"images\/file-61b101017a9d3.jpg","mime":"image\/jpeg","copyright":{"license":"U"},"width":1024,"height":735}},"metadata":{"contentType":"Image","license":"U","title":"Untitled Image"},"subContentId":"699c42ba-40b0-4a6a-ab28-669a51f20190"},"backgroundOpacity":0,"willDoAnimation":false,"animationType":"glow","displayAsButton":false,"buttonSize":"big","goToSlideType":"specified","invisible":false},{"x":47.00255102040816,"y":43.95465994962216,"width":40,"height":40,"action":{"library":"H5P.CRAudio 1.4","params":{"fitToWrapper":true,"currIndex":12,"playerMode":"minimalistic","controls":true,"autoplay":true,"playAudio":"Play audio","pauseAudio":"Pause audio","contentName":"Audio","glowColor":"#ffd85a","timeStampForEachText":[{"text":" \u092e\u0948\u0902 ","startDuration":"0.3961","endDuration":"0.8821","wordfile":[{"path":"audios\/wordfile-652455542acb7.mp3","mime":"audio\/mpeg","copyright":{"license":"U"}}]},{"text":" \u092d\u0940 ","startDuration":"0.8831","endDuration":"1.2151","wordfile":[{"path":"audios\/wordfile-6524558ba33ae.mp3","mime":"audio\/mpeg","copyright":{"license":"U"}}]},{"text":" \u0909\u0921\u093c\u0928\u093e ","startDuration":"1.2161","endDuration":"1.6845","wordfile":[{"path":"audios\/wordfile-652455beb879f.mp3","mime":"audio\/mpeg","copyright":{"license":"U"}}]},{"text":" \u091a\u093e\u0939\u0924\u0940 ","startDuration":"1.6855","endDuration":"2.1979","wordfile":[{"path":"audios\/wordfile-65245611b3af2.mp3","mime":"audio\/mpeg","copyright":{"license":"U"}}]},{"text":" \u0939\u0942\u0901\u0964 ","startDuration":"2.1989","endDuration":"2.5617","wordfile":[{"path":"audios\/wordfile-6524565b76311.mp3","mime":"audio\/mpeg","copyright":{"license":"U"}}]}],"files":[{"path":"audios\/files-6524551ac83f4.mp3","mime":"audio\/mpeg","copyright":{"license":"U"}}]},"subContentId":"b9e04599-1c4f-4497-88bc-0e66dfba805a","metadata":{"contentType":"Curious Reader Audio","license":"U","title":"Untitled Curious Reader Audio"}},"backgroundOpacity":0,"willDoAnimation":false,"animationType":"glow","displayAsButton":false,"buttonSize":"big","goToSlideType":"specified","invisible":false},{"x":36.98979591836735,"y":40.26675062972293,"width":12.372448979591837,"height":32.49370277078086,"action":{"library":"H5P.Image 1.1","params":{"contentName":"Image"},"subContentId":"059ca951-6190-46fc-b39b-c471d76b4e91","metadata":{"contentType":"Image","license":"U","title":"Untitled Image"}},"backgroundOpacity":0,"willDoAnimation":true,"animationType":"glow","displayAsButton":false,"buttonSize":"big","goToSlideType":"specified","invisible":false,"id":"imgb9e04599-1c4f-4497-88bc-0e66dfba805a_0"},{"x":43.36734693877551,"y":17.608614609571788,"width":16.198979591836736,"height":19.395465994962215,"action":{"library":"H5P.Image 1.1","params":{"contentName":"Image"},"subContentId":"eb45a63b-ac48-43db-8b3b-5317e85e6373","metadata":{"contentType":"Image","license":"U","title":"Untitled Image"}},"backgroundOpacity":0,"willDoAnimation":true,"animationType":"glow","displayAsButton":false,"buttonSize":"big","goToSlideType":"specified","invisible":false,"id":"imgb9e04599-1c4f-4497-88bc-0e66dfba805a_2"}],"slideBackgroundSelector":{"fillSlideBackground":"#fef6fc"}},{"elements":[{"x":3.826530612244898,"y":10.075566750629722,"width":21.04591836734694,"height":15.113350125944583,"action":{"library":"H5P.Image 1.1","params":{"contentName":"Image","file":{"path":"images\/file-61fb296cf2c04.png","mime":"image\/png","copyright":{"license":"U"},"width":1350,"height":487}},"metadata":{"contentType":"Image","license":"U","title":"Untitled Image"},"subContentId":"cea66d06-0db5-46fc-98e4-cac01979cf85"},"backgroundOpacity":0,"willDoAnimation":false,"animationType":"glow","displayAsButton":false,"buttonSize":"big","goToSlideType":"specified","invisible":false},{"x":35.714285714285715,"y":10.075566750629722,"width":24.23469387755102,"height":13.09823677581864,"action":{"library":"H5P.Image 1.1","params":{"contentName":"Image","file":{"path":"images\/file-61fb29a5596cb.png","mime":"image\/png","copyright":{"license":"U"},"width":814,"height":202}},"metadata":{"contentType":"Image","license":"U","title":"Untitled Image"},"subContentId":"bbef62b0-6ec6-42de-a520-b1fcd9146255"},"backgroundOpacity":0,"willDoAnimation":false,"animationType":"glow","displayAsButton":false,"buttonSize":"big","goToSlideType":"specified","invisible":false},{"x":67.60204081632654,"y":11.083123425692694,"width":26.785714285714285,"height":10.831234256926951,"action":{"library":"H5P.Image 1.1","params":{"contentName":"Image","file":{"path":"images\/file-61fb28cb969ac.jpg","mime":"image\/jpeg","copyright":{"license":"U"},"width":1732,"height":354}},"metadata":{"contentType":"Image","license":"U","title":"Untitled Image"},"subContentId":"8dc44ff8-759b-4228-b000-3f7082f34110"},"backgroundOpacity":0,"willDoAnimation":false,"animationType":"glow","displayAsButton":false,"buttonSize":"big","goToSlideType":"specified","invisible":false},{"x":7.653061224489796,"y":37.7735516372796,"width":88.64795918367346,"height":52.896725440806044,"action":{"library":"H5P.CRAdvancedText 1.1","params":{"text":"<h3 style=\"text-align: center;\"><span style=\"font-size:1em;\"><strong>\"<\/strong><\/span>\u0906\u0913 \u0909\u0921\u093c\u0947\u0902<span style=\"font-size:1em;\"><strong>\" credits<\/strong><\/span><\/h3>\n\n<h3 style=\"text-align: center;\"><span style=\"font-size:1em;\">This work, \"<\/span>\u0906\u0913 \u0909\u0921\u093c\u0947\u0902<span style=\"font-size:1em;\">\", is a derivative of \"Let's Fly!\"&nbsp;by All Children Reading Cambodia. \u00a9 The Asia Foundation , 2018 and used under CC BY.&nbsp;\"<\/span>\u0906\u0913 \u0909\u0921\u093c\u0947\u0902<span style=\"font-size:1em;\">\" is licensed under CC BY 4.0 by Curious Learning.<\/span><\/h3>\n\n<h3 style=\"text-align: center;\"><br>\n<span style=\"font-size:1em;\">Book builder - Abraham Jerry Kakooza<\/span><\/h3>\n\n<p style=\"text-align: center;\">&nbsp;<\/p>\n"},"metadata":{"contentType":"Text","license":"U","title":"Untitled Text"},"subContentId":"fe7f8149-c6dc-4430-afd6-744a016b3c60"},"alwaysDisplayComments":false,"backgroundOpacity":0,"willDoAnimation":false,"animationType":"glow","displayAsButton":false,"buttonSize":"big","goToSlideType":"specified","invisible":false,"solution":""}],"slideBackgroundSelector":{}}],"keywordListEnabled":true,"globalBackgroundSelector":{"fillGlobalBackground":"#fbfef0"},"keywordListAlwaysShow":false,"keywordListAutoHide":false,"keywordListOpacity":90},"override":{"activeSurface":false,"hideSummarySlide":false,"summarySlideSolutionButton":true,"summarySlideRetryButton":true,"enablePrintButton":false,"social":{"showFacebookShare":false,"facebookShare":{"url":"@currentpageurl","quote":"I scored @score out of @maxScore on a task at @currentpageurl."},"showTwitterShare":false,"twitterShare":{"statement":"I scored @score out of @maxScore on a task at @currentpageurl.","url":"@currentpageurl","hashtags":"h5p, course"},"showGoogleShare":false,"googleShareUrl":"@currentpageurl"}},"l10n":{"slide":"Slide","score":"Score","yourScore":"Your Score","maxScore":"Max Score","total":"Total","totalScore":"Total Score","showSolutions":"Show solutions","retry":"Retry","exportAnswers":"Export text","hideKeywords":"Hide sidebar navigation menu","showKeywords":"Show sidebar navigation menu","fullscreen":"Fullscreen","exitFullscreen":"Exit fullscreen","prevSlide":"Previous slide","nextSlide":"Next slide","currentSlide":"Current slide","lastSlide":"Last slide","solutionModeTitle":"Exit solution mode","solutionModeText":"Solution Mode","summaryMultipleTaskText":"Multiple tasks","scoreMessage":"You achieved:","shareFacebook":"Share on Facebook","shareTwitter":"Share on Twitter","shareGoogle":"Share on Google+","summary":"Summary","solutionsButtonTitle":"Show comments","printTitle":"Print","printIngress":"How would you like to print this presentation?","printAllSlides":"Print all slides","printCurrentSlide":"Print current slide","noTitle":"No title","accessibilitySlideNavigationExplanation":"Use left and right arrow to change slide in that direction whenever canvas is selected.","accessibilityCanvasLabel":"Presentation canvas. Use left and right arrow to move between slides.","containsNotCompleted":"@slideName contains not completed interaction","containsCompleted":"@slideName contains completed interaction","slideCount":"Slide @index of @total","containsOnlyCorrect":"@slideName only has correct answers","containsIncorrectAnswers":"@slideName has incorrect answers","shareResult":"Share Result","accessibilityTotalScore":"You got @score of @maxScore points in total","accessibilityEnteredFullscreen":"Entered fullscreen","accessibilityExitedFullscreen":"Exited fullscreen"}}