{"presentation":{"slides":[{"elements":[{"x":31.590413943355,"y":0,"width":33.769063180828,"height":59.94698042321,"action":{"library":"H5P.Image 1.1","params":{"contentName":"Image","file":{"path":"images\/file-618eec172dba8.jpg","mime":"image\/jpeg","copyright":{"license":"U"},"width":273,"height":273}},"subContentId":"3cf34d7e-b046-45e2-a35f-e748b079a1ab","metadata":{"contentType":"Image","license":"U","title":"Untitled Image"}},"backgroundOpacity":0,"willDoAnimation":false,"animationType":"glow","displayAsButton":false,"buttonSize":"big","goToSlideType":"specified","invisible":false},{"x":24.23469387755102,"y":62.34836272040302,"width":53.316326530612244,"height":15.113350125944583,"action":{"library":"H5P.CRAdvancedText 1.1","params":{"text":"<p style=\"text-align: center;\"><span style=\"font-size:2.25em;\"><span style=\"color:#000000;\">Amigos<\/span><\/span><\/p>\n"},"subContentId":"02072a1d-971b-4c03-b488-6f58032a6323","metadata":{"contentType":"Text","license":"U","title":"Untitled Text"}},"alwaysDisplayComments":false,"backgroundOpacity":0,"willDoAnimation":false,"animationType":"glow","displayAsButton":false,"buttonSize":"big","goToSlideType":"specified","invisible":false,"solution":""}],"slideBackgroundSelector":{}},{"slideBackgroundSelector":{},"elements":[{"x":29.956427015251,"y":6.0249519079732,"width":39.998692810458,"height":63.692348741431,"action":{"library":"H5P.Image 1.1","params":{"contentName":"Image","file":{"path":"images\/file-618eefbd78740.jpg","mime":"image\/jpeg","copyright":{"license":"U"},"width":273,"height":273}},"subContentId":"b3bc7de6-aa5a-4c41-8a52-929eaeba6770","metadata":{"contentType":"Image","license":"U","title":"Untitled Image"}},"backgroundOpacity":0,"willDoAnimation":false,"animationType":"glow","displayAsButton":false,"buttonSize":"big","goToSlideType":"specified","invisible":false},{"x":15.306122448979592,"y":75.56675062972292,"width":67.7295918367347,"height":16.120906801007557,"action":{"library":"H5P.CRAdvancedText 1.1","params":{"text":"<p dir=\"ltr\" style=\"text-align: center;\"><span style=\"font-size:1.75em;\"><span style=\"color:#ffffff;\">Meu nome \u00e9 Simo.<\/span><\/span><\/p>\n"},"subContentId":"66ad11c1-9362-4aba-8747-aa722a3e941d","metadata":{"contentType":"Text","license":"U","title":"Untitled Text"}},"alwaysDisplayComments":false,"backgroundOpacity":0,"willDoAnimation":false,"animationType":"glow","displayAsButton":false,"buttonSize":"big","goToSlideType":"specified","invisible":false,"solution":""},{"x":47.000103485838785,"y":44.00026681929878,"width":40,"height":40,"action":{"library":"H5P.CRAudio 1.4","params":{"fitToWrapper":true,"currIndex":1,"playerMode":"minimalistic","controls":true,"autoplay":true,"playAudio":"Play audio","pauseAudio":"Pause audio","contentName":"Audio","glowColor":"#ffd85a","timeStampForEachText":[{"text":" Meu ","startDuration":"0.0000","endDuration":"0.3890","wordfile":[{"path":"audios\/wordfile-670ce0f17bcb0.wav","mime":"audio\/x-wav","copyright":{"license":"U"}}]},{"text":" nome ","startDuration":"0.3900","endDuration":"0.8316","wordfile":[{"path":"audios\/wordfile-670ce10899e75.wav","mime":"audio\/x-wav","copyright":{"license":"U"}}]},{"text":" \u00e9 ","startDuration":"0.8326","endDuration":"1.0326","wordfile":[{"path":"audios\/wordfile-670ce11ec7738.wav","mime":"audio\/x-wav","copyright":{"license":"U"}}]},{"text":" Simo. ","startDuration":"1.0336","endDuration":"1.8401","wordfile":[{"path":"audios\/wordfile-670ce131cbbae.wav","mime":"audio\/x-wav","copyright":{"license":"U"}}]}],"files":[{"path":"audios\/files-670ce0d63b624.wav","mime":"audio\/x-wav","copyright":{"license":"U"}}]},"subContentId":"ef902481-49ed-44f1-a94e-e25c898895f1","metadata":{"contentType":"Curious Reader Audio","license":"U","title":"Untitled Curious Reader Audio"}},"backgroundOpacity":0,"willDoAnimation":false,"animationType":"glow","displayAsButton":false,"buttonSize":"big","goToSlideType":"specified","invisible":false},{"x":42.48366013071895,"y":8.607074154247377,"width":12.745098039215687,"height":27.62677144344937,"action":{"library":"H5P.Image 1.1","params":{"contentName":"Image"},"subContentId":"d9788049-0465-4f4c-b0fd-768e2ba7d855","metadata":{"contentType":"Image","license":"U","title":"Untitled Image"}},"backgroundOpacity":0,"willDoAnimation":true,"animationType":"glow","displayAsButton":false,"buttonSize":"big","goToSlideType":"specified","invisible":false,"id":"imgef902481-49ed-44f1-a94e-e25c898895f1_3"}]},{"elements":[{"x":29.95561224489796,"y":6.019748110831234,"width":40.05102040816327,"height":73.04785894206549,"action":{"library":"H5P.Image 1.1","params":{"contentName":"Image","file":{"path":"images\/file-618eaa5be44fc.jpg","mime":"image\/jpeg","copyright":{"license":"U"},"width":273,"height":273},"alt":"Nginabangane abane.","title":"Nginabangane abane."},"subContentId":"ae66385b-0d27-4457-be23-9484bf4339ff","metadata":{"contentType":"Image","license":"U","title":"Untitled Image"}},"backgroundOpacity":0,"willDoAnimation":false,"animationType":"glow","displayAsButton":false,"buttonSize":"big","goToSlideType":"specified","invisible":false},{"x":17.429193899782135,"y":81.76720446535008,"width":72.70408163265306,"height":17.632241813602015,"action":{"library":"H5P.CRAdvancedText 1.1","params":{"text":"<p dir=\"ltr\" style=\"text-align: center;\"><span style=\"font-size:1.75em;\"><span style=\"color:#ffffff;\">Eu tenho quatro amigos.<\/span><\/span><\/p>\n"},"subContentId":"57938d29-84fc-44ea-9e87-80ef0111d353","metadata":{"contentType":"Text","license":"U","title":"Untitled Text"}},"alwaysDisplayComments":false,"backgroundOpacity":0,"willDoAnimation":false,"animationType":"glow","displayAsButton":false,"buttonSize":"big","goToSlideType":"specified","invisible":false,"solution":""},{"x":47.000103485838785,"y":44.00026681929878,"width":40,"height":40,"action":{"library":"H5P.CRAudio 1.4","params":{"fitToWrapper":true,"currIndex":2,"playerMode":"minimalistic","controls":true,"autoplay":true,"playAudio":"Play audio","pauseAudio":"Pause audio","contentName":"Audio","glowColor":"#ffd85a","timeStampForEachText":[{"text":" Eu ","startDuration":"0.0000","endDuration":"0.3430","wordfile":[{"path":"audios\/wordfile-670ce22960d0e.wav","mime":"audio\/x-wav","copyright":{"license":"U"}}]},{"text":" tenho ","startDuration":"0.3440","endDuration":"0.8200","wordfile":[{"path":"audios\/wordfile-670ce23ddc0eb.wav","mime":"audio\/x-wav","copyright":{"license":"U"}}]},{"text":" quatro ","startDuration":"0.8210","endDuration":"1.3497","wordfile":[{"path":"audios\/wordfile-670ce252e6120.wav","mime":"audio\/x-wav","copyright":{"license":"U"}}]},{"text":" amigos. ","startDuration":"1.3507","endDuration":"2.1980","wordfile":[{"path":"audios\/wordfile-670ce268d78e2.wav","mime":"audio\/x-wav","copyright":{"license":"U"}}]}],"files":[{"path":"audios\/files-670ce20bf3ed4.wav","mime":"audio\/x-wav","copyright":{"license":"U"}}]},"subContentId":"86a184ee-b113-4c5f-9e22-6b2ad1a64a8a","metadata":{"contentType":"Curious Reader Audio","license":"U","title":"Untitled Curious Reader Audio"}},"backgroundOpacity":0,"willDoAnimation":false,"animationType":"glow","displayAsButton":false,"buttonSize":"big","goToSlideType":"specified","invisible":false},{"x":29.411764705882355,"y":8.607074154247377,"width":19.281045751633986,"height":39.999440540179975,"action":{"library":"H5P.Image 1.1","params":{"contentName":"Image"},"subContentId":"62160495-1390-4a6b-8561-c84db3039164","metadata":{"contentType":"Image","license":"U","title":"Untitled Image"}},"backgroundOpacity":0,"willDoAnimation":true,"animationType":"glow","displayAsButton":false,"buttonSize":"big","goToSlideType":"specified","invisible":false,"id":"img86a184ee-b113-4c5f-9e22-6b2ad1a64a8a_2"},{"x":29.411764705882355,"y":8.607074154247377,"width":19.281045751633986,"height":39.999440540179975,"action":{"library":"H5P.Image 1.1","params":{"contentName":"Image"},"subContentId":"e25633f4-4e92-4acb-be00-287430fe8642","metadata":{"contentType":"Image","license":"U","title":"Untitled Image"}},"backgroundOpacity":0,"willDoAnimation":true,"animationType":"glow","displayAsButton":false,"buttonSize":"big","goToSlideType":"specified","invisible":false,"id":"img86a184ee-b113-4c5f-9e22-6b2ad1a64a8a_3"},{"x":54.46623093681917,"y":10.758842692809221,"width":19.281045751633986,"height":39.999440540179975,"action":{"library":"H5P.Image 1.1","params":{"contentName":"Image"},"subContentId":"9af8720c-e9ed-4621-8bd4-879f13bbf9fe","metadata":{"contentType":"Image","license":"U","title":"Untitled Image"}},"backgroundOpacity":0,"willDoAnimation":true,"animationType":"glow","displayAsButton":false,"buttonSize":"big","goToSlideType":"specified","invisible":false,"id":"img86a184ee-b113-4c5f-9e22-6b2ad1a64a8a_2"},{"x":54.46623093681917,"y":10.758842692809221,"width":19.281045751633986,"height":39.999440540179975,"action":{"library":"H5P.Image 1.1","params":{"contentName":"Image"},"subContentId":"854f2ec5-b38a-4ad1-b599-2b0eecd9f673","metadata":{"contentType":"Image","license":"U","title":"Untitled Image"}},"backgroundOpacity":0,"willDoAnimation":true,"animationType":"glow","displayAsButton":false,"buttonSize":"big","goToSlideType":"specified","invisible":false,"id":"img86a184ee-b113-4c5f-9e22-6b2ad1a64a8a_3"}],"slideBackgroundSelector":{}},{"elements":[{"x":46.84095860566449,"y":15.053763440860214,"width":39.998148148148,"height":70.107027346691,"action":{"library":"H5P.Image 1.1","params":{"contentName":"Image","file":{"path":"images\/file-618eaaf72c1e1.jpg","mime":"image\/jpeg","copyright":{"license":"U"},"width":273,"height":273},"alt":"Amagama abo nguZizo, Lele, Sisa kanye no-Ayanda.","title":"Amagama abo nguZizo, Lele, Sisa kanye no-Ayanda."},"subContentId":"452a3227-be2b-4299-a321-0e2a44729e66","metadata":{"contentType":"Image","license":"U","title":"Untitled Image"}},"backgroundOpacity":0,"willDoAnimation":false,"animationType":"glow","displayAsButton":false,"buttonSize":"big","goToSlideType":"specified","invisible":false},{"x":3.2679738562091503,"y":27.956989247311824,"width":40.30612244897959,"height":52.896725440806044,"action":{"library":"H5P.CRAdvancedText 1.1","params":{"text":"<p dir=\"ltr\" style=\"text-align: center;\"><span style=\"font-size:1.75em;\"><span style=\"color:#ffffff;\">Seus nomes s\u00e3o Zizo, Lele, Sisa e Ayanda.<\/span><\/span><\/p>\n"},"subContentId":"90b9ee88-704b-4089-94e8-b4c6f859df47","metadata":{"contentType":"Text","license":"U","title":"Untitled Text"}},"alwaysDisplayComments":false,"backgroundOpacity":0,"willDoAnimation":false,"animationType":"glow","displayAsButton":false,"buttonSize":"big","goToSlideType":"specified","invisible":false,"solution":""},{"x":47.000103485838785,"y":44.00026681929878,"width":40,"height":40,"action":{"library":"H5P.CRAudio 1.4","params":{"fitToWrapper":true,"currIndex":3,"playerMode":"minimalistic","controls":true,"autoplay":true,"playAudio":"Play audio","pauseAudio":"Pause audio","contentName":"Audio","glowColor":"#ffd85a","timeStampForEachText":[{"text":" Seus ","startDuration":"0.0000","endDuration":"0.4907","wordfile":[{"path":"audios\/wordfile-670ce2b01e1a5.wav","mime":"audio\/x-wav","copyright":{"license":"U"}}]},{"text":" nomes ","startDuration":"0.4917","endDuration":"1.0853","wordfile":[{"path":"audios\/wordfile-670ce2c566515.wav","mime":"audio\/x-wav","copyright":{"license":"U"}}]},{"text":" s\u00e3o ","startDuration":"1.1142","endDuration":"1.5746","wordfile":[{"path":"audios\/wordfile-670ce2f64e10c.wav","mime":"audio\/x-wav","copyright":{"license":"U"}}]},{"text":" Zizo, ","startDuration":"1.5756","endDuration":"2.3690","wordfile":[{"path":"audios\/wordfile-670ce30f690c2.wav","mime":"audio\/x-wav","copyright":{"license":"U"}}]},{"text":" Lele, ","startDuration":"2.3700","endDuration":"3.1332","wordfile":[{"path":"audios\/wordfile-670ce3265542a.wav","mime":"audio\/x-wav","copyright":{"license":"U"}}]},{"text":" Sisa ","startDuration":"3.1342","endDuration":"3.9943","wordfile":[{"path":"audios\/wordfile-670ce33aa60e4.wav","mime":"audio\/x-wav","copyright":{"license":"U"}}]},{"text":" e ","startDuration":"3.9953","endDuration":"4.4194","wordfile":[{"path":"audios\/wordfile-670ce359ace29.wav","mime":"audio\/x-wav","copyright":{"license":"U"}}]},{"text":" Ayanda. ","startDuration":"4.4204","endDuration":"5.3047","wordfile":[{"path":"audios\/wordfile-670ce36d8aefc.wav","mime":"audio\/x-wav","copyright":{"license":"U"}}]}],"files":[{"path":"audios\/files-670ce28f229cb.wav","mime":"audio\/x-wav","copyright":{"license":"U"}}]},"subContentId":"2c1ff53c-59a7-4ac4-ba3f-c53fe53ca745","metadata":{"contentType":"Curious Reader Audio","license":"U","title":"Untitled Curious Reader Audio"}},"backgroundOpacity":0,"willDoAnimation":false,"animationType":"glow","displayAsButton":false,"buttonSize":"big","goToSlideType":"specified","invisible":false},{"x":49.01960784313726,"y":19.365916847056596,"width":9.477124183006536,"height":23.740031932245113,"action":{"library":"H5P.Image 1.1","params":{"contentName":"Image"},"subContentId":"44723531-98f3-4b99-8db2-6aad0f8b53bb","metadata":{"contentType":"Image","license":"U","title":"Untitled Image"}},"backgroundOpacity":0,"willDoAnimation":true,"animationType":"glow","displayAsButton":false,"buttonSize":"big","goToSlideType":"specified","invisible":false,"id":"img2c1ff53c-59a7-4ac4-ba3f-c53fe53ca745_3"},{"x":54.46623093681917,"y":23.669453924180285,"width":10.56644880174292,"height":26.4499692297099,"action":{"library":"H5P.Image 1.1","params":{"contentName":"Image"},"subContentId":"8802b293-9cb7-44a3-be59-344547342e92","metadata":{"contentType":"Image","license":"U","title":"Untitled Image"}},"backgroundOpacity":0,"willDoAnimation":true,"animationType":"glow","displayAsButton":false,"buttonSize":"big","goToSlideType":"specified","invisible":false,"id":"img2c1ff53c-59a7-4ac4-ba3f-c53fe53ca745_4"},{"x":77.34204793028323,"y":21.517685385618442,"width":11.655773420479303,"height":29.159906527174684,"action":{"library":"H5P.Image 1.1","params":{"contentName":"Image"},"subContentId":"c15beecd-4325-4bdf-97b2-08ee4ba984a2","metadata":{"contentType":"Image","license":"U","title":"Untitled Image"}},"backgroundOpacity":0,"willDoAnimation":true,"animationType":"glow","displayAsButton":false,"buttonSize":"big","goToSlideType":"specified","invisible":false,"id":"img2c1ff53c-59a7-4ac4-ba3f-c53fe53ca745_5"},{"x":69.71677559912854,"y":27.972991001303974,"width":11.655773420479303,"height":25.770871078939784,"action":{"library":"H5P.Image 1.1","params":{"contentName":"Image"},"subContentId":"86c6d34e-8537-4908-9b20-9f5faa12e4e9","metadata":{"contentType":"Image","license":"U","title":"Untitled Image"}},"backgroundOpacity":0,"willDoAnimation":true,"animationType":"glow","displayAsButton":false,"buttonSize":"big","goToSlideType":"specified","invisible":false,"id":"img2c1ff53c-59a7-4ac4-ba3f-c53fe53ca745_7"}],"slideBackgroundSelector":{}},{"elements":[{"x":4.6296296296296,"y":12.193374729841,"width":41.666666666667,"height":73.160248379043,"action":{"library":"H5P.Image 1.1","params":{"contentName":"Image","alt":"Umngani wami uZizo uthanda ukudlala ibhola.","file":{"path":"images\/file-618ead11f0668.jpg","mime":"image\/jpeg","copyright":{"license":"U"},"width":273,"height":273},"title":"Umngani wami uZizo uthanda ukudlala ibhola."},"subContentId":"6393f6bc-06c5-422b-b91a-1b61280a82f6","metadata":{"contentType":"Image","license":"U","title":"Untitled Image"}},"backgroundOpacity":0,"willDoAnimation":false,"animationType":"glow","displayAsButton":false,"buttonSize":"big","goToSlideType":"specified","invisible":false},{"x":49.744897959183675,"y":20.14523929471033,"width":43.62244897959184,"height":63.47607052896725,"action":{"library":"H5P.CRAdvancedText 1.1","params":{"text":"<p dir=\"ltr\" style=\"text-align: center;\"><span style=\"color:#ffffff;\"><span style=\"font-size:1.75em;\">Meu amigo Zizo gosta de jogar futebol.<\/span><\/span><\/p>\n"},"subContentId":"f5e3c72c-0ff5-4ef5-82f5-10340deebea8","metadata":{"contentType":"Text","license":"U","title":"Untitled Text"}},"alwaysDisplayComments":false,"backgroundOpacity":0,"willDoAnimation":false,"animationType":"glow","displayAsButton":false,"buttonSize":"big","goToSlideType":"specified","invisible":false,"solution":""},{"x":47.000103485838785,"y":44.00026681929878,"width":40,"height":40,"action":{"library":"H5P.CRAudio 1.4","params":{"fitToWrapper":true,"currIndex":4,"playerMode":"minimalistic","controls":true,"autoplay":true,"playAudio":"Play audio","pauseAudio":"Pause audio","contentName":"Audio","glowColor":"#ffd85a","timeStampForEachText":[{"text":" Meu ","startDuration":"0.0000","endDuration":"0.3706","wordfile":[{"path":"audios\/wordfile-670ce3b3ae194.wav","mime":"audio\/x-wav","copyright":{"license":"U"}}]},{"text":" amigo ","startDuration":"0.3716","endDuration":"0.9008","wordfile":[{"path":"audios\/wordfile-670ce3c94eff2.wav","mime":"audio\/x-wav","copyright":{"license":"U"}}]},{"text":" Zizo ","startDuration":"0.9018","endDuration":"1.4628","wordfile":[{"path":"audios\/wordfile-670ce3de1758c.wav","mime":"audio\/x-wav","copyright":{"license":"U"}}]},{"text":" gosta ","startDuration":"1.4638","endDuration":"1.9613","wordfile":[{"path":"audios\/wordfile-670ce3f142ac6.wav","mime":"audio\/x-wav","copyright":{"license":"U"}}]},{"text":" de ","startDuration":"1.9623","endDuration":"2.1623","wordfile":[{"path":"audios\/wordfile-670ce40270daa.wav","mime":"audio\/x-wav","copyright":{"license":"U"}}]},{"text":" jogar ","startDuration":"2.1633","endDuration":"2.5735","wordfile":[{"path":"audios\/wordfile-670ce416cc6c1.wav","mime":"audio\/x-wav","copyright":{"license":"U"}}]},{"text":" futebol. ","startDuration":"2.5745","endDuration":"3.4748","wordfile":[{"path":"audios\/wordfile-670ce42c0074b.wav","mime":"audio\/x-wav","copyright":{"license":"U"}}]}],"files":[{"path":"audios\/files-670ce3906e8b3.wav","mime":"audio\/x-wav","copyright":{"license":"U"}}]},"subContentId":"43c6e76d-1c6f-4a88-9766-a190d3be4653","metadata":{"contentType":"Curious Reader Audio","license":"U","title":"Untitled Curious Reader Audio"}},"backgroundOpacity":0,"willDoAnimation":false,"animationType":"glow","displayAsButton":false,"buttonSize":"big","goToSlideType":"specified","invisible":false},{"x":19.607843137254903,"y":15.062379769932909,"width":11.655773420479303,"height":27.297120503341695,"action":{"library":"H5P.Image 1.1","params":{"contentName":"Image"},"subContentId":"eea24740-f83d-41d2-9fb8-c32bbfb7f69c","metadata":{"contentType":"Image","license":"U","title":"Untitled Image"}},"backgroundOpacity":0,"willDoAnimation":true,"animationType":"glow","displayAsButton":false,"buttonSize":"big","goToSlideType":"specified","invisible":false,"id":"img43c6e76d-1c6f-4a88-9766-a190d3be4653_2"},{"x":28.32244008714597,"y":62.40128761829348,"width":7.298474945533769,"height":13.579682140751485,"action":{"library":"H5P.Image 1.1","params":{"contentName":"Image"},"subContentId":"4d7f2730-66b9-4c42-ac7d-ced7463d2caf","metadata":{"contentType":"Image","license":"U","title":"Untitled Image"}},"backgroundOpacity":0,"willDoAnimation":true,"animationType":"glow","displayAsButton":false,"buttonSize":"big","goToSlideType":"specified","invisible":false,"id":"img43c6e76d-1c6f-4a88-9766-a190d3be4653_6"}],"slideBackgroundSelector":{}},{"elements":[{"x":3.826530612244898,"y":32.7455919395466,"width":45.79081632653061,"height":42.82115869017632,"action":{"library":"H5P.CRAdvancedText 1.1","params":{"text":"<p dir=\"ltr\" style=\"text-align: center;\"><span style=\"font-size:1.75em;\"><span style=\"color:#ffffff;\">Minha amiga Lele gosta de nadar.<\/span><\/span><\/p>\n"},"subContentId":"76183659-b7f0-413b-b61c-7c61946a9942","metadata":{"contentType":"Text","license":"U","title":"Untitled Text"}},"alwaysDisplayComments":false,"backgroundOpacity":0,"willDoAnimation":false,"animationType":"glow","displayAsButton":false,"buttonSize":"big","goToSlideType":"specified","invisible":false,"solution":""},{"x":49.76851851851851,"y":13.698630136986301,"width":39.998148148148,"height":70.102454831167,"action":{"library":"H5P.Image 1.1","params":{"contentName":"Image","file":{"path":"images\/file-618eb063ee94e.jpg","mime":"image\/jpeg","copyright":{"license":"U"},"width":273,"height":273},"alt":"Umngane wami uLele uthanda ukubhukuda.","title":"Umngane wami uLele uthanda ukubhukuda."},"subContentId":"0dc3e4cb-95ea-49b2-b066-22ceb74a7599","metadata":{"contentType":"Image","license":"U","title":"Untitled Image"}},"backgroundOpacity":0,"willDoAnimation":false,"animationType":"glow","displayAsButton":false,"buttonSize":"big","goToSlideType":"specified","invisible":false},{"x":47.000103485838785,"y":44.00026681929878,"width":40,"height":40,"action":{"library":"H5P.CRAudio 1.4","params":{"fitToWrapper":true,"currIndex":5,"playerMode":"minimalistic","controls":true,"autoplay":true,"playAudio":"Play audio","pauseAudio":"Pause audio","contentName":"Audio","glowColor":"#ffd85a","timeStampForEachText":[{"text":" Minha ","startDuration":"0.0000","endDuration":"0.4370","wordfile":[{"path":"audios\/wordfile-670ce50671c04.wav","mime":"audio\/x-wav","copyright":{"license":"U"}}]},{"text":" amiga ","startDuration":"0.4380","endDuration":"0.7796","wordfile":[{"path":"audios\/wordfile-670ce51e875c2.wav","mime":"audio\/x-wav","copyright":{"license":"U"}}]},{"text":" Lele ","startDuration":"0.7806","endDuration":"1.3284","wordfile":[{"path":"audios\/wordfile-670ce533a3697.wav","mime":"audio\/x-wav","copyright":{"license":"U"}}]},{"text":" gosta ","startDuration":"1.3294","endDuration":"1.9080","wordfile":[{"path":"audios\/wordfile-670ce54e9d74c.wav","mime":"audio\/x-wav","copyright":{"license":"U"}}]},{"text":" de ","startDuration":"1.9090","endDuration":"2.1090","wordfile":[{"path":"audios\/wordfile-670ce5627321a.wav","mime":"audio\/x-wav","copyright":{"license":"U"}}]},{"text":" nadar. ","startDuration":"2.1100","endDuration":"2.6966","wordfile":[{"path":"audios\/wordfile-670ce572bf6f2.wav","mime":"audio\/x-wav","copyright":{"license":"U"}}]}],"files":[{"path":"audios\/files-670ce4dc2bdfe.wav","mime":"audio\/x-wav","copyright":{"license":"U"}}]},"subContentId":"9cef6472-0032-4f80-b08c-640a277c09a1","metadata":{"contentType":"Curious Reader Audio","license":"U","title":"Untitled Curious Reader Audio"}},"backgroundOpacity":0,"willDoAnimation":false,"animationType":"glow","displayAsButton":false,"buttonSize":"big","goToSlideType":"specified","invisible":false},{"x":58.82352941176471,"y":38.73183369411319,"width":10.56644880174292,"height":19.67691195393494,"action":{"library":"H5P.Image 1.1","params":{"contentName":"Image"},"subContentId":"c87843a4-605d-45c3-874f-bfa5ae65a3a2","metadata":{"contentType":"Image","license":"U","title":"Untitled Image"}},"backgroundOpacity":0,"willDoAnimation":true,"animationType":"glow","displayAsButton":false,"buttonSize":"big","goToSlideType":"specified","invisible":false,"id":"img9cef6472-0032-4f80-b08c-640a277c09a1_3"},{"x":54.46623093681917,"y":40.88360223267504,"width":18.084531590413942,"height":27.327460439735418,"action":{"library":"H5P.Image 1.1","params":{"contentName":"Image"},"subContentId":"a0a87532-7cfe-441b-b583-0d0090e190b0","metadata":{"contentType":"Image","license":"U","title":"Untitled Image"}},"backgroundOpacity":0,"willDoAnimation":true,"animationType":"glow","displayAsButton":false,"buttonSize":"big","goToSlideType":"specified","invisible":false,"id":"img9cef6472-0032-4f80-b08c-640a277c09a1_5"}],"slideBackgroundSelector":{}},{"elements":[{"x":51.19825708061002,"y":15.053763440860214,"width":40.305010893246,"height":73.926590264538,"action":{"library":"H5P.Image 1.1","params":{"contentName":"Image","file":{"path":"images\/file-618ecc59ee8f9.jpg","mime":"image\/jpeg","copyright":{"license":"U"},"width":273,"height":273},"alt":"Umngane wami uSisa uthanda ukudlala umacashelana.","title":"Umngane wami uSisa uthanda ukudlala umacashelana."},"subContentId":"75c3c2b5-0b21-46f1-ad99-984d6ab526ad","metadata":{"contentType":"Image","license":"U","title":"Untitled Image"}},"backgroundOpacity":0,"willDoAnimation":false,"animationType":"glow","displayAsButton":false,"buttonSize":"big","goToSlideType":"specified","invisible":false},{"x":3.2679738562091503,"y":34.428296616989506,"width":47.585620915032685,"height":43.44054878704808,"action":{"library":"H5P.CRAdvancedText 1.1","params":{"text":"<p style=\"text-align:center;\"><span style=\"font-size:1.75em;color:hsl(0,0%,100%);\">Minha amiga Sisa gosta de brincar de esconde-esconde.<\/span><\/p>"},"subContentId":"c8ff22ff-1768-44a3-a0ed-b3d522587cef","metadata":{"contentType":"Text","license":"U","title":"Untitled Text"}},"alwaysDisplayComments":false,"backgroundOpacity":0,"willDoAnimation":false,"animationType":"glow","displayAsButton":false,"buttonSize":"big","goToSlideType":"specified","invisible":false,"solution":""},{"x":47.000103485838785,"y":44.00026681929878,"width":40,"height":40,"action":{"library":"H5P.CRAudio 1.4","params":{"fitToWrapper":true,"currIndex":6,"playerMode":"minimalistic","controls":true,"autoplay":true,"playAudio":"Play audio","pauseAudio":"Pause audio","contentName":"Audio","glowColor":"#ffd85a","timeStampForEachText":[{"text":" Minha ","startDuration":"0.0000","endDuration":"0.3702","wordfile":[{"path":"audios\/wordfile-670cfdce9b260.wav","mime":"audio\/x-wav","copyright":{"license":"U"}}]},{"text":" amiga ","startDuration":"0.3712","endDuration":"0.7839","wordfile":[{"path":"audios\/wordfile-670cfdecd3f67.wav","mime":"audio\/x-wav","copyright":{"license":"U"}}]},{"text":" Sisa ","startDuration":"0.7849","endDuration":"1.4907","wordfile":[{"path":"audios\/wordfile-670cfe0c39f24.wav","mime":"audio\/x-wav","copyright":{"license":"U"}}]},{"text":" gosta ","startDuration":"1.4917","endDuration":"1.9800","wordfile":[{"path":"audios\/wordfile-670cfe23f1d70.wav","mime":"audio\/x-wav","copyright":{"license":"U"}}]},{"text":" de ","startDuration":"1.9994","endDuration":"2.1994","wordfile":[{"path":"audios\/wordfile-670cfe3f094c5.wav","mime":"audio\/x-wav","copyright":{"license":"U"}}]},{"text":" brincar ","startDuration":"2.2004","endDuration":"2.6178","wordfile":[{"path":"audios\/wordfile-670cfe5a097ac.wav","mime":"audio\/x-wav","copyright":{"license":"U"}}]},{"text":" de ","startDuration":"2.6188","endDuration":"2.7763","wordfile":[{"path":"audios\/wordfile-670cfe75b03cc.wav","mime":"audio\/x-wav","copyright":{"license":"U"}}]},{"text":" escondeesconde. ","startDuration":"2.7773","endDuration":"4.1405","wordfile":[{"path":"audios\/wordfile-670cfe8c0abc9.wav","mime":"audio\/x-wav","copyright":{"license":"U"}}]}],"files":[{"path":"audios\/files-670cfdb496f3f.wav","mime":"audio\/x-wav","copyright":{"license":"U"}}]},"subContentId":"c9f59906-9a96-4307-80bd-2dd122ab85b7","metadata":{"contentType":"Curious Reader Audio","license":"U","title":"Untitled Curious Reader Audio"}},"backgroundOpacity":0,"willDoAnimation":false,"animationType":"glow","displayAsButton":false,"buttonSize":"big","goToSlideType":"specified","invisible":false},{"x":51.19825708061002,"y":38.73183369411319,"width":16.013071895424837,"height":33.78276605542095,"action":{"library":"H5P.Image 1.1","params":{"contentName":"Image"},"subContentId":"d9ad6878-b7ed-4d34-b5f0-770baf0878f0","metadata":{"contentType":"Image","license":"U","title":"Untitled Image"}},"backgroundOpacity":0,"willDoAnimation":true,"animationType":"glow","displayAsButton":false,"buttonSize":"big","goToSlideType":"specified","invisible":false,"id":"imgc9f59906-9a96-4307-80bd-2dd122ab85b7_2"},{"x":54.46623093681917,"y":38.73183369411319,"width":22.54901960784314,"height":39.999440540179975,"action":{"library":"H5P.Image 1.1","params":{"contentName":"Image"},"subContentId":"51751b35-ccf7-485c-b189-8bd2440672b4","metadata":{"contentType":"Image","license":"U","title":"Untitled Image"}},"backgroundOpacity":0,"willDoAnimation":true,"animationType":"glow","displayAsButton":false,"buttonSize":"big","goToSlideType":"specified","invisible":false,"id":"imgc9f59906-9a96-4307-80bd-2dd122ab85b7_7"}],"slideBackgroundSelector":{}},{"elements":[{"x":2.178649237472767,"y":42.98559139784947,"width":44.66230936819172,"height":49.46236559139785,"action":{"library":"H5P.CRAdvancedText 1.1","params":{"text":"<p dir=\"ltr\" style=\"text-align: center;\"><span style=\"color:#ffffff;\"><span style=\"font-size:1.75em;\">Minha amiga Ayanda gosta de ler.<\/span><\/span><\/p>\n"},"subContentId":"5fa5cf7b-843e-440c-9615-1ee916184210","metadata":{"contentType":"Text","license":"U","title":"Untitled Text"}},"alwaysDisplayComments":false,"backgroundOpacity":0,"willDoAnimation":false,"animationType":"glow","displayAsButton":false,"buttonSize":"big","goToSlideType":"specified","invisible":false,"solution":""},{"x":49.76851851851851,"y":15.981735159817353,"width":39.998148148148,"height":67.063561014123,"action":{"library":"H5P.Image 1.1","params":{"contentName":"Image","file":{"path":"images\/file-618eb37e56dd2.jpg","mime":"image\/jpeg","copyright":{"license":"U"},"width":273,"height":273},"alt":"Umngane wami u-Ayanda uthanda ukufunda.","title":"Umngane wami u-Ayanda uthanda ukufunda."},"subContentId":"0b6f4751-67d7-4169-9bde-23e430c7c5f5","metadata":{"contentType":"Image","license":"U","title":"Untitled Image"}},"backgroundOpacity":0,"willDoAnimation":false,"animationType":"glow","displayAsButton":false,"buttonSize":"big","goToSlideType":"specified","invisible":false},{"x":47.000103485838785,"y":44.00026681929878,"width":40,"height":40,"action":{"library":"H5P.CRAudio 1.4","params":{"fitToWrapper":true,"currIndex":7,"playerMode":"minimalistic","controls":true,"autoplay":true,"playAudio":"Play audio","pauseAudio":"Pause audio","contentName":"Audio","glowColor":"#ffd85a","timeStampForEachText":[{"text":" Minha ","startDuration":"0.0000","endDuration":"0.5246","wordfile":[{"path":"audios\/wordfile-670d0e3ddea0a.wav","mime":"audio\/x-wav","copyright":{"license":"U"}}]},{"text":" amiga ","startDuration":"0.5256","endDuration":"0.9410","wordfile":[{"path":"audios\/wordfile-670d0e51a6157.wav","mime":"audio\/x-wav","copyright":{"license":"U"}}]},{"text":" Ayanda ","startDuration":"0.9420","endDuration":"1.4885","wordfile":[{"path":"audios\/wordfile-670d0e6451f11.wav","mime":"audio\/x-wav","copyright":{"license":"U"}}]},{"text":" gosta ","startDuration":"1.4895","endDuration":"2.0485","wordfile":[{"path":"audios\/wordfile-670d0e7bcb215.wav","mime":"audio\/x-wav","copyright":{"license":"U"}}]},{"text":" de ","startDuration":"2.0495","endDuration":"2.2495","wordfile":[{"path":"audios\/wordfile-670d0e8d9e949.wav","mime":"audio\/x-wav","copyright":{"license":"U"}}]},{"text":" ler. ","startDuration":"2.2505","endDuration":"2.7344","wordfile":[{"path":"audios\/wordfile-670d0ea09b90f.wav","mime":"audio\/x-wav","copyright":{"license":"U"}}]}],"files":[{"path":"audios\/files-670d0e2680b4b.wav","mime":"audio\/x-wav","copyright":{"license":"U"}}]},"subContentId":"14019d9b-5301-4c1f-9fea-4d14640088e9","metadata":{"contentType":"Curious Reader Audio","license":"U","title":"Untitled Curious Reader Audio"}},"backgroundOpacity":0,"willDoAnimation":false,"animationType":"glow","displayAsButton":false,"buttonSize":"big","goToSlideType":"specified","invisible":false},{"x":67.53812636165577,"y":25.821222462742128,"width":16.916013071895424,"height":27.327460439735418,"action":{"library":"H5P.Image 1.1","params":{"contentName":"Image"},"subContentId":"e3d92c25-e1dc-46af-85cc-11ffca2f2a5a","metadata":{"contentType":"Image","license":"U","title":"Untitled Image"}},"backgroundOpacity":0,"willDoAnimation":true,"animationType":"glow","displayAsButton":false,"buttonSize":"big","goToSlideType":"specified","invisible":false,"id":"img14019d9b-5301-4c1f-9fea-4d14640088e9_2"},{"x":69.71677559912854,"y":40.88360223267504,"width":15.013071895424837,"height":29.479228978297265,"action":{"library":"H5P.Image 1.1","params":{"contentName":"Image"},"subContentId":"e8c5cbf0-a293-4b13-8d0e-c560ed1e829e","metadata":{"contentType":"Image","license":"U","title":"Untitled Image"}},"backgroundOpacity":0,"willDoAnimation":true,"animationType":"glow","displayAsButton":false,"buttonSize":"big","goToSlideType":"specified","invisible":false,"id":"img14019d9b-5301-4c1f-9fea-4d14640088e9_5"}],"slideBackgroundSelector":{}},{"elements":[{"x":52.29591836734694,"y":15.113350125944583,"width":43.20987654321,"height":76.208592061503,"action":{"library":"H5P.Image 1.1","params":{"contentName":"Image","alt":"Mina? Ngiyathanda ukwenza izinto abathanda ukuzenza.","file":{"path":"images\/file-618eb73d03969.jpg","mime":"image\/jpeg","copyright":{"license":"U"},"width":273,"height":273},"title":"Mina? Ngiyathanda ukwenza izinto abathanda ukuzenza."},"subContentId":"c10d2176-9ae1-46fb-9f3c-c6b45d149b92","metadata":{"contentType":"Image","license":"U","title":"Untitled Image"}},"backgroundOpacity":0,"willDoAnimation":false,"animationType":"glow","displayAsButton":false,"buttonSize":"big","goToSlideType":"specified","invisible":false},{"x":3.8258272058823533,"y":32.82669090909091,"width":47.79411764705882,"height":58.18181818181818,"action":{"library":"H5P.CRAdvancedText 1.1","params":{"text":"<p dir=\"ltr\" style=\"text-align: center;\"><span style=\"font-size:1.75em;\"><span style=\"color:#ffffff;\">Meu? Gosto de fazer as coisas que eles gostam de fazer.<\/span><\/span><\/p>\n"},"subContentId":"01787cd3-7a57-403e-adc9-5d78a1c683c5","metadata":{"contentType":"Text","license":"U","title":"Untitled Text"}},"alwaysDisplayComments":false,"backgroundOpacity":0,"willDoAnimation":false,"animationType":"glow","displayAsButton":false,"buttonSize":"big","goToSlideType":"specified","invisible":false,"solution":""},{"x":47.000103485838785,"y":44.00026681929878,"width":40,"height":40,"action":{"library":"H5P.CRAudio 1.4","params":{"fitToWrapper":true,"currIndex":8,"playerMode":"minimalistic","controls":true,"autoplay":true,"playAudio":"Play audio","pauseAudio":"Pause audio","contentName":"Audio","glowColor":"#ffd85a","timeStampForEachText":[{"text":" Meu? ","startDuration":"0.0000","endDuration":"0.4478","wordfile":[{"path":"audios\/wordfile-670d15428a05f.wav","mime":"audio\/x-wav","copyright":{"license":"U"}}]},{"text":" Gosto ","startDuration":"0.4488","endDuration":"1.0619","wordfile":[{"path":"audios\/wordfile-670d155bd72e0.wav","mime":"audio\/x-wav","copyright":{"license":"U"}}]},{"text":" de ","startDuration":"1.0629","endDuration":"1.2319","wordfile":[{"path":"audios\/wordfile-670d157552faf.wav","mime":"audio\/x-wav","copyright":{"license":"U"}}]},{"text":" fazer ","startDuration":"1.2329","endDuration":"1.6343","wordfile":[{"path":"audios\/wordfile-670d1589e3745.wav","mime":"audio\/x-wav","copyright":{"license":"U"}}]},{"text":" as ","startDuration":"1.6353","endDuration":"1.9231","wordfile":[{"path":"audios\/wordfile-670d15a0b99a0.wav","mime":"audio\/x-wav","copyright":{"license":"U"}}]},{"text":" coisas ","startDuration":"1.9241","endDuration":"2.4236","wordfile":[{"path":"audios\/wordfile-670d15b59f5ad.wav","mime":"audio\/x-wav","copyright":{"license":"U"}}]},{"text":" que ","startDuration":"2.4246","endDuration":"2.6711","wordfile":[{"path":"audios\/wordfile-670d15c9e992c.wav","mime":"audio\/x-wav","copyright":{"license":"U"}}]},{"text":" eles ","startDuration":"2.6590","endDuration":"3.1430","wordfile":[{"path":"audios\/wordfile-670d15e512375.wav","mime":"audio\/x-wav","copyright":{"license":"U"}}]},{"text":" gostam ","startDuration":"3.1440","endDuration":"3.6538","wordfile":[{"path":"audios\/wordfile-670d15ff15283.wav","mime":"audio\/x-wav","copyright":{"license":"U"}}]},{"text":" de ","startDuration":"3.6548","endDuration":"3.8548","wordfile":[{"path":"audios\/wordfile-670d16119b3f9.wav","mime":"audio\/x-wav","copyright":{"license":"U"}}]},{"text":" fazer. ","startDuration":"3.8558","endDuration":"4.5229","wordfile":[{"path":"audios\/wordfile-670d162536118.wav","mime":"audio\/x-wav","copyright":{"license":"U"}}]}],"files":[{"path":"audios\/files-670d152d06b4e.wav","mime":"audio\/x-wav","copyright":{"license":"U"}}]},"subContentId":"e93d0083-cf0e-4fa8-af46-1140b375ce03","metadata":{"contentType":"Curious Reader Audio","license":"U","title":"Untitled Curious Reader Audio"}},"backgroundOpacity":0,"willDoAnimation":false,"animationType":"glow","displayAsButton":false,"buttonSize":"big","goToSlideType":"specified","invisible":false},{"x":65.359477124183,"y":19.365916847056596,"width":11.655773420479303,"height":21.630222880185226,"action":{"library":"H5P.Image 1.1","params":{"contentName":"Image"},"subContentId":"ec43ccb2-a796-44b1-8aa2-82e558a48f4c","metadata":{"contentType":"Image","license":"U","title":"Untitled Image"}},"backgroundOpacity":0,"willDoAnimation":true,"animationType":"glow","displayAsButton":false,"buttonSize":"big","goToSlideType":"specified","invisible":false,"id":"imge93d0083-cf0e-4fa8-af46-1140b375ce03_0"}],"slideBackgroundSelector":{}},{"elements":[{"x":3.826530612244898,"y":73.04785894206549,"width":93.68191721132898,"height":24.946236559139784,"action":{"library":"H5P.CRAdvancedText 1.1","params":{"text":"<p dir=\"ltr\" style=\"text-align: center;\"><span style=\"font-size:1.75em;\"><span style=\"color:#ffffff;\">Eu jogo futebol com Zizo.<\/span><\/span><\/p>\n"},"subContentId":"c0103700-9490-46ad-806e-95977b01da71","metadata":{"contentType":"Text","license":"U","title":"Untitled Text"}},"alwaysDisplayComments":false,"backgroundOpacity":0,"willDoAnimation":false,"animationType":"glow","displayAsButton":false,"buttonSize":"big","goToSlideType":"specified","invisible":false,"solution":""},{"x":30.501089324618736,"y":2.150537634408602,"width":37.642919389978,"height":68.856593233979,"action":{"library":"H5P.Image 1.1","params":{"contentName":"Image","alt":"Ngidlala ibhola noZizo.","file":{"path":"images\/file-618eb89609ed6.jpg","mime":"image\/jpeg","copyright":{"license":"U"},"width":273,"height":273},"title":"Ngidlala ibhola noZizo."},"subContentId":"07536b8d-c38f-40e0-9261-226d0a11c99a","metadata":{"contentType":"Image","license":"U","title":"Untitled Image"}},"backgroundOpacity":0,"willDoAnimation":false,"animationType":"glow","displayAsButton":false,"buttonSize":"big","goToSlideType":"specified","invisible":false},{"x":47.000103485838785,"y":44.00026681929878,"width":40,"height":40,"action":{"library":"H5P.CRAudio 1.4","params":{"fitToWrapper":true,"currIndex":9,"playerMode":"minimalistic","controls":true,"autoplay":true,"playAudio":"Play audio","pauseAudio":"Pause audio","contentName":"Audio","glowColor":"#ffd85a","timeStampForEachText":[{"text":" Eu ","startDuration":"0.0000","endDuration":"0.2921","wordfile":[{"path":"audios\/wordfile-670d1676eba85.wav","mime":"audio\/x-wav","copyright":{"license":"U"}}]},{"text":" jogo ","startDuration":"0.2316","endDuration":"0.6881","wordfile":[{"path":"audios\/wordfile-670d1729cd77a.wav","mime":"audio\/x-wav","copyright":{"license":"U"}}]},{"text":" futebol ","startDuration":"0.7596","endDuration":"1.3100","wordfile":[{"path":"audios\/wordfile-670d1748ca431.wav","mime":"audio\/x-wav","copyright":{"license":"U"}}]},{"text":" com ","startDuration":"1.3110","endDuration":"1.5558","wordfile":[{"path":"audios\/wordfile-670d1762d5805.wav","mime":"audio\/x-wav","copyright":{"license":"U"}}]},{"text":" Zizo. ","startDuration":"1.5568","endDuration":"2.1817","wordfile":[{"path":"audios\/wordfile-670d177837810.wav","mime":"audio\/x-wav","copyright":{"license":"U"}}]}],"files":[{"path":"audios\/files-670d16b9f2d55.wav","mime":"audio\/x-wav","copyright":{"license":"U"}}]},"subContentId":"156c7f3f-3ba0-4c08-89e9-97586388b210","metadata":{"contentType":"Curious Reader Audio","license":"U","title":"Untitled Curious Reader Audio"}},"backgroundOpacity":0,"willDoAnimation":false,"animationType":"glow","displayAsButton":false,"buttonSize":"big","goToSlideType":"specified","invisible":false},{"x":44.66230936819172,"y":45.187139309798724,"width":13.83442265795207,"height":23.371864335297182,"action":{"library":"H5P.Image 1.1","params":{"contentName":"Image"},"subContentId":"a17d5ff8-0e6d-40ca-89cd-cb2e5c7f2de3","metadata":{"contentType":"Image","license":"U","title":"Untitled Image"}},"backgroundOpacity":0,"willDoAnimation":true,"animationType":"glow","displayAsButton":false,"buttonSize":"big","goToSlideType":"specified","invisible":false,"id":"img156c7f3f-3ba0-4c08-89e9-97586388b210_2"},{"x":33.769063180827885,"y":6.455305615685532,"width":14.923747276688454,"height":32.82630494003021,"action":{"library":"H5P.Image 1.1","params":{"contentName":"Image"},"subContentId":"0df8191a-998f-45bc-b218-6edf7caa5965","metadata":{"contentType":"Image","license":"U","title":"Untitled Image"}},"backgroundOpacity":0,"willDoAnimation":true,"animationType":"glow","displayAsButton":false,"buttonSize":"big","goToSlideType":"specified","invisible":false,"id":"img156c7f3f-3ba0-4c08-89e9-97586388b210_4"}],"slideBackgroundSelector":{}},{"elements":[{"x":0,"y":78.22878228782288,"width":100,"height":21.662468513853902,"action":{"library":"H5P.CRAdvancedText 1.1","params":{"text":"<p dir=\"ltr\" style=\"text-align: center;\"><span style=\"font-size:1.75em;\"><span style=\"color:#ffffff;\">Eu nado com Lele.<\/span><\/span><\/p>\n"},"subContentId":"4f10339f-9758-4ec2-b3ad-9bda148dc589","metadata":{"contentType":"Text","license":"U","title":"Untitled Text"}},"alwaysDisplayComments":false,"backgroundOpacity":0,"willDoAnimation":false,"animationType":"glow","displayAsButton":false,"buttonSize":"big","goToSlideType":"specified","invisible":false,"solution":""},{"x":27.77716836734694,"y":6.0177833753148615,"width":40.05102040816327,"height":73.04785894206549,"action":{"library":"H5P.Image 1.1","params":{"contentName":"Image","file":{"path":"images\/file-618eb96526d0d.jpg","mime":"image\/jpeg","copyright":{"license":"U"},"width":273,"height":273},"alt":"Ngibhukuda noLele.","title":"Ngibhukuda noLele."},"subContentId":"5a25762a-d5eb-41ab-be59-b3eb68d8ec63","metadata":{"contentType":"Image","license":"U","title":"Untitled Image"}},"backgroundOpacity":0,"willDoAnimation":false,"animationType":"glow","displayAsButton":false,"buttonSize":"big","goToSlideType":"specified","invisible":false},{"x":47.000103485838785,"y":44.00026681929878,"width":40,"height":40,"action":{"library":"H5P.CRAudio 1.4","params":{"fitToWrapper":true,"currIndex":10,"playerMode":"minimalistic","controls":true,"autoplay":true,"playAudio":"Play audio","pauseAudio":"Pause audio","contentName":"Audio","glowColor":"#ffd85a","timeStampForEachText":[{"text":" Eu ","startDuration":"0.0000","endDuration":"0.3005","wordfile":[{"path":"audios\/wordfile-670d17b832120.wav","mime":"audio\/x-wav","copyright":{"license":"U"}}]},{"text":" nado ","startDuration":"0.3015","endDuration":"0.7519","wordfile":[{"path":"audios\/wordfile-670d17cb23942.wav","mime":"audio\/x-wav","copyright":{"license":"U"}}]},{"text":" com ","startDuration":"0.7529","endDuration":"1.0060","wordfile":[{"path":"audios\/wordfile-670d17e3953df.wav","mime":"audio\/x-wav","copyright":{"license":"U"}}]},{"text":" Lele. ","startDuration":"1.0070","endDuration":"1.5825","wordfile":[{"path":"audios\/wordfile-670d17f659938.wav","mime":"audio\/x-wav","copyright":{"license":"U"}}]}],"files":[{"path":"audios\/files-670d179ecd5ac.wav","mime":"audio\/x-wav","copyright":{"license":"U"}}]},"subContentId":"e84a3639-3530-4ddc-b222-dd7a7c30b7c4","metadata":{"contentType":"Curious Reader Audio","license":"U","title":"Untitled Curious Reader Audio"}},"backgroundOpacity":0,"willDoAnimation":false,"animationType":"glow","displayAsButton":false,"buttonSize":"big","goToSlideType":"specified","invisible":false},{"x":29.999782135076252,"y":29.99866590350609,"width":33.44226579520697,"height":39.999440540179975,"action":{"library":"H5P.Image 1.1","params":{"contentName":"Image"},"subContentId":"6ad6e593-4464-455c-95f6-b581eb5c7140","metadata":{"contentType":"Image","license":"U","title":"Untitled Image"}},"backgroundOpacity":0,"willDoAnimation":true,"animationType":"glow","displayAsButton":false,"buttonSize":"big","goToSlideType":"specified","invisible":false,"id":"imge84a3639-3530-4ddc-b222-dd7a7c30b7c4_1"},{"x":30.501089324618736,"y":38.73183369411319,"width":11.655773420479303,"height":25.65316933988045,"action":{"library":"H5P.Image 1.1","params":{"contentName":"Image"},"subContentId":"a8b6e611-197b-4b7e-a775-b717ccac8238","metadata":{"contentType":"Image","license":"U","title":"Untitled Image"}},"backgroundOpacity":0,"willDoAnimation":true,"animationType":"glow","displayAsButton":false,"buttonSize":"big","goToSlideType":"specified","invisible":false,"id":"imge84a3639-3530-4ddc-b222-dd7a7c30b7c4_3"}],"slideBackgroundSelector":{}},{"elements":[{"x":5.1020408163265305,"y":73.04785894206549,"width":91.83673469387756,"height":25.188916876574307,"action":{"library":"H5P.CRAdvancedText 1.1","params":{"text":"<p style=\"text-align:center;\"><span style=\"font-size:1.75em;color:hsl(0, 0%, 100%);\">Brinco de esconde-esconde com Sisa.<\/span><\/p>"},"subContentId":"5ce600c0-9e95-4b84-9330-56cc92fd0bf7","metadata":{"contentType":"Text","license":"U","title":"Untitled Text"}},"alwaysDisplayComments":false,"backgroundOpacity":0,"willDoAnimation":false,"animationType":"glow","displayAsButton":false,"buttonSize":"big","goToSlideType":"specified","invisible":false,"solution":""},{"x":29.520697167756,"y":6.0249519079732,"width":39.998148148148,"height":66.791953592016,"action":{"library":"H5P.Image 1.1","params":{"contentName":"Image","file":{"path":"images\/file-618ebb55f4134.jpg","mime":"image\/jpeg","copyright":{"license":"U"},"width":273,"height":273},"alt":"Ngidlala umacashelana noSisa.","title":"Ngidlala umacashelana noSisa."},"subContentId":"7fcf93f8-b105-4383-8477-0218ce8d77da","metadata":{"contentType":"Image","license":"U","title":"Untitled Image"}},"backgroundOpacity":0,"willDoAnimation":false,"animationType":"glow","displayAsButton":false,"buttonSize":"big","goToSlideType":"specified","invisible":false},{"x":47.000103485838785,"y":44.00026681929878,"width":40,"height":40,"action":{"library":"H5P.CRAudio 1.4","params":{"fitToWrapper":true,"currIndex":11,"playerMode":"minimalistic","controls":true,"autoplay":true,"playAudio":"Play audio","pauseAudio":"Pause audio","contentName":"Audio","glowColor":"#ffd85a","timeStampForEachText":[{"text":" Brinco ","startDuration":"0.0000","endDuration":"0.5364","wordfile":[{"path":"audios\/wordfile-670d1852a4dcc.wav","mime":"audio\/x-wav","copyright":{"license":"U"}}]},{"text":" de ","startDuration":"0.5374","endDuration":"0.7374","wordfile":[{"path":"audios\/wordfile-670d1865be3e6.wav","mime":"audio\/x-wav","copyright":{"license":"U"}}]},{"text":" escondeesconde ","startDuration":"0.7384","endDuration":"1.7203","wordfile":[{"path":"audios\/wordfile-670d187b04eea.wav","mime":"audio\/x-wav","copyright":{"license":"U"}}]},{"text":" com ","startDuration":"1.7213","endDuration":"2.0031","wordfile":[{"path":"audios\/wordfile-670d18930f961.wav","mime":"audio\/x-wav","copyright":{"license":"U"}}]},{"text":" Sisa. ","startDuration":"2.0041","endDuration":"2.6548","wordfile":[{"path":"audios\/wordfile-670d18a54aa6b.wav","mime":"audio\/x-wav","copyright":{"license":"U"}}]}],"files":[{"path":"audios\/files-670d183a5569b.wav","mime":"audio\/x-wav","copyright":{"license":"U"}}]},"subContentId":"fcbfc807-aeda-4b9a-bc61-d224f59d09b8","metadata":{"contentType":"Curious Reader Audio","license":"U","title":"Untitled Curious Reader Audio"}},"backgroundOpacity":0,"willDoAnimation":false,"animationType":"glow","displayAsButton":false,"buttonSize":"big","goToSlideType":"specified","invisible":false},{"x":29.999782135076252,"y":21.51768538561844,"width":36.710239651416124,"height":48.48042105806763,"action":{"library":"H5P.Image 1.1","params":{"contentName":"Image"},"subContentId":"2e8db82d-3114-4382-991a-104b49c9c04f","metadata":{"contentType":"Image","license":"U","title":"Untitled Image"}},"backgroundOpacity":0,"willDoAnimation":true,"animationType":"glow","displayAsButton":false,"buttonSize":"big","goToSlideType":"specified","invisible":false,"id":"imgfcbfc807-aeda-4b9a-bc61-d224f59d09b8_2"},{"x":31.59041394335512,"y":23.669453924180285,"width":18.191721132897605,"height":39.999440540179975,"action":{"library":"H5P.Image 1.1","params":{"contentName":"Image"},"subContentId":"742fbeb4-b3eb-41c2-9ce4-e9485f0732fd","metadata":{"contentType":"Image","license":"U","title":"Untitled Image"}},"backgroundOpacity":0,"willDoAnimation":true,"animationType":"glow","displayAsButton":false,"buttonSize":"big","goToSlideType":"specified","invisible":false,"id":"imgfcbfc807-aeda-4b9a-bc61-d224f59d09b8_4"}],"slideBackgroundSelector":{}},{"elements":[{"x":15.306122448979592,"y":10.579345088161208,"width":68.87755102040816,"height":69.0176322418136,"action":{"library":"H5P.Image 1.1","params":{"contentName":"Image","file":{"path":"images\/file-618ecd7fc659d.jpg","mime":"image\/jpeg","copyright":{"license":"U"},"width":350,"height":210}},"subContentId":"c2ff2e98-73c7-4f05-b67e-e393662e801c","metadata":{"contentType":"Image","license":"U","title":"Untitled Image"}},"backgroundOpacity":0,"willDoAnimation":false,"animationType":"glow","displayAsButton":false,"buttonSize":"big","goToSlideType":"specified","invisible":false},{"x":1.0204081632653061,"y":81.61209068010075,"width":97.83163265306122,"height":17.632241813602015,"action":{"library":"H5P.CRAdvancedText 1.1","params":{"text":"<p dir=\"ltr\" style=\"text-align: center;\"><span style=\"color:#ffffff;\"><span style=\"font-size:1.75em;\">Eu li com Ayanda.<\/span><\/span><\/p>\n"},"subContentId":"bb08e97d-bef7-4a5e-bda8-a71c987a742e","metadata":{"contentType":"Text","license":"U","title":"Untitled Text"}},"alwaysDisplayComments":false,"backgroundOpacity":0,"willDoAnimation":false,"animationType":"glow","displayAsButton":false,"buttonSize":"big","goToSlideType":"specified","invisible":false,"solution":""},{"x":47.000103485838785,"y":44.00026681929878,"width":40,"height":40,"action":{"library":"H5P.CRAudio 1.4","params":{"fitToWrapper":true,"currIndex":12,"playerMode":"minimalistic","controls":true,"autoplay":true,"playAudio":"Play audio","pauseAudio":"Pause audio","contentName":"Audio","glowColor":"#ffd85a","timeStampForEachText":[{"text":" Eu ","startDuration":"0.0000","endDuration":"0.2313","wordfile":[{"path":"audios\/wordfile-670d18ddecf26.wav","mime":"audio\/x-wav","copyright":{"license":"U"}}]},{"text":" li ","startDuration":"0.2323","endDuration":"0.5685","wordfile":[{"path":"audios\/wordfile-670d18f39f9dc.wav","mime":"audio\/x-wav","copyright":{"license":"U"}}]},{"text":" com ","startDuration":"0.5695","endDuration":"0.7824","wordfile":[{"path":"audios\/wordfile-670d19102f1ae.wav","mime":"audio\/x-wav","copyright":{"license":"U"}}]},{"text":" Ayanda. ","startDuration":"0.7834","endDuration":"1.6122","wordfile":[{"path":"audios\/wordfile-670d1922b4ff0.wav","mime":"audio\/x-wav","copyright":{"license":"U"}}]}],"files":[{"path":"audios\/files-670d18c199244.wav","mime":"audio\/x-wav","copyright":{"license":"U"}}]},"subContentId":"05ce9711-e881-4104-b1e8-6cf5ede044c4","metadata":{"contentType":"Curious Reader Audio","license":"U","title":"Untitled Curious Reader Audio"}},"backgroundOpacity":0,"willDoAnimation":false,"animationType":"glow","displayAsButton":false,"buttonSize":"big","goToSlideType":"specified","invisible":false},{"x":23.965141612200437,"y":40.88360223267504,"width":56.31808278867103,"height":38.08630313254464,"action":{"library":"H5P.Image 1.1","params":{"contentName":"Image"},"subContentId":"cce82548-cf32-469f-a6ef-da87ccf7b33f","metadata":{"contentType":"Image","license":"U","title":"Untitled Image"}},"backgroundOpacity":0,"willDoAnimation":true,"animationType":"glow","displayAsButton":false,"buttonSize":"big","goToSlideType":"specified","invisible":false,"id":"img05ce9711-e881-4104-b1e8-6cf5ede044c4_1"},{"x":25.05446623093682,"y":23.669453924180285,"width":20.37037037037037,"height":39.999440540179975,"action":{"library":"H5P.Image 1.1","params":{"contentName":"Image"},"subContentId":"7417fee0-d623-4526-9080-5af606aa26b0","metadata":{"contentType":"Image","license":"U","title":"Untitled Image"}},"backgroundOpacity":0,"willDoAnimation":true,"animationType":"glow","displayAsButton":false,"buttonSize":"big","goToSlideType":"specified","invisible":false,"id":"img05ce9711-e881-4104-b1e8-6cf5ede044c4_3"}],"slideBackgroundSelector":{}},{"elements":[{"x":2.423469387755102,"y":81.360201511335,"width":95.66326530612245,"height":17.632241813602015,"action":{"library":"H5P.CRAdvancedText 1.1","params":{"text":"<p dir=\"ltr\" style=\"text-align: center;\"><span style=\"font-size:1.75em;\"><span style=\"color:#ffffff;\">Venha, amigo, do que tu gostas?<\/span><\/span><\/p>\n"},"subContentId":"561dd707-289b-446f-bb31-a8d898b0b627","metadata":{"contentType":"Text","license":"U","title":"Untitled Text"}},"alwaysDisplayComments":false,"backgroundOpacity":0,"willDoAnimation":false,"animationType":"glow","displayAsButton":false,"buttonSize":"big","goToSlideType":"specified","invisible":false,"solution":""},{"x":29.336734693877553,"y":4.295894206549118,"width":42.474489795918366,"height":73.29974811083123,"action":{"library":"H5P.Image 1.1","params":{"contentName":"Image","file":{"path":"images\/file-618ebd51e59a0.jpg","mime":"image\/jpeg","copyright":{"license":"U"},"width":273,"height":273},"alt":"Woza, mngane, yini oyithandayo?","title":"Woza, mngane, yini oyithandayo?"},"subContentId":"a94f03fd-3ce4-4a62-9d49-2af4710dd854","metadata":{"contentType":"Image","license":"U","title":"Untitled Image"}},"backgroundOpacity":0,"willDoAnimation":false,"animationType":"glow","displayAsButton":false,"buttonSize":"big","goToSlideType":"specified","invisible":false},{"x":47.000103485838785,"y":44.00026681929878,"width":40,"height":40,"action":{"library":"H5P.CRAudio 1.4","params":{"fitToWrapper":true,"currIndex":13,"playerMode":"minimalistic","controls":true,"autoplay":true,"playAudio":"Play audio","pauseAudio":"Pause audio","contentName":"Audio","glowColor":"#ffd85a","timeStampForEachText":[{"text":" Venha, ","startDuration":"0.0000","endDuration":"0.6003","wordfile":[{"path":"audios\/wordfile-670d1965ef77d.wav","mime":"audio\/x-wav","copyright":{"license":"U"}}]},{"text":" amigo, ","startDuration":"0.6013","endDuration":"1.1924","wordfile":[{"path":"audios\/wordfile-670d197b796e2.wav","mime":"audio\/x-wav","copyright":{"license":"U"}}]},{"text":" do ","startDuration":"1.1934","endDuration":"1.4698","wordfile":[{"path":"audios\/wordfile-670d198eb0f36.wav","mime":"audio\/x-wav","copyright":{"license":"U"}}]},{"text":" que ","startDuration":"1.4708","endDuration":"1.6708","wordfile":[{"path":"audios\/wordfile-670d199f659e2.wav","mime":"audio\/x-wav","copyright":{"license":"U"}}]},{"text":" tu ","startDuration":"1.6718","endDuration":"1.8107","wordfile":[{"path":"audios\/wordfile-670d19b4e1e75.wav","mime":"audio\/x-wav","copyright":{"license":"U"}}]},{"text":" gostas? ","startDuration":"1.8117","endDuration":"2.6765","wordfile":[{"path":"audios\/wordfile-670d19c87ec5d.wav","mime":"audio\/x-wav","copyright":{"license":"U"}}]}],"files":[{"path":"audios\/files-670d194c0091c.wav","mime":"audio\/x-wav","copyright":{"license":"U"}}]},"subContentId":"2f9f25a7-0705-4f59-88eb-0dac222b045b","metadata":{"contentType":"Curious Reader Audio","license":"U","title":"Untitled Curious Reader Audio"}},"backgroundOpacity":0,"willDoAnimation":false,"animationType":"glow","displayAsButton":false,"buttonSize":"big","goToSlideType":"specified","invisible":false}],"slideBackgroundSelector":{}},{"elements":[{"x":0,"y":81.18081180811808,"width":100,"height":18.89168765743073,"action":{"library":"H5P.CRAdvancedText 1.1","params":{"text":"<p dir=\"ltr\" style=\"text-align: center;\"><span style=\"color:#ffffff;\"><span style=\"font-size:1.75em;\">Venha jogar futebol conosco.<\/span><\/span><\/p>\n"},"subContentId":"8bdf48c8-d31b-4d24-90c4-3a81da7d5874","metadata":{"contentType":"Text","license":"U","title":"Untitled Text"}},"alwaysDisplayComments":false,"backgroundOpacity":0,"willDoAnimation":false,"animationType":"glow","displayAsButton":false,"buttonSize":"big","goToSlideType":"specified","invisible":false,"solution":""},{"x":27.314795918367345,"y":5.035818639798489,"width":42.474489795918366,"height":71.53652392947103,"action":{"library":"H5P.Image 1.1","params":{"contentName":"Image","file":{"path":"images\/file-618ebe5e14981.jpg","mime":"image\/jpeg","copyright":{"license":"U"},"width":273,"height":273},"alt":"Woza, udlale ibhola nathi.","title":"Woza, udlale ibhola nathi."},"subContentId":"90899643-cef7-4587-a9f3-53dc5f203480","metadata":{"contentType":"Image","license":"U","title":"Untitled Image"}},"backgroundOpacity":0,"willDoAnimation":false,"animationType":"glow","displayAsButton":false,"buttonSize":"big","goToSlideType":"specified","invisible":false},{"x":47.000103485838785,"y":44.00026681929878,"width":40,"height":40,"action":{"library":"H5P.CRAudio 1.4","params":{"fitToWrapper":true,"currIndex":14,"playerMode":"minimalistic","controls":true,"autoplay":true,"playAudio":"Play audio","pauseAudio":"Pause audio","contentName":"Audio","glowColor":"#ffd85a","timeStampForEachText":[{"text":" Venha ","startDuration":"0.0000","endDuration":"0.5009","wordfile":[{"path":"audios\/wordfile-670d19fee4752.wav","mime":"audio\/x-wav","copyright":{"license":"U"}}]},{"text":" jogar ","startDuration":"0.5019","endDuration":"0.9457","wordfile":[{"path":"audios\/wordfile-670d1a1608afc.wav","mime":"audio\/x-wav","copyright":{"license":"U"}}]},{"text":" futebol ","startDuration":"0.9467","endDuration":"1.6403","wordfile":[{"path":"audios\/wordfile-670d1a2a19319.wav","mime":"audio\/x-wav","copyright":{"license":"U"}}]},{"text":" conosco. ","startDuration":"1.6413","endDuration":"2.6363","wordfile":[{"path":"audios\/wordfile-670d1a3f5b784.wav","mime":"audio\/x-wav","copyright":{"license":"U"}}]}],"files":[{"path":"audios\/files-670d19e67394d.wav","mime":"audio\/x-wav","copyright":{"license":"U"}}]},"subContentId":"c01c83a3-0ba1-4b66-8a4f-cfceac2d2532","metadata":{"contentType":"Curious Reader Audio","license":"U","title":"Untitled Curious Reader Audio"}},"backgroundOpacity":0,"willDoAnimation":false,"animationType":"glow","displayAsButton":false,"buttonSize":"big","goToSlideType":"specified","invisible":false},{"x":37.03703703703704,"y":19.365916847056596,"width":26.906318082788673,"height":39.999440540179975,"action":{"library":"H5P.Image 1.1","params":{"contentName":"Image"},"subContentId":"7cd88f00-fb31-4fca-882d-b170007a69da","metadata":{"contentType":"Image","license":"U","title":"Untitled Image"}},"backgroundOpacity":0,"willDoAnimation":true,"animationType":"glow","displayAsButton":false,"buttonSize":"big","goToSlideType":"specified","invisible":false,"id":"imgc01c83a3-0ba1-4b66-8a4f-cfceac2d2532_2"}],"slideBackgroundSelector":{}},{"elements":[{"x":11.194029850746269,"y":84.97749077490775,"width":79.1044776119403,"height":15.129151291512915,"action":{"library":"H5P.CRAdvancedText 1.1","params":{"text":"<p dir=\"ltr\" style=\"text-align: center;\"><span style=\"font-size:1.75em;\"><span style=\"color:#ffffff;\">Venha nadar conosco.<\/span><\/span><\/p>\n"},"subContentId":"0f7ae9c5-38f6-4b56-b0a4-f60475428cdf","metadata":{"contentType":"Text","license":"U","title":"Untitled Text"}},"alwaysDisplayComments":false,"backgroundOpacity":0,"willDoAnimation":false,"animationType":"glow","displayAsButton":false,"buttonSize":"big","goToSlideType":"specified","invisible":false,"solution":""},{"x":28.061224489795915,"y":6.4566246851385385,"width":43.494897959183675,"height":73.04785894206549,"action":{"library":"H5P.Image 1.1","params":{"contentName":"Image","file":{"path":"images\/file-618ebfb3bf920.jpg","mime":"image\/jpeg","copyright":{"license":"U"},"width":273,"height":273},"alt":"Woza, ubhukude nathi.","title":"Woza, ubhukude nathi."},"subContentId":"7d166ac6-5c43-46d0-9e03-6441fbe0e622","metadata":{"contentType":"Image","license":"U","title":"Untitled Image"}},"backgroundOpacity":0,"willDoAnimation":false,"animationType":"glow","displayAsButton":false,"buttonSize":"big","goToSlideType":"specified","invisible":false},{"x":47.000103485838785,"y":44.00026681929878,"width":40,"height":40,"action":{"library":"H5P.CRAudio 1.4","params":{"fitToWrapper":true,"currIndex":15,"playerMode":"minimalistic","controls":true,"autoplay":true,"playAudio":"Play audio","pauseAudio":"Pause audio","contentName":"Audio","glowColor":"#ffd85a","timeStampForEachText":[{"text":" Venha ","startDuration":"0.0000","endDuration":"0.5565","wordfile":[{"path":"audios\/wordfile-670d1a785f16f.wav","mime":"audio\/x-wav","copyright":{"license":"U"}}]},{"text":" nadar ","startDuration":"0.5575","endDuration":"1.0219","wordfile":[{"path":"audios\/wordfile-670d1a91261cf.wav","mime":"audio\/x-wav","copyright":{"license":"U"}}]},{"text":" conosco. ","startDuration":"1.0229","endDuration":"2.0469","wordfile":[{"path":"audios\/wordfile-670d1aa5885d7.wav","mime":"audio\/x-wav","copyright":{"license":"U"}}]}],"files":[{"path":"audios\/files-670d1a608f4d8.wav","mime":"audio\/x-wav","copyright":{"license":"U"}}]},"subContentId":"6c8fd0a8-b731-4627-be13-391eaf906310","metadata":{"contentType":"Curious Reader Audio","license":"U","title":"Untitled Curious Reader Audio"}},"backgroundOpacity":0,"willDoAnimation":false,"animationType":"glow","displayAsButton":false,"buttonSize":"big","goToSlideType":"specified","invisible":false},{"x":30.501089324618736,"y":17.214148308494753,"width":39.99869281045751,"height":53.148682902477546,"action":{"library":"H5P.Image 1.1","params":{"contentName":"Image"},"subContentId":"bb7d260e-8c23-4173-8f91-41b39a615a42","metadata":{"contentType":"Image","license":"U","title":"Untitled Image"}},"backgroundOpacity":0,"willDoAnimation":true,"animationType":"glow","displayAsButton":false,"buttonSize":"big","goToSlideType":"specified","invisible":false,"id":"img6c8fd0a8-b731-4627-be13-391eaf906310_1"}],"slideBackgroundSelector":{}},{"elements":[{"x":51.02040816326531,"y":15.113350125944583,"width":42.483660130719,"height":75.772592493771,"action":{"library":"H5P.Image 1.1","params":{"contentName":"Image","file":{"path":"images\/file-618ecf61254ef.jpg","mime":"image\/jpeg","copyright":{"license":"U"},"width":273,"height":273},"alt":"Woza, uzodlala umacashelana nathi.","title":"Woza, uzodlala umacashelana nathi."},"subContentId":"b3bbd262-e926-4513-ae5d-6426653a8687","metadata":{"contentType":"Image","license":"U","title":"Untitled Image"}},"backgroundOpacity":0,"willDoAnimation":false,"animationType":"glow","displayAsButton":false,"buttonSize":"big","goToSlideType":"specified","invisible":false},{"x":0,"y":38.73183369411319,"width":52.287581699346404,"height":50.54310637913301,"action":{"library":"H5P.CRAdvancedText 1.1","params":{"text":"<p style=\"text-align:center;\"><span style=\"font-size:1.75em;color:hsl(0, 0%, 100%);\">Venha brincar de esconde-esconde conosco<\/span><\/p>"},"subContentId":"2f66b069-73bc-4244-a662-95291edb4cfd","metadata":{"contentType":"Text","license":"U","title":"Untitled Text"}},"alwaysDisplayComments":false,"backgroundOpacity":0,"willDoAnimation":false,"animationType":"glow","displayAsButton":false,"buttonSize":"big","goToSlideType":"specified","invisible":false,"solution":""},{"x":47.000103485838785,"y":44.00026681929878,"width":40,"height":40,"action":{"library":"H5P.CRAudio 1.4","params":{"fitToWrapper":true,"currIndex":16,"playerMode":"minimalistic","controls":true,"autoplay":true,"playAudio":"Play audio","pauseAudio":"Pause audio","contentName":"Audio","glowColor":"#ffd85a","timeStampForEachText":[{"text":" Venha ","startDuration":"0.0000","endDuration":"0.5439","wordfile":[{"path":"audios\/wordfile-670d1b309ee26.wav","mime":"audio\/x-wav","copyright":{"license":"U"}}]},{"text":" brincar ","startDuration":"0.5449","endDuration":"0.9875","wordfile":[{"path":"audios\/wordfile-670d1b4b0f1cb.wav","mime":"audio\/x-wav","copyright":{"license":"U"}}]},{"text":" de ","startDuration":"0.9885","endDuration":"1.0968","wordfile":[{"path":"audios\/wordfile-670d1b686631d.wav","mime":"audio\/x-wav","copyright":{"license":"U"}}]},{"text":" escondeesconde ","startDuration":"1.0978","endDuration":"2.1739","wordfile":[{"path":"audios\/wordfile-670d1b7ec30b2.wav","mime":"audio\/x-wav","copyright":{"license":"U"}}]},{"text":" conosco ","startDuration":"2.1749","endDuration":"3.1352","wordfile":[{"path":"audios\/wordfile-670d1bb31e41d.wav","mime":"audio\/x-wav","copyright":{"license":"U"}}]}],"files":[{"path":"audios\/files-670d1aebad8c3.wav","mime":"audio\/x-wav","copyright":{"license":"U"}}]},"subContentId":"a95b7ddf-31ba-494d-a383-0ed60b7a7a84","metadata":{"contentType":"Curious Reader Audio","license":"U","title":"Untitled Curious Reader Audio"}},"backgroundOpacity":0,"willDoAnimation":false,"animationType":"glow","displayAsButton":false,"buttonSize":"big","goToSlideType":"specified","invisible":false},{"x":56.644880174291934,"y":40.88360223267504,"width":28.6041394335512,"height":46.693377286792014,"action":{"library":"H5P.Image 1.1","params":{"contentName":"Image"},"subContentId":"d3f842e9-08a8-435f-8b32-2094285afa22","metadata":{"contentType":"Image","license":"U","title":"Untitled Image"}},"backgroundOpacity":0,"willDoAnimation":true,"animationType":"glow","displayAsButton":false,"buttonSize":"big","goToSlideType":"specified","invisible":false,"id":"imga95b7ddf-31ba-494d-a383-0ed60b7a7a84_3"}],"slideBackgroundSelector":{}},{"elements":[{"x":12.755102040816327,"y":80.60453400503778,"width":73.9795918367347,"height":17.12846347607053,"action":{"library":"H5P.CRAdvancedText 1.1","params":{"text":"<p dir=\"ltr\" style=\"text-align: center;\"><span style=\"color:#ffffff;\"><span style=\"font-size:1.75em;\">Venha, leia conosco<\/span><\/span><\/p>\n"},"subContentId":"c2f3f53b-4ef2-41bf-8273-468816eeee27","metadata":{"contentType":"Text","license":"U","title":"Untitled Text"}},"alwaysDisplayComments":false,"backgroundOpacity":0,"willDoAnimation":false,"animationType":"glow","displayAsButton":false,"buttonSize":"big","goToSlideType":"specified","invisible":false,"solution":""},{"x":30.357142857142858,"y":5.541561712846347,"width":38.392857142857146,"height":73.04785894206549,"action":{"library":"H5P.Image 1.1","params":{"contentName":"Image","file":{"path":"images\/file-618ec1d1dba5b.jpg","mime":"image\/jpeg","copyright":{"license":"U"},"width":273,"height":273},"alt":"Woza, ufunde kanye nathi.","title":"Woza, ufunde kanye nathi."},"subContentId":"006c0f7a-5773-4f46-bf82-5931c01adc2f","metadata":{"contentType":"Image","license":"U","title":"Untitled Image"}},"backgroundOpacity":0,"willDoAnimation":false,"animationType":"glow","displayAsButton":false,"buttonSize":"big","goToSlideType":"specified","invisible":false},{"x":47.000103485838785,"y":44.00026681929878,"width":40,"height":40,"action":{"library":"H5P.CRAudio 1.4","params":{"fitToWrapper":true,"currIndex":17,"playerMode":"minimalistic","controls":true,"autoplay":true,"playAudio":"Play audio","pauseAudio":"Pause audio","contentName":"Audio","glowColor":"#ffd85a","timeStampForEachText":[{"text":" Venha, ","startDuration":"0.0000","endDuration":"0.7642","wordfile":[{"path":"audios\/wordfile-670d1be61c23d.wav","mime":"audio\/x-wav","copyright":{"license":"U"}}]},{"text":" leia ","startDuration":"0.7652","endDuration":"1.1697","wordfile":[{"path":"audios\/wordfile-670d1bfbd47d8.wav","mime":"audio\/x-wav","copyright":{"license":"U"}}]},{"text":" conosco ","startDuration":"1.1707","endDuration":"2.0593","wordfile":[{"path":"audios\/wordfile-670d1c0edf416.wav","mime":"audio\/x-wav","copyright":{"license":"U"}}]}],"files":[{"path":"audios\/files-670d1bcf1d067.wav","mime":"audio\/x-wav","copyright":{"license":"U"}}]},"subContentId":"010ac2b5-e735-437e-ad9e-c73c53b70076","metadata":{"contentType":"Curious Reader Audio","license":"U","title":"Untitled Curious Reader Audio"}},"backgroundOpacity":0,"willDoAnimation":false,"animationType":"glow","displayAsButton":false,"buttonSize":"big","goToSlideType":"specified","invisible":false},{"x":30.501089324618736,"y":34.428296616989506,"width":13.83442265795207,"height":22.326320002409982,"action":{"library":"H5P.Image 1.1","params":{"contentName":"Image"},"subContentId":"1ee7b317-f7b4-43e4-b87b-8a5d307d3a3d","metadata":{"contentType":"Image","license":"U","title":"Untitled Image"}},"backgroundOpacity":0,"willDoAnimation":true,"animationType":"glow","displayAsButton":false,"buttonSize":"big","goToSlideType":"specified","invisible":false,"id":"img010ac2b5-e735-437e-ad9e-c73c53b70076_1"},{"x":42.48366013071895,"y":30.124759539865817,"width":12.745098039215687,"height":25.861675711267093,"action":{"library":"H5P.Image 1.1","params":{"contentName":"Image"},"subContentId":"bedbc3c8-586f-4db6-8be6-e5bacc431053","metadata":{"contentType":"Image","license":"U","title":"Untitled Image"}},"backgroundOpacity":0,"willDoAnimation":true,"animationType":"glow","displayAsButton":false,"buttonSize":"big","goToSlideType":"specified","invisible":false,"id":"img010ac2b5-e735-437e-ad9e-c73c53b70076_1"},{"x":53.37690631808279,"y":34.428296616989506,"width":11.783442265795207,"height":20.872154824049886,"action":{"library":"H5P.Image 1.1","params":{"contentName":"Image"},"subContentId":"03c1e81f-c0cc-4708-8015-806e4207f3cc","metadata":{"contentType":"Image","license":"U","title":"Untitled Image"}},"backgroundOpacity":0,"willDoAnimation":true,"animationType":"glow","displayAsButton":false,"buttonSize":"big","goToSlideType":"specified","invisible":false,"id":"img010ac2b5-e735-437e-ad9e-c73c53b70076_1"}],"slideBackgroundSelector":{}},{"elements":[{"x":0,"y":27.676322418136017,"width":47.19387755102041,"height":60.45340050377833,"action":{"library":"H5P.CRAdvancedText 1.1","params":{"text":"<p dir=\"ltr\" style=\"text-align: center;\"><span style=\"color:#ffffff;\"><span style=\"font-size:1.75em;\">Gostamos de nos divertir com os amigos.<\/span><\/span><\/p>\n"},"subContentId":"6515099d-443d-4e39-a9ae-78a04ed14f9a","metadata":{"contentType":"Text","license":"U","title":"Untitled Text"}},"alwaysDisplayComments":false,"backgroundOpacity":0,"willDoAnimation":false,"animationType":"glow","displayAsButton":false,"buttonSize":"big","goToSlideType":"specified","invisible":false,"solution":""},{"x":48.46938775510204,"y":15.113350125944583,"width":44.753086419753,"height":79.256935743964,"action":{"library":"H5P.Image 1.1","params":{"contentName":"Image","alt":"Sithanda ukuzijabulisa nabangani.","title":"Sithanda ukuzijabulisa nabangani.","file":{"path":"images\/file-618ec2e9676e8.jpg","mime":"image\/jpeg","copyright":{"license":"U"},"width":273,"height":273}},"subContentId":"d306951b-d37a-48f0-b520-d8cb6bed7af9","metadata":{"contentType":"Image","license":"U","title":"Untitled Image"}},"backgroundOpacity":0,"willDoAnimation":false,"animationType":"glow","displayAsButton":false,"buttonSize":"big","goToSlideType":"specified","invisible":false},{"x":47.000103485838785,"y":44.00026681929878,"width":40,"height":40,"action":{"library":"H5P.CRAudio 1.4","params":{"fitToWrapper":true,"currIndex":18,"playerMode":"minimalistic","controls":true,"autoplay":true,"playAudio":"Play audio","pauseAudio":"Pause audio","contentName":"Audio","glowColor":"#ffd85a","timeStampForEachText":[{"text":" Gostamos ","startDuration":"0.0000","endDuration":"0.7850","wordfile":[{"path":"audios\/wordfile-670d1c4c11836.wav","mime":"audio\/x-wav","copyright":{"license":"U"}}]},{"text":" de ","startDuration":"0.7860","endDuration":"0.9860","wordfile":[{"path":"audios\/wordfile-670d1c5d6e25e.wav","mime":"audio\/x-wav","copyright":{"license":"U"}}]},{"text":" nos ","startDuration":"0.9870","endDuration":"1.2314","wordfile":[{"path":"audios\/wordfile-670d1c77ecd7f.wav","mime":"audio\/x-wav","copyright":{"license":"U"}}]},{"text":" divertir ","startDuration":"1.2324","endDuration":"1.9286","wordfile":[{"path":"audios\/wordfile-670d1c8f9cf53.wav","mime":"audio\/x-wav","copyright":{"license":"U"}}]},{"text":" com ","startDuration":"1.9296","endDuration":"2.1619","wordfile":[{"path":"audios\/wordfile-670d1cac6e40d.wav","mime":"audio\/x-wav","copyright":{"license":"U"}}]},{"text":" os ","startDuration":"2.1629","endDuration":"2.3629","wordfile":[{"path":"audios\/wordfile-670d1cc10d125.wav","mime":"audio\/x-wav","copyright":{"license":"U"}}]},{"text":" amigos. ","startDuration":"2.3639","endDuration":"3.5339","wordfile":[{"path":"audios\/wordfile-670d1cd87575e.wav","mime":"audio\/x-wav","copyright":{"license":"U"}}]}],"files":[{"path":"audios\/files-670d1c2a0eb99.wav","mime":"audio\/x-wav","copyright":{"license":"U"}}]},"subContentId":"29efc83c-978c-44e6-b5ce-169e02ec31a4","metadata":{"contentType":"Curious Reader Audio","license":"U","title":"Untitled Curious Reader Audio"}},"backgroundOpacity":0,"willDoAnimation":false,"animationType":"glow","displayAsButton":false,"buttonSize":"big","goToSlideType":"specified","invisible":false},{"x":45.751633986928105,"y":23.669453924180285,"width":20.37037037037037,"height":39.999440540179975,"action":{"library":"H5P.Image 1.1","params":{"contentName":"Image"},"subContentId":"cca10952-6e34-4f24-ac86-94b566034e6a","metadata":{"contentType":"Image","license":"U","title":"Untitled Image"}},"backgroundOpacity":0,"willDoAnimation":true,"animationType":"glow","displayAsButton":false,"buttonSize":"big","goToSlideType":"specified","invisible":false,"id":"img29efc83c-978c-44e6-b5ce-169e02ec31a4_6"},{"x":72.98474945533769,"y":23.669453924180285,"width":20.37037037037037,"height":39.999440540179975,"action":{"library":"H5P.Image 1.1","params":{"contentName":"Image"},"subContentId":"50a56abd-9006-40be-a63f-f81fd6da8fea","metadata":{"contentType":"Image","license":"U","title":"Untitled Image"}},"backgroundOpacity":0,"willDoAnimation":true,"animationType":"glow","displayAsButton":false,"buttonSize":"big","goToSlideType":"specified","invisible":false,"id":"img29efc83c-978c-44e6-b5ce-169e02ec31a4_6"}],"slideBackgroundSelector":{}},{"elements":[{"x":4.62962962962963,"y":11.415525114155251,"width":23.148148148148145,"height":15.981735159817353,"action":{"library":"H5P.Image 1.1","params":{"contentName":"Image","file":{"path":"images\/file-61faf81aea46b.png","mime":"image\/png","copyright":{"license":"U"},"width":1350,"height":487}},"metadata":{"contentType":"Image","license":"U","title":"Untitled Image"},"subContentId":"45750f56-188e-4f60-af42-6d631b2d556f"},"backgroundOpacity":0,"willDoAnimation":false,"animationType":"glow","displayAsButton":false,"buttonSize":"big","goToSlideType":"specified","invisible":false},{"x":37.03703703703704,"y":10.752688172043008,"width":28.124999999999996,"height":13.698630136986301,"action":{"library":"H5P.Image 1.1","params":{"contentName":"Image","file":{"path":"images\/file-61f9b09eb5330.png","mime":"image\/png","copyright":{"license":"U"},"width":814,"height":202}},"metadata":{"contentType":"Image","license":"U","title":"Untitled Image"},"subContentId":"cc2ecdc6-9393-428c-907b-f89bde66f5e3"},"backgroundOpacity":0,"willDoAnimation":false,"animationType":"glow","displayAsButton":false,"buttonSize":"big","goToSlideType":"specified","invisible":false},{"x":69.71677559912854,"y":6.451612903225806,"width":23.148148148148145,"height":23.28767123287671,"action":{"library":"H5P.Image 1.1","params":{"contentName":"Image","file":{"path":"images\/file-61f9b3987a86d.jpg","mime":"image\/jpeg","copyright":{"license":"U"},"width":306,"height":148}},"metadata":{"contentType":"Image","license":"U","title":"Untitled Image"},"subContentId":"523bfe62-f871-4d0d-a7d3-8902a69232f4"},"backgroundOpacity":0,"willDoAnimation":false,"animationType":"glow","displayAsButton":false,"buttonSize":"big","goToSlideType":"specified","invisible":false},{"x":17.429193899782135,"y":36.51548387096774,"width":65.359477124183,"height":56.98924731182795,"action":{"library":"H5P.CRAdvancedText 1.1","params":{"text":"<h3 style=\"text-align: center;\"><span style=\"font-size:1.125em;\"><strong>\"<\/strong><\/span>Amigos<span style=\"font-size:1.125em;\"><strong>\" credits<\/strong><\/span><\/h3>\n\n<h3 style=\"text-align: center;\"><span style=\"font-size:1em;\">This work, \"<\/span>Amigos<span style=\"font-size:1em;\">\", is a derivative of \"Friends\" by Zimbili Dlamini and Hlengiwe Zondi, used under CC BY. \"Abangani\" is licensed under CC BY 4.0 by Curious Learning.<\/span><\/h3>\n\n<h3 style=\"text-align: center;\"><br>\n<span style=\"font-size:1em;\">Book builder - Abraham Jerry Kakooza<\/span><\/h3>\n\n<p style=\"text-align: center;\">&nbsp;<\/p>\n"},"metadata":{"contentType":"Text","license":"U","title":"Untitled Text"},"subContentId":"01353513-0203-46a7-a7f4-bb1d8f346485"},"alwaysDisplayComments":false,"backgroundOpacity":0,"willDoAnimation":false,"animationType":"glow","displayAsButton":false,"buttonSize":"big","goToSlideType":"specified","invisible":false,"solution":""}],"slideBackgroundSelector":{}}],"keywordListEnabled":true,"globalBackgroundSelector":{"fillGlobalBackground":"#b7f5da"},"keywordListAlwaysShow":false,"keywordListAutoHide":false,"keywordListOpacity":90},"override":{"activeSurface":false,"hideSummarySlide":false,"summarySlideSolutionButton":true,"summarySlideRetryButton":true,"enablePrintButton":false,"social":{"showFacebookShare":false,"facebookShare":{"url":"@currentpageurl","quote":"I scored @score out of @maxScore on a task at @currentpageurl."},"showTwitterShare":false,"twitterShare":{"statement":"I scored @score out of @maxScore on a task at @currentpageurl.","url":"@currentpageurl","hashtags":"h5p, course"},"showGoogleShare":false,"googleShareUrl":"@currentpageurl"}},"l10n":{"slide":"Slide","score":"Score","yourScore":"Your Score","maxScore":"Max Score","total":"Total","totalScore":"Total Score","showSolutions":"Show solutions","retry":"Retry","exportAnswers":"Export text","hideKeywords":"Hide sidebar navigation menu","showKeywords":"Show sidebar navigation menu","fullscreen":"Fullscreen","exitFullscreen":"Exit fullscreen","prevSlide":"Previous slide","nextSlide":"Next slide","currentSlide":"Current slide","lastSlide":"Last slide","solutionModeTitle":"Exit solution mode","solutionModeText":"Solution Mode","summaryMultipleTaskText":"Multiple tasks","scoreMessage":"You achieved:","shareFacebook":"Share on Facebook","shareTwitter":"Share on Twitter","shareGoogle":"Share on Google+","summary":"Summary","solutionsButtonTitle":"Show comments","printTitle":"Print","printIngress":"How would you like to print this presentation?","printAllSlides":"Print all slides","printCurrentSlide":"Print current slide","noTitle":"No title","accessibilitySlideNavigationExplanation":"Use left and right arrow to change slide in that direction whenever canvas is selected.","accessibilityCanvasLabel":"Presentation canvas. Use left and right arrow to move between slides.","containsNotCompleted":"@slideName contains not completed interaction","containsCompleted":"@slideName contains completed interaction","slideCount":"Slide @index of @total","containsOnlyCorrect":"@slideName only has correct answers","containsIncorrectAnswers":"@slideName has incorrect answers","shareResult":"Share Result","accessibilityTotalScore":"You got @score of @maxScore points in total","accessibilityEnteredFullscreen":"Entered fullscreen","accessibilityExitedFullscreen":"Exited fullscreen"}}