{"presentation":{"slides":[{"elements":[{"x":26.143790849673206,"y":2.1454967741935485,"width":49.45533769063181,"height":70.96774193548387,"action":{"library":"H5P.Image 1.1","params":{"contentName":"Image","file":{"path":"images\/file-6583236a69c90.jpeg","mime":"image\/jpeg","copyright":{"license":"U"},"width":1000,"height":1000}},"subContentId":"9b9fc655-2af5-438e-a5cc-99693672e559","metadata":{"contentType":"Image","license":"U","title":"Untitled Image"}},"backgroundOpacity":0,"willDoAnimation":false,"animationType":"glow","displayAsButton":false,"buttonSize":"big","goToSlideType":"specified","invisible":false},{"x":30.612244897959183,"y":80.60453400503778,"width":39.97821350762527,"height":13.978494623655912,"action":{"library":"H5P.CRAdvancedText 1.1","params":{"text":"<p style=\"text-align: center;\"><span style=\"font-size:2.25em;\">Lunaku ki?<\/span><\/p>\n"},"subContentId":"bca21f5a-9c56-43f6-9c9d-80163dcc6c0c","metadata":{"contentType":"Text","license":"U","title":"Untitled Text"}},"alwaysDisplayComments":false,"backgroundOpacity":0,"willDoAnimation":false,"animationType":"glow","displayAsButton":false,"buttonSize":"big","goToSlideType":"specified","invisible":false,"solution":""}],"slideBackgroundSelector":{}},{"elements":[{"x":29.411764705882355,"y":2.150537634408602,"width":39.97821350762527,"height":73.11827956989247,"action":{"library":"H5P.Image 1.1","params":{"contentName":"Image","file":{"path":"images\/file-658328e766fda.jpg","mime":"image\/jpeg","copyright":{"license":"U"},"width":1000,"height":1000}},"subContentId":"ab415e67-eb4f-4f05-b1f9-022c38ee7beb","metadata":{"contentType":"Image","license":"U","title":"Untitled Image"}},"backgroundOpacity":0,"willDoAnimation":false,"animationType":"glow","displayAsButton":false,"buttonSize":"big","goToSlideType":"specified","invisible":false},{"x":6.377551020408164,"y":78.08564231738035,"width":85.71428571428572,"height":16.120906801007557,"action":{"library":"H5P.CRAdvancedText 1.1","params":{"text":"<p dir=\"ltr\" style=\"text-align: center;\"><span style=\"color:#ffffff;\"><span style=\"font-size:1.75em;\">Wasuze otya? Bea ali musanyufu nnyo leero<\/span><\/span><\/p>\n"},"subContentId":"8a2f3dcf-2c04-464a-ab7f-af4f0c6283f6","metadata":{"contentType":"Text","license":"U","title":"Untitled Text"}},"alwaysDisplayComments":false,"backgroundOpacity":0,"willDoAnimation":false,"animationType":"glow","displayAsButton":false,"buttonSize":"big","goToSlideType":"specified","invisible":false,"solution":""},{"x":47.00255102040816,"y":43.95465994962216,"width":40,"height":40,"action":{"library":"H5P.CRAudio 1.4","params":{"fitToWrapper":true,"currIndex":1,"playerMode":"minimalistic","controls":true,"autoplay":true,"playAudio":"Play audio","pauseAudio":"Pause audio","contentName":"Audio","glowColor":"#ffd85a","timeStampForEachText":[{"text":" Wasuze ","startDuration":"0.0000","endDuration":"0.5125","wordfile":[{"path":"audios\/wordfile-65cb9cf5a4c89.wav","mime":"audio\/x-wav","copyright":{"license":"U"}}]},{"text":" otya? ","startDuration":"0.5135","endDuration":"1.1778","wordfile":[{"path":"audios\/wordfile-65cb9d06e27a4.wav","mime":"audio\/x-wav","copyright":{"license":"U"}}]},{"text":" Bea ","startDuration":"1.1788","endDuration":"1.7433","wordfile":[{"path":"audios\/wordfile-65cb9d18953a2.mp3","mime":"audio\/mpeg","copyright":{"license":"U"}}]},{"text":" ali ","startDuration":"1.7433","endDuration":"1.9270","wordfile":[{"path":"audios\/wordfile-65cb9d8415c33.wav","mime":"audio\/x-wav","copyright":{"license":"U"}}]},{"text":" musanyufu ","startDuration":"1.9280","endDuration":"2.3927","wordfile":[{"path":"audios\/wordfile-65cb9d9b6004b.wav","mime":"audio\/x-wav","copyright":{"license":"U"}}]},{"text":" nnyo ","startDuration":"2.3937","endDuration":"2.7499","wordfile":[{"path":"audios\/wordfile-65cb9dbd460b9.mp3","mime":"audio\/mpeg","copyright":{"license":"U"}}]},{"text":" leero ","startDuration":"2.7509","endDuration":"3.2200","wordfile":[{"path":"audios\/wordfile-65cb9dd162807.mp3","mime":"audio\/mpeg","copyright":{"license":"U"}}]}],"files":[{"path":"audios\/files-65cb9c33cd2df.mp3","mime":"audio\/mpeg","copyright":{"license":"U"}}]},"subContentId":"2c701269-fa49-48cc-9eb6-f8bd55a5f977","metadata":{"contentType":"Curious Reader Audio","license":"U","title":"Untitled Curious Reader Audio"}},"backgroundOpacity":0,"willDoAnimation":false,"animationType":"glow","displayAsButton":false,"buttonSize":"big","goToSlideType":"specified","invisible":false},{"x":31.887755102040817,"y":20.139319899244335,"width":22.5765306122449,"height":40.050377833753146,"action":{"library":"H5P.Image 1.1","params":{"contentName":"Image"},"subContentId":"2ca75288-bf83-4ba7-a324-7c1f4c170094","metadata":{"contentType":"Image","license":"U","title":"Untitled Image"}},"backgroundOpacity":0,"willDoAnimation":true,"animationType":"glow","displayAsButton":false,"buttonSize":"big","goToSlideType":"specified","invisible":false,"id":"img2c701269-fa49-48cc-9eb6-f8bd55a5f977_2"}],"slideBackgroundSelector":{}},{"elements":[{"x":20.697167755991288,"y":2.1454967741935485,"width":66.66666666666667,"height":77.41935483870967,"action":{"library":"H5P.Image 1.1","params":{"contentName":"Image","file":{"path":"images\/file-65832a5032f10.jpg","mime":"image\/jpeg","copyright":{"license":"U"},"width":1000,"height":1000}},"subContentId":"ef974a78-3caf-4bda-babe-d81908694e6a","metadata":{"contentType":"Image","license":"U","title":"Untitled Image"}},"backgroundOpacity":0,"willDoAnimation":false,"animationType":"glow","displayAsButton":false,"buttonSize":"big","goToSlideType":"specified","invisible":false},{"x":5.1020408163265305,"y":78.0639798488665,"width":94.38775510204081,"height":21.914357682619645,"action":{"library":"H5P.CRAdvancedText 1.1","params":{"text":"<p dir=\"ltr\" style=\"text-align: center;\"><span style=\"color:#ffffff;\"><span style=\"font-size:1.75em;\">Walina okubaawo ekintu ekirungi ekyewuunyisa kye \u014b\u014benda okulaba.<\/span><\/span><\/p>\n"},"subContentId":"a838d67e-2f60-44c5-8488-9a30a9b4ea75","metadata":{"contentType":"Text","license":"U","title":"Untitled Text"}},"alwaysDisplayComments":false,"backgroundOpacity":0,"willDoAnimation":false,"animationType":"glow","displayAsButton":false,"buttonSize":"big","goToSlideType":"specified","invisible":false,"solution":""},{"x":47.00255102040816,"y":43.95465994962216,"width":40,"height":40,"action":{"library":"H5P.CRAudio 1.4","params":{"fitToWrapper":true,"currIndex":2,"playerMode":"minimalistic","controls":true,"autoplay":true,"playAudio":"Play audio","pauseAudio":"Pause audio","contentName":"Audio","glowColor":"#ffd85a","timeStampForEachText":[{"text":" Walina ","startDuration":"0.0000","endDuration":"0.5053","wordfile":[{"path":"audios\/wordfile-65cb9e65b343f.mp3","mime":"audio\/mpeg","copyright":{"license":"U"}}]},{"text":" okubaawo ","startDuration":"0.5063","endDuration":"0.9754","wordfile":[{"path":"audios\/wordfile-65cb9e7ce463c.mp3","mime":"audio\/mpeg","copyright":{"license":"U"}}]},{"text":" ekintu ","startDuration":"0.9764","endDuration":"1.2747","wordfile":[{"path":"audios\/wordfile-65cb9e935021c.mp3","mime":"audio\/mpeg","copyright":{"license":"U"}}]},{"text":" ekirungi ","startDuration":"1.2757","endDuration":"1.8276","wordfile":[{"path":"audios\/wordfile-65cb9eb9ba60b.mp3","mime":"audio\/mpeg","copyright":{"license":"U"}}]},{"text":" ekyewuunyisa ","startDuration":"1.8276","endDuration":"2.6962","wordfile":[{"path":"audios\/wordfile-65cb9eed5b666.mp3","mime":"audio\/mpeg","copyright":{"license":"U"}}]},{"text":" kye ","startDuration":"2.6972","endDuration":"2.8972","wordfile":[{"path":"audios\/wordfile-65cb9f3e0ebf6.wav","mime":"audio\/x-wav","copyright":{"license":"U"}}]},{"text":" \u014b\u014benda ","startDuration":"2.8982","endDuration":"3.3414","wordfile":[{"path":"audios\/wordfile-65cb9f56845d4.wav","mime":"audio\/x-wav","copyright":{"license":"U"}}]},{"text":" okulaba. ","startDuration":"3.3424","endDuration":"3.8400","wordfile":[{"path":"audios\/wordfile-65cb9f68a3561.mp3","mime":"audio\/mpeg","copyright":{"license":"U"}}]}],"files":[{"path":"audios\/files-65cb9e48f30f8.mp3","mime":"audio\/mpeg","copyright":{"license":"U"}}]},"subContentId":"f312b363-d70a-4226-ae06-8a614211a7c0","metadata":{"contentType":"Curious Reader Audio","license":"U","title":"Untitled Curious Reader Audio"}},"backgroundOpacity":0,"willDoAnimation":false,"animationType":"glow","displayAsButton":false,"buttonSize":"big","goToSlideType":"specified","invisible":false}],"slideBackgroundSelector":{}},{"elements":[{"x":20.697167755991288,"y":4.29436559139785,"width":55.88235294117647,"height":68.81720430107526,"action":{"library":"H5P.Image 1.1","params":{"contentName":"Image","file":{"path":"images\/file-65832b0b0d2b0.jpg","mime":"image\/jpeg","copyright":{"license":"U"},"width":1000,"height":1000}},"subContentId":"da2b2019-fa80-40b3-8bd9-fe12b1f2ccee","metadata":{"contentType":"Image","license":"U","title":"Untitled Image"}},"backgroundOpacity":0,"willDoAnimation":false,"animationType":"glow","displayAsButton":false,"buttonSize":"big","goToSlideType":"specified","invisible":false},{"x":7.653061224489796,"y":79.50453400503777,"width":86.86224489795919,"height":13.853904282115868,"action":{"library":"H5P.CRAdvancedText 1.1","params":{"text":"<p style=\"text-align: center;\"><span style=\"color:#ffffff;\"><span style=\"font-size:1.75em;\">Oh! Tewali kyewuunyisa? Buli muntu ali wa?<\/span><\/span><\/p>\n"},"subContentId":"655073f1-de35-42df-94e4-f645122ac952","metadata":{"contentType":"Text","license":"U","title":"Untitled Text"}},"alwaysDisplayComments":false,"backgroundOpacity":0,"willDoAnimation":false,"animationType":"glow","displayAsButton":false,"buttonSize":"big","goToSlideType":"specified","invisible":false,"solution":""},{"x":47.00255102040816,"y":43.95465994962216,"width":40,"height":40,"action":{"library":"H5P.CRAudio 1.4","params":{"fitToWrapper":true,"currIndex":3,"playerMode":"minimalistic","controls":true,"autoplay":true,"playAudio":"Play audio","pauseAudio":"Pause audio","contentName":"Audio","glowColor":"#ffd85a","timeStampForEachText":[{"text":" Oh! ","startDuration":"0.0000","endDuration":"1.1522","wordfile":[{"path":"audios\/wordfile-65cba1819b7ad.mp3","mime":"audio\/mpeg","copyright":{"license":"U"}}]},{"text":" Tewali ","startDuration":"1.1532","endDuration":"1.8483","wordfile":[{"path":"audios\/wordfile-65cba192e5343.mp3","mime":"audio\/mpeg","copyright":{"license":"U"}}]},{"text":" kyewuunyisa? ","startDuration":"1.8493","endDuration":"2.9507","wordfile":[{"path":"audios\/wordfile-65cba1a8847e5.mp3","mime":"audio\/mpeg","copyright":{"license":"U"}}]},{"text":" Buli ","startDuration":"2.9517","endDuration":"3.7865","wordfile":[{"path":"audios\/wordfile-65cba1fb70b05.wav","mime":"audio\/x-wav","copyright":{"license":"U"}}]},{"text":" muntu ","startDuration":"3.7875","endDuration":"4.2033","wordfile":[{"path":"audios\/wordfile-65cba21592832.wav","mime":"audio\/x-wav","copyright":{"license":"U"}}]},{"text":" ali ","startDuration":"4.2043","endDuration":"4.4043","wordfile":[{"path":"audios\/wordfile-65cba22fb2d0d.wav","mime":"audio\/x-wav","copyright":{"license":"U"}}]},{"text":" wa? ","startDuration":"4.4053","endDuration":"4.7100","wordfile":[{"path":"audios\/wordfile-65cba262eefab.wav","mime":"audio\/x-wav","copyright":{"license":"U"}}]}],"files":[{"path":"audios\/files-65cba16c29a5e.mp3","mime":"audio\/mpeg","copyright":{"license":"U"}}]},"subContentId":"3ad96b01-91ea-4fc9-bebc-d46a0f9222c6","metadata":{"contentType":"Curious Reader Audio","license":"U","title":"Untitled Curious Reader Audio"}},"backgroundOpacity":0,"willDoAnimation":false,"animationType":"glow","displayAsButton":false,"buttonSize":"big","goToSlideType":"specified","invisible":false}],"slideBackgroundSelector":{}},{"elements":[{"x":28.32244008714597,"y":2.150537634408602,"width":39.97821350762527,"height":68.81720430107526,"action":{"library":"H5P.Image 1.1","params":{"contentName":"Image","file":{"path":"images\/file-65832c012cdae.jpg","mime":"image\/jpeg","copyright":{"license":"U"},"width":1000,"height":1000}},"subContentId":"e2906a2a-6335-4319-9270-1a0d1fed6d24","metadata":{"contentType":"Image","license":"U","title":"Untitled Image"}},"backgroundOpacity":0,"willDoAnimation":false,"animationType":"glow","displayAsButton":false,"buttonSize":"big","goToSlideType":"specified","invisible":false},{"x":1.2755102040816326,"y":67.99244332493703,"width":98.72448979591837,"height":31.989924433249367,"action":{"library":"H5P.CRAdvancedText 1.1","params":{"text":"<p dir=\"ltr\" style=\"text-align: center;\"><span style=\"color:#ffffff;\"><span style=\"font-size:1.75em;\">&amp;ldquo;&nbsp;Maama, omanyi nti leero lunaku ki?&nbsp;&amp;rdquo; Omukyala abuuza.&nbsp;&nbsp;&amp;ldquo;&nbsp; Leero lunaku lwa kufumba,&nbsp;&amp;rdquo;&nbsp; Maama ayanukula. Oh nedda!<\/span><\/span><\/p>\n"},"subContentId":"0848ad97-7280-4f9a-acd7-cd9e37c0a9e2","metadata":{"contentType":"Text","license":"U","title":"Untitled Text"}},"alwaysDisplayComments":false,"backgroundOpacity":0,"willDoAnimation":false,"animationType":"glow","displayAsButton":false,"buttonSize":"big","goToSlideType":"specified","invisible":false,"solution":""},{"x":47.00255102040816,"y":43.95465994962216,"width":40,"height":40,"action":{"library":"H5P.CRAudio 1.4","params":{"fitToWrapper":true,"currIndex":4,"playerMode":"minimalistic","controls":true,"autoplay":true,"playAudio":"Play audio","pauseAudio":"Pause audio","contentName":"Audio","glowColor":"#ffd85a","timeStampForEachText":[{"text":" \u201c\u00a0Maama, ","startDuration":"0.0000","endDuration":"1.2353","wordfile":[{"path":"audios\/wordfile-65cba2b9cc61c.mp3","mime":"audio\/mpeg","copyright":{"license":"U"}}]},{"text":" omanyi ","startDuration":"1.2363","endDuration":"1.9372","wordfile":[{"path":"audios\/wordfile-65cba2d1e21ba.mp3","mime":"audio\/mpeg","copyright":{"license":"U"}}]},{"text":" nti ","startDuration":"1.9382","endDuration":"2.1058","wordfile":[{"path":"audios\/wordfile-65cba2e3388d4.mp3","mime":"audio\/mpeg","copyright":{"license":"U"}}]},{"text":" leero ","startDuration":"2.1058","endDuration":"2.3392","wordfile":[{"path":"audios\/wordfile-65cba32854153.mp3","mime":"audio\/mpeg","copyright":{"license":"U"}}]},{"text":" lunaku ","startDuration":"2.3402","endDuration":"2.7072","wordfile":[{"path":"audios\/wordfile-65cba3446538f.mp3","mime":"audio\/mpeg","copyright":{"license":"U"}}]},{"text":" ki?\u00a0\u201d ","startDuration":"2.7082","endDuration":"3.9101","wordfile":[{"path":"audios\/wordfile-65cba35660ed4.mp3","mime":"audio\/mpeg","copyright":{"license":"U"}}]},{"text":" Omukyala ","startDuration":"3.9111","endDuration":"4.6788","wordfile":[{"path":"audios\/wordfile-65cba368f24a5.mp3","mime":"audio\/mpeg","copyright":{"license":"U"}}]},{"text":" abuuza.\u00a0\u00a0\u201c\u00a0 ","startDuration":"4.6798","endDuration":"5.5644","wordfile":[{"path":"audios\/wordfile-65cba37c242e8.mp3","mime":"audio\/mpeg","copyright":{"license":"U"}}]},{"text":" Leero ","startDuration":"5.5654","endDuration":"6.7339","wordfile":[{"path":"audios\/wordfile-65cba394894bb.mp3","mime":"audio\/mpeg","copyright":{"license":"U"}}]},{"text":" lunaku ","startDuration":"6.7349","endDuration":"6.9349","wordfile":[{"path":"audios\/wordfile-65cba3a62bb1b.mp3","mime":"audio\/mpeg","copyright":{"license":"U"}}]},{"text":" lwa ","startDuration":"6.9359","endDuration":"7.3029","wordfile":[{"path":"audios\/wordfile-65cba5657f31c.wav","mime":"audio\/x-wav","copyright":{"license":"U"}}]},{"text":" kufumba,\u00a0\u201d\u00a0 ","startDuration":"7.3029","endDuration":"8.1050","wordfile":[{"path":"audios\/wordfile-65cba5815116b.wav","mime":"audio\/x-wav","copyright":{"license":"U"}}]},{"text":" Maama ","startDuration":"8.1060","endDuration":"9.0741","wordfile":[{"path":"audios\/wordfile-65cba59c6bc2c.mp3","mime":"audio\/mpeg","copyright":{"license":"U"}}]},{"text":" ayanukula. ","startDuration":"9.0751","endDuration":"10.1601","wordfile":[{"path":"audios\/wordfile-65cba5b56a040.mp3","mime":"audio\/mpeg","copyright":{"license":"U"}}]},{"text":" Oh ","startDuration":"10.1611","endDuration":"11.5634","wordfile":[{"path":"audios\/wordfile-65cba5c6484cd.mp3","mime":"audio\/mpeg","copyright":{"license":"U"}}]},{"text":" nedda! ","startDuration":"11.5644","endDuration":"12.3900","wordfile":[{"path":"audios\/wordfile-65cba5da1433a.mp3","mime":"audio\/mpeg","copyright":{"license":"U"}}]}],"files":[{"path":"audios\/files-65cba299aabb0.mp3","mime":"audio\/mpeg","copyright":{"license":"U"}}]},"subContentId":"8cd5389f-afef-499e-9323-f615e5d19f19","metadata":{"contentType":"Curious Reader Audio","license":"U","title":"Untitled Curious Reader Audio"}},"backgroundOpacity":0,"willDoAnimation":false,"animationType":"glow","displayAsButton":false,"buttonSize":"big","goToSlideType":"specified","invisible":false},{"x":34.43775510204082,"y":5.0338539042821155,"width":21.301020408163264,"height":40.050377833753146,"action":{"library":"H5P.Image 1.1","params":{"contentName":"Image"},"subContentId":"f8defd85-3d9a-4e31-9aa7-543ac01a254c","metadata":{"contentType":"Image","license":"U","title":"Untitled Image"}},"backgroundOpacity":0,"willDoAnimation":true,"animationType":"glow","displayAsButton":false,"buttonSize":"big","goToSlideType":"specified","invisible":false,"id":"img8cd5389f-afef-499e-9323-f615e5d19f19_0"},{"x":51.02040816326531,"y":17.6204282115869,"width":16.198979591836736,"height":40.050377833753146,"action":{"library":"H5P.Image 1.1","params":{"contentName":"Image"},"subContentId":"fbfdd780-d087-42dc-9902-d694725a6075","metadata":{"contentType":"Image","license":"U","title":"Untitled Image"}},"backgroundOpacity":0,"willDoAnimation":true,"animationType":"glow","displayAsButton":false,"buttonSize":"big","goToSlideType":"specified","invisible":false,"id":"img8cd5389f-afef-499e-9323-f615e5d19f19_6"},{"x":33.16326530612245,"y":5.0338539042821155,"width":21.301020408163264,"height":40.050377833753146,"action":{"library":"H5P.Image 1.1","params":{"contentName":"Image"},"subContentId":"2e74382d-3887-43c3-bf20-00d9182beee8","metadata":{"contentType":"Image","license":"U","title":"Untitled Image"}},"backgroundOpacity":0,"willDoAnimation":true,"animationType":"glow","displayAsButton":false,"buttonSize":"big","goToSlideType":"specified","invisible":false,"id":"img8cd5389f-afef-499e-9323-f615e5d19f19_12"},{"x":29.97448979591837,"y":37.7735516372796,"width":20.025510204081634,"height":26.700251889168765,"action":{"library":"H5P.Image 1.1","params":{"contentName":"Image"},"subContentId":"15b6c4c9-52da-4383-93ae-069fc9bf2988","metadata":{"contentType":"Image","license":"U","title":"Untitled Image"}},"backgroundOpacity":0,"willDoAnimation":true,"animationType":"glow","displayAsButton":false,"buttonSize":"big","goToSlideType":"specified","invisible":false,"id":"img8cd5389f-afef-499e-9323-f615e5d19f19_11"}],"slideBackgroundSelector":{}},{"elements":[{"x":28.32244008714597,"y":2.150537634408602,"width":39.97821350762527,"height":70.96774193548387,"action":{"library":"H5P.Image 1.1","params":{"contentName":"Image","file":{"path":"images\/file-65832d06b9d3c.jpg","mime":"image\/jpeg","copyright":{"license":"U"},"width":1000,"height":1000}},"subContentId":"4ef25262-cd77-44b7-9558-621a4320226f","metadata":{"contentType":"Image","license":"U","title":"Untitled Image"}},"backgroundOpacity":0,"willDoAnimation":false,"animationType":"glow","displayAsButton":false,"buttonSize":"big","goToSlideType":"specified","invisible":false},{"x":2.5510204081632653,"y":70.50931989924433,"width":96.93877551020408,"height":26.952141057934508,"action":{"library":"H5P.CRAdvancedText 1.1","params":{"text":"<p dir=\"ltr\" style=\"text-align: center;\"><span style=\"color:#ffffff;\"><span style=\"font-size:1.5em;\">&nbsp;&amp;ldquo;&nbsp;Baaba, omanyi leero lunaku ki &amp;rdquo;&nbsp; Bea abuuza.&nbsp; &amp;ldquo;&nbsp;Leero lunaku lwa kukuba,&nbsp;&amp;rdquo; mugandawe bw&amp;rsquo;agamba. Bea yewunya lwaki mugandawe tajjukira.<\/span><\/span><\/p>\n"},"subContentId":"b7357a53-2bb0-4394-930d-05dbc739e7b9","metadata":{"contentType":"Text","license":"U","title":"Untitled Text"}},"alwaysDisplayComments":false,"backgroundOpacity":0,"willDoAnimation":false,"animationType":"glow","displayAsButton":false,"buttonSize":"big","goToSlideType":"specified","invisible":false,"solution":""},{"x":47.00255102040816,"y":43.95465994962216,"width":40,"height":40,"action":{"library":"H5P.CRAudio 1.4","params":{"fitToWrapper":true,"currIndex":5,"playerMode":"minimalistic","controls":true,"autoplay":true,"playAudio":"Play audio","pauseAudio":"Pause audio","contentName":"Audio","glowColor":"#ffd85a","timeStampForEachText":[{"text":" \u00a0\u201c\u00a0Baaba, ","startDuration":"0.0000","endDuration":"1.3822","wordfile":[{"path":"audios\/wordfile-65cba80f7ee85.mp3","mime":"audio\/mpeg","copyright":{"license":"U"}}]},{"text":" omanyi ","startDuration":"1.3832","endDuration":"1.9127","wordfile":[{"path":"audios\/wordfile-65cba827efdce.mp3","mime":"audio\/mpeg","copyright":{"license":"U"}}]},{"text":" leero ","startDuration":"1.9137","endDuration":"2.2881","wordfile":[{"path":"audios\/wordfile-65cba850a6ca9.mp3","mime":"audio\/mpeg","copyright":{"license":"U"}}]},{"text":" lunaku ","startDuration":"2.2891","endDuration":"2.6441","wordfile":[{"path":"audios\/wordfile-65cba87509a6a.mp3","mime":"audio\/mpeg","copyright":{"license":"U"}}]},{"text":" ki \u201d\u00a0 ","startDuration":"2.6451","endDuration":"3.3684","wordfile":[{"path":"audios\/wordfile-65cba88b03802.mp3","mime":"audio\/mpeg","copyright":{"license":"U"}}]},{"text":" Bea ","startDuration":"3.3694","endDuration":"4.3058","wordfile":[{"path":"audios\/wordfile-65cba8a5d71e4.mp3","mime":"audio\/mpeg","copyright":{"license":"U"}}]},{"text":" abuuza.\u00a0 ","startDuration":"4.3068","endDuration":"5.1851","wordfile":[{"path":"audios\/wordfile-65cba8bf5d611.mp3","mime":"audio\/mpeg","copyright":{"license":"U"}}]},{"text":" \u201c\u00a0Leero ","startDuration":"5.1861","endDuration":"6.2388","wordfile":[{"path":"audios\/wordfile-65cba8e21611d.mp3","mime":"audio\/mpeg","copyright":{"license":"U"}}]},{"text":" lunaku ","startDuration":"6.2398","endDuration":"6.5755","wordfile":[{"path":"audios\/wordfile-65cba8f7cad3c.mp3","mime":"audio\/mpeg","copyright":{"license":"U"}}]},{"text":" lwa ","startDuration":"6.5765","endDuration":"6.7765","wordfile":[{"path":"audios\/wordfile-65cba9088f666.wav","mime":"audio\/x-wav","copyright":{"license":"U"}}]},{"text":" kukuba,\u00a0\u201d ","startDuration":"6.7775","endDuration":"7.6364","wordfile":[{"path":"audios\/wordfile-65cba99586aed.wav","mime":"audio\/x-wav","copyright":{"license":"U"}}]},{"text":" mugandawe ","startDuration":"7.6374","endDuration":"8.9033","wordfile":[{"path":"audios\/wordfile-65cba9b303836.mp3","mime":"audio\/mpeg","copyright":{"license":"U"}}]},{"text":" bw\u2019agamba. ","startDuration":"8.9043","endDuration":"10.3059","wordfile":[{"path":"audios\/wordfile-65cba9d2589ff.mp3","mime":"audio\/mpeg","copyright":{"license":"U"}}]},{"text":" Bea ","startDuration":"10.3069","endDuration":"11.2433","wordfile":[{"path":"audios\/wordfile-65cba9e7a8778.mp3","mime":"audio\/mpeg","copyright":{"license":"U"}}]},{"text":" yewunya ","startDuration":"11.2443","endDuration":"12.2776","wordfile":[{"path":"audios\/wordfile-65cbaa05dbc44.mp3","mime":"audio\/mpeg","copyright":{"license":"U"}}]},{"text":" lwaki ","startDuration":"12.2786","endDuration":"13.0600","wordfile":[{"path":"audios\/wordfile-65cbaa222bbfe.mp3","mime":"audio\/mpeg","copyright":{"license":"U"}}]},{"text":" mugandawe ","startDuration":"13.0610","endDuration":"13.6098","wordfile":[{"path":"audios\/wordfile-65cbaa3b93307.mp3","mime":"audio\/mpeg","copyright":{"license":"U"}}]},{"text":" tajjukira. ","startDuration":"13.6108","endDuration":"14.3800","wordfile":[{"path":"audios\/wordfile-65cbaa53c3d66.mp3","mime":"audio\/mpeg","copyright":{"license":"U"}}]}],"files":[{"path":"audios\/files-65cba7f789a33.mp3","mime":"audio\/mpeg","copyright":{"license":"U"}}]},"subContentId":"11dcc0c6-df25-4d7c-9565-acea72c4ea57","metadata":{"contentType":"Curious Reader Audio","license":"U","title":"Untitled Curious Reader Audio"}},"backgroundOpacity":0,"willDoAnimation":false,"animationType":"glow","displayAsButton":false,"buttonSize":"big","goToSlideType":"specified","invisible":false},{"x":44.642857142857146,"y":5.031889168765743,"width":21.301020408163264,"height":59.697732997481104,"action":{"library":"H5P.Image 1.1","params":{"contentName":"Image"},"subContentId":"6ebaae8b-54b4-429c-8b05-0a23ee9e964e","metadata":{"contentType":"Image","license":"U","title":"Untitled Image"}},"backgroundOpacity":0,"willDoAnimation":true,"animationType":"glow","displayAsButton":false,"buttonSize":"big","goToSlideType":"specified","invisible":false,"id":"img11dcc0c6-df25-4d7c-9565-acea72c4ea57_0"},{"x":28.061224489795915,"y":7.552745591939547,"width":18.75,"height":40.050377833753146,"action":{"library":"H5P.Image 1.1","params":{"contentName":"Image"},"subContentId":"938284c8-76e8-4f25-a612-48d7fa571fcc","metadata":{"contentType":"Image","license":"U","title":"Untitled Image"}},"backgroundOpacity":0,"willDoAnimation":true,"animationType":"glow","displayAsButton":false,"buttonSize":"big","goToSlideType":"specified","invisible":false,"id":"img11dcc0c6-df25-4d7c-9565-acea72c4ea57_5"},{"x":28.061224489795915,"y":5.0338539042821155,"width":17.474489795918366,"height":40.050377833753146,"action":{"library":"H5P.Image 1.1","params":{"contentName":"Image"},"subContentId":"1e5e4749-d6d0-43ee-9df8-e52e0d7c5189","metadata":{"contentType":"Image","license":"U","title":"Untitled Image"}},"backgroundOpacity":0,"willDoAnimation":true,"animationType":"glow","displayAsButton":false,"buttonSize":"big","goToSlideType":"specified","invisible":false,"id":"img11dcc0c6-df25-4d7c-9565-acea72c4ea57_13"},{"x":38.26428571428572,"y":42.78564231738036,"width":23.852040816326532,"height":27.20403022670025,"action":{"library":"H5P.Image 1.1","params":{"contentName":"Image"},"subContentId":"6adde983-68ea-400d-974a-bbf63aad34e4","metadata":{"contentType":"Image","license":"U","title":"Untitled Image"}},"backgroundOpacity":0,"willDoAnimation":true,"animationType":"glow","displayAsButton":false,"buttonSize":"big","goToSlideType":"specified","invisible":false,"id":"img11dcc0c6-df25-4d7c-9565-acea72c4ea57_10"},{"x":44.642857142857146,"y":10.06375314861461,"width":20.025510204081634,"height":47.10327455919395,"action":{"library":"H5P.Image 1.1","params":{"contentName":"Image"},"subContentId":"ff415efc-4fea-4951-abbb-a91e44c781c7","metadata":{"contentType":"Image","license":"U","title":"Untitled Image"}},"backgroundOpacity":0,"willDoAnimation":true,"animationType":"glow","displayAsButton":false,"buttonSize":"big","goToSlideType":"specified","invisible":false,"id":"img11dcc0c6-df25-4d7c-9565-acea72c4ea57_11"},{"x":43.36734693877551,"y":7.550780856423174,"width":21.301020408163264,"height":49.622166246851386,"action":{"library":"H5P.Image 1.1","params":{"contentName":"Image"},"subContentId":"aa782077-2ef3-47dd-8d65-52efffac19fa","metadata":{"contentType":"Image","license":"U","title":"Untitled Image"}},"backgroundOpacity":0,"willDoAnimation":true,"animationType":"glow","displayAsButton":false,"buttonSize":"big","goToSlideType":"specified","invisible":false,"id":"img11dcc0c6-df25-4d7c-9565-acea72c4ea57_16"}],"slideBackgroundSelector":{}},{"elements":[{"x":28.322440087145967,"y":0,"width":39.97821350762527,"height":73.11827956989247,"action":{"library":"H5P.Image 1.1","params":{"contentName":"Image","file":{"path":"images\/file-65832daf4b9a6.jpg","mime":"image\/jpeg","copyright":{"license":"U"},"width":1000,"height":1000}},"subContentId":"77b53485-fb8f-4479-9b9b-07f9db40851e","metadata":{"contentType":"Image","license":"U","title":"Untitled Image"}},"backgroundOpacity":0,"willDoAnimation":false,"animationType":"glow","displayAsButton":false,"buttonSize":"big","goToSlideType":"specified","invisible":false},{"x":8.928571428571429,"y":75.56675062972292,"width":86.09693877551021,"height":24.43324937027708,"action":{"library":"H5P.CRAdvancedText 1.1","params":{"text":"<p dir=\"ltr\" style=\"text-align: center;\"><span style=\"color:#ffffff;\"><span style=\"font-size:1.625em;\">&amp;ldquo;&nbsp;Mwanyinaze, leero lunaku ki?&nbsp;&amp;rdquo;&nbsp; Bea abuuza.&nbsp; &amp;ldquo;&nbsp;Mupiira!&nbsp; Mupiira!&nbsp;&amp;rdquo;&nbsp; mwanyinaze bw&amp;rsquo;agamba.<\/span><\/span><\/p>\n"},"subContentId":"3f6ad871-cba9-4cde-98ab-07926142842c","metadata":{"contentType":"Text","license":"U","title":"Untitled Text"}},"alwaysDisplayComments":false,"backgroundOpacity":0,"willDoAnimation":false,"animationType":"glow","displayAsButton":false,"buttonSize":"big","goToSlideType":"specified","invisible":false,"solution":""},{"x":47.00255102040816,"y":43.95465994962216,"width":40,"height":40,"action":{"library":"H5P.CRAudio 1.4","params":{"fitToWrapper":true,"currIndex":6,"playerMode":"minimalistic","controls":true,"autoplay":true,"playAudio":"Play audio","pauseAudio":"Pause audio","contentName":"Audio","glowColor":"#ffd85a","timeStampForEachText":[{"text":" \u201c\u00a0Mwanyinaze, ","startDuration":"0.0000","endDuration":"1.2165","wordfile":[{"path":"audios\/wordfile-65cbacfe38e9e.mp3","mime":"audio\/mpeg","copyright":{"license":"U"}}]},{"text":" leero ","startDuration":"1.2175","endDuration":"1.9909","wordfile":[{"path":"audios\/wordfile-65cbad146adf8.mp3","mime":"audio\/mpeg","copyright":{"license":"U"}}]},{"text":" lunaku ","startDuration":"1.9919","endDuration":"2.1919","wordfile":[{"path":"audios\/wordfile-65cbad2544061.mp3","mime":"audio\/mpeg","copyright":{"license":"U"}}]},{"text":" ki?\u00a0\u201d\u00a0 ","startDuration":"2.1929","endDuration":"2.7057","wordfile":[{"path":"audios\/wordfile-65cbad41b00e7.mp3","mime":"audio\/mpeg","copyright":{"license":"U"}}]},{"text":" Bea ","startDuration":"2.7057","endDuration":"4.1438","wordfile":[{"path":"audios\/wordfile-65cbad675af3b.mp3","mime":"audio\/mpeg","copyright":{"license":"U"}}]},{"text":" abuuza.\u00a0 ","startDuration":"4.1448","endDuration":"5.1528","wordfile":[{"path":"audios\/wordfile-65cbad7750c73.mp3","mime":"audio\/mpeg","copyright":{"license":"U"}}]},{"text":" \u201c\u00a0Mupiira!\u00a0 ","startDuration":"5.1538","endDuration":"6.5267","wordfile":[{"path":"audios\/wordfile-65cbad8e6d98d.mp3","mime":"audio\/mpeg","copyright":{"license":"U"}}]},{"text":" Mupiira!\u00a0\u201d\u00a0 ","startDuration":"6.5277","endDuration":"7.8615","wordfile":[{"path":"audios\/wordfile-65cbada0864f0.mp3","mime":"audio\/mpeg","copyright":{"license":"U"}}]},{"text":" mwanyinaze ","startDuration":"7.8625","endDuration":"8.7923","wordfile":[{"path":"audios\/wordfile-65cbadb4185c4.mp3","mime":"audio\/mpeg","copyright":{"license":"U"}}]},{"text":" bw\u2019agamba. ","startDuration":"8.7933","endDuration":"9.6700","wordfile":[{"path":"audios\/wordfile-65cbadc7509d0.mp3","mime":"audio\/mpeg","copyright":{"license":"U"}}]}],"files":[{"path":"audios\/files-65cbacd7a6a48.mp3","mime":"audio\/mpeg","copyright":{"license":"U"}}]},"subContentId":"b9823739-8c15-48d2-bf9d-c2819dad7721","metadata":{"contentType":"Curious Reader Audio","license":"U","title":"Untitled Curious Reader Audio"}},"backgroundOpacity":0,"willDoAnimation":false,"animationType":"glow","displayAsButton":false,"buttonSize":"big","goToSlideType":"specified","invisible":false},{"x":29.336734693877553,"y":32.72594458438287,"width":17.474489795918366,"height":40.050377833753146,"action":{"library":"H5P.Image 1.1","params":{"contentName":"Image"},"subContentId":"b7634f1e-d061-4868-b8e5-107bf192cc8b","metadata":{"contentType":"Image","license":"U","title":"Untitled Image"}},"backgroundOpacity":0,"willDoAnimation":true,"animationType":"glow","displayAsButton":false,"buttonSize":"big","goToSlideType":"specified","invisible":false,"id":"imgb9823739-8c15-48d2-bf9d-c2819dad7721_0"},{"x":39.54081632653062,"y":2.5149571788413096,"width":23.852040816326532,"height":40.050377833753146,"action":{"library":"H5P.Image 1.1","params":{"contentName":"Image"},"subContentId":"bfdbeb8f-5675-4d01-b0fd-e44719250dee","metadata":{"contentType":"Image","license":"U","title":"Untitled Image"}},"backgroundOpacity":0,"willDoAnimation":true,"animationType":"glow","displayAsButton":false,"buttonSize":"big","goToSlideType":"specified","invisible":false,"id":"imgb9823739-8c15-48d2-bf9d-c2819dad7721_4"},{"x":35.714285714285715,"y":45.30453400503778,"width":12.372448979591837,"height":24.68513853904282,"action":{"library":"H5P.Image 1.1","params":{"contentName":"Image"},"subContentId":"a5455e20-6c57-4a01-b3c6-662291dfa3f8","metadata":{"contentType":"Image","license":"U","title":"Untitled Image"}},"backgroundOpacity":0,"willDoAnimation":true,"animationType":"glow","displayAsButton":false,"buttonSize":"big","goToSlideType":"specified","invisible":false,"id":"imgb9823739-8c15-48d2-bf9d-c2819dad7721_6"},{"x":34.43775510204082,"y":45.31637279596977,"width":13.64795918367347,"height":24.68513853904282,"action":{"library":"H5P.Image 1.1","params":{"contentName":"Image"},"subContentId":"ee2387db-7133-4ed4-9692-b3871aff9dff","metadata":{"contentType":"Image","license":"U","title":"Untitled Image"}},"backgroundOpacity":0,"willDoAnimation":true,"animationType":"glow","displayAsButton":false,"buttonSize":"big","goToSlideType":"specified","invisible":false,"id":"imgb9823739-8c15-48d2-bf9d-c2819dad7721_7"},{"x":29.97448979591837,"y":29.959193954659952,"width":14.923469387755102,"height":40.050377833753146,"action":{"library":"H5P.Image 1.1","params":{"contentName":"Image"},"subContentId":"b0c59b4c-e82c-4ce6-b387-28f89245b36d","metadata":{"contentType":"Image","license":"U","title":"Untitled Image"}},"backgroundOpacity":0,"willDoAnimation":true,"animationType":"glow","displayAsButton":false,"buttonSize":"big","goToSlideType":"specified","invisible":false,"id":"imgb9823739-8c15-48d2-bf9d-c2819dad7721_8"}],"slideBackgroundSelector":{}},{"elements":[{"x":26.785714285714285,"y":0,"width":39.97821350762527,"height":68.81720430107526,"action":{"library":"H5P.Image 1.1","params":{"contentName":"Image","file":{"path":"images\/file-65832df23c7df.jpg","mime":"image\/jpeg","copyright":{"license":"U"},"width":1000,"height":1000}},"subContentId":"9efe1161-d9dc-4013-9534-4e97a7ed87a0","metadata":{"contentType":"Image","license":"U","title":"Untitled Image"}},"backgroundOpacity":0,"willDoAnimation":false,"animationType":"glow","displayAsButton":false,"buttonSize":"big","goToSlideType":"specified","invisible":false},{"x":7.653061224489796,"y":75.16523929471033,"width":85.0765306122449,"height":20.151133501259444,"action":{"library":"H5P.CRAdvancedText 1.1","params":{"text":"<p dir=\"ltr\" style=\"text-align: center;\"><span style=\"color:#ffffff;\"><span style=\"font-size:1.75em;\">Osanga mukwano gwa bea anajjukira!<\/span><\/span><\/p>\n"},"subContentId":"55640de6-21a3-43aa-bbf7-06e03a641041","metadata":{"contentType":"Text","license":"U","title":"Untitled Text"}},"alwaysDisplayComments":false,"backgroundOpacity":0,"willDoAnimation":false,"animationType":"glow","displayAsButton":false,"buttonSize":"big","goToSlideType":"specified","invisible":false,"solution":""},{"x":47.00255102040816,"y":43.95465994962216,"width":40,"height":40,"action":{"library":"H5P.CRAudio 1.4","params":{"fitToWrapper":true,"currIndex":7,"playerMode":"minimalistic","controls":true,"autoplay":true,"playAudio":"Play audio","pauseAudio":"Pause audio","contentName":"Audio","glowColor":"#ffd85a","timeStampForEachText":[{"text":" Osanga ","startDuration":"0.0000","endDuration":"0.5149","wordfile":[{"path":"audios\/wordfile-65cbae514f5a7.mp3","mime":"audio\/mpeg","copyright":{"license":"U"}}]},{"text":" mukwano ","startDuration":"0.5159","endDuration":"0.9863","wordfile":[{"path":"audios\/wordfile-65cbae9d730b4.mp3","mime":"audio\/mpeg","copyright":{"license":"U"}}]},{"text":" gwa ","startDuration":"0.9873","endDuration":"1.1873","wordfile":[{"path":"audios\/wordfile-65cbaec72fd71.mp3","mime":"audio\/mpeg","copyright":{"license":"U"}}]},{"text":" bea ","startDuration":"1.1883","endDuration":"1.3883","wordfile":[{"path":"audios\/wordfile-65cbaedb1a99b.mp3","mime":"audio\/mpeg","copyright":{"license":"U"}}]},{"text":" anajjukira! ","startDuration":"1.3893","endDuration":"2.3600","wordfile":[{"path":"audios\/wordfile-65cbaeedbf848.mp3","mime":"audio\/mpeg","copyright":{"license":"U"}}]}],"files":[{"path":"audios\/files-65cbae221a02f.mp3","mime":"audio\/mpeg","copyright":{"license":"U"}}]},"subContentId":"e8850fcf-6825-4eb1-9edf-05a6f14e4678","metadata":{"contentType":"Curious Reader Audio","license":"U","title":"Untitled Curious Reader Audio"}},"backgroundOpacity":0,"willDoAnimation":false,"animationType":"glow","displayAsButton":false,"buttonSize":"big","goToSlideType":"specified","invisible":false},{"x":48.46938775510204,"y":7.55471032745592,"width":11.096938775510205,"height":24.43324937027708,"action":{"library":"H5P.Image 1.1","params":{"contentName":"Image"},"subContentId":"976f49ae-169c-47c8-8d7e-b8debb680822","metadata":{"contentType":"Image","license":"U","title":"Untitled Image"}},"backgroundOpacity":0,"willDoAnimation":true,"animationType":"glow","displayAsButton":false,"buttonSize":"big","goToSlideType":"specified","invisible":false,"id":"imge8850fcf-6825-4eb1-9edf-05a6f14e4678_1"},{"x":28.061224489795915,"y":7.55471032745592,"width":13.64795918367347,"height":16.876574307304786,"action":{"library":"H5P.Image 1.1","params":{"contentName":"Image"},"subContentId":"b05a078f-9c85-4582-a5d4-6c4091157448","metadata":{"contentType":"Image","license":"U","title":"Untitled Image"}},"backgroundOpacity":0,"willDoAnimation":true,"animationType":"glow","displayAsButton":false,"buttonSize":"big","goToSlideType":"specified","invisible":false,"id":"imge8850fcf-6825-4eb1-9edf-05a6f14e4678_1"},{"x":34.43877551020408,"y":20.151133501259444,"width":23.852040816326532,"height":40.050377833753146,"action":{"library":"H5P.Image 1.1","params":{"contentName":"Image"},"subContentId":"709d5dcb-c8bc-4820-a5eb-2fda72e682b5","metadata":{"contentType":"Image","license":"U","title":"Untitled Image"}},"backgroundOpacity":0,"willDoAnimation":true,"animationType":"glow","displayAsButton":false,"buttonSize":"big","goToSlideType":"specified","invisible":false,"id":"imge8850fcf-6825-4eb1-9edf-05a6f14e4678_3"}],"slideBackgroundSelector":{}},{"elements":[{"x":26.785714285714285,"y":2.5188916876574305,"width":39.97821350762527,"height":68.81720430107526,"action":{"library":"H5P.Image 1.1","params":{"contentName":"Image","file":{"path":"images\/file-65832e622eb7a.jpg","mime":"image\/jpeg","copyright":{"license":"U"},"width":1000,"height":1000}},"subContentId":"ec57b43b-aee5-45d7-beed-583e41fda5d6","metadata":{"contentType":"Image","license":"U","title":"Untitled Image"}},"backgroundOpacity":0,"willDoAnimation":false,"animationType":"glow","displayAsButton":false,"buttonSize":"big","goToSlideType":"specified","invisible":false},{"x":5.1020408163265305,"y":73.04785894206549,"width":89.32461873638344,"height":22.79569892473118,"action":{"library":"H5P.CRAdvancedText 1.1","params":{"text":"<p dir=\"ltr\" style=\"text-align: center;\"><span style=\"color:#ffffff;\"><span style=\"font-size:1.5em;\">&nbsp;&amp;ldquo;&nbsp;Wakamyu, leero lunaku ki?&nbsp;&amp;rdquo;&nbsp; Bea abuuza. &amp;ldquo;&nbsp;Leero lunaku lwa kutunga,&nbsp;&amp;rdquo;&nbsp; Wakamyu bw&amp;rsquo;agamba.<\/span><\/span><\/p>\n"},"subContentId":"d4851261-22f1-43e0-b1b9-2adb9168cc3b","metadata":{"contentType":"Text","license":"U","title":"Untitled Text"}},"alwaysDisplayComments":false,"backgroundOpacity":0,"willDoAnimation":false,"animationType":"glow","displayAsButton":false,"buttonSize":"big","goToSlideType":"specified","invisible":false,"solution":""},{"x":47.00255102040816,"y":43.95465994962216,"width":40,"height":40,"action":{"library":"H5P.CRAudio 1.4","params":{"fitToWrapper":true,"currIndex":8,"playerMode":"minimalistic","controls":true,"autoplay":true,"playAudio":"Play audio","pauseAudio":"Pause audio","contentName":"Audio","glowColor":"#ffd85a","timeStampForEachText":[{"text":" \u00a0\u201c\u00a0Wakamyu, ","startDuration":"0.0000","endDuration":"1.1733","wordfile":[{"path":"audios\/wordfile-65cbb18767c52.mp3","mime":"audio\/mpeg","copyright":{"license":"U"}}]},{"text":" leero ","startDuration":"1.1743","endDuration":"1.8204","wordfile":[{"path":"audios\/wordfile-65cbb344d5952.mp3","mime":"audio\/mpeg","copyright":{"license":"U"}}]},{"text":" lunaku ","startDuration":"1.8214","endDuration":"2.2242","wordfile":[{"path":"audios\/wordfile-65cbb35b28af1.mp3","mime":"audio\/mpeg","copyright":{"license":"U"}}]},{"text":" ki?\u00a0\u201d\u00a0 ","startDuration":"2.2252","endDuration":"2.6956","wordfile":[{"path":"audios\/wordfile-65cbb3701ec62.mp3","mime":"audio\/mpeg","copyright":{"license":"U"}}]},{"text":" Bea ","startDuration":"2.6966","endDuration":"3.8563","wordfile":[{"path":"audios\/wordfile-65cbb3868abe8.mp3","mime":"audio\/mpeg","copyright":{"license":"U"}}]},{"text":" abuuza. ","startDuration":"3.8573","endDuration":"5.1387","wordfile":[{"path":"audios\/wordfile-65cbb397510ff.mp3","mime":"audio\/mpeg","copyright":{"license":"U"}}]},{"text":" \u201c\u00a0Leero ","startDuration":"5.1397","endDuration":"5.8534","wordfile":[{"path":"audios\/wordfile-65cbb3bd8d912.mp3","mime":"audio\/mpeg","copyright":{"license":"U"}}]},{"text":" lunaku ","startDuration":"5.8544","endDuration":"6.0544","wordfile":[{"path":"audios\/wordfile-65cbb3ce1bdcb.mp3","mime":"audio\/mpeg","copyright":{"license":"U"}}]},{"text":" lwa ","startDuration":"6.0554","endDuration":"6.2554","wordfile":[{"path":"audios\/wordfile-65cbb3ddb62b5.wav","mime":"audio\/x-wav","copyright":{"license":"U"}}]},{"text":" kutunga,\u00a0\u201d\u00a0 ","startDuration":"6.2564","endDuration":"7.7135","wordfile":[{"path":"audios\/wordfile-65cbb48fcd144.wav","mime":"audio\/x-wav","copyright":{"license":"U"}}]},{"text":" Wakamyu ","startDuration":"7.7145","endDuration":"9.1311","wordfile":[{"path":"audios\/wordfile-65cbb4aecb251.mp3","mime":"audio\/mpeg","copyright":{"license":"U"}}]},{"text":" bw\u2019agamba. ","startDuration":"9.1321","endDuration":"10.0300","wordfile":[{"path":"audios\/wordfile-65cbb4c09b126.mp3","mime":"audio\/mpeg","copyright":{"license":"U"}}]}],"files":[{"path":"audios\/files-65cbb0ac31f73.mp3","mime":"audio\/mpeg","copyright":{"license":"U"}}]},"subContentId":"7ba45e4e-9d8b-45bb-b60d-a744d5b93417","metadata":{"contentType":"Curious Reader Audio","license":"U","title":"Untitled Curious Reader Audio"}},"backgroundOpacity":0,"willDoAnimation":false,"animationType":"glow","displayAsButton":false,"buttonSize":"big","goToSlideType":"specified","invisible":false},{"x":48.46938775510204,"y":30.226700251889167,"width":15.178571428571429,"height":40.050377833753146,"action":{"library":"H5P.Image 1.1","params":{"contentName":"Image"},"subContentId":"e18eb8d1-3832-494d-9916-3ee5c2fa3051","metadata":{"contentType":"Image","license":"U","title":"Untitled Image"}},"backgroundOpacity":0,"willDoAnimation":true,"animationType":"glow","displayAsButton":false,"buttonSize":"big","goToSlideType":"specified","invisible":false,"id":"img7ba45e4e-9d8b-45bb-b60d-a744d5b93417_0"},{"x":31.887755102040817,"y":20.151133501259444,"width":18.75,"height":40.050377833753146,"action":{"library":"H5P.Image 1.1","params":{"contentName":"Image"},"subContentId":"f95c5a7d-7fb5-44e5-a224-30c3a3a09fa9","metadata":{"contentType":"Image","license":"U","title":"Untitled Image"}},"backgroundOpacity":0,"willDoAnimation":true,"animationType":"glow","displayAsButton":false,"buttonSize":"big","goToSlideType":"specified","invisible":false,"id":"img7ba45e4e-9d8b-45bb-b60d-a744d5b93417_4"},{"x":47.19387755102041,"y":52.855415617128465,"width":11.096938775510205,"height":17.12846347607053,"action":{"library":"H5P.Image 1.1","params":{"contentName":"Image"},"subContentId":"ac6dfa59-583a-4b98-8c33-2c2d38b27771","metadata":{"contentType":"Image","license":"U","title":"Untitled Image"}},"backgroundOpacity":0,"willDoAnimation":true,"animationType":"glow","displayAsButton":false,"buttonSize":"big","goToSlideType":"specified","invisible":false,"id":"img7ba45e4e-9d8b-45bb-b60d-a744d5b93417_9"},{"x":49.744897959183675,"y":29.95113350125945,"width":14.923469387755102,"height":40.050377833753146,"action":{"library":"H5P.Image 1.1","params":{"contentName":"Image"},"subContentId":"67f67e1d-2b16-450e-b930-7c04575678d7","metadata":{"contentType":"Image","license":"U","title":"Untitled Image"}},"backgroundOpacity":0,"willDoAnimation":true,"animationType":"glow","displayAsButton":false,"buttonSize":"big","goToSlideType":"specified","invisible":false,"id":"img7ba45e4e-9d8b-45bb-b60d-a744d5b93417_10"}],"slideBackgroundSelector":{}},{"elements":[{"x":27.233115468409586,"y":0,"width":39.97821350762527,"height":70.96774193548387,"action":{"library":"H5P.Image 1.1","params":{"contentName":"Image","file":{"path":"images\/file-65832ed786e36.jpg","mime":"image\/jpeg","copyright":{"license":"U"},"width":1000,"height":1000}},"subContentId":"476d4d2a-b6f0-42fb-bc07-70273973f3c7","metadata":{"contentType":"Image","license":"U","title":"Untitled Image"}},"backgroundOpacity":0,"willDoAnimation":false,"animationType":"glow","displayAsButton":false,"buttonSize":"big","goToSlideType":"specified","invisible":false},{"x":2.5510204081632653,"y":70.45037783375314,"width":94.38775510204081,"height":27.707808564231737,"action":{"library":"H5P.CRAdvancedText 1.1","params":{"text":"<p dir=\"ltr\" style=\"text-align: center;\"><span style=\"color:#ffffff;\"><span style=\"font-size:1.625em;\">&amp;ldquo;&nbsp;Wampeewo, leero lunaku ki?&nbsp;&amp;rdquo;&nbsp; Bea abuuza. &amp;ldquo;&nbsp;Leero lunaku lwa makungula,&nbsp;&amp;ldquo;&nbsp; Wampeewo ayanukula. Bea atandika okunyiiga.<\/span><\/span><\/p>\n"},"subContentId":"b6b0b06c-2a51-4d11-9837-3ede0adbf565","metadata":{"contentType":"Text","license":"U","title":"Untitled Text"}},"alwaysDisplayComments":false,"backgroundOpacity":0,"willDoAnimation":false,"animationType":"glow","displayAsButton":false,"buttonSize":"big","goToSlideType":"specified","invisible":false,"solution":""},{"x":47.00255102040816,"y":43.95465994962216,"width":40,"height":40,"action":{"library":"H5P.CRAudio 1.4","params":{"fitToWrapper":true,"currIndex":9,"playerMode":"minimalistic","controls":true,"autoplay":true,"playAudio":"Play audio","pauseAudio":"Pause audio","contentName":"Audio","glowColor":"#ffd85a","timeStampForEachText":[{"text":" \u201c\u00a0Wampeewo, ","startDuration":"0.0000","endDuration":"0.9930","wordfile":[{"path":"audios\/wordfile-65cbb7638aaee.mp3","mime":"audio\/mpeg","copyright":{"license":"U"}}]},{"text":" leero ","startDuration":"0.9940","endDuration":"1.6665","wordfile":[{"path":"audios\/wordfile-65cbb77ae6cc2.mp3","mime":"audio\/mpeg","copyright":{"license":"U"}}]},{"text":" lunaku ","startDuration":"1.6675","endDuration":"1.9687","wordfile":[{"path":"audios\/wordfile-65cbb78f08f33.mp3","mime":"audio\/mpeg","copyright":{"license":"U"}}]},{"text":" ki?\u00a0\u201d\u00a0 ","startDuration":"1.9697","endDuration":"2.4903","wordfile":[{"path":"audios\/wordfile-65cbb7a290d2f.mp3","mime":"audio\/mpeg","copyright":{"license":"U"}}]},{"text":" Bea ","startDuration":"2.4913","endDuration":"3.8556","wordfile":[{"path":"audios\/wordfile-65cbb7bbb80b5.mp3","mime":"audio\/mpeg","copyright":{"license":"U"}}]},{"text":" abuuza. ","startDuration":"3.8566","endDuration":"4.9340","wordfile":[{"path":"audios\/wordfile-65cbb7cba79b9.mp3","mime":"audio\/mpeg","copyright":{"license":"U"}}]},{"text":" \u201c\u00a0Leero ","startDuration":"4.9350","endDuration":"6.0799","wordfile":[{"path":"audios\/wordfile-65cbb7ea29c2b.mp3","mime":"audio\/mpeg","copyright":{"license":"U"}}]},{"text":" lunaku ","startDuration":"6.0809","endDuration":"6.3653","wordfile":[{"path":"audios\/wordfile-65cbb7ffabf7c.mp3","mime":"audio\/mpeg","copyright":{"license":"U"}}]},{"text":" lwa ","startDuration":"6.3663","endDuration":"6.5663","wordfile":[{"path":"audios\/wordfile-65cbb811a3c37.wav","mime":"audio\/x-wav","copyright":{"license":"U"}}]},{"text":" makungula,\u00a0\u201c\u00a0 ","startDuration":"6.5673","endDuration":"7.6616","wordfile":[{"path":"audios\/wordfile-65cbb8cb195ba.wav","mime":"audio\/x-wav","copyright":{"license":"U"}}]},{"text":" Wampeewo ","startDuration":"7.6626","endDuration":"8.9087","wordfile":[{"path":"audios\/wordfile-65cbb8e81d7b8.mp3","mime":"audio\/mpeg","copyright":{"license":"U"}}]},{"text":" ayanukula. ","startDuration":"8.9097","endDuration":"10.0546","wordfile":[{"path":"audios\/wordfile-65cbb905eaebd.mp3","mime":"audio\/mpeg","copyright":{"license":"U"}}]},{"text":" Bea ","startDuration":"10.0556","endDuration":"11.2174","wordfile":[{"path":"audios\/wordfile-65cbb9190d4d0.mp3","mime":"audio\/mpeg","copyright":{"license":"U"}}]},{"text":" atandika ","startDuration":"11.2184","endDuration":"11.7052","wordfile":[{"path":"audios\/wordfile-65cbb936bc0a9.mp3","mime":"audio\/mpeg","copyright":{"license":"U"}}]},{"text":" okunyiiga. ","startDuration":"11.7062","endDuration":"12.5200","wordfile":[{"path":"audios\/wordfile-65cbb94dbe3d9.mp3","mime":"audio\/mpeg","copyright":{"license":"U"}}]}],"files":[{"path":"audios\/files-65cbb74b7a543.mp3","mime":"audio\/mpeg","copyright":{"license":"U"}}]},"subContentId":"c53bc6ab-d18e-42cd-9062-64bd3d1253f5","metadata":{"contentType":"Curious Reader Audio","license":"U","title":"Untitled Curious Reader Audio"}},"backgroundOpacity":0,"willDoAnimation":false,"animationType":"glow","displayAsButton":false,"buttonSize":"big","goToSlideType":"specified","invisible":false},{"x":47.19387755102041,"y":12.590528967254407,"width":12.372448979591837,"height":29.471032745591938,"action":{"library":"H5P.Image 1.1","params":{"contentName":"Image"},"subContentId":"6a834e94-d683-41d6-8c67-6e048f99337f","metadata":{"contentType":"Image","license":"U","title":"Untitled Image"}},"backgroundOpacity":0,"willDoAnimation":true,"animationType":"glow","displayAsButton":false,"buttonSize":"big","goToSlideType":"specified","invisible":false,"id":"imgc53bc6ab-d18e-42cd-9062-64bd3d1253f5_0"},{"x":39.54081632653062,"y":7.55471032745592,"width":9.821428571428571,"height":31.989924433249367,"action":{"library":"H5P.Image 1.1","params":{"contentName":"Image"},"subContentId":"b724ef52-a59c-45ef-87bc-764c320be4dc","metadata":{"contentType":"Image","license":"U","title":"Untitled Image"}},"backgroundOpacity":0,"willDoAnimation":true,"animationType":"glow","displayAsButton":false,"buttonSize":"big","goToSlideType":"specified","invisible":false,"id":"imgc53bc6ab-d18e-42cd-9062-64bd3d1253f5_4"},{"x":29.97448979591837,"y":29.974811083123424,"width":40,"height":40,"action":{"library":"H5P.Image 1.1","params":{"contentName":"Image"},"subContentId":"1f797a49-e60d-4f83-98d4-ec52b30760ce","metadata":{"contentType":"Image","license":"U","title":"Untitled Image"}},"backgroundOpacity":0,"willDoAnimation":true,"animationType":"glow","displayAsButton":false,"buttonSize":"big","goToSlideType":"specified","invisible":false,"id":"imgc53bc6ab-d18e-42cd-9062-64bd3d1253f5_9"},{"x":39.54081632653062,"y":5.031889168765743,"width":9.821428571428571,"height":37.02770780856423,"action":{"library":"H5P.Image 1.1","params":{"contentName":"Image"},"subContentId":"b296c279-288c-4a2b-b008-649732631094","metadata":{"contentType":"Image","license":"U","title":"Untitled Image"}},"backgroundOpacity":0,"willDoAnimation":true,"animationType":"glow","displayAsButton":false,"buttonSize":"big","goToSlideType":"specified","invisible":false,"id":"imgc53bc6ab-d18e-42cd-9062-64bd3d1253f5_12"}],"slideBackgroundSelector":{}},{"elements":[{"x":29.336734693877553,"y":2.5188916876574305,"width":39.97821350762527,"height":70.96774193548387,"action":{"library":"H5P.Image 1.1","params":{"contentName":"Image","file":{"path":"images\/file-65832f211fed6.jpg","mime":"image\/jpeg","copyright":{"license":"U"},"width":1000,"height":1000}},"subContentId":"3dd30407-e43b-4105-96b0-3f3a2936bb67","metadata":{"contentType":"Image","license":"U","title":"Untitled Image"}},"backgroundOpacity":0,"willDoAnimation":false,"animationType":"glow","displayAsButton":false,"buttonSize":"big","goToSlideType":"specified","invisible":false},{"x":0,"y":70.50931989924433,"width":98.08673469387756,"height":29.471032745591938,"action":{"library":"H5P.CRAdvancedText 1.1","params":{"text":"<p dir=\"ltr\" style=\"text-align: center;\"><span style=\"color:#ffffff;\"><span style=\"font-size:1.75em;\">Wankima agamba lunaku lwa kunoga bibala. Wakikere agamba lunaku lwa kuyimba. Wanjovu agamba lunaku lwa kusoma kitabo.<\/span><\/span><\/p>\n"},"subContentId":"0491e5b8-cc18-4f77-8e2f-5c05fe3912fc","metadata":{"contentType":"Text","license":"U","title":"Untitled Text"}},"alwaysDisplayComments":false,"backgroundOpacity":0,"willDoAnimation":false,"animationType":"glow","displayAsButton":false,"buttonSize":"big","goToSlideType":"specified","invisible":false,"solution":""},{"x":47.00255102040816,"y":43.95465994962216,"width":40,"height":40,"action":{"library":"H5P.CRAudio 1.4","params":{"fitToWrapper":true,"currIndex":10,"playerMode":"minimalistic","controls":true,"autoplay":true,"playAudio":"Play audio","pauseAudio":"Pause audio","contentName":"Audio","glowColor":"#ffd85a","timeStampForEachText":[{"text":" Wankima ","startDuration":"0.0000","endDuration":"0.3730","wordfile":[{"path":"audios\/wordfile-65cbbae6721d6.mp3","mime":"audio\/mpeg","copyright":{"license":"U"}}]},{"text":" agamba ","startDuration":"0.3740","endDuration":"0.8459","wordfile":[{"path":"audios\/wordfile-65cbbafe51fd4.mp3","mime":"audio\/mpeg","copyright":{"license":"U"}}]},{"text":" lunaku ","startDuration":"0.8469","endDuration":"1.2076","wordfile":[{"path":"audios\/wordfile-65cbbb192ddb8.mp3","mime":"audio\/mpeg","copyright":{"license":"U"}}]},{"text":" lwa ","startDuration":"1.2086","endDuration":"1.4086","wordfile":[{"path":"audios\/wordfile-65cbbb2850e93.wav","mime":"audio\/x-wav","copyright":{"license":"U"}}]},{"text":" kunoga ","startDuration":"1.4096","endDuration":"1.7332","wordfile":[{"path":"audios\/wordfile-65cbbb910aade.wav","mime":"audio\/x-wav","copyright":{"license":"U"}}]},{"text":" bibala. ","startDuration":"1.7342","endDuration":"2.3420","wordfile":[{"path":"audios\/wordfile-65cbbba2d0d2a.mp3","mime":"audio\/mpeg","copyright":{"license":"U"}}]},{"text":" Wakikere ","startDuration":"2.3430","endDuration":"3.7541","wordfile":[{"path":"audios\/wordfile-65cbbbda8fa46.mp3","mime":"audio\/mpeg","copyright":{"license":"U"}}]},{"text":" agamba ","startDuration":"3.7551","endDuration":"4.1034","wordfile":[{"path":"audios\/wordfile-65cbbbf2cec2d.mp3","mime":"audio\/mpeg","copyright":{"license":"U"}}]},{"text":" lunaku ","startDuration":"4.1044","endDuration":"4.4403","wordfile":[{"path":"audios\/wordfile-65cbbc05d7cf9.mp3","mime":"audio\/mpeg","copyright":{"license":"U"}}]},{"text":" lwa ","startDuration":"4.4413","endDuration":"4.8267","wordfile":[{"path":"audios\/wordfile-65cbbc17826ab.wav","mime":"audio\/x-wav","copyright":{"license":"U"}}]},{"text":" kuyimba. ","startDuration":"4.8267","endDuration":"5.8433","wordfile":[{"path":"audios\/wordfile-65cbbc7d0bfc9.wav","mime":"audio\/x-wav","copyright":{"license":"U"}}]},{"text":" Wanjovu ","startDuration":"5.8443","endDuration":"6.9959","wordfile":[{"path":"audios\/wordfile-65cbbc93ed0d1.mp3","mime":"audio\/mpeg","copyright":{"license":"U"}}]},{"text":" agamba ","startDuration":"6.9969","endDuration":"7.4070","wordfile":[{"path":"audios\/wordfile-65cbbcb1f18d7.mp3","mime":"audio\/mpeg","copyright":{"license":"U"}}]},{"text":" lunaku ","startDuration":"7.4080","endDuration":"7.7316","wordfile":[{"path":"audios\/wordfile-65cbbcc5afdc4.mp3","mime":"audio\/mpeg","copyright":{"license":"U"}}]},{"text":" lwa ","startDuration":"7.7326","endDuration":"7.9326","wordfile":[{"path":"audios\/wordfile-65cbbcd4ca702.wav","mime":"audio\/x-wav","copyright":{"license":"U"}}]},{"text":" kusoma ","startDuration":"7.9336","endDuration":"8.3561","wordfile":[{"path":"audios\/wordfile-65cbbd15436ff.wav","mime":"audio\/x-wav","copyright":{"license":"U"}}]},{"text":" kitabo. ","startDuration":"8.3571","endDuration":"9.1700","wordfile":[{"path":"audios\/wordfile-65cbbd2689240.mp3","mime":"audio\/mpeg","copyright":{"license":"U"}}]}],"files":[{"path":"audios\/files-65cbb97b3a197.mp3","mime":"audio\/mpeg","copyright":{"license":"U"}}]},"subContentId":"d0369d2e-4e44-4975-9845-6ac9d72743fa","metadata":{"contentType":"Curious Reader Audio","license":"U","title":"Untitled Curious Reader Audio"}},"backgroundOpacity":0,"willDoAnimation":false,"animationType":"glow","displayAsButton":false,"buttonSize":"big","goToSlideType":"specified","invisible":false},{"x":42.09183673469388,"y":10.071637279596978,"width":7.270408163265306,"height":21.914357682619645,"action":{"library":"H5P.Image 1.1","params":{"contentName":"Image"},"subContentId":"4698f571-281d-4f64-82c9-d9bd77fa7d07","metadata":{"contentType":"Image","license":"U","title":"Untitled Image"}},"backgroundOpacity":0,"willDoAnimation":true,"animationType":"glow","displayAsButton":false,"buttonSize":"big","goToSlideType":"specified","invisible":false,"id":"imgd0369d2e-4e44-4975-9845-6ac9d72743fa_0"},{"x":45.91836734693878,"y":15.10942065491184,"width":3.443877551020408,"height":9.319899244332493,"action":{"library":"H5P.Image 1.1","params":{"contentName":"Image"},"subContentId":"a2f61b32-b915-413d-a37c-749042f3afb2","metadata":{"contentType":"Image","license":"U","title":"Untitled Image"}},"backgroundOpacity":0,"willDoAnimation":true,"animationType":"glow","displayAsButton":false,"buttonSize":"big","goToSlideType":"specified","invisible":false,"id":"imgd0369d2e-4e44-4975-9845-6ac9d72743fa_5"},{"x":40.816326530612244,"y":15.105491183879094,"width":3.443877551020408,"height":9.319899244332493,"action":{"library":"H5P.Image 1.1","params":{"contentName":"Image"},"subContentId":"11426279-2200-43dd-8797-d18d8d8ee236","metadata":{"contentType":"Image","license":"U","title":"Untitled Image"}},"backgroundOpacity":0,"willDoAnimation":true,"animationType":"glow","displayAsButton":false,"buttonSize":"big","goToSlideType":"specified","invisible":false,"id":"imgd0369d2e-4e44-4975-9845-6ac9d72743fa_5"},{"x":26.785714285714285,"y":45.32821158690176,"width":11.096938775510205,"height":29.974811083123424,"action":{"library":"H5P.Image 1.1","params":{"contentName":"Image"},"subContentId":"bbb3c55a-ef6b-48dc-a43a-8637a3f5f8cf","metadata":{"contentType":"Image","license":"U","title":"Untitled Image"}},"backgroundOpacity":0,"willDoAnimation":true,"animationType":"glow","displayAsButton":false,"buttonSize":"big","goToSlideType":"specified","invisible":false,"id":"imgd0369d2e-4e44-4975-9845-6ac9d72743fa_6"},{"x":31.887755102040817,"y":50.35037783375314,"width":7.270408163265306,"height":11.838790931989925,"action":{"library":"H5P.Image 1.1","params":{"contentName":"Image"},"subContentId":"256d60ff-2268-4ab1-a79a-413933fe7bc0","metadata":{"contentType":"Image","license":"U","title":"Untitled Image"}},"backgroundOpacity":0,"willDoAnimation":true,"animationType":"glow","displayAsButton":false,"buttonSize":"big","goToSlideType":"specified","invisible":false,"id":"imgd0369d2e-4e44-4975-9845-6ac9d72743fa_10"},{"x":49.744897959183675,"y":20.14523929471033,"width":20.025510204081634,"height":32.49370277078086,"action":{"library":"H5P.Image 1.1","params":{"contentName":"Image"},"subContentId":"d134dbae-e6a1-4fa3-8d31-812d2a91b97d","metadata":{"contentType":"Image","license":"U","title":"Untitled Image"}},"backgroundOpacity":0,"willDoAnimation":true,"animationType":"glow","displayAsButton":false,"buttonSize":"big","goToSlideType":"specified","invisible":false,"id":"imgd0369d2e-4e44-4975-9845-6ac9d72743fa_11"},{"x":52.295918367346935,"y":29.94332493702771,"width":14.923469387755102,"height":26.952141057934508,"action":{"library":"H5P.Image 1.1","params":{"contentName":"Image"},"subContentId":"b9b7a44e-2dbf-4ab0-a4f0-d74c4bbc2d05","metadata":{"contentType":"Image","license":"U","title":"Untitled Image"}},"backgroundOpacity":0,"willDoAnimation":true,"animationType":"glow","displayAsButton":false,"buttonSize":"big","goToSlideType":"specified","invisible":false,"id":"imgd0369d2e-4e44-4975-9845-6ac9d72743fa_16"}],"slideBackgroundSelector":{}},{"elements":[{"x":26.143790849673206,"y":0,"width":39.97821350762527,"height":73.11827956989247,"action":{"library":"H5P.Image 1.1","params":{"contentName":"Image","file":{"path":"images\/file-6583300a91ffe.jpg","mime":"image\/jpeg","copyright":{"license":"U"},"width":1000,"height":1000}},"subContentId":"402f0d7d-7590-41d1-9f11-b5e480e40cfa","metadata":{"contentType":"Image","license":"U","title":"Untitled Image"}},"backgroundOpacity":0,"willDoAnimation":false,"animationType":"glow","displayAsButton":false,"buttonSize":"big","goToSlideType":"specified","invisible":false},{"x":3.826530612244898,"y":77.15491183879092,"width":92.85714285714286,"height":20.151133501259444,"action":{"library":"H5P.CRAdvancedText 1.1","params":{"text":"<p dir=\"ltr\" style=\"text-align: center;\"><span style=\"color:#ffffff;\"><span style=\"font-size:1.75em;\">Tewali n\u2019omu ajjukira nti leero lunaku lwa Bea olw\u2019enjawulo!<\/span><\/span><\/p>\n"},"subContentId":"1daaef58-6c10-40e2-956d-25b3ca5ea30c","metadata":{"contentType":"Text","license":"U","title":"Untitled Text"}},"alwaysDisplayComments":false,"backgroundOpacity":0,"willDoAnimation":false,"animationType":"glow","displayAsButton":false,"buttonSize":"big","goToSlideType":"specified","invisible":false,"solution":""},{"x":47.00255102040816,"y":43.95465994962216,"width":40,"height":40,"action":{"library":"H5P.CRAudio 1.4","params":{"fitToWrapper":true,"currIndex":11,"playerMode":"minimalistic","controls":true,"autoplay":true,"playAudio":"Play audio","pauseAudio":"Pause audio","contentName":"Audio","glowColor":"#ffd85a","timeStampForEachText":[{"text":" Tewali ","startDuration":"0.0000","endDuration":"0.4126","wordfile":[{"path":"audios\/wordfile-65cbbdd7a6eb3.mp3","mime":"audio\/mpeg","copyright":{"license":"U"}}]},{"text":" n\u2019omu ","startDuration":"0.4136","endDuration":"0.7481","wordfile":[{"path":"audios\/wordfile-65cbbdec1f3b4.mp3","mime":"audio\/mpeg","copyright":{"license":"U"}}]},{"text":" ajjukira ","startDuration":"0.7491","endDuration":"1.2442","wordfile":[{"path":"audios\/wordfile-65cbbe0165bf2.mp3","mime":"audio\/mpeg","copyright":{"license":"U"}}]},{"text":" nti ","startDuration":"1.2452","endDuration":"1.3583","wordfile":[{"path":"audios\/wordfile-65cbbe1504abc.mp3","mime":"audio\/mpeg","copyright":{"license":"U"}}]},{"text":" leero ","startDuration":"1.3583","endDuration":"1.6462","wordfile":[{"path":"audios\/wordfile-65cbbe38152ea.mp3","mime":"audio\/mpeg","copyright":{"license":"U"}}]},{"text":" lunaku ","startDuration":"1.6472","endDuration":"1.8472","wordfile":[{"path":"audios\/wordfile-65cbbe4a39e16.mp3","mime":"audio\/mpeg","copyright":{"license":"U"}}]},{"text":" lwa ","startDuration":"1.8482","endDuration":"2.0482","wordfile":[{"path":"audios\/wordfile-65cbbe5b8b9b0.wav","mime":"audio\/x-wav","copyright":{"license":"U"}}]},{"text":" Bea ","startDuration":"2.0492","endDuration":"2.3577","wordfile":[{"path":"audios\/wordfile-65cbbe712d370.mp3","mime":"audio\/mpeg","copyright":{"license":"U"}}]},{"text":" olw\u2019enjawulo! ","startDuration":"2.3587","endDuration":"3.2200","wordfile":[{"path":"audios\/wordfile-65cbbe87be792.mp3","mime":"audio\/mpeg","copyright":{"license":"U"}}]}],"files":[{"path":"audios\/files-65cbbd910f4eb.mp3","mime":"audio\/mpeg","copyright":{"license":"U"}}]},"subContentId":"87b5aac2-ddd4-429b-9e56-d4c1e3ead703","metadata":{"contentType":"Curious Reader Audio","license":"U","title":"Untitled Curious Reader Audio"}},"backgroundOpacity":0,"willDoAnimation":false,"animationType":"glow","displayAsButton":false,"buttonSize":"big","goToSlideType":"specified","invisible":false},{"x":28.061224489795915,"y":17.614534005037783,"width":37.88265306122449,"height":59.697732997481104,"action":{"library":"H5P.Image 1.1","params":{"contentName":"Image"},"subContentId":"bc6733c9-acb7-464e-bb54-76727d58136e","metadata":{"contentType":"Image","license":"U","title":"Untitled Image"}},"backgroundOpacity":0,"willDoAnimation":true,"animationType":"glow","displayAsButton":false,"buttonSize":"big","goToSlideType":"specified","invisible":false,"id":"img87b5aac2-ddd4-429b-9e56-d4c1e3ead703_7"}],"slideBackgroundSelector":{}},{"elements":[{"x":25.05446623093682,"y":0,"width":39.97821350762527,"height":70.96774193548387,"action":{"library":"H5P.Image 1.1","params":{"contentName":"Image","file":{"path":"images\/file-6583305d21bdd.jpg","mime":"image\/jpeg","copyright":{"license":"U"},"width":1000,"height":1000}},"subContentId":"75f6b858-8602-4eb2-8f48-a855e97c3d47","metadata":{"contentType":"Image","license":"U","title":"Untitled Image"}},"backgroundOpacity":0,"willDoAnimation":false,"animationType":"glow","displayAsButton":false,"buttonSize":"big","goToSlideType":"specified","invisible":false},{"x":16.581632653061224,"y":80.53954659949622,"width":63.775510204081634,"height":12.090680100755668,"action":{"library":"H5P.CRAdvancedText 1.1","params":{"text":"<p dir=\"ltr\" style=\"text-align: center;\"><span style=\"color:#ffffff;\"><span style=\"font-size:1.75em;\">Bea munyiivu era mukoowu.<\/span><\/span><\/p>\n"},"subContentId":"009d8876-0bb9-498d-b880-a9a47bcc3382","metadata":{"contentType":"Text","license":"U","title":"Untitled Text"}},"alwaysDisplayComments":false,"backgroundOpacity":0,"willDoAnimation":false,"animationType":"glow","displayAsButton":false,"buttonSize":"big","goToSlideType":"specified","invisible":false,"solution":""},{"x":47.00255102040816,"y":43.95465994962216,"width":40,"height":40,"action":{"library":"H5P.CRAudio 1.4","params":{"fitToWrapper":true,"currIndex":12,"playerMode":"minimalistic","controls":true,"autoplay":true,"playAudio":"Play audio","pauseAudio":"Pause audio","contentName":"Audio","glowColor":"#ffd85a","timeStampForEachText":[{"text":" Bea ","startDuration":"0.0000","endDuration":"0.1882","wordfile":[{"path":"audios\/wordfile-65cbbec164af4.mp3","mime":"audio\/mpeg","copyright":{"license":"U"}}]},{"text":" munyiivu ","startDuration":"0.1882","endDuration":"1.0032","wordfile":[{"path":"audios\/wordfile-65cbbf01e9225.mp3","mime":"audio\/mpeg","copyright":{"license":"U"}}]},{"text":" era ","startDuration":"1.0042","endDuration":"1.5004","wordfile":[{"path":"audios\/wordfile-65cbbf3067751.mp3","mime":"audio\/mpeg","copyright":{"license":"U"}}]},{"text":" mukoowu. ","startDuration":"1.5014","endDuration":"1.9800","wordfile":[{"path":"audios\/wordfile-65cbbf6151e29.mp3","mime":"audio\/mpeg","copyright":{"license":"U"}}]}],"files":[{"path":"audios\/files-65cbbead091be.mp3","mime":"audio\/mpeg","copyright":{"license":"U"}}]},"subContentId":"e73ab1cc-dab3-459c-8379-a5fbad27908d","metadata":{"contentType":"Curious Reader Audio","license":"U","title":"Untitled Curious Reader Audio"}},"backgroundOpacity":0,"willDoAnimation":false,"animationType":"glow","displayAsButton":false,"buttonSize":"big","goToSlideType":"specified","invisible":false},{"x":44.642857142857146,"y":25.181057934508814,"width":13.64795918367347,"height":29.471032745591938,"action":{"library":"H5P.Image 1.1","params":{"contentName":"Image"},"subContentId":"42ca2a31-ee5a-4c06-8765-f115f558e79f","metadata":{"contentType":"Image","license":"U","title":"Untitled Image"}},"backgroundOpacity":0,"willDoAnimation":true,"animationType":"glow","displayAsButton":false,"buttonSize":"big","goToSlideType":"specified","invisible":false,"id":"imge73ab1cc-dab3-459c-8379-a5fbad27908d_0"}],"slideBackgroundSelector":{}},{"elements":[{"x":27.233115468409586,"y":0,"width":39.97821350762527,"height":70.96774193548387,"action":{"library":"H5P.Image 1.1","params":{"contentName":"Image","file":{"path":"images\/file-658330d744eb4.jpg","mime":"image\/jpeg","copyright":{"license":"U"},"width":1000,"height":1000}},"subContentId":"3c371ee6-c944-46f8-9189-dfb336f4c770","metadata":{"contentType":"Image","license":"U","title":"Untitled Image"}},"backgroundOpacity":0,"willDoAnimation":false,"animationType":"glow","displayAsButton":false,"buttonSize":"big","goToSlideType":"specified","invisible":false},{"x":11.479591836734695,"y":80.60453400503778,"width":86.73469387755102,"height":17.632241813602015,"action":{"library":"H5P.CRAdvancedText 1.1","params":{"text":"<p dir=\"ltr\" style=\"text-align: center;\"><span style=\"font-size:2.25em;\"><span style=\"color:#ffffff;\">Amazaalibwa ag\u2019essanyu, Bea!<\/span><\/span><\/p>\n"},"subContentId":"faba1022-658d-4c43-ab21-1f50b3edc6d0","metadata":{"contentType":"Text","license":"U","title":"Untitled Text"}},"alwaysDisplayComments":false,"backgroundOpacity":0,"willDoAnimation":false,"animationType":"glow","displayAsButton":false,"buttonSize":"big","goToSlideType":"specified","invisible":false,"solution":""},{"x":47.00255102040816,"y":43.95465994962216,"width":40,"height":40,"action":{"library":"H5P.CRAudio 1.4","params":{"fitToWrapper":true,"currIndex":13,"playerMode":"minimalistic","controls":true,"autoplay":true,"playAudio":"Play audio","pauseAudio":"Pause audio","contentName":"Audio","glowColor":"#ffd85a","timeStampForEachText":[{"text":" Amazaalibwa ","startDuration":"0.0000","endDuration":"1.1191","wordfile":[{"path":"audios\/wordfile-65cbbf9d0b167.mp3","mime":"audio\/mpeg","copyright":{"license":"U"}}]},{"text":" ag\u2019essanyu, ","startDuration":"1.1201","endDuration":"1.7446","wordfile":[{"path":"audios\/wordfile-65cbbfb1275f7.mp3","mime":"audio\/mpeg","copyright":{"license":"U"}}]},{"text":" Bea! ","startDuration":"1.7456","endDuration":"2.4035","wordfile":[{"path":"audios\/wordfile-65cbbfc103681.mp3","mime":"audio\/mpeg","copyright":{"license":"U"}}]}],"files":[{"path":"audios\/files-65cbbf7f46d6d.mp3","mime":"audio\/mpeg","copyright":{"license":"U"}}]},"subContentId":"478532c8-8254-462b-aead-a209e6684ae2","metadata":{"contentType":"Curious Reader Audio","license":"U","title":"Untitled Curious Reader Audio"}},"backgroundOpacity":0,"willDoAnimation":false,"animationType":"glow","displayAsButton":false,"buttonSize":"big","goToSlideType":"specified","invisible":false},{"x":25.510204081632654,"y":32.72594458438287,"width":21.301020408163264,"height":40.050377833753146,"action":{"library":"H5P.Image 1.1","params":{"contentName":"Image"},"subContentId":"5ff7b911-f406-4307-9a81-782ba266420f","metadata":{"contentType":"Image","license":"U","title":"Untitled Image"}},"backgroundOpacity":0,"willDoAnimation":true,"animationType":"glow","displayAsButton":false,"buttonSize":"big","goToSlideType":"specified","invisible":false,"id":"img478532c8-8254-462b-aead-a209e6684ae2_2"},{"x":43.36734693877551,"y":15.105491183879094,"width":16.198979591836736,"height":40.050377833753146,"action":{"library":"H5P.Image 1.1","params":{"contentName":"Image"},"subContentId":"90ee91a0-31f1-40ed-b75d-1fe6cac6ee90","metadata":{"contentType":"Image","license":"U","title":"Untitled Image"}},"backgroundOpacity":0,"willDoAnimation":true,"animationType":"glow","displayAsButton":false,"buttonSize":"big","goToSlideType":"specified","invisible":false,"id":"img478532c8-8254-462b-aead-a209e6684ae2_0"}],"slideBackgroundSelector":{}},{"elements":[{"x":28.322440087145967,"y":0,"width":39.97821350762527,"height":70.96774193548387,"action":{"library":"H5P.Image 1.1","params":{"contentName":"Image","file":{"path":"images\/file-6583312339a2f.jpg","mime":"image\/jpeg","copyright":{"license":"U"},"width":1000,"height":1000}},"subContentId":"e8213c20-8d86-44e0-9649-a9565c3a0a25","metadata":{"contentType":"Image","license":"U","title":"Untitled Image"}},"backgroundOpacity":0,"willDoAnimation":false,"animationType":"glow","displayAsButton":false,"buttonSize":"big","goToSlideType":"specified","invisible":false},{"x":1.2755102040816326,"y":79.34508816120906,"width":94.13265306122449,"height":20.65491183879093,"action":{"library":"H5P.CRAdvancedText 1.1","params":{"text":"<p dir=\"ltr\" style=\"text-align: center;\"><span style=\"color:#ffffff;\"><span style=\"font-size:1.75em;\">Mu butuufu, buli omu yajjukira! Bea musanyufu nnyo.<\/span><\/span><\/p>\n"},"subContentId":"214b0e73-9985-4b85-a216-562102b8c440","metadata":{"contentType":"Text","license":"U","title":"Untitled Text"}},"alwaysDisplayComments":false,"backgroundOpacity":0,"willDoAnimation":false,"animationType":"glow","displayAsButton":false,"buttonSize":"big","goToSlideType":"specified","invisible":false,"solution":""},{"x":47.00255102040816,"y":43.95465994962216,"width":40,"height":40,"action":{"library":"H5P.CRAudio 1.4","params":{"fitToWrapper":true,"currIndex":14,"playerMode":"minimalistic","controls":true,"autoplay":true,"playAudio":"Play audio","pauseAudio":"Pause audio","contentName":"Audio","glowColor":"#ffd85a","timeStampForEachText":[{"text":" Mu ","startDuration":"0.0000","endDuration":"0.3121","wordfile":[{"path":"audios\/wordfile-65cbc042b5eb6.wav","mime":"audio\/x-wav","copyright":{"license":"U"}}]},{"text":" butuufu, ","startDuration":"0.3121","endDuration":"1.3260","wordfile":[{"path":"audios\/wordfile-65cbc0651c054.wav","mime":"audio\/x-wav","copyright":{"license":"U"}}]},{"text":" buli ","startDuration":"1.3270","endDuration":"1.8564","wordfile":[{"path":"audios\/wordfile-65cbc07664d67.wav","mime":"audio\/x-wav","copyright":{"license":"U"}}]},{"text":" omu ","startDuration":"1.8574","endDuration":"2.0574","wordfile":[{"path":"audios\/wordfile-65cbc0bd0b686.wav","mime":"audio\/x-wav","copyright":{"license":"U"}}]},{"text":" yajjukira! ","startDuration":"2.0584","endDuration":"3.0503","wordfile":[{"path":"audios\/wordfile-65cbc0d60976f.mp3","mime":"audio\/mpeg","copyright":{"license":"U"}}]},{"text":" Bea ","startDuration":"3.0513","endDuration":"3.9241","wordfile":[{"path":"audios\/wordfile-65cbc0e67fbfa.mp3","mime":"audio\/mpeg","copyright":{"license":"U"}}]},{"text":" musanyufu ","startDuration":"3.9251","endDuration":"4.4615","wordfile":[{"path":"audios\/wordfile-65cbc10041b93.mp3","mime":"audio\/mpeg","copyright":{"license":"U"}}]},{"text":" nnyo. ","startDuration":"4.4625","endDuration":"5.2000","wordfile":[{"path":"audios\/wordfile-65cbc112aa280.mp3","mime":"audio\/mpeg","copyright":{"license":"U"}}]}],"files":[{"path":"audios\/files-65cbbfe518dd9.mp3","mime":"audio\/mpeg","copyright":{"license":"U"}}]},"subContentId":"2221104e-ad59-4c3b-9865-5480d1e3bea3","metadata":{"contentType":"Curious Reader Audio","license":"U","title":"Untitled Curious Reader Audio"}},"backgroundOpacity":0,"willDoAnimation":false,"animationType":"glow","displayAsButton":false,"buttonSize":"big","goToSlideType":"specified","invisible":false},{"x":36.98979591836735,"y":37.7735516372796,"width":14.923469387755102,"height":29.471032745591938,"action":{"library":"H5P.Image 1.1","params":{"contentName":"Image"},"subContentId":"014e5c23-b248-4f46-90af-deae2dab6521","metadata":{"contentType":"Image","license":"U","title":"Untitled Image"}},"backgroundOpacity":0,"willDoAnimation":true,"animationType":"glow","displayAsButton":false,"buttonSize":"big","goToSlideType":"specified","invisible":false,"id":"img2221104e-ad59-4c3b-9865-5480d1e3bea3_5"}],"slideBackgroundSelector":{}},{"elements":[{"x":5.446623093681917,"y":6.4415268817204305,"width":20.697167755991288,"height":20.64516129032258,"action":{"library":"H5P.Image 1.1","params":{"contentName":"Image","file":{"path":"images\/file-658332336bb23.png","mime":"image\/png","copyright":{"license":"U"},"width":1350,"height":487}},"subContentId":"431141b1-db9b-49f9-a897-89d4b98a1071","metadata":{"contentType":"Image","license":"U","title":"Untitled Image"}},"backgroundOpacity":0,"willDoAnimation":false,"animationType":"glow","displayAsButton":false,"buttonSize":"big","goToSlideType":"specified","invisible":false},{"x":33.769063180827885,"y":6.451612903225806,"width":18.51851851851852,"height":18.494623655913976,"action":{"library":"H5P.Image 1.1","params":{"contentName":"Image","file":{"path":"images\/file-6583323f17c54.png","mime":"image\/png","copyright":{"license":"U"},"width":814,"height":202}},"subContentId":"a78035f2-2b12-4577-b16a-50dfa0fdcbc4","metadata":{"contentType":"Image","license":"U","title":"Untitled Image"}},"backgroundOpacity":0,"willDoAnimation":false,"animationType":"glow","displayAsButton":false,"buttonSize":"big","goToSlideType":"specified","invisible":false},{"x":56.64488017429194,"y":8.602150537634408,"width":39.97821350762527,"height":15.053763440860214,"action":{"library":"H5P.Image 1.1","params":{"contentName":"Image","file":{"path":"images\/file-6583324d18788.jpg","mime":"image\/jpeg","copyright":{"license":"U"},"width":1732,"height":354}},"subContentId":"6de1a2b7-3b69-4c65-961d-e116d7efa254","metadata":{"contentType":"Image","license":"U","title":"Untitled Image"}},"backgroundOpacity":0,"willDoAnimation":false,"animationType":"glow","displayAsButton":false,"buttonSize":"big","goToSlideType":"specified","invisible":false},{"x":5.1020408163265305,"y":30.226700251889167,"width":92.15686274509804,"height":66.66666666666666,"action":{"library":"H5P.CRAdvancedText 1.1","params":{"text":"<h3 style=\"text-align: center;\"><span style=\"font-size:0.875em;\">\u201c<\/span>Lunaku ki?<span style=\"font-size:0.875em;\">\u201d credits<\/span><\/h3>\n\n<h3 style=\"text-align: center;\"><span style=\"font-size:0.875em;\">This work, \u201c<\/span>Lunaku ki?<span style=\"font-size:0.875em;\">\u201d is a derivative of Hari Apakah Ini? (What Day Is It?), Author: Vannia Rizky Santoso. Illustrator: Vannia Rizky Santoso. Published by The Asia Foundation - Let's <a href=\"http:\/\/www.letsreadasia.org\/\">Read, https:\/\/www.letsreadasia.org <\/a>\u00a9 The Asia Foundation - Let's Read. Released under CC BY-NC 4.0.<\/span><\/h3>\n\n<h3 style=\"text-align: center;\"><span style=\"font-size:0.875em;\">\u201c<\/span>Lunaku ki?<span style=\"font-size:0.875em;\">\u201d is licensed under CC BY 4.0 by Curious Learning.<\/span><\/h3>\n\n<h3 style=\"text-align: center;\"><span style=\"font-size:0.875em;\">Book builder - Abraham Jerry Kakooza<\/span><\/h3>\n"},"subContentId":"d72bca25-ea0d-42cd-8a46-96fdd6d1d8bc","metadata":{"contentType":"Text","license":"U","title":"Untitled Text"}},"alwaysDisplayComments":false,"backgroundOpacity":0,"willDoAnimation":false,"animationType":"glow","displayAsButton":false,"buttonSize":"big","goToSlideType":"specified","invisible":false,"solution":""}],"slideBackgroundSelector":{}}],"keywordListEnabled":true,"globalBackgroundSelector":{},"keywordListAlwaysShow":false,"keywordListAutoHide":false,"keywordListOpacity":90},"override":{"activeSurface":false,"hideSummarySlide":false,"summarySlideSolutionButton":true,"summarySlideRetryButton":true,"enablePrintButton":false,"social":{"showFacebookShare":false,"facebookShare":{"url":"@currentpageurl","quote":"I scored @score out of @maxScore on a task at @currentpageurl."},"showTwitterShare":false,"twitterShare":{"statement":"I scored @score out of @maxScore on a task at @currentpageurl.","url":"@currentpageurl","hashtags":"h5p, course"},"showGoogleShare":false,"googleShareUrl":"@currentpageurl"}},"l10n":{"slide":"Slide","score":"Score","yourScore":"Your Score","maxScore":"Max Score","total":"Total","totalScore":"Total Score","showSolutions":"Show solutions","retry":"Retry","exportAnswers":"Export text","hideKeywords":"Hide sidebar navigation menu","showKeywords":"Show sidebar navigation menu","fullscreen":"Fullscreen","exitFullscreen":"Exit fullscreen","prevSlide":"Previous slide","nextSlide":"Next slide","currentSlide":"Current slide","lastSlide":"Last slide","solutionModeTitle":"Exit solution mode","solutionModeText":"Solution Mode","summaryMultipleTaskText":"Multiple tasks","scoreMessage":"You achieved:","shareFacebook":"Share on Facebook","shareTwitter":"Share on Twitter","shareGoogle":"Share on Google+","summary":"Summary","solutionsButtonTitle":"Show comments","printTitle":"Print","printIngress":"How would you like to print this presentation?","printAllSlides":"Print all slides","printCurrentSlide":"Print current slide","noTitle":"No title","accessibilitySlideNavigationExplanation":"Use left and right arrow to change slide in that direction whenever canvas is selected.","accessibilityCanvasLabel":"Presentation canvas. Use left and right arrow to move between slides.","containsNotCompleted":"@slideName contains not completed interaction","containsCompleted":"@slideName contains completed interaction","slideCount":"Slide @index of @total","containsOnlyCorrect":"@slideName only has correct answers","containsIncorrectAnswers":"@slideName has incorrect answers","shareResult":"Share Result","accessibilityTotalScore":"You got @score of @maxScore points in total","accessibilityEnteredFullscreen":"Entered fullscreen","accessibilityExitedFullscreen":"Exited fullscreen"}}