{"presentation":{"slides":[{"slideBackgroundSelector":{},"elements":[{"x":3.289473684210526,"y":6.497894682122992,"width":94.13898026315789,"height":87.71832926131934,"action":{"library":"H5P.Image 1.1","params":{"contentName":"Image","file":{"path":"images\/file-66f3df5ab2d30.jpg","mime":"image\/jpeg","copyright":{"license":"U"},"width":1310,"height":736}},"subContentId":"0e496803-b15f-4430-bbfa-e595a008b198","metadata":{"contentType":"Image","license":"U","title":"Untitled Image"}},"backgroundOpacity":0,"willDoAnimation":false,"animationType":"glow","displayAsButton":false,"buttonSize":"big","goToSlideType":"specified","invisible":false},{"x":29.605263157894736,"y":81.22368352653741,"width":54.27467105263158,"height":12.989031553776577,"action":{"library":"H5P.CRAdvancedText 1.1","params":{"text":"<p><span style=\"font-size:1.5em;color:hsl(0, 0%, 100%);\"><strong>Qiyaas waxaan anigu ahay<\/strong><\/span><\/p>"},"subContentId":"36c7d6bf-c477-449e-a591-dbe73c2775a8","metadata":{"contentType":"Text","license":"U","title":"Untitled Text"}},"alwaysDisplayComments":false,"backgroundOpacity":0,"willDoAnimation":false,"animationType":"glow","displayAsButton":false,"buttonSize":"big","goToSlideType":"specified","invisible":false,"solution":""},{"x":47.00006578947369,"y":44.0012898320944,"width":40,"height":40,"action":{"library":"H5P.CRAudio 1.4","params":{"fitToWrapper":true,"currIndex":0,"playerMode":"minimalistic","controls":true,"autoplay":true,"playAudio":"Play audio","pauseAudio":"Pause audio","contentName":"Audio","glowColor":"#ffd85a","timeStampForEachText":[{"text":" Qiyaas ","startDuration":"0.0000","endDuration":"0.4446","wordfile":[{"path":"audios\/wordfile-670226a9a9bb1.wav","mime":"audio\/x-wav","copyright":{"license":"U"}}]},{"text":" waxaan ","startDuration":"0.4456","endDuration":"0.8478","wordfile":[{"path":"audios\/wordfile-670226c2339f0.wav","mime":"audio\/x-wav","copyright":{"license":"U"}}]},{"text":" anigu ","startDuration":"0.8488","endDuration":"1.1811","wordfile":[{"path":"audios\/wordfile-670226d83ac63.wav","mime":"audio\/x-wav","copyright":{"license":"U"}}]},{"text":" ahay ","startDuration":"1.1821","endDuration":"1.4152","wordfile":[{"path":"audios\/wordfile-670226e7278fa.wav","mime":"audio\/x-wav","copyright":{"license":"U"}}]}],"files":[{"path":"audios\/files-670225a580c11.wav","mime":"audio\/x-wav","copyright":{"license":"U"}}]},"subContentId":"727cb6d1-846a-4aa9-a473-9afd2e4246f6","metadata":{"contentType":"Curious Reader Audio","license":"U","title":"Untitled Curious Reader Audio"}},"backgroundOpacity":0,"willDoAnimation":false,"animationType":"glow","displayAsButton":false,"buttonSize":"big","goToSlideType":"specified","invisible":false}]},{"slideBackgroundSelector":{},"elements":[{"x":3.289473684210526,"y":6.497894682122992,"width":94.13898026315789,"height":87.71832926131934,"action":{"library":"H5P.Image 1.1","params":{"contentName":"Image","file":{"path":"images\/file-66f3df8b1702f.jpg","mime":"image\/jpeg","copyright":{"license":"U"},"width":1310,"height":736}},"subContentId":"0e496803-b15f-4430-bbfa-e595a008b198","metadata":{"contentType":"Image","license":"U","title":"Untitled Image"}},"backgroundOpacity":0,"willDoAnimation":false,"animationType":"glow","displayAsButton":false,"buttonSize":"big","goToSlideType":"specified","invisible":false},{"x":8.223684210526315,"y":81.22368352653741,"width":87.56167763157895,"height":12.992410459011282,"action":{"library":"H5P.CRAdvancedText 1.1","params":{"text":"<p><span style=\"font-size:1.5em;color:hsl(0, 0%, 100%);\"><strong>&nbsp;Waayahay! Bal aynu manta ciyaarno ciyaarta qiyaasida<\/strong><\/span><\/p>"},"subContentId":"7fa6e937-ba00-41d5-b967-f9cc494516d5","metadata":{"contentType":"Text","license":"U","title":"Untitled Text"}},"alwaysDisplayComments":false,"backgroundOpacity":0,"willDoAnimation":false,"animationType":"glow","displayAsButton":false,"buttonSize":"big","goToSlideType":"specified","invisible":false,"solution":""},{"x":47.00006578947369,"y":44.0012898320944,"width":40,"height":40,"action":{"library":"H5P.CRAudio 1.4","params":{"fitToWrapper":true,"currIndex":1,"playerMode":"minimalistic","controls":true,"autoplay":true,"playAudio":"Play audio","pauseAudio":"Pause audio","contentName":"Audio","glowColor":"#ffd85a","timeStampForEachText":[{"text":" \u00a0Waayahay! ","startDuration":"0.0000","endDuration":"0.9032","wordfile":[{"path":"audios\/wordfile-67022ad673ab3.wav","mime":"audio\/x-wav","copyright":{"license":"U"}}]},{"text":" Bal ","startDuration":"0.9042","endDuration":"1.1042","wordfile":[{"path":"audios\/wordfile-67022ae541ab0.wav","mime":"audio\/x-wav","copyright":{"license":"U"}}]},{"text":" aynu ","startDuration":"1.1052","endDuration":"1.4029","wordfile":[{"path":"audios\/wordfile-67022af9b033b.wav","mime":"audio\/x-wav","copyright":{"license":"U"}}]},{"text":" manta ","startDuration":"1.4039","endDuration":"1.7276","wordfile":[{"path":"audios\/wordfile-67022b172bff1.wav","mime":"audio\/x-wav","copyright":{"license":"U"}}]},{"text":" ciyaarno ","startDuration":"1.7286","endDuration":"2.4170","wordfile":[{"path":"audios\/wordfile-67022b2c45b0a.wav","mime":"audio\/x-wav","copyright":{"license":"U"}}]},{"text":" ciyaarta ","startDuration":"2.4180","endDuration":"3.0347","wordfile":[{"path":"audios\/wordfile-67022b44ca556.wav","mime":"audio\/x-wav","copyright":{"license":"U"}}]},{"text":" qiyaasida ","startDuration":"3.0357","endDuration":"3.6920","wordfile":[{"path":"audios\/wordfile-67022b5b9ad05.wav","mime":"audio\/x-wav","copyright":{"license":"U"}}]}],"files":[{"path":"audios\/files-67022ab94d88e.wav","mime":"audio\/x-wav","copyright":{"license":"U"}}]},"subContentId":"3d3285a5-9ef0-4b93-be73-ba24258fcbd7","metadata":{"contentType":"Curious Reader Audio","license":"U","title":"Untitled Curious Reader Audio"}},"backgroundOpacity":0,"willDoAnimation":false,"animationType":"glow","displayAsButton":false,"buttonSize":"big","goToSlideType":"specified","invisible":false}]},{"slideBackgroundSelector":{},"elements":[{"x":3.289473684210526,"y":6.497894682122992,"width":94.13898026315789,"height":87.71832926131934,"action":{"library":"H5P.Image 1.1","params":{"contentName":"Image","file":{"path":"images\/file-66f3df9e47757.jpg","mime":"image\/jpeg","copyright":{"license":"U"},"width":1310,"height":736}},"subContentId":"0e496803-b15f-4430-bbfa-e595a008b198","metadata":{"contentType":"Image","license":"U","title":"Untitled Image"}},"backgroundOpacity":0,"willDoAnimation":false,"animationType":"glow","displayAsButton":false,"buttonSize":"big","goToSlideType":"specified","invisible":false},{"x":14.802631578947368,"y":71.47684150335292,"width":80.5904605263158,"height":22.73925248219577,"action":{"library":"H5P.CRAdvancedText 1.1","params":{"text":"<p><span style=\"font-size:1.5em;color:hsl(0, 0%, 100%);\"><strong>Bal qiyaas waxaan anigu ahay! Waxaan jeclahay dabaasha. Waxaan ku noolahay biyaha.<\/strong><\/span><\/p>"},"subContentId":"a06e4ec1-1f2f-4f59-a658-4bbfcb0565de","metadata":{"contentType":"Text","license":"U","title":"Untitled Text"}},"alwaysDisplayComments":false,"backgroundOpacity":0,"willDoAnimation":false,"animationType":"glow","displayAsButton":false,"buttonSize":"big","goToSlideType":"specified","invisible":false,"solution":""},{"x":47.00006578947369,"y":44.0012898320944,"width":40,"height":40,"action":{"library":"H5P.CRAudio 1.4","params":{"fitToWrapper":true,"currIndex":2,"playerMode":"minimalistic","controls":true,"autoplay":true,"playAudio":"Play audio","pauseAudio":"Pause audio","contentName":"Audio","glowColor":"#ffd85a","timeStampForEachText":[{"text":" Bal ","startDuration":"0.0000","endDuration":"0.2716","wordfile":[{"path":"audios\/wordfile-67047553c0167.wav","mime":"audio\/x-wav","copyright":{"license":"U"}}]},{"text":" qiyaas ","startDuration":"0.2726","endDuration":"0.6157","wordfile":[{"path":"audios\/wordfile-670475712bfc1.wav","mime":"audio\/x-wav","copyright":{"license":"U"}}]},{"text":" waxaan ","startDuration":"0.6167","endDuration":"0.9061","wordfile":[{"path":"audios\/wordfile-6704758acf9cf.wav","mime":"audio\/x-wav","copyright":{"license":"U"}}]},{"text":" anigu ","startDuration":"0.9071","endDuration":"1.2055","wordfile":[{"path":"audios\/wordfile-670475a8aacba.wav","mime":"audio\/x-wav","copyright":{"license":"U"}}]},{"text":" ahay! ","startDuration":"1.1349","endDuration":"1.7374","wordfile":[{"path":"audios\/wordfile-670475bcce4f5.wav","mime":"audio\/x-wav","copyright":{"license":"U"}}]},{"text":" Waxaan ","startDuration":"1.7384","endDuration":"2.2067","wordfile":[{"path":"audios\/wordfile-670475d6dfbf7.wav","mime":"audio\/x-wav","copyright":{"license":"U"}}]},{"text":" jeclahay ","startDuration":"2.2077","endDuration":"2.6045","wordfile":[{"path":"audios\/wordfile-670475f03acbb.wav","mime":"audio\/x-wav","copyright":{"license":"U"}}]},{"text":" dabaasha. ","startDuration":"2.6144","endDuration":"3.5121","wordfile":[{"path":"audios\/wordfile-670476078ee2d.wav","mime":"audio\/x-wav","copyright":{"license":"U"}}]},{"text":" Waxaan ","startDuration":"3.5131","endDuration":"3.9188","wordfile":[{"path":"audios\/wordfile-67047617d63e7.wav","mime":"audio\/x-wav","copyright":{"license":"U"}}]},{"text":" noolahay ku ","startDuration":"3.9198","endDuration":"4.5402","wordfile":[{"path":"audios\/wordfile-6704764253eb9.wav","mime":"audio\/x-wav","copyright":{"license":"U"}}]},{"text":" biyaha. ","startDuration":"4.5412","endDuration":"5.0714","wordfile":[{"path":"audios\/wordfile-670476550cf09.wav","mime":"audio\/x-wav","copyright":{"license":"U"}}]}],"files":[{"path":"audios\/files-670249b9c1c4f.wav","mime":"audio\/x-wav","copyright":{"license":"U"}}]},"subContentId":"2eb4bdcd-5fd8-4ea7-9481-9890a14f80c2","metadata":{"contentType":"Curious Reader Audio","license":"U","title":"Untitled Curious Reader Audio"}},"backgroundOpacity":0,"willDoAnimation":false,"animationType":"glow","displayAsButton":false,"buttonSize":"big","goToSlideType":"specified","invisible":false}]},{"slideBackgroundSelector":{},"elements":[{"x":3.289473684210526,"y":6.497894682122992,"width":94.13898026315789,"height":87.71832926131934,"action":{"library":"H5P.Image 1.1","params":{"contentName":"Image","file":{"path":"images\/file-66f26eca30e79.gif","mime":"image\/gif","copyright":{"license":"U"},"width":1310,"height":736}},"subContentId":"0e496803-b15f-4430-bbfa-e595a008b198","metadata":{"contentType":"Image","license":"U","title":"Untitled Image"}},"backgroundOpacity":0,"willDoAnimation":false,"animationType":"glow","displayAsButton":false,"buttonSize":"big","goToSlideType":"specified","invisible":false},{"x":26.31578947368421,"y":81.21003794770495,"width":50.985197368421055,"height":12.992410459011282,"action":{"library":"H5P.CRAdvancedText 1.1","params":{"text":"<p><span style=\"font-size:1.5em;color:hsl(0,0%,100%);\"><strong>Haa...... waxaan ahay kaluun.<\/strong><\/span><\/p>"},"subContentId":"69988c09-8047-4ac8-9831-bcb69d62ca6c","metadata":{"contentType":"Text","license":"U","title":"Untitled Text"}},"alwaysDisplayComments":false,"backgroundOpacity":0,"willDoAnimation":false,"animationType":"glow","displayAsButton":false,"buttonSize":"big","goToSlideType":"specified","invisible":false,"solution":""},{"x":47.00006578947369,"y":44.0012898320944,"width":40,"height":40,"action":{"library":"H5P.CRAudio 1.4","params":{"fitToWrapper":true,"currIndex":3,"playerMode":"minimalistic","controls":true,"autoplay":true,"playAudio":"Play audio","pauseAudio":"Pause audio","contentName":"Audio","glowColor":"#ffd85a","timeStampForEachText":[{"text":" Haa...... ","startDuration":"0.0000","endDuration":"0.5228","wordfile":[{"path":"audios\/wordfile-670477134ff8e.wav","mime":"audio\/x-wav","copyright":{"license":"U"}}]},{"text":" waxaan ","startDuration":"0.5238","endDuration":"0.9515","wordfile":[{"path":"audios\/wordfile-67047728ecf39.wav","mime":"audio\/x-wav","copyright":{"license":"U"}}]},{"text":" ahay ","startDuration":"0.9525","endDuration":"1.1756","wordfile":[{"path":"audios\/wordfile-6704773a3746e.wav","mime":"audio\/x-wav","copyright":{"license":"U"}}]},{"text":" kaluun. ","startDuration":"1.1766","endDuration":"1.6339","wordfile":[{"path":"audios\/wordfile-67047751c9058.wav","mime":"audio\/x-wav","copyright":{"license":"U"}}]}],"files":[{"path":"audios\/files-670476ee98fa2.wav","mime":"audio\/x-wav","copyright":{"license":"U"}}]},"subContentId":"46c5f876-4e31-4193-8715-c8f1e4a89575","metadata":{"contentType":"Curious Reader Audio","license":"U","title":"Untitled Curious Reader Audio"}},"backgroundOpacity":0,"willDoAnimation":false,"animationType":"glow","displayAsButton":false,"buttonSize":"big","goToSlideType":"specified","invisible":false},{"x":29.605263157894736,"y":19.493684046368976,"width":40,"height":40,"action":{"library":"H5P.Image 1.1","params":{"contentName":"Image"},"subContentId":"e1b14d60-1fb9-4bd3-9232-8646a2ec934c","metadata":{"contentType":"Image","license":"U","title":"Untitled Image"}},"backgroundOpacity":0,"willDoAnimation":true,"animationType":"glow","displayAsButton":false,"buttonSize":"big","goToSlideType":"specified","invisible":false,"id":"img46c5f876-4e31-4193-8715-c8f1e4a89575_3"}]},{"slideBackgroundSelector":{},"elements":[{"x":3.289473684210526,"y":6.497894682122992,"width":94.13898026315789,"height":87.71832926131934,"action":{"library":"H5P.Image 1.1","params":{"contentName":"Image","file":{"path":"images\/file-66f3dfab1ca79.jpg","mime":"image\/jpeg","copyright":{"license":"U"},"width":1310,"height":736}},"subContentId":"0e496803-b15f-4430-bbfa-e595a008b198","metadata":{"contentType":"Image","license":"U","title":"Untitled Image"}},"backgroundOpacity":0,"willDoAnimation":false,"animationType":"glow","displayAsButton":false,"buttonSize":"big","goToSlideType":"specified","invisible":false},{"x":9.868421052631579,"y":74.72578884441441,"width":82.23519736842105,"height":19.490305141134275,"action":{"library":"H5P.CRAdvancedText 1.1","params":{"text":"<p><span style=\"font-size:1.5em;color:hsl(0, 0%, 100%);\"><strong>Bal qiyaas waxaan anigu ahay! Waxaan jeclahay in aan cunno muuska. Waxaan ku noolahay dhirta.<\/strong><\/span><\/p>"},"subContentId":"c8d1b30f-41fa-453b-a6c6-415f095e3017","metadata":{"contentType":"Text","license":"U","title":"Untitled Text"}},"alwaysDisplayComments":false,"backgroundOpacity":0,"willDoAnimation":false,"animationType":"glow","displayAsButton":false,"buttonSize":"big","goToSlideType":"specified","invisible":false,"solution":""},{"x":47.00006578947369,"y":44.0012898320944,"width":40,"height":40,"action":{"library":"H5P.CRAudio 1.4","params":{"fitToWrapper":true,"currIndex":4,"playerMode":"minimalistic","controls":true,"autoplay":true,"playAudio":"Play audio","pauseAudio":"Pause audio","contentName":"Audio","glowColor":"#ffd85a","timeStampForEachText":[{"text":" Bal ","startDuration":"0.0000","endDuration":"0.2796","wordfile":[{"path":"audios\/wordfile-670478cf11746.wav","mime":"audio\/x-wav","copyright":{"license":"U"}}]},{"text":" qiyaas ","startDuration":"0.2796","endDuration":"0.6886","wordfile":[{"path":"audios\/wordfile-67047908d44bd.wav","mime":"audio\/x-wav","copyright":{"license":"U"}}]},{"text":" waxaan ","startDuration":"0.6896","endDuration":"0.9493","wordfile":[{"path":"audios\/wordfile-670479210233d.wav","mime":"audio\/x-wav","copyright":{"license":"U"}}]},{"text":" anigu ","startDuration":"0.9393","endDuration":"1.2499","wordfile":[{"path":"audios\/wordfile-67047962ad14b.wav","mime":"audio\/x-wav","copyright":{"license":"U"}}]},{"text":" ahay! ","startDuration":"1.2509","endDuration":"1.7097","wordfile":[{"path":"audios\/wordfile-670479792e8d1.wav","mime":"audio\/x-wav","copyright":{"license":"U"}}]},{"text":" Waxaan ","startDuration":"1.7107","endDuration":"2.0898","wordfile":[{"path":"audios\/wordfile-6704798d82576.wav","mime":"audio\/x-wav","copyright":{"license":"U"}}]},{"text":" jeclahay ","startDuration":"2.0908","endDuration":"2.8680","wordfile":[{"path":"audios\/wordfile-670479c65535f.wav","mime":"audio\/x-wav","copyright":{"license":"U"}}]},{"text":" in ","startDuration":"2.8093","endDuration":"3.0192","wordfile":[{"path":"audios\/wordfile-67047a2defb11.wav","mime":"audio\/x-wav","copyright":{"license":"U"}}]},{"text":" aan ","startDuration":"3.0192","endDuration":"3.2302","wordfile":[{"path":"audios\/wordfile-67047a4a49726.wav","mime":"audio\/x-wav","copyright":{"license":"U"}}]},{"text":" cunno ","startDuration":"3.2312","endDuration":"3.6203","wordfile":[{"path":"audios\/wordfile-67047a7790bb6.wav","mime":"audio\/x-wav","copyright":{"license":"U"}}]},{"text":" muuska. ","startDuration":"3.6213","endDuration":"4.1696","wordfile":[{"path":"audios\/wordfile-67047af6b1e65.wav","mime":"audio\/x-wav","copyright":{"license":"U"}}]},{"text":" Waxaan ","startDuration":"4.1706","endDuration":"4.5099","wordfile":[{"path":"audios\/wordfile-67047b0d69e8d.wav","mime":"audio\/x-wav","copyright":{"license":"U"}}]},{"text":" ku noolahay ","startDuration":"4.5109","endDuration":"5.1787","wordfile":[{"path":"audios\/wordfile-67047b3073099.wav","mime":"audio\/x-wav","copyright":{"license":"U"}}]},{"text":" dhirta. ","startDuration":"5.1797","endDuration":"5.6418","wordfile":[{"path":"audios\/wordfile-67047b4e58f51.wav","mime":"audio\/x-wav","copyright":{"license":"U"}}]}],"files":[{"path":"audios\/files-670478b6e64f9.wav","mime":"audio\/x-wav","copyright":{"license":"U"}}]},"subContentId":"adb1d563-0fb0-47cb-a3b1-68da39bc8124","metadata":{"contentType":"Curious Reader Audio","license":"U","title":"Untitled Curious Reader Audio"}},"backgroundOpacity":0,"willDoAnimation":false,"animationType":"glow","displayAsButton":false,"buttonSize":"big","goToSlideType":"specified","invisible":false}]},{"slideBackgroundSelector":{},"elements":[{"x":3.289473684210526,"y":6.497894682122992,"width":94.13898026315789,"height":87.71832926131934,"action":{"library":"H5P.Image 1.1","params":{"contentName":"Image","file":{"path":"images\/file-66f2708a7f352.gif","mime":"image\/gif","copyright":{"license":"U"},"width":1310,"height":736}},"subContentId":"0e496803-b15f-4430-bbfa-e595a008b198","metadata":{"contentType":"Image","license":"U","title":"Untitled Image"}},"backgroundOpacity":0,"willDoAnimation":false,"animationType":"glow","displayAsButton":false,"buttonSize":"big","goToSlideType":"specified","invisible":false},{"x":27.960526315789476,"y":84.46938192025785,"width":50.985197368421055,"height":9.74008421271508,"action":{"library":"H5P.CRAdvancedText 1.1","params":{"text":"<p><span style=\"font-size:1.5em;color:hsl(0, 0%, 100%);\"><strong>Haa ......waxaan ahay daanyeer.<\/strong><\/span><\/p>"},"subContentId":"844dbcfd-8af9-4d4b-bd60-ea6d5ffeaa1d","metadata":{"contentType":"Text","license":"U","title":"Untitled Text"}},"alwaysDisplayComments":false,"backgroundOpacity":0,"willDoAnimation":false,"animationType":"glow","displayAsButton":false,"buttonSize":"big","goToSlideType":"specified","invisible":false,"solution":""},{"x":47.00006578947369,"y":44.0012898320944,"width":40,"height":40,"action":{"library":"H5P.CRAudio 1.4","params":{"fitToWrapper":true,"currIndex":5,"playerMode":"minimalistic","controls":true,"autoplay":true,"playAudio":"Play audio","pauseAudio":"Pause audio","contentName":"Audio","glowColor":"#ffd85a","timeStampForEachText":[{"text":" Haa ","startDuration":"0.0000","endDuration":"0.7275","wordfile":[{"path":"audios\/wordfile-67047bbe96e23.wav","mime":"audio\/x-wav","copyright":{"license":"U"}}]},{"text":" ......waxaan ","startDuration":"0.7285","endDuration":"1.2738","wordfile":[{"path":"audios\/wordfile-67047bd784eeb.wav","mime":"audio\/x-wav","copyright":{"license":"U"}}]},{"text":" ahay ","startDuration":"1.2748","endDuration":"1.6570","wordfile":[{"path":"audios\/wordfile-67047beea1efe.wav","mime":"audio\/x-wav","copyright":{"license":"U"}}]},{"text":" daanyeer. ","startDuration":"1.6580","endDuration":"2.1518","wordfile":[{"path":"audios\/wordfile-67047c02ad5ad.wav","mime":"audio\/x-wav","copyright":{"license":"U"}}]}],"files":[{"path":"audios\/files-67047ba112c9f.wav","mime":"audio\/x-wav","copyright":{"license":"U"}}]},"subContentId":"95e0f1f0-27f0-4621-a4d0-8e1993941c89","metadata":{"contentType":"Curious Reader Audio","license":"U","title":"Untitled Curious Reader Audio"}},"backgroundOpacity":0,"willDoAnimation":false,"animationType":"glow","displayAsButton":false,"buttonSize":"big","goToSlideType":"specified","invisible":false},{"x":29.605263157894736,"y":9.746842023184488,"width":40,"height":40,"action":{"library":"H5P.Image 1.1","params":{"contentName":"Image"},"subContentId":"05b50263-335b-4938-9d83-a6d65750059c","metadata":{"contentType":"Image","license":"U","title":"Untitled Image"}},"backgroundOpacity":0,"willDoAnimation":true,"animationType":"glow","displayAsButton":false,"buttonSize":"big","goToSlideType":"specified","invisible":false,"id":"img95e0f1f0-27f0-4621-a4d0-8e1993941c89_3"}]},{"slideBackgroundSelector":{},"elements":[{"x":3.289473684210526,"y":6.497894682122992,"width":94.13898026315789,"height":87.71832926131934,"action":{"library":"H5P.Image 1.1","params":{"contentName":"Image","file":{"path":"images\/file-66f3dfb6e1fb1.jpg","mime":"image\/jpeg","copyright":{"license":"U"},"width":1310,"height":736}},"subContentId":"0e496803-b15f-4430-bbfa-e595a008b198","metadata":{"contentType":"Image","license":"U","title":"Untitled Image"}},"backgroundOpacity":0,"willDoAnimation":false,"animationType":"glow","displayAsButton":false,"buttonSize":"big","goToSlideType":"specified","invisible":false},{"x":9.868421052631579,"y":74.72578884441441,"width":82.62746710526315,"height":19.490305141134275,"action":{"library":"H5P.CRAdvancedText 1.1","params":{"text":"<p><span style=\"font-size:1.5em;color:hsl(0, 0%, 100%);\"><strong>Bal qiyaas waxaan anigu ahay! Waxaan jeclahay in aan ilaaliyo guryaha. waxaan ku noolahay gudaha deyrka.<\/strong><\/span><\/p>"},"subContentId":"f222a35e-c9ad-4edd-84e0-300865f89828","metadata":{"contentType":"Text","license":"U","title":"Untitled Text"}},"alwaysDisplayComments":false,"backgroundOpacity":0,"willDoAnimation":false,"animationType":"glow","displayAsButton":false,"buttonSize":"big","goToSlideType":"specified","invisible":false,"solution":""},{"x":47.00006578947369,"y":44.0012898320944,"width":40,"height":40,"action":{"library":"H5P.CRAudio 1.4","params":{"fitToWrapper":true,"currIndex":6,"playerMode":"minimalistic","controls":true,"autoplay":true,"playAudio":"Play audio","pauseAudio":"Pause audio","contentName":"Audio","glowColor":"#ffd85a","timeStampForEachText":[{"text":" Bal ","startDuration":"0.0000","endDuration":"0.2372","wordfile":[{"path":"audios\/wordfile-6706403858637.wav","mime":"audio\/x-wav","copyright":{"license":"U"}}]},{"text":" qiyaas ","startDuration":"0.2382","endDuration":"0.5994","wordfile":[{"path":"audios\/wordfile-67064059d6d4e.wav","mime":"audio\/x-wav","copyright":{"license":"U"}}]},{"text":" waxaan ","startDuration":"0.5632","endDuration":"0.8376","wordfile":[{"path":"audios\/wordfile-6706408a263e2.wav","mime":"audio\/x-wav","copyright":{"license":"U"}}]},{"text":" anigu ","startDuration":"0.8386","endDuration":"1.1998","wordfile":[{"path":"audios\/wordfile-670640a47cd30.wav","mime":"audio\/x-wav","copyright":{"license":"U"}}]},{"text":" ahay! ","startDuration":"1.1998","endDuration":"1.6860","wordfile":[{"path":"audios\/wordfile-670640d79e2b3.wav","mime":"audio\/x-wav","copyright":{"license":"U"}}]},{"text":" Waxaan ","startDuration":"1.6870","endDuration":"2.1474","wordfile":[{"path":"audios\/wordfile-670640ee7d9b3.wav","mime":"audio\/x-wav","copyright":{"license":"U"}}]},{"text":" jeclahay ","startDuration":"2.1484","endDuration":"2.9064","wordfile":[{"path":"audios\/wordfile-67064105b53d0.wav","mime":"audio\/x-wav","copyright":{"license":"U"}}]},{"text":" in ","startDuration":"2.9074","endDuration":"3.1446","wordfile":[{"path":"audios\/wordfile-6706411b5f634.wav","mime":"audio\/x-wav","copyright":{"license":"U"}}]},{"text":" aan ","startDuration":"3.1456","endDuration":"3.3952","wordfile":[{"path":"audios\/wordfile-6706412ccec07.wav","mime":"audio\/x-wav","copyright":{"license":"U"}}]},{"text":" ilaaliyo ","startDuration":"3.3714","endDuration":"4.0178","wordfile":[{"path":"audios\/wordfile-6706414befd8f.wav","mime":"audio\/x-wav","copyright":{"license":"U"}}]},{"text":" guryaha. ","startDuration":"4.0188","endDuration":"4.6652","wordfile":[{"path":"audios\/wordfile-67064168dc6b2.wav","mime":"audio\/x-wav","copyright":{"license":"U"}}]},{"text":" waxaan ","startDuration":"4.6662","endDuration":"5.1390","wordfile":[{"path":"audios\/wordfile-6706417a7fa5d.wav","mime":"audio\/x-wav","copyright":{"license":"U"}}]},{"text":" noolahay ku ","startDuration":"5.1400","endDuration":"5.9848","wordfile":[{"path":"audios\/wordfile-67064197841b2.wav","mime":"audio\/x-wav","copyright":{"license":"U"}}]},{"text":" gudaha ","startDuration":"5.9858","endDuration":"6.5082","wordfile":[{"path":"audios\/wordfile-670641bd99383.wav","mime":"audio\/x-wav","copyright":{"license":"U"}}]},{"text":" deyrka. ","startDuration":"6.5092","endDuration":"7.0312","wordfile":[{"path":"audios\/wordfile-670641d787f73.wav","mime":"audio\/x-wav","copyright":{"license":"U"}}]}],"files":[{"path":"audios\/files-67064024ac3f5.wav","mime":"audio\/x-wav","copyright":{"license":"U"}}]},"subContentId":"e0b4b831-055c-4486-8881-ac81a6dbe835","metadata":{"contentType":"Curious Reader Audio","license":"U","title":"Untitled Curious Reader Audio"}},"backgroundOpacity":0,"willDoAnimation":false,"animationType":"glow","displayAsButton":false,"buttonSize":"big","goToSlideType":"specified","invisible":false}]},{"slideBackgroundSelector":{},"elements":[{"x":3.289473684210526,"y":6.497894682122992,"width":94.13898026315789,"height":87.71832926131934,"action":{"library":"H5P.Image 1.1","params":{"contentName":"Image","file":{"path":"images\/file-66f270b97b0e6.gif","mime":"image\/gif","copyright":{"license":"U"},"width":1310,"height":736}},"subContentId":"0e496803-b15f-4430-bbfa-e595a008b198","metadata":{"contentType":"Image","license":"U","title":"Untitled Image"}},"backgroundOpacity":0,"willDoAnimation":false,"animationType":"glow","displayAsButton":false,"buttonSize":"big","goToSlideType":"specified","invisible":false},{"x":32.89473684210526,"y":84.47263086759891,"width":39.99967105263158,"height":12.992410459011282,"action":{"library":"H5P.CRAdvancedText 1.1","params":{"text":"<p><span style=\"font-size:1.5em;color:hsl(0,0%,100%);\"><strong>Haa...... waxaan ahay eey.<\/strong><\/span><\/p>"},"subContentId":"38fd1a79-06fd-4dba-8f79-c1dbb4e77c3b","metadata":{"contentType":"Text","license":"U","title":"Untitled Text"}},"alwaysDisplayComments":false,"backgroundOpacity":0,"willDoAnimation":false,"animationType":"glow","displayAsButton":false,"buttonSize":"big","goToSlideType":"specified","invisible":false,"solution":""},{"x":47.00006578947369,"y":44.0012898320944,"width":40,"height":40,"action":{"library":"H5P.CRAudio 1.4","params":{"fitToWrapper":true,"currIndex":7,"playerMode":"minimalistic","controls":true,"autoplay":true,"playAudio":"Play audio","pauseAudio":"Pause audio","contentName":"Audio","glowColor":"#ffd85a","timeStampForEachText":[{"text":" Haa...... ","startDuration":"0.0000","endDuration":"0.7259","wordfile":[{"path":"audios\/wordfile-670642026c625.wav","mime":"audio\/x-wav","copyright":{"license":"U"}}]},{"text":" waxaan ","startDuration":"0.7269","endDuration":"1.2950","wordfile":[{"path":"audios\/wordfile-670642114f21e.wav","mime":"audio\/x-wav","copyright":{"license":"U"}}]},{"text":" ahay ","startDuration":"1.2960","endDuration":"1.6933","wordfile":[{"path":"audios\/wordfile-6706422a7a58a.wav","mime":"audio\/x-wav","copyright":{"license":"U"}}]},{"text":" eey. ","startDuration":"1.6943","endDuration":"2.1518","wordfile":[{"path":"audios\/wordfile-6706427235e06.wav","mime":"audio\/x-wav","copyright":{"license":"U"}}]}],"files":[{"path":"audios\/files-670558ab81573.wav","mime":"audio\/x-wav","copyright":{"license":"U"}}]},"subContentId":"6281070c-2e54-4ca4-8451-6832a78a5842","metadata":{"contentType":"Curious Reader Audio","license":"U","title":"Untitled Curious Reader Audio"}},"backgroundOpacity":0,"willDoAnimation":false,"animationType":"glow","displayAsButton":false,"buttonSize":"big","goToSlideType":"specified","invisible":false},{"x":27.960526315789473,"y":9.746842023184488,"width":40,"height":40,"action":{"library":"H5P.Image 1.1","params":{"contentName":"Image"},"subContentId":"a1d987ba-8661-4b46-8226-c9976ed091ed","metadata":{"contentType":"Image","license":"U","title":"Untitled Image"}},"backgroundOpacity":0,"willDoAnimation":true,"animationType":"glow","displayAsButton":false,"buttonSize":"big","goToSlideType":"specified","invisible":false,"id":"img6281070c-2e54-4ca4-8451-6832a78a5842_3"}]},{"slideBackgroundSelector":{},"elements":[{"x":3.289473684210526,"y":6.497894682122992,"width":94.13898026315789,"height":87.71832926131934,"action":{"library":"H5P.Image 1.1","params":{"contentName":"Image","file":{"path":"images\/file-66f3dfc3c6e00.jpg","mime":"image\/jpeg","copyright":{"license":"U"},"width":1310,"height":736}},"subContentId":"0e496803-b15f-4430-bbfa-e595a008b198","metadata":{"contentType":"Image","license":"U","title":"Untitled Image"}},"backgroundOpacity":0,"willDoAnimation":false,"animationType":"glow","displayAsButton":false,"buttonSize":"big","goToSlideType":"specified","invisible":false},{"x":13.157894736842104,"y":74.72578884441441,"width":78.94572368421052,"height":19.483547330664866,"action":{"library":"H5P.CRAdvancedText 1.1","params":{"text":"<p><span style=\"font-size:1.5em;color:hsl(0, 0%, 100%);\"><strong>Bal qiyaas waxaan anigu ahay! Waxaan jeclahay in aan caws daaqo. Waxaan kunoolahay xeerada.<\/strong><\/span><\/p>"},"subContentId":"1f41750b-2586-4066-b557-f7ef76b78058","metadata":{"contentType":"Text","license":"U","title":"Untitled Text"}},"alwaysDisplayComments":false,"backgroundOpacity":0,"willDoAnimation":false,"animationType":"glow","displayAsButton":false,"buttonSize":"big","goToSlideType":"specified","invisible":false,"solution":""},{"x":47.00006578947369,"y":44.0012898320944,"width":40,"height":40,"action":{"library":"H5P.CRAudio 1.4","params":{"fitToWrapper":true,"currIndex":8,"playerMode":"minimalistic","controls":true,"autoplay":true,"playAudio":"Play audio","pauseAudio":"Pause audio","contentName":"Audio","glowColor":"#ffd85a","timeStampForEachText":[{"text":" Bal ","startDuration":"0.0000","endDuration":"0.2680","wordfile":[{"path":"audios\/wordfile-67064347e73d8.wav","mime":"audio\/x-wav","copyright":{"license":"U"}}]},{"text":" qiyaas ","startDuration":"0.2680","endDuration":"0.5927","wordfile":[{"path":"audios\/wordfile-6706438f26f92.wav","mime":"audio\/x-wav","copyright":{"license":"U"}}]},{"text":" waxaan ","startDuration":"0.5937","endDuration":"0.9864","wordfile":[{"path":"audios\/wordfile-670643b54742c.wav","mime":"audio\/x-wav","copyright":{"license":"U"}}]},{"text":" anigu ","startDuration":"0.9874","endDuration":"1.2668","wordfile":[{"path":"audios\/wordfile-670643d4cd03d.wav","mime":"audio\/x-wav","copyright":{"license":"U"}}]},{"text":" ahay! ","startDuration":"1.2678","endDuration":"1.7853","wordfile":[{"path":"audios\/wordfile-670643e50bba6.wav","mime":"audio\/x-wav","copyright":{"license":"U"}}]},{"text":" Waxaan ","startDuration":"1.7863","endDuration":"2.2924","wordfile":[{"path":"audios\/wordfile-670643fe27bfc.wav","mime":"audio\/x-wav","copyright":{"license":"U"}}]},{"text":" jeclahay ","startDuration":"2.2934","endDuration":"3.0376","wordfile":[{"path":"audios\/wordfile-67064414e3112.wav","mime":"audio\/x-wav","copyright":{"license":"U"}}]},{"text":" in ","startDuration":"3.0273","endDuration":"3.2046","wordfile":[{"path":"audios\/wordfile-67064433db5c6.wav","mime":"audio\/x-wav","copyright":{"license":"U"}}]},{"text":"","startDuration":"3.2056","endDuration":"3.4623","wordfile":[{"path":"audios\/wordfile-67064448b30dd.wav","mime":"audio\/x-wav","copyright":{"license":"U"}}]},{"text":" caws ","startDuration":"3.4633","endDuration":"3.7994","wordfile":[{"path":"audios\/wordfile-670644601d25f.wav","mime":"audio\/x-wav","copyright":{"license":"U"}}]},{"text":" daaqo. ","startDuration":"3.8004","endDuration":"4.4653","wordfile":[{"path":"audios\/wordfile-67064477cac49.wav","mime":"audio\/x-wav","copyright":{"license":"U"}}]},{"text":" Waxaan ","startDuration":"4.4663","endDuration":"4.8477","wordfile":[{"path":"audios\/wordfile-67064488c4028.wav","mime":"audio\/x-wav","copyright":{"license":"U"}}]},{"text":" kunoolahay ","startDuration":"4.8487","endDuration":"5.6269","wordfile":[{"path":"audios\/wordfile-6706449be7ca1.wav","mime":"audio\/x-wav","copyright":{"license":"U"}}]},{"text":" xeerada. ","startDuration":"5.6279","endDuration":"6.4286","wordfile":[{"path":"audios\/wordfile-670644ad9d640.wav","mime":"audio\/x-wav","copyright":{"license":"U"}}]}],"files":[{"path":"audios\/files-670643311a4b2.wav","mime":"audio\/x-wav","copyright":{"license":"U"}}]},"subContentId":"369913ad-4561-44ac-b7f8-0b98aa06dcc3","metadata":{"contentType":"Curious Reader Audio","license":"U","title":"Untitled Curious Reader Audio"}},"backgroundOpacity":0,"willDoAnimation":false,"animationType":"glow","displayAsButton":false,"buttonSize":"big","goToSlideType":"specified","invisible":false}]},{"slideBackgroundSelector":{},"elements":[{"x":3.289473684210526,"y":6.497894682122992,"width":94.13898026315789,"height":87.71832926131934,"action":{"library":"H5P.Image 1.1","params":{"contentName":"Image","file":{"path":"images\/file-66f270f82f4d2.gif","mime":"image\/gif","copyright":{"license":"U"},"width":1310,"height":736}},"subContentId":"0e496803-b15f-4430-bbfa-e595a008b198","metadata":{"contentType":"Image","license":"U","title":"Untitled Image"}},"backgroundOpacity":0,"willDoAnimation":false,"animationType":"glow","displayAsButton":false,"buttonSize":"big","goToSlideType":"specified","invisible":false},{"x":31.25,"y":84.47263086759891,"width":46.05098684210527,"height":12.989031553776577,"action":{"library":"H5P.CRAdvancedText 1.1","params":{"text":"<p><span style=\"font-size:1.5em;color:hsl(0, 0%, 100%);\"><strong>Haa .......waxaan ahay ido.<\/strong><\/span><\/p>"},"subContentId":"22204afa-f5e1-4fa2-a305-dcb327f1152b","metadata":{"contentType":"Text","license":"U","title":"Untitled Text"}},"alwaysDisplayComments":false,"backgroundOpacity":0,"willDoAnimation":false,"animationType":"glow","displayAsButton":false,"buttonSize":"big","goToSlideType":"specified","invisible":false,"solution":""},{"x":47.00006578947369,"y":44.0012898320944,"width":40,"height":40,"action":{"library":"H5P.CRAudio 1.4","params":{"fitToWrapper":true,"currIndex":9,"playerMode":"minimalistic","controls":true,"autoplay":true,"playAudio":"Play audio","pauseAudio":"Pause audio","contentName":"Audio","glowColor":"#ffd85a","timeStampForEachText":[{"text":" Haa ","startDuration":"0.0000","endDuration":"0.9196","wordfile":[{"path":"audios\/wordfile-670645c159e95.wav","mime":"audio\/x-wav","copyright":{"license":"U"}}]},{"text":" .......waxaan ","startDuration":"0.9206","endDuration":"1.5029","wordfile":[{"path":"audios\/wordfile-670645e593d96.wav","mime":"audio\/x-wav","copyright":{"license":"U"}}]},{"text":" ahay ","startDuration":"1.5039","endDuration":"1.7039","wordfile":[{"path":"audios\/wordfile-670645f31acd2.wav","mime":"audio\/x-wav","copyright":{"license":"U"}}]},{"text":" ido. ","startDuration":"1.7049","endDuration":"2.1250","wordfile":[{"path":"audios\/wordfile-67064609f1ad8.wav","mime":"audio\/x-wav","copyright":{"license":"U"}}]}],"files":[{"path":"audios\/files-670645aacda12.wav","mime":"audio\/x-wav","copyright":{"license":"U"}}]},"subContentId":"318f7f4a-9092-47ee-a550-f53f0004742a","metadata":{"contentType":"Curious Reader Audio","license":"U","title":"Untitled Curious Reader Audio"}},"backgroundOpacity":0,"willDoAnimation":false,"animationType":"glow","displayAsButton":false,"buttonSize":"big","goToSlideType":"specified","invisible":false},{"x":29.605263157894736,"y":9.746842023184488,"width":40,"height":40,"action":{"library":"H5P.Image 1.1","params":{"contentName":"Image"},"subContentId":"44803319-34d1-4240-9d32-115fa77d5d9e","metadata":{"contentType":"Image","license":"U","title":"Untitled Image"}},"backgroundOpacity":0,"willDoAnimation":true,"animationType":"glow","displayAsButton":false,"buttonSize":"big","goToSlideType":"specified","invisible":false,"id":"img318f7f4a-9092-47ee-a550-f53f0004742a_3"}]},{"slideBackgroundSelector":{},"elements":[{"x":3.289473684210526,"y":6.497894682122992,"width":94.13898026315789,"height":87.71832926131934,"action":{"library":"H5P.Image 1.1","params":{"contentName":"Image","file":{"path":"images\/file-66f3dfd4b9228.jpg","mime":"image\/jpeg","copyright":{"license":"U"},"width":1310,"height":736}},"subContentId":"0e496803-b15f-4430-bbfa-e595a008b198","metadata":{"contentType":"Image","license":"U","title":"Untitled Image"}},"backgroundOpacity":0,"willDoAnimation":false,"animationType":"glow","displayAsButton":false,"buttonSize":"big","goToSlideType":"specified","invisible":false},{"x":13.157894736842104,"y":74.72578884441441,"width":77.30098684210526,"height":19.48692623589957,"action":{"library":"H5P.CRAdvancedText 1.1","params":{"text":"<p><span style=\"font-size:1.5em;color:hsl(0, 0%, 100%);\"><strong>Bal qiyaas waxaan anigu ahay! Waxaan jeclahay in aan duulo. Waxaan kunoolahay dhirta<\/strong><\/span><\/p>"},"subContentId":"43d9c00a-1d26-42ed-a7e3-440e7b5b805c","metadata":{"contentType":"Text","license":"U","title":"Untitled Text"}},"alwaysDisplayComments":false,"backgroundOpacity":0,"willDoAnimation":false,"animationType":"glow","displayAsButton":false,"buttonSize":"big","goToSlideType":"specified","invisible":false,"solution":""},{"x":47.00006578947369,"y":44.0012898320944,"width":40,"height":40,"action":{"library":"H5P.CRAudio 1.4","params":{"fitToWrapper":true,"currIndex":10,"playerMode":"minimalistic","controls":true,"autoplay":true,"playAudio":"Play audio","pauseAudio":"Pause audio","contentName":"Audio","glowColor":"#ffd85a","timeStampForEachText":[{"text":" Bal ","startDuration":"0.0000","endDuration":"0.2440","wordfile":[{"path":"audios\/wordfile-670648af643a7.wav","mime":"audio\/x-wav","copyright":{"license":"U"}}]},{"text":" qiyaas ","startDuration":"0.2450","endDuration":"0.5989","wordfile":[{"path":"audios\/wordfile-670648ca44b43.wav","mime":"audio\/x-wav","copyright":{"license":"U"}}]},{"text":" waxaan ","startDuration":"0.5999","endDuration":"0.9428","wordfile":[{"path":"audios\/wordfile-670648e6d0c3c.wav","mime":"audio\/x-wav","copyright":{"license":"U"}}]},{"text":" anigu ","startDuration":"0.9658","endDuration":"1.3856","wordfile":[{"path":"audios\/wordfile-67064901405ce.wav","mime":"audio\/x-wav","copyright":{"license":"U"}}]},{"text":" ahay! ","startDuration":"1.3756","endDuration":"1.9603","wordfile":[{"path":"audios\/wordfile-670649286a8d2.wav","mime":"audio\/x-wav","copyright":{"license":"U"}}]},{"text":" Waxaan ","startDuration":"1.9613","endDuration":"2.2712","wordfile":[{"path":"audios\/wordfile-6706493a74a36.wav","mime":"audio\/x-wav","copyright":{"license":"U"}}]},{"text":" jeclahay ","startDuration":"2.2722","endDuration":"3.2086","wordfile":[{"path":"audios\/wordfile-6706494dd8406.wav","mime":"audio\/x-wav","copyright":{"license":"U"}}]},{"text":" in ","startDuration":"3.2096","endDuration":"3.4096","wordfile":[{"path":"audios\/wordfile-6706495fd3278.wav","mime":"audio\/x-wav","copyright":{"license":"U"}}]},{"text":" aan ","startDuration":"3.4106","endDuration":"3.6765","wordfile":[{"path":"audios\/wordfile-6706497032796.wav","mime":"audio\/x-wav","copyright":{"license":"U"}}]},{"text":" duulo. ","startDuration":"3.6775","endDuration":"4.2402","wordfile":[{"path":"audios\/wordfile-6706498aa19d5.wav","mime":"audio\/x-wav","copyright":{"license":"U"}}]},{"text":" Waxaan ","startDuration":"4.2412","endDuration":"4.6610","wordfile":[{"path":"audios\/wordfile-6706499edee05.wav","mime":"audio\/x-wav","copyright":{"license":"U"}}]},{"text":" kunoolahay ","startDuration":"4.6620","endDuration":"5.4995","wordfile":[{"path":"audios\/wordfile-670649b8415dc.wav","mime":"audio\/x-wav","copyright":{"license":"U"}}]},{"text":" dhirta ","startDuration":"5.5005","endDuration":"6.2322","wordfile":[{"path":"audios\/wordfile-670649d46f036.wav","mime":"audio\/x-wav","copyright":{"license":"U"}}]}],"files":[{"path":"audios\/files-67064899f118c.wav","mime":"audio\/x-wav","copyright":{"license":"U"}}]},"subContentId":"dd576bbf-fff6-4ad6-b390-77cc803403ef","metadata":{"contentType":"Curious Reader Audio","license":"U","title":"Untitled Curious Reader Audio"}},"backgroundOpacity":0,"willDoAnimation":false,"animationType":"glow","displayAsButton":false,"buttonSize":"big","goToSlideType":"specified","invisible":false}]},{"slideBackgroundSelector":{},"elements":[{"x":5.921052631578947,"y":3.248947341061496,"width":94.13898026315789,"height":87.71832926131934,"action":{"library":"H5P.Image 1.1","params":{"contentName":"Image","file":{"path":"images\/file-66f27128c5da7.gif","mime":"image\/gif","copyright":{"license":"U"},"width":1310,"height":736}},"subContentId":"0e496803-b15f-4430-bbfa-e595a008b198","metadata":{"contentType":"Image","license":"U","title":"Untitled Image"}},"backgroundOpacity":0,"willDoAnimation":false,"animationType":"glow","displayAsButton":false,"buttonSize":"big","goToSlideType":"specified","invisible":false},{"x":29.605263157894736,"y":81.22368352653741,"width":54.27467105263158,"height":12.992410459011282,"action":{"library":"H5P.CRAdvancedText 1.1","params":{"text":"<p><span style=\"font-size:1.5em;color:hsl(0, 0%, 100%);\"><strong>Haa ......waxaan ahay shimbir.<\/strong><\/span><\/p>"},"subContentId":"16f7834e-0d43-4685-bfe6-24856ddcaae8","metadata":{"contentType":"Text","license":"U","title":"Untitled Text"}},"alwaysDisplayComments":false,"backgroundOpacity":0,"willDoAnimation":false,"animationType":"glow","displayAsButton":false,"buttonSize":"big","goToSlideType":"specified","invisible":false,"solution":""},{"x":47.00006578947369,"y":44.0012898320944,"width":40,"height":40,"action":{"library":"H5P.CRAudio 1.4","params":{"fitToWrapper":true,"currIndex":11,"playerMode":"minimalistic","controls":true,"autoplay":true,"playAudio":"Play audio","pauseAudio":"Pause audio","contentName":"Audio","glowColor":"#ffd85a","timeStampForEachText":[{"text":" Haa ","startDuration":"0.0000","endDuration":"0.9147","wordfile":[{"path":"audios\/wordfile-67064aad7ca37.wav","mime":"audio\/x-wav","copyright":{"license":"U"}}]},{"text":" ......waxaan ","startDuration":"0.9157","endDuration":"1.2790","wordfile":[{"path":"audios\/wordfile-67064ac77d61f.wav","mime":"audio\/x-wav","copyright":{"license":"U"}}]},{"text":" ahay ","startDuration":"1.2800","endDuration":"1.5671","wordfile":[{"path":"audios\/wordfile-67064ad28a8d8.wav","mime":"audio\/x-wav","copyright":{"license":"U"}}]},{"text":" shimbir. ","startDuration":"1.5681","endDuration":"2.0580","wordfile":[{"path":"audios\/wordfile-67064af31df39.wav","mime":"audio\/x-wav","copyright":{"license":"U"}}]}],"files":[{"path":"audios\/files-670557fdd614e.wav","mime":"audio\/x-wav","copyright":{"license":"U"}}]},"subContentId":"37cf3a29-786c-40a5-8e35-e8eeb5260ea8","metadata":{"contentType":"Curious Reader Audio","license":"U","title":"Untitled Curious Reader Audio"}},"backgroundOpacity":0,"willDoAnimation":false,"animationType":"glow","displayAsButton":false,"buttonSize":"big","goToSlideType":"specified","invisible":false},{"x":31.25,"y":12.995789364245985,"width":40,"height":40,"action":{"library":"H5P.Image 1.1","params":{"contentName":"Image"},"subContentId":"dd7d841f-e5c3-4965-aff2-49d72f79cddf","metadata":{"contentType":"Image","license":"U","title":"Untitled Image"}},"backgroundOpacity":0,"willDoAnimation":true,"animationType":"glow","displayAsButton":false,"buttonSize":"big","goToSlideType":"specified","invisible":false,"id":"img37cf3a29-786c-40a5-8e35-e8eeb5260ea8_3"}]},{"slideBackgroundSelector":{},"elements":[{"x":3.289473684210526,"y":6.497894682122992,"width":94.13898026315789,"height":87.71832926131934,"action":{"library":"H5P.Image 1.1","params":{"contentName":"Image","file":{"path":"images\/file-66f3dfe3283b6.jpg","mime":"image\/jpeg","copyright":{"license":"U"},"width":1310,"height":736}},"subContentId":"0e496803-b15f-4430-bbfa-e595a008b198","metadata":{"contentType":"Image","license":"U","title":"Untitled Image"}},"backgroundOpacity":0,"willDoAnimation":false,"animationType":"glow","displayAsButton":false,"buttonSize":"big","goToSlideType":"specified","invisible":false},{"x":9.868421052631579,"y":74.72578884441441,"width":80.98273026315789,"height":19.490305141134275,"action":{"library":"H5P.CRAdvancedText 1.1","params":{"text":"<p><span style=\"font-size:1.5em;color:hsl(0, 0%, 100%);\"><strong>Bal qiyaas waxaan anigu ahay! Waxaan jeclahay in aan caano cabo. Waxaan kunoolahay guriga.<\/strong><\/span><\/p>"},"subContentId":"f42f7b00-7784-4a66-a698-8e2fa7ca6093","metadata":{"contentType":"Text","license":"U","title":"Untitled Text"}},"alwaysDisplayComments":false,"backgroundOpacity":0,"willDoAnimation":false,"animationType":"glow","displayAsButton":false,"buttonSize":"big","goToSlideType":"specified","invisible":false,"solution":""},{"x":47.00006578947369,"y":44.0012898320944,"width":40,"height":40,"action":{"library":"H5P.CRAudio 1.4","params":{"fitToWrapper":true,"currIndex":12,"playerMode":"minimalistic","controls":true,"autoplay":true,"playAudio":"Play audio","pauseAudio":"Pause audio","contentName":"Audio","glowColor":"#ffd85a","timeStampForEachText":[{"text":" Bal ","startDuration":"0.0000","endDuration":"0.2357","wordfile":[{"path":"audios\/wordfile-67064b4b88067.wav","mime":"audio\/x-wav","copyright":{"license":"U"}}]},{"text":" qiyaas ","startDuration":"0.2367","endDuration":"0.6041","wordfile":[{"path":"audios\/wordfile-67064b69da67d.wav","mime":"audio\/x-wav","copyright":{"license":"U"}}]},{"text":" waxaan ","startDuration":"0.6051","endDuration":"0.9836","wordfile":[{"path":"audios\/wordfile-67064b848bd6b.wav","mime":"audio\/x-wav","copyright":{"license":"U"}}]},{"text":" anigu ","startDuration":"1.0181","endDuration":"1.3073","wordfile":[{"path":"audios\/wordfile-67064c103afe3.wav","mime":"audio\/x-wav","copyright":{"license":"U"}}]},{"text":" ahay! ","startDuration":"1.3083","endDuration":"1.8876","wordfile":[{"path":"audios\/wordfile-67064c1c36e5d.wav","mime":"audio\/x-wav","copyright":{"license":"U"}}]},{"text":" Waxaan ","startDuration":"1.8886","endDuration":"2.2783","wordfile":[{"path":"audios\/wordfile-67064c3d7ac69.wav","mime":"audio\/x-wav","copyright":{"license":"U"}}]},{"text":" jeclahay ","startDuration":"2.2793","endDuration":"3.0260","wordfile":[{"path":"audios\/wordfile-67064c4ee06c7.wav","mime":"audio\/x-wav","copyright":{"license":"U"}}]},{"text":" in ","startDuration":"3.0270","endDuration":"3.2270","wordfile":[{"path":"audios\/wordfile-67064c6ac7d3c.wav","mime":"audio\/x-wav","copyright":{"license":"U"}}]},{"text":" aan ","startDuration":"3.2280","endDuration":"3.4949","wordfile":[{"path":"audios\/wordfile-67064c7c7c3f9.wav","mime":"audio\/x-wav","copyright":{"license":"U"}}]},{"text":" caano ","startDuration":"3.4959","endDuration":"3.8856","wordfile":[{"path":"audios\/wordfile-67064c989cc1f.wav","mime":"audio\/x-wav","copyright":{"license":"U"}}]},{"text":"","startDuration":"3.8866","endDuration":"4.3544","wordfile":[{"path":"audios\/wordfile-67064cc45f597.wav","mime":"audio\/x-wav","copyright":{"license":"U"}}]},{"text":" Waxaan ","startDuration":"4.3219","endDuration":"4.8566","wordfile":[{"path":"audios\/wordfile-67064cdfcf7d0.wav","mime":"audio\/x-wav","copyright":{"license":"U"}}]},{"text":" kunoolahay ","startDuration":"4.8566","endDuration":"5.7706","wordfile":[{"path":"audios\/wordfile-67064d0ee635b.wav","mime":"audio\/x-wav","copyright":{"license":"U"}}]},{"text":" guriga. ","startDuration":"5.7716","endDuration":"6.3259","wordfile":[{"path":"audios\/wordfile-67064d1d4b5b6.wav","mime":"audio\/x-wav","copyright":{"license":"U"}}]}],"files":[{"path":"audios\/files-670557dd4eed7.wav","mime":"audio\/x-wav","copyright":{"license":"U"}}]},"subContentId":"eac1b864-baf7-42e9-9a6d-41ab382f40f7","metadata":{"contentType":"Curious Reader Audio","license":"U","title":"Untitled Curious Reader Audio"}},"backgroundOpacity":0,"willDoAnimation":false,"animationType":"glow","displayAsButton":false,"buttonSize":"big","goToSlideType":"specified","invisible":false}]},{"slideBackgroundSelector":{},"elements":[{"x":3.289473684210526,"y":6.497894682122992,"width":94.13898026315789,"height":87.71832926131934,"action":{"library":"H5P.Image 1.1","params":{"contentName":"Image","file":{"path":"images\/file-66f2715a0dac0.gif","mime":"image\/gif","copyright":{"license":"U"},"width":1310,"height":736}},"subContentId":"0e496803-b15f-4430-bbfa-e595a008b198","metadata":{"contentType":"Image","license":"U","title":"Untitled Image"}},"backgroundOpacity":0,"willDoAnimation":false,"animationType":"glow","displayAsButton":false,"buttonSize":"big","goToSlideType":"specified","invisible":false},{"x":26.31578947368421,"y":81.22368352653741,"width":52.629934210526315,"height":12.992410459011282,"action":{"library":"H5P.CRAdvancedText 1.1","params":{"text":"<p><span style=\"font-size:1.5em;color:hsl(0, 0%, 100%);\"><strong>Haa .......waxaan ahay bisad.<\/strong><\/span><\/p>"},"subContentId":"9c0a93e3-73aa-410b-9940-c79c6c734af6","metadata":{"contentType":"Text","license":"U","title":"Untitled Text"}},"alwaysDisplayComments":false,"backgroundOpacity":0,"willDoAnimation":false,"animationType":"glow","displayAsButton":false,"buttonSize":"big","goToSlideType":"specified","invisible":false,"solution":""},{"x":47.00006578947369,"y":44.0012898320944,"width":40,"height":40,"action":{"library":"H5P.CRAudio 1.4","params":{"fitToWrapper":true,"currIndex":13,"playerMode":"minimalistic","controls":true,"autoplay":true,"playAudio":"Play audio","pauseAudio":"Pause audio","contentName":"Audio","glowColor":"#ffd85a","timeStampForEachText":[{"text":" Haa ","startDuration":"0.0000","endDuration":"0.7160","wordfile":[{"path":"audios\/wordfile-67064d60c6c78.wav","mime":"audio\/x-wav","copyright":{"license":"U"}}]},{"text":" .......waxaan ","startDuration":"0.7170","endDuration":"1.4372","wordfile":[{"path":"audios\/wordfile-67064d6f79c2a.wav","mime":"audio\/x-wav","copyright":{"license":"U"}}]},{"text":" ahay ","startDuration":"1.4382","endDuration":"1.6382","wordfile":[{"path":"audios\/wordfile-67064d8dc739c.wav","mime":"audio\/x-wav","copyright":{"license":"U"}}]},{"text":" bisad. ","startDuration":"1.6392","endDuration":"2.0625","wordfile":[{"path":"audios\/wordfile-67064da445fb8.wav","mime":"audio\/x-wav","copyright":{"license":"U"}}]}],"files":[{"path":"audios\/files-670557c14ec30.wav","mime":"audio\/x-wav","copyright":{"license":"U"}}]},"subContentId":"b4e2d550-eee4-4952-a2bd-68d9a26843e3","metadata":{"contentType":"Curious Reader Audio","license":"U","title":"Untitled Curious Reader Audio"}},"backgroundOpacity":0,"willDoAnimation":false,"animationType":"glow","displayAsButton":false,"buttonSize":"big","goToSlideType":"specified","invisible":false},{"x":27.960526315789473,"y":6.497894682122992,"width":40,"height":40,"action":{"library":"H5P.Image 1.1","params":{"contentName":"Image"},"subContentId":"e8e62474-9b12-4fbb-b93b-da57ede1f4d7","metadata":{"contentType":"Image","license":"U","title":"Untitled Image"}},"backgroundOpacity":0,"willDoAnimation":true,"animationType":"glow","displayAsButton":false,"buttonSize":"big","goToSlideType":"specified","invisible":false,"id":"imgb4e2d550-eee4-4952-a2bd-68d9a26843e3_3"}]},{"slideBackgroundSelector":{},"elements":[{"x":3.289473684210526,"y":6.497894682122992,"width":94.13898026315789,"height":87.71832926131934,"action":{"library":"H5P.Image 1.1","params":{"contentName":"Image","file":{"path":"images\/file-66f3dff3586c9.jpg","mime":"image\/jpeg","copyright":{"license":"U"},"width":1920,"height":1080}},"subContentId":"0e496803-b15f-4430-bbfa-e595a008b198","metadata":{"contentType":"Image","license":"U","title":"Untitled Image"}},"backgroundOpacity":0,"willDoAnimation":false,"animationType":"glow","displayAsButton":false,"buttonSize":"big","goToSlideType":"specified","invisible":false},{"x":8.223684210526315,"y":74.72578884441441,"width":87.16940789473685,"height":19.48692623589957,"action":{"library":"H5P.CRAdvancedText 1.1","params":{"text":"<p><span style=\"font-size:1.5em;color:hsl(0, 0%, 100%);\"><strong>Bal qiyaas waxaan anigu ahay! Waxaan jeclahay in aan dulo malabkana sameyo. Waxaan kunoolahay gaagur.<\/strong><\/span><\/p>"},"subContentId":"14a2cecc-c0b8-41f9-a2fc-0b8357e7898b","metadata":{"contentType":"Text","license":"U","title":"Untitled Text"}},"alwaysDisplayComments":false,"backgroundOpacity":0,"willDoAnimation":false,"animationType":"glow","displayAsButton":false,"buttonSize":"big","goToSlideType":"specified","invisible":false,"solution":""},{"x":47.00006578947369,"y":44.0012898320944,"width":40,"height":40,"action":{"library":"H5P.CRAudio 1.4","params":{"fitToWrapper":true,"currIndex":14,"playerMode":"minimalistic","controls":true,"autoplay":true,"playAudio":"Play audio","pauseAudio":"Pause audio","contentName":"Audio","glowColor":"#ffd85a","timeStampForEachText":[{"text":" Bal ","startDuration":"0.0000","endDuration":"0.2714","wordfile":[{"path":"audios\/wordfile-67064e2f33a60.wav","mime":"audio\/x-wav","copyright":{"license":"U"}}]},{"text":" qiyaas ","startDuration":"0.2190","endDuration":"0.6006","wordfile":[{"path":"audios\/wordfile-67064e4496dfa.wav","mime":"audio\/x-wav","copyright":{"license":"U"}}]},{"text":" waxaan ","startDuration":"0.6435","endDuration":"0.9832","wordfile":[{"path":"audios\/wordfile-67064e74dbd1e.wav","mime":"audio\/x-wav","copyright":{"license":"U"}}]},{"text":" anigu ","startDuration":"0.9842","endDuration":"1.3239","wordfile":[{"path":"audios\/wordfile-67064eab80c98.wav","mime":"audio\/x-wav","copyright":{"license":"U"}}]},{"text":" ahay! ","startDuration":"1.3249","endDuration":"1.8462","wordfile":[{"path":"audios\/wordfile-67064eb98d076.wav","mime":"audio\/x-wav","copyright":{"license":"U"}}]},{"text":" Waxaan ","startDuration":"1.8472","endDuration":"2.2427","wordfile":[{"path":"audios\/wordfile-67064ed96cbd5.wav","mime":"audio\/x-wav","copyright":{"license":"U"}}]},{"text":" jeclahay ","startDuration":"2.2437","endDuration":"3.1141","wordfile":[{"path":"audios\/wordfile-67064f032cdd1.wav","mime":"audio\/x-wav","copyright":{"license":"U"}}]},{"text":" in ","startDuration":"3.1151","endDuration":"3.3151","wordfile":[{"path":"audios\/wordfile-67064f2c81aad.wav","mime":"audio\/x-wav","copyright":{"license":"U"}}]},{"text":" aan ","startDuration":"3.3161","endDuration":"3.5859","wordfile":[{"path":"audios\/wordfile-67064f39071b7.wav","mime":"audio\/x-wav","copyright":{"license":"U"}}]},{"text":" dulo ","startDuration":"3.5869","endDuration":"4.1501","wordfile":[{"path":"audios\/wordfile-67064f536f1b8.wav","mime":"audio\/x-wav","copyright":{"license":"U"}}]},{"text":" malabkana ","startDuration":"4.1511","endDuration":"4.8260","wordfile":[{"path":"audios\/wordfile-67064f6d20d5f.wav","mime":"audio\/x-wav","copyright":{"license":"U"}}]},{"text":" sameyo. ","startDuration":"4.8270","endDuration":"5.5997","wordfile":[{"path":"audios\/wordfile-67064f956d721.wav","mime":"audio\/x-wav","copyright":{"license":"U"}}]},{"text":" Waxaan ","startDuration":"5.6007","endDuration":"6.0381","wordfile":[{"path":"audios\/wordfile-67064fa9162cd.wav","mime":"audio\/x-wav","copyright":{"license":"U"}}]},{"text":" kunoolahay ","startDuration":"6.0391","endDuration":"6.9095","wordfile":[{"path":"audios\/wordfile-67064fc3da1cf.wav","mime":"audio\/x-wav","copyright":{"license":"U"}}]},{"text":" gaagur. ","startDuration":"6.9095","endDuration":"7.9196","wordfile":[{"path":"audios\/wordfile-6706501cbfb4f.wav","mime":"audio\/x-wav","copyright":{"license":"U"}}]}],"files":[{"path":"audios\/files-670557afeaac1.wav","mime":"audio\/x-wav","copyright":{"license":"U"}}]},"subContentId":"e3e426fd-ea6e-40cc-967e-60eadf370f8b","metadata":{"contentType":"Curious Reader Audio","license":"U","title":"Untitled Curious Reader Audio"}},"backgroundOpacity":0,"willDoAnimation":false,"animationType":"glow","displayAsButton":false,"buttonSize":"big","goToSlideType":"specified","invisible":false}]},{"slideBackgroundSelector":{},"elements":[{"x":3.289473684210526,"y":6.497894682122992,"width":94.13898026315789,"height":87.71832926131934,"action":{"library":"H5P.Image 1.1","params":{"contentName":"Image","file":{"path":"images\/file-66f271ab030fd.gif","mime":"image\/gif","copyright":{"license":"U"},"width":1310,"height":736}},"subContentId":"0e496803-b15f-4430-bbfa-e595a008b198","metadata":{"contentType":"Image","license":"U","title":"Untitled Image"}},"backgroundOpacity":0,"willDoAnimation":false,"animationType":"glow","displayAsButton":false,"buttonSize":"big","goToSlideType":"specified","invisible":false},{"x":29.605263157894733,"y":84.46580807818268,"width":49.34046052631579,"height":9.743463117949785,"action":{"library":"H5P.CRAdvancedText 1.1","params":{"text":"<p><span style=\"font-size:1.5em;color:hsl(0, 0%, 100%);\"><strong>Haa .....waxaan ahay shinni.<\/strong><\/span><\/p>"},"subContentId":"e5d8b856-3a01-4649-826e-8e77b8a84308","metadata":{"contentType":"Text","license":"U","title":"Untitled Text"}},"alwaysDisplayComments":false,"backgroundOpacity":0,"willDoAnimation":false,"animationType":"glow","displayAsButton":false,"buttonSize":"big","goToSlideType":"specified","invisible":false,"solution":""},{"x":47.00006578947369,"y":44.0012898320944,"width":40,"height":40,"action":{"library":"H5P.CRAudio 1.4","params":{"fitToWrapper":true,"currIndex":15,"playerMode":"minimalistic","controls":true,"autoplay":true,"playAudio":"Play audio","pauseAudio":"Pause audio","contentName":"Audio","glowColor":"#ffd85a","timeStampForEachText":[{"text":" Haa ","startDuration":"0.0000","endDuration":"0.8093","wordfile":[{"path":"audios\/wordfile-67063855247d0.wav","mime":"audio\/x-wav","copyright":{"license":"U"}}]},{"text":" .....waxaan ","startDuration":"0.8093","endDuration":"1.2821","wordfile":[{"path":"audios\/wordfile-67063876ae8f0.wav","mime":"audio\/x-wav","copyright":{"license":"U"}}]},{"text":" ahay ","startDuration":"1.2831","endDuration":"1.5522","wordfile":[{"path":"audios\/wordfile-67063896582f7.wav","mime":"audio\/x-wav","copyright":{"license":"U"}}]},{"text":" shinni. ","startDuration":"1.5532","endDuration":"2.0625","wordfile":[{"path":"audios\/wordfile-670638b83e896.wav","mime":"audio\/x-wav","copyright":{"license":"U"}}]}],"files":[{"path":"audios\/files-670557837fe7e.wav","mime":"audio\/x-wav","copyright":{"license":"U"}}]},"subContentId":"cdeb8ed9-6e48-477f-be4a-58458c9f5e6a","metadata":{"contentType":"Curious Reader Audio","license":"U","title":"Untitled Curious Reader Audio"}},"backgroundOpacity":0,"willDoAnimation":false,"animationType":"glow","displayAsButton":false,"buttonSize":"big","goToSlideType":"specified","invisible":false},{"x":29.605263157894736,"y":19.493684046368976,"width":40,"height":40,"action":{"library":"H5P.Image 1.1","params":{"contentName":"Image"},"subContentId":"81d89ac6-6f1d-4b11-ac5d-f70a12f71fc0","metadata":{"contentType":"Image","license":"U","title":"Untitled Image"}},"backgroundOpacity":0,"willDoAnimation":true,"animationType":"glow","displayAsButton":false,"buttonSize":"big","goToSlideType":"specified","invisible":false,"id":"imgcdeb8ed9-6e48-477f-be4a-58458c9f5e6a_3"}]},{"slideBackgroundSelector":{},"elements":[{"x":3.289473684210526,"y":6.497894682122992,"width":94.13898026315789,"height":87.71832926131934,"action":{"library":"H5P.Image 1.1","params":{"contentName":"Image","file":{"path":"images\/file-66f3e00922ecd.jpg","mime":"image\/jpeg","copyright":{"license":"U"},"width":1310,"height":736}},"subContentId":"0e496803-b15f-4430-bbfa-e595a008b198","metadata":{"contentType":"Image","license":"U","title":"Untitled Image"}},"backgroundOpacity":0,"willDoAnimation":false,"animationType":"glow","displayAsButton":false,"buttonSize":"big","goToSlideType":"specified","invisible":false},{"x":11.513157894736842,"y":74.72578884441441,"width":82.62746710526315,"height":19.490305141134275,"action":{"library":"H5P.CRAdvancedText 1.1","params":{"text":"<p><span style=\"font-size:1.5em;color:hsl(0, 0%, 100%);\"><strong>Bal qiyaas waxaan anigu ahay! Waxaan jeclahay in aan ukun dhalo. Waxaan kunoolahay gudaha daarada.<\/strong><\/span><\/p>"},"subContentId":"8a932560-b8e6-4431-a701-7d235e3d4d69","metadata":{"contentType":"Text","license":"U","title":"Untitled Text"}},"alwaysDisplayComments":false,"backgroundOpacity":0,"willDoAnimation":false,"animationType":"glow","displayAsButton":false,"buttonSize":"big","goToSlideType":"specified","invisible":false,"solution":""},{"x":47.00006578947369,"y":44.0012898320944,"width":40,"height":40,"action":{"library":"H5P.CRAudio 1.4","params":{"fitToWrapper":true,"currIndex":16,"playerMode":"minimalistic","controls":true,"autoplay":true,"playAudio":"Play audio","pauseAudio":"Pause audio","contentName":"Audio","glowColor":"#ffd85a","timeStampForEachText":[{"text":" Bal ","startDuration":"0.0000","endDuration":"0.3293","wordfile":[{"path":"audios\/wordfile-670633d2db47a.wav","mime":"audio\/x-wav","copyright":{"license":"U"}}]},{"text":" qiyaas ","startDuration":"0.3303","endDuration":"0.7682","wordfile":[{"path":"audios\/wordfile-6706340ee1ce9.wav","mime":"audio\/x-wav","copyright":{"license":"U"}}]},{"text":" waxaan ","startDuration":"0.7692","endDuration":"1.0287","wordfile":[{"path":"audios\/wordfile-6706344adf131.wav","mime":"audio\/x-wav","copyright":{"license":"U"}}]},{"text":" anigu ","startDuration":"1.0297","endDuration":"1.3725","wordfile":[{"path":"audios\/wordfile-67063470af9a6.wav","mime":"audio\/x-wav","copyright":{"license":"U"}}]},{"text":" ahay! ","startDuration":"1.3735","endDuration":"1.9304","wordfile":[{"path":"audios\/wordfile-6706348aca07e.wav","mime":"audio\/x-wav","copyright":{"license":"U"}}]},{"text":" Waxaan ","startDuration":"1.9314","endDuration":"2.4169","wordfile":[{"path":"audios\/wordfile-670634ae7c6f5.wav","mime":"audio\/x-wav","copyright":{"license":"U"}}]},{"text":" jeclahay ","startDuration":"2.4179","endDuration":"3.2246","wordfile":[{"path":"audios\/wordfile-670634d984ff5.wav","mime":"audio\/x-wav","copyright":{"license":"U"}}]},{"text":" in ","startDuration":"3.2256","endDuration":"3.4256","wordfile":[{"path":"audios\/wordfile-670634ec5ecc0.wav","mime":"audio\/x-wav","copyright":{"license":"U"}}]},{"text":" aan ","startDuration":"3.4266","endDuration":"3.7456","wordfile":[{"path":"audios\/wordfile-67063509b3075.wav","mime":"audio\/x-wav","copyright":{"license":"U"}}]},{"text":" ukun ","startDuration":"3.4266","endDuration":"3.7099","wordfile":[{"path":"audios\/wordfile-670635d6286d7.wav","mime":"audio\/x-wav","copyright":{"license":"U"}}]},{"text":" dhalo. ","startDuration":"3.7109","endDuration":"4.3035","wordfile":[{"path":"audios\/wordfile-6706368e1d555.wav","mime":"audio\/x-wav","copyright":{"license":"U"}}]},{"text":" Waxaan ","startDuration":"4.3045","endDuration":"4.7900","wordfile":[{"path":"audios\/wordfile-670636c4ba624.wav","mime":"audio\/x-wav","copyright":{"license":"U"}}]},{"text":" kunoolahay ","startDuration":"4.7910","endDuration":"5.5739","wordfile":[{"path":"audios\/wordfile-67063769593d1.wav","mime":"audio\/x-wav","copyright":{"license":"U"}}]},{"text":" gudaha ","startDuration":"5.5749","endDuration":"6.0961","wordfile":[{"path":"audios\/wordfile-6706377e75ca4.wav","mime":"audio\/x-wav","copyright":{"license":"U"}}]},{"text":" daarada. ","startDuration":"6.0961","endDuration":"6.7455","wordfile":[{"path":"audios\/wordfile-670637b66ddfd.wav","mime":"audio\/x-wav","copyright":{"license":"U"}}]}],"files":[{"path":"audios\/files-67055760ebe86.wav","mime":"audio\/x-wav","copyright":{"license":"U"}}]},"subContentId":"9a414fc6-165f-4d15-9a86-393f9155a8b8","metadata":{"contentType":"Curious Reader Audio","license":"U","title":"Untitled Curious Reader Audio"}},"backgroundOpacity":0,"willDoAnimation":false,"animationType":"glow","displayAsButton":false,"buttonSize":"big","goToSlideType":"specified","invisible":false}]},{"slideBackgroundSelector":{},"elements":[{"x":3.289473684210526,"y":6.497894682122992,"width":94.13898026315789,"height":87.71832926131934,"action":{"library":"H5P.Image 1.1","params":{"contentName":"Image","file":{"path":"images\/file-66f27202db390.gif","mime":"image\/gif","copyright":{"license":"U"},"width":1310,"height":736}},"subContentId":"0e496803-b15f-4430-bbfa-e595a008b198","metadata":{"contentType":"Image","license":"U","title":"Untitled Image"}},"backgroundOpacity":0,"willDoAnimation":false,"animationType":"glow","displayAsButton":false,"buttonSize":"big","goToSlideType":"specified","invisible":false},{"x":27.960526315789473,"y":84.47263086759891,"width":52.629934210526315,"height":12.989031553776577,"action":{"library":"H5P.CRAdvancedText 1.1","params":{"text":"<p><span style=\"font-size:1.5em;color:hsl(0, 0%, 100%);\"><strong>Haa .....waxaan ahay digaag.<\/strong><\/span><\/p>"},"subContentId":"af6aaf5b-6013-4d4e-8ab5-e468cf4f5463","metadata":{"contentType":"Text","license":"U","title":"Untitled Text"}},"alwaysDisplayComments":false,"backgroundOpacity":0,"willDoAnimation":false,"animationType":"glow","displayAsButton":false,"buttonSize":"big","goToSlideType":"specified","invisible":false,"solution":""},{"x":47.00006578947369,"y":44.0012898320944,"width":40,"height":40,"action":{"library":"H5P.CRAudio 1.4","params":{"fitToWrapper":true,"currIndex":17,"playerMode":"minimalistic","controls":true,"autoplay":true,"playAudio":"Play audio","pauseAudio":"Pause audio","contentName":"Audio","glowColor":"#ffd85a","timeStampForEachText":[{"text":" Haa ","startDuration":"0.0000","endDuration":"0.8370","wordfile":[{"path":"audios\/wordfile-670632a2de65d.wav","mime":"audio\/x-wav","copyright":{"license":"U"}}]},{"text":" .....waxaan ","startDuration":"0.8380","endDuration":"1.3603","wordfile":[{"path":"audios\/wordfile-670632ffa8988.wav","mime":"audio\/x-wav","copyright":{"license":"U"}}]},{"text":" ahay ","startDuration":"1.3613","endDuration":"1.6587","wordfile":[{"path":"audios\/wordfile-6706334aca601.wav","mime":"audio\/x-wav","copyright":{"license":"U"}}]},{"text":" digaag. ","startDuration":"1.6597","endDuration":"2.1250","wordfile":[{"path":"audios\/wordfile-67063372390bc.wav","mime":"audio\/x-wav","copyright":{"license":"U"}}]}],"files":[{"path":"audios\/files-6705574a01c31.wav","mime":"audio\/x-wav","copyright":{"license":"U"}}]},"subContentId":"b655a24b-fe1a-4017-bf7a-7fb37eea6b7a","metadata":{"contentType":"Curious Reader Audio","license":"U","title":"Untitled Curious Reader Audio"}},"backgroundOpacity":0,"willDoAnimation":false,"animationType":"glow","displayAsButton":false,"buttonSize":"big","goToSlideType":"specified","invisible":false},{"x":27.960526315789473,"y":12.995789364245985,"width":40,"height":40,"action":{"library":"H5P.Image 1.1","params":{"contentName":"Image"},"subContentId":"8589e7cc-a1d4-4cec-bfd4-b8466bb90f1d","metadata":{"contentType":"Image","license":"U","title":"Untitled Image"}},"backgroundOpacity":0,"willDoAnimation":true,"animationType":"glow","displayAsButton":false,"buttonSize":"big","goToSlideType":"specified","invisible":false,"id":"imgb655a24b-fe1a-4017-bf7a-7fb37eea6b7a_3"}]},{"slideBackgroundSelector":{},"elements":[{"x":5.921052631578947,"y":6.497894682122992,"width":94.13898026315789,"height":87.71832926131934,"action":{"library":"H5P.Image 1.1","params":{"contentName":"Image","file":{"path":"images\/file-66f3e0185f129.jpg","mime":"image\/jpeg","copyright":{"license":"U"},"width":1310,"height":736}},"subContentId":"0e496803-b15f-4430-bbfa-e595a008b198","metadata":{"contentType":"Image","license":"U","title":"Untitled Image"}},"backgroundOpacity":0,"willDoAnimation":false,"animationType":"glow","displayAsButton":false,"buttonSize":"big","goToSlideType":"specified","invisible":false},{"x":14.802631578947368,"y":74.72578884441441,"width":80.98273026315789,"height":19.490305141134275,"action":{"library":"H5P.CRAdvancedText 1.1","params":{"text":"<p><span style=\"font-size:1.5em;color:hsl(0, 0%, 100%);\"><strong>Bal qiyaas waxaan anigu ahay! Waxaan jeclahay in aan bood boodo. Waxaan kunoolahay goodka.<\/strong><\/span><\/p>"},"subContentId":"892aa8fc-d095-4585-8774-fc68103e6aac","metadata":{"contentType":"Text","license":"U","title":"Untitled Text"}},"alwaysDisplayComments":false,"backgroundOpacity":0,"willDoAnimation":false,"animationType":"glow","displayAsButton":false,"buttonSize":"big","goToSlideType":"specified","invisible":false,"solution":""},{"x":92.10526315789474,"y":6.497894682122992,"width":40,"height":40,"action":{"library":"H5P.CRAudio 1.4","params":{"fitToWrapper":true,"currIndex":18,"playerMode":"minimalistic","controls":true,"autoplay":true,"playAudio":"Play audio","pauseAudio":"Pause audio","contentName":"Audio","glowColor":"#ffd85a","timeStampForEachText":[{"text":" Bal ","startDuration":"0.0000","endDuration":"0.2498","wordfile":[{"path":"audios\/wordfile-67055a82999a5.wav","mime":"audio\/x-wav","copyright":{"license":"U"}}]},{"text":" qiyaas ","startDuration":"0.2498","endDuration":"0.6577","wordfile":[{"path":"audios\/wordfile-6706306c0edc7.wav","mime":"audio\/x-wav","copyright":{"license":"U"}}]},{"text":" waxaan ","startDuration":"0.6577","endDuration":"0.9124","wordfile":[{"path":"audios\/wordfile-6706309431b13.wav","mime":"audio\/x-wav","copyright":{"license":"U"}}]},{"text":" anigu ","startDuration":"0.9134","endDuration":"1.2447","wordfile":[{"path":"audios\/wordfile-670630c0de367.wav","mime":"audio\/x-wav","copyright":{"license":"U"}}]},{"text":" ahay! ","startDuration":"1.2457","endDuration":"1.7084","wordfile":[{"path":"audios\/wordfile-670630e8b3015.wav","mime":"audio\/x-wav","copyright":{"license":"U"}}]},{"text":" Waxaan ","startDuration":"1.7094","endDuration":"2.1830","wordfile":[{"path":"audios\/wordfile-6706312bd451c.wav","mime":"audio\/x-wav","copyright":{"license":"U"}}]},{"text":" jeclahay ","startDuration":"2.1840","endDuration":"3.0078","wordfile":[{"path":"audios\/wordfile-6706314d4aa54.wav","mime":"audio\/x-wav","copyright":{"license":"U"}}]},{"text":" in ","startDuration":"3.0078","endDuration":"3.2078","wordfile":[{"path":"audios\/wordfile-670631715c9be.wav","mime":"audio\/x-wav","copyright":{"license":"U"}}]},{"text":" aan ","startDuration":"3.2088","endDuration":"3.4416","wordfile":[{"path":"audios\/wordfile-670631a352310.wav","mime":"audio\/x-wav","copyright":{"license":"U"}}]},{"text":" bood ","startDuration":"3.4426","endDuration":"3.7192","wordfile":[{"path":"audios\/wordfile-670631c93fde3.wav","mime":"audio\/x-wav","copyright":{"license":"U"}}]},{"text":" boodo. ","startDuration":"3.7202","endDuration":"4.2266","wordfile":[{"path":"audios\/wordfile-670631e458a83.wav","mime":"audio\/x-wav","copyright":{"license":"U"}}]},{"text":" Waxaan ","startDuration":"4.2276","endDuration":"4.6465","wordfile":[{"path":"audios\/wordfile-670632068d81c.wav","mime":"audio\/x-wav","copyright":{"license":"U"}}]},{"text":" kunoolahay ","startDuration":"4.6475","endDuration":"5.4713","wordfile":[{"path":"audios\/wordfile-6706324892717.wav","mime":"audio\/x-wav","copyright":{"license":"U"}}]},{"text":" goodka. ","startDuration":"5.4723","endDuration":"6.2053","wordfile":[{"path":"audios\/wordfile-6706328353d01.wav","mime":"audio\/x-wav","copyright":{"license":"U"}}]}],"files":[{"path":"audios\/files-67055703ea4a4.wav","mime":"audio\/x-wav","copyright":{"license":"U"}}]},"subContentId":"bcd4aab5-52e8-4b1b-8c2f-814cf207f520","metadata":{"contentType":"Curious Reader Audio","license":"U","title":"Untitled Curious Reader Audio"}},"backgroundOpacity":0,"willDoAnimation":false,"animationType":"glow","displayAsButton":false,"buttonSize":"big","goToSlideType":"specified","invisible":false}]},{"slideBackgroundSelector":{},"elements":[{"x":3.289473684210526,"y":6.497894682122992,"width":94.13898026315789,"height":87.71832926131934,"action":{"library":"H5P.Image 1.1","params":{"contentName":"Image","file":{"path":"images\/file-66f27249501dc.gif","mime":"image\/gif","copyright":{"license":"U"},"width":1310,"height":736}},"subContentId":"0e496803-b15f-4430-bbfa-e595a008b198","metadata":{"contentType":"Image","license":"U","title":"Untitled Image"}},"backgroundOpacity":0,"willDoAnimation":false,"animationType":"glow","displayAsButton":false,"buttonSize":"big","goToSlideType":"specified","invisible":false},{"x":29.605263157894736,"y":84.47263086759891,"width":50.985197368421055,"height":9.743463117949785,"action":{"library":"H5P.CRAdvancedText 1.1","params":{"text":"<p><span style=\"font-size:1.5em;color:hsl(0, 0%, 100%);\"><strong>Haa ....waxaan ahay bakeyle.<\/strong><\/span><\/p>"},"subContentId":"346b5e8a-14d3-46e9-96bc-0352bb9d270c","metadata":{"contentType":"Text","license":"U","title":"Untitled Text"}},"alwaysDisplayComments":false,"backgroundOpacity":0,"willDoAnimation":false,"animationType":"glow","displayAsButton":false,"buttonSize":"big","goToSlideType":"specified","invisible":false,"solution":""},{"x":47.00006578947369,"y":44.0012898320944,"width":40,"height":40,"action":{"library":"H5P.CRAudio 1.4","params":{"fitToWrapper":true,"currIndex":19,"playerMode":"minimalistic","controls":true,"autoplay":true,"playAudio":"Play audio","pauseAudio":"Pause audio","contentName":"Audio","glowColor":"#ffd85a","timeStampForEachText":[{"text":" Haa ","startDuration":"0.0000","endDuration":"0.8571","wordfile":[{"path":"audios\/wordfile-670555d6333dd.wav","mime":"audio\/x-wav","copyright":{"license":"U"}}]},{"text":" ....waxaan ","startDuration":"0.8571","endDuration":"1.2788","wordfile":[{"path":"audios\/wordfile-670555ff51eb4.wav","mime":"audio\/x-wav","copyright":{"license":"U"}}]},{"text":" ahay ","startDuration":"1.2798","endDuration":"1.6169","wordfile":[{"path":"audios\/wordfile-67055628bf8e1.wav","mime":"audio\/x-wav","copyright":{"license":"U"}}]},{"text":" bakeyle. ","startDuration":"1.6179","endDuration":"2.2857","wordfile":[{"path":"audios\/wordfile-6705563ec46ac.wav","mime":"audio\/x-wav","copyright":{"license":"U"}}]}],"files":[{"path":"audios\/files-670555bd51b92.wav","mime":"audio\/x-wav","copyright":{"license":"U"}}]},"subContentId":"9068f09e-0840-4c7d-a8c7-a6cf2c3414dc","metadata":{"contentType":"Curious Reader Audio","license":"U","title":"Untitled Curious Reader Audio"}},"backgroundOpacity":0,"willDoAnimation":false,"animationType":"glow","displayAsButton":false,"buttonSize":"big","goToSlideType":"specified","invisible":false},{"x":27.960526315789473,"y":9.746842023184488,"width":40,"height":40,"action":{"library":"H5P.Image 1.1","params":{"contentName":"Image"},"subContentId":"41646aac-4d10-41c0-b5dd-93e978220958","metadata":{"contentType":"Image","license":"U","title":"Untitled Image"}},"backgroundOpacity":0,"willDoAnimation":true,"animationType":"glow","displayAsButton":false,"buttonSize":"big","goToSlideType":"specified","invisible":false,"id":"img9068f09e-0840-4c7d-a8c7-a6cf2c3414dc_3"}]},{"slideBackgroundSelector":{},"elements":[{"x":3.289473684210526,"y":6.497894682122992,"width":94.13898026315789,"height":87.71832926131934,"action":{"library":"H5P.Image 1.1","params":{"contentName":"Image","file":{"path":"images\/file-66f3e02675b95.jpg","mime":"image\/jpeg","copyright":{"license":"U"},"width":1310,"height":736}},"subContentId":"0e496803-b15f-4430-bbfa-e595a008b198","metadata":{"contentType":"Image","license":"U","title":"Untitled Image"}},"backgroundOpacity":0,"willDoAnimation":false,"animationType":"glow","displayAsButton":false,"buttonSize":"big","goToSlideType":"specified","invisible":false},{"x":8.223684210526315,"y":74.72578884441441,"width":87.56167763157895,"height":19.490305141134275,"action":{"library":"H5P.CRAdvancedText 1.1","params":{"text":"<p><span style=\"font-size:1.5em;color:hsl(0,0%,100%);\"><strong>Bal qiyaas waxaan anigu ahay! Waxaan jeclahay in aan ubaxyada ursado waxaan kunoolahay Bal dibada eeg eega;<\/strong><\/span><\/p>"},"subContentId":"92f9a7b0-e8a8-4c7f-a24e-71748b8a81e8","metadata":{"contentType":"Text","license":"U","title":"Untitled Text"}},"alwaysDisplayComments":false,"backgroundOpacity":0,"willDoAnimation":false,"animationType":"glow","displayAsButton":false,"buttonSize":"big","goToSlideType":"specified","invisible":false,"solution":""},{"x":47.00006578947369,"y":44.0012898320944,"width":40,"height":40,"action":{"library":"H5P.CRAudio 1.4","params":{"fitToWrapper":true,"currIndex":20,"playerMode":"minimalistic","controls":true,"autoplay":true,"playAudio":"Play audio","pauseAudio":"Pause audio","contentName":"Audio","glowColor":"#ffd85a","timeStampForEachText":[{"text":"","startDuration":"0.0000","endDuration":"0.3370","wordfile":[{"path":"audios\/wordfile-6705536a7cfdb.wav","mime":"audio\/x-wav","copyright":{"license":"U"}}]},{"text":" qiyaas ","startDuration":"0.3380","endDuration":"0.7846","wordfile":[{"path":"audios\/wordfile-670553a460ac4.wav","mime":"audio\/x-wav","copyright":{"license":"U"}}]},{"text":" waxaan ","startDuration":"0.7856","endDuration":"1.0952","wordfile":[{"path":"audios\/wordfile-670553ba92291.wav","mime":"audio\/x-wav","copyright":{"license":"U"}}]},{"text":" anigu ","startDuration":"1.0962","endDuration":"1.3647","wordfile":[{"path":"audios\/wordfile-670553d83ba1d.wav","mime":"audio\/x-wav","copyright":{"license":"U"}}]},{"text":" ahay! ","startDuration":"1.3657","endDuration":"2.0452","wordfile":[{"path":"audios\/wordfile-670553fee98f9.wav","mime":"audio\/x-wav","copyright":{"license":"U"}}]},{"text":" Waxaan ","startDuration":"2.0462","endDuration":"2.4791","wordfile":[{"path":"audios\/wordfile-6705541b9ee29.wav","mime":"audio\/x-wav","copyright":{"license":"U"}}]},{"text":" jeclahay ","startDuration":"2.4801","endDuration":"3.3240","wordfile":[{"path":"audios\/wordfile-67055433bd1c3.wav","mime":"audio\/x-wav","copyright":{"license":"U"}}]},{"text":" in ","startDuration":"3.3250","endDuration":"3.6483","wordfile":[{"path":"audios\/wordfile-67055454eb88f.wav","mime":"audio\/x-wav","copyright":{"license":"U"}}]},{"text":" aan ","startDuration":"3.6493","endDuration":"3.8493","wordfile":[{"path":"audios\/wordfile-670554680a39a.wav","mime":"audio\/x-wav","copyright":{"license":"U"}}]},{"text":" ubaxyada ","startDuration":"3.8503","endDuration":"4.2695","wordfile":[{"path":"audios\/wordfile-6705549f8e60a.wav","mime":"audio\/x-wav","copyright":{"license":"U"}}]},{"text":" ursado ","startDuration":"4.2705","endDuration":"4.9500","wordfile":[{"path":"audios\/wordfile-670554b5ed957.wav","mime":"audio\/x-wav","copyright":{"license":"U"}}]},{"text":" waxaan ","startDuration":"4.9510","endDuration":"5.3839","wordfile":[{"path":"audios\/wordfile-670554cdc905f.wav","mime":"audio\/x-wav","copyright":{"license":"U"}}]},{"text":" kunoolahay ","startDuration":"5.3849","endDuration":"6.1877","wordfile":[{"path":"audios\/wordfile-670554e7a8c4e.wav","mime":"audio\/x-wav","copyright":{"license":"U"}}]},{"text":" Bal ","startDuration":"6.1887","endDuration":"6.5668","wordfile":[{"path":"audios\/wordfile-6705553c36ce4.wav","mime":"audio\/x-wav","copyright":{"license":"U"}}]},{"text":" dibada ","startDuration":"6.5678","endDuration":"6.9596","wordfile":[{"path":"audios\/wordfile-670555653ef18.wav","mime":"audio\/x-wav","copyright":{"license":"U"}}]},{"text":" eeg ","startDuration":"6.9606","endDuration":"7.2428","wordfile":[{"path":"audios\/wordfile-6705558126ec1.wav","mime":"audio\/x-wav","copyright":{"license":"U"}}]},{"text":" eega; ","startDuration":"7.2438","endDuration":"7.7678","wordfile":[{"path":"audios\/wordfile-67055599b90fa.wav","mime":"audio\/x-wav","copyright":{"license":"U"}}]}],"files":[{"path":"audios\/files-6705533eb443c.wav","mime":"audio\/x-wav","copyright":{"license":"U"}}]},"subContentId":"dca23060-5908-45da-8e8d-234fe2dbd002","metadata":{"contentType":"Curious Reader Audio","license":"U","title":"Untitled Curious Reader Audio"}},"backgroundOpacity":0,"willDoAnimation":false,"animationType":"glow","displayAsButton":false,"buttonSize":"big","goToSlideType":"specified","invisible":false}]},{"slideBackgroundSelector":{},"elements":[{"x":3.289473684210526,"y":6.497894682122992,"width":94.13898026315789,"height":87.71832926131934,"action":{"library":"H5P.Image 1.1","params":{"contentName":"Image","file":{"path":"images\/file-66f272af0cbac.gif","mime":"image\/gif","copyright":{"license":"U"},"width":1310,"height":736}},"subContentId":"0e496803-b15f-4430-bbfa-e595a008b198","metadata":{"contentType":"Image","license":"U","title":"Untitled Image"}},"backgroundOpacity":0,"willDoAnimation":false,"animationType":"glow","displayAsButton":false,"buttonSize":"big","goToSlideType":"specified","invisible":false},{"x":16.44736842105263,"y":81.22368352653741,"width":75.65625,"height":12.989031553776577,"action":{"library":"H5P.CRAdvancedText 1.1","params":{"text":"<p><span style=\"font-size:1.5em;color:hsl(0, 0%, 100%);\"><strong>Haa ......waxaan ahay balanbaalis quruxleey.<\/strong><\/span><\/p>"},"subContentId":"8e0da919-107d-45e7-bb2c-de674164a04a","metadata":{"contentType":"Text","license":"U","title":"Untitled Text"}},"alwaysDisplayComments":false,"backgroundOpacity":0,"willDoAnimation":false,"animationType":"glow","displayAsButton":false,"buttonSize":"big","goToSlideType":"specified","invisible":false,"solution":""},{"x":47.00006578947369,"y":44.0012898320944,"width":40,"height":40,"action":{"library":"H5P.CRAudio 1.4","params":{"fitToWrapper":true,"currIndex":21,"playerMode":"minimalistic","controls":true,"autoplay":true,"playAudio":"Play audio","pauseAudio":"Pause audio","contentName":"Audio","glowColor":"#ffd85a","timeStampForEachText":[{"text":" Haa ","startDuration":"0.0000","endDuration":"0.8243","wordfile":[{"path":"audios\/wordfile-6705523d25723.wav","mime":"audio\/x-wav","copyright":{"license":"U"}}]},{"text":" ......waxaan ","startDuration":"0.8253","endDuration":"1.4104","wordfile":[{"path":"audios\/wordfile-6705525cb424f.wav","mime":"audio\/x-wav","copyright":{"license":"U"}}]},{"text":" ahay ","startDuration":"1.4114","endDuration":"1.6114","wordfile":[{"path":"audios\/wordfile-67055271812bf.wav","mime":"audio\/x-wav","copyright":{"license":"U"}}]},{"text":" balanbaalis ","startDuration":"1.6124","endDuration":"2.6000","wordfile":[{"path":"audios\/wordfile-670552ae0a13a.wav","mime":"audio\/x-wav","copyright":{"license":"U"}}]},{"text":" quruxleey. ","startDuration":"2.6010","endDuration":"3.3080","wordfile":[{"path":"audios\/wordfile-670552cb975cc.wav","mime":"audio\/x-wav","copyright":{"license":"U"}}]}],"files":[{"path":"audios\/files-6705521d51c92.wav","mime":"audio\/x-wav","copyright":{"license":"U"}}]},"subContentId":"14675b9f-d85f-4a72-9df9-82543a7860e8","metadata":{"contentType":"Curious Reader Audio","license":"U","title":"Untitled Curious Reader Audio"}},"backgroundOpacity":0,"willDoAnimation":false,"animationType":"glow","displayAsButton":false,"buttonSize":"big","goToSlideType":"specified","invisible":false},{"x":27.960526315789473,"y":9.746842023184488,"width":40,"height":40,"action":{"library":"H5P.Image 1.1","params":{"contentName":"Image"},"subContentId":"12dc2310-da6c-42ba-8d5e-ea22b16e1eea","metadata":{"contentType":"Image","license":"U","title":"Untitled Image"}},"backgroundOpacity":0,"willDoAnimation":true,"animationType":"glow","displayAsButton":false,"buttonSize":"big","goToSlideType":"specified","invisible":false,"id":"img14675b9f-d85f-4a72-9df9-82543a7860e8_3"}]},{"elements":[{"x":4.934210526315789,"y":6.497894682122992,"width":92.10361842105263,"height":90.96727660238084,"action":{"library":"H5P.Image 1.1","params":{"contentName":"Image","file":{"path":"images\/file-672f0dc4a3995.png","mime":"image\/png","copyright":{"license":"U"},"width":1830,"height":934}},"subContentId":"ff8c1dc1-d684-4816-970e-da22e189ce67","metadata":{"contentType":"Image","license":"U","title":"Untitled Image"}},"backgroundOpacity":0,"willDoAnimation":false,"animationType":"glow","displayAsButton":false,"buttonSize":"big","goToSlideType":"specified","invisible":false}],"slideBackgroundSelector":{}}],"keywordListEnabled":true,"globalBackgroundSelector":{},"keywordListAlwaysShow":false,"keywordListAutoHide":false,"keywordListOpacity":90},"override":{"activeSurface":false,"hideSummarySlide":false,"summarySlideSolutionButton":true,"summarySlideRetryButton":true,"enablePrintButton":false,"social":{"showFacebookShare":false,"facebookShare":{"url":"@currentpageurl","quote":"I scored @score out of @maxScore on a task at @currentpageurl."},"showTwitterShare":false,"twitterShare":{"statement":"I scored @score out of @maxScore on a task at @currentpageurl.","url":"@currentpageurl","hashtags":"h5p, course"},"showGoogleShare":false,"googleShareUrl":"@currentpageurl"}},"l10n":{"slide":"Slide","score":"Score","yourScore":"Your Score","maxScore":"Max Score","total":"Total","totalScore":"Total Score","showSolutions":"Show solutions","retry":"Retry","exportAnswers":"Export text","hideKeywords":"Hide sidebar navigation menu","showKeywords":"Show sidebar navigation menu","fullscreen":"Fullscreen","exitFullscreen":"Exit fullscreen","prevSlide":"Previous slide","nextSlide":"Next slide","currentSlide":"Current slide","lastSlide":"Last slide","solutionModeTitle":"Exit solution mode","solutionModeText":"Solution Mode","summaryMultipleTaskText":"Multiple tasks","scoreMessage":"You achieved:","shareFacebook":"Share on Facebook","shareTwitter":"Share on Twitter","shareGoogle":"Share on Google+","summary":"Summary","solutionsButtonTitle":"Show comments","printTitle":"Print","printIngress":"How would you like to print this presentation?","printAllSlides":"Print all slides","printCurrentSlide":"Print current slide","noTitle":"No title","accessibilitySlideNavigationExplanation":"Use left and right arrow to change slide in that direction whenever canvas is selected.","accessibilityCanvasLabel":"Presentation canvas. Use left and right arrow to move between slides.","containsNotCompleted":"@slideName contains not completed interaction","containsCompleted":"@slideName contains completed interaction","slideCount":"Slide @index of @total","containsOnlyCorrect":"@slideName only has correct answers","containsIncorrectAnswers":"@slideName has incorrect answers","shareResult":"Share Result","accessibilityTotalScore":"You got @score of @maxScore points in total","accessibilityEnteredFullscreen":"Entered fullscreen","accessibilityExitedFullscreen":"Exited fullscreen"}}