{"presentation":{"slides":[{"elements":[{"x":17.429193899782135,"y":8.620689655172415,"width":68.84531590413944,"height":68.96551724137932,"action":{"library":"H5P.Image 1.1","params":{"contentName":"Image","file":{"path":"images\/file-620d8a2cc3689.jpg","mime":"image\/jpeg","copyright":{"license":"U"},"width":959,"height":459}},"metadata":{"contentType":"Image","license":"U","title":"Untitled Image"},"subContentId":"e3b59ba2-3660-4937-9e57-1a84d4a9288f"},"backgroundOpacity":0,"willDoAnimation":false,"animationType":"glow","displayAsButton":false,"buttonSize":"big","goToSlideType":"specified","invisible":false},{"x":20.220588235294116,"y":80,"width":60.60606060606061,"height":14.245014245014247,"action":{"library":"H5P.CRAdvancedText 1.1","params":{"text":"<p dir=\"ltr\" style=\"text-align: center;\"><span style=\"font-size:2.25em;\">Mrefu na Mfupi<\/span><\/p>\n"},"subContentId":"72d3a7b5-e54c-41c7-9faf-14f3b4f4efaf","metadata":{"contentType":"Text","license":"U","title":"Untitled Text"}},"alwaysDisplayComments":false,"backgroundOpacity":0,"willDoAnimation":false,"animationType":"glow","displayAsButton":false,"buttonSize":"big","goToSlideType":"specified","invisible":false,"solution":""}],"slideBackgroundSelector":{}},{"elements":[{"x":16.33986928104575,"y":4.310344827586207,"width":33.769063180827885,"height":92.67241379310346,"action":{"library":"H5P.Image 1.1","params":{"contentName":"Image","file":{"path":"images\/file-620d8a6738172.jpg","mime":"image\/jpeg","copyright":{"license":"U"},"width":639,"height":918}},"metadata":{"contentType":"Image","license":"U","title":"Untitled Image"},"subContentId":"86bc88c5-2cdb-451e-a5b4-6abe821a6812"},"backgroundOpacity":0,"willDoAnimation":false,"animationType":"glow","displayAsButton":false,"buttonSize":"big","goToSlideType":"specified","invisible":false},{"x":53.39105339105339,"y":34.18803418803419,"width":40,"height":40,"action":{"library":"H5P.CRAdvancedText 1.1","params":{"text":"<p dir=\"ltr\" style=\"text-align: center;\"><span style=\"font-size:1.75em;\"><span style=\"color:#ffffff;\">Pa ananiletea kofia yangu.<\/span><\/span><\/p>\n"},"subContentId":"23316a6b-090e-4ce1-baf6-088bbcdeb86f","metadata":{"contentType":"Text","license":"U","title":"Untitled Text"}},"alwaysDisplayComments":false,"backgroundOpacity":0,"willDoAnimation":false,"animationType":"glow","displayAsButton":false,"buttonSize":"big","goToSlideType":"specified","invisible":false,"solution":""},{"x":46.96691176470588,"y":44,"width":40,"height":40,"action":{"library":"H5P.CRAudio 1.4","params":{"fitToWrapper":true,"currIndex":1,"playerMode":"minimalistic","controls":true,"autoplay":true,"playAudio":"Play audio","pauseAudio":"Pause audio","contentName":"Audio","glowColor":"#ffd85a","timeStampForEachText":[{"text":" Pa ","startDuration":"0.0000","endDuration":"0.6775","wordfile":[{"path":"audios\/wordfile-66b1eb3a68048.mp3","mime":"audio\/mpeg","copyright":{"license":"U"}}]},{"text":" ananiletea ","startDuration":"0.6785","endDuration":"1.8751","wordfile":[{"path":"audios\/wordfile-66b1eb543f75b.mp3","mime":"audio\/mpeg","copyright":{"license":"U"}}]},{"text":" kofia ","startDuration":"1.8761","endDuration":"2.4291","wordfile":[{"path":"audios\/wordfile-670f7d722022d.mp3","mime":"audio\/mpeg","copyright":{"license":"U"}}]},{"text":" yangu. ","startDuration":"2.4301","endDuration":"3.2945","wordfile":[{"path":"audios\/wordfile-66b1eb8145bd9.mp3","mime":"audio\/mpeg","copyright":{"license":"U"}}]}],"files":[{"path":"audios\/files-66b1eb28f1767.mp3","mime":"audio\/mpeg","copyright":{"license":"U"}}]},"subContentId":"49a62727-68c3-49fe-ab38-255ac6e690ef","metadata":{"contentType":"Curious Reader Audio","license":"U","title":"Untitled Curious Reader Audio"}},"backgroundOpacity":0,"willDoAnimation":false,"animationType":"glow","displayAsButton":false,"buttonSize":"big","goToSlideType":"specified","invisible":false},{"x":20.22058823529412,"y":14.585236363636364,"width":10.477941176470587,"height":24.363636363636363,"action":{"library":"H5P.Image 1.1","params":{"contentName":"Image"},"subContentId":"0dbb6ce3-ac7f-4b9f-9605-a24705187dae","metadata":{"contentType":"Image","license":"U","title":"Untitled Image"}},"backgroundOpacity":0,"willDoAnimation":true,"animationType":"glow","displayAsButton":false,"buttonSize":"big","goToSlideType":"specified","invisible":false,"id":"img49a62727-68c3-49fe-ab38-255ac6e690ef_0"},{"x":31.249999999999996,"y":10.909090909090908,"width":12.316176470588234,"height":21.09090909090909,"action":{"library":"H5P.Image 1.1","params":{"contentName":"Image"},"subContentId":"f1fd3382-19f2-4ab1-8cf8-b6a273c9d05d","metadata":{"contentType":"Image","license":"U","title":"Untitled Image"}},"backgroundOpacity":0,"willDoAnimation":true,"animationType":"glow","displayAsButton":false,"buttonSize":"big","goToSlideType":"specified","invisible":false,"id":"img49a62727-68c3-49fe-ab38-255ac6e690ef_2"},{"x":34.92647058823529,"y":54.54545454545455,"width":15.073529411764705,"height":28,"action":{"library":"H5P.Image 1.1","params":{"contentName":"Image"},"subContentId":"4c3a5d81-e312-46c2-912f-c1fd0c9fea7e","metadata":{"contentType":"Image","license":"U","title":"Untitled Image"}},"backgroundOpacity":0,"willDoAnimation":true,"animationType":"glow","displayAsButton":false,"buttonSize":"big","goToSlideType":"specified","invisible":false,"id":"img49a62727-68c3-49fe-ab38-255ac6e690ef_3"}],"slideBackgroundSelector":{}},{"elements":[{"x":13.64795918367347,"y":4.785894206549118,"width":35.83877995642702,"height":92.45689655172414,"action":{"library":"H5P.Image 1.1","params":{"contentName":"Image","file":{"path":"images\/file-620d8aa4e43d4.jpg","mime":"image\/jpeg","copyright":{"license":"U"},"width":639,"height":918}},"metadata":{"contentType":"Image","license":"U","title":"Untitled Image"},"subContentId":"3e74c6d2-b90c-43ec-9186-121956d1fe47"},"backgroundOpacity":0,"willDoAnimation":false,"animationType":"glow","displayAsButton":false,"buttonSize":"big","goToSlideType":"specified","invisible":false},{"x":50.505050505050505,"y":28.490028490028493,"width":40,"height":40,"action":{"library":"H5P.CRAdvancedText 1.1","params":{"text":"<p dir=\"ltr\" style=\"text-align: center;\"><span style=\"font-size:1.75em;\"><span style=\"color:#ffffff;\">Pa ni mrefu.<\/span><\/span><\/p>\n"},"subContentId":"ee4313bf-2e44-4cd2-b034-f3ad0cf990e7","metadata":{"contentType":"Text","license":"U","title":"Untitled Text"}},"alwaysDisplayComments":false,"backgroundOpacity":0,"willDoAnimation":false,"animationType":"glow","displayAsButton":false,"buttonSize":"big","goToSlideType":"specified","invisible":false,"solution":""},{"x":46.96691176470588,"y":44,"width":40,"height":40,"action":{"library":"H5P.CRAudio 1.4","params":{"fitToWrapper":true,"currIndex":2,"playerMode":"minimalistic","controls":true,"autoplay":true,"playAudio":"Play audio","pauseAudio":"Pause audio","contentName":"Audio","glowColor":"#ffd85a","timeStampForEachText":[{"text":" Pa ","startDuration":"0.0000","endDuration":"0.8065","wordfile":[{"path":"audios\/wordfile-66b1eba9b63d7.mp3","mime":"audio\/mpeg","copyright":{"license":"U"}}]},{"text":" ni ","startDuration":"0.9787","endDuration":"1.3059","wordfile":[{"path":"audios\/wordfile-6717604a2de01.mp3","mime":"audio\/mpeg","copyright":{"license":"U"}}]},{"text":" mrefu. ","startDuration":"1.3069","endDuration":"2.1770","wordfile":[{"path":"audios\/wordfile-66b1ebe2a79db.mp3","mime":"audio\/mpeg","copyright":{"license":"U"}}]}],"files":[{"path":"audios\/files-66b1eb994cd27.mp3","mime":"audio\/mpeg","copyright":{"license":"U"}}]},"subContentId":"5cbcd36b-255e-4cb8-8719-0c115ac12014","metadata":{"contentType":"Curious Reader Audio","license":"U","title":"Untitled Curious Reader Audio"}},"backgroundOpacity":0,"willDoAnimation":false,"animationType":"glow","displayAsButton":false,"buttonSize":"big","goToSlideType":"specified","invisible":false},{"x":14.705882352941176,"y":10.909090909090908,"width":14.15441176470588,"height":26.181818181818183,"action":{"library":"H5P.Image 1.1","params":{"contentName":"Image"},"subContentId":"6fc7e7e0-8004-4fd8-9584-ea5a3497dddc","metadata":{"contentType":"Image","license":"U","title":"Untitled Image"}},"backgroundOpacity":0,"willDoAnimation":true,"animationType":"glow","displayAsButton":false,"buttonSize":"big","goToSlideType":"specified","invisible":false,"id":"img5cbcd36b-255e-4cb8-8719-0c115ac12014_0"},{"x":16.544117647058822,"y":14.585236363636364,"width":14.15441176470588,"height":78.9090909090909,"action":{"library":"H5P.Image 1.1","params":{"contentName":"Image"},"subContentId":"7ff4e984-5215-428b-bd82-060e9a34aa42","metadata":{"contentType":"Image","license":"U","title":"Untitled Image"}},"backgroundOpacity":0,"willDoAnimation":true,"animationType":"glow","displayAsButton":false,"buttonSize":"big","goToSlideType":"specified","invisible":false,"id":"img5cbcd36b-255e-4cb8-8719-0c115ac12014_2"}],"slideBackgroundSelector":{}},{"elements":[{"x":11.982570806100219,"y":4.310344827586207,"width":37.03703703703704,"height":92.45689655172414,"action":{"library":"H5P.Image 1.1","params":{"contentName":"Image","file":{"path":"images\/file-620d8ad1200cf.jpg","mime":"image\/jpeg","copyright":{"license":"U"},"width":639,"height":918}},"metadata":{"contentType":"Image","license":"U","title":"Untitled Image"},"subContentId":"5320e841-c68d-4668-8597-5f7779b4b505"},"backgroundOpacity":0,"willDoAnimation":false,"animationType":"glow","displayAsButton":false,"buttonSize":"big","goToSlideType":"specified","invisible":false},{"x":51.470588235294116,"y":18.181818181818183,"width":40,"height":40,"action":{"library":"H5P.CRAdvancedText 1.1","params":{"text":"<p dir=\"ltr\" style=\"text-align: center;\"><span style=\"font-size:1.75em;\"><span style=\"color:#ffffff;\">Ma ananiletea shati langu.<\/span><\/span><\/p>\n"},"subContentId":"82fecc9e-639a-432c-ae1d-4d37b4cfcdce","metadata":{"contentType":"Text","license":"U","title":"Untitled Text"}},"alwaysDisplayComments":false,"backgroundOpacity":0,"willDoAnimation":false,"animationType":"glow","displayAsButton":false,"buttonSize":"big","goToSlideType":"specified","invisible":false,"solution":""},{"x":46.96691176470588,"y":44,"width":40,"height":40,"action":{"library":"H5P.CRAudio 1.4","params":{"fitToWrapper":true,"currIndex":3,"playerMode":"minimalistic","controls":true,"autoplay":true,"playAudio":"Play audio","pauseAudio":"Pause audio","contentName":"Audio","glowColor":"#ffd85a","timeStampForEachText":[{"text":" Ma ","startDuration":"0.0000","endDuration":"1.2687","wordfile":[{"path":"audios\/wordfile-66b1ec0c0d334.mp3","mime":"audio\/mpeg","copyright":{"license":"U"}}]},{"text":" ananiletea ","startDuration":"1.2697","endDuration":"2.7344","wordfile":[{"path":"audios\/wordfile-66b1ec2941f31.mp3","mime":"audio\/mpeg","copyright":{"license":"U"}}]},{"text":" shati ","startDuration":"2.7345","endDuration":"3.1636","wordfile":[{"path":"audios\/wordfile-670f7d59a3ff7.mp3","mime":"audio\/mpeg","copyright":{"license":"U"}}]},{"text":" langu. ","startDuration":"3.1646","endDuration":"3.9329","wordfile":[{"path":"audios\/wordfile-66b1ec65b8488.mp3","mime":"audio\/mpeg","copyright":{"license":"U"}}]}],"files":[{"path":"audios\/files-66b1ebf6de741.mp3","mime":"audio\/mpeg","copyright":{"license":"U"}}]},"subContentId":"5b94a22d-39a5-4fc3-9f5e-4b8d675478e5","metadata":{"contentType":"Curious Reader Audio","license":"U","title":"Untitled Curious Reader Audio"}},"backgroundOpacity":0,"willDoAnimation":false,"animationType":"glow","displayAsButton":false,"buttonSize":"big","goToSlideType":"specified","invisible":false},{"x":22.058823529411764,"y":14.545454545454545,"width":14.15441176470588,"height":24.363636363636363,"action":{"library":"H5P.Image 1.1","params":{"contentName":"Image"},"subContentId":"abaee1b3-01ef-4b00-8807-1359b785c01c","metadata":{"contentType":"Image","license":"U","title":"Untitled Image"}},"backgroundOpacity":0,"willDoAnimation":true,"animationType":"glow","displayAsButton":false,"buttonSize":"big","goToSlideType":"specified","invisible":false,"id":"img5b94a22d-39a5-4fc3-9f5e-4b8d675478e5_0"},{"x":29.411764705882355,"y":25.522727272727273,"width":14.338235294117647,"height":31.636363636363637,"action":{"library":"H5P.Image 1.1","params":{"contentName":"Image"},"subContentId":"71a5e8d1-c640-49d5-b33f-b9362af1ebd8","metadata":{"contentType":"Image","license":"U","title":"Untitled Image"}},"backgroundOpacity":0,"willDoAnimation":true,"animationType":"glow","displayAsButton":false,"buttonSize":"big","goToSlideType":"specified","invisible":false,"id":"img5b94a22d-39a5-4fc3-9f5e-4b8d675478e5_2"},{"x":11.029411764705882,"y":36.465818181818186,"width":14.15441176470588,"height":27.272727272727273,"action":{"library":"H5P.Image 1.1","params":{"contentName":"Image"},"subContentId":"43a98763-27b1-46a1-90e1-8d1e6125fd22","metadata":{"contentType":"Image","license":"U","title":"Untitled Image"}},"backgroundOpacity":0,"willDoAnimation":true,"animationType":"glow","displayAsButton":false,"buttonSize":"big","goToSlideType":"specified","invisible":false,"id":"img5b94a22d-39a5-4fc3-9f5e-4b8d675478e5_3"}],"slideBackgroundSelector":{}},{"elements":[{"x":14.159041394335512,"y":5.622456896551724,"width":34.85838779956427,"height":91.5948275862069,"action":{"library":"H5P.Image 1.1","params":{"contentName":"Image","file":{"path":"images\/file-620d8b1736f35.jpg","mime":"image\/jpeg","copyright":{"license":"U"},"width":639,"height":918}},"metadata":{"contentType":"Image","license":"U","title":"Untitled Image"},"subContentId":"da6c7321-c9b6-41ec-9674-273fac8064d7"},"backgroundOpacity":0,"willDoAnimation":false,"animationType":"glow","displayAsButton":false,"buttonSize":"big","goToSlideType":"specified","invisible":false},{"x":51.470588235294116,"y":18.181818181818183,"width":40,"height":40,"action":{"library":"H5P.CRAdvancedText 1.1","params":{"text":"<p dir=\"ltr\" style=\"text-align: center;\"><span style=\"font-size:1.75em;\"><span style=\"color:#ffffff;\">Pa ni mrefu kuliko Ma.<\/span><\/span><\/p>\n"},"subContentId":"4ee15960-5a73-4e1f-bd52-de1a4e6e390d","metadata":{"contentType":"Text","license":"U","title":"Untitled Text"}},"alwaysDisplayComments":false,"backgroundOpacity":0,"willDoAnimation":false,"animationType":"glow","displayAsButton":false,"buttonSize":"big","goToSlideType":"specified","invisible":false,"solution":""},{"x":46.96691176470588,"y":44,"width":40,"height":40,"action":{"library":"H5P.CRAudio 1.4","params":{"fitToWrapper":true,"currIndex":4,"playerMode":"minimalistic","controls":true,"autoplay":true,"playAudio":"Play audio","pauseAudio":"Pause audio","contentName":"Audio","glowColor":"#ffd85a","timeStampForEachText":[{"text":" Pa ","startDuration":"0.3044","endDuration":"0.9181","wordfile":[{"path":"audios\/wordfile-66b1ec913ac89.mp3","mime":"audio\/mpeg","copyright":{"license":"U"}}]},{"text":" ni ","startDuration":"1.2391","endDuration":"1.4391","wordfile":[{"path":"audios\/wordfile-6717605c5034e.mp3","mime":"audio\/mpeg","copyright":{"license":"U"}}]},{"text":" mrefu ","startDuration":"1.4401","endDuration":"2.2333","wordfile":[{"path":"audios\/wordfile-66b1ecc2ad18a.mp3","mime":"audio\/mpeg","copyright":{"license":"U"}}]},{"text":" kuliko ","startDuration":"2.2343","endDuration":"3.0587","wordfile":[{"path":"audios\/wordfile-66b1ecd885fe1.mp3","mime":"audio\/mpeg","copyright":{"license":"U"}}]},{"text":" Ma. ","startDuration":"3.0597","endDuration":"3.5173","wordfile":[{"path":"audios\/wordfile-66b1eceba76a8.mp3","mime":"audio\/mpeg","copyright":{"license":"U"}}]}],"files":[{"path":"audios\/files-66b1ec7e74b4d.mp3","mime":"audio\/mpeg","copyright":{"license":"U"}}]},"subContentId":"733c7ae0-8564-4d34-915f-0cb1dda3d374","metadata":{"contentType":"Curious Reader Audio","license":"U","title":"Untitled Curious Reader Audio"}},"backgroundOpacity":0,"willDoAnimation":false,"animationType":"glow","displayAsButton":false,"buttonSize":"big","goToSlideType":"specified","invisible":false},{"x":29.41176470588235,"y":10.909090909090908,"width":14.15441176470588,"height":24.363636363636363,"action":{"library":"H5P.Image 1.1","params":{"contentName":"Image"},"subContentId":"bd0bead4-49c9-437d-a4f3-f1736902f560","metadata":{"contentType":"Image","license":"U","title":"Untitled Image"}},"backgroundOpacity":0,"willDoAnimation":true,"animationType":"glow","displayAsButton":false,"buttonSize":"big","goToSlideType":"specified","invisible":false,"id":"img733c7ae0-8564-4d34-915f-0cb1dda3d374_0"},{"x":22.058823529411764,"y":21.911927272727276,"width":10.477941176470587,"height":24.363636363636363,"action":{"library":"H5P.Image 1.1","params":{"contentName":"Image"},"subContentId":"1f54f021-31ba-41c0-9b39-28b5bcec3c7d","metadata":{"contentType":"Image","license":"U","title":"Untitled Image"}},"backgroundOpacity":0,"willDoAnimation":true,"animationType":"glow","displayAsButton":false,"buttonSize":"big","goToSlideType":"specified","invisible":false,"id":"img733c7ae0-8564-4d34-915f-0cb1dda3d374_4"}],"slideBackgroundSelector":{}},{"elements":[{"x":14.161220043572985,"y":6.4655172413793105,"width":35.947712418300654,"height":90.73275862068967,"action":{"library":"H5P.Image 1.1","params":{"contentName":"Image","file":{"path":"images\/file-620d8b4901fed.jpg","mime":"image\/jpeg","copyright":{"license":"U"},"width":639,"height":918}},"metadata":{"contentType":"Image","license":"U","title":"Untitled Image"},"subContentId":"6ac3b20e-f38f-448c-b501-13c259c38112"},"backgroundOpacity":0,"willDoAnimation":false,"animationType":"glow","displayAsButton":false,"buttonSize":"big","goToSlideType":"specified","invisible":false},{"x":51.94805194805195,"y":19.943019943019944,"width":40,"height":40,"action":{"library":"H5P.CRAdvancedText 1.1","params":{"text":"<p dir=\"ltr\" style=\"text-align: center;\"><span style=\"font-size:1.75em;\"><span style=\"color:#ffffff;\">Dada yangu ananichukua kitabu changu.<\/span><\/span><\/p>\n"},"subContentId":"a313e2d1-cd2a-48d8-adfe-d90498c4c153","metadata":{"contentType":"Text","license":"U","title":"Untitled Text"}},"alwaysDisplayComments":false,"backgroundOpacity":0,"willDoAnimation":false,"animationType":"glow","displayAsButton":false,"buttonSize":"big","goToSlideType":"specified","invisible":false,"solution":""},{"x":46.96691176470588,"y":44,"width":40,"height":40,"action":{"library":"H5P.CRAudio 1.4","params":{"fitToWrapper":true,"currIndex":5,"playerMode":"minimalistic","controls":true,"autoplay":true,"playAudio":"Play audio","pauseAudio":"Pause audio","contentName":"Audio","glowColor":"#ffd85a","timeStampForEachText":[{"text":" Dada ","startDuration":"0.0000","endDuration":"0.6597","wordfile":[{"path":"audios\/wordfile-670f7d8edfbc5.mp3","mime":"audio\/mpeg","copyright":{"license":"U"}}]},{"text":" yangu ","startDuration":"0.6607","endDuration":"1.2801","wordfile":[{"path":"audios\/wordfile-66b1ed3e24e16.mp3","mime":"audio\/mpeg","copyright":{"license":"U"}}]},{"text":" ananichukua ","startDuration":"1.4021","endDuration":"2.6345","wordfile":[{"path":"audios\/wordfile-66b1ed6336c08.mp3","mime":"audio\/mpeg","copyright":{"license":"U"}}]},{"text":" kitabu ","startDuration":"2.6355","endDuration":"3.0694","wordfile":[{"path":"audios\/wordfile-66b1ed9fe6a85.mp3","mime":"audio\/mpeg","copyright":{"license":"U"}}]},{"text":" changu. ","startDuration":"3.0704","endDuration":"3.9318","wordfile":[{"path":"audios\/wordfile-66b1edf856f26.mp3","mime":"audio\/mpeg","copyright":{"license":"U"}}]}],"files":[{"path":"audios\/files-66b1ed07f1773.mp3","mime":"audio\/mpeg","copyright":{"license":"U"}}]},"subContentId":"b1961832-5045-4f24-933e-4f83778dd027","metadata":{"contentType":"Curious Reader Audio","license":"U","title":"Untitled Curious Reader Audio"}},"backgroundOpacity":0,"willDoAnimation":false,"animationType":"glow","displayAsButton":false,"buttonSize":"big","goToSlideType":"specified","invisible":false},{"x":22.058823529411764,"y":10.93749090909091,"width":15.992647058823529,"height":31.636363636363637,"action":{"library":"H5P.Image 1.1","params":{"contentName":"Image"},"subContentId":"640fbf5a-b428-413a-8f55-feb05446b345","metadata":{"contentType":"Image","license":"U","title":"Untitled Image"}},"backgroundOpacity":0,"willDoAnimation":true,"animationType":"glow","displayAsButton":false,"buttonSize":"big","goToSlideType":"specified","invisible":false,"id":"imgb1961832-5045-4f24-933e-4f83778dd027_0"},{"x":18.38235294117647,"y":36.36363636363637,"width":14.338235294117647,"height":24.363636363636363,"action":{"library":"H5P.Image 1.1","params":{"contentName":"Image"},"subContentId":"2dcf9969-3401-4679-9af5-bd6b72521a91","metadata":{"contentType":"Image","license":"U","title":"Untitled Image"}},"backgroundOpacity":0,"willDoAnimation":true,"animationType":"glow","displayAsButton":false,"buttonSize":"big","goToSlideType":"specified","invisible":false,"id":"imgb1961832-5045-4f24-933e-4f83778dd027_3"},{"x":34.92647058823529,"y":40,"width":15.992647058823529,"height":29.818181818181817,"action":{"library":"H5P.Image 1.1","params":{"contentName":"Image"},"subContentId":"12393c08-f97c-43f2-bf88-dadbd89527ba","metadata":{"contentType":"Image","license":"U","title":"Untitled Image"}},"backgroundOpacity":0,"willDoAnimation":true,"animationType":"glow","displayAsButton":false,"buttonSize":"big","goToSlideType":"specified","invisible":false,"id":"imgb1961832-5045-4f24-933e-4f83778dd027_4"}],"slideBackgroundSelector":{}},{"elements":[{"x":14.161220043572985,"y":5.81896551724138,"width":34.85838779956427,"height":90.51724137931035,"action":{"library":"H5P.Image 1.1","params":{"contentName":"Image","file":{"path":"images\/file-620d8b7b9c561.jpg","mime":"image\/jpeg","copyright":{"license":"U"},"width":639,"height":918}},"metadata":{"contentType":"Image","license":"U","title":"Untitled Image"},"subContentId":"1fe8c6e8-1dec-4179-a1c4-d367fb27a427"},"backgroundOpacity":0,"willDoAnimation":false,"animationType":"glow","displayAsButton":false,"buttonSize":"big","goToSlideType":"specified","invisible":false},{"x":51.470588235294116,"y":21.818181818181817,"width":40,"height":40,"action":{"library":"H5P.CRAdvancedText 1.1","params":{"text":"<p dir=\"ltr\" style=\"text-align: center;\"><span style=\"font-size:1.75em;\"><span style=\"color:#ffffff;\">Mama ni mrefu kuliko dada yangu.<\/span><\/span><\/p>\n"},"subContentId":"eb8b5b90-b6cf-4eb4-b02f-79dde8955f80","metadata":{"contentType":"Text","license":"U","title":"Untitled Text"}},"alwaysDisplayComments":false,"backgroundOpacity":0,"willDoAnimation":false,"animationType":"glow","displayAsButton":false,"buttonSize":"big","goToSlideType":"specified","invisible":false,"solution":""},{"x":46.96691176470588,"y":44,"width":40,"height":40,"action":{"library":"H5P.CRAudio 1.4","params":{"fitToWrapper":true,"currIndex":6,"playerMode":"minimalistic","controls":true,"autoplay":true,"playAudio":"Play audio","pauseAudio":"Pause audio","contentName":"Audio","glowColor":"#ffd85a","timeStampForEachText":[{"text":" Mama ","startDuration":"0.0000","endDuration":"1.0397","wordfile":[{"path":"audios\/wordfile-66b1ee470c6ff.mp3","mime":"audio\/mpeg","copyright":{"license":"U"}}]},{"text":" ni ","startDuration":"1.0407","endDuration":"1.4867","wordfile":[{"path":"audios\/wordfile-6717607135f8a.mp3","mime":"audio\/mpeg","copyright":{"license":"U"}}]},{"text":" mrefu ","startDuration":"1.4877","endDuration":"2.3069","wordfile":[{"path":"audios\/wordfile-66b1ee75a68f3.mp3","mime":"audio\/mpeg","copyright":{"license":"U"}}]},{"text":" kuliko ","startDuration":"2.3079","endDuration":"2.9320","wordfile":[{"path":"audios\/wordfile-66b1ee916acc1.mp3","mime":"audio\/mpeg","copyright":{"license":"U"}}]},{"text":" dada ","startDuration":"2.9330","endDuration":"3.4129","wordfile":[{"path":"audios\/wordfile-670f7da81377c.mp3","mime":"audio\/mpeg","copyright":{"license":"U"}}]},{"text":" yangu. ","startDuration":"3.4139","endDuration":"4.1059","wordfile":[{"path":"audios\/wordfile-66b1eebed3cbf.mp3","mime":"audio\/mpeg","copyright":{"license":"U"}}]}],"files":[{"path":"audios\/files-66b1ee30e289c.mp3","mime":"audio\/mpeg","copyright":{"license":"U"}}]},"subContentId":"f03db2f1-684f-4b1b-8049-9278c265f85f","metadata":{"contentType":"Curious Reader Audio","license":"U","title":"Untitled Curious Reader Audio"}},"backgroundOpacity":0,"willDoAnimation":false,"animationType":"glow","displayAsButton":false,"buttonSize":"big","goToSlideType":"specified","invisible":false},{"x":25.735294117647058,"y":10.909090909090908,"width":10.477941176470587,"height":21.09090909090909,"action":{"library":"H5P.Image 1.1","params":{"contentName":"Image"},"subContentId":"1c6f4e20-9ba2-4573-a917-c7ccf43e5a56","metadata":{"contentType":"Image","license":"U","title":"Untitled Image"}},"backgroundOpacity":0,"willDoAnimation":true,"animationType":"glow","displayAsButton":false,"buttonSize":"big","goToSlideType":"specified","invisible":false,"id":"imgf03db2f1-684f-4b1b-8049-9278c265f85f_0"},{"x":16.544117647058822,"y":18.181818181818183,"width":15.624999999999998,"height":31.636363636363637,"action":{"library":"H5P.Image 1.1","params":{"contentName":"Image"},"subContentId":"6013ebdf-58bf-44d5-a759-9c512b93717c","metadata":{"contentType":"Image","license":"U","title":"Untitled Image"}},"backgroundOpacity":0,"willDoAnimation":true,"animationType":"glow","displayAsButton":false,"buttonSize":"big","goToSlideType":"specified","invisible":false,"id":"imgf03db2f1-684f-4b1b-8049-9278c265f85f_4"}],"slideBackgroundSelector":{}},{"elements":[{"x":15.306122448979592,"y":5.037783375314861,"width":33.87799564270153,"height":90.73275862068967,"action":{"library":"H5P.Image 1.1","params":{"contentName":"Image","file":{"path":"images\/file-620d8bb185c3e.jpg","mime":"image\/jpeg","copyright":{"license":"U"},"width":639,"height":918}},"metadata":{"contentType":"Image","license":"U","title":"Untitled Image"},"subContentId":"8e0baedd-67c8-46c8-a1c5-9fe3f76afc8a"},"backgroundOpacity":0,"willDoAnimation":false,"animationType":"glow","displayAsButton":false,"buttonSize":"big","goToSlideType":"specified","invisible":false},{"x":50.505050505050505,"y":22.792022792022795,"width":40,"height":40,"action":{"library":"H5P.CRAdvancedText 1.1","params":{"text":"<p dir=\"ltr\" style=\"text-align: center;\"><span style=\"color:#ffffff;\"><span style=\"font-size:1.75em;\">Kaka yangu ananiletea begi langu.<\/span><\/span><\/p>\n"},"subContentId":"20265a28-41ff-4d28-94d4-25d24a458dae","metadata":{"contentType":"Text","license":"U","title":"Untitled Text"}},"alwaysDisplayComments":false,"backgroundOpacity":0,"willDoAnimation":false,"animationType":"glow","displayAsButton":false,"buttonSize":"big","goToSlideType":"specified","invisible":false,"solution":""},{"x":93.11224489795919,"y":2.5195390251399603,"width":40,"height":40,"action":{"library":"H5P.CRAudio 1.4","params":{"fitToWrapper":true,"currIndex":7,"playerMode":"minimalistic","controls":true,"autoplay":true,"playAudio":"Play audio","pauseAudio":"Pause audio","contentName":"Audio","glowColor":"#ffd85a","timeStampForEachText":[{"text":" Kaka ","startDuration":"0.0000","endDuration":"0.6165","wordfile":[{"path":"audios\/wordfile-671af5993ba39.mp3","mime":"audio\/mpeg","copyright":{"license":"U"}}]},{"text":" yangu ","startDuration":"0.6175","endDuration":"1.2340","wordfile":[{"path":"audios\/wordfile-66b1ef1d4d33b.mp3","mime":"audio\/mpeg","copyright":{"license":"U"}}]},{"text":" ananiletea ","startDuration":"1.5610","endDuration":"2.7479","wordfile":[{"path":"audios\/wordfile-66b1ef3aada03.mp3","mime":"audio\/mpeg","copyright":{"license":"U"}}]},{"text":" begi ","startDuration":"3.1563","endDuration":"3.5918","wordfile":[{"path":"audios\/wordfile-670f7dccdd08d.mp3","mime":"audio\/mpeg","copyright":{"license":"U"}}]},{"text":" langu. ","startDuration":"3.5928","endDuration":"4.4357","wordfile":[{"path":"audios\/wordfile-66b1ef604d55f.mp3","mime":"audio\/mpeg","copyright":{"license":"U"}}]}],"files":[{"path":"audios\/files-66b1eed7d1466.mp3","mime":"audio\/mpeg","copyright":{"license":"U"}}]},"subContentId":"c119859b-eeea-482b-a214-c0e49613efad","metadata":{"contentType":"Curious Reader Audio","license":"U","title":"Untitled Curious Reader Audio"}},"backgroundOpacity":0,"willDoAnimation":false,"animationType":"glow","displayAsButton":false,"buttonSize":"big","goToSlideType":"specified","invisible":false},{"x":25.735294117647058,"y":29.09090909090909,"width":10.477941176470587,"height":21.454545454545453,"action":{"library":"H5P.Image 1.1","params":{"contentName":"Image"},"subContentId":"d6f9b364-870c-4bb9-b097-2d4856061f04","metadata":{"contentType":"Image","license":"U","title":"Untitled Image"}},"backgroundOpacity":0,"willDoAnimation":true,"animationType":"glow","displayAsButton":false,"buttonSize":"big","goToSlideType":"specified","invisible":false,"id":"imgc119859b-eeea-482b-a214-c0e49613efad_0"},{"x":25.735294117647058,"y":54.54545454545455,"width":9.191176470588236,"height":17.09090909090909,"action":{"library":"H5P.Image 1.1","params":{"contentName":"Image"},"subContentId":"75515645-96af-4bad-9a12-5c39de44e91a","metadata":{"contentType":"Image","license":"U","title":"Untitled Image"}},"backgroundOpacity":0,"willDoAnimation":true,"animationType":"glow","displayAsButton":false,"buttonSize":"big","goToSlideType":"specified","invisible":false,"id":"imgc119859b-eeea-482b-a214-c0e49613efad_3"}],"slideBackgroundSelector":{}},{"elements":[{"x":14.705882352941178,"y":3.6637931034482762,"width":34.64052287581699,"height":92.45689655172414,"action":{"library":"H5P.Image 1.1","params":{"contentName":"Image","file":{"path":"images\/file-620d8be87d7ce.jpg","mime":"image\/jpeg","copyright":{"license":"U"},"width":639,"height":918}},"metadata":{"contentType":"Image","license":"U","title":"Untitled Image"},"subContentId":"b5dd1b5b-c4b7-4e07-9e11-de9c97fc90fa"},"backgroundOpacity":0,"willDoAnimation":false,"animationType":"glow","displayAsButton":false,"buttonSize":"big","goToSlideType":"specified","invisible":false},{"x":50.505050505050505,"y":19.943019943019944,"width":40,"height":40,"action":{"library":"H5P.CRAdvancedText 1.1","params":{"text":"<p dir=\"ltr\" style=\"text-align: center;\"><span style=\"color:#ffffff;\"><span style=\"font-size:1.75em;\">Dada yangu ni mrefu kuliko kaka yangu.<\/span><\/span><\/p>\n"},"subContentId":"bb05e671-c08f-4978-8b7c-9dae5f84555f","metadata":{"contentType":"Text","license":"U","title":"Untitled Text"}},"alwaysDisplayComments":false,"backgroundOpacity":0,"willDoAnimation":false,"animationType":"glow","displayAsButton":false,"buttonSize":"big","goToSlideType":"specified","invisible":false,"solution":""},{"x":93.11224489795919,"y":2.5195390251399603,"width":40,"height":40,"action":{"library":"H5P.CRAudio 1.4","params":{"fitToWrapper":true,"currIndex":8,"playerMode":"minimalistic","controls":true,"autoplay":true,"playAudio":"Play audio","pauseAudio":"Pause audio","contentName":"Audio","glowColor":"#ffd85a","timeStampForEachText":[{"text":" Dada ","startDuration":"0.0000","endDuration":"0.5893","wordfile":[{"path":"audios\/wordfile-670f7de27410d.mp3","mime":"audio\/mpeg","copyright":{"license":"U"}}]},{"text":" yangu ","startDuration":"0.5903","endDuration":"1.1163","wordfile":[{"path":"audios\/wordfile-66b1efe7b8348.mp3","mime":"audio\/mpeg","copyright":{"license":"U"}}]},{"text":" ni ","startDuration":"1.1173","endDuration":"1.3173","wordfile":[{"path":"audios\/wordfile-671760850eaba.mp3","mime":"audio\/mpeg","copyright":{"license":"U"}}]},{"text":" mrefu ","startDuration":"1.3183","endDuration":"2.1249","wordfile":[{"path":"audios\/wordfile-66b1f01fcde3a.mp3","mime":"audio\/mpeg","copyright":{"license":"U"}}]},{"text":" kuliko ","startDuration":"2.1259","endDuration":"3.2042","wordfile":[{"path":"audios\/wordfile-66b1f03aa273e.mp3","mime":"audio\/mpeg","copyright":{"license":"U"}}]},{"text":" kaka ","startDuration":"3.2052","endDuration":"3.5682","wordfile":[{"path":"audios\/wordfile-671af6f2e5ed3.mp3","mime":"audio\/mpeg","copyright":{"license":"U"}}]},{"text":" yangu. ","startDuration":"3.5692","endDuration":"4.1857","wordfile":[{"path":"audios\/wordfile-66b1f05da9bac.mp3","mime":"audio\/mpeg","copyright":{"license":"U"}}]}],"files":[{"path":"audios\/files-66b1ef8a36350.mp3","mime":"audio\/mpeg","copyright":{"license":"U"}}]},"subContentId":"29ffdc74-cd39-45bb-9a64-ccaae1541a6a","metadata":{"contentType":"Curious Reader Audio","license":"U","title":"Untitled Curious Reader Audio"}},"backgroundOpacity":0,"willDoAnimation":false,"animationType":"glow","displayAsButton":false,"buttonSize":"big","goToSlideType":"specified","invisible":false},{"x":22.058823529411764,"y":25.454545454545453,"width":11.213235294117647,"height":28,"action":{"library":"H5P.Image 1.1","params":{"contentName":"Image"},"subContentId":"1651b880-cf50-43f0-a200-b894da0ee9b4","metadata":{"contentType":"Image","license":"U","title":"Untitled Image"}},"backgroundOpacity":0,"willDoAnimation":true,"animationType":"glow","displayAsButton":false,"buttonSize":"big","goToSlideType":"specified","invisible":false,"id":"img29ffdc74-cd39-45bb-9a64-ccaae1541a6a_5"},{"x":29.411764705882355,"y":18.232945454545455,"width":14.15441176470588,"height":28.727272727272727,"action":{"library":"H5P.Image 1.1","params":{"contentName":"Image"},"subContentId":"e7dca5db-8491-4c0a-8570-7edcd8e569d1","metadata":{"contentType":"Image","license":"U","title":"Untitled Image"}},"backgroundOpacity":0,"willDoAnimation":true,"animationType":"glow","displayAsButton":false,"buttonSize":"big","goToSlideType":"specified","invisible":false,"id":"img29ffdc74-cd39-45bb-9a64-ccaae1541a6a_0"}],"slideBackgroundSelector":{}},{"elements":[{"x":15.24259259259259,"y":4.314547413793104,"width":34.85838779956427,"height":92.88793103448276,"action":{"library":"H5P.Image 1.1","params":{"contentName":"Image","file":{"path":"images\/file-620d8c22dbcda.jpg","mime":"image\/jpeg","copyright":{"license":"U"},"width":639,"height":918}},"metadata":{"contentType":"Image","license":"U","title":"Untitled Image"},"subContentId":"ec439803-414f-4f94-bef7-2c65cfc2ee92"},"backgroundOpacity":0,"willDoAnimation":false,"animationType":"glow","displayAsButton":false,"buttonSize":"big","goToSlideType":"specified","invisible":false},{"x":53.30882352941176,"y":21.818181818181817,"width":40,"height":40,"action":{"library":"H5P.CRAdvancedText 1.1","params":{"text":"<p dir=\"ltr\" style=\"text-align: center;\"><span style=\"color:#ffffff;\"><span style=\"font-size:1.75em;\">Kaka yangu ni mrefu kuliko mimi.<\/span><\/span><\/p>\n"},"subContentId":"94ce7688-2430-4964-a7ac-32b30b023c09","metadata":{"contentType":"Text","license":"U","title":"Untitled Text"}},"alwaysDisplayComments":false,"backgroundOpacity":0,"willDoAnimation":false,"animationType":"glow","displayAsButton":false,"buttonSize":"big","goToSlideType":"specified","invisible":false,"solution":""},{"x":46.96691176470588,"y":44,"width":40,"height":40,"action":{"library":"H5P.CRAudio 1.4","params":{"fitToWrapper":true,"currIndex":9,"playerMode":"minimalistic","controls":true,"autoplay":true,"playAudio":"Play audio","pauseAudio":"Pause audio","contentName":"Audio","glowColor":"#ffd85a","timeStampForEachText":[{"text":" Kaka ","startDuration":"0.0000","endDuration":"0.7131","wordfile":[{"path":"audios\/wordfile-670f7df7a8e20.mp3","mime":"audio\/mpeg","copyright":{"license":"U"}}]},{"text":" yangu ","startDuration":"0.7141","endDuration":"1.4095","wordfile":[{"path":"audios\/wordfile-66b1f09f96755.mp3","mime":"audio\/mpeg","copyright":{"license":"U"}}]},{"text":" ni ","startDuration":"1.4105","endDuration":"1.7963","wordfile":[{"path":"audios\/wordfile-6717609b931d4.mp3","mime":"audio\/mpeg","copyright":{"license":"U"}}]},{"text":" mrefu ","startDuration":"1.7973","endDuration":"2.4927","wordfile":[{"path":"audios\/wordfile-66b1f0ce7f0a4.mp3","mime":"audio\/mpeg","copyright":{"license":"U"}}]},{"text":" kuliko ","startDuration":"2.4937","endDuration":"3.5252","wordfile":[{"path":"audios\/wordfile-66b1f0ef6cce7.mp3","mime":"audio\/mpeg","copyright":{"license":"U"}}]},{"text":" mimi. ","startDuration":"3.5262","endDuration":"4.4408","wordfile":[{"path":"audios\/wordfile-66b1f102bab5f.mp3","mime":"audio\/mpeg","copyright":{"license":"U"}}]}],"files":[{"path":"audios\/files-66b1f07b462dd.mp3","mime":"audio\/mpeg","copyright":{"license":"U"}}]},"subContentId":"ead235f9-264e-40e0-84e7-a4fd7733200c","metadata":{"contentType":"Curious Reader Audio","license":"U","title":"Untitled Curious Reader Audio"}},"backgroundOpacity":0,"willDoAnimation":false,"animationType":"glow","displayAsButton":false,"buttonSize":"big","goToSlideType":"specified","invisible":false},{"x":25.735294117647058,"y":25.454545454545453,"width":14.15441176470588,"height":28.727272727272727,"action":{"library":"H5P.Image 1.1","params":{"contentName":"Image"},"subContentId":"63f50e49-6e1f-46d8-aeaf-f950c9a1f6cd","metadata":{"contentType":"Image","license":"U","title":"Untitled Image"}},"backgroundOpacity":0,"willDoAnimation":true,"animationType":"glow","displayAsButton":false,"buttonSize":"big","goToSlideType":"specified","invisible":false,"id":"imgead235f9-264e-40e0-84e7-a4fd7733200c_0"},{"x":18.38235294117647,"y":40,"width":14.15441176470588,"height":26.181818181818183,"action":{"library":"H5P.Image 1.1","params":{"contentName":"Image"},"subContentId":"a4f01109-173f-4647-89e0-61fc272ae0b5","metadata":{"contentType":"Image","license":"U","title":"Untitled Image"}},"backgroundOpacity":0,"willDoAnimation":true,"animationType":"glow","displayAsButton":false,"buttonSize":"big","goToSlideType":"specified","invisible":false,"id":"imgead235f9-264e-40e0-84e7-a4fd7733200c_5"}],"slideBackgroundSelector":{}},{"elements":[{"x":16.338344226579522,"y":4.320560344827586,"width":33.00653594771242,"height":92.45689655172414,"action":{"library":"H5P.Image 1.1","params":{"contentName":"Image","file":{"path":"images\/file-620d8c5c30c01.jpg","mime":"image\/jpeg","copyright":{"license":"U"},"width":639,"height":918}},"metadata":{"contentType":"Image","license":"U","title":"Untitled Image"},"subContentId":"5bf06604-bab2-4fde-b399-8b6b9caf36cb"},"backgroundOpacity":0,"willDoAnimation":false,"animationType":"glow","displayAsButton":false,"buttonSize":"big","goToSlideType":"specified","invisible":false},{"x":51.470588235294116,"y":25.454545454545453,"width":40,"height":40,"action":{"library":"H5P.CRAdvancedText 1.1","params":{"text":"<p dir=\"ltr\" style=\"text-align: center;\"><span style=\"color:#ffffff;\"><span style=\"font-size:1.75em;\">Mimi ni mfupi kuliko wote kwenye familia.<\/span><\/span><\/p>\n"},"subContentId":"5da06bf6-c805-48c4-8fd0-add34ef36a2b","metadata":{"contentType":"Text","license":"U","title":"Untitled Text"}},"alwaysDisplayComments":false,"backgroundOpacity":0,"willDoAnimation":false,"animationType":"glow","displayAsButton":false,"buttonSize":"big","goToSlideType":"specified","invisible":false,"solution":""},{"x":46.96691176470588,"y":44,"width":40,"height":40,"action":{"library":"H5P.CRAudio 1.4","params":{"fitToWrapper":true,"currIndex":10,"playerMode":"minimalistic","controls":true,"autoplay":true,"playAudio":"Play audio","pauseAudio":"Pause audio","contentName":"Audio","glowColor":"#ffd85a","timeStampForEachText":[{"text":" Mimi ","startDuration":"0.3339","endDuration":"1.3095","wordfile":[{"path":"audios\/wordfile-66b1f13a1975a.mp3","mime":"audio\/mpeg","copyright":{"license":"U"}}]},{"text":" ni ","startDuration":"1.3105","endDuration":"1.6721","wordfile":[{"path":"audios\/wordfile-671760adee905.mp3","mime":"audio\/mpeg","copyright":{"license":"U"}}]},{"text":" mfupi ","startDuration":"1.6731","endDuration":"2.5194","wordfile":[{"path":"audios\/wordfile-66b1f16b9ec5a.mp3","mime":"audio\/mpeg","copyright":{"license":"U"}}]},{"text":" kuliko ","startDuration":"2.5204","endDuration":"3.3344","wordfile":[{"path":"audios\/wordfile-66b1f180aa84c.mp3","mime":"audio\/mpeg","copyright":{"license":"U"}}]},{"text":" wote ","startDuration":"3.3354","endDuration":"3.9339","wordfile":[{"path":"audios\/wordfile-66b1f1936521f.mp3","mime":"audio\/mpeg","copyright":{"license":"U"}}]},{"text":" kwenye ","startDuration":"3.9349","endDuration":"4.2211","wordfile":[{"path":"audios\/wordfile-66b1f1b3f1511.mp3","mime":"audio\/mpeg","copyright":{"license":"U"}}]},{"text":" familia. ","startDuration":"4.2221","endDuration":"5.2515","wordfile":[{"path":"audios\/wordfile-66b1f1c741109.mp3","mime":"audio\/mpeg","copyright":{"license":"U"}}]}],"files":[{"path":"audios\/files-66b1f11f800ce.mp3","mime":"audio\/mpeg","copyright":{"license":"U"}}]},"subContentId":"f7cc8a03-e1c1-4c8f-81f9-f91f7cdd38c2","metadata":{"contentType":"Curious Reader Audio","license":"U","title":"Untitled Curious Reader Audio"}},"backgroundOpacity":0,"willDoAnimation":false,"animationType":"glow","displayAsButton":false,"buttonSize":"big","goToSlideType":"specified","invisible":false},{"x":27.573529411764703,"y":43.63636363636363,"width":10.477941176470587,"height":21.454545454545453,"action":{"library":"H5P.Image 1.1","params":{"contentName":"Image"},"subContentId":"27171f29-2b3c-4d0f-8ea5-ca09aaa85a9d","metadata":{"contentType":"Image","license":"U","title":"Untitled Image"}},"backgroundOpacity":0,"willDoAnimation":true,"animationType":"glow","displayAsButton":false,"buttonSize":"big","goToSlideType":"specified","invisible":false,"id":"imgf7cc8a03-e1c1-4c8f-81f9-f91f7cdd38c2_0"},{"x":18.38235294117647,"y":10.951709090909091,"width":28.860294117647058,"height":46.18181818181818,"action":{"library":"H5P.Image 1.1","params":{"contentName":"Image"},"subContentId":"2beafb16-dda0-4be5-877e-f25868c71ff8","metadata":{"contentType":"Image","license":"U","title":"Untitled Image"}},"backgroundOpacity":0,"willDoAnimation":true,"animationType":"glow","displayAsButton":false,"buttonSize":"big","goToSlideType":"specified","invisible":false,"id":"imgf7cc8a03-e1c1-4c8f-81f9-f91f7cdd38c2_6"}],"slideBackgroundSelector":{}},{"elements":[{"x":17.426470588235293,"y":6.47334051724138,"width":32.46187363834423,"height":89.65517241379311,"action":{"library":"H5P.Image 1.1","params":{"contentName":"Image","file":{"path":"images\/file-620d8c9aa16a1.jpg","mime":"image\/jpeg","copyright":{"license":"U"},"width":639,"height":918}},"metadata":{"contentType":"Image","license":"U","title":"Untitled Image"},"subContentId":"ae70667a-fe5d-4f6e-96d3-e63ca9aa9160"},"backgroundOpacity":0,"willDoAnimation":false,"animationType":"glow","displayAsButton":false,"buttonSize":"big","goToSlideType":"specified","invisible":false},{"x":52.23880597014925,"y":22.14022140221402,"width":40,"height":40,"action":{"library":"H5P.CRAdvancedText 1.1","params":{"text":"<p dir=\"ltr\" style=\"text-align: center;\"><span style=\"font-size:1.75em;\"><span style=\"color:#ffffff;\">Oh subiri! Huyo hapo mbwa wetu, Jojo.<\/span><\/span><\/p>\n"},"subContentId":"9b262f75-e92f-402d-a68c-1f6324d6de47","metadata":{"contentType":"Text","license":"U","title":"Untitled Text"}},"alwaysDisplayComments":false,"backgroundOpacity":0,"willDoAnimation":false,"animationType":"glow","displayAsButton":false,"buttonSize":"big","goToSlideType":"specified","invisible":false,"solution":""},{"x":46.96691176470588,"y":44,"width":40,"height":40,"action":{"library":"H5P.CRAudio 1.4","params":{"fitToWrapper":true,"currIndex":11,"playerMode":"minimalistic","controls":true,"autoplay":true,"playAudio":"Play audio","pauseAudio":"Pause audio","contentName":"Audio","glowColor":"#ffd85a","timeStampForEachText":[{"text":" Oh ","startDuration":"0.0000","endDuration":"1.1485","wordfile":[{"path":"audios\/wordfile-66b1f20cef11e.mp3","mime":"audio\/mpeg","copyright":{"license":"U"}}]},{"text":" subiri! ","startDuration":"1.1495","endDuration":"2.3884","wordfile":[{"path":"audios\/wordfile-66b1f22077aeb.mp3","mime":"audio\/mpeg","copyright":{"license":"U"}}]},{"text":" Huyo ","startDuration":"2.8298","endDuration":"3.4024","wordfile":[{"path":"audios\/wordfile-66b1f23f3fbb4.mp3","mime":"audio\/mpeg","copyright":{"license":"U"}}]},{"text":" hapo ","startDuration":"3.4034","endDuration":"3.8857","wordfile":[{"path":"audios\/wordfile-66b1f2523251e.mp3","mime":"audio\/mpeg","copyright":{"license":"U"}}]},{"text":" mbwa ","startDuration":"3.8867","endDuration":"4.3690","wordfile":[{"path":"audios\/wordfile-66b1f26a0df1d.mp3","mime":"audio\/mpeg","copyright":{"license":"U"}}]},{"text":" wetu, ","startDuration":"4.3700","endDuration":"4.7845","wordfile":[{"path":"audios\/wordfile-66b1f2851050c.mp3","mime":"audio\/mpeg","copyright":{"license":"U"}}]},{"text":" Jojo. ","startDuration":"4.7855","endDuration":"5.5049","wordfile":[{"path":"audios\/wordfile-66b1f29d69554.mp3","mime":"audio\/mpeg","copyright":{"license":"U"}}]}],"files":[{"path":"audios\/files-66b1f1f032889.mp3","mime":"audio\/mpeg","copyright":{"license":"U"}}]},"subContentId":"8415e128-f675-449c-b178-acb99792ad52","metadata":{"contentType":"Curious Reader Audio","license":"U","title":"Untitled Curious Reader Audio"}},"backgroundOpacity":0,"willDoAnimation":false,"animationType":"glow","displayAsButton":false,"buttonSize":"big","goToSlideType":"specified","invisible":false},{"x":34.92647058823529,"y":65.45454545454545,"width":12.316176470588234,"height":21.454545454545453,"action":{"library":"H5P.Image 1.1","params":{"contentName":"Image"},"subContentId":"30dc6aa0-b4e6-4ef8-94e4-9a71c5e3f514","metadata":{"contentType":"Image","license":"U","title":"Untitled Image"}},"backgroundOpacity":0,"willDoAnimation":true,"animationType":"glow","displayAsButton":false,"buttonSize":"big","goToSlideType":"specified","invisible":false,"id":"img8415e128-f675-449c-b178-acb99792ad52_4"},{"x":31.249999999999996,"y":61.81818181818182,"width":17.830882352941174,"height":24.727272727272727,"action":{"library":"H5P.Image 1.1","params":{"contentName":"Image"},"subContentId":"9fe20685-179c-4dcb-a3fb-2d89a4dc1ed6","metadata":{"contentType":"Image","license":"U","title":"Untitled Image"}},"backgroundOpacity":0,"willDoAnimation":true,"animationType":"glow","displayAsButton":false,"buttonSize":"big","goToSlideType":"specified","invisible":false,"id":"img8415e128-f675-449c-b178-acb99792ad52_6"}],"slideBackgroundSelector":{}},{"elements":[{"x":16.228976034858388,"y":6.47334051724138,"width":32.6797385620915,"height":90.51724137931035,"action":{"library":"H5P.Image 1.1","params":{"contentName":"Image","file":{"path":"images\/file-620d8cddb99ae.jpg","mime":"image\/jpeg","copyright":{"license":"U"},"width":479,"height":687}},"metadata":{"contentType":"Image","license":"U","title":"Untitled Image"},"subContentId":"b0a958ff-98a9-43bb-a0f2-0d435e39a16f"},"backgroundOpacity":0,"willDoAnimation":false,"animationType":"glow","displayAsButton":false,"buttonSize":"big","goToSlideType":"specified","invisible":false},{"x":53.30882352941176,"y":14.545454545454545,"width":40,"height":40,"action":{"library":"H5P.CRAdvancedText 1.1","params":{"text":"<p dir=\"ltr\" style=\"text-align: center;\"><span style=\"font-size:1.75em;\"><span style=\"color:#ffffff;\">Jojo anachukua ndala zangu.<\/span><\/span><\/p>\n"},"subContentId":"8564a3dc-0eca-4be8-ba1d-b8018542d278","metadata":{"contentType":"Text","license":"U","title":"Untitled Text"}},"alwaysDisplayComments":false,"backgroundOpacity":0,"willDoAnimation":false,"animationType":"glow","displayAsButton":false,"buttonSize":"big","goToSlideType":"specified","invisible":false,"solution":""},{"x":46.96691176470588,"y":44,"width":40,"height":40,"action":{"library":"H5P.CRAudio 1.4","params":{"fitToWrapper":true,"currIndex":12,"playerMode":"minimalistic","controls":true,"autoplay":true,"playAudio":"Play audio","pauseAudio":"Pause audio","contentName":"Audio","glowColor":"#ffd85a","timeStampForEachText":[{"text":" Jojo ","startDuration":"0.0000","endDuration":"0.8457","wordfile":[{"path":"audios\/wordfile-66b1f2c83ca87.mp3","mime":"audio\/mpeg","copyright":{"license":"U"}}]},{"text":" anachukua ","startDuration":"0.8467","endDuration":"2.0015","wordfile":[{"path":"audios\/wordfile-66b1f2e56b508.mp3","mime":"audio\/mpeg","copyright":{"license":"U"}}]},{"text":" ndala ","startDuration":"2.0025","endDuration":"2.4292","wordfile":[{"path":"audios\/wordfile-66b1f2f9755e4.mp3","mime":"audio\/mpeg","copyright":{"license":"U"}}]},{"text":" zangu. ","startDuration":"2.4302","endDuration":"3.2415","wordfile":[{"path":"audios\/wordfile-66b1f30c70c72.mp3","mime":"audio\/mpeg","copyright":{"license":"U"}}]}],"files":[{"path":"audios\/files-66b1f2b653c8f.mp3","mime":"audio\/mpeg","copyright":{"license":"U"}}]},"subContentId":"f455bd57-94b2-4359-9851-ace6b25756e0","metadata":{"contentType":"Curious Reader Audio","license":"U","title":"Untitled Curious Reader Audio"}},"backgroundOpacity":0,"willDoAnimation":false,"animationType":"glow","displayAsButton":false,"buttonSize":"big","goToSlideType":"specified","invisible":false},{"x":34.92647058823529,"y":61.81818181818182,"width":12.316176470588234,"height":19.272727272727273,"action":{"library":"H5P.Image 1.1","params":{"contentName":"Image"},"subContentId":"fdfbe5c6-0cd2-4d1f-8d9e-49977506bffb","metadata":{"contentType":"Image","license":"U","title":"Untitled Image"}},"backgroundOpacity":0,"willDoAnimation":true,"animationType":"glow","displayAsButton":false,"buttonSize":"big","goToSlideType":"specified","invisible":false,"id":"imgf455bd57-94b2-4359-9851-ace6b25756e0_0"},{"x":33.088235294117645,"y":69.0909090909091,"width":6.8014705882352935,"height":16.363636363636363,"action":{"library":"H5P.Image 1.1","params":{"contentName":"Image"},"subContentId":"70293e15-b7ba-4ea1-9d67-0123378d7235","metadata":{"contentType":"Image","license":"U","title":"Untitled Image"}},"backgroundOpacity":0,"willDoAnimation":true,"animationType":"glow","displayAsButton":false,"buttonSize":"big","goToSlideType":"specified","invisible":false,"id":"imgf455bd57-94b2-4359-9851-ace6b25756e0_2"},{"x":16.544117647058822,"y":29.09090909090909,"width":14.15441176470588,"height":26.181818181818183,"action":{"library":"H5P.Image 1.1","params":{"contentName":"Image"},"subContentId":"85c6aa61-d3f9-456d-a059-9cf923440113","metadata":{"contentType":"Image","license":"U","title":"Untitled Image"}},"backgroundOpacity":0,"willDoAnimation":true,"animationType":"glow","displayAsButton":false,"buttonSize":"big","goToSlideType":"specified","invisible":false,"id":"imgf455bd57-94b2-4359-9851-ace6b25756e0_3"}],"slideBackgroundSelector":{}},{"elements":[{"x":15.247167755991283,"y":6.47334051724138,"width":32.6797385620915,"height":90.30172413793105,"action":{"library":"H5P.Image 1.1","params":{"contentName":"Image","file":{"path":"images\/file-620d8d0a066ff.jpg","mime":"image\/jpeg","copyright":{"license":"U"},"width":479,"height":687}},"metadata":{"contentType":"Image","license":"U","title":"Untitled Image"},"subContentId":"89d672ca-d3ad-478d-bb23-9297f0787395"},"backgroundOpacity":0,"willDoAnimation":false,"animationType":"glow","displayAsButton":false,"buttonSize":"big","goToSlideType":"specified","invisible":false},{"x":49.632352941176464,"y":25.454545454545453,"width":40,"height":40,"action":{"library":"H5P.CRAdvancedText 1.1","params":{"text":"<p dir=\"ltr\" style=\"text-align: center;\"><span style=\"color:#ffffff;\"><span style=\"font-size:1.75em;\">Haha! Jojo ni mfupi kuliko wote.<\/span><\/span><\/p>\n"},"subContentId":"2454353b-98f5-4c25-87f6-d757dd5e4711","metadata":{"contentType":"Text","license":"U","title":"Untitled Text"}},"alwaysDisplayComments":false,"backgroundOpacity":0,"willDoAnimation":false,"animationType":"glow","displayAsButton":false,"buttonSize":"big","goToSlideType":"specified","invisible":false,"solution":""},{"x":92.5925925925926,"y":2.151768538561844,"width":40,"height":40,"action":{"library":"H5P.CRAudio 1.4","params":{"fitToWrapper":true,"currIndex":13,"playerMode":"minimalistic","controls":true,"autoplay":true,"playAudio":"Play audio","pauseAudio":"Pause audio","contentName":"Audio","glowColor":"#ffd85a","timeStampForEachText":[{"text":" Haha! ","startDuration":"0.0000","endDuration":"1.5223","wordfile":[{"path":"audios\/wordfile-66b1f36ee7bb9.mp3","mime":"audio\/mpeg","copyright":{"license":"U"}}]},{"text":" Jojo ","startDuration":"1.8402","endDuration":"2.9253","wordfile":[{"path":"audios\/wordfile-66b1f3854638c.mp3","mime":"audio\/mpeg","copyright":{"license":"U"}}]},{"text":" ni ","startDuration":"2.9263","endDuration":"3.3121","wordfile":[{"path":"audios\/wordfile-671760c79e04e.mp3","mime":"audio\/mpeg","copyright":{"license":"U"}}]},{"text":" mfupi ","startDuration":"3.3131","endDuration":"3.8737","wordfile":[{"path":"audios\/wordfile-66b1f3aedc46d.mp3","mime":"audio\/mpeg","copyright":{"license":"U"}}]},{"text":" kuliko ","startDuration":"3.8747","endDuration":"4.4900","wordfile":[{"path":"audios\/wordfile-66b1f3c483cb2.mp3","mime":"audio\/mpeg","copyright":{"license":"U"}}]},{"text":" wote. ","startDuration":"4.4910","endDuration":"5.4778","wordfile":[{"path":"audios\/wordfile-66b1f3d7423ed.mp3","mime":"audio\/mpeg","copyright":{"license":"U"}}]}],"files":[{"path":"audios\/files-66b1f34f1bfa5.mp3","mime":"audio\/mpeg","copyright":{"license":"U"}}]},"subContentId":"70a3a914-7f87-41bc-9408-f31a26f410b5","metadata":{"contentType":"Curious Reader Audio","license":"U","title":"Untitled Curious Reader Audio"}},"backgroundOpacity":0,"willDoAnimation":false,"animationType":"glow","displayAsButton":false,"buttonSize":"big","goToSlideType":"specified","invisible":false},{"x":29.41176470588235,"y":61.81818181818182,"width":10.477941176470587,"height":19.636363636363637,"action":{"library":"H5P.Image 1.1","params":{"contentName":"Image"},"subContentId":"deea752e-3dc3-43a4-ad43-6eca4c9dd649","metadata":{"contentType":"Image","license":"U","title":"Untitled Image"}},"backgroundOpacity":0,"willDoAnimation":true,"animationType":"glow","displayAsButton":false,"buttonSize":"big","goToSlideType":"specified","invisible":false,"id":"img70a3a914-7f87-41bc-9408-f31a26f410b5_1"},{"x":29.41176470588235,"y":61.81818181818182,"width":11.213235294117647,"height":20.727272727272727,"action":{"library":"H5P.Image 1.1","params":{"contentName":"Image"},"subContentId":"43397c0f-3269-413e-9f8c-8f7ab648f29a","metadata":{"contentType":"Image","license":"U","title":"Untitled Image"}},"backgroundOpacity":0,"willDoAnimation":true,"animationType":"glow","displayAsButton":false,"buttonSize":"big","goToSlideType":"specified","invisible":false,"id":"img70a3a914-7f87-41bc-9408-f31a26f410b5_3"}],"slideBackgroundSelector":{}},{"elements":[{"x":14.159041394335512,"y":7.847370689655173,"width":35.83877995642702,"height":89.00862068965517,"action":{"library":"H5P.Image 1.1","params":{"contentName":"Image","file":{"path":"images\/file-620d8d312228a.jpg","mime":"image\/jpeg","copyright":{"license":"U"},"width":479,"height":687}},"metadata":{"contentType":"Image","license":"U","title":"Untitled Image"},"subContentId":"e767bcfd-f9ac-468c-afd5-1d15bc90d6b7"},"backgroundOpacity":0,"willDoAnimation":false,"animationType":"glow","displayAsButton":false,"buttonSize":"big","goToSlideType":"specified","invisible":false},{"x":51.94805194805195,"y":17.094017094017094,"width":40,"height":40,"action":{"library":"H5P.CRAdvancedText 1.1","params":{"text":"<p dir=\"ltr\" style=\"text-align: center;\"><span style=\"color:#ffffff;\"><span style=\"font-size:1.75em;\">Ndiyo! Jojo ni mfupi kuliko mimi.<\/span><\/span><\/p>\n"},"subContentId":"9ad72868-95b2-40a9-b911-06eaf294e6d2","metadata":{"contentType":"Text","license":"U","title":"Untitled Text"}},"alwaysDisplayComments":false,"backgroundOpacity":0,"willDoAnimation":false,"animationType":"glow","displayAsButton":false,"buttonSize":"big","goToSlideType":"specified","invisible":false,"solution":""},{"x":46.96691176470588,"y":44,"width":40,"height":40,"action":{"library":"H5P.CRAudio 1.4","params":{"fitToWrapper":true,"currIndex":14,"playerMode":"minimalistic","controls":true,"autoplay":true,"playAudio":"Play audio","pauseAudio":"Pause audio","contentName":"Audio","glowColor":"#ffd85a","timeStampForEachText":[{"text":" Ndiyo! ","startDuration":"0.0097","endDuration":"1.1731","wordfile":[{"path":"audios\/wordfile-66b1f40bdc443.mp3","mime":"audio\/mpeg","copyright":{"license":"U"}}]},{"text":" Jojo ","startDuration":"1.1741","endDuration":"2.2207","wordfile":[{"path":"audios\/wordfile-66b1f41ef0693.mp3","mime":"audio\/mpeg","copyright":{"license":"U"}}]},{"text":" ni ","startDuration":"2.2217","endDuration":"2.5093","wordfile":[{"path":"audios\/wordfile-671760d8d2bcd.mp3","mime":"audio\/mpeg","copyright":{"license":"U"}}]},{"text":" mfupi ","startDuration":"2.5103","endDuration":"3.2163","wordfile":[{"path":"audios\/wordfile-66b1f44ba093b.mp3","mime":"audio\/mpeg","copyright":{"license":"U"}}]},{"text":" kuliko ","startDuration":"3.2173","endDuration":"3.7871","wordfile":[{"path":"audios\/wordfile-66b1f45dbece1.mp3","mime":"audio\/mpeg","copyright":{"license":"U"}}]},{"text":" mimi. ","startDuration":"3.7881","endDuration":"4.4844","wordfile":[{"path":"audios\/wordfile-66b1f46f897bb.mp3","mime":"audio\/mpeg","copyright":{"license":"U"}}]}],"files":[{"path":"audios\/files-66b1f3f76645e.mp3","mime":"audio\/mpeg","copyright":{"license":"U"}}]},"subContentId":"3e6618a0-9847-476b-a998-2d1c42683479","metadata":{"contentType":"Curious Reader Audio","license":"U","title":"Untitled Curious Reader Audio"}},"backgroundOpacity":0,"willDoAnimation":false,"animationType":"glow","displayAsButton":false,"buttonSize":"big","goToSlideType":"specified","invisible":false},{"x":18.38235294117647,"y":58.18181818181818,"width":14.15441176470588,"height":26.181818181818183,"action":{"library":"H5P.Image 1.1","params":{"contentName":"Image"},"subContentId":"52d3bdad-a8d0-4de1-808b-3322d9c6661d","metadata":{"contentType":"Image","license":"U","title":"Untitled Image"}},"backgroundOpacity":0,"willDoAnimation":true,"animationType":"glow","displayAsButton":false,"buttonSize":"big","goToSlideType":"specified","invisible":false,"id":"img3e6618a0-9847-476b-a998-2d1c42683479_1"},{"x":25.735294117647058,"y":18.181818181818183,"width":18.566176470588236,"height":31.636363636363637,"action":{"library":"H5P.Image 1.1","params":{"contentName":"Image"},"subContentId":"f22ba768-b26e-4513-b2b6-74f8bc4b1e2e","metadata":{"contentType":"Image","license":"U","title":"Untitled Image"}},"backgroundOpacity":0,"willDoAnimation":true,"animationType":"glow","displayAsButton":false,"buttonSize":"big","goToSlideType":"specified","invisible":false,"id":"img3e6618a0-9847-476b-a998-2d1c42683479_5"}],"slideBackgroundSelector":{}},{"elements":[{"x":13.832270408163264,"y":6.468438287153652,"width":34.43877551020408,"height":90.42821158690175,"action":{"library":"H5P.Image 1.1","params":{"contentName":"Image","file":{"path":"images\/file-620d8d58bb16b.jpg","mime":"image\/jpeg","copyright":{"license":"U"},"width":639,"height":918}},"metadata":{"contentType":"Image","license":"U","title":"Untitled Image"},"subContentId":"04bd3f8e-9a22-417f-8446-3b35b45f2017"},"backgroundOpacity":0,"willDoAnimation":false,"animationType":"glow","displayAsButton":false,"buttonSize":"big","goToSlideType":"specified","invisible":false},{"x":51.470588235294116,"y":18.181818181818183,"width":40,"height":40,"action":{"library":"H5P.CRAdvancedText 1.1","params":{"text":"<p dir=\"ltr\" style=\"text-align: center;\"><span style=\"font-size:1.75em;\"><span style=\"color:#ffffff;\">Mimi ni mfupi kuliko kaka yangu.<\/span><\/span><\/p>\n"},"subContentId":"07b0ce94-eba5-402f-b644-a387589e0110","metadata":{"contentType":"Text","license":"U","title":"Untitled Text"}},"alwaysDisplayComments":false,"backgroundOpacity":0,"willDoAnimation":false,"animationType":"glow","displayAsButton":false,"buttonSize":"big","goToSlideType":"specified","invisible":false,"solution":""},{"x":46.96691176470588,"y":44,"width":40,"height":40,"action":{"library":"H5P.CRAudio 1.4","params":{"fitToWrapper":true,"currIndex":15,"playerMode":"minimalistic","controls":true,"autoplay":true,"playAudio":"Play audio","pauseAudio":"Pause audio","contentName":"Audio","glowColor":"#ffd85a","timeStampForEachText":[{"text":" Mimi ","startDuration":"0.0000","endDuration":"0.9962","wordfile":[{"path":"audios\/wordfile-66b1f49b0489d.mp3","mime":"audio\/mpeg","copyright":{"license":"U"}}]},{"text":" ni ","startDuration":"0.9972","endDuration":"1.3166","wordfile":[{"path":"audios\/wordfile-671760e98ec53.mp3","mime":"audio\/mpeg","copyright":{"license":"U"}}]},{"text":" mfupi ","startDuration":"1.3176","endDuration":"2.0590","wordfile":[{"path":"audios\/wordfile-66b1f4cfbce84.mp3","mime":"audio\/mpeg","copyright":{"license":"U"}}]},{"text":" kuliko ","startDuration":"2.0600","endDuration":"2.8094","wordfile":[{"path":"audios\/wordfile-66b1f4e7c557d.mp3","mime":"audio\/mpeg","copyright":{"license":"U"}}]},{"text":" kaka ","startDuration":"2.8104","endDuration":"3.1935","wordfile":[{"path":"audios\/wordfile-670f7e2852781.mp3","mime":"audio\/mpeg","copyright":{"license":"U"}}]},{"text":" yangu. ","startDuration":"3.1945","endDuration":"3.9518","wordfile":[{"path":"audios\/wordfile-66b1f5117ddea.mp3","mime":"audio\/mpeg","copyright":{"license":"U"}}]}],"files":[{"path":"audios\/files-66b1f487da9ec.mp3","mime":"audio\/mpeg","copyright":{"license":"U"}}]},"subContentId":"1749fa0d-9d83-49fb-9a5e-1cbb39b8db1b","metadata":{"contentType":"Curious Reader Audio","license":"U","title":"Untitled Curious Reader Audio"}},"backgroundOpacity":0,"willDoAnimation":false,"animationType":"glow","displayAsButton":false,"buttonSize":"big","goToSlideType":"specified","invisible":false},{"x":18.38235294117647,"y":29.09090909090909,"width":14.338235294117647,"height":24.363636363636363,"action":{"library":"H5P.Image 1.1","params":{"contentName":"Image"},"subContentId":"410f2327-ac39-48a1-ab48-22a91bbdd6fc","metadata":{"contentType":"Image","license":"U","title":"Untitled Image"}},"backgroundOpacity":0,"willDoAnimation":true,"animationType":"glow","displayAsButton":false,"buttonSize":"big","goToSlideType":"specified","invisible":false,"id":"img1749fa0d-9d83-49fb-9a5e-1cbb39b8db1b_0"},{"x":27.573529411764703,"y":14.545454545454545,"width":17.830882352941174,"height":40,"action":{"library":"H5P.Image 1.1","params":{"contentName":"Image"},"subContentId":"73c46884-546c-493f-840c-fdefc88db99e","metadata":{"contentType":"Image","license":"U","title":"Untitled Image"}},"backgroundOpacity":0,"willDoAnimation":true,"animationType":"glow","displayAsButton":false,"buttonSize":"big","goToSlideType":"specified","invisible":false,"id":"img1749fa0d-9d83-49fb-9a5e-1cbb39b8db1b_4"}],"slideBackgroundSelector":{}},{"elements":[{"x":14.161220043572985,"y":6.4655172413793105,"width":35.947712418300654,"height":90.73275862068967,"action":{"library":"H5P.Image 1.1","params":{"contentName":"Image","file":{"path":"images\/file-620d8da1ca430.jpg","mime":"image\/jpeg","copyright":{"license":"U"},"width":479,"height":687}},"metadata":{"contentType":"Image","license":"U","title":"Untitled Image"},"subContentId":"60e40c47-4d45-4d74-8969-9c409aee425a"},"backgroundOpacity":0,"willDoAnimation":false,"animationType":"glow","displayAsButton":false,"buttonSize":"big","goToSlideType":"specified","invisible":false},{"x":54.1044776119403,"y":29.52029520295203,"width":40,"height":40,"action":{"library":"H5P.CRAdvancedText 1.1","params":{"text":"<p dir=\"ltr\" style=\"text-align: center;\"><span style=\"color:#ffffff;\"><span style=\"font-size:1.75em;\">Kaka yangu ni mfupi kuliko dada yangu.<\/span><\/span><\/p>\n"},"subContentId":"4e808457-769d-4f3b-95db-7d65d906f36b","metadata":{"contentType":"Text","license":"U","title":"Untitled Text"}},"alwaysDisplayComments":false,"backgroundOpacity":0,"willDoAnimation":false,"animationType":"glow","displayAsButton":false,"buttonSize":"big","goToSlideType":"specified","invisible":false,"solution":""},{"x":46.96691176470588,"y":44,"width":40,"height":40,"action":{"library":"H5P.CRAudio 1.4","params":{"fitToWrapper":true,"currIndex":16,"playerMode":"minimalistic","controls":true,"autoplay":true,"playAudio":"Play audio","pauseAudio":"Pause audio","contentName":"Audio","glowColor":"#ffd85a","timeStampForEachText":[{"text":" Kaka ","startDuration":"0.0000","endDuration":"0.7438","wordfile":[{"path":"audios\/wordfile-670f7e3aa57b6.mp3","mime":"audio\/mpeg","copyright":{"license":"U"}}]},{"text":" yangu ","startDuration":"0.7448","endDuration":"1.4589","wordfile":[{"path":"audios\/wordfile-66b1f5a99434e.mp3","mime":"audio\/mpeg","copyright":{"license":"U"}}]},{"text":" ni ","startDuration":"1.6280","endDuration":"1.9961","wordfile":[{"path":"audios\/wordfile-671760fc0cad6.mp3","mime":"audio\/mpeg","copyright":{"license":"U"}}]},{"text":" mfupi ","startDuration":"1.9971","endDuration":"2.7013","wordfile":[{"path":"audios\/wordfile-66b1f5dc8801b.mp3","mime":"audio\/mpeg","copyright":{"license":"U"}}]},{"text":" kuliko ","startDuration":"2.7023","endDuration":"3.6339","wordfile":[{"path":"audios\/wordfile-66b1f5fc10cbc.mp3","mime":"audio\/mpeg","copyright":{"license":"U"}}]},{"text":" dada ","startDuration":"3.6349","endDuration":"3.9239","wordfile":[{"path":"audios\/wordfile-670f7e471d256.mp3","mime":"audio\/mpeg","copyright":{"license":"U"}}]},{"text":" yangu. ","startDuration":"3.9249","endDuration":"4.9633","wordfile":[{"path":"audios\/wordfile-66b1f626e84ac.mp3","mime":"audio\/mpeg","copyright":{"license":"U"}}]}],"files":[{"path":"audios\/files-66b1f566090c4.mp3","mime":"audio\/mpeg","copyright":{"license":"U"}}]},"subContentId":"bd51379a-c78d-4f30-add7-3601c1aef15e","metadata":{"contentType":"Curious Reader Audio","license":"U","title":"Untitled Curious Reader Audio"}},"backgroundOpacity":0,"willDoAnimation":false,"animationType":"glow","displayAsButton":false,"buttonSize":"big","goToSlideType":"specified","invisible":false},{"x":33.088235294117645,"y":14.545454545454545,"width":16.360294117647058,"height":28,"action":{"library":"H5P.Image 1.1","params":{"contentName":"Image"},"subContentId":"9a859579-e6f6-4041-bf94-6679eb963260","metadata":{"contentType":"Image","license":"U","title":"Untitled Image"}},"backgroundOpacity":0,"willDoAnimation":true,"animationType":"glow","displayAsButton":false,"buttonSize":"big","goToSlideType":"specified","invisible":false,"id":"imgbd51379a-c78d-4f30-add7-3601c1aef15e_0"},{"x":14.705882352941176,"y":7.2727272727272725,"width":19.669117647058822,"height":40,"action":{"library":"H5P.Image 1.1","params":{"contentName":"Image"},"subContentId":"3da1806d-0f04-4815-81af-a22055eb2fd1","metadata":{"contentType":"Image","license":"U","title":"Untitled Image"}},"backgroundOpacity":0,"willDoAnimation":true,"animationType":"glow","displayAsButton":false,"buttonSize":"big","goToSlideType":"specified","invisible":false,"id":"imgbd51379a-c78d-4f30-add7-3601c1aef15e_5"}],"slideBackgroundSelector":{}},{"elements":[{"x":14.596949891067538,"y":5.603448275862069,"width":34.85838779956427,"height":91.16379310344828,"action":{"library":"H5P.Image 1.1","params":{"contentName":"Image","file":{"path":"images\/file-620d8dcd7ce8c.jpg","mime":"image\/jpeg","copyright":{"license":"U"},"width":479,"height":687}},"metadata":{"contentType":"Image","license":"U","title":"Untitled Image"},"subContentId":"74592e07-1d40-4cfc-8d4f-dc0d059d43f9"},"backgroundOpacity":0,"willDoAnimation":false,"animationType":"glow","displayAsButton":false,"buttonSize":"big","goToSlideType":"specified","invisible":false},{"x":50.505050505050505,"y":28.490028490028493,"width":40,"height":40,"action":{"library":"H5P.CRAdvancedText 1.1","params":{"text":"<p dir=\"ltr\" style=\"text-align: center;\"><span style=\"font-size:1.75em;\"><span style=\"color:#ffffff;\">Dada yangu ni mfupi kuliko Ma.<\/span><\/span><\/p>\n"},"subContentId":"6643345b-5a55-497e-8b6d-cb994138123e","metadata":{"contentType":"Text","license":"U","title":"Untitled Text"}},"alwaysDisplayComments":false,"backgroundOpacity":0,"willDoAnimation":false,"animationType":"glow","displayAsButton":false,"buttonSize":"big","goToSlideType":"specified","invisible":false,"solution":""},{"x":46.96691176470588,"y":44,"width":40,"height":40,"action":{"library":"H5P.CRAudio 1.4","params":{"fitToWrapper":true,"currIndex":17,"playerMode":"minimalistic","controls":true,"autoplay":true,"playAudio":"Play audio","pauseAudio":"Pause audio","contentName":"Audio","glowColor":"#ffd85a","timeStampForEachText":[{"text":" Dada ","startDuration":"0.0000","endDuration":"0.4966","wordfile":[{"path":"audios\/wordfile-670f7e58b2bd4.mp3","mime":"audio\/mpeg","copyright":{"license":"U"}}]},{"text":" yangu ","startDuration":"0.4976","endDuration":"1.2284","wordfile":[{"path":"audios\/wordfile-66b1f66c929f1.mp3","mime":"audio\/mpeg","copyright":{"license":"U"}}]},{"text":" ni ","startDuration":"1.4011","endDuration":"1.6636","wordfile":[{"path":"audios\/wordfile-6717610c8c7e6.mp3","mime":"audio\/mpeg","copyright":{"license":"U"}}]},{"text":" mfupi ","startDuration":"1.6646","endDuration":"2.4032","wordfile":[{"path":"audios\/wordfile-66b1f6b042f57.mp3","mime":"audio\/mpeg","copyright":{"license":"U"}}]},{"text":" kuliko ","startDuration":"2.4042","endDuration":"3.1584","wordfile":[{"path":"audios\/wordfile-66b1f6cc77684.mp3","mime":"audio\/mpeg","copyright":{"license":"U"}}]},{"text":" Ma. ","startDuration":"3.1594","endDuration":"3.8433","wordfile":[{"path":"audios\/wordfile-66b1f6de1fbaf.mp3","mime":"audio\/mpeg","copyright":{"license":"U"}}]}],"files":[{"path":"audios\/files-66b1f64075f08.mp3","mime":"audio\/mpeg","copyright":{"license":"U"}}]},"subContentId":"7ea34251-4984-4afe-bbeb-9d7cb1328974","metadata":{"contentType":"Curious Reader Audio","license":"U","title":"Untitled Curious Reader Audio"}},"backgroundOpacity":0,"willDoAnimation":false,"animationType":"glow","displayAsButton":false,"buttonSize":"big","goToSlideType":"specified","invisible":false},{"x":16.544117647058822,"y":21.818181818181817,"width":10.477941176470587,"height":40,"action":{"library":"H5P.Image 1.1","params":{"contentName":"Image"},"subContentId":"6fe390f9-4ecf-46a3-8ae8-b0bc53c02886","metadata":{"contentType":"Image","license":"U","title":"Untitled Image"}},"backgroundOpacity":0,"willDoAnimation":true,"animationType":"glow","displayAsButton":false,"buttonSize":"big","goToSlideType":"specified","invisible":false,"id":"img7ea34251-4984-4afe-bbeb-9d7cb1328974_0"},{"x":23.89705882352941,"y":14.545454545454545,"width":9.742647058823529,"height":24.363636363636363,"action":{"library":"H5P.Image 1.1","params":{"contentName":"Image"},"subContentId":"41ae75c8-4bba-44f9-9cbd-a79ec5afa1d3","metadata":{"contentType":"Image","license":"U","title":"Untitled Image"}},"backgroundOpacity":0,"willDoAnimation":true,"animationType":"glow","displayAsButton":false,"buttonSize":"big","goToSlideType":"specified","invisible":false,"id":"img7ea34251-4984-4afe-bbeb-9d7cb1328974_5"}],"slideBackgroundSelector":{}},{"elements":[{"x":13.069005102040816,"y":6.468438287153652,"width":35.714285714285715,"height":90.6801007556675,"action":{"library":"H5P.Image 1.1","params":{"contentName":"Image","file":{"path":"images\/file-620d8e258bed1.jpg","mime":"image\/jpeg","copyright":{"license":"U"},"width":479,"height":687}},"metadata":{"contentType":"Image","license":"U","title":"Untitled Image"},"subContentId":"bf6b3186-5b89-4ff3-9612-1418d24637a7"},"backgroundOpacity":0,"willDoAnimation":false,"animationType":"glow","displayAsButton":false,"buttonSize":"big","goToSlideType":"specified","invisible":false},{"x":53.30882352941176,"y":25.454545454545453,"width":40,"height":40,"action":{"library":"H5P.CRAdvancedText 1.1","params":{"text":"<p dir=\"ltr\" style=\"text-align: center;\"><span style=\"font-size:1.75em;\"><span style=\"color:#ffffff;\">Ma ni mfupi kuliko Pa.<\/span><\/span><\/p>\n"},"subContentId":"1d423c8b-2b6a-404c-ad55-e7db2fcd8803","metadata":{"contentType":"Text","license":"U","title":"Untitled Text"}},"alwaysDisplayComments":false,"backgroundOpacity":0,"willDoAnimation":false,"animationType":"glow","displayAsButton":false,"buttonSize":"big","goToSlideType":"specified","invisible":false,"solution":""},{"x":46.96691176470588,"y":44,"width":40,"height":40,"action":{"library":"H5P.CRAudio 1.4","params":{"fitToWrapper":true,"currIndex":18,"playerMode":"minimalistic","controls":true,"autoplay":true,"playAudio":"Play audio","pauseAudio":"Pause audio","contentName":"Audio","glowColor":"#ffd85a","timeStampForEachText":[{"text":" Ma ","startDuration":"0.0000","endDuration":"1.1583","wordfile":[{"path":"audios\/wordfile-66b1f7190d3f0.mp3","mime":"audio\/mpeg","copyright":{"license":"U"}}]},{"text":" ni ","startDuration":"1.1593","endDuration":"1.5027","wordfile":[{"path":"audios\/wordfile-6717611e8aaa7.mp3","mime":"audio\/mpeg","copyright":{"license":"U"}}]},{"text":" mfupi ","startDuration":"1.5037","endDuration":"2.2470","wordfile":[{"path":"audios\/wordfile-66b1f74b7efd6.mp3","mime":"audio\/mpeg","copyright":{"license":"U"}}]},{"text":" kuliko ","startDuration":"2.2480","endDuration":"3.0592","wordfile":[{"path":"audios\/wordfile-66b1f766286c4.mp3","mime":"audio\/mpeg","copyright":{"license":"U"}}]},{"text":" Pa. ","startDuration":"3.0602","endDuration":"3.5997","wordfile":[{"path":"audios\/wordfile-66b1f77eb7d6b.mp3","mime":"audio\/mpeg","copyright":{"license":"U"}}]}],"files":[{"path":"audios\/files-66b1f6f855763.mp3","mime":"audio\/mpeg","copyright":{"license":"U"}}]},"subContentId":"cfdaf757-a7f1-4e71-a072-730a8efe38fe","metadata":{"contentType":"Curious Reader Audio","license":"U","title":"Untitled Curious Reader Audio"}},"backgroundOpacity":0,"willDoAnimation":false,"animationType":"glow","displayAsButton":false,"buttonSize":"big","goToSlideType":"specified","invisible":false},{"x":18.38235294117647,"y":14.545454545454545,"width":8.63970588235294,"height":19.636363636363637,"action":{"library":"H5P.Image 1.1","params":{"contentName":"Image"},"subContentId":"6ea94006-0fec-4f45-866b-a4747811ec18","metadata":{"contentType":"Image","license":"U","title":"Untitled Image"}},"backgroundOpacity":0,"willDoAnimation":true,"animationType":"glow","displayAsButton":false,"buttonSize":"big","goToSlideType":"specified","invisible":false,"id":"imgcfdaf757-a7f1-4e71-a072-730a8efe38fe_0"},{"x":27.573529411764703,"y":7.2727272727272725,"width":10.845588235294118,"height":24.363636363636363,"action":{"library":"H5P.Image 1.1","params":{"contentName":"Image"},"subContentId":"7db9f877-0798-4143-80c1-c4b74822bbfc","metadata":{"contentType":"Image","license":"U","title":"Untitled Image"}},"backgroundOpacity":0,"willDoAnimation":true,"animationType":"glow","displayAsButton":false,"buttonSize":"big","goToSlideType":"specified","invisible":false,"id":"imgcfdaf757-a7f1-4e71-a072-730a8efe38fe_4"}],"slideBackgroundSelector":{}},{"elements":[{"x":13.071023965141611,"y":6.482349137931035,"width":35.83877995642702,"height":90.51724137931035,"action":{"library":"H5P.Image 1.1","params":{"contentName":"Image","file":{"path":"images\/file-620d8e5f7c6e2.jpg","mime":"image\/jpeg","copyright":{"license":"U"},"width":639,"height":918}},"metadata":{"contentType":"Image","license":"U","title":"Untitled Image"},"subContentId":"e85d8338-0d12-4245-9ceb-cc02d0c59251"},"backgroundOpacity":0,"willDoAnimation":false,"animationType":"glow","displayAsButton":false,"buttonSize":"big","goToSlideType":"specified","invisible":false},{"x":53.30841836734693,"y":18.169471032745594,"width":40.05102040816327,"height":50.377833753148614,"action":{"library":"H5P.CRAdvancedText 1.1","params":{"text":"<p dir=\"ltr\" style=\"text-align: center;\"><span style=\"color:#ffffff;\"><span style=\"font-size:1.75em;\">Wow! Pa ni mrefu kuliko wote, na Jojo ni mfupi kuliko wote.<\/span><\/span><\/p>\n"},"subContentId":"95045f79-7578-469b-bf8a-88a9007a1c69","metadata":{"contentType":"Text","license":"U","title":"Untitled Text"}},"alwaysDisplayComments":false,"backgroundOpacity":0,"willDoAnimation":false,"animationType":"glow","displayAsButton":false,"buttonSize":"big","goToSlideType":"specified","invisible":false,"solution":""},{"x":46.96691176470588,"y":44,"width":40,"height":40,"action":{"library":"H5P.CRAudio 1.4","params":{"fitToWrapper":true,"currIndex":19,"playerMode":"minimalistic","controls":true,"autoplay":true,"playAudio":"Play audio","pauseAudio":"Pause audio","contentName":"Audio","glowColor":"#ffd85a","timeStampForEachText":[{"text":" Wow! ","startDuration":"0.0000","endDuration":"1.4223","wordfile":[{"path":"audios\/wordfile-66b1f7c78e97d.mp3","mime":"audio\/mpeg","copyright":{"license":"U"}}]},{"text":" Pa ","startDuration":"1.4233","endDuration":"2.1712","wordfile":[{"path":"audios\/wordfile-66b1f7dc5cfe0.mp3","mime":"audio\/mpeg","copyright":{"license":"U"}}]},{"text":" ni ","startDuration":"2.1722","endDuration":"2.5408","wordfile":[{"path":"audios\/wordfile-67176132ee286.mp3","mime":"audio\/mpeg","copyright":{"license":"U"}}]},{"text":" mrefu ","startDuration":"2.5418","endDuration":"3.4583","wordfile":[{"path":"audios\/wordfile-66b1f8126c879.mp3","mime":"audio\/mpeg","copyright":{"license":"U"}}]},{"text":" kuliko ","startDuration":"3.4593","endDuration":"4.2494","wordfile":[{"path":"audios\/wordfile-66b1f838667c5.mp3","mime":"audio\/mpeg","copyright":{"license":"U"}}]},{"text":" wote, ","startDuration":"4.2504","endDuration":"5.1459","wordfile":[{"path":"audios\/wordfile-66b1f84fc1221.mp3","mime":"audio\/mpeg","copyright":{"license":"U"}}]},{"text":" na ","startDuration":"5.1469","endDuration":"5.7052","wordfile":[{"path":"audios\/wordfile-66b1f86e07434.mp3","mime":"audio\/mpeg","copyright":{"license":"U"}}]},{"text":" Jojo ","startDuration":"5.7062","endDuration":"6.7492","wordfile":[{"path":"audios\/wordfile-66b1f88d992d0.mp3","mime":"audio\/mpeg","copyright":{"license":"U"}}]},{"text":" ni ","startDuration":"6.7502","endDuration":"7.0766","wordfile":[{"path":"audios\/wordfile-67176141db84a.mp3","mime":"audio\/mpeg","copyright":{"license":"U"}}]},{"text":" mfupi ","startDuration":"7.0776","endDuration":"7.9520","wordfile":[{"path":"audios\/wordfile-66b1f8bcd6762.mp3","mime":"audio\/mpeg","copyright":{"license":"U"}}]},{"text":" kuliko ","startDuration":"7.9530","endDuration":"9.0381","wordfile":[{"path":"audios\/wordfile-66b1f8dc1e341.mp3","mime":"audio\/mpeg","copyright":{"license":"U"}}]},{"text":" wote. ","startDuration":"9.0391","endDuration":"9.9556","wordfile":[{"path":"audios\/wordfile-66b1f8fdc1448.mp3","mime":"audio\/mpeg","copyright":{"license":"U"}}]}],"files":[{"path":"audios\/files-66b1f7b02f802.mp3","mime":"audio\/mpeg","copyright":{"license":"U"}}]},"subContentId":"548dbefe-a1fc-4f48-8f9d-975a8a4f5e40","metadata":{"contentType":"Curious Reader Audio","license":"U","title":"Untitled Curious Reader Audio"}},"backgroundOpacity":0,"willDoAnimation":false,"animationType":"glow","displayAsButton":false,"buttonSize":"big","goToSlideType":"specified","invisible":false},{"x":18.38235294117647,"y":7.2727272727272725,"width":14.338235294117647,"height":24.363636363636363,"action":{"library":"H5P.Image 1.1","params":{"contentName":"Image"},"subContentId":"d30f8d8d-25fc-41bb-bf7f-5225bbf71ebb","metadata":{"contentType":"Image","license":"U","title":"Untitled Image"}},"backgroundOpacity":0,"willDoAnimation":true,"animationType":"glow","displayAsButton":false,"buttonSize":"big","goToSlideType":"specified","invisible":false,"id":"img548dbefe-a1fc-4f48-8f9d-975a8a4f5e40_1"},{"x":22.058823529411764,"y":10.909090909090908,"width":8.63970588235294,"height":24.727272727272727,"action":{"library":"H5P.Image 1.1","params":{"contentName":"Image"},"subContentId":"3930b9e0-b7f5-4821-935d-4f2724ca7b1a","metadata":{"contentType":"Image","license":"U","title":"Untitled Image"}},"backgroundOpacity":0,"willDoAnimation":true,"animationType":"glow","displayAsButton":false,"buttonSize":"big","goToSlideType":"specified","invisible":false,"id":"img548dbefe-a1fc-4f48-8f9d-975a8a4f5e40_3"},{"x":29.41176470588235,"y":61.81818181818182,"width":12.316176470588234,"height":22.90909090909091,"action":{"library":"H5P.Image 1.1","params":{"contentName":"Image"},"subContentId":"1790bf4c-a66f-4e27-b568-ef9a30cccc67","metadata":{"contentType":"Image","license":"U","title":"Untitled Image"}},"backgroundOpacity":0,"willDoAnimation":true,"animationType":"glow","displayAsButton":false,"buttonSize":"big","goToSlideType":"specified","invisible":false,"id":"img548dbefe-a1fc-4f48-8f9d-975a8a4f5e40_7"},{"x":29.411764705882355,"y":61.99418181818183,"width":10.477941176470587,"height":21.09090909090909,"action":{"library":"H5P.Image 1.1","params":{"contentName":"Image"},"subContentId":"bda6c558-7147-4f8e-b336-e2747ae42ed2","metadata":{"contentType":"Image","license":"U","title":"Untitled Image"}},"backgroundOpacity":0,"willDoAnimation":true,"animationType":"glow","displayAsButton":false,"buttonSize":"big","goToSlideType":"specified","invisible":false,"id":"img548dbefe-a1fc-4f48-8f9d-975a8a4f5e40_9"}],"slideBackgroundSelector":{}},{"slideBackgroundSelector":{"fillSlideBackground":"#510265"},"elements":[{"x":71.42857142857143,"y":5.037783375314861,"width":26.403061224489797,"height":11.335012594458437,"action":{"library":"H5P.Image 1.1","params":{"contentName":"Image","file":{"path":"images\/file-621416dbd21d6.jpg","mime":"image\/jpeg","copyright":{"license":"U"},"width":1024,"height":209}},"metadata":{"contentType":"Image","license":"U","title":"Untitled Image"},"subContentId":"dca461cf-2797-43fc-8235-d1458724dbba"},"backgroundOpacity":0,"willDoAnimation":false,"animationType":"glow","displayAsButton":false,"buttonSize":"big","goToSlideType":"specified","invisible":false},{"x":3.826530612244898,"y":5.0338539042821155,"width":17.857142857142858,"height":13.09823677581864,"action":{"library":"H5P.Image 1.1","params":{"contentName":"Image","file":{"path":"images\/file-621417de42c38.png","mime":"image\/png","copyright":{"license":"U"},"width":1350,"height":505}},"metadata":{"contentType":"Image","license":"U","title":"Untitled Image"},"subContentId":"e53810ff-db6a-457c-935d-dab072652420"},"backgroundOpacity":0,"willDoAnimation":false,"animationType":"glow","displayAsButton":false,"buttonSize":"big","goToSlideType":"specified","invisible":false},{"x":38.052040816326524,"y":5.0338539042821155,"width":24.489795918367346,"height":12.594458438287154,"action":{"library":"H5P.Image 1.1","params":{"contentName":"Image","file":{"path":"images\/file-6214180a8b815.png","mime":"image\/png","copyright":{"license":"U"},"width":814,"height":202}},"metadata":{"contentType":"Image","license":"U","title":"Untitled Image"},"subContentId":"3d16a928-46cf-41e8-bb91-7aad8259e418"},"backgroundOpacity":0,"willDoAnimation":false,"animationType":"glow","displayAsButton":false,"buttonSize":"big","goToSlideType":"specified","invisible":false},{"x":6.475204081632653,"y":22.66413098236776,"width":88.01020408163265,"height":72.29219143576826,"action":{"library":"H5P.CRAdvancedText 1.1","params":{"text":"<h3 style=\"text-align: center;\"><strong><span style=\"font-size:0.75em;\"><span style=\"background-color:#ffffff;\">\"<\/span><\/span><\/strong>Mrefu na Mfupi<strong><span style=\"font-size:0.75em;\"><span style=\"background-color:#ffffff;\">\" credits<\/span><\/span><\/strong><\/h3>\n\n<h3 style=\"text-align: center;\"><strong><span style=\"font-size:0.75em;\"><span style=\"background-color:#ffffff;\">This work, \u201c<\/span><\/span><\/strong>Mrefu na Mfupi<strong><span style=\"font-size:0.75em;\"><span style=\"background-color:#ffffff;\">\u201d, is a derivative of \u201c<\/span><\/span><span style=\"background-color:#ffffff;\">Ubude nobufushane.<\/span><span style=\"font-size:0.75em;\"><span style=\"background-color:#ffffff;\">\u201d as translated by Celia Bolam used under CC BY. &nbsp;The \u00a9 for this translation lies with Room to Read, 2015. It is based on the original story: '\u1781\u17d2\u1796\u179f\u17cb\u1793\u17b7\u1784\u1791\u17b6\u1794', by Huy Chheng Rattana. \u00a9 Room to Read, 2015. Some changes were made to this work.<\/span><\/span><\/strong><\/h3>\n\n<h3 style=\"text-align: center;\"><strong><span style=\"font-size:0.75em;\"><span style=\"background-color:#ffffff;\">\u201c<\/span><\/span><\/strong>Mrefu na Mfupi<strong><span style=\"font-size:0.75em;\"><span style=\"background-color:#ffffff;\">\u201d is licensed under CC BY 4.0 by Curious Learning.<\/span><\/span><\/strong><\/h3>\n\n<h3 style=\"text-align: center;\"><br>\n<strong><span style=\"font-size:0.75em;\"><span style=\"background-color:#ffffff;\">Book builder - Abraham Jerry Kakooza<\/span><\/span><\/strong><\/h3>\n"},"metadata":{"contentType":"Text","license":"U","title":"Untitled Text"},"subContentId":"8d8d3374-d294-4681-b51f-66825d72b97e"},"alwaysDisplayComments":false,"backgroundOpacity":0,"willDoAnimation":false,"animationType":"glow","displayAsButton":false,"buttonSize":"big","goToSlideType":"specified","invisible":false,"solution":""}]}],"keywordListEnabled":true,"globalBackgroundSelector":{"fillGlobalBackground":"#fbeffe"},"keywordListAlwaysShow":false,"keywordListAutoHide":false,"keywordListOpacity":90},"override":{"activeSurface":false,"hideSummarySlide":false,"summarySlideSolutionButton":true,"summarySlideRetryButton":true,"enablePrintButton":false,"social":{"showFacebookShare":false,"facebookShare":{"url":"@currentpageurl","quote":"I scored @score out of @maxScore on a task at @currentpageurl."},"showTwitterShare":false,"twitterShare":{"statement":"I scored @score out of @maxScore on a task at @currentpageurl.","url":"@currentpageurl","hashtags":"h5p, course"},"showGoogleShare":false,"googleShareUrl":"@currentpageurl"}},"l10n":{"slide":"Slide","score":"Score","yourScore":"Your Score","maxScore":"Max Score","total":"Total","totalScore":"Total Score","showSolutions":"Show solutions","retry":"Retry","exportAnswers":"Export text","hideKeywords":"Hide sidebar navigation menu","showKeywords":"Show sidebar navigation menu","fullscreen":"Fullscreen","exitFullscreen":"Exit fullscreen","prevSlide":"Previous slide","nextSlide":"Next slide","currentSlide":"Current slide","lastSlide":"Last slide","solutionModeTitle":"Exit solution mode","solutionModeText":"Solution Mode","summaryMultipleTaskText":"Multiple tasks","scoreMessage":"You achieved:","shareFacebook":"Share on Facebook","shareTwitter":"Share on Twitter","shareGoogle":"Share on Google+","summary":"Summary","solutionsButtonTitle":"Show comments","printTitle":"Print","printIngress":"How would you like to print this presentation?","printAllSlides":"Print all slides","printCurrentSlide":"Print current slide","noTitle":"No title","accessibilitySlideNavigationExplanation":"Use left and right arrow to change slide in that direction whenever canvas is selected.","accessibilityCanvasLabel":"Presentation canvas. Use left and right arrow to move between slides.","containsNotCompleted":"@slideName contains not completed interaction","containsCompleted":"@slideName contains completed interaction","slideCount":"Slide @index of @total","containsOnlyCorrect":"@slideName only has correct answers","containsIncorrectAnswers":"@slideName has incorrect answers","shareResult":"Share Result","accessibilityTotalScore":"You got @score of @maxScore points in total","accessibilityEnteredFullscreen":"Entered fullscreen","accessibilityExitedFullscreen":"Exited fullscreen"}}