{"presentation":{"slides":[{"elements":[{"x":22.875816993464053,"y":6.4415268817204305,"width":62.309368191721134,"height":62.36559139784946,"action":{"library":"H5P.Image 1.1","params":{"contentName":"Image","file":{"path":"images\/file-658319096f767.jpg","mime":"image\/jpeg","copyright":{"license":"U"},"width":1024,"height":490}},"subContentId":"e9b86eca-b97e-411f-8ba5-eead3a9fe77c","metadata":{"contentType":"Image","license":"U","title":"Untitled Image"}},"backgroundOpacity":0,"willDoAnimation":false,"animationType":"glow","displayAsButton":false,"buttonSize":"big","goToSlideType":"specified","invisible":false},{"x":15.250255102040816,"y":72.97506297229219,"width":74.10714285714286,"height":25.188916876574307,"action":{"library":"H5P.CRAdvancedText 1.1","params":{"text":"<p dir=\"ltr\" style=\"text-align: center;\"><span style=\"font-size:2.25em;\">O Le\u00e3o Corre e a Vaca Anda<\/span><\/p>\n"},"subContentId":"69c7285e-eb82-4919-b262-fd9d1f00fa17","metadata":{"contentType":"Text","license":"U","title":"Untitled Text"}},"alwaysDisplayComments":false,"backgroundOpacity":0,"willDoAnimation":false,"animationType":"glow","displayAsButton":false,"buttonSize":"big","goToSlideType":"specified","invisible":false,"solution":""}],"slideBackgroundSelector":{}},{"elements":[{"x":7.625272331154684,"y":4.301075268817204,"width":38.12636165577342,"height":86.02150537634408,"action":{"library":"H5P.Image 1.1","params":{"contentName":"Image","file":{"path":"images\/file-6583197217324.jpg","mime":"image\/jpeg","copyright":{"license":"U"},"width":1024,"height":1104}},"subContentId":"f7920f01-f5ce-4803-9d36-cf2030aa00d8","metadata":{"contentType":"Image","license":"U","title":"Untitled Image"}},"backgroundOpacity":0,"willDoAnimation":false,"animationType":"glow","displayAsButton":false,"buttonSize":"big","goToSlideType":"specified","invisible":false},{"x":47.19387755102041,"y":40.30226700251889,"width":49.744897959183675,"height":40.050377833753146,"action":{"library":"H5P.CRAdvancedText 1.1","params":{"text":"<p dir=\"ltr\" style=\"text-align: center;\"><span style=\"font-size:2.25em;\"><span style=\"color:#ffffff;\">Le\u00e3o corre.<\/span><\/span><\/p>\n"},"subContentId":"9719aa82-4821-4f23-91eb-86959f487486","metadata":{"contentType":"Text","license":"U","title":"Untitled Text"}},"alwaysDisplayComments":false,"backgroundOpacity":0,"willDoAnimation":false,"animationType":"glow","displayAsButton":false,"buttonSize":"big","goToSlideType":"specified","invisible":false,"solution":""},{"x":47.000103485838785,"y":44.00026681929878,"width":40,"height":40,"action":{"library":"H5P.CRAudio 1.4","params":{"fitToWrapper":true,"currIndex":1,"playerMode":"minimalistic","controls":true,"autoplay":true,"playAudio":"Play audio","pauseAudio":"Pause audio","contentName":"Audio","glowColor":"#ffd85a","timeStampForEachText":[{"text":" Le\u00e3o ","startDuration":"0.0000","endDuration":"0.6447","wordfile":[{"path":"audios\/wordfile-670cd9405cb37.wav","mime":"audio\/x-wav","copyright":{"license":"U"}}]},{"text":" corre. ","startDuration":"0.6457","endDuration":"1.3716","wordfile":[{"path":"audios\/wordfile-670cd9530e06e.wav","mime":"audio\/x-wav","copyright":{"license":"U"}}]}],"files":[{"path":"audios\/files-670cd914eb098.wav","mime":"audio\/x-wav","copyright":{"license":"U"}}]},"subContentId":"c7d01eba-e0bb-4aa3-a54a-b518f64dd6e3","metadata":{"contentType":"Curious Reader Audio","license":"U","title":"Untitled Curious Reader Audio"}},"backgroundOpacity":0,"willDoAnimation":false,"animationType":"glow","displayAsButton":false,"buttonSize":"big","goToSlideType":"specified","invisible":false},{"x":16.33986928104575,"y":19.365916847056596,"width":22.54901960784314,"height":39.999440540179975,"action":{"library":"H5P.Image 1.1","params":{"contentName":"Image"},"subContentId":"211aab42-c0fe-4ba0-ab06-0381900ae02c","metadata":{"contentType":"Image","license":"U","title":"Untitled Image"}},"backgroundOpacity":0,"willDoAnimation":true,"animationType":"glow","displayAsButton":false,"buttonSize":"big","goToSlideType":"specified","invisible":false,"id":"imgc7d01eba-e0bb-4aa3-a54a-b518f64dd6e3_0"}],"slideBackgroundSelector":{}},{"elements":[{"x":26.143790849673202,"y":2.150537634408602,"width":39.97821350762527,"height":75.26881720430107,"action":{"library":"H5P.Image 1.1","params":{"contentName":"Image","file":{"path":"images\/file-65831a8a29b4c.jpg","mime":"image\/jpeg","copyright":{"license":"U"},"width":1024,"height":1104}},"subContentId":"1da54fc5-e548-4ce7-a075-283717387dee","metadata":{"contentType":"Image","license":"U","title":"Untitled Image"}},"backgroundOpacity":0,"willDoAnimation":false,"animationType":"glow","displayAsButton":false,"buttonSize":"big","goToSlideType":"specified","invisible":false},{"x":3.2679738562091503,"y":81.76720446535008,"width":82.90816326530613,"height":13.853904282115868,"action":{"library":"H5P.CRAdvancedText 1.1","params":{"text":"<p style=\"text-align:center;\"><span style=\"font-size:1.75em;color:hsl(0,0%,100%);\"><strong>Vaca anda.<\/strong><\/span><\/p>"},"subContentId":"3496b02e-a1d6-497f-b829-08a065e181bc","metadata":{"contentType":"Text","license":"U","title":"Untitled Text"}},"alwaysDisplayComments":false,"backgroundOpacity":0,"willDoAnimation":false,"animationType":"glow","displayAsButton":false,"buttonSize":"big","goToSlideType":"specified","invisible":false,"solution":""},{"x":47.000103485838785,"y":44.00026681929878,"width":40,"height":40,"action":{"library":"H5P.CRAudio 1.4","params":{"fitToWrapper":true,"currIndex":2,"playerMode":"minimalistic","controls":true,"autoplay":true,"playAudio":"Play audio","pauseAudio":"Pause audio","contentName":"Audio","glowColor":"#ffd85a","timeStampForEachText":[{"text":" Vaca ","startDuration":"0.0000","endDuration":"0.5740","wordfile":[{"path":"audios\/wordfile-670cd9f053c15.wav","mime":"audio\/x-wav","copyright":{"license":"U"}}]},{"text":" anda. ","startDuration":"0.5750","endDuration":"1.3764","wordfile":[{"path":"audios\/wordfile-670cda02c5991.wav","mime":"audio\/x-wav","copyright":{"license":"U"}}]}],"files":[{"path":"audios\/files-670cd9d5ad431.wav","mime":"audio\/x-wav","copyright":{"license":"U"}}]},"subContentId":"9d57e038-7e4d-4e07-882c-68f595e8f0aa","metadata":{"contentType":"Curious Reader Audio","license":"U","title":"Untitled Curious Reader Audio"}},"backgroundOpacity":0,"willDoAnimation":false,"animationType":"glow","displayAsButton":false,"buttonSize":"big","goToSlideType":"specified","invisible":false},{"x":32.6797385620915,"y":12.910611231371064,"width":22.54901960784314,"height":39.999440540179975,"action":{"library":"H5P.Image 1.1","params":{"contentName":"Image"},"subContentId":"0e5159c2-e8fe-40f1-8485-5bf13988fd03","metadata":{"contentType":"Image","license":"U","title":"Untitled Image"}},"backgroundOpacity":0,"willDoAnimation":true,"animationType":"glow","displayAsButton":false,"buttonSize":"big","goToSlideType":"specified","invisible":false,"id":"img9d57e038-7e4d-4e07-882c-68f595e8f0aa_0"}],"slideBackgroundSelector":{}},{"elements":[{"x":28.32244008714597,"y":2.150537634408602,"width":39.97821350762527,"height":68.81720430107526,"action":{"library":"H5P.Image 1.1","params":{"contentName":"Image","file":{"path":"images\/file-65831ad1bdd16.jpg","mime":"image\/jpeg","copyright":{"license":"U"},"width":1024,"height":1104}},"subContentId":"af20be75-1247-4e4a-8d9d-7e7aedb3d0ab","metadata":{"contentType":"Image","license":"U","title":"Untitled Image"}},"backgroundOpacity":0,"willDoAnimation":false,"animationType":"glow","displayAsButton":false,"buttonSize":"big","goToSlideType":"specified","invisible":false},{"x":15.306122448979592,"y":79.46120906801008,"width":69.00510204081633,"height":16.120906801007557,"action":{"library":"H5P.CRAdvancedText 1.1","params":{"text":"<p dir=\"ltr\" style=\"text-align: center;\"><span style=\"color:#ffffff;\"><span style=\"font-size:2.25em;\">Pato entra na \u00e1gua.<\/span><\/span><\/p>\n"},"subContentId":"2b646078-b12f-456e-842b-44aba99eca30","metadata":{"contentType":"Text","license":"U","title":"Untitled Text"}},"alwaysDisplayComments":false,"backgroundOpacity":0,"willDoAnimation":false,"animationType":"glow","displayAsButton":false,"buttonSize":"big","goToSlideType":"specified","invisible":false,"solution":""},{"x":47.000103485838785,"y":44.00026681929878,"width":40,"height":40,"action":{"library":"H5P.CRAudio 1.4","params":{"fitToWrapper":true,"currIndex":3,"playerMode":"minimalistic","controls":true,"autoplay":true,"playAudio":"Play audio","pauseAudio":"Pause audio","contentName":"Audio","glowColor":"#ffd85a","timeStampForEachText":[{"text":" Pato ","startDuration":"0.0000","endDuration":"0.5663","wordfile":[{"path":"audios\/wordfile-670cda449fe1c.wav","mime":"audio\/x-wav","copyright":{"license":"U"}}]},{"text":" entra ","startDuration":"0.6050","endDuration":"1.0862","wordfile":[{"path":"audios\/wordfile-670cda6020c6c.wav","mime":"audio\/x-wav","copyright":{"license":"U"}}]},{"text":" na ","startDuration":"1.0872","endDuration":"1.2872","wordfile":[{"path":"audios\/wordfile-670cda727a954.wav","mime":"audio\/x-wav","copyright":{"license":"U"}}]},{"text":" \u00e1gua. ","startDuration":"1.2882","endDuration":"2.0702","wordfile":[{"path":"audios\/wordfile-670cda908f8ea.wav","mime":"audio\/x-wav","copyright":{"license":"U"}}]}],"files":[{"path":"audios\/files-670cda2367a61.wav","mime":"audio\/x-wav","copyright":{"license":"U"}}]},"subContentId":"1d268c43-d76a-4524-ab4a-12678af5d421","metadata":{"contentType":"Curious Reader Audio","license":"U","title":"Untitled Curious Reader Audio"}},"backgroundOpacity":0,"willDoAnimation":false,"animationType":"glow","displayAsButton":false,"buttonSize":"big","goToSlideType":"specified","invisible":false},{"x":28.32244008714597,"y":8.607074154247377,"width":22.54901960784314,"height":39.999440540179975,"action":{"library":"H5P.Image 1.1","params":{"contentName":"Image"},"subContentId":"7633177e-ba79-4661-a591-368439e22607","metadata":{"contentType":"Image","license":"U","title":"Untitled Image"}},"backgroundOpacity":0,"willDoAnimation":true,"animationType":"glow","displayAsButton":false,"buttonSize":"big","goToSlideType":"specified","invisible":false,"id":"img1d268c43-d76a-4524-ab4a-12678af5d421_0"},{"x":45.751633986928105,"y":23.669453924180285,"width":15.243790849673202,"height":31.630997516859107,"action":{"library":"H5P.Image 1.1","params":{"contentName":"Image"},"subContentId":"22d1e9a5-375b-4f03-8e91-75794689bc05","metadata":{"contentType":"Image","license":"U","title":"Untitled Image"}},"backgroundOpacity":0,"willDoAnimation":true,"animationType":"glow","displayAsButton":false,"buttonSize":"big","goToSlideType":"specified","invisible":false,"id":"img1d268c43-d76a-4524-ab4a-12678af5d421_0"},{"x":39.21568627450981,"y":21.517685385618442,"width":29.084967320261438,"height":39.999440540179975,"action":{"library":"H5P.Image 1.1","params":{"contentName":"Image"},"subContentId":"318c51b0-ec28-42cc-92da-13b27a1a6b88","metadata":{"contentType":"Image","license":"U","title":"Untitled Image"}},"backgroundOpacity":0,"willDoAnimation":true,"animationType":"glow","displayAsButton":false,"buttonSize":"big","goToSlideType":"specified","invisible":false,"id":"img1d268c43-d76a-4524-ab4a-12678af5d421_3"}],"slideBackgroundSelector":{}},{"elements":[{"x":31.59041394335512,"y":2.150537634408602,"width":39.97821350762527,"height":70.96774193548387,"action":{"library":"H5P.Image 1.1","params":{"contentName":"Image","file":{"path":"images\/file-65831b138940b.jpg","mime":"image\/jpeg","copyright":{"license":"U"},"width":1024,"height":1104}},"subContentId":"19d13a31-42ad-458f-b213-0212172b804b","metadata":{"contentType":"Image","license":"U","title":"Untitled Image"}},"backgroundOpacity":0,"willDoAnimation":false,"animationType":"glow","displayAsButton":false,"buttonSize":"big","goToSlideType":"specified","invisible":false},{"x":18.38235294117647,"y":72.93745454545456,"width":61.580882352941174,"height":27.272727272727273,"action":{"library":"H5P.CRAdvancedText 1.1","params":{"text":"<p dir=\"ltr\" style=\"text-align: center;\"><span style=\"color:#ffffff;\"><span style=\"font-size:2.25em;\">Lontra volta para terra firme.<\/span><\/span><\/p>\n"},"subContentId":"db37d6c4-ca6f-4529-90b8-57f9abf591fd","metadata":{"contentType":"Text","license":"U","title":"Untitled Text"}},"alwaysDisplayComments":false,"backgroundOpacity":0,"willDoAnimation":false,"animationType":"glow","displayAsButton":false,"buttonSize":"big","goToSlideType":"specified","invisible":false,"solution":""},{"x":47.000103485838785,"y":44.00026681929878,"width":40,"height":40,"action":{"library":"H5P.CRAudio 1.4","params":{"fitToWrapper":true,"currIndex":4,"playerMode":"minimalistic","controls":true,"autoplay":true,"playAudio":"Play audio","pauseAudio":"Pause audio","contentName":"Audio","glowColor":"#ffd85a","timeStampForEachText":[{"text":" Lontra ","startDuration":"0.0000","endDuration":"0.7211","wordfile":[{"path":"audios\/wordfile-670cdacfd5a3c.wav","mime":"audio\/x-wav","copyright":{"license":"U"}}]},{"text":" volta ","startDuration":"0.7221","endDuration":"1.2564","wordfile":[{"path":"audios\/wordfile-670cdae832a2f.wav","mime":"audio\/x-wav","copyright":{"license":"U"}}]},{"text":" para ","startDuration":"1.2574","endDuration":"1.6442","wordfile":[{"path":"audios\/wordfile-670cdaffa0b58.wav","mime":"audio\/x-wav","copyright":{"license":"U"}}]},{"text":" terra ","startDuration":"1.6452","endDuration":"2.0844","wordfile":[{"path":"audios\/wordfile-670cdb18a3c56.wav","mime":"audio\/x-wav","copyright":{"license":"U"}}]},{"text":" firme. ","startDuration":"2.0854","endDuration":"2.8710","wordfile":[{"path":"audios\/wordfile-670cdb2ca9fd9.wav","mime":"audio\/x-wav","copyright":{"license":"U"}}]}],"files":[{"path":"audios\/files-670cdab095474.wav","mime":"audio\/x-wav","copyright":{"license":"U"}}]},"subContentId":"4e8605fe-ca2b-40b5-8dc9-09e665d41c99","metadata":{"contentType":"Curious Reader Audio","license":"U","title":"Untitled Curious Reader Audio"}},"backgroundOpacity":0,"willDoAnimation":false,"animationType":"glow","displayAsButton":false,"buttonSize":"big","goToSlideType":"specified","invisible":false},{"x":42.48366013071895,"y":23.669453924180285,"width":25.81699346405229,"height":39.999440540179975,"action":{"library":"H5P.Image 1.1","params":{"contentName":"Image"},"subContentId":"226dfa82-0f75-4545-b55b-4d24f7efa871","metadata":{"contentType":"Image","license":"U","title":"Untitled Image"}},"backgroundOpacity":0,"willDoAnimation":true,"animationType":"glow","displayAsButton":false,"buttonSize":"big","goToSlideType":"specified","invisible":false,"id":"img4e8605fe-ca2b-40b5-8dc9-09e665d41c99_0"},{"x":31.590413943355124,"y":58.09775054116979,"width":38.909368191721136,"height":14.052059888021965,"action":{"library":"H5P.Image 1.1","params":{"contentName":"Image"},"subContentId":"feffbe29-ec98-4681-9942-9a9779115f1b","metadata":{"contentType":"Image","license":"U","title":"Untitled Image"}},"backgroundOpacity":0,"willDoAnimation":true,"animationType":"glow","displayAsButton":false,"buttonSize":"big","goToSlideType":"specified","invisible":false,"id":"img4e8605fe-ca2b-40b5-8dc9-09e665d41c99_4"}],"slideBackgroundSelector":{}},{"elements":[{"x":27.233115468409586,"y":2.150537634408602,"width":39.97821350762527,"height":68.81720430107526,"action":{"library":"H5P.Image 1.1","params":{"contentName":"Image","file":{"path":"images\/file-65831b5ea0e18.jpg","mime":"image\/jpeg","copyright":{"license":"U"},"width":1024,"height":1104}},"subContentId":"138ad313-54aa-4d7c-976c-943dee79f94d","metadata":{"contentType":"Image","license":"U","title":"Untitled Image"}},"backgroundOpacity":0,"willDoAnimation":false,"animationType":"glow","displayAsButton":false,"buttonSize":"big","goToSlideType":"specified","invisible":false},{"x":7.653061224489796,"y":72.98891687657432,"width":85.45918367346938,"height":20.403022670025187,"action":{"library":"H5P.CRAdvancedText 1.1","params":{"text":"<p dir=\"ltr\" style=\"text-align: center;\"><span style=\"font-size:1.75em;\"><span style=\"color:#ffffff;\">Elefante puxa um peda\u00e7o de madeira.<\/span><\/span><\/p>\n"},"subContentId":"179ec519-ce70-4843-bd6f-c08e0b43745a","metadata":{"contentType":"Text","license":"U","title":"Untitled Text"}},"alwaysDisplayComments":false,"backgroundOpacity":0,"willDoAnimation":false,"animationType":"glow","displayAsButton":false,"buttonSize":"big","goToSlideType":"specified","invisible":false,"solution":""},{"x":47.000103485838785,"y":44.00026681929878,"width":40,"height":40,"action":{"library":"H5P.CRAudio 1.4","params":{"fitToWrapper":true,"currIndex":5,"playerMode":"minimalistic","controls":true,"autoplay":true,"playAudio":"Play audio","pauseAudio":"Pause audio","contentName":"Audio","glowColor":"#ffd85a","timeStampForEachText":[{"text":" Elefante ","startDuration":"0.0000","endDuration":"0.9829","wordfile":[{"path":"audios\/wordfile-670cdb6c1976b.wav","mime":"audio\/x-wav","copyright":{"license":"U"}}]},{"text":" puxa ","startDuration":"0.9839","endDuration":"1.3880","wordfile":[{"path":"audios\/wordfile-670cdb809d7c9.wav","mime":"audio\/x-wav","copyright":{"license":"U"}}]},{"text":" um ","startDuration":"1.3890","endDuration":"1.5890","wordfile":[{"path":"audios\/wordfile-670cdb92a56ff.wav","mime":"audio\/x-wav","copyright":{"license":"U"}}]},{"text":" peda\u00e7o ","startDuration":"1.5900","endDuration":"2.2501","wordfile":[{"path":"audios\/wordfile-670cdbb988935.wav","mime":"audio\/x-wav","copyright":{"license":"U"}}]},{"text":" de ","startDuration":"2.2511","endDuration":"2.4177","wordfile":[{"path":"audios\/wordfile-670cdbcebc6b8.wav","mime":"audio\/x-wav","copyright":{"license":"U"}}]},{"text":" madeira. ","startDuration":"2.4187","endDuration":"3.2346","wordfile":[{"path":"audios\/wordfile-670cdbe29622c.wav","mime":"audio\/x-wav","copyright":{"license":"U"}}]}],"files":[{"path":"audios\/files-670cdb4c3d0e9.wav","mime":"audio\/x-wav","copyright":{"license":"U"}}]},"subContentId":"f5e72e8f-cf5c-47e7-92e8-41e28d9a9229","metadata":{"contentType":"Curious Reader Audio","license":"U","title":"Untitled Curious Reader Audio"}},"backgroundOpacity":0,"willDoAnimation":false,"animationType":"glow","displayAsButton":false,"buttonSize":"big","goToSlideType":"specified","invisible":false},{"x":32.6797385620915,"y":21.517685385618442,"width":18.191721132897605,"height":29.395094828439497,"action":{"library":"H5P.Image 1.1","params":{"contentName":"Image"},"subContentId":"4b2ee659-0de0-451d-b711-905fbcc4b358","metadata":{"contentType":"Image","license":"U","title":"Untitled Image"}},"backgroundOpacity":0,"willDoAnimation":true,"animationType":"glow","displayAsButton":false,"buttonSize":"big","goToSlideType":"specified","invisible":false,"id":"imgf5e72e8f-cf5c-47e7-92e8-41e28d9a9229_0"},{"x":41.394335511982575,"y":43.035370771236884,"width":16.013071895424837,"height":22.6591985953255,"action":{"library":"H5P.Image 1.1","params":{"contentName":"Image"},"subContentId":"0203ce40-bec8-4a1f-aaaf-8bd006354fb6","metadata":{"contentType":"Image","license":"U","title":"Untitled Image"}},"backgroundOpacity":0,"willDoAnimation":true,"animationType":"glow","displayAsButton":false,"buttonSize":"big","goToSlideType":"specified","invisible":false,"id":"imgf5e72e8f-cf5c-47e7-92e8-41e28d9a9229_5"}],"slideBackgroundSelector":{}},{"elements":[{"x":28.322440087145967,"y":4.29436559139785,"width":39.97821350762527,"height":70.96774193548387,"action":{"library":"H5P.Image 1.1","params":{"contentName":"Image","file":{"path":"images\/file-65831ba2ca3fa.jpg","mime":"image\/jpeg","copyright":{"license":"U"},"width":1024,"height":1104}},"subContentId":"c68753a8-2e98-4278-b57e-cff21c6110e8","metadata":{"contentType":"Image","license":"U","title":"Untitled Image"}},"backgroundOpacity":0,"willDoAnimation":false,"animationType":"glow","displayAsButton":false,"buttonSize":"big","goToSlideType":"specified","invisible":false},{"x":20.408163265306122,"y":81.65541561712847,"width":57.90816326530612,"height":13.853904282115868,"action":{"library":"H5P.CRAdvancedText 1.1","params":{"text":"<p dir=\"ltr\" style=\"text-align: center;\"><span style=\"color:#ffffff;\"><span style=\"font-size:1.75em;\">Cavalo puxa uma carro\u00e7a.<\/span><\/span><\/p>\n"},"subContentId":"209e6fbd-a59d-4163-a4d8-cd813ccf5435","metadata":{"contentType":"Text","license":"U","title":"Untitled Text"}},"alwaysDisplayComments":false,"backgroundOpacity":0,"willDoAnimation":false,"animationType":"glow","displayAsButton":false,"buttonSize":"big","goToSlideType":"specified","invisible":false,"solution":""},{"x":47.000103485838785,"y":44.00026681929878,"width":40,"height":40,"action":{"library":"H5P.CRAudio 1.4","params":{"fitToWrapper":true,"currIndex":6,"playerMode":"minimalistic","controls":true,"autoplay":true,"playAudio":"Play audio","pauseAudio":"Pause audio","contentName":"Audio","glowColor":"#ffd85a","timeStampForEachText":[{"text":" Cavalo ","startDuration":"0.0000","endDuration":"0.7768","wordfile":[{"path":"audios\/wordfile-670cdc2488b9b.wav","mime":"audio\/x-wav","copyright":{"license":"U"}}]},{"text":" puxa ","startDuration":"0.7778","endDuration":"1.1862","wordfile":[{"path":"audios\/wordfile-670cdc3963195.wav","mime":"audio\/x-wav","copyright":{"license":"U"}}]},{"text":" uma ","startDuration":"1.1872","endDuration":"1.6046","wordfile":[{"path":"audios\/wordfile-670cdc4ca01a1.wav","mime":"audio\/x-wav","copyright":{"license":"U"}}]},{"text":" carro\u00e7a. ","startDuration":"1.6056","endDuration":"2.6455","wordfile":[{"path":"audios\/wordfile-670cdc613168b.wav","mime":"audio\/x-wav","copyright":{"license":"U"}}]}],"files":[{"path":"audios\/files-670cdc0a1af9a.wav","mime":"audio\/x-wav","copyright":{"license":"U"}}]},"subContentId":"565c03e4-b56a-4dba-a84e-15b1e1a252fd","metadata":{"contentType":"Curious Reader Audio","license":"U","title":"Untitled Curious Reader Audio"}},"backgroundOpacity":0,"willDoAnimation":false,"animationType":"glow","displayAsButton":false,"buttonSize":"big","goToSlideType":"specified","invisible":false},{"x":37.03703703703704,"y":12.910611231371064,"width":20.663943355119827,"height":38.08630313254464,"action":{"library":"H5P.Image 1.1","params":{"contentName":"Image"},"subContentId":"c0906226-736e-4215-96eb-0977e0510989","metadata":{"contentType":"Image","license":"U","title":"Untitled Image"}},"backgroundOpacity":0,"willDoAnimation":true,"animationType":"glow","displayAsButton":false,"buttonSize":"big","goToSlideType":"specified","invisible":false,"id":"img565c03e4-b56a-4dba-a84e-15b1e1a252fd_0"},{"x":29.411764705882355,"y":27.972991001303974,"width":14.923747276688454,"height":24.09485856425396,"action":{"library":"H5P.Image 1.1","params":{"contentName":"Image"},"subContentId":"ad8c91d6-1f86-4d16-8fc2-1c367c97802a","metadata":{"contentType":"Image","license":"U","title":"Untitled Image"}},"backgroundOpacity":0,"willDoAnimation":true,"animationType":"glow","displayAsButton":false,"buttonSize":"big","goToSlideType":"specified","invisible":false,"id":"img565c03e4-b56a-4dba-a84e-15b1e1a252fd_3"}],"slideBackgroundSelector":{}},{"elements":[{"x":29.411764705882355,"y":4.29436559139785,"width":39.97821350762527,"height":70.96774193548387,"action":{"library":"H5P.Image 1.1","params":{"contentName":"Image","file":{"path":"images\/file-65831be285345.jpg","mime":"image\/jpeg","copyright":{"license":"U"},"width":1024,"height":1104}},"subContentId":"5e15c7ac-663e-49c7-a409-d47ae27b65e0","metadata":{"contentType":"Image","license":"U","title":"Untitled Image"}},"backgroundOpacity":0,"willDoAnimation":false,"animationType":"glow","displayAsButton":false,"buttonSize":"big","goToSlideType":"specified","invisible":false},{"x":12.755102040816327,"y":79.43954659949623,"width":80.35714285714286,"height":13.853904282115868,"action":{"library":"H5P.CRAdvancedText 1.1","params":{"text":"<p dir=\"ltr\" style=\"text-align: center;\"><span style=\"font-size:2.25em;\"><span style=\"color:#ffffff;\">Cobra rasteja no ch\u00e3o.<\/span><\/span><\/p>\n"},"subContentId":"81448db5-bd9c-4ad4-8df9-fec5574f1a40","metadata":{"contentType":"Text","license":"U","title":"Untitled Text"}},"alwaysDisplayComments":false,"backgroundOpacity":0,"willDoAnimation":false,"animationType":"glow","displayAsButton":false,"buttonSize":"big","goToSlideType":"specified","invisible":false,"solution":""},{"x":47.000103485838785,"y":44.00026681929878,"width":40,"height":40,"action":{"library":"H5P.CRAudio 1.4","params":{"fitToWrapper":true,"currIndex":7,"playerMode":"minimalistic","controls":true,"autoplay":true,"playAudio":"Play audio","pauseAudio":"Pause audio","contentName":"Audio","glowColor":"#ffd85a","timeStampForEachText":[{"text":" Cobra ","startDuration":"0.0000","endDuration":"0.6663","wordfile":[{"path":"audios\/wordfile-670cdc9d70df6.wav","mime":"audio\/x-wav","copyright":{"license":"U"}}]},{"text":" rasteja ","startDuration":"0.6673","endDuration":"1.4578","wordfile":[{"path":"audios\/wordfile-670cdcb9ad8ad.wav","mime":"audio\/x-wav","copyright":{"license":"U"}}]},{"text":" no ","startDuration":"1.4471","endDuration":"1.5812","wordfile":[{"path":"audios\/wordfile-670cdcde7368c.wav","mime":"audio\/x-wav","copyright":{"license":"U"}}]},{"text":" ch\u00e3o. ","startDuration":"1.5822","endDuration":"2.2201","wordfile":[{"path":"audios\/wordfile-670cdcfc7b8e2.wav","mime":"audio\/x-wav","copyright":{"license":"U"}}]}],"files":[{"path":"audios\/files-670cdc864fe18.wav","mime":"audio\/x-wav","copyright":{"license":"U"}}]},"subContentId":"f66f3fb3-4577-4a58-8351-f332637e2809","metadata":{"contentType":"Curious Reader Audio","license":"U","title":"Untitled Curious Reader Audio"}},"backgroundOpacity":0,"willDoAnimation":false,"animationType":"glow","displayAsButton":false,"buttonSize":"big","goToSlideType":"specified","invisible":false},{"x":33.769063180827885,"y":25.821222462742128,"width":33.44226579520697,"height":39.999440540179975,"action":{"library":"H5P.Image 1.1","params":{"contentName":"Image"},"subContentId":"f11df217-3846-403a-b813-863cd8ddb10b","metadata":{"contentType":"Image","license":"U","title":"Untitled Image"}},"backgroundOpacity":0,"willDoAnimation":true,"animationType":"glow","displayAsButton":false,"buttonSize":"big","goToSlideType":"specified","invisible":false,"id":"imgf66f3fb3-4577-4a58-8351-f332637e2809_0"}],"slideBackgroundSelector":{}},{"elements":[{"x":5.1020408163265305,"y":73.04785894206549,"width":89.28571428571429,"height":21.41057934508816,"action":{"library":"H5P.CRAdvancedText 1.1","params":{"text":"<p dir=\"ltr\" style=\"text-align: center;\"><span style=\"font-size:2.25em;\"><span style=\"color:#ffffff;\">P\u00e1ssaros voam no c\u00e9u.<\/span><\/span><\/p>\n"},"subContentId":"ca7f191a-37d5-488d-9491-527dde95e88a","metadata":{"contentType":"Text","license":"U","title":"Untitled Text"}},"alwaysDisplayComments":false,"backgroundOpacity":0,"willDoAnimation":false,"animationType":"glow","displayAsButton":false,"buttonSize":"big","goToSlideType":"specified","invisible":false,"solution":""},{"x":26.143790849673206,"y":2.147178494623656,"width":39.97821350762527,"height":66.66666666666666,"action":{"library":"H5P.Image 1.1","params":{"contentName":"Image","file":{"path":"images\/file-65831d4baff8f.jpg","mime":"image\/jpeg","copyright":{"license":"U"},"width":1024,"height":1104}},"subContentId":"57d80f10-41cc-4ab9-af85-be3720280f99","metadata":{"contentType":"Image","license":"U","title":"Untitled Image"}},"backgroundOpacity":0,"willDoAnimation":false,"animationType":"glow","displayAsButton":false,"buttonSize":"big","goToSlideType":"specified","invisible":false},{"x":47.000103485838785,"y":44.00026681929878,"width":40,"height":40,"action":{"library":"H5P.CRAudio 1.4","params":{"fitToWrapper":true,"currIndex":8,"playerMode":"minimalistic","controls":true,"autoplay":true,"playAudio":"Play audio","pauseAudio":"Pause audio","contentName":"Audio","glowColor":"#ffd85a","timeStampForEachText":[{"text":" P\u00e1ssaros ","startDuration":"0.0000","endDuration":"0.8325","wordfile":[{"path":"audios\/wordfile-670cdd8474d6e.wav","mime":"audio\/x-wav","copyright":{"license":"U"}}]},{"text":" voam ","startDuration":"0.8335","endDuration":"1.3365","wordfile":[{"path":"audios\/wordfile-670cdd9f580fc.wav","mime":"audio\/x-wav","copyright":{"license":"U"}}]},{"text":" no ","startDuration":"1.3375","endDuration":"1.5062","wordfile":[{"path":"audios\/wordfile-670cddbecbb27.wav","mime":"audio\/x-wav","copyright":{"license":"U"}}]},{"text":" c\u00e9u. ","startDuration":"1.5072","endDuration":"2.0872","wordfile":[{"path":"audios\/wordfile-670cdddb035f2.wav","mime":"audio\/x-wav","copyright":{"license":"U"}}]}],"files":[{"path":"audios\/files-670cdd1903634.wav","mime":"audio\/x-wav","copyright":{"license":"U"}}]},"subContentId":"0f3a4f48-8f81-454c-bb96-71dacf5a8206","metadata":{"contentType":"Curious Reader Audio","license":"U","title":"Untitled Curious Reader Audio"}},"backgroundOpacity":0,"willDoAnimation":false,"animationType":"glow","displayAsButton":false,"buttonSize":"big","goToSlideType":"specified","invisible":false},{"x":34.85838779956427,"y":17.214148308494753,"width":18.415577342047932,"height":27.327460439735418,"action":{"library":"H5P.Image 1.1","params":{"contentName":"Image"},"subContentId":"c21f73e0-0e58-4b52-881c-facae1ca89f4","metadata":{"contentType":"Image","license":"U","title":"Untitled Image"}},"backgroundOpacity":0,"willDoAnimation":true,"animationType":"glow","displayAsButton":false,"buttonSize":"big","goToSlideType":"specified","invisible":false,"id":"img0f3a4f48-8f81-454c-bb96-71dacf5a8206_0"},{"x":52.287581699346404,"y":15.062379769932909,"width":8.438867102396514,"height":16.5686177469262,"action":{"library":"H5P.Image 1.1","params":{"contentName":"Image"},"subContentId":"c82f1909-8a66-4867-87b1-6f13ac4db4f6","metadata":{"contentType":"Image","license":"U","title":"Untitled Image"}},"backgroundOpacity":0,"willDoAnimation":true,"animationType":"glow","displayAsButton":false,"buttonSize":"big","goToSlideType":"specified","invisible":false,"id":"img0f3a4f48-8f81-454c-bb96-71dacf5a8206_0"}],"slideBackgroundSelector":{}},{"elements":[{"x":28.32244008714597,"y":6.451612903225806,"width":39.97821350762527,"height":66.66666666666666,"action":{"library":"H5P.Image 1.1","params":{"contentName":"Image","file":{"path":"images\/file-65831df5f06a6.jpg","mime":"image\/jpeg","copyright":{"license":"U"},"width":1024,"height":735}},"subContentId":"d222ce68-7efa-448b-a4b2-ea1f3fbac71f","metadata":{"contentType":"Image","license":"U","title":"Untitled Image"}},"backgroundOpacity":0,"willDoAnimation":false,"animationType":"glow","displayAsButton":false,"buttonSize":"big","goToSlideType":"specified","invisible":false}],"slideBackgroundSelector":{}},{"elements":[{"x":11.982570806100219,"y":6.451612903225806,"width":15.250544662309368,"height":15.268817204301074,"action":{"library":"H5P.Image 1.1","params":{"contentName":"Image","file":{"path":"images\/file-65831e32b2800.png","mime":"image\/png","copyright":{"license":"U"},"width":1350,"height":487}},"subContentId":"1085a3ab-ea5d-4a09-a91d-6a7952625bf7","metadata":{"contentType":"Image","license":"U","title":"Untitled Image"}},"backgroundOpacity":0,"willDoAnimation":false,"animationType":"glow","displayAsButton":false,"buttonSize":"big","goToSlideType":"specified","invisible":false},{"x":33.769063180827885,"y":6.451612903225806,"width":15.250544662309368,"height":15.268817204301074,"action":{"library":"H5P.Image 1.1","params":{"contentName":"Image","file":{"path":"images\/file-65831e42c1cf9.png","mime":"image\/png","copyright":{"license":"U"},"width":814,"height":202}},"subContentId":"2785156a-658b-4044-8615-4e454538838b","metadata":{"contentType":"Image","license":"U","title":"Untitled Image"}},"backgroundOpacity":0,"willDoAnimation":false,"animationType":"glow","displayAsButton":false,"buttonSize":"big","goToSlideType":"specified","invisible":false},{"x":54.46623093681917,"y":6.451612903225806,"width":39.97821350762527,"height":15.053763440860214,"action":{"library":"H5P.Image 1.1","params":{"contentName":"Image","file":{"path":"images\/file-65831e5ad7945.jpg","mime":"image\/jpeg","copyright":{"license":"U"},"width":1732,"height":354}},"subContentId":"77aaaf80-e5d8-4a40-975c-53835aa915ff","metadata":{"contentType":"Image","license":"U","title":"Untitled Image"}},"backgroundOpacity":0,"willDoAnimation":false,"animationType":"glow","displayAsButton":false,"buttonSize":"big","goToSlideType":"specified","invisible":false},{"x":5.446623093681917,"y":25.791397849462367,"width":93.24618736383442,"height":70.75268817204301,"action":{"library":"H5P.CRAdvancedText 1.1","params":{"text":"<h3 style=\"text-align: center;\">\u201cO Le\u00e3o Corre e a Vaca Anda\u201d credits<\/h3>\n\n<h3 style=\"text-align: center;\">This work, \u201cO Le\u00e3o Corre e a Vaca Anda\u201d is a derivative of The Lion Runs and the Cow Walks is written by All Children Reading Cambodia. \u00a9 The Asia Foundation , 2019. Some rights reserved. Released under CC BY 4.0 license.<\/h3>\n\n<h3 style=\"text-align: center;\">\u201cO Le\u00e3o Corre e a Vaca Anda\u201d is licensed under CC BY 4.0 by Curious Learning.<\/h3>\n\n<h3 style=\"text-align: center;\">Book builder - Abraham Jerry Kakooza<\/h3>\n"},"subContentId":"acb72884-2c08-4f72-9178-060c6cd88ce2","metadata":{"contentType":"Text","license":"U","title":"Untitled Text"}},"alwaysDisplayComments":false,"backgroundOpacity":0,"willDoAnimation":false,"animationType":"glow","displayAsButton":false,"buttonSize":"big","goToSlideType":"specified","invisible":false,"solution":""}],"slideBackgroundSelector":{}}],"keywordListEnabled":true,"globalBackgroundSelector":{},"keywordListAlwaysShow":false,"keywordListAutoHide":false,"keywordListOpacity":90},"override":{"activeSurface":false,"hideSummarySlide":false,"summarySlideSolutionButton":true,"summarySlideRetryButton":true,"enablePrintButton":false,"social":{"showFacebookShare":false,"facebookShare":{"url":"@currentpageurl","quote":"I scored @score out of @maxScore on a task at @currentpageurl."},"showTwitterShare":false,"twitterShare":{"statement":"I scored @score out of @maxScore on a task at @currentpageurl.","url":"@currentpageurl","hashtags":"h5p, course"},"showGoogleShare":false,"googleShareUrl":"@currentpageurl"}},"l10n":{"slide":"Slide","score":"Score","yourScore":"Your Score","maxScore":"Max Score","total":"Total","totalScore":"Total Score","showSolutions":"Show solutions","retry":"Retry","exportAnswers":"Export text","hideKeywords":"Hide sidebar navigation menu","showKeywords":"Show sidebar navigation menu","fullscreen":"Fullscreen","exitFullscreen":"Exit fullscreen","prevSlide":"Previous slide","nextSlide":"Next slide","currentSlide":"Current slide","lastSlide":"Last slide","solutionModeTitle":"Exit solution mode","solutionModeText":"Solution Mode","summaryMultipleTaskText":"Multiple tasks","scoreMessage":"You achieved:","shareFacebook":"Share on Facebook","shareTwitter":"Share on Twitter","shareGoogle":"Share on Google+","summary":"Summary","solutionsButtonTitle":"Show comments","printTitle":"Print","printIngress":"How would you like to print this presentation?","printAllSlides":"Print all slides","printCurrentSlide":"Print current slide","noTitle":"No title","accessibilitySlideNavigationExplanation":"Use left and right arrow to change slide in that direction whenever canvas is selected.","accessibilityCanvasLabel":"Presentation canvas. Use left and right arrow to move between slides.","containsNotCompleted":"@slideName contains not completed interaction","containsCompleted":"@slideName contains completed interaction","slideCount":"Slide @index of @total","containsOnlyCorrect":"@slideName only has correct answers","containsIncorrectAnswers":"@slideName has incorrect answers","shareResult":"Share Result","accessibilityTotalScore":"You got @score of @maxScore points in total","accessibilityEnteredFullscreen":"Entered fullscreen","accessibilityExitedFullscreen":"Exited fullscreen"}}