{"presentation":{"slides":[{"elements":[{"x":31.590413943355,"y":0,"width":33.769063180828,"height":59.94698042321,"action":{"library":"H5P.Image 1.1","params":{"contentName":"Image","file":{"path":"images\/file-618eec172dba8.jpg","mime":"image\/jpeg","copyright":{"license":"U"},"width":273,"height":273}},"subContentId":"3cf34d7e-b046-45e2-a35f-e748b079a1ab","metadata":{"contentType":"Image","license":"U","title":"Untitled Image"}},"backgroundOpacity":0,"willDoAnimation":false,"animationType":"glow","displayAsButton":false,"buttonSize":"big","goToSlideType":"specified","invisible":false},{"x":24.23469387755102,"y":73.02821158690178,"width":53.316326530612244,"height":15.113350125944583,"action":{"library":"H5P.CRAdvancedText 1.1","params":{"text":"<p style=\"text-align: center;\"><span style=\"font-size:3em;\">\u092e\u093f\u0924\u094d\u0930\u094b\u0902<\/span><\/p>\n"},"subContentId":"02072a1d-971b-4c03-b488-6f58032a6323","metadata":{"contentType":"Text","license":"U","title":"Untitled Text"}},"alwaysDisplayComments":false,"backgroundOpacity":0,"willDoAnimation":false,"animationType":"glow","displayAsButton":false,"buttonSize":"big","goToSlideType":"specified","invisible":false,"solution":""}],"slideBackgroundSelector":{}},{"slideBackgroundSelector":{},"elements":[{"x":29.956427015251,"y":6.0249519079732,"width":39.998692810458,"height":63.692348741431,"action":{"library":"H5P.Image 1.1","params":{"contentName":"Image","file":{"path":"images\/file-618eefbd78740.jpg","mime":"image\/jpeg","copyright":{"license":"U"},"width":273,"height":273}},"subContentId":"b3bc7de6-aa5a-4c41-8a52-929eaeba6770","metadata":{"contentType":"Image","license":"U","title":"Untitled Image"}},"backgroundOpacity":0,"willDoAnimation":false,"animationType":"glow","displayAsButton":false,"buttonSize":"big","goToSlideType":"specified","invisible":false},{"x":15.306122448979592,"y":75.56675062972292,"width":67.7295918367347,"height":16.120906801007557,"action":{"library":"H5P.CRAdvancedText 1.1","params":{"text":"<p dir=\"ltr\" style=\"text-align: center;\"><span style=\"color:#ffffff;\"><span style=\"font-size:2.25em;\">\u092e\u0947\u0930\u093e \u0928\u093e\u092e \u0938\u093f\u092e\u094b \u0939\u0948\u0964<\/span><\/span><\/p>\n"},"subContentId":"66ad11c1-9362-4aba-8747-aa722a3e941d","metadata":{"contentType":"Text","license":"U","title":"Untitled Text"}},"alwaysDisplayComments":false,"backgroundOpacity":0,"willDoAnimation":false,"animationType":"glow","displayAsButton":false,"buttonSize":"big","goToSlideType":"specified","invisible":false,"solution":""},{"x":47.00255102040816,"y":43.95465994962216,"width":40,"height":40,"action":{"library":"H5P.CRAudio 1.4","params":{"fitToWrapper":true,"currIndex":1,"playerMode":"minimalistic","controls":true,"autoplay":true,"playAudio":"Play audio","pauseAudio":"Pause audio","contentName":"Audio","glowColor":"#ffd85a","timeStampForEachText":[{"text":" \u092e\u0947\u0930\u093e ","startDuration":"0.0000","endDuration":"0.8168","wordfile":[{"path":"audios\/wordfile-660b475508a70.wav","mime":"audio\/x-wav","copyright":{"license":"U"}}]},{"text":" \u0928\u093e\u092e ","startDuration":"0.8178","endDuration":"1.1090","wordfile":[{"path":"audios\/wordfile-660b477048021.wav","mime":"audio\/x-wav","copyright":{"license":"U"}}]},{"text":" \u0938\u093f\u092e\u094b ","startDuration":"1.1100","endDuration":"1.5353","wordfile":[{"path":"audios\/wordfile-660b47824cb31.wav","mime":"audio\/x-wav","copyright":{"license":"U"}}]},{"text":" \u0939\u0948\u0964 ","startDuration":"1.5363","endDuration":"1.9455","wordfile":[{"path":"audios\/wordfile-660b4793b1853.wav","mime":"audio\/x-wav","copyright":{"license":"U"}}]}],"files":[{"path":"audios\/files-660b473f6e812.wav","mime":"audio\/x-wav","copyright":{"license":"U"}}]},"subContentId":"ff39f6b1-a820-4cc8-9ef7-a7a43fe2ed58","metadata":{"contentType":"Curious Reader Audio","license":"U","title":"Untitled Curious Reader Audio"}},"backgroundOpacity":0,"willDoAnimation":false,"animationType":"glow","displayAsButton":false,"buttonSize":"big","goToSlideType":"specified","invisible":false},{"x":35.714285714285715,"y":12.578715365239296,"width":28.95408163265306,"height":54.659949622166245,"action":{"library":"H5P.Image 1.1","params":{"contentName":"Image"},"subContentId":"40d7a108-f468-4346-a69f-c44368c3b5ad","metadata":{"contentType":"Image","license":"U","title":"Untitled Image"}},"backgroundOpacity":0,"willDoAnimation":true,"animationType":"glow","displayAsButton":false,"buttonSize":"big","goToSlideType":"specified","invisible":false,"id":"imgff39f6b1-a820-4cc8-9ef7-a7a43fe2ed58_2"}]},{"elements":[{"x":29.95561224489796,"y":6.019748110831234,"width":40.05102040816327,"height":73.04785894206549,"action":{"library":"H5P.Image 1.1","params":{"contentName":"Image","file":{"path":"images\/file-618eaa5be44fc.jpg","mime":"image\/jpeg","copyright":{"license":"U"},"width":273,"height":273},"alt":"Nginabangane abane.","title":"Nginabangane abane."},"subContentId":"ae66385b-0d27-4457-be23-9484bf4339ff","metadata":{"contentType":"Image","license":"U","title":"Untitled Image"}},"backgroundOpacity":0,"willDoAnimation":false,"animationType":"glow","displayAsButton":false,"buttonSize":"big","goToSlideType":"specified","invisible":false},{"x":10.204081632653061,"y":78.08564231738035,"width":72.70408163265306,"height":17.632241813602015,"action":{"library":"H5P.CRAdvancedText 1.1","params":{"text":"<p dir=\"ltr\" style=\"text-align: center;\"><span style=\"color:#ffffff;\"><span style=\"font-size:2.25em;\">\u092e\u0947\u0930\u0947 \u091a\u093e\u0930 \u092e\u093f\u0924\u094d\u0930 \u0939\u0948\u0902\u0964<\/span><\/span><\/p>\n"},"subContentId":"57938d29-84fc-44ea-9e87-80ef0111d353","metadata":{"contentType":"Text","license":"U","title":"Untitled Text"}},"alwaysDisplayComments":false,"backgroundOpacity":0,"willDoAnimation":false,"animationType":"glow","displayAsButton":false,"buttonSize":"big","goToSlideType":"specified","invisible":false,"solution":""},{"x":47.00255102040816,"y":43.95465994962216,"width":40,"height":40,"action":{"library":"H5P.CRAudio 1.4","params":{"fitToWrapper":true,"currIndex":2,"playerMode":"minimalistic","controls":true,"autoplay":true,"playAudio":"Play audio","pauseAudio":"Pause audio","contentName":"Audio","glowColor":"#ffd85a","timeStampForEachText":[{"text":" \u092e\u0947\u0930\u0947 ","startDuration":"0.0000","endDuration":"0.6486","wordfile":[{"path":"audios\/wordfile-660b47bc62580.wav","mime":"audio\/x-wav","copyright":{"license":"U"}}]},{"text":" \u091a\u093e\u0930 ","startDuration":"0.6496","endDuration":"0.9653","wordfile":[{"path":"audios\/wordfile-660b47ce5c178.wav","mime":"audio\/x-wav","copyright":{"license":"U"}}]},{"text":" \u092e\u093f\u0924\u094d\u0930 ","startDuration":"0.9663","endDuration":"1.3151","wordfile":[{"path":"audios\/wordfile-660b47e397c9f.wav","mime":"audio\/x-wav","copyright":{"license":"U"}}]},{"text":" \u0939\u0948\u0902\u0964 ","startDuration":"1.3161","endDuration":"1.7520","wordfile":[{"path":"audios\/wordfile-660b47f8349f9.wav","mime":"audio\/x-wav","copyright":{"license":"U"}}]}],"files":[{"path":"audios\/files-660b47a723a63.wav","mime":"audio\/x-wav","copyright":{"license":"U"}}]},"subContentId":"c41f1e7e-d35a-4dce-a711-e7e4610e50e3","metadata":{"contentType":"Curious Reader Audio","license":"U","title":"Untitled Curious Reader Audio"}},"backgroundOpacity":0,"willDoAnimation":false,"animationType":"glow","displayAsButton":false,"buttonSize":"big","goToSlideType":"specified","invisible":false},{"x":28.061224489795915,"y":7.550780856423174,"width":45.535714285714285,"height":67.2544080604534,"action":{"library":"H5P.Image 1.1","params":{"contentName":"Image"},"subContentId":"d11d5aaf-7fa4-45fc-a64d-00f37f5ac736","metadata":{"contentType":"Image","license":"U","title":"Untitled Image"}},"backgroundOpacity":0,"willDoAnimation":true,"animationType":"glow","displayAsButton":false,"buttonSize":"big","goToSlideType":"specified","invisible":false,"id":"imgc41f1e7e-d35a-4dce-a711-e7e4610e50e3_2"},{"x":28.061224489795915,"y":7.550780856423174,"width":21.301020408163264,"height":64.73551637279597,"action":{"library":"H5P.Image 1.1","params":{"contentName":"Image"},"subContentId":"ac5fe493-bca4-446a-950a-fe5288a4059a","metadata":{"contentType":"Image","license":"U","title":"Untitled Image"}},"backgroundOpacity":0,"willDoAnimation":true,"animationType":"glow","displayAsButton":false,"buttonSize":"big","goToSlideType":"specified","invisible":false,"id":"imgc41f1e7e-d35a-4dce-a711-e7e4610e50e3_1"},{"x":53.57142857142857,"y":12.582644836272038,"width":18.75,"height":64.73551637279597,"action":{"library":"H5P.Image 1.1","params":{"contentName":"Image"},"subContentId":"3b94023a-3402-43b6-a2ec-281d4411f1fb","metadata":{"contentType":"Image","license":"U","title":"Untitled Image"}},"backgroundOpacity":0,"willDoAnimation":true,"animationType":"glow","displayAsButton":false,"buttonSize":"big","goToSlideType":"specified","invisible":false,"id":"imgc41f1e7e-d35a-4dce-a711-e7e4610e50e3_1"}],"slideBackgroundSelector":{}},{"elements":[{"x":46.84095860566449,"y":15.053763440860214,"width":39.998148148148,"height":70.107027346691,"action":{"library":"H5P.Image 1.1","params":{"contentName":"Image","file":{"path":"images\/file-618eaaf72c1e1.jpg","mime":"image\/jpeg","copyright":{"license":"U"},"width":273,"height":273},"alt":"Amagama abo nguZizo, Lele, Sisa kanye no-Ayanda.","title":"Amagama abo nguZizo, Lele, Sisa kanye no-Ayanda."},"subContentId":"452a3227-be2b-4299-a321-0e2a44729e66","metadata":{"contentType":"Image","license":"U","title":"Untitled Image"}},"backgroundOpacity":0,"willDoAnimation":false,"animationType":"glow","displayAsButton":false,"buttonSize":"big","goToSlideType":"specified","invisible":false},{"x":3.2679738562091503,"y":27.956989247311824,"width":40.30612244897959,"height":52.896725440806044,"action":{"library":"H5P.CRAdvancedText 1.1","params":{"text":"<p dir=\"ltr\" style=\"text-align: center;\"><span style=\"color:#ffffff;\"><span style=\"font-size:1.75em;\">\u0909\u0928\u0915\u0947 \u0928\u093e\u092e \u0939\u0948, \u091c\u093c\u093f\u091c\u093c\u094b, \u0932\u0947\u0932\u0947, \u0938\u093f\u0938\u093e \u0914\u0930 \u0905\u092f\u0902\u0926\u093e\u0964<\/span><\/span><\/p>\n"},"subContentId":"90b9ee88-704b-4089-94e8-b4c6f859df47","metadata":{"contentType":"Text","license":"U","title":"Untitled Text"}},"alwaysDisplayComments":false,"backgroundOpacity":0,"willDoAnimation":false,"animationType":"glow","displayAsButton":false,"buttonSize":"big","goToSlideType":"specified","invisible":false,"solution":""},{"x":47.00255102040816,"y":43.95465994962216,"width":40,"height":40,"action":{"library":"H5P.CRAudio 1.4","params":{"fitToWrapper":true,"currIndex":3,"playerMode":"minimalistic","controls":true,"autoplay":true,"playAudio":"Play audio","pauseAudio":"Pause audio","contentName":"Audio","glowColor":"#ffd85a","timeStampForEachText":[{"text":" \u0909\u0928\u0915\u0947 ","startDuration":"0.0000","endDuration":"0.4000","wordfile":[{"path":"audios\/wordfile-660b4823a3478.wav","mime":"audio\/x-wav","copyright":{"license":"U"}}]},{"text":" \u0928\u093e\u092e ","startDuration":"0.4000","endDuration":"0.6796","wordfile":[{"path":"audios\/wordfile-660b483d99e2d.wav","mime":"audio\/x-wav","copyright":{"license":"U"}}]},{"text":" \u0939\u0948, ","startDuration":"0.6806","endDuration":"1.1734","wordfile":[{"path":"audios\/wordfile-660b485fd39f6.wav","mime":"audio\/x-wav","copyright":{"license":"U"}}]},{"text":" \u091c\u093c\u093f\u091c\u093c\u094b, ","startDuration":"1.1744","endDuration":"2.0815","wordfile":[{"path":"audios\/wordfile-660b4871f41a2.wav","mime":"audio\/x-wav","copyright":{"license":"U"}}]},{"text":" \u0932\u0947\u0932\u0947, ","startDuration":"2.0825","endDuration":"2.9896","wordfile":[{"path":"audios\/wordfile-660b48836646d.wav","mime":"audio\/x-wav","copyright":{"license":"U"}}]},{"text":" \u0938\u093f\u0938\u093e ","startDuration":"2.9906","endDuration":"3.9834","wordfile":[{"path":"audios\/wordfile-660b48964788f.wav","mime":"audio\/x-wav","copyright":{"license":"U"}}]},{"text":" \u0914\u0930 ","startDuration":"3.9844","endDuration":"4.2701","wordfile":[{"path":"audios\/wordfile-660b48acab7e7.wav","mime":"audio\/x-wav","copyright":{"license":"U"}}]},{"text":" \u0905\u092f\u0902\u0926\u093e\u0964 ","startDuration":"4.2711","endDuration":"5.2993","wordfile":[{"path":"audios\/wordfile-660b48c5b90b7.wav","mime":"audio\/x-wav","copyright":{"license":"U"}}]}],"files":[{"path":"audios\/files-660b4811d4e79.wav","mime":"audio\/x-wav","copyright":{"license":"U"}}]},"subContentId":"f1ceda82-3da0-4a99-8f7f-5e9d65035c9a","metadata":{"contentType":"Curious Reader Audio","license":"U","title":"Untitled Curious Reader Audio"}},"backgroundOpacity":0,"willDoAnimation":false,"animationType":"glow","displayAsButton":false,"buttonSize":"big","goToSlideType":"specified","invisible":false},{"x":44.642857142857146,"y":22.646397984886647,"width":14.923469387755102,"height":57.178841309823675,"action":{"library":"H5P.Image 1.1","params":{"contentName":"Image"},"subContentId":"26e3bed3-4f6c-4165-b048-5d2f0ebfb6a1","metadata":{"contentType":"Image","license":"U","title":"Untitled Image"}},"backgroundOpacity":0,"willDoAnimation":true,"animationType":"glow","displayAsButton":false,"buttonSize":"big","goToSlideType":"specified","invisible":false,"id":"imgf1ceda82-3da0-4a99-8f7f-5e9d65035c9a_3"},{"x":54.8469387755102,"y":25.17317380352645,"width":12.372448979591837,"height":54.659949622166245,"action":{"library":"H5P.Image 1.1","params":{"contentName":"Image"},"subContentId":"51e7cc38-c34d-4e46-af9b-b906eaa898e4","metadata":{"contentType":"Image","license":"U","title":"Untitled Image"}},"backgroundOpacity":0,"willDoAnimation":true,"animationType":"glow","displayAsButton":false,"buttonSize":"big","goToSlideType":"specified","invisible":false,"id":"imgf1ceda82-3da0-4a99-8f7f-5e9d65035c9a_4"},{"x":71.42857142857143,"y":22.652317380352642,"width":9.438775510204081,"height":59.697732997481104,"action":{"library":"H5P.Image 1.1","params":{"contentName":"Image"},"subContentId":"4c4c09e1-a696-43ca-9f58-58d1a0ddae7c","metadata":{"contentType":"Image","license":"U","title":"Untitled Image"}},"backgroundOpacity":0,"willDoAnimation":true,"animationType":"glow","displayAsButton":false,"buttonSize":"big","goToSlideType":"specified","invisible":false,"id":"imgf1ceda82-3da0-4a99-8f7f-5e9d65035c9a_7"},{"x":77.8061224489796,"y":20.133425692695216,"width":10.714285714285715,"height":59.697732997481104,"action":{"library":"H5P.Image 1.1","params":{"contentName":"Image"},"subContentId":"bceb8c24-ac4d-42de-9447-54df7951a4da","metadata":{"contentType":"Image","license":"U","title":"Untitled Image"}},"backgroundOpacity":0,"willDoAnimation":true,"animationType":"glow","displayAsButton":false,"buttonSize":"big","goToSlideType":"specified","invisible":false,"id":"imgf1ceda82-3da0-4a99-8f7f-5e9d65035c9a_5"}],"slideBackgroundSelector":{}},{"elements":[{"x":4.6296296296296,"y":12.193374729841,"width":41.666666666667,"height":73.160248379043,"action":{"library":"H5P.Image 1.1","params":{"contentName":"Image","alt":"Umngani wami uZizo uthanda ukudlala ibhola.","file":{"path":"images\/file-618ead11f0668.jpg","mime":"image\/jpeg","copyright":{"license":"U"},"width":273,"height":273},"title":"Umngani wami uZizo uthanda ukudlala ibhola."},"subContentId":"6393f6bc-06c5-422b-b91a-1b61280a82f6","metadata":{"contentType":"Image","license":"U","title":"Untitled Image"}},"backgroundOpacity":0,"willDoAnimation":false,"animationType":"glow","displayAsButton":false,"buttonSize":"big","goToSlideType":"specified","invisible":false},{"x":49.744897959183675,"y":20.151133501259444,"width":43.62244897959184,"height":63.47607052896725,"action":{"library":"H5P.CRAdvancedText 1.1","params":{"text":"<p dir=\"ltr\" style=\"text-align: center;\"><span style=\"color:#ffffff;\"><span style=\"font-size:2.25em;\">\u092e\u0947\u0930\u0940 \u092e\u093f\u0924\u094d\u0930 \u091c\u093c\u093f\u091c\u093c\u094b \u0915\u094b \u092b\u093c\u0941\u091f\u092c\u0949\u0932 \u0916\u0947\u0932\u0928\u093e \u092a\u094d\u0930\u093f\u092f \u0939\u0948\u0964<\/span><\/span><\/p>\n"},"subContentId":"f5e3c72c-0ff5-4ef5-82f5-10340deebea8","metadata":{"contentType":"Text","license":"U","title":"Untitled Text"}},"alwaysDisplayComments":false,"backgroundOpacity":0,"willDoAnimation":false,"animationType":"glow","displayAsButton":false,"buttonSize":"big","goToSlideType":"specified","invisible":false,"solution":""},{"x":47.00255102040816,"y":43.95465994962216,"width":40,"height":40,"action":{"library":"H5P.CRAudio 1.4","params":{"fitToWrapper":true,"currIndex":4,"playerMode":"minimalistic","controls":true,"autoplay":true,"playAudio":"Play audio","pauseAudio":"Pause audio","contentName":"Audio","glowColor":"#ffd85a","timeStampForEachText":[{"text":" \u092e\u0947\u0930\u0940 ","startDuration":"0.0000","endDuration":"0.6775","wordfile":[{"path":"audios\/wordfile-660b48fa204d8.wav","mime":"audio\/x-wav","copyright":{"license":"U"}}]},{"text":" \u092e\u093f\u0924\u094d\u0930 ","startDuration":"0.6775","endDuration":"0.9558","wordfile":[{"path":"audios\/wordfile-660b490bdd8b1.wav","mime":"audio\/x-wav","copyright":{"license":"U"}}]},{"text":" \u091c\u093c\u093f\u091c\u093c\u094b ","startDuration":"0.9568","endDuration":"1.4296","wordfile":[{"path":"audios\/wordfile-660b492d3fc3f.wav","mime":"audio\/x-wav","copyright":{"license":"U"}}]},{"text":" \u0915\u094b ","startDuration":"1.4306","endDuration":"1.5669","wordfile":[{"path":"audios\/wordfile-660b493dabd8e.wav","mime":"audio\/x-wav","copyright":{"license":"U"}}]},{"text":" \u092b\u093c\u0941\u091f\u092c\u0949\u0932 ","startDuration":"1.5679","endDuration":"2.1772","wordfile":[{"path":"audios\/wordfile-660b495703751.wav","mime":"audio\/x-wav","copyright":{"license":"U"}}]},{"text":" \u0916\u0947\u0932\u0928\u093e ","startDuration":"2.1782","endDuration":"2.6329","wordfile":[{"path":"audios\/wordfile-660b499dccac3.wav","mime":"audio\/x-wav","copyright":{"license":"U"}}]},{"text":" \u092a\u094d\u0930\u093f\u092f ","startDuration":"2.6339","endDuration":"2.9567","wordfile":[{"path":"audios\/wordfile-660b49b07df6c.wav","mime":"audio\/x-wav","copyright":{"license":"U"}}]},{"text":" \u0939\u0948\u0964 ","startDuration":"2.9577","endDuration":"3.3578","wordfile":[{"path":"audios\/wordfile-660b49c2db4ed.wav","mime":"audio\/x-wav","copyright":{"license":"U"}}]}],"files":[{"path":"audios\/files-660b48dcbac55.wav","mime":"audio\/x-wav","copyright":{"license":"U"}}]},"subContentId":"b0046259-21c4-48dd-ac05-8f363549db8f","metadata":{"contentType":"Curious Reader Audio","license":"U","title":"Untitled Curious Reader Audio"}},"backgroundOpacity":0,"willDoAnimation":false,"animationType":"glow","displayAsButton":false,"buttonSize":"big","goToSlideType":"specified","invisible":false},{"x":14.030612244897958,"y":17.6204282115869,"width":18.75,"height":62.216624685138534,"action":{"library":"H5P.Image 1.1","params":{"contentName":"Image"},"subContentId":"1b94b5fe-8e91-4a3e-bb1d-d0b2d1de937e","metadata":{"contentType":"Image","license":"U","title":"Untitled Image"}},"backgroundOpacity":0,"willDoAnimation":true,"animationType":"glow","displayAsButton":false,"buttonSize":"big","goToSlideType":"specified","invisible":false,"id":"imgb0046259-21c4-48dd-ac05-8f363549db8f_2"},{"x":25.510204081632654,"y":55.384130982367765,"width":13.64795918367347,"height":26.952141057934508,"action":{"library":"H5P.Image 1.1","params":{"contentName":"Image"},"subContentId":"7e661a03-4715-436d-b803-cc39077e428d","metadata":{"contentType":"Image","license":"U","title":"Untitled Image"}},"backgroundOpacity":0,"willDoAnimation":true,"animationType":"glow","displayAsButton":false,"buttonSize":"big","goToSlideType":"specified","invisible":false,"id":"imgb0046259-21c4-48dd-ac05-8f363549db8f_4"}],"slideBackgroundSelector":{}},{"elements":[{"x":3.826530612244898,"y":32.7455919395466,"width":45.79081632653061,"height":42.82115869017632,"action":{"library":"H5P.CRAdvancedText 1.1","params":{"text":"<p dir=\"ltr\" style=\"text-align: center;\"><span style=\"color:#ffffff;\"><span style=\"font-size:2.25em;\">\u092e\u0947\u0930\u0940 \u092e\u093f\u0924\u094d\u0930 \u0932\u0947\u0932\u0947 \u0915\u094b \u0924\u0948\u0930\u093e\u0915\u0940 \u0915\u0930\u0928\u093e \u092a\u094d\u0930\u093f\u092f \u0939\u0948\u0964<\/span><\/span><\/p>\n"},"subContentId":"76183659-b7f0-413b-b61c-7c61946a9942","metadata":{"contentType":"Text","license":"U","title":"Untitled Text"}},"alwaysDisplayComments":false,"backgroundOpacity":0,"willDoAnimation":false,"animationType":"glow","displayAsButton":false,"buttonSize":"big","goToSlideType":"specified","invisible":false,"solution":""},{"x":49.76851851851851,"y":13.698630136986301,"width":39.998148148148,"height":70.102454831167,"action":{"library":"H5P.Image 1.1","params":{"contentName":"Image","file":{"path":"images\/file-618eb063ee94e.jpg","mime":"image\/jpeg","copyright":{"license":"U"},"width":273,"height":273},"alt":"Umngane wami uLele uthanda ukubhukuda.","title":"Umngane wami uLele uthanda ukubhukuda."},"subContentId":"0dc3e4cb-95ea-49b2-b066-22ceb74a7599","metadata":{"contentType":"Image","license":"U","title":"Untitled Image"}},"backgroundOpacity":0,"willDoAnimation":false,"animationType":"glow","displayAsButton":false,"buttonSize":"big","goToSlideType":"specified","invisible":false},{"x":47.00255102040816,"y":43.95465994962216,"width":40,"height":40,"action":{"library":"H5P.CRAudio 1.4","params":{"fitToWrapper":true,"currIndex":5,"playerMode":"minimalistic","controls":true,"autoplay":true,"playAudio":"Play audio","pauseAudio":"Pause audio","contentName":"Audio","glowColor":"#ffd85a","timeStampForEachText":[{"text":" \u092e\u0947\u0930\u0940 ","startDuration":"0.0000","endDuration":"0.4808","wordfile":[{"path":"audios\/wordfile-660b49ef19738.wav","mime":"audio\/x-wav","copyright":{"license":"U"}}]},{"text":" \u092e\u093f\u0924\u094d\u0930 ","startDuration":"0.4818","endDuration":"0.9275","wordfile":[{"path":"audios\/wordfile-660b4a05a8698.wav","mime":"audio\/x-wav","copyright":{"license":"U"}}]},{"text":" \u0932\u0947\u0932\u0947 ","startDuration":"0.9285","endDuration":"1.2639","wordfile":[{"path":"audios\/wordfile-660b4a28303d3.wav","mime":"audio\/x-wav","copyright":{"license":"U"}}]},{"text":" \u0915\u094b ","startDuration":"1.2649","endDuration":"1.7908","wordfile":[{"path":"audios\/wordfile-660b4a3a09a58.wav","mime":"audio\/x-wav","copyright":{"license":"U"}}]},{"text":" \u0924\u0948\u0930\u093e\u0915\u0940 ","startDuration":"1.7918","endDuration":"2.4932","wordfile":[{"path":"audios\/wordfile-660b4a4c0b390.wav","mime":"audio\/x-wav","copyright":{"license":"U"}}]},{"text":" \u0915\u0930\u0928\u093e ","startDuration":"2.4942","endDuration":"2.8647","wordfile":[{"path":"audios\/wordfile-660b4a61f3e0e.wav","mime":"audio\/x-wav","copyright":{"license":"U"}}]},{"text":" \u092a\u094d\u0930\u093f\u092f ","startDuration":"2.8657","endDuration":"3.1961","wordfile":[{"path":"audios\/wordfile-660b4a73446b5.wav","mime":"audio\/x-wav","copyright":{"license":"U"}}]},{"text":" \u0939\u0948\u0964 ","startDuration":"3.1971","endDuration":"3.7203","wordfile":[{"path":"audios\/wordfile-660b4a871a81d.wav","mime":"audio\/x-wav","copyright":{"license":"U"}}]}],"files":[{"path":"audios\/files-660b49d7f08e1.wav","mime":"audio\/x-wav","copyright":{"license":"U"}}]},"subContentId":"daa4f823-3f9c-4ec9-b613-86cbc7976f84","metadata":{"contentType":"Curious Reader Audio","license":"U","title":"Untitled Curious Reader Audio"}},"backgroundOpacity":0,"willDoAnimation":false,"animationType":"glow","displayAsButton":false,"buttonSize":"big","goToSlideType":"specified","invisible":false},{"x":52.295918367346935,"y":42.79748110831235,"width":23.46938775510204,"height":21.914357682619645,"action":{"library":"H5P.Image 1.1","params":{"contentName":"Image"},"subContentId":"d4b53397-1ccf-4769-abe5-5e3e373931ea","metadata":{"contentType":"Image","license":"U","title":"Untitled Image"}},"backgroundOpacity":0,"willDoAnimation":true,"animationType":"glow","displayAsButton":false,"buttonSize":"big","goToSlideType":"specified","invisible":false,"id":"imgdaa4f823-3f9c-4ec9-b613-86cbc7976f84_2"},{"x":51.02040816326531,"y":37.76372795969773,"width":32.39795918367347,"height":32.49370277078086,"action":{"library":"H5P.Image 1.1","params":{"contentName":"Image"},"subContentId":"1a99ad9b-72ce-4755-a803-3ba700a1fd25","metadata":{"contentType":"Image","license":"U","title":"Untitled Image"}},"backgroundOpacity":0,"willDoAnimation":true,"animationType":"glow","displayAsButton":false,"buttonSize":"big","goToSlideType":"specified","invisible":false,"id":"imgdaa4f823-3f9c-4ec9-b613-86cbc7976f84_4"}],"slideBackgroundSelector":{}},{"elements":[{"x":51.19825708061002,"y":15.053763440860214,"width":40.305010893246,"height":73.926590264538,"action":{"library":"H5P.Image 1.1","params":{"contentName":"Image","file":{"path":"images\/file-618ecc59ee8f9.jpg","mime":"image\/jpeg","copyright":{"license":"U"},"width":273,"height":273},"alt":"Umngane wami uSisa uthanda ukudlala umacashelana.","title":"Umngane wami uSisa uthanda ukudlala umacashelana."},"subContentId":"75c3c2b5-0b21-46f1-ad99-984d6ab526ad","metadata":{"contentType":"Image","license":"U","title":"Untitled Image"}},"backgroundOpacity":0,"willDoAnimation":false,"animationType":"glow","displayAsButton":false,"buttonSize":"big","goToSlideType":"specified","invisible":false},{"x":5.1020408163265305,"y":42.82115869017632,"width":43.57298474945534,"height":43.44086021505376,"action":{"library":"H5P.CRAdvancedText 1.1","params":{"text":"<p dir=\"ltr\" style=\"text-align: center;\"><span style=\"color:#ffffff;\"><span style=\"font-size:2.25em;\">\u092e\u0947\u0930\u0947 \u092e\u093f\u0924\u094d\u0930 \u0938\u093f\u0938\u093e \u0915\u094b \u0932\u0941\u0915\u093e-\u091b\u093f\u092a\u0940 \u0916\u0947\u0932\u0928\u093e \u092a\u094d\u0930\u093f\u092f \u0939\u0948\u0964<\/span><\/span><\/p>\n"},"subContentId":"c8ff22ff-1768-44a3-a0ed-b3d522587cef","metadata":{"contentType":"Text","license":"U","title":"Untitled Text"}},"alwaysDisplayComments":false,"backgroundOpacity":0,"willDoAnimation":false,"animationType":"glow","displayAsButton":false,"buttonSize":"big","goToSlideType":"specified","invisible":false,"solution":""},{"x":47.00255102040816,"y":43.95465994962216,"width":40,"height":40,"action":{"library":"H5P.CRAudio 1.4","params":{"fitToWrapper":true,"currIndex":6,"playerMode":"minimalistic","controls":true,"autoplay":true,"playAudio":"Play audio","pauseAudio":"Pause audio","contentName":"Audio","glowColor":"#ffd85a","timeStampForEachText":[{"text":" \u092e\u0947\u0930\u0947 ","startDuration":"0.0000","endDuration":"0.5873","wordfile":[{"path":"audios\/wordfile-660b4ab359772.wav","mime":"audio\/x-wav","copyright":{"license":"U"}}]},{"text":" \u092e\u093f\u0924\u094d\u0930 ","startDuration":"0.5883","endDuration":"0.8891","wordfile":[{"path":"audios\/wordfile-660b4acbd666a.wav","mime":"audio\/x-wav","copyright":{"license":"U"}}]},{"text":" \u0938\u093f\u0938\u093e ","startDuration":"0.8901","endDuration":"1.3448","wordfile":[{"path":"audios\/wordfile-660b4ae92dadc.wav","mime":"audio\/x-wav","copyright":{"license":"U"}}]},{"text":" \u0915\u094b ","startDuration":"1.3458","endDuration":"1.7898","wordfile":[{"path":"audios\/wordfile-660b4aff90928.wav","mime":"audio\/x-wav","copyright":{"license":"U"}}]},{"text":" \u0932\u0941\u0915\u093e\u091b\u093f\u092a\u0940 ","startDuration":"1.7908","endDuration":"2.7017","wordfile":[{"path":"audios\/wordfile-660b4b145fcda.wav","mime":"audio\/x-wav","copyright":{"license":"U"}}]},{"text":" \u0916\u0947\u0932\u0928\u093e ","startDuration":"2.7027","endDuration":"3.1202","wordfile":[{"path":"audios\/wordfile-660b4b2ed73eb.wav","mime":"audio\/x-wav","copyright":{"license":"U"}}]},{"text":" \u092a\u094d\u0930\u093f\u092f ","startDuration":"3.1212","endDuration":"3.3796","wordfile":[{"path":"audios\/wordfile-660b4b41318d6.wav","mime":"audio\/x-wav","copyright":{"license":"U"}}]},{"text":" \u0939\u0948\u0964 ","startDuration":"3.3806","endDuration":"3.8140","wordfile":[{"path":"audios\/wordfile-660b4b5307efd.wav","mime":"audio\/x-wav","copyright":{"license":"U"}}]}],"files":[{"path":"audios\/files-660b4a9f736fb.wav","mime":"audio\/x-wav","copyright":{"license":"U"}}]},"subContentId":"e8efb58e-c155-48dc-ba53-22856860d0cf","metadata":{"contentType":"Curious Reader Audio","license":"U","title":"Untitled Curious Reader Audio"}},"backgroundOpacity":0,"willDoAnimation":false,"animationType":"glow","displayAsButton":false,"buttonSize":"big","goToSlideType":"specified","invisible":false},{"x":52.295918367346935,"y":35.23501259445844,"width":17.091836734693878,"height":44.58438287153652,"action":{"library":"H5P.Image 1.1","params":{"contentName":"Image"},"subContentId":"d8e26101-dab1-4ecc-bb51-6feb020074e5","metadata":{"contentType":"Image","license":"U","title":"Untitled Image"}},"backgroundOpacity":0,"willDoAnimation":true,"animationType":"glow","displayAsButton":false,"buttonSize":"big","goToSlideType":"specified","invisible":false,"id":"imge8efb58e-c155-48dc-ba53-22856860d0cf_2"},{"x":53.57142857142857,"y":35.23501259445844,"width":17.091836734693878,"height":49.622166246851386,"action":{"library":"H5P.Image 1.1","params":{"contentName":"Image"},"subContentId":"39c9f280-7853-4b0c-a449-e21dafcbfd57","metadata":{"contentType":"Image","license":"U","title":"Untitled Image"}},"backgroundOpacity":0,"willDoAnimation":true,"animationType":"glow","displayAsButton":false,"buttonSize":"big","goToSlideType":"specified","invisible":false,"id":"imge8efb58e-c155-48dc-ba53-22856860d0cf_4"}],"slideBackgroundSelector":{}},{"elements":[{"x":2.5510204081632653,"y":42.82115869017632,"width":44.66230936819172,"height":49.46236559139785,"action":{"library":"H5P.CRAdvancedText 1.1","params":{"text":"<p dir=\"ltr\" style=\"text-align: center;\"><span style=\"color:#ffffff;\"><span style=\"font-size:2.25em;\">\u092e\u0947\u0930\u0940 \u092e\u093f\u0924\u094d\u0930 \u0905\u092f\u0902\u0926\u093e \u0915\u094b \u092a\u0920\u0928 \u0915\u0930\u0928\u093e \u092a\u094d\u0930\u093f\u092f \u0939\u0948\u0964<\/span><\/span><\/p>\n"},"subContentId":"5fa5cf7b-843e-440c-9615-1ee916184210","metadata":{"contentType":"Text","license":"U","title":"Untitled Text"}},"alwaysDisplayComments":false,"backgroundOpacity":0,"willDoAnimation":false,"animationType":"glow","displayAsButton":false,"buttonSize":"big","goToSlideType":"specified","invisible":false,"solution":""},{"x":49.76851851851851,"y":15.981735159817353,"width":39.998148148148,"height":67.063561014123,"action":{"library":"H5P.Image 1.1","params":{"contentName":"Image","file":{"path":"images\/file-618eb37e56dd2.jpg","mime":"image\/jpeg","copyright":{"license":"U"},"width":273,"height":273},"alt":"Umngane wami u-Ayanda uthanda ukufunda.","title":"Umngane wami u-Ayanda uthanda ukufunda."},"subContentId":"0b6f4751-67d7-4169-9bde-23e430c7c5f5","metadata":{"contentType":"Image","license":"U","title":"Untitled Image"}},"backgroundOpacity":0,"willDoAnimation":false,"animationType":"glow","displayAsButton":false,"buttonSize":"big","goToSlideType":"specified","invisible":false},{"x":47.00255102040816,"y":43.95465994962216,"width":40,"height":40,"action":{"library":"H5P.CRAudio 1.4","params":{"fitToWrapper":true,"currIndex":7,"playerMode":"minimalistic","controls":true,"autoplay":true,"playAudio":"Play audio","pauseAudio":"Pause audio","contentName":"Audio","glowColor":"#ffd85a","timeStampForEachText":[{"text":" \u092e\u0947\u0930\u0940 ","startDuration":"0.0000","endDuration":"0.7034","wordfile":[{"path":"audios\/wordfile-660b4b8d88f24.wav","mime":"audio\/x-wav","copyright":{"license":"U"}}]},{"text":" \u092e\u093f\u0924\u094d\u0930 ","startDuration":"0.7044","endDuration":"1.0509","wordfile":[{"path":"audios\/wordfile-660b4b9f936ce.wav","mime":"audio\/x-wav","copyright":{"license":"U"}}]},{"text":" \u0905\u092f\u0902\u0926\u093e ","startDuration":"1.0519","endDuration":"1.5860","wordfile":[{"path":"audios\/wordfile-660b4bb1ac963.wav","mime":"audio\/x-wav","copyright":{"license":"U"}}]},{"text":" \u0915\u094b ","startDuration":"1.5870","endDuration":"1.7870","wordfile":[{"path":"audios\/wordfile-660b4bc3097cf.wav","mime":"audio\/x-wav","copyright":{"license":"U"}}]},{"text":" \u092a\u0920\u0928 ","startDuration":"1.7880","endDuration":"2.2260","wordfile":[{"path":"audios\/wordfile-660b4bd532aae.wav","mime":"audio\/x-wav","copyright":{"license":"U"}}]},{"text":" \u0915\u0930\u0928\u093e ","startDuration":"2.2270","endDuration":"2.6146","wordfile":[{"path":"audios\/wordfile-660b4beac621a.wav","mime":"audio\/x-wav","copyright":{"license":"U"}}]},{"text":" \u092a\u094d\u0930\u093f\u092f ","startDuration":"2.6156","endDuration":"2.9209","wordfile":[{"path":"audios\/wordfile-660b4bfc2f73d.wav","mime":"audio\/x-wav","copyright":{"license":"U"}}]},{"text":" \u0939\u0948\u0964 ","startDuration":"2.9219","endDuration":"3.3141","wordfile":[{"path":"audios\/wordfile-660b4c0d4c6d4.wav","mime":"audio\/x-wav","copyright":{"license":"U"}}]}],"files":[{"path":"audios\/files-660b4b75c4a28.wav","mime":"audio\/x-wav","copyright":{"license":"U"}}]},"subContentId":"a92107ab-ee5e-484b-aae5-22aff4527d46","metadata":{"contentType":"Curious Reader Audio","license":"U","title":"Untitled Curious Reader Audio"}},"backgroundOpacity":0,"willDoAnimation":false,"animationType":"glow","displayAsButton":false,"buttonSize":"big","goToSlideType":"specified","invisible":false},{"x":57.39795918367348,"y":27.684130982367762,"width":32.39795918367347,"height":52.141057934508815,"action":{"library":"H5P.Image 1.1","params":{"contentName":"Image"},"subContentId":"568471de-086d-4e47-aa55-11530e1383a2","metadata":{"contentType":"Image","license":"U","title":"Untitled Image"}},"backgroundOpacity":0,"willDoAnimation":true,"animationType":"glow","displayAsButton":false,"buttonSize":"big","goToSlideType":"specified","invisible":false,"id":"imga92107ab-ee5e-484b-aae5-22aff4527d46_2"},{"x":72.7030612244898,"y":45.32821158690176,"width":13.26530612244898,"height":19.395465994962215,"action":{"library":"H5P.Image 1.1","params":{"contentName":"Image"},"subContentId":"ddf94173-0388-48ad-ab7a-602652d243be","metadata":{"contentType":"Image","license":"U","title":"Untitled Image"}},"backgroundOpacity":0,"willDoAnimation":true,"animationType":"glow","displayAsButton":false,"buttonSize":"big","goToSlideType":"specified","invisible":false,"id":"imga92107ab-ee5e-484b-aae5-22aff4527d46_4"}],"slideBackgroundSelector":{}},{"elements":[{"x":52.29591836734694,"y":15.113350125944583,"width":43.20987654321,"height":76.208592061503,"action":{"library":"H5P.Image 1.1","params":{"contentName":"Image","alt":"Mina? Ngiyathanda ukwenza izinto abathanda ukuzenza.","file":{"path":"images\/file-618eb73d03969.jpg","mime":"image\/jpeg","copyright":{"license":"U"},"width":273,"height":273},"title":"Mina? Ngiyathanda ukwenza izinto abathanda ukuzenza."},"subContentId":"c10d2176-9ae1-46fb-9f3c-c6b45d149b92","metadata":{"contentType":"Image","license":"U","title":"Untitled Image"}},"backgroundOpacity":0,"willDoAnimation":false,"animationType":"glow","displayAsButton":false,"buttonSize":"big","goToSlideType":"specified","invisible":false},{"x":3.826530612244898,"y":32.735768261964736,"width":52.29591836734694,"height":57.9345088161209,"action":{"library":"H5P.CRAdvancedText 1.1","params":{"text":"<p dir=\"ltr\" style=\"text-align: center;\"><span style=\"color:#ffffff;\"><span style=\"font-size:2.25em;\">\u092e\u0941\u091d\u0947? \u092e\u0941\u091d\u0947 \u0935\u094b \u0915\u093e\u092e \u0915\u0930\u0928\u093e \u092a\u094d\u0930\u093f\u092f \u0939\u0948 \u091c\u094b \u0909\u0928\u094d\u0939\u0947\u0902 \u0915\u0930\u0928\u093e \u092a\u094d\u0930\u093f\u092f \u0939\u0948\u0964<\/span><\/span><\/p>\n"},"subContentId":"01787cd3-7a57-403e-adc9-5d78a1c683c5","metadata":{"contentType":"Text","license":"U","title":"Untitled Text"}},"alwaysDisplayComments":false,"backgroundOpacity":0,"willDoAnimation":false,"animationType":"glow","displayAsButton":false,"buttonSize":"big","goToSlideType":"specified","invisible":false,"solution":""},{"x":47.00255102040816,"y":43.95465994962216,"width":40,"height":40,"action":{"library":"H5P.CRAudio 1.4","params":{"fitToWrapper":true,"currIndex":8,"playerMode":"minimalistic","controls":true,"autoplay":true,"playAudio":"Play audio","pauseAudio":"Pause audio","contentName":"Audio","glowColor":"#ffd85a","timeStampForEachText":[{"text":" \u092e\u0941\u091d\u0947? ","startDuration":"0.0000","endDuration":"0.8943","wordfile":[{"path":"audios\/wordfile-660b4c41b274f.wav","mime":"audio\/x-wav","copyright":{"license":"U"}}]},{"text":" \u092e\u0941\u091d\u0947 ","startDuration":"0.8953","endDuration":"1.4358","wordfile":[{"path":"audios\/wordfile-660b4c54b728d.wav","mime":"audio\/x-wav","copyright":{"license":"U"}}]},{"text":" \u0935\u094b ","startDuration":"1.4368","endDuration":"1.6969","wordfile":[{"path":"audios\/wordfile-660b4c691bdc2.wav","mime":"audio\/x-wav","copyright":{"license":"U"}}]},{"text":" \u0915\u093e\u092e ","startDuration":"1.6979","endDuration":"1.9647","wordfile":[{"path":"audios\/wordfile-660b4c82b3488.wav","mime":"audio\/x-wav","copyright":{"license":"U"}}]},{"text":" \u0915\u0930\u0928\u093e ","startDuration":"1.9657","endDuration":"2.3126","wordfile":[{"path":"audios\/wordfile-660b4c9b07d70.wav","mime":"audio\/x-wav","copyright":{"license":"U"}}]},{"text":" \u092a\u094d\u0930\u093f\u092f ","startDuration":"2.3136","endDuration":"2.5804","wordfile":[{"path":"audios\/wordfile-660b4cb4a8739.wav","mime":"audio\/x-wav","copyright":{"license":"U"}}]},{"text":" \u0939\u0948 ","startDuration":"2.5814","endDuration":"2.9750","wordfile":[{"path":"audios\/wordfile-660b4cc631dbc.wav","mime":"audio\/x-wav","copyright":{"license":"U"}}]},{"text":" \u091c\u094b ","startDuration":"2.9760","endDuration":"3.4030","wordfile":[{"path":"audios\/wordfile-660b4cd8d3dbb.wav","mime":"audio\/x-wav","copyright":{"license":"U"}}]},{"text":" \u0909\u0928\u094d\u0939\u0947\u0902 ","startDuration":"3.4040","endDuration":"3.7242","wordfile":[{"path":"audios\/wordfile-660b4cf655de1.wav","mime":"audio\/x-wav","copyright":{"license":"U"}}]},{"text":" \u0915\u0930\u0928\u093e ","startDuration":"3.7252","endDuration":"4.0654","wordfile":[{"path":"audios\/wordfile-660b4d0f32965.wav","mime":"audio\/x-wav","copyright":{"license":"U"}}]},{"text":" \u092a\u094d\u0930\u093f\u092f ","startDuration":"4.0664","endDuration":"4.3532","wordfile":[{"path":"audios\/wordfile-660b4d2cc1224.wav","mime":"audio\/x-wav","copyright":{"license":"U"}}]},{"text":" \u0939\u0948\u0964 ","startDuration":"4.3542","endDuration":"4.8679","wordfile":[{"path":"audios\/wordfile-660b4d42882e7.wav","mime":"audio\/x-wav","copyright":{"license":"U"}}]}],"files":[{"path":"audios\/files-660b4c3123543.wav","mime":"audio\/x-wav","copyright":{"license":"U"}}]},"subContentId":"9c62fd62-6ff7-454b-90b6-5d665b9761b0","metadata":{"contentType":"Curious Reader Audio","license":"U","title":"Untitled Curious Reader Audio"}},"backgroundOpacity":0,"willDoAnimation":false,"animationType":"glow","displayAsButton":false,"buttonSize":"big","goToSlideType":"specified","invisible":false},{"x":61.224489795918366,"y":17.614534005037783,"width":23.46938775510204,"height":69.77329974811083,"action":{"library":"H5P.Image 1.1","params":{"contentName":"Image"},"subContentId":"b0f06aae-a010-4503-a3c2-1dd492eb2f3f","metadata":{"contentType":"Image","license":"U","title":"Untitled Image"}},"backgroundOpacity":0,"willDoAnimation":true,"animationType":"glow","displayAsButton":false,"buttonSize":"big","goToSlideType":"specified","invisible":false,"id":"img9c62fd62-6ff7-454b-90b6-5d665b9761b0_0"},{"x":61.224489795918366,"y":17.614534005037783,"width":27.29591836734694,"height":69.77329974811083,"action":{"library":"H5P.Image 1.1","params":{"contentName":"Image"},"subContentId":"8d631225-aace-4451-9d49-0a62a997c4a2","metadata":{"contentType":"Image","license":"U","title":"Untitled Image"}},"backgroundOpacity":0,"willDoAnimation":true,"animationType":"glow","displayAsButton":false,"buttonSize":"big","goToSlideType":"specified","invisible":false,"id":"img9c62fd62-6ff7-454b-90b6-5d665b9761b0_1"}],"slideBackgroundSelector":{}},{"elements":[{"x":3.826530612244898,"y":73.04785894206549,"width":93.68191721132898,"height":24.946236559139784,"action":{"library":"H5P.CRAdvancedText 1.1","params":{"text":"<p dir=\"ltr\" style=\"text-align: center;\"><span style=\"color:#ffffff;\"><span style=\"font-size:2.25em;\">\u092e\u0948\u0902 \u091c\u093c\u093f\u091c\u093c\u094b \u0915\u0947 \u0938\u093e\u0925 \u092b\u0941\u091f\u092c\u0949\u0932 \u0916\u0947\u0932\u0924\u093e \u0939\u0942\u0902\u0964<\/span><\/span><\/p>\n"},"subContentId":"c0103700-9490-46ad-806e-95977b01da71","metadata":{"contentType":"Text","license":"U","title":"Untitled Text"}},"alwaysDisplayComments":false,"backgroundOpacity":0,"willDoAnimation":false,"animationType":"glow","displayAsButton":false,"buttonSize":"big","goToSlideType":"specified","invisible":false,"solution":""},{"x":30.501089324618736,"y":2.150537634408602,"width":37.642919389978,"height":68.856593233979,"action":{"library":"H5P.Image 1.1","params":{"contentName":"Image","alt":"Ngidlala ibhola noZizo.","file":{"path":"images\/file-618eb89609ed6.jpg","mime":"image\/jpeg","copyright":{"license":"U"},"width":273,"height":273},"title":"Ngidlala ibhola noZizo."},"subContentId":"07536b8d-c38f-40e0-9261-226d0a11c99a","metadata":{"contentType":"Image","license":"U","title":"Untitled Image"}},"backgroundOpacity":0,"willDoAnimation":false,"animationType":"glow","displayAsButton":false,"buttonSize":"big","goToSlideType":"specified","invisible":false},{"x":47.00255102040816,"y":43.95465994962216,"width":40,"height":40,"action":{"library":"H5P.CRAudio 1.4","params":{"fitToWrapper":true,"currIndex":9,"playerMode":"minimalistic","controls":true,"autoplay":true,"playAudio":"Play audio","pauseAudio":"Pause audio","contentName":"Audio","glowColor":"#ffd85a","timeStampForEachText":[{"text":" \u092e\u0948\u0902 ","startDuration":"0.0000","endDuration":"0.5405","wordfile":[{"path":"audios\/wordfile-660b4d8185cc5.wav","mime":"audio\/x-wav","copyright":{"license":"U"}}]},{"text":" \u091c\u093c\u093f\u091c\u093c\u094b ","startDuration":"0.5415","endDuration":"0.9307","wordfile":[{"path":"audios\/wordfile-660b4d98e381c.wav","mime":"audio\/x-wav","copyright":{"license":"U"}}]},{"text":" \u0915\u0947 ","startDuration":"0.9317","endDuration":"1.0349","wordfile":[{"path":"audios\/wordfile-660b4db4475f6.wav","mime":"audio\/x-wav","copyright":{"license":"U"}}]},{"text":" \u0938\u093e\u0925 ","startDuration":"1.0359","endDuration":"1.2359","wordfile":[{"path":"audios\/wordfile-660b4dd43f59a.wav","mime":"audio\/x-wav","copyright":{"license":"U"}}]},{"text":" \u092b\u0941\u091f\u092c\u0949\u0932 ","startDuration":"1.2369","endDuration":"1.7155","wordfile":[{"path":"audios\/wordfile-660b4de8c7603.wav","mime":"audio\/x-wav","copyright":{"license":"U"}}]},{"text":" \u0916\u0947\u0932\u0924\u093e ","startDuration":"1.7165","endDuration":"2.1263","wordfile":[{"path":"audios\/wordfile-660b4dfd67b29.wav","mime":"audio\/x-wav","copyright":{"license":"U"}}]},{"text":" \u0939\u0942\u0902\u0964 ","startDuration":"2.1273","endDuration":"2.5302","wordfile":[{"path":"audios\/wordfile-660b4e16adb0c.wav","mime":"audio\/x-wav","copyright":{"license":"U"}}]}],"files":[{"path":"audios\/files-660b4d6e3135c.wav","mime":"audio\/x-wav","copyright":{"license":"U"}}]},"subContentId":"95787bf9-d123-4dbe-96b1-a04fa1fc98b3","metadata":{"contentType":"Curious Reader Audio","license":"U","title":"Untitled Curious Reader Audio"}},"backgroundOpacity":0,"willDoAnimation":false,"animationType":"glow","displayAsButton":false,"buttonSize":"big","goToSlideType":"specified","invisible":false},{"x":47.19387755102041,"y":15.101536523929472,"width":24.744897959183675,"height":52.141057934508815,"action":{"library":"H5P.Image 1.1","params":{"contentName":"Image"},"subContentId":"76edf185-666d-450f-9047-dfe8c5688ca8","metadata":{"contentType":"Image","license":"U","title":"Untitled Image"}},"backgroundOpacity":0,"willDoAnimation":true,"animationType":"glow","displayAsButton":false,"buttonSize":"big","goToSlideType":"specified","invisible":false,"id":"img95787bf9-d123-4dbe-96b1-a04fa1fc98b3_0"},{"x":30.612244897959183,"y":5.031889168765743,"width":17.474489795918366,"height":59.697732997481104,"action":{"library":"H5P.Image 1.1","params":{"contentName":"Image"},"subContentId":"5928fe24-2c6b-4959-8c1b-b45bcd17430b","metadata":{"contentType":"Image","license":"U","title":"Untitled Image"}},"backgroundOpacity":0,"willDoAnimation":true,"animationType":"glow","displayAsButton":false,"buttonSize":"big","goToSlideType":"specified","invisible":false,"id":"img95787bf9-d123-4dbe-96b1-a04fa1fc98b3_1"},{"x":48.46938775510204,"y":47.817632241813605,"width":9.821428571428571,"height":22.166246851385388,"action":{"library":"H5P.Image 1.1","params":{"contentName":"Image"},"subContentId":"9c6030c6-9ec5-4c2c-9fc8-152199b0bf5d","metadata":{"contentType":"Image","license":"U","title":"Untitled Image"}},"backgroundOpacity":0,"willDoAnimation":true,"animationType":"glow","displayAsButton":false,"buttonSize":"big","goToSlideType":"specified","invisible":false,"id":"img95787bf9-d123-4dbe-96b1-a04fa1fc98b3_4"}],"slideBackgroundSelector":{}},{"elements":[{"x":0,"y":78.08564231738035,"width":100,"height":21.662468513853902,"action":{"library":"H5P.CRAdvancedText 1.1","params":{"text":"<p dir=\"ltr\" style=\"text-align: center;\"><span style=\"color:#ffffff;\"><span style=\"font-size:2.25em;\">\u092e\u0948\u0902 \u0932\u0947\u0932\u0947 \u0915\u0947 \u0938\u093e\u0925 \u0924\u0948\u0930\u093e\u0915\u0940 \u0915\u0930\u0924\u093e \u0939\u0942\u0902\u0964<\/span><\/span><\/p>\n"},"subContentId":"4f10339f-9758-4ec2-b3ad-9bda148dc589","metadata":{"contentType":"Text","license":"U","title":"Untitled Text"}},"alwaysDisplayComments":false,"backgroundOpacity":0,"willDoAnimation":false,"animationType":"glow","displayAsButton":false,"buttonSize":"big","goToSlideType":"specified","invisible":false,"solution":""},{"x":27.77716836734694,"y":6.0177833753148615,"width":40.05102040816327,"height":73.04785894206549,"action":{"library":"H5P.Image 1.1","params":{"contentName":"Image","file":{"path":"images\/file-618eb96526d0d.jpg","mime":"image\/jpeg","copyright":{"license":"U"},"width":273,"height":273},"alt":"Ngibhukuda noLele.","title":"Ngibhukuda noLele."},"subContentId":"5a25762a-d5eb-41ab-be59-b3eb68d8ec63","metadata":{"contentType":"Image","license":"U","title":"Untitled Image"}},"backgroundOpacity":0,"willDoAnimation":false,"animationType":"glow","displayAsButton":false,"buttonSize":"big","goToSlideType":"specified","invisible":false},{"x":47.00255102040816,"y":43.95465994962216,"width":40,"height":40,"action":{"library":"H5P.CRAudio 1.4","params":{"fitToWrapper":true,"currIndex":10,"playerMode":"minimalistic","controls":true,"autoplay":true,"playAudio":"Play audio","pauseAudio":"Pause audio","contentName":"Audio","glowColor":"#ffd85a","timeStampForEachText":[{"text":" \u092e\u0948\u0902 ","startDuration":"0.0000","endDuration":"0.2575","wordfile":[{"path":"audios\/wordfile-660b4e4079baa.wav","mime":"audio\/x-wav","copyright":{"license":"U"}}]},{"text":" \u0932\u0947\u0932\u0947 ","startDuration":"0.2585","endDuration":"0.6783","wordfile":[{"path":"audios\/wordfile-660b4e5cb06f8.wav","mime":"audio\/x-wav","copyright":{"license":"U"}}]},{"text":" \u0915\u0947 ","startDuration":"0.6793","endDuration":"0.8184","wordfile":[{"path":"audios\/wordfile-660b4e750d93c.wav","mime":"audio\/x-wav","copyright":{"license":"U"}}]},{"text":" \u0938\u093e\u0925 ","startDuration":"0.8184","endDuration":"1.1547","wordfile":[{"path":"audios\/wordfile-660b4e8ca7889.wav","mime":"audio\/x-wav","copyright":{"license":"U"}}]},{"text":" \u0924\u0948\u0930\u093e\u0915\u0940 ","startDuration":"1.1557","endDuration":"1.6533","wordfile":[{"path":"audios\/wordfile-660b4ec12bd23.wav","mime":"audio\/x-wav","copyright":{"license":"U"}}]},{"text":" \u0915\u0930\u0924\u093e ","startDuration":"1.6543","endDuration":"2.0031","wordfile":[{"path":"audios\/wordfile-660b4ed612b6c.wav","mime":"audio\/x-wav","copyright":{"license":"U"}}]},{"text":" \u0939\u0942\u0902\u0964 ","startDuration":"2.0041","endDuration":"2.3833","wordfile":[{"path":"audios\/wordfile-660b4eeb72b3d.wav","mime":"audio\/x-wav","copyright":{"license":"U"}}]}],"files":[{"path":"audios\/files-660b4e2cbf9be.wav","mime":"audio\/x-wav","copyright":{"license":"U"}}]},"subContentId":"04f4605b-ef24-449b-952a-3919ee1c3e1f","metadata":{"contentType":"Curious Reader Audio","license":"U","title":"Untitled Curious Reader Audio"}},"backgroundOpacity":0,"willDoAnimation":false,"animationType":"glow","displayAsButton":false,"buttonSize":"big","goToSlideType":"specified","invisible":false},{"x":49.744897959183675,"y":32.7455919395466,"width":14.923469387755102,"height":40.050377833753146,"action":{"library":"H5P.Image 1.1","params":{"contentName":"Image"},"subContentId":"d6258ca4-f334-499d-92a0-4b919051c014","metadata":{"contentType":"Image","license":"U","title":"Untitled Image"}},"backgroundOpacity":0,"willDoAnimation":true,"animationType":"glow","displayAsButton":false,"buttonSize":"big","goToSlideType":"specified","invisible":false,"id":"img04f4605b-ef24-449b-952a-3919ee1c3e1f_0"},{"x":28.061224489795915,"y":30.21108312342569,"width":16.198979591836736,"height":40.050377833753146,"action":{"library":"H5P.Image 1.1","params":{"contentName":"Image"},"subContentId":"851b00c2-5155-41a4-8001-ad7ca6da0c3c","metadata":{"contentType":"Image","license":"U","title":"Untitled Image"}},"backgroundOpacity":0,"willDoAnimation":true,"animationType":"glow","displayAsButton":false,"buttonSize":"big","goToSlideType":"specified","invisible":false,"id":"img04f4605b-ef24-449b-952a-3919ee1c3e1f_1"},{"x":26.785714285714285,"y":30.226700251889167,"width":40,"height":40,"action":{"library":"H5P.Image 1.1","params":{"contentName":"Image"},"subContentId":"2ff81ec9-5a52-43be-823b-cbac6f6666b7","metadata":{"contentType":"Image","license":"U","title":"Untitled Image"}},"backgroundOpacity":0,"willDoAnimation":true,"animationType":"glow","displayAsButton":false,"buttonSize":"big","goToSlideType":"specified","invisible":false,"id":"img04f4605b-ef24-449b-952a-3919ee1c3e1f_4"}],"slideBackgroundSelector":{}},{"elements":[{"x":5.1020408163265305,"y":73.04785894206549,"width":91.83673469387756,"height":25.188916876574307,"action":{"library":"H5P.CRAdvancedText 1.1","params":{"text":"<p dir=\"ltr\" style=\"text-align: center;\"><span style=\"color:#ffffff;\"><span style=\"font-size:2.25em;\">\u092e\u0948\u0902 \u0938\u093f\u0938\u093e \u0915\u0947 \u0938\u093e\u0925 \u0932\u0941\u0915\u093e&amp;ndash;\u091b\u093f\u092a\u0940 \u0916\u0947\u0932\u0924\u093e \u0939\u0942\u0902\u0964<\/span><\/span><\/p>\n"},"subContentId":"5ce600c0-9e95-4b84-9330-56cc92fd0bf7","metadata":{"contentType":"Text","license":"U","title":"Untitled Text"}},"alwaysDisplayComments":false,"backgroundOpacity":0,"willDoAnimation":false,"animationType":"glow","displayAsButton":false,"buttonSize":"big","goToSlideType":"specified","invisible":false,"solution":""},{"x":29.520697167756,"y":6.0249519079732,"width":39.998148148148,"height":66.791953592016,"action":{"library":"H5P.Image 1.1","params":{"contentName":"Image","file":{"path":"images\/file-618ebb55f4134.jpg","mime":"image\/jpeg","copyright":{"license":"U"},"width":273,"height":273},"alt":"Ngidlala umacashelana noSisa.","title":"Ngidlala umacashelana noSisa."},"subContentId":"7fcf93f8-b105-4383-8477-0218ce8d77da","metadata":{"contentType":"Image","license":"U","title":"Untitled Image"}},"backgroundOpacity":0,"willDoAnimation":false,"animationType":"glow","displayAsButton":false,"buttonSize":"big","goToSlideType":"specified","invisible":false},{"x":47.00255102040816,"y":43.95465994962216,"width":40,"height":40,"action":{"library":"H5P.CRAudio 1.4","params":{"fitToWrapper":true,"currIndex":11,"playerMode":"minimalistic","controls":true,"autoplay":true,"playAudio":"Play audio","pauseAudio":"Pause audio","contentName":"Audio","glowColor":"#ffd85a","timeStampForEachText":[{"text":" \u092e\u0948\u0902 ","startDuration":"0.0000","endDuration":"0.2775","wordfile":[{"path":"audios\/wordfile-660b4f15c32ff.wav","mime":"audio\/x-wav","copyright":{"license":"U"}}]},{"text":" \u0938\u093f\u0938\u093e ","startDuration":"0.2785","endDuration":"0.6948","wordfile":[{"path":"audios\/wordfile-660b4f2782aab.wav","mime":"audio\/x-wav","copyright":{"license":"U"}}]},{"text":" \u0915\u0947 ","startDuration":"0.6958","endDuration":"0.8060","wordfile":[{"path":"audios\/wordfile-660b4f430c7ba.wav","mime":"audio\/x-wav","copyright":{"license":"U"}}]},{"text":" \u0938\u093e\u0925 ","startDuration":"0.8070","endDuration":"1.2111","wordfile":[{"path":"audios\/wordfile-660b4f6289239.wav","mime":"audio\/x-wav","copyright":{"license":"U"}}]},{"text":" \u0932\u0941\u0915\u093e\u2013\u091b\u093f\u092a\u0940 ","startDuration":"1.2121","endDuration":"2.1344","wordfile":[{"path":"audios\/wordfile-660b4f7787830.wav","mime":"audio\/x-wav","copyright":{"license":"U"}}]},{"text":" \u0916\u0947\u0932\u0924\u093e ","startDuration":"2.1354","endDuration":"2.5680","wordfile":[{"path":"audios\/wordfile-660b4f9135936.wav","mime":"audio\/x-wav","copyright":{"license":"U"}}]},{"text":" \u0939\u0942\u0902\u0964 ","startDuration":"2.5690","endDuration":"2.9241","wordfile":[{"path":"audios\/wordfile-660b4fa4edfe2.wav","mime":"audio\/x-wav","copyright":{"license":"U"}}]}],"files":[{"path":"audios\/files-660b4efea7465.wav","mime":"audio\/x-wav","copyright":{"license":"U"}}]},"subContentId":"1e8481cf-befc-4af4-aed9-9da724121439","metadata":{"contentType":"Curious Reader Audio","license":"U","title":"Untitled Curious Reader Audio"}},"backgroundOpacity":0,"willDoAnimation":false,"animationType":"glow","displayAsButton":false,"buttonSize":"big","goToSlideType":"specified","invisible":false},{"x":31.887755102040817,"y":25.17317380352645,"width":16.198979591836736,"height":40.050377833753146,"action":{"library":"H5P.Image 1.1","params":{"contentName":"Image"},"subContentId":"ea3bda74-1cc6-4244-88bc-24cc8bd4877a","metadata":{"contentType":"Image","license":"U","title":"Untitled Image"}},"backgroundOpacity":0,"willDoAnimation":true,"animationType":"glow","displayAsButton":false,"buttonSize":"big","goToSlideType":"specified","invisible":false,"id":"img1e8481cf-befc-4af4-aed9-9da724121439_1"},{"x":30.612244897959183,"y":17.6204282115869,"width":40.05102040816327,"height":57.178841309823675,"action":{"library":"H5P.Image 1.1","params":{"contentName":"Image"},"subContentId":"9b4b033b-0fbf-4004-b721-e7ec1ce4bd12","metadata":{"contentType":"Image","license":"U","title":"Untitled Image"}},"backgroundOpacity":0,"willDoAnimation":true,"animationType":"glow","displayAsButton":false,"buttonSize":"big","goToSlideType":"specified","invisible":false,"id":"img1e8481cf-befc-4af4-aed9-9da724121439_4"}],"slideBackgroundSelector":{}},{"elements":[{"x":15.306122448979592,"y":10.579345088161208,"width":68.87755102040816,"height":69.0176322418136,"action":{"library":"H5P.Image 1.1","params":{"contentName":"Image","file":{"path":"images\/file-618ecd7fc659d.jpg","mime":"image\/jpeg","copyright":{"license":"U"},"width":350,"height":210}},"subContentId":"c2ff2e98-73c7-4f05-b67e-e393662e801c","metadata":{"contentType":"Image","license":"U","title":"Untitled Image"}},"backgroundOpacity":0,"willDoAnimation":false,"animationType":"glow","displayAsButton":false,"buttonSize":"big","goToSlideType":"specified","invisible":false},{"x":1.0204081632653061,"y":81.61209068010075,"width":97.83163265306122,"height":17.632241813602015,"action":{"library":"H5P.CRAdvancedText 1.1","params":{"text":"<p dir=\"ltr\" style=\"text-align: center;\"><span style=\"color:#ffffff;\"><span style=\"font-size:2.25em;\">\u092e\u0948\u0902 \u0905\u092f\u0902\u0926\u093e \u0915\u0947 \u0938\u093e\u0925 \u092a\u0920\u0928 \u0915\u0930\u0928\u093e \u0939\u0942\u0902\u0964<\/span><\/span><\/p>\n"},"subContentId":"bb08e97d-bef7-4a5e-bda8-a71c987a742e","metadata":{"contentType":"Text","license":"U","title":"Untitled Text"}},"alwaysDisplayComments":false,"backgroundOpacity":0,"willDoAnimation":false,"animationType":"glow","displayAsButton":false,"buttonSize":"big","goToSlideType":"specified","invisible":false,"solution":""},{"x":47.00255102040816,"y":43.95465994962216,"width":40,"height":40,"action":{"library":"H5P.CRAudio 1.4","params":{"fitToWrapper":true,"currIndex":12,"playerMode":"minimalistic","controls":true,"autoplay":true,"playAudio":"Play audio","pauseAudio":"Pause audio","contentName":"Audio","glowColor":"#ffd85a","timeStampForEachText":[{"text":" \u092e\u0948\u0902 ","startDuration":"0.0000","endDuration":"0.5545","wordfile":[{"path":"audios\/wordfile-660b4fcaf0692.wav","mime":"audio\/x-wav","copyright":{"license":"U"}}]},{"text":" \u0905\u092f\u0902\u0926\u093e ","startDuration":"0.5555","endDuration":"1.0316","wordfile":[{"path":"audios\/wordfile-660b4fdedd66e.wav","mime":"audio\/x-wav","copyright":{"license":"U"}}]},{"text":" \u0915\u0947 ","startDuration":"1.0326","endDuration":"1.1468","wordfile":[{"path":"audios\/wordfile-660b500124e2f.wav","mime":"audio\/x-wav","copyright":{"license":"U"}}]},{"text":" \u0938\u093e\u0925 ","startDuration":"1.1478","endDuration":"1.5082","wordfile":[{"path":"audios\/wordfile-660b501cc040c.wav","mime":"audio\/x-wav","copyright":{"license":"U"}}]},{"text":" \u092a\u0920\u0928 ","startDuration":"1.5092","endDuration":"1.8547","wordfile":[{"path":"audios\/wordfile-660b50329f141.wav","mime":"audio\/x-wav","copyright":{"license":"U"}}]},{"text":" \u0915\u0930\u0928\u093e ","startDuration":"1.8557","endDuration":"2.1826","wordfile":[{"path":"audios\/wordfile-660b504e8d2bb.wav","mime":"audio\/x-wav","copyright":{"license":"U"}}]},{"text":" \u0939\u0942\u0902\u0964 ","startDuration":"2.1836","endDuration":"2.5179","wordfile":[{"path":"audios\/wordfile-660b507b2196c.wav","mime":"audio\/x-wav","copyright":{"license":"U"}}]}],"files":[{"path":"audios\/files-660b4fba190c8.wav","mime":"audio\/x-wav","copyright":{"license":"U"}}]},"subContentId":"ca06e072-b579-427c-98b4-1abc42d6ccbf","metadata":{"contentType":"Curious Reader Audio","license":"U","title":"Untitled Curious Reader Audio"}},"backgroundOpacity":0,"willDoAnimation":false,"animationType":"glow","displayAsButton":false,"buttonSize":"big","goToSlideType":"specified","invisible":false},{"x":22.95918367346939,"y":25.165289672544077,"width":25.127551020408163,"height":34.5088161209068,"action":{"library":"H5P.Image 1.1","params":{"contentName":"Image"},"subContentId":"698da6bf-8dff-4011-aa98-ebfe4805a33c","metadata":{"contentType":"Image","license":"U","title":"Untitled Image"}},"backgroundOpacity":0,"willDoAnimation":true,"animationType":"glow","displayAsButton":false,"buttonSize":"big","goToSlideType":"specified","invisible":false,"id":"imgca06e072-b579-427c-98b4-1abc42d6ccbf_1"},{"x":22.95918367346939,"y":22.658211586901764,"width":30.229591836734695,"height":54.659949622166245,"action":{"library":"H5P.Image 1.1","params":{"contentName":"Image"},"subContentId":"025dc1cc-9852-447c-8462-21ad8d69a5d5","metadata":{"contentType":"Image","license":"U","title":"Untitled Image"}},"backgroundOpacity":0,"willDoAnimation":true,"animationType":"glow","displayAsButton":false,"buttonSize":"big","goToSlideType":"specified","invisible":false,"id":"imgca06e072-b579-427c-98b4-1abc42d6ccbf_4"},{"x":48.46938775510204,"y":22.658211586901764,"width":40.05102040816327,"height":59.697732997481104,"action":{"library":"H5P.Image 1.1","params":{"contentName":"Image"},"subContentId":"da23a58f-089b-4f8f-9a42-7dc9303b0da5","metadata":{"contentType":"Image","license":"U","title":"Untitled Image"}},"backgroundOpacity":0,"willDoAnimation":true,"animationType":"glow","displayAsButton":false,"buttonSize":"big","goToSlideType":"specified","invisible":false,"id":"imgca06e072-b579-427c-98b4-1abc42d6ccbf_4"}],"slideBackgroundSelector":{}},{"elements":[{"x":2.423469387755102,"y":81.360201511335,"width":95.66326530612245,"height":17.632241813602015,"action":{"library":"H5P.CRAdvancedText 1.1","params":{"text":"<p dir=\"ltr\" style=\"text-align: center;\"><span style=\"color:#ffffff;\"><span style=\"font-size:2.25em;\">\u0906\u0913, \u092e\u093f\u0924\u094d\u0930\u094b\u0902, \u0906\u092a\u0915\u094b \u0915\u094d\u092f\u093e \u092a\u094d\u0930\u093f\u092f \u0939\u0948?<\/span><\/span><\/p>\n"},"subContentId":"561dd707-289b-446f-bb31-a8d898b0b627","metadata":{"contentType":"Text","license":"U","title":"Untitled Text"}},"alwaysDisplayComments":false,"backgroundOpacity":0,"willDoAnimation":false,"animationType":"glow","displayAsButton":false,"buttonSize":"big","goToSlideType":"specified","invisible":false,"solution":""},{"x":29.336734693877553,"y":4.295894206549118,"width":42.474489795918366,"height":73.29974811083123,"action":{"library":"H5P.Image 1.1","params":{"contentName":"Image","file":{"path":"images\/file-618ebd51e59a0.jpg","mime":"image\/jpeg","copyright":{"license":"U"},"width":273,"height":273},"alt":"Woza, mngane, yini oyithandayo?","title":"Woza, mngane, yini oyithandayo?"},"subContentId":"a94f03fd-3ce4-4a62-9d49-2af4710dd854","metadata":{"contentType":"Image","license":"U","title":"Untitled Image"}},"backgroundOpacity":0,"willDoAnimation":false,"animationType":"glow","displayAsButton":false,"buttonSize":"big","goToSlideType":"specified","invisible":false},{"x":47.00255102040816,"y":43.95465994962216,"width":40,"height":40,"action":{"library":"H5P.CRAudio 1.4","params":{"fitToWrapper":true,"currIndex":13,"playerMode":"minimalistic","controls":true,"autoplay":true,"playAudio":"Play audio","pauseAudio":"Pause audio","contentName":"Audio","glowColor":"#ffd85a","timeStampForEachText":[{"text":" \u0906\u0913, ","startDuration":"0.0000","endDuration":"0.6880","wordfile":[{"path":"audios\/wordfile-660b509d2c146.wav","mime":"audio\/x-wav","copyright":{"license":"U"}}]},{"text":" \u092e\u093f\u0924\u094d\u0930\u094b\u0902, ","startDuration":"0.6890","endDuration":"1.4045","wordfile":[{"path":"audios\/wordfile-660b50aec928b.wav","mime":"audio\/x-wav","copyright":{"license":"U"}}]},{"text":" \u0906\u092a\u0915\u094b ","startDuration":"1.4055","endDuration":"1.9833","wordfile":[{"path":"audios\/wordfile-660b50c07bd58.wav","mime":"audio\/x-wav","copyright":{"license":"U"}}]},{"text":" \u0915\u094d\u092f\u093e ","startDuration":"1.9843","endDuration":"2.1213","wordfile":[{"path":"audios\/wordfile-660b50d94df56.wav","mime":"audio\/x-wav","copyright":{"license":"U"}}]},{"text":" \u092a\u094d\u0930\u093f\u092f ","startDuration":"2.1223","endDuration":"2.4325","wordfile":[{"path":"audios\/wordfile-660b50f43a10f.wav","mime":"audio\/x-wav","copyright":{"license":"U"}}]},{"text":" \u0939\u0948? ","startDuration":"2.4335","endDuration":"2.9200","wordfile":[{"path":"audios\/wordfile-660b51085ffd5.wav","mime":"audio\/x-wav","copyright":{"license":"U"}}]}],"files":[{"path":"audios\/files-660b508db9b8d.wav","mime":"audio\/x-wav","copyright":{"license":"U"}}]},"subContentId":"ad89ac0c-a970-4307-836c-d358d6fd03ad","metadata":{"contentType":"Curious Reader Audio","license":"U","title":"Untitled Curious Reader Audio"}},"backgroundOpacity":0,"willDoAnimation":false,"animationType":"glow","displayAsButton":false,"buttonSize":"big","goToSlideType":"specified","invisible":false}],"slideBackgroundSelector":{}},{"elements":[{"x":0,"y":79.50453400503777,"width":100,"height":18.89168765743073,"action":{"library":"H5P.CRAdvancedText 1.1","params":{"text":"<p dir=\"ltr\" style=\"text-align: center;\"><span style=\"color:#ffffff;\"><span style=\"font-size:2.25em;\">\u0906\u0913, \u0939\u092e\u093e\u0930\u0947 \u0938\u093e\u0925 \u092b\u0941\u091f\u092c\u0949\u0932 \u0916\u0947\u0932\u0947\u0902\u0964<\/span><\/span><\/p>\n"},"subContentId":"8bdf48c8-d31b-4d24-90c4-3a81da7d5874","metadata":{"contentType":"Text","license":"U","title":"Untitled Text"}},"alwaysDisplayComments":false,"backgroundOpacity":0,"willDoAnimation":false,"animationType":"glow","displayAsButton":false,"buttonSize":"big","goToSlideType":"specified","invisible":false,"solution":""},{"x":27.314795918367345,"y":5.035818639798489,"width":42.474489795918366,"height":71.53652392947103,"action":{"library":"H5P.Image 1.1","params":{"contentName":"Image","file":{"path":"images\/file-618ebe5e14981.jpg","mime":"image\/jpeg","copyright":{"license":"U"},"width":273,"height":273},"alt":"Woza, udlale ibhola nathi.","title":"Woza, udlale ibhola nathi."},"subContentId":"90899643-cef7-4587-a9f3-53dc5f203480","metadata":{"contentType":"Image","license":"U","title":"Untitled Image"}},"backgroundOpacity":0,"willDoAnimation":false,"animationType":"glow","displayAsButton":false,"buttonSize":"big","goToSlideType":"specified","invisible":false},{"x":47.00255102040816,"y":43.95465994962216,"width":40,"height":40,"action":{"library":"H5P.CRAudio 1.4","params":{"fitToWrapper":true,"currIndex":14,"playerMode":"minimalistic","controls":true,"autoplay":true,"playAudio":"Play audio","pauseAudio":"Pause audio","contentName":"Audio","glowColor":"#ffd85a","timeStampForEachText":[{"text":" \u0906\u0913, ","startDuration":"0.0000","endDuration":"0.8807","wordfile":[{"path":"audios\/wordfile-660b5142ab753.wav","mime":"audio\/x-wav","copyright":{"license":"U"}}]},{"text":" \u0939\u092e\u093e\u0930\u0947 ","startDuration":"0.8817","endDuration":"1.5072","wordfile":[{"path":"audios\/wordfile-660b51599f566.wav","mime":"audio\/x-wav","copyright":{"license":"U"}}]},{"text":" \u0938\u093e\u0925 ","startDuration":"1.5082","endDuration":"1.8095","wordfile":[{"path":"audios\/wordfile-660b51707ebb5.wav","mime":"audio\/x-wav","copyright":{"license":"U"}}]},{"text":" \u092b\u0941\u091f\u092c\u0949\u0932 ","startDuration":"1.8105","endDuration":"2.2941","wordfile":[{"path":"audios\/wordfile-660b518765843.wav","mime":"audio\/x-wav","copyright":{"license":"U"}}]},{"text":" \u0916\u0947\u0932\u0947\u0902\u0964 ","startDuration":"2.2951","endDuration":"2.8557","wordfile":[{"path":"audios\/wordfile-660b5198ccc74.wav","mime":"audio\/x-wav","copyright":{"license":"U"}}]}],"files":[{"path":"audios\/files-660b5121d33d2.wav","mime":"audio\/x-wav","copyright":{"license":"U"}}]},"subContentId":"b0491ac9-849b-41c2-b324-845c2cc150b6","metadata":{"contentType":"Curious Reader Audio","license":"U","title":"Untitled Curious Reader Audio"}},"backgroundOpacity":0,"willDoAnimation":false,"animationType":"glow","displayAsButton":false,"buttonSize":"big","goToSlideType":"specified","invisible":false},{"x":28.06122448979592,"y":0,"width":45.535714285714285,"height":72.29219143576826,"action":{"library":"H5P.Image 1.1","params":{"contentName":"Image"},"subContentId":"1a0e0798-c8f8-4d7d-92f1-b698e8a30169","metadata":{"contentType":"Image","license":"U","title":"Untitled Image"}},"backgroundOpacity":0,"willDoAnimation":true,"animationType":"glow","displayAsButton":false,"buttonSize":"big","goToSlideType":"specified","invisible":false,"id":"imgb0491ac9-849b-41c2-b324-845c2cc150b6_4"},{"x":28.061224489795915,"y":0,"width":46.81122448979592,"height":72.29219143576826,"action":{"library":"H5P.Image 1.1","params":{"contentName":"Image"},"subContentId":"96a5262f-30d5-4b41-a7a3-1f7f160db462","metadata":{"contentType":"Image","license":"U","title":"Untitled Image"}},"backgroundOpacity":0,"willDoAnimation":true,"animationType":"glow","displayAsButton":false,"buttonSize":"big","goToSlideType":"specified","invisible":false,"id":"imgb0491ac9-849b-41c2-b324-845c2cc150b6_3"}],"slideBackgroundSelector":{}},{"elements":[{"x":11.479591836734695,"y":78.0639798488665,"width":79.08163265306122,"height":20.906801007556673,"action":{"library":"H5P.CRAdvancedText 1.1","params":{"text":"<p dir=\"ltr\" style=\"text-align: center;\"><span style=\"color:#ffffff;\"><span style=\"font-size:2.25em;\">\u0906\u0913, \u0939\u092e\u093e\u0930\u0947 \u0938\u093e\u0925 \u0924\u0948\u0930\u093e\u0915\u0940 \u0915\u0930\u094b\u0964<\/span><\/span><\/p>\n"},"subContentId":"0f7ae9c5-38f6-4b56-b0a4-f60475428cdf","metadata":{"contentType":"Text","license":"U","title":"Untitled Text"}},"alwaysDisplayComments":false,"backgroundOpacity":0,"willDoAnimation":false,"animationType":"glow","displayAsButton":false,"buttonSize":"big","goToSlideType":"specified","invisible":false,"solution":""},{"x":28.061224489795915,"y":6.4566246851385385,"width":43.494897959183675,"height":73.04785894206549,"action":{"library":"H5P.Image 1.1","params":{"contentName":"Image","file":{"path":"images\/file-618ebfb3bf920.jpg","mime":"image\/jpeg","copyright":{"license":"U"},"width":273,"height":273},"alt":"Woza, ubhukude nathi.","title":"Woza, ubhukude nathi."},"subContentId":"7d166ac6-5c43-46d0-9e03-6441fbe0e622","metadata":{"contentType":"Image","license":"U","title":"Untitled Image"}},"backgroundOpacity":0,"willDoAnimation":false,"animationType":"glow","displayAsButton":false,"buttonSize":"big","goToSlideType":"specified","invisible":false},{"x":47.00255102040816,"y":43.95465994962216,"width":40,"height":40,"action":{"library":"H5P.CRAudio 1.4","params":{"fitToWrapper":true,"currIndex":15,"playerMode":"minimalistic","controls":true,"autoplay":true,"playAudio":"Play audio","pauseAudio":"Pause audio","contentName":"Audio","glowColor":"#ffd85a","timeStampForEachText":[{"text":" \u0906\u0913, ","startDuration":"0.0000","endDuration":"0.7591","wordfile":[{"path":"audios\/wordfile-660b51c1e03ca.wav","mime":"audio\/x-wav","copyright":{"license":"U"}}]},{"text":" \u0939\u092e\u093e\u0930\u0947 ","startDuration":"0.7601","endDuration":"1.3927","wordfile":[{"path":"audios\/wordfile-660b51d49900f.wav","mime":"audio\/x-wav","copyright":{"license":"U"}}]},{"text":" \u0938\u093e\u0925 ","startDuration":"1.3937","endDuration":"1.6712","wordfile":[{"path":"audios\/wordfile-660b51ef18cea.wav","mime":"audio\/x-wav","copyright":{"license":"U"}}]},{"text":" \u0924\u0948\u0930\u093e\u0915\u0940 ","startDuration":"1.6722","endDuration":"2.2109","wordfile":[{"path":"audios\/wordfile-660b5203656d7.wav","mime":"audio\/x-wav","copyright":{"license":"U"}}]},{"text":" \u0915\u0930\u094b\u0964 ","startDuration":"2.2119","endDuration":"2.8241","wordfile":[{"path":"audios\/wordfile-660b521a423d1.wav","mime":"audio\/x-wav","copyright":{"license":"U"}}]}],"files":[{"path":"audios\/files-660b51afc5e9b.wav","mime":"audio\/x-wav","copyright":{"license":"U"}}]},"subContentId":"c74bd4b0-e291-48ed-8c3c-8a07bc1dc030","metadata":{"contentType":"Curious Reader Audio","license":"U","title":"Untitled Curious Reader Audio"}},"backgroundOpacity":0,"willDoAnimation":false,"animationType":"glow","displayAsButton":false,"buttonSize":"big","goToSlideType":"specified","invisible":false},{"x":29.336734693877553,"y":10.067707808564231,"width":40.05102040816327,"height":64.73551637279597,"action":{"library":"H5P.Image 1.1","params":{"contentName":"Image"},"subContentId":"70cc793e-15b9-406b-bca9-d02891502706","metadata":{"contentType":"Image","license":"U","title":"Untitled Image"}},"backgroundOpacity":0,"willDoAnimation":true,"animationType":"glow","displayAsButton":false,"buttonSize":"big","goToSlideType":"specified","invisible":false,"id":"imgc74bd4b0-e291-48ed-8c3c-8a07bc1dc030_3"}],"slideBackgroundSelector":{}},{"elements":[{"x":51.02040816326531,"y":15.113350125944583,"width":42.483660130719,"height":75.772592493771,"action":{"library":"H5P.Image 1.1","params":{"contentName":"Image","file":{"path":"images\/file-618ecf61254ef.jpg","mime":"image\/jpeg","copyright":{"license":"U"},"width":273,"height":273},"alt":"Woza, uzodlala umacashelana nathi.","title":"Woza, uzodlala umacashelana nathi."},"subContentId":"b3bbd262-e926-4513-ae5d-6426653a8687","metadata":{"contentType":"Image","license":"U","title":"Untitled Image"}},"backgroundOpacity":0,"willDoAnimation":false,"animationType":"glow","displayAsButton":false,"buttonSize":"big","goToSlideType":"specified","invisible":false},{"x":3.826530612244898,"y":40.30226700251889,"width":49.744897959183675,"height":50.377833753148614,"action":{"library":"H5P.CRAdvancedText 1.1","params":{"text":"<p dir=\"ltr\" style=\"text-align: center;\"><span style=\"color:#ffffff;\"><span style=\"font-size:2.25em;\">\u0906\u0913, \u0939\u092e\u093e\u0930\u0947 \u0938\u093e\u0925 \u0932\u0941\u0915\u093e&amp;ndash;\u091b\u093f\u092a\u0940 \u0916\u0947\u0932\u094b\u0964<\/span><\/span><\/p>\n"},"subContentId":"2f66b069-73bc-4244-a662-95291edb4cfd","metadata":{"contentType":"Text","license":"U","title":"Untitled Text"}},"alwaysDisplayComments":false,"backgroundOpacity":0,"willDoAnimation":false,"animationType":"glow","displayAsButton":false,"buttonSize":"big","goToSlideType":"specified","invisible":false,"solution":""},{"x":47.00255102040816,"y":43.95465994962216,"width":40,"height":40,"action":{"library":"H5P.CRAudio 1.4","params":{"fitToWrapper":true,"currIndex":16,"playerMode":"minimalistic","controls":true,"autoplay":true,"playAudio":"Play audio","pauseAudio":"Pause audio","contentName":"Audio","glowColor":"#ffd85a","timeStampForEachText":[{"text":" \u0906\u0913, ","startDuration":"0.0000","endDuration":"0.8255","wordfile":[{"path":"audios\/wordfile-660b523a9d82b.wav","mime":"audio\/x-wav","copyright":{"license":"U"}}]},{"text":" \u0939\u092e\u093e\u0930\u0947 ","startDuration":"0.8265","endDuration":"1.3653","wordfile":[{"path":"audios\/wordfile-660b524c1463c.wav","mime":"audio\/x-wav","copyright":{"license":"U"}}]},{"text":" \u0938\u093e\u0925 ","startDuration":"1.3663","endDuration":"1.6923","wordfile":[{"path":"audios\/wordfile-660b526500897.wav","mime":"audio\/x-wav","copyright":{"license":"U"}}]},{"text":" \u0932\u0941\u0915\u093e\u2013\u091b\u093f\u092a\u0940 ","startDuration":"1.6933","endDuration":"2.4319","wordfile":[{"path":"audios\/wordfile-660b52787a657.wav","mime":"audio\/x-wav","copyright":{"license":"U"}}]},{"text":" \u0916\u0947\u0932\u094b\u0964 ","startDuration":"2.4329","endDuration":"2.9717","wordfile":[{"path":"audios\/wordfile-660b528f64411.wav","mime":"audio\/x-wav","copyright":{"license":"U"}}]}],"files":[{"path":"audios\/files-660b5229050bc.wav","mime":"audio\/x-wav","copyright":{"license":"U"}}]},"subContentId":"d7e35c9f-f68a-4dd4-8f45-c95348a0b687","metadata":{"contentType":"Curious Reader Audio","license":"U","title":"Untitled Curious Reader Audio"}},"backgroundOpacity":0,"willDoAnimation":false,"animationType":"glow","displayAsButton":false,"buttonSize":"big","goToSlideType":"specified","invisible":false},{"x":56.12244897959183,"y":35.23501259445844,"width":26.020408163265305,"height":54.659949622166245,"action":{"library":"H5P.Image 1.1","params":{"contentName":"Image"},"subContentId":"c39c62b7-ee68-47e5-aac4-76c32cda16b4","metadata":{"contentType":"Image","license":"U","title":"Untitled Image"}},"backgroundOpacity":0,"willDoAnimation":true,"animationType":"glow","displayAsButton":false,"buttonSize":"big","goToSlideType":"specified","invisible":false,"id":"imgd7e35c9f-f68a-4dd4-8f45-c95348a0b687_3"},{"x":75.25510204081633,"y":10.067707808564231,"width":18.367346938775512,"height":40.050377833753146,"action":{"library":"H5P.Image 1.1","params":{"contentName":"Image"},"subContentId":"2d754e58-44ab-4fcb-92b2-0c1fa7cdca9a","metadata":{"contentType":"Image","license":"U","title":"Untitled Image"}},"backgroundOpacity":0,"willDoAnimation":true,"animationType":"glow","displayAsButton":false,"buttonSize":"big","goToSlideType":"specified","invisible":false,"id":"imgd7e35c9f-f68a-4dd4-8f45-c95348a0b687_3"}],"slideBackgroundSelector":{}},{"elements":[{"x":12.755102040816327,"y":80.60453400503778,"width":73.9795918367347,"height":17.12846347607053,"action":{"library":"H5P.CRAdvancedText 1.1","params":{"text":"<p dir=\"ltr\" style=\"text-align: center;\"><span style=\"color:#ffffff;\"><span style=\"font-size:2.25em;\">\u0906\u0913, \u0939\u092e\u093e\u0930\u0947 \u0938\u093e\u0925 \u092a\u0920\u0928 \u0915\u0930\u094b\u0964<\/span><\/span><\/p>\n"},"subContentId":"c2f3f53b-4ef2-41bf-8273-468816eeee27","metadata":{"contentType":"Text","license":"U","title":"Untitled Text"}},"alwaysDisplayComments":false,"backgroundOpacity":0,"willDoAnimation":false,"animationType":"glow","displayAsButton":false,"buttonSize":"big","goToSlideType":"specified","invisible":false,"solution":""},{"x":30.357142857142858,"y":5.541561712846347,"width":38.392857142857146,"height":73.04785894206549,"action":{"library":"H5P.Image 1.1","params":{"contentName":"Image","file":{"path":"images\/file-618ec1d1dba5b.jpg","mime":"image\/jpeg","copyright":{"license":"U"},"width":273,"height":273},"alt":"Woza, ufunde kanye nathi.","title":"Woza, ufunde kanye nathi."},"subContentId":"006c0f7a-5773-4f46-bf82-5931c01adc2f","metadata":{"contentType":"Image","license":"U","title":"Untitled Image"}},"backgroundOpacity":0,"willDoAnimation":false,"animationType":"glow","displayAsButton":false,"buttonSize":"big","goToSlideType":"specified","invisible":false},{"x":47.00255102040816,"y":43.95465994962216,"width":40,"height":40,"action":{"library":"H5P.CRAudio 1.4","params":{"fitToWrapper":true,"currIndex":17,"playerMode":"minimalistic","controls":true,"autoplay":true,"playAudio":"Play audio","pauseAudio":"Pause audio","contentName":"Audio","glowColor":"#ffd85a","timeStampForEachText":[{"text":" \u0906\u0913, ","startDuration":"0.0000","endDuration":"0.8257","wordfile":[{"path":"audios\/wordfile-660b52b167b13.wav","mime":"audio\/x-wav","copyright":{"license":"U"}}]},{"text":" \u0939\u092e\u093e\u0930\u0947 ","startDuration":"0.8267","endDuration":"1.4832","wordfile":[{"path":"audios\/wordfile-660b52c3d6c19.wav","mime":"audio\/x-wav","copyright":{"license":"U"}}]},{"text":" \u0938\u093e\u0925 ","startDuration":"1.4842","endDuration":"1.8574","wordfile":[{"path":"audios\/wordfile-660b52dc394a9.wav","mime":"audio\/x-wav","copyright":{"license":"U"}}]},{"text":" \u092a\u0920\u0928 ","startDuration":"1.8584","endDuration":"2.2394","wordfile":[{"path":"audios\/wordfile-660b52f69e463.wav","mime":"audio\/x-wav","copyright":{"license":"U"}}]},{"text":" \u0915\u0930\u094b\u0964 ","startDuration":"2.2404","endDuration":"2.8654","wordfile":[{"path":"audios\/wordfile-660b53086203f.wav","mime":"audio\/x-wav","copyright":{"license":"U"}}]}],"files":[{"path":"audios\/files-660b529f033ac.wav","mime":"audio\/x-wav","copyright":{"license":"U"}}]},"subContentId":"fa7979c9-842f-4359-a179-1f5f1dcc6634","metadata":{"contentType":"Curious Reader Audio","license":"U","title":"Untitled Curious Reader Audio"}},"backgroundOpacity":0,"willDoAnimation":false,"animationType":"glow","displayAsButton":false,"buttonSize":"big","goToSlideType":"specified","invisible":false},{"x":28.061224489795915,"y":17.6204282115869,"width":18.75,"height":40.050377833753146,"action":{"library":"H5P.Image 1.1","params":{"contentName":"Image"},"subContentId":"c01c09e4-5c08-4580-ad60-bbe570552659","metadata":{"contentType":"Image","license":"U","title":"Untitled Image"}},"backgroundOpacity":0,"willDoAnimation":true,"animationType":"glow","displayAsButton":false,"buttonSize":"big","goToSlideType":"specified","invisible":false,"id":"imgfa7979c9-842f-4359-a179-1f5f1dcc6634_3"},{"x":44.642857142857146,"y":17.614534005037783,"width":25.127551020408163,"height":42.06549118387909,"action":{"library":"H5P.Image 1.1","params":{"contentName":"Image"},"subContentId":"cfdd3a48-a147-4a51-8edf-1db8638de6de","metadata":{"contentType":"Image","license":"U","title":"Untitled Image"}},"backgroundOpacity":0,"willDoAnimation":true,"animationType":"glow","displayAsButton":false,"buttonSize":"big","goToSlideType":"specified","invisible":false,"id":"imgfa7979c9-842f-4359-a179-1f5f1dcc6634_3"}],"slideBackgroundSelector":{}},{"elements":[{"x":0,"y":27.707808564231737,"width":47.19387755102041,"height":60.45340050377833,"action":{"library":"H5P.CRAdvancedText 1.1","params":{"text":"<p dir=\"ltr\" style=\"text-align: center;\"><span style=\"color:#ffffff;\"><span style=\"font-size:2.25em;\">\u0939\u092e\u0947\u0902 \u092e\u093f\u0924\u094d\u0930\u094b\u0902 \u0915\u0947 \u0938\u093e\u0925 \u0906\u0928\u0902\u0926&amp;ndash;\u092a\u094d\u0930\u092e\u094b\u0926 \u0915\u0930\u0928\u093e \u092a\u094d\u0930\u093f\u092f \u0939\u0948\u0964<\/span><\/span><\/p>\n"},"subContentId":"6515099d-443d-4e39-a9ae-78a04ed14f9a","metadata":{"contentType":"Text","license":"U","title":"Untitled Text"}},"alwaysDisplayComments":false,"backgroundOpacity":0,"willDoAnimation":false,"animationType":"glow","displayAsButton":false,"buttonSize":"big","goToSlideType":"specified","invisible":false,"solution":""},{"x":48.46938775510204,"y":15.113350125944583,"width":44.753086419753,"height":79.256935743964,"action":{"library":"H5P.Image 1.1","params":{"contentName":"Image","alt":"Sithanda ukuzijabulisa nabangani.","title":"Sithanda ukuzijabulisa nabangani.","file":{"path":"images\/file-618ec2e9676e8.jpg","mime":"image\/jpeg","copyright":{"license":"U"},"width":273,"height":273}},"subContentId":"d306951b-d37a-48f0-b520-d8cb6bed7af9","metadata":{"contentType":"Image","license":"U","title":"Untitled Image"}},"backgroundOpacity":0,"willDoAnimation":false,"animationType":"glow","displayAsButton":false,"buttonSize":"big","goToSlideType":"specified","invisible":false},{"x":47.00255102040816,"y":43.95465994962216,"width":40,"height":40,"action":{"library":"H5P.CRAudio 1.4","params":{"fitToWrapper":true,"currIndex":18,"playerMode":"minimalistic","controls":true,"autoplay":true,"playAudio":"Play audio","pauseAudio":"Pause audio","contentName":"Audio","glowColor":"#ffd85a","timeStampForEachText":[{"text":" \u0939\u092e\u0947\u0902 ","startDuration":"0.0000","endDuration":"0.5350","wordfile":[{"path":"audios\/wordfile-660b53307fc70.wav","mime":"audio\/x-wav","copyright":{"license":"U"}}]},{"text":" \u092e\u093f\u0924\u094d\u0930\u094b\u0902 ","startDuration":"0.5360","endDuration":"0.9429","wordfile":[{"path":"audios\/wordfile-660b534784138.wav","mime":"audio\/x-wav","copyright":{"license":"U"}}]},{"text":" \u0915\u0947 ","startDuration":"0.9439","endDuration":"1.0897","wordfile":[{"path":"audios\/wordfile-660b535ea2bbe.wav","mime":"audio\/x-wav","copyright":{"license":"U"}}]},{"text":" \u0938\u093e\u0925 ","startDuration":"1.0907","endDuration":"1.3646","wordfile":[{"path":"audios\/wordfile-660b537b77f11.wav","mime":"audio\/x-wav","copyright":{"license":"U"}}]},{"text":" \u0906\u0928\u0902\u0926\u2013\u092a\u094d\u0930\u092e\u094b\u0926 ","startDuration":"1.3656","endDuration":"2.3341","wordfile":[{"path":"audios\/wordfile-660b539440e84.wav","mime":"audio\/x-wav","copyright":{"license":"U"}}]},{"text":" \u0915\u0930\u0928\u093e ","startDuration":"2.3351","endDuration":"2.7962","wordfile":[{"path":"audios\/wordfile-660b53a9d40ef.wav","mime":"audio\/x-wav","copyright":{"license":"U"}}]},{"text":" \u092a\u094d\u0930\u093f\u092f ","startDuration":"2.7972","endDuration":"3.1204","wordfile":[{"path":"audios\/wordfile-660b53bb776dc.wav","mime":"audio\/x-wav","copyright":{"license":"U"}}]},{"text":" \u0939\u0948\u0964 ","startDuration":"3.1214","endDuration":"3.6121","wordfile":[{"path":"audios\/wordfile-660b53cc9a369.wav","mime":"audio\/x-wav","copyright":{"license":"U"}}]}],"files":[{"path":"audios\/files-660b531c9de8d.wav","mime":"audio\/x-wav","copyright":{"license":"U"}}]},"subContentId":"08856672-8240-421f-ad8c-228071806e0f","metadata":{"contentType":"Curious Reader Audio","license":"U","title":"Untitled Curious Reader Audio"}},"backgroundOpacity":0,"willDoAnimation":false,"animationType":"glow","displayAsButton":false,"buttonSize":"big","goToSlideType":"specified","invisible":false},{"x":47.19387755102041,"y":17.614534005037783,"width":48.08673469387755,"height":67.2544080604534,"action":{"library":"H5P.Image 1.1","params":{"contentName":"Image"},"subContentId":"dfa9e6aa-3a39-49b9-ada3-07bff9e0e4b6","metadata":{"contentType":"Image","license":"U","title":"Untitled Image"}},"backgroundOpacity":0,"willDoAnimation":true,"animationType":"glow","displayAsButton":false,"buttonSize":"big","goToSlideType":"specified","invisible":false,"id":"img08856672-8240-421f-ad8c-228071806e0f_1"}],"slideBackgroundSelector":{}},{"elements":[{"x":4.62962962962963,"y":11.415525114155251,"width":23.148148148148145,"height":15.981735159817353,"action":{"library":"H5P.Image 1.1","params":{"contentName":"Image","file":{"path":"images\/file-61faf81aea46b.png","mime":"image\/png","copyright":{"license":"U"},"width":1350,"height":487}},"metadata":{"contentType":"Image","license":"U","title":"Untitled Image"},"subContentId":"45750f56-188e-4f60-af42-6d631b2d556f"},"backgroundOpacity":0,"willDoAnimation":false,"animationType":"glow","displayAsButton":false,"buttonSize":"big","goToSlideType":"specified","invisible":false},{"x":37.03703703703704,"y":10.752688172043008,"width":28.124999999999996,"height":13.698630136986301,"action":{"library":"H5P.Image 1.1","params":{"contentName":"Image","file":{"path":"images\/file-61f9b09eb5330.png","mime":"image\/png","copyright":{"license":"U"},"width":814,"height":202}},"metadata":{"contentType":"Image","license":"U","title":"Untitled Image"},"subContentId":"cc2ecdc6-9393-428c-907b-f89bde66f5e3"},"backgroundOpacity":0,"willDoAnimation":false,"animationType":"glow","displayAsButton":false,"buttonSize":"big","goToSlideType":"specified","invisible":false},{"x":69.71677559912854,"y":6.451612903225806,"width":23.148148148148145,"height":23.28767123287671,"action":{"library":"H5P.Image 1.1","params":{"contentName":"Image","file":{"path":"images\/file-61f9b3987a86d.jpg","mime":"image\/jpeg","copyright":{"license":"U"},"width":306,"height":148}},"metadata":{"contentType":"Image","license":"U","title":"Untitled Image"},"subContentId":"523bfe62-f871-4d0d-a7d3-8902a69232f4"},"backgroundOpacity":0,"willDoAnimation":false,"animationType":"glow","displayAsButton":false,"buttonSize":"big","goToSlideType":"specified","invisible":false},{"x":17.857142857142858,"y":35.26448362720403,"width":65.359477124183,"height":56.98924731182795,"action":{"library":"H5P.CRAdvancedText 1.1","params":{"text":"<h3 style=\"text-align: center;\"><span style=\"font-size:1.125em;\"><strong>\"<\/strong><\/span>\u092e\u093f\u0924\u094d\u0930\u094b\u0902<span style=\"font-size:1.125em;\"><strong>\" credits<\/strong><\/span><\/h3>\n\n<h3 style=\"text-align: center;\"><span style=\"font-size:1em;\">This work, \"<\/span>\u092e\u093f\u0924\u094d\u0930\u094b\u0902<span style=\"font-size:1em;\">\", is a derivative of \"Friends\" by Zimbili Dlamini and Hlengiwe Zondi, used under CC BY. \"<\/span>\u092e\u093f\u0924\u094d\u0930\u094b\u0902<span style=\"font-size:1em;\">\" is licensed under CC BY 4.0 by Curious Learning.<\/span><\/h3>\n\n<h3 style=\"text-align: center;\"><br>\n<span style=\"font-size:1em;\">Book builder - Abraham Jerry Kakooza<\/span><\/h3>\n\n<p style=\"text-align: center;\">&nbsp;<\/p>\n"},"metadata":{"contentType":"Text","license":"U","title":"Untitled Text"},"subContentId":"01353513-0203-46a7-a7f4-bb1d8f346485"},"alwaysDisplayComments":false,"backgroundOpacity":0,"willDoAnimation":false,"animationType":"glow","displayAsButton":false,"buttonSize":"big","goToSlideType":"specified","invisible":false,"solution":""}],"slideBackgroundSelector":{}}],"keywordListEnabled":true,"globalBackgroundSelector":{"fillGlobalBackground":"#b7f5da"},"keywordListAlwaysShow":false,"keywordListAutoHide":false,"keywordListOpacity":90},"override":{"activeSurface":false,"hideSummarySlide":false,"summarySlideSolutionButton":true,"summarySlideRetryButton":true,"enablePrintButton":false,"social":{"showFacebookShare":false,"facebookShare":{"url":"@currentpageurl","quote":"I scored @score out of @maxScore on a task at @currentpageurl."},"showTwitterShare":false,"twitterShare":{"statement":"I scored @score out of @maxScore on a task at @currentpageurl.","url":"@currentpageurl","hashtags":"h5p, course"},"showGoogleShare":false,"googleShareUrl":"@currentpageurl"}},"l10n":{"slide":"Slide","score":"Score","yourScore":"Your Score","maxScore":"Max Score","total":"Total","totalScore":"Total Score","showSolutions":"Show solutions","retry":"Retry","exportAnswers":"Export text","hideKeywords":"Hide sidebar navigation menu","showKeywords":"Show sidebar navigation menu","fullscreen":"Fullscreen","exitFullscreen":"Exit fullscreen","prevSlide":"Previous slide","nextSlide":"Next slide","currentSlide":"Current slide","lastSlide":"Last slide","solutionModeTitle":"Exit solution mode","solutionModeText":"Solution Mode","summaryMultipleTaskText":"Multiple tasks","scoreMessage":"You achieved:","shareFacebook":"Share on Facebook","shareTwitter":"Share on Twitter","shareGoogle":"Share on Google+","summary":"Summary","solutionsButtonTitle":"Show comments","printTitle":"Print","printIngress":"How would you like to print this presentation?","printAllSlides":"Print all slides","printCurrentSlide":"Print current slide","noTitle":"No title","accessibilitySlideNavigationExplanation":"Use left and right arrow to change slide in that direction whenever canvas is selected.","accessibilityCanvasLabel":"Presentation canvas. Use left and right arrow to move between slides.","containsNotCompleted":"@slideName contains not completed interaction","containsCompleted":"@slideName contains completed interaction","slideCount":"Slide @index of @total","containsOnlyCorrect":"@slideName only has correct answers","containsIncorrectAnswers":"@slideName has incorrect answers","shareResult":"Share Result","accessibilityTotalScore":"You got @score of @maxScore points in total","accessibilityEnteredFullscreen":"Entered fullscreen","accessibilityExitedFullscreen":"Exited fullscreen"}}