{"presentation":{"slides":[{"elements":[{"x":11.982570806100219,"y":83.87096774193547,"width":78.86710239651417,"height":15.053763440860214,"action":{"library":"H5P.CRAdvancedText 1.1","params":{"text":"<p style=\"text-align: center;\"><span style=\"font-size:2.25em;\">\u0915\u094d\u0930\u0940\u0921\u093e\u0902\u0917\u0923<\/span><\/p>\n"},"subContentId":"90697ea5-581d-4cce-b8d5-c3e964c80fe3","metadata":{"contentType":"Text","license":"U","title":"Untitled Text"}},"alwaysDisplayComments":false,"backgroundOpacity":0,"willDoAnimation":false,"animationType":"glow","displayAsButton":false,"buttonSize":"big","goToSlideType":"specified","invisible":false,"solution":""},{"x":3.2679738562091507,"y":4.29436559139785,"width":91.28540305010894,"height":77.41935483870967,"action":{"library":"H5P.Image 1.1","params":{"contentName":"Image","file":{"path":"images\/file-65771e0ae63e0.jpg","mime":"image\/jpeg","copyright":{"license":"U"},"width":1024,"height":490}},"subContentId":"4b5f1fe6-22a7-4ade-bfe5-6c2a6969447d","metadata":{"contentType":"Image","license":"U","title":"Untitled Image"}},"backgroundOpacity":0,"willDoAnimation":false,"animationType":"glow","displayAsButton":false,"buttonSize":"big","goToSlideType":"specified","invisible":false}],"slideBackgroundSelector":{}},{"elements":[{"x":7.625272331154684,"y":2.150537634408602,"width":39.97821350762527,"height":95.69892473118279,"action":{"library":"H5P.Image 1.1","params":{"contentName":"Image","file":{"path":"images\/file-6577290f7836f.jpeg","mime":"image\/jpeg","copyright":{"license":"U"},"width":1024,"height":1472}},"subContentId":"476fadde-9027-4ab4-aca7-b46b802384a1","metadata":{"contentType":"Image","license":"U","title":"Untitled Image"}},"backgroundOpacity":0,"willDoAnimation":false,"animationType":"glow","displayAsButton":false,"buttonSize":"big","goToSlideType":"specified","invisible":false},{"x":49.63235294117647,"y":37.892,"width":43.93382352941176,"height":40,"action":{"library":"H5P.CRAdvancedText 1.1","params":{"text":"<p style=\"text-align: center;\"><span style=\"color:#ffffff;\"><span style=\"font-size:1.75em;\">\u0906\u092e\u094d\u0939\u093e\u0932\u093e \u0916\u0947\u0933\u093e\u091a\u094d\u092f\u093e \u092e\u0948\u0926\u093e\u0928\u093e\u0924 \u091c\u093e\u092f\u091a\u0947 \u0906\u0939\u0947<\/span><\/span><\/p>\n"},"subContentId":"4a13a470-f3c0-45b7-bbb6-948224693b56","metadata":{"contentType":"Text","license":"U","title":"Untitled Text"}},"alwaysDisplayComments":false,"backgroundOpacity":0,"willDoAnimation":false,"animationType":"glow","displayAsButton":false,"buttonSize":"big","goToSlideType":"specified","invisible":false,"solution":""},{"x":46.96691176470588,"y":44,"width":40,"height":40,"action":{"library":"H5P.CRAudio 1.4","params":{"fitToWrapper":true,"currIndex":1,"playerMode":"minimalistic","controls":true,"autoplay":true,"playAudio":"Play audio","pauseAudio":"Pause audio","contentName":"Audio","glowColor":"#ffd85a","timeStampForEachText":[{"text":" \u0906\u092e\u094d\u0939\u093e\u0932\u093e ","startDuration":"0.3218","endDuration":"0.9709","wordfile":[{"path":"audios\/wordfile-6732e5a7a4a1f.wav","mime":"audio\/x-wav","copyright":{"license":"U"}}]},{"text":" \u0916\u0947\u0933\u093e\u091a\u094d\u092f\u093e ","startDuration":"0.9479","endDuration":"1.5695","wordfile":[{"path":"audios\/wordfile-6732e5b7b4ad9.wav","mime":"audio\/x-wav","copyright":{"license":"U"}}]},{"text":" \u092e\u0948\u0926\u093e\u0928\u093e\u0924 ","startDuration":"1.5389","endDuration":"2.0116","wordfile":[{"path":"audios\/wordfile-6732e5ca36ae3.wav","mime":"audio\/x-wav","copyright":{"license":"U"}}]},{"text":" \u091c\u093e\u092f\u091a\u0947 ","startDuration":"2.0011","endDuration":"2.3800","wordfile":[{"path":"audios\/wordfile-6732e5dc6d6a5.wav","mime":"audio\/x-wav","copyright":{"license":"U"}}]},{"text":" \u0906\u0939\u0947 ","startDuration":"2.3801","endDuration":"2.7388","wordfile":[{"path":"audios\/wordfile-6732e5f496da8.wav","mime":"audio\/x-wav","copyright":{"license":"U"}}]}],"files":[{"path":"audios\/files-6732e5803026a.wav","mime":"audio\/x-wav","copyright":{"license":"U"}}]},"subContentId":"2b4ea3f9-eeeb-4de8-86e2-445925b1d0b7","metadata":{"contentType":"Curious Reader Audio","license":"U","title":"Untitled Curious Reader Audio"}},"backgroundOpacity":0,"willDoAnimation":false,"animationType":"glow","displayAsButton":false,"buttonSize":"big","goToSlideType":"specified","invisible":false},{"x":12.867647058823529,"y":36.41490909090909,"width":17.830882352941174,"height":38.90909090909091,"action":{"library":"H5P.Image 1.1","params":{"contentName":"Image"},"subContentId":"cc956250-219e-4fd1-9ac9-0701c432a110","metadata":{"contentType":"Image","license":"U","title":"Untitled Image"}},"backgroundOpacity":0,"willDoAnimation":true,"animationType":"glow","displayAsButton":false,"buttonSize":"big","goToSlideType":"specified","invisible":false,"id":"img2b4ea3f9-eeeb-4de8-86e2-445925b1d0b7_0"},{"x":23.89705882352941,"y":43.63636363636363,"width":21.507352941176467,"height":24.363636363636363,"action":{"library":"H5P.Image 1.1","params":{"contentName":"Image"},"subContentId":"69c2b170-2af6-4150-bbde-3df7adb4f995","metadata":{"contentType":"Image","license":"U","title":"Untitled Image"}},"backgroundOpacity":0,"willDoAnimation":true,"animationType":"glow","displayAsButton":false,"buttonSize":"big","goToSlideType":"specified","invisible":false,"id":"img2b4ea3f9-eeeb-4de8-86e2-445925b1d0b7_2"}],"slideBackgroundSelector":{}},{"elements":[{"x":43.57298474945534,"y":40.86021505376344,"width":54.46623093681917,"height":40.86021505376344,"action":{"library":"H5P.CRAdvancedText 1.1","params":{"text":"<p style=\"text-align: center;\"><span style=\"color:#ffffff;\"><span style=\"font-size:1.75em;\">\u0906\u092e\u094d\u0939\u0940 \u0924\u093f\u0925\u0947 \u0915\u0938\u0947 \u091c\u093e\u092f\u091a\u0947?<\/span><\/span><\/p>\n"},"subContentId":"2994eb57-730b-4fd4-9251-e065d99b0ad4","metadata":{"contentType":"Text","license":"U","title":"Untitled Text"}},"alwaysDisplayComments":false,"backgroundOpacity":0,"willDoAnimation":false,"animationType":"glow","displayAsButton":false,"buttonSize":"big","goToSlideType":"specified","invisible":false,"solution":""},{"x":5.446623093681917,"y":2.150537634408602,"width":39.97821350762527,"height":95.69892473118279,"action":{"library":"H5P.Image 1.1","params":{"contentName":"Image","file":{"path":"images\/file-65771ef884e6f.jpg","mime":"image\/jpeg","copyright":{"license":"U"},"width":1024,"height":1472}},"subContentId":"9331eab1-1659-4721-afea-f39be84615c0","metadata":{"contentType":"Image","license":"U","title":"Untitled Image"}},"backgroundOpacity":0,"willDoAnimation":false,"animationType":"glow","displayAsButton":false,"buttonSize":"big","goToSlideType":"specified","invisible":false},{"x":47.014925373134325,"y":43.91143911439114,"width":40,"height":40,"action":{"library":"H5P.CRAudio 1.4","params":{"fitToWrapper":true,"currIndex":2,"playerMode":"minimalistic","controls":true,"autoplay":true,"playAudio":"Play audio","pauseAudio":"Pause audio","contentName":"Audio","glowColor":"#ffd85a","timeStampForEachText":[{"text":" \u0906\u092e\u094d\u0939\u0940 ","startDuration":"0.2360","endDuration":"0.6840","wordfile":[{"path":"audios\/wordfile-6732e82f52c98.wav","mime":"audio\/x-wav","copyright":{"license":"U"}}]},{"text":" \u0924\u093f\u0925\u0947 ","startDuration":"0.6682","endDuration":"1.0160","wordfile":[{"path":"audios\/wordfile-6732e83eb6ecb.wav","mime":"audio\/x-wav","copyright":{"license":"U"}}]},{"text":" \u0915\u0938\u0947 ","startDuration":"1.0396","endDuration":"1.3238","wordfile":[{"path":"audios\/wordfile-6732e851b0247.wav","mime":"audio\/x-wav","copyright":{"license":"U"}}]},{"text":" \u091c\u093e\u092f\u091a\u0947? ","startDuration":"1.3239","endDuration":"1.7341","wordfile":[{"path":"audios\/wordfile-6732e8621eebc.wav","mime":"audio\/x-wav","copyright":{"license":"U"}}]}],"files":[{"path":"audios\/files-6732e623f19d1.wav","mime":"audio\/x-wav","copyright":{"license":"U"}}]},"subContentId":"16687793-6589-4868-85a6-a4596c3f2c4b","metadata":{"contentType":"Curious Reader Audio","license":"U","title":"Untitled Curious Reader Audio"}},"backgroundOpacity":0,"willDoAnimation":false,"animationType":"glow","displayAsButton":false,"buttonSize":"big","goToSlideType":"specified","invisible":false},{"x":11.029411764705882,"y":54.54545454545455,"width":15.992647058823529,"height":28,"action":{"library":"H5P.Image 1.1","params":{"contentName":"Image"},"subContentId":"b97e631e-1820-43ff-ac4c-a16bb6d5dee1","metadata":{"contentType":"Image","license":"U","title":"Untitled Image"}},"backgroundOpacity":0,"willDoAnimation":true,"animationType":"glow","displayAsButton":false,"buttonSize":"big","goToSlideType":"specified","invisible":false,"id":"img16687793-6589-4868-85a6-a4596c3f2c4b_0"},{"x":22.058823529411764,"y":32.86363636363636,"width":15.992647058823529,"height":49.81818181818182,"action":{"library":"H5P.Image 1.1","params":{"contentName":"Image"},"subContentId":"257f102f-ff70-43ec-9df4-17974fdd5286","metadata":{"contentType":"Image","license":"U","title":"Untitled Image"}},"backgroundOpacity":0,"willDoAnimation":true,"animationType":"glow","displayAsButton":false,"buttonSize":"big","goToSlideType":"specified","invisible":false,"id":"img16687793-6589-4868-85a6-a4596c3f2c4b_0"}],"slideBackgroundSelector":{}},{"elements":[{"x":6.5359477124183005,"y":2.150537634408602,"width":39.97821350762527,"height":95.69892473118279,"action":{"library":"H5P.Image 1.1","params":{"contentName":"Image","file":{"path":"images\/file-65772c8628500.jpg","mime":"image\/jpeg","copyright":{"license":"U"},"width":1024,"height":1472}},"subContentId":"2f88d6e3-5665-4070-aed0-828e48dd7710","metadata":{"contentType":"Image","license":"U","title":"Untitled Image"}},"backgroundOpacity":0,"willDoAnimation":false,"animationType":"glow","displayAsButton":false,"buttonSize":"big","goToSlideType":"specified","invisible":false},{"x":45.91836734693878,"y":47.84508816120906,"width":51.02040816326531,"height":38.287153652392945,"action":{"library":"H5P.CRAdvancedText 1.1","params":{"text":"<p style=\"text-align: center;\"><span style=\"color:#ffffff;\"><span style=\"font-size:1.75em;\">\u0906\u092e\u094d\u0939\u0940 \u0938\u093e\u092f\u0915\u0932 \u091a\u093e\u0932\u0935\u0942 \u0936\u0915\u0924\u094b.<\/span><\/span><\/p>\n"},"subContentId":"f51953f7-a46d-4f4d-acca-e11882a3527e","metadata":{"contentType":"Text","license":"U","title":"Untitled Text"}},"alwaysDisplayComments":false,"backgroundOpacity":0,"willDoAnimation":false,"animationType":"glow","displayAsButton":false,"buttonSize":"big","goToSlideType":"specified","invisible":false,"solution":""},{"x":47.014925373134325,"y":43.91143911439114,"width":40,"height":40,"action":{"library":"H5P.CRAudio 1.4","params":{"fitToWrapper":true,"currIndex":3,"playerMode":"minimalistic","controls":true,"autoplay":true,"playAudio":"Play audio","pauseAudio":"Pause audio","contentName":"Audio","glowColor":"#ffd85a","timeStampForEachText":[{"text":" \u0906\u092e\u094d\u0939\u0940 ","startDuration":"0.1144","endDuration":"0.5759","wordfile":[{"path":"audios\/wordfile-6732e89eccff4.wav","mime":"audio\/x-wav","copyright":{"license":"U"}}]},{"text":" \u0938\u093e\u092f\u0915\u0932 ","startDuration":"0.5760","endDuration":"0.9697","wordfile":[{"path":"audios\/wordfile-6732e8ae5b2f3.wav","mime":"audio\/x-wav","copyright":{"license":"U"}}]},{"text":" \u091a\u093e\u0932\u0935\u0942 ","startDuration":"0.9698","endDuration":"1.3202","wordfile":[{"path":"audios\/wordfile-6732e8c8a1f38.wav","mime":"audio\/x-wav","copyright":{"license":"U"}}]},{"text":" \u0936\u0915\u0924\u094b. ","startDuration":"1.3203","endDuration":"1.7505","wordfile":[{"path":"audios\/wordfile-6732e8d79e9b2.wav","mime":"audio\/x-wav","copyright":{"license":"U"}}]}],"files":[{"path":"audios\/files-6732e8875ef5f.wav","mime":"audio\/x-wav","copyright":{"license":"U"}}]},"subContentId":"b45d000b-3e2a-4a3f-b305-90e3222386e8","metadata":{"contentType":"Curious Reader Audio","license":"U","title":"Untitled Curious Reader Audio"}},"backgroundOpacity":0,"willDoAnimation":false,"animationType":"glow","displayAsButton":false,"buttonSize":"big","goToSlideType":"specified","invisible":false},{"x":9.191176470588236,"y":47.27272727272727,"width":32.53676470588235,"height":40,"action":{"library":"H5P.Image 1.1","params":{"contentName":"Image"},"subContentId":"2dfa2bc7-1996-4262-9c0f-986c2a7bbd55","metadata":{"contentType":"Image","license":"U","title":"Untitled Image"}},"backgroundOpacity":0,"willDoAnimation":true,"animationType":"glow","displayAsButton":false,"buttonSize":"big","goToSlideType":"specified","invisible":false,"id":"imgb45d000b-3e2a-4a3f-b305-90e3222386e8_1"}],"slideBackgroundSelector":{}},{"elements":[{"x":5.446623093681917,"y":2.150537634408602,"width":39.97821350762527,"height":95.69892473118279,"action":{"library":"H5P.Image 1.1","params":{"contentName":"Image","file":{"path":"images\/file-65772f77b3a8c.jpg","mime":"image\/jpeg","copyright":{"license":"U"},"width":1024,"height":1472}},"subContentId":"9e8dd059-c7c6-4dc2-87f8-888317d00cd9","metadata":{"contentType":"Image","license":"U","title":"Untitled Image"}},"backgroundOpacity":0,"willDoAnimation":false,"animationType":"glow","displayAsButton":false,"buttonSize":"big","goToSlideType":"specified","invisible":false},{"x":43.36734693877551,"y":37.78337531486146,"width":52.423469387755105,"height":40.050377833753146,"action":{"library":"H5P.CRAdvancedText 1.1","params":{"text":"<p dir=\"ltr\" style=\"text-align: center;\"><span style=\"font-size:1.75em;\"><span style=\"color:#ffffff;\">\u0906\u092e\u094d\u0939\u0940 \u092e\u094b\u091f\u093e\u0930\u0938\u093e\u092f\u0915\u0932 \u091a\u093e\u0932\u0935\u0942 \u0936\u0915\u0924\u094b<\/span><\/span><\/p>\n"},"subContentId":"40d5f0d4-ed28-4cc2-95ab-35c06610684c","metadata":{"contentType":"Text","license":"U","title":"Untitled Text"}},"alwaysDisplayComments":false,"backgroundOpacity":0,"willDoAnimation":false,"animationType":"glow","displayAsButton":false,"buttonSize":"big","goToSlideType":"specified","invisible":false,"solution":""},{"x":47.014925373134325,"y":43.91143911439114,"width":40,"height":40,"action":{"library":"H5P.CRAudio 1.4","params":{"fitToWrapper":true,"currIndex":4,"playerMode":"minimalistic","controls":true,"autoplay":true,"playAudio":"Play audio","pauseAudio":"Pause audio","contentName":"Audio","glowColor":"#ffd85a","timeStampForEachText":[{"text":" \u0906\u092e\u094d\u0939\u0940 ","startDuration":"0.2391","endDuration":"0.6081","wordfile":[{"path":"audios\/wordfile-6732e909e779d.wav","mime":"audio\/x-wav","copyright":{"license":"U"}}]},{"text":" \u092e\u094b\u091f\u093e\u0930\u0938\u093e\u092f\u0915\u0932 ","startDuration":"0.6082","endDuration":"1.3381","wordfile":[{"path":"audios\/wordfile-6732e92117383.wav","mime":"audio\/x-wav","copyright":{"license":"U"}}]},{"text":" \u091a\u093e\u0932\u0935\u0942 ","startDuration":"1.3382","endDuration":"1.7205","wordfile":[{"path":"audios\/wordfile-6732e932d746d.wav","mime":"audio\/x-wav","copyright":{"license":"U"}}]},{"text":" \u0936\u0915\u0924\u094b ","startDuration":"1.7206","endDuration":"2.1342","wordfile":[{"path":"audios\/wordfile-6732e9434f45b.wav","mime":"audio\/x-wav","copyright":{"license":"U"}}]}],"files":[{"path":"audios\/files-6732e8f6638a5.wav","mime":"audio\/x-wav","copyright":{"license":"U"}}]},"subContentId":"0f3b7c2b-520d-441c-aead-31755d491d2f","metadata":{"contentType":"Curious Reader Audio","license":"U","title":"Untitled Curious Reader Audio"}},"backgroundOpacity":0,"willDoAnimation":false,"animationType":"glow","displayAsButton":false,"buttonSize":"big","goToSlideType":"specified","invisible":false},{"x":7.352941176470588,"y":50.90909090909091,"width":30.698529411764703,"height":40,"action":{"library":"H5P.Image 1.1","params":{"contentName":"Image"},"subContentId":"e9f638e3-96ab-4cec-ab75-33f9ad7bf45d","metadata":{"contentType":"Image","license":"U","title":"Untitled Image"}},"backgroundOpacity":0,"willDoAnimation":true,"animationType":"glow","displayAsButton":false,"buttonSize":"big","goToSlideType":"specified","invisible":false,"id":"img0f3b7c2b-520d-441c-aead-31755d491d2f_1"}],"slideBackgroundSelector":{}},{"elements":[{"x":6.5359477124183005,"y":4.301075268817204,"width":39.97821350762527,"height":91.39784946236558,"action":{"library":"H5P.Image 1.1","params":{"contentName":"Image","file":{"path":"images\/file-65772fd79f9c5.jpg","mime":"image\/jpeg","copyright":{"license":"U"},"width":1024,"height":1472}},"subContentId":"c56cffc0-138a-4145-a44b-dba09817e313","metadata":{"contentType":"Image","license":"U","title":"Untitled Image"}},"backgroundOpacity":0,"willDoAnimation":false,"animationType":"glow","displayAsButton":false,"buttonSize":"big","goToSlideType":"specified","invisible":false},{"x":45.955882352941174,"y":29.09090909090909,"width":51.14795918367347,"height":35.012594458438286,"action":{"library":"H5P.CRAdvancedText 1.1","params":{"text":"<p style=\"text-align: center;\"><span style=\"color:#ffffff;\"><span style=\"font-size:1.75em;\">\u0906\u092e\u094d\u0939\u0940 \u091f\u094d\u0930\u093e\u092f\u0938\u093e\u092f\u0915\u0932 \u091f\u0945\u0915\u094d\u0938\u0940 \u091a\u093e\u0932\u0935\u0942 \u0936\u0915\u0924\u094b<\/span><\/span><\/p>\n"},"subContentId":"70474ade-abdd-4ae4-b89b-74390b388b43","metadata":{"contentType":"Text","license":"U","title":"Untitled Text"}},"alwaysDisplayComments":false,"backgroundOpacity":0,"willDoAnimation":false,"animationType":"glow","displayAsButton":false,"buttonSize":"big","goToSlideType":"specified","invisible":false,"solution":""},{"x":47.014925373134325,"y":43.91143911439114,"width":40,"height":40,"action":{"library":"H5P.CRAudio 1.4","params":{"fitToWrapper":true,"currIndex":5,"playerMode":"minimalistic","controls":true,"autoplay":true,"playAudio":"Play audio","pauseAudio":"Pause audio","contentName":"Audio","glowColor":"#ffd85a","timeStampForEachText":[{"text":" \u0906\u092e\u094d\u0939\u0940 ","startDuration":"0.0278","endDuration":"0.3860","wordfile":[{"path":"audios\/wordfile-6732e97988d6a.wav","mime":"audio\/x-wav","copyright":{"license":"U"}}]},{"text":" \u091f\u094d\u0930\u093e\u092f\u0938\u093e\u092f\u0915\u0932 ","startDuration":"0.3861","endDuration":"1.0875","wordfile":[{"path":"audios\/wordfile-6732eda067b9a.wav","mime":"audio\/x-wav","copyright":{"license":"U"}}]},{"text":" \u091f\u0945\u0915\u094d\u0938\u0940 ","startDuration":"1.0876","endDuration":"1.4515","wordfile":[{"path":"audios\/wordfile-6732edb2d5a3c.wav","mime":"audio\/x-wav","copyright":{"license":"U"}}]},{"text":" \u091a\u093e\u0932\u0935\u0942 ","startDuration":"1.4516","endDuration":"1.8152","wordfile":[{"path":"audios\/wordfile-6732edc40bcda.wav","mime":"audio\/x-wav","copyright":{"license":"U"}}]},{"text":" \u0936\u0915\u0924\u094b ","startDuration":"1.8153","endDuration":"2.2415","wordfile":[{"path":"audios\/wordfile-6732edd6848a7.wav","mime":"audio\/x-wav","copyright":{"license":"U"}}]}],"files":[{"path":"audios\/files-6732e964a264d.wav","mime":"audio\/x-wav","copyright":{"license":"U"}}]},"subContentId":"3d53474e-1590-4d86-9b36-8cd333af881d","metadata":{"contentType":"Curious Reader Audio","license":"U","title":"Untitled Curious Reader Audio"}},"backgroundOpacity":0,"willDoAnimation":false,"animationType":"glow","displayAsButton":false,"buttonSize":"big","goToSlideType":"specified","invisible":false},{"x":7.352941176470588,"y":47.27272727272727,"width":38.05147058823529,"height":40,"action":{"library":"H5P.Image 1.1","params":{"contentName":"Image"},"subContentId":"ded52129-4abe-43b0-9fe0-c8ec12404af3","metadata":{"contentType":"Image","license":"U","title":"Untitled Image"}},"backgroundOpacity":0,"willDoAnimation":true,"animationType":"glow","displayAsButton":false,"buttonSize":"big","goToSlideType":"specified","invisible":false,"id":"img3d53474e-1590-4d86-9b36-8cd333af881d_1"}],"slideBackgroundSelector":{}},{"elements":[{"x":6.5359477124183005,"y":4.301075268817204,"width":39.97821350762527,"height":93.54838709677419,"action":{"library":"H5P.Image 1.1","params":{"contentName":"Image","file":{"path":"images\/file-657730203cd25.jpg","mime":"image\/jpeg","copyright":{"license":"U"},"width":1024,"height":1472}},"subContentId":"9191b9d6-6070-4809-a41a-2cb8986f0060","metadata":{"contentType":"Image","license":"U","title":"Untitled Image"}},"backgroundOpacity":0,"willDoAnimation":false,"animationType":"glow","displayAsButton":false,"buttonSize":"big","goToSlideType":"specified","invisible":false},{"x":44.642857142857146,"y":42.809319899244336,"width":53.316326530612244,"height":50.12594458438287,"action":{"library":"H5P.CRAdvancedText 1.1","params":{"text":"<p style=\"text-align: center;\"><span style=\"color:#ffffff;\"><span style=\"font-size:1.75em;\">\u0906\u092e\u094d\u0939\u0940 \u0918\u094b\u0921\u093e\u0917\u093e\u0921\u0940\u0924 \u092c\u0938\u0942 \u0936\u0915\u0924\u094b<\/span><\/span><\/p>\n"},"subContentId":"b7b8bb12-cecb-4ce9-89c6-76cb49c2adfa","metadata":{"contentType":"Text","license":"U","title":"Untitled Text"}},"alwaysDisplayComments":false,"backgroundOpacity":0,"willDoAnimation":false,"animationType":"glow","displayAsButton":false,"buttonSize":"big","goToSlideType":"specified","invisible":false,"solution":""},{"x":47.014925373134325,"y":43.91143911439114,"width":40,"height":40,"action":{"library":"H5P.CRAudio 1.4","params":{"fitToWrapper":true,"currIndex":6,"playerMode":"minimalistic","controls":true,"autoplay":true,"playAudio":"Play audio","pauseAudio":"Pause audio","contentName":"Audio","glowColor":"#ffd85a","timeStampForEachText":[{"text":" \u0906\u092e\u094d\u0939\u0940 ","startDuration":"0.2739","endDuration":"0.7128","wordfile":[{"path":"audios\/wordfile-6732ee12db02e.wav","mime":"audio\/x-wav","copyright":{"license":"U"}}]},{"text":" \u0918\u094b\u0921\u093e\u0917\u093e\u0921\u0940\u0924 ","startDuration":"0.7129","endDuration":"1.3859","wordfile":[{"path":"audios\/wordfile-6732ee4a8f764.wav","mime":"audio\/x-wav","copyright":{"license":"U"}}]},{"text":" \u092c\u0938\u0942 ","startDuration":"1.3860","endDuration":"1.7399","wordfile":[{"path":"audios\/wordfile-6732ee5b314a8.wav","mime":"audio\/x-wav","copyright":{"license":"U"}}]},{"text":" \u0936\u0915\u0924\u094b ","startDuration":"1.7400","endDuration":"2.1646","wordfile":[{"path":"audios\/wordfile-6732ee6caae7a.wav","mime":"audio\/x-wav","copyright":{"license":"U"}}]}],"files":[{"path":"audios\/files-6732edfc97a58.wav","mime":"audio\/x-wav","copyright":{"license":"U"}}]},"subContentId":"233e617c-96d5-47cf-8aba-54ce3dd56913","metadata":{"contentType":"Curious Reader Audio","license":"U","title":"Untitled Curious Reader Audio"}},"backgroundOpacity":0,"willDoAnimation":false,"animationType":"glow","displayAsButton":false,"buttonSize":"big","goToSlideType":"specified","invisible":false},{"x":5.514705882352941,"y":47.27272727272727,"width":40,"height":40,"action":{"library":"H5P.Image 1.1","params":{"contentName":"Image"},"subContentId":"f561a9bc-24de-4f1b-86d8-f25df366e51e","metadata":{"contentType":"Image","license":"U","title":"Untitled Image"}},"backgroundOpacity":0,"willDoAnimation":true,"animationType":"glow","displayAsButton":false,"buttonSize":"big","goToSlideType":"specified","invisible":false,"id":"img233e617c-96d5-47cf-8aba-54ce3dd56913_1"}],"slideBackgroundSelector":{}},{"elements":[{"x":5.1020408163265305,"y":5.037783375314861,"width":39.97821350762527,"height":93.54838709677419,"action":{"library":"H5P.Image 1.1","params":{"contentName":"Image","file":{"path":"images\/file-6577306a54903.jpg","mime":"image\/jpeg","copyright":{"license":"U"},"width":1024,"height":1472}},"subContentId":"b233860e-b1c2-4a6c-b471-3b72630f1a26","metadata":{"contentType":"Image","license":"U","title":"Untitled Image"}},"backgroundOpacity":0,"willDoAnimation":false,"animationType":"glow","displayAsButton":false,"buttonSize":"big","goToSlideType":"specified","invisible":false},{"x":51.02040816326531,"y":37.73425692695214,"width":45.91836734693878,"height":60.45340050377833,"action":{"library":"H5P.CRAdvancedText 1.1","params":{"text":"<p style=\"text-align: center;\"><span style=\"color:#ffffff;\"><span style=\"font-size:1.75em;\">\u0906\u092e\u094d\u0939\u0940 \u092c\u0948\u0932\u0917\u093e\u0921\u0940\u0924 \u092c\u0938\u0942 \u0936\u0915\u0924\u094b<\/span><\/span><\/p>\n"},"subContentId":"b500745d-17ef-4d41-bfac-35a4ef256c79","metadata":{"contentType":"Text","license":"U","title":"Untitled Text"}},"alwaysDisplayComments":false,"backgroundOpacity":0,"willDoAnimation":false,"animationType":"glow","displayAsButton":false,"buttonSize":"big","goToSlideType":"specified","invisible":false,"solution":""},{"x":47.014925373134325,"y":43.91143911439114,"width":40,"height":40,"action":{"library":"H5P.CRAudio 1.4","params":{"fitToWrapper":true,"currIndex":7,"playerMode":"minimalistic","controls":true,"autoplay":true,"playAudio":"Play audio","pauseAudio":"Pause audio","contentName":"Audio","glowColor":"#ffd85a","timeStampForEachText":[{"text":" \u0906\u092e\u094d\u0939\u0940 ","startDuration":"0.4277","endDuration":"0.8452","wordfile":[{"path":"audios\/wordfile-6732eeaea262b.wav","mime":"audio\/x-wav","copyright":{"license":"U"}}]},{"text":" \u092c\u0948\u0932\u0917\u093e\u0921\u0940\u0924 ","startDuration":"0.8453","endDuration":"1.3915","wordfile":[{"path":"audios\/wordfile-6732eebe8d8b9.wav","mime":"audio\/x-wav","copyright":{"license":"U"}}]},{"text":" \u092c\u0938\u0942 ","startDuration":"1.3916","endDuration":"1.7053","wordfile":[{"path":"audios\/wordfile-6732eecdc6c18.wav","mime":"audio\/x-wav","copyright":{"license":"U"}}]},{"text":" \u0936\u0915\u0924\u094b ","startDuration":"1.7054","endDuration":"2.1434","wordfile":[{"path":"audios\/wordfile-6732eee1b5c87.wav","mime":"audio\/x-wav","copyright":{"license":"U"}}]}],"files":[{"path":"audios\/files-6732ee8b8121d.wav","mime":"audio\/x-wav","copyright":{"license":"U"}}]},"subContentId":"9cdae5ef-d6c2-4ac1-8509-dd1b1c2b32f5","metadata":{"contentType":"Curious Reader Audio","license":"U","title":"Untitled Curious Reader Audio"}},"backgroundOpacity":0,"willDoAnimation":false,"animationType":"glow","displayAsButton":false,"buttonSize":"big","goToSlideType":"specified","invisible":false},{"x":7.352941176470589,"y":51.05381818181818,"width":36.397058823529406,"height":40,"action":{"library":"H5P.Image 1.1","params":{"contentName":"Image"},"subContentId":"e4c9cb80-30e1-49cb-b151-2cb39b1d7969","metadata":{"contentType":"Image","license":"U","title":"Untitled Image"}},"backgroundOpacity":0,"willDoAnimation":true,"animationType":"glow","displayAsButton":false,"buttonSize":"big","goToSlideType":"specified","invisible":false,"id":"img9cdae5ef-d6c2-4ac1-8509-dd1b1c2b32f5_1"}],"slideBackgroundSelector":{}},{"elements":[{"x":6.5359477124183005,"y":2.150537634408602,"width":39.97821350762527,"height":93.54838709677419,"action":{"library":"H5P.Image 1.1","params":{"contentName":"Image","file":{"path":"images\/file-657730ac1c0b2.jpg","mime":"image\/jpeg","copyright":{"license":"U"},"width":1024,"height":1472}},"subContentId":"918b2dfb-a82a-40d6-a574-807c508f8f8c","metadata":{"contentType":"Image","license":"U","title":"Untitled Image"}},"backgroundOpacity":0,"willDoAnimation":false,"animationType":"glow","displayAsButton":false,"buttonSize":"big","goToSlideType":"specified","invisible":false},{"x":44.642857142857146,"y":42.809319899244336,"width":49.87244897959184,"height":31.48614609571788,"action":{"library":"H5P.CRAdvancedText 1.1","params":{"text":"<p style=\"text-align: center;\"><span style=\"font-size:1.75em;\"><span style=\"color:#ffffff;\">\u0906\u092e\u094d\u0939\u0940 \u0930\u0947\u0938 \u0915\u093e\u0930 \u091a\u093e\u0932\u0935\u0942 \u0936\u0915\u0924\u094b<\/span><\/span><\/p>\n"},"subContentId":"eb4d5274-567b-401f-85e4-f5558587f300","metadata":{"contentType":"Text","license":"U","title":"Untitled Text"}},"alwaysDisplayComments":false,"backgroundOpacity":0,"willDoAnimation":false,"animationType":"glow","displayAsButton":false,"buttonSize":"big","goToSlideType":"specified","invisible":false,"solution":""},{"x":47.014925373134325,"y":43.91143911439114,"width":40,"height":40,"action":{"library":"H5P.CRAudio 1.4","params":{"fitToWrapper":true,"currIndex":8,"playerMode":"minimalistic","controls":true,"autoplay":true,"playAudio":"Play audio","pauseAudio":"Pause audio","contentName":"Audio","glowColor":"#ffd85a","timeStampForEachText":[{"text":" \u0906\u092e\u094d\u0939\u0940 ","startDuration":"0.2872","endDuration":"0.7060","wordfile":[{"path":"audios\/wordfile-6732ef5003fa2.wav","mime":"audio\/x-wav","copyright":{"license":"U"}}]},{"text":" \u0930\u0947\u0938 ","startDuration":"0.7061","endDuration":"0.9811","wordfile":[{"path":"audios\/wordfile-6732ef5022839.wav","mime":"audio\/x-wav","copyright":{"license":"U"}}]},{"text":" \u0915\u093e\u0930 ","startDuration":"0.9812","endDuration":"1.2296","wordfile":[{"path":"audios\/wordfile-6732ef5002e23.wav","mime":"audio\/x-wav","copyright":{"license":"U"}}]},{"text":" \u091a\u093e\u0932\u0935\u0942 ","startDuration":"1.2297","endDuration":"1.6315","wordfile":[{"path":"audios\/wordfile-6732ef5dd3cc1.wav","mime":"audio\/x-wav","copyright":{"license":"U"}}]},{"text":" \u0936\u0915\u0924\u094b ","startDuration":"1.6316","endDuration":"2.1054","wordfile":[{"path":"audios\/wordfile-6732ef708a1df.wav","mime":"audio\/x-wav","copyright":{"license":"U"}}]}],"files":[{"path":"audios\/files-6732ef18578cb.wav","mime":"audio\/x-wav","copyright":{"license":"U"}}]},"subContentId":"fd575c56-2f58-4120-adf3-61d861926d7d","metadata":{"contentType":"Curious Reader Audio","license":"U","title":"Untitled Curious Reader Audio"}},"backgroundOpacity":0,"willDoAnimation":false,"animationType":"glow","displayAsButton":false,"buttonSize":"big","goToSlideType":"specified","invisible":false},{"x":7.352941176470588,"y":58.18181818181818,"width":40.0735294117647,"height":32.72727272727273,"action":{"library":"H5P.Image 1.1","params":{"contentName":"Image"},"subContentId":"5fd1bce4-112f-421f-badc-b70e35e13785","metadata":{"contentType":"Image","license":"U","title":"Untitled Image"}},"backgroundOpacity":0,"willDoAnimation":true,"animationType":"glow","displayAsButton":false,"buttonSize":"big","goToSlideType":"specified","invisible":false,"id":"imgfd575c56-2f58-4120-adf3-61d861926d7d_1"},{"x":7.352941176470589,"y":58.42909090909091,"width":40.0735294117647,"height":31.636363636363637,"action":{"library":"H5P.Image 1.1","params":{"contentName":"Image"},"subContentId":"63daeea3-68ce-4c4d-b3b5-8020d2a1c3f0","metadata":{"contentType":"Image","license":"U","title":"Untitled Image"}},"backgroundOpacity":0,"willDoAnimation":true,"animationType":"glow","displayAsButton":false,"buttonSize":"big","goToSlideType":"specified","invisible":false,"id":"imgfd575c56-2f58-4120-adf3-61d861926d7d_2"}],"slideBackgroundSelector":{}},{"elements":[{"x":6.5359477124183005,"y":2.150537634408602,"width":39.97821350762527,"height":95.69892473118279,"action":{"library":"H5P.Image 1.1","params":{"contentName":"Image","file":{"path":"images\/file-657730e66c7cb.jpg","mime":"image\/jpeg","copyright":{"license":"U"},"width":1024,"height":1472}},"subContentId":"5642e8ce-c395-4093-bf32-1bad47f044df","metadata":{"contentType":"Image","license":"U","title":"Untitled Image"}},"backgroundOpacity":0,"willDoAnimation":false,"animationType":"glow","displayAsButton":false,"buttonSize":"big","goToSlideType":"specified","invisible":false},{"x":47.19387755102041,"y":40.29042821158691,"width":47.32142857142857,"height":34.005037783375315,"action":{"library":"H5P.CRAdvancedText 1.1","params":{"text":"<p dir=\"ltr\" style=\"text-align: center;\"><span style=\"font-size:1.75em;\"><span style=\"color:#ffffff;\">\u0906\u092e\u094d\u0939\u0940 \u092e\u094b\u0920\u0940 \u0917\u093e\u0921\u0940 \u091a\u093e\u0932\u0935\u0942 \u0936\u0915\u0924\u094b<\/span><\/span><\/p>\n"},"subContentId":"04493358-b49e-41bd-9b69-c6e200aa7ec2","metadata":{"contentType":"Text","license":"U","title":"Untitled Text"}},"alwaysDisplayComments":false,"backgroundOpacity":0,"willDoAnimation":false,"animationType":"glow","displayAsButton":false,"buttonSize":"big","goToSlideType":"specified","invisible":false,"solution":""},{"x":47.014925373134325,"y":43.91143911439114,"width":40,"height":40,"action":{"library":"H5P.CRAudio 1.4","params":{"fitToWrapper":true,"currIndex":9,"playerMode":"minimalistic","controls":true,"autoplay":true,"playAudio":"Play audio","pauseAudio":"Pause audio","contentName":"Audio","glowColor":"#ffd85a","timeStampForEachText":[{"text":" \u0906\u092e\u094d\u0939\u0940 ","startDuration":"0.0646","endDuration":"0.4732","wordfile":[{"path":"audios\/wordfile-6732efa52ccfb.wav","mime":"audio\/x-wav","copyright":{"license":"U"}}]},{"text":" \u092e\u094b\u0920\u0940 ","startDuration":"0.4733","endDuration":"0.8909","wordfile":[{"path":"audios\/wordfile-6732efb529935.wav","mime":"audio\/x-wav","copyright":{"license":"U"}}]},{"text":" \u0917\u093e\u0921\u0940 ","startDuration":"0.8910","endDuration":"1.2126","wordfile":[{"path":"audios\/wordfile-6732efc580e1c.wav","mime":"audio\/x-wav","copyright":{"license":"U"}}]},{"text":" \u091a\u093e\u0932\u0935\u0942 ","startDuration":"1.2127","endDuration":"1.5831","wordfile":[{"path":"audios\/wordfile-6732efd6294b6.wav","mime":"audio\/x-wav","copyright":{"license":"U"}}]},{"text":" \u0936\u0915\u0924\u094b ","startDuration":"1.5832","endDuration":"2.0423","wordfile":[{"path":"audios\/wordfile-6732efe576b75.wav","mime":"audio\/x-wav","copyright":{"license":"U"}}]}],"files":[{"path":"audios\/files-6732ef8f73a34.wav","mime":"audio\/x-wav","copyright":{"license":"U"}}]},"subContentId":"8c3eb8c3-1a0a-4e93-af31-875e358637f9","metadata":{"contentType":"Curious Reader Audio","license":"U","title":"Untitled Curious Reader Audio"}},"backgroundOpacity":0,"willDoAnimation":false,"animationType":"glow","displayAsButton":false,"buttonSize":"big","goToSlideType":"specified","invisible":false},{"x":5.514705882352941,"y":43.824000000000005,"width":36.213235294117645,"height":42.54545454545455,"action":{"library":"H5P.Image 1.1","params":{"contentName":"Image"},"subContentId":"ddbd4db9-2a25-46b8-bfc8-2b724769bdd6","metadata":{"contentType":"Image","license":"U","title":"Untitled Image"}},"backgroundOpacity":0,"willDoAnimation":true,"animationType":"glow","displayAsButton":false,"buttonSize":"big","goToSlideType":"specified","invisible":false,"id":"img8c3eb8c3-1a0a-4e93-af31-875e358637f9_1"},{"x":3.676470588235294,"y":47.27272727272727,"width":38.05147058823529,"height":37.81818181818182,"action":{"library":"H5P.Image 1.1","params":{"contentName":"Image"},"subContentId":"4fbfeab7-f9c8-4833-b992-8495877c1be2","metadata":{"contentType":"Image","license":"U","title":"Untitled Image"}},"backgroundOpacity":0,"willDoAnimation":true,"animationType":"glow","displayAsButton":false,"buttonSize":"big","goToSlideType":"specified","invisible":false,"id":"img8c3eb8c3-1a0a-4e93-af31-875e358637f9_2"}],"slideBackgroundSelector":{}},{"elements":[{"x":5.446623093681917,"y":2.150537634408602,"width":39.97821350762527,"height":93.54838709677419,"action":{"library":"H5P.Image 1.1","params":{"contentName":"Image","file":{"path":"images\/file-6577312023aac.jpg","mime":"image\/jpeg","copyright":{"license":"U"},"width":1024,"height":1472}},"subContentId":"54df8b14-746c-4ada-ae1b-fd3ee142cf9e","metadata":{"contentType":"Image","license":"U","title":"Untitled Image"}},"backgroundOpacity":0,"willDoAnimation":false,"animationType":"glow","displayAsButton":false,"buttonSize":"big","goToSlideType":"specified","invisible":false},{"x":44.642857142857146,"y":47.858942065491185,"width":53.57142857142857,"height":28.71536523929471,"action":{"library":"H5P.CRAdvancedText 1.1","params":{"text":"<p style=\"text-align: center;\"><span style=\"font-size:1.75em;\"><span style=\"color:#ffffff;\">\u0906\u092e\u094d\u0939\u0940 \u092c\u094b\u091f \u0932\u093e\u0935\u0942 \u0936\u0915\u0924\u094b<\/span><\/span><\/p>\n"},"subContentId":"4a412170-9cce-4809-abca-083d6a03a0da","metadata":{"contentType":"Text","license":"U","title":"Untitled Text"}},"alwaysDisplayComments":false,"backgroundOpacity":0,"willDoAnimation":false,"animationType":"glow","displayAsButton":false,"buttonSize":"big","goToSlideType":"specified","invisible":false,"solution":""},{"x":47.014925373134325,"y":43.91143911439114,"width":40,"height":40,"action":{"library":"H5P.CRAudio 1.4","params":{"fitToWrapper":true,"currIndex":10,"playerMode":"minimalistic","controls":true,"autoplay":true,"playAudio":"Play audio","pauseAudio":"Pause audio","contentName":"Audio","glowColor":"#ffd85a","timeStampForEachText":[{"text":" \u0906\u092e\u094d\u0939\u0940 ","startDuration":"0.3741","endDuration":"0.7691","wordfile":[{"path":"audios\/wordfile-6732f01690374.wav","mime":"audio\/x-wav","copyright":{"license":"U"}}]},{"text":" \u092c\u094b\u091f ","startDuration":"0.7692","endDuration":"1.0202","wordfile":[{"path":"audios\/wordfile-6732f02738756.wav","mime":"audio\/x-wav","copyright":{"license":"U"}}]},{"text":" \u0932\u093e\u0935\u0942 ","startDuration":"1.0203","endDuration":"1.2685","wordfile":[{"path":"audios\/wordfile-6732f03528dae.wav","mime":"audio\/x-wav","copyright":{"license":"U"}}]},{"text":" \u0936\u0915\u0924\u094b ","startDuration":"1.2686","endDuration":"1.7037","wordfile":[{"path":"audios\/wordfile-6732f044f2742.wav","mime":"audio\/x-wav","copyright":{"license":"U"}}]}],"files":[{"path":"audios\/files-6732f003b1d27.wav","mime":"audio\/x-wav","copyright":{"license":"U"}}]},"subContentId":"c61ba71a-5332-4bb7-86f1-141e927363cc","metadata":{"contentType":"Curious Reader Audio","license":"U","title":"Untitled Curious Reader Audio"}},"backgroundOpacity":0,"willDoAnimation":false,"animationType":"glow","displayAsButton":false,"buttonSize":"big","goToSlideType":"specified","invisible":false},{"x":5.514705882352941,"y":43.63636363636363,"width":34.375,"height":40,"action":{"library":"H5P.Image 1.1","params":{"contentName":"Image"},"subContentId":"0f6ce0ee-b2fe-4235-9009-153a9e7994df","metadata":{"contentType":"Image","license":"U","title":"Untitled Image"}},"backgroundOpacity":0,"willDoAnimation":true,"animationType":"glow","displayAsButton":false,"buttonSize":"big","goToSlideType":"specified","invisible":false,"id":"imgc61ba71a-5332-4bb7-86f1-141e927363cc_1"}],"slideBackgroundSelector":{}},{"elements":[{"x":31.59041394335512,"y":2.150537634408602,"width":66.23093681917211,"height":95.69892473118279,"action":{"library":"H5P.Image 1.1","params":{"contentName":"Image","file":{"path":"images\/file-657732a5856b9.jpg","mime":"image\/jpeg","copyright":{"license":"U"},"width":1024,"height":735}},"subContentId":"38dc3824-e8c1-4dbf-9ed7-4ac8d2355b3b","metadata":{"contentType":"Image","license":"U","title":"Untitled Image"}},"backgroundOpacity":0,"willDoAnimation":false,"animationType":"glow","displayAsButton":false,"buttonSize":"big","goToSlideType":"specified","invisible":false},{"x":2.5510204081632653,"y":37.78337531486146,"width":73.9795918367347,"height":40.050377833753146,"action":{"library":"H5P.CRAdvancedText 1.1","params":{"text":"<p style=\"text-align: center;\"><span style=\"color:#ffffff;\"><span style=\"font-size:1.75em;\">\u0906\u092e\u094d\u0939\u0940 \u0939\u0924\u094d\u0924\u0940\u0935\u0930 \u0938\u094d\u0935\u093e\u0930 \u0939\u094b\u090a \u0936\u0915\u0924\u094b<\/span><\/span><\/p>\n"},"subContentId":"11168cee-a669-4a5c-ad04-b3de669fd62c","metadata":{"contentType":"Text","license":"U","title":"Untitled Text"}},"alwaysDisplayComments":false,"backgroundOpacity":0,"willDoAnimation":false,"animationType":"glow","displayAsButton":false,"buttonSize":"big","goToSlideType":"specified","invisible":false,"solution":""},{"x":47.014925373134325,"y":43.91143911439114,"width":40,"height":40,"action":{"library":"H5P.CRAudio 1.4","params":{"fitToWrapper":true,"currIndex":11,"playerMode":"minimalistic","controls":true,"autoplay":true,"playAudio":"Play audio","pauseAudio":"Pause audio","contentName":"Audio","glowColor":"#ffd85a","timeStampForEachText":[{"text":" \u0906\u092e\u094d\u0939\u0940 ","startDuration":"0.4175","endDuration":"0.8892","wordfile":[{"path":"audios\/wordfile-6732f07a1b6c1.wav","mime":"audio\/x-wav","copyright":{"license":"U"}}]},{"text":" \u0939\u0924\u094d\u0924\u0940\u0935\u0930 ","startDuration":"0.8893","endDuration":"1.4782","wordfile":[{"path":"audios\/wordfile-6732f08b304bb.wav","mime":"audio\/x-wav","copyright":{"license":"U"}}]},{"text":" \u0938\u094d\u0935\u093e\u0930 ","startDuration":"1.4782","endDuration":"1.9230","wordfile":[{"path":"audios\/wordfile-6732f09d8f467.wav","mime":"audio\/x-wav","copyright":{"license":"U"}}]},{"text":" \u0939\u094b\u090a ","startDuration":"1.9230","endDuration":"2.1188","wordfile":[{"path":"audios\/wordfile-6732f0ada439d.wav","mime":"audio\/x-wav","copyright":{"license":"U"}}]},{"text":" \u0936\u0915\u0924\u094b ","startDuration":"2.1189","endDuration":"2.6139","wordfile":[{"path":"audios\/wordfile-6732f0bd8f653.wav","mime":"audio\/x-wav","copyright":{"license":"U"}}]}],"files":[{"path":"audios\/files-6732f06579601.wav","mime":"audio\/x-wav","copyright":{"license":"U"}}]},"subContentId":"d5b5760a-7af9-4617-b4a4-06882f619738","metadata":{"contentType":"Curious Reader Audio","license":"U","title":"Untitled Curious Reader Audio"}},"backgroundOpacity":0,"willDoAnimation":false,"animationType":"glow","displayAsButton":false,"buttonSize":"big","goToSlideType":"specified","invisible":false},{"x":66.17647058823529,"y":47.27272727272727,"width":27.02205882352941,"height":40,"action":{"library":"H5P.Image 1.1","params":{"contentName":"Image"},"subContentId":"00fb8da3-5e31-4f1a-a9cd-0d03a95a8a07","metadata":{"contentType":"Image","license":"U","title":"Untitled Image"}},"backgroundOpacity":0,"willDoAnimation":true,"animationType":"glow","displayAsButton":false,"buttonSize":"big","goToSlideType":"specified","invisible":false,"id":"imgd5b5760a-7af9-4617-b4a4-06882f619738_1"}],"slideBackgroundSelector":{}},{"elements":[{"x":6.5359477124183005,"y":2.150537634408602,"width":39.97821350762527,"height":95.69892473118279,"action":{"library":"H5P.Image 1.1","params":{"contentName":"Image","file":{"path":"images\/file-657733414a4c5.jpg","mime":"image\/jpeg","copyright":{"license":"U"},"width":1024,"height":1472}},"subContentId":"3fc945d1-d748-445f-bbd3-a7f86964fe4e","metadata":{"contentType":"Image","license":"U","title":"Untitled Image"}},"backgroundOpacity":0,"willDoAnimation":false,"animationType":"glow","displayAsButton":false,"buttonSize":"big","goToSlideType":"specified","invisible":false},{"x":43.36734693877551,"y":45.34005037783375,"width":53.69897959183674,"height":40.050377833753146,"action":{"library":"H5P.CRAdvancedText 1.1","params":{"text":"<p style=\"text-align: center;\"><span style=\"color:#ffffff;\"><span style=\"font-size:1.75em;\">\u0928\u093e\u0939\u0940! \u0906\u092a\u0923 \u091a\u093e\u0932\u0932\u0947 \u092a\u093e\u0939\u093f\u091c\u0947<\/span><\/span><\/p>\n"},"subContentId":"378c2ce4-59d7-41b1-823b-9c22984380c0","metadata":{"contentType":"Text","license":"U","title":"Untitled Text"}},"alwaysDisplayComments":false,"backgroundOpacity":0,"willDoAnimation":false,"animationType":"glow","displayAsButton":false,"buttonSize":"big","goToSlideType":"specified","invisible":false,"solution":""},{"x":47.014925373134325,"y":43.91143911439114,"width":40,"height":40,"action":{"library":"H5P.CRAudio 1.4","params":{"fitToWrapper":true,"currIndex":12,"playerMode":"minimalistic","controls":true,"autoplay":true,"playAudio":"Play audio","pauseAudio":"Pause audio","contentName":"Audio","glowColor":"#ffd85a","timeStampForEachText":[{"text":" \u0928\u093e\u0939\u0940! ","startDuration":"0.3205","endDuration":"0.9644","wordfile":[{"path":"audios\/wordfile-6732f16f33cb1.wav","mime":"audio\/x-wav","copyright":{"license":"U"}}]},{"text":" \u0906\u092a\u0923 ","startDuration":"0.9645","endDuration":"1.5889","wordfile":[{"path":"audios\/wordfile-6732f1816c564.wav","mime":"audio\/x-wav","copyright":{"license":"U"}}]},{"text":" \u091a\u093e\u0932\u0932\u0947 ","startDuration":"1.5890","endDuration":"2.0543","wordfile":[{"path":"audios\/wordfile-6732f192c3680.wav","mime":"audio\/x-wav","copyright":{"license":"U"}}]},{"text":" \u092a\u093e\u0939\u093f\u091c\u0947 ","startDuration":"2.0544","endDuration":"2.5797","wordfile":[{"path":"audios\/wordfile-6732f1a21ecc7.wav","mime":"audio\/x-wav","copyright":{"license":"U"}}]}],"files":[{"path":"audios\/files-6732f156899d7.wav","mime":"audio\/x-wav","copyright":{"license":"U"}}]},"subContentId":"0eb93897-14fe-4817-b7db-634789aaf1bb","metadata":{"contentType":"Curious Reader Audio","license":"U","title":"Untitled Curious Reader Audio"}},"backgroundOpacity":0,"willDoAnimation":false,"animationType":"glow","displayAsButton":false,"buttonSize":"big","goToSlideType":"specified","invisible":false},{"x":11.029411764705882,"y":65.45454545454545,"width":20.955882352941174,"height":20.727272727272727,"action":{"library":"H5P.Image 1.1","params":{"contentName":"Image"},"subContentId":"e5db690d-9584-4edf-bb2d-0e6fe373dbd9","metadata":{"contentType":"Image","license":"U","title":"Untitled Image"}},"backgroundOpacity":0,"willDoAnimation":true,"animationType":"glow","displayAsButton":false,"buttonSize":"big","goToSlideType":"specified","invisible":false,"id":"img0eb93897-14fe-4817-b7db-634789aaf1bb_2"}],"slideBackgroundSelector":{}},{"elements":[{"x":64.27015250544663,"y":10.75268817204301,"width":31.263616557734206,"height":17.204301075268816,"action":{"library":"H5P.Image 1.1","params":{"contentName":"Image","file":{"path":"images\/file-657734c6867b2.jpg","mime":"image\/jpeg","copyright":{"license":"U"},"width":1732,"height":354}},"subContentId":"58d6bcfc-1017-40eb-bbcd-a32d3100ea46","metadata":{"contentType":"Image","license":"U","title":"Untitled Image"}},"backgroundOpacity":0,"willDoAnimation":false,"animationType":"glow","displayAsButton":false,"buttonSize":"big","goToSlideType":"specified","invisible":false},{"x":4.357298474945534,"y":6.451612903225806,"width":23.965141612200437,"height":24.086021505376344,"action":{"library":"H5P.Image 1.1","params":{"contentName":"Image","file":{"path":"images\/file-657734db6bc33.png","mime":"image\/png","copyright":{"license":"U"},"width":1350,"height":487}},"subContentId":"46007b76-06dc-4b23-9d5e-0feb3dcced51","metadata":{"contentType":"Image","license":"U","title":"Untitled Image"}},"backgroundOpacity":0,"willDoAnimation":false,"animationType":"glow","displayAsButton":false,"buttonSize":"big","goToSlideType":"specified","invisible":false},{"x":34.85838779956427,"y":4.301075268817204,"width":23.965141612200437,"height":23.87096774193548,"action":{"library":"H5P.Image 1.1","params":{"contentName":"Image","file":{"path":"images\/file-657734e7ce435.png","mime":"image\/png","copyright":{"license":"U"},"width":814,"height":202}},"subContentId":"f81bc57f-8a0f-443d-b34a-3ccd68a92e3a","metadata":{"contentType":"Image","license":"U","title":"Untitled Image"}},"backgroundOpacity":0,"willDoAnimation":false,"animationType":"glow","displayAsButton":false,"buttonSize":"big","goToSlideType":"specified","invisible":false},{"x":4.357298474945534,"y":32.20258064516129,"width":93.68191721132898,"height":67.74193548387096,"action":{"library":"H5P.CRAdvancedText 1.1","params":{"text":"<h3 style=\"text-align: center;\"><span style=\"font-size:1.25em;\">\u201c<\/span>\u0915\u094d\u0930\u0940\u0921\u093e\u0902\u0917\u0923<span style=\"font-size:1.25em;\">\u201d credits<\/span><\/h3>\n\n<h3 style=\"text-align: center;\"><span style=\"font-size:1.25em;\">This work, \u201c<\/span>\u0915\u094d\u0930\u0940\u0921\u093e\u0902\u0917\u0923<span style=\"font-size:1.25em;\">\u201d&nbsp;is a derivative of \u201cPlayground\u201d by All Children Reading Cambodia. \u00a9 The Asia Foundation , 2019 and used under CC BY.<\/span><\/h3>\n\n<h3 style=\"text-align: center;\"><span style=\"font-size:1.25em;\">\u201c<\/span>\u0915\u094d\u0930\u0940\u0921\u093e\u0902\u0917\u0923<span style=\"font-size:1.25em;\">\u201d is licensed under CC BY 4.0 by Curious Learning.<\/span><\/h3>\n\n<h3 style=\"text-align: center;\"><span style=\"font-size:1.25em;\">Book builder - Abraham Jerry Kakooza<\/span><\/h3>\n"},"subContentId":"045c5dbc-06a7-4115-b9f8-a37781c03f1e","metadata":{"contentType":"Text","license":"U","title":"Untitled Text"}},"alwaysDisplayComments":false,"backgroundOpacity":0,"willDoAnimation":false,"animationType":"glow","displayAsButton":false,"buttonSize":"big","goToSlideType":"specified","invisible":false,"solution":""}],"slideBackgroundSelector":{}}],"keywordListEnabled":true,"globalBackgroundSelector":{"fillGlobalBackground":"#fbfef0"},"keywordListAlwaysShow":false,"keywordListAutoHide":false,"keywordListOpacity":90},"override":{"activeSurface":false,"hideSummarySlide":false,"summarySlideSolutionButton":true,"summarySlideRetryButton":true,"enablePrintButton":false,"social":{"showFacebookShare":false,"facebookShare":{"url":"@currentpageurl","quote":"I scored @score out of @maxScore on a task at @currentpageurl."},"showTwitterShare":false,"twitterShare":{"statement":"I scored @score out of @maxScore on a task at @currentpageurl.","url":"@currentpageurl","hashtags":"h5p, course"},"showGoogleShare":false,"googleShareUrl":"@currentpageurl"}},"l10n":{"slide":"Slide","score":"Score","yourScore":"Your Score","maxScore":"Max Score","total":"Total","totalScore":"Total Score","showSolutions":"Show solutions","retry":"Retry","exportAnswers":"Export text","hideKeywords":"Hide sidebar navigation menu","showKeywords":"Show sidebar navigation menu","fullscreen":"Fullscreen","exitFullscreen":"Exit fullscreen","prevSlide":"Previous slide","nextSlide":"Next slide","currentSlide":"Current slide","lastSlide":"Last slide","solutionModeTitle":"Exit solution mode","solutionModeText":"Solution Mode","summaryMultipleTaskText":"Multiple tasks","scoreMessage":"You achieved:","shareFacebook":"Share on Facebook","shareTwitter":"Share on Twitter","shareGoogle":"Share on Google+","summary":"Summary","solutionsButtonTitle":"Show comments","printTitle":"Print","printIngress":"How would you like to print this presentation?","printAllSlides":"Print all slides","printCurrentSlide":"Print current slide","noTitle":"No title","accessibilitySlideNavigationExplanation":"Use left and right arrow to change slide in that direction whenever canvas is selected.","accessibilityCanvasLabel":"Presentation canvas. Use left and right arrow to move between slides.","containsNotCompleted":"@slideName contains not completed interaction","containsCompleted":"@slideName contains completed interaction","slideCount":"Slide @index of @total","containsOnlyCorrect":"@slideName only has correct answers","containsIncorrectAnswers":"@slideName has incorrect answers","shareResult":"Share Result","accessibilityTotalScore":"You got @score of @maxScore points in total","accessibilityEnteredFullscreen":"Entered fullscreen","accessibilityExitedFullscreen":"Exited fullscreen"}}