{"presentation":{"slides":[{"elements":[{"x":30.092091836734692,"y":83.10176322418135,"width":40.816326530612244,"height":14.105793450881611,"action":{"library":"H5P.CRAdvancedText 1.1","params":{"text":"<p style=\"text-align: center;\"><span style=\"font-size:2.25em;\"><strong>\u0414\u0430\u0432\u0430\u0439 \u043b\u0456\u0442\u0430\u0442\u0438<\/strong><\/span><\/p>\n"},"metadata":{"contentType":"Text","license":"U","title":"Untitled Text"},"subContentId":"51cfb0dc-0cd9-4486-a5f5-8dd2c163ce5b"},"alwaysDisplayComments":false,"backgroundOpacity":0,"willDoAnimation":false,"animationType":"glow","displayAsButton":false,"buttonSize":"big","goToSlideType":"specified","invisible":false,"solution":""},{"x":13.874421296296296,"y":11.381278538812786,"width":69.44444444444444,"height":67.12328767123287,"action":{"library":"H5P.Image 1.1","params":{"contentName":"Image","file":{"path":"images\/file-61b0fbce652e3.jpg","mime":"image\/jpeg","copyright":{"license":"U"},"width":1024,"height":490}},"metadata":{"contentType":"Image","license":"U","title":"Untitled Image"},"subContentId":"f3a21a88-b49f-4d73-8362-d6a7f49a29c4"},"backgroundOpacity":0,"willDoAnimation":false,"animationType":"glow","displayAsButton":false,"buttonSize":"big","goToSlideType":"specified","invisible":false}],"slideBackgroundSelector":{"fillSlideBackground":"#fbfef0"}},{"elements":[{"x":54.21686746987952,"y":26.808958333333333,"width":42.01807228915663,"height":59.523809523809526,"action":{"library":"H5P.CRAdvancedText 1.1","params":{"text":"<p style=\"text-align: center;\"><span style=\"color:#ffffff;\"><span style=\"font-size:1.75em;\">\u0427\u0438 \u043c\u043e\u0436\u0443\u0442\u044c \u043f\u0442\u0430\u0448\u043a\u0438 \u043b\u0456\u0442\u0430\u0442\u0438? \u0427\u0438 \u043c\u043e\u0436\u0443\u0442\u044c \u043f\u0430\u043f\u0443\u0433\u0438 \u043b\u0456\u0442\u0430\u0442\u0438? \u0422\u0430\u043a, \u043f\u0442\u0430\u0448\u043a\u0438 \u0442\u0430 \u043f\u0430\u043f\u0443\u0433\u0438 \u043c\u043e\u0436\u0443\u0442\u044c \u043b\u0456\u0442\u0430\u0442\u0438.<\/span><\/span><\/p>\n"},"metadata":{"contentType":"Text","license":"U","title":"Untitled Text"},"subContentId":"f61774fd-d67c-406e-be26-091fbda98ec4"},"alwaysDisplayComments":false,"backgroundOpacity":0,"willDoAnimation":false,"animationType":"glow","displayAsButton":false,"buttonSize":"big","goToSlideType":"specified","invisible":false,"solution":""},{"x":8.928571428571429,"y":15.10942065491184,"width":45.025510204081634,"height":74.05541561712846,"action":{"library":"H5P.Image 1.1","params":{"contentName":"Image","file":{"path":"images\/file-61b0fb7e5066d.jpg","mime":"image\/jpeg","copyright":{"license":"U"},"width":1024,"height":1104}},"metadata":{"contentType":"Image","license":"U","title":"Untitled Image"},"subContentId":"b7c95286-c2ba-4651-beab-419e2744e08b"},"backgroundOpacity":0,"willDoAnimation":false,"animationType":"glow","displayAsButton":false,"buttonSize":"big","goToSlideType":"specified","invisible":false},{"x":46.98795180722892,"y":44.04761904761905,"width":40,"height":40,"action":{"library":"H5P.CRAudio 1.4","params":{"fitToWrapper":true,"currIndex":1,"playerMode":"minimalistic","controls":true,"autoplay":true,"playAudio":"Play audio","pauseAudio":"Pause audio","contentName":"Audio","glowColor":"#ffd85a","files":[{"path":"audios\/files-6299c93eb88f4.wav","mime":"audio\/x-wav","copyright":{"license":"U"}}],"timeStampForEachText":[{"text":" \u0427\u0438 ","startDuration":"0.0000","endDuration":"0.2697","wordfile":[{"path":"audios\/wordfile-6299c97644d73.wav","mime":"audio\/x-wav","copyright":{"license":"U"}}]},{"text":" \u043c\u043e\u0436\u0443\u0442\u044c ","startDuration":"0.2707","endDuration":"0.7140","wordfile":[{"path":"audios\/wordfile-6299c9b96e1d6.wav","mime":"audio\/x-wav","copyright":{"license":"U"}}]},{"text":" \u043f\u0442\u0430\u0448\u043a\u0438 ","startDuration":"0.7150","endDuration":"1.1937","wordfile":[{"path":"audios\/wordfile-6299ca5db80cb.wav","mime":"audio\/x-wav","copyright":{"license":"U"}}]},{"text":" \u043b\u0456\u0442\u0430\u0442\u0438? ","startDuration":"1.1947","endDuration":"2.0450","wordfile":[{"path":"audios\/wordfile-6299ca832eb1a.wav","mime":"audio\/x-wav","copyright":{"license":"U"}}]},{"text":" \u0427\u0438 ","startDuration":"2.0460","endDuration":"2.5479","wordfile":[{"path":"audios\/wordfile-6299caa84c8f8.wav","mime":"audio\/x-wav","copyright":{"license":"U"}}]},{"text":" \u043c\u043e\u0436\u0443\u0442\u044c ","startDuration":"2.5489","endDuration":"3.0392","wordfile":[{"path":"audios\/wordfile-6299cac0b28e7.wav","mime":"audio\/x-wav","copyright":{"license":"U"}}]},{"text":" \u043f\u0430\u043f\u0443\u0433\u0438 ","startDuration":"3.0402","endDuration":"3.6002","wordfile":[{"path":"audios\/wordfile-6299caee63cc0.wav","mime":"audio\/x-wav","copyright":{"license":"U"}}]},{"text":" \u043b\u0456\u0442\u0430\u0442\u0438? ","startDuration":"3.6012","endDuration":"4.5211","wordfile":[{"path":"audios\/wordfile-6299cb0352791.wav","mime":"audio\/x-wav","copyright":{"license":"U"}}]},{"text":" \u0422\u0430\u043a, ","startDuration":"4.5221","endDuration":"5.3027","wordfile":[{"path":"audios\/wordfile-6299cb235af55.wav","mime":"audio\/x-wav","copyright":{"license":"U"}}]},{"text":" \u043f\u0442\u0430\u0448\u043a\u0438 ","startDuration":"5.3037","endDuration":"6.1540","wordfile":[{"path":"audios\/wordfile-6299cb3a84067.wav","mime":"audio\/x-wav","copyright":{"license":"U"}}]},{"text":" \u0442\u0430 ","startDuration":"6.1550","endDuration":"6.3434","wordfile":[{"path":"audios\/wordfile-6299cb5100d31.wav","mime":"audio\/x-wav","copyright":{"license":"U"}}]},{"text":" \u043f\u0430\u043f\u0443\u0433\u0438 ","startDuration":"6.3444","endDuration":"7.1827","wordfile":[{"path":"audios\/wordfile-6299cb72bb8f6.wav","mime":"audio\/x-wav","copyright":{"license":"U"}}]},{"text":" \u043c\u043e\u0436\u0443\u0442\u044c ","startDuration":"7.1837","endDuration":"7.7321","wordfile":[{"path":"audios\/wordfile-6299cb9e88366.wav","mime":"audio\/x-wav","copyright":{"license":"U"}}]},{"text":" \u043b\u0456\u0442\u0430\u0442\u0438. ","startDuration":"7.7331","endDuration":"8.6160","wordfile":[{"path":"audios\/wordfile-6299cbddc5a9c.wav","mime":"audio\/x-wav","copyright":{"license":"U"}}]}]},"subContentId":"b3800ffd-80d2-48fd-bc8f-bf466c07bb4b","metadata":{"contentType":"Curious Reader Audio","license":"U","title":"Untitled Curious Reader Audio"}},"backgroundOpacity":0,"willDoAnimation":false,"animationType":"glow","displayAsButton":false,"buttonSize":"big","goToSlideType":"specified","invisible":false},{"x":13.55421686746988,"y":17.55952380952381,"width":16.114457831325304,"height":25.892857142857142,"action":{"library":"H5P.Image 1.1","params":{"contentName":"Image"},"subContentId":"5faa3ba3-9685-4d86-9ba7-55eacacc0cfa","metadata":{"contentType":"Image","license":"U","title":"Untitled Image"}},"backgroundOpacity":0,"willDoAnimation":true,"animationType":"glow","displayAsButton":false,"buttonSize":"big","goToSlideType":"specified","invisible":false,"id":"imgb3800ffd-80d2-48fd-bc8f-bf466c07bb4b_2"},{"x":29.819277108433738,"y":16.666666666666668,"width":22.138554216867472,"height":45.23809523809524,"action":{"library":"H5P.Image 1.1","params":{"contentName":"Image"},"subContentId":"4ecdda5b-0a15-47bf-a562-2ee39fbd4185","metadata":{"contentType":"Image","license":"U","title":"Untitled Image"}},"backgroundOpacity":0,"willDoAnimation":true,"animationType":"glow","displayAsButton":false,"buttonSize":"big","goToSlideType":"specified","invisible":false,"id":"imgb3800ffd-80d2-48fd-bc8f-bf466c07bb4b_6"}],"slideBackgroundSelector":{}},{"elements":[{"x":1.2755102040816326,"y":83.0367758186398,"width":95.66326530612245,"height":14.357682619647354,"action":{"library":"H5P.CRAdvancedText 1.1","params":{"text":"<p style=\"text-align: center;\"><span style=\"color:#ffffff;\"><span style=\"font-size:1.75em;\">\u0427\u0438 \u0432\u043c\u0456\u044e\u0442\u044c \u043a\u043e\u043d\u0456 \u043b\u0456\u0442\u0430\u0442\u0438? \u041d\u0456, \u043a\u043e\u043d\u0456 \u043d\u0435 \u0432\u043c\u0456\u044e\u0442\u044c \u043b\u0456\u0442\u0430\u0442\u0438.<\/span><\/span><\/p>\n"},"metadata":{"contentType":"Text","license":"U","title":"Untitled Text"},"subContentId":"bdf10399-9f8b-4961-92e8-a77b0a168d2c"},"alwaysDisplayComments":false,"backgroundOpacity":0,"willDoAnimation":false,"animationType":"glow","displayAsButton":false,"buttonSize":"big","goToSlideType":"specified","invisible":false,"solution":""},{"x":30.501089324619,"y":10.113312131241,"width":39.998692810458,"height":69.996385028855,"action":{"library":"H5P.Image 1.1","params":{"contentName":"Image","file":{"path":"images\/file-61b0fc3ae2444.jpg","mime":"image\/jpeg","copyright":{"license":"U"},"width":1024,"height":1104}},"metadata":{"contentType":"Image","license":"U","title":"Untitled Image"},"subContentId":"0eae359d-32c6-46fb-8de7-8f02514abf8e"},"backgroundOpacity":0,"willDoAnimation":false,"animationType":"glow","displayAsButton":false,"buttonSize":"big","goToSlideType":"specified","invisible":false},{"x":47.000385802469,"y":44.000951083229,"width":40,"height":40,"action":{"library":"H5P.CRAudio 1.4","params":{"fitToWrapper":true,"currIndex":2,"playerMode":"minimalistic","controls":true,"autoplay":true,"playAudio":"Play audio","pauseAudio":"Pause audio","contentName":"Audio","glowColor":"#ffd85a","files":[{"path":"audios\/files-6271339de8fc4.wav","mime":"audio\/x-wav","copyright":{"license":"U"}}],"timeStampForEachText":[{"text":" \u0427\u0438 ","startDuration":"0.0000","endDuration":"0.2354","wordfile":[{"path":"audios\/wordfile-62741cd934663.wav","mime":"audio\/x-wav","copyright":{"license":"U"}}]},{"text":" \u0432\u043c\u0456\u044e\u0442\u044c ","startDuration":"0.2364","endDuration":"1.0031","wordfile":[{"path":"audios\/wordfile-62741cf770e0d.wav","mime":"audio\/x-wav","copyright":{"license":"U"}}]},{"text":" \u043a\u043e\u043d\u0456 ","startDuration":"1.0041","endDuration":"1.4237","wordfile":[{"path":"audios\/wordfile-62741d1d825c6.wav","mime":"audio\/x-wav","copyright":{"license":"U"}}]},{"text":" \u043b\u0456\u0442\u0430\u0442\u0438? ","startDuration":"1.4247","endDuration":"2.3260","wordfile":[{"path":"audios\/wordfile-62741d6877fc7.wav","mime":"audio\/x-wav","copyright":{"license":"U"}}]},{"text":" \u041d\u0456, ","startDuration":"2.4970","endDuration":"3.2070","wordfile":[{"path":"audios\/wordfile-62741d8ce5d42.wav","mime":"audio\/x-wav","copyright":{"license":"U"}}]},{"text":" \u043a\u043e\u043d\u0456 ","startDuration":"3.2647","endDuration":"3.8613","wordfile":[{"path":"audios\/wordfile-62741db8a89fc.wav","mime":"audio\/x-wav","copyright":{"license":"U"}}]},{"text":" \u043d\u0435 ","startDuration":"3.8617","endDuration":"4.0600","wordfile":[{"path":"audios\/wordfile-62741e0d63ba3.wav","mime":"audio\/x-wav","copyright":{"license":"U"}}]},{"text":" \u0432\u043c\u0456\u044e\u0442\u044c ","startDuration":"4.0609","endDuration":"4.4823","wordfile":[{"path":"audios\/wordfile-62741e3cc72bc.wav","mime":"audio\/x-wav","copyright":{"license":"U"}}]},{"text":" \u043b\u0456\u0442\u0430\u0442\u0438. ","startDuration":"4.4833","endDuration":"5.2560","wordfile":[{"path":"audios\/wordfile-62741ea6d5f33.wav","mime":"audio\/x-wav","copyright":{"license":"U"}}]}]},"metadata":{"contentType":"Curious Reader Audio","license":"U","title":"Untitled Curious Reader Audio"},"subContentId":"c7732aaa-5939-4707-9dd1-b47364484b76"},"backgroundOpacity":0,"willDoAnimation":false,"animationType":"glow","displayAsButton":false,"buttonSize":"big","goToSlideType":"specified","invisible":false},{"x":39.66049382716,"y":10.059534152118,"width":25.308641975309,"height":53.041180074806,"action":{"library":"H5P.Image 1.1","params":{"contentName":"Image"},"metadata":{"contentType":"Image","license":"U","title":"Untitled Image"},"subContentId":"4a3ed025-56bf-4d45-9823-c2a44192a69b"},"backgroundOpacity":0,"willDoAnimation":true,"animationType":"glow","displayAsButton":false,"buttonSize":"big","goToSlideType":"specified","invisible":false,"id":"imgc7732aaa-5939-4707-9dd1-b47364484b76_2"}],"slideBackgroundSelector":{}},{"elements":[{"x":51.275510204081634,"y":22.670025188916874,"width":44.642857142857146,"height":57.9345088161209,"action":{"library":"H5P.CRAdvancedText 1.1","params":{"text":"<p style=\"text-align: center;\"><span style=\"color:#ffffff;\"><span style=\"font-size:1.75em;\">\u0427\u0438 \u043c\u043e\u0436\u0443\u0442\u044c \u043c\u0443\u0445\u0438 \u043b\u0456\u0442\u0430\u0442\u0438? \u0427\u0438 \u043c\u043e\u0436\u0443\u0442\u044c \u0446\u0438\u043a\u0430\u0434\u0438 \u043b\u0456\u0442\u0430\u0442\u0438? \u0422\u0430\u043a, \u043c\u0443\u0445\u0438 \u0442\u0430 \u0446\u0438\u043a\u0430\u0434\u0438 \u043c\u043e\u0436\u0443\u0442\u044c \u043b\u0456\u0442\u0430\u0442\u0438.&nbsp;<\/span><\/span><\/p>\n"},"metadata":{"contentType":"Text","license":"U","title":"Untitled Text"},"subContentId":"e7499cfe-b2d8-4666-a09a-bb8671071b24"},"alwaysDisplayComments":false,"backgroundOpacity":0,"willDoAnimation":false,"animationType":"glow","displayAsButton":false,"buttonSize":"big","goToSlideType":"specified","invisible":false,"solution":""},{"x":7.653061224489796,"y":12.586599496221663,"width":43.75,"height":73.04785894206549,"action":{"library":"H5P.Image 1.1","params":{"contentName":"Image","file":{"path":"images\/file-61b0fcf6e4c40.jpg","mime":"image\/jpeg","copyright":{"license":"U"},"width":1024,"height":735}},"metadata":{"contentType":"Image","license":"U","title":"Untitled Image"},"subContentId":"efc5cf0f-5e4d-4e8c-839f-8137e74f62b0"},"backgroundOpacity":0,"willDoAnimation":false,"animationType":"glow","displayAsButton":false,"buttonSize":"big","goToSlideType":"specified","invisible":false},{"x":47.000385802469,"y":44.000951083229,"width":40,"height":40,"action":{"library":"H5P.CRAudio 1.4","params":{"fitToWrapper":true,"currIndex":3,"playerMode":"minimalistic","controls":true,"autoplay":true,"playAudio":"Play audio","pauseAudio":"Pause audio","contentName":"Audio","glowColor":"#ffd85a","files":[{"path":"audios\/files-6271346053bdd.wav","mime":"audio\/x-wav","copyright":{"license":"U"}}],"timeStampForEachText":[{"text":" \u0427\u0438 ","startDuration":"0.0000","endDuration":"0.2996","wordfile":[{"path":"audios\/wordfile-62741fa207ade.wav","mime":"audio\/x-wav","copyright":{"license":"U"}}]},{"text":" \u043c\u043e\u0436\u0443\u0442\u044c ","startDuration":"0.3006","endDuration":"0.7143","wordfile":[{"path":"audios\/wordfile-62741fc23bb06.wav","mime":"audio\/x-wav","copyright":{"license":"U"}}]},{"text":" \u043c\u0443\u0445\u0438 ","startDuration":"0.7153","endDuration":"1.1624","wordfile":[{"path":"audios\/wordfile-62741fe3d6d59.wav","mime":"audio\/x-wav","copyright":{"license":"U"}}]},{"text":" \u043b\u0456\u0442\u0430\u0442\u0438? ","startDuration":"1.1630","endDuration":"2.1600","wordfile":[{"path":"audios\/wordfile-627420566ff9c.wav","mime":"audio\/x-wav","copyright":{"license":"U"}}]},{"text":" \u0427\u0438 ","startDuration":"2.6342","endDuration":"3.0210","wordfile":[{"path":"audios\/wordfile-6274209d916ca.wav","mime":"audio\/x-wav","copyright":{"license":"U"}}]},{"text":" \u043c\u043e\u0436\u0443\u0442\u044c ","startDuration":"3.0220","endDuration":"3.5084","wordfile":[{"path":"audios\/wordfile-627420fd6140d.wav","mime":"audio\/x-wav","copyright":{"license":"U"}}]},{"text":" \u0446\u0438\u043a\u0430\u0434\u0438 ","startDuration":"3.5094","endDuration":"4.0705","wordfile":[{"path":"audios\/wordfile-627421b6f0331.wav","mime":"audio\/x-wav","copyright":{"license":"U"}}]},{"text":" \u043b\u0456\u0442\u0430\u0442\u0438? ","startDuration":"4.0715","endDuration":"5.1557","wordfile":[{"path":"audios\/wordfile-6274220b834ee.wav","mime":"audio\/x-wav","copyright":{"license":"U"}}]},{"text":" \u0422\u0430\u043a, ","startDuration":"5.3684","endDuration":"6.1039","wordfile":[{"path":"audios\/wordfile-6274223e08714.wav","mime":"audio\/x-wav","copyright":{"license":"U"}}]},{"text":" \u043c\u0443\u0445\u0438 ","startDuration":"6.1049","endDuration":"6.8653","wordfile":[{"path":"audios\/wordfile-6274225514ed6.wav","mime":"audio\/x-wav","copyright":{"license":"U"}}]},{"text":" \u0442\u0430 ","startDuration":"6.8663","endDuration":"7.0912","wordfile":[{"path":"audios\/wordfile-6274228728aec.wav","mime":"audio\/x-wav","copyright":{"license":"U"}}]},{"text":" \u0446\u0438\u043a\u0430\u0434\u0438 ","startDuration":"7.0922","endDuration":"7.8152","wordfile":[{"path":"audios\/wordfile-627422c607bec.wav","mime":"audio\/x-wav","copyright":{"license":"U"}}]},{"text":" \u043c\u043e\u0436\u0443\u0442\u044c ","startDuration":"7.8162","endDuration":"8.3898","wordfile":[{"path":"audios\/wordfile-627423135b806.wav","mime":"audio\/x-wav","copyright":{"license":"U"}}]},{"text":" \u043b\u0456\u0442\u0430\u0442\u0438.\u00a0 ","startDuration":"8.3908","endDuration":"9.2400","wordfile":[{"path":"audios\/wordfile-6274232dd883b.wav","mime":"audio\/x-wav","copyright":{"license":"U"}}]}]},"metadata":{"contentType":"Curious Reader Audio","license":"U","title":"Untitled Curious Reader Audio"},"subContentId":"97a84d28-164f-402e-bcfc-7408c57ef0cc"},"backgroundOpacity":0,"willDoAnimation":false,"animationType":"glow","displayAsButton":false,"buttonSize":"big","goToSlideType":"specified","invisible":false},{"x":11.224489795918368,"y":45.34005037783375,"width":17.592592592593,"height":24.110508555177,"action":{"library":"H5P.Image 1.1","params":{"contentName":"Image"},"metadata":{"contentType":"Image","license":"U","title":"Untitled Image"},"subContentId":"0629d2e2-6fd6-41b4-ae03-83a5a99d7f73"},"backgroundOpacity":0,"willDoAnimation":true,"animationType":"glow","displayAsButton":false,"buttonSize":"big","goToSlideType":"specified","invisible":false,"id":"img97a84d28-164f-402e-bcfc-7408c57ef0cc_6"},{"x":19.51530612244898,"y":23.67758186397985,"width":11.41975308642,"height":19.261721643545,"action":{"library":"H5P.Image 1.1","params":{"contentName":"Image"},"metadata":{"contentType":"Image","license":"U","title":"Untitled Image"},"subContentId":"5f15bfb6-4911-4371-aa6e-f529839e298e"},"backgroundOpacity":0,"willDoAnimation":true,"animationType":"glow","displayAsButton":false,"buttonSize":"big","goToSlideType":"specified","invisible":false,"id":"img97a84d28-164f-402e-bcfc-7408c57ef0cc_9"}],"slideBackgroundSelector":{}},{"elements":[{"x":51.14795918367348,"y":35.2448362720403,"width":39.54081632653061,"height":42.82115869017632,"action":{"library":"H5P.CRAdvancedText 1.1","params":{"text":"<p style=\"text-align: center;\"><span style=\"color:#ffffff;\"><span style=\"font-size:1.75em;\">\u0427\u0438 \u0432\u043c\u0456\u0454 \u044f\u0449\u0456\u0440\u043a\u0430 \u043b\u0456\u0442\u0430\u0442\u0438? \u041d\u0456, \u044f\u0449\u0456\u0440\u043a\u0430 \u043d\u0435 \u0432\u043c\u0456\u0454 \u043b\u0456\u0442\u0430\u0442\u0438.&nbsp;&nbsp; &nbsp;<\/span><\/span><\/p>\n"},"metadata":{"contentType":"Text","license":"U","title":"Untitled Text"},"subContentId":"1f146767-dee3-43be-b3d3-e0ac03baa3d4"},"alwaysDisplayComments":false,"backgroundOpacity":0,"willDoAnimation":false,"animationType":"glow","displayAsButton":false,"buttonSize":"big","goToSlideType":"specified","invisible":false,"solution":""},{"x":6.377551020408164,"y":12.594458438287154,"width":43.23979591836735,"height":75.56675062972292,"action":{"library":"H5P.Image 1.1","params":{"contentName":"Image","file":{"path":"images\/file-61b0fd4e9bf21.jpg","mime":"image\/jpeg","copyright":{"license":"U"},"width":1024,"height":1104}},"metadata":{"contentType":"Image","license":"U","title":"Untitled Image"},"subContentId":"ff68cee0-c12d-4506-854b-2822d09f8ee8"},"backgroundOpacity":0,"willDoAnimation":false,"animationType":"glow","displayAsButton":false,"buttonSize":"big","goToSlideType":"specified","invisible":false},{"x":47.000385802469,"y":44.000951083229,"width":40,"height":40,"action":{"library":"H5P.CRAudio 1.4","params":{"fitToWrapper":true,"currIndex":4,"playerMode":"minimalistic","controls":true,"autoplay":true,"playAudio":"Play audio","pauseAudio":"Pause audio","contentName":"Audio","glowColor":"#ffd85a","files":[{"path":"audios\/files-627134ce82c95.wav","mime":"audio\/x-wav","copyright":{"license":"U"}}],"timeStampForEachText":[{"text":" \u0427\u0438 ","startDuration":"0.0000","endDuration":"0.2825","wordfile":[{"path":"audios\/wordfile-627423c68bc73.wav","mime":"audio\/x-wav","copyright":{"license":"U"}}]},{"text":" \u0432\u043c\u0456\u0454 ","startDuration":"0.2835","endDuration":"0.7837","wordfile":[{"path":"audios\/wordfile-627424061b0a2.wav","mime":"audio\/x-wav","copyright":{"license":"U"}}]},{"text":" \u044f\u0449\u0456\u0440\u043a\u0430 ","startDuration":"0.7847","endDuration":"1.5100","wordfile":[{"path":"audios\/wordfile-62742484f1913.wav","mime":"audio\/x-wav","copyright":{"license":"U"}}]},{"text":" \u043b\u0456\u0442\u0430\u0442\u0438? ","startDuration":"1.5110","endDuration":"2.3939","wordfile":[{"path":"audios\/wordfile-627424d6e4421.wav","mime":"audio\/x-wav","copyright":{"license":"U"}}]},{"text":" \u041d\u0456, ","startDuration":"2.5964","endDuration":"3.3292","wordfile":[{"path":"audios\/wordfile-627424f6a65a3.wav","mime":"audio\/x-wav","copyright":{"license":"U"}}]},{"text":" \u044f\u0449\u0456\u0440\u043a\u0430 ","startDuration":"3.3302","endDuration":"4.1981","wordfile":[{"path":"audios\/wordfile-6274251a1a2f4.wav","mime":"audio\/x-wav","copyright":{"license":"U"}}]},{"text":" \u043d\u0435 ","startDuration":"4.1991","endDuration":"4.3991","wordfile":[{"path":"audios\/wordfile-62742566cae65.wav","mime":"audio\/x-wav","copyright":{"license":"U"}}]},{"text":" \u0432\u043c\u0456\u0454 ","startDuration":"4.4001","endDuration":"4.8327","wordfile":[{"path":"audios\/wordfile-627425b019f9f.wav","mime":"audio\/x-wav","copyright":{"license":"U"}}]},{"text":" \u043b\u0456\u0442\u0430\u0442\u0438.\u00a0\u00a0 ","startDuration":"4.8337","endDuration":"5.5680","wordfile":[{"path":"audios\/wordfile-627425e20f85a.wav","mime":"audio\/x-wav","copyright":{"license":"U"}}]}]},"metadata":{"contentType":"Curious Reader Audio","license":"U","title":"Untitled Curious Reader Audio"},"subContentId":"18cd67b8-8877-4e58-9552-0ee339d7779e"},"backgroundOpacity":0,"willDoAnimation":false,"animationType":"glow","displayAsButton":false,"buttonSize":"big","goToSlideType":"specified","invisible":false},{"x":20.408163265306122,"y":18.1360201511335,"width":20.534259259259,"height":43.896149027426,"action":{"library":"H5P.Image 1.1","params":{"contentName":"Image"},"metadata":{"contentType":"Image","license":"U","title":"Untitled Image"},"subContentId":"682a6a9a-c963-4674-93cf-297acb464ea6"},"backgroundOpacity":0,"willDoAnimation":true,"animationType":"glow","displayAsButton":false,"buttonSize":"big","goToSlideType":"specified","invisible":false,"id":"img18cd67b8-8877-4e58-9552-0ee339d7779e_2"}],"slideBackgroundSelector":{"fillSlideBackground":"#f5fef0"}},{"elements":[{"x":50.63775510204081,"y":22.91010075566751,"width":44.642857142857146,"height":60.45340050377833,"action":{"library":"H5P.CRAdvancedText 1.1","params":{"text":"<p style=\"text-align: center;\"><span style=\"color:#ffffff;\"><span style=\"font-size:1.75em;\">\u0427\u0438 \u043c\u043e\u0436\u0443\u0442\u044c \u0441\u043e\u0432\u0438 \u043b\u0456\u0442\u0430\u0442\u0438? \u0427\u0438 \u043c\u043e\u0436\u0443\u0442\u044c \u043f\u0435\u043b\u0456\u043a\u0430\u043d\u0438 \u043b\u0456\u0442\u0430\u0442\u0438? \u0422\u0430\u043a, \u0441\u043e\u0432\u0438 \u0456 \u043f\u0435\u043b\u0456\u043a\u0430\u043d\u0438 \u043c\u043e\u0436\u0443\u0442\u044c \u043b\u0456\u0442\u0430\u0442\u0438.&nbsp;&nbsp; &nbsp;<\/span><\/span><\/p>\n"},"metadata":{"contentType":"Text","license":"U","title":"Untitled Text"},"subContentId":"44b170ed-9961-4a19-8e4c-47207245c171"},"alwaysDisplayComments":false,"backgroundOpacity":0,"willDoAnimation":false,"animationType":"glow","displayAsButton":false,"buttonSize":"big","goToSlideType":"specified","invisible":false,"solution":""},{"x":7.653061224489796,"y":12.582644836272038,"width":42.3469387755102,"height":75.56675062972292,"action":{"library":"H5P.Image 1.1","params":{"contentName":"Image","file":{"path":"images\/file-61b0fe64a98f6.jpg","mime":"image\/jpeg","copyright":{"license":"U"},"width":1024,"height":1104}},"metadata":{"contentType":"Image","license":"U","title":"Untitled Image"},"subContentId":"eb16844b-e821-4d06-b303-c00f9b89e0fc"},"backgroundOpacity":0,"willDoAnimation":false,"animationType":"glow","displayAsButton":false,"buttonSize":"big","goToSlideType":"specified","invisible":false},{"x":47.000385802469,"y":44.000951083229,"width":40,"height":40,"action":{"library":"H5P.CRAudio 1.4","params":{"fitToWrapper":true,"currIndex":5,"playerMode":"minimalistic","controls":true,"autoplay":true,"playAudio":"Play audio","pauseAudio":"Pause audio","contentName":"Audio","glowColor":"#ffd85a","files":[{"path":"audios\/files-62713522e18fe.wav","mime":"audio\/x-wav","copyright":{"license":"U"}}],"timeStampForEachText":[{"text":" \u0427\u0438 ","startDuration":"0.0000","endDuration":"0.2718","wordfile":[{"path":"audios\/wordfile-6274269b2df59.wav","mime":"audio\/x-wav","copyright":{"license":"U"}}]},{"text":" \u043c\u043e\u0436\u0443\u0442\u044c ","startDuration":"0.2728","endDuration":"0.6882","wordfile":[{"path":"audios\/wordfile-627426b204faa.wav","mime":"audio\/x-wav","copyright":{"license":"U"}}]},{"text":" \u0441\u043e\u0432\u0438 ","startDuration":"0.6892","endDuration":"1.1166","wordfile":[{"path":"audios\/wordfile-627426e28f1ea.wav","mime":"audio\/x-wav","copyright":{"license":"U"}}]},{"text":" \u043b\u0456\u0442\u0430\u0442\u0438? ","startDuration":"1.1176","endDuration":"2.1075","wordfile":[{"path":"audios\/wordfile-6274272d71dda.wav","mime":"audio\/x-wav","copyright":{"license":"U"}}]},{"text":" \u0427\u0438 ","startDuration":"2.3838","endDuration":"2.8231","wordfile":[{"path":"audios\/wordfile-6274279f444e0.wav","mime":"audio\/x-wav","copyright":{"license":"U"}}]},{"text":" \u043c\u043e\u0436\u0443\u0442\u044c ","startDuration":"2.8241","endDuration":"3.3113","wordfile":[{"path":"audios\/wordfile-627427caefd5f.wav","mime":"audio\/x-wav","copyright":{"license":"U"}}]},{"text":" \u043f\u0435\u043b\u0456\u043a\u0430\u043d\u0438 ","startDuration":"3.3123","endDuration":"3.9790","wordfile":[{"path":"audios\/wordfile-627428204541e.wav","mime":"audio\/x-wav","copyright":{"license":"U"}}]},{"text":" \u043b\u0456\u0442\u0430\u0442\u0438? ","startDuration":"3.9800","endDuration":"4.8981","wordfile":[{"path":"audios\/wordfile-627428615de83.wav","mime":"audio\/x-wav","copyright":{"license":"U"}}]},{"text":" \u0422\u0430\u043a, ","startDuration":"5.1026","endDuration":"5.8890","wordfile":[{"path":"audios\/wordfile-627428fcbe7e1.wav","mime":"audio\/x-wav","copyright":{"license":"U"}}]},{"text":" \u0441\u043e\u0432\u0438 ","startDuration":"5.8900","endDuration":"6.5209","wordfile":[{"path":"audios\/wordfile-6274293655e0e.wav","mime":"audio\/x-wav","copyright":{"license":"U"}}]},{"text":" \u0456 ","startDuration":"6.5219","endDuration":"6.7338","wordfile":[{"path":"audios\/wordfile-627429a3004b1.wav","mime":"audio\/x-wav","copyright":{"license":"U"}}]},{"text":" \u043f\u0435\u043b\u0456\u043a\u0430\u043d\u0438 ","startDuration":"6.7348","endDuration":"7.4733","wordfile":[{"path":"audios\/wordfile-62742a38a40df.wav","mime":"audio\/x-wav","copyright":{"license":"U"}}]},{"text":" \u043c\u043e\u0436\u0443\u0442\u044c ","startDuration":"7.4743","endDuration":"8.0333","wordfile":[{"path":"audios\/wordfile-62742a5ca4e24.wav","mime":"audio\/x-wav","copyright":{"license":"U"}}]},{"text":" \u043b\u0456\u0442\u0430\u0442\u0438.\u00a0\u00a0 ","startDuration":"8.0343","endDuration":"8.8800","wordfile":[{"path":"audios\/wordfile-62742aa7c1354.wav","mime":"audio\/x-wav","copyright":{"license":"U"}}]}]},"metadata":{"contentType":"Curious Reader Audio","license":"U","title":"Untitled Curious Reader Audio"},"subContentId":"1c8a48e1-019d-4263-8f30-01c85df35b20"},"backgroundOpacity":0,"willDoAnimation":false,"animationType":"glow","displayAsButton":false,"buttonSize":"big","goToSlideType":"specified","invisible":false},{"x":17.091836734693878,"y":9.571788413098236,"width":15.688775510204081,"height":24.43324937027708,"action":{"library":"H5P.Image 1.1","params":{"contentName":"Image"},"metadata":{"contentType":"Image","license":"U","title":"Untitled Image"},"subContentId":"62d39062-c225-4739-b1c7-68f5278e004e"},"backgroundOpacity":0,"willDoAnimation":true,"animationType":"glow","displayAsButton":false,"buttonSize":"big","goToSlideType":"specified","invisible":false,"id":"img1c8a48e1-019d-4263-8f30-01c85df35b20_2"},{"x":21.683673469387756,"y":28.71536523929471,"width":22.222222222222,"height":29.521318591543,"action":{"library":"H5P.Image 1.1","params":{"contentName":"Image"},"metadata":{"contentType":"Image","license":"U","title":"Untitled Image"},"subContentId":"7dc7e9db-9af7-4a49-96d1-36c4c165c93b"},"backgroundOpacity":0,"willDoAnimation":true,"animationType":"glow","displayAsButton":false,"buttonSize":"big","goToSlideType":"specified","invisible":false,"id":"img1c8a48e1-019d-4263-8f30-01c85df35b20_6"}],"slideBackgroundSelector":{}},{"elements":[{"x":1.2755102040816326,"y":83.83576826196473,"width":96.93877551020408,"height":14.609571788413097,"action":{"library":"H5P.CRAdvancedText 1.1","params":{"text":"<p style=\"text-align: center;\"><span style=\"color:#ffffff;\"><span style=\"font-size:1.75em;\">\u0427\u0438 \u0432\u043c\u0456\u0454 \u0433\u0456\u0431\u043e\u043d \u043b\u0456\u0442\u0430\u0442\u0438? \u041d\u0456, \u0433\u0456\u0431\u043e\u043d \u043d\u0435 \u0432\u043c\u0456\u0454 \u043b\u0456\u0442\u0430\u0442\u0438.&nbsp;&nbsp; &nbsp;<\/span><\/span><\/p>\n"},"metadata":{"contentType":"Text","license":"U","title":"Untitled Text"},"subContentId":"851c2b51-ce1f-4c51-b3cb-adf4ae836484"},"alwaysDisplayComments":false,"backgroundOpacity":0,"willDoAnimation":false,"animationType":"glow","displayAsButton":false,"buttonSize":"big","goToSlideType":"specified","invisible":false,"solution":""},{"x":27.777777777778,"y":12.188619313696,"width":44.01049382716,"height":69.211728807153,"action":{"library":"H5P.Image 1.1","params":{"contentName":"Image","file":{"path":"images\/file-61b0fec0c4e2a.jpg","mime":"image\/jpeg","copyright":{"license":"U"},"width":1024,"height":735}},"metadata":{"contentType":"Image","license":"U","title":"Untitled Image"},"subContentId":"2084ae4b-fcdc-476d-a3a6-db1a999caec7"},"backgroundOpacity":0,"willDoAnimation":false,"animationType":"glow","displayAsButton":false,"buttonSize":"big","goToSlideType":"specified","invisible":false},{"x":47.000385802469,"y":44.000951083229,"width":40,"height":40,"action":{"library":"H5P.CRAudio 1.4","params":{"fitToWrapper":true,"currIndex":6,"playerMode":"minimalistic","controls":true,"autoplay":true,"playAudio":"Play audio","pauseAudio":"Pause audio","contentName":"Audio","glowColor":"#ffd85a","files":[{"path":"audios\/files-627135a2ad09d.wav","mime":"audio\/x-wav","copyright":{"license":"U"}}],"timeStampForEachText":[{"text":" \u0427\u0438 ","startDuration":"0.0000","endDuration":"0.2585","wordfile":[{"path":"audios\/wordfile-62742b5bb3564.wav","mime":"audio\/x-wav","copyright":{"license":"U"}}]},{"text":" \u0432\u043c\u0456\u0454 ","startDuration":"0.2595","endDuration":"0.6349","wordfile":[{"path":"audios\/wordfile-62742b97b6e23.wav","mime":"audio\/x-wav","copyright":{"license":"U"}}]},{"text":" \u0433\u0456\u0431\u043e\u043d ","startDuration":"0.6359","endDuration":"1.0991","wordfile":[{"path":"audios\/wordfile-62742bdc56216.wav","mime":"audio\/x-wav","copyright":{"license":"U"}}]},{"text":" \u043b\u0456\u0442\u0430\u0442\u0438? ","startDuration":"1.1001","endDuration":"2.1407","wordfile":[{"path":"audios\/wordfile-62742c5e397a9.wav","mime":"audio\/x-wav","copyright":{"license":"U"}}]},{"text":" \u041d\u0456, ","startDuration":"2.3902","endDuration":"3.0508","wordfile":[{"path":"audios\/wordfile-62742cd2b2e1a.wav","mime":"audio\/x-wav","copyright":{"license":"U"}}]},{"text":" \u0433\u0456\u0431\u043e\u043d ","startDuration":"3.0518","endDuration":"3.8585","wordfile":[{"path":"audios\/wordfile-62742da2286e2.wav","mime":"audio\/x-wav","copyright":{"license":"U"}}]},{"text":" \u043d\u0435 ","startDuration":"3.8595","endDuration":"4.1618","wordfile":[{"path":"audios\/wordfile-62742dea51e42.wav","mime":"audio\/x-wav","copyright":{"license":"U"}}]},{"text":" \u0432\u043c\u0456\u0454 ","startDuration":"4.1628","endDuration":"4.6844","wordfile":[{"path":"audios\/wordfile-62742e430c963.wav","mime":"audio\/x-wav","copyright":{"license":"U"}}]},{"text":" \u043b\u0456\u0442\u0430\u0442\u0438.\u00a0\u00a0 ","startDuration":"4.6854","endDuration":"5.4240","wordfile":[{"path":"audios\/wordfile-62742e8b99fbd.wav","mime":"audio\/x-wav","copyright":{"license":"U"}}]}]},"metadata":{"contentType":"Curious Reader Audio","license":"U","title":"Untitled Curious Reader Audio"},"subContentId":"51d4133c-3981-479e-babf-4e6303b6e1de"},"backgroundOpacity":0,"willDoAnimation":false,"animationType":"glow","displayAsButton":false,"buttonSize":"big","goToSlideType":"specified","invisible":false},{"x":28.395061728395,"y":21.338405777221,"width":19.135802469136,"height":40.000060966874,"action":{"library":"H5P.Image 1.1","params":{"contentName":"Image"},"metadata":{"contentType":"Image","license":"U","title":"Untitled Image"},"subContentId":"ce4fad3c-45c9-4b42-ac01-475a9611196d"},"backgroundOpacity":0,"willDoAnimation":true,"animationType":"glow","displayAsButton":false,"buttonSize":"big","goToSlideType":"specified","invisible":false,"id":"img51d4133c-3981-479e-babf-4e6303b6e1de_2"}],"slideBackgroundSelector":{}},{"elements":[{"x":51.02040816326531,"y":20.14523929471033,"width":43.36734693877551,"height":70.52896725440806,"action":{"library":"H5P.CRAdvancedText 1.1","params":{"text":"<p style=\"text-align: center;\"><span style=\"color:#ffffff;\"><span style=\"font-size:1.75em;\">\u0427\u0438 \u043c\u043e\u0436\u0435 \u0427\u0430\u043f\u043b\u044f \u043b\u0456\u0442\u0430\u0442\u0438? \u0427\u0438 \u043c\u043e\u0436\u0435 \u041f\u0442\u0430\u0445-\u043d\u043e\u0441\u043e\u0440\u0456\u0433 \u043b\u0456\u0442\u0430\u0442\u0438? \u0422\u0430\u043a, \u0427\u0430\u043f\u043b\u044f \u0442\u0430 \u041f\u0442\u0430\u0445-\u043d\u043e\u0441\u043e\u0440\u0456\u0433 \u043c\u043e\u0436\u0443\u0442\u044c \u043b\u0456\u0442\u0430\u0442\u0438.<\/span><\/span><\/p>\n"},"metadata":{"contentType":"Text","license":"U","title":"Untitled Text"},"subContentId":"0aca41c8-796c-4c56-bc05-3eb477c9e866"},"alwaysDisplayComments":false,"backgroundOpacity":0,"willDoAnimation":false,"animationType":"glow","displayAsButton":false,"buttonSize":"big","goToSlideType":"specified","invisible":false,"solution":""},{"x":5.1020408163265305,"y":20.151133501259444,"width":44.753086419753,"height":67.911305392215,"action":{"library":"H5P.Image 1.1","params":{"contentName":"Image","file":{"path":"images\/file-61b0ff34353af.jpg","mime":"image\/jpeg","copyright":{"license":"U"},"width":1024,"height":735}},"metadata":{"contentType":"Image","license":"U","title":"Untitled Image"},"subContentId":"354276f7-e746-4d1d-9c37-a1f9aef12f5a"},"backgroundOpacity":0,"willDoAnimation":false,"animationType":"glow","displayAsButton":false,"buttonSize":"big","goToSlideType":"specified","invisible":false},{"x":47.000385802469,"y":44.000951083229,"width":40,"height":40,"action":{"library":"H5P.CRAudio 1.4","params":{"fitToWrapper":true,"currIndex":7,"playerMode":"minimalistic","controls":true,"autoplay":true,"playAudio":"Play audio","pauseAudio":"Pause audio","contentName":"Audio","glowColor":"#ffd85a","files":[{"path":"audios\/files-627135fd3a0cf.wav","mime":"audio\/x-wav","copyright":{"license":"U"}}],"timeStampForEachText":[{"text":" \u0427\u0438 ","startDuration":"0.0000","endDuration":"0.2519","wordfile":[{"path":"audios\/wordfile-62742faeb6bdb.wav","mime":"audio\/x-wav","copyright":{"license":"U"}}]},{"text":" \u043c\u043e\u0436\u0435 ","startDuration":"0.2523","endDuration":"0.6209","wordfile":[{"path":"audios\/wordfile-62743030b5b2f.wav","mime":"audio\/x-wav","copyright":{"license":"U"}}]},{"text":" \u0427\u0430\u043f\u043b\u044f ","startDuration":"0.6219","endDuration":"1.0554","wordfile":[{"path":"audios\/wordfile-6274306e4d048.wav","mime":"audio\/x-wav","copyright":{"license":"U"}}]},{"text":" \u043b\u0456\u0442\u0430\u0442\u0438? ","startDuration":"1.0564","endDuration":"2.0476","wordfile":[{"path":"audios\/wordfile-627430b065f29.wav","mime":"audio\/x-wav","copyright":{"license":"U"}}]},{"text":" \u0427\u0438 ","startDuration":"2.3080","endDuration":"2.7285","wordfile":[{"path":"audios\/wordfile-6274316914f46.wav","mime":"audio\/x-wav","copyright":{"license":"U"}}]},{"text":" \u043c\u043e\u0436\u0435 ","startDuration":"2.7295","endDuration":"3.1889","wordfile":[{"path":"audios\/wordfile-627431af40925.wav","mime":"audio\/x-wav","copyright":{"license":"U"}}]},{"text":" \u041f\u0442\u0430\u0445\u043d\u043e\u0441\u043e\u0440\u0456\u0433 ","startDuration":"3.1899","endDuration":"4.2200","wordfile":[{"path":"audios\/wordfile-6274322daebd8.wav","mime":"audio\/x-wav","copyright":{"license":"U"}}]},{"text":" \u043b\u0456\u0442\u0430\u0442\u0438? ","startDuration":"4.2210","endDuration":"5.2511","wordfile":[{"path":"audios\/wordfile-62743256258e0.wav","mime":"audio\/x-wav","copyright":{"license":"U"}}]},{"text":" \u0422\u0430\u043a, ","startDuration":"5.4596","endDuration":"6.2044","wordfile":[{"path":"audios\/wordfile-627432fe4d464.wav","mime":"audio\/x-wav","copyright":{"license":"U"}}]},{"text":" \u0427\u0430\u043f\u043b\u044f ","startDuration":"6.2054","endDuration":"6.8464","wordfile":[{"path":"audios\/wordfile-627433739b084.wav","mime":"audio\/x-wav","copyright":{"license":"U"}}]},{"text":" \u0442\u0430 ","startDuration":"6.8474","endDuration":"7.1382","wordfile":[{"path":"audios\/wordfile-627433cec8a93.wav","mime":"audio\/x-wav","copyright":{"license":"U"}}]},{"text":" \u041f\u0442\u0430\u0445\u043d\u043e\u0441\u043e\u0440\u0456\u0433 ","startDuration":"7.1392","endDuration":"8.2207","wordfile":[{"path":"audios\/wordfile-627433fe9bfd7.wav","mime":"audio\/x-wav","copyright":{"license":"U"}}]},{"text":" \u043c\u043e\u0436\u0443\u0442\u044c ","startDuration":"8.2217","endDuration":"8.7719","wordfile":[{"path":"audios\/wordfile-6274349076104.wav","mime":"audio\/x-wav","copyright":{"license":"U"}}]},{"text":" \u043b\u0456\u0442\u0430\u0442\u0438. ","startDuration":"8.7729","endDuration":"9.6240","wordfile":[{"path":"audios\/wordfile-627434bb26522.wav","mime":"audio\/x-wav","copyright":{"license":"U"}}]}]},"metadata":{"contentType":"Curious Reader Audio","license":"U","title":"Untitled Curious Reader Audio"},"subContentId":"85c8cef2-cfd4-4593-bc14-e571aaeae0a0"},"backgroundOpacity":0,"willDoAnimation":false,"animationType":"glow","displayAsButton":false,"buttonSize":"big","goToSlideType":"specified","invisible":false},{"x":16.964285714285715,"y":45.34005037783375,"width":13.903061224489797,"height":22.921914357682617,"action":{"library":"H5P.Image 1.1","params":{"contentName":"Image"},"metadata":{"contentType":"Image","license":"U","title":"Untitled Image"},"subContentId":"0d4171a4-1d19-4c29-baff-796fa74efbe7"},"backgroundOpacity":0,"willDoAnimation":true,"animationType":"glow","displayAsButton":false,"buttonSize":"big","goToSlideType":"specified","invisible":false,"id":"img85c8cef2-cfd4-4593-bc14-e571aaeae0a0_6"},{"x":6.377551020408164,"y":20.151133501259444,"width":17.592592592593,"height":31.702774297585,"action":{"library":"H5P.Image 1.1","params":{"contentName":"Image"},"metadata":{"contentType":"Image","license":"U","title":"Untitled Image"},"subContentId":"25e226f4-a85e-45f4-8477-9cb62eeb644f"},"backgroundOpacity":0,"willDoAnimation":true,"animationType":"glow","displayAsButton":false,"buttonSize":"big","goToSlideType":"specified","invisible":false,"id":"img85c8cef2-cfd4-4593-bc14-e571aaeae0a0_2"}],"slideBackgroundSelector":{"fillSlideBackground":"#ecf9ff"}},{"elements":[{"x":3.443877551020408,"y":83.37531486146095,"width":93.11224489795919,"height":15.113350125944583,"action":{"library":"H5P.CRAdvancedText 1.1","params":{"text":"<p style=\"text-align: center;\"><span style=\"color:#ffffff;\"><span style=\"font-size:1.75em;\">\u0427\u0438 \u0432\u043c\u0456\u0454 \u041b\u0435\u0432 \u043b\u0456\u0442\u0430\u0442\u0438? \u041d\u0456, \u0432\u0456\u043d \u043d\u0435 \u0432\u043c\u0456\u0454 \u043b\u0456\u0442\u0430\u0442\u0438.<\/span><\/span><\/p>\n"},"metadata":{"contentType":"Text","license":"U","title":"Untitled Text"},"subContentId":"40e13231-b18e-4bbd-acd9-022f640db1ed"},"alwaysDisplayComments":false,"backgroundOpacity":0,"willDoAnimation":false,"animationType":"glow","displayAsButton":false,"buttonSize":"big","goToSlideType":"specified","invisible":false,"solution":""},{"x":29.938271604938,"y":9.7546997838724,"width":39.998148148148,"height":70.102454831167,"action":{"library":"H5P.Image 1.1","params":{"contentName":"Image","file":{"path":"images\/file-61b0ff878c04b.jpg","mime":"image\/jpeg","copyright":{"license":"U"},"width":1024,"height":1104}},"metadata":{"contentType":"Image","license":"U","title":"Untitled Image"},"subContentId":"c6f63da0-d455-4d32-9900-d5ab8a917fbe"},"backgroundOpacity":0,"willDoAnimation":false,"animationType":"glow","displayAsButton":false,"buttonSize":"big","goToSlideType":"specified","invisible":false},{"x":47.000385802469,"y":44.000951083229,"width":40,"height":40,"action":{"library":"H5P.CRAudio 1.4","params":{"fitToWrapper":true,"currIndex":8,"playerMode":"minimalistic","controls":true,"autoplay":true,"playAudio":"Play audio","pauseAudio":"Pause audio","contentName":"Audio","glowColor":"#ffd85a","files":[{"path":"audios\/files-6271366a5fd72.wav","mime":"audio\/x-wav","copyright":{"license":"U"}}],"timeStampForEachText":[{"text":" \u0427\u0438 ","startDuration":"0.0000","endDuration":"0.2642","wordfile":[{"path":"audios\/wordfile-6299af0c06765.wav","mime":"audio\/x-wav","copyright":{"license":"U"}}]},{"text":" \u0432\u043c\u0456\u0454 ","startDuration":"0.2652","endDuration":"0.7010","wordfile":[{"path":"audios\/wordfile-6299af39a7351.wav","mime":"audio\/x-wav","copyright":{"license":"U"}}]},{"text":" \u041b\u0435\u0432 ","startDuration":"0.7018","endDuration":"0.9660","wordfile":[{"path":"audios\/wordfile-6299af8d241d5.wav","mime":"audio\/x-wav","copyright":{"license":"U"}}]},{"text":" \u043b\u0456\u0442\u0430\u0442\u0438? ","startDuration":"0.9670","endDuration":"1.8665","wordfile":[{"path":"audios\/wordfile-6299afcd40ecd.wav","mime":"audio\/x-wav","copyright":{"license":"U"}}]},{"text":" \u041d\u0456, ","startDuration":"2.0816","endDuration":"2.7670","wordfile":[{"path":"audios\/wordfile-6299afeba646b.wav","mime":"audio\/x-wav","copyright":{"license":"U"}}]},{"text":" \u0432\u0456\u043d ","startDuration":"2.7884","endDuration":"3.1312","wordfile":[{"path":"audios\/wordfile-6299b058e37a6.wav","mime":"audio\/x-wav","copyright":{"license":"U"}}]},{"text":" \u043d\u0435 ","startDuration":"3.1322","endDuration":"3.3322","wordfile":[{"path":"audios\/wordfile-6299b081209fc.wav","mime":"audio\/x-wav","copyright":{"license":"U"}}]},{"text":" \u0432\u043c\u0456\u0454 ","startDuration":"3.3403","endDuration":"3.6974","wordfile":[{"path":"audios\/wordfile-6299b0b147043.wav","mime":"audio\/x-wav","copyright":{"license":"U"}}]},{"text":" \u043b\u0456\u0442\u0430\u0442\u0438. ","startDuration":"3.6984","endDuration":"4.4400","wordfile":[{"path":"audios\/wordfile-6299b0c74748b.wav","mime":"audio\/x-wav","copyright":{"license":"U"}}]}]},"metadata":{"contentType":"Curious Reader Audio","license":"U","title":"Untitled Curious Reader Audio"},"subContentId":"1b00e472-d532-4dbf-8499-613677fde35f"},"backgroundOpacity":0,"willDoAnimation":false,"animationType":"glow","displayAsButton":false,"buttonSize":"big","goToSlideType":"specified","invisible":false},{"x":35.185185185185,"y":8.8401966791344,"width":29.938271604938,"height":49.992836392346,"action":{"library":"H5P.Image 1.1","params":{"contentName":"Image"},"metadata":{"contentType":"Image","license":"U","title":"Untitled Image"},"subContentId":"97e030d5-6f94-45c7-8fff-4b203ffea30e"},"backgroundOpacity":0,"willDoAnimation":true,"animationType":"glow","displayAsButton":false,"buttonSize":"big","goToSlideType":"specified","invisible":false,"id":"img1b00e472-d532-4dbf-8499-613677fde35f_2"}],"slideBackgroundSelector":{"fillSlideBackground":"#fefaf0"}},{"elements":[{"x":52.71084337349398,"y":31.545238095238098,"width":43.674698795180724,"height":56.54761904761905,"action":{"library":"H5P.CRAdvancedText 1.1","params":{"text":"<p style=\"text-align: center;\"><span style=\"color:#ffffff;\"><span style=\"font-size:1.75em;\">\u0427\u0438 \u043c\u043e\u0436\u0435 \u0421\u0456\u0440\u0430 \u0441\u043e\u0432\u0430 \u043b\u0456\u0442\u0430\u0442\u0438? \u0427\u0438 \u043c\u043e\u0436\u0435 \u041a\u043e\u043c\u0430\u0440 \u043b\u0456\u0442\u0430\u0442\u0438? \u0422\u0430\u043a, \u0421\u0456\u0440\u0430 \u0441\u043e\u0432\u0430 \u0456 \u041a\u043e\u043c\u0430\u0440 \u043c\u043e\u0436\u0443\u0442\u044c \u043b\u0456\u0442\u0430\u0442\u0438.<\/span><\/span><\/p>\n"},"metadata":{"contentType":"Text","license":"U","title":"Untitled Text"},"subContentId":"7cb07276-1942-4be4-a63b-2b36f13d100b"},"alwaysDisplayComments":false,"backgroundOpacity":0,"willDoAnimation":false,"animationType":"glow","displayAsButton":false,"buttonSize":"big","goToSlideType":"specified","invisible":false,"solution":""},{"x":7.653061224489796,"y":15.10942065491184,"width":44.38775510204082,"height":77.58186397984886,"action":{"library":"H5P.Image 1.1","params":{"contentName":"Image","file":{"path":"images\/file-61b0ffdd62fe7.jpg","mime":"image\/jpeg","copyright":{"license":"U"},"width":1024,"height":1104}},"metadata":{"contentType":"Image","license":"U","title":"Untitled Image"},"subContentId":"ec497251-7328-4e7b-9d7d-3cf142d5606c"},"backgroundOpacity":0,"willDoAnimation":false,"animationType":"glow","displayAsButton":false,"buttonSize":"big","goToSlideType":"specified","invisible":false},{"x":47.000385802469,"y":44.000951083229,"width":40,"height":40,"action":{"library":"H5P.CRAudio 1.4","params":{"fitToWrapper":true,"currIndex":9,"playerMode":"minimalistic","controls":true,"autoplay":true,"playAudio":"Play audio","pauseAudio":"Pause audio","contentName":"Audio","glowColor":"#ffd85a","files":[{"path":"audios\/files-627136c1e5d8c.wav","mime":"audio\/x-wav","copyright":{"license":"U"}}],"timeStampForEachText":[{"text":" \u0427\u0438 ","startDuration":"0.0000","endDuration":"0.2451","wordfile":[{"path":"audios\/wordfile-6299b1750e8fa.wav","mime":"audio\/x-wav","copyright":{"license":"U"}}]},{"text":" \u043c\u043e\u0436\u0435 ","startDuration":"0.2461","endDuration":"0.5966","wordfile":[{"path":"audios\/wordfile-6299b19ca0f6c.wav","mime":"audio\/x-wav","copyright":{"license":"U"}}]},{"text":" \u0421\u0456\u0440\u0430 ","startDuration":"0.5976","endDuration":"0.9932","wordfile":[{"path":"audios\/wordfile-6299b1bfc673b.wav","mime":"audio\/x-wav","copyright":{"license":"U"}}]},{"text":" \u0441\u043e\u0432\u0430 ","startDuration":"0.9942","endDuration":"1.3447","wordfile":[{"path":"audios\/wordfile-6299b20fb3aa5.wav","mime":"audio\/x-wav","copyright":{"license":"U"}}]},{"text":" \u043b\u0456\u0442\u0430\u0442\u0438? ","startDuration":"1.3457","endDuration":"2.3132","wordfile":[{"path":"audios\/wordfile-6299b22e5ad97.wav","mime":"audio\/x-wav","copyright":{"license":"U"}}]},{"text":" \u0427\u0438 ","startDuration":"2.5250","endDuration":"2.9960","wordfile":[{"path":"audios\/wordfile-6299b281e368b.wav","mime":"audio\/x-wav","copyright":{"license":"U"}}]},{"text":" \u043c\u043e\u0436\u0435 ","startDuration":"2.9970","endDuration":"3.3475","wordfile":[{"path":"audios\/wordfile-6299b3364ca3c.wav","mime":"audio\/x-wav","copyright":{"license":"U"}}]},{"text":" \u041a\u043e\u043c\u0430\u0440 ","startDuration":"3.3485","endDuration":"3.9097","wordfile":[{"path":"audios\/wordfile-6299b40ea26b1.wav","mime":"audio\/x-wav","copyright":{"license":"U"}}]},{"text":" \u043b\u0456\u0442\u0430\u0442\u0438? ","startDuration":"3.9107","endDuration":"4.9534","wordfile":[{"path":"audios\/wordfile-6299b4568c200.wav","mime":"audio\/x-wav","copyright":{"license":"U"}}]},{"text":" \u0422\u0430\u043a, ","startDuration":"5.1952","endDuration":"5.9369","wordfile":[{"path":"audios\/wordfile-6299b4b104a5d.wav","mime":"audio\/x-wav","copyright":{"license":"U"}}]},{"text":" \u0421\u0456\u0440\u0430 ","startDuration":"5.9372","endDuration":"6.3780","wordfile":[{"path":"audios\/wordfile-6299b605cbe20.wav","mime":"audio\/x-wav","copyright":{"license":"U"}}]},{"text":" \u0441\u043e\u0432\u0430 ","startDuration":"6.3790","endDuration":"6.9251","wordfile":[{"path":"audios\/wordfile-6299b6bb379e8.wav","mime":"audio\/x-wav","copyright":{"license":"U"}}]},{"text":" \u0456 ","startDuration":"6.9261","endDuration":"7.1261","wordfile":[{"path":"audios\/wordfile-6299b892849e4.wav","mime":"audio\/x-wav","copyright":{"license":"U"}}]},{"text":" \u041a\u043e\u043c\u0430\u0440 ","startDuration":"7.1271","endDuration":"7.7785","wordfile":[{"path":"audios\/wordfile-6299b8ba167ff.wav","mime":"audio\/x-wav","copyright":{"license":"U"}}]},{"text":" \u043c\u043e\u0436\u0443\u0442\u044c ","startDuration":"7.7795","endDuration":"8.4765","wordfile":[{"path":"audios\/wordfile-6299b99b5166f.wav","mime":"audio\/x-wav","copyright":{"license":"U"}}]},{"text":" \u043b\u0456\u0442\u0430\u0442\u0438. ","startDuration":"8.4771","endDuration":"9.3600","wordfile":[{"path":"audios\/wordfile-6299b9f9a1206.wav","mime":"audio\/x-wav","copyright":{"license":"U"}}]}]},"metadata":{"contentType":"Curious Reader Audio","license":"U","title":"Untitled Curious Reader Audio"},"subContentId":"cd0bd72f-bea1-4c96-b9b7-4544e5cd9f7d"},"backgroundOpacity":0,"willDoAnimation":false,"animationType":"glow","displayAsButton":false,"buttonSize":"big","goToSlideType":"specified","invisible":false},{"x":29.336734693877553,"y":14.357682619647354,"width":20.679012345679,"height":28.640133883255,"action":{"library":"H5P.Image 1.1","params":{"contentName":"Image"},"metadata":{"contentType":"Image","license":"U","title":"Untitled Image"},"subContentId":"33735134-4948-499a-8680-764d128eaa25"},"backgroundOpacity":0,"willDoAnimation":true,"animationType":"glow","displayAsButton":false,"buttonSize":"big","goToSlideType":"specified","invisible":false,"id":"imgcd0bd72f-bea1-4c96-b9b7-4544e5cd9f7d_3"},{"x":17.857142857142858,"y":42.79748110831235,"width":12.5,"height":19.395465994962215,"action":{"library":"H5P.Image 1.1","params":{"contentName":"Image"},"metadata":{"contentType":"Image","license":"U","title":"Untitled Image"},"subContentId":"650fcd4b-cbfc-4b71-abfb-aa6e9a241a0a"},"backgroundOpacity":0,"willDoAnimation":true,"animationType":"glow","displayAsButton":false,"buttonSize":"big","goToSlideType":"specified","invisible":false,"id":"imgcd0bd72f-bea1-4c96-b9b7-4544e5cd9f7d_7"}],"slideBackgroundSelector":{"fillSlideBackground":"#fffcec"}},{"slideBackgroundSelector":{},"elements":[{"x":57.39713855421687,"y":38.06726190476191,"width":37.65060240963856,"height":38.69047619047619,"action":{"library":"H5P.CRAdvancedText 1.1","params":{"text":"<p style=\"text-align: center;\"><span style=\"color:#ffffff;\"><span style=\"font-size:1.75em;\">\u0427\u0438 \u0432\u043c\u0456\u0454 \u0412\u0456\u0432\u0446\u044f \u043b\u0456\u0442\u0430\u0442\u0438? \u041d\u0456, \u0412\u0456\u0432\u0446\u044f \u043d\u0435 \u0432\u043c\u0456\u0454 \u043b\u0456\u0442\u0430\u0442\u0438.&nbsp;&nbsp; &nbsp;<\/span><\/span><\/p>\n"},"metadata":{"contentType":"Text","license":"U","title":"Untitled Text"},"subContentId":"29cd3e9c-4e37-4f72-94bf-31e26f4500b5"},"alwaysDisplayComments":false,"backgroundOpacity":0,"willDoAnimation":false,"animationType":"glow","displayAsButton":false,"buttonSize":"big","goToSlideType":"specified","invisible":false,"solution":""},{"x":7.653061224489796,"y":10.059823677581864,"width":44.642857142857146,"height":81.10831234256926,"action":{"library":"H5P.Image 1.1","params":{"contentName":"Image","file":{"path":"images\/file-61b10059a6585.jpg","mime":"image\/jpeg","copyright":{"license":"U"},"width":1024,"height":1104}},"metadata":{"contentType":"Image","license":"U","title":"Untitled Image"},"subContentId":"4e8a2520-9f32-416d-bd00-4393eda08bec"},"backgroundOpacity":0,"willDoAnimation":false,"animationType":"glow","displayAsButton":false,"buttonSize":"big","goToSlideType":"specified","invisible":false},{"x":47.000385802469,"y":44.000951083229,"width":40,"height":40,"action":{"library":"H5P.CRAudio 1.4","params":{"fitToWrapper":true,"currIndex":10,"playerMode":"minimalistic","controls":true,"autoplay":true,"playAudio":"Play audio","pauseAudio":"Pause audio","contentName":"Audio","glowColor":"#ffd85a","files":[{"path":"audios\/files-6271371be29a4.wav","mime":"audio\/x-wav","copyright":{"license":"U"}}],"timeStampForEachText":[{"text":" \u0427\u0438 ","startDuration":"0.0000","endDuration":"0.2667","wordfile":[{"path":"audios\/wordfile-6299bad85f4dc.wav","mime":"audio\/x-wav","copyright":{"license":"U"}}]},{"text":" \u0432\u043c\u0456\u0454 ","startDuration":"0.2677","endDuration":"0.8011","wordfile":[{"path":"audios\/wordfile-6299bb44f1f84.wav","mime":"audio\/x-wav","copyright":{"license":"U"}}]},{"text":" \u0412\u0456\u0432\u0446\u044f ","startDuration":"0.8021","endDuration":"1.2605","wordfile":[{"path":"audios\/wordfile-6299bc1ec7de7.wav","mime":"audio\/x-wav","copyright":{"license":"U"}}]},{"text":" \u043b\u0456\u0442\u0430\u0442\u0438? ","startDuration":"1.2615","endDuration":"2.2033","wordfile":[{"path":"audios\/wordfile-6299bc69a7bd6.wav","mime":"audio\/x-wav","copyright":{"license":"U"}}]},{"text":" \u041d\u0456, ","startDuration":"2.3877","endDuration":"3.0544","wordfile":[{"path":"audios\/wordfile-6299bc876bb1b.wav","mime":"audio\/x-wav","copyright":{"license":"U"}}]},{"text":" \u0412\u0456\u0432\u0446\u044f ","startDuration":"3.0554","endDuration":"3.8721","wordfile":[{"path":"audios\/wordfile-6299bce546be1.wav","mime":"audio\/x-wav","copyright":{"license":"U"}}]},{"text":" \u043d\u0435 ","startDuration":"3.8731","endDuration":"4.0731","wordfile":[{"path":"audios\/wordfile-6299bd2a3e6e2.wav","mime":"audio\/x-wav","copyright":{"license":"U"}}]},{"text":" \u0432\u043c\u0456\u0454 ","startDuration":"4.0741","endDuration":"4.5241","wordfile":[{"path":"audios\/wordfile-6299bd460c846.wav","mime":"audio\/x-wav","copyright":{"license":"U"}}]},{"text":" \u043b\u0456\u0442\u0430\u0442\u0438.\u00a0\u00a0 ","startDuration":"4.5251","endDuration":"5.1840","wordfile":[{"path":"audios\/wordfile-6299bd5920dae.wav","mime":"audio\/x-wav","copyright":{"license":"U"}}]}]},"metadata":{"contentType":"Curious Reader Audio","license":"U","title":"Untitled Curious Reader Audio"},"subContentId":"216c9749-45ba-4c4e-b38f-a1abc47bd07b"},"backgroundOpacity":0,"willDoAnimation":false,"animationType":"glow","displayAsButton":false,"buttonSize":"big","goToSlideType":"specified","invisible":false},{"x":15.306122448979592,"y":15.605314861460956,"width":26.403061224489797,"height":45.59193954659949,"action":{"library":"H5P.Image 1.1","params":{"contentName":"Image"},"metadata":{"contentType":"Image","license":"U","title":"Untitled Image"},"subContentId":"729052cc-79ac-4fca-8190-7699be490f6b"},"backgroundOpacity":0,"willDoAnimation":true,"animationType":"glow","displayAsButton":false,"buttonSize":"big","goToSlideType":"specified","invisible":false,"id":"img216c9749-45ba-4c4e-b38f-a1abc47bd07b_2"}]},{"elements":[{"x":54.846385542168676,"y":37.83244047619048,"width":37.65060240963856,"height":38.69047619047619,"action":{"library":"H5P.CRAdvancedText 1.1","params":{"text":"<p style=\"text-align: center;\"><span style=\"color:#ffffff;\"><span style=\"font-size:1.75em;\">\u0422\u0438 \u0432\u043c\u0456\u0454\u0448 \u043b\u0456\u0442\u0430\u0442\u0438? \u041c\u043e\u0436\u043b\u0438\u0432\u043e, \u043a\u043e\u043b\u0438\u0441\u044c \u0442\u0438 \u0437\u043c\u043e\u0436\u0435\u0448 \u043b\u0456\u0442\u0430\u0442\u0438. &nbsp;&nbsp; &nbsp;<\/span><\/span><\/p>\n"},"metadata":{"contentType":"Text","license":"U","title":"Untitled Text"},"subContentId":"8a0014fb-8d13-4476-bcef-a63e59e35fa8"},"alwaysDisplayComments":false,"backgroundOpacity":0,"willDoAnimation":false,"animationType":"glow","displayAsButton":false,"buttonSize":"big","goToSlideType":"specified","invisible":false,"solution":""},{"x":7.653061224489796,"y":7.556675062972292,"width":44.642857142857146,"height":84.13098236775818,"action":{"library":"H5P.Image 1.1","params":{"contentName":"Image","file":{"path":"images\/file-61b100a8081d4.jpg","mime":"image\/jpeg","copyright":{"license":"U"},"width":1024,"height":1104}},"metadata":{"contentType":"Image","license":"U","title":"Untitled Image"},"subContentId":"1005aa13-dec1-49af-886a-605a8a902138"},"backgroundOpacity":0,"willDoAnimation":false,"animationType":"glow","displayAsButton":false,"buttonSize":"big","goToSlideType":"specified","invisible":false},{"x":7.653061224489796,"y":12.586599496221663,"width":41.454081632653065,"height":49.622166246851386,"action":{"library":"H5P.Image 1.1","params":{"contentName":"Image"},"metadata":{"contentType":"Image","license":"U","title":"Untitled Image"},"subContentId":"c088173a-466e-4e4a-bf4c-0df6c75221ef"},"backgroundOpacity":0,"willDoAnimation":true,"animationType":"glow","displayAsButton":false,"buttonSize":"big","goToSlideType":"specified","invisible":false,"id":"img93cfbeb5-0a4c-476a-96b1-459106228240_2"},{"x":47.00255102040816,"y":43.95465994962216,"width":40,"height":40,"action":{"library":"H5P.CRAudio 1.4","params":{"fitToWrapper":true,"currIndex":11,"playerMode":"minimalistic","controls":true,"autoplay":true,"playAudio":"Play audio","pauseAudio":"Pause audio","contentName":"Audio","glowColor":"#ffd85a","files":[{"path":"audios\/files-6299be1a5be7d.wav","mime":"audio\/x-wav","copyright":{"license":"U"}}],"timeStampForEachText":[{"text":" \u0422\u0438 ","startDuration":"0.0000","endDuration":"0.3043","wordfile":[{"path":"audios\/wordfile-6299be9e63dcb.wav","mime":"audio\/x-wav","copyright":{"license":"U"}}]},{"text":" \u0432\u043c\u0456\u0454\u0448 ","startDuration":"0.3053","endDuration":"0.6542","wordfile":[{"path":"audios\/wordfile-6299bedaba7ce.wav","mime":"audio\/x-wav","copyright":{"license":"U"}}]},{"text":" \u043b\u0456\u0442\u0430\u0442\u0438? ","startDuration":"0.6552","endDuration":"1.5105","wordfile":[{"path":"audios\/wordfile-6299bf37bbce3.wav","mime":"audio\/x-wav","copyright":{"license":"U"}}]},{"text":" \u041c\u043e\u0436\u043b\u0438\u0432\u043e, ","startDuration":"1.8243","endDuration":"2.6796","wordfile":[{"path":"audios\/wordfile-6299bf5202451.wav","mime":"audio\/x-wav","copyright":{"license":"U"}}]},{"text":" \u043a\u043e\u043b\u0438\u0441\u044c ","startDuration":"2.6806","endDuration":"3.1189","wordfile":[{"path":"audios\/wordfile-6299bfdfb0418.wav","mime":"audio\/x-wav","copyright":{"license":"U"}}]},{"text":" \u0442\u0438 ","startDuration":"3.1199","endDuration":"3.2678","wordfile":[{"path":"audios\/wordfile-6299c0087f38f.wav","mime":"audio\/x-wav","copyright":{"license":"U"}}]},{"text":" \u0437\u043c\u043e\u0436\u0435\u0448 ","startDuration":"3.2688","endDuration":"3.9082","wordfile":[{"path":"audios\/wordfile-6299c0b75bddf.wav","mime":"audio\/x-wav","copyright":{"license":"U"}}]},{"text":" \u043b\u0456\u0442\u0430\u0442\u0438. ","startDuration":"3.9092","endDuration":"4.6320","wordfile":[{"path":"audios\/wordfile-6299c0f50ee16.wav","mime":"audio\/x-wav","copyright":{"license":"U"}}]}]},"subContentId":"93cfbeb5-0a4c-476a-96b1-459106228240","metadata":{"contentType":"Curious Reader Audio","license":"U","title":"Untitled Curious Reader Audio"}},"backgroundOpacity":0,"willDoAnimation":false,"animationType":"glow","displayAsButton":false,"buttonSize":"big","goToSlideType":"specified","invisible":false}],"slideBackgroundSelector":{}},{"elements":[{"x":11.76470588235294,"y":82.47422680412372,"width":76.60130718954248,"height":13.917525773195877,"action":{"library":"H5P.CRAdvancedText 1.1","params":{"text":"<p style=\"text-align: center;\"><span style=\"color:#ffffff;\"><span style=\"font-size:1.75em;\">\u041c\u0435\u043d\u0456 \u0442\u0435\u0436 \u0445\u043e\u0442\u0456\u043b\u043e\u0441\u044f \u0431 \u043b\u0456\u0442\u0430\u0442\u0438.<\/span><\/span><\/p>\n"},"metadata":{"contentType":"Text","license":"U","title":"Untitled Text"},"subContentId":"e8e343fc-f780-4553-973d-06eb45efbd2a"},"alwaysDisplayComments":false,"backgroundOpacity":0,"willDoAnimation":false,"animationType":"glow","displayAsButton":false,"buttonSize":"big","goToSlideType":"specified","invisible":false,"solution":""},{"x":23.611111111111,"y":12.193374729841,"width":53.199691358025,"height":68.573405640045,"action":{"library":"H5P.Image 1.1","params":{"contentName":"Image","file":{"path":"images\/file-61b101017a9d3.jpg","mime":"image\/jpeg","copyright":{"license":"U"},"width":1024,"height":735}},"metadata":{"contentType":"Image","license":"U","title":"Untitled Image"},"subContentId":"4f8f0762-5d11-479a-ba62-091bde40c6de"},"backgroundOpacity":0,"willDoAnimation":false,"animationType":"glow","displayAsButton":false,"buttonSize":"big","goToSlideType":"specified","invisible":false},{"x":92.59259259259258,"y":2.2831050228310503,"width":40,"height":40,"action":{"library":"H5P.CRAudio 1.4","params":{"fitToWrapper":true,"currIndex":12,"playerMode":"minimalistic","controls":true,"autoplay":true,"playAudio":"Play audio","pauseAudio":"Pause audio","contentName":"Audio","glowColor":"#ffd85a","files":[{"path":"audios\/files-6299c138bff7f.wav","mime":"audio\/x-wav","copyright":{"license":"U"}}],"timeStampForEachText":[{"text":" \u041c\u0435\u043d\u0456 ","startDuration":"0.0000","endDuration":"0.5584","wordfile":[{"path":"audios\/wordfile-6299c175d7ea6.wav","mime":"audio\/x-wav","copyright":{"license":"U"}}]},{"text":" \u0442\u0435\u0436 ","startDuration":"0.5594","endDuration":"0.9594","wordfile":[{"path":"audios\/wordfile-6299c1a46bb3b.wav","mime":"audio\/x-wav","copyright":{"license":"U"}}]},{"text":" \u0445\u043e\u0442\u0456\u043b\u043e\u0441\u044f ","startDuration":"0.9604","endDuration":"1.7313","wordfile":[{"path":"audios\/wordfile-6299c1d10534c.wav","mime":"audio\/x-wav","copyright":{"license":"U"}}]},{"text":" \u0431 ","startDuration":"1.7281","endDuration":"1.8314","wordfile":[{"path":"audios\/wordfile-6299c1e161a55.wav","mime":"audio\/x-wav","copyright":{"license":"U"}}]},{"text":" \u043b\u0456\u0442\u0430\u0442\u0438. ","startDuration":"1.8320","endDuration":"2.5920","wordfile":[{"path":"audios\/wordfile-6299c2138bdf2.wav","mime":"audio\/x-wav","copyright":{"license":"U"}}]}]},"metadata":{"contentType":"Curious Reader Audio","license":"U","title":"Untitled Curious Reader Audio"},"subContentId":"312c0d5f-f4ee-4a50-afdc-31cc2f91ffae"},"backgroundOpacity":0,"willDoAnimation":false,"animationType":"glow","displayAsButton":false,"buttonSize":"big","goToSlideType":"specified","invisible":false},{"x":35.493827160494,"y":36.57524683963,"width":17.592592592593,"height":37.79001179709,"action":{"library":"H5P.Image 1.1","params":{"contentName":"Image"},"metadata":{"contentType":"Image","license":"U","title":"Untitled Image"},"subContentId":"1ef6a190-4488-4a85-9d26-5de83d5dc20f"},"backgroundOpacity":0,"willDoAnimation":true,"animationType":"glow","displayAsButton":false,"buttonSize":"big","goToSlideType":"specified","invisible":false,"id":"img312c0d5f-f4ee-4a50-afdc-31cc2f91ffae_0"},{"x":43.20987654321,"y":12.183863897551,"width":17.445524691358,"height":28.654430615125,"action":{"library":"H5P.Image 1.1","params":{"contentName":"Image"},"metadata":{"contentType":"Image","license":"U","title":"Untitled Image"},"subContentId":"ddc6b311-0ff4-4f6f-84e7-f3798c88c882"},"backgroundOpacity":0,"willDoAnimation":true,"animationType":"glow","displayAsButton":false,"buttonSize":"big","goToSlideType":"specified","invisible":false,"id":"img312c0d5f-f4ee-4a50-afdc-31cc2f91ffae_4"}],"slideBackgroundSelector":{"fillSlideBackground":"#fef6fc"}},{"elements":[{"x":3.826530612244898,"y":7.552745591939547,"width":20.408163265306122,"height":14.609571788413097,"action":{"library":"H5P.Image 1.1","params":{"contentName":"Image","file":{"path":"images\/file-61fb296cf2c04.png","mime":"image\/png","copyright":{"license":"U"},"width":1350,"height":487}},"metadata":{"contentType":"Image","license":"U","title":"Untitled Image"},"subContentId":"15d9b169-6ee6-475c-bbf0-d7ed235100e0"},"backgroundOpacity":0,"willDoAnimation":false,"animationType":"glow","displayAsButton":false,"buttonSize":"big","goToSlideType":"specified","invisible":false},{"x":35.714285714285715,"y":7.550780856423174,"width":25.510204081632654,"height":13.853904282115868,"action":{"library":"H5P.Image 1.1","params":{"contentName":"Image","file":{"path":"images\/file-61fb29a5596cb.png","mime":"image\/png","copyright":{"license":"U"},"width":814,"height":202}},"metadata":{"contentType":"Image","license":"U","title":"Untitled Image"},"subContentId":"37266730-9e27-464b-87d3-01979a2ffec5"},"backgroundOpacity":0,"willDoAnimation":false,"animationType":"glow","displayAsButton":false,"buttonSize":"big","goToSlideType":"specified","invisible":false},{"x":67.60204081632654,"y":8.816120906801007,"width":31.365740740740737,"height":12.557077625570777,"action":{"library":"H5P.Image 1.1","params":{"contentName":"Image","file":{"path":"images\/file-61fb28cb969ac.jpg","mime":"image\/jpeg","copyright":{"license":"U"},"width":1732,"height":354}},"metadata":{"contentType":"Image","license":"U","title":"Untitled Image"},"subContentId":"f3149b91-a0bb-4feb-b99c-2a63ea716183"},"backgroundOpacity":0,"willDoAnimation":false,"animationType":"glow","displayAsButton":false,"buttonSize":"big","goToSlideType":"specified","invisible":false},{"x":6.377551020408164,"y":35.26448362720403,"width":91.83673469387756,"height":54.15617128463476,"action":{"library":"H5P.CRAdvancedText 1.1","params":{"text":"<h3 style=\"text-align: center;\"><span style=\"font-size:1.125em;\"><strong>\"\u0414\u0430\u0432\u0430\u0439 \u043b\u0456\u0442\u0430\u0442\u0438\" credits<\/strong><\/span><\/h3>\n\n<h3 style=\"text-align: center;\"><span style=\"font-size:1em;\">This work, \"\u0414\u0430\u0432\u0430\u0439 \u043b\u0456\u0442\u0430\u0442\u0438\", is a derivative of \"Let's Fly!\"<\/span>&nbsp;by All Children Reading Cambodia. \u00a9 The Asia Foundation , 2018 and <span style=\"font-size:1em;\">used under CC BY<\/span>.<span style=\"font-size:1em;\">&nbsp;\"\u0414\u0430\u0432\u0430\u0439 \u043b\u0456\u0442\u0430\u0442\u0438\" is licensed under CC BY 4.0 by Curious Learning.<\/span><\/h3>\n\n<h3 style=\"text-align: center;\"><br>\n<span style=\"font-size:1em;\">Book builder - Deborah Oduman<\/span><\/h3>\n\n<p style=\"text-align: center;\">&nbsp;<\/p>\n"},"metadata":{"contentType":"Text","license":"U","title":"Untitled Text"},"subContentId":"a6cb9de8-2cab-407f-a6eb-cd6ba18ebc73"},"alwaysDisplayComments":false,"backgroundOpacity":0,"willDoAnimation":false,"animationType":"glow","displayAsButton":false,"buttonSize":"big","goToSlideType":"specified","invisible":false,"solution":""}],"slideBackgroundSelector":{}}],"keywordListEnabled":true,"globalBackgroundSelector":{"fillGlobalBackground":"#fbfef0"},"keywordListAlwaysShow":false,"keywordListAutoHide":false,"keywordListOpacity":90},"override":{"activeSurface":false,"hideSummarySlide":false,"summarySlideSolutionButton":true,"summarySlideRetryButton":true,"enablePrintButton":false,"social":{"showFacebookShare":false,"facebookShare":{"url":"@currentpageurl","quote":"I scored @score out of @maxScore on a task at @currentpageurl."},"showTwitterShare":false,"twitterShare":{"statement":"I scored @score out of @maxScore on a task at @currentpageurl.","url":"@currentpageurl","hashtags":"h5p, course"},"showGoogleShare":false,"googleShareUrl":"@currentpageurl"}},"l10n":{"slide":"Slide","score":"Score","yourScore":"Your Score","maxScore":"Max Score","total":"Total","totalScore":"Total Score","showSolutions":"Show solutions","retry":"Retry","exportAnswers":"Export text","hideKeywords":"Hide sidebar navigation menu","showKeywords":"Show sidebar navigation menu","fullscreen":"Fullscreen","exitFullscreen":"Exit fullscreen","prevSlide":"Previous slide","nextSlide":"Next slide","currentSlide":"Current slide","lastSlide":"Last slide","solutionModeTitle":"Exit solution mode","solutionModeText":"Solution Mode","summaryMultipleTaskText":"Multiple tasks","scoreMessage":"You achieved:","shareFacebook":"Share on Facebook","shareTwitter":"Share on Twitter","shareGoogle":"Share on Google+","summary":"Summary","solutionsButtonTitle":"Show comments","printTitle":"Print","printIngress":"How would you like to print this presentation?","printAllSlides":"Print all slides","printCurrentSlide":"Print current slide","noTitle":"No title","accessibilitySlideNavigationExplanation":"Use left and right arrow to change slide in that direction whenever canvas is selected.","accessibilityCanvasLabel":"Presentation canvas. Use left and right arrow to move between slides.","containsNotCompleted":"@slideName contains not completed interaction","containsCompleted":"@slideName contains completed interaction","slideCount":"Slide @index of @total","containsOnlyCorrect":"@slideName only has correct answers","containsIncorrectAnswers":"@slideName has incorrect answers","shareResult":"Share Result","accessibilityTotalScore":"You got @score of @maxScore points in total","accessibilityEnteredFullscreen":"Entered fullscreen","accessibilityExitedFullscreen":"Exited fullscreen"}}