{"presentation":{"slides":[{"elements":[{"x":11.982570806100219,"y":83.87096774193547,"width":78.86710239651417,"height":15.053763440860214,"action":{"library":"H5P.CRAdvancedText 1.1","params":{"text":"<h2 dir=\"ltr\" style=\"text-align: center;\"><span style=\"font-size:2.25em;\">\u0915\u094d\u0930\u0940\u095c\u093e\u0938\u094d\u0925\u0932<\/span><\/h2>\n"},"subContentId":"90697ea5-581d-4cce-b8d5-c3e964c80fe3","metadata":{"contentType":"Text","license":"U","title":"Untitled Text"}},"alwaysDisplayComments":false,"backgroundOpacity":0,"willDoAnimation":false,"animationType":"glow","displayAsButton":false,"buttonSize":"big","goToSlideType":"specified","invisible":false,"solution":""},{"x":3.2679738562091507,"y":4.29436559139785,"width":91.28540305010894,"height":77.41935483870967,"action":{"library":"H5P.Image 1.1","params":{"contentName":"Image","file":{"path":"images\/file-65771e0ae63e0.jpg","mime":"image\/jpeg","copyright":{"license":"U"},"width":1024,"height":490}},"subContentId":"4b5f1fe6-22a7-4ade-bfe5-6c2a6969447d","metadata":{"contentType":"Image","license":"U","title":"Untitled Image"}},"backgroundOpacity":0,"willDoAnimation":false,"animationType":"glow","displayAsButton":false,"buttonSize":"big","goToSlideType":"specified","invisible":false}],"slideBackgroundSelector":{}},{"elements":[{"x":7.625272331154684,"y":2.150537634408602,"width":39.97821350762527,"height":95.69892473118279,"action":{"library":"H5P.Image 1.1","params":{"contentName":"Image","file":{"path":"images\/file-6577290f7836f.jpeg","mime":"image\/jpeg","copyright":{"license":"U"},"width":1024,"height":1472}},"subContentId":"476fadde-9027-4ab4-aca7-b46b802384a1","metadata":{"contentType":"Image","license":"U","title":"Untitled Image"}},"backgroundOpacity":0,"willDoAnimation":false,"animationType":"glow","displayAsButton":false,"buttonSize":"big","goToSlideType":"specified","invisible":false},{"x":45.91836734693878,"y":50.377833753148614,"width":48.97959183673469,"height":27.455919395465994,"action":{"library":"H5P.CRAdvancedText 1.1","params":{"text":"<p dir=\"ltr\" style=\"text-align: center;\"><span style=\"color:#ffffff;\"><span style=\"font-size:2.25em;\">&nbsp;\u0939\u092e \u0915\u094d\u0930\u0940\u095c\u093e\u0902\u0917\u0923 \u092e\u0947\u0902 \u091c\u093e\u0928\u093e \u091a\u093e\u0939\u0924\u0947 \u0939\u0948\u0902\u0964<\/span><\/span><\/p>\n"},"subContentId":"4a13a470-f3c0-45b7-bbb6-948224693b56","metadata":{"contentType":"Text","license":"U","title":"Untitled Text"}},"alwaysDisplayComments":false,"backgroundOpacity":0,"willDoAnimation":false,"animationType":"glow","displayAsButton":false,"buttonSize":"big","goToSlideType":"specified","invisible":false,"solution":""},{"x":47.00255102040816,"y":43.95465994962216,"width":40,"height":40,"action":{"library":"H5P.CRAudio 1.4","params":{"fitToWrapper":true,"currIndex":1,"playerMode":"minimalistic","controls":true,"autoplay":true,"playAudio":"Play audio","pauseAudio":"Pause audio","contentName":"Audio","glowColor":"#ffd85a","timeStampForEachText":[{"text":" \u00a0\u0939\u092e ","startDuration":"0.0000","endDuration":"0.7206","wordfile":[{"path":"audios\/wordfile-65fa046b8cd3a.wav","mime":"audio\/x-wav","copyright":{"license":"U"}}]},{"text":" \u0915\u094d\u0930\u0940\u095c\u093e\u0902\u0917\u0923 ","startDuration":"0.7216","endDuration":"1.4146","wordfile":[{"path":"audios\/wordfile-65fa04ac21ef1.wav","mime":"audio\/x-wav","copyright":{"license":"U"}}]},{"text":" \u092e\u0947\u0902 ","startDuration":"1.4156","endDuration":"1.6156","wordfile":[{"path":"audios\/wordfile-65fa04c0c3507.wav","mime":"audio\/x-wav","copyright":{"license":"U"}}]},{"text":" \u091c\u093e\u0928\u093e ","startDuration":"1.6166","endDuration":"2.0099","wordfile":[{"path":"audios\/wordfile-65fa04e39997a.wav","mime":"audio\/x-wav","copyright":{"license":"U"}}]},{"text":" \u091a\u093e\u0939\u0924\u0947 ","startDuration":"2.0109","endDuration":"2.4673","wordfile":[{"path":"audios\/wordfile-65fa054523d32.wav","mime":"audio\/x-wav","copyright":{"license":"U"}}]},{"text":" \u0939\u0948\u0902\u0964 ","startDuration":"2.4683","endDuration":"2.9266","wordfile":[{"path":"audios\/wordfile-65fa05550ee47.wav","mime":"audio\/x-wav","copyright":{"license":"U"}}]}],"files":[{"path":"audios\/files-65fa03b953415.wav","mime":"audio\/x-wav","copyright":{"license":"U"}}]},"subContentId":"079745e9-4be1-46dc-ab00-3201cba83b83","metadata":{"contentType":"Curious Reader Audio","license":"U","title":"Untitled Curious Reader Audio"}},"backgroundOpacity":0,"willDoAnimation":false,"animationType":"glow","displayAsButton":false,"buttonSize":"big","goToSlideType":"specified","invisible":false},{"x":21.683673469387756,"y":40.27858942065492,"width":23.852040816326532,"height":26.952141057934508,"action":{"library":"H5P.Image 1.1","params":{"contentName":"Image"},"subContentId":"b595be27-6573-4b8b-81aa-040423c94934","metadata":{"contentType":"Image","license":"U","title":"Untitled Image"}},"backgroundOpacity":0,"willDoAnimation":true,"animationType":"glow","displayAsButton":false,"buttonSize":"big","goToSlideType":"specified","invisible":false,"id":"img079745e9-4be1-46dc-ab00-3201cba83b83_1"},{"x":11.479591836734695,"y":32.7455919395466,"width":21.301020408163264,"height":47.10327455919395,"action":{"library":"H5P.Image 1.1","params":{"contentName":"Image"},"subContentId":"635f8753-b78c-431e-b23b-5b09d9e284e1","metadata":{"contentType":"Image","license":"U","title":"Untitled Image"}},"backgroundOpacity":0,"willDoAnimation":true,"animationType":"glow","displayAsButton":false,"buttonSize":"big","goToSlideType":"specified","invisible":false,"id":"img079745e9-4be1-46dc-ab00-3201cba83b83_0"}],"slideBackgroundSelector":{}},{"elements":[{"x":43.57298474945534,"y":40.86021505376344,"width":54.46623093681917,"height":40.86021505376344,"action":{"library":"H5P.CRAdvancedText 1.1","params":{"text":"<p dir=\"ltr\" style=\"text-align: center;\"><span style=\"color:#ffffff;\"><span style=\"font-size:2.25em;\">&nbsp;\u0939\u092e \u0935\u0939\u093e\u0902 \u0915\u0948\u0938\u0947 \u092a\u0939\u0941\u0902\u091a\u0947 \u0938\u0915\u0924\u0947 \u0939\u0948?<\/span><\/span><\/p>\n"},"subContentId":"2994eb57-730b-4fd4-9251-e065d99b0ad4","metadata":{"contentType":"Text","license":"U","title":"Untitled Text"}},"alwaysDisplayComments":false,"backgroundOpacity":0,"willDoAnimation":false,"animationType":"glow","displayAsButton":false,"buttonSize":"big","goToSlideType":"specified","invisible":false,"solution":""},{"x":5.446623093681917,"y":2.150537634408602,"width":39.97821350762527,"height":95.69892473118279,"action":{"library":"H5P.Image 1.1","params":{"contentName":"Image","file":{"path":"images\/file-65771ef884e6f.jpg","mime":"image\/jpeg","copyright":{"license":"U"},"width":1024,"height":1472}},"subContentId":"9331eab1-1659-4721-afea-f39be84615c0","metadata":{"contentType":"Image","license":"U","title":"Untitled Image"}},"backgroundOpacity":0,"willDoAnimation":false,"animationType":"glow","displayAsButton":false,"buttonSize":"big","goToSlideType":"specified","invisible":false},{"x":47.00255102040816,"y":43.95465994962216,"width":40,"height":40,"action":{"library":"H5P.CRAudio 1.4","params":{"fitToWrapper":true,"currIndex":2,"playerMode":"minimalistic","controls":true,"autoplay":true,"playAudio":"Play audio","pauseAudio":"Pause audio","contentName":"Audio","glowColor":"#ffd85a","timeStampForEachText":[{"text":" \u00a0\u0939\u092e ","startDuration":"0.0000","endDuration":"0.6077","wordfile":[{"path":"audios\/wordfile-65fa19629cdfa.wav","mime":"audio\/x-wav","copyright":{"license":"U"}}]},{"text":" \u0935\u0939\u093e\u0902 ","startDuration":"0.6087","endDuration":"0.8604","wordfile":[{"path":"audios\/wordfile-65fa1993f3236.wav","mime":"audio\/x-wav","copyright":{"license":"U"}}]},{"text":" \u0915\u0948\u0938\u0947 ","startDuration":"0.8614","endDuration":"1.2348","wordfile":[{"path":"audios\/wordfile-65fa19c0326c6.wav","mime":"audio\/x-wav","copyright":{"license":"U"}}]},{"text":" \u092a\u0939\u0941\u0902\u091a\u0947 ","startDuration":"1.2358","endDuration":"1.4571","wordfile":[{"path":"audios\/wordfile-65fa1a078a568.wav","mime":"audio\/x-wav","copyright":{"license":"U"}}]},{"text":" \u0938\u0915\u0924\u0947 ","startDuration":"1.4581","endDuration":"1.8619","wordfile":[{"path":"audios\/wordfile-65fa1a3eb319b.wav","mime":"audio\/x-wav","copyright":{"license":"U"}}]},{"text":" \u0939\u0948? ","startDuration":"1.8629","endDuration":"2.2573","wordfile":[{"path":"audios\/wordfile-65fa1a5b07044.wav","mime":"audio\/x-wav","copyright":{"license":"U"}}]}],"files":[{"path":"audios\/files-65fa18ee18b55.wav","mime":"audio\/x-wav","copyright":{"license":"U"}}]},"subContentId":"cdedb97c-d65a-4972-9107-9bef53d6f0df","metadata":{"contentType":"Curious Reader Audio","license":"U","title":"Untitled Curious Reader Audio"}},"backgroundOpacity":0,"willDoAnimation":false,"animationType":"glow","displayAsButton":false,"buttonSize":"big","goToSlideType":"specified","invisible":false},{"x":8.928571428571429,"y":32.7455919395466,"width":32.525510204081634,"height":54.659949622166245,"action":{"library":"H5P.Image 1.1","params":{"contentName":"Image"},"subContentId":"64f89912-7050-4338-8cde-a982481b4f33","metadata":{"contentType":"Image","license":"U","title":"Untitled Image"}},"backgroundOpacity":0,"willDoAnimation":true,"animationType":"glow","displayAsButton":false,"buttonSize":"big","goToSlideType":"specified","invisible":false,"id":"imgcdedb97c-d65a-4972-9107-9bef53d6f0df_2"},{"x":8.928571428571429,"y":32.71612090680101,"width":32.78061224489796,"height":54.659949622166245,"action":{"library":"H5P.Image 1.1","params":{"contentName":"Image"},"subContentId":"bea04942-fa15-4464-b070-cb75961e0247","metadata":{"contentType":"Image","license":"U","title":"Untitled Image"}},"backgroundOpacity":0,"willDoAnimation":true,"animationType":"glow","displayAsButton":false,"buttonSize":"big","goToSlideType":"specified","invisible":false,"id":"imgcdedb97c-d65a-4972-9107-9bef53d6f0df_3"},{"x":8.928571428571429,"y":35.23501259445844,"width":32.78061224489796,"height":52.141057934508815,"action":{"library":"H5P.Image 1.1","params":{"contentName":"Image"},"subContentId":"a600ca28-29ef-41d4-b066-6d20e28b4e55","metadata":{"contentType":"Image","license":"U","title":"Untitled Image"}},"backgroundOpacity":0,"willDoAnimation":true,"animationType":"glow","displayAsButton":false,"buttonSize":"big","goToSlideType":"specified","invisible":false,"id":"imgcdedb97c-d65a-4972-9107-9bef53d6f0df_4"},{"x":7.653061224489796,"y":37.75390428211587,"width":34.05612244897959,"height":52.141057934508815,"action":{"library":"H5P.Image 1.1","params":{"contentName":"Image"},"subContentId":"effada44-df85-4db4-9691-e566a0691743","metadata":{"contentType":"Image","license":"U","title":"Untitled Image"}},"backgroundOpacity":0,"willDoAnimation":true,"animationType":"glow","displayAsButton":false,"buttonSize":"big","goToSlideType":"specified","invisible":false,"id":"imgcdedb97c-d65a-4972-9107-9bef53d6f0df_5"}],"slideBackgroundSelector":{}},{"elements":[{"x":6.5359477124183005,"y":2.150537634408602,"width":39.97821350762527,"height":95.69892473118279,"action":{"library":"H5P.Image 1.1","params":{"contentName":"Image","file":{"path":"images\/file-65772c8628500.jpg","mime":"image\/jpeg","copyright":{"license":"U"},"width":1024,"height":1472}},"subContentId":"2f88d6e3-5665-4070-aed0-828e48dd7710","metadata":{"contentType":"Image","license":"U","title":"Untitled Image"}},"backgroundOpacity":0,"willDoAnimation":false,"animationType":"glow","displayAsButton":false,"buttonSize":"big","goToSlideType":"specified","invisible":false},{"x":45.91836734693878,"y":47.858942065491185,"width":51.02040816326531,"height":38.287153652392945,"action":{"library":"H5P.CRAdvancedText 1.1","params":{"text":"<p dir=\"ltr\" style=\"text-align: center;\"><span style=\"color:#ffffff;\"><span style=\"font-size:2.25em;\">\u0939\u092e \u0938\u093e\u0907\u0915\u093f\u0932 \u091a\u0932\u093e\u0915\u0930 \u091c\u093e \u0938\u0915\u0924\u0947 \u0925\u0947\u0964<\/span><\/span><\/p>\n"},"subContentId":"f51953f7-a46d-4f4d-acca-e11882a3527e","metadata":{"contentType":"Text","license":"U","title":"Untitled Text"}},"alwaysDisplayComments":false,"backgroundOpacity":0,"willDoAnimation":false,"animationType":"glow","displayAsButton":false,"buttonSize":"big","goToSlideType":"specified","invisible":false,"solution":""},{"x":47.00255102040816,"y":43.95465994962216,"width":40,"height":40,"action":{"library":"H5P.CRAudio 1.4","params":{"fitToWrapper":true,"currIndex":3,"playerMode":"minimalistic","controls":true,"autoplay":true,"playAudio":"Play audio","pauseAudio":"Pause audio","contentName":"Audio","glowColor":"#ffd85a","timeStampForEachText":[{"text":" \u0939\u092e ","startDuration":"0.0000","endDuration":"0.3264","wordfile":[{"path":"audios\/wordfile-65fa1be9e2ac1.wav","mime":"audio\/x-wav","copyright":{"license":"U"}}]},{"text":" \u0938\u093e\u0907\u0915\u093f\u0932 ","startDuration":"0.3274","endDuration":"0.8995","wordfile":[{"path":"audios\/wordfile-65fa1c2554d07.wav","mime":"audio\/x-wav","copyright":{"license":"U"}}]},{"text":" \u091a\u0932\u093e\u0915\u0930 ","startDuration":"0.9005","endDuration":"1.4329","wordfile":[{"path":"audios\/wordfile-65fa1ca613240.wav","mime":"audio\/x-wav","copyright":{"license":"U"}}]},{"text":" \u091c\u093e ","startDuration":"1.4339","endDuration":"1.6736","wordfile":[{"path":"audios\/wordfile-65fa1cc277dbf.wav","mime":"audio\/x-wav","copyright":{"license":"U"}}]},{"text":" \u0938\u0915\u0924\u0947 ","startDuration":"1.6746","endDuration":"2.0299","wordfile":[{"path":"audios\/wordfile-65fa1cdfb386e.wav","mime":"audio\/x-wav","copyright":{"license":"U"}}]},{"text":" \u0925\u0947\u0964 ","startDuration":"2.0309","endDuration":"2.6805","wordfile":[{"path":"audios\/wordfile-65fa1d70de45d.wav","mime":"audio\/x-wav","copyright":{"license":"U"}}]}],"files":[{"path":"audios\/files-65fa1bbe2462a.wav","mime":"audio\/x-wav","copyright":{"license":"U"}}]},"subContentId":"176c5eec-1605-4931-89bb-42d0a870aedd","metadata":{"contentType":"Curious Reader Audio","license":"U","title":"Untitled Curious Reader Audio"}},"backgroundOpacity":0,"willDoAnimation":false,"animationType":"glow","displayAsButton":false,"buttonSize":"big","goToSlideType":"specified","invisible":false},{"x":10.204081632653061,"y":52.855415617128465,"width":31.505102040816325,"height":39.54659949622166,"action":{"library":"H5P.Image 1.1","params":{"contentName":"Image"},"subContentId":"bd09d6c5-d054-4f94-90b9-2f567338dc02","metadata":{"contentType":"Image","license":"U","title":"Untitled Image"}},"backgroundOpacity":0,"willDoAnimation":true,"animationType":"glow","displayAsButton":false,"buttonSize":"big","goToSlideType":"specified","invisible":false,"id":"img176c5eec-1605-4931-89bb-42d0a870aedd_1"}],"slideBackgroundSelector":{}},{"elements":[{"x":5.446623093681917,"y":2.150537634408602,"width":39.97821350762527,"height":95.69892473118279,"action":{"library":"H5P.Image 1.1","params":{"contentName":"Image","file":{"path":"images\/file-65772f77b3a8c.jpg","mime":"image\/jpeg","copyright":{"license":"U"},"width":1024,"height":1472}},"subContentId":"9e8dd059-c7c6-4dc2-87f8-888317d00cd9","metadata":{"contentType":"Image","license":"U","title":"Untitled Image"}},"backgroundOpacity":0,"willDoAnimation":false,"animationType":"glow","displayAsButton":false,"buttonSize":"big","goToSlideType":"specified","invisible":false},{"x":43.36734693877551,"y":42.809319899244336,"width":52.423469387755105,"height":35.012594458438286,"action":{"library":"H5P.CRAdvancedText 1.1","params":{"text":"<p dir=\"ltr\" style=\"text-align: center;\"><span style=\"color:#ffffff;\"><span style=\"font-size:2.25em;\">\u0939\u092e \u092e\u094b\u091f\u0930\u0938\u093e\u0907\u0915\u093f\u0932 \u091a\u0932\u093e\u0915\u0930 \u091c\u093e \u0938\u0915\u0924\u0947 \u0925\u0947\u0964<\/span><\/span><\/p>\n"},"subContentId":"40d5f0d4-ed28-4cc2-95ab-35c06610684c","metadata":{"contentType":"Text","license":"U","title":"Untitled Text"}},"alwaysDisplayComments":false,"backgroundOpacity":0,"willDoAnimation":false,"animationType":"glow","displayAsButton":false,"buttonSize":"big","goToSlideType":"specified","invisible":false,"solution":""},{"x":47.00255102040816,"y":43.95465994962216,"width":40,"height":40,"action":{"library":"H5P.CRAudio 1.4","params":{"fitToWrapper":true,"currIndex":4,"playerMode":"minimalistic","controls":true,"autoplay":true,"playAudio":"Play audio","pauseAudio":"Pause audio","contentName":"Audio","glowColor":"#ffd85a","timeStampForEachText":[{"text":" \u0939\u092e ","startDuration":"0.0000","endDuration":"0.2975","wordfile":[{"path":"audios\/wordfile-65fa1dbc4865a.wav","mime":"audio\/x-wav","copyright":{"license":"U"}}]},{"text":" \u092e\u094b\u091f\u0930\u0938\u093e\u0907\u0915\u093f\u0932 ","startDuration":"0.2985","endDuration":"1.1452","wordfile":[{"path":"audios\/wordfile-65fa1dd89e8a8.wav","mime":"audio\/x-wav","copyright":{"license":"U"}}]},{"text":" \u091a\u0932\u093e\u0915\u0930 ","startDuration":"1.1452","endDuration":"1.6135","wordfile":[{"path":"audios\/wordfile-65fa1e1562f8a.wav","mime":"audio\/x-wav","copyright":{"license":"U"}}]},{"text":" \u091c\u093e ","startDuration":"1.6145","endDuration":"1.8145","wordfile":[{"path":"audios\/wordfile-65fa1e76167ec.wav","mime":"audio\/x-wav","copyright":{"license":"U"}}]},{"text":" \u0938\u0915\u0924\u0947 ","startDuration":"1.8155","endDuration":"2.1853","wordfile":[{"path":"audios\/wordfile-65fa1e8cf0df7.wav","mime":"audio\/x-wav","copyright":{"license":"U"}}]},{"text":" \u0925\u0947\u0964 ","startDuration":"2.1863","endDuration":"2.5453","wordfile":[{"path":"audios\/wordfile-65fa1ea8f2633.wav","mime":"audio\/x-wav","copyright":{"license":"U"}}]}],"files":[{"path":"audios\/files-65fa1d954f925.wav","mime":"audio\/x-wav","copyright":{"license":"U"}}]},"subContentId":"0d51e25d-96bc-4786-bdc6-6e8e2958494d","metadata":{"contentType":"Curious Reader Audio","license":"U","title":"Untitled Curious Reader Audio"}},"backgroundOpacity":0,"willDoAnimation":false,"animationType":"glow","displayAsButton":false,"buttonSize":"big","goToSlideType":"specified","invisible":false},{"x":8.928571428571429,"y":47.83148614609571,"width":28.95408163265306,"height":40.050377833753146,"action":{"library":"H5P.Image 1.1","params":{"contentName":"Image"},"subContentId":"ec15d605-f697-4e03-b5a0-639ce42f3e34","metadata":{"contentType":"Image","license":"U","title":"Untitled Image"}},"backgroundOpacity":0,"willDoAnimation":true,"animationType":"glow","displayAsButton":false,"buttonSize":"big","goToSlideType":"specified","invisible":false,"id":"img0d51e25d-96bc-4786-bdc6-6e8e2958494d_1"}],"slideBackgroundSelector":{}},{"elements":[{"x":6.5359477124183005,"y":4.301075268817204,"width":39.97821350762527,"height":91.39784946236558,"action":{"library":"H5P.Image 1.1","params":{"contentName":"Image","file":{"path":"images\/file-65772fd79f9c5.jpg","mime":"image\/jpeg","copyright":{"license":"U"},"width":1024,"height":1472}},"subContentId":"c56cffc0-138a-4145-a44b-dba09817e313","metadata":{"contentType":"Image","license":"U","title":"Untitled Image"}},"backgroundOpacity":0,"willDoAnimation":false,"animationType":"glow","displayAsButton":false,"buttonSize":"big","goToSlideType":"specified","invisible":false},{"x":43.36734693877551,"y":40.30226700251889,"width":51.14795918367347,"height":35.012594458438286,"action":{"library":"H5P.CRAdvancedText 1.1","params":{"text":"<p dir=\"ltr\" style=\"text-align: center;\"><span style=\"color:#ffffff;\"><span style=\"font-size:2.25em;\">\u0939\u092e \u091f\u094d\u0930\u093e\u0907\u0938\u093e\u0907\u0915\u093f\u0932 \u091f\u0948\u0915\u094d\u0938\u0940 \u091a\u0932\u093e\u0915\u0930 \u091c\u093e \u0938\u0915\u0924\u0947 \u0939\u0948\u0902\u0964<\/span><\/span><\/p>\n"},"subContentId":"70474ade-abdd-4ae4-b89b-74390b388b43","metadata":{"contentType":"Text","license":"U","title":"Untitled Text"}},"alwaysDisplayComments":false,"backgroundOpacity":0,"willDoAnimation":false,"animationType":"glow","displayAsButton":false,"buttonSize":"big","goToSlideType":"specified","invisible":false,"solution":""},{"x":47.00255102040816,"y":43.95465994962216,"width":40,"height":40,"action":{"library":"H5P.CRAudio 1.4","params":{"fitToWrapper":true,"currIndex":5,"playerMode":"minimalistic","controls":true,"autoplay":true,"playAudio":"Play audio","pauseAudio":"Pause audio","contentName":"Audio","glowColor":"#ffd85a","timeStampForEachText":[{"text":" \u0939\u092e ","startDuration":"0.0000","endDuration":"0.4879","wordfile":[{"path":"audios\/wordfile-6600a500e7056.wav","mime":"audio\/x-wav","copyright":{"license":"U"}}]},{"text":" \u091f\u094d\u0930\u093e\u0907\u0938\u093e\u0907\u0915\u093f\u0932 ","startDuration":"0.4889","endDuration":"1.1917","wordfile":[{"path":"audios\/wordfile-6600a5197ee2d.wav","mime":"audio\/x-wav","copyright":{"license":"U"}}]},{"text":" \u091f\u0948\u0915\u094d\u0938\u0940 ","startDuration":"1.1927","endDuration":"1.6677","wordfile":[{"path":"audios\/wordfile-6600a52bcb949.wav","mime":"audio\/x-wav","copyright":{"license":"U"}}]},{"text":" \u091a\u0932\u093e\u0915\u0930 ","startDuration":"1.6687","endDuration":"2.1480","wordfile":[{"path":"audios\/wordfile-6600a58e8c8a1.wav","mime":"audio\/x-wav","copyright":{"license":"U"}}]},{"text":" \u091c\u093e ","startDuration":"2.1490","endDuration":"2.3490","wordfile":[{"path":"audios\/wordfile-6600a5afe5ac6.wav","mime":"audio\/x-wav","copyright":{"license":"U"}}]},{"text":" \u0938\u0915\u0924\u0947 ","startDuration":"2.3500","endDuration":"2.7133","wordfile":[{"path":"audios\/wordfile-6600a5c512ee9.wav","mime":"audio\/x-wav","copyright":{"license":"U"}}]},{"text":" \u0939\u0948\u0902\u0964 ","startDuration":"2.7143","endDuration":"3.1884","wordfile":[{"path":"audios\/wordfile-6600a5da8df3b.wav","mime":"audio\/x-wav","copyright":{"license":"U"}}]}],"files":[{"path":"audios\/files-6600a4ee8b329.wav","mime":"audio\/x-wav","copyright":{"license":"U"}}]},"subContentId":"a0ed3799-dfc1-4cb9-ba2b-8a8a7db24c51","metadata":{"contentType":"Curious Reader Audio","license":"U","title":"Untitled Curious Reader Audio"}},"backgroundOpacity":0,"willDoAnimation":false,"animationType":"glow","displayAsButton":false,"buttonSize":"big","goToSlideType":"specified","invisible":false},{"x":8.928571428571429,"y":22.66413098236776,"width":35.33163265306123,"height":62.72040302267002,"action":{"library":"H5P.Image 1.1","params":{"contentName":"Image"},"subContentId":"25b24f6e-aaea-4135-a8a7-26348c1c5f51","metadata":{"contentType":"Image","license":"U","title":"Untitled Image"}},"backgroundOpacity":0,"willDoAnimation":true,"animationType":"glow","displayAsButton":false,"buttonSize":"big","goToSlideType":"specified","invisible":false,"id":"imga0ed3799-dfc1-4cb9-ba2b-8a8a7db24c51_1"}],"slideBackgroundSelector":{}},{"elements":[{"x":6.5359477124183005,"y":4.301075268817204,"width":39.97821350762527,"height":93.54838709677419,"action":{"library":"H5P.Image 1.1","params":{"contentName":"Image","file":{"path":"images\/file-657730203cd25.jpg","mime":"image\/jpeg","copyright":{"license":"U"},"width":1024,"height":1472}},"subContentId":"9191b9d6-6070-4809-a41a-2cb8986f0060","metadata":{"contentType":"Image","license":"U","title":"Untitled Image"}},"backgroundOpacity":0,"willDoAnimation":false,"animationType":"glow","displayAsButton":false,"buttonSize":"big","goToSlideType":"specified","invisible":false},{"x":44.642857142857146,"y":42.809319899244336,"width":53.316326530612244,"height":50.12594458438287,"action":{"library":"H5P.CRAdvancedText 1.1","params":{"text":"<p dir=\"ltr\" style=\"text-align: center;\"><span style=\"color:#ffffff;\"><span style=\"font-size:2.25em;\">\u0939\u092e \u0918\u094b\u0921\u093c\u093e-\u0917\u093e\u0921\u093c\u0940 \u092e\u0947\u0902 \u092c\u0948\u0920\u0915\u0930 \u091c\u093e \u0938\u0915\u0924\u0947 \u0939\u0948\u0902\u0964<\/span><\/span><\/p>\n"},"subContentId":"b7b8bb12-cecb-4ce9-89c6-76cb49c2adfa","metadata":{"contentType":"Text","license":"U","title":"Untitled Text"}},"alwaysDisplayComments":false,"backgroundOpacity":0,"willDoAnimation":false,"animationType":"glow","displayAsButton":false,"buttonSize":"big","goToSlideType":"specified","invisible":false,"solution":""},{"x":47.00255102040816,"y":43.95465994962216,"width":40,"height":40,"action":{"library":"H5P.CRAudio 1.4","params":{"fitToWrapper":true,"currIndex":6,"playerMode":"minimalistic","controls":true,"autoplay":true,"playAudio":"Play audio","pauseAudio":"Pause audio","contentName":"Audio","glowColor":"#ffd85a","timeStampForEachText":[{"text":" \u0939\u092e ","startDuration":"0.0000","endDuration":"0.2627","wordfile":[{"path":"audios\/wordfile-6600a60c1db64.wav","mime":"audio\/x-wav","copyright":{"license":"U"}}]},{"text":" \u0918\u094b\u0921\u093c\u093e\u0917\u093e\u0921\u093c\u0940 ","startDuration":"0.2637","endDuration":"1.1139","wordfile":[{"path":"audios\/wordfile-6600a62739a9e.wav","mime":"audio\/x-wav","copyright":{"license":"U"}}]},{"text":" \u092e\u0947\u0902 ","startDuration":"1.1149","endDuration":"1.3149","wordfile":[{"path":"audios\/wordfile-6600a649a03de.wav","mime":"audio\/x-wav","copyright":{"license":"U"}}]},{"text":" \u092c\u0948\u0920\u0915\u0930 ","startDuration":"1.3159","endDuration":"1.8018","wordfile":[{"path":"audios\/wordfile-6600a6608fd8a.wav","mime":"audio\/x-wav","copyright":{"license":"U"}}]},{"text":" \u091c\u093e ","startDuration":"1.8028","endDuration":"2.0028","wordfile":[{"path":"audios\/wordfile-6600a67588de9.wav","mime":"audio\/x-wav","copyright":{"license":"U"}}]},{"text":" \u0938\u0915\u0924\u0947 ","startDuration":"2.0038","endDuration":"2.3879","wordfile":[{"path":"audios\/wordfile-6600a68809fff.wav","mime":"audio\/x-wav","copyright":{"license":"U"}}]},{"text":" \u0939\u0948\u0902\u0964 ","startDuration":"2.3889","endDuration":"2.9063","wordfile":[{"path":"audios\/wordfile-6600a6a01e82f.wav","mime":"audio\/x-wav","copyright":{"license":"U"}}]}],"files":[{"path":"audios\/files-6600a5f86eb2f.wav","mime":"audio\/x-wav","copyright":{"license":"U"}}]},"subContentId":"a54c416e-5e32-4c57-8285-0b8453f1ed46","metadata":{"contentType":"Curious Reader Audio","license":"U","title":"Untitled Curious Reader Audio"}},"backgroundOpacity":0,"willDoAnimation":false,"animationType":"glow","displayAsButton":false,"buttonSize":"big","goToSlideType":"specified","invisible":false},{"x":7.653061224489796,"y":52.88287153652392,"width":20.025510204081634,"height":31.989924433249367,"action":{"library":"H5P.Image 1.1","params":{"contentName":"Image"},"subContentId":"d200f4ac-2993-4c19-a453-51d635bb7e49","metadata":{"contentType":"Image","license":"U","title":"Untitled Image"}},"backgroundOpacity":0,"willDoAnimation":true,"animationType":"glow","displayAsButton":false,"buttonSize":"big","goToSlideType":"specified","invisible":false,"id":"imga54c416e-5e32-4c57-8285-0b8453f1ed46_1"}],"slideBackgroundSelector":{}},{"elements":[{"x":5.1020408163265305,"y":5.037783375314861,"width":39.97821350762527,"height":93.54838709677419,"action":{"library":"H5P.Image 1.1","params":{"contentName":"Image","file":{"path":"images\/file-6577306a54903.jpg","mime":"image\/jpeg","copyright":{"license":"U"},"width":1024,"height":1472}},"subContentId":"b233860e-b1c2-4a6c-b471-3b72630f1a26","metadata":{"contentType":"Image","license":"U","title":"Untitled Image"}},"backgroundOpacity":0,"willDoAnimation":false,"animationType":"glow","displayAsButton":false,"buttonSize":"big","goToSlideType":"specified","invisible":false},{"x":39.54081632653062,"y":45.32821158690176,"width":57.39795918367347,"height":40.30226700251889,"action":{"library":"H5P.CRAdvancedText 1.1","params":{"text":"<p style=\"text-align: center;\"><span style=\"color:#ffffff;\"><span style=\"font-size:2.25em;\">&nbsp;\u0939\u092e \u092c\u0948\u0932\u0917\u093e\u0921\u093c\u0940 \u092e\u0947\u0902 \u092c\u0948\u0920\u0915\u0930 \u091c\u093e \u0938\u0915\u0924\u0947 \u0939\u0948\u0902\u0964<\/span><\/span><\/p>\n"},"subContentId":"106edf66-9688-4e47-a6bb-2267c9df71ff","metadata":{"contentType":"Text","license":"U","title":"Untitled Text"}},"alwaysDisplayComments":false,"backgroundOpacity":0,"willDoAnimation":false,"animationType":"glow","displayAsButton":false,"buttonSize":"big","goToSlideType":"specified","invisible":false,"solution":""},{"x":47.00255102040816,"y":43.95465994962216,"width":40,"height":40,"action":{"library":"H5P.CRAudio 1.4","params":{"fitToWrapper":true,"currIndex":7,"playerMode":"minimalistic","controls":true,"autoplay":true,"playAudio":"Play audio","pauseAudio":"Pause audio","contentName":"Audio","glowColor":"#ffd85a","timeStampForEachText":[{"text":" \u00a0\u0939\u092e ","startDuration":"0.0000","endDuration":"0.5468","wordfile":[{"path":"audios\/wordfile-6600a6ce2a535.wav","mime":"audio\/x-wav","copyright":{"license":"U"}}]},{"text":" \u092c\u0948\u0932\u0917\u093e\u0921\u093c\u0940 ","startDuration":"0.5478","endDuration":"1.1348","wordfile":[{"path":"audios\/wordfile-6600a6ec96f79.wav","mime":"audio\/x-wav","copyright":{"license":"U"}}]},{"text":" \u092e\u0947\u0902 ","startDuration":"1.1358","endDuration":"1.2956","wordfile":[{"path":"audios\/wordfile-6600a7127bf45.wav","mime":"audio\/x-wav","copyright":{"license":"U"}}]},{"text":" \u092c\u0948\u0920\u0915\u0930 ","startDuration":"1.2966","endDuration":"1.6901","wordfile":[{"path":"audios\/wordfile-6600a72494b57.wav","mime":"audio\/x-wav","copyright":{"license":"U"}}]},{"text":" \u091c\u093e ","startDuration":"1.6911","endDuration":"1.8911","wordfile":[{"path":"audios\/wordfile-6600a736c7772.wav","mime":"audio\/x-wav","copyright":{"license":"U"}}]},{"text":" \u0938\u0915\u0924\u0947 ","startDuration":"1.8921","endDuration":"2.2454","wordfile":[{"path":"audios\/wordfile-6600a74993198.wav","mime":"audio\/x-wav","copyright":{"license":"U"}}]},{"text":" \u0939\u0948\u0902\u0964 ","startDuration":"2.2464","endDuration":"2.6508","wordfile":[{"path":"audios\/wordfile-6600a75f376cd.wav","mime":"audio\/x-wav","copyright":{"license":"U"}}]}],"files":[{"path":"audios\/files-6600a6bbade46.wav","mime":"audio\/x-wav","copyright":{"license":"U"}}]},"subContentId":"2524b9fd-6435-4741-8927-d5235e0289f0","metadata":{"contentType":"Curious Reader Audio","license":"U","title":"Untitled Curious Reader Audio"}},"backgroundOpacity":0,"willDoAnimation":false,"animationType":"glow","displayAsButton":false,"buttonSize":"big","goToSlideType":"specified","invisible":false},{"x":7.653061224489796,"y":57.91889168765743,"width":21.301020408163264,"height":31.989924433249367,"action":{"library":"H5P.Image 1.1","params":{"contentName":"Image"},"subContentId":"101a3b03-74e0-4b0a-ba07-9634e164ab4e","metadata":{"contentType":"Image","license":"U","title":"Untitled Image"}},"backgroundOpacity":0,"willDoAnimation":true,"animationType":"glow","displayAsButton":false,"buttonSize":"big","goToSlideType":"specified","invisible":false,"id":"img2524b9fd-6435-4741-8927-d5235e0289f0_1"}],"slideBackgroundSelector":{}},{"elements":[{"x":6.5359477124183005,"y":2.150537634408602,"width":39.97821350762527,"height":93.54838709677419,"action":{"library":"H5P.Image 1.1","params":{"contentName":"Image","file":{"path":"images\/file-657730ac1c0b2.jpg","mime":"image\/jpeg","copyright":{"license":"U"},"width":1024,"height":1472}},"subContentId":"918b2dfb-a82a-40d6-a574-807c508f8f8c","metadata":{"contentType":"Image","license":"U","title":"Untitled Image"}},"backgroundOpacity":0,"willDoAnimation":false,"animationType":"glow","displayAsButton":false,"buttonSize":"big","goToSlideType":"specified","invisible":false},{"x":44.642857142857146,"y":42.82115869017632,"width":49.87244897959184,"height":31.48614609571788,"action":{"library":"H5P.CRAdvancedText 1.1","params":{"text":"<p dir=\"ltr\" style=\"text-align: center;\"><span style=\"color:#ffffff;\"><span style=\"font-size:2.25em;\">\u0939\u092e \u0930\u0947\u0938 \u0915\u093e\u0930 \u091a\u0932\u093e\u0915\u0930 \u091c\u093e \u0938\u0915\u0924\u0947 \u0939\u0948\u0902\u0964<\/span><\/span><\/p>\n"},"subContentId":"eb4d5274-567b-401f-85e4-f5558587f300","metadata":{"contentType":"Text","license":"U","title":"Untitled Text"}},"alwaysDisplayComments":false,"backgroundOpacity":0,"willDoAnimation":false,"animationType":"glow","displayAsButton":false,"buttonSize":"big","goToSlideType":"specified","invisible":false,"solution":""},{"x":47.00255102040816,"y":43.95465994962216,"width":40,"height":40,"action":{"library":"H5P.CRAudio 1.4","params":{"fitToWrapper":true,"currIndex":8,"playerMode":"minimalistic","controls":true,"autoplay":true,"playAudio":"Play audio","pauseAudio":"Pause audio","contentName":"Audio","glowColor":"#ffd85a","timeStampForEachText":[{"text":" \u0939\u092e ","startDuration":"0.0000","endDuration":"0.5188","wordfile":[{"path":"audios\/wordfile-6600a798819e1.wav","mime":"audio\/x-wav","copyright":{"license":"U"}}]},{"text":" \u0930\u0947\u0938 ","startDuration":"0.5198","endDuration":"0.8542","wordfile":[{"path":"audios\/wordfile-6600a7b5ada2f.wav","mime":"audio\/x-wav","copyright":{"license":"U"}}]},{"text":" \u0915\u093e\u0930 ","startDuration":"0.8552","endDuration":"1.1474","wordfile":[{"path":"audios\/wordfile-6600a7cd0472a.wav","mime":"audio\/x-wav","copyright":{"license":"U"}}]},{"text":" \u091a\u0932\u093e\u0915\u0930 ","startDuration":"1.1484","endDuration":"1.7555","wordfile":[{"path":"audios\/wordfile-6600a7df28939.wav","mime":"audio\/x-wav","copyright":{"license":"U"}}]},{"text":" \u091c\u093e ","startDuration":"1.7565","endDuration":"1.9565","wordfile":[{"path":"audios\/wordfile-6600a7f3e2e80.wav","mime":"audio\/x-wav","copyright":{"license":"U"}}]},{"text":" \u0938\u0915\u0924\u0947 ","startDuration":"1.9575","endDuration":"2.3495","wordfile":[{"path":"audios\/wordfile-6600a8083c9b7.wav","mime":"audio\/x-wav","copyright":{"license":"U"}}]},{"text":" \u0939\u0948\u0902\u0964 ","startDuration":"2.3505","endDuration":"2.8386","wordfile":[{"path":"audios\/wordfile-6600a81de9c30.wav","mime":"audio\/x-wav","copyright":{"license":"U"}}]}],"files":[{"path":"audios\/files-6600a7766893b.wav","mime":"audio\/x-wav","copyright":{"license":"U"}}]},"subContentId":"36d1262b-7faa-4ab8-8f01-b982a5d88c5c","metadata":{"contentType":"Curious Reader Audio","license":"U","title":"Untitled Curious Reader Audio"}},"backgroundOpacity":0,"willDoAnimation":false,"animationType":"glow","displayAsButton":false,"buttonSize":"big","goToSlideType":"specified","invisible":false},{"x":8.928571428571429,"y":55.384130982367765,"width":36.60714285714286,"height":24.43324937027708,"action":{"library":"H5P.Image 1.1","params":{"contentName":"Image"},"subContentId":"6ac5cebf-c40a-4079-a850-3ce5019cd001","metadata":{"contentType":"Image","license":"U","title":"Untitled Image"}},"backgroundOpacity":0,"willDoAnimation":true,"animationType":"glow","displayAsButton":false,"buttonSize":"big","goToSlideType":"specified","invisible":false,"id":"img36d1262b-7faa-4ab8-8f01-b982a5d88c5c_1"},{"x":6.377551020408164,"y":55.39999999999999,"width":40.05102040816327,"height":24.937027707808564,"action":{"library":"H5P.Image 1.1","params":{"contentName":"Image"},"subContentId":"a03a9f0a-a595-41bb-adff-e4fd09069219","metadata":{"contentType":"Image","license":"U","title":"Untitled Image"}},"backgroundOpacity":0,"willDoAnimation":true,"animationType":"glow","displayAsButton":false,"buttonSize":"big","goToSlideType":"specified","invisible":false,"id":"img36d1262b-7faa-4ab8-8f01-b982a5d88c5c_2"}],"slideBackgroundSelector":{}},{"elements":[{"x":6.5359477124183005,"y":2.150537634408602,"width":39.97821350762527,"height":95.69892473118279,"action":{"library":"H5P.Image 1.1","params":{"contentName":"Image","file":{"path":"images\/file-657730e66c7cb.jpg","mime":"image\/jpeg","copyright":{"license":"U"},"width":1024,"height":1472}},"subContentId":"5642e8ce-c395-4093-bf32-1bad47f044df","metadata":{"contentType":"Image","license":"U","title":"Untitled Image"}},"backgroundOpacity":0,"willDoAnimation":false,"animationType":"glow","displayAsButton":false,"buttonSize":"big","goToSlideType":"specified","invisible":false},{"x":47.19387755102041,"y":40.29042821158691,"width":47.32142857142857,"height":34.005037783375315,"action":{"library":"H5P.CRAdvancedText 1.1","params":{"text":"<p dir=\"ltr\" style=\"text-align: center;\"><span style=\"color:#ffffff;\"><span style=\"font-size:2.25em;\">&nbsp;\u0939\u092e \u092c\u0921\u093c\u0940 \u0915\u093e\u0930 \u091a\u0932\u093e\u0915\u0930 \u091c\u093e \u0938\u0915\u0924\u0947 \u0939\u0948\u0902\u0964<\/span><\/span><\/p>\n"},"subContentId":"04493358-b49e-41bd-9b69-c6e200aa7ec2","metadata":{"contentType":"Text","license":"U","title":"Untitled Text"}},"alwaysDisplayComments":false,"backgroundOpacity":0,"willDoAnimation":false,"animationType":"glow","displayAsButton":false,"buttonSize":"big","goToSlideType":"specified","invisible":false,"solution":""},{"x":47.00255102040816,"y":43.95465994962216,"width":40,"height":40,"action":{"library":"H5P.CRAudio 1.4","params":{"fitToWrapper":true,"currIndex":9,"playerMode":"minimalistic","controls":true,"autoplay":true,"playAudio":"Play audio","pauseAudio":"Pause audio","contentName":"Audio","glowColor":"#ffd85a","timeStampForEachText":[{"text":" \u00a0\u0939\u092e ","startDuration":"0.0000","endDuration":"0.4881","wordfile":[{"path":"audios\/wordfile-6600a8478e395.wav","mime":"audio\/x-wav","copyright":{"license":"U"}}]},{"text":" \u092c\u0921\u093c\u0940 ","startDuration":"0.4891","endDuration":"0.7966","wordfile":[{"path":"audios\/wordfile-6600a85b055ed.wav","mime":"audio\/x-wav","copyright":{"license":"U"}}]},{"text":" \u0915\u093e\u0930 ","startDuration":"0.7976","endDuration":"1.1628","wordfile":[{"path":"audios\/wordfile-6600a8b463c62.wav","mime":"audio\/x-wav","copyright":{"license":"U"}}]},{"text":" \u091a\u0932\u093e\u0915\u0930 ","startDuration":"1.1638","endDuration":"1.6711","wordfile":[{"path":"audios\/wordfile-6600a8fef337e.wav","mime":"audio\/x-wav","copyright":{"license":"U"}}]},{"text":" \u091c\u093e ","startDuration":"1.6721","endDuration":"1.9105","wordfile":[{"path":"audios\/wordfile-6600a9148cb60.wav","mime":"audio\/x-wav","copyright":{"license":"U"}}]},{"text":" \u0938\u0915\u0924\u0947 ","startDuration":"1.9105","endDuration":"2.2537","wordfile":[{"path":"audios\/wordfile-6600a92a97b61.wav","mime":"audio\/x-wav","copyright":{"license":"U"}}]},{"text":" \u0939\u0948\u0902\u0964 ","startDuration":"2.2547","endDuration":"2.7236","wordfile":[{"path":"audios\/wordfile-6600a96417301.wav","mime":"audio\/x-wav","copyright":{"license":"U"}}]}],"files":[{"path":"audios\/files-6600a835d3458.wav","mime":"audio\/x-wav","copyright":{"license":"U"}}]},"subContentId":"e31fdafc-21ec-41f3-aae1-877a0ce61491","metadata":{"contentType":"Curious Reader Audio","license":"U","title":"Untitled Curious Reader Audio"}},"backgroundOpacity":0,"willDoAnimation":false,"animationType":"glow","displayAsButton":false,"buttonSize":"big","goToSlideType":"specified","invisible":false},{"x":6.377551020408164,"y":37.76372795969773,"width":40.05102040816327,"height":52.141057934508815,"action":{"library":"H5P.Image 1.1","params":{"contentName":"Image"},"subContentId":"a9833a73-0380-4792-9ec7-e86c45ccebf4","metadata":{"contentType":"Image","license":"U","title":"Untitled Image"}},"backgroundOpacity":0,"willDoAnimation":true,"animationType":"glow","displayAsButton":false,"buttonSize":"big","goToSlideType":"specified","invisible":false,"id":"imge31fdafc-21ec-41f3-aae1-877a0ce61491_1"},{"x":6.377551020408164,"y":37.76372795969773,"width":40.05102040816327,"height":54.659949622166245,"action":{"library":"H5P.Image 1.1","params":{"contentName":"Image"},"subContentId":"cdd9a957-0dad-4c9c-a1d0-2825b86dd748","metadata":{"contentType":"Image","license":"U","title":"Untitled Image"}},"backgroundOpacity":0,"willDoAnimation":true,"animationType":"glow","displayAsButton":false,"buttonSize":"big","goToSlideType":"specified","invisible":false,"id":"imge31fdafc-21ec-41f3-aae1-877a0ce61491_2"}],"slideBackgroundSelector":{}},{"elements":[{"x":5.446623093681917,"y":2.150537634408602,"width":39.97821350762527,"height":93.54838709677419,"action":{"library":"H5P.Image 1.1","params":{"contentName":"Image","file":{"path":"images\/file-6577312023aac.jpg","mime":"image\/jpeg","copyright":{"license":"U"},"width":1024,"height":1472}},"subContentId":"54df8b14-746c-4ada-ae1b-fd3ee142cf9e","metadata":{"contentType":"Image","license":"U","title":"Untitled Image"}},"backgroundOpacity":0,"willDoAnimation":false,"animationType":"glow","displayAsButton":false,"buttonSize":"big","goToSlideType":"specified","invisible":false},{"x":44.642857142857146,"y":47.83148614609571,"width":53.57142857142857,"height":28.71536523929471,"action":{"library":"H5P.CRAdvancedText 1.1","params":{"text":"<p dir=\"ltr\" style=\"text-align: center;\"><span style=\"color:#ffffff;\"><span style=\"font-size:2.25em;\">&nbsp;\u0939\u092e \u0928\u093e\u0935 \u091a\u0932\u093e\u0915\u0930 \u091c\u093e \u0938\u0915\u0924\u0947 \u0939\u0948\u0902\u0964<\/span><\/span><\/p>\n"},"subContentId":"4a412170-9cce-4809-abca-083d6a03a0da","metadata":{"contentType":"Text","license":"U","title":"Untitled Text"}},"alwaysDisplayComments":false,"backgroundOpacity":0,"willDoAnimation":false,"animationType":"glow","displayAsButton":false,"buttonSize":"big","goToSlideType":"specified","invisible":false,"solution":""},{"x":47.00255102040816,"y":43.95465994962216,"width":40,"height":40,"action":{"library":"H5P.CRAudio 1.4","params":{"fitToWrapper":true,"currIndex":10,"playerMode":"minimalistic","controls":true,"autoplay":true,"playAudio":"Play audio","pauseAudio":"Pause audio","contentName":"Audio","glowColor":"#ffd85a","timeStampForEachText":[{"text":" \u00a0\u0939\u092e ","startDuration":"0.0000","endDuration":"0.4711","wordfile":[{"path":"audios\/wordfile-6600a98e3c780.wav","mime":"audio\/x-wav","copyright":{"license":"U"}}]},{"text":" \u0928\u093e\u0935 ","startDuration":"0.4721","endDuration":"0.7583","wordfile":[{"path":"audios\/wordfile-6600a9a13d1fc.wav","mime":"audio\/x-wav","copyright":{"license":"U"}}]},{"text":" \u091a\u0932\u093e\u0915\u0930 ","startDuration":"0.7583","endDuration":"1.2704","wordfile":[{"path":"audios\/wordfile-6600a9b4511cf.wav","mime":"audio\/x-wav","copyright":{"license":"U"}}]},{"text":" \u091c\u093e ","startDuration":"1.2714","endDuration":"1.4714","wordfile":[{"path":"audios\/wordfile-6600a9d2b8983.wav","mime":"audio\/x-wav","copyright":{"license":"U"}}]},{"text":" \u0938\u0915\u0924\u0947 ","startDuration":"1.4724","endDuration":"1.8357","wordfile":[{"path":"audios\/wordfile-6600a9e5b261a.wav","mime":"audio\/x-wav","copyright":{"license":"U"}}]},{"text":" \u0939\u0948\u0902\u0964 ","startDuration":"1.8367","endDuration":"2.1815","wordfile":[{"path":"audios\/wordfile-6600a9f9a9b14.wav","mime":"audio\/x-wav","copyright":{"license":"U"}}]}],"files":[{"path":"audios\/files-6600a97be3cb9.wav","mime":"audio\/x-wav","copyright":{"license":"U"}}]},"subContentId":"985a6207-9a12-4200-8862-c5a3d42629de","metadata":{"contentType":"Curious Reader Audio","license":"U","title":"Untitled Curious Reader Audio"}},"backgroundOpacity":0,"willDoAnimation":false,"animationType":"glow","displayAsButton":false,"buttonSize":"big","goToSlideType":"specified","invisible":false},{"x":6.377551020408164,"y":30.226700251889167,"width":38.26530612244898,"height":59.697732997481104,"action":{"library":"H5P.Image 1.1","params":{"contentName":"Image"},"subContentId":"12b1f0ae-e2be-4873-affc-4c1c339eabf9","metadata":{"contentType":"Image","license":"U","title":"Untitled Image"}},"backgroundOpacity":0,"willDoAnimation":true,"animationType":"glow","displayAsButton":false,"buttonSize":"big","goToSlideType":"specified","invisible":false,"id":"img985a6207-9a12-4200-8862-c5a3d42629de_1"}],"slideBackgroundSelector":{}},{"elements":[{"x":31.59041394335512,"y":2.150537634408602,"width":66.23093681917211,"height":95.69892473118279,"action":{"library":"H5P.Image 1.1","params":{"contentName":"Image","file":{"path":"images\/file-657732a5856b9.jpg","mime":"image\/jpeg","copyright":{"license":"U"},"width":1024,"height":735}},"subContentId":"38dc3824-e8c1-4dbf-9ed7-4ac8d2355b3b","metadata":{"contentType":"Image","license":"U","title":"Untitled Image"}},"backgroundOpacity":0,"willDoAnimation":false,"animationType":"glow","displayAsButton":false,"buttonSize":"big","goToSlideType":"specified","invisible":false},{"x":2.5510204081632653,"y":37.78337531486146,"width":73.9795918367347,"height":40.050377833753146,"action":{"library":"H5P.CRAdvancedText 1.1","params":{"text":"<p dir=\"ltr\" style=\"text-align: center;\"><span style=\"color:#ffffff;\"><span style=\"font-size:2.25em;\">&nbsp;\u0939\u092e \u0939\u093e\u0925\u0940 \u092a\u0930 \u092c\u0948\u0920\u0915\u0930 \u091c\u093e \u0938\u0915\u0924\u0947 \u0939\u0948\u0902\u0964<\/span><\/span><\/p>\n"},"subContentId":"11168cee-a669-4a5c-ad04-b3de669fd62c","metadata":{"contentType":"Text","license":"U","title":"Untitled Text"}},"alwaysDisplayComments":false,"backgroundOpacity":0,"willDoAnimation":false,"animationType":"glow","displayAsButton":false,"buttonSize":"big","goToSlideType":"specified","invisible":false,"solution":""},{"x":47.00255102040816,"y":43.95465994962216,"width":40,"height":40,"action":{"library":"H5P.CRAudio 1.4","params":{"fitToWrapper":true,"currIndex":11,"playerMode":"minimalistic","controls":true,"autoplay":true,"playAudio":"Play audio","pauseAudio":"Pause audio","contentName":"Audio","glowColor":"#ffd85a","timeStampForEachText":[{"text":" \u00a0\u0939\u092e ","startDuration":"0.0000","endDuration":"0.4344","wordfile":[{"path":"audios\/wordfile-6600aa20ed70c.wav","mime":"audio\/x-wav","copyright":{"license":"U"}}]},{"text":" \u0939\u093e\u0925\u0940 ","startDuration":"0.4354","endDuration":"0.8383","wordfile":[{"path":"audios\/wordfile-6600aa3a36344.wav","mime":"audio\/x-wav","copyright":{"license":"U"}}]},{"text":" \u092a\u0930 ","startDuration":"0.8393","endDuration":"1.0393","wordfile":[{"path":"audios\/wordfile-6600aa4b6d22b.wav","mime":"audio\/x-wav","copyright":{"license":"U"}}]},{"text":" \u092c\u0948\u0920\u0915\u0930 ","startDuration":"1.0403","endDuration":"1.5762","wordfile":[{"path":"audios\/wordfile-6600aa5e19ebf.wav","mime":"audio\/x-wav","copyright":{"license":"U"}}]},{"text":" \u091c\u093e ","startDuration":"1.5772","endDuration":"1.7772","wordfile":[{"path":"audios\/wordfile-6600aa71a0886.wav","mime":"audio\/x-wav","copyright":{"license":"U"}}]},{"text":" \u0938\u0915\u0924\u0947 ","startDuration":"1.7782","endDuration":"2.1531","wordfile":[{"path":"audios\/wordfile-6600aa893b22e.wav","mime":"audio\/x-wav","copyright":{"license":"U"}}]},{"text":" \u0939\u0948\u0902\u0964 ","startDuration":"2.1541","endDuration":"2.5675","wordfile":[{"path":"audios\/wordfile-6600aa9b30e32.wav","mime":"audio\/x-wav","copyright":{"license":"U"}}]}],"files":[{"path":"audios\/files-6600aa1201758.wav","mime":"audio\/x-wav","copyright":{"license":"U"}}]},"subContentId":"6b3f3b58-fb94-4f3e-b106-484701f1264a","metadata":{"contentType":"Curious Reader Audio","license":"U","title":"Untitled Curious Reader Audio"}},"backgroundOpacity":0,"willDoAnimation":false,"animationType":"glow","displayAsButton":false,"buttonSize":"big","goToSlideType":"specified","invisible":false},{"x":65.05000000000001,"y":45.30453400503778,"width":26.020408163265305,"height":44.58438287153652,"action":{"library":"H5P.Image 1.1","params":{"contentName":"Image"},"subContentId":"c79804ce-b83c-456f-9cd7-2b4422e65bd1","metadata":{"contentType":"Image","license":"U","title":"Untitled Image"}},"backgroundOpacity":0,"willDoAnimation":true,"animationType":"glow","displayAsButton":false,"buttonSize":"big","goToSlideType":"specified","invisible":false,"id":"img6b3f3b58-fb94-4f3e-b106-484701f1264a_1"}],"slideBackgroundSelector":{}},{"elements":[{"x":6.5359477124183005,"y":2.150537634408602,"width":39.97821350762527,"height":95.69892473118279,"action":{"library":"H5P.Image 1.1","params":{"contentName":"Image","file":{"path":"images\/file-657733414a4c5.jpg","mime":"image\/jpeg","copyright":{"license":"U"},"width":1024,"height":1472}},"subContentId":"3fc945d1-d748-445f-bbd3-a7f86964fe4e","metadata":{"contentType":"Image","license":"U","title":"Untitled Image"}},"backgroundOpacity":0,"willDoAnimation":false,"animationType":"glow","displayAsButton":false,"buttonSize":"big","goToSlideType":"specified","invisible":false},{"x":43.36734693877551,"y":45.31637279596977,"width":53.69897959183674,"height":40.050377833753146,"action":{"library":"H5P.CRAdvancedText 1.1","params":{"text":"<p dir=\"ltr\" style=\"text-align: center;\"><span style=\"color:#ffffff;\"><span style=\"font-size:2.25em;\">\u0928\u0939\u0940\u0902! \u0939\u092e\u0947\u0902 \u092a\u0948\u0926\u0932 \u091a\u0932\u0915\u0930 \u091c\u093e\u092f\u093e \u091a\u093e\u0939\u093f\u090f\u0964<\/span><\/span><\/p>\n"},"subContentId":"378c2ce4-59d7-41b1-823b-9c22984380c0","metadata":{"contentType":"Text","license":"U","title":"Untitled Text"}},"alwaysDisplayComments":false,"backgroundOpacity":0,"willDoAnimation":false,"animationType":"glow","displayAsButton":false,"buttonSize":"big","goToSlideType":"specified","invisible":false,"solution":""},{"x":47.00255102040816,"y":43.95465994962216,"width":40,"height":40,"action":{"library":"H5P.CRAudio 1.4","params":{"fitToWrapper":true,"currIndex":12,"playerMode":"minimalistic","controls":true,"autoplay":true,"playAudio":"Play audio","pauseAudio":"Pause audio","contentName":"Audio","glowColor":"#ffd85a","timeStampForEachText":[{"text":" \u0928\u0939\u0940\u0902! ","startDuration":"0.0000","endDuration":"0.8373","wordfile":[{"path":"audios\/wordfile-6600aac2b9fbf.wav","mime":"audio\/x-wav","copyright":{"license":"U"}}]},{"text":" \u0939\u092e\u0947\u0902 ","startDuration":"0.8383","endDuration":"1.3721","wordfile":[{"path":"audios\/wordfile-6600aad295d5a.wav","mime":"audio\/x-wav","copyright":{"license":"U"}}]},{"text":" \u092a\u0948\u0926\u0932 ","startDuration":"1.3731","endDuration":"1.7725","wordfile":[{"path":"audios\/wordfile-6600aae4f3dc9.wav","mime":"audio\/x-wav","copyright":{"license":"U"}}]},{"text":" \u091a\u0932\u0915\u0930 ","startDuration":"1.7735","endDuration":"2.1512","wordfile":[{"path":"audios\/wordfile-6600aaf8b1134.wav","mime":"audio\/x-wav","copyright":{"license":"U"}}]},{"text":" \u091c\u093e\u092f\u093e ","startDuration":"2.1522","endDuration":"2.4909","wordfile":[{"path":"audios\/wordfile-6600ab0ac3884.wav","mime":"audio\/x-wav","copyright":{"license":"U"}}]},{"text":" \u091a\u093e\u0939\u093f\u090f\u0964 ","startDuration":"2.4919","endDuration":"3.1384","wordfile":[{"path":"audios\/wordfile-6600ab1b6642c.wav","mime":"audio\/x-wav","copyright":{"license":"U"}}]}],"files":[{"path":"audios\/files-6600aab610446.wav","mime":"audio\/x-wav","copyright":{"license":"U"}}]},"subContentId":"d252ae0a-4ad5-4e30-ba6f-d968f192bb6d","metadata":{"contentType":"Curious Reader Audio","license":"U","title":"Untitled Curious Reader Audio"}},"backgroundOpacity":0,"willDoAnimation":false,"animationType":"glow","displayAsButton":false,"buttonSize":"big","goToSlideType":"specified","invisible":false},{"x":8.928571428571429,"y":70.47002518891688,"width":21.301020408163264,"height":14.357682619647354,"action":{"library":"H5P.Image 1.1","params":{"contentName":"Image"},"subContentId":"ba11e570-e61b-4933-a2ae-cd59e54f7ecc","metadata":{"contentType":"Image","license":"U","title":"Untitled Image"}},"backgroundOpacity":0,"willDoAnimation":true,"animationType":"glow","displayAsButton":false,"buttonSize":"big","goToSlideType":"specified","invisible":false}],"slideBackgroundSelector":{}},{"elements":[{"x":64.27015250544663,"y":10.75268817204301,"width":31.263616557734206,"height":17.204301075268816,"action":{"library":"H5P.Image 1.1","params":{"contentName":"Image","file":{"path":"images\/file-657734c6867b2.jpg","mime":"image\/jpeg","copyright":{"license":"U"},"width":1732,"height":354}},"subContentId":"58d6bcfc-1017-40eb-bbcd-a32d3100ea46","metadata":{"contentType":"Image","license":"U","title":"Untitled Image"}},"backgroundOpacity":0,"willDoAnimation":false,"animationType":"glow","displayAsButton":false,"buttonSize":"big","goToSlideType":"specified","invisible":false},{"x":4.357298474945534,"y":6.451612903225806,"width":23.965141612200437,"height":24.086021505376344,"action":{"library":"H5P.Image 1.1","params":{"contentName":"Image","file":{"path":"images\/file-657734db6bc33.png","mime":"image\/png","copyright":{"license":"U"},"width":1350,"height":487}},"subContentId":"46007b76-06dc-4b23-9d5e-0feb3dcced51","metadata":{"contentType":"Image","license":"U","title":"Untitled Image"}},"backgroundOpacity":0,"willDoAnimation":false,"animationType":"glow","displayAsButton":false,"buttonSize":"big","goToSlideType":"specified","invisible":false},{"x":34.85838779956427,"y":4.301075268817204,"width":23.965141612200437,"height":23.87096774193548,"action":{"library":"H5P.Image 1.1","params":{"contentName":"Image","file":{"path":"images\/file-657734e7ce435.png","mime":"image\/png","copyright":{"license":"U"},"width":814,"height":202}},"subContentId":"f81bc57f-8a0f-443d-b34a-3ccd68a92e3a","metadata":{"contentType":"Image","license":"U","title":"Untitled Image"}},"backgroundOpacity":0,"willDoAnimation":false,"animationType":"glow","displayAsButton":false,"buttonSize":"big","goToSlideType":"specified","invisible":false},{"x":4.357298474945534,"y":32.20258064516129,"width":93.68191721132898,"height":67.74193548387096,"action":{"library":"H5P.CRAdvancedText 1.1","params":{"text":"<h3 style=\"text-align: center;\"><span style=\"font-size:1.25em;\">\u201c<\/span>\u0915\u094d\u0930\u0940\u095c\u093e\u0938\u094d\u0925\u0932<span style=\"font-size:1.25em;\">\u201d credits<\/span><\/h3>\n\n<h3 style=\"text-align: center;\"><span style=\"font-size:1.25em;\">This work, \u201c<\/span>\u0915\u094d\u0930\u0940\u095c\u093e\u0938\u094d\u0925\u0932<span style=\"font-size:1.25em;\">\u201d&nbsp;is a derivative of \u201cPlayground\u201d by All Children Reading Cambodia. \u00a9 The Asia Foundation , 2019 and used under CC BY.<\/span><\/h3>\n\n<h3 style=\"text-align: center;\"><span style=\"font-size:1.25em;\">\u201c<\/span>\u0915\u094d\u0930\u0940\u095c\u093e\u0938\u094d\u0925\u0932<span style=\"font-size:1.25em;\">\u201d is licensed under CC BY 4.0 by Curious Learning.<\/span><\/h3>\n\n<h3 style=\"text-align: center;\"><span style=\"font-size:1.25em;\">Book builder - Abraham Jerry Kakooza<\/span><\/h3>\n"},"subContentId":"045c5dbc-06a7-4115-b9f8-a37781c03f1e","metadata":{"contentType":"Text","license":"U","title":"Untitled Text"}},"alwaysDisplayComments":false,"backgroundOpacity":0,"willDoAnimation":false,"animationType":"glow","displayAsButton":false,"buttonSize":"big","goToSlideType":"specified","invisible":false,"solution":""}],"slideBackgroundSelector":{}}],"keywordListEnabled":true,"globalBackgroundSelector":{"fillGlobalBackground":"#fbfef0"},"keywordListAlwaysShow":false,"keywordListAutoHide":false,"keywordListOpacity":90},"override":{"activeSurface":false,"hideSummarySlide":false,"summarySlideSolutionButton":true,"summarySlideRetryButton":true,"enablePrintButton":false,"social":{"showFacebookShare":false,"facebookShare":{"url":"@currentpageurl","quote":"I scored @score out of @maxScore on a task at @currentpageurl."},"showTwitterShare":false,"twitterShare":{"statement":"I scored @score out of @maxScore on a task at @currentpageurl.","url":"@currentpageurl","hashtags":"h5p, course"},"showGoogleShare":false,"googleShareUrl":"@currentpageurl"}},"l10n":{"slide":"Slide","score":"Score","yourScore":"Your Score","maxScore":"Max Score","total":"Total","totalScore":"Total Score","showSolutions":"Show solutions","retry":"Retry","exportAnswers":"Export text","hideKeywords":"Hide sidebar navigation menu","showKeywords":"Show sidebar navigation menu","fullscreen":"Fullscreen","exitFullscreen":"Exit fullscreen","prevSlide":"Previous slide","nextSlide":"Next slide","currentSlide":"Current slide","lastSlide":"Last slide","solutionModeTitle":"Exit solution mode","solutionModeText":"Solution Mode","summaryMultipleTaskText":"Multiple tasks","scoreMessage":"You achieved:","shareFacebook":"Share on Facebook","shareTwitter":"Share on Twitter","shareGoogle":"Share on Google+","summary":"Summary","solutionsButtonTitle":"Show comments","printTitle":"Print","printIngress":"How would you like to print this presentation?","printAllSlides":"Print all slides","printCurrentSlide":"Print current slide","noTitle":"No title","accessibilitySlideNavigationExplanation":"Use left and right arrow to change slide in that direction whenever canvas is selected.","accessibilityCanvasLabel":"Presentation canvas. Use left and right arrow to move between slides.","containsNotCompleted":"@slideName contains not completed interaction","containsCompleted":"@slideName contains completed interaction","slideCount":"Slide @index of @total","containsOnlyCorrect":"@slideName only has correct answers","containsIncorrectAnswers":"@slideName has incorrect answers","shareResult":"Share Result","accessibilityTotalScore":"You got @score of @maxScore points in total","accessibilityEnteredFullscreen":"Entered fullscreen","accessibilityExitedFullscreen":"Exited fullscreen"}}