{"presentation":{"slides":[{"elements":[{"x":18.518518518519,"y":6.7063561014123,"width":67.059722222222,"height":67.058683664231,"action":{"library":"H5P.Image 1.1","params":{"contentName":"Image","file":{"path":"images\/file-619419a152c82.jpg","mime":"image\/jpeg","copyright":{"license":"U"},"width":959,"height":459}},"subContentId":"0c453c4e-b432-441a-91f8-c3a60e645c5b","metadata":{"contentType":"Image","license":"U","title":"Untitled Image"}},"backgroundOpacity":0,"willDoAnimation":false,"animationType":"glow","displayAsButton":false,"buttonSize":"big","goToSlideType":"specified","invisible":false},{"x":32.407407407407,"y":82.305279426424,"width":39.998148148148,"height":11.926644657625,"action":{"library":"H5P.CRAdvancedText 1.1","params":{"text":"<h2 style=\"text-align: center;\"><span style=\"font-size:1.625em;\"><strong>COLOURS<\/strong><\/span><\/h2>\n"},"subContentId":"00696250-ca76-47e7-a2f3-8aea3e8a9975","metadata":{"contentType":"Text","license":"U","title":"Untitled Text"}},"alwaysDisplayComments":false,"backgroundOpacity":0,"willDoAnimation":false,"animationType":"glow","displayAsButton":false,"buttonSize":"big","goToSlideType":"specified","invisible":false,"solution":""}],"slideBackgroundSelector":{}},{"elements":[{"x":57.098765432099,"y":30.483436824601,"width":32.407407407407,"height":43.034077434026,"action":{"library":"H5P.CRAdvancedText 1.1","params":{"text":"<p style=\"text-align: center;\"><span style=\"font-size:2.25em;\">The bear likes many colours.<\/span><\/p>\n"},"subContentId":"e27ff98f-7634-4d6b-9daa-fb69a9ef1544","metadata":{"contentType":"Text","license":"U","title":"Untitled Text"}},"alwaysDisplayComments":false,"backgroundOpacity":0,"willDoAnimation":false,"animationType":"glow","displayAsButton":false,"buttonSize":"big","goToSlideType":"specified","invisible":false,"solution":""},{"x":9.4345751633987,"y":10.758842692809,"width":43.634204793028,"height":77.463667388226,"action":{"library":"H5P.Image 1.1","params":{"contentName":"Image","file":{"path":"images\/file-6192c60b0c3ff.jpg","mime":"image\/jpeg","copyright":{"license":"U"},"width":639,"height":689},"alt":"The bear likes many colours.","title":"The bear likes many colours."},"subContentId":"ded4f229-0d4a-4a1e-bc71-24420235d1d4","metadata":{"contentType":"Image","license":"U","title":"Untitled Image"}},"backgroundOpacity":0,"willDoAnimation":false,"animationType":"glow","displayAsButton":false,"buttonSize":"big","goToSlideType":"specified","invisible":false},{"x":89.66049382716,"y":7.6208592061503,"width":6.1728395061728,"height":12.193374729841,"action":{"library":"H5P.CRAudio 1.4","params":{"fitToWrapper":true,"currIndex":1,"playerMode":"minimalistic","controls":true,"autoplay":true,"playAudio":"Play audio","pauseAudio":"Pause audio","contentName":"Audio","timeStampForEachText":[{"text":" The ","startDuration":"0.0000","endDuration":"0.2906","wordfile":[{"path":"audios\/wordfile-6192c87b5a368.wav","mime":"audio\/x-wav","copyright":{"license":"U"}}]},{"text":" bear ","startDuration":"0.3253","endDuration":"0.7831","wordfile":[{"path":"audios\/wordfile-6192c8a5c2d39.wav","mime":"audio\/x-wav","copyright":{"license":"U"}}]},{"text":" likes ","startDuration":"0.7831","endDuration":"1.2602","wordfile":[{"path":"audios\/wordfile-6192c8c71ccf1.wav","mime":"audio\/x-wav","copyright":{"license":"U"}}]},{"text":" many ","startDuration":"1.2602","endDuration":"1.7683","wordfile":[{"path":"audios\/wordfile-6192c8ec49062.wav","mime":"audio\/x-wav","copyright":{"license":"U"}}]},{"text":" colours. ","startDuration":"1.7683","endDuration":"2.6977","wordfile":[{"path":"audios\/wordfile-6192c98416458.wav","mime":"audio\/x-wav","copyright":{"license":"U"}}]}],"files":[{"path":"audios\/files-6192c82f7aafa.wav","mime":"audio\/x-wav","copyright":{"license":"U"}}],"glowColor":"#f7ff00"},"subContentId":"51a4880a-86c0-4e30-8611-0bbb2b256c81","metadata":{"contentType":"Curious Reader Audio","license":"U","title":"Untitled Curious Reader Audio"}},"backgroundOpacity":0,"willDoAnimation":false,"animationType":"glow","displayAsButton":false,"buttonSize":"big","goToSlideType":"specified","invisible":false},{"x":14.161220043572984,"y":36.580458718952336,"width":28.976034858387802,"height":57.23765893671366,"action":{"library":"H5P.Image 1.1","params":{"contentName":"Image"},"subContentId":"68daf6a4-4619-4c9d-bf4b-349a0a231c06","metadata":{"contentType":"Image","license":"U","title":"Untitled Image"}},"backgroundOpacity":0,"willDoAnimation":true,"animationType":"glow","displayAsButton":false,"buttonSize":"big","goToSlideType":"specified","invisible":false,"id":"img51a4880a-86c0-4e30-8611-0bbb2b256c81_1"}],"slideBackgroundSelector":{}},{"elements":[{"x":57.098765432099,"y":30.473925992312,"width":35.493827160494,"height":40.000060966874,"action":{"library":"H5P.CRAdvancedText 1.1","params":{"text":"<p style=\"text-align: center;\"><span style=\"font-size:2.25em;\">The bear wants to find more colours.<\/span><\/p>\n"},"subContentId":"2e8d04a4-32d7-4333-aa70-0583f938636e","metadata":{"contentType":"Text","license":"U","title":"Untitled Text"}},"alwaysDisplayComments":false,"backgroundOpacity":0,"willDoAnimation":false,"animationType":"glow","displayAsButton":false,"buttonSize":"big","goToSlideType":"specified","invisible":false,"solution":""},{"x":7.716049382716,"y":12.188619313696,"width":47.83950617284,"height":76.203714711611,"action":{"library":"H5P.Image 1.1","params":{"contentName":"Image","file":{"path":"images\/file-6192ca6194d20.jpg","mime":"image\/jpeg","copyright":{"license":"U"},"width":959,"height":689},"alt":"The bear wants to find more colours.","title":"The bear wants to find more colours."},"subContentId":"737296e0-2126-4508-8b0e-48cfcb278c3b","metadata":{"contentType":"Image","license":"U","title":"Untitled Image"}},"backgroundOpacity":0,"willDoAnimation":false,"animationType":"glow","displayAsButton":false,"buttonSize":"big","goToSlideType":"specified","invisible":false},{"x":90.277777777778,"y":7.0111904696583,"width":6.1728395061728,"height":12.193374729841,"action":{"library":"H5P.CRAudio 1.4","params":{"fitToWrapper":true,"currIndex":2,"playerMode":"minimalistic","controls":true,"autoplay":true,"playAudio":"Play audio","pauseAudio":"Pause audio","contentName":"Audio","timeStampForEachText":[{"text":" The ","startDuration":"0.0000","endDuration":"0.3780","wordfile":[{"path":"audios\/wordfile-6192cacb64c9c.wav","mime":"audio\/x-wav","copyright":{"license":"U"}}]},{"text":" bear ","startDuration":"0.3780","endDuration":"0.8478","wordfile":[{"path":"audios\/wordfile-6192caebbd07e.wav","mime":"audio\/x-wav","copyright":{"license":"U"}}]},{"text":" wants ","startDuration":"0.8478","endDuration":"1.2936","wordfile":[{"path":"audios\/wordfile-6192cb08313ae.wav","mime":"audio\/x-wav","copyright":{"license":"U"}}]},{"text":" to ","startDuration":"1.2936","endDuration":"1.6699","wordfile":[{"path":"audios\/wordfile-6192cb2071308.wav","mime":"audio\/x-wav","copyright":{"license":"U"}}]},{"text":" find ","startDuration":"1.6699","endDuration":"2.0570","wordfile":[{"path":"audios\/wordfile-6192cb3d8e5c8.wav","mime":"audio\/x-wav","copyright":{"license":"U"}}]},{"text":" more ","startDuration":"2.0570","endDuration":"2.4167","wordfile":[{"path":"audios\/wordfile-6192cb57b8ca6.wav","mime":"audio\/x-wav","copyright":{"license":"U"}}]},{"text":" colours. ","startDuration":"2.4167","endDuration":"3.2151","wordfile":[{"path":"audios\/wordfile-6192cb6f54327.wav","mime":"audio\/x-wav","copyright":{"license":"U"}}]}],"glowColor":"#fff000","files":[{"path":"audios\/files-6192caa1f13d5.wav","mime":"audio\/x-wav","copyright":{"license":"U"}}]},"subContentId":"0d80debf-3573-430c-b10a-69df7745c274","metadata":{"contentType":"Curious Reader Audio","license":"U","title":"Untitled Curious Reader Audio"}},"backgroundOpacity":0,"willDoAnimation":false,"animationType":"glow","displayAsButton":false,"buttonSize":"big","goToSlideType":"specified","invisible":false},{"x":29.411764705882355,"y":49.49120885505316,"width":22.4400871459695,"height":39.99642802579568,"action":{"library":"H5P.Image 1.1","params":{"contentName":"Image"},"subContentId":"edc62f90-b399-4a1b-b50b-2aa7110553b5","metadata":{"contentType":"Image","license":"U","title":"Untitled Image"}},"backgroundOpacity":0,"willDoAnimation":true,"animationType":"glow","displayAsButton":false,"buttonSize":"big","goToSlideType":"specified","invisible":false,"id":"img0d80debf-3573-430c-b10a-69df7745c274_1"}],"slideBackgroundSelector":{}},{"elements":[{"x":20.061728395062,"y":10.364368520364,"width":54.012345679012,"height":82.324179157255,"action":{"library":"H5P.Image 1.1","params":{"contentName":"Image","file":{"path":"images\/file-6192cdb96ece5.jpg","mime":"image\/jpeg","copyright":{"license":"U"},"width":959,"height":689}},"subContentId":"3f5f7611-7666-40b3-8661-7eea3624e6f1","metadata":{"contentType":"Image","license":"U","title":"Untitled Image"}},"backgroundOpacity":0,"willDoAnimation":false,"animationType":"glow","displayAsButton":false,"buttonSize":"big","goToSlideType":"specified","invisible":false},{"x":44.66122004357299,"y":53.79479223375344,"width":20.26143790849673,"height":39.99642802579568,"action":{"library":"H5P.Image 1.1","params":{"contentName":"Image"},"subContentId":"0385909b-8170-4778-b4e0-c6af4937bd6d","metadata":{"contentType":"Image","license":"U","title":"Untitled Image"}},"backgroundOpacity":0,"willDoAnimation":true,"animationType":"glow","displayAsButton":false,"buttonSize":"big","goToSlideType":"specified","invisible":false}],"slideBackgroundSelector":{}},{"elements":[{"x":57.407407407407,"y":33.226946138815,"width":30.864197530864,"height":40.000060966874,"action":{"library":"H5P.CRAdvancedText 1.1","params":{"text":"<p style=\"text-align: center;\"><span style=\"font-size:2.25em;\">The bear has yellow ears.<\/span><\/p>\n"},"subContentId":"a54619eb-1c66-4af9-a227-619280715f67","metadata":{"contentType":"Text","license":"U","title":"Untitled Text"}},"alwaysDisplayComments":false,"backgroundOpacity":0,"willDoAnimation":false,"animationType":"glow","displayAsButton":false,"buttonSize":"big","goToSlideType":"specified","invisible":false,"solution":""},{"x":10.802469135802,"y":9.1450310473804,"width":43.20987654321,"height":82.324179157255,"action":{"library":"H5P.Image 1.1","params":{"contentName":"Image","file":{"path":"images\/file-6192cdeb36256.jpg","mime":"image\/jpeg","copyright":{"license":"U"},"width":639,"height":689},"alt":"The bear has yellow ears.","title":"The bear has yellow ears."},"subContentId":"b7197406-f0a8-4407-b448-d858cd93c3f5","metadata":{"contentType":"Image","license":"U","title":"Untitled Image"}},"backgroundOpacity":0,"willDoAnimation":false,"animationType":"glow","displayAsButton":false,"buttonSize":"big","goToSlideType":"specified","invisible":false},{"x":89.506172839506,"y":8.5258514785991,"width":6.3271604938272,"height":12.193374729841,"action":{"library":"H5P.CRAudio 1.4","params":{"fitToWrapper":true,"currIndex":4,"playerMode":"minimalistic","controls":true,"autoplay":true,"playAudio":"Play audio","pauseAudio":"Pause audio","contentName":"Audio","timeStampForEachText":[{"text":" The ","startDuration":"0.0000","endDuration":"0.1955","wordfile":[{"path":"audios\/wordfile-6192ce735da27.wav","mime":"audio\/x-wav","copyright":{"license":"U"}}]},{"text":" bear ","startDuration":"0.1955","endDuration":"0.8219","wordfile":[{"path":"audios\/wordfile-6192ce9a17bbf.wav","mime":"audio\/x-wav","copyright":{"license":"U"}}]},{"text":" has ","startDuration":"0.8219","endDuration":"1.1753","wordfile":[{"path":"audios\/wordfile-6192cec69d02c.wav","mime":"audio\/x-wav","copyright":{"license":"U"}}]},{"text":" yellow ","startDuration":"1.1753","endDuration":"1.9051","wordfile":[{"path":"audios\/wordfile-6192cee33b2b4.wav","mime":"audio\/x-wav","copyright":{"license":"U"}}]},{"text":" ears. ","startDuration":"1.9051","endDuration":"2.5170","wordfile":[{"path":"audios\/wordfile-6192cef2a2b28.wav","mime":"audio\/x-wav","copyright":{"license":"U"}}]}],"files":[{"path":"audios\/files-6192ce276ec5e.wav","mime":"audio\/x-wav","copyright":{"license":"U"}}],"glowColor":"#ff0000"},"subContentId":"bb5e2a9f-4bca-41d3-8559-aa49a6eb1b1f","metadata":{"contentType":"Curious Reader Audio","license":"U","title":"Untitled Curious Reader Audio"}},"backgroundOpacity":0,"willDoAnimation":false,"animationType":"glow","displayAsButton":false,"buttonSize":"big","goToSlideType":"specified","invisible":false},{"x":14.161220043572984,"y":30.125083650901924,"width":14.814814814814815,"height":31.416158664512007,"action":{"library":"H5P.Image 1.1","params":{"contentName":"Image"},"subContentId":"7a379b9f-7364-4f1b-9d41-3c09adc98a4a","metadata":{"contentType":"Image","license":"U","title":"Untitled Image"}},"backgroundOpacity":0,"willDoAnimation":true,"animationType":"glow","displayAsButton":false,"buttonSize":"big","goToSlideType":"specified","invisible":false,"id":"imgbb5e2a9f-4bca-41d3-8559-aa49a6eb1b1f_3"},{"x":34.85838779956427,"y":25.821500272201646,"width":13.725490196078432,"height":29.26436697516187,"action":{"library":"H5P.Image 1.1","params":{"contentName":"Image"},"subContentId":"4dd25b91-91dc-49bd-a70e-7fe00cb13141","metadata":{"contentType":"Image","license":"U","title":"Untitled Image"}},"backgroundOpacity":0,"willDoAnimation":true,"animationType":"glow","displayAsButton":false,"buttonSize":"big","goToSlideType":"specified","invisible":false,"id":"imgbb5e2a9f-4bca-41d3-8559-aa49a6eb1b1f_3"},{"x":14.161220043572984,"y":32.27687534025206,"width":13.725490196078432,"height":27.112575285811733,"action":{"library":"H5P.Image 1.1","params":{"contentName":"Image"},"subContentId":"fb73caee-11b4-4fe7-8e5a-26a5409f5d6c","metadata":{"contentType":"Image","license":"U","title":"Untitled Image"}},"backgroundOpacity":0,"willDoAnimation":true,"animationType":"glow","displayAsButton":false,"buttonSize":"big","goToSlideType":"specified","invisible":false,"id":"imgbb5e2a9f-4bca-41d3-8559-aa49a6eb1b1f_4"},{"x":35.947712418300654,"y":23.669708582851513,"width":13.725490196078432,"height":31.416158664512007,"action":{"library":"H5P.Image 1.1","params":{"contentName":"Image"},"subContentId":"56a9ee68-458e-441b-9c0b-f1598a824f2b","metadata":{"contentType":"Image","license":"U","title":"Untitled Image"}},"backgroundOpacity":0,"willDoAnimation":true,"animationType":"glow","displayAsButton":false,"buttonSize":"big","goToSlideType":"specified","invisible":false,"id":"imgbb5e2a9f-4bca-41d3-8559-aa49a6eb1b1f_4"},{"x":13.071895424836603,"y":30.125083650901924,"width":39.99978213507625,"height":69.01204788166866,"action":{"library":"H5P.Image 1.1","params":{"contentName":"Image"},"subContentId":"38b84b06-8e57-4ff9-af9c-8a8299cf084f","metadata":{"contentType":"Image","license":"U","title":"Untitled Image"}},"backgroundOpacity":0,"willDoAnimation":true,"animationType":"glow","displayAsButton":false,"buttonSize":"big","goToSlideType":"specified","invisible":false,"id":"imgbb5e2a9f-4bca-41d3-8559-aa49a6eb1b1f_1"}],"slideBackgroundSelector":{}},{"elements":[{"x":23.148148148148,"y":7.3160248379043,"width":57.911419753086,"height":85.353623108884,"action":{"library":"H5P.Image 1.1","params":{"contentName":"Image","file":{"path":"images\/file-6192cf30c0d11.jpg","mime":"image\/jpeg","copyright":{"license":"U"},"width":959,"height":689}},"subContentId":"3c79600a-a804-4ff8-af60-a91e719e9c40","metadata":{"contentType":"Image","license":"U","title":"Untitled Image"}},"backgroundOpacity":0,"willDoAnimation":false,"animationType":"glow","displayAsButton":false,"buttonSize":"big","goToSlideType":"specified","invisible":false},{"x":30.501089324618736,"y":58.098375612453715,"width":39.99978213507625,"height":35.692844647095406,"action":{"library":"H5P.Image 1.1","params":{"contentName":"Image"},"subContentId":"7e249644-c4b1-4352-81a4-17e5190a16b0","metadata":{"contentType":"Image","license":"U","title":"Untitled Image"}},"backgroundOpacity":0,"willDoAnimation":true,"animationType":"glow","displayAsButton":false,"buttonSize":"big","goToSlideType":"specified","invisible":false}],"slideBackgroundSelector":{}},{"elements":[{"x":54.012345679012,"y":33.531780507061,"width":35.493827160494,"height":40.000060966874,"action":{"library":"H5P.CRAdvancedText 1.1","params":{"text":"<p style=\"text-align: center;\"><span style=\"font-size:2.25em;\">The bear has a brown tummy.<\/span><\/p>\n"},"subContentId":"d3fb2005-f6b3-4f87-928f-4a3ed662ef3b","metadata":{"contentType":"Text","license":"U","title":"Untitled Text"}},"alwaysDisplayComments":false,"backgroundOpacity":0,"willDoAnimation":false,"animationType":"glow","displayAsButton":false,"buttonSize":"big","goToSlideType":"specified","invisible":false,"solution":""},{"x":9.2592592592593,"y":11.888540361595,"width":43.20987654321,"height":82.324179157255,"action":{"library":"H5P.Image 1.1","params":{"contentName":"Image","file":{"path":"images\/file-6192cf701173e.jpg","mime":"image\/jpeg","copyright":{"license":"U"},"width":639,"height":689},"alt":"The bear has a brown tummy.","title":"The bear has a brown tummy."},"subContentId":"f055827c-d668-4fc7-83ae-408b86bd3d72","metadata":{"contentType":"Image","license":"U","title":"Untitled Image"}},"backgroundOpacity":0,"willDoAnimation":false,"animationType":"glow","displayAsButton":false,"buttonSize":"big","goToSlideType":"specified","invisible":false},{"x":89.506172839506,"y":6.6873039533969,"width":6.1728395061728,"height":12.193374729841,"action":{"library":"H5P.CRAudio 1.4","params":{"fitToWrapper":true,"currIndex":6,"playerMode":"minimalistic","controls":true,"autoplay":true,"playAudio":"Play audio","pauseAudio":"Pause audio","contentName":"Audio","timeStampForEachText":[{"text":" The ","startDuration":"0.0000","endDuration":"0.3371","wordfile":[{"path":"audios\/wordfile-6192cfc587621.wav","mime":"audio\/x-wav","copyright":{"license":"U"}}]},{"text":" bear ","startDuration":"0.3371","endDuration":"0.7999","wordfile":[{"path":"audios\/wordfile-6192cfd9ad62f.wav","mime":"audio\/x-wav","copyright":{"license":"U"}}]},{"text":" has ","startDuration":"0.7999","endDuration":"1.1911","wordfile":[{"path":"audios\/wordfile-6192cff13975d.wav","mime":"audio\/x-wav","copyright":{"license":"U"}}]},{"text":" a ","startDuration":"1.1911","endDuration":"1.3643","wordfile":[{"path":"audios\/wordfile-6192d00a42168.wav","mime":"audio\/x-wav","copyright":{"license":"U"}}]},{"text":" brown ","startDuration":"1.3643","endDuration":"2.0183","wordfile":[{"path":"audios\/wordfile-6192d029ce83d.wav","mime":"audio\/x-wav","copyright":{"license":"U"}}]},{"text":" tummy. ","startDuration":"2.0183","endDuration":"2.6158","wordfile":[{"path":"audios\/wordfile-6192d04448f34.wav","mime":"audio\/x-wav","copyright":{"license":"U"}}]}],"files":[{"path":"audios\/files-6192cf9feae8e.wav","mime":"audio\/x-wav","copyright":{"license":"U"}}],"glowColor":"#fffc00"},"subContentId":"35a2501a-b209-413c-ab5f-bc9ce989cf75","metadata":{"contentType":"Curious Reader Audio","license":"U","title":"Untitled Curious Reader Audio"}},"backgroundOpacity":0,"willDoAnimation":false,"animationType":"glow","displayAsButton":false,"buttonSize":"big","goToSlideType":"specified","invisible":false},{"x":21.785403050108933,"y":34.4286670296022,"width":18.082788671023966,"height":44.326908800612834,"action":{"library":"H5P.Image 1.1","params":{"contentName":"Image"},"subContentId":"6df41349-00e0-4db9-b777-febb84247413","metadata":{"contentType":"Image","license":"U","title":"Untitled Image"}},"backgroundOpacity":0,"willDoAnimation":true,"animationType":"glow","displayAsButton":false,"buttonSize":"big","goToSlideType":"specified","invisible":false,"id":"img35a2501a-b209-413c-ab5f-bc9ce989cf75_4"},{"x":21.785403050108933,"y":32.27687534025206,"width":18.082788671023966,"height":46.47870048996297,"action":{"library":"H5P.Image 1.1","params":{"contentName":"Image"},"subContentId":"66a85438-f46b-482d-896a-bb9a60d6beb1","metadata":{"contentType":"Image","license":"U","title":"Untitled Image"}},"backgroundOpacity":0,"willDoAnimation":true,"animationType":"glow","displayAsButton":false,"buttonSize":"big","goToSlideType":"specified","invisible":false,"id":"img35a2501a-b209-413c-ab5f-bc9ce989cf75_5"}],"slideBackgroundSelector":{}},{"elements":[{"x":20.059259259259,"y":12.188619313696,"width":58.641975308642,"height":76.742052205934,"action":{"library":"H5P.Image 1.1","params":{"contentName":"Image","file":{"path":"images\/file-6192d11771f42.jpg","mime":"image\/jpeg","copyright":{"license":"U"},"width":959,"height":689}},"subContentId":"a2969324-0f61-46da-b21c-714fcefa2df2","metadata":{"contentType":"Image","license":"U","title":"Untitled Image"}},"backgroundOpacity":0,"willDoAnimation":false,"animationType":"glow","displayAsButton":false,"buttonSize":"big","goToSlideType":"specified","invisible":false},{"x":21.785403050108933,"y":45.18762547635289,"width":52.94117647058824,"height":39.99642802579568,"action":{"library":"H5P.Image 1.1","params":{"contentName":"Image"},"subContentId":"203c7101-eeaf-4c09-b44b-9cd0f6250c7b","metadata":{"contentType":"Image","license":"U","title":"Untitled Image"}},"backgroundOpacity":0,"willDoAnimation":true,"animationType":"glow","displayAsButton":false,"buttonSize":"big","goToSlideType":"specified","invisible":false}],"slideBackgroundSelector":{}},{"elements":[{"x":10.185185185185,"y":9.7546997838724,"width":40.924074074074,"height":84.758281587699,"action":{"library":"H5P.Image 1.1","params":{"contentName":"Image","file":{"path":"images\/file-6194035e7ece6.jpg","mime":"image\/jpeg","copyright":{"license":"U"},"width":639,"height":689}},"subContentId":"cedc5b4b-cae8-40d5-a905-65178cb80f05","metadata":{"contentType":"Image","license":"U","title":"Untitled Image"}},"backgroundOpacity":0,"willDoAnimation":false,"animationType":"glow","displayAsButton":false,"buttonSize":"big","goToSlideType":"specified","invisible":false},{"x":55.555555555556,"y":36.580124189522,"width":33.950617283951,"height":40.000060966874,"action":{"library":"H5P.CRAdvancedText 1.1","params":{"text":"<p style=\"text-align: center;\"><span style=\"font-size:2.25em;\">The bear has a red mouth.<\/span><\/p>\n"},"subContentId":"f60a0670-2206-46fa-beb1-8bd3f058ff11","metadata":{"contentType":"Text","license":"U","title":"Untitled Text"}},"alwaysDisplayComments":false,"backgroundOpacity":0,"willDoAnimation":false,"animationType":"glow","displayAsButton":false,"buttonSize":"big","goToSlideType":"specified","invisible":false,"solution":""},{"x":89.506172839506,"y":9.1450310473804,"width":6.1728395061728,"height":12.193374729841,"action":{"library":"H5P.CRAudio 1.4","params":{"fitToWrapper":true,"currIndex":8,"playerMode":"minimalistic","controls":true,"autoplay":true,"playAudio":"Play audio","pauseAudio":"Pause audio","contentName":"Audio","timeStampForEachText":[{"text":" The ","startDuration":"0.0000","endDuration":"0.3064","wordfile":[{"path":"audios\/wordfile-6192d1afbf2f6.wav","mime":"audio\/x-wav","copyright":{"license":"U"}}]},{"text":" bear ","startDuration":"0.3064","endDuration":"0.7242","wordfile":[{"path":"audios\/wordfile-6192d1c57fa90.wav","mime":"audio\/x-wav","copyright":{"license":"U"}}]},{"text":" has ","startDuration":"0.7242","endDuration":"1.1259","wordfile":[{"path":"audios\/wordfile-6192d1ddf2a06.wav","mime":"audio\/x-wav","copyright":{"license":"U"}}]},{"text":" a ","startDuration":"1.1259","endDuration":"1.4097","wordfile":[{"path":"audios\/wordfile-6192d1f3b41a7.wav","mime":"audio\/x-wav","copyright":{"license":"U"}}]},{"text":" red ","startDuration":"1.4097","endDuration":"1.8891","wordfile":[{"path":"audios\/wordfile-6192d20fd7bdb.wav","mime":"audio\/x-wav","copyright":{"license":"U"}}]},{"text":" mouth. ","startDuration":"1.8891","endDuration":"2.3460","wordfile":[{"path":"audios\/wordfile-6192d2379ad94.wav","mime":"audio\/x-wav","copyright":{"license":"U"}}]}],"files":[{"path":"audios\/files-6192d18fcaa19.wav","mime":"audio\/x-wav","copyright":{"license":"U"}}],"glowColor":"#00ffd8"},"subContentId":"af532f26-ec46-4954-8af3-66133e986c4d","metadata":{"contentType":"Curious Reader Audio","license":"U","title":"Untitled Curious Reader Audio"}},"backgroundOpacity":0,"willDoAnimation":false,"animationType":"glow","displayAsButton":false,"buttonSize":"big","goToSlideType":"specified","invisible":false},{"x":11.982570806100219,"y":8.60716675740055,"width":33.333333333333336,"height":39.99642802579568,"action":{"library":"H5P.Image 1.1","params":{"contentName":"Image"},"subContentId":"e16bcbc2-fb44-4892-8e04-15b733baf03a","metadata":{"contentType":"Image","license":"U","title":"Untitled Image"}},"backgroundOpacity":0,"willDoAnimation":true,"animationType":"glow","displayAsButton":false,"buttonSize":"big","goToSlideType":"specified","invisible":false,"id":"imgaf532f26-ec46-4954-8af3-66133e986c4d_1"},{"x":9.803921568627452,"y":43.035833787002744,"width":6.1002178649237475,"height":14.201825149710906,"action":{"library":"H5P.Image 1.1","params":{"contentName":"Image"},"subContentId":"13e82656-f00c-43be-8d77-1ce333669c6d","metadata":{"contentType":"Image","license":"U","title":"Untitled Image"}},"backgroundOpacity":0,"willDoAnimation":true,"animationType":"glow","displayAsButton":false,"buttonSize":"big","goToSlideType":"specified","invisible":false,"id":"imgaf532f26-ec46-4954-8af3-66133e986c4d_4"},{"x":22.875816993464053,"y":55.946583923103574,"width":7.189542483660131,"height":16.353616839061043,"action":{"library":"H5P.Image 1.1","params":{"contentName":"Image"},"subContentId":"295e0473-3f83-4366-9858-07dfcad047bd","metadata":{"contentType":"Image","license":"U","title":"Untitled Image"}},"backgroundOpacity":0,"willDoAnimation":true,"animationType":"glow","displayAsButton":false,"buttonSize":"big","goToSlideType":"specified","invisible":false,"id":"imgaf532f26-ec46-4954-8af3-66133e986c4d_4"},{"x":22.875816993464053,"y":77.46450081660495,"width":8.278867102396514,"height":14.201825149710906,"action":{"library":"H5P.Image 1.1","params":{"contentName":"Image"},"subContentId":"8add41a8-6f32-4244-b126-4c335a0b81f0","metadata":{"contentType":"Image","license":"U","title":"Untitled Image"}},"backgroundOpacity":0,"willDoAnimation":true,"animationType":"glow","displayAsButton":false,"buttonSize":"big","goToSlideType":"specified","invisible":false,"id":"imgaf532f26-ec46-4954-8af3-66133e986c4d_4"},{"x":39.21568627450981,"y":64.55375068050412,"width":7.189542483660131,"height":16.353616839061043,"action":{"library":"H5P.Image 1.1","params":{"contentName":"Image"},"subContentId":"687823dc-0368-49f4-a8fa-9f6c07a631cc","metadata":{"contentType":"Image","license":"U","title":"Untitled Image"}},"backgroundOpacity":0,"willDoAnimation":true,"animationType":"glow","displayAsButton":false,"buttonSize":"big","goToSlideType":"specified","invisible":false,"id":"imgaf532f26-ec46-4954-8af3-66133e986c4d_4"},{"x":16.338779956427015,"y":21.517916893501372,"width":6.1002178649237475,"height":12.050033460360769,"action":{"library":"H5P.Image 1.1","params":{"contentName":"Image"},"subContentId":"8a3d509e-b322-486e-bcf9-8055ec39ac00","metadata":{"contentType":"Image","license":"U","title":"Untitled Image"}},"backgroundOpacity":0,"willDoAnimation":true,"animationType":"glow","displayAsButton":false,"buttonSize":"big","goToSlideType":"specified","invisible":false,"id":"imgaf532f26-ec46-4954-8af3-66133e986c4d_4"},{"x":16.338779956427015,"y":21.517916893501372,"width":6.1002178649237475,"height":14.201825149710906,"action":{"library":"H5P.Image 1.1","params":{"contentName":"Image"},"subContentId":"a4164ae1-c840-4370-9a08-c89a879acc19","metadata":{"contentType":"Image","license":"U","title":"Untitled Image"}},"backgroundOpacity":0,"willDoAnimation":true,"animationType":"glow","displayAsButton":false,"buttonSize":"big","goToSlideType":"specified","invisible":false,"id":"imgaf532f26-ec46-4954-8af3-66133e986c4d_5"}],"slideBackgroundSelector":{}},{"elements":[{"x":18.518518518519,"y":9.1355202150911,"width":61.728395061728,"height":79.256935743964,"action":{"library":"H5P.Image 1.1","params":{"contentName":"Image","file":{"path":"images\/file-6193ed5b8592f.jpg","mime":"image\/jpeg","copyright":{"license":"U"},"width":959,"height":689}},"subContentId":"64bf02f3-a49a-4edf-9aa0-39a15d53e1ec","metadata":{"contentType":"Image","license":"U","title":"Untitled Image"}},"backgroundOpacity":0,"willDoAnimation":false,"animationType":"glow","displayAsButton":false,"buttonSize":"big","goToSlideType":"specified","invisible":false},{"x":29.411764705882355,"y":21.517916893501376,"width":40,"height":40,"action":{"library":"H5P.Image 1.1","params":{"contentName":"Image"},"subContentId":"3cca77b0-c8ef-4838-8aba-4246abac6a13","metadata":{"contentType":"Image","license":"U","title":"Untitled Image"}},"backgroundOpacity":0,"willDoAnimation":true,"animationType":"glow","displayAsButton":false,"buttonSize":"big","goToSlideType":"specified","invisible":false}],"slideBackgroundSelector":{}},{"elements":[{"x":54.012345679012,"y":36.580124189522,"width":40,"height":40,"action":{"library":"H5P.CRAdvancedText 1.1","params":{"text":"<p style=\"text-align: center;\"><span style=\"font-size:2.25em;\">&nbsp;The bear has blue hands.<\/span><\/p>\n"},"subContentId":"9ec81b23-2866-4083-bddd-86a044453085","metadata":{"contentType":"Text","license":"U","title":"Untitled Text"}},"alwaysDisplayComments":false,"backgroundOpacity":0,"willDoAnimation":false,"animationType":"glow","displayAsButton":false,"buttonSize":"big","goToSlideType":"specified","invisible":false,"solution":""},{"x":9.2592592592593,"y":9.4498654156264,"width":43.20987654321,"height":79.037759833195,"action":{"library":"H5P.Image 1.1","params":{"contentName":"Image","file":{"path":"images\/file-6193eda9313ec.jpg","mime":"image\/jpeg","copyright":{"license":"U"},"width":639,"height":689},"alt":"The bear has blue hands.","title":"The bear has blue hands."},"subContentId":"e9ece4bd-00f1-4ec9-bce6-19b0a27e9600","metadata":{"contentType":"Image","license":"U","title":"Untitled Image"}},"backgroundOpacity":0,"willDoAnimation":false,"animationType":"glow","displayAsButton":false,"buttonSize":"big","goToSlideType":"specified","invisible":false},{"x":89.506172839506,"y":12.183863897551,"width":6.1728395061728,"height":12.193374729841,"action":{"library":"H5P.CRAudio 1.4","params":{"fitToWrapper":true,"currIndex":10,"playerMode":"minimalistic","controls":true,"autoplay":true,"playAudio":"Play audio","pauseAudio":"Pause audio","contentName":"Audio","timeStampForEachText":[{"text":" \u00a0The ","startDuration":"0.0041","endDuration":"0.2327","wordfile":[{"path":"audios\/wordfile-6193ede96495a.wav","mime":"audio\/x-wav","copyright":{"license":"U"}}]},{"text":" bear ","startDuration":"0.2327","endDuration":"0.7074","wordfile":[{"path":"audios\/wordfile-6193ee0df1643.wav","mime":"audio\/x-wav","copyright":{"license":"U"}}]},{"text":" has ","startDuration":"0.7197","endDuration":"1.1870","wordfile":[{"path":"audios\/wordfile-6193ee305a96d.wav","mime":"audio\/x-wav","copyright":{"license":"U"}}]},{"text":" blue ","startDuration":"1.1666","endDuration":"1.7383","wordfile":[{"path":"audios\/wordfile-6193ee7075161.wav","mime":"audio\/x-wav","copyright":{"license":"U"}}]},{"text":" hands. ","startDuration":"1.7383","endDuration":"2.4779","wordfile":[{"path":"audios\/wordfile-6193ee877bcae.wav","mime":"audio\/x-wav","copyright":{"license":"U"}}]}],"files":[{"path":"audios\/files-6193edc9eab29.wav","mime":"audio\/x-wav","copyright":{"license":"U"}}],"glowColor":"#ff00e5"},"subContentId":"6c118989-5976-4b31-8069-7951c84eb2bf","metadata":{"contentType":"Curious Reader Audio","license":"U","title":"Untitled Curious Reader Audio"}},"backgroundOpacity":0,"willDoAnimation":false,"animationType":"glow","displayAsButton":false,"buttonSize":"big","goToSlideType":"specified","invisible":false},{"x":18.51851851851852,"y":2.1517916893501376,"width":25.70806100217865,"height":96.98533984322046,"action":{"library":"H5P.Image 1.1","params":{"contentName":"Image"},"subContentId":"15aa7fcb-95e5-49be-8fd2-7c6d0db363f6","metadata":{"contentType":"Image","license":"U","title":"Untitled Image"}},"backgroundOpacity":0,"willDoAnimation":true,"animationType":"glow","displayAsButton":false,"buttonSize":"big","goToSlideType":"specified","invisible":false,"id":"img6c118989-5976-4b31-8069-7951c84eb2bf_1"},{"x":19.607843137254903,"y":10.758958446750686,"width":8.278867102396514,"height":22.808991907111455,"action":{"library":"H5P.Image 1.1","params":{"contentName":"Image"},"subContentId":"d83d28c1-f1a0-45f9-801b-7af42f6c97e2","metadata":{"contentType":"Image","license":"U","title":"Untitled Image"}},"backgroundOpacity":0,"willDoAnimation":true,"animationType":"glow","displayAsButton":false,"buttonSize":"big","goToSlideType":"specified","invisible":false,"id":"img6c118989-5976-4b31-8069-7951c84eb2bf_3"},{"x":34.85838779956427,"y":10.758958446750686,"width":5.010893246187364,"height":14.201825149710906,"action":{"library":"H5P.Image 1.1","params":{"contentName":"Image"},"subContentId":"dbc4d7d1-93a2-4e93-afd4-4bb68f914860","metadata":{"contentType":"Image","license":"U","title":"Untitled Image"}},"backgroundOpacity":0,"willDoAnimation":true,"animationType":"glow","displayAsButton":false,"buttonSize":"big","goToSlideType":"specified","invisible":false,"id":"img6c118989-5976-4b31-8069-7951c84eb2bf_3"},{"x":19.607843137254903,"y":8.60716675740055,"width":8.278867102396514,"height":22.808991907111455,"action":{"library":"H5P.Image 1.1","params":{"contentName":"Image"},"subContentId":"8f5baebb-7a85-498b-bdf9-6db455a03875","metadata":{"contentType":"Image","license":"U","title":"Untitled Image"}},"backgroundOpacity":0,"willDoAnimation":true,"animationType":"glow","displayAsButton":false,"buttonSize":"big","goToSlideType":"specified","invisible":false,"id":"img6c118989-5976-4b31-8069-7951c84eb2bf_4"},{"x":34.85838779956427,"y":10.758958446750686,"width":5.010893246187364,"height":14.201825149710906,"action":{"library":"H5P.Image 1.1","params":{"contentName":"Image"},"subContentId":"c212aedc-ba46-42a6-95a2-d2df964a8c37","metadata":{"contentType":"Image","license":"U","title":"Untitled Image"}},"backgroundOpacity":0,"willDoAnimation":true,"animationType":"glow","displayAsButton":false,"buttonSize":"big","goToSlideType":"specified","invisible":false,"id":"img6c118989-5976-4b31-8069-7951c84eb2bf_4"}],"slideBackgroundSelector":{}},{"elements":[{"x":23.148148148148,"y":9.1450310473804,"width":55.555555555556,"height":86.08248208336,"action":{"library":"H5P.Image 1.1","params":{"contentName":"Image","file":{"path":"images\/file-6193eea91df22.jpg","mime":"image\/jpeg","copyright":{"license":"U"},"width":959,"height":689}},"subContentId":"fbd5b87a-920f-496d-a024-6815955858f2","metadata":{"contentType":"Image","license":"U","title":"Untitled Image"}},"backgroundOpacity":0,"willDoAnimation":false,"animationType":"glow","displayAsButton":false,"buttonSize":"big","goToSlideType":"specified","invisible":false},{"x":33.769063180827885,"y":10.758958446750686,"width":39.99978213507625,"height":50.78228386866324,"action":{"library":"H5P.Image 1.1","params":{"contentName":"Image"},"subContentId":"fb7a3546-a16e-4a1d-a133-8ec7a3e3956c","metadata":{"contentType":"Image","license":"U","title":"Untitled Image"}},"backgroundOpacity":0,"willDoAnimation":true,"animationType":"glow","displayAsButton":false,"buttonSize":"big","goToSlideType":"specified","invisible":false}],"slideBackgroundSelector":{}},{"elements":[{"x":52.469135802469,"y":33.531780507061,"width":40,"height":40,"action":{"library":"H5P.CRAdvancedText 1.1","params":{"text":"<p style=\"text-align: center;\"><span style=\"font-size:2.25em;\">The bear has a green back.<\/span><\/p>\n"},"subContentId":"87bb7851-d4d8-4805-8f0c-2ecad339c109","metadata":{"contentType":"Text","license":"U","title":"Untitled Text"}},"alwaysDisplayComments":false,"backgroundOpacity":0,"willDoAnimation":false,"animationType":"glow","displayAsButton":false,"buttonSize":"big","goToSlideType":"specified","invisible":false,"solution":""},{"x":7.716049382716,"y":12.193374729841,"width":41.596759259259,"height":79.256935743964,"action":{"library":"H5P.Image 1.1","params":{"contentName":"Image","file":{"path":"images\/file-6193ef231da7c.jpg","mime":"image\/jpeg","copyright":{"license":"U"},"width":639,"height":689},"alt":"The bear has a green back.","title":"The bear has a green back."},"subContentId":"7a48eac6-c7d1-4942-a286-7cb0177ec7b7","metadata":{"contentType":"Image","license":"U","title":"Untitled Image"}},"backgroundOpacity":0,"willDoAnimation":false,"animationType":"glow","displayAsButton":false,"buttonSize":"big","goToSlideType":"specified","invisible":false},{"x":89.66049382716,"y":7.9256935743964,"width":6.1728395061728,"height":12.193374729841,"action":{"library":"H5P.CRAudio 1.4","params":{"fitToWrapper":true,"currIndex":12,"playerMode":"minimalistic","controls":true,"autoplay":true,"playAudio":"Play audio","pauseAudio":"Pause audio","contentName":"Audio","timeStampForEachText":[{"text":" The ","startDuration":"0.0000","endDuration":"0.2604","wordfile":[{"path":"audios\/wordfile-6193ef6d2a904.wav","mime":"audio\/x-wav","copyright":{"license":"U"}}]},{"text":" bear ","startDuration":"0.2604","endDuration":"0.7753","wordfile":[{"path":"audios\/wordfile-6193ef8a5c05f.wav","mime":"audio\/x-wav","copyright":{"license":"U"}}]},{"text":" has ","startDuration":"0.7753","endDuration":"1.1867","wordfile":[{"path":"audios\/wordfile-6193efb52de8f.wav","mime":"audio\/x-wav","copyright":{"license":"U"}}]},{"text":" a ","startDuration":"1.2040","endDuration":"1.4385","wordfile":[{"path":"audios\/wordfile-6193efc5e44de.wav","mime":"audio\/x-wav","copyright":{"license":"U"}}]},{"text":" green ","startDuration":"1.4385","endDuration":"2.0224","wordfile":[{"path":"audios\/wordfile-6193efe427af7.wav","mime":"audio\/x-wav","copyright":{"license":"U"}}]},{"text":" back. ","startDuration":"2.0224","endDuration":"2.6142","wordfile":[{"path":"audios\/wordfile-6193eff62282c.wav","mime":"audio\/x-wav","copyright":{"license":"U"}}]}],"files":[{"path":"audios\/files-6193ef426ddd8.wav","mime":"audio\/x-wav","copyright":{"license":"U"}}],"glowColor":"#00ffb6"},"subContentId":"c4df1360-0119-4900-8b56-57405c350ffe","metadata":{"contentType":"Curious Reader Audio","license":"U","title":"Untitled Curious Reader Audio"}},"backgroundOpacity":0,"willDoAnimation":false,"animationType":"glow","displayAsButton":false,"buttonSize":"big","goToSlideType":"specified","invisible":false},{"x":19.607843137254903,"y":43.035833787002744,"width":11.546840958605666,"height":39.99642802579568,"action":{"library":"H5P.Image 1.1","params":{"contentName":"Image"},"subContentId":"8c9f8147-89e2-4a66-bac1-cfb6290d2047","metadata":{"contentType":"Image","license":"U","title":"Untitled Image"}},"backgroundOpacity":0,"willDoAnimation":true,"animationType":"glow","displayAsButton":false,"buttonSize":"big","goToSlideType":"specified","invisible":false,"id":"imgc4df1360-0119-4900-8b56-57405c350ffe_4"},{"x":18.51851851851852,"y":43.035833787002744,"width":12.636165577342048,"height":39.99642802579568,"action":{"library":"H5P.Image 1.1","params":{"contentName":"Image"},"subContentId":"bf20638a-863a-49f8-85b2-2b300635e6ec","metadata":{"contentType":"Image","license":"U","title":"Untitled Image"}},"backgroundOpacity":0,"willDoAnimation":true,"animationType":"glow","displayAsButton":false,"buttonSize":"big","goToSlideType":"specified","invisible":false,"id":"imgc4df1360-0119-4900-8b56-57405c350ffe_5"},{"x":18.51851851851852,"y":21.517916893501372,"width":23.529411764705884,"height":70.14840907281447,"action":{"library":"H5P.Image 1.1","params":{"contentName":"Image"},"subContentId":"09736f66-a977-4dfd-81ad-0320b60c4ee0","metadata":{"contentType":"Image","license":"U","title":"Untitled Image"}},"backgroundOpacity":0,"willDoAnimation":true,"animationType":"glow","displayAsButton":false,"buttonSize":"big","goToSlideType":"specified","invisible":false,"id":"imgc4df1360-0119-4900-8b56-57405c350ffe_1"}],"slideBackgroundSelector":{}},{"elements":[{"x":24.691358024691,"y":9.1450310473804,"width":55.555555555556,"height":79.247485878548,"action":{"library":"H5P.Image 1.1","params":{"contentName":"Image","file":{"path":"images\/file-6193f02cab490.jpg","mime":"image\/jpeg","copyright":{"license":"U"},"width":959,"height":689}},"subContentId":"38afd990-5537-49f4-b854-a692d2cc3574","metadata":{"contentType":"Image","license":"U","title":"Untitled Image"}},"backgroundOpacity":0,"willDoAnimation":false,"animationType":"glow","displayAsButton":false,"buttonSize":"big","goToSlideType":"specified","invisible":false},{"x":45.751633986928105,"y":68.8573340592044,"width":10.457516339869281,"height":14.17492775359403,"action":{"library":"H5P.Image 1.1","params":{"contentName":"Image"},"subContentId":"19121c22-99bb-4764-937a-927f717159f4","metadata":{"contentType":"Image","license":"U","title":"Untitled Image"}},"backgroundOpacity":0,"willDoAnimation":true,"animationType":"glow","displayAsButton":false,"buttonSize":"big","goToSlideType":"specified","invisible":false}],"slideBackgroundSelector":{}},{"elements":[{"x":37.037037037037,"y":9.1450310473804,"width":52.469135802469,"height":78.623489926748,"action":{"library":"H5P.Image 1.1","params":{"contentName":"Image","file":{"path":"images\/file-6193f06ce0659.jpg","mime":"image\/jpeg","copyright":{"license":"U"},"width":959,"height":689},"alt":"The bear has pink legs.","title":"The bear has pink legs."},"subContentId":"38891266-337e-43fc-8f0f-d29d70aa11cf","metadata":{"contentType":"Image","license":"U","title":"Untitled Image"}},"backgroundOpacity":0,"willDoAnimation":false,"animationType":"glow","displayAsButton":false,"buttonSize":"big","goToSlideType":"specified","invisible":false},{"x":7.716049382716,"y":36.580124189522,"width":40,"height":40,"action":{"library":"H5P.CRAdvancedText 1.1","params":{"text":"<p style=\"text-align: center;\"><span style=\"font-size:2.25em;\">The bear has pink legs.<\/span><\/p>\n"},"subContentId":"876b422e-6525-4834-ad2c-7cf6c738bcf6","metadata":{"contentType":"Text","license":"U","title":"Untitled Text"}},"alwaysDisplayComments":false,"backgroundOpacity":0,"willDoAnimation":false,"animationType":"glow","displayAsButton":false,"buttonSize":"big","goToSlideType":"specified","invisible":false,"solution":""},{"x":89.506172839506,"y":7.0111904696583,"width":6.1728395061728,"height":12.193374729841,"action":{"library":"H5P.CRAudio 1.4","params":{"fitToWrapper":true,"currIndex":14,"playerMode":"minimalistic","controls":true,"autoplay":true,"playAudio":"Play audio","pauseAudio":"Pause audio","contentName":"Audio","timeStampForEachText":[{"text":" The ","startDuration":"0.0000","endDuration":"0.2695","wordfile":[{"path":"audios\/wordfile-6193f0be019fe.wav","mime":"audio\/x-wav","copyright":{"license":"U"}}]},{"text":" bear ","startDuration":"0.2695","endDuration":"0.7743","wordfile":[{"path":"audios\/wordfile-6193f0d821aa1.wav","mime":"audio\/x-wav","copyright":{"license":"U"}}]},{"text":" has ","startDuration":"0.7743","endDuration":"1.2328","wordfile":[{"path":"audios\/wordfile-6193f0f50b0a1.wav","mime":"audio\/x-wav","copyright":{"license":"U"}}]},{"text":" pink ","startDuration":"1.2328","endDuration":"1.6836","wordfile":[{"path":"audios\/wordfile-6193f1159cff2.wav","mime":"audio\/x-wav","copyright":{"license":"U"}}]},{"text":" legs. ","startDuration":"1.6836","endDuration":"2.3384","wordfile":[{"path":"audios\/wordfile-6193f12d5381f.wav","mime":"audio\/x-wav","copyright":{"license":"U"}}]}],"files":[{"path":"audios\/files-6193f0986a3c4.wav","mime":"audio\/x-wav","copyright":{"license":"U"}}],"glowColor":"#f7ff00"},"subContentId":"484b2f68-f640-4d72-aab8-cbb3f45f982a","metadata":{"contentType":"Curious Reader Audio","license":"U","title":"Untitled Curious Reader Audio"}},"backgroundOpacity":0,"willDoAnimation":false,"animationType":"glow","displayAsButton":false,"buttonSize":"big","goToSlideType":"specified","invisible":false},{"x":65.35838779956427,"y":30.125083650901924,"width":25.83856209150327,"height":55.08586724736352,"action":{"library":"H5P.Image 1.1","params":{"contentName":"Image"},"subContentId":"d145404c-5501-4468-8212-c34a64c54aad","metadata":{"contentType":"Image","license":"U","title":"Untitled Image"}},"backgroundOpacity":0,"willDoAnimation":true,"animationType":"glow","displayAsButton":false,"buttonSize":"big","goToSlideType":"specified","invisible":false,"id":"img484b2f68-f640-4d72-aab8-cbb3f45f982a_1"},{"x":67.53812636165577,"y":68.8573340592044,"width":21.481263616557737,"height":18.478511132294305,"action":{"library":"H5P.Image 1.1","params":{"contentName":"Image"},"subContentId":"abad53af-6122-4455-9651-16146397d2eb","metadata":{"contentType":"Image","license":"U","title":"Untitled Image"}},"backgroundOpacity":0,"willDoAnimation":true,"animationType":"glow","displayAsButton":false,"buttonSize":"big","goToSlideType":"specified","invisible":false,"id":"img484b2f68-f640-4d72-aab8-cbb3f45f982a_3"},{"x":67.53812636165577,"y":66.70554236985427,"width":21.350762527233115,"height":20.63030282164444,"action":{"library":"H5P.Image 1.1","params":{"contentName":"Image"},"subContentId":"c1503afc-d39a-40ae-8a7f-ee9182447332","metadata":{"contentType":"Image","license":"U","title":"Untitled Image"}},"backgroundOpacity":0,"willDoAnimation":true,"animationType":"glow","displayAsButton":false,"buttonSize":"big","goToSlideType":"specified","invisible":false,"id":"img484b2f68-f640-4d72-aab8-cbb3f45f982a_4"}],"slideBackgroundSelector":{}},{"elements":[{"x":54.012345679012,"y":33.531780507061,"width":40,"height":40,"action":{"library":"H5P.CRAdvancedText 1.1","params":{"text":"<p style=\"text-align: center;\"><span style=\"font-size:2.25em;\">&nbsp;The bear is colourful.<\/span><\/p>\n"},"subContentId":"4a543816-49e0-4aa6-87c4-307e852f8015","metadata":{"contentType":"Text","license":"U","title":"Untitled Text"}},"alwaysDisplayComments":false,"backgroundOpacity":0,"willDoAnimation":false,"animationType":"glow","displayAsButton":false,"buttonSize":"big","goToSlideType":"specified","invisible":false,"solution":""},{"x":7.716049382716,"y":15.241718412301,"width":44.753086419753,"height":68.211567244937,"action":{"library":"H5P.Image 1.1","params":{"contentName":"Image","file":{"path":"images\/file-6193f18373075.jpg","mime":"image\/jpeg","copyright":{"license":"U"},"width":959,"height":689},"alt":"The bear is colourful.","title":"The bear is colourful."},"subContentId":"b485e879-03e9-42e1-97e6-ef2f952a1a7f","metadata":{"contentType":"Image","license":"U","title":"Untitled Image"}},"backgroundOpacity":0,"willDoAnimation":false,"animationType":"glow","displayAsButton":false,"buttonSize":"big","goToSlideType":"specified","invisible":false},{"x":90.895061728395,"y":6.4015217331663,"width":6.1728395061728,"height":12.193374729841,"action":{"library":"H5P.CRAudio 1.4","params":{"fitToWrapper":true,"currIndex":15,"playerMode":"minimalistic","controls":true,"autoplay":true,"playAudio":"Play audio","pauseAudio":"Pause audio","contentName":"Audio","timeStampForEachText":[{"text":" \u00a0The ","startDuration":"0.0000","endDuration":"0.2933","wordfile":[{"path":"audios\/wordfile-6193f1c6e818a.wav","mime":"audio\/x-wav","copyright":{"license":"U"}}]},{"text":" bear ","startDuration":"0.2933","endDuration":"0.8439","wordfile":[{"path":"audios\/wordfile-6193f1e90a0ae.wav","mime":"audio\/x-wav","copyright":{"license":"U"}}]},{"text":" is ","startDuration":"0.8439","endDuration":"1.2267","wordfile":[{"path":"audios\/wordfile-6193f1fda5c7a.wav","mime":"audio\/x-wav","copyright":{"license":"U"}}]},{"text":" colourful. ","startDuration":"1.2267","endDuration":"2.2605","wordfile":[{"path":"audios\/wordfile-6193f21361573.wav","mime":"audio\/x-wav","copyright":{"license":"U"}}]}],"files":[{"path":"audios\/files-6193f1abce9a5.wav","mime":"audio\/x-wav","copyright":{"license":"U"}}],"glowColor":"#fffc00"},"subContentId":"3c7e0fcc-d4d2-4aff-af0b-4d91e5b5f0f9","metadata":{"contentType":"Curious Reader Audio","license":"U","title":"Untitled Curious Reader Audio"}},"backgroundOpacity":0,"willDoAnimation":false,"animationType":"glow","displayAsButton":false,"buttonSize":"big","goToSlideType":"specified","invisible":false},{"x":7.625272331154684,"y":4.303583378700275,"width":15.9041394335512,"height":55.08586724736352,"action":{"library":"H5P.Image 1.1","params":{"contentName":"Image"},"subContentId":"474a9fd9-17f9-46fc-8e8f-5e26e9813374","metadata":{"contentType":"Image","license":"U","title":"Untitled Image"}},"backgroundOpacity":0,"willDoAnimation":true,"animationType":"glow","displayAsButton":false,"buttonSize":"big","goToSlideType":"specified","invisible":false,"id":"img3c7e0fcc-d4d2-4aff-af0b-4d91e5b5f0f9_1"},{"x":33.769063180827885,"y":43.035833787002744,"width":21.350762527233115,"height":39.99642802579568,"action":{"library":"H5P.Image 1.1","params":{"contentName":"Image"},"subContentId":"3e0a34d1-bce5-47ba-a81e-be93277f049a","metadata":{"contentType":"Image","license":"U","title":"Untitled Image"}},"backgroundOpacity":0,"willDoAnimation":true,"animationType":"glow","displayAsButton":false,"buttonSize":"big","goToSlideType":"specified","invisible":false,"id":"img3c7e0fcc-d4d2-4aff-af0b-4d91e5b5f0f9_1"},{"x":32.67864923747277,"y":40.88404209765261,"width":22.4400871459695,"height":39.99642802579568,"action":{"library":"H5P.Image 1.1","params":{"contentName":"Image"},"subContentId":"1f9b8074-349d-427d-b76e-fd6fc48524dd","metadata":{"contentType":"Image","license":"U","title":"Untitled Image"}},"backgroundOpacity":0,"willDoAnimation":true,"animationType":"glow","displayAsButton":false,"buttonSize":"big","goToSlideType":"specified","invisible":false,"id":"img3c7e0fcc-d4d2-4aff-af0b-4d91e5b5f0f9_3"},{"x":6.535947712418301,"y":6.455375068050412,"width":16.99346405228758,"height":50.78228386866324,"action":{"library":"H5P.Image 1.1","params":{"contentName":"Image"},"subContentId":"bfc739f8-686e-4073-9471-8b2f4236341a","metadata":{"contentType":"Image","license":"U","title":"Untitled Image"}},"backgroundOpacity":0,"willDoAnimation":true,"animationType":"glow","displayAsButton":false,"buttonSize":"big","goToSlideType":"specified","invisible":false,"id":"img3c7e0fcc-d4d2-4aff-af0b-4d91e5b5f0f9_3"}],"slideBackgroundSelector":{}},{"elements":[{"x":24.691358024691,"y":12.188619313696,"width":52.220833333333,"height":79.252058394072,"action":{"library":"H5P.Image 1.1","params":{"contentName":"Image","file":{"path":"images\/file-6193f33076eb9.jpg","mime":"image\/jpeg","copyright":{"license":"U"},"width":959,"height":689}},"subContentId":"508d687c-717e-4c95-9e3b-9646c6b0c1fd","metadata":{"contentType":"Image","license":"U","title":"Untitled Image"}},"backgroundOpacity":0,"willDoAnimation":false,"animationType":"glow","displayAsButton":false,"buttonSize":"big","goToSlideType":"specified","invisible":false},{"x":29.411764705882355,"y":12.910750136100823,"width":21.350762527233115,"height":48.63049217931311,"action":{"library":"H5P.Image 1.1","params":{"contentName":"Image"},"subContentId":"83552b69-f67c-4abb-aca2-0f5b0f9a3c2e","metadata":{"contentType":"Image","license":"U","title":"Untitled Image"}},"backgroundOpacity":0,"willDoAnimation":true,"animationType":"glow","displayAsButton":false,"buttonSize":"big","goToSlideType":"specified","invisible":false},{"x":52.28758169934641,"y":40.88404209765261,"width":26.926797385620915,"height":50.78228386866324,"action":{"library":"H5P.Image 1.1","params":{"contentName":"Image"},"subContentId":"007ed368-8951-4570-8090-50b3b59376f2","metadata":{"contentType":"Image","license":"U","title":"Untitled Image"}},"backgroundOpacity":0,"willDoAnimation":true,"animationType":"glow","displayAsButton":false,"buttonSize":"big","goToSlideType":"specified","invisible":false}],"slideBackgroundSelector":{}},{"elements":[{"x":23.148148148148,"y":9.1355202150911,"width":54.012345679012,"height":82.329056507147,"action":{"library":"H5P.Image 1.1","params":{"contentName":"Image","file":{"path":"images\/file-6193f352af4e7.jpg","mime":"image\/jpeg","copyright":{"license":"U"},"width":959,"height":689}},"subContentId":"ba71b18f-27dd-4a37-81b8-c9e1a6dfe70a","metadata":{"contentType":"Image","license":"U","title":"Untitled Image"}},"backgroundOpacity":0,"willDoAnimation":false,"animationType":"glow","displayAsButton":false,"buttonSize":"big","goToSlideType":"specified","invisible":false},{"x":30.000108932461874,"y":30.000710091257485,"width":40,"height":40,"action":{"library":"H5P.Image 1.1","params":{"contentName":"Image"},"subContentId":"949e8a1c-6235-41d8-be27-56e95b72d2ca","metadata":{"contentType":"Image","license":"U","title":"Untitled Image"}},"backgroundOpacity":0,"willDoAnimation":true,"animationType":"glow","displayAsButton":false,"buttonSize":"big","goToSlideType":"specified","invisible":false}],"slideBackgroundSelector":{}},{"elements":[{"x":23.148148148148,"y":9.1402756312358,"width":56.389814814815,"height":81.657506393901,"action":{"library":"H5P.Image 1.1","params":{"contentName":"Image","file":{"path":"images\/file-6193f364db3db.jpg","mime":"image\/jpeg","copyright":{"license":"U"},"width":959,"height":689}},"subContentId":"4e8065d2-d429-4333-a254-1d7610419237","metadata":{"contentType":"Image","license":"U","title":"Untitled Image"}},"backgroundOpacity":0,"willDoAnimation":false,"animationType":"glow","displayAsButton":false,"buttonSize":"big","goToSlideType":"specified","invisible":false},{"x":30.000108932461874,"y":30.000710091257485,"width":40,"height":40,"action":{"library":"H5P.Image 1.1","params":{"contentName":"Image"},"subContentId":"8ec53955-8737-42b4-b36b-a2f8cd62cd79","metadata":{"contentType":"Image","license":"U","title":"Untitled Image"}},"backgroundOpacity":0,"willDoAnimation":true,"animationType":"glow","displayAsButton":false,"buttonSize":"big","goToSlideType":"specified","invisible":false}],"slideBackgroundSelector":{}},{"elements":[{"x":7.625272331154684,"y":10.758958446750688,"width":56.418827160494,"height":79.256935743964,"action":{"library":"H5P.Image 1.1","params":{"contentName":"Image","file":{"path":"images\/file-6193f39fd5849.jpg","mime":"image\/jpeg","copyright":{"license":"U"},"width":959,"height":689},"alt":"Oops, the bear has no more colours.","title":"Oops, the bear has no more colours."},"subContentId":"fe8871a8-0a24-4756-bdba-a60da4900bcd","metadata":{"contentType":"Image","license":"U","title":"Untitled Image"}},"backgroundOpacity":0,"willDoAnimation":false,"animationType":"glow","displayAsButton":false,"buttonSize":"big","goToSlideType":"specified","invisible":false},{"x":55.555555555556,"y":33.522330641646,"width":37.037037037037,"height":40.000060966874,"action":{"library":"H5P.CRAdvancedText 1.1","params":{"text":"<p style=\"text-align: center;\"><span style=\"font-size:2.25em;\">Oops, the bear has no more colours.<\/span><\/p>\n"},"subContentId":"9b9eb553-4a38-4793-845a-359d8f726c8a","metadata":{"contentType":"Text","license":"U","title":"Untitled Text"}},"alwaysDisplayComments":false,"backgroundOpacity":0,"willDoAnimation":false,"animationType":"glow","displayAsButton":false,"buttonSize":"big","goToSlideType":"specified","invisible":false,"solution":""},{"x":88.888888888889,"y":9.7546997838724,"width":6.168024691358,"height":12.193374729841,"action":{"library":"H5P.CRAudio 1.4","params":{"fitToWrapper":true,"currIndex":19,"playerMode":"minimalistic","controls":true,"autoplay":true,"playAudio":"Play audio","pauseAudio":"Pause audio","contentName":"Audio","timeStampForEachText":[{"text":" Oops, ","startDuration":"0.0000","endDuration":"0.7405","wordfile":[{"path":"audios\/wordfile-6193f404cff16.wav","mime":"audio\/x-wav","copyright":{"license":"U"}}]},{"text":" the ","startDuration":"0.7405","endDuration":"1.1186","wordfile":[{"path":"audios\/wordfile-6193f421aa395.wav","mime":"audio\/x-wav","copyright":{"license":"U"}}]},{"text":" bear ","startDuration":"1.1186","endDuration":"1.6257","wordfile":[{"path":"audios\/wordfile-6193f42f7eb4f.wav","mime":"audio\/x-wav","copyright":{"license":"U"}}]},{"text":" has ","startDuration":"1.6257","endDuration":"1.9977","wordfile":[{"path":"audios\/wordfile-6193f4433eb19.wav","mime":"audio\/x-wav","copyright":{"license":"U"}}]},{"text":" no ","startDuration":"1.9977","endDuration":"2.4434","wordfile":[{"path":"audios\/wordfile-6193f45d740ca.wav","mime":"audio\/x-wav","copyright":{"license":"U"}}]},{"text":" more ","startDuration":"2.4434","endDuration":"2.8277","wordfile":[{"path":"audios\/wordfile-6193f47aaf917.wav","mime":"audio\/x-wav","copyright":{"license":"U"}}]},{"text":" colours. ","startDuration":"2.8277","endDuration":"3.7221","wordfile":[{"path":"audios\/wordfile-6193f4900077c.wav","mime":"audio\/x-wav","copyright":{"license":"U"}}]}],"files":[{"path":"audios\/files-6193f3cc77f8f.wav","mime":"audio\/x-wav","copyright":{"license":"U"}}],"glowColor":"#fff000"},"subContentId":"b88b1941-237f-42b4-8242-1433758d74f2","metadata":{"contentType":"Curious Reader Audio","license":"U","title":"Untitled Curious Reader Audio"}},"backgroundOpacity":0,"willDoAnimation":false,"animationType":"glow","displayAsButton":false,"buttonSize":"big","goToSlideType":"specified","invisible":false},{"x":26.143790849673206,"y":6.455375068050412,"width":22.570588235294117,"height":57.23765893671366,"action":{"library":"H5P.Image 1.1","params":{"contentName":"Image"},"subContentId":"eba4eafe-02b8-44d5-9ff9-4be7bcca68d8","metadata":{"contentType":"Image","license":"U","title":"Untitled Image"}},"backgroundOpacity":0,"willDoAnimation":true,"animationType":"glow","displayAsButton":false,"buttonSize":"big","goToSlideType":"specified","invisible":false,"id":"imgb88b1941-237f-42b4-8242-1433758d74f2_2"},{"x":22.875816993464053,"y":43.035833787002744,"width":25.70806100217865,"height":27.085677889694853,"action":{"library":"H5P.Image 1.1","params":{"contentName":"Image"},"subContentId":"50ef4fda-f0f7-45ea-a902-32b1b223e95d","metadata":{"contentType":"Image","license":"U","title":"Untitled Image"}},"backgroundOpacity":0,"willDoAnimation":true,"animationType":"glow","displayAsButton":false,"buttonSize":"big","goToSlideType":"specified","invisible":false,"id":"imgb88b1941-237f-42b4-8242-1433758d74f2_6"}],"slideBackgroundSelector":{}},{"elements":[{"x":3.2679738562091507,"y":2.1517916893501376,"width":21.78649237472767,"height":21.78473906298079,"action":{"library":"H5P.Image 1.1","params":{"contentName":"Image","file":{"path":"images\/file-67c09ab19a17c.png","mime":"image\/png","copyright":{"license":"U"},"width":1350,"height":487}},"subContentId":"47618a20-ad81-4141-92a4-c0ccbc37c003","metadata":{"contentType":"Image","license":"U","title":"Untitled Image"}},"backgroundOpacity":0,"willDoAnimation":false,"animationType":"glow","displayAsButton":false,"buttonSize":"big","goToSlideType":"specified","invisible":false},{"x":32.67864923747277,"y":2.1517916893501376,"width":19.607843137254903,"height":19.605963905846203,"action":{"library":"H5P.Image 1.1","params":{"contentName":"Image","file":{"path":"images\/file-67c09ac5cb9f7.png","mime":"image\/png","copyright":{"license":"U"},"width":814,"height":202}},"subContentId":"56f739c3-a80e-47f9-9e80-71623ab7df12","metadata":{"contentType":"Image","license":"U","title":"Untitled Image"}},"backgroundOpacity":0,"willDoAnimation":false,"animationType":"glow","displayAsButton":false,"buttonSize":"big","goToSlideType":"specified","invisible":false},{"x":58.82352941176471,"y":2.1517916893501376,"width":37.82113289760348,"height":19.36612520415124,"action":{"library":"H5P.Image 1.1","params":{"contentName":"Image","file":{"path":"images\/file-67c09ada57a3b.jpg","mime":"image\/jpeg","copyright":{"license":"U"},"width":1732,"height":354}},"subContentId":"910fad88-22d9-4af6-baf8-fd7eaaaecbb2","metadata":{"contentType":"Image","license":"U","title":"Untitled Image"}},"backgroundOpacity":0,"willDoAnimation":false,"animationType":"glow","displayAsButton":false,"buttonSize":"big","goToSlideType":"specified","invisible":false},{"x":2.178649237472767,"y":21.517916893501376,"width":95.86056644880175,"height":78.47993131480928,"action":{"library":"H5P.CRAdvancedText 1.1","params":{"text":"<h3 style=\"text-align:center;\"><span style=\"font-size:0.75em;\">\"Colours\" story credits<\/span><\/h3><hr><h3 style=\"text-align:center;\"><span style=\"font-size:0.75em;\">This work, &nbsp;\"Colours\" is translated by Alisha Berger and used under CC BY. The \u00a9 for this translation lies with Room to Read, 2015. \"Colours\" is based on the original story: \u0930\u0902\u0917, by Priyanka. \u00a9 Room to Read, 2015.<\/span><\/h3><h3 style=\"text-align:center;\"><span style=\"font-size:0.75em;\">This work, \"Colours\" is licensed under CC BY 4.0 by Curious Learning.&nbsp; &nbsp; &nbsp; &nbsp;<\/span><\/h3><h3 style=\"text-align:center;\"><span style=\"font-size:0.75em;\">Book builder - Abraham Jerry Kakooza<\/span><\/h3><hr><h3 style=\"text-align:center;\"><span style=\"font-size:0.75em;\">This story 'Rang' has been published on StoryWeaver by Room to Read.<\/span><\/h3><h3 style=\"text-align:center;\"><span style=\"font-size:0.75em;\">Disclaimer:https:\/\/www.storyweaver.org.in\/terms_and_conditions<\/span><\/h3>"},"subContentId":"4e065946-2c5f-4121-8c74-65d8867ee972","metadata":{"contentType":"Text","license":"U","title":"Untitled Text"}},"alwaysDisplayComments":false,"backgroundOpacity":0,"willDoAnimation":false,"animationType":"glow","displayAsButton":false,"buttonSize":"big","goToSlideType":"specified","invisible":false,"solution":""}],"slideBackgroundSelector":{}}],"keywordListEnabled":true,"globalBackgroundSelector":{},"keywordListAlwaysShow":false,"keywordListAutoHide":false,"keywordListOpacity":90},"override":{"activeSurface":false,"hideSummarySlide":false,"summarySlideSolutionButton":true,"summarySlideRetryButton":true,"enablePrintButton":false,"social":{"showFacebookShare":false,"facebookShare":{"url":"@currentpageurl","quote":"I scored @score out of @maxScore on a task at @currentpageurl."},"showTwitterShare":false,"twitterShare":{"statement":"I scored @score out of @maxScore on a task at @currentpageurl.","url":"@currentpageurl","hashtags":"h5p, course"},"showGoogleShare":false,"googleShareUrl":"@currentpageurl"}},"l10n":{"slide":"Slide","score":"Score","yourScore":"Your Score","maxScore":"Max Score","total":"Total","totalScore":"Total Score","showSolutions":"Show solutions","retry":"Retry","exportAnswers":"Export text","hideKeywords":"Hide sidebar navigation menu","showKeywords":"Show sidebar navigation menu","fullscreen":"Fullscreen","exitFullscreen":"Exit fullscreen","prevSlide":"Previous slide","nextSlide":"Next slide","currentSlide":"Current slide","lastSlide":"Last slide","solutionModeTitle":"Exit solution mode","solutionModeText":"Solution Mode","summaryMultipleTaskText":"Multiple tasks","scoreMessage":"You achieved:","shareFacebook":"Share on Facebook","shareTwitter":"Share on Twitter","shareGoogle":"Share on Google+","summary":"Summary","solutionsButtonTitle":"Show comments","printTitle":"Print","printIngress":"How would you like to print this presentation?","printAllSlides":"Print all slides","printCurrentSlide":"Print current slide","noTitle":"No title","accessibilitySlideNavigationExplanation":"Use left and right arrow to change slide in that direction whenever canvas is selected.","accessibilityCanvasLabel":"Presentation canvas. Use left and right arrow to move between slides.","containsNotCompleted":"@slideName contains not completed interaction","containsCompleted":"@slideName contains completed interaction","slideCount":"Slide @index of @total","containsOnlyCorrect":"@slideName only has correct answers","containsIncorrectAnswers":"@slideName has incorrect answers","shareResult":"Share Result","accessibilityTotalScore":"You got @score of @maxScore points in total","accessibilityEnteredFullscreen":"Entered fullscreen","accessibilityExitedFullscreen":"Exited fullscreen"}}