{
  "quizName": "bangla letter sounds",
  "appType": "assessment",
  "assessmentType": "letter-sounds",
  "feedbackText": "চমৎকার!",
  "langname": "ZULU",
  "langCode":"zu",
  "contentVersion": "v0.1",
  "buckets": [
    {
      "bucketID": 1,
      "bucketName": "banglalet-b-1",
      "usedItems": [],
      "items": [
        {
          "itemName": "অ",
          "itemText": "অ"
        },
        {
          "itemName": "আ",
          "itemText": "আ"
        },
        {
          "itemName": "ক্ষ",
          "itemText": "ক্ষ"
        },
        {
          "itemName": "ট",
          "itemText": "ট"
        },
        {
          "itemName": "ত",
          "itemText": "ত"
        },
        {
          "itemName": "প",
          "itemText": "প"
        },
        {
          "itemName": "ম",
          "itemText": "ম"
        },
        {
          "itemName": "য়",
          "itemText": "য়"
        },
        {
          "itemName": "র",
          "itemText": "র"
        },
        {
          "itemName": "ল",
          "itemText": "ল"
        }
      ]
    },
    {
      "bucketID": 2,
      "bucketName": "banglalet-b-2",
      "usedItems": [],
      "items": [
        {
          "itemName": "ই",
          "itemText": "ই"
        },
        {
          "itemName": "ঙ",
          "itemText": "ঙ"
        },
        {
          "itemName": "চ",
          "itemText": "চ"
        },
        {
          "itemName": "জ",
          "itemText": "জ"
        },
        {
          "itemName": "ঝ",
          "itemText": "ঝ"
        },
        {
          "itemName": "ঞ",
          "itemText": "ঞ"
        },
        {
          "itemName": "ড়",
          "itemText": "ড়"
        },
        {
          "itemName": "ঢ়‌",
          "itemText": "ঢ়‌"
        },
        {
          "itemName": "র",
          "itemText": "র"
        },
        {
          "itemName": "ষ",
          "itemText": "ষ"
        }
      ]
    },
    {
      "bucketID": 3,
      "bucketName": "banglalet-b-3",
      "usedItems": [],
      "items": [
        {
          "itemName": "ঈ",
          "itemText": "ঈ"
        },
        {
          "itemName": "উ",
          "itemText": "উ"
        },
        {
          "itemName": "ঠ",
          "itemText": "ঠ"
        },
        {
          "itemName": "ণ",
          "itemText": "ণ"
        },
        {
          "itemName": "ত",
          "itemText": "ত"
        },
        {
          "itemName": "দ",
          "itemText": "দ"
        },
        {
          "itemName": "ন",
          "itemText": "ন"
        },
        {
          "itemName": "ব",
          "itemText": "ব"
        },
        {
          "itemName": "র",
          "itemText": "র"
        },
        {
          "itemName": "শ",
          "itemText": "শ"
        }
      ]
    },
    {
      "bucketID": 4,
      "bucketName": "banglalet-b-4",
      "usedItems": [],
      "items": [
        {
          "itemName": "ঊ",
          "itemText": "ঊ"
        },
        {
          "itemName": "ক",
          "itemText": "ক"
        },
        {
          "itemName": "ড",
          "itemText": "ড"
        },
        {
          "itemName": "দ",
          "itemText": "দ"
        },
        {
          "itemName": "ধ",
          "itemText": "ধ"
        },
        {
          "itemName": "প",
          "itemText": "প"
        },
        {
          "itemName": "ভ",
          "itemText": "ভ"
        },
        {
          "itemName": "র",
          "itemText": "র"
        },
        {
          "itemName": "ট",
          "itemText": "ট"
        },
        {
          "itemName": "শ",
          "itemText": "শ"
        }
      ]
    },
    {
      "bucketID": 5,
      "bucketName": "banglalet-b-5",
      "usedItems": [],
      "items": [
        {
          "itemName": "ঋ",
          "itemText": "ঋ"
        },
        {
          "itemName": "এ",
          "itemText": "এ"
        },
        {
          "itemName": "ক",
          "itemText": "ক"
        },
        {
          "itemName": "গ",
          "itemText": "গ"
        },
        {
          "itemName": "ত",
          "itemText": "ত"
        },
        {
          "itemName": "তূ",
          "itemText": "তূ"
        },
        {
          "itemName": "ব",
          "itemText": "ব"
        },
        {
          "itemName": "ম",
          "itemText": "ম"
        },
        {
          "itemName": "শ",
          "itemText": "শ"
        },
        {
          "itemName": "ষ",
          "itemText": "ষ"
        }
      ]
    },
    {
      "bucketID": 6,
      "bucketName": "banglalet-b-6",
      "usedItems": [],
      "items": [
        {
          "itemName": "ঐ",
          "itemText": "ঐ"
        },
        {
          "itemName": "ক",
          "itemText": "ক"
        },
        {
          "itemName": "খ",
          "itemText": "খ"
        },
        {
          "itemName": "চ",
          "itemText": "চ"
        },
        {
          "itemName": "ছ",
          "itemText": "ছ"
        },
        {
          "itemName": "থ",
          "itemText": "থ"
        },
        {
          "itemName": "ব",
          "itemText": "ব"
        },
        {
          "itemName": "ল",
          "itemText": "ল"
        },
        {
          "itemName": "হ",
          "itemText": "হ"
        },
        {
          "itemName": "ড়",
          "itemText": "ড়"
        }
      ]
    },
    {
      "bucketID": 7,
      "bucketName": "banglalet-b-7",
      "usedItems": [],
      "items": [
        {
          "itemName": "ও",
          "itemText": "ও"
        },
        {
          "itemName": "ঔ",
          "itemText": "ঔ"
        },
        {
          "itemName": "ঘ",
          "itemText": "ঘ"
        },
        {
          "itemName": "ছ",
          "itemText": "ছ"
        },
        {
          "itemName": "ঢ",
          "itemText": "ঢ"
        },
        {
          "itemName": "ত",
          "itemText": "ত"
        },
        {
          "itemName": "ন",
          "itemText": "ন"
        },
        {
          "itemName": "প",
          "itemText": "প"
        },
        {
          "itemName": "ফ",
          "itemText": "ফ"
        },
        {
          "itemName": "ল",
          "itemText": "ল"
        }
      ]
    }
  ]
}
