{"presentation":{"slides":[{"elements":[{"x":28.32244008714597,"y":2.150537634408602,"width":39.97821350762527,"height":79.56989247311827,"action":{"library":"H5P.Image 1.1","params":{"contentName":"Image","file":{"path":"images\/file-65830dff293f9.jpeg","mime":"image\/jpeg","copyright":{"license":"U"},"width":493,"height":700}},"subContentId":"3266201e-b7c8-4bb9-b8a2-bbd4e04de5f4","metadata":{"contentType":"Image","license":"U","title":"Untitled Image"}},"backgroundOpacity":0,"willDoAnimation":false,"animationType":"glow","displayAsButton":false,"buttonSize":"big","goToSlideType":"specified","invisible":false},{"x":15.250544662309368,"y":83.82215053763441,"width":69.71677559912854,"height":14.193548387096772,"action":{"library":"H5P.CRAdvancedText 1.1","params":{"text":"<h2 style=\"text-align: center;\"><span style=\"font-size:1.75em;\">Ggambuutusi za taata.<\/span><\/h2>\n"},"subContentId":"bb48a638-3322-495f-8714-dc03e641cef6","metadata":{"contentType":"Text","license":"U","title":"Untitled Text"}},"alwaysDisplayComments":false,"backgroundOpacity":0,"willDoAnimation":false,"animationType":"glow","displayAsButton":false,"buttonSize":"big","goToSlideType":"specified","invisible":false,"solution":""}],"slideBackgroundSelector":{}},{"elements":[{"x":16.33986928104575,"y":4.301075268817204,"width":68.7363834422658,"height":68.81720430107526,"action":{"library":"H5P.Image 1.1","params":{"contentName":"Image","file":{"path":"images\/file-65830ff3694ad.jpg","mime":"image\/jpeg","copyright":{"license":"U"},"width":1200,"height":846}},"subContentId":"7d3f6805-74df-4b15-aa2d-71db2ed5f02a","metadata":{"contentType":"Image","license":"U","title":"Untitled Image"}},"backgroundOpacity":0,"willDoAnimation":false,"animationType":"glow","displayAsButton":false,"buttonSize":"big","goToSlideType":"specified","invisible":false},{"x":3.826530612244898,"y":67.99244332493703,"width":91.45408163265306,"height":31.989924433249367,"action":{"library":"H5P.CRAdvancedText 1.1","params":{"text":"<p dir=\"ltr\" style=\"text-align: center;\"><span style=\"color:#ffffff;\"><span style=\"font-size:1.75em;\">&amp;ldquo;&nbsp;Kisanyusa! Taata akomawo ewaka. Mpulira ggambuutusi ze &amp;mdash;&nbsp;tu tu tu!&nbsp;&amp;rdquo; Malik ayagala okuwulira eddoboozi eryo.<\/span><\/span><\/p>\n"},"subContentId":"2c53fbab-787c-4f35-ad18-e7066098fd08","metadata":{"contentType":"Text","license":"U","title":"Untitled Text"}},"alwaysDisplayComments":false,"backgroundOpacity":0,"willDoAnimation":false,"animationType":"glow","displayAsButton":false,"buttonSize":"big","goToSlideType":"specified","invisible":false,"solution":""},{"x":47.00255102040816,"y":43.95465994962216,"width":40,"height":40,"action":{"library":"H5P.CRAudio 1.4","params":{"fitToWrapper":true,"currIndex":1,"playerMode":"minimalistic","controls":true,"autoplay":true,"playAudio":"Play audio","pauseAudio":"Pause audio","contentName":"Audio","glowColor":"#ffd85a","timeStampForEachText":[{"text":" \u201c\u00a0Kisanyusa! ","startDuration":"0.0000","endDuration":"2.1545","wordfile":[{"path":"audios\/wordfile-6634633ccc1cf.mp3","mime":"audio\/mpeg","copyright":{"license":"U"}}]},{"text":" Taata ","startDuration":"2.1555","endDuration":"2.8844","wordfile":[{"path":"audios\/wordfile-6634634e92c6a.mp3","mime":"audio\/mpeg","copyright":{"license":"U"}}]},{"text":" akomawo ","startDuration":"2.8854","endDuration":"3.7465","wordfile":[{"path":"audios\/wordfile-663463608f629.mp3","mime":"audio\/mpeg","copyright":{"license":"U"}}]},{"text":" ewaka. ","startDuration":"3.7475","endDuration":"4.4386","wordfile":[{"path":"audios\/wordfile-66346373b29ef.mp3","mime":"audio\/mpeg","copyright":{"license":"U"}}]},{"text":" Mpulira ","startDuration":"4.4396","endDuration":"5.6785","wordfile":[{"path":"audios\/wordfile-66346386ebce7.mp3","mime":"audio\/mpeg","copyright":{"license":"U"}}]},{"text":" ggambuutusi ","startDuration":"5.6795","endDuration":"6.6351","wordfile":[{"path":"audios\/wordfile-663463a58e3af.mp3","mime":"audio\/mpeg","copyright":{"license":"U"}}]},{"text":" ze ","startDuration":"6.6361","endDuration":"7.0628","wordfile":[{"path":"audios\/wordfile-663463bce8919.mp3","mime":"audio\/mpeg","copyright":{"license":"U"}}]},{"text":" \u2014\u00a0tu tu tu!\u00a0\u201d ","startDuration":"7.0638","endDuration":"9.5305","wordfile":[{"path":"audios\/wordfile-663463e6f371a.mp3","mime":"audio\/mpeg","copyright":{"license":"U"}}]},{"text":" Malik ","startDuration":"9.5315","endDuration":"10.8082","wordfile":[{"path":"audios\/wordfile-663464029043f.mp3","mime":"audio\/mpeg","copyright":{"license":"U"}}]},{"text":" ayagala ","startDuration":"10.8082","endDuration":"11.5192","wordfile":[{"path":"audios\/wordfile-663464278026d.mp3","mime":"audio\/mpeg","copyright":{"license":"U"}}]},{"text":" okuwulira ","startDuration":"11.5202","endDuration":"12.1735","wordfile":[{"path":"audios\/wordfile-663464405c7b1.mp3","mime":"audio\/mpeg","copyright":{"license":"U"}}]},{"text":" eddoboozi ","startDuration":"12.1745","endDuration":"12.9412","wordfile":[{"path":"audios\/wordfile-6634645e19645.mp3","mime":"audio\/mpeg","copyright":{"license":"U"}}]},{"text":" eryo. ","startDuration":"12.9422","endDuration":"13.8222","wordfile":[{"path":"audios\/wordfile-6634648b6238c.mp3","mime":"audio\/mpeg","copyright":{"license":"U"}}]}],"files":[{"path":"audios\/files-6634629333f0e.mp3","mime":"audio\/mpeg","copyright":{"license":"U"}}]},"subContentId":"210292ab-d313-4468-bd93-8247223907c9","metadata":{"contentType":"Curious Reader Audio","license":"U","title":"Untitled Curious Reader Audio"}},"backgroundOpacity":0,"willDoAnimation":false,"animationType":"glow","displayAsButton":false,"buttonSize":"big","goToSlideType":"specified","invisible":false},{"x":28.061224489795915,"y":2.5149571788413096,"width":22.5765306122449,"height":67.2544080604534,"action":{"library":"H5P.Image 1.1","params":{"contentName":"Image"},"subContentId":"f1e3b437-aa95-4184-9b88-aab83a75c105","metadata":{"contentType":"Image","license":"U","title":"Untitled Image"}},"backgroundOpacity":0,"willDoAnimation":true,"animationType":"glow","displayAsButton":false,"buttonSize":"big","goToSlideType":"specified","invisible":false,"id":"img210292ab-d313-4468-bd93-8247223907c9_1"},{"x":52.295918367346935,"y":25.181057934508814,"width":14.923469387755102,"height":24.43324937027708,"action":{"library":"H5P.Image 1.1","params":{"contentName":"Image"},"subContentId":"892f8989-d75e-42fe-a85a-24697b18d153","metadata":{"contentType":"Image","license":"U","title":"Untitled Image"}},"backgroundOpacity":0,"willDoAnimation":true,"animationType":"glow","displayAsButton":false,"buttonSize":"big","goToSlideType":"specified","invisible":false,"id":"img210292ab-d313-4468-bd93-8247223907c9_8"}],"slideBackgroundSelector":{}},{"elements":[{"x":15.306122448979592,"y":5.037783375314861,"width":64.27015250544663,"height":64.3010752688172,"action":{"library":"H5P.Image 1.1","params":{"contentName":"Image","file":{"path":"images\/file-65831056ee6df.jpg","mime":"image\/jpeg","copyright":{"license":"U"},"width":1200,"height":846}},"subContentId":"5fbad66f-0408-43ec-901a-029d3ed2d5eb","metadata":{"contentType":"Image","license":"U","title":"Untitled Image"}},"backgroundOpacity":0,"willDoAnimation":false,"animationType":"glow","displayAsButton":false,"buttonSize":"big","goToSlideType":"specified","invisible":false},{"x":5.1020408163265305,"y":70.4896725440806,"width":89.28571428571429,"height":29.471032745591938,"action":{"library":"H5P.CRAdvancedText 1.1","params":{"text":"<p style=\"text-align: center;\"><span style=\"color:#ffffff;\"><span style=\"font-size:1.75em;\">Tu! Tu! Tu!&nbsp; &amp;ldquo;&nbsp;Eddoboozi liwulikika nga ery&amp;rsquo;omupiira ogubuukabuuka, naye mmanyi nti lya ggambuutusi za taata &amp;rdquo;<\/span><\/span><\/p>\n"},"subContentId":"d74b4a34-9b8b-4b21-98e8-56d77e0e4c7f","metadata":{"contentType":"Text","license":"U","title":"Untitled Text"}},"alwaysDisplayComments":false,"backgroundOpacity":0,"willDoAnimation":false,"animationType":"glow","displayAsButton":false,"buttonSize":"big","goToSlideType":"specified","invisible":false,"solution":""},{"x":47.00255102040816,"y":43.95465994962216,"width":40,"height":40,"action":{"library":"H5P.CRAudio 1.4","params":{"fitToWrapper":true,"currIndex":2,"playerMode":"minimalistic","controls":true,"autoplay":true,"playAudio":"Play audio","pauseAudio":"Pause audio","contentName":"Audio","glowColor":"#ffd85a","timeStampForEachText":[{"text":" Tu! Tu! Tu!\u00a0 ","startDuration":"0.0000","endDuration":"2.9442","wordfile":[{"path":"audios\/wordfile-663464bc94791.mp3","mime":"audio\/mpeg","copyright":{"license":"U"}}]},{"text":" \u201c\u00a0Eddoboozi ","startDuration":"2.9452","endDuration":"4.4337","wordfile":[{"path":"audios\/wordfile-663464d79a963.mp3","mime":"audio\/mpeg","copyright":{"license":"U"}}]},{"text":" liwulikika ","startDuration":"4.4347","endDuration":"5.4546","wordfile":[{"path":"audios\/wordfile-6634650cbe150.mp3","mime":"audio\/mpeg","copyright":{"license":"U"}}]},{"text":" nga ","startDuration":"5.4556","endDuration":"5.6556","wordfile":[{"path":"audios\/wordfile-6634651b16060.mp3","mime":"audio\/mpeg","copyright":{"license":"U"}}]},{"text":" ery\u2019omupiira ","startDuration":"5.6566","endDuration":"6.6096","wordfile":[{"path":"audios\/wordfile-6634652ccadc5.mp3","mime":"audio\/mpeg","copyright":{"license":"U"}}]},{"text":" ogubuukabuuka, ","startDuration":"6.6106","endDuration":"8.1493","wordfile":[{"path":"audios\/wordfile-6634655a8bb43.mp3","mime":"audio\/mpeg","copyright":{"license":"U"}}]},{"text":" naye ","startDuration":"8.1503","endDuration":"9.1200","wordfile":[{"path":"audios\/wordfile-66346577c6274.mp3","mime":"audio\/mpeg","copyright":{"license":"U"}}]},{"text":" mmanyi ","startDuration":"9.1210","endDuration":"9.6055","wordfile":[{"path":"audios\/wordfile-6634659698ddc.mp3","mime":"audio\/mpeg","copyright":{"license":"U"}}]},{"text":" nti ","startDuration":"9.6065","endDuration":"9.8065","wordfile":[{"path":"audios\/wordfile-663465aa5c169.mp3","mime":"audio\/mpeg","copyright":{"license":"U"}}]},{"text":" lya ","startDuration":"9.8075","endDuration":"10.3087","wordfile":[{"path":"audios\/wordfile-663465be0454d.mp3","mime":"audio\/mpeg","copyright":{"license":"U"}}]},{"text":" ggambuutusi ","startDuration":"10.3097","endDuration":"11.0954","wordfile":[{"path":"audios\/wordfile-663465d9a1c1e.mp3","mime":"audio\/mpeg","copyright":{"license":"U"}}]},{"text":" za ","startDuration":"11.0964","endDuration":"11.3801","wordfile":[{"path":"audios\/wordfile-663465f0553b7.mp3","mime":"audio\/mpeg","copyright":{"license":"U"}}]},{"text":" taata \u201d ","startDuration":"11.3811","endDuration":"12.3341","wordfile":[{"path":"audios\/wordfile-663466028e9b7.mp3","mime":"audio\/mpeg","copyright":{"license":"U"}}]}],"files":[{"path":"audios\/files-663464a699d85.mp3","mime":"audio\/mpeg","copyright":{"license":"U"}}]},"subContentId":"58cf8522-b465-4049-b0a7-32d127c60cb2","metadata":{"contentType":"Curious Reader Audio","license":"U","title":"Untitled Curious Reader Audio"}},"backgroundOpacity":0,"willDoAnimation":false,"animationType":"glow","displayAsButton":false,"buttonSize":"big","goToSlideType":"specified","invisible":false},{"x":12.755102040816327,"y":7.550780856423174,"width":32.78061224489796,"height":49.622166246851386,"action":{"library":"H5P.Image 1.1","params":{"contentName":"Image"},"subContentId":"259df7ef-26cd-4275-886c-1bd59ed5d131","metadata":{"contentType":"Image","license":"U","title":"Untitled Image"}},"backgroundOpacity":0,"willDoAnimation":true,"animationType":"glow","displayAsButton":false,"buttonSize":"big","goToSlideType":"specified","invisible":false,"id":"img58cf8522-b465-4049-b0a7-32d127c60cb2_10"},{"x":59.566326530612244,"y":7.552745591939547,"width":20.025510204081634,"height":29.471032745591938,"action":{"library":"H5P.Image 1.1","params":{"contentName":"Image"},"subContentId":"358473b2-2577-41a7-aa84-e5f2032070ca","metadata":{"contentType":"Image","license":"U","title":"Untitled Image"}},"backgroundOpacity":0,"willDoAnimation":true,"animationType":"glow","displayAsButton":false,"buttonSize":"big","goToSlideType":"specified","invisible":false,"id":"img58cf8522-b465-4049-b0a7-32d127c60cb2_10"}],"slideBackgroundSelector":{}},{"elements":[{"x":16.33986928104575,"y":4.301075268817204,"width":67.53812636165577,"height":67.5268817204301,"action":{"library":"H5P.Image 1.1","params":{"contentName":"Image","file":{"path":"images\/file-6583109f83a69.jpg","mime":"image\/jpeg","copyright":{"license":"U"},"width":1200,"height":846}},"subContentId":"508a78d7-5f97-485d-8318-11f6feb2b477","metadata":{"contentType":"Image","license":"U","title":"Untitled Image"}},"backgroundOpacity":0,"willDoAnimation":false,"animationType":"glow","displayAsButton":false,"buttonSize":"big","goToSlideType":"specified","invisible":false},{"x":1.2755102040816326,"y":70.52896725440806,"width":93.62244897959184,"height":29.471032745591938,"action":{"library":"H5P.CRAdvancedText 1.1","params":{"text":"<p dir=\"ltr\" style=\"text-align: center;\"><span style=\"color:#ffffff;\"><span style=\"font-size:1.75em;\">Taata wa Maliki amwazika ku ggambuutusi ze. Malik ayagala kukola eddoboozi lya tu tu tu.<\/span><\/span><\/p>\n"},"subContentId":"da1eae3f-1d46-4312-a2f6-8397cb501122","metadata":{"contentType":"Text","license":"U","title":"Untitled Text"}},"alwaysDisplayComments":false,"backgroundOpacity":0,"willDoAnimation":false,"animationType":"glow","displayAsButton":false,"buttonSize":"big","goToSlideType":"specified","invisible":false,"solution":""},{"x":47.00255102040816,"y":43.95465994962216,"width":40,"height":40,"action":{"library":"H5P.CRAudio 1.4","params":{"fitToWrapper":true,"currIndex":3,"playerMode":"minimalistic","controls":true,"autoplay":true,"playAudio":"Play audio","pauseAudio":"Pause audio","contentName":"Audio","glowColor":"#ffd85a","timeStampForEachText":[{"text":" Taata ","startDuration":"0.0000","endDuration":"1.0024","wordfile":[{"path":"audios\/wordfile-663467879ed22.mp3","mime":"audio\/mpeg","copyright":{"license":"U"}}]},{"text":" wa ","startDuration":"1.0034","endDuration":"1.2034","wordfile":[{"path":"audios\/wordfile-663467bf824a1.mp3","mime":"audio\/mpeg","copyright":{"license":"U"}}]},{"text":" Maliki ","startDuration":"1.2044","endDuration":"1.8883","wordfile":[{"path":"audios\/wordfile-663467dd8c77e.mp3","mime":"audio\/mpeg","copyright":{"license":"U"}}]},{"text":" amwazika ","startDuration":"1.8893","endDuration":"2.7345","wordfile":[{"path":"audios\/wordfile-6634680000630.mp3","mime":"audio\/mpeg","copyright":{"license":"U"}}]},{"text":" ku ","startDuration":"2.7345","endDuration":"2.8622","wordfile":[{"path":"audios\/wordfile-6634682d01d6e.mp3","mime":"audio\/mpeg","copyright":{"license":"U"}}]},{"text":" ggambuutusi ","startDuration":"2.8632","endDuration":"3.9430","wordfile":[{"path":"audios\/wordfile-663468597e78a.mp3","mime":"audio\/mpeg","copyright":{"license":"U"}}]},{"text":" ze. ","startDuration":"3.9440","endDuration":"4.3786","wordfile":[{"path":"audios\/wordfile-663468741db38.mp3","mime":"audio\/mpeg","copyright":{"license":"U"}}]},{"text":" Malik ","startDuration":"4.3796","endDuration":"5.7087","wordfile":[{"path":"audios\/wordfile-663468a851134.mp3","mime":"audio\/mpeg","copyright":{"license":"U"}}]},{"text":" ayagala ","startDuration":"5.7097","endDuration":"6.4522","wordfile":[{"path":"audios\/wordfile-663468c28cd1d.mp3","mime":"audio\/mpeg","copyright":{"license":"U"}}]},{"text":" kukola ","startDuration":"6.4532","endDuration":"7.0051","wordfile":[{"path":"audios\/wordfile-663468f935839.mp3","mime":"audio\/mpeg","copyright":{"license":"U"}}]},{"text":" eddoboozi ","startDuration":"7.0061","endDuration":"7.8366","wordfile":[{"path":"audios\/wordfile-66346922adc32.mp3","mime":"audio\/mpeg","copyright":{"license":"U"}}]},{"text":" lya ","startDuration":"7.8376","endDuration":"8.1842","wordfile":[{"path":"audios\/wordfile-663469359716a.mp3","mime":"audio\/mpeg","copyright":{"license":"U"}}]},{"text":" tu tu tu. ","startDuration":"8.1852","endDuration":"10.8800","wordfile":[{"path":"audios\/wordfile-6634695321541.mp3","mime":"audio\/mpeg","copyright":{"license":"U"}}]}],"files":[{"path":"audios\/files-6634661e080ba.mp3","mime":"audio\/mpeg","copyright":{"license":"U"}}]},"subContentId":"254242a7-ce87-46dd-8d61-f648955f2b33","metadata":{"contentType":"Curious Reader Audio","license":"U","title":"Untitled Curious Reader Audio"}},"backgroundOpacity":0,"willDoAnimation":false,"animationType":"glow","displayAsButton":false,"buttonSize":"big","goToSlideType":"specified","invisible":false},{"x":17.857142857142858,"y":10.06375314861461,"width":21.301020408163264,"height":57.178841309823675,"action":{"library":"H5P.Image 1.1","params":{"contentName":"Image"},"subContentId":"699c4ec6-46c1-489a-b824-d0d31e78e7b8","metadata":{"contentType":"Image","license":"U","title":"Untitled Image"}},"backgroundOpacity":0,"willDoAnimation":true,"animationType":"glow","displayAsButton":false,"buttonSize":"big","goToSlideType":"specified","invisible":false,"id":"img254242a7-ce87-46dd-8d61-f648955f2b33_2"},{"x":51.02040816326531,"y":12.586599496221663,"width":25.127551020408163,"height":40.050377833753146,"action":{"library":"H5P.Image 1.1","params":{"contentName":"Image"},"subContentId":"92427c19-707a-4025-ae45-bdcba692c9b4","metadata":{"contentType":"Image","license":"U","title":"Untitled Image"}},"backgroundOpacity":0,"willDoAnimation":true,"animationType":"glow","displayAsButton":false,"buttonSize":"big","goToSlideType":"specified","invisible":false,"id":"img254242a7-ce87-46dd-8d61-f648955f2b33_5"},{"x":16.581632653061224,"y":15.101536523929472,"width":22.5765306122449,"height":54.659949622166245,"action":{"library":"H5P.Image 1.1","params":{"contentName":"Image"},"subContentId":"72ae9183-2d8b-4885-9cb2-db229e06b055","metadata":{"contentType":"Image","license":"U","title":"Untitled Image"}},"backgroundOpacity":0,"willDoAnimation":true,"animationType":"glow","displayAsButton":false,"buttonSize":"big","goToSlideType":"specified","invisible":false,"id":"img254242a7-ce87-46dd-8d61-f648955f2b33_7"}],"slideBackgroundSelector":{}},{"elements":[{"x":16.338997821350763,"y":4.29436559139785,"width":66.44880174291939,"height":66.45161290322581,"action":{"library":"H5P.Image 1.1","params":{"contentName":"Image","file":{"path":"images\/file-658310e3bc4fc.jpg","mime":"image\/jpeg","copyright":{"license":"U"},"width":1200,"height":846}},"subContentId":"a03ca302-99c0-439c-9c26-a6917818d66f","metadata":{"contentType":"Image","license":"U","title":"Untitled Image"}},"backgroundOpacity":0,"willDoAnimation":false,"animationType":"glow","displayAsButton":false,"buttonSize":"big","goToSlideType":"specified","invisible":false},{"x":6.377551020408164,"y":75.56675062972292,"width":87.14596949891067,"height":22.58064516129032,"action":{"library":"H5P.CRAdvancedText 1.1","params":{"text":"<p dir=\"ltr\" style=\"text-align: center;\"><span style=\"color:#ffffff;\"><span style=\"font-size:1.75em;\">Ggambuutusi za taata nnene nnyo. Kumpi zenkana ne Malik!<\/span><\/span><\/p>\n"},"subContentId":"c80aa36c-dd2b-4512-b04b-dcc5382a79ee","metadata":{"contentType":"Text","license":"U","title":"Untitled Text"}},"alwaysDisplayComments":false,"backgroundOpacity":0,"willDoAnimation":false,"animationType":"glow","displayAsButton":false,"buttonSize":"big","goToSlideType":"specified","invisible":false,"solution":""},{"x":47.00255102040816,"y":43.95465994962216,"width":40,"height":40,"action":{"library":"H5P.CRAudio 1.4","params":{"fitToWrapper":true,"currIndex":4,"playerMode":"minimalistic","controls":true,"autoplay":true,"playAudio":"Play audio","pauseAudio":"Pause audio","contentName":"Audio","glowColor":"#ffd85a","timeStampForEachText":[{"text":" Ggambuutusi ","startDuration":"0.0000","endDuration":"1.2880","wordfile":[{"path":"audios\/wordfile-663469a4ad263.mp3","mime":"audio\/mpeg","copyright":{"license":"U"}}]},{"text":" za ","startDuration":"1.2880","endDuration":"1.5703","wordfile":[{"path":"audios\/wordfile-663469e2ca78c.mp3","mime":"audio\/mpeg","copyright":{"license":"U"}}]},{"text":" taata ","startDuration":"1.5713","endDuration":"2.2833","wordfile":[{"path":"audios\/wordfile-663469f586bdc.mp3","mime":"audio\/mpeg","copyright":{"license":"U"}}]},{"text":" nnene ","startDuration":"2.2843","endDuration":"3.0146","wordfile":[{"path":"audios\/wordfile-66346a078e36f.mp3","mime":"audio\/mpeg","copyright":{"license":"U"}}]},{"text":" nnyo. ","startDuration":"3.0156","endDuration":"3.5722","wordfile":[{"path":"audios\/wordfile-66346a1b5484e.mp3","mime":"audio\/mpeg","copyright":{"license":"U"}}]},{"text":" Kumpi ","startDuration":"3.5732","endDuration":"4.7149","wordfile":[{"path":"audios\/wordfile-66346a42c4ee2.mp3","mime":"audio\/mpeg","copyright":{"license":"U"}}]},{"text":" zenkana ","startDuration":"4.7159","endDuration":"5.4828","wordfile":[{"path":"audios\/wordfile-66346a5c5bdbe.mp3","mime":"audio\/mpeg","copyright":{"license":"U"}}]},{"text":" ne ","startDuration":"5.4838","endDuration":"5.6838","wordfile":[{"path":"audios\/wordfile-66346a6c186f8.mp3","mime":"audio\/mpeg","copyright":{"license":"U"}}]},{"text":" Malik! ","startDuration":"5.6848","endDuration":"6.6619","wordfile":[{"path":"audios\/wordfile-66346a7fca2e7.mp3","mime":"audio\/mpeg","copyright":{"license":"U"}}]}],"files":[{"path":"audios\/files-6634696c1def0.mp3","mime":"audio\/mpeg","copyright":{"license":"U"}}]},"subContentId":"1b4fd543-f981-4f5c-80ad-d362ad232db5","metadata":{"contentType":"Curious Reader Audio","license":"U","title":"Untitled Curious Reader Audio"}},"backgroundOpacity":0,"willDoAnimation":false,"animationType":"glow","displayAsButton":false,"buttonSize":"big","goToSlideType":"specified","invisible":false},{"x":35.714285714285715,"y":29.95113350125945,"width":30.229591836734695,"height":40.050377833753146,"action":{"library":"H5P.Image 1.1","params":{"contentName":"Image"},"subContentId":"58e8ebab-7ee7-4953-a574-d2576dc5e885","metadata":{"contentType":"Image","license":"U","title":"Untitled Image"}},"backgroundOpacity":0,"willDoAnimation":true,"animationType":"glow","displayAsButton":false,"buttonSize":"big","goToSlideType":"specified","invisible":false,"id":"img1b4fd543-f981-4f5c-80ad-d362ad232db5_0"},{"x":25.510204081632654,"y":10.067707808564231,"width":21.301020408163264,"height":40.050377833753146,"action":{"library":"H5P.Image 1.1","params":{"contentName":"Image"},"subContentId":"4768f3a1-5753-4fd4-a7ca-9b38fbfe5aa4","metadata":{"contentType":"Image","license":"U","title":"Untitled Image"}},"backgroundOpacity":0,"willDoAnimation":true,"animationType":"glow","displayAsButton":false,"buttonSize":"big","goToSlideType":"specified","invisible":false,"id":"img1b4fd543-f981-4f5c-80ad-d362ad232db5_8"}],"slideBackgroundSelector":{}},{"elements":[{"x":15.306122448979592,"y":2.5188916876574305,"width":73.09368191721133,"height":73.11827956989247,"action":{"library":"H5P.Image 1.1","params":{"contentName":"Image","file":{"path":"images\/file-6583112a01c00.jpg","mime":"image\/jpeg","copyright":{"license":"U"},"width":1200,"height":846}},"subContentId":"111634a7-4126-4e1a-a626-04041bec7ff9","metadata":{"contentType":"Image","license":"U","title":"Untitled Image"}},"backgroundOpacity":0,"willDoAnimation":false,"animationType":"glow","displayAsButton":false,"buttonSize":"big","goToSlideType":"specified","invisible":false},{"x":8.928571428571429,"y":77.32997481108312,"width":86.09693877551021,"height":22.670025188916874,"action":{"library":"H5P.CRAdvancedText 1.1","params":{"text":"<p dir=\"ltr\" style=\"text-align: center;\"><span style=\"color:#ffffff;\"><span style=\"font-size:1.75em;\">Ggambuutusi za taata mpanvu nnyo nga Malik ng\u2019ayimiridde!<\/span><\/span><\/p>\n"},"subContentId":"2518e57b-0d87-4a56-bc47-7d27fac87bcb","metadata":{"contentType":"Text","license":"U","title":"Untitled Text"}},"alwaysDisplayComments":false,"backgroundOpacity":0,"willDoAnimation":false,"animationType":"glow","displayAsButton":false,"buttonSize":"big","goToSlideType":"specified","invisible":false,"solution":""},{"x":47.00255102040816,"y":43.95465994962216,"width":40,"height":40,"action":{"library":"H5P.CRAudio 1.4","params":{"fitToWrapper":true,"currIndex":5,"playerMode":"minimalistic","controls":true,"autoplay":true,"playAudio":"Play audio","pauseAudio":"Pause audio","contentName":"Audio","glowColor":"#ffd85a","timeStampForEachText":[{"text":" Ggambuutusi ","startDuration":"0.0000","endDuration":"1.3502","wordfile":[{"path":"audios\/wordfile-66346aecee400.mp3","mime":"audio\/mpeg","copyright":{"license":"U"}}]},{"text":" za ","startDuration":"1.3512","endDuration":"1.6508","wordfile":[{"path":"audios\/wordfile-66346b03cdcce.mp3","mime":"audio\/mpeg","copyright":{"license":"U"}}]},{"text":" taata ","startDuration":"1.6518","endDuration":"2.2775","wordfile":[{"path":"audios\/wordfile-66346b174e5c9.mp3","mime":"audio\/mpeg","copyright":{"license":"U"}}]},{"text":" mpanvu ","startDuration":"2.2785","endDuration":"3.1577","wordfile":[{"path":"audios\/wordfile-66346b4ccb433.mp3","mime":"audio\/mpeg","copyright":{"license":"U"}}]},{"text":" nnyo ","startDuration":"3.1587","endDuration":"3.5579","wordfile":[{"path":"audios\/wordfile-66346b5ee133f.mp3","mime":"audio\/mpeg","copyright":{"license":"U"}}]},{"text":" nga ","startDuration":"3.5589","endDuration":"4.3929","wordfile":[{"path":"audios\/wordfile-66346b722bf52.mp3","mime":"audio\/mpeg","copyright":{"license":"U"}}]},{"text":" Malik ","startDuration":"4.3939","endDuration":"5.0920","wordfile":[{"path":"audios\/wordfile-66346b88cede3.mp3","mime":"audio\/mpeg","copyright":{"license":"U"}}]},{"text":" ng\u2019ayimiridde! ","startDuration":"5.0930","endDuration":"6.4432","wordfile":[{"path":"audios\/wordfile-66346ba4ea476.mp3","mime":"audio\/mpeg","copyright":{"license":"U"}}]}],"files":[{"path":"audios\/files-66346a9a9ae8d.mp3","mime":"audio\/mpeg","copyright":{"license":"U"}}]},"subContentId":"1ba9cfa6-27db-478e-9430-6c0902df32a1","metadata":{"contentType":"Curious Reader Audio","license":"U","title":"Untitled Curious Reader Audio"}},"backgroundOpacity":0,"willDoAnimation":false,"animationType":"glow","displayAsButton":false,"buttonSize":"big","goToSlideType":"specified","invisible":false},{"x":29.97448979591837,"y":35.254659949622166,"width":17.474489795918366,"height":34.76070528967254,"action":{"library":"H5P.Image 1.1","params":{"contentName":"Image"},"subContentId":"5931070d-2b78-46a2-8f72-b680e50f84fc","metadata":{"contentType":"Image","license":"U","title":"Untitled Image"}},"backgroundOpacity":0,"willDoAnimation":true,"animationType":"glow","displayAsButton":false,"buttonSize":"big","goToSlideType":"specified","invisible":false,"id":"img1ba9cfa6-27db-478e-9430-6c0902df32a1_0"},{"x":22.95918367346939,"y":5.031889168765743,"width":22.5765306122449,"height":62.216624685138534,"action":{"library":"H5P.Image 1.1","params":{"contentName":"Image"},"subContentId":"6ded66e4-7e4d-4891-9369-00d298df29c5","metadata":{"contentType":"Image","license":"U","title":"Untitled Image"}},"backgroundOpacity":0,"willDoAnimation":true,"animationType":"glow","displayAsButton":false,"buttonSize":"big","goToSlideType":"specified","invisible":false,"id":"img1ba9cfa6-27db-478e-9430-6c0902df32a1_6"}],"slideBackgroundSelector":{}},{"elements":[{"x":14.161220043572985,"y":4.301075268817204,"width":69.71677559912854,"height":69.6774193548387,"action":{"library":"H5P.Image 1.1","params":{"contentName":"Image","file":{"path":"images\/file-6583116977715.jpg","mime":"image\/jpeg","copyright":{"license":"U"},"width":1200,"height":846}},"subContentId":"07d2d95d-bf78-4876-b02c-eec24b3e52f5","metadata":{"contentType":"Image","license":"U","title":"Untitled Image"}},"backgroundOpacity":0,"willDoAnimation":false,"animationType":"glow","displayAsButton":false,"buttonSize":"big","goToSlideType":"specified","invisible":false},{"x":3.826530612244898,"y":70.50931989924433,"width":91.45408163265306,"height":29.471032745591938,"action":{"library":"H5P.CRAdvancedText 1.1","params":{"text":"<p dir=\"ltr\" style=\"text-align: center;\"><span style=\"color:#ffffff;\"><span style=\"font-size:1.75em;\">Kati Malik ayagala kweyonja nga taata. Wabula ggambuutusi zizitowa nnyo su &amp;hellip;&nbsp; su &amp;hellip;&nbsp;su. Kati lwaki ggambuutusi tezivuga tu tu?<\/span><\/span><\/p>\n"},"subContentId":"6463e951-5dc5-4a49-b328-5bb254ed6d99","metadata":{"contentType":"Text","license":"U","title":"Untitled Text"}},"alwaysDisplayComments":false,"backgroundOpacity":0,"willDoAnimation":false,"animationType":"glow","displayAsButton":false,"buttonSize":"big","goToSlideType":"specified","invisible":false,"solution":""},{"x":47.00255102040816,"y":43.95465994962216,"width":40,"height":40,"action":{"library":"H5P.CRAudio 1.4","params":{"fitToWrapper":true,"currIndex":6,"playerMode":"minimalistic","controls":true,"autoplay":true,"playAudio":"Play audio","pauseAudio":"Pause audio","contentName":"Audio","glowColor":"#ffd85a","timeStampForEachText":[{"text":" Kati ","startDuration":"0.0000","endDuration":"0.9849","wordfile":[{"path":"audios\/wordfile-66346c023198e.mp3","mime":"audio\/mpeg","copyright":{"license":"U"}}]},{"text":" Malik ","startDuration":"0.9859","endDuration":"1.7690","wordfile":[{"path":"audios\/wordfile-66346c1d72376.mp3","mime":"audio\/mpeg","copyright":{"license":"U"}}]},{"text":" ayagala ","startDuration":"1.7700","endDuration":"2.5306","wordfile":[{"path":"audios\/wordfile-66346c37d5cbb.mp3","mime":"audio\/mpeg","copyright":{"license":"U"}}]},{"text":" kweyonja ","startDuration":"2.5316","endDuration":"3.4492","wordfile":[{"path":"audios\/wordfile-66346c53e2b2a.mp3","mime":"audio\/mpeg","copyright":{"license":"U"}}]},{"text":" nga ","startDuration":"3.4502","endDuration":"3.6502","wordfile":[{"path":"audios\/wordfile-66346c786885a.mp3","mime":"audio\/mpeg","copyright":{"license":"U"}}]},{"text":" taata. ","startDuration":"3.6512","endDuration":"4.4343","wordfile":[{"path":"audios\/wordfile-66346c94b4b0c.mp3","mime":"audio\/mpeg","copyright":{"license":"U"}}]},{"text":" Wabula ","startDuration":"4.4353","endDuration":"5.4426","wordfile":[{"path":"audios\/wordfile-66346cc948ccd.mp3","mime":"audio\/mpeg","copyright":{"license":"U"}}]},{"text":" ggambuutusi ","startDuration":"5.4436","endDuration":"6.4958","wordfile":[{"path":"audios\/wordfile-66346ce29d9b8.mp3","mime":"audio\/mpeg","copyright":{"license":"U"}}]},{"text":" zizitowa ","startDuration":"6.4968","endDuration":"7.5490","wordfile":[{"path":"audios\/wordfile-66346d0d07804.mp3","mime":"audio\/mpeg","copyright":{"license":"U"}}]},{"text":" nnyo ","startDuration":"7.5500","endDuration":"8.1312","wordfile":[{"path":"audios\/wordfile-66346d457c210.mp3","mime":"audio\/mpeg","copyright":{"license":"U"}}]},{"text":" su \u2026\u00a0 su \u2026\u00a0su. ","startDuration":"8.1322","endDuration":"10.8887","wordfile":[{"path":"audios\/wordfile-66346d5ccace2.mp3","mime":"audio\/mpeg","copyright":{"license":"U"}}]},{"text":" Kati ","startDuration":"10.8897","endDuration":"11.6279","wordfile":[{"path":"audios\/wordfile-66346d8922ba2.mp3","mime":"audio\/mpeg","copyright":{"license":"U"}}]},{"text":" lwaki ","startDuration":"11.6289","endDuration":"12.0756","wordfile":[{"path":"audios\/wordfile-66346db9ad7e8.mp3","mime":"audio\/mpeg","copyright":{"license":"U"}}]},{"text":" ggambuutusi ","startDuration":"12.0766","endDuration":"12.8148","wordfile":[{"path":"audios\/wordfile-66346dd346496.mp3","mime":"audio\/mpeg","copyright":{"license":"U"}}]},{"text":" tezivuga ","startDuration":"12.8158","endDuration":"13.6437","wordfile":[{"path":"audios\/wordfile-66346df247b47.mp3","mime":"audio\/mpeg","copyright":{"license":"U"}}]},{"text":" tu tu? ","startDuration":"13.6447","endDuration":"16.4910","wordfile":[{"path":"audios\/wordfile-66346e0bbf342.mp3","mime":"audio\/mpeg","copyright":{"license":"U"}}]}],"files":[{"path":"audios\/files-66346bd545936.mp3","mime":"audio\/mpeg","copyright":{"license":"U"}}]},"subContentId":"0115d3f0-e431-494f-a5e3-c8b48a7743bf","metadata":{"contentType":"Curious Reader Audio","license":"U","title":"Untitled Curious Reader Audio"}},"backgroundOpacity":0,"willDoAnimation":false,"animationType":"glow","displayAsButton":false,"buttonSize":"big","goToSlideType":"specified","invisible":false},{"x":30.612244897959183,"y":15.105491183879094,"width":27.67857142857143,"height":40.050377833753146,"action":{"library":"H5P.Image 1.1","params":{"contentName":"Image"},"subContentId":"7920db4f-8c91-4a88-b142-8307207f18d5","metadata":{"contentType":"Image","license":"U","title":"Untitled Image"}},"backgroundOpacity":0,"willDoAnimation":true,"animationType":"glow","displayAsButton":false,"buttonSize":"big","goToSlideType":"specified","invisible":false,"id":"img0115d3f0-e431-494f-a5e3-c8b48a7743bf_1"},{"x":28.061224489795915,"y":42.78564231738036,"width":28.95408163265306,"height":27.455919395465994,"action":{"library":"H5P.Image 1.1","params":{"contentName":"Image"},"subContentId":"a31fe537-fc1f-4215-a104-2bb0c156f20b","metadata":{"contentType":"Image","license":"U","title":"Untitled Image"}},"backgroundOpacity":0,"willDoAnimation":true,"animationType":"glow","displayAsButton":false,"buttonSize":"big","goToSlideType":"specified","invisible":false,"id":"img0115d3f0-e431-494f-a5e3-c8b48a7743bf_7"}],"slideBackgroundSelector":{}},{"elements":[{"x":13.071895424836603,"y":2.147178494623656,"width":67.53812636165577,"height":67.5268817204301,"action":{"library":"H5P.Image 1.1","params":{"contentName":"Image","file":{"path":"images\/file-658311ac61736.jpg","mime":"image\/jpeg","copyright":{"license":"U"},"width":1200,"height":846}},"subContentId":"ac6c8dbc-43e2-4f49-aadc-db654b3866d5","metadata":{"contentType":"Image","license":"U","title":"Untitled Image"}},"backgroundOpacity":0,"willDoAnimation":false,"animationType":"glow","displayAsButton":false,"buttonSize":"big","goToSlideType":"specified","invisible":false},{"x":0,"y":70.52896725440806,"width":100,"height":29.471032745591938,"action":{"library":"H5P.CRAdvancedText 1.1","params":{"text":"<p dir=\"ltr\" style=\"text-align: center;\"><span style=\"color:#ffffff;\"><span style=\"font-size:1.75em;\">Hmm, oba Malik alina okuwanika ennyo ekigere kye? Oki! Zizitowa nnyo.<\/span><\/span><\/p>\n"},"subContentId":"f62257b1-ce18-4e7a-8d20-3b2c8af22c5d","metadata":{"contentType":"Text","license":"U","title":"Untitled Text"}},"alwaysDisplayComments":false,"backgroundOpacity":0,"willDoAnimation":false,"animationType":"glow","displayAsButton":false,"buttonSize":"big","goToSlideType":"specified","invisible":false,"solution":""},{"x":47.00255102040816,"y":43.95465994962216,"width":40,"height":40,"action":{"library":"H5P.CRAudio 1.4","params":{"fitToWrapper":true,"currIndex":7,"playerMode":"minimalistic","controls":true,"autoplay":true,"playAudio":"Play audio","pauseAudio":"Pause audio","contentName":"Audio","glowColor":"#ffd85a","timeStampForEachText":[{"text":" Hmm, ","startDuration":"0.0000","endDuration":"1.3106","wordfile":[{"path":"audios\/wordfile-66346e3ce2a7b.mp3","mime":"audio\/mpeg","copyright":{"license":"U"}}]},{"text":" oba ","startDuration":"1.3116","endDuration":"1.9201","wordfile":[{"path":"audios\/wordfile-66346e567c5ea.mp3","mime":"audio\/mpeg","copyright":{"license":"U"}}]},{"text":" Malik ","startDuration":"1.9211","endDuration":"2.5679","wordfile":[{"path":"audios\/wordfile-66346e72f398c.mp3","mime":"audio\/mpeg","copyright":{"license":"U"}}]},{"text":" alina ","startDuration":"2.5689","endDuration":"3.1263","wordfile":[{"path":"audios\/wordfile-66346e8a59d66.mp3","mime":"audio\/mpeg","copyright":{"license":"U"}}]},{"text":" okuwanika ","startDuration":"3.1273","endDuration":"3.7613","wordfile":[{"path":"audios\/wordfile-66346ebb14efc.mp3","mime":"audio\/mpeg","copyright":{"license":"U"}}]},{"text":" ennyo ","startDuration":"3.7623","endDuration":"4.0389","wordfile":[{"path":"audios\/wordfile-66346ed68d221.mp3","mime":"audio\/mpeg","copyright":{"license":"U"}}]},{"text":" ekigere ","startDuration":"4.0399","endDuration":"4.5718","wordfile":[{"path":"audios\/wordfile-66346eed01145.mp3","mime":"audio\/mpeg","copyright":{"license":"U"}}]},{"text":" kye? ","startDuration":"4.5728","endDuration":"5.2196","wordfile":[{"path":"audios\/wordfile-66346f598cd51.mp3","mime":"audio\/mpeg","copyright":{"license":"U"}}]},{"text":" Oki! ","startDuration":"5.2206","endDuration":"6.7482","wordfile":[{"path":"audios\/wordfile-66346f8066a30.mp3","mime":"audio\/mpeg","copyright":{"license":"U"}}]},{"text":" Zizitowa ","startDuration":"6.7492","endDuration":"8.0215","wordfile":[{"path":"audios\/wordfile-66346f9f3b4d3.mp3","mime":"audio\/mpeg","copyright":{"license":"U"}}]},{"text":" nnyo. ","startDuration":"8.0225","endDuration":"9.2948","wordfile":[{"path":"audios\/wordfile-66346fb6ad045.mp3","mime":"audio\/mpeg","copyright":{"license":"U"}}]}],"files":[{"path":"audios\/files-66346e2bc4bc5.mp3","mime":"audio\/mpeg","copyright":{"license":"U"}}]},"subContentId":"ac578eb4-95f7-4410-9f57-e1b35cba10b2","metadata":{"contentType":"Curious Reader Audio","license":"U","title":"Untitled Curious Reader Audio"}},"backgroundOpacity":0,"willDoAnimation":false,"animationType":"glow","displayAsButton":false,"buttonSize":"big","goToSlideType":"specified","invisible":false},{"x":24.23469387755102,"y":10.067707808564231,"width":40.05102040816327,"height":54.659949622166245,"action":{"library":"H5P.Image 1.1","params":{"contentName":"Image"},"subContentId":"ba140a59-5ba1-414e-bab0-48a158249ef2","metadata":{"contentType":"Image","license":"U","title":"Untitled Image"}},"backgroundOpacity":0,"willDoAnimation":true,"animationType":"glow","displayAsButton":false,"buttonSize":"big","goToSlideType":"specified","invisible":false,"id":"imgac578eb4-95f7-4410-9f57-e1b35cba10b2_2"},{"x":40.816326530612244,"y":15.101536523929472,"width":32.78061224489796,"height":34.5088161209068,"action":{"library":"H5P.Image 1.1","params":{"contentName":"Image"},"subContentId":"a978f1dc-21c5-4509-b3b3-52f61977ab59","metadata":{"contentType":"Image","license":"U","title":"Untitled Image"}},"backgroundOpacity":0,"willDoAnimation":true,"animationType":"glow","displayAsButton":false,"buttonSize":"big","goToSlideType":"specified","invisible":false,"id":"imgac578eb4-95f7-4410-9f57-e1b35cba10b2_4"},{"x":40.816326530612244,"y":12.586599496221663,"width":32.78061224489796,"height":40.050377833753146,"action":{"library":"H5P.Image 1.1","params":{"contentName":"Image"},"subContentId":"b6c8c027-d97d-40d0-b206-55ea35a2f67c","metadata":{"contentType":"Image","license":"U","title":"Untitled Image"}},"backgroundOpacity":0,"willDoAnimation":true,"animationType":"glow","displayAsButton":false,"buttonSize":"big","goToSlideType":"specified","invisible":false,"id":"imgac578eb4-95f7-4410-9f57-e1b35cba10b2_6"}],"slideBackgroundSelector":{}},{"elements":[{"x":15.250544662309368,"y":6.451612903225806,"width":64.27015250544663,"height":64.3010752688172,"action":{"library":"H5P.Image 1.1","params":{"contentName":"Image","file":{"path":"images\/file-658311ea80c9e.jpg","mime":"image\/jpeg","copyright":{"license":"U"},"width":1200,"height":846}},"subContentId":"f8fe2382-c3d9-4435-9db4-834c1ef2e69a","metadata":{"contentType":"Image","license":"U","title":"Untitled Image"}},"backgroundOpacity":0,"willDoAnimation":false,"animationType":"glow","displayAsButton":false,"buttonSize":"big","goToSlideType":"specified","invisible":false},{"x":5.1020408163265305,"y":75.56675062972292,"width":90.41394335511983,"height":20.64516129032258,"action":{"library":"H5P.CRAdvancedText 1.1","params":{"text":"<p dir=\"ltr\" style=\"text-align: center;\"><span style=\"color:#ffffff;\"><span style=\"font-size:1.75em;\">Aseerera, era ne ziddugala nnyo. Malik ayinza kuddamu kuzirongoosa atya?<\/span><\/span><\/p>\n"},"subContentId":"ecab0130-3c37-4767-b586-fd8750cfb218","metadata":{"contentType":"Text","license":"U","title":"Untitled Text"}},"alwaysDisplayComments":false,"backgroundOpacity":0,"willDoAnimation":false,"animationType":"glow","displayAsButton":false,"buttonSize":"big","goToSlideType":"specified","invisible":false,"solution":""},{"x":47.00255102040816,"y":43.95465994962216,"width":40,"height":40,"action":{"library":"H5P.CRAudio 1.4","params":{"fitToWrapper":true,"currIndex":8,"playerMode":"minimalistic","controls":true,"autoplay":true,"playAudio":"Play audio","pauseAudio":"Pause audio","contentName":"Audio","glowColor":"#ffd85a","timeStampForEachText":[{"text":" Aseerera, ","startDuration":"0.0000","endDuration":"1.5766","wordfile":[{"path":"audios\/wordfile-66346ff8ac2f4.mp3","mime":"audio\/mpeg","copyright":{"license":"U"}}]},{"text":" era ","startDuration":"1.5776","endDuration":"2.1218","wordfile":[{"path":"audios\/wordfile-6634703ca52f5.mp3","mime":"audio\/mpeg","copyright":{"license":"U"}}]},{"text":" ne ","startDuration":"2.1228","endDuration":"2.3228","wordfile":[{"path":"audios\/wordfile-663470660c325.mp3","mime":"audio\/mpeg","copyright":{"license":"U"}}]},{"text":" ziddugala ","startDuration":"2.3238","endDuration":"3.0171","wordfile":[{"path":"audios\/wordfile-66347084644fa.mp3","mime":"audio\/mpeg","copyright":{"license":"U"}}]},{"text":" nnyo. ","startDuration":"3.0181","endDuration":"3.6311","wordfile":[{"path":"audios\/wordfile-6634709a11577.mp3","mime":"audio\/mpeg","copyright":{"license":"U"}}]},{"text":" Malik ","startDuration":"3.6321","endDuration":"4.9678","wordfile":[{"path":"audios\/wordfile-663470b0d25d0.mp3","mime":"audio\/mpeg","copyright":{"license":"U"}}]},{"text":" ayinza ","startDuration":"4.9688","endDuration":"5.8686","wordfile":[{"path":"audios\/wordfile-663470cb90c31.mp3","mime":"audio\/mpeg","copyright":{"license":"U"}}]},{"text":" kuddamu ","startDuration":"5.8696","endDuration":"6.5170","wordfile":[{"path":"audios\/wordfile-66347101029e6.mp3","mime":"audio\/mpeg","copyright":{"license":"U"}}]},{"text":" kuzirongoosa ","startDuration":"6.5180","endDuration":"7.7734","wordfile":[{"path":"audios\/wordfile-6634712460e10.mp3","mime":"audio\/mpeg","copyright":{"license":"U"}}]},{"text":" atya? ","startDuration":"7.7744","endDuration":"8.5120","wordfile":[{"path":"audios\/wordfile-6634713aea7f2.mp3","mime":"audio\/mpeg","copyright":{"license":"U"}}]}],"files":[{"path":"audios\/files-66346fe1617d7.mp3","mime":"audio\/mpeg","copyright":{"license":"U"}}]},"subContentId":"9b4aacee-544b-42ef-b7a0-7c24eb292ec3","metadata":{"contentType":"Curious Reader Audio","license":"U","title":"Untitled Curious Reader Audio"}},"backgroundOpacity":0,"willDoAnimation":false,"animationType":"glow","displayAsButton":false,"buttonSize":"big","goToSlideType":"specified","invisible":false},{"x":33.16326530612245,"y":27.676322418136017,"width":25.127551020408163,"height":21.914357682619645,"action":{"library":"H5P.Image 1.1","params":{"contentName":"Image"},"subContentId":"dc610a6f-e76c-45b5-982e-ff822dbb838a","metadata":{"contentType":"Image","license":"U","title":"Untitled Image"}},"backgroundOpacity":0,"willDoAnimation":true,"animationType":"glow","displayAsButton":false,"buttonSize":"big","goToSlideType":"specified","invisible":false,"id":"img9b4aacee-544b-42ef-b7a0-7c24eb292ec3_5"}],"slideBackgroundSelector":{}},{"elements":[{"x":11.982570806100219,"y":2.147178494623656,"width":74.07407407407408,"height":74.19354838709677,"action":{"library":"H5P.Image 1.1","params":{"contentName":"Image","file":{"path":"images\/file-658312267dec7.jpg","mime":"image\/jpeg","copyright":{"license":"U"},"width":1200,"height":846}},"subContentId":"1fd09e29-b3ec-4c8b-9c34-98b7d69bc84a","metadata":{"contentType":"Image","license":"U","title":"Untitled Image"}},"backgroundOpacity":0,"willDoAnimation":false,"animationType":"glow","displayAsButton":false,"buttonSize":"big","goToSlideType":"specified","invisible":false},{"x":6.377551020408164,"y":77.32997481108312,"width":86.09693877551021,"height":22.670025188916874,"action":{"library":"H5P.CRAdvancedText 1.1","params":{"text":"<p dir=\"ltr\" style=\"text-align: center;\"><span style=\"color:#ffffff;\"><span style=\"font-size:1.75em;\">Singa aggyamu obuggyi ggambuutusi! Oki! Enkuyege emuluma?<\/span><\/span><\/p>\n"},"subContentId":"ebf1a1ce-e60a-4734-9c43-00e3468d5c5d","metadata":{"contentType":"Text","license":"U","title":"Untitled Text"}},"alwaysDisplayComments":false,"backgroundOpacity":0,"willDoAnimation":false,"animationType":"glow","displayAsButton":false,"buttonSize":"big","goToSlideType":"specified","invisible":false,"solution":""},{"x":47.00255102040816,"y":43.95465994962216,"width":40,"height":40,"action":{"library":"H5P.CRAudio 1.4","params":{"fitToWrapper":true,"currIndex":9,"playerMode":"minimalistic","controls":true,"autoplay":true,"playAudio":"Play audio","pauseAudio":"Pause audio","contentName":"Audio","glowColor":"#ffd85a","timeStampForEachText":[{"text":" Singa ","startDuration":"0.0000","endDuration":"1.6747","wordfile":[{"path":"audios\/wordfile-663471679eb4b.mp3","mime":"audio\/mpeg","copyright":{"license":"U"}}]},{"text":" aggyamu ","startDuration":"1.6757","endDuration":"2.3313","wordfile":[{"path":"audios\/wordfile-6634717cd2dcb.mp3","mime":"audio\/mpeg","copyright":{"license":"U"}}]},{"text":" obuggyi ","startDuration":"2.3323","endDuration":"3.0718","wordfile":[{"path":"audios\/wordfile-663471a6dba21.mp3","mime":"audio\/mpeg","copyright":{"license":"U"}}]},{"text":" ggambuutusi! ","startDuration":"3.0728","endDuration":"4.2199","wordfile":[{"path":"audios\/wordfile-663471ca1e90a.mp3","mime":"audio\/mpeg","copyright":{"license":"U"}}]},{"text":" Oki! ","startDuration":"4.2209","endDuration":"6.0514","wordfile":[{"path":"audios\/wordfile-663471e0eb964.mp3","mime":"audio\/mpeg","copyright":{"license":"U"}}]},{"text":" Enkuyege ","startDuration":"6.0524","endDuration":"7.2475","wordfile":[{"path":"audios\/wordfile-663471fbedd6e.mp3","mime":"audio\/mpeg","copyright":{"license":"U"}}]},{"text":" emuluma? ","startDuration":"7.2485","endDuration":"8.5036","wordfile":[{"path":"audios\/wordfile-6634720e2bc29.mp3","mime":"audio\/mpeg","copyright":{"license":"U"}}]}],"files":[{"path":"audios\/files-6634715327db3.mp3","mime":"audio\/mpeg","copyright":{"license":"U"}}]},"subContentId":"369860b2-2a8a-4e48-950a-48aa411abd1c","metadata":{"contentType":"Curious Reader Audio","license":"U","title":"Untitled Curious Reader Audio"}},"backgroundOpacity":0,"willDoAnimation":false,"animationType":"glow","displayAsButton":false,"buttonSize":"big","goToSlideType":"specified","invisible":false},{"x":42.09183673469388,"y":40.26675062972293,"width":26.403061224489797,"height":34.5088161209068,"action":{"library":"H5P.Image 1.1","params":{"contentName":"Image"},"subContentId":"54367c62-cfec-4e0d-89d9-952e7202783a","metadata":{"contentType":"Image","license":"U","title":"Untitled Image"}},"backgroundOpacity":0,"willDoAnimation":true,"animationType":"glow","displayAsButton":false,"buttonSize":"big","goToSlideType":"specified","invisible":false,"id":"img369860b2-2a8a-4e48-950a-48aa411abd1c_3"}],"slideBackgroundSelector":{}},{"elements":[{"x":14.161220043572985,"y":4.301075268817204,"width":68.62745098039215,"height":68.6021505376344,"action":{"library":"H5P.Image 1.1","params":{"contentName":"Image","file":{"path":"images\/file-65831263c39f8.jpg","mime":"image\/jpeg","copyright":{"license":"U"},"width":1200,"height":846}},"subContentId":"1de7b777-28ed-48a3-af4f-caa7c045bd2d","metadata":{"contentType":"Image","license":"U","title":"Untitled Image"}},"backgroundOpacity":0,"willDoAnimation":false,"animationType":"glow","displayAsButton":false,"buttonSize":"big","goToSlideType":"specified","invisible":false},{"x":1.2755102040816326,"y":75.06297229219143,"width":98.21428571428572,"height":24.937027707808564,"action":{"library":"H5P.CRAdvancedText 1.1","params":{"text":"<p dir=\"ltr\" style=\"text-align: center;\"><span style=\"color:#ffffff;\"><span style=\"font-size:1.75em;\">Oooh, enkuyege zino zanguwa nga zitwala emmere. Ziba nga ezitesetese ekijjulo.<\/span><\/span><\/p>\n"},"subContentId":"e39f6063-05e6-4f15-93d0-737efd656809","metadata":{"contentType":"Text","license":"U","title":"Untitled Text"}},"alwaysDisplayComments":false,"backgroundOpacity":0,"willDoAnimation":false,"animationType":"glow","displayAsButton":false,"buttonSize":"big","goToSlideType":"specified","invisible":false,"solution":""},{"x":93.11224489795919,"y":2.5188916876574305,"width":40,"height":40,"action":{"library":"H5P.CRAudio 1.4","params":{"fitToWrapper":true,"currIndex":10,"playerMode":"minimalistic","controls":true,"autoplay":true,"playAudio":"Play audio","pauseAudio":"Pause audio","contentName":"Audio","glowColor":"#ffd85a","timeStampForEachText":[{"text":" Oooh, ","startDuration":"0.0000","endDuration":"1.3848","wordfile":[{"path":"audios\/wordfile-663474c01cd19.mp3","mime":"audio\/mpeg","copyright":{"license":"U"}}]},{"text":" enkuyege ","startDuration":"1.3858","endDuration":"2.3248","wordfile":[{"path":"audios\/wordfile-663474da1c6a6.mp3","mime":"audio\/mpeg","copyright":{"license":"U"}}]},{"text":" zino ","startDuration":"2.3258","endDuration":"2.6666","wordfile":[{"path":"audios\/wordfile-663474ec386ad.mp3","mime":"audio\/mpeg","copyright":{"license":"U"}}]},{"text":" zanguwa ","startDuration":"2.6676","endDuration":"3.4776","wordfile":[{"path":"audios\/wordfile-6634750bd6a01.mp3","mime":"audio\/mpeg","copyright":{"license":"U"}}]},{"text":" nga ","startDuration":"3.4786","endDuration":"3.7959","wordfile":[{"path":"audios\/wordfile-6634752d4336b.mp3","mime":"audio\/mpeg","copyright":{"license":"U"}}]},{"text":" zitwala ","startDuration":"3.7969","endDuration":"4.4778","wordfile":[{"path":"audios\/wordfile-6634754de65d5.mp3","mime":"audio\/mpeg","copyright":{"license":"U"}}]},{"text":" emmere. ","startDuration":"4.4788","endDuration":"5.0542","wordfile":[{"path":"audios\/wordfile-663475616a2b2.mp3","mime":"audio\/mpeg","copyright":{"license":"U"}}]},{"text":" Ziba ","startDuration":"5.0552","endDuration":"6.0059","wordfile":[{"path":"audios\/wordfile-6634758255d29.mp3","mime":"audio\/mpeg","copyright":{"license":"U"}}]},{"text":" nga ","startDuration":"6.0069","endDuration":"6.2069","wordfile":[{"path":"audios\/wordfile-6634759c60161.mp3","mime":"audio\/mpeg","copyright":{"license":"U"}}]},{"text":" ezitesetese ","startDuration":"6.2079","endDuration":"7.4636","wordfile":[{"path":"audios\/wordfile-6634765875db0.mp3","mime":"audio\/mpeg","copyright":{"license":"U"}}]},{"text":" ekijjulo. ","startDuration":"7.4646","endDuration":"8.5913","wordfile":[{"path":"audios\/wordfile-66347674f0a22.mp3","mime":"audio\/mpeg","copyright":{"license":"U"}}]}],"files":[{"path":"audios\/files-66347491387db.mp3","mime":"audio\/mpeg","copyright":{"license":"U"}}]},"subContentId":"378d4b5a-e13b-4d1a-88a1-9fe23f629156","metadata":{"contentType":"Curious Reader Audio","license":"U","title":"Untitled Curious Reader Audio"}},"backgroundOpacity":0,"willDoAnimation":false,"animationType":"glow","displayAsButton":false,"buttonSize":"big","goToSlideType":"specified","invisible":false},{"x":14.030612244897958,"y":62.95465994962217,"width":40.05102040816327,"height":6.801007556675063,"action":{"library":"H5P.Image 1.1","params":{"contentName":"Image"},"subContentId":"6665fb10-587a-44ea-9b73-0370981882f4","metadata":{"contentType":"Image","license":"U","title":"Untitled Image"}},"backgroundOpacity":0,"willDoAnimation":true,"animationType":"glow","displayAsButton":false,"buttonSize":"big","goToSlideType":"specified","invisible":false,"id":"img378d4b5a-e13b-4d1a-88a1-9fe23f629156_1"},{"x":14.030612244897958,"y":57.90302267002518,"width":40.05102040816327,"height":6.801007556675063,"action":{"library":"H5P.Image 1.1","params":{"contentName":"Image"},"subContentId":"f845ce15-d9a2-4273-adbf-65cb26b579e1","metadata":{"contentType":"Image","license":"U","title":"Untitled Image"}},"backgroundOpacity":0,"willDoAnimation":true,"animationType":"glow","displayAsButton":false,"buttonSize":"big","goToSlideType":"specified","invisible":false,"id":"img378d4b5a-e13b-4d1a-88a1-9fe23f629156_6"}],"slideBackgroundSelector":{}},{"elements":[{"x":18.51851851851852,"y":4.301075268817204,"width":61.00217864923747,"height":61.0752688172043,"action":{"library":"H5P.Image 1.1","params":{"contentName":"Image","file":{"path":"images\/file-658312a85afa6.jpg","mime":"image\/jpeg","copyright":{"license":"U"},"width":1200,"height":846}},"subContentId":"5ef76c20-6b4b-46ab-be4a-4cd00f3456c0","metadata":{"contentType":"Image","license":"U","title":"Untitled Image"}},"backgroundOpacity":0,"willDoAnimation":false,"animationType":"glow","displayAsButton":false,"buttonSize":"big","goToSlideType":"specified","invisible":false},{"x":5.1020408163265305,"y":65.4735516372796,"width":90.43367346938776,"height":32.7455919395466,"action":{"library":"H5P.CRAdvancedText 1.1","params":{"text":"<p dir=\"ltr\" style=\"text-align: center;\"><span style=\"color:#ffffff;\"><span style=\"font-size:1.75em;\">Kyo kyo! Ekimotoka kya Malik eky\u2019okuzannyisa nakyo kisobola okwetikka ebintu nga eggaaliyoomukka. Kyo kyo!<\/span><\/span><\/p>\n"},"subContentId":"b4a1560a-f84c-4a8f-893e-c96b3f48024d","metadata":{"contentType":"Text","license":"U","title":"Untitled Text"}},"alwaysDisplayComments":false,"backgroundOpacity":0,"willDoAnimation":false,"animationType":"glow","displayAsButton":false,"buttonSize":"big","goToSlideType":"specified","invisible":false,"solution":""},{"x":47.00255102040816,"y":43.95465994962216,"width":40,"height":40,"action":{"library":"H5P.CRAudio 1.4","params":{"fitToWrapper":true,"currIndex":11,"playerMode":"minimalistic","controls":true,"autoplay":true,"playAudio":"Play audio","pauseAudio":"Pause audio","contentName":"Audio","glowColor":"#ffd85a","timeStampForEachText":[{"text":" Kyo kyo! ","startDuration":"0.0000","endDuration":"1.7891","wordfile":[{"path":"audios\/wordfile-663476a9c2f2d.mp3","mime":"audio\/mpeg","copyright":{"license":"U"}}]},{"text":" Ekimotoka ","startDuration":"1.7901","endDuration":"3.0441","wordfile":[{"path":"audios\/wordfile-663476c64be23.mp3","mime":"audio\/mpeg","copyright":{"license":"U"}}]},{"text":" kya ","startDuration":"3.0451","endDuration":"3.2451","wordfile":[{"path":"audios\/wordfile-663476d9a6c31.mp3","mime":"audio\/mpeg","copyright":{"license":"U"}}]},{"text":" Malik ","startDuration":"3.2461","endDuration":"3.8515","wordfile":[{"path":"audios\/wordfile-663476f15321f.mp3","mime":"audio\/mpeg","copyright":{"license":"U"}}]},{"text":" eky\u2019okuzannyisa ","startDuration":"3.8525","endDuration":"5.5281","wordfile":[{"path":"audios\/wordfile-6634770992594.mp3","mime":"audio\/mpeg","copyright":{"license":"U"}}]},{"text":" nakyo ","startDuration":"5.5291","endDuration":"6.0696","wordfile":[{"path":"audios\/wordfile-66347744e4882.mp3","mime":"audio\/mpeg","copyright":{"license":"U"}}]},{"text":" kisobola ","startDuration":"6.0706","endDuration":"6.7084","wordfile":[{"path":"audios\/wordfile-663477591141e.mp3","mime":"audio\/mpeg","copyright":{"license":"U"}}]},{"text":" okwetikka ","startDuration":"6.7094","endDuration":"7.3148","wordfile":[{"path":"audios\/wordfile-663477712ba1a.mp3","mime":"audio\/mpeg","copyright":{"license":"U"}}]},{"text":" ebintu ","startDuration":"7.3158","endDuration":"7.9698","wordfile":[{"path":"audios\/wordfile-6634778adb7e7.mp3","mime":"audio\/mpeg","copyright":{"license":"U"}}]},{"text":" nga ","startDuration":"7.9708","endDuration":"8.3330","wordfile":[{"path":"audios\/wordfile-6634779a79d15.mp3","mime":"audio\/mpeg","copyright":{"license":"U"}}]},{"text":" eggaaliyoomukka. ","startDuration":"8.3340","endDuration":"9.8313","wordfile":[{"path":"audios\/wordfile-663477aaad77e.mp3","mime":"audio\/mpeg","copyright":{"license":"U"}}]},{"text":" Kyo kyo! ","startDuration":"9.8323","endDuration":"12.0320","wordfile":[{"path":"audios\/wordfile-663477ba154d6.mp3","mime":"audio\/mpeg","copyright":{"license":"U"}}]}],"files":[{"path":"audios\/files-6634769708dd0.mp3","mime":"audio\/mpeg","copyright":{"license":"U"}}]},"subContentId":"ce24d748-90f5-4fdb-ba6b-7f54fc912c78","metadata":{"contentType":"Curious Reader Audio","license":"U","title":"Untitled Curious Reader Audio"}},"backgroundOpacity":0,"willDoAnimation":false,"animationType":"glow","displayAsButton":false,"buttonSize":"big","goToSlideType":"specified","invisible":false},{"x":38.26428571428572,"y":17.6204282115869,"width":16.198979591836736,"height":40.050377833753146,"action":{"library":"H5P.Image 1.1","params":{"contentName":"Image"},"subContentId":"e844b044-583b-45c6-8a19-d7fc81cdf88d","metadata":{"contentType":"Image","license":"U","title":"Untitled Image"}},"backgroundOpacity":0,"willDoAnimation":true,"animationType":"glow","displayAsButton":false,"buttonSize":"big","goToSlideType":"specified","invisible":false,"id":"imgce24d748-90f5-4fdb-ba6b-7f54fc912c78_3"},{"x":54.8469387755102,"y":40.27858942065492,"width":25.127551020408163,"height":21.914357682619645,"action":{"library":"H5P.Image 1.1","params":{"contentName":"Image"},"subContentId":"f80e5bb8-4282-408d-8cfa-c64e86acfabb","metadata":{"contentType":"Image","license":"U","title":"Untitled Image"}},"backgroundOpacity":0,"willDoAnimation":true,"animationType":"glow","displayAsButton":false,"buttonSize":"big","goToSlideType":"specified","invisible":false,"id":"imgce24d748-90f5-4fdb-ba6b-7f54fc912c78_1"}],"slideBackgroundSelector":{}},{"elements":[{"x":13.071895424836601,"y":2.150537634408602,"width":68.62745098039215,"height":68.6021505376344,"action":{"library":"H5P.Image 1.1","params":{"contentName":"Image","file":{"path":"images\/file-658312ec26f2b.jpg","mime":"image\/jpeg","copyright":{"license":"U"},"width":1200,"height":846}},"subContentId":"42e9e715-9949-40df-b8a3-1067f054dc11","metadata":{"contentType":"Image","license":"U","title":"Untitled Image"}},"backgroundOpacity":0,"willDoAnimation":false,"animationType":"glow","displayAsButton":false,"buttonSize":"big","goToSlideType":"specified","invisible":false},{"x":1.2755102040816326,"y":70.50931989924433,"width":93.49489795918367,"height":29.471032745591938,"action":{"library":"H5P.CRAdvancedText 1.1","params":{"text":"<p dir=\"ltr\" style=\"text-align: center;\"><span style=\"color:#ffffff;\"><span style=\"font-size:1.75em;\">Hmm, Malik ateeka obucupa mu kimotoka ekya kyenvu. Olwo n\u2019ateeka ggulu mu kimotoka ekimyufu.<\/span><\/span><\/p>\n"},"subContentId":"6d9dec51-ae09-4d32-a474-6245fe682001","metadata":{"contentType":"Text","license":"U","title":"Untitled Text"}},"alwaysDisplayComments":false,"backgroundOpacity":0,"willDoAnimation":false,"animationType":"glow","displayAsButton":false,"buttonSize":"big","goToSlideType":"specified","invisible":false,"solution":""},{"x":47.00255102040816,"y":43.95465994962216,"width":40,"height":40,"action":{"library":"H5P.CRAudio 1.4","params":{"fitToWrapper":true,"currIndex":12,"playerMode":"minimalistic","controls":true,"autoplay":true,"playAudio":"Play audio","pauseAudio":"Pause audio","contentName":"Audio","glowColor":"#ffd85a","timeStampForEachText":[{"text":" Hmm, ","startDuration":"0.0000","endDuration":"1.1308","wordfile":[{"path":"audios\/wordfile-6634781cafc54.mp3","mime":"audio\/mpeg","copyright":{"license":"U"}}]},{"text":" Malik ","startDuration":"1.1318","endDuration":"1.9873","wordfile":[{"path":"audios\/wordfile-663478533fe8c.mp3","mime":"audio\/mpeg","copyright":{"license":"U"}}]},{"text":" ateeka ","startDuration":"1.9883","endDuration":"2.6865","wordfile":[{"path":"audios\/wordfile-663478677af7f.mp3","mime":"audio\/mpeg","copyright":{"license":"U"}}]},{"text":" obucupa ","startDuration":"2.6875","endDuration":"3.3857","wordfile":[{"path":"audios\/wordfile-66347878c91de.mp3","mime":"audio\/mpeg","copyright":{"license":"U"}}]},{"text":" mu ","startDuration":"3.3867","endDuration":"3.5211","wordfile":[{"path":"audios\/wordfile-6634788e62f42.mp3","mime":"audio\/mpeg","copyright":{"license":"U"}}]},{"text":" kimotoka ","startDuration":"3.5221","endDuration":"4.0892","wordfile":[{"path":"audios\/wordfile-663478b4a0085.mp3","mime":"audio\/mpeg","copyright":{"license":"U"}}]},{"text":" ekya ","startDuration":"4.0902","endDuration":"4.3951","wordfile":[{"path":"audios\/wordfile-663478cf35a39.mp3","mime":"audio\/mpeg","copyright":{"license":"U"}}]},{"text":" kyenvu. ","startDuration":"4.3961","endDuration":"5.2123","wordfile":[{"path":"audios\/wordfile-663478e0916c0.mp3","mime":"audio\/mpeg","copyright":{"license":"U"}}]},{"text":" Olwo ","startDuration":"5.2133","endDuration":"6.1213","wordfile":[{"path":"audios\/wordfile-663478ff079a6.mp3","mime":"audio\/mpeg","copyright":{"license":"U"}}]},{"text":" n\u2019ateeka ","startDuration":"6.1223","endDuration":"6.9778","wordfile":[{"path":"audios\/wordfile-663479573cb09.mp3","mime":"audio\/mpeg","copyright":{"license":"U"}}]},{"text":" ggulu ","startDuration":"6.9788","endDuration":"7.3755","wordfile":[{"path":"audios\/wordfile-6634794a55f60.mp3","mime":"audio\/mpeg","copyright":{"license":"U"}}]},{"text":" mu ","startDuration":"7.3765","endDuration":"7.6683","wordfile":[{"path":"audios\/wordfile-6634798bdc56b.mp3","mime":"audio\/mpeg","copyright":{"license":"U"}}]},{"text":" kimotoka ","startDuration":"7.6693","endDuration":"8.3413","wordfile":[{"path":"audios\/wordfile-663479a350db7.mp3","mime":"audio\/mpeg","copyright":{"license":"U"}}]},{"text":" ekimyufu. ","startDuration":"8.3423","endDuration":"9.5649","wordfile":[{"path":"audios\/wordfile-663479be61883.mp3","mime":"audio\/mpeg","copyright":{"license":"U"}}]}],"files":[{"path":"audios\/files-6634780c07bb7.mp3","mime":"audio\/mpeg","copyright":{"license":"U"}}]},"subContentId":"3413bf12-1fc0-4428-b39e-2fe6633c41b1","metadata":{"contentType":"Curious Reader Audio","license":"U","title":"Untitled Curious Reader Audio"}},"backgroundOpacity":0,"willDoAnimation":false,"animationType":"glow","displayAsButton":false,"buttonSize":"big","goToSlideType":"specified","invisible":false},{"x":36.98979591836735,"y":7.550780856423174,"width":25.127551020408163,"height":47.10327455919395,"action":{"library":"H5P.Image 1.1","params":{"contentName":"Image"},"subContentId":"32df4041-a2bf-4560-860e-18cc8c7e7765","metadata":{"contentType":"Image","license":"U","title":"Untitled Image"}},"backgroundOpacity":0,"willDoAnimation":true,"animationType":"glow","displayAsButton":false,"buttonSize":"big","goToSlideType":"specified","invisible":false,"id":"img3413bf12-1fc0-4428-b39e-2fe6633c41b1_1"},{"x":52.295918367346935,"y":20.139319899244335,"width":12.372448979591837,"height":24.43324937027708,"action":{"library":"H5P.Image 1.1","params":{"contentName":"Image"},"subContentId":"3e5db301-e326-44f6-8878-696c681a841c","metadata":{"contentType":"Image","license":"U","title":"Untitled Image"}},"backgroundOpacity":0,"willDoAnimation":true,"animationType":"glow","displayAsButton":false,"buttonSize":"big","goToSlideType":"specified","invisible":false,"id":"img3413bf12-1fc0-4428-b39e-2fe6633c41b1_3"},{"x":25.510204081632654,"y":47.817632241813605,"width":22.5765306122449,"height":22.41813602015113,"action":{"library":"H5P.Image 1.1","params":{"contentName":"Image"},"subContentId":"2db5459c-a540-4950-b0c0-14137b67f1a7","metadata":{"contentType":"Image","license":"U","title":"Untitled Image"}},"backgroundOpacity":0,"willDoAnimation":true,"animationType":"glow","displayAsButton":false,"buttonSize":"big","goToSlideType":"specified","invisible":false,"id":"img3413bf12-1fc0-4428-b39e-2fe6633c41b1_12"},{"x":21.683673469387756,"y":50.35037783375314,"width":26.403061224489797,"height":19.8992443324937,"action":{"library":"H5P.Image 1.1","params":{"contentName":"Image"},"subContentId":"621a3a45-ba9a-4d0b-811b-756c2a3d06a0","metadata":{"contentType":"Image","license":"U","title":"Untitled Image"}},"backgroundOpacity":0,"willDoAnimation":true,"animationType":"glow","displayAsButton":false,"buttonSize":"big","goToSlideType":"specified","invisible":false,"id":"img3413bf12-1fc0-4428-b39e-2fe6633c41b1_7"},{"x":44.642857142857146,"y":50.35037783375314,"width":18.75,"height":19.64735516372796,"action":{"library":"H5P.Image 1.1","params":{"contentName":"Image"},"subContentId":"5ec49453-5c23-49ef-94c5-ce554f6e4d6d","metadata":{"contentType":"Image","license":"U","title":"Untitled Image"}},"backgroundOpacity":0,"willDoAnimation":true,"animationType":"glow","displayAsButton":false,"buttonSize":"big","goToSlideType":"specified","invisible":false,"id":"img3413bf12-1fc0-4428-b39e-2fe6633c41b1_12"},{"x":44.642857142857146,"y":50.336523929471035,"width":20.025510204081634,"height":19.64735516372796,"action":{"library":"H5P.Image 1.1","params":{"contentName":"Image"},"subContentId":"0ddd51a3-0b69-4418-a07e-790cc48c4c14","metadata":{"contentType":"Image","license":"U","title":"Untitled Image"}},"backgroundOpacity":0,"willDoAnimation":true,"animationType":"glow","displayAsButton":false,"buttonSize":"big","goToSlideType":"specified","invisible":false,"id":"img3413bf12-1fc0-4428-b39e-2fe6633c41b1_13"}],"slideBackgroundSelector":{}},{"elements":[{"x":13.071895424836603,"y":4.29436559139785,"width":67.53812636165577,"height":67.5268817204301,"action":{"library":"H5P.Image 1.1","params":{"contentName":"Image","file":{"path":"images\/file-658313261d5f4.jpg","mime":"image\/jpeg","copyright":{"license":"U"},"width":1200,"height":846}},"subContentId":"86d08a98-9a1f-4beb-8821-d6bda1bcbf4d","metadata":{"contentType":"Image","license":"U","title":"Untitled Image"}},"backgroundOpacity":0,"willDoAnimation":false,"animationType":"glow","displayAsButton":false,"buttonSize":"big","goToSlideType":"specified","invisible":false},{"x":5.445829081632653,"y":77.28664987405541,"width":87.11734693877551,"height":22.670025188916874,"action":{"library":"H5P.CRAdvancedText 1.1","params":{"text":"<p dir=\"ltr\" style=\"text-align: center;\"><span style=\"color:#ffffff;\"><span style=\"font-size:1.75em;\">Oluvannyuma, ateeka ebikoola mu kimotoka ekya kiragala. Naye ekimotoka kitono nnyo.&nbsp;<\/span><\/span><\/p>\n"},"subContentId":"a16f2c10-efb1-4dc2-9167-7fb65a2a8098","metadata":{"contentType":"Text","license":"U","title":"Untitled Text"}},"alwaysDisplayComments":false,"backgroundOpacity":0,"willDoAnimation":false,"animationType":"glow","displayAsButton":false,"buttonSize":"big","goToSlideType":"specified","invisible":false,"solution":""},{"x":47.00255102040816,"y":43.95465994962216,"width":40,"height":40,"action":{"library":"H5P.CRAudio 1.4","params":{"fitToWrapper":true,"currIndex":13,"playerMode":"minimalistic","controls":true,"autoplay":true,"playAudio":"Play audio","pauseAudio":"Pause audio","contentName":"Audio","glowColor":"#ffd85a","timeStampForEachText":[{"text":" Oluvannyuma, ","startDuration":"0.0000","endDuration":"1.5944","wordfile":[{"path":"audios\/wordfile-66347a2d4f518.mp3","mime":"audio\/mpeg","copyright":{"license":"U"}}]},{"text":" ateeka ","startDuration":"1.5954","endDuration":"2.4808","wordfile":[{"path":"audios\/wordfile-66347a4eb0d73.mp3","mime":"audio\/mpeg","copyright":{"license":"U"}}]},{"text":" ebikoola ","startDuration":"2.4818","endDuration":"3.1899","wordfile":[{"path":"audios\/wordfile-66347a785ae54.mp3","mime":"audio\/mpeg","copyright":{"license":"U"}}]},{"text":" mu ","startDuration":"3.1909","endDuration":"3.3909","wordfile":[{"path":"audios\/wordfile-66347a8751325.mp3","mime":"audio\/mpeg","copyright":{"license":"U"}}]},{"text":" kimotoka ","startDuration":"3.3919","endDuration":"4.1118","wordfile":[{"path":"audios\/wordfile-66347a9c5f0fc.mp3","mime":"audio\/mpeg","copyright":{"license":"U"}}]},{"text":" ekya ","startDuration":"4.1128","endDuration":"4.5728","wordfile":[{"path":"audios\/wordfile-66347ab21dedd.mp3","mime":"audio\/mpeg","copyright":{"license":"U"}}]},{"text":" kiragala. ","startDuration":"4.5738","endDuration":"5.4355","wordfile":[{"path":"audios\/wordfile-66347ac3e771c.mp3","mime":"audio\/mpeg","copyright":{"license":"U"}}]},{"text":" Naye ","startDuration":"5.4365","endDuration":"6.3928","wordfile":[{"path":"audios\/wordfile-66347ad41d2b4.mp3","mime":"audio\/mpeg","copyright":{"license":"U"}}]},{"text":" ekimotoka ","startDuration":"6.3938","endDuration":"7.1728","wordfile":[{"path":"audios\/wordfile-66347aea1c5c5.mp3","mime":"audio\/mpeg","copyright":{"license":"U"}}]},{"text":" kitono ","startDuration":"7.1738","endDuration":"7.8347","wordfile":[{"path":"audios\/wordfile-66347b086a08c.mp3","mime":"audio\/mpeg","copyright":{"license":"U"}}]},{"text":" nnyo.\u00a0 ","startDuration":"7.8357","endDuration":"8.5675","wordfile":[{"path":"audios\/wordfile-66347b2f7e700.mp3","mime":"audio\/mpeg","copyright":{"license":"U"}}]}],"files":[{"path":"audios\/files-663479e16ccda.mp3","mime":"audio\/mpeg","copyright":{"license":"U"}}]},"subContentId":"8bfe1c5d-a6f3-4d4b-823e-0c2d585b1f41","metadata":{"contentType":"Curious Reader Audio","license":"U","title":"Untitled Curious Reader Audio"}},"backgroundOpacity":0,"willDoAnimation":false,"animationType":"glow","displayAsButton":false,"buttonSize":"big","goToSlideType":"specified","invisible":false},{"x":28.06122448979592,"y":30.226700251889167,"width":40,"height":40,"action":{"library":"H5P.Image 1.1","params":{"contentName":"Image"},"subContentId":"c71cc8a0-2b7b-4621-8b44-64ef491f4d91","metadata":{"contentType":"Image","license":"U","title":"Untitled Image"}},"backgroundOpacity":0,"willDoAnimation":true,"animationType":"glow","displayAsButton":false,"buttonSize":"big","goToSlideType":"specified","invisible":false,"id":"img8bfe1c5d-a6f3-4d4b-823e-0c2d585b1f41_4"},{"x":29.97448979591837,"y":29.974811083123424,"width":40,"height":40,"action":{"library":"H5P.Image 1.1","params":{"contentName":"Image"},"subContentId":"be3fdd73-8277-4d11-a132-5e7cd6dd348a","metadata":{"contentType":"Image","license":"U","title":"Untitled Image"}},"backgroundOpacity":0,"willDoAnimation":true,"animationType":"glow","displayAsButton":false,"buttonSize":"big","goToSlideType":"specified","invisible":false,"id":"img8bfe1c5d-a6f3-4d4b-823e-0c2d585b1f41_6"},{"x":36.98979591836735,"y":20.14523929471033,"width":40.05102040816327,"height":29.974811083123424,"action":{"library":"H5P.Image 1.1","params":{"contentName":"Image"},"subContentId":"d46eb2ef-b31b-4aba-9d00-3e97a3d52dcf","metadata":{"contentType":"Image","license":"U","title":"Untitled Image"}},"backgroundOpacity":0,"willDoAnimation":true,"animationType":"glow","displayAsButton":false,"buttonSize":"big","goToSlideType":"specified","invisible":false,"id":"img8bfe1c5d-a6f3-4d4b-823e-0c2d585b1f41_2"}],"slideBackgroundSelector":{}},{"elements":[{"x":17.429193899782135,"y":4.29436559139785,"width":64.27015250544663,"height":64.3010752688172,"action":{"library":"H5P.Image 1.1","params":{"contentName":"Image","file":{"path":"images\/file-658313710a42f.jpg","mime":"image\/jpeg","copyright":{"license":"U"},"width":1200,"height":846}},"subContentId":"ed368202-e3f5-450c-9e24-0e21dd7395ef","metadata":{"contentType":"Image","license":"U","title":"Untitled Image"}},"backgroundOpacity":0,"willDoAnimation":false,"animationType":"glow","displayAsButton":false,"buttonSize":"big","goToSlideType":"specified","invisible":false},{"x":8.714596949891067,"y":75.22516129032259,"width":84.9673202614379,"height":20.43010752688172,"action":{"library":"H5P.CRAdvancedText 1.1","params":{"text":"<p dir=\"ltr\" style=\"text-align: center;\"><span style=\"color:#ffffff;\"><span style=\"font-size:1.75em;\">Noolwekyo, ateeka ebikoola mu ggambuutusi. Ggambuutusi nazo zitikka ebintu.<\/span><\/span><\/p>\n"},"subContentId":"5937c472-d7cc-44e1-a5b2-cc7c7bb2e407","metadata":{"contentType":"Text","license":"U","title":"Untitled Text"}},"alwaysDisplayComments":false,"backgroundOpacity":0,"willDoAnimation":false,"animationType":"glow","displayAsButton":false,"buttonSize":"big","goToSlideType":"specified","invisible":false,"solution":""},{"x":47.00255102040816,"y":43.95465994962216,"width":40,"height":40,"action":{"library":"H5P.CRAudio 1.4","params":{"fitToWrapper":true,"currIndex":14,"playerMode":"minimalistic","controls":true,"autoplay":true,"playAudio":"Play audio","pauseAudio":"Pause audio","contentName":"Audio","glowColor":"#ffd85a","timeStampForEachText":[{"text":" Noolwekyo, ","startDuration":"0.0000","endDuration":"1.5463","wordfile":[{"path":"audios\/wordfile-66347c0f88979.mp3","mime":"audio\/mpeg","copyright":{"license":"U"}}]},{"text":" ateeka ","startDuration":"1.5473","endDuration":"2.4705","wordfile":[{"path":"audios\/wordfile-66347c246dac6.mp3","mime":"audio\/mpeg","copyright":{"license":"U"}}]},{"text":" ebikoola ","startDuration":"2.4715","endDuration":"2.9942","wordfile":[{"path":"audios\/wordfile-66347c4a8d5a8.mp3","mime":"audio\/mpeg","copyright":{"license":"U"}}]},{"text":" mu ","startDuration":"2.9952","endDuration":"3.1952","wordfile":[{"path":"audios\/wordfile-66347c60d50ff.mp3","mime":"audio\/mpeg","copyright":{"license":"U"}}]},{"text":" ggambuutusi. ","startDuration":"3.1962","endDuration":"4.2975","wordfile":[{"path":"audios\/wordfile-66347c70da8c8.mp3","mime":"audio\/mpeg","copyright":{"license":"U"}}]},{"text":" Ggambuutusi ","startDuration":"4.2985","endDuration":"6.0229","wordfile":[{"path":"audios\/wordfile-66347c83ba9a6.mp3","mime":"audio\/mpeg","copyright":{"license":"U"}}]},{"text":" nazo ","startDuration":"6.0239","endDuration":"6.5021","wordfile":[{"path":"audios\/wordfile-66347c94df84a.mp3","mime":"audio\/mpeg","copyright":{"license":"U"}}]},{"text":" zitikka ","startDuration":"6.5031","endDuration":"7.2372","wordfile":[{"path":"audios\/wordfile-66347cb223fdd.mp3","mime":"audio\/mpeg","copyright":{"license":"U"}}]},{"text":" ebintu. ","startDuration":"7.2382","endDuration":"8.1837","wordfile":[{"path":"audios\/wordfile-66347cc3560e0.mp3","mime":"audio\/mpeg","copyright":{"license":"U"}}]}],"files":[{"path":"audios\/files-66347c00cff92.mp3","mime":"audio\/mpeg","copyright":{"license":"U"}}]},"subContentId":"6be9d766-95f6-4698-b342-4c04482f1c97","metadata":{"contentType":"Curious Reader Audio","license":"U","title":"Untitled Curious Reader Audio"}},"backgroundOpacity":0,"willDoAnimation":false,"animationType":"glow","displayAsButton":false,"buttonSize":"big","goToSlideType":"specified","invisible":false},{"x":54.8469387755102,"y":35.254659949622166,"width":8.545918367346939,"height":11.58690176322418,"action":{"library":"H5P.Image 1.1","params":{"contentName":"Image"},"subContentId":"05ff83a3-23cf-4c9e-8ae2-859716178deb","metadata":{"contentType":"Image","license":"U","title":"Untitled Image"}},"backgroundOpacity":0,"willDoAnimation":true,"animationType":"glow","displayAsButton":false,"buttonSize":"big","goToSlideType":"specified","invisible":false,"id":"img6be9d766-95f6-4698-b342-4c04482f1c97_2"},{"x":54.8469387755102,"y":37.76372795969773,"width":20.025510204081634,"height":29.471032745591938,"action":{"library":"H5P.Image 1.1","params":{"contentName":"Image"},"subContentId":"14c0ab93-2b80-4c60-a64b-e73f1db473f1","metadata":{"contentType":"Image","license":"U","title":"Untitled Image"}},"backgroundOpacity":0,"willDoAnimation":true,"animationType":"glow","displayAsButton":false,"buttonSize":"big","goToSlideType":"specified","invisible":false,"id":"img6be9d766-95f6-4698-b342-4c04482f1c97_4"},{"x":54.8469387755102,"y":37.7735516372796,"width":20.025510204081634,"height":32.241813602015114,"action":{"library":"H5P.Image 1.1","params":{"contentName":"Image"},"subContentId":"84acc013-7b2b-474d-97a4-195285105d41","metadata":{"contentType":"Image","license":"U","title":"Untitled Image"}},"backgroundOpacity":0,"willDoAnimation":true,"animationType":"glow","displayAsButton":false,"buttonSize":"big","goToSlideType":"specified","invisible":false,"id":"img6be9d766-95f6-4698-b342-4c04482f1c97_5"}],"slideBackgroundSelector":{}},{"elements":[{"x":14.161220043572984,"y":4.29436559139785,"width":66.44880174291939,"height":66.45161290322581,"action":{"library":"H5P.Image 1.1","params":{"contentName":"Image","file":{"path":"images\/file-658313aab727d.jpg","mime":"image\/jpeg","copyright":{"license":"U"},"width":1200,"height":846}},"subContentId":"1df6040b-e606-4207-8617-8a87e3020363","metadata":{"contentType":"Image","license":"U","title":"Untitled Image"}},"backgroundOpacity":0,"willDoAnimation":false,"animationType":"glow","displayAsButton":false,"buttonSize":"big","goToSlideType":"specified","invisible":false},{"x":6.535947712418301,"y":73.0763440860215,"width":87.14596949891067,"height":20.64516129032258,"action":{"library":"H5P.CRAdvancedText 1.1","params":{"text":"<p dir=\"ltr\" style=\"text-align: center;\"><span style=\"color:#ffffff;\"><span style=\"font-size:1.75em;\">Kyo kyo &amp;hellip;&nbsp; tu tu. Yay! Malik alina eggaaliyoomukka empanvu. Kyo kyo &amp;hellip;&nbsp;&nbsp;tu tu.<\/span><\/span><\/p>\n"},"subContentId":"06893168-deeb-4298-9312-8cbcc138ba13","metadata":{"contentType":"Text","license":"U","title":"Untitled Text"}},"alwaysDisplayComments":false,"backgroundOpacity":0,"willDoAnimation":false,"animationType":"glow","displayAsButton":false,"buttonSize":"big","goToSlideType":"specified","invisible":false,"solution":""},{"x":47.00255102040816,"y":43.95465994962216,"width":40,"height":40,"action":{"library":"H5P.CRAudio 1.4","params":{"fitToWrapper":true,"currIndex":15,"playerMode":"minimalistic","controls":true,"autoplay":true,"playAudio":"Play audio","pauseAudio":"Pause audio","contentName":"Audio","glowColor":"#ffd85a","timeStampForEachText":[{"text":" Kyo kyo \u2026\u00a0 ","startDuration":"0.0000","endDuration":"2.3542","wordfile":[{"path":"audios\/wordfile-66347cf658916.mp3","mime":"audio\/mpeg","copyright":{"license":"U"}}]},{"text":" tu tu. ","startDuration":"2.3552","endDuration":"4.9811","wordfile":[{"path":"audios\/wordfile-66347d130d944.mp3","mime":"audio\/mpeg","copyright":{"license":"U"}}]},{"text":" Yay! ","startDuration":"4.9811","endDuration":"6.4242","wordfile":[{"path":"audios\/wordfile-66347d3717556.mp3","mime":"audio\/mpeg","copyright":{"license":"U"}}]},{"text":" Malik ","startDuration":"6.4252","endDuration":"7.2462","wordfile":[{"path":"audios\/wordfile-66347d64ebfa7.mp3","mime":"audio\/mpeg","copyright":{"license":"U"}}]},{"text":" alina ","startDuration":"7.2472","endDuration":"7.7771","wordfile":[{"path":"audios\/wordfile-66347d7520a3c.mp3","mime":"audio\/mpeg","copyright":{"license":"U"}}]},{"text":" eggaaliyoomukka ","startDuration":"7.7781","endDuration":"9.1231","wordfile":[{"path":"audios\/wordfile-66347d90df693.mp3","mime":"audio\/mpeg","copyright":{"license":"U"}}]},{"text":" empanvu. ","startDuration":"9.1241","endDuration":"10.2556","wordfile":[{"path":"audios\/wordfile-66347da1a1931.mp3","mime":"audio\/mpeg","copyright":{"license":"U"}}]},{"text":" Kyo kyo ","startDuration":"10.2566","endDuration":"12.1838","wordfile":[{"path":"audios\/wordfile-66347db5af238.mp3","mime":"audio\/mpeg","copyright":{"license":"U"}}]},{"text":" \u2026\u00a0\u00a0tu tu. ","startDuration":"12.1848","endDuration":"14.4000","wordfile":[{"path":"audios\/wordfile-66347dcf0c966.mp3","mime":"audio\/mpeg","copyright":{"license":"U"}}]}],"files":[{"path":"audios\/files-66347ce3ce664.mp3","mime":"audio\/mpeg","copyright":{"license":"U"}}]},"subContentId":"1fbae668-b4b1-427c-af87-06dfe46e9e3a","metadata":{"contentType":"Curious Reader Audio","license":"U","title":"Untitled Curious Reader Audio"}},"backgroundOpacity":0,"willDoAnimation":false,"animationType":"glow","displayAsButton":false,"buttonSize":"big","goToSlideType":"specified","invisible":false},{"x":26.785714285714285,"y":12.582644836272038,"width":14.923469387755102,"height":34.5088161209068,"action":{"library":"H5P.Image 1.1","params":{"contentName":"Image"},"subContentId":"d46f0ac0-6afb-4ab6-88da-0267392bc782","metadata":{"contentType":"Image","license":"U","title":"Untitled Image"}},"backgroundOpacity":0,"willDoAnimation":true,"animationType":"glow","displayAsButton":false,"buttonSize":"big","goToSlideType":"specified","invisible":false,"id":"img1fbae668-b4b1-427c-af87-06dfe46e9e3a_3"},{"x":24.23469387755102,"y":37.7735516372796,"width":40.05102040816327,"height":29.974811083123424,"action":{"library":"H5P.Image 1.1","params":{"contentName":"Image"},"subContentId":"4a983f21-de2c-4fb1-8427-78e15e8eee50","metadata":{"contentType":"Image","license":"U","title":"Untitled Image"}},"backgroundOpacity":0,"willDoAnimation":true,"animationType":"glow","displayAsButton":false,"buttonSize":"big","goToSlideType":"specified","invisible":false,"id":"img1fbae668-b4b1-427c-af87-06dfe46e9e3a_5"}],"slideBackgroundSelector":{}},{"elements":[{"x":14.161220043572984,"y":4.29436559139785,"width":68.84531590413944,"height":68.81720430107526,"action":{"library":"H5P.Image 1.1","params":{"contentName":"Image","file":{"path":"images\/file-658313f38edff.jpg","mime":"image\/jpeg","copyright":{"license":"U"},"width":1200,"height":846}},"subContentId":"be3c2499-7c3f-432a-80df-b98d59b16395","metadata":{"contentType":"Image","license":"U","title":"Untitled Image"}},"backgroundOpacity":0,"willDoAnimation":false,"animationType":"glow","displayAsButton":false,"buttonSize":"big","goToSlideType":"specified","invisible":false},{"x":6.535947712418301,"y":77.37397849462366,"width":84.9673202614379,"height":20.43010752688172,"action":{"library":"H5P.CRAdvancedText 1.1","params":{"text":"<p dir=\"ltr\" style=\"text-align: center;\"><span style=\"color:#ffffff;\"><span style=\"font-size:1.75em;\">Taata yeenyumiriza mu Malik olw\u2019okweyonja nga ye.<\/span><\/span><\/p>\n"},"subContentId":"85c47bcf-90ec-4623-b98f-f0d5d5d27b15","metadata":{"contentType":"Text","license":"U","title":"Untitled Text"}},"alwaysDisplayComments":false,"backgroundOpacity":0,"willDoAnimation":false,"animationType":"glow","displayAsButton":false,"buttonSize":"big","goToSlideType":"specified","invisible":false,"solution":""},{"x":47.00255102040816,"y":43.95465994962216,"width":40,"height":40,"action":{"library":"H5P.CRAudio 1.4","params":{"fitToWrapper":true,"currIndex":16,"playerMode":"minimalistic","controls":true,"autoplay":true,"playAudio":"Play audio","pauseAudio":"Pause audio","contentName":"Audio","glowColor":"#ffd85a","timeStampForEachText":[{"text":" Taata ","startDuration":"0.0000","endDuration":"1.3797","wordfile":[{"path":"audios\/wordfile-66347df66d4fc.mp3","mime":"audio\/mpeg","copyright":{"license":"U"}}]},{"text":" yeenyumiriza ","startDuration":"1.3807","endDuration":"2.4257","wordfile":[{"path":"audios\/wordfile-66347e0bd5d97.mp3","mime":"audio\/mpeg","copyright":{"license":"U"}}]},{"text":" mu ","startDuration":"2.4267","endDuration":"2.6267","wordfile":[{"path":"audios\/wordfile-66347e1f32e84.mp3","mime":"audio\/mpeg","copyright":{"license":"U"}}]},{"text":" Malik ","startDuration":"2.6277","endDuration":"3.3799","wordfile":[{"path":"audios\/wordfile-66347e34eebeb.mp3","mime":"audio\/mpeg","copyright":{"license":"U"}}]},{"text":" olw\u2019okweyonja ","startDuration":"3.3809","endDuration":"4.7104","wordfile":[{"path":"audios\/wordfile-66347e4fc6b38.mp3","mime":"audio\/mpeg","copyright":{"license":"U"}}]},{"text":" nga ","startDuration":"4.7114","endDuration":"4.9700","wordfile":[{"path":"audios\/wordfile-66347e64849ee.mp3","mime":"audio\/mpeg","copyright":{"license":"U"}}]},{"text":" ye. ","startDuration":"4.9710","endDuration":"5.7901","wordfile":[{"path":"audios\/wordfile-66347e77837ad.mp3","mime":"audio\/mpeg","copyright":{"license":"U"}}]}],"files":[{"path":"audios\/files-66347de385a49.mp3","mime":"audio\/mpeg","copyright":{"license":"U"}}]},"subContentId":"0c695c26-0983-4009-8dce-77bfe945c785","metadata":{"contentType":"Curious Reader Audio","license":"U","title":"Untitled Curious Reader Audio"}},"backgroundOpacity":0,"willDoAnimation":false,"animationType":"glow","displayAsButton":false,"buttonSize":"big","goToSlideType":"specified","invisible":false},{"x":39.54081632653062,"y":15.097607052896725,"width":23.852040816326532,"height":54.659949622166245,"action":{"library":"H5P.Image 1.1","params":{"contentName":"Image"},"subContentId":"ac668900-ef90-4cf6-b31b-d402c85efd64","metadata":{"contentType":"Image","license":"U","title":"Untitled Image"}},"backgroundOpacity":0,"willDoAnimation":true,"animationType":"glow","displayAsButton":false,"buttonSize":"big","goToSlideType":"specified","invisible":false,"id":"img0c695c26-0983-4009-8dce-77bfe945c785_3"},{"x":63.775510204081634,"y":0,"width":24.744897959183675,"height":77.32997481108312,"action":{"library":"H5P.Image 1.1","params":{"contentName":"Image"},"subContentId":"3e230c18-081d-4836-b084-9fa1ed383987","metadata":{"contentType":"Image","license":"U","title":"Untitled Image"}},"backgroundOpacity":0,"willDoAnimation":true,"animationType":"glow","displayAsButton":false,"buttonSize":"big","goToSlideType":"specified","invisible":false,"id":"img0c695c26-0983-4009-8dce-77bfe945c785_0"}],"slideBackgroundSelector":{}},{"elements":[{"x":4.357298474945534,"y":4.29436559139785,"width":21.78649237472767,"height":21.93548387096774,"action":{"library":"H5P.Image 1.1","params":{"contentName":"Image","file":{"path":"images\/file-658314686128c.png","mime":"image\/png","copyright":{"license":"U"},"width":1350,"height":487}},"subContentId":"7794e307-87c8-47f9-9639-41a273a9251e","metadata":{"contentType":"Image","license":"U","title":"Untitled Image"}},"backgroundOpacity":0,"willDoAnimation":false,"animationType":"glow","displayAsButton":false,"buttonSize":"big","goToSlideType":"specified","invisible":false},{"x":32.677995642701525,"y":4.29436559139785,"width":21.350762527233115,"height":21.50537634408602,"action":{"library":"H5P.Image 1.1","params":{"contentName":"Image","file":{"path":"images\/file-65831478b28e9.png","mime":"image\/png","copyright":{"license":"U"},"width":814,"height":202}},"subContentId":"d094dd24-5605-40cc-8f7d-8522ad2f6f82","metadata":{"contentType":"Image","license":"U","title":"Untitled Image"}},"backgroundOpacity":0,"willDoAnimation":false,"animationType":"glow","displayAsButton":false,"buttonSize":"big","goToSlideType":"specified","invisible":false},{"x":57.734204793028326,"y":6.451612903225806,"width":39.97821350762527,"height":17.204301075268816,"action":{"library":"H5P.Image 1.1","params":{"contentName":"Image","file":{"path":"images\/file-658314869f634.jpg","mime":"image\/jpeg","copyright":{"license":"U"},"width":1732,"height":354}},"subContentId":"e3a05b56-dc30-410d-94b6-c04a4ba4d6e1","metadata":{"contentType":"Image","license":"U","title":"Untitled Image"}},"backgroundOpacity":0,"willDoAnimation":false,"animationType":"glow","displayAsButton":false,"buttonSize":"big","goToSlideType":"specified","invisible":false},{"x":6.377551020408164,"y":30.226700251889167,"width":91.06753812636165,"height":68.81720430107526,"action":{"library":"H5P.CRAdvancedText 1.1","params":{"text":"<h3 style=\"text-align: center;\">\u201cGgambuutusi za taata.\u201d credits<\/h3>\n\n<h3 style=\"text-align: center;\">This work, \u201cGgambuutusi za taata.\u201d&nbsp;is a derivative of Dad\u2019s Boots. Author: Saptorini. Illustrator: Weny Amalia. Editor: Nurhayati Pujiastuti.<\/h3>\n\n<h3 style=\"text-align: center;\">Published by The Asia Foundation - Let's Read, <a href=\"http:\/\/www.letsreadasia.org\/\">https:\/\/www.letsreadasia.org\/ <\/a>\u00a9 The Asia Foundation - Let's Read. Released under CC-BY-NC-4.0.<\/h3>\n\n<h3 style=\"text-align: center;\">\u201cGgambuutusi za taata.\u201d is licensed under CC BY 4.0 by Curious Learning.<\/h3>\n\n<h3 style=\"text-align: center;\">Book builder - Abraham Jerry Kakooza<\/h3>\n"},"subContentId":"5b54e1af-f11e-4f6d-a129-473db92146ca","metadata":{"contentType":"Text","license":"U","title":"Untitled Text"}},"alwaysDisplayComments":false,"backgroundOpacity":0,"willDoAnimation":false,"animationType":"glow","displayAsButton":false,"buttonSize":"big","goToSlideType":"specified","invisible":false,"solution":""}],"slideBackgroundSelector":{}}],"keywordListEnabled":true,"globalBackgroundSelector":{},"keywordListAlwaysShow":false,"keywordListAutoHide":false,"keywordListOpacity":90},"override":{"activeSurface":false,"hideSummarySlide":false,"summarySlideSolutionButton":true,"summarySlideRetryButton":true,"enablePrintButton":false,"social":{"showFacebookShare":false,"facebookShare":{"url":"@currentpageurl","quote":"I scored @score out of @maxScore on a task at @currentpageurl."},"showTwitterShare":false,"twitterShare":{"statement":"I scored @score out of @maxScore on a task at @currentpageurl.","url":"@currentpageurl","hashtags":"h5p, course"},"showGoogleShare":false,"googleShareUrl":"@currentpageurl"}},"l10n":{"slide":"Slide","score":"Score","yourScore":"Your Score","maxScore":"Max Score","total":"Total","totalScore":"Total Score","showSolutions":"Show solutions","retry":"Retry","exportAnswers":"Export text","hideKeywords":"Hide sidebar navigation menu","showKeywords":"Show sidebar navigation menu","fullscreen":"Fullscreen","exitFullscreen":"Exit fullscreen","prevSlide":"Previous slide","nextSlide":"Next slide","currentSlide":"Current slide","lastSlide":"Last slide","solutionModeTitle":"Exit solution mode","solutionModeText":"Solution Mode","summaryMultipleTaskText":"Multiple tasks","scoreMessage":"You achieved:","shareFacebook":"Share on Facebook","shareTwitter":"Share on Twitter","shareGoogle":"Share on Google+","summary":"Summary","solutionsButtonTitle":"Show comments","printTitle":"Print","printIngress":"How would you like to print this presentation?","printAllSlides":"Print all slides","printCurrentSlide":"Print current slide","noTitle":"No title","accessibilitySlideNavigationExplanation":"Use left and right arrow to change slide in that direction whenever canvas is selected.","accessibilityCanvasLabel":"Presentation canvas. Use left and right arrow to move between slides.","containsNotCompleted":"@slideName contains not completed interaction","containsCompleted":"@slideName contains completed interaction","slideCount":"Slide @index of @total","containsOnlyCorrect":"@slideName only has correct answers","containsIncorrectAnswers":"@slideName has incorrect answers","shareResult":"Share Result","accessibilityTotalScore":"You got @score of @maxScore points in total","accessibilityEnteredFullscreen":"Entered fullscreen","accessibilityExitedFullscreen":"Exited fullscreen"}}