{"presentation":{"slides":[{"elements":[{"x":17.429193899782135,"y":8.620689655172415,"width":68.84531590413944,"height":68.96551724137932,"action":{"library":"H5P.Image 1.1","params":{"contentName":"Image","file":{"path":"images\/file-620d8a2cc3689.jpg","mime":"image\/jpeg","copyright":{"license":"U"},"width":959,"height":459}},"metadata":{"contentType":"Image","license":"U","title":"Untitled Image"},"subContentId":"e3b59ba2-3660-4937-9e57-1a84d4a9288f"},"backgroundOpacity":0,"willDoAnimation":false,"animationType":"glow","displayAsButton":false,"buttonSize":"big","goToSlideType":"specified","invisible":false},{"x":20.220588235294116,"y":80,"width":60.60606060606061,"height":14.245014245014247,"action":{"library":"H5P.CRAdvancedText 1.1","params":{"text":"<p dir=\"ltr\" style=\"text-align: center;\"><span style=\"font-size:2.25em;\">Altu i Baxu <\/span><\/p>\n"},"subContentId":"72d3a7b5-e54c-41c7-9faf-14f3b4f4efaf","metadata":{"contentType":"Text","license":"U","title":"Untitled Text"}},"alwaysDisplayComments":false,"backgroundOpacity":0,"willDoAnimation":false,"animationType":"glow","displayAsButton":false,"buttonSize":"big","goToSlideType":"specified","invisible":false,"solution":""}],"slideBackgroundSelector":{}},{"elements":[{"x":16.33986928104575,"y":4.310344827586207,"width":33.769063180827885,"height":92.67241379310346,"action":{"library":"H5P.Image 1.1","params":{"contentName":"Image","file":{"path":"images\/file-620d8a6738172.jpg","mime":"image\/jpeg","copyright":{"license":"U"},"width":639,"height":918}},"metadata":{"contentType":"Image","license":"U","title":"Untitled Image"},"subContentId":"86bc88c5-2cdb-451e-a5b4-6abe821a6812"},"backgroundOpacity":0,"willDoAnimation":false,"animationType":"glow","displayAsButton":false,"buttonSize":"big","goToSlideType":"specified","invisible":false},{"x":53.39105339105339,"y":34.18803418803419,"width":40,"height":40,"action":{"library":"H5P.CRAdvancedText 1.1","params":{"text":"<p dir=\"ltr\" style=\"text-align: center;\"><span style=\"color:#ffffff;\"><span style=\"font-size:1.75em;\">Papa sa ta panha nha xapeu.<\/span><\/span><\/p>\n"},"subContentId":"23316a6b-090e-4ce1-baf6-088bbcdeb86f","metadata":{"contentType":"Text","license":"U","title":"Untitled Text"}},"alwaysDisplayComments":false,"backgroundOpacity":0,"willDoAnimation":false,"animationType":"glow","displayAsButton":false,"buttonSize":"big","goToSlideType":"specified","invisible":false,"solution":""},{"x":47.000103485838785,"y":44.00026681929878,"width":40,"height":40,"action":{"library":"H5P.CRAudio 1.4","params":{"fitToWrapper":true,"currIndex":1,"playerMode":"minimalistic","controls":true,"autoplay":true,"playAudio":"Play audio","pauseAudio":"Pause audio","contentName":"Audio","glowColor":"#ffd85a","timeStampForEachText":[{"text":" Papa ","startDuration":"0.0000","endDuration":"0.4894","wordfile":[{"path":"audios\/wordfile-67077df9cc07b.wav","mime":"audio\/x-wav","copyright":{"license":"U"}}]},{"text":" sa ","startDuration":"0.4904","endDuration":"0.6904","wordfile":[{"path":"audios\/wordfile-67077e0c60c08.wav","mime":"audio\/x-wav","copyright":{"license":"U"}}]},{"text":" ta ","startDuration":"0.6914","endDuration":"0.8914","wordfile":[{"path":"audios\/wordfile-67077e1db2853.wav","mime":"audio\/x-wav","copyright":{"license":"U"}}]},{"text":" panha ","startDuration":"0.8924","endDuration":"1.3636","wordfile":[{"path":"audios\/wordfile-67077e366540e.wav","mime":"audio\/x-wav","copyright":{"license":"U"}}]},{"text":" nha ","startDuration":"1.3646","endDuration":"1.5698","wordfile":[{"path":"audios\/wordfile-67077e51b5f15.wav","mime":"audio\/x-wav","copyright":{"license":"U"}}]},{"text":" xapeu. ","startDuration":"1.5708","endDuration":"2.2688","wordfile":[{"path":"audios\/wordfile-67077e65f3668.wav","mime":"audio\/x-wav","copyright":{"license":"U"}}]}],"files":[{"path":"audios\/files-67077dd77cc77.wav","mime":"audio\/x-wav","copyright":{"license":"U"}}]},"subContentId":"f0c12867-0ba5-4e98-a53b-3ce97f354d0b","metadata":{"contentType":"Curious Reader Audio","license":"U","title":"Untitled Curious Reader Audio"}},"backgroundOpacity":0,"willDoAnimation":false,"animationType":"glow","displayAsButton":false,"buttonSize":"big","goToSlideType":"specified","invisible":false},{"x":19.607843137254903,"y":12.910611231371064,"width":13.167211328976036,"height":27.327460439735418,"action":{"library":"H5P.Image 1.1","params":{"contentName":"Image"},"subContentId":"97ae00d6-27e5-4e01-99ca-76095b3a896a","metadata":{"contentType":"Image","license":"U","title":"Untitled Image"}},"backgroundOpacity":0,"willDoAnimation":true,"animationType":"glow","displayAsButton":false,"buttonSize":"big","goToSlideType":"specified","invisible":false,"id":"imgf0c12867-0ba5-4e98-a53b-3ce97f354d0b_0"},{"x":32.6797385620915,"y":12.910611231371064,"width":10.053278867102398,"height":18.720386285488043,"action":{"library":"H5P.Image 1.1","params":{"contentName":"Image"},"subContentId":"28431ea8-0982-44f7-90e5-f0eff5841aea","metadata":{"contentType":"Image","license":"U","title":"Untitled Image"}},"backgroundOpacity":0,"willDoAnimation":true,"animationType":"glow","displayAsButton":false,"buttonSize":"big","goToSlideType":"specified","invisible":false,"id":"imgf0c12867-0ba5-4e98-a53b-3ce97f354d0b_5"}],"slideBackgroundSelector":{}},{"elements":[{"x":13.64795918367347,"y":4.785894206549118,"width":35.83877995642702,"height":92.45689655172414,"action":{"library":"H5P.Image 1.1","params":{"contentName":"Image","file":{"path":"images\/file-620d8aa4e43d4.jpg","mime":"image\/jpeg","copyright":{"license":"U"},"width":639,"height":918}},"metadata":{"contentType":"Image","license":"U","title":"Untitled Image"},"subContentId":"3e74c6d2-b90c-43ec-9186-121956d1fe47"},"backgroundOpacity":0,"willDoAnimation":false,"animationType":"glow","displayAsButton":false,"buttonSize":"big","goToSlideType":"specified","invisible":false},{"x":50.505050505050505,"y":28.490028490028493,"width":40,"height":40,"action":{"library":"H5P.CRAdvancedText 1.1","params":{"text":"<p dir=\"ltr\" style=\"text-align: center;\"><span style=\"font-size:1.75em;\"><span style=\"color:#ffffff;\">Papa e altu.<\/span><\/span><\/p>\n"},"subContentId":"ee4313bf-2e44-4cd2-b034-f3ad0cf990e7","metadata":{"contentType":"Text","license":"U","title":"Untitled Text"}},"alwaysDisplayComments":false,"backgroundOpacity":0,"willDoAnimation":false,"animationType":"glow","displayAsButton":false,"buttonSize":"big","goToSlideType":"specified","invisible":false,"solution":""},{"x":47.000103485838785,"y":44.00026681929878,"width":40,"height":40,"action":{"library":"H5P.CRAudio 1.4","params":{"fitToWrapper":true,"currIndex":2,"playerMode":"minimalistic","controls":true,"autoplay":true,"playAudio":"Play audio","pauseAudio":"Pause audio","contentName":"Audio","glowColor":"#ffd85a","timeStampForEachText":[{"text":" Papa ","startDuration":"0.0000","endDuration":"0.4555","wordfile":[{"path":"audios\/wordfile-67077e9c20a94.wav","mime":"audio\/x-wav","copyright":{"license":"U"}}]},{"text":" e ","startDuration":"0.4565","endDuration":"0.6565","wordfile":[{"path":"audios\/wordfile-67077eafd4991.wav","mime":"audio\/x-wav","copyright":{"license":"U"}}]},{"text":" altu. ","startDuration":"0.6575","endDuration":"1.4536","wordfile":[{"path":"audios\/wordfile-67077ec6ba5b8.wav","mime":"audio\/x-wav","copyright":{"license":"U"}}]}],"files":[{"path":"audios\/files-67077e8028832.wav","mime":"audio\/x-wav","copyright":{"license":"U"}}]},"subContentId":"670faec5-1c16-4d28-adac-0e02f542c620","metadata":{"contentType":"Curious Reader Audio","license":"U","title":"Untitled Curious Reader Audio"}},"backgroundOpacity":0,"willDoAnimation":false,"animationType":"glow","displayAsButton":false,"buttonSize":"big","goToSlideType":"specified","invisible":false},{"x":15.250544662309368,"y":6.455305615685532,"width":19.281045751633986,"height":39.999440540179975,"action":{"library":"H5P.Image 1.1","params":{"contentName":"Image"},"subContentId":"2be4e550-cdb8-4297-9ea6-7c311ddbcce4","metadata":{"contentType":"Image","license":"U","title":"Untitled Image"}},"backgroundOpacity":0,"willDoAnimation":true,"animationType":"glow","displayAsButton":false,"buttonSize":"big","goToSlideType":"specified","invisible":false,"id":"img670faec5-1c16-4d28-adac-0e02f542c620_0"}],"slideBackgroundSelector":{}},{"elements":[{"x":11.982570806100219,"y":4.310344827586207,"width":37.03703703703704,"height":92.45689655172414,"action":{"library":"H5P.Image 1.1","params":{"contentName":"Image","file":{"path":"images\/file-620d8ad1200cf.jpg","mime":"image\/jpeg","copyright":{"license":"U"},"width":639,"height":918}},"metadata":{"contentType":"Image","license":"U","title":"Untitled Image"},"subContentId":"5320e841-c68d-4668-8597-5f7779b4b505"},"backgroundOpacity":0,"willDoAnimation":false,"animationType":"glow","displayAsButton":false,"buttonSize":"big","goToSlideType":"specified","invisible":false},{"x":51.470588235294116,"y":18.181818181818183,"width":40,"height":40,"action":{"library":"H5P.CRAdvancedText 1.1","params":{"text":"<p dir=\"ltr\" style=\"text-align: center;\"><span style=\"font-size:1.75em;\"><span style=\"color:#ffffff;\">Mama sa ta panha nha kamiza.<\/span><\/span><\/p>\n"},"subContentId":"82fecc9e-639a-432c-ae1d-4d37b4cfcdce","metadata":{"contentType":"Text","license":"U","title":"Untitled Text"}},"alwaysDisplayComments":false,"backgroundOpacity":0,"willDoAnimation":false,"animationType":"glow","displayAsButton":false,"buttonSize":"big","goToSlideType":"specified","invisible":false,"solution":""},{"x":47.000103485838785,"y":44.00026681929878,"width":40,"height":40,"action":{"library":"H5P.CRAudio 1.4","params":{"fitToWrapper":true,"currIndex":3,"playerMode":"minimalistic","controls":true,"autoplay":true,"playAudio":"Play audio","pauseAudio":"Pause audio","contentName":"Audio","glowColor":"#ffd85a","timeStampForEachText":[{"text":" Mama ","startDuration":"0.0000","endDuration":"0.5075","wordfile":[{"path":"audios\/wordfile-67077efeb6c6e.wav","mime":"audio\/x-wav","copyright":{"license":"U"}}]},{"text":" sa ","startDuration":"0.5085","endDuration":"0.7085","wordfile":[{"path":"audios\/wordfile-67077f0f5a25f.wav","mime":"audio\/x-wav","copyright":{"license":"U"}}]},{"text":" ta ","startDuration":"0.7095","endDuration":"0.9095","wordfile":[{"path":"audios\/wordfile-67077f21c48f8.wav","mime":"audio\/x-wav","copyright":{"license":"U"}}]},{"text":" panha ","startDuration":"0.9105","endDuration":"1.2481","wordfile":[{"path":"audios\/wordfile-67077f3c8c067.wav","mime":"audio\/x-wav","copyright":{"license":"U"}}]},{"text":" nha ","startDuration":"1.2491","endDuration":"1.4734","wordfile":[{"path":"audios\/wordfile-67077f500ebe4.wav","mime":"audio\/x-wav","copyright":{"license":"U"}}]},{"text":" kamiza. ","startDuration":"1.4744","endDuration":"2.3630","wordfile":[{"path":"audios\/wordfile-67077f608bcbc.wav","mime":"audio\/x-wav","copyright":{"license":"U"}}]}],"files":[{"path":"audios\/files-67077edd7809e.wav","mime":"audio\/x-wav","copyright":{"license":"U"}}]},"subContentId":"908153d2-239a-47ba-baa4-b5216d9e5ad5","metadata":{"contentType":"Curious Reader Audio","license":"U","title":"Untitled Curious Reader Audio"}},"backgroundOpacity":0,"willDoAnimation":false,"animationType":"glow","displayAsButton":false,"buttonSize":"big","goToSlideType":"specified","invisible":false},{"x":22.875816993464053,"y":15.062379769932909,"width":14.205446623093684,"height":25.175691901173575,"action":{"library":"H5P.Image 1.1","params":{"contentName":"Image"},"subContentId":"8da67d7c-4ecc-4c0f-ab3f-fcf14a7df684","metadata":{"contentType":"Image","license":"U","title":"Untitled Image"}},"backgroundOpacity":0,"willDoAnimation":true,"animationType":"glow","displayAsButton":false,"buttonSize":"big","goToSlideType":"specified","invisible":false,"id":"img908153d2-239a-47ba-baa4-b5216d9e5ad5_0"},{"x":32.6797385620915,"y":27.972991001303974,"width":13.513616557734206,"height":25.175691901173575,"action":{"library":"H5P.Image 1.1","params":{"contentName":"Image"},"subContentId":"eea01cd1-e9c3-4635-b3aa-e49b98dd6ef0","metadata":{"contentType":"Image","license":"U","title":"Untitled Image"}},"backgroundOpacity":0,"willDoAnimation":true,"animationType":"glow","displayAsButton":false,"buttonSize":"big","goToSlideType":"specified","invisible":false,"id":"img908153d2-239a-47ba-baa4-b5216d9e5ad5_5"}],"slideBackgroundSelector":{}},{"elements":[{"x":14.159041394335512,"y":5.622456896551724,"width":34.85838779956427,"height":91.5948275862069,"action":{"library":"H5P.Image 1.1","params":{"contentName":"Image","file":{"path":"images\/file-620d8b1736f35.jpg","mime":"image\/jpeg","copyright":{"license":"U"},"width":639,"height":918}},"metadata":{"contentType":"Image","license":"U","title":"Untitled Image"},"subContentId":"da6c7321-c9b6-41ec-9674-273fac8064d7"},"backgroundOpacity":0,"willDoAnimation":false,"animationType":"glow","displayAsButton":false,"buttonSize":"big","goToSlideType":"specified","invisible":false},{"x":50.505050505050505,"y":19.943019943019944,"width":40,"height":40,"action":{"library":"H5P.CRAdvancedText 1.1","params":{"text":"<p dir=\"ltr\" style=\"text-align: center;\"><span style=\"font-size:1.75em;\"><span style=\"color:#ffffff;\">Papa e mas altu ki Mama.<\/span><\/span><\/p>\n"},"subContentId":"4ee15960-5a73-4e1f-bd52-de1a4e6e390d","metadata":{"contentType":"Text","license":"U","title":"Untitled Text"}},"alwaysDisplayComments":false,"backgroundOpacity":0,"willDoAnimation":false,"animationType":"glow","displayAsButton":false,"buttonSize":"big","goToSlideType":"specified","invisible":false,"solution":""},{"x":47.000103485838785,"y":44.00026681929878,"width":40,"height":40,"action":{"library":"H5P.CRAudio 1.4","params":{"fitToWrapper":true,"currIndex":4,"playerMode":"minimalistic","controls":true,"autoplay":true,"playAudio":"Play audio","pauseAudio":"Pause audio","contentName":"Audio","glowColor":"#ffd85a","timeStampForEachText":[{"text":" Papa ","startDuration":"0.0000","endDuration":"0.4680","wordfile":[{"path":"audios\/wordfile-67077fea63d28.wav","mime":"audio\/x-wav","copyright":{"license":"U"}}]},{"text":" e ","startDuration":"0.4690","endDuration":"0.6690","wordfile":[{"path":"audios\/wordfile-670780026956b.wav","mime":"audio\/x-wav","copyright":{"license":"U"}}]},{"text":" mas ","startDuration":"0.6700","endDuration":"0.9923","wordfile":[{"path":"audios\/wordfile-670780203dc20.wav","mime":"audio\/x-wav","copyright":{"license":"U"}}]},{"text":" altu ","startDuration":"0.9933","endDuration":"1.3485","wordfile":[{"path":"audios\/wordfile-6707803873253.wav","mime":"audio\/x-wav","copyright":{"license":"U"}}]},{"text":" ki ","startDuration":"1.3495","endDuration":"1.4566","wordfile":[{"path":"audios\/wordfile-6707804e09c8f.wav","mime":"audio\/x-wav","copyright":{"license":"U"}}]},{"text":" Mama. ","startDuration":"1.4576","endDuration":"1.9844","wordfile":[{"path":"audios\/wordfile-67078062339f6.wav","mime":"audio\/x-wav","copyright":{"license":"U"}}]}],"files":[{"path":"audios\/files-67077fb720726.wav","mime":"audio\/x-wav","copyright":{"license":"U"}}]},"subContentId":"a4a840b0-9371-447b-bc8a-f3b14d05ed2a","metadata":{"contentType":"Curious Reader Audio","license":"U","title":"Untitled Curious Reader Audio"}},"backgroundOpacity":0,"willDoAnimation":false,"animationType":"glow","displayAsButton":false,"buttonSize":"big","goToSlideType":"specified","invisible":false},{"x":29.411764705882355,"y":10.758842692809221,"width":11.725599128540306,"height":23.023923362611733,"action":{"library":"H5P.Image 1.1","params":{"contentName":"Image"},"subContentId":"037fdc7c-4992-472e-8cbb-35f8968025e8","metadata":{"contentType":"Image","license":"U","title":"Untitled Image"}},"backgroundOpacity":0,"willDoAnimation":true,"animationType":"glow","displayAsButton":false,"buttonSize":"big","goToSlideType":"specified","invisible":false,"id":"imga4a840b0-9371-447b-bc8a-f3b14d05ed2a_0"},{"x":21.78649237472767,"y":21.517685385618442,"width":10.56644880174292,"height":26.4499692297099,"action":{"library":"H5P.Image 1.1","params":{"contentName":"Image"},"subContentId":"136405c5-5011-47e4-806f-00ff897d6a5f","metadata":{"contentType":"Image","license":"U","title":"Untitled Image"}},"backgroundOpacity":0,"willDoAnimation":true,"animationType":"glow","displayAsButton":false,"buttonSize":"big","goToSlideType":"specified","invisible":false,"id":"imga4a840b0-9371-447b-bc8a-f3b14d05ed2a_5"}],"slideBackgroundSelector":{}},{"elements":[{"x":14.161220043572985,"y":6.4655172413793105,"width":35.947712418300654,"height":90.73275862068967,"action":{"library":"H5P.Image 1.1","params":{"contentName":"Image","file":{"path":"images\/file-620d8b4901fed.jpg","mime":"image\/jpeg","copyright":{"license":"U"},"width":639,"height":918}},"metadata":{"contentType":"Image","license":"U","title":"Untitled Image"},"subContentId":"6ac3b20e-f38f-448c-b501-13c259c38112"},"backgroundOpacity":0,"willDoAnimation":false,"animationType":"glow","displayAsButton":false,"buttonSize":"big","goToSlideType":"specified","invisible":false},{"x":51.94805194805195,"y":19.943019943019944,"width":40,"height":40,"action":{"library":"H5P.CRAdvancedText 1.1","params":{"text":"<p dir=\"ltr\" style=\"text-align: center;\"><span style=\"color:#ffffff;\"><span style=\"font-size:1.75em;\">Nha irma sa ta panha nha livru.<\/span><\/span><\/p>\n"},"subContentId":"a313e2d1-cd2a-48d8-adfe-d90498c4c153","metadata":{"contentType":"Text","license":"U","title":"Untitled Text"}},"alwaysDisplayComments":false,"backgroundOpacity":0,"willDoAnimation":false,"animationType":"glow","displayAsButton":false,"buttonSize":"big","goToSlideType":"specified","invisible":false,"solution":""},{"x":47.000103485838785,"y":44.00026681929878,"width":40,"height":40,"action":{"library":"H5P.CRAudio 1.4","params":{"fitToWrapper":true,"currIndex":5,"playerMode":"minimalistic","controls":true,"autoplay":true,"playAudio":"Play audio","pauseAudio":"Pause audio","contentName":"Audio","glowColor":"#ffd85a","timeStampForEachText":[{"text":" Nha ","startDuration":"0.0000","endDuration":"0.2986","wordfile":[{"path":"audios\/wordfile-67078097c1a18.wav","mime":"audio\/x-wav","copyright":{"license":"U"}}]},{"text":" irma ","startDuration":"0.2996","endDuration":"0.7380","wordfile":[{"path":"audios\/wordfile-670780ae7bf3e.wav","mime":"audio\/x-wav","copyright":{"license":"U"}}]},{"text":" sa ","startDuration":"0.7390","endDuration":"0.9390","wordfile":[{"path":"audios\/wordfile-670780bfede41.wav","mime":"audio\/x-wav","copyright":{"license":"U"}}]},{"text":" ta ","startDuration":"0.9400","endDuration":"1.1400","wordfile":[{"path":"audios\/wordfile-670780d06ea7f.wav","mime":"audio\/x-wav","copyright":{"license":"U"}}]},{"text":" panha ","startDuration":"1.1410","endDuration":"1.4780","wordfile":[{"path":"audios\/wordfile-670780eadbbfb.wav","mime":"audio\/x-wav","copyright":{"license":"U"}}]},{"text":" nha ","startDuration":"1.4790","endDuration":"1.7804","wordfile":[{"path":"audios\/wordfile-670780fef0542.wav","mime":"audio\/x-wav","copyright":{"license":"U"}}]},{"text":" livru. ","startDuration":"1.7814","endDuration":"2.4001","wordfile":[{"path":"audios\/wordfile-6707811149412.wav","mime":"audio\/x-wav","copyright":{"license":"U"}}]}],"files":[{"path":"audios\/files-6707807cab2d9.wav","mime":"audio\/x-wav","copyright":{"license":"U"}}]},"subContentId":"f002b464-5aa4-4834-9853-a0ffa48b9bc2","metadata":{"contentType":"Curious Reader Audio","license":"U","title":"Untitled Curious Reader Audio"}},"backgroundOpacity":0,"willDoAnimation":false,"animationType":"glow","displayAsButton":false,"buttonSize":"big","goToSlideType":"specified","invisible":false},{"x":23.965141612200437,"y":15.062379769932909,"width":12.745098039215687,"height":26.4499692297099,"action":{"library":"H5P.Image 1.1","params":{"contentName":"Image"},"subContentId":"8d2e98e5-8a5c-47aa-b475-7119307f5097","metadata":{"contentType":"Image","license":"U","title":"Untitled Image"}},"backgroundOpacity":0,"willDoAnimation":true,"animationType":"glow","displayAsButton":false,"buttonSize":"big","goToSlideType":"specified","invisible":false,"id":"imgf002b464-5aa4-4834-9853-a0ffa48b9bc2_1"},{"x":19.607843137254903,"y":40.88360223267504,"width":13.83442265795207,"height":25.772377316916774,"action":{"library":"H5P.Image 1.1","params":{"contentName":"Image"},"subContentId":"3d22aecf-8b61-49cd-8ea5-b30d660e9cb9","metadata":{"contentType":"Image","license":"U","title":"Untitled Image"}},"backgroundOpacity":0,"willDoAnimation":true,"animationType":"glow","displayAsButton":false,"buttonSize":"big","goToSlideType":"specified","invisible":false,"id":"imgf002b464-5aa4-4834-9853-a0ffa48b9bc2_6"}],"slideBackgroundSelector":{}},{"elements":[{"x":14.161220043572985,"y":5.81896551724138,"width":34.85838779956427,"height":90.51724137931035,"action":{"library":"H5P.Image 1.1","params":{"contentName":"Image","file":{"path":"images\/file-620d8b7b9c561.jpg","mime":"image\/jpeg","copyright":{"license":"U"},"width":639,"height":918}},"metadata":{"contentType":"Image","license":"U","title":"Untitled Image"},"subContentId":"1fe8c6e8-1dec-4179-a1c4-d367fb27a427"},"backgroundOpacity":0,"willDoAnimation":false,"animationType":"glow","displayAsButton":false,"buttonSize":"big","goToSlideType":"specified","invisible":false},{"x":51.470588235294116,"y":21.818181818181817,"width":40,"height":40,"action":{"library":"H5P.CRAdvancedText 1.1","params":{"text":"<p dir=\"ltr\" style=\"text-align: center;\"><span style=\"font-size:1.75em;\"><span style=\"color:#ffffff;\">Mama e mas altu ki nha irma.<\/span><\/span><\/p>\n"},"subContentId":"eb8b5b90-b6cf-4eb4-b02f-79dde8955f80","metadata":{"contentType":"Text","license":"U","title":"Untitled Text"}},"alwaysDisplayComments":false,"backgroundOpacity":0,"willDoAnimation":false,"animationType":"glow","displayAsButton":false,"buttonSize":"big","goToSlideType":"specified","invisible":false,"solution":""},{"x":47.000103485838785,"y":44.00026681929878,"width":40,"height":40,"action":{"library":"H5P.CRAudio 1.4","params":{"fitToWrapper":true,"currIndex":6,"playerMode":"minimalistic","controls":true,"autoplay":true,"playAudio":"Play audio","pauseAudio":"Pause audio","contentName":"Audio","glowColor":"#ffd85a","timeStampForEachText":[{"text":" Mama ","startDuration":"0.0000","endDuration":"0.6057","wordfile":[{"path":"audios\/wordfile-6707928a337b8.wav","mime":"audio\/x-wav","copyright":{"license":"U"}}]},{"text":" e ","startDuration":"0.6067","endDuration":"0.8067","wordfile":[{"path":"audios\/wordfile-670792a182239.wav","mime":"audio\/x-wav","copyright":{"license":"U"}}]},{"text":" mas ","startDuration":"0.8077","endDuration":"1.0077","wordfile":[{"path":"audios\/wordfile-670792b3ad549.wav","mime":"audio\/x-wav","copyright":{"license":"U"}}]},{"text":" altu ","startDuration":"1.0087","endDuration":"1.3618","wordfile":[{"path":"audios\/wordfile-670792c87d09b.wav","mime":"audio\/x-wav","copyright":{"license":"U"}}]},{"text":" ki ","startDuration":"1.3628","endDuration":"1.4939","wordfile":[{"path":"audios\/wordfile-670792dcbcab0.wav","mime":"audio\/x-wav","copyright":{"license":"U"}}]},{"text":" nha ","startDuration":"1.4949","endDuration":"1.6949","wordfile":[{"path":"audios\/wordfile-670792eecb733.wav","mime":"audio\/x-wav","copyright":{"license":"U"}}]},{"text":" irma. ","startDuration":"1.6959","endDuration":"2.2352","wordfile":[{"path":"audios\/wordfile-670793047d98e.wav","mime":"audio\/x-wav","copyright":{"license":"U"}}]}],"files":[{"path":"audios\/files-6707925bf3433.wav","mime":"audio\/x-wav","copyright":{"license":"U"}}]},"subContentId":"251a894a-007e-41bf-a44a-7036d9a299f5","metadata":{"contentType":"Curious Reader Audio","license":"U","title":"Untitled Curious Reader Audio"}},"backgroundOpacity":0,"willDoAnimation":false,"animationType":"glow","displayAsButton":false,"buttonSize":"big","goToSlideType":"specified","invisible":false},{"x":25.05446623093682,"y":10.758842692809221,"width":12.745098039215687,"height":25.024422572912677,"action":{"library":"H5P.Image 1.1","params":{"contentName":"Image"},"subContentId":"2da26e81-2d2f-492d-8598-ed4d5c9c06e7","metadata":{"contentType":"Image","license":"U","title":"Untitled Image"}},"backgroundOpacity":0,"willDoAnimation":true,"animationType":"glow","displayAsButton":false,"buttonSize":"big","goToSlideType":"specified","invisible":false,"id":"img251a894a-007e-41bf-a44a-7036d9a299f5_0"},{"x":17.429193899782135,"y":17.214148308494753,"width":14.205446623093684,"height":25.175691901173575,"action":{"library":"H5P.Image 1.1","params":{"contentName":"Image"},"subContentId":"22afc522-2411-497e-be3c-a5b48e7dcad5","metadata":{"contentType":"Image","license":"U","title":"Untitled Image"}},"backgroundOpacity":0,"willDoAnimation":true,"animationType":"glow","displayAsButton":false,"buttonSize":"big","goToSlideType":"specified","invisible":false,"id":"img251a894a-007e-41bf-a44a-7036d9a299f5_6"}],"slideBackgroundSelector":{}},{"elements":[{"x":15.306122448979592,"y":5.037783375314861,"width":33.87799564270153,"height":90.73275862068967,"action":{"library":"H5P.Image 1.1","params":{"contentName":"Image","file":{"path":"images\/file-620d8bb185c3e.jpg","mime":"image\/jpeg","copyright":{"license":"U"},"width":639,"height":918}},"metadata":{"contentType":"Image","license":"U","title":"Untitled Image"},"subContentId":"8e0baedd-67c8-46c8-a1c5-9fe3f76afc8a"},"backgroundOpacity":0,"willDoAnimation":false,"animationType":"glow","displayAsButton":false,"buttonSize":"big","goToSlideType":"specified","invisible":false},{"x":50.505050505050505,"y":22.792022792022795,"width":40,"height":40,"action":{"library":"H5P.CRAdvancedText 1.1","params":{"text":"<p dir=\"ltr\" style=\"text-align: center;\"><span style=\"font-size:1.75em;\"><span style=\"color:#ffffff;\">Nha irmon sa ta panha nha bolsa.<\/span><\/span><\/p>\n"},"subContentId":"20265a28-41ff-4d28-94d4-25d24a458dae","metadata":{"contentType":"Text","license":"U","title":"Untitled Text"}},"alwaysDisplayComments":false,"backgroundOpacity":0,"willDoAnimation":false,"animationType":"glow","displayAsButton":false,"buttonSize":"big","goToSlideType":"specified","invisible":false,"solution":""},{"x":47.000103485838785,"y":44.00026681929878,"width":40,"height":40,"action":{"library":"H5P.CRAudio 1.4","params":{"fitToWrapper":true,"currIndex":7,"playerMode":"minimalistic","controls":true,"autoplay":true,"playAudio":"Play audio","pauseAudio":"Pause audio","contentName":"Audio","glowColor":"#ffd85a","timeStampForEachText":[{"text":" Nha ","startDuration":"0.0000","endDuration":"0.2819","wordfile":[{"path":"audios\/wordfile-67079349d9182.wav","mime":"audio\/x-wav","copyright":{"license":"U"}}]},{"text":" irmon ","startDuration":"0.3459","endDuration":"0.7792","wordfile":[{"path":"audios\/wordfile-670793712a106.wav","mime":"audio\/x-wav","copyright":{"license":"U"}}]},{"text":" sa ","startDuration":"0.7802","endDuration":"0.9802","wordfile":[{"path":"audios\/wordfile-67079385acf0c.wav","mime":"audio\/x-wav","copyright":{"license":"U"}}]},{"text":" ta ","startDuration":"0.9812","endDuration":"1.1812","wordfile":[{"path":"audios\/wordfile-67079397bda24.wav","mime":"audio\/x-wav","copyright":{"license":"U"}}]},{"text":" panha ","startDuration":"1.1822","endDuration":"1.6308","wordfile":[{"path":"audios\/wordfile-670793af98f00.wav","mime":"audio\/x-wav","copyright":{"license":"U"}}]},{"text":" nha ","startDuration":"1.6318","endDuration":"1.7355","wordfile":[{"path":"audios\/wordfile-670793c6a4a97.wav","mime":"audio\/x-wav","copyright":{"license":"U"}}]},{"text":" bolsa. ","startDuration":"1.7365","endDuration":"2.4394","wordfile":[{"path":"audios\/wordfile-670793e3272f6.wav","mime":"audio\/x-wav","copyright":{"license":"U"}}]}],"files":[{"path":"audios\/files-6707931f00002.wav","mime":"audio\/x-wav","copyright":{"license":"U"}}]},"subContentId":"012c3447-26d2-4114-be50-c2b3adbfeb75","metadata":{"contentType":"Curious Reader Audio","license":"U","title":"Untitled Curious Reader Audio"}},"backgroundOpacity":0,"willDoAnimation":false,"animationType":"glow","displayAsButton":false,"buttonSize":"big","goToSlideType":"specified","invisible":false},{"x":25.05446623093682,"y":30.124759539865817,"width":14.205446623093684,"height":25.175691901173575,"action":{"library":"H5P.Image 1.1","params":{"contentName":"Image"},"subContentId":"9ee31ac8-1715-48b6-bc1a-9dc30453a866","metadata":{"contentType":"Image","license":"U","title":"Untitled Image"}},"backgroundOpacity":0,"willDoAnimation":true,"animationType":"glow","displayAsButton":false,"buttonSize":"big","goToSlideType":"specified","invisible":false,"id":"img012c3447-26d2-4114-be50-c2b3adbfeb75_1"},{"x":27.233115468409586,"y":53.7942134640461,"width":5.901078431372549,"height":18.720386285488043,"action":{"library":"H5P.Image 1.1","params":{"contentName":"Image"},"subContentId":"511fb59f-5ac0-4a64-9952-b87069c439cb","metadata":{"contentType":"Image","license":"U","title":"Untitled Image"}},"backgroundOpacity":0,"willDoAnimation":true,"animationType":"glow","displayAsButton":false,"buttonSize":"big","goToSlideType":"specified","invisible":false,"id":"img012c3447-26d2-4114-be50-c2b3adbfeb75_6"}],"slideBackgroundSelector":{}},{"elements":[{"x":14.705882352941178,"y":3.6637931034482762,"width":34.64052287581699,"height":92.45689655172414,"action":{"library":"H5P.Image 1.1","params":{"contentName":"Image","file":{"path":"images\/file-620d8be87d7ce.jpg","mime":"image\/jpeg","copyright":{"license":"U"},"width":639,"height":918}},"metadata":{"contentType":"Image","license":"U","title":"Untitled Image"},"subContentId":"b5dd1b5b-c4b7-4e07-9e11-de9c97fc90fa"},"backgroundOpacity":0,"willDoAnimation":false,"animationType":"glow","displayAsButton":false,"buttonSize":"big","goToSlideType":"specified","invisible":false},{"x":50.505050505050505,"y":19.943019943019944,"width":40,"height":40,"action":{"library":"H5P.CRAdvancedText 1.1","params":{"text":"<p dir=\"ltr\" style=\"text-align: center;\"><span style=\"font-size:1.75em;\"><span style=\"color:#ffffff;\">Nha irma e  mas altu ki nha irmon.<\/span><\/span><\/p>\n"},"subContentId":"bb05e671-c08f-4978-8b7c-9dae5f84555f","metadata":{"contentType":"Text","license":"U","title":"Untitled Text"}},"alwaysDisplayComments":false,"backgroundOpacity":0,"willDoAnimation":false,"animationType":"glow","displayAsButton":false,"buttonSize":"big","goToSlideType":"specified","invisible":false,"solution":""},{"x":47.000103485838785,"y":44.00026681929878,"width":40,"height":40,"action":{"library":"H5P.CRAudio 1.4","params":{"fitToWrapper":true,"currIndex":8,"playerMode":"minimalistic","controls":true,"autoplay":true,"playAudio":"Play audio","pauseAudio":"Pause audio","contentName":"Audio","glowColor":"#ffd85a","timeStampForEachText":[{"text":" Nha ","startDuration":"0.0000","endDuration":"0.2912","wordfile":[{"path":"audios\/wordfile-6707942dec72a.wav","mime":"audio\/x-wav","copyright":{"license":"U"}}]},{"text":" irma ","startDuration":"0.2922","endDuration":"0.7687","wordfile":[{"path":"audios\/wordfile-67079443f28a8.wav","mime":"audio\/x-wav","copyright":{"license":"U"}}]},{"text":" e ","startDuration":"0.7697","endDuration":"0.9697","wordfile":[{"path":"audios\/wordfile-6707947caf17c.wav","mime":"audio\/x-wav","copyright":{"license":"U"}}]},{"text":" mas ","startDuration":"0.9707","endDuration":"1.1907","wordfile":[{"path":"audios\/wordfile-670794976dad7.wav","mime":"audio\/x-wav","copyright":{"license":"U"}}]},{"text":" altu ","startDuration":"1.1917","endDuration":"1.5542","wordfile":[{"path":"audios\/wordfile-670794b660804.wav","mime":"audio\/x-wav","copyright":{"license":"U"}}]},{"text":" ki ","startDuration":"1.5552","endDuration":"1.7552","wordfile":[{"path":"audios\/wordfile-670794c7b91fd.wav","mime":"audio\/x-wav","copyright":{"license":"U"}}]},{"text":" nha ","startDuration":"1.7562","endDuration":"1.8906","wordfile":[{"path":"audios\/wordfile-670794de0fb63.wav","mime":"audio\/x-wav","copyright":{"license":"U"}}]},{"text":" irmon. ","startDuration":"1.8916","endDuration":"2.4564","wordfile":[{"path":"audios\/wordfile-670794f44b747.wav","mime":"audio\/x-wav","copyright":{"license":"U"}}]}],"files":[{"path":"audios\/files-67079404d5d80.wav","mime":"audio\/x-wav","copyright":{"license":"U"}}]},"subContentId":"4530bc29-9a51-4830-9b9a-0c5d5ce23e7b","metadata":{"contentType":"Curious Reader Audio","license":"U","title":"Untitled Curious Reader Audio"}},"backgroundOpacity":0,"willDoAnimation":false,"animationType":"glow","displayAsButton":false,"buttonSize":"big","goToSlideType":"specified","invisible":false},{"x":30.501089324618736,"y":15.062379769932909,"width":15.58921568627451,"height":25.175691901173575,"action":{"library":"H5P.Image 1.1","params":{"contentName":"Image"},"subContentId":"93616d3e-a511-4b13-9e6f-79867a50d37d","metadata":{"contentType":"Image","license":"U","title":"Untitled Image"}},"backgroundOpacity":0,"willDoAnimation":true,"animationType":"glow","displayAsButton":false,"buttonSize":"big","goToSlideType":"specified","invisible":false,"id":"img4530bc29-9a51-4830-9b9a-0c5d5ce23e7b_1"},{"x":22.875816993464053,"y":27.972991001303974,"width":9.477124183006536,"height":20.872154824049886,"action":{"library":"H5P.Image 1.1","params":{"contentName":"Image"},"subContentId":"92a9539c-cccf-43e1-9cef-fa678618b8d5","metadata":{"contentType":"Image","license":"U","title":"Untitled Image"}},"backgroundOpacity":0,"willDoAnimation":true,"animationType":"glow","displayAsButton":false,"buttonSize":"big","goToSlideType":"specified","invisible":false,"id":"img4530bc29-9a51-4830-9b9a-0c5d5ce23e7b_7"}],"slideBackgroundSelector":{}},{"elements":[{"x":15.24259259259259,"y":4.314547413793104,"width":34.85838779956427,"height":92.88793103448276,"action":{"library":"H5P.Image 1.1","params":{"contentName":"Image","file":{"path":"images\/file-620d8c22dbcda.jpg","mime":"image\/jpeg","copyright":{"license":"U"},"width":639,"height":918}},"metadata":{"contentType":"Image","license":"U","title":"Untitled Image"},"subContentId":"ec439803-414f-4f94-bef7-2c65cfc2ee92"},"backgroundOpacity":0,"willDoAnimation":false,"animationType":"glow","displayAsButton":false,"buttonSize":"big","goToSlideType":"specified","invisible":false},{"x":53.30882352941176,"y":21.818181818181817,"width":40,"height":40,"action":{"library":"H5P.CRAdvancedText 1.1","params":{"text":"<p dir=\"ltr\" style=\"text-align: center;\"><span style=\"font-size:1.75em;\"><span style=\"color:#ffffff;\">Nha irmon e  mas altu ki mi.<\/span><\/span><\/p>\n"},"subContentId":"94ce7688-2430-4964-a7ac-32b30b023c09","metadata":{"contentType":"Text","license":"U","title":"Untitled Text"}},"alwaysDisplayComments":false,"backgroundOpacity":0,"willDoAnimation":false,"animationType":"glow","displayAsButton":false,"buttonSize":"big","goToSlideType":"specified","invisible":false,"solution":""},{"x":47.000103485838785,"y":44.00026681929878,"width":40,"height":40,"action":{"library":"H5P.CRAudio 1.4","params":{"fitToWrapper":true,"currIndex":9,"playerMode":"minimalistic","controls":true,"autoplay":true,"playAudio":"Play audio","pauseAudio":"Pause audio","contentName":"Audio","glowColor":"#ffd85a","timeStampForEachText":[{"text":" Nha ","startDuration":"0.0000","endDuration":"0.2654","wordfile":[{"path":"audios\/wordfile-67079533159cb.wav","mime":"audio\/x-wav","copyright":{"license":"U"}}]},{"text":" irmon ","startDuration":"0.2664","endDuration":"0.8226","wordfile":[{"path":"audios\/wordfile-67079545195c6.wav","mime":"audio\/x-wav","copyright":{"license":"U"}}]},{"text":" e ","startDuration":"0.8236","endDuration":"1.0236","wordfile":[{"path":"audios\/wordfile-6707955875226.wav","mime":"audio\/x-wav","copyright":{"license":"U"}}]},{"text":" mas ","startDuration":"1.0246","endDuration":"1.2270","wordfile":[{"path":"audios\/wordfile-67079572920da.wav","mime":"audio\/x-wav","copyright":{"license":"U"}}]},{"text":" altu ","startDuration":"1.2280","endDuration":"1.5952","wordfile":[{"path":"audios\/wordfile-6707958603793.wav","mime":"audio\/x-wav","copyright":{"license":"U"}}]},{"text":" ki ","startDuration":"1.5962","endDuration":"1.7962","wordfile":[{"path":"audios\/wordfile-67079598ddfba.wav","mime":"audio\/x-wav","copyright":{"license":"U"}}]},{"text":" mi. ","startDuration":"1.7657","endDuration":"2.0869","wordfile":[{"path":"audios\/wordfile-670795af42a82.wav","mime":"audio\/x-wav","copyright":{"license":"U"}}]}],"files":[{"path":"audios\/files-6707950c39dbe.wav","mime":"audio\/x-wav","copyright":{"license":"U"}}]},"subContentId":"bc52b493-6b6e-447d-9675-326b6d42897d","metadata":{"contentType":"Curious Reader Audio","license":"U","title":"Untitled Curious Reader Audio"}},"backgroundOpacity":0,"willDoAnimation":false,"animationType":"glow","displayAsButton":false,"buttonSize":"big","goToSlideType":"specified","invisible":false},{"x":28.32244008714597,"y":30.124759539865817,"width":9.361383442265796,"height":29.479228978297265,"action":{"library":"H5P.Image 1.1","params":{"contentName":"Image"},"subContentId":"e60690ca-fa26-4059-adee-eb6b196f400a","metadata":{"contentType":"Image","license":"U","title":"Untitled Image"}},"backgroundOpacity":0,"willDoAnimation":true,"animationType":"glow","displayAsButton":false,"buttonSize":"big","goToSlideType":"specified","invisible":false,"id":"imgbc52b493-6b6e-447d-9675-326b6d42897d_1"},{"x":19.607843137254903,"y":45.187139309798724,"width":9.477124183006536,"height":16.5686177469262,"action":{"library":"H5P.Image 1.1","params":{"contentName":"Image"},"subContentId":"0454b015-8363-43d4-b7e5-82ada1eef988","metadata":{"contentType":"Image","license":"U","title":"Untitled Image"}},"backgroundOpacity":0,"willDoAnimation":true,"animationType":"glow","displayAsButton":false,"buttonSize":"big","goToSlideType":"specified","invisible":false,"id":"imgbc52b493-6b6e-447d-9675-326b6d42897d_6"}],"slideBackgroundSelector":{}},{"elements":[{"x":16.338344226579522,"y":4.320560344827586,"width":33.00653594771242,"height":92.45689655172414,"action":{"library":"H5P.Image 1.1","params":{"contentName":"Image","file":{"path":"images\/file-620d8c5c30c01.jpg","mime":"image\/jpeg","copyright":{"license":"U"},"width":639,"height":918}},"metadata":{"contentType":"Image","license":"U","title":"Untitled Image"},"subContentId":"5bf06604-bab2-4fde-b399-8b6b9caf36cb"},"backgroundOpacity":0,"willDoAnimation":false,"animationType":"glow","displayAsButton":false,"buttonSize":"big","goToSlideType":"specified","invisible":false},{"x":50.505050505050505,"y":25.641025641025642,"width":40,"height":40,"action":{"library":"H5P.CRAdvancedText 1.1","params":{"text":"<p dir=\"ltr\" style=\"text-align: center;\"><span style=\"font-size:1.75em;\"><span style=\"color:#ffffff;\">Ami e mas baxu di nha familia.<\/span><\/span><\/p>\n"},"subContentId":"5da06bf6-c805-48c4-8fd0-add34ef36a2b","metadata":{"contentType":"Text","license":"U","title":"Untitled Text"}},"alwaysDisplayComments":false,"backgroundOpacity":0,"willDoAnimation":false,"animationType":"glow","displayAsButton":false,"buttonSize":"big","goToSlideType":"specified","invisible":false,"solution":""},{"x":47.000103485838785,"y":44.00026681929878,"width":40,"height":40,"action":{"library":"H5P.CRAudio 1.4","params":{"fitToWrapper":true,"currIndex":10,"playerMode":"minimalistic","controls":true,"autoplay":true,"playAudio":"Play audio","pauseAudio":"Pause audio","contentName":"Audio","glowColor":"#ffd85a","timeStampForEachText":[{"text":" Ami ","startDuration":"0.0000","endDuration":"0.4021","wordfile":[{"path":"audios\/wordfile-670795e83d296.wav","mime":"audio\/x-wav","copyright":{"license":"U"}}]},{"text":" e ","startDuration":"0.4031","endDuration":"0.5049","wordfile":[{"path":"audios\/wordfile-67079600e20db.wav","mime":"audio\/x-wav","copyright":{"license":"U"}}]},{"text":" mas ","startDuration":"0.5059","endDuration":"0.7878","wordfile":[{"path":"audios\/wordfile-6707961aabc29.wav","mime":"audio\/x-wav","copyright":{"license":"U"}}]},{"text":" baxu ","startDuration":"0.7888","endDuration":"1.1014","wordfile":[{"path":"audios\/wordfile-6707962e1e9db.wav","mime":"audio\/x-wav","copyright":{"license":"U"}}]},{"text":" di ","startDuration":"1.0081","endDuration":"1.2183","wordfile":[{"path":"audios\/wordfile-6707964f841dd.wav","mime":"audio\/x-wav","copyright":{"license":"U"}}]},{"text":" nha ","startDuration":"1.2193","endDuration":"1.3963","wordfile":[{"path":"audios\/wordfile-670796809e47b.wav","mime":"audio\/x-wav","copyright":{"license":"U"}}]},{"text":" familia. ","startDuration":"1.3973","endDuration":"2.2414","wordfile":[{"path":"audios\/wordfile-670796929a87f.wav","mime":"audio\/x-wav","copyright":{"license":"U"}}]}],"files":[{"path":"audios\/files-670795c594a55.wav","mime":"audio\/x-wav","copyright":{"license":"U"}}]},"subContentId":"3945c2c6-263d-4dd8-b649-e92fccf23787","metadata":{"contentType":"Curious Reader Audio","license":"U","title":"Untitled Curious Reader Audio"}},"backgroundOpacity":0,"willDoAnimation":false,"animationType":"glow","displayAsButton":false,"buttonSize":"big","goToSlideType":"specified","invisible":false},{"x":23.965141612200437,"y":45.187139309798724,"width":15.5322440087146,"height":29.479228978297265,"action":{"library":"H5P.Image 1.1","params":{"contentName":"Image"},"subContentId":"5a7528af-acc6-4eb7-b8c8-a7fc29dc7800","metadata":{"contentType":"Image","license":"U","title":"Untitled Image"}},"backgroundOpacity":0,"willDoAnimation":true,"animationType":"glow","displayAsButton":false,"buttonSize":"big","goToSlideType":"specified","invisible":false,"id":"img3945c2c6-263d-4dd8-b649-e92fccf23787_0"},{"x":19.607843137254903,"y":8.607074154247377,"width":25.81699346405229,"height":39.999440540179975,"action":{"library":"H5P.Image 1.1","params":{"contentName":"Image"},"subContentId":"7605b75b-e900-43fa-88a3-52fca8ba3065","metadata":{"contentType":"Image","license":"U","title":"Untitled Image"}},"backgroundOpacity":0,"willDoAnimation":true,"animationType":"glow","displayAsButton":false,"buttonSize":"big","goToSlideType":"specified","invisible":false,"id":"img3945c2c6-263d-4dd8-b649-e92fccf23787_6"}],"slideBackgroundSelector":{}},{"elements":[{"x":17.426470588235293,"y":6.47334051724138,"width":32.46187363834423,"height":89.65517241379311,"action":{"library":"H5P.Image 1.1","params":{"contentName":"Image","file":{"path":"images\/file-620d8c9aa16a1.jpg","mime":"image\/jpeg","copyright":{"license":"U"},"width":639,"height":918}},"metadata":{"contentType":"Image","license":"U","title":"Untitled Image"},"subContentId":"ae70667a-fe5d-4f6e-96d3-e63ca9aa9160"},"backgroundOpacity":0,"willDoAnimation":false,"animationType":"glow","displayAsButton":false,"buttonSize":"big","goToSlideType":"specified","invisible":false},{"x":52.23880597014925,"y":22.14022140221402,"width":40,"height":40,"action":{"library":"H5P.CRAdvancedText 1.1","params":{"text":"<p dir=\"ltr\" style=\"text-align: center;\"><span style=\"font-size:1.75em;\"><span style=\"color:#ffffff;\">Oh spera! Ali sta nos katxorinhu, JoJo.<\/span><\/span><\/p>\n"},"subContentId":"9b262f75-e92f-402d-a68c-1f6324d6de47","metadata":{"contentType":"Text","license":"U","title":"Untitled Text"}},"alwaysDisplayComments":false,"backgroundOpacity":0,"willDoAnimation":false,"animationType":"glow","displayAsButton":false,"buttonSize":"big","goToSlideType":"specified","invisible":false,"solution":""},{"x":47.000103485838785,"y":44.00026681929878,"width":40,"height":40,"action":{"library":"H5P.CRAudio 1.4","params":{"fitToWrapper":true,"currIndex":11,"playerMode":"minimalistic","controls":true,"autoplay":true,"playAudio":"Play audio","pauseAudio":"Pause audio","contentName":"Audio","glowColor":"#ffd85a","timeStampForEachText":[{"text":" Oh ","startDuration":"0.0000","endDuration":"0.3989","wordfile":[{"path":"audios\/wordfile-670796c7afdad.wav","mime":"audio\/x-wav","copyright":{"license":"U"}}]},{"text":" spera! ","startDuration":"0.3999","endDuration":"1.0839","wordfile":[{"path":"audios\/wordfile-670796de2ce73.wav","mime":"audio\/x-wav","copyright":{"license":"U"}}]},{"text":" Ali ","startDuration":"1.2050","endDuration":"1.5926","wordfile":[{"path":"audios\/wordfile-670796f5e1ce4.wav","mime":"audio\/x-wav","copyright":{"license":"U"}}]},{"text":" sta ","startDuration":"1.5936","endDuration":"1.8386","wordfile":[{"path":"audios\/wordfile-6707970e9c4e2.wav","mime":"audio\/x-wav","copyright":{"license":"U"}}]},{"text":" nos ","startDuration":"1.7871","endDuration":"1.9419","wordfile":[{"path":"audios\/wordfile-67079729effa0.wav","mime":"audio\/x-wav","copyright":{"license":"U"}}]},{"text":" katxorinhu, ","startDuration":"1.9429","endDuration":"2.6794","wordfile":[{"path":"audios\/wordfile-670797720bd56.wav","mime":"audio\/x-wav","copyright":{"license":"U"}}]},{"text":" JoJo. ","startDuration":"2.6804","endDuration":"3.2331","wordfile":[{"path":"audios\/wordfile-6707979c2e957.wav","mime":"audio\/x-wav","copyright":{"license":"U"}}]}],"files":[{"path":"audios\/files-670796ac99aee.wav","mime":"audio\/x-wav","copyright":{"license":"U"}}]},"subContentId":"d48ff4dc-7e5b-4693-93fc-634f76157f51","metadata":{"contentType":"Curious Reader Audio","license":"U","title":"Untitled Curious Reader Audio"}},"backgroundOpacity":0,"willDoAnimation":false,"animationType":"glow","displayAsButton":false,"buttonSize":"big","goToSlideType":"specified","invisible":false},{"x":37.03703703703704,"y":68.85659323397901,"width":10.56644880174292,"height":17.829425004411124,"action":{"library":"H5P.Image 1.1","params":{"contentName":"Image"},"subContentId":"fc1a80dc-e765-4481-a966-5995484d3a66","metadata":{"contentType":"Image","license":"U","title":"Untitled Image"}},"backgroundOpacity":0,"willDoAnimation":true,"animationType":"glow","displayAsButton":false,"buttonSize":"big","goToSlideType":"specified","invisible":false,"id":"imgd48ff4dc-7e5b-4693-93fc-634f76157f51_5"},{"x":35.947712418300654,"y":68.85659323397901,"width":12.745098039215687,"height":20.559481337711464,"action":{"library":"H5P.Image 1.1","params":{"contentName":"Image"},"subContentId":"4d20a094-1462-411d-a308-751c106d1622","metadata":{"contentType":"Image","license":"U","title":"Untitled Image"}},"backgroundOpacity":0,"willDoAnimation":true,"animationType":"glow","displayAsButton":false,"buttonSize":"big","goToSlideType":"specified","invisible":false,"id":"imgd48ff4dc-7e5b-4693-93fc-634f76157f51_6"}],"slideBackgroundSelector":{}},{"elements":[{"x":16.228976034858388,"y":6.47334051724138,"width":32.6797385620915,"height":90.51724137931035,"action":{"library":"H5P.Image 1.1","params":{"contentName":"Image","file":{"path":"images\/file-620d8cddb99ae.jpg","mime":"image\/jpeg","copyright":{"license":"U"},"width":479,"height":687}},"metadata":{"contentType":"Image","license":"U","title":"Untitled Image"},"subContentId":"b0a958ff-98a9-43bb-a0f2-0d435e39a16f"},"backgroundOpacity":0,"willDoAnimation":false,"animationType":"glow","displayAsButton":false,"buttonSize":"big","goToSlideType":"specified","invisible":false},{"x":53.30882352941176,"y":14.545454545454545,"width":40,"height":40,"action":{"library":"H5P.CRAdvancedText 1.1","params":{"text":"<p dir=\"ltr\" style=\"text-align: center;\"><span style=\"color:#ffffff;\"><span style=\"font-size:1.75em;\">Jojo sa ta panha nha xinelu.<\/span><\/span><\/p>\n"},"subContentId":"8564a3dc-0eca-4be8-ba1d-b8018542d278","metadata":{"contentType":"Text","license":"U","title":"Untitled Text"}},"alwaysDisplayComments":false,"backgroundOpacity":0,"willDoAnimation":false,"animationType":"glow","displayAsButton":false,"buttonSize":"big","goToSlideType":"specified","invisible":false,"solution":""},{"x":47.000103485838785,"y":44.00026681929878,"width":40,"height":40,"action":{"library":"H5P.CRAudio 1.4","params":{"fitToWrapper":true,"currIndex":12,"playerMode":"minimalistic","controls":true,"autoplay":true,"playAudio":"Play audio","pauseAudio":"Pause audio","contentName":"Audio","glowColor":"#ffd85a","timeStampForEachText":[{"text":" Jojo ","startDuration":"0.0000","endDuration":"0.4502","wordfile":[{"path":"audios\/wordfile-6707981c67e41.wav","mime":"audio\/x-wav","copyright":{"license":"U"}}]},{"text":" sa ","startDuration":"0.4512","endDuration":"0.6512","wordfile":[{"path":"audios\/wordfile-6707984dc0805.wav","mime":"audio\/x-wav","copyright":{"license":"U"}}]},{"text":" ta ","startDuration":"0.6522","endDuration":"0.8522","wordfile":[{"path":"audios\/wordfile-67079860cd11d.wav","mime":"audio\/x-wav","copyright":{"license":"U"}}]},{"text":" panha ","startDuration":"0.8532","endDuration":"1.1939","wordfile":[{"path":"audios\/wordfile-670798795ca03.wav","mime":"audio\/x-wav","copyright":{"license":"U"}}]},{"text":" nha ","startDuration":"1.1949","endDuration":"1.4757","wordfile":[{"path":"audios\/wordfile-6707988deef0b.wav","mime":"audio\/x-wav","copyright":{"license":"U"}}]},{"text":" xinelu. ","startDuration":"1.4767","endDuration":"2.2005","wordfile":[{"path":"audios\/wordfile-670798a203532.wav","mime":"audio\/x-wav","copyright":{"license":"U"}}]}],"files":[{"path":"audios\/files-670797ed1b823.wav","mime":"audio\/x-wav","copyright":{"license":"U"}}]},"subContentId":"4d768385-1cb8-4bf8-b250-dfbb47f34c9b","metadata":{"contentType":"Curious Reader Audio","license":"U","title":"Untitled Curious Reader Audio"}},"backgroundOpacity":0,"willDoAnimation":false,"animationType":"glow","displayAsButton":false,"buttonSize":"big","goToSlideType":"specified","invisible":false},{"x":33.769063180827885,"y":60.249519079731634,"width":10.56644880174292,"height":17.180537683922417,"action":{"library":"H5P.Image 1.1","params":{"contentName":"Image"},"subContentId":"cab311bc-3d24-417b-a33b-91e50fe3434e","metadata":{"contentType":"Image","license":"U","title":"Untitled Image"}},"backgroundOpacity":0,"willDoAnimation":true,"animationType":"glow","displayAsButton":false,"buttonSize":"big","goToSlideType":"specified","invisible":false,"id":"img4d768385-1cb8-4bf8-b250-dfbb47f34c9b_0"},{"x":33.769063180827885,"y":73.1601303111027,"width":4.056034858387799,"height":7.961543592678823,"action":{"library":"H5P.Image 1.1","params":{"contentName":"Image"},"subContentId":"c9390718-35b2-456c-9190-66c9e747f12a","metadata":{"contentType":"Image","license":"U","title":"Untitled Image"}},"backgroundOpacity":0,"willDoAnimation":true,"animationType":"glow","displayAsButton":false,"buttonSize":"big","goToSlideType":"specified","invisible":false,"id":"img4d768385-1cb8-4bf8-b250-dfbb47f34c9b_5"}],"slideBackgroundSelector":{}},{"elements":[{"x":15.247167755991283,"y":6.47334051724138,"width":32.6797385620915,"height":90.30172413793105,"action":{"library":"H5P.Image 1.1","params":{"contentName":"Image","file":{"path":"images\/file-620d8d0a066ff.jpg","mime":"image\/jpeg","copyright":{"license":"U"},"width":479,"height":687}},"metadata":{"contentType":"Image","license":"U","title":"Untitled Image"},"subContentId":"89d672ca-d3ad-478d-bb23-9297f0787395"},"backgroundOpacity":0,"willDoAnimation":false,"animationType":"glow","displayAsButton":false,"buttonSize":"big","goToSlideType":"specified","invisible":false},{"x":49.632352941176464,"y":25.454545454545453,"width":40,"height":40,"action":{"library":"H5P.CRAdvancedText 1.1","params":{"text":"<p dir=\"ltr\" style=\"text-align: center;\"><span style=\"font-size:1.75em;\"><span style=\"color:#ffffff;\">Haha! JoJo e mas pikinoti.<\/span><\/span><\/p>\n"},"subContentId":"2454353b-98f5-4c25-87f6-d757dd5e4711","metadata":{"contentType":"Text","license":"U","title":"Untitled Text"}},"alwaysDisplayComments":false,"backgroundOpacity":0,"willDoAnimation":false,"animationType":"glow","displayAsButton":false,"buttonSize":"big","goToSlideType":"specified","invisible":false,"solution":""},{"x":47.000103485838785,"y":44.00026681929878,"width":40,"height":40,"action":{"library":"H5P.CRAudio 1.4","params":{"fitToWrapper":true,"currIndex":13,"playerMode":"minimalistic","controls":true,"autoplay":true,"playAudio":"Play audio","pauseAudio":"Pause audio","contentName":"Audio","glowColor":"#ffd85a","timeStampForEachText":[{"text":" Haha! ","startDuration":"0.0000","endDuration":"0.7477","wordfile":[{"path":"audios\/wordfile-670798fb4fdfb.wav","mime":"audio\/x-wav","copyright":{"license":"U"}}]},{"text":" JoJo ","startDuration":"0.7487","endDuration":"1.3270","wordfile":[{"path":"audios\/wordfile-6707991370c47.wav","mime":"audio\/x-wav","copyright":{"license":"U"}}]},{"text":" e ","startDuration":"1.3280","endDuration":"1.4342","wordfile":[{"path":"audios\/wordfile-6707992b3bf67.wav","mime":"audio\/x-wav","copyright":{"license":"U"}}]},{"text":" mas ","startDuration":"1.4352","endDuration":"1.6594","wordfile":[{"path":"audios\/wordfile-670799452fb91.wav","mime":"audio\/x-wav","copyright":{"license":"U"}}]},{"text":" pikinoti. ","startDuration":"1.6604","endDuration":"2.6509","wordfile":[{"path":"audios\/wordfile-67079959a7898.wav","mime":"audio\/x-wav","copyright":{"license":"U"}}]}],"files":[{"path":"audios\/files-670798dc02730.wav","mime":"audio\/x-wav","copyright":{"license":"U"}}]},"subContentId":"389a7600-26c3-4342-9599-978d67ecaa0a","metadata":{"contentType":"Curious Reader Audio","license":"U","title":"Untitled Curious Reader Audio"}},"backgroundOpacity":0,"willDoAnimation":false,"animationType":"glow","displayAsButton":false,"buttonSize":"big","goToSlideType":"specified","invisible":false},{"x":32.6797385620915,"y":62.40128761829348,"width":7.458474945533769,"height":18.720386285488043,"action":{"library":"H5P.Image 1.1","params":{"contentName":"Image"},"subContentId":"44a9e384-8ec6-4e94-881e-b55a2498fa18","metadata":{"contentType":"Image","license":"U","title":"Untitled Image"}},"backgroundOpacity":0,"willDoAnimation":true,"animationType":"glow","displayAsButton":false,"buttonSize":"big","goToSlideType":"specified","invisible":false,"id":"img389a7600-26c3-4342-9599-978d67ecaa0a_1"},{"x":32.6797385620915,"y":62.40128761829348,"width":7.054226579520698,"height":16.5686177469262,"action":{"library":"H5P.Image 1.1","params":{"contentName":"Image"},"subContentId":"d145a2df-3169-463a-9886-845082bcd7d9","metadata":{"contentType":"Image","license":"U","title":"Untitled Image"}},"backgroundOpacity":0,"willDoAnimation":true,"animationType":"glow","displayAsButton":false,"buttonSize":"big","goToSlideType":"specified","invisible":false,"id":"img389a7600-26c3-4342-9599-978d67ecaa0a_4"}],"slideBackgroundSelector":{}},{"elements":[{"x":14.159041394335512,"y":7.847370689655173,"width":35.83877995642702,"height":89.00862068965517,"action":{"library":"H5P.Image 1.1","params":{"contentName":"Image","file":{"path":"images\/file-620d8d312228a.jpg","mime":"image\/jpeg","copyright":{"license":"U"},"width":479,"height":687}},"metadata":{"contentType":"Image","license":"U","title":"Untitled Image"},"subContentId":"e767bcfd-f9ac-468c-afd5-1d15bc90d6b7"},"backgroundOpacity":0,"willDoAnimation":false,"animationType":"glow","displayAsButton":false,"buttonSize":"big","goToSlideType":"specified","invisible":false},{"x":51.94805194805195,"y":17.094017094017094,"width":40,"height":40,"action":{"library":"H5P.CRAdvancedText 1.1","params":{"text":"<p dir=\"ltr\" style=\"text-align: center;\"><span style=\"font-size:1.75em;\"><span style=\"color:#ffffff;\">Sim! JoJo e mas pikinoti ki mi.<\/span><\/span><\/p>\n"},"subContentId":"9ad72868-95b2-40a9-b911-06eaf294e6d2","metadata":{"contentType":"Text","license":"U","title":"Untitled Text"}},"alwaysDisplayComments":false,"backgroundOpacity":0,"willDoAnimation":false,"animationType":"glow","displayAsButton":false,"buttonSize":"big","goToSlideType":"specified","invisible":false,"solution":""},{"x":47.000103485838785,"y":44.00026681929878,"width":40,"height":40,"action":{"library":"H5P.CRAudio 1.4","params":{"fitToWrapper":true,"currIndex":14,"playerMode":"minimalistic","controls":true,"autoplay":true,"playAudio":"Play audio","pauseAudio":"Pause audio","contentName":"Audio","glowColor":"#ffd85a","timeStampForEachText":[{"text":" Sim! ","startDuration":"0.0000","endDuration":"0.7649","wordfile":[{"path":"audios\/wordfile-6707999aa6088.wav","mime":"audio\/x-wav","copyright":{"license":"U"}}]},{"text":" JoJo ","startDuration":"0.7659","endDuration":"1.2835","wordfile":[{"path":"audios\/wordfile-670799b5c5cb4.wav","mime":"audio\/x-wav","copyright":{"license":"U"}}]},{"text":" e ","startDuration":"1.2845","endDuration":"1.3921","wordfile":[{"path":"audios\/wordfile-670799cce54c3.wav","mime":"audio\/x-wav","copyright":{"license":"U"}}]},{"text":" mas ","startDuration":"1.3473","endDuration":"1.6450","wordfile":[{"path":"audios\/wordfile-670799e9a5432.wav","mime":"audio\/x-wav","copyright":{"license":"U"}}]},{"text":" pikinoti ","startDuration":"1.6460","endDuration":"2.1544","wordfile":[{"path":"audios\/wordfile-670799fde029e.wav","mime":"audio\/x-wav","copyright":{"license":"U"}}]},{"text":" ki ","startDuration":"2.1554","endDuration":"2.3554","wordfile":[{"path":"audios\/wordfile-67079a0e923bf.wav","mime":"audio\/x-wav","copyright":{"license":"U"}}]},{"text":" mi. ","startDuration":"2.3564","endDuration":"2.6751","wordfile":[{"path":"audios\/wordfile-67079a26aae2e.wav","mime":"audio\/x-wav","copyright":{"license":"U"}}]}],"files":[{"path":"audios\/files-67079977a9324.wav","mime":"audio\/x-wav","copyright":{"license":"U"}}]},"subContentId":"17599346-63fb-44cc-b563-f85568bc5dea","metadata":{"contentType":"Curious Reader Audio","license":"U","title":"Untitled Curious Reader Audio"}},"backgroundOpacity":0,"willDoAnimation":false,"animationType":"glow","displayAsButton":false,"buttonSize":"big","goToSlideType":"specified","invisible":false},{"x":20.697167755991288,"y":58.09775054116979,"width":12.129847494553378,"height":25.175691901173575,"action":{"library":"H5P.Image 1.1","params":{"contentName":"Image"},"subContentId":"a9ee2937-baf1-4d9a-823b-289d87d937bd","metadata":{"contentType":"Image","license":"U","title":"Untitled Image"}},"backgroundOpacity":0,"willDoAnimation":true,"animationType":"glow","displayAsButton":false,"buttonSize":"big","goToSlideType":"specified","invisible":false,"id":"img17599346-63fb-44cc-b563-f85568bc5dea_1"},{"x":26.143790849673202,"y":19.365916847056596,"width":16.013071895424837,"height":39.999440540179975,"action":{"library":"H5P.Image 1.1","params":{"contentName":"Image"},"subContentId":"598c9eb3-ca4f-491d-84b8-99c57bac0990","metadata":{"contentType":"Image","license":"U","title":"Untitled Image"}},"backgroundOpacity":0,"willDoAnimation":true,"animationType":"glow","displayAsButton":false,"buttonSize":"big","goToSlideType":"specified","invisible":false,"id":"img17599346-63fb-44cc-b563-f85568bc5dea_6"}],"slideBackgroundSelector":{}},{"elements":[{"x":13.832270408163264,"y":6.468438287153652,"width":34.43877551020408,"height":90.42821158690175,"action":{"library":"H5P.Image 1.1","params":{"contentName":"Image","file":{"path":"images\/file-620d8d58bb16b.jpg","mime":"image\/jpeg","copyright":{"license":"U"},"width":639,"height":918}},"metadata":{"contentType":"Image","license":"U","title":"Untitled Image"},"subContentId":"04bd3f8e-9a22-417f-8446-3b35b45f2017"},"backgroundOpacity":0,"willDoAnimation":false,"animationType":"glow","displayAsButton":false,"buttonSize":"big","goToSlideType":"specified","invisible":false},{"x":51.470588235294116,"y":18.181818181818183,"width":40,"height":40,"action":{"library":"H5P.CRAdvancedText 1.1","params":{"text":"<p dir=\"ltr\" style=\"text-align: center;\"><span style=\"color:#ffffff;\"><span style=\"font-size:1.75em;\">Mi e mas pikinoti ki nha irmon.<\/span><\/span><\/p>\n"},"subContentId":"07b0ce94-eba5-402f-b644-a387589e0110","metadata":{"contentType":"Text","license":"U","title":"Untitled Text"}},"alwaysDisplayComments":false,"backgroundOpacity":0,"willDoAnimation":false,"animationType":"glow","displayAsButton":false,"buttonSize":"big","goToSlideType":"specified","invisible":false,"solution":""},{"x":47.000103485838785,"y":44.00026681929878,"width":40,"height":40,"action":{"library":"H5P.CRAudio 1.4","params":{"fitToWrapper":true,"currIndex":15,"playerMode":"minimalistic","controls":true,"autoplay":true,"playAudio":"Play audio","pauseAudio":"Pause audio","contentName":"Audio","glowColor":"#ffd85a","timeStampForEachText":[{"text":" Mi ","startDuration":"0.0000","endDuration":"0.2000","wordfile":[{"path":"audios\/wordfile-67079a7ea2555.wav","mime":"audio\/x-wav","copyright":{"license":"U"}}]},{"text":" e ","startDuration":"0.2010","endDuration":"0.3277","wordfile":[{"path":"audios\/wordfile-67079a9381ced.wav","mime":"audio\/x-wav","copyright":{"license":"U"}}]},{"text":" mas ","startDuration":"0.3287","endDuration":"0.6753","wordfile":[{"path":"audios\/wordfile-67079aa6bb94e.wav","mime":"audio\/x-wav","copyright":{"license":"U"}}]},{"text":" pikinoti ","startDuration":"0.6763","endDuration":"1.3396","wordfile":[{"path":"audios\/wordfile-67079ab99e69f.wav","mime":"audio\/x-wav","copyright":{"license":"U"}}]},{"text":" ki ","startDuration":"1.3406","endDuration":"1.5406","wordfile":[{"path":"audios\/wordfile-67079acac1009.wav","mime":"audio\/x-wav","copyright":{"license":"U"}}]},{"text":" nha ","startDuration":"1.5416","endDuration":"1.7416","wordfile":[{"path":"audios\/wordfile-67079adbab5f9.wav","mime":"audio\/x-wav","copyright":{"license":"U"}}]},{"text":" irmon. ","startDuration":"1.7426","endDuration":"2.2776","wordfile":[{"path":"audios\/wordfile-67079aec0f9b7.wav","mime":"audio\/x-wav","copyright":{"license":"U"}}]}],"files":[{"path":"audios\/files-67079a67beb76.wav","mime":"audio\/x-wav","copyright":{"license":"U"}}]},"subContentId":"c7b6a86a-4be0-4dbf-9cb0-c73d7eb37e15","metadata":{"contentType":"Curious Reader Audio","license":"U","title":"Untitled Curious Reader Audio"}},"backgroundOpacity":0,"willDoAnimation":false,"animationType":"glow","displayAsButton":false,"buttonSize":"big","goToSlideType":"specified","invisible":false},{"x":16.33986928104575,"y":27.972991001303974,"width":17.10239651416122,"height":39.999440540179975,"action":{"library":"H5P.Image 1.1","params":{"contentName":"Image"},"subContentId":"b120b84a-a213-4deb-bc56-8d37b1c34afc","metadata":{"contentType":"Image","license":"U","title":"Untitled Image"}},"backgroundOpacity":0,"willDoAnimation":true,"animationType":"glow","displayAsButton":false,"buttonSize":"big","goToSlideType":"specified","invisible":false,"id":"imgc7b6a86a-4be0-4dbf-9cb0-c73d7eb37e15_0"},{"x":28.32244008714597,"y":8.607074154247377,"width":17.10239651416122,"height":39.999440540179975,"action":{"library":"H5P.Image 1.1","params":{"contentName":"Image"},"subContentId":"8de3ee76-3ccb-48da-a314-d0e160d8180e","metadata":{"contentType":"Image","license":"U","title":"Untitled Image"}},"backgroundOpacity":0,"willDoAnimation":true,"animationType":"glow","displayAsButton":false,"buttonSize":"big","goToSlideType":"specified","invisible":false,"id":"imgc7b6a86a-4be0-4dbf-9cb0-c73d7eb37e15_6"}],"slideBackgroundSelector":{}},{"elements":[{"x":14.161220043572985,"y":6.4655172413793105,"width":35.947712418300654,"height":90.73275862068967,"action":{"library":"H5P.Image 1.1","params":{"contentName":"Image","file":{"path":"images\/file-620d8da1ca430.jpg","mime":"image\/jpeg","copyright":{"license":"U"},"width":479,"height":687}},"metadata":{"contentType":"Image","license":"U","title":"Untitled Image"},"subContentId":"60e40c47-4d45-4d74-8969-9c409aee425a"},"backgroundOpacity":0,"willDoAnimation":false,"animationType":"glow","displayAsButton":false,"buttonSize":"big","goToSlideType":"specified","invisible":false},{"x":54.1044776119403,"y":29.52029520295203,"width":40,"height":40,"action":{"library":"H5P.CRAdvancedText 1.1","params":{"text":"<p dir=\"ltr\" style=\"text-align: center;\"><span style=\"font-size:1.75em;\"><span style=\"color:#ffffff;\">Nha irmon e mas pikinoti ki nha irma.<\/span><\/span><\/p>\n"},"subContentId":"4e808457-769d-4f3b-95db-7d65d906f36b","metadata":{"contentType":"Text","license":"U","title":"Untitled Text"}},"alwaysDisplayComments":false,"backgroundOpacity":0,"willDoAnimation":false,"animationType":"glow","displayAsButton":false,"buttonSize":"big","goToSlideType":"specified","invisible":false,"solution":""},{"x":47.000103485838785,"y":44.00026681929878,"width":40,"height":40,"action":{"library":"H5P.CRAudio 1.4","params":{"fitToWrapper":true,"currIndex":16,"playerMode":"minimalistic","controls":true,"autoplay":true,"playAudio":"Play audio","pauseAudio":"Pause audio","contentName":"Audio","glowColor":"#ffd85a","timeStampForEachText":[{"text":" Nha ","startDuration":"0","endDuration":"0.02","wordfile":[{"path":"audios\/wordfile-67079cdd08b6a.wav","mime":"audio\/x-wav","copyright":{"license":"U"}}]},{"text":" irmon ","startDuration":"0.1951","endDuration":"0.6593","wordfile":[{"path":"audios\/wordfile-67079d03581fe.wav","mime":"audio\/x-wav","copyright":{"license":"U"}}]},{"text":" e ","startDuration":"0.6603","endDuration":"0.7762","wordfile":[{"path":"audios\/wordfile-67079de6a5bda.wav","mime":"audio\/x-wav","copyright":{"license":"U"}}]},{"text":" mas ","startDuration":"0.7772","endDuration":"1.0583","wordfile":[{"path":"audios\/wordfile-67079dfaac680.wav","mime":"audio\/x-wav","copyright":{"license":"U"}}]},{"text":" pikinoti ","startDuration":"1.0593","endDuration":"1.6916","wordfile":[{"path":"audios\/wordfile-67079e0f4f224.wav","mime":"audio\/x-wav","copyright":{"license":"U"}}]},{"text":" ki ","startDuration":"1.6926","endDuration":"1.8326","wordfile":[{"path":"audios\/wordfile-67079e215734e.wav","mime":"audio\/x-wav","copyright":{"license":"U"}}]},{"text":" nha ","startDuration":"1.8336","endDuration":"2.0336","wordfile":[{"path":"audios\/wordfile-67079e39a29e8.wav","mime":"audio\/x-wav","copyright":{"license":"U"}}]},{"text":" irma. ","startDuration":"2.0346","endDuration":"2.6297","wordfile":[{"path":"audios\/wordfile-67079e5703337.wav","mime":"audio\/x-wav","copyright":{"license":"U"}}]}],"files":[{"path":"audios\/files-67079b032ded4.wav","mime":"audio\/x-wav","copyright":{"license":"U"}}]},"subContentId":"9679a0d8-3d54-4345-921c-11941ab2c7a0","metadata":{"contentType":"Curious Reader Audio","license":"U","title":"Untitled Curious Reader Audio"}},"backgroundOpacity":0,"willDoAnimation":false,"animationType":"glow","displayAsButton":false,"buttonSize":"big","goToSlideType":"specified","invisible":false},{"x":34.85838779956427,"y":10.758842692809221,"width":16.013071895424837,"height":39.999440540179975,"action":{"library":"H5P.Image 1.1","params":{"contentName":"Image"},"subContentId":"4b5640f1-18fe-4e5b-b7d7-176dfe7699cf","metadata":{"contentType":"Image","license":"U","title":"Untitled Image"}},"backgroundOpacity":0,"willDoAnimation":true,"animationType":"glow","displayAsButton":false,"buttonSize":"big","goToSlideType":"specified","invisible":false,"id":"img9679a0d8-3d54-4345-921c-11941ab2c7a0_1"},{"x":15.250544662309368,"y":6.455305615685532,"width":17.10239651416122,"height":39.999440540179975,"action":{"library":"H5P.Image 1.1","params":{"contentName":"Image"},"subContentId":"67963e4c-61fc-478f-a54a-0c3c364b32bc","metadata":{"contentType":"Image","license":"U","title":"Untitled Image"}},"backgroundOpacity":0,"willDoAnimation":true,"animationType":"glow","displayAsButton":false,"buttonSize":"big","goToSlideType":"specified","invisible":false,"id":"img9679a0d8-3d54-4345-921c-11941ab2c7a0_7"}],"slideBackgroundSelector":{}},{"elements":[{"x":14.596949891067538,"y":5.603448275862069,"width":34.85838779956427,"height":91.16379310344828,"action":{"library":"H5P.Image 1.1","params":{"contentName":"Image","file":{"path":"images\/file-620d8dcd7ce8c.jpg","mime":"image\/jpeg","copyright":{"license":"U"},"width":479,"height":687}},"metadata":{"contentType":"Image","license":"U","title":"Untitled Image"},"subContentId":"74592e07-1d40-4cfc-8d4f-dc0d059d43f9"},"backgroundOpacity":0,"willDoAnimation":false,"animationType":"glow","displayAsButton":false,"buttonSize":"big","goToSlideType":"specified","invisible":false},{"x":50.505050505050505,"y":28.490028490028493,"width":40,"height":40,"action":{"library":"H5P.CRAdvancedText 1.1","params":{"text":"<p dir=\"ltr\" style=\"text-align: center;\"><span style=\"font-size:1.75em;\"><span style=\"color:#ffffff;\">Nha irma e mas pikinoti ki Mama.<\/span><\/span><\/p>\n"},"subContentId":"6643345b-5a55-497e-8b6d-cb994138123e","metadata":{"contentType":"Text","license":"U","title":"Untitled Text"}},"alwaysDisplayComments":false,"backgroundOpacity":0,"willDoAnimation":false,"animationType":"glow","displayAsButton":false,"buttonSize":"big","goToSlideType":"specified","invisible":false,"solution":""},{"x":47.000103485838785,"y":44.00026681929878,"width":40,"height":40,"action":{"library":"H5P.CRAudio 1.4","params":{"fitToWrapper":true,"currIndex":17,"playerMode":"minimalistic","controls":true,"autoplay":true,"playAudio":"Play audio","pauseAudio":"Pause audio","contentName":"Audio","glowColor":"#ffd85a","timeStampForEachText":[{"text":" Nha ","startDuration":"0.0000","endDuration":"0.2000","wordfile":[{"path":"audios\/wordfile-67079ed03ca6e.wav","mime":"audio\/x-wav","copyright":{"license":"U"}}]},{"text":" irma ","startDuration":"0.2010","endDuration":"0.6240","wordfile":[{"path":"audios\/wordfile-67079eee41d47.wav","mime":"audio\/x-wav","copyright":{"license":"U"}}]},{"text":" e ","startDuration":"0.5688","endDuration":"0.6907","wordfile":[{"path":"audios\/wordfile-67079f0750738.wav","mime":"audio\/x-wav","copyright":{"license":"U"}}]},{"text":" mas ","startDuration":"0.6917","endDuration":"0.9837","wordfile":[{"path":"audios\/wordfile-67079f1cee499.wav","mime":"audio\/x-wav","copyright":{"license":"U"}}]},{"text":" pikinoti ","startDuration":"0.9847","endDuration":"1.6364","wordfile":[{"path":"audios\/wordfile-67079f379abb5.wav","mime":"audio\/x-wav","copyright":{"license":"U"}}]},{"text":" ki ","startDuration":"1.6374","endDuration":"1.8374","wordfile":[{"path":"audios\/wordfile-67079f493c826.wav","mime":"audio\/x-wav","copyright":{"license":"U"}}]},{"text":" Mama. ","startDuration":"1.8384","endDuration":"2.4424","wordfile":[{"path":"audios\/wordfile-67079f5ab1a4f.wav","mime":"audio\/x-wav","copyright":{"license":"U"}}]}],"files":[{"path":"audios\/files-67079eb3ec800.wav","mime":"audio\/x-wav","copyright":{"license":"U"}}]},"subContentId":"7f976a2a-8ef9-4590-82a0-855a967e1c35","metadata":{"contentType":"Curious Reader Audio","license":"U","title":"Untitled Curious Reader Audio"}},"backgroundOpacity":0,"willDoAnimation":false,"animationType":"glow","displayAsButton":false,"buttonSize":"big","goToSlideType":"specified","invisible":false},{"x":16.33986928104575,"y":25.821222462742128,"width":9.188627450980393,"height":23.023923362611733,"action":{"library":"H5P.Image 1.1","params":{"contentName":"Image"},"subContentId":"2df78ec0-13c9-47ed-a983-cb126d54fad5","metadata":{"contentType":"Image","license":"U","title":"Untitled Image"}},"backgroundOpacity":0,"willDoAnimation":true,"animationType":"glow","displayAsButton":false,"buttonSize":"big","goToSlideType":"specified","invisible":false,"id":"img7f976a2a-8ef9-4590-82a0-855a967e1c35_1"},{"x":23.965141612200437,"y":10.758842692809221,"width":11.655773420479303,"height":39.999440540179975,"action":{"library":"H5P.Image 1.1","params":{"contentName":"Image"},"subContentId":"b8f55eb3-6e00-430e-af64-58d4a1cbd9ae","metadata":{"contentType":"Image","license":"U","title":"Untitled Image"}},"backgroundOpacity":0,"willDoAnimation":true,"animationType":"glow","displayAsButton":false,"buttonSize":"big","goToSlideType":"specified","invisible":false,"id":"img7f976a2a-8ef9-4590-82a0-855a967e1c35_6"}],"slideBackgroundSelector":{}},{"elements":[{"x":13.069005102040816,"y":6.468438287153652,"width":35.714285714285715,"height":90.6801007556675,"action":{"library":"H5P.Image 1.1","params":{"contentName":"Image","file":{"path":"images\/file-620d8e258bed1.jpg","mime":"image\/jpeg","copyright":{"license":"U"},"width":479,"height":687}},"metadata":{"contentType":"Image","license":"U","title":"Untitled Image"},"subContentId":"bf6b3186-5b89-4ff3-9612-1418d24637a7"},"backgroundOpacity":0,"willDoAnimation":false,"animationType":"glow","displayAsButton":false,"buttonSize":"big","goToSlideType":"specified","invisible":false},{"x":53.30882352941176,"y":25.454545454545453,"width":40,"height":40,"action":{"library":"H5P.CRAdvancedText 1.1","params":{"text":"<p dir=\"ltr\" style=\"text-align: center;\"><span style=\"font-size:1.75em;\"><span style=\"color:#ffffff;\">Mama e mas pikinoti ki Papa.<\/span><\/span><\/p>\n"},"subContentId":"1d423c8b-2b6a-404c-ad55-e7db2fcd8803","metadata":{"contentType":"Text","license":"U","title":"Untitled Text"}},"alwaysDisplayComments":false,"backgroundOpacity":0,"willDoAnimation":false,"animationType":"glow","displayAsButton":false,"buttonSize":"big","goToSlideType":"specified","invisible":false,"solution":""},{"x":47.000103485838785,"y":44.00026681929878,"width":40,"height":40,"action":{"library":"H5P.CRAudio 1.4","params":{"fitToWrapper":true,"currIndex":18,"playerMode":"minimalistic","controls":true,"autoplay":true,"playAudio":"Play audio","pauseAudio":"Pause audio","contentName":"Audio","glowColor":"#ffd85a","timeStampForEachText":[{"text":" Mama ","startDuration":"0.0000","endDuration":"0.4575","wordfile":[{"path":"audios\/wordfile-67079f9267307.wav","mime":"audio\/x-wav","copyright":{"license":"U"}}]},{"text":" e ","startDuration":"0.4585","endDuration":"0.5624","wordfile":[{"path":"audios\/wordfile-67079faed4c2b.wav","mime":"audio\/x-wav","copyright":{"license":"U"}}]},{"text":" mas ","startDuration":"0.5634","endDuration":"0.8921","wordfile":[{"path":"audios\/wordfile-67079fc56045c.wav","mime":"audio\/x-wav","copyright":{"license":"U"}}]},{"text":" pikinoti ","startDuration":"0.8931","endDuration":"1.5834","wordfile":[{"path":"audios\/wordfile-67079fdcc90c0.wav","mime":"audio\/x-wav","copyright":{"license":"U"}}]},{"text":" ki ","startDuration":"1.5844","endDuration":"1.7844","wordfile":[{"path":"audios\/wordfile-67079fee650c2.wav","mime":"audio\/x-wav","copyright":{"license":"U"}}]},{"text":" Papa. ","startDuration":"1.7854","endDuration":"2.3798","wordfile":[{"path":"audios\/wordfile-6707a004c7e4e.wav","mime":"audio\/x-wav","copyright":{"license":"U"}}]}],"files":[{"path":"audios\/files-67079f76051d3.wav","mime":"audio\/x-wav","copyright":{"license":"U"}}]},"subContentId":"afc11ec5-30e3-490d-b142-86aebbb91ea5","metadata":{"contentType":"Curious Reader Audio","license":"U","title":"Untitled Curious Reader Audio"}},"backgroundOpacity":0,"willDoAnimation":false,"animationType":"glow","displayAsButton":false,"buttonSize":"big","goToSlideType":"specified","invisible":false},{"x":18.51851851851852,"y":17.214148308494753,"width":8.553747276688453,"height":23.023923362611733,"action":{"library":"H5P.Image 1.1","params":{"contentName":"Image"},"subContentId":"e030b9cf-a825-4b24-8a4a-7be16628b4e7","metadata":{"contentType":"Image","license":"U","title":"Untitled Image"}},"backgroundOpacity":0,"willDoAnimation":true,"animationType":"glow","displayAsButton":false,"buttonSize":"big","goToSlideType":"specified","invisible":false,"id":"imgafc11ec5-30e3-490d-b142-86aebbb91ea5_0"},{"x":28.322440087145967,"y":8.607074154247377,"width":11.783442265795207,"height":25.175691901173575,"action":{"library":"H5P.Image 1.1","params":{"contentName":"Image"},"subContentId":"60e42948-e627-4e7d-a99c-41d9cef2cf45","metadata":{"contentType":"Image","license":"U","title":"Untitled Image"}},"backgroundOpacity":0,"willDoAnimation":true,"animationType":"glow","displayAsButton":false,"buttonSize":"big","goToSlideType":"specified","invisible":false,"id":"imgafc11ec5-30e3-490d-b142-86aebbb91ea5_5"}],"slideBackgroundSelector":{}},{"elements":[{"x":13.071023965141611,"y":6.482349137931035,"width":35.83877995642702,"height":90.51724137931035,"action":{"library":"H5P.Image 1.1","params":{"contentName":"Image","file":{"path":"images\/file-620d8e5f7c6e2.jpg","mime":"image\/jpeg","copyright":{"license":"U"},"width":639,"height":918}},"metadata":{"contentType":"Image","license":"U","title":"Untitled Image"},"subContentId":"e85d8338-0d12-4245-9ceb-cc02d0c59251"},"backgroundOpacity":0,"willDoAnimation":false,"animationType":"glow","displayAsButton":false,"buttonSize":"big","goToSlideType":"specified","invisible":false},{"x":53.30882352941176,"y":18.181818181818183,"width":40,"height":40,"action":{"library":"H5P.CRAdvancedText 1.1","params":{"text":"<p dir=\"ltr\" style=\"text-align: center;\"><span style=\"font-size:1.75em;\"><span style=\"color:#ffffff;\">Wow! Papa e mas altu, i JoJo e mas pikinoti.<\/span><\/span><\/p>\n"},"subContentId":"95045f79-7578-469b-bf8a-88a9007a1c69","metadata":{"contentType":"Text","license":"U","title":"Untitled Text"}},"alwaysDisplayComments":false,"backgroundOpacity":0,"willDoAnimation":false,"animationType":"glow","displayAsButton":false,"buttonSize":"big","goToSlideType":"specified","invisible":false,"solution":""},{"x":47.000103485838785,"y":44.00026681929878,"width":40,"height":40,"action":{"library":"H5P.CRAudio 1.4","params":{"fitToWrapper":true,"currIndex":19,"playerMode":"minimalistic","controls":true,"autoplay":true,"playAudio":"Play audio","pauseAudio":"Pause audio","contentName":"Audio","glowColor":"#ffd85a","timeStampForEachText":[{"text":" Wow! ","startDuration":"0.0000","endDuration":"0.8669","wordfile":[{"path":"audios\/wordfile-6707a03712c5e.wav","mime":"audio\/x-wav","copyright":{"license":"U"}}]},{"text":" Papa ","startDuration":"0.8679","endDuration":"1.2707","wordfile":[{"path":"audios\/wordfile-6707a051615fc.wav","mime":"audio\/x-wav","copyright":{"license":"U"}}]},{"text":" e ","startDuration":"1.2717","endDuration":"1.3764","wordfile":[{"path":"audios\/wordfile-6707a06a5a996.wav","mime":"audio\/x-wav","copyright":{"license":"U"}}]},{"text":" mas ","startDuration":"1.3774","endDuration":"1.5549","wordfile":[{"path":"audios\/wordfile-6707a086188f0.wav","mime":"audio\/x-wav","copyright":{"license":"U"}}]},{"text":" altu, ","startDuration":"1.5559","endDuration":"2.1704","wordfile":[{"path":"audios\/wordfile-6707a09c618be.wav","mime":"audio\/x-wav","copyright":{"license":"U"}}]},{"text":" i ","startDuration":"2.1714","endDuration":"2.4255","wordfile":[{"path":"audios\/wordfile-6707a0b6c8bd9.wav","mime":"audio\/x-wav","copyright":{"license":"U"}}]},{"text":" JoJo ","startDuration":"2.4445","endDuration":"2.5905","wordfile":[{"path":"audios\/wordfile-6707a0dcca5d3.wav","mime":"audio\/x-wav","copyright":{"license":"U"}}]},{"text":" e ","startDuration":"2.5915","endDuration":"2.7194","wordfile":[{"path":"audios\/wordfile-6707a0f11ee68.wav","mime":"audio\/x-wav","copyright":{"license":"U"}}]},{"text":" mas ","startDuration":"2.7204","endDuration":"3.0015","wordfile":[{"path":"audios\/wordfile-6707a1094b905.wav","mime":"audio\/x-wav","copyright":{"license":"U"}}]},{"text":" pikinoti. ","startDuration":"3.0025","endDuration":"3.9472","wordfile":[{"path":"audios\/wordfile-6707a12476c5b.wav","mime":"audio\/x-wav","copyright":{"license":"U"}}]}],"files":[{"path":"audios\/files-6707a01dcdd98.wav","mime":"audio\/x-wav","copyright":{"license":"U"}}]},"subContentId":"26c05a42-7846-43d7-99cd-6bd257439320","metadata":{"contentType":"Curious Reader Audio","license":"U","title":"Untitled Curious Reader Audio"}},"backgroundOpacity":0,"willDoAnimation":false,"animationType":"glow","displayAsButton":false,"buttonSize":"big","goToSlideType":"specified","invisible":false},{"x":21.78649237472767,"y":6.455305615685532,"width":9.188627450980393,"height":23.023923362611733,"action":{"library":"H5P.Image 1.1","params":{"contentName":"Image"},"subContentId":"bb604e98-3b46-46b8-a66f-7677afbf5fad","metadata":{"contentType":"Image","license":"U","title":"Untitled Image"}},"backgroundOpacity":0,"willDoAnimation":true,"animationType":"glow","displayAsButton":false,"buttonSize":"big","goToSlideType":"specified","invisible":false,"id":"img26c05a42-7846-43d7-99cd-6bd257439320_1"},{"x":23.965141612200437,"y":8.607074154247377,"width":6.209150326797386,"height":18.113523004557447,"action":{"library":"H5P.Image 1.1","params":{"contentName":"Image"},"subContentId":"b10a5399-5480-4dd8-9f10-353c6de359fb","metadata":{"contentType":"Image","license":"U","title":"Untitled Image"}},"backgroundOpacity":0,"willDoAnimation":true,"animationType":"glow","displayAsButton":false,"buttonSize":"big","goToSlideType":"specified","invisible":false,"id":"img26c05a42-7846-43d7-99cd-6bd257439320_4"},{"x":29.411764705882355,"y":64.55305615685532,"width":10.630272331154684,"height":20.872154824049886,"action":{"library":"H5P.Image 1.1","params":{"contentName":"Image"},"subContentId":"c1dc6931-283e-4613-9ca1-04930c76f13c","metadata":{"contentType":"Image","license":"U","title":"Untitled Image"}},"backgroundOpacity":0,"willDoAnimation":true,"animationType":"glow","displayAsButton":false,"buttonSize":"big","goToSlideType":"specified","invisible":false,"id":"img26c05a42-7846-43d7-99cd-6bd257439320_6"},{"x":28.32244008714597,"y":62.40128761829348,"width":11.655773420479303,"height":25.65316933988045,"action":{"library":"H5P.Image 1.1","params":{"contentName":"Image"},"subContentId":"826a5e41-9deb-4c1e-81d9-3095efcfde23","metadata":{"contentType":"Image","license":"U","title":"Untitled Image"}},"backgroundOpacity":0,"willDoAnimation":true,"animationType":"glow","displayAsButton":false,"buttonSize":"big","goToSlideType":"specified","invisible":false,"id":"img26c05a42-7846-43d7-99cd-6bd257439320_9"}],"slideBackgroundSelector":{}},{"slideBackgroundSelector":{"fillSlideBackground":"#510265"},"elements":[{"x":71.42857142857143,"y":5.037783375314861,"width":26.403061224489797,"height":11.335012594458437,"action":{"library":"H5P.Image 1.1","params":{"contentName":"Image","file":{"path":"images\/file-621416dbd21d6.jpg","mime":"image\/jpeg","copyright":{"license":"U"},"width":1024,"height":209}},"metadata":{"contentType":"Image","license":"U","title":"Untitled Image"},"subContentId":"dca461cf-2797-43fc-8235-d1458724dbba"},"backgroundOpacity":0,"willDoAnimation":false,"animationType":"glow","displayAsButton":false,"buttonSize":"big","goToSlideType":"specified","invisible":false},{"x":3.826530612244898,"y":5.0338539042821155,"width":17.857142857142858,"height":13.09823677581864,"action":{"library":"H5P.Image 1.1","params":{"contentName":"Image","file":{"path":"images\/file-621417de42c38.png","mime":"image\/png","copyright":{"license":"U"},"width":1350,"height":505}},"metadata":{"contentType":"Image","license":"U","title":"Untitled Image"},"subContentId":"e53810ff-db6a-457c-935d-dab072652420"},"backgroundOpacity":0,"willDoAnimation":false,"animationType":"glow","displayAsButton":false,"buttonSize":"big","goToSlideType":"specified","invisible":false},{"x":38.052040816326524,"y":5.0338539042821155,"width":24.489795918367346,"height":12.594458438287154,"action":{"library":"H5P.Image 1.1","params":{"contentName":"Image","file":{"path":"images\/file-6214180a8b815.png","mime":"image\/png","copyright":{"license":"U"},"width":814,"height":202}},"metadata":{"contentType":"Image","license":"U","title":"Untitled Image"},"subContentId":"3d16a928-46cf-41e8-bb91-7aad8259e418"},"backgroundOpacity":0,"willDoAnimation":false,"animationType":"glow","displayAsButton":false,"buttonSize":"big","goToSlideType":"specified","invisible":false},{"x":6.475204081632653,"y":22.66413098236776,"width":88.01020408163265,"height":72.29219143576826,"action":{"library":"H5P.CRAdvancedText 1.1","params":{"text":"<h3 style=\"text-align: center;\"><strong><span style=\"font-size:0.75em;\"><span style=\"background-color:#ffffff;\">\"<\/span><\/span><\/strong>Altu i Baxu<strong><span style=\"font-size:0.75em;\"><span style=\"background-color:#ffffff;\">\" credits<\/span><\/span><\/strong><\/h3>\n\n<h3 style=\"text-align: center;\"><strong><span style=\"font-size:0.75em;\"><span style=\"background-color:#ffffff;\">This work, \u201c<\/span><\/span><\/strong>Altu i Baxu<strong><span style=\"font-size:0.75em;\"><span style=\"background-color:#ffffff;\">\u201d, is a derivative of \u201c<\/span><\/span><span style=\"background-color:#ffffff;\">Ubude nobufushane.<\/span><span style=\"font-size:0.75em;\"><span style=\"background-color:#ffffff;\">\u201d as translated by Celia Bolam used under CC BY. &nbsp;The \u00a9 for this translation lies with Room to Read, 2015. It is based on the original story: '\u1781\u17d2\u1796\u179f\u17cb\u1793\u17b7\u1784\u1791\u17b6\u1794', by Huy Chheng Rattana. \u00a9 Room to Read, 2015. Some changes were made to this work.<\/span><\/span><\/strong><\/h3>\n\n<h3 style=\"text-align: center;\"><strong><span style=\"font-size:0.75em;\"><span style=\"background-color:#ffffff;\">\u201c<\/span><\/span><\/strong>Altu i Baxu<strong><span style=\"font-size:0.75em;\"><span style=\"background-color:#ffffff;\">\u201d is licensed under CC BY 4.0 by Curious Learning.<\/span><\/span><\/strong><\/h3>\n\n<h3 style=\"text-align: center;\"><br>\n<strong><span style=\"font-size:0.75em;\"><span style=\"background-color:#ffffff;\">Book builder - Abraham Jerry Kakooza<\/span><\/span><\/strong><\/h3>\n"},"metadata":{"contentType":"Text","license":"U","title":"Untitled Text"},"subContentId":"8d8d3374-d294-4681-b51f-66825d72b97e"},"alwaysDisplayComments":false,"backgroundOpacity":0,"willDoAnimation":false,"animationType":"glow","displayAsButton":false,"buttonSize":"big","goToSlideType":"specified","invisible":false,"solution":""}]}],"keywordListEnabled":true,"globalBackgroundSelector":{"fillGlobalBackground":"#fbeffe"},"keywordListAlwaysShow":false,"keywordListAutoHide":false,"keywordListOpacity":90},"override":{"activeSurface":false,"hideSummarySlide":false,"summarySlideSolutionButton":true,"summarySlideRetryButton":true,"enablePrintButton":false,"social":{"showFacebookShare":false,"facebookShare":{"url":"@currentpageurl","quote":"I scored @score out of @maxScore on a task at @currentpageurl."},"showTwitterShare":false,"twitterShare":{"statement":"I scored @score out of @maxScore on a task at @currentpageurl.","url":"@currentpageurl","hashtags":"h5p, course"},"showGoogleShare":false,"googleShareUrl":"@currentpageurl"}},"l10n":{"slide":"Slide","score":"Score","yourScore":"Your Score","maxScore":"Max Score","total":"Total","totalScore":"Total Score","showSolutions":"Show solutions","retry":"Retry","exportAnswers":"Export text","hideKeywords":"Hide sidebar navigation menu","showKeywords":"Show sidebar navigation menu","fullscreen":"Fullscreen","exitFullscreen":"Exit fullscreen","prevSlide":"Previous slide","nextSlide":"Next slide","currentSlide":"Current slide","lastSlide":"Last slide","solutionModeTitle":"Exit solution mode","solutionModeText":"Solution Mode","summaryMultipleTaskText":"Multiple tasks","scoreMessage":"You achieved:","shareFacebook":"Share on Facebook","shareTwitter":"Share on Twitter","shareGoogle":"Share on Google+","summary":"Summary","solutionsButtonTitle":"Show comments","printTitle":"Print","printIngress":"How would you like to print this presentation?","printAllSlides":"Print all slides","printCurrentSlide":"Print current slide","noTitle":"No title","accessibilitySlideNavigationExplanation":"Use left and right arrow to change slide in that direction whenever canvas is selected.","accessibilityCanvasLabel":"Presentation canvas. Use left and right arrow to move between slides.","containsNotCompleted":"@slideName contains not completed interaction","containsCompleted":"@slideName contains completed interaction","slideCount":"Slide @index of @total","containsOnlyCorrect":"@slideName only has correct answers","containsIncorrectAnswers":"@slideName has incorrect answers","shareResult":"Share Result","accessibilityTotalScore":"You got @score of @maxScore points in total","accessibilityEnteredFullscreen":"Entered fullscreen","accessibilityExitedFullscreen":"Exited fullscreen"}}