{"presentation":{"slides":[{"elements":[{"x":26.143790849673206,"y":2.1454967741935485,"width":49.45533769063181,"height":70.96774193548387,"action":{"library":"H5P.Image 1.1","params":{"contentName":"Image","file":{"path":"images\/file-6583236a69c90.jpeg","mime":"image\/jpeg","copyright":{"license":"U"},"width":1000,"height":1000}},"subContentId":"9b9fc655-2af5-438e-a5cc-99693672e559","metadata":{"contentType":"Image","license":"U","title":"Untitled Image"}},"backgroundOpacity":0,"willDoAnimation":false,"animationType":"glow","displayAsButton":false,"buttonSize":"big","goToSlideType":"specified","invisible":false},{"x":19.131632653061224,"y":79.48287153652393,"width":62.5,"height":20.151133501259444,"action":{"library":"H5P.CRAdvancedText 1.1","params":{"text":"<h2 style=\"text-align: center;\"><span style=\"font-size:2.25em;\">Yiluphi Usuku?<\/span><\/h2>\n"},"subContentId":"bca21f5a-9c56-43f6-9c9d-80163dcc6c0c","metadata":{"contentType":"Text","license":"U","title":"Untitled Text"}},"alwaysDisplayComments":false,"backgroundOpacity":0,"willDoAnimation":false,"animationType":"glow","displayAsButton":false,"buttonSize":"big","goToSlideType":"specified","invisible":false,"solution":""}],"slideBackgroundSelector":{}},{"elements":[{"x":29.411764705882355,"y":2.150537634408602,"width":39.97821350762527,"height":73.11827956989247,"action":{"library":"H5P.Image 1.1","params":{"contentName":"Image","file":{"path":"images\/file-658328e766fda.jpg","mime":"image\/jpeg","copyright":{"license":"U"},"width":1000,"height":1000}},"subContentId":"ab415e67-eb4f-4f05-b1f9-022c38ee7beb","metadata":{"contentType":"Image","license":"U","title":"Untitled Image"}},"backgroundOpacity":0,"willDoAnimation":false,"animationType":"glow","displayAsButton":false,"buttonSize":"big","goToSlideType":"specified","invisible":false},{"x":6.377551020408164,"y":78.08564231738035,"width":85.71428571428572,"height":16.120906801007557,"action":{"library":"H5P.CRAdvancedText 1.1","params":{"text":"<p dir=\"ltr\" style=\"text-align: center;\"><span style=\"color:#ffffff;\"><span style=\"font-size:1.75em;\">Sawubona! UBea ujabule kakhulu namuhla.<\/span><\/span><\/p>\n"},"subContentId":"8a2f3dcf-2c04-464a-ab7f-af4f0c6283f6","metadata":{"contentType":"Text","license":"U","title":"Untitled Text"}},"alwaysDisplayComments":false,"backgroundOpacity":0,"willDoAnimation":false,"animationType":"glow","displayAsButton":false,"buttonSize":"big","goToSlideType":"specified","invisible":false,"solution":""},{"x":47.00255102040816,"y":43.95465994962216,"width":40,"height":40,"action":{"library":"H5P.CRAudio 1.4","params":{"fitToWrapper":true,"currIndex":1,"playerMode":"minimalistic","controls":true,"autoplay":true,"playAudio":"Play audio","pauseAudio":"Pause audio","contentName":"Audio","glowColor":"#ffd85a","timeStampForEachText":[{"text":" Sawubona! ","startDuration":"0.0000","endDuration":"1.5451","wordfile":[{"path":"audios\/wordfile-65bbd4494ed8e.mp3","mime":"audio\/mpeg","copyright":{"license":"U"}}]},{"text":" UBea ","startDuration":"1.5461","endDuration":"2.2635","wordfile":[{"path":"audios\/wordfile-65bbd45cc0a48.mp3","mime":"audio\/mpeg","copyright":{"license":"U"}}]},{"text":" ujabule ","startDuration":"2.2645","endDuration":"2.8236","wordfile":[{"path":"audios\/wordfile-65bbd4760b687.mp3","mime":"audio\/mpeg","copyright":{"license":"U"}}]},{"text":" kakhulu ","startDuration":"2.8246","endDuration":"3.4811","wordfile":[{"path":"audios\/wordfile-65bbd48e43253.mp3","mime":"audio\/mpeg","copyright":{"license":"U"}}]},{"text":" namuhla. ","startDuration":"3.4821","endDuration":"4.5163","wordfile":[{"path":"audios\/wordfile-65bbd49dd7cb3.mp3","mime":"audio\/mpeg","copyright":{"license":"U"}}]}],"files":[{"path":"audios\/files-65bbd43271a80.wav","mime":"audio\/x-wav","copyright":{"license":"U"}}]},"subContentId":"beceeabc-0a93-4f8f-bb2c-5cbc44220460","metadata":{"contentType":"Curious Reader Audio","license":"U","title":"Untitled Curious Reader Audio"}},"backgroundOpacity":0,"willDoAnimation":false,"animationType":"glow","displayAsButton":false,"buttonSize":"big","goToSlideType":"specified","invisible":false},{"x":35.714285714285715,"y":17.632241813602015,"width":20.025510204081634,"height":40.050377833753146,"action":{"library":"H5P.Image 1.1","params":{"contentName":"Image"},"subContentId":"71e7eba1-5695-4884-a9fa-a43d51f90477","metadata":{"contentType":"Image","license":"U","title":"Untitled Image"}},"backgroundOpacity":0,"willDoAnimation":true,"animationType":"glow","displayAsButton":false,"buttonSize":"big","goToSlideType":"specified","invisible":false,"id":"imgbeceeabc-0a93-4f8f-bb2c-5cbc44220460_1"}],"slideBackgroundSelector":{}},{"elements":[{"x":20.697167755991288,"y":2.1454967741935485,"width":66.66666666666667,"height":77.41935483870967,"action":{"library":"H5P.Image 1.1","params":{"contentName":"Image","file":{"path":"images\/file-65832a5032f10.jpg","mime":"image\/jpeg","copyright":{"license":"U"},"width":1000,"height":1000}},"subContentId":"ef974a78-3caf-4bda-babe-d81908694e6a","metadata":{"contentType":"Image","license":"U","title":"Untitled Image"}},"backgroundOpacity":0,"willDoAnimation":false,"animationType":"glow","displayAsButton":false,"buttonSize":"big","goToSlideType":"specified","invisible":false},{"x":10.204081632653061,"y":83.68614609571789,"width":80.35714285714286,"height":12.846347607052897,"action":{"library":"H5P.CRAdvancedText 1.1","params":{"text":"<p dir=\"ltr\" style=\"text-align: center;\"><span style=\"color:#ffffff;\"><span style=\"font-size:1.75em;\">Kumele kube khona isimangaliso esimlindile.<\/span><\/span><\/p>\n"},"subContentId":"a838d67e-2f60-44c5-8488-9a30a9b4ea75","metadata":{"contentType":"Text","license":"U","title":"Untitled Text"}},"alwaysDisplayComments":false,"backgroundOpacity":0,"willDoAnimation":false,"animationType":"glow","displayAsButton":false,"buttonSize":"big","goToSlideType":"specified","invisible":false,"solution":""},{"x":47.00255102040816,"y":43.95465994962216,"width":40,"height":40,"action":{"library":"H5P.CRAudio 1.4","params":{"fitToWrapper":true,"currIndex":2,"playerMode":"minimalistic","controls":true,"autoplay":true,"playAudio":"Play audio","pauseAudio":"Pause audio","contentName":"Audio","glowColor":"#ffd85a","timeStampForEachText":[{"text":" Kumele ","startDuration":"0.0000","endDuration":"0.8847","wordfile":[{"path":"audios\/wordfile-65bbd4f645bec.mp3","mime":"audio\/mpeg","copyright":{"license":"U"}}]},{"text":" kube ","startDuration":"0.8857","endDuration":"1.0857","wordfile":[{"path":"audios\/wordfile-65bbd507a234f.mp3","mime":"audio\/mpeg","copyright":{"license":"U"}}]},{"text":" khona ","startDuration":"1.0867","endDuration":"1.5081","wordfile":[{"path":"audios\/wordfile-65bbd51f7c923.mp3","mime":"audio\/mpeg","copyright":{"license":"U"}}]},{"text":" isimangaliso ","startDuration":"1.5091","endDuration":"2.3217","wordfile":[{"path":"audios\/wordfile-65bbd53548ca5.mp3","mime":"audio\/mpeg","copyright":{"license":"U"}}]},{"text":" esimlindile. ","startDuration":"2.3227","endDuration":"3.7891","wordfile":[{"path":"audios\/wordfile-65bbd54480f31.mp3","mime":"audio\/mpeg","copyright":{"license":"U"}}]}],"files":[{"path":"audios\/files-65bbd4bc4b05a.mp3","mime":"audio\/mpeg","copyright":{"license":"U"}}]},"subContentId":"45078cf9-921b-4cf1-bf81-8e7913c31a25","metadata":{"contentType":"Curious Reader Audio","license":"U","title":"Untitled Curious Reader Audio"}},"backgroundOpacity":0,"willDoAnimation":false,"animationType":"glow","displayAsButton":false,"buttonSize":"big","goToSlideType":"specified","invisible":false},{"x":28.061224489795915,"y":37.76372795969773,"width":23.852040816326532,"height":40.050377833753146,"action":{"library":"H5P.Image 1.1","params":{"contentName":"Image"},"subContentId":"a6d70a9a-7495-48bb-a51a-ed23637ba131","metadata":{"contentType":"Image","license":"U","title":"Untitled Image"}},"backgroundOpacity":0,"willDoAnimation":true,"animationType":"glow","displayAsButton":false,"buttonSize":"big","goToSlideType":"specified","invisible":false,"id":"img45078cf9-921b-4cf1-bf81-8e7913c31a25_4"}],"slideBackgroundSelector":{}},{"elements":[{"x":20.697167755991288,"y":4.29436559139785,"width":55.88235294117647,"height":68.81720430107526,"action":{"library":"H5P.Image 1.1","params":{"contentName":"Image","file":{"path":"images\/file-65832b0b0d2b0.jpg","mime":"image\/jpeg","copyright":{"license":"U"},"width":1000,"height":1000}},"subContentId":"da2b2019-fa80-40b3-8bd9-fe12b1f2ccee","metadata":{"contentType":"Image","license":"U","title":"Untitled Image"}},"backgroundOpacity":0,"willDoAnimation":false,"animationType":"glow","displayAsButton":false,"buttonSize":"big","goToSlideType":"specified","invisible":false},{"x":7.653061224489796,"y":79.50453400503777,"width":86.86224489795919,"height":13.853904282115868,"action":{"library":"H5P.CRAdvancedText 1.1","params":{"text":"<p dir=\"ltr\" style=\"text-align: center;\"><span style=\"color:#ffffff;\"><span style=\"font-size:2.25em;\">O! Akukho lutho? Baphi abantu?<\/span><\/span><\/p>\n"},"subContentId":"655073f1-de35-42df-94e4-f645122ac952","metadata":{"contentType":"Text","license":"U","title":"Untitled Text"}},"alwaysDisplayComments":false,"backgroundOpacity":0,"willDoAnimation":false,"animationType":"glow","displayAsButton":false,"buttonSize":"big","goToSlideType":"specified","invisible":false,"solution":""},{"x":47.00255102040816,"y":43.95465994962216,"width":40,"height":40,"action":{"library":"H5P.CRAudio 1.4","params":{"fitToWrapper":true,"currIndex":3,"playerMode":"minimalistic","controls":true,"autoplay":true,"playAudio":"Play audio","pauseAudio":"Pause audio","contentName":"Audio","glowColor":"#ffd85a","timeStampForEachText":[{"text":" O! ","startDuration":"0.0000","endDuration":"0.8524","wordfile":[{"path":"audios\/wordfile-65bbd5a64bcd6.mp3","mime":"audio\/mpeg","copyright":{"license":"U"}}]},{"text":" Akukho ","startDuration":"0.8534","endDuration":"1.4287","wordfile":[{"path":"audios\/wordfile-65bbd5c4c4696.mp3","mime":"audio\/mpeg","copyright":{"license":"U"}}]},{"text":" lutho? ","startDuration":"1.4297","endDuration":"2.0800","wordfile":[{"path":"audios\/wordfile-65bbd5df01421.mp3","mime":"audio\/mpeg","copyright":{"license":"U"}}]},{"text":" Baphi ","startDuration":"2.0810","endDuration":"2.9103","wordfile":[{"path":"audios\/wordfile-65bbd5f60c58e.mp3","mime":"audio\/mpeg","copyright":{"license":"U"}}]},{"text":" abantu? ","startDuration":"2.9113","endDuration":"3.8330","wordfile":[{"path":"audios\/wordfile-65bbd61c3f0f2.mp3","mime":"audio\/mpeg","copyright":{"license":"U"}}]}],"files":[{"path":"audios\/files-65bbd594283d1.wav","mime":"audio\/x-wav","copyright":{"license":"U"}}]},"subContentId":"a3f7f204-2f24-41a1-9d50-c5b2bdc4b5e6","metadata":{"contentType":"Curious Reader Audio","license":"U","title":"Untitled Curious Reader Audio"}},"backgroundOpacity":0,"willDoAnimation":false,"animationType":"glow","displayAsButton":false,"buttonSize":"big","goToSlideType":"specified","invisible":false}],"slideBackgroundSelector":{}},{"elements":[{"x":28.32244008714597,"y":2.150537634408602,"width":39.97821350762527,"height":68.81720430107526,"action":{"library":"H5P.Image 1.1","params":{"contentName":"Image","file":{"path":"images\/file-65832c012cdae.jpg","mime":"image\/jpeg","copyright":{"license":"U"},"width":1000,"height":1000}},"subContentId":"e2906a2a-6335-4319-9270-1a0d1fed6d24","metadata":{"contentType":"Image","license":"U","title":"Untitled Image"}},"backgroundOpacity":0,"willDoAnimation":false,"animationType":"glow","displayAsButton":false,"buttonSize":"big","goToSlideType":"specified","invisible":false},{"x":5.1020408163265305,"y":70.52896725440806,"width":89.28571428571429,"height":29.471032745591938,"action":{"library":"H5P.CRAdvancedText 1.1","params":{"text":"<p dir=\"ltr\" style=\"text-align: center;\"><span style=\"color:#ffffff;\"><span style=\"font-size:1.625em;\">&amp;ldquo;&nbsp;&nbsp;Mama, uyazi ukuthi namuhla kuyini?&nbsp;&nbsp;&amp;rdquo;&nbsp; kubuza uBea. &amp;ldquo; Namuhla usuku lokupheka,&nbsp;&amp;rdquo;&nbsp; kuphendula uMama. Awu ngeke! Umama ukhohliwe!<\/span><\/span><\/p>\n"},"subContentId":"0848ad97-7280-4f9a-acd7-cd9e37c0a9e2","metadata":{"contentType":"Text","license":"U","title":"Untitled Text"}},"alwaysDisplayComments":false,"backgroundOpacity":0,"willDoAnimation":false,"animationType":"glow","displayAsButton":false,"buttonSize":"big","goToSlideType":"specified","invisible":false,"solution":""},{"x":47.00255102040816,"y":43.95465994962216,"width":40,"height":40,"action":{"library":"H5P.CRAudio 1.4","params":{"fitToWrapper":true,"currIndex":4,"playerMode":"minimalistic","controls":true,"autoplay":true,"playAudio":"Play audio","pauseAudio":"Pause audio","contentName":"Audio","glowColor":"#ffd85a","timeStampForEachText":[{"text":" \u201c\u00a0\u00a0Mama, ","startDuration":"0.0000","endDuration":"1.1537","wordfile":[{"path":"audios\/wordfile-65bbd89caabe8.mp3","mime":"audio\/mpeg","copyright":{"license":"U"}}]},{"text":" uyazi ","startDuration":"1.1547","endDuration":"1.8045","wordfile":[{"path":"audios\/wordfile-65bbd8b1e05af.mp3","mime":"audio\/mpeg","copyright":{"license":"U"}}]},{"text":" ukuthi ","startDuration":"1.8055","endDuration":"2.1495","wordfile":[{"path":"audios\/wordfile-65bbd8d789df0.mp3","mime":"audio\/mpeg","copyright":{"license":"U"}}]},{"text":" namuhla ","startDuration":"2.1505","endDuration":"2.6384","wordfile":[{"path":"audios\/wordfile-65bbd8f98bc1b.mp3","mime":"audio\/mpeg","copyright":{"license":"U"}}]},{"text":" kuyini?\u00a0\u00a0\u201d\u00a0 ","startDuration":"2.6394","endDuration":"3.3432","wordfile":[{"path":"audios\/wordfile-65bbd90f7b187.mp3","mime":"audio\/mpeg","copyright":{"license":"U"}}]},{"text":" kubuza ","startDuration":"3.3442","endDuration":"3.9401","wordfile":[{"path":"audios\/wordfile-65bbd926c590c.mp3","mime":"audio\/mpeg","copyright":{"license":"U"}}]},{"text":" uBea. \u201c ","startDuration":"3.9411","endDuration":"4.6809","wordfile":[{"path":"audios\/wordfile-65bbd93f11559.mp3","mime":"audio\/mpeg","copyright":{"license":"U"}}]},{"text":" Namuhla ","startDuration":"4.6819","endDuration":"6.1775","wordfile":[{"path":"audios\/wordfile-65bbd959b2484.mp3","mime":"audio\/mpeg","copyright":{"license":"U"}}]},{"text":" usuku ","startDuration":"6.1785","endDuration":"6.6304","wordfile":[{"path":"audios\/wordfile-65bbd974a2832.mp3","mime":"audio\/mpeg","copyright":{"license":"U"}}]},{"text":" lokupheka,\u00a0\u201d\u00a0 ","startDuration":"6.6314","endDuration":"7.5512","wordfile":[{"path":"audios\/wordfile-65bbd98e227e1.mp3","mime":"audio\/mpeg","copyright":{"license":"U"}}]},{"text":" kuphendula ","startDuration":"7.5522","endDuration":"8.5079","wordfile":[{"path":"audios\/wordfile-65bbd9b173c89.mp3","mime":"audio\/mpeg","copyright":{"license":"U"}}]},{"text":" uMama. ","startDuration":"8.5089","endDuration":"9.4287","wordfile":[{"path":"audios\/wordfile-65bbd9cc3d8c1.mp3","mime":"audio\/mpeg","copyright":{"license":"U"}}]},{"text":" Awu ","startDuration":"9.4297","endDuration":"10.3135","wordfile":[{"path":"audios\/wordfile-65bbd9dc6f622.mp3","mime":"audio\/mpeg","copyright":{"license":"U"}}]},{"text":" ngeke! ","startDuration":"10.3145","endDuration":"11.3242","wordfile":[{"path":"audios\/wordfile-65bbd9f0738e4.mp3","mime":"audio\/mpeg","copyright":{"license":"U"}}]},{"text":" Umama ","startDuration":"11.3252","endDuration":"12.1190","wordfile":[{"path":"audios\/wordfile-65bbda015c8e9.mp3","mime":"audio\/mpeg","copyright":{"license":"U"}}]},{"text":" ukhohliwe! ","startDuration":"12.1200","endDuration":"13.3515","wordfile":[{"path":"audios\/wordfile-65bbda12589a3.mp3","mime":"audio\/mpeg","copyright":{"license":"U"}}]}],"files":[{"path":"audios\/files-65bbd84ab0cbc.wav","mime":"audio\/x-wav","copyright":{"license":"U"}}]},"subContentId":"89efb2ce-d437-401a-9ed5-1654978ab237","metadata":{"contentType":"Curious Reader Audio","license":"U","title":"Untitled Curious Reader Audio"}},"backgroundOpacity":0,"willDoAnimation":false,"animationType":"glow","displayAsButton":false,"buttonSize":"big","goToSlideType":"specified","invisible":false},{"x":34.43877551020408,"y":7.556675062972292,"width":21.301020408163264,"height":40.050377833753146,"action":{"library":"H5P.Image 1.1","params":{"contentName":"Image"},"subContentId":"4307debc-b0b7-4fb5-982c-f0def9c56b58","metadata":{"contentType":"Image","license":"U","title":"Untitled Image"}},"backgroundOpacity":0,"willDoAnimation":true,"animationType":"glow","displayAsButton":false,"buttonSize":"big","goToSlideType":"specified","invisible":false,"id":"img89efb2ce-d437-401a-9ed5-1654978ab237_0"},{"x":49.744897959183675,"y":20.139319899244335,"width":17.474489795918366,"height":40.050377833753146,"action":{"library":"H5P.Image 1.1","params":{"contentName":"Image"},"subContentId":"a0bd32f4-1935-41ef-b291-9d44737119cf","metadata":{"contentType":"Image","license":"U","title":"Untitled Image"}},"backgroundOpacity":0,"willDoAnimation":true,"animationType":"glow","displayAsButton":false,"buttonSize":"big","goToSlideType":"specified","invisible":false,"id":"img89efb2ce-d437-401a-9ed5-1654978ab237_6"},{"x":33.16326530612245,"y":37.78337531486146,"width":18.75,"height":22.166246851385388,"action":{"library":"H5P.Image 1.1","params":{"contentName":"Image"},"subContentId":"3ab8e41f-9e46-4fb4-8479-23be34a22786","metadata":{"contentType":"Image","license":"U","title":"Untitled Image"}},"backgroundOpacity":0,"willDoAnimation":true,"animationType":"glow","displayAsButton":false,"buttonSize":"big","goToSlideType":"specified","invisible":false,"id":"img89efb2ce-d437-401a-9ed5-1654978ab237_9"}],"slideBackgroundSelector":{}},{"elements":[{"x":28.06122448979592,"y":0,"width":39.97821350762527,"height":70.96774193548387,"action":{"library":"H5P.Image 1.1","params":{"contentName":"Image","file":{"path":"images\/file-65832d06b9d3c.jpg","mime":"image\/jpeg","copyright":{"license":"U"},"width":1000,"height":1000}},"subContentId":"4ef25262-cd77-44b7-9558-621a4320226f","metadata":{"contentType":"Image","license":"U","title":"Untitled Image"}},"backgroundOpacity":0,"willDoAnimation":false,"animationType":"glow","displayAsButton":false,"buttonSize":"big","goToSlideType":"specified","invisible":false},{"x":2.5510204081632653,"y":70.50931989924433,"width":94.38775510204081,"height":29.471032745591938,"action":{"library":"H5P.CRAdvancedText 1.1","params":{"text":"<p dir=\"ltr\" style=\"text-align: center;\"><span style=\"font-size:1.5em;\"><span style=\"color:#ffffff;\">&amp;ldquo;&nbsp;Dadewethu, uyazi ukuthi namuhla kuyini?&nbsp;&amp;rdquo; kubuza uBea.&nbsp; &amp;ldquo;&nbsp;Namuhla usuku lokudweba,&nbsp;&amp;rdquo; kusho udadewabo. UBea uyazibuza ukuthi kungani udadewabo engakhumbuli.<\/span><\/span><\/p>\n"},"subContentId":"b7357a53-2bb0-4394-930d-05dbc739e7b9","metadata":{"contentType":"Text","license":"U","title":"Untitled Text"}},"alwaysDisplayComments":false,"backgroundOpacity":0,"willDoAnimation":false,"animationType":"glow","displayAsButton":false,"buttonSize":"big","goToSlideType":"specified","invisible":false,"solution":""},{"x":47.00255102040816,"y":43.95465994962216,"width":40,"height":40,"action":{"library":"H5P.CRAudio 1.4","params":{"fitToWrapper":true,"currIndex":5,"playerMode":"minimalistic","controls":true,"autoplay":true,"playAudio":"Play audio","pauseAudio":"Pause audio","contentName":"Audio","glowColor":"#ffd85a","timeStampForEachText":[{"text":" \u201c\u00a0Dadewethu, ","startDuration":"0.0000","endDuration":"1.4144","wordfile":[{"path":"audios\/wordfile-65bbdbe60842e.mp3","mime":"audio\/mpeg","copyright":{"license":"U"}}]},{"text":" uyazi ","startDuration":"1.4154","endDuration":"1.9624","wordfile":[{"path":"audios\/wordfile-65bbdc0359e91.mp3","mime":"audio\/mpeg","copyright":{"license":"U"}}]},{"text":" ukuthi ","startDuration":"1.9634","endDuration":"2.2405","wordfile":[{"path":"audios\/wordfile-65bbdc481fcf1.mp3","mime":"audio\/mpeg","copyright":{"license":"U"}}]},{"text":" namuhla ","startDuration":"2.2415","endDuration":"2.6535","wordfile":[{"path":"audios\/wordfile-65bbdc5ba0a1f.mp3","mime":"audio\/mpeg","copyright":{"license":"U"}}]},{"text":" kuyini?\u00a0\u201d ","startDuration":"2.6545","endDuration":"3.4714","wordfile":[{"path":"audios\/wordfile-65bbdc757523c.mp3","mime":"audio\/mpeg","copyright":{"license":"U"}}]},{"text":" kubuza ","startDuration":"3.4724","endDuration":"4.1158","wordfile":[{"path":"audios\/wordfile-65bbdcb2489e4.mp3","mime":"audio\/mpeg","copyright":{"license":"U"}}]},{"text":" uBea.\u00a0 ","startDuration":"4.1168","endDuration":"5.1457","wordfile":[{"path":"audios\/wordfile-65bbdcc6aed48.mp3","mime":"audio\/mpeg","copyright":{"license":"U"}}]},{"text":" \u201c\u00a0Namuhla ","startDuration":"5.1467","endDuration":"6.0599","wordfile":[{"path":"audios\/wordfile-65bbdde4ebd87.mp3","mime":"audio\/mpeg","copyright":{"license":"U"}}]},{"text":" usuku ","startDuration":"6.0609","endDuration":"6.4729","wordfile":[{"path":"audios\/wordfile-65bbde158633b.mp3","mime":"audio\/mpeg","copyright":{"license":"U"}}]},{"text":" lokudweba,\u00a0\u201d ","startDuration":"6.4739","endDuration":"7.3486","wordfile":[{"path":"audios\/wordfile-65bbdf30a7f96.mp3","mime":"audio\/mpeg","copyright":{"license":"U"}}]},{"text":" kusho ","startDuration":"7.3496","endDuration":"8.1086","wordfile":[{"path":"audios\/wordfile-65bbdfc3c55a7.mp3","mime":"audio\/mpeg","copyright":{"license":"U"}}]},{"text":" udadewabo. ","startDuration":"8.1096","endDuration":"9.3120","wordfile":[{"path":"audios\/wordfile-65bbdff1d0e01.mp3","mime":"audio\/mpeg","copyright":{"license":"U"}}]},{"text":" UBea ","startDuration":"9.3130","endDuration":"10.3419","wordfile":[{"path":"audios\/wordfile-65bbe0121df62.mp3","mime":"audio\/mpeg","copyright":{"license":"U"}}]},{"text":" uyazibuza ","startDuration":"10.3429","endDuration":"11.0441","wordfile":[{"path":"audios\/wordfile-65bbe04179a4e.mp3","mime":"audio\/mpeg","copyright":{"license":"U"}}]},{"text":" ukuthi ","startDuration":"11.0451","endDuration":"11.7849","wordfile":[{"path":"audios\/wordfile-65bbe05d97f66.mp3","mime":"audio\/mpeg","copyright":{"license":"U"}}]},{"text":" kungani ","startDuration":"11.7859","endDuration":"12.4678","wordfile":[{"path":"audios\/wordfile-65bbe07c33f04.mp3","mime":"audio\/mpeg","copyright":{"license":"U"}}]},{"text":" udadewabo ","startDuration":"12.4688","endDuration":"12.9965","wordfile":[{"path":"audios\/wordfile-65bbe09c817a0.mp3","mime":"audio\/mpeg","copyright":{"license":"U"}}]},{"text":" engakhumbuli. ","startDuration":"12.9975","endDuration":"14.3035","wordfile":[{"path":"audios\/wordfile-65bbe0b68bf62.mp3","mime":"audio\/mpeg","copyright":{"license":"U"}}]}],"files":[{"path":"audios\/files-65bbdb9347ea0.wav","mime":"audio\/x-wav","copyright":{"license":"U"}}]},"subContentId":"3134483a-8503-4d54-8629-0ee61564bb6d","metadata":{"contentType":"Curious Reader Audio","license":"U","title":"Untitled Curious Reader Audio"}},"backgroundOpacity":0,"willDoAnimation":false,"animationType":"glow","displayAsButton":false,"buttonSize":"big","goToSlideType":"specified","invisible":false},{"x":28.061224489795915,"y":5.031889168765743,"width":18.75,"height":49.622166246851386,"action":{"library":"H5P.Image 1.1","params":{"contentName":"Image"},"subContentId":"7169a8a9-a6a7-42a9-b4c4-15715e69cf6d","metadata":{"contentType":"Image","license":"U","title":"Untitled Image"}},"backgroundOpacity":0,"willDoAnimation":true,"animationType":"glow","displayAsButton":false,"buttonSize":"big","goToSlideType":"specified","invisible":false,"id":"img3134483a-8503-4d54-8629-0ee61564bb6d_6"},{"x":45.91836734693878,"y":2.5129874055415615,"width":18.75,"height":59.697732997481104,"action":{"library":"H5P.Image 1.1","params":{"contentName":"Image"},"subContentId":"d20578f5-4735-42ba-9969-ef4a209cb28e","metadata":{"contentType":"Image","license":"U","title":"Untitled Image"}},"backgroundOpacity":0,"willDoAnimation":true,"animationType":"glow","displayAsButton":false,"buttonSize":"big","goToSlideType":"specified","invisible":false,"id":"img3134483a-8503-4d54-8629-0ee61564bb6d_0"},{"x":35.714285714285715,"y":37.7735516372796,"width":25.127551020408163,"height":32.241813602015114,"action":{"library":"H5P.Image 1.1","params":{"contentName":"Image"},"subContentId":"70dada78-c1a5-4385-b2ec-ea6152db82ed","metadata":{"contentType":"Image","license":"U","title":"Untitled Image"}},"backgroundOpacity":0,"willDoAnimation":true,"animationType":"glow","displayAsButton":false,"buttonSize":"big","goToSlideType":"specified","invisible":false,"id":"img3134483a-8503-4d54-8629-0ee61564bb6d_9"}],"slideBackgroundSelector":{}},{"elements":[{"x":28.322440087145967,"y":0,"width":39.97821350762527,"height":73.11827956989247,"action":{"library":"H5P.Image 1.1","params":{"contentName":"Image","file":{"path":"images\/file-65832daf4b9a6.jpg","mime":"image\/jpeg","copyright":{"license":"U"},"width":1000,"height":1000}},"subContentId":"77b53485-fb8f-4479-9b9b-07f9db40851e","metadata":{"contentType":"Image","license":"U","title":"Untitled Image"}},"backgroundOpacity":0,"willDoAnimation":false,"animationType":"glow","displayAsButton":false,"buttonSize":"big","goToSlideType":"specified","invisible":false},{"x":3.826530612244898,"y":75.48816120906801,"width":93.11224489795919,"height":24.43324937027708,"action":{"library":"H5P.CRAdvancedText 1.1","params":{"text":"<p dir=\"ltr\" style=\"text-align: center;\"><span style=\"color:#ffffff;\"><span style=\"font-size:1.625em;\">&amp;ldquo;&nbsp;Mfowethu omncane, yiluphi usuku namuhla?&nbsp;&amp;rdquo; kubuza uBea.&nbsp; &amp;ldquo;&nbsp;Ibhola! Ibhola!&nbsp; &amp;rdquo;&nbsp;&nbsp;kusho umfowabo.<\/span><\/span><\/p>\n"},"subContentId":"3f6ad871-cba9-4cde-98ab-07926142842c","metadata":{"contentType":"Text","license":"U","title":"Untitled Text"}},"alwaysDisplayComments":false,"backgroundOpacity":0,"willDoAnimation":false,"animationType":"glow","displayAsButton":false,"buttonSize":"big","goToSlideType":"specified","invisible":false,"solution":""},{"x":47.00255102040816,"y":43.95465994962216,"width":40,"height":40,"action":{"library":"H5P.CRAudio 1.4","params":{"fitToWrapper":true,"currIndex":6,"playerMode":"minimalistic","controls":true,"autoplay":true,"playAudio":"Play audio","pauseAudio":"Pause audio","contentName":"Audio","glowColor":"#ffd85a","timeStampForEachText":[{"text":" \u201c\u00a0Mfowethu ","startDuration":"0.0000","endDuration":"1.1981","wordfile":[{"path":"audios\/wordfile-65bbe18b2b780.mp3","mime":"audio\/mpeg","copyright":{"license":"U"}}]},{"text":" omncane, ","startDuration":"1.1991","endDuration":"1.9814","wordfile":[{"path":"audios\/wordfile-65bbe1a04c11f.mp3","mime":"audio\/mpeg","copyright":{"license":"U"}}]},{"text":" yiluphi ","startDuration":"1.9824","endDuration":"2.8478","wordfile":[{"path":"audios\/wordfile-65bbe1d81b0b8.mp3","mime":"audio\/mpeg","copyright":{"license":"U"}}]},{"text":" usuku ","startDuration":"2.8488","endDuration":"3.1874","wordfile":[{"path":"audios\/wordfile-65bbe1f070ef7.mp3","mime":"audio\/mpeg","copyright":{"license":"U"}}]},{"text":" namuhla?\u00a0\u201d ","startDuration":"3.1884","endDuration":"4.1093","wordfile":[{"path":"audios\/wordfile-65bbe20b62752.mp3","mime":"audio\/mpeg","copyright":{"license":"U"}}]},{"text":" kubuza ","startDuration":"4.1103","endDuration":"4.9757","wordfile":[{"path":"audios\/wordfile-65bbe22bbd335.mp3","mime":"audio\/mpeg","copyright":{"license":"U"}}]},{"text":" uBea.\u00a0 ","startDuration":"4.9767","endDuration":"5.6480","wordfile":[{"path":"audios\/wordfile-65bbe245d3db0.mp3","mime":"audio\/mpeg","copyright":{"license":"U"}}]},{"text":" \u201c\u00a0Ibhola! ","startDuration":"5.6490","endDuration":"7.0690","wordfile":[{"path":"audios\/wordfile-65bbe25e137a1.mp3","mime":"audio\/mpeg","copyright":{"license":"U"}}]},{"text":" Ibhola!\u00a0 ","startDuration":"7.0700","endDuration":"8.4900","wordfile":[{"path":"audios\/wordfile-65bbe272ec4d4.mp3","mime":"audio\/mpeg","copyright":{"license":"U"}}]},{"text":" \u201d\u00a0\u00a0kusho ","startDuration":"8.4910","endDuration":"9.2594","wordfile":[{"path":"audios\/wordfile-65bbe299824a4.mp3","mime":"audio\/mpeg","copyright":{"license":"U"}}]},{"text":" umfowabo. ","startDuration":"9.2604","endDuration":"10.2864","wordfile":[{"path":"audios\/wordfile-65bbe2b045abe.mp3","mime":"audio\/mpeg","copyright":{"license":"U"}}]}],"files":[{"path":"audios\/files-65bbe15669d16.wav","mime":"audio\/x-wav","copyright":{"license":"U"}}]},"subContentId":"276be5f3-6f73-4ed3-b433-4611a9931080","metadata":{"contentType":"Curious Reader Audio","license":"U","title":"Untitled Curious Reader Audio"}},"backgroundOpacity":0,"willDoAnimation":false,"animationType":"glow","displayAsButton":false,"buttonSize":"big","goToSlideType":"specified","invisible":false},{"x":29.97448979591837,"y":35.254659949622166,"width":14.923469387755102,"height":34.76070528967254,"action":{"library":"H5P.Image 1.1","params":{"contentName":"Image"},"subContentId":"eff92bad-1881-43a1-8c1b-7d108d79f2a8","metadata":{"contentType":"Image","license":"U","title":"Untitled Image"}},"backgroundOpacity":0,"willDoAnimation":true,"animationType":"glow","displayAsButton":false,"buttonSize":"big","goToSlideType":"specified","invisible":false,"id":"img276be5f3-6f73-4ed3-b433-4611a9931080_0"},{"x":29.97448979591837,"y":35.254659949622166,"width":14.923469387755102,"height":34.76070528967254,"action":{"library":"H5P.Image 1.1","params":{"contentName":"Image"},"subContentId":"3e106c4e-014c-497d-aaad-c983c00eb9d6","metadata":{"contentType":"Image","license":"U","title":"Untitled Image"}},"backgroundOpacity":0,"willDoAnimation":true,"animationType":"glow","displayAsButton":false,"buttonSize":"big","goToSlideType":"specified","invisible":false,"id":"img276be5f3-6f73-4ed3-b433-4611a9931080_1"},{"x":42.09183673469388,"y":7.546826196473551,"width":23.852040816326532,"height":64.73551637279597,"action":{"library":"H5P.Image 1.1","params":{"contentName":"Image"},"subContentId":"7c83ccc0-c275-41af-93ca-f0ccc437afc6","metadata":{"contentType":"Image","license":"U","title":"Untitled Image"}},"backgroundOpacity":0,"willDoAnimation":true,"animationType":"glow","displayAsButton":false,"buttonSize":"big","goToSlideType":"specified","invisible":false,"id":"img276be5f3-6f73-4ed3-b433-4611a9931080_6"},{"x":35.714285714285715,"y":47.83148614609571,"width":11.096938775510205,"height":22.41813602015113,"action":{"library":"H5P.Image 1.1","params":{"contentName":"Image"},"subContentId":"0688d21a-751a-44fc-b003-bf2effa733a7","metadata":{"contentType":"Image","license":"U","title":"Untitled Image"}},"backgroundOpacity":0,"willDoAnimation":true,"animationType":"glow","displayAsButton":false,"buttonSize":"big","goToSlideType":"specified","invisible":false,"id":"img276be5f3-6f73-4ed3-b433-4611a9931080_7"},{"x":36.98979591836735,"y":45.32821158690176,"width":10.459183673469388,"height":24.68513853904282,"action":{"library":"H5P.Image 1.1","params":{"contentName":"Image"},"subContentId":"25ac858e-fe8f-4e68-b080-11fe6b71b824","metadata":{"contentType":"Image","license":"U","title":"Untitled Image"}},"backgroundOpacity":0,"willDoAnimation":true,"animationType":"glow","displayAsButton":false,"buttonSize":"big","goToSlideType":"specified","invisible":false,"id":"img276be5f3-6f73-4ed3-b433-4611a9931080_8"}],"slideBackgroundSelector":{}},{"elements":[{"x":26.785714285714285,"y":0,"width":39.97821350762527,"height":68.81720430107526,"action":{"library":"H5P.Image 1.1","params":{"contentName":"Image","file":{"path":"images\/file-65832df23c7df.jpg","mime":"image\/jpeg","copyright":{"license":"U"},"width":1000,"height":1000}},"subContentId":"9efe1161-d9dc-4013-9534-4e97a7ed87a0","metadata":{"contentType":"Image","license":"U","title":"Untitled Image"}},"backgroundOpacity":0,"willDoAnimation":false,"animationType":"glow","displayAsButton":false,"buttonSize":"big","goToSlideType":"specified","invisible":false},{"x":17.429193899782135,"y":75.22516129032259,"width":62.091503267973856,"height":20.21505376344086,"action":{"library":"H5P.CRAdvancedText 1.1","params":{"text":"<p style=\"text-align: center;\"><span style=\"color:#ffffff;\"><span style=\"font-size:1.625em;\">Mhlawumbe abangane bakaBea bazokhumbula!<\/span><\/span><\/p>\n"},"subContentId":"55640de6-21a3-43aa-bbf7-06e03a641041","metadata":{"contentType":"Text","license":"U","title":"Untitled Text"}},"alwaysDisplayComments":false,"backgroundOpacity":0,"willDoAnimation":false,"animationType":"glow","displayAsButton":false,"buttonSize":"big","goToSlideType":"specified","invisible":false,"solution":""},{"x":47.00255102040816,"y":43.95465994962216,"width":40,"height":40,"action":{"library":"H5P.CRAudio 1.4","params":{"fitToWrapper":true,"currIndex":7,"playerMode":"minimalistic","controls":true,"autoplay":true,"playAudio":"Play audio","pauseAudio":"Pause audio","contentName":"Audio","glowColor":"#ffd85a","timeStampForEachText":[{"text":" Mhlawumbe ","startDuration":"0.0000","endDuration":"1.0938","wordfile":[{"path":"audios\/wordfile-65bbe3555e7ee.mp3","mime":"audio\/mpeg","copyright":{"license":"U"}}]},{"text":" abangane ","startDuration":"1.0948","endDuration":"1.6015","wordfile":[{"path":"audios\/wordfile-65bbe37a49ffb.mp3","mime":"audio\/mpeg","copyright":{"license":"U"}}]},{"text":" bakaBea ","startDuration":"1.6025","endDuration":"2.3578","wordfile":[{"path":"audios\/wordfile-65bbe39234041.mp3","mime":"audio\/mpeg","copyright":{"license":"U"}}]},{"text":" bazokhumbula! ","startDuration":"2.3588","endDuration":"3.6959","wordfile":[{"path":"audios\/wordfile-65bbe3cdb52de.mp3","mime":"audio\/mpeg","copyright":{"license":"U"}}]}],"files":[{"path":"audios\/files-65bbe2c7ab5c0.mp3","mime":"audio\/mpeg","copyright":{"license":"U"}}]},"subContentId":"814e63c9-1823-45eb-9ccc-4b301b5e0689","metadata":{"contentType":"Curious Reader Audio","license":"U","title":"Untitled Curious Reader Audio"}},"backgroundOpacity":0,"willDoAnimation":false,"animationType":"glow","displayAsButton":false,"buttonSize":"big","goToSlideType":"specified","invisible":false},{"x":34.43775510204082,"y":15.101536523929472,"width":21.301020408163264,"height":52.141057934508815,"action":{"library":"H5P.Image 1.1","params":{"contentName":"Image"},"subContentId":"bb206a43-8e41-4a9e-ac11-1afc5fcd185b","metadata":{"contentType":"Image","license":"U","title":"Untitled Image"}},"backgroundOpacity":0,"willDoAnimation":true,"animationType":"glow","displayAsButton":false,"buttonSize":"big","goToSlideType":"specified","invisible":false,"id":"img814e63c9-1823-45eb-9ccc-4b301b5e0689_2"},{"x":28.061224489795915,"y":10.071637279596978,"width":9.821428571428571,"height":16.876574307304786,"action":{"library":"H5P.Image 1.1","params":{"contentName":"Image"},"subContentId":"ca5470a6-0330-4674-88bb-aa75b8ff6f65","metadata":{"contentType":"Image","license":"U","title":"Untitled Image"}},"backgroundOpacity":0,"willDoAnimation":true,"animationType":"glow","displayAsButton":false,"buttonSize":"big","goToSlideType":"specified","invisible":false,"id":"img814e63c9-1823-45eb-9ccc-4b301b5e0689_1"},{"x":51.02040816326531,"y":10.071637279596978,"width":11.989795918367347,"height":19.395465994962215,"action":{"library":"H5P.Image 1.1","params":{"contentName":"Image"},"subContentId":"71d40264-e905-42bb-a1e3-7bcf1ee61705","metadata":{"contentType":"Image","license":"U","title":"Untitled Image"}},"backgroundOpacity":0,"willDoAnimation":true,"animationType":"glow","displayAsButton":false,"buttonSize":"big","goToSlideType":"specified","invisible":false,"id":"img814e63c9-1823-45eb-9ccc-4b301b5e0689_1"}],"slideBackgroundSelector":{}},{"elements":[{"x":27.233115468409586,"y":2.150537634408602,"width":39.97821350762527,"height":68.81720430107526,"action":{"library":"H5P.Image 1.1","params":{"contentName":"Image","file":{"path":"images\/file-65832e622eb7a.jpg","mime":"image\/jpeg","copyright":{"license":"U"},"width":1000,"height":1000}},"subContentId":"ec57b43b-aee5-45d7-beed-583e41fda5d6","metadata":{"contentType":"Image","license":"U","title":"Untitled Image"}},"backgroundOpacity":0,"willDoAnimation":false,"animationType":"glow","displayAsButton":false,"buttonSize":"big","goToSlideType":"specified","invisible":false},{"x":5.1020408163265305,"y":70.45037783375314,"width":89.28571428571429,"height":29.471032745591938,"action":{"library":"H5P.CRAdvancedText 1.1","params":{"text":"<p dir=\"ltr\" style=\"text-align: center;\"><span style=\"color:#ffffff;\"><span style=\"font-size:1.625em;\">&amp;ldquo;&nbsp;Unogwaja , yiluphi usuku namuhla?&nbsp;&nbsp;&amp;rdquo;&nbsp; kubuza uBea. &amp;ldquo; Namuhla usuku lokuthunga,&nbsp;&amp;rdquo;&nbsp; kusho unogwaja .<\/span><\/span><\/p>\n"},"subContentId":"d4851261-22f1-43e0-b1b9-2adb9168cc3b","metadata":{"contentType":"Text","license":"U","title":"Untitled Text"}},"alwaysDisplayComments":false,"backgroundOpacity":0,"willDoAnimation":false,"animationType":"glow","displayAsButton":false,"buttonSize":"big","goToSlideType":"specified","invisible":false,"solution":""},{"x":47.00255102040816,"y":43.95465994962216,"width":40,"height":40,"action":{"library":"H5P.CRAudio 1.4","params":{"fitToWrapper":true,"currIndex":8,"playerMode":"minimalistic","controls":true,"autoplay":true,"playAudio":"Play audio","pauseAudio":"Pause audio","contentName":"Audio","glowColor":"#ffd85a","timeStampForEachText":[{"text":" \u201c\u00a0Unogwaja , ","startDuration":"0.0000","endDuration":"1.4592","wordfile":[{"path":"audios\/wordfile-65bbe4e1696c9.mp3","mime":"audio\/mpeg","copyright":{"license":"U"}}]},{"text":" yiluphi ","startDuration":"1.4602","endDuration":"2.0923","wordfile":[{"path":"audios\/wordfile-65bbe4ff487d6.mp3","mime":"audio\/mpeg","copyright":{"license":"U"}}]},{"text":" usuku ","startDuration":"2.0933","endDuration":"2.5279","wordfile":[{"path":"audios\/wordfile-65bbe516e95fb.mp3","mime":"audio\/mpeg","copyright":{"license":"U"}}]},{"text":" namuhla?\u00a0\u00a0\u201d\u00a0 ","startDuration":"2.5289","endDuration":"3.4696","wordfile":[{"path":"audios\/wordfile-65bbe53003e60.mp3","mime":"audio\/mpeg","copyright":{"license":"U"}}]},{"text":" kubuza ","startDuration":"3.4706","endDuration":"4.2385","wordfile":[{"path":"audios\/wordfile-65bbe5485ccc6.mp3","mime":"audio\/mpeg","copyright":{"license":"U"}}]},{"text":" uBea. \u201c ","startDuration":"4.2395","endDuration":"5.2049","wordfile":[{"path":"audios\/wordfile-65bbe55a1d0fa.mp3","mime":"audio\/mpeg","copyright":{"license":"U"}}]},{"text":" Namuhla ","startDuration":"5.2059","endDuration":"5.9491","wordfile":[{"path":"audios\/wordfile-65bbe57ca0169.mp3","mime":"audio\/mpeg","copyright":{"license":"U"}}]},{"text":" usuku ","startDuration":"5.9501","endDuration":"6.3229","wordfile":[{"path":"audios\/wordfile-65bbe59f00e51.mp3","mime":"audio\/mpeg","copyright":{"license":"U"}}]},{"text":" lokuthunga,\u00a0\u201d\u00a0 ","startDuration":"6.3239","endDuration":"7.5733","wordfile":[{"path":"audios\/wordfile-65bbe5b5db420.mp3","mime":"audio\/mpeg","copyright":{"license":"U"}}]},{"text":" kusho ","startDuration":"7.5743","endDuration":"7.9965","wordfile":[{"path":"audios\/wordfile-65bbe5da8b6db.mp3","mime":"audio\/mpeg","copyright":{"license":"U"}}]},{"text":" unogwaja . ","startDuration":"7.9975","endDuration":"9.1358","wordfile":[{"path":"audios\/wordfile-65bbe5f212131.mp3","mime":"audio\/mpeg","copyright":{"license":"U"}}]}],"files":[{"path":"audios\/files-65bbe4bfea052.wav","mime":"audio\/x-wav","copyright":{"license":"U"}}]},"subContentId":"f35853cd-54fb-4b22-a303-ef35c8ebf4ee","metadata":{"contentType":"Curious Reader Audio","license":"U","title":"Untitled Curious Reader Audio"}},"backgroundOpacity":0,"willDoAnimation":false,"animationType":"glow","displayAsButton":false,"buttonSize":"big","goToSlideType":"specified","invisible":false},{"x":31.887755102040817,"y":17.614534005037783,"width":18.75,"height":47.10327455919395,"action":{"library":"H5P.Image 1.1","params":{"contentName":"Image"},"subContentId":"c495fdfe-296f-4e15-997a-7f2b54a5d10a","metadata":{"contentType":"Image","license":"U","title":"Untitled Image"}},"backgroundOpacity":0,"willDoAnimation":true,"animationType":"glow","displayAsButton":false,"buttonSize":"big","goToSlideType":"specified","invisible":false,"id":"imgf35853cd-54fb-4b22-a303-ef35c8ebf4ee_5"},{"x":49.744897959183675,"y":32.735768261964736,"width":14.923469387755102,"height":37.27959697732997,"action":{"library":"H5P.Image 1.1","params":{"contentName":"Image"},"subContentId":"08ed4b37-ca1e-409f-994a-ede9d4bccf90","metadata":{"contentType":"Image","license":"U","title":"Untitled Image"}},"backgroundOpacity":0,"willDoAnimation":true,"animationType":"glow","displayAsButton":false,"buttonSize":"big","goToSlideType":"specified","invisible":false,"id":"imgf35853cd-54fb-4b22-a303-ef35c8ebf4ee_0"},{"x":49.744897959183675,"y":29.95113350125945,"width":16.198979591836736,"height":40.050377833753146,"action":{"library":"H5P.Image 1.1","params":{"contentName":"Image"},"subContentId":"84f1fb9a-b3f9-4470-813f-d2a864eb3827","metadata":{"contentType":"Image","license":"U","title":"Untitled Image"}},"backgroundOpacity":0,"willDoAnimation":true,"animationType":"glow","displayAsButton":false,"buttonSize":"big","goToSlideType":"specified","invisible":false,"id":"imgf35853cd-54fb-4b22-a303-ef35c8ebf4ee_10"},{"x":44.642857142857146,"y":52.86926952141058,"width":12.372448979591837,"height":17.12846347607053,"action":{"library":"H5P.Image 1.1","params":{"contentName":"Image"},"subContentId":"53d5a1f9-17b0-4bc0-aa1d-678c43d0a7df","metadata":{"contentType":"Image","license":"U","title":"Untitled Image"}},"backgroundOpacity":0,"willDoAnimation":true,"animationType":"glow","displayAsButton":false,"buttonSize":"big","goToSlideType":"specified","invisible":false,"id":"imgf35853cd-54fb-4b22-a303-ef35c8ebf4ee_8"}],"slideBackgroundSelector":{}},{"elements":[{"x":27.233115468409586,"y":0,"width":39.97821350762527,"height":70.96774193548387,"action":{"library":"H5P.Image 1.1","params":{"contentName":"Image","file":{"path":"images\/file-65832ed786e36.jpg","mime":"image\/jpeg","copyright":{"license":"U"},"width":1000,"height":1000}},"subContentId":"476d4d2a-b6f0-42fb-bc07-70273973f3c7","metadata":{"contentType":"Image","license":"U","title":"Untitled Image"}},"backgroundOpacity":0,"willDoAnimation":false,"animationType":"glow","displayAsButton":false,"buttonSize":"big","goToSlideType":"specified","invisible":false},{"x":2.5510204081632653,"y":70.45037783375314,"width":94.38775510204081,"height":29.471032745591938,"action":{"library":"H5P.CRAdvancedText 1.1","params":{"text":"<p dir=\"ltr\" style=\"text-align: center;\"><span style=\"color:#ffffff;\"><span style=\"font-size:1.625em;\">&amp;ldquo;&nbsp;Xhama, yiluphi usuku namuhla?&nbsp;&amp;rdquo;&nbsp; kubuza uBea.&nbsp;&nbsp;&amp;ldquo;&nbsp; Namuhla usuku lokuvuna,&nbsp;&amp;rdquo;&nbsp; kuphendula inyamazane . UBea uqala ukuzizwa edabukile.<\/span><\/span><\/p>\n"},"subContentId":"b6b0b06c-2a51-4d11-9837-3ede0adbf565","metadata":{"contentType":"Text","license":"U","title":"Untitled Text"}},"alwaysDisplayComments":false,"backgroundOpacity":0,"willDoAnimation":false,"animationType":"glow","displayAsButton":false,"buttonSize":"big","goToSlideType":"specified","invisible":false,"solution":""},{"x":47.00255102040816,"y":43.95465994962216,"width":40,"height":40,"action":{"library":"H5P.CRAudio 1.4","params":{"fitToWrapper":true,"currIndex":9,"playerMode":"minimalistic","controls":true,"autoplay":true,"playAudio":"Play audio","pauseAudio":"Pause audio","contentName":"Audio","glowColor":"#ffd85a","timeStampForEachText":[{"text":" \u201c\u00a0Xhama, ","startDuration":"0.0000","endDuration":"1.3852","wordfile":[{"path":"audios\/wordfile-65bbe726f39a6.mp3","mime":"audio\/mpeg","copyright":{"license":"U"}}]},{"text":" yiluphi ","startDuration":"1.3862","endDuration":"2.0142","wordfile":[{"path":"audios\/wordfile-65bbe7436f81d.mp3","mime":"audio\/mpeg","copyright":{"license":"U"}}]},{"text":" usuku ","startDuration":"2.0152","endDuration":"2.4127","wordfile":[{"path":"audios\/wordfile-65bbe76f9ed73.mp3","mime":"audio\/mpeg","copyright":{"license":"U"}}]},{"text":" namuhla?\u00a0\u201d\u00a0 ","startDuration":"2.4137","endDuration":"3.2721","wordfile":[{"path":"audios\/wordfile-65bbe7854e6c4.mp3","mime":"audio\/mpeg","copyright":{"license":"U"}}]},{"text":" kubuza ","startDuration":"3.2731","endDuration":"3.9998","wordfile":[{"path":"audios\/wordfile-65bbe79a45818.mp3","mime":"audio\/mpeg","copyright":{"license":"U"}}]},{"text":" uBea.\u00a0\u00a0\u201c\u00a0 ","startDuration":"4.0008","endDuration":"4.9909","wordfile":[{"path":"audios\/wordfile-65bbe7d5419cd.mp3","mime":"audio\/mpeg","copyright":{"license":"U"}}]},{"text":" Namuhla ","startDuration":"4.9919","endDuration":"5.9162","wordfile":[{"path":"audios\/wordfile-65bbe7f43e9fe.mp3","mime":"audio\/mpeg","copyright":{"license":"U"}}]},{"text":" usuku ","startDuration":"5.9172","endDuration":"6.1501","wordfile":[{"path":"audios\/wordfile-65bbe8176c376.mp3","mime":"audio\/mpeg","copyright":{"license":"U"}}]},{"text":" lokuvuna,\u00a0\u201d\u00a0 ","startDuration":"6.1511","endDuration":"7.1577","wordfile":[{"path":"audios\/wordfile-65bbe84466523.mp3","mime":"audio\/mpeg","copyright":{"license":"U"}}]},{"text":" kuphendula ","startDuration":"7.1587","endDuration":"7.9348","wordfile":[{"path":"audios\/wordfile-65bbe85b1004f.mp3","mime":"audio\/mpeg","copyright":{"license":"U"}}]},{"text":" inyamazane . ","startDuration":"7.9358","endDuration":"9.1564","wordfile":[{"path":"audios\/wordfile-65bbe873cff78.mp3","mime":"audio\/mpeg","copyright":{"license":"U"}}]},{"text":" UBea ","startDuration":"9.1574","endDuration":"10.2463","wordfile":[{"path":"audios\/wordfile-65bbe88f791f7.mp3","mime":"audio\/mpeg","copyright":{"license":"U"}}]},{"text":" uqala ","startDuration":"10.2473","endDuration":"10.4473","wordfile":[{"path":"audios\/wordfile-65bbe8a06a52b.mp3","mime":"audio\/mpeg","copyright":{"license":"U"}}]},{"text":" ukuzizwa ","startDuration":"10.4483","endDuration":"10.9610","wordfile":[{"path":"audios\/wordfile-65bbe8b7cd629.mp3","mime":"audio\/mpeg","copyright":{"license":"U"}}]},{"text":" edabukile. ","startDuration":"10.9620","endDuration":"12.1826","wordfile":[{"path":"audios\/wordfile-65bbe8cc51711.mp3","mime":"audio\/mpeg","copyright":{"license":"U"}}]}],"files":[{"path":"audios\/files-65bbe6eee39a1.wav","mime":"audio\/x-wav","copyright":{"license":"U"}}]},"subContentId":"01eae394-0343-4380-a6fe-3a5a87ae5c59","metadata":{"contentType":"Curious Reader Audio","license":"U","title":"Untitled Curious Reader Audio"}},"backgroundOpacity":0,"willDoAnimation":false,"animationType":"glow","displayAsButton":false,"buttonSize":"big","goToSlideType":"specified","invisible":false},{"x":38.26428571428572,"y":10.059823677581864,"width":11.096938775510205,"height":26.952141057934508,"action":{"library":"H5P.Image 1.1","params":{"contentName":"Image"},"subContentId":"677787c6-0ac7-4aa1-aea9-78eaeb789565","metadata":{"contentType":"Image","license":"U","title":"Untitled Image"}},"backgroundOpacity":0,"willDoAnimation":true,"animationType":"glow","displayAsButton":false,"buttonSize":"big","goToSlideType":"specified","invisible":false,"id":"img01eae394-0343-4380-a6fe-3a5a87ae5c59_5"},{"x":38.26428571428572,"y":10.059823677581864,"width":12.372448979591837,"height":29.471032745591938,"action":{"library":"H5P.Image 1.1","params":{"contentName":"Image"},"subContentId":"797a179e-dfbc-4f7d-b872-df3cb53debdd","metadata":{"contentType":"Image","license":"U","title":"Untitled Image"}},"backgroundOpacity":0,"willDoAnimation":true,"animationType":"glow","displayAsButton":false,"buttonSize":"big","goToSlideType":"specified","invisible":false,"id":"img01eae394-0343-4380-a6fe-3a5a87ae5c59_11"},{"x":48.46938775510204,"y":10.059823677581864,"width":9.821428571428571,"height":29.471032745591938,"action":{"library":"H5P.Image 1.1","params":{"contentName":"Image"},"subContentId":"807711d1-cdcb-4eab-91e3-e30412204ff6","metadata":{"contentType":"Image","license":"U","title":"Untitled Image"}},"backgroundOpacity":0,"willDoAnimation":true,"animationType":"glow","displayAsButton":false,"buttonSize":"big","goToSlideType":"specified","invisible":false,"id":"img01eae394-0343-4380-a6fe-3a5a87ae5c59_10"},{"x":28.06122448979592,"y":32.7455919395466,"width":40,"height":40,"action":{"library":"H5P.Image 1.1","params":{"contentName":"Image"},"subContentId":"67380d0e-ff82-45bc-9ce0-0715dec94b9d","metadata":{"contentType":"Image","license":"U","title":"Untitled Image"}},"backgroundOpacity":0,"willDoAnimation":true,"animationType":"glow","displayAsButton":false,"buttonSize":"big","goToSlideType":"specified","invisible":false,"id":"img01eae394-0343-4380-a6fe-3a5a87ae5c59_8"}],"slideBackgroundSelector":{}},{"elements":[{"x":29.336734693877553,"y":2.5188916876574305,"width":39.97821350762527,"height":70.96774193548387,"action":{"library":"H5P.Image 1.1","params":{"contentName":"Image","file":{"path":"images\/file-65832f211fed6.jpg","mime":"image\/jpeg","copyright":{"license":"U"},"width":1000,"height":1000}},"subContentId":"3dd30407-e43b-4105-96b0-3f3a2936bb67","metadata":{"contentType":"Image","license":"U","title":"Untitled Image"}},"backgroundOpacity":0,"willDoAnimation":false,"animationType":"glow","displayAsButton":false,"buttonSize":"big","goToSlideType":"specified","invisible":false},{"x":0,"y":73.00856423173803,"width":98.08673469387756,"height":24.937027707808564,"action":{"library":"H5P.CRAdvancedText 1.1","params":{"text":"<p dir=\"ltr\" style=\"text-align: center;\"><span style=\"color:#ffffff;\"><span style=\"font-size:1.625em;\">Inkawu ithi usuku lokukha izithelo. Isixoxo sithi usuku lokucula. Indlovu ithi usuku lokufunda izincwadi.<\/span><\/span><\/p>\n"},"subContentId":"0491e5b8-cc18-4f77-8e2f-5c05fe3912fc","metadata":{"contentType":"Text","license":"U","title":"Untitled Text"}},"alwaysDisplayComments":false,"backgroundOpacity":0,"willDoAnimation":false,"animationType":"glow","displayAsButton":false,"buttonSize":"big","goToSlideType":"specified","invisible":false,"solution":""},{"x":47.00255102040816,"y":43.95465994962216,"width":40,"height":40,"action":{"library":"H5P.CRAudio 1.4","params":{"fitToWrapper":true,"currIndex":10,"playerMode":"minimalistic","controls":true,"autoplay":true,"playAudio":"Play audio","pauseAudio":"Pause audio","contentName":"Audio","glowColor":"#ffd85a","timeStampForEachText":[{"text":" Inkawu ","startDuration":"0.0000","endDuration":"0.8788","wordfile":[{"path":"audios\/wordfile-65bc093a5b7f3.mp3","mime":"audio\/mpeg","copyright":{"license":"U"}}]},{"text":" ithi ","startDuration":"0.8798","endDuration":"1.5272","wordfile":[{"path":"audios\/wordfile-65bc094d163ac.mp3","mime":"audio\/mpeg","copyright":{"license":"U"}}]},{"text":" usuku ","startDuration":"1.5272","endDuration":"2.1592","wordfile":[{"path":"audios\/wordfile-65bc097a60309.mp3","mime":"audio\/mpeg","copyright":{"license":"U"}}]},{"text":" lokukha ","startDuration":"2.1602","endDuration":"2.6842","wordfile":[{"path":"audios\/wordfile-65bc09963fdd9.mp3","mime":"audio\/mpeg","copyright":{"license":"U"}}]},{"text":" izithelo. ","startDuration":"2.6852","endDuration":"3.5640","wordfile":[{"path":"audios\/wordfile-65bc09ad05090.mp3","mime":"audio\/mpeg","copyright":{"license":"U"}}]},{"text":" Isixoxo ","startDuration":"3.5650","endDuration":"4.8295","wordfile":[{"path":"audios\/wordfile-65bc09d459057.mp3","mime":"audio\/mpeg","copyright":{"license":"U"}}]},{"text":" sithi ","startDuration":"4.8305","endDuration":"5.3853","wordfile":[{"path":"audios\/wordfile-65bc09f1b8f11.mp3","mime":"audio\/mpeg","copyright":{"license":"U"}}]},{"text":" usuku ","startDuration":"5.3863","endDuration":"6.1417","wordfile":[{"path":"audios\/wordfile-65bc0a3e2cc47.mp3","mime":"audio\/mpeg","copyright":{"license":"U"}}]},{"text":" lokucula. ","startDuration":"6.1427","endDuration":"7.3147","wordfile":[{"path":"audios\/wordfile-65bc0a55c11db.mp3","mime":"audio\/mpeg","copyright":{"license":"U"}}]},{"text":" Indlovu ","startDuration":"7.3157","endDuration":"8.2100","wordfile":[{"path":"audios\/wordfile-65bc0a6fc82b2.mp3","mime":"audio\/mpeg","copyright":{"license":"U"}}]},{"text":" ithi ","startDuration":"8.2110","endDuration":"8.8276","wordfile":[{"path":"audios\/wordfile-65bc0a8466533.mp3","mime":"audio\/mpeg","copyright":{"license":"U"}}]},{"text":" usuku ","startDuration":"8.8286","endDuration":"9.5686","wordfile":[{"path":"audios\/wordfile-65bc0aa7df7dc.mp3","mime":"audio\/mpeg","copyright":{"license":"U"}}]},{"text":" lokufunda ","startDuration":"9.5696","endDuration":"10.2941","wordfile":[{"path":"audios\/wordfile-65bc0abe63e45.mp3","mime":"audio\/mpeg","copyright":{"license":"U"}}]},{"text":" izincwadi. ","startDuration":"10.2951","endDuration":"11.3899","wordfile":[{"path":"audios\/wordfile-65bc0adbca446.mp3","mime":"audio\/mpeg","copyright":{"license":"U"}}]}],"files":[{"path":"audios\/files-65bc090c57335.wav","mime":"audio\/x-wav","copyright":{"license":"U"}}]},"subContentId":"198ad3b9-32ff-4eda-8a8e-c1dd0282f84c","metadata":{"contentType":"Curious Reader Audio","license":"U","title":"Untitled Curious Reader Audio"}},"backgroundOpacity":0,"willDoAnimation":false,"animationType":"glow","displayAsButton":false,"buttonSize":"big","goToSlideType":"specified","invisible":false},{"x":42.09183673469388,"y":12.57478589420655,"width":7.270408163265306,"height":19.395465994962215,"action":{"library":"H5P.Image 1.1","params":{"contentName":"Image"},"subContentId":"3926bbf6-a543-4f08-82fa-22919c53384b","metadata":{"contentType":"Image","license":"U","title":"Untitled Image"}},"backgroundOpacity":0,"willDoAnimation":true,"animationType":"glow","displayAsButton":false,"buttonSize":"big","goToSlideType":"specified","invisible":false,"id":"img198ad3b9-32ff-4eda-8a8e-c1dd0282f84c_0"},{"x":45.91836734693878,"y":15.105491183879094,"width":3.443877551020408,"height":6.801007556675063,"action":{"library":"H5P.Image 1.1","params":{"contentName":"Image"},"subContentId":"a3ba24f8-6a73-4265-af9c-85f4e857b50c","metadata":{"contentType":"Image","license":"U","title":"Untitled Image"}},"backgroundOpacity":0,"willDoAnimation":true,"animationType":"glow","displayAsButton":false,"buttonSize":"big","goToSlideType":"specified","invisible":false,"id":"img198ad3b9-32ff-4eda-8a8e-c1dd0282f84c_4"},{"x":40.816326530612244,"y":15.097607052896725,"width":4.719387755102041,"height":6.801007556675063,"action":{"library":"H5P.Image 1.1","params":{"contentName":"Image"},"subContentId":"679c1747-767e-4ad5-a7ad-5f6bdd9b8552","metadata":{"contentType":"Image","license":"U","title":"Untitled Image"}},"backgroundOpacity":0,"willDoAnimation":true,"animationType":"glow","displayAsButton":false,"buttonSize":"big","goToSlideType":"specified","invisible":false,"id":"img198ad3b9-32ff-4eda-8a8e-c1dd0282f84c_4"},{"x":26.785714285714285,"y":47.83148614609571,"width":12.372448979591837,"height":22.166246851385388,"action":{"library":"H5P.Image 1.1","params":{"contentName":"Image"},"subContentId":"eda403b7-0d0b-467c-b87c-4fa561f0e3eb","metadata":{"contentType":"Image","license":"U","title":"Untitled Image"}},"backgroundOpacity":0,"willDoAnimation":true,"animationType":"glow","displayAsButton":false,"buttonSize":"big","goToSlideType":"specified","invisible":false,"id":"img198ad3b9-32ff-4eda-8a8e-c1dd0282f84c_5"},{"x":33.16326530612245,"y":47.817632241813605,"width":7.270408163265306,"height":19.395465994962215,"action":{"library":"H5P.Image 1.1","params":{"contentName":"Image"},"subContentId":"db05d68f-1cec-45dc-a8ae-24a2ef3bc59c","metadata":{"contentType":"Image","license":"U","title":"Untitled Image"}},"backgroundOpacity":0,"willDoAnimation":true,"animationType":"glow","displayAsButton":false,"buttonSize":"big","goToSlideType":"specified","invisible":false,"id":"img198ad3b9-32ff-4eda-8a8e-c1dd0282f84c_8"},{"x":49.744897959183675,"y":17.632241813602015,"width":20.28061224489796,"height":40.050377833753146,"action":{"library":"H5P.Image 1.1","params":{"contentName":"Image"},"subContentId":"f7555e13-daac-4c1b-8319-2f4f0319eda9","metadata":{"contentType":"Image","license":"U","title":"Untitled Image"}},"backgroundOpacity":0,"willDoAnimation":true,"animationType":"glow","displayAsButton":false,"buttonSize":"big","goToSlideType":"specified","invisible":false,"id":"img198ad3b9-32ff-4eda-8a8e-c1dd0282f84c_9"},{"x":51.02040816326531,"y":32.72594458438287,"width":14.923469387755102,"height":24.181360201511335,"action":{"library":"H5P.Image 1.1","params":{"contentName":"Image"},"subContentId":"ee043894-2024-44d8-8021-6b14482f30b3","metadata":{"contentType":"Image","license":"U","title":"Untitled Image"}},"backgroundOpacity":0,"willDoAnimation":true,"animationType":"glow","displayAsButton":false,"buttonSize":"big","goToSlideType":"specified","invisible":false,"id":"img198ad3b9-32ff-4eda-8a8e-c1dd0282f84c_12"},{"x":49.744897959183675,"y":35.254659949622166,"width":20.28061224489796,"height":21.662468513853902,"action":{"library":"H5P.Image 1.1","params":{"contentName":"Image"},"subContentId":"094a9c1b-ee33-4f80-a409-78d056ff420d","metadata":{"contentType":"Image","license":"U","title":"Untitled Image"}},"backgroundOpacity":0,"willDoAnimation":true,"animationType":"glow","displayAsButton":false,"buttonSize":"big","goToSlideType":"specified","invisible":false,"id":"img198ad3b9-32ff-4eda-8a8e-c1dd0282f84c_13"}],"slideBackgroundSelector":{}},{"elements":[{"x":26.143790849673206,"y":0,"width":39.97821350762527,"height":73.11827956989247,"action":{"library":"H5P.Image 1.1","params":{"contentName":"Image","file":{"path":"images\/file-6583300a91ffe.jpg","mime":"image\/jpeg","copyright":{"license":"U"},"width":1000,"height":1000}},"subContentId":"402f0d7d-7590-41d1-9f11-b5e480e40cfa","metadata":{"contentType":"Image","license":"U","title":"Untitled Image"}},"backgroundOpacity":0,"willDoAnimation":false,"animationType":"glow","displayAsButton":false,"buttonSize":"big","goToSlideType":"specified","invisible":false},{"x":8.714323979591837,"y":77.21964735516373,"width":84.18367346938776,"height":20.151133501259444,"action":{"library":"H5P.CRAdvancedText 1.1","params":{"text":"<p dir=\"ltr\" style=\"text-align: center;\"><span style=\"color:#ffffff;\"><span style=\"font-size:1.75em;\">Akekho okhumbula ukuthi namuhla usuku olukhethekile lukaBea!&nbsp;<\/span><\/span><\/p>\n"},"subContentId":"1daaef58-6c10-40e2-956d-25b3ca5ea30c","metadata":{"contentType":"Text","license":"U","title":"Untitled Text"}},"alwaysDisplayComments":false,"backgroundOpacity":0,"willDoAnimation":false,"animationType":"glow","displayAsButton":false,"buttonSize":"big","goToSlideType":"specified","invisible":false,"solution":""},{"x":47.00255102040816,"y":43.95465994962216,"width":40,"height":40,"action":{"library":"H5P.CRAudio 1.4","params":{"fitToWrapper":true,"currIndex":11,"playerMode":"minimalistic","controls":true,"autoplay":true,"playAudio":"Play audio","pauseAudio":"Pause audio","contentName":"Audio","glowColor":"#ffd85a","timeStampForEachText":[{"text":" Akekho ","startDuration":"0.0000","endDuration":"1.1403","wordfile":[{"path":"audios\/wordfile-65bc0b297ce3d.mp3","mime":"audio\/mpeg","copyright":{"license":"U"}}]},{"text":" okhumbula ","startDuration":"1.1413","endDuration":"1.7917","wordfile":[{"path":"audios\/wordfile-65bc0b5a6cfff.mp3","mime":"audio\/mpeg","copyright":{"license":"U"}}]},{"text":" ukuthi ","startDuration":"1.7927","endDuration":"2.2772","wordfile":[{"path":"audios\/wordfile-65bc0b75e0795.mp3","mime":"audio\/mpeg","copyright":{"license":"U"}}]},{"text":" namuhla ","startDuration":"2.2782","endDuration":"3.3553","wordfile":[{"path":"audios\/wordfile-65bc0ba107945.mp3","mime":"audio\/mpeg","copyright":{"license":"U"}}]},{"text":" usuku ","startDuration":"3.3563","endDuration":"3.8092","wordfile":[{"path":"audios\/wordfile-65bc0bd295abe.mp3","mime":"audio\/mpeg","copyright":{"license":"U"}}]},{"text":" olukhethekile ","startDuration":"3.8102","endDuration":"4.6897","wordfile":[{"path":"audios\/wordfile-65bc0c03289a1.mp3","mime":"audio\/mpeg","copyright":{"license":"U"}}]},{"text":" lukaBea!\u00a0 ","startDuration":"4.6907","endDuration":"5.6572","wordfile":[{"path":"audios\/wordfile-65bc0c298c2df.mp3","mime":"audio\/mpeg","copyright":{"license":"U"}}]}],"files":[{"path":"audios\/files-65bc0afcb7b22.mp3","mime":"audio\/mpeg","copyright":{"license":"U"}}]},"subContentId":"8ae132fd-503d-44e4-a00c-4d5bb7747249","metadata":{"contentType":"Curious Reader Audio","license":"U","title":"Untitled Curious Reader Audio"}},"backgroundOpacity":0,"willDoAnimation":false,"animationType":"glow","displayAsButton":false,"buttonSize":"big","goToSlideType":"specified","invisible":false},{"x":29.336734693877553,"y":17.614534005037783,"width":34.05612244897959,"height":59.697732997481104,"action":{"library":"H5P.Image 1.1","params":{"contentName":"Image"},"subContentId":"95b308ef-7236-4589-a5ed-a6299454e888","metadata":{"contentType":"Image","license":"U","title":"Untitled Image"}},"backgroundOpacity":0,"willDoAnimation":true,"animationType":"glow","displayAsButton":false,"buttonSize":"big","goToSlideType":"specified","invisible":false,"id":"img8ae132fd-503d-44e4-a00c-4d5bb7747249_6"}],"slideBackgroundSelector":{}},{"elements":[{"x":25.05446623093682,"y":0,"width":39.97821350762527,"height":70.96774193548387,"action":{"library":"H5P.Image 1.1","params":{"contentName":"Image","file":{"path":"images\/file-6583305d21bdd.jpg","mime":"image\/jpeg","copyright":{"license":"U"},"width":1000,"height":1000}},"subContentId":"75f6b858-8602-4eb2-8f48-a855e97c3d47","metadata":{"contentType":"Image","license":"U","title":"Untitled Image"}},"backgroundOpacity":0,"willDoAnimation":false,"animationType":"glow","displayAsButton":false,"buttonSize":"big","goToSlideType":"specified","invisible":false},{"x":16.581632653061224,"y":80.53954659949622,"width":63.775510204081634,"height":12.090680100755668,"action":{"library":"H5P.CRAdvancedText 1.1","params":{"text":"<p style=\"text-align: center;\"><span style=\"font-size:1.75em;\"><span style=\"color:#ffffff;\">UBea udabukile futhi ukhathele.<\/span><\/span><\/p>\n"},"subContentId":"009d8876-0bb9-498d-b880-a9a47bcc3382","metadata":{"contentType":"Text","license":"U","title":"Untitled Text"}},"alwaysDisplayComments":false,"backgroundOpacity":0,"willDoAnimation":false,"animationType":"glow","displayAsButton":false,"buttonSize":"big","goToSlideType":"specified","invisible":false,"solution":""},{"x":47.00255102040816,"y":43.95465994962216,"width":40,"height":40,"action":{"library":"H5P.CRAudio 1.4","params":{"fitToWrapper":true,"currIndex":12,"playerMode":"minimalistic","controls":true,"autoplay":true,"playAudio":"Play audio","pauseAudio":"Pause audio","contentName":"Audio","glowColor":"#ffd85a","timeStampForEachText":[{"text":" UBea ","startDuration":"0.0000","endDuration":"1.0263","wordfile":[{"path":"audios\/wordfile-65bc0d2dcb19a.mp3","mime":"audio\/mpeg","copyright":{"license":"U"}}]},{"text":" udabukile ","startDuration":"1.0273","endDuration":"2.0792","wordfile":[{"path":"audios\/wordfile-65bc0d6936e15.mp3","mime":"audio\/mpeg","copyright":{"license":"U"}}]},{"text":" futhi ","startDuration":"2.0802","endDuration":"2.5779","wordfile":[{"path":"audios\/wordfile-65bc0e07bde1a.mp3","mime":"audio\/mpeg","copyright":{"license":"U"}}]},{"text":" ukhathele. ","startDuration":"2.5789","endDuration":"3.5385","wordfile":[{"path":"audios\/wordfile-65bc0e37ee8f0.mp3","mime":"audio\/mpeg","copyright":{"license":"U"}}]}],"files":[{"path":"audios\/files-65bc0c4c7a4a0.mp3","mime":"audio\/mpeg","copyright":{"license":"U"}}]},"subContentId":"573a506a-f62c-42c2-a206-b843b60f7940","metadata":{"contentType":"Curious Reader Audio","license":"U","title":"Untitled Curious Reader Audio"}},"backgroundOpacity":0,"willDoAnimation":false,"animationType":"glow","displayAsButton":false,"buttonSize":"big","goToSlideType":"specified","invisible":false},{"x":43.36734693877551,"y":27.676322418136017,"width":14.923469387755102,"height":26.952141057934508,"action":{"library":"H5P.Image 1.1","params":{"contentName":"Image"},"subContentId":"f6ee9762-3cd3-44fc-ad1f-412d3cd0b105","metadata":{"contentType":"Image","license":"U","title":"Untitled Image"}},"backgroundOpacity":0,"willDoAnimation":true,"animationType":"glow","displayAsButton":false,"buttonSize":"big","goToSlideType":"specified","invisible":false,"id":"img573a506a-f62c-42c2-a206-b843b60f7940_0"}],"slideBackgroundSelector":{}},{"elements":[{"x":27.233115468409586,"y":0,"width":39.97821350762527,"height":70.96774193548387,"action":{"library":"H5P.Image 1.1","params":{"contentName":"Image","file":{"path":"images\/file-658330d744eb4.jpg","mime":"image\/jpeg","copyright":{"license":"U"},"width":1000,"height":1000}},"subContentId":"3c371ee6-c944-46f8-9189-dfb336f4c770","metadata":{"contentType":"Image","license":"U","title":"Untitled Image"}},"backgroundOpacity":0,"willDoAnimation":false,"animationType":"glow","displayAsButton":false,"buttonSize":"big","goToSlideType":"specified","invisible":false},{"x":11.479591836734695,"y":79.43954659949623,"width":80.35714285714286,"height":20.151133501259444,"action":{"library":"H5P.CRAdvancedText 1.1","params":{"text":"<p dir=\"ltr\" style=\"text-align: center;\"><span style=\"color:#ffffff;\"><span style=\"font-size:1.75em;\">Umbukele inkosi yakho ngemini yokuzalwa, Bea!<\/span><\/span><\/p>\n"},"subContentId":"faba1022-658d-4c43-ab21-1f50b3edc6d0","metadata":{"contentType":"Text","license":"U","title":"Untitled Text"}},"alwaysDisplayComments":false,"backgroundOpacity":0,"willDoAnimation":false,"animationType":"glow","displayAsButton":false,"buttonSize":"big","goToSlideType":"specified","invisible":false,"solution":""},{"x":47.00255102040816,"y":43.95465994962216,"width":40,"height":40,"action":{"library":"H5P.CRAudio 1.4","params":{"fitToWrapper":true,"currIndex":13,"playerMode":"minimalistic","controls":true,"autoplay":true,"playAudio":"Play audio","pauseAudio":"Pause audio","contentName":"Audio","glowColor":"#ffd85a","timeStampForEachText":[{"text":" Umbukele ","startDuration":"0.0000","endDuration":"1.0577","wordfile":[{"path":"audios\/wordfile-65bc0f1be0b9c.mp3","mime":"audio\/mpeg","copyright":{"license":"U"}}]},{"text":" inkosi ","startDuration":"1.0587","endDuration":"1.4973","wordfile":[{"path":"audios\/wordfile-65bc0f6218afa.mp3","mime":"audio\/mpeg","copyright":{"license":"U"}}]},{"text":" yakho ","startDuration":"1.4983","endDuration":"1.8971","wordfile":[{"path":"audios\/wordfile-65bc106bf1e9c.mp3","mime":"audio\/mpeg","copyright":{"license":"U"}}]},{"text":" ngemini ","startDuration":"1.8981","endDuration":"2.2515","wordfile":[{"path":"audios\/wordfile-65bc111f3d622.mp3","mime":"audio\/mpeg","copyright":{"license":"U"}}]},{"text":" yokuzalwa, ","startDuration":"2.2525","endDuration":"3.1795","wordfile":[{"path":"audios\/wordfile-65bc119096b5e.mp3","mime":"audio\/mpeg","copyright":{"license":"U"}}]},{"text":" Bea! ","startDuration":"3.1805","endDuration":"4.0905","wordfile":[{"path":"audios\/wordfile-65bc12202a07b.mp3","mime":"audio\/mpeg","copyright":{"license":"U"}}]}],"files":[{"path":"audios\/files-65bc0e55d9c7f.mp3","mime":"audio\/mpeg","copyright":{"license":"U"}}]},"subContentId":"e42765f4-f191-4c50-a1b0-250877500c44","metadata":{"contentType":"Curious Reader Audio","license":"U","title":"Untitled Curious Reader Audio"}},"backgroundOpacity":0,"willDoAnimation":false,"animationType":"glow","displayAsButton":false,"buttonSize":"big","goToSlideType":"specified","invisible":false},{"x":26.785714285714285,"y":32.72594458438287,"width":20.025510204081634,"height":40.050377833753146,"action":{"library":"H5P.Image 1.1","params":{"contentName":"Image"},"subContentId":"88caa44e-64b4-428c-8bd2-3ac8939fcdd3","metadata":{"contentType":"Image","license":"U","title":"Untitled Image"}},"backgroundOpacity":0,"willDoAnimation":true,"animationType":"glow","displayAsButton":false,"buttonSize":"big","goToSlideType":"specified","invisible":false,"id":"imge42765f4-f191-4c50-a1b0-250877500c44_5"}],"slideBackgroundSelector":{}},{"elements":[{"x":28.322440087145967,"y":0,"width":39.97821350762527,"height":70.96774193548387,"action":{"library":"H5P.Image 1.1","params":{"contentName":"Image","file":{"path":"images\/file-6583312339a2f.jpg","mime":"image\/jpeg","copyright":{"license":"U"},"width":1000,"height":1000}},"subContentId":"e8213c20-8d86-44e0-9649-a9565c3a0a25","metadata":{"contentType":"Image","license":"U","title":"Untitled Image"}},"backgroundOpacity":0,"willDoAnimation":false,"animationType":"glow","displayAsButton":false,"buttonSize":"big","goToSlideType":"specified","invisible":false},{"x":1.2755102040816326,"y":75.5471032745592,"width":94.13265306122449,"height":24.43324937027708,"action":{"library":"H5P.CRAdvancedText 1.1","params":{"text":"<p dir=\"ltr\" style=\"text-align: center;\"><span style=\"font-size:1.75em;\"><span style=\"color:#ffffff;\">Eqinisweni, wonke umuntu wakhumbula! UBea ujabule kakhulu.<\/span><\/span><\/p>\n"},"subContentId":"214b0e73-9985-4b85-a216-562102b8c440","metadata":{"contentType":"Text","license":"U","title":"Untitled Text"}},"alwaysDisplayComments":false,"backgroundOpacity":0,"willDoAnimation":false,"animationType":"glow","displayAsButton":false,"buttonSize":"big","goToSlideType":"specified","invisible":false,"solution":""},{"x":47.00255102040816,"y":43.95465994962216,"width":40,"height":40,"action":{"library":"H5P.CRAudio 1.4","params":{"fitToWrapper":true,"currIndex":14,"playerMode":"minimalistic","controls":true,"autoplay":true,"playAudio":"Play audio","pauseAudio":"Pause audio","contentName":"Audio","glowColor":"#ffd85a","timeStampForEachText":[{"text":" Eqinisweni, ","startDuration":"0.0000","endDuration":"1.4030","wordfile":[{"path":"audios\/wordfile-65bc12d2a362d.mp3","mime":"audio\/mpeg","copyright":{"license":"U"}}]},{"text":" wonke ","startDuration":"1.4040","endDuration":"1.9592","wordfile":[{"path":"audios\/wordfile-65bc12f3508fe.mp3","mime":"audio\/mpeg","copyright":{"license":"U"}}]},{"text":" umuntu ","startDuration":"1.9602","endDuration":"2.2490","wordfile":[{"path":"audios\/wordfile-65bc16b1436e2.mp3","mime":"audio\/mpeg","copyright":{"license":"U"}}]},{"text":" wakhumbula! ","startDuration":"2.2500","endDuration":"3.2654","wordfile":[{"path":"audios\/wordfile-65bc16c948746.mp3","mime":"audio\/mpeg","copyright":{"license":"U"}}]},{"text":" UBea ","startDuration":"3.2664","endDuration":"4.2899","wordfile":[{"path":"audios\/wordfile-65bc16f283a28.mp3","mime":"audio\/mpeg","copyright":{"license":"U"}}]},{"text":" ujabule ","startDuration":"4.2909","endDuration":"4.7331","wordfile":[{"path":"audios\/wordfile-65bc170c9e38c.mp3","mime":"audio\/mpeg","copyright":{"license":"U"}}]},{"text":" kakhulu. ","startDuration":"4.7341","endDuration":"5.9352","wordfile":[{"path":"audios\/wordfile-65bc173c64f98.mp3","mime":"audio\/mpeg","copyright":{"license":"U"}}]}],"files":[{"path":"audios\/files-65bc128562882.wav","mime":"audio\/x-wav","copyright":{"license":"U"}}]},"subContentId":"254471ed-975c-459b-bf8a-3d14e295a80e","metadata":{"contentType":"Curious Reader Audio","license":"U","title":"Untitled Curious Reader Audio"}},"backgroundOpacity":0,"willDoAnimation":false,"animationType":"glow","displayAsButton":false,"buttonSize":"big","goToSlideType":"specified","invisible":false},{"x":36.98979591836735,"y":35.254659949622166,"width":12.372448979591837,"height":26.952141057934508,"action":{"library":"H5P.Image 1.1","params":{"contentName":"Image"},"subContentId":"2b3e5587-6ffa-428e-9b6c-7f4b1118661b","metadata":{"contentType":"Image","license":"U","title":"Untitled Image"}},"backgroundOpacity":0,"willDoAnimation":true,"animationType":"glow","displayAsButton":false,"buttonSize":"big","goToSlideType":"specified","invisible":false,"id":"img254471ed-975c-459b-bf8a-3d14e295a80e_4"}],"slideBackgroundSelector":{}},{"elements":[{"x":5.446623093681917,"y":6.4415268817204305,"width":20.697167755991288,"height":20.64516129032258,"action":{"library":"H5P.Image 1.1","params":{"contentName":"Image","file":{"path":"images\/file-658332336bb23.png","mime":"image\/png","copyright":{"license":"U"},"width":1350,"height":487}},"subContentId":"431141b1-db9b-49f9-a897-89d4b98a1071","metadata":{"contentType":"Image","license":"U","title":"Untitled Image"}},"backgroundOpacity":0,"willDoAnimation":false,"animationType":"glow","displayAsButton":false,"buttonSize":"big","goToSlideType":"specified","invisible":false},{"x":33.769063180827885,"y":6.451612903225806,"width":18.51851851851852,"height":18.494623655913976,"action":{"library":"H5P.Image 1.1","params":{"contentName":"Image","file":{"path":"images\/file-6583323f17c54.png","mime":"image\/png","copyright":{"license":"U"},"width":814,"height":202}},"subContentId":"a78035f2-2b12-4577-b16a-50dfa0fdcbc4","metadata":{"contentType":"Image","license":"U","title":"Untitled Image"}},"backgroundOpacity":0,"willDoAnimation":false,"animationType":"glow","displayAsButton":false,"buttonSize":"big","goToSlideType":"specified","invisible":false},{"x":56.64488017429194,"y":8.602150537634408,"width":39.97821350762527,"height":15.053763440860214,"action":{"library":"H5P.Image 1.1","params":{"contentName":"Image","file":{"path":"images\/file-6583324d18788.jpg","mime":"image\/jpeg","copyright":{"license":"U"},"width":1732,"height":354}},"subContentId":"6de1a2b7-3b69-4c65-961d-e116d7efa254","metadata":{"contentType":"Image","license":"U","title":"Untitled Image"}},"backgroundOpacity":0,"willDoAnimation":false,"animationType":"glow","displayAsButton":false,"buttonSize":"big","goToSlideType":"specified","invisible":false},{"x":5.446623093681917,"y":29.944516129032255,"width":92.15686274509804,"height":66.66666666666666,"action":{"library":"H5P.CRAdvancedText 1.1","params":{"text":"<h3 style=\"text-align: center;\"><span style=\"font-size:0.875em;\">\u201c<\/span>Yiluphi Usuku?<span style=\"font-size:0.875em;\">\u201d credits<\/span><\/h3>\n\n<h3 style=\"text-align: center;\"><span style=\"font-size:0.875em;\">This work, \u201c<\/span>Yiluphi Usuku?<span style=\"font-size:0.875em;\">\u201d&nbsp;is a derivative of Hari Apakah Ini? (What Day Is It?), Author: Vannia Rizky Santoso. Illustrator: Vannia Rizky Santoso. Published by The Asia Foundation - Let's <a href=\"http:\/\/www.letsreadasia.org\/\">Read, https:\/\/www.letsreadasia.org <\/a>\u00a9 The Asia Foundation - Let's Read. Released under CC BY-NC 4.0.<\/span><\/h3>\n\n<h3 style=\"text-align: center;\"><span style=\"font-size:0.875em;\">\u201c<\/span>Yiluphi Usuku?<span style=\"font-size:0.875em;\">\u201d is licensed under CC BY 4.0 by Curious Learning.<\/span><\/h3>\n\n<h3 style=\"text-align: center;\"><span style=\"font-size:0.875em;\">Book builder - Abraham Jerry Kakooza<\/span><\/h3>\n"},"subContentId":"d72bca25-ea0d-42cd-8a46-96fdd6d1d8bc","metadata":{"contentType":"Text","license":"U","title":"Untitled Text"}},"alwaysDisplayComments":false,"backgroundOpacity":0,"willDoAnimation":false,"animationType":"glow","displayAsButton":false,"buttonSize":"big","goToSlideType":"specified","invisible":false,"solution":""}],"slideBackgroundSelector":{}}],"keywordListEnabled":true,"globalBackgroundSelector":{},"keywordListAlwaysShow":false,"keywordListAutoHide":false,"keywordListOpacity":90},"override":{"activeSurface":false,"hideSummarySlide":false,"summarySlideSolutionButton":true,"summarySlideRetryButton":true,"enablePrintButton":false,"social":{"showFacebookShare":false,"facebookShare":{"url":"@currentpageurl","quote":"I scored @score out of @maxScore on a task at @currentpageurl."},"showTwitterShare":false,"twitterShare":{"statement":"I scored @score out of @maxScore on a task at @currentpageurl.","url":"@currentpageurl","hashtags":"h5p, course"},"showGoogleShare":false,"googleShareUrl":"@currentpageurl"}},"l10n":{"slide":"Slide","score":"Score","yourScore":"Your Score","maxScore":"Max Score","total":"Total","totalScore":"Total Score","showSolutions":"Show solutions","retry":"Retry","exportAnswers":"Export text","hideKeywords":"Hide sidebar navigation menu","showKeywords":"Show sidebar navigation menu","fullscreen":"Fullscreen","exitFullscreen":"Exit fullscreen","prevSlide":"Previous slide","nextSlide":"Next slide","currentSlide":"Current slide","lastSlide":"Last slide","solutionModeTitle":"Exit solution mode","solutionModeText":"Solution Mode","summaryMultipleTaskText":"Multiple tasks","scoreMessage":"You achieved:","shareFacebook":"Share on Facebook","shareTwitter":"Share on Twitter","shareGoogle":"Share on Google+","summary":"Summary","solutionsButtonTitle":"Show comments","printTitle":"Print","printIngress":"How would you like to print this presentation?","printAllSlides":"Print all slides","printCurrentSlide":"Print current slide","noTitle":"No title","accessibilitySlideNavigationExplanation":"Use left and right arrow to change slide in that direction whenever canvas is selected.","accessibilityCanvasLabel":"Presentation canvas. Use left and right arrow to move between slides.","containsNotCompleted":"@slideName contains not completed interaction","containsCompleted":"@slideName contains completed interaction","slideCount":"Slide @index of @total","containsOnlyCorrect":"@slideName only has correct answers","containsIncorrectAnswers":"@slideName has incorrect answers","shareResult":"Share Result","accessibilityTotalScore":"You got @score of @maxScore points in total","accessibilityEnteredFullscreen":"Entered fullscreen","accessibilityExitedFullscreen":"Exited fullscreen"}}