{"presentation":{"slides":[{"elements":[{"x":15.306122448979592,"y":83.1234256926952,"width":69.44444444444444,"height":15.068493150684931,"action":{"library":"H5P.CRAdvancedText 1.1","params":{"text":"<p dir=\"ltr\" style=\"text-align: center;\"><span style=\"font-size:2.25em;\">DOOMU FOOW\u00c9KAAY BU R\u00c9ER<\/span><\/p>\n"},"metadata":{"contentType":"Text","license":"U","title":"Untitled Text"},"subContentId":"44bfa072-0233-468e-a142-38443c25de7c"},"alwaysDisplayComments":false,"backgroundOpacity":0,"willDoAnimation":false,"animationType":"glow","displayAsButton":false,"buttonSize":"big","goToSlideType":"specified","invisible":false,"solution":""},{"x":24.305555555555554,"y":8.904109589041097,"width":50.925925925925924,"height":71.68949771689498,"action":{"library":"H5P.Image 1.1","params":{"contentName":"Image","file":{"path":"images\/file-61ef2b43e729d.jpeg","mime":"image\/jpeg","copyright":{"license":"U"},"width":1472,"height":1024}},"metadata":{"contentType":"Image","license":"U","title":"Untitled Image"},"subContentId":"078c6964-01f5-4f74-b0ae-a3b1dd1ac394"},"backgroundOpacity":0,"willDoAnimation":false,"animationType":"glow","displayAsButton":false,"buttonSize":"big","goToSlideType":"specified","invisible":false}],"slideBackgroundSelector":{}},{"elements":[{"x":1.2755102040816326,"y":82.1256926952141,"width":96.81122448979592,"height":15.869017632241812,"action":{"library":"H5P.CRAdvancedText 1.1","params":{"text":"<p style=\"text-align: center;\"><span style=\"color:#ffffff;\"><span style=\"font-size:2.25em;\">Ki moy Abi ak doomu foow\u00e9kaayam.<\/span><\/span><\/p>\n"},"metadata":{"contentType":"Text","license":"U","title":"Untitled Text"},"subContentId":"ad78231a-8d0f-4a3a-a5b8-0dd710c0ac4c"},"alwaysDisplayComments":false,"backgroundOpacity":0,"willDoAnimation":false,"animationType":"glow","displayAsButton":false,"buttonSize":"big","goToSlideType":"specified","invisible":false,"solution":""},{"x":25.462962962962962,"y":9.132420091324201,"width":48.263888888888886,"height":70.77625570776256,"action":{"library":"H5P.Image 1.1","params":{"contentName":"Image","file":{"path":"images\/file-61ef2d37250d0.jpeg","mime":"image\/jpeg","copyright":{"license":"U"},"width":1472,"height":1024}},"metadata":{"contentType":"Image","license":"U","title":"Untitled Image"},"subContentId":"ffe74eb3-7780-4eec-b92c-6a45d91e227f"},"backgroundOpacity":0,"willDoAnimation":false,"animationType":"glow","displayAsButton":false,"buttonSize":"big","goToSlideType":"specified","invisible":false},{"x":47.00255102040816,"y":43.95465994962216,"width":40,"height":40,"action":{"library":"H5P.CRAudio 1.4","params":{"fitToWrapper":true,"currIndex":1,"playerMode":"minimalistic","controls":true,"autoplay":true,"playAudio":"Play audio","pauseAudio":"Pause audio","contentName":"Audio","glowColor":"#ffd85a","timeStampForEachText":[{"text":" Ki ","startDuration":"0.5057","endDuration":"1.1090","wordfile":[{"path":"audios\/wordfile-653bf977e9e5b.mp3","mime":"audio\/mpeg","copyright":{"license":"U"}}]},{"text":" moy ","startDuration":"1.1100","endDuration":"1.4906","wordfile":[{"path":"audios\/wordfile-653bf98aa79eb.mp3","mime":"audio\/mpeg","copyright":{"license":"U"}}]},{"text":" Abi ","startDuration":"1.4916","endDuration":"2.0107","wordfile":[{"path":"audios\/wordfile-653bf9a97f79c.mp3","mime":"audio\/mpeg","copyright":{"license":"U"}}]},{"text":" ak ","startDuration":"2.2224","endDuration":"2.5669","wordfile":[{"path":"audios\/wordfile-653bf9be385b9.mp3","mime":"audio\/mpeg","copyright":{"license":"U"}}]},{"text":" doomu ","startDuration":"2.5679","endDuration":"3.0629","wordfile":[{"path":"audios\/wordfile-653bf9d03cf88.mp3","mime":"audio\/mpeg","copyright":{"license":"U"}}]},{"text":" foow\u00e9kaayam. ","startDuration":"3.0639","endDuration":"3.9984","wordfile":[{"path":"audios\/wordfile-653bf9e75a250.mp3","mime":"audio\/mpeg","copyright":{"license":"U"}}]}],"files":[{"path":"audios\/files-653bf95dce0ed.mp3","mime":"audio\/mpeg","copyright":{"license":"U"}}]},"subContentId":"b090a8bc-20a8-43f7-a38c-2acfc78690ee","metadata":{"contentType":"Curious Reader Audio","license":"U","title":"Untitled Curious Reader Audio"}},"backgroundOpacity":0,"willDoAnimation":false,"animationType":"glow","displayAsButton":false,"buttonSize":"big","goToSlideType":"specified","invisible":false},{"x":44.642857142857146,"y":35.26448362720403,"width":5.994897959183674,"height":19.395465994962215,"action":{"library":"H5P.Image 1.1","params":{"contentName":"Image"},"subContentId":"45806e91-df6e-4cd1-ba0f-40110acfe531","metadata":{"contentType":"Image","license":"U","title":"Untitled Image"}},"backgroundOpacity":0,"willDoAnimation":true,"animationType":"glow","displayAsButton":false,"buttonSize":"big","goToSlideType":"specified","invisible":false,"id":"imgb090a8bc-20a8-43f7-a38c-2acfc78690ee_4"},{"x":39.54081632653062,"y":25.15743073047859,"width":20.025510204081634,"height":49.622166246851386,"action":{"library":"H5P.Image 1.1","params":{"contentName":"Image"},"subContentId":"65f82411-4a68-4337-b54d-a2374c7febdb","metadata":{"contentType":"Image","license":"U","title":"Untitled Image"}},"backgroundOpacity":0,"willDoAnimation":true,"animationType":"glow","displayAsButton":false,"buttonSize":"big","goToSlideType":"specified","invisible":false,"id":"imgb090a8bc-20a8-43f7-a38c-2acfc78690ee_2"}],"slideBackgroundSelector":{}},{"elements":[{"x":19.675925925925924,"y":82.19178082191782,"width":61.34259259259259,"height":15.981735159817353,"action":{"library":"H5P.CRAdvancedText 1.1","params":{"text":"<p style=\"text-align: center;\"><span style=\"color:#ffffff;\"><span style=\"font-size:2.25em;\">Abi dafa b\u00ebgg doomam. <\/span><\/span><\/p>\n"},"metadata":{"contentType":"Text","license":"U","title":"Untitled Text"},"subContentId":"c394fb3e-dc2f-4ba6-ba4a-6ae36b52a4e8"},"alwaysDisplayComments":false,"backgroundOpacity":0,"willDoAnimation":false,"animationType":"glow","displayAsButton":false,"buttonSize":"big","goToSlideType":"specified","invisible":false,"solution":""},{"x":26.62037037037037,"y":11.415525114155251,"width":48.72685185185185,"height":70.77625570776256,"action":{"library":"H5P.Image 1.1","params":{"contentName":"Image","file":{"path":"images\/file-61ef2ec0dfac0.jpeg","mime":"image\/jpeg","copyright":{"license":"U"},"width":1472,"height":1024}},"metadata":{"contentType":"Image","license":"U","title":"Untitled Image"},"subContentId":"c53c077a-e9d1-4c15-b584-8b4debd998af"},"backgroundOpacity":0,"willDoAnimation":false,"animationType":"glow","displayAsButton":false,"buttonSize":"big","goToSlideType":"specified","invisible":false},{"x":47.00255102040816,"y":43.95465994962216,"width":40,"height":40,"action":{"library":"H5P.CRAudio 1.4","params":{"fitToWrapper":true,"currIndex":2,"playerMode":"minimalistic","controls":true,"autoplay":true,"playAudio":"Play audio","pauseAudio":"Pause audio","contentName":"Audio","glowColor":"#ffd85a","timeStampForEachText":[{"text":" Abi ","startDuration":"0.0000","endDuration":"0.6261","wordfile":[{"path":"audios\/wordfile-653bfa122c5bb.mp3","mime":"audio\/mpeg","copyright":{"license":"U"}}]},{"text":" dafa ","startDuration":"0.8866","endDuration":"1.3493","wordfile":[{"path":"audios\/wordfile-653bfa2891b82.mp3","mime":"audio\/mpeg","copyright":{"license":"U"}}]},{"text":" b\u00ebgg ","startDuration":"1.3503","endDuration":"1.7201","wordfile":[{"path":"audios\/wordfile-653bfa3c3614d.mp3","mime":"audio\/mpeg","copyright":{"license":"U"}}]},{"text":" doomam. ","startDuration":"1.7211","endDuration":"2.2415","wordfile":[{"path":"audios\/wordfile-653bfa55d9fc8.mp3","mime":"audio\/mpeg","copyright":{"license":"U"}}]}],"files":[{"path":"audios\/files-653bf9fe198be.mp3","mime":"audio\/mpeg","copyright":{"license":"U"}}]},"subContentId":"d52abf54-ee94-4735-bf86-4c0f6c4b7cb9","metadata":{"contentType":"Curious Reader Audio","license":"U","title":"Untitled Curious Reader Audio"}},"backgroundOpacity":0,"willDoAnimation":false,"animationType":"glow","displayAsButton":false,"buttonSize":"big","goToSlideType":"specified","invisible":false},{"x":45.91836734693878,"y":27.707808564231737,"width":8.418367346938776,"height":19.395465994962215,"action":{"library":"H5P.Image 1.1","params":{"contentName":"Image"},"subContentId":"20f08065-034a-4a4a-b18c-ba83e7b950d3","metadata":{"contentType":"Image","license":"U","title":"Untitled Image"}},"backgroundOpacity":0,"willDoAnimation":true,"animationType":"glow","displayAsButton":false,"buttonSize":"big","goToSlideType":"specified","invisible":false,"id":"imgd52abf54-ee94-4735-bf86-4c0f6c4b7cb9_0"},{"x":45.91836734693878,"y":40.25491183879094,"width":5.994897959183674,"height":24.43324937027708,"action":{"library":"H5P.Image 1.1","params":{"contentName":"Image"},"subContentId":"816e278f-0991-46bb-9857-aba2653bbdf7","metadata":{"contentType":"Image","license":"U","title":"Untitled Image"}},"backgroundOpacity":0,"willDoAnimation":true,"animationType":"glow","displayAsButton":false,"buttonSize":"big","goToSlideType":"specified","invisible":false,"id":"imgd52abf54-ee94-4735-bf86-4c0f6c4b7cb9_3"}],"slideBackgroundSelector":{}},{"elements":[{"x":3.472222222222222,"y":81.5068493150685,"width":89.58333333333333,"height":15.981735159817353,"action":{"library":"H5P.CRAdvancedText 1.1","params":{"text":"<p dir=\"ltr\" style=\"text-align: center;\"><span style=\"color:#ffffff;\"><span style=\"font-size:2.25em;\">Abi dafa b\u00ebgg foo ak doomam.&nbsp;<\/span><\/span><\/p>\n"},"metadata":{"contentType":"Text","license":"U","title":"Untitled Text"},"subContentId":"c126f8f7-5de8-4aee-97ab-b12b2503c310"},"alwaysDisplayComments":false,"backgroundOpacity":0,"willDoAnimation":false,"animationType":"glow","displayAsButton":false,"buttonSize":"big","goToSlideType":"specified","invisible":false,"solution":""},{"x":25.462962962962962,"y":11.415525114155251,"width":48.61111111111111,"height":68.94977168949772,"action":{"library":"H5P.Image 1.1","params":{"contentName":"Image","file":{"path":"images\/file-61ef31140c3a9.jpeg","mime":"image\/jpeg","copyright":{"license":"U"},"width":1472,"height":1024}},"metadata":{"contentType":"Image","license":"U","title":"Untitled Image"},"subContentId":"fc224ac3-de9a-4f94-abe8-45dbe766dd43"},"backgroundOpacity":0,"willDoAnimation":false,"animationType":"glow","displayAsButton":false,"buttonSize":"big","goToSlideType":"specified","invisible":false},{"x":47.00255102040816,"y":43.95465994962216,"width":40,"height":40,"action":{"library":"H5P.CRAudio 1.4","params":{"fitToWrapper":true,"currIndex":3,"playerMode":"minimalistic","controls":true,"autoplay":true,"playAudio":"Play audio","pauseAudio":"Pause audio","contentName":"Audio","glowColor":"#ffd85a","timeStampForEachText":[{"text":" Abi ","startDuration":"0.0000","endDuration":"0.7803","wordfile":[{"path":"audios\/wordfile-653bfa833b845.mp3","mime":"audio\/mpeg","copyright":{"license":"U"}}]},{"text":" dafa ","startDuration":"0.9606","endDuration":"1.4625","wordfile":[{"path":"audios\/wordfile-653bfa991f301.mp3","mime":"audio\/mpeg","copyright":{"license":"U"}}]},{"text":" b\u00ebgg ","startDuration":"1.4635","endDuration":"1.8333","wordfile":[{"path":"audios\/wordfile-653bfaaf1f77c.mp3","mime":"audio\/mpeg","copyright":{"license":"U"}}]},{"text":" foo ","startDuration":"1.8343","endDuration":"2.4211","wordfile":[{"path":"audios\/wordfile-653bfac84a3d3.mp3","mime":"audio\/mpeg","copyright":{"license":"U"}}]},{"text":" ak ","startDuration":"2.4221","endDuration":"2.8250","wordfile":[{"path":"audios\/wordfile-653bfadb842a4.mp3","mime":"audio\/mpeg","copyright":{"license":"U"}}]},{"text":" doomam.\u00a0 ","startDuration":"2.8260","endDuration":"3.4034","wordfile":[{"path":"audios\/wordfile-653bfaec3c295.mp3","mime":"audio\/mpeg","copyright":{"license":"U"}}]}],"files":[{"path":"audios\/files-653bfa73dfb36.mp3","mime":"audio\/mpeg","copyright":{"license":"U"}}]},"subContentId":"811c7ab4-24df-404f-8233-3d30e4f4d78b","metadata":{"contentType":"Curious Reader Audio","license":"U","title":"Untitled Curious Reader Audio"}},"backgroundOpacity":0,"willDoAnimation":false,"animationType":"glow","displayAsButton":false,"buttonSize":"big","goToSlideType":"specified","invisible":false},{"x":35.714285714285715,"y":50.336523929471035,"width":13.64795918367347,"height":22.41813602015113,"action":{"library":"H5P.Image 1.1","params":{"contentName":"Image"},"subContentId":"76c36ff8-8632-4084-a257-9825062b92cf","metadata":{"contentType":"Image","license":"U","title":"Untitled Image"}},"backgroundOpacity":0,"willDoAnimation":true,"animationType":"glow","displayAsButton":false,"buttonSize":"big","goToSlideType":"specified","invisible":false,"id":"img811c7ab4-24df-404f-8233-3d30e4f4d78b_5"},{"x":45.91836734693878,"y":22.646397984886647,"width":22.5765306122449,"height":49.622166246851386,"action":{"library":"H5P.Image 1.1","params":{"contentName":"Image"},"subContentId":"086bc164-60a8-4907-8851-f1a3b44871b2","metadata":{"contentType":"Image","license":"U","title":"Untitled Image"}},"backgroundOpacity":0,"willDoAnimation":true,"animationType":"glow","displayAsButton":false,"buttonSize":"big","goToSlideType":"specified","invisible":false,"id":"img811c7ab4-24df-404f-8233-3d30e4f4d78b_0"}],"slideBackgroundSelector":{}},{"elements":[{"x":17.857142857142858,"y":80.60453400503778,"width":64.81481481481481,"height":18.036529680365298,"action":{"library":"H5P.CRAdvancedText 1.1","params":{"text":"<p style=\"text-align: center;\"><span style=\"color:#ffffff;\"><span style=\"font-size:2.25em;\">Doomu Abi bi dafa r\u00e9er.<\/span><\/span><\/p>\n"},"metadata":{"contentType":"Text","license":"U","title":"Untitled Text"},"subContentId":"119d54b0-367b-4398-9c25-0be377ff03ee"},"alwaysDisplayComments":false,"backgroundOpacity":0,"willDoAnimation":false,"animationType":"glow","displayAsButton":false,"buttonSize":"big","goToSlideType":"specified","invisible":false,"solution":""},{"x":24.305555555555554,"y":9.132420091324201,"width":50.5787037037037,"height":69.63470319634703,"action":{"library":"H5P.Image 1.1","params":{"contentName":"Image","file":{"path":"images\/file-61ef32ab45f04.jpeg","mime":"image\/jpeg","copyright":{"license":"U"},"width":1472,"height":1024}},"metadata":{"contentType":"Image","license":"U","title":"Untitled Image"},"subContentId":"89af7174-47ce-4730-a8f4-1aef48446dd5"},"backgroundOpacity":0,"willDoAnimation":false,"animationType":"glow","displayAsButton":false,"buttonSize":"big","goToSlideType":"specified","invisible":false},{"x":47.00255102040816,"y":43.95465994962216,"width":40,"height":40,"action":{"library":"H5P.CRAudio 1.4","params":{"fitToWrapper":true,"currIndex":4,"playerMode":"minimalistic","controls":true,"autoplay":true,"playAudio":"Play audio","pauseAudio":"Pause audio","contentName":"Audio","glowColor":"#ffd85a","timeStampForEachText":[{"text":" Doomu ","startDuration":"0.4406","endDuration":"1.1337","wordfile":[{"path":"audios\/wordfile-653bfb24e6cbd.mp3","mime":"audio\/mpeg","copyright":{"license":"U"}}]},{"text":" Abi ","startDuration":"1.1347","endDuration":"1.7701","wordfile":[{"path":"audios\/wordfile-653bfb393a92b.mp3","mime":"audio\/mpeg","copyright":{"license":"U"}}]},{"text":" bi ","startDuration":"1.9442","endDuration":"2.5796","wordfile":[{"path":"audios\/wordfile-653bfb4abc906.mp3","mime":"audio\/mpeg","copyright":{"license":"U"}}]},{"text":" dafa ","startDuration":"2.5806","endDuration":"3.2527","wordfile":[{"path":"audios\/wordfile-653bfb68d4a8c.mp3","mime":"audio\/mpeg","copyright":{"license":"U"}}]},{"text":" r\u00e9er. ","startDuration":"3.2537","endDuration":"3.8261","wordfile":[{"path":"audios\/wordfile-653bfb7a1b379.mp3","mime":"audio\/mpeg","copyright":{"license":"U"}}]}],"files":[{"path":"audios\/files-653bfb016487d.mp3","mime":"audio\/mpeg","copyright":{"license":"U"}}]},"subContentId":"9a466ed2-2ba2-4b4e-bd3b-a1ec29311f64","metadata":{"contentType":"Curious Reader Audio","license":"U","title":"Untitled Curious Reader Audio"}},"backgroundOpacity":0,"willDoAnimation":false,"animationType":"glow","displayAsButton":false,"buttonSize":"big","goToSlideType":"specified","invisible":false},{"x":40.816326530612244,"y":29.935516372795966,"width":16.198979591836736,"height":44.58438287153652,"action":{"library":"H5P.Image 1.1","params":{"contentName":"Image"},"subContentId":"05c8a5d9-317f-412d-a955-a17b5abbdb3e","metadata":{"contentType":"Image","license":"U","title":"Untitled Image"}},"backgroundOpacity":0,"willDoAnimation":true,"animationType":"glow","displayAsButton":false,"buttonSize":"big","goToSlideType":"specified","invisible":false,"id":"img9a466ed2-2ba2-4b4e-bd3b-a1ec29311f64_1"}],"slideBackgroundSelector":{}},{"elements":[{"x":13.874421296296296,"y":81.9634703196347,"width":70.60185185185185,"height":17.808219178082194,"action":{"library":"H5P.CRAdvancedText 1.1","params":{"text":"<p style=\"text-align: center;\"><span style=\"color:#ffffff;\"><span style=\"font-size:2.25em;\">Abi dafay set doomam.<\/span><\/span><\/p>\n"},"metadata":{"contentType":"Text","license":"U","title":"Untitled Text"},"subContentId":"c0621062-3c31-47a4-8d80-0f9d7933f615"},"alwaysDisplayComments":false,"backgroundOpacity":0,"willDoAnimation":false,"animationType":"glow","displayAsButton":false,"buttonSize":"big","goToSlideType":"specified","invisible":false,"solution":""},{"x":24.305555555555554,"y":13.698630136986301,"width":50.925925925925924,"height":65.52511415525115,"action":{"library":"H5P.Image 1.1","params":{"contentName":"Image","file":{"path":"images\/file-61ef35cbdad1b.jpeg","mime":"image\/jpeg","copyright":{"license":"U"},"width":1472,"height":1024}},"metadata":{"contentType":"Image","license":"U","title":"Untitled Image"},"subContentId":"328c88bc-1048-46c1-b142-5ef6dd3d2042"},"backgroundOpacity":0,"willDoAnimation":false,"animationType":"glow","displayAsButton":false,"buttonSize":"big","goToSlideType":"specified","invisible":false},{"x":47.00255102040816,"y":43.95465994962216,"width":40,"height":40,"action":{"library":"H5P.CRAudio 1.4","params":{"fitToWrapper":true,"currIndex":5,"playerMode":"minimalistic","controls":true,"autoplay":true,"playAudio":"Play audio","pauseAudio":"Pause audio","contentName":"Audio","glowColor":"#ffd85a","timeStampForEachText":[{"text":" Abi ","startDuration":"0.1819","endDuration":"0.8712","wordfile":[{"path":"audios\/wordfile-653bfb974cb3c.mp3","mime":"audio\/mpeg","copyright":{"license":"U"}}]},{"text":" dafay ","startDuration":"1.0757","endDuration":"1.6784","wordfile":[{"path":"audios\/wordfile-653bfbb048df2.mp3","mime":"audio\/mpeg","copyright":{"license":"U"}}]},{"text":" set ","startDuration":"1.6794","endDuration":"2.2128","wordfile":[{"path":"audios\/wordfile-653bfbc61742f.mp3","mime":"audio\/mpeg","copyright":{"license":"U"}}]},{"text":" doomam. ","startDuration":"2.3394","endDuration":"3.1066","wordfile":[{"path":"audios\/wordfile-653bfbd75528c.mp3","mime":"audio\/mpeg","copyright":{"license":"U"}}]}],"files":[{"path":"audios\/files-653bfb87d7579.mp3","mime":"audio\/mpeg","copyright":{"license":"U"}}]},"subContentId":"d077a4db-7d41-44d1-9830-beb1897b6ca2","metadata":{"contentType":"Curious Reader Audio","license":"U","title":"Untitled Curious Reader Audio"}},"backgroundOpacity":0,"willDoAnimation":false,"animationType":"glow","displayAsButton":false,"buttonSize":"big","goToSlideType":"specified","invisible":false},{"x":29.336734693877553,"y":37.75390428211587,"width":17.474489795918366,"height":40.050377833753146,"action":{"library":"H5P.Image 1.1","params":{"contentName":"Image"},"subContentId":"1431075f-2ce4-4211-878e-11780a7d73ae","metadata":{"contentType":"Image","license":"U","title":"Untitled Image"}},"backgroundOpacity":0,"willDoAnimation":true,"animationType":"glow","displayAsButton":false,"buttonSize":"big","goToSlideType":"specified","invisible":false,"id":"imgd077a4db-7d41-44d1-9830-beb1897b6ca2_0"}],"slideBackgroundSelector":{}},{"elements":[{"x":4.628711734693877,"y":40.26675062972293,"width":42.09183673469388,"height":53.40050377833753,"action":{"library":"H5P.CRAdvancedText 1.1","params":{"text":"<p style=\"text-align: center;\"><span style=\"color:#ffffff;\"><span style=\"font-size:2.25em;\">Xol na ci suufu tabaal bi.<\/span><\/span><\/p>\n"},"metadata":{"contentType":"Text","license":"U","title":"Untitled Text"},"subContentId":"7ab1f46e-d823-4f5a-9e54-14bdd85d3f4b"},"alwaysDisplayComments":false,"backgroundOpacity":0,"willDoAnimation":false,"animationType":"glow","displayAsButton":false,"buttonSize":"big","goToSlideType":"specified","invisible":false,"solution":""},{"x":45.11712962962963,"y":18.213470319634705,"width":49.53703703703703,"height":67.12328767123287,"action":{"library":"H5P.Image 1.1","params":{"contentName":"Image","file":{"path":"images\/file-61ef37fb18d59.jpeg","mime":"image\/jpeg","copyright":{"license":"U"},"width":1472,"height":1024}},"metadata":{"contentType":"Image","license":"U","title":"Untitled Image"},"subContentId":"8908e142-4dce-448d-be32-a4b066194ca9"},"backgroundOpacity":0,"willDoAnimation":false,"animationType":"glow","displayAsButton":false,"buttonSize":"big","goToSlideType":"specified","invisible":false},{"x":47.00255102040816,"y":43.95465994962216,"width":40,"height":40,"action":{"library":"H5P.CRAudio 1.4","params":{"fitToWrapper":true,"currIndex":6,"playerMode":"minimalistic","controls":true,"autoplay":true,"playAudio":"Play audio","pauseAudio":"Pause audio","contentName":"Audio","glowColor":"#ffd85a","timeStampForEachText":[{"text":" Xol ","startDuration":"0.1262","endDuration":"0.6461","wordfile":[{"path":"audios\/wordfile-653bfc0213b87.mp3","mime":"audio\/mpeg","copyright":{"license":"U"}}]},{"text":" na ","startDuration":"0.6471","endDuration":"1.0769","wordfile":[{"path":"audios\/wordfile-653bfc150d188.mp3","mime":"audio\/mpeg","copyright":{"license":"U"}}]},{"text":" ci ","startDuration":"1.5556","endDuration":"1.7556","wordfile":[{"path":"audios\/wordfile-653bfc284977d.mp3","mime":"audio\/mpeg","copyright":{"license":"U"}}]},{"text":" suufu ","startDuration":"1.7566","endDuration":"2.4253","wordfile":[{"path":"audios\/wordfile-653bfc3ed49fd.mp3","mime":"audio\/mpeg","copyright":{"license":"U"}}]},{"text":" tabaal ","startDuration":"2.4263","endDuration":"2.9282","wordfile":[{"path":"audios\/wordfile-653bfc5890037.mp3","mime":"audio\/mpeg","copyright":{"license":"U"}}]},{"text":" bi. ","startDuration":"2.9292","endDuration":"3.2599","wordfile":[{"path":"audios\/wordfile-653bfc6c9caf4.mp3","mime":"audio\/mpeg","copyright":{"license":"U"}}]}],"files":[{"path":"audios\/files-653bfbec8db36.mp3","mime":"audio\/mpeg","copyright":{"license":"U"}}]},"subContentId":"6849613a-9ad2-42b1-8f9e-4ff602ebc162","metadata":{"contentType":"Curious Reader Audio","license":"U","title":"Untitled Curious Reader Audio"}},"backgroundOpacity":0,"willDoAnimation":false,"animationType":"glow","displayAsButton":false,"buttonSize":"big","goToSlideType":"specified","invisible":false},{"x":63.775510204081634,"y":30.226700251889167,"width":32.39795918367347,"height":40.050377833753146,"action":{"library":"H5P.Image 1.1","params":{"contentName":"Image"},"subContentId":"d8fa3fcf-8dea-40ea-9c38-6fb52f5c636d","metadata":{"contentType":"Image","license":"U","title":"Untitled Image"}},"backgroundOpacity":0,"willDoAnimation":true,"animationType":"glow","displayAsButton":false,"buttonSize":"big","goToSlideType":"specified","invisible":false,"id":"img6849613a-9ad2-42b1-8f9e-4ff602ebc162_4"}],"slideBackgroundSelector":{}},{"elements":[{"x":3.4717857142857147,"y":37.7735516372796,"width":39.41326530612245,"height":58.186397984886646,"action":{"library":"H5P.CRAdvancedText 1.1","params":{"text":"<p style=\"text-align: center;\"><span style=\"color:#ffffff;\"><span style=\"font-size:2.25em;\">Xol na ci suufu sees bi. <\/span><\/span><\/p>\n"},"metadata":{"contentType":"Text","license":"U","title":"Untitled Text"},"subContentId":"4551d1b8-971a-4066-8625-23b7ce65886b"},"alwaysDisplayComments":false,"backgroundOpacity":0,"willDoAnimation":false,"animationType":"glow","displayAsButton":false,"buttonSize":"big","goToSlideType":"specified","invisible":false,"solution":""},{"x":45.138888888888886,"y":18.264840182648403,"width":48.84259259259259,"height":68.4931506849315,"action":{"library":"H5P.Image 1.1","params":{"contentName":"Image","file":{"path":"images\/file-61ef3e474be2b.jpeg","mime":"image\/jpeg","copyright":{"license":"U"},"width":1472,"height":1024}},"metadata":{"contentType":"Image","license":"U","title":"Untitled Image"},"subContentId":"d9e8349c-052c-4124-8dc8-4c76a25024ac"},"backgroundOpacity":0,"willDoAnimation":false,"animationType":"glow","displayAsButton":false,"buttonSize":"big","goToSlideType":"specified","invisible":false},{"x":47.00255102040816,"y":43.95465994962216,"width":40,"height":40,"action":{"library":"H5P.CRAudio 1.4","params":{"fitToWrapper":true,"currIndex":7,"playerMode":"minimalistic","controls":true,"autoplay":true,"playAudio":"Play audio","pauseAudio":"Pause audio","contentName":"Audio","glowColor":"#ffd85a","timeStampForEachText":[{"text":" Xol ","startDuration":"0.2662","endDuration":"0.6267","wordfile":[{"path":"audios\/wordfile-653bfc97572ea.mp3","mime":"audio\/mpeg","copyright":{"license":"U"}}]},{"text":" na ","startDuration":"0.6277","endDuration":"1.1952","wordfile":[{"path":"audios\/wordfile-653bfcad0cd61.mp3","mime":"audio\/mpeg","copyright":{"license":"U"}}]},{"text":" ci ","startDuration":"1.4202","endDuration":"1.6202","wordfile":[{"path":"audios\/wordfile-653bfccc96ac6.mp3","mime":"audio\/mpeg","copyright":{"license":"U"}}]},{"text":" suufu ","startDuration":"1.6212","endDuration":"2.3113","wordfile":[{"path":"audios\/wordfile-653bfceb08272.mp3","mime":"audio\/mpeg","copyright":{"license":"U"}}]},{"text":" sees ","startDuration":"2.3123","endDuration":"2.6559","wordfile":[{"path":"audios\/wordfile-653bfcff8f529.mp3","mime":"audio\/mpeg","copyright":{"license":"U"}}]},{"text":" bi. ","startDuration":"2.6569","endDuration":"2.9752","wordfile":[{"path":"audios\/wordfile-653bfd12e0dfb.mp3","mime":"audio\/mpeg","copyright":{"license":"U"}}]}],"files":[{"path":"audios\/files-653bfc8490d97.mp3","mime":"audio\/mpeg","copyright":{"license":"U"}}]},"subContentId":"8683c6e2-88ea-4700-8b88-1a2816d71dc2","metadata":{"contentType":"Curious Reader Audio","license":"U","title":"Untitled Curious Reader Audio"}},"backgroundOpacity":0,"willDoAnimation":false,"animationType":"glow","displayAsButton":false,"buttonSize":"big","goToSlideType":"specified","invisible":false},{"x":65.05000000000001,"y":35.22518891687657,"width":20.025510204081634,"height":49.622166246851386,"action":{"library":"H5P.Image 1.1","params":{"contentName":"Image"},"subContentId":"04c7d477-0672-4f17-b0a1-ea26cdebc257","metadata":{"contentType":"Image","license":"U","title":"Untitled Image"}},"backgroundOpacity":0,"willDoAnimation":true,"animationType":"glow","displayAsButton":false,"buttonSize":"big","goToSlideType":"specified","invisible":false,"id":"img8683c6e2-88ea-4700-8b88-1a2816d71dc2_4"}],"slideBackgroundSelector":{}},{"elements":[{"x":3.4658035714285718,"y":37.75390428211587,"width":39.54081632653061,"height":57.9345088161209,"action":{"library":"H5P.CRAdvancedText 1.1","params":{"text":"<p style=\"text-align: center;\"><span style=\"color:#ffffff;\"><span style=\"font-size:2.25em;\">Xol na ci suufu ci n\u00e9gg bi. <\/span><\/span><\/p>\n"},"metadata":{"contentType":"Text","license":"U","title":"Untitled Text"},"subContentId":"762a4d35-8b2c-4d44-8c90-1da59aba9cf4"},"alwaysDisplayComments":false,"backgroundOpacity":0,"willDoAnimation":false,"animationType":"glow","displayAsButton":false,"buttonSize":"big","goToSlideType":"specified","invisible":false,"solution":""},{"x":42.82407407407407,"y":15.981735159817353,"width":50.11574074074074,"height":68.4931506849315,"action":{"library":"H5P.Image 1.1","params":{"contentName":"Image","file":{"path":"images\/file-61ef404802c5b.jpeg","mime":"image\/jpeg","copyright":{"license":"U"},"width":1472,"height":1024}},"metadata":{"contentType":"Image","license":"U","title":"Untitled Image"},"subContentId":"49232e51-b2af-4fb8-9d08-40d9377a0788"},"backgroundOpacity":0,"willDoAnimation":false,"animationType":"glow","displayAsButton":false,"buttonSize":"big","goToSlideType":"specified","invisible":false},{"x":47.00255102040816,"y":43.95465994962216,"width":40,"height":40,"action":{"library":"H5P.CRAudio 1.4","params":{"fitToWrapper":true,"currIndex":8,"playerMode":"minimalistic","controls":true,"autoplay":true,"playAudio":"Play audio","pauseAudio":"Pause audio","contentName":"Audio","glowColor":"#ffd85a","timeStampForEachText":[{"text":" Xol ","startDuration":"0.0721","endDuration":"0.5109","wordfile":[{"path":"audios\/wordfile-653bfd350b095.mp3","mime":"audio\/mpeg","copyright":{"license":"U"}}]},{"text":" na ","startDuration":"0.5119","endDuration":"0.9643","wordfile":[{"path":"audios\/wordfile-653bfd4c8b7d9.mp3","mime":"audio\/mpeg","copyright":{"license":"U"}}]},{"text":" ci ","startDuration":"1.0644","endDuration":"1.2644","wordfile":[{"path":"audios\/wordfile-653bfd5cc3dcc.mp3","mime":"audio\/mpeg","copyright":{"license":"U"}}]},{"text":" suufu ","startDuration":"1.2654","endDuration":"2.0557","wordfile":[{"path":"audios\/wordfile-653bfd76d07d6.mp3","mime":"audio\/mpeg","copyright":{"license":"U"}}]},{"text":" ci ","startDuration":"2.3406","endDuration":"2.5406","wordfile":[{"path":"audios\/wordfile-653bfd88b4067.mp3","mime":"audio\/mpeg","copyright":{"license":"U"}}]},{"text":" n\u00e9gg ","startDuration":"2.5416","endDuration":"2.9038","wordfile":[{"path":"audios\/wordfile-653bfd9a2e1c2.mp3","mime":"audio\/mpeg","copyright":{"license":"U"}}]},{"text":" bi. ","startDuration":"2.9048","endDuration":"3.2130","wordfile":[{"path":"audios\/wordfile-653bfda945f3d.mp3","mime":"audio\/mpeg","copyright":{"license":"U"}}]}],"files":[{"path":"audios\/files-653bfd223ac6c.mp3","mime":"audio\/mpeg","copyright":{"license":"U"}}]},"subContentId":"92e32a1a-994f-4656-83c8-dceb5b63c6a1","metadata":{"contentType":"Curious Reader Audio","license":"U","title":"Untitled Curious Reader Audio"}},"backgroundOpacity":0,"willDoAnimation":false,"animationType":"glow","displayAsButton":false,"buttonSize":"big","goToSlideType":"specified","invisible":false}],"slideBackgroundSelector":{}},{"elements":[{"x":4.859897959183673,"y":40.29042821158691,"width":40.56122448979592,"height":48.36272040302267,"action":{"library":"H5P.CRAdvancedText 1.1","params":{"text":"<p style=\"text-align: center;\"><span style=\"color:#ffffff;\"><span style=\"font-size:2.25em;\">Xol na ci suufu ci sard\u00e9\u014b.<\/span><\/span><\/p>\n"},"metadata":{"contentType":"Text","license":"U","title":"Untitled Text"},"subContentId":"349aec21-3226-4969-902a-447999e122a7"},"alwaysDisplayComments":false,"backgroundOpacity":0,"willDoAnimation":false,"animationType":"glow","displayAsButton":false,"buttonSize":"big","goToSlideType":"specified","invisible":false,"solution":""},{"x":47.4537037037037,"y":18.264840182648403,"width":46.99074074074074,"height":68.4931506849315,"action":{"library":"H5P.Image 1.1","params":{"contentName":"Image","file":{"path":"images\/file-61ef40a401d18.jpeg","mime":"image\/jpeg","copyright":{"license":"U"},"width":1472,"height":1024}},"metadata":{"contentType":"Image","license":"U","title":"Untitled Image"},"subContentId":"9efc9d08-4704-4fb5-b63b-677ccbc8c0f5"},"backgroundOpacity":0,"willDoAnimation":false,"animationType":"glow","displayAsButton":false,"buttonSize":"big","goToSlideType":"specified","invisible":false},{"x":47.00255102040816,"y":43.95465994962216,"width":40,"height":40,"action":{"library":"H5P.CRAudio 1.4","params":{"fitToWrapper":true,"currIndex":9,"playerMode":"minimalistic","controls":true,"autoplay":true,"playAudio":"Play audio","pauseAudio":"Pause audio","contentName":"Audio","glowColor":"#ffd85a","timeStampForEachText":[{"text":" Xol ","startDuration":"0.1498","endDuration":"0.4033","wordfile":[{"path":"audios\/wordfile-653bfdcb7c37b.mp3","mime":"audio\/mpeg","copyright":{"license":"U"}}]},{"text":" na ","startDuration":"0.4043","endDuration":"0.8826","wordfile":[{"path":"audios\/wordfile-653bfde10a14c.mp3","mime":"audio\/mpeg","copyright":{"license":"U"}}]},{"text":" ci ","startDuration":"1.1619","endDuration":"1.3619","wordfile":[{"path":"audios\/wordfile-653bfdeecb6d0.mp3","mime":"audio\/mpeg","copyright":{"license":"U"}}]},{"text":" suufu ","startDuration":"1.3629","endDuration":"2.1248","wordfile":[{"path":"audios\/wordfile-653bfe01467ea.mp3","mime":"audio\/mpeg","copyright":{"license":"U"}}]},{"text":" ci ","startDuration":"2.3773","endDuration":"2.8502","wordfile":[{"path":"audios\/wordfile-653bfe0ea9273.mp3","mime":"audio\/mpeg","copyright":{"license":"U"}}]},{"text":" sard\u00e9\u014b. ","startDuration":"2.9957","endDuration":"3.8378","wordfile":[{"path":"audios\/wordfile-653bfe2015a88.mp3","mime":"audio\/mpeg","copyright":{"license":"U"}}]}],"files":[{"path":"audios\/files-653bfdb9c6bae.mp3","mime":"audio\/mpeg","copyright":{"license":"U"}}]},"subContentId":"2f052113-2163-4049-b5d4-a63a3cc94864","metadata":{"contentType":"Curious Reader Audio","license":"U","title":"Untitled Curious Reader Audio"}},"backgroundOpacity":0,"willDoAnimation":false,"animationType":"glow","displayAsButton":false,"buttonSize":"big","goToSlideType":"specified","invisible":false},{"x":44.642857142857146,"y":65.4911838790932,"width":17.474489795918366,"height":24.937027707808564,"action":{"library":"H5P.Image 1.1","params":{"contentName":"Image"},"subContentId":"333c0610-c83a-4c8f-8011-d4b58a7cb214","metadata":{"contentType":"Image","license":"U","title":"Untitled Image"}},"backgroundOpacity":0,"willDoAnimation":true,"animationType":"glow","displayAsButton":false,"buttonSize":"big","goToSlideType":"specified","invisible":false,"id":"img2f052113-2163-4049-b5d4-a63a3cc94864_5"},{"x":70.1530612244898,"y":60.43778337531486,"width":28.571428571428573,"height":29.974811083123424,"action":{"library":"H5P.Image 1.1","params":{"contentName":"Image"},"subContentId":"99374135-97e8-4da8-b3f9-87f9739bc598","metadata":{"contentType":"Image","license":"U","title":"Untitled Image"}},"backgroundOpacity":0,"willDoAnimation":true,"animationType":"glow","displayAsButton":false,"buttonSize":"big","goToSlideType":"specified","invisible":false,"id":"img2f052113-2163-4049-b5d4-a63a3cc94864_5"}],"slideBackgroundSelector":{}},{"elements":[{"x":45.138888888888886,"y":18.264840182648403,"width":48.61111111111111,"height":69.40639269406392,"action":{"library":"H5P.Image 1.1","params":{"contentName":"Image","file":{"path":"images\/file-61ef411337e88.jpeg","mime":"image\/jpeg","copyright":{"license":"U"},"width":1472,"height":1024}},"metadata":{"contentType":"Image","license":"U","title":"Untitled Image"},"subContentId":"f32b08ee-32fd-43c8-99a7-56cf6b1682cb"},"backgroundOpacity":0,"willDoAnimation":false,"animationType":"glow","displayAsButton":false,"buttonSize":"big","goToSlideType":"specified","invisible":false},{"x":6.377551020408164,"y":30.19521410579345,"width":43.36734693877551,"height":55.415617128463474,"action":{"library":"H5P.CRAdvancedText 1.1","params":{"text":"<p style=\"text-align: center;\"><span style=\"font-size:2.25em;\"><span style=\"color:#ffffff;\">Abi lacc na muus bi &amp;ldquo;&nbsp;Ana sama doom bi? &amp;rdquo;<\/span><\/span><\/p>\n"},"subContentId":"707ca4e5-a393-4dfd-b0ea-27442ba39a30","metadata":{"contentType":"Text","license":"U","title":"Untitled Text"}},"alwaysDisplayComments":false,"backgroundOpacity":0,"willDoAnimation":false,"animationType":"glow","displayAsButton":false,"buttonSize":"big","goToSlideType":"specified","invisible":false,"solution":""},{"x":47.00255102040816,"y":43.95465994962216,"width":40,"height":40,"action":{"library":"H5P.CRAudio 1.4","params":{"fitToWrapper":true,"currIndex":10,"playerMode":"minimalistic","controls":true,"autoplay":true,"playAudio":"Play audio","pauseAudio":"Pause audio","contentName":"Audio","glowColor":"#ffd85a","timeStampForEachText":[{"text":" Abi ","startDuration":"0.1134","endDuration":"0.7126","wordfile":[{"path":"audios\/wordfile-653c10a85ae82.mp3","mime":"audio\/mpeg","copyright":{"license":"U"}}]},{"text":" lacc ","startDuration":"0.8171","endDuration":"1.2340","wordfile":[{"path":"audios\/wordfile-653c10bec2b35.mp3","mime":"audio\/mpeg","copyright":{"license":"U"}}]},{"text":" na ","startDuration":"1.2350","endDuration":"1.4350","wordfile":[{"path":"audios\/wordfile-653c10d745ac7.mp3","mime":"audio\/mpeg","copyright":{"license":"U"}}]},{"text":" muus ","startDuration":"1.4360","endDuration":"1.8085","wordfile":[{"path":"audios\/wordfile-653c10f51f3c4.mp3","mime":"audio\/mpeg","copyright":{"license":"U"}}]},{"text":" bi ","startDuration":"1.8095","endDuration":"2.0095","wordfile":[{"path":"audios\/wordfile-653c1100694a2.mp3","mime":"audio\/mpeg","copyright":{"license":"U"}}]},{"text":" \u201c\u00a0Ana ","startDuration":"2.2471","endDuration":"2.6344","wordfile":[{"path":"audios\/wordfile-653c1111f021d.mp3","mime":"audio\/mpeg","copyright":{"license":"U"}}]},{"text":" sama ","startDuration":"2.6551","endDuration":"2.9192","wordfile":[{"path":"audios\/wordfile-653c11222c194.mp3","mime":"audio\/mpeg","copyright":{"license":"U"}}]},{"text":" doom ","startDuration":"2.9005","endDuration":"3.2927","wordfile":[{"path":"audios\/wordfile-653c1146df088.mp3","mime":"audio\/mpeg","copyright":{"license":"U"}}]},{"text":" bi? \u201d ","startDuration":"3.2937","endDuration":"3.4937","wordfile":[{"path":"audios\/wordfile-653c1151c83ed.mp3","mime":"audio\/mpeg","copyright":{"license":"U"}}]}],"files":[{"path":"audios\/files-653c1096c9f45.mp3","mime":"audio\/mpeg","copyright":{"license":"U"}}]},"subContentId":"6e78839b-6a45-4a55-be53-ea02cc21db2f","metadata":{"contentType":"Curious Reader Audio","license":"U","title":"Untitled Curious Reader Audio"}},"backgroundOpacity":0,"willDoAnimation":false,"animationType":"glow","displayAsButton":false,"buttonSize":"big","goToSlideType":"specified","invisible":false},{"x":65.05000000000001,"y":30.20302267002519,"width":26.020408163265305,"height":54.659949622166245,"action":{"library":"H5P.Image 1.1","params":{"contentName":"Image"},"subContentId":"9dc175e9-e9d8-445a-96a6-e9f64fa97e0d","metadata":{"contentType":"Image","license":"U","title":"Untitled Image"}},"backgroundOpacity":0,"willDoAnimation":true,"animationType":"glow","displayAsButton":false,"buttonSize":"big","goToSlideType":"specified","invisible":false,"id":"img6e78839b-6a45-4a55-be53-ea02cc21db2f_0"},{"x":52.29591836734694,"y":50.377833753148614,"width":17.091836734693878,"height":29.974811083123424,"action":{"library":"H5P.Image 1.1","params":{"contentName":"Image"},"subContentId":"c20cf1bc-d10f-46c5-9586-0b1a9102bb87","metadata":{"contentType":"Image","license":"U","title":"Untitled Image"}},"backgroundOpacity":0,"willDoAnimation":true,"animationType":"glow","displayAsButton":false,"buttonSize":"big","goToSlideType":"specified","invisible":false,"id":"img6e78839b-6a45-4a55-be53-ea02cc21db2f_3"}],"slideBackgroundSelector":{}},{"elements":[{"x":25.423958333333335,"y":9.118150684931507,"width":49.65277777777777,"height":69.63470319634703,"action":{"library":"H5P.Image 1.1","params":{"contentName":"Image","file":{"path":"images\/file-61ef41647463b.jpeg","mime":"image\/jpeg","copyright":{"license":"U"},"width":1472,"height":1024}},"metadata":{"contentType":"Image","license":"U","title":"Untitled Image"},"subContentId":"4796a448-f78a-4fda-adbb-2b5c9c452f7d"},"backgroundOpacity":0,"willDoAnimation":false,"animationType":"glow","displayAsButton":false,"buttonSize":"big","goToSlideType":"specified","invisible":false},{"x":8.928571428571429,"y":80.58287153652392,"width":81.63265306122449,"height":14.609571788413097,"action":{"library":"H5P.CRAdvancedText 1.1","params":{"text":"<p dir=\"ltr\" style=\"text-align: center;\"><span style=\"color:#ffffff;\"><span style=\"font-size:2.25em;\">Muus bi wax &amp;ldquo;&nbsp;Meew &amp;rdquo;<\/span><\/span><\/p>\n"},"subContentId":"8743a895-d760-4991-b75e-708fc3ff007f","metadata":{"contentType":"Text","license":"U","title":"Untitled Text"}},"alwaysDisplayComments":false,"backgroundOpacity":0,"willDoAnimation":false,"animationType":"glow","displayAsButton":false,"buttonSize":"big","goToSlideType":"specified","invisible":false,"solution":""},{"x":47.00255102040816,"y":43.95465994962216,"width":40,"height":40,"action":{"library":"H5P.CRAudio 1.4","params":{"fitToWrapper":true,"currIndex":11,"playerMode":"minimalistic","controls":true,"autoplay":true,"playAudio":"Play audio","pauseAudio":"Pause audio","contentName":"Audio","glowColor":"#ffd85a","timeStampForEachText":[{"text":" Muus ","startDuration":"0.1484","endDuration":"0.7072","wordfile":[{"path":"audios\/wordfile-653c11dd01c6a.mp3","mime":"audio\/mpeg","copyright":{"license":"U"}}]},{"text":" bi ","startDuration":"0.7082","endDuration":"0.9255","wordfile":[{"path":"audios\/wordfile-653c11f512061.mp3","mime":"audio\/mpeg","copyright":{"license":"U"}}]},{"text":" wax ","startDuration":"0.9265","endDuration":"1.3266","wordfile":[{"path":"audios\/wordfile-653c120329fbe.mp3","mime":"audio\/mpeg","copyright":{"license":"U"}}]},{"text":" \u201c\u00a0Meew \u201d ","startDuration":"1.3276","endDuration":"2.4419","wordfile":[{"path":"audios\/wordfile-653c121be7493.mp3","mime":"audio\/mpeg","copyright":{"license":"U"}}]}],"files":[{"path":"audios\/files-653c11c40cc2d.mp3","mime":"audio\/mpeg","copyright":{"license":"U"}}]},"subContentId":"1b31f8ef-4bcd-4913-b896-652ee81d380c","metadata":{"contentType":"Curious Reader Audio","license":"U","title":"Untitled Curious Reader Audio"}},"backgroundOpacity":0,"willDoAnimation":false,"animationType":"glow","displayAsButton":false,"buttonSize":"big","goToSlideType":"specified","invisible":false},{"x":40.816326530612244,"y":52.896725440806044,"width":16.198979591836736,"height":22.41813602015113,"action":{"library":"H5P.Image 1.1","params":{"contentName":"Image"},"subContentId":"f957ca05-5f14-42fa-8afd-7974a0ad3e9a","metadata":{"contentType":"Image","license":"U","title":"Untitled Image"}},"backgroundOpacity":0,"willDoAnimation":true,"animationType":"glow","displayAsButton":false,"buttonSize":"big","goToSlideType":"specified","invisible":false,"id":"img1b31f8ef-4bcd-4913-b896-652ee81d380c_0"}],"slideBackgroundSelector":{}},{"elements":[{"x":24.23469387755102,"y":2.5188916876574305,"width":51.388888888888886,"height":69.63470319634703,"action":{"library":"H5P.Image 1.1","params":{"contentName":"Image","file":{"path":"images\/file-61ef4227352f2.jpeg","mime":"image\/jpeg","copyright":{"license":"U"},"width":1472,"height":1024}},"metadata":{"contentType":"Image","license":"U","title":"Untitled Image"},"subContentId":"de10e6aa-09fa-4044-8a41-49f05b0066a0"},"backgroundOpacity":0,"willDoAnimation":false,"animationType":"glow","displayAsButton":false,"buttonSize":"big","goToSlideType":"specified","invisible":false},{"x":7.653061224489796,"y":70.27707808564232,"width":85.45918367346938,"height":29.72292191435768,"action":{"library":"H5P.CRAdvancedText 1.1","params":{"text":"<p style=\"text-align: center;\"><span style=\"color:#ffffff;\"><span style=\"font-size:2.25em;\">Abi lacc na ginaar gu jigg\u00e9en gi  &amp;ldquo;&nbsp;Ana sama doom bi?&nbsp;&amp;rdquo;<\/span><\/span><\/p>\n"},"subContentId":"34fed860-1219-44b3-b488-b3c16898547f","metadata":{"contentType":"Text","license":"U","title":"Untitled Text"}},"alwaysDisplayComments":false,"backgroundOpacity":0,"willDoAnimation":false,"animationType":"glow","displayAsButton":false,"buttonSize":"big","goToSlideType":"specified","invisible":false,"solution":""},{"x":47.00255102040816,"y":43.95465994962216,"width":40,"height":40,"action":{"library":"H5P.CRAudio 1.4","params":{"fitToWrapper":true,"currIndex":12,"playerMode":"minimalistic","controls":true,"autoplay":true,"playAudio":"Play audio","pauseAudio":"Pause audio","contentName":"Audio","glowColor":"#ffd85a","timeStampForEachText":[{"text":" Abi ","startDuration":"0.1373","endDuration":"0.8590","wordfile":[{"path":"audios\/wordfile-653c123ebc868.mp3","mime":"audio\/mpeg","copyright":{"license":"U"}}]},{"text":" lacc ","startDuration":"1.1121","endDuration":"1.5181","wordfile":[{"path":"audios\/wordfile-653c1262758d5.mp3","mime":"audio\/mpeg","copyright":{"license":"U"}}]},{"text":" na ","startDuration":"1.5191","endDuration":"1.8152","wordfile":[{"path":"audios\/wordfile-653c12758d53a.mp3","mime":"audio\/mpeg","copyright":{"license":"U"}}]},{"text":" ginaar ","startDuration":"1.8162","endDuration":"2.3183","wordfile":[{"path":"audios\/wordfile-653c1289ae04b.mp3","mime":"audio\/mpeg","copyright":{"license":"U"}}]},{"text":" gu ","startDuration":"2.3193","endDuration":"2.5193","wordfile":[{"path":"audios\/wordfile-653c129a849cb.mp3","mime":"audio\/mpeg","copyright":{"license":"U"}}]},{"text":" jigg\u00e9en ","startDuration":"2.5203","endDuration":"3.0361","wordfile":[{"path":"audios\/wordfile-653c12b1b31f1.mp3","mime":"audio\/mpeg","copyright":{"license":"U"}}]},{"text":" gi ","startDuration":"3.0371","endDuration":"3.2371","wordfile":[{"path":"audios\/wordfile-653c135b4ec39.mp3","mime":"audio\/mpeg","copyright":{"license":"U"}}]},{"text":" \u201c\u00a0Ana ","startDuration":"3.6775","endDuration":"4.0971","wordfile":[{"path":"audios\/wordfile-653c137e5a701.mp3","mime":"audio\/mpeg","copyright":{"license":"U"}}]},{"text":" sama ","startDuration":"4.0981","endDuration":"4.2981","wordfile":[{"path":"audios\/wordfile-653c1393e8909.mp3","mime":"audio\/mpeg","copyright":{"license":"U"}}]},{"text":" doom ","startDuration":"4.2991","endDuration":"4.6913","wordfile":[{"path":"audios\/wordfile-653c13ae4fe6e.mp3","mime":"audio\/mpeg","copyright":{"license":"U"}}]},{"text":" bi?\u00a0\u201d ","startDuration":"4.6923","endDuration":"4.8923","wordfile":[{"path":"audios\/wordfile-653c13bda0eaa.mp3","mime":"audio\/mpeg","copyright":{"license":"U"}}]}],"files":[{"path":"audios\/files-653c12316a91b.mp3","mime":"audio\/mpeg","copyright":{"license":"U"}}]},"subContentId":"72b8bcd8-9f62-48ab-9292-9fc19272ade1","metadata":{"contentType":"Curious Reader Audio","license":"U","title":"Untitled Curious Reader Audio"}},"backgroundOpacity":0,"willDoAnimation":false,"animationType":"glow","displayAsButton":false,"buttonSize":"big","goToSlideType":"specified","invisible":false},{"x":39.54081632653061,"y":20.151133501259444,"width":16.198979591836736,"height":47.10327455919395,"action":{"library":"H5P.Image 1.1","params":{"contentName":"Image"},"subContentId":"810da1fb-f87b-4d2a-a88b-c7c3157c1808","metadata":{"contentType":"Image","license":"U","title":"Untitled Image"}},"backgroundOpacity":0,"willDoAnimation":true,"animationType":"glow","displayAsButton":false,"buttonSize":"big","goToSlideType":"specified","invisible":false,"id":"img72b8bcd8-9f62-48ab-9292-9fc19272ade1_0"},{"x":29.97448979591837,"y":42.79748110831235,"width":8.545918367346939,"height":19.395465994962215,"action":{"library":"H5P.Image 1.1","params":{"contentName":"Image"},"subContentId":"4ae0f75d-7d40-449c-a391-d63888da5865","metadata":{"contentType":"Image","license":"U","title":"Untitled Image"}},"backgroundOpacity":0,"willDoAnimation":true,"animationType":"glow","displayAsButton":false,"buttonSize":"big","goToSlideType":"specified","invisible":false,"id":"img72b8bcd8-9f62-48ab-9292-9fc19272ade1_3"},{"x":29.97448979591837,"y":40.27858942065492,"width":8.545918367346939,"height":24.43324937027708,"action":{"library":"H5P.Image 1.1","params":{"contentName":"Image"},"subContentId":"a11916d2-e903-425b-b07e-15afd39935d2","metadata":{"contentType":"Image","license":"U","title":"Untitled Image"}},"backgroundOpacity":0,"willDoAnimation":true,"animationType":"glow","displayAsButton":false,"buttonSize":"big","goToSlideType":"specified","invisible":false,"id":"img72b8bcd8-9f62-48ab-9292-9fc19272ade1_4"},{"x":29.97448979591837,"y":40.29042821158691,"width":8.545918367346939,"height":24.181360201511335,"action":{"library":"H5P.Image 1.1","params":{"contentName":"Image"},"subContentId":"400d83eb-ec7d-4afc-aa73-424e009697db","metadata":{"contentType":"Image","license":"U","title":"Untitled Image"}},"backgroundOpacity":0,"willDoAnimation":true,"animationType":"glow","displayAsButton":false,"buttonSize":"big","goToSlideType":"specified","invisible":false,"id":"img72b8bcd8-9f62-48ab-9292-9fc19272ade1_5"}],"slideBackgroundSelector":{}},{"elements":[{"x":25.510204081632654,"y":5.037783375314861,"width":46.875,"height":68.4931506849315,"action":{"library":"H5P.Image 1.1","params":{"contentName":"Image","file":{"path":"images\/file-61ef428f3c6ba.jpeg","mime":"image\/jpeg","copyright":{"license":"U"},"width":1472,"height":1024}},"metadata":{"contentType":"Image","license":"U","title":"Untitled Image"},"subContentId":"a552ad47-969f-4430-a0e3-0cecf80ed29d"},"backgroundOpacity":0,"willDoAnimation":false,"animationType":"glow","displayAsButton":false,"buttonSize":"big","goToSlideType":"specified","invisible":false},{"x":6.377551020408164,"y":73.04785894206549,"width":83.54591836734694,"height":24.68513853904282,"action":{"library":"H5P.CRAdvancedText 1.1","params":{"text":"<p dir=\"ltr\" style=\"text-align: center;\"><span style=\"color:#ffffff;\"><span style=\"font-size:1.75em;\">Ganaar gu jigg\u00e9en gi wax na Abi &amp;ldquo;&nbsp;Ku &amp;ndash;&nbsp;ku &amp;ndash;&nbsp;ku &amp;rdquo;&nbsp;.<\/span><\/span><\/p>\n"},"subContentId":"a3d16a5d-5d8c-4146-b601-a83c418b4b51","metadata":{"contentType":"Text","license":"U","title":"Untitled Text"}},"alwaysDisplayComments":false,"backgroundOpacity":0,"willDoAnimation":false,"animationType":"glow","displayAsButton":false,"buttonSize":"big","goToSlideType":"specified","invisible":false,"solution":""},{"x":47.00255102040816,"y":43.95465994962216,"width":40,"height":40,"action":{"library":"H5P.CRAudio 1.4","params":{"fitToWrapper":true,"currIndex":13,"playerMode":"minimalistic","controls":true,"autoplay":true,"playAudio":"Play audio","pauseAudio":"Pause audio","contentName":"Audio","glowColor":"#ffd85a","timeStampForEachText":[{"text":" Ganaar ","startDuration":"0.1501","endDuration":"0.9218","wordfile":[{"path":"audios\/wordfile-653c13e6dde24.mp3","mime":"audio\/mpeg","copyright":{"license":"U"}}]},{"text":" gu ","startDuration":"0.9228","endDuration":"1.1228","wordfile":[{"path":"audios\/wordfile-653c13f7babcd.mp3","mime":"audio\/mpeg","copyright":{"license":"U"}}]},{"text":" jigg\u00e9en ","startDuration":"1.1238","endDuration":"1.6525","wordfile":[{"path":"audios\/wordfile-653c140d95864.mp3","mime":"audio\/mpeg","copyright":{"license":"U"}}]},{"text":" gi ","startDuration":"1.6535","endDuration":"1.8535","wordfile":[{"path":"audios\/wordfile-653c141a6e1d1.mp3","mime":"audio\/mpeg","copyright":{"license":"U"}}]},{"text":" wax ","startDuration":"2.2261","endDuration":"2.6977","wordfile":[{"path":"audios\/wordfile-653c142bc0263.mp3","mime":"audio\/mpeg","copyright":{"license":"U"}}]},{"text":" na ","startDuration":"2.6987","endDuration":"2.9916","wordfile":[{"path":"audios\/wordfile-653c1443f12fa.mp3","mime":"audio\/mpeg","copyright":{"license":"U"}}]},{"text":" Abi ","startDuration":"2.9926","endDuration":"3.5428","wordfile":[{"path":"audios\/wordfile-653c14564c7d5.mp3","mime":"audio\/mpeg","copyright":{"license":"U"}}]},{"text":" \u201c\u00a0Ku \u2013\u00a0ku \u2013\u00a0ku \u201d\u00a0. ","startDuration":"4.0584","endDuration":"5.2375","wordfile":[{"path":"audios\/wordfile-653c147068b16.mp3","mime":"audio\/mpeg","copyright":{"license":"U"}}]}],"files":[{"path":"audios\/files-653c13d3f01c6.mp3","mime":"audio\/mpeg","copyright":{"license":"U"}}]},"subContentId":"f86ee1d2-cc76-4921-b164-de37176eb839","metadata":{"contentType":"Curious Reader Audio","license":"U","title":"Untitled Curious Reader Audio"}},"backgroundOpacity":0,"willDoAnimation":false,"animationType":"glow","displayAsButton":false,"buttonSize":"big","goToSlideType":"specified","invisible":false},{"x":36.98979591836735,"y":25.188916876574307,"width":12.372448979591837,"height":40.050377833753146,"action":{"library":"H5P.Image 1.1","params":{"contentName":"Image"},"subContentId":"0023de52-7b39-4a41-93fd-b9ee116e06e9","metadata":{"contentType":"Image","license":"U","title":"Untitled Image"}},"backgroundOpacity":0,"willDoAnimation":true,"animationType":"glow","displayAsButton":false,"buttonSize":"big","goToSlideType":"specified","invisible":false,"id":"imgf86ee1d2-cc76-4921-b164-de37176eb839_6"},{"x":52.295918367346935,"y":37.7735516372796,"width":9.821428571428571,"height":21.662468513853902,"action":{"library":"H5P.Image 1.1","params":{"contentName":"Image"},"subContentId":"c0005a2c-314d-4215-8890-0093b5c23b9d","metadata":{"contentType":"Image","license":"U","title":"Untitled Image"}},"backgroundOpacity":0,"willDoAnimation":true,"animationType":"glow","displayAsButton":false,"buttonSize":"big","goToSlideType":"specified","invisible":false,"id":"imgf86ee1d2-cc76-4921-b164-de37176eb839_0"},{"x":52.295918367346935,"y":37.76372795969773,"width":9.821428571428571,"height":24.43324937027708,"action":{"library":"H5P.Image 1.1","params":{"contentName":"Image"},"subContentId":"93b8e0d3-0f2e-45dd-b4bc-1bf35b43f355","metadata":{"contentType":"Image","license":"U","title":"Untitled Image"}},"backgroundOpacity":0,"willDoAnimation":true,"animationType":"glow","displayAsButton":false,"buttonSize":"big","goToSlideType":"specified","invisible":false,"id":"imgf86ee1d2-cc76-4921-b164-de37176eb839_1"},{"x":52.295918367346935,"y":37.7735516372796,"width":9.821428571428571,"height":24.181360201511335,"action":{"library":"H5P.Image 1.1","params":{"contentName":"Image"},"subContentId":"4d992018-d56e-4c00-84de-5737faf46241","metadata":{"contentType":"Image","license":"U","title":"Untitled Image"}},"backgroundOpacity":0,"willDoAnimation":true,"animationType":"glow","displayAsButton":false,"buttonSize":"big","goToSlideType":"specified","invisible":false,"id":"imgf86ee1d2-cc76-4921-b164-de37176eb839_2"}],"slideBackgroundSelector":{}},{"elements":[{"x":25.510204081632654,"y":2.5188916876574305,"width":48.61111111111111,"height":67.8082191780822,"action":{"library":"H5P.Image 1.1","params":{"contentName":"Image","file":{"path":"images\/file-61ef430c0d077.jpeg","mime":"image\/jpeg","copyright":{"license":"U"},"width":1472,"height":1024}},"metadata":{"contentType":"Image","license":"U","title":"Untitled Image"},"subContentId":"42f44229-0dac-467c-b39f-55a14f954207"},"backgroundOpacity":0,"willDoAnimation":false,"animationType":"glow","displayAsButton":false,"buttonSize":"big","goToSlideType":"specified","invisible":false},{"x":7.653061224489796,"y":72.79596977329975,"width":84.82142857142857,"height":27.20403022670025,"action":{"library":"H5P.CRAdvancedText 1.1","params":{"text":"<p dir=\"ltr\" style=\"text-align: center;\"><span style=\"color:#ffffff;\"><span style=\"font-size:2.25em;\">Abi lacc na xaj bi &amp;ldquo;&nbsp;Ana sama doom bi?&nbsp;&amp;rdquo;&nbsp;<\/span><\/span><\/p>\n"},"subContentId":"c2f6af63-9394-4728-9814-dc40d2e8831e","metadata":{"contentType":"Text","license":"U","title":"Untitled Text"}},"alwaysDisplayComments":false,"backgroundOpacity":0,"willDoAnimation":false,"animationType":"glow","displayAsButton":false,"buttonSize":"big","goToSlideType":"specified","invisible":false,"solution":""},{"x":47.00255102040816,"y":43.95465994962216,"width":40,"height":40,"action":{"library":"H5P.CRAudio 1.4","params":{"fitToWrapper":true,"currIndex":14,"playerMode":"minimalistic","controls":true,"autoplay":true,"playAudio":"Play audio","pauseAudio":"Pause audio","contentName":"Audio","glowColor":"#ffd85a","timeStampForEachText":[{"text":" Abi ","startDuration":"0.1562","endDuration":"0.5340","wordfile":[{"path":"audios\/wordfile-653c14a4ecb54.mp3","mime":"audio\/mpeg","copyright":{"license":"U"}}]},{"text":" lacc ","startDuration":"0.5242","endDuration":"0.8643","wordfile":[{"path":"audios\/wordfile-653c14c054b8c.mp3","mime":"audio\/mpeg","copyright":{"license":"U"}}]},{"text":" na ","startDuration":"0.8653","endDuration":"1.0653","wordfile":[{"path":"audios\/wordfile-653c14d018e65.mp3","mime":"audio\/mpeg","copyright":{"license":"U"}}]},{"text":" xaj ","startDuration":"1.0663","endDuration":"1.3848","wordfile":[{"path":"audios\/wordfile-653c14e36b54f.mp3","mime":"audio\/mpeg","copyright":{"license":"U"}}]},{"text":" bi ","startDuration":"1.3858","endDuration":"1.7312","wordfile":[{"path":"audios\/wordfile-653c14f29159f.mp3","mime":"audio\/mpeg","copyright":{"license":"U"}}]},{"text":" \u201c\u00a0Ana ","startDuration":"2.1308","endDuration":"2.6109","wordfile":[{"path":"audios\/wordfile-653c1502ec68b.mp3","mime":"audio\/mpeg","copyright":{"license":"U"}}]},{"text":" sama ","startDuration":"2.6119","endDuration":"2.9519","wordfile":[{"path":"audios\/wordfile-653c1516ae8f1.mp3","mime":"audio\/mpeg","copyright":{"license":"U"}}]},{"text":" doom ","startDuration":"2.9529","endDuration":"3.1529","wordfile":[{"path":"audios\/wordfile-653c152652878.mp3","mime":"audio\/mpeg","copyright":{"license":"U"}}]},{"text":" bi?\u00a0\u201d\u00a0 ","startDuration":"3.1539","endDuration":"3.5317","wordfile":[{"path":"audios\/wordfile-653c153370188.mp3","mime":"audio\/mpeg","copyright":{"license":"U"}}]}],"files":[{"path":"audios\/files-653c1497bc62e.mp3","mime":"audio\/mpeg","copyright":{"license":"U"}}]},"subContentId":"e809aa03-f776-47cc-bd0f-52481a1fc5d6","metadata":{"contentType":"Curious Reader Audio","license":"U","title":"Untitled Curious Reader Audio"}},"backgroundOpacity":0,"willDoAnimation":false,"animationType":"glow","displayAsButton":false,"buttonSize":"big","goToSlideType":"specified","invisible":false},{"x":31.887755102040817,"y":27.684130982367762,"width":20.025510204081634,"height":40.050377833753146,"action":{"library":"H5P.Image 1.1","params":{"contentName":"Image"},"subContentId":"ff1ec4b0-45e8-42e4-9076-07e3d6a1438c","metadata":{"contentType":"Image","license":"U","title":"Untitled Image"}},"backgroundOpacity":0,"willDoAnimation":true,"animationType":"glow","displayAsButton":false,"buttonSize":"big","goToSlideType":"specified","invisible":false,"id":"imge809aa03-f776-47cc-bd0f-52481a1fc5d6_3"},{"x":45.91836734693878,"y":20.133425692695216,"width":14.923469387755102,"height":47.10327455919395,"action":{"library":"H5P.Image 1.1","params":{"contentName":"Image"},"subContentId":"f10e9387-8bea-4789-ad13-a25c9da6498d","metadata":{"contentType":"Image","license":"U","title":"Untitled Image"}},"backgroundOpacity":0,"willDoAnimation":true,"animationType":"glow","displayAsButton":false,"buttonSize":"big","goToSlideType":"specified","invisible":false,"id":"imge809aa03-f776-47cc-bd0f-52481a1fc5d6_0"}],"slideBackgroundSelector":{}},{"elements":[{"x":46.29629629629629,"y":18.264840182648403,"width":48.61111111111111,"height":68.94977168949772,"action":{"library":"H5P.Image 1.1","params":{"contentName":"Image","file":{"path":"images\/file-61ef4ba5e2239.jpeg","mime":"image\/jpeg","copyright":{"license":"U"},"width":1472,"height":1024}},"metadata":{"contentType":"Image","license":"U","title":"Untitled Image"},"subContentId":"b63dec76-841b-495d-9c50-72b9a12cd00c"},"backgroundOpacity":0,"willDoAnimation":false,"animationType":"glow","displayAsButton":false,"buttonSize":"big","goToSlideType":"specified","invisible":false},{"x":5.1020408163265305,"y":35.26448362720403,"width":40,"height":40,"action":{"library":"H5P.CRAdvancedText 1.1","params":{"text":"<p style=\"text-align: center;\"><span style=\"font-size:1.75em;\"><span style=\"color:#ffffff;\">Xaj bi wax  &amp;ldquo;&nbsp;Bow wow &amp;rdquo;&nbsp;. Xaj bi gisoon na doom bi.<\/span><\/span><\/p>\n"},"subContentId":"d4ee4eb8-19b1-4a4d-8820-3bc016a1903e","metadata":{"contentType":"Text","license":"U","title":"Untitled Text"}},"alwaysDisplayComments":false,"backgroundOpacity":0,"willDoAnimation":false,"animationType":"glow","displayAsButton":false,"buttonSize":"big","goToSlideType":"specified","invisible":false,"solution":""},{"x":47.00255102040816,"y":43.95465994962216,"width":40,"height":40,"action":{"library":"H5P.CRAudio 1.4","params":{"fitToWrapper":true,"currIndex":15,"playerMode":"minimalistic","controls":true,"autoplay":true,"playAudio":"Play audio","pauseAudio":"Pause audio","contentName":"Audio","glowColor":"#ffd85a","timeStampForEachText":[{"text":" Xaj ","startDuration":"0.2928","endDuration":"0.7007","wordfile":[{"path":"audios\/wordfile-653c16e91daaf.mp3","mime":"audio\/mpeg","copyright":{"license":"U"}}]},{"text":" bi ","startDuration":"0.7017","endDuration":"0.8545","wordfile":[{"path":"audios\/wordfile-653c170e9162b.mp3","mime":"audio\/mpeg","copyright":{"license":"U"}}]},{"text":" wax ","startDuration":"0.8555","endDuration":"1.2633","wordfile":[{"path":"audios\/wordfile-653c171e07b50.mp3","mime":"audio\/mpeg","copyright":{"license":"U"}}]},{"text":" \u201c\u00a0Bow wow \u201d\u00a0. ","startDuration":"2.1995","endDuration":"3.3536","wordfile":[{"path":"audios\/wordfile-653c173ec9531.mp3","mime":"audio\/mpeg","copyright":{"license":"U"}}]},{"text":" Xaj ","startDuration":"3.8175","endDuration":"4.2347","wordfile":[{"path":"audios\/wordfile-653c175945690.mp3","mime":"audio\/mpeg","copyright":{"license":"U"}}]},{"text":" bi ","startDuration":"4.2357","endDuration":"4.6813","wordfile":[{"path":"audios\/wordfile-653c176a8c1bc.mp3","mime":"audio\/mpeg","copyright":{"license":"U"}}]},{"text":" gisoon ","startDuration":"4.6823","endDuration":"5.5530","wordfile":[{"path":"audios\/wordfile-653c17880eff9.mp3","mime":"audio\/mpeg","copyright":{"license":"U"}}]},{"text":" na ","startDuration":"5.5540","endDuration":"5.7540","wordfile":[{"path":"audios\/wordfile-653c17a13ec15.mp3","mime":"audio\/mpeg","copyright":{"license":"U"}}]},{"text":" doom ","startDuration":"5.7550","endDuration":"6.1723","wordfile":[{"path":"audios\/wordfile-653c17b9a6be9.mp3","mime":"audio\/mpeg","copyright":{"license":"U"}}]},{"text":" bi. ","startDuration":"6.1733","endDuration":"6.3733","wordfile":[{"path":"audios\/wordfile-653c17c9eab45.mp3","mime":"audio\/mpeg","copyright":{"license":"U"}}]}],"files":[{"path":"audios\/files-653c16ce770b4.mp3","mime":"audio\/mpeg","copyright":{"license":"U"}}]},"subContentId":"b7ad58e1-6575-446f-b515-3afc930d72ba","metadata":{"contentType":"Curious Reader Audio","license":"U","title":"Untitled Curious Reader Audio"}},"backgroundOpacity":0,"willDoAnimation":false,"animationType":"glow","displayAsButton":false,"buttonSize":"big","goToSlideType":"specified","invisible":false},{"x":47.19387755102041,"y":55.368261964735524,"width":20.025510204081634,"height":22.41813602015113,"action":{"library":"H5P.Image 1.1","params":{"contentName":"Image"},"subContentId":"d25ccc45-c6c3-4b79-9197-6dc6b99b930e","metadata":{"contentType":"Image","license":"U","title":"Untitled Image"}},"backgroundOpacity":0,"willDoAnimation":true,"animationType":"glow","displayAsButton":false,"buttonSize":"big","goToSlideType":"specified","invisible":false,"id":"imgb7ad58e1-6575-446f-b515-3afc930d72ba_0"},{"x":75.25510204081633,"y":55.368261964735524,"width":11.096938775510205,"height":19.8992443324937,"action":{"library":"H5P.Image 1.1","params":{"contentName":"Image"},"subContentId":"bcc1adad-6ff4-4156-9e66-de60573d95f2","metadata":{"contentType":"Image","license":"U","title":"Untitled Image"}},"backgroundOpacity":0,"willDoAnimation":true,"animationType":"glow","displayAsButton":false,"buttonSize":"big","goToSlideType":"specified","invisible":false,"id":"imgb7ad58e1-6575-446f-b515-3afc930d72ba_8"}],"slideBackgroundSelector":{}},{"elements":[{"x":68.87755102040816,"y":5.037783375314861,"width":25.510204081632654,"height":10.327455919395465,"action":{"library":"H5P.Image 1.1","params":{"contentName":"Image","file":{"path":"images\/file-61fb28cb969ac.jpg","mime":"image\/jpeg","copyright":{"license":"U"},"width":1732,"height":354}},"metadata":{"contentType":"Image","license":"U","title":"Untitled Image"},"subContentId":"3ddcf391-a7ca-490e-afe3-7c9f9649c085"},"backgroundOpacity":0,"willDoAnimation":false,"animationType":"glow","displayAsButton":false,"buttonSize":"big","goToSlideType":"specified","invisible":false},{"x":36.98979591836735,"y":5.037783375314861,"width":22.95918367346939,"height":12.594458438287154,"action":{"library":"H5P.Image 1.1","params":{"contentName":"Image","file":{"path":"images\/file-61fb29a5596cb.png","mime":"image\/png","copyright":{"license":"U"},"width":814,"height":202}},"metadata":{"contentType":"Image","license":"U","title":"Untitled Image"},"subContentId":"c8bfa72b-e3a6-48a9-8831-366d1c8703eb"},"backgroundOpacity":0,"willDoAnimation":false,"animationType":"glow","displayAsButton":false,"buttonSize":"big","goToSlideType":"specified","invisible":false},{"x":3.826530612244898,"y":5.0338539042821155,"width":17.857142857142858,"height":12.846347607052897,"action":{"library":"H5P.Image 1.1","params":{"contentName":"Image","file":{"path":"images\/file-61fb296cf2c04.png","mime":"image\/png","copyright":{"license":"U"},"width":1350,"height":487}},"metadata":{"contentType":"Image","license":"U","title":"Untitled Image"},"subContentId":"ef1eb10b-04f4-45a7-9ac9-d816e125fb29"},"backgroundOpacity":0,"willDoAnimation":false,"animationType":"glow","displayAsButton":false,"buttonSize":"big","goToSlideType":"specified","invisible":false},{"x":6.535,"y":25.181057934508814,"width":86.86224489795919,"height":70.27707808564232,"action":{"library":"H5P.CRAdvancedText 1.1","params":{"text":"<h3 style=\"text-align: center;\"><span style=\"font-size:0.75em;\"><strong>\"<\/strong>DOOMU FOOW\u00c9KAAY BU R\u00c9ER<strong>\" credits<\/strong><\/span><\/h3>\n\n<h3 style=\"text-align: center;\"><span style=\"font-size:0.75em;\">This work, \"DOOMU FOOW\u00c9KAAY BU R\u00c9ER\", is a derivative of \"The Lost Doll\" as translated by Alisha Berger and used under CC BY. The \u00a9 for this translation lies with Room to Read, 2015.&nbsp;\"DOOMU FOOW\u00c9KAAY BU R\u00c9ER\" is based on the original story:&nbsp;'Umdoli Lolahlekile', by Moleboge Shibboleth Poho. \u00a9 Room to Read, 2015.<\/span><\/h3>\n\n<h3 style=\"text-align: center;\"><span style=\"font-size:0.75em;\">This work, \"DOOMU FOOW\u00c9KAAY BU R\u00c9ER\" is licensed under CC BY 4.0 by Curious Learning.<\/span><\/h3>\n\n<h3 style=\"text-align: center;\"><br>\n<span style=\"font-size:0.75em;\">Book builder - Abraham Jerry Kakooza<\/span><\/h3>\n\n<p style=\"text-align: center;\">&nbsp;<\/p>\n"},"metadata":{"contentType":"Text","license":"U","title":"Untitled Text"},"subContentId":"816d08a5-61c7-4cb6-bd45-d127b486d869"},"alwaysDisplayComments":false,"backgroundOpacity":0,"willDoAnimation":false,"animationType":"glow","displayAsButton":false,"buttonSize":"big","goToSlideType":"specified","invisible":false,"solution":""}],"slideBackgroundSelector":{}}],"keywordListEnabled":true,"globalBackgroundSelector":{},"keywordListAlwaysShow":false,"keywordListAutoHide":false,"keywordListOpacity":90},"override":{"activeSurface":false,"hideSummarySlide":false,"summarySlideSolutionButton":true,"summarySlideRetryButton":true,"enablePrintButton":false,"social":{"showFacebookShare":false,"facebookShare":{"url":"@currentpageurl","quote":"I scored @score out of @maxScore on a task at @currentpageurl."},"showTwitterShare":false,"twitterShare":{"statement":"I scored @score out of @maxScore on a task at @currentpageurl.","url":"@currentpageurl","hashtags":"h5p, course"},"showGoogleShare":false,"googleShareUrl":"@currentpageurl"}},"l10n":{"slide":"Slide","score":"Score","yourScore":"Your Score","maxScore":"Max Score","total":"Total","totalScore":"Total Score","showSolutions":"Show solutions","retry":"Retry","exportAnswers":"Export text","hideKeywords":"Hide sidebar navigation menu","showKeywords":"Show sidebar navigation menu","fullscreen":"Fullscreen","exitFullscreen":"Exit fullscreen","prevSlide":"Previous slide","nextSlide":"Next slide","currentSlide":"Current slide","lastSlide":"Last slide","solutionModeTitle":"Exit solution mode","solutionModeText":"Solution Mode","summaryMultipleTaskText":"Multiple tasks","scoreMessage":"You achieved:","shareFacebook":"Share on Facebook","shareTwitter":"Share on Twitter","shareGoogle":"Share on Google+","summary":"Summary","solutionsButtonTitle":"Show comments","printTitle":"Print","printIngress":"How would you like to print this presentation?","printAllSlides":"Print all slides","printCurrentSlide":"Print current slide","noTitle":"No title","accessibilitySlideNavigationExplanation":"Use left and right arrow to change slide in that direction whenever canvas is selected.","accessibilityCanvasLabel":"Presentation canvas. Use left and right arrow to move between slides.","containsNotCompleted":"@slideName contains not completed interaction","containsCompleted":"@slideName contains completed interaction","slideCount":"Slide @index of @total","containsOnlyCorrect":"@slideName only has correct answers","containsIncorrectAnswers":"@slideName has incorrect answers","shareResult":"Share Result","accessibilityTotalScore":"You got @score of @maxScore points in total","accessibilityEnteredFullscreen":"Entered fullscreen","accessibilityExitedFullscreen":"Exited fullscreen"}}