{"presentation":{"slides":[{"elements":[{"x":31.590413943355,"y":0,"width":33.769063180828,"height":59.94698042321,"action":{"library":"H5P.Image 1.1","params":{"contentName":"Image","file":{"path":"images\/file-618eec172dba8.jpg","mime":"image\/jpeg","copyright":{"license":"U"},"width":273,"height":273}},"subContentId":"3cf34d7e-b046-45e2-a35f-e748b079a1ab","metadata":{"contentType":"Image","license":"U","title":"Untitled Image"}},"backgroundOpacity":0,"willDoAnimation":false,"animationType":"glow","displayAsButton":false,"buttonSize":"big","goToSlideType":"specified","invisible":false},{"x":24.23469387755102,"y":62.34836272040302,"width":53.316326530612244,"height":15.113350125944583,"action":{"library":"H5P.CRAdvancedText 1.1","params":{"text":"<p style=\"text-align: center;\"><span style=\"font-size:2.25em;\">Abokanai<\/span><\/p>\n"},"subContentId":"02072a1d-971b-4c03-b488-6f58032a6323","metadata":{"contentType":"Text","license":"U","title":"Untitled Text"}},"alwaysDisplayComments":false,"backgroundOpacity":0,"willDoAnimation":false,"animationType":"glow","displayAsButton":false,"buttonSize":"big","goToSlideType":"specified","invisible":false,"solution":""}],"slideBackgroundSelector":{}},{"slideBackgroundSelector":{},"elements":[{"x":29.956427015251,"y":6.0249519079732,"width":39.998692810458,"height":63.692348741431,"action":{"library":"H5P.Image 1.1","params":{"contentName":"Image","file":{"path":"images\/file-618eefbd78740.jpg","mime":"image\/jpeg","copyright":{"license":"U"},"width":273,"height":273}},"subContentId":"b3bc7de6-aa5a-4c41-8a52-929eaeba6770","metadata":{"contentType":"Image","license":"U","title":"Untitled Image"}},"backgroundOpacity":0,"willDoAnimation":false,"animationType":"glow","displayAsButton":false,"buttonSize":"big","goToSlideType":"specified","invisible":false},{"x":15.306122448979592,"y":75.56675062972292,"width":67.7295918367347,"height":16.120906801007557,"action":{"library":"H5P.CRAdvancedText 1.1","params":{"text":"<p dir=\"ltr\" style=\"text-align: center;\"><span style=\"font-size:1.75em;\"><span style=\"color:#ffffff;\">Sunana Simo.<\/span><\/span><\/p>\n"},"subContentId":"66ad11c1-9362-4aba-8747-aa722a3e941d","metadata":{"contentType":"Text","license":"U","title":"Untitled Text"}},"alwaysDisplayComments":false,"backgroundOpacity":0,"willDoAnimation":false,"animationType":"glow","displayAsButton":false,"buttonSize":"big","goToSlideType":"specified","invisible":false,"solution":""},{"x":46.96691176470588,"y":44,"width":40,"height":40,"action":{"library":"H5P.CRAudio 1.4","params":{"fitToWrapper":true,"currIndex":1,"playerMode":"minimalistic","controls":true,"autoplay":true,"playAudio":"Play audio","pauseAudio":"Pause audio","contentName":"Audio","glowColor":"#ffd85a","timeStampForEachText":[{"text":" Sunana ","startDuration":"0.4246","endDuration":"1.1719","wordfile":[{"path":"audios\/wordfile-66a25c42393fe.mp3","mime":"audio\/mpeg","copyright":{"license":"U"}}]},{"text":" Simo. ","startDuration":"1.1729","endDuration":"1.8070","wordfile":[{"path":"audios\/wordfile-66a25c57c123d.mp3","mime":"audio\/mpeg","copyright":{"license":"U"}}]}],"files":[{"path":"audios\/files-66a25c2246f83.mp3","mime":"audio\/mpeg","copyright":{"license":"U"}}]},"subContentId":"2f482722-a9d1-46e0-a4e4-635fc9883b43","metadata":{"contentType":"Curious Reader Audio","license":"U","title":"Untitled Curious Reader Audio"}},"backgroundOpacity":0,"willDoAnimation":false,"animationType":"glow","displayAsButton":false,"buttonSize":"big","goToSlideType":"specified","invisible":false},{"x":40.44117647058824,"y":7.298290909090908,"width":17.830882352941174,"height":28,"action":{"library":"H5P.Image 1.1","params":{"contentName":"Image"},"subContentId":"50285d1c-f9cd-437e-aaa4-f3357b7b95a3","metadata":{"contentType":"Image","license":"U","title":"Untitled Image"}},"backgroundOpacity":0,"willDoAnimation":true,"animationType":"glow","displayAsButton":false,"buttonSize":"big","goToSlideType":"specified","invisible":false,"id":"img2f482722-a9d1-46e0-a4e4-635fc9883b43_1"}]},{"elements":[{"x":29.95561224489796,"y":6.019748110831234,"width":40.05102040816327,"height":73.04785894206549,"action":{"library":"H5P.Image 1.1","params":{"contentName":"Image","file":{"path":"images\/file-618eaa5be44fc.jpg","mime":"image\/jpeg","copyright":{"license":"U"},"width":273,"height":273},"alt":"Nginabangane abane.","title":"Nginabangane abane."},"subContentId":"ae66385b-0d27-4457-be23-9484bf4339ff","metadata":{"contentType":"Image","license":"U","title":"Untitled Image"}},"backgroundOpacity":0,"willDoAnimation":false,"animationType":"glow","displayAsButton":false,"buttonSize":"big","goToSlideType":"specified","invisible":false},{"x":10.204081632653061,"y":78.0639798488665,"width":72.70408163265306,"height":17.632241813602015,"action":{"library":"H5P.CRAdvancedText 1.1","params":{"text":"<p dir=\"ltr\" style=\"text-align: center;\"><span style=\"font-size:1.75em;\"><span style=\"color:#ffffff;\">Ina da abokanai guda hu\u0257u.<\/span><\/span><\/p>\n"},"subContentId":"57938d29-84fc-44ea-9e87-80ef0111d353","metadata":{"contentType":"Text","license":"U","title":"Untitled Text"}},"alwaysDisplayComments":false,"backgroundOpacity":0,"willDoAnimation":false,"animationType":"glow","displayAsButton":false,"buttonSize":"big","goToSlideType":"specified","invisible":false,"solution":""},{"x":46.96691176470588,"y":44,"width":40,"height":40,"action":{"library":"H5P.CRAudio 1.4","params":{"fitToWrapper":true,"currIndex":2,"playerMode":"minimalistic","controls":true,"autoplay":true,"playAudio":"Play audio","pauseAudio":"Pause audio","contentName":"Audio","glowColor":"#ffd85a","timeStampForEachText":[{"text":" Ina ","startDuration":"0.7171","endDuration":"1.1711","wordfile":[{"path":"audios\/wordfile-66a25c91359ec.mp3","mime":"audio\/mpeg","copyright":{"license":"U"}}]},{"text":" da ","startDuration":"1.1721","endDuration":"1.2846","wordfile":[{"path":"audios\/wordfile-66a25cb7f3c6d.mp3","mime":"audio\/mpeg","copyright":{"license":"U"}}]},{"text":" abokanai ","startDuration":"1.2856","endDuration":"2.1355","wordfile":[{"path":"audios\/wordfile-66a25ccb70a6c.mp3","mime":"audio\/mpeg","copyright":{"license":"U"}}]},{"text":" guda ","startDuration":"2.1365","endDuration":"2.5755","wordfile":[{"path":"audios\/wordfile-66a25ce351e25.mp3","mime":"audio\/mpeg","copyright":{"license":"U"}}]},{"text":" hu\u0257u. ","startDuration":"2.5765","endDuration":"3.0678","wordfile":[{"path":"audios\/wordfile-66a25cf5396de.mp3","mime":"audio\/mpeg","copyright":{"license":"U"}}]}],"files":[{"path":"audios\/files-66a25c7089bb8.mp3","mime":"audio\/mpeg","copyright":{"license":"U"}}]},"subContentId":"ed15dfc8-8458-45da-97ca-5df2b87b4868","metadata":{"contentType":"Curious Reader Audio","license":"U","title":"Untitled Curious Reader Audio"}},"backgroundOpacity":0,"willDoAnimation":false,"animationType":"glow","displayAsButton":false,"buttonSize":"big","goToSlideType":"specified","invisible":false},{"x":29.411764705882355,"y":7.289781818181819,"width":40.0735294117647,"height":46.18181818181818,"action":{"library":"H5P.Image 1.1","params":{"contentName":"Image"},"subContentId":"af25e2a0-88b8-43ea-acea-3232a41d2f03","metadata":{"contentType":"Image","license":"U","title":"Untitled Image"}},"backgroundOpacity":0,"willDoAnimation":true,"animationType":"glow","displayAsButton":false,"buttonSize":"big","goToSlideType":"specified","invisible":false,"id":"imged15dfc8-8458-45da-97ca-5df2b87b4868_2"},{"x":29.411764705882355,"y":7.289781818181819,"width":40.0735294117647,"height":46.18181818181818,"action":{"library":"H5P.Image 1.1","params":{"contentName":"Image"},"subContentId":"75a809d7-8c31-4a5c-8cf2-efd2d8d237b1","metadata":{"contentType":"Image","license":"U","title":"Untitled Image"}},"backgroundOpacity":0,"willDoAnimation":true,"animationType":"glow","displayAsButton":false,"buttonSize":"big","goToSlideType":"specified","invisible":false,"id":"imged15dfc8-8458-45da-97ca-5df2b87b4868_4"}],"slideBackgroundSelector":{}},{"elements":[{"x":46.84095860566449,"y":15.053763440860214,"width":39.998148148148,"height":70.107027346691,"action":{"library":"H5P.Image 1.1","params":{"contentName":"Image","file":{"path":"images\/file-618eaaf72c1e1.jpg","mime":"image\/jpeg","copyright":{"license":"U"},"width":273,"height":273},"alt":"Amagama abo nguZizo, Lele, Sisa kanye no-Ayanda.","title":"Amagama abo nguZizo, Lele, Sisa kanye no-Ayanda."},"subContentId":"452a3227-be2b-4299-a321-0e2a44729e66","metadata":{"contentType":"Image","license":"U","title":"Untitled Image"}},"backgroundOpacity":0,"willDoAnimation":false,"animationType":"glow","displayAsButton":false,"buttonSize":"big","goToSlideType":"specified","invisible":false},{"x":3.2679738562091503,"y":27.956989247311824,"width":40.30612244897959,"height":52.896725440806044,"action":{"library":"H5P.CRAdvancedText 1.1","params":{"text":"<p dir=\"ltr\" style=\"text-align: center;\"><span style=\"font-size:1.75em;\"><span style=\"color:#ffffff;\">Sunayensu Zizo, Lele, Sisa da Ayanda.<\/span><\/span><\/p>\n"},"subContentId":"90b9ee88-704b-4089-94e8-b4c6f859df47","metadata":{"contentType":"Text","license":"U","title":"Untitled Text"}},"alwaysDisplayComments":false,"backgroundOpacity":0,"willDoAnimation":false,"animationType":"glow","displayAsButton":false,"buttonSize":"big","goToSlideType":"specified","invisible":false,"solution":""},{"x":46.96691176470588,"y":44,"width":40,"height":40,"action":{"library":"H5P.CRAudio 1.4","params":{"fitToWrapper":true,"currIndex":3,"playerMode":"minimalistic","controls":true,"autoplay":true,"playAudio":"Play audio","pauseAudio":"Pause audio","contentName":"Audio","glowColor":"#ffd85a","timeStampForEachText":[{"text":" Sunayensu ","startDuration":"0.0000","endDuration":"2.0906","wordfile":[{"path":"audios\/wordfile-66a25d2aa753e.mp3","mime":"audio\/mpeg","copyright":{"license":"U"}}]},{"text":" Zizo, ","startDuration":"2.0916","endDuration":"3.5638","wordfile":[{"path":"audios\/wordfile-66a25d3ee9e1f.mp3","mime":"audio\/mpeg","copyright":{"license":"U"}}]},{"text":" Lele, ","startDuration":"3.5648","endDuration":"5.0017","wordfile":[{"path":"audios\/wordfile-66a25d55626a8.mp3","mime":"audio\/mpeg","copyright":{"license":"U"}}]},{"text":" Sisa ","startDuration":"5.0027","endDuration":"6.4396","wordfile":[{"path":"audios\/wordfile-66a25d7000422.mp3","mime":"audio\/mpeg","copyright":{"license":"U"}}]},{"text":" da ","startDuration":"6.4406","endDuration":"7.2060","wordfile":[{"path":"audios\/wordfile-66a25d813e7db.mp3","mime":"audio\/mpeg","copyright":{"license":"U"}}]},{"text":" Ayanda. ","startDuration":"7.2070","endDuration":"8.3965","wordfile":[{"path":"audios\/wordfile-66a25d9226a02.mp3","mime":"audio\/mpeg","copyright":{"license":"U"}}]}],"files":[{"path":"audios\/files-66a25d115e2bf.mp3","mime":"audio\/mpeg","copyright":{"license":"U"}}]},"subContentId":"a856f1e3-9884-43ab-b294-7b2e77334611","metadata":{"contentType":"Curious Reader Audio","license":"U","title":"Untitled Curious Reader Audio"}},"backgroundOpacity":0,"willDoAnimation":false,"animationType":"glow","displayAsButton":false,"buttonSize":"big","goToSlideType":"specified","invisible":false},{"x":44.11764705882353,"y":21.818181818181817,"width":14.15441176470588,"height":26.181818181818183,"action":{"library":"H5P.Image 1.1","params":{"contentName":"Image"},"subContentId":"b5cdc2c2-407b-47b6-a2e3-bebf2e0eed86","metadata":{"contentType":"Image","license":"U","title":"Untitled Image"}},"backgroundOpacity":0,"willDoAnimation":true,"animationType":"glow","displayAsButton":false,"buttonSize":"big","goToSlideType":"specified","invisible":false,"id":"imga856f1e3-9884-43ab-b294-7b2e77334611_1"},{"x":51.470588235294116,"y":25.454545454545453,"width":14.15441176470588,"height":24.363636363636363,"action":{"library":"H5P.Image 1.1","params":{"contentName":"Image"},"subContentId":"de0273de-4665-4d4d-a20f-a8435ceaf47e","metadata":{"contentType":"Image","license":"U","title":"Untitled Image"}},"backgroundOpacity":0,"willDoAnimation":true,"animationType":"glow","displayAsButton":false,"buttonSize":"big","goToSlideType":"specified","invisible":false,"id":"imga856f1e3-9884-43ab-b294-7b2e77334611_2"},{"x":77.20588235294117,"y":18.258509090909094,"width":10.477941176470587,"height":24.363636363636363,"action":{"library":"H5P.Image 1.1","params":{"contentName":"Image"},"subContentId":"7f003b95-ef19-4b12-a4a1-4ebc426994b6","metadata":{"contentType":"Image","license":"U","title":"Untitled Image"}},"backgroundOpacity":0,"willDoAnimation":true,"animationType":"glow","displayAsButton":false,"buttonSize":"big","goToSlideType":"specified","invisible":false,"id":"imga856f1e3-9884-43ab-b294-7b2e77334611_3"},{"x":69.85294117647058,"y":25.454545454545453,"width":12.316176470588234,"height":25.09090909090909,"action":{"library":"H5P.Image 1.1","params":{"contentName":"Image"},"subContentId":"df265b52-3330-4716-9780-382399971665","metadata":{"contentType":"Image","license":"U","title":"Untitled Image"}},"backgroundOpacity":0,"willDoAnimation":true,"animationType":"glow","displayAsButton":false,"buttonSize":"big","goToSlideType":"specified","invisible":false,"id":"imga856f1e3-9884-43ab-b294-7b2e77334611_5"}],"slideBackgroundSelector":{}},{"elements":[{"x":4.6296296296296,"y":12.193374729841,"width":41.666666666667,"height":73.160248379043,"action":{"library":"H5P.Image 1.1","params":{"contentName":"Image","alt":"Umngani wami uZizo uthanda ukudlala ibhola.","file":{"path":"images\/file-618ead11f0668.jpg","mime":"image\/jpeg","copyright":{"license":"U"},"width":273,"height":273},"title":"Umngani wami uZizo uthanda ukudlala ibhola."},"subContentId":"6393f6bc-06c5-422b-b91a-1b61280a82f6","metadata":{"contentType":"Image","license":"U","title":"Untitled Image"}},"backgroundOpacity":0,"willDoAnimation":false,"animationType":"glow","displayAsButton":false,"buttonSize":"big","goToSlideType":"specified","invisible":false},{"x":49.744897959183675,"y":20.14523929471033,"width":43.62244897959184,"height":63.47607052896725,"action":{"library":"H5P.CRAdvancedText 1.1","params":{"text":"<p dir=\"ltr\" style=\"text-align: center;\"><span style=\"font-size:1.75em;\"><span style=\"color:#ffffff;\">Abokina Zizo yana son wasan buga kwallo.<\/span><\/span><\/p>\n"},"subContentId":"f5e3c72c-0ff5-4ef5-82f5-10340deebea8","metadata":{"contentType":"Text","license":"U","title":"Untitled Text"}},"alwaysDisplayComments":false,"backgroundOpacity":0,"willDoAnimation":false,"animationType":"glow","displayAsButton":false,"buttonSize":"big","goToSlideType":"specified","invisible":false,"solution":""},{"x":46.96691176470588,"y":44,"width":40,"height":40,"action":{"library":"H5P.CRAudio 1.4","params":{"fitToWrapper":true,"currIndex":4,"playerMode":"minimalistic","controls":true,"autoplay":true,"playAudio":"Play audio","pauseAudio":"Pause audio","contentName":"Audio","glowColor":"#ffd85a","timeStampForEachText":[{"text":" Abokina ","startDuration":"0.8812","endDuration":"1.8918","wordfile":[{"path":"audios\/wordfile-66a25dcede516.mp3","mime":"audio\/mpeg","copyright":{"license":"U"}}]},{"text":" Zizo ","startDuration":"1.8928","endDuration":"2.4688","wordfile":[{"path":"audios\/wordfile-66a25de2922ca.mp3","mime":"audio\/mpeg","copyright":{"license":"U"}}]},{"text":" yana ","startDuration":"2.4698","endDuration":"3.1397","wordfile":[{"path":"audios\/wordfile-66a25df798ecf.mp3","mime":"audio\/mpeg","copyright":{"license":"U"}}]},{"text":" son ","startDuration":"3.1407","endDuration":"3.5169","wordfile":[{"path":"audios\/wordfile-66a25e1038f0a.mp3","mime":"audio\/mpeg","copyright":{"license":"U"}}]},{"text":" wasan ","startDuration":"3.5179","endDuration":"4.0939","wordfile":[{"path":"audios\/wordfile-66a25e2aba71b.mp3","mime":"audio\/mpeg","copyright":{"license":"U"}}]},{"text":" buga ","startDuration":"4.0949","endDuration":"4.5769","wordfile":[{"path":"audios\/wordfile-66a25e4419303.mp3","mime":"audio\/mpeg","copyright":{"license":"U"}}]},{"text":" kwallo. ","startDuration":"4.5779","endDuration":"5.3418","wordfile":[{"path":"audios\/wordfile-66a25e550577f.mp3","mime":"audio\/mpeg","copyright":{"license":"U"}}]}],"files":[{"path":"audios\/files-66a25db68bd68.mp3","mime":"audio\/mpeg","copyright":{"license":"U"}}]},"subContentId":"ae9e7b54-4cc5-4bb9-860f-b939d7ccef6d","metadata":{"contentType":"Curious Reader Audio","license":"U","title":"Untitled Curious Reader Audio"}},"backgroundOpacity":0,"willDoAnimation":false,"animationType":"glow","displayAsButton":false,"buttonSize":"big","goToSlideType":"specified","invisible":false},{"x":23.89705882352941,"y":54.54545454545455,"width":15.992647058823529,"height":23.636363636363637,"action":{"library":"H5P.Image 1.1","params":{"contentName":"Image"},"subContentId":"ec68814d-a860-40b9-a6d8-890a84cad8d6","metadata":{"contentType":"Image","license":"U","title":"Untitled Image"}},"backgroundOpacity":0,"willDoAnimation":true,"animationType":"glow","displayAsButton":false,"buttonSize":"big","goToSlideType":"specified","invisible":false,"id":"imgae9e7b54-4cc5-4bb9-860f-b939d7ccef6d_4"},{"x":23.89705882352941,"y":54.54545454545455,"width":15.992647058823529,"height":23.636363636363637,"action":{"library":"H5P.Image 1.1","params":{"contentName":"Image"},"subContentId":"cb65ea30-0d0d-47be-b866-feebe8f34795","metadata":{"contentType":"Image","license":"U","title":"Untitled Image"}},"backgroundOpacity":0,"willDoAnimation":true,"animationType":"glow","displayAsButton":false,"buttonSize":"big","goToSlideType":"specified","invisible":false,"id":"imgae9e7b54-4cc5-4bb9-860f-b939d7ccef6d_6"}],"slideBackgroundSelector":{}},{"elements":[{"x":3.8258272058823533,"y":32.838072727272724,"width":44.11764705882353,"height":42.90909090909091,"action":{"library":"H5P.CRAdvancedText 1.1","params":{"text":"<p dir=\"ltr\" style=\"text-align: center;\"><span style=\"font-size:1.75em;\"><span style=\"color:#ffffff;\">Shi kuma Lele yana son wasan iyo a rafi.<\/span><\/span><\/p>\n"},"subContentId":"76183659-b7f0-413b-b61c-7c61946a9942","metadata":{"contentType":"Text","license":"U","title":"Untitled Text"}},"alwaysDisplayComments":false,"backgroundOpacity":0,"willDoAnimation":false,"animationType":"glow","displayAsButton":false,"buttonSize":"big","goToSlideType":"specified","invisible":false,"solution":""},{"x":49.76851851851851,"y":13.698630136986301,"width":39.998148148148,"height":70.102454831167,"action":{"library":"H5P.Image 1.1","params":{"contentName":"Image","file":{"path":"images\/file-618eb063ee94e.jpg","mime":"image\/jpeg","copyright":{"license":"U"},"width":273,"height":273},"alt":"Umngane wami uLele uthanda ukubhukuda.","title":"Umngane wami uLele uthanda ukubhukuda."},"subContentId":"0dc3e4cb-95ea-49b2-b066-22ceb74a7599","metadata":{"contentType":"Image","license":"U","title":"Untitled Image"}},"backgroundOpacity":0,"willDoAnimation":false,"animationType":"glow","displayAsButton":false,"buttonSize":"big","goToSlideType":"specified","invisible":false},{"x":46.96691176470588,"y":44,"width":40,"height":40,"action":{"library":"H5P.CRAudio 1.4","params":{"fitToWrapper":true,"currIndex":5,"playerMode":"minimalistic","controls":true,"autoplay":true,"playAudio":"Play audio","pauseAudio":"Pause audio","contentName":"Audio","glowColor":"#ffd85a","timeStampForEachText":[{"text":" Shi ","startDuration":"0.6271","endDuration":"1.0551","wordfile":[{"path":"audios\/wordfile-66a25e7e43eba.mp3","mime":"audio\/mpeg","copyright":{"license":"U"}}]},{"text":" kuma ","startDuration":"1.0561","endDuration":"1.3587","wordfile":[{"path":"audios\/wordfile-66a25e997a69a.mp3","mime":"audio\/mpeg","copyright":{"license":"U"}}]},{"text":" Lele ","startDuration":"1.3597","endDuration":"1.9360","wordfile":[{"path":"audios\/wordfile-66a25eac64124.mp3","mime":"audio\/mpeg","copyright":{"license":"U"}}]},{"text":" yana ","startDuration":"2.0852","endDuration":"2.6957","wordfile":[{"path":"audios\/wordfile-66a25ed96975a.mp3","mime":"audio\/mpeg","copyright":{"license":"U"}}]},{"text":" son ","startDuration":"2.6967","endDuration":"2.9651","wordfile":[{"path":"audios\/wordfile-66a25f0e6cd6e.mp3","mime":"audio\/mpeg","copyright":{"license":"U"}}]},{"text":" wasan ","startDuration":"2.9661","endDuration":"3.6564","wordfile":[{"path":"audios\/wordfile-66a25f22ab97c.mp3","mime":"audio\/mpeg","copyright":{"license":"U"}}]},{"text":" iyo ","startDuration":"3.6574","endDuration":"4.1196","wordfile":[{"path":"audios\/wordfile-66a25f39c2ed5.mp3","mime":"audio\/mpeg","copyright":{"license":"U"}}]},{"text":" a ","startDuration":"4.1206","endDuration":"4.3776","wordfile":[{"path":"audios\/wordfile-66a25f50dd412.mp3","mime":"audio\/mpeg","copyright":{"license":"U"}}]},{"text":" rafi. ","startDuration":"4.3786","endDuration":"5.0803","wordfile":[{"path":"audios\/wordfile-66a25f69f2773.mp3","mime":"audio\/mpeg","copyright":{"license":"U"}}]}],"files":[{"path":"audios\/files-66a25e6d17315.mp3","mime":"audio\/mpeg","copyright":{"license":"U"}}]},"subContentId":"4145efb0-675c-441b-8fc2-78b368b9ea2d","metadata":{"contentType":"Curious Reader Audio","license":"U","title":"Untitled Curious Reader Audio"}},"backgroundOpacity":0,"willDoAnimation":false,"animationType":"glow","displayAsButton":false,"buttonSize":"big","goToSlideType":"specified","invisible":false},{"x":51.470588235294116,"y":29.09090909090909,"width":27.02205882352941,"height":40,"action":{"library":"H5P.Image 1.1","params":{"contentName":"Image"},"subContentId":"fcfa8a82-1a9e-4cc3-bf2b-65c4f6454440","metadata":{"contentType":"Image","license":"U","title":"Untitled Image"}},"backgroundOpacity":0,"willDoAnimation":true,"animationType":"glow","displayAsButton":false,"buttonSize":"big","goToSlideType":"specified","invisible":false,"id":"img4145efb0-675c-441b-8fc2-78b368b9ea2d_6"}],"slideBackgroundSelector":{}},{"elements":[{"x":51.19825708061002,"y":15.053763440860214,"width":40.305010893246,"height":73.926590264538,"action":{"library":"H5P.Image 1.1","params":{"contentName":"Image","file":{"path":"images\/file-618ecc59ee8f9.jpg","mime":"image\/jpeg","copyright":{"license":"U"},"width":273,"height":273},"alt":"Umngane wami uSisa uthanda ukudlala umacashelana.","title":"Umngane wami uSisa uthanda ukudlala umacashelana."},"subContentId":"75c3c2b5-0b21-46f1-ad99-984d6ab526ad","metadata":{"contentType":"Image","license":"U","title":"Untitled Image"}},"backgroundOpacity":0,"willDoAnimation":false,"animationType":"glow","displayAsButton":false,"buttonSize":"big","goToSlideType":"specified","invisible":false},{"x":5.1020408163265305,"y":42.82115869017632,"width":43.57298474945534,"height":43.44086021505376,"action":{"library":"H5P.CRAdvancedText 1.1","params":{"text":"<p dir=\"ltr\" style=\"text-align: center;\"><span style=\"font-size:1.75em;\"><span style=\"color:#ffffff;\">Abokina Sisa na sha'awar wasan buya.<\/span><\/span><\/p>\n"},"subContentId":"c8ff22ff-1768-44a3-a0ed-b3d522587cef","metadata":{"contentType":"Text","license":"U","title":"Untitled Text"}},"alwaysDisplayComments":false,"backgroundOpacity":0,"willDoAnimation":false,"animationType":"glow","displayAsButton":false,"buttonSize":"big","goToSlideType":"specified","invisible":false,"solution":""},{"x":46.96691176470588,"y":44,"width":40,"height":40,"action":{"library":"H5P.CRAudio 1.4","params":{"fitToWrapper":true,"currIndex":6,"playerMode":"minimalistic","controls":true,"autoplay":true,"playAudio":"Play audio","pauseAudio":"Pause audio","contentName":"Audio","glowColor":"#ffd85a","timeStampForEachText":[{"text":" Abokina ","startDuration":"0.9982","endDuration":"2.0400","wordfile":[{"path":"audios\/wordfile-66a25fb1ce062.mp3","mime":"audio\/mpeg","copyright":{"license":"U"}}]},{"text":" Sisa ","startDuration":"2.0410","endDuration":"2.7942","wordfile":[{"path":"audios\/wordfile-66a25fc2661ef.mp3","mime":"audio\/mpeg","copyright":{"license":"U"}}]},{"text":" na ","startDuration":"2.7952","endDuration":"3.4642","wordfile":[{"path":"audios\/wordfile-66a25fd7c51f8.mp3","mime":"audio\/mpeg","copyright":{"license":"U"}}]},{"text":" sha&#039;awar ","startDuration":"3.4051","endDuration":"4.1463","wordfile":[{"path":"audios\/wordfile-66a260041a3f1.mp3","mime":"audio\/mpeg","copyright":{"license":"U"}}]},{"text":" wasan ","startDuration":"4.1473","endDuration":"4.8404","wordfile":[{"path":"audios\/wordfile-66a260237dcb4.mp3","mime":"audio\/mpeg","copyright":{"license":"U"}}]},{"text":" buya. ","startDuration":"4.8414","endDuration":"5.5826","wordfile":[{"path":"audios\/wordfile-66a2603526381.mp3","mime":"audio\/mpeg","copyright":{"license":"U"}}]}],"files":[{"path":"audios\/files-66a25f8dcd198.mp3","mime":"audio\/mpeg","copyright":{"license":"U"}}]},"subContentId":"96ef8964-1448-4005-a1a4-f994f4480657","metadata":{"contentType":"Curious Reader Audio","license":"U","title":"Untitled Curious Reader Audio"}},"backgroundOpacity":0,"willDoAnimation":false,"animationType":"glow","displayAsButton":false,"buttonSize":"big","goToSlideType":"specified","invisible":false},{"x":51.470588235294116,"y":30.170472727272728,"width":18.566176470588236,"height":53.45454545454545,"action":{"library":"H5P.Image 1.1","params":{"contentName":"Image"},"subContentId":"73ac7cab-e9a2-4617-a9e8-552746234b94","metadata":{"contentType":"Image","license":"U","title":"Untitled Image"}},"backgroundOpacity":0,"willDoAnimation":true,"animationType":"glow","displayAsButton":false,"buttonSize":"big","goToSlideType":"specified","invisible":false,"id":"img96ef8964-1448-4005-a1a4-f994f4480657_5"}],"slideBackgroundSelector":{}},{"elements":[{"x":2.178649237472767,"y":42.98559139784947,"width":44.66230936819172,"height":49.46236559139785,"action":{"library":"H5P.CRAdvancedText 1.1","params":{"text":"<p dir=\"ltr\" style=\"text-align: center;\"><span style=\"font-size:1.75em;\"><span style=\"color:#ffffff;\">Abokina Ayanda yana sha'awar karanta littafi.<\/span><\/span><\/p>\n"},"subContentId":"5fa5cf7b-843e-440c-9615-1ee916184210","metadata":{"contentType":"Text","license":"U","title":"Untitled Text"}},"alwaysDisplayComments":false,"backgroundOpacity":0,"willDoAnimation":false,"animationType":"glow","displayAsButton":false,"buttonSize":"big","goToSlideType":"specified","invisible":false,"solution":""},{"x":49.76851851851851,"y":15.981735159817353,"width":39.998148148148,"height":67.063561014123,"action":{"library":"H5P.Image 1.1","params":{"contentName":"Image","file":{"path":"images\/file-618eb37e56dd2.jpg","mime":"image\/jpeg","copyright":{"license":"U"},"width":273,"height":273},"alt":"Umngane wami u-Ayanda uthanda ukufunda.","title":"Umngane wami u-Ayanda uthanda ukufunda."},"subContentId":"0b6f4751-67d7-4169-9bde-23e430c7c5f5","metadata":{"contentType":"Image","license":"U","title":"Untitled Image"}},"backgroundOpacity":0,"willDoAnimation":false,"animationType":"glow","displayAsButton":false,"buttonSize":"big","goToSlideType":"specified","invisible":false},{"x":46.96691176470588,"y":44,"width":40,"height":40,"action":{"library":"H5P.CRAudio 1.4","params":{"fitToWrapper":true,"currIndex":7,"playerMode":"minimalistic","controls":true,"autoplay":true,"playAudio":"Play audio","pauseAudio":"Pause audio","contentName":"Audio","glowColor":"#ffd85a","timeStampForEachText":[{"text":" Abokina ","startDuration":"0.0000","endDuration":"1.4843","wordfile":[{"path":"audios\/wordfile-66a260c52049e.mp3","mime":"audio\/mpeg","copyright":{"license":"U"}}]},{"text":" Ayanda ","startDuration":"1.4853","endDuration":"2.3095","wordfile":[{"path":"audios\/wordfile-66a260e806678.mp3","mime":"audio\/mpeg","copyright":{"license":"U"}}]},{"text":" yana ","startDuration":"2.3105","endDuration":"3.0386","wordfile":[{"path":"audios\/wordfile-66a26105e6f81.mp3","mime":"audio\/mpeg","copyright":{"license":"U"}}]},{"text":" sha&#039;awar ","startDuration":"3.0396","endDuration":"3.6717","wordfile":[{"path":"audios\/wordfile-66a2611d5d89e.mp3","mime":"audio\/mpeg","copyright":{"license":"U"}}]},{"text":" karanta ","startDuration":"3.6727","endDuration":"4.6409","wordfile":[{"path":"audios\/wordfile-66a2613818ce3.mp3","mime":"audio\/mpeg","copyright":{"license":"U"}}]},{"text":" littafi. ","startDuration":"4.6419","endDuration":"5.6101","wordfile":[{"path":"audios\/wordfile-66a2614864b0e.mp3","mime":"audio\/mpeg","copyright":{"license":"U"}}]}],"files":[{"path":"audios\/files-66a2609663738.mp3","mime":"audio\/mpeg","copyright":{"license":"U"}}]},"subContentId":"9174ed22-9cac-41a9-9a21-1957dc9e5e08","metadata":{"contentType":"Curious Reader Audio","license":"U","title":"Untitled Curious Reader Audio"}},"backgroundOpacity":0,"willDoAnimation":false,"animationType":"glow","displayAsButton":false,"buttonSize":"big","goToSlideType":"specified","invisible":false},{"x":71.69117647058823,"y":43.63636363636363,"width":15.992647058823529,"height":27.272727272727273,"action":{"library":"H5P.Image 1.1","params":{"contentName":"Image"},"subContentId":"2bb70354-f9a6-442a-94d2-cbe9ca90d072","metadata":{"contentType":"Image","license":"U","title":"Untitled Image"}},"backgroundOpacity":0,"willDoAnimation":true,"animationType":"glow","displayAsButton":false,"buttonSize":"big","goToSlideType":"specified","invisible":false,"id":"img9174ed22-9cac-41a9-9a21-1957dc9e5e08_5"}],"slideBackgroundSelector":{}},{"elements":[{"x":52.29591836734694,"y":15.113350125944583,"width":43.20987654321,"height":76.208592061503,"action":{"library":"H5P.Image 1.1","params":{"contentName":"Image","alt":"Mina? Ngiyathanda ukwenza izinto abathanda ukuzenza.","file":{"path":"images\/file-618eb73d03969.jpg","mime":"image\/jpeg","copyright":{"license":"U"},"width":273,"height":273},"title":"Mina? Ngiyathanda ukwenza izinto abathanda ukuzenza."},"subContentId":"c10d2176-9ae1-46fb-9f3c-c6b45d149b92","metadata":{"contentType":"Image","license":"U","title":"Untitled Image"}},"backgroundOpacity":0,"willDoAnimation":false,"animationType":"glow","displayAsButton":false,"buttonSize":"big","goToSlideType":"specified","invisible":false},{"x":3.8258272058823533,"y":32.82669090909091,"width":45.955882352941174,"height":58.18181818181818,"action":{"library":"H5P.CRAdvancedText 1.1","params":{"text":"<p dir=\"ltr\" style=\"text-align: center;\"><span style=\"font-size:1.75em;\"><span style=\"color:#ffffff;\">Ni kuma a kullum ina sha'awar abubuwan da suke sha'awa.&nbsp;<\/span><\/span><\/p>\n"},"subContentId":"01787cd3-7a57-403e-adc9-5d78a1c683c5","metadata":{"contentType":"Text","license":"U","title":"Untitled Text"}},"alwaysDisplayComments":false,"backgroundOpacity":0,"willDoAnimation":false,"animationType":"glow","displayAsButton":false,"buttonSize":"big","goToSlideType":"specified","invisible":false,"solution":""},{"x":46.96691176470588,"y":44,"width":40,"height":40,"action":{"library":"H5P.CRAudio 1.4","params":{"fitToWrapper":true,"currIndex":8,"playerMode":"minimalistic","controls":true,"autoplay":true,"playAudio":"Play audio","pauseAudio":"Pause audio","contentName":"Audio","glowColor":"#ffd85a","timeStampForEachText":[{"text":" Ni ","startDuration":"0.4389","endDuration":"1.0092","wordfile":[{"path":"audios\/wordfile-66a26177e75a3.mp3","mime":"audio\/mpeg","copyright":{"license":"U"}}]},{"text":" kuma ","startDuration":"1.0102","endDuration":"1.5805","wordfile":[{"path":"audios\/wordfile-66a26187b06ce.mp3","mime":"audio\/mpeg","copyright":{"license":"U"}}]},{"text":" a ","startDuration":"1.5815","endDuration":"1.8912","wordfile":[{"path":"audios\/wordfile-66a261a05a629.mp3","mime":"audio\/mpeg","copyright":{"license":"U"}}]},{"text":" kullum ","startDuration":"1.8922","endDuration":"2.4762","wordfile":[{"path":"audios\/wordfile-66a261b672549.mp3","mime":"audio\/mpeg","copyright":{"license":"U"}}]},{"text":" ina ","startDuration":"2.4772","endDuration":"3.1298","wordfile":[{"path":"audios\/wordfile-66a261ccf2510.mp3","mime":"audio\/mpeg","copyright":{"license":"U"}}]},{"text":" sha&#039;awar ","startDuration":"3.1308","endDuration":"4.0165","wordfile":[{"path":"audios\/wordfile-66a261e29e493.mp3","mime":"audio\/mpeg","copyright":{"license":"U"}}]},{"text":" abubuwan ","startDuration":"4.0175","endDuration":"4.8493","wordfile":[{"path":"audios\/wordfile-66a26204b0b4d.mp3","mime":"audio\/mpeg","copyright":{"license":"U"}}]},{"text":" da ","startDuration":"4.8494","endDuration":"5.0494","wordfile":[{"path":"audios\/wordfile-66a26215bc7aa.mp3","mime":"audio\/mpeg","copyright":{"license":"U"}}]},{"text":" suke ","startDuration":"4.9818","endDuration":"5.4424","wordfile":[{"path":"audios\/wordfile-66a2626b20574.mp3","mime":"audio\/mpeg","copyright":{"license":"U"}}]},{"text":" sha&#039;awa.\u00a0 ","startDuration":"5.4434","endDuration":"6.2331","wordfile":[{"path":"audios\/wordfile-66a262887ce34.mp3","mime":"audio\/mpeg","copyright":{"license":"U"}}]}],"files":[{"path":"audios\/files-66a261619eccc.mp3","mime":"audio\/mpeg","copyright":{"license":"U"}}]},"subContentId":"747eeee2-a5bc-424e-bb76-ed64c7151429","metadata":{"contentType":"Curious Reader Audio","license":"U","title":"Untitled Curious Reader Audio"}},"backgroundOpacity":0,"willDoAnimation":false,"animationType":"glow","displayAsButton":false,"buttonSize":"big","goToSlideType":"specified","invisible":false}],"slideBackgroundSelector":{}},{"elements":[{"x":3.826530612244898,"y":73.04785894206549,"width":93.68191721132898,"height":24.946236559139784,"action":{"library":"H5P.CRAdvancedText 1.1","params":{"text":"<p dir=\"ltr\" style=\"text-align: center;\"><span style=\"color:#ffffff;\"><span style=\"font-size:1.75em;\">Ina buga \u0199wallo da Zizo.<\/span><\/span><\/p>\n"},"subContentId":"c0103700-9490-46ad-806e-95977b01da71","metadata":{"contentType":"Text","license":"U","title":"Untitled Text"}},"alwaysDisplayComments":false,"backgroundOpacity":0,"willDoAnimation":false,"animationType":"glow","displayAsButton":false,"buttonSize":"big","goToSlideType":"specified","invisible":false,"solution":""},{"x":30.501089324618736,"y":2.150537634408602,"width":37.642919389978,"height":68.856593233979,"action":{"library":"H5P.Image 1.1","params":{"contentName":"Image","alt":"Ngidlala ibhola noZizo.","file":{"path":"images\/file-618eb89609ed6.jpg","mime":"image\/jpeg","copyright":{"license":"U"},"width":273,"height":273},"title":"Ngidlala ibhola noZizo."},"subContentId":"07536b8d-c38f-40e0-9261-226d0a11c99a","metadata":{"contentType":"Image","license":"U","title":"Untitled Image"}},"backgroundOpacity":0,"willDoAnimation":false,"animationType":"glow","displayAsButton":false,"buttonSize":"big","goToSlideType":"specified","invisible":false},{"x":46.96691176470588,"y":44,"width":40,"height":40,"action":{"library":"H5P.CRAudio 1.4","params":{"fitToWrapper":true,"currIndex":9,"playerMode":"minimalistic","controls":true,"autoplay":true,"playAudio":"Play audio","pauseAudio":"Pause audio","contentName":"Audio","glowColor":"#ffd85a","timeStampForEachText":[{"text":" Ina ","startDuration":"0.7690","endDuration":"1.2685","wordfile":[{"path":"audios\/wordfile-66a262cb1d7f8.mp3","mime":"audio\/mpeg","copyright":{"license":"U"}}]},{"text":" buga ","startDuration":"1.2695","endDuration":"1.6233","wordfile":[{"path":"audios\/wordfile-66a262dd80df9.mp3","mime":"audio\/mpeg","copyright":{"license":"U"}}]},{"text":" \u0199wallo ","startDuration":"1.6243","endDuration":"2.2614","wordfile":[{"path":"audios\/wordfile-66a262f226068.mp3","mime":"audio\/mpeg","copyright":{"license":"U"}}]},{"text":" da ","startDuration":"2.2624","endDuration":"2.7376","wordfile":[{"path":"audios\/wordfile-66a263074f8f2.mp3","mime":"audio\/mpeg","copyright":{"license":"U"}}]},{"text":" Zizo. ","startDuration":"2.7386","endDuration":"3.3110","wordfile":[{"path":"audios\/wordfile-66a263192c135.mp3","mime":"audio\/mpeg","copyright":{"license":"U"}}]}],"files":[{"path":"audios\/files-66a262aa4eae9.mp3","mime":"audio\/mpeg","copyright":{"license":"U"}}]},"subContentId":"ad004dcd-ec6e-4f3e-8a33-43ec1a9003e5","metadata":{"contentType":"Curious Reader Audio","license":"U","title":"Untitled Curious Reader Audio"}},"backgroundOpacity":0,"willDoAnimation":false,"animationType":"glow","displayAsButton":false,"buttonSize":"big","goToSlideType":"specified","invisible":false},{"x":45.955882352941174,"y":47.27272727272727,"width":12.316176470588234,"height":19.636363636363637,"action":{"library":"H5P.Image 1.1","params":{"contentName":"Image"},"subContentId":"69f0fc2a-542b-4717-b26e-f6770e05238a","metadata":{"contentType":"Image","license":"U","title":"Untitled Image"}},"backgroundOpacity":0,"willDoAnimation":true,"animationType":"glow","displayAsButton":false,"buttonSize":"big","goToSlideType":"specified","invisible":false,"id":"imgad004dcd-ec6e-4f3e-8a33-43ec1a9003e5_2"},{"x":34.92647058823529,"y":3.6363636363636362,"width":15.992647058823529,"height":29.818181818181817,"action":{"library":"H5P.Image 1.1","params":{"contentName":"Image"},"subContentId":"e913a99b-b094-4ce8-be3b-3e9445000d5e","metadata":{"contentType":"Image","license":"U","title":"Untitled Image"}},"backgroundOpacity":0,"willDoAnimation":true,"animationType":"glow","displayAsButton":false,"buttonSize":"big","goToSlideType":"specified","invisible":false,"id":"imgad004dcd-ec6e-4f3e-8a33-43ec1a9003e5_4"}],"slideBackgroundSelector":{}},{"elements":[{"x":5.514705882352941,"y":78.50836363636363,"width":86.3970588235294,"height":18.181818181818183,"action":{"library":"H5P.CRAdvancedText 1.1","params":{"text":"<p dir=\"ltr\" style=\"text-align: center;\"><span style=\"font-size:1.75em;\"><span style=\"color:#ffffff;\">Ina wasan iyo da Lele.<\/span><\/span><\/p>\n"},"subContentId":"4f10339f-9758-4ec2-b3ad-9bda148dc589","metadata":{"contentType":"Text","license":"U","title":"Untitled Text"}},"alwaysDisplayComments":false,"backgroundOpacity":0,"willDoAnimation":false,"animationType":"glow","displayAsButton":false,"buttonSize":"big","goToSlideType":"specified","invisible":false,"solution":""},{"x":27.77716836734694,"y":6.0177833753148615,"width":40.05102040816327,"height":73.04785894206549,"action":{"library":"H5P.Image 1.1","params":{"contentName":"Image","file":{"path":"images\/file-618eb96526d0d.jpg","mime":"image\/jpeg","copyright":{"license":"U"},"width":273,"height":273},"alt":"Ngibhukuda noLele.","title":"Ngibhukuda noLele."},"subContentId":"5a25762a-d5eb-41ab-be59-b3eb68d8ec63","metadata":{"contentType":"Image","license":"U","title":"Untitled Image"}},"backgroundOpacity":0,"willDoAnimation":false,"animationType":"glow","displayAsButton":false,"buttonSize":"big","goToSlideType":"specified","invisible":false},{"x":46.96691176470588,"y":44,"width":40,"height":40,"action":{"library":"H5P.CRAudio 1.4","params":{"fitToWrapper":true,"currIndex":10,"playerMode":"minimalistic","controls":true,"autoplay":true,"playAudio":"Play audio","pauseAudio":"Pause audio","contentName":"Audio","glowColor":"#ffd85a","timeStampForEachText":[{"text":" Ina ","startDuration":"0.6884","endDuration":"1.1235","wordfile":[{"path":"audios\/wordfile-66a2634c72017.mp3","mime":"audio\/mpeg","copyright":{"license":"U"}}]},{"text":" wasan ","startDuration":"1.1245","endDuration":"1.7694","wordfile":[{"path":"audios\/wordfile-66a26363ac232.mp3","mime":"audio\/mpeg","copyright":{"license":"U"}}]},{"text":" iyo ","startDuration":"1.7704","endDuration":"2.2810","wordfile":[{"path":"audios\/wordfile-66a2637d718a8.mp3","mime":"audio\/mpeg","copyright":{"license":"U"}}]},{"text":" da ","startDuration":"2.2820","endDuration":"2.7842","wordfile":[{"path":"audios\/wordfile-66a2639090b9b.mp3","mime":"audio\/mpeg","copyright":{"license":"U"}}]},{"text":" Lele. ","startDuration":"2.7852","endDuration":"3.4721","wordfile":[{"path":"audios\/wordfile-66a263a1a3108.mp3","mime":"audio\/mpeg","copyright":{"license":"U"}}]}],"files":[{"path":"audios\/files-66a26330f1f94.mp3","mime":"audio\/mpeg","copyright":{"license":"U"}}]},"subContentId":"43e04463-564f-491b-87fd-2920f6551405","metadata":{"contentType":"Curious Reader Audio","license":"U","title":"Untitled Curious Reader Audio"}},"backgroundOpacity":0,"willDoAnimation":false,"animationType":"glow","displayAsButton":false,"buttonSize":"big","goToSlideType":"specified","invisible":false},{"x":29.41176470588235,"y":36.36363636363637,"width":12.316176470588234,"height":27.636363636363637,"action":{"library":"H5P.Image 1.1","params":{"contentName":"Image"},"subContentId":"31005d0f-8c02-4263-9fe8-de2b494a7415","metadata":{"contentType":"Image","license":"U","title":"Untitled Image"}},"backgroundOpacity":0,"willDoAnimation":true,"animationType":"glow","displayAsButton":false,"buttonSize":"big","goToSlideType":"specified","invisible":false,"id":"img43e04463-564f-491b-87fd-2920f6551405_4"},{"x":29.963235294117645,"y":30.085236363636366,"width":34.375,"height":40,"action":{"library":"H5P.Image 1.1","params":{"contentName":"Image"},"subContentId":"0c3a60b7-663e-4d57-ab3c-85f34b50c4bf","metadata":{"contentType":"Image","license":"U","title":"Untitled Image"}},"backgroundOpacity":0,"willDoAnimation":true,"animationType":"glow","displayAsButton":false,"buttonSize":"big","goToSlideType":"specified","invisible":false,"id":"img43e04463-564f-491b-87fd-2920f6551405_2"}],"slideBackgroundSelector":{}},{"elements":[{"x":5.1020408163265305,"y":73.04785894206549,"width":91.83673469387756,"height":25.188916876574307,"action":{"library":"H5P.CRAdvancedText 1.1","params":{"text":"<p dir=\"ltr\" style=\"text-align: center;\"><span style=\"font-size:1.75em;\"><span style=\"color:#ffffff;\">Ina wasan buya da Sisa.&nbsp;<\/span><\/span><\/p>\n"},"subContentId":"5ce600c0-9e95-4b84-9330-56cc92fd0bf7","metadata":{"contentType":"Text","license":"U","title":"Untitled Text"}},"alwaysDisplayComments":false,"backgroundOpacity":0,"willDoAnimation":false,"animationType":"glow","displayAsButton":false,"buttonSize":"big","goToSlideType":"specified","invisible":false,"solution":""},{"x":29.520697167756,"y":6.0249519079732,"width":39.998148148148,"height":66.791953592016,"action":{"library":"H5P.Image 1.1","params":{"contentName":"Image","file":{"path":"images\/file-618ebb55f4134.jpg","mime":"image\/jpeg","copyright":{"license":"U"},"width":273,"height":273},"alt":"Ngidlala umacashelana noSisa.","title":"Ngidlala umacashelana noSisa."},"subContentId":"7fcf93f8-b105-4383-8477-0218ce8d77da","metadata":{"contentType":"Image","license":"U","title":"Untitled Image"}},"backgroundOpacity":0,"willDoAnimation":false,"animationType":"glow","displayAsButton":false,"buttonSize":"big","goToSlideType":"specified","invisible":false},{"x":46.96691176470588,"y":44,"width":40,"height":40,"action":{"library":"H5P.CRAudio 1.4","params":{"fitToWrapper":true,"currIndex":11,"playerMode":"minimalistic","controls":true,"autoplay":true,"playAudio":"Play audio","pauseAudio":"Pause audio","contentName":"Audio","glowColor":"#ffd85a","timeStampForEachText":[{"text":" Ina ","startDuration":"0.8775","endDuration":"1.2663","wordfile":[{"path":"audios\/wordfile-66a263d3470f4.mp3","mime":"audio\/mpeg","copyright":{"license":"U"}}]},{"text":" wasan ","startDuration":"1.2673","endDuration":"1.8636","wordfile":[{"path":"audios\/wordfile-66a263e65f699.mp3","mime":"audio\/mpeg","copyright":{"license":"U"}}]},{"text":" buya ","startDuration":"1.8646","endDuration":"2.5458","wordfile":[{"path":"audios\/wordfile-66a263f7824aa.mp3","mime":"audio\/mpeg","copyright":{"license":"U"}}]},{"text":" da ","startDuration":"2.5468","endDuration":"2.9072","wordfile":[{"path":"audios\/wordfile-66a2640958bd2.mp3","mime":"audio\/mpeg","copyright":{"license":"U"}}]},{"text":" Sisa.\u00a0 ","startDuration":"2.9082","endDuration":"3.7404","wordfile":[{"path":"audios\/wordfile-66a2641a26796.mp3","mime":"audio\/mpeg","copyright":{"license":"U"}}]}],"files":[{"path":"audios\/files-66a263b97be80.mp3","mime":"audio\/mpeg","copyright":{"license":"U"}}]},"subContentId":"cad3d038-3687-4266-bcbc-fbe67758ec60","metadata":{"contentType":"Curious Reader Audio","license":"U","title":"Untitled Curious Reader Audio"}},"backgroundOpacity":0,"willDoAnimation":false,"animationType":"glow","displayAsButton":false,"buttonSize":"big","goToSlideType":"specified","invisible":false},{"x":31.249999999999996,"y":25.454545454545453,"width":15.992647058823529,"height":27.272727272727273,"action":{"library":"H5P.Image 1.1","params":{"contentName":"Image"},"subContentId":"868dc073-0b08-42f5-913a-c6e9b46f43b0","metadata":{"contentType":"Image","license":"U","title":"Untitled Image"}},"backgroundOpacity":0,"willDoAnimation":true,"animationType":"glow","displayAsButton":false,"buttonSize":"big","goToSlideType":"specified","invisible":false,"id":"imgcad3d038-3687-4266-bcbc-fbe67758ec60_4"},{"x":29.41176470588235,"y":18.181818181818183,"width":40.0735294117647,"height":49.81818181818182,"action":{"library":"H5P.Image 1.1","params":{"contentName":"Image"},"subContentId":"1e008315-50cd-4426-8a2d-6afc50366aa6","metadata":{"contentType":"Image","license":"U","title":"Untitled Image"}},"backgroundOpacity":0,"willDoAnimation":true,"animationType":"glow","displayAsButton":false,"buttonSize":"big","goToSlideType":"specified","invisible":false,"id":"imgcad3d038-3687-4266-bcbc-fbe67758ec60_2"}],"slideBackgroundSelector":{}},{"elements":[{"x":16.544117647058822,"y":3.6363636363636362,"width":68.87755102040816,"height":69.0176322418136,"action":{"library":"H5P.Image 1.1","params":{"contentName":"Image","file":{"path":"images\/file-618ecd7fc659d.jpg","mime":"image\/jpeg","copyright":{"license":"U"},"width":350,"height":210}},"subContentId":"c2ff2e98-73c7-4f05-b67e-e393662e801c","metadata":{"contentType":"Image","license":"U","title":"Untitled Image"}},"backgroundOpacity":0,"willDoAnimation":false,"animationType":"glow","displayAsButton":false,"buttonSize":"big","goToSlideType":"specified","invisible":false},{"x":1.838235294117647,"y":76.36363636363636,"width":97.83163265306122,"height":17.632241813602015,"action":{"library":"H5P.CRAdvancedText 1.1","params":{"text":"<p dir=\"ltr\" style=\"text-align: center;\"><span style=\"font-size:1.75em;\"><span style=\"color:#ffffff;\">Ina yin karatu da Ayanda.<\/span><\/span><\/p>\n"},"subContentId":"bb08e97d-bef7-4a5e-bda8-a71c987a742e","metadata":{"contentType":"Text","license":"U","title":"Untitled Text"}},"alwaysDisplayComments":false,"backgroundOpacity":0,"willDoAnimation":false,"animationType":"glow","displayAsButton":false,"buttonSize":"big","goToSlideType":"specified","invisible":false,"solution":""},{"x":46.96691176470588,"y":44,"width":40,"height":40,"action":{"library":"H5P.CRAudio 1.4","params":{"fitToWrapper":true,"currIndex":12,"playerMode":"minimalistic","controls":true,"autoplay":true,"playAudio":"Play audio","pauseAudio":"Pause audio","contentName":"Audio","glowColor":"#ffd85a","timeStampForEachText":[{"text":" Ina ","startDuration":"1.1795","endDuration":"1.5963","wordfile":[{"path":"audios\/wordfile-66a2644ba85f1.mp3","mime":"audio\/mpeg","copyright":{"license":"U"}}]},{"text":" yin ","startDuration":"1.5973","endDuration":"1.9447","wordfile":[{"path":"audios\/wordfile-66a2645d7f5cb.mp3","mime":"audio\/mpeg","copyright":{"license":"U"}}]},{"text":" karatu ","startDuration":"1.9457","endDuration":"2.7268","wordfile":[{"path":"audios\/wordfile-66a264739379c.mp3","mime":"audio\/mpeg","copyright":{"license":"U"}}]},{"text":" da ","startDuration":"2.7278","endDuration":"3.1273","wordfile":[{"path":"audios\/wordfile-66a26486a1fca.mp3","mime":"audio\/mpeg","copyright":{"license":"U"}}]},{"text":" Ayanda. ","startDuration":"3.1283","endDuration":"3.9441","wordfile":[{"path":"audios\/wordfile-66a264989a579.mp3","mime":"audio\/mpeg","copyright":{"license":"U"}}]}],"files":[{"path":"audios\/files-66a264314bdb2.mp3","mime":"audio\/mpeg","copyright":{"license":"U"}}]},"subContentId":"bd2718ea-e4a2-46cb-a563-527643ca6779","metadata":{"contentType":"Curious Reader Audio","license":"U","title":"Untitled Curious Reader Audio"}},"backgroundOpacity":0,"willDoAnimation":false,"animationType":"glow","displayAsButton":false,"buttonSize":"big","goToSlideType":"specified","invisible":false},{"x":25.735294117647058,"y":14.585236363636364,"width":17.830882352941174,"height":46.18181818181818,"action":{"library":"H5P.Image 1.1","params":{"contentName":"Image"},"subContentId":"86cd92b5-58a2-44bf-bbb8-8073317cad95","metadata":{"contentType":"Image","license":"U","title":"Untitled Image"}},"backgroundOpacity":0,"willDoAnimation":true,"animationType":"glow","displayAsButton":false,"buttonSize":"big","goToSlideType":"specified","invisible":false,"id":"imgbd2718ea-e4a2-46cb-a563-527643ca6779_4"},{"x":23.897058823529413,"y":10.96589090909091,"width":50.91911764705882,"height":53.45454545454545,"action":{"library":"H5P.Image 1.1","params":{"contentName":"Image"},"subContentId":"a8e7ad52-9f56-412a-b0d5-bebcebaec8fd","metadata":{"contentType":"Image","license":"U","title":"Untitled Image"}},"backgroundOpacity":0,"willDoAnimation":true,"animationType":"glow","displayAsButton":false,"buttonSize":"big","goToSlideType":"specified","invisible":false,"id":"imgbd2718ea-e4a2-46cb-a563-527643ca6779_2"}],"slideBackgroundSelector":{}},{"elements":[{"x":1.838235294117647,"y":80,"width":95.66326530612245,"height":17.632241813602015,"action":{"library":"H5P.CRAdvancedText 1.1","params":{"text":"<p dir=\"ltr\" style=\"text-align: center;\"><span style=\"color:#ffffff;\"><span style=\"font-size:1.75em;\">Kazo ya kai abokina, me kake so?&nbsp;<\/span><\/span><\/p>\n"},"subContentId":"561dd707-289b-446f-bb31-a8d898b0b627","metadata":{"contentType":"Text","license":"U","title":"Untitled Text"}},"alwaysDisplayComments":false,"backgroundOpacity":0,"willDoAnimation":false,"animationType":"glow","displayAsButton":false,"buttonSize":"big","goToSlideType":"specified","invisible":false,"solution":""},{"x":29.336734693877553,"y":4.295894206549118,"width":42.474489795918366,"height":73.29974811083123,"action":{"library":"H5P.Image 1.1","params":{"contentName":"Image","file":{"path":"images\/file-618ebd51e59a0.jpg","mime":"image\/jpeg","copyright":{"license":"U"},"width":273,"height":273},"alt":"Woza, mngane, yini oyithandayo?","title":"Woza, mngane, yini oyithandayo?"},"subContentId":"a94f03fd-3ce4-4a62-9d49-2af4710dd854","metadata":{"contentType":"Image","license":"U","title":"Untitled Image"}},"backgroundOpacity":0,"willDoAnimation":false,"animationType":"glow","displayAsButton":false,"buttonSize":"big","goToSlideType":"specified","invisible":false},{"x":46.96691176470588,"y":44,"width":40,"height":40,"action":{"library":"H5P.CRAudio 1.4","params":{"fitToWrapper":true,"currIndex":13,"playerMode":"minimalistic","controls":true,"autoplay":true,"playAudio":"Play audio","pauseAudio":"Pause audio","contentName":"Audio","glowColor":"#ffd85a","timeStampForEachText":[{"text":" Kazo ","startDuration":"0.5168","endDuration":"1.1066","wordfile":[{"path":"audios\/wordfile-66a264cf0d181.mp3","mime":"audio\/mpeg","copyright":{"license":"U"}}]},{"text":" ya ","startDuration":"1.1076","endDuration":"1.3076","wordfile":[{"path":"audios\/wordfile-66a264e0378f9.mp3","mime":"audio\/mpeg","copyright":{"license":"U"}}]},{"text":" kai ","startDuration":"1.3086","endDuration":"1.5539","wordfile":[{"path":"audios\/wordfile-66a264f25936b.mp3","mime":"audio\/mpeg","copyright":{"license":"U"}}]},{"text":" abokina, ","startDuration":"1.5549","endDuration":"2.4530","wordfile":[{"path":"audios\/wordfile-66a26514018b1.mp3","mime":"audio\/mpeg","copyright":{"license":"U"}}]},{"text":" me ","startDuration":"2.6081","endDuration":"3.0620","wordfile":[{"path":"audios\/wordfile-66a26525c99d1.mp3","mime":"audio\/mpeg","copyright":{"license":"U"}}]},{"text":" kake ","startDuration":"3.0630","endDuration":"3.5350","wordfile":[{"path":"audios\/wordfile-66a2653ce8b8a.mp3","mime":"audio\/mpeg","copyright":{"license":"U"}}]},{"text":" so?\u00a0 ","startDuration":"3.5360","endDuration":"3.9898","wordfile":[{"path":"audios\/wordfile-66a2654f59646.mp3","mime":"audio\/mpeg","copyright":{"license":"U"}}]}],"files":[{"path":"audios\/files-66a264b00a5d0.mp3","mime":"audio\/mpeg","copyright":{"license":"U"}}]},"subContentId":"08b7c6fa-3d62-405e-a017-9ab3f62a0e48","metadata":{"contentType":"Curious Reader Audio","license":"U","title":"Untitled Curious Reader Audio"}},"backgroundOpacity":0,"willDoAnimation":false,"animationType":"glow","displayAsButton":false,"buttonSize":"big","goToSlideType":"specified","invisible":false}],"slideBackgroundSelector":{}},{"elements":[{"x":0,"y":79.50453400503777,"width":100,"height":18.89168765743073,"action":{"library":"H5P.CRAdvancedText 1.1","params":{"text":"<p dir=\"ltr\" style=\"text-align: center;\"><span style=\"font-size:1.75em;\"><span style=\"color:#ffffff;\">Kazo, mu buga \u0199wallo tare.<\/span><\/span><\/p>\n"},"subContentId":"8bdf48c8-d31b-4d24-90c4-3a81da7d5874","metadata":{"contentType":"Text","license":"U","title":"Untitled Text"}},"alwaysDisplayComments":false,"backgroundOpacity":0,"willDoAnimation":false,"animationType":"glow","displayAsButton":false,"buttonSize":"big","goToSlideType":"specified","invisible":false,"solution":""},{"x":27.314795918367345,"y":5.035818639798489,"width":42.474489795918366,"height":71.53652392947103,"action":{"library":"H5P.Image 1.1","params":{"contentName":"Image","file":{"path":"images\/file-618ebe5e14981.jpg","mime":"image\/jpeg","copyright":{"license":"U"},"width":273,"height":273},"alt":"Woza, udlale ibhola nathi.","title":"Woza, udlale ibhola nathi."},"subContentId":"90899643-cef7-4587-a9f3-53dc5f203480","metadata":{"contentType":"Image","license":"U","title":"Untitled Image"}},"backgroundOpacity":0,"willDoAnimation":false,"animationType":"glow","displayAsButton":false,"buttonSize":"big","goToSlideType":"specified","invisible":false},{"x":46.96691176470588,"y":44,"width":40,"height":40,"action":{"library":"H5P.CRAudio 1.4","params":{"fitToWrapper":true,"currIndex":14,"playerMode":"minimalistic","controls":true,"autoplay":true,"playAudio":"Play audio","pauseAudio":"Pause audio","contentName":"Audio","glowColor":"#ffd85a","timeStampForEachText":[{"text":" Kazo, ","startDuration":"0.6873","endDuration":"1.3056","wordfile":[{"path":"audios\/wordfile-66a2657f741dc.mp3","mime":"audio\/mpeg","copyright":{"license":"U"}}]},{"text":" mu ","startDuration":"1.4560","endDuration":"1.7456","wordfile":[{"path":"audios\/wordfile-66a2659174507.mp3","mime":"audio\/mpeg","copyright":{"license":"U"}}]},{"text":" buga ","startDuration":"1.7466","endDuration":"2.0512","wordfile":[{"path":"audios\/wordfile-66a265a65e8fc.mp3","mime":"audio\/mpeg","copyright":{"license":"U"}}]},{"text":" \u0199wallo ","startDuration":"2.0522","endDuration":"2.5286","wordfile":[{"path":"audios\/wordfile-66a265ba0f42a.mp3","mime":"audio\/mpeg","copyright":{"license":"U"}}]},{"text":" tare. ","startDuration":"2.5296","endDuration":"3.1479","wordfile":[{"path":"audios\/wordfile-66a265d120e5d.mp3","mime":"audio\/mpeg","copyright":{"license":"U"}}]}],"files":[{"path":"audios\/files-66a26567e6820.mp3","mime":"audio\/mpeg","copyright":{"license":"U"}}]},"subContentId":"0e17c8d7-afe3-46e2-bb4e-04868ad49ea6","metadata":{"contentType":"Curious Reader Audio","license":"U","title":"Untitled Curious Reader Audio"}},"backgroundOpacity":0,"willDoAnimation":false,"animationType":"glow","displayAsButton":false,"buttonSize":"big","goToSlideType":"specified","invisible":false},{"x":40.44117647058823,"y":18.181818181818183,"width":20.220588235294116,"height":40,"action":{"library":"H5P.Image 1.1","params":{"contentName":"Image"},"subContentId":"df30cb90-6bc1-42a3-bcab-49c0ecb9d9a2","metadata":{"contentType":"Image","license":"U","title":"Untitled Image"}},"backgroundOpacity":0,"willDoAnimation":true,"animationType":"glow","displayAsButton":false,"buttonSize":"big","goToSlideType":"specified","invisible":false,"id":"img0e17c8d7-afe3-46e2-bb4e-04868ad49ea6_4"}],"slideBackgroundSelector":{}},{"elements":[{"x":11.479591836734695,"y":78.0639798488665,"width":79.08163265306122,"height":20.906801007556673,"action":{"library":"H5P.CRAdvancedText 1.1","params":{"text":"<p dir=\"ltr\" style=\"text-align: center;\"><span style=\"font-size:1.75em;\"><span style=\"color:#ffffff;\">Kazo muyi wasan iyo tare.<\/span><\/span><\/p>\n"},"subContentId":"0f7ae9c5-38f6-4b56-b0a4-f60475428cdf","metadata":{"contentType":"Text","license":"U","title":"Untitled Text"}},"alwaysDisplayComments":false,"backgroundOpacity":0,"willDoAnimation":false,"animationType":"glow","displayAsButton":false,"buttonSize":"big","goToSlideType":"specified","invisible":false,"solution":""},{"x":28.061224489795915,"y":6.4566246851385385,"width":43.494897959183675,"height":73.04785894206549,"action":{"library":"H5P.Image 1.1","params":{"contentName":"Image","file":{"path":"images\/file-618ebfb3bf920.jpg","mime":"image\/jpeg","copyright":{"license":"U"},"width":273,"height":273},"alt":"Woza, ubhukude nathi.","title":"Woza, ubhukude nathi."},"subContentId":"7d166ac6-5c43-46d0-9e03-6441fbe0e622","metadata":{"contentType":"Image","license":"U","title":"Untitled Image"}},"backgroundOpacity":0,"willDoAnimation":false,"animationType":"glow","displayAsButton":false,"buttonSize":"big","goToSlideType":"specified","invisible":false},{"x":46.96691176470588,"y":44,"width":40,"height":40,"action":{"library":"H5P.CRAudio 1.4","params":{"fitToWrapper":true,"currIndex":15,"playerMode":"minimalistic","controls":true,"autoplay":true,"playAudio":"Play audio","pauseAudio":"Pause audio","contentName":"Audio","glowColor":"#ffd85a","timeStampForEachText":[{"text":" Kazo ","startDuration":"0.6875","endDuration":"1.2864","wordfile":[{"path":"audios\/wordfile-66a265f82cfbd.mp3","mime":"audio\/mpeg","copyright":{"license":"U"}}]},{"text":" muyi ","startDuration":"1.2874","endDuration":"1.9118","wordfile":[{"path":"audios\/wordfile-66a266102edc7.mp3","mime":"audio\/mpeg","copyright":{"license":"U"}}]},{"text":" wasan ","startDuration":"1.9128","endDuration":"2.4438","wordfile":[{"path":"audios\/wordfile-66a266249bf38.mp3","mime":"audio\/mpeg","copyright":{"license":"U"}}]},{"text":" iyo ","startDuration":"2.4448","endDuration":"2.8994","wordfile":[{"path":"audios\/wordfile-66a2663779c04.mp3","mime":"audio\/mpeg","copyright":{"license":"U"}}]},{"text":" tare. ","startDuration":"2.9004","endDuration":"3.6436","wordfile":[{"path":"audios\/wordfile-66a2664774586.mp3","mime":"audio\/mpeg","copyright":{"license":"U"}}]}],"files":[{"path":"audios\/files-66a265e70dd78.mp3","mime":"audio\/mpeg","copyright":{"license":"U"}}]},"subContentId":"2faffec1-8ca5-4dfd-8d32-7f91ea2e9ce9","metadata":{"contentType":"Curious Reader Audio","license":"U","title":"Untitled Curious Reader Audio"}},"backgroundOpacity":0,"willDoAnimation":false,"animationType":"glow","displayAsButton":false,"buttonSize":"big","goToSlideType":"specified","invisible":false},{"x":29.411764705882355,"y":14.585236363636364,"width":40.0735294117647,"height":53.45454545454545,"action":{"library":"H5P.Image 1.1","params":{"contentName":"Image"},"subContentId":"90094785-c0e9-47c5-ae26-0bfaebe882b3","metadata":{"contentType":"Image","license":"U","title":"Untitled Image"}},"backgroundOpacity":0,"willDoAnimation":true,"animationType":"glow","displayAsButton":false,"buttonSize":"big","goToSlideType":"specified","invisible":false,"id":"img2faffec1-8ca5-4dfd-8d32-7f91ea2e9ce9_3"}],"slideBackgroundSelector":{}},{"elements":[{"x":51.02040816326531,"y":15.113350125944583,"width":42.483660130719,"height":75.772592493771,"action":{"library":"H5P.Image 1.1","params":{"contentName":"Image","file":{"path":"images\/file-618ecf61254ef.jpg","mime":"image\/jpeg","copyright":{"license":"U"},"width":273,"height":273},"alt":"Woza, uzodlala umacashelana nathi.","title":"Woza, uzodlala umacashelana nathi."},"subContentId":"b3bbd262-e926-4513-ae5d-6426653a8687","metadata":{"contentType":"Image","license":"U","title":"Untitled Image"}},"backgroundOpacity":0,"willDoAnimation":false,"animationType":"glow","displayAsButton":false,"buttonSize":"big","goToSlideType":"specified","invisible":false},{"x":3.8258272058823533,"y":40.41490909090909,"width":44.11764705882353,"height":50.54545454545455,"action":{"library":"H5P.CRAdvancedText 1.1","params":{"text":"<p dir=\"ltr\" style=\"text-align: center;\"><span style=\"font-size:1.75em;\"><span style=\"color:#ffffff;\">Kazo, muyi wasan buya tare.<\/span><\/span><\/p>\n"},"subContentId":"2f66b069-73bc-4244-a662-95291edb4cfd","metadata":{"contentType":"Text","license":"U","title":"Untitled Text"}},"alwaysDisplayComments":false,"backgroundOpacity":0,"willDoAnimation":false,"animationType":"glow","displayAsButton":false,"buttonSize":"big","goToSlideType":"specified","invisible":false,"solution":""},{"x":46.96691176470588,"y":44,"width":40,"height":40,"action":{"library":"H5P.CRAudio 1.4","params":{"fitToWrapper":true,"currIndex":16,"playerMode":"minimalistic","controls":true,"autoplay":true,"playAudio":"Play audio","pauseAudio":"Pause audio","contentName":"Audio","glowColor":"#ffd85a","timeStampForEachText":[{"text":" Kazo, ","startDuration":"0.5312","endDuration":"1.1336","wordfile":[{"path":"audios\/wordfile-66a2666f7c8e7.mp3","mime":"audio\/mpeg","copyright":{"license":"U"}}]},{"text":" muyi ","startDuration":"1.3036","endDuration":"1.6646","wordfile":[{"path":"audios\/wordfile-66a2668314ec5.mp3","mime":"audio\/mpeg","copyright":{"license":"U"}}]},{"text":" wasan ","startDuration":"1.6656","endDuration":"2.2036","wordfile":[{"path":"audios\/wordfile-66a266945a772.mp3","mime":"audio\/mpeg","copyright":{"license":"U"}}]},{"text":" buya ","startDuration":"2.2046","endDuration":"2.7265","wordfile":[{"path":"audios\/wordfile-66a266ab19995.mp3","mime":"audio\/mpeg","copyright":{"license":"U"}}]},{"text":" tare. ","startDuration":"2.7275","endDuration":"3.3863","wordfile":[{"path":"audios\/wordfile-66a266bc7b60e.mp3","mime":"audio\/mpeg","copyright":{"license":"U"}}]}],"files":[{"path":"audios\/files-66a2665b7956f.mp3","mime":"audio\/mpeg","copyright":{"license":"U"}}]},"subContentId":"7b0f925d-0068-4ed2-be1a-cba9d78d99ec","metadata":{"contentType":"Curious Reader Audio","license":"U","title":"Untitled Curious Reader Audio"}},"backgroundOpacity":0,"willDoAnimation":false,"animationType":"glow","displayAsButton":false,"buttonSize":"big","goToSlideType":"specified","invisible":false},{"x":51.470588235294116,"y":10.93749090909091,"width":40.0735294117647,"height":71.63636363636364,"action":{"library":"H5P.Image 1.1","params":{"contentName":"Image"},"subContentId":"bf39e690-aa72-4b15-bf99-4f1cac100fe9","metadata":{"contentType":"Image","license":"U","title":"Untitled Image"}},"backgroundOpacity":0,"willDoAnimation":true,"animationType":"glow","displayAsButton":false,"buttonSize":"big","goToSlideType":"specified","invisible":false,"id":"img7b0f925d-0068-4ed2-be1a-cba9d78d99ec_3"}],"slideBackgroundSelector":{}},{"elements":[{"x":12.755102040816327,"y":80.60453400503778,"width":73.9795918367347,"height":17.12846347607053,"action":{"library":"H5P.CRAdvancedText 1.1","params":{"text":"<p dir=\"ltr\" style=\"text-align: center;\"><span style=\"font-size:1.75em;\"><span style=\"color:#ffffff;\">Kazo muyi karatu tare.<\/span><\/span><\/p>\n"},"subContentId":"c2f3f53b-4ef2-41bf-8273-468816eeee27","metadata":{"contentType":"Text","license":"U","title":"Untitled Text"}},"alwaysDisplayComments":false,"backgroundOpacity":0,"willDoAnimation":false,"animationType":"glow","displayAsButton":false,"buttonSize":"big","goToSlideType":"specified","invisible":false,"solution":""},{"x":30.357142857142858,"y":5.541561712846347,"width":38.392857142857146,"height":73.04785894206549,"action":{"library":"H5P.Image 1.1","params":{"contentName":"Image","file":{"path":"images\/file-618ec1d1dba5b.jpg","mime":"image\/jpeg","copyright":{"license":"U"},"width":273,"height":273},"alt":"Woza, ufunde kanye nathi.","title":"Woza, ufunde kanye nathi."},"subContentId":"006c0f7a-5773-4f46-bf82-5931c01adc2f","metadata":{"contentType":"Image","license":"U","title":"Untitled Image"}},"backgroundOpacity":0,"willDoAnimation":false,"animationType":"glow","displayAsButton":false,"buttonSize":"big","goToSlideType":"specified","invisible":false},{"x":46.96691176470588,"y":44,"width":40,"height":40,"action":{"library":"H5P.CRAudio 1.4","params":{"fitToWrapper":true,"currIndex":17,"playerMode":"minimalistic","controls":true,"autoplay":true,"playAudio":"Play audio","pauseAudio":"Pause audio","contentName":"Audio","glowColor":"#ffd85a","timeStampForEachText":[{"text":" Kazo ","startDuration":"0.4722","endDuration":"1.0558","wordfile":[{"path":"audios\/wordfile-66a266e85be36.mp3","mime":"audio\/mpeg","copyright":{"license":"U"}}]},{"text":" muyi ","startDuration":"1.2412","endDuration":"1.7142","wordfile":[{"path":"audios\/wordfile-66a26714a8514.mp3","mime":"audio\/mpeg","copyright":{"license":"U"}}]},{"text":" karatu ","startDuration":"1.7152","endDuration":"2.3579","wordfile":[{"path":"audios\/wordfile-66a26727b0037.mp3","mime":"audio\/mpeg","copyright":{"license":"U"}}]},{"text":" tare. ","startDuration":"2.3589","endDuration":"3.0163","wordfile":[{"path":"audios\/wordfile-66a26737f2a2b.mp3","mime":"audio\/mpeg","copyright":{"license":"U"}}]}],"files":[{"path":"audios\/files-66a266d24d281.mp3","mime":"audio\/mpeg","copyright":{"license":"U"}}]},"subContentId":"7a606376-0f6b-41ec-bf57-64371e2f633e","metadata":{"contentType":"Curious Reader Audio","license":"U","title":"Untitled Curious Reader Audio"}},"backgroundOpacity":0,"willDoAnimation":false,"animationType":"glow","displayAsButton":false,"buttonSize":"big","goToSlideType":"specified","invisible":false},{"x":29.963235294117645,"y":30.213054545454543,"width":12.316176470588234,"height":26.181818181818183,"action":{"library":"H5P.Image 1.1","params":{"contentName":"Image"},"subContentId":"6446bf43-f600-44fb-8458-6185cc496921","metadata":{"contentType":"Image","license":"U","title":"Untitled Image"}},"backgroundOpacity":0,"willDoAnimation":true,"animationType":"glow","displayAsButton":false,"buttonSize":"big","goToSlideType":"specified","invisible":false,"id":"img7a606376-0f6b-41ec-bf57-64371e2f633e_2"},{"x":42.27941176470588,"y":32.72727272727273,"width":12.316176470588234,"height":25.09090909090909,"action":{"library":"H5P.Image 1.1","params":{"contentName":"Image"},"subContentId":"968afd8c-e6bf-45dd-ad9c-5085fe33f399","metadata":{"contentType":"Image","license":"U","title":"Untitled Image"}},"backgroundOpacity":0,"willDoAnimation":true,"animationType":"glow","displayAsButton":false,"buttonSize":"big","goToSlideType":"specified","invisible":false,"id":"img7a606376-0f6b-41ec-bf57-64371e2f633e_2"},{"x":55.147058823529406,"y":32.72727272727273,"width":13.051470588235293,"height":24.363636363636363,"action":{"library":"H5P.Image 1.1","params":{"contentName":"Image"},"subContentId":"6f2e6e3d-3c27-4375-b0da-0f4d0f15f518","metadata":{"contentType":"Image","license":"U","title":"Untitled Image"}},"backgroundOpacity":0,"willDoAnimation":true,"animationType":"glow","displayAsButton":false,"buttonSize":"big","goToSlideType":"specified","invisible":false,"id":"img7a606376-0f6b-41ec-bf57-64371e2f633e_2"}],"slideBackgroundSelector":{}},{"elements":[{"x":1.8382352941176472,"y":27.755672727272728,"width":45.40441176470588,"height":60.36363636363637,"action":{"library":"H5P.CRAdvancedText 1.1","params":{"text":"<p dir=\"ltr\" style=\"text-align: center;\"><span style=\"color:#ffffff;\"><span style=\"font-size:1.75em;\">Muna so mu nisha\u0257antu tare da abokanai.&nbsp;<\/span><\/span><\/p>\n"},"subContentId":"6515099d-443d-4e39-a9ae-78a04ed14f9a","metadata":{"contentType":"Text","license":"U","title":"Untitled Text"}},"alwaysDisplayComments":false,"backgroundOpacity":0,"willDoAnimation":false,"animationType":"glow","displayAsButton":false,"buttonSize":"big","goToSlideType":"specified","invisible":false,"solution":""},{"x":48.46938775510204,"y":15.113350125944583,"width":44.753086419753,"height":79.256935743964,"action":{"library":"H5P.Image 1.1","params":{"contentName":"Image","alt":"Sithanda ukuzijabulisa nabangani.","title":"Sithanda ukuzijabulisa nabangani.","file":{"path":"images\/file-618ec2e9676e8.jpg","mime":"image\/jpeg","copyright":{"license":"U"},"width":273,"height":273}},"subContentId":"d306951b-d37a-48f0-b520-d8cb6bed7af9","metadata":{"contentType":"Image","license":"U","title":"Untitled Image"}},"backgroundOpacity":0,"willDoAnimation":false,"animationType":"glow","displayAsButton":false,"buttonSize":"big","goToSlideType":"specified","invisible":false},{"x":46.96691176470588,"y":44,"width":40,"height":40,"action":{"library":"H5P.CRAudio 1.4","params":{"fitToWrapper":true,"currIndex":18,"playerMode":"minimalistic","controls":true,"autoplay":true,"playAudio":"Play audio","pauseAudio":"Pause audio","contentName":"Audio","glowColor":"#ffd85a","timeStampForEachText":[{"text":" Muna ","startDuration":"0.2953","endDuration":"0.9488","wordfile":[{"path":"audios\/wordfile-66a2676201cae.mp3","mime":"audio\/mpeg","copyright":{"license":"U"}}]},{"text":" so ","startDuration":"0.9498","endDuration":"1.4135","wordfile":[{"path":"audios\/wordfile-66a26771b7bf6.mp3","mime":"audio\/mpeg","copyright":{"license":"U"}}]},{"text":" mu ","startDuration":"1.4145","endDuration":"1.9414","wordfile":[{"path":"audios\/wordfile-66a267858b857.mp3","mime":"audio\/mpeg","copyright":{"license":"U"}}]},{"text":" nisha\u0257antu ","startDuration":"1.9424","endDuration":"2.8384","wordfile":[{"path":"audios\/wordfile-66a2679b19f14.mp3","mime":"audio\/mpeg","copyright":{"license":"U"}}]},{"text":" tare ","startDuration":"2.8394","endDuration":"3.3136","wordfile":[{"path":"audios\/wordfile-66a267b31e2f9.mp3","mime":"audio\/mpeg","copyright":{"license":"U"}}]},{"text":" da ","startDuration":"3.3146","endDuration":"3.4619","wordfile":[{"path":"audios\/wordfile-66a267c9e1825.mp3","mime":"audio\/mpeg","copyright":{"license":"U"}}]},{"text":" abokanai.\u00a0 ","startDuration":"3.4629","endDuration":"4.4117","wordfile":[{"path":"audios\/wordfile-66a267deaa75d.mp3","mime":"audio\/mpeg","copyright":{"license":"U"}}]}],"files":[{"path":"audios\/files-66a2674d018aa.mp3","mime":"audio\/mpeg","copyright":{"license":"U"}}]},"subContentId":"f6ba0f8b-cff0-46cd-a6ec-c543bc28a53c","metadata":{"contentType":"Curious Reader Audio","license":"U","title":"Untitled Curious Reader Audio"}},"backgroundOpacity":0,"willDoAnimation":false,"animationType":"glow","displayAsButton":false,"buttonSize":"big","goToSlideType":"specified","invisible":false},{"x":49.63235294117647,"y":14.585236363636364,"width":40.0735294117647,"height":57.09090909090909,"action":{"library":"H5P.Image 1.1","params":{"contentName":"Image"},"subContentId":"94b3e166-72ef-4095-a86a-998e5b09191a","metadata":{"contentType":"Image","license":"U","title":"Untitled Image"}},"backgroundOpacity":0,"willDoAnimation":true,"animationType":"glow","displayAsButton":false,"buttonSize":"big","goToSlideType":"specified","invisible":false,"id":"imgf6ba0f8b-cff0-46cd-a6ec-c543bc28a53c_6"}],"slideBackgroundSelector":{}},{"elements":[{"x":4.62962962962963,"y":11.415525114155251,"width":23.148148148148145,"height":15.981735159817353,"action":{"library":"H5P.Image 1.1","params":{"contentName":"Image","file":{"path":"images\/file-61faf81aea46b.png","mime":"image\/png","copyright":{"license":"U"},"width":1350,"height":487}},"metadata":{"contentType":"Image","license":"U","title":"Untitled Image"},"subContentId":"45750f56-188e-4f60-af42-6d631b2d556f"},"backgroundOpacity":0,"willDoAnimation":false,"animationType":"glow","displayAsButton":false,"buttonSize":"big","goToSlideType":"specified","invisible":false},{"x":37.03703703703704,"y":10.752688172043008,"width":28.124999999999996,"height":13.698630136986301,"action":{"library":"H5P.Image 1.1","params":{"contentName":"Image","file":{"path":"images\/file-61f9b09eb5330.png","mime":"image\/png","copyright":{"license":"U"},"width":814,"height":202}},"metadata":{"contentType":"Image","license":"U","title":"Untitled Image"},"subContentId":"cc2ecdc6-9393-428c-907b-f89bde66f5e3"},"backgroundOpacity":0,"willDoAnimation":false,"animationType":"glow","displayAsButton":false,"buttonSize":"big","goToSlideType":"specified","invisible":false},{"x":69.71677559912854,"y":6.451612903225806,"width":23.148148148148145,"height":23.28767123287671,"action":{"library":"H5P.Image 1.1","params":{"contentName":"Image","file":{"path":"images\/file-61f9b3987a86d.jpg","mime":"image\/jpeg","copyright":{"license":"U"},"width":306,"height":148}},"metadata":{"contentType":"Image","license":"U","title":"Untitled Image"},"subContentId":"523bfe62-f871-4d0d-a7d3-8902a69232f4"},"backgroundOpacity":0,"willDoAnimation":false,"animationType":"glow","displayAsButton":false,"buttonSize":"big","goToSlideType":"specified","invisible":false},{"x":17.429193899782135,"y":36.51548387096774,"width":65.359477124183,"height":56.98924731182795,"action":{"library":"H5P.CRAdvancedText 1.1","params":{"text":"<h3 style=\"text-align: center;\"><span style=\"font-size:1.125em;\"><strong>\"<\/strong><\/span>Abokanai<span style=\"font-size:1.125em;\"><strong>\" credits<\/strong><\/span><\/h3>\n\n<h3 style=\"text-align: center;\"><span style=\"font-size:1em;\">This work, \"<\/span>Abokanai<span style=\"font-size:1em;\">\", is a derivative of \"Friends\" by Zimbili Dlamini and Hlengiwe Zondi, used under CC BY. \"Abangani\" is licensed under CC BY 4.0 by Curious Learning.<\/span><\/h3>\n\n<h3 style=\"text-align: center;\"><br>\n<span style=\"font-size:1em;\">Book builder - Abraham Jerry Kakooza<\/span><\/h3>\n\n<p style=\"text-align: center;\">&nbsp;<\/p>\n"},"metadata":{"contentType":"Text","license":"U","title":"Untitled Text"},"subContentId":"01353513-0203-46a7-a7f4-bb1d8f346485"},"alwaysDisplayComments":false,"backgroundOpacity":0,"willDoAnimation":false,"animationType":"glow","displayAsButton":false,"buttonSize":"big","goToSlideType":"specified","invisible":false,"solution":""}],"slideBackgroundSelector":{}}],"keywordListEnabled":true,"globalBackgroundSelector":{"fillGlobalBackground":"#b7f5da"},"keywordListAlwaysShow":false,"keywordListAutoHide":false,"keywordListOpacity":90},"override":{"activeSurface":false,"hideSummarySlide":false,"summarySlideSolutionButton":true,"summarySlideRetryButton":true,"enablePrintButton":false,"social":{"showFacebookShare":false,"facebookShare":{"url":"@currentpageurl","quote":"I scored @score out of @maxScore on a task at @currentpageurl."},"showTwitterShare":false,"twitterShare":{"statement":"I scored @score out of @maxScore on a task at @currentpageurl.","url":"@currentpageurl","hashtags":"h5p, course"},"showGoogleShare":false,"googleShareUrl":"@currentpageurl"}},"l10n":{"slide":"Slide","score":"Score","yourScore":"Your Score","maxScore":"Max Score","total":"Total","totalScore":"Total Score","showSolutions":"Show solutions","retry":"Retry","exportAnswers":"Export text","hideKeywords":"Hide sidebar navigation menu","showKeywords":"Show sidebar navigation menu","fullscreen":"Fullscreen","exitFullscreen":"Exit fullscreen","prevSlide":"Previous slide","nextSlide":"Next slide","currentSlide":"Current slide","lastSlide":"Last slide","solutionModeTitle":"Exit solution mode","solutionModeText":"Solution Mode","summaryMultipleTaskText":"Multiple tasks","scoreMessage":"You achieved:","shareFacebook":"Share on Facebook","shareTwitter":"Share on Twitter","shareGoogle":"Share on Google+","summary":"Summary","solutionsButtonTitle":"Show comments","printTitle":"Print","printIngress":"How would you like to print this presentation?","printAllSlides":"Print all slides","printCurrentSlide":"Print current slide","noTitle":"No title","accessibilitySlideNavigationExplanation":"Use left and right arrow to change slide in that direction whenever canvas is selected.","accessibilityCanvasLabel":"Presentation canvas. Use left and right arrow to move between slides.","containsNotCompleted":"@slideName contains not completed interaction","containsCompleted":"@slideName contains completed interaction","slideCount":"Slide @index of @total","containsOnlyCorrect":"@slideName only has correct answers","containsIncorrectAnswers":"@slideName has incorrect answers","shareResult":"Share Result","accessibilityTotalScore":"You got @score of @maxScore points in total","accessibilityEnteredFullscreen":"Entered fullscreen","accessibilityExitedFullscreen":"Exited fullscreen"}}