{"presentation":{"slides":[{"elements":[{"x":7.7112893275756,"y":11.477761836442,"width":83.149830612873,"height":76.707317073171,"action":{"library":"H5P.Image 1.1","params":{"contentName":"Image","file":{"path":"images\/file-61b119d8b91b9.jpg","mime":"image\/jpeg","copyright":{"license":"U"},"width":1024,"height":490}},"subContentId":"281f58bc-00aa-42e9-a8f9-34a91108654b","metadata":{"contentType":"Image","license":"U","title":"Untitled Image"}},"backgroundOpacity":0,"willDoAnimation":false,"animationType":"glow","displayAsButton":false,"buttonSize":"big","goToSlideType":"specified","invisible":false},{"x":42.09183673469388,"y":42.82115869017632,"width":39.998692810458,"height":14.050381508562,"action":{"library":"H5P.CRAdvancedText 1.1","params":{"text":"<p style=\"text-align: center;\"><span style=\"font-size:2.25em;\">\u0932\u0941\u0915\u093e\u091b\u093f\u092a\u0940<\/span><\/p>\n"},"subContentId":"65b91755-f4db-4513-b663-95d5754e06f9","metadata":{"contentType":"Text","license":"U","title":"Untitled Text"}},"alwaysDisplayComments":false,"backgroundOpacity":0,"willDoAnimation":false,"animationType":"glow","displayAsButton":false,"buttonSize":"big","goToSlideType":"specified","invisible":false,"solution":""}],"slideBackgroundSelector":{}},{"elements":[{"x":0,"y":83.0367758186398,"width":98.21428571428572,"height":15.869017632241812,"action":{"library":"H5P.CRAdvancedText 1.1","params":{"text":"<p style=\"text-align: center;\"><span style=\"font-size:2.25em;\">\u0921\u094b\u0921\u094b \u0905\u092a\u0928\u0940 \u092e\u093e\u0901 \u0915\u094b \u0922\u0942\u0902\u095d\u0928\u093e \u0936\u0941\u0930\u0942 \u0915\u0930\u0924\u093e \u0939\u0948<\/span><\/p>\n"},"subContentId":"7b276671-c320-47d6-9158-4d4fb745d80e","metadata":{"contentType":"Text","license":"U","title":"Untitled Text"}},"alwaysDisplayComments":false,"backgroundOpacity":0,"willDoAnimation":false,"animationType":"glow","displayAsButton":false,"buttonSize":"big","goToSlideType":"specified","invisible":false,"solution":""},{"x":24.676125848242,"y":9.1393754760091,"width":50.383122882661,"height":72.604722010663,"action":{"library":"H5P.Image 1.1","params":{"contentName":"Image","file":{"path":"images\/file-61c0f25319ee4.jpeg","mime":"image\/jpeg","copyright":{"license":"U"},"width":1472,"height":1024}},"subContentId":"f59573a4-4b0d-4f7b-a581-0af3c3101eb2","metadata":{"contentType":"Image","license":"U","title":"Untitled Image"}},"backgroundOpacity":0,"willDoAnimation":false,"animationType":"glow","displayAsButton":false,"buttonSize":"big","goToSlideType":"specified","invisible":false},{"x":47.00255102040816,"y":43.95465994962216,"width":40,"height":40,"action":{"library":"H5P.CRAudio 1.4","params":{"fitToWrapper":true,"currIndex":1,"playerMode":"minimalistic","controls":true,"autoplay":true,"playAudio":"Play audio","pauseAudio":"Pause audio","contentName":"Audio","glowColor":"#ffd85a","timeStampForEachText":[{"text":" \u0921\u094b\u0921\u094b ","startDuration":"0.8848","endDuration":"1.6650","wordfile":[{"path":"audios\/wordfile-6523b0e9ceaa5.mp3","mime":"audio\/mpeg","copyright":{"license":"U"}}]},{"text":" \u0905\u092a\u0928\u0940 ","startDuration":"1.6660","endDuration":"2.0328","wordfile":[{"path":"audios\/wordfile-6523b185a224e.mp3","mime":"audio\/mpeg","copyright":{"license":"U"}}]},{"text":" \u092e\u093e\u0901 ","startDuration":"2.0338","endDuration":"2.3716","wordfile":[{"path":"audios\/wordfile-6523b1ed3dfcd.mp3","mime":"audio\/mpeg","copyright":{"license":"U"}}]},{"text":" \u0915\u094b ","startDuration":"2.3726","endDuration":"2.6161","wordfile":[{"path":"audios\/wordfile-6523b332d8414.mp3","mime":"audio\/mpeg","copyright":{"license":"U"}}]},{"text":" \u0922\u0942\u0902\u095d\u0928\u093e ","startDuration":"2.6171","endDuration":"3.2160","wordfile":[{"path":"audios\/wordfile-6523b39b8b3d4.mp3","mime":"audio\/mpeg","copyright":{"license":"U"}}]},{"text":" \u0936\u0941\u0930\u0942 ","startDuration":"3.2170","endDuration":"3.6128","wordfile":[{"path":"audios\/wordfile-6523b3c47ffef.mp3","mime":"audio\/mpeg","copyright":{"license":"U"}}]},{"text":" \u0915\u0930\u0924\u093e ","startDuration":"3.6138","endDuration":"4.0314","wordfile":[{"path":"audios\/wordfile-6523b43797ade.mp3","mime":"audio\/mpeg","copyright":{"license":"U"}}]},{"text":" \u0939\u0948 ","startDuration":"4.0324","endDuration":"4.4282","wordfile":[{"path":"audios\/wordfile-6523b461ba14e.mp3","mime":"audio\/mpeg","copyright":{"license":"U"}}]}],"files":[{"path":"audios\/files-6523b0baeec1a.mp3","mime":"audio\/mpeg","copyright":{"license":"U"}}]},"subContentId":"e8532131-4bcd-481b-a40d-4a0eff972ac3","metadata":{"contentType":"Curious Reader Audio","license":"U","title":"Untitled Curious Reader Audio"}},"backgroundOpacity":0,"willDoAnimation":false,"animationType":"glow","displayAsButton":false,"buttonSize":"big","goToSlideType":"specified","invisible":false},{"x":29.336734693877553,"y":27.707808564231737,"width":21.301020408163264,"height":54.659949622166245,"action":{"library":"H5P.Image 1.1","params":{"contentName":"Image"},"subContentId":"1bdece5c-d3a3-4574-907f-a5468b53408b","metadata":{"contentType":"Image","license":"U","title":"Untitled Image"}},"backgroundOpacity":0,"willDoAnimation":true,"animationType":"glow","displayAsButton":false,"buttonSize":"big","goToSlideType":"specified","invisible":false,"id":"imge8532131-4bcd-481b-a40d-4a0eff972ac3_0"},{"x":62.5,"y":17.614534005037783,"width":9.821428571428571,"height":40.050377833753146,"action":{"library":"H5P.Image 1.1","params":{"contentName":"Image"},"subContentId":"41d03e2f-9303-4a92-9db4-7e8fccf50040","metadata":{"contentType":"Image","license":"U","title":"Untitled Image"}},"backgroundOpacity":0,"willDoAnimation":true,"animationType":"glow","displayAsButton":false,"buttonSize":"big","goToSlideType":"specified","invisible":false,"id":"imge8532131-4bcd-481b-a40d-4a0eff972ac3_2"}],"slideBackgroundSelector":{}},{"elements":[{"x":24.305555555555554,"y":82.87671232876713,"width":49.76851851851851,"height":14.155251141552512,"action":{"library":"H5P.CRAdvancedText 1.1","params":{"text":"<p style=\"text-align: center;\"><span style=\"font-size:2.25em;\">\u0909\u0938\u0947 10 \u092c\u0949\u0932 \u092e\u093f\u0932\u0924\u0947 \u0939\u0948\u0902\u0964<\/span><\/p>\n"},"subContentId":"a3931e1f-fa46-4f55-9ea7-0981a00a4f78","metadata":{"contentType":"Text","license":"U","title":"Untitled Text"}},"alwaysDisplayComments":false,"backgroundOpacity":0,"willDoAnimation":false,"animationType":"glow","displayAsButton":false,"buttonSize":"big","goToSlideType":"specified","invisible":false,"solution":""},{"x":23.133867982727,"y":9.1393754760091,"width":52.354019094549,"height":71.793754760091,"action":{"library":"H5P.Image 1.1","params":{"contentName":"Image","file":{"path":"images\/file-61c0f2bf916c1.jpeg","mime":"image\/jpeg","copyright":{"license":"U"},"width":1472,"height":1024}},"subContentId":"7308022d-4962-4c07-aeca-3c258a5f0017","metadata":{"contentType":"Image","license":"U","title":"Untitled Image"}},"backgroundOpacity":0,"willDoAnimation":false,"animationType":"glow","displayAsButton":false,"buttonSize":"big","goToSlideType":"specified","invisible":false},{"x":47.00255102040816,"y":43.95465994962216,"width":40,"height":40,"action":{"library":"H5P.CRAudio 1.4","params":{"fitToWrapper":true,"currIndex":2,"playerMode":"minimalistic","controls":true,"autoplay":true,"playAudio":"Play audio","pauseAudio":"Pause audio","contentName":"Audio","glowColor":"#ffd85a","timeStampForEachText":[{"text":" \u0909\u0938\u0947 ","startDuration":"0.6411","endDuration":"1.4332","wordfile":[{"path":"audios\/wordfile-6523b55b04673.mp3","mime":"audio\/mpeg","copyright":{"license":"U"}}]},{"text":" 10 ","startDuration":"1.4097","endDuration":"1.7516","wordfile":[{"path":"audios\/wordfile-6523b577621a8.mp3","mime":"audio\/mpeg","copyright":{"license":"U"}}]},{"text":" \u092c\u0949\u0932 ","startDuration":"1.7526","endDuration":"2.2658","wordfile":[{"path":"audios\/wordfile-6523b5eb049e1.mp3","mime":"audio\/mpeg","copyright":{"license":"U"}}]},{"text":" \u092e\u093f\u0932\u0924\u0947 ","startDuration":"2.2668","endDuration":"2.7506","wordfile":[{"path":"audios\/wordfile-6523b62a1a39c.mp3","mime":"audio\/mpeg","copyright":{"license":"U"}}]},{"text":" \u0939\u0948\u0902\u0964 ","startDuration":"2.7516","endDuration":"3.0593","wordfile":[{"path":"audios\/wordfile-6523b64eb5884.mp3","mime":"audio\/mpeg","copyright":{"license":"U"}}]}],"files":[{"path":"audios\/files-6523b52cbb2a1.mp3","mime":"audio\/mpeg","copyright":{"license":"U"}}]},"subContentId":"e9ad1290-4c35-4ba0-b139-322bba858448","metadata":{"contentType":"Curious Reader Audio","license":"U","title":"Untitled Curious Reader Audio"}},"backgroundOpacity":0,"willDoAnimation":false,"animationType":"glow","displayAsButton":false,"buttonSize":"big","goToSlideType":"specified","invisible":false},{"x":26.785714285714285,"y":52.88287153652392,"width":40.05102040816327,"height":19.8992443324937,"action":{"library":"H5P.Image 1.1","params":{"contentName":"Image"},"subContentId":"b7644e56-be63-4171-8467-27784fc2d39a","metadata":{"contentType":"Image","license":"U","title":"Untitled Image"}},"backgroundOpacity":0,"willDoAnimation":true,"animationType":"glow","displayAsButton":false,"buttonSize":"big","goToSlideType":"specified","invisible":false,"id":"imge9ad1290-4c35-4ba0-b139-322bba858448_1"},{"x":26.785714285714285,"y":52.88287153652392,"width":40.05102040816327,"height":19.8992443324937,"action":{"library":"H5P.Image 1.1","params":{"contentName":"Image"},"subContentId":"f1764e28-179e-421d-94e1-6287b10f5c37","metadata":{"contentType":"Image","license":"U","title":"Untitled Image"}},"backgroundOpacity":0,"willDoAnimation":true,"animationType":"glow","displayAsButton":false,"buttonSize":"big","goToSlideType":"specified","invisible":false,"id":"imge9ad1290-4c35-4ba0-b139-322bba858448_2"}],"slideBackgroundSelector":{}},{"elements":[{"x":19.675925925925924,"y":82.64840182648402,"width":61.34259259259259,"height":15.753424657534246,"action":{"library":"H5P.CRAdvancedText 1.1","params":{"text":"<p style=\"text-align: center;\"><span style=\"font-size:2.25em;\">\u0909\u0938\u0947 9 \u092e\u0917 \u092e\u093f\u0932\u0924\u0947 \u0939\u0948\u0902\u0964<\/span><\/p>\n"},"subContentId":"8a6e5c35-5f97-4215-baa7-e38531f114ec","metadata":{"contentType":"Text","license":"U","title":"Untitled Text"}},"alwaysDisplayComments":false,"backgroundOpacity":0,"willDoAnimation":false,"animationType":"glow","displayAsButton":false,"buttonSize":"big","goToSlideType":"specified","invisible":false,"solution":""},{"x":20.408163265306122,"y":10.075566750629722,"width":55.766861718509,"height":73.111348057883,"action":{"library":"H5P.Image 1.1","params":{"contentName":"Image","file":{"path":"images\/file-61c0f50c26444.jpeg","mime":"image\/jpeg","copyright":{"license":"U"},"width":1472,"height":1024}},"subContentId":"0861d03c-bddb-4187-a152-fa4e2cb5c858","metadata":{"contentType":"Image","license":"U","title":"Untitled Image"}},"backgroundOpacity":0,"willDoAnimation":false,"animationType":"glow","displayAsButton":false,"buttonSize":"big","goToSlideType":"specified","invisible":false},{"x":47.00255102040816,"y":43.95465994962216,"width":40,"height":40,"action":{"library":"H5P.CRAudio 1.4","params":{"fitToWrapper":true,"currIndex":3,"playerMode":"minimalistic","controls":true,"autoplay":true,"playAudio":"Play audio","pauseAudio":"Pause audio","contentName":"Audio","glowColor":"#ffd85a","timeStampForEachText":[{"text":" \u0909\u0938\u0947 ","startDuration":"0.7211","endDuration":"1.6042","wordfile":[{"path":"audios\/wordfile-6523b68019a2c.mp3","mime":"audio\/mpeg","copyright":{"license":"U"}}]},{"text":" 9 ","startDuration":"1.6052","endDuration":"2.2552","wordfile":[{"path":"audios\/wordfile-6523b69d26059.mp3","mime":"audio\/mpeg","copyright":{"license":"U"}}]},{"text":" \u092e\u0917 ","startDuration":"2.2562","endDuration":"2.5701","wordfile":[{"path":"audios\/wordfile-6523b6d311828.mp3","mime":"audio\/mpeg","copyright":{"license":"U"}}]},{"text":" \u092e\u093f\u0932\u0924\u0947 ","startDuration":"2.5711","endDuration":"3.1289","wordfile":[{"path":"audios\/wordfile-6523b6f96cc50.mp3","mime":"audio\/mpeg","copyright":{"license":"U"}}]},{"text":" \u0939\u0948\u0902\u0964 ","startDuration":"3.1299","endDuration":"3.5901","wordfile":[{"path":"audios\/wordfile-6523b712c13d2.mp3","mime":"audio\/mpeg","copyright":{"license":"U"}}]}],"files":[{"path":"audios\/files-6523b6605d33a.mp3","mime":"audio\/mpeg","copyright":{"license":"U"}}]},"subContentId":"34945240-2194-4268-9875-3ffffacc87f6","metadata":{"contentType":"Curious Reader Audio","license":"U","title":"Untitled Curious Reader Audio"}},"backgroundOpacity":0,"willDoAnimation":false,"animationType":"glow","displayAsButton":false,"buttonSize":"big","goToSlideType":"specified","invisible":false},{"x":26.785714285714285,"y":47.858942065491185,"width":40.05102040816327,"height":14.86146095717884,"action":{"library":"H5P.Image 1.1","params":{"contentName":"Image"},"subContentId":"276af76b-2bc7-4e27-80ad-2321a6a62167","metadata":{"contentType":"Image","license":"U","title":"Untitled Image"}},"backgroundOpacity":0,"willDoAnimation":true,"animationType":"glow","displayAsButton":false,"buttonSize":"big","goToSlideType":"specified","invisible":false,"id":"img34945240-2194-4268-9875-3ffffacc87f6_1"},{"x":25.510204081632654,"y":47.83148614609571,"width":40.05102040816327,"height":14.357682619647354,"action":{"library":"H5P.Image 1.1","params":{"contentName":"Image"},"subContentId":"0482cd31-4582-4e09-ba3e-8c437439e73c","metadata":{"contentType":"Image","license":"U","title":"Untitled Image"}},"backgroundOpacity":0,"willDoAnimation":true,"animationType":"glow","displayAsButton":false,"buttonSize":"big","goToSlideType":"specified","invisible":false,"id":"img34945240-2194-4268-9875-3ffffacc87f6_2"}],"slideBackgroundSelector":{}},{"elements":[{"x":14.030612244897958,"y":83.05843828715366,"width":68.87755102040816,"height":15.869017632241812,"action":{"library":"H5P.CRAdvancedText 1.1","params":{"text":"<p style=\"text-align: center;\"><span style=\"font-size:2.25em;\">\u0909\u0938\u0947 8 \u091a\u092e\u094d\u092e\u091a \u092e\u093f\u0932\u0924\u0947 \u0939\u0948\u0902\u0964<\/span><\/p>\n"},"subContentId":"c22923f1-a46c-493b-aca2-92fbacd3edc2","metadata":{"contentType":"Text","license":"U","title":"Untitled Text"}},"alwaysDisplayComments":false,"backgroundOpacity":0,"willDoAnimation":false,"animationType":"glow","displayAsButton":false,"buttonSize":"big","goToSlideType":"specified","invisible":false,"solution":""},{"x":21.591610117212,"y":9.1393754760091,"width":56.973668001232,"height":74.634577303884,"action":{"library":"H5P.Image 1.1","params":{"contentName":"Image","file":{"path":"images\/file-61c0f78984cdd.jpeg","mime":"image\/jpeg","copyright":{"license":"U"},"width":1472,"height":1024}},"subContentId":"37eda182-a252-454f-b1bd-3d126971ee70","metadata":{"contentType":"Image","license":"U","title":"Untitled Image"}},"backgroundOpacity":0,"willDoAnimation":false,"animationType":"glow","displayAsButton":false,"buttonSize":"big","goToSlideType":"specified","invisible":false},{"x":47.00255102040816,"y":43.95465994962216,"width":40,"height":40,"action":{"library":"H5P.CRAudio 1.4","params":{"fitToWrapper":true,"currIndex":4,"playerMode":"minimalistic","controls":true,"autoplay":true,"playAudio":"Play audio","pauseAudio":"Pause audio","contentName":"Audio","glowColor":"#ffd85a","timeStampForEachText":[{"text":" \u0909\u0938\u0947 ","startDuration":"0.7109","endDuration":"1.6610","wordfile":[{"path":"audios\/wordfile-6523b75768c48.mp3","mime":"audio\/mpeg","copyright":{"license":"U"}}]},{"text":" 8 ","startDuration":"1.6620","endDuration":"2.1699","wordfile":[{"path":"audios\/wordfile-6523bba14dd6e.wav","mime":"audio\/x-wav","copyright":{"license":"U"}}]},{"text":" \u091a\u092e\u094d\u092e\u091a ","startDuration":"2.1709","endDuration":"2.7627","wordfile":[{"path":"audios\/wordfile-6523beacc8091.wav","mime":"audio\/x-wav","copyright":{"license":"U"}}]},{"text":" \u092e\u093f\u0932\u0924\u0947 ","startDuration":"2.7637","endDuration":"3.1148","wordfile":[{"path":"audios\/wordfile-6523beee118b5.mp3","mime":"audio\/mpeg","copyright":{"license":"U"}}]},{"text":" \u0939\u0948\u0902\u0964 ","startDuration":"3.1158","endDuration":"3.6293","wordfile":[{"path":"audios\/wordfile-6523bf0660291.mp3","mime":"audio\/mpeg","copyright":{"license":"U"}}]}],"files":[{"path":"audios\/files-6523b72d09c42.mp3","mime":"audio\/mpeg","copyright":{"license":"U"}}]},"subContentId":"d17b7702-0a0b-4901-9df2-2bcc6c336c00","metadata":{"contentType":"Curious Reader Audio","license":"U","title":"Untitled Curious Reader Audio"}},"backgroundOpacity":0,"willDoAnimation":false,"animationType":"glow","displayAsButton":false,"buttonSize":"big","goToSlideType":"specified","invisible":false},{"x":51.02040816326531,"y":40.27858942065492,"width":22.19387755102041,"height":24.43324937027708,"action":{"library":"H5P.Image 1.1","params":{"contentName":"Image"},"subContentId":"5919df22-80a5-4aef-9a79-cdca8cc9ab4d","metadata":{"contentType":"Image","license":"U","title":"Untitled Image"}},"backgroundOpacity":0,"willDoAnimation":true,"animationType":"glow","displayAsButton":false,"buttonSize":"big","goToSlideType":"specified","invisible":false,"id":"imgd17b7702-0a0b-4901-9df2-2bcc6c336c00_1"},{"x":42.09183673469388,"y":40.26675062972293,"width":7.142857142857143,"height":19.395465994962215,"action":{"library":"H5P.Image 1.1","params":{"contentName":"Image"},"subContentId":"25524911-45f6-437d-8035-87a14c720633","metadata":{"contentType":"Image","license":"U","title":"Untitled Image"}},"backgroundOpacity":0,"willDoAnimation":true,"animationType":"glow","displayAsButton":false,"buttonSize":"big","goToSlideType":"specified","invisible":false,"id":"imgd17b7702-0a0b-4901-9df2-2bcc6c336c00_1"},{"x":51.02040816326531,"y":40.27858942065492,"width":23.46938775510204,"height":24.43324937027708,"action":{"library":"H5P.Image 1.1","params":{"contentName":"Image"},"subContentId":"4c5fffd7-a30e-4f54-a2c0-558664f93360","metadata":{"contentType":"Image","license":"U","title":"Untitled Image"}},"backgroundOpacity":0,"willDoAnimation":true,"animationType":"glow","displayAsButton":false,"buttonSize":"big","goToSlideType":"specified","invisible":false,"id":"imgd17b7702-0a0b-4901-9df2-2bcc6c336c00_2"},{"x":42.09183673469388,"y":40.25491183879094,"width":7.270408163265306,"height":19.395465994962215,"action":{"library":"H5P.Image 1.1","params":{"contentName":"Image"},"subContentId":"e3d45c2a-e151-44d0-bdd2-e31270e647ba","metadata":{"contentType":"Image","license":"U","title":"Untitled Image"}},"backgroundOpacity":0,"willDoAnimation":true,"animationType":"glow","displayAsButton":false,"buttonSize":"big","goToSlideType":"specified","invisible":false,"id":"imgd17b7702-0a0b-4901-9df2-2bcc6c336c00_2"}],"slideBackgroundSelector":{}},{"elements":[{"x":5.1020408163265305,"y":83.49546599496222,"width":86.73469387755102,"height":14.105793450881611,"action":{"library":"H5P.CRAdvancedText 1.1","params":{"text":"<p style=\"text-align: center;\"><span style=\"font-size:2.25em;\">\u0909\u0938\u0947 \u0938\u093e\u0924 \u091f\u094b\u0915\u0930\u093f\u092f\u093e\u0902 \u092e\u093f\u0932\u0924\u0940 \u0939\u0948\u0902\u0964<\/span><\/p>\n"},"subContentId":"24a7b4ec-023c-4c23-9b9e-4ce2473d3e40","metadata":{"contentType":"Text","license":"U","title":"Untitled Text"}},"alwaysDisplayComments":false,"backgroundOpacity":0,"willDoAnimation":false,"animationType":"glow","displayAsButton":false,"buttonSize":"big","goToSlideType":"specified","invisible":false,"solution":""},{"x":23.032407407407405,"y":8.219178082191782,"width":53.984447182014,"height":74.927646610815,"action":{"library":"H5P.Image 1.1","params":{"contentName":"Image","file":{"path":"images\/file-61c0f97f5a778.jpeg","mime":"image\/jpeg","copyright":{"license":"U"},"width":1472,"height":1024}},"subContentId":"ab3d1717-7bd0-4589-a7b8-718950cf9f45","metadata":{"contentType":"Image","license":"U","title":"Untitled Image"}},"backgroundOpacity":0,"willDoAnimation":false,"animationType":"glow","displayAsButton":false,"buttonSize":"big","goToSlideType":"specified","invisible":false},{"x":47.00255102040816,"y":43.95465994962216,"width":40,"height":40,"action":{"library":"H5P.CRAudio 1.4","params":{"fitToWrapper":true,"currIndex":5,"playerMode":"minimalistic","controls":true,"autoplay":true,"playAudio":"Play audio","pauseAudio":"Pause audio","contentName":"Audio","glowColor":"#ffd85a","timeStampForEachText":[{"text":" \u0909\u0938\u0947 ","startDuration":"0.6008","endDuration":"1.3336","wordfile":[{"path":"audios\/wordfile-6523c05c8e7d2.mp3","mime":"audio\/mpeg","copyright":{"license":"U"}}]},{"text":" \u0938\u093e\u0924 ","startDuration":"1.3346","endDuration":"2.1808","wordfile":[{"path":"audios\/wordfile-6523c09127ec0.mp3","mime":"audio\/mpeg","copyright":{"license":"U"}}]},{"text":" \u091f\u094b\u0915\u0930\u093f\u092f\u093e\u0902 ","startDuration":"2.1818","endDuration":"2.8352","wordfile":[{"path":"audios\/wordfile-6523c0b11d6b3.mp3","mime":"audio\/mpeg","copyright":{"license":"U"}}]},{"text":" \u092e\u093f\u0932\u0924\u0940 ","startDuration":"2.8362","endDuration":"3.1326","wordfile":[{"path":"audios\/wordfile-6523c15d49ff0.mp3","mime":"audio\/mpeg","copyright":{"license":"U"}}]},{"text":" \u0939\u0948\u0902\u0964 ","startDuration":"3.1336","endDuration":"3.6794","wordfile":[{"path":"audios\/wordfile-6523c17c821b2.mp3","mime":"audio\/mpeg","copyright":{"license":"U"}}]}],"files":[{"path":"audios\/files-6523c02b10e5e.mp3","mime":"audio\/mpeg","copyright":{"license":"U"}}]},"subContentId":"85cf2757-fbc2-480c-9c5d-6ab34e32de1b","metadata":{"contentType":"Curious Reader Audio","license":"U","title":"Untitled Curious Reader Audio"}},"backgroundOpacity":0,"willDoAnimation":false,"animationType":"glow","displayAsButton":false,"buttonSize":"big","goToSlideType":"specified","invisible":false},{"x":25.510204081632654,"y":50.377833753148614,"width":50.63775510204082,"height":31.989924433249367,"action":{"library":"H5P.Image 1.1","params":{"contentName":"Image"},"subContentId":"80ada5cc-1630-49ff-99c1-717003e2e036","metadata":{"contentType":"Image","license":"U","title":"Untitled Image"}},"backgroundOpacity":0,"willDoAnimation":true,"animationType":"glow","displayAsButton":false,"buttonSize":"big","goToSlideType":"specified","invisible":false,"id":"img85cf2757-fbc2-480c-9c5d-6ab34e32de1b_1"},{"x":25.510204081632654,"y":50.336523929471035,"width":50.63775510204082,"height":32.49370277078086,"action":{"library":"H5P.Image 1.1","params":{"contentName":"Image"},"subContentId":"61c01a78-acc5-4c08-a5e8-17e877d90524","metadata":{"contentType":"Image","license":"U","title":"Untitled Image"}},"backgroundOpacity":0,"willDoAnimation":true,"animationType":"glow","displayAsButton":false,"buttonSize":"big","goToSlideType":"specified","invisible":false,"id":"img85cf2757-fbc2-480c-9c5d-6ab34e32de1b_2"}],"slideBackgroundSelector":{}},{"elements":[{"x":21.683673469387756,"y":85.64231738035264,"width":55.09259259259259,"height":13.470319634703197,"action":{"library":"H5P.CRAdvancedText 1.1","params":{"text":"<p style=\"text-align: center;\"><span style=\"font-size:2.25em;\">\u0909\u0938\u0947 \u091b\u0939 \u092b\u0942\u0932\u0926\u093e\u0928 \u092e\u093f\u0932\u0924\u0947 \u0939\u0948\u0902\u0964<\/span><\/p>\n"},"subContentId":"a7db7bda-dd18-495e-bb88-72386a099cc1","metadata":{"contentType":"Text","license":"U","title":"Untitled Text"}},"alwaysDisplayComments":false,"backgroundOpacity":0,"willDoAnimation":false,"animationType":"glow","displayAsButton":false,"buttonSize":"big","goToSlideType":"specified","invisible":false,"solution":""},{"x":23.263888888888886,"y":6.164383561643835,"width":53.893902063443,"height":77.452551408987,"action":{"library":"H5P.Image 1.1","params":{"contentName":"Image","file":{"path":"images\/file-61c0faa8193a4.jpeg","mime":"image\/jpeg","copyright":{"license":"U"},"width":1472,"height":1024}},"subContentId":"ce6eebac-7cd7-4ae3-8294-f90d7a1754ef","metadata":{"contentType":"Image","license":"U","title":"Untitled Image"}},"backgroundOpacity":0,"willDoAnimation":false,"animationType":"glow","displayAsButton":false,"buttonSize":"big","goToSlideType":"specified","invisible":false},{"x":47.00255102040816,"y":43.95465994962216,"width":40,"height":40,"action":{"library":"H5P.CRAudio 1.4","params":{"fitToWrapper":true,"currIndex":6,"playerMode":"minimalistic","controls":true,"autoplay":true,"playAudio":"Play audio","pauseAudio":"Pause audio","contentName":"Audio","glowColor":"#ffd85a","timeStampForEachText":[{"text":" \u0909\u0938\u0947 ","startDuration":"0.6217","endDuration":"1.3977","wordfile":[{"path":"audios\/wordfile-6523c2145d39f.mp3","mime":"audio\/mpeg","copyright":{"license":"U"}}]},{"text":" \u091b\u0939 ","startDuration":"1.3987","endDuration":"1.9466","wordfile":[{"path":"audios\/wordfile-6523c235be19c.mp3","mime":"audio\/mpeg","copyright":{"license":"U"}}]},{"text":" \u092b\u0942\u0932\u0926\u093e\u0928 ","startDuration":"1.9476","endDuration":"2.7750","wordfile":[{"path":"audios\/wordfile-6523c269613a8.mp3","mime":"audio\/mpeg","copyright":{"license":"U"}}]},{"text":" \u092e\u093f\u0932\u0924\u0947 ","startDuration":"2.7760","endDuration":"3.1813","wordfile":[{"path":"audios\/wordfile-6523c28b50b6c.mp3","mime":"audio\/mpeg","copyright":{"license":"U"}}]},{"text":" \u0939\u0948\u0902\u0964 ","startDuration":"3.1823","endDuration":"3.5135","wordfile":[{"path":"audios\/wordfile-6523c2a19e7c7.mp3","mime":"audio\/mpeg","copyright":{"license":"U"}}]}],"files":[{"path":"audios\/files-6523c1f425306.mp3","mime":"audio\/mpeg","copyright":{"license":"U"}}]},"subContentId":"33be6c57-9efe-4194-b70d-f85bd7e25e81","metadata":{"contentType":"Curious Reader Audio","license":"U","title":"Untitled Curious Reader Audio"}},"backgroundOpacity":0,"willDoAnimation":false,"animationType":"glow","displayAsButton":false,"buttonSize":"big","goToSlideType":"specified","invisible":false},{"x":45.91836734693878,"y":32.735768261964736,"width":13.64795918367347,"height":31.738035264483624,"action":{"library":"H5P.Image 1.1","params":{"contentName":"Image"},"subContentId":"4f35068a-4d75-41cf-b14b-993c6c6c818e","metadata":{"contentType":"Image","license":"U","title":"Untitled Image"}},"backgroundOpacity":0,"willDoAnimation":true,"animationType":"glow","displayAsButton":false,"buttonSize":"big","goToSlideType":"specified","invisible":false,"id":"img33be6c57-9efe-4194-b70d-f85bd7e25e81_1"},{"x":45.91836734693878,"y":29.94332493702771,"width":13.64795918367347,"height":34.5088161209068,"action":{"library":"H5P.Image 1.1","params":{"contentName":"Image"},"subContentId":"20cebcea-00f7-400d-afac-d41dc1a2ed70","metadata":{"contentType":"Image","license":"U","title":"Untitled Image"}},"backgroundOpacity":0,"willDoAnimation":true,"animationType":"glow","displayAsButton":false,"buttonSize":"big","goToSlideType":"specified","invisible":false,"id":"img33be6c57-9efe-4194-b70d-f85bd7e25e81_2"}],"slideBackgroundSelector":{}},{"elements":[{"x":17.708333333333332,"y":84.24657534246576,"width":63.657407407407405,"height":13.242009132420092,"action":{"library":"H5P.CRAdvancedText 1.1","params":{"text":"<p style=\"text-align: center;\"><span style=\"font-size:2.25em;\">\u0909\u0938\u0947 \u092a\u093e\u0902\u091a \u092b\u0942\u0932 \u092e\u093f\u0932\u0924\u0947 \u0939\u0948\u0902\u0964<\/span><\/p>\n"},"subContentId":"ce8371ff-18d4-45a5-ad6c-2380894dc4f6","metadata":{"contentType":"Text","license":"U","title":"Untitled Text"}},"alwaysDisplayComments":false,"backgroundOpacity":0,"willDoAnimation":false,"animationType":"glow","displayAsButton":false,"buttonSize":"big","goToSlideType":"specified","invisible":false,"solution":""},{"x":25.510204081632654,"y":10.075566750629722,"width":49.27425315676,"height":73.149428789033,"action":{"library":"H5P.Image 1.1","params":{"contentName":"Image","file":{"path":"images\/file-61c0fb083e1bb.jpeg","mime":"image\/jpeg","copyright":{"license":"U"},"width":1472,"height":1024}},"subContentId":"5540205a-60e4-4773-a93d-1d4917ead4ab","metadata":{"contentType":"Image","license":"U","title":"Untitled Image"}},"backgroundOpacity":0,"willDoAnimation":false,"animationType":"glow","displayAsButton":false,"buttonSize":"big","goToSlideType":"specified","invisible":false},{"x":47.00255102040816,"y":43.95465994962216,"width":40,"height":40,"action":{"library":"H5P.CRAudio 1.4","params":{"fitToWrapper":true,"currIndex":7,"playerMode":"minimalistic","controls":true,"autoplay":true,"playAudio":"Play audio","pauseAudio":"Pause audio","contentName":"Audio","glowColor":"#ffd85a","timeStampForEachText":[{"text":" \u0909\u0938\u0947 ","startDuration":"0.4220","endDuration":"1.1848","wordfile":[{"path":"audios\/wordfile-6523c2e9c7e51.mp3","mime":"audio\/mpeg","copyright":{"license":"U"}}]},{"text":" \u092a\u093e\u0902\u091a ","startDuration":"1.1858","endDuration":"2.0579","wordfile":[{"path":"audios\/wordfile-6523c3152667b.mp3","mime":"audio\/mpeg","copyright":{"license":"U"}}]},{"text":" \u092b\u0942\u0932 ","startDuration":"2.0589","endDuration":"2.3839","wordfile":[{"path":"audios\/wordfile-6523c3470668a.mp3","mime":"audio\/mpeg","copyright":{"license":"U"}}]},{"text":" \u092e\u093f\u0932\u0924\u0947 ","startDuration":"2.3849","endDuration":"2.9392","wordfile":[{"path":"audios\/wordfile-6523c37337290.mp3","mime":"audio\/mpeg","copyright":{"license":"U"}}]},{"text":" \u0939\u0948\u0902\u0964 ","startDuration":"2.9402","endDuration":"3.3174","wordfile":[{"path":"audios\/wordfile-6523c3929a34a.mp3","mime":"audio\/mpeg","copyright":{"license":"U"}}]}],"files":[{"path":"audios\/files-6523c2cf90e95.mp3","mime":"audio\/mpeg","copyright":{"license":"U"}}]},"subContentId":"1d7b0ec4-a957-457a-955f-b1f2931f4444","metadata":{"contentType":"Curious Reader Audio","license":"U","title":"Untitled Curious Reader Audio"}},"backgroundOpacity":0,"willDoAnimation":false,"animationType":"glow","displayAsButton":false,"buttonSize":"big","goToSlideType":"specified","invisible":false},{"x":30.612244897959183,"y":55.415617128463474,"width":16.198979591836736,"height":19.8992443324937,"action":{"library":"H5P.Image 1.1","params":{"contentName":"Image"},"subContentId":"c3bacb3b-092b-47be-be0d-51601f11a1bd","metadata":{"contentType":"Image","license":"U","title":"Untitled Image"}},"backgroundOpacity":0,"willDoAnimation":true,"animationType":"glow","displayAsButton":false,"buttonSize":"big","goToSlideType":"specified","invisible":false,"id":"img1d7b0ec4-a957-457a-955f-b1f2931f4444_1"},{"x":53.57142857142857,"y":57.88715365239295,"width":13.64795918367347,"height":19.8992443324937,"action":{"library":"H5P.Image 1.1","params":{"contentName":"Image"},"subContentId":"e8a093b7-93e2-4f76-8ccb-d3cb02cc657d","metadata":{"contentType":"Image","license":"U","title":"Untitled Image"}},"backgroundOpacity":0,"willDoAnimation":true,"animationType":"glow","displayAsButton":false,"buttonSize":"big","goToSlideType":"specified","invisible":false,"id":"img1d7b0ec4-a957-457a-955f-b1f2931f4444_1"},{"x":30.612244897959183,"y":52.855415617128465,"width":17.474489795918366,"height":22.41813602015113,"action":{"library":"H5P.Image 1.1","params":{"contentName":"Image"},"subContentId":"a637e64a-4e6b-48e0-b28f-3c0fad94c9df","metadata":{"contentType":"Image","license":"U","title":"Untitled Image"}},"backgroundOpacity":0,"willDoAnimation":true,"animationType":"glow","displayAsButton":false,"buttonSize":"big","goToSlideType":"specified","invisible":false,"id":"img1d7b0ec4-a957-457a-955f-b1f2931f4444_2"},{"x":53.57142857142857,"y":57.88715365239295,"width":13.64795918367347,"height":19.8992443324937,"action":{"library":"H5P.Image 1.1","params":{"contentName":"Image"},"subContentId":"28103540-fba4-4073-abc7-d4fde834cb1d","metadata":{"contentType":"Image","license":"U","title":"Untitled Image"}},"backgroundOpacity":0,"willDoAnimation":true,"animationType":"glow","displayAsButton":false,"buttonSize":"big","goToSlideType":"specified","invisible":false,"id":"img1d7b0ec4-a957-457a-955f-b1f2931f4444_2"}],"slideBackgroundSelector":{}},{"elements":[{"x":18.489583333333336,"y":6.837899543378994,"width":61.80555555555555,"height":75.34246575342466,"action":{"library":"H5P.Image 1.1","params":{"contentName":"Image","file":{"path":"images\/file-61c0fbe47eb09.jpeg","mime":"image\/jpeg","copyright":{"license":"U"},"width":1472,"height":1024}},"subContentId":"9f8fef1e-cbf5-4098-9dbe-27a7399d7326","metadata":{"contentType":"Image","license":"U","title":"Untitled Image"}},"backgroundOpacity":0,"willDoAnimation":false,"animationType":"glow","displayAsButton":false,"buttonSize":"big","goToSlideType":"specified","invisible":false},{"x":8.928571428571429,"y":82.61964735516372,"width":77.8061224489796,"height":17.38035264483627,"action":{"library":"H5P.CRAdvancedText 1.1","params":{"text":"<p style=\"text-align: center;\"><span style=\"font-size:2.25em;\">\u0909\u0938\u0947 \u092a\u0948\u0902\u091f \u0915\u0947 \u091a\u093e\u0930 \u091c\u094b\u0921\u093c\u0947 \u092e\u093f\u0932\u0924\u0947 \u0939\u0948\u0902\u0964<\/span><\/p>\n"},"subContentId":"c73b85da-73b1-416d-bd0f-819cb799cb04","metadata":{"contentType":"Text","license":"U","title":"Untitled Text"}},"alwaysDisplayComments":false,"backgroundOpacity":0,"willDoAnimation":false,"animationType":"glow","displayAsButton":false,"buttonSize":"big","goToSlideType":"specified","invisible":false,"solution":""},{"x":47.00255102040816,"y":43.95465994962216,"width":40,"height":40,"action":{"library":"H5P.CRAudio 1.4","params":{"fitToWrapper":true,"currIndex":8,"playerMode":"minimalistic","controls":true,"autoplay":true,"playAudio":"Play audio","pauseAudio":"Pause audio","contentName":"Audio","glowColor":"#ffd85a","timeStampForEachText":[{"text":" \u0909\u0938\u0947 ","startDuration":"0.7670","endDuration":"1.4656","wordfile":[{"path":"audios\/wordfile-652872caab650.mp3","mime":"audio\/mpeg","copyright":{"license":"U"}}]},{"text":" \u092a\u0948\u0902\u091f ","startDuration":"1.4666","endDuration":"2.1140","wordfile":[{"path":"audios\/wordfile-652872edef56f.mp3","mime":"audio\/mpeg","copyright":{"license":"U"}}]},{"text":" \u0915\u0947 ","startDuration":"2.1150","endDuration":"2.4045","wordfile":[{"path":"audios\/wordfile-6528730d3e4c9.mp3","mime":"audio\/mpeg","copyright":{"license":"U"}}]},{"text":" \u091a\u093e\u0930 ","startDuration":"2.4055","endDuration":"2.8612","wordfile":[{"path":"audios\/wordfile-65287333a749d.mp3","mime":"audio\/mpeg","copyright":{"license":"U"}}]},{"text":" \u091c\u094b\u0921\u093c\u0947 ","startDuration":"2.8622","endDuration":"3.3882","wordfile":[{"path":"audios\/wordfile-6528736722964.mp3","mime":"audio\/mpeg","copyright":{"license":"U"}}]},{"text":" \u092e\u093f\u0932\u0924\u0947 ","startDuration":"3.3892","endDuration":"3.9599","wordfile":[{"path":"audios\/wordfile-6528737b85785.mp3","mime":"audio\/mpeg","copyright":{"license":"U"}}]},{"text":" \u0939\u0948\u0902\u0964 ","startDuration":"3.9609","endDuration":"4.3207","wordfile":[{"path":"audios\/wordfile-65287393cf7e7.mp3","mime":"audio\/mpeg","copyright":{"license":"U"}}]}],"files":[{"path":"audios\/files-652872b01ac70.mp3","mime":"audio\/mpeg","copyright":{"license":"U"}}]},"subContentId":"5c14d6a9-a796-4967-94d7-2eabd48cfa1c","metadata":{"contentType":"Curious Reader Audio","license":"U","title":"Untitled Curious Reader Audio"}},"backgroundOpacity":0,"willDoAnimation":false,"animationType":"glow","displayAsButton":false,"buttonSize":"big","goToSlideType":"specified","invisible":false},{"x":52.29591836734694,"y":17.632241813602015,"width":22.066326530612244,"height":37.02770780856423,"action":{"library":"H5P.Image 1.1","params":{"contentName":"Image"},"subContentId":"0ef045f1-f5b5-4fcb-8784-c5f8865ecd5c","metadata":{"contentType":"Image","license":"U","title":"Untitled Image"}},"backgroundOpacity":0,"willDoAnimation":true,"animationType":"glow","displayAsButton":false,"buttonSize":"big","goToSlideType":"specified","invisible":false,"id":"img5c14d6a9-a796-4967-94d7-2eabd48cfa1c_1"},{"x":52.295918367346935,"y":15.105491183879094,"width":23.46938775510204,"height":40.050377833753146,"action":{"library":"H5P.Image 1.1","params":{"contentName":"Image"},"subContentId":"9da2f692-0d08-4185-8c7a-126afe37faaf","metadata":{"contentType":"Image","license":"U","title":"Untitled Image"}},"backgroundOpacity":0,"willDoAnimation":true,"animationType":"glow","displayAsButton":false,"buttonSize":"big","goToSlideType":"specified","invisible":false,"id":"img5c14d6a9-a796-4967-94d7-2eabd48cfa1c_3"}],"slideBackgroundSelector":{}},{"elements":[{"x":2.5510204081632653,"y":83.1234256926952,"width":96.52777777777777,"height":15.753424657534246,"action":{"library":"H5P.CRAdvancedText 1.1","params":{"text":"<p style=\"text-align: center;\"><span style=\"font-size:2.25em;\">\u0909\u0938\u0947 \u0924\u0940\u0928 \u092e\u094d\u092f\u0942\u091c\u093f\u0915\u0932 \u0907\u0902\u0938\u094d\u091f\u094d\u0930\u0942\u092e\u0947\u0902\u091f\u094d\u0938 \u092e\u093f\u0932\u0924\u0947 \u0939\u0948\u0902\u0964<\/span><\/p>\n"},"subContentId":"3a08f030-0a2a-49f9-88e9-de7086ff4fcf","metadata":{"contentType":"Text","license":"U","title":"Untitled Text"}},"alwaysDisplayComments":false,"backgroundOpacity":0,"willDoAnimation":false,"animationType":"glow","displayAsButton":false,"buttonSize":"big","goToSlideType":"specified","invisible":false,"solution":""},{"x":25.578703703703702,"y":7.305936073059361,"width":51.455189405605,"height":76.191926884996,"action":{"library":"H5P.Image 1.1","params":{"contentName":"Image","file":{"path":"images\/file-61c0fc644df28.jpeg","mime":"image\/jpeg","copyright":{"license":"U"},"width":1472,"height":1024}},"subContentId":"f455b643-1205-4afd-aad1-ca7b047aa884","metadata":{"contentType":"Image","license":"U","title":"Untitled Image"}},"backgroundOpacity":0,"willDoAnimation":false,"animationType":"glow","displayAsButton":false,"buttonSize":"big","goToSlideType":"specified","invisible":false},{"x":47.00255102040816,"y":43.95465994962216,"width":40,"height":40,"action":{"library":"H5P.CRAudio 1.4","params":{"fitToWrapper":true,"currIndex":10,"playerMode":"minimalistic","controls":true,"autoplay":true,"playAudio":"Play audio","pauseAudio":"Pause audio","contentName":"Audio","glowColor":"#ffd85a","timeStampForEachText":[{"text":" \u0909\u0938\u0947 ","startDuration":"1.2420","endDuration":"2.3123","wordfile":[{"path":"audios\/wordfile-6523cd95ce075.mp3","mime":"audio\/mpeg","copyright":{"license":"U"}}]},{"text":" \u0924\u0940\u0928 ","startDuration":"2.3133","endDuration":"2.7245","wordfile":[{"path":"audios\/wordfile-6523ce189f8ef.mp3","mime":"audio\/mpeg","copyright":{"license":"U"}}]},{"text":" \u092e\u094d\u092f\u0942\u091c\u093f\u0915\u0932 ","startDuration":"2.7255","endDuration":"3.4578","wordfile":[{"path":"audios\/wordfile-6523ce429a94d.mp3","mime":"audio\/mpeg","copyright":{"license":"U"}}]},{"text":" \u0907\u0902\u0938\u094d\u091f\u094d\u0930\u0942\u092e\u0947\u0902\u091f\u094d\u0938 ","startDuration":"3.4588","endDuration":"4.2925","wordfile":[{"path":"audios\/wordfile-6523ce72d8fb4.mp3","mime":"audio\/mpeg","copyright":{"license":"U"}}]},{"text":" \u092e\u093f\u0932\u0924\u0947 ","startDuration":"4.2935","endDuration":"4.7639","wordfile":[{"path":"audios\/wordfile-6523cea29c2b3.mp3","mime":"audio\/mpeg","copyright":{"license":"U"}}]},{"text":" \u0939\u0948\u0902\u0964 ","startDuration":"4.7649","endDuration":"5.2353","wordfile":[{"path":"audios\/wordfile-6523cebaa105a.mp3","mime":"audio\/mpeg","copyright":{"license":"U"}}]}],"files":[{"path":"audios\/files-6523cd73b4aab.mp3","mime":"audio\/mpeg","copyright":{"license":"U"}}]},"subContentId":"61309be6-8895-4801-821d-f1ab00f54842","metadata":{"contentType":"Curious Reader Audio","license":"U","title":"Untitled Curious Reader Audio"}},"backgroundOpacity":0,"willDoAnimation":false,"animationType":"glow","displayAsButton":false,"buttonSize":"big","goToSlideType":"specified","invisible":false},{"x":26.785714285714285,"y":25.188916876574307,"width":15.178571428571429,"height":44.58438287153652,"action":{"library":"H5P.Image 1.1","params":{"contentName":"Image"},"subContentId":"dca9a9a4-6626-40ed-9e15-4af803f87d10","metadata":{"contentType":"Image","license":"U","title":"Untitled Image"}},"backgroundOpacity":0,"willDoAnimation":true,"animationType":"glow","displayAsButton":false,"buttonSize":"big","goToSlideType":"specified","invisible":false,"id":"img61309be6-8895-4801-821d-f1ab00f54842_1"},{"x":43.36734693877551,"y":45.34005037783375,"width":13.64795918367347,"height":32.49370277078086,"action":{"library":"H5P.Image 1.1","params":{"contentName":"Image"},"subContentId":"4ae7df69-373c-4358-9f9c-4a3b1fd4d2ab","metadata":{"contentType":"Image","license":"U","title":"Untitled Image"}},"backgroundOpacity":0,"willDoAnimation":true,"animationType":"glow","displayAsButton":false,"buttonSize":"big","goToSlideType":"specified","invisible":false,"id":"img61309be6-8895-4801-821d-f1ab00f54842_1"},{"x":61.224489795918366,"y":22.652317380352642,"width":14.540816326530612,"height":49.622166246851386,"action":{"library":"H5P.Image 1.1","params":{"contentName":"Image"},"subContentId":"e10a8276-0778-4a13-8dd7-bd8caa98eafd","metadata":{"contentType":"Image","license":"U","title":"Untitled Image"}},"backgroundOpacity":0,"willDoAnimation":true,"animationType":"glow","displayAsButton":false,"buttonSize":"big","goToSlideType":"specified","invisible":false,"id":"img61309be6-8895-4801-821d-f1ab00f54842_1"},{"x":25.510204081632654,"y":25.15743073047859,"width":17.474489795918366,"height":44.58438287153652,"action":{"library":"H5P.Image 1.1","params":{"contentName":"Image"},"subContentId":"7d63de0a-37ad-4141-80c1-7271e2276b79","metadata":{"contentType":"Image","license":"U","title":"Untitled Image"}},"backgroundOpacity":0,"willDoAnimation":true,"animationType":"glow","displayAsButton":false,"buttonSize":"big","goToSlideType":"specified","invisible":false,"id":"img61309be6-8895-4801-821d-f1ab00f54842_2"},{"x":42.09183673469388,"y":45.30453400503778,"width":14.923469387755102,"height":32.49370277078086,"action":{"library":"H5P.Image 1.1","params":{"contentName":"Image"},"subContentId":"f1107790-829c-4205-ae6d-dc1329db143f","metadata":{"contentType":"Image","license":"U","title":"Untitled Image"}},"backgroundOpacity":0,"willDoAnimation":true,"animationType":"glow","displayAsButton":false,"buttonSize":"big","goToSlideType":"specified","invisible":false,"id":"img61309be6-8895-4801-821d-f1ab00f54842_2"},{"x":59.94897959183674,"y":22.646397984886647,"width":16.198979591836736,"height":52.141057934508815,"action":{"library":"H5P.Image 1.1","params":{"contentName":"Image"},"subContentId":"e6da6f08-9123-4550-a1fe-558ce2f8b7b6","metadata":{"contentType":"Image","license":"U","title":"Untitled Image"}},"backgroundOpacity":0,"willDoAnimation":true,"animationType":"glow","displayAsButton":false,"buttonSize":"big","goToSlideType":"specified","invisible":false,"id":"img61309be6-8895-4801-821d-f1ab00f54842_2"},{"x":28.061224489795915,"y":25.15743073047859,"width":13.64795918367347,"height":42.06549118387909,"action":{"library":"H5P.Image 1.1","params":{"contentName":"Image"},"subContentId":"52eeacc3-d099-47d3-a3f7-fa33c7f9f571","metadata":{"contentType":"Image","license":"U","title":"Untitled Image"}},"backgroundOpacity":0,"willDoAnimation":true,"animationType":"glow","displayAsButton":false,"buttonSize":"big","goToSlideType":"specified","invisible":false,"id":"img61309be6-8895-4801-821d-f1ab00f54842_3"},{"x":42.09183673469388,"y":42.77380352644837,"width":14.923469387755102,"height":37.02770780856423,"action":{"library":"H5P.Image 1.1","params":{"contentName":"Image"},"subContentId":"6961f3c3-73d7-454f-b294-63f774e21830","metadata":{"contentType":"Image","license":"U","title":"Untitled Image"}},"backgroundOpacity":0,"willDoAnimation":true,"animationType":"glow","displayAsButton":false,"buttonSize":"big","goToSlideType":"specified","invisible":false,"id":"img61309be6-8895-4801-821d-f1ab00f54842_3"},{"x":59.94897959183674,"y":25.17317380352645,"width":18.367346938775512,"height":49.622166246851386,"action":{"library":"H5P.Image 1.1","params":{"contentName":"Image"},"subContentId":"7b0a3c73-a060-4e4a-be76-c8b7f467fb0b","metadata":{"contentType":"Image","license":"U","title":"Untitled Image"}},"backgroundOpacity":0,"willDoAnimation":true,"animationType":"glow","displayAsButton":false,"buttonSize":"big","goToSlideType":"specified","invisible":false,"id":"img61309be6-8895-4801-821d-f1ab00f54842_3"}],"slideBackgroundSelector":{}},{"elements":[{"x":19.328703703703702,"y":83.78995433789954,"width":62.49999999999999,"height":14.155251141552512,"action":{"library":"H5P.CRAdvancedText 1.1","params":{"text":"<p style=\"text-align: center;\"><span style=\"font-size:2.25em;\">\u0909\u0938\u0947 \u0926\u094b \u0939\u093e\u0925 \u092e\u093f\u0932\u0924\u0947 \u0939\u0948\u0902\u0964<\/span><\/p>\n"},"subContentId":"afea620e-f0f5-426e-a583-86d004b0afe4","metadata":{"contentType":"Text","license":"U","title":"Untitled Text"}},"alwaysDisplayComments":false,"backgroundOpacity":0,"willDoAnimation":false,"animationType":"glow","displayAsButton":false,"buttonSize":"big","goToSlideType":"specified","invisible":false,"solution":""},{"x":21.527777777777775,"y":8.67579908675799,"width":55.416538343086,"height":73.911043412034,"action":{"library":"H5P.Image 1.1","params":{"contentName":"Image","file":{"path":"images\/file-61c0fdae0857e.jpeg","mime":"image\/jpeg","copyright":{"license":"U"},"width":1472,"height":1024}},"subContentId":"a588fa0a-5484-4950-944a-d472b7aedc92","metadata":{"contentType":"Image","license":"U","title":"Untitled Image"}},"backgroundOpacity":0,"willDoAnimation":false,"animationType":"glow","displayAsButton":false,"buttonSize":"big","goToSlideType":"specified","invisible":false},{"x":47.00255102040816,"y":43.95465994962216,"width":40,"height":40,"action":{"library":"H5P.CRAudio 1.4","params":{"fitToWrapper":true,"currIndex":11,"playerMode":"minimalistic","controls":true,"autoplay":true,"playAudio":"Play audio","pauseAudio":"Pause audio","contentName":"Audio","glowColor":"#ffd85a","timeStampForEachText":[{"text":" \u0909\u0938\u0947 ","startDuration":"0.1819","endDuration":"0.8743","wordfile":[{"path":"audios\/wordfile-6523cf176469f.mp3","mime":"audio\/mpeg","copyright":{"license":"U"}}]},{"text":" \u0926\u094b ","startDuration":"0.8753","endDuration":"1.3947","wordfile":[{"path":"audios\/wordfile-6523cf656e774.mp3","mime":"audio\/mpeg","copyright":{"license":"U"}}]},{"text":" \u0939\u093e\u0925 ","startDuration":"1.3957","endDuration":"1.8973","wordfile":[{"path":"audios\/wordfile-6523cfb58fd26.mp3","mime":"audio\/mpeg","copyright":{"license":"U"}}]},{"text":" \u092e\u093f\u0932\u0924\u0947 ","startDuration":"1.8983","endDuration":"2.3467","wordfile":[{"path":"audios\/wordfile-6523cfcf97e3a.mp3","mime":"audio\/mpeg","copyright":{"license":"U"}}]},{"text":" \u0939\u0948\u0902\u0964 ","startDuration":"2.3477","endDuration":"2.6808","wordfile":[{"path":"audios\/wordfile-6523cfecbbbdd.mp3","mime":"audio\/mpeg","copyright":{"license":"U"}}]}],"files":[{"path":"audios\/files-6523cef98e8af.mp3","mime":"audio\/mpeg","copyright":{"license":"U"}}]},"subContentId":"3ea351e4-d4e6-4183-b591-681dc88420f2","metadata":{"contentType":"Curious Reader Audio","license":"U","title":"Untitled Curious Reader Audio"}},"backgroundOpacity":0,"willDoAnimation":false,"animationType":"glow","displayAsButton":false,"buttonSize":"big","goToSlideType":"specified","invisible":false},{"x":49.744897959183675,"y":42.77380352644837,"width":9.821428571428571,"height":19.395465994962215,"action":{"library":"H5P.Image 1.1","params":{"contentName":"Image"},"subContentId":"5185f98a-e293-4e99-af38-a259e3b9c76e","metadata":{"contentType":"Image","license":"U","title":"Untitled Image"}},"backgroundOpacity":0,"willDoAnimation":true,"animationType":"glow","displayAsButton":false,"buttonSize":"big","goToSlideType":"specified","invisible":false,"id":"img3ea351e4-d4e6-4183-b591-681dc88420f2_1"},{"x":49.744897959183675,"y":42.78564231738036,"width":11.096938775510205,"height":19.143576826196472,"action":{"library":"H5P.Image 1.1","params":{"contentName":"Image"},"subContentId":"05d738fc-5a4c-4dc5-93a5-bb13076c543a","metadata":{"contentType":"Image","license":"U","title":"Untitled Image"}},"backgroundOpacity":0,"willDoAnimation":true,"animationType":"glow","displayAsButton":false,"buttonSize":"big","goToSlideType":"specified","invisible":false,"id":"img3ea351e4-d4e6-4183-b591-681dc88420f2_2"}],"slideBackgroundSelector":{}},{"elements":[{"x":8.928571428571429,"y":83.72367758186398,"width":79.20918367346938,"height":15.113350125944583,"action":{"library":"H5P.CRAdvancedText 1.1","params":{"text":"<p style=\"text-align: center;\"><span style=\"font-size:2.25em;\">\u0921\u094b\u0921\u094b \u0915\u094b \u0906\u0916\u093f\u0930 \u092e\u0947\u0902 \u090f\u0915 \u092e\u093e\u0901 \u092e\u093f\u0932\u0924\u0940 \u0939\u0948\u0964<\/span><\/p>\n"},"subContentId":"597f631b-5fb5-4273-a396-1426b58a2038","metadata":{"contentType":"Text","license":"U","title":"Untitled Text"}},"alwaysDisplayComments":false,"backgroundOpacity":0,"willDoAnimation":false,"animationType":"glow","displayAsButton":false,"buttonSize":"big","goToSlideType":"specified","invisible":false,"solution":""},{"x":20.833333333333332,"y":8.219178082191782,"width":58.509701262704,"height":75.305021520803,"action":{"library":"H5P.Image 1.1","params":{"contentName":"Image","file":{"path":"images\/file-61c0fea69e424.jpeg","mime":"image\/jpeg","copyright":{"license":"U"},"width":1472,"height":1024}},"subContentId":"c58547ba-08f7-4250-9cd8-0a37cda5ed85","metadata":{"contentType":"Image","license":"U","title":"Untitled Image"}},"backgroundOpacity":0,"willDoAnimation":false,"animationType":"glow","displayAsButton":false,"buttonSize":"big","goToSlideType":"specified","invisible":false},{"x":47.00255102040816,"y":43.95465994962216,"width":40,"height":40,"action":{"library":"H5P.CRAudio 1.4","params":{"fitToWrapper":true,"currIndex":12,"playerMode":"minimalistic","controls":true,"autoplay":true,"playAudio":"Play audio","pauseAudio":"Pause audio","contentName":"Audio","glowColor":"#ffd85a","timeStampForEachText":[{"text":" \u0921\u094b\u0921\u094b ","startDuration":"0.4199","endDuration":"1.1463","wordfile":[{"path":"audios\/wordfile-6523d04d4ea75.mp3","mime":"audio\/mpeg","copyright":{"license":"U"}}]},{"text":" \u0915\u094b ","startDuration":"1.1473","endDuration":"1.6356","wordfile":[{"path":"audios\/wordfile-6523d06ac59fe.mp3","mime":"audio\/mpeg","copyright":{"license":"U"}}]},{"text":" \u0906\u0916\u093f\u0930 ","startDuration":"1.6366","endDuration":"2.1186","wordfile":[{"path":"audios\/wordfile-6523d3d7d1d2c.mp3","mime":"audio\/mpeg","copyright":{"license":"U"}}]},{"text":" \u092e\u0947\u0902 ","startDuration":"2.1196","endDuration":"2.4136","wordfile":[{"path":"audios\/wordfile-6523d4160008d.mp3","mime":"audio\/mpeg","copyright":{"license":"U"}}]},{"text":" \u090f\u0915 ","startDuration":"2.4146","endDuration":"2.7337","wordfile":[{"path":"audios\/wordfile-6523d45644527.mp3","mime":"audio\/mpeg","copyright":{"license":"U"}}]},{"text":" \u092e\u093e\u0901 ","startDuration":"2.7347","endDuration":"3.1039","wordfile":[{"path":"audios\/wordfile-6523d48dc9a07.mp3","mime":"audio\/mpeg","copyright":{"license":"U"}}]},{"text":" \u092e\u093f\u0932\u0924\u0940 ","startDuration":"3.1049","endDuration":"3.5180","wordfile":[{"path":"audios\/wordfile-6523d4b0e2dc6.mp3","mime":"audio\/mpeg","copyright":{"license":"U"}}]},{"text":" \u0939\u0948\u0964 ","startDuration":"3.5190","endDuration":"3.9383","wordfile":[{"path":"audios\/wordfile-6523d4e2eceac.mp3","mime":"audio\/mpeg","copyright":{"license":"U"}}]}],"files":[{"path":"audios\/files-6523d020c84cc.mp3","mime":"audio\/mpeg","copyright":{"license":"U"}}]},"subContentId":"28d2d15c-e58f-4aba-8a7d-5545c02bed28","metadata":{"contentType":"Curious Reader Audio","license":"U","title":"Untitled Curious Reader Audio"}},"backgroundOpacity":0,"willDoAnimation":false,"animationType":"glow","displayAsButton":false,"buttonSize":"big","goToSlideType":"specified","invisible":false},{"x":47.19387755102041,"y":35.26448362720403,"width":9.566326530612246,"height":9.319899244332493,"action":{"library":"H5P.Image 1.1","params":{"contentName":"Image"},"subContentId":"7742d7cf-b107-4978-8ca4-7463f200afdb","metadata":{"contentType":"Image","license":"U","title":"Untitled Image"}},"backgroundOpacity":0,"willDoAnimation":true,"animationType":"glow","displayAsButton":false,"buttonSize":"big","goToSlideType":"specified","invisible":false,"id":"img28d2d15c-e58f-4aba-8a7d-5545c02bed28_0"},{"x":51.02040816326531,"y":25.188916876574307,"width":14.540816326530612,"height":14.357682619647354,"action":{"library":"H5P.Image 1.1","params":{"contentName":"Image"},"subContentId":"87e18175-d211-4519-8e74-d67f3e919656","metadata":{"contentType":"Image","license":"U","title":"Untitled Image"}},"backgroundOpacity":0,"willDoAnimation":true,"animationType":"glow","displayAsButton":false,"buttonSize":"big","goToSlideType":"specified","invisible":false,"id":"img28d2d15c-e58f-4aba-8a7d-5545c02bed28_5"}],"slideBackgroundSelector":{}},{"elements":[{"x":2.5510204081632653,"y":10.067707808564231,"width":22.95918367346939,"height":16.624685138539043,"action":{"library":"H5P.Image 1.1","params":{"contentName":"Image","file":{"path":"images\/file-61fb296cf2c04.png","mime":"image\/png","copyright":{"license":"U"},"width":1350,"height":487}},"metadata":{"contentType":"Image","license":"U","title":"Untitled Image"},"subContentId":"98ff3710-84cb-4662-b07a-73073cd11eb9"},"backgroundOpacity":0,"willDoAnimation":false,"animationType":"glow","displayAsButton":false,"buttonSize":"big","goToSlideType":"specified","invisible":false},{"x":34.43877551020408,"y":10.075566750629722,"width":29.050925925925924,"height":15.296803652968038,"action":{"library":"H5P.Image 1.1","params":{"contentName":"Image","file":{"path":"images\/file-61fb29a5596cb.png","mime":"image\/png","copyright":{"license":"U"},"width":814,"height":202}},"metadata":{"contentType":"Image","license":"U","title":"Untitled Image"},"subContentId":"387747f0-999b-4c56-a89b-623bd35caa27"},"backgroundOpacity":0,"willDoAnimation":false,"animationType":"glow","displayAsButton":false,"buttonSize":"big","goToSlideType":"specified","invisible":false},{"x":67.60204081632654,"y":12.594458438287154,"width":31.365740740740737,"height":12.557077625570777,"action":{"library":"H5P.Image 1.1","params":{"contentName":"Image","file":{"path":"images\/file-61fb28cb969ac.jpg","mime":"image\/jpeg","copyright":{"license":"U"},"width":1732,"height":354}},"metadata":{"contentType":"Image","license":"U","title":"Untitled Image"},"subContentId":"73af006f-62e3-4869-8f50-c2cce12f2919"},"backgroundOpacity":0,"willDoAnimation":false,"animationType":"glow","displayAsButton":false,"buttonSize":"big","goToSlideType":"specified","invisible":false},{"x":6.63265306122449,"y":35.254659949622166,"width":86.86224489795919,"height":61.71284634760705,"action":{"library":"H5P.CRAdvancedText 1.1","params":{"text":"<h3 style=\"text-align: center;\"><span style=\"font-size:1em;\"><strong>\"<\/strong><\/span>\u0932\u0941\u0915\u093e\u091b\u093f\u092a\u0940<span style=\"font-size:1em;\"><strong>\" credits<\/strong><\/span><\/h3>\n\n<hr>\n<h3 style=\"text-align: center;\"><span style=\"font-size:1em;\">This work, \"<\/span>\u0932\u0941\u0915\u093e\u091b\u093f\u092a\u0940<span style=\"font-size:1em;\">\", is a derivative of \"<strong>Hide and Seek<\/strong>\" written by All Children Reading Cambodia. \u00a9 The Asia Foundation 2019, and used under CC BY. \"<\/span>\u0932\u0941\u0915\u093e\u091b\u093f\u092a\u0940<span style=\"font-size:1em;\">\" is licensed under CC BY 4.0 by Curious Learning.<\/span><\/h3>\n\n<hr>\n<h3 style=\"text-align: center;\"><span style=\"font-size:1em;\">Book builder - Abraham Jerry Kakooza<\/span><\/h3>\n\n<p style=\"text-align: center;\">&nbsp;<\/p>\n"},"metadata":{"contentType":"Text","license":"U","title":"Untitled Text"},"subContentId":"33da2529-d2f5-4184-9f05-626a2800f9d7"},"alwaysDisplayComments":false,"backgroundOpacity":0,"willDoAnimation":false,"animationType":"glow","displayAsButton":false,"buttonSize":"big","goToSlideType":"specified","invisible":false,"solution":""}],"slideBackgroundSelector":{}}],"keywordListEnabled":true,"globalBackgroundSelector":{},"keywordListAlwaysShow":false,"keywordListAutoHide":false,"keywordListOpacity":90},"override":{"activeSurface":false,"hideSummarySlide":false,"summarySlideSolutionButton":true,"summarySlideRetryButton":true,"enablePrintButton":false,"social":{"showFacebookShare":false,"facebookShare":{"url":"@currentpageurl","quote":"I scored @score out of @maxScore on a task at @currentpageurl."},"showTwitterShare":false,"twitterShare":{"statement":"I scored @score out of @maxScore on a task at @currentpageurl.","url":"@currentpageurl","hashtags":"h5p, course"},"showGoogleShare":false,"googleShareUrl":"@currentpageurl"}},"l10n":{"slide":"Slide","score":"Score","yourScore":"Your Score","maxScore":"Max Score","total":"Total","totalScore":"Total Score","showSolutions":"Show solutions","retry":"Retry","exportAnswers":"Export text","hideKeywords":"Hide sidebar navigation menu","showKeywords":"Show sidebar navigation menu","fullscreen":"Fullscreen","exitFullscreen":"Exit fullscreen","prevSlide":"Previous slide","nextSlide":"Next slide","currentSlide":"Current slide","lastSlide":"Last slide","solutionModeTitle":"Exit solution mode","solutionModeText":"Solution Mode","summaryMultipleTaskText":"Multiple tasks","scoreMessage":"You achieved:","shareFacebook":"Share on Facebook","shareTwitter":"Share on Twitter","shareGoogle":"Share on Google+","summary":"Summary","solutionsButtonTitle":"Show comments","printTitle":"Print","printIngress":"How would you like to print this presentation?","printAllSlides":"Print all slides","printCurrentSlide":"Print current slide","noTitle":"No title","accessibilitySlideNavigationExplanation":"Use left and right arrow to change slide in that direction whenever canvas is selected.","accessibilityCanvasLabel":"Presentation canvas. Use left and right arrow to move between slides.","containsNotCompleted":"@slideName contains not completed interaction","containsCompleted":"@slideName contains completed interaction","slideCount":"Slide @index of @total","containsOnlyCorrect":"@slideName only has correct answers","containsIncorrectAnswers":"@slideName has incorrect answers","shareResult":"Share Result","accessibilityTotalScore":"You got @score of @maxScore points in total","accessibilityEnteredFullscreen":"Entered fullscreen","accessibilityExitedFullscreen":"Exited fullscreen"}}