{"presentation":{"slides":[{"elements":[{"x":16.338997821350763,"y":0,"width":70.1525054466231,"height":79.56989247311827,"action":{"library":"H5P.Image 1.1","params":{"contentName":"Image","file":{"path":"images\/file-65789116ed4b7.jpg","mime":"image\/jpeg","copyright":{"license":"U"},"width":1024,"height":490}},"subContentId":"4ee28616-8931-4205-be08-3db96ae318ac","metadata":{"contentType":"Image","license":"U","title":"Untitled Image"}},"backgroundOpacity":0,"willDoAnimation":false,"animationType":"glow","displayAsButton":false,"buttonSize":"big","goToSlideType":"specified","invisible":false},{"x":11.479591836734695,"y":83.1234256926952,"width":75.25510204081633,"height":14.86146095717884,"action":{"library":"H5P.CRAdvancedText 1.1","params":{"text":"<p dir=\"ltr\" style=\"text-align: center;\"><span style=\"font-size:2.25em;\">Kenha ki podi djudan?<\/span><\/p>\n"},"subContentId":"30f4974f-66cd-47ee-855f-91af13c9e543","metadata":{"contentType":"Text","license":"U","title":"Untitled Text"}},"alwaysDisplayComments":false,"backgroundOpacity":0,"willDoAnimation":false,"animationType":"glow","displayAsButton":false,"buttonSize":"big","goToSlideType":"specified","invisible":false,"solution":""}],"slideBackgroundSelector":{}},{"elements":[{"x":6.377551020408164,"y":2.5188916876574305,"width":40.05102040816327,"height":92.4433249370277,"action":{"library":"H5P.Image 1.1","params":{"contentName":"Image","file":{"path":"images\/file-657891ce69d36.jpg","mime":"image\/jpeg","copyright":{"license":"U"},"width":1024,"height":1104}},"subContentId":"a8bbbdc6-fd56-4c0a-be57-a277b023598e","metadata":{"contentType":"Image","license":"U","title":"Untitled Image"}},"backgroundOpacity":0,"willDoAnimation":false,"animationType":"glow","displayAsButton":false,"buttonSize":"big","goToSlideType":"specified","invisible":false},{"x":45.955882352941174,"y":37.83236363636364,"width":49.632352941176464,"height":40,"action":{"library":"H5P.CRAdvancedText 1.1","params":{"text":"<p dir=\"ltr\" style=\"text-align: center;\"><span style=\"font-size:1.75em;\"><span style=\"color:#ffffff;\">N kre le un livru.<\/span><\/span><\/p>\n"},"subContentId":"c8b60310-4941-42a1-8058-950e9d33749c","metadata":{"contentType":"Text","license":"U","title":"Untitled Text"}},"alwaysDisplayComments":false,"backgroundOpacity":0,"willDoAnimation":false,"animationType":"glow","displayAsButton":false,"buttonSize":"big","goToSlideType":"specified","invisible":false,"solution":""},{"x":47.000103485838785,"y":44.00026681929878,"width":40,"height":40,"action":{"library":"H5P.CRAudio 1.4","params":{"fitToWrapper":true,"currIndex":1,"playerMode":"minimalistic","controls":true,"autoplay":true,"playAudio":"Play audio","pauseAudio":"Pause audio","contentName":"Audio","glowColor":"#ffd85a","timeStampForEachText":[{"text":" N ","startDuration":"0.0000","endDuration":"0.2775","wordfile":[{"path":"audios\/wordfile-67077019d485d.wav","mime":"audio\/x-wav","copyright":{"license":"U"}}]},{"text":" kre ","startDuration":"0.2785","endDuration":"0.6030","wordfile":[{"path":"audios\/wordfile-670770383b70f.wav","mime":"audio\/x-wav","copyright":{"license":"U"}}]},{"text":" le ","startDuration":"0.6040","endDuration":"0.8040","wordfile":[{"path":"audios\/wordfile-6707704b68d3c.wav","mime":"audio\/x-wav","copyright":{"license":"U"}}]},{"text":" un ","startDuration":"0.8050","endDuration":"1.0050","wordfile":[{"path":"audios\/wordfile-670770708e6b9.wav","mime":"audio\/x-wav","copyright":{"license":"U"}}]},{"text":" livru. ","startDuration":"1.0060","endDuration":"1.7120","wordfile":[{"path":"audios\/wordfile-67077087970ec.wav","mime":"audio\/x-wav","copyright":{"license":"U"}}]}],"files":[{"path":"audios\/files-67076ff6025d2.wav","mime":"audio\/x-wav","copyright":{"license":"U"}}]},"subContentId":"3d67011f-357a-408a-9ac6-284cf06ebe8c","metadata":{"contentType":"Curious Reader Audio","license":"U","title":"Untitled Curious Reader Audio"}},"backgroundOpacity":0,"willDoAnimation":false,"animationType":"glow","displayAsButton":false,"buttonSize":"big","goToSlideType":"specified","invisible":false},{"x":8.714596949891067,"y":2.151768538561844,"width":19.281045751633986,"height":39.999440540179975,"action":{"library":"H5P.Image 1.1","params":{"contentName":"Image"},"subContentId":"1f10f42e-cb73-484b-9239-d61f2a0d7fc6","metadata":{"contentType":"Image","license":"U","title":"Untitled Image"}},"backgroundOpacity":0,"willDoAnimation":true,"animationType":"glow","displayAsButton":false,"buttonSize":"big","goToSlideType":"specified","invisible":false,"id":"img3d67011f-357a-408a-9ac6-284cf06ebe8c_0"}],"slideBackgroundSelector":{}},{"elements":[{"x":6.377551020408164,"y":5.037783375314861,"width":44.642857142857146,"height":89.92443324937027,"action":{"library":"H5P.Image 1.1","params":{"contentName":"Image","file":{"path":"images\/file-65789225cad34.jpg","mime":"image\/jpeg","copyright":{"license":"U"},"width":1024,"height":735}},"subContentId":"f6250ed8-6f7a-4f43-b90c-24ca52d0e0e7","metadata":{"contentType":"Image","license":"U","title":"Untitled Image"}},"backgroundOpacity":0,"willDoAnimation":false,"animationType":"glow","displayAsButton":false,"buttonSize":"big","goToSlideType":"specified","invisible":false},{"x":48.46938775510204,"y":40.30226700251889,"width":46.42857142857143,"height":40.050377833753146,"action":{"library":"H5P.CRAdvancedText 1.1","params":{"text":"<p dir=\"ltr\" style=\"text-align: center;\"><span style=\"font-size:1.75em;\"><span style=\"color:#ffffff;\">N ka ten un livru.<\/span><\/span><\/p>\n"},"subContentId":"5c66f369-498f-4040-837a-8ce79ef694eb","metadata":{"contentType":"Text","license":"U","title":"Untitled Text"}},"alwaysDisplayComments":false,"backgroundOpacity":0,"willDoAnimation":false,"animationType":"glow","displayAsButton":false,"buttonSize":"big","goToSlideType":"specified","invisible":false,"solution":""},{"x":47.000103485838785,"y":44.00026681929878,"width":40,"height":40,"action":{"library":"H5P.CRAudio 1.4","params":{"fitToWrapper":true,"currIndex":2,"playerMode":"minimalistic","controls":true,"autoplay":true,"playAudio":"Play audio","pauseAudio":"Pause audio","contentName":"Audio","glowColor":"#ffd85a","timeStampForEachText":[{"text":" N ","startDuration":"0.0000","endDuration":"0.1880","wordfile":[{"path":"audios\/wordfile-670770c854533.wav","mime":"audio\/x-wav","copyright":{"license":"U"}}]},{"text":" ka ","startDuration":"0.1890","endDuration":"0.3904","wordfile":[{"path":"audios\/wordfile-670770e5e7ae6.wav","mime":"audio\/x-wav","copyright":{"license":"U"}}]},{"text":" ten ","startDuration":"0.3914","endDuration":"0.6480","wordfile":[{"path":"audios\/wordfile-670770f97d65d.wav","mime":"audio\/x-wav","copyright":{"license":"U"}}]},{"text":" un ","startDuration":"0.6490","endDuration":"0.8490","wordfile":[{"path":"audios\/wordfile-6707710a71051.wav","mime":"audio\/x-wav","copyright":{"license":"U"}}]},{"text":" livru. ","startDuration":"0.8500","endDuration":"1.4479","wordfile":[{"path":"audios\/wordfile-67077120dcf9a.wav","mime":"audio\/x-wav","copyright":{"license":"U"}}]}],"files":[{"path":"audios\/files-670770a7b04c9.wav","mime":"audio\/x-wav","copyright":{"license":"U"}}]},"subContentId":"ad6dcbf8-c37f-4217-898a-5bfa6ec25f48","metadata":{"contentType":"Curious Reader Audio","license":"U","title":"Untitled Curious Reader Audio"}},"backgroundOpacity":0,"willDoAnimation":false,"animationType":"glow","displayAsButton":false,"buttonSize":"big","goToSlideType":"specified","invisible":false},{"x":7.625272331154684,"y":25.821222462742128,"width":21.459694989106755,"height":53.148682902477546,"action":{"library":"H5P.Image 1.1","params":{"contentName":"Image"},"subContentId":"a48c4460-458b-497f-a74c-207007b8815b","metadata":{"contentType":"Image","license":"U","title":"Untitled Image"}},"backgroundOpacity":0,"willDoAnimation":true,"animationType":"glow","displayAsButton":false,"buttonSize":"big","goToSlideType":"specified","invisible":false,"id":"imgad6dcbf8-c37f-4217-898a-5bfa6ec25f48_0"}],"slideBackgroundSelector":{}},{"elements":[{"x":6.377551020408164,"y":5.037783375314861,"width":40.05102040816327,"height":92.4433249370277,"action":{"library":"H5P.Image 1.1","params":{"contentName":"Image","file":{"path":"images\/file-657892de5ad39.jpg","mime":"image\/jpeg","copyright":{"license":"U"},"width":1024,"height":1104}},"subContentId":"6902dea4-056c-49af-87e4-dfc9b37a09cc","metadata":{"contentType":"Image","license":"U","title":"Untitled Image"}},"backgroundOpacity":0,"willDoAnimation":false,"animationType":"glow","displayAsButton":false,"buttonSize":"big","goToSlideType":"specified","invisible":false},{"x":47.794117647058826,"y":47.98,"width":47.05882352941176,"height":37.81818181818182,"action":{"library":"H5P.CRAdvancedText 1.1","params":{"text":"<p dir=\"ltr\" style=\"text-align: center;\"><span style=\"color:#ffffff;\"><span style=\"font-size:1.75em;\">N dizenha, i Papa djuda pinta fotu.<\/span><\/span><\/p>\n"},"subContentId":"110db345-7be9-49e9-b922-26cd7f6d4c23","metadata":{"contentType":"Text","license":"U","title":"Untitled Text"}},"alwaysDisplayComments":false,"backgroundOpacity":0,"willDoAnimation":false,"animationType":"glow","displayAsButton":false,"buttonSize":"big","goToSlideType":"specified","invisible":false,"solution":""},{"x":47.000103485838785,"y":44.00026681929878,"width":40,"height":40,"action":{"library":"H5P.CRAudio 1.4","params":{"fitToWrapper":true,"currIndex":3,"playerMode":"minimalistic","controls":true,"autoplay":true,"playAudio":"Play audio","pauseAudio":"Pause audio","contentName":"Audio","glowColor":"#ffd85a","timeStampForEachText":[{"text":" N ","startDuration":"0.0000","endDuration":"0.2106","wordfile":[{"path":"audios\/wordfile-67077170a6959.wav","mime":"audio\/x-wav","copyright":{"license":"U"}}]},{"text":" dizenha, ","startDuration":"0.2116","endDuration":"0.9891","wordfile":[{"path":"audios\/wordfile-6707718a181a7.wav","mime":"audio\/x-wav","copyright":{"license":"U"}}]},{"text":" i ","startDuration":"0.9901","endDuration":"1.1901","wordfile":[{"path":"audios\/wordfile-67077199e7f27.wav","mime":"audio\/x-wav","copyright":{"license":"U"}}]},{"text":" Papa ","startDuration":"1.1911","endDuration":"1.6446","wordfile":[{"path":"audios\/wordfile-670771b232894.wav","mime":"audio\/x-wav","copyright":{"license":"U"}}]},{"text":" djuda ","startDuration":"1.6456","endDuration":"2.0041","wordfile":[{"path":"audios\/wordfile-670771c8578d3.wav","mime":"audio\/x-wav","copyright":{"license":"U"}}]},{"text":" pinta ","startDuration":"2.0051","endDuration":"2.3530","wordfile":[{"path":"audios\/wordfile-670771e4d7b7a.wav","mime":"audio\/x-wav","copyright":{"license":"U"}}]},{"text":" fotu. ","startDuration":"2.3540","endDuration":"3.0435","wordfile":[{"path":"audios\/wordfile-670771f908c41.wav","mime":"audio\/x-wav","copyright":{"license":"U"}}]}],"files":[{"path":"audios\/files-670771468bd1e.wav","mime":"audio\/x-wav","copyright":{"license":"U"}}]},"subContentId":"96c30a13-d5de-402d-91ea-4e4651dc56a9","metadata":{"contentType":"Curious Reader Audio","license":"U","title":"Untitled Curious Reader Audio"}},"backgroundOpacity":0,"willDoAnimation":false,"animationType":"glow","displayAsButton":false,"buttonSize":"big","goToSlideType":"specified","invisible":false},{"x":8.714596949891067,"y":23.669453924180285,"width":10.053278867102398,"height":20.872154824049886,"action":{"library":"H5P.Image 1.1","params":{"contentName":"Image"},"subContentId":"d82855a1-272c-4330-8a01-802b958414ff","metadata":{"contentType":"Image","license":"U","title":"Untitled Image"}},"backgroundOpacity":0,"willDoAnimation":true,"animationType":"glow","displayAsButton":false,"buttonSize":"big","goToSlideType":"specified","invisible":false,"id":"img96c30a13-d5de-402d-91ea-4e4651dc56a9_0"},{"x":10.893246187363834,"y":36.58006515555135,"width":10.95958605664488,"height":20.872154824049886,"action":{"library":"H5P.Image 1.1","params":{"contentName":"Image"},"subContentId":"a6eea104-9ed4-47e6-86d0-63f03b9e9379","metadata":{"contentType":"Image","license":"U","title":"Untitled Image"}},"backgroundOpacity":0,"willDoAnimation":true,"animationType":"glow","displayAsButton":false,"buttonSize":"big","goToSlideType":"specified","invisible":false,"id":"img96c30a13-d5de-402d-91ea-4e4651dc56a9_1"},{"x":29.411764705882355,"y":15.062379769932909,"width":13.916993464052288,"height":27.327460439735418,"action":{"library":"H5P.Image 1.1","params":{"contentName":"Image"},"subContentId":"398f9d15-6a45-4567-8ccd-8db48e7f18c0","metadata":{"contentType":"Image","license":"U","title":"Untitled Image"}},"backgroundOpacity":0,"willDoAnimation":true,"animationType":"glow","displayAsButton":false,"buttonSize":"big","goToSlideType":"specified","invisible":false,"id":"img96c30a13-d5de-402d-91ea-4e4651dc56a9_3"},{"x":20.697167755991288,"y":38.73183369411319,"width":13.83442265795207,"height":28.707604780368985,"action":{"library":"H5P.Image 1.1","params":{"contentName":"Image"},"subContentId":"6130178e-c11f-4285-bee9-74aac78cd498","metadata":{"contentType":"Image","license":"U","title":"Untitled Image"}},"backgroundOpacity":0,"willDoAnimation":true,"animationType":"glow","displayAsButton":false,"buttonSize":"big","goToSlideType":"specified","invisible":false,"id":"img96c30a13-d5de-402d-91ea-4e4651dc56a9_5"},{"x":22.875816993464053,"y":40.88360223267504,"width":11.655773420479303,"height":24.192333679050815,"action":{"library":"H5P.Image 1.1","params":{"contentName":"Image"},"subContentId":"df6f44f9-51f5-49d0-a24f-dc0185eedbcf","metadata":{"contentType":"Image","license":"U","title":"Untitled Image"}},"backgroundOpacity":0,"willDoAnimation":true,"animationType":"glow","displayAsButton":false,"buttonSize":"big","goToSlideType":"specified","invisible":false,"id":"img96c30a13-d5de-402d-91ea-4e4651dc56a9_6"}],"slideBackgroundSelector":{}},{"elements":[{"x":6.377551020408164,"y":2.5188916876574305,"width":40.05102040816327,"height":94.96221662468514,"action":{"library":"H5P.Image 1.1","params":{"contentName":"Image","file":{"path":"images\/file-65789326ca3ab.jpg","mime":"image\/jpeg","copyright":{"license":"U"},"width":1024,"height":1104}},"subContentId":"ef6624fb-b891-46ac-bb67-51707b0775e2","metadata":{"contentType":"Image","license":"U","title":"Untitled Image"}},"backgroundOpacity":0,"willDoAnimation":false,"animationType":"glow","displayAsButton":false,"buttonSize":"big","goToSlideType":"specified","invisible":false},{"x":47.19387755102041,"y":42.82115869017632,"width":51.02040816326531,"height":50.377833753148614,"action":{"library":"H5P.CRAdvancedText 1.1","params":{"text":"<p dir=\"ltr\" style=\"text-align: center;\"><span style=\"color:#ffffff;\"><span style=\"font-size:1.75em;\">N pinta fotu, i Mama djuda korta fotu.<\/span><\/span><\/p>\n"},"subContentId":"d1d2a237-2c98-411e-b99f-ae0b08544f58","metadata":{"contentType":"Text","license":"U","title":"Untitled Text"}},"alwaysDisplayComments":false,"backgroundOpacity":0,"willDoAnimation":false,"animationType":"glow","displayAsButton":false,"buttonSize":"big","goToSlideType":"specified","invisible":false,"solution":""},{"x":91.39433551198258,"y":21.732862239474624,"width":40,"height":40,"action":{"library":"H5P.CRAudio 1.4","params":{"fitToWrapper":true,"currIndex":4,"playerMode":"minimalistic","controls":true,"autoplay":true,"playAudio":"Play audio","pauseAudio":"Pause audio","contentName":"Audio","glowColor":"#ffd85a","timeStampForEachText":[{"text":" N ","startDuration":"0.0000","endDuration":"0.2648","wordfile":[{"path":"audios\/wordfile-6707722ef2878.wav","mime":"audio\/x-wav","copyright":{"license":"U"}}]},{"text":" pinta ","startDuration":"0.2658","endDuration":"0.6069","wordfile":[{"path":"audios\/wordfile-670772413311a.wav","mime":"audio\/x-wav","copyright":{"license":"U"}}]},{"text":" fotu, ","startDuration":"0.6079","endDuration":"1.3303","wordfile":[{"path":"audios\/wordfile-6707725b883dc.wav","mime":"audio\/x-wav","copyright":{"license":"U"}}]},{"text":" i ","startDuration":"1.3313","endDuration":"1.5313","wordfile":[{"path":"audios\/wordfile-6707726d80680.wav","mime":"audio\/x-wav","copyright":{"license":"U"}}]},{"text":" Mama ","startDuration":"1.5323","endDuration":"1.8467","wordfile":[{"path":"audios\/wordfile-67077286b34a4.wav","mime":"audio\/x-wav","copyright":{"license":"U"}}]},{"text":" djuda ","startDuration":"1.8477","endDuration":"2.2193","wordfile":[{"path":"audios\/wordfile-6707729f4c191.wav","mime":"audio\/x-wav","copyright":{"license":"U"}}]},{"text":" korta ","startDuration":"2.2203","endDuration":"2.5881","wordfile":[{"path":"audios\/wordfile-670772b49cb75.wav","mime":"audio\/x-wav","copyright":{"license":"U"}}]},{"text":" fotu. ","startDuration":"2.5882","endDuration":"3.3297","wordfile":[{"path":"audios\/wordfile-670772da07f39.wav","mime":"audio\/x-wav","copyright":{"license":"U"}}]}],"files":[{"path":"audios\/files-670772153a279.wav","mime":"audio\/x-wav","copyright":{"license":"U"}}]},"subContentId":"05bf2386-d231-47bb-ab79-e26a53ec429e","metadata":{"contentType":"Curious Reader Audio","license":"U","title":"Untitled Curious Reader Audio"}},"backgroundOpacity":0,"willDoAnimation":false,"animationType":"glow","displayAsButton":false,"buttonSize":"big","goToSlideType":"specified","invisible":false},{"x":28.32244008714597,"y":23.669453924180285,"width":14.205446623093684,"height":25.175691901173575,"action":{"library":"H5P.Image 1.1","params":{"contentName":"Image"},"subContentId":"ce982cc1-a214-4b4b-9a27-be95cb83851a","metadata":{"contentType":"Image","license":"U","title":"Untitled Image"}},"backgroundOpacity":0,"willDoAnimation":true,"animationType":"glow","displayAsButton":false,"buttonSize":"big","goToSlideType":"specified","invisible":false,"id":"img05bf2386-d231-47bb-ab79-e26a53ec429e_0"},{"x":28.32244008714597,"y":38.73183369411319,"width":10.56644880174292,"height":23.26255449353824,"action":{"library":"H5P.Image 1.1","params":{"contentName":"Image"},"subContentId":"3807b234-223d-4bdf-9bbe-c085454d1ecc","metadata":{"contentType":"Image","license":"U","title":"Untitled Image"}},"backgroundOpacity":0,"willDoAnimation":true,"animationType":"glow","displayAsButton":false,"buttonSize":"big","goToSlideType":"specified","invisible":false,"id":"img05bf2386-d231-47bb-ab79-e26a53ec429e_1"},{"x":28.32244008714597,"y":38.73183369411319,"width":10.56644880174292,"height":24.757172920423297,"action":{"library":"H5P.Image 1.1","params":{"contentName":"Image"},"subContentId":"018444f3-522b-431e-8f4d-b12ef90c16ea","metadata":{"contentType":"Image","license":"U","title":"Untitled Image"}},"backgroundOpacity":0,"willDoAnimation":true,"animationType":"glow","displayAsButton":false,"buttonSize":"big","goToSlideType":"specified","invisible":false,"id":"img05bf2386-d231-47bb-ab79-e26a53ec429e_2"},{"x":7.625272331154684,"y":4.303537077123688,"width":15.41644880174292,"height":27.327460439735418,"action":{"library":"H5P.Image 1.1","params":{"contentName":"Image"},"subContentId":"00941ac6-97b2-4aa5-a4a3-fe2306ea8f9a","metadata":{"contentType":"Image","license":"U","title":"Untitled Image"}},"backgroundOpacity":0,"willDoAnimation":true,"animationType":"glow","displayAsButton":false,"buttonSize":"big","goToSlideType":"specified","invisible":false,"id":"img05bf2386-d231-47bb-ab79-e26a53ec429e_4"},{"x":14.161220043572985,"y":19.365916847056596,"width":13.83442265795207,"height":28.707604780368985,"action":{"library":"H5P.Image 1.1","params":{"contentName":"Image"},"subContentId":"b57c39ca-1be7-4762-98bc-6703cc544cdf","metadata":{"contentType":"Image","license":"U","title":"Untitled Image"}},"backgroundOpacity":0,"willDoAnimation":true,"animationType":"glow","displayAsButton":false,"buttonSize":"big","goToSlideType":"specified","invisible":false,"id":"img05bf2386-d231-47bb-ab79-e26a53ec429e_6"},{"x":14.161220043572985,"y":19.365916847056596,"width":12.745098039215687,"height":28.043569009368802,"action":{"library":"H5P.Image 1.1","params":{"contentName":"Image"},"subContentId":"f967acf4-cfa7-4cf6-975a-bf71ca679679","metadata":{"contentType":"Image","license":"U","title":"Untitled Image"}},"backgroundOpacity":0,"willDoAnimation":true,"animationType":"glow","displayAsButton":false,"buttonSize":"big","goToSlideType":"specified","invisible":false,"id":"img05bf2386-d231-47bb-ab79-e26a53ec429e_7"}],"slideBackgroundSelector":{}},{"elements":[{"x":5.1020408163265305,"y":2.5188916876574305,"width":42.09183673469388,"height":94.96221662468514,"action":{"library":"H5P.Image 1.1","params":{"contentName":"Image","file":{"path":"images\/file-6578937a365f7.jpg","mime":"image\/jpeg","copyright":{"license":"U"},"width":1024,"height":1104}},"subContentId":"62e2ba8e-9dfd-4edb-80cc-2aa08fc67e3c","metadata":{"contentType":"Image","license":"U","title":"Untitled Image"}},"backgroundOpacity":0,"willDoAnimation":false,"animationType":"glow","displayAsButton":false,"buttonSize":"big","goToSlideType":"specified","invisible":false},{"x":48.46938775510204,"y":32.735768261964736,"width":47.19387755102041,"height":50.377833753148614,"action":{"library":"H5P.CRAdvancedText 1.1","params":{"text":"<p dir=\"ltr\" style=\"text-align: center;\"><span style=\"font-size:1.75em;\"><span style=\"color:#ffffff;\">N korta fotu, i vovo djuda kola fotu.<\/span><\/span><\/p>\n"},"subContentId":"1de95193-2ff4-479b-bda0-c02d7e4b3b6d","metadata":{"contentType":"Text","license":"U","title":"Untitled Text"}},"alwaysDisplayComments":false,"backgroundOpacity":0,"willDoAnimation":false,"animationType":"glow","displayAsButton":false,"buttonSize":"big","goToSlideType":"specified","invisible":false,"solution":""},{"x":47.000103485838785,"y":44.00026681929878,"width":40,"height":40,"action":{"library":"H5P.CRAudio 1.4","params":{"fitToWrapper":true,"currIndex":5,"playerMode":"minimalistic","controls":true,"autoplay":true,"playAudio":"Play audio","pauseAudio":"Pause audio","contentName":"Audio","glowColor":"#ffd85a","timeStampForEachText":[{"text":" N ","startDuration":"0","endDuration":"0.02","wordfile":[{"path":"audios\/wordfile-6707730fb8efa.wav","mime":"audio\/x-wav","copyright":{"license":"U"}}]},{"text":" korta ","startDuration":"0.2481","endDuration":"0.6111","wordfile":[{"path":"audios\/wordfile-6707732c5968d.wav","mime":"audio\/x-wav","copyright":{"license":"U"}}]},{"text":" fotu, ","startDuration":"0.6121","endDuration":"1.2780","wordfile":[{"path":"audios\/wordfile-6707734736c10.wav","mime":"audio\/x-wav","copyright":{"license":"U"}}]},{"text":" i ","startDuration":"1.2790","endDuration":"1.4790","wordfile":[{"path":"audios\/wordfile-6707735b8bd1a.wav","mime":"audio\/x-wav","copyright":{"license":"U"}}]},{"text":" vovo ","startDuration":"1.4800","endDuration":"1.9306","wordfile":[{"path":"audios\/wordfile-6707736eafa84.wav","mime":"audio\/x-wav","copyright":{"license":"U"}}]},{"text":" djuda ","startDuration":"1.9316","endDuration":"2.3078","wordfile":[{"path":"audios\/wordfile-6707738298c43.wav","mime":"audio\/x-wav","copyright":{"license":"U"}}]},{"text":" kola ","startDuration":"2.3088","endDuration":"2.7320","wordfile":[{"path":"audios\/wordfile-670773962d8ef.wav","mime":"audio\/x-wav","copyright":{"license":"U"}}]},{"text":" fotu. ","startDuration":"2.7565","endDuration":"3.4029","wordfile":[{"path":"audios\/wordfile-670773b1cb750.wav","mime":"audio\/x-wav","copyright":{"license":"U"}}]}],"files":[{"path":"audios\/files-670772f68b4e9.wav","mime":"audio\/x-wav","copyright":{"license":"U"}}]},"subContentId":"493ee7a6-21ad-4068-be8b-1fcd1194de33","metadata":{"contentType":"Curious Reader Audio","license":"U","title":"Untitled Curious Reader Audio"}},"backgroundOpacity":0,"willDoAnimation":false,"animationType":"glow","displayAsButton":false,"buttonSize":"big","goToSlideType":"specified","invisible":false},{"x":8.714596949891067,"y":17.214148308494753,"width":11.655773420479303,"height":23.062655196305847,"action":{"library":"H5P.Image 1.1","params":{"contentName":"Image"},"subContentId":"08249b66-b93c-46a5-91a5-eefff03b1347","metadata":{"contentType":"Image","license":"U","title":"Untitled Image"}},"backgroundOpacity":0,"willDoAnimation":true,"animationType":"glow","displayAsButton":false,"buttonSize":"big","goToSlideType":"specified","invisible":false,"id":"img493ee7a6-21ad-4068-be8b-1fcd1194de33_0"},{"x":11.982570806100219,"y":25.821222462742128,"width":12.745098039215687,"height":25.024422572912677,"action":{"library":"H5P.Image 1.1","params":{"contentName":"Image"},"subContentId":"32bcbd35-de50-4045-9b8d-c541eb819122","metadata":{"contentType":"Image","license":"U","title":"Untitled Image"}},"backgroundOpacity":0,"willDoAnimation":true,"animationType":"glow","displayAsButton":false,"buttonSize":"big","goToSlideType":"specified","invisible":false,"id":"img493ee7a6-21ad-4068-be8b-1fcd1194de33_1"},{"x":14.161220043572985,"y":30.124759539865817,"width":9.477124183006536,"height":20.872154824049886,"action":{"library":"H5P.Image 1.1","params":{"contentName":"Image"},"subContentId":"5fe52f73-a6d2-4a94-9131-7b4c5e28c4d6","metadata":{"contentType":"Image","license":"U","title":"Untitled Image"}},"backgroundOpacity":0,"willDoAnimation":true,"animationType":"glow","displayAsButton":false,"buttonSize":"big","goToSlideType":"specified","invisible":false,"id":"img493ee7a6-21ad-4068-be8b-1fcd1194de33_2"},{"x":26.143790849673202,"y":4.303537077123688,"width":14.923747276688454,"height":25.21937280250638,"action":{"library":"H5P.Image 1.1","params":{"contentName":"Image"},"subContentId":"ce7c1ea4-e2f5-4f03-9723-e660810f7414","metadata":{"contentType":"Image","license":"U","title":"Untitled Image"}},"backgroundOpacity":0,"willDoAnimation":true,"animationType":"glow","displayAsButton":false,"buttonSize":"big","goToSlideType":"specified","invisible":false,"id":"img493ee7a6-21ad-4068-be8b-1fcd1194de33_4"},{"x":21.78649237472767,"y":40.88360223267504,"width":15.41644880174292,"height":27.327460439735418,"action":{"library":"H5P.Image 1.1","params":{"contentName":"Image"},"subContentId":"db40c695-d889-4ac3-a687-2cba2bb15490","metadata":{"contentType":"Image","license":"U","title":"Untitled Image"}},"backgroundOpacity":0,"willDoAnimation":true,"animationType":"glow","displayAsButton":false,"buttonSize":"big","goToSlideType":"specified","invisible":false,"id":"img493ee7a6-21ad-4068-be8b-1fcd1194de33_6"},{"x":21.78649237472767,"y":40.88360223267504,"width":16.013071895424837,"height":29.837283263113953,"action":{"library":"H5P.Image 1.1","params":{"contentName":"Image"},"subContentId":"4b9c7cb4-c68f-438c-ab12-1d35996bf2ce","metadata":{"contentType":"Image","license":"U","title":"Untitled Image"}},"backgroundOpacity":0,"willDoAnimation":true,"animationType":"glow","displayAsButton":false,"buttonSize":"big","goToSlideType":"specified","invisible":false,"id":"img493ee7a6-21ad-4068-be8b-1fcd1194de33_7"}],"slideBackgroundSelector":{}},{"elements":[{"x":5.1020408163265305,"y":2.51692443324937,"width":42.09183673469388,"height":97.48110831234257,"action":{"library":"H5P.Image 1.1","params":{"contentName":"Image","file":{"path":"images\/file-657893cd148ab.jpg","mime":"image\/jpeg","copyright":{"license":"U"},"width":1024,"height":1104}},"subContentId":"854b71f0-4b9f-4858-8b85-8c29cc518bdb","metadata":{"contentType":"Image","license":"U","title":"Untitled Image"}},"backgroundOpacity":0,"willDoAnimation":false,"animationType":"glow","displayAsButton":false,"buttonSize":"big","goToSlideType":"specified","invisible":false},{"x":47.794117647058826,"y":32.838072727272724,"width":49.264705882352935,"height":55.63636363636363,"action":{"library":"H5P.CRAdvancedText 1.1","params":{"text":"<p style=\"text-align: center;\"><span style=\"font-size:1.75em;\"><span style=\"color:#ffffff;\">N kola fotu, i avo djuda skrevi storia.<\/span><\/span><\/p>\n"},"subContentId":"c78dbf15-db86-4b85-b48f-3267ee44151c","metadata":{"contentType":"Text","license":"U","title":"Untitled Text"}},"alwaysDisplayComments":false,"backgroundOpacity":0,"willDoAnimation":false,"animationType":"glow","displayAsButton":false,"buttonSize":"big","goToSlideType":"specified","invisible":false,"solution":""},{"x":47.000103485838785,"y":44.00026681929878,"width":40,"height":40,"action":{"library":"H5P.CRAudio 1.4","params":{"fitToWrapper":true,"currIndex":6,"playerMode":"minimalistic","controls":true,"autoplay":true,"playAudio":"Play audio","pauseAudio":"Pause audio","contentName":"Audio","glowColor":"#ffd85a","timeStampForEachText":[{"text":" N ","startDuration":"0","endDuration":"0.02","wordfile":[{"path":"audios\/wordfile-670773e7089bb.wav","mime":"audio\/x-wav","copyright":{"license":"U"}}]},{"text":" kola ","startDuration":"0.2159","endDuration":"0.5608","wordfile":[{"path":"audios\/wordfile-6707740205f18.wav","mime":"audio\/x-wav","copyright":{"license":"U"}}]},{"text":" fotu, ","startDuration":"0.5618","endDuration":"1.2802","wordfile":[{"path":"audios\/wordfile-670774178d482.wav","mime":"audio\/x-wav","copyright":{"license":"U"}}]},{"text":" i ","startDuration":"1.2812","endDuration":"1.5766","wordfile":[{"path":"audios\/wordfile-67077431cf066.wav","mime":"audio\/x-wav","copyright":{"license":"U"}}]},{"text":" avo ","startDuration":"1.5776","endDuration":"2.0306","wordfile":[{"path":"audios\/wordfile-670774466af78.wav","mime":"audio\/x-wav","copyright":{"license":"U"}}]},{"text":" djuda ","startDuration":"2.0316","endDuration":"2.2689","wordfile":[{"path":"audios\/wordfile-670774608f66b.wav","mime":"audio\/x-wav","copyright":{"license":"U"}}]},{"text":" skrevi ","startDuration":"2.2699","endDuration":"2.7809","wordfile":[{"path":"audios\/wordfile-67077479663b7.wav","mime":"audio\/x-wav","copyright":{"license":"U"}}]},{"text":" storia. ","startDuration":"2.7819","endDuration":"3.6122","wordfile":[{"path":"audios\/wordfile-6707748e39d0d.wav","mime":"audio\/x-wav","copyright":{"license":"U"}}]}],"files":[{"path":"audios\/files-670773cca1af4.wav","mime":"audio\/x-wav","copyright":{"license":"U"}}]},"subContentId":"003f35ef-9618-438c-8ee6-206aae9835ca","metadata":{"contentType":"Curious Reader Audio","license":"U","title":"Untitled Curious Reader Audio"}},"backgroundOpacity":0,"willDoAnimation":false,"animationType":"glow","displayAsButton":false,"buttonSize":"big","goToSlideType":"specified","invisible":false},{"x":25.05446623093682,"y":49.490676386922416,"width":12.994444444444445,"height":23.023923362611733,"action":{"library":"H5P.Image 1.1","params":{"contentName":"Image"},"subContentId":"294b12ad-f42c-48c7-b344-cd05a116de74","metadata":{"contentType":"Image","license":"U","title":"Untitled Image"}},"backgroundOpacity":0,"willDoAnimation":true,"animationType":"glow","displayAsButton":false,"buttonSize":"big","goToSlideType":"specified","invisible":false,"id":"img003f35ef-9618-438c-8ee6-206aae9835ca_1"},{"x":26.143790849673202,"y":49.490676386922416,"width":12.994444444444445,"height":23.023923362611733,"action":{"library":"H5P.Image 1.1","params":{"contentName":"Image"},"subContentId":"491cc1c8-9785-4ffa-b9c7-5c8dddcaeb54","metadata":{"contentType":"Image","license":"U","title":"Untitled Image"}},"backgroundOpacity":0,"willDoAnimation":true,"animationType":"glow","displayAsButton":false,"buttonSize":"big","goToSlideType":"specified","invisible":false,"id":"img003f35ef-9618-438c-8ee6-206aae9835ca_2"},{"x":30.501089324618736,"y":38.73183369411319,"width":14.205446623093684,"height":25.175691901173575,"action":{"library":"H5P.Image 1.1","params":{"contentName":"Image"},"subContentId":"b13a9711-c10e-48e6-a9a9-a69f10e10a30","metadata":{"contentType":"Image","license":"U","title":"Untitled Image"}},"backgroundOpacity":0,"willDoAnimation":true,"animationType":"glow","displayAsButton":false,"buttonSize":"big","goToSlideType":"specified","invisible":false,"id":"img003f35ef-9618-438c-8ee6-206aae9835ca_0"},{"x":6.5359477124183005,"y":4.303537077123688,"width":16.62755991285403,"height":29.479228978297265,"action":{"library":"H5P.Image 1.1","params":{"contentName":"Image"},"subContentId":"e1736812-6646-45b8-977c-98f27930730e","metadata":{"contentType":"Image","license":"U","title":"Untitled Image"}},"backgroundOpacity":0,"willDoAnimation":true,"animationType":"glow","displayAsButton":false,"buttonSize":"big","goToSlideType":"specified","invisible":false,"id":"img003f35ef-9618-438c-8ee6-206aae9835ca_4"},{"x":10.893246187363834,"y":36.58006515555135,"width":14.923747276688454,"height":26.4499692297099,"action":{"library":"H5P.Image 1.1","params":{"contentName":"Image"},"subContentId":"d182a72b-43f5-4167-95c5-098ed7800644","metadata":{"contentType":"Image","license":"U","title":"Untitled Image"}},"backgroundOpacity":0,"willDoAnimation":true,"animationType":"glow","displayAsButton":false,"buttonSize":"big","goToSlideType":"specified","invisible":false,"id":"img003f35ef-9618-438c-8ee6-206aae9835ca_6"},{"x":10.893246187363834,"y":34.428296616989506,"width":14.923747276688454,"height":27.804937878442292,"action":{"library":"H5P.Image 1.1","params":{"contentName":"Image"},"subContentId":"c5e75ea5-6b0e-4b46-8d3c-bb4dc02ebee4","metadata":{"contentType":"Image","license":"U","title":"Untitled Image"}},"backgroundOpacity":0,"willDoAnimation":true,"animationType":"glow","displayAsButton":false,"buttonSize":"big","goToSlideType":"specified","invisible":false,"id":"img003f35ef-9618-438c-8ee6-206aae9835ca_7"}],"slideBackgroundSelector":{}},{"elements":[{"x":5.1020408163265305,"y":2.51692443324937,"width":42.09183673469388,"height":94.96221662468514,"action":{"library":"H5P.Image 1.1","params":{"contentName":"Image","file":{"path":"images\/file-6578941542f1f.jpg","mime":"image\/jpeg","copyright":{"license":"U"},"width":1024,"height":1104}},"subContentId":"f1ae49b0-a9f9-4dc4-8a79-cc1b08ca3b95","metadata":{"contentType":"Image","license":"U","title":"Untitled Image"}},"backgroundOpacity":0,"willDoAnimation":false,"animationType":"glow","displayAsButton":false,"buttonSize":"big","goToSlideType":"specified","invisible":false},{"x":45.955882352941174,"y":29.09090909090909,"width":52.29591836734694,"height":47.858942065491185,"action":{"library":"H5P.CRAdvancedText 1.1","params":{"text":"<p style=\"text-align: center;\"><span style=\"font-size:1.75em;\"><span style=\"color:#ffffff;\">N skrevi storia, i irmon djuda organiza pajinas.<\/span><\/span><\/p>\n"},"subContentId":"93dec863-ad98-4918-9672-ff9d79cee23a","metadata":{"contentType":"Text","license":"U","title":"Untitled Text"}},"alwaysDisplayComments":false,"backgroundOpacity":0,"willDoAnimation":false,"animationType":"glow","displayAsButton":false,"buttonSize":"big","goToSlideType":"specified","invisible":false,"solution":""},{"x":47.000103485838785,"y":44.00026681929878,"width":40,"height":40,"action":{"library":"H5P.CRAudio 1.4","params":{"fitToWrapper":true,"currIndex":7,"playerMode":"minimalistic","controls":true,"autoplay":true,"playAudio":"Play audio","pauseAudio":"Pause audio","contentName":"Audio","glowColor":"#ffd85a","timeStampForEachText":[{"text":" N ","startDuration":"0.0000","endDuration":"0.1677","wordfile":[{"path":"audios\/wordfile-670774e6d7d09.wav","mime":"audio\/x-wav","copyright":{"license":"U"}}]},{"text":" skrevi ","startDuration":"0.1687","endDuration":"0.8146","wordfile":[{"path":"audios\/wordfile-670774fca0baa.wav","mime":"audio\/x-wav","copyright":{"license":"U"}}]},{"text":" storia, ","startDuration":"0.8156","endDuration":"1.5008","wordfile":[{"path":"audios\/wordfile-67077511eaec6.wav","mime":"audio\/x-wav","copyright":{"license":"U"}}]},{"text":" i ","startDuration":"1.4742","endDuration":"1.6742","wordfile":[{"path":"audios\/wordfile-67077528842a5.wav","mime":"audio\/x-wav","copyright":{"license":"U"}}]},{"text":" irmon ","startDuration":"1.6752","endDuration":"2.1987","wordfile":[{"path":"audios\/wordfile-6707753d13acf.wav","mime":"audio\/x-wav","copyright":{"license":"U"}}]},{"text":" djuda ","startDuration":"2.1997","endDuration":"2.5799","wordfile":[{"path":"audios\/wordfile-6707755589f7c.wav","mime":"audio\/x-wav","copyright":{"license":"U"}}]},{"text":" organiza ","startDuration":"2.5809","endDuration":"3.1136","wordfile":[{"path":"audios\/wordfile-6707756a26fff.wav","mime":"audio\/x-wav","copyright":{"license":"U"}}]},{"text":" pajinas. ","startDuration":"3.1146","endDuration":"4.0217","wordfile":[{"path":"audios\/wordfile-6707757e15bcb.wav","mime":"audio\/x-wav","copyright":{"license":"U"}}]}],"files":[{"path":"audios\/files-670774abb1733.wav","mime":"audio\/x-wav","copyright":{"license":"U"}}]},"subContentId":"efe12315-45ad-4140-bd46-85b7be200767","metadata":{"contentType":"Curious Reader Audio","license":"U","title":"Untitled Curious Reader Audio"}},"backgroundOpacity":0,"willDoAnimation":false,"animationType":"glow","displayAsButton":false,"buttonSize":"big","goToSlideType":"specified","invisible":false},{"x":6.5359477124183005,"y":30.124759539865817,"width":12.745098039215687,"height":23.740031932245113,"action":{"library":"H5P.Image 1.1","params":{"contentName":"Image"},"subContentId":"3fab2b86-b63f-4d50-a493-8da6502be729","metadata":{"contentType":"Image","license":"U","title":"Untitled Image"}},"backgroundOpacity":0,"willDoAnimation":true,"animationType":"glow","displayAsButton":false,"buttonSize":"big","goToSlideType":"specified","invisible":false,"id":"imgefe12315-45ad-4140-bd46-85b7be200767_0"},{"x":11.982570806100219,"y":45.187139309798724,"width":12.994444444444445,"height":23.023923362611733,"action":{"library":"H5P.Image 1.1","params":{"contentName":"Image"},"subContentId":"835d6270-39e6-4492-b5e0-f0d579fb8389","metadata":{"contentType":"Image","license":"U","title":"Untitled Image"}},"backgroundOpacity":0,"willDoAnimation":true,"animationType":"glow","displayAsButton":false,"buttonSize":"big","goToSlideType":"specified","invisible":false,"id":"imgefe12315-45ad-4140-bd46-85b7be200767_1"},{"x":11.982570806100219,"y":45.187139309798724,"width":12.360457516339869,"height":23.023923362611733,"action":{"library":"H5P.Image 1.1","params":{"contentName":"Image"},"subContentId":"0a2425a8-32ae-48fa-ae8c-b9c64c0a7d44","metadata":{"contentType":"Image","license":"U","title":"Untitled Image"}},"backgroundOpacity":0,"willDoAnimation":true,"animationType":"glow","displayAsButton":false,"buttonSize":"big","goToSlideType":"specified","invisible":false,"id":"imgefe12315-45ad-4140-bd46-85b7be200767_2"},{"x":26.143790849673202,"y":2.151768538561844,"width":14.205446623093684,"height":25.175691901173575,"action":{"library":"H5P.Image 1.1","params":{"contentName":"Image"},"subContentId":"58a0a2d0-2133-409a-a53e-39245cf73639","metadata":{"contentType":"Image","license":"U","title":"Untitled Image"}},"backgroundOpacity":0,"willDoAnimation":true,"animationType":"glow","displayAsButton":false,"buttonSize":"big","goToSlideType":"specified","invisible":false,"id":"imgefe12315-45ad-4140-bd46-85b7be200767_4"},{"x":31.59041394335512,"y":23.669453924180285,"width":10.56644880174292,"height":21.934698128391727,"action":{"library":"H5P.Image 1.1","params":{"contentName":"Image"},"subContentId":"d32964d1-2a1c-4c1b-b13d-8af1f8263ab3","metadata":{"contentType":"Image","license":"U","title":"Untitled Image"}},"backgroundOpacity":0,"willDoAnimation":true,"animationType":"glow","displayAsButton":false,"buttonSize":"big","goToSlideType":"specified","invisible":false,"id":"imgefe12315-45ad-4140-bd46-85b7be200767_6"},{"x":28.32244008714597,"y":36.58006515555135,"width":11.655773420479303,"height":24.192333679050815,"action":{"library":"H5P.Image 1.1","params":{"contentName":"Image"},"subContentId":"1084fd81-d89c-48f1-832d-2ef2ac9d63ad","metadata":{"contentType":"Image","license":"U","title":"Untitled Image"}},"backgroundOpacity":0,"willDoAnimation":true,"animationType":"glow","displayAsButton":false,"buttonSize":"big","goToSlideType":"specified","invisible":false,"id":"imgefe12315-45ad-4140-bd46-85b7be200767_7"}],"slideBackgroundSelector":{}},{"elements":[{"x":5.1020408163265305,"y":2.5188916876574305,"width":42.09183673469388,"height":92.4433249370277,"action":{"library":"H5P.Image 1.1","params":{"contentName":"Image","file":{"path":"images\/file-6578945856864.jpg","mime":"image\/jpeg","copyright":{"license":"U"},"width":1024,"height":735}},"subContentId":"00fb6a85-5a76-447d-a119-2676cf7feb43","metadata":{"contentType":"Image","license":"U","title":"Untitled Image"}},"backgroundOpacity":0,"willDoAnimation":false,"animationType":"glow","displayAsButton":false,"buttonSize":"big","goToSlideType":"specified","invisible":false},{"x":49.744897959183675,"y":40.30226700251889,"width":45.1530612244898,"height":42.82115869017632,"action":{"library":"H5P.CRAdvancedText 1.1","params":{"text":"<p dir=\"ltr\" style=\"text-align: center;\"><span style=\"font-size:1.75em;\"><span style=\"color:#ffffff;\">N ten un livru gosi. Nu Le livru!<\/span><\/span><\/p>\n"},"subContentId":"5a9fff56-e851-45ec-8640-989a48903d6e","metadata":{"contentType":"Text","license":"U","title":"Untitled Text"}},"alwaysDisplayComments":false,"backgroundOpacity":0,"willDoAnimation":false,"animationType":"glow","displayAsButton":false,"buttonSize":"big","goToSlideType":"specified","invisible":false,"solution":""},{"x":47.000103485838785,"y":44.00026681929878,"width":40,"height":40,"action":{"library":"H5P.CRAudio 1.4","params":{"fitToWrapper":true,"currIndex":8,"playerMode":"minimalistic","controls":true,"autoplay":true,"playAudio":"Play audio","pauseAudio":"Pause audio","contentName":"Audio","glowColor":"#ffd85a","timeStampForEachText":[{"text":" N ","startDuration":"0.0000","endDuration":"0.2842","wordfile":[{"path":"audios\/wordfile-670775ba03441.wav","mime":"audio\/x-wav","copyright":{"license":"U"}}]},{"text":" ten ","startDuration":"0.2852","endDuration":"0.4852","wordfile":[{"path":"audios\/wordfile-670775cb9bc9f.wav","mime":"audio\/x-wav","copyright":{"license":"U"}}]},{"text":" un ","startDuration":"0.4862","endDuration":"0.6862","wordfile":[{"path":"audios\/wordfile-670775dd52aa7.wav","mime":"audio\/x-wav","copyright":{"license":"U"}}]},{"text":" livru ","startDuration":"0.6872","endDuration":"1.0766","wordfile":[{"path":"audios\/wordfile-670775f1673eb.wav","mime":"audio\/x-wav","copyright":{"license":"U"}}]},{"text":" gosi. ","startDuration":"1.0776","endDuration":"1.6494","wordfile":[{"path":"audios\/wordfile-67077604a9f27.wav","mime":"audio\/x-wav","copyright":{"license":"U"}}]},{"text":" Nu ","startDuration":"2.0432","endDuration":"2.2432","wordfile":[{"path":"audios\/wordfile-6707761cdeea8.wav","mime":"audio\/x-wav","copyright":{"license":"U"}}]},{"text":" Le ","startDuration":"2.2442","endDuration":"2.4442","wordfile":[{"path":"audios\/wordfile-6707762fbd461.wav","mime":"audio\/x-wav","copyright":{"license":"U"}}]},{"text":" livru! ","startDuration":"2.4452","endDuration":"3.0415","wordfile":[{"path":"audios\/wordfile-6707764284b0b.wav","mime":"audio\/x-wav","copyright":{"license":"U"}}]}],"files":[{"path":"audios\/files-67077595d1663.wav","mime":"audio\/x-wav","copyright":{"license":"U"}}]},"subContentId":"829331da-3e0d-4125-b136-bf0539e104af","metadata":{"contentType":"Curious Reader Audio","license":"U","title":"Untitled Curious Reader Audio"}},"backgroundOpacity":0,"willDoAnimation":false,"animationType":"glow","displayAsButton":false,"buttonSize":"big","goToSlideType":"specified","invisible":false},{"x":33.769063180827885,"y":38.73183369411319,"width":6.209150326797386,"height":13.69904074158551,"action":{"library":"H5P.Image 1.1","params":{"contentName":"Image"},"subContentId":"53c7841a-b762-4199-8d5a-13eb404f63ee","metadata":{"contentType":"Image","license":"U","title":"Untitled Image"}},"backgroundOpacity":0,"willDoAnimation":true,"animationType":"glow","displayAsButton":false,"buttonSize":"big","goToSlideType":"specified","invisible":false,"id":"img829331da-3e0d-4125-b136-bf0539e104af_3"},{"x":33.769063180827885,"y":38.73183369411319,"width":6.592962962962964,"height":12.265080669802511,"action":{"library":"H5P.Image 1.1","params":{"contentName":"Image"},"subContentId":"3225539e-9a92-4578-a9d6-0a532869caea","metadata":{"contentType":"Image","license":"U","title":"Untitled Image"}},"backgroundOpacity":0,"willDoAnimation":true,"animationType":"glow","displayAsButton":false,"buttonSize":"big","goToSlideType":"specified","invisible":false,"id":"img829331da-3e0d-4125-b136-bf0539e104af_7"},{"x":34.85838779956427,"y":47.33890784836057,"width":5.119825708061002,"height":9.030714344119433,"action":{"library":"H5P.Image 1.1","params":{"contentName":"Image"},"subContentId":"c1a8877e-3aa1-4b2e-8645-97929810be69","metadata":{"contentType":"Image","license":"U","title":"Untitled Image"}},"backgroundOpacity":0,"willDoAnimation":true,"animationType":"glow","displayAsButton":false,"buttonSize":"big","goToSlideType":"specified","invisible":false,"id":"img829331da-3e0d-4125-b136-bf0539e104af_0"}],"slideBackgroundSelector":{}},{"elements":[{"x":3.826530612244898,"y":5.0338539042821155,"width":22.95918367346939,"height":22.921914357682617,"action":{"library":"H5P.Image 1.1","params":{"contentName":"Image","file":{"path":"images\/file-65789558544e6.png","mime":"image\/png","copyright":{"license":"U"},"width":1350,"height":487}},"subContentId":"481a06ca-f221-477c-b218-9b93976b4d09","metadata":{"contentType":"Image","license":"U","title":"Untitled Image"}},"backgroundOpacity":0,"willDoAnimation":false,"animationType":"glow","displayAsButton":false,"buttonSize":"big","goToSlideType":"specified","invisible":false},{"x":30.612244897959183,"y":5.0338539042821155,"width":22.95918367346939,"height":22.921914357682617,"action":{"library":"H5P.Image 1.1","params":{"contentName":"Image","file":{"path":"images\/file-6578956aa2732.png","mime":"image\/png","copyright":{"license":"U"},"width":814,"height":202}},"subContentId":"1efc4476-7506-4cc3-8719-19270bc2f79e","metadata":{"contentType":"Image","license":"U","title":"Untitled Image"}},"backgroundOpacity":0,"willDoAnimation":false,"animationType":"glow","displayAsButton":false,"buttonSize":"big","goToSlideType":"specified","invisible":false},{"x":57.39795918367347,"y":7.556675062972292,"width":40.05102040816327,"height":17.632241813602015,"action":{"library":"H5P.Image 1.1","params":{"contentName":"Image","file":{"path":"images\/file-6578957d13a9b.jpg","mime":"image\/jpeg","copyright":{"license":"U"},"width":1732,"height":354}},"subContentId":"1e8c1618-399a-4152-86d8-b0bc61b1ea04","metadata":{"contentType":"Image","license":"U","title":"Untitled Image"}},"backgroundOpacity":0,"willDoAnimation":false,"animationType":"glow","displayAsButton":false,"buttonSize":"big","goToSlideType":"specified","invisible":false},{"x":3.826252723311547,"y":27.94021505376344,"width":93.13725490196079,"height":71.82795698924731,"action":{"library":"H5P.CRAdvancedText 1.1","params":{"text":"<h3 style=\"text-align: center;\"><span style=\"font-size:1.25em;\">\u201c<\/span>Kenha ki podi djudan?<span style=\"font-size:1.25em;\">\u201d credits<\/span><\/h3>\n\n<h3 style=\"text-align: center;\"><span style=\"font-size:1.25em;\">This work, \u201c<\/span>Kenha ki podi djudan?<span style=\"font-size:1.25em;\">\u201d is a derivative of \u201cWho can help me?\u201d by All Children Reading Cambodia. \u00a9 The Asia Foundation , 2019 and used under CC BY.<\/span><\/h3>\n\n<h3 style=\"text-align: center;\"><span style=\"font-size:1.25em;\">\u201c<\/span>Kenha ki podi djudan?<span style=\"font-size:1.25em;\">\u201d is licensed under CC BY 4.0 by Curious Learning.<\/span><\/h3>\n\n<h3 style=\"text-align: center;\">&nbsp;<\/h3>\n\n<h3 style=\"text-align: center;\"><span style=\"font-size:1.25em;\">Book builder - Abraham Jerry Kakooza<\/span><\/h3>\n"},"subContentId":"99f991d8-4b16-4b19-9127-e55b00685b29","metadata":{"contentType":"Text","license":"U","title":"Untitled Text"}},"alwaysDisplayComments":false,"backgroundOpacity":0,"willDoAnimation":false,"animationType":"glow","displayAsButton":false,"buttonSize":"big","goToSlideType":"specified","invisible":false,"solution":""}],"slideBackgroundSelector":{"fillSlideBackground":"#fbfef0"}}],"keywordListEnabled":true,"globalBackgroundSelector":{},"keywordListAlwaysShow":false,"keywordListAutoHide":false,"keywordListOpacity":90},"override":{"activeSurface":false,"hideSummarySlide":false,"summarySlideSolutionButton":true,"summarySlideRetryButton":true,"enablePrintButton":false,"social":{"showFacebookShare":false,"facebookShare":{"url":"@currentpageurl","quote":"I scored @score out of @maxScore on a task at @currentpageurl."},"showTwitterShare":false,"twitterShare":{"statement":"I scored @score out of @maxScore on a task at @currentpageurl.","url":"@currentpageurl","hashtags":"h5p, course"},"showGoogleShare":false,"googleShareUrl":"@currentpageurl"}},"l10n":{"slide":"Slide","score":"Score","yourScore":"Your Score","maxScore":"Max Score","total":"Total","totalScore":"Total Score","showSolutions":"Show solutions","retry":"Retry","exportAnswers":"Export text","hideKeywords":"Hide sidebar navigation menu","showKeywords":"Show sidebar navigation menu","fullscreen":"Fullscreen","exitFullscreen":"Exit fullscreen","prevSlide":"Previous slide","nextSlide":"Next slide","currentSlide":"Current slide","lastSlide":"Last slide","solutionModeTitle":"Exit solution mode","solutionModeText":"Solution Mode","summaryMultipleTaskText":"Multiple tasks","scoreMessage":"You achieved:","shareFacebook":"Share on Facebook","shareTwitter":"Share on Twitter","shareGoogle":"Share on Google+","summary":"Summary","solutionsButtonTitle":"Show comments","printTitle":"Print","printIngress":"How would you like to print this presentation?","printAllSlides":"Print all slides","printCurrentSlide":"Print current slide","noTitle":"No title","accessibilitySlideNavigationExplanation":"Use left and right arrow to change slide in that direction whenever canvas is selected.","accessibilityCanvasLabel":"Presentation canvas. Use left and right arrow to move between slides.","containsNotCompleted":"@slideName contains not completed interaction","containsCompleted":"@slideName contains completed interaction","slideCount":"Slide @index of @total","containsOnlyCorrect":"@slideName only has correct answers","containsIncorrectAnswers":"@slideName has incorrect answers","shareResult":"Share Result","accessibilityTotalScore":"You got @score of @maxScore points in total","accessibilityEnteredFullscreen":"Entered fullscreen","accessibilityExitedFullscreen":"Exited fullscreen"}}