{"presentation":{"slides":[{"slideBackgroundSelector":{},"elements":[{"x":3.289473684210526,"y":6.497894682122992,"width":94.13898026315789,"height":87.71832926131934,"action":{"library":"H5P.Image 1.1","params":{"contentName":"Image","file":{"path":"images\/file-66f3df5ab2d30.jpg","mime":"image\/jpeg","copyright":{"license":"U"},"width":1310,"height":736}},"subContentId":"0e496803-b15f-4430-bbfa-e595a008b198","metadata":{"contentType":"Image","license":"U","title":"Untitled Image"}},"backgroundOpacity":0,"willDoAnimation":false,"animationType":"glow","displayAsButton":false,"buttonSize":"big","goToSlideType":"specified","invisible":false},{"x":37.828947368421055,"y":84.47263086759891,"width":39.99967105263158,"height":9.743463117949785,"action":{"library":"H5P.CRAdvancedText 1.1","params":{"text":"<p><span style=\"font-size:1.5em;color:hsl(0, 0%, 100%);\"><strong>\u1218\u1295 \u121d\u12c3\u1290\u12ed \u1308\u121d\u1271!<\/strong><\/span><\/p>"},"subContentId":"41a89e36-a7ae-4354-bd65-5a532e9c49a7","metadata":{"contentType":"Text","license":"U","title":"Untitled Text"}},"alwaysDisplayComments":false,"backgroundOpacity":0,"willDoAnimation":false,"animationType":"glow","displayAsButton":false,"buttonSize":"big","goToSlideType":"specified","invisible":false,"solution":""}]},{"slideBackgroundSelector":{},"elements":[{"x":3.289473684210526,"y":6.497894682122992,"width":94.13898026315789,"height":87.71832926131934,"action":{"library":"H5P.Image 1.1","params":{"contentName":"Image","file":{"path":"images\/file-66f3df8b1702f.jpg","mime":"image\/jpeg","copyright":{"license":"U"},"width":1310,"height":736}},"subContentId":"0e496803-b15f-4430-bbfa-e595a008b198","metadata":{"contentType":"Image","license":"U","title":"Untitled Image"}},"backgroundOpacity":0,"willDoAnimation":false,"animationType":"glow","displayAsButton":false,"buttonSize":"big","goToSlideType":"specified","invisible":false},{"x":21.38157894736842,"y":81.22368352653741,"width":64.14309210526316,"height":16.24135780007278,"action":{"library":"H5P.CRAdvancedText 1.1","params":{"text":"<p><span style=\"font-size:1.5em;color:hsl(0,0%,100%);\"><strong>\u130d\u122d\u121d! \u12a5\u1235\u1272 \u120e\u121a \u1293\u12ed \u121d\u130d\u121b\u1275 \u1340\u12cb\u1273 \u1295\u1343\u12c8\u1275\u1361\u1361<\/strong><\/span><\/p>"},"subContentId":"34931bc5-8c4f-4682-a98f-4d104ec20bcb","metadata":{"contentType":"Text","license":"U","title":"Untitled Text"}},"alwaysDisplayComments":false,"backgroundOpacity":0,"willDoAnimation":false,"animationType":"glow","displayAsButton":false,"buttonSize":"big","goToSlideType":"specified","invisible":false,"solution":""},{"x":47.00006578947369,"y":44.0012898320944,"width":40,"height":40,"action":{"library":"H5P.CRAudio 1.4","params":{"fitToWrapper":true,"currIndex":1,"playerMode":"minimalistic","controls":true,"autoplay":true,"playAudio":"Play audio","pauseAudio":"Pause audio","contentName":"Audio","glowColor":"#ffd85a","timeStampForEachText":[{"text":" \u130d\u122d\u121d! ","startDuration":"0.0000","endDuration":"0.6212","wordfile":[{"path":"audios\/wordfile-66fa6b0aeb808.wav","mime":"audio\/x-wav","copyright":{"license":"U"}}]},{"text":" \u12a5\u1235\u1272 ","startDuration":"0.6222","endDuration":"1.1068","wordfile":[{"path":"audios\/wordfile-66fa6b2749c40.wav","mime":"audio\/x-wav","copyright":{"license":"U"}}]},{"text":" \u120e\u121a ","startDuration":"1.1078","endDuration":"1.4046","wordfile":[{"path":"audios\/wordfile-66fa6b3db0c19.wav","mime":"audio\/x-wav","copyright":{"license":"U"}}]},{"text":" \u1293\u12ed ","startDuration":"1.3999","endDuration":"1.6853","wordfile":[{"path":"audios\/wordfile-66fa6b547263e.wav","mime":"audio\/x-wav","copyright":{"license":"U"}}]},{"text":" \u121d\u130d\u121b\u1275 ","startDuration":"1.6863","endDuration":"2.1652","wordfile":[{"path":"audios\/wordfile-66fa6b6a2dcb9.wav","mime":"audio\/x-wav","copyright":{"license":"U"}}]},{"text":" \u1340\u12cb\u1273 ","startDuration":"2.1662","endDuration":"2.5939","wordfile":[{"path":"audios\/wordfile-66fa6b81f160d.wav","mime":"audio\/x-wav","copyright":{"license":"U"}}]},{"text":" \u1295\u1343\u12c8\u1275\u1361\u1361 ","startDuration":"2.5939","endDuration":"3.2277","wordfile":[{"path":"audios\/wordfile-66fa6bbbd30e8.wav","mime":"audio\/x-wav","copyright":{"license":"U"}}]}],"files":[{"path":"audios\/files-66fa6ae07e481.wav","mime":"audio\/x-wav","copyright":{"license":"U"}}]},"subContentId":"08325487-9165-434a-ab13-5d7e892a2c95","metadata":{"contentType":"Curious Reader Audio","license":"U","title":"Untitled Curious Reader Audio"}},"backgroundOpacity":0,"willDoAnimation":false,"animationType":"glow","displayAsButton":false,"buttonSize":"big","goToSlideType":"specified","invisible":false}]},{"slideBackgroundSelector":{},"elements":[{"x":3.289473684210526,"y":6.497894682122992,"width":94.13898026315789,"height":87.71832926131934,"action":{"library":"H5P.Image 1.1","params":{"contentName":"Image","file":{"path":"images\/file-66f3df9e47757.jpg","mime":"image\/jpeg","copyright":{"license":"U"},"width":1310,"height":736}},"subContentId":"0e496803-b15f-4430-bbfa-e595a008b198","metadata":{"contentType":"Image","license":"U","title":"Untitled Image"}},"backgroundOpacity":0,"willDoAnimation":false,"animationType":"glow","displayAsButton":false,"buttonSize":"big","goToSlideType":"specified","invisible":false},{"x":27.960526315789473,"y":71.47684150335292,"width":47.69572368421053,"height":22.732494671726364,"action":{"library":"H5P.CRAdvancedText 1.1","params":{"text":"<p><span style=\"font-size:1.5em;color:hsl(0,0%,100%);\"><strong>\u12a3\u1290 \u1218\u1295 \u12a2\u12e8 \u1308\u121d\u1271! \u121d\u1215\u121b\u1235 \u12ed\u1348\u1271\u1361\u1361 \u12a3\u1265 \u12cd\u123d\u1322 \u121b\u12ed \u12ed\u1290\u1265\u122d\u1361\u1361<\/strong><\/span><\/p>"},"subContentId":"bb12811b-571f-4106-bfec-401731866a3c","metadata":{"contentType":"Text","license":"U","title":"Untitled Text"}},"alwaysDisplayComments":false,"backgroundOpacity":0,"willDoAnimation":false,"animationType":"glow","displayAsButton":false,"buttonSize":"big","goToSlideType":"specified","invisible":false,"solution":""},{"x":47.00006578947369,"y":44.0012898320944,"width":40,"height":40,"action":{"library":"H5P.CRAudio 1.4","params":{"fitToWrapper":true,"currIndex":2,"playerMode":"minimalistic","controls":true,"autoplay":true,"playAudio":"Play audio","pauseAudio":"Pause audio","contentName":"Audio","glowColor":"#ffd85a","timeStampForEachText":[{"text":" \u12a3\u1290 ","startDuration":"0.0000","endDuration":"0.2352","wordfile":[{"path":"audios\/wordfile-66fa67b06f619.wav","mime":"audio\/x-wav","copyright":{"license":"U"}}]},{"text":" \u1218\u1295 ","startDuration":"0.2352","endDuration":"0.4528","wordfile":[{"path":"audios\/wordfile-66fa67c314585.wav","mime":"audio\/x-wav","copyright":{"license":"U"}}]},{"text":" \u12a2\u12e8 ","startDuration":"0.4528","endDuration":"0.9961","wordfile":[{"path":"audios\/wordfile-66fa6808dcac3.wav","mime":"audio\/x-wav","copyright":{"license":"U"}}]},{"text":" \u1308\u121d\u1271! ","startDuration":"0.9961","endDuration":"1.9179","wordfile":[{"path":"audios\/wordfile-66fa68377371d.wav","mime":"audio\/x-wav","copyright":{"license":"U"}}]},{"text":" \u121d\u1215\u121b\u1235 ","startDuration":"1.9189","endDuration":"2.6735","wordfile":[{"path":"audios\/wordfile-66fa686838982.wav","mime":"audio\/x-wav","copyright":{"license":"U"}}]},{"text":" \u12ed\u1348\u1271\u1361\u1361 ","startDuration":"2.6745","endDuration":"3.3762","wordfile":[{"path":"audios\/wordfile-66fa6883c8512.wav","mime":"audio\/x-wav","copyright":{"license":"U"}}]},{"text":" \u12a3\u1265 ","startDuration":"3.3772","endDuration":"3.6828","wordfile":[{"path":"audios\/wordfile-66fa68a0c2cda.wav","mime":"audio\/x-wav","copyright":{"license":"U"}}]},{"text":" \u12cd\u123d\u1322 ","startDuration":"3.6838","endDuration":"4.0158","wordfile":[{"path":"audios\/wordfile-66fa68beecda5.wav","mime":"audio\/x-wav","copyright":{"license":"U"}}]},{"text":" \u121b\u12ed ","startDuration":"4.0168","endDuration":"4.3224","wordfile":[{"path":"audios\/wordfile-66fa68d93b6ac.wav","mime":"audio\/x-wav","copyright":{"license":"U"}}]},{"text":" \u12ed\u1290\u1265\u122d\u1361\u1361 ","startDuration":"4.3234","endDuration":"4.9911","wordfile":[{"path":"audios\/wordfile-66fa68ee21b8f.wav","mime":"audio\/x-wav","copyright":{"license":"U"}}]}],"files":[{"path":"audios\/files-66fa679808e00.wav","mime":"audio\/x-wav","copyright":{"license":"U"}}]},"subContentId":"88f8d718-ec2f-4faa-9785-5d4d7fe99a2c","metadata":{"contentType":"Curious Reader Audio","license":"U","title":"Untitled Curious Reader Audio"}},"backgroundOpacity":0,"willDoAnimation":false,"animationType":"glow","displayAsButton":false,"buttonSize":"big","goToSlideType":"specified","invisible":false}]},{"slideBackgroundSelector":{},"elements":[{"x":3.289473684210526,"y":6.497894682122992,"width":94.13898026315789,"height":87.71832926131934,"action":{"library":"H5P.Image 1.1","params":{"contentName":"Image","file":{"path":"images\/file-6710bf48e9ac7.png","mime":"image\/png","copyright":{"license":"U"},"width":1310,"height":735}},"subContentId":"0e496803-b15f-4430-bbfa-e595a008b198","metadata":{"contentType":"Image","license":"U","title":"Untitled Image"}},"backgroundOpacity":0,"willDoAnimation":false,"animationType":"glow","displayAsButton":false,"buttonSize":"big","goToSlideType":"specified","invisible":false},{"x":37.828947368421055,"y":84.47263086759891,"width":39.99967105263158,"height":12.992410459011282,"action":{"library":"H5P.CRAdvancedText 1.1","params":{"text":"<p><span style=\"font-size:1.5em;color:hsl(0, 0%, 100%);\"><strong>\u12a5\u12c8....... \u12a3\u1290 \u12d3\u1233 \u12a5\u12e8\u1361\u1361<\/strong><\/span><\/p>"},"subContentId":"5214907d-d658-46d4-83b8-152744a4dd1d","metadata":{"contentType":"Text","license":"U","title":"Untitled Text"}},"alwaysDisplayComments":false,"backgroundOpacity":0,"willDoAnimation":false,"animationType":"glow","displayAsButton":false,"buttonSize":"big","goToSlideType":"specified","invisible":false,"solution":""},{"x":47.00006578947369,"y":44.0012898320944,"width":40,"height":40,"action":{"library":"H5P.CRAudio 1.4","params":{"fitToWrapper":true,"currIndex":3,"playerMode":"minimalistic","controls":true,"autoplay":true,"playAudio":"Play audio","pauseAudio":"Pause audio","contentName":"Audio","glowColor":"#ffd85a","files":[{"path":"audios\/files-66fa6c8c8d369.wav","mime":"audio\/x-wav","copyright":{"license":"U"}}],"timeStampForEachText":[{"text":" \u12a5\u12c8....... ","startDuration":"0.0000","endDuration":"0.6385","wordfile":[{"path":"audios\/wordfile-66fa6ca130aa6.wav","mime":"audio\/x-wav","copyright":{"license":"U"}}]},{"text":" \u12a3\u1290 ","startDuration":"0.6634","endDuration":"1.0065","wordfile":[{"path":"audios\/wordfile-66fa6cc01033c.wav","mime":"audio\/x-wav","copyright":{"license":"U"}}]},{"text":" \u12d3\u1233 ","startDuration":"1.0065","endDuration":"1.3309","wordfile":[{"path":"audios\/wordfile-66fa6ccca8812.wav","mime":"audio\/x-wav","copyright":{"license":"U"}}]},{"text":" \u12a5\u12e8\u1361\u1361 ","startDuration":"1.3309","endDuration":"1.7621","wordfile":[{"path":"audios\/wordfile-66fa6cdc05b49.wav","mime":"audio\/x-wav","copyright":{"license":"U"}}]}]},"subContentId":"e73e580c-7e91-4c50-9260-a68705215d4a","metadata":{"contentType":"Curious Reader Audio","license":"U","title":"Untitled Curious Reader Audio"}},"backgroundOpacity":0,"willDoAnimation":false,"animationType":"glow","displayAsButton":false,"buttonSize":"big","goToSlideType":"specified","invisible":false},{"x":29.605263157894736,"y":16.24473670530748,"width":40,"height":40,"action":{"library":"H5P.Image 1.1","params":{"contentName":"Image"},"subContentId":"a345a56a-5b94-405f-a038-79d150bff728","metadata":{"contentType":"Image","license":"U","title":"Untitled Image"}},"backgroundOpacity":0,"willDoAnimation":true,"animationType":"glow","displayAsButton":false,"buttonSize":"big","goToSlideType":"specified","invisible":false,"id":"imge73e580c-7e91-4c50-9260-a68705215d4a_2"}]},{"slideBackgroundSelector":{},"elements":[{"x":3.289473684210526,"y":6.497894682122992,"width":94.13898026315789,"height":87.71832926131934,"action":{"library":"H5P.Image 1.1","params":{"contentName":"Image","file":{"path":"images\/file-66f3dfab1ca79.jpg","mime":"image\/jpeg","copyright":{"license":"U"},"width":1310,"height":736}},"subContentId":"0e496803-b15f-4430-bbfa-e595a008b198","metadata":{"contentType":"Image","license":"U","title":"Untitled Image"}},"backgroundOpacity":0,"willDoAnimation":false,"animationType":"glow","displayAsButton":false,"buttonSize":"big","goToSlideType":"specified","invisible":false},{"x":26.31578947368421,"y":71.47684150335292,"width":50.985197368421055,"height":22.73925248219577,"action":{"library":"H5P.CRAdvancedText 1.1","params":{"text":"<p><span style=\"font-size:1.5em;color:hsl(0,0%,100%);\"><strong>\u12a3\u1290 \u1218\u1295 \u12a2\u12e8 \u1308\u121d\u1271\u1361\u1361 \u1260\u1290\u1293 \u121d\u1265\u120b\u12d5 \u12ed\u1348\u1271\u1361\u1361 \u12a3\u1265 \u12a3\u130d\u122b\u1265 \u12ed\u1290\u1265\u122d\u1361\u1361<\/strong><\/span><\/p>"},"subContentId":"57235080-eed4-45bd-b200-978820b35cb7","metadata":{"contentType":"Text","license":"U","title":"Untitled Text"}},"alwaysDisplayComments":false,"backgroundOpacity":0,"willDoAnimation":false,"animationType":"glow","displayAsButton":false,"buttonSize":"big","goToSlideType":"specified","invisible":false,"solution":""},{"x":47.00006578947369,"y":44.0012898320944,"width":40,"height":40,"action":{"library":"H5P.CRAudio 1.4","params":{"fitToWrapper":true,"currIndex":4,"playerMode":"minimalistic","controls":true,"autoplay":true,"playAudio":"Play audio","pauseAudio":"Pause audio","contentName":"Audio","glowColor":"#ffd85a","timeStampForEachText":[{"text":" \u12a3\u1290 ","startDuration":"0","endDuration":"0.02","wordfile":[{"path":"audios\/wordfile-6708d8bd0c411.wav","mime":"audio\/x-wav","copyright":{"license":"U"}}]},{"text":" \u1218\u1295 ","startDuration":"0.1823","endDuration":"0.4509","wordfile":[{"path":"audios\/wordfile-66fbb0929447e.wav","mime":"audio\/x-wav","copyright":{"license":"U"}}]},{"text":" \u12a2\u12e8 ","startDuration":"0.5057","endDuration":"0.9386","wordfile":[{"path":"audios\/wordfile-66fbb0c0406d1.wav","mime":"audio\/x-wav","copyright":{"license":"U"}}]},{"text":" \u1308\u121d\u1271\u1361\u1361 ","startDuration":"0.9396","endDuration":"1.8206","wordfile":[{"path":"audios\/wordfile-66fbb0e3b6199.wav","mime":"audio\/x-wav","copyright":{"license":"U"}}]},{"text":" \u1260\u1290\u1293 ","startDuration":"1.8216","endDuration":"2.3890","wordfile":[{"path":"audios\/wordfile-6710e71867623.wav","mime":"audio\/x-wav","copyright":{"license":"U"}}]},{"text":" \u121d\u1265\u120b\u12d5 ","startDuration":"2.3900","endDuration":"2.8319","wordfile":[{"path":"audios\/wordfile-66fbb1524dde3.wav","mime":"audio\/x-wav","copyright":{"license":"U"}}]},{"text":" \u12ed\u1348\u1271\u1361\u1361 ","startDuration":"2.8329","endDuration":"3.5795","wordfile":[{"path":"audios\/wordfile-66fbb16c9ef98.wav","mime":"audio\/x-wav","copyright":{"license":"U"}}]},{"text":" \u12a3\u1265 ","startDuration":"3.5805","endDuration":"4.0045","wordfile":[{"path":"audios\/wordfile-66fbb18380cc2.wav","mime":"audio\/x-wav","copyright":{"license":"U"}}]},{"text":" \u12a3\u130d\u122b\u1265 ","startDuration":"4.0055","endDuration":"4.4743","wordfile":[{"path":"audios\/wordfile-66fbb19aa9bbd.wav","mime":"audio\/x-wav","copyright":{"license":"U"}}]},{"text":" \u12ed\u1290\u1265\u122d\u1361\u1361 ","startDuration":"4.4753","endDuration":"5.0804","wordfile":[{"path":"audios\/wordfile-66fbb1bcb94d6.wav","mime":"audio\/x-wav","copyright":{"license":"U"}}]}],"files":[{"path":"audios\/files-674576fc8e4d7.wav","mime":"audio\/x-wav","copyright":{"license":"U"}}]},"subContentId":"4ab94b4a-a1f6-464b-9139-900d6f6baf0a","metadata":{"contentType":"Curious Reader Audio","license":"U","title":"Untitled Curious Reader Audio"}},"backgroundOpacity":0,"willDoAnimation":false,"animationType":"glow","displayAsButton":false,"buttonSize":"big","goToSlideType":"specified","invisible":false}]},{"slideBackgroundSelector":{},"elements":[{"x":3.289473684210526,"y":6.497894682122992,"width":94.13898026315789,"height":87.71832926131934,"action":{"library":"H5P.Image 1.1","params":{"contentName":"Image","file":{"path":"images\/file-6710bf6704a94.png","mime":"image\/png","copyright":{"license":"U"},"width":1310,"height":740}},"subContentId":"0e496803-b15f-4430-bbfa-e595a008b198","metadata":{"contentType":"Image","license":"U","title":"Untitled Image"}},"backgroundOpacity":0,"willDoAnimation":false,"animationType":"glow","displayAsButton":false,"buttonSize":"big","goToSlideType":"specified","invisible":false},{"x":32.89473684210526,"y":84.47263086759891,"width":39.99967105263158,"height":12.992410459011282,"action":{"library":"H5P.CRAdvancedText 1.1","params":{"text":"<p><span style=\"font-size:1.5em;color:hsl(0, 0%, 100%);\"><strong>\u12a5\u12c8........ \u12a3\u1290 \u1205\u1260\u12ed \u12a5\u12e8\u1361\u1361<\/strong><\/span><\/p>"},"subContentId":"fcdc7761-5009-4b9c-a9f0-c004bbd650c3","metadata":{"contentType":"Text","license":"U","title":"Untitled Text"}},"alwaysDisplayComments":false,"backgroundOpacity":0,"willDoAnimation":false,"animationType":"glow","displayAsButton":false,"buttonSize":"big","goToSlideType":"specified","invisible":false,"solution":""},{"x":47.00006578947369,"y":44.0012898320944,"width":40,"height":40,"action":{"library":"H5P.CRAudio 1.4","params":{"fitToWrapper":true,"currIndex":5,"playerMode":"minimalistic","controls":true,"autoplay":true,"playAudio":"Play audio","pauseAudio":"Pause audio","contentName":"Audio","glowColor":"#ffd85a","timeStampForEachText":[{"text":" \u12a5\u12c8........ ","startDuration":"0.0000","endDuration":"0.6023","wordfile":[{"path":"audios\/wordfile-66fba80042295.wav","mime":"audio\/x-wav","copyright":{"license":"U"}}]},{"text":" \u12a3\u1290 ","startDuration":"0.6033","endDuration":"1.0075","wordfile":[{"path":"audios\/wordfile-66fba817de6a5.wav","mime":"audio\/x-wav","copyright":{"license":"U"}}]},{"text":" \u1205\u1260\u12ed ","startDuration":"1.0085","endDuration":"1.3942","wordfile":[{"path":"audios\/wordfile-66fba82ac9b7e.wav","mime":"audio\/x-wav","copyright":{"license":"U"}}]},{"text":" \u12a5\u12e8\u1361\u1361 ","startDuration":"1.3952","endDuration":"1.7540","wordfile":[{"path":"audios\/wordfile-66fba84ab14dd.wav","mime":"audio\/x-wav","copyright":{"license":"U"}}]}],"files":[{"path":"audios\/files-66fba7e57c1f8.wav","mime":"audio\/x-wav","copyright":{"license":"U"}}]},"subContentId":"b049291f-557d-4a16-b7f4-6c08d79ba9db","metadata":{"contentType":"Curious Reader Audio","license":"U","title":"Untitled Curious Reader Audio"}},"backgroundOpacity":0,"willDoAnimation":false,"animationType":"glow","displayAsButton":false,"buttonSize":"big","goToSlideType":"specified","invisible":false},{"x":29.605263157894736,"y":9.746842023184488,"width":40,"height":40,"action":{"library":"H5P.Image 1.1","params":{"contentName":"Image"},"subContentId":"96891105-8d5c-4e5e-9d81-b1c00b39e1e6","metadata":{"contentType":"Image","license":"U","title":"Untitled Image"}},"backgroundOpacity":0,"willDoAnimation":true,"animationType":"glow","displayAsButton":false,"buttonSize":"big","goToSlideType":"specified","invisible":false,"id":"imgb049291f-557d-4a16-b7f4-6c08d79ba9db_2"}]},{"slideBackgroundSelector":{},"elements":[{"x":3.289473684210526,"y":6.497894682122992,"width":94.13898026315789,"height":87.71832926131934,"action":{"library":"H5P.Image 1.1","params":{"contentName":"Image","file":{"path":"images\/file-66f3dfb6e1fb1.jpg","mime":"image\/jpeg","copyright":{"license":"U"},"width":1310,"height":736}},"subContentId":"0e496803-b15f-4430-bbfa-e595a008b198","metadata":{"contentType":"Image","license":"U","title":"Untitled Image"}},"backgroundOpacity":0,"willDoAnimation":false,"animationType":"glow","displayAsButton":false,"buttonSize":"big","goToSlideType":"specified","invisible":false},{"x":27.960526315789473,"y":70.82705203514062,"width":49.34046052631579,"height":29.233768259084062,"action":{"library":"H5P.CRAdvancedText 1.1","params":{"text":"<p><span style=\"font-size:1.5em;color:hsl(0, 0%, 100%);\"><strong>\u12a3\u1290 \u1218\u1295 \u12a2\u12e8 \u1308\u121d\u1271\u1361\u1361 \u1308\u12db\u12ed \u121d\u1215\u120b\u12cd \u12ed\u1348\u1271\u1361\u1361 \u12a3\u1265 \u1213\u1341\u122d \u12cd\u123d\u1322 \u12ed\u1290\u1265\u122d\u1361\u1361<\/strong><\/span><\/p>"},"subContentId":"c56e1b02-3737-4d66-8cfd-32b19113b941","metadata":{"contentType":"Text","license":"U","title":"Untitled Text"}},"alwaysDisplayComments":false,"backgroundOpacity":0,"willDoAnimation":false,"animationType":"glow","displayAsButton":false,"buttonSize":"big","goToSlideType":"specified","invisible":false,"solution":""},{"x":47.00006578947369,"y":44.0012898320944,"width":40,"height":40,"action":{"library":"H5P.CRAudio 1.4","params":{"fitToWrapper":true,"currIndex":6,"playerMode":"minimalistic","controls":true,"autoplay":true,"playAudio":"Play audio","pauseAudio":"Pause audio","contentName":"Audio","glowColor":"#ffd85a","timeStampForEachText":[{"text":" \u12a3\u1290 ","startDuration":"0.0000","endDuration":"0.3509","wordfile":[{"path":"audios\/wordfile-66fba6ac60d2b.wav","mime":"audio\/x-wav","copyright":{"license":"U"}}]},{"text":" \u1218\u1295 ","startDuration":"0.3519","endDuration":"0.5519","wordfile":[{"path":"audios\/wordfile-66fba6bc4c4d9.wav","mime":"audio\/x-wav","copyright":{"license":"U"}}]},{"text":" \u12a2\u12e8 ","startDuration":"0.5529","endDuration":"0.9415","wordfile":[{"path":"audios\/wordfile-66fba6d3f3fb7.wav","mime":"audio\/x-wav","copyright":{"license":"U"}}]},{"text":" \u1308\u121d\u1271\u1361\u1361 ","startDuration":"0.9425","endDuration":"1.8782","wordfile":[{"path":"audios\/wordfile-66fba6ebcf675.wav","mime":"audio\/x-wav","copyright":{"license":"U"}}]},{"text":" \u1308\u12db\u12ed ","startDuration":"1.8792","endDuration":"2.3905","wordfile":[{"path":"audios\/wordfile-66fba7146def3.wav","mime":"audio\/x-wav","copyright":{"license":"U"}}]},{"text":" \u121d\u1215\u120b\u12cd ","startDuration":"2.3915","endDuration":"2.8839","wordfile":[{"path":"audios\/wordfile-66fba72b10250.wav","mime":"audio\/x-wav","copyright":{"license":"U"}}]},{"text":" \u12ed\u1348\u1271\u1361\u1361 ","startDuration":"2.8849","endDuration":"3.6414","wordfile":[{"path":"audios\/wordfile-66fba73e9aef8.wav","mime":"audio\/x-wav","copyright":{"license":"U"}}]},{"text":" \u12a3\u1265 ","startDuration":"3.6424","endDuration":"4.0216","wordfile":[{"path":"audios\/wordfile-66fba7542aceb.wav","mime":"audio\/x-wav","copyright":{"license":"U"}}]},{"text":" \u1213\u1341\u122d ","startDuration":"4.0226","endDuration":"4.3358","wordfile":[{"path":"audios\/wordfile-66fba7624a940.wav","mime":"audio\/x-wav","copyright":{"license":"U"}}]},{"text":" \u12cd\u123d\u1322 ","startDuration":"4.3368","endDuration":"4.7066","wordfile":[{"path":"audios\/wordfile-66fba78e01e6a.wav","mime":"audio\/x-wav","copyright":{"license":"U"}}]},{"text":" \u12ed\u1290\u1265\u122d\u1361\u1361 ","startDuration":"4.7076","endDuration":"5.3482","wordfile":[{"path":"audios\/wordfile-66fba7b71b7c9.wav","mime":"audio\/x-wav","copyright":{"license":"U"}}]}],"files":[{"path":"audios\/files-66fba679a6827.wav","mime":"audio\/x-wav","copyright":{"license":"U"}}]},"subContentId":"bcfcc12c-5ddb-4e61-a016-42253c168929","metadata":{"contentType":"Curious Reader Audio","license":"U","title":"Untitled Curious Reader Audio"}},"backgroundOpacity":0,"willDoAnimation":false,"animationType":"glow","displayAsButton":false,"buttonSize":"big","goToSlideType":"specified","invisible":false}]},{"slideBackgroundSelector":{},"elements":[{"x":3.2679738562091503,"y":6.455305615685532,"width":94.13898026315789,"height":87.71832926131934,"action":{"library":"H5P.Image 1.1","params":{"contentName":"Image","file":{"path":"images\/file-6710bf87da774.png","mime":"image\/png","copyright":{"license":"U"},"width":1311,"height":735}},"subContentId":"0e496803-b15f-4430-bbfa-e595a008b198","metadata":{"contentType":"Image","license":"U","title":"Untitled Image"}},"backgroundOpacity":0,"willDoAnimation":false,"animationType":"glow","displayAsButton":false,"buttonSize":"big","goToSlideType":"specified","invisible":false},{"x":32.89473684210526,"y":84.47263086759891,"width":39.99967105263158,"height":9.743463117949785,"action":{"library":"H5P.CRAdvancedText 1.1","params":{"text":"<p><span style=\"font-size:1.5em;color:hsl(0, 0%, 100%);\"><strong>\u12a5\u12c8....... \u12a3\u1290 \u12a8\u120d\u1262 \u12a5\u12e8\u1361\u1361<\/strong><\/span><\/p>"},"subContentId":"d5cd3cc0-d405-46c3-b6e8-6c0bada8d729","metadata":{"contentType":"Text","license":"U","title":"Untitled Text"}},"alwaysDisplayComments":false,"backgroundOpacity":0,"willDoAnimation":false,"animationType":"glow","displayAsButton":false,"buttonSize":"big","goToSlideType":"specified","invisible":false,"solution":""},{"x":47.00006578947369,"y":44.0012898320944,"width":40,"height":40,"action":{"library":"H5P.CRAudio 1.4","params":{"fitToWrapper":true,"currIndex":7,"playerMode":"minimalistic","controls":true,"autoplay":true,"playAudio":"Play audio","pauseAudio":"Pause audio","contentName":"Audio","glowColor":"#ffd85a","timeStampForEachText":[{"text":" \u12a5\u12c8....... ","startDuration":"0.0000","endDuration":"0.7264","wordfile":[{"path":"audios\/wordfile-66fba5a223a34.wav","mime":"audio\/x-wav","copyright":{"license":"U"}}]},{"text":" \u12a3\u1290 ","startDuration":"0.7274","endDuration":"1.0567","wordfile":[{"path":"audios\/wordfile-66fba5c123648.wav","mime":"audio\/x-wav","copyright":{"license":"U"}}]},{"text":" \u12a8\u120d\u1262 ","startDuration":"1.0577","endDuration":"1.4393","wordfile":[{"path":"audios\/wordfile-66fba5f8ca73e.wav","mime":"audio\/x-wav","copyright":{"license":"U"}}]},{"text":" \u12a5\u12e8\u1361\u1361 ","startDuration":"1.4403","endDuration":"1.7455","wordfile":[{"path":"audios\/wordfile-66fba64aed6b0.wav","mime":"audio\/x-wav","copyright":{"license":"U"}}]}],"files":[{"path":"audios\/files-66fba58a97ff5.wav","mime":"audio\/x-wav","copyright":{"license":"U"}}]},"subContentId":"f4c98413-a5c7-43b4-a743-ed3662a96d03","metadata":{"contentType":"Curious Reader Audio","license":"U","title":"Untitled Curious Reader Audio"}},"backgroundOpacity":0,"willDoAnimation":false,"animationType":"glow","displayAsButton":false,"buttonSize":"big","goToSlideType":"specified","invisible":false},{"x":29.605263157894736,"y":12.995789364245985,"width":40,"height":40,"action":{"library":"H5P.Image 1.1","params":{"contentName":"Image"},"subContentId":"88409414-c329-49c7-af2a-f80d45a366a1","metadata":{"contentType":"Image","license":"U","title":"Untitled Image"}},"backgroundOpacity":0,"willDoAnimation":true,"animationType":"glow","displayAsButton":false,"buttonSize":"big","goToSlideType":"specified","invisible":false,"id":"imgf4c98413-a5c7-43b4-a743-ed3662a96d03_2"}]},{"slideBackgroundSelector":{},"elements":[{"x":3.289473684210526,"y":6.497894682122992,"width":94.13898026315789,"height":87.71832926131934,"action":{"library":"H5P.Image 1.1","params":{"contentName":"Image","file":{"path":"images\/file-66f3dfc3c6e00.jpg","mime":"image\/jpeg","copyright":{"license":"U"},"width":1310,"height":736}},"subContentId":"0e496803-b15f-4430-bbfa-e595a008b198","metadata":{"contentType":"Image","license":"U","title":"Untitled Image"}},"backgroundOpacity":0,"willDoAnimation":false,"animationType":"glow","displayAsButton":false,"buttonSize":"big","goToSlideType":"specified","invisible":false},{"x":29.605263157894736,"y":71.47684150335292,"width":50.985197368421055,"height":25.984820918022564,"action":{"library":"H5P.CRAdvancedText 1.1","params":{"text":"<p><span style=\"font-size:1.5em;color:hsl(0, 0%, 100%);\"><strong>\u12a3\u1290 \u1218\u1295 \u12a2\u12e8 \u1308\u121d\u1271\u1361\u1361 \u1233\u12d5\u122a \u121d\u1265\u120b\u12d5 \u12ed\u1348\u1271\u1361\u1361 \u12a3\u1265 \u1308\u1260\u120b \u12ed\u1290\u1265\u122d\u1361\u1361<\/strong><\/span><\/p>"},"subContentId":"2f2c717d-440d-41d7-b451-32b48adfee87","metadata":{"contentType":"Text","license":"U","title":"Untitled Text"}},"alwaysDisplayComments":false,"backgroundOpacity":0,"willDoAnimation":false,"animationType":"glow","displayAsButton":false,"buttonSize":"big","goToSlideType":"specified","invisible":false,"solution":""},{"x":47.00006578947369,"y":44.0012898320944,"width":40,"height":40,"action":{"library":"H5P.CRAudio 1.4","params":{"fitToWrapper":true,"currIndex":8,"playerMode":"minimalistic","controls":true,"autoplay":true,"playAudio":"Play audio","pauseAudio":"Pause audio","contentName":"Audio","glowColor":"#ffd85a","timeStampForEachText":[{"text":" \u12a3\u1290 ","startDuration":"0.0000","endDuration":"0.0200","wordfile":[{"path":"audios\/wordfile-66fba4359f027.wav","mime":"audio\/x-wav","copyright":{"license":"U"}}]},{"text":" \u1218\u1295 ","startDuration":"0.1818","endDuration":"0.4158","wordfile":[{"path":"audios\/wordfile-66fba465b0436.wav","mime":"audio\/x-wav","copyright":{"license":"U"}}]},{"text":" \u12a2\u12e8 ","startDuration":"0.4168","endDuration":"0.7607","wordfile":[{"path":"audios\/wordfile-66fba47ca1614.wav","mime":"audio\/x-wav","copyright":{"license":"U"}}]},{"text":" \u1308\u121d\u1271\u1361\u1361 ","startDuration":"0.8067","endDuration":"1.8159","wordfile":[{"path":"audios\/wordfile-66fba4a1b488b.wav","mime":"audio\/x-wav","copyright":{"license":"U"}}]},{"text":" \u1233\u12d5\u122a ","startDuration":"1.8169","endDuration":"2.3586","wordfile":[{"path":"audios\/wordfile-66fba4c862f09.wav","mime":"audio\/x-wav","copyright":{"license":"U"}}]},{"text":" \u121d\u1265\u120b\u12d5 ","startDuration":"2.3596","endDuration":"2.7934","wordfile":[{"path":"audios\/wordfile-66fba4e521fa4.wav","mime":"audio\/x-wav","copyright":{"license":"U"}}]},{"text":" \u12ed\u1348\u1271\u1361\u1361 ","startDuration":"2.7944","endDuration":"3.5609","wordfile":[{"path":"audios\/wordfile-66fba50515ebf.wav","mime":"audio\/x-wav","copyright":{"license":"U"}}]},{"text":" \u12a3\u1265 ","startDuration":"3.5619","endDuration":"3.9957","wordfile":[{"path":"audios\/wordfile-66fba51c07a57.wav","mime":"audio\/x-wav","copyright":{"license":"U"}}]},{"text":" \u1308\u1260\u120b ","startDuration":"3.9967","endDuration":"4.4305","wordfile":[{"path":"audios\/wordfile-66fba54f1ba87.wav","mime":"audio\/x-wav","copyright":{"license":"U"}}]},{"text":" \u12ed\u1290\u1265\u122d\u1361\u1361 ","startDuration":"4.4315","endDuration":"5.0982","wordfile":[{"path":"audios\/wordfile-66fba567c417c.wav","mime":"audio\/x-wav","copyright":{"license":"U"}}]}],"files":[{"path":"audios\/files-66fba3d462733.wav","mime":"audio\/x-wav","copyright":{"license":"U"}}]},"subContentId":"a27d725e-83a0-46ea-8c9c-3042b9eba91e","metadata":{"contentType":"Curious Reader Audio","license":"U","title":"Untitled Curious Reader Audio"}},"backgroundOpacity":0,"willDoAnimation":false,"animationType":"glow","displayAsButton":false,"buttonSize":"big","goToSlideType":"specified","invisible":false}]},{"slideBackgroundSelector":{},"elements":[{"x":3.289473684210526,"y":6.497894682122992,"width":94.13898026315789,"height":87.71832926131934,"action":{"library":"H5P.Image 1.1","params":{"contentName":"Image","file":{"path":"images\/file-6710bfaecff64.png","mime":"image\/png","copyright":{"license":"U"},"width":1310,"height":738}},"subContentId":"0e496803-b15f-4430-bbfa-e595a008b198","metadata":{"contentType":"Image","license":"U","title":"Untitled Image"}},"backgroundOpacity":0,"willDoAnimation":false,"animationType":"glow","displayAsButton":false,"buttonSize":"big","goToSlideType":"specified","invisible":false},{"x":34.53947368421053,"y":84.47263086759891,"width":39.99967105263158,"height":12.992410459011282,"action":{"library":"H5P.CRAdvancedText 1.1","params":{"text":"<p><span style=\"font-size:1.5em;color:hsl(0, 0%, 100%);\"><strong>\u12a5\u12c8...... \u12a3\u1290 \u1260\u130a\u12d5 \u12a5\u12e8\u1361\u1361<\/strong><\/span><\/p>"},"subContentId":"e2fd62c8-fa8f-4a80-b711-a1bf45ece76a","metadata":{"contentType":"Text","license":"U","title":"Untitled Text"}},"alwaysDisplayComments":false,"backgroundOpacity":0,"willDoAnimation":false,"animationType":"glow","displayAsButton":false,"buttonSize":"big","goToSlideType":"specified","invisible":false,"solution":""},{"x":47.00006578947369,"y":44.0012898320944,"width":40,"height":40,"action":{"library":"H5P.CRAudio 1.4","params":{"fitToWrapper":true,"currIndex":9,"playerMode":"minimalistic","controls":true,"autoplay":true,"playAudio":"Play audio","pauseAudio":"Pause audio","contentName":"Audio","glowColor":"#ffd85a","timeStampForEachText":[{"text":" \u12a5\u12c8...... ","startDuration":"0.0000","endDuration":"0.6839","wordfile":[{"path":"audios\/wordfile-66fb8b2943828.wav","mime":"audio\/x-wav","copyright":{"license":"U"}}]},{"text":" \u12a3\u1290 ","startDuration":"0.6942","endDuration":"0.9718","wordfile":[{"path":"audios\/wordfile-66fb8b4272975.wav","mime":"audio\/x-wav","copyright":{"license":"U"}}]},{"text":" \u1260\u130a\u12d5 ","startDuration":"0.9356","endDuration":"1.3837","wordfile":[{"path":"audios\/wordfile-66fb8b7318a04.wav","mime":"audio\/x-wav","copyright":{"license":"U"}}]},{"text":" \u12a5\u12e8\u1361\u1361 ","startDuration":"1.3847","endDuration":"1.7589","wordfile":[{"path":"audios\/wordfile-66fb8b85c287b.wav","mime":"audio\/x-wav","copyright":{"license":"U"}}]}],"files":[{"path":"audios\/files-66fb8b0641f19.wav","mime":"audio\/x-wav","copyright":{"license":"U"}}]},"subContentId":"be798ef8-8648-47db-9e9d-1ba86ab8ab5f","metadata":{"contentType":"Curious Reader Audio","license":"U","title":"Untitled Curious Reader Audio"}},"backgroundOpacity":0,"willDoAnimation":false,"animationType":"glow","displayAsButton":false,"buttonSize":"big","goToSlideType":"specified","invisible":false},{"x":29.605263157894736,"y":9.746842023184488,"width":40,"height":40,"action":{"library":"H5P.Image 1.1","params":{"contentName":"Image"},"subContentId":"9425ad84-35cd-46c2-98d8-d9a12c45ab6d","metadata":{"contentType":"Image","license":"U","title":"Untitled Image"}},"backgroundOpacity":0,"willDoAnimation":true,"animationType":"glow","displayAsButton":false,"buttonSize":"big","goToSlideType":"specified","invisible":false,"id":"imgbe798ef8-8648-47db-9e9d-1ba86ab8ab5f_2"}]},{"slideBackgroundSelector":{},"elements":[{"x":3.289473684210526,"y":6.497894682122992,"width":94.13898026315789,"height":87.71832926131934,"action":{"library":"H5P.Image 1.1","params":{"contentName":"Image","file":{"path":"images\/file-66f3dfd4b9228.jpg","mime":"image\/jpeg","copyright":{"license":"U"},"width":1310,"height":736}},"subContentId":"0e496803-b15f-4430-bbfa-e595a008b198","metadata":{"contentType":"Image","license":"U","title":"Untitled Image"}},"backgroundOpacity":0,"willDoAnimation":false,"animationType":"glow","displayAsButton":false,"buttonSize":"big","goToSlideType":"specified","invisible":false},{"x":29.605263157894736,"y":68.22789416229142,"width":39.99967105263158,"height":22.73925248219577,"action":{"library":"H5P.CRAdvancedText 1.1","params":{"text":"<p><span style=\"font-size:1.5em;color:hsl(0,0%,100%);\"><strong>\u12a3\u1290 \u1218\u1295 \u12a2\u12e8 \u1308\u121d\u1271\u1361\u1361 \u121d\u1265\u122b\u122d \u12ed\u1348\u1271\u1361\u1361 \u12a3\u1265 \u12a6\u121d \u12ed\u1290\u1265\u122d\u1361\u1361<\/strong><\/span><\/p>"},"subContentId":"f5ee90ca-efd0-4029-b126-c3f922f1552b","metadata":{"contentType":"Text","license":"U","title":"Untitled Text"}},"alwaysDisplayComments":false,"backgroundOpacity":0,"willDoAnimation":false,"animationType":"glow","displayAsButton":false,"buttonSize":"big","goToSlideType":"specified","invisible":false,"solution":""},{"x":47.00006578947369,"y":44.0012898320944,"width":40,"height":40,"action":{"library":"H5P.CRAudio 1.4","params":{"fitToWrapper":true,"currIndex":10,"playerMode":"minimalistic","controls":true,"autoplay":true,"playAudio":"Play audio","pauseAudio":"Pause audio","contentName":"Audio","glowColor":"#ffd85a","timeStampForEachText":[{"text":" \u12a3\u1290 ","startDuration":"0.0000","endDuration":"0.2501","wordfile":[{"path":"audios\/wordfile-66fb89c08fc0e.wav","mime":"audio\/x-wav","copyright":{"license":"U"}}]},{"text":" \u1218\u1295 ","startDuration":"0.2511","endDuration":"0.4511","wordfile":[{"path":"audios\/wordfile-66fb89d421400.wav","mime":"audio\/x-wav","copyright":{"license":"U"}}]},{"text":" \u12a2\u12e8 ","startDuration":"0.4521","endDuration":"0.8777","wordfile":[{"path":"audios\/wordfile-66fb89f2f1204.wav","mime":"audio\/x-wav","copyright":{"license":"U"}}]},{"text":" \u1308\u121d\u1271\u1361\u1361 ","startDuration":"0.8787","endDuration":"2.0812","wordfile":[{"path":"audios\/wordfile-66fb8a1687406.wav","mime":"audio\/x-wav","copyright":{"license":"U"}}]},{"text":" \u121d\u1265\u122b\u122d ","startDuration":"2.0822","endDuration":"2.7500","wordfile":[{"path":"audios\/wordfile-66fb8a372b987.wav","mime":"audio\/x-wav","copyright":{"license":"U"}}]},{"text":" \u12ed\u1348\u1271\u1361\u1361 ","startDuration":"2.7510","endDuration":"3.4856","wordfile":[{"path":"audios\/wordfile-66fb8a4e04b33.wav","mime":"audio\/x-wav","copyright":{"license":"U"}}]},{"text":" \u12a3\u1265 ","startDuration":"3.4866","endDuration":"3.7952","wordfile":[{"path":"audios\/wordfile-66fb8a698cf40.wav","mime":"audio\/x-wav","copyright":{"license":"U"}}]},{"text":" \u12a6\u121d ","startDuration":"3.7628","endDuration":"4.0491","wordfile":[{"path":"audios\/wordfile-66fb8a8650aba.wav","mime":"audio\/x-wav","copyright":{"license":"U"}}]},{"text":" \u12ed\u1290\u1265\u122d\u1361\u1361 ","startDuration":"4.0807","endDuration":"4.7366","wordfile":[{"path":"audios\/wordfile-66fb8ae970977.wav","mime":"audio\/x-wav","copyright":{"license":"U"}}]}],"files":[{"path":"audios\/files-66fb899f96cf2.wav","mime":"audio\/x-wav","copyright":{"license":"U"}}]},"subContentId":"19a00b0e-d536-4167-93fb-4b228baa1cf6","metadata":{"contentType":"Curious Reader Audio","license":"U","title":"Untitled Curious Reader Audio"}},"backgroundOpacity":0,"willDoAnimation":false,"animationType":"glow","displayAsButton":false,"buttonSize":"big","goToSlideType":"specified","invisible":false}]},{"slideBackgroundSelector":{},"elements":[{"x":3.289473684210526,"y":6.497894682122992,"width":94.13898026315789,"height":87.71832926131934,"action":{"library":"H5P.Image 1.1","params":{"contentName":"Image","file":{"path":"images\/file-6710bfd3eb866.png","mime":"image\/png","copyright":{"license":"U"},"width":1310,"height":734}},"subContentId":"0e496803-b15f-4430-bbfa-e595a008b198","metadata":{"contentType":"Image","license":"U","title":"Untitled Image"}},"backgroundOpacity":0,"willDoAnimation":false,"animationType":"glow","displayAsButton":false,"buttonSize":"big","goToSlideType":"specified","invisible":false},{"x":37.828947368421055,"y":81.22368352653741,"width":39.99967105263158,"height":12.992410459011282,"action":{"library":"H5P.CRAdvancedText 1.1","params":{"text":"<p><span style=\"font-size:1.5em;color:hsl(0, 0%, 100%);\"><strong>\u12a5\u12c8...... \u12a3\u1290 \u12d2\u134d \u12a5\u12e8\u1361\u1361<\/strong><\/span><\/p>"},"subContentId":"e0df4c8a-cc1a-4d88-a2f0-3dc5093691d3","metadata":{"contentType":"Text","license":"U","title":"Untitled Text"}},"alwaysDisplayComments":false,"backgroundOpacity":0,"willDoAnimation":false,"animationType":"glow","displayAsButton":false,"buttonSize":"big","goToSlideType":"specified","invisible":false,"solution":""},{"x":47.00006578947369,"y":44.0012898320944,"width":40,"height":40,"action":{"library":"H5P.CRAudio 1.4","params":{"fitToWrapper":true,"currIndex":11,"playerMode":"minimalistic","controls":true,"autoplay":true,"playAudio":"Play audio","pauseAudio":"Pause audio","contentName":"Audio","glowColor":"#ffd85a","timeStampForEachText":[{"text":" \u12a5\u12c8...... ","startDuration":"0.0000","endDuration":"0.7049","wordfile":[{"path":"audios\/wordfile-66fb89070fb11.wav","mime":"audio\/x-wav","copyright":{"license":"U"}}]},{"text":" \u12a3\u1290 ","startDuration":"0.7059","endDuration":"0.9679","wordfile":[{"path":"audios\/wordfile-66fb891ebba45.wav","mime":"audio\/x-wav","copyright":{"license":"U"}}]},{"text":" \u12d2\u134d ","startDuration":"0.9689","endDuration":"1.3136","wordfile":[{"path":"audios\/wordfile-66fb893888c47.wav","mime":"audio\/x-wav","copyright":{"license":"U"}}]},{"text":" \u12a5\u12e8\u1361\u1361 ","startDuration":"1.2940","endDuration":"1.6741","wordfile":[{"path":"audios\/wordfile-66fb897794c2a.wav","mime":"audio\/x-wav","copyright":{"license":"U"}}]}],"files":[{"path":"audios\/files-66fb88ec69487.wav","mime":"audio\/x-wav","copyright":{"license":"U"}}]},"subContentId":"a2eb9c35-0aa7-4bcb-8583-d918bedd7b2d","metadata":{"contentType":"Curious Reader Audio","license":"U","title":"Untitled Curious Reader Audio"}},"backgroundOpacity":0,"willDoAnimation":false,"animationType":"glow","displayAsButton":false,"buttonSize":"big","goToSlideType":"specified","invisible":false},{"x":29.605263157894736,"y":12.995789364245985,"width":40,"height":40,"action":{"library":"H5P.Image 1.1","params":{"contentName":"Image"},"subContentId":"c56bc475-549a-4a03-9374-520c80c2e9f9","metadata":{"contentType":"Image","license":"U","title":"Untitled Image"}},"backgroundOpacity":0,"willDoAnimation":true,"animationType":"glow","displayAsButton":false,"buttonSize":"big","goToSlideType":"specified","invisible":false,"id":"imga2eb9c35-0aa7-4bcb-8583-d918bedd7b2d_2"}]},{"slideBackgroundSelector":{},"elements":[{"x":3.289473684210526,"y":6.497894682122992,"width":94.13898026315789,"height":87.71832926131934,"action":{"library":"H5P.Image 1.1","params":{"contentName":"Image","file":{"path":"images\/file-66f3dfe3283b6.jpg","mime":"image\/jpeg","copyright":{"license":"U"},"width":1310,"height":736}},"subContentId":"0e496803-b15f-4430-bbfa-e595a008b198","metadata":{"contentType":"Image","license":"U","title":"Untitled Image"}},"backgroundOpacity":0,"willDoAnimation":false,"animationType":"glow","displayAsButton":false,"buttonSize":"big","goToSlideType":"specified","invisible":false},{"x":31.25,"y":74.71896605499819,"width":47.69572368421053,"height":22.73587357696107,"action":{"library":"H5P.CRAdvancedText 1.1","params":{"text":"<p><span style=\"font-size:1.5em;color:hsl(0, 0%, 100%);\"><strong>\u12a3\u1290 \u1218\u1295 \u12a2\u12e8 \u1308\u121d\u1271\u1361\u1361 \u1340\u1263 \u121d\u1235\u1273\u12ed \u12ed\u1348\u1271\u1361\u1361 \u12a3\u1265 \u12c9\u123d\u1322 \u1308\u12db \u12ed\u1290\u1265\u122d\u1361<\/strong><\/span><\/p>"},"subContentId":"bcb3c3aa-7230-497e-8659-fad4a28a9a4b","metadata":{"contentType":"Text","license":"U","title":"Untitled Text"}},"alwaysDisplayComments":false,"backgroundOpacity":0,"willDoAnimation":false,"animationType":"glow","displayAsButton":false,"buttonSize":"big","goToSlideType":"specified","invisible":false,"solution":""},{"x":47.00006578947369,"y":44.0012898320944,"width":40,"height":40,"action":{"library":"H5P.CRAudio 1.4","params":{"fitToWrapper":true,"currIndex":12,"playerMode":"minimalistic","controls":true,"autoplay":true,"playAudio":"Play audio","pauseAudio":"Pause audio","contentName":"Audio","glowColor":"#ffd85a","timeStampForEachText":[{"text":" \u12a3\u1290 ","startDuration":"0.0000","endDuration":"0.3231","wordfile":[{"path":"audios\/wordfile-66fb87aa2b356.wav","mime":"audio\/x-wav","copyright":{"license":"U"}}]},{"text":" \u1218\u1295 ","startDuration":"0.3241","endDuration":"0.5241","wordfile":[{"path":"audios\/wordfile-66fb87be113f6.wav","mime":"audio\/x-wav","copyright":{"license":"U"}}]},{"text":" \u12a2\u12e8 ","startDuration":"0.5251","endDuration":"0.9714","wordfile":[{"path":"audios\/wordfile-66fb87d7592e8.wav","mime":"audio\/x-wav","copyright":{"license":"U"}}]},{"text":" \u1308\u121d\u1271\u1361\u1361 ","startDuration":"0.9724","endDuration":"1.9491","wordfile":[{"path":"audios\/wordfile-66fb87ffea923.wav","mime":"audio\/x-wav","copyright":{"license":"U"}}]},{"text":" \u1340\u1263 ","startDuration":"1.9501","endDuration":"2.5763","wordfile":[{"path":"audios\/wordfile-66fb881bd8ea1.wav","mime":"audio\/x-wav","copyright":{"license":"U"}}]},{"text":" \u121d\u1235\u1273\u12ed ","startDuration":"2.5678","endDuration":"3.0520","wordfile":[{"path":"audios\/wordfile-66fb883e1a56f.wav","mime":"audio\/x-wav","copyright":{"license":"U"}}]},{"text":" \u12ed\u1348\u1271\u1361\u1361 ","startDuration":"3.0530","endDuration":"3.7266","wordfile":[{"path":"audios\/wordfile-66fb88553b2e6.wav","mime":"audio\/x-wav","copyright":{"license":"U"}}]},{"text":" \u12a3\u1265 ","startDuration":"3.7276","endDuration":"4.1360","wordfile":[{"path":"audios\/wordfile-66fb886cd6959.wav","mime":"audio\/x-wav","copyright":{"license":"U"}}]},{"text":" \u12c9\u123d\u1322 ","startDuration":"4.1370","endDuration":"4.4791","wordfile":[{"path":"audios\/wordfile-66fb8889254b1.wav","mime":"audio\/x-wav","copyright":{"license":"U"}}]},{"text":" \u1308\u12db ","startDuration":"4.4801","endDuration":"4.7938","wordfile":[{"path":"audios\/wordfile-66fb88aa25f34.wav","mime":"audio\/x-wav","copyright":{"license":"U"}}]},{"text":" \u12ed\u1290\u1265\u122d\u1361 ","startDuration":"4.7948","endDuration":"5.3705","wordfile":[{"path":"audios\/wordfile-66fb88bfa574e.wav","mime":"audio\/x-wav","copyright":{"license":"U"}}]}],"files":[{"path":"audios\/files-66fb877be323a.wav","mime":"audio\/x-wav","copyright":{"license":"U"}}]},"subContentId":"07518a18-1055-48a9-b948-35deada90a91","metadata":{"contentType":"Curious Reader Audio","license":"U","title":"Untitled Curious Reader Audio"}},"backgroundOpacity":0,"willDoAnimation":false,"animationType":"glow","displayAsButton":false,"buttonSize":"big","goToSlideType":"specified","invisible":false}]},{"slideBackgroundSelector":{},"elements":[{"x":3.289473684210526,"y":6.497894682122992,"width":94.13898026315789,"height":87.71832926131934,"action":{"library":"H5P.Image 1.1","params":{"contentName":"Image","file":{"path":"images\/file-6710c01128684.png","mime":"image\/png","copyright":{"license":"U"},"width":1312,"height":732}},"subContentId":"0e496803-b15f-4430-bbfa-e595a008b198","metadata":{"contentType":"Image","license":"U","title":"Untitled Image"}},"backgroundOpacity":0,"willDoAnimation":false,"animationType":"glow","displayAsButton":false,"buttonSize":"big","goToSlideType":"specified","invisible":false},{"x":34.53947368421053,"y":81.22368352653741,"width":39.99967105263158,"height":16.24135780007278,"action":{"library":"H5P.CRAdvancedText 1.1","params":{"text":"<p><span style=\"font-size:1.5em;color:hsl(0, 0%, 100%);\"><strong>\u12a5\u12c8........ \u12a3\u1290 \u12f5\u1219 \u12a5\u12e8\u1361\u1361<\/strong><\/span><\/p>"},"subContentId":"4a6b7974-1796-4ed7-9cce-e267538b6df1","metadata":{"contentType":"Text","license":"U","title":"Untitled Text"}},"alwaysDisplayComments":false,"backgroundOpacity":0,"willDoAnimation":false,"animationType":"glow","displayAsButton":false,"buttonSize":"big","goToSlideType":"specified","invisible":false,"solution":""},{"x":47.00006578947369,"y":44.0012898320944,"width":40,"height":40,"action":{"library":"H5P.CRAudio 1.4","params":{"fitToWrapper":true,"currIndex":13,"playerMode":"minimalistic","controls":true,"autoplay":true,"playAudio":"Play audio","pauseAudio":"Pause audio","contentName":"Audio","glowColor":"#ffd85a","timeStampForEachText":[{"text":" \u12a5\u12c8........ ","startDuration":"0.0000","endDuration":"0.6498","wordfile":[{"path":"audios\/wordfile-66fb86f8c69a5.wav","mime":"audio\/x-wav","copyright":{"license":"U"}}]},{"text":" \u12a3\u1290 ","startDuration":"0.6508","endDuration":"0.9563","wordfile":[{"path":"audios\/wordfile-66fb87170607f.wav","mime":"audio\/x-wav","copyright":{"license":"U"}}]},{"text":" \u12f5\u1219 ","startDuration":"0.9573","endDuration":"1.3155","wordfile":[{"path":"audios\/wordfile-66fb8739ceaac.wav","mime":"audio\/x-wav","copyright":{"license":"U"}}]},{"text":" \u12a5\u12e8\u1361\u1361 ","startDuration":"1.3165","endDuration":"1.7589","wordfile":[{"path":"audios\/wordfile-66fb875ee817f.wav","mime":"audio\/x-wav","copyright":{"license":"U"}}]}],"files":[{"path":"audios\/files-66fb86dfb2027.wav","mime":"audio\/x-wav","copyright":{"license":"U"}}]},"subContentId":"e18a418e-0404-4747-b155-ca87da5d9ba0","metadata":{"contentType":"Curious Reader Audio","license":"U","title":"Untitled Curious Reader Audio"}},"backgroundOpacity":0,"willDoAnimation":false,"animationType":"glow","displayAsButton":false,"buttonSize":"big","goToSlideType":"specified","invisible":false},{"x":27.960526315789473,"y":9.746842023184488,"width":40,"height":40,"action":{"library":"H5P.Image 1.1","params":{"contentName":"Image"},"subContentId":"01187f1e-3a36-4189-ae95-46a677bcd937","metadata":{"contentType":"Image","license":"U","title":"Untitled Image"}},"backgroundOpacity":0,"willDoAnimation":true,"animationType":"glow","displayAsButton":false,"buttonSize":"big","goToSlideType":"specified","invisible":false,"id":"imge18a418e-0404-4747-b155-ca87da5d9ba0_2"}]},{"slideBackgroundSelector":{},"elements":[{"x":3.289473684210526,"y":6.497894682122992,"width":94.13898026315789,"height":87.71832926131934,"action":{"library":"H5P.Image 1.1","params":{"contentName":"Image","file":{"path":"images\/file-66f3dff3586c9.jpg","mime":"image\/jpeg","copyright":{"license":"U"},"width":1920,"height":1080}},"subContentId":"0e496803-b15f-4430-bbfa-e595a008b198","metadata":{"contentType":"Image","license":"U","title":"Untitled Image"}},"backgroundOpacity":0,"willDoAnimation":false,"animationType":"glow","displayAsButton":false,"buttonSize":"big","goToSlideType":"specified","invisible":false},{"x":27.960526315789473,"y":71.47684150335292,"width":49.34046052631579,"height":22.73587357696107,"action":{"library":"H5P.CRAdvancedText 1.1","params":{"text":"<p><span style=\"font-size:1.5em;color:hsl(0, 0%, 100%);\"><strong>\u12a3\u1290 \u1218\u1295 \u12a2\u12e8 \u1308\u121d\u1271\u1361\u1361 \u1218\u12d3\u122d \u121d\u1235\u122b\u1215 \u12ed\u1348\u1271\u1361\u1361 \u12a3\u1265 \u1246\u134e \u12ed\u1290\u1265\u122d\u1361\u1361<\/strong><\/span><\/p>"},"subContentId":"f8b4aa6f-a6ca-4525-ae99-eab1321c2866","metadata":{"contentType":"Text","license":"U","title":"Untitled Text"}},"alwaysDisplayComments":false,"backgroundOpacity":0,"willDoAnimation":false,"animationType":"glow","displayAsButton":false,"buttonSize":"big","goToSlideType":"specified","invisible":false,"solution":""},{"x":47.00006578947369,"y":44.0012898320944,"width":40,"height":40,"action":{"library":"H5P.CRAudio 1.4","params":{"fitToWrapper":true,"currIndex":14,"playerMode":"minimalistic","controls":true,"autoplay":true,"playAudio":"Play audio","pauseAudio":"Pause audio","contentName":"Audio","glowColor":"#ffd85a","timeStampForEachText":[{"text":" \u12a3\u1290 ","startDuration":"0.0000","endDuration":"0.2195","wordfile":[{"path":"audios\/wordfile-66fbaa4a44fe4.wav","mime":"audio\/x-wav","copyright":{"license":"U"}}]},{"text":" \u1218\u1295 ","startDuration":"0.2024","endDuration":"0.4368","wordfile":[{"path":"audios\/wordfile-66fbaa7573b9d.wav","mime":"audio\/x-wav","copyright":{"license":"U"}}]},{"text":" \u12a2\u12e8 ","startDuration":"0.4912","endDuration":"0.8635","wordfile":[{"path":"audios\/wordfile-66fbaaae1bb94.wav","mime":"audio\/x-wav","copyright":{"license":"U"}}]},{"text":" \u1308\u121d\u1271\u1361\u1361 ","startDuration":"0.9643","endDuration":"1.8990","wordfile":[{"path":"audios\/wordfile-66fbaac9bcff4.wav","mime":"audio\/x-wav","copyright":{"license":"U"}}]},{"text":" \u1218\u12d3\u122d ","startDuration":"1.9000","endDuration":"2.4537","wordfile":[{"path":"audios\/wordfile-66fbaaf0ec5e5.wav","mime":"audio\/x-wav","copyright":{"license":"U"}}]},{"text":" \u121d\u1235\u122b\u1215 ","startDuration":"2.4547","endDuration":"2.9631","wordfile":[{"path":"audios\/wordfile-66fbab072b5b4.wav","mime":"audio\/x-wav","copyright":{"license":"U"}}]},{"text":" \u12ed\u1348\u1271\u1361\u1361 ","startDuration":"2.9641","endDuration":"3.6630","wordfile":[{"path":"audios\/wordfile-66fbab243c1e7.wav","mime":"audio\/x-wav","copyright":{"license":"U"}}]},{"text":" \u12a3\u1265 ","startDuration":"3.6640","endDuration":"4.0545","wordfile":[{"path":"audios\/wordfile-66fbab42f282f.wav","mime":"audio\/x-wav","copyright":{"license":"U"}}]},{"text":" \u1246\u134e ","startDuration":"4.0555","endDuration":"4.3371","wordfile":[{"path":"audios\/wordfile-66fbab569486d.wav","mime":"audio\/x-wav","copyright":{"license":"U"}}]},{"text":" \u12ed\u1290\u1265\u122d\u1361\u1361 ","startDuration":"4.3381","endDuration":"5.1429","wordfile":[{"path":"audios\/wordfile-66fbab6db0bc4.wav","mime":"audio\/x-wav","copyright":{"license":"U"}}]}],"files":[{"path":"audios\/files-66fbaa302194e.wav","mime":"audio\/x-wav","copyright":{"license":"U"}}]},"subContentId":"47c1d6e9-f8d2-4809-b724-a313616b9e08","metadata":{"contentType":"Curious Reader Audio","license":"U","title":"Untitled Curious Reader Audio"}},"backgroundOpacity":0,"willDoAnimation":false,"animationType":"glow","displayAsButton":false,"buttonSize":"big","goToSlideType":"specified","invisible":false}]},{"slideBackgroundSelector":{},"elements":[{"x":3.289473684210526,"y":6.497894682122992,"width":94.13898026315789,"height":87.71832926131934,"action":{"library":"H5P.Image 1.1","params":{"contentName":"Image","file":{"path":"images\/file-6710c038f3408.png","mime":"image\/png","copyright":{"license":"U"},"width":1308,"height":732}},"subContentId":"0e496803-b15f-4430-bbfa-e595a008b198","metadata":{"contentType":"Image","license":"U","title":"Untitled Image"}},"backgroundOpacity":0,"willDoAnimation":false,"animationType":"glow","displayAsButton":false,"buttonSize":"big","goToSlideType":"specified","invisible":false},{"x":36.18421052631579,"y":81.22368352653741,"width":39.99967105263158,"height":12.992410459011282,"action":{"library":"H5P.CRAdvancedText 1.1","params":{"text":"<p><span style=\"font-size:1.5em;color:hsl(0, 0%, 100%);\"><strong>\u12a5\u12c8....... \u12a3\u1290 \u1295\u1205\u1262 \u12a5\u12e8\u1361\u1361<\/strong><\/span><\/p>"},"subContentId":"cae49d75-8b40-4ae0-a5db-929eecff4906","metadata":{"contentType":"Text","license":"U","title":"Untitled Text"}},"alwaysDisplayComments":false,"backgroundOpacity":0,"willDoAnimation":false,"animationType":"glow","displayAsButton":false,"buttonSize":"big","goToSlideType":"specified","invisible":false,"solution":""},{"x":47.00006578947369,"y":44.0012898320944,"width":40,"height":40,"action":{"library":"H5P.CRAudio 1.4","params":{"fitToWrapper":true,"currIndex":15,"playerMode":"minimalistic","controls":true,"autoplay":true,"playAudio":"Play audio","pauseAudio":"Pause audio","contentName":"Audio","glowColor":"#ffd85a","timeStampForEachText":[{"text":" \u12a5\u12c8....... ","startDuration":"0.0000","endDuration":"0.7113","wordfile":[{"path":"audios\/wordfile-66fb84b0789dc.wav","mime":"audio\/x-wav","copyright":{"license":"U"}}]},{"text":" \u12a3\u1290 ","startDuration":"0.7123","endDuration":"0.9622","wordfile":[{"path":"audios\/wordfile-66fb84c49e207.wav","mime":"audio\/x-wav","copyright":{"license":"U"}}]},{"text":" \u1295\u1205\u1262 ","startDuration":"0.9632","endDuration":"1.3690","wordfile":[{"path":"audios\/wordfile-66fb84f682089.wav","mime":"audio\/x-wav","copyright":{"license":"U"}}]},{"text":" \u12a5\u12e8\u1361\u1361 ","startDuration":"1.3700","endDuration":"1.7678","wordfile":[{"path":"audios\/wordfile-66fb85110df56.wav","mime":"audio\/x-wav","copyright":{"license":"U"}}]}],"files":[{"path":"audios\/files-66fb84961b125.wav","mime":"audio\/x-wav","copyright":{"license":"U"}}]},"subContentId":"589d56b6-0e1f-45ea-890d-0778d573eb9c","metadata":{"contentType":"Curious Reader Audio","license":"U","title":"Untitled Curious Reader Audio"}},"backgroundOpacity":0,"willDoAnimation":false,"animationType":"glow","displayAsButton":false,"buttonSize":"big","goToSlideType":"specified","invisible":false},{"x":29.605263157894736,"y":16.24473670530748,"width":40,"height":40,"action":{"library":"H5P.Image 1.1","params":{"contentName":"Image"},"subContentId":"5ce460d9-1bde-4037-af5a-1052562d2ede","metadata":{"contentType":"Image","license":"U","title":"Untitled Image"}},"backgroundOpacity":0,"willDoAnimation":true,"animationType":"glow","displayAsButton":false,"buttonSize":"big","goToSlideType":"specified","invisible":false,"id":"img589d56b6-0e1f-45ea-890d-0778d573eb9c_2"}]},{"slideBackgroundSelector":{},"elements":[{"x":3.289473684210526,"y":6.497894682122992,"width":94.13898026315789,"height":87.71832926131934,"action":{"library":"H5P.Image 1.1","params":{"contentName":"Image","file":{"path":"images\/file-66f3e00922ecd.jpg","mime":"image\/jpeg","copyright":{"license":"U"},"width":1310,"height":736}},"subContentId":"0e496803-b15f-4430-bbfa-e595a008b198","metadata":{"contentType":"Image","license":"U","title":"Untitled Image"}},"backgroundOpacity":0,"willDoAnimation":false,"animationType":"glow","displayAsButton":false,"buttonSize":"big","goToSlideType":"specified","invisible":false},{"x":31.25,"y":68.2210713728752,"width":39.47203947368421,"height":25.98144201278786,"action":{"library":"H5P.CRAdvancedText 1.1","params":{"text":"<p><span style=\"font-size:1.5em;color:hsl(0,0%,100%);\"><strong>\u12a3\u1290 \u1218\u1295 \u12a2\u12e8 \u1308\u121d\u1271\u1361\u1361 \u12a5\u1295\u125b\u1251\u1216 \u121d\u12cd\u12f3\u1255 \u12ed\u1348\u1271 \u1361\u1361 \u12a3\u1265 &nbsp;\u12cd\u123d\u1322 \u1218\u1228\u1263 \u12ed\u1290\u1265\u122d\u1361\u1361<\/strong><\/span><\/p>"},"subContentId":"72a22ff2-6f12-40a9-ad1a-50ffadce45b7","metadata":{"contentType":"Text","license":"U","title":"Untitled Text"}},"alwaysDisplayComments":false,"backgroundOpacity":0,"willDoAnimation":false,"animationType":"glow","displayAsButton":false,"buttonSize":"big","goToSlideType":"specified","invisible":false,"solution":""},{"x":47.00006578947369,"y":44.0012898320944,"width":40,"height":40,"action":{"library":"H5P.CRAudio 1.4","params":{"fitToWrapper":true,"currIndex":16,"playerMode":"minimalistic","controls":true,"autoplay":true,"playAudio":"Play audio","pauseAudio":"Pause audio","contentName":"Audio","glowColor":"#ffd85a","timeStampForEachText":[{"text":" \u12a3\u1290 ","startDuration":"0.0000","endDuration":"0.3161","wordfile":[{"path":"audios\/wordfile-66fb836684088.wav","mime":"audio\/x-wav","copyright":{"license":"U"}}]},{"text":" \u1218\u1295 ","startDuration":"0.3171","endDuration":"0.5171","wordfile":[{"path":"audios\/wordfile-66fb837612b31.wav","mime":"audio\/x-wav","copyright":{"license":"U"}}]},{"text":" \u12a2\u12e8 ","startDuration":"0.4504","endDuration":"0.9310","wordfile":[{"path":"audios\/wordfile-66fb839a85dae.wav","mime":"audio\/x-wav","copyright":{"license":"U"}}]},{"text":" \u1308\u121d\u1271\u1361\u1361 ","startDuration":"0.9320","endDuration":"1.8577","wordfile":[{"path":"audios\/wordfile-66fb83b34b663.wav","mime":"audio\/x-wav","copyright":{"license":"U"}}]},{"text":" \u12a5\u1295\u125b\u1251\u1216 ","startDuration":"1.8587","endDuration":"2.5619","wordfile":[{"path":"audios\/wordfile-66fb83cda3088.wav","mime":"audio\/x-wav","copyright":{"license":"U"}}]},{"text":" \u121d\u12cd\u12f3\u1255 ","startDuration":"2.5629","endDuration":"2.9371","wordfile":[{"path":"audios\/wordfile-66fb83eada484.wav","mime":"audio\/x-wav","copyright":{"license":"U"}}]},{"text":" \u12ed\u1348\u1271 \u1361\u1361 ","startDuration":"2.9381","endDuration":"3.9606","wordfile":[{"path":"audios\/wordfile-66fb840a4f4ee.wav","mime":"audio\/x-wav","copyright":{"license":"U"}}]},{"text":" \u12a3\u1265 ","startDuration":"3.9616","endDuration":"4.2003","wordfile":[{"path":"audios\/wordfile-66fb842934163.wav","mime":"audio\/x-wav","copyright":{"license":"U"}}]},{"text":" \u12cd\u123d\u1322 ","startDuration":"4.2013","endDuration":"4.4013","wordfile":[{"path":"audios\/wordfile-66fb8442b14fa.wav","mime":"audio\/x-wav","copyright":{"license":"U"}}]},{"text":" \u1218\u1228\u1263 ","startDuration":"4.4023","endDuration":"4.7668","wordfile":[{"path":"audios\/wordfile-66fb845e1ffb7.wav","mime":"audio\/x-wav","copyright":{"license":"U"}}]},{"text":" \u12ed\u1290\u1265\u122d\u1361\u1361 ","startDuration":"4.7678","endDuration":"5.4866","wordfile":[{"path":"audios\/wordfile-66fb847653d9e.wav","mime":"audio\/x-wav","copyright":{"license":"U"}}]}],"files":[{"path":"audios\/files-66fb833bdec37.wav","mime":"audio\/x-wav","copyright":{"license":"U"}}]},"subContentId":"c8b411f9-c619-4f5d-a953-dc7122b38455","metadata":{"contentType":"Curious Reader Audio","license":"U","title":"Untitled Curious Reader Audio"}},"backgroundOpacity":0,"willDoAnimation":false,"animationType":"glow","displayAsButton":false,"buttonSize":"big","goToSlideType":"specified","invisible":false}]},{"slideBackgroundSelector":{},"elements":[{"x":3.289473684210526,"y":6.497894682122992,"width":94.13898026315789,"height":87.71832926131934,"action":{"library":"H5P.Image 1.1","params":{"contentName":"Image","file":{"path":"images\/file-6710c1b19d6da.png","mime":"image\/png","copyright":{"license":"U"},"width":1311,"height":738}},"subContentId":"0e496803-b15f-4430-bbfa-e595a008b198","metadata":{"contentType":"Image","license":"U","title":"Untitled Image"}},"backgroundOpacity":0,"willDoAnimation":false,"animationType":"glow","displayAsButton":false,"buttonSize":"big","goToSlideType":"specified","invisible":false},{"x":36.18421052631579,"y":84.47263086759891,"width":39.99967105263158,"height":9.743463117949785,"action":{"library":"H5P.CRAdvancedText 1.1","params":{"text":"<p><span style=\"font-size:1.5em;color:hsl(0, 0%, 100%);\"><strong>\u12a5\u12c8....... \u12a3\u1290 \u12f0\u122d\u1206 \u12a5\u12e8\u1361\u1361<\/strong><\/span><\/p>"},"subContentId":"d1538e79-ddad-421c-a512-503f49561cae","metadata":{"contentType":"Text","license":"U","title":"Untitled Text"}},"alwaysDisplayComments":false,"backgroundOpacity":0,"willDoAnimation":false,"animationType":"glow","displayAsButton":false,"buttonSize":"big","goToSlideType":"specified","invisible":false,"solution":""},{"x":47.00006578947369,"y":44.0012898320944,"width":40,"height":40,"action":{"library":"H5P.CRAudio 1.4","params":{"fitToWrapper":true,"currIndex":17,"playerMode":"minimalistic","controls":true,"autoplay":true,"playAudio":"Play audio","pauseAudio":"Pause audio","contentName":"Audio","glowColor":"#ffd85a","timeStampForEachText":[{"text":" \u12a5\u12c8....... ","startDuration":"0.0000","endDuration":"0.6667","wordfile":[{"path":"audios\/wordfile-66fb82ad9e106.wav","mime":"audio\/x-wav","copyright":{"license":"U"}}]},{"text":" \u12a3\u1290 ","startDuration":"0.6677","endDuration":"1.1106","wordfile":[{"path":"audios\/wordfile-66fb82df13a24.wav","mime":"audio\/x-wav","copyright":{"license":"U"}}]},{"text":" \u12f0\u122d\u1206 ","startDuration":"1.1116","endDuration":"1.4874","wordfile":[{"path":"audios\/wordfile-66fb83035697e.wav","mime":"audio\/x-wav","copyright":{"license":"U"}}]},{"text":" \u12a5\u12e8\u1361\u1361 ","startDuration":"1.4884","endDuration":"1.8125","wordfile":[{"path":"audios\/wordfile-66fb8319e4a47.wav","mime":"audio\/x-wav","copyright":{"license":"U"}}]}],"files":[{"path":"audios\/files-66fb82617b931.wav","mime":"audio\/x-wav","copyright":{"license":"U"}}]},"subContentId":"f1850e94-7909-4f82-9246-0d78dfd14217","metadata":{"contentType":"Curious Reader Audio","license":"U","title":"Untitled Curious Reader Audio"}},"backgroundOpacity":0,"willDoAnimation":false,"animationType":"glow","displayAsButton":false,"buttonSize":"big","goToSlideType":"specified","invisible":false},{"x":27.960526315789473,"y":9.746842023184488,"width":40,"height":40,"action":{"library":"H5P.Image 1.1","params":{"contentName":"Image"},"subContentId":"806d09d3-aab0-469e-9f36-26f97636599a","metadata":{"contentType":"Image","license":"U","title":"Untitled Image"}},"backgroundOpacity":0,"willDoAnimation":true,"animationType":"glow","displayAsButton":false,"buttonSize":"big","goToSlideType":"specified","invisible":false}]},{"slideBackgroundSelector":{},"elements":[{"x":3.289473684210526,"y":6.497894682122992,"width":94.13898026315789,"height":87.71832926131934,"action":{"library":"H5P.Image 1.1","params":{"contentName":"Image","file":{"path":"images\/file-66f3e0185f129.jpg","mime":"image\/jpeg","copyright":{"license":"U"},"width":1310,"height":736}},"subContentId":"0e496803-b15f-4430-bbfa-e595a008b198","metadata":{"contentType":"Image","license":"U","title":"Untitled Image"}},"backgroundOpacity":0,"willDoAnimation":false,"animationType":"glow","displayAsButton":false,"buttonSize":"big","goToSlideType":"specified","invisible":false},{"x":31.25,"y":71.47684150335292,"width":49.34046052631579,"height":25.984820918022564,"action":{"library":"H5P.CRAdvancedText 1.1","params":{"text":"<p><span style=\"font-size:1.5em;color:hsl(0, 0%, 100%);\"><strong>\u12a3\u1290 \u1218\u1295 \u12a2\u12e8 \u1308\u121d\u1271\u1361\u1361 \u121d\u12dd\u120b\u120d \u12ed\u1348\u1271\u1361\u1361 \u12a3\u1265 \u1309\u12f5\u1313\u12f5 \u12ed\u1290\u1265\u122d\u1361\u1361<\/strong><\/span><\/p>"},"subContentId":"6986005f-e5b1-42b8-8a41-1bf237bc55ee","metadata":{"contentType":"Text","license":"U","title":"Untitled Text"}},"alwaysDisplayComments":false,"backgroundOpacity":0,"willDoAnimation":false,"animationType":"glow","displayAsButton":false,"buttonSize":"big","goToSlideType":"specified","invisible":false,"solution":""},{"x":47.00006578947369,"y":44.0012898320944,"width":40,"height":40,"action":{"library":"H5P.CRAudio 1.4","params":{"fitToWrapper":true,"currIndex":18,"playerMode":"minimalistic","controls":true,"autoplay":true,"playAudio":"Play audio","pauseAudio":"Pause audio","contentName":"Audio","glowColor":"#ffd85a","timeStampForEachText":[{"text":" \u12a3\u1290 ","startDuration":"0.0000","endDuration":"0.3318","wordfile":[{"path":"audios\/wordfile-66fb80127ba27.wav","mime":"audio\/x-wav","copyright":{"license":"U"}}]},{"text":" \u1218\u1295 ","startDuration":"0.3328","endDuration":"0.5328","wordfile":[{"path":"audios\/wordfile-66fb8024e711d.wav","mime":"audio\/x-wav","copyright":{"license":"U"}}]},{"text":" \u12a2\u12e8 ","startDuration":"0.5338","endDuration":"0.9359","wordfile":[{"path":"audios\/wordfile-66fb803a33ce6.wav","mime":"audio\/x-wav","copyright":{"license":"U"}}]},{"text":" \u1308\u121d\u1271\u1361\u1361 ","startDuration":"0.9369","endDuration":"1.9453","wordfile":[{"path":"audios\/wordfile-66fb80678f735.wav","mime":"audio\/x-wav","copyright":{"license":"U"}}]},{"text":" \u121d\u12dd\u120b\u120d ","startDuration":"1.9463","endDuration":"2.5944","wordfile":[{"path":"audios\/wordfile-66fb808d50377.wav","mime":"audio\/x-wav","copyright":{"license":"U"}}]},{"text":" \u12ed\u1348\u1271\u1361\u1361 ","startDuration":"2.5954","endDuration":"3.5950","wordfile":[{"path":"audios\/wordfile-66fb80c09347c.wav","mime":"audio\/x-wav","copyright":{"license":"U"}}]},{"text":" \u12a3\u1265 ","startDuration":"3.5960","endDuration":"3.9454","wordfile":[{"path":"audios\/wordfile-66fb80e0c975f.wav","mime":"audio\/x-wav","copyright":{"license":"U"}}]},{"text":" \u1309\u12f5\u1313\u12f5 ","startDuration":"3.9464","endDuration":"4.3924","wordfile":[{"path":"audios\/wordfile-66fb811353a78.wav","mime":"audio\/x-wav","copyright":{"license":"U"}}]},{"text":" \u12ed\u1290\u1265\u122d\u1361\u1361 ","startDuration":"4.3934","endDuration":"4.9821","wordfile":[{"path":"audios\/wordfile-66fb8134ed132.wav","mime":"audio\/x-wav","copyright":{"license":"U"}}]}],"files":[{"path":"audios\/files-66fb7ff3060ef.wav","mime":"audio\/x-wav","copyright":{"license":"U"}}]},"subContentId":"35e3b315-4010-4b14-977a-75db7d62616b","metadata":{"contentType":"Curious Reader Audio","license":"U","title":"Untitled Curious Reader Audio"}},"backgroundOpacity":0,"willDoAnimation":false,"animationType":"glow","displayAsButton":false,"buttonSize":"big","goToSlideType":"specified","invisible":false}]},{"slideBackgroundSelector":{},"elements":[{"x":3.289473684210526,"y":6.497894682122992,"width":94.13898026315789,"height":87.71832926131934,"action":{"library":"H5P.Image 1.1","params":{"contentName":"Image","file":{"path":"images\/file-6710c2355482c.png","mime":"image\/png","copyright":{"license":"U"},"width":1309,"height":733}},"subContentId":"0e496803-b15f-4430-bbfa-e595a008b198","metadata":{"contentType":"Image","license":"U","title":"Untitled Image"}},"backgroundOpacity":0,"willDoAnimation":false,"animationType":"glow","displayAsButton":false,"buttonSize":"big","goToSlideType":"specified","invisible":false},{"x":34.53947368421053,"y":81.22368352653741,"width":39.99967105263158,"height":12.992410459011282,"action":{"library":"H5P.CRAdvancedText 1.1","params":{"text":"<p><span style=\"font-size:1.5em;color:hsl(0, 0%, 100%);\"><strong>\u12a5\u12c8........ \u12a3\u1290 \u121b\u1295\u1272\u1208 \u12a5\u12e8\u1361\u1361<\/strong><\/span><\/p>"},"subContentId":"c5e12df7-3ba3-4d75-b069-6dd676640a93","metadata":{"contentType":"Text","license":"U","title":"Untitled Text"}},"alwaysDisplayComments":false,"backgroundOpacity":0,"willDoAnimation":false,"animationType":"glow","displayAsButton":false,"buttonSize":"big","goToSlideType":"specified","invisible":false,"solution":""},{"x":47.00006578947369,"y":44.0012898320944,"width":40,"height":40,"action":{"library":"H5P.CRAudio 1.4","params":{"fitToWrapper":true,"currIndex":19,"playerMode":"minimalistic","controls":true,"autoplay":true,"playAudio":"Play audio","pauseAudio":"Pause audio","contentName":"Audio","glowColor":"#ffd85a","timeStampForEachText":[{"text":" \u12a5\u12c8........ ","startDuration":"0.0000","endDuration":"0.6303","wordfile":[{"path":"audios\/wordfile-66fb7e7d6b785.wav","mime":"audio\/x-wav","copyright":{"license":"U"}}]},{"text":" \u12a3\u1290 ","startDuration":"0.6313","endDuration":"1.0073","wordfile":[{"path":"audios\/wordfile-66fb7e9437442.wav","mime":"audio\/x-wav","copyright":{"license":"U"}}]},{"text":" \u121b\u1295\u1272\u1208 ","startDuration":"1.0083","endDuration":"1.4723","wordfile":[{"path":"audios\/wordfile-66fb7ec5aa45a.wav","mime":"audio\/x-wav","copyright":{"license":"U"}}]},{"text":" \u12a5\u12e8\u1361\u1361 ","startDuration":"1.4733","endDuration":"1.8482","wordfile":[{"path":"audios\/wordfile-66fb7ee56dc58.wav","mime":"audio\/x-wav","copyright":{"license":"U"}}]}],"files":[{"path":"audios\/files-66fb7e60e9401.wav","mime":"audio\/x-wav","copyright":{"license":"U"}}]},"subContentId":"80c63109-f777-48ec-89b9-115021307dbd","metadata":{"contentType":"Curious Reader Audio","license":"U","title":"Untitled Curious Reader Audio"}},"backgroundOpacity":0,"willDoAnimation":false,"animationType":"glow","displayAsButton":false,"buttonSize":"big","goToSlideType":"specified","invisible":false},{"x":29.605263157894736,"y":9.746842023184488,"width":40,"height":40,"action":{"library":"H5P.Image 1.1","params":{"contentName":"Image"},"subContentId":"17e56c64-a522-4bbd-ae81-5385f4fe8d91","metadata":{"contentType":"Image","license":"U","title":"Untitled Image"}},"backgroundOpacity":0,"willDoAnimation":true,"animationType":"glow","displayAsButton":false,"buttonSize":"big","goToSlideType":"specified","invisible":false,"id":"img80c63109-f777-48ec-89b9-115021307dbd_2"}]},{"slideBackgroundSelector":{},"elements":[{"x":3.289473684210526,"y":6.497894682122992,"width":94.13898026315789,"height":87.71832926131934,"action":{"library":"H5P.Image 1.1","params":{"contentName":"Image","file":{"path":"images\/file-66f3e02675b95.jpg","mime":"image\/jpeg","copyright":{"license":"U"},"width":1310,"height":736}},"subContentId":"0e496803-b15f-4430-bbfa-e595a008b198","metadata":{"contentType":"Image","license":"U","title":"Untitled Image"}},"backgroundOpacity":0,"willDoAnimation":false,"animationType":"glow","displayAsButton":false,"buttonSize":"big","goToSlideType":"specified","invisible":false},{"x":32.89473684210526,"y":68.22789416229142,"width":42.76151315789474,"height":29.237147164318763,"action":{"library":"H5P.CRAdvancedText 1.1","params":{"text":"<p><span style=\"font-size:1.5em;color:hsl(0,0%,100%);\">&nbsp;<strong>\u12a3\u1290 \u1218\u1295 \u12a2\u12e8 \u1308\u121d\u1271\u1361\u1361 \u12ab\u1265 \u1213\u12f0 \u12d5\u121d\u1260\u1263 \u1293\u1265 \u12ab\u120a\u12a5 \u121d\u1265\u122b\u122d \u12ed\u1348\u1271\u1361\u1361 \u12a3\u1265 \u12f0\u1308 \u12ed\u1290\u1265\u122d\u1361\u1361<\/strong><\/span><\/p>"},"subContentId":"9e3d05c6-bf7b-4f4c-935d-aaac93b21d6f","metadata":{"contentType":"Text","license":"U","title":"Untitled Text"}},"alwaysDisplayComments":false,"backgroundOpacity":0,"willDoAnimation":false,"animationType":"glow","displayAsButton":false,"buttonSize":"big","goToSlideType":"specified","invisible":false,"solution":""},{"x":47.00006578947369,"y":44.0012898320944,"width":40,"height":40,"action":{"library":"H5P.CRAudio 1.4","params":{"fitToWrapper":true,"currIndex":20,"playerMode":"minimalistic","controls":true,"autoplay":true,"playAudio":"Play audio","pauseAudio":"Pause audio","contentName":"Audio","glowColor":"#ffd85a","timeStampForEachText":[{"text":" \u00a0\u12a3\u1290 ","startDuration":"0.0000","endDuration":"0.3238","wordfile":[{"path":"audios\/wordfile-6709050aa6576.wav","mime":"audio\/x-wav","copyright":{"license":"U"}}]},{"text":" \u1218\u1295 ","startDuration":"0.3248","endDuration":"0.6224","wordfile":[{"path":"audios\/wordfile-67091b6651480.wav","mime":"audio\/x-wav","copyright":{"license":"U"}}]},{"text":" \u12a2\u12e8 ","startDuration":"0.6234","endDuration":"0.9427","wordfile":[{"path":"audios\/wordfile-67091b81add63.wav","mime":"audio\/x-wav","copyright":{"license":"U"}}]},{"text":" \u1308\u121d\u1271\u1361\u1361 ","startDuration":"0.9437","endDuration":"1.8923","wordfile":[{"path":"audios\/wordfile-67091b97e26a5.wav","mime":"audio\/x-wav","copyright":{"license":"U"}}]},{"text":" \u12ab\u1265 ","startDuration":"1.8933","endDuration":"2.2452","wordfile":[{"path":"audios\/wordfile-67091bb68126e.wav","mime":"audio\/x-wav","copyright":{"license":"U"}}]},{"text":" \u1213\u12f0 ","startDuration":"2.2462","endDuration":"2.4462","wordfile":[{"path":"audios\/wordfile-67091bc99c2d6.wav","mime":"audio\/x-wav","copyright":{"license":"U"}}]},{"text":" \u12d5\u121d\u1260\u1263 ","startDuration":"2.4472","endDuration":"3.1354","wordfile":[{"path":"audios\/wordfile-67091bff94763.wav","mime":"audio\/x-wav","copyright":{"license":"U"}}]},{"text":" \u1293\u1265 ","startDuration":"3.1364","endDuration":"3.3581","wordfile":[{"path":"audios\/wordfile-67091c160536a.wav","mime":"audio\/x-wav","copyright":{"license":"U"}}]},{"text":" \u12ab\u120a\u12a5 ","startDuration":"3.3591","endDuration":"3.7869","wordfile":[{"path":"audios\/wordfile-67091c70bf02d.wav","mime":"audio\/x-wav","copyright":{"license":"U"}}]},{"text":" \u121d\u1265\u122b\u122d ","startDuration":"3.7771","endDuration":"4.1181","wordfile":[{"path":"audios\/wordfile-67091c9f37b48.wav","mime":"audio\/x-wav","copyright":{"license":"U"}}]},{"text":" \u12ed\u1348\u1271\u1361\u1361 ","startDuration":"4.1191","endDuration":"4.7965","wordfile":[{"path":"audios\/wordfile-67091cbe404f5.wav","mime":"audio\/x-wav","copyright":{"license":"U"}}]},{"text":" \u12a3\u1265 ","startDuration":"4.7975","endDuration":"5.0409","wordfile":[{"path":"audios\/wordfile-67091cdbbf567.wav","mime":"audio\/x-wav","copyright":{"license":"U"}}]},{"text":" \u12f0\u1308 ","startDuration":"5.0419","endDuration":"5.2419","wordfile":[{"path":"audios\/wordfile-67091cf1aac96.wav","mime":"audio\/x-wav","copyright":{"license":"U"}}]},{"text":" \u12ed\u1290\u1265\u122d\u1361\u1361 ","startDuration":"5.2429","endDuration":"6.1518","wordfile":[{"path":"audios\/wordfile-67091d089061b.wav","mime":"audio\/x-wav","copyright":{"license":"U"}}]}],"files":[{"path":"audios\/files-670904fb2ac9f.wav","mime":"audio\/x-wav","copyright":{"license":"U"}}]},"subContentId":"44a7235b-9cc9-4def-99ef-7d8ca256d36c","metadata":{"contentType":"Curious Reader Audio","license":"U","title":"Untitled Curious Reader Audio"}},"backgroundOpacity":0,"willDoAnimation":false,"animationType":"glow","displayAsButton":false,"buttonSize":"big","goToSlideType":"specified","invisible":false}]},{"slideBackgroundSelector":{},"elements":[{"x":3.289473684210526,"y":6.497894682122992,"width":94.13898026315789,"height":87.71832926131934,"action":{"library":"H5P.Image 1.1","params":{"contentName":"Image","file":{"path":"images\/file-6710c2740fdef.png","mime":"image\/png","copyright":{"license":"U"},"width":1309,"height":728}},"subContentId":"0e496803-b15f-4430-bbfa-e595a008b198","metadata":{"contentType":"Image","license":"U","title":"Untitled Image"}},"backgroundOpacity":0,"willDoAnimation":false,"animationType":"glow","displayAsButton":false,"buttonSize":"big","goToSlideType":"specified","invisible":false},{"x":27.960526315789473,"y":81.22368352653741,"width":54.27467105263158,"height":16.237978894838072,"action":{"library":"H5P.CRAdvancedText 1.1","params":{"text":"<p><span style=\"font-size:1.5em;color:hsl(0,0%,100%);\"><strong>\u12a5\u12c8........ \u12a3\u1290 \u1345\u1265\u1255\u1272 \u1345\u121d\u1265\u120b\u120a\u12d5 \u12a5\u12e8\u1361\u1361<\/strong><\/span><\/p>"},"subContentId":"349e3c96-4b02-42bd-ab7d-cd879502061f","metadata":{"contentType":"Text","license":"U","title":"Untitled Text"}},"alwaysDisplayComments":false,"backgroundOpacity":0,"willDoAnimation":false,"animationType":"glow","displayAsButton":false,"buttonSize":"big","goToSlideType":"specified","invisible":false,"solution":""},{"x":47.00006578947369,"y":44.0012898320944,"width":40,"height":40,"action":{"library":"H5P.CRAudio 1.4","params":{"fitToWrapper":true,"currIndex":21,"playerMode":"minimalistic","controls":true,"autoplay":true,"playAudio":"Play audio","pauseAudio":"Pause audio","contentName":"Audio","glowColor":"#ffd85a","timeStampForEachText":[{"text":" \u12a5\u12c8........ ","startDuration":"0.0000","endDuration":"0.6677","wordfile":[{"path":"audios\/wordfile-66fa86cc4d89b.wav","mime":"audio\/x-wav","copyright":{"license":"U"}}]},{"text":" \u12a3\u1290 ","startDuration":"0.6677","endDuration":"1.0992","wordfile":[{"path":"audios\/wordfile-66fa86fea625e.wav","mime":"audio\/x-wav","copyright":{"license":"U"}}]},{"text":" \u1345\u1265\u1255\u1272 ","startDuration":"1.1002","endDuration":"1.7915","wordfile":[{"path":"audios\/wordfile-66fa87206f2b9.wav","mime":"audio\/x-wav","copyright":{"license":"U"}}]},{"text":" \u1345\u121d\u1265\u120b\u120a\u12d5 ","startDuration":"1.7925","endDuration":"2.3940","wordfile":[{"path":"audios\/wordfile-66fa873be710a.wav","mime":"audio\/x-wav","copyright":{"license":"U"}}]},{"text":" \u12a5\u12e8\u1361\u1361 ","startDuration":"2.3950","endDuration":"2.6706","wordfile":[{"path":"audios\/wordfile-66fa874fdbd4e.wav","mime":"audio\/x-wav","copyright":{"license":"U"}}]}],"files":[{"path":"audios\/files-66fa86b3d148c.wav","mime":"audio\/x-wav","copyright":{"license":"U"}}]},"subContentId":"559f631e-6c33-4132-b934-2370f83ef54a","metadata":{"contentType":"Curious Reader Audio","license":"U","title":"Untitled Curious Reader Audio"}},"backgroundOpacity":0,"willDoAnimation":false,"animationType":"glow","displayAsButton":false,"buttonSize":"big","goToSlideType":"specified","invisible":false},{"x":31.25,"y":9.746842023184488,"width":40,"height":40,"action":{"library":"H5P.Image 1.1","params":{"contentName":"Image"},"subContentId":"bb0be4fc-a73c-4e1a-b0b9-7319b247e1af","metadata":{"contentType":"Image","license":"U","title":"Untitled Image"}},"backgroundOpacity":0,"willDoAnimation":true,"animationType":"glow","displayAsButton":false,"buttonSize":"big","goToSlideType":"specified","invisible":false,"id":"img559f631e-6c33-4132-b934-2370f83ef54a_3"}]},{"elements":[{"x":3.289473684210526,"y":6.497894682122992,"width":94.13898026315789,"height":87.71832926131934,"action":{"library":"H5P.Image 1.1","params":{"contentName":"Image","file":{"path":"images\/file-672f0e88a41a4.png","mime":"image\/png","copyright":{"license":"U"},"width":1844,"height":946}},"subContentId":"59fa0fe1-9c3b-4741-a5c2-d1ecf578523a","metadata":{"contentType":"Image","license":"U","title":"Untitled Image"}},"backgroundOpacity":0,"willDoAnimation":false,"animationType":"glow","displayAsButton":false,"buttonSize":"big","goToSlideType":"specified","invisible":false}],"slideBackgroundSelector":{}}],"keywordListEnabled":true,"globalBackgroundSelector":{},"keywordListAlwaysShow":false,"keywordListAutoHide":false,"keywordListOpacity":90},"override":{"activeSurface":false,"hideSummarySlide":false,"summarySlideSolutionButton":true,"summarySlideRetryButton":true,"enablePrintButton":false,"social":{"showFacebookShare":false,"facebookShare":{"url":"@currentpageurl","quote":"I scored @score out of @maxScore on a task at @currentpageurl."},"showTwitterShare":false,"twitterShare":{"statement":"I scored @score out of @maxScore on a task at @currentpageurl.","url":"@currentpageurl","hashtags":"h5p, course"},"showGoogleShare":false,"googleShareUrl":"@currentpageurl"}},"l10n":{"slide":"Slide","score":"Score","yourScore":"Your Score","maxScore":"Max Score","total":"Total","totalScore":"Total Score","showSolutions":"Show solutions","retry":"Retry","exportAnswers":"Export text","hideKeywords":"Hide sidebar navigation menu","showKeywords":"Show sidebar navigation menu","fullscreen":"Fullscreen","exitFullscreen":"Exit fullscreen","prevSlide":"Previous slide","nextSlide":"Next slide","currentSlide":"Current slide","lastSlide":"Last slide","solutionModeTitle":"Exit solution mode","solutionModeText":"Solution Mode","summaryMultipleTaskText":"Multiple tasks","scoreMessage":"You achieved:","shareFacebook":"Share on Facebook","shareTwitter":"Share on Twitter","shareGoogle":"Share on Google+","summary":"Summary","solutionsButtonTitle":"Show comments","printTitle":"Print","printIngress":"How would you like to print this presentation?","printAllSlides":"Print all slides","printCurrentSlide":"Print current slide","noTitle":"No title","accessibilitySlideNavigationExplanation":"Use left and right arrow to change slide in that direction whenever canvas is selected.","accessibilityCanvasLabel":"Presentation canvas. Use left and right arrow to move between slides.","containsNotCompleted":"@slideName contains not completed interaction","containsCompleted":"@slideName contains completed interaction","slideCount":"Slide @index of @total","containsOnlyCorrect":"@slideName only has correct answers","containsIncorrectAnswers":"@slideName has incorrect answers","shareResult":"Share Result","accessibilityTotalScore":"You got @score of @maxScore points in total","accessibilityEnteredFullscreen":"Entered fullscreen","accessibilityExitedFullscreen":"Exited fullscreen"}}