{"presentation":{"slides":[{"elements":[{"x":4.934210526315789,"y":6.497894682122992,"width":92.49424342105263,"height":87.71832926131934,"action":{"library":"H5P.Image 1.1","params":{"contentName":"Image","file":{"path":"images\/file-66f3d606c69ce.gif","mime":"image\/gif","copyright":{"license":"U"},"width":1920,"height":1080}},"subContentId":"5b75cdb5-c22f-46f3-bdb5-0c5c22d36285","metadata":{"contentType":"Image","license":"U","title":"Untitled Image"}},"backgroundOpacity":0,"willDoAnimation":false,"animationType":"glow","displayAsButton":false,"buttonSize":"big","goToSlideType":"specified","invisible":false},{"x":44.4078947368421,"y":83.76097088895176,"width":39.99967105263158,"height":16.24135780007278,"action":{"library":"H5P.CRAdvancedText 1.1","params":{"text":"<p><span style=\"font-size:1.5em;color:hsl(0, 0%, 100%);\"><strong>\u12a5\u12c8\u12f0\u12cb\u1208\u1201!<\/strong><\/span><\/p>"},"subContentId":"cf6c6de5-b3b2-493c-a8c5-6fe79f1eab7b","metadata":{"contentType":"Text","license":"U","title":"Untitled Text"}},"alwaysDisplayComments":false,"backgroundOpacity":0,"willDoAnimation":false,"animationType":"glow","displayAsButton":false,"buttonSize":"big","goToSlideType":"specified","invisible":false,"solution":""},{"x":47.00006578947369,"y":44.0012898320944,"width":40,"height":40,"action":{"library":"H5P.CRAudio 1.4","params":{"fitToWrapper":true,"currIndex":0,"playerMode":"minimalistic","controls":true,"autoplay":true,"playAudio":"Play audio","pauseAudio":"Pause audio","contentName":"Audio","glowColor":"#ffd85a","timeStampForEachText":[{"text":" \u12a5\u12c8\u12f0\u12cb\u1208\u1201! ","startDuration":"0.0000","endDuration":"1.1741","wordfile":[{"path":"audios\/wordfile-66ecaa247c1f6.wav","mime":"audio\/x-wav","copyright":{"license":"U"}}]}],"files":[{"path":"audios\/files-66ecaa0f5c1be.wav","mime":"audio\/x-wav","copyright":{"license":"U"}}]},"subContentId":"5ddb63ab-ab14-4183-b65b-439c731e893c","metadata":{"contentType":"Curious Reader Audio","license":"U","title":"Untitled Curious Reader Audio"}},"backgroundOpacity":0,"willDoAnimation":false,"animationType":"glow","displayAsButton":false,"buttonSize":"big","goToSlideType":"specified","invisible":false}],"slideBackgroundSelector":{}},{"elements":[{"x":4.934210526315789,"y":6.497894682122992,"width":92.49424342105263,"height":87.71832926131934,"action":{"library":"H5P.Image 1.1","params":{"contentName":"Image","file":{"path":"images\/file-66f3d63de85ec.gif","mime":"image\/gif","copyright":{"license":"U"},"width":1920,"height":1080}},"subContentId":"5b75cdb5-c22f-46f3-bdb5-0c5c22d36285","metadata":{"contentType":"Image","license":"U","title":"Untitled Image"}},"backgroundOpacity":0,"willDoAnimation":false,"animationType":"glow","displayAsButton":false,"buttonSize":"big","goToSlideType":"specified","invisible":false},{"x":39.473684210526315,"y":84.47263086759891,"width":39.99967105263158,"height":9.743463117949785,"action":{"library":"H5P.CRAdvancedText 1.1","params":{"text":"<p><span style=\"font-size:1.5em;color:hsl(0, 0%, 100%);\"><strong>\u12a0\u1290\u130b\u1308\u122c\u1295 \u12a5\u12c8\u12f0\u12cb\u1208\u1201!<\/strong><\/span><\/p>"},"subContentId":"7a466c49-6248-4f56-a07e-4d3844f3b446","metadata":{"contentType":"Text","license":"U","title":"Untitled Text"}},"alwaysDisplayComments":false,"backgroundOpacity":0,"willDoAnimation":false,"animationType":"glow","displayAsButton":false,"buttonSize":"big","goToSlideType":"specified","invisible":false,"solution":""},{"x":47.00006578947369,"y":44.0012898320944,"width":40,"height":40,"action":{"library":"H5P.CRAudio 1.4","params":{"fitToWrapper":true,"currIndex":1,"playerMode":"minimalistic","controls":true,"autoplay":true,"playAudio":"Play audio","pauseAudio":"Pause audio","contentName":"Audio","glowColor":"#ffd85a","timeStampForEachText":[{"text":" \u12a0\u1290\u130b\u1308\u122c\u1295 ","startDuration":"0.0000","endDuration":"1.1712","wordfile":[{"path":"audios\/wordfile-66ecacebeba17.wav","mime":"audio\/x-wav","copyright":{"license":"U"}}]},{"text":" \u12a5\u12c8\u12f0\u12cb\u1208\u1201! ","startDuration":"1.1722","endDuration":"2.3839","wordfile":[{"path":"audios\/wordfile-66ecad035df1b.wav","mime":"audio\/x-wav","copyright":{"license":"U"}}]}],"files":[{"path":"audios\/files-66ecacd58f013.wav","mime":"audio\/x-wav","copyright":{"license":"U"}}]},"subContentId":"e64c7612-5cca-4847-b1fa-ce8a0ac2e23e","metadata":{"contentType":"Curious Reader Audio","license":"U","title":"Untitled Curious Reader Audio"}},"backgroundOpacity":0,"willDoAnimation":false,"animationType":"glow","displayAsButton":false,"buttonSize":"big","goToSlideType":"specified","invisible":false}],"slideBackgroundSelector":{}},{"elements":[{"x":4.934210526315789,"y":6.497894682122992,"width":92.49424342105263,"height":87.71832926131934,"action":{"library":"H5P.Image 1.1","params":{"contentName":"Image","file":{"path":"images\/file-66f3d6516cdad.gif","mime":"image\/gif","copyright":{"license":"U"},"width":1920,"height":1080}},"subContentId":"5b75cdb5-c22f-46f3-bdb5-0c5c22d36285","metadata":{"contentType":"Image","license":"U","title":"Untitled Image"}},"backgroundOpacity":0,"willDoAnimation":false,"animationType":"glow","displayAsButton":false,"buttonSize":"big","goToSlideType":"specified","invisible":false},{"x":37.828947368421055,"y":84.47263086759891,"width":39.99967105263158,"height":12.992410459011282,"action":{"library":"H5P.CRAdvancedText 1.1","params":{"text":"<p><span style=\"font-size:1.5em;color:hsl(0, 0%, 100%);\"><strong>\u12a0\u1233\u1233\u1244\u1295 \u12a5\u12c8\u12f0\u12cb\u1208\u1201!<\/strong><\/span><\/p>"},"subContentId":"c1cc78aa-c1b9-42db-bcf1-4af1c440bc25","metadata":{"contentType":"Text","license":"U","title":"Untitled Text"}},"alwaysDisplayComments":false,"backgroundOpacity":0,"willDoAnimation":false,"animationType":"glow","displayAsButton":false,"buttonSize":"big","goToSlideType":"specified","invisible":false,"solution":""},{"x":47.00006578947369,"y":44.0012898320944,"width":40,"height":40,"action":{"library":"H5P.CRAudio 1.4","params":{"fitToWrapper":true,"currIndex":2,"playerMode":"minimalistic","controls":true,"autoplay":true,"playAudio":"Play audio","pauseAudio":"Pause audio","contentName":"Audio","glowColor":"#ffd85a","timeStampForEachText":[{"text":" \u12a0\u1233\u1233\u1244\u1295 ","startDuration":"0.0000","endDuration":"1.1181","wordfile":[{"path":"audios\/wordfile-66ecad6363523.wav","mime":"audio\/x-wav","copyright":{"license":"U"}}]},{"text":" \u12a5\u12c8\u12f0\u12cb\u1208\u1201! ","startDuration":"1.1191","endDuration":"2.3661","wordfile":[{"path":"audios\/wordfile-66ecad74a7c1d.wav","mime":"audio\/x-wav","copyright":{"license":"U"}}]}],"files":[{"path":"audios\/files-66ecad48607b2.wav","mime":"audio\/x-wav","copyright":{"license":"U"}}]},"subContentId":"abe3eef9-2091-44e6-8db1-b9dd34af1a86","metadata":{"contentType":"Curious Reader Audio","license":"U","title":"Untitled Curious Reader Audio"}},"backgroundOpacity":0,"willDoAnimation":false,"animationType":"glow","displayAsButton":false,"buttonSize":"big","goToSlideType":"specified","invisible":false}],"slideBackgroundSelector":{}},{"elements":[{"x":4.934210526315789,"y":6.497894682122992,"width":92.49424342105263,"height":87.71832926131934,"action":{"library":"H5P.Image 1.1","params":{"contentName":"Image","file":{"path":"images\/file-66f3d6671e4bf.gif","mime":"image\/gif","copyright":{"license":"U"},"width":1920,"height":1080}},"subContentId":"5b75cdb5-c22f-46f3-bdb5-0c5c22d36285","metadata":{"contentType":"Image","license":"U","title":"Untitled Image"}},"backgroundOpacity":0,"willDoAnimation":false,"animationType":"glow","displayAsButton":false,"buttonSize":"big","goToSlideType":"specified","invisible":false},{"x":36.18421052631579,"y":83.76097088895176,"width":39.99967105263158,"height":16.24135780007278,"action":{"library":"H5P.CRAdvancedText 1.1","params":{"text":"<p><span style=\"font-size:1.5em;color:hsl(0, 0%, 100%);\"><strong>\u12a0\u1328\u134b\u1348\u122c\u1295 \u12a5\u12c8\u12f0\u12cb\u1208\u1201<\/strong><\/span><\/p>"},"subContentId":"fb56eae8-a705-4101-8c86-4c965f8dce4e","metadata":{"contentType":"Text","license":"U","title":"Untitled Text"}},"alwaysDisplayComments":false,"backgroundOpacity":0,"willDoAnimation":false,"animationType":"glow","displayAsButton":false,"buttonSize":"big","goToSlideType":"specified","invisible":false,"solution":""},{"x":47.00006578947369,"y":44.0012898320944,"width":40,"height":40,"action":{"library":"H5P.CRAudio 1.4","params":{"fitToWrapper":true,"currIndex":3,"playerMode":"minimalistic","controls":true,"autoplay":true,"playAudio":"Play audio","pauseAudio":"Pause audio","contentName":"Audio","glowColor":"#ffd85a","timeStampForEachText":[{"text":" \u12a0\u1328\u134b\u1348\u122c\u1295 ","startDuration":"0.0000","endDuration":"1.1949","wordfile":[{"path":"audios\/wordfile-66ecadd49158d.wav","mime":"audio\/x-wav","copyright":{"license":"U"}}]},{"text":" \u12a5\u12c8\u12f0\u12cb\u1208\u1201 ","startDuration":"1.1959","endDuration":"2.4092","wordfile":[{"path":"audios\/wordfile-66ecadeb6f708.wav","mime":"audio\/x-wav","copyright":{"license":"U"}}]}],"files":[{"path":"audios\/files-66ecadbdbeee7.wav","mime":"audio\/x-wav","copyright":{"license":"U"}}]},"subContentId":"db7d8380-1bcb-401c-bedd-9b02efb78d7d","metadata":{"contentType":"Curious Reader Audio","license":"U","title":"Untitled Curious Reader Audio"}},"backgroundOpacity":0,"willDoAnimation":false,"animationType":"glow","displayAsButton":false,"buttonSize":"big","goToSlideType":"specified","invisible":false}],"slideBackgroundSelector":{}},{"elements":[{"x":4.934210526315789,"y":6.497894682122992,"width":92.49424342105263,"height":87.71832926131934,"action":{"library":"H5P.Image 1.1","params":{"contentName":"Image","file":{"path":"images\/file-66f3d678455ea.jpg","mime":"image\/jpeg","copyright":{"license":"U"},"width":1920,"height":1080}},"subContentId":"5b75cdb5-c22f-46f3-bdb5-0c5c22d36285","metadata":{"contentType":"Image","license":"U","title":"Untitled Image"}},"backgroundOpacity":0,"willDoAnimation":false,"animationType":"glow","displayAsButton":false,"buttonSize":"big","goToSlideType":"specified","invisible":false},{"x":37.828947368421055,"y":84.47263086759891,"width":36.182565789473685,"height":12.992410459011282,"action":{"library":"H5P.CRAdvancedText 1.1","params":{"text":"<p><span style=\"font-size:1.5em;color:hsl(0,0%,100%);\"><strong>\u12a0\u12d8\u120b\u1208\u120c\u1295 \u12a5\u12c8\u12f0\u12cb\u1208\u1201!<\/strong><\/span><\/p>"},"subContentId":"55404d04-ac6a-47bb-986c-8cd42b961381","metadata":{"contentType":"Text","license":"U","title":"Untitled Text"}},"alwaysDisplayComments":false,"backgroundOpacity":0,"willDoAnimation":false,"animationType":"glow","displayAsButton":false,"buttonSize":"big","goToSlideType":"specified","invisible":false,"solution":""},{"x":47.00006578947369,"y":44.0012898320944,"width":40,"height":40,"action":{"library":"H5P.CRAudio 1.4","params":{"fitToWrapper":true,"currIndex":4,"playerMode":"minimalistic","controls":true,"autoplay":true,"playAudio":"Play audio","pauseAudio":"Pause audio","contentName":"Audio","glowColor":"#ffd85a","timeStampForEachText":[{"text":" \u12a0\u12d8\u120b\u1208\u120c\u1295 ","startDuration":"0.0000","endDuration":"1.1996","wordfile":[{"path":"audios\/wordfile-66ecb4d087664.wav","mime":"audio\/x-wav","copyright":{"license":"U"}}]},{"text":" \u12a5\u12c8\u12f0\u12cb\u1208\u1201! ","startDuration":"1.2006","endDuration":"2.4643","wordfile":[{"path":"audios\/wordfile-66ecb4e41e842.wav","mime":"audio\/x-wav","copyright":{"license":"U"}}]}],"files":[{"path":"audios\/files-66ecb4b2e3a16.wav","mime":"audio\/x-wav","copyright":{"license":"U"}}]},"subContentId":"6ddc2bb8-b50b-4a60-b8c2-d1540f1d0239","metadata":{"contentType":"Curious Reader Audio","license":"U","title":"Untitled Curious Reader Audio"}},"backgroundOpacity":0,"willDoAnimation":false,"animationType":"glow","displayAsButton":false,"buttonSize":"big","goToSlideType":"specified","invisible":false}],"slideBackgroundSelector":{}},{"elements":[{"x":4.934210526315789,"y":6.497894682122992,"width":92.49424342105263,"height":87.71832926131934,"action":{"library":"H5P.Image 1.1","params":{"contentName":"Image","file":{"path":"images\/file-66f3d6a02677f.gif","mime":"image\/gif","copyright":{"license":"U"},"width":1920,"height":1080}},"subContentId":"5b75cdb5-c22f-46f3-bdb5-0c5c22d36285","metadata":{"contentType":"Image","license":"U","title":"Untitled Image"}},"backgroundOpacity":0,"willDoAnimation":false,"animationType":"glow","displayAsButton":false,"buttonSize":"big","goToSlideType":"specified","invisible":false},{"x":36.18421052631579,"y":84.47263086759891,"width":39.99967105263158,"height":12.992410459011282,"action":{"library":"H5P.CRAdvancedText 1.1","params":{"text":"<p><span style=\"font-size:1.5em;color:hsl(0, 0%, 100%);\"><strong>\u12a0\u122f\u122f\u1324\u1295 \u12a5\u12c8\u12f0\u12cb\u1208\u1201!<\/strong><\/span><\/p>"},"subContentId":"b9a09936-b93d-40f2-9ef6-ab0e8e1c03dd","metadata":{"contentType":"Text","license":"U","title":"Untitled Text"}},"alwaysDisplayComments":false,"backgroundOpacity":0,"willDoAnimation":false,"animationType":"glow","displayAsButton":false,"buttonSize":"big","goToSlideType":"specified","invisible":false,"solution":""},{"x":47.00006578947369,"y":44.0012898320944,"width":40,"height":40,"action":{"library":"H5P.CRAudio 1.4","params":{"fitToWrapper":true,"currIndex":5,"playerMode":"minimalistic","controls":true,"autoplay":true,"playAudio":"Play audio","pauseAudio":"Pause audio","contentName":"Audio","glowColor":"#ffd85a","timeStampForEachText":[{"text":" \u12a0\u122f\u122f\u1324\u1295 ","startDuration":"0.0000","endDuration":"1.0672","wordfile":[{"path":"audios\/wordfile-66ecaf516c81f.wav","mime":"audio\/x-wav","copyright":{"license":"U"}}]},{"text":" \u12a5\u12c8\u12f0\u12cb\u1208\u1201! ","startDuration":"1.0682","endDuration":"2.3304","wordfile":[{"path":"audios\/wordfile-66ecaf66e09bd.wav","mime":"audio\/x-wav","copyright":{"license":"U"}}]}],"files":[{"path":"audios\/files-66ecaf3ba815a.wav","mime":"audio\/x-wav","copyright":{"license":"U"}}]},"subContentId":"660dbb18-6e41-4c94-831b-e1779889bd15","metadata":{"contentType":"Curious Reader Audio","license":"U","title":"Untitled Curious Reader Audio"}},"backgroundOpacity":0,"willDoAnimation":false,"animationType":"glow","displayAsButton":false,"buttonSize":"big","goToSlideType":"specified","invisible":false}],"slideBackgroundSelector":{}},{"elements":[{"x":4.934210526315789,"y":6.497894682122992,"width":92.49424342105263,"height":87.71832926131934,"action":{"library":"H5P.Image 1.1","params":{"contentName":"Image","file":{"path":"images\/file-66f3d6b5d9c52.gif","mime":"image\/gif","copyright":{"license":"U"},"width":1920,"height":1080}},"subContentId":"5b75cdb5-c22f-46f3-bdb5-0c5c22d36285","metadata":{"contentType":"Image","license":"U","title":"Untitled Image"}},"backgroundOpacity":0,"willDoAnimation":false,"animationType":"glow","displayAsButton":false,"buttonSize":"big","goToSlideType":"specified","invisible":false},{"x":36.18421052631579,"y":84.47263086759891,"width":39.99967105263158,"height":9.743463117949785,"action":{"library":"H5P.CRAdvancedText 1.1","params":{"text":"<p><span style=\"font-size:1.5em;color:hsl(0, 0%, 100%);\"><strong>\u12a0\u1218\u130b\u1308\u1264\u1295 \u12a5\u12c8\u12f0\u12cb\u1208\u1201!<\/strong><\/span><\/p>"},"subContentId":"60aef261-fc97-4eff-8a98-745337a6a5d8","metadata":{"contentType":"Text","license":"U","title":"Untitled Text"}},"alwaysDisplayComments":false,"backgroundOpacity":0,"willDoAnimation":false,"animationType":"glow","displayAsButton":false,"buttonSize":"big","goToSlideType":"specified","invisible":false,"solution":""},{"x":47.00006578947369,"y":44.0012898320944,"width":40,"height":40,"action":{"library":"H5P.CRAudio 1.4","params":{"fitToWrapper":true,"currIndex":6,"playerMode":"minimalistic","controls":true,"autoplay":true,"playAudio":"Play audio","pauseAudio":"Pause audio","contentName":"Audio","glowColor":"#ffd85a","timeStampForEachText":[{"text":" \u12a0\u1218\u130b\u1308\u1264\u1295 ","startDuration":"0.0000","endDuration":"1.0855","wordfile":[{"path":"audios\/wordfile-66ecb00361b9e.wav","mime":"audio\/x-wav","copyright":{"license":"U"}}]},{"text":" \u12a5\u12c8\u12f0\u12cb\u1208\u1201! ","startDuration":"1.0865","endDuration":"2.4732","wordfile":[{"path":"audios\/wordfile-66ecb01cdf746.wav","mime":"audio\/x-wav","copyright":{"license":"U"}}]}],"files":[{"path":"audios\/files-66ecaf9e3178d.wav","mime":"audio\/x-wav","copyright":{"license":"U"}}]},"subContentId":"0b480e64-f1f6-4cd3-8daa-68b8e7b03c24","metadata":{"contentType":"Curious Reader Audio","license":"U","title":"Untitled Curious Reader Audio"}},"backgroundOpacity":0,"willDoAnimation":false,"animationType":"glow","displayAsButton":false,"buttonSize":"big","goToSlideType":"specified","invisible":false}],"slideBackgroundSelector":{}},{"elements":[{"x":4.934210526315789,"y":6.497894682122992,"width":92.49424342105263,"height":87.71832926131934,"action":{"library":"H5P.Image 1.1","params":{"contentName":"Image","file":{"path":"images\/file-66f3d6cc4432a.jpg","mime":"image\/jpeg","copyright":{"license":"U"},"width":1920,"height":1080}},"subContentId":"5b75cdb5-c22f-46f3-bdb5-0c5c22d36285","metadata":{"contentType":"Image","license":"U","title":"Untitled Image"}},"backgroundOpacity":0,"willDoAnimation":false,"animationType":"glow","displayAsButton":false,"buttonSize":"big","goToSlideType":"specified","invisible":false},{"x":36.18421052631579,"y":84.47263086759891,"width":39.99967105263158,"height":12.992410459011282,"action":{"library":"H5P.CRAdvancedText 1.1","params":{"text":"<p><span style=\"font-size:1.5em;color:hsl(0, 0%, 100%);\"><strong>\u12a0\u1235\u1270\u1233\u1230\u1264\u1295 \u12a5\u12c8\u12f0\u12cb\u1208\u1201!<\/strong><\/span><\/p>"},"subContentId":"8c32c1c8-63b0-4c65-86f4-4de684425ba7","metadata":{"contentType":"Text","license":"U","title":"Untitled Text"}},"alwaysDisplayComments":false,"backgroundOpacity":0,"willDoAnimation":false,"animationType":"glow","displayAsButton":false,"buttonSize":"big","goToSlideType":"specified","invisible":false,"solution":""},{"x":47.00006578947369,"y":44.0012898320944,"width":40,"height":40,"action":{"library":"H5P.CRAudio 1.4","params":{"fitToWrapper":true,"currIndex":7,"playerMode":"minimalistic","controls":true,"autoplay":true,"playAudio":"Play audio","pauseAudio":"Pause audio","contentName":"Audio","glowColor":"#ffd85a","timeStampForEachText":[{"text":" \u12a0\u1235\u1270\u1233\u1230\u1264\u1295 ","startDuration":"0.0000","endDuration":"1.2745","wordfile":[{"path":"audios\/wordfile-66ecb0aedeeff.wav","mime":"audio\/x-wav","copyright":{"license":"U"}}]},{"text":" \u12a5\u12c8\u12f0\u12cb\u1208\u1201! ","startDuration":"1.2716","endDuration":"2.7946","wordfile":[{"path":"audios\/wordfile-66ecb0ffef441.wav","mime":"audio\/x-wav","copyright":{"license":"U"}}]}],"files":[{"path":"audios\/files-66ecb0dfd1397.wav","mime":"audio\/x-wav","copyright":{"license":"U"}}]},"subContentId":"960f74cb-855f-48e3-ac1a-726a692ab132","metadata":{"contentType":"Curious Reader Audio","license":"U","title":"Untitled Curious Reader Audio"}},"backgroundOpacity":0,"willDoAnimation":false,"animationType":"glow","displayAsButton":false,"buttonSize":"big","goToSlideType":"specified","invisible":false}],"slideBackgroundSelector":{}},{"elements":[{"x":4.934210526315789,"y":6.497894682122992,"width":92.49424342105263,"height":87.71832926131934,"action":{"library":"H5P.Image 1.1","params":{"contentName":"Image","file":{"path":"images\/file-66f3d6e121c1f.gif","mime":"image\/gif","copyright":{"license":"U"},"width":1920,"height":1080}},"subContentId":"5b75cdb5-c22f-46f3-bdb5-0c5c22d36285","metadata":{"contentType":"Image","license":"U","title":"Untitled Image"}},"backgroundOpacity":0,"willDoAnimation":false,"animationType":"glow","displayAsButton":false,"buttonSize":"big","goToSlideType":"specified","invisible":false},{"x":37.828947368421055,"y":84.47263086759891,"width":39.99967105263158,"height":9.743463117949785,"action":{"library":"H5P.CRAdvancedText 1.1","params":{"text":"<p><span style=\"font-size:1.5em;color:hsl(0,0%,100%);\"><strong>\u12a0\u1290\u1263\u1264\u1295 \u12a5\u12c8\u12f0\u12cb\u1208\u1201!<\/strong><\/span><\/p>"},"subContentId":"abc89907-3c75-476f-ab95-02eb3604c7bd","metadata":{"contentType":"Text","license":"U","title":"Untitled Text"}},"alwaysDisplayComments":false,"backgroundOpacity":0,"willDoAnimation":false,"animationType":"glow","displayAsButton":false,"buttonSize":"big","goToSlideType":"specified","invisible":false,"solution":""},{"x":47.00006578947369,"y":44.0012898320944,"width":40,"height":40,"action":{"library":"H5P.CRAudio 1.4","params":{"fitToWrapper":true,"currIndex":8,"playerMode":"minimalistic","controls":true,"autoplay":true,"playAudio":"Play audio","pauseAudio":"Pause audio","contentName":"Audio","glowColor":"#ffd85a","files":[{"path":"audios\/files-66f3d8698f594.wav","mime":"audio\/x-wav","copyright":{"license":"U"}}],"timeStampForEachText":[{"text":" \u12a0\u1290\u1263\u1264\u1295 ","startDuration":"0.0000","endDuration":"0.9934","wordfile":[{"path":"audios\/wordfile-66f3d88cc300b.wav","mime":"audio\/x-wav","copyright":{"license":"U"}}]},{"text":" \u12a5\u12c8\u12f0\u12cb\u1208\u1201! ","startDuration":"0.9944","endDuration":"2.2836","wordfile":[{"path":"audios\/wordfile-66f3d8aea92fa.wav","mime":"audio\/x-wav","copyright":{"license":"U"}}]}]},"subContentId":"5c677422-e963-4efe-a47a-30ab131cc8e8","metadata":{"contentType":"Curious Reader Audio","license":"U","title":"Untitled Curious Reader Audio"}},"backgroundOpacity":0,"willDoAnimation":false,"animationType":"glow","displayAsButton":false,"buttonSize":"big","goToSlideType":"specified","invisible":false}],"slideBackgroundSelector":{}},{"elements":[{"x":3.286052631578947,"y":6.487757966418882,"width":94.13898026315789,"height":87.71832926131934,"action":{"library":"H5P.Image 1.1","params":{"contentName":"Image","file":{"path":"images\/file-66f3d71ac9a94.gif","mime":"image\/gif","copyright":{"license":"U"},"width":1920,"height":1080}},"subContentId":"cd1fb84c-d532-4a61-959b-65bf7f2b8da0","metadata":{"contentType":"Image","license":"U","title":"Untitled Image"}},"backgroundOpacity":0,"willDoAnimation":false,"animationType":"glow","displayAsButton":false,"buttonSize":"big","goToSlideType":"specified","invisible":false},{"x":36.18421052631579,"y":81.22368352653741,"width":39.99967105263158,"height":12.992410459011282,"action":{"library":"H5P.CRAdvancedText 1.1","params":{"text":"<p><span style=\"font-size:1.5em;color:hsl(0, 0%, 100%);\"><strong>\u12a0\u1208\u1263\u1260\u1234\u1295 \u12a5\u12c8\u12f0\u12cb\u1208\u1201!<\/strong><\/span><\/p>"},"subContentId":"f148b052-3771-460c-9f50-9156ec5bc2ca","metadata":{"contentType":"Text","license":"U","title":"Untitled Text"}},"alwaysDisplayComments":false,"backgroundOpacity":0,"willDoAnimation":false,"animationType":"glow","displayAsButton":false,"buttonSize":"big","goToSlideType":"specified","invisible":false,"solution":""},{"x":47.00006578947369,"y":44.0012898320944,"width":40,"height":40,"action":{"library":"H5P.CRAudio 1.4","params":{"fitToWrapper":true,"currIndex":9,"playerMode":"minimalistic","controls":true,"autoplay":true,"playAudio":"Play audio","pauseAudio":"Pause audio","contentName":"Audio","glowColor":"#ffd85a","timeStampForEachText":[{"text":" \u12a0\u1208\u1263\u1260\u1234\u1295 ","startDuration":"0.0000","endDuration":"1.2030","wordfile":[{"path":"audios\/wordfile-66ecb29d14121.wav","mime":"audio\/x-wav","copyright":{"license":"U"}}]},{"text":" \u12a5\u12c8\u12f0\u12cb\u1208\u1201! ","startDuration":"1.2040","endDuration":"2.3795","wordfile":[{"path":"audios\/wordfile-66ecb2b167892.wav","mime":"audio\/x-wav","copyright":{"license":"U"}}]}],"files":[{"path":"audios\/files-66ecb27b85dc7.wav","mime":"audio\/x-wav","copyright":{"license":"U"}}]},"subContentId":"7f8a4069-fae8-451e-926e-5c65bec15287","metadata":{"contentType":"Curious Reader Audio","license":"U","title":"Untitled Curious Reader Audio"}},"backgroundOpacity":0,"willDoAnimation":false,"animationType":"glow","displayAsButton":false,"buttonSize":"big","goToSlideType":"specified","invisible":false}],"slideBackgroundSelector":{}},{"elements":[{"x":4.934210526315789,"y":6.497894682122992,"width":92.49424342105263,"height":87.71832926131934,"action":{"library":"H5P.Image 1.1","params":{"contentName":"Image","file":{"path":"images\/file-66f3d732770da.gif","mime":"image\/gif","copyright":{"license":"U"},"width":1920,"height":1080}},"subContentId":"5b75cdb5-c22f-46f3-bdb5-0c5c22d36285","metadata":{"contentType":"Image","license":"U","title":"Untitled Image"}},"backgroundOpacity":0,"willDoAnimation":false,"animationType":"glow","displayAsButton":false,"buttonSize":"big","goToSlideType":"specified","invisible":false},{"x":26.31578947368421,"y":81.22368352653741,"width":62.4983552631579,"height":12.992410459011282,"action":{"library":"H5P.CRAdvancedText 1.1","params":{"text":"<p><span style=\"font-size:1.5em;color:hsl(0, 0%, 100%);\"><strong>\u12a5\u122b\u1234\u1295 \u12e8\u121d\u12c8\u12f5\u1260\u1275\u1295 \u1218\u1295\u1308\u12f5 \u12a5\u12c8\u12f0\u12cb\u1208\u1201!!!<\/strong><\/span><\/p>"},"subContentId":"3309cb18-6547-4a44-89d2-0ac4f2ea4e52","metadata":{"contentType":"Text","license":"U","title":"Untitled Text"}},"alwaysDisplayComments":false,"backgroundOpacity":0,"willDoAnimation":false,"animationType":"glow","displayAsButton":false,"buttonSize":"big","goToSlideType":"specified","invisible":false,"solution":""},{"x":47.00006578947369,"y":44.0012898320944,"width":40,"height":40,"action":{"library":"H5P.CRAudio 1.4","params":{"fitToWrapper":true,"currIndex":10,"playerMode":"minimalistic","controls":true,"autoplay":true,"playAudio":"Play audio","pauseAudio":"Pause audio","contentName":"Audio","glowColor":"#ffd85a","timeStampForEachText":[{"text":" \u12a5\u122b\u1234\u1295 ","startDuration":"0.0000","endDuration":"0.5349","wordfile":[{"path":"audios\/wordfile-66ecb2f9b9d69.wav","mime":"audio\/x-wav","copyright":{"license":"U"}}]},{"text":" \u12e8\u121d\u12c8\u12f5\u1260\u1275\u1295 ","startDuration":"0.5359","endDuration":"1.5732","wordfile":[{"path":"audios\/wordfile-66ecb34877731.wav","mime":"audio\/x-wav","copyright":{"license":"U"}}]},{"text":" \u1218\u1295\u1308\u12f5 ","startDuration":"1.5742","endDuration":"2.3667","wordfile":[{"path":"audios\/wordfile-66ecb35aa7329.wav","mime":"audio\/x-wav","copyright":{"license":"U"}}]},{"text":" \u12a5\u12c8\u12f0\u12cb\u1208\u1201!!! ","startDuration":"2.3677","endDuration":"3.6518","wordfile":[{"path":"audios\/wordfile-66ecb36de6fad.wav","mime":"audio\/x-wav","copyright":{"license":"U"}}]}],"files":[{"path":"audios\/files-66ecb2eda65b1.wav","mime":"audio\/x-wav","copyright":{"license":"U"}}]},"subContentId":"9ac25d03-726b-471f-8d15-1370ab46237f","metadata":{"contentType":"Curious Reader Audio","license":"U","title":"Untitled Curious Reader Audio"}},"backgroundOpacity":0,"willDoAnimation":false,"animationType":"glow","displayAsButton":false,"buttonSize":"big","goToSlideType":"specified","invisible":false}],"slideBackgroundSelector":{}},{"elements":[{"x":4.934210526315789,"y":6.497894682122992,"width":92.49424342105263,"height":90.96727660238084,"action":{"library":"H5P.Image 1.1","params":{"contentName":"Image","file":{"path":"images\/file-672f0cc13c8b6.png","mime":"image\/png","copyright":{"license":"U"},"width":1801,"height":940}},"subContentId":"791edd26-5aba-45fa-a972-0293c0ecb7bf","metadata":{"contentType":"Image","license":"U","title":"Untitled Image"}},"backgroundOpacity":0,"willDoAnimation":false,"animationType":"glow","displayAsButton":false,"buttonSize":"big","goToSlideType":"specified","invisible":false}],"slideBackgroundSelector":{}}],"keywordListEnabled":true,"globalBackgroundSelector":{},"keywordListAlwaysShow":false,"keywordListAutoHide":false,"keywordListOpacity":90},"override":{"activeSurface":false,"hideSummarySlide":false,"summarySlideSolutionButton":true,"summarySlideRetryButton":true,"enablePrintButton":false,"social":{"showFacebookShare":false,"facebookShare":{"url":"@currentpageurl","quote":"I scored @score out of @maxScore on a task at @currentpageurl."},"showTwitterShare":false,"twitterShare":{"statement":"I scored @score out of @maxScore on a task at @currentpageurl.","url":"@currentpageurl","hashtags":"h5p, course"},"showGoogleShare":false,"googleShareUrl":"@currentpageurl"}},"l10n":{"slide":"Slide","score":"Score","yourScore":"Your Score","maxScore":"Max Score","total":"Total","totalScore":"Total Score","showSolutions":"Show solutions","retry":"Retry","exportAnswers":"Export text","hideKeywords":"Hide sidebar navigation menu","showKeywords":"Show sidebar navigation menu","fullscreen":"Fullscreen","exitFullscreen":"Exit fullscreen","prevSlide":"Previous slide","nextSlide":"Next slide","currentSlide":"Current slide","lastSlide":"Last slide","solutionModeTitle":"Exit solution mode","solutionModeText":"Solution Mode","summaryMultipleTaskText":"Multiple tasks","scoreMessage":"You achieved:","shareFacebook":"Share on Facebook","shareTwitter":"Share on Twitter","shareGoogle":"Share on Google+","summary":"Summary","solutionsButtonTitle":"Show comments","printTitle":"Print","printIngress":"How would you like to print this presentation?","printAllSlides":"Print all slides","printCurrentSlide":"Print current slide","noTitle":"No title","accessibilitySlideNavigationExplanation":"Use left and right arrow to change slide in that direction whenever canvas is selected.","accessibilityCanvasLabel":"Presentation canvas. Use left and right arrow to move between slides.","containsNotCompleted":"@slideName contains not completed interaction","containsCompleted":"@slideName contains completed interaction","slideCount":"Slide @index of @total","containsOnlyCorrect":"@slideName only has correct answers","containsIncorrectAnswers":"@slideName has incorrect answers","shareResult":"Share Result","accessibilityTotalScore":"You got @score of @maxScore points in total","accessibilityEnteredFullscreen":"Entered fullscreen","accessibilityExitedFullscreen":"Exited fullscreen"}}