{"presentation":{"slides":[{"elements":[{"x":15.046296296296296,"y":82.19178082191782,"width":69.44444444444444,"height":15.068493150684931,"action":{"library":"H5P.CRAdvancedText 1.1","params":{"text":"<p style=\"text-align: center;\"><span style=\"font-size:3em;\"><strong>The Lost Doll.<\/strong><\/span><\/p>\n"},"metadata":{"contentType":"Text","license":"U","title":"Untitled Text"},"subContentId":"44bfa072-0233-468e-a142-38443c25de7c"},"alwaysDisplayComments":false,"backgroundOpacity":0,"willDoAnimation":false,"animationType":"glow","displayAsButton":false,"buttonSize":"big","goToSlideType":"specified","invisible":false,"solution":""},{"x":24.305555555555554,"y":8.904109589041097,"width":50.925925925925924,"height":71.68949771689498,"action":{"library":"H5P.Image 1.1","params":{"contentName":"Image","file":{"path":"images\/file-61ef2b43e729d.jpeg","mime":"image\/jpeg","copyright":{"license":"U"},"width":1472,"height":1024}},"metadata":{"contentType":"Image","license":"U","title":"Untitled Image"},"subContentId":"078c6964-01f5-4f74-b0ae-a3b1dd1ac394"},"backgroundOpacity":0,"willDoAnimation":false,"animationType":"glow","displayAsButton":false,"buttonSize":"big","goToSlideType":"specified","invisible":false}],"slideBackgroundSelector":{}},{"elements":[{"x":13.888888888888888,"y":82.19178082191782,"width":71.06481481481481,"height":15.981735159817353,"action":{"library":"H5P.CRAdvancedText 1.1","params":{"text":"<p style=\"text-align: center;\"><span style=\"color:#ffffff;\"><span style=\"font-size:2.25em;\">This is Abi and her doll.<\/span><\/span><\/p>\n"},"metadata":{"contentType":"Text","license":"U","title":"Untitled Text"},"subContentId":"ad78231a-8d0f-4a3a-a5b8-0dd710c0ac4c"},"alwaysDisplayComments":false,"backgroundOpacity":0,"willDoAnimation":false,"animationType":"glow","displayAsButton":false,"buttonSize":"big","goToSlideType":"specified","invisible":false,"solution":""},{"x":25.462962962962962,"y":9.132420091324201,"width":48.263888888888886,"height":70.77625570776256,"action":{"library":"H5P.Image 1.1","params":{"contentName":"Image","file":{"path":"images\/file-61ef2d37250d0.jpeg","mime":"image\/jpeg","copyright":{"license":"U"},"width":1472,"height":1024}},"metadata":{"contentType":"Image","license":"U","title":"Untitled Image"},"subContentId":"ffe74eb3-7780-4eec-b92c-6a45d91e227f"},"backgroundOpacity":0,"willDoAnimation":false,"animationType":"glow","displayAsButton":false,"buttonSize":"big","goToSlideType":"specified","invisible":false},{"x":43.98148148148148,"y":23.059360730593607,"width":10.787037037037036,"height":18.538812785388128,"action":{"library":"H5P.Image 1.1","params":{"contentName":"Image"},"metadata":{"contentType":"Image","license":"U","title":"Untitled Image"},"subContentId":"f2c00011-d7b1-4a41-b8a0-92f8953d8a90"},"backgroundOpacity":0,"willDoAnimation":true,"animationType":"glow","displayAsButton":false,"buttonSize":"big","goToSlideType":"specified","invisible":false,"id":"img1625256c-a1f4-4309-8a21-18560153642d_2"},{"x":92.59259259259258,"y":2.2831050228310503,"width":40,"height":40,"action":{"library":"H5P.CRAudio 1.4","params":{"fitToWrapper":true,"currIndex":1,"playerMode":"minimalistic","controls":true,"autoplay":true,"playAudio":"Play audio","pauseAudio":"Pause audio","contentName":"Audio","glowColor":"#00fcff","files":[{"path":"audios\/files-61f07cea8b552.wav","mime":"audio\/x-wav","copyright":{"license":"U"}}],"timeStampForEachText":[{"text":" This ","startDuration":"0.0000","endDuration":"0.3917","wordfile":[{"path":"audios\/wordfile-61f07d2933c98.wav","mime":"audio\/x-wav","copyright":{"license":"U"}}]},{"text":" is ","startDuration":"0.3917","endDuration":"0.6706","wordfile":[{"path":"audios\/wordfile-61f07dde07ebc.wav","mime":"audio\/x-wav","copyright":{"license":"U"}}]},{"text":" Abi ","startDuration":"0.6706","endDuration":"1.2342","wordfile":[{"path":"audios\/wordfile-61f07deb69338.wav","mime":"audio\/x-wav","copyright":{"license":"U"}}]},{"text":" and ","startDuration":"1.2342","endDuration":"1.4765","wordfile":[{"path":"audios\/wordfile-61f07df57e45e.wav","mime":"audio\/x-wav","copyright":{"license":"U"}}]},{"text":" her ","startDuration":"1.4709","endDuration":"1.7301","wordfile":[{"path":"audios\/wordfile-61f07e00b3b7a.wav","mime":"audio\/x-wav","copyright":{"license":"U"}}]},{"text":" doll. ","startDuration":"1.7301","endDuration":"2.3172","wordfile":[{"path":"audios\/wordfile-61f07e0c12f54.wav","mime":"audio\/x-wav","copyright":{"license":"U"}}]}]},"subContentId":"1625256c-a1f4-4309-8a21-18560153642d","metadata":{"contentType":"Curious Reader Audio","license":"U","title":"Untitled Curious Reader Audio"}},"backgroundOpacity":0,"willDoAnimation":false,"animationType":"glow","displayAsButton":false,"buttonSize":"big","goToSlideType":"specified","invisible":false},{"x":43.63425925925926,"y":34.70319634703196,"width":8.703703703703704,"height":24.01826484018265,"action":{"library":"H5P.Image 1.1","params":{"contentName":"Image"},"subContentId":"40464226-6311-4a8e-8b30-52cee6138004","metadata":{"contentType":"Image","license":"U","title":"Untitled Image"}},"backgroundOpacity":0,"willDoAnimation":true,"animationType":"glow","displayAsButton":false,"buttonSize":"big","goToSlideType":"specified","invisible":false,"id":"img1625256c-a1f4-4309-8a21-18560153642d_5"}],"slideBackgroundSelector":{}},{"elements":[{"x":19.675925925925924,"y":82.19178082191782,"width":61.34259259259259,"height":15.981735159817353,"action":{"library":"H5P.CRAdvancedText 1.1","params":{"text":"<p style=\"text-align: center;\"><span style=\"color:#ffffff;\"><span style=\"font-size:2.25em;\">Abi loves her doll.<\/span><\/span><\/p>\n"},"metadata":{"contentType":"Text","license":"U","title":"Untitled Text"},"subContentId":"c394fb3e-dc2f-4ba6-ba4a-6ae36b52a4e8"},"alwaysDisplayComments":false,"backgroundOpacity":0,"willDoAnimation":false,"animationType":"glow","displayAsButton":false,"buttonSize":"big","goToSlideType":"specified","invisible":false,"solution":""},{"x":26.62037037037037,"y":11.415525114155251,"width":48.72685185185185,"height":70.77625570776256,"action":{"library":"H5P.Image 1.1","params":{"contentName":"Image","file":{"path":"images\/file-61ef2ec0dfac0.jpeg","mime":"image\/jpeg","copyright":{"license":"U"},"width":1472,"height":1024}},"metadata":{"contentType":"Image","license":"U","title":"Untitled Image"},"subContentId":"c53c077a-e9d1-4c15-b584-8b4debd998af"},"backgroundOpacity":0,"willDoAnimation":false,"animationType":"glow","displayAsButton":false,"buttonSize":"big","goToSlideType":"specified","invisible":false},{"x":43.98148148148148,"y":27.397260273972602,"width":11.25,"height":17.62557077625571,"action":{"library":"H5P.Image 1.1","params":{"contentName":"Image"},"metadata":{"contentType":"Image","license":"U","title":"Untitled Image"},"subContentId":"629ddbb0-ccce-47da-9294-486e4ca62b4d"},"backgroundOpacity":0,"willDoAnimation":true,"animationType":"glow","displayAsButton":false,"buttonSize":"big","goToSlideType":"specified","invisible":false,"id":"img60cf5489-b090-4f54-9b93-798d59ed68a9_0"},{"x":44.21296296296296,"y":41.09589041095891,"width":7.546296296296296,"height":20.36529680365297,"action":{"library":"H5P.Image 1.1","params":{"contentName":"Image"},"metadata":{"contentType":"Image","license":"U","title":"Untitled Image"},"subContentId":"d739b977-64cf-4289-b6e5-36b6e437c931"},"backgroundOpacity":0,"willDoAnimation":true,"animationType":"glow","displayAsButton":false,"buttonSize":"big","goToSlideType":"specified","invisible":false,"id":"img60cf5489-b090-4f54-9b93-798d59ed68a9_3"},{"x":92.59259259259258,"y":2.2831050228310503,"width":40,"height":40,"action":{"library":"H5P.CRAudio 1.4","params":{"fitToWrapper":true,"currIndex":2,"playerMode":"minimalistic","controls":true,"autoplay":true,"playAudio":"Play audio","pauseAudio":"Pause audio","contentName":"Audio","glowColor":"#00fcff","files":[{"path":"audios\/files-61f2e0fa03a14.wav","mime":"audio\/x-wav","copyright":{"license":"U"}}],"timeStampForEachText":[{"text":" Abi ","startDuration":"0.0000","endDuration":"0.5776","wordfile":[{"path":"audios\/wordfile-61f2e13903e28.wav","mime":"audio\/x-wav","copyright":{"license":"U"}}]},{"text":" loves ","startDuration":"0.5776","endDuration":"1.1575","wordfile":[{"path":"audios\/wordfile-61f2e156b50d6.wav","mime":"audio\/x-wav","copyright":{"license":"U"}}]},{"text":" her ","startDuration":"1.1575","endDuration":"1.3575","wordfile":[{"path":"audios\/wordfile-61f2e166b1453.wav","mime":"audio\/x-wav","copyright":{"license":"U"}}]},{"text":" doll. ","startDuration":"1.3575","endDuration":"1.8927","wordfile":[{"path":"audios\/wordfile-61f2e185b83f0.wav","mime":"audio\/x-wav","copyright":{"license":"U"}}]}]},"subContentId":"60cf5489-b090-4f54-9b93-798d59ed68a9","metadata":{"contentType":"Curious Reader Audio","license":"U","title":"Untitled Curious Reader Audio"}},"backgroundOpacity":0,"willDoAnimation":false,"animationType":"glow","displayAsButton":false,"buttonSize":"big","goToSlideType":"specified","invisible":false}],"slideBackgroundSelector":{}},{"elements":[{"x":3.472222222222222,"y":81.5068493150685,"width":89.58333333333333,"height":15.981735159817353,"action":{"library":"H5P.CRAdvancedText 1.1","params":{"text":"<p style=\"text-align: center;\"><span style=\"color:#ffffff;\"><span style=\"font-size:2.25em;\">Abi loves to play with her doll.<\/span><\/span><\/p>\n"},"metadata":{"contentType":"Text","license":"U","title":"Untitled Text"},"subContentId":"c126f8f7-5de8-4aee-97ab-b12b2503c310"},"alwaysDisplayComments":false,"backgroundOpacity":0,"willDoAnimation":false,"animationType":"glow","displayAsButton":false,"buttonSize":"big","goToSlideType":"specified","invisible":false,"solution":""},{"x":25.462962962962962,"y":11.415525114155251,"width":48.61111111111111,"height":68.94977168949772,"action":{"library":"H5P.Image 1.1","params":{"contentName":"Image","file":{"path":"images\/file-61ef31140c3a9.jpeg","mime":"image\/jpeg","copyright":{"license":"U"},"width":1472,"height":1024}},"metadata":{"contentType":"Image","license":"U","title":"Untitled Image"},"subContentId":"fc224ac3-de9a-4f94-abe8-45dbe766dd43"},"backgroundOpacity":0,"willDoAnimation":false,"animationType":"glow","displayAsButton":false,"buttonSize":"big","goToSlideType":"specified","invisible":false},{"x":35.879629629629626,"y":50.22831050228311,"width":10.092592592592592,"height":24.93150684931507,"action":{"library":"H5P.Image 1.1","params":{"contentName":"Image"},"metadata":{"contentType":"Image","license":"U","title":"Untitled Image"},"subContentId":"3686a861-7656-4feb-9359-130370c89eb5"},"backgroundOpacity":0,"willDoAnimation":true,"animationType":"glow","displayAsButton":false,"buttonSize":"big","goToSlideType":"specified","invisible":false,"id":"imgd255d489-e05d-4807-9b2d-9e5e660dab5d_6"},{"x":48.032407407407405,"y":21.91780821917808,"width":19.120370370370367,"height":51.64383561643835,"action":{"library":"H5P.Image 1.1","params":{"contentName":"Image"},"metadata":{"contentType":"Image","license":"U","title":"Untitled Image"},"subContentId":"12220ac8-9f96-45b6-8aee-b486af4fac81"},"backgroundOpacity":0,"willDoAnimation":true,"animationType":"glow","displayAsButton":false,"buttonSize":"big","goToSlideType":"specified","invisible":false,"id":"imgd255d489-e05d-4807-9b2d-9e5e660dab5d_0"},{"x":46.99074074074074,"y":43.949771689497716,"width":40,"height":40,"action":{"library":"H5P.CRAudio 1.4","params":{"fitToWrapper":true,"currIndex":3,"playerMode":"minimalistic","controls":true,"autoplay":true,"playAudio":"Play audio","pauseAudio":"Pause audio","contentName":"Audio","glowColor":"#00fcff","files":[{"path":"audios\/files-61f2e227371ad.wav","mime":"audio\/x-wav","copyright":{"license":"U"}}],"timeStampForEachText":[{"text":" Abi ","startDuration":"0.0000","endDuration":"0.6710","wordfile":[{"path":"audios\/wordfile-61f2e27332a2e.wav","mime":"audio\/x-wav","copyright":{"license":"U"}}]},{"text":" loves ","startDuration":"0.6710","endDuration":"1.1282","wordfile":[{"path":"audios\/wordfile-61f2e29dd7d9c.wav","mime":"audio\/x-wav","copyright":{"license":"U"}}]},{"text":" to ","startDuration":"1.1282","endDuration":"1.2817","wordfile":[{"path":"audios\/wordfile-61f2e2b334a8f.wav","mime":"audio\/x-wav","copyright":{"license":"U"}}]},{"text":" play ","startDuration":"1.2817","endDuration":"1.6645","wordfile":[{"path":"audios\/wordfile-61f2e2dbdb51c.wav","mime":"audio\/x-wav","copyright":{"license":"U"}}]},{"text":" with ","startDuration":"1.6645","endDuration":"1.8180","wordfile":[{"path":"audios\/wordfile-61f2e2ef65eaa.wav","mime":"audio\/x-wav","copyright":{"license":"U"}}]},{"text":" her ","startDuration":"1.8180","endDuration":"2.0955","wordfile":[{"path":"audios\/wordfile-61f2e30ba2a44.wav","mime":"audio\/x-wav","copyright":{"license":"U"}}]},{"text":" doll. ","startDuration":"2.0955","endDuration":"2.5471","wordfile":[{"path":"audios\/wordfile-61f2e321d002b.wav","mime":"audio\/x-wav","copyright":{"license":"U"}}]}]},"subContentId":"d255d489-e05d-4807-9b2d-9e5e660dab5d","metadata":{"contentType":"Curious Reader Audio","license":"U","title":"Untitled Curious Reader Audio"}},"backgroundOpacity":0,"willDoAnimation":false,"animationType":"glow","displayAsButton":false,"buttonSize":"big","goToSlideType":"specified","invisible":false}],"slideBackgroundSelector":{}},{"elements":[{"x":17.36111111111111,"y":79.90867579908677,"width":64.81481481481481,"height":18.036529680365298,"action":{"library":"H5P.CRAdvancedText 1.1","params":{"text":"<p style=\"text-align: center;\"><span style=\"color:#ffffff;\"><span style=\"font-size:2.25em;\">Today her doll is lost.<\/span><\/span><\/p>\n"},"metadata":{"contentType":"Text","license":"U","title":"Untitled Text"},"subContentId":"119d54b0-367b-4398-9c25-0be377ff03ee"},"alwaysDisplayComments":false,"backgroundOpacity":0,"willDoAnimation":false,"animationType":"glow","displayAsButton":false,"buttonSize":"big","goToSlideType":"specified","invisible":false,"solution":""},{"x":24.305555555555554,"y":9.132420091324201,"width":50.5787037037037,"height":69.63470319634703,"action":{"library":"H5P.Image 1.1","params":{"contentName":"Image","file":{"path":"images\/file-61ef32ab45f04.jpeg","mime":"image\/jpeg","copyright":{"license":"U"},"width":1472,"height":1024}},"metadata":{"contentType":"Image","license":"U","title":"Untitled Image"},"subContentId":"89af7174-47ce-4730-a8f4-1aef48446dd5"},"backgroundOpacity":0,"willDoAnimation":false,"animationType":"glow","displayAsButton":false,"buttonSize":"big","goToSlideType":"specified","invisible":false},{"x":40.70023148148148,"y":27.35730593607306,"width":15.879629629629628,"height":46.84931506849315,"action":{"library":"H5P.Image 1.1","params":{"contentName":"Image"},"metadata":{"contentType":"Image","license":"U","title":"Untitled Image"},"subContentId":"d5c82eeb-9a5e-41b2-8a26-7e90d8e805f3"},"backgroundOpacity":0,"willDoAnimation":true,"animationType":"glow","displayAsButton":false,"buttonSize":"big","goToSlideType":"specified","invisible":false,"id":"imgd446b0a0-4805-405e-8c54-624676cdfbdd_0"},{"x":46.99074074074074,"y":43.949771689497716,"width":40,"height":40,"action":{"library":"H5P.CRAudio 1.4","params":{"fitToWrapper":true,"currIndex":4,"playerMode":"minimalistic","controls":true,"autoplay":true,"playAudio":"Play audio","pauseAudio":"Pause audio","contentName":"Audio","glowColor":"#00fcff","files":[{"path":"audios\/files-61f2e3a3d4edf.wav","mime":"audio\/x-wav","copyright":{"license":"U"}}],"timeStampForEachText":[{"text":" Today ","startDuration":"0.0000","endDuration":"0.7274","wordfile":[{"path":"audios\/wordfile-61f2e3e242d02.wav","mime":"audio\/x-wav","copyright":{"license":"U"}}]},{"text":" her ","startDuration":"0.7274","endDuration":"0.9469","wordfile":[{"path":"audios\/wordfile-61f2e410ca6c9.wav","mime":"audio\/x-wav","copyright":{"license":"U"}}]},{"text":" doll ","startDuration":"0.9441","endDuration":"1.2801","wordfile":[{"path":"audios\/wordfile-61f2e44da7222.wav","mime":"audio\/x-wav","copyright":{"license":"U"}}]},{"text":" is ","startDuration":"1.2801","endDuration":"1.4912","wordfile":[{"path":"audios\/wordfile-61f2e464729fd.wav","mime":"audio\/x-wav","copyright":{"license":"U"}}]},{"text":" lost. ","startDuration":"1.4912","endDuration":"2.2818","wordfile":[{"path":"audios\/wordfile-61f2e48a26b9f.wav","mime":"audio\/x-wav","copyright":{"license":"U"}}]}]},"subContentId":"6051099f-a952-4391-a9c4-17cf224ef53d","metadata":{"contentType":"Curious Reader Audio","license":"U","title":"Untitled Curious Reader Audio"}},"backgroundOpacity":0,"willDoAnimation":false,"animationType":"glow","displayAsButton":false,"buttonSize":"big","goToSlideType":"specified","invisible":false}],"slideBackgroundSelector":{}},{"elements":[{"x":13.874421296296296,"y":81.9634703196347,"width":70.60185185185185,"height":17.808219178082194,"action":{"library":"H5P.CRAdvancedText 1.1","params":{"text":"<p style=\"text-align: center;\"><span style=\"color:#ffffff;\"><span style=\"font-size:2.25em;\">Abi looks in the house.<\/span><\/span><\/p>\n"},"metadata":{"contentType":"Text","license":"U","title":"Untitled Text"},"subContentId":"c0621062-3c31-47a4-8d80-0f9d7933f615"},"alwaysDisplayComments":false,"backgroundOpacity":0,"willDoAnimation":false,"animationType":"glow","displayAsButton":false,"buttonSize":"big","goToSlideType":"specified","invisible":false,"solution":""},{"x":24.305555555555554,"y":13.698630136986301,"width":50.925925925925924,"height":65.52511415525115,"action":{"library":"H5P.Image 1.1","params":{"contentName":"Image","file":{"path":"images\/file-61ef35cbdad1b.jpeg","mime":"image\/jpeg","copyright":{"license":"U"},"width":1472,"height":1024}},"metadata":{"contentType":"Image","license":"U","title":"Untitled Image"},"subContentId":"328c88bc-1048-46c1-b142-5ef6dd3d2042"},"backgroundOpacity":0,"willDoAnimation":false,"animationType":"glow","displayAsButton":false,"buttonSize":"big","goToSlideType":"specified","invisible":false},{"x":28.90625,"y":38.650228310502285,"width":19.120370370370367,"height":40,"action":{"library":"H5P.Image 1.1","params":{"contentName":"Image"},"metadata":{"contentType":"Image","license":"U","title":"Untitled Image"},"subContentId":"230834f5-6dc4-45d1-9d88-f0ab92ed785a"},"backgroundOpacity":0,"willDoAnimation":true,"animationType":"glow","displayAsButton":false,"buttonSize":"big","goToSlideType":"specified","invisible":false,"id":"img99d1446f-bc54-4f6e-b11e-1e5f941bfbb9_0"},{"x":46.99074074074074,"y":43.949771689497716,"width":40,"height":40,"action":{"library":"H5P.CRAudio 1.4","params":{"fitToWrapper":true,"currIndex":5,"playerMode":"minimalistic","controls":true,"autoplay":true,"playAudio":"Play audio","pauseAudio":"Pause audio","contentName":"Audio","glowColor":"#00fcff","files":[{"path":"audios\/files-61f2e817a0d27.wav","mime":"audio\/x-wav","copyright":{"license":"U"}}],"timeStampForEachText":[{"text":" Abi ","startDuration":"0.0000","endDuration":"0.5182","wordfile":[{"path":"audios\/wordfile-61f2e886c837d.wav","mime":"audio\/x-wav","copyright":{"license":"U"}}]},{"text":" looks ","startDuration":"0.5182","endDuration":"0.9926","wordfile":[{"path":"audios\/wordfile-61f2e8b9aabea.wav","mime":"audio\/x-wav","copyright":{"license":"U"}}]},{"text":" in ","startDuration":"0.9926","endDuration":"1.1659","wordfile":[{"path":"audios\/wordfile-61f2e8d732a0f.wav","mime":"audio\/x-wav","copyright":{"license":"U"}}]},{"text":" the ","startDuration":"1.1659","endDuration":"1.3319","wordfile":[{"path":"audios\/wordfile-61f2e8f3bdea3.wav","mime":"audio\/x-wav","copyright":{"license":"U"}}]},{"text":" house. ","startDuration":"1.3319","endDuration":"1.9869","wordfile":[{"path":"audios\/wordfile-61f2e917dac44.wav","mime":"audio\/x-wav","copyright":{"license":"U"}}]}]},"subContentId":"99d1446f-bc54-4f6e-b11e-1e5f941bfbb9","metadata":{"contentType":"Curious Reader Audio","license":"U","title":"Untitled Curious Reader Audio"}},"backgroundOpacity":0,"willDoAnimation":false,"animationType":"glow","displayAsButton":false,"buttonSize":"big","goToSlideType":"specified","invisible":false},{"x":20.80300925925926,"y":11.398401826484017,"width":45.74074074074073,"height":71.96347031963471,"action":{"library":"H5P.Image 1.1","params":{"contentName":"Image"},"subContentId":"a16d9e92-ccf4-40f8-bdb7-502482f601da","metadata":{"contentType":"Image","license":"U","title":"Untitled Image"}},"backgroundOpacity":0,"willDoAnimation":true,"animationType":"glow","displayAsButton":false,"buttonSize":"big","goToSlideType":"specified","invisible":false,"id":"img99d1446f-bc54-4f6e-b11e-1e5f941bfbb9_4"}],"slideBackgroundSelector":{}},{"elements":[{"x":4.62962962962963,"y":20.547945205479454,"width":38.19444444444444,"height":73.05936073059361,"action":{"library":"H5P.CRAdvancedText 1.1","params":{"text":"<p style=\"text-align: center;\"><span style=\"color:#ffffff;\"><span style=\"font-size:2.25em;\">Is her doll in the kitchen? She looks under the table. <\/span><\/span><\/p>\n"},"metadata":{"contentType":"Text","license":"U","title":"Untitled Text"},"subContentId":"7ab1f46e-d823-4f5a-9e54-14bdd85d3f4b"},"alwaysDisplayComments":false,"backgroundOpacity":0,"willDoAnimation":false,"animationType":"glow","displayAsButton":false,"buttonSize":"big","goToSlideType":"specified","invisible":false,"solution":""},{"x":45.11712962962963,"y":18.213470319634705,"width":49.53703703703703,"height":67.12328767123287,"action":{"library":"H5P.Image 1.1","params":{"contentName":"Image","file":{"path":"images\/file-61ef37fb18d59.jpeg","mime":"image\/jpeg","copyright":{"license":"U"},"width":1472,"height":1024}},"metadata":{"contentType":"Image","license":"U","title":"Untitled Image"},"subContentId":"8908e142-4dce-448d-be32-a4b066194ca9"},"backgroundOpacity":0,"willDoAnimation":false,"animationType":"glow","displayAsButton":false,"buttonSize":"big","goToSlideType":"specified","invisible":false},{"x":63.0787037037037,"y":31.963470319634705,"width":33.00925925925925,"height":29.497716894977167,"action":{"library":"H5P.Image 1.1","params":{"contentName":"Image"},"metadata":{"contentType":"Image","license":"U","title":"Untitled Image"},"subContentId":"32852ecf-0f7c-4eee-b4ca-34f13426670b"},"backgroundOpacity":0,"willDoAnimation":true,"animationType":"glow","displayAsButton":false,"buttonSize":"big","goToSlideType":"specified","invisible":false,"id":"img57324d71-4590-429b-8d5c-431bc94ba2d1_10"},{"x":46.99074074074074,"y":43.949771689497716,"width":40,"height":40,"action":{"library":"H5P.CRAudio 1.4","params":{"fitToWrapper":true,"currIndex":6,"playerMode":"minimalistic","controls":true,"autoplay":true,"playAudio":"Play audio","pauseAudio":"Pause audio","contentName":"Audio","glowColor":"#00fcff","files":[{"path":"audios\/files-61f2e97fcd20f.wav","mime":"audio\/x-wav","copyright":{"license":"U"}}],"timeStampForEachText":[{"text":" Is ","startDuration":"0.0000","endDuration":"0.3809","wordfile":[{"path":"audios\/wordfile-61f2e9ff2d083.wav","mime":"audio\/x-wav","copyright":{"license":"U"}}]},{"text":" her ","startDuration":"0.3809","endDuration":"0.6447","wordfile":[{"path":"audios\/wordfile-61f2ea26b65fb.wav","mime":"audio\/x-wav","copyright":{"license":"U"}}]},{"text":" doll ","startDuration":"0.6447","endDuration":"0.9937","wordfile":[{"path":"audios\/wordfile-61f2ea69605e5.wav","mime":"audio\/x-wav","copyright":{"license":"U"}}]},{"text":" in ","startDuration":"0.9937","endDuration":"1.2203","wordfile":[{"path":"audios\/wordfile-61f2ea88b3847.wav","mime":"audio\/x-wav","copyright":{"license":"U"}}]},{"text":" the ","startDuration":"1.2203","endDuration":"1.3777","wordfile":[{"path":"audios\/wordfile-61f2eab57262b.wav","mime":"audio\/x-wav","copyright":{"license":"U"}}]},{"text":" kitchen? ","startDuration":"1.3777","endDuration":"2.1842","wordfile":[{"path":"audios\/wordfile-61f2ead6c52f4.wav","mime":"audio\/x-wav","copyright":{"license":"U"}}]},{"text":" She ","startDuration":"2.2800","endDuration":"2.8471","wordfile":[{"path":"audios\/wordfile-61f2eafbd1817.wav","mime":"audio\/x-wav","copyright":{"license":"U"}}]},{"text":" looks ","startDuration":"2.8471","endDuration":"3.2067","wordfile":[{"path":"audios\/wordfile-61f2eb1775e89.wav","mime":"audio\/x-wav","copyright":{"license":"U"}}]},{"text":" under ","startDuration":"3.2067","endDuration":"3.5982","wordfile":[{"path":"audios\/wordfile-61f2eb352bfea.wav","mime":"audio\/x-wav","copyright":{"license":"U"}}]},{"text":" the ","startDuration":"3.5876","endDuration":"3.7344","wordfile":[{"path":"audios\/wordfile-61f2eb621af40.wav","mime":"audio\/x-wav","copyright":{"license":"U"}}]},{"text":" table. ","startDuration":"3.7344","endDuration":"4.3735","wordfile":[{"path":"audios\/wordfile-61f2eb809120b.wav","mime":"audio\/x-wav","copyright":{"license":"U"}}]}]},"subContentId":"57324d71-4590-429b-8d5c-431bc94ba2d1","metadata":{"contentType":"Curious Reader Audio","license":"U","title":"Untitled Curious Reader Audio"}},"backgroundOpacity":0,"willDoAnimation":false,"animationType":"glow","displayAsButton":false,"buttonSize":"big","goToSlideType":"specified","invisible":false}],"slideBackgroundSelector":{}},{"elements":[{"x":3.472222222222222,"y":20.547945205479454,"width":39.35185185185185,"height":75.34246575342466,"action":{"library":"H5P.CRAdvancedText 1.1","params":{"text":"<p style=\"text-align: center;\"><span style=\"color:#ffffff;\"><span style=\"font-size:2.25em;\">Is her doll in the living room? She looks under the chair. <\/span><\/span><\/p>\n"},"metadata":{"contentType":"Text","license":"U","title":"Untitled Text"},"subContentId":"4551d1b8-971a-4066-8625-23b7ce65886b"},"alwaysDisplayComments":false,"backgroundOpacity":0,"willDoAnimation":false,"animationType":"glow","displayAsButton":false,"buttonSize":"big","goToSlideType":"specified","invisible":false,"solution":""},{"x":45.138888888888886,"y":18.264840182648403,"width":48.84259259259259,"height":68.4931506849315,"action":{"library":"H5P.Image 1.1","params":{"contentName":"Image","file":{"path":"images\/file-61ef3e474be2b.jpeg","mime":"image\/jpeg","copyright":{"license":"U"},"width":1472,"height":1024}},"metadata":{"contentType":"Image","license":"U","title":"Untitled Image"},"subContentId":"d9e8349c-052c-4124-8dc8-4c76a25024ac"},"backgroundOpacity":0,"willDoAnimation":false,"animationType":"glow","displayAsButton":false,"buttonSize":"big","goToSlideType":"specified","invisible":false},{"x":65.97222222222221,"y":31.963470319634705,"width":18.888888888888886,"height":44.566210045662096,"action":{"library":"H5P.Image 1.1","params":{"contentName":"Image"},"metadata":{"contentType":"Image","license":"U","title":"Untitled Image"},"subContentId":"ca79da66-a010-47bf-a11f-ddb793192fd6"},"backgroundOpacity":0,"willDoAnimation":true,"animationType":"glow","displayAsButton":false,"buttonSize":"big","goToSlideType":"specified","invisible":false,"id":"img400ffef3-df76-4a85-951a-71b45a0abca2_11"},{"x":46.99074074074074,"y":43.949771689497716,"width":40,"height":40,"action":{"library":"H5P.CRAudio 1.4","params":{"fitToWrapper":true,"currIndex":7,"playerMode":"minimalistic","controls":true,"autoplay":true,"playAudio":"Play audio","pauseAudio":"Pause audio","contentName":"Audio","glowColor":"#00fcff","files":[{"path":"audios\/files-61f2ed0a25a5d.wav","mime":"audio\/x-wav","copyright":{"license":"U"}}],"timeStampForEachText":[{"text":" Is ","startDuration":"0.0000","endDuration":"0.3482","wordfile":[{"path":"audios\/wordfile-61f2eebaddc08.wav","mime":"audio\/x-wav","copyright":{"license":"U"}}]},{"text":" her ","startDuration":"0.3482","endDuration":"0.6430","wordfile":[{"path":"audios\/wordfile-61f2eed76b025.wav","mime":"audio\/x-wav","copyright":{"license":"U"}}]},{"text":" doll ","startDuration":"0.6430","endDuration":"1.0030","wordfile":[{"path":"audios\/wordfile-61f2eef4804a4.wav","mime":"audio\/x-wav","copyright":{"license":"U"}}]},{"text":" in ","startDuration":"1.0089","endDuration":"1.2267","wordfile":[{"path":"audios\/wordfile-61f2ef147823b.wav","mime":"audio\/x-wav","copyright":{"license":"U"}}]},{"text":" the ","startDuration":"1.2267","endDuration":"1.4504","wordfile":[{"path":"audios\/wordfile-61f2ef30b0edf.wav","mime":"audio\/x-wav","copyright":{"license":"U"}}]},{"text":" living ","startDuration":"1.4326","endDuration":"1.7867","wordfile":[{"path":"audios\/wordfile-61f2ef64da0b3.wav","mime":"audio\/x-wav","copyright":{"license":"U"}}]},{"text":" room? ","startDuration":"1.7867","endDuration":"2.3126","wordfile":[{"path":"audios\/wordfile-61f2ef84638b7.wav","mime":"audio\/x-wav","copyright":{"license":"U"}}]},{"text":" She ","startDuration":"2.5378","endDuration":"3.1882","wordfile":[{"path":"audios\/wordfile-61f2efaf22f68.wav","mime":"audio\/x-wav","copyright":{"license":"U"}}]},{"text":" looks ","startDuration":"3.1882","endDuration":"3.5245","wordfile":[{"path":"audios\/wordfile-61f2efd1cee23.wav","mime":"audio\/x-wav","copyright":{"license":"U"}}]},{"text":" under ","startDuration":"3.5245","endDuration":"3.9556","wordfile":[{"path":"audios\/wordfile-61f2eff932445.wav","mime":"audio\/x-wav","copyright":{"license":"U"}}]},{"text":" the ","startDuration":"3.9556","endDuration":"4.1141","wordfile":[{"path":"audios\/wordfile-61f2f013cfc95.wav","mime":"audio\/x-wav","copyright":{"license":"U"}}]},{"text":" chair. ","startDuration":"4.1082","endDuration":"4.8714","wordfile":[{"path":"audios\/wordfile-61f2f03349220.wav","mime":"audio\/x-wav","copyright":{"license":"U"}}]}]},"subContentId":"400ffef3-df76-4a85-951a-71b45a0abca2","metadata":{"contentType":"Curious Reader Audio","license":"U","title":"Untitled Curious Reader Audio"}},"backgroundOpacity":0,"willDoAnimation":false,"animationType":"glow","displayAsButton":false,"buttonSize":"big","goToSlideType":"specified","invisible":false}],"slideBackgroundSelector":{}},{"elements":[{"x":3.466435185185185,"y":18.213470319634705,"width":38.19444444444444,"height":77.62557077625571,"action":{"library":"H5P.CRAdvancedText 1.1","params":{"text":"<p style=\"text-align: center;\"><span style=\"color:#ffffff;\"><span style=\"font-size:2.25em;\">Is her doll in the bedroom? She looks there for her doll.<\/span><\/span><\/p>\n"},"metadata":{"contentType":"Text","license":"U","title":"Untitled Text"},"subContentId":"762a4d35-8b2c-4d44-8c90-1da59aba9cf4"},"alwaysDisplayComments":false,"backgroundOpacity":0,"willDoAnimation":false,"animationType":"glow","displayAsButton":false,"buttonSize":"big","goToSlideType":"specified","invisible":false,"solution":""},{"x":42.82407407407407,"y":15.981735159817353,"width":50.11574074074074,"height":68.4931506849315,"action":{"library":"H5P.Image 1.1","params":{"contentName":"Image","file":{"path":"images\/file-61ef404802c5b.jpeg","mime":"image\/jpeg","copyright":{"license":"U"},"width":1472,"height":1024}},"metadata":{"contentType":"Image","license":"U","title":"Untitled Image"},"subContentId":"49232e51-b2af-4fb8-9d08-40d9377a0788"},"backgroundOpacity":0,"willDoAnimation":false,"animationType":"glow","displayAsButton":false,"buttonSize":"big","goToSlideType":"specified","invisible":false},{"x":46.99074074074074,"y":43.949771689497716,"width":40,"height":40,"action":{"library":"H5P.CRAudio 1.4","params":{"fitToWrapper":true,"currIndex":8,"playerMode":"minimalistic","controls":true,"autoplay":true,"playAudio":"Play audio","pauseAudio":"Pause audio","contentName":"Audio","glowColor":"#00fcff","files":[{"path":"audios\/files-61f2f0b2766ce.wav","mime":"audio\/x-wav","copyright":{"license":"U"}}],"timeStampForEachText":[{"text":" Is ","startDuration":"0.5415","endDuration":"1.0020","wordfile":[{"path":"audios\/wordfile-61f2f0dcde7f7.wav","mime":"audio\/x-wav","copyright":{"license":"U"}}]},{"text":" her ","startDuration":"1.0020","endDuration":"1.2226","wordfile":[{"path":"audios\/wordfile-61f2f1155a3fb.wav","mime":"audio\/x-wav","copyright":{"license":"U"}}]},{"text":" doll ","startDuration":"1.2226","endDuration":"1.5254","wordfile":[{"path":"audios\/wordfile-61f2f13580b78.wav","mime":"audio\/x-wav","copyright":{"license":"U"}}]},{"text":" in ","startDuration":"1.5254","endDuration":"1.7528","wordfile":[{"path":"audios\/wordfile-61f2f1508ab57.wav","mime":"audio\/x-wav","copyright":{"license":"U"}}]},{"text":" the ","startDuration":"1.7528","endDuration":"1.9528","wordfile":[{"path":"audios\/wordfile-61f2f176d6a96.wav","mime":"audio\/x-wav","copyright":{"license":"U"}}]},{"text":" bedroom? ","startDuration":"1.9528","endDuration":"2.8862","wordfile":[{"path":"audios\/wordfile-61f2f1d07b91e.wav","mime":"audio\/x-wav","copyright":{"license":"U"}}]},{"text":" She ","startDuration":"2.9890","endDuration":"3.5934","wordfile":[{"path":"audios\/wordfile-61f2f1f5bef37.wav","mime":"audio\/x-wav","copyright":{"license":"U"}}]},{"text":" looks ","startDuration":"3.5934","endDuration":"3.9579","wordfile":[{"path":"audios\/wordfile-61f2f215dbb13.wav","mime":"audio\/x-wav","copyright":{"license":"U"}}]},{"text":" there ","startDuration":"3.9579","endDuration":"4.4115","wordfile":[{"path":"audios\/wordfile-61f2f236bd491.wav","mime":"audio\/x-wav","copyright":{"license":"U"}}]},{"text":" for ","startDuration":"4.4115","endDuration":"4.6663","wordfile":[{"path":"audios\/wordfile-61f2f24e24354.wav","mime":"audio\/x-wav","copyright":{"license":"U"}}]},{"text":" her ","startDuration":"4.6663","endDuration":"4.8663","wordfile":[{"path":"audios\/wordfile-61f2f269575e9.wav","mime":"audio\/x-wav","copyright":{"license":"U"}}]},{"text":" doll. ","startDuration":"4.8663","endDuration":"5.5872","wordfile":[{"path":"audios\/wordfile-61f2f28ac98ea.wav","mime":"audio\/x-wav","copyright":{"license":"U"}}]}]},"subContentId":"5bc003a7-3046-483f-b87a-a9b1ed4773f1","metadata":{"contentType":"Curious Reader Audio","license":"U","title":"Untitled Curious Reader Audio"}},"backgroundOpacity":0,"willDoAnimation":false,"animationType":"glow","displayAsButton":false,"buttonSize":"big","goToSlideType":"specified","invisible":false}],"slideBackgroundSelector":{}},{"elements":[{"x":4.861111111111111,"y":20.547945205479454,"width":40.50925925925926,"height":68.0365296803653,"action":{"library":"H5P.CRAdvancedText 1.1","params":{"text":"<p style=\"text-align: center;\"><span style=\"color:#ffffff;\"><span style=\"font-size:2.25em;\">Is her doll in the garden? She looks there for her doll.<\/span><\/span><\/p>\n"},"metadata":{"contentType":"Text","license":"U","title":"Untitled Text"},"subContentId":"349aec21-3226-4969-902a-447999e122a7"},"alwaysDisplayComments":false,"backgroundOpacity":0,"willDoAnimation":false,"animationType":"glow","displayAsButton":false,"buttonSize":"big","goToSlideType":"specified","invisible":false,"solution":""},{"x":47.4537037037037,"y":18.264840182648403,"width":46.99074074074074,"height":68.4931506849315,"action":{"library":"H5P.Image 1.1","params":{"contentName":"Image","file":{"path":"images\/file-61ef40a401d18.jpeg","mime":"image\/jpeg","copyright":{"license":"U"},"width":1472,"height":1024}},"metadata":{"contentType":"Image","license":"U","title":"Untitled Image"},"subContentId":"9efc9d08-4704-4fb5-b63b-677ccbc8c0f5"},"backgroundOpacity":0,"willDoAnimation":false,"animationType":"glow","displayAsButton":false,"buttonSize":"big","goToSlideType":"specified","invisible":false},{"x":69.44444444444444,"y":59.36073059360731,"width":26.759259259259256,"height":28.356164383561644,"action":{"library":"H5P.Image 1.1","params":{"contentName":"Image"},"metadata":{"contentType":"Image","license":"U","title":"Untitled Image"},"subContentId":"18ee6f73-7704-492d-a1d4-e0d3336649a8"},"backgroundOpacity":0,"willDoAnimation":true,"animationType":"glow","displayAsButton":false,"buttonSize":"big","goToSlideType":"specified","invisible":false,"id":"img971d1293-7ca3-4244-a08f-db5567de416c_5"},{"x":45.138888888888886,"y":59.36073059360731,"width":16.805555555555554,"height":28.58447488584475,"action":{"library":"H5P.Image 1.1","params":{"contentName":"Image"},"metadata":{"contentType":"Image","license":"U","title":"Untitled Image"},"subContentId":"7432fbc0-11ea-4466-9015-664222aa7d78"},"backgroundOpacity":0,"willDoAnimation":true,"animationType":"glow","displayAsButton":false,"buttonSize":"big","goToSlideType":"specified","invisible":false,"id":"img971d1293-7ca3-4244-a08f-db5567de416c_5"},{"x":46.99074074074074,"y":43.949771689497716,"width":40,"height":40,"action":{"library":"H5P.CRAudio 1.4","params":{"fitToWrapper":true,"currIndex":9,"playerMode":"minimalistic","controls":true,"autoplay":true,"playAudio":"Play audio","pauseAudio":"Pause audio","contentName":"Audio","glowColor":"#00fcff","files":[{"path":"audios\/files-6218846b3d60c.wav","mime":"audio\/x-wav","copyright":{"license":"U"}}],"timeStampForEachText":[{"text":" Is ","startDuration":"0.2427","endDuration":"0.6284","wordfile":[{"path":"audios\/wordfile-6218849ec4bb9.wav","mime":"audio\/x-wav","copyright":{"license":"U"}}]},{"text":" her ","startDuration":"0.6294","endDuration":"0.9294","wordfile":[{"path":"audios\/wordfile-62188504d6e87.wav","mime":"audio\/x-wav","copyright":{"license":"U"}}]},{"text":" doll ","startDuration":"0.9304","endDuration":"1.2875","wordfile":[{"path":"audios\/wordfile-621885dc2099d.wav","mime":"audio\/x-wav","copyright":{"license":"U"}}]},{"text":" in ","startDuration":"1.2880","endDuration":"1.4951","wordfile":[{"path":"audios\/wordfile-621885fb469a5.wav","mime":"audio\/x-wav","copyright":{"license":"U"}}]},{"text":" the ","startDuration":"1.4961","endDuration":"1.6961","wordfile":[{"path":"audios\/wordfile-6218860e203c6.wav","mime":"audio\/x-wav","copyright":{"license":"U"}}]},{"text":" garden? ","startDuration":"1.6971","endDuration":"2.4469","wordfile":[{"path":"audios\/wordfile-62188645a8775.wav","mime":"audio\/x-wav","copyright":{"license":"U"}}]},{"text":" She ","startDuration":"2.6906","endDuration":"3.2905","wordfile":[{"path":"audios\/wordfile-621886c73bd0f.wav","mime":"audio\/x-wav","copyright":{"license":"U"}}]},{"text":" looks ","startDuration":"3.2915","endDuration":"3.6272","wordfile":[{"path":"audios\/wordfile-621886f485fad.wav","mime":"audio\/x-wav","copyright":{"license":"U"}}]},{"text":" there ","startDuration":"3.6282","endDuration":"3.9924","wordfile":[{"path":"audios\/wordfile-6218870bc4454.wav","mime":"audio\/x-wav","copyright":{"license":"U"}}]},{"text":" for ","startDuration":"3.9934","endDuration":"4.3005","wordfile":[{"path":"audios\/wordfile-621887517eda6.wav","mime":"audio\/x-wav","copyright":{"license":"U"}}]},{"text":" her ","startDuration":"4.3015","endDuration":"4.5158","wordfile":[{"path":"audios\/wordfile-6218879315755.wav","mime":"audio\/x-wav","copyright":{"license":"U"}}]},{"text":" doll. ","startDuration":"4.5168","endDuration":"5.1880","wordfile":[{"path":"audios\/wordfile-621887a2896bf.wav","mime":"audio\/x-wav","copyright":{"license":"U"}}]}]},"subContentId":"971d1293-7ca3-4244-a08f-db5567de416c","metadata":{"contentType":"Curious Reader Audio","license":"U","title":"Untitled Curious Reader Audio"}},"backgroundOpacity":0,"willDoAnimation":false,"animationType":"glow","displayAsButton":false,"buttonSize":"big","goToSlideType":"specified","invisible":false}],"slideBackgroundSelector":{}},{"elements":[{"x":2.199074074074074,"y":29.680365296803654,"width":42.82407407407407,"height":58.9041095890411,"action":{"library":"H5P.CRAdvancedText 1.1","params":{"text":"<p style=\"text-align: center;\"><span style=\"color:#ffffff;\"><span style=\"font-size:2.25em;\">\u201cWhere is my doll?\u201d Abi asks the cat. . <\/span><\/span><\/p>\n"},"metadata":{"contentType":"Text","license":"U","title":"Untitled Text"},"subContentId":"229ba25d-b30b-40cb-bfac-8a31bb24d824"},"alwaysDisplayComments":false,"backgroundOpacity":0,"willDoAnimation":false,"animationType":"glow","displayAsButton":false,"buttonSize":"big","goToSlideType":"specified","invisible":false,"solution":""},{"x":45.138888888888886,"y":18.264840182648403,"width":48.61111111111111,"height":69.40639269406392,"action":{"library":"H5P.Image 1.1","params":{"contentName":"Image","file":{"path":"images\/file-61ef411337e88.jpeg","mime":"image\/jpeg","copyright":{"license":"U"},"width":1472,"height":1024}},"metadata":{"contentType":"Image","license":"U","title":"Untitled Image"},"subContentId":"f32b08ee-32fd-43c8-99a7-56cf6b1682cb"},"backgroundOpacity":0,"willDoAnimation":false,"animationType":"glow","displayAsButton":false,"buttonSize":"big","goToSlideType":"specified","invisible":false},{"x":54.398148148148145,"y":47.945205479452056,"width":13.333333333333332,"height":32.922374429223744,"action":{"library":"H5P.Image 1.1","params":{"contentName":"Image"},"metadata":{"contentType":"Image","license":"U","title":"Untitled Image"},"subContentId":"25437c22-13b3-4971-9916-68c65e82567c"},"backgroundOpacity":0,"willDoAnimation":true,"animationType":"glow","displayAsButton":false,"buttonSize":"big","goToSlideType":"specified","invisible":false,"id":"img55ec70b0-d5ff-45bb-8329-b5d8026c3159_7"},{"x":68.28703703703704,"y":31.963470319634705,"width":19.004629629629626,"height":40,"action":{"library":"H5P.Image 1.1","params":{"contentName":"Image"},"metadata":{"contentType":"Image","license":"U","title":"Untitled Image"},"subContentId":"28ba2374-76db-4435-8b7b-294738e1d0eb"},"backgroundOpacity":0,"willDoAnimation":true,"animationType":"glow","displayAsButton":false,"buttonSize":"big","goToSlideType":"specified","invisible":false,"id":"img55ec70b0-d5ff-45bb-8329-b5d8026c3159_4"},{"x":46.99074074074074,"y":43.949771689497716,"width":40,"height":40,"action":{"library":"H5P.CRAudio 1.4","params":{"fitToWrapper":true,"currIndex":10,"playerMode":"minimalistic","controls":true,"autoplay":true,"playAudio":"Play audio","pauseAudio":"Pause audio","contentName":"Audio","glowColor":"#00fcff","files":[{"path":"audios\/files-61f2fed0524d3.wav","mime":"audio\/x-wav","copyright":{"license":"U"}}],"timeStampForEachText":[{"text":" \u201cWhere ","startDuration":"0.0000","endDuration":"0.4112","wordfile":[{"path":"audios\/wordfile-61f2ff0045c32.wav","mime":"audio\/x-wav","copyright":{"license":"U"}}]},{"text":" is ","startDuration":"0.4112","endDuration":"0.6568","wordfile":[{"path":"audios\/wordfile-61f2ff1832fc4.wav","mime":"audio\/x-wav","copyright":{"license":"U"}}]},{"text":" my ","startDuration":"0.6568","endDuration":"0.9603","wordfile":[{"path":"audios\/wordfile-61f2ff3491ab7.wav","mime":"audio\/x-wav","copyright":{"license":"U"}}]},{"text":" doll?\u201d ","startDuration":"0.9603","endDuration":"1.5662","wordfile":[{"path":"audios\/wordfile-61f2ff504d685.wav","mime":"audio\/x-wav","copyright":{"license":"U"}}]},{"text":" Abi ","startDuration":"1.5662","endDuration":"2.0561","wordfile":[{"path":"audios\/wordfile-61f2ff6e03c90.wav","mime":"audio\/x-wav","copyright":{"license":"U"}}]},{"text":" asks ","startDuration":"2.0561","endDuration":"2.5750","wordfile":[{"path":"audios\/wordfile-61f2ff927fe7d.wav","mime":"audio\/x-wav","copyright":{"license":"U"}}]},{"text":" the ","startDuration":"2.5750","endDuration":"2.7212","wordfile":[{"path":"audios\/wordfile-61f2ffa863f89.wav","mime":"audio\/x-wav","copyright":{"license":"U"}}]},{"text":" cat. ","startDuration":"2.7212","endDuration":"3.4047","wordfile":[{"path":"audios\/wordfile-61f2ffc04aabe.wav","mime":"audio\/x-wav","copyright":{"license":"U"}}]}]},"subContentId":"55ec70b0-d5ff-45bb-8329-b5d8026c3159","metadata":{"contentType":"Curious Reader Audio","license":"U","title":"Untitled Curious Reader Audio"}},"backgroundOpacity":0,"willDoAnimation":false,"animationType":"glow","displayAsButton":false,"buttonSize":"big","goToSlideType":"specified","invisible":false}],"slideBackgroundSelector":{}},{"elements":[{"x":15.046296296296296,"y":81.5068493150685,"width":70.13888888888889,"height":16.894977168949772,"action":{"library":"H5P.CRAdvancedText 1.1","params":{"text":"<p style=\"text-align: center;\"><span style=\"color:#ffffff;\"><span style=\"font-size:2.25em;\">\u201cMeow,\u201d says the cat.<\/span><\/span><\/p>\n"},"metadata":{"contentType":"Text","license":"U","title":"Untitled Text"},"subContentId":"e642f554-1d3c-4ef1-8540-53915c20ee47"},"alwaysDisplayComments":false,"backgroundOpacity":0,"willDoAnimation":false,"animationType":"glow","displayAsButton":false,"buttonSize":"big","goToSlideType":"specified","invisible":false,"solution":""},{"x":25.423958333333335,"y":9.118150684931507,"width":49.65277777777777,"height":69.63470319634703,"action":{"library":"H5P.Image 1.1","params":{"contentName":"Image","file":{"path":"images\/file-61ef41647463b.jpeg","mime":"image\/jpeg","copyright":{"license":"U"},"width":1472,"height":1024}},"metadata":{"contentType":"Image","license":"U","title":"Untitled Image"},"subContentId":"4796a448-f78a-4fda-adbb-2b5c9c452f7d"},"backgroundOpacity":0,"willDoAnimation":false,"animationType":"glow","displayAsButton":false,"buttonSize":"big","goToSlideType":"specified","invisible":false},{"x":40.50925925925926,"y":52.51141552511416,"width":19.120370370370367,"height":20.82191780821918,"action":{"library":"H5P.Image 1.1","params":{"contentName":"Image"},"metadata":{"contentType":"Image","license":"U","title":"Untitled Image"},"subContentId":"54d10ff6-1614-44f5-b3be-d4ed01b92b8a"},"backgroundOpacity":0,"willDoAnimation":true,"animationType":"glow","displayAsButton":false,"buttonSize":"big","goToSlideType":"specified","invisible":false,"id":"img1c17f027-a48c-4295-a2ed-3a8e2f5972fc_3"},{"x":46.99074074074074,"y":43.949771689497716,"width":40,"height":40,"action":{"library":"H5P.CRAudio 1.4","params":{"fitToWrapper":true,"currIndex":11,"playerMode":"minimalistic","controls":true,"autoplay":true,"playAudio":"Play audio","pauseAudio":"Pause audio","contentName":"Audio","glowColor":"#00fcff","files":[{"path":"audios\/files-61f3004ce30e7.wav","mime":"audio\/x-wav","copyright":{"license":"U"}}],"timeStampForEachText":[{"text":" \u201cMeow,\u201d ","startDuration":"0.3763","endDuration":"1.3573","wordfile":[{"path":"audios\/wordfile-61f30164e24f4.wav","mime":"audio\/x-wav","copyright":{"license":"U"}}]},{"text":" says ","startDuration":"1.3573","endDuration":"1.8448","wordfile":[{"path":"audios\/wordfile-61f3018392cb6.wav","mime":"audio\/x-wav","copyright":{"license":"U"}}]},{"text":" the ","startDuration":"1.8413","endDuration":"1.9667","wordfile":[{"path":"audios\/wordfile-61f301a466664.wav","mime":"audio\/x-wav","copyright":{"license":"U"}}]},{"text":" cat. ","startDuration":"1.9667","endDuration":"2.7595","wordfile":[{"path":"audios\/wordfile-61f301bd68485.wav","mime":"audio\/x-wav","copyright":{"license":"U"}}]}]},"subContentId":"1c17f027-a48c-4295-a2ed-3a8e2f5972fc","metadata":{"contentType":"Curious Reader Audio","license":"U","title":"Untitled Curious Reader Audio"}},"backgroundOpacity":0,"willDoAnimation":false,"animationType":"glow","displayAsButton":false,"buttonSize":"big","goToSlideType":"specified","invisible":false}],"slideBackgroundSelector":{}},{"elements":[{"x":1.0416666666666665,"y":82.19178082191782,"width":98.84259259259258,"height":15.981735159817353,"action":{"library":"H5P.CRAdvancedText 1.1","params":{"text":"<p style=\"text-align: center;\"><span style=\"color:#ffffff;\"><span style=\"font-size:2.25em;\">\u201cWhere is my doll?\u201d Abi asks the hen. <\/span><\/span><\/p>\n"},"metadata":{"contentType":"Text","license":"U","title":"Untitled Text"},"subContentId":"40213a47-ce8b-4b05-81f4-9f9fd6a40547"},"alwaysDisplayComments":false,"backgroundOpacity":0,"willDoAnimation":false,"animationType":"glow","displayAsButton":false,"buttonSize":"big","goToSlideType":"specified","invisible":false,"solution":""},{"x":23.61111111111111,"y":11.415525114155251,"width":51.388888888888886,"height":69.63470319634703,"action":{"library":"H5P.Image 1.1","params":{"contentName":"Image","file":{"path":"images\/file-61ef4227352f2.jpeg","mime":"image\/jpeg","copyright":{"license":"U"},"width":1472,"height":1024}},"metadata":{"contentType":"Image","license":"U","title":"Untitled Image"},"subContentId":"de10e6aa-09fa-4044-8a41-49f05b0066a0"},"backgroundOpacity":0,"willDoAnimation":false,"animationType":"glow","displayAsButton":false,"buttonSize":"big","goToSlideType":"specified","invisible":false},{"x":27.777777777777775,"y":50.22831050228311,"width":10.902777777777777,"height":21.506849315068493,"action":{"library":"H5P.Image 1.1","params":{"contentName":"Image"},"metadata":{"contentType":"Image","license":"U","title":"Untitled Image"},"subContentId":"18725853-86e5-41ee-8a8a-23e2f8380b2c"},"backgroundOpacity":0,"willDoAnimation":true,"animationType":"glow","displayAsButton":false,"buttonSize":"big","goToSlideType":"specified","invisible":false,"id":"img800465c4-2c99-4cec-a41d-ad5e6a0dec44_7"},{"x":40.50925925925926,"y":27.397260273972602,"width":13.333333333333332,"height":53.6986301369863,"action":{"library":"H5P.Image 1.1","params":{"contentName":"Image"},"metadata":{"contentType":"Image","license":"U","title":"Untitled Image"},"subContentId":"52d4a57d-fc17-4482-94db-19453726b62b"},"backgroundOpacity":0,"willDoAnimation":true,"animationType":"glow","displayAsButton":false,"buttonSize":"big","goToSlideType":"specified","invisible":false,"id":"img800465c4-2c99-4cec-a41d-ad5e6a0dec44_4"},{"x":46.99074074074074,"y":43.949771689497716,"width":40,"height":40,"action":{"library":"H5P.CRAudio 1.4","params":{"fitToWrapper":true,"currIndex":12,"playerMode":"minimalistic","controls":true,"autoplay":true,"playAudio":"Play audio","pauseAudio":"Pause audio","contentName":"Audio","glowColor":"#00fcff","files":[{"path":"audios\/files-61f30287de6cd.wav","mime":"audio\/x-wav","copyright":{"license":"U"}}],"timeStampForEachText":[{"text":" \u201cWhere ","startDuration":"0.1991","endDuration":"0.8019","wordfile":[{"path":"audios\/wordfile-61f302e6c6b3e.wav","mime":"audio\/x-wav","copyright":{"license":"U"}}]},{"text":" is ","startDuration":"0.8019","endDuration":"1.0967","wordfile":[{"path":"audios\/wordfile-61f303185e69e.wav","mime":"audio\/x-wav","copyright":{"license":"U"}}]},{"text":" my ","startDuration":"1.0967","endDuration":"1.4294","wordfile":[{"path":"audios\/wordfile-61f30331925b0.wav","mime":"audio\/x-wav","copyright":{"license":"U"}}]},{"text":" doll?\u201d ","startDuration":"1.4294","endDuration":"2.0797","wordfile":[{"path":"audios\/wordfile-61f3034e61391.wav","mime":"audio\/x-wav","copyright":{"license":"U"}}]},{"text":" Abi ","startDuration":"2.0797","endDuration":"2.5404","wordfile":[{"path":"audios\/wordfile-61f3036e5be8f.wav","mime":"audio\/x-wav","copyright":{"license":"U"}}]},{"text":" asks ","startDuration":"2.5404","endDuration":"3.0627","wordfile":[{"path":"audios\/wordfile-61f3039706b0b.wav","mime":"audio\/x-wav","copyright":{"license":"U"}}]},{"text":" the ","startDuration":"3.0627","endDuration":"3.2627","wordfile":[{"path":"audios\/wordfile-61f303afc584d.wav","mime":"audio\/x-wav","copyright":{"license":"U"}}]},{"text":" hen. ","startDuration":"3.2627","endDuration":"3.7613","wordfile":[{"path":"audios\/wordfile-61f303cf5a2c6.wav","mime":"audio\/x-wav","copyright":{"license":"U"}}]}]},"subContentId":"800465c4-2c99-4cec-a41d-ad5e6a0dec44","metadata":{"contentType":"Curious Reader Audio","license":"U","title":"Untitled Curious Reader Audio"}},"backgroundOpacity":0,"willDoAnimation":false,"animationType":"glow","displayAsButton":false,"buttonSize":"big","goToSlideType":"specified","invisible":false}],"slideBackgroundSelector":{}},{"elements":[{"x":15.031828703703704,"y":79.79748858447489,"width":69.9074074074074,"height":17.808219178082194,"action":{"library":"H5P.CRAdvancedText 1.1","params":{"text":"<p style=\"text-align: center;\"><span style=\"color:#ffffff;\"><span style=\"font-size:2.25em;\">\u201cKu-ku-ku,\u201d says the hen.<\/span><\/span><\/p>\n"},"metadata":{"contentType":"Text","license":"U","title":"Untitled Text"},"subContentId":"c51dcd9e-7edb-4e3f-a732-eb83171f9f84"},"alwaysDisplayComments":false,"backgroundOpacity":0,"willDoAnimation":false,"animationType":"glow","displayAsButton":false,"buttonSize":"big","goToSlideType":"specified","invisible":false,"solution":""},{"x":26.041666666666664,"y":9.817351598173516,"width":46.875,"height":68.4931506849315,"action":{"library":"H5P.Image 1.1","params":{"contentName":"Image","file":{"path":"images\/file-61ef428f3c6ba.jpeg","mime":"image\/jpeg","copyright":{"license":"U"},"width":1472,"height":1024}},"metadata":{"contentType":"Image","license":"U","title":"Untitled Image"},"subContentId":"a552ad47-969f-4430-a0e3-0cecf80ed29d"},"backgroundOpacity":0,"willDoAnimation":false,"animationType":"glow","displayAsButton":false,"buttonSize":"big","goToSlideType":"specified","invisible":false},{"x":53.24074074074074,"y":43.37899543378995,"width":8.703703703703704,"height":19.45205479452055,"action":{"library":"H5P.Image 1.1","params":{"contentName":"Image"},"metadata":{"contentType":"Image","license":"U","title":"Untitled Image"},"subContentId":"bc102b3d-ee01-446e-ba4d-e463ecf2a104"},"backgroundOpacity":0,"willDoAnimation":true,"animationType":"glow","displayAsButton":false,"buttonSize":"big","goToSlideType":"specified","invisible":false,"id":"imgdd50af34-2219-4850-9782-93fb6bb15363_3"},{"x":46.99074074074074,"y":43.949771689497716,"width":40,"height":40,"action":{"library":"H5P.CRAudio 1.4","params":{"fitToWrapper":true,"currIndex":13,"playerMode":"minimalistic","controls":true,"autoplay":true,"playAudio":"Play audio","pauseAudio":"Pause audio","contentName":"Audio","glowColor":"#00fcff","files":[{"path":"audios\/files-61f3053f3dfb3.wav","mime":"audio\/x-wav","copyright":{"license":"U"}}],"timeStampForEachText":[{"text":" \u201cKukuku,\u201d ","startDuration":"0.1053","endDuration":"1.5894","wordfile":[{"path":"audios\/wordfile-61f30575c884c.wav","mime":"audio\/x-wav","copyright":{"license":"U"}}]},{"text":" says ","startDuration":"1.5894","endDuration":"2.0841","wordfile":[{"path":"audios\/wordfile-61f3058b864f9.wav","mime":"audio\/x-wav","copyright":{"license":"U"}}]},{"text":" the ","startDuration":"2.0841","endDuration":"2.2701","wordfile":[{"path":"audios\/wordfile-61f305a8718a5.wav","mime":"audio\/x-wav","copyright":{"license":"U"}}]},{"text":" hen. ","startDuration":"2.2701","endDuration":"2.8840","wordfile":[{"path":"audios\/wordfile-61f305c499c48.wav","mime":"audio\/x-wav","copyright":{"license":"U"}}]}]},"subContentId":"dd50af34-2219-4850-9782-93fb6bb15363","metadata":{"contentType":"Curious Reader Audio","license":"U","title":"Untitled Curious Reader Audio"}},"backgroundOpacity":0,"willDoAnimation":false,"animationType":"glow","displayAsButton":false,"buttonSize":"big","goToSlideType":"specified","invisible":false}],"slideBackgroundSelector":{}},{"elements":[{"x":0,"y":79.68607305936072,"width":99.53703703703702,"height":17.35159817351598,"action":{"library":"H5P.CRAdvancedText 1.1","params":{"text":"<p style=\"text-align: center;\"><span style=\"color:#ffffff;\"><span style=\"font-size:2.25em;\">\u201cWhere is my doll?\u201d Abi asks the dog.<\/span><\/span><\/p>\n"},"metadata":{"contentType":"Text","license":"U","title":"Untitled Text"},"subContentId":"3d060cab-0ec0-44ca-bd10-fb49cb8dbbdd"},"alwaysDisplayComments":false,"backgroundOpacity":0,"willDoAnimation":false,"animationType":"glow","displayAsButton":false,"buttonSize":"big","goToSlideType":"specified","invisible":false,"solution":""},{"x":25.462962962962962,"y":9.132420091324201,"width":48.61111111111111,"height":67.8082191780822,"action":{"library":"H5P.Image 1.1","params":{"contentName":"Image","file":{"path":"images\/file-61ef430c0d077.jpeg","mime":"image\/jpeg","copyright":{"license":"U"},"width":1472,"height":1024}},"metadata":{"contentType":"Image","license":"U","title":"Untitled Image"},"subContentId":"42f44229-0dac-467c-b39f-55a14f954207"},"backgroundOpacity":0,"willDoAnimation":false,"animationType":"glow","displayAsButton":false,"buttonSize":"big","goToSlideType":"specified","invisible":false},{"x":33.56481481481481,"y":36.529680365296805,"width":17.962962962962962,"height":37.71689497716895,"action":{"library":"H5P.Image 1.1","params":{"contentName":"Image"},"metadata":{"contentType":"Image","license":"U","title":"Untitled Image"},"subContentId":"c0971d35-ea9f-4a48-9d14-a017e74c6337"},"backgroundOpacity":0,"willDoAnimation":true,"animationType":"glow","displayAsButton":false,"buttonSize":"big","goToSlideType":"specified","invisible":false,"id":"img241d8807-00da-41a1-beae-31cfdb109cff_7"},{"x":47.4537037037037,"y":25.114155251141554,"width":13.333333333333332,"height":44.566210045662096,"action":{"library":"H5P.Image 1.1","params":{"contentName":"Image"},"metadata":{"contentType":"Image","license":"U","title":"Untitled Image"},"subContentId":"123c02a9-0ae3-463b-b9b8-42c91ee504ef"},"backgroundOpacity":0,"willDoAnimation":true,"animationType":"glow","displayAsButton":false,"buttonSize":"big","goToSlideType":"specified","invisible":false,"id":"img241d8807-00da-41a1-beae-31cfdb109cff_4"},{"x":46.99074074074074,"y":43.949771689497716,"width":40,"height":40,"action":{"library":"H5P.CRAudio 1.4","params":{"fitToWrapper":true,"currIndex":14,"playerMode":"minimalistic","controls":true,"autoplay":true,"playAudio":"Play audio","pauseAudio":"Pause audio","contentName":"Audio","glowColor":"#00fcff","files":[{"path":"audios\/files-61f305fb5a26b.wav","mime":"audio\/x-wav","copyright":{"license":"U"}}],"timeStampForEachText":[{"text":" \u201cWhere ","startDuration":"0.2319","endDuration":"0.8617","wordfile":[{"path":"audios\/wordfile-61f30628ddcc1.wav","mime":"audio\/x-wav","copyright":{"license":"U"}}]},{"text":" is ","startDuration":"0.8617","endDuration":"1.1197","wordfile":[{"path":"audios\/wordfile-61f3064ad5b42.wav","mime":"audio\/x-wav","copyright":{"license":"U"}}]},{"text":" my ","startDuration":"1.1197","endDuration":"1.4405","wordfile":[{"path":"audios\/wordfile-61f30663ee0c6.wav","mime":"audio\/x-wav","copyright":{"license":"U"}}]},{"text":" doll?\u201d ","startDuration":"1.4405","endDuration":"2.0801","wordfile":[{"path":"audios\/wordfile-61f3067b9f4d2.wav","mime":"audio\/x-wav","copyright":{"license":"U"}}]},{"text":" Abi ","startDuration":"2.0801","endDuration":"2.5168","wordfile":[{"path":"audios\/wordfile-61f3069787a85.wav","mime":"audio\/x-wav","copyright":{"license":"U"}}]},{"text":" asks ","startDuration":"2.5168","endDuration":"3.0066","wordfile":[{"path":"audios\/wordfile-61f306ae22783.wav","mime":"audio\/x-wav","copyright":{"license":"U"}}]},{"text":" the ","startDuration":"3.0066","endDuration":"3.1776","wordfile":[{"path":"audios\/wordfile-61f306c520da5.wav","mime":"audio\/x-wav","copyright":{"license":"U"}}]},{"text":" dog. ","startDuration":"3.1776","endDuration":"3.9705","wordfile":[{"path":"audios\/wordfile-61f306d980e94.wav","mime":"audio\/x-wav","copyright":{"license":"U"}}]}]},"subContentId":"241d8807-00da-41a1-beae-31cfdb109cff","metadata":{"contentType":"Curious Reader Audio","license":"U","title":"Untitled Curious Reader Audio"}},"backgroundOpacity":0,"willDoAnimation":false,"animationType":"glow","displayAsButton":false,"buttonSize":"big","goToSlideType":"specified","invisible":false}],"slideBackgroundSelector":{}},{"elements":[{"x":2.7777777777777777,"y":25.114155251141554,"width":42.82407407407407,"height":63.92694063926941,"action":{"library":"H5P.CRAdvancedText 1.1","params":{"text":"<p style=\"text-align: center;\"><span style=\"color:#ffffff;\"><span style=\"font-size:2.25em;\">&nbsp;\u201cBow wow wow\u201d says the dog. The dog found the doll.<\/span><\/span><\/p>\n"},"metadata":{"contentType":"Text","license":"U","title":"Untitled Text"},"subContentId":"b511544d-a0ee-4774-9583-6fd785fe3f4e"},"alwaysDisplayComments":false,"backgroundOpacity":0,"willDoAnimation":false,"animationType":"glow","displayAsButton":false,"buttonSize":"big","goToSlideType":"specified","invisible":false,"solution":""},{"x":46.29629629629629,"y":18.264840182648403,"width":48.61111111111111,"height":68.94977168949772,"action":{"library":"H5P.Image 1.1","params":{"contentName":"Image","file":{"path":"images\/file-61ef4ba5e2239.jpeg","mime":"image\/jpeg","copyright":{"license":"U"},"width":1472,"height":1024}},"metadata":{"contentType":"Image","license":"U","title":"Untitled Image"},"subContentId":"b63dec76-841b-495d-9c50-72b9a12cd00c"},"backgroundOpacity":0,"willDoAnimation":false,"animationType":"glow","displayAsButton":false,"buttonSize":"big","goToSlideType":"specified","invisible":false},{"x":76.1574074074074,"y":57.077625570776256,"width":7.546296296296296,"height":19.680365296803654,"action":{"library":"H5P.Image 1.1","params":{"contentName":"Image"},"metadata":{"contentType":"Image","license":"U","title":"Untitled Image"},"subContentId":"b71aef14-dc29-489b-932e-191754e4c333"},"backgroundOpacity":0,"willDoAnimation":true,"animationType":"glow","displayAsButton":false,"buttonSize":"big","goToSlideType":"specified","invisible":false,"id":"img7483b026-cf05-4293-8f33-32ca5fd9c19a_10"},{"x":46.99074074074074,"y":43.949771689497716,"width":40,"height":40,"action":{"library":"H5P.CRAudio 1.4","params":{"fitToWrapper":true,"currIndex":15,"playerMode":"minimalistic","controls":true,"autoplay":true,"playAudio":"Play audio","pauseAudio":"Pause audio","contentName":"Audio","glowColor":"#00fcff","files":[{"path":"audios\/files-61f3072c1aad5.wav","mime":"audio\/x-wav","copyright":{"license":"U"}}],"timeStampForEachText":[{"text":" \u00a0\u201cBow ","startDuration":"0.2596","endDuration":"0.9284","wordfile":[{"path":"audios\/wordfile-61f30786e4053.wav","mime":"audio\/x-wav","copyright":{"license":"U"}}]},{"text":" wow ","startDuration":"0.9284","endDuration":"1.3376","wordfile":[{"path":"audios\/wordfile-61f30797d9f10.wav","mime":"audio\/x-wav","copyright":{"license":"U"}}]},{"text":" wow\u201d ","startDuration":"1.3376","endDuration":"1.8622","wordfile":[{"path":"audios\/wordfile-61f307ade4e05.wav","mime":"audio\/x-wav","copyright":{"license":"U"}}]},{"text":" says ","startDuration":"1.8622","endDuration":"2.2858","wordfile":[{"path":"audios\/wordfile-61f307d189ab6.wav","mime":"audio\/x-wav","copyright":{"license":"U"}}]},{"text":" the ","startDuration":"2.2858","endDuration":"2.4642","wordfile":[{"path":"audios\/wordfile-61f307efcd17f.wav","mime":"audio\/x-wav","copyright":{"license":"U"}}]},{"text":" dog. ","startDuration":"2.4642","endDuration":"3.1546","wordfile":[{"path":"audios\/wordfile-61f3080b62ffb.wav","mime":"audio\/x-wav","copyright":{"license":"U"}}]},{"text":" The ","startDuration":"3.2772","endDuration":"3.6503","wordfile":[{"path":"audios\/wordfile-61f308276afee.wav","mime":"audio\/x-wav","copyright":{"license":"U"}}]},{"text":" dog ","startDuration":"3.6503","endDuration":"4.1749","wordfile":[{"path":"audios\/wordfile-61f3083eae873.wav","mime":"audio\/x-wav","copyright":{"license":"U"}}]},{"text":" found ","startDuration":"4.1749","endDuration":"4.6345","wordfile":[{"path":"audios\/wordfile-61f30851b3aa1.wav","mime":"audio\/x-wav","copyright":{"license":"U"}}]},{"text":" the ","startDuration":"4.6345","endDuration":"4.8345","wordfile":[{"path":"audios\/wordfile-61f30865de2fe.wav","mime":"audio\/x-wav","copyright":{"license":"U"}}]},{"text":" doll. ","startDuration":"4.8345","endDuration":"5.8711","wordfile":[{"path":"audios\/wordfile-61f3087a536d8.wav","mime":"audio\/x-wav","copyright":{"license":"U"}}]}]},"subContentId":"7483b026-cf05-4293-8f33-32ca5fd9c19a","metadata":{"contentType":"Curious Reader Audio","license":"U","title":"Untitled Curious Reader Audio"}},"backgroundOpacity":0,"willDoAnimation":false,"animationType":"glow","displayAsButton":false,"buttonSize":"big","goToSlideType":"specified","invisible":false},{"x":47.68518518518518,"y":57.305936073059364,"width":20.046296296296294,"height":24.01826484018265,"action":{"library":"H5P.Image 1.1","params":{"contentName":"Image"},"subContentId":"1998ba7e-8fd4-4360-8549-6f0c805ddf58","metadata":{"contentType":"Image","license":"U","title":"Untitled Image"}},"backgroundOpacity":0,"willDoAnimation":true,"animationType":"glow","displayAsButton":false,"buttonSize":"big","goToSlideType":"specified","invisible":false,"id":"img7483b026-cf05-4293-8f33-32ca5fd9c19a_5"}],"slideBackgroundSelector":{}},{"elements":[{"x":68.87755102040816,"y":5.037783375314861,"width":25.510204081632654,"height":10.327455919395465,"action":{"library":"H5P.Image 1.1","params":{"contentName":"Image","file":{"path":"images\/file-61fb28cb969ac.jpg","mime":"image\/jpeg","copyright":{"license":"U"},"width":1732,"height":354}},"metadata":{"contentType":"Image","license":"U","title":"Untitled Image"},"subContentId":"3ddcf391-a7ca-490e-afe3-7c9f9649c085"},"backgroundOpacity":0,"willDoAnimation":false,"animationType":"glow","displayAsButton":false,"buttonSize":"big","goToSlideType":"specified","invisible":false},{"x":36.98979591836735,"y":5.037783375314861,"width":22.95918367346939,"height":12.594458438287154,"action":{"library":"H5P.Image 1.1","params":{"contentName":"Image","file":{"path":"images\/file-61fb29a5596cb.png","mime":"image\/png","copyright":{"license":"U"},"width":814,"height":202}},"metadata":{"contentType":"Image","license":"U","title":"Untitled Image"},"subContentId":"c8bfa72b-e3a6-48a9-8831-366d1c8703eb"},"backgroundOpacity":0,"willDoAnimation":false,"animationType":"glow","displayAsButton":false,"buttonSize":"big","goToSlideType":"specified","invisible":false},{"x":3.826530612244898,"y":5.0338539042821155,"width":17.857142857142858,"height":12.846347607052897,"action":{"library":"H5P.Image 1.1","params":{"contentName":"Image","file":{"path":"images\/file-61fb296cf2c04.png","mime":"image\/png","copyright":{"license":"U"},"width":1350,"height":487}},"metadata":{"contentType":"Image","license":"U","title":"Untitled Image"},"subContentId":"ef1eb10b-04f4-45a7-9ac9-d816e125fb29"},"backgroundOpacity":0,"willDoAnimation":false,"animationType":"glow","displayAsButton":false,"buttonSize":"big","goToSlideType":"specified","invisible":false},{"x":6.535,"y":25.181057934508814,"width":86.86224489795919,"height":70.27707808564232,"action":{"library":"H5P.CRAdvancedText 1.1","params":{"text":"<h3 style=\"text-align: center;\"><span style=\"font-size:0.75em;\"><strong>\"The Lost Doll\" credits<\/strong><\/span><\/h3>\n\n<h3 style=\"text-align: center;\"><span style=\"font-size:0.75em;\">This work, \"The Lost Doll\", is a derivative of \"The Lost Doll\" as translated by Alisha Berger and used under CC BY. The \u00a9 for this translation lies with Room to Read, 2015.&nbsp;\"The Lost Doll\" is based on the original story:&nbsp;'Umdoli Lolahlekile', by Moleboge Shibboleth Poho. \u00a9 Room to Read, 2015.<\/span><\/h3>\n\n<h3 style=\"text-align: center;\"><span style=\"font-size:0.75em;\">This work, \"The Lost Doll\" is licensed under CC BY 4.0 by Curious Learning.<\/span><\/h3>\n\n<h3 style=\"text-align: center;\"><br>\n<span style=\"font-size:0.75em;\">Book builder - Deborah Oduman<\/span><\/h3>\n\n<p style=\"text-align: center;\">&nbsp;<\/p>\n"},"metadata":{"contentType":"Text","license":"U","title":"Untitled Text"},"subContentId":"816d08a5-61c7-4cb6-bd45-d127b486d869"},"alwaysDisplayComments":false,"backgroundOpacity":0,"willDoAnimation":false,"animationType":"glow","displayAsButton":false,"buttonSize":"big","goToSlideType":"specified","invisible":false,"solution":""}],"slideBackgroundSelector":{}}],"keywordListEnabled":true,"globalBackgroundSelector":{},"keywordListAlwaysShow":false,"keywordListAutoHide":false,"keywordListOpacity":90},"override":{"activeSurface":false,"hideSummarySlide":false,"summarySlideSolutionButton":true,"summarySlideRetryButton":true,"enablePrintButton":false,"social":{"showFacebookShare":false,"facebookShare":{"url":"@currentpageurl","quote":"I scored @score out of @maxScore on a task at @currentpageurl."},"showTwitterShare":false,"twitterShare":{"statement":"I scored @score out of @maxScore on a task at @currentpageurl.","url":"@currentpageurl","hashtags":"h5p, course"},"showGoogleShare":false,"googleShareUrl":"@currentpageurl"}},"l10n":{"slide":"Slide","score":"Score","yourScore":"Your Score","maxScore":"Max Score","total":"Total","totalScore":"Total Score","showSolutions":"Show solutions","retry":"Retry","exportAnswers":"Export text","hideKeywords":"Hide sidebar navigation menu","showKeywords":"Show sidebar navigation menu","fullscreen":"Fullscreen","exitFullscreen":"Exit fullscreen","prevSlide":"Previous slide","nextSlide":"Next slide","currentSlide":"Current slide","lastSlide":"Last slide","solutionModeTitle":"Exit solution mode","solutionModeText":"Solution Mode","summaryMultipleTaskText":"Multiple tasks","scoreMessage":"You achieved:","shareFacebook":"Share on Facebook","shareTwitter":"Share on Twitter","shareGoogle":"Share on Google+","summary":"Summary","solutionsButtonTitle":"Show comments","printTitle":"Print","printIngress":"How would you like to print this presentation?","printAllSlides":"Print all slides","printCurrentSlide":"Print current slide","noTitle":"No title","accessibilitySlideNavigationExplanation":"Use left and right arrow to change slide in that direction whenever canvas is selected.","accessibilityCanvasLabel":"Presentation canvas. Use left and right arrow to move between slides.","containsNotCompleted":"@slideName contains not completed interaction","containsCompleted":"@slideName contains completed interaction","slideCount":"Slide @index of @total","containsOnlyCorrect":"@slideName only has correct answers","containsIncorrectAnswers":"@slideName has incorrect answers","shareResult":"Share Result","accessibilityTotalScore":"You got @score of @maxScore points in total","accessibilityEnteredFullscreen":"Entered fullscreen","accessibilityExitedFullscreen":"Exited fullscreen"}}