{"presentation":{"slides":[{"elements":[{"x":17.429193899782135,"y":8.620689655172415,"width":68.84531590413944,"height":68.96551724137932,"action":{"library":"H5P.Image 1.1","params":{"contentName":"Image","file":{"path":"images\/file-620d8a2cc3689.jpg","mime":"image\/jpeg","copyright":{"license":"U"},"width":959,"height":459}},"metadata":{"contentType":"Image","license":"U","title":"Untitled Image"},"subContentId":"e3b59ba2-3660-4937-9e57-1a84d4a9288f"},"backgroundOpacity":0,"willDoAnimation":false,"animationType":"glow","displayAsButton":false,"buttonSize":"big","goToSlideType":"specified","invisible":false},{"x":7.653061224489796,"y":80.53954659949622,"width":84.18367346938776,"height":18.387909319899244,"action":{"library":"H5P.CRAdvancedText 1.1","params":{"text":"<h2 style=\"text-align: center;\"><span style=\"font-size:2.25em;\">Ubude nobufushane.<\/span><\/h2>\n"},"metadata":{"contentType":"Text","license":"U","title":"Untitled Text"},"subContentId":"42a27549-400d-40e1-8a3f-637c9bb8f8e3"},"alwaysDisplayComments":false,"backgroundOpacity":0,"willDoAnimation":false,"animationType":"glow","displayAsButton":false,"buttonSize":"big","goToSlideType":"specified","invisible":false,"solution":""}],"slideBackgroundSelector":{}},{"elements":[{"x":16.33986928104575,"y":4.310344827586207,"width":33.769063180827885,"height":92.67241379310346,"action":{"library":"H5P.Image 1.1","params":{"contentName":"Image","file":{"path":"images\/file-620d8a6738172.jpg","mime":"image\/jpeg","copyright":{"license":"U"},"width":639,"height":918}},"metadata":{"contentType":"Image","license":"U","title":"Untitled Image"},"subContentId":"86bc88c5-2cdb-451e-a5b4-6abe821a6812"},"backgroundOpacity":0,"willDoAnimation":false,"animationType":"glow","displayAsButton":false,"buttonSize":"big","goToSlideType":"specified","invisible":false},{"x":49.744897959183675,"y":32.7455919395466,"width":47.44897959183673,"height":47.60705289672544,"action":{"library":"H5P.CRAdvancedText 1.1","params":{"text":"<p style=\"text-align: center;\"><span style=\"color:#ffffff;\"><span style=\"font-size:2.25em;\">Ubaba uthola isigqoko sami. <\/span><\/span><\/p>\n"},"metadata":{"contentType":"Text","license":"U","title":"Untitled Text"},"subContentId":"f4995bd1-cc12-4e69-bfb8-289b817b7c0d"},"alwaysDisplayComments":false,"backgroundOpacity":0,"willDoAnimation":false,"animationType":"glow","displayAsButton":false,"buttonSize":"big","goToSlideType":"specified","invisible":false,"solution":""},{"x":47.00255102040816,"y":43.95465994962216,"width":40,"height":40,"action":{"library":"H5P.CRAudio 1.4","params":{"fitToWrapper":true,"currIndex":1,"playerMode":"minimalistic","controls":true,"autoplay":true,"playAudio":"Play audio","pauseAudio":"Pause audio","contentName":"Audio","glowColor":"#ffd85a","timeStampForEachText":[{"text":" Ubaba ","startDuration":"0.0000","endDuration":"1.0429","wordfile":[{"path":"audios\/wordfile-65bd62f98778e.mp3","mime":"audio\/mpeg","copyright":{"license":"U"}}]},{"text":" uthola ","startDuration":"1.0439","endDuration":"1.6129","wordfile":[{"path":"audios\/wordfile-65bd630ab3758.mp3","mime":"audio\/mpeg","copyright":{"license":"U"}}]},{"text":" isigqoko ","startDuration":"1.6139","endDuration":"2.1284","wordfile":[{"path":"audios\/wordfile-65bd631e255ca.mp3","mime":"audio\/mpeg","copyright":{"license":"U"}}]},{"text":" sami. ","startDuration":"2.1294","endDuration":"2.8536","wordfile":[{"path":"audios\/wordfile-65bd632ce0c13.mp3","mime":"audio\/mpeg","copyright":{"license":"U"}}]}],"files":[{"path":"audios\/files-65bd62e266d9c.mp3","mime":"audio\/mpeg","copyright":{"license":"U"}}]},"subContentId":"bb72bb9f-d057-4020-b7c9-21dbf2c34e68","metadata":{"contentType":"Curious Reader Audio","license":"U","title":"Untitled Curious Reader Audio"}},"backgroundOpacity":0,"willDoAnimation":false,"animationType":"glow","displayAsButton":false,"buttonSize":"big","goToSlideType":"specified","invisible":false},{"x":17.857142857142858,"y":15.101536523929472,"width":14.923469387755102,"height":74.81108312342569,"action":{"library":"H5P.Image 1.1","params":{"contentName":"Image"},"subContentId":"da694518-af07-4286-b02e-1c0f7295e608","metadata":{"contentType":"Image","license":"U","title":"Untitled Image"}},"backgroundOpacity":0,"willDoAnimation":true,"animationType":"glow","displayAsButton":false,"buttonSize":"big","goToSlideType":"specified","invisible":false,"id":"imgbb72bb9f-d057-4020-b7c9-21dbf2c34e68_0"},{"x":31.887755102040817,"y":15.10942065491184,"width":13.64795918367347,"height":16.876574307304786,"action":{"library":"H5P.Image 1.1","params":{"contentName":"Image"},"subContentId":"48419f3c-0bd9-403f-9221-8ff433840610","metadata":{"contentType":"Image","license":"U","title":"Untitled Image"}},"backgroundOpacity":0,"willDoAnimation":true,"animationType":"glow","displayAsButton":false,"buttonSize":"big","goToSlideType":"specified","invisible":false,"id":"imgbb72bb9f-d057-4020-b7c9-21dbf2c34e68_2"},{"x":34.43775510204082,"y":52.855415617128465,"width":16.198979591836736,"height":40.050377833753146,"action":{"library":"H5P.Image 1.1","params":{"contentName":"Image"},"subContentId":"57a032af-215d-467a-95f7-8289e8b24e60","metadata":{"contentType":"Image","license":"U","title":"Untitled Image"}},"backgroundOpacity":0,"willDoAnimation":true,"animationType":"glow","displayAsButton":false,"buttonSize":"big","goToSlideType":"specified","invisible":false,"id":"imgbb72bb9f-d057-4020-b7c9-21dbf2c34e68_3"}],"slideBackgroundSelector":{}},{"elements":[{"x":13.64795918367347,"y":4.785894206549118,"width":35.83877995642702,"height":92.45689655172414,"action":{"library":"H5P.Image 1.1","params":{"contentName":"Image","file":{"path":"images\/file-620d8aa4e43d4.jpg","mime":"image\/jpeg","copyright":{"license":"U"},"width":639,"height":918}},"metadata":{"contentType":"Image","license":"U","title":"Untitled Image"},"subContentId":"3e74c6d2-b90c-43ec-9186-121956d1fe47"},"backgroundOpacity":0,"willDoAnimation":false,"animationType":"glow","displayAsButton":false,"buttonSize":"big","goToSlideType":"specified","invisible":false},{"x":51.02040816326531,"y":45.34005037783375,"width":43.62244897959184,"height":36.77581863979849,"action":{"library":"H5P.CRAdvancedText 1.1","params":{"text":"<p style=\"text-align: center;\"><span style=\"color:#ffffff;\"><span style=\"font-size:2.25em;\">Ubaba mude.<\/span><\/span><\/p>\n"},"metadata":{"contentType":"Text","license":"U","title":"Untitled Text"},"subContentId":"b7542dd4-189f-4b2d-952f-e85fda7b0c62"},"alwaysDisplayComments":false,"backgroundOpacity":0,"willDoAnimation":false,"animationType":"glow","displayAsButton":false,"buttonSize":"big","goToSlideType":"specified","invisible":false,"solution":""},{"x":47.00255102040816,"y":43.95465994962216,"width":40,"height":40,"action":{"library":"H5P.CRAudio 1.4","params":{"fitToWrapper":true,"currIndex":2,"playerMode":"minimalistic","controls":true,"autoplay":true,"playAudio":"Play audio","pauseAudio":"Pause audio","contentName":"Audio","glowColor":"#ffd85a","timeStampForEachText":[{"text":" Ubaba ","startDuration":"0.0000","endDuration":"0.9832","wordfile":[{"path":"audios\/wordfile-65bd638b16388.mp3","mime":"audio\/mpeg","copyright":{"license":"U"}}]},{"text":" mude. ","startDuration":"0.9842","endDuration":"1.8113","wordfile":[{"path":"audios\/wordfile-65bd63ab13946.mp3","mime":"audio\/mpeg","copyright":{"license":"U"}}]}],"files":[{"path":"audios\/files-65bd634d05469.mp3","mime":"audio\/mpeg","copyright":{"license":"U"}}]},"subContentId":"cee99d2d-7670-4a3e-abf1-95f6f57e574a","metadata":{"contentType":"Curious Reader Audio","license":"U","title":"Untitled Curious Reader Audio"}},"backgroundOpacity":0,"willDoAnimation":false,"animationType":"glow","displayAsButton":false,"buttonSize":"big","goToSlideType":"specified","invisible":false},{"x":15.306122448979592,"y":10.06375314861461,"width":18.75,"height":89.16876574307304,"action":{"library":"H5P.Image 1.1","params":{"contentName":"Image"},"subContentId":"61032734-5e6a-45c7-a95c-a699b8948b7d","metadata":{"contentType":"Image","license":"U","title":"Untitled Image"}},"backgroundOpacity":0,"willDoAnimation":true,"animationType":"glow","displayAsButton":false,"buttonSize":"big","goToSlideType":"specified","invisible":false,"id":"imgcee99d2d-7670-4a3e-abf1-95f6f57e574a_0"}],"slideBackgroundSelector":{}},{"elements":[{"x":11.982570806100219,"y":4.310344827586207,"width":37.03703703703704,"height":92.45689655172414,"action":{"library":"H5P.Image 1.1","params":{"contentName":"Image","file":{"path":"images\/file-620d8ad1200cf.jpg","mime":"image\/jpeg","copyright":{"license":"U"},"width":639,"height":918}},"metadata":{"contentType":"Image","license":"U","title":"Untitled Image"},"subContentId":"5320e841-c68d-4668-8597-5f7779b4b505"},"backgroundOpacity":0,"willDoAnimation":false,"animationType":"glow","displayAsButton":false,"buttonSize":"big","goToSlideType":"specified","invisible":false},{"x":47.19387755102041,"y":47.858942065491185,"width":47.5765306122449,"height":35.26448362720403,"action":{"library":"H5P.CRAdvancedText 1.1","params":{"text":"<p dir=\"ltr\" style=\"text-align: center;\"><span style=\"color:#ffffff;\"><span style=\"font-size:2.25em;\">Uma uthola ihembe lami. <\/span><\/span><\/p>\n"},"metadata":{"contentType":"Text","license":"U","title":"Untitled Text"},"subContentId":"7a9464c3-2eed-4e01-b076-b5a7ad132295"},"alwaysDisplayComments":false,"backgroundOpacity":0,"willDoAnimation":false,"animationType":"glow","displayAsButton":false,"buttonSize":"big","goToSlideType":"specified","invisible":false,"solution":""},{"x":47.00255102040816,"y":43.95465994962216,"width":40,"height":40,"action":{"library":"H5P.CRAudio 1.4","params":{"fitToWrapper":true,"currIndex":3,"playerMode":"minimalistic","controls":true,"autoplay":true,"playAudio":"Play audio","pauseAudio":"Pause audio","contentName":"Audio","glowColor":"#ffd85a","timeStampForEachText":[{"text":" Uma ","startDuration":"0.0000","endDuration":"1.0033","wordfile":[{"path":"audios\/wordfile-65bd63d6e0f4e.mp3","mime":"audio\/mpeg","copyright":{"license":"U"}}]},{"text":" uthola ","startDuration":"1.0043","endDuration":"1.5918","wordfile":[{"path":"audios\/wordfile-65bd63f455036.mp3","mime":"audio\/mpeg","copyright":{"license":"U"}}]},{"text":" ihembe ","startDuration":"1.5928","endDuration":"2.0996","wordfile":[{"path":"audios\/wordfile-65bd64098be9f.mp3","mime":"audio\/mpeg","copyright":{"license":"U"}}]},{"text":" lami. ","startDuration":"2.1006","endDuration":"2.8859","wordfile":[{"path":"audios\/wordfile-65bd6425dad62.mp3","mime":"audio\/mpeg","copyright":{"license":"U"}}]}],"files":[{"path":"audios\/files-65bd63be900df.mp3","mime":"audio\/mpeg","copyright":{"license":"U"}}]},"subContentId":"963ea441-5c62-403d-9fd9-667424eb8e10","metadata":{"contentType":"Curious Reader Audio","license":"U","title":"Untitled Curious Reader Audio"}},"backgroundOpacity":0,"willDoAnimation":false,"animationType":"glow","displayAsButton":false,"buttonSize":"big","goToSlideType":"specified","invisible":false},{"x":22.95918367346939,"y":15.101536523929472,"width":13.64795918367347,"height":69.77329974811083,"action":{"library":"H5P.Image 1.1","params":{"contentName":"Image"},"subContentId":"0adac4a2-3ded-4fe1-81b7-878c30f39823","metadata":{"contentType":"Image","license":"U","title":"Untitled Image"}},"backgroundOpacity":0,"willDoAnimation":true,"animationType":"glow","displayAsButton":false,"buttonSize":"big","goToSlideType":"specified","invisible":false,"id":"img963ea441-5c62-403d-9fd9-667424eb8e10_0"},{"x":30.612244897959183,"y":25.181057934508814,"width":12.372448979591837,"height":24.43324937027708,"action":{"library":"H5P.Image 1.1","params":{"contentName":"Image"},"subContentId":"c7e3b83b-0fac-49ee-aa48-68efdbc37ed2","metadata":{"contentType":"Image","license":"U","title":"Untitled Image"}},"backgroundOpacity":0,"willDoAnimation":true,"animationType":"glow","displayAsButton":false,"buttonSize":"big","goToSlideType":"specified","invisible":false,"id":"img963ea441-5c62-403d-9fd9-667424eb8e10_2"},{"x":12.755102040816327,"y":37.7735516372796,"width":9.821428571428571,"height":52.141057934508815,"action":{"library":"H5P.Image 1.1","params":{"contentName":"Image"},"subContentId":"70da2866-3850-406f-b88e-e65aa8e8c2bf","metadata":{"contentType":"Image","license":"U","title":"Untitled Image"}},"backgroundOpacity":0,"willDoAnimation":true,"animationType":"glow","displayAsButton":false,"buttonSize":"big","goToSlideType":"specified","invisible":false,"id":"img963ea441-5c62-403d-9fd9-667424eb8e10_3"}],"slideBackgroundSelector":{}},{"elements":[{"x":14.159041394335512,"y":5.622456896551724,"width":34.85838779956427,"height":91.5948275862069,"action":{"library":"H5P.Image 1.1","params":{"contentName":"Image","file":{"path":"images\/file-620d8b1736f35.jpg","mime":"image\/jpeg","copyright":{"license":"U"},"width":639,"height":918}},"metadata":{"contentType":"Image","license":"U","title":"Untitled Image"},"subContentId":"da6c7321-c9b6-41ec-9674-273fac8064d7"},"backgroundOpacity":0,"willDoAnimation":false,"animationType":"glow","displayAsButton":false,"buttonSize":"big","goToSlideType":"specified","invisible":false},{"x":48.46938775510204,"y":32.7455919395466,"width":51.53061224489796,"height":31.989924433249367,"action":{"library":"H5P.CRAdvancedText 1.1","params":{"text":"<p style=\"text-align: center;\"><span style=\"color:#ffffff;\"><span style=\"font-size:2.25em;\">Ubaba mude kunoma.<\/span><\/span><\/p>\n"},"metadata":{"contentType":"Text","license":"U","title":"Untitled Text"},"subContentId":"427b279f-447a-4bc3-88f4-5875a33673fb"},"alwaysDisplayComments":false,"backgroundOpacity":0,"willDoAnimation":false,"animationType":"glow","displayAsButton":false,"buttonSize":"big","goToSlideType":"specified","invisible":false,"solution":""},{"x":47.00255102040816,"y":43.95465994962216,"width":40,"height":40,"action":{"library":"H5P.CRAudio 1.4","params":{"fitToWrapper":true,"currIndex":4,"playerMode":"minimalistic","controls":true,"autoplay":true,"playAudio":"Play audio","pauseAudio":"Pause audio","contentName":"Audio","glowColor":"#ffd85a","timeStampForEachText":[{"text":" Ubaba ","startDuration":"0.0000","endDuration":"0.9099","wordfile":[{"path":"audios\/wordfile-65bd64738e265.mp3","mime":"audio\/mpeg","copyright":{"license":"U"}}]},{"text":" mude ","startDuration":"0.9109","endDuration":"1.4908","wordfile":[{"path":"audios\/wordfile-65bd649181a7b.mp3","mime":"audio\/mpeg","copyright":{"license":"U"}}]},{"text":" kunoma. ","startDuration":"1.4918","endDuration":"2.2517","wordfile":[{"path":"audios\/wordfile-65bd64e545056.mp3","mime":"audio\/mpeg","copyright":{"license":"U"}}]}],"files":[{"path":"audios\/files-65bd643d098be.mp3","mime":"audio\/mpeg","copyright":{"license":"U"}}]},"subContentId":"c92a77e8-16b1-43a6-b078-0a5e4f2814b3","metadata":{"contentType":"Curious Reader Audio","license":"U","title":"Untitled Curious Reader Audio"}},"backgroundOpacity":0,"willDoAnimation":false,"animationType":"glow","displayAsButton":false,"buttonSize":"big","goToSlideType":"specified","invisible":false},{"x":29.336734693877553,"y":5.031889168765743,"width":16.198979591836736,"height":89.92443324937027,"action":{"library":"H5P.Image 1.1","params":{"contentName":"Image"},"subContentId":"2769e868-64e8-459c-9901-9a40d05d5fcc","metadata":{"contentType":"Image","license":"U","title":"Untitled Image"}},"backgroundOpacity":0,"willDoAnimation":true,"animationType":"glow","displayAsButton":false,"buttonSize":"big","goToSlideType":"specified","invisible":false,"id":"imgc92a77e8-16b1-43a6-b078-0a5e4f2814b3_0"},{"x":22.95918367346939,"y":15.101536523929472,"width":9.821428571428571,"height":69.77329974811083,"action":{"library":"H5P.Image 1.1","params":{"contentName":"Image"},"subContentId":"71032e95-0aea-457c-b014-8a3487cbff9e","metadata":{"contentType":"Image","license":"U","title":"Untitled Image"}},"backgroundOpacity":0,"willDoAnimation":true,"animationType":"glow","displayAsButton":false,"buttonSize":"big","goToSlideType":"specified","invisible":false,"id":"imgc92a77e8-16b1-43a6-b078-0a5e4f2814b3_2"}],"slideBackgroundSelector":{}},{"elements":[{"x":14.161220043572985,"y":6.4655172413793105,"width":35.947712418300654,"height":90.73275862068967,"action":{"library":"H5P.Image 1.1","params":{"contentName":"Image","file":{"path":"images\/file-620d8b4901fed.jpg","mime":"image\/jpeg","copyright":{"license":"U"},"width":639,"height":918}},"metadata":{"contentType":"Image","license":"U","title":"Untitled Image"},"subContentId":"6ac3b20e-f38f-448c-b501-13c259c38112"},"backgroundOpacity":0,"willDoAnimation":false,"animationType":"glow","displayAsButton":false,"buttonSize":"big","goToSlideType":"specified","invisible":false},{"x":48.46938775510204,"y":40.30226700251889,"width":45.79081632653061,"height":42.82115869017632,"action":{"library":"H5P.CRAdvancedText 1.1","params":{"text":"<p style=\"text-align: center;\"><span style=\"color:#ffffff;\"><span style=\"font-size:2.25em;\">Udadewethu uthola incwadi yami. <\/span><\/span><\/p>\n"},"metadata":{"contentType":"Text","license":"U","title":"Untitled Text"},"subContentId":"f688a718-41f1-4ef1-868f-0ba583d4838c"},"alwaysDisplayComments":false,"backgroundOpacity":0,"willDoAnimation":false,"animationType":"glow","displayAsButton":false,"buttonSize":"big","goToSlideType":"specified","invisible":false,"solution":""},{"x":47.00255102040816,"y":43.95465994962216,"width":40,"height":40,"action":{"library":"H5P.CRAudio 1.4","params":{"fitToWrapper":true,"currIndex":5,"playerMode":"minimalistic","controls":true,"autoplay":true,"playAudio":"Play audio","pauseAudio":"Pause audio","contentName":"Audio","glowColor":"#ffd85a","timeStampForEachText":[{"text":" Udadewethu ","startDuration":"0.0000","endDuration":"1.7221","wordfile":[{"path":"audios\/wordfile-65bd657e0edc7.mp3","mime":"audio\/mpeg","copyright":{"license":"U"}}]},{"text":" uthola ","startDuration":"1.7231","endDuration":"1.9965","wordfile":[{"path":"audios\/wordfile-65bd65a0882e0.mp3","mime":"audio\/mpeg","copyright":{"license":"U"}}]},{"text":" incwadi ","startDuration":"1.9975","endDuration":"2.5368","wordfile":[{"path":"audios\/wordfile-65bd65c03b658.mp3","mime":"audio\/mpeg","copyright":{"license":"U"}}]},{"text":" yami. ","startDuration":"2.5378","endDuration":"3.3200","wordfile":[{"path":"audios\/wordfile-65bd65dbdf346.mp3","mime":"audio\/mpeg","copyright":{"license":"U"}}]}],"files":[{"path":"audios\/files-65bd65571b0ae.mp3","mime":"audio\/mpeg","copyright":{"license":"U"}}]},"subContentId":"19fe6108-49ae-45b8-ba12-ece3f72a480c","metadata":{"contentType":"Curious Reader Audio","license":"U","title":"Untitled Curious Reader Audio"}},"backgroundOpacity":0,"willDoAnimation":false,"animationType":"glow","displayAsButton":false,"buttonSize":"big","goToSlideType":"specified","invisible":false},{"x":25.510204081632654,"y":15.093677581863979,"width":13.64795918367347,"height":72.29219143576826,"action":{"library":"H5P.Image 1.1","params":{"contentName":"Image"},"subContentId":"bbae0c26-bc20-450c-9ad8-5e63ff79ca0a","metadata":{"contentType":"Image","license":"U","title":"Untitled Image"}},"backgroundOpacity":0,"willDoAnimation":true,"animationType":"glow","displayAsButton":false,"buttonSize":"big","goToSlideType":"specified","invisible":false,"id":"img19fe6108-49ae-45b8-ba12-ece3f72a480c_0"},{"x":22.95918367346939,"y":42.809319899244336,"width":9.821428571428571,"height":19.395465994962215,"action":{"library":"H5P.Image 1.1","params":{"contentName":"Image"},"subContentId":"f216248e-71f7-435a-969b-5349b8789ac6","metadata":{"contentType":"Image","license":"U","title":"Untitled Image"}},"backgroundOpacity":0,"willDoAnimation":true,"animationType":"glow","displayAsButton":false,"buttonSize":"big","goToSlideType":"specified","invisible":false,"id":"img19fe6108-49ae-45b8-ba12-ece3f72a480c_2"},{"x":35.714285714285715,"y":42.79748110831235,"width":14.923469387755102,"height":49.622166246851386,"action":{"library":"H5P.Image 1.1","params":{"contentName":"Image"},"subContentId":"fa4fba8f-0a26-4278-9d8a-d123301fe909","metadata":{"contentType":"Image","license":"U","title":"Untitled Image"}},"backgroundOpacity":0,"willDoAnimation":true,"animationType":"glow","displayAsButton":false,"buttonSize":"big","goToSlideType":"specified","invisible":false,"id":"img19fe6108-49ae-45b8-ba12-ece3f72a480c_3"}],"slideBackgroundSelector":{}},{"elements":[{"x":14.161220043572985,"y":5.81896551724138,"width":34.85838779956427,"height":90.51724137931035,"action":{"library":"H5P.Image 1.1","params":{"contentName":"Image","file":{"path":"images\/file-620d8b7b9c561.jpg","mime":"image\/jpeg","copyright":{"license":"U"},"width":639,"height":918}},"metadata":{"contentType":"Image","license":"U","title":"Untitled Image"},"subContentId":"1fe8c6e8-1dec-4179-a1c4-d367fb27a427"},"backgroundOpacity":0,"willDoAnimation":false,"animationType":"glow","displayAsButton":false,"buttonSize":"big","goToSlideType":"specified","invisible":false},{"x":49.744897959183675,"y":32.7455919395466,"width":46.68674698795181,"height":47.61904761904762,"action":{"library":"H5P.CRAdvancedText 1.1","params":{"text":"<p style=\"text-align: center;\"><span style=\"color:#ffffff;\"><span style=\"font-size:2.25em;\">Uma mude kunodadewethu. <\/span><\/span><\/p>\n"},"metadata":{"contentType":"Text","license":"U","title":"Untitled Text"},"subContentId":"24116825-9948-4089-b68a-788f85a1c6fa"},"alwaysDisplayComments":false,"backgroundOpacity":0,"willDoAnimation":false,"animationType":"glow","displayAsButton":false,"buttonSize":"big","goToSlideType":"specified","invisible":false,"solution":""},{"x":47.00255102040816,"y":43.95465994962216,"width":40,"height":40,"action":{"library":"H5P.CRAudio 1.4","params":{"fitToWrapper":true,"currIndex":6,"playerMode":"minimalistic","controls":true,"autoplay":true,"playAudio":"Play audio","pauseAudio":"Pause audio","contentName":"Audio","glowColor":"#ffd85a","timeStampForEachText":[{"text":" Uma ","startDuration":"0.0000","endDuration":"0.9774","wordfile":[{"path":"audios\/wordfile-65bd5fe45866e.mp3","mime":"audio\/mpeg","copyright":{"license":"U"}}]},{"text":" mude ","startDuration":"0.9784","endDuration":"1.5543","wordfile":[{"path":"audios\/wordfile-65bd5fffda351.mp3","mime":"audio\/mpeg","copyright":{"license":"U"}}]},{"text":" kunodadewethu. ","startDuration":"1.5553","endDuration":"2.8189","wordfile":[{"path":"audios\/wordfile-65bd602dec64e.mp3","mime":"audio\/mpeg","copyright":{"license":"U"}}]}],"files":[{"path":"audios\/files-65bd5f463e50c.mp3","mime":"audio\/mpeg","copyright":{"license":"U"}}]},"subContentId":"9feadedc-a212-4e0f-9975-1a6c4e3d5c28","metadata":{"contentType":"Curious Reader Audio","license":"U","title":"Untitled Curious Reader Audio"}},"backgroundOpacity":0,"willDoAnimation":false,"animationType":"glow","displayAsButton":false,"buttonSize":"big","goToSlideType":"specified","invisible":false},{"x":26.785714285714285,"y":10.075566750629722,"width":8.545918367346939,"height":72.29219143576826,"action":{"library":"H5P.Image 1.1","params":{"contentName":"Image"},"subContentId":"40baa5fb-e329-4207-a1b2-58c7a323b4ec","metadata":{"contentType":"Image","license":"U","title":"Untitled Image"}},"backgroundOpacity":0,"willDoAnimation":true,"animationType":"glow","displayAsButton":false,"buttonSize":"big","goToSlideType":"specified","invisible":false,"id":"img9feadedc-a212-4e0f-9975-1a6c4e3d5c28_0"},{"x":19.131632653061224,"y":12.582644836272038,"width":9.821428571428571,"height":72.29219143576826,"action":{"library":"H5P.Image 1.1","params":{"contentName":"Image"},"subContentId":"9c80d0f9-f939-476f-9e05-2c81a67f5d76","metadata":{"contentType":"Image","license":"U","title":"Untitled Image"}},"backgroundOpacity":0,"willDoAnimation":true,"animationType":"glow","displayAsButton":false,"buttonSize":"big","goToSlideType":"specified","invisible":false,"id":"img9feadedc-a212-4e0f-9975-1a6c4e3d5c28_2"}],"slideBackgroundSelector":{}},{"elements":[{"x":14.705882352941178,"y":5.387931034482759,"width":33.87799564270153,"height":90.73275862068967,"action":{"library":"H5P.Image 1.1","params":{"contentName":"Image","file":{"path":"images\/file-620d8bb185c3e.jpg","mime":"image\/jpeg","copyright":{"license":"U"},"width":639,"height":918}},"metadata":{"contentType":"Image","license":"U","title":"Untitled Image"},"subContentId":"8e0baedd-67c8-46c8-a1c5-9fe3f76afc8a"},"backgroundOpacity":0,"willDoAnimation":false,"animationType":"glow","displayAsButton":false,"buttonSize":"big","goToSlideType":"specified","invisible":false},{"x":49.744897959183675,"y":40.30226700251889,"width":48.97959183673469,"height":40.050377833753146,"action":{"library":"H5P.CRAdvancedText 1.1","params":{"text":"<p style=\"text-align: center;\"><span style=\"color:#ffffff;\"><span style=\"font-size:1.75em;\">Umfowethu uthola isikhwama sami. <\/span><\/span><\/p>\n"},"subContentId":"22bef6a0-db9d-41c6-8d29-e337c37675be","metadata":{"contentType":"Text","license":"U","title":"Untitled Text"}},"alwaysDisplayComments":false,"backgroundOpacity":0,"willDoAnimation":false,"animationType":"glow","displayAsButton":false,"buttonSize":"big","goToSlideType":"specified","invisible":false,"solution":""},{"x":27.233115468409586,"y":55.846881720430105,"width":5.882352941176471,"height":13.763440860215052,"action":{"library":"H5P.Image 1.1","params":{"contentName":"Image"},"subContentId":"b409b543-a873-4c35-9689-969b688f22d6","metadata":{"contentType":"Image","license":"U","title":"Untitled Image"}},"backgroundOpacity":0,"willDoAnimation":true,"animationType":"glow","displayAsButton":false,"buttonSize":"big","goToSlideType":"specified","invisible":false,"id":"img8dee2e25-240a-400b-9af6-18c7f75d2b96_6"},{"x":47.00255102040816,"y":43.95465994962216,"width":40,"height":40,"action":{"library":"H5P.CRAudio 1.4","params":{"fitToWrapper":true,"currIndex":7,"playerMode":"minimalistic","controls":true,"autoplay":true,"playAudio":"Play audio","pauseAudio":"Pause audio","contentName":"Audio","glowColor":"#ffd85a","timeStampForEachText":[{"text":" Umfowethu ","startDuration":"0.0000","endDuration":"1.3625","wordfile":[{"path":"audios\/wordfile-65bd608017920.mp3","mime":"audio\/mpeg","copyright":{"license":"U"}}]},{"text":" uthola ","startDuration":"1.3635","endDuration":"1.8229","wordfile":[{"path":"audios\/wordfile-65bd60e8a091a.mp3","mime":"audio\/mpeg","copyright":{"license":"U"}}]},{"text":" isikhwama ","startDuration":"1.8239","endDuration":"2.6051","wordfile":[{"path":"audios\/wordfile-65bd6103b06f0.mp3","mime":"audio\/mpeg","copyright":{"license":"U"}}]},{"text":" sami. ","startDuration":"2.6061","endDuration":"3.3777","wordfile":[{"path":"audios\/wordfile-65bd61152a373.mp3","mime":"audio\/mpeg","copyright":{"license":"U"}}]}],"files":[{"path":"audios\/files-65bd604a9fb83.mp3","mime":"audio\/mpeg","copyright":{"license":"U"}}]},"subContentId":"c614f1a8-9de5-4fc6-a974-0d248b921ba6","metadata":{"contentType":"Curious Reader Audio","license":"U","title":"Untitled Curious Reader Audio"}},"backgroundOpacity":0,"willDoAnimation":false,"animationType":"glow","displayAsButton":false,"buttonSize":"big","goToSlideType":"specified","invisible":false},{"x":25.510204081632654,"y":27.692191435768265,"width":9.821428571428571,"height":52.141057934508815,"action":{"library":"H5P.Image 1.1","params":{"contentName":"Image"},"subContentId":"6717812d-42f2-4f3a-bc26-dba00968ac12","metadata":{"contentType":"Image","license":"U","title":"Untitled Image"}},"backgroundOpacity":0,"willDoAnimation":true,"animationType":"glow","displayAsButton":false,"buttonSize":"big","goToSlideType":"specified","invisible":false,"id":"imgc614f1a8-9de5-4fc6-a974-0d248b921ba6_0"},{"x":15.306122448979592,"y":42.79748110831235,"width":8.545918367346939,"height":40.050377833753146,"action":{"library":"H5P.Image 1.1","params":{"contentName":"Image"},"subContentId":"33b2a2c8-42c9-464b-8088-972b56f6d7d9","metadata":{"contentType":"Image","license":"U","title":"Untitled Image"}},"backgroundOpacity":0,"willDoAnimation":true,"animationType":"glow","displayAsButton":false,"buttonSize":"big","goToSlideType":"specified","invisible":false,"id":"imgc614f1a8-9de5-4fc6-a974-0d248b921ba6_3"},{"x":25.510204081632654,"y":52.855415617128465,"width":8.545918367346939,"height":19.395465994962215,"action":{"library":"H5P.Image 1.1","params":{"contentName":"Image"},"subContentId":"8f9566c1-227b-479b-a99c-b840c21bc8a4","metadata":{"contentType":"Image","license":"U","title":"Untitled Image"}},"backgroundOpacity":0,"willDoAnimation":true,"animationType":"glow","displayAsButton":false,"buttonSize":"big","goToSlideType":"specified","invisible":false,"id":"imgc614f1a8-9de5-4fc6-a974-0d248b921ba6_2"}],"slideBackgroundSelector":{}},{"elements":[{"x":14.705882352941178,"y":3.6637931034482762,"width":34.64052287581699,"height":92.45689655172414,"action":{"library":"H5P.Image 1.1","params":{"contentName":"Image","file":{"path":"images\/file-620d8be87d7ce.jpg","mime":"image\/jpeg","copyright":{"license":"U"},"width":639,"height":918}},"metadata":{"contentType":"Image","license":"U","title":"Untitled Image"},"subContentId":"b5dd1b5b-c4b7-4e07-9e11-de9c97fc90fa"},"backgroundOpacity":0,"willDoAnimation":false,"animationType":"glow","displayAsButton":false,"buttonSize":"big","goToSlideType":"specified","invisible":false},{"x":51.02040816326531,"y":42.82115869017632,"width":45.1530612244898,"height":41.81360201511335,"action":{"library":"H5P.CRAdvancedText 1.1","params":{"text":"<p style=\"text-align: center;\"><span style=\"color:#ffffff;\"><span style=\"font-size:1.75em;\">Udadewethu mude kunomfowethu. <\/span><\/span><\/p>\n"},"metadata":{"contentType":"Text","license":"U","title":"Untitled Text"},"subContentId":"47bba9d5-565b-4c0e-b5d0-f77886d7e3f1"},"alwaysDisplayComments":false,"backgroundOpacity":0,"willDoAnimation":false,"animationType":"glow","displayAsButton":false,"buttonSize":"big","goToSlideType":"specified","invisible":false,"solution":""},{"x":47.00255102040816,"y":43.95465994962216,"width":40,"height":40,"action":{"library":"H5P.CRAudio 1.4","params":{"fitToWrapper":true,"currIndex":8,"playerMode":"minimalistic","controls":true,"autoplay":true,"playAudio":"Play audio","pauseAudio":"Pause audio","contentName":"Audio","glowColor":"#ffd85a","timeStampForEachText":[{"text":" Udadewethu ","startDuration":"0.0000","endDuration":"1.3929","wordfile":[{"path":"audios\/wordfile-65bd6650d07c5.mp3","mime":"audio\/mpeg","copyright":{"license":"U"}}]},{"text":" mude ","startDuration":"1.3939","endDuration":"1.9126","wordfile":[{"path":"audios\/wordfile-65bd66678d58e.mp3","mime":"audio\/mpeg","copyright":{"license":"U"}}]},{"text":" kunomfowethu. ","startDuration":"1.9136","endDuration":"3.2109","wordfile":[{"path":"audios\/wordfile-65bd66b36f1d5.mp3","mime":"audio\/mpeg","copyright":{"license":"U"}}]}],"files":[{"path":"audios\/files-65bd662cf0c02.mp3","mime":"audio\/mpeg","copyright":{"license":"U"}}]},"subContentId":"a628ada3-aa30-4792-b56f-3c2a1b677a59","metadata":{"contentType":"Curious Reader Audio","license":"U","title":"Untitled Curious Reader Audio"}},"backgroundOpacity":0,"willDoAnimation":false,"animationType":"glow","displayAsButton":false,"buttonSize":"big","goToSlideType":"specified","invisible":false},{"x":31.887755102040817,"y":22.652317380352642,"width":12.372448979591837,"height":57.178841309823675,"action":{"library":"H5P.Image 1.1","params":{"contentName":"Image"},"subContentId":"1f159121-efdb-409c-a70a-88787e028f93","metadata":{"contentType":"Image","license":"U","title":"Untitled Image"}},"backgroundOpacity":0,"willDoAnimation":true,"animationType":"glow","displayAsButton":false,"buttonSize":"big","goToSlideType":"specified","invisible":false,"id":"imga628ada3-aa30-4792-b56f-3c2a1b677a59_0"},{"x":22.95918367346939,"y":27.692191435768265,"width":11.096938775510205,"height":52.141057934508815,"action":{"library":"H5P.Image 1.1","params":{"contentName":"Image"},"subContentId":"da536bd7-4dc0-41d2-ac6e-f593255a7b54","metadata":{"contentType":"Image","license":"U","title":"Untitled Image"}},"backgroundOpacity":0,"willDoAnimation":true,"animationType":"glow","displayAsButton":false,"buttonSize":"big","goToSlideType":"specified","invisible":false,"id":"imga628ada3-aa30-4792-b56f-3c2a1b677a59_2"}],"slideBackgroundSelector":{}},{"elements":[{"x":15.24259259259259,"y":4.314547413793104,"width":34.85838779956427,"height":92.88793103448276,"action":{"library":"H5P.Image 1.1","params":{"contentName":"Image","file":{"path":"images\/file-620d8c22dbcda.jpg","mime":"image\/jpeg","copyright":{"license":"U"},"width":639,"height":918}},"metadata":{"contentType":"Image","license":"U","title":"Untitled Image"},"subContentId":"ec439803-414f-4f94-bef7-2c65cfc2ee92"},"backgroundOpacity":0,"willDoAnimation":false,"animationType":"glow","displayAsButton":false,"buttonSize":"big","goToSlideType":"specified","invisible":false},{"x":51.02040816326531,"y":45.34005037783375,"width":42.72959183673469,"height":39.29471032745592,"action":{"library":"H5P.CRAdvancedText 1.1","params":{"text":"<p style=\"text-align: center;\"><span style=\"color:#ffffff;\"><span style=\"font-size:1.75em;\">Umfowethu mude kunami. <\/span><\/span><\/p>\n"},"metadata":{"contentType":"Text","license":"U","title":"Untitled Text"},"subContentId":"ead32f52-0e68-4cb4-a555-869a18f3fda3"},"alwaysDisplayComments":false,"backgroundOpacity":0,"willDoAnimation":false,"animationType":"glow","displayAsButton":false,"buttonSize":"big","goToSlideType":"specified","invisible":false,"solution":""},{"x":47.00255102040816,"y":43.95465994962216,"width":40,"height":40,"action":{"library":"H5P.CRAudio 1.4","params":{"fitToWrapper":true,"currIndex":9,"playerMode":"minimalistic","controls":true,"autoplay":true,"playAudio":"Play audio","pauseAudio":"Pause audio","contentName":"Audio","glowColor":"#ffd85a","timeStampForEachText":[{"text":" Umfowethu ","startDuration":"0.0000","endDuration":"1.2731","wordfile":[{"path":"audios\/wordfile-65bd6706eb7fd.mp3","mime":"audio\/mpeg","copyright":{"license":"U"}}]},{"text":" mude ","startDuration":"1.2741","endDuration":"1.6847","wordfile":[{"path":"audios\/wordfile-65bd671cbaa1b.mp3","mime":"audio\/mpeg","copyright":{"license":"U"}}]},{"text":" kunami. ","startDuration":"1.6857","endDuration":"2.5415","wordfile":[{"path":"audios\/wordfile-65bd6735349a4.mp3","mime":"audio\/mpeg","copyright":{"license":"U"}}]}],"files":[{"path":"audios\/files-65bd66d3922ad.mp3","mime":"audio\/mpeg","copyright":{"license":"U"}}]},"subContentId":"e315b6b5-67c1-4689-a6b5-b2ecc6a01207","metadata":{"contentType":"Curious Reader Audio","license":"U","title":"Untitled Curious Reader Audio"}},"backgroundOpacity":0,"willDoAnimation":false,"animationType":"glow","displayAsButton":false,"buttonSize":"big","goToSlideType":"specified","invisible":false},{"x":28.061224489795915,"y":25.17317380352645,"width":9.821428571428571,"height":62.216624685138534,"action":{"library":"H5P.Image 1.1","params":{"contentName":"Image"},"subContentId":"0997cc2e-28d4-40aa-8690-3a20b55c4413","metadata":{"contentType":"Image","license":"U","title":"Untitled Image"}},"backgroundOpacity":0,"willDoAnimation":true,"animationType":"glow","displayAsButton":false,"buttonSize":"big","goToSlideType":"specified","invisible":false,"id":"imge315b6b5-67c1-4689-a6b5-b2ecc6a01207_0"},{"x":17.857142857142858,"y":42.79748110831235,"width":11.096938775510205,"height":49.622166246851386,"action":{"library":"H5P.Image 1.1","params":{"contentName":"Image"},"subContentId":"224f977f-df3e-4183-ad32-8628820f996d","metadata":{"contentType":"Image","license":"U","title":"Untitled Image"}},"backgroundOpacity":0,"willDoAnimation":true,"animationType":"glow","displayAsButton":false,"buttonSize":"big","goToSlideType":"specified","invisible":false,"id":"imge315b6b5-67c1-4689-a6b5-b2ecc6a01207_2"}],"slideBackgroundSelector":{}},{"elements":[{"x":16.338344226579522,"y":4.320560344827586,"width":33.00653594771242,"height":92.45689655172414,"action":{"library":"H5P.Image 1.1","params":{"contentName":"Image","file":{"path":"images\/file-620d8c5c30c01.jpg","mime":"image\/jpeg","copyright":{"license":"U"},"width":639,"height":918}},"metadata":{"contentType":"Image","license":"U","title":"Untitled Image"},"subContentId":"5bf06604-bab2-4fde-b399-8b6b9caf36cb"},"backgroundOpacity":0,"willDoAnimation":false,"animationType":"glow","displayAsButton":false,"buttonSize":"big","goToSlideType":"specified","invisible":false},{"x":47.19387755102041,"y":45.34005037783375,"width":49.234693877551024,"height":35.012594458438286,"action":{"library":"H5P.CRAdvancedText 1.1","params":{"text":"<p style=\"text-align: center;\"><span style=\"color:#ffffff;\"><span style=\"font-size:1.75em;\">Ngifushane kakhulu emndenini.<\/span><\/span><\/p>\n"},"metadata":{"contentType":"Text","license":"U","title":"Untitled Text"},"subContentId":"56834249-b644-479c-9c02-9b0b3ec5ce36"},"alwaysDisplayComments":false,"backgroundOpacity":0,"willDoAnimation":false,"animationType":"glow","displayAsButton":false,"buttonSize":"big","goToSlideType":"specified","invisible":false,"solution":""},{"x":47.00255102040816,"y":43.95465994962216,"width":40,"height":40,"action":{"library":"H5P.CRAudio 1.4","params":{"fitToWrapper":true,"currIndex":10,"playerMode":"minimalistic","controls":true,"autoplay":true,"playAudio":"Play audio","pauseAudio":"Pause audio","contentName":"Audio","glowColor":"#ffd85a","timeStampForEachText":[{"text":" Ngifushane ","startDuration":"0.0000","endDuration":"1.2927","wordfile":[{"path":"audios\/wordfile-65bd683536e29.mp3","mime":"audio\/mpeg","copyright":{"license":"U"}}]},{"text":" kakhulu ","startDuration":"1.2937","endDuration":"2.1174","wordfile":[{"path":"audios\/wordfile-65bd685b32782.mp3","mime":"audio\/mpeg","copyright":{"license":"U"}}]},{"text":" emndenini. ","startDuration":"2.1184","endDuration":"3.3289","wordfile":[{"path":"audios\/wordfile-65bd68755575f.mp3","mime":"audio\/mpeg","copyright":{"license":"U"}}]}],"files":[{"path":"audios\/files-65bd67cde9b2c.mp3","mime":"audio\/mpeg","copyright":{"license":"U"}}]},"subContentId":"3e63a18b-b8c2-4bc4-86c1-0f0c7dd389e3","metadata":{"contentType":"Curious Reader Audio","license":"U","title":"Untitled Curious Reader Audio"}},"backgroundOpacity":0,"willDoAnimation":false,"animationType":"glow","displayAsButton":false,"buttonSize":"big","goToSlideType":"specified","invisible":false},{"x":16.581632653061224,"y":15.101536523929472,"width":36.60714285714286,"height":74.81108312342569,"action":{"library":"H5P.Image 1.1","params":{"contentName":"Image"},"subContentId":"493fb827-ff44-4917-83ce-22463849ea48","metadata":{"contentType":"Image","license":"U","title":"Untitled Image"}},"backgroundOpacity":0,"willDoAnimation":true,"animationType":"glow","displayAsButton":false,"buttonSize":"big","goToSlideType":"specified","invisible":false,"id":"img3e63a18b-b8c2-4bc4-86c1-0f0c7dd389e3_2"}],"slideBackgroundSelector":{}},{"elements":[{"x":17.426470588235293,"y":6.47334051724138,"width":32.46187363834423,"height":89.65517241379311,"action":{"library":"H5P.Image 1.1","params":{"contentName":"Image","file":{"path":"images\/file-620d8c9aa16a1.jpg","mime":"image\/jpeg","copyright":{"license":"U"},"width":639,"height":918}},"metadata":{"contentType":"Image","license":"U","title":"Untitled Image"},"subContentId":"ae70667a-fe5d-4f6e-96d3-e63ca9aa9160"},"backgroundOpacity":0,"willDoAnimation":false,"animationType":"glow","displayAsButton":false,"buttonSize":"big","goToSlideType":"specified","invisible":false},{"x":49.744897959183675,"y":37.78337531486146,"width":46.683673469387756,"height":51.63727959697733,"action":{"library":"H5P.CRAdvancedText 1.1","params":{"text":"<p style=\"text-align: center;\"><span style=\"color:#ffffff;\"><span style=\"font-size:1.75em;\">Oh linda! Kukhona injana yethu, ujojo.<\/span><\/span><\/p>\n"},"metadata":{"contentType":"Text","license":"U","title":"Untitled Text"},"subContentId":"8161ff84-be72-45ae-8f2a-8be437f65b85"},"alwaysDisplayComments":false,"backgroundOpacity":0,"willDoAnimation":false,"animationType":"glow","displayAsButton":false,"buttonSize":"big","goToSlideType":"specified","invisible":false,"solution":""},{"x":47.00255102040816,"y":43.95465994962216,"width":40,"height":40,"action":{"library":"H5P.CRAudio 1.4","params":{"fitToWrapper":true,"currIndex":11,"playerMode":"minimalistic","controls":true,"autoplay":true,"playAudio":"Play audio","pauseAudio":"Pause audio","contentName":"Audio","glowColor":"#ffd85a","timeStampForEachText":[{"text":" Oh ","startDuration":"0.0000","endDuration":"0.7100","wordfile":[{"path":"audios\/wordfile-65bd6915821b1.mp3","mime":"audio\/mpeg","copyright":{"license":"U"}}]},{"text":" linda! ","startDuration":"0.7110","endDuration":"1.6395","wordfile":[{"path":"audios\/wordfile-65bd692a7c5c9.mp3","mime":"audio\/mpeg","copyright":{"license":"U"}}]},{"text":" Kukhona ","startDuration":"1.6405","endDuration":"2.6054","wordfile":[{"path":"audios\/wordfile-65bd694212af4.mp3","mime":"audio\/mpeg","copyright":{"license":"U"}}]},{"text":" injana ","startDuration":"2.6064","endDuration":"3.1039","wordfile":[{"path":"audios\/wordfile-65bd695a4a405.mp3","mime":"audio\/mpeg","copyright":{"license":"U"}}]},{"text":" yethu, ","startDuration":"3.1039","endDuration":"3.4749","wordfile":[{"path":"audios\/wordfile-65bd69816d045.mp3","mime":"audio\/mpeg","copyright":{"license":"U"}}]},{"text":" ujojo. ","startDuration":"3.4759","endDuration":"4.5047","wordfile":[{"path":"audios\/wordfile-65bd6999e0067.mp3","mime":"audio\/mpeg","copyright":{"license":"U"}}]}],"files":[{"path":"audios\/files-65bd69019c341.wav","mime":"audio\/x-wav","copyright":{"license":"U"}}]},"subContentId":"a04832d3-530b-4a2e-b5f6-1480b6563d2e","metadata":{"contentType":"Curious Reader Audio","license":"U","title":"Untitled Curious Reader Audio"}},"backgroundOpacity":0,"willDoAnimation":false,"animationType":"glow","displayAsButton":false,"buttonSize":"big","goToSlideType":"specified","invisible":false},{"x":34.43775510204082,"y":70.47002518891688,"width":17.474489795918366,"height":17.38035264483627,"action":{"library":"H5P.Image 1.1","params":{"contentName":"Image"},"subContentId":"da7e1b29-c98e-4b42-8615-a9c69da2cc5a","metadata":{"contentType":"Image","license":"U","title":"Untitled Image"}},"backgroundOpacity":0,"willDoAnimation":true,"animationType":"glow","displayAsButton":false,"buttonSize":"big","goToSlideType":"specified","invisible":false,"id":"imga04832d3-530b-4a2e-b5f6-1480b6563d2e_3"},{"x":34.43775510204082,"y":70.47002518891688,"width":16.198979591836736,"height":19.8992443324937,"action":{"library":"H5P.Image 1.1","params":{"contentName":"Image"},"subContentId":"59e369f8-132b-4fb8-bb6f-b5653024762e","metadata":{"contentType":"Image","license":"U","title":"Untitled Image"}},"backgroundOpacity":0,"willDoAnimation":true,"animationType":"glow","displayAsButton":false,"buttonSize":"big","goToSlideType":"specified","invisible":false,"id":"imga04832d3-530b-4a2e-b5f6-1480b6563d2e_5"}],"slideBackgroundSelector":{}},{"elements":[{"x":16.228976034858388,"y":6.47334051724138,"width":32.6797385620915,"height":90.51724137931035,"action":{"library":"H5P.Image 1.1","params":{"contentName":"Image","file":{"path":"images\/file-620d8cddb99ae.jpg","mime":"image\/jpeg","copyright":{"license":"U"},"width":479,"height":687}},"metadata":{"contentType":"Image","license":"U","title":"Untitled Image"},"subContentId":"b0a958ff-98a9-43bb-a0f2-0d435e39a16f"},"backgroundOpacity":0,"willDoAnimation":false,"animationType":"glow","displayAsButton":false,"buttonSize":"big","goToSlideType":"specified","invisible":false},{"x":48.46938775510204,"y":42.82115869017632,"width":44.77040816326531,"height":39.29471032745592,"action":{"library":"H5P.CRAdvancedText 1.1","params":{"text":"<p style=\"text-align: center;\"><span style=\"color:#ffffff;\"><span style=\"font-size:1.75em;\">Ujojo uthola ama&amp;ndash;slippers ami.<\/span><\/span><\/p>\n"},"metadata":{"contentType":"Text","license":"U","title":"Untitled Text"},"subContentId":"2efc4ee0-82fe-40bb-ab9a-bb7ccc93edf6"},"alwaysDisplayComments":false,"backgroundOpacity":0,"willDoAnimation":false,"animationType":"glow","displayAsButton":false,"buttonSize":"big","goToSlideType":"specified","invisible":false,"solution":""},{"x":47.00255102040816,"y":43.95465994962216,"width":40,"height":40,"action":{"library":"H5P.CRAudio 1.4","params":{"fitToWrapper":true,"currIndex":12,"playerMode":"minimalistic","controls":true,"autoplay":true,"playAudio":"Play audio","pauseAudio":"Pause audio","contentName":"Audio","glowColor":"#ffd85a","timeStampForEachText":[{"text":" Ujojo ","startDuration":"0.0000","endDuration":"1.3525","wordfile":[{"path":"audios\/wordfile-65bd69c9978aa.mp3","mime":"audio\/mpeg","copyright":{"license":"U"}}]},{"text":" uthola ","startDuration":"1.3535","endDuration":"1.6932","wordfile":[{"path":"audios\/wordfile-65bd69e32a2d4.mp3","mime":"audio\/mpeg","copyright":{"license":"U"}}]},{"text":" ama\u2013slippers ","startDuration":"1.6942","endDuration":"2.2740","wordfile":[{"path":"audios\/wordfile-65bd6a0c49ff7.mp3","mime":"audio\/mpeg","copyright":{"license":"U"}}]},{"text":" ami. ","startDuration":"2.2750","endDuration":"3.2215","wordfile":[{"path":"audios\/wordfile-65bd6a1ed0836.mp3","mime":"audio\/mpeg","copyright":{"license":"U"}}]}],"files":[{"path":"audios\/files-65bd69b1f1a58.mp3","mime":"audio\/mpeg","copyright":{"license":"U"}}]},"subContentId":"de3c0e51-fb9b-4d0c-a510-7806f76ea91b","metadata":{"contentType":"Curious Reader Audio","license":"U","title":"Untitled Curious Reader Audio"}},"backgroundOpacity":0,"willDoAnimation":false,"animationType":"glow","displayAsButton":false,"buttonSize":"big","goToSlideType":"specified","invisible":false},{"x":33.16326530612245,"y":62.9191435768262,"width":16.198979591836736,"height":19.8992443324937,"action":{"library":"H5P.Image 1.1","params":{"contentName":"Image"},"subContentId":"cf263d94-844b-4c4a-abed-c89b9d0e4268","metadata":{"contentType":"Image","license":"U","title":"Untitled Image"}},"backgroundOpacity":0,"willDoAnimation":true,"animationType":"glow","displayAsButton":false,"buttonSize":"big","goToSlideType":"specified","invisible":false,"id":"imgde3c0e51-fb9b-4d0c-a510-7806f76ea91b_0"},{"x":33.16326530612245,"y":72.98891687657432,"width":8.545918367346939,"height":12.34256926952141,"action":{"library":"H5P.Image 1.1","params":{"contentName":"Image"},"subContentId":"a0df8b97-f015-4d2e-b217-19e4a8aa46d0","metadata":{"contentType":"Image","license":"U","title":"Untitled Image"}},"backgroundOpacity":0,"willDoAnimation":true,"animationType":"glow","displayAsButton":false,"buttonSize":"big","goToSlideType":"specified","invisible":false,"id":"imgde3c0e51-fb9b-4d0c-a510-7806f76ea91b_2"}],"slideBackgroundSelector":{}},{"elements":[{"x":15.247167755991283,"y":6.47334051724138,"width":32.6797385620915,"height":90.30172413793105,"action":{"library":"H5P.Image 1.1","params":{"contentName":"Image","file":{"path":"images\/file-620d8d0a066ff.jpg","mime":"image\/jpeg","copyright":{"license":"U"},"width":479,"height":687}},"metadata":{"contentType":"Image","license":"U","title":"Untitled Image"},"subContentId":"89d672ca-d3ad-478d-bb23-9297f0787395"},"backgroundOpacity":0,"willDoAnimation":false,"animationType":"glow","displayAsButton":false,"buttonSize":"big","goToSlideType":"specified","invisible":false},{"x":47.19387755102041,"y":40.27858942065492,"width":49.48979591836735,"height":46.851385390428206,"action":{"library":"H5P.CRAdvancedText 1.1","params":{"text":"<p style=\"text-align: center;\"><span style=\"color:#ffffff;\"><span style=\"font-size:1.75em;\">Ha ha! Ujojo nguye omfushane. <\/span><\/span><\/p>\n"},"metadata":{"contentType":"Text","license":"U","title":"Untitled Text"},"subContentId":"310dd62d-00d2-4d5f-9a84-911295fee36d"},"alwaysDisplayComments":false,"backgroundOpacity":0,"willDoAnimation":false,"animationType":"glow","displayAsButton":false,"buttonSize":"big","goToSlideType":"specified","invisible":false,"solution":""},{"x":47.00255102040816,"y":43.95465994962216,"width":40,"height":40,"action":{"library":"H5P.CRAudio 1.4","params":{"fitToWrapper":true,"currIndex":13,"playerMode":"minimalistic","controls":true,"autoplay":true,"playAudio":"Play audio","pauseAudio":"Pause audio","contentName":"Audio","glowColor":"#ffd85a","timeStampForEachText":[{"text":" Ha ha! ","startDuration":"0.0000","endDuration":"1.1374","wordfile":[{"path":"audios\/wordfile-65bd6a645a231.mp3","mime":"audio\/mpeg","copyright":{"license":"U"}}]},{"text":" Ujojo ","startDuration":"1.1384","endDuration":"1.9088","wordfile":[{"path":"audios\/wordfile-65bd6a780fb6a.mp3","mime":"audio\/mpeg","copyright":{"license":"U"}}]},{"text":" nguye ","startDuration":"1.9088","endDuration":"2.2289","wordfile":[{"path":"audios\/wordfile-65bd6aa4b1ea9.mp3","mime":"audio\/mpeg","copyright":{"license":"U"}}]},{"text":" omfushane. ","startDuration":"2.2299","endDuration":"3.2979","wordfile":[{"path":"audios\/wordfile-65bd6aba829e8.mp3","mime":"audio\/mpeg","copyright":{"license":"U"}}]}],"files":[{"path":"audios\/files-65bd6a4cb3489.mp3","mime":"audio\/mpeg","copyright":{"license":"U"}}]},"subContentId":"8c5d4296-c45f-4915-b2dd-c8a5191d743e","metadata":{"contentType":"Curious Reader Audio","license":"U","title":"Untitled Curious Reader Audio"}},"backgroundOpacity":0,"willDoAnimation":false,"animationType":"glow","displayAsButton":false,"buttonSize":"big","goToSlideType":"specified","invisible":false},{"x":30.612244897959183,"y":62.95465994962217,"width":12.372448979591837,"height":19.8992443324937,"action":{"library":"H5P.Image 1.1","params":{"contentName":"Image"},"subContentId":"762ca0f2-0580-4c14-88be-340a0be98f63","metadata":{"contentType":"Image","license":"U","title":"Untitled Image"}},"backgroundOpacity":0,"willDoAnimation":true,"animationType":"glow","displayAsButton":false,"buttonSize":"big","goToSlideType":"specified","invisible":false,"id":"img8c5d4296-c45f-4915-b2dd-c8a5191d743e_1"}],"slideBackgroundSelector":{}},{"elements":[{"x":14.159041394335512,"y":7.847370689655173,"width":35.83877995642702,"height":89.00862068965517,"action":{"library":"H5P.Image 1.1","params":{"contentName":"Image","file":{"path":"images\/file-620d8d312228a.jpg","mime":"image\/jpeg","copyright":{"license":"U"},"width":479,"height":687}},"metadata":{"contentType":"Image","license":"U","title":"Untitled Image"},"subContentId":"e767bcfd-f9ac-468c-afd5-1d15bc90d6b7"},"backgroundOpacity":0,"willDoAnimation":false,"animationType":"glow","displayAsButton":false,"buttonSize":"big","goToSlideType":"specified","invisible":false},{"x":52.295918367346935,"y":37.7735516372796,"width":40.68877551020408,"height":44.332493702770776,"action":{"library":"H5P.CRAdvancedText 1.1","params":{"text":"<p style=\"text-align: center;\"><span style=\"color:#ffffff;\"><span style=\"font-size:1.75em;\">Yebo! Ujojo umfushane kunami. <\/span><\/span><\/p>\n"},"metadata":{"contentType":"Text","license":"U","title":"Untitled Text"},"subContentId":"39cedf09-b96c-4342-b744-bd04d9bc599f"},"alwaysDisplayComments":false,"backgroundOpacity":0,"willDoAnimation":false,"animationType":"glow","displayAsButton":false,"buttonSize":"big","goToSlideType":"specified","invisible":false,"solution":""},{"x":47.00255102040816,"y":43.95465994962216,"width":40,"height":40,"action":{"library":"H5P.CRAudio 1.4","params":{"fitToWrapper":true,"currIndex":14,"playerMode":"minimalistic","controls":true,"autoplay":true,"playAudio":"Play audio","pauseAudio":"Pause audio","contentName":"Audio","glowColor":"#ffd85a","timeStampForEachText":[{"text":" Yebo! ","startDuration":"0.0000","endDuration":"0.7672","wordfile":[{"path":"audios\/wordfile-65bd6afb68497.mp3","mime":"audio\/mpeg","copyright":{"license":"U"}}]},{"text":" Ujojo ","startDuration":"0.7682","endDuration":"1.2538","wordfile":[{"path":"audios\/wordfile-65bd6b0de76ab.mp3","mime":"audio\/mpeg","copyright":{"license":"U"}}]},{"text":" umfushane ","startDuration":"1.2548","endDuration":"1.7873","wordfile":[{"path":"audios\/wordfile-65bd6b2df1f97.mp3","mime":"audio\/mpeg","copyright":{"license":"U"}}]},{"text":" kunami. ","startDuration":"1.7883","endDuration":"2.7159","wordfile":[{"path":"audios\/wordfile-65bd6b65e72f9.mp3","mime":"audio\/mpeg","copyright":{"license":"U"}}]}],"files":[{"path":"audios\/files-65bd6ad49bf0f.mp3","mime":"audio\/mpeg","copyright":{"license":"U"}}]},"subContentId":"d50062b2-313a-48d1-bc7c-72df329839e8","metadata":{"contentType":"Curious Reader Audio","license":"U","title":"Untitled Curious Reader Audio"}},"backgroundOpacity":0,"willDoAnimation":false,"animationType":"glow","displayAsButton":false,"buttonSize":"big","goToSlideType":"specified","invisible":false},{"x":14.030612244897958,"y":52.86926952141058,"width":21.301020408163264,"height":40.050377833753146,"action":{"library":"H5P.Image 1.1","params":{"contentName":"Image"},"subContentId":"d57e8ada-f129-432a-9d94-0385f85117d4","metadata":{"contentType":"Image","license":"U","title":"Untitled Image"}},"backgroundOpacity":0,"willDoAnimation":true,"animationType":"glow","displayAsButton":false,"buttonSize":"big","goToSlideType":"specified","invisible":false,"id":"imgd50062b2-313a-48d1-bc7c-72df329839e8_1"},{"x":29.336734693877553,"y":17.632241813602015,"width":18.75,"height":72.29219143576826,"action":{"library":"H5P.Image 1.1","params":{"contentName":"Image"},"subContentId":"ae518115-e06e-493b-9eae-d6323f09f2e7","metadata":{"contentType":"Image","license":"U","title":"Untitled Image"}},"backgroundOpacity":0,"willDoAnimation":true,"animationType":"glow","displayAsButton":false,"buttonSize":"big","goToSlideType":"specified","invisible":false,"id":"imgd50062b2-313a-48d1-bc7c-72df329839e8_3"}],"slideBackgroundSelector":{}},{"elements":[{"x":13.832270408163264,"y":6.468438287153652,"width":34.43877551020408,"height":90.42821158690175,"action":{"library":"H5P.Image 1.1","params":{"contentName":"Image","file":{"path":"images\/file-620d8d58bb16b.jpg","mime":"image\/jpeg","copyright":{"license":"U"},"width":639,"height":918}},"metadata":{"contentType":"Image","license":"U","title":"Untitled Image"},"subContentId":"04bd3f8e-9a22-417f-8446-3b35b45f2017"},"backgroundOpacity":0,"willDoAnimation":false,"animationType":"glow","displayAsButton":false,"buttonSize":"big","goToSlideType":"specified","invisible":false},{"x":48.46938775510204,"y":35.26448362720403,"width":48.19277108433735,"height":47.61904761904762,"action":{"library":"H5P.CRAdvancedText 1.1","params":{"text":"<p style=\"text-align: center;\"><span style=\"color:#ffffff;\"><span style=\"font-size:1.75em;\">Ngimfishane kunomfowethu.<\/span><\/span><\/p>\n"},"metadata":{"contentType":"Text","license":"U","title":"Untitled Text"},"subContentId":"b00aa312-f8c8-4f22-9029-c4157e853a0b"},"alwaysDisplayComments":false,"backgroundOpacity":0,"willDoAnimation":false,"animationType":"glow","displayAsButton":false,"buttonSize":"big","goToSlideType":"specified","invisible":false,"solution":""},{"x":47.00255102040816,"y":43.95465994962216,"width":40,"height":40,"action":{"library":"H5P.CRAudio 1.4","params":{"fitToWrapper":true,"currIndex":15,"playerMode":"minimalistic","controls":true,"autoplay":true,"playAudio":"Play audio","pauseAudio":"Pause audio","contentName":"Audio","glowColor":"#ffd85a","timeStampForEachText":[{"text":" Ngimfishane ","startDuration":"0.0000","endDuration":"1.1286","wordfile":[{"path":"audios\/wordfile-65bd6b9df2272.mp3","mime":"audio\/mpeg","copyright":{"license":"U"}}]},{"text":" kunomfowethu. ","startDuration":"1.1296","endDuration":"2.2171","wordfile":[{"path":"audios\/wordfile-65bd6bbd198c9.mp3","mime":"audio\/mpeg","copyright":{"license":"U"}}]}],"files":[{"path":"audios\/files-65bd6b8548ba0.mp3","mime":"audio\/mpeg","copyright":{"license":"U"}}]},"subContentId":"840f1f4c-9acc-4998-95f0-c70cb77907e9","metadata":{"contentType":"Curious Reader Audio","license":"U","title":"Untitled Curious Reader Audio"}},"backgroundOpacity":0,"willDoAnimation":false,"animationType":"glow","displayAsButton":false,"buttonSize":"big","goToSlideType":"specified","invisible":false},{"x":31.887755102040817,"y":12.586599496221663,"width":13.64795918367347,"height":72.29219143576826,"action":{"library":"H5P.Image 1.1","params":{"contentName":"Image"},"subContentId":"1c92aeb5-4244-48ee-b9dc-a7c281b26014","metadata":{"contentType":"Image","license":"U","title":"Untitled Image"}},"backgroundOpacity":0,"willDoAnimation":true,"animationType":"glow","displayAsButton":false,"buttonSize":"big","goToSlideType":"specified","invisible":false,"id":"img840f1f4c-9acc-4998-95f0-c70cb77907e9_1"}],"slideBackgroundSelector":{}},{"elements":[{"x":14.161220043572985,"y":6.4655172413793105,"width":35.947712418300654,"height":90.73275862068967,"action":{"library":"H5P.Image 1.1","params":{"contentName":"Image","file":{"path":"images\/file-620d8da1ca430.jpg","mime":"image\/jpeg","copyright":{"license":"U"},"width":479,"height":687}},"metadata":{"contentType":"Image","license":"U","title":"Untitled Image"},"subContentId":"60e40c47-4d45-4d74-8969-9c409aee425a"},"backgroundOpacity":0,"willDoAnimation":false,"animationType":"glow","displayAsButton":false,"buttonSize":"big","goToSlideType":"specified","invisible":false},{"x":45.91836734693878,"y":42.78564231738036,"width":47.066326530612244,"height":44.332493702770776,"action":{"library":"H5P.CRAdvancedText 1.1","params":{"text":"<p style=\"text-align: center;\"><span style=\"color:#ffffff;\"><span style=\"font-size:1.75em;\">Umfowethu umfushane kunodadewethu. <\/span><\/span><\/p>\n"},"metadata":{"contentType":"Text","license":"U","title":"Untitled Text"},"subContentId":"40505f01-196a-41bf-aa85-9622c5c2a3ad"},"alwaysDisplayComments":false,"backgroundOpacity":0,"willDoAnimation":false,"animationType":"glow","displayAsButton":false,"buttonSize":"big","goToSlideType":"specified","invisible":false,"solution":""},{"x":47.00255102040816,"y":43.95465994962216,"width":40,"height":40,"action":{"library":"H5P.CRAudio 1.4","params":{"fitToWrapper":true,"currIndex":16,"playerMode":"minimalistic","controls":true,"autoplay":true,"playAudio":"Play audio","pauseAudio":"Pause audio","contentName":"Audio","glowColor":"#ffd85a","timeStampForEachText":[{"text":" Umfowethu ","startDuration":"0.0000","endDuration":"1.3236","wordfile":[{"path":"audios\/wordfile-65bd6bf7ef92e.mp3","mime":"audio\/mpeg","copyright":{"license":"U"}}]},{"text":" umfushane ","startDuration":"1.3246","endDuration":"1.9418","wordfile":[{"path":"audios\/wordfile-65bd6c1c8f324.mp3","mime":"audio\/mpeg","copyright":{"license":"U"}}]},{"text":" kunodadewethu. ","startDuration":"1.9428","endDuration":"3.3660","wordfile":[{"path":"audios\/wordfile-65bd6c35363ad.mp3","mime":"audio\/mpeg","copyright":{"license":"U"}}]}],"files":[{"path":"audios\/files-65bd6bd886e98.mp3","mime":"audio\/mpeg","copyright":{"license":"U"}}]},"subContentId":"e29c4e7a-3209-4fee-b23a-c448a89403ca","metadata":{"contentType":"Curious Reader Audio","license":"U","title":"Untitled Curious Reader Audio"}},"backgroundOpacity":0,"willDoAnimation":false,"animationType":"glow","displayAsButton":false,"buttonSize":"big","goToSlideType":"specified","invisible":false},{"x":36.98979591836735,"y":15.105491183879094,"width":12.372448979591837,"height":64.73551637279597,"action":{"library":"H5P.Image 1.1","params":{"contentName":"Image"},"subContentId":"34caeefd-ff84-4896-935d-769e8add43d0","metadata":{"contentType":"Image","license":"U","title":"Untitled Image"}},"backgroundOpacity":0,"willDoAnimation":true,"animationType":"glow","displayAsButton":false,"buttonSize":"big","goToSlideType":"specified","invisible":false,"id":"imge29c4e7a-3209-4fee-b23a-c448a89403ca_0"},{"x":16.581632653061224,"y":7.548816120906801,"width":12.372448979591837,"height":74.81108312342569,"action":{"library":"H5P.Image 1.1","params":{"contentName":"Image"},"subContentId":"7f0fee84-e342-4f2d-8760-4b7d91c84c6f","metadata":{"contentType":"Image","license":"U","title":"Untitled Image"}},"backgroundOpacity":0,"willDoAnimation":true,"animationType":"glow","displayAsButton":false,"buttonSize":"big","goToSlideType":"specified","invisible":false,"id":"imge29c4e7a-3209-4fee-b23a-c448a89403ca_2"}],"slideBackgroundSelector":{}},{"elements":[{"x":14.596949891067538,"y":5.603448275862069,"width":34.85838779956427,"height":91.16379310344828,"action":{"library":"H5P.Image 1.1","params":{"contentName":"Image","file":{"path":"images\/file-620d8dcd7ce8c.jpg","mime":"image\/jpeg","copyright":{"license":"U"},"width":479,"height":687}},"metadata":{"contentType":"Image","license":"U","title":"Untitled Image"},"subContentId":"74592e07-1d40-4cfc-8d4f-dc0d059d43f9"},"backgroundOpacity":0,"willDoAnimation":false,"animationType":"glow","displayAsButton":false,"buttonSize":"big","goToSlideType":"specified","invisible":false},{"x":49.698086734693874,"y":42.809319899244336,"width":46.683673469387756,"height":40.30226700251889,"action":{"library":"H5P.CRAdvancedText 1.1","params":{"text":"<p style=\"text-align: center;\"><span style=\"color:#ffffff;\"><span style=\"font-size:1.75em;\">Udadewethu umfushane kunoma.<\/span><\/span><\/p>\n"},"metadata":{"contentType":"Text","license":"U","title":"Untitled Text"},"subContentId":"92ba9eab-d1d6-4076-8fec-e22df4b24868"},"alwaysDisplayComments":false,"backgroundOpacity":0,"willDoAnimation":false,"animationType":"glow","displayAsButton":false,"buttonSize":"big","goToSlideType":"specified","invisible":false,"solution":""},{"x":47.00255102040816,"y":43.95465994962216,"width":40,"height":40,"action":{"library":"H5P.CRAudio 1.4","params":{"fitToWrapper":true,"currIndex":17,"playerMode":"minimalistic","controls":true,"autoplay":true,"playAudio":"Play audio","pauseAudio":"Pause audio","contentName":"Audio","glowColor":"#ffd85a","timeStampForEachText":[{"text":" Udadewethu ","startDuration":"0.0000","endDuration":"1.0841","wordfile":[{"path":"audios\/wordfile-65bd6c729e736.mp3","mime":"audio\/mpeg","copyright":{"license":"U"}}]},{"text":" umfushane ","startDuration":"1.0851","endDuration":"1.7534","wordfile":[{"path":"audios\/wordfile-65bd6c8d8607a.mp3","mime":"audio\/mpeg","copyright":{"license":"U"}}]},{"text":" kunoma. ","startDuration":"1.7544","endDuration":"2.8587","wordfile":[{"path":"audios\/wordfile-65bd6cac10033.mp3","mime":"audio\/mpeg","copyright":{"license":"U"}}]}],"files":[{"path":"audios\/files-65bd6c4f02c66.mp3","mime":"audio\/mpeg","copyright":{"license":"U"}}]},"subContentId":"7e9d2338-2d32-40e0-bb04-d8c76014c5ee","metadata":{"contentType":"Curious Reader Audio","license":"U","title":"Untitled Curious Reader Audio"}},"backgroundOpacity":0,"willDoAnimation":false,"animationType":"glow","displayAsButton":false,"buttonSize":"big","goToSlideType":"specified","invisible":false},{"x":16.581632653061224,"y":20.133425692695216,"width":11.096938775510205,"height":69.77329974811083,"action":{"library":"H5P.Image 1.1","params":{"contentName":"Image"},"subContentId":"5ac903be-3a55-46f5-9c80-50936ffae838","metadata":{"contentType":"Image","license":"U","title":"Untitled Image"}},"backgroundOpacity":0,"willDoAnimation":true,"animationType":"glow","displayAsButton":false,"buttonSize":"big","goToSlideType":"specified","invisible":false,"id":"img7e9d2338-2d32-40e0-bb04-d8c76014c5ee_0"},{"x":24.23469387755102,"y":17.626347607052896,"width":11.096938775510205,"height":32.49370277078086,"action":{"library":"H5P.Image 1.1","params":{"contentName":"Image"},"subContentId":"baeca696-b8c9-4540-9aed-466dd7d608b8","metadata":{"contentType":"Image","license":"U","title":"Untitled Image"}},"backgroundOpacity":0,"willDoAnimation":true,"animationType":"glow","displayAsButton":false,"buttonSize":"big","goToSlideType":"specified","invisible":false,"id":"img7e9d2338-2d32-40e0-bb04-d8c76014c5ee_2"}],"slideBackgroundSelector":{}},{"elements":[{"x":13.069005102040816,"y":6.468438287153652,"width":35.714285714285715,"height":90.6801007556675,"action":{"library":"H5P.Image 1.1","params":{"contentName":"Image","file":{"path":"images\/file-620d8e258bed1.jpg","mime":"image\/jpeg","copyright":{"license":"U"},"width":479,"height":687}},"metadata":{"contentType":"Image","license":"U","title":"Untitled Image"},"subContentId":"bf6b3186-5b89-4ff3-9612-1418d24637a7"},"backgroundOpacity":0,"willDoAnimation":false,"animationType":"glow","displayAsButton":false,"buttonSize":"big","goToSlideType":"specified","invisible":false},{"x":49.744897959183675,"y":35.26448362720403,"width":46.68674698795181,"height":44.642857142857146,"action":{"library":"H5P.CRAdvancedText 1.1","params":{"text":"<p style=\"text-align: center;\"><span style=\"color:#ffffff;\"><span style=\"font-size:1.75em;\">Uma umfushane kunobaba.<\/span><\/span><\/p>\n"},"metadata":{"contentType":"Text","license":"U","title":"Untitled Text"},"subContentId":"ef36c518-73f4-43db-8cda-d2cb2720d30c"},"alwaysDisplayComments":false,"backgroundOpacity":0,"willDoAnimation":false,"animationType":"glow","displayAsButton":false,"buttonSize":"big","goToSlideType":"specified","invisible":false,"solution":""},{"x":47.00255102040816,"y":43.95465994962216,"width":40,"height":40,"action":{"library":"H5P.CRAudio 1.4","params":{"fitToWrapper":true,"currIndex":18,"playerMode":"minimalistic","controls":true,"autoplay":true,"playAudio":"Play audio","pauseAudio":"Pause audio","contentName":"Audio","glowColor":"#ffd85a","timeStampForEachText":[{"text":" Uma ","startDuration":"0.0000","endDuration":"0.9373","wordfile":[{"path":"audios\/wordfile-65bd6ceed1f35.mp3","mime":"audio\/mpeg","copyright":{"license":"U"}}]},{"text":" umfushane ","startDuration":"0.9373","endDuration":"1.5800","wordfile":[{"path":"audios\/wordfile-65bd6d1e059ea.mp3","mime":"audio\/mpeg","copyright":{"license":"U"}}]},{"text":" kunobaba. ","startDuration":"1.5810","endDuration":"2.5854","wordfile":[{"path":"audios\/wordfile-65bd6d3a6bf1a.mp3","mime":"audio\/mpeg","copyright":{"license":"U"}}]}],"files":[{"path":"audios\/files-65bd6cbf5567c.mp3","mime":"audio\/mpeg","copyright":{"license":"U"}}]},"subContentId":"e7dc876d-8a52-40d5-bcee-40260d5e6312","metadata":{"contentType":"Curious Reader Audio","license":"U","title":"Untitled Curious Reader Audio"}},"backgroundOpacity":0,"willDoAnimation":false,"animationType":"glow","displayAsButton":false,"buttonSize":"big","goToSlideType":"specified","invisible":false},{"x":15.306122448979592,"y":17.6204282115869,"width":13.64795918367347,"height":31.989924433249367,"action":{"library":"H5P.Image 1.1","params":{"contentName":"Image"},"subContentId":"858d3d4e-6211-48e0-b6db-14d9b1f0781c","metadata":{"contentType":"Image","license":"U","title":"Untitled Image"}},"backgroundOpacity":0,"willDoAnimation":true,"animationType":"glow","displayAsButton":false,"buttonSize":"big","goToSlideType":"specified","invisible":false,"id":"imge7dc876d-8a52-40d5-bcee-40260d5e6312_0"},{"x":29.336734693877553,"y":12.590528967254407,"width":11.096938775510205,"height":29.974811083123424,"action":{"library":"H5P.Image 1.1","params":{"contentName":"Image"},"subContentId":"1aa062f7-9839-4eef-a06e-d1bcdc2ff3fd","metadata":{"contentType":"Image","license":"U","title":"Untitled Image"}},"backgroundOpacity":0,"willDoAnimation":true,"animationType":"glow","displayAsButton":false,"buttonSize":"big","goToSlideType":"specified","invisible":false,"id":"imge7dc876d-8a52-40d5-bcee-40260d5e6312_2"}],"slideBackgroundSelector":{}},{"elements":[{"x":13.071023965141611,"y":6.482349137931035,"width":35.83877995642702,"height":90.51724137931035,"action":{"library":"H5P.Image 1.1","params":{"contentName":"Image","file":{"path":"images\/file-620d8e5f7c6e2.jpg","mime":"image\/jpeg","copyright":{"license":"U"},"width":639,"height":918}},"metadata":{"contentType":"Image","license":"U","title":"Untitled Image"},"subContentId":"e85d8338-0d12-4245-9ceb-cc02d0c59251"},"backgroundOpacity":0,"willDoAnimation":false,"animationType":"glow","displayAsButton":false,"buttonSize":"big","goToSlideType":"specified","invisible":false},{"x":51.204719387755105,"y":35.254659949622166,"width":45.1530612244898,"height":47.858942065491185,"action":{"library":"H5P.CRAdvancedText 1.1","params":{"text":"<p style=\"text-align: center;\"><span style=\"color:#ffffff;\"><span style=\"font-size:1.75em;\">Hewu! ubaba nguye omude kunabo bonke, futhi ujojo nguye omfushane kakhulu. <\/span><\/span><\/p>\n"},"metadata":{"contentType":"Text","license":"U","title":"Untitled Text"},"subContentId":"c2b229a0-7cb1-4263-a149-f90f8c228871"},"alwaysDisplayComments":false,"backgroundOpacity":0,"willDoAnimation":false,"animationType":"glow","displayAsButton":false,"buttonSize":"big","goToSlideType":"specified","invisible":false,"solution":""},{"x":47.00255102040816,"y":43.95465994962216,"width":40,"height":40,"action":{"library":"H5P.CRAudio 1.4","params":{"fitToWrapper":true,"currIndex":19,"playerMode":"minimalistic","controls":true,"autoplay":true,"playAudio":"Play audio","pauseAudio":"Pause audio","contentName":"Audio","glowColor":"#ffd85a","timeStampForEachText":[{"text":" Hewu! ","startDuration":"0.0000","endDuration":"1.1486","wordfile":[{"path":"audios\/wordfile-65bd6d800a132.mp3","mime":"audio\/mpeg","copyright":{"license":"U"}}]},{"text":" ubaba ","startDuration":"1.1496","endDuration":"1.6332","wordfile":[{"path":"audios\/wordfile-65bd6d8eccbfb.mp3","mime":"audio\/mpeg","copyright":{"license":"U"}}]},{"text":" nguye ","startDuration":"1.6342","endDuration":"2.0493","wordfile":[{"path":"audios\/wordfile-65bd6db70b6e0.mp3","mime":"audio\/mpeg","copyright":{"license":"U"}}]},{"text":" omude ","startDuration":"2.0503","endDuration":"2.4752","wordfile":[{"path":"audios\/wordfile-65bd6dd275d8f.mp3","mime":"audio\/mpeg","copyright":{"license":"U"}}]},{"text":" kunabo ","startDuration":"2.4762","endDuration":"3.0478","wordfile":[{"path":"audios\/wordfile-65bd6de7ec266.mp3","mime":"audio\/mpeg","copyright":{"license":"U"}}]},{"text":" bonke, ","startDuration":"3.0488","endDuration":"3.8453","wordfile":[{"path":"audios\/wordfile-65bd6dfd3db18.mp3","mime":"audio\/mpeg","copyright":{"license":"U"}}]},{"text":" futhi ","startDuration":"3.8463","endDuration":"4.6624","wordfile":[{"path":"audios\/wordfile-65bd6e23d024d.mp3","mime":"audio\/mpeg","copyright":{"license":"U"}}]},{"text":" ujojo ","startDuration":"4.6634","endDuration":"5.1568","wordfile":[{"path":"audios\/wordfile-65bd6e49a4176.mp3","mime":"audio\/mpeg","copyright":{"license":"U"}}]},{"text":" nguye ","startDuration":"5.1578","endDuration":"5.3578","wordfile":[{"path":"audios\/wordfile-65bd6e59defca.mp3","mime":"audio\/mpeg","copyright":{"license":"U"}}]},{"text":" omfushane ","startDuration":"5.3588","endDuration":"5.9206","wordfile":[{"path":"audios\/wordfile-65bd6e6dd8d54.mp3","mime":"audio\/mpeg","copyright":{"license":"U"}}]},{"text":" kakhulu. ","startDuration":"5.9216","endDuration":"7.2169","wordfile":[{"path":"audios\/wordfile-65bd6e7ebee2f.mp3","mime":"audio\/mpeg","copyright":{"license":"U"}}]}],"files":[{"path":"audios\/files-65bd6d5b34e13.mp3","mime":"audio\/mpeg","copyright":{"license":"U"}}]},"subContentId":"1a969f0e-1f93-46d1-9a2a-5ae5f405d5eb","metadata":{"contentType":"Curious Reader Audio","license":"U","title":"Untitled Curious Reader Audio"}},"backgroundOpacity":0,"willDoAnimation":false,"animationType":"glow","displayAsButton":false,"buttonSize":"big","goToSlideType":"specified","invisible":false},{"x":29.336734693877553,"y":65.43803526448363,"width":11.096938775510205,"height":19.8992443324937,"action":{"library":"H5P.Image 1.1","params":{"contentName":"Image"},"subContentId":"119c760c-b895-4531-812c-b27fdc469db8","metadata":{"contentType":"Image","license":"U","title":"Untitled Image"}},"backgroundOpacity":0,"willDoAnimation":true,"animationType":"glow","displayAsButton":false,"buttonSize":"big","goToSlideType":"specified","invisible":false,"id":"img1a969f0e-1f93-46d1-9a2a-5ae5f405d5eb_7"},{"x":21.683673469387756,"y":7.55471032745592,"width":9.821428571428571,"height":26.952141057934508,"action":{"library":"H5P.Image 1.1","params":{"contentName":"Image"},"subContentId":"64d5cbcd-a453-4879-b8ad-8867d23ddf29","metadata":{"contentType":"Image","license":"U","title":"Untitled Image"}},"backgroundOpacity":0,"willDoAnimation":true,"animationType":"glow","displayAsButton":false,"buttonSize":"big","goToSlideType":"specified","invisible":false,"id":"img1a969f0e-1f93-46d1-9a2a-5ae5f405d5eb_1"}],"slideBackgroundSelector":{}},{"slideBackgroundSelector":{"fillSlideBackground":"#510265"},"elements":[{"x":71.42857142857143,"y":5.037783375314861,"width":26.403061224489797,"height":11.335012594458437,"action":{"library":"H5P.Image 1.1","params":{"contentName":"Image","file":{"path":"images\/file-621416dbd21d6.jpg","mime":"image\/jpeg","copyright":{"license":"U"},"width":1024,"height":209}},"metadata":{"contentType":"Image","license":"U","title":"Untitled Image"},"subContentId":"dca461cf-2797-43fc-8235-d1458724dbba"},"backgroundOpacity":0,"willDoAnimation":false,"animationType":"glow","displayAsButton":false,"buttonSize":"big","goToSlideType":"specified","invisible":false},{"x":3.826530612244898,"y":5.0338539042821155,"width":17.857142857142858,"height":13.09823677581864,"action":{"library":"H5P.Image 1.1","params":{"contentName":"Image","file":{"path":"images\/file-621417de42c38.png","mime":"image\/png","copyright":{"license":"U"},"width":1350,"height":505}},"metadata":{"contentType":"Image","license":"U","title":"Untitled Image"},"subContentId":"e53810ff-db6a-457c-935d-dab072652420"},"backgroundOpacity":0,"willDoAnimation":false,"animationType":"glow","displayAsButton":false,"buttonSize":"big","goToSlideType":"specified","invisible":false},{"x":38.052040816326524,"y":5.0338539042821155,"width":24.489795918367346,"height":12.594458438287154,"action":{"library":"H5P.Image 1.1","params":{"contentName":"Image","file":{"path":"images\/file-6214180a8b815.png","mime":"image\/png","copyright":{"license":"U"},"width":814,"height":202}},"metadata":{"contentType":"Image","license":"U","title":"Untitled Image"},"subContentId":"3d16a928-46cf-41e8-bb91-7aad8259e418"},"backgroundOpacity":0,"willDoAnimation":false,"animationType":"glow","displayAsButton":false,"buttonSize":"big","goToSlideType":"specified","invisible":false},{"x":6.475204081632653,"y":22.66413098236776,"width":88.01020408163265,"height":72.29219143576826,"action":{"library":"H5P.CRAdvancedText 1.1","params":{"text":"<h3 style=\"text-align: center;\"><strong><span style=\"font-size:0.75em;\"><span style=\"background-color:#ffffff;\">\"<\/span><\/span><span style=\"background-color:#ffffff;\">Ubude nobufushane.<\/span><span style=\"font-size:0.75em;\"><span style=\"background-color:#ffffff;\">\" credits<\/span><\/span><\/strong><\/h3>\n\n<h3 style=\"text-align: center;\"><strong><span style=\"font-size:0.75em;\"><span style=\"background-color:#ffffff;\">This work, \u201c<\/span><\/span><span style=\"background-color:#ffffff;\">Ubude nobufushane.<\/span><span style=\"font-size:0.75em;\"><span style=\"background-color:#ffffff;\">\u201d, is a derivative of \u201c<\/span><\/span><span style=\"background-color:#ffffff;\">Ubude nobufushane.<\/span><span style=\"font-size:0.75em;\"><span style=\"background-color:#ffffff;\">\u201d as translated by Celia Bolam used under CC BY. &nbsp;The \u00a9 for this translation lies with Room to Read, 2015. It is based on the original story: '\u1781\u17d2\u1796\u179f\u17cb\u1793\u17b7\u1784\u1791\u17b6\u1794', by Huy Chheng Rattana. \u00a9 Room to Read, 2015. Some changes were made to this work.<\/span><\/span><\/strong><\/h3>\n\n<h3 style=\"text-align: center;\"><strong><span style=\"font-size:0.75em;\"><span style=\"background-color:#ffffff;\">\u201c<\/span><\/span><span style=\"background-color:#ffffff;\">Ubude nobufushane.<\/span><span style=\"font-size:0.75em;\"><span style=\"background-color:#ffffff;\">\u201d is licensed under CC BY 4.0 by Curious Learning.<\/span><\/span><\/strong><\/h3>\n\n<h3 style=\"text-align: center;\"><br>\n<strong><span style=\"font-size:0.75em;\"><span style=\"background-color:#ffffff;\">Book builder - Abraham Jerry Kakooza<\/span><\/span><\/strong><\/h3>\n"},"metadata":{"contentType":"Text","license":"U","title":"Untitled Text"},"subContentId":"8d8d3374-d294-4681-b51f-66825d72b97e"},"alwaysDisplayComments":false,"backgroundOpacity":0,"willDoAnimation":false,"animationType":"glow","displayAsButton":false,"buttonSize":"big","goToSlideType":"specified","invisible":false,"solution":""}]}],"keywordListEnabled":true,"globalBackgroundSelector":{"fillGlobalBackground":"#fbeffe"},"keywordListAlwaysShow":false,"keywordListAutoHide":false,"keywordListOpacity":90},"override":{"activeSurface":false,"hideSummarySlide":false,"summarySlideSolutionButton":true,"summarySlideRetryButton":true,"enablePrintButton":false,"social":{"showFacebookShare":false,"facebookShare":{"url":"@currentpageurl","quote":"I scored @score out of @maxScore on a task at @currentpageurl."},"showTwitterShare":false,"twitterShare":{"statement":"I scored @score out of @maxScore on a task at @currentpageurl.","url":"@currentpageurl","hashtags":"h5p, course"},"showGoogleShare":false,"googleShareUrl":"@currentpageurl"}},"l10n":{"slide":"Slide","score":"Score","yourScore":"Your Score","maxScore":"Max Score","total":"Total","totalScore":"Total Score","showSolutions":"Show solutions","retry":"Retry","exportAnswers":"Export text","hideKeywords":"Hide sidebar navigation menu","showKeywords":"Show sidebar navigation menu","fullscreen":"Fullscreen","exitFullscreen":"Exit fullscreen","prevSlide":"Previous slide","nextSlide":"Next slide","currentSlide":"Current slide","lastSlide":"Last slide","solutionModeTitle":"Exit solution mode","solutionModeText":"Solution Mode","summaryMultipleTaskText":"Multiple tasks","scoreMessage":"You achieved:","shareFacebook":"Share on Facebook","shareTwitter":"Share on Twitter","shareGoogle":"Share on Google+","summary":"Summary","solutionsButtonTitle":"Show comments","printTitle":"Print","printIngress":"How would you like to print this presentation?","printAllSlides":"Print all slides","printCurrentSlide":"Print current slide","noTitle":"No title","accessibilitySlideNavigationExplanation":"Use left and right arrow to change slide in that direction whenever canvas is selected.","accessibilityCanvasLabel":"Presentation canvas. Use left and right arrow to move between slides.","containsNotCompleted":"@slideName contains not completed interaction","containsCompleted":"@slideName contains completed interaction","slideCount":"Slide @index of @total","containsOnlyCorrect":"@slideName only has correct answers","containsIncorrectAnswers":"@slideName has incorrect answers","shareResult":"Share Result","accessibilityTotalScore":"You got @score of @maxScore points in total","accessibilityEnteredFullscreen":"Entered fullscreen","accessibilityExitedFullscreen":"Exited fullscreen"}}