{"presentation":{"slides":[{"elements":[{"x":17.429193899782135,"y":8.620689655172415,"width":68.84531590413944,"height":68.96551724137932,"action":{"library":"H5P.Image 1.1","params":{"contentName":"Image","file":{"path":"images\/file-620d8a2cc3689.jpg","mime":"image\/jpeg","copyright":{"license":"U"},"width":959,"height":459}},"metadata":{"contentType":"Image","license":"U","title":"Untitled Image"},"subContentId":"e3b59ba2-3660-4937-9e57-1a84d4a9288f"},"backgroundOpacity":0,"willDoAnimation":false,"animationType":"glow","displayAsButton":false,"buttonSize":"big","goToSlideType":"specified","invisible":false},{"x":7.653061224489796,"y":80.53954659949622,"width":84.18367346938776,"height":18.387909319899244,"action":{"library":"H5P.CRAdvancedText 1.1","params":{"text":"<h2 dir=\"ltr\" style=\"text-align: center;\"><span style=\"font-size:2.25em;\">\u0905\u0917\u094d\u0932\u094b \u0930 \u091b\u094b\u091f\u094b<\/span><\/h2>\n"},"metadata":{"contentType":"Text","license":"U","title":"Untitled Text"},"subContentId":"42a27549-400d-40e1-8a3f-637c9bb8f8e3"},"alwaysDisplayComments":false,"backgroundOpacity":0,"willDoAnimation":false,"animationType":"glow","displayAsButton":false,"buttonSize":"big","goToSlideType":"specified","invisible":false,"solution":""}],"slideBackgroundSelector":{}},{"elements":[{"x":16.33986928104575,"y":4.310344827586207,"width":33.769063180827885,"height":92.67241379310346,"action":{"library":"H5P.Image 1.1","params":{"contentName":"Image","file":{"path":"images\/file-620d8a6738172.jpg","mime":"image\/jpeg","copyright":{"license":"U"},"width":639,"height":918}},"metadata":{"contentType":"Image","license":"U","title":"Untitled Image"},"subContentId":"86bc88c5-2cdb-451e-a5b4-6abe821a6812"},"backgroundOpacity":0,"willDoAnimation":false,"animationType":"glow","displayAsButton":false,"buttonSize":"big","goToSlideType":"specified","invisible":false},{"x":42.09183673469388,"y":32.72594458438287,"width":55.10204081632653,"height":47.60705289672544,"action":{"library":"H5P.CRAdvancedText 1.1","params":{"text":"<p dir=\"ltr\" style=\"text-align: center;\"><span style=\"color:#ffffff;\"><span style=\"font-size:2.25em;\">\u092a\u093e\u092a\u093e\u0932\u0947 \u092e\u0947\u0930\u094b \u091f\u094b\u092a\u0940 \u0932\u093f\u0926\u0948\u0939\u0941\u0928\u0941\u0939\u0941\u0928\u094d\u091b\u0964<\/span><\/span><\/p>\n"},"metadata":{"contentType":"Text","license":"U","title":"Untitled Text"},"subContentId":"f4995bd1-cc12-4e69-bfb8-289b817b7c0d"},"alwaysDisplayComments":false,"backgroundOpacity":0,"willDoAnimation":false,"animationType":"glow","displayAsButton":false,"buttonSize":"big","goToSlideType":"specified","invisible":false,"solution":""},{"x":47.00255102040816,"y":43.95465994962216,"width":40,"height":40,"action":{"library":"H5P.CRAudio 1.4","params":{"fitToWrapper":true,"currIndex":1,"playerMode":"minimalistic","controls":true,"autoplay":true,"playAudio":"Play audio","pauseAudio":"Pause audio","contentName":"Audio","glowColor":"#ffd85a","timeStampForEachText":[{"text":" \u092a\u093e\u092a\u093e\u0932\u0947 ","startDuration":"0.0000","endDuration":"0.7142","wordfile":[{"path":"audios\/wordfile-65e62c0b2242d.wav","mime":"audio\/x-wav","copyright":{"license":"U"}}]},{"text":" \u092e\u0947\u0930\u094b ","startDuration":"0.7152","endDuration":"1.1763","wordfile":[{"path":"audios\/wordfile-65e62c1c23857.wav","mime":"audio\/x-wav","copyright":{"license":"U"}}]},{"text":" \u091f\u094b\u092a\u0940 ","startDuration":"1.1773","endDuration":"1.7452","wordfile":[{"path":"audios\/wordfile-65e62c2c27622.wav","mime":"audio\/x-wav","copyright":{"license":"U"}}]},{"text":" \u0932\u093f\u0926\u0948\u0939\u0941\u0928\u0941\u0939\u0941\u0928\u094d\u091b\u0964 ","startDuration":"1.7462","endDuration":"2.9351","wordfile":[{"path":"audios\/wordfile-65e62d3189bcf.wav","mime":"audio\/x-wav","copyright":{"license":"U"}}]}],"files":[{"path":"audios\/files-65e62bf7f3242.wav","mime":"audio\/x-wav","copyright":{"license":"U"}}]},"subContentId":"f26bdb94-48ea-4c18-b557-2284a14ca89b","metadata":{"contentType":"Curious Reader Audio","license":"U","title":"Untitled Curious Reader Audio"}},"backgroundOpacity":0,"willDoAnimation":false,"animationType":"glow","displayAsButton":false,"buttonSize":"big","goToSlideType":"specified","invisible":false},{"x":17.857142857142858,"y":15.101536523929472,"width":14.923469387755102,"height":79.84886649874055,"action":{"library":"H5P.Image 1.1","params":{"contentName":"Image"},"subContentId":"d6fecad4-d79d-4572-a24e-5ed9432cfe91","metadata":{"contentType":"Image","license":"U","title":"Untitled Image"}},"backgroundOpacity":0,"willDoAnimation":true,"animationType":"glow","displayAsButton":false,"buttonSize":"big","goToSlideType":"specified","invisible":false,"id":"imgf26bdb94-48ea-4c18-b557-2284a14ca89b_0"},{"x":31.887755102040817,"y":12.590528967254407,"width":13.64795918367347,"height":21.914357682619645,"action":{"library":"H5P.Image 1.1","params":{"contentName":"Image"},"subContentId":"602af368-76fe-4b41-937e-75e02eb9d409","metadata":{"contentType":"Image","license":"U","title":"Untitled Image"}},"backgroundOpacity":0,"willDoAnimation":true,"animationType":"glow","displayAsButton":false,"buttonSize":"big","goToSlideType":"specified","invisible":false,"id":"imgf26bdb94-48ea-4c18-b557-2284a14ca89b_2"}],"slideBackgroundSelector":{}},{"elements":[{"x":13.64795918367347,"y":4.785894206549118,"width":35.83877995642702,"height":92.45689655172414,"action":{"library":"H5P.Image 1.1","params":{"contentName":"Image","file":{"path":"images\/file-620d8aa4e43d4.jpg","mime":"image\/jpeg","copyright":{"license":"U"},"width":639,"height":918}},"metadata":{"contentType":"Image","license":"U","title":"Untitled Image"},"subContentId":"3e74c6d2-b90c-43ec-9186-121956d1fe47"},"backgroundOpacity":0,"willDoAnimation":false,"animationType":"glow","displayAsButton":false,"buttonSize":"big","goToSlideType":"specified","invisible":false},{"x":51.02040816326531,"y":45.34005037783375,"width":43.62244897959184,"height":36.77581863979849,"action":{"library":"H5P.CRAdvancedText 1.1","params":{"text":"<p dir=\"ltr\" style=\"text-align: center;\"><span style=\"font-size:2.25em;\"><span style=\"color:#ffffff;\">\u092a\u093e \u0905\u0917\u094d\u0932\u094b \u0939\u0941\u0928\u0941\u0939\u0941\u0928\u094d\u091b\u0964<\/span><\/span><\/p>\n"},"metadata":{"contentType":"Text","license":"U","title":"Untitled Text"},"subContentId":"b7542dd4-189f-4b2d-952f-e85fda7b0c62"},"alwaysDisplayComments":false,"backgroundOpacity":0,"willDoAnimation":false,"animationType":"glow","displayAsButton":false,"buttonSize":"big","goToSlideType":"specified","invisible":false,"solution":""},{"x":47.00255102040816,"y":43.95465994962216,"width":40,"height":40,"action":{"library":"H5P.CRAudio 1.4","params":{"fitToWrapper":true,"currIndex":2,"playerMode":"minimalistic","controls":true,"autoplay":true,"playAudio":"Play audio","pauseAudio":"Pause audio","contentName":"Audio","glowColor":"#ffd85a","timeStampForEachText":[{"text":" \u092a\u093e ","startDuration":"0.0000","endDuration":"0.4441","wordfile":[{"path":"audios\/wordfile-6605fdce3d6d0.wav","mime":"audio\/x-wav","copyright":{"license":"U"}}]},{"text":" \u0905\u0917\u094d\u0932\u094b ","startDuration":"0.4451","endDuration":"0.9752","wordfile":[{"path":"audios\/wordfile-65e62d86a0933.wav","mime":"audio\/x-wav","copyright":{"license":"U"}}]},{"text":" \u0939\u0941\u0928\u0941\u0939\u0941\u0928\u094d\u091b\u0964 ","startDuration":"0.9762","endDuration":"1.7250","wordfile":[{"path":"audios\/wordfile-65e62d9880834.wav","mime":"audio\/x-wav","copyright":{"license":"U"}}]}],"files":[{"path":"audios\/files-65e62d5b3a611.wav","mime":"audio\/x-wav","copyright":{"license":"U"}}]},"subContentId":"1fb04adf-8b73-43b7-94da-be76475c690d","metadata":{"contentType":"Curious Reader Audio","license":"U","title":"Untitled Curious Reader Audio"}},"backgroundOpacity":0,"willDoAnimation":false,"animationType":"glow","displayAsButton":false,"buttonSize":"big","goToSlideType":"specified","invisible":false},{"x":14.030612244897958,"y":12.582644836272038,"width":20.025510204081634,"height":84.88664987405541,"action":{"library":"H5P.Image 1.1","params":{"contentName":"Image"},"subContentId":"91170276-9b0c-46ee-a4bc-fb8b914d08b5","metadata":{"contentType":"Image","license":"U","title":"Untitled Image"}},"backgroundOpacity":0,"willDoAnimation":true,"animationType":"glow","displayAsButton":false,"buttonSize":"big","goToSlideType":"specified","invisible":false,"id":"img1fb04adf-8b73-43b7-94da-be76475c690d_0"}],"slideBackgroundSelector":{}},{"elements":[{"x":11.982570806100219,"y":4.310344827586207,"width":37.03703703703704,"height":92.45689655172414,"action":{"library":"H5P.Image 1.1","params":{"contentName":"Image","file":{"path":"images\/file-620d8ad1200cf.jpg","mime":"image\/jpeg","copyright":{"license":"U"},"width":639,"height":918}},"metadata":{"contentType":"Image","license":"U","title":"Untitled Image"},"subContentId":"5320e841-c68d-4668-8597-5f7779b4b505"},"backgroundOpacity":0,"willDoAnimation":false,"animationType":"glow","displayAsButton":false,"buttonSize":"big","goToSlideType":"specified","invisible":false},{"x":40.816326530612244,"y":47.817632241813605,"width":53.57142857142857,"height":35.26448362720403,"action":{"library":"H5P.CRAdvancedText 1.1","params":{"text":"<p dir=\"ltr\" style=\"text-align: center;\"><span style=\"font-size:2.25em;\"><span style=\"color:#ffffff;\">\u0906\u092e\u093e\u0932\u0947 \u092e\u0947\u0930\u094b \u0936\u0930\u094d\u091f \u0932\u093f\u0926\u0948\u0939\u0941\u0928\u0941\u0939\u0941\u0928\u094d\u091b\u0964 <\/span><\/span><\/p>\n"},"metadata":{"contentType":"Text","license":"U","title":"Untitled Text"},"subContentId":"7a9464c3-2eed-4e01-b076-b5a7ad132295"},"alwaysDisplayComments":false,"backgroundOpacity":0,"willDoAnimation":false,"animationType":"glow","displayAsButton":false,"buttonSize":"big","goToSlideType":"specified","invisible":false,"solution":""},{"x":47.00255102040816,"y":43.95465994962216,"width":40,"height":40,"action":{"library":"H5P.CRAudio 1.4","params":{"fitToWrapper":true,"currIndex":3,"playerMode":"minimalistic","controls":true,"autoplay":true,"playAudio":"Play audio","pauseAudio":"Pause audio","contentName":"Audio","glowColor":"#ffd85a","timeStampForEachText":[{"text":" \u0906\u092e\u093e\u0932\u0947 ","startDuration":"0.0000","endDuration":"0.7281","wordfile":[{"path":"audios\/wordfile-65e62e0a2f078.wav","mime":"audio\/x-wav","copyright":{"license":"U"}}]},{"text":" \u092e\u0947\u0930\u094b ","startDuration":"0.7291","endDuration":"1.4287","wordfile":[{"path":"audios\/wordfile-65e62e1c5742b.wav","mime":"audio\/x-wav","copyright":{"license":"U"}}]},{"text":" \u0936\u0930\u094d\u091f ","startDuration":"1.4297","endDuration":"2.0008","wordfile":[{"path":"audios\/wordfile-65e62e2d96c7f.wav","mime":"audio\/x-wav","copyright":{"license":"U"}}]},{"text":" \u0932\u093f\u0926\u0948\u0939\u0941\u0928\u0941\u0939\u0941\u0928\u094d\u091b\u0964 ","startDuration":"2.0008","endDuration":"3.4854","wordfile":[{"path":"audios\/wordfile-65e62f51c97ee.wav","mime":"audio\/x-wav","copyright":{"license":"U"}}]}],"files":[{"path":"audios\/files-65e62df32e2b2.wav","mime":"audio\/x-wav","copyright":{"license":"U"}}]},"subContentId":"ef6f58cc-e18d-45fc-93c0-b79675d91fb1","metadata":{"contentType":"Curious Reader Audio","license":"U","title":"Untitled Curious Reader Audio"}},"backgroundOpacity":0,"willDoAnimation":false,"animationType":"glow","displayAsButton":false,"buttonSize":"big","goToSlideType":"specified","invisible":false},{"x":21.683673469387756,"y":10.06375314861461,"width":16.198979591836736,"height":79.84886649874055,"action":{"library":"H5P.Image 1.1","params":{"contentName":"Image"},"subContentId":"2778907d-3638-421a-8f45-b58318c1c75d","metadata":{"contentType":"Image","license":"U","title":"Untitled Image"}},"backgroundOpacity":0,"willDoAnimation":true,"animationType":"glow","displayAsButton":false,"buttonSize":"big","goToSlideType":"specified","invisible":false,"id":"imgef6f58cc-e18d-45fc-93c0-b79675d91fb1_0"},{"x":30.612244897959183,"y":22.658211586901764,"width":13.64795918367347,"height":31.989924433249367,"action":{"library":"H5P.Image 1.1","params":{"contentName":"Image"},"subContentId":"567fb2d0-0755-47cc-ad75-7818cbd3e61f","metadata":{"contentType":"Image","license":"U","title":"Untitled Image"}},"backgroundOpacity":0,"willDoAnimation":true,"animationType":"glow","displayAsButton":false,"buttonSize":"big","goToSlideType":"specified","invisible":false,"id":"imgef6f58cc-e18d-45fc-93c0-b79675d91fb1_2"}],"slideBackgroundSelector":{}},{"elements":[{"x":14.159041394335512,"y":5.622456896551724,"width":34.85838779956427,"height":91.5948275862069,"action":{"library":"H5P.Image 1.1","params":{"contentName":"Image","file":{"path":"images\/file-620d8b1736f35.jpg","mime":"image\/jpeg","copyright":{"license":"U"},"width":639,"height":918}},"metadata":{"contentType":"Image","license":"U","title":"Untitled Image"},"subContentId":"da6c7321-c9b6-41ec-9674-273fac8064d7"},"backgroundOpacity":0,"willDoAnimation":false,"animationType":"glow","displayAsButton":false,"buttonSize":"big","goToSlideType":"specified","invisible":false},{"x":48.46938775510204,"y":32.7455919395466,"width":51.53061224489796,"height":31.989924433249367,"action":{"library":"H5P.CRAdvancedText 1.1","params":{"text":"<p dir=\"ltr\" style=\"text-align: center;\"><span style=\"color:#ffffff;\"><span style=\"font-size:2.25em;\">\u092a\u093e \u0906\u092e\u093e \u092d\u0928\u094d\u0926\u093e \u0905\u0917\u094d\u0932\u094b \u0939\u0941\u0928\u0941\u0939\u0941\u0928\u094d\u091b\u0964 <\/span><\/span><\/p>\n"},"metadata":{"contentType":"Text","license":"U","title":"Untitled Text"},"subContentId":"427b279f-447a-4bc3-88f4-5875a33673fb"},"alwaysDisplayComments":false,"backgroundOpacity":0,"willDoAnimation":false,"animationType":"glow","displayAsButton":false,"buttonSize":"big","goToSlideType":"specified","invisible":false,"solution":""},{"x":47.00255102040816,"y":43.95465994962216,"width":40,"height":40,"action":{"library":"H5P.CRAudio 1.4","params":{"fitToWrapper":true,"currIndex":4,"playerMode":"minimalistic","controls":true,"autoplay":true,"playAudio":"Play audio","pauseAudio":"Pause audio","contentName":"Audio","glowColor":"#ffd85a","timeStampForEachText":[{"text":" \u092a\u093e ","startDuration":"0.0000","endDuration":"0.4066","wordfile":[{"path":"audios\/wordfile-65e62f8ea2785.wav","mime":"audio\/x-wav","copyright":{"license":"U"}}]},{"text":" \u0906\u092e\u093e ","startDuration":"0.4076","endDuration":"0.8284","wordfile":[{"path":"audios\/wordfile-65e62faba6489.wav","mime":"audio\/x-wav","copyright":{"license":"U"}}]},{"text":" \u092d\u0928\u094d\u0926\u093e ","startDuration":"0.8294","endDuration":"1.3392","wordfile":[{"path":"audios\/wordfile-65e62fc16c746.wav","mime":"audio\/x-wav","copyright":{"license":"U"}}]},{"text":" \u0905\u0917\u094d\u0932\u094b ","startDuration":"1.3402","endDuration":"1.8963","wordfile":[{"path":"audios\/wordfile-65e62fd48f3c7.wav","mime":"audio\/x-wav","copyright":{"license":"U"}}]},{"text":" \u0939\u0941\u0928\u0941\u0939\u0941\u0928\u094d\u091b\u0964 ","startDuration":"1.8973","endDuration":"2.6425","wordfile":[{"path":"audios\/wordfile-65e62fe6e75fb.wav","mime":"audio\/x-wav","copyright":{"license":"U"}}]}],"files":[{"path":"audios\/files-65e62f791012c.wav","mime":"audio\/x-wav","copyright":{"license":"U"}}]},"subContentId":"468b1ce3-90a5-40e1-a20d-52451c49500a","metadata":{"contentType":"Curious Reader Audio","license":"U","title":"Untitled Curious Reader Audio"}},"backgroundOpacity":0,"willDoAnimation":false,"animationType":"glow","displayAsButton":false,"buttonSize":"big","goToSlideType":"specified","invisible":false},{"x":30.612244897959183,"y":5.031889168765743,"width":16.198979591836736,"height":92.4433249370277,"action":{"library":"H5P.Image 1.1","params":{"contentName":"Image"},"subContentId":"2f779adf-8607-4cef-bf53-f288e6ef45b2","metadata":{"contentType":"Image","license":"U","title":"Untitled Image"}},"backgroundOpacity":0,"willDoAnimation":true,"animationType":"glow","displayAsButton":false,"buttonSize":"big","goToSlideType":"specified","invisible":false,"id":"img468b1ce3-90a5-40e1-a20d-52451c49500a_0"},{"x":21.683673469387756,"y":15.101536523929472,"width":12.372448979591837,"height":74.81108312342569,"action":{"library":"H5P.Image 1.1","params":{"contentName":"Image"},"subContentId":"f3857ccd-1542-4887-a639-a517b85dfbe0","metadata":{"contentType":"Image","license":"U","title":"Untitled Image"}},"backgroundOpacity":0,"willDoAnimation":true,"animationType":"glow","displayAsButton":false,"buttonSize":"big","goToSlideType":"specified","invisible":false,"id":"img468b1ce3-90a5-40e1-a20d-52451c49500a_1"}],"slideBackgroundSelector":{}},{"elements":[{"x":14.161220043572985,"y":6.4655172413793105,"width":35.947712418300654,"height":90.73275862068967,"action":{"library":"H5P.Image 1.1","params":{"contentName":"Image","file":{"path":"images\/file-620d8b4901fed.jpg","mime":"image\/jpeg","copyright":{"license":"U"},"width":639,"height":918}},"metadata":{"contentType":"Image","license":"U","title":"Untitled Image"},"subContentId":"6ac3b20e-f38f-448c-b501-13c259c38112"},"backgroundOpacity":0,"willDoAnimation":false,"animationType":"glow","displayAsButton":false,"buttonSize":"big","goToSlideType":"specified","invisible":false},{"x":48.46938775510204,"y":40.30226700251889,"width":45.79081632653061,"height":42.82115869017632,"action":{"library":"H5P.CRAdvancedText 1.1","params":{"text":"<p dir=\"ltr\" style=\"text-align: center;\"><span style=\"color:#ffffff;\"><span style=\"font-size:2.25em;\">\u092e\u0947\u0930\u0940 \u0926\u093f\u0926\u0940\u0932\u0947 \u092e\u0947\u0930\u094b \u0915\u093f\u0924\u093e\u092c \u0932\u093f\u0926\u0948\u0939\u0941\u0928\u0941\u0939\u0941\u0928\u094d\u091b\u0964<\/span><\/span><\/p>\n"},"metadata":{"contentType":"Text","license":"U","title":"Untitled Text"},"subContentId":"f688a718-41f1-4ef1-868f-0ba583d4838c"},"alwaysDisplayComments":false,"backgroundOpacity":0,"willDoAnimation":false,"animationType":"glow","displayAsButton":false,"buttonSize":"big","goToSlideType":"specified","invisible":false,"solution":""},{"x":93.11224489795919,"y":2.5188916876574305,"width":40,"height":40,"action":{"library":"H5P.CRAudio 1.4","params":{"fitToWrapper":true,"currIndex":5,"playerMode":"minimalistic","controls":true,"autoplay":true,"playAudio":"Play audio","pauseAudio":"Pause audio","contentName":"Audio","glowColor":"#ffd85a","timeStampForEachText":[{"text":" \u092e\u0947\u0930\u0940 ","startDuration":"0.0000","endDuration":"0.5701","wordfile":[{"path":"audios\/wordfile-65e6302784762.wav","mime":"audio\/x-wav","copyright":{"license":"U"}}]},{"text":" \u0926\u093f\u0926\u0940\u0932\u0947 ","startDuration":"0.5711","endDuration":"1.3288","wordfile":[{"path":"audios\/wordfile-65e6303a301f6.wav","mime":"audio\/x-wav","copyright":{"license":"U"}}]},{"text":" \u092e\u0947\u0930\u094b ","startDuration":"1.3298","endDuration":"1.8358","wordfile":[{"path":"audios\/wordfile-65e6304aa401b.wav","mime":"audio\/x-wav","copyright":{"license":"U"}}]},{"text":" \u0915\u093f\u0924\u093e\u092c ","startDuration":"1.8368","endDuration":"2.2984","wordfile":[{"path":"audios\/wordfile-65e6306044be1.wav","mime":"audio\/x-wav","copyright":{"license":"U"}}]},{"text":" \u0932\u093f\u0926\u0948\u0939\u0941\u0928\u0941\u0939\u0941\u0928\u094d\u091b\u0964 ","startDuration":"2.2994","endDuration":"3.6619","wordfile":[{"path":"audios\/wordfile-65e630a146dc2.wav","mime":"audio\/x-wav","copyright":{"license":"U"}}]}],"files":[{"path":"audios\/files-65e630123f289.wav","mime":"audio\/x-wav","copyright":{"license":"U"}}]},"subContentId":"d4ea906f-3afd-4fbd-be22-3beb3d36e9ce","metadata":{"contentType":"Curious Reader Audio","license":"U","title":"Untitled Curious Reader Audio"}},"backgroundOpacity":0,"willDoAnimation":false,"animationType":"glow","displayAsButton":false,"buttonSize":"big","goToSlideType":"specified","invisible":false},{"x":25.510204081632654,"y":12.582644836272038,"width":13.64795918367347,"height":79.84886649874055,"action":{"library":"H5P.Image 1.1","params":{"contentName":"Image"},"subContentId":"8c41e673-bbe6-4706-bef5-0afa192e0f21","metadata":{"contentType":"Image","license":"U","title":"Untitled Image"}},"backgroundOpacity":0,"willDoAnimation":true,"animationType":"glow","displayAsButton":false,"buttonSize":"big","goToSlideType":"specified","invisible":false,"id":"imgd4ea906f-3afd-4fbd-be22-3beb3d36e9ce_1"},{"x":21.683673469387756,"y":42.809319899244336,"width":11.096938775510205,"height":19.395465994962215,"action":{"library":"H5P.Image 1.1","params":{"contentName":"Image"},"subContentId":"428fe478-3f17-4c50-a2ab-9ac4595c0c21","metadata":{"contentType":"Image","license":"U","title":"Untitled Image"}},"backgroundOpacity":0,"willDoAnimation":true,"animationType":"glow","displayAsButton":false,"buttonSize":"big","goToSlideType":"specified","invisible":false,"id":"imgd4ea906f-3afd-4fbd-be22-3beb3d36e9ce_3"}],"slideBackgroundSelector":{}},{"elements":[{"x":14.161220043572985,"y":5.81896551724138,"width":34.85838779956427,"height":90.51724137931035,"action":{"library":"H5P.Image 1.1","params":{"contentName":"Image","file":{"path":"images\/file-620d8b7b9c561.jpg","mime":"image\/jpeg","copyright":{"license":"U"},"width":639,"height":918}},"metadata":{"contentType":"Image","license":"U","title":"Untitled Image"},"subContentId":"1fe8c6e8-1dec-4179-a1c4-d367fb27a427"},"backgroundOpacity":0,"willDoAnimation":false,"animationType":"glow","displayAsButton":false,"buttonSize":"big","goToSlideType":"specified","invisible":false},{"x":49.744897959183675,"y":32.7455919395466,"width":46.68674698795181,"height":47.61904761904762,"action":{"library":"H5P.CRAdvancedText 1.1","params":{"text":"<p dir=\"ltr\" style=\"text-align: center;\"><span style=\"color:#ffffff;\"><span style=\"font-size:1.75em;\">\u0906\u092e\u093e \u092e\u0947\u0930\u0940 \u0926\u093f\u0926\u0940 \u092d\u0928\u094d\u0926\u093e \u0905\u0917\u094d\u0932\u094b \u0939\u0941\u0928\u0941\u0939\u0941\u0928\u094d\u091b\u0964<\/span><\/span><\/p>\n"},"metadata":{"contentType":"Text","license":"U","title":"Untitled Text"},"subContentId":"24116825-9948-4089-b68a-788f85a1c6fa"},"alwaysDisplayComments":false,"backgroundOpacity":0,"willDoAnimation":false,"animationType":"glow","displayAsButton":false,"buttonSize":"big","goToSlideType":"specified","invisible":false,"solution":""},{"x":47.00255102040816,"y":43.95465994962216,"width":40,"height":40,"action":{"library":"H5P.CRAudio 1.4","params":{"fitToWrapper":true,"currIndex":6,"playerMode":"minimalistic","controls":true,"autoplay":true,"playAudio":"Play audio","pauseAudio":"Pause audio","contentName":"Audio","glowColor":"#ffd85a","timeStampForEachText":[{"text":" \u0906\u092e\u093e ","startDuration":"0.0000","endDuration":"0.5702","wordfile":[{"path":"audios\/wordfile-65e630d2b5c7c.wav","mime":"audio\/x-wav","copyright":{"license":"U"}}]},{"text":" \u092e\u0947\u0930\u0940 ","startDuration":"0.5712","endDuration":"1.0830","wordfile":[{"path":"audios\/wordfile-65e630e4822ab.wav","mime":"audio\/x-wav","copyright":{"license":"U"}}]},{"text":" \u0926\u093f\u0926\u0940 ","startDuration":"1.0840","endDuration":"1.6201","wordfile":[{"path":"audios\/wordfile-65e630f5ae83b.wav","mime":"audio\/x-wav","copyright":{"license":"U"}}]},{"text":" \u092d\u0928\u094d\u0926\u093e ","startDuration":"1.6211","endDuration":"2.2887","wordfile":[{"path":"audios\/wordfile-65e631064abd2.wav","mime":"audio\/x-wav","copyright":{"license":"U"}}]},{"text":" \u0905\u0917\u094d\u0932\u094b ","startDuration":"2.2897","endDuration":"2.8502","wordfile":[{"path":"audios\/wordfile-65e6312753a1c.wav","mime":"audio\/x-wav","copyright":{"license":"U"}}]},{"text":" \u0939\u0941\u0928\u0941\u0939\u0941\u0928\u094d\u091b\u0964 ","startDuration":"2.8512","endDuration":"3.6145","wordfile":[{"path":"audios\/wordfile-65e63140c7472.wav","mime":"audio\/x-wav","copyright":{"license":"U"}}]}],"files":[{"path":"audios\/files-65e630bfad580.wav","mime":"audio\/x-wav","copyright":{"license":"U"}}]},"subContentId":"f2c647ad-9f65-4311-a05f-488877007ade","metadata":{"contentType":"Curious Reader Audio","license":"U","title":"Untitled Curious Reader Audio"}},"backgroundOpacity":0,"willDoAnimation":false,"animationType":"glow","displayAsButton":false,"buttonSize":"big","goToSlideType":"specified","invisible":false},{"x":25.510204081632654,"y":7.550780856423174,"width":13.64795918367347,"height":72.29219143576826,"action":{"library":"H5P.Image 1.1","params":{"contentName":"Image"},"subContentId":"0e9bd0be-abc3-419b-85b3-79d2587f0862","metadata":{"contentType":"Image","license":"U","title":"Untitled Image"}},"backgroundOpacity":0,"willDoAnimation":true,"animationType":"glow","displayAsButton":false,"buttonSize":"big","goToSlideType":"specified","invisible":false,"id":"imgf2c647ad-9f65-4311-a05f-488877007ade_0"},{"x":17.857142857142858,"y":15.101536523929472,"width":12.372448979591837,"height":72.29219143576826,"action":{"library":"H5P.Image 1.1","params":{"contentName":"Image"},"subContentId":"924db937-c63c-4a52-b35e-ebbd0f807695","metadata":{"contentType":"Image","license":"U","title":"Untitled Image"}},"backgroundOpacity":0,"willDoAnimation":true,"animationType":"glow","displayAsButton":false,"buttonSize":"big","goToSlideType":"specified","invisible":false,"id":"imgf2c647ad-9f65-4311-a05f-488877007ade_2"}],"slideBackgroundSelector":{}},{"elements":[{"x":14.705882352941178,"y":5.387931034482759,"width":33.87799564270153,"height":90.73275862068967,"action":{"library":"H5P.Image 1.1","params":{"contentName":"Image","file":{"path":"images\/file-620d8bb185c3e.jpg","mime":"image\/jpeg","copyright":{"license":"U"},"width":639,"height":918}},"metadata":{"contentType":"Image","license":"U","title":"Untitled Image"},"subContentId":"8e0baedd-67c8-46c8-a1c5-9fe3f76afc8a"},"backgroundOpacity":0,"willDoAnimation":false,"animationType":"glow","displayAsButton":false,"buttonSize":"big","goToSlideType":"specified","invisible":false},{"x":49.744897959183675,"y":40.30226700251889,"width":48.97959183673469,"height":40.050377833753146,"action":{"library":"H5P.CRAdvancedText 1.1","params":{"text":"<p dir=\"ltr\" style=\"text-align: center;\"><span style=\"color:#ffffff;\"><span style=\"font-size:2.25em;\">\u092e\u0947\u0930\u094b \u0926\u093e\u0908\u0932\u0947 \u092e\u0947\u0930\u094b \u091d\u094b\u0932\u093e \u0932\u093f\u0926\u0948\u0939\u0941\u0928\u0941\u0939\u0941\u0928\u094d\u091b\u0964<\/span><\/span><\/p>\n"},"subContentId":"22bef6a0-db9d-41c6-8d29-e337c37675be","metadata":{"contentType":"Text","license":"U","title":"Untitled Text"}},"alwaysDisplayComments":false,"backgroundOpacity":0,"willDoAnimation":false,"animationType":"glow","displayAsButton":false,"buttonSize":"big","goToSlideType":"specified","invisible":false,"solution":""},{"x":27.233115468409586,"y":55.846881720430105,"width":5.882352941176471,"height":13.763440860215052,"action":{"library":"H5P.Image 1.1","params":{"contentName":"Image"},"subContentId":"b409b543-a873-4c35-9689-969b688f22d6","metadata":{"contentType":"Image","license":"U","title":"Untitled Image"}},"backgroundOpacity":0,"willDoAnimation":true,"animationType":"glow","displayAsButton":false,"buttonSize":"big","goToSlideType":"specified","invisible":false,"id":"img8dee2e25-240a-400b-9af6-18c7f75d2b96_6"},{"x":93.11224489795919,"y":2.5188916876574305,"width":40,"height":40,"action":{"library":"H5P.CRAudio 1.4","params":{"fitToWrapper":true,"currIndex":7,"playerMode":"minimalistic","controls":true,"autoplay":true,"playAudio":"Play audio","pauseAudio":"Pause audio","contentName":"Audio","glowColor":"#ffd85a","timeStampForEachText":[{"text":" \u092e\u0947\u0930\u094b ","startDuration":"0.0000","endDuration":"0.6288","wordfile":[{"path":"audios\/wordfile-65e631800e7c5.wav","mime":"audio\/x-wav","copyright":{"license":"U"}}]},{"text":" \u0926\u093e\u0908\u0932\u0947 ","startDuration":"0.6298","endDuration":"1.4034","wordfile":[{"path":"audios\/wordfile-65e631914ca8c.wav","mime":"audio\/x-wav","copyright":{"license":"U"}}]},{"text":" \u092e\u0947\u0930\u094b ","startDuration":"1.4044","endDuration":"2.0110","wordfile":[{"path":"audios\/wordfile-65e631a265cdf.wav","mime":"audio\/x-wav","copyright":{"license":"U"}}]},{"text":" \u091d\u094b\u0932\u093e ","startDuration":"2.0120","endDuration":"2.5629","wordfile":[{"path":"audios\/wordfile-65e631b2e6f05.wav","mime":"audio\/x-wav","copyright":{"license":"U"}}]},{"text":" \u0932\u093f\u0926\u0948\u0939\u0941\u0928\u0941\u0939\u0941\u0928\u094d\u091b\u0964 ","startDuration":"2.5639","endDuration":"4.1323","wordfile":[{"path":"audios\/wordfile-65e631ec12472.wav","mime":"audio\/x-wav","copyright":{"license":"U"}}]}],"files":[{"path":"audios\/files-65e6316b1c455.wav","mime":"audio\/x-wav","copyright":{"license":"U"}}]},"subContentId":"29a8b668-3b79-41fb-bf54-2a6320fb3105","metadata":{"contentType":"Curious Reader Audio","license":"U","title":"Untitled Curious Reader Audio"}},"backgroundOpacity":0,"willDoAnimation":false,"animationType":"glow","displayAsButton":false,"buttonSize":"big","goToSlideType":"specified","invisible":false},{"x":24.23469387755102,"y":27.684130982367762,"width":12.372448979591837,"height":54.659949622166245,"action":{"library":"H5P.Image 1.1","params":{"contentName":"Image"},"subContentId":"2acfd37f-2725-41a3-abda-c0c65b93c9ce","metadata":{"contentType":"Image","license":"U","title":"Untitled Image"}},"backgroundOpacity":0,"willDoAnimation":true,"animationType":"glow","displayAsButton":false,"buttonSize":"big","goToSlideType":"specified","invisible":false,"id":"img29a8b668-3b79-41fb-bf54-2a6320fb3105_1"},{"x":24.23469387755102,"y":27.684130982367762,"width":13.64795918367347,"height":57.178841309823675,"action":{"library":"H5P.Image 1.1","params":{"contentName":"Image"},"subContentId":"f10896d3-2748-434c-8409-428579a11ab1","metadata":{"contentType":"Image","license":"U","title":"Untitled Image"}},"backgroundOpacity":0,"willDoAnimation":true,"animationType":"glow","displayAsButton":false,"buttonSize":"big","goToSlideType":"specified","invisible":false,"id":"img29a8b668-3b79-41fb-bf54-2a6320fb3105_0"},{"x":25.510204081632654,"y":52.86926952141058,"width":11.096938775510205,"height":21.914357682619645,"action":{"library":"H5P.Image 1.1","params":{"contentName":"Image"},"subContentId":"f639c079-0498-4ed6-a234-1487aad96a62","metadata":{"contentType":"Image","license":"U","title":"Untitled Image"}},"backgroundOpacity":0,"willDoAnimation":true,"animationType":"glow","displayAsButton":false,"buttonSize":"big","goToSlideType":"specified","invisible":false,"id":"img29a8b668-3b79-41fb-bf54-2a6320fb3105_3"}],"slideBackgroundSelector":{}},{"elements":[{"x":14.705882352941178,"y":3.6637931034482762,"width":34.64052287581699,"height":92.45689655172414,"action":{"library":"H5P.Image 1.1","params":{"contentName":"Image","file":{"path":"images\/file-620d8be87d7ce.jpg","mime":"image\/jpeg","copyright":{"license":"U"},"width":639,"height":918}},"metadata":{"contentType":"Image","license":"U","title":"Untitled Image"},"subContentId":"b5dd1b5b-c4b7-4e07-9e11-de9c97fc90fa"},"backgroundOpacity":0,"willDoAnimation":false,"animationType":"glow","displayAsButton":false,"buttonSize":"big","goToSlideType":"specified","invisible":false},{"x":51.02040816326531,"y":42.82115869017632,"width":45.1530612244898,"height":41.81360201511335,"action":{"library":"H5P.CRAdvancedText 1.1","params":{"text":"<p dir=\"ltr\" style=\"text-align: center;\"><span style=\"color:#ffffff;\"><span style=\"font-size:1.75em;\">&nbsp;\u092e\u0947\u0930\u094b \u0926\u093f\u0926\u0940 \u092e\u0947\u0930\u094b \u0926\u093e\u091c\u0941 \u092d\u0928\u094d\u0926\u093e \u0905\u0917\u094d\u0932\u094b \u0939\u0941\u0928\u0941\u0939\u0941\u0928\u094d\u091b\u0964<\/span><\/span><\/p>\n"},"metadata":{"contentType":"Text","license":"U","title":"Untitled Text"},"subContentId":"47bba9d5-565b-4c0e-b5d0-f77886d7e3f1"},"alwaysDisplayComments":false,"backgroundOpacity":0,"willDoAnimation":false,"animationType":"glow","displayAsButton":false,"buttonSize":"big","goToSlideType":"specified","invisible":false,"solution":""},{"x":47.00255102040816,"y":43.95465994962216,"width":40,"height":40,"action":{"library":"H5P.CRAudio 1.4","params":{"fitToWrapper":true,"currIndex":8,"playerMode":"minimalistic","controls":true,"autoplay":true,"playAudio":"Play audio","pauseAudio":"Pause audio","contentName":"Audio","glowColor":"#ffd85a","timeStampForEachText":[{"text":" \u00a0\u092e\u0947\u0930\u094b ","startDuration":"0.0000","endDuration":"0.6331","wordfile":[{"path":"audios\/wordfile-65e632650bdad.wav","mime":"audio\/x-wav","copyright":{"license":"U"}}]},{"text":" \u0926\u093f\u0926\u0940 ","startDuration":"0.6341","endDuration":"1.1434","wordfile":[{"path":"audios\/wordfile-65e63274e1c72.wav","mime":"audio\/x-wav","copyright":{"license":"U"}}]},{"text":" \u092e\u0947\u0930\u094b ","startDuration":"1.1444","endDuration":"1.6950","wordfile":[{"path":"audios\/wordfile-65e632867cb7c.wav","mime":"audio\/x-wav","copyright":{"license":"U"}}]},{"text":" \u0926\u093e\u091c\u0941 ","startDuration":"1.6960","endDuration":"2.2878","wordfile":[{"path":"audios\/wordfile-65e63298dc288.wav","mime":"audio\/x-wav","copyright":{"license":"U"}}]},{"text":" \u092d\u0928\u094d\u0926\u093e ","startDuration":"2.2888","endDuration":"2.8033","wordfile":[{"path":"audios\/wordfile-65e632ad3240f.wav","mime":"audio\/x-wav","copyright":{"license":"U"}}]},{"text":" \u0905\u0917\u094d\u0932\u094b ","startDuration":"2.8043","endDuration":"3.1847","wordfile":[{"path":"audios\/wordfile-65e632c613a78.wav","mime":"audio\/x-wav","copyright":{"license":"U"}}]},{"text":" \u0939\u0941\u0928\u0941\u0939\u0941\u0928\u094d\u091b\u0964 ","startDuration":"3.1857","endDuration":"3.8253","wordfile":[{"path":"audios\/wordfile-65e632d74d057.wav","mime":"audio\/x-wav","copyright":{"license":"U"}}]}],"files":[{"path":"audios\/files-65e6322ed9651.wav","mime":"audio\/x-wav","copyright":{"license":"U"}}]},"subContentId":"e7019ba2-7f8a-41fe-a5c9-be1d6126916a","metadata":{"contentType":"Curious Reader Audio","license":"U","title":"Untitled Curious Reader Audio"}},"backgroundOpacity":0,"willDoAnimation":false,"animationType":"glow","displayAsButton":false,"buttonSize":"big","goToSlideType":"specified","invisible":false},{"x":31.887755102040817,"y":20.139319899244335,"width":13.64795918367347,"height":59.697732997481104,"action":{"library":"H5P.Image 1.1","params":{"contentName":"Image"},"subContentId":"a2db241f-9e01-4651-bafa-4e159e6916f8","metadata":{"contentType":"Image","license":"U","title":"Untitled Image"}},"backgroundOpacity":0,"willDoAnimation":true,"animationType":"glow","displayAsButton":false,"buttonSize":"big","goToSlideType":"specified","invisible":false,"id":"imge7019ba2-7f8a-41fe-a5c9-be1d6126916a_0"},{"x":31.887755102040817,"y":22.652317380352642,"width":12.372448979591837,"height":57.178841309823675,"action":{"library":"H5P.Image 1.1","params":{"contentName":"Image"},"subContentId":"c1951e58-a143-43de-b468-d33c89bb9c74","metadata":{"contentType":"Image","license":"U","title":"Untitled Image"}},"backgroundOpacity":0,"willDoAnimation":true,"animationType":"glow","displayAsButton":false,"buttonSize":"big","goToSlideType":"specified","invisible":false,"id":"imge7019ba2-7f8a-41fe-a5c9-be1d6126916a_1"},{"x":22.95918367346939,"y":25.17317380352645,"width":11.096938775510205,"height":57.178841309823675,"action":{"library":"H5P.Image 1.1","params":{"contentName":"Image"},"subContentId":"b6492ec3-d928-4909-9d5a-93cf542a0d45","metadata":{"contentType":"Image","license":"U","title":"Untitled Image"}},"backgroundOpacity":0,"willDoAnimation":true,"animationType":"glow","displayAsButton":false,"buttonSize":"big","goToSlideType":"specified","invisible":false,"id":"imge7019ba2-7f8a-41fe-a5c9-be1d6126916a_3"}],"slideBackgroundSelector":{}},{"elements":[{"x":15.24259259259259,"y":4.314547413793104,"width":34.85838779956427,"height":92.88793103448276,"action":{"library":"H5P.Image 1.1","params":{"contentName":"Image","file":{"path":"images\/file-620d8c22dbcda.jpg","mime":"image\/jpeg","copyright":{"license":"U"},"width":639,"height":918}},"metadata":{"contentType":"Image","license":"U","title":"Untitled Image"},"subContentId":"ec439803-414f-4f94-bef7-2c65cfc2ee92"},"backgroundOpacity":0,"willDoAnimation":false,"animationType":"glow","displayAsButton":false,"buttonSize":"big","goToSlideType":"specified","invisible":false},{"x":48.46938775510204,"y":45.34005037783375,"width":46.55612244897959,"height":39.29471032745592,"action":{"library":"H5P.CRAdvancedText 1.1","params":{"text":"<p dir=\"ltr\" style=\"text-align: center;\"><span style=\"color:#ffffff;\"><span style=\"font-size:1.75em;\">\u092e\u0947\u0930\u094b \u0926\u093e\u0908 \u092e \u092d\u0928\u094d\u0926\u093e \u0905\u0917\u094d\u0932\u094b \u0939\u0941\u0928\u0941\u0939\u0941\u0928\u094d\u091b\u0964<\/span><\/span><\/p>\n"},"metadata":{"contentType":"Text","license":"U","title":"Untitled Text"},"subContentId":"ead32f52-0e68-4cb4-a555-869a18f3fda3"},"alwaysDisplayComments":false,"backgroundOpacity":0,"willDoAnimation":false,"animationType":"glow","displayAsButton":false,"buttonSize":"big","goToSlideType":"specified","invisible":false,"solution":""},{"x":47.00255102040816,"y":43.95465994962216,"width":40,"height":40,"action":{"library":"H5P.CRAudio 1.4","params":{"fitToWrapper":true,"currIndex":9,"playerMode":"minimalistic","controls":true,"autoplay":true,"playAudio":"Play audio","pauseAudio":"Pause audio","contentName":"Audio","glowColor":"#ffd85a","timeStampForEachText":[{"text":" \u092e\u0947\u0930\u094b ","startDuration":"0.0000","endDuration":"0.5708","wordfile":[{"path":"audios\/wordfile-65e633112f29b.wav","mime":"audio\/x-wav","copyright":{"license":"U"}}]},{"text":" \u0926\u093e\u0908 ","startDuration":"0.5718","endDuration":"1.0731","wordfile":[{"path":"audios\/wordfile-65e6332238f9f.wav","mime":"audio\/x-wav","copyright":{"license":"U"}}]},{"text":" \u092e ","startDuration":"1.0741","endDuration":"1.5568","wordfile":[{"path":"audios\/wordfile-65e633341d1e2.wav","mime":"audio\/x-wav","copyright":{"license":"U"}}]},{"text":" \u092d\u0928\u094d\u0926\u093e ","startDuration":"1.5578","endDuration":"2.2352","wordfile":[{"path":"audios\/wordfile-65e6334594eb6.wav","mime":"audio\/x-wav","copyright":{"license":"U"}}]},{"text":" \u0905\u0917\u094d\u0932\u094b ","startDuration":"2.2362","endDuration":"2.7792","wordfile":[{"path":"audios\/wordfile-65e63357deca5.wav","mime":"audio\/x-wav","copyright":{"license":"U"}}]},{"text":" \u0939\u0941\u0928\u0941\u0939\u0941\u0928\u094d\u091b\u0964 ","startDuration":"2.7802","endDuration":"3.4390","wordfile":[{"path":"audios\/wordfile-65e6336a981e8.wav","mime":"audio\/x-wav","copyright":{"license":"U"}}]}],"files":[{"path":"audios\/files-65e632fcd8733.wav","mime":"audio\/x-wav","copyright":{"license":"U"}}]},"subContentId":"07e9f6ee-00fc-48fd-a869-35201973f1c7","metadata":{"contentType":"Curious Reader Audio","license":"U","title":"Untitled Curious Reader Audio"}},"backgroundOpacity":0,"willDoAnimation":false,"animationType":"glow","displayAsButton":false,"buttonSize":"big","goToSlideType":"specified","invisible":false},{"x":28.061224489795915,"y":25.15743073047859,"width":12.372448979591837,"height":64.73551637279597,"action":{"library":"H5P.Image 1.1","params":{"contentName":"Image"},"subContentId":"069db73c-5648-4b82-87dc-ad7ed46251f1","metadata":{"contentType":"Image","license":"U","title":"Untitled Image"}},"backgroundOpacity":0,"willDoAnimation":true,"animationType":"glow","displayAsButton":false,"buttonSize":"big","goToSlideType":"specified","invisible":false,"id":"img07e9f6ee-00fc-48fd-a869-35201973f1c7_0"},{"x":28.06122448979592,"y":27.707808564231737,"width":11.096938775510205,"height":62.216624685138534,"action":{"library":"H5P.Image 1.1","params":{"contentName":"Image"},"subContentId":"ef17e819-1ac7-40bf-b058-bb611e8b7434","metadata":{"contentType":"Image","license":"U","title":"Untitled Image"}},"backgroundOpacity":0,"willDoAnimation":true,"animationType":"glow","displayAsButton":false,"buttonSize":"big","goToSlideType":"specified","invisible":false,"id":"img07e9f6ee-00fc-48fd-a869-35201973f1c7_1"},{"x":17.857142857142858,"y":40.26675062972293,"width":13.64795918367347,"height":52.141057934508815,"action":{"library":"H5P.Image 1.1","params":{"contentName":"Image"},"subContentId":"c4fcd2ba-29b2-4379-9e3f-e5d315e3af09","metadata":{"contentType":"Image","license":"U","title":"Untitled Image"}},"backgroundOpacity":0,"willDoAnimation":true,"animationType":"glow","displayAsButton":false,"buttonSize":"big","goToSlideType":"specified","invisible":false,"id":"img07e9f6ee-00fc-48fd-a869-35201973f1c7_2"},{"x":17.857142857142858,"y":37.75390428211587,"width":13.64795918367347,"height":54.659949622166245,"action":{"library":"H5P.Image 1.1","params":{"contentName":"Image"},"subContentId":"4f1ea906-c6d0-4564-ba72-189fb35184af","metadata":{"contentType":"Image","license":"U","title":"Untitled Image"}},"backgroundOpacity":0,"willDoAnimation":true,"animationType":"glow","displayAsButton":false,"buttonSize":"big","goToSlideType":"specified","invisible":false,"id":"img07e9f6ee-00fc-48fd-a869-35201973f1c7_3"}],"slideBackgroundSelector":{}},{"elements":[{"x":16.338344226579522,"y":4.320560344827586,"width":33.00653594771242,"height":92.45689655172414,"action":{"library":"H5P.Image 1.1","params":{"contentName":"Image","file":{"path":"images\/file-620d8c5c30c01.jpg","mime":"image\/jpeg","copyright":{"license":"U"},"width":639,"height":918}},"metadata":{"contentType":"Image","license":"U","title":"Untitled Image"},"subContentId":"5bf06604-bab2-4fde-b399-8b6b9caf36cb"},"backgroundOpacity":0,"willDoAnimation":false,"animationType":"glow","displayAsButton":false,"buttonSize":"big","goToSlideType":"specified","invisible":false},{"x":47.19387755102041,"y":45.34005037783375,"width":49.234693877551024,"height":35.012594458438286,"action":{"library":"H5P.CRAdvancedText 1.1","params":{"text":"<p dir=\"ltr\" style=\"text-align: center;\"><span style=\"color:#ffffff;\"><span style=\"font-size:2.25em;\">\u092e \u092a\u0930\u093f\u0935\u093e\u0930\u092e\u093e \u0915\u093e\u0928\u094d\u091b\u094b \u0939\u0941\u0901\u0964<\/span><\/span><\/p>\n"},"metadata":{"contentType":"Text","license":"U","title":"Untitled Text"},"subContentId":"56834249-b644-479c-9c02-9b0b3ec5ce36"},"alwaysDisplayComments":false,"backgroundOpacity":0,"willDoAnimation":false,"animationType":"glow","displayAsButton":false,"buttonSize":"big","goToSlideType":"specified","invisible":false,"solution":""},{"x":47.00255102040816,"y":43.95465994962216,"width":40,"height":40,"action":{"library":"H5P.CRAudio 1.4","params":{"fitToWrapper":true,"currIndex":10,"playerMode":"minimalistic","controls":true,"autoplay":true,"playAudio":"Play audio","pauseAudio":"Pause audio","contentName":"Audio","glowColor":"#ffd85a","timeStampForEachText":[{"text":" \u092e ","startDuration":"0.0000","endDuration":"0.3601","wordfile":[{"path":"audios\/wordfile-6605fe5b888b1.wav","mime":"audio\/x-wav","copyright":{"license":"U"}}]},{"text":" \u092a\u0930\u093f\u0935\u093e\u0930\u092e\u093e ","startDuration":"0.3611","endDuration":"1.2549","wordfile":[{"path":"audios\/wordfile-65e633a34799c.wav","mime":"audio\/x-wav","copyright":{"license":"U"}}]},{"text":" \u0915\u093e\u0928\u094d\u091b\u094b ","startDuration":"1.2559","endDuration":"1.9488","wordfile":[{"path":"audios\/wordfile-65e633b458718.wav","mime":"audio\/x-wav","copyright":{"license":"U"}}]},{"text":" \u0939\u0941\u0901\u0964 ","startDuration":"1.9498","endDuration":"2.3294","wordfile":[{"path":"audios\/wordfile-65e633c52db23.wav","mime":"audio\/x-wav","copyright":{"license":"U"}}]}],"files":[{"path":"audios\/files-65e63380798c1.wav","mime":"audio\/x-wav","copyright":{"license":"U"}}]},"subContentId":"f5a95b58-5d4a-4e76-b8e2-cfed8610139c","metadata":{"contentType":"Curious Reader Audio","license":"U","title":"Untitled Curious Reader Audio"}},"backgroundOpacity":0,"willDoAnimation":false,"animationType":"glow","displayAsButton":false,"buttonSize":"big","goToSlideType":"specified","invisible":false},{"x":15.306122448979592,"y":12.586599496221663,"width":32.78061224489796,"height":72.29219143576826,"action":{"library":"H5P.Image 1.1","params":{"contentName":"Image"},"subContentId":"d208f705-c3b6-4a3a-a369-3b4b5f9efa7b","metadata":{"contentType":"Image","license":"U","title":"Untitled Image"}},"backgroundOpacity":0,"willDoAnimation":true,"animationType":"glow","displayAsButton":false,"buttonSize":"big","goToSlideType":"specified","invisible":false,"id":"imgf5a95b58-5d4a-4e76-b8e2-cfed8610139c_1"}],"slideBackgroundSelector":{}},{"elements":[{"x":17.426470588235293,"y":6.47334051724138,"width":32.46187363834423,"height":89.65517241379311,"action":{"library":"H5P.Image 1.1","params":{"contentName":"Image","file":{"path":"images\/file-620d8c9aa16a1.jpg","mime":"image\/jpeg","copyright":{"license":"U"},"width":639,"height":918}},"metadata":{"contentType":"Image","license":"U","title":"Untitled Image"},"subContentId":"ae70667a-fe5d-4f6e-96d3-e63ca9aa9160"},"backgroundOpacity":0,"willDoAnimation":false,"animationType":"glow","displayAsButton":false,"buttonSize":"big","goToSlideType":"specified","invisible":false},{"x":49.744897959183675,"y":37.78337531486146,"width":46.683673469387756,"height":51.63727959697733,"action":{"library":"H5P.CRAdvancedText 1.1","params":{"text":"<p dir=\"ltr\" style=\"text-align: center;\"><span style=\"color:#ffffff;\"><span style=\"font-size:2.25em;\">\u090f \u092a\u0930\u094d\u0916! \u0939\u093e\u092e\u094d\u0930\u094b \u0915\u0941\u0915\u0941\u0930 \u091b, \u091c\u094b\u091c\u094b\u0964<\/span><\/span><\/p>\n"},"metadata":{"contentType":"Text","license":"U","title":"Untitled Text"},"subContentId":"8161ff84-be72-45ae-8f2a-8be437f65b85"},"alwaysDisplayComments":false,"backgroundOpacity":0,"willDoAnimation":false,"animationType":"glow","displayAsButton":false,"buttonSize":"big","goToSlideType":"specified","invisible":false,"solution":""},{"x":47.00255102040816,"y":43.95465994962216,"width":40,"height":40,"action":{"library":"H5P.CRAudio 1.4","params":{"fitToWrapper":true,"currIndex":11,"playerMode":"minimalistic","controls":true,"autoplay":true,"playAudio":"Play audio","pauseAudio":"Pause audio","contentName":"Audio","glowColor":"#ffd85a","timeStampForEachText":[{"text":" \u090f ","startDuration":"0.0000","endDuration":"0.3507","wordfile":[{"path":"audios\/wordfile-65e6346093465.wav","mime":"audio\/x-wav","copyright":{"license":"U"}}]},{"text":" \u092a\u0930\u094d\u0916! ","startDuration":"0.3517","endDuration":"0.9723","wordfile":[{"path":"audios\/wordfile-65e634b750aa5.wav","mime":"audio\/x-wav","copyright":{"license":"U"}}]},{"text":" \u0939\u093e\u092e\u094d\u0930\u094b ","startDuration":"0.9723","endDuration":"1.5490","wordfile":[{"path":"audios\/wordfile-65e634db62ef7.wav","mime":"audio\/x-wav","copyright":{"license":"U"}}]},{"text":" \u0915\u0941\u0915\u0941\u0930 ","startDuration":"1.5500","endDuration":"2.0522","wordfile":[{"path":"audios\/wordfile-65e634fc3cf67.wav","mime":"audio\/x-wav","copyright":{"license":"U"}}]},{"text":" \u091b, ","startDuration":"2.0532","endDuration":"2.4614","wordfile":[{"path":"audios\/wordfile-65e635145a405.wav","mime":"audio\/x-wav","copyright":{"license":"U"}}]},{"text":" \u091c\u094b\u091c\u094b\u0964 ","startDuration":"2.4624","endDuration":"3.0297","wordfile":[{"path":"audios\/wordfile-65e635245181d.wav","mime":"audio\/x-wav","copyright":{"license":"U"}}]}],"files":[{"path":"audios\/files-65e633dd314ff.wav","mime":"audio\/x-wav","copyright":{"license":"U"}}]},"subContentId":"a475af0b-564c-453c-a3d2-c961b1e94913","metadata":{"contentType":"Curious Reader Audio","license":"U","title":"Untitled Curious Reader Audio"}},"backgroundOpacity":0,"willDoAnimation":false,"animationType":"glow","displayAsButton":false,"buttonSize":"big","goToSlideType":"specified","invisible":false},{"x":35.714285714285715,"y":65.43803526448363,"width":18.75,"height":24.937027707808564,"action":{"library":"H5P.Image 1.1","params":{"contentName":"Image"},"subContentId":"0be416fa-6a34-4897-a76c-a3fb7577df6e","metadata":{"contentType":"Image","license":"U","title":"Untitled Image"}},"backgroundOpacity":0,"willDoAnimation":true,"animationType":"glow","displayAsButton":false,"buttonSize":"big","goToSlideType":"specified","invisible":false,"id":"imga475af0b-564c-453c-a3d2-c961b1e94913_3"},{"x":35.714285714285715,"y":65.43803526448363,"width":14.923469387755102,"height":27.455919395465994,"action":{"library":"H5P.Image 1.1","params":{"contentName":"Image"},"subContentId":"3697f5c3-df35-4ddb-9336-86d9a2338315","metadata":{"contentType":"Image","license":"U","title":"Untitled Image"}},"backgroundOpacity":0,"willDoAnimation":true,"animationType":"glow","displayAsButton":false,"buttonSize":"big","goToSlideType":"specified","invisible":false,"id":"imga475af0b-564c-453c-a3d2-c961b1e94913_5"}],"slideBackgroundSelector":{}},{"elements":[{"x":16.228976034858388,"y":6.47334051724138,"width":32.6797385620915,"height":90.51724137931035,"action":{"library":"H5P.Image 1.1","params":{"contentName":"Image","file":{"path":"images\/file-620d8cddb99ae.jpg","mime":"image\/jpeg","copyright":{"license":"U"},"width":479,"height":687}},"metadata":{"contentType":"Image","license":"U","title":"Untitled Image"},"subContentId":"b0a958ff-98a9-43bb-a0f2-0d435e39a16f"},"backgroundOpacity":0,"willDoAnimation":false,"animationType":"glow","displayAsButton":false,"buttonSize":"big","goToSlideType":"specified","invisible":false},{"x":48.46938775510204,"y":42.82115869017632,"width":48.46938775510204,"height":39.29471032745592,"action":{"library":"H5P.CRAdvancedText 1.1","params":{"text":"<p dir=\"ltr\" style=\"text-align: center;\"><span style=\"color:#ffffff;\"><span style=\"font-size:2.25em;\">\u091c\u094b\u091c\u094b \u092e\u0947\u0930\u094b \u091a\u092a\u094d\u092a\u0932 \u0932\u094d\u092f\u093e\u0909\u0901\u0926\u0948\u091b\u0964<\/span><\/span><\/p>\n"},"metadata":{"contentType":"Text","license":"U","title":"Untitled Text"},"subContentId":"2efc4ee0-82fe-40bb-ab9a-bb7ccc93edf6"},"alwaysDisplayComments":false,"backgroundOpacity":0,"willDoAnimation":false,"animationType":"glow","displayAsButton":false,"buttonSize":"big","goToSlideType":"specified","invisible":false,"solution":""},{"x":93.11224489795919,"y":2.5188916876574305,"width":40,"height":40,"action":{"library":"H5P.CRAudio 1.4","params":{"fitToWrapper":true,"currIndex":12,"playerMode":"minimalistic","controls":true,"autoplay":true,"playAudio":"Play audio","pauseAudio":"Pause audio","contentName":"Audio","glowColor":"#ffd85a","timeStampForEachText":[{"text":" \u091c\u094b\u091c\u094b ","startDuration":"0.0000","endDuration":"0.7255","wordfile":[{"path":"audios\/wordfile-65e6354ee780c.wav","mime":"audio\/x-wav","copyright":{"license":"U"}}]},{"text":" \u092e\u0947\u0930\u094b ","startDuration":"0.7265","endDuration":"1.2683","wordfile":[{"path":"audios\/wordfile-65e6356181e7f.wav","mime":"audio\/x-wav","copyright":{"license":"U"}}]},{"text":" \u091a\u092a\u094d\u092a\u0932 ","startDuration":"1.2693","endDuration":"1.8441","wordfile":[{"path":"audios\/wordfile-65e6357554708.wav","mime":"audio\/x-wav","copyright":{"license":"U"}}]},{"text":" \u0932\u094d\u092f\u093e\u0909\u0901\u0926\u0948\u091b\u0964 ","startDuration":"1.8451","endDuration":"2.7268","wordfile":[{"path":"audios\/wordfile-65e635d2a4f10.wav","mime":"audio\/x-wav","copyright":{"license":"U"}}]}],"files":[{"path":"audios\/files-65e6353e3c592.wav","mime":"audio\/x-wav","copyright":{"license":"U"}}]},"subContentId":"45f5895d-afae-4940-a0f1-44429020137d","metadata":{"contentType":"Curious Reader Audio","license":"U","title":"Untitled Curious Reader Audio"}},"backgroundOpacity":0,"willDoAnimation":false,"animationType":"glow","displayAsButton":false,"buttonSize":"big","goToSlideType":"specified","invisible":false},{"x":31.887755102040817,"y":62.9191435768262,"width":17.474489795918366,"height":22.41813602015113,"action":{"library":"H5P.Image 1.1","params":{"contentName":"Image"},"subContentId":"1c2c8ca3-6d69-47e1-8e89-7ea8d15da351","metadata":{"contentType":"Image","license":"U","title":"Untitled Image"}},"backgroundOpacity":0,"willDoAnimation":true,"animationType":"glow","displayAsButton":false,"buttonSize":"big","goToSlideType":"specified","invisible":false,"id":"img45f5895d-afae-4940-a0f1-44429020137d_0"},{"x":31.887755102040817,"y":72.98891687657432,"width":8.545918367346939,"height":12.34256926952141,"action":{"library":"H5P.Image 1.1","params":{"contentName":"Image"},"subContentId":"6cd68e65-f44f-4130-ad00-feb74ba561af","metadata":{"contentType":"Image","license":"U","title":"Untitled Image"}},"backgroundOpacity":0,"willDoAnimation":true,"animationType":"glow","displayAsButton":false,"buttonSize":"big","goToSlideType":"specified","invisible":false,"id":"img45f5895d-afae-4940-a0f1-44429020137d_2"}],"slideBackgroundSelector":{}},{"elements":[{"x":15.247167755991283,"y":6.47334051724138,"width":32.6797385620915,"height":90.30172413793105,"action":{"library":"H5P.Image 1.1","params":{"contentName":"Image","file":{"path":"images\/file-620d8d0a066ff.jpg","mime":"image\/jpeg","copyright":{"license":"U"},"width":479,"height":687}},"metadata":{"contentType":"Image","license":"U","title":"Untitled Image"},"subContentId":"89d672ca-d3ad-478d-bb23-9297f0787395"},"backgroundOpacity":0,"willDoAnimation":false,"animationType":"glow","displayAsButton":false,"buttonSize":"big","goToSlideType":"specified","invisible":false},{"x":47.19387755102041,"y":40.30226700251889,"width":49.48979591836735,"height":46.851385390428206,"action":{"library":"H5P.CRAdvancedText 1.1","params":{"text":"<p dir=\"ltr\" style=\"text-align: center;\"><span style=\"color:#ffffff;\"><span style=\"font-size:2.25em;\">\u0939\u093e \u0939\u093e! \u091c\u094b\u091c\u094b \u0938\u092c\u0948\u092d\u0928\u094d\u0926\u093e \u091b\u094b\u091f\u094b \u091b\u0964<\/span><\/span><\/p>\n"},"metadata":{"contentType":"Text","license":"U","title":"Untitled Text"},"subContentId":"310dd62d-00d2-4d5f-9a84-911295fee36d"},"alwaysDisplayComments":false,"backgroundOpacity":0,"willDoAnimation":false,"animationType":"glow","displayAsButton":false,"buttonSize":"big","goToSlideType":"specified","invisible":false,"solution":""},{"x":47.00255102040816,"y":43.95465994962216,"width":40,"height":40,"action":{"library":"H5P.CRAudio 1.4","params":{"fitToWrapper":true,"currIndex":13,"playerMode":"minimalistic","controls":true,"autoplay":true,"playAudio":"Play audio","pauseAudio":"Pause audio","contentName":"Audio","glowColor":"#ffd85a","timeStampForEachText":[{"text":" \u0939\u093e \u0939\u093e! ","startDuration":"0.0000","endDuration":"0.6228","wordfile":[{"path":"audios\/wordfile-65e639162b8e7.wav","mime":"audio\/x-wav","copyright":{"license":"U"}}]},{"text":" \u091c\u094b\u091c\u094b ","startDuration":"0.6238","endDuration":"1.2423","wordfile":[{"path":"audios\/wordfile-65e6392b0a37c.wav","mime":"audio\/x-wav","copyright":{"license":"U"}}]},{"text":" \u0938\u092c\u0948\u092d\u0928\u094d\u0926\u093e ","startDuration":"1.2433","endDuration":"2.3231","wordfile":[{"path":"audios\/wordfile-65e639800783a.wav","mime":"audio\/x-wav","copyright":{"license":"U"}}]},{"text":" \u091b\u094b\u091f\u094b ","startDuration":"2.3241","endDuration":"2.8231","wordfile":[{"path":"audios\/wordfile-65e63992d16e0.wav","mime":"audio\/x-wav","copyright":{"license":"U"}}]},{"text":" \u091b\u0964 ","startDuration":"2.8241","endDuration":"3.1690","wordfile":[{"path":"audios\/wordfile-65e639ab18a13.wav","mime":"audio\/x-wav","copyright":{"license":"U"}}]}],"files":[{"path":"audios\/files-65e638e81583b.wav","mime":"audio\/x-wav","copyright":{"license":"U"}}]},"subContentId":"37abf2b7-582f-4d69-84e6-c563ecd40971","metadata":{"contentType":"Curious Reader Audio","license":"U","title":"Untitled Curious Reader Audio"}},"backgroundOpacity":0,"willDoAnimation":false,"animationType":"glow","displayAsButton":false,"buttonSize":"big","goToSlideType":"specified","invisible":false},{"x":29.336734693877553,"y":60.40604534005038,"width":13.64795918367347,"height":22.41813602015113,"action":{"library":"H5P.Image 1.1","params":{"contentName":"Image"},"subContentId":"307f1c8c-797f-4ed0-b261-105d722e2c8e","metadata":{"contentType":"Image","license":"U","title":"Untitled Image"}},"backgroundOpacity":0,"willDoAnimation":true,"animationType":"glow","displayAsButton":false,"buttonSize":"big","goToSlideType":"specified","invisible":false,"id":"img37abf2b7-582f-4d69-84e6-c563ecd40971_1"}],"slideBackgroundSelector":{}},{"elements":[{"x":14.159041394335512,"y":7.847370689655173,"width":35.83877995642702,"height":89.00862068965517,"action":{"library":"H5P.Image 1.1","params":{"contentName":"Image","file":{"path":"images\/file-620d8d312228a.jpg","mime":"image\/jpeg","copyright":{"license":"U"},"width":479,"height":687}},"metadata":{"contentType":"Image","license":"U","title":"Untitled Image"},"subContentId":"e767bcfd-f9ac-468c-afd5-1d15bc90d6b7"},"backgroundOpacity":0,"willDoAnimation":false,"animationType":"glow","displayAsButton":false,"buttonSize":"big","goToSlideType":"specified","invisible":false},{"x":48.46938775510204,"y":42.82115869017632,"width":48.34183673469388,"height":44.332493702770776,"action":{"library":"H5P.CRAdvancedText 1.1","params":{"text":"<p dir=\"ltr\" style=\"text-align: center;\"><span style=\"color:#ffffff;\"><span style=\"font-size:2.25em;\">\u0939\u094b! \u091c\u094b\u091c\u094b \u092e \u092d\u0928\u094d\u0926\u093e \u0938\u094d\u092f\u093e\u0928\u094b \u091b\u0964&nbsp;<\/span><\/span><\/p>\n"},"metadata":{"contentType":"Text","license":"U","title":"Untitled Text"},"subContentId":"39cedf09-b96c-4342-b744-bd04d9bc599f"},"alwaysDisplayComments":false,"backgroundOpacity":0,"willDoAnimation":false,"animationType":"glow","displayAsButton":false,"buttonSize":"big","goToSlideType":"specified","invisible":false,"solution":""},{"x":47.00255102040816,"y":43.95465994962216,"width":40,"height":40,"action":{"library":"H5P.CRAudio 1.4","params":{"fitToWrapper":true,"currIndex":14,"playerMode":"minimalistic","controls":true,"autoplay":true,"playAudio":"Play audio","pauseAudio":"Pause audio","contentName":"Audio","glowColor":"#ffd85a","timeStampForEachText":[{"text":" \u0939\u094b! ","startDuration":"0.0000","endDuration":"0.4077","wordfile":[{"path":"audios\/wordfile-65e639d90da70.wav","mime":"audio\/x-wav","copyright":{"license":"U"}}]},{"text":" \u091c\u094b\u091c\u094b ","startDuration":"0.4087","endDuration":"1.0353","wordfile":[{"path":"audios\/wordfile-65e639ebaf981.wav","mime":"audio\/x-wav","copyright":{"license":"U"}}]},{"text":" \u092e ","startDuration":"1.0363","endDuration":"1.2741","wordfile":[{"path":"audios\/wordfile-65e639ffa5156.wav","mime":"audio\/x-wav","copyright":{"license":"U"}}]},{"text":" \u092d\u0928\u094d\u0926\u093e ","startDuration":"1.2751","endDuration":"1.7469","wordfile":[{"path":"audios\/wordfile-65e63a15d532c.wav","mime":"audio\/x-wav","copyright":{"license":"U"}}]},{"text":" \u0938\u094d\u092f\u093e\u0928\u094b ","startDuration":"1.7479","endDuration":"2.4085","wordfile":[{"path":"audios\/wordfile-65e63a2c3fe4e.wav","mime":"audio\/x-wav","copyright":{"license":"U"}}]},{"text":" \u091b\u0964\u00a0 ","startDuration":"2.4095","endDuration":"2.8015","wordfile":[{"path":"audios\/wordfile-65e63a3da21b1.wav","mime":"audio\/x-wav","copyright":{"license":"U"}}]}],"files":[{"path":"audios\/files-65e639c318963.wav","mime":"audio\/x-wav","copyright":{"license":"U"}}]},"subContentId":"24834b4d-a174-4343-b265-ce88d0edd352","metadata":{"contentType":"Curious Reader Audio","license":"U","title":"Untitled Curious Reader Audio"}},"backgroundOpacity":0,"willDoAnimation":false,"animationType":"glow","displayAsButton":false,"buttonSize":"big","goToSlideType":"specified","invisible":false},{"x":16.581632653061224,"y":57.88715365239295,"width":20.025510204081634,"height":29.974811083123424,"action":{"library":"H5P.Image 1.1","params":{"contentName":"Image"},"subContentId":"104ebb72-e40e-491e-813a-8aace8d00e13","metadata":{"contentType":"Image","license":"U","title":"Untitled Image"}},"backgroundOpacity":0,"willDoAnimation":true,"animationType":"glow","displayAsButton":false,"buttonSize":"big","goToSlideType":"specified","invisible":false,"id":"img24834b4d-a174-4343-b265-ce88d0edd352_1"}],"slideBackgroundSelector":{}},{"elements":[{"x":13.832270408163264,"y":6.468438287153652,"width":34.43877551020408,"height":90.42821158690175,"action":{"library":"H5P.Image 1.1","params":{"contentName":"Image","file":{"path":"images\/file-620d8d58bb16b.jpg","mime":"image\/jpeg","copyright":{"license":"U"},"width":639,"height":918}},"metadata":{"contentType":"Image","license":"U","title":"Untitled Image"},"subContentId":"04bd3f8e-9a22-417f-8446-3b35b45f2017"},"backgroundOpacity":0,"willDoAnimation":false,"animationType":"glow","displayAsButton":false,"buttonSize":"big","goToSlideType":"specified","invisible":false},{"x":48.46938775510204,"y":35.26448362720403,"width":48.19277108433735,"height":47.61904761904762,"action":{"library":"H5P.CRAdvancedText 1.1","params":{"text":"<p dir=\"ltr\" style=\"text-align: center;\"><span style=\"color:#ffffff;\"><span style=\"font-size:2.25em;\">\u092e \u092e\u0947\u0930\u094b \u0926\u093e\u0908 \u092d\u0928\u094d\u0926\u093e \u0938\u094d\u092f\u093e\u0928\u094b \u091b\u0941\u0964<\/span><\/span><\/p>\n"},"metadata":{"contentType":"Text","license":"U","title":"Untitled Text"},"subContentId":"b00aa312-f8c8-4f22-9029-c4157e853a0b"},"alwaysDisplayComments":false,"backgroundOpacity":0,"willDoAnimation":false,"animationType":"glow","displayAsButton":false,"buttonSize":"big","goToSlideType":"specified","invisible":false,"solution":""},{"x":47.00255102040816,"y":43.95465994962216,"width":40,"height":40,"action":{"library":"H5P.CRAudio 1.4","params":{"fitToWrapper":true,"currIndex":15,"playerMode":"minimalistic","controls":true,"autoplay":true,"playAudio":"Play audio","pauseAudio":"Pause audio","contentName":"Audio","glowColor":"#ffd85a","timeStampForEachText":[{"text":" \u092e ","startDuration":"0.0000","endDuration":"0.3789","wordfile":[{"path":"audios\/wordfile-65e63abca2711.wav","mime":"audio\/x-wav","copyright":{"license":"U"}}]},{"text":" \u092e\u0947\u0930\u094b ","startDuration":"0.3789","endDuration":"0.9350","wordfile":[{"path":"audios\/wordfile-65e63ad096d69.wav","mime":"audio\/x-wav","copyright":{"license":"U"}}]},{"text":" \u0926\u093e\u0908 ","startDuration":"0.9360","endDuration":"1.3428","wordfile":[{"path":"audios\/wordfile-65e63af17bcd3.wav","mime":"audio\/x-wav","copyright":{"license":"U"}}]},{"text":" \u092d\u0928\u094d\u0926\u093e ","startDuration":"1.3438","endDuration":"1.8559","wordfile":[{"path":"audios\/wordfile-65e63b05d5ae7.wav","mime":"audio\/x-wav","copyright":{"license":"U"}}]},{"text":" \u0938\u094d\u092f\u093e\u0928\u094b ","startDuration":"1.8569","endDuration":"2.4822","wordfile":[{"path":"audios\/wordfile-65e63b2b2f145.wav","mime":"audio\/x-wav","copyright":{"license":"U"}}]},{"text":" \u091b\u0941\u0964 ","startDuration":"2.4832","endDuration":"2.8950","wordfile":[{"path":"audios\/wordfile-65e63b3eba374.wav","mime":"audio\/x-wav","copyright":{"license":"U"}}]}],"files":[{"path":"audios\/files-65e63a557c278.wav","mime":"audio\/x-wav","copyright":{"license":"U"}}]},"subContentId":"e5384248-a9a1-4faf-a1ad-a554113a4ca2","metadata":{"contentType":"Curious Reader Audio","license":"U","title":"Untitled Curious Reader Audio"}},"backgroundOpacity":0,"willDoAnimation":false,"animationType":"glow","displayAsButton":false,"buttonSize":"big","goToSlideType":"specified","invisible":false},{"x":31.887755102040817,"y":12.578715365239296,"width":14.923469387755102,"height":77.32997481108312,"action":{"library":"H5P.Image 1.1","params":{"contentName":"Image"},"subContentId":"c20c2ffc-738d-4dfa-808c-c90494e45aff","metadata":{"contentType":"Image","license":"U","title":"Untitled Image"}},"backgroundOpacity":0,"willDoAnimation":true,"animationType":"glow","displayAsButton":false,"buttonSize":"big","goToSlideType":"specified","invisible":false,"id":"imge5384248-a9a1-4faf-a1ad-a554113a4ca2_1"},{"x":30.612244897959183,"y":12.586599496221663,"width":16.198979591836736,"height":77.32997481108312,"action":{"library":"H5P.Image 1.1","params":{"contentName":"Image"},"subContentId":"bd461722-0d20-4fb3-a161-3b7a6e4e9618","metadata":{"contentType":"Image","license":"U","title":"Untitled Image"}},"backgroundOpacity":0,"willDoAnimation":true,"animationType":"glow","displayAsButton":false,"buttonSize":"big","goToSlideType":"specified","invisible":false,"id":"imge5384248-a9a1-4faf-a1ad-a554113a4ca2_2"}],"slideBackgroundSelector":{}},{"elements":[{"x":14.161220043572985,"y":6.4655172413793105,"width":35.947712418300654,"height":90.73275862068967,"action":{"library":"H5P.Image 1.1","params":{"contentName":"Image","file":{"path":"images\/file-620d8da1ca430.jpg","mime":"image\/jpeg","copyright":{"license":"U"},"width":479,"height":687}},"metadata":{"contentType":"Image","license":"U","title":"Untitled Image"},"subContentId":"60e40c47-4d45-4d74-8969-9c409aee425a"},"backgroundOpacity":0,"willDoAnimation":false,"animationType":"glow","displayAsButton":false,"buttonSize":"big","goToSlideType":"specified","invisible":false},{"x":48.46938775510204,"y":42.76221662468514,"width":45.91836734693878,"height":44.332493702770776,"action":{"library":"H5P.CRAdvancedText 1.1","params":{"text":"<p dir=\"ltr\" style=\"text-align: center;\"><span style=\"color:#ffffff;\"><span style=\"font-size:2.25em;\">\u092e\u0947\u0930\u094b \u0926\u093e\u0908 \u092e\u0947\u0930\u0940 \u0926\u093f\u0926\u0940 \u092d\u0928\u094d\u0926\u093e \u0938\u093e\u0928\u094b \u0939\u0941\u0928\u0941\u0939\u0941\u0928\u094d\u091b\u0964<\/span><\/span><\/p>\n"},"metadata":{"contentType":"Text","license":"U","title":"Untitled Text"},"subContentId":"40505f01-196a-41bf-aa85-9622c5c2a3ad"},"alwaysDisplayComments":false,"backgroundOpacity":0,"willDoAnimation":false,"animationType":"glow","displayAsButton":false,"buttonSize":"big","goToSlideType":"specified","invisible":false,"solution":""},{"x":47.00255102040816,"y":43.95465994962216,"width":40,"height":40,"action":{"library":"H5P.CRAudio 1.4","params":{"fitToWrapper":true,"currIndex":16,"playerMode":"minimalistic","controls":true,"autoplay":true,"playAudio":"Play audio","pauseAudio":"Pause audio","contentName":"Audio","glowColor":"#ffd85a","timeStampForEachText":[{"text":" \u092e\u0947\u0930\u094b ","startDuration":"0.0000","endDuration":"0.6519","wordfile":[{"path":"audios\/wordfile-65e63d38ea2ee.wav","mime":"audio\/x-wav","copyright":{"license":"U"}}]},{"text":" \u0926\u093e\u0908 ","startDuration":"0.6529","endDuration":"1.3106","wordfile":[{"path":"audios\/wordfile-65e63d51922f4.wav","mime":"audio\/x-wav","copyright":{"license":"U"}}]},{"text":" \u092e\u0947\u0930\u0940 ","startDuration":"1.3116","endDuration":"1.8520","wordfile":[{"path":"audios\/wordfile-65e63d6535c10.wav","mime":"audio\/x-wav","copyright":{"license":"U"}}]},{"text":" \u0926\u093f\u0926\u0940 ","startDuration":"1.8530","endDuration":"2.4286","wordfile":[{"path":"audios\/wordfile-65e63d7ad3129.wav","mime":"audio\/x-wav","copyright":{"license":"U"}}]},{"text":" \u092d\u0928\u094d\u0926\u093e ","startDuration":"2.4296","endDuration":"2.8995","wordfile":[{"path":"audios\/wordfile-65e63db1d7968.wav","mime":"audio\/x-wav","copyright":{"license":"U"}}]},{"text":" \u0938\u093e\u0928\u094b ","startDuration":"2.9005","endDuration":"3.6228","wordfile":[{"path":"audios\/wordfile-65e63dcb1167a.wav","mime":"audio\/x-wav","copyright":{"license":"U"}}]},{"text":" \u0939\u0941\u0928\u0941\u0939\u0941\u0928\u094d\u091b\u0964 ","startDuration":"3.6238","endDuration":"4.3542","wordfile":[{"path":"audios\/wordfile-65e63ddfb1a56.wav","mime":"audio\/x-wav","copyright":{"license":"U"}}]}],"files":[{"path":"audios\/files-65e63b5db09e9.wav","mime":"audio\/x-wav","copyright":{"license":"U"}}]},"subContentId":"08a7ce04-8764-41e2-ac43-360e3fcba738","metadata":{"contentType":"Curious Reader Audio","license":"U","title":"Untitled Curious Reader Audio"}},"backgroundOpacity":0,"willDoAnimation":false,"animationType":"glow","displayAsButton":false,"buttonSize":"big","goToSlideType":"specified","invisible":false},{"x":35.714285714285715,"y":15.105491183879094,"width":14.923469387755102,"height":67.2544080604534,"action":{"library":"H5P.Image 1.1","params":{"contentName":"Image"},"subContentId":"59494dd0-e184-460c-9318-ec9863ddffed","metadata":{"contentType":"Image","license":"U","title":"Untitled Image"}},"backgroundOpacity":0,"willDoAnimation":true,"animationType":"glow","displayAsButton":false,"buttonSize":"big","goToSlideType":"specified","invisible":false,"id":"img08a7ce04-8764-41e2-ac43-360e3fcba738_0"},{"x":35.714285714285715,"y":15.105491183879094,"width":14.923469387755102,"height":67.2544080604534,"action":{"library":"H5P.Image 1.1","params":{"contentName":"Image"},"subContentId":"4b073766-d62a-44f9-9721-5b611f9a8cdc","metadata":{"contentType":"Image","license":"U","title":"Untitled Image"}},"backgroundOpacity":0,"willDoAnimation":true,"animationType":"glow","displayAsButton":false,"buttonSize":"big","goToSlideType":"specified","invisible":false,"id":"img08a7ce04-8764-41e2-ac43-360e3fcba738_1"},{"x":15.306122448979592,"y":7.550780856423174,"width":14.923469387755102,"height":79.84886649874055,"action":{"library":"H5P.Image 1.1","params":{"contentName":"Image"},"subContentId":"c26b72cd-6ea7-48f2-a10b-8f61d79d255d","metadata":{"contentType":"Image","license":"U","title":"Untitled Image"}},"backgroundOpacity":0,"willDoAnimation":true,"animationType":"glow","displayAsButton":false,"buttonSize":"big","goToSlideType":"specified","invisible":false,"id":"img08a7ce04-8764-41e2-ac43-360e3fcba738_2"},{"x":15.306122448979592,"y":7.552745591939547,"width":13.64795918367347,"height":77.32997481108312,"action":{"library":"H5P.Image 1.1","params":{"contentName":"Image"},"subContentId":"0d3889cc-d5b9-49dc-8ca1-bf93b7c6c21f","metadata":{"contentType":"Image","license":"U","title":"Untitled Image"}},"backgroundOpacity":0,"willDoAnimation":true,"animationType":"glow","displayAsButton":false,"buttonSize":"big","goToSlideType":"specified","invisible":false,"id":"img08a7ce04-8764-41e2-ac43-360e3fcba738_3"}],"slideBackgroundSelector":{}},{"elements":[{"x":14.596949891067538,"y":5.603448275862069,"width":34.85838779956427,"height":91.16379310344828,"action":{"library":"H5P.Image 1.1","params":{"contentName":"Image","file":{"path":"images\/file-620d8dcd7ce8c.jpg","mime":"image\/jpeg","copyright":{"license":"U"},"width":479,"height":687}},"metadata":{"contentType":"Image","license":"U","title":"Untitled Image"},"subContentId":"74592e07-1d40-4cfc-8d4f-dc0d059d43f9"},"backgroundOpacity":0,"willDoAnimation":false,"animationType":"glow","displayAsButton":false,"buttonSize":"big","goToSlideType":"specified","invisible":false},{"x":47.19387755102041,"y":42.78564231738036,"width":49.234693877551024,"height":40.30226700251889,"action":{"library":"H5P.CRAdvancedText 1.1","params":{"text":"<p dir=\"ltr\" style=\"text-align: center;\"><span style=\"font-size:2.25em;\"><span style=\"color:#ffffff;\">\u092e\u0947\u0930\u0940 \u0926\u093f\u0926\u0940 \u0906\u092e\u093e\u092d\u0928\u094d\u0926\u093e \u0938\u094d\u092f\u093e\u0928\u094b \u0939\u0941\u0928\u0941\u0939\u0941\u0928\u094d\u091b \u0964<\/span><\/span><\/p>\n"},"metadata":{"contentType":"Text","license":"U","title":"Untitled Text"},"subContentId":"92ba9eab-d1d6-4076-8fec-e22df4b24868"},"alwaysDisplayComments":false,"backgroundOpacity":0,"willDoAnimation":false,"animationType":"glow","displayAsButton":false,"buttonSize":"big","goToSlideType":"specified","invisible":false,"solution":""},{"x":12.88265306122449,"y":21.41057934508816,"width":40,"height":40,"action":{"library":"H5P.CRAudio 1.4","params":{"fitToWrapper":true,"currIndex":17,"playerMode":"minimalistic","controls":true,"autoplay":true,"playAudio":"Play audio","pauseAudio":"Pause audio","contentName":"Audio","glowColor":"#ffd85a","timeStampForEachText":[{"text":" \u092e\u0947\u0930\u0940 ","startDuration":"0.0000","endDuration":"0.5381","wordfile":[{"path":"audios\/wordfile-65e63e39a86b0.wav","mime":"audio\/x-wav","copyright":{"license":"U"}}]},{"text":" \u0926\u093f\u0926\u0940 ","startDuration":"0.5391","endDuration":"1.0631","wordfile":[{"path":"audios\/wordfile-65e63e4f89f22.wav","mime":"audio\/x-wav","copyright":{"license":"U"}}]},{"text":" \u0906\u092e\u093e\u092d\u0928\u094d\u0926\u093e ","startDuration":"1.0641","endDuration":"2.0530","wordfile":[{"path":"audios\/wordfile-65e63e620aaea.wav","mime":"audio\/x-wav","copyright":{"license":"U"}}]},{"text":" \u0938\u094d\u092f\u093e\u0928\u094b ","startDuration":"2.0540","endDuration":"2.6907","wordfile":[{"path":"audios\/wordfile-65e63e74304e5.wav","mime":"audio\/x-wav","copyright":{"license":"U"}}]},{"text":" \u0939\u0941\u0928\u0941\u0939\u0941\u0928\u094d\u091b \u0964 ","startDuration":"2.6917","endDuration":"3.4845","wordfile":[{"path":"audios\/wordfile-65e63e85e9514.wav","mime":"audio\/x-wav","copyright":{"license":"U"}}]}],"files":[{"path":"audios\/files-65e63e0a33049.wav","mime":"audio\/x-wav","copyright":{"license":"U"}}]},"subContentId":"ccbd01ea-1656-4c7b-868a-65d699dc48ee","metadata":{"contentType":"Curious Reader Audio","license":"U","title":"Untitled Curious Reader Audio"}},"backgroundOpacity":0,"willDoAnimation":false,"animationType":"glow","displayAsButton":false,"buttonSize":"big","goToSlideType":"specified","invisible":false},{"x":14.030612244897958,"y":25.15743073047859,"width":13.64795918367347,"height":67.2544080604534,"action":{"library":"H5P.Image 1.1","params":{"contentName":"Image"},"subContentId":"d5af2b1e-f541-4d80-8b2b-ddc5a0fe7c77","metadata":{"contentType":"Image","license":"U","title":"Untitled Image"}},"backgroundOpacity":0,"willDoAnimation":true,"animationType":"glow","displayAsButton":false,"buttonSize":"big","goToSlideType":"specified","invisible":false,"id":"imgccbd01ea-1656-4c7b-868a-65d699dc48ee_0"},{"x":14.030612244897958,"y":25.15743073047859,"width":13.64795918367347,"height":67.2544080604534,"action":{"library":"H5P.Image 1.1","params":{"contentName":"Image"},"subContentId":"1b058c66-2c39-4c8c-a87e-98ea39f9a60e","metadata":{"contentType":"Image","license":"U","title":"Untitled Image"}},"backgroundOpacity":0,"willDoAnimation":true,"animationType":"glow","displayAsButton":false,"buttonSize":"big","goToSlideType":"specified","invisible":false,"id":"imgccbd01ea-1656-4c7b-868a-65d699dc48ee_1"},{"x":24.23469387755102,"y":15.105491183879094,"width":11.096938775510205,"height":31.989924433249367,"action":{"library":"H5P.Image 1.1","params":{"contentName":"Image"},"subContentId":"431a7976-914a-4b78-9ea2-438cd6ca7449","metadata":{"contentType":"Image","license":"U","title":"Untitled Image"}},"backgroundOpacity":0,"willDoAnimation":true,"animationType":"glow","displayAsButton":false,"buttonSize":"big","goToSlideType":"specified","invisible":false,"id":"imgccbd01ea-1656-4c7b-868a-65d699dc48ee_2"}],"slideBackgroundSelector":{}},{"elements":[{"x":13.069005102040816,"y":6.468438287153652,"width":35.714285714285715,"height":90.6801007556675,"action":{"library":"H5P.Image 1.1","params":{"contentName":"Image","file":{"path":"images\/file-620d8e258bed1.jpg","mime":"image\/jpeg","copyright":{"license":"U"},"width":479,"height":687}},"metadata":{"contentType":"Image","license":"U","title":"Untitled Image"},"subContentId":"bf6b3186-5b89-4ff3-9612-1418d24637a7"},"backgroundOpacity":0,"willDoAnimation":false,"animationType":"glow","displayAsButton":false,"buttonSize":"big","goToSlideType":"specified","invisible":false},{"x":49.744897959183675,"y":35.26448362720403,"width":46.68674698795181,"height":44.642857142857146,"action":{"library":"H5P.CRAdvancedText 1.1","params":{"text":"<p dir=\"ltr\" style=\"text-align: center;\"><span style=\"color:#ffffff;\"><span style=\"font-size:2.25em;\">\u092e\u093e \u092a\u093e \u092d\u0928\u094d\u0926\u093e \u0938\u094d\u092f\u093e\u0928\u094b \u0939\u0941\u0928\u0941\u0939\u0941\u0928\u094d\u091b\u0964<\/span><\/span><\/p>\n"},"metadata":{"contentType":"Text","license":"U","title":"Untitled Text"},"subContentId":"ef36c518-73f4-43db-8cda-d2cb2720d30c"},"alwaysDisplayComments":false,"backgroundOpacity":0,"willDoAnimation":false,"animationType":"glow","displayAsButton":false,"buttonSize":"big","goToSlideType":"specified","invisible":false,"solution":""},{"x":47.00255102040816,"y":43.95465994962216,"width":40,"height":40,"action":{"library":"H5P.CRAudio 1.4","params":{"fitToWrapper":true,"currIndex":18,"playerMode":"minimalistic","controls":true,"autoplay":true,"playAudio":"Play audio","pauseAudio":"Pause audio","contentName":"Audio","glowColor":"#ffd85a","timeStampForEachText":[{"text":" \u092e\u093e ","startDuration":"0.0000","endDuration":"0.5163","wordfile":[{"path":"audios\/wordfile-6605fed1bddf5.wav","mime":"audio\/x-wav","copyright":{"license":"U"}}]},{"text":" \u092a\u093e ","startDuration":"0.5173","endDuration":"0.8596","wordfile":[{"path":"audios\/wordfile-6605feef897b1.wav","mime":"audio\/x-wav","copyright":{"license":"U"}}]},{"text":" \u092d\u0928\u094d\u0926\u093e ","startDuration":"0.8606","endDuration":"1.5035","wordfile":[{"path":"audios\/wordfile-65e63ee45be87.wav","mime":"audio\/x-wav","copyright":{"license":"U"}}]},{"text":" \u0938\u094d\u092f\u093e\u0928\u094b ","startDuration":"1.5045","endDuration":"2.2067","wordfile":[{"path":"audios\/wordfile-65e63ef5991f0.wav","mime":"audio\/x-wav","copyright":{"license":"U"}}]},{"text":" \u0939\u0941\u0928\u0941\u0939\u0941\u0928\u094d\u091b\u0964 ","startDuration":"2.2077","endDuration":"2.9339","wordfile":[{"path":"audios\/wordfile-65e63f07566d8.wav","mime":"audio\/x-wav","copyright":{"license":"U"}}]}],"files":[{"path":"audios\/files-65e63ea43ece8.wav","mime":"audio\/x-wav","copyright":{"license":"U"}}]},"subContentId":"cae151a2-4f0e-46f6-b1f3-ab2317fba0c1","metadata":{"contentType":"Curious Reader Audio","license":"U","title":"Untitled Curious Reader Audio"}},"backgroundOpacity":0,"willDoAnimation":false,"animationType":"glow","displayAsButton":false,"buttonSize":"big","goToSlideType":"specified","invisible":false},{"x":16.581632653061224,"y":15.10942065491184,"width":12.372448979591837,"height":29.471032745591938,"action":{"library":"H5P.Image 1.1","params":{"contentName":"Image"},"subContentId":"0aae02af-22dc-4635-a0c5-5d3cfcb2416c","metadata":{"contentType":"Image","license":"U","title":"Untitled Image"}},"backgroundOpacity":0,"willDoAnimation":true,"animationType":"glow","displayAsButton":false,"buttonSize":"big","goToSlideType":"specified","invisible":false,"id":"imgcae151a2-4f0e-46f6-b1f3-ab2317fba0c1_0"},{"x":28.061224489795915,"y":7.550780856423174,"width":13.64795918367347,"height":29.471032745591938,"action":{"library":"H5P.Image 1.1","params":{"contentName":"Image"},"subContentId":"c73993e0-c6c7-486d-975b-42a14d4378a4","metadata":{"contentType":"Image","license":"U","title":"Untitled Image"}},"backgroundOpacity":0,"willDoAnimation":true,"animationType":"glow","displayAsButton":false,"buttonSize":"big","goToSlideType":"specified","invisible":false,"id":"imgcae151a2-4f0e-46f6-b1f3-ab2317fba0c1_1"}],"slideBackgroundSelector":{}},{"elements":[{"x":13.071023965141611,"y":6.482349137931035,"width":35.83877995642702,"height":90.51724137931035,"action":{"library":"H5P.Image 1.1","params":{"contentName":"Image","file":{"path":"images\/file-620d8e5f7c6e2.jpg","mime":"image\/jpeg","copyright":{"license":"U"},"width":639,"height":918}},"metadata":{"contentType":"Image","license":"U","title":"Untitled Image"},"subContentId":"e85d8338-0d12-4245-9ceb-cc02d0c59251"},"backgroundOpacity":0,"willDoAnimation":false,"animationType":"glow","displayAsButton":false,"buttonSize":"big","goToSlideType":"specified","invisible":false},{"x":47.19387755102041,"y":35.23501259445844,"width":49.10714285714286,"height":47.858942065491185,"action":{"library":"H5P.CRAdvancedText 1.1","params":{"text":"<p dir=\"ltr\" style=\"text-align: center;\"><span style=\"color:#ffffff;\"><span style=\"font-size:2.25em;\">\u0913\u0939! \u092a\u093e \u0938\u092c\u0948\u092d\u0928\u094d\u0926\u093e \u0905\u0917\u094d\u0932\u094b \u0939\u0941\u0928\u0941\u0939\u0941\u0928\u094d\u091b, \u0930 \u091c\u094b\u091c\u094b \u0938\u092c\u0948\u092d\u0928\u094d\u0926\u093e \u0938\u094d\u092f\u093e\u0928\u094b \u091b\u0964<\/span><\/span><\/p>\n"},"metadata":{"contentType":"Text","license":"U","title":"Untitled Text"},"subContentId":"c2b229a0-7cb1-4263-a149-f90f8c228871"},"alwaysDisplayComments":false,"backgroundOpacity":0,"willDoAnimation":false,"animationType":"glow","displayAsButton":false,"buttonSize":"big","goToSlideType":"specified","invisible":false,"solution":""},{"x":47.00255102040816,"y":43.95465994962216,"width":40,"height":40,"action":{"library":"H5P.CRAudio 1.4","params":{"fitToWrapper":true,"currIndex":19,"playerMode":"minimalistic","controls":true,"autoplay":true,"playAudio":"Play audio","pauseAudio":"Pause audio","contentName":"Audio","glowColor":"#ffd85a","timeStampForEachText":[{"text":" \u0913\u0939! ","startDuration":"0.0000","endDuration":"0.7592","wordfile":[{"path":"audios\/wordfile-65e63f7a163f8.wav","mime":"audio\/x-wav","copyright":{"license":"U"}}]},{"text":" \u092a\u093e ","startDuration":"0.7602","endDuration":"1.2660","wordfile":[{"path":"audios\/wordfile-65e63fc0592f1.wav","mime":"audio\/x-wav","copyright":{"license":"U"}}]},{"text":" \u0938\u092c\u0948\u092d\u0928\u094d\u0926\u093e ","startDuration":"1.2670","endDuration":"2.0874","wordfile":[{"path":"audios\/wordfile-65e63fd34b52b.wav","mime":"audio\/x-wav","copyright":{"license":"U"}}]},{"text":" \u0905\u0917\u094d\u0932\u094b ","startDuration":"2.0884","endDuration":"2.4981","wordfile":[{"path":"audios\/wordfile-65e63fe866a4d.wav","mime":"audio\/x-wav","copyright":{"license":"U"}}]},{"text":" \u0939\u0941\u0928\u0941\u0939\u0941\u0928\u094d\u091b, ","startDuration":"2.4991","endDuration":"3.1098","wordfile":[{"path":"audios\/wordfile-65e64001b20e1.wav","mime":"audio\/x-wav","copyright":{"license":"U"}}]},{"text":" \u0930 ","startDuration":"3.1108","endDuration":"3.4681","wordfile":[{"path":"audios\/wordfile-65e64011beadb.wav","mime":"audio\/x-wav","copyright":{"license":"U"}}]},{"text":" \u091c\u094b\u091c\u094b ","startDuration":"3.4691","endDuration":"4.0361","wordfile":[{"path":"audios\/wordfile-65e64027c299a.wav","mime":"audio\/x-wav","copyright":{"license":"U"}}]},{"text":" \u0938\u092c\u0948\u092d\u0928\u094d\u0926\u093e ","startDuration":"4.0371","endDuration":"5.0759","wordfile":[{"path":"audios\/wordfile-65e6403c1e1b5.wav","mime":"audio\/x-wav","copyright":{"license":"U"}}]},{"text":" \u0938\u094d\u092f\u093e\u0928\u094b ","startDuration":"5.0769","endDuration":"5.9060","wordfile":[{"path":"audios\/wordfile-65e6404d90d0c.wav","mime":"audio\/x-wav","copyright":{"license":"U"}}]},{"text":" \u091b\u0964 ","startDuration":"5.9070","endDuration":"6.4835","wordfile":[{"path":"audios\/wordfile-65e6405f09459.wav","mime":"audio\/x-wav","copyright":{"license":"U"}}]}],"files":[{"path":"audios\/files-65e63f614f26e.wav","mime":"audio\/x-wav","copyright":{"license":"U"}}]},"subContentId":"079b915c-d792-4d1b-b034-6c48f33656bc","metadata":{"contentType":"Curious Reader Audio","license":"U","title":"Untitled Curious Reader Audio"}},"backgroundOpacity":0,"willDoAnimation":false,"animationType":"glow","displayAsButton":false,"buttonSize":"big","goToSlideType":"specified","invisible":false},{"x":29.336734693877553,"y":62.95465994962217,"width":12.372448979591837,"height":22.41813602015113,"action":{"library":"H5P.Image 1.1","params":{"contentName":"Image"},"subContentId":"36df4406-6e6c-4471-a6d3-84db8e2d97c1","metadata":{"contentType":"Image","license":"U","title":"Untitled Image"}},"backgroundOpacity":0,"willDoAnimation":true,"animationType":"glow","displayAsButton":false,"buttonSize":"big","goToSlideType":"specified","invisible":false,"id":"img079b915c-d792-4d1b-b034-6c48f33656bc_6"},{"x":20.408163265306122,"y":7.550780856423174,"width":11.096938775510205,"height":26.952141057934508,"action":{"library":"H5P.Image 1.1","params":{"contentName":"Image"},"subContentId":"0e1614c5-1b28-411b-b528-56abdd64d5fc","metadata":{"contentType":"Image","license":"U","title":"Untitled Image"}},"backgroundOpacity":0,"willDoAnimation":true,"animationType":"glow","displayAsButton":false,"buttonSize":"big","goToSlideType":"specified","invisible":false,"id":"img079b915c-d792-4d1b-b034-6c48f33656bc_1"}],"slideBackgroundSelector":{}},{"slideBackgroundSelector":{"fillSlideBackground":"#510265"},"elements":[{"x":71.42857142857143,"y":5.037783375314861,"width":26.403061224489797,"height":11.335012594458437,"action":{"library":"H5P.Image 1.1","params":{"contentName":"Image","file":{"path":"images\/file-621416dbd21d6.jpg","mime":"image\/jpeg","copyright":{"license":"U"},"width":1024,"height":209}},"metadata":{"contentType":"Image","license":"U","title":"Untitled Image"},"subContentId":"dca461cf-2797-43fc-8235-d1458724dbba"},"backgroundOpacity":0,"willDoAnimation":false,"animationType":"glow","displayAsButton":false,"buttonSize":"big","goToSlideType":"specified","invisible":false},{"x":3.826530612244898,"y":5.0338539042821155,"width":17.857142857142858,"height":13.09823677581864,"action":{"library":"H5P.Image 1.1","params":{"contentName":"Image","file":{"path":"images\/file-621417de42c38.png","mime":"image\/png","copyright":{"license":"U"},"width":1350,"height":505}},"metadata":{"contentType":"Image","license":"U","title":"Untitled Image"},"subContentId":"e53810ff-db6a-457c-935d-dab072652420"},"backgroundOpacity":0,"willDoAnimation":false,"animationType":"glow","displayAsButton":false,"buttonSize":"big","goToSlideType":"specified","invisible":false},{"x":38.052040816326524,"y":5.0338539042821155,"width":24.489795918367346,"height":12.594458438287154,"action":{"library":"H5P.Image 1.1","params":{"contentName":"Image","file":{"path":"images\/file-6214180a8b815.png","mime":"image\/png","copyright":{"license":"U"},"width":814,"height":202}},"metadata":{"contentType":"Image","license":"U","title":"Untitled Image"},"subContentId":"3d16a928-46cf-41e8-bb91-7aad8259e418"},"backgroundOpacity":0,"willDoAnimation":false,"animationType":"glow","displayAsButton":false,"buttonSize":"big","goToSlideType":"specified","invisible":false},{"x":6.475204081632653,"y":22.66413098236776,"width":88.01020408163265,"height":72.29219143576826,"action":{"library":"H5P.CRAdvancedText 1.1","params":{"text":"<h3 style=\"text-align: center;\"><strong><span style=\"font-size:0.75em;\"><span style=\"background-color:#ffffff;\">\"<\/span><\/span><\/strong><span style=\"background-color:#ffffff;\">\u0905\u0917\u094d\u0932\u094b \u0930 \u091b\u094b\u091f\u094b<\/span><strong><span style=\"font-size:0.75em;\"><span style=\"background-color:#ffffff;\">\" credits<\/span><\/span><\/strong><\/h3>\n\n<h3 style=\"text-align: center;\"><strong><span style=\"font-size:0.75em;\"><span style=\"background-color:#ffffff;\">This work, \u201c<\/span><\/span><\/strong><span style=\"background-color:#ffffff;\">\u0905\u0917\u094d\u0932\u094b \u0930 \u091b\u094b\u091f\u094b<\/span><strong><span style=\"font-size:0.75em;\"><span style=\"background-color:#ffffff;\">\u201d, is a derivative of \u201c<\/span><\/span><span style=\"background-color:#ffffff;\">Ubude nobufushane.<\/span><span style=\"font-size:0.75em;\"><span style=\"background-color:#ffffff;\">\u201d as translated by Celia Bolam used under CC BY. &nbsp;The \u00a9 for this translation lies with Room to Read, 2015. It is based on the original story: '\u1781\u17d2\u1796\u179f\u17cb\u1793\u17b7\u1784\u1791\u17b6\u1794', by Huy Chheng Rattana. \u00a9 Room to Read, 2015. Some changes were made to this work.<\/span><\/span><\/strong><\/h3>\n\n<h3 style=\"text-align: center;\"><strong><span style=\"font-size:0.75em;\"><span style=\"background-color:#ffffff;\">\u201c<\/span><\/span><\/strong><span style=\"background-color:#ffffff;\">\u0905\u0917\u094d\u0932\u094b \u0930 \u091b\u094b\u091f\u094b<\/span><strong><span style=\"font-size:0.75em;\"><span style=\"background-color:#ffffff;\">\u201d is licensed under CC BY 4.0 by Curious Learning.<\/span><\/span><\/strong><\/h3>\n\n<h3 style=\"text-align: center;\"><br>\n<strong><span style=\"font-size:0.75em;\"><span style=\"background-color:#ffffff;\">Book builder - Abraham Jerry Kakooza<\/span><\/span><\/strong><\/h3>\n"},"metadata":{"contentType":"Text","license":"U","title":"Untitled Text"},"subContentId":"8d8d3374-d294-4681-b51f-66825d72b97e"},"alwaysDisplayComments":false,"backgroundOpacity":0,"willDoAnimation":false,"animationType":"glow","displayAsButton":false,"buttonSize":"big","goToSlideType":"specified","invisible":false,"solution":""}]}],"keywordListEnabled":true,"globalBackgroundSelector":{"fillGlobalBackground":"#fbeffe"},"keywordListAlwaysShow":false,"keywordListAutoHide":false,"keywordListOpacity":90},"override":{"activeSurface":false,"hideSummarySlide":false,"summarySlideSolutionButton":true,"summarySlideRetryButton":true,"enablePrintButton":false,"social":{"showFacebookShare":false,"facebookShare":{"url":"@currentpageurl","quote":"I scored @score out of @maxScore on a task at @currentpageurl."},"showTwitterShare":false,"twitterShare":{"statement":"I scored @score out of @maxScore on a task at @currentpageurl.","url":"@currentpageurl","hashtags":"h5p, course"},"showGoogleShare":false,"googleShareUrl":"@currentpageurl"}},"l10n":{"slide":"Slide","score":"Score","yourScore":"Your Score","maxScore":"Max Score","total":"Total","totalScore":"Total Score","showSolutions":"Show solutions","retry":"Retry","exportAnswers":"Export text","hideKeywords":"Hide sidebar navigation menu","showKeywords":"Show sidebar navigation menu","fullscreen":"Fullscreen","exitFullscreen":"Exit fullscreen","prevSlide":"Previous slide","nextSlide":"Next slide","currentSlide":"Current slide","lastSlide":"Last slide","solutionModeTitle":"Exit solution mode","solutionModeText":"Solution Mode","summaryMultipleTaskText":"Multiple tasks","scoreMessage":"You achieved:","shareFacebook":"Share on Facebook","shareTwitter":"Share on Twitter","shareGoogle":"Share on Google+","summary":"Summary","solutionsButtonTitle":"Show comments","printTitle":"Print","printIngress":"How would you like to print this presentation?","printAllSlides":"Print all slides","printCurrentSlide":"Print current slide","noTitle":"No title","accessibilitySlideNavigationExplanation":"Use left and right arrow to change slide in that direction whenever canvas is selected.","accessibilityCanvasLabel":"Presentation canvas. Use left and right arrow to move between slides.","containsNotCompleted":"@slideName contains not completed interaction","containsCompleted":"@slideName contains completed interaction","slideCount":"Slide @index of @total","containsOnlyCorrect":"@slideName only has correct answers","containsIncorrectAnswers":"@slideName has incorrect answers","shareResult":"Share Result","accessibilityTotalScore":"You got @score of @maxScore points in total","accessibilityEnteredFullscreen":"Entered fullscreen","accessibilityExitedFullscreen":"Exited fullscreen"}}