{"presentation":{"slides":[{"elements":[{"x":11.982570806100219,"y":83.87096774193547,"width":78.86710239651417,"height":15.053763440860214,"action":{"library":"H5P.CRAdvancedText 1.1","params":{"text":"<p dir=\"ltr\" style=\"text-align: center;\"><span style=\"font-size:2.25em;\">\u0996\u09c7\u09b2\u09be\u09b0 \u09ae\u09be\u09a0<\/span><\/p>\n"},"subContentId":"90697ea5-581d-4cce-b8d5-c3e964c80fe3","metadata":{"contentType":"Text","license":"U","title":"Untitled Text"}},"alwaysDisplayComments":false,"backgroundOpacity":0,"willDoAnimation":false,"animationType":"glow","displayAsButton":false,"buttonSize":"big","goToSlideType":"specified","invisible":false,"solution":""},{"x":3.2679738562091507,"y":4.29436559139785,"width":91.28540305010894,"height":77.41935483870967,"action":{"library":"H5P.Image 1.1","params":{"contentName":"Image","file":{"path":"images\/file-65771e0ae63e0.jpg","mime":"image\/jpeg","copyright":{"license":"U"},"width":1024,"height":490}},"subContentId":"4b5f1fe6-22a7-4ade-bfe5-6c2a6969447d","metadata":{"contentType":"Image","license":"U","title":"Untitled Image"}},"backgroundOpacity":0,"willDoAnimation":false,"animationType":"glow","displayAsButton":false,"buttonSize":"big","goToSlideType":"specified","invisible":false}],"slideBackgroundSelector":{}},{"elements":[{"x":7.625272331154684,"y":2.150537634408602,"width":39.97821350762527,"height":95.69892473118279,"action":{"library":"H5P.Image 1.1","params":{"contentName":"Image","file":{"path":"images\/file-6577290f7836f.jpeg","mime":"image\/jpeg","copyright":{"license":"U"},"width":1024,"height":1472}},"subContentId":"476fadde-9027-4ab4-aca7-b46b802384a1","metadata":{"contentType":"Image","license":"U","title":"Untitled Image"}},"backgroundOpacity":0,"willDoAnimation":false,"animationType":"glow","displayAsButton":false,"buttonSize":"big","goToSlideType":"specified","invisible":false},{"x":47.79411764705882,"y":36.36363636363637,"width":48.97959183673469,"height":40.050377833753146,"action":{"library":"H5P.CRAdvancedText 1.1","params":{"text":"<p dir=\"ltr\" style=\"text-align: center;\"><span style=\"font-size:1.75em;\">\u0986\u09ae\u09b0\u09be \u0996\u09c7\u09b2\u09be\u09b0 \u09ae\u09be\u09a0\u09c7 \u09af\u09c7\u09a4\u09c7 \u099a\u09be\u0987\u0964<\/span><\/p>\n"},"subContentId":"4a13a470-f3c0-45b7-bbb6-948224693b56","metadata":{"contentType":"Text","license":"U","title":"Untitled Text"}},"alwaysDisplayComments":false,"backgroundOpacity":0,"willDoAnimation":false,"animationType":"glow","displayAsButton":false,"buttonSize":"big","goToSlideType":"specified","invisible":false,"solution":""},{"x":46.96691176470588,"y":44,"width":40,"height":40,"action":{"library":"H5P.CRAudio 1.4","params":{"fitToWrapper":true,"currIndex":1,"playerMode":"minimalistic","controls":true,"autoplay":true,"playAudio":"Play audio","pauseAudio":"Pause audio","contentName":"Audio","glowColor":"#ffd85a","timeStampForEachText":[{"text":" \u0986\u09ae\u09b0\u09be ","startDuration":"0.0000","endDuration":"0.6699","wordfile":[{"path":"audios\/wordfile-67515b59bd5d4.mp3","mime":"audio\/mpeg","copyright":{"license":"U"}}]},{"text":" \u0996\u09c7\u09b2\u09be\u09b0 ","startDuration":"0.6700","endDuration":"1.1630","wordfile":[{"path":"audios\/wordfile-675833c1dfdb3.mp3","mime":"audio\/mpeg","copyright":{"license":"U"}}]},{"text":" \u09ae\u09be\u09a0\u09c7 ","startDuration":"1.1631","endDuration":"1.4571","wordfile":[{"path":"audios\/wordfile-675833d31dd20.mp3","mime":"audio\/mpeg","copyright":{"license":"U"}}]},{"text":" \u09af\u09c7\u09a4\u09c7 ","startDuration":"1.4581","endDuration":"1.7343","wordfile":[{"path":"audios\/wordfile-675833e26bb13.mp3","mime":"audio\/mpeg","copyright":{"license":"U"}}]},{"text":" \u099a\u09be\u0987\u0964 ","startDuration":"1.7353","endDuration":"2.0284","wordfile":[{"path":"audios\/wordfile-675833f6d133e.mp3","mime":"audio\/mpeg","copyright":{"license":"U"}}]}],"files":[{"path":"audios\/files-668cc74c4582a.mp3","mime":"audio\/mpeg","copyright":{"license":"U"}}]},"subContentId":"9544cf1c-95bc-4363-b8df-b03f551547be","metadata":{"contentType":"Curious Reader Audio","license":"U","title":"Untitled Curious Reader Audio"}},"backgroundOpacity":0,"willDoAnimation":false,"animationType":"glow","displayAsButton":false,"buttonSize":"big","goToSlideType":"specified","invisible":false}],"slideBackgroundSelector":{}},{"elements":[{"x":43.57298474945534,"y":40.86021505376344,"width":54.46623093681917,"height":40.86021505376344,"action":{"library":"H5P.CRAdvancedText 1.1","params":{"text":"<p dir=\"ltr\" style=\"text-align: center;\"><span style=\"font-size:1.75em;\">\u0986\u09ae\u09b0\u09be \u0995\u09bf\u09ad\u09be\u09ac\u09c7 \u09b8\u09c7\u0996\u09be\u09a8\u09c7 \u09af\u09be\u09ac\u09cb?<\/span><\/p>\n"},"subContentId":"2994eb57-730b-4fd4-9251-e065d99b0ad4","metadata":{"contentType":"Text","license":"U","title":"Untitled Text"}},"alwaysDisplayComments":false,"backgroundOpacity":0,"willDoAnimation":false,"animationType":"glow","displayAsButton":false,"buttonSize":"big","goToSlideType":"specified","invisible":false,"solution":""},{"x":5.446623093681917,"y":2.150537634408602,"width":39.97821350762527,"height":95.69892473118279,"action":{"library":"H5P.Image 1.1","params":{"contentName":"Image","file":{"path":"images\/file-65771ef884e6f.jpg","mime":"image\/jpeg","copyright":{"license":"U"},"width":1024,"height":1472}},"subContentId":"9331eab1-1659-4721-afea-f39be84615c0","metadata":{"contentType":"Image","license":"U","title":"Untitled Image"}},"backgroundOpacity":0,"willDoAnimation":false,"animationType":"glow","displayAsButton":false,"buttonSize":"big","goToSlideType":"specified","invisible":false},{"x":92.5925925925926,"y":2.151768538561844,"width":40,"height":40,"action":{"library":"H5P.CRAudio 1.4","params":{"fitToWrapper":true,"currIndex":2,"playerMode":"minimalistic","controls":true,"autoplay":true,"playAudio":"Play audio","pauseAudio":"Pause audio","contentName":"Audio","glowColor":"#ffd85a","timeStampForEachText":[{"text":" \u0986\u09ae\u09b0\u09be ","startDuration":"0.0000","endDuration":"0.5232","wordfile":[{"path":"audios\/wordfile-67515cd87968e.mp3","mime":"audio\/mpeg","copyright":{"license":"U"}}]},{"text":" \u0995\u09bf\u09ad\u09be\u09ac\u09c7 ","startDuration":"0.5242","endDuration":"0.9254","wordfile":[{"path":"audios\/wordfile-67515cfc4a83f.mp3","mime":"audio\/mpeg","copyright":{"license":"U"}}]},{"text":" \u09b8\u09c7\u0996\u09be\u09a8\u09c7 ","startDuration":"0.9264","endDuration":"1.3704","wordfile":[{"path":"audios\/wordfile-67515d1e5ce50.mp3","mime":"audio\/mpeg","copyright":{"license":"U"}}]},{"text":" \u09af\u09be\u09ac\u09cb? ","startDuration":"1.3714","endDuration":"1.7876","wordfile":[{"path":"audios\/wordfile-67598a9ddc679.wav","mime":"audio\/x-wav","copyright":{"license":"U"}}]}],"files":[{"path":"audios\/files-67515cbc1b05a.mp3","mime":"audio\/mpeg","copyright":{"license":"U"}}]},"subContentId":"aca2798c-c18a-4951-bb73-f3422448333f","metadata":{"contentType":"Curious Reader Audio","license":"U","title":"Untitled Curious Reader Audio"}},"backgroundOpacity":0,"willDoAnimation":false,"animationType":"glow","displayAsButton":false,"buttonSize":"big","goToSlideType":"specified","invisible":false}],"slideBackgroundSelector":{}},{"elements":[{"x":6.5359477124183005,"y":2.150537634408602,"width":39.97821350762527,"height":95.69892473118279,"action":{"library":"H5P.Image 1.1","params":{"contentName":"Image","file":{"path":"images\/file-65772c8628500.jpg","mime":"image\/jpeg","copyright":{"license":"U"},"width":1024,"height":1472}},"subContentId":"2f88d6e3-5665-4070-aed0-828e48dd7710","metadata":{"contentType":"Image","license":"U","title":"Untitled Image"}},"backgroundOpacity":0,"willDoAnimation":false,"animationType":"glow","displayAsButton":false,"buttonSize":"big","goToSlideType":"specified","invisible":false},{"x":45.91836734693878,"y":47.84508816120906,"width":51.02040816326531,"height":38.287153652392945,"action":{"library":"H5P.CRAdvancedText 1.1","params":{"text":"<p dir=\"ltr\" style=\"text-align: center;\"><span style=\"font-size:1.75em;\">\u0986\u09ae\u09b0\u09be \u098f\u0995\u099f\u09be \u09ac\u09be\u0987\u09b8\u09be\u0987\u0995\u09c7\u09b2 \u099a\u09be\u09b2\u09be\u09a4\u09c7 \u09aa\u09be\u09b0\u09a4\u09be\u09ae\u0964<\/span><\/p>\n"},"subContentId":"f51953f7-a46d-4f4d-acca-e11882a3527e","metadata":{"contentType":"Text","license":"U","title":"Untitled Text"}},"alwaysDisplayComments":false,"backgroundOpacity":0,"willDoAnimation":false,"animationType":"glow","displayAsButton":false,"buttonSize":"big","goToSlideType":"specified","invisible":false,"solution":""},{"x":46.96691176470588,"y":44,"width":40,"height":40,"action":{"library":"H5P.CRAudio 1.4","params":{"fitToWrapper":true,"currIndex":3,"playerMode":"minimalistic","controls":true,"autoplay":true,"playAudio":"Play audio","pauseAudio":"Pause audio","contentName":"Audio","glowColor":"#ffd85a","timeStampForEachText":[{"text":" \u0986\u09ae\u09b0\u09be ","startDuration":"0.0000","endDuration":"0.5608","wordfile":[{"path":"audios\/wordfile-67515c3ac6909.mp3","mime":"audio\/mpeg","copyright":{"license":"U"}}]},{"text":" \u098f\u0995\u099f\u09be ","startDuration":"0.5609","endDuration":"0.8768","wordfile":[{"path":"audios\/wordfile-67515c4e5d211.mp3","mime":"audio\/mpeg","copyright":{"license":"U"}}]},{"text":" \u09ac\u09be\u0987\u09b8\u09be\u0987\u0995\u09c7\u09b2 ","startDuration":"0.8769","endDuration":"1.5798","wordfile":[{"path":"audios\/wordfile-67515c63abc51.mp3","mime":"audio\/mpeg","copyright":{"license":"U"}}]},{"text":" \u099a\u09be\u09b2\u09be\u09a4\u09c7 ","startDuration":"1.5799","endDuration":"2.0057","wordfile":[{"path":"audios\/wordfile-67515c7716e55.mp3","mime":"audio\/mpeg","copyright":{"license":"U"}}]},{"text":" \u09aa\u09be\u09b0\u09a4\u09be\u09ae\u0964 ","startDuration":"2.0058","endDuration":"2.6241","wordfile":[{"path":"audios\/wordfile-67515c8b5c449.mp3","mime":"audio\/mpeg","copyright":{"license":"U"}}]}],"files":[{"path":"audios\/files-668ccbc04e1ed.mp3","mime":"audio\/mpeg","copyright":{"license":"U"}}]},"subContentId":"f2393060-49aa-4695-995a-a4dcae1aa5dc","metadata":{"contentType":"Curious Reader Audio","license":"U","title":"Untitled Curious Reader Audio"}},"backgroundOpacity":0,"willDoAnimation":false,"animationType":"glow","displayAsButton":false,"buttonSize":"big","goToSlideType":"specified","invisible":false},{"x":9.191176470588236,"y":51.12800000000001,"width":34.375,"height":40,"action":{"library":"H5P.Image 1.1","params":{"contentName":"Image"},"subContentId":"488b34a2-23b0-4a55-826e-289c535f82e3","metadata":{"contentType":"Image","license":"U","title":"Untitled Image"}},"backgroundOpacity":0,"willDoAnimation":true,"animationType":"glow","displayAsButton":false,"buttonSize":"big","goToSlideType":"specified","invisible":false,"id":"imgf2393060-49aa-4695-995a-a4dcae1aa5dc_2"}],"slideBackgroundSelector":{}},{"elements":[{"x":5.446623093681917,"y":2.150537634408602,"width":39.97821350762527,"height":95.69892473118279,"action":{"library":"H5P.Image 1.1","params":{"contentName":"Image","file":{"path":"images\/file-65772f77b3a8c.jpg","mime":"image\/jpeg","copyright":{"license":"U"},"width":1024,"height":1472}},"subContentId":"9e8dd059-c7c6-4dc2-87f8-888317d00cd9","metadata":{"contentType":"Image","license":"U","title":"Untitled Image"}},"backgroundOpacity":0,"willDoAnimation":false,"animationType":"glow","displayAsButton":false,"buttonSize":"big","goToSlideType":"specified","invisible":false},{"x":43.36734693877551,"y":37.78337531486146,"width":52.423469387755105,"height":40.050377833753146,"action":{"library":"H5P.CRAdvancedText 1.1","params":{"text":"<p dir=\"ltr\" style=\"text-align: center;\"><span style=\"font-size:1.75em;\">\u0986\u09ae\u09b0\u09be \u098f\u0995\u099f\u09be \u09ae\u09cb\u099f\u09b0\u09ac\u09be\u0987\u0995 \u099a\u09be\u09b2\u09be\u09a4\u09c7 \u09aa\u09be\u09b0\u09a4\u09be\u09ae\u0964<\/span><\/p>\n"},"subContentId":"40d5f0d4-ed28-4cc2-95ab-35c06610684c","metadata":{"contentType":"Text","license":"U","title":"Untitled Text"}},"alwaysDisplayComments":false,"backgroundOpacity":0,"willDoAnimation":false,"animationType":"glow","displayAsButton":false,"buttonSize":"big","goToSlideType":"specified","invisible":false,"solution":""},{"x":46.96691176470588,"y":44,"width":40,"height":40,"action":{"library":"H5P.CRAudio 1.4","params":{"fitToWrapper":true,"currIndex":4,"playerMode":"minimalistic","controls":true,"autoplay":true,"playAudio":"Play audio","pauseAudio":"Pause audio","contentName":"Audio","glowColor":"#ffd85a","timeStampForEachText":[{"text":" \u0986\u09ae\u09b0\u09be ","startDuration":"0.0000","endDuration":"0.5137","wordfile":[{"path":"audios\/wordfile-6751637cee388.mp3","mime":"audio\/mpeg","copyright":{"license":"U"}}]},{"text":" \u098f\u0995\u099f\u09be ","startDuration":"0.5138","endDuration":"0.8402","wordfile":[{"path":"audios\/wordfile-6751638ee184e.mp3","mime":"audio\/mpeg","copyright":{"license":"U"}}]},{"text":" \u09ae\u09cb\u099f\u09b0\u09ac\u09be\u0987\u0995 ","startDuration":"0.8404","endDuration":"1.6739","wordfile":[{"path":"audios\/wordfile-6751639ff412a.mp3","mime":"audio\/mpeg","copyright":{"license":"U"}}]},{"text":" \u099a\u09be\u09b2\u09be\u09a4\u09c7 ","startDuration":"1.6749","endDuration":"2.0841","wordfile":[{"path":"audios\/wordfile-675163b20e5e0.mp3","mime":"audio\/mpeg","copyright":{"license":"U"}}]},{"text":" \u09aa\u09be\u09b0\u09a4\u09be\u09ae\u0964 ","startDuration":"2.0842","endDuration":"2.6250","wordfile":[{"path":"audios\/wordfile-675163c5aeea1.mp3","mime":"audio\/mpeg","copyright":{"license":"U"}}]}],"files":[{"path":"audios\/files-668ccd7ca6994.mp3","mime":"audio\/mpeg","copyright":{"license":"U"}}]},"subContentId":"ae22f6c5-d080-4a40-a17a-5c0b2520d1d6","metadata":{"contentType":"Curious Reader Audio","license":"U","title":"Untitled Curious Reader Audio"}},"backgroundOpacity":0,"willDoAnimation":false,"animationType":"glow","displayAsButton":false,"buttonSize":"big","goToSlideType":"specified","invisible":false},{"x":7.352941176470588,"y":54.54545454545455,"width":32.53676470588235,"height":40,"action":{"library":"H5P.Image 1.1","params":{"contentName":"Image"},"subContentId":"bb5bcef3-ff15-4f40-8a45-86433ce78ca0","metadata":{"contentType":"Image","license":"U","title":"Untitled Image"}},"backgroundOpacity":0,"willDoAnimation":true,"animationType":"glow","displayAsButton":false,"buttonSize":"big","goToSlideType":"specified","invisible":false,"id":"imgae22f6c5-d080-4a40-a17a-5c0b2520d1d6_2"}],"slideBackgroundSelector":{}},{"elements":[{"x":6.5359477124183005,"y":4.301075268817204,"width":39.97821350762527,"height":91.39784946236558,"action":{"library":"H5P.Image 1.1","params":{"contentName":"Image","file":{"path":"images\/file-65772fd79f9c5.jpg","mime":"image\/jpeg","copyright":{"license":"U"},"width":1024,"height":1472}},"subContentId":"c56cffc0-138a-4145-a44b-dba09817e313","metadata":{"contentType":"Image","license":"U","title":"Untitled Image"}},"backgroundOpacity":0,"willDoAnimation":false,"animationType":"glow","displayAsButton":false,"buttonSize":"big","goToSlideType":"specified","invisible":false},{"x":45.955882352941174,"y":40,"width":51.14795918367347,"height":35.012594458438286,"action":{"library":"H5P.CRAdvancedText 1.1","params":{"text":"<p dir=\"ltr\" style=\"text-align: center;\"><span style=\"font-size:1.75em;\">\u0986\u09ae\u09b0\u09be \u098f\u0995\u099f\u09be \u099f\u09cd\u09b0\u09be\u0987\u09b8\u09be\u0987\u0995\u09c7\u09b2 \u099f\u09cd\u09af\u09be\u0995\u09cd\u09b8\u09bf \u099a\u09dc\u09a4\u09c7 \u09aa\u09be\u09b0\u09a4\u09be\u09ae\u0964<\/span><\/p>\n"},"subContentId":"70474ade-abdd-4ae4-b89b-74390b388b43","metadata":{"contentType":"Text","license":"U","title":"Untitled Text"}},"alwaysDisplayComments":false,"backgroundOpacity":0,"willDoAnimation":false,"animationType":"glow","displayAsButton":false,"buttonSize":"big","goToSlideType":"specified","invisible":false,"solution":""},{"x":46.96691176470588,"y":44,"width":40,"height":40,"action":{"library":"H5P.CRAudio 1.4","params":{"fitToWrapper":true,"currIndex":5,"playerMode":"minimalistic","controls":true,"autoplay":true,"playAudio":"Play audio","pauseAudio":"Pause audio","contentName":"Audio","glowColor":"#ffd85a","timeStampForEachText":[{"text":" \u0986\u09ae\u09b0\u09be ","startDuration":"0.0000","endDuration":"0.5496","wordfile":[{"path":"audios\/wordfile-675163de5f125.mp3","mime":"audio\/mpeg","copyright":{"license":"U"}}]},{"text":" \u098f\u0995\u099f\u09be ","startDuration":"0.5497","endDuration":"0.8514","wordfile":[{"path":"audios\/wordfile-675163f0d5b5e.mp3","mime":"audio\/mpeg","copyright":{"license":"U"}}]},{"text":" \u099f\u09cd\u09b0\u09be\u0987\u09b8\u09be\u0987\u0995\u09c7\u09b2 ","startDuration":"0.8515","endDuration":"1.8390","wordfile":[{"path":"audios\/wordfile-675164059dbc6.mp3","mime":"audio\/mpeg","copyright":{"license":"U"}}]},{"text":" \u099f\u09cd\u09af\u09be\u0995\u09cd\u09b8\u09bf ","startDuration":"1.8391","endDuration":"2.3963","wordfile":[{"path":"audios\/wordfile-675164a76bbf5.mp3","mime":"audio\/mpeg","copyright":{"license":"U"}}]},{"text":" \u099a\u09dc\u09a4\u09c7 ","startDuration":"2.3964","endDuration":"2.7385","wordfile":[{"path":"audios\/wordfile-675164baf1649.mp3","mime":"audio\/mpeg","copyright":{"license":"U"}}]},{"text":" \u09aa\u09be\u09b0\u09a4\u09be\u09ae\u0964 ","startDuration":"2.7386","endDuration":"3.3750","wordfile":[{"path":"audios\/wordfile-675164cc8c30e.mp3","mime":"audio\/mpeg","copyright":{"license":"U"}}]}],"files":[{"path":"audios\/files-668ccfa9083bb.mp3","mime":"audio\/mpeg","copyright":{"license":"U"}}]},"subContentId":"d01953de-ff7b-4103-842b-66c4cd763b59","metadata":{"contentType":"Curious Reader Audio","license":"U","title":"Untitled Curious Reader Audio"}},"backgroundOpacity":0,"willDoAnimation":false,"animationType":"glow","displayAsButton":false,"buttonSize":"big","goToSlideType":"specified","invisible":false},{"x":9.191176470588236,"y":43.886545454545455,"width":36.213235294117645,"height":46.18181818181818,"action":{"library":"H5P.Image 1.1","params":{"contentName":"Image"},"subContentId":"2d80f38f-5aab-4456-84d9-20899ef11a51","metadata":{"contentType":"Image","license":"U","title":"Untitled Image"}},"backgroundOpacity":0,"willDoAnimation":true,"animationType":"glow","displayAsButton":false,"buttonSize":"big","goToSlideType":"specified","invisible":false,"id":"imgd01953de-ff7b-4103-842b-66c4cd763b59_2"}],"slideBackgroundSelector":{}},{"elements":[{"x":6.5359477124183005,"y":4.301075268817204,"width":39.97821350762527,"height":93.54838709677419,"action":{"library":"H5P.Image 1.1","params":{"contentName":"Image","file":{"path":"images\/file-657730203cd25.jpg","mime":"image\/jpeg","copyright":{"license":"U"},"width":1024,"height":1472}},"subContentId":"9191b9d6-6070-4809-a41a-2cb8986f0060","metadata":{"contentType":"Image","license":"U","title":"Untitled Image"}},"backgroundOpacity":0,"willDoAnimation":false,"animationType":"glow","displayAsButton":false,"buttonSize":"big","goToSlideType":"specified","invisible":false},{"x":44.642857142857146,"y":42.809319899244336,"width":53.316326530612244,"height":50.12594458438287,"action":{"library":"H5P.CRAdvancedText 1.1","params":{"text":"<p dir=\"ltr\" style=\"text-align: center;\"><span style=\"font-size:1.75em;\">\u0986\u09ae\u09b0\u09be \u098f\u0995\u099f\u09be \u0998\u09cb\u09dc\u09be\u09df \u099f\u09be\u09a8\u09be \u0997\u09be\u09dc\u09bf \u099a\u09dc\u09a4\u09c7 \u09aa\u09be\u09b0\u09a4\u09be\u09ae\u0964<\/span><\/p>\n"},"subContentId":"b7b8bb12-cecb-4ce9-89c6-76cb49c2adfa","metadata":{"contentType":"Text","license":"U","title":"Untitled Text"}},"alwaysDisplayComments":false,"backgroundOpacity":0,"willDoAnimation":false,"animationType":"glow","displayAsButton":false,"buttonSize":"big","goToSlideType":"specified","invisible":false,"solution":""},{"x":92.5925925925926,"y":2.151768538561844,"width":40,"height":40,"action":{"library":"H5P.CRAudio 1.4","params":{"fitToWrapper":true,"currIndex":6,"playerMode":"minimalistic","controls":true,"autoplay":true,"playAudio":"Play audio","pauseAudio":"Pause audio","contentName":"Audio","glowColor":"#ffd85a","timeStampForEachText":[{"text":" \u0986\u09ae\u09b0\u09be ","startDuration":"0.0000","endDuration":"0.5207","wordfile":[{"path":"audios\/wordfile-675164e4b161a.mp3","mime":"audio\/mpeg","copyright":{"license":"U"}}]},{"text":" \u098f\u0995\u099f\u09be ","startDuration":"0.5208","endDuration":"1.0006","wordfile":[{"path":"audios\/wordfile-675164f8d6231.mp3","mime":"audio\/mpeg","copyright":{"license":"U"}}]},{"text":" \u0998\u09cb\u09dc\u09be\u09df ","startDuration":"1.0007","endDuration":"1.6757","wordfile":[{"path":"audios\/wordfile-6751650a9d59b.mp3","mime":"audio\/mpeg","copyright":{"license":"U"}}]},{"text":" \u099f\u09be\u09a8\u09be ","startDuration":"1.6758","endDuration":"2.0292","wordfile":[{"path":"audios\/wordfile-6751651c0f025.mp3","mime":"audio\/mpeg","copyright":{"license":"U"}}]},{"text":" \u0997\u09be\u09dc\u09bf ","startDuration":"2.0293","endDuration":"2.4812","wordfile":[{"path":"audios\/wordfile-6751652edea95.mp3","mime":"audio\/mpeg","copyright":{"license":"U"}}]},{"text":" \u099a\u09dc\u09a4\u09c7 ","startDuration":"2.4813","endDuration":"2.8347","wordfile":[{"path":"audios\/wordfile-67516540a2be4.mp3","mime":"audio\/mpeg","copyright":{"license":"U"}}]},{"text":" \u09aa\u09be\u09b0\u09a4\u09be\u09ae\u0964 ","startDuration":"2.8348","endDuration":"3.4959","wordfile":[{"path":"audios\/wordfile-67516552a40a5.mp3","mime":"audio\/mpeg","copyright":{"license":"U"}}]}],"files":[{"path":"audios\/files-668cd33771569.mp3","mime":"audio\/mpeg","copyright":{"license":"U"}}]},"subContentId":"661617ae-0645-4406-a61b-bb07cc1b515c","metadata":{"contentType":"Curious Reader Audio","license":"U","title":"Untitled Curious Reader Audio"}},"backgroundOpacity":0,"willDoAnimation":false,"animationType":"glow","displayAsButton":false,"buttonSize":"big","goToSlideType":"specified","invisible":false},{"x":20.220588235294116,"y":47.27272727272727,"width":23.345588235294116,"height":40,"action":{"library":"H5P.Image 1.1","params":{"contentName":"Image"},"subContentId":"f83f73d5-16db-4a2d-8ecb-4823bee96895","metadata":{"contentType":"Image","license":"U","title":"Untitled Image"}},"backgroundOpacity":0,"willDoAnimation":true,"animationType":"glow","displayAsButton":false,"buttonSize":"big","goToSlideType":"specified","invisible":false,"id":"img661617ae-0645-4406-a61b-bb07cc1b515c_2"},{"x":7.352941176470588,"y":40,"width":22.24264705882353,"height":32.72727272727273,"action":{"library":"H5P.Image 1.1","params":{"contentName":"Image"},"subContentId":"6902562e-cf0a-4ca5-bcb8-07c0154377b4","metadata":{"contentType":"Image","license":"U","title":"Untitled Image"}},"backgroundOpacity":0,"willDoAnimation":true,"animationType":"glow","displayAsButton":false,"buttonSize":"big","goToSlideType":"specified","invisible":false,"id":"img661617ae-0645-4406-a61b-bb07cc1b515c_0"}],"slideBackgroundSelector":{}},{"elements":[{"x":5.1020408163265305,"y":5.037783375314861,"width":39.97821350762527,"height":93.54838709677419,"action":{"library":"H5P.Image 1.1","params":{"contentName":"Image","file":{"path":"images\/file-6577306a54903.jpg","mime":"image\/jpeg","copyright":{"license":"U"},"width":1024,"height":1472}},"subContentId":"b233860e-b1c2-4a6c-b471-3b72630f1a26","metadata":{"contentType":"Image","license":"U","title":"Untitled Image"}},"backgroundOpacity":0,"willDoAnimation":false,"animationType":"glow","displayAsButton":false,"buttonSize":"big","goToSlideType":"specified","invisible":false},{"x":51.02040816326531,"y":37.73425692695214,"width":45.91836734693878,"height":60.45340050377833,"action":{"library":"H5P.CRAdvancedText 1.1","params":{"text":"<p dir=\"ltr\" style=\"text-align: center;\"><span style=\"font-size:1.75em;\">\u0986\u09ae\u09b0\u09be \u098f\u0995\u099f\u09be \u0997\u09b0\u09c1\u09b0 \u0997\u09be\u09dc\u09bf \u099a\u09dc\u09a4\u09c7 \u09aa\u09be\u09b0\u09a4\u09be\u09ae\u0964<\/span><\/p>\n"},"subContentId":"b500745d-17ef-4d41-bfac-35a4ef256c79","metadata":{"contentType":"Text","license":"U","title":"Untitled Text"}},"alwaysDisplayComments":false,"backgroundOpacity":0,"willDoAnimation":false,"animationType":"glow","displayAsButton":false,"buttonSize":"big","goToSlideType":"specified","invisible":false,"solution":""},{"x":92.5925925925926,"y":2.151768538561844,"width":40,"height":40,"action":{"library":"H5P.CRAudio 1.4","params":{"fitToWrapper":true,"currIndex":7,"playerMode":"minimalistic","controls":true,"autoplay":true,"playAudio":"Play audio","pauseAudio":"Pause audio","contentName":"Audio","glowColor":"#ffd85a","timeStampForEachText":[{"text":" \u0986\u09ae\u09b0\u09be ","startDuration":"0.0000","endDuration":"0.5426","wordfile":[{"path":"audios\/wordfile-67516568a07d9.mp3","mime":"audio\/mpeg","copyright":{"license":"U"}}]},{"text":" \u098f\u0995\u099f\u09be ","startDuration":"0.5427","endDuration":"0.9149","wordfile":[{"path":"audios\/wordfile-67516579400a3.mp3","mime":"audio\/mpeg","copyright":{"license":"U"}}]},{"text":" \u0997\u09b0\u09c1\u09b0 ","startDuration":"0.9150","endDuration":"1.5174","wordfile":[{"path":"audios\/wordfile-67516588cd7bc.mp3","mime":"audio\/mpeg","copyright":{"license":"U"}}]},{"text":" \u0997\u09be\u09dc\u09bf ","startDuration":"1.5175","endDuration":"1.7666","wordfile":[{"path":"audios\/wordfile-67516599c0ef1.mp3","mime":"audio\/mpeg","copyright":{"license":"U"}}]},{"text":" \u099a\u09dc\u09a4\u09c7 ","startDuration":"1.7667","endDuration":"2.0961","wordfile":[{"path":"audios\/wordfile-675165aa926fb.mp3","mime":"audio\/mpeg","copyright":{"license":"U"}}]},{"text":" \u09aa\u09be\u09b0\u09a4\u09be\u09ae\u0964 ","startDuration":"2.0962","endDuration":"2.6875","wordfile":[{"path":"audios\/wordfile-675165bf8db86.mp3","mime":"audio\/mpeg","copyright":{"license":"U"}}]}],"files":[{"path":"audios\/files-668cd5a4def99.mp3","mime":"audio\/mpeg","copyright":{"license":"U"}}]},"subContentId":"109b8d28-caac-4e96-b431-30a0238cb6bc","metadata":{"contentType":"Curious Reader Audio","license":"U","title":"Untitled Curious Reader Audio"}},"backgroundOpacity":0,"willDoAnimation":false,"animationType":"glow","displayAsButton":false,"buttonSize":"big","goToSlideType":"specified","invisible":false},{"x":18.38235294117647,"y":47.409090909090914,"width":23.345588235294116,"height":42.54545454545455,"action":{"library":"H5P.Image 1.1","params":{"contentName":"Image"},"subContentId":"f31e42ec-da31-4e67-b3f7-fb97ab960598","metadata":{"contentType":"Image","license":"U","title":"Untitled Image"}},"backgroundOpacity":0,"willDoAnimation":true,"animationType":"glow","displayAsButton":false,"buttonSize":"big","goToSlideType":"specified","invisible":false,"id":"img109b8d28-caac-4e96-b431-30a0238cb6bc_2"}],"slideBackgroundSelector":{}},{"elements":[{"x":6.5359477124183005,"y":2.150537634408602,"width":39.97821350762527,"height":93.54838709677419,"action":{"library":"H5P.Image 1.1","params":{"contentName":"Image","file":{"path":"images\/file-657730ac1c0b2.jpg","mime":"image\/jpeg","copyright":{"license":"U"},"width":1024,"height":1472}},"subContentId":"918b2dfb-a82a-40d6-a574-807c508f8f8c","metadata":{"contentType":"Image","license":"U","title":"Untitled Image"}},"backgroundOpacity":0,"willDoAnimation":false,"animationType":"glow","displayAsButton":false,"buttonSize":"big","goToSlideType":"specified","invisible":false},{"x":47.930283224400874,"y":40.88360223267504,"width":48.78213507625272,"height":31.482955841406056,"action":{"library":"H5P.CRAdvancedText 1.1","params":{"text":"<p style=\"text-align:center;\"><span style=\"font-size:1.75em;color:hsl(0,0%,0%);\"><strong>\u0986\u09ae\u09b0\u09be \u098f\u0995\u099f\u09be \u09b0\u09c7\u09b8 \u09aa\u09be\u09b0\u09a4\u09be\u09ae\u0964 \u099a\u09be\u09b2\u09be\u09a4\u09c7 \u09aa\u09be\u09b0\u09a4\u09be\u09ae\u0964<\/strong><\/span><\/p>"},"subContentId":"eb4d5274-567b-401f-85e4-f5558587f300","metadata":{"contentType":"Text","license":"U","title":"Untitled Text"}},"alwaysDisplayComments":false,"backgroundOpacity":0,"willDoAnimation":false,"animationType":"glow","displayAsButton":false,"buttonSize":"big","goToSlideType":"specified","invisible":false,"solution":""},{"x":7.352941176470589,"y":47.409090909090914,"width":36.213235294117645,"height":40,"action":{"library":"H5P.Image 1.1","params":{"contentName":"Image"},"subContentId":"6945c91d-4268-4039-a014-590e7140769e","metadata":{"contentType":"Image","license":"U","title":"Untitled Image"}},"backgroundOpacity":0,"willDoAnimation":true,"animationType":"glow","displayAsButton":false,"buttonSize":"big","goToSlideType":"specified","invisible":false,"id":"img2cdb473b-8782-4e51-823d-628b6b4e3a31_2"},{"x":92.5925925925926,"y":2.151768538561844,"width":40,"height":40,"action":{"library":"H5P.CRAudio 1.4","params":{"fitToWrapper":true,"currIndex":8,"playerMode":"minimalistic","controls":true,"autoplay":true,"playAudio":"Play audio","pauseAudio":"Pause audio","contentName":"Audio","glowColor":"#ffd85a","timeStampForEachText":[{"text":" \u0986\u09ae\u09b0\u09be ","startDuration":"0.0000","endDuration":"0.5704","wordfile":[{"path":"audios\/wordfile-675165d79f03e.mp3","mime":"audio\/mpeg","copyright":{"license":"U"}}]},{"text":" \u098f\u0995\u099f\u09be ","startDuration":"0.5714","endDuration":"0.8876","wordfile":[{"path":"audios\/wordfile-675165e896ec9.mp3","mime":"audio\/mpeg","copyright":{"license":"U"}}]},{"text":" \u09b0\u09c7\u09b8 ","startDuration":"1.0896","endDuration":"1.4811","wordfile":[{"path":"audios\/wordfile-6758347859653.mp3","mime":"audio\/mpeg","copyright":{"license":"U"}}]},{"text":" \u09aa\u09be\u09b0\u09a4\u09be\u09ae\u0964 ","startDuration":"1.4821","endDuration":"1.7009","wordfile":[{"path":"audios\/wordfile-67516619bf9ed.mp3","mime":"audio\/mpeg","copyright":{"license":"U"}}]},{"text":" \u099a\u09be\u09b2\u09be\u09a4\u09c7 ","startDuration":"1.7019","endDuration":"2.0463","wordfile":[{"path":"audios\/wordfile-6751662b535c4.mp3","mime":"audio\/mpeg","copyright":{"license":"U"}}]},{"text":" \u09aa\u09be\u09b0\u09a4\u09be\u09ae\u0964 ","startDuration":"2.0473","endDuration":"2.6899","wordfile":[{"path":"audios\/wordfile-6751663cd12fa.mp3","mime":"audio\/mpeg","copyright":{"license":"U"}}]}],"files":[{"path":"audios\/files-673744edb9dc4.mp3","mime":"audio\/mpeg","copyright":{"license":"U"}}]},"subContentId":"3480cbf0-4916-4e35-8ba3-867b535b9960","metadata":{"contentType":"Curious Reader Audio","license":"U","title":"Untitled Curious Reader Audio"}},"backgroundOpacity":0,"willDoAnimation":false,"animationType":"glow","displayAsButton":false,"buttonSize":"big","goToSlideType":"specified","invisible":false}],"slideBackgroundSelector":{}},{"elements":[{"x":6.5359477124183005,"y":2.150537634408602,"width":39.97821350762527,"height":95.69892473118279,"action":{"library":"H5P.Image 1.1","params":{"contentName":"Image","file":{"path":"images\/file-657730e66c7cb.jpg","mime":"image\/jpeg","copyright":{"license":"U"},"width":1024,"height":1472}},"subContentId":"5642e8ce-c395-4093-bf32-1bad47f044df","metadata":{"contentType":"Image","license":"U","title":"Untitled Image"}},"backgroundOpacity":0,"willDoAnimation":false,"animationType":"glow","displayAsButton":false,"buttonSize":"big","goToSlideType":"specified","invisible":false},{"x":47.19387755102041,"y":40.29042821158691,"width":47.32142857142857,"height":34.005037783375315,"action":{"library":"H5P.CRAdvancedText 1.1","params":{"text":"<p dir=\"ltr\" style=\"text-align: center;\"><span style=\"font-size:1.75em;\">\u0986\u09ae\u09b0\u09be \u098f\u0995\u099f\u09be \u09ac\u09dc \u0997\u09be\u09dc\u09bf \u099a\u09be\u09b2\u09be\u09a4\u09c7 \u09aa\u09be\u09b0\u09a4\u09be\u09ae\u0964<\/span><\/p>\n"},"subContentId":"04493358-b49e-41bd-9b69-c6e200aa7ec2","metadata":{"contentType":"Text","license":"U","title":"Untitled Text"}},"alwaysDisplayComments":false,"backgroundOpacity":0,"willDoAnimation":false,"animationType":"glow","displayAsButton":false,"buttonSize":"big","goToSlideType":"specified","invisible":false,"solution":""},{"x":92.5925925925926,"y":2.151768538561844,"width":40,"height":40,"action":{"library":"H5P.CRAudio 1.4","params":{"fitToWrapper":true,"currIndex":9,"playerMode":"minimalistic","controls":true,"autoplay":true,"playAudio":"Play audio","pauseAudio":"Pause audio","contentName":"Audio","glowColor":"#ffd85a","timeStampForEachText":[{"text":" \u0986\u09ae\u09b0\u09be ","startDuration":"0.0000","endDuration":"0.6096","wordfile":[{"path":"audios\/wordfile-6751665634c61.mp3","mime":"audio\/mpeg","copyright":{"license":"U"}}]},{"text":" \u098f\u0995\u099f\u09be ","startDuration":"0.6097","endDuration":"0.9569","wordfile":[{"path":"audios\/wordfile-67516666e837c.mp3","mime":"audio\/mpeg","copyright":{"license":"U"}}]},{"text":" \u09ac\u09dc ","startDuration":"0.9570","endDuration":"1.5734","wordfile":[{"path":"audios\/wordfile-675166783e050.mp3","mime":"audio\/mpeg","copyright":{"license":"U"}}]},{"text":" \u0997\u09be\u09dc\u09bf ","startDuration":"1.5735","endDuration":"1.8680","wordfile":[{"path":"audios\/wordfile-67516688a9aeb.mp3","mime":"audio\/mpeg","copyright":{"license":"U"}}]},{"text":" \u099a\u09be\u09b2\u09be\u09a4\u09c7 ","startDuration":"1.8681","endDuration":"2.2738","wordfile":[{"path":"audios\/wordfile-6751669cca7ae.mp3","mime":"audio\/mpeg","copyright":{"license":"U"}}]},{"text":" \u09aa\u09be\u09b0\u09a4\u09be\u09ae\u0964 ","startDuration":"2.2739","endDuration":"2.9375","wordfile":[{"path":"audios\/wordfile-675166aec06e4.mp3","mime":"audio\/mpeg","copyright":{"license":"U"}}]}],"files":[{"path":"audios\/files-668cd97274bee.mp3","mime":"audio\/mpeg","copyright":{"license":"U"}}]},"subContentId":"bab72475-ffbe-466c-8145-55a5f1162073","metadata":{"contentType":"Curious Reader Audio","license":"U","title":"Untitled Curious Reader Audio"}},"backgroundOpacity":0,"willDoAnimation":false,"animationType":"glow","displayAsButton":false,"buttonSize":"big","goToSlideType":"specified","invisible":false},{"x":5.514705882352941,"y":43.824000000000005,"width":36.213235294117645,"height":42.54545454545455,"action":{"library":"H5P.Image 1.1","params":{"contentName":"Image"},"subContentId":"38cb5889-652a-459b-bd6c-a40c73bcb575","metadata":{"contentType":"Image","license":"U","title":"Untitled Image"}},"backgroundOpacity":0,"willDoAnimation":true,"animationType":"glow","displayAsButton":false,"buttonSize":"big","goToSlideType":"specified","invisible":false,"id":"imgbab72475-ffbe-466c-8145-55a5f1162073_2"},{"x":3.676470588235294,"y":43.63636363636363,"width":40,"height":40,"action":{"library":"H5P.Image 1.1","params":{"contentName":"Image"},"subContentId":"8cbaf40f-5375-4c7e-9523-ebb9ff3c3ff6","metadata":{"contentType":"Image","license":"U","title":"Untitled Image"}},"backgroundOpacity":0,"willDoAnimation":true,"animationType":"glow","displayAsButton":false,"buttonSize":"big","goToSlideType":"specified","invisible":false,"id":"imgbab72475-ffbe-466c-8145-55a5f1162073_3"}],"slideBackgroundSelector":{}},{"elements":[{"x":5.446623093681917,"y":2.150537634408602,"width":39.97821350762527,"height":93.54838709677419,"action":{"library":"H5P.Image 1.1","params":{"contentName":"Image","file":{"path":"images\/file-6577312023aac.jpg","mime":"image\/jpeg","copyright":{"license":"U"},"width":1024,"height":1472}},"subContentId":"54df8b14-746c-4ada-ae1b-fd3ee142cf9e","metadata":{"contentType":"Image","license":"U","title":"Untitled Image"}},"backgroundOpacity":0,"willDoAnimation":false,"animationType":"glow","displayAsButton":false,"buttonSize":"big","goToSlideType":"specified","invisible":false},{"x":44.642857142857146,"y":47.858942065491185,"width":53.57142857142857,"height":28.71536523929471,"action":{"library":"H5P.CRAdvancedText 1.1","params":{"text":"<p dir=\"ltr\" style=\"text-align: center;\"><span style=\"font-size:1.75em;\">\u0986\u09ae\u09b0\u09be \u098f\u0995\u099f\u09be \u09a8\u09cc\u0995\u09be \u09ac\u09be\u0987\u09a4\u09c7 \u09aa\u09be\u09b0\u09a4\u09be\u09ae\u0964<\/span><\/p>\n"},"subContentId":"4a412170-9cce-4809-abca-083d6a03a0da","metadata":{"contentType":"Text","license":"U","title":"Untitled Text"}},"alwaysDisplayComments":false,"backgroundOpacity":0,"willDoAnimation":false,"animationType":"glow","displayAsButton":false,"buttonSize":"big","goToSlideType":"specified","invisible":false,"solution":""},{"x":93.68191721132898,"y":2.151768538561844,"width":40,"height":40,"action":{"library":"H5P.CRAudio 1.4","params":{"fitToWrapper":true,"currIndex":10,"playerMode":"minimalistic","controls":true,"autoplay":true,"playAudio":"Play audio","pauseAudio":"Pause audio","contentName":"Audio","glowColor":"#ffd85a","timeStampForEachText":[{"text":" \u0986\u09ae\u09b0\u09be ","startDuration":"0.0000","endDuration":"0.5777","wordfile":[{"path":"audios\/wordfile-675166c590bbc.mp3","mime":"audio\/mpeg","copyright":{"license":"U"}}]},{"text":" \u098f\u0995\u099f\u09be ","startDuration":"0.5778","endDuration":"0.9676","wordfile":[{"path":"audios\/wordfile-675166d7a3fb3.mp3","mime":"audio\/mpeg","copyright":{"license":"U"}}]},{"text":" \u09a8\u09cc\u0995\u09be ","startDuration":"0.9686","endDuration":"1.5259","wordfile":[{"path":"audios\/wordfile-675166e82648e.mp3","mime":"audio\/mpeg","copyright":{"license":"U"}}]},{"text":" \u09ac\u09be\u0987\u09a4\u09c7 ","startDuration":"1.5260","endDuration":"1.8596","wordfile":[{"path":"audios\/wordfile-6751670264390.mp3","mime":"audio\/mpeg","copyright":{"license":"U"}}]},{"text":" \u09aa\u09be\u09b0\u09a4\u09be\u09ae\u0964 ","startDuration":"1.8597","endDuration":"2.5625","wordfile":[{"path":"audios\/wordfile-675167151b1db.mp3","mime":"audio\/mpeg","copyright":{"license":"U"}}]}],"files":[{"path":"audios\/files-668cdb116df1d.mp3","mime":"audio\/mpeg","copyright":{"license":"U"}}]},"subContentId":"ebba5d83-3dd7-4b76-b312-7270f7cef622","metadata":{"contentType":"Curious Reader Audio","license":"U","title":"Untitled Curious Reader Audio"}},"backgroundOpacity":0,"willDoAnimation":false,"animationType":"glow","displayAsButton":false,"buttonSize":"big","goToSlideType":"specified","invisible":false},{"x":7.352941176470588,"y":36.36363636363637,"width":28.860294117647058,"height":54.54545454545455,"action":{"library":"H5P.Image 1.1","params":{"contentName":"Image"},"subContentId":"f216f0ef-f52c-4294-acb6-c1079c33c243","metadata":{"contentType":"Image","license":"U","title":"Untitled Image"}},"backgroundOpacity":0,"willDoAnimation":true,"animationType":"glow","displayAsButton":false,"buttonSize":"big","goToSlideType":"specified","invisible":false,"id":"imgebba5d83-3dd7-4b76-b312-7270f7cef622_2"}],"slideBackgroundSelector":{}},{"elements":[{"x":31.59041394335512,"y":2.150537634408602,"width":66.23093681917211,"height":95.69892473118279,"action":{"library":"H5P.Image 1.1","params":{"contentName":"Image","file":{"path":"images\/file-657732a5856b9.jpg","mime":"image\/jpeg","copyright":{"license":"U"},"width":1024,"height":735}},"subContentId":"38dc3824-e8c1-4dbf-9ed7-4ac8d2355b3b","metadata":{"contentType":"Image","license":"U","title":"Untitled Image"}},"backgroundOpacity":0,"willDoAnimation":false,"animationType":"glow","displayAsButton":false,"buttonSize":"big","goToSlideType":"specified","invisible":false},{"x":2.550551470588235,"y":37.892,"width":56.98529411764706,"height":40,"action":{"library":"H5P.CRAdvancedText 1.1","params":{"text":"<p dir=\"ltr\" style=\"text-align: center;\"><span style=\"font-size:1.75em;\">\u0986\u09ae\u09b0\u09be \u098f\u0995\u099f\u09be \u09b9\u09be\u09a4\u09bf\u09a4\u09c7 \u099a\u09dc\u09a4\u09c7 \u09aa\u09be\u09b0\u09a4\u09be\u09ae\u0964<\/span><\/p>\n"},"subContentId":"11168cee-a669-4a5c-ad04-b3de669fd62c","metadata":{"contentType":"Text","license":"U","title":"Untitled Text"}},"alwaysDisplayComments":false,"backgroundOpacity":0,"willDoAnimation":false,"animationType":"glow","displayAsButton":false,"buttonSize":"big","goToSlideType":"specified","invisible":false,"solution":""},{"x":46.96691176470588,"y":44,"width":40,"height":40,"action":{"library":"H5P.CRAudio 1.4","params":{"fitToWrapper":true,"currIndex":11,"playerMode":"minimalistic","controls":true,"autoplay":true,"playAudio":"Play audio","pauseAudio":"Pause audio","contentName":"Audio","glowColor":"#ffd85a","timeStampForEachText":[{"text":" \u0986\u09ae\u09b0\u09be ","startDuration":"0.0000","endDuration":"0.5267","wordfile":[{"path":"audios\/wordfile-6751672f11746.mp3","mime":"audio\/mpeg","copyright":{"license":"U"}}]},{"text":" \u098f\u0995\u099f\u09be ","startDuration":"0.5268","endDuration":"0.9523","wordfile":[{"path":"audios\/wordfile-675167409288a.mp3","mime":"audio\/mpeg","copyright":{"license":"U"}}]},{"text":" \u09b9\u09be\u09a4\u09bf\u09a4\u09c7 ","startDuration":"0.9524","endDuration":"1.5413","wordfile":[{"path":"audios\/wordfile-67516750cf43a.mp3","mime":"audio\/mpeg","copyright":{"license":"U"}}]},{"text":" \u099a\u09dc\u09a4\u09c7 ","startDuration":"1.5423","endDuration":"1.9312","wordfile":[{"path":"audios\/wordfile-67516762bb3e4.mp3","mime":"audio\/mpeg","copyright":{"license":"U"}}]},{"text":" \u09aa\u09be\u09b0\u09a4\u09be\u09ae\u0964 ","startDuration":"1.9313","endDuration":"2.4844","wordfile":[{"path":"audios\/wordfile-6751677441169.mp3","mime":"audio\/mpeg","copyright":{"license":"U"}}]}],"files":[{"path":"audios\/files-668cdc545607b.mp3","mime":"audio\/mpeg","copyright":{"license":"U"}}]},"subContentId":"d9294325-6306-4aad-9676-07a6d155a360","metadata":{"contentType":"Curious Reader Audio","license":"U","title":"Untitled Curious Reader Audio"}},"backgroundOpacity":0,"willDoAnimation":false,"animationType":"glow","displayAsButton":false,"buttonSize":"big","goToSlideType":"specified","invisible":false},{"x":64.33823529411764,"y":40,"width":31.43382352941176,"height":54.54545454545455,"action":{"library":"H5P.Image 1.1","params":{"contentName":"Image"},"subContentId":"125a7a19-1419-42d6-89b0-021e46498276","metadata":{"contentType":"Image","license":"U","title":"Untitled Image"}},"backgroundOpacity":0,"willDoAnimation":true,"animationType":"glow","displayAsButton":false,"buttonSize":"big","goToSlideType":"specified","invisible":false,"id":"imgd9294325-6306-4aad-9676-07a6d155a360_2"}],"slideBackgroundSelector":{}},{"elements":[{"x":6.5359477124183005,"y":2.150537634408602,"width":39.97821350762527,"height":95.69892473118279,"action":{"library":"H5P.Image 1.1","params":{"contentName":"Image","file":{"path":"images\/file-657733414a4c5.jpg","mime":"image\/jpeg","copyright":{"license":"U"},"width":1024,"height":1472}},"subContentId":"3fc945d1-d748-445f-bbd3-a7f86964fe4e","metadata":{"contentType":"Image","license":"U","title":"Untitled Image"}},"backgroundOpacity":0,"willDoAnimation":false,"animationType":"glow","displayAsButton":false,"buttonSize":"big","goToSlideType":"specified","invisible":false},{"x":46.3235294117647,"y":47.27272727272727,"width":53.69897959183674,"height":40.050377833753146,"action":{"library":"H5P.CRAdvancedText 1.1","params":{"text":"<p dir=\"ltr\" style=\"text-align: center;\"><span style=\"font-size:1.75em;\">\u09a8\u09be! \u0986\u09ae\u09be\u09a6\u09c7\u09b0 \u09b9\u09c7\u0981\u099f\u09c7 \u09af\u09be\u0993\u09df\u09be \u0989\u099a\u09bf\u09a4\u0964<\/span><\/p>\n"},"subContentId":"378c2ce4-59d7-41b1-823b-9c22984380c0","metadata":{"contentType":"Text","license":"U","title":"Untitled Text"}},"alwaysDisplayComments":false,"backgroundOpacity":0,"willDoAnimation":false,"animationType":"glow","displayAsButton":false,"buttonSize":"big","goToSlideType":"specified","invisible":false,"solution":""},{"x":5.514705882352941,"y":43.76145454545454,"width":28.860294117647058,"height":40,"action":{"library":"H5P.Image 1.1","params":{"contentName":"Image"},"subContentId":"5fecc83b-5e38-4224-862c-e3dca0b058dd","metadata":{"contentType":"Image","license":"U","title":"Untitled Image"}},"backgroundOpacity":0,"willDoAnimation":true,"animationType":"glow","displayAsButton":false,"buttonSize":"big","goToSlideType":"specified","invisible":false,"id":"img7d394319-27fa-4773-b77b-d6ee55329e6b_2"},{"x":47.000103485838785,"y":44.00026681929878,"width":40,"height":40,"action":{"library":"H5P.CRAudio 1.4","params":{"fitToWrapper":true,"currIndex":12,"playerMode":"minimalistic","controls":true,"autoplay":true,"playAudio":"Play audio","pauseAudio":"Pause audio","contentName":"Audio","glowColor":"#ffd85a","timeStampForEachText":[{"text":" \u09a8\u09be! ","startDuration":"0.0000","endDuration":"0.6463","wordfile":[{"path":"audios\/wordfile-6751693ba52a5.mp3","mime":"audio\/mpeg","copyright":{"license":"U"}}]},{"text":" \u0986\u09ae\u09be\u09a6\u09c7\u09b0 ","startDuration":"0.6473","endDuration":"1.4605","wordfile":[{"path":"audios\/wordfile-6751695992bca.mp3","mime":"audio\/mpeg","copyright":{"license":"U"}}]},{"text":" \u09b9\u09c7\u0981\u099f\u09c7 ","startDuration":"1.4615","endDuration":"1.9184","wordfile":[{"path":"audios\/wordfile-675169772b071.mp3","mime":"audio\/mpeg","copyright":{"license":"U"}}]},{"text":" \u09af\u09be\u0993\u09df\u09be ","startDuration":"1.9194","endDuration":"2.2992","wordfile":[{"path":"audios\/wordfile-675169978081d.mp3","mime":"audio\/mpeg","copyright":{"license":"U"}}]},{"text":" \u0989\u099a\u09bf\u09a4\u0964 ","startDuration":"2.3002","endDuration":"2.6029","wordfile":[{"path":"audios\/wordfile-675169aa11f77.mp3","mime":"audio\/mpeg","copyright":{"license":"U"}}]}],"files":[{"path":"audios\/files-675169043c3cc.mp3","mime":"audio\/mpeg","copyright":{"license":"U"}}]},"subContentId":"d94f51cc-dca9-427c-a08d-939034c3a077","metadata":{"contentType":"Curious Reader Audio","license":"U","title":"Untitled Curious Reader Audio"}},"backgroundOpacity":0,"willDoAnimation":false,"animationType":"glow","displayAsButton":false,"buttonSize":"big","goToSlideType":"specified","invisible":false}],"slideBackgroundSelector":{}},{"elements":[{"x":64.27015250544663,"y":10.75268817204301,"width":31.263616557734206,"height":17.204301075268816,"action":{"library":"H5P.Image 1.1","params":{"contentName":"Image","file":{"path":"images\/file-657734c6867b2.jpg","mime":"image\/jpeg","copyright":{"license":"U"},"width":1732,"height":354}},"subContentId":"58d6bcfc-1017-40eb-bbcd-a32d3100ea46","metadata":{"contentType":"Image","license":"U","title":"Untitled Image"}},"backgroundOpacity":0,"willDoAnimation":false,"animationType":"glow","displayAsButton":false,"buttonSize":"big","goToSlideType":"specified","invisible":false},{"x":4.357298474945534,"y":6.451612903225806,"width":23.965141612200437,"height":24.086021505376344,"action":{"library":"H5P.Image 1.1","params":{"contentName":"Image","file":{"path":"images\/file-657734db6bc33.png","mime":"image\/png","copyright":{"license":"U"},"width":1350,"height":487}},"subContentId":"46007b76-06dc-4b23-9d5e-0feb3dcced51","metadata":{"contentType":"Image","license":"U","title":"Untitled Image"}},"backgroundOpacity":0,"willDoAnimation":false,"animationType":"glow","displayAsButton":false,"buttonSize":"big","goToSlideType":"specified","invisible":false},{"x":34.85838779956427,"y":4.301075268817204,"width":23.965141612200437,"height":23.87096774193548,"action":{"library":"H5P.Image 1.1","params":{"contentName":"Image","file":{"path":"images\/file-657734e7ce435.png","mime":"image\/png","copyright":{"license":"U"},"width":814,"height":202}},"subContentId":"f81bc57f-8a0f-443d-b34a-3ccd68a92e3a","metadata":{"contentType":"Image","license":"U","title":"Untitled Image"}},"backgroundOpacity":0,"willDoAnimation":false,"animationType":"glow","displayAsButton":false,"buttonSize":"big","goToSlideType":"specified","invisible":false},{"x":4.357298474945534,"y":32.20258064516129,"width":93.68191721132898,"height":67.74193548387096,"action":{"library":"H5P.CRAdvancedText 1.1","params":{"text":"<h3 style=\"text-align: center;\"><span style=\"font-size:1.25em;\">\u201c<\/span>\u0996\u09c7\u09b2\u09be\u09b0 \u09ae\u09be\u09a0<span style=\"font-size:1.25em;\">\u201d credits<\/span><\/h3>\n\n<h3 style=\"text-align: center;\"><span style=\"font-size:1.25em;\">This work, \u201c<\/span>\u0996\u09c7\u09b2\u09be\u09b0 \u09ae\u09be\u09a0<span style=\"font-size:1.25em;\">\u201d&nbsp;is a derivative of \u201cPlayground\u201d by All Children Reading Cambodia. \u00a9 The Asia Foundation , 2019 and used under CC BY.<\/span><\/h3>\n\n<h3 style=\"text-align: center;\"><span style=\"font-size:1.25em;\">\u201c<\/span>\u0996\u09c7\u09b2\u09be\u09b0 \u09ae\u09be\u09a0<span style=\"font-size:1.25em;\">\u201d is licensed under CC BY 4.0 by Curious Learning.<\/span><\/h3>\n\n<h3 style=\"text-align: center;\"><span style=\"font-size:1.25em;\">Book builder - Abraham Jerry Kakooza<\/span><\/h3>\n"},"subContentId":"045c5dbc-06a7-4115-b9f8-a37781c03f1e","metadata":{"contentType":"Text","license":"U","title":"Untitled Text"}},"alwaysDisplayComments":false,"backgroundOpacity":0,"willDoAnimation":false,"animationType":"glow","displayAsButton":false,"buttonSize":"big","goToSlideType":"specified","invisible":false,"solution":""}],"slideBackgroundSelector":{}}],"keywordListEnabled":true,"globalBackgroundSelector":{"fillGlobalBackground":"#fbfef0"},"keywordListAlwaysShow":false,"keywordListAutoHide":false,"keywordListOpacity":90},"override":{"activeSurface":false,"hideSummarySlide":false,"summarySlideSolutionButton":true,"summarySlideRetryButton":true,"enablePrintButton":false,"social":{"showFacebookShare":false,"facebookShare":{"url":"@currentpageurl","quote":"I scored @score out of @maxScore on a task at @currentpageurl."},"showTwitterShare":false,"twitterShare":{"statement":"I scored @score out of @maxScore on a task at @currentpageurl.","url":"@currentpageurl","hashtags":"h5p, course"},"showGoogleShare":false,"googleShareUrl":"@currentpageurl"}},"l10n":{"slide":"Slide","score":"Score","yourScore":"Your Score","maxScore":"Max Score","total":"Total","totalScore":"Total Score","showSolutions":"Show solutions","retry":"Retry","exportAnswers":"Export text","hideKeywords":"Hide sidebar navigation menu","showKeywords":"Show sidebar navigation menu","fullscreen":"Fullscreen","exitFullscreen":"Exit fullscreen","prevSlide":"Previous slide","nextSlide":"Next slide","currentSlide":"Current slide","lastSlide":"Last slide","solutionModeTitle":"Exit solution mode","solutionModeText":"Solution Mode","summaryMultipleTaskText":"Multiple tasks","scoreMessage":"You achieved:","shareFacebook":"Share on Facebook","shareTwitter":"Share on Twitter","shareGoogle":"Share on Google+","summary":"Summary","solutionsButtonTitle":"Show comments","printTitle":"Print","printIngress":"How would you like to print this presentation?","printAllSlides":"Print all slides","printCurrentSlide":"Print current slide","noTitle":"No title","accessibilitySlideNavigationExplanation":"Use left and right arrow to change slide in that direction whenever canvas is selected.","accessibilityCanvasLabel":"Presentation canvas. Use left and right arrow to move between slides.","containsNotCompleted":"@slideName contains not completed interaction","containsCompleted":"@slideName contains completed interaction","slideCount":"Slide @index of @total","containsOnlyCorrect":"@slideName only has correct answers","containsIncorrectAnswers":"@slideName has incorrect answers","shareResult":"Share Result","accessibilityTotalScore":"You got @score of @maxScore points in total","accessibilityEnteredFullscreen":"Entered fullscreen","accessibilityExitedFullscreen":"Exited fullscreen"}}