{"presentation":{"slides":[{"elements":[{"x":11.982570806100219,"y":83.87096774193547,"width":78.86710239651417,"height":15.053763440860214,"action":{"library":"H5P.CRAdvancedText 1.1","params":{"text":"<p style=\"text-align: center;\"><span style=\"font-size:2.25em;\"><strong>\u0414\u0438\u0442\u044f\u0447\u0438\u0439 \u043c\u0430\u0439\u0434\u0430\u043d\u0447\u0438\u043a<\/strong><\/span><\/p>\n"},"subContentId":"90697ea5-581d-4cce-b8d5-c3e964c80fe3","metadata":{"contentType":"Text","license":"U","title":"Untitled Text"}},"alwaysDisplayComments":false,"backgroundOpacity":0,"willDoAnimation":false,"animationType":"glow","displayAsButton":false,"buttonSize":"big","goToSlideType":"specified","invisible":false,"solution":""},{"x":3.2679738562091507,"y":4.29436559139785,"width":91.28540305010894,"height":77.41935483870967,"action":{"library":"H5P.Image 1.1","params":{"contentName":"Image","file":{"path":"images\/file-65771e0ae63e0.jpg","mime":"image\/jpeg","copyright":{"license":"U"},"width":1024,"height":490}},"subContentId":"4b5f1fe6-22a7-4ade-bfe5-6c2a6969447d","metadata":{"contentType":"Image","license":"U","title":"Untitled Image"}},"backgroundOpacity":0,"willDoAnimation":false,"animationType":"glow","displayAsButton":false,"buttonSize":"big","goToSlideType":"specified","invisible":false}],"slideBackgroundSelector":{}},{"elements":[{"x":7.625272331154684,"y":2.150537634408602,"width":39.97821350762527,"height":95.69892473118279,"action":{"library":"H5P.Image 1.1","params":{"contentName":"Image","file":{"path":"images\/file-6577290f7836f.jpeg","mime":"image\/jpeg","copyright":{"license":"U"},"width":1024,"height":1472}},"subContentId":"476fadde-9027-4ab4-aca7-b46b802384a1","metadata":{"contentType":"Image","license":"U","title":"Untitled Image"}},"backgroundOpacity":0,"willDoAnimation":false,"animationType":"glow","displayAsButton":false,"buttonSize":"big","goToSlideType":"specified","invisible":false},{"x":52.287581699346404,"y":36.55913978494623,"width":40,"height":40,"action":{"library":"H5P.CRAdvancedText 1.1","params":{"text":"<p style=\"text-align: center;\"><strong><span style=\"color:#ffffff;\"><span style=\"font-size:2.25em;\">\u041c\u0438 \u0445\u043e\u0447\u0435\u043c\u043e \u043f\u0456\u0442\u0438 \u043d\u0430 \u0434\u0438\u0442\u044f\u0447\u0438\u0439 \u043c\u0430\u0439\u0434\u0430\u043d\u0447\u0438\u043a.<\/span><\/span><\/strong><\/p>\n"},"subContentId":"4a13a470-f3c0-45b7-bbb6-948224693b56","metadata":{"contentType":"Text","license":"U","title":"Untitled Text"}},"alwaysDisplayComments":false,"backgroundOpacity":0,"willDoAnimation":false,"animationType":"glow","displayAsButton":false,"buttonSize":"big","goToSlideType":"specified","invisible":false,"solution":""},{"x":47.00435729847495,"y":43.97849462365591,"width":40,"height":40,"action":{"library":"H5P.CRAudio 1.4","params":{"fitToWrapper":true,"currIndex":1,"playerMode":"minimalistic","controls":true,"autoplay":true,"playAudio":"Play audio","pauseAudio":"Pause audio","contentName":"Audio","glowColor":"#ffd85a","timeStampForEachText":[{"text":" \u041c\u0438 ","startDuration":"0.0777","endDuration":"0.3980","wordfile":[{"path":"audios\/wordfile-65773b3e464f7.wav","mime":"audio\/x-wav","copyright":{"license":"U"}}]},{"text":" \u0445\u043e\u0447\u0435\u043c\u043e ","startDuration":"0.3990","endDuration":"1.0183","wordfile":[{"path":"audios\/wordfile-65773b5435978.wav","mime":"audio\/x-wav","copyright":{"license":"U"}}]},{"text":" \u043f\u0456\u0442\u0438 ","startDuration":"1.0193","endDuration":"1.4367","wordfile":[{"path":"audios\/wordfile-65773b6b81683.wav","mime":"audio\/x-wav","copyright":{"license":"U"}}]},{"text":" \u043d\u0430 ","startDuration":"1.4377","endDuration":"1.6377","wordfile":[{"path":"audios\/wordfile-65773b824f4ef.wav","mime":"audio\/x-wav","copyright":{"license":"U"}}]},{"text":" \u0434\u0438\u0442\u044f\u0447\u0438\u0439 ","startDuration":"1.6387","endDuration":"2.2813","wordfile":[{"path":"audios\/wordfile-65773b9f8626a.wav","mime":"audio\/x-wav","copyright":{"license":"U"}}]},{"text":" \u043c\u0430\u0439\u0434\u0430\u043d\u0447\u0438\u043a. ","startDuration":"2.2823","endDuration":"3.3093","wordfile":[{"path":"audios\/wordfile-65773bb979bd5.wav","mime":"audio\/x-wav","copyright":{"license":"U"}}]}],"files":[{"path":"audios\/files-65773b198ac6e.wav","mime":"audio\/x-wav","copyright":{"license":"U"}}]},"subContentId":"707da7aa-f780-4658-8881-bd37f03e4505","metadata":{"contentType":"Curious Reader Audio","license":"U","title":"Untitled Curious Reader Audio"}},"backgroundOpacity":0,"willDoAnimation":false,"animationType":"glow","displayAsButton":false,"buttonSize":"big","goToSlideType":"specified","invisible":false},{"x":11.982570806100219,"y":34.34817204301075,"width":16.013071895424837,"height":48.817204301075265,"action":{"library":"H5P.Image 1.1","params":{"contentName":"Image"},"subContentId":"310cdeeb-6e88-4818-bfa6-da891aa6db8e","metadata":{"contentType":"Image","license":"U","title":"Untitled Image"}},"backgroundOpacity":0,"willDoAnimation":true,"animationType":"glow","displayAsButton":false,"buttonSize":"big","goToSlideType":"specified","invisible":false,"id":"img707da7aa-f780-4658-8881-bd37f03e4505_0"},{"x":19.607843137254903,"y":57.99741935483871,"width":13.83442265795207,"height":22.79569892473118,"action":{"library":"H5P.Image 1.1","params":{"contentName":"Image"},"subContentId":"7efa5115-08c1-4c12-a8c5-3e46790cbe92","metadata":{"contentType":"Image","license":"U","title":"Untitled Image"}},"backgroundOpacity":0,"willDoAnimation":true,"animationType":"glow","displayAsButton":false,"buttonSize":"big","goToSlideType":"specified","invisible":false,"id":"img707da7aa-f780-4658-8881-bd37f03e4505_0"},{"x":22.875816993464053,"y":43.01075268817204,"width":24.727668845315904,"height":27.096774193548384,"action":{"library":"H5P.Image 1.1","params":{"contentName":"Image"},"subContentId":"613b44a2-0c6f-4fff-ad74-874beaacbe26","metadata":{"contentType":"Image","license":"U","title":"Untitled Image"}},"backgroundOpacity":0,"willDoAnimation":true,"animationType":"glow","displayAsButton":false,"buttonSize":"big","goToSlideType":"specified","invisible":false,"id":"img707da7aa-f780-4658-8881-bd37f03e4505_4"},{"x":22.875816993464053,"y":42.93505376344086,"width":24.727668845315904,"height":27.096774193548384,"action":{"library":"H5P.Image 1.1","params":{"contentName":"Image"},"subContentId":"9e82eb89-526e-41a5-92ad-488724291f16","metadata":{"contentType":"Image","license":"U","title":"Untitled Image"}},"backgroundOpacity":0,"willDoAnimation":true,"animationType":"glow","displayAsButton":false,"buttonSize":"big","goToSlideType":"specified","invisible":false,"id":"img707da7aa-f780-4658-8881-bd37f03e4505_5"}],"slideBackgroundSelector":{}},{"elements":[{"x":43.57298474945534,"y":40.86021505376344,"width":54.46623093681917,"height":40.86021505376344,"action":{"library":"H5P.CRAdvancedText 1.1","params":{"text":"<p dir=\"ltr\" style=\"text-align: center;\"><strong><span style=\"color:#ffffff;\"><span style=\"font-size:2.25em;\">\u042f\u043a \u043c\u0438 \u043c\u043e\u0436\u0435\u043c\u043e \u0442\u0443\u0434\u0438 \u043f\u043e\u0442\u0440\u0430\u043f\u0438\u0442\u0438?<\/span><\/span><\/strong><\/p>\n"},"subContentId":"2994eb57-730b-4fd4-9251-e065d99b0ad4","metadata":{"contentType":"Text","license":"U","title":"Untitled Text"}},"alwaysDisplayComments":false,"backgroundOpacity":0,"willDoAnimation":false,"animationType":"glow","displayAsButton":false,"buttonSize":"big","goToSlideType":"specified","invisible":false,"solution":""},{"x":5.446623093681917,"y":2.150537634408602,"width":39.97821350762527,"height":95.69892473118279,"action":{"library":"H5P.Image 1.1","params":{"contentName":"Image","file":{"path":"images\/file-65771ef884e6f.jpg","mime":"image\/jpeg","copyright":{"license":"U"},"width":1024,"height":1472}},"subContentId":"9331eab1-1659-4721-afea-f39be84615c0","metadata":{"contentType":"Image","license":"U","title":"Untitled Image"}},"backgroundOpacity":0,"willDoAnimation":false,"animationType":"glow","displayAsButton":false,"buttonSize":"big","goToSlideType":"specified","invisible":false},{"x":47.00255102040816,"y":43.95465994962216,"width":40,"height":40,"action":{"library":"H5P.CRAudio 1.4","params":{"fitToWrapper":true,"currIndex":2,"playerMode":"minimalistic","controls":true,"autoplay":true,"playAudio":"Play audio","pauseAudio":"Pause audio","contentName":"Audio","glowColor":"#ffd85a","timeStampForEachText":[{"text":" \u042f\u043a ","startDuration":"0.0039","endDuration":"0.5748","wordfile":[{"path":"audios\/wordfile-657748a8317e2.wav","mime":"audio\/x-wav","copyright":{"license":"U"}}]},{"text":" \u043c\u0438 ","startDuration":"0.5748","endDuration":"0.8587","wordfile":[{"path":"audios\/wordfile-65774880d76bd.wav","mime":"audio\/x-wav","copyright":{"license":"U"}}]},{"text":" \u043c\u043e\u0436\u0435\u043c\u043e ","startDuration":"0.8587","endDuration":"1.3122","wordfile":[{"path":"audios\/wordfile-65774927186ee.wav","mime":"audio\/x-wav","copyright":{"license":"U"}}]},{"text":" \u0442\u0443\u0434\u0438 ","startDuration":"1.3132","endDuration":"1.7065","wordfile":[{"path":"audios\/wordfile-6577494364374.wav","mime":"audio\/x-wav","copyright":{"license":"U"}}]},{"text":" \u043f\u043e\u0442\u0440\u0430\u043f\u0438\u0442\u0438? ","startDuration":"1.7075","endDuration":"2.6926","wordfile":[{"path":"audios\/wordfile-6577495929f3d.wav","mime":"audio\/x-wav","copyright":{"license":"U"}}]}],"files":[{"path":"audios\/files-657748503e127.wav","mime":"audio\/x-wav","copyright":{"license":"U"}}]},"subContentId":"9a07b428-c6a8-4512-8564-728a719fef85","metadata":{"contentType":"Curious Reader Audio","license":"U","title":"Untitled Curious Reader Audio"}},"backgroundOpacity":0,"willDoAnimation":false,"animationType":"glow","displayAsButton":false,"buttonSize":"big","goToSlideType":"specified","invisible":false},{"x":8.928571428571429,"y":55.415617128463474,"width":18.75,"height":29.974811083123424,"action":{"library":"H5P.Image 1.1","params":{"contentName":"Image"},"subContentId":"badfc99d-e7ef-443c-a3aa-25caf1fd528d","metadata":{"contentType":"Image","license":"U","title":"Untitled Image"}},"backgroundOpacity":0,"willDoAnimation":true,"animationType":"glow","displayAsButton":false,"buttonSize":"big","goToSlideType":"specified","invisible":false,"id":"img9a07b428-c6a8-4512-8564-728a719fef85_1"},{"x":22.95918367346939,"y":35.26448362720403,"width":18.75,"height":52.6448362720403,"action":{"library":"H5P.Image 1.1","params":{"contentName":"Image"},"subContentId":"a693c5d9-188d-4031-be26-00bb95d17f1e","metadata":{"contentType":"Image","license":"U","title":"Untitled Image"}},"backgroundOpacity":0,"willDoAnimation":true,"animationType":"glow","displayAsButton":false,"buttonSize":"big","goToSlideType":"specified","invisible":false,"id":"img9a07b428-c6a8-4512-8564-728a719fef85_1"}],"slideBackgroundSelector":{}},{"elements":[{"x":6.5359477124183005,"y":2.150537634408602,"width":39.97821350762527,"height":95.69892473118279,"action":{"library":"H5P.Image 1.1","params":{"contentName":"Image","file":{"path":"images\/file-65772c8628500.jpg","mime":"image\/jpeg","copyright":{"license":"U"},"width":1024,"height":1472}},"subContentId":"2f88d6e3-5665-4070-aed0-828e48dd7710","metadata":{"contentType":"Image","license":"U","title":"Untitled Image"}},"backgroundOpacity":0,"willDoAnimation":false,"animationType":"glow","displayAsButton":false,"buttonSize":"big","goToSlideType":"specified","invisible":false},{"x":52.28698979591837,"y":40.8375314861461,"width":44.642857142857146,"height":45.34005037783375,"action":{"library":"H5P.CRAdvancedText 1.1","params":{"text":"<p style=\"text-align: center;\"><span style=\"font-size:2.25em;\"><strong>\u0438 \u043c\u043e\u0436\u0435\u043c\u043e \u043f\u043e\u0457\u0445\u0430\u0442\u0438 \u043d\u0430 \u0432\u0435\u043b\u043e\u0441\u0438\u043f\u0435\u0434\u0456.<\/strong><\/span><\/p>\n"},"subContentId":"f51953f7-a46d-4f4d-acca-e11882a3527e","metadata":{"contentType":"Text","license":"U","title":"Untitled Text"}},"alwaysDisplayComments":false,"backgroundOpacity":0,"willDoAnimation":false,"animationType":"glow","displayAsButton":false,"buttonSize":"big","goToSlideType":"specified","invisible":false,"solution":""},{"x":47.00255102040816,"y":43.95465994962216,"width":40,"height":40,"action":{"library":"H5P.CRAudio 1.4","params":{"fitToWrapper":true,"currIndex":3,"playerMode":"minimalistic","controls":true,"autoplay":true,"playAudio":"Play audio","pauseAudio":"Pause audio","contentName":"Audio","glowColor":"#ffd85a","timeStampForEachText":[{"text":" \u041c\u0438 ","startDuration":"0.0249","endDuration":"0.3868","wordfile":[{"path":"audios\/wordfile-657749b0ea18c.wav","mime":"audio\/x-wav","copyright":{"license":"U"}}]},{"text":" \u043c\u043e\u0436\u0435\u043c\u043e ","startDuration":"0.3878","endDuration":"0.9364","wordfile":[{"path":"audios\/wordfile-657749cbabf43.wav","mime":"audio\/x-wav","copyright":{"license":"U"}}]},{"text":" \u043f\u043e\u0457\u0445\u0430\u0442\u0438 ","startDuration":"0.9374","endDuration":"1.6977","wordfile":[{"path":"audios\/wordfile-657749e4a6271.wav","mime":"audio\/x-wav","copyright":{"license":"U"}}]},{"text":" \u043d\u0430 ","startDuration":"1.6987","endDuration":"1.8987","wordfile":[{"path":"audios\/wordfile-657749fcaca31.wav","mime":"audio\/x-wav","copyright":{"license":"U"}}]},{"text":" \u0432\u0435\u043b\u043e\u0441\u0438\u043f\u0435\u0434\u0456. ","startDuration":"1.8997","endDuration":"2.9174","wordfile":[{"path":"audios\/wordfile-65774a163e627.wav","mime":"audio\/x-wav","copyright":{"license":"U"}}]}],"files":[{"path":"audios\/files-65774997576c4.wav","mime":"audio\/x-wav","copyright":{"license":"U"}}]},"subContentId":"3fe937e1-8609-4da5-bdae-a22c793fa37b","metadata":{"contentType":"Curious Reader Audio","license":"U","title":"Untitled Curious Reader Audio"}},"backgroundOpacity":0,"willDoAnimation":false,"animationType":"glow","displayAsButton":false,"buttonSize":"big","goToSlideType":"specified","invisible":false},{"x":8.928571428571429,"y":45.31637279596977,"width":34.05612244897959,"height":45.088161209068005,"action":{"library":"H5P.Image 1.1","params":{"contentName":"Image"},"subContentId":"dd875634-95fb-4e7a-886d-0791d070f082","metadata":{"contentType":"Image","license":"U","title":"Untitled Image"}},"backgroundOpacity":0,"willDoAnimation":true,"animationType":"glow","displayAsButton":false,"buttonSize":"big","goToSlideType":"specified","invisible":false,"id":"img3fe937e1-8609-4da5-bdae-a22c793fa37b_4"}],"slideBackgroundSelector":{}},{"elements":[{"x":5.446623093681917,"y":2.150537634408602,"width":39.97821350762527,"height":95.69892473118279,"action":{"library":"H5P.Image 1.1","params":{"contentName":"Image","file":{"path":"images\/file-65772f77b3a8c.jpg","mime":"image\/jpeg","copyright":{"license":"U"},"width":1024,"height":1472}},"subContentId":"9e8dd059-c7c6-4dc2-87f8-888317d00cd9","metadata":{"contentType":"Image","license":"U","title":"Untitled Image"}},"backgroundOpacity":0,"willDoAnimation":false,"animationType":"glow","displayAsButton":false,"buttonSize":"big","goToSlideType":"specified","invisible":false},{"x":44.642857142857146,"y":38.68664987405542,"width":49.87244897959184,"height":40.050377833753146,"action":{"library":"H5P.CRAdvancedText 1.1","params":{"text":"<p style=\"text-align: center;\"><span style=\"color:#ffffff;\"><span style=\"font-size:2.25em;\">\u041c\u0438 \u043c\u043e\u0436\u0435\u043c\u043e \u043f\u043e\u0457\u0445\u0430\u0442\u0438 \u043d\u0430 \u043c\u043e\u0442\u043e\u0446\u0438\u043a\u043b\u0456.<\/span><\/span><\/p>\n"},"subContentId":"40d5f0d4-ed28-4cc2-95ab-35c06610684c","metadata":{"contentType":"Text","license":"U","title":"Untitled Text"}},"alwaysDisplayComments":false,"backgroundOpacity":0,"willDoAnimation":false,"animationType":"glow","displayAsButton":false,"buttonSize":"big","goToSlideType":"specified","invisible":false,"solution":""},{"x":47.00255102040816,"y":43.95465994962216,"width":40,"height":40,"action":{"library":"H5P.CRAudio 1.4","params":{"fitToWrapper":true,"currIndex":4,"playerMode":"minimalistic","controls":true,"autoplay":true,"playAudio":"Play audio","pauseAudio":"Pause audio","contentName":"Audio","glowColor":"#ffd85a","timeStampForEachText":[{"text":" \u041c\u0438 ","startDuration":"0.0000","endDuration":"0.4235","wordfile":[{"path":"audios\/wordfile-65774a7973e52.wav","mime":"audio\/x-wav","copyright":{"license":"U"}}]},{"text":" \u043c\u043e\u0436\u0435\u043c\u043e ","startDuration":"0.4245","endDuration":"0.9438","wordfile":[{"path":"audios\/wordfile-65774a8db62d2.wav","mime":"audio\/x-wav","copyright":{"license":"U"}}]},{"text":" \u043f\u043e\u0457\u0445\u0430\u0442\u0438 ","startDuration":"0.9448","endDuration":"1.7651","wordfile":[{"path":"audios\/wordfile-65774aa68758a.wav","mime":"audio\/x-wav","copyright":{"license":"U"}}]},{"text":" \u043d\u0430 ","startDuration":"1.8574","endDuration":"2.1075","wordfile":[{"path":"audios\/wordfile-65774aca1b743.wav","mime":"audio\/x-wav","copyright":{"license":"U"}}]},{"text":" \u043c\u043e\u0442\u043e\u0446\u0438\u043a\u043b\u0456. ","startDuration":"2.1085","endDuration":"3.1477","wordfile":[{"path":"audios\/wordfile-65774ae2174f6.wav","mime":"audio\/x-wav","copyright":{"license":"U"}}]}],"files":[{"path":"audios\/files-65774a643b79f.wav","mime":"audio\/x-wav","copyright":{"license":"U"}}]},"subContentId":"4575874f-2b09-42d4-ac6a-89b695e83f85","metadata":{"contentType":"Curious Reader Audio","license":"U","title":"Untitled Curious Reader Audio"}},"backgroundOpacity":0,"willDoAnimation":false,"animationType":"glow","displayAsButton":false,"buttonSize":"big","goToSlideType":"specified","invisible":false},{"x":8.928571428571429,"y":42.82115869017632,"width":32.78061224489796,"height":47.10327455919395,"action":{"library":"H5P.Image 1.1","params":{"contentName":"Image"},"subContentId":"b0578309-6607-4a4d-b09c-037ac11bf261","metadata":{"contentType":"Image","license":"U","title":"Untitled Image"}},"backgroundOpacity":0,"willDoAnimation":true,"animationType":"glow","displayAsButton":false,"buttonSize":"big","goToSlideType":"specified","invisible":false,"id":"img4575874f-2b09-42d4-ac6a-89b695e83f85_4"}],"slideBackgroundSelector":{}},{"elements":[{"x":6.5359477124183005,"y":4.301075268817204,"width":39.97821350762527,"height":91.39784946236558,"action":{"library":"H5P.Image 1.1","params":{"contentName":"Image","file":{"path":"images\/file-65772fd79f9c5.jpg","mime":"image\/jpeg","copyright":{"license":"U"},"width":1024,"height":1472}},"subContentId":"c56cffc0-138a-4145-a44b-dba09817e313","metadata":{"contentType":"Image","license":"U","title":"Untitled Image"}},"backgroundOpacity":0,"willDoAnimation":false,"animationType":"glow","displayAsButton":false,"buttonSize":"big","goToSlideType":"specified","invisible":false},{"x":43.36734693877551,"y":34.38866498740554,"width":51.14795918367347,"height":40.050377833753146,"action":{"library":"H5P.CRAdvancedText 1.1","params":{"text":"<p dir=\"ltr\" style=\"text-align: center;\"><span style=\"color:#ffffff;\"><span style=\"font-size:2.25em;\">\u041c\u0438 \u043c\u043e\u0436\u0435\u043c\u043e \u043f\u043e\u0457\u0445\u0430\u0442\u0438 \u043d\u0430 \u0432\u0435\u043b\u043e\u0442\u0430\u043a\u0441\u0456.<\/span><\/span><\/p>\n"},"subContentId":"70474ade-abdd-4ae4-b89b-74390b388b43","metadata":{"contentType":"Text","license":"U","title":"Untitled Text"}},"alwaysDisplayComments":false,"backgroundOpacity":0,"willDoAnimation":false,"animationType":"glow","displayAsButton":false,"buttonSize":"big","goToSlideType":"specified","invisible":false,"solution":""},{"x":47.00255102040816,"y":43.95465994962216,"width":40,"height":40,"action":{"library":"H5P.CRAudio 1.4","params":{"fitToWrapper":true,"currIndex":5,"playerMode":"minimalistic","controls":true,"autoplay":true,"playAudio":"Play audio","pauseAudio":"Pause audio","contentName":"Audio","glowColor":"#ffd85a","timeStampForEachText":[{"text":" \u041c\u0438 ","startDuration":"0.0000","endDuration":"0.3733","wordfile":[{"path":"audios\/wordfile-65774b11e6080.wav","mime":"audio\/x-wav","copyright":{"license":"U"}}]},{"text":" \u043c\u043e\u0436\u0435\u043c\u043e ","startDuration":"0.3743","endDuration":"0.9036","wordfile":[{"path":"audios\/wordfile-65774b279db51.wav","mime":"audio\/x-wav","copyright":{"license":"U"}}]},{"text":" \u043f\u043e\u0457\u0445\u0430\u0442\u0438 ","startDuration":"0.9046","endDuration":"1.7199","wordfile":[{"path":"audios\/wordfile-65774b3804ed2.wav","mime":"audio\/x-wav","copyright":{"license":"U"}}]},{"text":" \u043d\u0430 ","startDuration":"1.8119","endDuration":"2.1159","wordfile":[{"path":"audios\/wordfile-65774b522670a.wav","mime":"audio\/x-wav","copyright":{"license":"U"}}]},{"text":" \u0432\u0435\u043b\u043e\u0442\u0430\u043a\u0441\u0456. ","startDuration":"2.1169","endDuration":"3.0925","wordfile":[{"path":"audios\/wordfile-65774b67e7631.wav","mime":"audio\/x-wav","copyright":{"license":"U"}}]}],"files":[{"path":"audios\/files-65774afd1b6df.wav","mime":"audio\/x-wav","copyright":{"license":"U"}}]},"subContentId":"ba0bae57-d525-435e-bc28-a0325a75d838","metadata":{"contentType":"Curious Reader Audio","license":"U","title":"Untitled Curious Reader Audio"}},"backgroundOpacity":0,"willDoAnimation":false,"animationType":"glow","displayAsButton":false,"buttonSize":"big","goToSlideType":"specified","invisible":false},{"x":7.653061224489796,"y":42.79748110831235,"width":40.05102040816327,"height":44.58438287153652,"action":{"library":"H5P.Image 1.1","params":{"contentName":"Image"},"subContentId":"ed7d5da2-3576-48f8-ac5a-6bead248d30d","metadata":{"contentType":"Image","license":"U","title":"Untitled Image"}},"backgroundOpacity":0,"willDoAnimation":true,"animationType":"glow","displayAsButton":false,"buttonSize":"big","goToSlideType":"specified","invisible":false,"id":"imgba0bae57-d525-435e-bc28-a0325a75d838_4"}],"slideBackgroundSelector":{}},{"elements":[{"x":6.5359477124183005,"y":4.301075268817204,"width":39.97821350762527,"height":93.54838709677419,"action":{"library":"H5P.Image 1.1","params":{"contentName":"Image","file":{"path":"images\/file-657730203cd25.jpg","mime":"image\/jpeg","copyright":{"license":"U"},"width":1024,"height":1472}},"subContentId":"9191b9d6-6070-4809-a41a-2cb8986f0060","metadata":{"contentType":"Image","license":"U","title":"Untitled Image"}},"backgroundOpacity":0,"willDoAnimation":false,"animationType":"glow","displayAsButton":false,"buttonSize":"big","goToSlideType":"specified","invisible":false},{"x":44.642857142857146,"y":30.0455919395466,"width":53.316326530612244,"height":62.97229219143576,"action":{"library":"H5P.CRAdvancedText 1.1","params":{"text":"<p dir=\"ltr\" style=\"text-align: center;\"><span style=\"color:#ffffff;\"><span style=\"font-size:2.25em;\">\u041c\u0438 \u043c\u043e\u0436\u0435\u043c\u043e \u043f\u043e\u0457\u0445\u0430\u0442\u0438 \u043d\u0430 \u0432\u043e\u0437\u0456, \u0437\u0430\u043f\u0440\u044f\u0436\u0435\u043d\u043e\u043c\u0443 \u043a\u0456\u043d\u044c\u043c\u0438.<\/span><\/span><\/p>\n"},"subContentId":"b7b8bb12-cecb-4ce9-89c6-76cb49c2adfa","metadata":{"contentType":"Text","license":"U","title":"Untitled Text"}},"alwaysDisplayComments":false,"backgroundOpacity":0,"willDoAnimation":false,"animationType":"glow","displayAsButton":false,"buttonSize":"big","goToSlideType":"specified","invisible":false,"solution":""},{"x":47.00255102040816,"y":43.95465994962216,"width":40,"height":40,"action":{"library":"H5P.CRAudio 1.4","params":{"fitToWrapper":true,"currIndex":6,"playerMode":"minimalistic","controls":true,"autoplay":true,"playAudio":"Play audio","pauseAudio":"Pause audio","contentName":"Audio","glowColor":"#ffd85a","timeStampForEachText":[{"text":" \u041c\u0438 ","startDuration":"0.0000","endDuration":"0.3456","wordfile":[{"path":"audios\/wordfile-65774ba387f15.wav","mime":"audio\/x-wav","copyright":{"license":"U"}}]},{"text":" \u043c\u043e\u0436\u0435\u043c\u043e ","startDuration":"0.3466","endDuration":"0.8924","wordfile":[{"path":"audios\/wordfile-65774bc0db28c.wav","mime":"audio\/x-wav","copyright":{"license":"U"}}]},{"text":" \u043f\u043e\u0457\u0445\u0430\u0442\u0438 ","startDuration":"0.8934","endDuration":"1.6818","wordfile":[{"path":"audios\/wordfile-65774bd659066.wav","mime":"audio\/x-wav","copyright":{"license":"U"}}]},{"text":" \u043d\u0430 ","startDuration":"1.6828","endDuration":"2.1133","wordfile":[{"path":"audios\/wordfile-65774be67da93.wav","mime":"audio\/x-wav","copyright":{"license":"U"}}]},{"text":" \u0432\u043e\u0437\u0456, ","startDuration":"2.1143","endDuration":"2.6419","wordfile":[{"path":"audios\/wordfile-65774bfe9085a.wav","mime":"audio\/x-wav","copyright":{"license":"U"}}]},{"text":" \u0437\u0430\u043f\u0440\u044f\u0436\u0435\u043d\u043e\u043c\u0443 ","startDuration":"2.6429","endDuration":"3.6376","wordfile":[{"path":"audios\/wordfile-65774c11ce3ef.wav","mime":"audio\/x-wav","copyright":{"license":"U"}}]},{"text":" \u043a\u0456\u043d\u044c\u043c\u0438. ","startDuration":"3.6386","endDuration":"4.2875","wordfile":[{"path":"audios\/wordfile-65774c263a8f9.wav","mime":"audio\/x-wav","copyright":{"license":"U"}}]}],"files":[{"path":"audios\/files-65774b8350944.wav","mime":"audio\/x-wav","copyright":{"license":"U"}}]},"subContentId":"4b0760c0-af3f-4440-93e3-1dd35f36a10b","metadata":{"contentType":"Curious Reader Audio","license":"U","title":"Untitled Curious Reader Audio"}},"backgroundOpacity":0,"willDoAnimation":false,"animationType":"glow","displayAsButton":false,"buttonSize":"big","goToSlideType":"specified","invisible":false},{"x":7.653061224489796,"y":57.91889168765743,"width":21.301020408163264,"height":29.974811083123424,"action":{"library":"H5P.Image 1.1","params":{"contentName":"Image"},"subContentId":"579bdfbb-a56d-4deb-9212-fc562fbeaec8","metadata":{"contentType":"Image","license":"U","title":"Untitled Image"}},"backgroundOpacity":0,"willDoAnimation":true,"animationType":"glow","displayAsButton":false,"buttonSize":"big","goToSlideType":"specified","invisible":false,"id":"img4b0760c0-af3f-4440-93e3-1dd35f36a10b_4"},{"x":7.653061224489796,"y":57.88715365239295,"width":21.301020408163264,"height":29.974811083123424,"action":{"library":"H5P.Image 1.1","params":{"contentName":"Image"},"subContentId":"65a5820a-3173-4c27-9b3e-aed8984a3a8c","metadata":{"contentType":"Image","license":"U","title":"Untitled Image"}},"backgroundOpacity":0,"willDoAnimation":true,"animationType":"glow","displayAsButton":false,"buttonSize":"big","goToSlideType":"specified","invisible":false,"id":"img4b0760c0-af3f-4440-93e3-1dd35f36a10b_5"},{"x":7.653061224489796,"y":57.88715365239295,"width":21.301020408163264,"height":27.455919395465994,"action":{"library":"H5P.Image 1.1","params":{"contentName":"Image"},"subContentId":"6ea9706f-ab1c-40de-aa21-79ceffe3b664","metadata":{"contentType":"Image","license":"U","title":"Untitled Image"}},"backgroundOpacity":0,"willDoAnimation":true,"animationType":"glow","displayAsButton":false,"buttonSize":"big","goToSlideType":"specified","invisible":false,"id":"img4b0760c0-af3f-4440-93e3-1dd35f36a10b_6"}],"slideBackgroundSelector":{}},{"elements":[{"x":5.1020408163265305,"y":5.037783375314861,"width":39.97821350762527,"height":93.54838709677419,"action":{"library":"H5P.Image 1.1","params":{"contentName":"Image","file":{"path":"images\/file-6577306a54903.jpg","mime":"image\/jpeg","copyright":{"license":"U"},"width":1024,"height":1472}},"subContentId":"b233860e-b1c2-4a6c-b471-3b72630f1a26","metadata":{"contentType":"Image","license":"U","title":"Untitled Image"}},"backgroundOpacity":0,"willDoAnimation":false,"animationType":"glow","displayAsButton":false,"buttonSize":"big","goToSlideType":"specified","invisible":false},{"x":39.54081632653062,"y":30.0455919395466,"width":57.39795918367347,"height":55.415617128463474,"action":{"library":"H5P.CRAdvancedText 1.1","params":{"text":"<p style=\"text-align: center;\"><span style=\"color:#ffffff;\"><span style=\"font-size:2.25em;\">\u041c\u0438 \u043c\u043e\u0436\u0435\u043c\u043e \u043f\u043e\u0457\u0445\u0430\u0442\u0438 \u043d\u0430 \u0432\u043e\u0437\u0456, \u0437\u0430\u043f\u0440\u044f\u0436\u0435\u043d\u043e\u043c\u0443 \u0432\u043e\u043b\u0430\u043c\u0438.<\/span><\/span><\/p>\n"},"subContentId":"106edf66-9688-4e47-a6bb-2267c9df71ff","metadata":{"contentType":"Text","license":"U","title":"Untitled Text"}},"alwaysDisplayComments":false,"backgroundOpacity":0,"willDoAnimation":false,"animationType":"glow","displayAsButton":false,"buttonSize":"big","goToSlideType":"specified","invisible":false,"solution":""},{"x":47.00255102040816,"y":43.95465994962216,"width":40,"height":40,"action":{"library":"H5P.CRAudio 1.4","params":{"fitToWrapper":true,"currIndex":7,"playerMode":"minimalistic","controls":true,"autoplay":true,"playAudio":"Play audio","pauseAudio":"Pause audio","contentName":"Audio","glowColor":"#ffd85a","timeStampForEachText":[{"text":" \u041c\u0438 ","startDuration":"0.0000","endDuration":"0.4340","wordfile":[{"path":"audios\/wordfile-65774c58df4af.wav","mime":"audio\/x-wav","copyright":{"license":"U"}}]},{"text":" \u043c\u043e\u0436\u0435\u043c\u043e ","startDuration":"0.4350","endDuration":"0.9490","wordfile":[{"path":"audios\/wordfile-65774c6d768aa.wav","mime":"audio\/x-wav","copyright":{"license":"U"}}]},{"text":" \u043f\u043e\u0457\u0445\u0430\u0442\u0438 ","startDuration":"0.9500","endDuration":"1.6303","wordfile":[{"path":"audios\/wordfile-65774c80628d5.wav","mime":"audio\/x-wav","copyright":{"license":"U"}}]},{"text":" \u043d\u0430 ","startDuration":"1.6313","endDuration":"1.8313","wordfile":[{"path":"audios\/wordfile-65774c966c707.wav","mime":"audio\/x-wav","copyright":{"license":"U"}}]},{"text":" \u0432\u043e\u0437\u0456, ","startDuration":"1.8323","endDuration":"2.3710","wordfile":[{"path":"audios\/wordfile-65774cade05af.wav","mime":"audio\/x-wav","copyright":{"license":"U"}}]},{"text":" \u0437\u0430\u043f\u0440\u044f\u0436\u0435\u043d\u043e\u043c\u0443 ","startDuration":"2.3843","endDuration":"3.6003","wordfile":[{"path":"audios\/wordfile-65774cc3baeef.wav","mime":"audio\/x-wav","copyright":{"license":"U"}}]},{"text":" \u0432\u043e\u043b\u0430\u043c\u0438. ","startDuration":"3.6013","endDuration":"4.4109","wordfile":[{"path":"audios\/wordfile-65774ce225211.wav","mime":"audio\/x-wav","copyright":{"license":"U"}}]}],"files":[{"path":"audios\/files-65774c401f6ab.wav","mime":"audio\/x-wav","copyright":{"license":"U"}}]},"subContentId":"de885f3a-8d80-4d64-898e-02ae787b4de2","metadata":{"contentType":"Curious Reader Audio","license":"U","title":"Untitled Curious Reader Audio"}},"backgroundOpacity":0,"willDoAnimation":false,"animationType":"glow","displayAsButton":false,"buttonSize":"big","goToSlideType":"specified","invisible":false},{"x":6.377551020408164,"y":57.88715365239295,"width":27.67857142857143,"height":29.974811083123424,"action":{"library":"H5P.Image 1.1","params":{"contentName":"Image"},"subContentId":"b4dbff8f-0176-4c35-adac-cb05465456a2","metadata":{"contentType":"Image","license":"U","title":"Untitled Image"}},"backgroundOpacity":0,"willDoAnimation":true,"animationType":"glow","displayAsButton":false,"buttonSize":"big","goToSlideType":"specified","invisible":false,"id":"imgde885f3a-8d80-4d64-898e-02ae787b4de2_4"},{"x":6.377551020408164,"y":57.88715365239295,"width":28.95408163265306,"height":29.974811083123424,"action":{"library":"H5P.Image 1.1","params":{"contentName":"Image"},"subContentId":"91321273-7e0f-4b19-b22d-cc1cd73afd45","metadata":{"contentType":"Image","license":"U","title":"Untitled Image"}},"backgroundOpacity":0,"willDoAnimation":true,"animationType":"glow","displayAsButton":false,"buttonSize":"big","goToSlideType":"specified","invisible":false,"id":"imgde885f3a-8d80-4d64-898e-02ae787b4de2_5"},{"x":6.377551020408164,"y":57.88715365239295,"width":28.95408163265306,"height":29.974811083123424,"action":{"library":"H5P.Image 1.1","params":{"contentName":"Image"},"subContentId":"fb98c3cd-e41c-4690-9573-6aa7904f2bab","metadata":{"contentType":"Image","license":"U","title":"Untitled Image"}},"backgroundOpacity":0,"willDoAnimation":true,"animationType":"glow","displayAsButton":false,"buttonSize":"big","goToSlideType":"specified","invisible":false,"id":"imgde885f3a-8d80-4d64-898e-02ae787b4de2_6"}],"slideBackgroundSelector":{}},{"elements":[{"x":6.5359477124183005,"y":2.150537634408602,"width":39.97821350762527,"height":93.54838709677419,"action":{"library":"H5P.Image 1.1","params":{"contentName":"Image","file":{"path":"images\/file-657730ac1c0b2.jpg","mime":"image\/jpeg","copyright":{"license":"U"},"width":1024,"height":1472}},"subContentId":"918b2dfb-a82a-40d6-a574-807c508f8f8c","metadata":{"contentType":"Image","license":"U","title":"Untitled Image"}},"backgroundOpacity":0,"willDoAnimation":false,"animationType":"glow","displayAsButton":false,"buttonSize":"big","goToSlideType":"specified","invisible":false},{"x":44.642857142857146,"y":34.38866498740554,"width":49.87244897959184,"height":40.050377833753146,"action":{"library":"H5P.CRAdvancedText 1.1","params":{"text":"<p style=\"text-align: center;\"><span style=\"font-size:2.25em;\"><span style=\"color:#ffffff;\">\u041c\u0438 \u043c\u043e\u0436\u0435\u043c\u043e \u043f\u043e\u0457\u0445\u0430\u0442\u0438 \u043d\u0430 \u0433\u043e\u043d\u043e\u0447\u043d\u0456\u0439 \u043c\u0430\u0448\u0438\u043d\u0456.<\/span><\/span><\/p>\n"},"subContentId":"eb4d5274-567b-401f-85e4-f5558587f300","metadata":{"contentType":"Text","license":"U","title":"Untitled Text"}},"alwaysDisplayComments":false,"backgroundOpacity":0,"willDoAnimation":false,"animationType":"glow","displayAsButton":false,"buttonSize":"big","goToSlideType":"specified","invisible":false,"solution":""},{"x":47.00255102040816,"y":43.95465994962216,"width":40,"height":40,"action":{"library":"H5P.CRAudio 1.4","params":{"fitToWrapper":true,"currIndex":8,"playerMode":"minimalistic","controls":true,"autoplay":true,"playAudio":"Play audio","pauseAudio":"Pause audio","contentName":"Audio","glowColor":"#ffd85a","timeStampForEachText":[{"text":" \u041c\u0438 ","startDuration":"0.1164","endDuration":"0.5174","wordfile":[{"path":"audios\/wordfile-65774d1206066.wav","mime":"audio\/x-wav","copyright":{"license":"U"}}]},{"text":" \u043c\u043e\u0436\u0435\u043c\u043e ","startDuration":"0.5184","endDuration":"1.0147","wordfile":[{"path":"audios\/wordfile-65774d2f2360a.wav","mime":"audio\/x-wav","copyright":{"license":"U"}}]},{"text":" \u043f\u043e\u0457\u0445\u0430\u0442\u0438 ","startDuration":"1.0157","endDuration":"1.9405","wordfile":[{"path":"audios\/wordfile-65774d4a65f50.wav","mime":"audio\/x-wav","copyright":{"license":"U"}}]},{"text":" \u043d\u0430 ","startDuration":"1.9415","endDuration":"2.1415","wordfile":[{"path":"audios\/wordfile-65774e1330b8d.wav","mime":"audio\/x-wav","copyright":{"license":"U"}}]},{"text":" \u0433\u043e\u043d\u043e\u0447\u043d\u0456\u0439 ","startDuration":"2.1425","endDuration":"3.0462","wordfile":[{"path":"audios\/wordfile-65774e2e461f0.wav","mime":"audio\/x-wav","copyright":{"license":"U"}}]},{"text":" \u043c\u0430\u0448\u0438\u043d\u0456. ","startDuration":"3.0472","endDuration":"3.8080","wordfile":[{"path":"audios\/wordfile-65774e52b2cca.wav","mime":"audio\/x-wav","copyright":{"license":"U"}}]}],"files":[{"path":"audios\/files-65774d0057f3e.wav","mime":"audio\/x-wav","copyright":{"license":"U"}}]},"subContentId":"24e3a2ce-1cf5-4afa-917b-6949ef390332","metadata":{"contentType":"Curious Reader Audio","license":"U","title":"Untitled Curious Reader Audio"}},"backgroundOpacity":0,"willDoAnimation":false,"animationType":"glow","displayAsButton":false,"buttonSize":"big","goToSlideType":"specified","invisible":false},{"x":8.928571428571429,"y":55.384130982367765,"width":36.60714285714286,"height":27.455919395465994,"action":{"library":"H5P.Image 1.1","params":{"contentName":"Image"},"subContentId":"ec8652d4-fa82-472c-8cc9-df168337fa45","metadata":{"contentType":"Image","license":"U","title":"Untitled Image"}},"backgroundOpacity":0,"willDoAnimation":true,"animationType":"glow","displayAsButton":false,"buttonSize":"big","goToSlideType":"specified","invisible":false,"id":"img24e3a2ce-1cf5-4afa-917b-6949ef390332_4"},{"x":6.377551020408164,"y":55.39999999999999,"width":40.05102040816327,"height":27.455919395465994,"action":{"library":"H5P.Image 1.1","params":{"contentName":"Image"},"subContentId":"1f87ec0f-c885-45e0-abf1-3a77ff6083e2","metadata":{"contentType":"Image","license":"U","title":"Untitled Image"}},"backgroundOpacity":0,"willDoAnimation":true,"animationType":"glow","displayAsButton":false,"buttonSize":"big","goToSlideType":"specified","invisible":false,"id":"img24e3a2ce-1cf5-4afa-917b-6949ef390332_5"}],"slideBackgroundSelector":{}},{"elements":[{"x":6.5359477124183005,"y":2.150537634408602,"width":39.97821350762527,"height":95.69892473118279,"action":{"library":"H5P.Image 1.1","params":{"contentName":"Image","file":{"path":"images\/file-657730e66c7cb.jpg","mime":"image\/jpeg","copyright":{"license":"U"},"width":1024,"height":1472}},"subContentId":"5642e8ce-c395-4093-bf32-1bad47f044df","metadata":{"contentType":"Image","license":"U","title":"Untitled Image"}},"backgroundOpacity":0,"willDoAnimation":false,"animationType":"glow","displayAsButton":false,"buttonSize":"big","goToSlideType":"specified","invisible":false},{"x":47.19387755102041,"y":34.38866498740554,"width":47.32142857142857,"height":40.050377833753146,"action":{"library":"H5P.CRAdvancedText 1.1","params":{"text":"<p dir=\"ltr\" style=\"text-align: center;\"><span style=\"color:#ffffff;\"><span style=\"font-size:2.25em;\">\u041c\u0438 \u043c\u043e\u0436\u0435\u043c\u043e \u043f\u043e\u0457\u0445\u0430\u0442\u0438 \u043d\u0430 \u0432\u0435\u043b\u0438\u043a\u0456\u0439 \u043c\u0430\u0448\u0438\u043d\u0456.<\/span><\/span><\/p>\n"},"subContentId":"04493358-b49e-41bd-9b69-c6e200aa7ec2","metadata":{"contentType":"Text","license":"U","title":"Untitled Text"}},"alwaysDisplayComments":false,"backgroundOpacity":0,"willDoAnimation":false,"animationType":"glow","displayAsButton":false,"buttonSize":"big","goToSlideType":"specified","invisible":false,"solution":""},{"x":47.00255102040816,"y":43.95465994962216,"width":40,"height":40,"action":{"library":"H5P.CRAudio 1.4","params":{"fitToWrapper":true,"currIndex":9,"playerMode":"minimalistic","controls":true,"autoplay":true,"playAudio":"Play audio","pauseAudio":"Pause audio","contentName":"Audio","glowColor":"#ffd85a","timeStampForEachText":[{"text":" \u041c\u0438 ","startDuration":"0.1090","endDuration":"0.5107","wordfile":[{"path":"audios\/wordfile-65774e849abe2.wav","mime":"audio\/x-wav","copyright":{"license":"U"}}]},{"text":" \u043c\u043e\u0436\u0435\u043c\u043e ","startDuration":"0.5117","endDuration":"0.9897","wordfile":[{"path":"audios\/wordfile-65774e975eba3.wav","mime":"audio\/x-wav","copyright":{"license":"U"}}]},{"text":" \u043f\u043e\u0457\u0445\u0430\u0442\u0438 ","startDuration":"0.9907","endDuration":"1.8066","wordfile":[{"path":"audios\/wordfile-65774ea8910cc.wav","mime":"audio\/x-wav","copyright":{"license":"U"}}]},{"text":" \u043d\u0430 ","startDuration":"1.8076","endDuration":"2.2692","wordfile":[{"path":"audios\/wordfile-65774ebe007fe.wav","mime":"audio\/x-wav","copyright":{"license":"U"}}]},{"text":" \u0432\u0435\u043b\u0438\u043a\u0456\u0439 ","startDuration":"2.2702","endDuration":"2.9607","wordfile":[{"path":"audios\/wordfile-65774ed439f7f.wav","mime":"audio\/x-wav","copyright":{"license":"U"}}]},{"text":" \u043c\u0430\u0448\u0438\u043d\u0456. ","startDuration":"2.9617","endDuration":"3.8376","wordfile":[{"path":"audios\/wordfile-65774eecb1015.wav","mime":"audio\/x-wav","copyright":{"license":"U"}}]}],"files":[{"path":"audios\/files-65774e6a1eb02.wav","mime":"audio\/x-wav","copyright":{"license":"U"}}]},"subContentId":"6d915fcf-9f94-4dfa-a10f-8ad4a9ce0c9b","metadata":{"contentType":"Curious Reader Audio","license":"U","title":"Untitled Curious Reader Audio"}},"backgroundOpacity":0,"willDoAnimation":false,"animationType":"glow","displayAsButton":false,"buttonSize":"big","goToSlideType":"specified","invisible":false},{"x":5.1020408163265305,"y":42.79748110831235,"width":40.05102040816327,"height":44.58438287153652,"action":{"library":"H5P.Image 1.1","params":{"contentName":"Image"},"subContentId":"bd908e0a-232e-4d5a-b646-afa81658d714","metadata":{"contentType":"Image","license":"U","title":"Untitled Image"}},"backgroundOpacity":0,"willDoAnimation":true,"animationType":"glow","displayAsButton":false,"buttonSize":"big","goToSlideType":"specified","invisible":false,"id":"img6d915fcf-9f94-4dfa-a10f-8ad4a9ce0c9b_4"},{"x":3.826530612244898,"y":42.809319899244336,"width":40.05102040816327,"height":45.088161209068005,"action":{"library":"H5P.Image 1.1","params":{"contentName":"Image"},"subContentId":"4d43577d-f4c7-4b89-bfa6-9b16217b9543","metadata":{"contentType":"Image","license":"U","title":"Untitled Image"}},"backgroundOpacity":0,"willDoAnimation":true,"animationType":"glow","displayAsButton":false,"buttonSize":"big","goToSlideType":"specified","invisible":false,"id":"img6d915fcf-9f94-4dfa-a10f-8ad4a9ce0c9b_5"}],"slideBackgroundSelector":{}},{"elements":[{"x":5.446623093681917,"y":2.150537634408602,"width":39.97821350762527,"height":93.54838709677419,"action":{"library":"H5P.Image 1.1","params":{"contentName":"Image","file":{"path":"images\/file-6577312023aac.jpg","mime":"image\/jpeg","copyright":{"license":"U"},"width":1024,"height":1472}},"subContentId":"54df8b14-746c-4ada-ae1b-fd3ee142cf9e","metadata":{"contentType":"Image","license":"U","title":"Untitled Image"}},"backgroundOpacity":0,"willDoAnimation":false,"animationType":"glow","displayAsButton":false,"buttonSize":"big","goToSlideType":"specified","invisible":false},{"x":52.287581699346404,"y":36.55913978494623,"width":40,"height":40,"action":{"library":"H5P.CRAdvancedText 1.1","params":{"text":"<p style=\"text-align: center;\"><span style=\"color:#ffffff;\"><span style=\"font-size:2.25em;\">\u041c\u0438 \u043c\u043e\u0436\u0435\u043c\u043e \u0433\u0440\u0435\u0431\u0442\u0438 \u043d\u0430 \u0447\u043e\u0432\u043d\u0456.<\/span><\/span><\/p>\n"},"subContentId":"4a412170-9cce-4809-abca-083d6a03a0da","metadata":{"contentType":"Text","license":"U","title":"Untitled Text"}},"alwaysDisplayComments":false,"backgroundOpacity":0,"willDoAnimation":false,"animationType":"glow","displayAsButton":false,"buttonSize":"big","goToSlideType":"specified","invisible":false,"solution":""},{"x":47.00255102040816,"y":43.95465994962216,"width":40,"height":40,"action":{"library":"H5P.CRAudio 1.4","params":{"fitToWrapper":true,"currIndex":10,"playerMode":"minimalistic","controls":true,"autoplay":true,"playAudio":"Play audio","pauseAudio":"Pause audio","contentName":"Audio","glowColor":"#ffd85a","timeStampForEachText":[{"text":" \u041c\u0438 ","startDuration":"0.0000","endDuration":"0.3647","wordfile":[{"path":"audios\/wordfile-65774f17088b5.wav","mime":"audio\/x-wav","copyright":{"license":"U"}}]},{"text":" \u043c\u043e\u0436\u0435\u043c\u043e ","startDuration":"0.3657","endDuration":"0.9642","wordfile":[{"path":"audios\/wordfile-65774f3490342.wav","mime":"audio\/x-wav","copyright":{"license":"U"}}]},{"text":" \u0433\u0440\u0435\u0431\u0442\u0438 ","startDuration":"0.9652","endDuration":"1.7016","wordfile":[{"path":"audios\/wordfile-65774f47c77b0.wav","mime":"audio\/x-wav","copyright":{"license":"U"}}]},{"text":" \u043d\u0430 ","startDuration":"1.7016","endDuration":"1.9715","wordfile":[{"path":"audios\/wordfile-65774f5e895ec.wav","mime":"audio\/x-wav","copyright":{"license":"U"}}]},{"text":" \u0447\u043e\u0432\u043d\u0456. ","startDuration":"1.9725","endDuration":"2.6514","wordfile":[{"path":"audios\/wordfile-65774f9585f16.wav","mime":"audio\/x-wav","copyright":{"license":"U"}}]}],"files":[{"path":"audios\/files-65774f030b467.wav","mime":"audio\/x-wav","copyright":{"license":"U"}}]},"subContentId":"db022caf-524a-4d62-84a6-831c90496627","metadata":{"contentType":"Curious Reader Audio","license":"U","title":"Untitled Curious Reader Audio"}},"backgroundOpacity":0,"willDoAnimation":false,"animationType":"glow","displayAsButton":false,"buttonSize":"big","goToSlideType":"specified","invisible":false},{"x":3.826530612244898,"y":27.692191435768265,"width":39.15816326530612,"height":69.26952141057934,"action":{"library":"H5P.Image 1.1","params":{"contentName":"Image"},"subContentId":"bf9cc0c4-85b1-4c67-84d7-8825d920324b","metadata":{"contentType":"Image","license":"U","title":"Untitled Image"}},"backgroundOpacity":0,"willDoAnimation":true,"animationType":"glow","displayAsButton":false,"buttonSize":"big","goToSlideType":"specified","invisible":false,"id":"imgdb022caf-524a-4d62-84a6-831c90496627_4"}],"slideBackgroundSelector":{}},{"elements":[{"x":31.59041394335512,"y":2.150537634408602,"width":66.23093681917211,"height":95.69892473118279,"action":{"library":"H5P.Image 1.1","params":{"contentName":"Image","file":{"path":"images\/file-657732a5856b9.jpg","mime":"image\/jpeg","copyright":{"license":"U"},"width":1024,"height":735}},"subContentId":"38dc3824-e8c1-4dbf-9ed7-4ac8d2355b3b","metadata":{"contentType":"Image","license":"U","title":"Untitled Image"}},"backgroundOpacity":0,"willDoAnimation":false,"animationType":"glow","displayAsButton":false,"buttonSize":"big","goToSlideType":"specified","invisible":false},{"x":6.535947712418301,"y":38.63913978494624,"width":42.48366013071895,"height":40,"action":{"library":"H5P.CRAdvancedText 1.1","params":{"text":"<p dir=\"ltr\" style=\"text-align: center;\"><span style=\"color:#ffffff;\"><span style=\"font-size:2.25em;\">\u041c\u0438 \u043c\u043e\u0436\u0435\u043c\u043e \u043f\u043e\u0457\u0445\u0430\u0442\u0438 \u043d\u0430 \u0441\u043b\u043e\u043d\u0456.<\/span><\/span><\/p>\n"},"subContentId":"11168cee-a669-4a5c-ad04-b3de669fd62c","metadata":{"contentType":"Text","license":"U","title":"Untitled Text"}},"alwaysDisplayComments":false,"backgroundOpacity":0,"willDoAnimation":false,"animationType":"glow","displayAsButton":false,"buttonSize":"big","goToSlideType":"specified","invisible":false,"solution":""},{"x":47.00255102040816,"y":43.95465994962216,"width":40,"height":40,"action":{"library":"H5P.CRAudio 1.4","params":{"fitToWrapper":true,"currIndex":11,"playerMode":"minimalistic","controls":true,"autoplay":true,"playAudio":"Play audio","pauseAudio":"Pause audio","contentName":"Audio","glowColor":"#ffd85a","timeStampForEachText":[{"text":" \u041c\u0438 ","startDuration":"0.0000","endDuration":"0.3355","wordfile":[{"path":"audios\/wordfile-65774fc2ac2e8.wav","mime":"audio\/x-wav","copyright":{"license":"U"}}]},{"text":" \u043c\u043e\u0436\u0435\u043c\u043e ","startDuration":"0.3365","endDuration":"0.8854","wordfile":[{"path":"audios\/wordfile-65774fd688f18.wav","mime":"audio\/x-wav","copyright":{"license":"U"}}]},{"text":" \u043f\u043e\u0457\u0445\u0430\u0442\u0438 ","startDuration":"0.8864","endDuration":"1.6980","wordfile":[{"path":"audios\/wordfile-65774fec30c49.wav","mime":"audio\/x-wav","copyright":{"license":"U"}}]},{"text":" \u043d\u0430 ","startDuration":"1.6990","endDuration":"1.8990","wordfile":[{"path":"audios\/wordfile-65775006a5f78.wav","mime":"audio\/x-wav","copyright":{"license":"U"}}]},{"text":" \u0441\u043b\u043e\u043d\u0456. ","startDuration":"1.9000","endDuration":"2.6747","wordfile":[{"path":"audios\/wordfile-6577501934473.wav","mime":"audio\/x-wav","copyright":{"license":"U"}}]}],"files":[{"path":"audios\/files-65774faced734.wav","mime":"audio\/x-wav","copyright":{"license":"U"}}]},"subContentId":"7e447058-1910-4af7-906d-3852d29a0ad6","metadata":{"contentType":"Curious Reader Audio","license":"U","title":"Untitled Curious Reader Audio"}},"backgroundOpacity":0,"willDoAnimation":false,"animationType":"glow","displayAsButton":false,"buttonSize":"big","goToSlideType":"specified","invisible":false},{"x":66.3265306122449,"y":40.25491183879094,"width":28.95408163265306,"height":47.10327455919395,"action":{"library":"H5P.Image 1.1","params":{"contentName":"Image"},"subContentId":"3d36e0bc-1c0c-49d3-a657-921e2fe01261","metadata":{"contentType":"Image","license":"U","title":"Untitled Image"}},"backgroundOpacity":0,"willDoAnimation":true,"animationType":"glow","displayAsButton":false,"buttonSize":"big","goToSlideType":"specified","invisible":false,"id":"img7e447058-1910-4af7-906d-3852d29a0ad6_4"}],"slideBackgroundSelector":{}},{"elements":[{"x":6.5359477124183005,"y":2.150537634408602,"width":39.97821350762527,"height":95.69892473118279,"action":{"library":"H5P.Image 1.1","params":{"contentName":"Image","file":{"path":"images\/file-657733414a4c5.jpg","mime":"image\/jpeg","copyright":{"license":"U"},"width":1024,"height":1472}},"subContentId":"3fc945d1-d748-445f-bbd3-a7f86964fe4e","metadata":{"contentType":"Image","license":"U","title":"Untitled Image"}},"backgroundOpacity":0,"willDoAnimation":false,"animationType":"glow","displayAsButton":false,"buttonSize":"big","goToSlideType":"specified","invisible":false},{"x":54.46623093681917,"y":36.55913978494623,"width":40,"height":40,"action":{"library":"H5P.CRAdvancedText 1.1","params":{"text":"<p style=\"text-align: center;\"><span style=\"color:#ffffff;\"><span style=\"font-size:2.25em;\">\u041d\u0456! \u041c\u0438 \u043f\u043e\u0432\u0438\u043d\u043d\u0456 \u0439\u0442\u0438 \u043f\u0456\u0448\u043a\u0438.<\/span><\/span><\/p>\n"},"subContentId":"378c2ce4-59d7-41b1-823b-9c22984380c0","metadata":{"contentType":"Text","license":"U","title":"Untitled Text"}},"alwaysDisplayComments":false,"backgroundOpacity":0,"willDoAnimation":false,"animationType":"glow","displayAsButton":false,"buttonSize":"big","goToSlideType":"specified","invisible":false,"solution":""},{"x":47.00255102040816,"y":43.95465994962216,"width":40,"height":40,"action":{"library":"H5P.CRAudio 1.4","params":{"fitToWrapper":true,"currIndex":12,"playerMode":"minimalistic","controls":true,"autoplay":true,"playAudio":"Play audio","pauseAudio":"Pause audio","contentName":"Audio","glowColor":"#ffd85a","timeStampForEachText":[{"text":" \u041d\u0456! ","startDuration":"0.0000","endDuration":"0.5965","wordfile":[{"path":"audios\/wordfile-6577503d4c379.wav","mime":"audio\/x-wav","copyright":{"license":"U"}}]},{"text":" \u041c\u0438 ","startDuration":"0.7811","endDuration":"1.2065","wordfile":[{"path":"audios\/wordfile-6577504f5e629.wav","mime":"audio\/x-wav","copyright":{"license":"U"}}]},{"text":" \u043f\u043e\u0432\u0438\u043d\u043d\u0456 ","startDuration":"1.2075","endDuration":"1.8415","wordfile":[{"path":"audios\/wordfile-6577505f5d04d.wav","mime":"audio\/x-wav","copyright":{"license":"U"}}]},{"text":" \u0439\u0442\u0438 ","startDuration":"1.8425","endDuration":"2.1677","wordfile":[{"path":"audios\/wordfile-6577507e22f7a.wav","mime":"audio\/x-wav","copyright":{"license":"U"}}]},{"text":" \u043f\u0456\u0448\u043a\u0438. ","startDuration":"2.1520","endDuration":"2.8611","wordfile":[{"path":"audios\/wordfile-657750987b0d5.wav","mime":"audio\/x-wav","copyright":{"license":"U"}}]}],"files":[{"path":"audios\/files-6577502b4f632.wav","mime":"audio\/x-wav","copyright":{"license":"U"}}]},"subContentId":"fb27e19b-1daf-4261-983f-e8bf753ffef1","metadata":{"contentType":"Curious Reader Audio","license":"U","title":"Untitled Curious Reader Audio"}},"backgroundOpacity":0,"willDoAnimation":false,"animationType":"glow","displayAsButton":false,"buttonSize":"big","goToSlideType":"specified","invisible":false},{"x":11.479591836734695,"y":67.95692695214105,"width":20.025510204081634,"height":17.38035264483627,"action":{"library":"H5P.Image 1.1","params":{"contentName":"Image"},"subContentId":"6f33de0f-f90c-430e-b9db-5737ee24ffac","metadata":{"contentType":"Image","license":"U","title":"Untitled Image"}},"backgroundOpacity":0,"willDoAnimation":true,"animationType":"glow","displayAsButton":false,"buttonSize":"big","goToSlideType":"specified","invisible":false,"id":"imgfb27e19b-1daf-4261-983f-e8bf753ffef1_3"},{"x":11.479591836734695,"y":67.95692695214105,"width":20.025510204081634,"height":17.38035264483627,"action":{"library":"H5P.Image 1.1","params":{"contentName":"Image"},"subContentId":"9af75225-a6ef-454f-abfe-a2f209e4133c","metadata":{"contentType":"Image","license":"U","title":"Untitled Image"}},"backgroundOpacity":0,"willDoAnimation":true,"animationType":"glow","displayAsButton":false,"buttonSize":"big","goToSlideType":"specified","invisible":false,"id":"imgfb27e19b-1daf-4261-983f-e8bf753ffef1_4"}],"slideBackgroundSelector":{}},{"elements":[{"x":64.27015250544663,"y":10.75268817204301,"width":31.263616557734206,"height":17.204301075268816,"action":{"library":"H5P.Image 1.1","params":{"contentName":"Image","file":{"path":"images\/file-657734c6867b2.jpg","mime":"image\/jpeg","copyright":{"license":"U"},"width":1732,"height":354}},"subContentId":"58d6bcfc-1017-40eb-bbcd-a32d3100ea46","metadata":{"contentType":"Image","license":"U","title":"Untitled Image"}},"backgroundOpacity":0,"willDoAnimation":false,"animationType":"glow","displayAsButton":false,"buttonSize":"big","goToSlideType":"specified","invisible":false},{"x":4.357298474945534,"y":6.451612903225806,"width":23.965141612200437,"height":24.086021505376344,"action":{"library":"H5P.Image 1.1","params":{"contentName":"Image","file":{"path":"images\/file-657734db6bc33.png","mime":"image\/png","copyright":{"license":"U"},"width":1350,"height":487}},"subContentId":"46007b76-06dc-4b23-9d5e-0feb3dcced51","metadata":{"contentType":"Image","license":"U","title":"Untitled Image"}},"backgroundOpacity":0,"willDoAnimation":false,"animationType":"glow","displayAsButton":false,"buttonSize":"big","goToSlideType":"specified","invisible":false},{"x":34.85838779956427,"y":4.301075268817204,"width":23.965141612200437,"height":23.87096774193548,"action":{"library":"H5P.Image 1.1","params":{"contentName":"Image","file":{"path":"images\/file-657734e7ce435.png","mime":"image\/png","copyright":{"license":"U"},"width":814,"height":202}},"subContentId":"f81bc57f-8a0f-443d-b34a-3ccd68a92e3a","metadata":{"contentType":"Image","license":"U","title":"Untitled Image"}},"backgroundOpacity":0,"willDoAnimation":false,"animationType":"glow","displayAsButton":false,"buttonSize":"big","goToSlideType":"specified","invisible":false},{"x":4.357298474945534,"y":32.20258064516129,"width":93.68191721132898,"height":67.74193548387096,"action":{"library":"H5P.CRAdvancedText 1.1","params":{"text":"<h3 style=\"text-align: center;\"><span style=\"font-size:1.25em;\">\u201c\u0414\u0438\u0442\u044f\u0447\u0438\u0439 \u043c\u0430\u0439\u0434\u0430\u043d\u0447\u0438\u043a\u201d credits<\/span><\/h3>\n\n<h3 style=\"text-align: center;\"><span style=\"font-size:1.25em;\">This work, \u201c\u0414\u0438\u0442\u044f\u0447\u0438\u0439 \u043c\u0430\u0439\u0434\u0430\u043d\u0447\u0438\u043a \u201c is a derivative of \u201cPlayground\u201d by All Children Reading Cambodia. \u00a9 The Asia Foundation , 2019 and used under CC BY.<\/span><\/h3>\n\n<h3 style=\"text-align: center;\"><span style=\"font-size:1.25em;\">\u201c\u0414\u0438\u0442\u044f\u0447\u0438\u0439 \u043c\u0430\u0439\u0434\u0430\u043d\u0447\u0438\u043a\u201d is licensed under CC BY 4.0 by Curious Learning.<\/span><\/h3>\n\n<h3 style=\"text-align: center;\"><span style=\"font-size:1.25em;\">Book builder - Abraham Jerry Kakooza<\/span><\/h3>\n"},"subContentId":"045c5dbc-06a7-4115-b9f8-a37781c03f1e","metadata":{"contentType":"Text","license":"U","title":"Untitled Text"}},"alwaysDisplayComments":false,"backgroundOpacity":0,"willDoAnimation":false,"animationType":"glow","displayAsButton":false,"buttonSize":"big","goToSlideType":"specified","invisible":false,"solution":""}],"slideBackgroundSelector":{}}],"keywordListEnabled":true,"globalBackgroundSelector":{"fillGlobalBackground":"#fbfef0"},"keywordListAlwaysShow":false,"keywordListAutoHide":false,"keywordListOpacity":90},"override":{"activeSurface":false,"hideSummarySlide":false,"summarySlideSolutionButton":true,"summarySlideRetryButton":true,"enablePrintButton":false,"social":{"showFacebookShare":false,"facebookShare":{"url":"@currentpageurl","quote":"I scored @score out of @maxScore on a task at @currentpageurl."},"showTwitterShare":false,"twitterShare":{"statement":"I scored @score out of @maxScore on a task at @currentpageurl.","url":"@currentpageurl","hashtags":"h5p, course"},"showGoogleShare":false,"googleShareUrl":"@currentpageurl"}},"l10n":{"slide":"Slide","score":"Score","yourScore":"Your Score","maxScore":"Max Score","total":"Total","totalScore":"Total Score","showSolutions":"Show solutions","retry":"Retry","exportAnswers":"Export text","hideKeywords":"Hide sidebar navigation menu","showKeywords":"Show sidebar navigation menu","fullscreen":"Fullscreen","exitFullscreen":"Exit fullscreen","prevSlide":"Previous slide","nextSlide":"Next slide","currentSlide":"Current slide","lastSlide":"Last slide","solutionModeTitle":"Exit solution mode","solutionModeText":"Solution Mode","summaryMultipleTaskText":"Multiple tasks","scoreMessage":"You achieved:","shareFacebook":"Share on Facebook","shareTwitter":"Share on Twitter","shareGoogle":"Share on Google+","summary":"Summary","solutionsButtonTitle":"Show comments","printTitle":"Print","printIngress":"How would you like to print this presentation?","printAllSlides":"Print all slides","printCurrentSlide":"Print current slide","noTitle":"No title","accessibilitySlideNavigationExplanation":"Use left and right arrow to change slide in that direction whenever canvas is selected.","accessibilityCanvasLabel":"Presentation canvas. Use left and right arrow to move between slides.","containsNotCompleted":"@slideName contains not completed interaction","containsCompleted":"@slideName contains completed interaction","slideCount":"Slide @index of @total","containsOnlyCorrect":"@slideName only has correct answers","containsIncorrectAnswers":"@slideName has incorrect answers","shareResult":"Share Result","accessibilityTotalScore":"You got @score of @maxScore points in total","accessibilityEnteredFullscreen":"Entered fullscreen","accessibilityExitedFullscreen":"Exited fullscreen"}}