{"presentation":{"slides":[{"elements":[{"x":16.338997821350763,"y":0,"width":70.1525054466231,"height":79.56989247311827,"action":{"library":"H5P.Image 1.1","params":{"contentName":"Image","file":{"path":"images\/file-65789116ed4b7.jpg","mime":"image\/jpeg","copyright":{"license":"U"},"width":1024,"height":490}},"subContentId":"4ee28616-8931-4205-be08-3db96ae318ac","metadata":{"contentType":"Image","license":"U","title":"Untitled Image"}},"backgroundOpacity":0,"willDoAnimation":false,"animationType":"glow","displayAsButton":false,"buttonSize":"big","goToSlideType":"specified","invisible":false},{"x":11.479591836734695,"y":83.1234256926952,"width":75.25510204081633,"height":14.86146095717884,"action":{"library":"H5P.CRAdvancedText 1.1","params":{"text":"<p dir=\"ltr\" style=\"text-align: center;\"><span style=\"font-size:2.25em;\">\u0915\u094b\u0923 \u092e\u093e\u091d\u0940 \u092e\u0926\u0924 \u0915\u0930\u0947\u0932?<\/span><\/p>\n"},"subContentId":"30f4974f-66cd-47ee-855f-91af13c9e543","metadata":{"contentType":"Text","license":"U","title":"Untitled Text"}},"alwaysDisplayComments":false,"backgroundOpacity":0,"willDoAnimation":false,"animationType":"glow","displayAsButton":false,"buttonSize":"big","goToSlideType":"specified","invisible":false,"solution":""}],"slideBackgroundSelector":{}},{"elements":[{"x":6.377551020408164,"y":2.5188916876574305,"width":40.05102040816327,"height":92.4433249370277,"action":{"library":"H5P.Image 1.1","params":{"contentName":"Image","file":{"path":"images\/file-657891ce69d36.jpg","mime":"image\/jpeg","copyright":{"license":"U"},"width":1024,"height":1104}},"subContentId":"a8bbbdc6-fd56-4c0a-be57-a277b023598e","metadata":{"contentType":"Image","license":"U","title":"Untitled Image"}},"backgroundOpacity":0,"willDoAnimation":false,"animationType":"glow","displayAsButton":false,"buttonSize":"big","goToSlideType":"specified","invisible":false},{"x":45.955882352941174,"y":37.83236363636364,"width":49.632352941176464,"height":40,"action":{"library":"H5P.CRAdvancedText 1.1","params":{"text":"<p style=\"text-align: center;\"><span style=\"color:#ffffff;\"><span style=\"font-size:1.75em;\">\u092e\u0932\u093e \u090f\u0915 \u092a\u0941\u0938\u094d\u0924\u0915 \u0935\u093e\u091a\u093e\u092f\u091a\u0947 \u0906\u0939\u0947.<\/span><\/span><\/p>\n"},"subContentId":"c8b60310-4941-42a1-8058-950e9d33749c","metadata":{"contentType":"Text","license":"U","title":"Untitled Text"}},"alwaysDisplayComments":false,"backgroundOpacity":0,"willDoAnimation":false,"animationType":"glow","displayAsButton":false,"buttonSize":"big","goToSlideType":"specified","invisible":false,"solution":""},{"x":46.96691176470588,"y":44,"width":40,"height":40,"action":{"library":"H5P.CRAudio 1.4","params":{"fitToWrapper":true,"currIndex":1,"playerMode":"minimalistic","controls":true,"autoplay":true,"playAudio":"Play audio","pauseAudio":"Pause audio","contentName":"Audio","glowColor":"#ffd85a","timeStampForEachText":[{"text":" \u092e\u0932\u093e ","startDuration":"0.0000","endDuration":"0.4978","wordfile":[{"path":"audios\/wordfile-6731fc8fad90d.wav","mime":"audio\/x-wav","copyright":{"license":"U"}}]},{"text":" \u090f\u0915 ","startDuration":"0.4979","endDuration":"0.6736","wordfile":[{"path":"audios\/wordfile-6731fccc10b93.wav","mime":"audio\/x-wav","copyright":{"license":"U"}}]},{"text":" \u092a\u0941\u0938\u094d\u0924\u0915 ","startDuration":"0.6736","endDuration":"1.1084","wordfile":[{"path":"audios\/wordfile-6731fcbb5437b.wav","mime":"audio\/x-wav","copyright":{"license":"U"}}]},{"text":" \u0935\u093e\u091a\u093e\u092f\u091a\u0947 ","startDuration":"1.1085","endDuration":"1.5578","wordfile":[{"path":"audios\/wordfile-6731fce43de2b.wav","mime":"audio\/x-wav","copyright":{"license":"U"}}]},{"text":" \u0906\u0939\u0947. ","startDuration":"1.5579","endDuration":"1.9279","wordfile":[{"path":"audios\/wordfile-6731fcf4a7bb5.wav","mime":"audio\/x-wav","copyright":{"license":"U"}}]}],"files":[{"path":"audios\/files-6731fc72f3f3a.wav","mime":"audio\/x-wav","copyright":{"license":"U"}}]},"subContentId":"2406fcd7-57c1-4fbb-a621-2cadffe05f1a","metadata":{"contentType":"Curious Reader Audio","license":"U","title":"Untitled Curious Reader Audio"}},"backgroundOpacity":0,"willDoAnimation":false,"animationType":"glow","displayAsButton":false,"buttonSize":"big","goToSlideType":"specified","invisible":false},{"x":9.328358208955224,"y":2.802121771217712,"width":19.962686567164177,"height":44.64944649446495,"action":{"library":"H5P.Image 1.1","params":{"contentName":"Image"},"subContentId":"870fab22-2ea4-4565-be82-0e196499a665","metadata":{"contentType":"Image","license":"U","title":"Untitled Image"}},"backgroundOpacity":0,"willDoAnimation":true,"animationType":"glow","displayAsButton":false,"buttonSize":"big","goToSlideType":"specified","invisible":false,"id":"img2406fcd7-57c1-4fbb-a621-2cadffe05f1a_0"}],"slideBackgroundSelector":{}},{"elements":[{"x":6.377551020408164,"y":5.037783375314861,"width":44.642857142857146,"height":89.92443324937027,"action":{"library":"H5P.Image 1.1","params":{"contentName":"Image","file":{"path":"images\/file-65789225cad34.jpg","mime":"image\/jpeg","copyright":{"license":"U"},"width":1024,"height":735}},"subContentId":"f6250ed8-6f7a-4f43-b90c-24ca52d0e0e7","metadata":{"contentType":"Image","license":"U","title":"Untitled Image"}},"backgroundOpacity":0,"willDoAnimation":false,"animationType":"glow","displayAsButton":false,"buttonSize":"big","goToSlideType":"specified","invisible":false},{"x":48.46938775510204,"y":40.30226700251889,"width":46.42857142857143,"height":40.050377833753146,"action":{"library":"H5P.CRAdvancedText 1.1","params":{"text":"<p style=\"text-align: center;\"><span style=\"font-size:1.75em;\"><span style=\"color:#ffffff;\">\u092e\u093e\u091d\u094d\u092f\u093e\u0915\u0921\u0947 \u092a\u0941\u0938\u094d\u0924\u0915 \u0928\u093e\u0939\u0940.<\/span><\/span><\/p>\n"},"subContentId":"5c66f369-498f-4040-837a-8ce79ef694eb","metadata":{"contentType":"Text","license":"U","title":"Untitled Text"}},"alwaysDisplayComments":false,"backgroundOpacity":0,"willDoAnimation":false,"animationType":"glow","displayAsButton":false,"buttonSize":"big","goToSlideType":"specified","invisible":false,"solution":""},{"x":47.014925373134325,"y":43.91143911439114,"width":40,"height":40,"action":{"library":"H5P.CRAudio 1.4","params":{"fitToWrapper":true,"currIndex":2,"playerMode":"minimalistic","controls":true,"autoplay":true,"playAudio":"Play audio","pauseAudio":"Pause audio","contentName":"Audio","glowColor":"#ffd85a","timeStampForEachText":[{"text":" \u092e\u093e\u091d\u094d\u092f\u093e\u0915\u0921\u0947 ","startDuration":"0.0000","endDuration":"0.7521","wordfile":[{"path":"audios\/wordfile-6731fd33b379b.wav","mime":"audio\/x-wav","copyright":{"license":"U"}}]},{"text":" \u092a\u0941\u0938\u094d\u0924\u0915 ","startDuration":"0.7522","endDuration":"1.1086","wordfile":[{"path":"audios\/wordfile-6731fd42b90d9.wav","mime":"audio\/x-wav","copyright":{"license":"U"}}]},{"text":" \u0928\u093e\u0939\u0940. ","startDuration":"1.1087","endDuration":"1.5082","wordfile":[{"path":"audios\/wordfile-6731fd53ac30c.wav","mime":"audio\/x-wav","copyright":{"license":"U"}}]}],"files":[{"path":"audios\/files-6731fd219685e.wav","mime":"audio\/x-wav","copyright":{"license":"U"}}]},"subContentId":"df82fdc5-83fe-4461-a20d-6d030bf78af5","metadata":{"contentType":"Curious Reader Audio","license":"U","title":"Untitled Curious Reader Audio"}},"backgroundOpacity":0,"willDoAnimation":false,"animationType":"glow","displayAsButton":false,"buttonSize":"big","goToSlideType":"specified","invisible":false},{"x":7.352941176470589,"y":21.880690909090912,"width":21.507352941176467,"height":64.36363636363636,"action":{"library":"H5P.Image 1.1","params":{"contentName":"Image"},"subContentId":"56dc464f-4606-44fc-8192-6813d52cc7de","metadata":{"contentType":"Image","license":"U","title":"Untitled Image"}},"backgroundOpacity":0,"willDoAnimation":true,"animationType":"glow","displayAsButton":false,"buttonSize":"big","goToSlideType":"specified","invisible":false,"id":"imgdf82fdc5-83fe-4461-a20d-6d030bf78af5_0"}],"slideBackgroundSelector":{}},{"elements":[{"x":6.377551020408164,"y":5.037783375314861,"width":40.05102040816327,"height":92.4433249370277,"action":{"library":"H5P.Image 1.1","params":{"contentName":"Image","file":{"path":"images\/file-657892de5ad39.jpg","mime":"image\/jpeg","copyright":{"license":"U"},"width":1024,"height":1104}},"subContentId":"6902dea4-056c-49af-87e4-dfc9b37a09cc","metadata":{"contentType":"Image","license":"U","title":"Untitled Image"}},"backgroundOpacity":0,"willDoAnimation":false,"animationType":"glow","displayAsButton":false,"buttonSize":"big","goToSlideType":"specified","invisible":false},{"x":45.91709558823529,"y":47.98,"width":49.632352941176464,"height":37.81818181818182,"action":{"library":"H5P.CRAdvancedText 1.1","params":{"text":"<p style=\"text-align: center;\"><span style=\"font-size:1.75em;\"><span style=\"color:#ffffff;\">\u092e\u0940 \u091a\u093f\u0924\u094d\u0930 \u0915\u093e\u0922\u0924\u0947 \u0906\u0923\u093f \u092c\u093e\u092c\u093e \u091a\u093f\u0924\u094d\u0930 \u0930\u0902\u0917\u0935\u093e\u092f\u0932\u093e \u092e\u0926\u0924 \u0915\u0930\u0924\u093e\u0924<\/span><\/span><\/p>\n"},"subContentId":"110db345-7be9-49e9-b922-26cd7f6d4c23","metadata":{"contentType":"Text","license":"U","title":"Untitled Text"}},"alwaysDisplayComments":false,"backgroundOpacity":0,"willDoAnimation":false,"animationType":"glow","displayAsButton":false,"buttonSize":"big","goToSlideType":"specified","invisible":false,"solution":""},{"x":47.00772200772201,"y":44.083969465648856,"width":40,"height":40,"action":{"library":"H5P.CRAudio 1.4","params":{"fitToWrapper":true,"currIndex":3,"playerMode":"minimalistic","controls":true,"autoplay":true,"playAudio":"Play audio","pauseAudio":"Pause audio","contentName":"Audio","glowColor":"#ffd85a","timeStampForEachText":[{"text":" \u092e\u0940 ","startDuration":"0.0000","endDuration":"0.3507","wordfile":[{"path":"audios\/wordfile-6731fd95efe84.wav","mime":"audio\/x-wav","copyright":{"license":"U"}}]},{"text":" \u091a\u093f\u0924\u094d\u0930 ","startDuration":"0.3508","endDuration":"0.6848","wordfile":[{"path":"audios\/wordfile-6731fda5554c4.wav","mime":"audio\/x-wav","copyright":{"license":"U"}}]},{"text":" \u0915\u093e\u0922\u0924\u0947 ","startDuration":"0.6848","endDuration":"1.1871","wordfile":[{"path":"audios\/wordfile-6731fdb43701c.wav","mime":"audio\/x-wav","copyright":{"license":"U"}}]},{"text":" \u0906\u0923\u093f ","startDuration":"1.1872","endDuration":"1.5535","wordfile":[{"path":"audios\/wordfile-6731fdca532e3.wav","mime":"audio\/x-wav","copyright":{"license":"U"}}]},{"text":" \u092c\u093e\u092c\u093e ","startDuration":"1.5536","endDuration":"1.9351","wordfile":[{"path":"audios\/wordfile-6731fded279cc.wav","mime":"audio\/x-wav","copyright":{"license":"U"}}]},{"text":" \u091a\u093f\u0924\u094d\u0930 ","startDuration":"1.9352","endDuration":"2.3113","wordfile":[{"path":"audios\/wordfile-6731fe06a0a79.wav","mime":"audio\/x-wav","copyright":{"license":"U"}}]},{"text":" \u0930\u0902\u0917\u0935\u093e\u092f\u0932\u093e ","startDuration":"2.3114","endDuration":"2.8771","wordfile":[{"path":"audios\/wordfile-6731fe1a9ae05.wav","mime":"audio\/x-wav","copyright":{"license":"U"}}]},{"text":" \u092e\u0926\u0924 ","startDuration":"2.8772","endDuration":"3.1730","wordfile":[{"path":"audios\/wordfile-6731fe2e8d7ba.wav","mime":"audio\/x-wav","copyright":{"license":"U"}}]},{"text":" \u0915\u0930\u0924\u093e\u0924 ","startDuration":"3.1731","endDuration":"3.6828","wordfile":[{"path":"audios\/wordfile-6731fe3eb0881.wav","mime":"audio\/x-wav","copyright":{"license":"U"}}]}],"files":[{"path":"audios\/files-6731fd838b87f.wav","mime":"audio\/x-wav","copyright":{"license":"U"}}]},"subContentId":"1b9416c3-1e9f-4725-badf-e05aac7dd480","metadata":{"contentType":"Curious Reader Audio","license":"U","title":"Untitled Curious Reader Audio"}},"backgroundOpacity":0,"willDoAnimation":false,"animationType":"glow","displayAsButton":false,"buttonSize":"big","goToSlideType":"specified","invisible":false},{"x":9.191176470588236,"y":21.818181818181817,"width":14.15441176470588,"height":24.363636363636363,"action":{"library":"H5P.Image 1.1","params":{"contentName":"Image"},"subContentId":"59ef7c5f-afb2-4b65-a003-d90cd5614f03","metadata":{"contentType":"Image","license":"U","title":"Untitled Image"}},"backgroundOpacity":0,"willDoAnimation":true,"animationType":"glow","displayAsButton":false,"buttonSize":"big","goToSlideType":"specified","invisible":false,"id":"img1b9416c3-1e9f-4725-badf-e05aac7dd480_0"},{"x":20.22058823529412,"y":36.465818181818186,"width":14.15441176470588,"height":26.545454545454547,"action":{"library":"H5P.Image 1.1","params":{"contentName":"Image"},"subContentId":"b90978d6-6de9-4346-981f-c24c3ed8c516","metadata":{"contentType":"Image","license":"U","title":"Untitled Image"}},"backgroundOpacity":0,"willDoAnimation":true,"animationType":"glow","displayAsButton":false,"buttonSize":"big","goToSlideType":"specified","invisible":false,"id":"img1b9416c3-1e9f-4725-badf-e05aac7dd480_1"},{"x":29.41176470588235,"y":10.909090909090908,"width":15.992647058823529,"height":40,"action":{"library":"H5P.Image 1.1","params":{"contentName":"Image"},"subContentId":"465479f2-7b15-434b-95e2-bb94c37eb102","metadata":{"contentType":"Image","license":"U","title":"Untitled Image"}},"backgroundOpacity":0,"willDoAnimation":true,"animationType":"glow","displayAsButton":false,"buttonSize":"big","goToSlideType":"specified","invisible":false,"id":"img1b9416c3-1e9f-4725-badf-e05aac7dd480_4"},{"x":7.352941176470588,"y":25.454545454545453,"width":17.830882352941174,"height":31.636363636363637,"action":{"library":"H5P.Image 1.1","params":{"contentName":"Image"},"subContentId":"cfc44b1b-b9ef-4627-9cd0-a5c16b2a0c83","metadata":{"contentType":"Image","license":"U","title":"Untitled Image"}},"backgroundOpacity":0,"willDoAnimation":true,"animationType":"glow","displayAsButton":false,"buttonSize":"big","goToSlideType":"specified","invisible":false,"id":"img1b9416c3-1e9f-4725-badf-e05aac7dd480_6"}],"slideBackgroundSelector":{}},{"elements":[{"x":6.377551020408164,"y":2.5188916876574305,"width":40.05102040816327,"height":94.96221662468514,"action":{"library":"H5P.Image 1.1","params":{"contentName":"Image","file":{"path":"images\/file-65789326ca3ab.jpg","mime":"image\/jpeg","copyright":{"license":"U"},"width":1024,"height":1104}},"subContentId":"ef6624fb-b891-46ac-bb67-51707b0775e2","metadata":{"contentType":"Image","license":"U","title":"Untitled Image"}},"backgroundOpacity":0,"willDoAnimation":false,"animationType":"glow","displayAsButton":false,"buttonSize":"big","goToSlideType":"specified","invisible":false},{"x":47.19324618736383,"y":42.82019391738069,"width":51.01949891067538,"height":30.124759539865817,"action":{"library":"H5P.CRAdvancedText 1.1","params":{"text":"<p style=\"text-align:center;\"><span style=\"font-size:1.75em;color:hsl(0, 0%, 100%);\"><strong>\u092e\u0940 \u091a\u093f\u0924\u094d\u0930 \u0930\u0902\u0917\u0935\u0924\u0947, \u0906\u0923\u093f \u0906\u0908 \u091a\u093f\u0924\u094d\u0930 \u0915\u093e\u0924\u094d\u0930\u093e\u092f\u0932\u093e \u092e\u0926\u0924 \u0915\u0930\u0924\u0947<\/strong><\/span><\/p>"},"subContentId":"d1d2a237-2c98-411e-b99f-ae0b08544f58","metadata":{"contentType":"Text","license":"U","title":"Untitled Text"}},"alwaysDisplayComments":false,"backgroundOpacity":0,"willDoAnimation":false,"animationType":"glow","displayAsButton":false,"buttonSize":"big","goToSlideType":"specified","invisible":false,"solution":""},{"x":31.249999999999996,"y":18.181818181818183,"width":10.477941176470587,"height":26.181818181818183,"action":{"library":"H5P.Image 1.1","params":{"contentName":"Image"},"subContentId":"891f0974-11a4-4462-8f15-b7ffee53e3a5","metadata":{"contentType":"Image","license":"U","title":"Untitled Image"}},"backgroundOpacity":0,"willDoAnimation":true,"animationType":"glow","displayAsButton":false,"buttonSize":"big","goToSlideType":"specified","invisible":false,"id":"imgac18794c-1a1e-42df-b6ca-650ba845d161_0"},{"x":27.573529411764703,"y":36.36363636363637,"width":12.316176470588234,"height":27.636363636363637,"action":{"library":"H5P.Image 1.1","params":{"contentName":"Image"},"subContentId":"1726382d-65f2-4366-a176-de007f0330be","metadata":{"contentType":"Image","license":"U","title":"Untitled Image"}},"backgroundOpacity":0,"willDoAnimation":true,"animationType":"glow","displayAsButton":false,"buttonSize":"big","goToSlideType":"specified","invisible":false,"id":"imgac18794c-1a1e-42df-b6ca-650ba845d161_1"},{"x":27.573529411764703,"y":40,"width":9.742647058823529,"height":24.363636363636363,"action":{"library":"H5P.Image 1.1","params":{"contentName":"Image"},"subContentId":"1fae6628-dbd7-4d35-964b-d0105dd74726","metadata":{"contentType":"Image","license":"U","title":"Untitled Image"}},"backgroundOpacity":0,"willDoAnimation":true,"animationType":"glow","displayAsButton":false,"buttonSize":"big","goToSlideType":"specified","invisible":false,"id":"imgac18794c-1a1e-42df-b6ca-650ba845d161_2"},{"x":16.544117647058822,"y":21.818181818181817,"width":11.397058823529411,"height":25.454545454545453,"action":{"library":"H5P.Image 1.1","params":{"contentName":"Image"},"subContentId":"fef1aca4-6761-430e-9917-15369a2e6877","metadata":{"contentType":"Image","license":"U","title":"Untitled Image"}},"backgroundOpacity":0,"willDoAnimation":true,"animationType":"glow","displayAsButton":false,"buttonSize":"big","goToSlideType":"specified","invisible":false,"id":"imgac18794c-1a1e-42df-b6ca-650ba845d161_6"},{"x":92.0479302832244,"y":29.26405212444108,"width":40,"height":40,"action":{"library":"H5P.CRAudio 1.4","params":{"fitToWrapper":true,"currIndex":4,"playerMode":"minimalistic","controls":true,"autoplay":true,"playAudio":"Play audio","pauseAudio":"Pause audio","contentName":"Audio","glowColor":"#ffd85a","timeStampForEachText":[{"text":" \u092e\u0940 ","startDuration":"0.0000","endDuration":"0.3437","wordfile":[{"path":"audios\/wordfile-6732de68498e4.wav","mime":"audio\/x-wav","copyright":{"license":"U"}}]},{"text":" \u091a\u093f\u0924\u094d\u0930 ","startDuration":"0.3826","endDuration":"0.7949","wordfile":[{"path":"audios\/wordfile-6732de809af51.wav","mime":"audio\/x-wav","copyright":{"license":"U"}}]},{"text":" \u0930\u0902\u0917\u0935\u0924\u0947, ","startDuration":"0.7950","endDuration":"1.4903","wordfile":[{"path":"audios\/wordfile-6732de9430e9c.wav","mime":"audio\/x-wav","copyright":{"license":"U"}}]},{"text":" \u0906\u0923\u093f ","startDuration":"1.6375","endDuration":"2.0337","wordfile":[{"path":"audios\/wordfile-6732dea7e69a7.wav","mime":"audio\/x-wav","copyright":{"license":"U"}}]},{"text":" \u0906\u0908 ","startDuration":"2.0338","endDuration":"2.3270","wordfile":[{"path":"audios\/wordfile-6732debeed21b.wav","mime":"audio\/x-wav","copyright":{"license":"U"}}]},{"text":" \u091a\u093f\u0924\u094d\u0930 ","startDuration":"2.3271","endDuration":"2.7527","wordfile":[{"path":"audios\/wordfile-6732ded31aaff.wav","mime":"audio\/x-wav","copyright":{"license":"U"}}]},{"text":" \u0915\u093e\u0924\u094d\u0930\u093e\u092f\u0932\u093e ","startDuration":"2.7528","endDuration":"3.3452","wordfile":[{"path":"audios\/wordfile-6732deea2623f.wav","mime":"audio\/x-wav","copyright":{"license":"U"}}]},{"text":" \u092e\u0926\u0924 ","startDuration":"3.3453","endDuration":"3.7170","wordfile":[{"path":"audios\/wordfile-6732df020275d.wav","mime":"audio\/x-wav","copyright":{"license":"U"}}]},{"text":" \u0915\u0930\u0924\u0947 ","startDuration":"3.7171","endDuration":"4.2653","wordfile":[{"path":"audios\/wordfile-6732df18e82e0.wav","mime":"audio\/x-wav","copyright":{"license":"U"}}]}],"files":[{"path":"audios\/files-6732de222117f.wav","mime":"audio\/x-wav","copyright":{"license":"U"}}]},"subContentId":"e58dd52d-24c1-400f-8931-9c01f88dcba3","metadata":{"contentType":"Curious Reader Audio","license":"U","title":"Untitled Curious Reader Audio"}},"backgroundOpacity":0,"willDoAnimation":false,"animationType":"glow","displayAsButton":false,"buttonSize":"big","goToSlideType":"specified","invisible":false}],"slideBackgroundSelector":{}},{"elements":[{"x":5.1020408163265305,"y":2.5188916876574305,"width":42.09183673469388,"height":94.96221662468514,"action":{"library":"H5P.Image 1.1","params":{"contentName":"Image","file":{"path":"images\/file-6578937a365f7.jpg","mime":"image\/jpeg","copyright":{"license":"U"},"width":1024,"height":1104}},"subContentId":"62e2ba8e-9dfd-4edb-80cc-2aa08fc67e3c","metadata":{"contentType":"Image","license":"U","title":"Untitled Image"}},"backgroundOpacity":0,"willDoAnimation":false,"animationType":"glow","displayAsButton":false,"buttonSize":"big","goToSlideType":"specified","invisible":false},{"x":47.930283224400874,"y":32.27652807842766,"width":47.19387755102041,"height":50.377833753148614,"action":{"library":"H5P.CRAdvancedText 1.1","params":{"text":"<p style=\"text-align:center;\"><span style=\"font-size:1.75em;color:#ffffff;\">\u092e\u0940 \u091a\u093f\u0924\u094d\u0930 \u0915\u093e\u092a\u0932\u0947 \u0906\u0923\u093f \u0906\u091c\u0940 \u091a\u093f\u0924\u094d\u0930\u093e\u0932\u093e \u091a\u093f\u0915\u091f\u0935\u093e\u092f\u0932\u093e \u092e\u0926\u0924 \u0915\u0930\u0924\u0947.<\/span><\/p>"},"subContentId":"1de95193-2ff4-479b-bda0-c02d7e4b3b6d","metadata":{"contentType":"Text","license":"U","title":"Untitled Text"}},"alwaysDisplayComments":false,"backgroundOpacity":0,"willDoAnimation":false,"animationType":"glow","displayAsButton":false,"buttonSize":"big","goToSlideType":"specified","invisible":false,"solution":""},{"x":9.191176470588236,"y":18.232945454545455,"width":14.15441176470588,"height":31.636363636363637,"action":{"library":"H5P.Image 1.1","params":{"contentName":"Image"},"subContentId":"54ca101f-e15f-4e81-98f4-4e5223fb7422","metadata":{"contentType":"Image","license":"U","title":"Untitled Image"}},"backgroundOpacity":0,"willDoAnimation":true,"animationType":"glow","displayAsButton":false,"buttonSize":"big","goToSlideType":"specified","invisible":false,"id":"imga1d3f678-b733-4dac-8cbd-48e2bd20cede_0"},{"x":14.705882352941176,"y":32.72727272727273,"width":8.455882352941176,"height":17.09090909090909,"action":{"library":"H5P.Image 1.1","params":{"contentName":"Image"},"subContentId":"d5424356-942e-4d76-962a-0d9b2d8f07f0","metadata":{"contentType":"Image","license":"U","title":"Untitled Image"}},"backgroundOpacity":0,"willDoAnimation":true,"animationType":"glow","displayAsButton":false,"buttonSize":"big","goToSlideType":"specified","invisible":false,"id":"imga1d3f678-b733-4dac-8cbd-48e2bd20cede_2"},{"x":27.573529411764703,"y":7.2727272727272725,"width":12.316176470588234,"height":30.90909090909091,"action":{"library":"H5P.Image 1.1","params":{"contentName":"Image"},"subContentId":"529f06a6-979f-44c4-92b8-e683b568208c","metadata":{"contentType":"Image","license":"U","title":"Untitled Image"}},"backgroundOpacity":0,"willDoAnimation":true,"animationType":"glow","displayAsButton":false,"buttonSize":"big","goToSlideType":"specified","invisible":false,"id":"imga1d3f678-b733-4dac-8cbd-48e2bd20cede_4"},{"x":23.89705882352941,"y":43.63636363636363,"width":14.15441176470588,"height":24.363636363636363,"action":{"library":"H5P.Image 1.1","params":{"contentName":"Image"},"subContentId":"4bca08d9-1128-49f6-aeb8-ea1f7f12bab2","metadata":{"contentType":"Image","license":"U","title":"Untitled Image"}},"backgroundOpacity":0,"willDoAnimation":true,"animationType":"glow","displayAsButton":false,"buttonSize":"big","goToSlideType":"specified","invisible":false,"id":"imga1d3f678-b733-4dac-8cbd-48e2bd20cede_6"},{"x":47.000103485838785,"y":44.00026681929878,"width":40,"height":40,"action":{"library":"H5P.CRAudio 1.4","params":{"fitToWrapper":true,"currIndex":5,"playerMode":"minimalistic","controls":true,"autoplay":true,"playAudio":"Play audio","pauseAudio":"Pause audio","contentName":"Audio","glowColor":"#ffd85a","timeStampForEachText":[{"text":" \u092e\u0940 ","startDuration":"0.0963","endDuration":"0.3648","wordfile":[{"path":"audios\/wordfile-6732df8ef3120.wav","mime":"audio\/x-wav","copyright":{"license":"U"}}]},{"text":" \u091a\u093f\u0924\u094d\u0930 ","startDuration":"0.3709","endDuration":"0.7375","wordfile":[{"path":"audios\/wordfile-6732dfa3e749c.wav","mime":"audio\/x-wav","copyright":{"license":"U"}}]},{"text":" \u0915\u093e\u092a\u0932\u0947 ","startDuration":"0.7376","endDuration":"1.3331","wordfile":[{"path":"audios\/wordfile-6732dfb31fd2d.wav","mime":"audio\/x-wav","copyright":{"license":"U"}}]},{"text":" \u0906\u0923\u093f ","startDuration":"1.3332","endDuration":"1.7157","wordfile":[{"path":"audios\/wordfile-6732dfc928b42.wav","mime":"audio\/x-wav","copyright":{"license":"U"}}]},{"text":" \u0906\u091c\u0940 ","startDuration":"1.7158","endDuration":"2.2200","wordfile":[{"path":"audios\/wordfile-6732dfe246e1e.wav","mime":"audio\/x-wav","copyright":{"license":"U"}}]},{"text":" \u091a\u093f\u0924\u094d\u0930\u093e\u0932\u093e ","startDuration":"2.2201","endDuration":"2.8460","wordfile":[{"path":"audios\/wordfile-6732dff39372b.wav","mime":"audio\/x-wav","copyright":{"license":"U"}}]},{"text":" \u091a\u093f\u0915\u091f\u0935\u093e\u092f\u0932\u093e ","startDuration":"2.8461","endDuration":"3.4974","wordfile":[{"path":"audios\/wordfile-6732e003c8e64.wav","mime":"audio\/x-wav","copyright":{"license":"U"}}]},{"text":" \u092e\u0926\u0924 ","startDuration":"3.4974","endDuration":"3.8647","wordfile":[{"path":"audios\/wordfile-6732e014a37d6.wav","mime":"audio\/x-wav","copyright":{"license":"U"}}]},{"text":" \u0915\u0930\u0924\u0947. ","startDuration":"3.8648","endDuration":"4.4045","wordfile":[{"path":"audios\/wordfile-6732e02a0e667.wav","mime":"audio\/x-wav","copyright":{"license":"U"}}]}],"files":[{"path":"audios\/files-6732df7529294.wav","mime":"audio\/x-wav","copyright":{"license":"U"}}]},"subContentId":"5486cdb3-7896-4f90-a135-f90f63860fb6","metadata":{"contentType":"Curious Reader Audio","license":"U","title":"Untitled Curious Reader Audio"}},"backgroundOpacity":0,"willDoAnimation":false,"animationType":"glow","displayAsButton":false,"buttonSize":"big","goToSlideType":"specified","invisible":false}],"slideBackgroundSelector":{}},{"elements":[{"x":5.514705882352941,"y":2.5454545454545454,"width":42.09183673469388,"height":97.48110831234257,"action":{"library":"H5P.Image 1.1","params":{"contentName":"Image","file":{"path":"images\/file-657893cd148ab.jpg","mime":"image\/jpeg","copyright":{"license":"U"},"width":1024,"height":1104}},"subContentId":"854b71f0-4b9f-4858-8b85-8c29cc518bdb","metadata":{"contentType":"Image","license":"U","title":"Untitled Image"}},"backgroundOpacity":0,"willDoAnimation":false,"animationType":"glow","displayAsButton":false,"buttonSize":"big","goToSlideType":"specified","invisible":false},{"x":47.79411764705882,"y":29.09090909090909,"width":49.264705882352935,"height":55.63636363636363,"action":{"library":"H5P.CRAdvancedText 1.1","params":{"text":"<p style=\"text-align: center;\"><span style=\"color:#ffffff;\"><span style=\"font-size:1.75em;\">\u092e\u0940 \u091a\u093f\u0924\u094d\u0930\u093e\u0932\u093e \u091a\u093f\u0915\u091f\u0935\u0924\u0947 \u0906\u0923\u093f \u0906\u091c\u094b\u092c\u093e \u0915\u0925\u093e \u0932\u093f\u0939\u093f\u0923\u094d\u092f\u093e\u0938 \u092e\u0926\u0924 \u0915\u0930\u0924\u093e\u0924.<\/span><\/span><\/p>\n"},"subContentId":"c78dbf15-db86-4b85-b48f-3267ee44151c","metadata":{"contentType":"Text","license":"U","title":"Untitled Text"}},"alwaysDisplayComments":false,"backgroundOpacity":0,"willDoAnimation":false,"animationType":"glow","displayAsButton":false,"buttonSize":"big","goToSlideType":"specified","invisible":false,"solution":""},{"x":46.96691176470588,"y":44,"width":40,"height":40,"action":{"library":"H5P.CRAudio 1.4","params":{"fitToWrapper":true,"currIndex":6,"playerMode":"minimalistic","controls":true,"autoplay":true,"playAudio":"Play audio","pauseAudio":"Pause audio","contentName":"Audio","glowColor":"#ffd85a","timeStampForEachText":[{"text":" \u092e\u0940 ","startDuration":"0.0000","endDuration":"0.4528","wordfile":[{"path":"audios\/wordfile-6732e06baa7ef.wav","mime":"audio\/x-wav","copyright":{"license":"U"}}]},{"text":" \u091a\u093f\u0924\u094d\u0930\u093e\u0932\u093e ","startDuration":"0.4529","endDuration":"0.9551","wordfile":[{"path":"audios\/wordfile-6732e07cbdca3.wav","mime":"audio\/x-wav","copyright":{"license":"U"}}]},{"text":" \u091a\u093f\u0915\u091f\u0935\u0924\u0947 ","startDuration":"0.9552","endDuration":"1.6856","wordfile":[{"path":"audios\/wordfile-6732e0900b0aa.wav","mime":"audio\/x-wav","copyright":{"license":"U"}}]},{"text":" \u0906\u0923\u093f ","startDuration":"1.6857","endDuration":"2.0406","wordfile":[{"path":"audios\/wordfile-6732e0a5205f4.wav","mime":"audio\/x-wav","copyright":{"license":"U"}}]},{"text":" \u0906\u091c\u094b\u092c\u093e ","startDuration":"2.0407","endDuration":"2.6329","wordfile":[{"path":"audios\/wordfile-6732e0bae05cd.wav","mime":"audio\/x-wav","copyright":{"license":"U"}}]},{"text":" \u0915\u0925\u093e ","startDuration":"2.6330","endDuration":"3.2820","wordfile":[{"path":"audios\/wordfile-6732e0ceb0981.wav","mime":"audio\/x-wav","copyright":{"license":"U"}}]},{"text":" \u0932\u093f\u0939\u093f\u0923\u094d\u092f\u093e\u0938 ","startDuration":"3.2821","endDuration":"3.6551","wordfile":[{"path":"audios\/wordfile-6732e0ea6d2fd.wav","mime":"audio\/x-wav","copyright":{"license":"U"}}]},{"text":" \u092e\u0926\u0924 ","startDuration":"3.6552","endDuration":"4.0028","wordfile":[{"path":"audios\/wordfile-6732e0f95de7d.wav","mime":"audio\/x-wav","copyright":{"license":"U"}}]},{"text":" \u0915\u0930\u0924\u093e\u0924. ","startDuration":"4.0029","endDuration":"4.6072","wordfile":[{"path":"audios\/wordfile-6732e108bd2d5.wav","mime":"audio\/x-wav","copyright":{"license":"U"}}]}],"files":[{"path":"audios\/files-6732e05b6f573.wav","mime":"audio\/x-wav","copyright":{"license":"U"}}]},"subContentId":"5883a383-c727-4c95-bdc9-9c4f0daea332","metadata":{"contentType":"Curious Reader Audio","license":"U","title":"Untitled Curious Reader Audio"}},"backgroundOpacity":0,"willDoAnimation":false,"animationType":"glow","displayAsButton":false,"buttonSize":"big","goToSlideType":"specified","invisible":false},{"x":31.249999999999996,"y":40,"width":14.15441176470588,"height":24.363636363636363,"action":{"library":"H5P.Image 1.1","params":{"contentName":"Image"},"subContentId":"f6177990-574c-49f0-82d9-367557f6d1a6","metadata":{"contentType":"Image","license":"U","title":"Untitled Image"}},"backgroundOpacity":0,"willDoAnimation":true,"animationType":"glow","displayAsButton":false,"buttonSize":"big","goToSlideType":"specified","invisible":false,"id":"img5883a383-c727-4c95-bdc9-9c4f0daea332_0"},{"x":7.352941176470588,"y":7.2727272727272725,"width":14.15441176470588,"height":28.727272727272727,"action":{"library":"H5P.Image 1.1","params":{"contentName":"Image"},"subContentId":"fc87c094-837c-42ae-aad2-fd14a3363de2","metadata":{"contentType":"Image","license":"U","title":"Untitled Image"}},"backgroundOpacity":0,"willDoAnimation":true,"animationType":"glow","displayAsButton":false,"buttonSize":"big","goToSlideType":"specified","invisible":false,"id":"img5883a383-c727-4c95-bdc9-9c4f0daea332_4"},{"x":12.867647058823529,"y":40,"width":12.316176470588234,"height":21.09090909090909,"action":{"library":"H5P.Image 1.1","params":{"contentName":"Image"},"subContentId":"a8d3b9fa-f8cc-41e3-820c-2d90443c1e98","metadata":{"contentType":"Image","license":"U","title":"Untitled Image"}},"backgroundOpacity":0,"willDoAnimation":true,"animationType":"glow","displayAsButton":false,"buttonSize":"big","goToSlideType":"specified","invisible":false},{"x":25.735294117647058,"y":50.90909090909091,"width":12.316176470588234,"height":25.09090909090909,"action":{"library":"H5P.Image 1.1","params":{"contentName":"Image"},"subContentId":"490572e0-d318-4a1f-ab32-3ac75e452e29","metadata":{"contentType":"Image","license":"U","title":"Untitled Image"}},"backgroundOpacity":0,"willDoAnimation":true,"animationType":"glow","displayAsButton":false,"buttonSize":"big","goToSlideType":"specified","invisible":false,"id":"img5883a383-c727-4c95-bdc9-9c4f0daea332_1"}],"slideBackgroundSelector":{}},{"elements":[{"x":5.1020408163265305,"y":2.51692443324937,"width":42.09183673469388,"height":94.96221662468514,"action":{"library":"H5P.Image 1.1","params":{"contentName":"Image","file":{"path":"images\/file-6578941542f1f.jpg","mime":"image\/jpeg","copyright":{"license":"U"},"width":1024,"height":1104}},"subContentId":"f1ae49b0-a9f9-4dc4-8a79-cc1b08ca3b95","metadata":{"contentType":"Image","license":"U","title":"Untitled Image"}},"backgroundOpacity":0,"willDoAnimation":false,"animationType":"glow","displayAsButton":false,"buttonSize":"big","goToSlideType":"specified","invisible":false},{"x":47.794117647058826,"y":32.81818181818182,"width":51.470588235294116,"height":58.18181818181818,"action":{"library":"H5P.CRAdvancedText 1.1","params":{"text":"<p style=\"text-align: center;\"><span style=\"font-size:1.75em;\"><span style=\"color:#ffffff;\">\u092e\u0940 \u0917\u094b\u0937\u094d\u091f \u0932\u093f\u0939\u0924\u0947, \u0906\u0923\u093f \u092d\u093e\u090a \u0938\u0917\u0933\u0940 \u092a\u093e\u0928\u0947 \u090f\u0915\u0924\u094d\u0930 \u091c\u094b\u0921\u0923\u094d\u092f\u093e\u0938 \u092e\u0926\u0924 \u0915\u0930\u0924\u094b.<\/span><\/span><\/p>\n"},"subContentId":"93dec863-ad98-4918-9672-ff9d79cee23a","metadata":{"contentType":"Text","license":"U","title":"Untitled Text"}},"alwaysDisplayComments":false,"backgroundOpacity":0,"willDoAnimation":false,"animationType":"glow","displayAsButton":false,"buttonSize":"big","goToSlideType":"specified","invisible":false,"solution":""},{"x":46.96691176470588,"y":44,"width":40,"height":40,"action":{"library":"H5P.CRAudio 1.4","params":{"fitToWrapper":true,"currIndex":7,"playerMode":"minimalistic","controls":true,"autoplay":true,"playAudio":"Play audio","pauseAudio":"Pause audio","contentName":"Audio","glowColor":"#ffd85a","timeStampForEachText":[{"text":" \u092e\u0940 ","startDuration":"0.0000","endDuration":"0.3020","wordfile":[{"path":"audios\/wordfile-6732e15579e64.wav","mime":"audio\/x-wav","copyright":{"license":"U"}}]},{"text":" \u0917\u094b\u0937\u094d\u091f ","startDuration":"0.3021","endDuration":"0.6371","wordfile":[{"path":"audios\/wordfile-6732e16775097.wav","mime":"audio\/x-wav","copyright":{"license":"U"}}]},{"text":" \u0932\u093f\u0939\u0924\u0947, ","startDuration":"0.6372","endDuration":"1.1339","wordfile":[{"path":"audios\/wordfile-6732e17da015b.wav","mime":"audio\/x-wav","copyright":{"license":"U"}}]},{"text":" \u0906\u0923\u093f ","startDuration":"1.1340","endDuration":"1.6772","wordfile":[{"path":"audios\/wordfile-6732e1896b97a.wav","mime":"audio\/x-wav","copyright":{"license":"U"}}]},{"text":" \u092d\u093e\u090a ","startDuration":"1.6772","endDuration":"2.0292","wordfile":[{"path":"audios\/wordfile-6732e19beb1d5.wav","mime":"audio\/x-wav","copyright":{"license":"U"}}]},{"text":" \u0938\u0917\u0933\u0940 ","startDuration":"2.0293","endDuration":"2.6518","wordfile":[{"path":"audios\/wordfile-6732e1abbca86.wav","mime":"audio\/x-wav","copyright":{"license":"U"}}]},{"text":" \u092a\u093e\u0928\u0947 ","startDuration":"2.6519","endDuration":"3.0854","wordfile":[{"path":"audios\/wordfile-6732e1bb2312e.wav","mime":"audio\/x-wav","copyright":{"license":"U"}}]},{"text":" \u090f\u0915\u0924\u094d\u0930 ","startDuration":"3.0855","endDuration":"3.6205","wordfile":[{"path":"audios\/wordfile-6732e1cd33349.wav","mime":"audio\/x-wav","copyright":{"license":"U"}}]},{"text":" \u091c\u094b\u0921\u0923\u094d\u092f\u093e\u0938 ","startDuration":"3.6206","endDuration":"4.1311","wordfile":[{"path":"audios\/wordfile-6732e1e3245fb.wav","mime":"audio\/x-wav","copyright":{"license":"U"}}]},{"text":" \u092e\u0926\u0924 ","startDuration":"4.1312","endDuration":"4.4807","wordfile":[{"path":"audios\/wordfile-6732e1f0c9971.wav","mime":"audio\/x-wav","copyright":{"license":"U"}}]},{"text":" \u0915\u0930\u0924\u094b. ","startDuration":"4.4808","endDuration":"4.9090","wordfile":[{"path":"audios\/wordfile-6732e20169b24.wav","mime":"audio\/x-wav","copyright":{"license":"U"}}]}],"files":[{"path":"audios\/files-6732e13abcaf7.wav","mime":"audio\/x-wav","copyright":{"license":"U"}}]},"subContentId":"6c733fbf-1f16-4246-9c4c-fc280529fe8d","metadata":{"contentType":"Curious Reader Audio","license":"U","title":"Untitled Curious Reader Audio"}},"backgroundOpacity":0,"willDoAnimation":false,"animationType":"glow","displayAsButton":false,"buttonSize":"big","goToSlideType":"specified","invisible":false},{"x":7.352941176470588,"y":29.09090909090909,"width":12.316176470588234,"height":22.90909090909091,"action":{"library":"H5P.Image 1.1","params":{"contentName":"Image"},"subContentId":"3dbc7c5a-5d00-4c80-b617-ec403bb17a5e","metadata":{"contentType":"Image","license":"U","title":"Untitled Image"}},"backgroundOpacity":0,"willDoAnimation":true,"animationType":"glow","displayAsButton":false,"buttonSize":"big","goToSlideType":"specified","invisible":false,"id":"img6c733fbf-1f16-4246-9c4c-fc280529fe8d_0"},{"x":11.029411764705882,"y":47.27272727272727,"width":12.316176470588234,"height":21.09090909090909,"action":{"library":"H5P.Image 1.1","params":{"contentName":"Image"},"subContentId":"5efbf871-2f0e-4e23-a720-9afae5747b16","metadata":{"contentType":"Image","license":"U","title":"Untitled Image"}},"backgroundOpacity":0,"willDoAnimation":true,"animationType":"glow","displayAsButton":false,"buttonSize":"big","goToSlideType":"specified","invisible":false,"id":"img6c733fbf-1f16-4246-9c4c-fc280529fe8d_2"},{"x":27.573529411764703,"y":3.6363636363636362,"width":12.316176470588234,"height":22.90909090909091,"action":{"library":"H5P.Image 1.1","params":{"contentName":"Image"},"subContentId":"711d41e8-0147-42d3-a544-ef125a6545a3","metadata":{"contentType":"Image","license":"U","title":"Untitled Image"}},"backgroundOpacity":0,"willDoAnimation":true,"animationType":"glow","displayAsButton":false,"buttonSize":"big","goToSlideType":"specified","invisible":false,"id":"img6c733fbf-1f16-4246-9c4c-fc280529fe8d_4"},{"x":27.573529411764703,"y":21.818181818181817,"width":14.15441176470588,"height":26.181818181818183,"action":{"library":"H5P.Image 1.1","params":{"contentName":"Image"},"subContentId":"a838c9d4-e1c7-42d6-8a9e-df375c7e8a2e","metadata":{"contentType":"Image","license":"U","title":"Untitled Image"}},"backgroundOpacity":0,"willDoAnimation":true,"animationType":"glow","displayAsButton":false,"buttonSize":"big","goToSlideType":"specified","invisible":false,"id":"img6c733fbf-1f16-4246-9c4c-fc280529fe8d_7"}],"slideBackgroundSelector":{}},{"elements":[{"x":5.1020408163265305,"y":2.5188916876574305,"width":42.09183673469388,"height":92.4433249370277,"action":{"library":"H5P.Image 1.1","params":{"contentName":"Image","file":{"path":"images\/file-6578945856864.jpg","mime":"image\/jpeg","copyright":{"license":"U"},"width":1024,"height":735}},"subContentId":"00fb6a85-5a76-447d-a119-2676cf7feb43","metadata":{"contentType":"Image","license":"U","title":"Untitled Image"}},"backgroundOpacity":0,"willDoAnimation":false,"animationType":"glow","displayAsButton":false,"buttonSize":"big","goToSlideType":"specified","invisible":false},{"x":49.74430147058823,"y":40.41490909090909,"width":45.955882352941174,"height":42.90909090909091,"action":{"library":"H5P.CRAdvancedText 1.1","params":{"text":"<p style=\"text-align: center;\"><span style=\"color:#ffffff;\"><span style=\"font-size:1.75em;\">\u092e\u093e\u091d\u094d\u092f\u093e\u0915\u0921\u0947 \u0906\u0924\u093e \u090f\u0915 \u092a\u0941\u0938\u094d\u0924\u0915 \u0906\u0939\u0947. \u091a\u0932\u093e \u092a\u0941\u0938\u094d\u0924\u0915 \u0935\u093e\u091a\u0942\u092f\u093e!<\/span><\/span><\/p>\n"},"subContentId":"5a9fff56-e851-45ec-8640-989a48903d6e","metadata":{"contentType":"Text","license":"U","title":"Untitled Text"}},"alwaysDisplayComments":false,"backgroundOpacity":0,"willDoAnimation":false,"animationType":"glow","displayAsButton":false,"buttonSize":"big","goToSlideType":"specified","invisible":false,"solution":""},{"x":46.96691176470588,"y":44,"width":40,"height":40,"action":{"library":"H5P.CRAudio 1.4","params":{"fitToWrapper":true,"currIndex":8,"playerMode":"minimalistic","controls":true,"autoplay":true,"playAudio":"Play audio","pauseAudio":"Pause audio","contentName":"Audio","glowColor":"#ffd85a","timeStampForEachText":[{"text":" \u092e\u093e\u091d\u094d\u092f\u093e\u0915\u0921\u0947 ","startDuration":"0.2068","endDuration":"0.9524","wordfile":[{"path":"audios\/wordfile-6732e24a60450.wav","mime":"audio\/x-wav","copyright":{"license":"U"}}]},{"text":" \u0906\u0924\u093e ","startDuration":"0.9525","endDuration":"1.2302","wordfile":[{"path":"audios\/wordfile-6732e25874341.wav","mime":"audio\/x-wav","copyright":{"license":"U"}}]},{"text":" \u090f\u0915 ","startDuration":"1.2303","endDuration":"1.4382","wordfile":[{"path":"audios\/wordfile-6732e266ccb1c.wav","mime":"audio\/x-wav","copyright":{"license":"U"}}]},{"text":" \u092a\u0941\u0938\u094d\u0924\u0915 ","startDuration":"1.4383","endDuration":"1.8774","wordfile":[{"path":"audios\/wordfile-6732e27b8f4b0.wav","mime":"audio\/x-wav","copyright":{"license":"U"}}]},{"text":" \u0906\u0939\u0947. ","startDuration":"1.8775","endDuration":"2.1645","wordfile":[{"path":"audios\/wordfile-6732e290dd79f.wav","mime":"audio\/x-wav","copyright":{"license":"U"}}]},{"text":" \u091a\u0932\u093e ","startDuration":"2.1646","endDuration":"2.7209","wordfile":[{"path":"audios\/wordfile-6732e2ac6a997.wav","mime":"audio\/x-wav","copyright":{"license":"U"}}]},{"text":" \u092a\u0941\u0938\u094d\u0924\u0915 ","startDuration":"2.7210","endDuration":"3.2465","wordfile":[{"path":"audios\/wordfile-6732e2cacfb6f.wav","mime":"audio\/x-wav","copyright":{"license":"U"}}]},{"text":" \u0935\u093e\u091a\u0942\u092f\u093e! ","startDuration":"3.2466","endDuration":"3.7897","wordfile":[{"path":"audios\/wordfile-6732e2dd46870.wav","mime":"audio\/x-wav","copyright":{"license":"U"}}]}],"files":[{"path":"audios\/files-6732e2367fe5e.wav","mime":"audio\/x-wav","copyright":{"license":"U"}}]},"subContentId":"d03075ba-dbc6-4aad-be04-120638c0f987","metadata":{"contentType":"Curious Reader Audio","license":"U","title":"Untitled Curious Reader Audio"}},"backgroundOpacity":0,"willDoAnimation":false,"animationType":"glow","displayAsButton":false,"buttonSize":"big","goToSlideType":"specified","invisible":false},{"x":27.573529411764703,"y":36.36363636363637,"width":15.992647058823529,"height":32.36363636363637,"action":{"library":"H5P.Image 1.1","params":{"contentName":"Image"},"subContentId":"538eb46c-d137-460f-a56f-88eb0b936fd6","metadata":{"contentType":"Image","license":"U","title":"Untitled Image"}},"backgroundOpacity":0,"willDoAnimation":true,"animationType":"glow","displayAsButton":false,"buttonSize":"big","goToSlideType":"specified","invisible":false,"id":"imgd03075ba-dbc6-4aad-be04-120638c0f987_3"}],"slideBackgroundSelector":{}},{"elements":[{"x":3.826530612244898,"y":5.0338539042821155,"width":22.95918367346939,"height":22.921914357682617,"action":{"library":"H5P.Image 1.1","params":{"contentName":"Image","file":{"path":"images\/file-65789558544e6.png","mime":"image\/png","copyright":{"license":"U"},"width":1350,"height":487}},"subContentId":"481a06ca-f221-477c-b218-9b93976b4d09","metadata":{"contentType":"Image","license":"U","title":"Untitled Image"}},"backgroundOpacity":0,"willDoAnimation":false,"animationType":"glow","displayAsButton":false,"buttonSize":"big","goToSlideType":"specified","invisible":false},{"x":30.612244897959183,"y":5.0338539042821155,"width":22.95918367346939,"height":22.921914357682617,"action":{"library":"H5P.Image 1.1","params":{"contentName":"Image","file":{"path":"images\/file-6578956aa2732.png","mime":"image\/png","copyright":{"license":"U"},"width":814,"height":202}},"subContentId":"1efc4476-7506-4cc3-8719-19270bc2f79e","metadata":{"contentType":"Image","license":"U","title":"Untitled Image"}},"backgroundOpacity":0,"willDoAnimation":false,"animationType":"glow","displayAsButton":false,"buttonSize":"big","goToSlideType":"specified","invisible":false},{"x":57.39795918367347,"y":7.556675062972292,"width":40.05102040816327,"height":17.632241813602015,"action":{"library":"H5P.Image 1.1","params":{"contentName":"Image","file":{"path":"images\/file-6578957d13a9b.jpg","mime":"image\/jpeg","copyright":{"license":"U"},"width":1732,"height":354}},"subContentId":"1e8c1618-399a-4152-86d8-b0bc61b1ea04","metadata":{"contentType":"Image","license":"U","title":"Untitled Image"}},"backgroundOpacity":0,"willDoAnimation":false,"animationType":"glow","displayAsButton":false,"buttonSize":"big","goToSlideType":"specified","invisible":false},{"x":3.826252723311547,"y":27.94021505376344,"width":93.13725490196079,"height":71.82795698924731,"action":{"library":"H5P.CRAdvancedText 1.1","params":{"text":"<h3 style=\"text-align: center;\"><span style=\"font-size:1.25em;\">\u201c<\/span>\u0915\u094b\u0923 \u092e\u093e\u091d\u0940 \u092e\u0926\u0924 \u0915\u0930\u0947\u0932?<span style=\"font-size:1.25em;\">\u201d credits<\/span><\/h3>\n\n<h3 style=\"text-align: center;\"><span style=\"font-size:1.25em;\">This work, \u201c<\/span>\u0915\u094b\u0923 \u092e\u093e\u091d\u0940 \u092e\u0926\u0924 \u0915\u0930\u0947\u0932?<span style=\"font-size:1.25em;\">\u201d is a derivative of \u201c<\/span>\u0915\u094b\u0923 \u092e\u093e\u091d\u0940 \u092e\u0926\u0924 \u0915\u0930\u0947\u0932?<span style=\"font-size:1.25em;\">\u201d by All Children Reading Cambodia. \u00a9 The Asia Foundation , 2019 and used under CC BY.<\/span><\/h3>\n\n<h3 style=\"text-align: center;\"><span style=\"font-size:1.25em;\">\u201c<\/span>\u0915\u094b\u0923 \u092e\u093e\u091d\u0940 \u092e\u0926\u0924 \u0915\u0930\u0947\u0932?<span style=\"font-size:1.25em;\">\u201d is licensed under CC BY 4.0 by Curious Learning.<\/span><\/h3>\n\n<h3 style=\"text-align: center;\">&nbsp;<\/h3>\n\n<h3 style=\"text-align: center;\"><span style=\"font-size:1.25em;\">Book builder - Abraham Jerry Kakooza<\/span><\/h3>\n"},"subContentId":"99f991d8-4b16-4b19-9127-e55b00685b29","metadata":{"contentType":"Text","license":"U","title":"Untitled Text"}},"alwaysDisplayComments":false,"backgroundOpacity":0,"willDoAnimation":false,"animationType":"glow","displayAsButton":false,"buttonSize":"big","goToSlideType":"specified","invisible":false,"solution":""}],"slideBackgroundSelector":{"fillSlideBackground":"#fbfef0"}}],"keywordListEnabled":true,"globalBackgroundSelector":{},"keywordListAlwaysShow":false,"keywordListAutoHide":false,"keywordListOpacity":90},"override":{"activeSurface":false,"hideSummarySlide":false,"summarySlideSolutionButton":true,"summarySlideRetryButton":true,"enablePrintButton":false,"social":{"showFacebookShare":false,"facebookShare":{"url":"@currentpageurl","quote":"I scored @score out of @maxScore on a task at @currentpageurl."},"showTwitterShare":false,"twitterShare":{"statement":"I scored @score out of @maxScore on a task at @currentpageurl.","url":"@currentpageurl","hashtags":"h5p, course"},"showGoogleShare":false,"googleShareUrl":"@currentpageurl"}},"l10n":{"slide":"Slide","score":"Score","yourScore":"Your Score","maxScore":"Max Score","total":"Total","totalScore":"Total Score","showSolutions":"Show solutions","retry":"Retry","exportAnswers":"Export text","hideKeywords":"Hide sidebar navigation menu","showKeywords":"Show sidebar navigation menu","fullscreen":"Fullscreen","exitFullscreen":"Exit fullscreen","prevSlide":"Previous slide","nextSlide":"Next slide","currentSlide":"Current slide","lastSlide":"Last slide","solutionModeTitle":"Exit solution mode","solutionModeText":"Solution Mode","summaryMultipleTaskText":"Multiple tasks","scoreMessage":"You achieved:","shareFacebook":"Share on Facebook","shareTwitter":"Share on Twitter","shareGoogle":"Share on Google+","summary":"Summary","solutionsButtonTitle":"Show comments","printTitle":"Print","printIngress":"How would you like to print this presentation?","printAllSlides":"Print all slides","printCurrentSlide":"Print current slide","noTitle":"No title","accessibilitySlideNavigationExplanation":"Use left and right arrow to change slide in that direction whenever canvas is selected.","accessibilityCanvasLabel":"Presentation canvas. Use left and right arrow to move between slides.","containsNotCompleted":"@slideName contains not completed interaction","containsCompleted":"@slideName contains completed interaction","slideCount":"Slide @index of @total","containsOnlyCorrect":"@slideName only has correct answers","containsIncorrectAnswers":"@slideName has incorrect answers","shareResult":"Share Result","accessibilityTotalScore":"You got @score of @maxScore points in total","accessibilityEnteredFullscreen":"Entered fullscreen","accessibilityExitedFullscreen":"Exited fullscreen"}}