{"presentation":{"slides":[{"elements":[{"x":7.7112893275756,"y":11.477761836442,"width":83.149830612873,"height":76.707317073171,"action":{"library":"H5P.Image 1.1","params":{"contentName":"Image","file":{"path":"images\/file-61b119d8b91b9.jpg","mime":"image\/jpeg","copyright":{"license":"U"},"width":1024,"height":490}},"subContentId":"281f58bc-00aa-42e9-a8f9-34a91108654b","metadata":{"contentType":"Image","license":"U","title":"Untitled Image"}},"backgroundOpacity":0,"willDoAnimation":false,"animationType":"glow","displayAsButton":false,"buttonSize":"big","goToSlideType":"specified","invisible":false},{"x":29.411764705882355,"y":47.31182795698924,"width":64.27015250544663,"height":13.978494623655912,"action":{"library":"H5P.CRAdvancedText 1.1","params":{"text":"<p style=\"text-align: center;\"><span style=\"font-size:1.75em;\"><strong>Umdlalo wokuzifihla nokufuna<\/strong><\/span><\/p>\n"},"subContentId":"65b91755-f4db-4513-b663-95d5754e06f9","metadata":{"contentType":"Text","license":"U","title":"Untitled Text"}},"alwaysDisplayComments":false,"backgroundOpacity":0,"willDoAnimation":false,"animationType":"glow","displayAsButton":false,"buttonSize":"big","goToSlideType":"specified","invisible":false,"solution":""}],"slideBackgroundSelector":{}},{"elements":[{"x":3.2679738562091507,"y":83.71978494623656,"width":94.77124183006536,"height":15.698924731182794,"action":{"library":"H5P.CRAdvancedText 1.1","params":{"text":"<p style=\"text-align: center;\"><span style=\"font-size:2.25em;\">UDodo ubheka uMama.<\/span><\/p>\n"},"subContentId":"7b276671-c320-47d6-9158-4d4fb745d80e","metadata":{"contentType":"Text","license":"U","title":"Untitled Text"}},"alwaysDisplayComments":false,"backgroundOpacity":0,"willDoAnimation":false,"animationType":"glow","displayAsButton":false,"buttonSize":"big","goToSlideType":"specified","invisible":false,"solution":""},{"x":24.676125848242,"y":9.1393754760091,"width":50.383122882661,"height":72.604722010663,"action":{"library":"H5P.Image 1.1","params":{"contentName":"Image","file":{"path":"images\/file-61c0f25319ee4.jpeg","mime":"image\/jpeg","copyright":{"license":"U"},"width":1472,"height":1024}},"subContentId":"f59573a4-4b0d-4f7b-a581-0af3c3101eb2","metadata":{"contentType":"Image","license":"U","title":"Untitled Image"}},"backgroundOpacity":0,"willDoAnimation":false,"animationType":"glow","displayAsButton":false,"buttonSize":"big","goToSlideType":"specified","invisible":false},{"x":47.00435729847495,"y":43.97849462365591,"width":40,"height":40,"action":{"library":"H5P.CRAudio 1.4","params":{"fitToWrapper":true,"currIndex":1,"playerMode":"minimalistic","controls":true,"autoplay":true,"playAudio":"Play audio","pauseAudio":"Pause audio","contentName":"Audio","glowColor":"#ffd85a","timeStampForEachText":[{"text":" UDodo ","startDuration":"0.0000","endDuration":"1.3541","wordfile":[{"path":"audios\/wordfile-64d2fc71cee9e.wav","mime":"audio\/x-wav","copyright":{"license":"U"}}]},{"text":" ubheka ","startDuration":"1.3551","endDuration":"2.0928","wordfile":[{"path":"audios\/wordfile-64d2fc8c5fb77.wav","mime":"audio\/x-wav","copyright":{"license":"U"}}]},{"text":" uMama. ","startDuration":"2.0938","endDuration":"2.9959","wordfile":[{"path":"audios\/wordfile-64d2fc9fa00dd.wav","mime":"audio\/x-wav","copyright":{"license":"U"}}]}],"files":[{"path":"audios\/files-64d2fc50041f4.wav","mime":"audio\/x-wav","copyright":{"license":"U"}}]},"subContentId":"99954a9c-2735-4da5-965f-ce3b728c853a","metadata":{"contentType":"Curious Reader Audio","license":"U","title":"Untitled Curious Reader Audio"}},"backgroundOpacity":0,"willDoAnimation":false,"animationType":"glow","displayAsButton":false,"buttonSize":"big","goToSlideType":"specified","invisible":false},{"x":30.501089324618736,"y":25.77290322580645,"width":18.954248366013072,"height":58.924731182795696,"action":{"library":"H5P.Image 1.1","params":{"contentName":"Image"},"subContentId":"fa765d44-a360-4ec1-8cf4-e1ca8200f7f4","metadata":{"contentType":"Image","license":"U","title":"Untitled Image"}},"backgroundOpacity":0,"willDoAnimation":true,"animationType":"glow","displayAsButton":false,"buttonSize":"big","goToSlideType":"specified","invisible":false,"id":"img99954a9c-2735-4da5-965f-ce3b728c853a_0"},{"x":64.26677559912855,"y":17.184129032258063,"width":5.882352941176471,"height":40,"action":{"library":"H5P.Image 1.1","params":{"contentName":"Image"},"subContentId":"dd9c954e-eff7-4caa-b44e-c689035750e6","metadata":{"contentType":"Image","license":"U","title":"Untitled Image"}},"backgroundOpacity":0,"willDoAnimation":true,"animationType":"glow","displayAsButton":false,"buttonSize":"big","goToSlideType":"specified","invisible":false,"id":"img99954a9c-2735-4da5-965f-ce3b728c853a_2"}],"slideBackgroundSelector":{}},{"elements":[{"x":0,"y":82.72860215053764,"width":96.94989106753813,"height":14.193548387096772,"action":{"library":"H5P.CRAdvancedText 1.1","params":{"text":"<p style=\"text-align: center;\"><span style=\"font-size:1.75em;\">Uthola amabhola ayishumi.<\/span><\/p>\n"},"subContentId":"a3931e1f-fa46-4f55-9ea7-0981a00a4f78","metadata":{"contentType":"Text","license":"U","title":"Untitled Text"}},"alwaysDisplayComments":false,"backgroundOpacity":0,"willDoAnimation":false,"animationType":"glow","displayAsButton":false,"buttonSize":"big","goToSlideType":"specified","invisible":false,"solution":""},{"x":23.133867982727,"y":9.1393754760091,"width":52.354019094549,"height":71.793754760091,"action":{"library":"H5P.Image 1.1","params":{"contentName":"Image","file":{"path":"images\/file-61c0f2bf916c1.jpeg","mime":"image\/jpeg","copyright":{"license":"U"},"width":1472,"height":1024}},"subContentId":"7308022d-4962-4c07-aeca-3c258a5f0017","metadata":{"contentType":"Image","license":"U","title":"Untitled Image"}},"backgroundOpacity":0,"willDoAnimation":false,"animationType":"glow","displayAsButton":false,"buttonSize":"big","goToSlideType":"specified","invisible":false},{"x":47.00435729847495,"y":43.97849462365591,"width":40,"height":40,"action":{"library":"H5P.CRAudio 1.4","params":{"fitToWrapper":true,"currIndex":2,"playerMode":"minimalistic","controls":true,"autoplay":true,"playAudio":"Play audio","pauseAudio":"Pause audio","contentName":"Audio","glowColor":"#ffd85a","timeStampForEachText":[{"text":" Uthola ","startDuration":"0.0000","endDuration":"1.0425","wordfile":[{"path":"audios\/wordfile-64d2fcd294d97.wav","mime":"audio\/x-wav","copyright":{"license":"U"}}]},{"text":" amabhola ","startDuration":"1.0435","endDuration":"1.7503","wordfile":[{"path":"audios\/wordfile-64d2fce970e36.wav","mime":"audio\/x-wav","copyright":{"license":"U"}}]},{"text":" ayishumi. ","startDuration":"1.7513","endDuration":"3.0000","wordfile":[{"path":"audios\/wordfile-64d2fcfd9d2ab.wav","mime":"audio\/x-wav","copyright":{"license":"U"}}]}],"files":[{"path":"audios\/files-64d2fcba3e276.wav","mime":"audio\/x-wav","copyright":{"license":"U"}}]},"subContentId":"0d634102-d112-4587-b8a2-0e48ab4d9b99","metadata":{"contentType":"Curious Reader Audio","license":"U","title":"Untitled Curious Reader Audio"}},"backgroundOpacity":0,"willDoAnimation":false,"animationType":"glow","displayAsButton":false,"buttonSize":"big","goToSlideType":"specified","invisible":false},{"x":27.233115468409586,"y":51.58258064516129,"width":41.830065359477125,"height":20.21505376344086,"action":{"library":"H5P.Image 1.1","params":{"contentName":"Image"},"subContentId":"d284d0f0-068c-4b5f-a3c7-d9ffd29ae30d","metadata":{"contentType":"Image","license":"U","title":"Untitled Image"}},"backgroundOpacity":0,"willDoAnimation":true,"animationType":"glow","displayAsButton":false,"buttonSize":"big","goToSlideType":"specified","invisible":false,"id":"img0d634102-d112-4587-b8a2-0e48ab4d9b99_2"},{"x":27.233115468409586,"y":49.43204301075269,"width":42.81045751633987,"height":22.36559139784946,"action":{"library":"H5P.Image 1.1","params":{"contentName":"Image"},"subContentId":"ca18e068-b261-4584-ae18-add5c306601b","metadata":{"contentType":"Image","license":"U","title":"Untitled Image"}},"backgroundOpacity":0,"willDoAnimation":true,"animationType":"glow","displayAsButton":false,"buttonSize":"big","goToSlideType":"specified","invisible":false,"id":"img0d634102-d112-4587-b8a2-0e48ab4d9b99_1"}],"slideBackgroundSelector":{}},{"elements":[{"x":0,"y":83.66924731182796,"width":100,"height":14.408602150537634,"action":{"library":"H5P.CRAdvancedText 1.1","params":{"text":"<p style=\"text-align: center;\"><span style=\"font-size:1.375em;\">Uthola izinkomishi eziyisishiyagalolunye.<\/span><\/p>\n"},"subContentId":"8a6e5c35-5f97-4215-baa7-e38531f114ec","metadata":{"contentType":"Text","license":"U","title":"Untitled Text"}},"alwaysDisplayComments":false,"backgroundOpacity":0,"willDoAnimation":false,"animationType":"glow","displayAsButton":false,"buttonSize":"big","goToSlideType":"specified","invisible":false,"solution":""},{"x":20.697167755991288,"y":8.602150537634408,"width":55.766861718509,"height":73.111348057883,"action":{"library":"H5P.Image 1.1","params":{"contentName":"Image","file":{"path":"images\/file-61c0f50c26444.jpeg","mime":"image\/jpeg","copyright":{"license":"U"},"width":1472,"height":1024}},"subContentId":"0861d03c-bddb-4187-a152-fa4e2cb5c858","metadata":{"contentType":"Image","license":"U","title":"Untitled Image"}},"backgroundOpacity":0,"willDoAnimation":false,"animationType":"glow","displayAsButton":false,"buttonSize":"big","goToSlideType":"specified","invisible":false},{"x":47.00435729847495,"y":43.97849462365591,"width":40,"height":40,"action":{"library":"H5P.CRAudio 1.4","params":{"fitToWrapper":true,"currIndex":3,"playerMode":"minimalistic","controls":true,"autoplay":true,"playAudio":"Play audio","pauseAudio":"Pause audio","contentName":"Audio","glowColor":"#ffd85a","timeStampForEachText":[{"text":" Uthola ","startDuration":"0.0000","endDuration":"1.0447","wordfile":[{"path":"audios\/wordfile-64d2fd289674a.wav","mime":"audio\/x-wav","copyright":{"license":"U"}}]},{"text":" izinkomishi ","startDuration":"1.0457","endDuration":"2.4044","wordfile":[{"path":"audios\/wordfile-64d2fd5c4ccc8.wav","mime":"audio\/x-wav","copyright":{"license":"U"}}]},{"text":" eziyisishiyagalolunye. ","startDuration":"2.4054","endDuration":"5.0000","wordfile":[{"path":"audios\/wordfile-64d2fd712003a.wav","mime":"audio\/x-wav","copyright":{"license":"U"}}]}],"files":[{"path":"audios\/files-64d2fd1560bee.wav","mime":"audio\/x-wav","copyright":{"license":"U"}}]},"subContentId":"15d094d0-843f-420e-af6c-13f1fce73100","metadata":{"contentType":"Curious Reader Audio","license":"U","title":"Untitled Curious Reader Audio"}},"backgroundOpacity":0,"willDoAnimation":false,"animationType":"glow","displayAsButton":false,"buttonSize":"big","goToSlideType":"specified","invisible":false},{"x":30.010893246187365,"y":47.28150537634409,"width":34.20479302832244,"height":13.763440860215052,"action":{"library":"H5P.Image 1.1","params":{"contentName":"Image"},"subContentId":"e896c642-a28d-40dc-845c-f485ef381e74","metadata":{"contentType":"Image","license":"U","title":"Untitled Image"}},"backgroundOpacity":0,"willDoAnimation":true,"animationType":"glow","displayAsButton":false,"buttonSize":"big","goToSlideType":"specified","invisible":false,"id":"img15d094d0-843f-420e-af6c-13f1fce73100_2"},{"x":30.010893246187365,"y":47.251397849462364,"width":35.294117647058826,"height":13.763440860215052,"action":{"library":"H5P.Image 1.1","params":{"contentName":"Image"},"subContentId":"fe7b91f4-b543-4dd0-b8f6-2bd5038d5c0f","metadata":{"contentType":"Image","license":"U","title":"Untitled Image"}},"backgroundOpacity":0,"willDoAnimation":true,"animationType":"glow","displayAsButton":false,"buttonSize":"big","goToSlideType":"specified","invisible":false,"id":"img15d094d0-843f-420e-af6c-13f1fce73100_1"}],"slideBackgroundSelector":{}},{"elements":[{"x":0,"y":83.71978494623656,"width":100,"height":15.698924731182794,"action":{"library":"H5P.CRAdvancedText 1.1","params":{"text":"<p style=\"text-align: center;\"><span style=\"font-size:1.5em;\">Uthola izinkezo eziyisishiyagalombili.<\/span><\/p>\n"},"subContentId":"c22923f1-a46c-493b-aca2-92fbacd3edc2","metadata":{"contentType":"Text","license":"U","title":"Untitled Text"}},"alwaysDisplayComments":false,"backgroundOpacity":0,"willDoAnimation":false,"animationType":"glow","displayAsButton":false,"buttonSize":"big","goToSlideType":"specified","invisible":false,"solution":""},{"x":21.591610117212,"y":9.1393754760091,"width":56.973668001232,"height":74.634577303884,"action":{"library":"H5P.Image 1.1","params":{"contentName":"Image","file":{"path":"images\/file-61c0f78984cdd.jpeg","mime":"image\/jpeg","copyright":{"license":"U"},"width":1472,"height":1024}},"subContentId":"37eda182-a252-454f-b1bd-3d126971ee70","metadata":{"contentType":"Image","license":"U","title":"Untitled Image"}},"backgroundOpacity":0,"willDoAnimation":false,"animationType":"glow","displayAsButton":false,"buttonSize":"big","goToSlideType":"specified","invisible":false},{"x":47.00435729847495,"y":43.97849462365591,"width":40,"height":40,"action":{"library":"H5P.CRAudio 1.4","params":{"fitToWrapper":true,"currIndex":4,"playerMode":"minimalistic","controls":true,"autoplay":true,"playAudio":"Play audio","pauseAudio":"Pause audio","contentName":"Audio","glowColor":"#ffd85a","timeStampForEachText":[{"text":" Uthola ","startDuration":"0.0000","endDuration":"1.1195","wordfile":[{"path":"audios\/wordfile-64d2fd9d56d1b.wav","mime":"audio\/x-wav","copyright":{"license":"U"}}]},{"text":" izinkezo ","startDuration":"1.1205","endDuration":"2.0345","wordfile":[{"path":"audios\/wordfile-64d2fdbacc686.wav","mime":"audio\/x-wav","copyright":{"license":"U"}}]},{"text":" eziyisishiyagalombili. ","startDuration":"2.0355","endDuration":"4.5000","wordfile":[{"path":"audios\/wordfile-64d2fdcec959a.wav","mime":"audio\/x-wav","copyright":{"license":"U"}}]}],"files":[{"path":"audios\/files-64d2fd8b34876.wav","mime":"audio\/x-wav","copyright":{"license":"U"}}]},"subContentId":"07b171b5-c591-41e9-991a-402869c43c09","metadata":{"contentType":"Curious Reader Audio","license":"U","title":"Untitled Curious Reader Audio"}},"backgroundOpacity":0,"willDoAnimation":false,"animationType":"glow","displayAsButton":false,"buttonSize":"big","goToSlideType":"specified","invisible":false},{"x":42.48366013071895,"y":38.68623655913978,"width":5.446623093681917,"height":20,"action":{"library":"H5P.Image 1.1","params":{"contentName":"Image"},"subContentId":"eafe6e41-c4d8-486d-9885-1a739b8399d3","metadata":{"contentType":"Image","license":"U","title":"Untitled Image"}},"backgroundOpacity":0,"willDoAnimation":true,"animationType":"glow","displayAsButton":false,"buttonSize":"big","goToSlideType":"specified","invisible":false,"id":"img07b171b5-c591-41e9-991a-402869c43c09_2"},{"x":51.19825708061002,"y":42.90322580645161,"width":21.13289760348584,"height":20.21505376344086,"action":{"library":"H5P.Image 1.1","params":{"contentName":"Image"},"subContentId":"7f1f2f02-b948-4170-8f9c-3c5aa1751592","metadata":{"contentType":"Image","license":"U","title":"Untitled Image"}},"backgroundOpacity":0,"willDoAnimation":true,"animationType":"glow","displayAsButton":false,"buttonSize":"big","goToSlideType":"specified","invisible":false,"id":"img07b171b5-c591-41e9-991a-402869c43c09_2"},{"x":42.48366013071895,"y":36.46494623655914,"width":5.882352941176471,"height":22.36559139784946,"action":{"library":"H5P.Image 1.1","params":{"contentName":"Image"},"subContentId":"1b545c14-c6c6-45de-8c41-efb97ffa2473","metadata":{"contentType":"Image","license":"U","title":"Untitled Image"}},"backgroundOpacity":0,"willDoAnimation":true,"animationType":"glow","displayAsButton":false,"buttonSize":"big","goToSlideType":"specified","invisible":false,"id":"img07b171b5-c591-41e9-991a-402869c43c09_1"},{"x":51.19825708061002,"y":40.81311827956989,"width":21.13289760348584,"height":22.36559139784946,"action":{"library":"H5P.Image 1.1","params":{"contentName":"Image"},"subContentId":"cfca0497-af3e-49c3-9c06-741d38940309","metadata":{"contentType":"Image","license":"U","title":"Untitled Image"}},"backgroundOpacity":0,"willDoAnimation":true,"animationType":"glow","displayAsButton":false,"buttonSize":"big","goToSlideType":"specified","invisible":false,"id":"img07b171b5-c591-41e9-991a-402869c43c09_1"}],"slideBackgroundSelector":{}},{"elements":[{"x":0,"y":85.70559139784947,"width":98.69281045751634,"height":14.193548387096772,"action":{"library":"H5P.CRAdvancedText 1.1","params":{"text":"<p style=\"text-align: center;\"><span style=\"font-size:1.5em;\">Uthola obhasikidi abayisikhombisa.<\/span><\/p>\n"},"subContentId":"24a7b4ec-023c-4c23-9b9e-4ce2473d3e40","metadata":{"contentType":"Text","license":"U","title":"Untitled Text"}},"alwaysDisplayComments":false,"backgroundOpacity":0,"willDoAnimation":false,"animationType":"glow","displayAsButton":false,"buttonSize":"big","goToSlideType":"specified","invisible":false,"solution":""},{"x":23.032407407407405,"y":8.219178082191782,"width":53.984447182014,"height":74.927646610815,"action":{"library":"H5P.Image 1.1","params":{"contentName":"Image","file":{"path":"images\/file-61c0f97f5a778.jpeg","mime":"image\/jpeg","copyright":{"license":"U"},"width":1472,"height":1024}},"subContentId":"ab3d1717-7bd0-4589-a7b8-718950cf9f45","metadata":{"contentType":"Image","license":"U","title":"Untitled Image"}},"backgroundOpacity":0,"willDoAnimation":false,"animationType":"glow","displayAsButton":false,"buttonSize":"big","goToSlideType":"specified","invisible":false},{"x":47.00435729847495,"y":43.97849462365591,"width":40,"height":40,"action":{"library":"H5P.CRAudio 1.4","params":{"fitToWrapper":true,"currIndex":5,"playerMode":"minimalistic","controls":true,"autoplay":true,"playAudio":"Play audio","pauseAudio":"Pause audio","contentName":"Audio","glowColor":"#ffd85a","timeStampForEachText":[{"text":" Uthola ","startDuration":"0.0000","endDuration":"0.9491","wordfile":[{"path":"audios\/wordfile-64d2fdf917023.wav","mime":"audio\/x-wav","copyright":{"license":"U"}}]},{"text":" obhasikidi ","startDuration":"0.9501","endDuration":"2.0833","wordfile":[{"path":"audios\/wordfile-64d2ff1c8fadf.wav","mime":"audio\/x-wav","copyright":{"license":"U"}}]},{"text":" abayisikhombisa. ","startDuration":"2.0843","endDuration":"3.7500","wordfile":[{"path":"audios\/wordfile-64d2ff334396d.wav","mime":"audio\/x-wav","copyright":{"license":"U"}}]}],"files":[{"path":"audios\/files-64d2fde6f31cc.wav","mime":"audio\/x-wav","copyright":{"license":"U"}}]},"subContentId":"823701c1-6570-42fa-b6ed-c056191e9fed","metadata":{"contentType":"Curious Reader Audio","license":"U","title":"Untitled Curious Reader Audio"}},"backgroundOpacity":0,"willDoAnimation":false,"animationType":"glow","displayAsButton":false,"buttonSize":"big","goToSlideType":"specified","invisible":false},{"x":23.965141612200437,"y":55.91397849462365,"width":52.72331154684096,"height":24.516129032258064,"action":{"library":"H5P.Image 1.1","params":{"contentName":"Image"},"subContentId":"210cf690-0138-4fdb-a12c-680f3f7c89f6","metadata":{"contentType":"Image","license":"U","title":"Untitled Image"}},"backgroundOpacity":0,"willDoAnimation":true,"animationType":"glow","displayAsButton":false,"buttonSize":"big","goToSlideType":"specified","invisible":false,"id":"img823701c1-6570-42fa-b6ed-c056191e9fed_2"},{"x":22.875816993464053,"y":53.76344086021505,"width":52.72331154684096,"height":26.666666666666664,"action":{"library":"H5P.Image 1.1","params":{"contentName":"Image"},"subContentId":"c72ab359-471a-4998-a460-04acd258c49a","metadata":{"contentType":"Image","license":"U","title":"Untitled Image"}},"backgroundOpacity":0,"willDoAnimation":true,"animationType":"glow","displayAsButton":false,"buttonSize":"big","goToSlideType":"specified","invisible":false,"id":"img823701c1-6570-42fa-b6ed-c056191e9fed_1"}],"slideBackgroundSelector":{}},{"elements":[{"x":1.0893246187363834,"y":84.32451612903226,"width":98.91067538126362,"height":13.548387096774192,"action":{"library":"H5P.CRAdvancedText 1.1","params":{"text":"<p style=\"text-align: center;\"><span style=\"font-size:1.625em;\">Uthola amavazi ayisithupha.<\/span><\/p>\n"},"subContentId":"a7db7bda-dd18-495e-bb88-72386a099cc1","metadata":{"contentType":"Text","license":"U","title":"Untitled Text"}},"alwaysDisplayComments":false,"backgroundOpacity":0,"willDoAnimation":false,"animationType":"glow","displayAsButton":false,"buttonSize":"big","goToSlideType":"specified","invisible":false,"solution":""},{"x":23.263888888888886,"y":6.164383561643835,"width":53.893902063443,"height":77.452551408987,"action":{"library":"H5P.Image 1.1","params":{"contentName":"Image","file":{"path":"images\/file-61c0faa8193a4.jpeg","mime":"image\/jpeg","copyright":{"license":"U"},"width":1472,"height":1024}},"subContentId":"ce6eebac-7cd7-4ae3-8294-f90d7a1754ef","metadata":{"contentType":"Image","license":"U","title":"Untitled Image"}},"backgroundOpacity":0,"willDoAnimation":false,"animationType":"glow","displayAsButton":false,"buttonSize":"big","goToSlideType":"specified","invisible":false},{"x":47.00435729847495,"y":43.97849462365591,"width":40,"height":40,"action":{"library":"H5P.CRAudio 1.4","params":{"fitToWrapper":true,"currIndex":6,"playerMode":"minimalistic","controls":true,"autoplay":true,"playAudio":"Play audio","pauseAudio":"Pause audio","contentName":"Audio","glowColor":"#ffd85a","timeStampForEachText":[{"text":" Uthola ","startDuration":"0.0000","endDuration":"1.2091","wordfile":[{"path":"audios\/wordfile-64d2ff5ae3707.wav","mime":"audio\/x-wav","copyright":{"license":"U"}}]},{"text":" amavazi ","startDuration":"1.2101","endDuration":"2.1590","wordfile":[{"path":"audios\/wordfile-64d2ff6ce0c30.wav","mime":"audio\/x-wav","copyright":{"license":"U"}}]},{"text":" ayisithupha. ","startDuration":"2.1600","endDuration":"4.0000","wordfile":[{"path":"audios\/wordfile-64d2ff7e2cb63.wav","mime":"audio\/x-wav","copyright":{"license":"U"}}]}],"files":[{"path":"audios\/files-64d2ff47dd3d6.wav","mime":"audio\/x-wav","copyright":{"license":"U"}}]},"subContentId":"61d1bd49-4c02-452d-b40a-bb93deb34afc","metadata":{"contentType":"Curious Reader Audio","license":"U","title":"Untitled Curious Reader Audio"}},"backgroundOpacity":0,"willDoAnimation":false,"animationType":"glow","displayAsButton":false,"buttonSize":"big","goToSlideType":"specified","invisible":false},{"x":45.751633986928105,"y":34.40860215053763,"width":14.596949891067538,"height":28.817204301075268,"action":{"library":"H5P.Image 1.1","params":{"contentName":"Image"},"subContentId":"904d97f8-ae3e-4a52-81e9-0224757b4769","metadata":{"contentType":"Image","license":"U","title":"Untitled Image"}},"backgroundOpacity":0,"willDoAnimation":true,"animationType":"glow","displayAsButton":false,"buttonSize":"big","goToSlideType":"specified","invisible":false,"id":"img61d1bd49-4c02-452d-b40a-bb93deb34afc_2"},{"x":45.751633986928105,"y":34.36817204301075,"width":14.596949891067538,"height":28.817204301075268,"action":{"library":"H5P.Image 1.1","params":{"contentName":"Image"},"subContentId":"5f6b361e-f553-485e-be52-49df646195e9","metadata":{"contentType":"Image","license":"U","title":"Untitled Image"}},"backgroundOpacity":0,"willDoAnimation":true,"animationType":"glow","displayAsButton":false,"buttonSize":"big","goToSlideType":"specified","invisible":false,"id":"img61d1bd49-4c02-452d-b40a-bb93deb34afc_1"}],"slideBackgroundSelector":{}},{"elements":[{"x":1.0893246187363834,"y":81.67333333333333,"width":96.18736383442265,"height":18.279569892473116,"action":{"library":"H5P.CRAdvancedText 1.1","params":{"text":"<p dir=\"ltr\" style=\"text-align: center;\"><span style=\"font-size:1.625em;\">Uthola izimbali ezinhlanu.<\/span><\/p>\n"},"subContentId":"ce8371ff-18d4-45a5-ad6c-2380894dc4f6","metadata":{"contentType":"Text","license":"U","title":"Untitled Text"}},"alwaysDisplayComments":false,"backgroundOpacity":0,"willDoAnimation":false,"animationType":"glow","displayAsButton":false,"buttonSize":"big","goToSlideType":"specified","invisible":false,"solution":""},{"x":25.23148148148148,"y":10.045662100456621,"width":49.27425315676,"height":73.149428789033,"action":{"library":"H5P.Image 1.1","params":{"contentName":"Image","file":{"path":"images\/file-61c0fb083e1bb.jpeg","mime":"image\/jpeg","copyright":{"license":"U"},"width":1472,"height":1024}},"subContentId":"5540205a-60e4-4773-a93d-1d4917ead4ab","metadata":{"contentType":"Image","license":"U","title":"Untitled Image"}},"backgroundOpacity":0,"willDoAnimation":false,"animationType":"glow","displayAsButton":false,"buttonSize":"big","goToSlideType":"specified","invisible":false},{"x":47.00435729847495,"y":43.97849462365591,"width":40,"height":40,"action":{"library":"H5P.CRAudio 1.4","params":{"fitToWrapper":true,"currIndex":7,"playerMode":"minimalistic","controls":true,"autoplay":true,"playAudio":"Play audio","pauseAudio":"Pause audio","contentName":"Audio","glowColor":"#ffd85a","timeStampForEachText":[{"text":" Uthola ","startDuration":"0.0000","endDuration":"1.1709","wordfile":[{"path":"audios\/wordfile-64d3006465d67.wav","mime":"audio\/x-wav","copyright":{"license":"U"}}]},{"text":" izimbali ","startDuration":"1.1719","endDuration":"2.1790","wordfile":[{"path":"audios\/wordfile-64d300763a4cc.wav","mime":"audio\/x-wav","copyright":{"license":"U"}}]},{"text":" ezinhlanu. ","startDuration":"2.1800","endDuration":"3.4947","wordfile":[{"path":"audios\/wordfile-64d30086684d2.wav","mime":"audio\/x-wav","copyright":{"license":"U"}}]}],"files":[{"path":"audios\/files-64d3004f25554.wav","mime":"audio\/x-wav","copyright":{"license":"U"}}]},"subContentId":"a065b509-ece3-4682-9536-102d9b71b6d4","metadata":{"contentType":"Curious Reader Audio","license":"U","title":"Untitled Curious Reader Audio"}},"backgroundOpacity":0,"willDoAnimation":false,"animationType":"glow","displayAsButton":false,"buttonSize":"big","goToSlideType":"specified","invisible":false},{"x":31.590413943355124,"y":55.81311827956989,"width":14.596949891067538,"height":20.64516129032258,"action":{"library":"H5P.Image 1.1","params":{"contentName":"Image"},"subContentId":"9422fb93-1526-47c1-a34f-a313474fd691","metadata":{"contentType":"Image","license":"U","title":"Untitled Image"}},"backgroundOpacity":0,"willDoAnimation":true,"animationType":"glow","displayAsButton":false,"buttonSize":"big","goToSlideType":"specified","invisible":false,"id":"imga065b509-ece3-4682-9536-102d9b71b6d4_1"},{"x":53.37690631808278,"y":55.846881720430105,"width":11.328976034858389,"height":22.79569892473118,"action":{"library":"H5P.Image 1.1","params":{"contentName":"Image"},"subContentId":"a0e25eb9-966c-4bef-9683-5faa4fc687c5","metadata":{"contentType":"Image","license":"U","title":"Untitled Image"}},"backgroundOpacity":0,"willDoAnimation":true,"animationType":"glow","displayAsButton":false,"buttonSize":"big","goToSlideType":"specified","invisible":false,"id":"imga065b509-ece3-4682-9536-102d9b71b6d4_1"},{"x":31.590413943355124,"y":53.69634408602151,"width":15.686274509803923,"height":24.516129032258064,"action":{"library":"H5P.Image 1.1","params":{"contentName":"Image"},"subContentId":"5b0c6e0c-476a-4e72-aa53-3086339d1c02","metadata":{"contentType":"Image","license":"U","title":"Untitled Image"}},"backgroundOpacity":0,"willDoAnimation":true,"animationType":"glow","displayAsButton":false,"buttonSize":"big","goToSlideType":"specified","invisible":false,"id":"imga065b509-ece3-4682-9536-102d9b71b6d4_2"},{"x":53.37690631808278,"y":55.846881720430105,"width":11.328976034858389,"height":22.36559139784946,"action":{"library":"H5P.Image 1.1","params":{"contentName":"Image"},"subContentId":"9b0549b4-a04a-4169-8daf-35613535cbd7","metadata":{"contentType":"Image","license":"U","title":"Untitled Image"}},"backgroundOpacity":0,"willDoAnimation":true,"animationType":"glow","displayAsButton":false,"buttonSize":"big","goToSlideType":"specified","invisible":false,"id":"imga065b509-ece3-4682-9536-102d9b71b6d4_2"}],"slideBackgroundSelector":{}},{"elements":[{"x":2.178649237472767,"y":83.18215053763441,"width":95.31590413943356,"height":15.913978494623654,"action":{"library":"H5P.CRAdvancedText 1.1","params":{"text":"<p dir=\"ltr\" style=\"text-align: center;\"><span style=\"font-size:1.5em;\">Uthola amapheya amane ebhulukwe.<\/span><\/p>\n"},"subContentId":"62da435c-587d-4e24-8531-6e6d9ca1bf03","metadata":{"contentType":"Text","license":"U","title":"Untitled Text"}},"alwaysDisplayComments":false,"backgroundOpacity":0,"willDoAnimation":false,"animationType":"glow","displayAsButton":false,"buttonSize":"big","goToSlideType":"specified","invisible":false,"solution":""},{"x":18.489583333333336,"y":6.837899543378994,"width":61.80555555555555,"height":75.34246575342466,"action":{"library":"H5P.Image 1.1","params":{"contentName":"Image","file":{"path":"images\/file-61c0fbe47eb09.jpeg","mime":"image\/jpeg","copyright":{"license":"U"},"width":1472,"height":1024}},"subContentId":"9f8fef1e-cbf5-4098-9dbe-27a7399d7326","metadata":{"contentType":"Image","license":"U","title":"Untitled Image"}},"backgroundOpacity":0,"willDoAnimation":false,"animationType":"glow","displayAsButton":false,"buttonSize":"big","goToSlideType":"specified","invisible":false},{"x":47.00435729847495,"y":43.97849462365591,"width":40,"height":40,"action":{"library":"H5P.CRAudio 1.4","params":{"fitToWrapper":true,"currIndex":8,"playerMode":"minimalistic","controls":true,"autoplay":true,"playAudio":"Play audio","pauseAudio":"Pause audio","contentName":"Audio","glowColor":"#ffd85a","timeStampForEachText":[{"text":" Uthola ","startDuration":"0.0000","endDuration":"1.2234","wordfile":[{"path":"audios\/wordfile-64d300bb197ac.wav","mime":"audio\/x-wav","copyright":{"license":"U"}}]},{"text":" amapheya ","startDuration":"1.2244","endDuration":"1.9151","wordfile":[{"path":"audios\/wordfile-64d300cd4fc92.wav","mime":"audio\/x-wav","copyright":{"license":"U"}}]},{"text":" amane ","startDuration":"1.9161","endDuration":"2.8498","wordfile":[{"path":"audios\/wordfile-64d300e0d7e00.wav","mime":"audio\/x-wav","copyright":{"license":"U"}}]},{"text":" ebhulukwe. ","startDuration":"2.8508","endDuration":"4.0937","wordfile":[{"path":"audios\/wordfile-64d300f272264.wav","mime":"audio\/x-wav","copyright":{"license":"U"}}]}],"files":[{"path":"audios\/files-64d300a9374a5.wav","mime":"audio\/x-wav","copyright":{"license":"U"}}]},"subContentId":"9b3b5040-8ec0-45a2-bda4-1274dbc1b99d","metadata":{"contentType":"Curious Reader Audio","license":"U","title":"Untitled Curious Reader Audio"}},"backgroundOpacity":0,"willDoAnimation":false,"animationType":"glow","displayAsButton":false,"buttonSize":"big","goToSlideType":"specified","invisible":false},{"x":54.46623093681917,"y":15.023526881720429,"width":16.666666666666668,"height":37.41935483870967,"action":{"library":"H5P.Image 1.1","params":{"contentName":"Image"},"subContentId":"931d0e33-aa29-4b4e-ad1a-4f9b061890bf","metadata":{"contentType":"Image","license":"U","title":"Untitled Image"}},"backgroundOpacity":0,"willDoAnimation":true,"animationType":"glow","displayAsButton":false,"buttonSize":"big","goToSlideType":"specified","invisible":false,"id":"img9b3b5040-8ec0-45a2-bda4-1274dbc1b99d_2"},{"x":54.46623093681917,"y":12.872989247311828,"width":16.775599128540307,"height":40,"action":{"library":"H5P.Image 1.1","params":{"contentName":"Image"},"subContentId":"4d2941de-980a-451a-84d6-b345744855c2","metadata":{"contentType":"Image","license":"U","title":"Untitled Image"}},"backgroundOpacity":0,"willDoAnimation":true,"animationType":"glow","displayAsButton":false,"buttonSize":"big","goToSlideType":"specified","invisible":false,"id":"img9b3b5040-8ec0-45a2-bda4-1274dbc1b99d_3"}],"slideBackgroundSelector":{}},{"elements":[{"x":2.178649237472767,"y":83.87096774193547,"width":96.52777777777777,"height":15.753424657534246,"action":{"library":"H5P.CRAdvancedText 1.1","params":{"text":"<p dir=\"ltr\" style=\"text-align: center;\"><span style=\"font-size:1.625em;\">Uthola izingoma ezintathu zomculo.<\/span><\/p>\n"},"subContentId":"3a08f030-0a2a-49f9-88e9-de7086ff4fcf","metadata":{"contentType":"Text","license":"U","title":"Untitled Text"}},"alwaysDisplayComments":false,"backgroundOpacity":0,"willDoAnimation":false,"animationType":"glow","displayAsButton":false,"buttonSize":"big","goToSlideType":"specified","invisible":false,"solution":""},{"x":25.578703703703702,"y":7.305936073059361,"width":51.455189405605,"height":76.191926884996,"action":{"library":"H5P.Image 1.1","params":{"contentName":"Image","file":{"path":"images\/file-61c0fc644df28.jpeg","mime":"image\/jpeg","copyright":{"license":"U"},"width":1472,"height":1024}},"subContentId":"f455b643-1205-4afd-aad1-ca7b047aa884","metadata":{"contentType":"Image","license":"U","title":"Untitled Image"}},"backgroundOpacity":0,"willDoAnimation":false,"animationType":"glow","displayAsButton":false,"buttonSize":"big","goToSlideType":"specified","invisible":false},{"x":47.00435729847495,"y":43.97849462365591,"width":40,"height":40,"action":{"library":"H5P.CRAudio 1.4","params":{"fitToWrapper":true,"currIndex":9,"playerMode":"minimalistic","controls":true,"autoplay":true,"playAudio":"Play audio","pauseAudio":"Pause audio","contentName":"Audio","glowColor":"#ffd85a","timeStampForEachText":[{"text":" Uthola ","startDuration":"0.0000","endDuration":"1.0887","wordfile":[{"path":"audios\/wordfile-64d3011ecd808.wav","mime":"audio\/x-wav","copyright":{"license":"U"}}]},{"text":" izingoma ","startDuration":"1.0897","endDuration":"1.9575","wordfile":[{"path":"audios\/wordfile-64d3013394988.wav","mime":"audio\/x-wav","copyright":{"license":"U"}}]},{"text":" ezintathu ","startDuration":"1.9585","endDuration":"3.0267","wordfile":[{"path":"audios\/wordfile-64d301541f123.wav","mime":"audio\/x-wav","copyright":{"license":"U"}}]},{"text":" zomculo. ","startDuration":"3.0277","endDuration":"4.5000","wordfile":[{"path":"audios\/wordfile-64d30166b14c7.wav","mime":"audio\/x-wav","copyright":{"license":"U"}}]}],"files":[{"path":"audios\/files-64d3010eed428.wav","mime":"audio\/x-wav","copyright":{"license":"U"}}]},"subContentId":"8cf4cf7e-df01-4d23-b36f-fdfc35e8317a","metadata":{"contentType":"Curious Reader Audio","license":"U","title":"Untitled Curious Reader Audio"}},"backgroundOpacity":0,"willDoAnimation":false,"animationType":"glow","displayAsButton":false,"buttonSize":"big","goToSlideType":"specified","invisible":false},{"x":30.501089324618736,"y":23.588817204301076,"width":9.15032679738562,"height":52.47311827956989,"action":{"library":"H5P.Image 1.1","params":{"contentName":"Image"},"subContentId":"707c7a85-87cb-4095-963c-5d2e1efed327","metadata":{"contentType":"Image","license":"U","title":"Untitled Image"}},"backgroundOpacity":0,"willDoAnimation":true,"animationType":"glow","displayAsButton":false,"buttonSize":"big","goToSlideType":"specified","invisible":false,"id":"img8cf4cf7e-df01-4d23-b36f-fdfc35e8317a_2"},{"x":61.00217864923747,"y":23.639139784946238,"width":11.328976034858389,"height":50.32258064516129,"action":{"library":"H5P.Image 1.1","params":{"contentName":"Image"},"subContentId":"4e772f8f-3532-4097-8c45-54d89985c5c7","metadata":{"contentType":"Image","license":"U","title":"Untitled Image"}},"backgroundOpacity":0,"willDoAnimation":true,"animationType":"glow","displayAsButton":false,"buttonSize":"big","goToSlideType":"specified","invisible":false,"id":"img8cf4cf7e-df01-4d23-b36f-fdfc35e8317a_2"},{"x":46.84095860566449,"y":45.08064516129032,"width":9.15032679738562,"height":33.11827956989247,"action":{"library":"H5P.Image 1.1","params":{"contentName":"Image"},"subContentId":"c30e28e8-888c-4af5-adb6-5b93e74bf675","metadata":{"contentType":"Image","license":"U","title":"Untitled Image"}},"backgroundOpacity":0,"willDoAnimation":true,"animationType":"glow","displayAsButton":false,"buttonSize":"big","goToSlideType":"specified","invisible":false,"id":"img8cf4cf7e-df01-4d23-b36f-fdfc35e8317a_2"},{"x":30.010893246187365,"y":23.639139784946238,"width":10.239651416122005,"height":52.258064516129025,"action":{"library":"H5P.Image 1.1","params":{"contentName":"Image"},"subContentId":"7019e988-730c-4441-b104-24eb6103b6da","metadata":{"contentType":"Image","license":"U","title":"Untitled Image"}},"backgroundOpacity":0,"willDoAnimation":true,"animationType":"glow","displayAsButton":false,"buttonSize":"big","goToSlideType":"specified","invisible":false,"id":"img8cf4cf7e-df01-4d23-b36f-fdfc35e8317a_1"},{"x":46.84095860566449,"y":45.08064516129032,"width":9.15032679738562,"height":32.90322580645161,"action":{"library":"H5P.Image 1.1","params":{"contentName":"Image"},"subContentId":"ce5be770-6e55-4ee8-bd3e-35d0e9d1dbc6","metadata":{"contentType":"Image","license":"U","title":"Untitled Image"}},"backgroundOpacity":0,"willDoAnimation":true,"animationType":"glow","displayAsButton":false,"buttonSize":"big","goToSlideType":"specified","invisible":false,"id":"img8cf4cf7e-df01-4d23-b36f-fdfc35e8317a_1"},{"x":61.00217864923747,"y":23.639139784946238,"width":11.328976034858389,"height":50.107526881720425,"action":{"library":"H5P.Image 1.1","params":{"contentName":"Image"},"subContentId":"db9e9adb-6fd4-4e15-99d3-ae4658d63f82","metadata":{"contentType":"Image","license":"U","title":"Untitled Image"}},"backgroundOpacity":0,"willDoAnimation":true,"animationType":"glow","displayAsButton":false,"buttonSize":"big","goToSlideType":"specified","invisible":false,"id":"img8cf4cf7e-df01-4d23-b36f-fdfc35e8317a_1"}],"slideBackgroundSelector":{}},{"elements":[{"x":19.328703703703702,"y":83.78995433789954,"width":62.49999999999999,"height":14.155251141552512,"action":{"library":"H5P.CRAdvancedText 1.1","params":{"text":"<p dir=\"ltr\" style=\"text-align: center;\"><span style=\"font-size:1.625em;\">Uthola izandla ezimbili.<\/span><\/p>\n"},"subContentId":"afea620e-f0f5-426e-a583-86d004b0afe4","metadata":{"contentType":"Text","license":"U","title":"Untitled Text"}},"alwaysDisplayComments":false,"backgroundOpacity":0,"willDoAnimation":false,"animationType":"glow","displayAsButton":false,"buttonSize":"big","goToSlideType":"specified","invisible":false,"solution":""},{"x":21.527777777777775,"y":8.67579908675799,"width":55.416538343086,"height":73.911043412034,"action":{"library":"H5P.Image 1.1","params":{"contentName":"Image","file":{"path":"images\/file-61c0fdae0857e.jpeg","mime":"image\/jpeg","copyright":{"license":"U"},"width":1472,"height":1024}},"subContentId":"a588fa0a-5484-4950-944a-d472b7aedc92","metadata":{"contentType":"Image","license":"U","title":"Untitled Image"}},"backgroundOpacity":0,"willDoAnimation":false,"animationType":"glow","displayAsButton":false,"buttonSize":"big","goToSlideType":"specified","invisible":false},{"x":47.00435729847495,"y":43.97849462365591,"width":40,"height":40,"action":{"library":"H5P.CRAudio 1.4","params":{"fitToWrapper":true,"currIndex":10,"playerMode":"minimalistic","controls":true,"autoplay":true,"playAudio":"Play audio","pauseAudio":"Pause audio","contentName":"Audio","glowColor":"#ffd85a","timeStampForEachText":[{"text":" Uthola ","startDuration":"0.0000","endDuration":"1.2908","wordfile":[{"path":"audios\/wordfile-64d3018da71a2.wav","mime":"audio\/x-wav","copyright":{"license":"U"}}]},{"text":" izandla ","startDuration":"1.2918","endDuration":"2.0951","wordfile":[{"path":"audios\/wordfile-64d301a0da8cf.wav","mime":"audio\/x-wav","copyright":{"license":"U"}}]},{"text":" ezimbili. ","startDuration":"2.0961","endDuration":"3.5000","wordfile":[{"path":"audios\/wordfile-64d301b200552.wav","mime":"audio\/x-wav","copyright":{"license":"U"}}]}],"files":[{"path":"audios\/files-64d3017a2f108.wav","mime":"audio\/x-wav","copyright":{"license":"U"}}]},"subContentId":"abdde585-9019-45f4-acb6-172238eb2ba3","metadata":{"contentType":"Curious Reader Audio","license":"U","title":"Untitled Curious Reader Audio"}},"backgroundOpacity":0,"willDoAnimation":false,"animationType":"glow","displayAsButton":false,"buttonSize":"big","goToSlideType":"specified","invisible":false},{"x":49.01960784313725,"y":40.81311827956989,"width":11.328976034858389,"height":18.064516129032256,"action":{"library":"H5P.Image 1.1","params":{"contentName":"Image"},"subContentId":"e920d74b-da26-4d60-b5be-12f2e681ce38","metadata":{"contentType":"Image","license":"U","title":"Untitled Image"}},"backgroundOpacity":0,"willDoAnimation":true,"animationType":"glow","displayAsButton":false,"buttonSize":"big","goToSlideType":"specified","invisible":false,"id":"imgabdde585-9019-45f4-acb6-172238eb2ba3_2"},{"x":49.01960784313725,"y":38.66258064516129,"width":11.328976034858389,"height":20.21505376344086,"action":{"library":"H5P.Image 1.1","params":{"contentName":"Image"},"subContentId":"19211f43-c997-4d5c-a092-ce7bdd91b23d","metadata":{"contentType":"Image","license":"U","title":"Untitled Image"}},"backgroundOpacity":0,"willDoAnimation":true,"animationType":"glow","displayAsButton":false,"buttonSize":"big","goToSlideType":"specified","invisible":false,"id":"imgabdde585-9019-45f4-acb6-172238eb2ba3_1"}],"slideBackgroundSelector":{}},{"elements":[{"x":20.48611111111111,"y":83.78995433789954,"width":58.56481481481481,"height":15.068493150684931,"action":{"library":"H5P.CRAdvancedText 1.1","params":{"text":"<p dir=\"ltr\" style=\"text-align: center;\"><span style=\"font-size:1.5em;\">UDodo uthola umama oyedwa.<\/span><\/p>\n"},"subContentId":"597f631b-5fb5-4273-a396-1426b58a2038","metadata":{"contentType":"Text","license":"U","title":"Untitled Text"}},"alwaysDisplayComments":false,"backgroundOpacity":0,"willDoAnimation":false,"animationType":"glow","displayAsButton":false,"buttonSize":"big","goToSlideType":"specified","invisible":false,"solution":""},{"x":20.833333333333332,"y":8.219178082191782,"width":58.509701262704,"height":75.305021520803,"action":{"library":"H5P.Image 1.1","params":{"contentName":"Image","file":{"path":"images\/file-61c0fea69e424.jpeg","mime":"image\/jpeg","copyright":{"license":"U"},"width":1472,"height":1024}},"subContentId":"c58547ba-08f7-4250-9cd8-0a37cda5ed85","metadata":{"contentType":"Image","license":"U","title":"Untitled Image"}},"backgroundOpacity":0,"willDoAnimation":false,"animationType":"glow","displayAsButton":false,"buttonSize":"big","goToSlideType":"specified","invisible":false},{"x":47.00435729847495,"y":43.97849462365591,"width":40,"height":40,"action":{"library":"H5P.CRAudio 1.4","params":{"fitToWrapper":true,"currIndex":11,"playerMode":"minimalistic","controls":true,"autoplay":true,"playAudio":"Play audio","pauseAudio":"Pause audio","contentName":"Audio","glowColor":"#ffd85a","timeStampForEachText":[{"text":" UDodo ","startDuration":"0.0000","endDuration":"1.2428","wordfile":[{"path":"audios\/wordfile-64d301d7d572f.wav","mime":"audio\/x-wav","copyright":{"license":"U"}}]},{"text":" uthola ","startDuration":"1.2438","endDuration":"1.8553","wordfile":[{"path":"audios\/wordfile-64d301eb81b34.wav","mime":"audio\/x-wav","copyright":{"license":"U"}}]},{"text":" umama ","startDuration":"1.8563","endDuration":"2.3440","wordfile":[{"path":"audios\/wordfile-64d301fe352fb.wav","mime":"audio\/x-wav","copyright":{"license":"U"}}]},{"text":" oyedwa. ","startDuration":"2.3450","endDuration":"3.5000","wordfile":[{"path":"audios\/wordfile-64d3020e91b85.wav","mime":"audio\/x-wav","copyright":{"license":"U"}}]}],"files":[{"path":"audios\/files-64d301c59ed9c.wav","mime":"audio\/x-wav","copyright":{"license":"U"}}]},"subContentId":"3059230e-8328-4ab7-9b87-072129692ca9","metadata":{"contentType":"Curious Reader Audio","license":"U","title":"Untitled Curious Reader Audio"}},"backgroundOpacity":0,"willDoAnimation":false,"animationType":"glow","displayAsButton":false,"buttonSize":"big","goToSlideType":"specified","invisible":false},{"x":53.37690631808278,"y":23.605591397849462,"width":10.239651416122005,"height":18.064516129032256,"action":{"library":"H5P.Image 1.1","params":{"contentName":"Image"},"subContentId":"bf0a4ae1-cf97-4972-bc00-08a82dbde35c","metadata":{"contentType":"Image","license":"U","title":"Untitled Image"}},"backgroundOpacity":0,"willDoAnimation":true,"animationType":"glow","displayAsButton":false,"buttonSize":"big","goToSlideType":"specified","invisible":false,"id":"img3059230e-8328-4ab7-9b87-072129692ca9_3"},{"x":53.37690631808278,"y":23.55505376344086,"width":11.328976034858389,"height":18.064516129032256,"action":{"library":"H5P.Image 1.1","params":{"contentName":"Image"},"subContentId":"e57d56c8-7968-420a-9400-839f9d006514","metadata":{"contentType":"Image","license":"U","title":"Untitled Image"}},"backgroundOpacity":0,"willDoAnimation":true,"animationType":"glow","displayAsButton":false,"buttonSize":"big","goToSlideType":"specified","invisible":false,"id":"img3059230e-8328-4ab7-9b87-072129692ca9_2"}],"slideBackgroundSelector":{}},{"elements":[{"x":2.5510204081632653,"y":10.067707808564231,"width":22.95918367346939,"height":16.624685138539043,"action":{"library":"H5P.Image 1.1","params":{"contentName":"Image","file":{"path":"images\/file-61fb296cf2c04.png","mime":"image\/png","copyright":{"license":"U"},"width":1350,"height":487}},"metadata":{"contentType":"Image","license":"U","title":"Untitled Image"},"subContentId":"98ff3710-84cb-4662-b07a-73073cd11eb9"},"backgroundOpacity":0,"willDoAnimation":false,"animationType":"glow","displayAsButton":false,"buttonSize":"big","goToSlideType":"specified","invisible":false},{"x":34.43877551020408,"y":10.075566750629722,"width":29.050925925925924,"height":15.296803652968038,"action":{"library":"H5P.Image 1.1","params":{"contentName":"Image","file":{"path":"images\/file-61fb29a5596cb.png","mime":"image\/png","copyright":{"license":"U"},"width":814,"height":202}},"metadata":{"contentType":"Image","license":"U","title":"Untitled Image"},"subContentId":"387747f0-999b-4c56-a89b-623bd35caa27"},"backgroundOpacity":0,"willDoAnimation":false,"animationType":"glow","displayAsButton":false,"buttonSize":"big","goToSlideType":"specified","invisible":false},{"x":67.60204081632654,"y":12.594458438287154,"width":31.365740740740737,"height":12.557077625570777,"action":{"library":"H5P.Image 1.1","params":{"contentName":"Image","file":{"path":"images\/file-61fb28cb969ac.jpg","mime":"image\/jpeg","copyright":{"license":"U"},"width":1732,"height":354}},"metadata":{"contentType":"Image","license":"U","title":"Untitled Image"},"subContentId":"73af006f-62e3-4869-8f50-c2cce12f2919"},"backgroundOpacity":0,"willDoAnimation":false,"animationType":"glow","displayAsButton":false,"buttonSize":"big","goToSlideType":"specified","invisible":false},{"x":6.5359477124183005,"y":34.40860215053763,"width":86.86224489795919,"height":61.71284634760705,"action":{"library":"H5P.CRAdvancedText 1.1","params":{"text":"<h3 style=\"text-align: center;\"><span style=\"font-size:1em;\"><strong>\"Umdlalo wokuzifihla nokufuna\" credits<\/strong><\/span><\/h3>\n\n<hr>\n<h3 style=\"text-align: center;\"><span style=\"font-size:1em;\">This work, \"<strong>Umdlalo wokuzifihla nokufuna<\/strong>\", is a derivative of \"<strong>Hide and Seek<\/strong>\" written by All Children Reading Cambodia. \u00a9 The Asia Foundation 2019, and used under CC BY. \"<strong>Umdlalo wokuzifihla nokufuna<\/strong>\" is licensed under CC BY 4.0 by Curious Learning.<\/span><\/h3>\n\n<hr>\n<h3 style=\"text-align: center;\"><span style=\"font-size:1em;\">Book builder - Abraham Jerry Kakooza<\/span><\/h3>\n\n<p style=\"text-align: center;\">&nbsp;<\/p>\n"},"metadata":{"contentType":"Text","license":"U","title":"Untitled Text"},"subContentId":"33da2529-d2f5-4184-9f05-626a2800f9d7"},"alwaysDisplayComments":false,"backgroundOpacity":0,"willDoAnimation":false,"animationType":"glow","displayAsButton":false,"buttonSize":"big","goToSlideType":"specified","invisible":false,"solution":""}],"slideBackgroundSelector":{}}],"keywordListEnabled":true,"globalBackgroundSelector":{},"keywordListAlwaysShow":false,"keywordListAutoHide":false,"keywordListOpacity":90},"override":{"activeSurface":false,"hideSummarySlide":false,"summarySlideSolutionButton":true,"summarySlideRetryButton":true,"enablePrintButton":false,"social":{"showFacebookShare":false,"facebookShare":{"url":"@currentpageurl","quote":"I scored @score out of @maxScore on a task at @currentpageurl."},"showTwitterShare":false,"twitterShare":{"statement":"I scored @score out of @maxScore on a task at @currentpageurl.","url":"@currentpageurl","hashtags":"h5p, course"},"showGoogleShare":false,"googleShareUrl":"@currentpageurl"}},"l10n":{"slide":"Slide","score":"Score","yourScore":"Your Score","maxScore":"Max Score","total":"Total","totalScore":"Total Score","showSolutions":"Show solutions","retry":"Retry","exportAnswers":"Export text","hideKeywords":"Hide sidebar navigation menu","showKeywords":"Show sidebar navigation menu","fullscreen":"Fullscreen","exitFullscreen":"Exit fullscreen","prevSlide":"Previous slide","nextSlide":"Next slide","currentSlide":"Current slide","lastSlide":"Last slide","solutionModeTitle":"Exit solution mode","solutionModeText":"Solution Mode","summaryMultipleTaskText":"Multiple tasks","scoreMessage":"You achieved:","shareFacebook":"Share on Facebook","shareTwitter":"Share on Twitter","shareGoogle":"Share on Google+","summary":"Summary","solutionsButtonTitle":"Show comments","printTitle":"Print","printIngress":"How would you like to print this presentation?","printAllSlides":"Print all slides","printCurrentSlide":"Print current slide","noTitle":"No title","accessibilitySlideNavigationExplanation":"Use left and right arrow to change slide in that direction whenever canvas is selected.","accessibilityCanvasLabel":"Presentation canvas. Use left and right arrow to move between slides.","containsNotCompleted":"@slideName contains not completed interaction","containsCompleted":"@slideName contains completed interaction","slideCount":"Slide @index of @total","containsOnlyCorrect":"@slideName only has correct answers","containsIncorrectAnswers":"@slideName has incorrect answers","shareResult":"Share Result","accessibilityTotalScore":"You got @score of @maxScore points in total","accessibilityEnteredFullscreen":"Entered fullscreen","accessibilityExitedFullscreen":"Exited fullscreen"}}