{"presentation":{"slides":[{"elements":[{"x":8.714596949891067,"y":82.04967741935484,"width":83.66013071895425,"height":15.053763440860214,"action":{"library":"H5P.CRAdvancedText 1.1","params":{"text":"<p style=\"text-align: center;\"><span style=\"font-size:3em;\"><strong>Umdoli Lolahlekile.<\/strong><\/span><\/p>\n"},"metadata":{"contentType":"Text","license":"U","title":"Untitled Text"},"subContentId":"44bfa072-0233-468e-a142-38443c25de7c"},"alwaysDisplayComments":false,"backgroundOpacity":0,"willDoAnimation":false,"animationType":"glow","displayAsButton":false,"buttonSize":"big","goToSlideType":"specified","invisible":false,"solution":""},{"x":24.305555555555554,"y":8.904109589041097,"width":50.925925925925924,"height":71.68949771689498,"action":{"library":"H5P.Image 1.1","params":{"contentName":"Image","file":{"path":"images\/file-61ef2b43e729d.jpeg","mime":"image\/jpeg","copyright":{"license":"U"},"width":1472,"height":1024}},"metadata":{"contentType":"Image","license":"U","title":"Untitled Image"},"subContentId":"078c6964-01f5-4f74-b0ae-a3b1dd1ac394"},"backgroundOpacity":0,"willDoAnimation":false,"animationType":"glow","displayAsButton":false,"buttonSize":"big","goToSlideType":"specified","invisible":false}],"slideBackgroundSelector":{}},{"elements":[{"x":25.462962962962962,"y":9.132420091324201,"width":48.263888888888886,"height":70.77625570776256,"action":{"library":"H5P.Image 1.1","params":{"contentName":"Image","file":{"path":"images\/file-61ef2d37250d0.jpeg","mime":"image\/jpeg","copyright":{"license":"U"},"width":1472,"height":1024}},"metadata":{"contentType":"Image","license":"U","title":"Untitled Image"},"subContentId":"ffe74eb3-7780-4eec-b92c-6a45d91e227f"},"backgroundOpacity":0,"willDoAnimation":false,"animationType":"glow","displayAsButton":false,"buttonSize":"big","goToSlideType":"specified","invisible":false},{"x":2.178649237472767,"y":79.38172043010752,"width":93.68191721132898,"height":18.279569892473116,"action":{"library":"H5P.CRAdvancedText 1.1","params":{"text":"<p style=\"text-align: center;\"><span style=\"color:#ffffff;\"><span style=\"font-size:1.625em;\">Lona ngu&amp;ndash;Abi nonodoli wakhe.<\/span><\/span><\/p>\n"},"subContentId":"89b6ecad-fa4a-44b5-bf8e-4c009494748f","metadata":{"contentType":"Text","license":"U","title":"Untitled Text"}},"alwaysDisplayComments":false,"backgroundOpacity":0,"willDoAnimation":false,"animationType":"glow","displayAsButton":false,"buttonSize":"big","goToSlideType":"specified","invisible":false,"solution":""},{"x":47.00435729847495,"y":43.97849462365591,"width":40,"height":40,"action":{"library":"H5P.CRAudio 1.4","params":{"fitToWrapper":true,"currIndex":1,"playerMode":"minimalistic","controls":true,"autoplay":true,"playAudio":"Play audio","pauseAudio":"Pause audio","contentName":"Audio","glowColor":"#ffd85a","timeStampForEachText":[{"text":" Lona ","startDuration":"0.4235","endDuration":"0.9711","wordfile":[{"path":"audios\/wordfile-64d31a2970c51.wav","mime":"audio\/x-wav","copyright":{"license":"U"}}]},{"text":" ngu\u2013Abi ","startDuration":"0.9721","endDuration":"1.7514","wordfile":[{"path":"audios\/wordfile-64d31a431183a.wav","mime":"audio\/x-wav","copyright":{"license":"U"}}]},{"text":" nonodoli ","startDuration":"1.9721","endDuration":"2.7515","wordfile":[{"path":"audios\/wordfile-64d31a5dacab6.wav","mime":"audio\/x-wav","copyright":{"license":"U"}}]},{"text":" wakhe. ","startDuration":"2.7525","endDuration":"3.5000","wordfile":[{"path":"audios\/wordfile-64d31a717dbe5.wav","mime":"audio\/x-wav","copyright":{"license":"U"}}]}],"files":[{"path":"audios\/files-64d31a10c992e.wav","mime":"audio\/x-wav","copyright":{"license":"U"}}]},"subContentId":"79789b06-891b-42a3-b477-f1622ec14228","metadata":{"contentType":"Curious Reader Audio","license":"U","title":"Untitled Curious Reader Audio"}},"backgroundOpacity":0,"willDoAnimation":false,"animationType":"glow","displayAsButton":false,"buttonSize":"big","goToSlideType":"specified","invisible":false},{"x":45.751633986928105,"y":25.75612903225807,"width":6.971677559912854,"height":15.913978494623654,"action":{"library":"H5P.Image 1.1","params":{"contentName":"Image"},"subContentId":"be077541-ec72-4b0c-87d9-5e822ff73224","metadata":{"contentType":"Image","license":"U","title":"Untitled Image"}},"backgroundOpacity":0,"willDoAnimation":true,"animationType":"glow","displayAsButton":false,"buttonSize":"big","goToSlideType":"specified","invisible":false,"id":"img79789b06-891b-42a3-b477-f1622ec14228_1"},{"x":44.66230936819172,"y":36.48860215053764,"width":7.625272331154684,"height":20.21505376344086,"action":{"library":"H5P.Image 1.1","params":{"contentName":"Image"},"subContentId":"71b854aa-2520-4e8e-a16c-e29df2935891","metadata":{"contentType":"Image","license":"U","title":"Untitled Image"}},"backgroundOpacity":0,"willDoAnimation":true,"animationType":"glow","displayAsButton":false,"buttonSize":"big","goToSlideType":"specified","invisible":false,"id":"img79789b06-891b-42a3-b477-f1622ec14228_2"}],"slideBackgroundSelector":{}},{"elements":[{"x":26.62037037037037,"y":11.415525114155251,"width":48.72685185185185,"height":70.77625570776256,"action":{"library":"H5P.Image 1.1","params":{"contentName":"Image","file":{"path":"images\/file-61ef2ec0dfac0.jpeg","mime":"image\/jpeg","copyright":{"license":"U"},"width":1472,"height":1024}},"metadata":{"contentType":"Image","license":"U","title":"Untitled Image"},"subContentId":"c53c077a-e9d1-4c15-b584-8b4debd998af"},"backgroundOpacity":0,"willDoAnimation":false,"animationType":"glow","displayAsButton":false,"buttonSize":"big","goToSlideType":"specified","invisible":false},{"x":3.2679738562091507,"y":83.82064516129033,"width":87.14596949891067,"height":15.913978494623654,"action":{"library":"H5P.CRAdvancedText 1.1","params":{"text":"<p style=\"text-align: center;\"><span style=\"color:#ffffff;\"><span style=\"font-size:1.75em;\">U&amp;ndash;Abi uthanda unodoli wakhe.<\/span><\/span><\/p>\n"},"subContentId":"2a1ed2eb-a974-457b-96eb-f5c847f31a34","metadata":{"contentType":"Text","license":"U","title":"Untitled Text"}},"alwaysDisplayComments":false,"backgroundOpacity":0,"willDoAnimation":false,"animationType":"glow","displayAsButton":false,"buttonSize":"big","goToSlideType":"specified","invisible":false,"solution":""},{"x":47.00435729847495,"y":43.97849462365591,"width":40,"height":40,"action":{"library":"H5P.CRAudio 1.4","params":{"fitToWrapper":true,"currIndex":2,"playerMode":"minimalistic","controls":true,"autoplay":true,"playAudio":"Play audio","pauseAudio":"Pause audio","contentName":"Audio","glowColor":"#ffd85a","timeStampForEachText":[{"text":" U\u2013Abi ","startDuration":"0.5845","endDuration":"1.4146","wordfile":[{"path":"audios\/wordfile-64d31947b8cff.wav","mime":"audio\/x-wav","copyright":{"license":"U"}}]},{"text":" uthanda ","startDuration":"1.7215","endDuration":"2.2640","wordfile":[{"path":"audios\/wordfile-64d3195c686ec.wav","mime":"audio\/x-wav","copyright":{"license":"U"}}]},{"text":" unodoli ","startDuration":"2.2650","endDuration":"2.8075","wordfile":[{"path":"audios\/wordfile-64d319736eac8.wav","mime":"audio\/x-wav","copyright":{"license":"U"}}]},{"text":" wakhe. ","startDuration":"2.8085","endDuration":"3.7254","wordfile":[{"path":"audios\/wordfile-64d319856e6ff.wav","mime":"audio\/x-wav","copyright":{"license":"U"}}]}],"files":[{"path":"audios\/files-64d3192f654ca.wav","mime":"audio\/x-wav","copyright":{"license":"U"}}]},"subContentId":"6814b40c-49d9-49bb-8171-e807c4a5ecad","metadata":{"contentType":"Curious Reader Audio","license":"U","title":"Untitled Curious Reader Audio"}},"backgroundOpacity":0,"willDoAnimation":false,"animationType":"glow","displayAsButton":false,"buttonSize":"big","goToSlideType":"specified","invisible":false},{"x":45.751633986928105,"y":27.889892473118277,"width":9.15032679738562,"height":15.913978494623654,"action":{"library":"H5P.Image 1.1","params":{"contentName":"Image"},"subContentId":"97b92393-fe62-42cd-86a0-3df3b9b86888","metadata":{"contentType":"Image","license":"U","title":"Untitled Image"}},"backgroundOpacity":0,"willDoAnimation":true,"animationType":"glow","displayAsButton":false,"buttonSize":"big","goToSlideType":"specified","invisible":false,"id":"img6814b40c-49d9-49bb-8171-e807c4a5ecad_0"},{"x":45.751633986928105,"y":42.956989247311824,"width":4.793028322440088,"height":18.064516129032256,"action":{"library":"H5P.Image 1.1","params":{"contentName":"Image"},"subContentId":"3d797fd5-ed75-455f-8e77-9e24da2e56fd","metadata":{"contentType":"Image","license":"U","title":"Untitled Image"}},"backgroundOpacity":0,"willDoAnimation":true,"animationType":"glow","displayAsButton":false,"buttonSize":"big","goToSlideType":"specified","invisible":false,"id":"img6814b40c-49d9-49bb-8171-e807c4a5ecad_2"}],"slideBackgroundSelector":{}},{"elements":[{"x":25.462962962962962,"y":11.415525114155251,"width":48.61111111111111,"height":68.94977168949772,"action":{"library":"H5P.Image 1.1","params":{"contentName":"Image","file":{"path":"images\/file-61ef31140c3a9.jpeg","mime":"image\/jpeg","copyright":{"license":"U"},"width":1472,"height":1024}},"metadata":{"contentType":"Image","license":"U","title":"Untitled Image"},"subContentId":"fc224ac3-de9a-4f94-abe8-45dbe766dd43"},"backgroundOpacity":0,"willDoAnimation":false,"animationType":"glow","displayAsButton":false,"buttonSize":"big","goToSlideType":"specified","invisible":false},{"x":2.178649237472767,"y":83.71978494623656,"width":93.68191721132898,"height":15.053763440860214,"action":{"library":"H5P.CRAdvancedText 1.1","params":{"text":"<p style=\"text-align: center;\"><span style=\"color:#ffffff;\"><span style=\"font-size:1.625em;\">U&amp;ndash;Abi uthanda ukudlala ngonodoli wakhe.<\/span><\/span><\/p>\n"},"subContentId":"b050361e-088c-41ae-bee8-144c67ee034a","metadata":{"contentType":"Text","license":"U","title":"Untitled Text"}},"alwaysDisplayComments":false,"backgroundOpacity":0,"willDoAnimation":false,"animationType":"glow","displayAsButton":false,"buttonSize":"big","goToSlideType":"specified","invisible":false,"solution":""},{"x":47.00435729847495,"y":43.97849462365591,"width":40,"height":40,"action":{"library":"H5P.CRAudio 1.4","params":{"fitToWrapper":true,"currIndex":3,"playerMode":"minimalistic","controls":true,"autoplay":true,"playAudio":"Play audio","pauseAudio":"Pause audio","contentName":"Audio","glowColor":"#ffd85a","timeStampForEachText":[{"text":" U\u2013Abi ","startDuration":"0.2003","endDuration":"1.1349","wordfile":[{"path":"audios\/wordfile-64d31edfbb1eb.wav","mime":"audio\/x-wav","copyright":{"license":"U"}}]},{"text":" uthanda ","startDuration":"1.2951","endDuration":"1.9883","wordfile":[{"path":"audios\/wordfile-64d31ef8d59ff.wav","mime":"audio\/x-wav","copyright":{"license":"U"}}]},{"text":" ukudlala ","startDuration":"1.9893","endDuration":"2.7441","wordfile":[{"path":"audios\/wordfile-64d31f21d90e3.wav","mime":"audio\/x-wav","copyright":{"license":"U"}}]},{"text":" ngonodoli ","startDuration":"2.7451","endDuration":"3.2276","wordfile":[{"path":"audios\/wordfile-64d31f38745f6.wav","mime":"audio\/x-wav","copyright":{"license":"U"}}]},{"text":" wakhe. ","startDuration":"3.2286","endDuration":"4.1221","wordfile":[{"path":"audios\/wordfile-64d31f4ab045b.wav","mime":"audio\/x-wav","copyright":{"license":"U"}}]}],"files":[{"path":"audios\/files-64d31ec8ece57.wav","mime":"audio\/x-wav","copyright":{"license":"U"}}]},"subContentId":"49d34656-9ae2-415f-914f-34a1cce7ecca","metadata":{"contentType":"Curious Reader Audio","license":"U","title":"Untitled Curious Reader Audio"}},"backgroundOpacity":0,"willDoAnimation":false,"animationType":"glow","displayAsButton":false,"buttonSize":"big","goToSlideType":"specified","invisible":false},{"x":52.28758169934641,"y":25.383010752688172,"width":11.328976034858389,"height":18.494623655913976,"action":{"library":"H5P.Image 1.1","params":{"contentName":"Image"},"subContentId":"6864f0e6-9e8c-4514-b04e-cdb64fd836cf","metadata":{"contentType":"Image","license":"U","title":"Untitled Image"}},"backgroundOpacity":0,"willDoAnimation":true,"animationType":"glow","displayAsButton":false,"buttonSize":"big","goToSlideType":"specified","invisible":false,"id":"img49d34656-9ae2-415f-914f-34a1cce7ecca_0"},{"x":37.03703703703704,"y":51.52215053763442,"width":9.15032679738562,"height":20.64516129032258,"action":{"library":"H5P.Image 1.1","params":{"contentName":"Image"},"subContentId":"12f669e0-e948-4d50-b864-0d93f01de66b","metadata":{"contentType":"Image","license":"U","title":"Untitled Image"}},"backgroundOpacity":0,"willDoAnimation":true,"animationType":"glow","displayAsButton":false,"buttonSize":"big","goToSlideType":"specified","invisible":false,"id":"img49d34656-9ae2-415f-914f-34a1cce7ecca_3"}],"slideBackgroundSelector":{}},{"elements":[{"x":24.305555555555554,"y":9.132420091324201,"width":50.5787037037037,"height":69.63470319634703,"action":{"library":"H5P.Image 1.1","params":{"contentName":"Image","file":{"path":"images\/file-61ef32ab45f04.jpeg","mime":"image\/jpeg","copyright":{"license":"U"},"width":1472,"height":1024}},"metadata":{"contentType":"Image","license":"U","title":"Untitled Image"},"subContentId":"89af7174-47ce-4730-a8f4-1aef48446dd5"},"backgroundOpacity":0,"willDoAnimation":false,"animationType":"glow","displayAsButton":false,"buttonSize":"big","goToSlideType":"specified","invisible":false},{"x":4.357298474945534,"y":79.52279569892472,"width":81.69934640522877,"height":18.279569892473116,"action":{"library":"H5P.CRAdvancedText 1.1","params":{"text":"<p style=\"text-align: center;\"><span style=\"color:#ffffff;\"><span style=\"font-size:1.75em;\">U&amp;ndash;Abi ulahlekelwe unodoli wakhe.<\/span><\/span><\/p>\n"},"subContentId":"82606f56-ed19-49a2-a01a-37f9df656038","metadata":{"contentType":"Text","license":"U","title":"Untitled Text"}},"alwaysDisplayComments":false,"backgroundOpacity":0,"willDoAnimation":false,"animationType":"glow","displayAsButton":false,"buttonSize":"big","goToSlideType":"specified","invisible":false,"solution":""},{"x":47.00435729847495,"y":43.97849462365591,"width":40,"height":40,"action":{"library":"H5P.CRAudio 1.4","params":{"fitToWrapper":true,"currIndex":4,"playerMode":"minimalistic","controls":true,"autoplay":true,"playAudio":"Play audio","pauseAudio":"Pause audio","contentName":"Audio","glowColor":"#ffd85a","timeStampForEachText":[{"text":" U\u2013Abi ","startDuration":"0.0000","endDuration":"0.9619","wordfile":[{"path":"audios\/wordfile-64d320860ec00.wav","mime":"audio\/x-wav","copyright":{"license":"U"}}]},{"text":" ulahlekelwe ","startDuration":"1.1173","endDuration":"2.3531","wordfile":[{"path":"audios\/wordfile-64d320a1e554e.wav","mime":"audio\/x-wav","copyright":{"license":"U"}}]},{"text":" unodoli ","startDuration":"2.4836","endDuration":"3.1567","wordfile":[{"path":"audios\/wordfile-64d320b939d78.wav","mime":"audio\/x-wav","copyright":{"license":"U"}}]},{"text":" wakhe. ","startDuration":"3.1577","endDuration":"4.1794","wordfile":[{"path":"audios\/wordfile-64d320cb6de7a.wav","mime":"audio\/x-wav","copyright":{"license":"U"}}]}],"files":[{"path":"audios\/files-64d3207264195.wav","mime":"audio\/x-wav","copyright":{"license":"U"}}]},"subContentId":"3653b1fd-9e49-4019-81ce-79c1a3f89d2e","metadata":{"contentType":"Curious Reader Audio","license":"U","title":"Untitled Curious Reader Audio"}},"backgroundOpacity":0,"willDoAnimation":false,"animationType":"glow","displayAsButton":false,"buttonSize":"big","goToSlideType":"specified","invisible":false},{"x":43.57298474945534,"y":29.939569892473116,"width":11.982570806100219,"height":40,"action":{"library":"H5P.Image 1.1","params":{"contentName":"Image"},"subContentId":"bf24d287-8e73-49cf-a6c5-c3b27883bab6","metadata":{"contentType":"Image","license":"U","title":"Untitled Image"}},"backgroundOpacity":0,"willDoAnimation":true,"animationType":"glow","displayAsButton":false,"buttonSize":"big","goToSlideType":"specified","invisible":false,"id":"img3653b1fd-9e49-4019-81ce-79c1a3f89d2e_0"}],"slideBackgroundSelector":{}},{"elements":[{"x":24.305555555555554,"y":13.698630136986301,"width":50.925925925925924,"height":65.52511415525115,"action":{"library":"H5P.Image 1.1","params":{"contentName":"Image","file":{"path":"images\/file-61ef35cbdad1b.jpeg","mime":"image\/jpeg","copyright":{"license":"U"},"width":1472,"height":1024}},"metadata":{"contentType":"Image","license":"U","title":"Untitled Image"},"subContentId":"328c88bc-1048-46c1-b142-5ef6dd3d2042"},"backgroundOpacity":0,"willDoAnimation":false,"animationType":"glow","displayAsButton":false,"buttonSize":"big","goToSlideType":"specified","invisible":false},{"x":11.982570806100219,"y":79.42881720430107,"width":81.69934640522877,"height":13.978494623655912,"action":{"library":"H5P.CRAdvancedText 1.1","params":{"text":"<p style=\"text-align: center;\"><span style=\"color:#ffffff;\"><span style=\"font-size:1.75em;\">U&amp;ndash;Abi ufuna unodoli wakhe.<\/span><\/span><\/p>\n"},"subContentId":"bfbe91b7-3a9b-4564-b289-d268305b5699","metadata":{"contentType":"Text","license":"U","title":"Untitled Text"}},"alwaysDisplayComments":false,"backgroundOpacity":0,"willDoAnimation":false,"animationType":"glow","displayAsButton":false,"buttonSize":"big","goToSlideType":"specified","invisible":false,"solution":""},{"x":47.00435729847495,"y":43.97849462365591,"width":40,"height":40,"action":{"library":"H5P.CRAudio 1.4","params":{"fitToWrapper":true,"currIndex":5,"playerMode":"minimalistic","controls":true,"autoplay":true,"playAudio":"Play audio","pauseAudio":"Pause audio","contentName":"Audio","glowColor":"#ffd85a","timeStampForEachText":[{"text":" U\u2013Abi ","startDuration":"0.3607","endDuration":"1.2274","wordfile":[{"path":"audios\/wordfile-64d3213b45c6e.wav","mime":"audio\/x-wav","copyright":{"license":"U"}}]},{"text":" ufuna ","startDuration":"1.6439","endDuration":"2.1818","wordfile":[{"path":"audios\/wordfile-64d3214ebae31.wav","mime":"audio\/x-wav","copyright":{"license":"U"}}]},{"text":" unodoli ","startDuration":"2.1828","endDuration":"2.7755","wordfile":[{"path":"audios\/wordfile-64d32163c6378.wav","mime":"audio\/x-wav","copyright":{"license":"U"}}]},{"text":" wakhe. ","startDuration":"2.7765","endDuration":"3.8395","wordfile":[{"path":"audios\/wordfile-64d32174ad4c3.wav","mime":"audio\/x-wav","copyright":{"license":"U"}}]}],"files":[{"path":"audios\/files-64d3212862971.wav","mime":"audio\/x-wav","copyright":{"license":"U"}}]},"subContentId":"2f4b754d-25a3-4f83-9c37-50d04ba188b0","metadata":{"contentType":"Curious Reader Audio","license":"U","title":"Untitled Curious Reader Audio"}},"backgroundOpacity":0,"willDoAnimation":false,"animationType":"glow","displayAsButton":false,"buttonSize":"big","goToSlideType":"specified","invisible":false},{"x":30.501089324618736,"y":40.86021505376344,"width":15.686274509803923,"height":35.69892473118279,"action":{"library":"H5P.Image 1.1","params":{"contentName":"Image"},"subContentId":"4904293d-bfdd-415b-9a3d-76125bc5bb06","metadata":{"contentType":"Image","license":"U","title":"Untitled Image"}},"backgroundOpacity":0,"willDoAnimation":true,"animationType":"glow","displayAsButton":false,"buttonSize":"big","goToSlideType":"specified","invisible":false,"id":"img2f4b754d-25a3-4f83-9c37-50d04ba188b0_0"}],"slideBackgroundSelector":{}},{"elements":[{"x":4.62962962962963,"y":40.836774193548386,"width":38.23529411764706,"height":52.68817204301075,"action":{"library":"H5P.CRAdvancedText 1.1","params":{"text":"<p dir=\"ltr\" style=\"text-align: center;\"><span style=\"color:#ffffff;\"><span style=\"font-size:1.75em;\">Ubheka ngaphansi kwetafula.<\/span><\/span><\/p>\n"},"metadata":{"contentType":"Text","license":"U","title":"Untitled Text"},"subContentId":"7ab1f46e-d823-4f5a-9e54-14bdd85d3f4b"},"alwaysDisplayComments":false,"backgroundOpacity":0,"willDoAnimation":false,"animationType":"glow","displayAsButton":false,"buttonSize":"big","goToSlideType":"specified","invisible":false,"solution":""},{"x":45.11712962962963,"y":18.213470319634705,"width":49.53703703703703,"height":67.12328767123287,"action":{"library":"H5P.Image 1.1","params":{"contentName":"Image","file":{"path":"images\/file-61ef37fb18d59.jpeg","mime":"image\/jpeg","copyright":{"license":"U"},"width":1472,"height":1024}},"metadata":{"contentType":"Image","license":"U","title":"Untitled Image"},"subContentId":"8908e142-4dce-448d-be32-a4b066194ca9"},"backgroundOpacity":0,"willDoAnimation":false,"animationType":"glow","displayAsButton":false,"buttonSize":"big","goToSlideType":"specified","invisible":false},{"x":47.00435729847495,"y":43.97849462365591,"width":40,"height":40,"action":{"library":"H5P.CRAudio 1.4","params":{"fitToWrapper":true,"currIndex":6,"playerMode":"minimalistic","controls":true,"autoplay":true,"playAudio":"Play audio","pauseAudio":"Pause audio","contentName":"Audio","glowColor":"#ffd85a","timeStampForEachText":[{"text":" Ubheka ","startDuration":"0.0000","endDuration":"1.0733","wordfile":[{"path":"audios\/wordfile-64d312bc45f58.wav","mime":"audio\/x-wav","copyright":{"license":"U"}}]},{"text":" ngaphansi ","startDuration":"1.0743","endDuration":"1.8017","wordfile":[{"path":"audios\/wordfile-64d312d484513.wav","mime":"audio\/x-wav","copyright":{"license":"U"}}]},{"text":" kwetafula. ","startDuration":"1.8027","endDuration":"3.0000","wordfile":[{"path":"audios\/wordfile-64d312e817198.wav","mime":"audio\/x-wav","copyright":{"license":"U"}}]}],"files":[{"path":"audios\/files-64d31298b99d2.wav","mime":"audio\/x-wav","copyright":{"license":"U"}}]},"subContentId":"11521b7e-9411-4f7d-8046-687387ee087c","metadata":{"contentType":"Curious Reader Audio","license":"U","title":"Untitled Curious Reader Audio"}},"backgroundOpacity":0,"willDoAnimation":false,"animationType":"glow","displayAsButton":false,"buttonSize":"big","goToSlideType":"specified","invisible":false},{"x":52.28758169934641,"y":47.2210752688172,"width":12.418300653594772,"height":27.096774193548384,"action":{"library":"H5P.Image 1.1","params":{"contentName":"Image"},"subContentId":"d4dd574c-59d8-4d9d-9e10-71edd8682701","metadata":{"contentType":"Image","license":"U","title":"Untitled Image"}},"backgroundOpacity":0,"willDoAnimation":true,"animationType":"glow","displayAsButton":false,"buttonSize":"big","goToSlideType":"specified","invisible":false,"id":"img11521b7e-9411-4f7d-8046-687387ee087c_0"},{"x":63.18082788671025,"y":34.36817204301075,"width":31.263616557734206,"height":24.516129032258064,"action":{"library":"H5P.Image 1.1","params":{"contentName":"Image"},"subContentId":"22203738-65b1-41d1-840a-cea98da37b06","metadata":{"contentType":"Image","license":"U","title":"Untitled Image"}},"backgroundOpacity":0,"willDoAnimation":true,"animationType":"glow","displayAsButton":false,"buttonSize":"big","goToSlideType":"specified","invisible":false,"id":"img11521b7e-9411-4f7d-8046-687387ee087c_2"}],"slideBackgroundSelector":{}},{"elements":[{"x":3.4722222222222223,"y":40.836774193548386,"width":39.32461873638344,"height":54.83870967741935,"action":{"library":"H5P.CRAdvancedText 1.1","params":{"text":"<p dir=\"ltr\" style=\"text-align: center;\"><span style=\"color:#ffffff;\"><span style=\"font-size:1.75em;\">Ubheka ngaphansi kwesihlalo.<\/span><\/span><\/p>\n"},"metadata":{"contentType":"Text","license":"U","title":"Untitled Text"},"subContentId":"4551d1b8-971a-4066-8625-23b7ce65886b"},"alwaysDisplayComments":false,"backgroundOpacity":0,"willDoAnimation":false,"animationType":"glow","displayAsButton":false,"buttonSize":"big","goToSlideType":"specified","invisible":false,"solution":""},{"x":45.138888888888886,"y":18.264840182648403,"width":48.84259259259259,"height":68.4931506849315,"action":{"library":"H5P.Image 1.1","params":{"contentName":"Image","file":{"path":"images\/file-61ef3e474be2b.jpeg","mime":"image\/jpeg","copyright":{"license":"U"},"width":1472,"height":1024}},"metadata":{"contentType":"Image","license":"U","title":"Untitled Image"},"subContentId":"d9e8349c-052c-4124-8dc8-4c76a25024ac"},"backgroundOpacity":0,"willDoAnimation":false,"animationType":"glow","displayAsButton":false,"buttonSize":"big","goToSlideType":"specified","invisible":false},{"x":47.00435729847495,"y":43.97849462365591,"width":40,"height":40,"action":{"library":"H5P.CRAudio 1.4","params":{"fitToWrapper":true,"currIndex":7,"playerMode":"minimalistic","controls":true,"autoplay":true,"playAudio":"Play audio","pauseAudio":"Pause audio","contentName":"Audio","glowColor":"#ffd85a","timeStampForEachText":[{"text":" Ubheka ","startDuration":"0.0000","endDuration":"1.0918","wordfile":[{"path":"audios\/wordfile-64d3131fd639f.wav","mime":"audio\/x-wav","copyright":{"license":"U"}}]},{"text":" ngaphansi ","startDuration":"1.0928","endDuration":"1.6852","wordfile":[{"path":"audios\/wordfile-64d313365d992.wav","mime":"audio\/x-wav","copyright":{"license":"U"}}]},{"text":" kwesihlalo. ","startDuration":"1.6862","endDuration":"3.1250","wordfile":[{"path":"audios\/wordfile-64d3134b5f742.wav","mime":"audio\/x-wav","copyright":{"license":"U"}}]}],"files":[{"path":"audios\/files-64d312f976b34.wav","mime":"audio\/x-wav","copyright":{"license":"U"}}]},"subContentId":"cf447221-8a7f-4480-8c26-8c4b1f1ecc0a","metadata":{"contentType":"Curious Reader Audio","license":"U","title":"Untitled Curious Reader Audio"}},"backgroundOpacity":0,"willDoAnimation":false,"animationType":"glow","displayAsButton":false,"buttonSize":"big","goToSlideType":"specified","invisible":false},{"x":54.46623093681917,"y":47.28150537634409,"width":12.418300653594772,"height":31.39784946236559,"action":{"library":"H5P.Image 1.1","params":{"contentName":"Image"},"subContentId":"b5f60c78-bcca-44ab-92d2-d58c57041600","metadata":{"contentType":"Image","license":"U","title":"Untitled Image"}},"backgroundOpacity":0,"willDoAnimation":true,"animationType":"glow","displayAsButton":false,"buttonSize":"big","goToSlideType":"specified","invisible":false,"id":"imgcf447221-8a7f-4480-8c26-8c4b1f1ecc0a_0"},{"x":67.5363834422658,"y":32.19763440860215,"width":14.596949891067538,"height":40,"action":{"library":"H5P.Image 1.1","params":{"contentName":"Image"},"subContentId":"6efc5fe9-72d6-49a0-8c37-35884ab1ea70","metadata":{"contentType":"Image","license":"U","title":"Untitled Image"}},"backgroundOpacity":0,"willDoAnimation":true,"animationType":"glow","displayAsButton":false,"buttonSize":"big","goToSlideType":"specified","invisible":false,"id":"imgcf447221-8a7f-4480-8c26-8c4b1f1ecc0a_2"}],"slideBackgroundSelector":{}},{"elements":[{"x":3.4654139433551197,"y":38.68623655913978,"width":38.23529411764706,"height":57.204301075268816,"action":{"library":"H5P.CRAdvancedText 1.1","params":{"text":"<p style=\"text-align: center;\"><span style=\"color:#ffffff;\"><span style=\"font-size:2.25em;\">Ubheka ekamelweni.<\/span><\/span><\/p>\n"},"metadata":{"contentType":"Text","license":"U","title":"Untitled Text"},"subContentId":"762a4d35-8b2c-4d44-8c90-1da59aba9cf4"},"alwaysDisplayComments":false,"backgroundOpacity":0,"willDoAnimation":false,"animationType":"glow","displayAsButton":false,"buttonSize":"big","goToSlideType":"specified","invisible":false,"solution":""},{"x":42.82407407407407,"y":15.981735159817353,"width":50.11574074074074,"height":68.4931506849315,"action":{"library":"H5P.Image 1.1","params":{"contentName":"Image","file":{"path":"images\/file-61ef404802c5b.jpeg","mime":"image\/jpeg","copyright":{"license":"U"},"width":1472,"height":1024}},"metadata":{"contentType":"Image","license":"U","title":"Untitled Image"},"subContentId":"49232e51-b2af-4fb8-9d08-40d9377a0788"},"backgroundOpacity":0,"willDoAnimation":false,"animationType":"glow","displayAsButton":false,"buttonSize":"big","goToSlideType":"specified","invisible":false},{"x":47.00435729847495,"y":43.97849462365591,"width":40,"height":40,"action":{"library":"H5P.CRAudio 1.4","params":{"fitToWrapper":true,"currIndex":8,"playerMode":"minimalistic","controls":true,"autoplay":true,"playAudio":"Play audio","pauseAudio":"Pause audio","contentName":"Audio","glowColor":"#ffd85a","timeStampForEachText":[{"text":" Ubheka ","startDuration":"0.5669","endDuration":"1.2860","wordfile":[{"path":"audios\/wordfile-64d31377e4f18.wav","mime":"audio\/x-wav","copyright":{"license":"U"}}]},{"text":" ekamelweni. ","startDuration":"1.2870","endDuration":"2.4583","wordfile":[{"path":"audios\/wordfile-64d31389d3f5b.wav","mime":"audio\/x-wav","copyright":{"license":"U"}}]}],"files":[{"path":"audios\/files-64d31360cd2e9.wav","mime":"audio\/x-wav","copyright":{"license":"U"}}]},"subContentId":"7e590d61-ba31-4356-8832-d421fecfef2d","metadata":{"contentType":"Curious Reader Audio","license":"U","title":"Untitled Curious Reader Audio"}},"backgroundOpacity":0,"willDoAnimation":false,"animationType":"glow","displayAsButton":false,"buttonSize":"big","goToSlideType":"specified","invisible":false},{"x":61.00217864923747,"y":40.81311827956989,"width":12.418300653594772,"height":35.69892473118279,"action":{"library":"H5P.Image 1.1","params":{"contentName":"Image"},"subContentId":"978f5c52-e255-4660-bc53-f2ce343df0a8","metadata":{"contentType":"Image","license":"U","title":"Untitled Image"}},"backgroundOpacity":0,"willDoAnimation":true,"animationType":"glow","displayAsButton":false,"buttonSize":"big","goToSlideType":"specified","invisible":false,"id":"img7e590d61-ba31-4356-8832-d421fecfef2d_0"},{"x":41.394335511982575,"y":27.906666666666663,"width":45.09803921568628,"height":48.387096774193544,"action":{"library":"H5P.Image 1.1","params":{"contentName":"Image"},"subContentId":"b289e485-01d1-48b1-b733-66671cafb628","metadata":{"contentType":"Image","license":"U","title":"Untitled Image"}},"backgroundOpacity":0,"willDoAnimation":true,"animationType":"glow","displayAsButton":false,"buttonSize":"big","goToSlideType":"specified","invisible":false,"id":"img7e590d61-ba31-4356-8832-d421fecfef2d_1"}],"slideBackgroundSelector":{}},{"elements":[{"x":4.861111111111112,"y":45.134408602150536,"width":40.52287581699346,"height":43.2258064516129,"action":{"library":"H5P.CRAdvancedText 1.1","params":{"text":"<p dir=\"ltr\" style=\"text-align: center;\"><span style=\"color:#ffffff;\"><span style=\"font-size:2.25em;\">Ubheka engadini.<\/span><\/span><\/p>\n"},"metadata":{"contentType":"Text","license":"U","title":"Untitled Text"},"subContentId":"349aec21-3226-4969-902a-447999e122a7"},"alwaysDisplayComments":false,"backgroundOpacity":0,"willDoAnimation":false,"animationType":"glow","displayAsButton":false,"buttonSize":"big","goToSlideType":"specified","invisible":false,"solution":""},{"x":47.4537037037037,"y":18.264840182648403,"width":46.99074074074074,"height":68.4931506849315,"action":{"library":"H5P.Image 1.1","params":{"contentName":"Image","file":{"path":"images\/file-61ef40a401d18.jpeg","mime":"image\/jpeg","copyright":{"license":"U"},"width":1472,"height":1024}},"metadata":{"contentType":"Image","license":"U","title":"Untitled Image"},"subContentId":"9efc9d08-4704-4fb5-b63b-677ccbc8c0f5"},"backgroundOpacity":0,"willDoAnimation":false,"animationType":"glow","displayAsButton":false,"buttonSize":"big","goToSlideType":"specified","invisible":false},{"x":47.00435729847495,"y":43.97849462365591,"width":40,"height":40,"action":{"library":"H5P.CRAudio 1.4","params":{"fitToWrapper":true,"currIndex":9,"playerMode":"minimalistic","controls":true,"autoplay":true,"playAudio":"Play audio","pauseAudio":"Pause audio","contentName":"Audio","glowColor":"#ffd85a","timeStampForEachText":[{"text":" Ubheka ","startDuration":"0.3596","endDuration":"1.2514","wordfile":[{"path":"audios\/wordfile-64d313b51b8d4.wav","mime":"audio\/x-wav","copyright":{"license":"U"}}]},{"text":" engadini. ","startDuration":"1.2524","endDuration":"2.9832","wordfile":[{"path":"audios\/wordfile-64d313ce7ce55.wav","mime":"audio\/x-wav","copyright":{"license":"U"}}]}],"files":[{"path":"audios\/files-64d3139e7f669.wav","mime":"audio\/x-wav","copyright":{"license":"U"}}]},"subContentId":"a8559bb1-40b6-4b66-9543-332b67c51dd2","metadata":{"contentType":"Curious Reader Audio","license":"U","title":"Untitled Curious Reader Audio"}},"backgroundOpacity":0,"willDoAnimation":false,"animationType":"glow","displayAsButton":false,"buttonSize":"big","goToSlideType":"specified","invisible":false},{"x":58.82352941176471,"y":34.30774193548387,"width":12.418300653594772,"height":48.17204301075269,"action":{"library":"H5P.Image 1.1","params":{"contentName":"Image"},"subContentId":"2e87aba9-cb00-4d2c-9dd6-6e3b74920351","metadata":{"contentType":"Image","license":"U","title":"Untitled Image"}},"backgroundOpacity":0,"willDoAnimation":true,"animationType":"glow","displayAsButton":false,"buttonSize":"big","goToSlideType":"specified","invisible":false,"id":"imga8559bb1-40b6-4b66-9543-332b67c51dd2_0"},{"x":70.80610021786492,"y":62.29161290322581,"width":25.163398692810457,"height":22.79569892473118,"action":{"library":"H5P.Image 1.1","params":{"contentName":"Image"},"subContentId":"c1ff9d2c-f543-4337-a20c-6d019a973133","metadata":{"contentType":"Image","license":"U","title":"Untitled Image"}},"backgroundOpacity":0,"willDoAnimation":true,"animationType":"glow","displayAsButton":false,"buttonSize":"big","goToSlideType":"specified","invisible":false,"id":"imga8559bb1-40b6-4b66-9543-332b67c51dd2_1"},{"x":41.394335511982575,"y":68.81720430107526,"width":20.043572984749456,"height":19.78494623655914,"action":{"library":"H5P.Image 1.1","params":{"contentName":"Image"},"subContentId":"494c3f54-055d-4a05-9872-9e21c9deb507","metadata":{"contentType":"Image","license":"U","title":"Untitled Image"}},"backgroundOpacity":0,"willDoAnimation":true,"animationType":"glow","displayAsButton":false,"buttonSize":"big","goToSlideType":"specified","invisible":false,"id":"imga8559bb1-40b6-4b66-9543-332b67c51dd2_1"}],"slideBackgroundSelector":{}},{"elements":[{"x":45.138888888888886,"y":18.264840182648403,"width":48.61111111111111,"height":69.40639269406392,"action":{"library":"H5P.Image 1.1","params":{"contentName":"Image","file":{"path":"images\/file-61ef411337e88.jpeg","mime":"image\/jpeg","copyright":{"license":"U"},"width":1472,"height":1024}},"metadata":{"contentType":"Image","license":"U","title":"Untitled Image"},"subContentId":"f32b08ee-32fd-43c8-99a7-56cf6b1682cb"},"backgroundOpacity":0,"willDoAnimation":false,"animationType":"glow","displayAsButton":false,"buttonSize":"big","goToSlideType":"specified","invisible":false},{"x":3.2679738562091503,"y":38.70967741935483,"width":40,"height":40,"action":{"library":"H5P.CRAdvancedText 1.1","params":{"text":"<p style=\"text-align: center;\"><span style=\"color:#ffffff;\"><span style=\"font-size:1.625em;\">&amp;ldquo;&nbsp;Uphi unodoli wami?&nbsp;&amp;rdquo;&nbsp; U&amp;ndash;Abi ebuza ikati.<\/span><\/span><\/p>\n"},"subContentId":"81ccd47c-e948-4747-94c3-53bdc14f5d30","metadata":{"contentType":"Text","license":"U","title":"Untitled Text"}},"alwaysDisplayComments":false,"backgroundOpacity":0,"willDoAnimation":false,"animationType":"glow","displayAsButton":false,"buttonSize":"big","goToSlideType":"specified","invisible":false,"solution":""},{"x":47.00435729847495,"y":43.97849462365591,"width":40,"height":40,"action":{"library":"H5P.CRAudio 1.4","params":{"fitToWrapper":true,"currIndex":10,"playerMode":"minimalistic","controls":true,"autoplay":true,"playAudio":"Play audio","pauseAudio":"Pause audio","contentName":"Audio","glowColor":"#ffd85a","timeStampForEachText":[{"text":" \u201c\u00a0Uphi ","startDuration":"0.9041","endDuration":"1.4466","wordfile":[{"path":"audios\/wordfile-64d323053b374.wav","mime":"audio\/x-wav","copyright":{"license":"U"}}]},{"text":" unodoli ","startDuration":"1.4476","endDuration":"2.0654","wordfile":[{"path":"audios\/wordfile-64d3232027641.wav","mime":"audio\/x-wav","copyright":{"license":"U"}}]},{"text":" wami?\u00a0\u201d\u00a0 ","startDuration":"2.0664","endDuration":"2.9924","wordfile":[{"path":"audios\/wordfile-64d3233159351.wav","mime":"audio\/x-wav","copyright":{"license":"U"}}]},{"text":" U\u2013Abi ","startDuration":"3.3838","endDuration":"4.1523","wordfile":[{"path":"audios\/wordfile-64d3234637130.wav","mime":"audio\/x-wav","copyright":{"license":"U"}}]},{"text":" ebuza ","startDuration":"4.3245","endDuration":"4.8670","wordfile":[{"path":"audios\/wordfile-64d32360b4bc4.wav","mime":"audio\/x-wav","copyright":{"license":"U"}}]},{"text":" ikati. ","startDuration":"4.8680","endDuration":"5.9721","wordfile":[{"path":"audios\/wordfile-64d323730c25d.wav","mime":"audio\/x-wav","copyright":{"license":"U"}}]}],"files":[{"path":"audios\/files-64d322f08bf9c.wav","mime":"audio\/x-wav","copyright":{"license":"U"}}]},"subContentId":"15dcee4c-5e6b-461f-82b0-a9630407e2bf","metadata":{"contentType":"Curious Reader Audio","license":"U","title":"Untitled Curious Reader Audio"}},"backgroundOpacity":0,"willDoAnimation":false,"animationType":"glow","displayAsButton":false,"buttonSize":"big","goToSlideType":"specified","invisible":false},{"x":69.71677559912854,"y":32.21763440860215,"width":17.755991285403052,"height":46.02150537634408,"action":{"library":"H5P.Image 1.1","params":{"contentName":"Image"},"subContentId":"e7185fa7-3165-4c33-b384-a610e3eba3f3","metadata":{"contentType":"Image","license":"U","title":"Untitled Image"}},"backgroundOpacity":0,"willDoAnimation":true,"animationType":"glow","displayAsButton":false,"buttonSize":"big","goToSlideType":"specified","invisible":false,"id":"img15dcee4c-5e6b-461f-82b0-a9630407e2bf_3"},{"x":53.37690631808278,"y":51.49204301075269,"width":13.507625272331156,"height":26.666666666666664,"action":{"library":"H5P.Image 1.1","params":{"contentName":"Image"},"subContentId":"37254f0f-a6f9-4c34-842c-d3ea29df1342","metadata":{"contentType":"Image","license":"U","title":"Untitled Image"}},"backgroundOpacity":0,"willDoAnimation":true,"animationType":"glow","displayAsButton":false,"buttonSize":"big","goToSlideType":"specified","invisible":false,"id":"img15dcee4c-5e6b-461f-82b0-a9630407e2bf_5"}],"slideBackgroundSelector":{}},{"elements":[{"x":4.357298474945534,"y":81.57935483870968,"width":90.41394335511983,"height":16.989247311827956,"action":{"library":"H5P.CRAdvancedText 1.1","params":{"text":"<p dir=\"ltr\" style=\"text-align: center;\"><span style=\"font-size:1.75em;\"><span style=\"color:#ffffff;\"><strong>&amp;ldquo;&nbsp;Meow,&nbsp;&amp;rdquo; kusho ikati.<\/strong><\/span><\/span><\/p>\n"},"metadata":{"contentType":"Text","license":"U","title":"Untitled Text"},"subContentId":"e642f554-1d3c-4ef1-8540-53915c20ee47"},"alwaysDisplayComments":false,"backgroundOpacity":0,"willDoAnimation":false,"animationType":"glow","displayAsButton":false,"buttonSize":"big","goToSlideType":"specified","invisible":false,"solution":""},{"x":25.423958333333335,"y":9.118150684931507,"width":49.65277777777777,"height":69.63470319634703,"action":{"library":"H5P.Image 1.1","params":{"contentName":"Image","file":{"path":"images\/file-61ef41647463b.jpeg","mime":"image\/jpeg","copyright":{"license":"U"},"width":1472,"height":1024}},"metadata":{"contentType":"Image","license":"U","title":"Untitled Image"},"subContentId":"4796a448-f78a-4fda-adbb-2b5c9c452f7d"},"backgroundOpacity":0,"willDoAnimation":false,"animationType":"glow","displayAsButton":false,"buttonSize":"big","goToSlideType":"specified","invisible":false},{"x":47.00435729847495,"y":43.97849462365591,"width":40,"height":40,"action":{"library":"H5P.CRAudio 1.4","params":{"fitToWrapper":true,"currIndex":11,"playerMode":"minimalistic","controls":true,"autoplay":true,"playAudio":"Play audio","pauseAudio":"Pause audio","contentName":"Audio","glowColor":"#ffd85a","timeStampForEachText":[{"text":" \u201c\u00a0Meow,\u00a0\u201d ","startDuration":"0.0000","endDuration":"1.2232","wordfile":[{"path":"audios\/wordfile-64d313fbecddb.wav","mime":"audio\/x-wav","copyright":{"license":"U"}}]},{"text":" kusho ","startDuration":"2.0550","endDuration":"2.6005","wordfile":[{"path":"audios\/wordfile-64d314138a85f.wav","mime":"audio\/x-wav","copyright":{"license":"U"}}]},{"text":" ikati. ","startDuration":"2.6015","endDuration":"3.6731","wordfile":[{"path":"audios\/wordfile-64d31422e4121.wav","mime":"audio\/x-wav","copyright":{"license":"U"}}]}],"files":[{"path":"audios\/files-64d313ec53abb.wav","mime":"audio\/x-wav","copyright":{"license":"U"}}]},"subContentId":"03b3a4d5-1580-47e6-8215-72d5e9f59af4","metadata":{"contentType":"Curious Reader Audio","license":"U","title":"Untitled Curious Reader Audio"}},"backgroundOpacity":0,"willDoAnimation":false,"animationType":"glow","displayAsButton":false,"buttonSize":"big","goToSlideType":"specified","invisible":false},{"x":43.57298474945534,"y":51.461720430107526,"width":13.507625272331156,"height":20.21505376344086,"action":{"library":"H5P.Image 1.1","params":{"contentName":"Image"},"subContentId":"134419c7-6c48-4eb1-86cc-c08d23d8417b","metadata":{"contentType":"Image","license":"U","title":"Untitled Image"}},"backgroundOpacity":0,"willDoAnimation":true,"animationType":"glow","displayAsButton":false,"buttonSize":"big","goToSlideType":"specified","invisible":false,"id":"img03b3a4d5-1580-47e6-8215-72d5e9f59af4_2"}],"slideBackgroundSelector":{}},{"elements":[{"x":22.875816993464053,"y":12.903225806451612,"width":51.388888888888886,"height":69.63470319634703,"action":{"library":"H5P.Image 1.1","params":{"contentName":"Image","file":{"path":"images\/file-61ef4227352f2.jpeg","mime":"image\/jpeg","copyright":{"license":"U"},"width":1472,"height":1024}},"metadata":{"contentType":"Image","license":"U","title":"Untitled Image"},"subContentId":"de10e6aa-09fa-4044-8a41-49f05b0066a0"},"backgroundOpacity":0,"willDoAnimation":false,"animationType":"glow","displayAsButton":false,"buttonSize":"big","goToSlideType":"specified","invisible":false},{"x":0,"y":81.67333333333333,"width":100,"height":18.064516129032256,"action":{"library":"H5P.CRAdvancedText 1.1","params":{"text":"<p dir=\"ltr\" style=\"text-align: center;\"><span style=\"color:#ffffff;\"><span style=\"font-size:1.5em;\"><strong>&amp;ldquo;&nbsp;Uphi unodoli wami?&nbsp;&amp;rdquo;&nbsp; U&amp;ndash;Abi ebuza isikhukhukazi.<\/strong><\/span><\/span><\/p>\n"},"subContentId":"6bf0aa10-1343-44ec-8fb6-eeec2ac6e5a7","metadata":{"contentType":"Text","license":"U","title":"Untitled Text"}},"alwaysDisplayComments":false,"backgroundOpacity":0,"willDoAnimation":false,"animationType":"glow","displayAsButton":false,"buttonSize":"big","goToSlideType":"specified","invisible":false,"solution":""},{"x":47.00435729847495,"y":43.97849462365591,"width":40,"height":40,"action":{"library":"H5P.CRAudio 1.4","params":{"fitToWrapper":true,"currIndex":12,"playerMode":"minimalistic","controls":true,"autoplay":true,"playAudio":"Play audio","pauseAudio":"Pause audio","contentName":"Audio","glowColor":"#ffd85a","timeStampForEachText":[{"text":" \u201c\u00a0Uphi ","startDuration":"0.9749","endDuration":"1.5345","wordfile":[{"path":"audios\/wordfile-64d3242e61e73.wav","mime":"audio\/x-wav","copyright":{"license":"U"}}]},{"text":" unodoli ","startDuration":"1.5355","endDuration":"2.2469","wordfile":[{"path":"audios\/wordfile-64d324543f015.wav","mime":"audio\/x-wav","copyright":{"license":"U"}}]},{"text":" wami?\u00a0\u201d\u00a0 ","startDuration":"2.2479","endDuration":"2.9433","wordfile":[{"path":"audios\/wordfile-64d324658fec8.wav","mime":"audio\/x-wav","copyright":{"license":"U"}}]},{"text":" U\u2013Abi ","startDuration":"3.4397","endDuration":"4.3429","wordfile":[{"path":"audios\/wordfile-64d32478f2ba2.wav","mime":"audio\/x-wav","copyright":{"license":"U"}}]},{"text":" ebuza ","startDuration":"4.4957","endDuration":"5.0074","wordfile":[{"path":"audios\/wordfile-64d3249704059.wav","mime":"audio\/x-wav","copyright":{"license":"U"}}]},{"text":" isikhukhukazi. ","startDuration":"5.0084","endDuration":"6.3910","wordfile":[{"path":"audios\/wordfile-64d324ab3eadb.wav","mime":"audio\/x-wav","copyright":{"license":"U"}}]}],"files":[{"path":"audios\/files-64d32415b1f81.wav","mime":"audio\/x-wav","copyright":{"license":"U"}}]},"subContentId":"1fe2cf4f-7158-422b-ba1b-c27c5172b347","metadata":{"contentType":"Curious Reader Audio","license":"U","title":"Untitled Curious Reader Audio"}},"backgroundOpacity":0,"willDoAnimation":false,"animationType":"glow","displayAsButton":false,"buttonSize":"big","goToSlideType":"specified","invisible":false},{"x":40.305010893246184,"y":29.919354838709676,"width":14.596949891067538,"height":40,"action":{"library":"H5P.Image 1.1","params":{"contentName":"Image"},"subContentId":"fd12cecf-ff68-41fe-891b-df273528d98a","metadata":{"contentType":"Image","license":"U","title":"Untitled Image"}},"backgroundOpacity":0,"willDoAnimation":true,"animationType":"glow","displayAsButton":false,"buttonSize":"big","goToSlideType":"specified","invisible":false,"id":"img1fe2cf4f-7158-422b-ba1b-c27c5172b347_3"},{"x":28.322440087145967,"y":53.69634408602151,"width":9.15032679738562,"height":18.064516129032256,"action":{"library":"H5P.Image 1.1","params":{"contentName":"Image"},"subContentId":"09900cef-67e8-4fbf-a5b1-2bc811241d4f","metadata":{"contentType":"Image","license":"U","title":"Untitled Image"}},"backgroundOpacity":0,"willDoAnimation":true,"animationType":"glow","displayAsButton":false,"buttonSize":"big","goToSlideType":"specified","invisible":false,"id":"img1fe2cf4f-7158-422b-ba1b-c27c5172b347_5"}],"slideBackgroundSelector":{}},{"elements":[{"x":1.0893246187363834,"y":79.42881720430107,"width":98.91067538126362,"height":17.849462365591396,"action":{"library":"H5P.CRAdvancedText 1.1","params":{"text":"<p dir=\"ltr\" style=\"text-align: center;\"><span style=\"color:#ffffff;\"><span style=\"font-size:1.75em;\"><strong>&amp;ldquo;&nbsp;Ku - ku - ku,&nbsp;&amp;rdquo; kusho isikhukhukazi.<\/strong><\/span><\/span><\/p>\n"},"metadata":{"contentType":"Text","license":"U","title":"Untitled Text"},"subContentId":"c51dcd9e-7edb-4e3f-a732-eb83171f9f84"},"alwaysDisplayComments":false,"backgroundOpacity":0,"willDoAnimation":false,"animationType":"glow","displayAsButton":false,"buttonSize":"big","goToSlideType":"specified","invisible":false,"solution":""},{"x":26.041666666666664,"y":9.817351598173516,"width":46.875,"height":68.4931506849315,"action":{"library":"H5P.Image 1.1","params":{"contentName":"Image","file":{"path":"images\/file-61ef428f3c6ba.jpeg","mime":"image\/jpeg","copyright":{"license":"U"},"width":1472,"height":1024}},"metadata":{"contentType":"Image","license":"U","title":"Untitled Image"},"subContentId":"a552ad47-969f-4430-a0e3-0cecf80ed29d"},"backgroundOpacity":0,"willDoAnimation":false,"animationType":"glow","displayAsButton":false,"buttonSize":"big","goToSlideType":"specified","invisible":false},{"x":47.00435729847495,"y":43.97849462365591,"width":40,"height":40,"action":{"library":"H5P.CRAudio 1.4","params":{"fitToWrapper":true,"currIndex":13,"playerMode":"minimalistic","controls":true,"autoplay":true,"playAudio":"Play audio","pauseAudio":"Pause audio","contentName":"Audio","glowColor":"#ffd85a","timeStampForEachText":[{"text":" \u201c\u00a0Ku ","startDuration":"0.0000","endDuration":"1.6612","wordfile":[{"path":"audios\/wordfile-64d30e49bb72d.wav","mime":"audio\/x-wav","copyright":{"license":"U"}}]},{"text":" ku ","startDuration":"1.6622","endDuration":"2.1270","wordfile":[{"path":"audios\/wordfile-64d30e5f08340.wav","mime":"audio\/x-wav","copyright":{"license":"U"}}]},{"text":" ku,\u00a0\u201d ","startDuration":"2.1280","endDuration":"2.9307","wordfile":[{"path":"audios\/wordfile-64d30e7351f35.wav","mime":"audio\/x-wav","copyright":{"license":"U"}}]},{"text":" kusho ","startDuration":"3.6898","endDuration":"5.1775","wordfile":[{"path":"audios\/wordfile-64d30ec133a81.wav","mime":"audio\/x-wav","copyright":{"license":"U"}}]},{"text":" isikhukhukazi. ","startDuration":"5.1785","endDuration":"8.0000","wordfile":[{"path":"audios\/wordfile-64d30ede271ff.wav","mime":"audio\/x-wav","copyright":{"license":"U"}}]}],"files":[{"path":"audios\/files-64d30e2e64dd5.wav","mime":"audio\/x-wav","copyright":{"license":"U"}}]},"subContentId":"376ad2e3-8595-4174-98af-70c0f5dba9df","metadata":{"contentType":"Curious Reader Audio","license":"U","title":"Untitled Curious Reader Audio"}},"backgroundOpacity":0,"willDoAnimation":false,"animationType":"glow","displayAsButton":false,"buttonSize":"big","goToSlideType":"specified","invisible":false},{"x":54.46623093681917,"y":45.053763440860216,"width":6.971677559912854,"height":15.913978494623654,"action":{"library":"H5P.Image 1.1","params":{"contentName":"Image"},"subContentId":"b9787db3-9e4b-41f8-bf3a-d31fc655d38b","metadata":{"contentType":"Image","license":"U","title":"Untitled Image"}},"backgroundOpacity":0,"willDoAnimation":true,"animationType":"glow","displayAsButton":false,"buttonSize":"big","goToSlideType":"specified","invisible":false,"id":"img376ad2e3-8595-4174-98af-70c0f5dba9df_4"}],"slideBackgroundSelector":{}},{"elements":[{"x":25.462962962962962,"y":9.132420091324201,"width":48.61111111111111,"height":67.8082191780822,"action":{"library":"H5P.Image 1.1","params":{"contentName":"Image","file":{"path":"images\/file-61ef430c0d077.jpeg","mime":"image\/jpeg","copyright":{"license":"U"},"width":1472,"height":1024}},"metadata":{"contentType":"Image","license":"U","title":"Untitled Image"},"subContentId":"42f44229-0dac-467c-b39f-55a14f954207"},"backgroundOpacity":0,"willDoAnimation":false,"animationType":"glow","displayAsButton":false,"buttonSize":"big","goToSlideType":"specified","invisible":false},{"x":1.0893246187363834,"y":79.52279569892472,"width":95.86056644880175,"height":20.21505376344086,"action":{"library":"H5P.CRAdvancedText 1.1","params":{"text":"<p dir=\"ltr\" style=\"text-align: center;\"><span style=\"color:#ffffff;\"><span style=\"font-size:1.625em;\"><strong>&amp;ldquo;&nbsp;Uphi unodoli wami?&amp;rdquo;&nbsp; U&amp;ndash;Abi ebuza inja.<\/strong><\/span><\/span><\/p>\n"},"subContentId":"ddc0c771-81a5-4f69-8746-5bd78919660e","metadata":{"contentType":"Text","license":"U","title":"Untitled Text"}},"alwaysDisplayComments":false,"backgroundOpacity":0,"willDoAnimation":false,"animationType":"glow","displayAsButton":false,"buttonSize":"big","goToSlideType":"specified","invisible":false,"solution":""},{"x":47.00435729847495,"y":43.97849462365591,"width":40,"height":40,"action":{"library":"H5P.CRAudio 1.4","params":{"fitToWrapper":true,"currIndex":14,"playerMode":"minimalistic","controls":true,"autoplay":true,"playAudio":"Play audio","pauseAudio":"Pause audio","contentName":"Audio","glowColor":"#ffd85a","timeStampForEachText":[{"text":" \u201c\u00a0Uphi ","startDuration":"1.0342","endDuration":"1.5562","wordfile":[{"path":"audios\/wordfile-64d325838b253.wav","mime":"audio\/x-wav","copyright":{"license":"U"}}]},{"text":" unodoli ","startDuration":"1.5572","endDuration":"2.2024","wordfile":[{"path":"audios\/wordfile-64d325a6afdf6.wav","mime":"audio\/x-wav","copyright":{"license":"U"}}]},{"text":" wami?\u201d\u00a0 ","startDuration":"2.2034","endDuration":"2.8692","wordfile":[{"path":"audios\/wordfile-64d325b929f7c.wav","mime":"audio\/x-wav","copyright":{"license":"U"}}]},{"text":" U\u2013Abi ","startDuration":"3.3360","endDuration":"4.0976","wordfile":[{"path":"audios\/wordfile-64d325cd38363.wav","mime":"audio\/x-wav","copyright":{"license":"U"}}]},{"text":" ebuza ","startDuration":"4.2972","endDuration":"4.8260","wordfile":[{"path":"audios\/wordfile-64d325df3ad5c.wav","mime":"audio\/x-wav","copyright":{"license":"U"}}]},{"text":" inja. ","startDuration":"4.8270","endDuration":"6.0000","wordfile":[{"path":"audios\/wordfile-64d325f12c152.wav","mime":"audio\/x-wav","copyright":{"license":"U"}}]}],"files":[{"path":"audios\/files-64d325713b477.wav","mime":"audio\/x-wav","copyright":{"license":"U"}}]},"subContentId":"683d4e1e-7c85-4b71-b394-d7cb54ec234f","metadata":{"contentType":"Curious Reader Audio","license":"U","title":"Untitled Curious Reader Audio"}},"backgroundOpacity":0,"willDoAnimation":false,"animationType":"glow","displayAsButton":false,"buttonSize":"big","goToSlideType":"specified","invisible":false},{"x":47.930283224400874,"y":25.806451612903224,"width":12.418300653594772,"height":44.086021505376344,"action":{"library":"H5P.Image 1.1","params":{"contentName":"Image"},"subContentId":"45183c0f-8350-49aa-9cd3-287ae0be767a","metadata":{"contentType":"Image","license":"U","title":"Untitled Image"}},"backgroundOpacity":0,"willDoAnimation":true,"animationType":"glow","displayAsButton":false,"buttonSize":"big","goToSlideType":"specified","invisible":false,"id":"img683d4e1e-7c85-4b71-b394-d7cb54ec234f_3"},{"x":33.7673202614379,"y":38.66258064516129,"width":16.775599128540307,"height":31.18279569892473,"action":{"library":"H5P.Image 1.1","params":{"contentName":"Image"},"subContentId":"f16be46f-2969-4b6f-a6fb-cafad409e1d0","metadata":{"contentType":"Image","license":"U","title":"Untitled Image"}},"backgroundOpacity":0,"willDoAnimation":true,"animationType":"glow","displayAsButton":false,"buttonSize":"big","goToSlideType":"specified","invisible":false,"id":"img683d4e1e-7c85-4b71-b394-d7cb54ec234f_5"}],"slideBackgroundSelector":{}},{"elements":[{"x":2.7777777777777777,"y":36.53569892473118,"width":42.81045751633987,"height":52.47311827956989,"action":{"library":"H5P.CRAdvancedText 1.1","params":{"text":"<p style=\"text-align: center;\"><span style=\"color:#ffffff;\"><span style=\"font-size:1.75em;\"><strong>&amp;ldquo;&nbsp;Woof woof woof &amp;rdquo; kusho inja. Inja yamthola unodoli.<\/strong><\/span><\/span><\/p>\n"},"metadata":{"contentType":"Text","license":"U","title":"Untitled Text"},"subContentId":"b511544d-a0ee-4774-9583-6fd785fe3f4e"},"alwaysDisplayComments":false,"backgroundOpacity":0,"willDoAnimation":false,"animationType":"glow","displayAsButton":false,"buttonSize":"big","goToSlideType":"specified","invisible":false,"solution":""},{"x":46.84095860566449,"y":17.204301075268816,"width":48.61111111111111,"height":68.94977168949772,"action":{"library":"H5P.Image 1.1","params":{"contentName":"Image","file":{"path":"images\/file-61ef4ba5e2239.jpeg","mime":"image\/jpeg","copyright":{"license":"U"},"width":1472,"height":1024}},"metadata":{"contentType":"Image","license":"U","title":"Untitled Image"},"subContentId":"b63dec76-841b-495d-9c50-72b9a12cd00c"},"backgroundOpacity":0,"willDoAnimation":false,"animationType":"glow","displayAsButton":false,"buttonSize":"big","goToSlideType":"specified","invisible":false},{"x":47.00435729847495,"y":43.97849462365591,"width":40,"height":40,"action":{"library":"H5P.CRAudio 1.4","params":{"fitToWrapper":true,"currIndex":15,"playerMode":"minimalistic","controls":true,"autoplay":true,"playAudio":"Play audio","pauseAudio":"Pause audio","contentName":"Audio","glowColor":"#ffd85a","timeStampForEachText":[{"text":" \u201c\u00a0Woof ","startDuration":"1.0959","endDuration":"1.7525","wordfile":[{"path":"audios\/wordfile-64d31594382ea.wav","mime":"audio\/x-wav","copyright":{"license":"U"}}]},{"text":" woof ","startDuration":"1.7535","endDuration":"2.3302","wordfile":[{"path":"audios\/wordfile-64d315a0bc02b.wav","mime":"audio\/x-wav","copyright":{"license":"U"}}]},{"text":" woof \u201d ","startDuration":"2.5367","endDuration":"2.9079","wordfile":[{"path":"audios\/wordfile-64d315b01b1e5.wav","mime":"audio\/x-wav","copyright":{"license":"U"}}]},{"text":" kusho ","startDuration":"4.5413","endDuration":"5.1979","wordfile":[{"path":"audios\/wordfile-64d315ca65124.wav","mime":"audio\/x-wav","copyright":{"license":"U"}}]},{"text":" inja. ","startDuration":"5.1989","endDuration":"5.8669","wordfile":[{"path":"audios\/wordfile-64d315dd00e7e.wav","mime":"audio\/x-wav","copyright":{"license":"U"}}]},{"text":" Inja ","startDuration":"6.9980","endDuration":"7.6547","wordfile":[{"path":"audios\/wordfile-64d315ec54f35.wav","mime":"audio\/x-wav","copyright":{"license":"U"}}]},{"text":" yamthola ","startDuration":"7.9525","endDuration":"8.8260","wordfile":[{"path":"audios\/wordfile-64d316037a5e4.wav","mime":"audio\/x-wav","copyright":{"license":"U"}}]},{"text":" unodoli. ","startDuration":"8.8270","endDuration":"9.8832","wordfile":[{"path":"audios\/wordfile-64d3161403471.wav","mime":"audio\/x-wav","copyright":{"license":"U"}}]}],"files":[{"path":"audios\/files-64d3157fec66e.wav","mime":"audio\/x-wav","copyright":{"license":"U"}}]},"subContentId":"f18dbd59-771b-4226-8805-0b93321a0f5f","metadata":{"contentType":"Curious Reader Audio","license":"U","title":"Untitled Curious Reader Audio"}},"backgroundOpacity":0,"willDoAnimation":false,"animationType":"glow","displayAsButton":false,"buttonSize":"big","goToSlideType":"specified","invisible":false},{"x":46.84095860566449,"y":60.21505376344086,"width":18.954248366013072,"height":15.913978494623654,"action":{"library":"H5P.Image 1.1","params":{"contentName":"Image"},"subContentId":"75205c84-d13f-4298-8ecf-6ddab39640f5","metadata":{"contentType":"Image","license":"U","title":"Untitled Image"}},"backgroundOpacity":0,"willDoAnimation":true,"animationType":"glow","displayAsButton":false,"buttonSize":"big","goToSlideType":"specified","invisible":false,"id":"imgf18dbd59-771b-4226-8805-0b93321a0f5f_4"},{"x":78.43137254901961,"y":57.93010752688173,"width":3.7037037037037037,"height":15.913978494623654,"action":{"library":"H5P.Image 1.1","params":{"contentName":"Image"},"subContentId":"5e111765-6f0e-47b4-a144-6a780a2c9f61","metadata":{"contentType":"Image","license":"U","title":"Untitled Image"}},"backgroundOpacity":0,"willDoAnimation":true,"animationType":"glow","displayAsButton":false,"buttonSize":"big","goToSlideType":"specified","invisible":false,"id":"imgf18dbd59-771b-4226-8805-0b93321a0f5f_7"},{"x":46.84095860566449,"y":60.17806451612903,"width":18.954248366013072,"height":15.698924731182794,"action":{"library":"H5P.Image 1.1","params":{"contentName":"Image"},"subContentId":"3235d41c-1458-4190-9c89-1a55e71c3a2d","metadata":{"contentType":"Image","license":"U","title":"Untitled Image"}},"backgroundOpacity":0,"willDoAnimation":true,"animationType":"glow","displayAsButton":false,"buttonSize":"big","goToSlideType":"specified","invisible":false,"id":"imgf18dbd59-771b-4226-8805-0b93321a0f5f_5"}],"slideBackgroundSelector":{}},{"elements":[{"x":68.87755102040816,"y":5.037783375314861,"width":25.510204081632654,"height":10.327455919395465,"action":{"library":"H5P.Image 1.1","params":{"contentName":"Image","file":{"path":"images\/file-61fb28cb969ac.jpg","mime":"image\/jpeg","copyright":{"license":"U"},"width":1732,"height":354}},"metadata":{"contentType":"Image","license":"U","title":"Untitled Image"},"subContentId":"3ddcf391-a7ca-490e-afe3-7c9f9649c085"},"backgroundOpacity":0,"willDoAnimation":false,"animationType":"glow","displayAsButton":false,"buttonSize":"big","goToSlideType":"specified","invisible":false},{"x":36.98979591836735,"y":5.037783375314861,"width":22.95918367346939,"height":12.594458438287154,"action":{"library":"H5P.Image 1.1","params":{"contentName":"Image","file":{"path":"images\/file-61fb29a5596cb.png","mime":"image\/png","copyright":{"license":"U"},"width":814,"height":202}},"metadata":{"contentType":"Image","license":"U","title":"Untitled Image"},"subContentId":"c8bfa72b-e3a6-48a9-8831-366d1c8703eb"},"backgroundOpacity":0,"willDoAnimation":false,"animationType":"glow","displayAsButton":false,"buttonSize":"big","goToSlideType":"specified","invisible":false},{"x":3.826530612244898,"y":5.0338539042821155,"width":17.857142857142858,"height":12.846347607052897,"action":{"library":"H5P.Image 1.1","params":{"contentName":"Image","file":{"path":"images\/file-61fb296cf2c04.png","mime":"image\/png","copyright":{"license":"U"},"width":1350,"height":487}},"metadata":{"contentType":"Image","license":"U","title":"Untitled Image"},"subContentId":"ef1eb10b-04f4-45a7-9ac9-d816e125fb29"},"backgroundOpacity":0,"willDoAnimation":false,"animationType":"glow","displayAsButton":false,"buttonSize":"big","goToSlideType":"specified","invisible":false},{"x":6.535,"y":25.181057934508814,"width":86.86224489795919,"height":70.27707808564232,"action":{"library":"H5P.CRAdvancedText 1.1","params":{"text":"<h3 style=\"text-align: center;\"><span style=\"font-size:0.75em;\"><strong>\"<\/strong>Umdoli Lolahlekile<strong>\" credits<\/strong><\/span><\/h3>\n\n<h3 style=\"text-align: center;\"><span style=\"font-size:0.75em;\">This work, \"Umdoli Lolahlekile\", is a derivative of \"The Lost Doll\" as translated by Alisha Berger and used under CC BY. The \u00a9 for this translation lies with Room to Read, 2015.&nbsp;\"The Lost Doll\" is based on the original story:&nbsp;'Umdoli Lolahlekile', by Moleboge Shibboleth Poho. \u00a9 Room to Read, 2015.<\/span><\/h3>\n\n<h3 style=\"text-align: center;\"><span style=\"font-size:0.75em;\">This work, \"The Lost Doll\" is licensed under CC BY 4.0 by Curious Learning.<\/span><\/h3>\n\n<h3 style=\"text-align: center;\"><br>\n<span style=\"font-size:0.75em;\">Book builder - Abraham Jerry Kakooza<\/span><\/h3>\n\n<p style=\"text-align: center;\">&nbsp;<\/p>\n"},"metadata":{"contentType":"Text","license":"U","title":"Untitled Text"},"subContentId":"816d08a5-61c7-4cb6-bd45-d127b486d869"},"alwaysDisplayComments":false,"backgroundOpacity":0,"willDoAnimation":false,"animationType":"glow","displayAsButton":false,"buttonSize":"big","goToSlideType":"specified","invisible":false,"solution":""}],"slideBackgroundSelector":{}}],"keywordListEnabled":true,"globalBackgroundSelector":{},"keywordListAlwaysShow":false,"keywordListAutoHide":false,"keywordListOpacity":90},"override":{"activeSurface":false,"hideSummarySlide":false,"summarySlideSolutionButton":true,"summarySlideRetryButton":true,"enablePrintButton":false,"social":{"showFacebookShare":false,"facebookShare":{"url":"@currentpageurl","quote":"I scored @score out of @maxScore on a task at @currentpageurl."},"showTwitterShare":false,"twitterShare":{"statement":"I scored @score out of @maxScore on a task at @currentpageurl.","url":"@currentpageurl","hashtags":"h5p, course"},"showGoogleShare":false,"googleShareUrl":"@currentpageurl"}},"l10n":{"slide":"Slide","score":"Score","yourScore":"Your Score","maxScore":"Max Score","total":"Total","totalScore":"Total Score","showSolutions":"Show solutions","retry":"Retry","exportAnswers":"Export text","hideKeywords":"Hide sidebar navigation menu","showKeywords":"Show sidebar navigation menu","fullscreen":"Fullscreen","exitFullscreen":"Exit fullscreen","prevSlide":"Previous slide","nextSlide":"Next slide","currentSlide":"Current slide","lastSlide":"Last slide","solutionModeTitle":"Exit solution mode","solutionModeText":"Solution Mode","summaryMultipleTaskText":"Multiple tasks","scoreMessage":"You achieved:","shareFacebook":"Share on Facebook","shareTwitter":"Share on Twitter","shareGoogle":"Share on Google+","summary":"Summary","solutionsButtonTitle":"Show comments","printTitle":"Print","printIngress":"How would you like to print this presentation?","printAllSlides":"Print all slides","printCurrentSlide":"Print current slide","noTitle":"No title","accessibilitySlideNavigationExplanation":"Use left and right arrow to change slide in that direction whenever canvas is selected.","accessibilityCanvasLabel":"Presentation canvas. Use left and right arrow to move between slides.","containsNotCompleted":"@slideName contains not completed interaction","containsCompleted":"@slideName contains completed interaction","slideCount":"Slide @index of @total","containsOnlyCorrect":"@slideName only has correct answers","containsIncorrectAnswers":"@slideName has incorrect answers","shareResult":"Share Result","accessibilityTotalScore":"You got @score of @maxScore points in total","accessibilityEnteredFullscreen":"Entered fullscreen","accessibilityExitedFullscreen":"Exited fullscreen"}}