{"presentation":{"slides":[{"elements":[{"x":11.982570806100219,"y":83.87096774193547,"width":78.86710239651417,"height":15.053763440860214,"action":{"library":"H5P.CRAdvancedText 1.1","params":{"text":"<p dir=\"ltr\" style=\"text-align: center;\"><span style=\"font-size:1.75em;\">Uwanja wa michezo<\/span><\/p>\n"},"subContentId":"90697ea5-581d-4cce-b8d5-c3e964c80fe3","metadata":{"contentType":"Text","license":"U","title":"Untitled Text"}},"alwaysDisplayComments":false,"backgroundOpacity":0,"willDoAnimation":false,"animationType":"glow","displayAsButton":false,"buttonSize":"big","goToSlideType":"specified","invisible":false,"solution":""},{"x":3.2679738562091507,"y":4.29436559139785,"width":91.28540305010894,"height":77.41935483870967,"action":{"library":"H5P.Image 1.1","params":{"contentName":"Image","file":{"path":"images\/file-65771e0ae63e0.jpg","mime":"image\/jpeg","copyright":{"license":"U"},"width":1024,"height":490}},"subContentId":"4b5f1fe6-22a7-4ade-bfe5-6c2a6969447d","metadata":{"contentType":"Image","license":"U","title":"Untitled Image"}},"backgroundOpacity":0,"willDoAnimation":false,"animationType":"glow","displayAsButton":false,"buttonSize":"big","goToSlideType":"specified","invisible":false}],"slideBackgroundSelector":{}},{"elements":[{"x":7.625272331154684,"y":2.150537634408602,"width":39.97821350762527,"height":95.69892473118279,"action":{"library":"H5P.Image 1.1","params":{"contentName":"Image","file":{"path":"images\/file-6577290f7836f.jpeg","mime":"image\/jpeg","copyright":{"license":"U"},"width":1024,"height":1472}},"subContentId":"476fadde-9027-4ab4-aca7-b46b802384a1","metadata":{"contentType":"Image","license":"U","title":"Untitled Image"}},"backgroundOpacity":0,"willDoAnimation":false,"animationType":"glow","displayAsButton":false,"buttonSize":"big","goToSlideType":"specified","invisible":false},{"x":49.63235294117647,"y":37.892,"width":43.93382352941176,"height":40,"action":{"library":"H5P.CRAdvancedText 1.1","params":{"text":"<p dir=\"ltr\" style=\"text-align: center;\"><span style=\"font-size:1.75em;\"><span style=\"color:#ffffff;\">Tunataka kwenda kwenye uwanja wa michezo.<\/span><\/span><\/p>\n"},"subContentId":"4a13a470-f3c0-45b7-bbb6-948224693b56","metadata":{"contentType":"Text","license":"U","title":"Untitled Text"}},"alwaysDisplayComments":false,"backgroundOpacity":0,"willDoAnimation":false,"animationType":"glow","displayAsButton":false,"buttonSize":"big","goToSlideType":"specified","invisible":false,"solution":""},{"x":46.96691176470588,"y":44,"width":40,"height":40,"action":{"library":"H5P.CRAudio 1.4","params":{"fitToWrapper":true,"currIndex":1,"playerMode":"minimalistic","controls":true,"autoplay":true,"playAudio":"Play audio","pauseAudio":"Pause audio","contentName":"Audio","glowColor":"#ffd85a","timeStampForEachText":[{"text":" Tunataka ","startDuration":"0.0000","endDuration":"1.4270","wordfile":[{"path":"audios\/wordfile-66ac888177d4f.mp3","mime":"audio\/mpeg","copyright":{"license":"U"}}]},{"text":" kwenda ","startDuration":"1.5030","endDuration":"2.2088","wordfile":[{"path":"audios\/wordfile-66bce03b4e1da.mp3","mime":"audio\/mpeg","copyright":{"license":"U"}}]},{"text":" kwenye ","startDuration":"2.2098","endDuration":"2.8219","wordfile":[{"path":"audios\/wordfile-670f7f1eb9683.mp3","mime":"audio\/mpeg","copyright":{"license":"U"}}]},{"text":" uwanja ","startDuration":"2.8229","endDuration":"3.4257","wordfile":[{"path":"audios\/wordfile-66ac88de0539c.mp3","mime":"audio\/mpeg","copyright":{"license":"U"}}]},{"text":" wa ","startDuration":"3.4267","endDuration":"3.6829","wordfile":[{"path":"audios\/wordfile-670f7efee054d.mp3","mime":"audio\/mpeg","copyright":{"license":"U"}}]},{"text":" michezo. ","startDuration":"3.6839","endDuration":"4.5021","wordfile":[{"path":"audios\/wordfile-66ac890b29c99.mp3","mime":"audio\/mpeg","copyright":{"license":"U"}}]}],"files":[{"path":"audios\/files-66ac84d3715a0.mp3","mime":"audio\/mpeg","copyright":{"license":"U"}}]},"subContentId":"b47cf178-c2e3-46f7-8ad1-eeb73b086ffe","metadata":{"contentType":"Curious Reader Audio","license":"U","title":"Untitled Curious Reader Audio"}},"backgroundOpacity":0,"willDoAnimation":false,"animationType":"glow","displayAsButton":false,"buttonSize":"big","goToSlideType":"specified","invisible":false},{"x":12.867647058823529,"y":36.41490909090909,"width":18.75,"height":42.54545454545455,"action":{"library":"H5P.Image 1.1","params":{"contentName":"Image"},"subContentId":"09f10bbf-d2ae-4158-9d12-f1ac994d5d2b","metadata":{"contentType":"Image","license":"U","title":"Untitled Image"}},"backgroundOpacity":0,"willDoAnimation":true,"animationType":"glow","displayAsButton":false,"buttonSize":"big","goToSlideType":"specified","invisible":false,"id":"imgb47cf178-c2e3-46f7-8ad1-eeb73b086ffe_0"},{"x":20.22058823529412,"y":40.113454545454545,"width":30.698529411764703,"height":33.81818181818182,"action":{"library":"H5P.Image 1.1","params":{"contentName":"Image"},"subContentId":"65ade7ce-17cc-47fa-8e67-7af6e2996e94","metadata":{"contentType":"Image","license":"U","title":"Untitled Image"}},"backgroundOpacity":0,"willDoAnimation":true,"animationType":"glow","displayAsButton":false,"buttonSize":"big","goToSlideType":"specified","invisible":false,"id":"imgb47cf178-c2e3-46f7-8ad1-eeb73b086ffe_3"},{"x":20.22058823529412,"y":40.113454545454545,"width":28.860294117647058,"height":35.27272727272727,"action":{"library":"H5P.Image 1.1","params":{"contentName":"Image"},"subContentId":"29c369c9-ab2a-41ea-96f5-73ecc5a0a58c","metadata":{"contentType":"Image","license":"U","title":"Untitled Image"}},"backgroundOpacity":0,"willDoAnimation":true,"animationType":"glow","displayAsButton":false,"buttonSize":"big","goToSlideType":"specified","invisible":false,"id":"imgb47cf178-c2e3-46f7-8ad1-eeb73b086ffe_5"}],"slideBackgroundSelector":{}},{"elements":[{"x":49.632352941176464,"y":29.09090909090909,"width":45.955882352941174,"height":41.09090909090909,"action":{"library":"H5P.CRAdvancedText 1.1","params":{"text":"<p dir=\"ltr\" style=\"text-align: center;\"><span style=\"color:#ffffff;\"><span style=\"font-size:1.75em;\">Tunafikaje huko?<\/span><\/span><\/p>\n"},"subContentId":"2994eb57-730b-4fd4-9251-e065d99b0ad4","metadata":{"contentType":"Text","license":"U","title":"Untitled Text"}},"alwaysDisplayComments":false,"backgroundOpacity":0,"willDoAnimation":false,"animationType":"glow","displayAsButton":false,"buttonSize":"big","goToSlideType":"specified","invisible":false,"solution":""},{"x":5.446623093681917,"y":2.150537634408602,"width":39.97821350762527,"height":95.69892473118279,"action":{"library":"H5P.Image 1.1","params":{"contentName":"Image","file":{"path":"images\/file-65771ef884e6f.jpg","mime":"image\/jpeg","copyright":{"license":"U"},"width":1024,"height":1472}},"subContentId":"9331eab1-1659-4721-afea-f39be84615c0","metadata":{"contentType":"Image","license":"U","title":"Untitled Image"}},"backgroundOpacity":0,"willDoAnimation":false,"animationType":"glow","displayAsButton":false,"buttonSize":"big","goToSlideType":"specified","invisible":false},{"x":46.96691176470588,"y":44,"width":40,"height":40,"action":{"library":"H5P.CRAudio 1.4","params":{"fitToWrapper":true,"currIndex":2,"playerMode":"minimalistic","controls":true,"autoplay":true,"playAudio":"Play audio","pauseAudio":"Pause audio","contentName":"Audio","glowColor":"#ffd85a","timeStampForEachText":[{"text":" Tunafikaje ","startDuration":"0.0000","endDuration":"0.9482","wordfile":[{"path":"audios\/wordfile-66ac8967380fc.mp3","mime":"audio\/mpeg","copyright":{"license":"U"}}]},{"text":" huko? ","startDuration":"0.9483","endDuration":"1.8554","wordfile":[{"path":"audios\/wordfile-66ac8991a47a7.mp3","mime":"audio\/mpeg","copyright":{"license":"U"}}]}],"files":[{"path":"audios\/files-66ac8951b75ed.mp3","mime":"audio\/mpeg","copyright":{"license":"U"}}]},"subContentId":"5c89b678-78c1-42be-8ebe-2a90a2abb458","metadata":{"contentType":"Curious Reader Audio","license":"U","title":"Untitled Curious Reader Audio"}},"backgroundOpacity":0,"willDoAnimation":false,"animationType":"glow","displayAsButton":false,"buttonSize":"big","goToSlideType":"specified","invisible":false},{"x":9.191176470588236,"y":36.465818181818186,"width":32.53676470588235,"height":49.81818181818182,"action":{"library":"H5P.Image 1.1","params":{"contentName":"Image"},"subContentId":"a4036810-f583-46cf-b597-3e133ac7627a","metadata":{"contentType":"Image","license":"U","title":"Untitled Image"}},"backgroundOpacity":0,"willDoAnimation":true,"animationType":"glow","displayAsButton":false,"buttonSize":"big","goToSlideType":"specified","invisible":false,"id":"img5c89b678-78c1-42be-8ebe-2a90a2abb458_0"}],"slideBackgroundSelector":{}},{"elements":[{"x":6.5359477124183005,"y":2.150537634408602,"width":39.97821350762527,"height":95.69892473118279,"action":{"library":"H5P.Image 1.1","params":{"contentName":"Image","file":{"path":"images\/file-65772c8628500.jpg","mime":"image\/jpeg","copyright":{"license":"U"},"width":1024,"height":1472}},"subContentId":"2f88d6e3-5665-4070-aed0-828e48dd7710","metadata":{"contentType":"Image","license":"U","title":"Untitled Image"}},"backgroundOpacity":0,"willDoAnimation":false,"animationType":"glow","displayAsButton":false,"buttonSize":"big","goToSlideType":"specified","invisible":false},{"x":49.632352941176464,"y":21.818181818181817,"width":43.75,"height":38.18181818181818,"action":{"library":"H5P.CRAdvancedText 1.1","params":{"text":"<p dir=\"ltr\" style=\"text-align: center;\"><span style=\"font-size:1.75em;\"><span style=\"color:#ffffff;\">Tunaweza kuendesha baiskeli.<\/span><\/span><\/p>\n"},"subContentId":"f51953f7-a46d-4f4d-acca-e11882a3527e","metadata":{"contentType":"Text","license":"U","title":"Untitled Text"}},"alwaysDisplayComments":false,"backgroundOpacity":0,"willDoAnimation":false,"animationType":"glow","displayAsButton":false,"buttonSize":"big","goToSlideType":"specified","invisible":false,"solution":""},{"x":46.96691176470588,"y":44,"width":40,"height":40,"action":{"library":"H5P.CRAudio 1.4","params":{"fitToWrapper":true,"currIndex":3,"playerMode":"minimalistic","controls":true,"autoplay":true,"playAudio":"Play audio","pauseAudio":"Pause audio","contentName":"Audio","glowColor":"#ffd85a","timeStampForEachText":[{"text":" Tunaweza ","startDuration":"0.0000","endDuration":"1.2180","wordfile":[{"path":"audios\/wordfile-66ac89dc05ce1.mp3","mime":"audio\/mpeg","copyright":{"license":"U"}}]},{"text":" kuendesha ","startDuration":"1.2190","endDuration":"2.1860","wordfile":[{"path":"audios\/wordfile-66ac89ed6e6df.mp3","mime":"audio\/mpeg","copyright":{"license":"U"}}]},{"text":" baiskeli. ","startDuration":"2.1870","endDuration":"3.3981","wordfile":[{"path":"audios\/wordfile-66ac8a4089cf6.mp3","mime":"audio\/mpeg","copyright":{"license":"U"}}]}],"files":[{"path":"audios\/files-66ac89b6eeb06.mp3","mime":"audio\/mpeg","copyright":{"license":"U"}}]},"subContentId":"305ae7dc-11e8-4c86-bd9a-366b396cd465","metadata":{"contentType":"Curious Reader Audio","license":"U","title":"Untitled Curious Reader Audio"}},"backgroundOpacity":0,"willDoAnimation":false,"animationType":"glow","displayAsButton":false,"buttonSize":"big","goToSlideType":"specified","invisible":false},{"x":9.191176470588236,"y":54.77563636363637,"width":34.92647058823529,"height":35.27272727272727,"action":{"library":"H5P.Image 1.1","params":{"contentName":"Image"},"subContentId":"0475d0c9-b275-4806-a3d4-7a3ae68295cd","metadata":{"contentType":"Image","license":"U","title":"Untitled Image"}},"backgroundOpacity":0,"willDoAnimation":true,"animationType":"glow","displayAsButton":false,"buttonSize":"big","goToSlideType":"specified","invisible":false,"id":"img305ae7dc-11e8-4c86-bd9a-366b396cd465_2"}],"slideBackgroundSelector":{}},{"elements":[{"x":5.446623093681917,"y":2.150537634408602,"width":39.97821350762527,"height":95.69892473118279,"action":{"library":"H5P.Image 1.1","params":{"contentName":"Image","file":{"path":"images\/file-65772f77b3a8c.jpg","mime":"image\/jpeg","copyright":{"license":"U"},"width":1024,"height":1472}},"subContentId":"9e8dd059-c7c6-4dc2-87f8-888317d00cd9","metadata":{"contentType":"Image","license":"U","title":"Untitled Image"}},"backgroundOpacity":0,"willDoAnimation":false,"animationType":"glow","displayAsButton":false,"buttonSize":"big","goToSlideType":"specified","invisible":false},{"x":49.63235294117647,"y":37.892,"width":46.139705882352935,"height":40,"action":{"library":"H5P.CRAdvancedText 1.1","params":{"text":"<p dir=\"ltr\" style=\"text-align: center;\"><span style=\"font-size:1.75em;\"><span style=\"color:#ffffff;\">Tunaweza kuendesha pikipiki.<\/span><\/span><\/p>\n"},"subContentId":"40d5f0d4-ed28-4cc2-95ab-35c06610684c","metadata":{"contentType":"Text","license":"U","title":"Untitled Text"}},"alwaysDisplayComments":false,"backgroundOpacity":0,"willDoAnimation":false,"animationType":"glow","displayAsButton":false,"buttonSize":"big","goToSlideType":"specified","invisible":false,"solution":""},{"x":46.96691176470588,"y":44,"width":40,"height":40,"action":{"library":"H5P.CRAudio 1.4","params":{"fitToWrapper":true,"currIndex":4,"playerMode":"minimalistic","controls":true,"autoplay":true,"playAudio":"Play audio","pauseAudio":"Pause audio","contentName":"Audio","glowColor":"#ffd85a","timeStampForEachText":[{"text":" Tunaweza ","startDuration":"0.0000","endDuration":"1.3666","wordfile":[{"path":"audios\/wordfile-66ac8c66a6d87.mp3","mime":"audio\/mpeg","copyright":{"license":"U"}}]},{"text":" kuendesha ","startDuration":"1.4148","endDuration":"2.6242","wordfile":[{"path":"audios\/wordfile-66ac8ce9e8b15.mp3","mime":"audio\/mpeg","copyright":{"license":"U"}}]},{"text":" pikipiki. ","startDuration":"2.8131","endDuration":"4.1535","wordfile":[{"path":"audios\/wordfile-66ac8d039b301.mp3","mime":"audio\/mpeg","copyright":{"license":"U"}}]}],"files":[{"path":"audios\/files-66ac8c50ec794.mp3","mime":"audio\/mpeg","copyright":{"license":"U"}}]},"subContentId":"196cf209-4505-4a63-9bf7-f1054290a150","metadata":{"contentType":"Curious Reader Audio","license":"U","title":"Untitled Curious Reader Audio"}},"backgroundOpacity":0,"willDoAnimation":false,"animationType":"glow","displayAsButton":false,"buttonSize":"big","goToSlideType":"specified","invisible":false},{"x":9.191176470588236,"y":43.76145454545454,"width":28.860294117647058,"height":49.81818181818182,"action":{"library":"H5P.Image 1.1","params":{"contentName":"Image"},"subContentId":"3edbd123-d387-4b41-bfe4-485268d195d1","metadata":{"contentType":"Image","license":"U","title":"Untitled Image"}},"backgroundOpacity":0,"willDoAnimation":true,"animationType":"glow","displayAsButton":false,"buttonSize":"big","goToSlideType":"specified","invisible":false,"id":"img196cf209-4505-4a63-9bf7-f1054290a150_2"}],"slideBackgroundSelector":{}},{"elements":[{"x":6.5359477124183005,"y":4.301075268817204,"width":39.97821350762527,"height":91.39784946236558,"action":{"library":"H5P.Image 1.1","params":{"contentName":"Image","file":{"path":"images\/file-65772fd79f9c5.jpg","mime":"image\/jpeg","copyright":{"license":"U"},"width":1024,"height":1472}},"subContentId":"c56cffc0-138a-4145-a44b-dba09817e313","metadata":{"contentType":"Image","license":"U","title":"Untitled Image"}},"backgroundOpacity":0,"willDoAnimation":false,"animationType":"glow","displayAsButton":false,"buttonSize":"big","goToSlideType":"specified","invisible":false},{"x":49.63235294117647,"y":40.40327272727273,"width":44.85294117647059,"height":34.90909090909091,"action":{"library":"H5P.CRAdvancedText 1.1","params":{"text":"<p dir=\"ltr\" style=\"text-align: center;\"><span style=\"font-size:1.75em;\"><span style=\"color:#ffffff;\">Tunaweza kuendesha teksi ya matairi matatu.<\/span><\/span><\/p>\n"},"subContentId":"70474ade-abdd-4ae4-b89b-74390b388b43","metadata":{"contentType":"Text","license":"U","title":"Untitled Text"}},"alwaysDisplayComments":false,"backgroundOpacity":0,"willDoAnimation":false,"animationType":"glow","displayAsButton":false,"buttonSize":"big","goToSlideType":"specified","invisible":false,"solution":""},{"x":46.96691176470588,"y":44,"width":40,"height":40,"action":{"library":"H5P.CRAudio 1.4","params":{"fitToWrapper":true,"currIndex":5,"playerMode":"minimalistic","controls":true,"autoplay":true,"playAudio":"Play audio","pauseAudio":"Pause audio","contentName":"Audio","glowColor":"#ffd85a","timeStampForEachText":[{"text":" Tunaweza ","startDuration":"0.0000","endDuration":"1.4139","wordfile":[{"path":"audios\/wordfile-66ac8d942aad9.mp3","mime":"audio\/mpeg","copyright":{"license":"U"}}]},{"text":" kuendesha ","startDuration":"1.4149","endDuration":"2.3005","wordfile":[{"path":"audios\/wordfile-66ac8dba6c848.mp3","mime":"audio\/mpeg","copyright":{"license":"U"}}]},{"text":" teksi ","startDuration":"2.3015","endDuration":"3.0860","wordfile":[{"path":"audios\/wordfile-66ac8e113c35c.mp3","mime":"audio\/mpeg","copyright":{"license":"U"}}]},{"text":" ya ","startDuration":"3.0870","endDuration":"3.6017","wordfile":[{"path":"audios\/wordfile-670f7f3a2cde3.mp3","mime":"audio\/mpeg","copyright":{"license":"U"}}]},{"text":" matairi ","startDuration":"3.6027","endDuration":"4.4321","wordfile":[{"path":"audios\/wordfile-66ac8e4790ac8.mp3","mime":"audio\/mpeg","copyright":{"license":"U"}}]},{"text":" matatu. ","startDuration":"4.4331","endDuration":"5.4873","wordfile":[{"path":"audios\/wordfile-66ac8e5e25dd7.mp3","mime":"audio\/mpeg","copyright":{"license":"U"}}]}],"files":[{"path":"audios\/files-66ac8d809aa44.mp3","mime":"audio\/mpeg","copyright":{"license":"U"}}]},"subContentId":"61422301-8521-491f-8681-1e553050df57","metadata":{"contentType":"Curious Reader Audio","license":"U","title":"Untitled Curious Reader Audio"}},"backgroundOpacity":0,"willDoAnimation":false,"animationType":"glow","displayAsButton":false,"buttonSize":"big","goToSlideType":"specified","invisible":false},{"x":7.352941176470589,"y":40.170545454545454,"width":36.213235294117645,"height":49.81818181818182,"action":{"library":"H5P.Image 1.1","params":{"contentName":"Image"},"subContentId":"03ab618c-d28d-4321-878d-1c701c8d441f","metadata":{"contentType":"Image","license":"U","title":"Untitled Image"}},"backgroundOpacity":0,"willDoAnimation":true,"animationType":"glow","displayAsButton":false,"buttonSize":"big","goToSlideType":"specified","invisible":false,"id":"img61422301-8521-491f-8681-1e553050df57_4"},{"x":7.352941176470589,"y":40.170545454545454,"width":36.213235294117645,"height":49.81818181818182,"action":{"library":"H5P.Image 1.1","params":{"contentName":"Image"},"subContentId":"9572af77-33fd-42ef-ae8e-bf7ee5acccdd","metadata":{"contentType":"Image","license":"U","title":"Untitled Image"}},"backgroundOpacity":0,"willDoAnimation":true,"animationType":"glow","displayAsButton":false,"buttonSize":"big","goToSlideType":"specified","invisible":false,"id":"img61422301-8521-491f-8681-1e553050df57_5"}],"slideBackgroundSelector":{}},{"elements":[{"x":6.5359477124183005,"y":4.301075268817204,"width":39.97821350762527,"height":93.54838709677419,"action":{"library":"H5P.Image 1.1","params":{"contentName":"Image","file":{"path":"images\/file-657730203cd25.jpg","mime":"image\/jpeg","copyright":{"license":"U"},"width":1024,"height":1472}},"subContentId":"9191b9d6-6070-4809-a41a-2cb8986f0060","metadata":{"contentType":"Image","license":"U","title":"Untitled Image"}},"backgroundOpacity":0,"willDoAnimation":false,"animationType":"glow","displayAsButton":false,"buttonSize":"big","goToSlideType":"specified","invisible":false},{"x":49.632352941176464,"y":21.818181818181817,"width":46.507352941176464,"height":50.18181818181818,"action":{"library":"H5P.CRAdvancedText 1.1","params":{"text":"<p dir=\"ltr\" style=\"text-align: center;\"><span style=\"font-size:1.75em;\"><span style=\"color:#ffffff;\">Tunaweza kwenda katika mkokoteni unaovutwa na farasi.<\/span><\/span><\/p>\n"},"subContentId":"b7b8bb12-cecb-4ce9-89c6-76cb49c2adfa","metadata":{"contentType":"Text","license":"U","title":"Untitled Text"}},"alwaysDisplayComments":false,"backgroundOpacity":0,"willDoAnimation":false,"animationType":"glow","displayAsButton":false,"buttonSize":"big","goToSlideType":"specified","invisible":false,"solution":""},{"x":46.96691176470588,"y":44,"width":40,"height":40,"action":{"library":"H5P.CRAudio 1.4","params":{"fitToWrapper":true,"currIndex":6,"playerMode":"minimalistic","controls":true,"autoplay":true,"playAudio":"Play audio","pauseAudio":"Pause audio","contentName":"Audio","glowColor":"#ffd85a","timeStampForEachText":[{"text":" Tunaweza ","startDuration":"0.0000","endDuration":"1.6190","wordfile":[{"path":"audios\/wordfile-66ac8e9eb3e11.mp3","mime":"audio\/mpeg","copyright":{"license":"U"}}]},{"text":" kwenda ","startDuration":"1.6200","endDuration":"2.3398","wordfile":[{"path":"audios\/wordfile-66bce18047572.mp3","mime":"audio\/mpeg","copyright":{"license":"U"}}]},{"text":" katika ","startDuration":"2.3408","endDuration":"3.1168","wordfile":[{"path":"audios\/wordfile-66ac8ee17db47.mp3","mime":"audio\/mpeg","copyright":{"license":"U"}}]},{"text":" mkokoteni ","startDuration":"3.1178","endDuration":"4.3575","wordfile":[{"path":"audios\/wordfile-66ac8f02275af.mp3","mime":"audio\/mpeg","copyright":{"license":"U"}}]},{"text":" unaovutwa ","startDuration":"4.3585","endDuration":"5.5841","wordfile":[{"path":"audios\/wordfile-66ac8f1b25381.mp3","mime":"audio\/mpeg","copyright":{"license":"U"}}]},{"text":" na ","startDuration":"5.5851","endDuration":"5.7851","wordfile":[{"path":"audios\/wordfile-670f7f50ad62b.mp3","mime":"audio\/mpeg","copyright":{"license":"U"}}]},{"text":" farasi. ","startDuration":"5.7861","endDuration":"7.0530","wordfile":[{"path":"audios\/wordfile-66ac8f3b3d37f.mp3","mime":"audio\/mpeg","copyright":{"license":"U"}}]}],"files":[{"path":"audios\/files-66ac8e87dfb39.mp3","mime":"audio\/mpeg","copyright":{"license":"U"}}]},"subContentId":"69a6242a-0450-4a5e-a4ab-89ba772f8f3a","metadata":{"contentType":"Curious Reader Audio","license":"U","title":"Untitled Curious Reader Audio"}},"backgroundOpacity":0,"willDoAnimation":false,"animationType":"glow","displayAsButton":false,"buttonSize":"big","goToSlideType":"specified","invisible":false},{"x":20.22058823529412,"y":51.05381818181818,"width":23.345588235294116,"height":35.27272727272727,"action":{"library":"H5P.Image 1.1","params":{"contentName":"Image"},"subContentId":"f62fa624-d004-4f11-821d-c2c7314ebdfe","metadata":{"contentType":"Image","license":"U","title":"Untitled Image"}},"backgroundOpacity":0,"willDoAnimation":true,"animationType":"glow","displayAsButton":false,"buttonSize":"big","goToSlideType":"specified","invisible":false,"id":"img69a6242a-0450-4a5e-a4ab-89ba772f8f3a_6"},{"x":5.514705882352941,"y":47.3410909090909,"width":19.669117647058822,"height":38.54545454545455,"action":{"library":"H5P.Image 1.1","params":{"contentName":"Image"},"subContentId":"b38d48e6-4cca-4f56-8239-59845adc3efd","metadata":{"contentType":"Image","license":"U","title":"Untitled Image"}},"backgroundOpacity":0,"willDoAnimation":true,"animationType":"glow","displayAsButton":false,"buttonSize":"big","goToSlideType":"specified","invisible":false,"id":"img69a6242a-0450-4a5e-a4ab-89ba772f8f3a_4"}],"slideBackgroundSelector":{}},{"elements":[{"x":5.1020408163265305,"y":5.037783375314861,"width":39.97821350762527,"height":93.54838709677419,"action":{"library":"H5P.Image 1.1","params":{"contentName":"Image","file":{"path":"images\/file-6577306a54903.jpg","mime":"image\/jpeg","copyright":{"license":"U"},"width":1024,"height":1472}},"subContentId":"b233860e-b1c2-4a6c-b471-3b72630f1a26","metadata":{"contentType":"Image","license":"U","title":"Untitled Image"}},"backgroundOpacity":0,"willDoAnimation":false,"animationType":"glow","displayAsButton":false,"buttonSize":"big","goToSlideType":"specified","invisible":false},{"x":51.02040816326531,"y":37.73425692695214,"width":45.91836734693878,"height":60.45340050377833,"action":{"library":"H5P.CRAdvancedText 1.1","params":{"text":"<p dir=\"ltr\" style=\"text-align: center;\"><span style=\"font-size:1.75em;\"><span style=\"color:#ffffff;\">Tunaweza kwenda kwa mkokoteni wa ng\u2019ombe wa maksai.<\/span><\/span><\/p>\n"},"subContentId":"b500745d-17ef-4d41-bfac-35a4ef256c79","metadata":{"contentType":"Text","license":"U","title":"Untitled Text"}},"alwaysDisplayComments":false,"backgroundOpacity":0,"willDoAnimation":false,"animationType":"glow","displayAsButton":false,"buttonSize":"big","goToSlideType":"specified","invisible":false,"solution":""},{"x":93.11224489795919,"y":2.5195390251399603,"width":40,"height":40,"action":{"library":"H5P.CRAudio 1.4","params":{"fitToWrapper":true,"currIndex":7,"playerMode":"minimalistic","controls":true,"autoplay":true,"playAudio":"Play audio","pauseAudio":"Pause audio","contentName":"Audio","glowColor":"#ffd85a","timeStampForEachText":[{"text":" Tunaweza ","startDuration":"0.0000","endDuration":"1.2412","wordfile":[{"path":"audios\/wordfile-66ac8f7727746.mp3","mime":"audio\/mpeg","copyright":{"license":"U"}}]},{"text":" kwenda ","startDuration":"1.2422","endDuration":"2.2548","wordfile":[{"path":"audios\/wordfile-66bce25f06205.mp3","mime":"audio\/mpeg","copyright":{"license":"U"}}]},{"text":" kwa ","startDuration":"2.1415","endDuration":"2.5066","wordfile":[{"path":"audios\/wordfile-670f7f79003da.mp3","mime":"audio\/mpeg","copyright":{"license":"U"}}]},{"text":" mkokoteni ","startDuration":"2.5076","endDuration":"3.5710","wordfile":[{"path":"audios\/wordfile-66ac8ff129310.mp3","mime":"audio\/mpeg","copyright":{"license":"U"}}]},{"text":" wa ","startDuration":"3.5720","endDuration":"3.8990","wordfile":[{"path":"audios\/wordfile-670f7f82d5684.mp3","mime":"audio\/mpeg","copyright":{"license":"U"}}]},{"text":" ng\u2019ombe ","startDuration":"3.9000","endDuration":"4.8110","wordfile":[{"path":"audios\/wordfile-66ac905a74b80.mp3","mime":"audio\/mpeg","copyright":{"license":"U"}}]},{"text":" wa ","startDuration":"4.8120","endDuration":"5.2786","wordfile":[{"path":"audios\/wordfile-670f7f90c7bfe.mp3","mime":"audio\/mpeg","copyright":{"license":"U"}}]},{"text":" maksai. ","startDuration":"5.2796","endDuration":"6.3739","wordfile":[{"path":"audios\/wordfile-671af359e417f.wav","mime":"audio\/x-wav","copyright":{"license":"U"}}]}],"files":[{"path":"audios\/files-66ac8f61d8d1e.mp3","mime":"audio\/mpeg","copyright":{"license":"U"}}]},"subContentId":"deebd4b3-d097-4c65-a3ee-643cee6b7245","metadata":{"contentType":"Curious Reader Audio","license":"U","title":"Untitled Curious Reader Audio"}},"backgroundOpacity":0,"willDoAnimation":false,"animationType":"glow","displayAsButton":false,"buttonSize":"big","goToSlideType":"specified","invisible":false},{"x":7.352941176470589,"y":54.69890909090908,"width":21.507352941176467,"height":35.27272727272727,"action":{"library":"H5P.Image 1.1","params":{"contentName":"Image"},"subContentId":"9f0bf2f1-da48-492e-8d91-015d40ab5657","metadata":{"contentType":"Image","license":"U","title":"Untitled Image"}},"backgroundOpacity":0,"willDoAnimation":true,"animationType":"glow","displayAsButton":false,"buttonSize":"big","goToSlideType":"specified","invisible":false,"id":"imgdeebd4b3-d097-4c65-a3ee-643cee6b7245_5"},{"x":20.220588235294116,"y":50.90909090909091,"width":25.183823529411764,"height":40,"action":{"library":"H5P.Image 1.1","params":{"contentName":"Image"},"subContentId":"4700e4f7-33bc-4572-ac1d-092d18cffc60","metadata":{"contentType":"Image","license":"U","title":"Untitled Image"}},"backgroundOpacity":0,"willDoAnimation":true,"animationType":"glow","displayAsButton":false,"buttonSize":"big","goToSlideType":"specified","invisible":false,"id":"imgdeebd4b3-d097-4c65-a3ee-643cee6b7245_7"}],"slideBackgroundSelector":{}},{"elements":[{"x":6.5359477124183005,"y":2.150537634408602,"width":39.97821350762527,"height":93.54838709677419,"action":{"library":"H5P.Image 1.1","params":{"contentName":"Image","file":{"path":"images\/file-657730ac1c0b2.jpg","mime":"image\/jpeg","copyright":{"license":"U"},"width":1024,"height":1472}},"subContentId":"918b2dfb-a82a-40d6-a574-807c508f8f8c","metadata":{"contentType":"Image","license":"U","title":"Untitled Image"}},"backgroundOpacity":0,"willDoAnimation":false,"animationType":"glow","displayAsButton":false,"buttonSize":"big","goToSlideType":"specified","invisible":false},{"x":47.79411764705882,"y":21.818181818181817,"width":49.632352941176464,"height":31.636363636363637,"action":{"library":"H5P.CRAdvancedText 1.1","params":{"text":"<p dir=\"ltr\" style=\"text-align: center;\"><span style=\"color:#ffffff;\"><span style=\"font-size:1.75em;\">Tunaweza kuendesha gari la mashindano.<\/span><\/span><\/p>\n"},"subContentId":"eb4d5274-567b-401f-85e4-f5558587f300","metadata":{"contentType":"Text","license":"U","title":"Untitled Text"}},"alwaysDisplayComments":false,"backgroundOpacity":0,"willDoAnimation":false,"animationType":"glow","displayAsButton":false,"buttonSize":"big","goToSlideType":"specified","invisible":false,"solution":""},{"x":46.96691176470588,"y":44,"width":40,"height":40,"action":{"library":"H5P.CRAudio 1.4","params":{"fitToWrapper":true,"currIndex":8,"playerMode":"minimalistic","controls":true,"autoplay":true,"playAudio":"Play audio","pauseAudio":"Pause audio","contentName":"Audio","glowColor":"#ffd85a","timeStampForEachText":[{"text":" Tunaweza ","startDuration":"0.0000","endDuration":"1.6633","wordfile":[{"path":"audios\/wordfile-66ac910197cf3.mp3","mime":"audio\/mpeg","copyright":{"license":"U"}}]},{"text":" kuendesha ","startDuration":"1.6643","endDuration":"2.3553","wordfile":[{"path":"audios\/wordfile-66ac911af3456.mp3","mime":"audio\/mpeg","copyright":{"license":"U"}}]},{"text":" gari ","startDuration":"2.3563","endDuration":"3.0473","wordfile":[{"path":"audios\/wordfile-66ac91556d28d.mp3","mime":"audio\/mpeg","copyright":{"license":"U"}}]},{"text":" la ","startDuration":"3.0483","endDuration":"3.5756","wordfile":[{"path":"audios\/wordfile-670f7fac697f0.mp3","mime":"audio\/mpeg","copyright":{"license":"U"}}]},{"text":" mashindano. ","startDuration":"3.5766","endDuration":"4.8326","wordfile":[{"path":"audios\/wordfile-66ac919797723.mp3","mime":"audio\/mpeg","copyright":{"license":"U"}}]}],"files":[{"path":"audios\/files-66ac90f2298e5.mp3","mime":"audio\/mpeg","copyright":{"license":"U"}}]},"subContentId":"35ff4dc5-25d2-4bb6-bc44-7d72ec06ad94","metadata":{"contentType":"Curious Reader Audio","license":"U","title":"Untitled Curious Reader Audio"}},"backgroundOpacity":0,"willDoAnimation":false,"animationType":"glow","displayAsButton":false,"buttonSize":"big","goToSlideType":"specified","invisible":false},{"x":7.352941176470588,"y":50.90909090909091,"width":40,"height":40,"action":{"library":"H5P.Image 1.1","params":{"contentName":"Image"},"subContentId":"7255491e-1c5e-4279-b421-349ba330a73c","metadata":{"contentType":"Image","license":"U","title":"Untitled Image"}},"backgroundOpacity":0,"willDoAnimation":true,"animationType":"glow","displayAsButton":false,"buttonSize":"big","goToSlideType":"specified","invisible":false,"id":"img35ff4dc5-25d2-4bb6-bc44-7d72ec06ad94_4"},{"x":7.352941176470588,"y":50.90909090909091,"width":40,"height":40,"action":{"library":"H5P.Image 1.1","params":{"contentName":"Image"},"subContentId":"a0b0a04c-3ae0-40db-847a-b90fa3c54902","metadata":{"contentType":"Image","license":"U","title":"Untitled Image"}},"backgroundOpacity":0,"willDoAnimation":true,"animationType":"glow","displayAsButton":false,"buttonSize":"big","goToSlideType":"specified","invisible":false,"id":"img35ff4dc5-25d2-4bb6-bc44-7d72ec06ad94_2"}],"slideBackgroundSelector":{}},{"elements":[{"x":6.5359477124183005,"y":2.150537634408602,"width":39.97821350762527,"height":95.69892473118279,"action":{"library":"H5P.Image 1.1","params":{"contentName":"Image","file":{"path":"images\/file-657730e66c7cb.jpg","mime":"image\/jpeg","copyright":{"license":"U"},"width":1024,"height":1472}},"subContentId":"5642e8ce-c395-4093-bf32-1bad47f044df","metadata":{"contentType":"Image","license":"U","title":"Untitled Image"}},"backgroundOpacity":0,"willDoAnimation":false,"animationType":"glow","displayAsButton":false,"buttonSize":"big","goToSlideType":"specified","invisible":false},{"x":47.19387755102041,"y":40.29042821158691,"width":47.32142857142857,"height":34.005037783375315,"action":{"library":"H5P.CRAdvancedText 1.1","params":{"text":"<p dir=\"ltr\" style=\"text-align: center;\"><span style=\"font-size:1.75em;\"><span style=\"color:#ffffff;\">Tunaweza kuendesha gari kubwa.<\/span><\/span><\/p>\n"},"subContentId":"04493358-b49e-41bd-9b69-c6e200aa7ec2","metadata":{"contentType":"Text","license":"U","title":"Untitled Text"}},"alwaysDisplayComments":false,"backgroundOpacity":0,"willDoAnimation":false,"animationType":"glow","displayAsButton":false,"buttonSize":"big","goToSlideType":"specified","invisible":false,"solution":""},{"x":46.96691176470588,"y":44,"width":40,"height":40,"action":{"library":"H5P.CRAudio 1.4","params":{"fitToWrapper":true,"currIndex":9,"playerMode":"minimalistic","controls":true,"autoplay":true,"playAudio":"Play audio","pauseAudio":"Pause audio","contentName":"Audio","glowColor":"#ffd85a","timeStampForEachText":[{"text":" Tunaweza ","startDuration":"0.0000","endDuration":"1.2305","wordfile":[{"path":"audios\/wordfile-66ac91c76a4b4.mp3","mime":"audio\/mpeg","copyright":{"license":"U"}}]},{"text":" kuendesha ","startDuration":"1.2315","endDuration":"2.3531","wordfile":[{"path":"audios\/wordfile-66ac91d99f64c.mp3","mime":"audio\/mpeg","copyright":{"license":"U"}}]},{"text":" gari ","startDuration":"2.3541","endDuration":"2.9479","wordfile":[{"path":"audios\/wordfile-66ac91ece6046.mp3","mime":"audio\/mpeg","copyright":{"license":"U"}}]},{"text":" kubwa. ","startDuration":"2.9489","endDuration":"3.9699","wordfile":[{"path":"audios\/wordfile-66ac92033a4ad.mp3","mime":"audio\/mpeg","copyright":{"license":"U"}}]}],"files":[{"path":"audios\/files-66ac91b069f58.mp3","mime":"audio\/mpeg","copyright":{"license":"U"}}]},"subContentId":"b1409f73-0934-40b2-b9d1-f05b4334cd53","metadata":{"contentType":"Curious Reader Audio","license":"U","title":"Untitled Curious Reader Audio"}},"backgroundOpacity":0,"willDoAnimation":false,"animationType":"glow","displayAsButton":false,"buttonSize":"big","goToSlideType":"specified","invisible":false},{"x":7.352941176470589,"y":36.465818181818186,"width":40.0735294117647,"height":53.45454545454545,"action":{"library":"H5P.Image 1.1","params":{"contentName":"Image"},"subContentId":"51d5db72-0fbd-44d0-ad7d-8d19432e2b0b","metadata":{"contentType":"Image","license":"U","title":"Untitled Image"}},"backgroundOpacity":0,"willDoAnimation":true,"animationType":"glow","displayAsButton":false,"buttonSize":"big","goToSlideType":"specified","invisible":false,"id":"imgb1409f73-0934-40b2-b9d1-f05b4334cd53_2"},{"x":7.352941176470589,"y":36.465818181818186,"width":40.0735294117647,"height":53.45454545454545,"action":{"library":"H5P.Image 1.1","params":{"contentName":"Image"},"subContentId":"ee53c32c-3710-4f11-823a-1826f505c73d","metadata":{"contentType":"Image","license":"U","title":"Untitled Image"}},"backgroundOpacity":0,"willDoAnimation":true,"animationType":"glow","displayAsButton":false,"buttonSize":"big","goToSlideType":"specified","invisible":false,"id":"imgb1409f73-0934-40b2-b9d1-f05b4334cd53_3"}],"slideBackgroundSelector":{}},{"elements":[{"x":5.446623093681917,"y":2.150537634408602,"width":39.97821350762527,"height":93.54838709677419,"action":{"library":"H5P.Image 1.1","params":{"contentName":"Image","file":{"path":"images\/file-6577312023aac.jpg","mime":"image\/jpeg","copyright":{"license":"U"},"width":1024,"height":1472}},"subContentId":"54df8b14-746c-4ada-ae1b-fd3ee142cf9e","metadata":{"contentType":"Image","license":"U","title":"Untitled Image"}},"backgroundOpacity":0,"willDoAnimation":false,"animationType":"glow","displayAsButton":false,"buttonSize":"big","goToSlideType":"specified","invisible":false},{"x":44.642857142857146,"y":47.858942065491185,"width":53.57142857142857,"height":28.71536523929471,"action":{"library":"H5P.CRAdvancedText 1.1","params":{"text":"<p dir=\"ltr\" style=\"text-align: center;\"><span style=\"font-size:1.75em;\"><span style=\"color:#ffffff;\">Tunaweza kwenda na boti.<\/span><\/span><\/p>\n"},"subContentId":"4a412170-9cce-4809-abca-083d6a03a0da","metadata":{"contentType":"Text","license":"U","title":"Untitled Text"}},"alwaysDisplayComments":false,"backgroundOpacity":0,"willDoAnimation":false,"animationType":"glow","displayAsButton":false,"buttonSize":"big","goToSlideType":"specified","invisible":false,"solution":""},{"x":46.96691176470588,"y":44,"width":40,"height":40,"action":{"library":"H5P.CRAudio 1.4","params":{"fitToWrapper":true,"currIndex":10,"playerMode":"minimalistic","controls":true,"autoplay":true,"playAudio":"Play audio","pauseAudio":"Pause audio","contentName":"Audio","glowColor":"#ffd85a","timeStampForEachText":[{"text":" Tunaweza ","startDuration":"0.0000","endDuration":"1.3084","wordfile":[{"path":"audios\/wordfile-66ac9233f0cca.mp3","mime":"audio\/mpeg","copyright":{"license":"U"}}]},{"text":" kwenda ","startDuration":"1.3094","endDuration":"2.3602","wordfile":[{"path":"audios\/wordfile-66bce27ea396e.mp3","mime":"audio\/mpeg","copyright":{"license":"U"}}]},{"text":" na ","startDuration":"2.3612","endDuration":"2.6783","wordfile":[{"path":"audios\/wordfile-67175f5e2e9a5.mp3","mime":"audio\/mpeg","copyright":{"license":"U"}}]},{"text":" boti. ","startDuration":"2.6793","endDuration":"3.7067","wordfile":[{"path":"audios\/wordfile-66ac928146afc.mp3","mime":"audio\/mpeg","copyright":{"license":"U"}}]}],"files":[{"path":"audios\/files-66ac9223b0793.mp3","mime":"audio\/mpeg","copyright":{"license":"U"}}]},"subContentId":"605fe65b-e58a-4544-a1d8-ee0614751e7d","metadata":{"contentType":"Curious Reader Audio","license":"U","title":"Untitled Curious Reader Audio"}},"backgroundOpacity":0,"willDoAnimation":false,"animationType":"glow","displayAsButton":false,"buttonSize":"big","goToSlideType":"specified","invisible":false},{"x":7.352941176470588,"y":36.36363636363637,"width":40,"height":40,"action":{"library":"H5P.Image 1.1","params":{"contentName":"Image"},"subContentId":"9ff11304-1c83-4e83-b782-3b82e3530216","metadata":{"contentType":"Image","license":"U","title":"Untitled Image"}},"backgroundOpacity":0,"willDoAnimation":true,"animationType":"glow","displayAsButton":false,"buttonSize":"big","goToSlideType":"specified","invisible":false,"id":"img605fe65b-e58a-4544-a1d8-ee0614751e7d_3"}],"slideBackgroundSelector":{}},{"elements":[{"x":31.59041394335512,"y":2.150537634408602,"width":66.23093681917211,"height":95.69892473118279,"action":{"library":"H5P.Image 1.1","params":{"contentName":"Image","file":{"path":"images\/file-657732a5856b9.jpg","mime":"image\/jpeg","copyright":{"license":"U"},"width":1024,"height":735}},"subContentId":"38dc3824-e8c1-4dbf-9ed7-4ac8d2355b3b","metadata":{"contentType":"Image","license":"U","title":"Untitled Image"}},"backgroundOpacity":0,"willDoAnimation":false,"animationType":"glow","displayAsButton":false,"buttonSize":"big","goToSlideType":"specified","invisible":false},{"x":2.5510204081632653,"y":37.78337531486146,"width":73.9795918367347,"height":40.050377833753146,"action":{"library":"H5P.CRAdvancedText 1.1","params":{"text":"<p dir=\"ltr\" style=\"text-align: center;\"><span style=\"font-size:1.75em;\"><span style=\"color:#ffffff;\">Tunaweza kupanda tembo.<\/span><\/span><\/p>\n"},"subContentId":"11168cee-a669-4a5c-ad04-b3de669fd62c","metadata":{"contentType":"Text","license":"U","title":"Untitled Text"}},"alwaysDisplayComments":false,"backgroundOpacity":0,"willDoAnimation":false,"animationType":"glow","displayAsButton":false,"buttonSize":"big","goToSlideType":"specified","invisible":false,"solution":""},{"x":46.96691176470588,"y":44,"width":40,"height":40,"action":{"library":"H5P.CRAudio 1.4","params":{"fitToWrapper":true,"currIndex":11,"playerMode":"minimalistic","controls":true,"autoplay":true,"playAudio":"Play audio","pauseAudio":"Pause audio","contentName":"Audio","glowColor":"#ffd85a","timeStampForEachText":[{"text":" Tunaweza ","startDuration":"0.0000","endDuration":"1.1944","wordfile":[{"path":"audios\/wordfile-66ac92d2798e6.mp3","mime":"audio\/mpeg","copyright":{"license":"U"}}]},{"text":" kupanda ","startDuration":"1.1954","endDuration":"2.2613","wordfile":[{"path":"audios\/wordfile-66ac92e3d5d3e.mp3","mime":"audio\/mpeg","copyright":{"license":"U"}}]},{"text":" tembo. ","startDuration":"2.2691","endDuration":"3.3485","wordfile":[{"path":"audios\/wordfile-66ac92fad9d5a.mp3","mime":"audio\/mpeg","copyright":{"license":"U"}}]}],"files":[{"path":"audios\/files-66ac92c300187.mp3","mime":"audio\/mpeg","copyright":{"license":"U"}}]},"subContentId":"80347f6e-f8b6-420a-b8e3-1f6b79f90cbc","metadata":{"contentType":"Curious Reader Audio","license":"U","title":"Untitled Curious Reader Audio"}},"backgroundOpacity":0,"willDoAnimation":false,"animationType":"glow","displayAsButton":false,"buttonSize":"big","goToSlideType":"specified","invisible":false},{"x":62.5,"y":40.113454545454545,"width":31.43382352941176,"height":53.45454545454545,"action":{"library":"H5P.Image 1.1","params":{"contentName":"Image"},"subContentId":"8465c435-2d6b-45a2-93de-7354f4bbb9a6","metadata":{"contentType":"Image","license":"U","title":"Untitled Image"}},"backgroundOpacity":0,"willDoAnimation":true,"animationType":"glow","displayAsButton":false,"buttonSize":"big","goToSlideType":"specified","invisible":false,"id":"img80347f6e-f8b6-420a-b8e3-1f6b79f90cbc_2"}],"slideBackgroundSelector":{}},{"elements":[{"x":6.5359477124183005,"y":2.150537634408602,"width":39.97821350762527,"height":95.69892473118279,"action":{"library":"H5P.Image 1.1","params":{"contentName":"Image","file":{"path":"images\/file-657733414a4c5.jpg","mime":"image\/jpeg","copyright":{"license":"U"},"width":1024,"height":1472}},"subContentId":"3fc945d1-d748-445f-bbd3-a7f86964fe4e","metadata":{"contentType":"Image","license":"U","title":"Untitled Image"}},"backgroundOpacity":0,"willDoAnimation":false,"animationType":"glow","displayAsButton":false,"buttonSize":"big","goToSlideType":"specified","invisible":false},{"x":51.470588235294116,"y":14.545454545454545,"width":47.42647058823529,"height":40,"action":{"library":"H5P.CRAdvancedText 1.1","params":{"text":"<p dir=\"ltr\" style=\"text-align: center;\"><span style=\"font-size:1.75em;\"><span style=\"color:#ffffff;\">Hapana! Tunatakiwa kutembea.<\/span><\/span><\/p>\n"},"subContentId":"378c2ce4-59d7-41b1-823b-9c22984380c0","metadata":{"contentType":"Text","license":"U","title":"Untitled Text"}},"alwaysDisplayComments":false,"backgroundOpacity":0,"willDoAnimation":false,"animationType":"glow","displayAsButton":false,"buttonSize":"big","goToSlideType":"specified","invisible":false,"solution":""},{"x":46.96691176470588,"y":44,"width":40,"height":40,"action":{"library":"H5P.CRAudio 1.4","params":{"fitToWrapper":true,"currIndex":12,"playerMode":"minimalistic","controls":true,"autoplay":true,"playAudio":"Play audio","pauseAudio":"Pause audio","contentName":"Audio","glowColor":"#ffd85a","timeStampForEachText":[{"text":" Hapana! ","startDuration":"0.0000","endDuration":"1.8142","wordfile":[{"path":"audios\/wordfile-66ac933e28d5b.mp3","mime":"audio\/mpeg","copyright":{"license":"U"}}]},{"text":" Tunatakiwa ","startDuration":"1.8152","endDuration":"3.6637","wordfile":[{"path":"audios\/wordfile-66ac93591fb76.mp3","mime":"audio\/mpeg","copyright":{"license":"U"}}]},{"text":" kutembea. ","startDuration":"3.6647","endDuration":"5.7469","wordfile":[{"path":"audios\/wordfile-66ac936984fa8.mp3","mime":"audio\/mpeg","copyright":{"license":"U"}}]}],"files":[{"path":"audios\/files-66ac932b3ba5f.mp3","mime":"audio\/mpeg","copyright":{"license":"U"}}]},"subContentId":"d428dd19-85e9-4394-bab7-ef068a817b5f","metadata":{"contentType":"Curious Reader Audio","license":"U","title":"Untitled Curious Reader Audio"}},"backgroundOpacity":0,"willDoAnimation":false,"animationType":"glow","displayAsButton":false,"buttonSize":"big","goToSlideType":"specified","invisible":false},{"x":11.029411764705882,"y":58.42909090909091,"width":19.669117647058822,"height":28.363636363636363,"action":{"library":"H5P.Image 1.1","params":{"contentName":"Image"},"subContentId":"3dfcec4b-d191-4b99-917e-2988d66cc4fd","metadata":{"contentType":"Image","license":"U","title":"Untitled Image"}},"backgroundOpacity":0,"willDoAnimation":true,"animationType":"glow","displayAsButton":false,"buttonSize":"big","goToSlideType":"specified","invisible":false,"id":"imgd428dd19-85e9-4394-bab7-ef068a817b5f_2"}],"slideBackgroundSelector":{}},{"elements":[{"x":64.27015250544663,"y":10.75268817204301,"width":31.263616557734206,"height":17.204301075268816,"action":{"library":"H5P.Image 1.1","params":{"contentName":"Image","file":{"path":"images\/file-657734c6867b2.jpg","mime":"image\/jpeg","copyright":{"license":"U"},"width":1732,"height":354}},"subContentId":"58d6bcfc-1017-40eb-bbcd-a32d3100ea46","metadata":{"contentType":"Image","license":"U","title":"Untitled Image"}},"backgroundOpacity":0,"willDoAnimation":false,"animationType":"glow","displayAsButton":false,"buttonSize":"big","goToSlideType":"specified","invisible":false},{"x":4.357298474945534,"y":6.451612903225806,"width":23.965141612200437,"height":24.086021505376344,"action":{"library":"H5P.Image 1.1","params":{"contentName":"Image","file":{"path":"images\/file-657734db6bc33.png","mime":"image\/png","copyright":{"license":"U"},"width":1350,"height":487}},"subContentId":"46007b76-06dc-4b23-9d5e-0feb3dcced51","metadata":{"contentType":"Image","license":"U","title":"Untitled Image"}},"backgroundOpacity":0,"willDoAnimation":false,"animationType":"glow","displayAsButton":false,"buttonSize":"big","goToSlideType":"specified","invisible":false},{"x":34.85838779956427,"y":4.301075268817204,"width":23.965141612200437,"height":23.87096774193548,"action":{"library":"H5P.Image 1.1","params":{"contentName":"Image","file":{"path":"images\/file-657734e7ce435.png","mime":"image\/png","copyright":{"license":"U"},"width":814,"height":202}},"subContentId":"f81bc57f-8a0f-443d-b34a-3ccd68a92e3a","metadata":{"contentType":"Image","license":"U","title":"Untitled Image"}},"backgroundOpacity":0,"willDoAnimation":false,"animationType":"glow","displayAsButton":false,"buttonSize":"big","goToSlideType":"specified","invisible":false},{"x":4.357298474945534,"y":32.20258064516129,"width":93.68191721132898,"height":67.74193548387096,"action":{"library":"H5P.CRAdvancedText 1.1","params":{"text":"<h3 style=\"text-align: center;\"><span style=\"font-size:1.25em;\">\u201c<\/span>Uwanja wa michezo<span style=\"font-size:1.25em;\">\u201d credits<\/span><\/h3>\n\n<h3 style=\"text-align: center;\"><span style=\"font-size:1.25em;\">This work, \u201c<\/span>Uwanja wa michezo<span style=\"font-size:1.25em;\">\u201d&nbsp;is a derivative of \u201cPlayground\u201d by All Children Reading Cambodia. \u00a9 The Asia Foundation , 2019 and used under CC BY.<\/span><\/h3>\n\n<h3 style=\"text-align: center;\"><span style=\"font-size:1.25em;\">\u201c<\/span>Uwanja wa michezo<span style=\"font-size:1.25em;\">\u201d is licensed under CC BY 4.0 by Curious Learning.<\/span><\/h3>\n\n<h3 style=\"text-align: center;\"><span style=\"font-size:1.25em;\">Book builder - Abraham Jerry Kakooza<\/span><\/h3>\n"},"subContentId":"045c5dbc-06a7-4115-b9f8-a37781c03f1e","metadata":{"contentType":"Text","license":"U","title":"Untitled Text"}},"alwaysDisplayComments":false,"backgroundOpacity":0,"willDoAnimation":false,"animationType":"glow","displayAsButton":false,"buttonSize":"big","goToSlideType":"specified","invisible":false,"solution":""}],"slideBackgroundSelector":{}}],"keywordListEnabled":true,"globalBackgroundSelector":{"fillGlobalBackground":"#fbfef0"},"keywordListAlwaysShow":false,"keywordListAutoHide":false,"keywordListOpacity":90},"override":{"activeSurface":false,"hideSummarySlide":false,"summarySlideSolutionButton":true,"summarySlideRetryButton":true,"enablePrintButton":false,"social":{"showFacebookShare":false,"facebookShare":{"url":"@currentpageurl","quote":"I scored @score out of @maxScore on a task at @currentpageurl."},"showTwitterShare":false,"twitterShare":{"statement":"I scored @score out of @maxScore on a task at @currentpageurl.","url":"@currentpageurl","hashtags":"h5p, course"},"showGoogleShare":false,"googleShareUrl":"@currentpageurl"}},"l10n":{"slide":"Slide","score":"Score","yourScore":"Your Score","maxScore":"Max Score","total":"Total","totalScore":"Total Score","showSolutions":"Show solutions","retry":"Retry","exportAnswers":"Export text","hideKeywords":"Hide sidebar navigation menu","showKeywords":"Show sidebar navigation menu","fullscreen":"Fullscreen","exitFullscreen":"Exit fullscreen","prevSlide":"Previous slide","nextSlide":"Next slide","currentSlide":"Current slide","lastSlide":"Last slide","solutionModeTitle":"Exit solution mode","solutionModeText":"Solution Mode","summaryMultipleTaskText":"Multiple tasks","scoreMessage":"You achieved:","shareFacebook":"Share on Facebook","shareTwitter":"Share on Twitter","shareGoogle":"Share on Google+","summary":"Summary","solutionsButtonTitle":"Show comments","printTitle":"Print","printIngress":"How would you like to print this presentation?","printAllSlides":"Print all slides","printCurrentSlide":"Print current slide","noTitle":"No title","accessibilitySlideNavigationExplanation":"Use left and right arrow to change slide in that direction whenever canvas is selected.","accessibilityCanvasLabel":"Presentation canvas. Use left and right arrow to move between slides.","containsNotCompleted":"@slideName contains not completed interaction","containsCompleted":"@slideName contains completed interaction","slideCount":"Slide @index of @total","containsOnlyCorrect":"@slideName only has correct answers","containsIncorrectAnswers":"@slideName has incorrect answers","shareResult":"Share Result","accessibilityTotalScore":"You got @score of @maxScore points in total","accessibilityEnteredFullscreen":"Entered fullscreen","accessibilityExitedFullscreen":"Exited fullscreen"}}