{"presentation":{"slides":[{"elements":[{"x":4.934210526315789,"y":6.497894682122992,"width":92.49424342105263,"height":87.71832926131934,"action":{"library":"H5P.Image 1.1","params":{"contentName":"Image","file":{"path":"images\/file-66f3d606c69ce.gif","mime":"image\/gif","copyright":{"license":"U"},"width":1920,"height":1080}},"subContentId":"5b75cdb5-c22f-46f3-bdb5-0c5c22d36285","metadata":{"contentType":"Image","license":"U","title":"Untitled Image"}},"backgroundOpacity":0,"willDoAnimation":false,"animationType":"glow","displayAsButton":false,"buttonSize":"big","goToSlideType":"specified","invisible":false},{"x":39.473684210526315,"y":84.47263086759891,"width":39.99967105263158,"height":12.992410459011282,"action":{"library":"H5P.CRAdvancedText 1.1","params":{"text":"<p><span style=\"font-size:1.5em;color:hsl(0, 0%, 100%);\"><strong>Waan jeclahay<\/strong><\/span><\/p>"},"subContentId":"21e46634-0006-4a5c-84fa-5f50b4ea36cd","metadata":{"contentType":"Text","license":"U","title":"Untitled Text"}},"alwaysDisplayComments":false,"backgroundOpacity":0,"willDoAnimation":false,"animationType":"glow","displayAsButton":false,"buttonSize":"big","goToSlideType":"specified","invisible":false,"solution":""}],"slideBackgroundSelector":{}},{"elements":[{"x":4.934210526315789,"y":6.497894682122992,"width":92.49424342105263,"height":87.71832926131934,"action":{"library":"H5P.Image 1.1","params":{"contentName":"Image","file":{"path":"images\/file-66f3d63de85ec.gif","mime":"image\/gif","copyright":{"license":"U"},"width":1920,"height":1080}},"subContentId":"5b75cdb5-c22f-46f3-bdb5-0c5c22d36285","metadata":{"contentType":"Image","license":"U","title":"Untitled Image"}},"backgroundOpacity":0,"willDoAnimation":false,"animationType":"glow","displayAsButton":false,"buttonSize":"big","goToSlideType":"specified","invisible":false},{"x":23.026315789473685,"y":84.47263086759891,"width":55.91940789473684,"height":12.989031553776577,"action":{"library":"H5P.CRAdvancedText 1.1","params":{"text":"<p><span style=\"font-size:1.5em;color:hsl(0, 0%, 100%);\"><strong>Waan jeclahay sida aan u hadlo.<\/strong><\/span><\/p>"},"subContentId":"5c442ba4-a6a8-4578-be85-e0a7ab3d2b94","metadata":{"contentType":"Text","license":"U","title":"Untitled Text"}},"alwaysDisplayComments":false,"backgroundOpacity":0,"willDoAnimation":false,"animationType":"glow","displayAsButton":false,"buttonSize":"big","goToSlideType":"specified","invisible":false,"solution":""},{"x":47.00006578947369,"y":44.0012898320944,"width":40,"height":40,"action":{"library":"H5P.CRAudio 1.4","params":{"fitToWrapper":true,"currIndex":1,"playerMode":"minimalistic","controls":true,"autoplay":true,"playAudio":"Play audio","pauseAudio":"Pause audio","contentName":"Audio","glowColor":"#ffd85a","timeStampForEachText":[{"text":" Waan ","startDuration":"0.0000","endDuration":"0.2509","wordfile":[{"path":"audios\/wordfile-6706fc170f2e2.wav","mime":"audio\/x-wav","copyright":{"license":"U"}}]},{"text":" jeclahay ","startDuration":"0.2519","endDuration":"0.7013","wordfile":[{"path":"audios\/wordfile-6706fc4532c35.wav","mime":"audio\/x-wav","copyright":{"license":"U"}}]},{"text":" sida ","startDuration":"0.7023","endDuration":"1.0409","wordfile":[{"path":"audios\/wordfile-6706fc5a13f67.wav","mime":"audio\/x-wav","copyright":{"license":"U"}}]},{"text":" aan ","startDuration":"1.0409","endDuration":"1.1451","wordfile":[{"path":"audios\/wordfile-6706fce042828.wav","mime":"audio\/x-wav","copyright":{"license":"U"}}]},{"text":" u ","startDuration":"1.1461","endDuration":"1.2210","wordfile":[{"path":"audios\/wordfile-6706fd129c6f6.wav","mime":"audio\/x-wav","copyright":{"license":"U"}}]},{"text":" hadlo. ","startDuration":"1.2220","endDuration":"1.7455","wordfile":[{"path":"audios\/wordfile-6706fd1f54304.wav","mime":"audio\/x-wav","copyright":{"license":"U"}}]}],"files":[{"path":"audios\/files-6706faaeb7354.wav","mime":"audio\/x-wav","copyright":{"license":"U"}}]},"subContentId":"76f0d5e0-103d-49f0-b7cd-40925b907c76","metadata":{"contentType":"Curious Reader Audio","license":"U","title":"Untitled Curious Reader Audio"}},"backgroundOpacity":0,"willDoAnimation":false,"animationType":"glow","displayAsButton":false,"buttonSize":"big","goToSlideType":"specified","invisible":false}],"slideBackgroundSelector":{}},{"elements":[{"x":4.934210526315789,"y":6.497894682122992,"width":92.49424342105263,"height":87.71832926131934,"action":{"library":"H5P.Image 1.1","params":{"contentName":"Image","file":{"path":"images\/file-66f3d6516cdad.gif","mime":"image\/gif","copyright":{"license":"U"},"width":1920,"height":1080}},"subContentId":"5b75cdb5-c22f-46f3-bdb5-0c5c22d36285","metadata":{"contentType":"Image","license":"U","title":"Untitled Image"}},"backgroundOpacity":0,"willDoAnimation":false,"animationType":"glow","displayAsButton":false,"buttonSize":"big","goToSlideType":"specified","invisible":false},{"x":26.31578947368421,"y":84.47263086759891,"width":55.91940789473684,"height":12.992410459011282,"action":{"library":"H5P.CRAdvancedText 1.1","params":{"text":"<p><span style=\"font-size:1.5em;color:hsl(0, 0%, 100%);\"><strong>Waan jeclahay sida aan u qoslo.<\/strong><\/span><\/p>"},"subContentId":"401fd1d8-a45e-4de8-83c4-9bb4063e02aa","metadata":{"contentType":"Text","license":"U","title":"Untitled Text"}},"alwaysDisplayComments":false,"backgroundOpacity":0,"willDoAnimation":false,"animationType":"glow","displayAsButton":false,"buttonSize":"big","goToSlideType":"specified","invisible":false,"solution":""},{"x":47.00006578947369,"y":44.0012898320944,"width":40,"height":40,"action":{"library":"H5P.CRAudio 1.4","params":{"fitToWrapper":true,"currIndex":2,"playerMode":"minimalistic","controls":true,"autoplay":true,"playAudio":"Play audio","pauseAudio":"Pause audio","contentName":"Audio","glowColor":"#ffd85a","timeStampForEachText":[{"text":" Waan ","startDuration":"0.0000","endDuration":"0.2534","wordfile":[{"path":"audios\/wordfile-6706fd6f8a31b.wav","mime":"audio\/x-wav","copyright":{"license":"U"}}]},{"text":" jeclahay ","startDuration":"0.2544","endDuration":"0.7165","wordfile":[{"path":"audios\/wordfile-6706fd79bcd93.wav","mime":"audio\/x-wav","copyright":{"license":"U"}}]},{"text":" sida ","startDuration":"0.7239","endDuration":"1.0038","wordfile":[{"path":"audios\/wordfile-6706fd967058c.wav","mime":"audio\/x-wav","copyright":{"license":"U"}}]},{"text":" aan ","startDuration":"1.0048","endDuration":"1.1121","wordfile":[{"path":"audios\/wordfile-6706fdc2a5585.wav","mime":"audio\/x-wav","copyright":{"license":"U"}}]},{"text":" u ","startDuration":"1.1131","endDuration":"1.2198","wordfile":[{"path":"audios\/wordfile-6706fddf64c64.wav","mime":"audio\/x-wav","copyright":{"license":"U"}}]},{"text":" qoslo. ","startDuration":"1.2141","endDuration":"1.8115","wordfile":[{"path":"audios\/wordfile-6706fe0499f7e.wav","mime":"audio\/x-wav","copyright":{"license":"U"}}]}],"files":[{"path":"audios\/files-6706fac169768.wav","mime":"audio\/x-wav","copyright":{"license":"U"}}]},"subContentId":"9fd44104-9563-4863-a16f-b89480c38264","metadata":{"contentType":"Curious Reader Audio","license":"U","title":"Untitled Curious Reader Audio"}},"backgroundOpacity":0,"willDoAnimation":false,"animationType":"glow","displayAsButton":false,"buttonSize":"big","goToSlideType":"specified","invisible":false}],"slideBackgroundSelector":{}},{"elements":[{"x":4.934210526315789,"y":6.497894682122992,"width":92.49424342105263,"height":87.71832926131934,"action":{"library":"H5P.Image 1.1","params":{"contentName":"Image","file":{"path":"images\/file-66f3d6671e4bf.gif","mime":"image\/gif","copyright":{"license":"U"},"width":1920,"height":1080}},"subContentId":"5b75cdb5-c22f-46f3-bdb5-0c5c22d36285","metadata":{"contentType":"Image","license":"U","title":"Untitled Image"}},"backgroundOpacity":0,"willDoAnimation":false,"animationType":"glow","displayAsButton":false,"buttonSize":"big","goToSlideType":"specified","invisible":false},{"x":23.026315789473685,"y":84.47263086759891,"width":66.31546052631579,"height":12.992410459011282,"action":{"library":"H5P.CRAdvancedText 1.1","params":{"text":"<p><span style=\"font-size:1.5em;color:hsl(0, 0%, 100%);\"><strong>Waan jeclahay sida aan u dheelo.<\/strong><\/span><\/p>"},"subContentId":"f19c8024-6159-4d5f-9999-fa72ad1dc092","metadata":{"contentType":"Text","license":"U","title":"Untitled Text"}},"alwaysDisplayComments":false,"backgroundOpacity":0,"willDoAnimation":false,"animationType":"glow","displayAsButton":false,"buttonSize":"big","goToSlideType":"specified","invisible":false,"solution":""},{"x":47.00006578947369,"y":44.0012898320944,"width":40,"height":40,"action":{"library":"H5P.CRAudio 1.4","params":{"fitToWrapper":true,"currIndex":3,"playerMode":"minimalistic","controls":true,"autoplay":true,"playAudio":"Play audio","pauseAudio":"Pause audio","contentName":"Audio","glowColor":"#ffd85a","timeStampForEachText":[{"text":" Waan ","startDuration":"0.0000","endDuration":"0.2548","wordfile":[{"path":"audios\/wordfile-6706fe20e5131.wav","mime":"audio\/x-wav","copyright":{"license":"U"}}]},{"text":" jeclahay ","startDuration":"0.2558","endDuration":"0.7255","wordfile":[{"path":"audios\/wordfile-6706fe369ba9d.wav","mime":"audio\/x-wav","copyright":{"license":"U"}}]},{"text":" sida ","startDuration":"0.7265","endDuration":"0.9709","wordfile":[{"path":"audios\/wordfile-6706fe5296a24.wav","mime":"audio\/x-wav","copyright":{"license":"U"}}]},{"text":" aan ","startDuration":"0.9709","endDuration":"1.1709","wordfile":[{"path":"audios\/wordfile-6706fe7f49c0e.wav","mime":"audio\/x-wav","copyright":{"license":"U"}}]},{"text":" u ","startDuration":"1.1719","endDuration":"1.2773","wordfile":[{"path":"audios\/wordfile-6706fe8d85eaf.wav","mime":"audio\/x-wav","copyright":{"license":"U"}}]},{"text":" dheelo. ","startDuration":"1.2773","endDuration":"1.7991","wordfile":[{"path":"audios\/wordfile-6706febb8e3ec.wav","mime":"audio\/x-wav","copyright":{"license":"U"}}]}],"files":[{"path":"audios\/files-6706fad262afe.wav","mime":"audio\/x-wav","copyright":{"license":"U"}}]},"subContentId":"99e9edc3-7f96-4ff2-9955-663d9dc59ea3","metadata":{"contentType":"Curious Reader Audio","license":"U","title":"Untitled Curious Reader Audio"}},"backgroundOpacity":0,"willDoAnimation":false,"animationType":"glow","displayAsButton":false,"buttonSize":"big","goToSlideType":"specified","invisible":false}],"slideBackgroundSelector":{}},{"elements":[{"x":4.934210526315789,"y":6.497894682122992,"width":92.49424342105263,"height":87.71832926131934,"action":{"library":"H5P.Image 1.1","params":{"contentName":"Image","file":{"path":"images\/file-66f3d678455ea.jpg","mime":"image\/jpeg","copyright":{"license":"U"},"width":1920,"height":1080}},"subContentId":"5b75cdb5-c22f-46f3-bdb5-0c5c22d36285","metadata":{"contentType":"Image","license":"U","title":"Untitled Image"}},"backgroundOpacity":0,"willDoAnimation":false,"animationType":"glow","displayAsButton":false,"buttonSize":"big","goToSlideType":"specified","invisible":false},{"x":26.31578947368421,"y":84.47263086759891,"width":60.85361842105263,"height":9.743463117949785,"action":{"library":"H5P.CRAdvancedText 1.1","params":{"text":"<p><span style=\"font-size:1.5em;color:hsl(0, 0%, 100%);\"><strong>Waan jeclahay sida aan u boodo.<\/strong><\/span><\/p>"},"subContentId":"4d507790-e498-4f81-9b0e-8514fefb8620","metadata":{"contentType":"Text","license":"U","title":"Untitled Text"}},"alwaysDisplayComments":false,"backgroundOpacity":0,"willDoAnimation":false,"animationType":"glow","displayAsButton":false,"buttonSize":"big","goToSlideType":"specified","invisible":false,"solution":""},{"x":47.00006578947369,"y":44.0012898320944,"width":40,"height":40,"action":{"library":"H5P.CRAudio 1.4","params":{"fitToWrapper":true,"currIndex":4,"playerMode":"minimalistic","controls":true,"autoplay":true,"playAudio":"Play audio","pauseAudio":"Pause audio","contentName":"Audio","glowColor":"#ffd85a","timeStampForEachText":[{"text":" Waan ","startDuration":"0.0000","endDuration":"0.2931","wordfile":[{"path":"audios\/wordfile-6706fed4eb2a4.wav","mime":"audio\/x-wav","copyright":{"license":"U"}}]},{"text":"","startDuration":"0.2941","endDuration":"0.7190","wordfile":[{"path":"audios\/wordfile-6706fee4d363c.wav","mime":"audio\/x-wav","copyright":{"license":"U"}}]},{"text":" sida ","startDuration":"0.7200","endDuration":"0.9971","wordfile":[{"path":"audios\/wordfile-6706ff04929f0.wav","mime":"audio\/x-wav","copyright":{"license":"U"}}]},{"text":" aan ","startDuration":"0.9981","endDuration":"1.1210","wordfile":[{"path":"audios\/wordfile-6706ff1fd1f93.wav","mime":"audio\/x-wav","copyright":{"license":"U"}}]},{"text":" u ","startDuration":"1.1220","endDuration":"1.2802","wordfile":[{"path":"audios\/wordfile-6706ff3b55f27.wav","mime":"audio\/x-wav","copyright":{"license":"U"}}]},{"text":" boodo. ","startDuration":"1.2802","endDuration":"1.8214","wordfile":[{"path":"audios\/wordfile-6706ff46c82c6.wav","mime":"audio\/x-wav","copyright":{"license":"U"}}]}],"files":[{"path":"audios\/files-6706fae9beef4.wav","mime":"audio\/x-wav","copyright":{"license":"U"}}]},"subContentId":"e0c62962-a434-41fd-a2e8-dd18673f2566","metadata":{"contentType":"Curious Reader Audio","license":"U","title":"Untitled Curious Reader Audio"}},"backgroundOpacity":0,"willDoAnimation":false,"animationType":"glow","displayAsButton":false,"buttonSize":"big","goToSlideType":"specified","invisible":false}],"slideBackgroundSelector":{}},{"elements":[{"x":4.934210526315789,"y":6.497894682122992,"width":92.49424342105263,"height":87.71832926131934,"action":{"library":"H5P.Image 1.1","params":{"contentName":"Image","file":{"path":"images\/file-66f3d6a02677f.gif","mime":"image\/gif","copyright":{"license":"U"},"width":1920,"height":1080}},"subContentId":"5b75cdb5-c22f-46f3-bdb5-0c5c22d36285","metadata":{"contentType":"Image","license":"U","title":"Untitled Image"}},"backgroundOpacity":0,"willDoAnimation":false,"animationType":"glow","displayAsButton":false,"buttonSize":"big","goToSlideType":"specified","invisible":false},{"x":26.31578947368421,"y":84.47263086759891,"width":62.4983552631579,"height":9.74008421271508,"action":{"library":"H5P.CRAdvancedText 1.1","params":{"text":"<p><span style=\"font-size:1.5em;color:hsl(0, 0%, 100%);\"><strong>Waan jeclahay sida aan u ordo.<\/strong><\/span><\/p>"},"subContentId":"e2ec6dcf-a6e1-47cf-aa24-d82dc73eea7f","metadata":{"contentType":"Text","license":"U","title":"Untitled Text"}},"alwaysDisplayComments":false,"backgroundOpacity":0,"willDoAnimation":false,"animationType":"glow","displayAsButton":false,"buttonSize":"big","goToSlideType":"specified","invisible":false,"solution":""},{"x":47.00006578947369,"y":44.0012898320944,"width":40,"height":40,"action":{"library":"H5P.CRAudio 1.4","params":{"fitToWrapper":true,"currIndex":5,"playerMode":"minimalistic","controls":true,"autoplay":true,"playAudio":"Play audio","pauseAudio":"Pause audio","contentName":"Audio","glowColor":"#ffd85a","timeStampForEachText":[{"text":" Waan ","startDuration":"0.0000","endDuration":"0.2414","wordfile":[{"path":"audios\/wordfile-6706ff8a2a642.wav","mime":"audio\/x-wav","copyright":{"license":"U"}}]},{"text":" jeclahay ","startDuration":"0.2424","endDuration":"0.7511","wordfile":[{"path":"audios\/wordfile-6706ff9659c8c.wav","mime":"audio\/x-wav","copyright":{"license":"U"}}]},{"text":" sida ","startDuration":"0.7511","endDuration":"1.0259","wordfile":[{"path":"audios\/wordfile-6706ffc1d1da4.wav","mime":"audio\/x-wav","copyright":{"license":"U"}}]},{"text":" aan ","startDuration":"1.0269","endDuration":"1.1295","wordfile":[{"path":"audios\/wordfile-6706ffd1a54d7.wav","mime":"audio\/x-wav","copyright":{"license":"U"}}]},{"text":" u ","startDuration":"1.1305","endDuration":"1.2369","wordfile":[{"path":"audios\/wordfile-6706ffee5c8a6.wav","mime":"audio\/x-wav","copyright":{"license":"U"}}]},{"text":" ordo. ","startDuration":"1.2369","endDuration":"1.7678","wordfile":[{"path":"audios\/wordfile-67070015d85bd.wav","mime":"audio\/x-wav","copyright":{"license":"U"}}]}],"files":[{"path":"audios\/files-6706faf9787ab.wav","mime":"audio\/x-wav","copyright":{"license":"U"}}]},"subContentId":"e9c4d277-d1cd-4489-8744-e746cb2bd247","metadata":{"contentType":"Curious Reader Audio","license":"U","title":"Untitled Curious Reader Audio"}},"backgroundOpacity":0,"willDoAnimation":false,"animationType":"glow","displayAsButton":false,"buttonSize":"big","goToSlideType":"specified","invisible":false}],"slideBackgroundSelector":{}},{"elements":[{"x":4.934210526315789,"y":6.497894682122992,"width":92.49424342105263,"height":87.71832926131934,"action":{"library":"H5P.Image 1.1","params":{"contentName":"Image","file":{"path":"images\/file-66f3d6b5d9c52.gif","mime":"image\/gif","copyright":{"license":"U"},"width":1920,"height":1080}},"subContentId":"5b75cdb5-c22f-46f3-bdb5-0c5c22d36285","metadata":{"contentType":"Image","license":"U","title":"Untitled Image"}},"backgroundOpacity":0,"willDoAnimation":false,"animationType":"glow","displayAsButton":false,"buttonSize":"big","goToSlideType":"specified","invisible":false},{"x":26.31578947368421,"y":84.47263086759891,"width":52.629934210526315,"height":9.743463117949785,"action":{"library":"H5P.CRAdvancedText 1.1","params":{"text":"<p><span style=\"font-size:1.5em;color:hsl(0, 0%, 100%);\"><strong>Waan jeclahay sida aan u cuno.<\/strong><\/span><\/p>"},"subContentId":"9e020331-5fb8-4fff-b22a-a5fa116c068b","metadata":{"contentType":"Text","license":"U","title":"Untitled Text"}},"alwaysDisplayComments":false,"backgroundOpacity":0,"willDoAnimation":false,"animationType":"glow","displayAsButton":false,"buttonSize":"big","goToSlideType":"specified","invisible":false,"solution":""},{"x":47.00006578947369,"y":44.0012898320944,"width":40,"height":40,"action":{"library":"H5P.CRAudio 1.4","params":{"fitToWrapper":true,"currIndex":6,"playerMode":"minimalistic","controls":true,"autoplay":true,"playAudio":"Play audio","pauseAudio":"Pause audio","contentName":"Audio","glowColor":"#ffd85a","timeStampForEachText":[{"text":" Waan ","startDuration":"0.0000","endDuration":"0.3061","wordfile":[{"path":"audios\/wordfile-67070049e6d9b.wav","mime":"audio\/x-wav","copyright":{"license":"U"}}]},{"text":" jeclahay ","startDuration":"0.3061","endDuration":"0.7829","wordfile":[{"path":"audios\/wordfile-6707005643954.wav","mime":"audio\/x-wav","copyright":{"license":"U"}}]},{"text":" sida ","startDuration":"0.7829","endDuration":"1.0700","wordfile":[{"path":"audios\/wordfile-6707007280b88.wav","mime":"audio\/x-wav","copyright":{"license":"U"}}]},{"text":" aan ","startDuration":"1.0700","endDuration":"1.1752","wordfile":[{"path":"audios\/wordfile-6707007e1f50b.wav","mime":"audio\/x-wav","copyright":{"license":"U"}}]},{"text":" u ","startDuration":"1.1752","endDuration":"1.3254","wordfile":[{"path":"audios\/wordfile-6707008d2bfa0.wav","mime":"audio\/x-wav","copyright":{"license":"U"}}]},{"text":" cuno. ","startDuration":"1.3254","endDuration":"1.7634","wordfile":[{"path":"audios\/wordfile-6707009a06493.wav","mime":"audio\/x-wav","copyright":{"license":"U"}}]}],"files":[{"path":"audios\/files-6706fb0839789.wav","mime":"audio\/x-wav","copyright":{"license":"U"}}]},"subContentId":"e2c30ef6-5848-4707-97f4-36e722c43d73","metadata":{"contentType":"Curious Reader Audio","license":"U","title":"Untitled Curious Reader Audio"}},"backgroundOpacity":0,"willDoAnimation":false,"animationType":"glow","displayAsButton":false,"buttonSize":"big","goToSlideType":"specified","invisible":false}],"slideBackgroundSelector":{}},{"elements":[{"x":4.934210526315789,"y":6.497894682122992,"width":92.49424342105263,"height":87.71832926131934,"action":{"library":"H5P.Image 1.1","params":{"contentName":"Image","file":{"path":"images\/file-66f3d6cc4432a.jpg","mime":"image\/jpeg","copyright":{"license":"U"},"width":1920,"height":1080}},"subContentId":"5b75cdb5-c22f-46f3-bdb5-0c5c22d36285","metadata":{"contentType":"Image","license":"U","title":"Untitled Image"}},"backgroundOpacity":0,"willDoAnimation":false,"animationType":"glow","displayAsButton":false,"buttonSize":"big","goToSlideType":"specified","invisible":false},{"x":19.736842105263158,"y":81.22368352653741,"width":65.78782894736842,"height":12.989031553776577,"action":{"library":"H5P.CRAdvancedText 1.1","params":{"text":"<p><span style=\"font-size:1.5em;color:hsl(0, 0%, 100%);\"><strong>Waan jeclahay sida aan wax u akhriyo<\/strong><\/span><\/p>"},"subContentId":"e265022a-6bec-4cf0-8767-1b5d39a5a7bf","metadata":{"contentType":"Text","license":"U","title":"Untitled Text"}},"alwaysDisplayComments":false,"backgroundOpacity":0,"willDoAnimation":false,"animationType":"glow","displayAsButton":false,"buttonSize":"big","goToSlideType":"specified","invisible":false,"solution":""},{"x":47.00006578947369,"y":44.0012898320944,"width":40,"height":40,"action":{"library":"H5P.CRAudio 1.4","params":{"fitToWrapper":true,"currIndex":7,"playerMode":"minimalistic","controls":true,"autoplay":true,"playAudio":"Play audio","pauseAudio":"Pause audio","contentName":"Audio","glowColor":"#ffd85a","timeStampForEachText":[{"text":" Waan ","startDuration":"0.0000","endDuration":"0.3708","wordfile":[{"path":"audios\/wordfile-670700f3de7fa.wav","mime":"audio\/x-wav","copyright":{"license":"U"}}]},{"text":" jeclahay ","startDuration":"0.3708","endDuration":"0.8320","wordfile":[{"path":"audios\/wordfile-670700fe8c848.wav","mime":"audio\/x-wav","copyright":{"license":"U"}}]},{"text":" sida ","startDuration":"0.8320","endDuration":"1.1046","wordfile":[{"path":"audios\/wordfile-67070121efb42.wav","mime":"audio\/x-wav","copyright":{"license":"U"}}]},{"text":" aan ","startDuration":"1.1046","endDuration":"1.2310","wordfile":[{"path":"audios\/wordfile-67070132ce106.wav","mime":"audio\/x-wav","copyright":{"license":"U"}}]},{"text":" wax ","startDuration":"1.2320","endDuration":"1.5029","wordfile":[{"path":"audios\/wordfile-670701861e6dd.wav","mime":"audio\/x-wav","copyright":{"license":"U"}}]},{"text":" u ","startDuration":"1.5039","endDuration":"1.6218","wordfile":[{"path":"audios\/wordfile-670701cb0a495.wav","mime":"audio\/x-wav","copyright":{"license":"U"}}]},{"text":" akhriyo ","startDuration":"1.6228","endDuration":"2.1161","wordfile":[{"path":"audios\/wordfile-670701e59c61d.wav","mime":"audio\/x-wav","copyright":{"license":"U"}}]}],"files":[{"path":"audios\/files-6706fb188c529.wav","mime":"audio\/x-wav","copyright":{"license":"U"}}]},"subContentId":"0085de73-c21f-4df1-878d-11c8b51b04c7","metadata":{"contentType":"Curious Reader Audio","license":"U","title":"Untitled Curious Reader Audio"}},"backgroundOpacity":0,"willDoAnimation":false,"animationType":"glow","displayAsButton":false,"buttonSize":"big","goToSlideType":"specified","invisible":false}],"slideBackgroundSelector":{}},{"elements":[{"x":4.934210526315789,"y":6.497894682122992,"width":92.49424342105263,"height":87.71832926131934,"action":{"library":"H5P.Image 1.1","params":{"contentName":"Image","file":{"path":"images\/file-66f3d6e121c1f.gif","mime":"image\/gif","copyright":{"license":"U"},"width":1920,"height":1080}},"subContentId":"5b75cdb5-c22f-46f3-bdb5-0c5c22d36285","metadata":{"contentType":"Image","license":"U","title":"Untitled Image"}},"backgroundOpacity":0,"willDoAnimation":false,"animationType":"glow","displayAsButton":false,"buttonSize":"big","goToSlideType":"specified","invisible":false},{"x":24.67105263157895,"y":81.22368352653741,"width":62.890625,"height":12.992410459011282,"action":{"library":"H5P.CRAdvancedText 1.1","params":{"text":"<p><span style=\"font-size:1.5em;color:hsl(0,0%,100%);\"><strong>Waan jeclahay sida aan u fikiro.<\/strong><\/span><\/p>"},"subContentId":"359fd894-ea50-42c1-b817-e5bd5db5b434","metadata":{"contentType":"Text","license":"U","title":"Untitled Text"}},"alwaysDisplayComments":false,"backgroundOpacity":0,"willDoAnimation":false,"animationType":"glow","displayAsButton":false,"buttonSize":"big","goToSlideType":"specified","invisible":false,"solution":""},{"x":47.00006578947369,"y":44.0012898320944,"width":40,"height":40,"action":{"library":"H5P.CRAudio 1.4","params":{"fitToWrapper":true,"currIndex":8,"playerMode":"minimalistic","controls":true,"autoplay":true,"playAudio":"Play audio","pauseAudio":"Pause audio","contentName":"Audio","glowColor":"#ffd85a","timeStampForEachText":[{"text":" Waan ","startDuration":"0.0000","endDuration":"0.2725","wordfile":[{"path":"audios\/wordfile-67070263874b2.wav","mime":"audio\/x-wav","copyright":{"license":"U"}}]},{"text":" jeclahay ","startDuration":"0.2735","endDuration":"0.7260","wordfile":[{"path":"audios\/wordfile-6707027eaeb6e.wav","mime":"audio\/x-wav","copyright":{"license":"U"}}]},{"text":" sida ","startDuration":"0.7270","endDuration":"0.9558","wordfile":[{"path":"audios\/wordfile-6707028cb66bb.wav","mime":"audio\/x-wav","copyright":{"license":"U"}}]},{"text":" aan ","startDuration":"0.9558","endDuration":"1.1408","wordfile":[{"path":"audios\/wordfile-670702a8d9790.wav","mime":"audio\/x-wav","copyright":{"license":"U"}}]},{"text":" u ","startDuration":"1.1418","endDuration":"1.2970","wordfile":[{"path":"audios\/wordfile-670702f9e4eb3.wav","mime":"audio\/x-wav","copyright":{"license":"U"}}]},{"text":" fikiro. ","startDuration":"1.2970","endDuration":"1.8125","wordfile":[{"path":"audios\/wordfile-6707030d15360.wav","mime":"audio\/x-wav","copyright":{"license":"U"}}]}],"files":[{"path":"audios\/files-6706fb2a101f9.wav","mime":"audio\/x-wav","copyright":{"license":"U"}}]},"subContentId":"1f6f7015-aeeb-47d7-95be-bf8cabb13245","metadata":{"contentType":"Curious Reader Audio","license":"U","title":"Untitled Curious Reader Audio"}},"backgroundOpacity":0,"willDoAnimation":false,"animationType":"glow","displayAsButton":false,"buttonSize":"big","goToSlideType":"specified","invisible":false}],"slideBackgroundSelector":{}},{"elements":[{"x":3.289473684210526,"y":6.497894682122992,"width":94.13898026315789,"height":87.71832926131934,"action":{"library":"H5P.Image 1.1","params":{"contentName":"Image","file":{"path":"images\/file-67235d56bffd7.gif","mime":"image\/gif","copyright":{"license":"U"},"width":1920,"height":1080}},"subContentId":"cd1fb84c-d532-4a61-959b-65bf7f2b8da0","metadata":{"contentType":"Image","license":"U","title":"Untitled Image"}},"backgroundOpacity":0,"willDoAnimation":false,"animationType":"glow","displayAsButton":false,"buttonSize":"big","goToSlideType":"specified","invisible":false},{"x":24.67105263157895,"y":84.47263086759891,"width":59.20888157894737,"height":12.992410459011282,"action":{"library":"H5P.CRAdvancedText 1.1","params":{"text":"<p><span style=\"font-size:1.5em;color:hsl(0, 0%, 100%);\"><strong>Waan jeclahay sida aan u labiisto.<\/strong><\/span><\/p>"},"subContentId":"d5aaf22b-1693-4747-a93a-c61760732007","metadata":{"contentType":"Text","license":"U","title":"Untitled Text"}},"alwaysDisplayComments":false,"backgroundOpacity":0,"willDoAnimation":false,"animationType":"glow","displayAsButton":false,"buttonSize":"big","goToSlideType":"specified","invisible":false,"solution":""},{"x":47.00006578947369,"y":44.0012898320944,"width":40,"height":40,"action":{"library":"H5P.CRAudio 1.4","params":{"fitToWrapper":true,"currIndex":9,"playerMode":"minimalistic","controls":true,"autoplay":true,"playAudio":"Play audio","pauseAudio":"Pause audio","contentName":"Audio","glowColor":"#ffd85a","timeStampForEachText":[{"text":" Waan ","startDuration":"0.0000","endDuration":"0.2762","wordfile":[{"path":"audios\/wordfile-6707035671e7e.wav","mime":"audio\/x-wav","copyright":{"license":"U"}}]},{"text":" jeclahay ","startDuration":"0.2772","endDuration":"0.7299","wordfile":[{"path":"audios\/wordfile-67070363eed3d.wav","mime":"audio\/x-wav","copyright":{"license":"U"}}]},{"text":" sida ","startDuration":"0.7309","endDuration":"0.9700","wordfile":[{"path":"audios\/wordfile-6707037e829d8.wav","mime":"audio\/x-wav","copyright":{"license":"U"}}]},{"text":" aan ","startDuration":"0.9700","endDuration":"1.2447","wordfile":[{"path":"audios\/wordfile-670703a7403bd.wav","mime":"audio\/x-wav","copyright":{"license":"U"}}]},{"text":" u ","startDuration":"1.2457","endDuration":"1.4457","wordfile":[{"path":"audios\/wordfile-670703b7ae5a2.wav","mime":"audio\/x-wav","copyright":{"license":"U"}}]},{"text":" labiisto. ","startDuration":"1.4467","endDuration":"2.0179","wordfile":[{"path":"audios\/wordfile-670703cf4ffc9.wav","mime":"audio\/x-wav","copyright":{"license":"U"}}]}],"files":[{"path":"audios\/files-6706fb3abdb19.wav","mime":"audio\/x-wav","copyright":{"license":"U"}}]},"subContentId":"02827f8f-f2c4-4695-a34d-a6ee5efeb39e","metadata":{"contentType":"Curious Reader Audio","license":"U","title":"Untitled Curious Reader Audio"}},"backgroundOpacity":0,"willDoAnimation":false,"animationType":"glow","displayAsButton":false,"buttonSize":"big","goToSlideType":"specified","invisible":false}],"slideBackgroundSelector":{}},{"elements":[{"x":0,"y":0,"width":100,"height":99.99677234719216,"action":{"library":"H5P.Image 1.1","params":{"contentName":"Image","file":{"path":"images\/file-66f3d732770da.gif","mime":"image\/gif","copyright":{"license":"U"},"width":1920,"height":1080}},"subContentId":"5b75cdb5-c22f-46f3-bdb5-0c5c22d36285","metadata":{"contentType":"Image","license":"U","title":"Untitled Image"}},"backgroundOpacity":0,"willDoAnimation":false,"animationType":"glow","displayAsButton":false,"buttonSize":"big","goToSlideType":"specified","invisible":false},{"x":16.33986928104575,"y":89.29839435031653,"width":74.07407407407408,"height":10.758842692809221,"action":{"library":"H5P.CRAdvancedText 1.1","params":{"text":"<p><span style=\"font-size:1.5em;color:hsl(0, 0%, 100%);\"><strong>Waan jeclahay sida aan naftayda u jeclahay.<\/strong><\/span><\/p>"},"subContentId":"715757b2-60be-416c-b42f-7ee534d1e6c5","metadata":{"contentType":"Text","license":"U","title":"Untitled Text"}},"alwaysDisplayComments":false,"backgroundOpacity":0,"willDoAnimation":false,"animationType":"glow","displayAsButton":false,"buttonSize":"big","goToSlideType":"specified","invisible":false,"solution":""},{"x":47.00006578947369,"y":44.0012898320944,"width":40,"height":40,"action":{"library":"H5P.CRAudio 1.4","params":{"fitToWrapper":true,"currIndex":10,"playerMode":"minimalistic","controls":true,"autoplay":true,"playAudio":"Play audio","pauseAudio":"Pause audio","contentName":"Audio","glowColor":"#ffd85a","timeStampForEachText":[{"text":" Waan ","startDuration":"0.0000","endDuration":"0.3256","wordfile":[{"path":"audios\/wordfile-670703f1320ae.wav","mime":"audio\/x-wav","copyright":{"license":"U"}}]},{"text":" jeclahay ","startDuration":"0.3266","endDuration":"0.8414","wordfile":[{"path":"audios\/wordfile-6707040403f6f.wav","mime":"audio\/x-wav","copyright":{"license":"U"}}]},{"text":" sida ","startDuration":"0.8424","endDuration":"1.0980","wordfile":[{"path":"audios\/wordfile-670704264a5b1.wav","mime":"audio\/x-wav","copyright":{"license":"U"}}]},{"text":" aan ","startDuration":"1.0990","endDuration":"1.2620","wordfile":[{"path":"audios\/wordfile-67070441d622d.wav","mime":"audio\/x-wav","copyright":{"license":"U"}}]},{"text":" naftayda ","startDuration":"1.2630","endDuration":"1.6399","wordfile":[{"path":"audios\/wordfile-6707047e04fe5.wav","mime":"audio\/x-wav","copyright":{"license":"U"}}]},{"text":" u ","startDuration":"1.6584","endDuration":"1.7982","wordfile":[{"path":"audios\/wordfile-67070489f1f6a.wav","mime":"audio\/x-wav","copyright":{"license":"U"}}]},{"text":" jeclahay. ","startDuration":"1.7992","endDuration":"2.6250","wordfile":[{"path":"audios\/wordfile-670704bf358b9.wav","mime":"audio\/x-wav","copyright":{"license":"U"}}]}],"files":[{"path":"audios\/files-6706fb46cc637.wav","mime":"audio\/x-wav","copyright":{"license":"U"}}]},"subContentId":"41eab82c-77a2-408d-8523-c2e902cf6d6d","metadata":{"contentType":"Curious Reader Audio","license":"U","title":"Untitled Curious Reader Audio"}},"backgroundOpacity":0,"willDoAnimation":false,"animationType":"glow","displayAsButton":false,"buttonSize":"big","goToSlideType":"specified","invisible":false}],"slideBackgroundSelector":{}},{"elements":[{"x":4.934210526315789,"y":6.497894682122992,"width":90.84950657894737,"height":87.71832926131934,"action":{"library":"H5P.Image 1.1","params":{"contentName":"Image","file":{"path":"images\/file-672f12b349246.png","mime":"image\/png","copyright":{"license":"U"},"width":1830,"height":928}},"subContentId":"627be6bd-ffe8-4acb-a4d2-729e48280dfe","metadata":{"contentType":"Image","license":"U","title":"Untitled Image"}},"backgroundOpacity":0,"willDoAnimation":false,"animationType":"glow","displayAsButton":false,"buttonSize":"big","goToSlideType":"specified","invisible":false}],"slideBackgroundSelector":{}}],"keywordListEnabled":true,"globalBackgroundSelector":{},"keywordListAlwaysShow":false,"keywordListAutoHide":false,"keywordListOpacity":90},"override":{"activeSurface":false,"hideSummarySlide":false,"summarySlideSolutionButton":true,"summarySlideRetryButton":true,"enablePrintButton":false,"social":{"showFacebookShare":false,"facebookShare":{"url":"@currentpageurl","quote":"I scored @score out of @maxScore on a task at @currentpageurl."},"showTwitterShare":false,"twitterShare":{"statement":"I scored @score out of @maxScore on a task at @currentpageurl.","url":"@currentpageurl","hashtags":"h5p, course"},"showGoogleShare":false,"googleShareUrl":"@currentpageurl"}},"l10n":{"slide":"Slide","score":"Score","yourScore":"Your Score","maxScore":"Max Score","total":"Total","totalScore":"Total Score","showSolutions":"Show solutions","retry":"Retry","exportAnswers":"Export text","hideKeywords":"Hide sidebar navigation menu","showKeywords":"Show sidebar navigation menu","fullscreen":"Fullscreen","exitFullscreen":"Exit fullscreen","prevSlide":"Previous slide","nextSlide":"Next slide","currentSlide":"Current slide","lastSlide":"Last slide","solutionModeTitle":"Exit solution mode","solutionModeText":"Solution Mode","summaryMultipleTaskText":"Multiple tasks","scoreMessage":"You achieved:","shareFacebook":"Share on Facebook","shareTwitter":"Share on Twitter","shareGoogle":"Share on Google+","summary":"Summary","solutionsButtonTitle":"Show comments","printTitle":"Print","printIngress":"How would you like to print this presentation?","printAllSlides":"Print all slides","printCurrentSlide":"Print current slide","noTitle":"No title","accessibilitySlideNavigationExplanation":"Use left and right arrow to change slide in that direction whenever canvas is selected.","accessibilityCanvasLabel":"Presentation canvas. Use left and right arrow to move between slides.","containsNotCompleted":"@slideName contains not completed interaction","containsCompleted":"@slideName contains completed interaction","slideCount":"Slide @index of @total","containsOnlyCorrect":"@slideName only has correct answers","containsIncorrectAnswers":"@slideName has incorrect answers","shareResult":"Share Result","accessibilityTotalScore":"You got @score of @maxScore points in total","accessibilityEnteredFullscreen":"Entered fullscreen","accessibilityExitedFullscreen":"Exited fullscreen"}}