{"presentation":{"slides":[{"elements":[{"x":16.338997821350763,"y":0,"width":70.1525054466231,"height":79.56989247311827,"action":{"library":"H5P.Image 1.1","params":{"contentName":"Image","file":{"path":"images\/file-65789116ed4b7.jpg","mime":"image\/jpeg","copyright":{"license":"U"},"width":1024,"height":490}},"subContentId":"4ee28616-8931-4205-be08-3db96ae318ac","metadata":{"contentType":"Image","license":"U","title":"Untitled Image"}},"backgroundOpacity":0,"willDoAnimation":false,"animationType":"glow","displayAsButton":false,"buttonSize":"big","goToSlideType":"specified","invisible":false},{"x":20.22058823529412,"y":83.59710713125284,"width":66.44880174291939,"height":14.90563317546355,"action":{"library":"H5P.CRAdvancedText 1.1","params":{"text":"<p dir=\"ltr\"><span style=\"font-size:2.25em;\">\u0995\u09c7 \u0986\u09ae\u09be\u0995\u09c7 \u09b8\u09be\u09b9\u09be\u09af\u09cd\u09af \u0995\u09b0\u09a4\u09c7 \u09aa\u09be\u09b0\u09c7?<\/span><\/p>\n"},"subContentId":"30f4974f-66cd-47ee-855f-91af13c9e543","metadata":{"contentType":"Text","license":"U","title":"Untitled Text"}},"alwaysDisplayComments":false,"backgroundOpacity":0,"willDoAnimation":false,"animationType":"glow","displayAsButton":false,"buttonSize":"big","goToSlideType":"specified","invisible":false,"solution":""}],"slideBackgroundSelector":{}},{"elements":[{"x":6.377551020408164,"y":2.5188916876574305,"width":40.05102040816327,"height":92.4433249370277,"action":{"library":"H5P.Image 1.1","params":{"contentName":"Image","file":{"path":"images\/file-657891ce69d36.jpg","mime":"image\/jpeg","copyright":{"license":"U"},"width":1024,"height":1104}},"subContentId":"a8bbbdc6-fd56-4c0a-be57-a277b023598e","metadata":{"contentType":"Image","license":"U","title":"Untitled Image"}},"backgroundOpacity":0,"willDoAnimation":false,"animationType":"glow","displayAsButton":false,"buttonSize":"big","goToSlideType":"specified","invisible":false},{"x":49.63235294117647,"y":37.83236363636364,"width":45.955882352941174,"height":40,"action":{"library":"H5P.CRAdvancedText 1.1","params":{"text":"<p dir=\"ltr\"><span style=\"font-size:1.75em;\">\u0986\u09ae\u09bf \u098f\u0995\u099f\u09be \u09ac\u0987 \u09aa\u09dc\u09a4\u09c7 \u099a\u09be\u0987\u0964<\/span><\/p>\n"},"subContentId":"c8b60310-4941-42a1-8058-950e9d33749c","metadata":{"contentType":"Text","license":"U","title":"Untitled Text"}},"alwaysDisplayComments":false,"backgroundOpacity":0,"willDoAnimation":false,"animationType":"glow","displayAsButton":false,"buttonSize":"big","goToSlideType":"specified","invisible":false,"solution":""},{"x":46.96691176470588,"y":44,"width":40,"height":40,"action":{"library":"H5P.CRAudio 1.4","params":{"fitToWrapper":true,"currIndex":1,"playerMode":"minimalistic","controls":true,"autoplay":true,"playAudio":"Play audio","pauseAudio":"Pause audio","contentName":"Audio","glowColor":"#ffd85a","timeStampForEachText":[{"text":" \u0986\u09ae\u09bf ","startDuration":"0.0000","endDuration":"0.5454","wordfile":[{"path":"audios\/wordfile-6721f91fcf2ec.mp3","mime":"audio\/mpeg","copyright":{"license":"U"}}]},{"text":" \u098f\u0995\u099f\u09be ","startDuration":"0.5464","endDuration":"0.9214","wordfile":[{"path":"audios\/wordfile-6721f9410b0cb.mp3","mime":"audio\/mpeg","copyright":{"license":"U"}}]},{"text":" \u09ac\u0987 ","startDuration":"0.9224","endDuration":"1.4347","wordfile":[{"path":"audios\/wordfile-6721f963401af.mp3","mime":"audio\/mpeg","copyright":{"license":"U"}}]},{"text":" \u09aa\u09dc\u09a4\u09c7 ","startDuration":"1.4357","endDuration":"1.7895","wordfile":[{"path":"audios\/wordfile-6721f97c897fb.mp3","mime":"audio\/mpeg","copyright":{"license":"U"}}]},{"text":" \u099a\u09be\u0987\u0964 ","startDuration":"1.7905","endDuration":"2.1924","wordfile":[{"path":"audios\/wordfile-6721f9925c376.mp3","mime":"audio\/mpeg","copyright":{"license":"U"}}]}],"files":[{"path":"audios\/files-6682ee623e4b6.mp3","mime":"audio\/mpeg","copyright":{"license":"U"}}]},"subContentId":"f1ee2f19-1243-4ce4-8ef5-98ac9fb6cb4b","metadata":{"contentType":"Curious Reader Audio","license":"U","title":"Untitled Curious Reader Audio"}},"backgroundOpacity":0,"willDoAnimation":false,"animationType":"glow","displayAsButton":false,"buttonSize":"big","goToSlideType":"specified","invisible":false},{"x":7.352941176470588,"y":3.6363636363636362,"width":23.345588235294116,"height":40,"action":{"library":"H5P.Image 1.1","params":{"contentName":"Image"},"subContentId":"b14d037d-f51b-445a-8b24-efcd28720e66","metadata":{"contentType":"Image","license":"U","title":"Untitled Image"}},"backgroundOpacity":0,"willDoAnimation":true,"animationType":"glow","displayAsButton":false,"buttonSize":"big","goToSlideType":"specified","invisible":false,"id":"imgf1ee2f19-1243-4ce4-8ef5-98ac9fb6cb4b_1"}],"slideBackgroundSelector":{}},{"elements":[{"x":6.377551020408164,"y":5.037783375314861,"width":44.642857142857146,"height":89.92443324937027,"action":{"library":"H5P.Image 1.1","params":{"contentName":"Image","file":{"path":"images\/file-65789225cad34.jpg","mime":"image\/jpeg","copyright":{"license":"U"},"width":1024,"height":735}},"subContentId":"f6250ed8-6f7a-4f43-b90c-24ca52d0e0e7","metadata":{"contentType":"Image","license":"U","title":"Untitled Image"}},"backgroundOpacity":0,"willDoAnimation":false,"animationType":"glow","displayAsButton":false,"buttonSize":"big","goToSlideType":"specified","invisible":false},{"x":48.46938775510204,"y":40.30226700251889,"width":46.42857142857143,"height":40.050377833753146,"action":{"library":"H5P.CRAdvancedText 1.1","params":{"text":"<p dir=\"ltr\" style=\"text-align: center;\"><span style=\"font-size:1.75em;\">\u0986\u09ae\u09be\u09b0 \u0995\u09be\u099b\u09c7 \u09ac\u0987 \u09a8\u09c7\u0987\u0964<\/span><\/p>\n"},"subContentId":"5c66f369-498f-4040-837a-8ce79ef694eb","metadata":{"contentType":"Text","license":"U","title":"Untitled Text"}},"alwaysDisplayComments":false,"backgroundOpacity":0,"willDoAnimation":false,"animationType":"glow","displayAsButton":false,"buttonSize":"big","goToSlideType":"specified","invisible":false,"solution":""},{"x":46.97624190064795,"y":44.01709401709402,"width":40,"height":40,"action":{"library":"H5P.CRAudio 1.4","params":{"fitToWrapper":true,"currIndex":2,"playerMode":"minimalistic","controls":true,"autoplay":true,"playAudio":"Play audio","pauseAudio":"Pause audio","contentName":"Audio","glowColor":"#ffd85a","timeStampForEachText":[{"text":" \u0986\u09ae\u09be\u09b0 ","startDuration":"0.2891","endDuration":"0.6414","wordfile":[{"path":"audios\/wordfile-6721fa016d4ff.mp3","mime":"audio\/mpeg","copyright":{"license":"U"}}]},{"text":" \u0995\u09be\u099b\u09c7 ","startDuration":"0.6424","endDuration":"0.8424","wordfile":[{"path":"audios\/wordfile-6721fa1c7c02e.mp3","mime":"audio\/mpeg","copyright":{"license":"U"}}]},{"text":" \u09ac\u0987 ","startDuration":"0.8434","endDuration":"1.0434","wordfile":[{"path":"audios\/wordfile-6721fa335d560.mp3","mime":"audio\/mpeg","copyright":{"license":"U"}}]},{"text":" \u09a8\u09c7\u0987\u0964 ","startDuration":"1.0444","endDuration":"1.4827","wordfile":[{"path":"audios\/wordfile-6721fa524f39e.mp3","mime":"audio\/mpeg","copyright":{"license":"U"}}]}],"files":[{"path":"audios\/files-6682f0ee5a2f3.mp3","mime":"audio\/mpeg","copyright":{"license":"U"}}]},"subContentId":"de633f9d-63e2-4154-ba35-769cc287dfc4","metadata":{"contentType":"Curious Reader Audio","license":"U","title":"Untitled Curious Reader Audio"}},"backgroundOpacity":0,"willDoAnimation":false,"animationType":"glow","displayAsButton":false,"buttonSize":"big","goToSlideType":"specified","invisible":false},{"x":5.514705882352941,"y":29.09090909090909,"width":27.02205882352941,"height":53.45454545454545,"action":{"library":"H5P.Image 1.1","params":{"contentName":"Image"},"subContentId":"cb6fa774-a7e8-4fdb-86e4-d566f914e362","metadata":{"contentType":"Image","license":"U","title":"Untitled Image"}},"backgroundOpacity":0,"willDoAnimation":true,"animationType":"glow","displayAsButton":false,"buttonSize":"big","goToSlideType":"specified","invisible":false,"id":"imgde633f9d-63e2-4154-ba35-769cc287dfc4_0"}],"slideBackgroundSelector":{}},{"elements":[{"x":6.377551020408164,"y":5.037783375314861,"width":40.05102040816327,"height":92.4433249370277,"action":{"library":"H5P.Image 1.1","params":{"contentName":"Image","file":{"path":"images\/file-657892de5ad39.jpg","mime":"image\/jpeg","copyright":{"license":"U"},"width":1024,"height":1104}},"subContentId":"6902dea4-056c-49af-87e4-dfc9b37a09cc","metadata":{"contentType":"Image","license":"U","title":"Untitled Image"}},"backgroundOpacity":0,"willDoAnimation":false,"animationType":"glow","displayAsButton":false,"buttonSize":"big","goToSlideType":"specified","invisible":false},{"x":47.794117647058826,"y":36.41490909090909,"width":48.897058823529406,"height":44.72727272727273,"action":{"library":"H5P.CRAdvancedText 1.1","params":{"text":"<p dir=\"ltr\" style=\"text-align: center;\"><span style=\"font-size:1.75em;\">\u0986\u09ae\u09bf \u099b\u09ac\u09bf \u0986\u0981\u0995\u09bf, \u098f\u09ac\u0982 \u09ac\u09be\u09ac\u09be \u099b\u09ac\u09bf\u099f\u09be \u09b0\u0999 \u0995\u09b0\u09a4\u09c7 \u09b8\u09be\u09b9\u09be\u09af\u09cd\u09af \u0995\u09b0\u09c7\u09a8\u0964<\/span><\/p>\n"},"subContentId":"110db345-7be9-49e9-b922-26cd7f6d4c23","metadata":{"contentType":"Text","license":"U","title":"Untitled Text"}},"alwaysDisplayComments":false,"backgroundOpacity":0,"willDoAnimation":false,"animationType":"glow","displayAsButton":false,"buttonSize":"big","goToSlideType":"specified","invisible":false,"solution":""},{"x":47.02127659574468,"y":43.90756302521009,"width":40,"height":40,"action":{"library":"H5P.CRAudio 1.4","params":{"fitToWrapper":true,"currIndex":3,"playerMode":"minimalistic","controls":true,"autoplay":true,"playAudio":"Play audio","pauseAudio":"Pause audio","contentName":"Audio","glowColor":"#ffd85a","timeStampForEachText":[{"text":" \u0986\u09ae\u09bf ","startDuration":"0.1968","endDuration":"0.6026","wordfile":[{"path":"audios\/wordfile-6721fa720371c.mp3","mime":"audio\/mpeg","copyright":{"license":"U"}}]},{"text":" \u099b\u09ac\u09bf ","startDuration":"0.6036","endDuration":"0.7857","wordfile":[{"path":"audios\/wordfile-6721faa008523.mp3","mime":"audio\/mpeg","copyright":{"license":"U"}}]},{"text":" \u0986\u0981\u0995\u09bf, ","startDuration":"0.7867","endDuration":"0.9867","wordfile":[{"path":"audios\/wordfile-6721fab5179de.mp3","mime":"audio\/mpeg","copyright":{"license":"U"}}]},{"text":" \u098f\u09ac\u0982 ","startDuration":"0.9877","endDuration":"1.3935","wordfile":[{"path":"audios\/wordfile-6721fac976447.mp3","mime":"audio\/mpeg","copyright":{"license":"U"}}]},{"text":" \u09ac\u09be\u09ac\u09be ","startDuration":"1.4213","endDuration":"1.7555","wordfile":[{"path":"audios\/wordfile-6721fadc27ca0.mp3","mime":"audio\/mpeg","copyright":{"license":"U"}}]},{"text":" \u099b\u09ac\u09bf\u099f\u09be ","startDuration":"2.3738","endDuration":"2.7437","wordfile":[{"path":"audios\/wordfile-6721faf7b2d52.mp3","mime":"audio\/mpeg","copyright":{"license":"U"}}]},{"text":" \u09b0\u0999 ","startDuration":"2.7447","endDuration":"3.1057","wordfile":[{"path":"audios\/wordfile-6721fb0b0d857.mp3","mime":"audio\/mpeg","copyright":{"license":"U"}}]},{"text":" \u0995\u09b0\u09a4\u09c7 ","startDuration":"3.1067","endDuration":"3.3067","wordfile":[{"path":"audios\/wordfile-6721fb2942fbf.mp3","mime":"audio\/mpeg","copyright":{"license":"U"}}]},{"text":" \u09b8\u09be\u09b9\u09be\u09af\u09cd\u09af ","startDuration":"3.3077","endDuration":"3.9103","wordfile":[{"path":"audios\/wordfile-6721fb42779d9.mp3","mime":"audio\/mpeg","copyright":{"license":"U"}}]},{"text":" \u0995\u09b0\u09c7\u09a8\u0964 ","startDuration":"3.9113","endDuration":"4.3886","wordfile":[{"path":"audios\/wordfile-6721fb595de69.mp3","mime":"audio\/mpeg","copyright":{"license":"U"}}]}],"files":[{"path":"audios\/files-6682f20e8bf09.mp3","mime":"audio\/mpeg","copyright":{"license":"U"}}]},"subContentId":"5bf23062-ed6e-4194-aedb-a79c382d4a8e","metadata":{"contentType":"Curious Reader Audio","license":"U","title":"Untitled Curious Reader Audio"}},"backgroundOpacity":0,"willDoAnimation":false,"animationType":"glow","displayAsButton":false,"buttonSize":"big","goToSlideType":"specified","invisible":false},{"x":9.191176470588236,"y":21.818181818181817,"width":10.477941176470587,"height":40,"action":{"library":"H5P.Image 1.1","params":{"contentName":"Image"},"subContentId":"5eb97b67-4d73-4e97-b8b8-b05a441b8963","metadata":{"contentType":"Image","license":"U","title":"Untitled Image"}},"backgroundOpacity":0,"willDoAnimation":true,"animationType":"glow","displayAsButton":false,"buttonSize":"big","goToSlideType":"specified","invisible":false,"id":"img5bf23062-ed6e-4194-aedb-a79c382d4a8e_1"},{"x":20.22058823529412,"y":14.565345454545453,"width":25.183823529411764,"height":57.09090909090909,"action":{"library":"H5P.Image 1.1","params":{"contentName":"Image"},"subContentId":"4e35d73b-0712-409a-b138-58a489bec653","metadata":{"contentType":"Image","license":"U","title":"Untitled Image"}},"backgroundOpacity":0,"willDoAnimation":true,"animationType":"glow","displayAsButton":false,"buttonSize":"big","goToSlideType":"specified","invisible":false,"id":"img5bf23062-ed6e-4194-aedb-a79c382d4a8e_5"}],"slideBackgroundSelector":{}},{"elements":[{"x":6.377551020408164,"y":2.5188916876574305,"width":40.05102040816327,"height":94.96221662468514,"action":{"library":"H5P.Image 1.1","params":{"contentName":"Image","file":{"path":"images\/file-65789326ca3ab.jpg","mime":"image\/jpeg","copyright":{"license":"U"},"width":1024,"height":1104}},"subContentId":"ef6624fb-b891-46ac-bb67-51707b0775e2","metadata":{"contentType":"Image","license":"U","title":"Untitled Image"}},"backgroundOpacity":0,"willDoAnimation":false,"animationType":"glow","displayAsButton":false,"buttonSize":"big","goToSlideType":"specified","invisible":false},{"x":45.955882352941174,"y":39.99857981748503,"width":51.10294117647059,"height":40.88404209765261,"action":{"library":"H5P.CRAdvancedText 1.1","params":{"text":"<p dir=\"ltr\" style=\"text-align: center;\"><span style=\"font-size:1.75em;\">\u0986\u09ae\u09bf \u099b\u09ac\u09bf\u099f\u09be \u09b0\u0999 \u0995\u09b0\u09bf, \u098f\u09ac\u0982 \u09ae\u09be \u099b\u09ac\u09bf\u099f\u09be \u0995\u09be\u099f\u09a4\u09c7 \u09b8\u09be\u09b9\u09be\u09af\u09cd\u09af \u0995\u09b0\u09c7\u09a8\u0964<\/span><\/p>\n"},"subContentId":"d1d2a237-2c98-411e-b99f-ae0b08544f58","metadata":{"contentType":"Text","license":"U","title":"Untitled Text"}},"alwaysDisplayComments":false,"backgroundOpacity":0,"willDoAnimation":false,"animationType":"glow","displayAsButton":false,"buttonSize":"big","goToSlideType":"specified","invisible":false,"solution":""},{"x":47.02258726899384,"y":43.92712550607287,"width":40,"height":40,"action":{"library":"H5P.CRAudio 1.4","params":{"fitToWrapper":true,"currIndex":4,"playerMode":"minimalistic","controls":true,"autoplay":true,"playAudio":"Play audio","pauseAudio":"Pause audio","contentName":"Audio","glowColor":"#ffd85a","timeStampForEachText":[{"text":" \u0986\u09ae\u09bf ","startDuration":"0.0000","endDuration":"0.4593","wordfile":[{"path":"audios\/wordfile-6721fb760688d.mp3","mime":"audio\/mpeg","copyright":{"license":"U"}}]},{"text":" \u099b\u09ac\u09bf\u099f\u09be ","startDuration":"0.4760","endDuration":"1.1396","wordfile":[{"path":"audios\/wordfile-6721fb9037a03.mp3","mime":"audio\/mpeg","copyright":{"license":"U"}}]},{"text":" \u09b0\u0999 ","startDuration":"1.1406","endDuration":"1.5292","wordfile":[{"path":"audios\/wordfile-6721fba478a5e.mp3","mime":"audio\/mpeg","copyright":{"license":"U"}}]},{"text":" \u0995\u09b0\u09bf, ","startDuration":"1.5302","endDuration":"2.3037","wordfile":[{"path":"audios\/wordfile-6721fbc794e9b.mp3","mime":"audio\/mpeg","copyright":{"license":"U"}}]},{"text":" \u098f\u09ac\u0982 ","startDuration":"2.3047","endDuration":"2.6540","wordfile":[{"path":"audios\/wordfile-6721fbdd9e1f0.mp3","mime":"audio\/mpeg","copyright":{"license":"U"}}]},{"text":" \u09ae\u09be ","startDuration":"2.7964","endDuration":"3.0436","wordfile":[{"path":"audios\/wordfile-6721fbf20f2e4.mp3","mime":"audio\/mpeg","copyright":{"license":"U"}}]},{"text":" \u099b\u09ac\u09bf\u099f\u09be ","startDuration":"3.0446","endDuration":"3.2446","wordfile":[{"path":"audios\/wordfile-6721fc0a362ff.mp3","mime":"audio\/mpeg","copyright":{"license":"U"}}]},{"text":" \u0995\u09be\u099f\u09a4\u09c7 ","startDuration":"3.2456","endDuration":"3.4456","wordfile":[{"path":"audios\/wordfile-6721fc1ce0a06.mp3","mime":"audio\/mpeg","copyright":{"license":"U"}}]},{"text":" \u09b8\u09be\u09b9\u09be\u09af\u09cd\u09af ","startDuration":"3.4466","endDuration":"3.6466","wordfile":[{"path":"audios\/wordfile-6721fc312efc2.mp3","mime":"audio\/mpeg","copyright":{"license":"U"}}]},{"text":" \u0995\u09b0\u09c7\u09a8\u0964 ","startDuration":"3.6476","endDuration":"4.0047","wordfile":[{"path":"audios\/wordfile-6721fc4766ec5.mp3","mime":"audio\/mpeg","copyright":{"license":"U"}}]}],"files":[{"path":"audios\/files-6682f4ca234fe.mp3","mime":"audio\/mpeg","copyright":{"license":"U"}}]},"subContentId":"5c451489-c680-491b-a02f-a9b315d379d0","metadata":{"contentType":"Curious Reader Audio","license":"U","title":"Untitled Curious Reader Audio"}},"backgroundOpacity":0,"willDoAnimation":false,"animationType":"glow","displayAsButton":false,"buttonSize":"big","goToSlideType":"specified","invisible":false},{"x":27.573529411764707,"y":25.522727272727273,"width":15.992647058823529,"height":40,"action":{"library":"H5P.Image 1.1","params":{"contentName":"Image"},"subContentId":"95b69743-cbc3-4b22-8473-3a2935d9df44","metadata":{"contentType":"Image","license":"U","title":"Untitled Image"}},"backgroundOpacity":0,"willDoAnimation":true,"animationType":"glow","displayAsButton":false,"buttonSize":"big","goToSlideType":"specified","invisible":false,"id":"img5c451489-c680-491b-a02f-a9b315d379d0_1"},{"x":7.352941176470588,"y":7.2727272727272725,"width":19.669117647058822,"height":40,"action":{"library":"H5P.Image 1.1","params":{"contentName":"Image"},"subContentId":"59726f63-81a1-47c5-8fc2-fd378b75192f","metadata":{"contentType":"Image","license":"U","title":"Untitled Image"}},"backgroundOpacity":0,"willDoAnimation":true,"animationType":"glow","displayAsButton":false,"buttonSize":"big","goToSlideType":"specified","invisible":false,"id":"img5c451489-c680-491b-a02f-a9b315d379d0_7"}],"slideBackgroundSelector":{}},{"elements":[{"x":5.1020408163265305,"y":2.5188916876574305,"width":42.09183673469388,"height":94.96221662468514,"action":{"library":"H5P.Image 1.1","params":{"contentName":"Image","file":{"path":"images\/file-6578937a365f7.jpg","mime":"image\/jpeg","copyright":{"license":"U"},"width":1024,"height":1104}},"subContentId":"62e2ba8e-9dfd-4edb-80cc-2aa08fc67e3c","metadata":{"contentType":"Image","license":"U","title":"Untitled Image"}},"backgroundOpacity":0,"willDoAnimation":false,"animationType":"glow","displayAsButton":false,"buttonSize":"big","goToSlideType":"specified","invisible":false},{"x":50.36764705882353,"y":32.72727272727273,"width":47.19387755102041,"height":50.377833753148614,"action":{"library":"H5P.CRAdvancedText 1.1","params":{"text":"<p dir=\"ltr\" style=\"text-align: center;\"><span style=\"font-size:1.75em;\">\u0986\u09ae\u09bf \u099b\u09ac\u09bf\u099f\u09be \u0995\u09be\u099f\u09bf, \u098f\u09ac\u0982 \u0986\u09ae\u09cd\u09ae\u09be \u099b\u09ac\u09bf\u099f\u09be\u09df \u0986\u09a0\u09be \u09b2\u09be\u0997\u09be\u09a4\u09c7 \u09b8\u09be\u09b9\u09be\u09af\u09cd\u09af \u0995\u09b0\u09c7\u09a8\u0964<\/span><\/p>\n"},"subContentId":"1de95193-2ff4-479b-bda0-c02d7e4b3b6d","metadata":{"contentType":"Text","license":"U","title":"Untitled Text"}},"alwaysDisplayComments":false,"backgroundOpacity":0,"willDoAnimation":false,"animationType":"glow","displayAsButton":false,"buttonSize":"big","goToSlideType":"specified","invisible":false,"solution":""},{"x":47.03389830508475,"y":43.93305439330544,"width":40,"height":40,"action":{"library":"H5P.CRAudio 1.4","params":{"fitToWrapper":true,"currIndex":5,"playerMode":"minimalistic","controls":true,"autoplay":true,"playAudio":"Play audio","pauseAudio":"Pause audio","contentName":"Audio","glowColor":"#ffd85a","timeStampForEachText":[{"text":" \u0986\u09ae\u09bf ","startDuration":"0.0000","endDuration":"0.5147","wordfile":[{"path":"audios\/wordfile-6721fc6089440.mp3","mime":"audio\/mpeg","copyright":{"license":"U"}}]},{"text":" \u099b\u09ac\u09bf\u099f\u09be ","startDuration":"0.5157","endDuration":"0.7899","wordfile":[{"path":"audios\/wordfile-6721fc7761f03.mp3","mime":"audio\/mpeg","copyright":{"license":"U"}}]},{"text":" \u0995\u09be\u099f\u09bf, ","startDuration":"0.7909","endDuration":"1.1542","wordfile":[{"path":"audios\/wordfile-6721fc898eca3.mp3","mime":"audio\/mpeg","copyright":{"license":"U"}}]},{"text":" \u098f\u09ac\u0982 ","startDuration":"1.1552","endDuration":"1.4220","wordfile":[{"path":"audios\/wordfile-6721fc9c31b0d.mp3","mime":"audio\/mpeg","copyright":{"license":"U"}}]},{"text":" \u0986\u09ae\u09cd\u09ae\u09be ","startDuration":"1.4230","endDuration":"1.7195","wordfile":[{"path":"audios\/wordfile-6721fcb0dd8c2.mp3","mime":"audio\/mpeg","copyright":{"license":"U"}}]},{"text":" \u099b\u09ac\u09bf\u099f\u09be\u09df ","startDuration":"1.7205","endDuration":"2.4328","wordfile":[{"path":"audios\/wordfile-6721fdb93b748.mp3","mime":"audio\/mpeg","copyright":{"license":"U"}}]},{"text":" \u0986\u09a0\u09be ","startDuration":"2.4338","endDuration":"3.3317","wordfile":[{"path":"audios\/wordfile-6721fdcf2673e.mp3","mime":"audio\/mpeg","copyright":{"license":"U"}}]},{"text":" \u09b2\u09be\u0997\u09be\u09a4\u09c7 ","startDuration":"3.3327","endDuration":"3.6663","wordfile":[{"path":"audios\/wordfile-6721fde50c31e.mp3","mime":"audio\/mpeg","copyright":{"license":"U"}}]},{"text":" \u09b8\u09be\u09b9\u09be\u09af\u09cd\u09af ","startDuration":"3.6673","endDuration":"4.1791","wordfile":[{"path":"audios\/wordfile-6721fdff8d832.mp3","mime":"audio\/mpeg","copyright":{"license":"U"}}]},{"text":" \u0995\u09b0\u09c7\u09a8\u0964 ","startDuration":"4.1801","endDuration":"4.6548","wordfile":[{"path":"audios\/wordfile-6721fe160783d.mp3","mime":"audio\/mpeg","copyright":{"license":"U"}}]}],"files":[{"path":"audios\/files-6682fa76e848d.mp3","mime":"audio\/mpeg","copyright":{"license":"U"}}]},"subContentId":"67cdff51-0258-488a-80b3-a0f63199c3bd","metadata":{"contentType":"Curious Reader Audio","license":"U","title":"Untitled Curious Reader Audio"}},"backgroundOpacity":0,"willDoAnimation":false,"animationType":"glow","displayAsButton":false,"buttonSize":"big","goToSlideType":"specified","invisible":false},{"x":7.352941176470589,"y":18.232945454545455,"width":15.992647058823529,"height":36.36363636363637,"action":{"library":"H5P.Image 1.1","params":{"contentName":"Image"},"subContentId":"ec237d53-64d4-45ec-a76d-6f9a892cbf1a","metadata":{"contentType":"Image","license":"U","title":"Untitled Image"}},"backgroundOpacity":0,"willDoAnimation":true,"animationType":"glow","displayAsButton":false,"buttonSize":"big","goToSlideType":"specified","invisible":false,"id":"img67cdff51-0258-488a-80b3-a0f63199c3bd_1"},{"x":23.897058823529413,"y":7.298290909090908,"width":17.830882352941174,"height":68,"action":{"library":"H5P.Image 1.1","params":{"contentName":"Image"},"subContentId":"0a256760-8d04-4db9-9e53-b0b20fb01f74","metadata":{"contentType":"Image","license":"U","title":"Untitled Image"}},"backgroundOpacity":0,"willDoAnimation":true,"animationType":"glow","displayAsButton":false,"buttonSize":"big","goToSlideType":"specified","invisible":false,"id":"img67cdff51-0258-488a-80b3-a0f63199c3bd_7"}],"slideBackgroundSelector":{}},{"elements":[{"x":5.1020408163265305,"y":2.51692443324937,"width":42.09183673469388,"height":97.48110831234257,"action":{"library":"H5P.Image 1.1","params":{"contentName":"Image","file":{"path":"images\/file-657893cd148ab.jpg","mime":"image\/jpeg","copyright":{"license":"U"},"width":1024,"height":1104}},"subContentId":"854b71f0-4b9f-4858-8b85-8c29cc518bdb","metadata":{"contentType":"Image","license":"U","title":"Untitled Image"}},"backgroundOpacity":0,"willDoAnimation":false,"animationType":"glow","displayAsButton":false,"buttonSize":"big","goToSlideType":"specified","invisible":false},{"x":49.080827886710246,"y":32.81697505427895,"width":49.815032679738565,"height":49.49120885505316,"action":{"library":"H5P.CRAdvancedText 1.1","params":{"text":"<p style=\"text-align:center;\"><span style=\"font-size:1.75em;\">\u0986\u09ae\u09bf \u099b\u09ac\u09bf\u099f\u09be\u09df \u0986\u09a0\u09be \u09b2\u09be\u0997\u09be\u0987, \u098f\u09ac\u0982 \u09a6\u09be\u09a6\u09be \u0997\u09b2\u09cd\u09aa \u09b2\u09bf\u0996\u09a4\u09c7 \u09b8\u09be\u09b9\u09be\u09af\u09cd\u09af \u0995\u09b0\u09c7\u09a8\u0964<\/span><\/p>"},"subContentId":"c78dbf15-db86-4b85-b48f-3267ee44151c","metadata":{"contentType":"Text","license":"U","title":"Untitled Text"}},"alwaysDisplayComments":false,"backgroundOpacity":0,"willDoAnimation":false,"animationType":"glow","displayAsButton":false,"buttonSize":"big","goToSlideType":"specified","invisible":false,"solution":""},{"x":93.11224489795919,"y":2.5195390251399603,"width":40,"height":40,"action":{"library":"H5P.CRAudio 1.4","params":{"fitToWrapper":true,"currIndex":6,"playerMode":"minimalistic","controls":true,"autoplay":true,"playAudio":"Play audio","pauseAudio":"Pause audio","contentName":"Audio","glowColor":"#ffd85a","timeStampForEachText":[{"text":" \u0986\u09ae\u09bf ","startDuration":"0.0000","endDuration":"0.3580","wordfile":[{"path":"audios\/wordfile-6721fe407bdf2.mp3","mime":"audio\/mpeg","copyright":{"license":"U"}}]},{"text":" \u099b\u09ac\u09bf\u099f\u09be\u09df ","startDuration":"0.3590","endDuration":"0.5590","wordfile":[{"path":"audios\/wordfile-6721fe536c7d2.mp3","mime":"audio\/mpeg","copyright":{"license":"U"}}]},{"text":" \u0986\u09a0\u09be ","startDuration":"0.5600","endDuration":"0.7837","wordfile":[{"path":"audios\/wordfile-6721fe65bb2ed.mp3","mime":"audio\/mpeg","copyright":{"license":"U"}}]},{"text":" \u09b2\u09be\u0997\u09be\u0987, ","startDuration":"0.7847","endDuration":"0.9847","wordfile":[{"path":"audios\/wordfile-6721fe7922a28.mp3","mime":"audio\/mpeg","copyright":{"license":"U"}}]},{"text":" \u098f\u09ac\u0982 ","startDuration":"0.9857","endDuration":"1.3358","wordfile":[{"path":"audios\/wordfile-6721fe8df1970.mp3","mime":"audio\/mpeg","copyright":{"license":"U"}}]},{"text":" \u09a6\u09be\u09a6\u09be ","startDuration":"1.3368","endDuration":"2.3823","wordfile":[{"path":"audios\/wordfile-67511feb9bf30.wav","mime":"audio\/x-wav","copyright":{"license":"U"}}]},{"text":" \u0997\u09b2\u09cd\u09aa ","startDuration":"2.3833","endDuration":"2.8124","wordfile":[{"path":"audios\/wordfile-6721fec75ed99.mp3","mime":"audio\/mpeg","copyright":{"license":"U"}}]},{"text":" \u09b2\u09bf\u0996\u09a4\u09c7 ","startDuration":"2.8134","endDuration":"3.2663","wordfile":[{"path":"audios\/wordfile-6721fed8b0f3b.mp3","mime":"audio\/mpeg","copyright":{"license":"U"}}]},{"text":" \u09b8\u09be\u09b9\u09be\u09af\u09cd\u09af ","startDuration":"3.2673","endDuration":"3.6095","wordfile":[{"path":"audios\/wordfile-6721fef0c71c5.mp3","mime":"audio\/mpeg","copyright":{"license":"U"}}]},{"text":" \u0995\u09b0\u09c7\u09a8\u0964 ","startDuration":"3.6105","endDuration":"4.0792","wordfile":[{"path":"audios\/wordfile-6721ff050ea21.mp3","mime":"audio\/mpeg","copyright":{"license":"U"}}]}],"files":[{"path":"audios\/files-6682fe9c10ea2.mp3","mime":"audio\/mpeg","copyright":{"license":"U"}}]},"subContentId":"42f5540a-898f-434d-8746-879bc222a047","metadata":{"contentType":"Curious Reader Audio","license":"U","title":"Untitled Curious Reader Audio"}},"backgroundOpacity":0,"willDoAnimation":false,"animationType":"glow","displayAsButton":false,"buttonSize":"big","goToSlideType":"specified","invisible":false},{"x":27.573529411764703,"y":36.36363636363637,"width":17.830882352941174,"height":40,"action":{"library":"H5P.Image 1.1","params":{"contentName":"Image"},"subContentId":"99160bec-ccaf-466d-83d3-60c154b3c806","metadata":{"contentType":"Image","license":"U","title":"Untitled Image"}},"backgroundOpacity":0,"willDoAnimation":true,"animationType":"glow","displayAsButton":false,"buttonSize":"big","goToSlideType":"specified","invisible":false,"id":"img42f5540a-898f-434d-8746-879bc222a047_1"},{"x":5.514705882352941,"y":3.6477090909090912,"width":19.669117647058822,"height":64.36363636363636,"action":{"library":"H5P.Image 1.1","params":{"contentName":"Image"},"subContentId":"a3e0092d-2c66-4bde-8a04-b8f8b3f2d577","metadata":{"contentType":"Image","license":"U","title":"Untitled Image"}},"backgroundOpacity":0,"willDoAnimation":true,"animationType":"glow","displayAsButton":false,"buttonSize":"big","goToSlideType":"specified","invisible":false,"id":"img42f5540a-898f-434d-8746-879bc222a047_7"}],"slideBackgroundSelector":{}},{"elements":[{"x":5.1020408163265305,"y":2.51692443324937,"width":42.09183673469388,"height":94.96221662468514,"action":{"library":"H5P.Image 1.1","params":{"contentName":"Image","file":{"path":"images\/file-6578941542f1f.jpg","mime":"image\/jpeg","copyright":{"license":"U"},"width":1024,"height":1104}},"subContentId":"f1ae49b0-a9f9-4dc4-8a79-cc1b08ca3b95","metadata":{"contentType":"Image","license":"U","title":"Untitled Image"}},"backgroundOpacity":0,"willDoAnimation":false,"animationType":"glow","displayAsButton":false,"buttonSize":"big","goToSlideType":"specified","invisible":false},{"x":47.70337690631808,"y":28.44173701232331,"width":52.20588235294118,"height":68.8573340592044,"action":{"library":"H5P.CRAdvancedText 1.1","params":{"text":"<p dir=\"ltr\" style=\"text-align: center;\"><span style=\"font-size:1.75em;\">\u0986\u09ae\u09bf \u0997\u09b2\u09cd\u09aa\u099f\u09be \u09b2\u09bf\u0996\u09bf, \u098f\u09ac\u0982 \u09ad\u09be\u0987\u09df\u09be \u0986\u09ae\u09be\u0995\u09c7 \u09aa\u09c3\u09b7\u09cd\u09a0\u09be\u0997\u09c1\u09b2\u09cb \u098f\u0995\u09b8\u09be\u09a5\u09c7 \u0986\u099f\u0995\u09be\u09a4\u09c7 \u09b8\u09be\u09b9\u09be\u09af\u09cd\u09af \u0995\u09b0\u09c7\u09a8\u0964<\/span><\/p>\n"},"subContentId":"93dec863-ad98-4918-9672-ff9d79cee23a","metadata":{"contentType":"Text","license":"U","title":"Untitled Text"}},"alwaysDisplayComments":false,"backgroundOpacity":0,"willDoAnimation":false,"animationType":"glow","displayAsButton":false,"buttonSize":"big","goToSlideType":"specified","invisible":false,"solution":""},{"x":46.949891067538125,"y":43.96551724137932,"width":40,"height":40,"action":{"library":"H5P.CRAudio 1.4","params":{"fitToWrapper":true,"currIndex":7,"playerMode":"minimalistic","controls":true,"autoplay":true,"playAudio":"Play audio","pauseAudio":"Pause audio","contentName":"Audio","glowColor":"#ffd85a","timeStampForEachText":[{"text":" \u0986\u09ae\u09bf ","startDuration":"0.0000","endDuration":"0.3431","wordfile":[{"path":"audios\/wordfile-6721ff234dd32.mp3","mime":"audio\/mpeg","copyright":{"license":"U"}}]},{"text":" \u0997\u09b2\u09cd\u09aa\u099f\u09be ","startDuration":"0.3441","endDuration":"0.5441","wordfile":[{"path":"audios\/wordfile-6721ff34f080a.mp3","mime":"audio\/mpeg","copyright":{"license":"U"}}]},{"text":" \u09b2\u09bf\u0996\u09bf, ","startDuration":"0.5451","endDuration":"1.0719","wordfile":[{"path":"audios\/wordfile-6721ff45024f4.mp3","mime":"audio\/mpeg","copyright":{"license":"U"}}]},{"text":" \u098f\u09ac\u0982 ","startDuration":"1.0729","endDuration":"1.2962","wordfile":[{"path":"audios\/wordfile-6721ff5842fed.mp3","mime":"audio\/mpeg","copyright":{"license":"U"}}]},{"text":" \u09ad\u09be\u0987\u09df\u09be ","startDuration":"1.2972","endDuration":"1.7540","wordfile":[{"path":"audios\/wordfile-6721ff68dabf1.mp3","mime":"audio\/mpeg","copyright":{"license":"U"}}]},{"text":" \u0986\u09ae\u09be\u0995\u09c7 ","startDuration":"1.7550","endDuration":"2.3635","wordfile":[{"path":"audios\/wordfile-6721ff80f3680.mp3","mime":"audio\/mpeg","copyright":{"license":"U"}}]},{"text":" \u09aa\u09c3\u09b7\u09cd\u09a0\u09be\u0997\u09c1\u09b2\u09cb ","startDuration":"2.3645","endDuration":"2.6462","wordfile":[{"path":"audios\/wordfile-6721ff925b964.mp3","mime":"audio\/mpeg","copyright":{"license":"U"}}]},{"text":" \u098f\u0995\u09b8\u09be\u09a5\u09c7 ","startDuration":"2.6472","endDuration":"3.7459","wordfile":[{"path":"audios\/wordfile-6721ffa2c05e8.mp3","mime":"audio\/mpeg","copyright":{"license":"U"}}]},{"text":" \u0986\u099f\u0995\u09be\u09a4\u09c7 ","startDuration":"3.7469","endDuration":"4.5188","wordfile":[{"path":"audios\/wordfile-6721ffb89b85d.mp3","mime":"audio\/mpeg","copyright":{"license":"U"}}]},{"text":" \u09b8\u09be\u09b9\u09be\u09af\u09cd\u09af ","startDuration":"4.5198","endDuration":"5.1283","wordfile":[{"path":"audios\/wordfile-6721ffcba8228.mp3","mime":"audio\/mpeg","copyright":{"license":"U"}}]},{"text":" \u0995\u09b0\u09c7\u09a8\u0964 ","startDuration":"5.2927","endDuration":"5.8125","wordfile":[{"path":"audios\/wordfile-6721ffde352a6.mp3","mime":"audio\/mpeg","copyright":{"license":"U"}}]}],"files":[{"path":"audios\/files-668301c6a0c92.mp3","mime":"audio\/mpeg","copyright":{"license":"U"}}]},"subContentId":"9d57a921-c17f-434a-9ec8-d44caac31613","metadata":{"contentType":"Curious Reader Audio","license":"U","title":"Untitled Curious Reader Audio"}},"backgroundOpacity":0,"willDoAnimation":false,"animationType":"glow","displayAsButton":false,"buttonSize":"big","goToSlideType":"specified","invisible":false},{"x":5.514705882352941,"y":29.09090909090909,"width":17.830882352941174,"height":40,"action":{"library":"H5P.Image 1.1","params":{"contentName":"Image"},"subContentId":"8a2577b3-4433-4f46-9516-2b6157d10615","metadata":{"contentType":"Image","license":"U","title":"Untitled Image"}},"backgroundOpacity":0,"willDoAnimation":true,"animationType":"glow","displayAsButton":false,"buttonSize":"big","goToSlideType":"specified","invisible":false,"id":"img9d57a921-c17f-434a-9ec8-d44caac31613_1"},{"x":23.897058823529413,"y":3.6448727272727273,"width":19.669117647058822,"height":57.09090909090909,"action":{"library":"H5P.Image 1.1","params":{"contentName":"Image"},"subContentId":"8b244867-9469-4962-b36f-abe3d01c2b32","metadata":{"contentType":"Image","license":"U","title":"Untitled Image"}},"backgroundOpacity":0,"willDoAnimation":true,"animationType":"glow","displayAsButton":false,"buttonSize":"big","goToSlideType":"specified","invisible":false,"id":"img9d57a921-c17f-434a-9ec8-d44caac31613_8"}],"slideBackgroundSelector":{}},{"elements":[{"x":5.1020408163265305,"y":2.5188916876574305,"width":42.09183673469388,"height":92.4433249370277,"action":{"library":"H5P.Image 1.1","params":{"contentName":"Image","file":{"path":"images\/file-6578945856864.jpg","mime":"image\/jpeg","copyright":{"license":"U"},"width":1024,"height":735}},"subContentId":"00fb6a85-5a76-447d-a119-2676cf7feb43","metadata":{"contentType":"Image","license":"U","title":"Untitled Image"}},"backgroundOpacity":0,"willDoAnimation":false,"animationType":"glow","displayAsButton":false,"buttonSize":"big","goToSlideType":"specified","invisible":false},{"x":51.65441176470588,"y":40.36363636363637,"width":45.1530612244898,"height":42.82115869017632,"action":{"library":"H5P.CRAdvancedText 1.1","params":{"text":"<p dir=\"ltr\" style=\"text-align: center;\"><span style=\"font-size:1.75em;\">\u098f\u0996\u09a8 \u0986\u09ae\u09be\u09b0 \u0995\u09be\u099b\u09c7 \u098f\u0995\u099f\u09bf \u09ac\u0987 \u0986\u099b\u09c7\u0964 \u098f\u09b8\u09cb \u09ac\u0987\u099f\u09bf \u09aa\u09dc\u09be \u09af\u09be\u0995!<\/span><\/p>\n"},"subContentId":"5a9fff56-e851-45ec-8640-989a48903d6e","metadata":{"contentType":"Text","license":"U","title":"Untitled Text"}},"alwaysDisplayComments":false,"backgroundOpacity":0,"willDoAnimation":false,"animationType":"glow","displayAsButton":false,"buttonSize":"big","goToSlideType":"specified","invisible":false,"solution":""},{"x":46.96691176470588,"y":44,"width":40,"height":40,"action":{"library":"H5P.CRAudio 1.4","params":{"fitToWrapper":true,"currIndex":8,"playerMode":"minimalistic","controls":true,"autoplay":true,"playAudio":"Play audio","pauseAudio":"Pause audio","contentName":"Audio","glowColor":"#ffd85a","timeStampForEachText":[{"text":" \u098f\u0996\u09a8 ","startDuration":"0.0000","endDuration":"0.2288","wordfile":[{"path":"audios\/wordfile-6721fffb65125.mp3","mime":"audio\/mpeg","copyright":{"license":"U"}}]},{"text":" \u0986\u09ae\u09be\u09b0 ","startDuration":"0.2298","endDuration":"0.6119","wordfile":[{"path":"audios\/wordfile-6722000d1a01e.mp3","mime":"audio\/mpeg","copyright":{"license":"U"}}]},{"text":" \u0995\u09be\u099b\u09c7 ","startDuration":"0.6129","endDuration":"0.8608","wordfile":[{"path":"audios\/wordfile-6722002024b12.mp3","mime":"audio\/mpeg","copyright":{"license":"U"}}]},{"text":" \u098f\u0995\u099f\u09bf ","startDuration":"0.8618","endDuration":"1.1673","wordfile":[{"path":"audios\/wordfile-672200325810f.mp3","mime":"audio\/mpeg","copyright":{"license":"U"}}]},{"text":" \u09ac\u0987 ","startDuration":"1.1683","endDuration":"1.3683","wordfile":[{"path":"audios\/wordfile-67220044dd794.mp3","mime":"audio\/mpeg","copyright":{"license":"U"}}]},{"text":" \u0986\u099b\u09c7\u0964 ","startDuration":"1.3693","endDuration":"2.0582","wordfile":[{"path":"audios\/wordfile-672200583eeb9.mp3","mime":"audio\/mpeg","copyright":{"license":"U"}}]},{"text":" \u098f\u09b8\u09cb ","startDuration":"2.0592","endDuration":"2.9207","wordfile":[{"path":"audios\/wordfile-67220069d4cbf.mp3","mime":"audio\/mpeg","copyright":{"license":"U"}}]},{"text":" \u09ac\u0987\u099f\u09bf ","startDuration":"2.9217","endDuration":"3.1217","wordfile":[{"path":"audios\/wordfile-67220079c5df2.mp3","mime":"audio\/mpeg","copyright":{"license":"U"}}]},{"text":" \u09aa\u09dc\u09be ","startDuration":"3.1227","endDuration":"3.7733","wordfile":[{"path":"audios\/wordfile-6722008c6cda8.mp3","mime":"audio\/mpeg","copyright":{"license":"U"}}]},{"text":" \u09af\u09be\u0995! ","startDuration":"3.7743","endDuration":"4.5591","wordfile":[{"path":"audios\/wordfile-6722009dae91c.mp3","mime":"audio\/mpeg","copyright":{"license":"U"}}]}],"files":[{"path":"audios\/files-66838744ae02c.mp3","mime":"audio\/mpeg","copyright":{"license":"U"}}]},"subContentId":"af6c6842-7235-4606-a2f5-6cf46de8028d","metadata":{"contentType":"Curious Reader Audio","license":"U","title":"Untitled Curious Reader Audio"}},"backgroundOpacity":0,"willDoAnimation":false,"animationType":"glow","displayAsButton":false,"buttonSize":"big","goToSlideType":"specified","invisible":false},{"x":27.573529411764707,"y":30.170472727272728,"width":18.38235294117647,"height":46.18181818181818,"action":{"library":"H5P.Image 1.1","params":{"contentName":"Image"},"subContentId":"3ed1e878-5b56-4c2a-9e50-387f3bfc4998","metadata":{"contentType":"Image","license":"U","title":"Untitled Image"}},"backgroundOpacity":0,"willDoAnimation":true,"animationType":"glow","displayAsButton":false,"buttonSize":"big","goToSlideType":"specified","invisible":false,"id":"imgaf6c6842-7235-4606-a2f5-6cf46de8028d_1"}],"slideBackgroundSelector":{}},{"elements":[{"x":3.2679738562091507,"y":27.973291961551787,"width":94.77124183006536,"height":72.02455624675886,"action":{"library":"H5P.CRAdvancedText 1.1","params":{"text":"<h3 style=\"text-align:center;\">\"\u0995\u09c7 \u0986\u09ae\u09be\u0995\u09c7 \u09b8\u09be\u09b9\u09be\u09af\u09cd\u09af \u0995\u09b0\u09a4\u09c7 \u09aa\u09be\u09b0\u09c7?<span style=\"font-size:1.25em;\">\u201d credits<\/span><\/h3><h3 style=\"text-align:center;\"><span style=\"font-size:1.25em;\">This work, \u201c<\/span>\u0995\u09c7 \u0986\u09ae\u09be\u0995\u09c7 \u09b8\u09be\u09b9\u09be\u09af\u09cd\u09af \u0995\u09b0\u09a4\u09c7 \u09aa\u09be\u09b0\u09c7?<span style=\"font-size:1.25em;\">\u201d is a derivative of \u201cWho can help me?\u201d by All Children Reading Cambodia. \u00a9 The Asia Foundation , 2019 and used under CC BY.<\/span><\/h3><h3 style=\"text-align:center;\"><span style=\"font-size:1.25em;\">\u201c<\/span>\u0995\u09c7 \u0986\u09ae\u09be\u0995\u09c7 \u09b8\u09be\u09b9\u09be\u09af\u09cd\u09af \u0995\u09b0\u09a4\u09c7 \u09aa\u09be\u09b0\u09c7?<span style=\"font-size:1.25em;\">\u201d is licensed under CC BY 4.0 by Curious Learning.<\/span><\/h3><h3 style=\"text-align:center;\">&nbsp;<\/h3><h3 style=\"text-align:center;\"><span style=\"font-size:1.25em;\">Book builder - Abraham Jerry Kakooza<\/span><\/h3>"},"subContentId":"39926a42-e143-4308-956b-e62feb3d7b91","metadata":{"contentType":"Text","license":"U","title":"Untitled Text"}},"alwaysDisplayComments":false,"backgroundOpacity":0,"willDoAnimation":false,"animationType":"glow","displayAsButton":false,"buttonSize":"big","goToSlideType":"specified","invisible":false,"solution":""},{"x":3.2679738562091507,"y":2.1517916893501376,"width":27.233115468409586,"height":27.23135418706386,"action":{"library":"H5P.Image 1.1","params":{"contentName":"Image","file":{"path":"images\/file-67630f3f768e9.png","mime":"image\/png","copyright":{"license":"U"},"width":1350,"height":487}},"subContentId":"537167f7-7c08-42f8-b908-6486f0b9b52d","metadata":{"contentType":"Image","license":"U","title":"Untitled Image"}},"backgroundOpacity":0,"willDoAnimation":false,"animationType":"glow","displayAsButton":false,"buttonSize":"big","goToSlideType":"specified","invisible":false},{"x":32.6797385620915,"y":2.1517916893501376,"width":26.143790849673202,"height":26.142117233914817,"action":{"library":"H5P.Image 1.1","params":{"contentName":"Image","file":{"path":"images\/file-67630f509d579.png","mime":"image\/png","copyright":{"license":"U"},"width":814,"height":202}},"subContentId":"912f7cd5-facb-4bdd-a98d-568518f26698","metadata":{"contentType":"Image","license":"U","title":"Untitled Image"}},"backgroundOpacity":0,"willDoAnimation":false,"animationType":"glow","displayAsButton":false,"buttonSize":"big","goToSlideType":"specified","invisible":false},{"x":59.912854030501094,"y":4.303583378700275,"width":39.99978213507625,"height":21.517916893501376,"action":{"library":"H5P.Image 1.1","params":{"contentName":"Image","file":{"path":"images\/file-67630f63817da.jpg","mime":"image\/jpeg","copyright":{"license":"U"},"width":1732,"height":354}},"subContentId":"0578b8ec-9290-4251-a0e2-3fdaa012be36","metadata":{"contentType":"Image","license":"U","title":"Untitled Image"}},"backgroundOpacity":0,"willDoAnimation":false,"animationType":"glow","displayAsButton":false,"buttonSize":"big","goToSlideType":"specified","invisible":false}],"slideBackgroundSelector":{}}],"keywordListEnabled":true,"globalBackgroundSelector":{},"keywordListAlwaysShow":false,"keywordListAutoHide":false,"keywordListOpacity":90},"override":{"activeSurface":false,"hideSummarySlide":false,"summarySlideSolutionButton":true,"summarySlideRetryButton":true,"enablePrintButton":false,"social":{"showFacebookShare":false,"facebookShare":{"url":"@currentpageurl","quote":"I scored @score out of @maxScore on a task at @currentpageurl."},"showTwitterShare":false,"twitterShare":{"statement":"I scored @score out of @maxScore on a task at @currentpageurl.","url":"@currentpageurl","hashtags":"h5p, course"},"showGoogleShare":false,"googleShareUrl":"@currentpageurl"}},"l10n":{"slide":"Slide","score":"Score","yourScore":"Your Score","maxScore":"Max Score","total":"Total","totalScore":"Total Score","showSolutions":"Show solutions","retry":"Retry","exportAnswers":"Export text","hideKeywords":"Hide sidebar navigation menu","showKeywords":"Show sidebar navigation menu","fullscreen":"Fullscreen","exitFullscreen":"Exit fullscreen","prevSlide":"Previous slide","nextSlide":"Next slide","currentSlide":"Current slide","lastSlide":"Last slide","solutionModeTitle":"Exit solution mode","solutionModeText":"Solution Mode","summaryMultipleTaskText":"Multiple tasks","scoreMessage":"You achieved:","shareFacebook":"Share on Facebook","shareTwitter":"Share on Twitter","shareGoogle":"Share on Google+","summary":"Summary","solutionsButtonTitle":"Show comments","printTitle":"Print","printIngress":"How would you like to print this presentation?","printAllSlides":"Print all slides","printCurrentSlide":"Print current slide","noTitle":"No title","accessibilitySlideNavigationExplanation":"Use left and right arrow to change slide in that direction whenever canvas is selected.","accessibilityCanvasLabel":"Presentation canvas. Use left and right arrow to move between slides.","containsNotCompleted":"@slideName contains not completed interaction","containsCompleted":"@slideName contains completed interaction","slideCount":"Slide @index of @total","containsOnlyCorrect":"@slideName only has correct answers","containsIncorrectAnswers":"@slideName has incorrect answers","shareResult":"Share Result","accessibilityTotalScore":"You got @score of @maxScore points in total","accessibilityEnteredFullscreen":"Entered fullscreen","accessibilityExitedFullscreen":"Exited fullscreen"}}