{"presentation":{"slides":[{"elements":[{"x":13.071895424836603,"y":6.4415268817204305,"width":68.7363834422658,"height":68.81720430107526,"action":{"library":"H5P.Image 1.1","params":{"contentName":"Image","file":{"path":"images\/file-6582f61cdb6a9.jpg","mime":"image\/jpeg","copyright":{"license":"U"},"width":959,"height":459}},"subContentId":"421e74ff-dfa5-4d73-b63a-cebff5b18795","metadata":{"contentType":"Image","license":"U","title":"Untitled Image"}},"backgroundOpacity":0,"willDoAnimation":false,"animationType":"glow","displayAsButton":false,"buttonSize":"big","goToSlideType":"specified","invisible":false},{"x":17.429193899782135,"y":79.56989247311827,"width":61.00217864923747,"height":18.279569892473116,"action":{"library":"H5P.CRAdvancedText 1.1","params":{"text":"<p dir=\"ltr\" style=\"text-align: center;\"><span style=\"font-size:2.25em;\">Ciclo de Chaku<\/span><\/p>\n"},"subContentId":"66f4847e-d5bd-4023-9a15-bf634c8b0603","metadata":{"contentType":"Text","license":"U","title":"Untitled Text"}},"alwaysDisplayComments":false,"backgroundOpacity":0,"willDoAnimation":false,"animationType":"glow","displayAsButton":false,"buttonSize":"big","goToSlideType":"specified","invisible":false,"solution":""}],"slideBackgroundSelector":{}},{"elements":[{"x":15.250544662309368,"y":2.150537634408602,"width":65.359477124183,"height":70.96774193548387,"action":{"library":"H5P.Image 1.1","params":{"contentName":"Image","file":{"path":"images\/file-6582f6cf13510.jpg","mime":"image\/jpeg","copyright":{"license":"U"},"width":959,"height":516}},"subContentId":"da25cda4-6603-4d35-83de-c84d5cea3cbf","metadata":{"contentType":"Image","license":"U","title":"Untitled Image"}},"backgroundOpacity":0,"willDoAnimation":false,"animationType":"glow","displayAsButton":false,"buttonSize":"big","goToSlideType":"specified","invisible":false},{"x":13.070147058823531,"y":76.47163636363636,"width":75.18382352941175,"height":22.545454545454547,"action":{"library":"H5P.CRAdvancedText 1.1","params":{"text":"<p dir=\"ltr\" style=\"text-align: center;\"><span style=\"font-size:1.75em;\"><span style=\"color:#ffffff;\">Chaku gostava de brincar com os seus amigos.<\/span><\/span><\/p>\n"},"subContentId":"36753ba6-9a9b-4174-83e7-808ea43aacdf","metadata":{"contentType":"Text","license":"U","title":"Untitled Text"}},"alwaysDisplayComments":false,"backgroundOpacity":0,"willDoAnimation":false,"animationType":"glow","displayAsButton":false,"buttonSize":"big","goToSlideType":"specified","invisible":false,"solution":""},{"x":47.000103485838785,"y":44.00026681929878,"width":40,"height":40,"action":{"library":"H5P.CRAudio 1.4","params":{"fitToWrapper":true,"currIndex":1,"playerMode":"minimalistic","controls":true,"autoplay":true,"playAudio":"Play audio","pauseAudio":"Pause audio","contentName":"Audio","glowColor":"#ffd85a","timeStampForEachText":[{"text":" Chaku ","startDuration":"0.0000","endDuration":"0.7458","wordfile":[{"path":"audios\/wordfile-670e53a1b2679.wav","mime":"audio\/x-wav","copyright":{"license":"U"}}]},{"text":" gostava ","startDuration":"0.7468","endDuration":"1.4926","wordfile":[{"path":"audios\/wordfile-670e53bed2b4d.wav","mime":"audio\/x-wav","copyright":{"license":"U"}}]},{"text":" de ","startDuration":"1.4936","endDuration":"1.6936","wordfile":[{"path":"audios\/wordfile-670e53d168b47.wav","mime":"audio\/x-wav","copyright":{"license":"U"}}]},{"text":" brincar ","startDuration":"1.6855","endDuration":"2.2312","wordfile":[{"path":"audios\/wordfile-670e53e957ebe.wav","mime":"audio\/x-wav","copyright":{"license":"U"}}]},{"text":" com ","startDuration":"2.2322","endDuration":"2.5095","wordfile":[{"path":"audios\/wordfile-670e54043c5d7.wav","mime":"audio\/x-wav","copyright":{"license":"U"}}]},{"text":" os ","startDuration":"2.5105","endDuration":"2.7105","wordfile":[{"path":"audios\/wordfile-670e541908baf.wav","mime":"audio\/x-wav","copyright":{"license":"U"}}]},{"text":" seus ","startDuration":"2.7115","endDuration":"2.9433","wordfile":[{"path":"audios\/wordfile-670e544054509.wav","mime":"audio\/x-wav","copyright":{"license":"U"}}]},{"text":" amigos. ","startDuration":"2.9443","endDuration":"3.9539","wordfile":[{"path":"audios\/wordfile-670e545b8b5b8.wav","mime":"audio\/x-wav","copyright":{"license":"U"}}]}],"files":[{"path":"audios\/files-670e537ed7ffe.wav","mime":"audio\/x-wav","copyright":{"license":"U"}}]},"subContentId":"8fa032f5-48c3-492c-b0ee-0d787f00684d","metadata":{"contentType":"Curious Reader Audio","license":"U","title":"Untitled Curious Reader Audio"}},"backgroundOpacity":0,"willDoAnimation":false,"animationType":"glow","displayAsButton":false,"buttonSize":"big","goToSlideType":"specified","invisible":false},{"x":43.57298474945534,"y":15.062379769932909,"width":20.37037037037037,"height":39.999440540179975,"action":{"library":"H5P.Image 1.1","params":{"contentName":"Image"},"subContentId":"bbb32206-f135-4529-a60e-28bec5ef3369","metadata":{"contentType":"Image","license":"U","title":"Untitled Image"}},"backgroundOpacity":0,"willDoAnimation":true,"animationType":"glow","displayAsButton":false,"buttonSize":"big","goToSlideType":"specified","invisible":false,"id":"img8fa032f5-48c3-492c-b0ee-0d787f00684d_0"},{"x":20.697167755991288,"y":25.821222462742128,"width":26.906318082788673,"height":46.693377286792014,"action":{"library":"H5P.Image 1.1","params":{"contentName":"Image"},"subContentId":"348f1e33-3a78-4328-a035-7a1980547094","metadata":{"contentType":"Image","license":"U","title":"Untitled Image"}},"backgroundOpacity":0,"willDoAnimation":true,"animationType":"glow","displayAsButton":false,"buttonSize":"big","goToSlideType":"specified","invisible":false,"id":"img8fa032f5-48c3-492c-b0ee-0d787f00684d_7"},{"x":55.55555555555556,"y":32.27652807842766,"width":20.37037037037037,"height":39.999440540179975,"action":{"library":"H5P.Image 1.1","params":{"contentName":"Image"},"subContentId":"3f1911b2-0556-4e7a-9d1c-2c50ec28f59d","metadata":{"contentType":"Image","license":"U","title":"Untitled Image"}},"backgroundOpacity":0,"willDoAnimation":true,"animationType":"glow","displayAsButton":false,"buttonSize":"big","goToSlideType":"specified","invisible":false,"id":"img8fa032f5-48c3-492c-b0ee-0d787f00684d_7"}],"slideBackgroundSelector":{}},{"elements":[{"x":5.446623093681917,"y":4.301075268817204,"width":38.12636165577342,"height":93.54838709677419,"action":{"library":"H5P.Image 1.1","params":{"contentName":"Image","file":{"path":"images\/file-6582f72bd78b8.jpg","mime":"image\/jpeg","copyright":{"license":"U"},"width":479,"height":686}},"subContentId":"fb28b8d4-c35a-42fd-b001-fd43d70a400a","metadata":{"contentType":"Image","license":"U","title":"Untitled Image"}},"backgroundOpacity":0,"willDoAnimation":false,"animationType":"glow","displayAsButton":false,"buttonSize":"big","goToSlideType":"specified","invisible":false},{"x":46.84095860566449,"y":38.73183369411319,"width":49.01960784313726,"height":31.39784946236559,"action":{"library":"H5P.CRAdvancedText 1.1","params":{"text":"<p dir=\"ltr\" style=\"text-align: center;\"><span style=\"font-size:1.75em;\"><span style=\"color:#ffffff;\">Ele gostou do triciclo de Lila.<\/span><\/span><\/p>\n"},"subContentId":"9a88ce55-a8ca-437a-8702-a993e932e166","metadata":{"contentType":"Text","license":"U","title":"Untitled Text"}},"alwaysDisplayComments":false,"backgroundOpacity":0,"willDoAnimation":false,"animationType":"glow","displayAsButton":false,"buttonSize":"big","goToSlideType":"specified","invisible":false,"solution":""},{"x":47.000103485838785,"y":44.00026681929878,"width":40,"height":40,"action":{"library":"H5P.CRAudio 1.4","params":{"fitToWrapper":true,"currIndex":2,"playerMode":"minimalistic","controls":true,"autoplay":true,"playAudio":"Play audio","pauseAudio":"Pause audio","contentName":"Audio","glowColor":"#ffd85a","timeStampForEachText":[{"text":" Ele ","startDuration":"0.0000","endDuration":"0.4808","wordfile":[{"path":"audios\/wordfile-670e549b9d25e.wav","mime":"audio\/x-wav","copyright":{"license":"U"}}]},{"text":" gostou ","startDuration":"0.4818","endDuration":"1.0160","wordfile":[{"path":"audios\/wordfile-670e54c300140.wav","mime":"audio\/x-wav","copyright":{"license":"U"}}]},{"text":" do ","startDuration":"1.0170","endDuration":"1.2170","wordfile":[{"path":"audios\/wordfile-670e54d3d6664.wav","mime":"audio\/x-wav","copyright":{"license":"U"}}]},{"text":" triciclo ","startDuration":"1.2180","endDuration":"1.9862","wordfile":[{"path":"audios\/wordfile-670e54f4776a5.wav","mime":"audio\/x-wav","copyright":{"license":"U"}}]},{"text":" de ","startDuration":"1.9872","endDuration":"2.1872","wordfile":[{"path":"audios\/wordfile-670e55081bf2b.wav","mime":"audio\/x-wav","copyright":{"license":"U"}}]},{"text":" Lila. ","startDuration":"2.1882","endDuration":"2.9280","wordfile":[{"path":"audios\/wordfile-670e551e05068.wav","mime":"audio\/x-wav","copyright":{"license":"U"}}]}],"files":[{"path":"audios\/files-670e547c2e512.wav","mime":"audio\/x-wav","copyright":{"license":"U"}}]},"subContentId":"f3279a6c-3a2c-4ee0-8722-0daf86c7d2c5","metadata":{"contentType":"Curious Reader Audio","license":"U","title":"Untitled Curious Reader Audio"}},"backgroundOpacity":0,"willDoAnimation":false,"animationType":"glow","displayAsButton":false,"buttonSize":"big","goToSlideType":"specified","invisible":false},{"x":21.78649237472767,"y":51.642444925484256,"width":21.459694989106755,"height":35.69590346305628,"action":{"library":"H5P.Image 1.1","params":{"contentName":"Image"},"subContentId":"6a46f406-b11c-42d7-a5b6-01aa75aaa09e","metadata":{"contentType":"Image","license":"U","title":"Untitled Image"}},"backgroundOpacity":0,"willDoAnimation":true,"animationType":"glow","displayAsButton":false,"buttonSize":"big","goToSlideType":"specified","invisible":false,"id":"imgf3279a6c-3a2c-4ee0-8722-0daf86c7d2c5_3"},{"x":21.78649237472767,"y":30.124759539865817,"width":14.66677559912854,"height":27.327460439735418,"action":{"library":"H5P.Image 1.1","params":{"contentName":"Image"},"subContentId":"365c7c27-968c-46d7-b0dc-61d8999feef8","metadata":{"contentType":"Image","license":"U","title":"Untitled Image"}},"backgroundOpacity":0,"willDoAnimation":true,"animationType":"glow","displayAsButton":false,"buttonSize":"big","goToSlideType":"specified","invisible":false,"id":"imgf3279a6c-3a2c-4ee0-8722-0daf86c7d2c5_5"}],"slideBackgroundSelector":{}},{"elements":[{"x":3.2679738562091503,"y":2.150537634408602,"width":39.97821350762527,"height":96.77419354838709,"action":{"library":"H5P.Image 1.1","params":{"contentName":"Image","file":{"path":"images\/file-6582f7eede908.jpg","mime":"image\/jpeg","copyright":{"license":"U"},"width":479,"height":686}},"subContentId":"cafcd57b-3545-4c4b-bd65-7246c85de666","metadata":{"contentType":"Image","license":"U","title":"Untitled Image"}},"backgroundOpacity":0,"willDoAnimation":false,"animationType":"glow","displayAsButton":false,"buttonSize":"big","goToSlideType":"specified","invisible":false},{"x":42.09183673469388,"y":38.67481108312342,"width":49.10714285714286,"height":40.050377833753146,"action":{"library":"H5P.CRAdvancedText 1.1","params":{"text":"<p dir=\"ltr\" style=\"text-align: center;\"><span style=\"font-size:1.75em;\"><span style=\"color:#ffffff;\">Chaku decidiu fazer seu pr\u00f3prio triciclo.<\/span><\/span><\/p>\n"},"subContentId":"6ed4d0c8-4215-4a30-9633-4617986f09cd","metadata":{"contentType":"Text","license":"U","title":"Untitled Text"}},"alwaysDisplayComments":false,"backgroundOpacity":0,"willDoAnimation":false,"animationType":"glow","displayAsButton":false,"buttonSize":"big","goToSlideType":"specified","invisible":false,"solution":""},{"x":47.000103485838785,"y":44.00026681929878,"width":40,"height":40,"action":{"library":"H5P.CRAudio 1.4","params":{"fitToWrapper":true,"currIndex":3,"playerMode":"minimalistic","controls":true,"autoplay":true,"playAudio":"Play audio","pauseAudio":"Pause audio","contentName":"Audio","glowColor":"#ffd85a","timeStampForEachText":[{"text":" Chaku ","startDuration":"0.0000","endDuration":"0.6749","wordfile":[{"path":"audios\/wordfile-670e556f8a199.wav","mime":"audio\/x-wav","copyright":{"license":"U"}}]},{"text":" decidiu ","startDuration":"0.6572","endDuration":"1.4041","wordfile":[{"path":"audios\/wordfile-670e558684fc4.wav","mime":"audio\/x-wav","copyright":{"license":"U"}}]},{"text":" fazer ","startDuration":"1.4051","endDuration":"1.8680","wordfile":[{"path":"audios\/wordfile-670e55a5610b8.wav","mime":"audio\/x-wav","copyright":{"license":"U"}}]},{"text":" seu ","startDuration":"1.8690","endDuration":"2.2132","wordfile":[{"path":"audios\/wordfile-670e55d25f225.wav","mime":"audio\/x-wav","copyright":{"license":"U"}}]},{"text":" pr\u00f3prio ","startDuration":"2.2142","endDuration":"2.7704","wordfile":[{"path":"audios\/wordfile-670e55f16b0bf.wav","mime":"audio\/x-wav","copyright":{"license":"U"}}]},{"text":" triciclo. ","startDuration":"2.7714","endDuration":"3.7142","wordfile":[{"path":"audios\/wordfile-670e5606078b6.wav","mime":"audio\/x-wav","copyright":{"license":"U"}}]}],"files":[{"path":"audios\/files-670e554aa09f1.wav","mime":"audio\/x-wav","copyright":{"license":"U"}}]},"subContentId":"b5b4bbff-9e2d-46b1-aab2-f3e9aa45c1e2","metadata":{"contentType":"Curious Reader Audio","license":"U","title":"Untitled Curious Reader Audio"}},"backgroundOpacity":0,"willDoAnimation":false,"animationType":"glow","displayAsButton":false,"buttonSize":"big","goToSlideType":"specified","invisible":false},{"x":21.78649237472767,"y":8.607074154247377,"width":19.281045751633986,"height":39.999440540179975,"action":{"library":"H5P.Image 1.1","params":{"contentName":"Image"},"subContentId":"91e1300f-b7d0-4a37-bfd0-0ce5334ae06e","metadata":{"contentType":"Image","license":"U","title":"Untitled Image"}},"backgroundOpacity":0,"willDoAnimation":true,"animationType":"glow","displayAsButton":false,"buttonSize":"big","goToSlideType":"specified","invisible":false,"id":"imgb5b4bbff-9e2d-46b1-aab2-f3e9aa45c1e2_0"}],"slideBackgroundSelector":{}},{"elements":[{"x":4.357298474945534,"y":2.148858064516129,"width":39.97821350762527,"height":96.77419354838709,"action":{"library":"H5P.Image 1.1","params":{"contentName":"Image","file":{"path":"images\/file-6582f82e21dc4.jpg","mime":"image\/jpeg","copyright":{"license":"U"},"width":479,"height":686}},"subContentId":"e2d5d6fe-aa9f-46a2-b83c-b89c31d009db","metadata":{"contentType":"Image","license":"U","title":"Untitled Image"}},"backgroundOpacity":0,"willDoAnimation":false,"animationType":"glow","displayAsButton":false,"buttonSize":"big","goToSlideType":"specified","invisible":false},{"x":48.46938775510204,"y":40.30226700251889,"width":40,"height":40,"action":{"library":"H5P.CRAdvancedText 1.1","params":{"text":"<p dir=\"ltr\" style=\"text-align: center;\"><span style=\"font-size:1.75em;\"><span style=\"color:#ffffff;\">Chaku procurou registros.<\/span><\/span><\/p>\n"},"subContentId":"55b63758-aa28-4edd-9bdd-c0cd9261f76a","metadata":{"contentType":"Text","license":"U","title":"Untitled Text"}},"alwaysDisplayComments":false,"backgroundOpacity":0,"willDoAnimation":false,"animationType":"glow","displayAsButton":false,"buttonSize":"big","goToSlideType":"specified","invisible":false,"solution":""},{"x":47.000103485838785,"y":44.00026681929878,"width":40,"height":40,"action":{"library":"H5P.CRAudio 1.4","params":{"fitToWrapper":true,"currIndex":4,"playerMode":"minimalistic","controls":true,"autoplay":true,"playAudio":"Play audio","pauseAudio":"Pause audio","contentName":"Audio","glowColor":"#ffd85a","timeStampForEachText":[{"text":" Chaku ","startDuration":"0.0000","endDuration":"0.6360","wordfile":[{"path":"audios\/wordfile-670e563cef271.wav","mime":"audio\/x-wav","copyright":{"license":"U"}}]},{"text":" procurou ","startDuration":"0.6370","endDuration":"1.2953","wordfile":[{"path":"audios\/wordfile-670e565d74af7.wav","mime":"audio\/x-wav","copyright":{"license":"U"}}]},{"text":" registros. ","startDuration":"1.2963","endDuration":"2.4409","wordfile":[{"path":"audios\/wordfile-670e56709af64.wav","mime":"audio\/x-wav","copyright":{"license":"U"}}]}],"files":[{"path":"audios\/files-670e56248b409.wav","mime":"audio\/x-wav","copyright":{"license":"U"}}]},"subContentId":"2bf0b582-4dac-48ab-a987-df48905aebd6","metadata":{"contentType":"Curious Reader Audio","license":"U","title":"Untitled Curious Reader Audio"}},"backgroundOpacity":0,"willDoAnimation":false,"animationType":"glow","displayAsButton":false,"buttonSize":"big","goToSlideType":"specified","invisible":false},{"x":11.982570806100219,"y":43.035370771236884,"width":10.56644880174292,"height":23.26255449353824,"action":{"library":"H5P.Image 1.1","params":{"contentName":"Image"},"subContentId":"97d4ffc7-e223-442b-bfc0-8edc446c3694","metadata":{"contentType":"Image","license":"U","title":"Untitled Image"}},"backgroundOpacity":0,"willDoAnimation":true,"animationType":"glow","displayAsButton":false,"buttonSize":"big","goToSlideType":"specified","invisible":false,"id":"img2bf0b582-4dac-48ab-a987-df48905aebd6_0"},{"x":4.357298474945534,"y":66.70482469541717,"width":25.816122004357297,"height":22.326320002409982,"action":{"library":"H5P.Image 1.1","params":{"contentName":"Image"},"subContentId":"e9ddf7fc-a8c0-4471-a4eb-8f35efadb072","metadata":{"contentType":"Image","license":"U","title":"Untitled Image"}},"backgroundOpacity":0,"willDoAnimation":true,"animationType":"glow","displayAsButton":false,"buttonSize":"big","goToSlideType":"specified","invisible":false,"id":"img2bf0b582-4dac-48ab-a987-df48905aebd6_2"},{"x":20.697167755991288,"y":51.642444925484256,"width":6.01681917211329,"height":25.175691901173575,"action":{"library":"H5P.Image 1.1","params":{"contentName":"Image"},"subContentId":"590491dd-e64d-4027-bed6-4ec0eee9fb10","metadata":{"contentType":"Image","license":"U","title":"Untitled Image"}},"backgroundOpacity":0,"willDoAnimation":true,"animationType":"glow","displayAsButton":false,"buttonSize":"big","goToSlideType":"specified","invisible":false,"id":"img2bf0b582-4dac-48ab-a987-df48905aebd6_2"}],"slideBackgroundSelector":{}},{"elements":[{"x":5.446623093681917,"y":6.44658064516129,"width":39.97821350762527,"height":93.54838709677419,"action":{"library":"H5P.Image 1.1","params":{"contentName":"Image","file":{"path":"images\/file-6582f8657e7fd.jpg","mime":"image\/jpeg","copyright":{"license":"U"},"width":639,"height":687}},"subContentId":"59f6874d-70d3-4721-b27c-88467f7a9199","metadata":{"contentType":"Image","license":"U","title":"Untitled Image"}},"backgroundOpacity":0,"willDoAnimation":false,"animationType":"glow","displayAsButton":false,"buttonSize":"big","goToSlideType":"specified","invisible":false},{"x":44.66230936819172,"y":30.124759539865817,"width":54.8469387755102,"height":47.858942065491185,"action":{"library":"H5P.CRAdvancedText 1.1","params":{"text":"<p dir=\"ltr\" style=\"text-align: center;\"><span style=\"color:#ffffff;\"><span style=\"font-size:1.75em;\">Chaku lembrou que tamb\u00e9m precisava de pregos e de um martelo.<\/span><\/span><\/p>\n"},"subContentId":"aa0e15d9-a1e8-482d-8ee6-6e545bfeab5b","metadata":{"contentType":"Text","license":"U","title":"Untitled Text"}},"alwaysDisplayComments":false,"backgroundOpacity":0,"willDoAnimation":false,"animationType":"glow","displayAsButton":false,"buttonSize":"big","goToSlideType":"specified","invisible":false,"solution":""},{"x":47.000103485838785,"y":44.00026681929878,"width":40,"height":40,"action":{"library":"H5P.CRAudio 1.4","params":{"fitToWrapper":true,"currIndex":5,"playerMode":"minimalistic","controls":true,"autoplay":true,"playAudio":"Play audio","pauseAudio":"Pause audio","contentName":"Audio","glowColor":"#ffd85a","timeStampForEachText":[{"text":" Chaku ","startDuration":"0.0000","endDuration":"0.5529","wordfile":[{"path":"audios\/wordfile-670e56b196af2.wav","mime":"audio\/x-wav","copyright":{"license":"U"}}]},{"text":" lembrou ","startDuration":"0.5597","endDuration":"1.2067","wordfile":[{"path":"audios\/wordfile-670e56cbda351.wav","mime":"audio\/x-wav","copyright":{"license":"U"}}]},{"text":" que ","startDuration":"1.2077","endDuration":"1.4077","wordfile":[{"path":"audios\/wordfile-670e56de6f6b9.wav","mime":"audio\/x-wav","copyright":{"license":"U"}}]},{"text":" tamb\u00e9m ","startDuration":"1.4087","endDuration":"1.9498","wordfile":[{"path":"audios\/wordfile-670e5706a850d.wav","mime":"audio\/x-wav","copyright":{"license":"U"}}]},{"text":" precisava ","startDuration":"1.9508","endDuration":"2.7743","wordfile":[{"path":"audios\/wordfile-670e572044a35.wav","mime":"audio\/x-wav","copyright":{"license":"U"}}]},{"text":" de ","startDuration":"2.7753","endDuration":"2.9753","wordfile":[{"path":"audios\/wordfile-670e57325d19e.wav","mime":"audio\/x-wav","copyright":{"license":"U"}}]},{"text":" pregos ","startDuration":"2.9763","endDuration":"3.5174","wordfile":[{"path":"audios\/wordfile-670e5748077ed.wav","mime":"audio\/x-wav","copyright":{"license":"U"}}]},{"text":" e ","startDuration":"3.5184","endDuration":"3.7184","wordfile":[{"path":"audios\/wordfile-670e575b04b6f.wav","mime":"audio\/x-wav","copyright":{"license":"U"}}]},{"text":" de ","startDuration":"3.7466","endDuration":"3.9996","wordfile":[{"path":"audios\/wordfile-670e57754b309.wav","mime":"audio\/x-wav","copyright":{"license":"U"}}]},{"text":" um ","startDuration":"4.0006","endDuration":"4.3418","wordfile":[{"path":"audios\/wordfile-670e578c577f4.wav","mime":"audio\/x-wav","copyright":{"license":"U"}}]},{"text":" martelo. ","startDuration":"4.3428","endDuration":"5.1523","wordfile":[{"path":"audios\/wordfile-670e579f28dd7.wav","mime":"audio\/x-wav","copyright":{"license":"U"}}]}],"files":[{"path":"audios\/files-670e56983e2f1.wav","mime":"audio\/x-wav","copyright":{"license":"U"}}]},"subContentId":"53276cfa-87f5-4d2d-9749-1abf474e1a60","metadata":{"contentType":"Curious Reader Audio","license":"U","title":"Untitled Curious Reader Audio"}},"backgroundOpacity":0,"willDoAnimation":false,"animationType":"glow","displayAsButton":false,"buttonSize":"big","goToSlideType":"specified","invisible":false},{"x":8.714596949891067,"y":23.669453924180285,"width":11.437037037037038,"height":25.175691901173575,"action":{"library":"H5P.Image 1.1","params":{"contentName":"Image"},"subContentId":"43ac3ff0-d523-4423-a88c-1255699a8b0b","metadata":{"contentType":"Image","license":"U","title":"Untitled Image"}},"backgroundOpacity":0,"willDoAnimation":true,"animationType":"glow","displayAsButton":false,"buttonSize":"big","goToSlideType":"specified","invisible":false,"id":"img53276cfa-87f5-4d2d-9749-1abf474e1a60_0"},{"x":26.143790849673202,"y":6.455305615685532,"width":13.513616557734206,"height":25.175691901173575,"action":{"library":"H5P.Image 1.1","params":{"contentName":"Image"},"subContentId":"52dedd05-b428-4492-bd6e-c3fb0177e69a","metadata":{"contentType":"Image","license":"U","title":"Untitled Image"}},"backgroundOpacity":0,"willDoAnimation":true,"animationType":"glow","displayAsButton":false,"buttonSize":"big","goToSlideType":"specified","invisible":false,"id":"img53276cfa-87f5-4d2d-9749-1abf474e1a60_6"},{"x":26.143790849673202,"y":8.607074154247377,"width":12.745098039215687,"height":20.559481337711464,"action":{"library":"H5P.Image 1.1","params":{"contentName":"Image"},"subContentId":"2d00154e-7b09-4cb6-8da0-30edaaf16248","metadata":{"contentType":"Image","license":"U","title":"Untitled Image"}},"backgroundOpacity":0,"willDoAnimation":true,"animationType":"glow","displayAsButton":false,"buttonSize":"big","goToSlideType":"specified","invisible":false,"id":"img53276cfa-87f5-4d2d-9749-1abf474e1a60_10"}],"slideBackgroundSelector":{}},{"elements":[{"x":4.357298474945534,"y":2.150537634408602,"width":39.97821350762527,"height":95.69892473118279,"action":{"library":"H5P.Image 1.1","params":{"contentName":"Image","file":{"path":"images\/file-6582f8a2a9d1c.jpg","mime":"image\/jpeg","copyright":{"license":"U"},"width":479,"height":686}},"subContentId":"a12d8d51-bd78-4fea-affb-9061ee70f22e","metadata":{"contentType":"Image","license":"U","title":"Untitled Image"}},"backgroundOpacity":0,"willDoAnimation":false,"animationType":"glow","displayAsButton":false,"buttonSize":"big","goToSlideType":"specified","invisible":false},{"x":45.91836734693878,"y":40.8375314861461,"width":48.5969387755102,"height":40.050377833753146,"action":{"library":"H5P.CRAdvancedText 1.1","params":{"text":"<p dir=\"ltr\" style=\"text-align: center;\"><span style=\"font-size:1.75em;\"><span style=\"color:#ffffff;\">Chaku pediu ajuda ao seu tio.<\/span><\/span><\/p>\n"},"subContentId":"b55726bc-a322-4bce-8773-377dd906e05f","metadata":{"contentType":"Text","license":"U","title":"Untitled Text"}},"alwaysDisplayComments":false,"backgroundOpacity":0,"willDoAnimation":false,"animationType":"glow","displayAsButton":false,"buttonSize":"big","goToSlideType":"specified","invisible":false,"solution":""},{"x":47.000103485838785,"y":44.00026681929878,"width":40,"height":40,"action":{"library":"H5P.CRAudio 1.4","params":{"fitToWrapper":true,"currIndex":6,"playerMode":"minimalistic","controls":true,"autoplay":true,"playAudio":"Play audio","pauseAudio":"Pause audio","contentName":"Audio","glowColor":"#ffd85a","timeStampForEachText":[{"text":" Chaku ","startDuration":"0.0000","endDuration":"0.6808","wordfile":[{"path":"audios\/wordfile-670e57e2ebf5c.wav","mime":"audio\/x-wav","copyright":{"license":"U"}}]},{"text":" pediu ","startDuration":"0.6818","endDuration":"1.1375","wordfile":[{"path":"audios\/wordfile-670e580197426.wav","mime":"audio\/x-wav","copyright":{"license":"U"}}]},{"text":" ajuda ","startDuration":"1.1385","endDuration":"1.7818","wordfile":[{"path":"audios\/wordfile-670e58190b7a4.wav","mime":"audio\/x-wav","copyright":{"license":"U"}}]},{"text":" ao ","startDuration":"1.7828","endDuration":"1.9828","wordfile":[{"path":"audios\/wordfile-670e582dccf36.wav","mime":"audio\/x-wav","copyright":{"license":"U"}}]},{"text":" seu ","startDuration":"1.9838","endDuration":"2.3884","wordfile":[{"path":"audios\/wordfile-670e58442ae2f.wav","mime":"audio\/x-wav","copyright":{"license":"U"}}]},{"text":" tio. ","startDuration":"2.3894","endDuration":"2.9871","wordfile":[{"path":"audios\/wordfile-670e5856c4d45.wav","mime":"audio\/x-wav","copyright":{"license":"U"}}]}],"files":[{"path":"audios\/files-670e57c018bb7.wav","mime":"audio\/x-wav","copyright":{"license":"U"}}]},"subContentId":"835fb5d6-ef17-44ba-974e-4e0814dbb01d","metadata":{"contentType":"Curious Reader Audio","license":"U","title":"Untitled Curious Reader Audio"}},"backgroundOpacity":0,"willDoAnimation":false,"animationType":"glow","displayAsButton":false,"buttonSize":"big","goToSlideType":"specified","invisible":false},{"x":8.714596949891067,"y":38.73183369411319,"width":13.83442265795207,"height":25.772377316916774,"action":{"library":"H5P.Image 1.1","params":{"contentName":"Image"},"subContentId":"03e63677-fabc-4c12-a368-1c020edbb03e","metadata":{"contentType":"Image","license":"U","title":"Untitled Image"}},"backgroundOpacity":0,"willDoAnimation":true,"animationType":"glow","displayAsButton":false,"buttonSize":"big","goToSlideType":"specified","invisible":false,"id":"img835fb5d6-ef17-44ba-974e-4e0814dbb01d_0"},{"x":20.697167755991288,"y":6.455305615685532,"width":21.459694989106755,"height":39.999440540179975,"action":{"library":"H5P.Image 1.1","params":{"contentName":"Image"},"subContentId":"5718527a-8ae7-437b-80f3-db3c05f6850f","metadata":{"contentType":"Image","license":"U","title":"Untitled Image"}},"backgroundOpacity":0,"willDoAnimation":true,"animationType":"glow","displayAsButton":false,"buttonSize":"big","goToSlideType":"specified","invisible":false,"id":"img835fb5d6-ef17-44ba-974e-4e0814dbb01d_5"}],"slideBackgroundSelector":{}},{"elements":[{"x":3.2679738562091507,"y":2.148858064516129,"width":39.97821350762527,"height":96.77419354838709,"action":{"library":"H5P.Image 1.1","params":{"contentName":"Image","file":{"path":"images\/file-6582f8d53e48b.jpg","mime":"image\/jpeg","copyright":{"license":"U"},"width":479,"height":686}},"subContentId":"92528443-ca85-4263-9bfc-286ba7fa3bad","metadata":{"contentType":"Image","license":"U","title":"Untitled Image"}},"backgroundOpacity":0,"willDoAnimation":false,"animationType":"glow","displayAsButton":false,"buttonSize":"big","goToSlideType":"specified","invisible":false},{"x":43.57298474945534,"y":27.972991001303974,"width":53.57004357298475,"height":55.94598200260795,"action":{"library":"H5P.CRAdvancedText 1.1","params":{"text":"<p style=\"text-align:center;\"><span style=\"font-size:1.75em;color:#ffffff;\">O tio de Chaku deu-lhe as ferramentas. O tio pediu a Chaku que tivesse cuidado.<\/span><\/p>"},"subContentId":"41562dc7-92c2-4920-9175-0b9ee75a455f","metadata":{"contentType":"Text","license":"U","title":"Untitled Text"}},"alwaysDisplayComments":false,"backgroundOpacity":0,"willDoAnimation":false,"animationType":"glow","displayAsButton":false,"buttonSize":"big","goToSlideType":"specified","invisible":false,"solution":""},{"x":47.000103485838785,"y":44.00026681929878,"width":40,"height":40,"action":{"library":"H5P.CRAudio 1.4","params":{"fitToWrapper":true,"currIndex":7,"playerMode":"minimalistic","controls":true,"autoplay":true,"playAudio":"Play audio","pauseAudio":"Pause audio","contentName":"Audio","glowColor":"#ffd85a","timeStampForEachText":[{"text":" O ","startDuration":"0.0000","endDuration":"0.2781","wordfile":[{"path":"audios\/wordfile-670e5b922202a.wav","mime":"audio\/x-wav","copyright":{"license":"U"}}]},{"text":" tio ","startDuration":"0.2791","endDuration":"0.5728","wordfile":[{"path":"audios\/wordfile-670e5bb03dd15.wav","mime":"audio\/x-wav","copyright":{"license":"U"}}]},{"text":" de ","startDuration":"0.5738","endDuration":"0.7270","wordfile":[{"path":"audios\/wordfile-670e5bd39207d.wav","mime":"audio\/x-wav","copyright":{"license":"U"}}]},{"text":" Chaku ","startDuration":"0.7280","endDuration":"1.2246","wordfile":[{"path":"audios\/wordfile-670e5bf3b049f.wav","mime":"audio\/x-wav","copyright":{"license":"U"}}]},{"text":" deulhe ","startDuration":"1.2256","endDuration":"1.7222","wordfile":[{"path":"audios\/wordfile-670e5c088535e.wav","mime":"audio\/x-wav","copyright":{"license":"U"}}]},{"text":" as ","startDuration":"1.7232","endDuration":"1.9232","wordfile":[{"path":"audios\/wordfile-670e5c1c85ddb.wav","mime":"audio\/x-wav","copyright":{"license":"U"}}]},{"text":" ferramentas. ","startDuration":"1.9242","endDuration":"3.3809","wordfile":[{"path":"audios\/wordfile-670e5c35a813c.wav","mime":"audio\/x-wav","copyright":{"license":"U"}}]},{"text":" O ","startDuration":"3.3819","endDuration":"3.6209","wordfile":[{"path":"audios\/wordfile-670e5c4abcb40.wav","mime":"audio\/x-wav","copyright":{"license":"U"}}]},{"text":" tio ","startDuration":"3.6219","endDuration":"3.9390","wordfile":[{"path":"audios\/wordfile-670e5c5fbee50.wav","mime":"audio\/x-wav","copyright":{"license":"U"}}]},{"text":" pediu ","startDuration":"3.9400","endDuration":"4.4054","wordfile":[{"path":"audios\/wordfile-670e5c7b4c5fe.wav","mime":"audio\/x-wav","copyright":{"license":"U"}}]},{"text":" a ","startDuration":"4.4064","endDuration":"4.5596","wordfile":[{"path":"audios\/wordfile-670e5c9081596.wav","mime":"audio\/x-wav","copyright":{"license":"U"}}]},{"text":" Chaku ","startDuration":"4.5606","endDuration":"5.0728","wordfile":[{"path":"audios\/wordfile-670e5ca9a69e2.wav","mime":"audio\/x-wav","copyright":{"license":"U"}}]},{"text":" que ","startDuration":"5.0738","endDuration":"5.2738","wordfile":[{"path":"audios\/wordfile-670e5cbb5293a.wav","mime":"audio\/x-wav","copyright":{"license":"U"}}]},{"text":" tivesse ","startDuration":"5.2748","endDuration":"5.8885","wordfile":[{"path":"audios\/wordfile-670e5cd9de2a0.wav","mime":"audio\/x-wav","copyright":{"license":"U"}}]},{"text":" cuidado. ","startDuration":"5.8895","endDuration":"6.8154","wordfile":[{"path":"audios\/wordfile-670e5cfd0c14c.wav","mime":"audio\/x-wav","copyright":{"license":"U"}}]}],"files":[{"path":"audios\/files-670e5b761c716.mp3","mime":"audio\/mpeg","copyright":{"license":"U"}}]},"subContentId":"4c3b0413-3252-4efd-b193-e6507bc39c41","metadata":{"contentType":"Curious Reader Audio","license":"U","title":"Untitled Curious Reader Audio"}},"backgroundOpacity":0,"willDoAnimation":false,"animationType":"glow","displayAsButton":false,"buttonSize":"big","goToSlideType":"specified","invisible":false},{"x":6.5359477124183005,"y":36.58006515555135,"width":18.191721132897605,"height":26.99135419401206,"action":{"library":"H5P.Image 1.1","params":{"contentName":"Image"},"subContentId":"deed0b0d-8b19-46a0-a357-b6ac4474a696","metadata":{"contentType":"Image","license":"U","title":"Untitled Image"}},"backgroundOpacity":0,"willDoAnimation":true,"animationType":"glow","displayAsButton":false,"buttonSize":"big","goToSlideType":"specified","invisible":false,"id":"img4c3b0413-3252-4efd-b193-e6507bc39c41_6"},{"x":9.803921568627452,"y":19.365916847056596,"width":10.053278867102398,"height":18.720386285488043,"action":{"library":"H5P.Image 1.1","params":{"contentName":"Image"},"subContentId":"4863a162-a5c0-45be-83ee-e5d9df700992","metadata":{"contentType":"Image","license":"U","title":"Untitled Image"}},"backgroundOpacity":0,"willDoAnimation":true,"animationType":"glow","displayAsButton":false,"buttonSize":"big","goToSlideType":"specified","invisible":false,"id":"img4c3b0413-3252-4efd-b193-e6507bc39c41_3"}],"slideBackgroundSelector":{}},{"elements":[{"x":0,"y":0,"width":97.93028322440088,"height":98.06451612903226,"action":{"library":"H5P.Image 1.1","params":{"contentName":"Image","file":{"path":"images\/file-6582f91783856.jpg","mime":"image\/jpeg","copyright":{"license":"U"},"width":959,"height":687}},"subContentId":"b905eb68-4ec2-4d41-a807-2f5c3e7461c9","metadata":{"contentType":"Image","license":"U","title":"Untitled Image"}},"backgroundOpacity":0,"willDoAnimation":false,"animationType":"glow","displayAsButton":false,"buttonSize":"big","goToSlideType":"specified","invisible":false},{"x":8.928571428571429,"y":30.17934508816121,"width":51.02040816326531,"height":65.4911838790932,"action":{"library":"H5P.CRAdvancedText 1.1","params":{"text":"<p dir=\"ltr\" style=\"text-align: center;\"><span style=\"font-size:1.75em;\"><span style=\"color:#ffffff;\">Chaku pensou em como construir seu triciclo.<\/span><\/span><\/p>\n"},"subContentId":"4b0d3413-30b9-4e2b-af52-cdc16350c10c","metadata":{"contentType":"Text","license":"U","title":"Untitled Text"}},"alwaysDisplayComments":false,"backgroundOpacity":0,"willDoAnimation":false,"animationType":"glow","displayAsButton":false,"buttonSize":"big","goToSlideType":"specified","invisible":false,"solution":""},{"x":47.000103485838785,"y":44.00026681929878,"width":40,"height":40,"action":{"library":"H5P.CRAudio 1.4","params":{"fitToWrapper":true,"currIndex":8,"playerMode":"minimalistic","controls":true,"autoplay":true,"playAudio":"Play audio","pauseAudio":"Pause audio","contentName":"Audio","glowColor":"#ffd85a","timeStampForEachText":[{"text":" Chaku ","startDuration":"0.0000","endDuration":"0.6850","wordfile":[{"path":"audios\/wordfile-670e5dc34f3e6.wav","mime":"audio\/x-wav","copyright":{"license":"U"}}]},{"text":" pensou ","startDuration":"0.6860","endDuration":"1.2664","wordfile":[{"path":"audios\/wordfile-670e5dd7cbf24.wav","mime":"audio\/x-wav","copyright":{"license":"U"}}]},{"text":" em ","startDuration":"1.2674","endDuration":"1.5245","wordfile":[{"path":"audios\/wordfile-670e5deacb779.wav","mime":"audio\/x-wav","copyright":{"license":"U"}}]},{"text":" como ","startDuration":"1.5121","endDuration":"1.9546","wordfile":[{"path":"audios\/wordfile-670e5e0c63b87.wav","mime":"audio\/x-wav","copyright":{"license":"U"}}]},{"text":" construir ","startDuration":"1.9556","endDuration":"2.7262","wordfile":[{"path":"audios\/wordfile-670e5e2554966.wav","mime":"audio\/x-wav","copyright":{"license":"U"}}]},{"text":" seu ","startDuration":"2.7272","endDuration":"3.0889","wordfile":[{"path":"audios\/wordfile-670e5e3886bb7.wav","mime":"audio\/x-wav","copyright":{"license":"U"}}]},{"text":" triciclo. ","startDuration":"3.0899","endDuration":"4.1654","wordfile":[{"path":"audios\/wordfile-670e5e4c4a75f.wav","mime":"audio\/x-wav","copyright":{"license":"U"}}]}],"files":[{"path":"audios\/files-670e5da50efa6.wav","mime":"audio\/x-wav","copyright":{"license":"U"}}]},"subContentId":"0394962f-441b-426f-8da3-286c248007bc","metadata":{"contentType":"Curious Reader Audio","license":"U","title":"Untitled Curious Reader Audio"}},"backgroundOpacity":0,"willDoAnimation":false,"animationType":"glow","displayAsButton":false,"buttonSize":"big","goToSlideType":"specified","invisible":false},{"x":66.44880174291939,"y":36.58006515555135,"width":22.54901960784314,"height":39.999440540179975,"action":{"library":"H5P.Image 1.1","params":{"contentName":"Image"},"subContentId":"7ae76395-e626-4b54-aa72-7c1ae3ff1bed","metadata":{"contentType":"Image","license":"U","title":"Untitled Image"}},"backgroundOpacity":0,"willDoAnimation":true,"animationType":"glow","displayAsButton":false,"buttonSize":"big","goToSlideType":"specified","invisible":false,"id":"img0394962f-441b-426f-8da3-286c248007bc_0"}],"slideBackgroundSelector":{}},{"elements":[{"x":3.2679738562091507,"y":4.297720430107527,"width":39.97821350762527,"height":95.69892473118279,"action":{"library":"H5P.Image 1.1","params":{"contentName":"Image","file":{"path":"images\/file-6582f95489ed3.jpg","mime":"image\/jpeg","copyright":{"license":"U"},"width":479,"height":686}},"subContentId":"ca658387-de74-4029-9595-32a598136409","metadata":{"contentType":"Image","license":"U","title":"Untitled Image"}},"backgroundOpacity":0,"willDoAnimation":false,"animationType":"glow","displayAsButton":false,"buttonSize":"big","goToSlideType":"specified","invisible":false},{"x":50.10867346938775,"y":36.53954659949623,"width":45.91836734693878,"height":40.050377833753146,"action":{"library":"H5P.CRAdvancedText 1.1","params":{"text":"<p style=\"text-align:center;\"><span style=\"font-size:1.75em;color:#ffffff;\">Chaku come\u00e7ou a construir.<\/span><\/p>"},"subContentId":"ebe359ba-481e-4f99-a8c0-e8e2ba425efc","metadata":{"contentType":"Text","license":"U","title":"Untitled Text"}},"alwaysDisplayComments":false,"backgroundOpacity":0,"willDoAnimation":false,"animationType":"glow","displayAsButton":false,"buttonSize":"big","goToSlideType":"specified","invisible":false,"solution":""},{"x":47.000103485838785,"y":44.00026681929878,"width":40,"height":40,"action":{"library":"H5P.CRAudio 1.4","params":{"fitToWrapper":true,"currIndex":9,"playerMode":"minimalistic","controls":true,"autoplay":true,"playAudio":"Play audio","pauseAudio":"Pause audio","contentName":"Audio","glowColor":"#ffd85a","timeStampForEachText":[{"text":" Chaku ","startDuration":"0.0000","endDuration":"0.6198","wordfile":[{"path":"audios\/wordfile-670e5f4501ada.wav","mime":"audio\/x-wav","copyright":{"license":"U"}}]},{"text":" come\u00e7ou ","startDuration":"0.6208","endDuration":"1.3579","wordfile":[{"path":"audios\/wordfile-670e5f602f9d5.wav","mime":"audio\/x-wav","copyright":{"license":"U"}}]},{"text":" a ","startDuration":"1.4145","endDuration":"1.6824","wordfile":[{"path":"audios\/wordfile-670e5f7aaf626.wav","mime":"audio\/x-wav","copyright":{"license":"U"}}]},{"text":" construir. ","startDuration":"1.6834","endDuration":"2.7042","wordfile":[{"path":"audios\/wordfile-670e5f8d9a321.wav","mime":"audio\/x-wav","copyright":{"license":"U"}}]}],"files":[{"path":"audios\/files-670e5f2fe2b95.wav","mime":"audio\/x-wav","copyright":{"license":"U"}}]},"subContentId":"25100329-e9db-4891-866d-c596d42c6a68","metadata":{"contentType":"Curious Reader Audio","license":"U","title":"Untitled Curious Reader Audio"}},"backgroundOpacity":0,"willDoAnimation":false,"animationType":"glow","displayAsButton":false,"buttonSize":"big","goToSlideType":"specified","invisible":false},{"x":11.982570806100219,"y":34.428296616989506,"width":11.207298474945533,"height":20.872154824049886,"action":{"library":"H5P.Image 1.1","params":{"contentName":"Image"},"subContentId":"ed802bf4-c854-4763-bbad-69f6a8e492cf","metadata":{"contentType":"Image","license":"U","title":"Untitled Image"}},"backgroundOpacity":0,"willDoAnimation":true,"animationType":"glow","displayAsButton":false,"buttonSize":"big","goToSlideType":"specified","invisible":false,"id":"img25100329-e9db-4891-866d-c596d42c6a68_0"},{"x":19.607843137254903,"y":30.12475953986582,"width":14.923747276688454,"height":44.541608748230175,"action":{"library":"H5P.Image 1.1","params":{"contentName":"Image"},"subContentId":"371e9094-4160-4539-ab39-42d038a1e71a","metadata":{"contentType":"Image","license":"U","title":"Untitled Image"}},"backgroundOpacity":0,"willDoAnimation":true,"animationType":"glow","displayAsButton":false,"buttonSize":"big","goToSlideType":"specified","invisible":false,"id":"img25100329-e9db-4891-866d-c596d42c6a68_3"}],"slideBackgroundSelector":{}},{"elements":[{"x":4.357298474945534,"y":2.150537634408602,"width":39.97821350762527,"height":95.69892473118279,"action":{"library":"H5P.Image 1.1","params":{"contentName":"Image","file":{"path":"images\/file-6582f9838dd11.jpg","mime":"image\/jpeg","copyright":{"license":"U"},"width":479,"height":686}},"subContentId":"6368cbb9-4216-4806-a78c-04244d505890","metadata":{"contentType":"Image","license":"U","title":"Untitled Image"}},"backgroundOpacity":0,"willDoAnimation":false,"animationType":"glow","displayAsButton":false,"buttonSize":"big","goToSlideType":"specified","invisible":false},{"x":45.91836734693878,"y":37.78337531486146,"width":46.42857142857143,"height":40.050377833753146,"action":{"library":"H5P.CRAdvancedText 1.1","params":{"text":"<p dir=\"ltr\" style=\"text-align: center;\"><span style=\"font-size:1.75em;\"><span style=\"color:#ffffff;\">Que lindo triciclo! Mas n\u00e3o era est\u00e1vel.<\/span><\/span><\/p>\n"},"subContentId":"a355e8e7-c5ed-4094-99d2-8040204b21eb","metadata":{"contentType":"Text","license":"U","title":"Untitled Text"}},"alwaysDisplayComments":false,"backgroundOpacity":0,"willDoAnimation":false,"animationType":"glow","displayAsButton":false,"buttonSize":"big","goToSlideType":"specified","invisible":false,"solution":""},{"x":47.000103485838785,"y":44.00026681929878,"width":40,"height":40,"action":{"library":"H5P.CRAudio 1.4","params":{"fitToWrapper":true,"currIndex":10,"playerMode":"minimalistic","controls":true,"autoplay":true,"playAudio":"Play audio","pauseAudio":"Pause audio","contentName":"Audio","glowColor":"#ffd85a","timeStampForEachText":[{"text":" Que ","startDuration":"0.0000","endDuration":"0.2869","wordfile":[{"path":"audios\/wordfile-670e5fee09573.wav","mime":"audio\/x-wav","copyright":{"license":"U"}}]},{"text":" lindo ","startDuration":"0.2879","endDuration":"0.7789","wordfile":[{"path":"audios\/wordfile-670e600186802.wav","mime":"audio\/x-wav","copyright":{"license":"U"}}]},{"text":" triciclo! ","startDuration":"0.7799","endDuration":"1.8398","wordfile":[{"path":"audios\/wordfile-670e6017d642b.wav","mime":"audio\/x-wav","copyright":{"license":"U"}}]},{"text":" Mas ","startDuration":"1.8408","endDuration":"2.4143","wordfile":[{"path":"audios\/wordfile-670e6030ae529.wav","mime":"audio\/x-wav","copyright":{"license":"U"}}]},{"text":" n\u00e3o ","startDuration":"2.4153","endDuration":"2.6327","wordfile":[{"path":"audios\/wordfile-670e605b33507.wav","mime":"audio\/x-wav","copyright":{"license":"U"}}]},{"text":" era ","startDuration":"2.6337","endDuration":"2.9640","wordfile":[{"path":"audios\/wordfile-670e6075a2fe7.wav","mime":"audio\/x-wav","copyright":{"license":"U"}}]},{"text":" est\u00e1vel. ","startDuration":"2.9650","endDuration":"3.8043","wordfile":[{"path":"audios\/wordfile-670e60919fb00.wav","mime":"audio\/x-wav","copyright":{"license":"U"}}]}],"files":[{"path":"audios\/files-670e5fd14dde1.wav","mime":"audio\/x-wav","copyright":{"license":"U"}}]},"subContentId":"c0e990c0-8ffe-4f4b-864d-16143004f1db","metadata":{"contentType":"Curious Reader Audio","license":"U","title":"Untitled Curious Reader Audio"}},"backgroundOpacity":0,"willDoAnimation":false,"animationType":"glow","displayAsButton":false,"buttonSize":"big","goToSlideType":"specified","invisible":false},{"x":20.697167755991288,"y":51.642444925484256,"width":20.37037037037037,"height":31.53007957240056,"action":{"library":"H5P.Image 1.1","params":{"contentName":"Image"},"subContentId":"7918dda4-d3f8-46b6-9b13-4449e52c8432","metadata":{"contentType":"Image","license":"U","title":"Untitled Image"}},"backgroundOpacity":0,"willDoAnimation":true,"animationType":"glow","displayAsButton":false,"buttonSize":"big","goToSlideType":"specified","invisible":false,"id":"imgc0e990c0-8ffe-4f4b-864d-16143004f1db_2"}],"slideBackgroundSelector":{}},{"elements":[{"x":3.2679738562091503,"y":2.150537634408602,"width":39.97821350762527,"height":95.69892473118279,"action":{"library":"H5P.Image 1.1","params":{"contentName":"Image","file":{"path":"images\/file-6582f9c9f38f2.jpg","mime":"image\/jpeg","copyright":{"license":"U"},"width":479,"height":686}},"subContentId":"9f8d3804-966c-4b96-9d67-50173d8d300c","metadata":{"contentType":"Image","license":"U","title":"Untitled Image"}},"backgroundOpacity":0,"willDoAnimation":false,"animationType":"glow","displayAsButton":false,"buttonSize":"big","goToSlideType":"specified","invisible":false},{"x":47.79411764705882,"y":25.454545454545453,"width":48.345588235294116,"height":55.63636363636363,"action":{"library":"H5P.CRAdvancedText 1.1","params":{"text":"<p dir=\"ltr\" style=\"text-align: center;\"><span style=\"font-size:1.75em;\"><span style=\"color:#ffffff;\">Lila percebeu a dificuldade de Chaku. Ela decidiu ajudar.<\/span><\/span><\/p>\n"},"subContentId":"a61b743b-74cb-4bd5-bd26-12e57b9e9005","metadata":{"contentType":"Text","license":"U","title":"Untitled Text"}},"alwaysDisplayComments":false,"backgroundOpacity":0,"willDoAnimation":false,"animationType":"glow","displayAsButton":false,"buttonSize":"big","goToSlideType":"specified","invisible":false,"solution":""},{"x":47.000103485838785,"y":44.00026681929878,"width":40,"height":40,"action":{"library":"H5P.CRAudio 1.4","params":{"fitToWrapper":true,"currIndex":11,"playerMode":"minimalistic","controls":true,"autoplay":true,"playAudio":"Play audio","pauseAudio":"Pause audio","contentName":"Audio","glowColor":"#ffd85a","timeStampForEachText":[{"text":" Lila ","startDuration":"0.0000","endDuration":"0.5383","wordfile":[{"path":"audios\/wordfile-670e60edc77ad.wav","mime":"audio\/x-wav","copyright":{"license":"U"}}]},{"text":" percebeu ","startDuration":"0.5393","endDuration":"1.1267","wordfile":[{"path":"audios\/wordfile-670e610f3c6ad.wav","mime":"audio\/x-wav","copyright":{"license":"U"}}]},{"text":" a ","startDuration":"1.1277","endDuration":"1.2787","wordfile":[{"path":"audios\/wordfile-670e61560e965.wav","mime":"audio\/x-wav","copyright":{"license":"U"}}]},{"text":" dificuldade ","startDuration":"1.2797","endDuration":"2.0580","wordfile":[{"path":"audios\/wordfile-670e616f666c7.wav","mime":"audio\/x-wav","copyright":{"license":"U"}}]},{"text":" de ","startDuration":"2.0590","endDuration":"2.1755","wordfile":[{"path":"audios\/wordfile-670e618d28c91.wav","mime":"audio\/x-wav","copyright":{"license":"U"}}]},{"text":" Chaku. ","startDuration":"2.1765","endDuration":"2.8785","wordfile":[{"path":"audios\/wordfile-670e61ab9cdbf.wav","mime":"audio\/x-wav","copyright":{"license":"U"}}]},{"text":" Ela ","startDuration":"2.9995","endDuration":"3.4178","wordfile":[{"path":"audios\/wordfile-670e61c6c5201.wav","mime":"audio\/x-wav","copyright":{"license":"U"}}]},{"text":" decidiu ","startDuration":"3.4188","endDuration":"4.0116","wordfile":[{"path":"audios\/wordfile-670e61dc2dceb.wav","mime":"audio\/x-wav","copyright":{"license":"U"}}]},{"text":" ajudar. ","startDuration":"4.0126","endDuration":"4.7795","wordfile":[{"path":"audios\/wordfile-670e61ee9bfa1.wav","mime":"audio\/x-wav","copyright":{"license":"U"}}]}],"files":[{"path":"audios\/files-670e60d4193a4.wav","mime":"audio\/x-wav","copyright":{"license":"U"}}]},"subContentId":"cb6ef21c-7f57-44ec-9935-0254da4c6b13","metadata":{"contentType":"Curious Reader Audio","license":"U","title":"Untitled Curious Reader Audio"}},"backgroundOpacity":0,"willDoAnimation":false,"animationType":"glow","displayAsButton":false,"buttonSize":"big","goToSlideType":"specified","invisible":false},{"x":6.5359477124183005,"y":34.428296616989506,"width":9.477124183006536,"height":17.64450201620712,"action":{"library":"H5P.Image 1.1","params":{"contentName":"Image"},"subContentId":"0ec0487f-5804-401b-ac57-c760f05af62d","metadata":{"contentType":"Image","license":"U","title":"Untitled Image"}},"backgroundOpacity":0,"willDoAnimation":true,"animationType":"glow","displayAsButton":false,"buttonSize":"big","goToSlideType":"specified","invisible":false,"id":"imgcb6ef21c-7f57-44ec-9935-0254da4c6b13_0"},{"x":22.875816993464053,"y":32.27652807842766,"width":12.129847494553378,"height":35.9345345939828,"action":{"library":"H5P.Image 1.1","params":{"contentName":"Image"},"subContentId":"50e0c7f8-bbc5-48af-8590-fe6658177f94","metadata":{"contentType":"Image","license":"U","title":"Untitled Image"}},"backgroundOpacity":0,"willDoAnimation":true,"animationType":"glow","displayAsButton":false,"buttonSize":"big","goToSlideType":"specified","invisible":false,"id":"imgcb6ef21c-7f57-44ec-9935-0254da4c6b13_5"},{"x":4.357298474945534,"y":40.88360223267504,"width":16.626688453159044,"height":29.479228978297265,"action":{"library":"H5P.Image 1.1","params":{"contentName":"Image"},"subContentId":"a69bef42-f794-465c-b7d4-fb97781c24a2","metadata":{"contentType":"Image","license":"U","title":"Untitled Image"}},"backgroundOpacity":0,"willDoAnimation":true,"animationType":"glow","displayAsButton":false,"buttonSize":"big","goToSlideType":"specified","invisible":false,"id":"imgcb6ef21c-7f57-44ec-9935-0254da4c6b13_8"}],"slideBackgroundSelector":{}},{"elements":[{"x":44.11764705882353,"y":18.181818181818183,"width":55.44662309368192,"height":70.96774193548387,"action":{"library":"H5P.Image 1.1","params":{"contentName":"Image","file":{"path":"images\/file-6582fa0e7a729.jpg","mime":"image\/jpeg","copyright":{"license":"U"},"width":959,"height":687}},"subContentId":"3ccdf63e-a32d-4e4c-9b61-15b14f985b43","metadata":{"contentType":"Image","license":"U","title":"Untitled Image"}},"backgroundOpacity":0,"willDoAnimation":false,"animationType":"glow","displayAsButton":false,"buttonSize":"big","goToSlideType":"specified","invisible":false},{"x":3.2679738562091503,"y":38.73183369411319,"width":40,"height":40,"action":{"library":"H5P.CRAdvancedText 1.1","params":{"text":"<p dir=\"ltr\" style=\"text-align: center;\"><span style=\"font-size:1.75em;\"><span style=\"color:#ffffff;\">Juntos, eles construiram um triciclo forte.<\/span><\/span><\/p>\n"},"subContentId":"593db92d-80ca-4922-a46d-9ed57765478e","metadata":{"contentType":"Text","license":"U","title":"Untitled Text"}},"alwaysDisplayComments":false,"backgroundOpacity":0,"willDoAnimation":false,"animationType":"glow","displayAsButton":false,"buttonSize":"big","goToSlideType":"specified","invisible":false,"solution":""},{"x":47.000103485838785,"y":44.00026681929878,"width":40,"height":40,"action":{"library":"H5P.CRAudio 1.4","params":{"fitToWrapper":true,"currIndex":12,"playerMode":"minimalistic","controls":true,"autoplay":true,"playAudio":"Play audio","pauseAudio":"Pause audio","contentName":"Audio","glowColor":"#ffd85a","timeStampForEachText":[{"text":" Juntos, ","startDuration":"0.0000","endDuration":"0.9312","wordfile":[{"path":"audios\/wordfile-670e6229eb024.wav","mime":"audio\/x-wav","copyright":{"license":"U"}}]},{"text":" eles ","startDuration":"0.9322","endDuration":"1.4284","wordfile":[{"path":"audios\/wordfile-670e624051cc9.wav","mime":"audio\/x-wav","copyright":{"license":"U"}}]},{"text":" construiram ","startDuration":"1.4294","endDuration":"2.3375","wordfile":[{"path":"audios\/wordfile-670e6255346b3.wav","mime":"audio\/x-wav","copyright":{"license":"U"}}]},{"text":" um ","startDuration":"2.3385","endDuration":"2.5894","wordfile":[{"path":"audios\/wordfile-670e626768024.wav","mime":"audio\/x-wav","copyright":{"license":"U"}}]},{"text":" triciclo ","startDuration":"2.5904","endDuration":"3.2069","wordfile":[{"path":"audios\/wordfile-670e6281bcf16.wav","mime":"audio\/x-wav","copyright":{"license":"U"}}]},{"text":" forte. ","startDuration":"3.2079","endDuration":"4.0540","wordfile":[{"path":"audios\/wordfile-670e629666501.wav","mime":"audio\/x-wav","copyright":{"license":"U"}}]}],"files":[{"path":"audios\/files-670e620e59477.wav","mime":"audio\/x-wav","copyright":{"license":"U"}}]},"subContentId":"2c281627-0d06-4fc5-874e-3b7117c6dfe0","metadata":{"contentType":"Curious Reader Audio","license":"U","title":"Untitled Curious Reader Audio"}},"backgroundOpacity":0,"willDoAnimation":false,"animationType":"glow","displayAsButton":false,"buttonSize":"big","goToSlideType":"specified","invisible":false},{"x":77.34204793028321,"y":58.09775054116979,"width":16.140740740740743,"height":27.327460439735418,"action":{"library":"H5P.Image 1.1","params":{"contentName":"Image"},"subContentId":"555a0e8b-e8e3-42ba-b36b-4ecb4a80655c","metadata":{"contentType":"Image","license":"U","title":"Untitled Image"}},"backgroundOpacity":0,"willDoAnimation":true,"animationType":"glow","displayAsButton":false,"buttonSize":"big","goToSlideType":"specified","invisible":false,"id":"img2c281627-0d06-4fc5-874e-3b7117c6dfe0_4"},{"x":77.34204793028321,"y":58.09775054116979,"width":16.013071895424837,"height":29.839004677944803,"action":{"library":"H5P.Image 1.1","params":{"contentName":"Image"},"subContentId":"e8ea0222-ad33-4ca5-bebb-893114d18702","metadata":{"contentType":"Image","license":"U","title":"Untitled Image"}},"backgroundOpacity":0,"willDoAnimation":true,"animationType":"glow","displayAsButton":false,"buttonSize":"big","goToSlideType":"specified","invisible":false,"id":"img2c281627-0d06-4fc5-874e-3b7117c6dfe0_5"}],"slideBackgroundSelector":{}},{"elements":[{"x":3.2679738562091503,"y":4.301075268817204,"width":39.97821350762527,"height":95.69892473118279,"action":{"library":"H5P.Image 1.1","params":{"contentName":"Image","file":{"path":"images\/file-6582fa801b2bb.jpg","mime":"image\/jpeg","copyright":{"license":"U"},"width":639,"height":687}},"subContentId":"9be5a284-a001-40c0-9a7f-2116761d05e2","metadata":{"contentType":"Image","license":"U","title":"Untitled Image"}},"backgroundOpacity":0,"willDoAnimation":false,"animationType":"glow","displayAsButton":false,"buttonSize":"big","goToSlideType":"specified","invisible":false},{"x":45.751633986928105,"y":38.73183369411319,"width":49.81617647058823,"height":44.72727272727273,"action":{"library":"H5P.CRAdvancedText 1.1","params":{"text":"<p dir=\"ltr\" style=\"text-align: center;\"><span style=\"color:#ffffff;\"><span style=\"font-size:1.75em;\">Chaku andava no seu triciclo onde quer que fosse.<\/span><\/span><\/p>\n"},"subContentId":"936ea689-fca6-4e29-9824-7b531547a589","metadata":{"contentType":"Text","license":"U","title":"Untitled Text"}},"alwaysDisplayComments":false,"backgroundOpacity":0,"willDoAnimation":false,"animationType":"glow","displayAsButton":false,"buttonSize":"big","goToSlideType":"specified","invisible":false,"solution":""},{"x":47.000103485838785,"y":44.00026681929878,"width":40,"height":40,"action":{"library":"H5P.CRAudio 1.4","params":{"fitToWrapper":true,"currIndex":13,"playerMode":"minimalistic","controls":true,"autoplay":true,"playAudio":"Play audio","pauseAudio":"Pause audio","contentName":"Audio","glowColor":"#ffd85a","timeStampForEachText":[{"text":" Chaku ","startDuration":"0.0000","endDuration":"0.6242","wordfile":[{"path":"audios\/wordfile-670e62e086135.wav","mime":"audio\/x-wav","copyright":{"license":"U"}}]},{"text":" andava ","startDuration":"0.6252","endDuration":"1.3100","wordfile":[{"path":"audios\/wordfile-670e62f846440.wav","mime":"audio\/x-wav","copyright":{"license":"U"}}]},{"text":" no ","startDuration":"1.3110","endDuration":"1.4706","wordfile":[{"path":"audios\/wordfile-670e630d20834.wav","mime":"audio\/x-wav","copyright":{"license":"U"}}]},{"text":" seu ","startDuration":"1.4716","endDuration":"1.8180","wordfile":[{"path":"audios\/wordfile-670e632352e5c.wav","mime":"audio\/x-wav","copyright":{"license":"U"}}]},{"text":" triciclo ","startDuration":"1.8190","endDuration":"2.5997","wordfile":[{"path":"audios\/wordfile-670e633753b39.wav","mime":"audio\/x-wav","copyright":{"license":"U"}}]},{"text":" onde ","startDuration":"2.6007","endDuration":"3.1087","wordfile":[{"path":"audios\/wordfile-670e6354ecc37.wav","mime":"audio\/x-wav","copyright":{"license":"U"}}]},{"text":" quer ","startDuration":"3.1097","endDuration":"3.4612","wordfile":[{"path":"audios\/wordfile-670e636f7edda.wav","mime":"audio\/x-wav","copyright":{"license":"U"}}]},{"text":" que ","startDuration":"3.4622","endDuration":"3.6622","wordfile":[{"path":"audios\/wordfile-670e6384bee48.wav","mime":"audio\/x-wav","copyright":{"license":"U"}}]},{"text":" fosse. ","startDuration":"3.6632","endDuration":"4.4187","wordfile":[{"path":"audios\/wordfile-670e639a9c1f7.wav","mime":"audio\/x-wav","copyright":{"license":"U"}}]}],"files":[{"path":"audios\/files-670e62c9517f8.wav","mime":"audio\/x-wav","copyright":{"license":"U"}}]},"subContentId":"5c904699-d940-4e9f-b159-3fc0834ef61b","metadata":{"contentType":"Curious Reader Audio","license":"U","title":"Untitled Curious Reader Audio"}},"backgroundOpacity":0,"willDoAnimation":false,"animationType":"glow","displayAsButton":false,"buttonSize":"big","goToSlideType":"specified","invisible":false},{"x":17.429193899782135,"y":10.758842692809221,"width":17.10239651416122,"height":39.999440540179975,"action":{"library":"H5P.Image 1.1","params":{"contentName":"Image"},"subContentId":"de477c78-a4ed-4009-95ee-c266e59de333","metadata":{"contentType":"Image","license":"U","title":"Untitled Image"}},"backgroundOpacity":0,"willDoAnimation":true,"animationType":"glow","displayAsButton":false,"buttonSize":"big","goToSlideType":"specified","invisible":false,"id":"img5c904699-d940-4e9f-b159-3fc0834ef61b_0"},{"x":17.429193899782135,"y":36.58006515555135,"width":25.81699346405229,"height":46.693377286792014,"action":{"library":"H5P.Image 1.1","params":{"contentName":"Image"},"subContentId":"6d52814a-679b-4756-98a5-20b6de1f1262","metadata":{"contentType":"Image","license":"U","title":"Untitled Image"}},"backgroundOpacity":0,"willDoAnimation":true,"animationType":"glow","displayAsButton":false,"buttonSize":"big","goToSlideType":"specified","invisible":false,"id":"img5c904699-d940-4e9f-b159-3fc0834ef61b_4"}],"slideBackgroundSelector":{}},{"elements":[{"x":3.2679738562091503,"y":2.150537634408602,"width":39.97821350762527,"height":95.69892473118279,"action":{"library":"H5P.Image 1.1","params":{"contentName":"Image","file":{"path":"images\/file-6582fab2e8792.jpg","mime":"image\/jpeg","copyright":{"license":"U"},"width":479,"height":686}},"subContentId":"a5cc3ace-1cb3-4463-a4b8-cf993423732e","metadata":{"contentType":"Image","license":"U","title":"Untitled Image"}},"backgroundOpacity":0,"willDoAnimation":false,"animationType":"glow","displayAsButton":false,"buttonSize":"big","goToSlideType":"specified","invisible":false},{"x":44.642857142857146,"y":32.7455919395466,"width":51.02040816326531,"height":52.896725440806044,"action":{"library":"H5P.CRAdvancedText 1.1","params":{"text":"<p dir=\"ltr\" style=\"text-align: center;\"><span style=\"color:#ffffff;\"><span style=\"font-size:1.75em;\">Mas seu momento favorito era quando ele e Lila andavam de bicicleta juntos.<\/span><\/span><\/p>\n"},"subContentId":"d153d157-4df3-43a2-bd6f-b4ff096d12a1","metadata":{"contentType":"Text","license":"U","title":"Untitled Text"}},"alwaysDisplayComments":false,"backgroundOpacity":0,"willDoAnimation":false,"animationType":"glow","displayAsButton":false,"buttonSize":"big","goToSlideType":"specified","invisible":false,"solution":""},{"x":47.000103485838785,"y":44.00026681929878,"width":40,"height":40,"action":{"library":"H5P.CRAudio 1.4","params":{"fitToWrapper":true,"currIndex":14,"playerMode":"minimalistic","controls":true,"autoplay":true,"playAudio":"Play audio","pauseAudio":"Pause audio","contentName":"Audio","glowColor":"#ffd85a","timeStampForEachText":[{"text":" Mas ","startDuration":"0.0000","endDuration":"0.4920","wordfile":[{"path":"audios\/wordfile-670e63d8a4829.wav","mime":"audio\/x-wav","copyright":{"license":"U"}}]},{"text":" seu ","startDuration":"0.4930","endDuration":"0.8147","wordfile":[{"path":"audios\/wordfile-670e63f0e0614.wav","mime":"audio\/x-wav","copyright":{"license":"U"}}]},{"text":" momento ","startDuration":"0.8157","endDuration":"1.3807","wordfile":[{"path":"audios\/wordfile-670e640f211c0.wav","mime":"audio\/x-wav","copyright":{"license":"U"}}]},{"text":" favorito ","startDuration":"1.3817","endDuration":"2.2873","wordfile":[{"path":"audios\/wordfile-670e6423b1808.wav","mime":"audio\/x-wav","copyright":{"license":"U"}}]},{"text":" era ","startDuration":"2.2883","endDuration":"2.6667","wordfile":[{"path":"audios\/wordfile-670e646722e96.wav","mime":"audio\/x-wav","copyright":{"license":"U"}}]},{"text":" quando ","startDuration":"2.6677","endDuration":"3.2327","wordfile":[{"path":"audios\/wordfile-670e647da70d9.wav","mime":"audio\/x-wav","copyright":{"license":"U"}}]},{"text":" ele ","startDuration":"3.2337","endDuration":"3.7744","wordfile":[{"path":"audios\/wordfile-670e64939e114.wav","mime":"audio\/x-wav","copyright":{"license":"U"}}]},{"text":" e ","startDuration":"3.7754","endDuration":"3.9754","wordfile":[{"path":"audios\/wordfile-670e64a4e56d8.wav","mime":"audio\/x-wav","copyright":{"license":"U"}}]},{"text":" Lila ","startDuration":"3.9764","endDuration":"4.4197","wordfile":[{"path":"audios\/wordfile-670e64bded8d7.wav","mime":"audio\/x-wav","copyright":{"license":"U"}}]},{"text":" andavam ","startDuration":"4.4207","endDuration":"5.1479","wordfile":[{"path":"audios\/wordfile-670e64d7cfc1a.wav","mime":"audio\/x-wav","copyright":{"license":"U"}}]},{"text":" de ","startDuration":"5.1489","endDuration":"5.3489","wordfile":[{"path":"audios\/wordfile-670e64ebbde9e.wav","mime":"audio\/x-wav","copyright":{"license":"U"}}]},{"text":" bicicleta ","startDuration":"5.3499","endDuration":"6.2637","wordfile":[{"path":"audios\/wordfile-670e650ad8096.wav","mime":"audio\/x-wav","copyright":{"license":"U"}}]},{"text":" juntos. ","startDuration":"6.2647","endDuration":"7.1051","wordfile":[{"path":"audios\/wordfile-670e652220125.wav","mime":"audio\/x-wav","copyright":{"license":"U"}}]}],"files":[{"path":"audios\/files-670e63b353777.wav","mime":"audio\/x-wav","copyright":{"license":"U"}}]},"subContentId":"28a9fa21-9d71-4467-ae28-2c6e828f48b4","metadata":{"contentType":"Curious Reader Audio","license":"U","title":"Untitled Curious Reader Audio"}},"backgroundOpacity":0,"willDoAnimation":false,"animationType":"glow","displayAsButton":false,"buttonSize":"big","goToSlideType":"specified","invisible":false},{"x":11.982570806100219,"y":19.365916847056596,"width":13.62843137254902,"height":23.023923362611733,"action":{"library":"H5P.Image 1.1","params":{"contentName":"Image"},"subContentId":"78470bae-757b-43e8-8d78-924d76c9e9b5","metadata":{"contentType":"Image","license":"U","title":"Untitled Image"}},"backgroundOpacity":0,"willDoAnimation":true,"animationType":"glow","displayAsButton":false,"buttonSize":"big","goToSlideType":"specified","invisible":false,"id":"img28a9fa21-9d71-4467-ae28-2c6e828f48b4_8"},{"x":29.411764705882355,"y":36.58006515555135,"width":12.993572984749456,"height":27.327460439735418,"action":{"library":"H5P.Image 1.1","params":{"contentName":"Image"},"subContentId":"cf99c5b1-90cf-4e3a-901c-3c1adcfea41a","metadata":{"contentType":"Image","license":"U","title":"Untitled Image"}},"backgroundOpacity":0,"willDoAnimation":true,"animationType":"glow","displayAsButton":false,"buttonSize":"big","goToSlideType":"specified","invisible":false,"id":"img28a9fa21-9d71-4467-ae28-2c6e828f48b4_11"},{"x":3.2679738562091503,"y":34.428296616989506,"width":18.127015250544662,"height":33.78276605542095,"action":{"library":"H5P.Image 1.1","params":{"contentName":"Image"},"subContentId":"00e311dd-1699-4772-b9f3-ca5061110635","metadata":{"contentType":"Image","license":"U","title":"Untitled Image"}},"backgroundOpacity":0,"willDoAnimation":true,"animationType":"glow","displayAsButton":false,"buttonSize":"big","goToSlideType":"specified","invisible":false,"id":"img28a9fa21-9d71-4467-ae28-2c6e828f48b4_11"}],"slideBackgroundSelector":{}},{"elements":[{"x":5.446623093681917,"y":6.451612903225806,"width":19.607843137254903,"height":19.569892473118276,"action":{"library":"H5P.Image 1.1","params":{"contentName":"Image","file":{"path":"images\/file-6582faf97f388.png","mime":"image\/png","copyright":{"license":"U"},"width":1350,"height":487}},"subContentId":"adef2565-9d0b-433d-8139-92e610ba9372","metadata":{"contentType":"Image","license":"U","title":"Untitled Image"}},"backgroundOpacity":0,"willDoAnimation":false,"animationType":"glow","displayAsButton":false,"buttonSize":"big","goToSlideType":"specified","invisible":false},{"x":29.411764705882355,"y":6.4415268817204305,"width":19.607843137254903,"height":19.569892473118276,"action":{"library":"H5P.Image 1.1","params":{"contentName":"Image","file":{"path":"images\/file-6582fb0bd1481.png","mime":"image\/png","copyright":{"license":"U"},"width":814,"height":202}},"subContentId":"abaea07c-8ccf-4f94-9c73-5c3fad74e8b6","metadata":{"contentType":"Image","license":"U","title":"Untitled Image"}},"backgroundOpacity":0,"willDoAnimation":false,"animationType":"glow","displayAsButton":false,"buttonSize":"big","goToSlideType":"specified","invisible":false},{"x":53.37690631808279,"y":8.602150537634408,"width":39.97821350762527,"height":15.053763440860214,"action":{"library":"H5P.Image 1.1","params":{"contentName":"Image","file":{"path":"images\/file-6582fb223475c.jpg","mime":"image\/jpeg","copyright":{"license":"U"},"width":1732,"height":354}},"subContentId":"1e6de0e9-af4d-4212-be76-2db4139d5fc6","metadata":{"contentType":"Image","license":"U","title":"Untitled Image"}},"backgroundOpacity":0,"willDoAnimation":false,"animationType":"glow","displayAsButton":false,"buttonSize":"big","goToSlideType":"specified","invisible":false},{"x":3.826530612244898,"y":32.7455919395466,"width":93.68191721132898,"height":64.51612903225806,"action":{"library":"H5P.CRAdvancedText 1.1","params":{"text":"<h3 style=\"text-align: center;\">\u201cCiclo de Chaku\u201d credits<br>\nThis work, \u201cCiclo de Chaku\u201d is a derivative of Chaku's Cycleis translated byAlisha Berger. The \u00a9 for this translation lies with Room to Read, 2016. Some rights reserved. Released under CC BY 4.0 license.Based on Original story:'Baiskeli ya Chaku', byUpendo Maria. \u00a9 Room to Read , 2016. Some rights reserved.<\/h3>\n\n<h3 style=\"text-align: center;\">\u201cCiclo de Chaku\u201d is licensed under CC BY 4.0 by Curious Learning.<\/h3>\n\n<h3 style=\"text-align: center;\">Book builder - Abraham Jerry Kakooza<\/h3>\n"},"subContentId":"73649e64-c7ea-491d-8d78-f2ad67dcfe51","metadata":{"contentType":"Text","license":"U","title":"Untitled Text"}},"alwaysDisplayComments":false,"backgroundOpacity":0,"willDoAnimation":false,"animationType":"glow","displayAsButton":false,"buttonSize":"big","goToSlideType":"specified","invisible":false,"solution":""}],"slideBackgroundSelector":{}}],"keywordListEnabled":true,"globalBackgroundSelector":{},"keywordListAlwaysShow":false,"keywordListAutoHide":false,"keywordListOpacity":90},"override":{"activeSurface":false,"hideSummarySlide":false,"summarySlideSolutionButton":true,"summarySlideRetryButton":true,"enablePrintButton":false,"social":{"showFacebookShare":false,"facebookShare":{"url":"@currentpageurl","quote":"I scored @score out of @maxScore on a task at @currentpageurl."},"showTwitterShare":false,"twitterShare":{"statement":"I scored @score out of @maxScore on a task at @currentpageurl.","url":"@currentpageurl","hashtags":"h5p, course"},"showGoogleShare":false,"googleShareUrl":"@currentpageurl"}},"l10n":{"slide":"Slide","score":"Score","yourScore":"Your Score","maxScore":"Max Score","total":"Total","totalScore":"Total Score","showSolutions":"Show solutions","retry":"Retry","exportAnswers":"Export text","hideKeywords":"Hide sidebar navigation menu","showKeywords":"Show sidebar navigation menu","fullscreen":"Fullscreen","exitFullscreen":"Exit fullscreen","prevSlide":"Previous slide","nextSlide":"Next slide","currentSlide":"Current slide","lastSlide":"Last slide","solutionModeTitle":"Exit solution mode","solutionModeText":"Solution Mode","summaryMultipleTaskText":"Multiple tasks","scoreMessage":"You achieved:","shareFacebook":"Share on Facebook","shareTwitter":"Share on Twitter","shareGoogle":"Share on Google+","summary":"Summary","solutionsButtonTitle":"Show comments","printTitle":"Print","printIngress":"How would you like to print this presentation?","printAllSlides":"Print all slides","printCurrentSlide":"Print current slide","noTitle":"No title","accessibilitySlideNavigationExplanation":"Use left and right arrow to change slide in that direction whenever canvas is selected.","accessibilityCanvasLabel":"Presentation canvas. Use left and right arrow to move between slides.","containsNotCompleted":"@slideName contains not completed interaction","containsCompleted":"@slideName contains completed interaction","slideCount":"Slide @index of @total","containsOnlyCorrect":"@slideName only has correct answers","containsIncorrectAnswers":"@slideName has incorrect answers","shareResult":"Share Result","accessibilityTotalScore":"You got @score of @maxScore points in total","accessibilityEnteredFullscreen":"Entered fullscreen","accessibilityExitedFullscreen":"Exited fullscreen"}}