{"presentation":{"slides":[{"elements":[{"x":4.934210526315789,"y":6.497894682122992,"width":92.49424342105263,"height":87.71832926131934,"action":{"library":"H5P.Image 1.1","params":{"contentName":"Image","file":{"path":"images\/file-66f3d606c69ce.gif","mime":"image\/gif","copyright":{"license":"U"},"width":1920,"height":1080}},"subContentId":"5b75cdb5-c22f-46f3-bdb5-0c5c22d36285","metadata":{"contentType":"Image","license":"U","title":"Untitled Image"}},"backgroundOpacity":0,"willDoAnimation":false,"animationType":"glow","displayAsButton":false,"buttonSize":"big","goToSlideType":"specified","invisible":false},{"x":44.4078947368421,"y":84.47263086759891,"width":24.669407894736842,"height":12.992410459011282,"action":{"library":"H5P.CRAdvancedText 1.1","params":{"text":"<p><span style=\"font-size:1.5em;color:hsl(0, 0%, 100%);\"><strong>\u12ed\u134e\u1275\u12ed \u12a2\u12e8<\/strong><\/span><\/p>"},"subContentId":"ca0f2c74-b8a9-4393-8cf9-952e85dd6792","metadata":{"contentType":"Text","license":"U","title":"Untitled Text"}},"alwaysDisplayComments":false,"backgroundOpacity":0,"willDoAnimation":false,"animationType":"glow","displayAsButton":false,"buttonSize":"big","goToSlideType":"specified","invisible":false,"solution":""}],"slideBackgroundSelector":{}},{"elements":[{"x":4.934210526315789,"y":6.497894682122992,"width":92.49424342105263,"height":87.71832926131934,"action":{"library":"H5P.Image 1.1","params":{"contentName":"Image","file":{"path":"images\/file-66f3d63de85ec.gif","mime":"image\/gif","copyright":{"license":"U"},"width":1920,"height":1080}},"subContentId":"5b75cdb5-c22f-46f3-bdb5-0c5c22d36285","metadata":{"contentType":"Image","license":"U","title":"Untitled Image"}},"backgroundOpacity":0,"willDoAnimation":false,"animationType":"glow","displayAsButton":false,"buttonSize":"big","goToSlideType":"specified","invisible":false},{"x":34.53947368421053,"y":84.47263086759891,"width":37.827302631578945,"height":12.992410459011282,"action":{"library":"H5P.CRAdvancedText 1.1","params":{"text":"<p><span style=\"font-size:1.5em;color:hsl(0, 0%, 100%);\"><strong>\u12a3\u12d8\u122b\u122d\u1263\u12ed \u12ed\u1348\u1275\u12ce \u12a2\u12e8\u1361\u1361<\/strong><\/span><\/p>"},"subContentId":"2e604555-f7cd-477f-b1f3-6f2647a95781","metadata":{"contentType":"Text","license":"U","title":"Untitled Text"}},"alwaysDisplayComments":false,"backgroundOpacity":0,"willDoAnimation":false,"animationType":"glow","displayAsButton":false,"buttonSize":"big","goToSlideType":"specified","invisible":false,"solution":""},{"x":47.00006578947369,"y":44.0012898320944,"width":40,"height":40,"action":{"library":"H5P.CRAudio 1.4","params":{"fitToWrapper":true,"currIndex":1,"playerMode":"minimalistic","controls":true,"autoplay":true,"playAudio":"Play audio","pauseAudio":"Pause audio","contentName":"Audio","glowColor":"#ffd85a","timeStampForEachText":[{"text":" \u12a3\u12d8\u122b\u122d\u1263\u12ed ","startDuration":"0.0000","endDuration":"0.7855","wordfile":[{"path":"audios\/wordfile-66fa4817e4dea.wav","mime":"audio\/x-wav","copyright":{"license":"U"}}]},{"text":" \u12ed\u1348\u1275\u12ce ","startDuration":"0.7855","endDuration":"1.1053","wordfile":[{"path":"audios\/wordfile-66fa4827478d3.wav","mime":"audio\/x-wav","copyright":{"license":"U"}}]},{"text":" \u12a2\u12e8\u1361\u1361 ","startDuration":"1.1053","endDuration":"1.5089","wordfile":[{"path":"audios\/wordfile-66fa48310246c.wav","mime":"audio\/x-wav","copyright":{"license":"U"}}]}],"files":[{"path":"audios\/files-66fa480495183.wav","mime":"audio\/x-wav","copyright":{"license":"U"}}]},"subContentId":"8ac52ad6-9097-4a18-a30f-c97c7e66d401","metadata":{"contentType":"Curious Reader Audio","license":"U","title":"Untitled Curious Reader Audio"}},"backgroundOpacity":0,"willDoAnimation":false,"animationType":"glow","displayAsButton":false,"buttonSize":"big","goToSlideType":"specified","invisible":false}],"slideBackgroundSelector":{}},{"elements":[{"x":4.934210526315789,"y":6.497894682122992,"width":92.49424342105263,"height":87.71832926131934,"action":{"library":"H5P.Image 1.1","params":{"contentName":"Image","file":{"path":"images\/file-66f3d6516cdad.gif","mime":"image\/gif","copyright":{"license":"U"},"width":1920,"height":1080}},"subContentId":"5b75cdb5-c22f-46f3-bdb5-0c5c22d36285","metadata":{"contentType":"Image","license":"U","title":"Untitled Image"}},"backgroundOpacity":0,"willDoAnimation":false,"animationType":"glow","displayAsButton":false,"buttonSize":"big","goToSlideType":"specified","invisible":false},{"x":27.960526315789473,"y":84.47263086759891,"width":54.27467105263158,"height":12.989031553776577,"action":{"library":"H5P.CRAdvancedText 1.1","params":{"text":"<p><span style=\"font-size:1.5em;color:hsl(0,0%,100%);\"><strong>\u12a0\u1230\u1213\u1215\u1253\u12ed<\/strong><\/span><span style=\"color:#000000;\"><strong> <\/strong><\/span><span style=\"font-size:1.5em;color:hsl(0,0%,100%);\"><strong>\u12ed\u1348\u1275\u12ce \u12a2\u12e8\u1361\u1361<\/strong><\/span><\/p>"},"subContentId":"8825ef92-8321-45e3-9406-fa3f88e1ac2d","metadata":{"contentType":"Text","license":"U","title":"Untitled Text"}},"alwaysDisplayComments":false,"backgroundOpacity":0,"willDoAnimation":false,"animationType":"glow","displayAsButton":false,"buttonSize":"big","goToSlideType":"specified","invisible":false,"solution":""},{"x":47.00006578947369,"y":44.0012898320944,"width":40,"height":40,"action":{"library":"H5P.CRAudio 1.4","params":{"fitToWrapper":true,"currIndex":2,"playerMode":"minimalistic","controls":true,"autoplay":true,"playAudio":"Play audio","pauseAudio":"Pause audio","contentName":"Audio","glowColor":"#ffd85a","files":[{"path":"audios\/files-66fa49099708c.wav","mime":"audio\/x-wav","copyright":{"license":"U"}}],"timeStampForEachText":[{"text":" \u12a0\u1230\u1213\u1215\u1253\u12ed ","startDuration":"0.0000","endDuration":"1.0964","wordfile":[{"path":"audios\/wordfile-66fa49396b749.wav","mime":"audio\/x-wav","copyright":{"license":"U"}}]},{"text":" \u12ed\u1348\u1275\u12ce ","startDuration":"1.0964","endDuration":"1.5834","wordfile":[{"path":"audios\/wordfile-66fa4958ac9e4.wav","mime":"audio\/x-wav","copyright":{"license":"U"}}]},{"text":" \u12a2\u12e8\u1361\u1361 ","startDuration":"1.5844","endDuration":"2.0089","wordfile":[{"path":"audios\/wordfile-66fa4963c8757.wav","mime":"audio\/x-wav","copyright":{"license":"U"}}]}]},"subContentId":"b6100643-8f31-4e60-9502-eb63d92bf9e4","metadata":{"contentType":"Curious Reader Audio","license":"U","title":"Untitled Curious Reader Audio"}},"backgroundOpacity":0,"willDoAnimation":false,"animationType":"glow","displayAsButton":false,"buttonSize":"big","goToSlideType":"specified","invisible":false}],"slideBackgroundSelector":{}},{"elements":[{"x":4.934210526315789,"y":6.497894682122992,"width":92.49424342105263,"height":87.71832926131934,"action":{"library":"H5P.Image 1.1","params":{"contentName":"Image","file":{"path":"images\/file-66f3d6671e4bf.gif","mime":"image\/gif","copyright":{"license":"U"},"width":1920,"height":1080}},"subContentId":"5b75cdb5-c22f-46f3-bdb5-0c5c22d36285","metadata":{"contentType":"Image","license":"U","title":"Untitled Image"}},"backgroundOpacity":0,"willDoAnimation":false,"animationType":"glow","displayAsButton":false,"buttonSize":"big","goToSlideType":"specified","invisible":false},{"x":37.828947368421055,"y":83.8228413993866,"width":39.99967105263158,"height":16.24135780007278,"action":{"library":"H5P.CRAdvancedText 1.1","params":{"text":"<p><span style=\"font-size:1.5em;color:hsl(0, 0%, 100%);\"><strong>\u1233\u12d5\u1235\u12d2\u1270\u12ed \u12ed\u1348\u1275\u12ce \u12a2\u12e8\u1361\u1361<\/strong><\/span><\/p>"},"subContentId":"e751f0d8-6ba4-424c-ab36-7940216e76f5","metadata":{"contentType":"Text","license":"U","title":"Untitled Text"}},"alwaysDisplayComments":false,"backgroundOpacity":0,"willDoAnimation":false,"animationType":"glow","displayAsButton":false,"buttonSize":"big","goToSlideType":"specified","invisible":false,"solution":""},{"x":47.00006578947369,"y":44.0012898320944,"width":40,"height":40,"action":{"library":"H5P.CRAudio 1.4","params":{"fitToWrapper":true,"currIndex":3,"playerMode":"minimalistic","controls":true,"autoplay":true,"playAudio":"Play audio","pauseAudio":"Pause audio","contentName":"Audio","glowColor":"#ffd85a","timeStampForEachText":[{"text":" \u1233\u12d5\u1235\u12d2\u1270\u12ed ","startDuration":"0.0000","endDuration":"0.8935","wordfile":[{"path":"audios\/wordfile-66fa49bde3f03.wav","mime":"audio\/x-wav","copyright":{"license":"U"}}]},{"text":" \u12ed\u1348\u1275\u12ce ","startDuration":"0.8935","endDuration":"1.1946","wordfile":[{"path":"audios\/wordfile-66fa49cc0312a.wav","mime":"audio\/x-wav","copyright":{"license":"U"}}]},{"text":" \u12a2\u12e8\u1361\u1361 ","startDuration":"1.1956","endDuration":"1.6384","wordfile":[{"path":"audios\/wordfile-66fa4a00c1291.wav","mime":"audio\/x-wav","copyright":{"license":"U"}}]}],"files":[{"path":"audios\/files-66fa49b2c387b.wav","mime":"audio\/x-wav","copyright":{"license":"U"}}]},"subContentId":"1b2f81dd-15dd-48a4-9bf5-cf0618a94dd6","metadata":{"contentType":"Curious Reader Audio","license":"U","title":"Untitled Curious Reader Audio"}},"backgroundOpacity":0,"willDoAnimation":false,"animationType":"glow","displayAsButton":false,"buttonSize":"big","goToSlideType":"specified","invisible":false}],"slideBackgroundSelector":{}},{"elements":[{"x":4.934210526315789,"y":6.497894682122992,"width":92.49424342105263,"height":87.71832926131934,"action":{"library":"H5P.Image 1.1","params":{"contentName":"Image","file":{"path":"images\/file-66f3d678455ea.jpg","mime":"image\/jpeg","copyright":{"license":"U"},"width":1920,"height":1080}},"subContentId":"5b75cdb5-c22f-46f3-bdb5-0c5c22d36285","metadata":{"contentType":"Image","license":"U","title":"Untitled Image"}},"backgroundOpacity":0,"willDoAnimation":false,"animationType":"glow","displayAsButton":false,"buttonSize":"big","goToSlideType":"specified","invisible":false},{"x":37.828947368421055,"y":84.47263086759891,"width":39.99967105263158,"height":12.992410459011282,"action":{"library":"H5P.CRAdvancedText 1.1","params":{"text":"<p><span style=\"font-size:1.5em;color:hsl(0, 0%, 100%);\"><strong>\u12a3\u12d8\u120b\u120d\u120b\u12ed \u12ed\u1348\u1275\u12ce \u12a2\u12e8\u1361\u1361<\/strong><\/span><\/p>"},"subContentId":"023e7452-5dcd-490e-9143-4149675d5166","metadata":{"contentType":"Text","license":"U","title":"Untitled Text"}},"alwaysDisplayComments":false,"backgroundOpacity":0,"willDoAnimation":false,"animationType":"glow","displayAsButton":false,"buttonSize":"big","goToSlideType":"specified","invisible":false,"solution":""},{"x":47.00006578947369,"y":44.0012898320944,"width":40,"height":40,"action":{"library":"H5P.CRAudio 1.4","params":{"fitToWrapper":true,"currIndex":4,"playerMode":"minimalistic","controls":true,"autoplay":true,"playAudio":"Play audio","pauseAudio":"Pause audio","contentName":"Audio","glowColor":"#ffd85a","timeStampForEachText":[{"text":" \u12a3\u12d8\u120b\u120d\u120b\u12ed ","startDuration":"0.0000","endDuration":"1.0088","wordfile":[{"path":"audios\/wordfile-66fa4a4d7916c.wav","mime":"audio\/x-wav","copyright":{"license":"U"}}]},{"text":" \u12ed\u1348\u1275\u12ce ","startDuration":"1.0088","endDuration":"1.3706","wordfile":[{"path":"audios\/wordfile-66fa4a586950c.wav","mime":"audio\/x-wav","copyright":{"license":"U"}}]},{"text":" \u12a2\u12e8\u1361\u1361 ","startDuration":"1.3706","endDuration":"1.9107","wordfile":[{"path":"audios\/wordfile-66fa4a634233d.wav","mime":"audio\/x-wav","copyright":{"license":"U"}}]}],"files":[{"path":"audios\/files-66fa4a414fe60.wav","mime":"audio\/x-wav","copyright":{"license":"U"}}]},"subContentId":"8156c511-1c91-447d-84bb-59e0b45570fa","metadata":{"contentType":"Curious Reader Audio","license":"U","title":"Untitled Curious Reader Audio"}},"backgroundOpacity":0,"willDoAnimation":false,"animationType":"glow","displayAsButton":false,"buttonSize":"big","goToSlideType":"specified","invisible":false}],"slideBackgroundSelector":{}},{"elements":[{"x":4.934210526315789,"y":6.497894682122992,"width":92.49424342105263,"height":87.71832926131934,"action":{"library":"H5P.Image 1.1","params":{"contentName":"Image","file":{"path":"images\/file-66f3d6a02677f.gif","mime":"image\/gif","copyright":{"license":"U"},"width":1920,"height":1080}},"subContentId":"5b75cdb5-c22f-46f3-bdb5-0c5c22d36285","metadata":{"contentType":"Image","license":"U","title":"Untitled Image"}},"backgroundOpacity":0,"willDoAnimation":false,"animationType":"glow","displayAsButton":false,"buttonSize":"big","goToSlideType":"specified","invisible":false},{"x":36.18421052631579,"y":84.47263086759891,"width":39.99967105263158,"height":12.992410459011282,"action":{"library":"H5P.CRAdvancedText 1.1","params":{"text":"<p><span style=\"font-size:1.5em;color:hsl(0, 0%, 100%);\"><strong>\u12a3\u130e\u12eb\u12ed\u12eb\u12ed \u12ed\u1348\u1275\u12ce \u12a2\u12e8\u1361\u1361<\/strong><\/span><\/p>"},"subContentId":"8b52c68a-050d-4b06-bd84-2af0dab7085a","metadata":{"contentType":"Text","license":"U","title":"Untitled Text"}},"alwaysDisplayComments":false,"backgroundOpacity":0,"willDoAnimation":false,"animationType":"glow","displayAsButton":false,"buttonSize":"big","goToSlideType":"specified","invisible":false,"solution":""},{"x":47.00006578947369,"y":44.0012898320944,"width":40,"height":40,"action":{"library":"H5P.CRAudio 1.4","params":{"fitToWrapper":true,"currIndex":5,"playerMode":"minimalistic","controls":true,"autoplay":true,"playAudio":"Play audio","pauseAudio":"Pause audio","contentName":"Audio","glowColor":"#ffd85a","timeStampForEachText":[{"text":" \u12a3\u130e\u12eb\u12ed\u12eb\u12ed ","startDuration":"0.0000","endDuration":"1.0938","wordfile":[{"path":"audios\/wordfile-66fa4ae68b5d0.wav","mime":"audio\/x-wav","copyright":{"license":"U"}}]},{"text":" \u12ed\u1348\u1275\u12ce ","startDuration":"1.0938","endDuration":"1.4878","wordfile":[{"path":"audios\/wordfile-66fa4aef1f6b6.wav","mime":"audio\/x-wav","copyright":{"license":"U"}}]},{"text":" \u12a2\u12e8\u1361\u1361 ","startDuration":"1.4878","endDuration":"1.9643","wordfile":[{"path":"audios\/wordfile-66fa4afacefc2.wav","mime":"audio\/x-wav","copyright":{"license":"U"}}]}],"files":[{"path":"audios\/files-66fa4ad43ce3f.wav","mime":"audio\/x-wav","copyright":{"license":"U"}}]},"subContentId":"74b01831-b220-40bd-bc2f-2e093e4bd80f","metadata":{"contentType":"Curious Reader Audio","license":"U","title":"Untitled Curious Reader Audio"}},"backgroundOpacity":0,"willDoAnimation":false,"animationType":"glow","displayAsButton":false,"buttonSize":"big","goToSlideType":"specified","invisible":false}],"slideBackgroundSelector":{}},{"elements":[{"x":4.934210526315789,"y":6.497894682122992,"width":92.49424342105263,"height":87.71832926131934,"action":{"library":"H5P.Image 1.1","params":{"contentName":"Image","file":{"path":"images\/file-66f3d6b5d9c52.gif","mime":"image\/gif","copyright":{"license":"U"},"width":1920,"height":1080}},"subContentId":"5b75cdb5-c22f-46f3-bdb5-0c5c22d36285","metadata":{"contentType":"Image","license":"U","title":"Untitled Image"}},"backgroundOpacity":0,"willDoAnimation":false,"animationType":"glow","displayAsButton":false,"buttonSize":"big","goToSlideType":"specified","invisible":false},{"x":34.53947368421053,"y":84.47263086759891,"width":39.99967105263158,"height":12.992410459011282,"action":{"library":"H5P.CRAdvancedText 1.1","params":{"text":"<p><span style=\"font-size:1.5em;color:hsl(0, 0%, 100%);\"><strong>\u12a3\u1260\u120b\u120d\u12d3\u12ed \u12ed\u1348\u1275\u12ce \u12a2\u12e8\u1361\u1361<\/strong><\/span><\/p>"},"subContentId":"13482f12-5ce1-48d3-81a7-adfcacd00115","metadata":{"contentType":"Text","license":"U","title":"Untitled Text"}},"alwaysDisplayComments":false,"backgroundOpacity":0,"willDoAnimation":false,"animationType":"glow","displayAsButton":false,"buttonSize":"big","goToSlideType":"specified","invisible":false,"solution":""},{"x":47.00006578947369,"y":44.0012898320944,"width":40,"height":40,"action":{"library":"H5P.CRAudio 1.4","params":{"fitToWrapper":true,"currIndex":6,"playerMode":"minimalistic","controls":true,"autoplay":true,"playAudio":"Play audio","pauseAudio":"Pause audio","contentName":"Audio","glowColor":"#ffd85a","timeStampForEachText":[{"text":" \u12a3\u1260\u120b\u120d\u12d3\u12ed ","startDuration":"0.0000","endDuration":"1.0110","wordfile":[{"path":"audios\/wordfile-66fa4b6a47cbf.wav","mime":"audio\/x-wav","copyright":{"license":"U"}}]},{"text":" \u12ed\u1348\u1275\u12ce ","startDuration":"1.0110","endDuration":"1.4418","wordfile":[{"path":"audios\/wordfile-66fa4b7343c2d.wav","mime":"audio\/x-wav","copyright":{"license":"U"}}]},{"text":" \u12a2\u12e8\u1361\u1361 ","startDuration":"1.4418","endDuration":"1.9241","wordfile":[{"path":"audios\/wordfile-66fa4b7e6f684.wav","mime":"audio\/x-wav","copyright":{"license":"U"}}]}],"files":[{"path":"audios\/files-66fa4b549935c.wav","mime":"audio\/x-wav","copyright":{"license":"U"}}]},"subContentId":"338c7a16-8c5f-450d-95ae-7c26469f1172","metadata":{"contentType":"Curious Reader Audio","license":"U","title":"Untitled Curious Reader Audio"}},"backgroundOpacity":0,"willDoAnimation":false,"animationType":"glow","displayAsButton":false,"buttonSize":"big","goToSlideType":"specified","invisible":false}],"slideBackgroundSelector":{}},{"elements":[{"x":4.934210526315789,"y":6.497894682122992,"width":92.49424342105263,"height":87.71832926131934,"action":{"library":"H5P.Image 1.1","params":{"contentName":"Image","file":{"path":"images\/file-66f3d6cc4432a.jpg","mime":"image\/jpeg","copyright":{"license":"U"},"width":1920,"height":1080}},"subContentId":"5b75cdb5-c22f-46f3-bdb5-0c5c22d36285","metadata":{"contentType":"Image","license":"U","title":"Untitled Image"}},"backgroundOpacity":0,"willDoAnimation":false,"animationType":"glow","displayAsButton":false,"buttonSize":"big","goToSlideType":"specified","invisible":false},{"x":36.18421052631579,"y":84.47263086759891,"width":39.99967105263158,"height":12.992410459011282,"action":{"library":"H5P.CRAdvancedText 1.1","params":{"text":"<p><span style=\"font-size:1.5em;color:hsl(0, 0%, 100%);\"><strong>\u12a3\u1218\u1200\u1205\u122b\u12ed \u12ed\u1348\u1275\u12ce \u12a2\u12e8\u1361\u1361<\/strong><\/span><\/p>"},"subContentId":"b183c603-43ac-4355-9911-83750ff1a1de","metadata":{"contentType":"Text","license":"U","title":"Untitled Text"}},"alwaysDisplayComments":false,"backgroundOpacity":0,"willDoAnimation":false,"animationType":"glow","displayAsButton":false,"buttonSize":"big","goToSlideType":"specified","invisible":false,"solution":""},{"x":47.00006578947369,"y":44.0012898320944,"width":40,"height":40,"action":{"library":"H5P.CRAudio 1.4","params":{"fitToWrapper":true,"currIndex":7,"playerMode":"minimalistic","controls":true,"autoplay":true,"playAudio":"Play audio","pauseAudio":"Pause audio","contentName":"Audio","glowColor":"#ffd85a","timeStampForEachText":[{"text":" \u12a3\u1218\u1200\u1205\u122b\u12ed ","startDuration":"0.0000","endDuration":"1.0763","wordfile":[{"path":"audios\/wordfile-66fa4c2a1a803.wav","mime":"audio\/x-wav","copyright":{"license":"U"}}]},{"text":" \u12ed\u1348\u1275\u12ce ","startDuration":"1.0763","endDuration":"1.4523","wordfile":[{"path":"audios\/wordfile-66fa4c371edb3.wav","mime":"audio\/x-wav","copyright":{"license":"U"}}]},{"text":" \u12a2\u12e8\u1361\u1361 ","startDuration":"1.4523","endDuration":"1.9955","wordfile":[{"path":"audios\/wordfile-66fa4c40b61a5.wav","mime":"audio\/x-wav","copyright":{"license":"U"}}]}],"files":[{"path":"audios\/files-66fa4c18538a6.wav","mime":"audio\/x-wav","copyright":{"license":"U"}}]},"subContentId":"8897d151-98ee-4f11-8f7a-2cc4e7da11e6","metadata":{"contentType":"Curious Reader Audio","license":"U","title":"Untitled Curious Reader Audio"}},"backgroundOpacity":0,"willDoAnimation":false,"animationType":"glow","displayAsButton":false,"buttonSize":"big","goToSlideType":"specified","invisible":false}],"slideBackgroundSelector":{}},{"elements":[{"x":4.934210526315789,"y":6.497894682122992,"width":92.49424342105263,"height":87.71832926131934,"action":{"library":"H5P.Image 1.1","params":{"contentName":"Image","file":{"path":"images\/file-66f3d6e121c1f.gif","mime":"image\/gif","copyright":{"license":"U"},"width":1920,"height":1080}},"subContentId":"5b75cdb5-c22f-46f3-bdb5-0c5c22d36285","metadata":{"contentType":"Image","license":"U","title":"Untitled Image"}},"backgroundOpacity":0,"willDoAnimation":false,"animationType":"glow","displayAsButton":false,"buttonSize":"big","goToSlideType":"specified","invisible":false},{"x":34.53947368421053,"y":84.47263086759891,"width":39.99967105263158,"height":9.743463117949785,"action":{"library":"H5P.CRAdvancedText 1.1","params":{"text":"<p><span style=\"font-size:1.5em;color:hsl(0, 0%, 100%);\"><strong>\u12a3\u1290\u1263\u1265\u1263\u12ed \u12ed\u1348\u1275\u12ce \u12a2\u12e8\u1361\u1361<\/strong><\/span><\/p>"},"subContentId":"17e6bed5-2e8c-4c71-b917-3e08c38d981c","metadata":{"contentType":"Text","license":"U","title":"Untitled Text"}},"alwaysDisplayComments":false,"backgroundOpacity":0,"willDoAnimation":false,"animationType":"glow","displayAsButton":false,"buttonSize":"big","goToSlideType":"specified","invisible":false,"solution":""},{"x":47.00006578947369,"y":44.0012898320944,"width":40,"height":40,"action":{"library":"H5P.CRAudio 1.4","params":{"fitToWrapper":true,"currIndex":8,"playerMode":"minimalistic","controls":true,"autoplay":true,"playAudio":"Play audio","pauseAudio":"Pause audio","contentName":"Audio","glowColor":"#ffd85a","timeStampForEachText":[{"text":" \u12a3\u1290\u1263\u1265\u1263\u12ed ","startDuration":"0.0000","endDuration":"1.0157","wordfile":[{"path":"audios\/wordfile-66fa4cd1ba67a.wav","mime":"audio\/x-wav","copyright":{"license":"U"}}]},{"text":" \u12ed\u1348\u1275\u12ce ","startDuration":"1.0157","endDuration":"1.4438","wordfile":[{"path":"audios\/wordfile-66fa4cdd786a7.wav","mime":"audio\/x-wav","copyright":{"license":"U"}}]},{"text":" \u12a2\u12e8\u1361\u1361 ","startDuration":"1.4868","endDuration":"1.9598","wordfile":[{"path":"audios\/wordfile-66fa4ce7a0987.wav","mime":"audio\/x-wav","copyright":{"license":"U"}}]}],"files":[{"path":"audios\/files-66fa4cc5d77c7.wav","mime":"audio\/x-wav","copyright":{"license":"U"}}]},"subContentId":"2c4e1a4c-7ec4-4501-ae2e-3782c7f92d54","metadata":{"contentType":"Curious Reader Audio","license":"U","title":"Untitled Curious Reader Audio"}},"backgroundOpacity":0,"willDoAnimation":false,"animationType":"glow","displayAsButton":false,"buttonSize":"big","goToSlideType":"specified","invisible":false}],"slideBackgroundSelector":{}},{"elements":[{"x":3.286052631578947,"y":6.487757966418882,"width":94.13898026315789,"height":87.71832926131934,"action":{"library":"H5P.Image 1.1","params":{"contentName":"Image","file":{"path":"images\/file-66f3d71ac9a94.gif","mime":"image\/gif","copyright":{"license":"U"},"width":1920,"height":1080}},"subContentId":"cd1fb84c-d532-4a61-959b-65bf7f2b8da0","metadata":{"contentType":"Image","license":"U","title":"Untitled Image"}},"backgroundOpacity":0,"willDoAnimation":false,"animationType":"glow","displayAsButton":false,"buttonSize":"big","goToSlideType":"specified","invisible":false},{"x":34.53947368421053,"y":84.47263086759891,"width":39.99967105263158,"height":12.992410459011282,"action":{"library":"H5P.CRAdvancedText 1.1","params":{"text":"<p><span style=\"font-size:1.5em;color:hsl(0, 0%, 100%);\"><strong>\u12a3\u12a8\u12f3\u12f5\u1293\u12ed \u12ed\u1348\u1275\u12ce \u12a2\u12e8\u1361\u1361<\/strong><\/span><\/p>"},"subContentId":"3537b333-a777-4956-a8dd-be1eaf7e04ac","metadata":{"contentType":"Text","license":"U","title":"Untitled Text"}},"alwaysDisplayComments":false,"backgroundOpacity":0,"willDoAnimation":false,"animationType":"glow","displayAsButton":false,"buttonSize":"big","goToSlideType":"specified","invisible":false,"solution":""},{"x":47.00006578947369,"y":44.0012898320944,"width":40,"height":40,"action":{"library":"H5P.CRAudio 1.4","params":{"fitToWrapper":true,"currIndex":9,"playerMode":"minimalistic","controls":true,"autoplay":true,"playAudio":"Play audio","pauseAudio":"Pause audio","contentName":"Audio","glowColor":"#ffd85a","timeStampForEachText":[{"text":" \u12a3\u12a8\u12f3\u12f5\u1293\u12ed ","startDuration":"0.0000","endDuration":"0.9936","wordfile":[{"path":"audios\/wordfile-66fa4d2b9d90e.wav","mime":"audio\/x-wav","copyright":{"license":"U"}}]},{"text":" \u12ed\u1348\u1275\u12ce ","startDuration":"0.9936","endDuration":"1.4903","wordfile":[{"path":"audios\/wordfile-66fa4d35cec9f.wav","mime":"audio\/x-wav","copyright":{"license":"U"}}]},{"text":" \u12a2\u12e8\u1361\u1361 ","startDuration":"1.4867","endDuration":"2.0268","wordfile":[{"path":"audios\/wordfile-66fa4d3fdeec1.wav","mime":"audio\/x-wav","copyright":{"license":"U"}}]}],"files":[{"path":"audios\/files-66fa4d20dbf46.wav","mime":"audio\/x-wav","copyright":{"license":"U"}}]},"subContentId":"8506f5f9-501e-4b54-8838-66d26ff8ebb7","metadata":{"contentType":"Curious Reader Audio","license":"U","title":"Untitled Curious Reader Audio"}},"backgroundOpacity":0,"willDoAnimation":false,"animationType":"glow","displayAsButton":false,"buttonSize":"big","goToSlideType":"specified","invisible":false}],"slideBackgroundSelector":{}},{"elements":[{"x":3.289473684210526,"y":6.497894682122992,"width":92.49424342105263,"height":87.71832926131934,"action":{"library":"H5P.Image 1.1","params":{"contentName":"Image","file":{"path":"images\/file-66f3d732770da.gif","mime":"image\/gif","copyright":{"license":"U"},"width":1920,"height":1080}},"subContentId":"5b75cdb5-c22f-46f3-bdb5-0c5c22d36285","metadata":{"contentType":"Image","license":"U","title":"Untitled Image"}},"backgroundOpacity":0,"willDoAnimation":false,"animationType":"glow","displayAsButton":false,"buttonSize":"big","goToSlideType":"specified","invisible":false},{"x":27.960526315789473,"y":84.47263086759891,"width":60.85361842105263,"height":12.992410459011282,"action":{"library":"H5P.CRAdvancedText 1.1","params":{"text":"<p><span style=\"font-size:1.5em;color:hsl(0, 0%, 100%);\"><strong>\u1295\u1263\u12d5\u1208\u12ed \u121d\u134d\u1273\u12c8\u12ed \u12a5\u12cd\u1295 \u12ed\u1348\u1275\u12ce \u12a2\u12e8\u1361\u1361<\/strong><\/span><\/p>"},"subContentId":"033574d1-3532-4b4c-ae5c-a9e52dc9db0c","metadata":{"contentType":"Text","license":"U","title":"Untitled Text"}},"alwaysDisplayComments":false,"backgroundOpacity":0,"willDoAnimation":false,"animationType":"glow","displayAsButton":false,"buttonSize":"big","goToSlideType":"specified","invisible":false,"solution":""},{"x":47.00006578947369,"y":44.0012898320944,"width":40,"height":40,"action":{"library":"H5P.CRAudio 1.4","params":{"fitToWrapper":true,"currIndex":10,"playerMode":"minimalistic","controls":true,"autoplay":true,"playAudio":"Play audio","pauseAudio":"Pause audio","contentName":"Audio","glowColor":"#ffd85a","timeStampForEachText":[{"text":" \u1295\u1263\u12d5\u1208\u12ed ","startDuration":"0.0000","endDuration":"0.7080","wordfile":[{"path":"audios\/wordfile-66fa4d94171b0.wav","mime":"audio\/x-wav","copyright":{"license":"U"}}]},{"text":" \u121d\u134d\u1273\u12c8\u12ed ","startDuration":"0.7080","endDuration":"1.1421","wordfile":[{"path":"audios\/wordfile-66fa4d9f76326.wav","mime":"audio\/x-wav","copyright":{"license":"U"}}]},{"text":" \u12a5\u12cd\u1295 ","startDuration":"1.1421","endDuration":"1.6380","wordfile":[{"path":"audios\/wordfile-66fa4da961c21.wav","mime":"audio\/x-wav","copyright":{"license":"U"}}]},{"text":" \u12ed\u1348\u1275\u12ce ","startDuration":"1.6380","endDuration":"2.0014","wordfile":[{"path":"audios\/wordfile-66fa4dbc4b87d.wav","mime":"audio\/x-wav","copyright":{"license":"U"}}]},{"text":" \u12a2\u12e8\u1361\u1361 ","startDuration":"2.0014","endDuration":"2.5045","wordfile":[{"path":"audios\/wordfile-66fa4dc7c2921.wav","mime":"audio\/x-wav","copyright":{"license":"U"}}]}],"files":[{"path":"audios\/files-66fa4d8436596.wav","mime":"audio\/x-wav","copyright":{"license":"U"}}]},"subContentId":"65a4178a-f849-4d08-ae20-805600054f5a","metadata":{"contentType":"Curious Reader Audio","license":"U","title":"Untitled Curious Reader Audio"}},"backgroundOpacity":0,"willDoAnimation":false,"animationType":"glow","displayAsButton":false,"buttonSize":"big","goToSlideType":"specified","invisible":false}],"slideBackgroundSelector":{}},{"elements":[{"x":3.289473684210526,"y":6.497894682122992,"width":94.13898026315789,"height":90.96727660238084,"action":{"library":"H5P.Image 1.1","params":{"contentName":"Image","file":{"path":"images\/file-672f0d3e00caa.png","mime":"image\/png","copyright":{"license":"U"},"width":1828,"height":927}},"subContentId":"59ca0080-a1fd-4966-bf40-24fc86ae2501","metadata":{"contentType":"Image","license":"U","title":"Untitled Image"}},"backgroundOpacity":0,"willDoAnimation":false,"animationType":"glow","displayAsButton":false,"buttonSize":"big","goToSlideType":"specified","invisible":false}],"slideBackgroundSelector":{}}],"keywordListEnabled":true,"globalBackgroundSelector":{},"keywordListAlwaysShow":false,"keywordListAutoHide":false,"keywordListOpacity":90},"override":{"activeSurface":false,"hideSummarySlide":false,"summarySlideSolutionButton":true,"summarySlideRetryButton":true,"enablePrintButton":false,"social":{"showFacebookShare":false,"facebookShare":{"url":"@currentpageurl","quote":"I scored @score out of @maxScore on a task at @currentpageurl."},"showTwitterShare":false,"twitterShare":{"statement":"I scored @score out of @maxScore on a task at @currentpageurl.","url":"@currentpageurl","hashtags":"h5p, course"},"showGoogleShare":false,"googleShareUrl":"@currentpageurl"}},"l10n":{"slide":"Slide","score":"Score","yourScore":"Your Score","maxScore":"Max Score","total":"Total","totalScore":"Total Score","showSolutions":"Show solutions","retry":"Retry","exportAnswers":"Export text","hideKeywords":"Hide sidebar navigation menu","showKeywords":"Show sidebar navigation menu","fullscreen":"Fullscreen","exitFullscreen":"Exit fullscreen","prevSlide":"Previous slide","nextSlide":"Next slide","currentSlide":"Current slide","lastSlide":"Last slide","solutionModeTitle":"Exit solution mode","solutionModeText":"Solution Mode","summaryMultipleTaskText":"Multiple tasks","scoreMessage":"You achieved:","shareFacebook":"Share on Facebook","shareTwitter":"Share on Twitter","shareGoogle":"Share on Google+","summary":"Summary","solutionsButtonTitle":"Show comments","printTitle":"Print","printIngress":"How would you like to print this presentation?","printAllSlides":"Print all slides","printCurrentSlide":"Print current slide","noTitle":"No title","accessibilitySlideNavigationExplanation":"Use left and right arrow to change slide in that direction whenever canvas is selected.","accessibilityCanvasLabel":"Presentation canvas. Use left and right arrow to move between slides.","containsNotCompleted":"@slideName contains not completed interaction","containsCompleted":"@slideName contains completed interaction","slideCount":"Slide @index of @total","containsOnlyCorrect":"@slideName only has correct answers","containsIncorrectAnswers":"@slideName has incorrect answers","shareResult":"Share Result","accessibilityTotalScore":"You got @score of @maxScore points in total","accessibilityEnteredFullscreen":"Entered fullscreen","accessibilityExitedFullscreen":"Exited fullscreen"}}