{"showCoverPage":true,"chapters":[{"params":{"content":[{"content":{"params":{"contentName":"Image","file":{"path":"images\/file-73d2bdbac2e59c55a27a759fe40c56bd.jpg","mime":"image\/jpeg","copyright":{"license":"CC BY","version":"4.0"},"width":959,"height":459},"alt":"\u062f \u0634\u0627\u062a\u0648 \u0645\u0686\u06cd \u067e\u0631\u062a\u0647 \u062f\u0647"},"library":"H5P.Image 1.1","metadata":{"contentType":"Image","license":"CC BY","licenseVersion":"4.0","source":"https:\/\/digitallibrary.io\/","title":"Untitled Image"},"subContentId":"05733ad3-fee6-466c-952d-4a749fdacc6b"},"useSeparator":"auto"},{"content":{"params":{"contentName":"Image","file":{"path":"images\/file-1088b6d732161819888481bc20863e7c.jpg","mime":"image\/jpeg","copyright":{"license":"CC BY","version":"4.0"},"width":1024,"height":680},"alt":"\u062f \u0631\u0648\u0645 \u067c\u0648 \u0631\u06cc\u0689 \u0644\u0648\u06ab\u0648"},"library":"H5P.Image 1.1","metadata":{"contentType":"Image","license":"CC BY","licenseVersion":"4.0","source":"https:\/\/digitallibrary.io\/","title":"Untitled Image"},"subContentId":"ee077902-2936-41c7-8937-8d1891829930"},"useSeparator":"auto"},{"content":{"params":{"text":"<p dir=\"RTL\" style=\"text-align:right\"><span><span><span><span>\u062f \u0634\u0627\u062a\u0648 \u0645\u0686\u06cd \u0627\u0648 \u0641\u06cc\u0644<\/span><\/span><\/span><\/span><\/p>\n\n<p dir=\"RTL\"><span><span><span><span><span><span lang=\"PS-AF\">\u0644\u06cc\u06a9\u0648\u0627\u0644: \u0633\u06cc\u0644\u06cc\u0627 \u0628\u0648\u0644\u0627\u0645 <\/span><\/span><\/span><\/span><\/span><\/span><\/p>\n\n<p dir=\"RTL\"><span><span><span><span><span><span lang=\"PS-AF\">\u0627\u0646\u0681\u0648\u0631\u06ab\u0631: \u067c\u0631\u0627\u06cc \u0633\u0645\u0641\u0648\u0633<\/span><\/span><\/span><\/span><\/span><\/span><\/p>\n\n<p dir=\"RTL\" style=\"text-align:right\"><span><span><span><span>\u0698\u0628\u0627\u0693\u0647: \u062f \u062f\u0631\u062e\u062a \u062f\u0627\u0646\u0634 \u06a9\u062a\u0627\u0628\u062a\u0648\u0646<\/span><\/span><\/span><\/span><\/p>\n\n<p dir=\"RTL\" style=\"text-align:right\"><span><span><span><span>\u0698\u0628\u0627\u0693\u0646: \u0645\u062d\u0645\u062f \u0628\u0634\u06cc\u0631 \u063a\u0641\u0627\u0631\u0632\u06cc<\/span><\/span><\/span><\/span><\/p>\n"},"library":"H5P.AdvancedText 1.1","metadata":{"contentType":"Text","license":"CC BY","title":"Untitled Text","licenseVersion":"4.0"},"subContentId":"1f08ab8b-41c8-4424-ba6c-60d75e416e72"},"useSeparator":"auto"}]},"subContentId":"0b732760-a448-49ca-bec2-99cd13f74549","library":"H5P.Column 1.12","metadata":{"contentType":"Column","license":"CC BY","title":"\u0644\u0648\u0645\u0693\u06cc \u0645\u062e","licenseVersion":"4.0"}},{"params":{"content":[{"content":{"params":{"contentName":"Image","file":{"path":"images\/file-19b99fe4358dbbc4faf6951fd6658b9b.jpg","mime":"image\/jpeg","copyright":{"license":"CC BY","version":"4.0"},"width":959,"height":516},"alt":"\u062f \u0634\u0627\u062a\u0648 \u0645\u0686\u06cd \u062f \u06ab\u0644 \u067e\u0647 \u0645\u0646\u0681 \u06a9\u06d0 \u0698\u0627\u0693\u064a"},"library":"H5P.Image 1.1","metadata":{"contentType":"Image","license":"CC BY","licenseVersion":"4.0","source":"https:\/\/digitallibrary.io\/","title":"Untitled Image"},"subContentId":"4edf3591-dfc9-48e0-8df1-7d8849aa89b2"},"useSeparator":"auto"},{"content":{"params":{"text":"<p dir=\"RTL\" style=\"text-align:right\"><span><span><span><span><span><span lang=\"PS-AF\">\u062f \u0634\u0627\u062a\u0648 \u0648\u0693\u06d0 \u0645\u0686\u06cd \u0648\u0648\u06cc\u0644: <\/span><span lang=\"FA\">\"<\/span><span lang=\"PS-AF\">\u0645\u0627 \u0644\u0627\u0631 \u0648\u0631\u06a9\u0647 \u06a9\u0693\u06d0\u062f\u0647.<\/span> <span lang=\"FA\">\"<\/span>&nbsp; <span lang=\"FA\">\"<\/span><span lang=\"PS-AF\">\u0632\u0647 \u062e\u067e\u0644 \u06a9\u0648\u0631 \u0646\u0634\u0645 \u067e\u06cc\u062f\u0627 \u06a9\u0648\u0644\u0627\u06cc.<\/span><span lang=\"FA\">\"<\/span><\/span><\/span><\/span><\/span><\/span><\/p>\n\n<p dir=\"RTL\" style=\"text-align:right\"><span><span><span><span><span><span lang=\"PS-AF\">\u069a\u0627\u063a\u0644\u06cc\u0647 \u0641\u06cc\u0644\u0647! <\/span><span lang=\"FA\">\"<\/span><span lang=\"PS-AF\">\u0645\u0647\u0631\u0628\u0627\u0646\u064a \u0648\u06a9\u0693\u0647 \u0622\u06cc\u0627 \u062a\u0647 \u0645\u0627\u0633\u0631\u0647 \u0645\u0631\u0633\u062a\u0647 \u06a9\u0648\u0644\u0627\u06cc \u0634\u06d0\u061f<\/span><span lang=\"FA\">\"<\/span><\/span><\/span><\/span><\/span><\/span><\/p>\n"},"library":"H5P.AdvancedText 1.1","metadata":{"contentType":"Text","license":"CC BY","title":"Untitled Text","licenseVersion":"4.0"},"subContentId":"d53db5e9-9c8b-42e8-9962-8aa5868616b3"},"useSeparator":"auto"}]},"subContentId":"2e157d0f-35da-4d45-ab0b-604e4cf4cc27","library":"H5P.Column 1.12","metadata":{"contentType":"Column","license":"CC BY","title":"\u062f\u0648\u06cc\u0645 \u0645\u062e","licenseVersion":"4.0"}},{"params":{"content":[{"content":{"params":{"contentName":"Image","file":{"path":"images\/file-d5715ba6f50742317e2c0062599e21fb.jpg","mime":"image\/jpeg","copyright":{"license":"CC BY","version":"4.0"},"width":639,"height":689},"alt":"\u0641\u06cc\u0644 \u062f \u0634\u0627\u062a\u0648 \u0645\u0686\u06cd \u062a\u0647 \u06cc\u0648\u0647 \u0681\u0627\u0644\u0647 \u0631\u0627\u0648\u0693\u064a"},"library":"H5P.Image 1.1","metadata":{"contentType":"Image","license":"CC BY","licenseVersion":"4.0","source":"https:\/\/digitallibrary.io\/","title":"Untitled Image"},"subContentId":"eaa10ab3-39b0-4807-b77b-8697a826daae"},"useSeparator":"auto"},{"content":{"params":{"text":"<p style=\"text-align: right;\"><span><span><span><span><span><span lang=\"PS-AF\">\u0641\u06cc\u0644&nbsp;\u067e\u0648\u069a\u062a\u0646\u0647 \u0648\u06a9\u0693\u0647: <\/span><span lang=\"FA\">\"<\/span><span lang=\"PS-AF\">\u0622\u06cc\u0627 \u062f\u0627 \u0681\u0627\u0644\u0647 \u0633\u062a\u0627 \u06a9\u0648\u0631 \u062f\u06cc\u061f<\/span><span lang=\"FA\">\"<\/span><\/span><\/span><\/span><\/span><\/span><\/p>\n"},"library":"H5P.AdvancedText 1.1","metadata":{"contentType":"Text","license":"CC BY","title":"Untitled Text","licenseVersion":"4.0"},"subContentId":"2478a3bc-9856-4f37-848f-f92c4679a93f"},"useSeparator":"auto"}]},"subContentId":"2c3b8a9c-c5a0-4220-9107-a48464b2b047","library":"H5P.Column 1.12","metadata":{"contentType":"Column","license":"CC BY","title":"\u062f\u0631\u06cc\u0645 \u0645\u062e","licenseVersion":"4.0"}},{"params":{"content":[{"content":{"params":{"contentName":"Image","file":{"path":"images\/file-11505c74875700130db7a6f1e57edbbf.jpg","mime":"image\/jpeg","copyright":{"license":"CC BY","version":"4.0"},"width":959,"height":689},"alt":"\u06cc\u0648\u0647 \u0645\u0631\u063a\u0647 \u062f \u062f\u0648\u06cc \u062e\u0648\u0627\u062a\u0647 \u0631\u0627 \u0631\u0648\u0627\u0646 \u062f\u06cc"},"library":"H5P.Image 1.1","metadata":{"contentType":"Image","license":"CC BY","licenseVersion":"4.0","source":"https:\/\/digitallibrary.io\/","title":"Untitled Image"},"subContentId":"b55821a6-3b7f-456f-9267-4c91707cd854"},"useSeparator":"auto"},{"content":{"params":{"text":"<p dir=\"RTL\" style=\"text-align:right\"><span><span><span><span><span><span lang=\"PS-AF\">\u062f \u0634\u0627\u062a\u0648 \u0648\u0693\u06d0 \u0645\u0686\u06cd \u067e\u0647 \u0698\u0693\u0627 \u0648\u0648\u06cc\u0644: <\/span><span lang=\"FA\">\"<\/span><span lang=\"PS-AF\">\u0622\u0647 \u0646\u0647! <\/span><span lang=\"FA\">\"<\/span>&nbsp; <\/span><\/span><\/span><\/span><\/span><\/p>\n\n<p dir=\"RTL\" style=\"text-align:right\"><span><span><span><span><span><span lang=\"FA\">\"<\/span><span lang=\"PS-AF\">\u062f\u0627 \u062f \u0645\u0631\u063a\u06cd \u06a9\u0648\u0631 \u062f\u06cc.<\/span><span lang=\"FA\">\"<\/span><\/span><\/span><\/span><\/span><\/span><\/p>\n"},"library":"H5P.AdvancedText 1.1","metadata":{"contentType":"Text","license":"CC BY","title":"Untitled Text","licenseVersion":"4.0"},"subContentId":"e4651475-33cd-4953-affc-f80e5b1949f0"},"useSeparator":"auto"}]},"subContentId":"cdb087e9-53cf-4b55-9f7c-b6c7a5ca50e0","library":"H5P.Column 1.12","metadata":{"contentType":"Column","license":"CC BY","title":"\u0685\u0644\u0648\u0631\u0645 \u0645\u062e","licenseVersion":"4.0"}},{"params":{"content":[{"content":{"params":{"contentName":"Image","file":{"path":"images\/file-6e41bb31b0b3fd395705b5c91006d2ab.jpg","mime":"image\/jpeg","copyright":{"license":"CC BY","version":"4.0"},"width":639,"height":689},"alt":"\u0641\u06cc\u0644 \u062f \u0634\u0627\u062a\u0648 \u0645\u0686\u06cd \u067e\u0647 \u062e\u067e\u0644 \u062e\u0631\u062a\u0648\u0645 \u0648\u0693\u064a"},"library":"H5P.Image 1.1","metadata":{"contentType":"Image","license":"CC BY","licenseVersion":"4.0","source":"https:\/\/digitallibrary.io\/","title":"Untitled Image"},"subContentId":"fa3b7a75-0183-451b-9403-3e5e98a33b83"},"useSeparator":"auto"},{"content":{"params":{"text":"<p style=\"text-align: right;\"><span><span><span><span><span><span lang=\"PS-AF\">\u0641\u06cc\u0644 \u067e\u0648\u069a\u062a\u0646\u0647 \u0648\u06a9\u0693\u0647: <\/span><span lang=\"FA\">\"<\/span><span lang=\"PS-AF\">\u0622\u06cc\u0627 \u062f\u0627 \u063a\u0627\u0631 \u0633\u062a\u0627 \u06a9\u0648\u0631 \u062f\u06cc\u061f<\/span><span lang=\"FA\">\"<\/span>&nbsp; <\/span><\/span><\/span><\/span><\/span><\/p>\n"},"library":"H5P.AdvancedText 1.1","metadata":{"contentType":"Text","license":"CC BY","title":"Untitled Text","licenseVersion":"4.0"},"subContentId":"2d78fafc-586d-4338-aec2-f000e239f31b"},"useSeparator":"auto"}]},"subContentId":"63e3dabc-6e09-466d-a0b3-0df7172520c3","library":"H5P.Column 1.12","metadata":{"contentType":"Column","license":"CC BY","title":"\u067e\u0646\u0681\u0645 \u0645\u062e","licenseVersion":"4.0"}},{"params":{"content":[{"content":{"params":{"contentName":"Image","file":{"path":"images\/file-cce11d2d8ebf7cd0b969f0dbc9413c33.jpg","mime":"image\/jpeg","copyright":{"license":"CC BY","version":"4.0"},"width":959,"height":689},"alt":"\u062f \u0634\u0627\u062a\u0648 \u0645\u0686\u06cd \u062f \u0641\u06cc\u0644 \u0685\u0646\u06ab \u062a\u0647 \u0681\u0645\u06a9\u06d0 \u062a\u0647 \u0627\u0644\u0648\u0632\u064a"},"library":"H5P.Image 1.1","metadata":{"contentType":"Image","license":"CC BY","licenseVersion":"4.0","source":"https:\/\/digitallibrary.io\/","title":"Untitled Image"},"subContentId":"c453bae0-6d0f-4f77-a1c5-60f5c070a61b"},"useSeparator":"auto"},{"content":{"params":{"text":"<p style=\"text-align: right;\"><span><span><span><span><span><span lang=\"FA\">\"<\/span><span lang=\"PS-AF\">\u0622\u0647 \u0646\u0647! \u062f\u0627 \u062f \u0622\u0633\u0645\u0627\u0646 \u0685\u06a9\u0627\u0644\u064a \u06a9\u0648\u0631 \u062f\u06cc.<\/span><span lang=\"FA\">\"<\/span><\/span><\/span><\/span><\/span><\/span><\/p>\n\n<p>&nbsp;<\/p>\n"},"library":"H5P.AdvancedText 1.1","metadata":{"contentType":"Text","license":"CC BY","title":"Untitled Text","licenseVersion":"4.0"},"subContentId":"e7e3b8b2-23bd-46fa-8cd1-c9d04c1af570"},"useSeparator":"auto"}]},"subContentId":"462dac75-7efb-4d35-b25c-e688335c2f82","library":"H5P.Column 1.12","metadata":{"contentType":"Column","license":"CC BY","title":"\u0634\u067e\u0696\u0645 \u0645\u062e","licenseVersion":"4.0"}},{"params":{"content":[{"content":{"params":{"contentName":"Image","file":{"path":"images\/file-8bf40a6ff3e4ddf853cdaa83902847a7.jpg","mime":"image\/jpeg","copyright":{"license":"CC BY","version":"4.0"},"width":639,"height":689},"alt":"\u0641\u06cc\u0644 \u0647\u063a\u0647 \u062f \u0634\u0627\u062a\u0648 \u062f \u0645\u0686\u06cc\u0648 \u0681\u0627\u0644\u06d0 \u062a\u0647 \u0648\u0693\u064a"},"library":"H5P.Image 1.1","metadata":{"contentType":"Image","license":"CC BY","licenseVersion":"4.0","source":"https:\/\/digitallibrary.io\/","title":"Untitled Image"},"subContentId":"72b9fea6-4c13-4d51-bcfe-9f77071eebc8"},"useSeparator":"auto"},{"content":{"params":{"text":"<p style=\"text-align: right;\"><span><span><span><span><span><span lang=\"FA\">\"<\/span><span lang=\"PS-AF\">\u0627\u06cc \u0648\u0693\u06d0 \u0645\u0686\u06cd! \u0622\u06cc\u0627 \u062f\u0627 \u062f \u0645\u0686\u06cc\u0648 \u0681\u0627\u0644\u0647 \u0633\u062a\u0627 \u06a9\u0648\u0631 \u062f\u06cc\u061f<\/span><span lang=\"FA\">\"<\/span>&nbsp; <\/span><\/span><\/span><\/span><\/span><\/p>\n\n<p>&nbsp;<\/p>\n"},"library":"H5P.AdvancedText 1.1","metadata":{"contentType":"Text","license":"CC BY","title":"Untitled Text","licenseVersion":"4.0"},"subContentId":"d1509eb2-6114-414c-8869-7daf3c19a4bc"},"useSeparator":"auto"}]},"subContentId":"1acb62ae-584a-4948-856b-7b207f97a425","library":"H5P.Column 1.12","metadata":{"contentType":"Column","license":"CC BY","title":"\u0627\u0648\u0648\u0645 \u0645\u062e","licenseVersion":"4.0"}},{"params":{"content":[{"content":{"params":{"contentName":"Image","file":{"path":"images\/file-30ec73102b7363e3033a6ccbe0fd2a7c.jpg","mime":"image\/jpeg","copyright":{"license":"CC BY","version":"4.0"},"width":959,"height":689},"alt":"\u062f \u0634\u0627\u062a\u0648 \u062f \u0645\u0686\u06cc\u0648 \u067e\u0647 \u0681\u0627\u0644\u0647 \u06a9\u06d0 \u0645\u0686\u06cd \u0628\u0646\u06ab\u06cc\u0696\u064a"},"library":"H5P.Image 1.1","metadata":{"contentType":"Image","license":"CC BY","licenseVersion":"4.0","source":"https:\/\/digitallibrary.io\/","title":"Untitled Image"},"subContentId":"7d4ac8ac-946d-43bf-8e06-0d6a7bbb6952"},"useSeparator":"auto"},{"content":{"params":{"text":"<p style=\"text-align: right;\"><span><span><span><span><span><span lang=\"PS-AF\">\u0648\u0693\u06d0 \u0645\u0686\u06cd \u067e\u0647 \u062e\u0648\u069a\u06cd \u0633\u0631\u0647 \u0648\u0648\u06cc\u0644: <\/span><span lang=\"FA\">\"<\/span><span lang=\"PS-AF\">\u0647\u0648\u0648\u0648! \u062f\u0627 \u0632\u0645\u0627 \u06a9\u0648\u0631 \u062f\u06cc.<\/span><span lang=\"FA\">\"<\/span><\/span><\/span><\/span><\/span><\/span><\/p>\n"},"library":"H5P.AdvancedText 1.1","metadata":{"contentType":"Text","license":"CC BY","title":"Untitled Text","licenseVersion":"4.0"},"subContentId":"ee03c46a-8f26-420b-b3ec-ee4ec3c2bbf1"},"useSeparator":"auto"}]},"subContentId":"a47d9071-0f61-4b0d-a4a6-a24bbcecd3d1","library":"H5P.Column 1.12","metadata":{"contentType":"Column","license":"CC BY","title":"\u0622\u062a\u0645 \u0645\u062e","licenseVersion":"4.0"}},{"params":{"content":[{"content":{"params":{"contentName":"Image","file":{"path":"images\/file-45f600b2b70f634a0dac6bd941aed2ee.jpg","mime":"image\/jpeg","copyright":{"license":"CC BY","version":"4.0"},"width":959,"height":516},"alt":"\u062f \u0634\u0627\u062a\u0648 \u0645\u0686\u06cd \u067e\u0647 \u0681\u0646\u06ab\u0644 \u06a9\u06d0 \u0628\u0646\u06ab\u06cc\u0696\u064a"},"library":"H5P.Image 1.1","metadata":{"contentType":"Image","license":"CC BY","licenseVersion":"4.0","source":"https:\/\/digitallibrary.io\/","title":"Untitled Image"},"subContentId":"3e87a2d9-3dab-43dc-b990-bbeaa565aad0"},"useSeparator":"auto"},{"content":{"params":{"text":"<p style=\"text-align: right;\"><span><span><span><span><span><span lang=\"PS-AF\">\u069a\u0627\u063a\u0644\u06cc\u0647 \u0641\u06cc\u0644\u0647: <\/span><span lang=\"FA\">\"<\/span><span lang=\"PS-AF\">\u0645\u0646\u0646\u0647 \u0686\u06d0 \u0644\u0647 \u0645\u0627\u0633\u0631\u0647 \u062f\u06d0 \u0645\u0631\u0633\u062a\u0647 \u0648\u06a9\u0693\u0647! \u062f\u0627 \u0632\u0645\u0627 \u06a9\u0648\u0631 \u062f\u06cc.<\/span><span lang=\"FA\">\"<\/span><\/span><\/span><\/span><\/span><\/span><\/p>\n"},"library":"H5P.AdvancedText 1.1","metadata":{"contentType":"Text","license":"CC BY","title":"Untitled Text","licenseVersion":"4.0"},"subContentId":"0d8aff86-8ac0-455f-9103-ede39e86ecb1"},"useSeparator":"auto"}]},"subContentId":"b8b391bb-76e0-4271-a471-0934b154cf62","library":"H5P.Column 1.12","metadata":{"contentType":"Column","license":"CC BY","title":"\u0646\u0647\u0645 \u0645\u062e","licenseVersion":"4.0"}},{"params":{"content":[{"content":{"params":{"contentName":"Image","file":{"path":"images\/file-d19dd4ba4dfce7aa295409049b2ab88b.jpg","mime":"image\/jpeg","copyright":{"license":"CC BY","version":"4.0"},"width":959,"height":689},"alt":"\u0645\u0686\u06cd \u062f \u0641\u06cc\u0644 \u062f \u067e\u0648\u0632\u06d0 (\u062e\u0631\u062a\u0648\u0645) \u067e\u0647 \u0633\u0631 \u0628\u0627\u0646\u062f\u06d0 \u06a9\u069a\u06cc\u0646\u064a"},"library":"H5P.Image 1.1","metadata":{"contentType":"Image","license":"CC BY","licenseVersion":"4.0","source":"https:\/\/digitallibrary.io\/","title":"Untitled Image"},"subContentId":"8f62141c-26a6-44a1-9418-76db2ac6e2c1"},"useSeparator":"auto"}]},"subContentId":"fff3485f-17dc-41c3-883b-4a48a3fd0b39","library":"H5P.Column 1.12","metadata":{"contentType":"Column","license":"CC BY","title":"\u0644\u0633\u0645 \u0645\u062e","licenseVersion":"4.0"}},{"params":{"content":[{"content":{"params":{"contentName":"Image","file":{"path":"images\/file-1ce0e999d2f96c6d254c2de8d763318a.jpg","mime":"image\/jpeg","copyright":{"license":"CC BY","version":"4.0"},"width":1024,"height":209},"alt":"\u062f \u0633\u067c\u0648\u0631\u064a \u0648\u06cc\u0648\u0631 \u0644\u0648\u06ab\u0648"},"library":"H5P.Image 1.1","metadata":{"contentType":"Image","license":"CC BY","licenseVersion":"4.0","source":"https:\/\/digitallibrary.io\/","title":"Untitled Image"},"subContentId":"9eabbc72-41db-4ba2-a1d9-92892255775a"},"useSeparator":"auto"},{"content":{"params":{"text":"<p>This book was made possible by Pratham Books' StoryWeaver platform. Content under Creative Commons licenses can be downloaded, translated and can even be used to create new stories \u00adprovided you give appropriate credit, and indicate if changes were made. To know more about this, and the full terms of use and attribution, please visit the following link.<\/p>\n\n<p>Story Attribution:<\/p>\n\n<p>This story: 'The Bee and the Elephant' is translated by Celia Bolam. The \u00a9 for this translation lies with Room to Read, 2015. Some rights reserved. Released under CC BY 4.0 license. Based on the Original story: '\u1783\u17d2\u1798\u17bb\u17c6\u1793\u17b7\u1784\u178a\u17c6\u179a\u17b8', by Long Ravy. \u00a9 Room to Read, 2015. Some rights reserved. Released under CC BY 4.0 license.<\/p>\n\n<p>Other Credits:<\/p>\n\n<p>This story 'The Bee and the Elephant' has been published on StoryWeaver by Room to Read.<\/p>\n\n<p>Images Attributions:<\/p>\n\n<p>Cover page: Bee sleeping on elephant, by Try Samphos\u00a9 Room to Read, 2011. Some rights reserved. Released under CC BY 4.0 license. Page 2: Bee crying while elephant looks on, by Try Samphos\u00a9 Room to Read, 2011. Some rights reserved. Released under CC BY 4.0 license. Page 3: Elephant showing a bee a nest, by Try Samphos\u00a9 Room to Read, 2011. Some rights reserved. Released under CC BY 4.0 license. Page 4: Bird flying towards elephant and bee, by Try Samphos\u00a9 Room to Read, 2011. Some rights reserved. Released under CC BY 4.0 license. Page 5: Elephant showing a bee a cave, by Try Samphos\u00a9 Room to Read, 2011. Some rights reserved. Released under CC BY 4.0 license. Page 6: Bee and elephant being chased by bats, by Try Samphos\u00a9 Room to Read, 2011. Some rights reserved. Released under CC BY 4.0 license. Page 7: Elephant showing a bee a beehive, by Try Samphos\u00a9 Room to Read, 2011. Some rights reserved. Released under CC BY 4.0 license.Page 8:Bees taking in beehive, by Try Samphos\u00a9 Room to Read, 2011. Some rights reserved. Released under CC BY 4.0 license. Page 9: All animals going together in the forest, by Try Samphos\u00a9 Room to Read, 2011. Some rights reserved. Released under CC BY 4.0 license. Page 10: Bee on elephant's trunk, by Try Samphos\u00a9 Room to Read, 2011. Some rights reserved. Released under CC BY 4.0 license. Disclaimer: https:\/\/www.storyweaver.org.in\/terms_and_conditions<\/p>\n\n<p style=\"text-align: right;\">\u0698\u0628\u0627\u0693\u0646:&nbsp; \u0645\u062d\u0645\u062f \u0628\u0634\u06cc\u0631 \u063a\u0641\u0627\u0631\u0632\u06cc<\/p>\n"},"library":"H5P.AdvancedText 1.1","metadata":{"contentType":"Text","license":"CC BY","title":"Untitled Text","licenseVersion":"4.0"},"subContentId":"b0049cc6-a98d-447f-91d2-bc27d9881b14"},"useSeparator":"auto"},{"content":{"params":{"contentName":"Image","file":{"path":"images\/file-1dd8bab4fb44379a9e7e38ff1ec1a2e3.jpg","mime":"image\/jpeg","copyright":{"license":"CC BY","version":"4.0"},"width":88,"height":31},"alt":"\u062f\u0627 \u06a9\u062a\u0627\u0628 \u062f \u06a9\u0631\u06cc\u067c\u06cc\u0648 \u06a9\u0627\u0645\u0646\u0632 \u062a\u0631 \u0645\u062c\u0648\u0632 \u0644\u0627\u0646\u062f\u06d0 \u062e\u067e\u0648\u0631 \u0634\u0648\u06cc \u062f\u06cc."},"library":"H5P.Image 1.1","metadata":{"contentType":"Image","license":"CC BY","licenseVersion":"4.0","source":"https:\/\/digitallibrary.io\/","title":"Untitled Image"},"subContentId":"d08e8965-e062-4942-abaf-a2353519f698"},"useSeparator":"auto"},{"content":{"params":{"text":"<p>\n Some rights reserved. This book is CC\u00ad-BY\u00ad-4.0 licensed. You can copy, modify, distribute and perform the work, even for commercial purposes, all without asking permission. For full terms of use and attribution, http:\/\/creativecommons.org\/licenses\/by\/4.0\/\n<\/p>"},"library":"H5P.AdvancedText 1.1","metadata":{"contentType":"Text","license":"CC BY","title":"Untitled Text","licenseVersion":"4.0"},"subContentId":"b4468d1b-2628-43ef-8105-6298ecca7ee5"},"useSeparator":"auto"}]},"subContentId":"65ea9896-9cdd-4ee9-aa11-0a2c13e0cb02","library":"H5P.Column 1.12","metadata":{"contentType":"Column","license":"CC BY","title":"\u06cc\u0648\u0648\u0644\u0633\u0645 \u0645\u062e","licenseVersion":"4.0"}},{"params":{"content":[{"content":{"params":{"text":"<p dir=\"RTL\" style=\"text-align:right\"><span><span><span><span>\u062f \u0634\u0627\u062a\u0648 \u0645\u0686\u06cd \u0627\u0648 \u0641\u06cc\u0644 (\u0627\u0646\u06ab\u0644\u06cc\u0633\u064a)<\/span><\/span><\/span><\/span><\/p>\n\n<p dir=\"RTL\" style=\"text-align:right\"><span><span><span><span>\u06cc\u0648 \u0641\u06cc\u0644 \u062f \u0634\u0627\u062a\u0648 \u062f \u06cc\u0648\u06d0 \u0648\u0693\u06d0 \u0645\u0686\u06cd \u0633\u0631\u0647 \u0686\u06d0 \u0644\u0627\u0631 \u062a\u0631\u06d0 \u0648\u0631\u06a9\u0647 \u062f\u0647\u060c \u062f \u0645\u0631\u0633\u062a\u06d0 \u06a9\u0648\u069a\u069a \u06a9\u0648\u064a \u0686\u06d0 \u062e\u067e\u0644 \u06a9\u0648\u0631 \u067e\u06cc\u062f\u0627 \u06a9\u0693\u064a. \u0622\u06cc\u0627 \u062f\u0627 \u0681\u0627\u0644\u0647 \u062f\u0647\u061f \u0622\u06cc\u0627 \u063a\u0627\u0631 \u062f\u06cc\u061f \u0647\u063a\u0647 \u0686\u06cc\u0631\u062a\u0647 \u0627\u0648\u0633\u06cc\u0696\u064a\u061f <\/span><\/span><\/span><\/span><\/p>\n\n<p dir=\"RTL\" style=\"text-align:right\"><span><span><span><span>\u062f\u0627 \u062f \u0647\u063a\u0648 \u0645\u0627\u0634\u0648\u0645\u0627\u0646\u0648 \u0644\u067e\u0627\u0631\u0647 \u062f \u0644\u0648\u0645\u0693\u0646\u06cd \u0633\u0648\u06cc\u06d0 \u06a9\u062a\u0627\u0628 \u062f\u06cc \u0686\u06d0 \u063a\u0648\u0627\u0693\u064a \u0644\u0648\u0633\u062a \u067e\u06cc\u0644 \u06a9\u0693\u064a.<\/span><\/span><\/span><\/span><\/p>\n"},"library":"H5P.AdvancedText 1.1","metadata":{"contentType":"Text","license":"CC BY","title":"Untitled Text","licenseVersion":"4.0"},"subContentId":"f339709a-1d86-434a-b7f0-febfa7bd1504"},"useSeparator":"auto"},{"content":{"params":{"contentName":"Image","file":{"path":"images\/file-1ce0e999d2f96c6d254c2de8d763318a.jpg","mime":"image\/jpeg","copyright":{"license":"CC BY","version":"4.0"},"width":1024,"height":209},"alt":"\u062f \u0633\u067c\u0648\u0631\u064a \u0648\u06cc\u0648\u0631 \u0644\u0648\u06ab\u0648"},"library":"H5P.Image 1.1","metadata":{"contentType":"Image","license":"CC BY","licenseVersion":"4.0","source":"https:\/\/digitallibrary.io\/","title":"Untitled Image"},"subContentId":"63ec35cc-2455-467c-9d40-efdaa0773743"},"useSeparator":"auto"},{"content":{"params":{"text":"<p>Pratham Books goes digital to weave a whole new chapter in the realm of multilingual children's stories. Knitting together children, authors, illustrators and publishers. Folding in teachers, and translators. To create a rich fabric of openly licensed multilingual stories for the children of India \u00ad\u00adand the world. Our unique online platform, StoryWeaver, is a playground where children, parents, teachers and librarians can get creative. Come, start weaving today, and help us get a book in every child's hand!<\/p>\n"},"library":"H5P.AdvancedText 1.1","metadata":{"contentType":"Text","license":"CC BY","title":"Untitled Text","licenseVersion":"4.0"},"subContentId":"ec18228c-4ce1-45b0-9954-cb63a2186b75"},"useSeparator":"auto"}]},"subContentId":"d659b4f6-f8cc-4137-ba0d-12b8aa5213f5","library":"H5P.Column 1.12","metadata":{"contentType":"Column","license":"CC BY","title":"\u062f\u0648\u0644\u0633\u0645 \u0645\u062e","licenseVersion":"4.0"}}],"behaviour":{"defaultTableOfContents":false,"progressIndicators":true,"progressAuto":true,"displaySummary":true},"read":"Read","displayTOC":"Display &#039;Table of contents&#039;","hideTOC":"Hide &#039;Table of contents&#039;","nextPage":"Next page","previousPage":"Previous page","chapterCompleted":"Page completed!","partCompleted":"@pages of @total completed","incompleteChapter":"Incomplete page","navigateToTop":"Navigate to the top","markAsFinished":"I have finished this page","fullscreen":"Fullscreen","exitFullscreen":"Exit fullscreen","bookProgressSubtext":"@count of @total pages","interactionsProgressSubtext":"@count of @total interactions","submitReport":"Submit Report","restartLabel":"Restart","summaryHeader":"Summary","allInteractions":"All interactions","unansweredInteractions":"Unanswered interactions","scoreText":"@score \/ @maxscore","leftOutOfTotalCompleted":"@left of @max interactions completed","noInteractions":"No interactions","score":"Score","summaryAndSubmit":"Summary &amp; submit","noChapterInteractionBoldText":"You have not interacted with any pages.","noChapterInteractionText":"You have to interact with at least one page before you can see the summary.","yourAnswersAreSubmittedForReview":"Your answers are submitted for review!","bookProgress":"Book progress","interactionsProgress":"Interactions progress","totalScoreLabel":"Total score","a11y":{"progress":"Page @page of @total.","menu":"Toggle navigation menu"},"bookCover":{"coverDescription":"<p style=\"text-align: right;\">\u06cc\u0648 \u0641\u06cc\u0644 \u062f \u0634\u0627\u062a\u0648 \u062f \u06cc\u0648\u06d0 \u0648\u0693\u06d0 \u0645\u0686\u06cd \u0633\u0631\u0647 \u0686\u06d0 \u0644\u0627\u0631 \u062a\u0631\u06d0 \u0648\u0631\u06a9\u0647 \u062f\u0647\u060c \u062f \u0645\u0631\u0633\u062a\u06d0 \u06a9\u0648\u069a\u069a \u06a9\u0648\u064a \u0686\u06d0 \u062e\u067e\u0644 \u06a9\u0648\u0631 \u067e\u06cc\u062f\u0627 \u06a9\u0693\u064a. \u0622\u06cc\u0627 \u062f\u0627 \u0681\u0627\u0644\u0647 \u062f\u0647\u061f \u0622\u06cc\u0627 \u063a\u0627\u0631 \u062f\u06cc\u061f \u0647\u063a\u0647 \u0686\u06cc\u0631\u062a\u0647 \u0627\u0648\u0633\u06cc\u0696\u064a\u061f<\/p>\n","coverImage":{"path":"images\/coverImage.jpg","mime":"image\/jpeg","copyright":{"license":"CC BY","version":"4.0"},"width":959,"height":459},"publisher":"Room to Read","contributors":[{"name":"\u0633\u06cc\u0644\u06cc\u0627 \u0628\u0648\u0644\u0627\u0645","type":"\u0644\u06cc\u06a9\u0648\u0627\u0644"},{"name":"\u067c\u0631\u0627\u06cc \u0633\u0645\u0641\u0648\u0633","type":"\u0627\u0646\u0681\u0648\u0631\u06ab\u0631"},{"type":"\u0698\u0628\u0627\u0693\u0647","name":"\u062f \u062f\u0631\u062e\u062a \u062f\u0627\u0646\u0634 \u06a9\u062a\u0627\u0628\u062a\u0648\u0646"},{"type":"\u0698\u0628\u0627\u0693\u0646","name":"\u0645\u062d\u0645\u062f \u0628\u0634\u06cc\u0631 \u063a\u0641\u0627\u0631\u0632\u06cc"}],"coverAltText":"\u062f \u0634\u0627\u062a\u0648 \u0645\u0686\u06cd \u067e\u0631\u062a\u0647 \u062f\u0647"},"isRTL":true,"publisherLabel":"Publisher"}