{"presentation":{"slides":[{"slideBackgroundSelector":{},"elements":[{"x":4.934210526315789,"y":6.497894682122992,"width":90.84424342105262,"height":87.71832926131934,"action":{"library":"H5P.Image 1.1","params":{"contentName":"Image","file":{"path":"images\/file-66f3d36de633a.gif","mime":"image\/gif","copyright":{"license":"U"},"width":1280,"height":720}},"subContentId":"96fd199c-333a-4556-926a-56d8b2cf0a22","metadata":{"contentType":"Image","license":"U","title":"Untitled Image"}},"backgroundOpacity":0,"willDoAnimation":false,"animationType":"glow","displayAsButton":false,"buttonSize":"big","goToSlideType":"specified","invisible":false},{"x":34.53947368421053,"y":3.248947341061496,"width":37.827302631578945,"height":9.743463117949785,"action":{"library":"H5P.CRAdvancedText 1.1","params":{"text":"<p><span style=\"font-size:1.5em;color:hsl(0,0%,100%);\"><strong>Kaalay, kaalaya!!<\/strong><\/span><\/p>"},"subContentId":"5181e534-9c21-47cc-abcc-6b45823fc172","metadata":{"contentType":"Text","license":"U","title":"Untitled Text"}},"alwaysDisplayComments":false,"backgroundOpacity":0,"willDoAnimation":false,"animationType":"glow","displayAsButton":false,"buttonSize":"big","goToSlideType":"specified","invisible":false,"solution":""}]},{"elements":[{"x":3.289473684210526,"y":6.497894682122992,"width":94.13898026315789,"height":87.71832926131934,"action":{"library":"H5P.Image 1.1","params":{"contentName":"Image","file":{"path":"images\/file-66f3d4535ed07.gif","mime":"image\/gif","copyright":{"license":"U"},"width":1280,"height":720}},"subContentId":"f7b47b0e-6a4f-49ad-8400-fdfcfceef02a","metadata":{"contentType":"Image","license":"U","title":"Untitled Image"}},"backgroundOpacity":0,"willDoAnimation":false,"animationType":"glow","displayAsButton":false,"buttonSize":"big","goToSlideType":"specified","invisible":false},{"x":8.223684210526317,"y":6.484346571710767,"width":83.87993421052632,"height":29.230389353849354,"action":{"library":"H5P.CRAdvancedText 1.1","params":{"text":"<p><span style=\"font-size:1.25em;color:hsl(0,0%,100%);\"><strong>Asxaab ayay nunahay. In aanu wada socono waanu jecelnahay. Kaalay, kaalay bisadeey. Inamari oo soo durug.<\/strong><\/span><\/p>"},"subContentId":"01794c21-39bf-4d8f-8b2c-6c5ea82c0012","metadata":{"contentType":"Text","license":"U","title":"Untitled Text"}},"alwaysDisplayComments":false,"backgroundOpacity":0,"willDoAnimation":false,"animationType":"glow","displayAsButton":false,"buttonSize":"big","goToSlideType":"specified","invisible":false,"solution":""},{"x":47.00006578947369,"y":44.0012898320944,"width":40,"height":40,"action":{"library":"H5P.CRAudio 1.4","params":{"fitToWrapper":true,"currIndex":1,"playerMode":"minimalistic","controls":true,"autoplay":true,"playAudio":"Play audio","pauseAudio":"Pause audio","contentName":"Audio","glowColor":"#ffd85a","files":[{"path":"audios\/files-6708e566046b2.wav","mime":"audio\/x-wav","copyright":{"license":"U"}}],"timeStampForEachText":[{"text":" Asxaab ","startDuration":"0.0000","endDuration":"0.5783","wordfile":[{"path":"audios\/wordfile-6708e59892c1d.wav","mime":"audio\/x-wav","copyright":{"license":"U"}}]},{"text":" ayay ","startDuration":"0.5793","endDuration":"1.0473","wordfile":[{"path":"audios\/wordfile-6708e5b3aad81.wav","mime":"audio\/x-wav","copyright":{"license":"U"}}]},{"text":" nunahay. ","startDuration":"1.0483","endDuration":"1.7212","wordfile":[{"path":"audios\/wordfile-6708e5c9d9dfd.wav","mime":"audio\/x-wav","copyright":{"license":"U"}}]},{"text":" In ","startDuration":"1.7222","endDuration":"1.9222","wordfile":[{"path":"audios\/wordfile-6708e5e913e64.wav","mime":"audio\/x-wav","copyright":{"license":"U"}}]},{"text":" aanu ","startDuration":"1.9232","endDuration":"2.3281","wordfile":[{"path":"audios\/wordfile-6708e5f86cc31.wav","mime":"audio\/x-wav","copyright":{"license":"U"}}]},{"text":" wada ","startDuration":"2.3291","endDuration":"2.5291","wordfile":[{"path":"audios\/wordfile-6708e61daaa56.wav","mime":"audio\/x-wav","copyright":{"license":"U"}}]},{"text":" socono ","startDuration":"2.5301","endDuration":"2.9981","wordfile":[{"path":"audios\/wordfile-6708e64164ef7.wav","mime":"audio\/x-wav","copyright":{"license":"U"}}]},{"text":" waanu ","startDuration":"2.9991","endDuration":"3.4355","wordfile":[{"path":"audios\/wordfile-6708e65b1b70c.wav","mime":"audio\/x-wav","copyright":{"license":"U"}}]},{"text":" jecelnahay. ","startDuration":"3.4365","endDuration":"4.4562","wordfile":[{"path":"audios\/wordfile-6708e66d6c1db.wav","mime":"audio\/x-wav","copyright":{"license":"U"}}]},{"text":" Kaalay, ","startDuration":"4.4572","endDuration":"4.9725","wordfile":[{"path":"audios\/wordfile-6708e68107627.wav","mime":"audio\/x-wav","copyright":{"license":"U"}}]},{"text":" kaalay ","startDuration":"4.9735","endDuration":"5.7882","wordfile":[{"path":"audios\/wordfile-6708e69e1e9db.wav","mime":"audio\/x-wav","copyright":{"license":"U"}}]},{"text":" bisadeey. ","startDuration":"5.7892","endDuration":"6.8246","wordfile":[{"path":"audios\/wordfile-6708e6af356da.wav","mime":"audio\/x-wav","copyright":{"license":"U"}}]},{"text":" Inamari ","startDuration":"6.8256","endDuration":"7.5458","wordfile":[{"path":"audios\/wordfile-6708e6c297f80.wav","mime":"audio\/x-wav","copyright":{"license":"U"}}]},{"text":" oo ","startDuration":"7.5468","endDuration":"7.8256","wordfile":[{"path":"audios\/wordfile-6708e6d715cae.wav","mime":"audio\/x-wav","copyright":{"license":"U"}}]},{"text":" soo ","startDuration":"7.8266","endDuration":"8.1685","wordfile":[{"path":"audios\/wordfile-6708e6ea0eb7e.wav","mime":"audio\/x-wav","copyright":{"license":"U"}}]},{"text":" durug. ","startDuration":"8.1695","endDuration":"8.9375","wordfile":[{"path":"audios\/wordfile-6708e6f981257.wav","mime":"audio\/x-wav","copyright":{"license":"U"}}]}]},"subContentId":"7704e0d2-8815-4215-bcec-59d4a763d4bc","metadata":{"contentType":"Curious Reader Audio","license":"U","title":"Untitled Curious Reader Audio"}},"backgroundOpacity":0,"willDoAnimation":false,"animationType":"glow","displayAsButton":false,"buttonSize":"big","goToSlideType":"specified","invisible":false}],"slideBackgroundSelector":{}},{"elements":[{"x":3.289473684210526,"y":6.497894682122992,"width":94.13898026315789,"height":88.46266309715654,"action":{"library":"H5P.Image 1.1","params":{"contentName":"Image","file":{"path":"images\/file-6711fea3d7289.png","mime":"image\/png","copyright":{"license":"U"},"width":1273,"height":720}},"subContentId":"914b0e5c-5890-49e0-8e93-720aecb9add2","metadata":{"contentType":"Image","license":"U","title":"Untitled Image"}},"backgroundOpacity":0,"willDoAnimation":false,"animationType":"glow","displayAsButton":false,"buttonSize":"big","goToSlideType":"specified","invisible":false},{"x":6.575526315789474,"y":3.2421797837500654,"width":78.94572368421052,"height":25.971272807610337,"action":{"library":"H5P.CRAdvancedText 1.1","params":{"text":"<p><span style=\"font-size:1.25em;color:hsl(0,0%,100%);\"><strong>Asxaab ayay nunahay In aanu wada socono waanu jecelnahay. Kaalay, kaalay gumeys. Inamari oo soo durug.<\/strong><\/span><\/p>"},"subContentId":"f0f09a7a-c477-498e-b632-0fdfbac51c60","metadata":{"contentType":"Text","license":"U","title":"Untitled Text"}},"alwaysDisplayComments":false,"backgroundOpacity":0,"willDoAnimation":false,"animationType":"glow","displayAsButton":false,"buttonSize":"big","goToSlideType":"specified","invisible":false,"solution":""},{"x":47.00006578947369,"y":44.0012898320944,"width":40,"height":40,"action":{"library":"H5P.CRAudio 1.4","params":{"fitToWrapper":true,"currIndex":2,"playerMode":"minimalistic","controls":true,"autoplay":true,"playAudio":"Play audio","pauseAudio":"Pause audio","contentName":"Audio","glowColor":"#ffd85a","timeStampForEachText":[{"text":" Asxaab ","startDuration":"0.0000","endDuration":"0.5814","wordfile":[{"path":"audios\/wordfile-67075f6073de9.wav","mime":"audio\/x-wav","copyright":{"license":"U"}}]},{"text":" ayay ","startDuration":"0.5814","endDuration":"1.0848","wordfile":[{"path":"audios\/wordfile-67075f6cbde2d.wav","mime":"audio\/x-wav","copyright":{"license":"U"}}]},{"text":" nunahay ","startDuration":"1.0848","endDuration":"1.8007","wordfile":[{"path":"audios\/wordfile-67075f8337a4f.wav","mime":"audio\/x-wav","copyright":{"license":"U"}}]},{"text":" In ","startDuration":"1.8007","endDuration":"2.1524","wordfile":[{"path":"audios\/wordfile-67075f902eeca.wav","mime":"audio\/x-wav","copyright":{"license":"U"}}]},{"text":" aanu ","startDuration":"2.1524","endDuration":"2.4131","wordfile":[{"path":"audios\/wordfile-67075fa150456.wav","mime":"audio\/x-wav","copyright":{"license":"U"}}]},{"text":" wada ","startDuration":"2.1855","endDuration":"2.5220","wordfile":[{"path":"audios\/wordfile-67075faf420c0.wav","mime":"audio\/x-wav","copyright":{"license":"U"}}]},{"text":" socono ","startDuration":"2.5220","endDuration":"2.9192","wordfile":[{"path":"audios\/wordfile-67075fca171f4.wav","mime":"audio\/x-wav","copyright":{"license":"U"}}]},{"text":" waanu ","startDuration":"2.9192","endDuration":"3.4075","wordfile":[{"path":"audios\/wordfile-67075fdb1cb38.wav","mime":"audio\/x-wav","copyright":{"license":"U"}}]},{"text":" jecelnahay. ","startDuration":"3.4075","endDuration":"4.3054","wordfile":[{"path":"audios\/wordfile-67075fed4be74.wav","mime":"audio\/x-wav","copyright":{"license":"U"}}]},{"text":" Kaalay, ","startDuration":"4.3054","endDuration":"4.9151","wordfile":[{"path":"audios\/wordfile-67075ffa55394.wav","mime":"audio\/x-wav","copyright":{"license":"U"}}]},{"text":" kaalay ","startDuration":"4.9151","endDuration":"5.6461","wordfile":[{"path":"audios\/wordfile-670769fbcb7d1.wav","mime":"audio\/x-wav","copyright":{"license":"U"}}]},{"text":" gumeys. ","startDuration":"5.6461","endDuration":"6.6502","wordfile":[{"path":"audios\/wordfile-67076032a31fc.wav","mime":"audio\/x-wav","copyright":{"license":"U"}}]},{"text":" Inamari ","startDuration":"6.6502","endDuration":"7.4116","wordfile":[{"path":"audios\/wordfile-670760423629d.wav","mime":"audio\/x-wav","copyright":{"license":"U"}}]},{"text":" oo ","startDuration":"7.4116","endDuration":"7.6116","wordfile":[{"path":"audios\/wordfile-6707605210f83.wav","mime":"audio\/x-wav","copyright":{"license":"U"}}]},{"text":" soo ","startDuration":"7.6116","endDuration":"7.8723","wordfile":[{"path":"audios\/wordfile-670760620d107.wav","mime":"audio\/x-wav","copyright":{"license":"U"}}]},{"text":" durug. ","startDuration":"7.8419","endDuration":"8.6027","wordfile":[{"path":"audios\/wordfile-6707606f7eed6.wav","mime":"audio\/x-wav","copyright":{"license":"U"}}]}],"files":[{"path":"audios\/files-6707131ce1a7a.wav","mime":"audio\/x-wav","copyright":{"license":"U"}}]},"subContentId":"dee02ce2-3033-422e-badf-611ffa665362","metadata":{"contentType":"Curious Reader Audio","license":"U","title":"Untitled Curious Reader Audio"}},"backgroundOpacity":0,"willDoAnimation":false,"animationType":"glow","displayAsButton":false,"buttonSize":"big","goToSlideType":"specified","invisible":false},{"x":52.63157894736842,"y":22.742631387430475,"width":20.72203947368421,"height":14.94177886364818,"action":{"library":"H5P.Image 1.1","params":{"contentName":"Image"},"subContentId":"24d7f674-7760-4da1-ab2f-4f2651a2f494","metadata":{"contentType":"Image","license":"U","title":"Untitled Image"}},"backgroundOpacity":0,"willDoAnimation":true,"animationType":"glow","displayAsButton":false,"buttonSize":"big","goToSlideType":"specified","invisible":false,"id":"imgdee02ce2-3033-422e-badf-611ffa665362_11"}],"slideBackgroundSelector":{}},{"elements":[{"x":4.934210526315789,"y":6.497894682122992,"width":92.10361842105263,"height":87.70793262982795,"action":{"library":"H5P.Image 1.1","params":{"contentName":"Image","file":{"path":"images\/file-66f3d48ae4414.jpg","mime":"image\/jpeg","copyright":{"license":"U"},"width":1280,"height":720}},"subContentId":"ee5f80fd-11e5-4ce4-ac03-5af7f80b1408","metadata":{"contentType":"Image","license":"U","title":"Untitled Image"}},"backgroundOpacity":0,"willDoAnimation":false,"animationType":"glow","displayAsButton":false,"buttonSize":"big","goToSlideType":"specified","invisible":false},{"x":11.513157894736842,"y":6.497894682122992,"width":78.94572368421052,"height":35.735171804335394,"action":{"library":"H5P.CRAdvancedText 1.1","params":{"text":"<p><span style=\"font-size:1.25em;color:hsl(0,0%,100%);\"><strong>Asxaab ayay nunahay In aanu wada socona waanu jecelnahay. Kaalay, kaalay daanyeer. Inamari oo soo durug.<\/strong><\/span><\/p>"},"subContentId":"42bbd5f3-67cd-47bb-844f-39cebc4235a2","metadata":{"contentType":"Text","license":"U","title":"Untitled Text"}},"alwaysDisplayComments":false,"backgroundOpacity":0,"willDoAnimation":false,"animationType":"glow","displayAsButton":false,"buttonSize":"big","goToSlideType":"specified","invisible":false,"solution":""},{"x":47.00006578947369,"y":44.0012898320944,"width":40,"height":40,"action":{"library":"H5P.CRAudio 1.4","params":{"fitToWrapper":true,"currIndex":3,"playerMode":"minimalistic","controls":true,"autoplay":true,"playAudio":"Play audio","pauseAudio":"Pause audio","contentName":"Audio","glowColor":"#ffd85a","timeStampForEachText":[{"text":" Asxaab ","startDuration":"0.0000","endDuration":"0.4890","wordfile":[{"path":"audios\/wordfile-67076ac3eb510.wav","mime":"audio\/x-wav","copyright":{"license":"U"}}]},{"text":" ayay ","startDuration":"0.4900","endDuration":"0.9816","wordfile":[{"path":"audios\/wordfile-67076aded8c72.wav","mime":"audio\/x-wav","copyright":{"license":"U"}}]},{"text":" nunahay ","startDuration":"0.9826","endDuration":"1.4615","wordfile":[{"path":"audios\/wordfile-67076af89af81.wav","mime":"audio\/x-wav","copyright":{"license":"U"}}]},{"text":" In ","startDuration":"1.4615","endDuration":"1.6615","wordfile":[{"path":"audios\/wordfile-67076b0cbfe8a.wav","mime":"audio\/x-wav","copyright":{"license":"U"}}]},{"text":" aanu ","startDuration":"1.6625","endDuration":"1.8625","wordfile":[{"path":"audios\/wordfile-67076b2be58db.wav","mime":"audio\/x-wav","copyright":{"license":"U"}}]},{"text":" wada ","startDuration":"1.8635","endDuration":"2.1522","wordfile":[{"path":"audios\/wordfile-67076b42025c9.wav","mime":"audio\/x-wav","copyright":{"license":"U"}}]},{"text":" socona ","startDuration":"2.1522","endDuration":"2.5306","wordfile":[{"path":"audios\/wordfile-67076b5929a86.wav","mime":"audio\/x-wav","copyright":{"license":"U"}}]},{"text":" waanu ","startDuration":"2.5316","endDuration":"2.8341","wordfile":[{"path":"audios\/wordfile-67076b9ba4fca.wav","mime":"audio\/x-wav","copyright":{"license":"U"}}]},{"text":" jecelnahay. ","startDuration":"2.8341","endDuration":"3.6045","wordfile":[{"path":"audios\/wordfile-67076bbf3f326.wav","mime":"audio\/x-wav","copyright":{"license":"U"}}]},{"text":" Kaalay, ","startDuration":"3.6055","endDuration":"4.2745","wordfile":[{"path":"audios\/wordfile-67076bee81df7.wav","mime":"audio\/x-wav","copyright":{"license":"U"}}]},{"text":" kaalay ","startDuration":"4.2248","endDuration":"4.7671","wordfile":[{"path":"audios\/wordfile-67076c25707e3.wav","mime":"audio\/x-wav","copyright":{"license":"U"}}]},{"text":" daanyeer. ","startDuration":"4.7681","endDuration":"5.4878","wordfile":[{"path":"audios\/wordfile-67076c4591444.wav","mime":"audio\/x-wav","copyright":{"license":"U"}}]},{"text":" Inamari ","startDuration":"5.4888","endDuration":"6.1451","wordfile":[{"path":"audios\/wordfile-67076c5f5d41d.wav","mime":"audio\/x-wav","copyright":{"license":"U"}}]},{"text":" oo ","startDuration":"6.1451","endDuration":"6.3451","wordfile":[{"path":"audios\/wordfile-67076c81b66d8.wav","mime":"audio\/x-wav","copyright":{"license":"U"}}]},{"text":" soo ","startDuration":"6.3461","endDuration":"6.6222","wordfile":[{"path":"audios\/wordfile-67076c9a4d31c.wav","mime":"audio\/x-wav","copyright":{"license":"U"}}]},{"text":" durug. ","startDuration":"6.6222","endDuration":"7.1875","wordfile":[{"path":"audios\/wordfile-67076cbf08605.wav","mime":"audio\/x-wav","copyright":{"license":"U"}}]}],"files":[{"path":"audios\/files-67071353141a3.wav","mime":"audio\/x-wav","copyright":{"license":"U"}}]},"subContentId":"d1fa0460-f4fc-40bb-9ef3-5d96fa670c2c","metadata":{"contentType":"Curious Reader Audio","license":"U","title":"Untitled Curious Reader Audio"}},"backgroundOpacity":0,"willDoAnimation":false,"animationType":"glow","displayAsButton":false,"buttonSize":"big","goToSlideType":"specified","invisible":false},{"x":70.72368421052632,"y":45.47843998544472,"width":20.72203947368421,"height":39.99941518947861,"action":{"library":"H5P.Image 1.1","params":{"contentName":"Image"},"subContentId":"aa5d33fd-5043-4078-b5f8-b3c3f5f9d9f2","metadata":{"contentType":"Image","license":"U","title":"Untitled Image"}},"backgroundOpacity":0,"willDoAnimation":true,"animationType":"glow","displayAsButton":false,"buttonSize":"big","goToSlideType":"specified","invisible":false,"id":"imgd1fa0460-f4fc-40bb-9ef3-5d96fa670c2c_11"}],"slideBackgroundSelector":{}},{"elements":[{"x":3.289473684210526,"y":6.497894682122992,"width":92.10361842105263,"height":87.70793262982795,"action":{"library":"H5P.Image 1.1","params":{"contentName":"Image","file":{"path":"images\/file-66f3d4a510695.jpg","mime":"image\/jpeg","copyright":{"license":"U"},"width":1280,"height":720}},"subContentId":"ee5f80fd-11e5-4ce4-ac03-5af7f80b1408","metadata":{"contentType":"Image","license":"U","title":"Untitled Image"}},"backgroundOpacity":0,"willDoAnimation":false,"animationType":"glow","displayAsButton":false,"buttonSize":"big","goToSlideType":"specified","invisible":false},{"x":14.802631578947368,"y":6.497894682122992,"width":72.36677631578948,"height":25.984820918022564,"action":{"library":"H5P.CRAdvancedText 1.1","params":{"text":"<p><span style=\"font-size:1.25em;color:hsl(0,0%,100%);\"><strong>Asxaab ayay nunahay In aanu wada socono waanu jecelnahay. Kaalay, kaalay eey. Inamari oo soo durug.<\/strong><\/span><\/p>"},"subContentId":"c96e5ac8-2bed-4f06-ae4f-ad998a6b5c72","metadata":{"contentType":"Text","license":"U","title":"Untitled Text"}},"alwaysDisplayComments":false,"backgroundOpacity":0,"willDoAnimation":false,"animationType":"glow","displayAsButton":false,"buttonSize":"big","goToSlideType":"specified","invisible":false,"solution":""},{"x":47.00006578947369,"y":44.0012898320944,"width":40,"height":40,"action":{"library":"H5P.CRAudio 1.4","params":{"fitToWrapper":true,"currIndex":4,"playerMode":"minimalistic","controls":true,"autoplay":true,"playAudio":"Play audio","pauseAudio":"Pause audio","contentName":"Audio","glowColor":"#ffd85a","timeStampForEachText":[{"text":" Asxaab ","startDuration":"0.0000","endDuration":"0.5495","wordfile":[{"path":"audios\/wordfile-67076ce7f2a00.wav","mime":"audio\/x-wav","copyright":{"license":"U"}}]},{"text":" ayay ","startDuration":"0.5870","endDuration":"0.8964","wordfile":[{"path":"audios\/wordfile-67076d07be154.wav","mime":"audio\/x-wav","copyright":{"license":"U"}}]},{"text":" nunahay ","startDuration":"0.8964","endDuration":"1.5107","wordfile":[{"path":"audios\/wordfile-67076d30e9ab4.wav","mime":"audio\/x-wav","copyright":{"license":"U"}}]},{"text":" In ","startDuration":"1.5107","endDuration":"1.7107","wordfile":[{"path":"audios\/wordfile-67076d5355846.wav","mime":"audio\/x-wav","copyright":{"license":"U"}}]},{"text":" aanu ","startDuration":"1.7107","endDuration":"2.0201","wordfile":[{"path":"audios\/wordfile-67076d718dec0.wav","mime":"audio\/x-wav","copyright":{"license":"U"}}]},{"text":" wada ","startDuration":"2.0201","endDuration":"2.3174","wordfile":[{"path":"audios\/wordfile-67076d8279c31.wav","mime":"audio\/x-wav","copyright":{"license":"U"}}]},{"text":" socono ","startDuration":"2.3174","endDuration":"2.6754","wordfile":[{"path":"audios\/wordfile-67076d957305c.wav","mime":"audio\/x-wav","copyright":{"license":"U"}}]},{"text":" waanu ","startDuration":"2.6754","endDuration":"2.9362","wordfile":[{"path":"audios\/wordfile-67076da4789ec.wav","mime":"audio\/x-wav","copyright":{"license":"U"}}]},{"text":" jecelnahay. ","startDuration":"2.9362","endDuration":"3.8172","wordfile":[{"path":"audios\/wordfile-67076db71dd2d.wav","mime":"audio\/x-wav","copyright":{"license":"U"}}]},{"text":" Kaalay, ","startDuration":"3.8172","endDuration":"4.2360","wordfile":[{"path":"audios\/wordfile-67076dc61aac6.wav","mime":"audio\/x-wav","copyright":{"license":"U"}}]},{"text":" kaalay ","startDuration":"4.2360","endDuration":"4.7034","wordfile":[{"path":"audios\/wordfile-67076dd2776bd.wav","mime":"audio\/x-wav","copyright":{"license":"U"}}]},{"text":" eey. ","startDuration":"4.7034","endDuration":"5.1830","wordfile":[{"path":"audios\/wordfile-67076ddcec408.wav","mime":"audio\/x-wav","copyright":{"license":"U"}}]},{"text":" Inamari ","startDuration":"5.1830","endDuration":"5.8814","wordfile":[{"path":"audios\/wordfile-67076de83df3c.wav","mime":"audio\/x-wav","copyright":{"license":"U"}}]},{"text":" oo ","startDuration":"5.8814","endDuration":"6.0814","wordfile":[{"path":"audios\/wordfile-67076df608140.wav","mime":"audio\/x-wav","copyright":{"license":"U"}}]},{"text":" soo ","startDuration":"6.0814","endDuration":"6.3543","wordfile":[{"path":"audios\/wordfile-67076e0745ede.wav","mime":"audio\/x-wav","copyright":{"license":"U"}}]},{"text":" durug. ","startDuration":"6.3543","endDuration":"6.8929","wordfile":[{"path":"audios\/wordfile-67076e1361a5d.wav","mime":"audio\/x-wav","copyright":{"license":"U"}}]}],"files":[{"path":"audios\/files-67071395a71f6.wav","mime":"audio\/x-wav","copyright":{"license":"U"}}]},"subContentId":"771b6d5b-8f15-4cb6-a830-b5f482895b2c","metadata":{"contentType":"Curious Reader Audio","license":"U","title":"Untitled Curious Reader Audio"}},"backgroundOpacity":0,"willDoAnimation":false,"animationType":"glow","displayAsButton":false,"buttonSize":"big","goToSlideType":"specified","invisible":false},{"x":70.72368421052632,"y":35.73842075167646,"width":17.43256578947368,"height":39.99941518947861,"action":{"library":"H5P.Image 1.1","params":{"contentName":"Image"},"subContentId":"d1a9774a-68c3-4076-8b59-053e868d5c31","metadata":{"contentType":"Image","license":"U","title":"Untitled Image"}},"backgroundOpacity":0,"willDoAnimation":true,"animationType":"glow","displayAsButton":false,"buttonSize":"big","goToSlideType":"specified","invisible":false,"id":"img771b6d5b-8f15-4cb6-a830-b5f482895b2c_11"}],"slideBackgroundSelector":{}},{"elements":[{"x":4.934210526315789,"y":6.497894682122992,"width":92.10361842105263,"height":87.70793262982795,"action":{"library":"H5P.Image 1.1","params":{"contentName":"Image","file":{"path":"images\/file-66f3d4c23c73c.jpg","mime":"image\/jpeg","copyright":{"license":"U"},"width":1280,"height":720}},"subContentId":"ee5f80fd-11e5-4ce4-ac03-5af7f80b1408","metadata":{"contentType":"Image","license":"U","title":"Untitled Image"}},"backgroundOpacity":0,"willDoAnimation":false,"animationType":"glow","displayAsButton":false,"buttonSize":"big","goToSlideType":"specified","invisible":false},{"x":13.157894736842104,"y":6.487757966418882,"width":78.94572368421052,"height":39.99941518947861,"action":{"library":"H5P.CRAdvancedText 1.1","params":{"text":"<p><span style=\"font-size:1.25em;color:hsl(0,0%,100%);\"><strong>Asxaab ayay nunahay In aanu wada socono waanu jecelnahay. Kaalay, kaalay saceey. Inamari oo soo durug.<\/strong><\/span><\/p>"},"subContentId":"851a1c21-19d2-4a72-b4f6-29cd2a94729c","metadata":{"contentType":"Text","license":"U","title":"Untitled Text"}},"alwaysDisplayComments":false,"backgroundOpacity":0,"willDoAnimation":false,"animationType":"glow","displayAsButton":false,"buttonSize":"big","goToSlideType":"specified","invisible":false,"solution":""},{"x":47.00006578947369,"y":44.0012898320944,"width":40,"height":40,"action":{"library":"H5P.CRAudio 1.4","params":{"fitToWrapper":true,"currIndex":5,"playerMode":"minimalistic","controls":true,"autoplay":true,"playAudio":"Play audio","pauseAudio":"Pause audio","contentName":"Audio","glowColor":"#ffd85a","timeStampForEachText":[{"text":" Asxaab ","startDuration":"0.0000","endDuration":"0.5171","wordfile":[{"path":"audios\/wordfile-6707706e55abe.wav","mime":"audio\/x-wav","copyright":{"license":"U"}}]},{"text":" ayay ","startDuration":"0.5181","endDuration":"1.0240","wordfile":[{"path":"audios\/wordfile-6707708892090.wav","mime":"audio\/x-wav","copyright":{"license":"U"}}]},{"text":" nunahay ","startDuration":"1.0250","endDuration":"1.5947","wordfile":[{"path":"audios\/wordfile-670770a222b5f.wav","mime":"audio\/x-wav","copyright":{"license":"U"}}]},{"text":" In ","startDuration":"1.5957","endDuration":"1.7957","wordfile":[{"path":"audios\/wordfile-670770b4e5aea.wav","mime":"audio\/x-wav","copyright":{"license":"U"}}]},{"text":" aanu ","startDuration":"1.7967","endDuration":"2.0604","wordfile":[{"path":"audios\/wordfile-670770d2934ef.wav","mime":"audio\/x-wav","copyright":{"license":"U"}}]},{"text":" wada ","startDuration":"2.0614","endDuration":"2.3761","wordfile":[{"path":"audios\/wordfile-670770e7a7fae.wav","mime":"audio\/x-wav","copyright":{"license":"U"}}]},{"text":" socono ","startDuration":"2.3771","endDuration":"2.7046","wordfile":[{"path":"audios\/wordfile-670771045a070.wav","mime":"audio\/x-wav","copyright":{"license":"U"}}]},{"text":" waanu ","startDuration":"2.6929","endDuration":"3.0586","wordfile":[{"path":"audios\/wordfile-6707712aac1bc.wav","mime":"audio\/x-wav","copyright":{"license":"U"}}]},{"text":" jecelnahay. ","startDuration":"3.0596","endDuration":"3.9097","wordfile":[{"path":"audios\/wordfile-67077147d1687.wav","mime":"audio\/x-wav","copyright":{"license":"U"}}]},{"text":" Kaalay, ","startDuration":"3.9107","endDuration":"4.4166","wordfile":[{"path":"audios\/wordfile-6707715f030d2.wav","mime":"audio\/x-wav","copyright":{"license":"U"}}]},{"text":" kaalay ","startDuration":"4.4176","endDuration":"4.9108","wordfile":[{"path":"audios\/wordfile-670771713bcda.wav","mime":"audio\/x-wav","copyright":{"license":"U"}}]},{"text":" saceey. ","startDuration":"4.6941","endDuration":"5.3912","wordfile":[{"path":"audios\/wordfile-670771800750a.wav","mime":"audio\/x-wav","copyright":{"license":"U"}}]},{"text":" Inamari ","startDuration":"5.3912","endDuration":"6.2413","wordfile":[{"path":"audios\/wordfile-6707718fae10a.wav","mime":"audio\/x-wav","copyright":{"license":"U"}}]},{"text":" oo ","startDuration":"6.2413","endDuration":"6.4413","wordfile":[{"path":"audios\/wordfile-6707719be7375.wav","mime":"audio\/x-wav","copyright":{"license":"U"}}]},{"text":" soo ","startDuration":"6.4413","endDuration":"6.6668","wordfile":[{"path":"audios\/wordfile-670771a98ebc8.wav","mime":"audio\/x-wav","copyright":{"license":"U"}}]},{"text":" durug. ","startDuration":"6.6668","endDuration":"7.2277","wordfile":[{"path":"audios\/wordfile-670771b47b945.wav","mime":"audio\/x-wav","copyright":{"license":"U"}}]}],"files":[{"path":"audios\/files-670713ac3d1d9.wav","mime":"audio\/x-wav","copyright":{"license":"U"}}]},"subContentId":"94d58faf-d47c-4390-a372-3ad3133d63d9","metadata":{"contentType":"Curious Reader Audio","license":"U","title":"Untitled Curious Reader Audio"}},"backgroundOpacity":0,"willDoAnimation":false,"animationType":"glow","displayAsButton":false,"buttonSize":"big","goToSlideType":"specified","invisible":false},{"x":54.276315789473685,"y":32.48947341061496,"width":40,"height":40,"action":{"library":"H5P.Image 1.1","params":{"contentName":"Image"},"subContentId":"d0b92922-6626-4805-8c47-fdc1e9185450","metadata":{"contentType":"Image","license":"U","title":"Untitled Image"}},"backgroundOpacity":0,"willDoAnimation":true,"animationType":"glow","displayAsButton":false,"buttonSize":"big","goToSlideType":"specified","invisible":false,"id":"img94d58faf-d47c-4390-a372-3ad3133d63d9_11"}],"slideBackgroundSelector":{}},{"elements":[{"x":4.934210526315789,"y":6.497894682122992,"width":92.10361842105263,"height":87.70793262982795,"action":{"library":"H5P.Image 1.1","params":{"contentName":"Image","file":{"path":"images\/file-66f3d5154174a.jpg","mime":"image\/jpeg","copyright":{"license":"U"},"width":1280,"height":720}},"subContentId":"ee5f80fd-11e5-4ce4-ac03-5af7f80b1408","metadata":{"contentType":"Image","license":"U","title":"Untitled Image"}},"backgroundOpacity":0,"willDoAnimation":false,"animationType":"glow","displayAsButton":false,"buttonSize":"big","goToSlideType":"specified","invisible":false},{"x":13.157894736842104,"y":6.487757966418882,"width":77.30098684210526,"height":39.99941518947861,"action":{"library":"H5P.CRAdvancedText 1.1","params":{"text":"<p><span style=\"font-size:1.25em;color:hsl(0,0%,100%);\"><strong>Asxaab ayay nunahay In aanu wada socono waanu jecelnahay. Kaalay, kaalay libaax. Inamari oo soo durug.<\/strong><\/span><\/p>"},"subContentId":"edff9833-54d5-488f-9184-6f6fc4633e16","metadata":{"contentType":"Text","license":"U","title":"Untitled Text"}},"alwaysDisplayComments":false,"backgroundOpacity":0,"willDoAnimation":false,"animationType":"glow","displayAsButton":false,"buttonSize":"big","goToSlideType":"specified","invisible":false,"solution":""},{"x":47.00006578947369,"y":44.0012898320944,"width":40,"height":40,"action":{"library":"H5P.CRAudio 1.4","params":{"fitToWrapper":true,"currIndex":6,"playerMode":"minimalistic","controls":true,"autoplay":true,"playAudio":"Play audio","pauseAudio":"Pause audio","contentName":"Audio","glowColor":"#ffd85a","timeStampForEachText":[{"text":" Asxaab ","startDuration":"0.0000","endDuration":"0.5138","wordfile":[{"path":"audios\/wordfile-670772d6e2654.wav","mime":"audio\/x-wav","copyright":{"license":"U"}}]},{"text":" ayay ","startDuration":"0.5148","endDuration":"0.9480","wordfile":[{"path":"audios\/wordfile-670772f4489e3.wav","mime":"audio\/x-wav","copyright":{"license":"U"}}]},{"text":" nunahay ","startDuration":"0.9490","endDuration":"1.6428","wordfile":[{"path":"audios\/wordfile-67077309a8582.wav","mime":"audio\/x-wav","copyright":{"license":"U"}}]},{"text":" In ","startDuration":"1.6438","endDuration":"1.9398","wordfile":[{"path":"audios\/wordfile-6707731e2e22e.wav","mime":"audio\/x-wav","copyright":{"license":"U"}}]},{"text":" aanu ","startDuration":"1.9408","endDuration":"2.1957","wordfile":[{"path":"audios\/wordfile-67077332d1c4f.wav","mime":"audio\/x-wav","copyright":{"license":"U"}}]},{"text":" wada ","startDuration":"2.1967","endDuration":"2.4927","wordfile":[{"path":"audios\/wordfile-6707733ec7532.wav","mime":"audio\/x-wav","copyright":{"license":"U"}}]},{"text":" socono ","startDuration":"2.4937","endDuration":"2.9406","wordfile":[{"path":"audios\/wordfile-6707736bbed97.wav","mime":"audio\/x-wav","copyright":{"license":"U"}}]},{"text":" waanu ","startDuration":"2.9416","endDuration":"3.2925","wordfile":[{"path":"audios\/wordfile-67077382a2337.wav","mime":"audio\/x-wav","copyright":{"license":"U"}}]},{"text":" jecelnahay. ","startDuration":"3.2935","endDuration":"4.1244","wordfile":[{"path":"audios\/wordfile-670773969015c.wav","mime":"audio\/x-wav","copyright":{"license":"U"}}]},{"text":" Kaalay, ","startDuration":"4.1254","endDuration":"4.7232","wordfile":[{"path":"audios\/wordfile-670773ac4454c.wav","mime":"audio\/x-wav","copyright":{"license":"U"}}]},{"text":" kaalay ","startDuration":"4.7242","endDuration":"5.1437","wordfile":[{"path":"audios\/wordfile-670773c2c90e9.wav","mime":"audio\/x-wav","copyright":{"license":"U"}}]},{"text":" libaax. ","startDuration":"5.1447","endDuration":"5.7699","wordfile":[{"path":"audios\/wordfile-670773d9d9f8a.wav","mime":"audio\/x-wav","copyright":{"license":"U"}}]},{"text":" Inamari ","startDuration":"5.7709","endDuration":"6.5058","wordfile":[{"path":"audios\/wordfile-670773eac45c7.wav","mime":"audio\/x-wav","copyright":{"license":"U"}}]},{"text":" oo ","startDuration":"6.5058","endDuration":"6.7058","wordfile":[{"path":"audios\/wordfile-6707741ce7218.wav","mime":"audio\/x-wav","copyright":{"license":"U"}}]},{"text":" soo ","startDuration":"6.7068","endDuration":"6.9068","wordfile":[{"path":"audios\/wordfile-67077428cd1ab.wav","mime":"audio\/x-wav","copyright":{"license":"U"}}]},{"text":" durug. ","startDuration":"6.9068","endDuration":"7.7768","wordfile":[{"path":"audios\/wordfile-6707744cbd438.wav","mime":"audio\/x-wav","copyright":{"license":"U"}}]}],"files":[{"path":"audios\/files-670713bd86191.wav","mime":"audio\/x-wav","copyright":{"license":"U"}}]},"subContentId":"a50c394b-fc44-4167-b393-b855e9f75a78","metadata":{"contentType":"Curious Reader Audio","license":"U","title":"Untitled Curious Reader Audio"}},"backgroundOpacity":0,"willDoAnimation":false,"animationType":"glow","displayAsButton":false,"buttonSize":"big","goToSlideType":"specified","invisible":false},{"x":72.36842105263158,"y":38.98736809273795,"width":25.19703947368421,"height":39.99941518947861,"action":{"library":"H5P.Image 1.1","params":{"contentName":"Image"},"subContentId":"544bfc76-3d08-4dc1-8e19-54e8298b77ed","metadata":{"contentType":"Image","license":"U","title":"Untitled Image"}},"backgroundOpacity":0,"willDoAnimation":true,"animationType":"glow","displayAsButton":false,"buttonSize":"big","goToSlideType":"specified","invisible":false,"id":"imga50c394b-fc44-4167-b393-b855e9f75a78_11"}],"slideBackgroundSelector":{}},{"elements":[{"x":4.934210526315789,"y":6.497894682122992,"width":92.10361842105263,"height":87.70793262982795,"action":{"library":"H5P.Image 1.1","params":{"contentName":"Image","file":{"path":"images\/file-66f3d52d34d6a.jpg","mime":"image\/jpeg","copyright":{"license":"U"},"width":1280,"height":720}},"subContentId":"ee5f80fd-11e5-4ce4-ac03-5af7f80b1408","metadata":{"contentType":"Image","license":"U","title":"Untitled Image"}},"backgroundOpacity":0,"willDoAnimation":false,"animationType":"glow","displayAsButton":false,"buttonSize":"big","goToSlideType":"specified","invisible":false},{"x":8.223684210526317,"y":6.491136871653584,"width":65.78782894736842,"height":39.99941518947861,"action":{"library":"H5P.CRAdvancedText 1.1","params":{"text":"<p><span style=\"font-size:1.25em;color:hsl(0,0%,100%);\"><strong>Asxaab ayay nunahay In aanu wada socono waanu jecelnahay. Kaalay! kaalay maroodi. Inamari oo soo durug.<\/strong><\/span><\/p><p><br><span style=\"font-size:1.25em;\">&nbsp;<\/span><\/p>"},"subContentId":"2321c700-a68d-46ad-aa72-1b13bc6f98df","metadata":{"contentType":"Text","license":"U","title":"Untitled Text"}},"alwaysDisplayComments":false,"backgroundOpacity":0,"willDoAnimation":false,"animationType":"glow","displayAsButton":false,"buttonSize":"big","goToSlideType":"specified","invisible":false,"solution":""},{"x":47.00006578947369,"y":44.0012898320944,"width":40,"height":40,"action":{"library":"H5P.CRAudio 1.4","params":{"fitToWrapper":true,"currIndex":7,"playerMode":"minimalistic","controls":true,"autoplay":true,"playAudio":"Play audio","pauseAudio":"Pause audio","contentName":"Audio","glowColor":"#ffd85a","timeStampForEachText":[{"text":" Asxaab ","startDuration":"0.0000","endDuration":"0.4863","wordfile":[{"path":"audios\/wordfile-67077c9054b1c.wav","mime":"audio\/x-wav","copyright":{"license":"U"}}]},{"text":" ayay ","startDuration":"0.4873","endDuration":"0.9463","wordfile":[{"path":"audios\/wordfile-67077caca49c9.wav","mime":"audio\/x-wav","copyright":{"license":"U"}}]},{"text":" nunahay ","startDuration":"0.9463","endDuration":"1.5996","wordfile":[{"path":"audios\/wordfile-67077cc5f0375.wav","mime":"audio\/x-wav","copyright":{"license":"U"}}]},{"text":" In ","startDuration":"1.6006","endDuration":"1.8006","wordfile":[{"path":"audios\/wordfile-67077cdc567a5.wav","mime":"audio\/x-wav","copyright":{"license":"U"}}]},{"text":" aanu ","startDuration":"1.8016","endDuration":"2.0016","wordfile":[{"path":"audios\/wordfile-67077cee572e8.wav","mime":"audio\/x-wav","copyright":{"license":"U"}}]},{"text":" wada ","startDuration":"2.0026","endDuration":"2.3321","wordfile":[{"path":"audios\/wordfile-67077d08c8178.wav","mime":"audio\/x-wav","copyright":{"license":"U"}}]},{"text":" socono ","startDuration":"2.3331","endDuration":"2.7284","wordfile":[{"path":"audios\/wordfile-67077d1daf82b.wav","mime":"audio\/x-wav","copyright":{"license":"U"}}]},{"text":" waanu ","startDuration":"2.7284","endDuration":"3.0061","wordfile":[{"path":"audios\/wordfile-67077d2c5bc37.wav","mime":"audio\/x-wav","copyright":{"license":"U"}}]},{"text":" jecelnahay. ","startDuration":"3.0061","endDuration":"3.9832","wordfile":[{"path":"audios\/wordfile-67077d39b1a7a.wav","mime":"audio\/x-wav","copyright":{"license":"U"}}]},{"text":" Kaalay! ","startDuration":"3.9832","endDuration":"4.5329","wordfile":[{"path":"audios\/wordfile-67077d842b0dd.wav","mime":"audio\/x-wav","copyright":{"license":"U"}}]},{"text":" kaalay ","startDuration":"4.5329","endDuration":"4.9013","wordfile":[{"path":"audios\/wordfile-67077d9602f76.wav","mime":"audio\/x-wav","copyright":{"license":"U"}}]},{"text":" maroodi. ","startDuration":"4.9013","endDuration":"5.6712","wordfile":[{"path":"audios\/wordfile-67077da835604.wav","mime":"audio\/x-wav","copyright":{"license":"U"}}]},{"text":" Inamari ","startDuration":"5.6712","endDuration":"6.3245","wordfile":[{"path":"audios\/wordfile-67077db73662e.wav","mime":"audio\/x-wav","copyright":{"license":"U"}}]},{"text":" oo ","startDuration":"6.3245","endDuration":"6.5245","wordfile":[{"path":"audios\/wordfile-67077dc4ee994.wav","mime":"audio\/x-wav","copyright":{"license":"U"}}]},{"text":" soo ","startDuration":"6.5245","endDuration":"6.7893","wordfile":[{"path":"audios\/wordfile-67077dd6ebd79.wav","mime":"audio\/x-wav","copyright":{"license":"U"}}]},{"text":" durug. ","startDuration":"6.7893","endDuration":"7.3437","wordfile":[{"path":"audios\/wordfile-67077de4860bc.wav","mime":"audio\/x-wav","copyright":{"license":"U"}}]}],"files":[{"path":"audios\/files-670713ce20375.wav","mime":"audio\/x-wav","copyright":{"license":"U"}}]},"subContentId":"cd995c80-2d1e-456f-bd7c-29d4ff7c006e","metadata":{"contentType":"Curious Reader Audio","license":"U","title":"Untitled Curious Reader Audio"}},"backgroundOpacity":0,"willDoAnimation":false,"animationType":"glow","displayAsButton":false,"buttonSize":"big","goToSlideType":"specified","invisible":false},{"x":69.07894736842105,"y":9.746842023184488,"width":28.945723684210527,"height":47.431382232156786,"action":{"library":"H5P.Image 1.1","params":{"contentName":"Image"},"subContentId":"a54fcf19-b686-44de-ac35-d64fa64e4ce8","metadata":{"contentType":"Image","license":"U","title":"Untitled Image"}},"backgroundOpacity":0,"willDoAnimation":true,"animationType":"glow","displayAsButton":false,"buttonSize":"big","goToSlideType":"specified","invisible":false,"id":"imgcd995c80-2d1e-456f-bd7c-29d4ff7c006e_11"}],"slideBackgroundSelector":{}},{"elements":[{"x":4.934210526315789,"y":6.497894682122992,"width":92.10361842105263,"height":87.70793262982795,"action":{"library":"H5P.Image 1.1","params":{"contentName":"Image","file":{"path":"images\/file-66f3d5767a89b.jpg","mime":"image\/jpeg","copyright":{"license":"U"},"width":1280,"height":720}},"subContentId":"ee5f80fd-11e5-4ce4-ac03-5af7f80b1408","metadata":{"contentType":"Image","license":"U","title":"Untitled Image"}},"backgroundOpacity":0,"willDoAnimation":false,"animationType":"glow","displayAsButton":false,"buttonSize":"big","goToSlideType":"specified","invisible":false},{"x":13.157894736842104,"y":6.497894682122992,"width":78.94572368421052,"height":39.99941518947861,"action":{"library":"H5P.CRAdvancedText 1.1","params":{"text":"<p><span style=\"font-size:1.25em;color:hsl(0,0%,100%);\"><strong>Asxaab ayay nunahay In aanu wada socono waanu jecelnahay. Kaalay, kaalay rahoow. inamari oo soo durug.<\/strong><\/span><\/p>"},"subContentId":"e7aa962c-e693-43f8-973c-9ed1412ec667","metadata":{"contentType":"Text","license":"U","title":"Untitled Text"}},"alwaysDisplayComments":false,"backgroundOpacity":0,"willDoAnimation":false,"animationType":"glow","displayAsButton":false,"buttonSize":"big","goToSlideType":"specified","invisible":false,"solution":""},{"x":47.00006578947369,"y":44.0012898320944,"width":40,"height":40,"action":{"library":"H5P.CRAudio 1.4","params":{"fitToWrapper":true,"currIndex":8,"playerMode":"minimalistic","controls":true,"autoplay":true,"playAudio":"Play audio","pauseAudio":"Pause audio","contentName":"Audio","glowColor":"#ffd85a","timeStampForEachText":[{"text":" Asxaab ","startDuration":"0.0000","endDuration":"0.4772","wordfile":[{"path":"audios\/wordfile-6707764e9bfc0.wav","mime":"audio\/x-wav","copyright":{"license":"U"}}]},{"text":" ayay ","startDuration":"0.4782","endDuration":"0.9133","wordfile":[{"path":"audios\/wordfile-6707766736435.wav","mime":"audio\/x-wav","copyright":{"license":"U"}}]},{"text":" nunahay ","startDuration":"0.9143","endDuration":"1.6890","wordfile":[{"path":"audios\/wordfile-6707767bd9ceb.wav","mime":"audio\/x-wav","copyright":{"license":"U"}}]},{"text":" In ","startDuration":"1.6900","endDuration":"1.8900","wordfile":[{"path":"audios\/wordfile-6707769bb579a.wav","mime":"audio\/x-wav","copyright":{"license":"U"}}]},{"text":" aanu ","startDuration":"1.8910","endDuration":"2.2086","wordfile":[{"path":"audios\/wordfile-670776b56a1eb.wav","mime":"audio\/x-wav","copyright":{"license":"U"}}]},{"text":" wada ","startDuration":"2.2096","endDuration":"2.4880","wordfile":[{"path":"audios\/wordfile-670776cda62a9.wav","mime":"audio\/x-wav","copyright":{"license":"U"}}]},{"text":" socono ","startDuration":"2.4890","endDuration":"2.9111","wordfile":[{"path":"audios\/wordfile-670776ef8d6e0.wav","mime":"audio\/x-wav","copyright":{"license":"U"}}]},{"text":" waanu ","startDuration":"2.9121","endDuration":"3.1382","wordfile":[{"path":"audios\/wordfile-67077720145fc.wav","mime":"audio\/x-wav","copyright":{"license":"U"}}]},{"text":" jeelnahay. ","startDuration":"3.1382","endDuration":"4.1219","wordfile":[{"path":"audios\/wordfile-670777389c8ef.wav","mime":"audio\/x-wav","copyright":{"license":"U"}}]},{"text":" Kaalay, ","startDuration":"4.1229","endDuration":"4.6364","wordfile":[{"path":"audios\/wordfile-67077758f3427.wav","mime":"audio\/x-wav","copyright":{"license":"U"}}]},{"text":" kaalay ","startDuration":"4.6374","endDuration":"5.0595","wordfile":[{"path":"audios\/wordfile-67077771aaeba.wav","mime":"audio\/x-wav","copyright":{"license":"U"}}]},{"text":" rahoow. ","startDuration":"5.0595","endDuration":"5.7036","wordfile":[{"path":"audios\/wordfile-67077c117a827.wav","mime":"audio\/x-wav","copyright":{"license":"U"}}]},{"text":" inamari ","startDuration":"5.7036","endDuration":"6.4000","wordfile":[{"path":"audios\/wordfile-6707780ee20d5.wav","mime":"audio\/x-wav","copyright":{"license":"U"}}]},{"text":" oo ","startDuration":"6.4000","endDuration":"6.6000","wordfile":[{"path":"audios\/wordfile-67077c0005a10.wav","mime":"audio\/x-wav","copyright":{"license":"U"}}]},{"text":" soo ","startDuration":"6.6000","endDuration":"6.8837","wordfile":[{"path":"audios\/wordfile-67077bed063e1.wav","mime":"audio\/x-wav","copyright":{"license":"U"}}]},{"text":" durug. ","startDuration":"6.8576","endDuration":"7.4016","wordfile":[{"path":"audios\/wordfile-67077bd94f431.wav","mime":"audio\/x-wav","copyright":{"license":"U"}}]}],"files":[{"path":"audios\/files-670713e319e7e.wav","mime":"audio\/x-wav","copyright":{"license":"U"}}]},"subContentId":"632c6672-86e5-4ef5-9ae1-2af52aec29f1","metadata":{"contentType":"Curious Reader Audio","license":"U","title":"Untitled Curious Reader Audio"}},"backgroundOpacity":0,"willDoAnimation":false,"animationType":"glow","displayAsButton":false,"buttonSize":"big","goToSlideType":"specified","invisible":false},{"x":36.18421052631579,"y":19.493684046368976,"width":27.300986842105264,"height":39.99941518947861,"action":{"library":"H5P.Image 1.1","params":{"contentName":"Image"},"subContentId":"28860245-4aad-43b1-b6ef-b75804704f81","metadata":{"contentType":"Image","license":"U","title":"Untitled Image"}},"backgroundOpacity":0,"willDoAnimation":true,"animationType":"glow","displayAsButton":false,"buttonSize":"big","goToSlideType":"specified","invisible":false,"id":"img632c6672-86e5-4ef5-9ae1-2af52aec29f1_11"}],"slideBackgroundSelector":{}},{"slideBackgroundSelector":{},"elements":[{"x":3.289473684210526,"y":6.497894682122992,"width":94.13898026315789,"height":87.71832926131934,"action":{"library":"H5P.Image 1.1","params":{"contentName":"Image","file":{"path":"images\/file-66f3d59c5e7dc.gif","mime":"image\/gif","copyright":{"license":"U"},"width":1280,"height":720}},"subContentId":"f1d6dfa7-9b2a-4876-b731-7fac947dcf1a","metadata":{"contentType":"Image","license":"U","title":"Untitled Image"}},"backgroundOpacity":0,"willDoAnimation":false,"animationType":"glow","displayAsButton":false,"buttonSize":"big","goToSlideType":"specified","invisible":false},{"x":31.25,"y":9.746842023184488,"width":40,"height":40,"action":{"library":"H5P.CRAdvancedText 1.1","params":{"text":"<p><span style=\"font-size:1.25em;color:hsl(0,0%,100%);\"><strong>aallaaaaaaaaaaaa!<\/strong><\/span><\/p>"},"subContentId":"d68bb8d1-9fa3-488d-8c6a-2eff79b2fc4a","metadata":{"contentType":"Text","license":"U","title":"Untitled Text"}},"alwaysDisplayComments":false,"backgroundOpacity":0,"willDoAnimation":false,"animationType":"glow","displayAsButton":false,"buttonSize":"big","goToSlideType":"specified","invisible":false,"solution":""},{"x":47.00006578947369,"y":44.0012898320944,"width":40,"height":40,"action":{"library":"H5P.CRAudio 1.4","params":{"fitToWrapper":true,"currIndex":9,"playerMode":"minimalistic","controls":true,"autoplay":true,"playAudio":"Play audio","pauseAudio":"Pause audio","contentName":"Audio","glowColor":"#ffd85a","timeStampForEachText":[{"text":" aallaaaaaaaaaaaa! ","startDuration":"0.0000","endDuration":"1.3437","wordfile":[{"path":"audios\/wordfile-6707140e09db5.wav","mime":"audio\/x-wav","copyright":{"license":"U"}}]}],"files":[{"path":"audios\/files-670713f4e6124.wav","mime":"audio\/x-wav","copyright":{"license":"U"}}]},"subContentId":"1f2f444c-488a-4feb-b059-3baf7a48eba5","metadata":{"contentType":"Curious Reader Audio","license":"U","title":"Untitled Curious Reader Audio"}},"backgroundOpacity":0,"willDoAnimation":false,"animationType":"glow","displayAsButton":false,"buttonSize":"big","goToSlideType":"specified","invisible":false}]},{"elements":[{"x":4.934210526315789,"y":6.497894682122992,"width":90.84950657894737,"height":87.71832926131934,"action":{"library":"H5P.Image 1.1","params":{"contentName":"Image","file":{"path":"images\/file-672f0d6877ef7.png","mime":"image\/png","copyright":{"license":"U"},"width":1832,"height":928}},"subContentId":"4e34b62f-8dcb-43d7-8e3f-c1cf03b81771","metadata":{"contentType":"Image","license":"U","title":"Untitled Image"}},"backgroundOpacity":0,"willDoAnimation":false,"animationType":"glow","displayAsButton":false,"buttonSize":"big","goToSlideType":"specified","invisible":false}],"slideBackgroundSelector":{}}],"keywordListEnabled":true,"globalBackgroundSelector":{},"keywordListAlwaysShow":false,"keywordListAutoHide":false,"keywordListOpacity":90},"override":{"activeSurface":false,"hideSummarySlide":false,"summarySlideSolutionButton":true,"summarySlideRetryButton":true,"enablePrintButton":false,"social":{"showFacebookShare":false,"facebookShare":{"url":"@currentpageurl","quote":"I scored @score out of @maxScore on a task at @currentpageurl."},"showTwitterShare":false,"twitterShare":{"statement":"I scored @score out of @maxScore on a task at @currentpageurl.","url":"@currentpageurl","hashtags":"h5p, course"},"showGoogleShare":false,"googleShareUrl":"@currentpageurl"}},"l10n":{"slide":"Slide","score":"Score","yourScore":"Your Score","maxScore":"Max Score","total":"Total","totalScore":"Total Score","showSolutions":"Show solutions","retry":"Retry","exportAnswers":"Export text","hideKeywords":"Hide sidebar navigation menu","showKeywords":"Show sidebar navigation menu","fullscreen":"Fullscreen","exitFullscreen":"Exit fullscreen","prevSlide":"Previous slide","nextSlide":"Next slide","currentSlide":"Current slide","lastSlide":"Last slide","solutionModeTitle":"Exit solution mode","solutionModeText":"Solution Mode","summaryMultipleTaskText":"Multiple tasks","scoreMessage":"You achieved:","shareFacebook":"Share on Facebook","shareTwitter":"Share on Twitter","shareGoogle":"Share on Google+","summary":"Summary","solutionsButtonTitle":"Show comments","printTitle":"Print","printIngress":"How would you like to print this presentation?","printAllSlides":"Print all slides","printCurrentSlide":"Print current slide","noTitle":"No title","accessibilitySlideNavigationExplanation":"Use left and right arrow to change slide in that direction whenever canvas is selected.","accessibilityCanvasLabel":"Presentation canvas. Use left and right arrow to move between slides.","containsNotCompleted":"@slideName contains not completed interaction","containsCompleted":"@slideName contains completed interaction","slideCount":"Slide @index of @total","containsOnlyCorrect":"@slideName only has correct answers","containsIncorrectAnswers":"@slideName has incorrect answers","shareResult":"Share Result","accessibilityTotalScore":"You got @score of @maxScore points in total","accessibilityEnteredFullscreen":"Entered fullscreen","accessibilityExitedFullscreen":"Exited fullscreen"}}