{"presentation":{"slides":[{"elements":[{"x":31.590413943355,"y":0,"width":33.769063180828,"height":59.94698042321,"action":{"library":"H5P.Image 1.1","params":{"contentName":"Image","file":{"path":"images\/file-618eec172dba8.jpg","mime":"image\/jpeg","copyright":{"license":"U"},"width":273,"height":273}},"subContentId":"3cf34d7e-b046-45e2-a35f-e748b079a1ab","metadata":{"contentType":"Image","license":"U","title":"Untitled Image"}},"backgroundOpacity":0,"willDoAnimation":false,"animationType":"glow","displayAsButton":false,"buttonSize":"big","goToSlideType":"specified","invisible":false},{"x":31.590413943355,"y":62.401287618293,"width":33.769063180828,"height":15.062379769933,"action":{"library":"H5P.CRAdvancedText 1.1","params":{"text":"<h2 style=\"text-align: center;\"><span style=\"font-size:2.25em;\">\u0414\u0440\u0443\u0437\u0456<\/span><\/h2>\n"},"subContentId":"02072a1d-971b-4c03-b488-6f58032a6323","metadata":{"contentType":"Text","license":"U","title":"Untitled Text"}},"alwaysDisplayComments":false,"backgroundOpacity":0,"willDoAnimation":false,"animationType":"glow","displayAsButton":false,"buttonSize":"big","goToSlideType":"specified","invisible":false,"solution":""}],"slideBackgroundSelector":{}},{"slideBackgroundSelector":{},"elements":[{"x":29.956427015251,"y":6.0249519079732,"width":39.998692810458,"height":63.692348741431,"action":{"library":"H5P.Image 1.1","params":{"contentName":"Image","file":{"path":"images\/file-618eefbd78740.jpg","mime":"image\/jpeg","copyright":{"license":"U"},"width":273,"height":273}},"subContentId":"b3bc7de6-aa5a-4c41-8a52-929eaeba6770","metadata":{"contentType":"Image","license":"U","title":"Untitled Image"}},"backgroundOpacity":0,"willDoAnimation":false,"animationType":"glow","displayAsButton":false,"buttonSize":"big","goToSlideType":"specified","invisible":false},{"x":15.306122448979592,"y":75.20856423173802,"width":67.7295918367347,"height":16.120906801007557,"action":{"library":"H5P.CRAdvancedText 1.1","params":{"text":"<p dir=\"ltr\" style=\"text-align: center;\"><span style=\"font-size:2.25em;\"><span style=\"color:#ffffff;\">\u041c\u0435\u043d\u0435 \u0437\u0432\u0430\u0442\u0438 \u0421\u0456\u043c\u043e.<\/span><\/span><\/p>\n"},"subContentId":"66ad11c1-9362-4aba-8747-aa722a3e941d","metadata":{"contentType":"Text","license":"U","title":"Untitled Text"}},"alwaysDisplayComments":false,"backgroundOpacity":0,"willDoAnimation":false,"animationType":"glow","displayAsButton":false,"buttonSize":"big","goToSlideType":"specified","invisible":false,"solution":""},{"x":47.00255102040816,"y":43.95465994962216,"width":40,"height":40,"action":{"library":"H5P.CRAudio 1.4","params":{"fitToWrapper":true,"currIndex":1,"playerMode":"minimalistic","controls":true,"autoplay":true,"playAudio":"Play audio","pauseAudio":"Pause audio","contentName":"Audio","glowColor":"#ffd85a","timeStampForEachText":[{"text":" \u041c\u0435\u043d\u0435 ","startDuration":"0.0000","endDuration":"0.5243","wordfile":[{"path":"audios\/wordfile-659067dccb566.wav","mime":"audio\/x-wav","copyright":{"license":"U"}}]},{"text":" \u0437\u0432\u0430\u0442\u0438 ","startDuration":"0.5253","endDuration":"0.9990","wordfile":[{"path":"audios\/wordfile-659067f8c833f.wav","mime":"audio\/x-wav","copyright":{"license":"U"}}]},{"text":" \u0421\u0456\u043c\u043e. ","startDuration":"1.0000","endDuration":"1.5289","wordfile":[{"path":"audios\/wordfile-6590680e7891f.wav","mime":"audio\/x-wav","copyright":{"license":"U"}}]}],"files":[{"path":"audios\/files-659067ba0616a.wav","mime":"audio\/x-wav","copyright":{"license":"U"}}]},"subContentId":"1afac624-bec2-45ce-a1a3-19d59500162f","metadata":{"contentType":"Curious Reader Audio","license":"U","title":"Untitled Curious Reader Audio"}},"backgroundOpacity":0,"willDoAnimation":false,"animationType":"glow","displayAsButton":false,"buttonSize":"big","goToSlideType":"specified","invisible":false},{"x":39.21568627450981,"y":10.739247311827956,"width":18.191721132897605,"height":55.26881720430107,"action":{"library":"H5P.Image 1.1","params":{"contentName":"Image"},"subContentId":"c4fbd42a-00e5-477b-a82e-8a29dcc24b4b","metadata":{"contentType":"Image","license":"U","title":"Untitled Image"}},"backgroundOpacity":0,"willDoAnimation":true,"animationType":"glow","displayAsButton":false,"buttonSize":"big","goToSlideType":"specified","invisible":false,"id":"img1afac624-bec2-45ce-a1a3-19d59500162f_2"}]},{"elements":[{"x":29.95561224489796,"y":6.019748110831234,"width":40.05102040816327,"height":73.04785894206549,"action":{"library":"H5P.Image 1.1","params":{"contentName":"Image","file":{"path":"images\/file-618eaa5be44fc.jpg","mime":"image\/jpeg","copyright":{"license":"U"},"width":273,"height":273},"alt":"Nginabangane abane.","title":"Nginabangane abane."},"subContentId":"ae66385b-0d27-4457-be23-9484bf4339ff","metadata":{"contentType":"Image","license":"U","title":"Untitled Image"}},"backgroundOpacity":0,"willDoAnimation":false,"animationType":"glow","displayAsButton":false,"buttonSize":"big","goToSlideType":"specified","invisible":false},{"x":10.204081632653061,"y":83.80428211586901,"width":72.70408163265306,"height":11.838790931989925,"action":{"library":"H5P.CRAdvancedText 1.1","params":{"text":"<p dir=\"ltr\" style=\"text-align: center;\"><span style=\"color:#ffffff;\"><span style=\"font-size:1.75em;\">\u0423 \u043c\u0435\u043d\u0435 \u0454 \u0447\u0435\u0442\u0432\u0435\u0440\u043e \u0434\u0440\u0443\u0437\u0456\u0432.&nbsp;<\/span><\/span><\/p>\n"},"subContentId":"57938d29-84fc-44ea-9e87-80ef0111d353","metadata":{"contentType":"Text","license":"U","title":"Untitled Text"}},"alwaysDisplayComments":false,"backgroundOpacity":0,"willDoAnimation":false,"animationType":"glow","displayAsButton":false,"buttonSize":"big","goToSlideType":"specified","invisible":false,"solution":""},{"x":47.00255102040816,"y":43.95465994962216,"width":40,"height":40,"action":{"library":"H5P.CRAudio 1.4","params":{"fitToWrapper":true,"currIndex":2,"playerMode":"minimalistic","controls":true,"autoplay":true,"playAudio":"Play audio","pauseAudio":"Pause audio","contentName":"Audio","glowColor":"#ffd85a","timeStampForEachText":[{"text":" \u0423 ","startDuration":"0.0000","endDuration":"0.1952","wordfile":[{"path":"audios\/wordfile-65906843e1ec2.wav","mime":"audio\/x-wav","copyright":{"license":"U"}}]},{"text":" \u043c\u0435\u043d\u0435 ","startDuration":"0.1962","endDuration":"0.3905","wordfile":[{"path":"audios\/wordfile-65906889828b0.wav","mime":"audio\/x-wav","copyright":{"license":"U"}}]},{"text":" \u0454 ","startDuration":"0.3819","endDuration":"0.4950","wordfile":[{"path":"audios\/wordfile-659068b2294ca.wav","mime":"audio\/x-wav","copyright":{"license":"U"}}]},{"text":" \u0447\u0435\u0442\u0432\u0435\u0440\u043e ","startDuration":"0.4960","endDuration":"1.0770","wordfile":[{"path":"audios\/wordfile-659068de016f8.wav","mime":"audio\/x-wav","copyright":{"license":"U"}}]},{"text":" \u0434\u0440\u0443\u0437\u0456\u0432.\u00a0 ","startDuration":"1.0780","endDuration":"1.6421","wordfile":[{"path":"audios\/wordfile-659068f9d5d32.wav","mime":"audio\/x-wav","copyright":{"license":"U"}}]}],"files":[{"path":"audios\/files-65906827eedad.wav","mime":"audio\/x-wav","copyright":{"license":"U"}}]},"subContentId":"4fa977f5-2041-47ed-b269-075692448f89","metadata":{"contentType":"Curious Reader Audio","license":"U","title":"Untitled Curious Reader Audio"}},"backgroundOpacity":0,"willDoAnimation":false,"animationType":"glow","displayAsButton":false,"buttonSize":"big","goToSlideType":"specified","invisible":false},{"x":29.411764705882355,"y":15.053763440860214,"width":10.130718954248366,"height":14.408602150537634,"action":{"library":"H5P.Image 1.1","params":{"contentName":"Image"},"subContentId":"54509a7e-7c5c-4705-bcba-15358904d8e8","metadata":{"contentType":"Image","license":"U","title":"Untitled Image"}},"backgroundOpacity":0,"willDoAnimation":true,"animationType":"glow","displayAsButton":false,"buttonSize":"big","goToSlideType":"specified","invisible":false,"id":"img4fa977f5-2041-47ed-b269-075692448f89_3"},{"x":62.091503267973856,"y":17.184129032258063,"width":9.041394335511983,"height":14.408602150537634,"action":{"library":"H5P.Image 1.1","params":{"contentName":"Image"},"subContentId":"4ca02877-8ec8-4f34-8f71-c3da70c9894b","metadata":{"contentType":"Image","license":"U","title":"Untitled Image"}},"backgroundOpacity":0,"willDoAnimation":true,"animationType":"glow","displayAsButton":false,"buttonSize":"big","goToSlideType":"specified","invisible":false,"id":"img4fa977f5-2041-47ed-b269-075692448f89_3"},{"x":40.305010893246184,"y":19.33131182795699,"width":7.298474945533769,"height":14.408602150537634,"action":{"library":"H5P.Image 1.1","params":{"contentName":"Image"},"subContentId":"4afbc8c4-c273-407b-acff-ddceecd77172","metadata":{"contentType":"Image","license":"U","title":"Untitled Image"}},"backgroundOpacity":0,"willDoAnimation":true,"animationType":"glow","displayAsButton":false,"buttonSize":"big","goToSlideType":"specified","invisible":false,"id":"img4fa977f5-2041-47ed-b269-075692448f89_3"},{"x":54.46623093681917,"y":19.354838709677416,"width":7.298474945533769,"height":16.559139784946236,"action":{"library":"H5P.Image 1.1","params":{"contentName":"Image"},"subContentId":"401ea598-c685-49ad-88f8-9a83fd60a93f","metadata":{"contentType":"Image","license":"U","title":"Untitled Image"}},"backgroundOpacity":0,"willDoAnimation":true,"animationType":"glow","displayAsButton":false,"buttonSize":"big","goToSlideType":"specified","invisible":false,"id":"img4fa977f5-2041-47ed-b269-075692448f89_3"},{"x":29.411764705882355,"y":12.88643010752688,"width":9.477124183006536,"height":18.709677419354836,"action":{"library":"H5P.Image 1.1","params":{"contentName":"Image"},"subContentId":"a4d8c5b2-b46c-44f7-af24-f494f842d6bc","metadata":{"contentType":"Image","license":"U","title":"Untitled Image"}},"backgroundOpacity":0,"willDoAnimation":true,"animationType":"glow","displayAsButton":false,"buttonSize":"big","goToSlideType":"specified","invisible":false,"id":"img4fa977f5-2041-47ed-b269-075692448f89_4"},{"x":39.21568627450981,"y":19.33131182795699,"width":8.387799564270153,"height":14.408602150537634,"action":{"library":"H5P.Image 1.1","params":{"contentName":"Image"},"subContentId":"1adc1b68-3566-4cac-8d37-a63a8f38453a","metadata":{"contentType":"Image","license":"U","title":"Untitled Image"}},"backgroundOpacity":0,"willDoAnimation":true,"animationType":"glow","displayAsButton":false,"buttonSize":"big","goToSlideType":"specified","invisible":false,"id":"img4fa977f5-2041-47ed-b269-075692448f89_4"},{"x":54.46623093681917,"y":17.184129032258063,"width":7.298474945533769,"height":18.709677419354836,"action":{"library":"H5P.Image 1.1","params":{"contentName":"Image"},"subContentId":"4586fb91-c855-4353-bbeb-a7b85d04642e","metadata":{"contentType":"Image","license":"U","title":"Untitled Image"}},"backgroundOpacity":0,"willDoAnimation":true,"animationType":"glow","displayAsButton":false,"buttonSize":"big","goToSlideType":"specified","invisible":false,"id":"img4fa977f5-2041-47ed-b269-075692448f89_4"},{"x":63.18082788671025,"y":15.023526881720429,"width":7.298474945533769,"height":16.559139784946236,"action":{"library":"H5P.Image 1.1","params":{"contentName":"Image"},"subContentId":"39493e7f-0896-4883-ac7c-2ef5cc415237","metadata":{"contentType":"Image","license":"U","title":"Untitled Image"}},"backgroundOpacity":0,"willDoAnimation":true,"animationType":"glow","displayAsButton":false,"buttonSize":"big","goToSlideType":"specified","invisible":false,"id":"img4fa977f5-2041-47ed-b269-075692448f89_4"}],"slideBackgroundSelector":{}},{"elements":[{"x":46.84095860566449,"y":15.053763440860214,"width":39.998148148148,"height":70.107027346691,"action":{"library":"H5P.Image 1.1","params":{"contentName":"Image","file":{"path":"images\/file-618eaaf72c1e1.jpg","mime":"image\/jpeg","copyright":{"license":"U"},"width":273,"height":273},"alt":"Amagama abo nguZizo, Lele, Sisa kanye no-Ayanda.","title":"Amagama abo nguZizo, Lele, Sisa kanye no-Ayanda."},"subContentId":"452a3227-be2b-4299-a321-0e2a44729e66","metadata":{"contentType":"Image","license":"U","title":"Untitled Image"}},"backgroundOpacity":0,"willDoAnimation":false,"animationType":"glow","displayAsButton":false,"buttonSize":"big","goToSlideType":"specified","invisible":false},{"x":3.2679738562091503,"y":27.956989247311824,"width":40.30612244897959,"height":52.896725440806044,"action":{"library":"H5P.CRAdvancedText 1.1","params":{"text":"<p style=\"text-align: center;\"><span style=\"font-size:1.75em;\"><span style=\"color:#ffffff;\">\u0407\u0445 \u0437\u0432\u0443\u0442\u044c \u0417\u0456\u0437\u043e, \u041b\u0435\u043b\u0435, \u0421\u0456\u0441\u0430 \u0456 \u0410\u044f\u043d\u0434\u0430.<\/span><\/span><\/p>\n"},"subContentId":"90b9ee88-704b-4089-94e8-b4c6f859df47","metadata":{"contentType":"Text","license":"U","title":"Untitled Text"}},"alwaysDisplayComments":false,"backgroundOpacity":0,"willDoAnimation":false,"animationType":"glow","displayAsButton":false,"buttonSize":"big","goToSlideType":"specified","invisible":false,"solution":""},{"x":47.00255102040816,"y":43.95465994962216,"width":40,"height":40,"action":{"library":"H5P.CRAudio 1.4","params":{"fitToWrapper":true,"currIndex":3,"playerMode":"minimalistic","controls":true,"autoplay":true,"playAudio":"Play audio","pauseAudio":"Pause audio","contentName":"Audio","glowColor":"#ffd85a","timeStampForEachText":[{"text":" \u0407\u0445 ","startDuration":"0.0000","endDuration":"0.3179","wordfile":[{"path":"audios\/wordfile-659069317fdea.wav","mime":"audio\/x-wav","copyright":{"license":"U"}}]},{"text":" \u0437\u0432\u0443\u0442\u044c ","startDuration":"0.3189","endDuration":"0.8197","wordfile":[{"path":"audios\/wordfile-65906948f29f2.wav","mime":"audio\/x-wav","copyright":{"license":"U"}}]},{"text":" \u0417\u0456\u0437\u043e, ","startDuration":"0.8207","endDuration":"1.4630","wordfile":[{"path":"audios\/wordfile-6590695ca8190.wav","mime":"audio\/x-wav","copyright":{"license":"U"}}]},{"text":" \u041b\u0435\u043b\u0435, ","startDuration":"1.4640","endDuration":"2.3304","wordfile":[{"path":"audios\/wordfile-65906976a539c.wav","mime":"audio\/x-wav","copyright":{"license":"U"}}]},{"text":" \u0421\u0456\u0441\u0430 ","startDuration":"2.3314","endDuration":"3.1093","wordfile":[{"path":"audios\/wordfile-6590698bdc7c0.wav","mime":"audio\/x-wav","copyright":{"license":"U"}}]},{"text":" \u0456 ","startDuration":"3.2400","endDuration":"3.4400","wordfile":[{"path":"audios\/wordfile-659069a86f5d4.wav","mime":"audio\/x-wav","copyright":{"license":"U"}}]},{"text":" \u0410\u044f\u043d\u0434\u0430. ","startDuration":"3.4410","endDuration":"4.3664","wordfile":[{"path":"audios\/wordfile-659069bfc23f5.wav","mime":"audio\/x-wav","copyright":{"license":"U"}}]}],"files":[{"path":"audios\/files-6590691526d3b.wav","mime":"audio\/x-wav","copyright":{"license":"U"}}]},"subContentId":"3c8f76ee-2bf6-4083-badf-edf576692a36","metadata":{"contentType":"Curious Reader Audio","license":"U","title":"Untitled Curious Reader Audio"}},"backgroundOpacity":0,"willDoAnimation":false,"animationType":"glow","displayAsButton":false,"buttonSize":"big","goToSlideType":"specified","invisible":false},{"x":47.930283224400874,"y":23.65591397849462,"width":10.56644880174292,"height":18.924731182795696,"action":{"library":"H5P.Image 1.1","params":{"contentName":"Image"},"subContentId":"d0677f18-e8f0-46b1-8ace-56320e7f5ee2","metadata":{"contentType":"Image","license":"U","title":"Untitled Image"}},"backgroundOpacity":0,"willDoAnimation":true,"animationType":"glow","displayAsButton":false,"buttonSize":"big","goToSlideType":"specified","invisible":false,"id":"img3c8f76ee-2bf6-4083-badf-edf576692a36_2"},{"x":56.644880174291934,"y":25.791397849462367,"width":7.298474945533769,"height":16.559139784946236,"action":{"library":"H5P.Image 1.1","params":{"contentName":"Image"},"subContentId":"5d8baa57-e20c-4db1-9d5a-69c51fada855","metadata":{"contentType":"Image","license":"U","title":"Untitled Image"}},"backgroundOpacity":0,"willDoAnimation":true,"animationType":"glow","displayAsButton":false,"buttonSize":"big","goToSlideType":"specified","invisible":false,"id":"img3c8f76ee-2bf6-4083-badf-edf576692a36_3"},{"x":78.43137254901961,"y":25.791397849462367,"width":7.298474945533769,"height":14.408602150537634,"action":{"library":"H5P.Image 1.1","params":{"contentName":"Image"},"subContentId":"36ed39eb-0504-4b91-957a-a6e01fc28eb9","metadata":{"contentType":"Image","license":"U","title":"Untitled Image"}},"backgroundOpacity":0,"willDoAnimation":true,"animationType":"glow","displayAsButton":false,"buttonSize":"big","goToSlideType":"specified","invisible":false,"id":"img3c8f76ee-2bf6-4083-badf-edf576692a36_4"},{"x":71.89542483660131,"y":32.239569892473114,"width":8.387799564270153,"height":12.258064516129032,"action":{"library":"H5P.Image 1.1","params":{"contentName":"Image"},"subContentId":"48a1f18e-b676-43eb-97b1-093d58807ee8","metadata":{"contentType":"Image","license":"U","title":"Untitled Image"}},"backgroundOpacity":0,"willDoAnimation":true,"animationType":"glow","displayAsButton":false,"buttonSize":"big","goToSlideType":"specified","invisible":false,"id":"img3c8f76ee-2bf6-4083-badf-edf576692a36_6"}],"slideBackgroundSelector":{}},{"elements":[{"x":4.6296296296296,"y":12.193374729841,"width":41.666666666667,"height":73.160248379043,"action":{"library":"H5P.Image 1.1","params":{"contentName":"Image","alt":"Umngani wami uZizo uthanda ukudlala ibhola.","file":{"path":"images\/file-618ead11f0668.jpg","mime":"image\/jpeg","copyright":{"license":"U"},"width":273,"height":273},"title":"Umngani wami uZizo uthanda ukudlala ibhola."},"subContentId":"6393f6bc-06c5-422b-b91a-1b61280a82f6","metadata":{"contentType":"Image","license":"U","title":"Untitled Image"}},"backgroundOpacity":0,"willDoAnimation":false,"animationType":"glow","displayAsButton":false,"buttonSize":"big","goToSlideType":"specified","invisible":false},{"x":50.108932461873636,"y":42.98559139784947,"width":43.57298474945534,"height":40.86021505376344,"action":{"library":"H5P.CRAdvancedText 1.1","params":{"text":"<p dir=\"ltr\" style=\"text-align: center;\"><span style=\"font-size:1.75em;\"><span style=\"color:#ffffff;\">\u041c\u0456\u0439 \u0434\u0440\u0443\u0433 \u0417\u0456\u0437\u043e \u043b\u044e\u0431\u0438\u0442\u044c \u0433\u0440\u0430\u0442\u0438 \u0443 \u0444\u0443\u0442\u0431\u043e\u043b.&nbsp;<\/span><\/span><\/p>\n"},"subContentId":"f5e3c72c-0ff5-4ef5-82f5-10340deebea8","metadata":{"contentType":"Text","license":"U","title":"Untitled Text"}},"alwaysDisplayComments":false,"backgroundOpacity":0,"willDoAnimation":false,"animationType":"glow","displayAsButton":false,"buttonSize":"big","goToSlideType":"specified","invisible":false,"solution":""},{"x":47.00255102040816,"y":43.95465994962216,"width":40,"height":40,"action":{"library":"H5P.CRAudio 1.4","params":{"fitToWrapper":true,"currIndex":4,"playerMode":"minimalistic","controls":true,"autoplay":true,"playAudio":"Play audio","pauseAudio":"Pause audio","contentName":"Audio","glowColor":"#ffd85a","timeStampForEachText":[{"text":" \u041c\u0456\u0439 ","startDuration":"0.0000","endDuration":"0.2358","wordfile":[{"path":"audios\/wordfile-659069ecb280d.wav","mime":"audio\/x-wav","copyright":{"license":"U"}}]},{"text":" \u0434\u0440\u0443\u0433 ","startDuration":"0.2465","endDuration":"0.4511","wordfile":[{"path":"audios\/wordfile-65906a01e9717.wav","mime":"audio\/x-wav","copyright":{"license":"U"}}]},{"text":" \u0417\u0456\u0437\u043e ","startDuration":"0.4511","endDuration":"0.9740","wordfile":[{"path":"audios\/wordfile-65906a475b048.wav","mime":"audio\/x-wav","copyright":{"license":"U"}}]},{"text":" \u043b\u044e\u0431\u0438\u0442\u044c ","startDuration":"0.9750","endDuration":"1.4397","wordfile":[{"path":"audios\/wordfile-65906a90a1b86.wav","mime":"audio\/x-wav","copyright":{"license":"U"}}]},{"text":" \u0433\u0440\u0430\u0442\u0438 ","startDuration":"1.4407","endDuration":"1.8947","wordfile":[{"path":"audios\/wordfile-65906aa8c10fa.wav","mime":"audio\/x-wav","copyright":{"license":"U"}}]},{"text":" \u0443 ","startDuration":"1.8957","endDuration":"2.0957","wordfile":[{"path":"audios\/wordfile-65906abc8e2f2.wav","mime":"audio\/x-wav","copyright":{"license":"U"}}]},{"text":" \u0444\u0443\u0442\u0431\u043e\u043b.\u00a0 ","startDuration":"2.0967","endDuration":"2.5972","wordfile":[{"path":"audios\/wordfile-65906ad0477e4.wav","mime":"audio\/x-wav","copyright":{"license":"U"}}]}],"files":[{"path":"audios\/files-659069d2cbbd1.wav","mime":"audio\/x-wav","copyright":{"license":"U"}}]},"subContentId":"d2f882ec-f7a3-4188-b181-9e12689c9150","metadata":{"contentType":"Curious Reader Audio","license":"U","title":"Untitled Curious Reader Audio"}},"backgroundOpacity":0,"willDoAnimation":false,"animationType":"glow","displayAsButton":false,"buttonSize":"big","goToSlideType":"specified","invisible":false},{"x":21.78649237472767,"y":21.478494623655912,"width":10.56644880174292,"height":16.559139784946236,"action":{"library":"H5P.Image 1.1","params":{"contentName":"Image"},"subContentId":"ec670bcc-5ee6-4354-8dfe-01ae2c4f20ed","metadata":{"contentType":"Image","license":"U","title":"Untitled Image"}},"backgroundOpacity":0,"willDoAnimation":true,"animationType":"glow","displayAsButton":false,"buttonSize":"big","goToSlideType":"specified","invisible":false,"id":"imgd2f882ec-f7a3-4188-b181-9e12689c9150_2"},{"x":25.054466230936818,"y":62.29161290322581,"width":12.745098039215687,"height":14.408602150537634,"action":{"library":"H5P.Image 1.1","params":{"contentName":"Image"},"subContentId":"fcd7ec0e-f494-4ab8-b017-fc1a51eac184","metadata":{"contentType":"Image","license":"U","title":"Untitled Image"}},"backgroundOpacity":0,"willDoAnimation":true,"animationType":"glow","displayAsButton":false,"buttonSize":"big","goToSlideType":"specified","invisible":false,"id":"imgd2f882ec-f7a3-4188-b181-9e12689c9150_6"}],"slideBackgroundSelector":{}},{"elements":[{"x":3.826530612244898,"y":32.7455919395466,"width":45.79081632653061,"height":42.82115869017632,"action":{"library":"H5P.CRAdvancedText 1.1","params":{"text":"<p style=\"text-align: center;\"><span style=\"color:#ffffff;\"><span style=\"font-size:1.75em;\">&nbsp;\u041c\u043e\u044f \u043f\u043e\u0434\u0440\u0443\u0433\u0430 \u041b\u0435\u043b\u0435 \u043b\u044e\u0431\u0438\u0442\u044c \u043f\u043b\u0430\u0432\u0430\u0442\u0438.<\/span><\/span><\/p>\n"},"subContentId":"76183659-b7f0-413b-b61c-7c61946a9942","metadata":{"contentType":"Text","license":"U","title":"Untitled Text"}},"alwaysDisplayComments":false,"backgroundOpacity":0,"willDoAnimation":false,"animationType":"glow","displayAsButton":false,"buttonSize":"big","goToSlideType":"specified","invisible":false,"solution":""},{"x":49.76851851851851,"y":13.698630136986301,"width":39.998148148148,"height":70.102454831167,"action":{"library":"H5P.Image 1.1","params":{"contentName":"Image","file":{"path":"images\/file-618eb063ee94e.jpg","mime":"image\/jpeg","copyright":{"license":"U"},"width":273,"height":273},"alt":"Umngane wami uLele uthanda ukubhukuda.","title":"Umngane wami uLele uthanda ukubhukuda."},"subContentId":"0dc3e4cb-95ea-49b2-b066-22ceb74a7599","metadata":{"contentType":"Image","license":"U","title":"Untitled Image"}},"backgroundOpacity":0,"willDoAnimation":false,"animationType":"glow","displayAsButton":false,"buttonSize":"big","goToSlideType":"specified","invisible":false},{"x":47.00255102040816,"y":43.95465994962216,"width":40,"height":40,"action":{"library":"H5P.CRAudio 1.4","params":{"fitToWrapper":true,"currIndex":5,"playerMode":"minimalistic","controls":true,"autoplay":true,"playAudio":"Play audio","pauseAudio":"Pause audio","contentName":"Audio","glowColor":"#ffd85a","timeStampForEachText":[{"text":" \u00a0\u041c\u043e\u044f ","startDuration":"0.0000","endDuration":"0.4055","wordfile":[{"path":"audios\/wordfile-65906b025398c.wav","mime":"audio\/x-wav","copyright":{"license":"U"}}]},{"text":" \u043f\u043e\u0434\u0440\u0443\u0433\u0430 ","startDuration":"0.4065","endDuration":"0.9109","wordfile":[{"path":"audios\/wordfile-65906b14df0e2.wav","mime":"audio\/x-wav","copyright":{"license":"U"}}]},{"text":" \u041b\u0435\u043b\u0435 ","startDuration":"0.9119","endDuration":"1.3973","wordfile":[{"path":"audios\/wordfile-65906b34355c2.wav","mime":"audio\/x-wav","copyright":{"license":"U"}}]},{"text":" \u043b\u044e\u0431\u0438\u0442\u044c ","startDuration":"1.3983","endDuration":"1.9560","wordfile":[{"path":"audios\/wordfile-65906b5a67e06.wav","mime":"audio\/x-wav","copyright":{"license":"U"}}]},{"text":" \u043f\u043b\u0430\u0432\u0430\u0442\u0438. ","startDuration":"1.9570","endDuration":"2.7087","wordfile":[{"path":"audios\/wordfile-65906b76e313e.wav","mime":"audio\/x-wav","copyright":{"license":"U"}}]}],"files":[{"path":"audios\/files-65906ae66ae71.wav","mime":"audio\/x-wav","copyright":{"license":"U"}}]},"subContentId":"c4a3b36b-31fc-464f-8433-33275a4ef35c","metadata":{"contentType":"Curious Reader Audio","license":"U","title":"Untitled Curious Reader Audio"}},"backgroundOpacity":0,"willDoAnimation":false,"animationType":"glow","displayAsButton":false,"buttonSize":"big","goToSlideType":"specified","invisible":false},{"x":59.912854030501094,"y":47.25462365591398,"width":10.130718954248366,"height":14.408602150537634,"action":{"library":"H5P.Image 1.1","params":{"contentName":"Image"},"subContentId":"8786a657-4b0f-4837-804e-a1b4df6e3e7b","metadata":{"contentType":"Image","license":"U","title":"Untitled Image"}},"backgroundOpacity":0,"willDoAnimation":true,"animationType":"glow","displayAsButton":false,"buttonSize":"big","goToSlideType":"specified","invisible":false,"id":"imgc4a3b36b-31fc-464f-8433-33275a4ef35c_2"},{"x":55.55555555555556,"y":42.96043010752688,"width":29.084967320261438,"height":24.946236559139784,"action":{"library":"H5P.Image 1.1","params":{"contentName":"Image"},"subContentId":"fe6e841e-1a81-4c10-a6a9-d768057e92df","metadata":{"contentType":"Image","license":"U","title":"Untitled Image"}},"backgroundOpacity":0,"willDoAnimation":true,"animationType":"glow","displayAsButton":false,"buttonSize":"big","goToSlideType":"specified","invisible":false,"id":"imgc4a3b36b-31fc-464f-8433-33275a4ef35c_4"}],"slideBackgroundSelector":{}},{"elements":[{"x":51.19825708061002,"y":15.053763440860214,"width":40.305010893246,"height":73.926590264538,"action":{"library":"H5P.Image 1.1","params":{"contentName":"Image","file":{"path":"images\/file-618ecc59ee8f9.jpg","mime":"image\/jpeg","copyright":{"license":"U"},"width":273,"height":273},"alt":"Umngane wami uSisa uthanda ukudlala umacashelana.","title":"Umngane wami uSisa uthanda ukudlala umacashelana."},"subContentId":"75c3c2b5-0b21-46f1-ad99-984d6ab526ad","metadata":{"contentType":"Image","license":"U","title":"Untitled Image"}},"backgroundOpacity":0,"willDoAnimation":false,"animationType":"glow","displayAsButton":false,"buttonSize":"big","goToSlideType":"specified","invisible":false},{"x":5.446623093681917,"y":43.01075268817204,"width":43.57298474945534,"height":43.44086021505376,"action":{"library":"H5P.CRAdvancedText 1.1","params":{"text":"<p style=\"text-align: center;\"><span style=\"font-size:1.75em;\"><span style=\"color:#ffffff;\">\u041c\u0456\u0439 \u0434\u0440\u0443\u0433 \u0421\u0456\u0441\u0430 \u043b\u044e\u0431\u0438\u0442\u044c \u0433\u0440\u0430\u0442\u0438 \u0432 \u0445\u043e\u0432\u0430\u043d\u043a\u0438.<\/span><\/span><\/p>\n"},"subContentId":"c8ff22ff-1768-44a3-a0ed-b3d522587cef","metadata":{"contentType":"Text","license":"U","title":"Untitled Text"}},"alwaysDisplayComments":false,"backgroundOpacity":0,"willDoAnimation":false,"animationType":"glow","displayAsButton":false,"buttonSize":"big","goToSlideType":"specified","invisible":false,"solution":""},{"x":47.00255102040816,"y":43.95465994962216,"width":40,"height":40,"action":{"library":"H5P.CRAudio 1.4","params":{"fitToWrapper":true,"currIndex":6,"playerMode":"minimalistic","controls":true,"autoplay":true,"playAudio":"Play audio","pauseAudio":"Pause audio","contentName":"Audio","glowColor":"#ffd85a","timeStampForEachText":[{"text":" \u041c\u0456\u0439 ","startDuration":"0.0000","endDuration":"0.3100","wordfile":[{"path":"audios\/wordfile-65906b9ca7554.wav","mime":"audio\/x-wav","copyright":{"license":"U"}}]},{"text":" \u0434\u0440\u0443\u0433 ","startDuration":"0.3110","endDuration":"0.5110","wordfile":[{"path":"audios\/wordfile-65906bb65426f.wav","mime":"audio\/x-wav","copyright":{"license":"U"}}]},{"text":" \u0421\u0456\u0441\u0430 ","startDuration":"0.5120","endDuration":"1.2049","wordfile":[{"path":"audios\/wordfile-65906bc803f92.wav","mime":"audio\/x-wav","copyright":{"license":"U"}}]},{"text":" \u043b\u044e\u0431\u0438\u0442\u044c ","startDuration":"1.2059","endDuration":"1.7358","wordfile":[{"path":"audios\/wordfile-65906c0159883.wav","mime":"audio\/x-wav","copyright":{"license":"U"}}]},{"text":" \u0433\u0440\u0430\u0442\u0438 ","startDuration":"1.7368","endDuration":"2.1323","wordfile":[{"path":"audios\/wordfile-65906c25b34ec.wav","mime":"audio\/x-wav","copyright":{"license":"U"}}]},{"text":" \u0432 ","startDuration":"2.1333","endDuration":"2.3333","wordfile":[{"path":"audios\/wordfile-65906c39b0cfa.wav","mime":"audio\/x-wav","copyright":{"license":"U"}}]},{"text":" \u0445\u043e\u0432\u0430\u043d\u043a\u0438. ","startDuration":"2.3343","endDuration":"2.9376","wordfile":[{"path":"audios\/wordfile-65906c79db959.wav","mime":"audio\/x-wav","copyright":{"license":"U"}}]}],"files":[{"path":"audios\/files-65906b873e10c.wav","mime":"audio\/x-wav","copyright":{"license":"U"}}]},"subContentId":"c68be441-c7d0-4436-b7a7-27f68179d368","metadata":{"contentType":"Curious Reader Audio","license":"U","title":"Untitled Curious Reader Audio"}},"backgroundOpacity":0,"willDoAnimation":false,"animationType":"glow","displayAsButton":false,"buttonSize":"big","goToSlideType":"specified","invisible":false},{"x":56.64488017429194,"y":38.70967741935483,"width":9.477124183006536,"height":27.526881720430104,"action":{"library":"H5P.Image 1.1","params":{"contentName":"Image"},"subContentId":"d450e8ac-dcde-4080-ad4c-7eb9291f114f","metadata":{"contentType":"Image","license":"U","title":"Untitled Image"}},"backgroundOpacity":0,"willDoAnimation":true,"animationType":"glow","displayAsButton":false,"buttonSize":"big","goToSlideType":"specified","invisible":false,"id":"imgc68be441-c7d0-4436-b7a7-27f68179d368_2"},{"x":53.37690631808278,"y":38.66258064516129,"width":25.81699346405229,"height":40,"action":{"library":"H5P.Image 1.1","params":{"contentName":"Image"},"subContentId":"9be4828f-623a-4c46-86bf-a10d01070aed","metadata":{"contentType":"Image","license":"U","title":"Untitled Image"}},"backgroundOpacity":0,"willDoAnimation":true,"animationType":"glow","displayAsButton":false,"buttonSize":"big","goToSlideType":"specified","invisible":false,"id":"imgc68be441-c7d0-4436-b7a7-27f68179d368_4"},{"x":54.46623093681917,"y":38.70967741935483,"width":24.727668845315904,"height":40,"action":{"library":"H5P.Image 1.1","params":{"contentName":"Image"},"subContentId":"4e94807b-bac5-4faf-819a-4622bc4b6c5a","metadata":{"contentType":"Image","license":"U","title":"Untitled Image"}},"backgroundOpacity":0,"willDoAnimation":true,"animationType":"glow","displayAsButton":false,"buttonSize":"big","goToSlideType":"specified","invisible":false,"id":"imgc68be441-c7d0-4436-b7a7-27f68179d368_5"},{"x":54.46623093681917,"y":38.70967741935483,"width":24.727668845315904,"height":40,"action":{"library":"H5P.Image 1.1","params":{"contentName":"Image"},"subContentId":"1387af98-57a2-41a2-adb5-2c24524b5332","metadata":{"contentType":"Image","license":"U","title":"Untitled Image"}},"backgroundOpacity":0,"willDoAnimation":true,"animationType":"glow","displayAsButton":false,"buttonSize":"big","goToSlideType":"specified","invisible":false,"id":"imgc68be441-c7d0-4436-b7a7-27f68179d368_6"}],"slideBackgroundSelector":{}},{"elements":[{"x":2.178649237472767,"y":42.98559139784947,"width":44.66230936819172,"height":49.46236559139785,"action":{"library":"H5P.CRAdvancedText 1.1","params":{"text":"<p style=\"text-align: center;\"><span style=\"font-size:2.25em;\"><span style=\"color:#ffffff;\">\u041c\u043e\u044f \u043f\u043e\u0434\u0440\u0443\u0433\u0430 \u0410\u044f\u043d\u0434\u0430 \u043b\u044e\u0431\u0438\u0442\u044c \u0447\u0438\u0442\u0430\u0442\u0438.<\/span><\/span><\/p>\n"},"subContentId":"5fa5cf7b-843e-440c-9615-1ee916184210","metadata":{"contentType":"Text","license":"U","title":"Untitled Text"}},"alwaysDisplayComments":false,"backgroundOpacity":0,"willDoAnimation":false,"animationType":"glow","displayAsButton":false,"buttonSize":"big","goToSlideType":"specified","invisible":false,"solution":""},{"x":49.76851851851851,"y":15.981735159817353,"width":39.998148148148,"height":67.063561014123,"action":{"library":"H5P.Image 1.1","params":{"contentName":"Image","file":{"path":"images\/file-618eb37e56dd2.jpg","mime":"image\/jpeg","copyright":{"license":"U"},"width":273,"height":273},"alt":"Umngane wami u-Ayanda uthanda ukufunda.","title":"Umngane wami u-Ayanda uthanda ukufunda."},"subContentId":"0b6f4751-67d7-4169-9bde-23e430c7c5f5","metadata":{"contentType":"Image","license":"U","title":"Untitled Image"}},"backgroundOpacity":0,"willDoAnimation":false,"animationType":"glow","displayAsButton":false,"buttonSize":"big","goToSlideType":"specified","invisible":false},{"x":47.00255102040816,"y":43.95465994962216,"width":40,"height":40,"action":{"library":"H5P.CRAudio 1.4","params":{"fitToWrapper":true,"currIndex":7,"playerMode":"minimalistic","controls":true,"autoplay":true,"playAudio":"Play audio","pauseAudio":"Pause audio","contentName":"Audio","glowColor":"#ffd85a","timeStampForEachText":[{"text":" \u041c\u043e\u044f ","startDuration":"0.0000","endDuration":"0.4764","wordfile":[{"path":"audios\/wordfile-65906ca4ac8e0.wav","mime":"audio\/x-wav","copyright":{"license":"U"}}]},{"text":" \u043f\u043e\u0434\u0440\u0443\u0433\u0430 ","startDuration":"0.4774","endDuration":"1.0385","wordfile":[{"path":"audios\/wordfile-65906cbfed2e7.wav","mime":"audio\/x-wav","copyright":{"license":"U"}}]},{"text":" \u0410\u044f\u043d\u0434\u0430 ","startDuration":"1.0395","endDuration":"1.8236","wordfile":[{"path":"audios\/wordfile-65906ce731c04.wav","mime":"audio\/x-wav","copyright":{"license":"U"}}]},{"text":" \u043b\u044e\u0431\u0438\u0442\u044c ","startDuration":"1.8246","endDuration":"2.5864","wordfile":[{"path":"audios\/wordfile-65906d08179fd.wav","mime":"audio\/x-wav","copyright":{"license":"U"}}]},{"text":" \u0447\u0438\u0442\u0430\u0442\u0438. ","startDuration":"2.5874","endDuration":"3.1842","wordfile":[{"path":"audios\/wordfile-65906d20cbc1f.wav","mime":"audio\/x-wav","copyright":{"license":"U"}}]}],"files":[{"path":"audios\/files-65906c8e292db.wav","mime":"audio\/x-wav","copyright":{"license":"U"}}]},"subContentId":"db6811e2-2388-486d-96d7-76a7a5874b41","metadata":{"contentType":"Curious Reader Audio","license":"U","title":"Untitled Curious Reader Audio"}},"backgroundOpacity":0,"willDoAnimation":false,"animationType":"glow","displayAsButton":false,"buttonSize":"big","goToSlideType":"specified","invisible":false},{"x":66.4479302832244,"y":27.889892473118277,"width":14.923747276688454,"height":25.161290322580644,"action":{"library":"H5P.Image 1.1","params":{"contentName":"Image"},"subContentId":"70eba5ce-b06c-4638-af93-648aafe2fc9d","metadata":{"contentType":"Image","license":"U","title":"Untitled Image"}},"backgroundOpacity":0,"willDoAnimation":true,"animationType":"glow","displayAsButton":false,"buttonSize":"big","goToSlideType":"specified","invisible":false,"id":"imgdb6811e2-2388-486d-96d7-76a7a5874b41_2"},{"x":74.07407407407408,"y":49.37677419354839,"width":10.56644880174292,"height":14.408602150537634,"action":{"library":"H5P.Image 1.1","params":{"contentName":"Image"},"subContentId":"56f1b15c-d0bb-4c28-9348-2c09968a0c5e","metadata":{"contentType":"Image","license":"U","title":"Untitled Image"}},"backgroundOpacity":0,"willDoAnimation":true,"animationType":"glow","displayAsButton":false,"buttonSize":"big","goToSlideType":"specified","invisible":false,"id":"imgdb6811e2-2388-486d-96d7-76a7a5874b41_4"}],"slideBackgroundSelector":{}},{"elements":[{"x":52.29591836734694,"y":15.113350125944583,"width":43.20987654321,"height":76.208592061503,"action":{"library":"H5P.Image 1.1","params":{"contentName":"Image","alt":"Mina? Ngiyathanda ukwenza izinto abathanda ukuzenza.","file":{"path":"images\/file-618eb73d03969.jpg","mime":"image\/jpeg","copyright":{"license":"U"},"width":273,"height":273},"title":"Mina? Ngiyathanda ukwenza izinto abathanda ukuzenza."},"subContentId":"c10d2176-9ae1-46fb-9f3c-c6b45d149b92","metadata":{"contentType":"Image","license":"U","title":"Untitled Image"}},"backgroundOpacity":0,"willDoAnimation":false,"animationType":"glow","displayAsButton":false,"buttonSize":"big","goToSlideType":"specified","invisible":false},{"x":3.826530612244898,"y":27.692191435768265,"width":52.29591836734694,"height":62.97229219143576,"action":{"library":"H5P.CRAdvancedText 1.1","params":{"text":"<p style=\"text-align: center;\"><span style=\"font-size:2.25em;\"><span style=\"color:#ffffff;\">\u0410 \u044f? \u041c\u0435\u043d\u0456 \u043f\u043e\u0434\u043e\u0431\u0430\u0454\u0442\u044c\u0441\u044f \u0440\u043e\u0431\u0438\u0442\u0438 \u0442\u0435, \u0449\u043e \u0457\u043c \u043f\u043e\u0434\u043e\u0431\u0430\u0454\u0442\u044c\u0441\u044f \u0440\u043e\u0431\u0438\u0442\u0438<\/span><\/span><\/p>\n"},"subContentId":"01787cd3-7a57-403e-adc9-5d78a1c683c5","metadata":{"contentType":"Text","license":"U","title":"Untitled Text"}},"alwaysDisplayComments":false,"backgroundOpacity":0,"willDoAnimation":false,"animationType":"glow","displayAsButton":false,"buttonSize":"big","goToSlideType":"specified","invisible":false,"solution":""},{"x":47.00255102040816,"y":43.95465994962216,"width":40,"height":40,"action":{"library":"H5P.CRAudio 1.4","params":{"fitToWrapper":true,"currIndex":8,"playerMode":"minimalistic","controls":true,"autoplay":true,"playAudio":"Play audio","pauseAudio":"Pause audio","contentName":"Audio","glowColor":"#ffd85a","timeStampForEachText":[{"text":" \u0410 ","startDuration":"0.0000","endDuration":"0.3171","wordfile":[{"path":"audios\/wordfile-65906d6b4457b.wav","mime":"audio\/x-wav","copyright":{"license":"U"}}]},{"text":" \u044f? ","startDuration":"0.3181","endDuration":"0.6352","wordfile":[{"path":"audios\/wordfile-65906d7ad287d.wav","mime":"audio\/x-wav","copyright":{"license":"U"}}]},{"text":" \u041c\u0435\u043d\u0456 ","startDuration":"0.6362","endDuration":"1.3306","wordfile":[{"path":"audios\/wordfile-65906d8fcc4bd.wav","mime":"audio\/x-wav","copyright":{"license":"U"}}]},{"text":" \u043f\u043e\u0434\u043e\u0431\u0430\u0454\u0442\u044c\u0441\u044f ","startDuration":"1.3316","endDuration":"1.9805","wordfile":[{"path":"audios\/wordfile-65906da640b5f.wav","mime":"audio\/x-wav","copyright":{"license":"U"}}]},{"text":" \u0440\u043e\u0431\u0438\u0442\u0438 ","startDuration":"1.9815","endDuration":"2.3962","wordfile":[{"path":"audios\/wordfile-65906dc0ccbee.wav","mime":"audio\/x-wav","copyright":{"license":"U"}}]},{"text":" \u0442\u0435, ","startDuration":"2.3972","endDuration":"2.7013","wordfile":[{"path":"audios\/wordfile-65906ddb2fb5e.wav","mime":"audio\/x-wav","copyright":{"license":"U"}}]},{"text":" \u0449\u043e ","startDuration":"2.7023","endDuration":"3.1495","wordfile":[{"path":"audios\/wordfile-65906de963e32.wav","mime":"audio\/x-wav","copyright":{"license":"U"}}]},{"text":" \u0457\u043c ","startDuration":"3.1505","endDuration":"3.3505","wordfile":[{"path":"audios\/wordfile-65906e03caffb.wav","mime":"audio\/x-wav","copyright":{"license":"U"}}]},{"text":" \u043f\u043e\u0434\u043e\u0431\u0430\u0454\u0442\u044c\u0441\u044f ","startDuration":"3.3515","endDuration":"3.9808","wordfile":[{"path":"audios\/wordfile-65906e17b4852.wav","mime":"audio\/x-wav","copyright":{"license":"U"}}]},{"text":" \u0440\u043e\u0431\u0438\u0442\u0438 ","startDuration":"3.9818","endDuration":"4.6307","wordfile":[{"path":"audios\/wordfile-65906e33593e3.wav","mime":"audio\/x-wav","copyright":{"license":"U"}}]}],"files":[{"path":"audios\/files-65906d533fc23.wav","mime":"audio\/x-wav","copyright":{"license":"U"}}]},"subContentId":"61444a17-19ac-4e94-9b78-dee456a7b5d9","metadata":{"contentType":"Curious Reader Audio","license":"U","title":"Untitled Curious Reader Audio"}},"backgroundOpacity":0,"willDoAnimation":false,"animationType":"glow","displayAsButton":false,"buttonSize":"big","goToSlideType":"specified","invisible":false},{"x":62.091503267973856,"y":21.451612903225804,"width":16.013071895424837,"height":61.72043010752688,"action":{"library":"H5P.Image 1.1","params":{"contentName":"Image"},"subContentId":"d38634af-2775-4583-8338-dccccf39d851","metadata":{"contentType":"Image","license":"U","title":"Untitled Image"}},"backgroundOpacity":0,"willDoAnimation":true,"animationType":"glow","displayAsButton":false,"buttonSize":"big","goToSlideType":"specified","invisible":false,"id":"img61444a17-19ac-4e94-9b78-dee456a7b5d9_1"}],"slideBackgroundSelector":{}},{"elements":[{"x":3.472222222222222,"y":73.05936073059361,"width":93.68191721132898,"height":24.946236559139784,"action":{"library":"H5P.CRAdvancedText 1.1","params":{"text":"<p style=\"text-align: center;\"><span style=\"color:#ffffff;\"><span style=\"font-size:2.25em;\">\u042f \u0433\u0440\u0430\u044e \u0443 \u0444\u0443\u0442\u0431\u043e\u043b \u0437 \u0417\u0456\u0437\u043e.<\/span><\/span><\/p>\n"},"subContentId":"c0103700-9490-46ad-806e-95977b01da71","metadata":{"contentType":"Text","license":"U","title":"Untitled Text"}},"alwaysDisplayComments":false,"backgroundOpacity":0,"willDoAnimation":false,"animationType":"glow","displayAsButton":false,"buttonSize":"big","goToSlideType":"specified","invisible":false,"solution":""},{"x":30.501089324618736,"y":2.150537634408602,"width":37.642919389978,"height":68.856593233979,"action":{"library":"H5P.Image 1.1","params":{"contentName":"Image","alt":"Ngidlala ibhola noZizo.","file":{"path":"images\/file-618eb89609ed6.jpg","mime":"image\/jpeg","copyright":{"license":"U"},"width":273,"height":273},"title":"Ngidlala ibhola noZizo."},"subContentId":"07536b8d-c38f-40e0-9261-226d0a11c99a","metadata":{"contentType":"Image","license":"U","title":"Untitled Image"}},"backgroundOpacity":0,"willDoAnimation":false,"animationType":"glow","displayAsButton":false,"buttonSize":"big","goToSlideType":"specified","invisible":false},{"x":47.00255102040816,"y":43.95465994962216,"width":40,"height":40,"action":{"library":"H5P.CRAudio 1.4","params":{"fitToWrapper":true,"currIndex":9,"playerMode":"minimalistic","controls":true,"autoplay":true,"playAudio":"Play audio","pauseAudio":"Pause audio","contentName":"Audio","glowColor":"#ffd85a","timeStampForEachText":[{"text":" \u042f ","startDuration":"0.0000","endDuration":"0.4565","wordfile":[{"path":"audios\/wordfile-65906e740a7ce.wav","mime":"audio\/x-wav","copyright":{"license":"U"}}]},{"text":" \u0433\u0440\u0430\u044e ","startDuration":"0.4575","endDuration":"0.7990","wordfile":[{"path":"audios\/wordfile-65906e8817c16.wav","mime":"audio\/x-wav","copyright":{"license":"U"}}]},{"text":" \u0443 ","startDuration":"0.8000","endDuration":"0.9115","wordfile":[{"path":"audios\/wordfile-65906e9e11c33.wav","mime":"audio\/x-wav","copyright":{"license":"U"}}]},{"text":" \u0444\u0443\u0442\u0431\u043e\u043b ","startDuration":"0.9125","endDuration":"1.3749","wordfile":[{"path":"audios\/wordfile-65906eb02f6b0.wav","mime":"audio\/x-wav","copyright":{"license":"U"}}]},{"text":" \u0437 ","startDuration":"1.3759","endDuration":"1.6968","wordfile":[{"path":"audios\/wordfile-65906ec784417.wav","mime":"audio\/x-wav","copyright":{"license":"U"}}]},{"text":" \u0417\u0456\u0437\u043e. ","startDuration":"1.6978","endDuration":"2.0659","wordfile":[{"path":"audios\/wordfile-65906ee5e6aec.wav","mime":"audio\/x-wav","copyright":{"license":"U"}}]}],"files":[{"path":"audios\/files-65906e5fddfb5.wav","mime":"audio\/x-wav","copyright":{"license":"U"}}]},"subContentId":"b3dfcc6e-f3f4-4f13-88f3-8d53d785165c","metadata":{"contentType":"Curious Reader Audio","license":"U","title":"Untitled Curious Reader Audio"}},"backgroundOpacity":0,"willDoAnimation":false,"animationType":"glow","displayAsButton":false,"buttonSize":"big","goToSlideType":"specified","invisible":false},{"x":37.03703703703704,"y":4.301075268817204,"width":10.56644880174292,"height":20.86021505376344,"action":{"library":"H5P.Image 1.1","params":{"contentName":"Image"},"subContentId":"392f485f-b591-449b-9c9c-2f89bfbca3cf","metadata":{"contentType":"Image","license":"U","title":"Untitled Image"}},"backgroundOpacity":0,"willDoAnimation":true,"animationType":"glow","displayAsButton":false,"buttonSize":"big","goToSlideType":"specified","invisible":false,"id":"imgb3dfcc6e-f3f4-4f13-88f3-8d53d785165c_5"},{"x":51.19825708061002,"y":12.878021505376344,"width":9.477124183006536,"height":18.709677419354836,"action":{"library":"H5P.Image 1.1","params":{"contentName":"Image"},"subContentId":"801b385c-b09d-4340-a170-6927be4dbf8d","metadata":{"contentType":"Image","license":"U","title":"Untitled Image"}},"backgroundOpacity":0,"willDoAnimation":true,"animationType":"glow","displayAsButton":false,"buttonSize":"big","goToSlideType":"specified","invisible":false,"id":"imgb3dfcc6e-f3f4-4f13-88f3-8d53d785165c_0"},{"x":47.930283224400874,"y":49.37677419354839,"width":10.56644880174292,"height":16.559139784946236,"action":{"library":"H5P.Image 1.1","params":{"contentName":"Image"},"subContentId":"0f501eb0-6501-4452-afb2-63aabc501604","metadata":{"contentType":"Image","license":"U","title":"Untitled Image"}},"backgroundOpacity":0,"willDoAnimation":true,"animationType":"glow","displayAsButton":false,"buttonSize":"big","goToSlideType":"specified","invisible":false,"id":"imgb3dfcc6e-f3f4-4f13-88f3-8d53d785165c_3"}],"slideBackgroundSelector":{}},{"elements":[{"x":0,"y":81.86397984886649,"width":100,"height":17.884130982367758,"action":{"library":"H5P.CRAdvancedText 1.1","params":{"text":"<p style=\"text-align: center;\"><span style=\"color:#ffffff;\"><span style=\"font-size:2.25em;\">\u042f \u043f\u043b\u0430\u0432\u0430\u044e \u0437 \u041b\u0435\u043b\u0435.<\/span><\/span><\/p>\n"},"subContentId":"4f10339f-9758-4ec2-b3ad-9bda148dc589","metadata":{"contentType":"Text","license":"U","title":"Untitled Text"}},"alwaysDisplayComments":false,"backgroundOpacity":0,"willDoAnimation":false,"animationType":"glow","displayAsButton":false,"buttonSize":"big","goToSlideType":"specified","invisible":false,"solution":""},{"x":27.77716836734694,"y":6.0177833753148615,"width":40.05102040816327,"height":73.04785894206549,"action":{"library":"H5P.Image 1.1","params":{"contentName":"Image","file":{"path":"images\/file-618eb96526d0d.jpg","mime":"image\/jpeg","copyright":{"license":"U"},"width":273,"height":273},"alt":"Ngibhukuda noLele.","title":"Ngibhukuda noLele."},"subContentId":"5a25762a-d5eb-41ab-be59-b3eb68d8ec63","metadata":{"contentType":"Image","license":"U","title":"Untitled Image"}},"backgroundOpacity":0,"willDoAnimation":false,"animationType":"glow","displayAsButton":false,"buttonSize":"big","goToSlideType":"specified","invisible":false},{"x":47.00255102040816,"y":43.95465994962216,"width":40,"height":40,"action":{"library":"H5P.CRAudio 1.4","params":{"fitToWrapper":true,"currIndex":10,"playerMode":"minimalistic","controls":true,"autoplay":true,"playAudio":"Play audio","pauseAudio":"Pause audio","contentName":"Audio","glowColor":"#ffd85a","timeStampForEachText":[{"text":" \u042f ","startDuration":"0.0000","endDuration":"0.3085","wordfile":[{"path":"audios\/wordfile-65906f3b64378.wav","mime":"audio\/x-wav","copyright":{"license":"U"}}]},{"text":" \u043f\u043b\u0430\u0432\u0430\u044e ","startDuration":"0.3095","endDuration":"0.8289","wordfile":[{"path":"audios\/wordfile-65906f517328f.wav","mime":"audio\/x-wav","copyright":{"license":"U"}}]},{"text":" \u0437 ","startDuration":"0.8299","endDuration":"1.0299","wordfile":[{"path":"audios\/wordfile-65906f6a6b843.wav","mime":"audio\/x-wav","copyright":{"license":"U"}}]},{"text":" \u041b\u0435\u043b\u0435. ","startDuration":"1.0309","endDuration":"1.4730","wordfile":[{"path":"audios\/wordfile-65906f8428c17.wav","mime":"audio\/x-wav","copyright":{"license":"U"}}]}],"files":[{"path":"audios\/files-65906f2b1bd6a.wav","mime":"audio\/x-wav","copyright":{"license":"U"}}]},"subContentId":"145237a7-93cc-4401-809f-0164b53c1677","metadata":{"contentType":"Curious Reader Audio","license":"U","title":"Untitled Curious Reader Audio"}},"backgroundOpacity":0,"willDoAnimation":false,"animationType":"glow","displayAsButton":false,"buttonSize":"big","goToSlideType":"specified","invisible":false},{"x":28.322440087145967,"y":36.53720430107526,"width":35.62091503267974,"height":33.54838709677419,"action":{"library":"H5P.Image 1.1","params":{"contentName":"Image"},"subContentId":"a45363c0-62e5-449d-a6ad-da9f1ea1cfff","metadata":{"contentType":"Image","license":"U","title":"Untitled Image"}},"backgroundOpacity":0,"willDoAnimation":true,"animationType":"glow","displayAsButton":false,"buttonSize":"big","goToSlideType":"specified","invisible":false,"id":"img145237a7-93cc-4401-809f-0164b53c1677_1"},{"x":30.010893246187365,"y":40.836774193548386,"width":8.387799564270153,"height":29.032258064516128,"action":{"library":"H5P.Image 1.1","params":{"contentName":"Image"},"subContentId":"9ddf60fd-3348-41a7-8672-5dd6f017955b","metadata":{"contentType":"Image","license":"U","title":"Untitled Image"}},"backgroundOpacity":0,"willDoAnimation":true,"animationType":"glow","displayAsButton":false,"buttonSize":"big","goToSlideType":"specified","invisible":false,"id":"img145237a7-93cc-4401-809f-0164b53c1677_3"},{"x":49.01960784313725,"y":40.836774193548386,"width":14.923747276688454,"height":27.096774193548384,"action":{"library":"H5P.Image 1.1","params":{"contentName":"Image"},"subContentId":"28cf985f-44fa-4070-b103-e48b80feab8b","metadata":{"contentType":"Image","license":"U","title":"Untitled Image"}},"backgroundOpacity":0,"willDoAnimation":true,"animationType":"glow","displayAsButton":false,"buttonSize":"big","goToSlideType":"specified","invisible":false,"id":"img145237a7-93cc-4401-809f-0164b53c1677_0"}],"slideBackgroundSelector":{}},{"elements":[{"x":5.446623093681917,"y":73.11827956989247,"width":91.83673469387756,"height":25.188916876574307,"action":{"library":"H5P.CRAdvancedText 1.1","params":{"text":"<p dir=\"ltr\" style=\"text-align: center;\"><span style=\"color:#ffffff;\"><span style=\"font-size:2.25em;\">\u042f \u0433\u0440\u0430\u044e \u0432 \u0445\u043e\u0432\u0430\u043d\u043a\u0438 \u0437 \u0421\u0456\u0441\u0430.<\/span><\/span><\/p>\n"},"subContentId":"5ce600c0-9e95-4b84-9330-56cc92fd0bf7","metadata":{"contentType":"Text","license":"U","title":"Untitled Text"}},"alwaysDisplayComments":false,"backgroundOpacity":0,"willDoAnimation":false,"animationType":"glow","displayAsButton":false,"buttonSize":"big","goToSlideType":"specified","invisible":false,"solution":""},{"x":29.520697167756,"y":6.0249519079732,"width":39.998148148148,"height":66.791953592016,"action":{"library":"H5P.Image 1.1","params":{"contentName":"Image","file":{"path":"images\/file-618ebb55f4134.jpg","mime":"image\/jpeg","copyright":{"license":"U"},"width":273,"height":273},"alt":"Ngidlala umacashelana noSisa.","title":"Ngidlala umacashelana noSisa."},"subContentId":"7fcf93f8-b105-4383-8477-0218ce8d77da","metadata":{"contentType":"Image","license":"U","title":"Untitled Image"}},"backgroundOpacity":0,"willDoAnimation":false,"animationType":"glow","displayAsButton":false,"buttonSize":"big","goToSlideType":"specified","invisible":false},{"x":47.00255102040816,"y":43.95465994962216,"width":40,"height":40,"action":{"library":"H5P.CRAudio 1.4","params":{"fitToWrapper":true,"currIndex":11,"playerMode":"minimalistic","controls":true,"autoplay":true,"playAudio":"Play audio","pauseAudio":"Pause audio","contentName":"Audio","glowColor":"#ffd85a","timeStampForEachText":[{"text":" \u042f ","startDuration":"0.0000","endDuration":"0.2701","wordfile":[{"path":"audios\/wordfile-65906fb035973.wav","mime":"audio\/x-wav","copyright":{"license":"U"}}]},{"text":" \u0433\u0440\u0430\u044e ","startDuration":"0.2711","endDuration":"0.6706","wordfile":[{"path":"audios\/wordfile-65906fc9e73df.wav","mime":"audio\/x-wav","copyright":{"license":"U"}}]},{"text":" \u0432 ","startDuration":"0.6716","endDuration":"0.8258","wordfile":[{"path":"audios\/wordfile-65906fe08eab6.wav","mime":"audio\/x-wav","copyright":{"license":"U"}}]},{"text":" \u0445\u043e\u0432\u0430\u043d\u043a\u0438 ","startDuration":"0.8258","endDuration":"1.1292","wordfile":[{"path":"audios\/wordfile-65906fef84e16.wav","mime":"audio\/x-wav","copyright":{"license":"U"}}]},{"text":" \u0437 ","startDuration":"1.1292","endDuration":"1.4649","wordfile":[{"path":"audios\/wordfile-65907024c1a62.wav","mime":"audio\/x-wav","copyright":{"license":"U"}}]},{"text":" \u0421\u0456\u0441\u0430. ","startDuration":"1.4659","endDuration":"1.8734","wordfile":[{"path":"audios\/wordfile-65907048f224c.wav","mime":"audio\/x-wav","copyright":{"license":"U"}}]}],"files":[{"path":"audios\/files-65906f9cb85cd.wav","mime":"audio\/x-wav","copyright":{"license":"U"}}]},"subContentId":"a4c9023a-1a2f-4567-a21d-8b95c820bc87","metadata":{"contentType":"Curious Reader Audio","license":"U","title":"Untitled Curious Reader Audio"}},"backgroundOpacity":0,"willDoAnimation":false,"animationType":"glow","displayAsButton":false,"buttonSize":"big","goToSlideType":"specified","invisible":false},{"x":33.7681917211329,"y":27.94021505376344,"width":11.655773420479303,"height":20.86021505376344,"action":{"library":"H5P.Image 1.1","params":{"contentName":"Image"},"subContentId":"964298c0-6e92-437c-b65e-97e82fed3780","metadata":{"contentType":"Image","license":"U","title":"Untitled Image"}},"backgroundOpacity":0,"willDoAnimation":true,"animationType":"glow","displayAsButton":false,"buttonSize":"big","goToSlideType":"specified","invisible":false,"id":"imga4c9023a-1a2f-4567-a21d-8b95c820bc87_5"},{"x":32.6797385620915,"y":27.956989247311824,"width":32.35294117647059,"height":40,"action":{"library":"H5P.Image 1.1","params":{"contentName":"Image"},"subContentId":"68bd393a-6a02-46b6-8439-d5f27f065339","metadata":{"contentType":"Image","license":"U","title":"Untitled Image"}},"backgroundOpacity":0,"willDoAnimation":true,"animationType":"glow","displayAsButton":false,"buttonSize":"big","goToSlideType":"specified","invisible":false,"id":"imga4c9023a-1a2f-4567-a21d-8b95c820bc87_1"},{"x":32.677995642701525,"y":27.923440860215052,"width":32.35294117647059,"height":40,"action":{"library":"H5P.Image 1.1","params":{"contentName":"Image"},"subContentId":"03b3fe23-bd85-4026-a50d-7c67a054df4d","metadata":{"contentType":"Image","license":"U","title":"Untitled Image"}},"backgroundOpacity":0,"willDoAnimation":true,"animationType":"glow","displayAsButton":false,"buttonSize":"big","goToSlideType":"specified","invisible":false,"id":"imga4c9023a-1a2f-4567-a21d-8b95c820bc87_2"},{"x":32.677995642701525,"y":25.776129032258066,"width":32.35294117647059,"height":40,"action":{"library":"H5P.Image 1.1","params":{"contentName":"Image"},"subContentId":"bf20f449-e1d3-4dd5-82f3-3bf07141f015","metadata":{"contentType":"Image","license":"U","title":"Untitled Image"}},"backgroundOpacity":0,"willDoAnimation":true,"animationType":"glow","displayAsButton":false,"buttonSize":"big","goToSlideType":"specified","invisible":false,"id":"imga4c9023a-1a2f-4567-a21d-8b95c820bc87_3"}],"slideBackgroundSelector":{}},{"elements":[{"x":15.306122448979592,"y":10.579345088161208,"width":68.87755102040816,"height":69.0176322418136,"action":{"library":"H5P.Image 1.1","params":{"contentName":"Image","file":{"path":"images\/file-618ecd7fc659d.jpg","mime":"image\/jpeg","copyright":{"license":"U"},"width":350,"height":210}},"subContentId":"c2ff2e98-73c7-4f05-b67e-e393662e801c","metadata":{"contentType":"Image","license":"U","title":"Untitled Image"}},"backgroundOpacity":0,"willDoAnimation":false,"animationType":"glow","displayAsButton":false,"buttonSize":"big","goToSlideType":"specified","invisible":false},{"x":1.0204081632653061,"y":81.61209068010075,"width":97.83163265306122,"height":17.632241813602015,"action":{"library":"H5P.CRAdvancedText 1.1","params":{"text":"<p dir=\"ltr\" style=\"text-align: center;\"><span style=\"color:#ffffff;\"><span style=\"font-size:2.25em;\">&nbsp;\u042f \u0447\u0438\u0442\u0430\u044e \u0437 \u0410\u044f\u043d\u0434\u0430.<\/span><\/span><\/p>\n"},"subContentId":"bb08e97d-bef7-4a5e-bda8-a71c987a742e","metadata":{"contentType":"Text","license":"U","title":"Untitled Text"}},"alwaysDisplayComments":false,"backgroundOpacity":0,"willDoAnimation":false,"animationType":"glow","displayAsButton":false,"buttonSize":"big","goToSlideType":"specified","invisible":false,"solution":""},{"x":47.00255102040816,"y":43.95465994962216,"width":40,"height":40,"action":{"library":"H5P.CRAudio 1.4","params":{"fitToWrapper":true,"currIndex":12,"playerMode":"minimalistic","controls":true,"autoplay":true,"playAudio":"Play audio","pauseAudio":"Pause audio","contentName":"Audio","glowColor":"#ffd85a","timeStampForEachText":[{"text":" \u00a0\u042f ","startDuration":"0.0000","endDuration":"0.4679","wordfile":[{"path":"audios\/wordfile-6590706fb04e0.wav","mime":"audio\/x-wav","copyright":{"license":"U"}}]},{"text":" \u0447\u0438\u0442\u0430\u044e ","startDuration":"0.4689","endDuration":"1.0056","wordfile":[{"path":"audios\/wordfile-6590708eacc2a.wav","mime":"audio\/x-wav","copyright":{"license":"U"}}]},{"text":" \u0437 ","startDuration":"1.0056","endDuration":"1.1686","wordfile":[{"path":"audios\/wordfile-659070b4ec3e6.wav","mime":"audio\/x-wav","copyright":{"license":"U"}}]},{"text":" \u0410\u044f\u043d\u0434\u0430. ","startDuration":"1.0155","endDuration":"1.7324","wordfile":[{"path":"audios\/wordfile-659070fa08945.wav","mime":"audio\/x-wav","copyright":{"license":"U"}}]}],"files":[{"path":"audios\/files-6590705edfcf2.wav","mime":"audio\/x-wav","copyright":{"license":"U"}}]},"subContentId":"38bc3323-569a-42ed-8b85-63e64fa19411","metadata":{"contentType":"Curious Reader Audio","license":"U","title":"Untitled Curious Reader Audio"}},"backgroundOpacity":0,"willDoAnimation":false,"animationType":"glow","displayAsButton":false,"buttonSize":"big","goToSlideType":"specified","invisible":false},{"x":27.233115468409586,"y":27.923440860215052,"width":13.83442265795207,"height":31.61290322580645,"action":{"library":"H5P.Image 1.1","params":{"contentName":"Image"},"subContentId":"e99a45a2-ac3c-46df-a461-fe9909dc22f4","metadata":{"contentType":"Image","license":"U","title":"Untitled Image"}},"backgroundOpacity":0,"willDoAnimation":true,"animationType":"glow","displayAsButton":false,"buttonSize":"big","goToSlideType":"specified","invisible":false,"id":"img38bc3323-569a-42ed-8b85-63e64fa19411_3"},{"x":51.19825708061002,"y":23.640860215053767,"width":18.191721132897605,"height":33.54838709677419,"action":{"library":"H5P.Image 1.1","params":{"contentName":"Image"},"subContentId":"a40d9fc4-a8ab-4526-b55a-d83f2f3fbf08","metadata":{"contentType":"Image","license":"U","title":"Untitled Image"}},"backgroundOpacity":0,"willDoAnimation":true,"animationType":"glow","displayAsButton":false,"buttonSize":"big","goToSlideType":"specified","invisible":false,"id":"img38bc3323-569a-42ed-8b85-63e64fa19411_0"},{"x":21.78649237472767,"y":55.88043010752688,"width":14.923747276688454,"height":16.344086021505376,"action":{"library":"H5P.Image 1.1","params":{"contentName":"Image"},"subContentId":"cd412d12-11b7-4026-807b-c7ab57bc28eb","metadata":{"contentType":"Image","license":"U","title":"Untitled Image"}},"backgroundOpacity":0,"willDoAnimation":true,"animationType":"glow","displayAsButton":false,"buttonSize":"big","goToSlideType":"specified","invisible":false,"id":"img38bc3323-569a-42ed-8b85-63e64fa19411_1"},{"x":65.35860566448801,"y":53.69956989247312,"width":16.013071895424837,"height":22.79569892473118,"action":{"library":"H5P.Image 1.1","params":{"contentName":"Image"},"subContentId":"b737bbf4-62f1-4cc4-a179-ceb399f0a3f2","metadata":{"contentType":"Image","license":"U","title":"Untitled Image"}},"backgroundOpacity":0,"willDoAnimation":true,"animationType":"glow","displayAsButton":false,"buttonSize":"big","goToSlideType":"specified","invisible":false,"id":"img38bc3323-569a-42ed-8b85-63e64fa19411_1"}],"slideBackgroundSelector":{}},{"elements":[{"x":2.423469387755102,"y":81.360201511335,"width":95.66326530612245,"height":17.632241813602015,"action":{"library":"H5P.CRAdvancedText 1.1","params":{"text":"<p style=\"text-align: center;\"><span style=\"font-size:2.25em;\"><span style=\"color:#ffffff;\">\u041f\u0440\u0438\u0445\u043e\u0434\u044c, \u0434\u0440\u0443\u0436\u0435, \u0449\u043e \u0442\u043e\u0431\u0456 \u043f\u043e\u0434\u043e\u0431\u0430\u0454\u0442\u044c\u0441\u044f?<\/span><\/span><\/p>\n"},"subContentId":"561dd707-289b-446f-bb31-a8d898b0b627","metadata":{"contentType":"Text","license":"U","title":"Untitled Text"}},"alwaysDisplayComments":false,"backgroundOpacity":0,"willDoAnimation":false,"animationType":"glow","displayAsButton":false,"buttonSize":"big","goToSlideType":"specified","invisible":false,"solution":""},{"x":29.336734693877553,"y":4.295894206549118,"width":42.474489795918366,"height":73.29974811083123,"action":{"library":"H5P.Image 1.1","params":{"contentName":"Image","file":{"path":"images\/file-618ebd51e59a0.jpg","mime":"image\/jpeg","copyright":{"license":"U"},"width":273,"height":273},"alt":"Woza, mngane, yini oyithandayo?","title":"Woza, mngane, yini oyithandayo?"},"subContentId":"a94f03fd-3ce4-4a62-9d49-2af4710dd854","metadata":{"contentType":"Image","license":"U","title":"Untitled Image"}},"backgroundOpacity":0,"willDoAnimation":false,"animationType":"glow","displayAsButton":false,"buttonSize":"big","goToSlideType":"specified","invisible":false},{"x":47.00255102040816,"y":43.95465994962216,"width":40,"height":40,"action":{"library":"H5P.CRAudio 1.4","params":{"fitToWrapper":true,"currIndex":13,"playerMode":"minimalistic","controls":true,"autoplay":true,"playAudio":"Play audio","pauseAudio":"Pause audio","contentName":"Audio","glowColor":"#ffd85a","timeStampForEachText":[{"text":" \u041f\u0440\u0438\u0445\u043e\u0434\u044c, ","startDuration":"0.0000","endDuration":"0.5333","wordfile":[{"path":"audios\/wordfile-65907126ec014.wav","mime":"audio\/x-wav","copyright":{"license":"U"}}]},{"text":" \u0434\u0440\u0443\u0436\u0435, ","startDuration":"0.5343","endDuration":"1.0402","wordfile":[{"path":"audios\/wordfile-6590714e2bb46.wav","mime":"audio\/x-wav","copyright":{"license":"U"}}]},{"text":" \u0449\u043e ","startDuration":"1.0412","endDuration":"1.6020","wordfile":[{"path":"audios\/wordfile-6590715f2cb5e.wav","mime":"audio\/x-wav","copyright":{"license":"U"}}]},{"text":" \u0442\u043e\u0431\u0456 ","startDuration":"1.6030","endDuration":"1.8030","wordfile":[{"path":"audios\/wordfile-65907173d46bc.wav","mime":"audio\/x-wav","copyright":{"license":"U"}}]},{"text":" \u043f\u043e\u0434\u043e\u0431\u0430\u0454\u0442\u044c\u0441\u044f? ","startDuration":"1.8040","endDuration":"2.8589","wordfile":[{"path":"audios\/wordfile-6590718b3f88c.wav","mime":"audio\/x-wav","copyright":{"license":"U"}}]}],"files":[{"path":"audios\/files-6590710fc423c.wav","mime":"audio\/x-wav","copyright":{"license":"U"}}]},"subContentId":"45a961cb-15eb-4463-b89f-d32088529884","metadata":{"contentType":"Curious Reader Audio","license":"U","title":"Untitled Curious Reader Audio"}},"backgroundOpacity":0,"willDoAnimation":false,"animationType":"glow","displayAsButton":false,"buttonSize":"big","goToSlideType":"specified","invisible":false}],"slideBackgroundSelector":{}},{"elements":[{"x":0,"y":79.50453400503777,"width":100,"height":18.89168765743073,"action":{"library":"H5P.CRAdvancedText 1.1","params":{"text":"<p dir=\"ltr\" style=\"text-align: center;\"><span style=\"color:#ffffff;\"><span style=\"font-size:2.25em;\">\u041f\u0440\u0438\u0445\u043e\u0434\u044c, \u0433\u0440\u0430\u0439 \u0443 \u0444\u0443\u0442\u0431\u043e\u043b \u0440\u0430\u0437\u043e\u043c \u0456\u0437 \u043d\u0430\u043c\u0438.<\/span><\/span><\/p>\n"},"subContentId":"8bdf48c8-d31b-4d24-90c4-3a81da7d5874","metadata":{"contentType":"Text","license":"U","title":"Untitled Text"}},"alwaysDisplayComments":false,"backgroundOpacity":0,"willDoAnimation":false,"animationType":"glow","displayAsButton":false,"buttonSize":"big","goToSlideType":"specified","invisible":false,"solution":""},{"x":27.314795918367345,"y":5.035818639798489,"width":42.474489795918366,"height":71.53652392947103,"action":{"library":"H5P.Image 1.1","params":{"contentName":"Image","file":{"path":"images\/file-618ebe5e14981.jpg","mime":"image\/jpeg","copyright":{"license":"U"},"width":273,"height":273},"alt":"Woza, udlale ibhola nathi.","title":"Woza, udlale ibhola nathi."},"subContentId":"90899643-cef7-4587-a9f3-53dc5f203480","metadata":{"contentType":"Image","license":"U","title":"Untitled Image"}},"backgroundOpacity":0,"willDoAnimation":false,"animationType":"glow","displayAsButton":false,"buttonSize":"big","goToSlideType":"specified","invisible":false},{"x":47.00255102040816,"y":43.95465994962216,"width":40,"height":40,"action":{"library":"H5P.CRAudio 1.4","params":{"fitToWrapper":true,"currIndex":14,"playerMode":"minimalistic","controls":true,"autoplay":true,"playAudio":"Play audio","pauseAudio":"Pause audio","contentName":"Audio","glowColor":"#ffd85a","timeStampForEachText":[{"text":" \u041f\u0440\u0438\u0445\u043e\u0434\u044c, ","startDuration":"0.0000","endDuration":"0.6405","wordfile":[{"path":"audios\/wordfile-659071b96f3cd.wav","mime":"audio\/x-wav","copyright":{"license":"U"}}]},{"text":" \u0433\u0440\u0430\u0439 ","startDuration":"0.6415","endDuration":"1.1786","wordfile":[{"path":"audios\/wordfile-659071d2a6ac5.wav","mime":"audio\/x-wav","copyright":{"license":"U"}}]},{"text":" \u0443 ","startDuration":"1.1786","endDuration":"1.3145","wordfile":[{"path":"audios\/wordfile-659071f354303.wav","mime":"audio\/x-wav","copyright":{"license":"U"}}]},{"text":" \u0444\u0443\u0442\u0431\u043e\u043b ","startDuration":"1.3155","endDuration":"1.8449","wordfile":[{"path":"audios\/wordfile-65907208c4368.wav","mime":"audio\/x-wav","copyright":{"license":"U"}}]},{"text":" \u0440\u0430\u0437\u043e\u043c ","startDuration":"1.8459","endDuration":"2.1570","wordfile":[{"path":"audios\/wordfile-6590721a60390.wav","mime":"audio\/x-wav","copyright":{"license":"U"}}]},{"text":" \u0456\u0437 ","startDuration":"2.1580","endDuration":"2.3580","wordfile":[{"path":"audios\/wordfile-65907232a3f11.wav","mime":"audio\/x-wav","copyright":{"license":"U"}}]},{"text":" \u043d\u0430\u043c\u0438. ","startDuration":"2.3590","endDuration":"2.8233","wordfile":[{"path":"audios\/wordfile-65907245c0c90.wav","mime":"audio\/x-wav","copyright":{"license":"U"}}]}],"files":[{"path":"audios\/files-6590719f5f678.wav","mime":"audio\/x-wav","copyright":{"license":"U"}}]},"subContentId":"0cb91e36-8631-476b-b121-eaa52ce8c58c","metadata":{"contentType":"Curious Reader Audio","license":"U","title":"Untitled Curious Reader Audio"}},"backgroundOpacity":0,"willDoAnimation":false,"animationType":"glow","displayAsButton":false,"buttonSize":"big","goToSlideType":"specified","invisible":false},{"x":47.930283224400874,"y":27.906666666666663,"width":8.387799564270153,"height":14.408602150537634,"action":{"library":"H5P.Image 1.1","params":{"contentName":"Image"},"subContentId":"e563b5e8-6702-4e92-9f70-4a418a8c5d73","metadata":{"contentType":"Image","license":"U","title":"Untitled Image"}},"backgroundOpacity":0,"willDoAnimation":true,"animationType":"glow","displayAsButton":false,"buttonSize":"big","goToSlideType":"specified","invisible":false,"id":"img0cb91e36-8631-476b-b121-eaa52ce8c58c_3"}],"slideBackgroundSelector":{}},{"elements":[{"x":11.479591836734695,"y":83.10176322418135,"width":79.08163265306122,"height":15.869017632241812,"action":{"library":"H5P.CRAdvancedText 1.1","params":{"text":"<p style=\"text-align: center;\"><span style=\"color:#ffffff;\"><span style=\"font-size:2.25em;\">\u041f\u0440\u0438\u0445\u043e\u0434\u044c, \u043f\u043b\u0430\u0432\u0430\u0439 \u0440\u0430\u0437\u043e\u043c \u0456\u0437 \u043d\u0430\u043c\u0438.<\/span><\/span><\/p>\n"},"subContentId":"0f7ae9c5-38f6-4b56-b0a4-f60475428cdf","metadata":{"contentType":"Text","license":"U","title":"Untitled Text"}},"alwaysDisplayComments":false,"backgroundOpacity":0,"willDoAnimation":false,"animationType":"glow","displayAsButton":false,"buttonSize":"big","goToSlideType":"specified","invisible":false,"solution":""},{"x":28.061224489795915,"y":6.4566246851385385,"width":43.494897959183675,"height":73.04785894206549,"action":{"library":"H5P.Image 1.1","params":{"contentName":"Image","file":{"path":"images\/file-618ebfb3bf920.jpg","mime":"image\/jpeg","copyright":{"license":"U"},"width":273,"height":273},"alt":"Woza, ubhukude nathi.","title":"Woza, ubhukude nathi."},"subContentId":"7d166ac6-5c43-46d0-9e03-6441fbe0e622","metadata":{"contentType":"Image","license":"U","title":"Untitled Image"}},"backgroundOpacity":0,"willDoAnimation":false,"animationType":"glow","displayAsButton":false,"buttonSize":"big","goToSlideType":"specified","invisible":false},{"x":47.00255102040816,"y":43.95465994962216,"width":40,"height":40,"action":{"library":"H5P.CRAudio 1.4","params":{"fitToWrapper":true,"currIndex":15,"playerMode":"minimalistic","controls":true,"autoplay":true,"playAudio":"Play audio","pauseAudio":"Pause audio","contentName":"Audio","glowColor":"#ffd85a","timeStampForEachText":[{"text":" \u041f\u0440\u0438\u0445\u043e\u0434\u044c, ","startDuration":"0.0000","endDuration":"0.7026","wordfile":[{"path":"audios\/wordfile-65907279a982d.wav","mime":"audio\/x-wav","copyright":{"license":"U"}}]},{"text":" \u043f\u043b\u0430\u0432\u0430\u0439 ","startDuration":"0.7036","endDuration":"1.3057","wordfile":[{"path":"audios\/wordfile-659072987e1bd.wav","mime":"audio\/x-wav","copyright":{"license":"U"}}]},{"text":" \u0440\u0430\u0437\u043e\u043c ","startDuration":"1.3067","endDuration":"1.6575","wordfile":[{"path":"audios\/wordfile-659072b074d02.wav","mime":"audio\/x-wav","copyright":{"license":"U"}}]},{"text":" \u0456\u0437 ","startDuration":"1.6585","endDuration":"1.8585","wordfile":[{"path":"audios\/wordfile-659072cab0c76.wav","mime":"audio\/x-wav","copyright":{"license":"U"}}]},{"text":" \u043d\u0430\u043c\u0438. ","startDuration":"1.8595","endDuration":"2.3307","wordfile":[{"path":"audios\/wordfile-659072ddd0f7a.wav","mime":"audio\/x-wav","copyright":{"license":"U"}}]}],"files":[{"path":"audios\/files-659072607e794.wav","mime":"audio\/x-wav","copyright":{"license":"U"}}]},"subContentId":"33734fc7-7a6c-4795-a57f-df290996887b","metadata":{"contentType":"Curious Reader Audio","license":"U","title":"Untitled Curious Reader Audio"}},"backgroundOpacity":0,"willDoAnimation":false,"animationType":"glow","displayAsButton":false,"buttonSize":"big","goToSlideType":"specified","invisible":false},{"x":27.233115468409586,"y":8.587032258064516,"width":47.60348583877996,"height":59.56989247311827,"action":{"library":"H5P.Image 1.1","params":{"contentName":"Image"},"subContentId":"066d4d80-7de3-47ca-a446-5d64d65eb84e","metadata":{"contentType":"Image","license":"U","title":"Untitled Image"}},"backgroundOpacity":0,"willDoAnimation":true,"animationType":"glow","displayAsButton":false,"buttonSize":"big","goToSlideType":"specified","invisible":false,"id":"img33734fc7-7a6c-4795-a57f-df290996887b_1"},{"x":30.501089324618736,"y":27.956989247311824,"width":40,"height":40,"action":{"library":"H5P.Image 1.1","params":{"contentName":"Image"},"subContentId":"5f64d477-04c8-4ed8-b411-8cb62cd08a6f","metadata":{"contentType":"Image","license":"U","title":"Untitled Image"}},"backgroundOpacity":0,"willDoAnimation":true,"animationType":"glow","displayAsButton":false,"buttonSize":"big","goToSlideType":"specified","invisible":false,"id":"img33734fc7-7a6c-4795-a57f-df290996887b_4"}],"slideBackgroundSelector":{}},{"elements":[{"x":51.02040816326531,"y":15.113350125944583,"width":42.483660130719,"height":75.772592493771,"action":{"library":"H5P.Image 1.1","params":{"contentName":"Image","file":{"path":"images\/file-618ecf61254ef.jpg","mime":"image\/jpeg","copyright":{"license":"U"},"width":273,"height":273},"alt":"Woza, uzodlala umacashelana nathi.","title":"Woza, uzodlala umacashelana nathi."},"subContentId":"b3bbd262-e926-4513-ae5d-6426653a8687","metadata":{"contentType":"Image","license":"U","title":"Untitled Image"}},"backgroundOpacity":0,"willDoAnimation":false,"animationType":"glow","displayAsButton":false,"buttonSize":"big","goToSlideType":"specified","invisible":false},{"x":3.826530612244898,"y":40.25491183879094,"width":49.744897959183675,"height":50.377833753148614,"action":{"library":"H5P.CRAdvancedText 1.1","params":{"text":"<p style=\"text-align: center;\"><span style=\"color:#ffffff;\"><span style=\"font-size:2.25em;\">\u041f\u0440\u0438\u0445\u043e\u0434\u044c, \u0433\u0440\u0430\u0439 \u0443 \u0445\u043e\u0432\u0430\u043d\u043a\u0438 \u0440\u0430\u0437\u043e\u043c \u0456\u0437 \u043d\u0430\u043c\u0438.<\/span><\/span><\/p>\n"},"subContentId":"2f66b069-73bc-4244-a662-95291edb4cfd","metadata":{"contentType":"Text","license":"U","title":"Untitled Text"}},"alwaysDisplayComments":false,"backgroundOpacity":0,"willDoAnimation":false,"animationType":"glow","displayAsButton":false,"buttonSize":"big","goToSlideType":"specified","invisible":false,"solution":""},{"x":47.00255102040816,"y":43.95465994962216,"width":40,"height":40,"action":{"library":"H5P.CRAudio 1.4","params":{"fitToWrapper":true,"currIndex":16,"playerMode":"minimalistic","controls":true,"autoplay":true,"playAudio":"Play audio","pauseAudio":"Pause audio","contentName":"Audio","glowColor":"#ffd85a","timeStampForEachText":[{"text":" \u041f\u0440\u0438\u0445\u043e\u0434\u044c, ","startDuration":"0.0000","endDuration":"0.6645","wordfile":[{"path":"audios\/wordfile-6590730bb6c0f.wav","mime":"audio\/x-wav","copyright":{"license":"U"}}]},{"text":" \u0433\u0440\u0430\u0439 ","startDuration":"0.6655","endDuration":"1.3300","wordfile":[{"path":"audios\/wordfile-659073247dd35.wav","mime":"audio\/x-wav","copyright":{"license":"U"}}]},{"text":" \u0443 ","startDuration":"1.3310","endDuration":"1.5310","wordfile":[{"path":"audios\/wordfile-65907334f1c7c.wav","mime":"audio\/x-wav","copyright":{"license":"U"}}]},{"text":" \u0445\u043e\u0432\u0430\u043d\u043a\u0438 ","startDuration":"1.5320","endDuration":"1.9915","wordfile":[{"path":"audios\/wordfile-659073465ed8d.wav","mime":"audio\/x-wav","copyright":{"license":"U"}}]},{"text":" \u0440\u0430\u0437\u043e\u043c ","startDuration":"1.9925","endDuration":"2.3013","wordfile":[{"path":"audios\/wordfile-659073589b545.wav","mime":"audio\/x-wav","copyright":{"license":"U"}}]},{"text":" \u0456\u0437 ","startDuration":"2.3023","endDuration":"2.5023","wordfile":[{"path":"audios\/wordfile-6590736a68ff3.wav","mime":"audio\/x-wav","copyright":{"license":"U"}}]},{"text":" \u043d\u0430\u043c\u0438. ","startDuration":"2.5033","endDuration":"3.0297","wordfile":[{"path":"audios\/wordfile-6590737e04bd9.wav","mime":"audio\/x-wav","copyright":{"license":"U"}}]}],"files":[{"path":"audios\/files-659072f2c0df3.wav","mime":"audio\/x-wav","copyright":{"license":"U"}}]},"subContentId":"df7dd04e-b5ec-47c6-9a30-b6267953a78c","metadata":{"contentType":"Curious Reader Audio","license":"U","title":"Untitled Curious Reader Audio"}},"backgroundOpacity":0,"willDoAnimation":false,"animationType":"glow","displayAsButton":false,"buttonSize":"big","goToSlideType":"specified","invisible":false},{"x":55.55555555555556,"y":38.70967741935483,"width":13.83442265795207,"height":40,"action":{"library":"H5P.Image 1.1","params":{"contentName":"Image"},"subContentId":"3d346fac-d41c-45dc-9a6d-a098c351cdcd","metadata":{"contentType":"Image","license":"U","title":"Untitled Image"}},"backgroundOpacity":0,"willDoAnimation":true,"animationType":"glow","displayAsButton":false,"buttonSize":"big","goToSlideType":"specified","invisible":false,"id":"imgdf7dd04e-b5ec-47c6-9a30-b6267953a78c_6"},{"x":79.520697167756,"y":10.75268817204301,"width":13.83442265795207,"height":40,"action":{"library":"H5P.Image 1.1","params":{"contentName":"Image"},"subContentId":"6cf60afc-072d-42aa-bffb-c7d44db03f27","metadata":{"contentType":"Image","license":"U","title":"Untitled Image"}},"backgroundOpacity":0,"willDoAnimation":true,"animationType":"glow","displayAsButton":false,"buttonSize":"big","goToSlideType":"specified","invisible":false,"id":"imgdf7dd04e-b5ec-47c6-9a30-b6267953a78c_6"},{"x":68.62745098039215,"y":40.86021505376344,"width":11.655773420479303,"height":40,"action":{"library":"H5P.Image 1.1","params":{"contentName":"Image"},"subContentId":"19450bd1-0e8f-41bb-90e2-b372eb668648","metadata":{"contentType":"Image","license":"U","title":"Untitled Image"}},"backgroundOpacity":0,"willDoAnimation":true,"animationType":"glow","displayAsButton":false,"buttonSize":"big","goToSlideType":"specified","invisible":false,"id":"imgdf7dd04e-b5ec-47c6-9a30-b6267953a78c_6"},{"x":55.55555555555556,"y":38.70967741935483,"width":24.727668845315904,"height":40,"action":{"library":"H5P.Image 1.1","params":{"contentName":"Image"},"subContentId":"b0998545-b3ef-487d-85e0-7984a3de9a07","metadata":{"contentType":"Image","license":"U","title":"Untitled Image"}},"backgroundOpacity":0,"willDoAnimation":true,"animationType":"glow","displayAsButton":false,"buttonSize":"big","goToSlideType":"specified","invisible":false,"id":"imgdf7dd04e-b5ec-47c6-9a30-b6267953a78c_3"},{"x":57.734204793028326,"y":38.70967741935483,"width":21.459694989106755,"height":40,"action":{"library":"H5P.Image 1.1","params":{"contentName":"Image"},"subContentId":"1f28090d-e346-4857-9248-1dd45c113656","metadata":{"contentType":"Image","license":"U","title":"Untitled Image"}},"backgroundOpacity":0,"willDoAnimation":true,"animationType":"glow","displayAsButton":false,"buttonSize":"big","goToSlideType":"specified","invisible":false,"id":"imgdf7dd04e-b5ec-47c6-9a30-b6267953a78c_4"}],"slideBackgroundSelector":{}},{"elements":[{"x":13.26530612244898,"y":81.86397984886649,"width":73.9795918367347,"height":17.12846347607053,"action":{"library":"H5P.CRAdvancedText 1.1","params":{"text":"<p style=\"text-align: center;\"><span style=\"color:#ffffff;\"><span style=\"font-size:2.25em;\">\u041f\u0440\u0438\u0445\u043e\u0434\u044c, \u0447\u0438\u0442\u0430\u0439 \u0440\u0430\u0437\u043e\u043c \u0456\u0437 \u043d\u0430\u043c\u0438.<\/span><\/span><\/p>\n"},"subContentId":"c2f3f53b-4ef2-41bf-8273-468816eeee27","metadata":{"contentType":"Text","license":"U","title":"Untitled Text"}},"alwaysDisplayComments":false,"backgroundOpacity":0,"willDoAnimation":false,"animationType":"glow","displayAsButton":false,"buttonSize":"big","goToSlideType":"specified","invisible":false,"solution":""},{"x":30.357142857142858,"y":5.541561712846347,"width":38.392857142857146,"height":73.04785894206549,"action":{"library":"H5P.Image 1.1","params":{"contentName":"Image","file":{"path":"images\/file-618ec1d1dba5b.jpg","mime":"image\/jpeg","copyright":{"license":"U"},"width":273,"height":273},"alt":"Woza, ufunde kanye nathi.","title":"Woza, ufunde kanye nathi."},"subContentId":"006c0f7a-5773-4f46-bf82-5931c01adc2f","metadata":{"contentType":"Image","license":"U","title":"Untitled Image"}},"backgroundOpacity":0,"willDoAnimation":false,"animationType":"glow","displayAsButton":false,"buttonSize":"big","goToSlideType":"specified","invisible":false},{"x":47.00255102040816,"y":43.95465994962216,"width":40,"height":40,"action":{"library":"H5P.CRAudio 1.4","params":{"fitToWrapper":true,"currIndex":17,"playerMode":"minimalistic","controls":true,"autoplay":true,"playAudio":"Play audio","pauseAudio":"Pause audio","contentName":"Audio","glowColor":"#ffd85a","timeStampForEachText":[{"text":" \u041f\u0440\u0438\u0445\u043e\u0434\u044c, ","startDuration":"0.0000","endDuration":"0.7498","wordfile":[{"path":"audios\/wordfile-659073b486bdc.wav","mime":"audio\/x-wav","copyright":{"license":"U"}}]},{"text":" \u0447\u0438\u0442\u0430\u0439 ","startDuration":"0.7508","endDuration":"1.3566","wordfile":[{"path":"audios\/wordfile-659073c964991.wav","mime":"audio\/x-wav","copyright":{"license":"U"}}]},{"text":" \u0440\u0430\u0437\u043e\u043c ","startDuration":"1.3566","endDuration":"1.6918","wordfile":[{"path":"audios\/wordfile-659073d962985.wav","mime":"audio\/x-wav","copyright":{"license":"U"}}]},{"text":" \u0456\u0437 ","startDuration":"1.6928","endDuration":"1.8928","wordfile":[{"path":"audios\/wordfile-65907402731c6.wav","mime":"audio\/x-wav","copyright":{"license":"U"}}]},{"text":" \u043d\u0430\u043c\u0438. ","startDuration":"1.8938","endDuration":"2.3720","wordfile":[{"path":"audios\/wordfile-6590741d1d29b.wav","mime":"audio\/x-wav","copyright":{"license":"U"}}]}],"files":[{"path":"audios\/files-6590739bc6733.wav","mime":"audio\/x-wav","copyright":{"license":"U"}}]},"subContentId":"c3da85d1-446b-4e48-b7f7-4429f0504579","metadata":{"contentType":"Curious Reader Audio","license":"U","title":"Untitled Curious Reader Audio"}},"backgroundOpacity":0,"willDoAnimation":false,"animationType":"glow","displayAsButton":false,"buttonSize":"big","goToSlideType":"specified","invisible":false},{"x":31.590413943355124,"y":38.66258064516129,"width":10.130718954248366,"height":14.193548387096772,"action":{"library":"H5P.Image 1.1","params":{"contentName":"Image"},"subContentId":"d2fa28bd-aebf-4794-a84a-d16f41b96c85","metadata":{"contentType":"Image","license":"U","title":"Untitled Image"}},"backgroundOpacity":0,"willDoAnimation":true,"animationType":"glow","displayAsButton":false,"buttonSize":"big","goToSlideType":"specified","invisible":false,"id":"imgc3da85d1-446b-4e48-b7f7-4429f0504579_1"},{"x":43.57298474945534,"y":34.388387096774196,"width":10.56644880174292,"height":14.193548387096772,"action":{"library":"H5P.Image 1.1","params":{"contentName":"Image"},"subContentId":"986d9576-c523-462c-8c78-30761c98edc6","metadata":{"contentType":"Image","license":"U","title":"Untitled Image"}},"backgroundOpacity":0,"willDoAnimation":true,"animationType":"glow","displayAsButton":false,"buttonSize":"big","goToSlideType":"specified","invisible":false,"id":"imgc3da85d1-446b-4e48-b7f7-4429f0504579_1"},{"x":56.644880174291934,"y":36.53720430107526,"width":7.298474945533769,"height":14.193548387096772,"action":{"library":"H5P.Image 1.1","params":{"contentName":"Image"},"subContentId":"1466151a-e739-4975-ba0f-5e6f278c182b","metadata":{"contentType":"Image","license":"U","title":"Untitled Image"}},"backgroundOpacity":0,"willDoAnimation":true,"animationType":"glow","displayAsButton":false,"buttonSize":"big","goToSlideType":"specified","invisible":false,"id":"imgc3da85d1-446b-4e48-b7f7-4429f0504579_1"}],"slideBackgroundSelector":{}},{"elements":[{"x":4.336734693877551,"y":27.692191435768265,"width":43.36734693877551,"height":51.63727959697733,"action":{"library":"H5P.CRAdvancedText 1.1","params":{"text":"<p dir=\"ltr\" style=\"text-align: center;\"><span style=\"color:#ffffff;\"><span style=\"font-size:2.25em;\">\u041d\u0430\u043c \u043f\u043e\u0434\u043e\u0431\u0430\u0454\u0442\u044c\u0441\u044f \u0432\u0435\u0441\u0435\u043b\u0438\u0442\u0438\u0441\u044f \u0440\u0430\u0437\u043e\u043c \u0456\u0437 \u0434\u0440\u0443\u0437\u044f\u043c\u0438.<\/span><\/span><\/p>\n"},"subContentId":"6515099d-443d-4e39-a9ae-78a04ed14f9a","metadata":{"contentType":"Text","license":"U","title":"Untitled Text"}},"alwaysDisplayComments":false,"backgroundOpacity":0,"willDoAnimation":false,"animationType":"glow","displayAsButton":false,"buttonSize":"big","goToSlideType":"specified","invisible":false,"solution":""},{"x":48.46938775510204,"y":15.113350125944583,"width":44.753086419753,"height":79.256935743964,"action":{"library":"H5P.Image 1.1","params":{"contentName":"Image","alt":"Sithanda ukuzijabulisa nabangani.","title":"Sithanda ukuzijabulisa nabangani.","file":{"path":"images\/file-618ec2e9676e8.jpg","mime":"image\/jpeg","copyright":{"license":"U"},"width":273,"height":273}},"subContentId":"d306951b-d37a-48f0-b520-d8cb6bed7af9","metadata":{"contentType":"Image","license":"U","title":"Untitled Image"}},"backgroundOpacity":0,"willDoAnimation":false,"animationType":"glow","displayAsButton":false,"buttonSize":"big","goToSlideType":"specified","invisible":false},{"x":47.00255102040816,"y":43.95465994962216,"width":40,"height":40,"action":{"library":"H5P.CRAudio 1.4","params":{"fitToWrapper":true,"currIndex":18,"playerMode":"minimalistic","controls":true,"autoplay":true,"playAudio":"Play audio","pauseAudio":"Pause audio","contentName":"Audio","glowColor":"#ffd85a","timeStampForEachText":[{"text":" \u041d\u0430\u043c ","startDuration":"0.0000","endDuration":"0.4051","wordfile":[{"path":"audios\/wordfile-6590744009ec5.wav","mime":"audio\/x-wav","copyright":{"license":"U"}}]},{"text":" \u043f\u043e\u0434\u043e\u0431\u0430\u0454\u0442\u044c\u0441\u044f ","startDuration":"0.4061","endDuration":"1.0209","wordfile":[{"path":"audios\/wordfile-6590745603bef.wav","mime":"audio\/x-wav","copyright":{"license":"U"}}]},{"text":" \u0432\u0435\u0441\u0435\u043b\u0438\u0442\u0438\u0441\u044f ","startDuration":"1.0219","endDuration":"2.0003","wordfile":[{"path":"audios\/wordfile-6590747f0622d.wav","mime":"audio\/x-wav","copyright":{"license":"U"}}]},{"text":" \u0440\u0430\u0437\u043e\u043c ","startDuration":"2.0003","endDuration":"2.3737","wordfile":[{"path":"audios\/wordfile-659074a972c6c.wav","mime":"audio\/x-wav","copyright":{"license":"U"}}]},{"text":" \u0456\u0437 ","startDuration":"2.3747","endDuration":"2.5747","wordfile":[{"path":"audios\/wordfile-659074b9d327b.wav","mime":"audio\/x-wav","copyright":{"license":"U"}}]},{"text":" \u0434\u0440\u0443\u0437\u044f\u043c\u0438. ","startDuration":"2.5757","endDuration":"3.1812","wordfile":[{"path":"audios\/wordfile-659074d42bc02.wav","mime":"audio\/x-wav","copyright":{"license":"U"}}]}],"files":[{"path":"audios\/files-6590742d48c04.wav","mime":"audio\/x-wav","copyright":{"license":"U"}}]},"subContentId":"879f0395-e301-46a8-97d8-009bebeb1f61","metadata":{"contentType":"Curious Reader Audio","license":"U","title":"Untitled Curious Reader Audio"}},"backgroundOpacity":0,"willDoAnimation":false,"animationType":"glow","displayAsButton":false,"buttonSize":"big","goToSlideType":"specified","invisible":false},{"x":46.84095860566449,"y":21.46505376344086,"width":47.60348583877996,"height":29.462365591397848,"action":{"library":"H5P.Image 1.1","params":{"contentName":"Image"},"subContentId":"d9b41ee4-7c03-4756-a030-ccc088273d73","metadata":{"contentType":"Image","license":"U","title":"Untitled Image"}},"backgroundOpacity":0,"willDoAnimation":true,"animationType":"glow","displayAsButton":false,"buttonSize":"big","goToSlideType":"specified","invisible":false,"id":"img879f0395-e301-46a8-97d8-009bebeb1f61_5"}],"slideBackgroundSelector":{}},{"elements":[{"x":4.62962962962963,"y":11.415525114155251,"width":23.148148148148145,"height":15.981735159817353,"action":{"library":"H5P.Image 1.1","params":{"contentName":"Image","file":{"path":"images\/file-61faf81aea46b.png","mime":"image\/png","copyright":{"license":"U"},"width":1350,"height":487}},"metadata":{"contentType":"Image","license":"U","title":"Untitled Image"},"subContentId":"45750f56-188e-4f60-af42-6d631b2d556f"},"backgroundOpacity":0,"willDoAnimation":false,"animationType":"glow","displayAsButton":false,"buttonSize":"big","goToSlideType":"specified","invisible":false},{"x":37.03703703703704,"y":10.752688172043008,"width":28.124999999999996,"height":13.698630136986301,"action":{"library":"H5P.Image 1.1","params":{"contentName":"Image","file":{"path":"images\/file-61f9b09eb5330.png","mime":"image\/png","copyright":{"license":"U"},"width":814,"height":202}},"metadata":{"contentType":"Image","license":"U","title":"Untitled Image"},"subContentId":"cc2ecdc6-9393-428c-907b-f89bde66f5e3"},"backgroundOpacity":0,"willDoAnimation":false,"animationType":"glow","displayAsButton":false,"buttonSize":"big","goToSlideType":"specified","invisible":false},{"x":69.71677559912854,"y":6.451612903225806,"width":23.148148148148145,"height":23.28767123287671,"action":{"library":"H5P.Image 1.1","params":{"contentName":"Image","file":{"path":"images\/file-61f9b3987a86d.jpg","mime":"image\/jpeg","copyright":{"license":"U"},"width":306,"height":148}},"metadata":{"contentType":"Image","license":"U","title":"Untitled Image"},"subContentId":"523bfe62-f871-4d0d-a7d3-8902a69232f4"},"backgroundOpacity":0,"willDoAnimation":false,"animationType":"glow","displayAsButton":false,"buttonSize":"big","goToSlideType":"specified","invisible":false},{"x":17.429193899782135,"y":36.51548387096774,"width":65.359477124183,"height":56.98924731182795,"action":{"library":"H5P.CRAdvancedText 1.1","params":{"text":"<h3 style=\"text-align: center;\"><span style=\"font-size:1.125em;\"><strong>\"<\/strong><\/span>\u0414\u0440\u0443\u0437\u0456<span style=\"font-size:1.125em;\"><strong>\" credits<\/strong><\/span><\/h3>\n\n<h3 style=\"text-align: center;\"><span style=\"font-size:1em;\">This work, \"<\/span>\u0414\u0440\u0443\u0437\u0456<span style=\"font-size:1em;\">\", is a derivative of \"Friends\" by Zimbili Dlamini and Hlengiwe Zondi, used under CC BY. \"Abangani\" is licensed under CC BY 4.0 by Curious Learning.<\/span><\/h3>\n\n<h3 style=\"text-align: center;\"><br>\n<span style=\"font-size:1em;\">Book builder - Abraham Jerry Kakooza<\/span><\/h3>\n\n<p style=\"text-align: center;\">&nbsp;<\/p>\n"},"metadata":{"contentType":"Text","license":"U","title":"Untitled Text"},"subContentId":"01353513-0203-46a7-a7f4-bb1d8f346485"},"alwaysDisplayComments":false,"backgroundOpacity":0,"willDoAnimation":false,"animationType":"glow","displayAsButton":false,"buttonSize":"big","goToSlideType":"specified","invisible":false,"solution":""}],"slideBackgroundSelector":{}}],"keywordListEnabled":true,"globalBackgroundSelector":{"fillGlobalBackground":"#b7f5da"},"keywordListAlwaysShow":false,"keywordListAutoHide":false,"keywordListOpacity":90},"override":{"activeSurface":false,"hideSummarySlide":false,"summarySlideSolutionButton":true,"summarySlideRetryButton":true,"enablePrintButton":false,"social":{"showFacebookShare":false,"facebookShare":{"url":"@currentpageurl","quote":"I scored @score out of @maxScore on a task at @currentpageurl."},"showTwitterShare":false,"twitterShare":{"statement":"I scored @score out of @maxScore on a task at @currentpageurl.","url":"@currentpageurl","hashtags":"h5p, course"},"showGoogleShare":false,"googleShareUrl":"@currentpageurl"}},"l10n":{"slide":"Slide","score":"Score","yourScore":"Your Score","maxScore":"Max Score","total":"Total","totalScore":"Total Score","showSolutions":"Show solutions","retry":"Retry","exportAnswers":"Export text","hideKeywords":"Hide sidebar navigation menu","showKeywords":"Show sidebar navigation menu","fullscreen":"Fullscreen","exitFullscreen":"Exit fullscreen","prevSlide":"Previous slide","nextSlide":"Next slide","currentSlide":"Current slide","lastSlide":"Last slide","solutionModeTitle":"Exit solution mode","solutionModeText":"Solution Mode","summaryMultipleTaskText":"Multiple tasks","scoreMessage":"You achieved:","shareFacebook":"Share on Facebook","shareTwitter":"Share on Twitter","shareGoogle":"Share on Google+","summary":"Summary","solutionsButtonTitle":"Show comments","printTitle":"Print","printIngress":"How would you like to print this presentation?","printAllSlides":"Print all slides","printCurrentSlide":"Print current slide","noTitle":"No title","accessibilitySlideNavigationExplanation":"Use left and right arrow to change slide in that direction whenever canvas is selected.","accessibilityCanvasLabel":"Presentation canvas. Use left and right arrow to move between slides.","containsNotCompleted":"@slideName contains not completed interaction","containsCompleted":"@slideName contains completed interaction","slideCount":"Slide @index of @total","containsOnlyCorrect":"@slideName only has correct answers","containsIncorrectAnswers":"@slideName has incorrect answers","shareResult":"Share Result","accessibilityTotalScore":"You got @score of @maxScore points in total","accessibilityEnteredFullscreen":"Entered fullscreen","accessibilityExitedFullscreen":"Exited fullscreen"}}