{"presentation":{"slides":[{"elements":[{"x":13.071895424836603,"y":6.4415268817204305,"width":68.7363834422658,"height":68.81720430107526,"action":{"library":"H5P.Image 1.1","params":{"contentName":"Image","file":{"path":"images\/file-6582f61cdb6a9.jpg","mime":"image\/jpeg","copyright":{"license":"U"},"width":959,"height":459}},"subContentId":"421e74ff-dfa5-4d73-b63a-cebff5b18795","metadata":{"contentType":"Image","license":"U","title":"Untitled Image"}},"backgroundOpacity":0,"willDoAnimation":false,"animationType":"glow","displayAsButton":false,"buttonSize":"big","goToSlideType":"specified","invisible":false},{"x":17.429193899782135,"y":79.56989247311827,"width":61.00217864923747,"height":18.279569892473116,"action":{"library":"H5P.CRAdvancedText 1.1","params":{"text":"<p dir=\"ltr\" style=\"text-align: center;\"><span style=\"font-size:2.25em;\">Siklu di Chaku<\/span><\/p>\n"},"subContentId":"66f4847e-d5bd-4023-9a15-bf634c8b0603","metadata":{"contentType":"Text","license":"U","title":"Untitled Text"}},"alwaysDisplayComments":false,"backgroundOpacity":0,"willDoAnimation":false,"animationType":"glow","displayAsButton":false,"buttonSize":"big","goToSlideType":"specified","invisible":false,"solution":""}],"slideBackgroundSelector":{}},{"elements":[{"x":15.250544662309368,"y":2.150537634408602,"width":65.359477124183,"height":70.96774193548387,"action":{"library":"H5P.Image 1.1","params":{"contentName":"Image","file":{"path":"images\/file-6582f6cf13510.jpg","mime":"image\/jpeg","copyright":{"license":"U"},"width":959,"height":516}},"subContentId":"da25cda4-6603-4d35-83de-c84d5cea3cbf","metadata":{"contentType":"Image","license":"U","title":"Untitled Image"}},"backgroundOpacity":0,"willDoAnimation":false,"animationType":"glow","displayAsButton":false,"buttonSize":"big","goToSlideType":"specified","invisible":false},{"x":7.462686567164178,"y":77.49077490774908,"width":75.18382352941175,"height":22.545454545454547,"action":{"library":"H5P.CRAdvancedText 1.1","params":{"text":"<p dir=\"ltr\" style=\"text-align: center;\"><span style=\"font-size:1.75em;\"><span style=\"color:#ffffff;\">Chaku gostaba di brinka ku si amigus.<\/span><\/span><\/p>\n"},"subContentId":"36753ba6-9a9b-4174-83e7-808ea43aacdf","metadata":{"contentType":"Text","license":"U","title":"Untitled Text"}},"alwaysDisplayComments":false,"backgroundOpacity":0,"willDoAnimation":false,"animationType":"glow","displayAsButton":false,"buttonSize":"big","goToSlideType":"specified","invisible":false,"solution":""},{"x":47.000103485838785,"y":44.00026681929878,"width":40,"height":40,"action":{"library":"H5P.CRAudio 1.4","params":{"fitToWrapper":true,"currIndex":1,"playerMode":"minimalistic","controls":true,"autoplay":true,"playAudio":"Play audio","pauseAudio":"Pause audio","contentName":"Audio","glowColor":"#ffd85a","timeStampForEachText":[{"text":" Chaku ","startDuration":"0.0262","endDuration":"0.6381","wordfile":[{"path":"audios\/wordfile-6704f44627412.wav","mime":"audio\/x-wav","copyright":{"license":"U"}}]},{"text":" gostaba ","startDuration":"0.6391","endDuration":"1.2772","wordfile":[{"path":"audios\/wordfile-6704f462213c4.wav","mime":"audio\/x-wav","copyright":{"license":"U"}}]},{"text":" di ","startDuration":"1.2782","endDuration":"1.4220","wordfile":[{"path":"audios\/wordfile-6704f47d6a493.wav","mime":"audio\/x-wav","copyright":{"license":"U"}}]},{"text":" brinka ","startDuration":"1.4221","endDuration":"1.8468","wordfile":[{"path":"audios\/wordfile-6704f4a017c2a.wav","mime":"audio\/x-wav","copyright":{"license":"U"}}]},{"text":" ku ","startDuration":"1.8478","endDuration":"2.0478","wordfile":[{"path":"audios\/wordfile-6704f4b4d6891.wav","mime":"audio\/x-wav","copyright":{"license":"U"}}]},{"text":" si ","startDuration":"2.0479","endDuration":"2.2479","wordfile":[{"path":"audios\/wordfile-6704f4d11a394.wav","mime":"audio\/x-wav","copyright":{"license":"U"}}]},{"text":" amigus. ","startDuration":"2.2489","endDuration":"3.2802","wordfile":[{"path":"audios\/wordfile-6704f4e82c268.wav","mime":"audio\/x-wav","copyright":{"license":"U"}}]}],"files":[{"path":"audios\/files-6704f40e075e7.wav","mime":"audio\/x-wav","copyright":{"license":"U"}}]},"subContentId":"5ca7719e-f9c1-4c3d-832a-874ad280c889","metadata":{"contentType":"Curious Reader Audio","license":"U","title":"Untitled Curious Reader Audio"}},"backgroundOpacity":0,"willDoAnimation":false,"animationType":"glow","displayAsButton":false,"buttonSize":"big","goToSlideType":"specified","invisible":false},{"x":46.84095860566449,"y":15.062379769932909,"width":16.013071895424837,"height":39.999440540179975,"action":{"library":"H5P.Image 1.1","params":{"contentName":"Image"},"subContentId":"0f8bb8c2-221c-4603-a26f-97b625432104","metadata":{"contentType":"Image","license":"U","title":"Untitled Image"}},"backgroundOpacity":0,"willDoAnimation":true,"animationType":"glow","displayAsButton":false,"buttonSize":"big","goToSlideType":"specified","invisible":false,"id":"img5ca7719e-f9c1-4c3d-832a-874ad280c889_0"},{"x":21.78649237472767,"y":21.517685385618442,"width":25.04771241830065,"height":46.693377286792014,"action":{"library":"H5P.Image 1.1","params":{"contentName":"Image"},"subContentId":"df973a1e-ac9b-4ebe-bb08-1fe30b976c88","metadata":{"contentType":"Image","license":"U","title":"Untitled Image"}},"backgroundOpacity":0,"willDoAnimation":true,"animationType":"glow","displayAsButton":false,"buttonSize":"big","goToSlideType":"specified","invisible":false,"id":"img5ca7719e-f9c1-4c3d-832a-874ad280c889_6"},{"x":56.64488017429194,"y":38.73183369411319,"width":18.127015250544662,"height":33.78276605542095,"action":{"library":"H5P.Image 1.1","params":{"contentName":"Image"},"subContentId":"fb5c0d1e-a0b1-4f5a-b68c-74d9d2f31b73","metadata":{"contentType":"Image","license":"U","title":"Untitled Image"}},"backgroundOpacity":0,"willDoAnimation":true,"animationType":"glow","displayAsButton":false,"buttonSize":"big","goToSlideType":"specified","invisible":false,"id":"img5ca7719e-f9c1-4c3d-832a-874ad280c889_6"}],"slideBackgroundSelector":{}},{"elements":[{"x":5.446623093681917,"y":4.301075268817204,"width":38.12636165577342,"height":93.54838709677419,"action":{"library":"H5P.Image 1.1","params":{"contentName":"Image","file":{"path":"images\/file-6582f72bd78b8.jpg","mime":"image\/jpeg","copyright":{"license":"U"},"width":479,"height":686}},"subContentId":"fb28b8d4-c35a-42fd-b001-fd43d70a400a","metadata":{"contentType":"Image","license":"U","title":"Untitled Image"}},"backgroundOpacity":0,"willDoAnimation":false,"animationType":"glow","displayAsButton":false,"buttonSize":"big","goToSlideType":"specified","invisible":false},{"x":48.46938775510204,"y":42.82115869017632,"width":49.01960784313726,"height":31.39784946236559,"action":{"library":"H5P.CRAdvancedText 1.1","params":{"text":"<p dir=\"ltr\" style=\"text-align: center;\"><span style=\"font-size:1.75em;\"><span style=\"color:#ffffff;\">E gostaba di trisiklu di Lila.<\/span><\/span><\/p>\n"},"subContentId":"9a88ce55-a8ca-437a-8702-a993e932e166","metadata":{"contentType":"Text","license":"U","title":"Untitled Text"}},"alwaysDisplayComments":false,"backgroundOpacity":0,"willDoAnimation":false,"animationType":"glow","displayAsButton":false,"buttonSize":"big","goToSlideType":"specified","invisible":false,"solution":""},{"x":47.000103485838785,"y":44.00026681929878,"width":40,"height":40,"action":{"library":"H5P.CRAudio 1.4","params":{"fitToWrapper":true,"currIndex":2,"playerMode":"minimalistic","controls":true,"autoplay":true,"playAudio":"Play audio","pauseAudio":"Pause audio","contentName":"Audio","glowColor":"#ffd85a","timeStampForEachText":[{"text":" E ","startDuration":"0.0000","endDuration":"0.2030","wordfile":[{"path":"audios\/wordfile-6704f52d063a9.wav","mime":"audio\/x-wav","copyright":{"license":"U"}}]},{"text":" gostaba ","startDuration":"0.2031","endDuration":"0.8858","wordfile":[{"path":"audios\/wordfile-6704f56c093e9.wav","mime":"audio\/x-wav","copyright":{"license":"U"}}]},{"text":" di ","startDuration":"0.8868","endDuration":"1.0868","wordfile":[{"path":"audios\/wordfile-6704f582cce2a.wav","mime":"audio\/x-wav","copyright":{"license":"U"}}]},{"text":" trisiklu ","startDuration":"1.0878","endDuration":"1.8335","wordfile":[{"path":"audios\/wordfile-6704f5a144637.wav","mime":"audio\/x-wav","copyright":{"license":"U"}}]},{"text":" di ","startDuration":"1.8345","endDuration":"1.9925","wordfile":[{"path":"audios\/wordfile-6704f5b8761f3.wav","mime":"audio\/x-wav","copyright":{"license":"U"}}]},{"text":" Lila. ","startDuration":"1.9935","endDuration":"2.6043","wordfile":[{"path":"audios\/wordfile-6704f5d053b19.wav","mime":"audio\/x-wav","copyright":{"license":"U"}}]}],"files":[{"path":"audios\/files-6704f505dcff4.wav","mime":"audio\/x-wav","copyright":{"license":"U"}}]},"subContentId":"0d7528e1-3823-45aa-a9fe-7d7be2407bec","metadata":{"contentType":"Curious Reader Audio","license":"U","title":"Untitled Curious Reader Audio"}},"backgroundOpacity":0,"willDoAnimation":false,"animationType":"glow","displayAsButton":false,"buttonSize":"big","goToSlideType":"specified","invisible":false},{"x":21.78649237472767,"y":51.642444925484256,"width":18.191721132897605,"height":39.999440540179975,"action":{"library":"H5P.Image 1.1","params":{"contentName":"Image"},"subContentId":"ba74d16c-7624-4b33-b150-32c62f863757","metadata":{"contentType":"Image","license":"U","title":"Untitled Image"}},"backgroundOpacity":0,"willDoAnimation":true,"animationType":"glow","displayAsButton":false,"buttonSize":"big","goToSlideType":"specified","invisible":false,"id":"img0d7528e1-3823-45aa-a9fe-7d7be2407bec_3"},{"x":20.697167755991288,"y":30.124759539865817,"width":17.10239651416122,"height":30.32143118429037,"action":{"library":"H5P.Image 1.1","params":{"contentName":"Image"},"subContentId":"c72f58b4-a4aa-4b7e-a379-ed8d87f8b086","metadata":{"contentType":"Image","license":"U","title":"Untitled Image"}},"backgroundOpacity":0,"willDoAnimation":true,"animationType":"glow","displayAsButton":false,"buttonSize":"big","goToSlideType":"specified","invisible":false,"id":"img0d7528e1-3823-45aa-a9fe-7d7be2407bec_5"}],"slideBackgroundSelector":{}},{"elements":[{"x":3.2679738562091503,"y":2.150537634408602,"width":39.97821350762527,"height":96.77419354838709,"action":{"library":"H5P.Image 1.1","params":{"contentName":"Image","file":{"path":"images\/file-6582f7eede908.jpg","mime":"image\/jpeg","copyright":{"license":"U"},"width":479,"height":686}},"subContentId":"cafcd57b-3545-4c4b-bd65-7246c85de666","metadata":{"contentType":"Image","license":"U","title":"Untitled Image"}},"backgroundOpacity":0,"willDoAnimation":false,"animationType":"glow","displayAsButton":false,"buttonSize":"big","goToSlideType":"specified","invisible":false},{"x":45.955882352941174,"y":25.454545454545453,"width":49.10714285714286,"height":40.050377833753146,"action":{"library":"H5P.CRAdvancedText 1.1","params":{"text":"<p dir=\"ltr\" style=\"text-align: center;\"><span style=\"font-size:1.75em;\"><span style=\"color:#ffffff;\">Chaku disidi fazi si propi trisiklu.<\/span><\/span><\/p>\n"},"subContentId":"6ed4d0c8-4215-4a30-9633-4617986f09cd","metadata":{"contentType":"Text","license":"U","title":"Untitled Text"}},"alwaysDisplayComments":false,"backgroundOpacity":0,"willDoAnimation":false,"animationType":"glow","displayAsButton":false,"buttonSize":"big","goToSlideType":"specified","invisible":false,"solution":""},{"x":47.000103485838785,"y":44.00026681929878,"width":40,"height":40,"action":{"library":"H5P.CRAudio 1.4","params":{"fitToWrapper":true,"currIndex":3,"playerMode":"minimalistic","controls":true,"autoplay":true,"playAudio":"Play audio","pauseAudio":"Pause audio","contentName":"Audio","glowColor":"#ffd85a","timeStampForEachText":[{"text":" Chaku ","startDuration":"0.0000","endDuration":"0.6108","wordfile":[{"path":"audios\/wordfile-6704f69294788.wav","mime":"audio\/x-wav","copyright":{"license":"U"}}]},{"text":" disidi ","startDuration":"0.6118","endDuration":"1.0750","wordfile":[{"path":"audios\/wordfile-6704f6b13de57.wav","mime":"audio\/x-wav","copyright":{"license":"U"}}]},{"text":" fazi ","startDuration":"1.0751","endDuration":"1.6221","wordfile":[{"path":"audios\/wordfile-6704f6da6e48c.wav","mime":"audio\/x-wav","copyright":{"license":"U"}}]},{"text":" si ","startDuration":"1.6231","endDuration":"1.8231","wordfile":[{"path":"audios\/wordfile-6704f6ef68ae9.wav","mime":"audio\/x-wav","copyright":{"license":"U"}}]},{"text":" propi ","startDuration":"1.8241","endDuration":"2.5067","wordfile":[{"path":"audios\/wordfile-6704f70512c5f.wav","mime":"audio\/x-wav","copyright":{"license":"U"}}]},{"text":" trisiklu. ","startDuration":"2.5077","endDuration":"3.4936","wordfile":[{"path":"audios\/wordfile-6704f71a20b27.wav","mime":"audio\/x-wav","copyright":{"license":"U"}}]}],"files":[{"path":"audios\/files-6704f5ef25b2a.wav","mime":"audio\/x-wav","copyright":{"license":"U"}}]},"subContentId":"87e70a18-2d4b-4030-b52b-430d016c238d","metadata":{"contentType":"Curious Reader Audio","license":"U","title":"Untitled Curious Reader Audio"}},"backgroundOpacity":0,"willDoAnimation":false,"animationType":"glow","displayAsButton":false,"buttonSize":"big","goToSlideType":"specified","invisible":false},{"x":20.697167755991288,"y":10.758842692809221,"width":19.281045751633986,"height":39.999440540179975,"action":{"library":"H5P.Image 1.1","params":{"contentName":"Image"},"subContentId":"6cc024dd-cd6a-44a1-bfb7-be429d050030","metadata":{"contentType":"Image","license":"U","title":"Untitled Image"}},"backgroundOpacity":0,"willDoAnimation":true,"animationType":"glow","displayAsButton":false,"buttonSize":"big","goToSlideType":"specified","invisible":false,"id":"img87e70a18-2d4b-4030-b52b-430d016c238d_0"}],"slideBackgroundSelector":{}},{"elements":[{"x":4.357298474945534,"y":2.148858064516129,"width":39.97821350762527,"height":96.77419354838709,"action":{"library":"H5P.Image 1.1","params":{"contentName":"Image","file":{"path":"images\/file-6582f82e21dc4.jpg","mime":"image\/jpeg","copyright":{"license":"U"},"width":479,"height":686}},"subContentId":"e2d5d6fe-aa9f-46a2-b83c-b89c31d009db","metadata":{"contentType":"Image","license":"U","title":"Untitled Image"}},"backgroundOpacity":0,"willDoAnimation":false,"animationType":"glow","displayAsButton":false,"buttonSize":"big","goToSlideType":"specified","invisible":false},{"x":51.470588235294116,"y":29.09090909090909,"width":40,"height":40,"action":{"library":"H5P.CRAdvancedText 1.1","params":{"text":"<p dir=\"ltr\" style=\"text-align: center;\"><span style=\"color:#ffffff;\"><span style=\"font-size:1.75em;\">Chaku buska rijistus.<\/span><\/span><\/p>\n"},"subContentId":"55b63758-aa28-4edd-9bdd-c0cd9261f76a","metadata":{"contentType":"Text","license":"U","title":"Untitled Text"}},"alwaysDisplayComments":false,"backgroundOpacity":0,"willDoAnimation":false,"animationType":"glow","displayAsButton":false,"buttonSize":"big","goToSlideType":"specified","invisible":false,"solution":""},{"x":47.000103485838785,"y":44.00026681929878,"width":40,"height":40,"action":{"library":"H5P.CRAudio 1.4","params":{"fitToWrapper":true,"currIndex":4,"playerMode":"minimalistic","controls":true,"autoplay":true,"playAudio":"Play audio","pauseAudio":"Pause audio","contentName":"Audio","glowColor":"#ffd85a","timeStampForEachText":[{"text":" Chaku ","startDuration":"0.0000","endDuration":"0.5685","wordfile":[{"path":"audios\/wordfile-6704f76a0ff04.wav","mime":"audio\/x-wav","copyright":{"license":"U"}}]},{"text":" buska ","startDuration":"0.5695","endDuration":"1.0160","wordfile":[{"path":"audios\/wordfile-6704f784be110.wav","mime":"audio\/x-wav","copyright":{"license":"U"}}]},{"text":" rijistus. ","startDuration":"1.0170","endDuration":"2.0666","wordfile":[{"path":"audios\/wordfile-6704f79a95fa4.wav","mime":"audio\/x-wav","copyright":{"license":"U"}}]}],"files":[{"path":"audios\/files-6704f73d361c4.wav","mime":"audio\/x-wav","copyright":{"license":"U"}}]},"subContentId":"1f4947a8-117f-47e3-a0aa-0e9b629567ab","metadata":{"contentType":"Curious Reader Audio","license":"U","title":"Untitled Curious Reader Audio"}},"backgroundOpacity":0,"willDoAnimation":false,"animationType":"glow","displayAsButton":false,"buttonSize":"big","goToSlideType":"specified","invisible":false},{"x":18.51851851851852,"y":51.642444925484256,"width":9.477124183006536,"height":23.740031932245113,"action":{"library":"H5P.Image 1.1","params":{"contentName":"Image"},"subContentId":"6f6b1e7d-d05d-40eb-ac96-8a7957aa5519","metadata":{"contentType":"Image","license":"U","title":"Untitled Image"}},"backgroundOpacity":0,"willDoAnimation":true,"animationType":"glow","displayAsButton":false,"buttonSize":"big","goToSlideType":"specified","invisible":false,"id":"img1f4947a8-117f-47e3-a0aa-0e9b629567ab_2"},{"x":15.250544662309368,"y":71.00836177254085,"width":14.955228758169934,"height":18.720386285488043,"action":{"library":"H5P.Image 1.1","params":{"contentName":"Image"},"subContentId":"a62ca12e-47e3-4523-ab98-b17f242cd2ff","metadata":{"contentType":"Image","license":"U","title":"Untitled Image"}},"backgroundOpacity":0,"willDoAnimation":true,"animationType":"glow","displayAsButton":false,"buttonSize":"big","goToSlideType":"specified","invisible":false,"id":"img1f4947a8-117f-47e3-a0aa-0e9b629567ab_2"},{"x":5.446623093681917,"y":45.187139309798724,"width":20.37037037037037,"height":39.999440540179975,"action":{"library":"H5P.Image 1.1","params":{"contentName":"Image"},"subContentId":"47da16f8-6214-4db1-8a02-ce4f0f9b9284","metadata":{"contentType":"Image","license":"U","title":"Untitled Image"}},"backgroundOpacity":0,"willDoAnimation":true,"animationType":"glow","displayAsButton":false,"buttonSize":"big","goToSlideType":"specified","invisible":false,"id":"img1f4947a8-117f-47e3-a0aa-0e9b629567ab_0"}],"slideBackgroundSelector":{}},{"elements":[{"x":5.446623093681917,"y":6.44658064516129,"width":39.97821350762527,"height":93.54838709677419,"action":{"library":"H5P.Image 1.1","params":{"contentName":"Image","file":{"path":"images\/file-6582f8657e7fd.jpg","mime":"image\/jpeg","copyright":{"license":"U"},"width":639,"height":687}},"subContentId":"59f6874d-70d3-4721-b27c-88467f7a9199","metadata":{"contentType":"Image","license":"U","title":"Untitled Image"}},"backgroundOpacity":0,"willDoAnimation":false,"animationType":"glow","displayAsButton":false,"buttonSize":"big","goToSlideType":"specified","invisible":false},{"x":46.64179104477612,"y":22.14022140221402,"width":49.080882352941174,"height":48,"action":{"library":"H5P.CRAdvancedText 1.1","params":{"text":"<p dir=\"ltr\" style=\"text-align: center;\"><span style=\"font-size:1.75em;\"><span style=\"color:#ffffff;\">Chaku lenbra ma e mesteba di unhas i un martelu.<\/span><\/span><\/p>\n"},"subContentId":"aa0e15d9-a1e8-482d-8ee6-6e545bfeab5b","metadata":{"contentType":"Text","license":"U","title":"Untitled Text"}},"alwaysDisplayComments":false,"backgroundOpacity":0,"willDoAnimation":false,"animationType":"glow","displayAsButton":false,"buttonSize":"big","goToSlideType":"specified","invisible":false,"solution":""},{"x":47.000103485838785,"y":44.00026681929878,"width":40,"height":40,"action":{"library":"H5P.CRAudio 1.4","params":{"fitToWrapper":true,"currIndex":5,"playerMode":"minimalistic","controls":true,"autoplay":true,"playAudio":"Play audio","pauseAudio":"Pause audio","contentName":"Audio","glowColor":"#ffd85a","timeStampForEachText":[{"text":" Chaku ","startDuration":"0.0000","endDuration":"0.5719","wordfile":[{"path":"audios\/wordfile-6704f7f292d72.wav","mime":"audio\/x-wav","copyright":{"license":"U"}}]},{"text":" lenbra ","startDuration":"0.5729","endDuration":"1.1781","wordfile":[{"path":"audios\/wordfile-6704f824134bc.wav","mime":"audio\/x-wav","copyright":{"license":"U"}}]},{"text":" ma ","startDuration":"1.1791","endDuration":"1.3791","wordfile":[{"path":"audios\/wordfile-6704f8371cca1.wav","mime":"audio\/x-wav","copyright":{"license":"U"}}]},{"text":" e ","startDuration":"1.3801","endDuration":"1.5801","wordfile":[{"path":"audios\/wordfile-6704f84cbe904.wav","mime":"audio\/x-wav","copyright":{"license":"U"}}]},{"text":" mesteba ","startDuration":"1.5811","endDuration":"2.1577","wordfile":[{"path":"audios\/wordfile-6704f86620d29.wav","mime":"audio\/x-wav","copyright":{"license":"U"}}]},{"text":" di ","startDuration":"2.1587","endDuration":"2.3587","wordfile":[{"path":"audios\/wordfile-6704f876c410e.wav","mime":"audio\/x-wav","copyright":{"license":"U"}}]},{"text":" unhas ","startDuration":"2.3588","endDuration":"2.9259","wordfile":[{"path":"audios\/wordfile-6704f89b1d5f0.wav","mime":"audio\/x-wav","copyright":{"license":"U"}}]},{"text":" i ","startDuration":"2.9269","endDuration":"3.1269","wordfile":[{"path":"audios\/wordfile-6704f8ad99195.wav","mime":"audio\/x-wav","copyright":{"license":"U"}}]},{"text":" un ","startDuration":"3.1279","endDuration":"3.3613","wordfile":[{"path":"audios\/wordfile-6704f8c747f47.wav","mime":"audio\/x-wav","copyright":{"license":"U"}}]},{"text":" martelu. ","startDuration":"3.3623","endDuration":"4.1630","wordfile":[{"path":"audios\/wordfile-6704f8e0ad9ed.wav","mime":"audio\/x-wav","copyright":{"license":"U"}}]}],"files":[{"path":"audios\/files-6704f7cbc0852.wav","mime":"audio\/x-wav","copyright":{"license":"U"}}]},"subContentId":"d1ba87c7-4005-40fb-99cb-85d6ccfb22bc","metadata":{"contentType":"Curious Reader Audio","license":"U","title":"Untitled Curious Reader Audio"}},"backgroundOpacity":0,"willDoAnimation":false,"animationType":"glow","displayAsButton":false,"buttonSize":"big","goToSlideType":"specified","invisible":false},{"x":25.05446623093682,"y":8.607074154247377,"width":13.83442265795207,"height":22.326320002409982,"action":{"library":"H5P.Image 1.1","params":{"contentName":"Image"},"subContentId":"54065a52-2458-4f9b-82df-1d207da0dd68","metadata":{"contentType":"Image","license":"U","title":"Untitled Image"}},"backgroundOpacity":0,"willDoAnimation":true,"animationType":"glow","displayAsButton":false,"buttonSize":"big","goToSlideType":"specified","invisible":false,"id":"imgd1ba87c7-4005-40fb-99cb-85d6ccfb22bc_6"},{"x":26.143790849673202,"y":10.758842692809221,"width":9.477124183006536,"height":16.77370280633653,"action":{"library":"H5P.Image 1.1","params":{"contentName":"Image"},"subContentId":"9cf0636c-e04f-406d-bbab-c054a4616ae9","metadata":{"contentType":"Image","license":"U","title":"Untitled Image"}},"backgroundOpacity":0,"willDoAnimation":true,"animationType":"glow","displayAsButton":false,"buttonSize":"big","goToSlideType":"specified","invisible":false,"id":"imgd1ba87c7-4005-40fb-99cb-85d6ccfb22bc_9"},{"x":6.5359477124183005,"y":27.972991001303974,"width":16.013071895424837,"height":39.999440540179975,"action":{"library":"H5P.Image 1.1","params":{"contentName":"Image"},"subContentId":"ec5435d1-abbc-4b32-af5d-df8f691473b1","metadata":{"contentType":"Image","license":"U","title":"Untitled Image"}},"backgroundOpacity":0,"willDoAnimation":true,"animationType":"glow","displayAsButton":false,"buttonSize":"big","goToSlideType":"specified","invisible":false,"id":"imgd1ba87c7-4005-40fb-99cb-85d6ccfb22bc_0"}],"slideBackgroundSelector":{}},{"elements":[{"x":4.357298474945534,"y":2.150537634408602,"width":39.97821350762527,"height":95.69892473118279,"action":{"library":"H5P.Image 1.1","params":{"contentName":"Image","file":{"path":"images\/file-6582f8a2a9d1c.jpg","mime":"image\/jpeg","copyright":{"license":"U"},"width":479,"height":686}},"subContentId":"a12d8d51-bd78-4fea-affb-9061ee70f22e","metadata":{"contentType":"Image","license":"U","title":"Untitled Image"}},"backgroundOpacity":0,"willDoAnimation":false,"animationType":"glow","displayAsButton":false,"buttonSize":"big","goToSlideType":"specified","invisible":false},{"x":45.91836734693878,"y":40.8375314861461,"width":48.5969387755102,"height":40.050377833753146,"action":{"library":"H5P.CRAdvancedText 1.1","params":{"text":"<p dir=\"ltr\" style=\"text-align: center;\"><span style=\"font-size:1.75em;\"><span style=\"color:#ffffff;\">Chaku bai buska djuda di si tiu.<\/span><\/span><\/p>\n"},"subContentId":"b55726bc-a322-4bce-8773-377dd906e05f","metadata":{"contentType":"Text","license":"U","title":"Untitled Text"}},"alwaysDisplayComments":false,"backgroundOpacity":0,"willDoAnimation":false,"animationType":"glow","displayAsButton":false,"buttonSize":"big","goToSlideType":"specified","invisible":false,"solution":""},{"x":47.000103485838785,"y":44.00026681929878,"width":40,"height":40,"action":{"library":"H5P.CRAudio 1.4","params":{"fitToWrapper":true,"currIndex":6,"playerMode":"minimalistic","controls":true,"autoplay":true,"playAudio":"Play audio","pauseAudio":"Pause audio","contentName":"Audio","glowColor":"#ffd85a","timeStampForEachText":[{"text":" Chaku ","startDuration":"0.0000","endDuration":"0.5479","wordfile":[{"path":"audios\/wordfile-6704f9a1c8ab2.wav","mime":"audio\/x-wav","copyright":{"license":"U"}}]},{"text":" bai ","startDuration":"0.5412","endDuration":"0.7412","wordfile":[{"path":"audios\/wordfile-6704f9b978664.wav","mime":"audio\/x-wav","copyright":{"license":"U"}}]},{"text":" buska ","startDuration":"0.7422","endDuration":"1.2009","wordfile":[{"path":"audios\/wordfile-6704f9d1eeec8.wav","mime":"audio\/x-wav","copyright":{"license":"U"}}]},{"text":" djuda ","startDuration":"1.2019","endDuration":"1.6398","wordfile":[{"path":"audios\/wordfile-6704f9e9efb6a.wav","mime":"audio\/x-wav","copyright":{"license":"U"}}]},{"text":" di ","startDuration":"1.6408","endDuration":"1.8408","wordfile":[{"path":"audios\/wordfile-6704f9fc818fd.wav","mime":"audio\/x-wav","copyright":{"license":"U"}}]},{"text":" si ","startDuration":"1.8418","endDuration":"2.1251","wordfile":[{"path":"audios\/wordfile-6704fa1131062.wav","mime":"audio\/x-wav","copyright":{"license":"U"}}]},{"text":" tiu. ","startDuration":"2.1261","endDuration":"2.6049","wordfile":[{"path":"audios\/wordfile-6704fa2506373.wav","mime":"audio\/x-wav","copyright":{"license":"U"}}]}],"files":[{"path":"audios\/files-6704f8fd020df.wav","mime":"audio\/x-wav","copyright":{"license":"U"}}]},"subContentId":"8413b8c3-6b2e-435d-abe5-ae95246a1a3f","metadata":{"contentType":"Curious Reader Audio","license":"U","title":"Untitled Curious Reader Audio"}},"backgroundOpacity":0,"willDoAnimation":false,"animationType":"glow","displayAsButton":false,"buttonSize":"big","goToSlideType":"specified","invisible":false},{"x":19.607843137254903,"y":6.455305615685532,"width":20.37037037037037,"height":39.999440540179975,"action":{"library":"H5P.Image 1.1","params":{"contentName":"Image"},"subContentId":"04ff0d1e-a7c0-4646-87fc-8e8ae2f9fce2","metadata":{"contentType":"Image","license":"U","title":"Untitled Image"}},"backgroundOpacity":0,"willDoAnimation":true,"animationType":"glow","displayAsButton":false,"buttonSize":"big","goToSlideType":"specified","invisible":false,"id":"img8413b8c3-6b2e-435d-abe5-ae95246a1a3f_6"},{"x":6.5359477124183005,"y":40.88360223267504,"width":20.37037037037037,"height":39.999440540179975,"action":{"library":"H5P.Image 1.1","params":{"contentName":"Image"},"subContentId":"c9680cfe-7ba1-44ea-8367-89fa5d531ec7","metadata":{"contentType":"Image","license":"U","title":"Untitled Image"}},"backgroundOpacity":0,"willDoAnimation":true,"animationType":"glow","displayAsButton":false,"buttonSize":"big","goToSlideType":"specified","invisible":false,"id":"img8413b8c3-6b2e-435d-abe5-ae95246a1a3f_0"}],"slideBackgroundSelector":{}},{"elements":[{"x":3.2679738562091507,"y":2.148858064516129,"width":39.97821350762527,"height":96.77419354838709,"action":{"library":"H5P.Image 1.1","params":{"contentName":"Image","file":{"path":"images\/file-6582f8d53e48b.jpg","mime":"image\/jpeg","copyright":{"license":"U"},"width":479,"height":686}},"subContentId":"92528443-ca85-4263-9bfc-286ba7fa3bad","metadata":{"contentType":"Image","license":"U","title":"Untitled Image"}},"backgroundOpacity":0,"willDoAnimation":false,"animationType":"glow","displayAsButton":false,"buttonSize":"big","goToSlideType":"specified","invisible":false},{"x":45.955882352941174,"y":15.150581818181818,"width":49.632352941176464,"height":83.27272727272727,"action":{"library":"H5P.CRAdvancedText 1.1","params":{"text":"<p dir=\"ltr\" style=\"text-align: center;\"><span style=\"color:#ffffff;\"><span style=\"font-size:1.75em;\">Tiu di Chaku dal feramentas. Tiu fla Chaku pa toma kudadu.<\/span><\/span><\/p>\n"},"subContentId":"41562dc7-92c2-4920-9175-0b9ee75a455f","metadata":{"contentType":"Text","license":"U","title":"Untitled Text"}},"alwaysDisplayComments":false,"backgroundOpacity":0,"willDoAnimation":false,"animationType":"glow","displayAsButton":false,"buttonSize":"big","goToSlideType":"specified","invisible":false,"solution":""},{"x":47.000103485838785,"y":44.00026681929878,"width":40,"height":40,"action":{"library":"H5P.CRAudio 1.4","params":{"fitToWrapper":true,"currIndex":7,"playerMode":"minimalistic","controls":true,"autoplay":true,"playAudio":"Play audio","pauseAudio":"Pause audio","contentName":"Audio","glowColor":"#ffd85a","timeStampForEachText":[{"text":" Tiu ","startDuration":"0.0000","endDuration":"0.2976","wordfile":[{"path":"audios\/wordfile-6704faa8078c1.wav","mime":"audio\/x-wav","copyright":{"license":"U"}}]},{"text":" di ","startDuration":"0.2986","endDuration":"0.4823","wordfile":[{"path":"audios\/wordfile-6704fabf6c439.wav","mime":"audio\/x-wav","copyright":{"license":"U"}}]},{"text":" Chaku ","startDuration":"0.4833","endDuration":"0.8893","wordfile":[{"path":"audios\/wordfile-6704fad94bc74.wav","mime":"audio\/x-wav","copyright":{"license":"U"}}]},{"text":" dal ","startDuration":"0.8894","endDuration":"1.0894","wordfile":[{"path":"audios\/wordfile-6704faf94b09d.wav","mime":"audio\/x-wav","copyright":{"license":"U"}}]},{"text":" feramentas. ","startDuration":"1.0904","endDuration":"2.1631","wordfile":[{"path":"audios\/wordfile-6704fb10adb96.wav","mime":"audio\/x-wav","copyright":{"license":"U"}}]},{"text":" Tiu ","startDuration":"2.4243","endDuration":"2.6243","wordfile":[{"path":"audios\/wordfile-6704fb27249dd.wav","mime":"audio\/x-wav","copyright":{"license":"U"}}]},{"text":" fla ","startDuration":"2.6244","endDuration":"2.9274","wordfile":[{"path":"audios\/wordfile-6704fb4e0b5a2.wav","mime":"audio\/x-wav","copyright":{"license":"U"}}]},{"text":" Chaku ","startDuration":"2.9284","endDuration":"3.3940","wordfile":[{"path":"audios\/wordfile-6704fb68939a9.wav","mime":"audio\/x-wav","copyright":{"license":"U"}}]},{"text":" pa ","startDuration":"3.3716","endDuration":"3.5716","wordfile":[{"path":"audios\/wordfile-6704fb7fe75f3.wav","mime":"audio\/x-wav","copyright":{"license":"U"}}]},{"text":" toma ","startDuration":"3.5726","endDuration":"3.9732","wordfile":[{"path":"audios\/wordfile-6704fb98a7ee7.wav","mime":"audio\/x-wav","copyright":{"license":"U"}}]},{"text":" kudadu. ","startDuration":"3.9742","endDuration":"4.7163","wordfile":[{"path":"audios\/wordfile-6704fbadce760.wav","mime":"audio\/x-wav","copyright":{"license":"U"}}]}],"files":[{"path":"audios\/files-6704fa60ed360.wav","mime":"audio\/x-wav","copyright":{"license":"U"}}]},"subContentId":"747db95e-2852-473d-8e1b-c5845ab6d835","metadata":{"contentType":"Curious Reader Audio","license":"U","title":"Untitled Curious Reader Audio"}},"backgroundOpacity":0,"willDoAnimation":false,"animationType":"glow","displayAsButton":false,"buttonSize":"big","goToSlideType":"specified","invisible":false},{"x":6.5359477124183005,"y":36.58006515555135,"width":18.191721132897605,"height":29.395094828439497,"action":{"library":"H5P.Image 1.1","params":{"contentName":"Image"},"subContentId":"a3a6a58d-fb88-4f48-a404-4745236552ff","metadata":{"contentType":"Image","license":"U","title":"Untitled Image"}},"backgroundOpacity":0,"willDoAnimation":true,"animationType":"glow","displayAsButton":false,"buttonSize":"big","goToSlideType":"specified","invisible":false,"id":"img747db95e-2852-473d-8e1b-c5845ab6d835_4"},{"x":5.446623093681917,"y":15.062379769932909,"width":14.923747276688454,"height":25.21937280250638,"action":{"library":"H5P.Image 1.1","params":{"contentName":"Image"},"subContentId":"0db33436-6e84-4955-9370-7a106b389a77","metadata":{"contentType":"Image","license":"U","title":"Untitled Image"}},"backgroundOpacity":0,"willDoAnimation":true,"animationType":"glow","displayAsButton":false,"buttonSize":"big","goToSlideType":"specified","invisible":false,"id":"img747db95e-2852-473d-8e1b-c5845ab6d835_2"}],"slideBackgroundSelector":{}},{"elements":[{"x":0,"y":0,"width":97.93028322440088,"height":98.06451612903226,"action":{"library":"H5P.Image 1.1","params":{"contentName":"Image","file":{"path":"images\/file-6582f91783856.jpg","mime":"image\/jpeg","copyright":{"license":"U"},"width":959,"height":687}},"subContentId":"b905eb68-4ec2-4d41-a807-2f5c3e7461c9","metadata":{"contentType":"Image","license":"U","title":"Untitled Image"}},"backgroundOpacity":0,"willDoAnimation":false,"animationType":"glow","displayAsButton":false,"buttonSize":"big","goToSlideType":"specified","invisible":false},{"x":5.597014925373134,"y":25.830258302583026,"width":51.02040816326531,"height":65.4911838790932,"action":{"library":"H5P.CRAdvancedText 1.1","params":{"text":"<p dir=\"ltr\" style=\"text-align: center;\"><span style=\"color:#ffffff;\"><span style=\"font-size:1.75em;\">Chaku pensa sobri manera di fazi si trisiklu.<\/span><\/span><\/p>\n"},"subContentId":"4b0d3413-30b9-4e2b-af52-cdc16350c10c","metadata":{"contentType":"Text","license":"U","title":"Untitled Text"}},"alwaysDisplayComments":false,"backgroundOpacity":0,"willDoAnimation":false,"animationType":"glow","displayAsButton":false,"buttonSize":"big","goToSlideType":"specified","invisible":false,"solution":""},{"x":47.000103485838785,"y":44.00026681929878,"width":40,"height":40,"action":{"library":"H5P.CRAudio 1.4","params":{"fitToWrapper":true,"currIndex":8,"playerMode":"minimalistic","controls":true,"autoplay":true,"playAudio":"Play audio","pauseAudio":"Pause audio","contentName":"Audio","glowColor":"#ffd85a","timeStampForEachText":[{"text":" Chaku ","startDuration":"0.0000","endDuration":"0.5777","wordfile":[{"path":"audios\/wordfile-6704fbf6decb8.wav","mime":"audio\/x-wav","copyright":{"license":"U"}}]},{"text":" pensa ","startDuration":"0.5778","endDuration":"0.9862","wordfile":[{"path":"audios\/wordfile-6704fc1bcbdb8.wav","mime":"audio\/x-wav","copyright":{"license":"U"}}]},{"text":" sobri ","startDuration":"0.9872","endDuration":"1.4086","wordfile":[{"path":"audios\/wordfile-6704fc319a843.wav","mime":"audio\/x-wav","copyright":{"license":"U"}}]},{"text":" manera ","startDuration":"1.4096","endDuration":"2.0264","wordfile":[{"path":"audios\/wordfile-6704fc4c6d4a9.wav","mime":"audio\/x-wav","copyright":{"license":"U"}}]},{"text":" di ","startDuration":"2.0274","endDuration":"2.1536","wordfile":[{"path":"audios\/wordfile-6704fc6931be2.wav","mime":"audio\/x-wav","copyright":{"license":"U"}}]},{"text":" fazi ","startDuration":"2.1537","endDuration":"2.6272","wordfile":[{"path":"audios\/wordfile-6704fc99a1144.wav","mime":"audio\/x-wav","copyright":{"license":"U"}}]},{"text":" si ","startDuration":"2.6282","endDuration":"2.8282","wordfile":[{"path":"audios\/wordfile-6704fcad4f77f.wav","mime":"audio\/x-wav","copyright":{"license":"U"}}]},{"text":" trisiklu. ","startDuration":"2.8292","endDuration":"3.8029","wordfile":[{"path":"audios\/wordfile-6704fcc3247c7.wav","mime":"audio\/x-wav","copyright":{"license":"U"}}]}],"files":[{"path":"audios\/files-6704fbcfa88bc.wav","mime":"audio\/x-wav","copyright":{"license":"U"}}]},"subContentId":"24d081b2-80f8-4e9f-961e-471b4621949f","metadata":{"contentType":"Curious Reader Audio","license":"U","title":"Untitled Curious Reader Audio"}},"backgroundOpacity":0,"willDoAnimation":false,"animationType":"glow","displayAsButton":false,"buttonSize":"big","goToSlideType":"specified","invisible":false},{"x":68.62745098039215,"y":32.27652807842766,"width":17.10239651416122,"height":39.999440540179975,"action":{"library":"H5P.Image 1.1","params":{"contentName":"Image"},"subContentId":"bd09d002-f36e-4701-ba10-6f5dd2775596","metadata":{"contentType":"Image","license":"U","title":"Untitled Image"}},"backgroundOpacity":0,"willDoAnimation":true,"animationType":"glow","displayAsButton":false,"buttonSize":"big","goToSlideType":"specified","invisible":false,"id":"img24d081b2-80f8-4e9f-961e-471b4621949f_0"}],"slideBackgroundSelector":{}},{"elements":[{"x":3.2679738562091507,"y":4.297720430107527,"width":39.97821350762527,"height":95.69892473118279,"action":{"library":"H5P.Image 1.1","params":{"contentName":"Image","file":{"path":"images\/file-6582f95489ed3.jpg","mime":"image\/jpeg","copyright":{"license":"U"},"width":479,"height":686}},"subContentId":"ca658387-de74-4029-9595-32a598136409","metadata":{"contentType":"Image","license":"U","title":"Untitled Image"}},"backgroundOpacity":0,"willDoAnimation":false,"animationType":"glow","displayAsButton":false,"buttonSize":"big","goToSlideType":"specified","invisible":false},{"x":50.10867346938775,"y":36.53954659949623,"width":45.91836734693878,"height":40.050377833753146,"action":{"library":"H5P.CRAdvancedText 1.1","params":{"text":"<p dir=\"ltr\" style=\"text-align: center;\"><span style=\"color:#ffffff;\"><span style=\"font-size:1.75em;\">Chaku kumesa ta fazi.<\/span><\/span><\/p>\n"},"subContentId":"ebe359ba-481e-4f99-a8c0-e8e2ba425efc","metadata":{"contentType":"Text","license":"U","title":"Untitled Text"}},"alwaysDisplayComments":false,"backgroundOpacity":0,"willDoAnimation":false,"animationType":"glow","displayAsButton":false,"buttonSize":"big","goToSlideType":"specified","invisible":false,"solution":""},{"x":47.000103485838785,"y":44.00026681929878,"width":40,"height":40,"action":{"library":"H5P.CRAudio 1.4","params":{"fitToWrapper":true,"currIndex":9,"playerMode":"minimalistic","controls":true,"autoplay":true,"playAudio":"Play audio","pauseAudio":"Pause audio","contentName":"Audio","glowColor":"#ffd85a","timeStampForEachText":[{"text":" Chaku ","startDuration":"0.0000","endDuration":"0.5517","wordfile":[{"path":"audios\/wordfile-6704fd095be2f.wav","mime":"audio\/x-wav","copyright":{"license":"U"}}]},{"text":" kumesa ","startDuration":"0.5527","endDuration":"1.0363","wordfile":[{"path":"audios\/wordfile-6704fd1e764cf.wav","mime":"audio\/x-wav","copyright":{"license":"U"}}]},{"text":" ta ","startDuration":"1.0373","endDuration":"1.1648","wordfile":[{"path":"audios\/wordfile-6704fd358a9d7.wav","mime":"audio\/x-wav","copyright":{"license":"U"}}]},{"text":" fazi. ","startDuration":"1.1658","endDuration":"1.8648","wordfile":[{"path":"audios\/wordfile-6704fd4943ede.wav","mime":"audio\/x-wav","copyright":{"license":"U"}}]}],"files":[{"path":"audios\/files-6704fce4d145e.wav","mime":"audio\/x-wav","copyright":{"license":"U"}}]},"subContentId":"d80942ff-6001-4d65-9082-df9f22df6b17","metadata":{"contentType":"Curious Reader Audio","license":"U","title":"Untitled Curious Reader Audio"}},"backgroundOpacity":0,"willDoAnimation":false,"animationType":"glow","displayAsButton":false,"buttonSize":"big","goToSlideType":"specified","invisible":false},{"x":8.714596949891067,"y":32.27652807842766,"width":14.923747276688454,"height":29.302783958135194,"action":{"library":"H5P.Image 1.1","params":{"contentName":"Image"},"subContentId":"93345b99-8dfd-49b1-b2d7-e5960a64724a","metadata":{"contentType":"Image","license":"U","title":"Untitled Image"}},"backgroundOpacity":0,"willDoAnimation":true,"animationType":"glow","displayAsButton":false,"buttonSize":"big","goToSlideType":"specified","invisible":false,"id":"imgd80942ff-6001-4d65-9082-df9f22df6b17_0"},{"x":19.607843137254903,"y":32.27652807842766,"width":12.745098039215687,"height":35.9345345939828,"action":{"library":"H5P.Image 1.1","params":{"contentName":"Image"},"subContentId":"45e3e8d6-5003-49c3-a3ae-c6857ce000c3","metadata":{"contentType":"Image","license":"U","title":"Untitled Image"}},"backgroundOpacity":0,"willDoAnimation":true,"animationType":"glow","displayAsButton":false,"buttonSize":"big","goToSlideType":"specified","invisible":false,"id":"imgd80942ff-6001-4d65-9082-df9f22df6b17_3"}],"slideBackgroundSelector":{}},{"elements":[{"x":4.357298474945534,"y":2.150537634408602,"width":39.97821350762527,"height":95.69892473118279,"action":{"library":"H5P.Image 1.1","params":{"contentName":"Image","file":{"path":"images\/file-6582f9838dd11.jpg","mime":"image\/jpeg","copyright":{"license":"U"},"width":479,"height":686}},"subContentId":"6368cbb9-4216-4806-a78c-04244d505890","metadata":{"contentType":"Image","license":"U","title":"Untitled Image"}},"backgroundOpacity":0,"willDoAnimation":false,"animationType":"glow","displayAsButton":false,"buttonSize":"big","goToSlideType":"specified","invisible":false},{"x":45.91836734693878,"y":37.78337531486146,"width":46.42857142857143,"height":40.050377833753146,"action":{"library":"H5P.CRAdvancedText 1.1","params":{"text":"<p dir=\"ltr\" style=\"text-align: center;\"><span style=\"color:#ffffff;\"><span style=\"font-size:1.75em;\">Ki trisiklu bunitu! Mas e ka staba stavel.<\/span><\/span><\/p>\n"},"subContentId":"a355e8e7-c5ed-4094-99d2-8040204b21eb","metadata":{"contentType":"Text","license":"U","title":"Untitled Text"}},"alwaysDisplayComments":false,"backgroundOpacity":0,"willDoAnimation":false,"animationType":"glow","displayAsButton":false,"buttonSize":"big","goToSlideType":"specified","invisible":false,"solution":""},{"x":47.000103485838785,"y":44.00026681929878,"width":40,"height":40,"action":{"library":"H5P.CRAudio 1.4","params":{"fitToWrapper":true,"currIndex":10,"playerMode":"minimalistic","controls":true,"autoplay":true,"playAudio":"Play audio","pauseAudio":"Pause audio","contentName":"Audio","glowColor":"#ffd85a","timeStampForEachText":[{"text":" Ki ","startDuration":"0.0000","endDuration":"0.2768","wordfile":[{"path":"audios\/wordfile-6704fd8729af6.wav","mime":"audio\/x-wav","copyright":{"license":"U"}}]},{"text":" trisiklu ","startDuration":"0.2778","endDuration":"0.8296","wordfile":[{"path":"audios\/wordfile-6704fd9c2ecd3.wav","mime":"audio\/x-wav","copyright":{"license":"U"}}]},{"text":" bunitu! ","startDuration":"0.8306","endDuration":"1.6938","wordfile":[{"path":"audios\/wordfile-6704fdb5debb1.wav","mime":"audio\/x-wav","copyright":{"license":"U"}}]},{"text":" Mas ","startDuration":"1.7838","endDuration":"2.1051","wordfile":[{"path":"audios\/wordfile-6704fdd1701e5.wav","mime":"audio\/x-wav","copyright":{"license":"U"}}]},{"text":" e ","startDuration":"2.1061","endDuration":"2.2113","wordfile":[{"path":"audios\/wordfile-6704fdeebab83.wav","mime":"audio\/x-wav","copyright":{"license":"U"}}]},{"text":" ka ","startDuration":"2.2123","endDuration":"2.4123","wordfile":[{"path":"audios\/wordfile-6704fe02465ce.wav","mime":"audio\/x-wav","copyright":{"license":"U"}}]},{"text":" staba ","startDuration":"2.4182","endDuration":"2.8730","wordfile":[{"path":"audios\/wordfile-6704fe1b77087.wav","mime":"audio\/x-wav","copyright":{"license":"U"}}]},{"text":" stavel. ","startDuration":"2.8740","endDuration":"3.5424","wordfile":[{"path":"audios\/wordfile-6704fe32698bd.wav","mime":"audio\/x-wav","copyright":{"license":"U"}}]}],"files":[{"path":"audios\/files-6704fd694c1ac.wav","mime":"audio\/x-wav","copyright":{"license":"U"}}]},"subContentId":"13250107-c854-43aa-8793-0f2a41a3ee0e","metadata":{"contentType":"Curious Reader Audio","license":"U","title":"Untitled Curious Reader Audio"}},"backgroundOpacity":0,"willDoAnimation":false,"animationType":"glow","displayAsButton":false,"buttonSize":"big","goToSlideType":"specified","invisible":false},{"x":19.607843137254903,"y":47.33890784836057,"width":21.459694989106755,"height":39.999440540179975,"action":{"library":"H5P.Image 1.1","params":{"contentName":"Image"},"subContentId":"77a6df91-6bd6-40aa-94e1-069d88cbfd7f","metadata":{"contentType":"Image","license":"U","title":"Untitled Image"}},"backgroundOpacity":0,"willDoAnimation":true,"animationType":"glow","displayAsButton":false,"buttonSize":"big","goToSlideType":"specified","invisible":false,"id":"img13250107-c854-43aa-8793-0f2a41a3ee0e_1"}],"slideBackgroundSelector":{}},{"elements":[{"x":3.2679738562091503,"y":2.150537634408602,"width":39.97821350762527,"height":95.69892473118279,"action":{"library":"H5P.Image 1.1","params":{"contentName":"Image","file":{"path":"images\/file-6582f9c9f38f2.jpg","mime":"image\/jpeg","copyright":{"license":"U"},"width":479,"height":686}},"subContentId":"9f8d3804-966c-4b96-9d67-50173d8d300c","metadata":{"contentType":"Image","license":"U","title":"Untitled Image"}},"backgroundOpacity":0,"willDoAnimation":false,"animationType":"glow","displayAsButton":false,"buttonSize":"big","goToSlideType":"specified","invisible":false},{"x":45.955882352941174,"y":30.286945454545457,"width":48.345588235294116,"height":55.63636363636363,"action":{"library":"H5P.CRAdvancedText 1.1","params":{"text":"<p dir=\"ltr\" style=\"text-align: center;\"><span style=\"color:#ffffff;\"><span style=\"font-size:1.75em;\">Lila odja difikuldadi di Chaku. E disidi na djuda.<\/span><\/span><\/p>\n"},"subContentId":"a61b743b-74cb-4bd5-bd26-12e57b9e9005","metadata":{"contentType":"Text","license":"U","title":"Untitled Text"}},"alwaysDisplayComments":false,"backgroundOpacity":0,"willDoAnimation":false,"animationType":"glow","displayAsButton":false,"buttonSize":"big","goToSlideType":"specified","invisible":false,"solution":""},{"x":47.000103485838785,"y":44.00026681929878,"width":40,"height":40,"action":{"library":"H5P.CRAudio 1.4","params":{"fitToWrapper":true,"currIndex":11,"playerMode":"minimalistic","controls":true,"autoplay":true,"playAudio":"Play audio","pauseAudio":"Pause audio","contentName":"Audio","glowColor":"#ffd85a","timeStampForEachText":[{"text":" Lila ","startDuration":"0.0000","endDuration":"0.4502","wordfile":[{"path":"audios\/wordfile-670501ae62af5.wav","mime":"audio\/x-wav","copyright":{"license":"U"}}]},{"text":" odja ","startDuration":"0.4512","endDuration":"0.7692","wordfile":[{"path":"audios\/wordfile-670501ca9495b.wav","mime":"audio\/x-wav","copyright":{"license":"U"}}]},{"text":" difikuldadi ","startDuration":"0.7702","endDuration":"1.6027","wordfile":[{"path":"audios\/wordfile-670501e7e9b31.wav","mime":"audio\/x-wav","copyright":{"license":"U"}}]},{"text":" di ","startDuration":"1.6037","endDuration":"1.8037","wordfile":[{"path":"audios\/wordfile-670501fd87b2b.wav","mime":"audio\/x-wav","copyright":{"license":"U"}}]},{"text":" Chaku. ","startDuration":"1.8047","endDuration":"2.5617","wordfile":[{"path":"audios\/wordfile-67050212df292.wav","mime":"audio\/x-wav","copyright":{"license":"U"}}]},{"text":" E ","startDuration":"2.5627","endDuration":"2.7627","wordfile":[{"path":"audios\/wordfile-670502260ae9b.wav","mime":"audio\/x-wav","copyright":{"license":"U"}}]},{"text":" disidi ","startDuration":"2.7637","endDuration":"3.1903","wordfile":[{"path":"audios\/wordfile-6705023e1d7ee.wav","mime":"audio\/x-wav","copyright":{"license":"U"}}]},{"text":" na ","startDuration":"3.1913","endDuration":"3.3913","wordfile":[{"path":"audios\/wordfile-670502529878e.wav","mime":"audio\/x-wav","copyright":{"license":"U"}}]},{"text":" djuda. ","startDuration":"3.3923","endDuration":"4.1257","wordfile":[{"path":"audios\/wordfile-670502676a8ad.wav","mime":"audio\/x-wav","copyright":{"license":"U"}}]}],"files":[{"path":"audios\/files-6704fe5056670.wav","mime":"audio\/x-wav","copyright":{"license":"U"}}]},"subContentId":"a627ba59-e882-459b-b3e3-708817b1189d","metadata":{"contentType":"Curious Reader Audio","license":"U","title":"Untitled Curious Reader Audio"}},"backgroundOpacity":0,"willDoAnimation":false,"animationType":"glow","displayAsButton":false,"buttonSize":"big","goToSlideType":"specified","invisible":false},{"x":20.697167755991288,"y":27.972991001303974,"width":13.83442265795207,"height":25.772377316916774,"action":{"library":"H5P.Image 1.1","params":{"contentName":"Image"},"subContentId":"78a2072a-fb75-4549-a6f8-47a94ab57606","metadata":{"contentType":"Image","license":"U","title":"Untitled Image"}},"backgroundOpacity":0,"willDoAnimation":true,"animationType":"glow","displayAsButton":false,"buttonSize":"big","goToSlideType":"specified","invisible":false,"id":"imga627ba59-e882-459b-b3e3-708817b1189d_4"},{"x":5.446623093681917,"y":34.428296616989506,"width":11.655773420479303,"height":21.707686547573452,"action":{"library":"H5P.Image 1.1","params":{"contentName":"Image"},"subContentId":"9c9a3a5c-7801-46de-b07c-7348bd0436e9","metadata":{"contentType":"Image","license":"U","title":"Untitled Image"}},"backgroundOpacity":0,"willDoAnimation":true,"animationType":"glow","displayAsButton":false,"buttonSize":"big","goToSlideType":"specified","invisible":false,"id":"imga627ba59-e882-459b-b3e3-708817b1189d_0"},{"x":7.625272331154684,"y":43.035370771236884,"width":12.821677559912855,"height":25.175691901173575,"action":{"library":"H5P.Image 1.1","params":{"contentName":"Image"},"subContentId":"5d31df81-7985-4936-9eb6-4687b338c38d","metadata":{"contentType":"Image","license":"U","title":"Untitled Image"}},"backgroundOpacity":0,"willDoAnimation":true,"animationType":"glow","displayAsButton":false,"buttonSize":"big","goToSlideType":"specified","invisible":false,"id":"imga627ba59-e882-459b-b3e3-708817b1189d_8"}],"slideBackgroundSelector":{}},{"elements":[{"x":44.11764705882353,"y":10.909090909090908,"width":55.44662309368192,"height":70.96774193548387,"action":{"library":"H5P.Image 1.1","params":{"contentName":"Image","file":{"path":"images\/file-6582fa0e7a729.jpg","mime":"image\/jpeg","copyright":{"license":"U"},"width":959,"height":687}},"subContentId":"3ccdf63e-a32d-4e4c-9b61-15b14f985b43","metadata":{"contentType":"Image","license":"U","title":"Untitled Image"}},"backgroundOpacity":0,"willDoAnimation":false,"animationType":"glow","displayAsButton":false,"buttonSize":"big","goToSlideType":"specified","invisible":false},{"x":3.2679738562091503,"y":19.354838709677416,"width":40,"height":40,"action":{"library":"H5P.CRAdvancedText 1.1","params":{"text":"<p dir=\"ltr\" style=\"text-align: center;\"><span style=\"font-size:1.75em;\"><span style=\"color:#ffffff;\">Djuntu, es fazi un trisiklu forti.<\/span><\/span><\/p>\n"},"subContentId":"593db92d-80ca-4922-a46d-9ed57765478e","metadata":{"contentType":"Text","license":"U","title":"Untitled Text"}},"alwaysDisplayComments":false,"backgroundOpacity":0,"willDoAnimation":false,"animationType":"glow","displayAsButton":false,"buttonSize":"big","goToSlideType":"specified","invisible":false,"solution":""},{"x":47.000103485838785,"y":44.00026681929878,"width":40,"height":40,"action":{"library":"H5P.CRAudio 1.4","params":{"fitToWrapper":true,"currIndex":12,"playerMode":"minimalistic","controls":true,"autoplay":true,"playAudio":"Play audio","pauseAudio":"Pause audio","contentName":"Audio","glowColor":"#ffd85a","timeStampForEachText":[{"text":" Djuntu, ","startDuration":"0.0000","endDuration":"0.8642","wordfile":[{"path":"audios\/wordfile-670502a66c66d.wav","mime":"audio\/x-wav","copyright":{"license":"U"}}]},{"text":" es ","startDuration":"0.8652","endDuration":"1.1995","wordfile":[{"path":"audios\/wordfile-670502bed3391.wav","mime":"audio\/x-wav","copyright":{"license":"U"}}]},{"text":" fazi ","startDuration":"1.2015","endDuration":"1.5684","wordfile":[{"path":"audios\/wordfile-670502e54ca87.wav","mime":"audio\/x-wav","copyright":{"license":"U"}}]},{"text":" un ","startDuration":"1.5694","endDuration":"1.7694","wordfile":[{"path":"audios\/wordfile-670502fa1d1b5.wav","mime":"audio\/x-wav","copyright":{"license":"U"}}]},{"text":" trisiklu ","startDuration":"1.7704","endDuration":"2.3334","wordfile":[{"path":"audios\/wordfile-67050318381c4.wav","mime":"audio\/x-wav","copyright":{"license":"U"}}]},{"text":" forti. ","startDuration":"2.3344","endDuration":"3.1188","wordfile":[{"path":"audios\/wordfile-6705033023fbc.wav","mime":"audio\/x-wav","copyright":{"license":"U"}}]}],"files":[{"path":"audios\/files-67050281d8c46.wav","mime":"audio\/x-wav","copyright":{"license":"U"}}]},"subContentId":"3771dd6a-4423-4b07-8039-9998fe16c06b","metadata":{"contentType":"Curious Reader Audio","license":"U","title":"Untitled Curious Reader Audio"}},"backgroundOpacity":0,"willDoAnimation":false,"animationType":"glow","displayAsButton":false,"buttonSize":"big","goToSlideType":"specified","invisible":false},{"x":77.34204793028323,"y":43.035370771236884,"width":18.191721132897605,"height":39.999440540179975,"action":{"library":"H5P.Image 1.1","params":{"contentName":"Image"},"subContentId":"1a8673ad-6a9f-4f15-ac6f-69109d2d250a","metadata":{"contentType":"Image","license":"U","title":"Untitled Image"}},"backgroundOpacity":0,"willDoAnimation":true,"animationType":"glow","displayAsButton":false,"buttonSize":"big","goToSlideType":"specified","invisible":false,"id":"img3771dd6a-4423-4b07-8039-9998fe16c06b_4"}],"slideBackgroundSelector":{}},{"elements":[{"x":3.2679738562091503,"y":4.301075268817204,"width":39.97821350762527,"height":95.69892473118279,"action":{"library":"H5P.Image 1.1","params":{"contentName":"Image","file":{"path":"images\/file-6582fa801b2bb.jpg","mime":"image\/jpeg","copyright":{"license":"U"},"width":639,"height":687}},"subContentId":"9be5a284-a001-40c0-9a7f-2116761d05e2","metadata":{"contentType":"Image","license":"U","title":"Untitled Image"}},"backgroundOpacity":0,"willDoAnimation":false,"animationType":"glow","displayAsButton":false,"buttonSize":"big","goToSlideType":"specified","invisible":false},{"x":45.955882352941174,"y":30.31250909090909,"width":53.49264705882353,"height":40,"action":{"library":"H5P.CRAdvancedText 1.1","params":{"text":"<p dir=\"ltr\" style=\"text-align: center;\"><span style=\"color:#ffffff;\"><span style=\"font-size:1.75em;\">Chaku anda na si trisiklu undi ki e baba.<\/span><\/span><\/p>\n"},"subContentId":"936ea689-fca6-4e29-9824-7b531547a589","metadata":{"contentType":"Text","license":"U","title":"Untitled Text"}},"alwaysDisplayComments":false,"backgroundOpacity":0,"willDoAnimation":false,"animationType":"glow","displayAsButton":false,"buttonSize":"big","goToSlideType":"specified","invisible":false,"solution":""},{"x":47.000103485838785,"y":44.00026681929878,"width":40,"height":40,"action":{"library":"H5P.CRAudio 1.4","params":{"fitToWrapper":true,"currIndex":13,"playerMode":"minimalistic","controls":true,"autoplay":true,"playAudio":"Play audio","pauseAudio":"Pause audio","contentName":"Audio","glowColor":"#ffd85a","timeStampForEachText":[{"text":" Chaku ","startDuration":"0.0000","endDuration":"0.6947","wordfile":[{"path":"audios\/wordfile-670503939fda2.wav","mime":"audio\/x-wav","copyright":{"license":"U"}}]},{"text":" anda ","startDuration":"0.6957","endDuration":"1.1471","wordfile":[{"path":"audios\/wordfile-670503ad23c10.wav","mime":"audio\/x-wav","copyright":{"license":"U"}}]},{"text":" na ","startDuration":"1.1481","endDuration":"1.3481","wordfile":[{"path":"audios\/wordfile-670503bea0abc.wav","mime":"audio\/x-wav","copyright":{"license":"U"}}]},{"text":" si ","startDuration":"1.3491","endDuration":"1.5491","wordfile":[{"path":"audios\/wordfile-670503d22d877.wav","mime":"audio\/x-wav","copyright":{"license":"U"}}]},{"text":" trisiklu ","startDuration":"1.5501","endDuration":"2.3299","wordfile":[{"path":"audios\/wordfile-670503ea993cf.wav","mime":"audio\/x-wav","copyright":{"license":"U"}}]},{"text":" undi ","startDuration":"2.3309","endDuration":"2.7336","wordfile":[{"path":"audios\/wordfile-670503fde7d30.wav","mime":"audio\/x-wav","copyright":{"license":"U"}}]},{"text":" ki ","startDuration":"2.7346","endDuration":"2.8576","wordfile":[{"path":"audios\/wordfile-67050412aac3a.wav","mime":"audio\/x-wav","copyright":{"license":"U"}}]},{"text":" e ","startDuration":"2.8059","endDuration":"2.9101","wordfile":[{"path":"audios\/wordfile-670504336e3d0.wav","mime":"audio\/x-wav","copyright":{"license":"U"}}]},{"text":" baba. ","startDuration":"2.9111","endDuration":"3.5518","wordfile":[{"path":"audios\/wordfile-67050448cd41e.wav","mime":"audio\/x-wav","copyright":{"license":"U"}}]}],"files":[{"path":"audios\/files-670503702e847.wav","mime":"audio\/x-wav","copyright":{"license":"U"}}]},"subContentId":"1c2f338e-309c-40e4-a3c8-4b68fc4610ff","metadata":{"contentType":"Curious Reader Audio","license":"U","title":"Untitled Curious Reader Audio"}},"backgroundOpacity":0,"willDoAnimation":false,"animationType":"glow","displayAsButton":false,"buttonSize":"big","goToSlideType":"specified","invisible":false},{"x":21.78649237472767,"y":17.214148308494753,"width":12.129847494553378,"height":25.175691901173575,"action":{"library":"H5P.Image 1.1","params":{"contentName":"Image"},"subContentId":"06da53a1-265c-497b-ab53-2ffd57ec319d","metadata":{"contentType":"Image","license":"U","title":"Untitled Image"}},"backgroundOpacity":0,"willDoAnimation":true,"animationType":"glow","displayAsButton":false,"buttonSize":"big","goToSlideType":"specified","invisible":false,"id":"img1c2f338e-309c-40e4-a3c8-4b68fc4610ff_0"},{"x":18.51851851851852,"y":40.88360223267504,"width":21.459694989106755,"height":39.999440540179975,"action":{"library":"H5P.Image 1.1","params":{"contentName":"Image"},"subContentId":"447b09b7-935a-4e74-8e0d-8e6b2c7d0da9","metadata":{"contentType":"Image","license":"U","title":"Untitled Image"}},"backgroundOpacity":0,"willDoAnimation":true,"animationType":"glow","displayAsButton":false,"buttonSize":"big","goToSlideType":"specified","invisible":false,"id":"img1c2f338e-309c-40e4-a3c8-4b68fc4610ff_4"}],"slideBackgroundSelector":{}},{"elements":[{"x":3.2679738562091503,"y":2.150537634408602,"width":39.97821350762527,"height":95.69892473118279,"action":{"library":"H5P.Image 1.1","params":{"contentName":"Image","file":{"path":"images\/file-6582fab2e8792.jpg","mime":"image\/jpeg","copyright":{"license":"U"},"width":479,"height":686}},"subContentId":"a5cc3ace-1cb3-4463-a4b8-cf993423732e","metadata":{"contentType":"Image","license":"U","title":"Untitled Image"}},"backgroundOpacity":0,"willDoAnimation":false,"animationType":"glow","displayAsButton":false,"buttonSize":"big","goToSlideType":"specified","invisible":false},{"x":44.642857142857146,"y":32.7455919395466,"width":51.02040816326531,"height":52.896725440806044,"action":{"library":"H5P.CRAdvancedText 1.1","params":{"text":"<p dir=\"ltr\" style=\"text-align: center;\"><span style=\"font-size:1.75em;\"><span style=\"color:#ffffff;\">Mas si ora favoritu era oras ki el i Lila ta andaba djuntu.<\/span><\/span><\/p>\n"},"subContentId":"d153d157-4df3-43a2-bd6f-b4ff096d12a1","metadata":{"contentType":"Text","license":"U","title":"Untitled Text"}},"alwaysDisplayComments":false,"backgroundOpacity":0,"willDoAnimation":false,"animationType":"glow","displayAsButton":false,"buttonSize":"big","goToSlideType":"specified","invisible":false,"solution":""},{"x":47.000103485838785,"y":44.00026681929878,"width":40,"height":40,"action":{"library":"H5P.CRAudio 1.4","params":{"fitToWrapper":true,"currIndex":14,"playerMode":"minimalistic","controls":true,"autoplay":true,"playAudio":"Play audio","pauseAudio":"Pause audio","contentName":"Audio","glowColor":"#ffd85a","timeStampForEachText":[{"text":" Mas ","startDuration":"0.0000","endDuration":"0.4211","wordfile":[{"path":"audios\/wordfile-6705048ad92af.wav","mime":"audio\/x-wav","copyright":{"license":"U"}}]},{"text":" si ","startDuration":"0.4221","endDuration":"0.6221","wordfile":[{"path":"audios\/wordfile-6705049cde8dc.wav","mime":"audio\/x-wav","copyright":{"license":"U"}}]},{"text":" ora ","startDuration":"0.6222","endDuration":"1.0433","wordfile":[{"path":"audios\/wordfile-670504ba76933.wav","mime":"audio\/x-wav","copyright":{"license":"U"}}]},{"text":" favoritu ","startDuration":"1.0443","endDuration":"2.0629","wordfile":[{"path":"audios\/wordfile-670504d3e4bf0.wav","mime":"audio\/x-wav","copyright":{"license":"U"}}]},{"text":" era ","startDuration":"2.0639","endDuration":"2.6284","wordfile":[{"path":"audios\/wordfile-670504e8e3138.wav","mime":"audio\/x-wav","copyright":{"license":"U"}}]},{"text":" oras ","startDuration":"2.6285","endDuration":"2.8225","wordfile":[{"path":"audios\/wordfile-670505141a7d1.wav","mime":"audio\/x-wav","copyright":{"license":"U"}}]},{"text":" ki ","startDuration":"2.8261","endDuration":"2.9349","wordfile":[{"path":"audios\/wordfile-67050532a0ee2.wav","mime":"audio\/x-wav","copyright":{"license":"U"}}]},{"text":" el ","startDuration":"2.9359","endDuration":"3.1359","wordfile":[{"path":"audios\/wordfile-67050546509c4.wav","mime":"audio\/x-wav","copyright":{"license":"U"}}]},{"text":" i ","startDuration":"3.1369","endDuration":"3.3369","wordfile":[{"path":"audios\/wordfile-670505581fcb1.wav","mime":"audio\/x-wav","copyright":{"license":"U"}}]},{"text":" Lila ","startDuration":"3.2085","endDuration":"3.8685","wordfile":[{"path":"audios\/wordfile-670505702f05f.wav","mime":"audio\/x-wav","copyright":{"license":"U"}}]},{"text":" ta ","startDuration":"3.8695","endDuration":"4.0695","wordfile":[{"path":"audios\/wordfile-67050582b7da9.wav","mime":"audio\/x-wav","copyright":{"license":"U"}}]},{"text":" andaba ","startDuration":"4.0705","endDuration":"4.5453","wordfile":[{"path":"audios\/wordfile-6705059ce5a73.wav","mime":"audio\/x-wav","copyright":{"license":"U"}}]},{"text":" djuntu. ","startDuration":"4.5463","endDuration":"5.2339","wordfile":[{"path":"audios\/wordfile-670505ae7918f.wav","mime":"audio\/x-wav","copyright":{"license":"U"}}]}],"files":[{"path":"audios\/files-6705046484853.wav","mime":"audio\/x-wav","copyright":{"license":"U"}}]},"subContentId":"20cd0e49-8fcc-4b0c-86a0-5f07943619f0","metadata":{"contentType":"Curious Reader Audio","license":"U","title":"Untitled Curious Reader Audio"}},"backgroundOpacity":0,"willDoAnimation":false,"animationType":"glow","displayAsButton":false,"buttonSize":"big","goToSlideType":"specified","invisible":false},{"x":10.893246187363834,"y":19.365916847056596,"width":16.013071895424837,"height":29.837283263113953,"action":{"library":"H5P.Image 1.1","params":{"contentName":"Image"},"subContentId":"19cf651e-0e24-41d8-a075-2996c93b876f","metadata":{"contentType":"Image","license":"U","title":"Untitled Image"}},"backgroundOpacity":0,"willDoAnimation":true,"animationType":"glow","displayAsButton":false,"buttonSize":"big","goToSlideType":"specified","invisible":false,"id":"img20cd0e49-8fcc-4b0c-86a0-5f07943619f0_9"}],"slideBackgroundSelector":{}},{"elements":[{"x":5.446623093681917,"y":6.451612903225806,"width":19.607843137254903,"height":19.569892473118276,"action":{"library":"H5P.Image 1.1","params":{"contentName":"Image","file":{"path":"images\/file-6582faf97f388.png","mime":"image\/png","copyright":{"license":"U"},"width":1350,"height":487}},"subContentId":"adef2565-9d0b-433d-8139-92e610ba9372","metadata":{"contentType":"Image","license":"U","title":"Untitled Image"}},"backgroundOpacity":0,"willDoAnimation":false,"animationType":"glow","displayAsButton":false,"buttonSize":"big","goToSlideType":"specified","invisible":false},{"x":29.411764705882355,"y":6.4415268817204305,"width":19.607843137254903,"height":19.569892473118276,"action":{"library":"H5P.Image 1.1","params":{"contentName":"Image","file":{"path":"images\/file-6582fb0bd1481.png","mime":"image\/png","copyright":{"license":"U"},"width":814,"height":202}},"subContentId":"abaea07c-8ccf-4f94-9c73-5c3fad74e8b6","metadata":{"contentType":"Image","license":"U","title":"Untitled Image"}},"backgroundOpacity":0,"willDoAnimation":false,"animationType":"glow","displayAsButton":false,"buttonSize":"big","goToSlideType":"specified","invisible":false},{"x":53.37690631808279,"y":8.602150537634408,"width":39.97821350762527,"height":15.053763440860214,"action":{"library":"H5P.Image 1.1","params":{"contentName":"Image","file":{"path":"images\/file-6582fb223475c.jpg","mime":"image\/jpeg","copyright":{"license":"U"},"width":1732,"height":354}},"subContentId":"1e6de0e9-af4d-4212-be76-2db4139d5fc6","metadata":{"contentType":"Image","license":"U","title":"Untitled Image"}},"backgroundOpacity":0,"willDoAnimation":false,"animationType":"glow","displayAsButton":false,"buttonSize":"big","goToSlideType":"specified","invisible":false},{"x":3.826530612244898,"y":32.7455919395466,"width":93.68191721132898,"height":64.51612903225806,"action":{"library":"H5P.CRAdvancedText 1.1","params":{"text":"<h3 style=\"text-align: center;\">\u201cSiklu di Chaku\u201d credits<br>\nThis work, \u201cSiklu di Chaku\u201d is a derivative of Chaku's Cycleis translated byAlisha Berger. The \u00a9 for this translation lies with Room to Read, 2016. Some rights reserved. Released under CC BY 4.0 license.Based on Original story:'Baiskeli ya Chaku', byUpendo Maria. \u00a9 Room to Read , 2016. Some rights reserved.<\/h3>\n\n<h3 style=\"text-align: center;\">\u201cSiklu di Chaku\u201d is licensed under CC BY 4.0 by Curious Learning.<\/h3>\n\n<h3 style=\"text-align: center;\">Book builder - Abraham Jerry Kakooza<\/h3>\n"},"subContentId":"73649e64-c7ea-491d-8d78-f2ad67dcfe51","metadata":{"contentType":"Text","license":"U","title":"Untitled Text"}},"alwaysDisplayComments":false,"backgroundOpacity":0,"willDoAnimation":false,"animationType":"glow","displayAsButton":false,"buttonSize":"big","goToSlideType":"specified","invisible":false,"solution":""}],"slideBackgroundSelector":{}}],"keywordListEnabled":true,"globalBackgroundSelector":{},"keywordListAlwaysShow":false,"keywordListAutoHide":false,"keywordListOpacity":90},"override":{"activeSurface":false,"hideSummarySlide":false,"summarySlideSolutionButton":true,"summarySlideRetryButton":true,"enablePrintButton":false,"social":{"showFacebookShare":false,"facebookShare":{"url":"@currentpageurl","quote":"I scored @score out of @maxScore on a task at @currentpageurl."},"showTwitterShare":false,"twitterShare":{"statement":"I scored @score out of @maxScore on a task at @currentpageurl.","url":"@currentpageurl","hashtags":"h5p, course"},"showGoogleShare":false,"googleShareUrl":"@currentpageurl"}},"l10n":{"slide":"Slide","score":"Score","yourScore":"Your Score","maxScore":"Max Score","total":"Total","totalScore":"Total Score","showSolutions":"Show solutions","retry":"Retry","exportAnswers":"Export text","hideKeywords":"Hide sidebar navigation menu","showKeywords":"Show sidebar navigation menu","fullscreen":"Fullscreen","exitFullscreen":"Exit fullscreen","prevSlide":"Previous slide","nextSlide":"Next slide","currentSlide":"Current slide","lastSlide":"Last slide","solutionModeTitle":"Exit solution mode","solutionModeText":"Solution Mode","summaryMultipleTaskText":"Multiple tasks","scoreMessage":"You achieved:","shareFacebook":"Share on Facebook","shareTwitter":"Share on Twitter","shareGoogle":"Share on Google+","summary":"Summary","solutionsButtonTitle":"Show comments","printTitle":"Print","printIngress":"How would you like to print this presentation?","printAllSlides":"Print all slides","printCurrentSlide":"Print current slide","noTitle":"No title","accessibilitySlideNavigationExplanation":"Use left and right arrow to change slide in that direction whenever canvas is selected.","accessibilityCanvasLabel":"Presentation canvas. Use left and right arrow to move between slides.","containsNotCompleted":"@slideName contains not completed interaction","containsCompleted":"@slideName contains completed interaction","slideCount":"Slide @index of @total","containsOnlyCorrect":"@slideName only has correct answers","containsIncorrectAnswers":"@slideName has incorrect answers","shareResult":"Share Result","accessibilityTotalScore":"You got @score of @maxScore points in total","accessibilityEnteredFullscreen":"Entered fullscreen","accessibilityExitedFullscreen":"Exited fullscreen"}}