{"presentation":{"slides":[{"elements":[{"x":13.071895424836603,"y":6.4415268817204305,"width":68.7363834422658,"height":68.81720430107526,"action":{"library":"H5P.Image 1.1","params":{"contentName":"Image","file":{"path":"images\/file-6582f61cdb6a9.jpg","mime":"image\/jpeg","copyright":{"license":"U"},"width":959,"height":459}},"subContentId":"421e74ff-dfa5-4d73-b63a-cebff5b18795","metadata":{"contentType":"Image","license":"U","title":"Untitled Image"}},"backgroundOpacity":0,"willDoAnimation":false,"animationType":"glow","displayAsButton":false,"buttonSize":"big","goToSlideType":"specified","invisible":false},{"x":17.429193899782135,"y":79.56989247311827,"width":61.00217864923747,"height":18.279569892473116,"action":{"library":"H5P.CRAdvancedText 1.1","params":{"text":"<p dir=\"ltr\" style=\"text-align: center;\"><span style=\"font-size:2.25em;\">Baiskeli ya Chaku<\/span><\/p>\n"},"subContentId":"66f4847e-d5bd-4023-9a15-bf634c8b0603","metadata":{"contentType":"Text","license":"U","title":"Untitled Text"}},"alwaysDisplayComments":false,"backgroundOpacity":0,"willDoAnimation":false,"animationType":"glow","displayAsButton":false,"buttonSize":"big","goToSlideType":"specified","invisible":false,"solution":""}],"slideBackgroundSelector":{}},{"elements":[{"x":15.250544662309368,"y":2.150537634408602,"width":65.359477124183,"height":70.96774193548387,"action":{"library":"H5P.Image 1.1","params":{"contentName":"Image","file":{"path":"images\/file-6582f6cf13510.jpg","mime":"image\/jpeg","copyright":{"license":"U"},"width":959,"height":516}},"subContentId":"da25cda4-6603-4d35-83de-c84d5cea3cbf","metadata":{"contentType":"Image","license":"U","title":"Untitled Image"}},"backgroundOpacity":0,"willDoAnimation":false,"animationType":"glow","displayAsButton":false,"buttonSize":"big","goToSlideType":"specified","invisible":false},{"x":13.071045918367346,"y":73.00856423173803,"width":75.25510204081633,"height":25.692695214105793,"action":{"library":"H5P.CRAdvancedText 1.1","params":{"text":"<p dir=\"ltr\" style=\"text-align: center;\"><span style=\"color:#ffffff;\"><span style=\"font-size:1.75em;\">Chaku alipenda kucheza na marafiki zake.<\/span><\/span><\/p>\n"},"subContentId":"36753ba6-9a9b-4174-83e7-808ea43aacdf","metadata":{"contentType":"Text","license":"U","title":"Untitled Text"}},"alwaysDisplayComments":false,"backgroundOpacity":0,"willDoAnimation":false,"animationType":"glow","displayAsButton":false,"buttonSize":"big","goToSlideType":"specified","invisible":false,"solution":""},{"x":46.96691176470588,"y":44,"width":40,"height":40,"action":{"library":"H5P.CRAudio 1.4","params":{"fitToWrapper":true,"currIndex":1,"playerMode":"minimalistic","controls":true,"autoplay":true,"playAudio":"Play audio","pauseAudio":"Pause audio","contentName":"Audio","glowColor":"#ffd85a","timeStampForEachText":[{"text":" Chaku ","startDuration":"0.0000","endDuration":"1.1944","wordfile":[{"path":"audios\/wordfile-66b1c7fbd4c04.mp3","mime":"audio\/mpeg","copyright":{"license":"U"}}]},{"text":" alipenda ","startDuration":"1.1954","endDuration":"2.2915","wordfile":[{"path":"audios\/wordfile-66b1c80e12485.mp3","mime":"audio\/mpeg","copyright":{"license":"U"}}]},{"text":" kucheza ","startDuration":"2.2925","endDuration":"3.4760","wordfile":[{"path":"audios\/wordfile-66b1c825d0ef0.mp3","mime":"audio\/mpeg","copyright":{"license":"U"}}]},{"text":" na ","startDuration":"3.4770","endDuration":"3.8518","wordfile":[{"path":"audios\/wordfile-67175d3e1bcc7.mp3","mime":"audio\/mpeg","copyright":{"license":"U"}}]},{"text":" marafiki ","startDuration":"3.8528","endDuration":"4.3697","wordfile":[{"path":"audios\/wordfile-670fd1d4d554c.mp3","mime":"audio\/mpeg","copyright":{"license":"U"}}]},{"text":" zake. ","startDuration":"4.3707","endDuration":"5.3138","wordfile":[{"path":"audios\/wordfile-66b1c873d8c1f.mp3","mime":"audio\/mpeg","copyright":{"license":"U"}}]}],"files":[{"path":"audios\/files-66b1c7e71a414.mp3","mime":"audio\/mpeg","copyright":{"license":"U"}}]},"subContentId":"2ff6ffc8-8fb9-4cb4-9266-01d977a475a9","metadata":{"contentType":"Curious Reader Audio","license":"U","title":"Untitled Curious Reader Audio"}},"backgroundOpacity":0,"willDoAnimation":false,"animationType":"glow","displayAsButton":false,"buttonSize":"big","goToSlideType":"specified","invisible":false},{"x":45.955882352941174,"y":18.181818181818183,"width":14.15441176470588,"height":40,"action":{"library":"H5P.Image 1.1","params":{"contentName":"Image"},"subContentId":"dd166949-5987-4136-a1e1-515e6bdb850b","metadata":{"contentType":"Image","license":"U","title":"Untitled Image"}},"backgroundOpacity":0,"willDoAnimation":true,"animationType":"glow","displayAsButton":false,"buttonSize":"big","goToSlideType":"specified","invisible":false,"id":"img2ff6ffc8-8fb9-4cb4-9266-01d977a475a9_0"},{"x":20.220588235294116,"y":21.818181818181817,"width":14.15441176470588,"height":40,"action":{"library":"H5P.Image 1.1","params":{"contentName":"Image"},"subContentId":"c69f5d17-b497-4220-b7b7-b6c853405598","metadata":{"contentType":"Image","license":"U","title":"Untitled Image"}},"backgroundOpacity":0,"willDoAnimation":true,"animationType":"glow","displayAsButton":false,"buttonSize":"big","goToSlideType":"specified","invisible":false,"id":"img2ff6ffc8-8fb9-4cb4-9266-01d977a475a9_4"},{"x":33.088235294117645,"y":29.09090909090909,"width":14.15441176470588,"height":40,"action":{"library":"H5P.Image 1.1","params":{"contentName":"Image"},"subContentId":"70553589-2d59-412f-be4c-48d8bac5dbe8","metadata":{"contentType":"Image","license":"U","title":"Untitled Image"}},"backgroundOpacity":0,"willDoAnimation":true,"animationType":"glow","displayAsButton":false,"buttonSize":"big","goToSlideType":"specified","invisible":false,"id":"img2ff6ffc8-8fb9-4cb4-9266-01d977a475a9_4"},{"x":58.82352941176471,"y":40.113454545454545,"width":14.15441176470588,"height":31.636363636363637,"action":{"library":"H5P.Image 1.1","params":{"contentName":"Image"},"subContentId":"62520967-2cac-4608-98d4-63b6872f04df","metadata":{"contentType":"Image","license":"U","title":"Untitled Image"}},"backgroundOpacity":0,"willDoAnimation":true,"animationType":"glow","displayAsButton":false,"buttonSize":"big","goToSlideType":"specified","invisible":false,"id":"img2ff6ffc8-8fb9-4cb4-9266-01d977a475a9_4"}],"slideBackgroundSelector":{}},{"elements":[{"x":5.446623093681917,"y":4.301075268817204,"width":38.12636165577342,"height":93.54838709677419,"action":{"library":"H5P.Image 1.1","params":{"contentName":"Image","file":{"path":"images\/file-6582f72bd78b8.jpg","mime":"image\/jpeg","copyright":{"license":"U"},"width":479,"height":686}},"subContentId":"fb28b8d4-c35a-42fd-b001-fd43d70a400a","metadata":{"contentType":"Image","license":"U","title":"Untitled Image"}},"backgroundOpacity":0,"willDoAnimation":false,"animationType":"glow","displayAsButton":false,"buttonSize":"big","goToSlideType":"specified","invisible":false},{"x":44.11764705882353,"y":32.72727272727273,"width":49.01960784313726,"height":31.39784946236559,"action":{"library":"H5P.CRAdvancedText 1.1","params":{"text":"<p dir=\"ltr\" style=\"text-align: center;\"><span style=\"font-size:1.75em;\"><span style=\"color:#ffffff;\">Aliipenda baiskeli ya Lila yenye matairi matatu.<\/span><\/span><\/p>\n"},"subContentId":"9a88ce55-a8ca-437a-8702-a993e932e166","metadata":{"contentType":"Text","license":"U","title":"Untitled Text"}},"alwaysDisplayComments":false,"backgroundOpacity":0,"willDoAnimation":false,"animationType":"glow","displayAsButton":false,"buttonSize":"big","goToSlideType":"specified","invisible":false,"solution":""},{"x":65.625,"y":8,"width":40,"height":40,"action":{"library":"H5P.CRAudio 1.4","params":{"fitToWrapper":true,"currIndex":2,"playerMode":"minimalistic","controls":true,"autoplay":true,"playAudio":"Play audio","pauseAudio":"Pause audio","contentName":"Audio","glowColor":"#ffd85a","timeStampForEachText":[{"text":" Aliipenda ","startDuration":"0.0000","endDuration":"1.5875","wordfile":[{"path":"audios\/wordfile-66b1cac9d867a.mp3","mime":"audio\/mpeg","copyright":{"license":"U"}}]},{"text":" baiskeli ","startDuration":"1.5885","endDuration":"2.6540","wordfile":[{"path":"audios\/wordfile-670fd1ea33f1b.mp3","mime":"audio\/mpeg","copyright":{"license":"U"}}]},{"text":" ya ","startDuration":"2.6550","endDuration":"3.0473","wordfile":[{"path":"audios\/wordfile-67175d5016be2.mp3","mime":"audio\/mpeg","copyright":{"license":"U"}}]},{"text":" Lila ","startDuration":"3.0483","endDuration":"3.8115","wordfile":[{"path":"audios\/wordfile-66b1cb09baa56.mp3","mime":"audio\/mpeg","copyright":{"license":"U"}}]},{"text":" yenye ","startDuration":"3.8125","endDuration":"4.4109","wordfile":[{"path":"audios\/wordfile-670fd1f9143d3.mp3","mime":"audio\/mpeg","copyright":{"license":"U"}}]},{"text":" matairi ","startDuration":"4.4119","endDuration":"5.0652","wordfile":[{"path":"audios\/wordfile-66b1cb40132a9.mp3","mime":"audio\/mpeg","copyright":{"license":"U"}}]},{"text":" matatu. ","startDuration":"5.0662","endDuration":"6.1454","wordfile":[{"path":"audios\/wordfile-66b1cb56d052d.mp3","mime":"audio\/mpeg","copyright":{"license":"U"}}]}],"files":[{"path":"audios\/files-66b1cab5e7949.mp3","mime":"audio\/mpeg","copyright":{"license":"U"}}]},"subContentId":"b031bf4f-2376-403c-a5bc-cabed4426ae4","metadata":{"contentType":"Curious Reader Audio","license":"U","title":"Untitled Curious Reader Audio"}},"backgroundOpacity":0,"willDoAnimation":false,"animationType":"glow","displayAsButton":false,"buttonSize":"big","goToSlideType":"specified","invisible":false},{"x":20.22058823529412,"y":54.69890909090908,"width":19.669117647058822,"height":31.636363636363637,"action":{"library":"H5P.Image 1.1","params":{"contentName":"Image"},"subContentId":"5906a0e8-5ed2-415e-99bf-119e5fea3fdd","metadata":{"contentType":"Image","license":"U","title":"Untitled Image"}},"backgroundOpacity":0,"willDoAnimation":true,"animationType":"glow","displayAsButton":false,"buttonSize":"big","goToSlideType":"specified","invisible":false,"id":"imgb031bf4f-2376-403c-a5bc-cabed4426ae4_1"},{"x":22.058823529411764,"y":32.72727272727273,"width":13.786764705882351,"height":28,"action":{"library":"H5P.Image 1.1","params":{"contentName":"Image"},"subContentId":"bf13f169-294a-44d0-b3b9-de12d589aa4c","metadata":{"contentType":"Image","license":"U","title":"Untitled Image"}},"backgroundOpacity":0,"willDoAnimation":true,"animationType":"glow","displayAsButton":false,"buttonSize":"big","goToSlideType":"specified","invisible":false,"id":"imgb031bf4f-2376-403c-a5bc-cabed4426ae4_3"},{"x":3.6764705882352944,"y":7.289781818181819,"width":19.669117647058822,"height":42.54545454545455,"action":{"library":"H5P.Image 1.1","params":{"contentName":"Image"},"subContentId":"3e358e2b-8b1d-47c7-bccc-d4a2720dc6c3","metadata":{"contentType":"Image","license":"U","title":"Untitled Image"}},"backgroundOpacity":0,"willDoAnimation":true,"animationType":"glow","displayAsButton":false,"buttonSize":"big","goToSlideType":"specified","invisible":false,"id":"imgb031bf4f-2376-403c-a5bc-cabed4426ae4_0"}],"slideBackgroundSelector":{}},{"elements":[{"x":3.2679738562091503,"y":2.150537634408602,"width":39.97821350762527,"height":96.77419354838709,"action":{"library":"H5P.Image 1.1","params":{"contentName":"Image","file":{"path":"images\/file-6582f7eede908.jpg","mime":"image\/jpeg","copyright":{"license":"U"},"width":479,"height":686}},"subContentId":"cafcd57b-3545-4c4b-bd65-7246c85de666","metadata":{"contentType":"Image","license":"U","title":"Untitled Image"}},"backgroundOpacity":0,"willDoAnimation":false,"animationType":"glow","displayAsButton":false,"buttonSize":"big","goToSlideType":"specified","invisible":false},{"x":47.794117647058826,"y":21.880690909090912,"width":47.79411764705882,"height":40,"action":{"library":"H5P.CRAdvancedText 1.1","params":{"text":"<p dir=\"ltr\" style=\"text-align: center;\"><span style=\"font-size:1.75em;\"><span style=\"color:#ffffff;\">Chaku aliamua kutengeneza baiskeli yake mwenyewe ya matairi matatu.<\/span><\/span><\/p>\n"},"subContentId":"6ed4d0c8-4215-4a30-9633-4617986f09cd","metadata":{"contentType":"Text","license":"U","title":"Untitled Text"}},"alwaysDisplayComments":false,"backgroundOpacity":0,"willDoAnimation":false,"animationType":"glow","displayAsButton":false,"buttonSize":"big","goToSlideType":"specified","invisible":false,"solution":""},{"x":46.96691176470588,"y":44,"width":40,"height":40,"action":{"library":"H5P.CRAudio 1.4","params":{"fitToWrapper":true,"currIndex":3,"playerMode":"minimalistic","controls":true,"autoplay":true,"playAudio":"Play audio","pauseAudio":"Pause audio","contentName":"Audio","glowColor":"#ffd85a","timeStampForEachText":[{"text":" Chaku ","startDuration":"0.0000","endDuration":"1.4245","wordfile":[{"path":"audios\/wordfile-66b1cb8618989.mp3","mime":"audio\/mpeg","copyright":{"license":"U"}}]},{"text":" aliamua ","startDuration":"1.4255","endDuration":"2.4198","wordfile":[{"path":"audios\/wordfile-66b1cb9c9ef22.mp3","mime":"audio\/mpeg","copyright":{"license":"U"}}]},{"text":" kutengeneza ","startDuration":"2.4208","endDuration":"3.2993","wordfile":[{"path":"audios\/wordfile-66b1cbb200868.mp3","mime":"audio\/mpeg","copyright":{"license":"U"}}]},{"text":" baiskeli ","startDuration":"3.3003","endDuration":"3.9967","wordfile":[{"path":"audios\/wordfile-670fd21649e83.mp3","mime":"audio\/mpeg","copyright":{"license":"U"}}]},{"text":" yake ","startDuration":"3.9977","endDuration":"4.9589","wordfile":[{"path":"audios\/wordfile-66b1cbdb6f53f.mp3","mime":"audio\/mpeg","copyright":{"license":"U"}}]},{"text":" mwenyewe ","startDuration":"4.9599","endDuration":"5.8384","wordfile":[{"path":"audios\/wordfile-66b1cbef9e1ce.mp3","mime":"audio\/mpeg","copyright":{"license":"U"}}]},{"text":" ya ","startDuration":"5.8394","endDuration":"6.1718","wordfile":[{"path":"audios\/wordfile-67175d620566f.mp3","mime":"audio\/mpeg","copyright":{"license":"U"}}]},{"text":" matairi ","startDuration":"6.1728","endDuration":"6.8527","wordfile":[{"path":"audios\/wordfile-66b1cc1dd001f.mp3","mime":"audio\/mpeg","copyright":{"license":"U"}}]},{"text":" matatu. ","startDuration":"6.8537","endDuration":"7.9473","wordfile":[{"path":"audios\/wordfile-66b1cc3931c3b.mp3","mime":"audio\/mpeg","copyright":{"license":"U"}}]}],"files":[{"path":"audios\/files-66b1cb706d44f.mp3","mime":"audio\/mpeg","copyright":{"license":"U"}}]},"subContentId":"44c1f5cb-5cd5-4709-94a4-34dab600c902","metadata":{"contentType":"Curious Reader Audio","license":"U","title":"Untitled Curious Reader Audio"}},"backgroundOpacity":0,"willDoAnimation":false,"animationType":"glow","displayAsButton":false,"buttonSize":"big","goToSlideType":"specified","invisible":false},{"x":22.058823529411764,"y":10.909090909090908,"width":17.830882352941174,"height":40,"action":{"library":"H5P.Image 1.1","params":{"contentName":"Image"},"subContentId":"50574bc0-311b-4460-a0f2-1e22eea734fb","metadata":{"contentType":"Image","license":"U","title":"Untitled Image"}},"backgroundOpacity":0,"willDoAnimation":true,"animationType":"glow","displayAsButton":false,"buttonSize":"big","goToSlideType":"specified","invisible":false,"id":"img44c1f5cb-5cd5-4709-94a4-34dab600c902_0"}],"slideBackgroundSelector":{}},{"elements":[{"x":4.357298474945534,"y":2.148858064516129,"width":39.97821350762527,"height":96.77419354838709,"action":{"library":"H5P.Image 1.1","params":{"contentName":"Image","file":{"path":"images\/file-6582f82e21dc4.jpg","mime":"image\/jpeg","copyright":{"license":"U"},"width":479,"height":686}},"subContentId":"e2d5d6fe-aa9f-46a2-b83c-b89c31d009db","metadata":{"contentType":"Image","license":"U","title":"Untitled Image"}},"backgroundOpacity":0,"willDoAnimation":false,"animationType":"glow","displayAsButton":false,"buttonSize":"big","goToSlideType":"specified","invisible":false},{"x":48.46938775510204,"y":40.30226700251889,"width":40,"height":40,"action":{"library":"H5P.CRAdvancedText 1.1","params":{"text":"<p dir=\"ltr\" style=\"text-align: center;\"><span style=\"font-size:1.75em;\"><span style=\"color:#ffffff;\">Chaku alitafuta magogo.<\/span><\/span><\/p>\n"},"subContentId":"55b63758-aa28-4edd-9bdd-c0cd9261f76a","metadata":{"contentType":"Text","license":"U","title":"Untitled Text"}},"alwaysDisplayComments":false,"backgroundOpacity":0,"willDoAnimation":false,"animationType":"glow","displayAsButton":false,"buttonSize":"big","goToSlideType":"specified","invisible":false,"solution":""},{"x":46.96691176470588,"y":44,"width":40,"height":40,"action":{"library":"H5P.CRAudio 1.4","params":{"fitToWrapper":true,"currIndex":4,"playerMode":"minimalistic","controls":true,"autoplay":true,"playAudio":"Play audio","pauseAudio":"Pause audio","contentName":"Audio","glowColor":"#ffd85a","timeStampForEachText":[{"text":" Chaku ","startDuration":"0.0000","endDuration":"1.1187","wordfile":[{"path":"audios\/wordfile-66b1cc6471f6f.mp3","mime":"audio\/mpeg","copyright":{"license":"U"}}]},{"text":" alitafuta ","startDuration":"1.1197","endDuration":"2.5046","wordfile":[{"path":"audios\/wordfile-66b1cc75c0f07.mp3","mime":"audio\/mpeg","copyright":{"license":"U"}}]},{"text":" magogo. ","startDuration":"2.5056","endDuration":"3.6586","wordfile":[{"path":"audios\/wordfile-66b1cc85c73a1.mp3","mime":"audio\/mpeg","copyright":{"license":"U"}}]}],"files":[{"path":"audios\/files-66b1cc5253521.mp3","mime":"audio\/mpeg","copyright":{"license":"U"}}]},"subContentId":"733d3a5d-2f45-49d6-a9d7-951e037b6f18","metadata":{"contentType":"Curious Reader Audio","license":"U","title":"Untitled Curious Reader Audio"}},"backgroundOpacity":0,"willDoAnimation":false,"animationType":"glow","displayAsButton":false,"buttonSize":"big","goToSlideType":"specified","invisible":false},{"x":11.029411764705882,"y":43.63636363636363,"width":12.499999999999998,"height":28,"action":{"library":"H5P.Image 1.1","params":{"contentName":"Image"},"subContentId":"265f2cb9-615c-4c24-bc48-db26fc2940e4","metadata":{"contentType":"Image","license":"U","title":"Untitled Image"}},"backgroundOpacity":0,"willDoAnimation":true,"animationType":"glow","displayAsButton":false,"buttonSize":"big","goToSlideType":"specified","invisible":false,"id":"img733d3a5d-2f45-49d6-a9d7-951e037b6f18_0"},{"x":5.514705882352941,"y":61.99418181818183,"width":15.992647058823529,"height":16.363636363636363,"action":{"library":"H5P.Image 1.1","params":{"contentName":"Image"},"subContentId":"00c05d8a-7ad9-45d0-93f2-c00ec2f63f67","metadata":{"contentType":"Image","license":"U","title":"Untitled Image"}},"backgroundOpacity":0,"willDoAnimation":true,"animationType":"glow","displayAsButton":false,"buttonSize":"big","goToSlideType":"specified","invisible":false,"id":"img733d3a5d-2f45-49d6-a9d7-951e037b6f18_2"},{"x":20.22058823529412,"y":51.05381818181818,"width":7.352941176470588,"height":28,"action":{"library":"H5P.Image 1.1","params":{"contentName":"Image"},"subContentId":"b822ce42-a007-4027-91b6-93e9b69c1c8d","metadata":{"contentType":"Image","license":"U","title":"Untitled Image"}},"backgroundOpacity":0,"willDoAnimation":true,"animationType":"glow","displayAsButton":false,"buttonSize":"big","goToSlideType":"specified","invisible":false,"id":"img733d3a5d-2f45-49d6-a9d7-951e037b6f18_2"},{"x":12.867647058823529,"y":72.83236363636362,"width":19.669117647058822,"height":14.909090909090908,"action":{"library":"H5P.Image 1.1","params":{"contentName":"Image"},"subContentId":"87cedd5a-314c-498c-a3ef-700891b95962","metadata":{"contentType":"Image","license":"U","title":"Untitled Image"}},"backgroundOpacity":0,"willDoAnimation":true,"animationType":"glow","displayAsButton":false,"buttonSize":"big","goToSlideType":"specified","invisible":false,"id":"img733d3a5d-2f45-49d6-a9d7-951e037b6f18_2"}],"slideBackgroundSelector":{}},{"elements":[{"x":5.446623093681917,"y":6.44658064516129,"width":39.97821350762527,"height":93.54838709677419,"action":{"library":"H5P.Image 1.1","params":{"contentName":"Image","file":{"path":"images\/file-6582f8657e7fd.jpg","mime":"image\/jpeg","copyright":{"license":"U"},"width":639,"height":687}},"subContentId":"59f6874d-70d3-4721-b27c-88467f7a9199","metadata":{"contentType":"Image","license":"U","title":"Untitled Image"}},"backgroundOpacity":0,"willDoAnimation":false,"animationType":"glow","displayAsButton":false,"buttonSize":"big","goToSlideType":"specified","invisible":false},{"x":47.794117647058826,"y":25.488654545454548,"width":49.080882352941174,"height":60.36363636363637,"action":{"library":"H5P.CRAdvancedText 1.1","params":{"text":"<p dir=\"ltr\" style=\"text-align: center;\"><span style=\"color:#ffffff;\"><span style=\"font-size:1.75em;\">Chaku alikumbuka kwamba pia alihitaji kuwa na misumari na nyundo.<\/span><\/span><\/p>\n"},"subContentId":"aa0e15d9-a1e8-482d-8ee6-6e545bfeab5b","metadata":{"contentType":"Text","license":"U","title":"Untitled Text"}},"alwaysDisplayComments":false,"backgroundOpacity":0,"willDoAnimation":false,"animationType":"glow","displayAsButton":false,"buttonSize":"big","goToSlideType":"specified","invisible":false,"solution":""},{"x":46.96691176470588,"y":44,"width":40,"height":40,"action":{"library":"H5P.CRAudio 1.4","params":{"fitToWrapper":true,"currIndex":5,"playerMode":"minimalistic","controls":true,"autoplay":true,"playAudio":"Play audio","pauseAudio":"Pause audio","contentName":"Audio","glowColor":"#ffd85a","timeStampForEachText":[{"text":" Chaku ","startDuration":"0.0000","endDuration":"1.3365","wordfile":[{"path":"audios\/wordfile-66b1ccc5e0087.mp3","mime":"audio\/mpeg","copyright":{"license":"U"}}]},{"text":" alikumbuka ","startDuration":"1.4949","endDuration":"2.4817","wordfile":[{"path":"audios\/wordfile-66b1cce021193.mp3","mime":"audio\/mpeg","copyright":{"license":"U"}}]},{"text":" kwamba ","startDuration":"2.4827","endDuration":"3.2247","wordfile":[{"path":"audios\/wordfile-66b1ccff5d85f.mp3","mime":"audio\/mpeg","copyright":{"license":"U"}}]},{"text":" pia ","startDuration":"3.3306","endDuration":"4.3699","wordfile":[{"path":"audios\/wordfile-66b1cd131b78e.mp3","mime":"audio\/mpeg","copyright":{"license":"U"}}]},{"text":" alihitaji ","startDuration":"4.3709","endDuration":"5.5151","wordfile":[{"path":"audios\/wordfile-66b1cdb0daf19.mp3","mime":"audio\/mpeg","copyright":{"license":"U"}}]},{"text":" kuwa ","startDuration":"5.5161","endDuration":"6.1707","wordfile":[{"path":"audios\/wordfile-66b1cdc64b3be.mp3","mime":"audio\/mpeg","copyright":{"license":"U"}}]},{"text":" na ","startDuration":"6.1717","endDuration":"6.3717","wordfile":[{"path":"audios\/wordfile-67175d77d4a82.mp3","mime":"audio\/mpeg","copyright":{"license":"U"}}]},{"text":" misumari ","startDuration":"6.3727","endDuration":"7.3770","wordfile":[{"path":"audios\/wordfile-66b1cde711cdb.mp3","mime":"audio\/mpeg","copyright":{"license":"U"}}]},{"text":" na ","startDuration":"7.3780","endDuration":"7.7354","wordfile":[{"path":"audios\/wordfile-67175d81afdbb.mp3","mime":"audio\/mpeg","copyright":{"license":"U"}}]},{"text":" nyundo. ","startDuration":"7.7364","endDuration":"8.7771","wordfile":[{"path":"audios\/wordfile-66b1ce08d5512.mp3","mime":"audio\/mpeg","copyright":{"license":"U"}}]}],"files":[{"path":"audios\/files-66b1ccb3d42a5.mp3","mime":"audio\/mpeg","copyright":{"license":"U"}}]},"subContentId":"6e3de477-3498-477c-8a1b-38e9812e23a5","metadata":{"contentType":"Curious Reader Audio","license":"U","title":"Untitled Curious Reader Audio"}},"backgroundOpacity":0,"willDoAnimation":false,"animationType":"glow","displayAsButton":false,"buttonSize":"big","goToSlideType":"specified","invisible":false},{"x":7.352941176470589,"y":21.880690909090912,"width":14.15441176470588,"height":35.27272727272727,"action":{"library":"H5P.Image 1.1","params":{"contentName":"Image"},"subContentId":"ccdd576f-95f3-4a96-b0e4-2186319674a8","metadata":{"contentType":"Image","license":"U","title":"Untitled Image"}},"backgroundOpacity":0,"willDoAnimation":true,"animationType":"glow","displayAsButton":false,"buttonSize":"big","goToSlideType":"specified","invisible":false,"id":"img6e3de477-3498-477c-8a1b-38e9812e23a5_0"},{"x":23.897058823529413,"y":10.93749090909091,"width":14.15441176470588,"height":19.272727272727273,"action":{"library":"H5P.Image 1.1","params":{"contentName":"Image"},"subContentId":"ea4d2d02-8f72-4b38-af06-37d61e7f314f","metadata":{"contentType":"Image","license":"U","title":"Untitled Image"}},"backgroundOpacity":0,"willDoAnimation":true,"animationType":"glow","displayAsButton":false,"buttonSize":"big","goToSlideType":"specified","invisible":false,"id":"img6e3de477-3498-477c-8a1b-38e9812e23a5_7"},{"x":25.735294117647058,"y":10.909090909090908,"width":10.477941176470587,"height":18.181818181818183,"action":{"library":"H5P.Image 1.1","params":{"contentName":"Image"},"subContentId":"1eedd853-ab28-4d4a-8a79-d31f499ae208","metadata":{"contentType":"Image","license":"U","title":"Untitled Image"}},"backgroundOpacity":0,"willDoAnimation":true,"animationType":"glow","displayAsButton":false,"buttonSize":"big","goToSlideType":"specified","invisible":false,"id":"img6e3de477-3498-477c-8a1b-38e9812e23a5_9"},{"x":9.191176470588236,"y":21.880690909090912,"width":12.316176470588234,"height":28,"action":{"library":"H5P.Image 1.1","params":{"contentName":"Image"},"subContentId":"b386eac0-254e-4efc-9d4c-a82b5a051e5f","metadata":{"contentType":"Image","license":"U","title":"Untitled Image"}},"backgroundOpacity":0,"willDoAnimation":true,"animationType":"glow","displayAsButton":false,"buttonSize":"big","goToSlideType":"specified","invisible":false,"id":"img6e3de477-3498-477c-8a1b-38e9812e23a5_1"}],"slideBackgroundSelector":{}},{"elements":[{"x":4.357298474945534,"y":2.150537634408602,"width":39.97821350762527,"height":95.69892473118279,"action":{"library":"H5P.Image 1.1","params":{"contentName":"Image","file":{"path":"images\/file-6582f8a2a9d1c.jpg","mime":"image\/jpeg","copyright":{"license":"U"},"width":479,"height":686}},"subContentId":"a12d8d51-bd78-4fea-affb-9061ee70f22e","metadata":{"contentType":"Image","license":"U","title":"Untitled Image"}},"backgroundOpacity":0,"willDoAnimation":false,"animationType":"glow","displayAsButton":false,"buttonSize":"big","goToSlideType":"specified","invisible":false},{"x":45.91836734693878,"y":40.8375314861461,"width":48.5969387755102,"height":40.050377833753146,"action":{"library":"H5P.CRAdvancedText 1.1","params":{"text":"<p dir=\"ltr\" style=\"text-align: center;\"><span style=\"color:#ffffff;\"><span style=\"font-size:1.75em;\">Chaku alienda kwa mjomba wake kuomba msaada.<\/span><\/span><\/p>\n"},"subContentId":"b55726bc-a322-4bce-8773-377dd906e05f","metadata":{"contentType":"Text","license":"U","title":"Untitled Text"}},"alwaysDisplayComments":false,"backgroundOpacity":0,"willDoAnimation":false,"animationType":"glow","displayAsButton":false,"buttonSize":"big","goToSlideType":"specified","invisible":false,"solution":""},{"x":46.96691176470588,"y":44,"width":40,"height":40,"action":{"library":"H5P.CRAudio 1.4","params":{"fitToWrapper":true,"currIndex":6,"playerMode":"minimalistic","controls":true,"autoplay":true,"playAudio":"Play audio","pauseAudio":"Pause audio","contentName":"Audio","glowColor":"#ffd85a","timeStampForEachText":[{"text":" Chaku ","startDuration":"0.0000","endDuration":"1.0563","wordfile":[{"path":"audios\/wordfile-66b1ce3b2bc26.mp3","mime":"audio\/mpeg","copyright":{"license":"U"}}]},{"text":" alienda ","startDuration":"1.0573","endDuration":"2.1640","wordfile":[{"path":"audios\/wordfile-66b1ce4fcf113.mp3","mime":"audio\/mpeg","copyright":{"license":"U"}}]},{"text":" kwa ","startDuration":"2.1650","endDuration":"2.5161","wordfile":[{"path":"audios\/wordfile-671832cdd34f1.mp3","mime":"audio\/mpeg","copyright":{"license":"U"}}]},{"text":" mjomba ","startDuration":"2.5171","endDuration":"2.8556","wordfile":[{"path":"audios\/wordfile-670fd24d6e2ec.mp3","mime":"audio\/mpeg","copyright":{"license":"U"}}]},{"text":" wake ","startDuration":"2.8566","endDuration":"3.6107","wordfile":[{"path":"audios\/wordfile-66b1ce970466a.mp3","mime":"audio\/mpeg","copyright":{"license":"U"}}]},{"text":" kuomba ","startDuration":"3.8384","endDuration":"4.8695","wordfile":[{"path":"audios\/wordfile-66b1ceb52770e.mp3","mime":"audio\/mpeg","copyright":{"license":"U"}}]},{"text":" msaada. ","startDuration":"5.0090","endDuration":"6.2165","wordfile":[{"path":"audios\/wordfile-66b1cec557658.mp3","mime":"audio\/mpeg","copyright":{"license":"U"}}]}],"files":[{"path":"audios\/files-66b1ce27cf4ca.mp3","mime":"audio\/mpeg","copyright":{"license":"U"}}]},"subContentId":"541a06a4-4ef9-4020-90f4-aca121a0ce2a","metadata":{"contentType":"Curious Reader Audio","license":"U","title":"Untitled Curious Reader Audio"}},"backgroundOpacity":0,"willDoAnimation":false,"animationType":"glow","displayAsButton":false,"buttonSize":"big","goToSlideType":"specified","invisible":false},{"x":7.352941176470588,"y":40,"width":19.669117647058822,"height":40,"action":{"library":"H5P.Image 1.1","params":{"contentName":"Image"},"subContentId":"66668447-3518-4717-8c75-3b6f5db5293c","metadata":{"contentType":"Image","license":"U","title":"Untitled Image"}},"backgroundOpacity":0,"willDoAnimation":true,"animationType":"glow","displayAsButton":false,"buttonSize":"big","goToSlideType":"specified","invisible":false,"id":"img541a06a4-4ef9-4020-90f4-aca121a0ce2a_0"},{"x":22.058823529411764,"y":3.6448727272727273,"width":21.507352941176467,"height":53.45454545454545,"action":{"library":"H5P.Image 1.1","params":{"contentName":"Image"},"subContentId":"75dd1919-ee08-4714-9ec0-b335415da1ef","metadata":{"contentType":"Image","license":"U","title":"Untitled Image"}},"backgroundOpacity":0,"willDoAnimation":true,"animationType":"glow","displayAsButton":false,"buttonSize":"big","goToSlideType":"specified","invisible":false,"id":"img541a06a4-4ef9-4020-90f4-aca121a0ce2a_3"}],"slideBackgroundSelector":{}},{"elements":[{"x":3.2679738562091507,"y":2.148858064516129,"width":39.97821350762527,"height":96.77419354838709,"action":{"library":"H5P.Image 1.1","params":{"contentName":"Image","file":{"path":"images\/file-6582f8d53e48b.jpg","mime":"image\/jpeg","copyright":{"license":"U"},"width":479,"height":686}},"subContentId":"92528443-ca85-4263-9bfc-286ba7fa3bad","metadata":{"contentType":"Image","license":"U","title":"Untitled Image"}},"backgroundOpacity":0,"willDoAnimation":false,"animationType":"glow","displayAsButton":false,"buttonSize":"big","goToSlideType":"specified","invisible":false},{"x":44.11764705882353,"y":15.150581818181818,"width":51.470588235294116,"height":83.27272727272727,"action":{"library":"H5P.CRAdvancedText 1.1","params":{"text":"<p dir=\"ltr\" style=\"text-align: center;\"><span style=\"font-size:1.75em;\"><span style=\"color:#ffffff;\">Mjomba wake Chaku alimpa vifaa. Mjomba alimwambia Chaku awe mwangalifu.<\/span><\/span><\/p>\n"},"subContentId":"41562dc7-92c2-4920-9175-0b9ee75a455f","metadata":{"contentType":"Text","license":"U","title":"Untitled Text"}},"alwaysDisplayComments":false,"backgroundOpacity":0,"willDoAnimation":false,"animationType":"glow","displayAsButton":false,"buttonSize":"big","goToSlideType":"specified","invisible":false,"solution":""},{"x":46.96691176470588,"y":44,"width":40,"height":40,"action":{"library":"H5P.CRAudio 1.4","params":{"fitToWrapper":true,"currIndex":7,"playerMode":"minimalistic","controls":true,"autoplay":true,"playAudio":"Play audio","pauseAudio":"Pause audio","contentName":"Audio","glowColor":"#ffd85a","timeStampForEachText":[{"text":" Mjomba ","startDuration":"0.0000","endDuration":"1.0698","wordfile":[{"path":"audios\/wordfile-66b1cf1fb82ab.mp3","mime":"audio\/mpeg","copyright":{"license":"U"}}]},{"text":" wake ","startDuration":"1.0708","endDuration":"1.6436","wordfile":[{"path":"audios\/wordfile-66b1cf326fd2d.mp3","mime":"audio\/mpeg","copyright":{"license":"U"}}]},{"text":" Chaku ","startDuration":"1.6446","endDuration":"2.4866","wordfile":[{"path":"audios\/wordfile-66b1cf47cbe83.mp3","mime":"audio\/mpeg","copyright":{"license":"U"}}]},{"text":" alimpa ","startDuration":"2.4876","endDuration":"3.4746","wordfile":[{"path":"audios\/wordfile-66b1cf689d809.mp3","mime":"audio\/mpeg","copyright":{"license":"U"}}]},{"text":" vifaa. ","startDuration":"3.4756","endDuration":"4.4005","wordfile":[{"path":"audios\/wordfile-66b1cf7db9910.mp3","mime":"audio\/mpeg","copyright":{"license":"U"}}]},{"text":" Mjomba ","startDuration":"4.6914","endDuration":"6.0305","wordfile":[{"path":"audios\/wordfile-670fd267474c1.mp3","mime":"audio\/mpeg","copyright":{"license":"U"}}]},{"text":" alimwambia ","startDuration":"6.0315","endDuration":"6.8735","wordfile":[{"path":"audios\/wordfile-66b1cfaa1296a.mp3","mime":"audio\/mpeg","copyright":{"license":"U"}}]},{"text":" Chaku ","startDuration":"6.8745","endDuration":"7.7580","wordfile":[{"path":"audios\/wordfile-66b1cfbe34231.mp3","mime":"audio\/mpeg","copyright":{"license":"U"}}]},{"text":" awe ","startDuration":"7.7590","endDuration":"8.3939","wordfile":[{"path":"audios\/wordfile-66b1cfda80a30.mp3","mime":"audio\/mpeg","copyright":{"license":"U"}}]},{"text":" mwangalifu. ","startDuration":"8.3949","endDuration":"9.7754","wordfile":[{"path":"audios\/wordfile-66b1cff42efc4.mp3","mime":"audio\/mpeg","copyright":{"license":"U"}}]}],"files":[{"path":"audios\/files-66b1cefb52c78.mp3","mime":"audio\/mpeg","copyright":{"license":"U"}}]},"subContentId":"2fc37b74-009c-448a-b69f-9219031263d7","metadata":{"contentType":"Curious Reader Audio","license":"U","title":"Untitled Curious Reader Audio"}},"backgroundOpacity":0,"willDoAnimation":false,"animationType":"glow","displayAsButton":false,"buttonSize":"big","goToSlideType":"specified","invisible":false},{"x":7.352941176470589,"y":36.51709090909091,"width":19.669117647058822,"height":31.636363636363637,"action":{"library":"H5P.Image 1.1","params":{"contentName":"Image"},"subContentId":"ca4b64e8-d915-490b-9e54-64ab394e363a","metadata":{"contentType":"Image","license":"U","title":"Untitled Image"}},"backgroundOpacity":0,"willDoAnimation":true,"animationType":"glow","displayAsButton":false,"buttonSize":"big","goToSlideType":"specified","invisible":false,"id":"img2fc37b74-009c-448a-b69f-9219031263d7_4"},{"x":5.514705882352941,"y":14.545454545454545,"width":15.992647058823529,"height":32.36363636363637,"action":{"library":"H5P.Image 1.1","params":{"contentName":"Image"},"subContentId":"af3af720-e591-45ab-8598-0ece5bdd564d","metadata":{"contentType":"Image","license":"U","title":"Untitled Image"}},"backgroundOpacity":0,"willDoAnimation":true,"animationType":"glow","displayAsButton":false,"buttonSize":"big","goToSlideType":"specified","invisible":false,"id":"img2fc37b74-009c-448a-b69f-9219031263d7_2"}],"slideBackgroundSelector":{}},{"elements":[{"x":0,"y":0,"width":97.93028322440088,"height":98.06451612903226,"action":{"library":"H5P.Image 1.1","params":{"contentName":"Image","file":{"path":"images\/file-6582f91783856.jpg","mime":"image\/jpeg","copyright":{"license":"U"},"width":959,"height":687}},"subContentId":"b905eb68-4ec2-4d41-a807-2f5c3e7461c9","metadata":{"contentType":"Image","license":"U","title":"Untitled Image"}},"backgroundOpacity":0,"willDoAnimation":false,"animationType":"glow","displayAsButton":false,"buttonSize":"big","goToSlideType":"specified","invisible":false},{"x":8.928363970588236,"y":30.26421818181818,"width":45.955882352941174,"height":65.45454545454545,"action":{"library":"H5P.CRAdvancedText 1.1","params":{"text":"<p dir=\"ltr\" style=\"text-align: center;\"><span style=\"color:#ffffff;\"><span style=\"font-size:1.75em;\">Chaku alifikiria namna ambavyo angetengeneza baiskeli yake ya matairi matatu.<\/span><\/span><\/p>\n"},"subContentId":"4b0d3413-30b9-4e2b-af52-cdc16350c10c","metadata":{"contentType":"Text","license":"U","title":"Untitled Text"}},"alwaysDisplayComments":false,"backgroundOpacity":0,"willDoAnimation":false,"animationType":"glow","displayAsButton":false,"buttonSize":"big","goToSlideType":"specified","invisible":false,"solution":""},{"x":46.96691176470588,"y":44,"width":40,"height":40,"action":{"library":"H5P.CRAudio 1.4","params":{"fitToWrapper":true,"currIndex":8,"playerMode":"minimalistic","controls":true,"autoplay":true,"playAudio":"Play audio","pauseAudio":"Pause audio","contentName":"Audio","glowColor":"#ffd85a","timeStampForEachText":[{"text":" Chaku ","startDuration":"0.0000","endDuration":"1.2592","wordfile":[{"path":"audios\/wordfile-66b1d03a96b0c.mp3","mime":"audio\/mpeg","copyright":{"license":"U"}}]},{"text":" alifikiria ","startDuration":"1.2602","endDuration":"2.6092","wordfile":[{"path":"audios\/wordfile-66b1d056315cf.mp3","mime":"audio\/mpeg","copyright":{"license":"U"}}]},{"text":" namna ","startDuration":"2.6102","endDuration":"3.2590","wordfile":[{"path":"audios\/wordfile-66b1d0679686b.mp3","mime":"audio\/mpeg","copyright":{"license":"U"}}]},{"text":" ambavyo ","startDuration":"3.2600","endDuration":"4.1602","wordfile":[{"path":"audios\/wordfile-66b1d10862eeb.mp3","mime":"audio\/mpeg","copyright":{"license":"U"}}]},{"text":" angetengeneza ","startDuration":"4.1612","endDuration":"5.4025","wordfile":[{"path":"audios\/wordfile-66b1d11db90f8.mp3","mime":"audio\/mpeg","copyright":{"license":"U"}}]},{"text":" baiskeli ","startDuration":"5.4035","endDuration":"6.2677","wordfile":[{"path":"audios\/wordfile-66b1d13993d01.mp3","mime":"audio\/mpeg","copyright":{"license":"U"}}]},{"text":" yake ","startDuration":"6.2687","endDuration":"6.7380","wordfile":[{"path":"audios\/wordfile-66b1d14d6883e.mp3","mime":"audio\/mpeg","copyright":{"license":"U"}}]},{"text":" ya ","startDuration":"6.7390","endDuration":"7.0826","wordfile":[{"path":"audios\/wordfile-67175da0d807f.mp3","mime":"audio\/mpeg","copyright":{"license":"U"}}]},{"text":" matairi ","startDuration":"7.0836","endDuration":"7.7145","wordfile":[{"path":"audios\/wordfile-66b1d1738cdc1.mp3","mime":"audio\/mpeg","copyright":{"license":"U"}}]},{"text":" matatu. ","startDuration":"7.7155","endDuration":"8.5438","wordfile":[{"path":"audios\/wordfile-66b1d188646ec.mp3","mime":"audio\/mpeg","copyright":{"license":"U"}}]}],"files":[{"path":"audios\/files-66b1d02745cab.mp3","mime":"audio\/mpeg","copyright":{"license":"U"}}]},"subContentId":"1410ed94-ec72-404e-b7cd-0bcbd781f005","metadata":{"contentType":"Curious Reader Audio","license":"U","title":"Untitled Curious Reader Audio"}},"backgroundOpacity":0,"willDoAnimation":false,"animationType":"glow","displayAsButton":false,"buttonSize":"big","goToSlideType":"specified","invisible":false},{"x":64.33823529411765,"y":36.568,"width":23.345588235294116,"height":46.18181818181818,"action":{"library":"H5P.Image 1.1","params":{"contentName":"Image"},"subContentId":"11d5940f-c46e-4a09-b216-5c483edf1140","metadata":{"contentType":"Image","license":"U","title":"Untitled Image"}},"backgroundOpacity":0,"willDoAnimation":true,"animationType":"glow","displayAsButton":false,"buttonSize":"big","goToSlideType":"specified","invisible":false,"id":"img1410ed94-ec72-404e-b7cd-0bcbd781f005_0"}],"slideBackgroundSelector":{}},{"elements":[{"x":3.2679738562091507,"y":4.297720430107527,"width":39.97821350762527,"height":95.69892473118279,"action":{"library":"H5P.Image 1.1","params":{"contentName":"Image","file":{"path":"images\/file-6582f95489ed3.jpg","mime":"image\/jpeg","copyright":{"license":"U"},"width":479,"height":686}},"subContentId":"ca658387-de74-4029-9595-32a598136409","metadata":{"contentType":"Image","license":"U","title":"Untitled Image"}},"backgroundOpacity":0,"willDoAnimation":false,"animationType":"glow","displayAsButton":false,"buttonSize":"big","goToSlideType":"specified","invisible":false},{"x":50.10867346938775,"y":36.53954659949623,"width":45.91836734693878,"height":40.050377833753146,"action":{"library":"H5P.CRAdvancedText 1.1","params":{"text":"<p dir=\"ltr\" style=\"text-align: center;\"><span style=\"color:#ffffff;\"><span style=\"font-size:1.75em;\">Chaku akaanza kuitengeneza.<\/span><\/span><\/p>\n"},"subContentId":"ebe359ba-481e-4f99-a8c0-e8e2ba425efc","metadata":{"contentType":"Text","license":"U","title":"Untitled Text"}},"alwaysDisplayComments":false,"backgroundOpacity":0,"willDoAnimation":false,"animationType":"glow","displayAsButton":false,"buttonSize":"big","goToSlideType":"specified","invisible":false,"solution":""},{"x":46.96691176470588,"y":44,"width":40,"height":40,"action":{"library":"H5P.CRAudio 1.4","params":{"fitToWrapper":true,"currIndex":9,"playerMode":"minimalistic","controls":true,"autoplay":true,"playAudio":"Play audio","pauseAudio":"Pause audio","contentName":"Audio","glowColor":"#ffd85a","timeStampForEachText":[{"text":" Chaku ","startDuration":"0.0000","endDuration":"1.3624","wordfile":[{"path":"audios\/wordfile-66b1d1bd42653.mp3","mime":"audio\/mpeg","copyright":{"license":"U"}}]},{"text":" akaanza ","startDuration":"1.3634","endDuration":"2.3383","wordfile":[{"path":"audios\/wordfile-66b1d1d05cf57.mp3","mime":"audio\/mpeg","copyright":{"license":"U"}}]},{"text":" kuitengeneza. ","startDuration":"2.3393","endDuration":"3.6105","wordfile":[{"path":"audios\/wordfile-66b1d1e60660e.mp3","mime":"audio\/mpeg","copyright":{"license":"U"}}]}],"files":[{"path":"audios\/files-66b1d1a941957.mp3","mime":"audio\/mpeg","copyright":{"license":"U"}}]},"subContentId":"e2c5c640-723e-4cdf-a50b-0a367154672a","metadata":{"contentType":"Curious Reader Audio","license":"U","title":"Untitled Curious Reader Audio"}},"backgroundOpacity":0,"willDoAnimation":false,"animationType":"glow","displayAsButton":false,"buttonSize":"big","goToSlideType":"specified","invisible":false},{"x":12.867647058823529,"y":32.72727272727273,"width":12.316176470588234,"height":21.09090909090909,"action":{"library":"H5P.Image 1.1","params":{"contentName":"Image"},"subContentId":"4ea31b80-c73d-4c75-94c2-2b1a3f1de9ad","metadata":{"contentType":"Image","license":"U","title":"Untitled Image"}},"backgroundOpacity":0,"willDoAnimation":true,"animationType":"glow","displayAsButton":false,"buttonSize":"big","goToSlideType":"specified","invisible":false,"id":"imge2c5c640-723e-4cdf-a50b-0a367154672a_0"},{"x":20.22058823529412,"y":29.21021818181818,"width":12.499999999999998,"height":35.27272727272727,"action":{"library":"H5P.Image 1.1","params":{"contentName":"Image"},"subContentId":"05602eb4-b2b7-4fa8-b12e-97970fb3e6f3","metadata":{"contentType":"Image","license":"U","title":"Untitled Image"}},"backgroundOpacity":0,"willDoAnimation":true,"animationType":"glow","displayAsButton":false,"buttonSize":"big","goToSlideType":"specified","invisible":false,"id":"imge2c5c640-723e-4cdf-a50b-0a367154672a_2"}],"slideBackgroundSelector":{}},{"elements":[{"x":4.357298474945534,"y":2.150537634408602,"width":39.97821350762527,"height":95.69892473118279,"action":{"library":"H5P.Image 1.1","params":{"contentName":"Image","file":{"path":"images\/file-6582f9838dd11.jpg","mime":"image\/jpeg","copyright":{"license":"U"},"width":479,"height":686}},"subContentId":"6368cbb9-4216-4806-a78c-04244d505890","metadata":{"contentType":"Image","license":"U","title":"Untitled Image"}},"backgroundOpacity":0,"willDoAnimation":false,"animationType":"glow","displayAsButton":false,"buttonSize":"big","goToSlideType":"specified","invisible":false},{"x":45.91836734693878,"y":37.78337531486146,"width":46.42857142857143,"height":40.050377833753146,"action":{"library":"H5P.CRAdvancedText 1.1","params":{"text":"<p dir=\"ltr\" style=\"text-align: center;\"><span style=\"color:#ffffff;\"><span style=\"font-size:1.75em;\">Baiskeli ya matairi mitatu ni nzuri sana! Lakini haikuwa imara.<\/span><\/span><\/p>\n"},"subContentId":"a355e8e7-c5ed-4094-99d2-8040204b21eb","metadata":{"contentType":"Text","license":"U","title":"Untitled Text"}},"alwaysDisplayComments":false,"backgroundOpacity":0,"willDoAnimation":false,"animationType":"glow","displayAsButton":false,"buttonSize":"big","goToSlideType":"specified","invisible":false,"solution":""},{"x":46.96691176470588,"y":44,"width":40,"height":40,"action":{"library":"H5P.CRAudio 1.4","params":{"fitToWrapper":true,"currIndex":10,"playerMode":"minimalistic","controls":true,"autoplay":true,"playAudio":"Play audio","pauseAudio":"Pause audio","contentName":"Audio","glowColor":"#ffd85a","timeStampForEachText":[{"text":" Baiskeli ","startDuration":"0.0000","endDuration":"0.9670","wordfile":[{"path":"audios\/wordfile-670fd29b806fc.mp3","mime":"audio\/mpeg","copyright":{"license":"U"}}]},{"text":" ya ","startDuration":"0.9671","endDuration":"1.2203","wordfile":[{"path":"audios\/wordfile-67175db2074fc.mp3","mime":"audio\/mpeg","copyright":{"license":"U"}}]},{"text":" matairi ","startDuration":"1.2213","endDuration":"1.7874","wordfile":[{"path":"audios\/wordfile-66b1d27e71791.mp3","mime":"audio\/mpeg","copyright":{"license":"U"}}]},{"text":" mitatu ","startDuration":"1.7884","endDuration":"2.6160","wordfile":[{"path":"audios\/wordfile-66b1d29aedbb0.mp3","mime":"audio\/mpeg","copyright":{"license":"U"}}]},{"text":" ni ","startDuration":"2.6170","endDuration":"3.0611","wordfile":[{"path":"audios\/wordfile-67175dd94918d.mp3","mime":"audio\/mpeg","copyright":{"license":"U"}}]},{"text":" nzuri ","startDuration":"3.0621","endDuration":"3.8025","wordfile":[{"path":"audios\/wordfile-66b1d2c943cc3.mp3","mime":"audio\/mpeg","copyright":{"license":"U"}}]},{"text":" sana! ","startDuration":"3.8035","endDuration":"4.5788","wordfile":[{"path":"audios\/wordfile-66b1d2de031b3.mp3","mime":"audio\/mpeg","copyright":{"license":"U"}}]},{"text":" Lakini ","startDuration":"5.1725","endDuration":"6.4359","wordfile":[{"path":"audios\/wordfile-66b1d2fa0c992.mp3","mime":"audio\/mpeg","copyright":{"license":"U"}}]},{"text":" haikuwa ","startDuration":"6.4369","endDuration":"7.5957","wordfile":[{"path":"audios\/wordfile-66b1d31625bb6.mp3","mime":"audio\/mpeg","copyright":{"license":"U"}}]},{"text":" imara. ","startDuration":"7.5967","endDuration":"8.7206","wordfile":[{"path":"audios\/wordfile-66b1d33be95d1.mp3","mime":"audio\/mpeg","copyright":{"license":"U"}}]}],"files":[{"path":"audios\/files-66b1d20d81081.mp3","mime":"audio\/mpeg","copyright":{"license":"U"}}]},"subContentId":"ab64ed30-2709-47bb-b9f0-d180285dee81","metadata":{"contentType":"Curious Reader Audio","license":"U","title":"Untitled Curious Reader Audio"}},"backgroundOpacity":0,"willDoAnimation":false,"animationType":"glow","displayAsButton":false,"buttonSize":"big","goToSlideType":"specified","invisible":false},{"x":18.38235294117647,"y":47.409090909090914,"width":23.345588235294116,"height":40,"action":{"library":"H5P.Image 1.1","params":{"contentName":"Image"},"subContentId":"78698a1d-ff42-4538-bc46-07158f6a343e","metadata":{"contentType":"Image","license":"U","title":"Untitled Image"}},"backgroundOpacity":0,"willDoAnimation":true,"animationType":"glow","displayAsButton":false,"buttonSize":"big","goToSlideType":"specified","invisible":false,"id":"imgab64ed30-2709-47bb-b9f0-d180285dee81_9"},{"x":20.220588235294116,"y":50.90909090909091,"width":19.669117647058822,"height":31.272727272727273,"action":{"library":"H5P.Image 1.1","params":{"contentName":"Image"},"subContentId":"94e4825b-82bb-4f34-9bcf-3ed6edb62c86","metadata":{"contentType":"Image","license":"U","title":"Untitled Image"}},"backgroundOpacity":0,"willDoAnimation":true,"animationType":"glow","displayAsButton":false,"buttonSize":"big","goToSlideType":"specified","invisible":false,"id":"imgab64ed30-2709-47bb-b9f0-d180285dee81_0"}],"slideBackgroundSelector":{}},{"elements":[{"x":3.2679738562091503,"y":2.150537634408602,"width":39.97821350762527,"height":95.69892473118279,"action":{"library":"H5P.Image 1.1","params":{"contentName":"Image","file":{"path":"images\/file-6582f9c9f38f2.jpg","mime":"image\/jpeg","copyright":{"license":"U"},"width":479,"height":686}},"subContentId":"9f8d3804-966c-4b96-9d67-50173d8d300c","metadata":{"contentType":"Image","license":"U","title":"Untitled Image"}},"backgroundOpacity":0,"willDoAnimation":false,"animationType":"glow","displayAsButton":false,"buttonSize":"big","goToSlideType":"specified","invisible":false},{"x":44.11764705882353,"y":30.286945454545457,"width":50.18382352941176,"height":55.63636363636363,"action":{"library":"H5P.CRAdvancedText 1.1","params":{"text":"<p dir=\"ltr\" style=\"text-align: center;\"><span style=\"font-size:1.75em;\"><span style=\"color:#ffffff;\">Lila alimuona Chaku akiwa na tatizo. Akaamua kumsaidia.<\/span><\/span><\/p>\n"},"subContentId":"a61b743b-74cb-4bd5-bd26-12e57b9e9005","metadata":{"contentType":"Text","license":"U","title":"Untitled Text"}},"alwaysDisplayComments":false,"backgroundOpacity":0,"willDoAnimation":false,"animationType":"glow","displayAsButton":false,"buttonSize":"big","goToSlideType":"specified","invisible":false,"solution":""},{"x":46.96691176470588,"y":44,"width":40,"height":40,"action":{"library":"H5P.CRAudio 1.4","params":{"fitToWrapper":true,"currIndex":11,"playerMode":"minimalistic","controls":true,"autoplay":true,"playAudio":"Play audio","pauseAudio":"Pause audio","contentName":"Audio","glowColor":"#ffd85a","timeStampForEachText":[{"text":" Lila ","startDuration":"0.0000","endDuration":"1.3669","wordfile":[{"path":"audios\/wordfile-66b1d38a31a76.mp3","mime":"audio\/mpeg","copyright":{"license":"U"}}]},{"text":" alimuona ","startDuration":"1.3679","endDuration":"2.3758","wordfile":[{"path":"audios\/wordfile-66b1d39ee4ec2.mp3","mime":"audio\/mpeg","copyright":{"license":"U"}}]},{"text":" Chaku ","startDuration":"2.3768","endDuration":"3.1872","wordfile":[{"path":"audios\/wordfile-66b1d3b19dcdb.mp3","mime":"audio\/mpeg","copyright":{"license":"U"}}]},{"text":" akiwa ","startDuration":"3.1882","endDuration":"3.9986","wordfile":[{"path":"audios\/wordfile-66b1d3cd3c65a.mp3","mime":"audio\/mpeg","copyright":{"license":"U"}}]},{"text":" na ","startDuration":"3.9996","endDuration":"4.1996","wordfile":[{"path":"audios\/wordfile-67175dec945ee.mp3","mime":"audio\/mpeg","copyright":{"license":"U"}}]},{"text":" tatizo. ","startDuration":"4.2006","endDuration":"5.2803","wordfile":[{"path":"audios\/wordfile-66b1d3ed9b101.mp3","mime":"audio\/mpeg","copyright":{"license":"U"}}]},{"text":" Akaamua ","startDuration":"5.6404","endDuration":"7.1868","wordfile":[{"path":"audios\/wordfile-66b1d4032e5b4.mp3","mime":"audio\/mpeg","copyright":{"license":"U"}}]},{"text":" kumsaidia. ","startDuration":"7.4032","endDuration":"8.9497","wordfile":[{"path":"audios\/wordfile-66b1d41b281b6.mp3","mime":"audio\/mpeg","copyright":{"license":"U"}}]}],"files":[{"path":"audios\/files-66b1d374defc8.mp3","mime":"audio\/mpeg","copyright":{"license":"U"}}]},"subContentId":"8610853a-5437-46ec-92b0-c03bf3790d38","metadata":{"contentType":"Curious Reader Audio","license":"U","title":"Untitled Curious Reader Audio"}},"backgroundOpacity":0,"willDoAnimation":false,"animationType":"glow","displayAsButton":false,"buttonSize":"big","goToSlideType":"specified","invisible":false},{"x":3.6764705882352944,"y":32.81818181818182,"width":14.15441176470588,"height":29.818181818181817,"action":{"library":"H5P.Image 1.1","params":{"contentName":"Image"},"subContentId":"c1630efd-b329-494c-a46a-39abc7d9a082","metadata":{"contentType":"Image","license":"U","title":"Untitled Image"}},"backgroundOpacity":0,"willDoAnimation":true,"animationType":"glow","displayAsButton":false,"buttonSize":"big","goToSlideType":"specified","invisible":false,"id":"img8610853a-5437-46ec-92b0-c03bf3790d38_0"},{"x":20.220588235294116,"y":29.09090909090909,"width":15.073529411764705,"height":28,"action":{"library":"H5P.Image 1.1","params":{"contentName":"Image"},"subContentId":"73412d56-baf1-4db1-ad25-7c646a4c11a8","metadata":{"contentType":"Image","license":"U","title":"Untitled Image"}},"backgroundOpacity":0,"willDoAnimation":true,"animationType":"glow","displayAsButton":false,"buttonSize":"big","goToSlideType":"specified","invisible":false,"id":"img8610853a-5437-46ec-92b0-c03bf3790d38_2"},{"x":7.352941176470589,"y":43.76145454545454,"width":15.992647058823529,"height":28,"action":{"library":"H5P.Image 1.1","params":{"contentName":"Image"},"subContentId":"efa5b025-51d2-4d22-a7ba-bec4aa537f95","metadata":{"contentType":"Image","license":"U","title":"Untitled Image"}},"backgroundOpacity":0,"willDoAnimation":true,"animationType":"glow","displayAsButton":false,"buttonSize":"big","goToSlideType":"specified","invisible":false,"id":"img8610853a-5437-46ec-92b0-c03bf3790d38_7"}],"slideBackgroundSelector":{}},{"elements":[{"x":43.19346405228758,"y":25.791397849462367,"width":55.44662309368192,"height":70.96774193548387,"action":{"library":"H5P.Image 1.1","params":{"contentName":"Image","file":{"path":"images\/file-6582fa0e7a729.jpg","mime":"image\/jpeg","copyright":{"license":"U"},"width":959,"height":687}},"subContentId":"3ccdf63e-a32d-4e4c-9b61-15b14f985b43","metadata":{"contentType":"Image","license":"U","title":"Untitled Image"}},"backgroundOpacity":0,"willDoAnimation":false,"animationType":"glow","displayAsButton":false,"buttonSize":"big","goToSlideType":"specified","invisible":false},{"x":3.2679738562091503,"y":19.354838709677416,"width":40,"height":40,"action":{"library":"H5P.CRAdvancedText 1.1","params":{"text":"<p dir=\"ltr\" style=\"text-align: center;\"><span style=\"font-size:1.75em;\"><span style=\"color:#ffffff;\">Pamoja, wakatengeneza baiskeli ya matairi matatu imara.<\/span><\/span><\/p>\n"},"subContentId":"593db92d-80ca-4922-a46d-9ed57765478e","metadata":{"contentType":"Text","license":"U","title":"Untitled Text"}},"alwaysDisplayComments":false,"backgroundOpacity":0,"willDoAnimation":false,"animationType":"glow","displayAsButton":false,"buttonSize":"big","goToSlideType":"specified","invisible":false,"solution":""},{"x":46.96691176470588,"y":44,"width":40,"height":40,"action":{"library":"H5P.CRAudio 1.4","params":{"fitToWrapper":true,"currIndex":12,"playerMode":"minimalistic","controls":true,"autoplay":true,"playAudio":"Play audio","pauseAudio":"Pause audio","contentName":"Audio","glowColor":"#ffd85a","timeStampForEachText":[{"text":" Pamoja, ","startDuration":"0.0000","endDuration":"1.1858","wordfile":[{"path":"audios\/wordfile-66b1d459658e5.mp3","mime":"audio\/mpeg","copyright":{"license":"U"}}]},{"text":" wakatengeneza ","startDuration":"1.3254","endDuration":"2.7885","wordfile":[{"path":"audios\/wordfile-66b1d479b46dc.mp3","mime":"audio\/mpeg","copyright":{"license":"U"}}]},{"text":" baiskeli ","startDuration":"2.7741","endDuration":"3.8829","wordfile":[{"path":"audios\/wordfile-670fd2dfb2672.mp3","mime":"audio\/mpeg","copyright":{"license":"U"}}]},{"text":" ya ","startDuration":"3.8839","endDuration":"4.2225","wordfile":[{"path":"audios\/wordfile-67175e088e26a.mp3","mime":"audio\/mpeg","copyright":{"license":"U"}}]},{"text":" matairi ","startDuration":"4.2235","endDuration":"4.8865","wordfile":[{"path":"audios\/wordfile-66b1d4c0c00c3.mp3","mime":"audio\/mpeg","copyright":{"license":"U"}}]},{"text":" matatu ","startDuration":"4.8866","endDuration":"5.9184","wordfile":[{"path":"audios\/wordfile-66b1d4f01c8bd.mp3","mime":"audio\/mpeg","copyright":{"license":"U"}}]},{"text":" imara. ","startDuration":"6.0272","endDuration":"7.7322","wordfile":[{"path":"audios\/wordfile-66b1d50399906.mp3","mime":"audio\/mpeg","copyright":{"license":"U"}}]}],"files":[{"path":"audios\/files-66b1d4473101a.mp3","mime":"audio\/mpeg","copyright":{"license":"U"}}]},"subContentId":"f14cb64f-bec3-4ed5-8a99-a8cd06588414","metadata":{"contentType":"Curious Reader Audio","license":"U","title":"Untitled Curious Reader Audio"}},"backgroundOpacity":0,"willDoAnimation":false,"animationType":"glow","displayAsButton":false,"buttonSize":"big","goToSlideType":"specified","invisible":false},{"x":75.36764705882352,"y":64.95745454545455,"width":21.507352941176467,"height":34.18181818181818,"action":{"library":"H5P.Image 1.1","params":{"contentName":"Image"},"subContentId":"c9c26422-022d-4db1-a2dd-a6797d0081db","metadata":{"contentType":"Image","license":"U","title":"Untitled Image"}},"backgroundOpacity":0,"willDoAnimation":true,"animationType":"glow","displayAsButton":false,"buttonSize":"big","goToSlideType":"specified","invisible":false,"id":"imgf14cb64f-bec3-4ed5-8a99-a8cd06588414_2"}],"slideBackgroundSelector":{}},{"elements":[{"x":3.2679738562091503,"y":4.301075268817204,"width":39.97821350762527,"height":95.69892473118279,"action":{"library":"H5P.Image 1.1","params":{"contentName":"Image","file":{"path":"images\/file-6582fa801b2bb.jpg","mime":"image\/jpeg","copyright":{"license":"U"},"width":639,"height":687}},"subContentId":"9be5a284-a001-40c0-9a7f-2116761d05e2","metadata":{"contentType":"Image","license":"U","title":"Untitled Image"}},"backgroundOpacity":0,"willDoAnimation":false,"animationType":"glow","displayAsButton":false,"buttonSize":"big","goToSlideType":"specified","invisible":false},{"x":44.11764705882353,"y":30.31250909090909,"width":55.330882352941174,"height":40,"action":{"library":"H5P.CRAdvancedText 1.1","params":{"text":"<p dir=\"ltr\" style=\"text-align: center;\"><span style=\"color:#ffffff;\"><span style=\"font-size:1.75em;\">Chaku aliendesha baiskeli yake ya matairi matatu popote alipokwenda.<\/span><\/span><\/p>\n"},"subContentId":"936ea689-fca6-4e29-9824-7b531547a589","metadata":{"contentType":"Text","license":"U","title":"Untitled Text"}},"alwaysDisplayComments":false,"backgroundOpacity":0,"willDoAnimation":false,"animationType":"glow","displayAsButton":false,"buttonSize":"big","goToSlideType":"specified","invisible":false,"solution":""},{"x":46.96691176470588,"y":44,"width":40,"height":40,"action":{"library":"H5P.CRAudio 1.4","params":{"fitToWrapper":true,"currIndex":13,"playerMode":"minimalistic","controls":true,"autoplay":true,"playAudio":"Play audio","pauseAudio":"Pause audio","contentName":"Audio","glowColor":"#ffd85a","timeStampForEachText":[{"text":" Chaku ","startDuration":"0.0000","endDuration":"1.0354","wordfile":[{"path":"audios\/wordfile-66b1d542b5a25.mp3","mime":"audio\/mpeg","copyright":{"license":"U"}}]},{"text":" aliendesha ","startDuration":"1.0364","endDuration":"2.1444","wordfile":[{"path":"audios\/wordfile-66b1d567038eb.mp3","mime":"audio\/mpeg","copyright":{"license":"U"}}]},{"text":" baiskeli ","startDuration":"2.1454","endDuration":"2.8721","wordfile":[{"path":"audios\/wordfile-670fd3169f15c.mp3","mime":"audio\/mpeg","copyright":{"license":"U"}}]},{"text":" yake ","startDuration":"2.8731","endDuration":"3.5816","wordfile":[{"path":"audios\/wordfile-66b1d59d147d4.mp3","mime":"audio\/mpeg","copyright":{"license":"U"}}]},{"text":" ya ","startDuration":"3.5826","endDuration":"3.9642","wordfile":[{"path":"audios\/wordfile-67175e1a096c5.mp3","mime":"audio\/mpeg","copyright":{"license":"U"}}]},{"text":" matairi ","startDuration":"3.9652","endDuration":"4.6192","wordfile":[{"path":"audios\/wordfile-66b1d5d1ec957.mp3","mime":"audio\/mpeg","copyright":{"license":"U"}}]},{"text":" matatu ","startDuration":"4.6202","endDuration":"5.6556","wordfile":[{"path":"audios\/wordfile-66b1d5e846dd1.mp3","mime":"audio\/mpeg","copyright":{"license":"U"}}]},{"text":" popote ","startDuration":"5.6566","endDuration":"6.8554","wordfile":[{"path":"audios\/wordfile-66b1d5fdeec4e.mp3","mime":"audio\/mpeg","copyright":{"license":"U"}}]},{"text":" alipokwenda. ","startDuration":"6.8564","endDuration":"8.6001","wordfile":[{"path":"audios\/wordfile-66b1d60ed237d.mp3","mime":"audio\/mpeg","copyright":{"license":"U"}}]}],"files":[{"path":"audios\/files-66b1d52f847a3.mp3","mime":"audio\/mpeg","copyright":{"license":"U"}}]},"subContentId":"e08a5c8d-53ad-4cc0-af8d-b1deee8eddf5","metadata":{"contentType":"Curious Reader Audio","license":"U","title":"Untitled Curious Reader Audio"}},"backgroundOpacity":0,"willDoAnimation":false,"animationType":"glow","displayAsButton":false,"buttonSize":"big","goToSlideType":"specified","invisible":false},{"x":22.058823529411764,"y":14.545454545454545,"width":13.051470588235293,"height":24.363636363636363,"action":{"library":"H5P.Image 1.1","params":{"contentName":"Image"},"subContentId":"247b8d7b-ca3d-49a6-9ba5-9e274cf55701","metadata":{"contentType":"Image","license":"U","title":"Untitled Image"}},"backgroundOpacity":0,"willDoAnimation":true,"animationType":"glow","displayAsButton":false,"buttonSize":"big","goToSlideType":"specified","invisible":false,"id":"imge08a5c8d-53ad-4cc0-af8d-b1deee8eddf5_0"},{"x":18.38235294117647,"y":32.86363636363636,"width":23.345588235294116,"height":53.45454545454545,"action":{"library":"H5P.Image 1.1","params":{"contentName":"Image"},"subContentId":"7b89bbe7-f384-4578-87ac-9d63c2793028","metadata":{"contentType":"Image","license":"U","title":"Untitled Image"}},"backgroundOpacity":0,"willDoAnimation":true,"animationType":"glow","displayAsButton":false,"buttonSize":"big","goToSlideType":"specified","invisible":false,"id":"imge08a5c8d-53ad-4cc0-af8d-b1deee8eddf5_1"},{"x":16.544117647058822,"y":32.86363636363636,"width":25.183823529411764,"height":53.45454545454545,"action":{"library":"H5P.Image 1.1","params":{"contentName":"Image"},"subContentId":"64ac0d8a-31d3-4b08-9ed1-cc0a1762f9fb","metadata":{"contentType":"Image","license":"U","title":"Untitled Image"}},"backgroundOpacity":0,"willDoAnimation":true,"animationType":"glow","displayAsButton":false,"buttonSize":"big","goToSlideType":"specified","invisible":false,"id":"imge08a5c8d-53ad-4cc0-af8d-b1deee8eddf5_2"}],"slideBackgroundSelector":{}},{"elements":[{"x":3.2679738562091503,"y":2.150537634408602,"width":39.97821350762527,"height":95.69892473118279,"action":{"library":"H5P.Image 1.1","params":{"contentName":"Image","file":{"path":"images\/file-6582fab2e8792.jpg","mime":"image\/jpeg","copyright":{"license":"U"},"width":479,"height":686}},"subContentId":"a5cc3ace-1cb3-4463-a4b8-cf993423732e","metadata":{"contentType":"Image","license":"U","title":"Untitled Image"}},"backgroundOpacity":0,"willDoAnimation":false,"animationType":"glow","displayAsButton":false,"buttonSize":"big","goToSlideType":"specified","invisible":false},{"x":44.642857142857146,"y":32.7455919395466,"width":51.02040816326531,"height":52.896725440806044,"action":{"library":"H5P.CRAdvancedText 1.1","params":{"text":"<p dir=\"ltr\" style=\"text-align: center;\"><span style=\"font-size:1.75em;\"><span style=\"color:#ffffff;\">Lakini alipenda zaidi wakati yeye na Lila walipoendesha baiskeli zao pamoja.<\/span><\/span><\/p>\n"},"subContentId":"d153d157-4df3-43a2-bd6f-b4ff096d12a1","metadata":{"contentType":"Text","license":"U","title":"Untitled Text"}},"alwaysDisplayComments":false,"backgroundOpacity":0,"willDoAnimation":false,"animationType":"glow","displayAsButton":false,"buttonSize":"big","goToSlideType":"specified","invisible":false,"solution":""},{"x":46.96691176470588,"y":44,"width":40,"height":40,"action":{"library":"H5P.CRAudio 1.4","params":{"fitToWrapper":true,"currIndex":14,"playerMode":"minimalistic","controls":true,"autoplay":true,"playAudio":"Play audio","pauseAudio":"Pause audio","contentName":"Audio","glowColor":"#ffd85a","timeStampForEachText":[{"text":" Lakini ","startDuration":"0.0000","endDuration":"1.7613","wordfile":[{"path":"audios\/wordfile-66b1d644a6c29.mp3","mime":"audio\/mpeg","copyright":{"license":"U"}}]},{"text":" alipenda ","startDuration":"1.7623","endDuration":"2.9033","wordfile":[{"path":"audios\/wordfile-66b1d65b87b2d.mp3","mime":"audio\/mpeg","copyright":{"license":"U"}}]},{"text":" zaidi ","startDuration":"2.9043","endDuration":"3.6818","wordfile":[{"path":"audios\/wordfile-66b1d66fe2b62.mp3","mime":"audio\/mpeg","copyright":{"license":"U"}}]},{"text":" wakati ","startDuration":"3.6828","endDuration":"4.4816","wordfile":[{"path":"audios\/wordfile-66b1d68c52d48.mp3","mime":"audio\/mpeg","copyright":{"license":"U"}}]},{"text":" yeye ","startDuration":"4.4826","endDuration":"4.9820","wordfile":[{"path":"audios\/wordfile-66b1d6ac17eb8.mp3","mime":"audio\/mpeg","copyright":{"license":"U"}}]},{"text":" na ","startDuration":"4.9830","endDuration":"5.1830","wordfile":[{"path":"audios\/wordfile-67175e2e1b98e.mp3","mime":"audio\/mpeg","copyright":{"license":"U"}}]},{"text":" Lila ","startDuration":"5.1840","endDuration":"6.0684","wordfile":[{"path":"audios\/wordfile-66b1d6d514cca.mp3","mime":"audio\/mpeg","copyright":{"license":"U"}}]},{"text":" walipoendesha ","startDuration":"6.0694","endDuration":"7.2104","wordfile":[{"path":"audios\/wordfile-66b1d6f5de9eb.mp3","mime":"audio\/mpeg","copyright":{"license":"U"}}]},{"text":" baiskeli ","startDuration":"7.2114","endDuration":"8.0102","wordfile":[{"path":"audios\/wordfile-670fd33cb6266.mp3","mime":"audio\/mpeg","copyright":{"license":"U"}}]},{"text":" zao ","startDuration":"8.0112","endDuration":"8.8100","wordfile":[{"path":"audios\/wordfile-66b1d726f3808.mp3","mime":"audio\/mpeg","copyright":{"license":"U"}}]},{"text":" pamoja. ","startDuration":"8.8110","endDuration":"10.3156","wordfile":[{"path":"audios\/wordfile-66b1d737e1693.mp3","mime":"audio\/mpeg","copyright":{"license":"U"}}]}],"files":[{"path":"audios\/files-66b1d6317671b.mp3","mime":"audio\/mpeg","copyright":{"license":"U"}}]},"subContentId":"6d0b2d71-b5bc-408f-98af-d44117118f54","metadata":{"contentType":"Curious Reader Audio","license":"U","title":"Untitled Curious Reader Audio"}},"backgroundOpacity":0,"willDoAnimation":false,"animationType":"glow","displayAsButton":false,"buttonSize":"big","goToSlideType":"specified","invisible":false},{"x":7.352941176470589,"y":21.9432,"width":19.669117647058822,"height":49.81818181818182,"action":{"library":"H5P.Image 1.1","params":{"contentName":"Image"},"subContentId":"964fd87c-92bb-47d7-ae02-83b247c0f1fd","metadata":{"contentType":"Image","license":"U","title":"Untitled Image"}},"backgroundOpacity":0,"willDoAnimation":true,"animationType":"glow","displayAsButton":false,"buttonSize":"big","goToSlideType":"specified","invisible":false,"id":"img6d0b2d71-b5bc-408f-98af-d44117118f54_6"},{"x":5.514705882352941,"y":18.258509090909094,"width":34.375,"height":57.09090909090909,"action":{"library":"H5P.Image 1.1","params":{"contentName":"Image"},"subContentId":"f3280285-67ae-4704-b217-e7aba64cb890","metadata":{"contentType":"Image","license":"U","title":"Untitled Image"}},"backgroundOpacity":0,"willDoAnimation":true,"animationType":"glow","displayAsButton":false,"buttonSize":"big","goToSlideType":"specified","invisible":false,"id":"img6d0b2d71-b5bc-408f-98af-d44117118f54_7"},{"x":29.411764705882355,"y":32.81818181818182,"width":14.15441176470588,"height":32.36363636363637,"action":{"library":"H5P.Image 1.1","params":{"contentName":"Image"},"subContentId":"7ddec8dd-0061-44da-b9de-6795f2efc4e1","metadata":{"contentType":"Image","license":"U","title":"Untitled Image"}},"backgroundOpacity":0,"willDoAnimation":true,"animationType":"glow","displayAsButton":false,"buttonSize":"big","goToSlideType":"specified","invisible":false,"id":"img6d0b2d71-b5bc-408f-98af-d44117118f54_8"},{"x":3.6764705882352944,"y":32.81818181818182,"width":17.830882352941174,"height":38.90909090909091,"action":{"library":"H5P.Image 1.1","params":{"contentName":"Image"},"subContentId":"1353391b-2df2-4fd3-9157-13af565a693d","metadata":{"contentType":"Image","license":"U","title":"Untitled Image"}},"backgroundOpacity":0,"willDoAnimation":true,"animationType":"glow","displayAsButton":false,"buttonSize":"big","goToSlideType":"specified","invisible":false,"id":"img6d0b2d71-b5bc-408f-98af-d44117118f54_8"}],"slideBackgroundSelector":{}},{"elements":[{"x":5.446623093681917,"y":6.451612903225806,"width":19.607843137254903,"height":19.569892473118276,"action":{"library":"H5P.Image 1.1","params":{"contentName":"Image","file":{"path":"images\/file-6582faf97f388.png","mime":"image\/png","copyright":{"license":"U"},"width":1350,"height":487}},"subContentId":"adef2565-9d0b-433d-8139-92e610ba9372","metadata":{"contentType":"Image","license":"U","title":"Untitled Image"}},"backgroundOpacity":0,"willDoAnimation":false,"animationType":"glow","displayAsButton":false,"buttonSize":"big","goToSlideType":"specified","invisible":false},{"x":29.411764705882355,"y":6.4415268817204305,"width":19.607843137254903,"height":19.569892473118276,"action":{"library":"H5P.Image 1.1","params":{"contentName":"Image","file":{"path":"images\/file-6582fb0bd1481.png","mime":"image\/png","copyright":{"license":"U"},"width":814,"height":202}},"subContentId":"abaea07c-8ccf-4f94-9c73-5c3fad74e8b6","metadata":{"contentType":"Image","license":"U","title":"Untitled Image"}},"backgroundOpacity":0,"willDoAnimation":false,"animationType":"glow","displayAsButton":false,"buttonSize":"big","goToSlideType":"specified","invisible":false},{"x":53.37690631808279,"y":8.602150537634408,"width":39.97821350762527,"height":15.053763440860214,"action":{"library":"H5P.Image 1.1","params":{"contentName":"Image","file":{"path":"images\/file-6582fb223475c.jpg","mime":"image\/jpeg","copyright":{"license":"U"},"width":1732,"height":354}},"subContentId":"1e6de0e9-af4d-4212-be76-2db4139d5fc6","metadata":{"contentType":"Image","license":"U","title":"Untitled Image"}},"backgroundOpacity":0,"willDoAnimation":false,"animationType":"glow","displayAsButton":false,"buttonSize":"big","goToSlideType":"specified","invisible":false},{"x":3.826530612244898,"y":32.7455919395466,"width":93.68191721132898,"height":64.51612903225806,"action":{"library":"H5P.CRAdvancedText 1.1","params":{"text":"<h3 style=\"text-align: center;\">\u201cBaiskeli ya Chaku\u201d credits<br>\nThis work, \u201cBaiskeli ya Chaku\u201d is a derivative of Chaku's Cycleis translated byAlisha Berger. The \u00a9 for this translation lies with Room to Read, 2016. Some rights reserved. Released under CC BY 4.0 license.Based on Original story:'Baiskeli ya Chaku', byUpendo Maria. \u00a9 Room to Read , 2016. Some rights reserved.<\/h3>\n\n<h3 style=\"text-align: center;\">\u201cBaiskeli ya Chaku\u201d is licensed under CC BY 4.0 by Curious Learning.<\/h3>\n\n<h3 style=\"text-align: center;\">Book builder - Abraham Jerry Kakooza<\/h3>\n"},"subContentId":"73649e64-c7ea-491d-8d78-f2ad67dcfe51","metadata":{"contentType":"Text","license":"U","title":"Untitled Text"}},"alwaysDisplayComments":false,"backgroundOpacity":0,"willDoAnimation":false,"animationType":"glow","displayAsButton":false,"buttonSize":"big","goToSlideType":"specified","invisible":false,"solution":""}],"slideBackgroundSelector":{}}],"keywordListEnabled":true,"globalBackgroundSelector":{},"keywordListAlwaysShow":false,"keywordListAutoHide":false,"keywordListOpacity":90},"override":{"activeSurface":false,"hideSummarySlide":false,"summarySlideSolutionButton":true,"summarySlideRetryButton":true,"enablePrintButton":false,"social":{"showFacebookShare":false,"facebookShare":{"url":"@currentpageurl","quote":"I scored @score out of @maxScore on a task at @currentpageurl."},"showTwitterShare":false,"twitterShare":{"statement":"I scored @score out of @maxScore on a task at @currentpageurl.","url":"@currentpageurl","hashtags":"h5p, course"},"showGoogleShare":false,"googleShareUrl":"@currentpageurl"}},"l10n":{"slide":"Slide","score":"Score","yourScore":"Your Score","maxScore":"Max Score","total":"Total","totalScore":"Total Score","showSolutions":"Show solutions","retry":"Retry","exportAnswers":"Export text","hideKeywords":"Hide sidebar navigation menu","showKeywords":"Show sidebar navigation menu","fullscreen":"Fullscreen","exitFullscreen":"Exit fullscreen","prevSlide":"Previous slide","nextSlide":"Next slide","currentSlide":"Current slide","lastSlide":"Last slide","solutionModeTitle":"Exit solution mode","solutionModeText":"Solution Mode","summaryMultipleTaskText":"Multiple tasks","scoreMessage":"You achieved:","shareFacebook":"Share on Facebook","shareTwitter":"Share on Twitter","shareGoogle":"Share on Google+","summary":"Summary","solutionsButtonTitle":"Show comments","printTitle":"Print","printIngress":"How would you like to print this presentation?","printAllSlides":"Print all slides","printCurrentSlide":"Print current slide","noTitle":"No title","accessibilitySlideNavigationExplanation":"Use left and right arrow to change slide in that direction whenever canvas is selected.","accessibilityCanvasLabel":"Presentation canvas. Use left and right arrow to move between slides.","containsNotCompleted":"@slideName contains not completed interaction","containsCompleted":"@slideName contains completed interaction","slideCount":"Slide @index of @total","containsOnlyCorrect":"@slideName only has correct answers","containsIncorrectAnswers":"@slideName has incorrect answers","shareResult":"Share Result","accessibilityTotalScore":"You got @score of @maxScore points in total","accessibilityEnteredFullscreen":"Entered fullscreen","accessibilityExitedFullscreen":"Exited fullscreen"}}