{"presentation":{"slides":[{"elements":[{"x":17.429193899782135,"y":8.620689655172415,"width":68.84531590413944,"height":68.96551724137932,"action":{"library":"H5P.Image 1.1","params":{"contentName":"Image","file":{"path":"images\/file-620d8a2cc3689.jpg","mime":"image\/jpeg","copyright":{"license":"U"},"width":959,"height":459}},"metadata":{"contentType":"Image","license":"U","title":"Untitled Image"},"subContentId":"e3b59ba2-3660-4937-9e57-1a84d4a9288f"},"backgroundOpacity":0,"willDoAnimation":false,"animationType":"glow","displayAsButton":false,"buttonSize":"big","goToSlideType":"specified","invisible":false},{"x":20.220588235294116,"y":80,"width":60.60606060606061,"height":14.245014245014247,"action":{"library":"H5P.CRAdvancedText 1.1","params":{"text":"<p dir=\"ltr\" style=\"text-align: center;\"><span style=\"font-size:2.25em;\">Dogo da Gajere<\/span><\/p>\n"},"subContentId":"72d3a7b5-e54c-41c7-9faf-14f3b4f4efaf","metadata":{"contentType":"Text","license":"U","title":"Untitled Text"}},"alwaysDisplayComments":false,"backgroundOpacity":0,"willDoAnimation":false,"animationType":"glow","displayAsButton":false,"buttonSize":"big","goToSlideType":"specified","invisible":false,"solution":""}],"slideBackgroundSelector":{}},{"elements":[{"x":16.33986928104575,"y":4.310344827586207,"width":33.769063180827885,"height":92.67241379310346,"action":{"library":"H5P.Image 1.1","params":{"contentName":"Image","file":{"path":"images\/file-620d8a6738172.jpg","mime":"image\/jpeg","copyright":{"license":"U"},"width":639,"height":918}},"metadata":{"contentType":"Image","license":"U","title":"Untitled Image"},"subContentId":"86bc88c5-2cdb-451e-a5b4-6abe821a6812"},"backgroundOpacity":0,"willDoAnimation":false,"animationType":"glow","displayAsButton":false,"buttonSize":"big","goToSlideType":"specified","invisible":false},{"x":53.39105339105339,"y":34.18803418803419,"width":40,"height":40,"action":{"library":"H5P.CRAdvancedText 1.1","params":{"text":"<p dir=\"ltr\" style=\"text-align: center;\"><span style=\"font-size:1.75em;\"><span style=\"color:#ffffff;\">Baba ya saya min hula<\/span><\/span><\/p>\n"},"subContentId":"23316a6b-090e-4ce1-baf6-088bbcdeb86f","metadata":{"contentType":"Text","license":"U","title":"Untitled Text"}},"alwaysDisplayComments":false,"backgroundOpacity":0,"willDoAnimation":false,"animationType":"glow","displayAsButton":false,"buttonSize":"big","goToSlideType":"specified","invisible":false,"solution":""},{"x":46.96691176470588,"y":44,"width":40,"height":40,"action":{"library":"H5P.CRAudio 1.4","params":{"fitToWrapper":true,"currIndex":1,"playerMode":"minimalistic","controls":true,"autoplay":true,"playAudio":"Play audio","pauseAudio":"Pause audio","contentName":"Audio","glowColor":"#ffd85a","timeStampForEachText":[{"text":" Baba ","startDuration":"1.1410","endDuration":"1.8470","wordfile":[{"path":"audios\/wordfile-66a102923cfa7.mp3","mime":"audio\/mpeg","copyright":{"license":"U"}}]},{"text":" ya ","startDuration":"1.8480","endDuration":"2.4945","wordfile":[{"path":"audios\/wordfile-66a102acc4a16.mp3","mime":"audio\/mpeg","copyright":{"license":"U"}}]},{"text":" saya ","startDuration":"2.4856","endDuration":"2.9634","wordfile":[{"path":"audios\/wordfile-66a102cca4849.mp3","mime":"audio\/mpeg","copyright":{"license":"U"}}]},{"text":" min ","startDuration":"2.9644","endDuration":"3.3033","wordfile":[{"path":"audios\/wordfile-66a102e28e772.mp3","mime":"audio\/mpeg","copyright":{"license":"U"}}]},{"text":" hula ","startDuration":"3.3043","endDuration":"4.1591","wordfile":[{"path":"audios\/wordfile-66a102f831e0c.mp3","mime":"audio\/mpeg","copyright":{"license":"U"}}]}],"files":[{"path":"audios\/files-66a102755feb3.mp3","mime":"audio\/mpeg","copyright":{"license":"U"}}]},"subContentId":"9ccffe7f-b975-4bda-9ce7-50cc9acd9847","metadata":{"contentType":"Curious Reader Audio","license":"U","title":"Untitled Curious Reader Audio"}},"backgroundOpacity":0,"willDoAnimation":false,"animationType":"glow","displayAsButton":false,"buttonSize":"big","goToSlideType":"specified","invisible":false},{"x":18.38235294117647,"y":10.951709090909091,"width":15.992647058823529,"height":31.636363636363637,"action":{"library":"H5P.Image 1.1","params":{"contentName":"Image"},"subContentId":"644532cc-d765-4d83-8547-09170c53c503","metadata":{"contentType":"Image","license":"U","title":"Untitled Image"}},"backgroundOpacity":0,"willDoAnimation":true,"animationType":"glow","displayAsButton":false,"buttonSize":"big","goToSlideType":"specified","invisible":false,"id":"img9ccffe7f-b975-4bda-9ce7-50cc9acd9847_0"},{"x":31.249999999999996,"y":10.909090909090908,"width":12.316176470588234,"height":22.90909090909091,"action":{"library":"H5P.Image 1.1","params":{"contentName":"Image"},"subContentId":"23b388b3-352c-476f-99e7-220ebf36833e","metadata":{"contentType":"Image","license":"U","title":"Untitled Image"}},"backgroundOpacity":0,"willDoAnimation":true,"animationType":"glow","displayAsButton":false,"buttonSize":"big","goToSlideType":"specified","invisible":false,"id":"img9ccffe7f-b975-4bda-9ce7-50cc9acd9847_4"}],"slideBackgroundSelector":{}},{"elements":[{"x":13.64795918367347,"y":4.785894206549118,"width":35.83877995642702,"height":92.45689655172414,"action":{"library":"H5P.Image 1.1","params":{"contentName":"Image","file":{"path":"images\/file-620d8aa4e43d4.jpg","mime":"image\/jpeg","copyright":{"license":"U"},"width":639,"height":918}},"metadata":{"contentType":"Image","license":"U","title":"Untitled Image"},"subContentId":"3e74c6d2-b90c-43ec-9186-121956d1fe47"},"backgroundOpacity":0,"willDoAnimation":false,"animationType":"glow","displayAsButton":false,"buttonSize":"big","goToSlideType":"specified","invisible":false},{"x":50.505050505050505,"y":28.490028490028493,"width":40,"height":40,"action":{"library":"H5P.CRAdvancedText 1.1","params":{"text":"<p dir=\"ltr\" style=\"text-align: center;\"><span style=\"font-size:1.75em;\"><span style=\"color:#ffffff;\">Baba yana da tsayi<\/span><\/span><\/p>\n"},"subContentId":"ee4313bf-2e44-4cd2-b034-f3ad0cf990e7","metadata":{"contentType":"Text","license":"U","title":"Untitled Text"}},"alwaysDisplayComments":false,"backgroundOpacity":0,"willDoAnimation":false,"animationType":"glow","displayAsButton":false,"buttonSize":"big","goToSlideType":"specified","invisible":false,"solution":""},{"x":46.96691176470588,"y":44,"width":40,"height":40,"action":{"library":"H5P.CRAudio 1.4","params":{"fitToWrapper":true,"currIndex":2,"playerMode":"minimalistic","controls":true,"autoplay":true,"playAudio":"Play audio","pauseAudio":"Pause audio","contentName":"Audio","glowColor":"#ffd85a","timeStampForEachText":[{"text":" Baba ","startDuration":"0.7793","endDuration":"1.4582","wordfile":[{"path":"audios\/wordfile-66a10326c4a4c.mp3","mime":"audio\/mpeg","copyright":{"license":"U"}}]},{"text":" yana ","startDuration":"1.7940","endDuration":"2.2944","wordfile":[{"path":"audios\/wordfile-66a1034142ce0.mp3","mime":"audio\/mpeg","copyright":{"license":"U"}}]},{"text":" da ","startDuration":"2.2954","endDuration":"2.4710","wordfile":[{"path":"audios\/wordfile-66a10357d1177.mp3","mime":"audio\/mpeg","copyright":{"license":"U"}}]},{"text":" tsayi ","startDuration":"2.4476","endDuration":"3.3295","wordfile":[{"path":"audios\/wordfile-66a1036da7c9a.mp3","mime":"audio\/mpeg","copyright":{"license":"U"}}]}],"files":[{"path":"audios\/files-66a103112387d.mp3","mime":"audio\/mpeg","copyright":{"license":"U"}}]},"subContentId":"217a30aa-1da1-4003-a771-0fca316496f7","metadata":{"contentType":"Curious Reader Audio","license":"U","title":"Untitled Curious Reader Audio"}},"backgroundOpacity":0,"willDoAnimation":false,"animationType":"glow","displayAsButton":false,"buttonSize":"big","goToSlideType":"specified","invisible":false},{"x":18.38235294117647,"y":10.909090909090908,"width":10.477941176470587,"height":26.181818181818183,"action":{"library":"H5P.Image 1.1","params":{"contentName":"Image"},"subContentId":"7b5c151c-b6e2-41c8-9209-1f5b3355ee82","metadata":{"contentType":"Image","license":"U","title":"Untitled Image"}},"backgroundOpacity":0,"willDoAnimation":true,"animationType":"glow","displayAsButton":false,"buttonSize":"big","goToSlideType":"specified","invisible":false,"id":"img217a30aa-1da1-4003-a771-0fca316496f7_0"}],"slideBackgroundSelector":{}},{"elements":[{"x":11.982570806100219,"y":4.310344827586207,"width":37.03703703703704,"height":92.45689655172414,"action":{"library":"H5P.Image 1.1","params":{"contentName":"Image","file":{"path":"images\/file-620d8ad1200cf.jpg","mime":"image\/jpeg","copyright":{"license":"U"},"width":639,"height":918}},"metadata":{"contentType":"Image","license":"U","title":"Untitled Image"},"subContentId":"5320e841-c68d-4668-8597-5f7779b4b505"},"backgroundOpacity":0,"willDoAnimation":false,"animationType":"glow","displayAsButton":false,"buttonSize":"big","goToSlideType":"specified","invisible":false},{"x":51.470588235294116,"y":18.181818181818183,"width":40,"height":40,"action":{"library":"H5P.CRAdvancedText 1.1","params":{"text":"<p dir=\"ltr\" style=\"text-align: center;\"><span style=\"font-size:1.75em;\"><span style=\"color:#ffffff;\">Mama ta saya min riga.<\/span><\/span><\/p>\n"},"subContentId":"82fecc9e-639a-432c-ae1d-4d37b4cfcdce","metadata":{"contentType":"Text","license":"U","title":"Untitled Text"}},"alwaysDisplayComments":false,"backgroundOpacity":0,"willDoAnimation":false,"animationType":"glow","displayAsButton":false,"buttonSize":"big","goToSlideType":"specified","invisible":false,"solution":""},{"x":46.96691176470588,"y":44,"width":40,"height":40,"action":{"library":"H5P.CRAudio 1.4","params":{"fitToWrapper":true,"currIndex":3,"playerMode":"minimalistic","controls":true,"autoplay":true,"playAudio":"Play audio","pauseAudio":"Pause audio","contentName":"Audio","glowColor":"#ffd85a","timeStampForEachText":[{"text":" Mama ","startDuration":"0.9528","endDuration":"1.8097","wordfile":[{"path":"audios\/wordfile-66a1039f8e2cb.mp3","mime":"audio\/mpeg","copyright":{"license":"U"}}]},{"text":" ta ","startDuration":"1.8107","endDuration":"2.3530","wordfile":[{"path":"audios\/wordfile-66a103be9fdd1.mp3","mime":"audio\/mpeg","copyright":{"license":"U"}}]},{"text":" saya ","startDuration":"2.3540","endDuration":"2.7760","wordfile":[{"path":"audios\/wordfile-66a103d650600.mp3","mime":"audio\/mpeg","copyright":{"license":"U"}}]},{"text":" min ","startDuration":"2.7770","endDuration":"3.0973","wordfile":[{"path":"audios\/wordfile-66a103fe66560.mp3","mime":"audio\/mpeg","copyright":{"license":"U"}}]},{"text":" riga. ","startDuration":"3.0983","endDuration":"4.0384","wordfile":[{"path":"audios\/wordfile-66a104115d804.mp3","mime":"audio\/mpeg","copyright":{"license":"U"}}]}],"files":[{"path":"audios\/files-66a10387237e6.mp3","mime":"audio\/mpeg","copyright":{"license":"U"}}]},"subContentId":"df35f0ca-da8e-46fb-8e46-816d7b898590","metadata":{"contentType":"Curious Reader Audio","license":"U","title":"Untitled Curious Reader Audio"}},"backgroundOpacity":0,"willDoAnimation":false,"animationType":"glow","displayAsButton":false,"buttonSize":"big","goToSlideType":"specified","invisible":false},{"x":22.058823529411764,"y":14.545454545454545,"width":14.15441176470588,"height":28.727272727272727,"action":{"library":"H5P.Image 1.1","params":{"contentName":"Image"},"subContentId":"1faa71a2-7547-4af7-bf0b-88bd40293813","metadata":{"contentType":"Image","license":"U","title":"Untitled Image"}},"backgroundOpacity":0,"willDoAnimation":true,"animationType":"glow","displayAsButton":false,"buttonSize":"big","goToSlideType":"specified","invisible":false,"id":"imgdf35f0ca-da8e-46fb-8e46-816d7b898590_0"},{"x":29.411764705882355,"y":18.232945454545455,"width":15.992647058823529,"height":40,"action":{"library":"H5P.Image 1.1","params":{"contentName":"Image"},"subContentId":"e8cce982-956a-4a5f-88f7-46c5a3d1a92b","metadata":{"contentType":"Image","license":"U","title":"Untitled Image"}},"backgroundOpacity":0,"willDoAnimation":true,"animationType":"glow","displayAsButton":false,"buttonSize":"big","goToSlideType":"specified","invisible":false,"id":"imgdf35f0ca-da8e-46fb-8e46-816d7b898590_4"}],"slideBackgroundSelector":{}},{"elements":[{"x":14.159041394335512,"y":5.622456896551724,"width":34.85838779956427,"height":91.5948275862069,"action":{"library":"H5P.Image 1.1","params":{"contentName":"Image","file":{"path":"images\/file-620d8b1736f35.jpg","mime":"image\/jpeg","copyright":{"license":"U"},"width":639,"height":918}},"metadata":{"contentType":"Image","license":"U","title":"Untitled Image"},"subContentId":"da6c7321-c9b6-41ec-9674-273fac8064d7"},"backgroundOpacity":0,"willDoAnimation":false,"animationType":"glow","displayAsButton":false,"buttonSize":"big","goToSlideType":"specified","invisible":false},{"x":51.470588235294116,"y":18.181818181818183,"width":40,"height":40,"action":{"library":"H5P.CRAdvancedText 1.1","params":{"text":"<p dir=\"ltr\" style=\"text-align: center;\"><span style=\"color:#ffffff;\"><span style=\"font-size:1.75em;\">Baba ya fi Mama tsayi.<\/span><\/span><\/p>\n"},"subContentId":"4ee15960-5a73-4e1f-bd52-de1a4e6e390d","metadata":{"contentType":"Text","license":"U","title":"Untitled Text"}},"alwaysDisplayComments":false,"backgroundOpacity":0,"willDoAnimation":false,"animationType":"glow","displayAsButton":false,"buttonSize":"big","goToSlideType":"specified","invisible":false,"solution":""},{"x":46.96691176470588,"y":44,"width":40,"height":40,"action":{"library":"H5P.CRAudio 1.4","params":{"fitToWrapper":true,"currIndex":4,"playerMode":"minimalistic","controls":true,"autoplay":true,"playAudio":"Play audio","pauseAudio":"Pause audio","contentName":"Audio","glowColor":"#ffd85a","timeStampForEachText":[{"text":" Baba ","startDuration":"0.7141","endDuration":"1.4561","wordfile":[{"path":"audios\/wordfile-66a1043f65383.mp3","mime":"audio\/mpeg","copyright":{"license":"U"}}]},{"text":" ya ","startDuration":"1.7496","endDuration":"2.0959","wordfile":[{"path":"audios\/wordfile-66a104640069f.mp3","mime":"audio\/mpeg","copyright":{"license":"U"}}]},{"text":" fi ","startDuration":"2.0969","endDuration":"2.2711","wordfile":[{"path":"audios\/wordfile-66a10485bc71d.mp3","mime":"audio\/mpeg","copyright":{"license":"U"}}]},{"text":" Mama ","startDuration":"2.2721","endDuration":"2.7302","wordfile":[{"path":"audios\/wordfile-66a1049cd5ce8.mp3","mime":"audio\/mpeg","copyright":{"license":"U"}}]},{"text":" tsayi. ","startDuration":"2.7312","endDuration":"3.4732","wordfile":[{"path":"audios\/wordfile-66a104b31c849.mp3","mime":"audio\/mpeg","copyright":{"license":"U"}}]}],"files":[{"path":"audios\/files-66a1042aee421.mp3","mime":"audio\/mpeg","copyright":{"license":"U"}}]},"subContentId":"b4dd2f77-6aa9-48e8-929a-49f810a17d94","metadata":{"contentType":"Curious Reader Audio","license":"U","title":"Untitled Curious Reader Audio"}},"backgroundOpacity":0,"willDoAnimation":false,"animationType":"glow","displayAsButton":false,"buttonSize":"big","goToSlideType":"specified","invisible":false},{"x":29.411764705882355,"y":10.93749090909091,"width":12.316176470588234,"height":32.72727272727273,"action":{"library":"H5P.Image 1.1","params":{"contentName":"Image"},"subContentId":"70483b92-4a7f-4f15-8bf8-0393eb8b36df","metadata":{"contentType":"Image","license":"U","title":"Untitled Image"}},"backgroundOpacity":0,"willDoAnimation":true,"animationType":"glow","displayAsButton":false,"buttonSize":"big","goToSlideType":"specified","invisible":false,"id":"imgb4dd2f77-6aa9-48e8-929a-49f810a17d94_0"},{"x":22.058823529411764,"y":18.181818181818183,"width":11.213235294117647,"height":28,"action":{"library":"H5P.Image 1.1","params":{"contentName":"Image"},"subContentId":"1d22ce40-eb55-4e05-b5db-a979b085508f","metadata":{"contentType":"Image","license":"U","title":"Untitled Image"}},"backgroundOpacity":0,"willDoAnimation":true,"animationType":"glow","displayAsButton":false,"buttonSize":"big","goToSlideType":"specified","invisible":false,"id":"imgb4dd2f77-6aa9-48e8-929a-49f810a17d94_3"}],"slideBackgroundSelector":{}},{"elements":[{"x":14.161220043572985,"y":6.4655172413793105,"width":35.947712418300654,"height":90.73275862068967,"action":{"library":"H5P.Image 1.1","params":{"contentName":"Image","file":{"path":"images\/file-620d8b4901fed.jpg","mime":"image\/jpeg","copyright":{"license":"U"},"width":639,"height":918}},"metadata":{"contentType":"Image","license":"U","title":"Untitled Image"},"subContentId":"6ac3b20e-f38f-448c-b501-13c259c38112"},"backgroundOpacity":0,"willDoAnimation":false,"animationType":"glow","displayAsButton":false,"buttonSize":"big","goToSlideType":"specified","invisible":false},{"x":51.94805194805195,"y":19.943019943019944,"width":40,"height":40,"action":{"library":"H5P.CRAdvancedText 1.1","params":{"text":"<p dir=\"ltr\" style=\"text-align: center;\"><span style=\"font-size:1.75em;\"><span style=\"color:#ffffff;\">Yayata ta saya min littafi.<\/span><\/span><\/p>\n"},"subContentId":"a313e2d1-cd2a-48d8-adfe-d90498c4c153","metadata":{"contentType":"Text","license":"U","title":"Untitled Text"}},"alwaysDisplayComments":false,"backgroundOpacity":0,"willDoAnimation":false,"animationType":"glow","displayAsButton":false,"buttonSize":"big","goToSlideType":"specified","invisible":false,"solution":""},{"x":46.96691176470588,"y":44,"width":40,"height":40,"action":{"library":"H5P.CRAudio 1.4","params":{"fitToWrapper":true,"currIndex":5,"playerMode":"minimalistic","controls":true,"autoplay":true,"playAudio":"Play audio","pauseAudio":"Pause audio","contentName":"Audio","glowColor":"#ffd85a","timeStampForEachText":[{"text":" Yayata ","startDuration":"0.8250","endDuration":"2.1618","wordfile":[{"path":"audios\/wordfile-66a104e7e57a5.mp3","mime":"audio\/mpeg","copyright":{"license":"U"}}]},{"text":" ta ","startDuration":"2.4143","endDuration":"2.7853","wordfile":[{"path":"audios\/wordfile-66a1050133869.mp3","mime":"audio\/mpeg","copyright":{"license":"U"}}]},{"text":" saya ","startDuration":"2.7863","endDuration":"3.2177","wordfile":[{"path":"audios\/wordfile-66a10514ea503.mp3","mime":"audio\/mpeg","copyright":{"license":"U"}}]},{"text":" min ","startDuration":"3.2187","endDuration":"3.5495","wordfile":[{"path":"audios\/wordfile-66a1052f9aae8.mp3","mime":"audio\/mpeg","copyright":{"license":"U"}}]},{"text":" littafi. ","startDuration":"3.5505","endDuration":"4.6861","wordfile":[{"path":"audios\/wordfile-66a105417a17e.mp3","mime":"audio\/mpeg","copyright":{"license":"U"}}]}],"files":[{"path":"audios\/files-66a104ce102ea.mp3","mime":"audio\/mpeg","copyright":{"license":"U"}}]},"subContentId":"d3e6dd59-a98c-408e-b9c8-b44992dc70b6","metadata":{"contentType":"Curious Reader Audio","license":"U","title":"Untitled Curious Reader Audio"}},"backgroundOpacity":0,"willDoAnimation":false,"animationType":"glow","displayAsButton":false,"buttonSize":"big","goToSlideType":"specified","invisible":false},{"x":23.89705882352941,"y":14.545454545454545,"width":14.15441176470588,"height":22.545454545454547,"action":{"library":"H5P.Image 1.1","params":{"contentName":"Image"},"subContentId":"b78d3bb6-35f1-4053-a66c-fcfb50bccdf3","metadata":{"contentType":"Image","license":"U","title":"Untitled Image"}},"backgroundOpacity":0,"willDoAnimation":true,"animationType":"glow","displayAsButton":false,"buttonSize":"big","goToSlideType":"specified","invisible":false,"id":"imgd3e6dd59-a98c-408e-b9c8-b44992dc70b6_0"},{"x":20.22058823529412,"y":40.113454545454545,"width":12.316176470588234,"height":21.09090909090909,"action":{"library":"H5P.Image 1.1","params":{"contentName":"Image"},"subContentId":"4edc69e8-5ade-4c3c-a456-637059bb04b6","metadata":{"contentType":"Image","license":"U","title":"Untitled Image"}},"backgroundOpacity":0,"willDoAnimation":true,"animationType":"glow","displayAsButton":false,"buttonSize":"big","goToSlideType":"specified","invisible":false,"id":"imgd3e6dd59-a98c-408e-b9c8-b44992dc70b6_4"}],"slideBackgroundSelector":{}},{"elements":[{"x":14.161220043572985,"y":5.81896551724138,"width":34.85838779956427,"height":90.51724137931035,"action":{"library":"H5P.Image 1.1","params":{"contentName":"Image","file":{"path":"images\/file-620d8b7b9c561.jpg","mime":"image\/jpeg","copyright":{"license":"U"},"width":639,"height":918}},"metadata":{"contentType":"Image","license":"U","title":"Untitled Image"},"subContentId":"1fe8c6e8-1dec-4179-a1c4-d367fb27a427"},"backgroundOpacity":0,"willDoAnimation":false,"animationType":"glow","displayAsButton":false,"buttonSize":"big","goToSlideType":"specified","invisible":false},{"x":51.470588235294116,"y":21.818181818181817,"width":40,"height":40,"action":{"library":"H5P.CRAdvancedText 1.1","params":{"text":"<p dir=\"ltr\" style=\"text-align: center;\"><span style=\"color:#ffffff;\"><span style=\"font-size:1.75em;\">Mama ta fi yayata tsayi<\/span><\/span><\/p>\n"},"subContentId":"eb8b5b90-b6cf-4eb4-b02f-79dde8955f80","metadata":{"contentType":"Text","license":"U","title":"Untitled Text"}},"alwaysDisplayComments":false,"backgroundOpacity":0,"willDoAnimation":false,"animationType":"glow","displayAsButton":false,"buttonSize":"big","goToSlideType":"specified","invisible":false,"solution":""},{"x":46.96691176470588,"y":44,"width":40,"height":40,"action":{"library":"H5P.CRAudio 1.4","params":{"fitToWrapper":true,"currIndex":6,"playerMode":"minimalistic","controls":true,"autoplay":true,"playAudio":"Play audio","pauseAudio":"Pause audio","contentName":"Audio","glowColor":"#ffd85a","timeStampForEachText":[{"text":" Mama ","startDuration":"0.6018","endDuration":"1.5086","wordfile":[{"path":"audios\/wordfile-66a1056bb3d40.mp3","mime":"audio\/mpeg","copyright":{"license":"U"}}]},{"text":" ta ","startDuration":"1.7102","endDuration":"2.1108","wordfile":[{"path":"audios\/wordfile-66a1058538dff.mp3","mime":"audio\/mpeg","copyright":{"license":"U"}}]},{"text":" fi ","startDuration":"2.1118","endDuration":"2.4455","wordfile":[{"path":"audios\/wordfile-66a105a0aae76.mp3","mime":"audio\/mpeg","copyright":{"license":"U"}}]},{"text":" yayata ","startDuration":"2.4465","endDuration":"3.2674","wordfile":[{"path":"audios\/wordfile-66a105b97a690.mp3","mime":"audio\/mpeg","copyright":{"license":"U"}}]},{"text":" tsayi ","startDuration":"3.2684","endDuration":"4.1370","wordfile":[{"path":"audios\/wordfile-66a105c9dd8cd.mp3","mime":"audio\/mpeg","copyright":{"license":"U"}}]}],"files":[{"path":"audios\/files-66a1055791e86.mp3","mime":"audio\/mpeg","copyright":{"license":"U"}}]},"subContentId":"6a2f3938-3141-4317-b622-5ec17095b233","metadata":{"contentType":"Curious Reader Audio","license":"U","title":"Untitled Curious Reader Audio"}},"backgroundOpacity":0,"willDoAnimation":false,"animationType":"glow","displayAsButton":false,"buttonSize":"big","goToSlideType":"specified","invisible":false},{"x":25.735294117647058,"y":10.909090909090908,"width":10.477941176470587,"height":19.636363636363637,"action":{"library":"H5P.Image 1.1","params":{"contentName":"Image"},"subContentId":"2e74d8f7-8e5d-4dbd-ac7b-e9ab44c604ce","metadata":{"contentType":"Image","license":"U","title":"Untitled Image"}},"backgroundOpacity":0,"willDoAnimation":true,"animationType":"glow","displayAsButton":false,"buttonSize":"big","goToSlideType":"specified","invisible":false,"id":"img6a2f3938-3141-4317-b622-5ec17095b233_0"},{"x":20.220588235294116,"y":18.181818181818183,"width":8.63970588235294,"height":24.727272727272727,"action":{"library":"H5P.Image 1.1","params":{"contentName":"Image"},"subContentId":"a2cd1235-7b31-4080-a01b-706014a21c0a","metadata":{"contentType":"Image","license":"U","title":"Untitled Image"}},"backgroundOpacity":0,"willDoAnimation":true,"animationType":"glow","displayAsButton":false,"buttonSize":"big","goToSlideType":"specified","invisible":false,"id":"img6a2f3938-3141-4317-b622-5ec17095b233_3"}],"slideBackgroundSelector":{}},{"elements":[{"x":15.306122448979592,"y":5.037783375314861,"width":33.87799564270153,"height":90.73275862068967,"action":{"library":"H5P.Image 1.1","params":{"contentName":"Image","file":{"path":"images\/file-620d8bb185c3e.jpg","mime":"image\/jpeg","copyright":{"license":"U"},"width":639,"height":918}},"metadata":{"contentType":"Image","license":"U","title":"Untitled Image"},"subContentId":"8e0baedd-67c8-46c8-a1c5-9fe3f76afc8a"},"backgroundOpacity":0,"willDoAnimation":false,"animationType":"glow","displayAsButton":false,"buttonSize":"big","goToSlideType":"specified","invisible":false},{"x":50.505050505050505,"y":22.792022792022795,"width":40,"height":40,"action":{"library":"H5P.CRAdvancedText 1.1","params":{"text":"<p dir=\"ltr\" style=\"text-align: center;\"><span style=\"font-size:1.75em;\"><span style=\"color:#ffffff;\">Yayana ya saya min jakka<\/span><\/span><\/p>\n"},"subContentId":"20265a28-41ff-4d28-94d4-25d24a458dae","metadata":{"contentType":"Text","license":"U","title":"Untitled Text"}},"alwaysDisplayComments":false,"backgroundOpacity":0,"willDoAnimation":false,"animationType":"glow","displayAsButton":false,"buttonSize":"big","goToSlideType":"specified","invisible":false,"solution":""},{"x":46.96691176470588,"y":44,"width":40,"height":40,"action":{"library":"H5P.CRAudio 1.4","params":{"fitToWrapper":true,"currIndex":7,"playerMode":"minimalistic","controls":true,"autoplay":true,"playAudio":"Play audio","pauseAudio":"Pause audio","contentName":"Audio","glowColor":"#ffd85a","timeStampForEachText":[{"text":" Yayana ","startDuration":"0.8548","endDuration":"2.0520","wordfile":[{"path":"audios\/wordfile-66a106096a8a9.mp3","mime":"audio\/mpeg","copyright":{"license":"U"}}]},{"text":" ya ","startDuration":"2.0530","endDuration":"2.5735","wordfile":[{"path":"audios\/wordfile-66a10624306c0.mp3","mime":"audio\/mpeg","copyright":{"license":"U"}}]},{"text":" saya ","startDuration":"2.5745","endDuration":"2.9704","wordfile":[{"path":"audios\/wordfile-66a1063cc0ffb.mp3","mime":"audio\/mpeg","copyright":{"license":"U"}}]},{"text":" min ","startDuration":"2.9714","endDuration":"3.3851","wordfile":[{"path":"audios\/wordfile-66a1065619b63.mp3","mime":"audio\/mpeg","copyright":{"license":"U"}}]},{"text":" jakka ","startDuration":"3.3861","endDuration":"4.0847","wordfile":[{"path":"audios\/wordfile-66a1066adaa07.mp3","mime":"audio\/mpeg","copyright":{"license":"U"}}]}],"files":[{"path":"audios\/files-66a105e288f32.mp3","mime":"audio\/mpeg","copyright":{"license":"U"}}]},"subContentId":"5f139c60-5912-4963-b89c-e682b0f8e16e","metadata":{"contentType":"Curious Reader Audio","license":"U","title":"Untitled Curious Reader Audio"}},"backgroundOpacity":0,"willDoAnimation":false,"animationType":"glow","displayAsButton":false,"buttonSize":"big","goToSlideType":"specified","invisible":false},{"x":25.735294117647058,"y":29.09090909090909,"width":12.316176470588234,"height":25.09090909090909,"action":{"library":"H5P.Image 1.1","params":{"contentName":"Image"},"subContentId":"649f6c04-9d34-4d9c-b33e-b8cfba8b0d7e","metadata":{"contentType":"Image","license":"U","title":"Untitled Image"}},"backgroundOpacity":0,"willDoAnimation":true,"animationType":"glow","displayAsButton":false,"buttonSize":"big","goToSlideType":"specified","invisible":false,"id":"img5f139c60-5912-4963-b89c-e682b0f8e16e_0"},{"x":27.315073529411766,"y":54.62218181818182,"width":6.985294117647058,"height":16,"action":{"library":"H5P.Image 1.1","params":{"contentName":"Image"},"subContentId":"b75d122b-8bed-41a0-a59f-efb81319a6f3","metadata":{"contentType":"Image","license":"U","title":"Untitled Image"}},"backgroundOpacity":0,"willDoAnimation":true,"animationType":"glow","displayAsButton":false,"buttonSize":"big","goToSlideType":"specified","invisible":false,"id":"img5f139c60-5912-4963-b89c-e682b0f8e16e_4"}],"slideBackgroundSelector":{}},{"elements":[{"x":14.705882352941178,"y":3.6637931034482762,"width":34.64052287581699,"height":92.45689655172414,"action":{"library":"H5P.Image 1.1","params":{"contentName":"Image","file":{"path":"images\/file-620d8be87d7ce.jpg","mime":"image\/jpeg","copyright":{"license":"U"},"width":639,"height":918}},"metadata":{"contentType":"Image","license":"U","title":"Untitled Image"},"subContentId":"b5dd1b5b-c4b7-4e07-9e11-de9c97fc90fa"},"backgroundOpacity":0,"willDoAnimation":false,"animationType":"glow","displayAsButton":false,"buttonSize":"big","goToSlideType":"specified","invisible":false},{"x":50.505050505050505,"y":19.943019943019944,"width":40,"height":40,"action":{"library":"H5P.CRAdvancedText 1.1","params":{"text":"<p dir=\"ltr\" style=\"text-align: center;\"><span style=\"color:#ffffff;\"><span style=\"font-size:1.75em;\">&nbsp;&nbsp;Yayata tafi \u0199anina tsayi.<\/span><\/span><\/p>\n"},"subContentId":"bb05e671-c08f-4978-8b7c-9dae5f84555f","metadata":{"contentType":"Text","license":"U","title":"Untitled Text"}},"alwaysDisplayComments":false,"backgroundOpacity":0,"willDoAnimation":false,"animationType":"glow","displayAsButton":false,"buttonSize":"big","goToSlideType":"specified","invisible":false,"solution":""},{"x":46.96691176470588,"y":44,"width":40,"height":40,"action":{"library":"H5P.CRAudio 1.4","params":{"fitToWrapper":true,"currIndex":8,"playerMode":"minimalistic","controls":true,"autoplay":true,"playAudio":"Play audio","pauseAudio":"Pause audio","contentName":"Audio","glowColor":"#ffd85a","timeStampForEachText":[{"text":" \u00a0\u00a0Yayata ","startDuration":"0.4746","endDuration":"1.7731","wordfile":[{"path":"audios\/wordfile-66a1069fb5e15.mp3","mime":"audio\/mpeg","copyright":{"license":"U"}}]},{"text":" tafi ","startDuration":"1.7741","endDuration":"2.3959","wordfile":[{"path":"audios\/wordfile-66a106b5a8049.mp3","mime":"audio\/mpeg","copyright":{"license":"U"}}]},{"text":" \u0199anina ","startDuration":"2.3969","endDuration":"3.1242","wordfile":[{"path":"audios\/wordfile-66a106ce36418.mp3","mime":"audio\/mpeg","copyright":{"license":"U"}}]},{"text":" tsayi. ","startDuration":"3.1252","endDuration":"3.9140","wordfile":[{"path":"audios\/wordfile-66a106e76cc67.mp3","mime":"audio\/mpeg","copyright":{"license":"U"}}]}],"files":[{"path":"audios\/files-66a10685a1bb1.mp3","mime":"audio\/mpeg","copyright":{"license":"U"}}]},"subContentId":"1a010726-a2e8-4e3a-8c6a-c5603ebc1ce8","metadata":{"contentType":"Curious Reader Audio","license":"U","title":"Untitled Curious Reader Audio"}},"backgroundOpacity":0,"willDoAnimation":false,"animationType":"glow","displayAsButton":false,"buttonSize":"big","goToSlideType":"specified","invisible":false},{"x":31.249999999999996,"y":21.818181818181817,"width":11.213235294117647,"height":20.727272727272727,"action":{"library":"H5P.Image 1.1","params":{"contentName":"Image"},"subContentId":"392cf474-cf4a-4cf8-9bee-ca9615079975","metadata":{"contentType":"Image","license":"U","title":"Untitled Image"}},"backgroundOpacity":0,"willDoAnimation":true,"animationType":"glow","displayAsButton":false,"buttonSize":"big","goToSlideType":"specified","invisible":false,"id":"img1a010726-a2e8-4e3a-8c6a-c5603ebc1ce8_0"},{"x":23.89705882352941,"y":29.09090909090909,"width":8.63970588235294,"height":21.818181818181817,"action":{"library":"H5P.Image 1.1","params":{"contentName":"Image"},"subContentId":"7b571ff4-0291-4ba9-92a0-b5e547fa3301","metadata":{"contentType":"Image","license":"U","title":"Untitled Image"}},"backgroundOpacity":0,"willDoAnimation":true,"animationType":"glow","displayAsButton":false,"buttonSize":"big","goToSlideType":"specified","invisible":false,"id":"img1a010726-a2e8-4e3a-8c6a-c5603ebc1ce8_2"}],"slideBackgroundSelector":{}},{"elements":[{"x":15.24259259259259,"y":4.314547413793104,"width":34.85838779956427,"height":92.88793103448276,"action":{"library":"H5P.Image 1.1","params":{"contentName":"Image","file":{"path":"images\/file-620d8c22dbcda.jpg","mime":"image\/jpeg","copyright":{"license":"U"},"width":639,"height":918}},"metadata":{"contentType":"Image","license":"U","title":"Untitled Image"},"subContentId":"ec439803-414f-4f94-bef7-2c65cfc2ee92"},"backgroundOpacity":0,"willDoAnimation":false,"animationType":"glow","displayAsButton":false,"buttonSize":"big","goToSlideType":"specified","invisible":false},{"x":53.30882352941176,"y":21.818181818181817,"width":40,"height":40,"action":{"library":"H5P.CRAdvancedText 1.1","params":{"text":"<p style=\"text-align: center;\"><span style=\"color:#ffffff;\"><span style=\"font-size:1.75em;\">Yayana ya fi ni tsayi.<\/span><\/span><\/p>\n"},"subContentId":"94ce7688-2430-4964-a7ac-32b30b023c09","metadata":{"contentType":"Text","license":"U","title":"Untitled Text"}},"alwaysDisplayComments":false,"backgroundOpacity":0,"willDoAnimation":false,"animationType":"glow","displayAsButton":false,"buttonSize":"big","goToSlideType":"specified","invisible":false,"solution":""},{"x":46.96691176470588,"y":44,"width":40,"height":40,"action":{"library":"H5P.CRAudio 1.4","params":{"fitToWrapper":true,"currIndex":9,"playerMode":"minimalistic","controls":true,"autoplay":true,"playAudio":"Play audio","pauseAudio":"Pause audio","contentName":"Audio","glowColor":"#ffd85a","timeStampForEachText":[{"text":" Yayana ","startDuration":"0.7091","endDuration":"1.8883","wordfile":[{"path":"audios\/wordfile-66a107287348d.mp3","mime":"audio\/mpeg","copyright":{"license":"U"}}]},{"text":" ya ","startDuration":"2.0328","endDuration":"2.4945","wordfile":[{"path":"audios\/wordfile-66a107430133a.mp3","mime":"audio\/mpeg","copyright":{"license":"U"}}]},{"text":" fi ","startDuration":"2.4955","endDuration":"2.6955","wordfile":[{"path":"audios\/wordfile-66a1075674605.mp3","mime":"audio\/mpeg","copyright":{"license":"U"}}]},{"text":" ni ","startDuration":"2.6965","endDuration":"2.8965","wordfile":[{"path":"audios\/wordfile-66a107677c761.mp3","mime":"audio\/mpeg","copyright":{"license":"U"}}]},{"text":" tsayi. ","startDuration":"2.8975","endDuration":"3.6546","wordfile":[{"path":"audios\/wordfile-66a1077831c87.mp3","mime":"audio\/mpeg","copyright":{"license":"U"}}]}],"files":[{"path":"audios\/files-66a107103604b.mp3","mime":"audio\/mpeg","copyright":{"license":"U"}}]},"subContentId":"9905c6cd-82ba-4aa1-bc36-e54485aa7069","metadata":{"contentType":"Curious Reader Audio","license":"U","title":"Untitled Curious Reader Audio"}},"backgroundOpacity":0,"willDoAnimation":false,"animationType":"glow","displayAsButton":false,"buttonSize":"big","goToSlideType":"specified","invisible":false},{"x":27.573529411764707,"y":29.170472727272728,"width":10.477941176470587,"height":27.636363636363637,"action":{"library":"H5P.Image 1.1","params":{"contentName":"Image"},"subContentId":"d27831c8-e4dc-4674-88da-3abbc44b81a1","metadata":{"contentType":"Image","license":"U","title":"Untitled Image"}},"backgroundOpacity":0,"willDoAnimation":true,"animationType":"glow","displayAsButton":false,"buttonSize":"big","goToSlideType":"specified","invisible":false,"id":"img9905c6cd-82ba-4aa1-bc36-e54485aa7069_0"},{"x":18.38235294117647,"y":43.63636363636363,"width":10.110294117647058,"height":20.727272727272727,"action":{"library":"H5P.Image 1.1","params":{"contentName":"Image"},"subContentId":"23f2c4ec-0f47-41a7-88b7-f79fda998741","metadata":{"contentType":"Image","license":"U","title":"Untitled Image"}},"backgroundOpacity":0,"willDoAnimation":true,"animationType":"glow","displayAsButton":false,"buttonSize":"big","goToSlideType":"specified","invisible":false,"id":"img9905c6cd-82ba-4aa1-bc36-e54485aa7069_3"}],"slideBackgroundSelector":{}},{"elements":[{"x":16.338344226579522,"y":4.320560344827586,"width":33.00653594771242,"height":92.45689655172414,"action":{"library":"H5P.Image 1.1","params":{"contentName":"Image","file":{"path":"images\/file-620d8c5c30c01.jpg","mime":"image\/jpeg","copyright":{"license":"U"},"width":639,"height":918}},"metadata":{"contentType":"Image","license":"U","title":"Untitled Image"},"subContentId":"5bf06604-bab2-4fde-b399-8b6b9caf36cb"},"backgroundOpacity":0,"willDoAnimation":false,"animationType":"glow","displayAsButton":false,"buttonSize":"big","goToSlideType":"specified","invisible":false},{"x":51.470588235294116,"y":25.454545454545453,"width":40,"height":40,"action":{"library":"H5P.CRAdvancedText 1.1","params":{"text":"<p dir=\"ltr\" style=\"text-align: center;\"><span style=\"font-size:1.75em;\"><span style=\"color:#ffffff;\">Na fi kowa gajerci a danginmu.<\/span><\/span><\/p>\n"},"subContentId":"5da06bf6-c805-48c4-8fd0-add34ef36a2b","metadata":{"contentType":"Text","license":"U","title":"Untitled Text"}},"alwaysDisplayComments":false,"backgroundOpacity":0,"willDoAnimation":false,"animationType":"glow","displayAsButton":false,"buttonSize":"big","goToSlideType":"specified","invisible":false,"solution":""},{"x":46.96691176470588,"y":44,"width":40,"height":40,"action":{"library":"H5P.CRAudio 1.4","params":{"fitToWrapper":true,"currIndex":10,"playerMode":"minimalistic","controls":true,"autoplay":true,"playAudio":"Play audio","pauseAudio":"Pause audio","contentName":"Audio","glowColor":"#ffd85a","timeStampForEachText":[{"text":" Na ","startDuration":"0.9277","endDuration":"1.3294","wordfile":[{"path":"audios\/wordfile-66a107a72d398.mp3","mime":"audio\/mpeg","copyright":{"license":"U"}}]},{"text":" fi ","startDuration":"1.3304","endDuration":"1.4901","wordfile":[{"path":"audios\/wordfile-66a107ba6eadf.mp3","mime":"audio\/mpeg","copyright":{"license":"U"}}]},{"text":" kowa ","startDuration":"1.4911","endDuration":"2.1247","wordfile":[{"path":"audios\/wordfile-66a107d370c22.mp3","mime":"audio\/mpeg","copyright":{"license":"U"}}]},{"text":" gajerci ","startDuration":"2.1257","endDuration":"3.2937","wordfile":[{"path":"audios\/wordfile-66a107eccc3a2.mp3","mime":"audio\/mpeg","copyright":{"license":"U"}}]},{"text":" a ","startDuration":"3.2947","endDuration":"3.5855","wordfile":[{"path":"audios\/wordfile-66a10812ba323.mp3","mime":"audio\/mpeg","copyright":{"license":"U"}}]},{"text":" danginmu. ","startDuration":"3.5865","endDuration":"4.5327","wordfile":[{"path":"audios\/wordfile-66a10829ac126.mp3","mime":"audio\/mpeg","copyright":{"license":"U"}}]}],"files":[{"path":"audios\/files-66a1078f00e85.mp3","mime":"audio\/mpeg","copyright":{"license":"U"}}]},"subContentId":"baaaa74d-0b75-466b-bb3a-0c703813a4f4","metadata":{"contentType":"Curious Reader Audio","license":"U","title":"Untitled Curious Reader Audio"}},"backgroundOpacity":0,"willDoAnimation":false,"animationType":"glow","displayAsButton":false,"buttonSize":"big","goToSlideType":"specified","invisible":false},{"x":18.38235294117647,"y":7.289781818181819,"width":28.860294117647058,"height":40,"action":{"library":"H5P.Image 1.1","params":{"contentName":"Image"},"subContentId":"27a2b7e1-b658-42a1-b7fc-ded890d6c058","metadata":{"contentType":"Image","license":"U","title":"Untitled Image"}},"backgroundOpacity":0,"willDoAnimation":true,"animationType":"glow","displayAsButton":false,"buttonSize":"big","goToSlideType":"specified","invisible":false,"id":"imgbaaaa74d-0b75-466b-bb3a-0c703813a4f4_5"},{"x":27.573529411764703,"y":40,"width":10.477941176470587,"height":26.181818181818183,"action":{"library":"H5P.Image 1.1","params":{"contentName":"Image"},"subContentId":"aa71c1d5-8562-4220-b5f9-889f9c5f1bdd","metadata":{"contentType":"Image","license":"U","title":"Untitled Image"}},"backgroundOpacity":0,"willDoAnimation":true,"animationType":"glow","displayAsButton":false,"buttonSize":"big","goToSlideType":"specified","invisible":false,"id":"imgbaaaa74d-0b75-466b-bb3a-0c703813a4f4_0"},{"x":27.573529411764703,"y":40,"width":10.477941176470587,"height":28,"action":{"library":"H5P.Image 1.1","params":{"contentName":"Image"},"subContentId":"b59cded6-eeec-49da-8b92-3de992b1a858","metadata":{"contentType":"Image","license":"U","title":"Untitled Image"}},"backgroundOpacity":0,"willDoAnimation":true,"animationType":"glow","displayAsButton":false,"buttonSize":"big","goToSlideType":"specified","invisible":false,"id":"imgbaaaa74d-0b75-466b-bb3a-0c703813a4f4_3"}],"slideBackgroundSelector":{}},{"elements":[{"x":17.426470588235293,"y":6.47334051724138,"width":32.46187363834423,"height":89.65517241379311,"action":{"library":"H5P.Image 1.1","params":{"contentName":"Image","file":{"path":"images\/file-620d8c9aa16a1.jpg","mime":"image\/jpeg","copyright":{"license":"U"},"width":639,"height":918}},"metadata":{"contentType":"Image","license":"U","title":"Untitled Image"},"subContentId":"ae70667a-fe5d-4f6e-96d3-e63ca9aa9160"},"backgroundOpacity":0,"willDoAnimation":false,"animationType":"glow","displayAsButton":false,"buttonSize":"big","goToSlideType":"specified","invisible":false},{"x":52.23880597014925,"y":22.14022140221402,"width":40,"height":40,"action":{"library":"H5P.CRAdvancedText 1.1","params":{"text":"<p dir=\"ltr\" style=\"text-align: center;\"><span style=\"font-size:1.75em;\"><span style=\"color:#ffffff;\">Kai! Na tuno da \u0257an karenmu, Jojo.&nbsp;<\/span><\/span><\/p>\n"},"subContentId":"9b262f75-e92f-402d-a68c-1f6324d6de47","metadata":{"contentType":"Text","license":"U","title":"Untitled Text"}},"alwaysDisplayComments":false,"backgroundOpacity":0,"willDoAnimation":false,"animationType":"glow","displayAsButton":false,"buttonSize":"big","goToSlideType":"specified","invisible":false,"solution":""},{"x":46.96691176470588,"y":44,"width":40,"height":40,"action":{"library":"H5P.CRAudio 1.4","params":{"fitToWrapper":true,"currIndex":11,"playerMode":"minimalistic","controls":true,"autoplay":true,"playAudio":"Play audio","pauseAudio":"Pause audio","contentName":"Audio","glowColor":"#ffd85a","timeStampForEachText":[{"text":" Kai! ","startDuration":"0.4766","endDuration":"0.9564","wordfile":[{"path":"audios\/wordfile-66a10864bcb84.mp3","mime":"audio\/mpeg","copyright":{"license":"U"}}]},{"text":" Na ","startDuration":"1.2786","endDuration":"1.7791","wordfile":[{"path":"audios\/wordfile-66a1087de4587.mp3","mime":"audio\/mpeg","copyright":{"license":"U"}}]},{"text":" tuno ","startDuration":"1.7801","endDuration":"2.2909","wordfile":[{"path":"audios\/wordfile-66a1088f31b74.mp3","mime":"audio\/mpeg","copyright":{"license":"U"}}]},{"text":" da ","startDuration":"2.2919","endDuration":"2.7095","wordfile":[{"path":"audios\/wordfile-66a108a28cde1.mp3","mime":"audio\/mpeg","copyright":{"license":"U"}}]},{"text":" \u0257an ","startDuration":"2.7105","endDuration":"2.9519","wordfile":[{"path":"audios\/wordfile-66a108ba095e9.mp3","mime":"audio\/mpeg","copyright":{"license":"U"}}]},{"text":" karenmu, ","startDuration":"2.9529","endDuration":"3.7953","wordfile":[{"path":"audios\/wordfile-66a108d34ec94.mp3","mime":"audio\/mpeg","copyright":{"license":"U"}}]},{"text":" Jojo.\u00a0 ","startDuration":"3.7963","endDuration":"4.7319","wordfile":[{"path":"audios\/wordfile-66a108e531bfe.mp3","mime":"audio\/mpeg","copyright":{"license":"U"}}]}],"files":[{"path":"audios\/files-66a108498e5b6.mp3","mime":"audio\/mpeg","copyright":{"license":"U"}}]},"subContentId":"1721a0d4-d855-49a2-842d-2b9560d6d4d7","metadata":{"contentType":"Curious Reader Audio","license":"U","title":"Untitled Curious Reader Audio"}},"backgroundOpacity":0,"willDoAnimation":false,"animationType":"glow","displayAsButton":false,"buttonSize":"big","goToSlideType":"specified","invisible":false},{"x":34.92647058823529,"y":65.73563636363636,"width":14.15441176470588,"height":28,"action":{"library":"H5P.Image 1.1","params":{"contentName":"Image"},"subContentId":"f8bc6666-ecbe-4501-b1b9-5fa306b17aea","metadata":{"contentType":"Image","license":"U","title":"Untitled Image"}},"backgroundOpacity":0,"willDoAnimation":true,"animationType":"glow","displayAsButton":false,"buttonSize":"big","goToSlideType":"specified","invisible":false,"id":"img1721a0d4-d855-49a2-842d-2b9560d6d4d7_6"}],"slideBackgroundSelector":{}},{"elements":[{"x":16.228976034858388,"y":6.47334051724138,"width":32.6797385620915,"height":90.51724137931035,"action":{"library":"H5P.Image 1.1","params":{"contentName":"Image","file":{"path":"images\/file-620d8cddb99ae.jpg","mime":"image\/jpeg","copyright":{"license":"U"},"width":479,"height":687}},"metadata":{"contentType":"Image","license":"U","title":"Untitled Image"},"subContentId":"b0a958ff-98a9-43bb-a0f2-0d435e39a16f"},"backgroundOpacity":0,"willDoAnimation":false,"animationType":"glow","displayAsButton":false,"buttonSize":"big","goToSlideType":"specified","invisible":false},{"x":53.30882352941176,"y":14.545454545454545,"width":40,"height":40,"action":{"library":"H5P.CRAdvancedText 1.1","params":{"text":"<p dir=\"ltr\" style=\"text-align: center;\"><span style=\"font-size:1.75em;\"><span style=\"color:#ffffff;\">Jojo takalma na zai samu.<\/span><\/span><\/p>\n"},"subContentId":"8564a3dc-0eca-4be8-ba1d-b8018542d278","metadata":{"contentType":"Text","license":"U","title":"Untitled Text"}},"alwaysDisplayComments":false,"backgroundOpacity":0,"willDoAnimation":false,"animationType":"glow","displayAsButton":false,"buttonSize":"big","goToSlideType":"specified","invisible":false,"solution":""},{"x":46.96691176470588,"y":44,"width":40,"height":40,"action":{"library":"H5P.CRAudio 1.4","params":{"fitToWrapper":true,"currIndex":12,"playerMode":"minimalistic","controls":true,"autoplay":true,"playAudio":"Play audio","pauseAudio":"Pause audio","contentName":"Audio","glowColor":"#ffd85a","timeStampForEachText":[{"text":" Jojo ","startDuration":"0.4579","endDuration":"1.3540","wordfile":[{"path":"audios\/wordfile-66a1091b9cee2.mp3","mime":"audio\/mpeg","copyright":{"license":"U"}}]},{"text":" takalma ","startDuration":"1.3550","endDuration":"2.1320","wordfile":[{"path":"audios\/wordfile-66a1093333516.mp3","mime":"audio\/mpeg","copyright":{"license":"U"}}]},{"text":" na ","startDuration":"2.1330","endDuration":"2.3880","wordfile":[{"path":"audios\/wordfile-66a1094d21fa0.mp3","mime":"audio\/mpeg","copyright":{"license":"U"}}]},{"text":" zai ","startDuration":"2.3890","endDuration":"2.7172","wordfile":[{"path":"audios\/wordfile-66a1095f1ec04.mp3","mime":"audio\/mpeg","copyright":{"license":"U"}}]},{"text":" samu. ","startDuration":"2.7182","endDuration":"3.4494","wordfile":[{"path":"audios\/wordfile-66a109749970c.mp3","mime":"audio\/mpeg","copyright":{"license":"U"}}]}],"files":[{"path":"audios\/files-66a109086d6b6.mp3","mime":"audio\/mpeg","copyright":{"license":"U"}}]},"subContentId":"85265564-12e2-41a0-a494-76776e595994","metadata":{"contentType":"Curious Reader Audio","license":"U","title":"Untitled Curious Reader Audio"}},"backgroundOpacity":0,"willDoAnimation":false,"animationType":"glow","displayAsButton":false,"buttonSize":"big","goToSlideType":"specified","invisible":false},{"x":31.249999999999996,"y":61.81818181818182,"width":15.992647058823529,"height":23.636363636363637,"action":{"library":"H5P.Image 1.1","params":{"contentName":"Image"},"subContentId":"472378eb-2c3d-4ee5-8307-7c783bec9ab3","metadata":{"contentType":"Image","license":"U","title":"Untitled Image"}},"backgroundOpacity":0,"willDoAnimation":true,"animationType":"glow","displayAsButton":false,"buttonSize":"big","goToSlideType":"specified","invisible":false,"id":"img85265564-12e2-41a0-a494-76776e595994_0"},{"x":33.088235294117645,"y":72.72727272727273,"width":4.963235294117647,"height":9.818181818181818,"action":{"library":"H5P.Image 1.1","params":{"contentName":"Image"},"subContentId":"61adc40f-5e5c-42a6-abe6-5e9698e38063","metadata":{"contentType":"Image","license":"U","title":"Untitled Image"}},"backgroundOpacity":0,"willDoAnimation":true,"animationType":"glow","displayAsButton":false,"buttonSize":"big","goToSlideType":"specified","invisible":false,"id":"img85265564-12e2-41a0-a494-76776e595994_4"}],"slideBackgroundSelector":{}},{"elements":[{"x":15.247167755991283,"y":6.47334051724138,"width":32.6797385620915,"height":90.30172413793105,"action":{"library":"H5P.Image 1.1","params":{"contentName":"Image","file":{"path":"images\/file-620d8d0a066ff.jpg","mime":"image\/jpeg","copyright":{"license":"U"},"width":479,"height":687}},"metadata":{"contentType":"Image","license":"U","title":"Untitled Image"},"subContentId":"89d672ca-d3ad-478d-bb23-9297f0787395"},"backgroundOpacity":0,"willDoAnimation":false,"animationType":"glow","displayAsButton":false,"buttonSize":"big","goToSlideType":"specified","invisible":false},{"x":49.632352941176464,"y":25.454545454545453,"width":40,"height":40,"action":{"library":"H5P.CRAdvancedText 1.1","params":{"text":"<p dir=\"ltr\" style=\"text-align: center;\"><span style=\"color:#ffffff;\"><span style=\"font-size:1.75em;\">Ha ha! Jojo shine mafi gajerci.<\/span><\/span><\/p>\n"},"subContentId":"2454353b-98f5-4c25-87f6-d757dd5e4711","metadata":{"contentType":"Text","license":"U","title":"Untitled Text"}},"alwaysDisplayComments":false,"backgroundOpacity":0,"willDoAnimation":false,"animationType":"glow","displayAsButton":false,"buttonSize":"big","goToSlideType":"specified","invisible":false,"solution":""},{"x":46.96691176470588,"y":44,"width":40,"height":40,"action":{"library":"H5P.CRAudio 1.4","params":{"fitToWrapper":true,"currIndex":13,"playerMode":"minimalistic","controls":true,"autoplay":true,"playAudio":"Play audio","pauseAudio":"Pause audio","contentName":"Audio","glowColor":"#ffd85a","timeStampForEachText":[{"text":" Ha ","startDuration":"1.2218","endDuration":"1.5907","wordfile":[{"path":"audios\/wordfile-66a109ac7ab39.mp3","mime":"audio\/mpeg","copyright":{"license":"U"}}]},{"text":" ha! ","startDuration":"1.5917","endDuration":"2.1166","wordfile":[{"path":"audios\/wordfile-66a109c13f773.mp3","mime":"audio\/mpeg","copyright":{"license":"U"}}]},{"text":" Jojo ","startDuration":"2.3776","endDuration":"3.3964","wordfile":[{"path":"audios\/wordfile-66a109da2b3bf.mp3","mime":"audio\/mpeg","copyright":{"license":"U"}}]},{"text":" shine ","startDuration":"3.3974","endDuration":"4.1953","wordfile":[{"path":"audios\/wordfile-66a109f962809.mp3","mime":"audio\/mpeg","copyright":{"license":"U"}}]},{"text":" mafi ","startDuration":"4.1963","endDuration":"4.6563","wordfile":[{"path":"audios\/wordfile-66a10a1130446.mp3","mime":"audio\/mpeg","copyright":{"license":"U"}}]},{"text":" gajerci. ","startDuration":"4.6573","endDuration":"5.7541","wordfile":[{"path":"audios\/wordfile-66a10a2d70a11.mp3","mime":"audio\/mpeg","copyright":{"license":"U"}}]}],"files":[{"path":"audios\/files-66a1099280c35.mp3","mime":"audio\/mpeg","copyright":{"license":"U"}}]},"subContentId":"3df2cf32-df0a-4146-85ad-982df86293fa","metadata":{"contentType":"Curious Reader Audio","license":"U","title":"Untitled Curious Reader Audio"}},"backgroundOpacity":0,"willDoAnimation":false,"animationType":"glow","displayAsButton":false,"buttonSize":"big","goToSlideType":"specified","invisible":false},{"x":31.25,"y":62.08254545454545,"width":10.477941176470587,"height":20.727272727272727,"action":{"library":"H5P.Image 1.1","params":{"contentName":"Image"},"subContentId":"54526294-207c-44f3-9df5-6362ba454ebe","metadata":{"contentType":"Image","license":"U","title":"Untitled Image"}},"backgroundOpacity":0,"willDoAnimation":true,"animationType":"glow","displayAsButton":false,"buttonSize":"big","goToSlideType":"specified","invisible":false,"id":"img3df2cf32-df0a-4146-85ad-982df86293fa_2"},{"x":31.249999999999996,"y":61.81818181818182,"width":10.477941176470587,"height":20.727272727272727,"action":{"library":"H5P.Image 1.1","params":{"contentName":"Image"},"subContentId":"5bd1224c-3dfa-42da-9051-5ec9afd049b7","metadata":{"contentType":"Image","license":"U","title":"Untitled Image"}},"backgroundOpacity":0,"willDoAnimation":true,"animationType":"glow","displayAsButton":false,"buttonSize":"big","goToSlideType":"specified","invisible":false,"id":"img3df2cf32-df0a-4146-85ad-982df86293fa_5"}],"slideBackgroundSelector":{}},{"elements":[{"x":14.159041394335512,"y":7.847370689655173,"width":35.83877995642702,"height":89.00862068965517,"action":{"library":"H5P.Image 1.1","params":{"contentName":"Image","file":{"path":"images\/file-620d8d312228a.jpg","mime":"image\/jpeg","copyright":{"license":"U"},"width":479,"height":687}},"metadata":{"contentType":"Image","license":"U","title":"Untitled Image"},"subContentId":"e767bcfd-f9ac-468c-afd5-1d15bc90d6b7"},"backgroundOpacity":0,"willDoAnimation":false,"animationType":"glow","displayAsButton":false,"buttonSize":"big","goToSlideType":"specified","invisible":false},{"x":51.94805194805195,"y":17.094017094017094,"width":40,"height":40,"action":{"library":"H5P.CRAdvancedText 1.1","params":{"text":"<p dir=\"ltr\" style=\"text-align: center;\"><span style=\"font-size:1.75em;\"><span style=\"color:#ffffff;\">Kwarai! Jojo ya fi ni gajerci.<\/span><\/span><\/p>\n"},"subContentId":"9ad72868-95b2-40a9-b911-06eaf294e6d2","metadata":{"contentType":"Text","license":"U","title":"Untitled Text"}},"alwaysDisplayComments":false,"backgroundOpacity":0,"willDoAnimation":false,"animationType":"glow","displayAsButton":false,"buttonSize":"big","goToSlideType":"specified","invisible":false,"solution":""},{"x":46.96691176470588,"y":44,"width":40,"height":40,"action":{"library":"H5P.CRAudio 1.4","params":{"fitToWrapper":true,"currIndex":14,"playerMode":"minimalistic","controls":true,"autoplay":true,"playAudio":"Play audio","pauseAudio":"Pause audio","contentName":"Audio","glowColor":"#ffd85a","timeStampForEachText":[{"text":" Kwarai! ","startDuration":"0.9871","endDuration":"2.0059","wordfile":[{"path":"audios\/wordfile-66a10a7581ad0.mp3","mime":"audio\/mpeg","copyright":{"license":"U"}}]},{"text":" Jojo ","startDuration":"2.0069","endDuration":"2.9696","wordfile":[{"path":"audios\/wordfile-66a10a882ddf1.mp3","mime":"audio\/mpeg","copyright":{"license":"U"}}]},{"text":" ya ","startDuration":"2.9706","endDuration":"3.4286","wordfile":[{"path":"audios\/wordfile-66a10a9d8e550.mp3","mime":"audio\/mpeg","copyright":{"license":"U"}}]},{"text":" fi ","startDuration":"3.4296","endDuration":"3.6296","wordfile":[{"path":"audios\/wordfile-66a10ab3d4acd.mp3","mime":"audio\/mpeg","copyright":{"license":"U"}}]},{"text":" ni ","startDuration":"3.6306","endDuration":"3.8306","wordfile":[{"path":"audios\/wordfile-66a10ac53f3eb.mp3","mime":"audio\/mpeg","copyright":{"license":"U"}}]},{"text":" gajerci. ","startDuration":"3.8316","endDuration":"4.8841","wordfile":[{"path":"audios\/wordfile-66a10adc58bbd.mp3","mime":"audio\/mpeg","copyright":{"license":"U"}}]}],"files":[{"path":"audios\/files-66a10a60db531.mp3","mime":"audio\/mpeg","copyright":{"license":"U"}}]},"subContentId":"b02b513b-528d-4a47-a270-45d5077ca2ca","metadata":{"contentType":"Curious Reader Audio","license":"U","title":"Untitled Curious Reader Audio"}},"backgroundOpacity":0,"willDoAnimation":false,"animationType":"glow","displayAsButton":false,"buttonSize":"big","goToSlideType":"specified","invisible":false},{"x":18.38235294117647,"y":54.77563636363637,"width":14.88970588235294,"height":31.636363636363637,"action":{"library":"H5P.Image 1.1","params":{"contentName":"Image"},"subContentId":"5684dc17-8fdf-4cd8-9899-121cebb7c72c","metadata":{"contentType":"Image","license":"U","title":"Untitled Image"}},"backgroundOpacity":0,"willDoAnimation":true,"animationType":"glow","displayAsButton":false,"buttonSize":"big","goToSlideType":"specified","invisible":false,"id":"imgb02b513b-528d-4a47-a270-45d5077ca2ca_1"},{"x":23.89705882352941,"y":14.545454545454545,"width":19.669117647058822,"height":40,"action":{"library":"H5P.Image 1.1","params":{"contentName":"Image"},"subContentId":"af87c236-bfdb-47db-8612-b44dc3cdc390","metadata":{"contentType":"Image","license":"U","title":"Untitled Image"}},"backgroundOpacity":0,"willDoAnimation":true,"animationType":"glow","displayAsButton":false,"buttonSize":"big","goToSlideType":"specified","invisible":false,"id":"imgb02b513b-528d-4a47-a270-45d5077ca2ca_4"}],"slideBackgroundSelector":{}},{"elements":[{"x":13.832270408163264,"y":6.468438287153652,"width":34.43877551020408,"height":90.42821158690175,"action":{"library":"H5P.Image 1.1","params":{"contentName":"Image","file":{"path":"images\/file-620d8d58bb16b.jpg","mime":"image\/jpeg","copyright":{"license":"U"},"width":639,"height":918}},"metadata":{"contentType":"Image","license":"U","title":"Untitled Image"},"subContentId":"04bd3f8e-9a22-417f-8446-3b35b45f2017"},"backgroundOpacity":0,"willDoAnimation":false,"animationType":"glow","displayAsButton":false,"buttonSize":"big","goToSlideType":"specified","invisible":false},{"x":51.470588235294116,"y":18.181818181818183,"width":40,"height":40,"action":{"library":"H5P.CRAdvancedText 1.1","params":{"text":"<p dir=\"ltr\" style=\"text-align: center;\"><span style=\"font-size:1.75em;\"><span style=\"color:#ffffff;\">Na fi yayana gajerci.<\/span><\/span><\/p>\n"},"subContentId":"07b0ce94-eba5-402f-b644-a387589e0110","metadata":{"contentType":"Text","license":"U","title":"Untitled Text"}},"alwaysDisplayComments":false,"backgroundOpacity":0,"willDoAnimation":false,"animationType":"glow","displayAsButton":false,"buttonSize":"big","goToSlideType":"specified","invisible":false,"solution":""},{"x":46.96691176470588,"y":44,"width":40,"height":40,"action":{"library":"H5P.CRAudio 1.4","params":{"fitToWrapper":true,"currIndex":15,"playerMode":"minimalistic","controls":true,"autoplay":true,"playAudio":"Play audio","pauseAudio":"Pause audio","contentName":"Audio","glowColor":"#ffd85a","timeStampForEachText":[{"text":" Na ","startDuration":"0.8034","endDuration":"1.2891","wordfile":[{"path":"audios\/wordfile-66a10b09f23b9.mp3","mime":"audio\/mpeg","copyright":{"license":"U"}}]},{"text":" fi ","startDuration":"1.2633","endDuration":"1.6062","wordfile":[{"path":"audios\/wordfile-66a10b1f3ae58.mp3","mime":"audio\/mpeg","copyright":{"license":"U"}}]},{"text":" yayana ","startDuration":"1.6072","endDuration":"2.6285","wordfile":[{"path":"audios\/wordfile-66a10b3861576.mp3","mime":"audio\/mpeg","copyright":{"license":"U"}}]},{"text":" gajerci. ","startDuration":"2.6295","endDuration":"3.6865","wordfile":[{"path":"audios\/wordfile-66a10b4eab77e.mp3","mime":"audio\/mpeg","copyright":{"license":"U"}}]}],"files":[{"path":"audios\/files-66a10af7a7459.mp3","mime":"audio\/mpeg","copyright":{"license":"U"}}]},"subContentId":"df94f981-6c52-4149-8845-f01d46685908","metadata":{"contentType":"Curious Reader Audio","license":"U","title":"Untitled Curious Reader Audio"}},"backgroundOpacity":0,"willDoAnimation":false,"animationType":"glow","displayAsButton":false,"buttonSize":"big","goToSlideType":"specified","invisible":false},{"x":29.41176470588235,"y":10.909090909090908,"width":17.830882352941174,"height":40,"action":{"library":"H5P.Image 1.1","params":{"contentName":"Image"},"subContentId":"69dcf5de-6622-4904-8e1e-5444e913d5b0","metadata":{"contentType":"Image","license":"U","title":"Untitled Image"}},"backgroundOpacity":0,"willDoAnimation":true,"animationType":"glow","displayAsButton":false,"buttonSize":"big","goToSlideType":"specified","invisible":false,"id":"imgdf94f981-6c52-4149-8845-f01d46685908_2"},{"x":20.220588235294116,"y":29.09090909090909,"width":10.845588235294118,"height":24.363636363636363,"action":{"library":"H5P.Image 1.1","params":{"contentName":"Image"},"subContentId":"25c56f86-2a9b-4931-8a85-e543ca53c2d4","metadata":{"contentType":"Image","license":"U","title":"Untitled Image"}},"backgroundOpacity":0,"willDoAnimation":true,"animationType":"glow","displayAsButton":false,"buttonSize":"big","goToSlideType":"specified","invisible":false,"id":"imgdf94f981-6c52-4149-8845-f01d46685908_0"}],"slideBackgroundSelector":{}},{"elements":[{"x":14.161220043572985,"y":6.4655172413793105,"width":35.947712418300654,"height":90.73275862068967,"action":{"library":"H5P.Image 1.1","params":{"contentName":"Image","file":{"path":"images\/file-620d8da1ca430.jpg","mime":"image\/jpeg","copyright":{"license":"U"},"width":479,"height":687}},"metadata":{"contentType":"Image","license":"U","title":"Untitled Image"},"subContentId":"60e40c47-4d45-4d74-8969-9c409aee425a"},"backgroundOpacity":0,"willDoAnimation":false,"animationType":"glow","displayAsButton":false,"buttonSize":"big","goToSlideType":"specified","invisible":false},{"x":54.1044776119403,"y":29.52029520295203,"width":40,"height":40,"action":{"library":"H5P.CRAdvancedText 1.1","params":{"text":"<p dir=\"ltr\" style=\"text-align: center;\"><span style=\"font-size:1.75em;\"><span style=\"color:#ffffff;\">Yayana ya fi yayata gajerci.<\/span><\/span><\/p>\n"},"subContentId":"4e808457-769d-4f3b-95db-7d65d906f36b","metadata":{"contentType":"Text","license":"U","title":"Untitled Text"}},"alwaysDisplayComments":false,"backgroundOpacity":0,"willDoAnimation":false,"animationType":"glow","displayAsButton":false,"buttonSize":"big","goToSlideType":"specified","invisible":false,"solution":""},{"x":46.96691176470588,"y":44,"width":40,"height":40,"action":{"library":"H5P.CRAudio 1.4","params":{"fitToWrapper":true,"currIndex":16,"playerMode":"minimalistic","controls":true,"autoplay":true,"playAudio":"Play audio","pauseAudio":"Pause audio","contentName":"Audio","glowColor":"#ffd85a","timeStampForEachText":[{"text":" Yayana ","startDuration":"0.8821","endDuration":"2.0887","wordfile":[{"path":"audios\/wordfile-66a10b8cf042a.mp3","mime":"audio\/mpeg","copyright":{"license":"U"}}]},{"text":" ya ","startDuration":"2.0897","endDuration":"2.6064","wordfile":[{"path":"audios\/wordfile-66a10ba694491.mp3","mime":"audio\/mpeg","copyright":{"license":"U"}}]},{"text":" fi ","startDuration":"2.6074","endDuration":"2.8074","wordfile":[{"path":"audios\/wordfile-66a10bbc46302.mp3","mime":"audio\/mpeg","copyright":{"license":"U"}}]},{"text":" yayata ","startDuration":"2.8084","endDuration":"3.7209","wordfile":[{"path":"audios\/wordfile-66a10bd309b7b.mp3","mime":"audio\/mpeg","copyright":{"license":"U"}}]},{"text":" gajerci. ","startDuration":"3.7219","endDuration":"4.8606","wordfile":[{"path":"audios\/wordfile-66a10be887f23.mp3","mime":"audio\/mpeg","copyright":{"license":"U"}}]}],"files":[{"path":"audios\/files-66a10b7361cad.mp3","mime":"audio\/mpeg","copyright":{"license":"U"}}]},"subContentId":"e09ed251-e967-4d6e-be73-081c102d743d","metadata":{"contentType":"Curious Reader Audio","license":"U","title":"Untitled Curious Reader Audio"}},"backgroundOpacity":0,"willDoAnimation":false,"animationType":"glow","displayAsButton":false,"buttonSize":"big","goToSlideType":"specified","invisible":false},{"x":16.544117647058822,"y":7.2727272727272725,"width":17.830882352941174,"height":28.363636363636363,"action":{"library":"H5P.Image 1.1","params":{"contentName":"Image"},"subContentId":"443c40f3-8404-4918-8562-a69bde75d45e","metadata":{"contentType":"Image","license":"U","title":"Untitled Image"}},"backgroundOpacity":0,"willDoAnimation":true,"animationType":"glow","displayAsButton":false,"buttonSize":"big","goToSlideType":"specified","invisible":false,"id":"imge09ed251-e967-4d6e-be73-081c102d743d_3"},{"x":33.088235294117645,"y":14.545454545454545,"width":13.051470588235293,"height":24.363636363636363,"action":{"library":"H5P.Image 1.1","params":{"contentName":"Image"},"subContentId":"6d58fe08-d27b-4db4-ad25-a457343f68e4","metadata":{"contentType":"Image","license":"U","title":"Untitled Image"}},"backgroundOpacity":0,"willDoAnimation":true,"animationType":"glow","displayAsButton":false,"buttonSize":"big","goToSlideType":"specified","invisible":false,"id":"imge09ed251-e967-4d6e-be73-081c102d743d_3"}],"slideBackgroundSelector":{}},{"elements":[{"x":14.596949891067538,"y":5.603448275862069,"width":34.85838779956427,"height":91.16379310344828,"action":{"library":"H5P.Image 1.1","params":{"contentName":"Image","file":{"path":"images\/file-620d8dcd7ce8c.jpg","mime":"image\/jpeg","copyright":{"license":"U"},"width":479,"height":687}},"metadata":{"contentType":"Image","license":"U","title":"Untitled Image"},"subContentId":"74592e07-1d40-4cfc-8d4f-dc0d059d43f9"},"backgroundOpacity":0,"willDoAnimation":false,"animationType":"glow","displayAsButton":false,"buttonSize":"big","goToSlideType":"specified","invisible":false},{"x":50.505050505050505,"y":28.490028490028493,"width":40,"height":40,"action":{"library":"H5P.CRAdvancedText 1.1","params":{"text":"<p dir=\"ltr\" style=\"text-align: center;\"><span style=\"font-size:1.75em;\"><span style=\"color:#ffffff;\">&nbsp;Yayata ta fi Mama gajerci.<\/span><\/span><\/p>\n"},"subContentId":"6643345b-5a55-497e-8b6d-cb994138123e","metadata":{"contentType":"Text","license":"U","title":"Untitled Text"}},"alwaysDisplayComments":false,"backgroundOpacity":0,"willDoAnimation":false,"animationType":"glow","displayAsButton":false,"buttonSize":"big","goToSlideType":"specified","invisible":false,"solution":""},{"x":46.96691176470588,"y":44,"width":40,"height":40,"action":{"library":"H5P.CRAudio 1.4","params":{"fitToWrapper":true,"currIndex":17,"playerMode":"minimalistic","controls":true,"autoplay":true,"playAudio":"Play audio","pauseAudio":"Pause audio","contentName":"Audio","glowColor":"#ffd85a","timeStampForEachText":[{"text":" \u00a0Yayata ","startDuration":"0.7993","endDuration":"1.8430","wordfile":[{"path":"audios\/wordfile-66a10c1a33679.mp3","mime":"audio\/mpeg","copyright":{"license":"U"}}]},{"text":" ta ","startDuration":"1.9328","endDuration":"2.3659","wordfile":[{"path":"audios\/wordfile-66a10c2f9b221.mp3","mime":"audio\/mpeg","copyright":{"license":"U"}}]},{"text":" fi ","startDuration":"2.3669","endDuration":"2.5669","wordfile":[{"path":"audios\/wordfile-66a10c46cb9c7.mp3","mime":"audio\/mpeg","copyright":{"license":"U"}}]},{"text":" Mama ","startDuration":"2.5679","endDuration":"3.1342","wordfile":[{"path":"audios\/wordfile-66a10c5e9c1b5.mp3","mime":"audio\/mpeg","copyright":{"license":"U"}}]},{"text":" gajerci. ","startDuration":"3.1352","endDuration":"4.4342","wordfile":[{"path":"audios\/wordfile-66a10c700ea1e.mp3","mime":"audio\/mpeg","copyright":{"license":"U"}}]}],"files":[{"path":"audios\/files-66a10c0194fa0.mp3","mime":"audio\/mpeg","copyright":{"license":"U"}}]},"subContentId":"ce08be7b-081b-43b2-90d3-8ea4bb022d56","metadata":{"contentType":"Curious Reader Audio","license":"U","title":"Untitled Curious Reader Audio"}},"backgroundOpacity":0,"willDoAnimation":false,"animationType":"glow","displayAsButton":false,"buttonSize":"big","goToSlideType":"specified","invisible":false},{"x":16.544117647058822,"y":25.55967272727273,"width":10.477941176470587,"height":27.272727272727273,"action":{"library":"H5P.Image 1.1","params":{"contentName":"Image"},"subContentId":"30ad8f1c-e5ad-4490-b55a-742c97608416","metadata":{"contentType":"Image","license":"U","title":"Untitled Image"}},"backgroundOpacity":0,"willDoAnimation":true,"animationType":"glow","displayAsButton":false,"buttonSize":"big","goToSlideType":"specified","invisible":false,"id":"imgce08be7b-081b-43b2-90d3-8ea4bb022d56_0"},{"x":22.058823529411764,"y":10.909090909090908,"width":12.499999999999998,"height":28,"action":{"library":"H5P.Image 1.1","params":{"contentName":"Image"},"subContentId":"2dadb826-9dd3-4481-a314-3d806fcebf1a","metadata":{"contentType":"Image","license":"U","title":"Untitled Image"}},"backgroundOpacity":0,"willDoAnimation":true,"animationType":"glow","displayAsButton":false,"buttonSize":"big","goToSlideType":"specified","invisible":false,"id":"imgce08be7b-081b-43b2-90d3-8ea4bb022d56_3"}],"slideBackgroundSelector":{}},{"elements":[{"x":13.069005102040816,"y":6.468438287153652,"width":35.714285714285715,"height":90.6801007556675,"action":{"library":"H5P.Image 1.1","params":{"contentName":"Image","file":{"path":"images\/file-620d8e258bed1.jpg","mime":"image\/jpeg","copyright":{"license":"U"},"width":479,"height":687}},"metadata":{"contentType":"Image","license":"U","title":"Untitled Image"},"subContentId":"bf6b3186-5b89-4ff3-9612-1418d24637a7"},"backgroundOpacity":0,"willDoAnimation":false,"animationType":"glow","displayAsButton":false,"buttonSize":"big","goToSlideType":"specified","invisible":false},{"x":53.30882352941176,"y":25.454545454545453,"width":40,"height":40,"action":{"library":"H5P.CRAdvancedText 1.1","params":{"text":"<p dir=\"ltr\" style=\"text-align: center;\"><span style=\"font-size:1.75em;\"><span style=\"color:#ffffff;\">Mama ta fi Baba gajerci.<\/span><\/span><\/p>\n"},"subContentId":"1d423c8b-2b6a-404c-ad55-e7db2fcd8803","metadata":{"contentType":"Text","license":"U","title":"Untitled Text"}},"alwaysDisplayComments":false,"backgroundOpacity":0,"willDoAnimation":false,"animationType":"glow","displayAsButton":false,"buttonSize":"big","goToSlideType":"specified","invisible":false,"solution":""},{"x":46.96691176470588,"y":44,"width":40,"height":40,"action":{"library":"H5P.CRAudio 1.4","params":{"fitToWrapper":true,"currIndex":18,"playerMode":"minimalistic","controls":true,"autoplay":true,"playAudio":"Play audio","pauseAudio":"Pause audio","contentName":"Audio","glowColor":"#ffd85a","timeStampForEachText":[{"text":" Mama ","startDuration":"1.1145","endDuration":"2.1153","wordfile":[{"path":"audios\/wordfile-66a10ca861a3a.mp3","mime":"audio\/mpeg","copyright":{"license":"U"}}]},{"text":" ta ","startDuration":"2.1163","endDuration":"2.5544","wordfile":[{"path":"audios\/wordfile-66a10cbba2ed6.mp3","mime":"audio\/mpeg","copyright":{"license":"U"}}]},{"text":" fi ","startDuration":"2.5554","endDuration":"2.7554","wordfile":[{"path":"audios\/wordfile-66a10cd320676.mp3","mime":"audio\/mpeg","copyright":{"license":"U"}}]},{"text":" Baba ","startDuration":"2.7564","endDuration":"3.3243","wordfile":[{"path":"audios\/wordfile-66a10ceb369c7.mp3","mime":"audio\/mpeg","copyright":{"license":"U"}}]},{"text":" gajerci. ","startDuration":"3.5059","endDuration":"4.8529","wordfile":[{"path":"audios\/wordfile-66a10d0509136.mp3","mime":"audio\/mpeg","copyright":{"license":"U"}}]}],"files":[{"path":"audios\/files-66a10c8c6a948.mp3","mime":"audio\/mpeg","copyright":{"license":"U"}}]},"subContentId":"06b61c1e-709a-4b14-9bd6-8c56d1f3082d","metadata":{"contentType":"Curious Reader Audio","license":"U","title":"Untitled Curious Reader Audio"}},"backgroundOpacity":0,"willDoAnimation":false,"animationType":"glow","displayAsButton":false,"buttonSize":"big","goToSlideType":"specified","invisible":false},{"x":27.573529411764703,"y":10.909090909090908,"width":14.15441176470588,"height":24.363636363636363,"action":{"library":"H5P.Image 1.1","params":{"contentName":"Image"},"subContentId":"56971e97-9e6a-4d49-98e7-7beaa5ea77cb","metadata":{"contentType":"Image","license":"U","title":"Untitled Image"}},"backgroundOpacity":0,"willDoAnimation":true,"animationType":"glow","displayAsButton":false,"buttonSize":"big","goToSlideType":"specified","invisible":false,"id":"img06b61c1e-709a-4b14-9bd6-8c56d1f3082d_3"},{"x":16.544117647058822,"y":14.545454545454545,"width":12.316176470588234,"height":25.09090909090909,"action":{"library":"H5P.Image 1.1","params":{"contentName":"Image"},"subContentId":"a3dacaae-4e09-4366-a1c1-547278eb3066","metadata":{"contentType":"Image","license":"U","title":"Untitled Image"}},"backgroundOpacity":0,"willDoAnimation":true,"animationType":"glow","displayAsButton":false,"buttonSize":"big","goToSlideType":"specified","invisible":false,"id":"img06b61c1e-709a-4b14-9bd6-8c56d1f3082d_0"}],"slideBackgroundSelector":{}},{"elements":[{"x":13.071023965141611,"y":6.482349137931035,"width":35.83877995642702,"height":90.51724137931035,"action":{"library":"H5P.Image 1.1","params":{"contentName":"Image","file":{"path":"images\/file-620d8e5f7c6e2.jpg","mime":"image\/jpeg","copyright":{"license":"U"},"width":639,"height":918}},"metadata":{"contentType":"Image","license":"U","title":"Untitled Image"},"subContentId":"e85d8338-0d12-4245-9ceb-cc02d0c59251"},"backgroundOpacity":0,"willDoAnimation":false,"animationType":"glow","displayAsButton":false,"buttonSize":"big","goToSlideType":"specified","invisible":false},{"x":53.30841836734693,"y":18.169471032745594,"width":40.05102040816327,"height":50.377833753148614,"action":{"library":"H5P.CRAdvancedText 1.1","params":{"text":"<p dir=\"ltr\" style=\"text-align: center;\"><span style=\"font-size:1.75em;\"><span style=\"color:#ffffff;\">Wow! Baba ya fi kowa tsayi, yayinda Jojo shi ya fi kowa gajerci.<\/span><\/span><\/p>\n"},"subContentId":"95045f79-7578-469b-bf8a-88a9007a1c69","metadata":{"contentType":"Text","license":"U","title":"Untitled Text"}},"alwaysDisplayComments":false,"backgroundOpacity":0,"willDoAnimation":false,"animationType":"glow","displayAsButton":false,"buttonSize":"big","goToSlideType":"specified","invisible":false,"solution":""},{"x":46.96691176470588,"y":44,"width":40,"height":40,"action":{"library":"H5P.CRAudio 1.4","params":{"fitToWrapper":true,"currIndex":19,"playerMode":"minimalistic","controls":true,"autoplay":true,"playAudio":"Play audio","pauseAudio":"Pause audio","contentName":"Audio","glowColor":"#ffd85a","timeStampForEachText":[{"text":" Wow! ","startDuration":"0.0000","endDuration":"1.8634","wordfile":[{"path":"audios\/wordfile-66a10d37b5266.mp3","mime":"audio\/mpeg","copyright":{"license":"U"}}]},{"text":" Baba ","startDuration":"2.1171","endDuration":"3.0961","wordfile":[{"path":"audios\/wordfile-66a10d510b819.mp3","mime":"audio\/mpeg","copyright":{"license":"U"}}]},{"text":" ya ","startDuration":"3.0971","endDuration":"3.5919","wordfile":[{"path":"audios\/wordfile-66a10d687f79c.mp3","mime":"audio\/mpeg","copyright":{"license":"U"}}]},{"text":" fi ","startDuration":"3.5297","endDuration":"3.7929","wordfile":[{"path":"audios\/wordfile-66a10d83432e4.mp3","mime":"audio\/mpeg","copyright":{"license":"U"}}]},{"text":" kowa ","startDuration":"3.7939","endDuration":"4.2676","wordfile":[{"path":"audios\/wordfile-66a10d9dbbcbe.mp3","mime":"audio\/mpeg","copyright":{"license":"U"}}]},{"text":" tsayi, ","startDuration":"4.2054","endDuration":"4.9318","wordfile":[{"path":"audios\/wordfile-66a10db3dfee5.mp3","mime":"audio\/mpeg","copyright":{"license":"U"}}]},{"text":" yayinda ","startDuration":"5.4381","endDuration":"6.7962","wordfile":[{"path":"audios\/wordfile-66a10dcf5486f.mp3","mime":"audio\/mpeg","copyright":{"license":"U"}}]},{"text":" Jojo ","startDuration":"6.7972","endDuration":"7.6499","wordfile":[{"path":"audios\/wordfile-66a10dea97320.mp3","mime":"audio\/mpeg","copyright":{"license":"U"}}]},{"text":" shi ","startDuration":"7.6509","endDuration":"8.0404","wordfile":[{"path":"audios\/wordfile-66a10e01a7a28.mp3","mime":"audio\/mpeg","copyright":{"license":"U"}}]},{"text":" ya ","startDuration":"8.0414","endDuration":"8.2625","wordfile":[{"path":"audios\/wordfile-66a10e28232e8.mp3","mime":"audio\/mpeg","copyright":{"license":"U"}}]},{"text":" fi ","startDuration":"8.2003","endDuration":"8.4214","wordfile":[{"path":"audios\/wordfile-66a10e49dd888.mp3","mime":"audio\/mpeg","copyright":{"license":"U"}}]},{"text":" kowa ","startDuration":"8.4224","endDuration":"8.9172","wordfile":[{"path":"audios\/wordfile-66a10e5f2a605.mp3","mime":"audio\/mpeg","copyright":{"license":"U"}}]},{"text":" gajerci. ","startDuration":"8.9277","endDuration":"10.2226","wordfile":[{"path":"audios\/wordfile-66a10e7eb3d39.mp3","mime":"audio\/mpeg","copyright":{"license":"U"}}]}],"files":[{"path":"audios\/files-66a10d2586024.mp3","mime":"audio\/mpeg","copyright":{"license":"U"}}]},"subContentId":"f871cce2-3017-4a74-9630-96e262fe689a","metadata":{"contentType":"Curious Reader Audio","license":"U","title":"Untitled Curious Reader Audio"}},"backgroundOpacity":0,"willDoAnimation":false,"animationType":"glow","displayAsButton":false,"buttonSize":"big","goToSlideType":"specified","invisible":false},{"x":22.058823529411764,"y":7.298290909090908,"width":8.63970588235294,"height":20.727272727272727,"action":{"library":"H5P.Image 1.1","params":{"contentName":"Image"},"subContentId":"133323d0-3f93-4cae-9cc7-7483a7826778","metadata":{"contentType":"Image","license":"U","title":"Untitled Image"}},"backgroundOpacity":0,"willDoAnimation":true,"animationType":"glow","displayAsButton":false,"buttonSize":"big","goToSlideType":"specified","invisible":false,"id":"imgf871cce2-3017-4a74-9630-96e262fe689a_1"},{"x":20.220588235294116,"y":7.2727272727272725,"width":10.845588235294118,"height":24.363636363636363,"action":{"library":"H5P.Image 1.1","params":{"contentName":"Image"},"subContentId":"f10da683-0c11-4f76-968e-260367d1315c","metadata":{"contentType":"Image","license":"U","title":"Untitled Image"}},"backgroundOpacity":0,"willDoAnimation":true,"animationType":"glow","displayAsButton":false,"buttonSize":"big","goToSlideType":"specified","invisible":false,"id":"imgf871cce2-3017-4a74-9630-96e262fe689a_5"},{"x":29.41176470588235,"y":61.81818181818182,"width":11.213235294117647,"height":20.727272727272727,"action":{"library":"H5P.Image 1.1","params":{"contentName":"Image"},"subContentId":"341d5f81-9bdd-444a-81ee-0b8c12adff8b","metadata":{"contentType":"Image","license":"U","title":"Untitled Image"}},"backgroundOpacity":0,"willDoAnimation":true,"animationType":"glow","displayAsButton":false,"buttonSize":"big","goToSlideType":"specified","invisible":false,"id":"imgf871cce2-3017-4a74-9630-96e262fe689a_7"},{"x":29.411764705882355,"y":61.99418181818183,"width":10.477941176470587,"height":23.272727272727273,"action":{"library":"H5P.Image 1.1","params":{"contentName":"Image"},"subContentId":"b0f0d946-9e82-43f5-8cee-bdd71a8e2559","metadata":{"contentType":"Image","license":"U","title":"Untitled Image"}},"backgroundOpacity":0,"willDoAnimation":true,"animationType":"glow","displayAsButton":false,"buttonSize":"big","goToSlideType":"specified","invisible":false,"id":"imgf871cce2-3017-4a74-9630-96e262fe689a_12"}],"slideBackgroundSelector":{}},{"slideBackgroundSelector":{"fillSlideBackground":"#510265"},"elements":[{"x":71.42857142857143,"y":5.037783375314861,"width":26.403061224489797,"height":11.335012594458437,"action":{"library":"H5P.Image 1.1","params":{"contentName":"Image","file":{"path":"images\/file-621416dbd21d6.jpg","mime":"image\/jpeg","copyright":{"license":"U"},"width":1024,"height":209}},"metadata":{"contentType":"Image","license":"U","title":"Untitled Image"},"subContentId":"dca461cf-2797-43fc-8235-d1458724dbba"},"backgroundOpacity":0,"willDoAnimation":false,"animationType":"glow","displayAsButton":false,"buttonSize":"big","goToSlideType":"specified","invisible":false},{"x":3.826530612244898,"y":5.0338539042821155,"width":17.857142857142858,"height":13.09823677581864,"action":{"library":"H5P.Image 1.1","params":{"contentName":"Image","file":{"path":"images\/file-621417de42c38.png","mime":"image\/png","copyright":{"license":"U"},"width":1350,"height":505}},"metadata":{"contentType":"Image","license":"U","title":"Untitled Image"},"subContentId":"e53810ff-db6a-457c-935d-dab072652420"},"backgroundOpacity":0,"willDoAnimation":false,"animationType":"glow","displayAsButton":false,"buttonSize":"big","goToSlideType":"specified","invisible":false},{"x":38.052040816326524,"y":5.0338539042821155,"width":24.489795918367346,"height":12.594458438287154,"action":{"library":"H5P.Image 1.1","params":{"contentName":"Image","file":{"path":"images\/file-6214180a8b815.png","mime":"image\/png","copyright":{"license":"U"},"width":814,"height":202}},"metadata":{"contentType":"Image","license":"U","title":"Untitled Image"},"subContentId":"3d16a928-46cf-41e8-bb91-7aad8259e418"},"backgroundOpacity":0,"willDoAnimation":false,"animationType":"glow","displayAsButton":false,"buttonSize":"big","goToSlideType":"specified","invisible":false},{"x":6.475204081632653,"y":22.66413098236776,"width":88.01020408163265,"height":72.29219143576826,"action":{"library":"H5P.CRAdvancedText 1.1","params":{"text":"<h3 style=\"text-align: center;\"><strong><span style=\"font-size:0.75em;\"><span style=\"background-color:#ffffff;\">\"<\/span><\/span><\/strong><span style=\"background-color:#ffffff;\">Dogo da Gajere<\/span><strong><span style=\"font-size:0.75em;\"><span style=\"background-color:#ffffff;\">\" credits<\/span><\/span><\/strong><\/h3>\n\n<h3 style=\"text-align: center;\"><strong><span style=\"font-size:0.75em;\"><span style=\"background-color:#ffffff;\">This work, \u201c<\/span><\/span><\/strong><span style=\"background-color:#ffffff;\">Dogo da Gajere<\/span><strong><span style=\"font-size:0.75em;\"><span style=\"background-color:#ffffff;\">\u201d, is a derivative of \u201c<\/span><\/span><span style=\"background-color:#ffffff;\">Ubude nobufushane.<\/span><span style=\"font-size:0.75em;\"><span style=\"background-color:#ffffff;\">\u201d as translated by Celia Bolam used under CC BY. &nbsp;The \u00a9 for this translation lies with Room to Read, 2015. It is based on the original story: '\u1781\u17d2\u1796\u179f\u17cb\u1793\u17b7\u1784\u1791\u17b6\u1794', by Huy Chheng Rattana. \u00a9 Room to Read, 2015. Some changes were made to this work.<\/span><\/span><\/strong><\/h3>\n\n<h3 style=\"text-align: center;\"><strong><span style=\"font-size:0.75em;\"><span style=\"background-color:#ffffff;\">\u201c<\/span><\/span><\/strong><span style=\"background-color:#ffffff;\">Dogo da Gajere<\/span><strong><span style=\"font-size:0.75em;\"><span style=\"background-color:#ffffff;\">\u201d is licensed under CC BY 4.0 by Curious Learning.<\/span><\/span><\/strong><\/h3>\n\n<h3 style=\"text-align: center;\"><br>\n<strong><span style=\"font-size:0.75em;\"><span style=\"background-color:#ffffff;\">Book builder - Abraham Jerry Kakooza<\/span><\/span><\/strong><\/h3>\n"},"metadata":{"contentType":"Text","license":"U","title":"Untitled Text"},"subContentId":"8d8d3374-d294-4681-b51f-66825d72b97e"},"alwaysDisplayComments":false,"backgroundOpacity":0,"willDoAnimation":false,"animationType":"glow","displayAsButton":false,"buttonSize":"big","goToSlideType":"specified","invisible":false,"solution":""}]}],"keywordListEnabled":true,"globalBackgroundSelector":{"fillGlobalBackground":"#fbeffe"},"keywordListAlwaysShow":false,"keywordListAutoHide":false,"keywordListOpacity":90},"override":{"activeSurface":false,"hideSummarySlide":false,"summarySlideSolutionButton":true,"summarySlideRetryButton":true,"enablePrintButton":false,"social":{"showFacebookShare":false,"facebookShare":{"url":"@currentpageurl","quote":"I scored @score out of @maxScore on a task at @currentpageurl."},"showTwitterShare":false,"twitterShare":{"statement":"I scored @score out of @maxScore on a task at @currentpageurl.","url":"@currentpageurl","hashtags":"h5p, course"},"showGoogleShare":false,"googleShareUrl":"@currentpageurl"}},"l10n":{"slide":"Slide","score":"Score","yourScore":"Your Score","maxScore":"Max Score","total":"Total","totalScore":"Total Score","showSolutions":"Show solutions","retry":"Retry","exportAnswers":"Export text","hideKeywords":"Hide sidebar navigation menu","showKeywords":"Show sidebar navigation menu","fullscreen":"Fullscreen","exitFullscreen":"Exit fullscreen","prevSlide":"Previous slide","nextSlide":"Next slide","currentSlide":"Current slide","lastSlide":"Last slide","solutionModeTitle":"Exit solution mode","solutionModeText":"Solution Mode","summaryMultipleTaskText":"Multiple tasks","scoreMessage":"You achieved:","shareFacebook":"Share on Facebook","shareTwitter":"Share on Twitter","shareGoogle":"Share on Google+","summary":"Summary","solutionsButtonTitle":"Show comments","printTitle":"Print","printIngress":"How would you like to print this presentation?","printAllSlides":"Print all slides","printCurrentSlide":"Print current slide","noTitle":"No title","accessibilitySlideNavigationExplanation":"Use left and right arrow to change slide in that direction whenever canvas is selected.","accessibilityCanvasLabel":"Presentation canvas. Use left and right arrow to move between slides.","containsNotCompleted":"@slideName contains not completed interaction","containsCompleted":"@slideName contains completed interaction","slideCount":"Slide @index of @total","containsOnlyCorrect":"@slideName only has correct answers","containsIncorrectAnswers":"@slideName has incorrect answers","shareResult":"Share Result","accessibilityTotalScore":"You got @score of @maxScore points in total","accessibilityEnteredFullscreen":"Entered fullscreen","accessibilityExitedFullscreen":"Exited fullscreen"}}