{
  "quizName": "bangla sight words",
  "appType": "assessment",
  "assessmentType": "sight-words",
  "feedbackText": "চমৎকার!",
  "contentVersion": "v0.1",
  "buckets": [
    {
      "bucketID": 1,
      "bucketName": "banglalet-b-1",
      "usedItems": [],
      "items": [
        {
          "itemName": "বলে",
          "itemText": "বলে"
        },
        {
          "itemName": "থেকে",
          "itemText": "থেকে"
        },
        {
          "itemName": "আছে",
          "itemText": "আছে"
        },
        {
          "itemName": "কী",
          "itemText": "কী"
        },
        {
          "itemName": "দেয়",
          "itemText": "দেয়"
        },
        {
          "itemName": "কিছু",
          "itemText": "কিছু"
        },
        {
          "itemName": "পড়ে",
          "itemText": "পড়ে"
        },
        {
          "itemName": "মতো",
          "itemText": "মতো"
        },
        {
          "itemName": "বড়",
          "itemText": "বড়"
        },
        {
          "itemName": "তখন",
          "itemText": "তখন"
        }
      ]
    },
    {
      "bucketID": 2,
      "bucketName": "banglalet-b-2",
      "usedItems": [],
      "items": [
        {
          "itemName": "করতে",
          "itemText": "করতে"
        },
        {
          "itemName": "নতুন",
          "itemText": "নতুন"
        },
        {
          "itemName": "যখন",
          "itemText": "যখন"
        },
        {
          "itemName": "স্কুলে",
          "itemText": "স্কুলে"
        },
        {
          "itemName": "বাতাস",
          "itemText": "বাতাস"
        },
        {
          "itemName": "ফিরে",
          "itemText": "ফিরে"
        },
        {
          "itemName": "ওপর",
          "itemText": "ওপর"
        },
        {
          "itemName": "দ্রুত",
          "itemText": "দ্রুত"
        },
        {
          "itemName": "মধ্যে",
          "itemText": "মধ্যে"
        },
        {
          "itemName": "কথা",
          "itemText": "কথা"
        }
      ]
    },
    {
      "bucketID": 3,
      "bucketName": "banglalet-b-3",
      "usedItems": [],
      "items": [
        {
          "itemName": "আবার",
          "itemText": "আবার"
        },
        {
          "itemName": "কোনো",
          "itemText": "কোনো"
        },
        {
          "itemName": "এসে",
          "itemText": "এসে"
        },
        {
          "itemName": "গল্প",
          "itemText": "গল্প"
        },
        {
          "itemName": "আজ",
          "itemText": "আজ"
        },
        {
          "itemName": "দিন",
          "itemText": "দিন"
        },
        {
          "itemName": "পারি",
          "itemText": "পারি"
        },
        {
          "itemName": "শব্দ",
          "itemText": "শব্দ"
        },
        {
          "itemName": "ছোট",
          "itemText": "ছোট"
        },
        {
          "itemName": "বলেন",
          "itemText": "বলেন"
        }
      ]
    },
    {
      "bucketID": 4,
      "bucketName": "banglalet-b-4",
      "usedItems": [],
      "items": [
        {
          "itemName": "দেখলাম",
          "itemText": "দেখলাম"
        },
        {
          "itemName": "চিৎকার",
          "itemText": "চিৎকার"
        },
        {
          "itemName": "বিশাল",
          "itemText": "বিশাল"
        },
        {
          "itemName": "সাহায্য",
          "itemText": "সাহায্য"
        },
        {
          "itemName": "সবাই",
          "itemText": "সবাই"
        },
        {
          "itemName": "তাকায়",
          "itemText": "তাকায়"
        },
        {
          "itemName": "সময়",
          "itemText": "সময়"
        },
        {
          "itemName": "রঙ",
          "itemText": "রঙ"
        },
        {
          "itemName": "ভয়",
          "itemText": "ভয়"
        },
        {
          "itemName": "আরও",
          "itemText": "আরও"
        }
      ]
    },
    {
      "bucketID": 5,
      "bucketName": "banglalet-b-5",
      "usedItems": [],
      "items": [
        {
          "itemName": "সুন্দর",
          "itemText": "সুন্দর"
        },
        {
          "itemName": "গেলো",
          "itemText": "গেলো"
        },
        {
          "itemName": "কারণ",
          "itemText": "কারণ"
        },
        {
          "itemName": "গেছে",
          "itemText": "গেছে"
        },
        {
          "itemName": "কাঞ্চা",
          "itemText": "কাঞ্চা"
        },
        {
          "itemName": "আঁকে",
          "itemText": "আঁকে"
        },
        {
          "itemName": "হঠাৎ",
          "itemText": "হঠাৎ"
        },
        {
          "itemName": "রঙিন",
          "itemText": "রঙিন"
        },
        {
          "itemName": "খুশি",
          "itemText": "খুশি"
        },
        {
          "itemName": "শিক্ষক",
          "itemText": "শিক্ষক"
        }
      ]
    }
  ]
}
