{"presentation":{"slides":[{"elements":[{"x":26.143790849673206,"y":2.1454967741935485,"width":49.45533769063181,"height":70.96774193548387,"action":{"library":"H5P.Image 1.1","params":{"contentName":"Image","file":{"path":"images\/file-6583236a69c90.jpeg","mime":"image\/jpeg","copyright":{"license":"U"},"width":1000,"height":1000}},"subContentId":"9b9fc655-2af5-438e-a5cc-99693672e559","metadata":{"contentType":"Image","license":"U","title":"Untitled Image"}},"backgroundOpacity":0,"willDoAnimation":false,"animationType":"glow","displayAsButton":false,"buttonSize":"big","goToSlideType":"specified","invisible":false},{"x":30.612244897959183,"y":80.60453400503778,"width":39.97821350762527,"height":13.978494623655912,"action":{"library":"H5P.CRAdvancedText 1.1","params":{"text":"<p dir=\"ltr\" style=\"text-align: center;\"><span style=\"font-size:1.75em;\">\u0906\u091c \u0915\u094b\u0923\u0924\u093e \u0926\u093f\u0935\u0938 \u0906\u0939\u0947?<\/span><\/p>\n"},"subContentId":"bca21f5a-9c56-43f6-9c9d-80163dcc6c0c","metadata":{"contentType":"Text","license":"U","title":"Untitled Text"}},"alwaysDisplayComments":false,"backgroundOpacity":0,"willDoAnimation":false,"animationType":"glow","displayAsButton":false,"buttonSize":"big","goToSlideType":"specified","invisible":false,"solution":""}],"slideBackgroundSelector":{}},{"elements":[{"x":29.411764705882355,"y":2.150537634408602,"width":39.97821350762527,"height":73.11827956989247,"action":{"library":"H5P.Image 1.1","params":{"contentName":"Image","file":{"path":"images\/file-658328e766fda.jpg","mime":"image\/jpeg","copyright":{"license":"U"},"width":1000,"height":1000}},"subContentId":"ab415e67-eb4f-4f05-b1f9-022c38ee7beb","metadata":{"contentType":"Image","license":"U","title":"Untitled Image"}},"backgroundOpacity":0,"willDoAnimation":false,"animationType":"glow","displayAsButton":false,"buttonSize":"big","goToSlideType":"specified","invisible":false},{"x":6.377551020408164,"y":78.08564231738035,"width":85.71428571428572,"height":16.120906801007557,"action":{"library":"H5P.CRAdvancedText 1.1","params":{"text":"<p dir=\"ltr\" style=\"text-align: center;\"><span style=\"color:#ffffff;\"><span style=\"font-size:1.75em;\">\u0936\u0941\u092d \u092a\u094d\u0930\u092d\u093e\u0924! \u092c\u0940 \u0906\u091c \u0916\u0942\u092a \u0916\u0941\u0936 \u0906\u0939\u0947.<\/span><\/span><\/p>\n"},"subContentId":"8a2f3dcf-2c04-464a-ab7f-af4f0c6283f6","metadata":{"contentType":"Text","license":"U","title":"Untitled Text"}},"alwaysDisplayComments":false,"backgroundOpacity":0,"willDoAnimation":false,"animationType":"glow","displayAsButton":false,"buttonSize":"big","goToSlideType":"specified","invisible":false,"solution":""},{"x":46.96691176470588,"y":44,"width":40,"height":40,"action":{"library":"H5P.CRAudio 1.4","params":{"fitToWrapper":true,"currIndex":1,"playerMode":"minimalistic","controls":true,"autoplay":true,"playAudio":"Play audio","pauseAudio":"Pause audio","contentName":"Audio","glowColor":"#ffd85a","timeStampForEachText":[{"text":" \u0936\u0941\u092d ","startDuration":"0.1737","endDuration":"0.6186","wordfile":[{"path":"audios\/wordfile-673349ecf0fe1.wav","mime":"audio\/x-wav","copyright":{"license":"U"}}]},{"text":" \u092a\u094d\u0930\u092d\u093e\u0924! ","startDuration":"0.6187","endDuration":"1.2028","wordfile":[{"path":"audios\/wordfile-673349ff051b3.wav","mime":"audio\/x-wav","copyright":{"license":"U"}}]},{"text":" \u092c\u0940 ","startDuration":"1.2029","endDuration":"1.9000","wordfile":[{"path":"audios\/wordfile-67334a1356040.wav","mime":"audio\/x-wav","copyright":{"license":"U"}}]},{"text":" \u0906\u091c ","startDuration":"1.9001","endDuration":"2.3088","wordfile":[{"path":"audios\/wordfile-67334a2621846.wav","mime":"audio\/x-wav","copyright":{"license":"U"}}]},{"text":" \u0916\u0942\u092a ","startDuration":"2.3089","endDuration":"2.7378","wordfile":[{"path":"audios\/wordfile-67334a368d8c0.wav","mime":"audio\/x-wav","copyright":{"license":"U"}}]},{"text":" \u0916\u0941\u0936 ","startDuration":"2.7379","endDuration":"3.1228","wordfile":[{"path":"audios\/wordfile-67334a4c87df4.wav","mime":"audio\/x-wav","copyright":{"license":"U"}}]},{"text":" \u0906\u0939\u0947. ","startDuration":"3.1229","endDuration":"3.5509","wordfile":[{"path":"audios\/wordfile-67334a5da645b.wav","mime":"audio\/x-wav","copyright":{"license":"U"}}]}],"files":[{"path":"audios\/files-6736e45745b78.wav","mime":"audio\/x-wav","copyright":{"license":"U"}}]},"subContentId":"2f6e4365-b8d2-4005-9755-6e175dacb296","metadata":{"contentType":"Curious Reader Audio","license":"U","title":"Untitled Curious Reader Audio"}},"backgroundOpacity":0,"willDoAnimation":false,"animationType":"glow","displayAsButton":false,"buttonSize":"big","goToSlideType":"specified","invisible":false},{"x":36.76470588235294,"y":18.181818181818183,"width":19.11764705882353,"height":35.27272727272727,"action":{"library":"H5P.Image 1.1","params":{"contentName":"Image"},"subContentId":"ec27e2b3-0ad4-4173-8687-fbd43b56e364","metadata":{"contentType":"Image","license":"U","title":"Untitled Image"}},"backgroundOpacity":0,"willDoAnimation":true,"animationType":"glow","displayAsButton":false,"buttonSize":"big","goToSlideType":"specified","invisible":false,"id":"img2f6e4365-b8d2-4005-9755-6e175dacb296_2"}],"slideBackgroundSelector":{}},{"elements":[{"x":16.544117647058822,"y":0,"width":66.66666666666667,"height":77.41935483870967,"action":{"library":"H5P.Image 1.1","params":{"contentName":"Image","file":{"path":"images\/file-65832a5032f10.jpg","mime":"image\/jpeg","copyright":{"license":"U"},"width":1000,"height":1000}},"subContentId":"ef974a78-3caf-4bda-babe-d81908694e6a","metadata":{"contentType":"Image","license":"U","title":"Untitled Image"}},"backgroundOpacity":0,"willDoAnimation":false,"animationType":"glow","displayAsButton":false,"buttonSize":"big","goToSlideType":"specified","invisible":false},{"x":3.6764705882352944,"y":80.11345454545456,"width":86.3970588235294,"height":16.727272727272727,"action":{"library":"H5P.CRAdvancedText 1.1","params":{"text":"<p dir=\"ltr\" style=\"text-align: center;\"><span style=\"font-size:1.75em;\"><span style=\"color:#ffffff;\">\u090f\u0915 \u0905\u0928\u092a\u0947\u0915\u094d\u0937\u093f\u0924 \u092d\u0947\u091f \u0924\u094d\u092f\u093e\u091a\u0940 \u0935\u093e\u091f \u092a\u093e\u0939\u0924 \u0905\u0938\u0947\u0932.<\/span><\/span><\/p>\n"},"subContentId":"a838d67e-2f60-44c5-8488-9a30a9b4ea75","metadata":{"contentType":"Text","license":"U","title":"Untitled Text"}},"alwaysDisplayComments":false,"backgroundOpacity":0,"willDoAnimation":false,"animationType":"glow","displayAsButton":false,"buttonSize":"big","goToSlideType":"specified","invisible":false,"solution":""},{"x":47.014925373134325,"y":43.91143911439114,"width":40,"height":40,"action":{"library":"H5P.CRAudio 1.4","params":{"fitToWrapper":true,"currIndex":2,"playerMode":"minimalistic","controls":true,"autoplay":true,"playAudio":"Play audio","pauseAudio":"Pause audio","contentName":"Audio","glowColor":"#ffd85a","timeStampForEachText":[{"text":" \u090f\u0915 ","startDuration":"0.0961","endDuration":"0.4042","wordfile":[{"path":"audios\/wordfile-67334aa0a1e05.wav","mime":"audio\/x-wav","copyright":{"license":"U"}}]},{"text":" \u0905\u0928\u092a\u0947\u0915\u094d\u0937\u093f\u0924 ","startDuration":"0.4043","endDuration":"1.2368","wordfile":[{"path":"audios\/wordfile-67334ab0f37a2.wav","mime":"audio\/x-wav","copyright":{"license":"U"}}]},{"text":" \u092d\u0947\u091f ","startDuration":"1.2369","endDuration":"1.5934","wordfile":[{"path":"audios\/wordfile-67334ac2e4058.wav","mime":"audio\/x-wav","copyright":{"license":"U"}}]},{"text":" \u0924\u094d\u092f\u093e\u091a\u0940 ","startDuration":"1.5935","endDuration":"1.9489","wordfile":[{"path":"audios\/wordfile-67334ad437f43.wav","mime":"audio\/x-wav","copyright":{"license":"U"}}]},{"text":" \u0935\u093e\u091f ","startDuration":"1.9490","endDuration":"2.2980","wordfile":[{"path":"audios\/wordfile-67334ae82e6c7.wav","mime":"audio\/x-wav","copyright":{"license":"U"}}]},{"text":" \u092a\u093e\u0939\u0924 ","startDuration":"2.2981","endDuration":"2.6747","wordfile":[{"path":"audios\/wordfile-67334afa3be46.wav","mime":"audio\/x-wav","copyright":{"license":"U"}}]},{"text":" \u0905\u0938\u0947\u0932. ","startDuration":"2.6748","endDuration":"3.1486","wordfile":[{"path":"audios\/wordfile-67334b0d0c7c8.wav","mime":"audio\/x-wav","copyright":{"license":"U"}}]}],"files":[{"path":"audios\/files-6736e47cb081e.wav","mime":"audio\/x-wav","copyright":{"license":"U"}}]},"subContentId":"7727456c-13fe-4919-900c-95dd7c68b356","metadata":{"contentType":"Curious Reader Audio","license":"U","title":"Untitled Curious Reader Audio"}},"backgroundOpacity":0,"willDoAnimation":false,"animationType":"glow","displayAsButton":false,"buttonSize":"big","goToSlideType":"specified","invisible":false}],"slideBackgroundSelector":{}},{"elements":[{"x":20.697167755991288,"y":4.29436559139785,"width":55.88235294117647,"height":68.81720430107526,"action":{"library":"H5P.Image 1.1","params":{"contentName":"Image","file":{"path":"images\/file-65832b0b0d2b0.jpg","mime":"image\/jpeg","copyright":{"license":"U"},"width":1000,"height":1000}},"subContentId":"da2b2019-fa80-40b3-8bd9-fe12b1f2ccee","metadata":{"contentType":"Image","license":"U","title":"Untitled Image"}},"backgroundOpacity":0,"willDoAnimation":false,"animationType":"glow","displayAsButton":false,"buttonSize":"big","goToSlideType":"specified","invisible":false},{"x":7.653061224489796,"y":79.50453400503777,"width":86.86224489795919,"height":13.853904282115868,"action":{"library":"H5P.CRAdvancedText 1.1","params":{"text":"<p dir=\"ltr\" style=\"text-align: center;\"><span style=\"font-size:1.75em;\"><span style=\"color:#ffffff;\">\u0905\u0930\u0947\u0930\u0947! \u0905\u0928\u092a\u0947\u0915\u094d\u0937\u093f\u0924 \u092d\u0947\u091f \u0928\u093e\u0939\u0940 \u0906\u0939\u0947 \u0915\u093e? \u0938\u0917\u0933\u0947 \u0915\u0941\u0920\u0947 \u0906\u0939\u0947\u0924?<\/span><\/span><\/p>\n"},"subContentId":"655073f1-de35-42df-94e4-f645122ac952","metadata":{"contentType":"Text","license":"U","title":"Untitled Text"}},"alwaysDisplayComments":false,"backgroundOpacity":0,"willDoAnimation":false,"animationType":"glow","displayAsButton":false,"buttonSize":"big","goToSlideType":"specified","invisible":false,"solution":""},{"x":46.96691176470588,"y":44,"width":40,"height":40,"action":{"library":"H5P.CRAudio 1.4","params":{"fitToWrapper":true,"currIndex":3,"playerMode":"minimalistic","controls":true,"autoplay":true,"playAudio":"Play audio","pauseAudio":"Pause audio","contentName":"Audio","glowColor":"#ffd85a","timeStampForEachText":[{"text":" \u0905\u0930\u0947\u0930\u0947! ","startDuration":"0.0972","endDuration":"0.8073","wordfile":[{"path":"audios\/wordfile-67334b767f080.wav","mime":"audio\/x-wav","copyright":{"license":"U"}}]},{"text":" \u0905\u0928\u092a\u0947\u0915\u094d\u0937\u093f\u0924 ","startDuration":"0.8074","endDuration":"1.7385","wordfile":[{"path":"audios\/wordfile-67334b86eac73.wav","mime":"audio\/x-wav","copyright":{"license":"U"}}]},{"text":" \u092d\u0947\u091f ","startDuration":"1.7386","endDuration":"1.9577","wordfile":[{"path":"audios\/wordfile-67334b97e6de0.wav","mime":"audio\/x-wav","copyright":{"license":"U"}}]},{"text":" \u0928\u093e\u0939\u0940 ","startDuration":"1.9578","endDuration":"2.3316","wordfile":[{"path":"audios\/wordfile-67334ba6d7b3d.wav","mime":"audio\/x-wav","copyright":{"license":"U"}}]},{"text":" \u0906\u0939\u0947 ","startDuration":"2.3317","endDuration":"2.5379","wordfile":[{"path":"audios\/wordfile-67334bc601e5a.wav","mime":"audio\/x-wav","copyright":{"license":"U"}}]},{"text":" \u0915\u093e? ","startDuration":"2.5380","endDuration":"2.7722","wordfile":[{"path":"audios\/wordfile-67334bdbe1688.wav","mime":"audio\/x-wav","copyright":{"license":"U"}}]},{"text":" \u0938\u0917\u0933\u0947 ","startDuration":"3.2289","endDuration":"3.7133","wordfile":[{"path":"audios\/wordfile-67334bed2ce96.wav","mime":"audio\/x-wav","copyright":{"license":"U"}}]},{"text":" \u0915\u0941\u0920\u0947 ","startDuration":"3.7134","endDuration":"3.9661","wordfile":[{"path":"audios\/wordfile-67334bfe98ec1.wav","mime":"audio\/x-wav","copyright":{"license":"U"}}]},{"text":" \u0906\u0939\u0947\u0924? ","startDuration":"3.9662","endDuration":"4.3759","wordfile":[{"path":"audios\/wordfile-67334c107b495.wav","mime":"audio\/x-wav","copyright":{"license":"U"}}]}],"files":[{"path":"audios\/files-6736e4b01e09b.wav","mime":"audio\/x-wav","copyright":{"license":"U"}}]},"subContentId":"023ed72e-0a27-40e6-ba9f-d059130f7fea","metadata":{"contentType":"Curious Reader Audio","license":"U","title":"Untitled Curious Reader Audio"}},"backgroundOpacity":0,"willDoAnimation":false,"animationType":"glow","displayAsButton":false,"buttonSize":"big","goToSlideType":"specified","invisible":false}],"slideBackgroundSelector":{}},{"elements":[{"x":28.32244008714597,"y":2.150537634408602,"width":39.97821350762527,"height":68.81720430107526,"action":{"library":"H5P.Image 1.1","params":{"contentName":"Image","file":{"path":"images\/file-65832c012cdae.jpg","mime":"image\/jpeg","copyright":{"license":"U"},"width":1000,"height":1000}},"subContentId":"e2906a2a-6335-4319-9270-1a0d1fed6d24","metadata":{"contentType":"Image","license":"U","title":"Untitled Image"}},"backgroundOpacity":0,"willDoAnimation":false,"animationType":"glow","displayAsButton":false,"buttonSize":"big","goToSlideType":"specified","invisible":false},{"x":2.178649237472767,"y":73.1601303111027,"width":94.83932461873638,"height":21.816996389332395,"action":{"library":"H5P.CRAdvancedText 1.1","params":{"text":"<p style=\"text-align:center;\"><span style=\"font-size:1.75em;color:hsl(0,0%,100%);\">\" \u0906\u0908, \u0924\u0941\u0932\u093e \u092e\u093e\u0939\u0940\u0924 \u0906\u0939\u0947 \u0915\u093e \u0906\u091c \u0915\u093e\u092f \u0906\u0939\u0947? \" \u092c\u0940 \u0935\u093f\u091a\u093e\u0930\u0924\u0947, \" \u0906\u091c \u0938\u094d\u0935\u092f\u0902\u092a\u093e\u0915\u093e\u091a\u093e \u0926\u093f\u0935\u0938 \u0906\u0939\u0947, \" \u0906\u0908 \u0909\u0924\u094d\u0924\u0930 \u0926\u0947\u0924\u0947. \u0905\u0930\u0947 \u0928\u093e\u0939\u0940! \u0906\u0908 \u0935\u093f\u0938\u0930\u0932\u0940!<\/span><\/p>"},"subContentId":"0848ad97-7280-4f9a-acd7-cd9e37c0a9e2","metadata":{"contentType":"Text","license":"U","title":"Untitled Text"}},"alwaysDisplayComments":false,"backgroundOpacity":0,"willDoAnimation":false,"animationType":"glow","displayAsButton":false,"buttonSize":"big","goToSlideType":"specified","invisible":false,"solution":""},{"x":47.000103485838785,"y":44.00026681929878,"width":40,"height":40,"action":{"library":"H5P.CRAudio 1.4","params":{"fitToWrapper":true,"currIndex":4,"playerMode":"minimalistic","controls":true,"autoplay":true,"playAudio":"Play audio","pauseAudio":"Pause audio","contentName":"Audio","glowColor":"#ffd85a","timeStampForEachText":[{"text":" \u0906\u0908, ","startDuration":"0.0000","endDuration":"0.8175","wordfile":[{"path":"audios\/wordfile-6736ebd6df851.wav","mime":"audio\/x-wav","copyright":{"license":"U"}}]},{"text":" \u0924\u0941\u0932\u093e ","startDuration":"0.8176","endDuration":"1.2795","wordfile":[{"path":"audios\/wordfile-6736ec5fb092a.wav","mime":"audio\/x-wav","copyright":{"license":"U"}}]},{"text":" \u092e\u093e\u0939\u0940\u0924 ","startDuration":"1.2796","endDuration":"1.7296","wordfile":[{"path":"audios\/wordfile-6736ec8f2bfc0.wav","mime":"audio\/x-wav","copyright":{"license":"U"}}]},{"text":" \u0906\u0939\u0947 ","startDuration":"1.7297","endDuration":"1.9177","wordfile":[{"path":"audios\/wordfile-6736eced4f2ae.wav","mime":"audio\/x-wav","copyright":{"license":"U"}}]},{"text":" \u0915\u093e ","startDuration":"1.9178","endDuration":"2.1178","wordfile":[{"path":"audios\/wordfile-6736ed141fef7.wav","mime":"audio\/x-wav","copyright":{"license":"U"}}]},{"text":" \u0906\u091c ","startDuration":"2.1179","endDuration":"2.3060","wordfile":[{"path":"audios\/wordfile-6736ed4b6a091.wav","mime":"audio\/x-wav","copyright":{"license":"U"}}]},{"text":" \u0915\u093e\u092f ","startDuration":"2.3061","endDuration":"2.5061","wordfile":[{"path":"audios\/wordfile-6736eee15fb6c.wav","mime":"audio\/x-wav","copyright":{"license":"U"}}]},{"text":" \u0906\u0939\u0947? ","startDuration":"2.5062","endDuration":"2.8847","wordfile":[{"path":"audios\/wordfile-6736ef09d9f81.wav","mime":"audio\/x-wav","copyright":{"license":"U"}}]},{"text":" \u092c\u0940 ","startDuration":"3.3490","endDuration":"3.8585","wordfile":[{"path":"audios\/wordfile-6736ef42d162d.wav","mime":"audio\/x-wav","copyright":{"license":"U"}}]},{"text":" \u0935\u093f\u091a\u093e\u0930\u0924\u0947, ","startDuration":"3.8586","endDuration":"4.5228","wordfile":[{"path":"audios\/wordfile-6736ef5f5aaa1.wav","mime":"audio\/x-wav","copyright":{"license":"U"}}]},{"text":" \u0906\u091c ","startDuration":"4.5824","endDuration":"5.1157","wordfile":[{"path":"audios\/wordfile-6736ef8bdce7f.wav","mime":"audio\/x-wav","copyright":{"license":"U"}}]},{"text":" \u0938\u094d\u0935\u092f\u0902\u092a\u093e\u0915\u093e\u091a\u093e ","startDuration":"5.1158","endDuration":"5.8276","wordfile":[{"path":"audios\/wordfile-6736efb23c746.wav","mime":"audio\/x-wav","copyright":{"license":"U"}}]},{"text":" \u0926\u093f\u0935\u0938 ","startDuration":"5.8277","endDuration":"6.1348","wordfile":[{"path":"audios\/wordfile-6736efda5645e.wav","mime":"audio\/x-wav","copyright":{"license":"U"}}]},{"text":" \u0906\u0939\u0947, ","startDuration":"6.1349","endDuration":"6.5610","wordfile":[{"path":"audios\/wordfile-6736f003f410a.wav","mime":"audio\/x-wav","copyright":{"license":"U"}}]},{"text":" \u0906\u0908 ","startDuration":"6.5611","endDuration":"7.1301","wordfile":[{"path":"audios\/wordfile-6736f0289b69f.wav","mime":"audio\/x-wav","copyright":{"license":"U"}}]},{"text":" \u0909\u0924\u094d\u0924\u0930 ","startDuration":"7.1302","endDuration":"7.4611","wordfile":[{"path":"audios\/wordfile-6736f05b28887.wav","mime":"audio\/x-wav","copyright":{"license":"U"}}]},{"text":" \u0926\u0947\u0924\u0947. ","startDuration":"7.4612","endDuration":"8.0064","wordfile":[{"path":"audios\/wordfile-6736f07638d4e.wav","mime":"audio\/x-wav","copyright":{"license":"U"}}]},{"text":" \u0905\u0930\u0947 ","startDuration":"8.3636","endDuration":"8.6112","wordfile":[{"path":"audios\/wordfile-6736f0c1b94a7.wav","mime":"audio\/x-wav","copyright":{"license":"U"}}]},{"text":" \u0928\u093e\u0939\u0940! ","startDuration":"8.6351","endDuration":"9.1803","wordfile":[{"path":"audios\/wordfile-6736f1032eb3a.wav","mime":"audio\/x-wav","copyright":{"license":"U"}}]},{"text":" \u0906\u0908 ","startDuration":"9.1804","endDuration":"9.4994","wordfile":[{"path":"audios\/wordfile-6736f125cad61.wav","mime":"audio\/x-wav","copyright":{"license":"U"}}]},{"text":" \u0935\u093f\u0938\u0930\u0932\u0940! ","startDuration":"9.4995","endDuration":"10.4136","wordfile":[{"path":"audios\/wordfile-6736f1435a542.wav","mime":"audio\/x-wav","copyright":{"license":"U"}}]}],"files":[{"path":"audios\/files-6736e585dc3c5.wav","mime":"audio\/x-wav","copyright":{"license":"U"}}]},"subContentId":"5cc70b0e-3933-4c61-86bb-4f38d8cb3cdc","metadata":{"contentType":"Curious Reader Audio","license":"U","title":"Untitled Curious Reader Audio"}},"backgroundOpacity":0,"willDoAnimation":false,"animationType":"glow","displayAsButton":false,"buttonSize":"big","goToSlideType":"specified","invisible":false}],"slideBackgroundSelector":{}},{"elements":[{"x":31.249999999999996,"y":0,"width":39.97821350762527,"height":70.96774193548387,"action":{"library":"H5P.Image 1.1","params":{"contentName":"Image","file":{"path":"images\/file-65832d06b9d3c.jpg","mime":"image\/jpeg","copyright":{"license":"U"},"width":1000,"height":1000}},"subContentId":"4ef25262-cd77-44b7-9558-621a4320226f","metadata":{"contentType":"Image","license":"U","title":"Untitled Image"}},"backgroundOpacity":0,"willDoAnimation":false,"animationType":"glow","displayAsButton":false,"buttonSize":"big","goToSlideType":"specified","invisible":false},{"x":3.2679738562091507,"y":71.00836177254085,"width":95.58823529411765,"height":28.99013198948216,"action":{"library":"H5P.CRAdvancedText 1.1","params":{"text":"<p style=\"text-align:center;\"><span style=\"font-size:1.75em;color:hsl(0, 0%, 100%);\">\" \u0924\u093e\u0908, \u0906\u091c \u0915\u093e\u092f \u0906\u0939\u0947 \u092e\u093e\u0939\u0940\u0924 \u0906\u0939\u0947 \u0915\u093e? \" \u092c\u0940 \u0935\u093f\u091a\u093e\u0930\u0924\u0947, \" \u0906\u091c \u091a\u093f\u0924\u094d\u0930 \u0915\u093e\u0922\u0923\u094d\u092f\u093e\u091a\u093e \u0926\u093f\u0935\u0938 \u0906\u0939\u0947, \" \u0924\u094d\u092f\u093e\u091a\u0940 \u092c\u0939\u0940\u0923 \u092e\u094d\u0939\u0923\u0924\u0947. \u0906\u092a\u0932\u094d\u092f\u093e \u092c\u0939\u093f\u0923\u0940\u0932\u093e \u0915\u093e \u0906\u0920\u0935\u0924 \u0928\u093e\u0939\u0940 \u0939\u0947 \u092c\u0940\u0932\u093e \u0906\u0936\u094d\u091a\u0930\u094d\u092f \u0935\u093e\u091f\u0924\u0947.<\/span><\/p>"},"subContentId":"b7357a53-2bb0-4394-930d-05dbc739e7b9","metadata":{"contentType":"Text","license":"U","title":"Untitled Text"}},"alwaysDisplayComments":false,"backgroundOpacity":0,"willDoAnimation":false,"animationType":"glow","displayAsButton":false,"buttonSize":"big","goToSlideType":"specified","invisible":false,"solution":""},{"x":47.000103485838785,"y":44.00026681929878,"width":40,"height":40,"action":{"library":"H5P.CRAudio 1.4","params":{"fitToWrapper":true,"currIndex":5,"playerMode":"minimalistic","controls":true,"autoplay":true,"playAudio":"Play audio","pauseAudio":"Pause audio","contentName":"Audio","glowColor":"#ffd85a","timeStampForEachText":[{"text":" \u0924\u093e\u0908, ","startDuration":"0.0000","endDuration":"0.7591","wordfile":[{"path":"audios\/wordfile-6736f1fab7130.wav","mime":"audio\/x-wav","copyright":{"license":"U"}}]},{"text":" \u0906\u091c ","startDuration":"0.7592","endDuration":"1.1331","wordfile":[{"path":"audios\/wordfile-6736f22fb56ff.wav","mime":"audio\/x-wav","copyright":{"license":"U"}}]},{"text":" \u0915\u093e\u092f ","startDuration":"1.1332","endDuration":"1.3912","wordfile":[{"path":"audios\/wordfile-6736f25803e18.wav","mime":"audio\/x-wav","copyright":{"license":"U"}}]},{"text":" \u0906\u0939\u0947 ","startDuration":"1.3913","endDuration":"1.6058","wordfile":[{"path":"audios\/wordfile-6736f28b03b75.wav","mime":"audio\/x-wav","copyright":{"license":"U"}}]},{"text":" \u092e\u093e\u0939\u0940\u0924 ","startDuration":"1.6059","endDuration":"1.9363","wordfile":[{"path":"audios\/wordfile-6736f2bce7bd0.wav","mime":"audio\/x-wav","copyright":{"license":"U"}}]},{"text":" \u0906\u0939\u0947 ","startDuration":"1.9364","endDuration":"2.0784","wordfile":[{"path":"audios\/wordfile-6736f2e6a1622.wav","mime":"audio\/x-wav","copyright":{"license":"U"}}]},{"text":" \u0915\u093e? ","startDuration":"2.0785","endDuration":"2.4379","wordfile":[{"path":"audios\/wordfile-6736f3082898a.wav","mime":"audio\/x-wav","copyright":{"license":"U"}}]},{"text":" \u092c\u0940 ","startDuration":"2.8148","endDuration":"3.2177","wordfile":[{"path":"audios\/wordfile-6736f33085dcb.wav","mime":"audio\/x-wav","copyright":{"license":"U"}}]},{"text":" \u0935\u093f\u091a\u093e\u0930\u0924\u0947, ","startDuration":"3.2178","endDuration":"3.9250","wordfile":[{"path":"audios\/wordfile-6736f34ca7afc.wav","mime":"audio\/x-wav","copyright":{"license":"U"}}]},{"text":" \u0906\u091c ","startDuration":"3.9251","endDuration":"4.5309","wordfile":[{"path":"audios\/wordfile-6736f37b7f75a.wav","mime":"audio\/x-wav","copyright":{"license":"U"}}]},{"text":" \u091a\u093f\u0924\u094d\u0930 ","startDuration":"4.5310","endDuration":"4.9339","wordfile":[{"path":"audios\/wordfile-6736f3a53d98f.wav","mime":"audio\/x-wav","copyright":{"license":"U"}}]},{"text":" \u0915\u093e\u0922\u0923\u094d\u092f\u093e\u091a\u093e ","startDuration":"4.9340","endDuration":"5.4818","wordfile":[{"path":"audios\/wordfile-6736f3d262afa.wav","mime":"audio\/x-wav","copyright":{"license":"U"}}]},{"text":" \u0926\u093f\u0935\u0938 ","startDuration":"5.4819","endDuration":"5.7689","wordfile":[{"path":"audios\/wordfile-6736f3fa80e5a.wav","mime":"audio\/x-wav","copyright":{"license":"U"}}]},{"text":" \u0906\u0939\u0947, ","startDuration":"5.7690","endDuration":"6.4762","wordfile":[{"path":"audios\/wordfile-6736f41a01cb4.wav","mime":"audio\/x-wav","copyright":{"license":"U"}}]},{"text":" \u0924\u094d\u092f\u093e\u091a\u0940 ","startDuration":"6.4763","endDuration":"7.1980","wordfile":[{"path":"audios\/wordfile-6736f446d1afe.wav","mime":"audio\/x-wav","copyright":{"license":"U"}}]},{"text":" \u092c\u0939\u0940\u0923 ","startDuration":"7.1981","endDuration":"7.5865","wordfile":[{"path":"audios\/wordfile-6736f4775df47.wav","mime":"audio\/x-wav","copyright":{"license":"U"}}]},{"text":" \u092e\u094d\u0939\u0923\u0924\u0947. ","startDuration":"7.5866","endDuration":"8.1199","wordfile":[{"path":"audios\/wordfile-6736f4914e0f6.wav","mime":"audio\/x-wav","copyright":{"license":"U"}}]},{"text":" \u0906\u092a\u0932\u094d\u092f\u093e ","startDuration":"8.1200","endDuration":"8.7403","wordfile":[{"path":"audios\/wordfile-6736f4b9dff42.wav","mime":"audio\/x-wav","copyright":{"license":"U"}}]},{"text":" \u092c\u0939\u093f\u0923\u0940\u0932\u093e ","startDuration":"8.7404","endDuration":"9.2882","wordfile":[{"path":"audios\/wordfile-6736f4e0e6043.wav","mime":"audio\/x-wav","copyright":{"license":"U"}}]},{"text":" \u0915\u093e ","startDuration":"9.2883","endDuration":"9.4883","wordfile":[{"path":"audios\/wordfile-6736f505561e0.wav","mime":"audio\/x-wav","copyright":{"license":"U"}}]},{"text":" \u0906\u0920\u0935\u0924 ","startDuration":"9.4884","endDuration":"9.9927","wordfile":[{"path":"audios\/wordfile-6736f52ae10b2.wav","mime":"audio\/x-wav","copyright":{"license":"U"}}]},{"text":" \u0928\u093e\u0939\u0940 ","startDuration":"9.9928","endDuration":"10.4247","wordfile":[{"path":"audios\/wordfile-6736f5556acbc.wav","mime":"audio\/x-wav","copyright":{"license":"U"}}]},{"text":" \u0939\u0947 ","startDuration":"10.4248","endDuration":"10.8132","wordfile":[{"path":"audios\/wordfile-6736f57cbc71b.wav","mime":"audio\/x-wav","copyright":{"license":"U"}}]},{"text":" \u092c\u0940\u0932\u093e ","startDuration":"10.8133","endDuration":"11.3466","wordfile":[{"path":"audios\/wordfile-6736f5a03f8a3.wav","mime":"audio\/x-wav","copyright":{"license":"U"}}]},{"text":" \u0906\u0936\u094d\u091a\u0930\u094d\u092f ","startDuration":"11.3467","endDuration":"11.9960","wordfile":[{"path":"audios\/wordfile-6736f5c86ff62.wav","mime":"audio\/x-wav","copyright":{"license":"U"}}]},{"text":" \u0935\u093e\u091f\u0924\u0947. ","startDuration":"11.9961","endDuration":"12.6953","wordfile":[{"path":"audios\/wordfile-6736f5e1bc9a2.wav","mime":"audio\/x-wav","copyright":{"license":"U"}}]}],"files":[{"path":"audios\/files-6736e759a3a50.mp3","mime":"audio\/mpeg","copyright":{"license":"U"}}]},"subContentId":"6e8d0a3c-c605-4ef6-b5eb-c6d07b1926e3","metadata":{"contentType":"Curious Reader Audio","license":"U","title":"Untitled Curious Reader Audio"}},"backgroundOpacity":0,"willDoAnimation":false,"animationType":"glow","displayAsButton":false,"buttonSize":"big","goToSlideType":"specified","invisible":false}],"slideBackgroundSelector":{}},{"elements":[{"x":28.322440087145967,"y":0,"width":39.97821350762527,"height":73.11827956989247,"action":{"library":"H5P.Image 1.1","params":{"contentName":"Image","file":{"path":"images\/file-65832daf4b9a6.jpg","mime":"image\/jpeg","copyright":{"license":"U"},"width":1000,"height":1000}},"subContentId":"77b53485-fb8f-4479-9b9b-07f9db40851e","metadata":{"contentType":"Image","license":"U","title":"Untitled Image"}},"backgroundOpacity":0,"willDoAnimation":false,"animationType":"glow","displayAsButton":false,"buttonSize":"big","goToSlideType":"specified","invisible":false},{"x":6.5359477124183005,"y":75.31189884966454,"width":86.09693877551021,"height":24.43324937027708,"action":{"library":"H5P.CRAdvancedText 1.1","params":{"text":"<p style=\"text-align:center;\"><span style=\"font-size:1.75em;color:hsl(0, 0%, 100%);\">\" \u0932\u0939\u093e\u0928 \u092d\u093e\u090a, \u0906\u091c \u0915\u094b\u0923\u0924\u093e \u0926\u093f\u0935\u0938 \u0906\u0939\u0947? \" \u092c\u0940 \u0935\u093f\u091a\u093e\u0930\u0924\u0947. \" \u092c\u0949\u0932! \u092c\u0949\u0932! \" \u0924\u094d\u092f\u093e\u091a\u093e \u092d\u093e\u090a \u092e\u094d\u0939\u0923\u0924\u094b.<\/span><\/p>"},"subContentId":"3f6ad871-cba9-4cde-98ab-07926142842c","metadata":{"contentType":"Text","license":"U","title":"Untitled Text"}},"alwaysDisplayComments":false,"backgroundOpacity":0,"willDoAnimation":false,"animationType":"glow","displayAsButton":false,"buttonSize":"big","goToSlideType":"specified","invisible":false,"solution":""},{"x":47.000103485838785,"y":44.00026681929878,"width":40,"height":40,"action":{"library":"H5P.CRAudio 1.4","params":{"fitToWrapper":true,"currIndex":6,"playerMode":"minimalistic","controls":true,"autoplay":true,"playAudio":"Play audio","pauseAudio":"Pause audio","contentName":"Audio","glowColor":"#ffd85a","timeStampForEachText":[{"text":" \u0932\u0939\u093e\u0928 ","startDuration":"0.0000","endDuration":"0.5493","wordfile":[{"path":"audios\/wordfile-6736f60d53083.wav","mime":"audio\/x-wav","copyright":{"license":"U"}}]},{"text":" \u092d\u093e\u090a, ","startDuration":"0.5494","endDuration":"0.9944","wordfile":[{"path":"audios\/wordfile-6736f6308e765.wav","mime":"audio\/x-wav","copyright":{"license":"U"}}]},{"text":" \u0906\u091c ","startDuration":"1.2591","endDuration":"1.5768","wordfile":[{"path":"audios\/wordfile-6736f6587ac9e.wav","mime":"audio\/x-wav","copyright":{"license":"U"}}]},{"text":" \u0915\u094b\u0923\u0924\u093e ","startDuration":"1.5769","endDuration":"1.9435","wordfile":[{"path":"audios\/wordfile-6736f68c2ba28.wav","mime":"audio\/x-wav","copyright":{"license":"U"}}]},{"text":" \u0926\u093f\u0935\u0938 ","startDuration":"1.9436","endDuration":"2.2906","wordfile":[{"path":"audios\/wordfile-6736f7ff59e11.wav","mime":"audio\/x-wav","copyright":{"license":"U"}}]},{"text":" \u0906\u0939\u0947? ","startDuration":"2.2907","endDuration":"2.7259","wordfile":[{"path":"audios\/wordfile-6736f81dc0cfc.wav","mime":"audio\/x-wav","copyright":{"license":"U"}}]},{"text":" \u092c\u0940 ","startDuration":"3.3827","endDuration":"3.6709","wordfile":[{"path":"audios\/wordfile-6736f845e397d.wav","mime":"audio\/x-wav","copyright":{"license":"U"}}]},{"text":" \u0935\u093f\u091a\u093e\u0930\u0924\u0947. ","startDuration":"3.6710","endDuration":"4.3317","wordfile":[{"path":"audios\/wordfile-6736f85c1cafd.wav","mime":"audio\/x-wav","copyright":{"license":"U"}}]},{"text":" \u092c\u0949\u0932! ","startDuration":"4.8807","endDuration":"5.4630","wordfile":[{"path":"audios\/wordfile-6736f876176a1.wav","mime":"audio\/x-wav","copyright":{"license":"U"}}]},{"text":" \u092c\u0949\u0932! ","startDuration":"5.4631","endDuration":"6.2022","wordfile":[{"path":"audios\/wordfile-6736f88e45e08.wav","mime":"audio\/x-wav","copyright":{"license":"U"}}]},{"text":" \u0924\u094d\u092f\u093e\u091a\u093e ","startDuration":"6.5160","endDuration":"7.0394","wordfile":[{"path":"audios\/wordfile-6736f8b9b5399.wav","mime":"audio\/x-wav","copyright":{"license":"U"}}]},{"text":" \u092d\u093e\u090a ","startDuration":"7.0395","endDuration":"7.3277","wordfile":[{"path":"audios\/wordfile-6736f902de3b0.wav","mime":"audio\/x-wav","copyright":{"license":"U"}}]},{"text":" \u092e\u094d\u0939\u0923\u0924\u094b. ","startDuration":"7.3278","endDuration":"8.0571","wordfile":[{"path":"audios\/wordfile-6736f91c340ec.wav","mime":"audio\/x-wav","copyright":{"license":"U"}}]}],"files":[{"path":"audios\/files-6736e83f111c6.wav","mime":"audio\/x-wav","copyright":{"license":"U"}}]},"subContentId":"31326ec7-4ba7-4aea-a1bc-20f3c5127e80","metadata":{"contentType":"Curious Reader Audio","license":"U","title":"Untitled Curious Reader Audio"}},"backgroundOpacity":0,"willDoAnimation":false,"animationType":"glow","displayAsButton":false,"buttonSize":"big","goToSlideType":"specified","invisible":false}],"slideBackgroundSelector":{}},{"elements":[{"x":26.785714285714285,"y":0,"width":39.97821350762527,"height":68.81720430107526,"action":{"library":"H5P.Image 1.1","params":{"contentName":"Image","file":{"path":"images\/file-65832df23c7df.jpg","mime":"image\/jpeg","copyright":{"license":"U"},"width":1000,"height":1000}},"subContentId":"9efe1161-d9dc-4013-9534-4e97a7ed87a0","metadata":{"contentType":"Image","license":"U","title":"Untitled Image"}},"backgroundOpacity":0,"willDoAnimation":false,"animationType":"glow","displayAsButton":false,"buttonSize":"big","goToSlideType":"specified","invisible":false},{"x":7.653061224489796,"y":75.16523929471033,"width":85.0765306122449,"height":20.151133501259444,"action":{"library":"H5P.CRAdvancedText 1.1","params":{"text":"<p dir=\"ltr\" style=\"text-align: center;\"><span style=\"font-size:1.75em;\"><span style=\"color:#ffffff;\">\u0915\u0926\u093e\u091a\u093f\u0924 \u092c\u093f\u092f\u093e\u091a\u094d\u092f\u093e \u092e\u093f\u0924\u094d\u0930\u093e\u0902\u091a\u094d\u092f\u093e \u0932\u0915\u094d\u0937\u093e\u0924 \u0905\u0938\u0947\u0932!<\/span><\/span><\/p>\n"},"subContentId":"55640de6-21a3-43aa-bbf7-06e03a641041","metadata":{"contentType":"Text","license":"U","title":"Untitled Text"}},"alwaysDisplayComments":false,"backgroundOpacity":0,"willDoAnimation":false,"animationType":"glow","displayAsButton":false,"buttonSize":"big","goToSlideType":"specified","invisible":false,"solution":""},{"x":92.5925925925926,"y":2.151768538561844,"width":40,"height":40,"action":{"library":"H5P.CRAudio 1.4","params":{"fitToWrapper":true,"currIndex":7,"playerMode":"minimalistic","controls":true,"autoplay":true,"playAudio":"Play audio","pauseAudio":"Pause audio","contentName":"Audio","glowColor":"#ffd85a","timeStampForEachText":[{"text":" \u0915\u0926\u093e\u091a\u093f\u0924 ","startDuration":"0.2191","endDuration":"0.9561","wordfile":[{"path":"audios\/wordfile-669550121206e.mp3","mime":"audio\/mpeg","copyright":{"license":"U"}}]},{"text":" \u092c\u093f\u092f\u093e\u091a\u094d\u092f\u093e ","startDuration":"0.9562","endDuration":"1.5986","wordfile":[{"path":"audios\/wordfile-66955025741b5.mp3","mime":"audio\/mpeg","copyright":{"license":"U"}}]},{"text":" \u092e\u093f\u0924\u094d\u0930\u093e\u0902\u091a\u094d\u092f\u093e ","startDuration":"1.5987","endDuration":"2.0540","wordfile":[{"path":"audios\/wordfile-669550509ef5e.mp3","mime":"audio\/mpeg","copyright":{"license":"U"}}]},{"text":" \u0932\u0915\u094d\u0937\u093e\u0924 ","startDuration":"2.0541","endDuration":"2.4275","wordfile":[{"path":"audios\/wordfile-6695507d802c3.mp3","mime":"audio\/mpeg","copyright":{"license":"U"}}]},{"text":" \u0905\u0938\u0947\u0932! ","startDuration":"2.4276","endDuration":"2.8979","wordfile":[{"path":"audios\/wordfile-669550da74fd7.mp3","mime":"audio\/mpeg","copyright":{"license":"U"}}]}],"files":[{"path":"audios\/files-6736e86db22b2.wav","mime":"audio\/x-wav","copyright":{"license":"U"}}]},"subContentId":"b8316824-acb4-4b29-847b-236d194d5663","metadata":{"contentType":"Curious Reader Audio","license":"U","title":"Untitled Curious Reader Audio"}},"backgroundOpacity":0,"willDoAnimation":false,"animationType":"glow","displayAsButton":false,"buttonSize":"big","goToSlideType":"specified","invisible":false},{"x":36.76470588235294,"y":14.545454545454545,"width":15.992647058823529,"height":32.36363636363637,"action":{"library":"H5P.Image 1.1","params":{"contentName":"Image"},"subContentId":"346e679b-8f52-453b-8837-85b45fff39aa","metadata":{"contentType":"Image","license":"U","title":"Untitled Image"}},"backgroundOpacity":0,"willDoAnimation":true,"animationType":"glow","displayAsButton":false,"buttonSize":"big","goToSlideType":"specified","invisible":false,"id":"imgb8316824-acb4-4b29-847b-236d194d5663_1"}],"slideBackgroundSelector":{}},{"elements":[{"x":26.785714285714285,"y":2.5188916876574305,"width":39.97821350762527,"height":68.81720430107526,"action":{"library":"H5P.Image 1.1","params":{"contentName":"Image","file":{"path":"images\/file-65832e622eb7a.jpg","mime":"image\/jpeg","copyright":{"license":"U"},"width":1000,"height":1000}},"subContentId":"ec57b43b-aee5-45d7-beed-583e41fda5d6","metadata":{"contentType":"Image","license":"U","title":"Untitled Image"}},"backgroundOpacity":0,"willDoAnimation":false,"animationType":"glow","displayAsButton":false,"buttonSize":"big","goToSlideType":"specified","invisible":false},{"x":5.1020408163265305,"y":73.04785894206549,"width":89.32461873638344,"height":22.79569892473118,"action":{"library":"H5P.CRAdvancedText 1.1","params":{"text":"<p style=\"text-align:center;\"><span style=\"font-size:1.75em;color:hsl(0, 0%, 100%);\">\" \u0938\u0938\u093e, \u0906\u091c \u0915\u094b\u0923\u0924\u093e \u0926\u093f\u0935\u0938 \u0906\u0939\u0947? \" \u092c\u0940 \u0935\u093f\u091a\u093e\u0930\u0924\u0947. \" \u0906\u091c \u0936\u093f\u0935\u0923\u0915\u093e\u092e\u093e\u091a\u093e \u0926\u093f\u0935\u0938 \u0906\u0939\u0947, \" \u0938\u0938\u093e \u092e\u094d\u0939\u0923\u0924\u094b.<\/span><\/p>"},"subContentId":"d4851261-22f1-43e0-b1b9-2adb9168cc3b","metadata":{"contentType":"Text","license":"U","title":"Untitled Text"}},"alwaysDisplayComments":false,"backgroundOpacity":0,"willDoAnimation":false,"animationType":"glow","displayAsButton":false,"buttonSize":"big","goToSlideType":"specified","invisible":false,"solution":""},{"x":49.632352941176464,"y":32.72727272727273,"width":14.15441176470588,"height":24.363636363636363,"action":{"library":"H5P.Image 1.1","params":{"contentName":"Image"},"subContentId":"fe60c63c-d863-4317-8259-f7a14a27fc1b","metadata":{"contentType":"Image","license":"U","title":"Untitled Image"}},"backgroundOpacity":0,"willDoAnimation":true,"animationType":"glow","displayAsButton":false,"buttonSize":"big","goToSlideType":"specified","invisible":false,"id":"img94d77804-0d62-4e97-921a-d7e2d6767b4f_1"},{"x":33.088235294117645,"y":18.181818181818183,"width":18.933823529411764,"height":28,"action":{"library":"H5P.Image 1.1","params":{"contentName":"Image"},"subContentId":"93906bd4-3ad9-4cab-9112-f4775b3da1bf","metadata":{"contentType":"Image","license":"U","title":"Untitled Image"}},"backgroundOpacity":0,"willDoAnimation":true,"animationType":"glow","displayAsButton":false,"buttonSize":"big","goToSlideType":"specified","invisible":false,"id":"img94d77804-0d62-4e97-921a-d7e2d6767b4f_5"},{"x":31.249999999999996,"y":18.181818181818183,"width":21.507352941176467,"height":34.18181818181818,"action":{"library":"H5P.Image 1.1","params":{"contentName":"Image"},"subContentId":"6a02119d-cd49-4e88-ba02-313dad66d58b","metadata":{"contentType":"Image","license":"U","title":"Untitled Image"}},"backgroundOpacity":0,"willDoAnimation":true,"animationType":"glow","displayAsButton":false,"buttonSize":"big","goToSlideType":"specified","invisible":false,"id":"img94d77804-0d62-4e97-921a-d7e2d6767b4f_6"},{"x":47.000103485838785,"y":44.00026681929878,"width":40,"height":40,"action":{"library":"H5P.CRAudio 1.4","params":{"fitToWrapper":true,"currIndex":8,"playerMode":"minimalistic","controls":true,"autoplay":true,"playAudio":"Play audio","pauseAudio":"Pause audio","contentName":"Audio","glowColor":"#ffd85a","timeStampForEachText":[{"text":" \u0938\u0938\u093e, ","startDuration":"0.4561","endDuration":"1.1146","wordfile":[{"path":"audios\/wordfile-6736fa55eaece.wav","mime":"audio\/x-wav","copyright":{"license":"U"}}]},{"text":" \u0906\u091c ","startDuration":"1.3074","endDuration":"1.6594","wordfile":[{"path":"audios\/wordfile-6736fa7f4b461.wav","mime":"audio\/x-wav","copyright":{"license":"U"}}]},{"text":" \u0915\u094b\u0923\u0924\u093e ","startDuration":"1.6595","endDuration":"2.0217","wordfile":[{"path":"audios\/wordfile-6736faa343f6f.wav","mime":"audio\/x-wav","copyright":{"license":"U"}}]},{"text":" \u0926\u093f\u0935\u0938 ","startDuration":"2.0218","endDuration":"2.3536","wordfile":[{"path":"audios\/wordfile-6736fac7e945c.wav","mime":"audio\/x-wav","copyright":{"license":"U"}}]},{"text":" \u0906\u0939\u0947? ","startDuration":"2.3537","endDuration":"2.8476","wordfile":[{"path":"audios\/wordfile-6736fae42fdd1.wav","mime":"audio\/x-wav","copyright":{"license":"U"}}]},{"text":" \u092c\u0940 ","startDuration":"2.8477","endDuration":"3.3517","wordfile":[{"path":"audios\/wordfile-6736fb0a8b296.wav","mime":"audio\/x-wav","copyright":{"license":"U"}}]},{"text":" \u0935\u093f\u091a\u093e\u0930\u0924\u0947. ","startDuration":"3.3518","endDuration":"3.8964","wordfile":[{"path":"audios\/wordfile-6736fb23bfe12.wav","mime":"audio\/x-wav","copyright":{"license":"U"}}]},{"text":" \u0906\u091c ","startDuration":"4.2918","endDuration":"4.7046","wordfile":[{"path":"audios\/wordfile-6736fb4d4d905.wav","mime":"audio\/x-wav","copyright":{"license":"U"}}]},{"text":" \u0936\u093f\u0935\u0923\u0915\u093e\u092e\u093e\u091a\u093e ","startDuration":"4.7047","endDuration":"5.5432","wordfile":[{"path":"audios\/wordfile-6736fb827e543.wav","mime":"audio\/x-wav","copyright":{"license":"U"}}]},{"text":" \u0926\u093f\u0935\u0938 ","startDuration":"5.5433","endDuration":"5.8548","wordfile":[{"path":"audios\/wordfile-6736fbae361ea.wav","mime":"audio\/x-wav","copyright":{"license":"U"}}]},{"text":" \u0906\u0939\u0947, ","startDuration":"5.8549","endDuration":"6.2779","wordfile":[{"path":"audios\/wordfile-6736fbd4d13ba.wav","mime":"audio\/x-wav","copyright":{"license":"U"}}]},{"text":" \u0938\u0938\u093e ","startDuration":"6.5719","endDuration":"7.0861","wordfile":[{"path":"audios\/wordfile-6736fbf5b356f.wav","mime":"audio\/x-wav","copyright":{"license":"U"}}]},{"text":" \u092e\u094d\u0939\u0923\u0924\u094b. ","startDuration":"7.0862","endDuration":"7.7119","wordfile":[{"path":"audios\/wordfile-6736fc1fec3d6.wav","mime":"audio\/x-wav","copyright":{"license":"U"}}]}],"files":[{"path":"audios\/files-6736e902a9fa5.wav","mime":"audio\/x-wav","copyright":{"license":"U"}}]},"subContentId":"07a429ed-0251-4b02-974c-8cf8380977da","metadata":{"contentType":"Curious Reader Audio","license":"U","title":"Untitled Curious Reader Audio"}},"backgroundOpacity":0,"willDoAnimation":false,"animationType":"glow","displayAsButton":false,"buttonSize":"big","goToSlideType":"specified","invisible":false}],"slideBackgroundSelector":{}},{"elements":[{"x":27.233115468409586,"y":0,"width":39.97821350762527,"height":70.96774193548387,"action":{"library":"H5P.Image 1.1","params":{"contentName":"Image","file":{"path":"images\/file-65832ed786e36.jpg","mime":"image\/jpeg","copyright":{"license":"U"},"width":1000,"height":1000}},"subContentId":"476d4d2a-b6f0-42fb-bc07-70273973f3c7","metadata":{"contentType":"Image","license":"U","title":"Untitled Image"}},"backgroundOpacity":0,"willDoAnimation":false,"animationType":"glow","displayAsButton":false,"buttonSize":"big","goToSlideType":"specified","invisible":false},{"x":2.178649237472767,"y":73.1601303111027,"width":94.30147058823529,"height":25.454545454545453,"action":{"library":"H5P.CRAdvancedText 1.1","params":{"text":"<p style=\"text-align:center;\"><span style=\"font-size:1.75em;color:hsl(0,0%,100%);\">\" \u0939\u0930\u0940\u0923, \u0906\u091c \u0915\u094b\u0923\u0924\u093e \u0926\u093f\u0935\u0938 \u0906\u0939\u0947? \" \u092c\u0940 \u0928\u0947 \u0935\u093f\u091a\u093e\u0930\u0932\u0947. \" \u0906\u091c \u0915\u093e\u092a\u0923\u0940\u091a\u093e \u0926\u093f\u0935\u0938 \u0906\u0939\u0947, \" \u0939\u0930\u093f\u0923 \u0909\u0924\u094d\u0924\u0930 \u0926\u0947\u0924\u0947. \u092c\u0940\u0932\u093e \u0935\u093e\u0908\u091f \u0935\u093e\u091f\u0942 \u0932\u093e\u0917\u0932\u0947.<\/span><\/p>"},"subContentId":"b6b0b06c-2a51-4d11-9837-3ede0adbf565","metadata":{"contentType":"Text","license":"U","title":"Untitled Text"}},"alwaysDisplayComments":false,"backgroundOpacity":0,"willDoAnimation":false,"animationType":"glow","displayAsButton":false,"buttonSize":"big","goToSlideType":"specified","invisible":false,"solution":""},{"x":47.79411764705882,"y":14.545454545454545,"width":10.477941176470587,"height":19.636363636363637,"action":{"library":"H5P.Image 1.1","params":{"contentName":"Image"},"subContentId":"6eb5f266-303e-49ab-946c-0a2317c8cdec","metadata":{"contentType":"Image","license":"U","title":"Untitled Image"}},"backgroundOpacity":0,"willDoAnimation":true,"animationType":"glow","displayAsButton":false,"buttonSize":"big","goToSlideType":"specified","invisible":false,"id":"img218c6f1c-9b54-497f-8d2d-b86a24cc4b94_1"},{"x":36.76470588235294,"y":10.909090909090908,"width":12.316176470588234,"height":19.636363636363637,"action":{"library":"H5P.Image 1.1","params":{"contentName":"Image"},"subContentId":"ea802849-6ec7-4ddd-89b8-640b32ef5b1f","metadata":{"contentType":"Image","license":"U","title":"Untitled Image"}},"backgroundOpacity":0,"willDoAnimation":true,"animationType":"glow","displayAsButton":false,"buttonSize":"big","goToSlideType":"specified","invisible":false,"id":"img218c6f1c-9b54-497f-8d2d-b86a24cc4b94_5"},{"x":47.000103485838785,"y":44.00026681929878,"width":40,"height":40,"action":{"library":"H5P.CRAudio 1.4","params":{"fitToWrapper":true,"currIndex":9,"playerMode":"minimalistic","controls":true,"autoplay":true,"playAudio":"Play audio","pauseAudio":"Pause audio","contentName":"Audio","glowColor":"#ffd85a","timeStampForEachText":[{"text":" \u0939\u0930\u0940\u0923, ","startDuration":"0.8883","endDuration":"1.6886","wordfile":[{"path":"audios\/wordfile-6736fc657a8c5.wav","mime":"audio\/x-wav","copyright":{"license":"U"}}]},{"text":" \u0906\u091c ","startDuration":"1.6887","endDuration":"2.2128","wordfile":[{"path":"audios\/wordfile-6736fc9116cf8.wav","mime":"audio\/x-wav","copyright":{"license":"U"}}]},{"text":" \u0915\u094b\u0923\u0924\u093e ","startDuration":"2.2129","endDuration":"2.5930","wordfile":[{"path":"audios\/wordfile-6736fcbe8af82.wav","mime":"audio\/x-wav","copyright":{"license":"U"}}]},{"text":" \u0926\u093f\u0935\u0938 ","startDuration":"2.5931","endDuration":"2.9372","wordfile":[{"path":"audios\/wordfile-67374d3b2e4c7.wav","mime":"audio\/x-wav","copyright":{"license":"U"}}]},{"text":" \u0906\u0939\u0947? ","startDuration":"2.9373","endDuration":"3.2934","wordfile":[{"path":"audios\/wordfile-6736fd4cd546d.wav","mime":"audio\/x-wav","copyright":{"license":"U"}}]},{"text":" \u092c\u0940 ","startDuration":"3.2935","endDuration":"3.8417","wordfile":[{"path":"audios\/wordfile-6736fd75bb7af.wav","mime":"audio\/x-wav","copyright":{"license":"U"}}]},{"text":" \u0928\u0947 ","startDuration":"3.8418","endDuration":"4.0418","wordfile":[{"path":"audios\/wordfile-6736fdb3962d3.wav","mime":"audio\/x-wav","copyright":{"license":"U"}}]},{"text":" \u0935\u093f\u091a\u093e\u0930\u0932\u0947. ","startDuration":"4.0419","endDuration":"4.6140","wordfile":[{"path":"audios\/wordfile-6736fdd382f8f.wav","mime":"audio\/x-wav","copyright":{"license":"U"}}]},{"text":" \u0906\u091c ","startDuration":"4.9622","endDuration":"5.5104","wordfile":[{"path":"audios\/wordfile-6736fdfaf3d93.wav","mime":"audio\/x-wav","copyright":{"license":"U"}}]},{"text":" \u0915\u093e\u092a\u0923\u0940\u091a\u093e ","startDuration":"5.5105","endDuration":"6.1547","wordfile":[{"path":"audios\/wordfile-6736fe204fd9c.wav","mime":"audio\/x-wav","copyright":{"license":"U"}}]},{"text":" \u0926\u093f\u0935\u0938 ","startDuration":"6.1548","endDuration":"6.4868","wordfile":[{"path":"audios\/wordfile-6736fe4e01342.wav","mime":"audio\/x-wav","copyright":{"license":"U"}}]},{"text":" \u0906\u0939\u0947, ","startDuration":"6.4869","endDuration":"6.6869","wordfile":[{"path":"audios\/wordfile-6736fe6a80ebb.wav","mime":"audio\/x-wav","copyright":{"license":"U"}}]},{"text":" \u0939\u0930\u093f\u0923 ","startDuration":"7.0711","endDuration":"7.4632","wordfile":[{"path":"audios\/wordfile-6736fe8ff313a.wav","mime":"audio\/x-wav","copyright":{"license":"U"}}]},{"text":" \u0909\u0924\u094d\u0924\u0930 ","startDuration":"7.4633","endDuration":"7.8314","wordfile":[{"path":"audios\/wordfile-6736fedc58429.wav","mime":"audio\/x-wav","copyright":{"license":"U"}}]},{"text":" \u0926\u0947\u0924\u0947. ","startDuration":"7.8315","endDuration":"8.2956","wordfile":[{"path":"audios\/wordfile-6736feff8798d.wav","mime":"audio\/x-wav","copyright":{"license":"U"}}]},{"text":" \u092c\u0940\u0932\u093e ","startDuration":"8.4758","endDuration":"9.0959","wordfile":[{"path":"audios\/wordfile-6736ff274fdc6.wav","mime":"audio\/x-wav","copyright":{"license":"U"}}]},{"text":" \u0935\u093e\u0908\u091f ","startDuration":"9.0960","endDuration":"9.4280","wordfile":[{"path":"audios\/wordfile-6736ff4ed72ce.wav","mime":"audio\/x-wav","copyright":{"license":"U"}}]},{"text":" \u0935\u093e\u091f\u0942 ","startDuration":"9.4281","endDuration":"9.6761","wordfile":[{"path":"audios\/wordfile-6736ff7307958.wav","mime":"audio\/x-wav","copyright":{"license":"U"}}]},{"text":" \u0932\u093e\u0917\u0932\u0947. ","startDuration":"9.6762","endDuration":"10.4284","wordfile":[{"path":"audios\/wordfile-6736ff9120f9d.wav","mime":"audio\/x-wav","copyright":{"license":"U"}}]}],"files":[{"path":"audios\/files-6736e9588ba2c.wav","mime":"audio\/x-wav","copyright":{"license":"U"}}]},"subContentId":"2730fed6-c34a-4403-b4a1-6fcbd53ac997","metadata":{"contentType":"Curious Reader Audio","license":"U","title":"Untitled Curious Reader Audio"}},"backgroundOpacity":0,"willDoAnimation":false,"animationType":"glow","displayAsButton":false,"buttonSize":"big","goToSlideType":"specified","invisible":false}],"slideBackgroundSelector":{}},{"elements":[{"x":29.41176470588235,"y":0,"width":39.97821350762527,"height":70.96774193548387,"action":{"library":"H5P.Image 1.1","params":{"contentName":"Image","file":{"path":"images\/file-65832f211fed6.jpg","mime":"image\/jpeg","copyright":{"license":"U"},"width":1000,"height":1000}},"subContentId":"3dd30407-e43b-4105-96b0-3f3a2936bb67","metadata":{"contentType":"Image","license":"U","title":"Untitled Image"}},"backgroundOpacity":0,"willDoAnimation":false,"animationType":"glow","displayAsButton":false,"buttonSize":"big","goToSlideType":"specified","invisible":false},{"x":0,"y":71.00836177254085,"width":100,"height":28.99013198948216,"action":{"library":"H5P.CRAdvancedText 1.1","params":{"text":"<p dir=\"ltr\" style=\"text-align: center;\"><span style=\"font-size:1.625em;\"><span style=\"color:#ffffff;\">\u092e\u093e\u0915\u0921 \u092e\u094d\u0939\u0923\u0924\u094b \u0915\u0940 \u0906\u091c \u092b\u0933 \u092a\u093f\u0915\u0935\u0923\u094d\u092f\u093e\u091a\u093e \u0926\u093f\u0935\u0938 \u0906\u0939\u0947. \u092c\u0947\u0921\u0942\u0915 \u092e\u094d\u0939\u0923\u0924\u094b \u0915\u0940 \u0939\u093e \u0926\u093f\u0935\u0938 \u0917\u093e\u0923\u094d\u092f\u093e\u091a\u093e \u0926\u093f\u0935\u0938 \u0906\u0939\u0947. \u0939\u0924\u094d\u0924\u0940 \u092e\u094d\u0939\u0923\u0924\u094b \u0939\u093e \u0926\u093f\u0935\u0938 \u092a\u0941\u0938\u094d\u0924\u0915 \u0935\u093e\u091a\u0928\u093e\u091a\u093e \u0906\u0939\u0947.<\/span><\/span><\/p>\n"},"subContentId":"0491e5b8-cc18-4f77-8e2f-5c05fe3912fc","metadata":{"contentType":"Text","license":"U","title":"Untitled Text"}},"alwaysDisplayComments":false,"backgroundOpacity":0,"willDoAnimation":false,"animationType":"glow","displayAsButton":false,"buttonSize":"big","goToSlideType":"specified","invisible":false,"solution":""},{"x":46.96691176470588,"y":44,"width":40,"height":40,"action":{"library":"H5P.CRAudio 1.4","params":{"fitToWrapper":true,"currIndex":10,"playerMode":"minimalistic","controls":true,"autoplay":true,"playAudio":"Play audio","pauseAudio":"Pause audio","contentName":"Audio","glowColor":"#ffd85a","timeStampForEachText":[{"text":" \u092e\u093e\u0915\u0921 ","startDuration":"0.2404","endDuration":"0.8809","wordfile":[{"path":"audios\/wordfile-6696022e8de8e.mp3","mime":"audio\/mpeg","copyright":{"license":"U"}}]},{"text":" \u092e\u094d\u0939\u0923\u0924\u094b ","startDuration":"0.8810","endDuration":"1.4252","wordfile":[{"path":"audios\/wordfile-6696023fe9c73.mp3","mime":"audio\/mpeg","copyright":{"license":"U"}}]},{"text":" \u0915\u0940 ","startDuration":"1.4253","endDuration":"1.8156","wordfile":[{"path":"audios\/wordfile-669602565f6af.mp3","mime":"audio\/mpeg","copyright":{"license":"U"}}]},{"text":" \u0906\u091c ","startDuration":"1.8157","endDuration":"2.1399","wordfile":[{"path":"audios\/wordfile-669602689b389.mp3","mime":"audio\/mpeg","copyright":{"license":"U"}}]},{"text":" \u092b\u0933 ","startDuration":"2.1400","endDuration":"2.5326","wordfile":[{"path":"audios\/wordfile-6696027cef838.mp3","mime":"audio\/mpeg","copyright":{"license":"U"}}]},{"text":" \u092a\u093f\u0915\u0935\u0923\u094d\u092f\u093e\u091a\u093e ","startDuration":"2.5327","endDuration":"3.1026","wordfile":[{"path":"audios\/wordfile-6696028d4b65e.mp3","mime":"audio\/mpeg","copyright":{"license":"U"}}]},{"text":" \u0926\u093f\u0935\u0938 ","startDuration":"3.1027","endDuration":"3.3863","wordfile":[{"path":"audios\/wordfile-6696029d4c054.mp3","mime":"audio\/mpeg","copyright":{"license":"U"}}]},{"text":" \u0906\u0939\u0947. ","startDuration":"3.3864","endDuration":"3.7807","wordfile":[{"path":"audios\/wordfile-669602ae81ab1.mp3","mime":"audio\/mpeg","copyright":{"license":"U"}}]},{"text":" \u092c\u0947\u0921\u0942\u0915 ","startDuration":"3.7808","endDuration":"4.6567","wordfile":[{"path":"audios\/wordfile-669602be455c9.mp3","mime":"audio\/mpeg","copyright":{"license":"U"}}]},{"text":" \u092e\u094d\u0939\u0923\u0924\u094b ","startDuration":"4.6566","endDuration":"5.2549","wordfile":[{"path":"audios\/wordfile-669602cdba93a.mp3","mime":"audio\/mpeg","copyright":{"license":"U"}}]},{"text":" \u0915\u0940 ","startDuration":"5.2550","endDuration":"5.4986","wordfile":[{"path":"audios\/wordfile-669602e349c15.mp3","mime":"audio\/mpeg","copyright":{"license":"U"}}]},{"text":" \u0939\u093e ","startDuration":"5.4987","endDuration":"5.7425","wordfile":[{"path":"audios\/wordfile-669603031c86a.mp3","mime":"audio\/mpeg","copyright":{"license":"U"}}]},{"text":" \u0926\u093f\u0935\u0938 ","startDuration":"5.7426","endDuration":"6.2185","wordfile":[{"path":"audios\/wordfile-669603137f53b.mp3","mime":"audio\/mpeg","copyright":{"license":"U"}}]},{"text":" \u0917\u093e\u0923\u094d\u092f\u093e\u091a\u093e ","startDuration":"6.2186","endDuration":"6.8834","wordfile":[{"path":"audios\/wordfile-669603257b685.mp3","mime":"audio\/mpeg","copyright":{"license":"U"}}]},{"text":" \u0926\u093f\u0935\u0938 ","startDuration":"6.8835","endDuration":"7.2018","wordfile":[{"path":"audios\/wordfile-6696033691350.mp3","mime":"audio\/mpeg","copyright":{"license":"U"}}]},{"text":" \u0906\u0939\u0947. ","startDuration":"7.2019","endDuration":"7.6324","wordfile":[{"path":"audios\/wordfile-66960349e09c1.mp3","mime":"audio\/mpeg","copyright":{"license":"U"}}]},{"text":" \u0939\u0924\u094d\u0924\u0940 ","startDuration":"8.3641","endDuration":"8.8669","wordfile":[{"path":"audios\/wordfile-6696035ae7e58.mp3","mime":"audio\/mpeg","copyright":{"license":"U"}}]},{"text":" \u092e\u094d\u0939\u0923\u0924\u094b ","startDuration":"8.8670","endDuration":"9.3775","wordfile":[{"path":"audios\/wordfile-669603694d122.mp3","mime":"audio\/mpeg","copyright":{"license":"U"}}]},{"text":" \u0939\u093e ","startDuration":"9.3776","endDuration":"9.7033","wordfile":[{"path":"audios\/wordfile-6696037bdc2d4.mp3","mime":"audio\/mpeg","copyright":{"license":"U"}}]},{"text":" \u0926\u093f\u0935\u0938 ","startDuration":"9.7034","endDuration":"10.0984","wordfile":[{"path":"audios\/wordfile-66960391e0fcb.mp3","mime":"audio\/mpeg","copyright":{"license":"U"}}]},{"text":" \u092a\u0941\u0938\u094d\u0924\u0915 ","startDuration":"10.0985","endDuration":"10.5294","wordfile":[{"path":"audios\/wordfile-669603a79ce49.mp3","mime":"audio\/mpeg","copyright":{"license":"U"}}]},{"text":" \u0935\u093e\u091a\u0928\u093e\u091a\u093e ","startDuration":"10.5295","endDuration":"11.1589","wordfile":[{"path":"audios\/wordfile-669603b731e7e.mp3","mime":"audio\/mpeg","copyright":{"license":"U"}}]},{"text":" \u0906\u0939\u0947. ","startDuration":"11.1590","endDuration":"11.5931","wordfile":[{"path":"audios\/wordfile-669603c74a506.mp3","mime":"audio\/mpeg","copyright":{"license":"U"}}]}],"files":[{"path":"audios\/files-6736ea743891d.mp3","mime":"audio\/mpeg","copyright":{"license":"U"}}]},"subContentId":"9b647d66-7a73-45b9-97d5-7f3830e2e09f","metadata":{"contentType":"Curious Reader Audio","license":"U","title":"Untitled Curious Reader Audio"}},"backgroundOpacity":0,"willDoAnimation":false,"animationType":"glow","displayAsButton":false,"buttonSize":"big","goToSlideType":"specified","invisible":false},{"x":42.27941176470588,"y":10.909090909090908,"width":6.8014705882352935,"height":17.09090909090909,"action":{"library":"H5P.Image 1.1","params":{"contentName":"Image"},"subContentId":"b7a9b522-ea34-4e89-92d5-5cafd9f50ca0","metadata":{"contentType":"Image","license":"U","title":"Untitled Image"}},"backgroundOpacity":0,"willDoAnimation":true,"animationType":"glow","displayAsButton":false,"buttonSize":"big","goToSlideType":"specified","invisible":false,"id":"img9b647d66-7a73-45b9-97d5-7f3830e2e09f_0"},{"x":27.573529411764703,"y":43.63636363636363,"width":12.316176470588234,"height":19.636363636363637,"action":{"library":"H5P.Image 1.1","params":{"contentName":"Image"},"subContentId":"8e45dff0-00cb-4cb3-b79d-b11b39172a5d","metadata":{"contentType":"Image","license":"U","title":"Untitled Image"}},"backgroundOpacity":0,"willDoAnimation":true,"animationType":"glow","displayAsButton":false,"buttonSize":"big","goToSlideType":"specified","invisible":false,"id":"img9b647d66-7a73-45b9-97d5-7f3830e2e09f_8"},{"x":53.30882352941176,"y":18.181818181818183,"width":14.15441176470588,"height":28.727272727272727,"action":{"library":"H5P.Image 1.1","params":{"contentName":"Image"},"subContentId":"aeaaba81-2b17-40b9-9229-437c62547426","metadata":{"contentType":"Image","license":"U","title":"Untitled Image"}},"backgroundOpacity":0,"willDoAnimation":true,"animationType":"glow","displayAsButton":false,"buttonSize":"big","goToSlideType":"specified","invisible":false,"id":"img9b647d66-7a73-45b9-97d5-7f3830e2e09f_16"}],"slideBackgroundSelector":{}},{"elements":[{"x":26.143790849673206,"y":0,"width":39.97821350762527,"height":73.11827956989247,"action":{"library":"H5P.Image 1.1","params":{"contentName":"Image","file":{"path":"images\/file-6583300a91ffe.jpg","mime":"image\/jpeg","copyright":{"license":"U"},"width":1000,"height":1000}},"subContentId":"402f0d7d-7590-41d1-9f11-b5e480e40cfa","metadata":{"contentType":"Image","license":"U","title":"Untitled Image"}},"backgroundOpacity":0,"willDoAnimation":false,"animationType":"glow","displayAsButton":false,"buttonSize":"big","goToSlideType":"specified","invisible":false},{"x":3.826530612244898,"y":77.15491183879092,"width":92.85714285714286,"height":20.151133501259444,"action":{"library":"H5P.CRAdvancedText 1.1","params":{"text":"<p dir=\"ltr\" style=\"text-align: center;\"><span style=\"font-size:1.75em;\"><span style=\"color:#ffffff;\">\u0915\u094b\u0923\u093e\u0932\u093e \u0906\u0920\u0935\u0924 \u0928\u093e\u0939\u0940 \u0915\u0940 \u0906\u091c \u092c\u0940\u091a\u093e \u0916\u093e\u0938 \u0926\u093f\u0935\u0938 \u0906\u0939\u0947!<\/span><\/span><\/p>\n"},"subContentId":"1daaef58-6c10-40e2-956d-25b3ca5ea30c","metadata":{"contentType":"Text","license":"U","title":"Untitled Text"}},"alwaysDisplayComments":false,"backgroundOpacity":0,"willDoAnimation":false,"animationType":"glow","displayAsButton":false,"buttonSize":"big","goToSlideType":"specified","invisible":false,"solution":""},{"x":47.014925373134325,"y":43.91143911439114,"width":40,"height":40,"action":{"library":"H5P.CRAudio 1.4","params":{"fitToWrapper":true,"currIndex":11,"playerMode":"minimalistic","controls":true,"autoplay":true,"playAudio":"Play audio","pauseAudio":"Pause audio","contentName":"Audio","glowColor":"#ffd85a","timeStampForEachText":[{"text":" \u0915\u094b\u0923\u093e\u0932\u093e ","startDuration":"0.3189","endDuration":"0.9777","wordfile":[{"path":"audios\/wordfile-669608ebb9c10.mp3","mime":"audio\/mpeg","copyright":{"license":"U"}}]},{"text":" \u0906\u0920\u0935\u0924 ","startDuration":"0.9778","endDuration":"1.3087","wordfile":[{"path":"audios\/wordfile-66960934cbad7.mp3","mime":"audio\/mpeg","copyright":{"license":"U"}}]},{"text":" \u0928\u093e\u0939\u0940 ","startDuration":"1.3088","endDuration":"1.6090","wordfile":[{"path":"audios\/wordfile-67374e13cec19.wav","mime":"audio\/x-wav","copyright":{"license":"U"}}]},{"text":" \u0915\u0940 ","startDuration":"1.8001","endDuration":"2.0458","wordfile":[{"path":"audios\/wordfile-67374d8319aaa.wav","mime":"audio\/x-wav","copyright":{"license":"U"}}]},{"text":" \u0906\u091c ","startDuration":"2.0459","endDuration":"2.3850","wordfile":[{"path":"audios\/wordfile-669609cc16bb3.mp3","mime":"audio\/mpeg","copyright":{"license":"U"}}]},{"text":" \u092c\u0940\u091a\u093e ","startDuration":"2.3851","endDuration":"2.9635","wordfile":[{"path":"audios\/wordfile-669609eae5bbc.mp3","mime":"audio\/mpeg","copyright":{"license":"U"}}]},{"text":" \u0916\u093e\u0938 ","startDuration":"2.9636","endDuration":"3.3725","wordfile":[{"path":"audios\/wordfile-66960a063beea.mp3","mime":"audio\/mpeg","copyright":{"license":"U"}}]},{"text":" \u0926\u093f\u0935\u0938 ","startDuration":"3.3726","endDuration":"3.6664","wordfile":[{"path":"audios\/wordfile-66960a377e42e.mp3","mime":"audio\/mpeg","copyright":{"license":"U"}}]},{"text":" \u0906\u0939\u0947! ","startDuration":"3.6665","endDuration":"4.0812","wordfile":[{"path":"audios\/wordfile-66960a6deb045.mp3","mime":"audio\/mpeg","copyright":{"license":"U"}}]}],"files":[{"path":"audios\/files-6736eab17ce05.wav","mime":"audio\/x-wav","copyright":{"license":"U"}}]},"subContentId":"9fc9769e-16b6-4237-a359-4867ec200365","metadata":{"contentType":"Curious Reader Audio","license":"U","title":"Untitled Curious Reader Audio"}},"backgroundOpacity":0,"willDoAnimation":false,"animationType":"glow","displayAsButton":false,"buttonSize":"big","goToSlideType":"specified","invisible":false}],"slideBackgroundSelector":{}},{"elements":[{"x":25.05446623093682,"y":0,"width":39.97821350762527,"height":70.96774193548387,"action":{"library":"H5P.Image 1.1","params":{"contentName":"Image","file":{"path":"images\/file-6583305d21bdd.jpg","mime":"image\/jpeg","copyright":{"license":"U"},"width":1000,"height":1000}},"subContentId":"75f6b858-8602-4eb2-8f48-a855e97c3d47","metadata":{"contentType":"Image","license":"U","title":"Untitled Image"}},"backgroundOpacity":0,"willDoAnimation":false,"animationType":"glow","displayAsButton":false,"buttonSize":"big","goToSlideType":"specified","invisible":false},{"x":16.581632653061224,"y":80.53954659949622,"width":63.775510204081634,"height":12.090680100755668,"action":{"library":"H5P.CRAdvancedText 1.1","params":{"text":"<p dir=\"ltr\" style=\"text-align: center;\"><span style=\"font-size:1.75em;\"><span style=\"color:#ffffff;\">\u092c\u0940 \u0909\u0926\u093e\u0938 \u0906\u0923\u093f \u0925\u0915\u0932\u0940 \u0906\u0939\u0947.<\/span><\/span><\/p>\n"},"subContentId":"009d8876-0bb9-498d-b880-a9a47bcc3382","metadata":{"contentType":"Text","license":"U","title":"Untitled Text"}},"alwaysDisplayComments":false,"backgroundOpacity":0,"willDoAnimation":false,"animationType":"glow","displayAsButton":false,"buttonSize":"big","goToSlideType":"specified","invisible":false,"solution":""},{"x":47.014925373134325,"y":43.91143911439114,"width":40,"height":40,"action":{"library":"H5P.CRAudio 1.4","params":{"fitToWrapper":true,"currIndex":12,"playerMode":"minimalistic","controls":true,"autoplay":true,"playAudio":"Play audio","pauseAudio":"Pause audio","contentName":"Audio","glowColor":"#ffd85a","timeStampForEachText":[{"text":" \u092c\u0940 ","startDuration":"0.3415","endDuration":"0.7754","wordfile":[{"path":"audios\/wordfile-67374efe44226.wav","mime":"audio\/x-wav","copyright":{"license":"U"}}]},{"text":" \u0909\u0926\u093e\u0938 ","startDuration":"0.7755","endDuration":"1.4362","wordfile":[{"path":"audios\/wordfile-66960b385f3b9.mp3","mime":"audio\/mpeg","copyright":{"license":"U"}}]},{"text":" \u0906\u0923\u093f ","startDuration":"1.4363","endDuration":"2.0201","wordfile":[{"path":"audios\/wordfile-67374e4431300.wav","mime":"audio\/x-wav","copyright":{"license":"U"}}]},{"text":" \u0925\u0915\u0932\u0940 ","startDuration":"2.0202","endDuration":"2.4486","wordfile":[{"path":"audios\/wordfile-66960b9aecafb.mp3","mime":"audio\/mpeg","copyright":{"license":"U"}}]},{"text":" \u0906\u0939\u0947. ","startDuration":"2.4487","endDuration":"2.8558","wordfile":[{"path":"audios\/wordfile-66960bbacbd1b.mp3","mime":"audio\/mpeg","copyright":{"license":"U"}}]}],"files":[{"path":"audios\/files-6736eb2106d58.wav","mime":"audio\/x-wav","copyright":{"license":"U"}}]},"subContentId":"78d42c89-6f43-4f9b-ad5c-6724e12e1069","metadata":{"contentType":"Curious Reader Audio","license":"U","title":"Untitled Curious Reader Audio"}},"backgroundOpacity":0,"willDoAnimation":false,"animationType":"glow","displayAsButton":false,"buttonSize":"big","goToSlideType":"specified","invisible":false},{"x":44.11764705882353,"y":25.454545454545453,"width":14.15441176470588,"height":24.363636363636363,"action":{"library":"H5P.Image 1.1","params":{"contentName":"Image"},"subContentId":"b31dcb92-dc7e-4c71-90dd-608e1aa12aab","metadata":{"contentType":"Image","license":"U","title":"Untitled Image"}},"backgroundOpacity":0,"willDoAnimation":true,"animationType":"glow","displayAsButton":false,"buttonSize":"big","goToSlideType":"specified","invisible":false,"id":"img78d42c89-6f43-4f9b-ad5c-6724e12e1069_0"}],"slideBackgroundSelector":{}},{"elements":[{"x":27.233115468409586,"y":0,"width":39.97821350762527,"height":70.96774193548387,"action":{"library":"H5P.Image 1.1","params":{"contentName":"Image","file":{"path":"images\/file-658330d744eb4.jpg","mime":"image\/jpeg","copyright":{"license":"U"},"width":1000,"height":1000}},"subContentId":"3c371ee6-c944-46f8-9189-dfb336f4c770","metadata":{"contentType":"Image","license":"U","title":"Untitled Image"}},"backgroundOpacity":0,"willDoAnimation":false,"animationType":"glow","displayAsButton":false,"buttonSize":"big","goToSlideType":"specified","invisible":false},{"x":3.676470588235294,"y":80,"width":86.73469387755102,"height":17.632241813602015,"action":{"library":"H5P.CRAdvancedText 1.1","params":{"text":"<p dir=\"ltr\" style=\"text-align: center;\"><span style=\"font-size:1.75em;\"><span style=\"color:#ffffff;\">\u0935\u093e\u0922\u0926\u093f\u0935\u0938\u093e\u091a\u094d\u092f\u093e \u0936\u0941\u092d\u0947\u091a\u094d\u091b\u093e, \u092c\u0940!<\/span><\/span><\/p>\n"},"subContentId":"faba1022-658d-4c43-ab21-1f50b3edc6d0","metadata":{"contentType":"Text","license":"U","title":"Untitled Text"}},"alwaysDisplayComments":false,"backgroundOpacity":0,"willDoAnimation":false,"animationType":"glow","displayAsButton":false,"buttonSize":"big","goToSlideType":"specified","invisible":false,"solution":""},{"x":93.11224489795919,"y":2.5195390251399603,"width":40,"height":40,"action":{"library":"H5P.CRAudio 1.4","params":{"fitToWrapper":true,"currIndex":13,"playerMode":"minimalistic","controls":true,"autoplay":true,"playAudio":"Play audio","pauseAudio":"Pause audio","contentName":"Audio","glowColor":"#ffd85a","timeStampForEachText":[{"text":" \u0935\u093e\u0922\u0926\u093f\u0935\u0938\u093e\u091a\u094d\u092f\u093e ","startDuration":"0.4826","endDuration":"1.2657","wordfile":[{"path":"audios\/wordfile-66960c0be0ab2.mp3","mime":"audio\/mpeg","copyright":{"license":"U"}}]},{"text":" \u0936\u0941\u092d\u0947\u091a\u094d\u091b\u093e, ","startDuration":"1.2658","endDuration":"1.8015","wordfile":[{"path":"audios\/wordfile-66960c35356f9.mp3","mime":"audio\/mpeg","copyright":{"license":"U"}}]},{"text":" \u092c\u0940! ","startDuration":"1.8016","endDuration":"2.1306","wordfile":[{"path":"audios\/wordfile-67374f1435ca1.wav","mime":"audio\/x-wav","copyright":{"license":"U"}}]}],"files":[{"path":"audios\/files-6736eb3f334d2.wav","mime":"audio\/x-wav","copyright":{"license":"U"}}]},"subContentId":"f7609501-7c96-4b56-9688-0f5715623f0f","metadata":{"contentType":"Curious Reader Audio","license":"U","title":"Untitled Curious Reader Audio"}},"backgroundOpacity":0,"willDoAnimation":false,"animationType":"glow","displayAsButton":false,"buttonSize":"big","goToSlideType":"specified","invisible":false},{"x":44.11764705882353,"y":21.818181818181817,"width":12.316176470588234,"height":28,"action":{"library":"H5P.Image 1.1","params":{"contentName":"Image"},"subContentId":"e5aeab9b-e0ac-4f3f-85e2-6f2dfd7a11e1","metadata":{"contentType":"Image","license":"U","title":"Untitled Image"}},"backgroundOpacity":0,"willDoAnimation":true,"animationType":"glow","displayAsButton":false,"buttonSize":"big","goToSlideType":"specified","invisible":false,"id":"imgf7609501-7c96-4b56-9688-0f5715623f0f_0"},{"x":44.11764705882353,"y":0,"width":15.992647058823529,"height":26.545454545454547,"action":{"library":"H5P.Image 1.1","params":{"contentName":"Image"},"subContentId":"2fafe781-2b0c-453c-a25f-b16bd20b0c75","metadata":{"contentType":"Image","license":"U","title":"Untitled Image"}},"backgroundOpacity":0,"willDoAnimation":true,"animationType":"glow","displayAsButton":false,"buttonSize":"big","goToSlideType":"specified","invisible":false,"id":"imgf7609501-7c96-4b56-9688-0f5715623f0f_2"}],"slideBackgroundSelector":{}},{"elements":[{"x":28.322440087145967,"y":0,"width":39.97821350762527,"height":70.96774193548387,"action":{"library":"H5P.Image 1.1","params":{"contentName":"Image","file":{"path":"images\/file-6583312339a2f.jpg","mime":"image\/jpeg","copyright":{"license":"U"},"width":1000,"height":1000}},"subContentId":"e8213c20-8d86-44e0-9649-a9565c3a0a25","metadata":{"contentType":"Image","license":"U","title":"Untitled Image"}},"backgroundOpacity":0,"willDoAnimation":false,"animationType":"glow","displayAsButton":false,"buttonSize":"big","goToSlideType":"specified","invisible":false},{"x":1.2755102040816326,"y":79.34508816120906,"width":94.13265306122449,"height":20.65491183879093,"action":{"library":"H5P.CRAdvancedText 1.1","params":{"text":"<p dir=\"ltr\" style=\"text-align: center;\"><span style=\"color:#ffffff;\"><span style=\"font-size:1.75em;\">\u0915\u093f\u0902\u092c\u0939\u0941\u0928\u093e \u0938\u0917\u0933\u094d\u092f\u093e\u0902\u0928\u093e\u091a \u0906\u0920\u0935\u0932\u0947! \u092c\u0940\u092f\u093e \u0916\u0942\u092a \u0916\u0941\u0936 \u0906\u0939\u0947.<\/span><\/span><\/p>\n"},"subContentId":"214b0e73-9985-4b85-a216-562102b8c440","metadata":{"contentType":"Text","license":"U","title":"Untitled Text"}},"alwaysDisplayComments":false,"backgroundOpacity":0,"willDoAnimation":false,"animationType":"glow","displayAsButton":false,"buttonSize":"big","goToSlideType":"specified","invisible":false,"solution":""},{"x":46.96691176470588,"y":44,"width":40,"height":40,"action":{"library":"H5P.CRAudio 1.4","params":{"fitToWrapper":true,"currIndex":14,"playerMode":"minimalistic","controls":true,"autoplay":true,"playAudio":"Play audio","pauseAudio":"Pause audio","contentName":"Audio","glowColor":"#ffd85a","timeStampForEachText":[{"text":" \u0915\u093f\u0902\u092c\u0939\u0941\u0928\u093e ","startDuration":"0.3094","endDuration":"0.9923","wordfile":[{"path":"audios\/wordfile-66960d64118c2.mp3","mime":"audio\/mpeg","copyright":{"license":"U"}}]},{"text":" \u0938\u0917\u0933\u094d\u092f\u093e\u0902\u0928\u093e\u091a ","startDuration":"0.9924","endDuration":"1.6247","wordfile":[{"path":"audios\/wordfile-66960d8ebefc8.mp3","mime":"audio\/mpeg","copyright":{"license":"U"}}]},{"text":" \u0906\u0920\u0935\u0932\u0947! ","startDuration":"1.6248","endDuration":"2.1537","wordfile":[{"path":"audios\/wordfile-66960dac8d123.mp3","mime":"audio\/mpeg","copyright":{"license":"U"}}]},{"text":" \u092c\u0940\u092f\u093e ","startDuration":"2.3711","endDuration":"2.9388","wordfile":[{"path":"audios\/wordfile-66960dd915d0e.mp3","mime":"audio\/mpeg","copyright":{"license":"U"}}]},{"text":" \u0916\u0942\u092a ","startDuration":"2.9389","endDuration":"3.3190","wordfile":[{"path":"audios\/wordfile-66960df830a25.mp3","mime":"audio\/mpeg","copyright":{"license":"U"}}]},{"text":" \u0916\u0941\u0936 ","startDuration":"3.3191","endDuration":"3.6395","wordfile":[{"path":"audios\/wordfile-66960e2350ddf.mp3","mime":"audio\/mpeg","copyright":{"license":"U"}}]},{"text":" \u0906\u0939\u0947. ","startDuration":"3.6396","endDuration":"4.0231","wordfile":[{"path":"audios\/wordfile-66960e4364d96.mp3","mime":"audio\/mpeg","copyright":{"license":"U"}}]}],"files":[{"path":"audios\/files-6736eb5e2cf3a.wav","mime":"audio\/x-wav","copyright":{"license":"U"}}]},"subContentId":"db31e8d7-c726-46f0-99fc-9d1d808f6810","metadata":{"contentType":"Curious Reader Audio","license":"U","title":"Untitled Curious Reader Audio"}},"backgroundOpacity":0,"willDoAnimation":false,"animationType":"glow","displayAsButton":false,"buttonSize":"big","goToSlideType":"specified","invisible":false},{"x":36.76470588235294,"y":36.465818181818186,"width":12.316176470588234,"height":20.727272727272727,"action":{"library":"H5P.Image 1.1","params":{"contentName":"Image"},"subContentId":"852786f1-ee1f-4b26-a638-500d30586d79","metadata":{"contentType":"Image","license":"U","title":"Untitled Image"}},"backgroundOpacity":0,"willDoAnimation":true,"animationType":"glow","displayAsButton":false,"buttonSize":"big","goToSlideType":"specified","invisible":false,"id":"imgdb31e8d7-c726-46f0-99fc-9d1d808f6810_3"},{"x":29.411764705882355,"y":0,"width":40.0735294117647,"height":38.90909090909091,"action":{"library":"H5P.Image 1.1","params":{"contentName":"Image"},"subContentId":"91d8a4f5-baab-4309-a6f7-5213c27c22dd","metadata":{"contentType":"Image","license":"U","title":"Untitled Image"}},"backgroundOpacity":0,"willDoAnimation":true,"animationType":"glow","displayAsButton":false,"buttonSize":"big","goToSlideType":"specified","invisible":false,"id":"imgdb31e8d7-c726-46f0-99fc-9d1d808f6810_1"}],"slideBackgroundSelector":{}},{"elements":[{"x":5.446623093681917,"y":6.4415268817204305,"width":20.697167755991288,"height":20.64516129032258,"action":{"library":"H5P.Image 1.1","params":{"contentName":"Image","file":{"path":"images\/file-658332336bb23.png","mime":"image\/png","copyright":{"license":"U"},"width":1350,"height":487}},"subContentId":"431141b1-db9b-49f9-a897-89d4b98a1071","metadata":{"contentType":"Image","license":"U","title":"Untitled Image"}},"backgroundOpacity":0,"willDoAnimation":false,"animationType":"glow","displayAsButton":false,"buttonSize":"big","goToSlideType":"specified","invisible":false},{"x":33.769063180827885,"y":6.451612903225806,"width":18.51851851851852,"height":18.494623655913976,"action":{"library":"H5P.Image 1.1","params":{"contentName":"Image","file":{"path":"images\/file-6583323f17c54.png","mime":"image\/png","copyright":{"license":"U"},"width":814,"height":202}},"subContentId":"a78035f2-2b12-4577-b16a-50dfa0fdcbc4","metadata":{"contentType":"Image","license":"U","title":"Untitled Image"}},"backgroundOpacity":0,"willDoAnimation":false,"animationType":"glow","displayAsButton":false,"buttonSize":"big","goToSlideType":"specified","invisible":false},{"x":56.64488017429194,"y":8.602150537634408,"width":39.97821350762527,"height":15.053763440860214,"action":{"library":"H5P.Image 1.1","params":{"contentName":"Image","file":{"path":"images\/file-6583324d18788.jpg","mime":"image\/jpeg","copyright":{"license":"U"},"width":1732,"height":354}},"subContentId":"6de1a2b7-3b69-4c65-961d-e116d7efa254","metadata":{"contentType":"Image","license":"U","title":"Untitled Image"}},"backgroundOpacity":0,"willDoAnimation":false,"animationType":"glow","displayAsButton":false,"buttonSize":"big","goToSlideType":"specified","invisible":false},{"x":5.1020408163265305,"y":30.226700251889167,"width":92.15686274509804,"height":66.66666666666666,"action":{"library":"H5P.CRAdvancedText 1.1","params":{"text":"<h3 style=\"text-align: center;\"><span style=\"font-size:0.875em;\">\u201c<\/span>\u0906\u091c \u0915\u094b\u0923\u0924\u093e \u0926\u093f\u0935\u0938 \u0906\u0939\u0947?<span style=\"font-size:0.875em;\">\u201d credits<\/span><\/h3>\n\n<h3 style=\"text-align: center;\"><span style=\"font-size:0.875em;\">This work, \u201c<\/span>\u0906\u091c \u0915\u094b\u0923\u0924\u093e \u0926\u093f\u0935\u0938 \u0906\u0939\u0947?<span style=\"font-size:0.875em;\">\u201d is a derivative of Hari Apakah Ini? (What Day Is It?), Author: Vannia Rizky Santoso. Illustrator: Vannia Rizky Santoso. Published by The Asia Foundation - Let's <a href=\"http:\/\/www.letsreadasia.org\/\">Read, https:\/\/www.letsreadasia.org <\/a>\u00a9 The Asia Foundation - Let's Read. Released under CC BY-NC 4.0.<\/span><\/h3>\n\n<h3 style=\"text-align: center;\"><span style=\"font-size:0.875em;\">\u201c<\/span>\u0906\u091c \u0915\u094b\u0923\u0924\u093e \u0926\u093f\u0935\u0938 \u0906\u0939\u0947?<span style=\"font-size:0.875em;\">\u201d is licensed under CC BY 4.0 by Curious Learning.<\/span><\/h3>\n\n<h3 style=\"text-align: center;\"><span style=\"font-size:0.875em;\">Book builder - Abraham Jerry Kakooza<\/span><\/h3>\n"},"subContentId":"d72bca25-ea0d-42cd-8a46-96fdd6d1d8bc","metadata":{"contentType":"Text","license":"U","title":"Untitled Text"}},"alwaysDisplayComments":false,"backgroundOpacity":0,"willDoAnimation":false,"animationType":"glow","displayAsButton":false,"buttonSize":"big","goToSlideType":"specified","invisible":false,"solution":""}],"slideBackgroundSelector":{}}],"keywordListEnabled":true,"globalBackgroundSelector":{},"keywordListAlwaysShow":false,"keywordListAutoHide":false,"keywordListOpacity":90},"override":{"activeSurface":false,"hideSummarySlide":false,"summarySlideSolutionButton":true,"summarySlideRetryButton":true,"enablePrintButton":false,"social":{"showFacebookShare":false,"facebookShare":{"url":"@currentpageurl","quote":"I scored @score out of @maxScore on a task at @currentpageurl."},"showTwitterShare":false,"twitterShare":{"statement":"I scored @score out of @maxScore on a task at @currentpageurl.","url":"@currentpageurl","hashtags":"h5p, course"},"showGoogleShare":false,"googleShareUrl":"@currentpageurl"}},"l10n":{"slide":"Slide","score":"Score","yourScore":"Your Score","maxScore":"Max Score","total":"Total","totalScore":"Total Score","showSolutions":"Show solutions","retry":"Retry","exportAnswers":"Export text","hideKeywords":"Hide sidebar navigation menu","showKeywords":"Show sidebar navigation menu","fullscreen":"Fullscreen","exitFullscreen":"Exit fullscreen","prevSlide":"Previous slide","nextSlide":"Next slide","currentSlide":"Current slide","lastSlide":"Last slide","solutionModeTitle":"Exit solution mode","solutionModeText":"Solution Mode","summaryMultipleTaskText":"Multiple tasks","scoreMessage":"You achieved:","shareFacebook":"Share on Facebook","shareTwitter":"Share on Twitter","shareGoogle":"Share on Google+","summary":"Summary","solutionsButtonTitle":"Show comments","printTitle":"Print","printIngress":"How would you like to print this presentation?","printAllSlides":"Print all slides","printCurrentSlide":"Print current slide","noTitle":"No title","accessibilitySlideNavigationExplanation":"Use left and right arrow to change slide in that direction whenever canvas is selected.","accessibilityCanvasLabel":"Presentation canvas. Use left and right arrow to move between slides.","containsNotCompleted":"@slideName contains not completed interaction","containsCompleted":"@slideName contains completed interaction","slideCount":"Slide @index of @total","containsOnlyCorrect":"@slideName only has correct answers","containsIncorrectAnswers":"@slideName has incorrect answers","shareResult":"Share Result","accessibilityTotalScore":"You got @score of @maxScore points in total","accessibilityEnteredFullscreen":"Entered fullscreen","accessibilityExitedFullscreen":"Exited fullscreen"}}