{"presentation":{"slides":[{"elements":[{"x":8.928571428571429,"y":7.552745591939547,"width":83.29081632653062,"height":83.1234256926952,"action":{"library":"H5P.Image 1.1","params":{"contentName":"Image","file":{"path":"images\/file-6218feaadd814.jpg","mime":"image\/jpeg","copyright":{"license":"U"},"width":959,"height":459}},"metadata":{"contentType":"Image","license":"U","title":"Untitled Image"},"subContentId":"d3293589-4415-4ebf-ae1a-961ae11f41b0"},"backgroundOpacity":0,"willDoAnimation":false,"animationType":"glow","displayAsButton":false,"buttonSize":"big","goToSlideType":"specified","invisible":false},{"x":12.755102040816327,"y":80.60453400503778,"width":75.25510204081633,"height":15.113350125944583,"action":{"library":"H5P.CRAdvancedText 1.1","params":{"text":"<p style=\"text-align: center;\"><span style=\"font-size:3em;\"><span><span><span style=\"background-color:#f1c40f;\">Yamb bi ak \u00d1ay bi<\/span><\/span><\/span><\/span><\/p>\n"},"metadata":{"contentType":"Text","license":"U","title":"Untitled Text"},"subContentId":"2c273e0b-7b7e-487c-ab9a-2b8cf8caa347"},"alwaysDisplayComments":false,"backgroundOpacity":0,"willDoAnimation":false,"animationType":"glow","displayAsButton":false,"buttonSize":"big","goToSlideType":"specified","invisible":false,"solution":""}],"slideBackgroundSelector":{}},{"elements":[{"x":15.306122448979592,"y":7.552745591939547,"width":70.1530612244898,"height":70.27707808564232,"action":{"library":"H5P.Image 1.1","params":{"contentName":"Image","file":{"path":"images\/file-6218ffb5ab0a2.jpg","mime":"image\/jpeg","copyright":{"license":"U"},"width":959,"height":516}},"metadata":{"contentType":"Image","license":"U","title":"Untitled Image"},"subContentId":"2bbb9c77-9eee-4ecd-9b60-31b9970388a6"},"backgroundOpacity":0,"willDoAnimation":false,"animationType":"glow","displayAsButton":false,"buttonSize":"big","goToSlideType":"specified","invisible":false},{"x":0,"y":75.52745591939546,"width":99.23469387755102,"height":24.43324937027708,"action":{"library":"H5P.CRAdvancedText 1.1","params":{"text":"<p style=\"text-align: center;\"><span style=\"color:#ffffff;\"><span style=\"font-size:1.75em;\">Yamb bu ndaw bi dafa r\u00e9er. Ndax Seri\u00f1 \u00f1ay m\u00ebn nga \u00f1o dimb\u00eble ?<\/span><\/span><\/p>\n"},"metadata":{"contentType":"Text","license":"U","title":"Untitled Text"},"subContentId":"4aae8963-063a-414b-a5ee-afd72856f053"},"alwaysDisplayComments":false,"backgroundOpacity":0,"willDoAnimation":false,"animationType":"glow","displayAsButton":false,"buttonSize":"big","goToSlideType":"specified","invisible":false,"solution":""},{"x":47.00255102040816,"y":43.95465994962216,"width":40,"height":40,"action":{"library":"H5P.CRAudio 1.4","params":{"fitToWrapper":true,"currIndex":1,"playerMode":"minimalistic","controls":true,"autoplay":true,"playAudio":"Play audio","pauseAudio":"Pause audio","contentName":"Audio","glowColor":"#ffd85a","timeStampForEachText":[{"text":" Yamb ","startDuration":"0.5751","endDuration":"1.2970","wordfile":[{"path":"audios\/wordfile-653a437519d2d.mp3","mime":"audio\/mpeg","copyright":{"license":"U"}}]},{"text":" bu ","startDuration":"1.3619","endDuration":"1.6684","wordfile":[{"path":"audios\/wordfile-653a438ad8395.mp3","mime":"audio\/mpeg","copyright":{"license":"U"}}]},{"text":" ndaw ","startDuration":"1.5949","endDuration":"2.0292","wordfile":[{"path":"audios\/wordfile-653a43c990edc.mp3","mime":"audio\/mpeg","copyright":{"license":"U"}}]},{"text":" bi ","startDuration":"2.0302","endDuration":"2.3261","wordfile":[{"path":"audios\/wordfile-653a43e38d859.mp3","mime":"audio\/mpeg","copyright":{"license":"U"}}]},{"text":" dafa ","startDuration":"2.5082","endDuration":"3.3365","wordfile":[{"path":"audios\/wordfile-653a43fbce3b3.mp3","mime":"audio\/mpeg","copyright":{"license":"U"}}]},{"text":" r\u00e9er. ","startDuration":"3.3375","endDuration":"4.0700","wordfile":[{"path":"audios\/wordfile-653a44154c9b4.mp3","mime":"audio\/mpeg","copyright":{"license":"U"}}]},{"text":" Ndax ","startDuration":"4.3799","endDuration":"4.8994","wordfile":[{"path":"audios\/wordfile-653a443081fa3.mp3","mime":"audio\/mpeg","copyright":{"license":"U"}}]},{"text":" Seri\u00f1 ","startDuration":"4.9004","endDuration":"5.3560","wordfile":[{"path":"audios\/wordfile-653a444fb7eb7.mp3","mime":"audio\/mpeg","copyright":{"license":"U"}}]},{"text":" \u00f1ay ","startDuration":"5.3570","endDuration":"5.8126","wordfile":[{"path":"audios\/wordfile-653a44601c8ee.mp3","mime":"audio\/mpeg","copyright":{"license":"U"}}]},{"text":" m\u00ebn ","startDuration":"5.8136","endDuration":"6.4822","wordfile":[{"path":"audios\/wordfile-653a44759465f.mp3","mime":"audio\/mpeg","copyright":{"license":"U"}}]},{"text":" nga ","startDuration":"6.4832","endDuration":"6.6939","wordfile":[{"path":"audios\/wordfile-653a449a86b7b.mp3","mime":"audio\/mpeg","copyright":{"license":"U"}}]},{"text":" \u00f1o ","startDuration":"6.6949","endDuration":"6.8949","wordfile":[{"path":"audios\/wordfile-653a44b9eb52e.mp3","mime":"audio\/mpeg","copyright":{"license":"U"}}]},{"text":" dimb\u00eble ? ","startDuration":"6.8959","endDuration":"7.6391","wordfile":[{"path":"audios\/wordfile-653a44d09ab29.mp3","mime":"audio\/mpeg","copyright":{"license":"U"}}]}],"files":[{"path":"audios\/files-653a433077709.mp3","mime":"audio\/mpeg","copyright":{"license":"U"}}]},"subContentId":"30e0d0df-0c64-49a6-8cb2-bd3cb7918a91","metadata":{"contentType":"Curious Reader Audio","license":"U","title":"Untitled Curious Reader Audio"}},"backgroundOpacity":0,"willDoAnimation":false,"animationType":"glow","displayAsButton":false,"buttonSize":"big","goToSlideType":"specified","invisible":false},{"x":38.26428571428572,"y":37.7735516372796,"width":11.73469387755102,"height":37.531486146095716,"action":{"library":"H5P.Image 1.1","params":{"contentName":"Image"},"subContentId":"fb2b5592-fd47-4b8f-93a0-b7fb995580cd","metadata":{"contentType":"Image","license":"U","title":"Untitled Image"}},"backgroundOpacity":0,"willDoAnimation":true,"animationType":"glow","displayAsButton":false,"buttonSize":"big","goToSlideType":"specified","invisible":false,"id":"img30e0d0df-0c64-49a6-8cb2-bd3cb7918a91_0"},{"x":24.23469387755102,"y":2.5188916876574305,"width":40,"height":40,"action":{"library":"H5P.Image 1.1","params":{"contentName":"Image"},"subContentId":"6773e1c3-5d49-4848-ba74-af400968eefd","metadata":{"contentType":"Image","license":"U","title":"Untitled Image"}},"backgroundOpacity":0,"willDoAnimation":true,"animationType":"glow","displayAsButton":false,"buttonSize":"big","goToSlideType":"specified","invisible":false,"id":"img30e0d0df-0c64-49a6-8cb2-bd3cb7918a91_8"}],"slideBackgroundSelector":{}},{"elements":[{"x":10.204081632653061,"y":10.067707808564231,"width":42.09183673469388,"height":81.86397984886649,"action":{"library":"H5P.Image 1.1","params":{"contentName":"Image","file":{"path":"images\/file-6218ffe4e89b7.jpg","mime":"image\/jpeg","copyright":{"license":"U"},"width":639,"height":689}},"metadata":{"contentType":"Image","license":"U","title":"Untitled Image"},"subContentId":"b7755801-542c-47a3-8297-16f0bb468bf7"},"backgroundOpacity":0,"willDoAnimation":false,"animationType":"glow","displayAsButton":false,"buttonSize":"big","goToSlideType":"specified","invisible":false},{"x":53.57142857142857,"y":40.30226700251889,"width":41.58163265306123,"height":32.7455919395466,"action":{"library":"H5P.CRAdvancedText 1.1","params":{"text":"<p dir=\"ltr\" style=\"text-align: center;\"><span style=\"font-size:2.25em;\"><span style=\"color:#ffffff;\">Ndax daga d\u00ebkk ci ap t\u00e1gg ?<\/span><\/span><\/p>\n"},"metadata":{"contentType":"Text","license":"U","title":"Untitled Text"},"subContentId":"e51ed5c9-4966-4bbc-a505-70aa7af4e53e"},"alwaysDisplayComments":false,"backgroundOpacity":0,"willDoAnimation":false,"animationType":"glow","displayAsButton":false,"buttonSize":"big","goToSlideType":"specified","invisible":false,"solution":""},{"x":47.00255102040816,"y":43.95465994962216,"width":40,"height":40,"action":{"library":"H5P.CRAudio 1.4","params":{"fitToWrapper":true,"currIndex":2,"playerMode":"minimalistic","controls":true,"autoplay":true,"playAudio":"Play audio","pauseAudio":"Pause audio","contentName":"Audio","glowColor":"#ffd85a","timeStampForEachText":[{"text":" Ndax ","startDuration":"0.0000","endDuration":"0.3503","wordfile":[{"path":"audios\/wordfile-653a450ed4534.mp3","mime":"audio\/mpeg","copyright":{"license":"U"}}]},{"text":" daga ","startDuration":"0.3513","endDuration":"0.7391","wordfile":[{"path":"audios\/wordfile-653a453579e75.mp3","mime":"audio\/mpeg","copyright":{"license":"U"}}]},{"text":" d\u00ebkk ","startDuration":"0.7401","endDuration":"1.0630","wordfile":[{"path":"audios\/wordfile-653a454f98219.mp3","mime":"audio\/mpeg","copyright":{"license":"U"}}]},{"text":" ci ","startDuration":"1.0470","endDuration":"1.1957","wordfile":[{"path":"audios\/wordfile-653a457dad49e.mp3","mime":"audio\/mpeg","copyright":{"license":"U"}}]},{"text":" ap ","startDuration":"1.1967","endDuration":"1.3967","wordfile":[{"path":"audios\/wordfile-653a45930f32f.mp3","mime":"audio\/mpeg","copyright":{"license":"U"}}]},{"text":" t\u00e1gg ? ","startDuration":"1.3977","endDuration":"1.9665","wordfile":[{"path":"audios\/wordfile-653a461e27329.wav","mime":"audio\/x-wav","copyright":{"license":"U"}}]}],"files":[{"path":"audios\/files-653a44f28b53b.mp3","mime":"audio\/mpeg","copyright":{"license":"U"}}]},"subContentId":"01f1003a-8e38-44e6-89cb-5570a2cfb4a3","metadata":{"contentType":"Curious Reader Audio","license":"U","title":"Untitled Curious Reader Audio"}},"backgroundOpacity":0,"willDoAnimation":false,"animationType":"glow","displayAsButton":false,"buttonSize":"big","goToSlideType":"specified","invisible":false},{"x":31.887755102040817,"y":7.556675062972292,"width":17.091836734693878,"height":19.395465994962215,"action":{"library":"H5P.Image 1.1","params":{"contentName":"Image"},"subContentId":"dd1469b3-6fb9-40d7-9e25-2b6cfdb672f8","metadata":{"contentType":"Image","license":"U","title":"Untitled Image"}},"backgroundOpacity":0,"willDoAnimation":true,"animationType":"glow","displayAsButton":false,"buttonSize":"big","goToSlideType":"specified","invisible":false,"id":"img01f1003a-8e38-44e6-89cb-5570a2cfb4a3_5"}],"slideBackgroundSelector":{}},{"elements":[{"x":35.714285714285715,"y":7.556675062972292,"width":59.183673469387756,"height":88.16120906801007,"action":{"library":"H5P.Image 1.1","params":{"contentName":"Image","file":{"path":"images\/file-622968c200f21.jpg","mime":"image\/jpeg","copyright":{"license":"U"},"width":959,"height":689}},"metadata":{"contentType":"Image","license":"U","title":"Untitled Image"},"subContentId":"6dda1904-9558-44a2-9d92-da9e8e720301"},"backgroundOpacity":0,"willDoAnimation":false,"animationType":"glow","displayAsButton":false,"buttonSize":"big","goToSlideType":"specified","invisible":false},{"x":5.1020408163265305,"y":45.34005037783375,"width":51.02040816326531,"height":35.26448362720403,"action":{"library":"H5P.CRAdvancedText 1.1","params":{"text":"<p dir=\"ltr\" style=\"text-align: center;\"><span style=\"color:#ffffff;\"><span style=\"font-size:2.25em;\">Dedett, ap picc moy d\u00ebkk ci ap t\u00e1gg.<\/span><\/span><\/p>\n"},"metadata":{"contentType":"Text","license":"U","title":"Untitled Text"},"subContentId":"b5ce8302-1b42-4a4c-a167-8ee872cc8cbf"},"alwaysDisplayComments":false,"backgroundOpacity":0,"willDoAnimation":false,"animationType":"glow","displayAsButton":false,"buttonSize":"big","goToSlideType":"specified","invisible":false,"solution":""},{"x":47.00255102040816,"y":43.95465994962216,"width":40,"height":40,"action":{"library":"H5P.CRAudio 1.4","params":{"fitToWrapper":true,"currIndex":3,"playerMode":"minimalistic","controls":true,"autoplay":true,"playAudio":"Play audio","pauseAudio":"Pause audio","contentName":"Audio","glowColor":"#ffd85a","timeStampForEachText":[{"text":" Dedett, ","startDuration":"0.6105","endDuration":"1.6220","wordfile":[{"path":"audios\/wordfile-653a46628078d.mp3","mime":"audio\/mpeg","copyright":{"license":"U"}}]},{"text":" ap ","startDuration":"2.0396","endDuration":"2.2970","wordfile":[{"path":"audios\/wordfile-653a4673a999f.mp3","mime":"audio\/mpeg","copyright":{"license":"U"}}]},{"text":" picc ","startDuration":"2.2980","endDuration":"2.9217","wordfile":[{"path":"audios\/wordfile-653a4687a46d6.mp3","mime":"audio\/mpeg","copyright":{"license":"U"}}]},{"text":" moy ","startDuration":"2.9299","endDuration":"3.2664","wordfile":[{"path":"audios\/wordfile-653a472894bc4.wav","mime":"audio\/x-wav","copyright":{"license":"U"}}]},{"text":" d\u00ebkk ","startDuration":"3.2674","endDuration":"3.8480","wordfile":[{"path":"audios\/wordfile-653a474164d2b.mp3","mime":"audio\/mpeg","copyright":{"license":"U"}}]},{"text":" ci ","startDuration":"3.8203","endDuration":"4.0203","wordfile":[{"path":"audios\/wordfile-653a474fbe860.mp3","mime":"audio\/mpeg","copyright":{"license":"U"}}]},{"text":" ap ","startDuration":"4.0141","endDuration":"4.2141","wordfile":[{"path":"audios\/wordfile-653a477a02191.mp3","mime":"audio\/mpeg","copyright":{"license":"U"}}]},{"text":" t\u00e1gg. ","startDuration":"4.2151","endDuration":"4.7886","wordfile":[{"path":"audios\/wordfile-653a4789ea04c.wav","mime":"audio\/x-wav","copyright":{"license":"U"}}]}],"files":[{"path":"audios\/files-653a4643171c9.mp3","mime":"audio\/mpeg","copyright":{"license":"U"}}]},"subContentId":"87c1e066-4d52-42e8-a81d-8c9904379e86","metadata":{"contentType":"Curious Reader Audio","license":"U","title":"Untitled Curious Reader Audio"}},"backgroundOpacity":0,"willDoAnimation":false,"animationType":"glow","displayAsButton":false,"buttonSize":"big","goToSlideType":"specified","invisible":false},{"x":54.8469387755102,"y":12.578715365239296,"width":12.372448979591837,"height":24.43324937027708,"action":{"library":"H5P.Image 1.1","params":{"contentName":"Image"},"subContentId":"f75703cf-f959-4655-bd8c-0e24524d8e5f","metadata":{"contentType":"Image","license":"U","title":"Untitled Image"}},"backgroundOpacity":0,"willDoAnimation":true,"animationType":"glow","displayAsButton":false,"buttonSize":"big","goToSlideType":"specified","invisible":false,"id":"img87c1e066-4d52-42e8-a81d-8c9904379e86_2"}],"slideBackgroundSelector":{"fillSlideBackground":"#ffffff"}},{"elements":[{"x":8.16326530612245,"y":9.06801007556675,"width":44.642857142857146,"height":83.37531486146095,"action":{"library":"H5P.Image 1.1","params":{"contentName":"Image","file":{"path":"images\/file-62190037abe9d.jpg","mime":"image\/jpeg","copyright":{"license":"U"},"width":639,"height":689}},"metadata":{"contentType":"Image","license":"U","title":"Untitled Image"},"subContentId":"51bdab42-84f8-4668-aa02-ac7c18a49044"},"backgroundOpacity":0,"willDoAnimation":false,"animationType":"glow","displayAsButton":false,"buttonSize":"big","goToSlideType":"specified","invisible":false},{"x":54.20918367346939,"y":38.0352644836272,"width":41.58163265306123,"height":35.26448362720403,"action":{"library":"H5P.CRAdvancedText 1.1","params":{"text":"<p style=\"text-align: center;\"><span style=\"color:#ffffff;\"><span style=\"font-size:2.25em;\">Ndax daga d\u00ebkk ci ap xunt ?<\/span><\/span><\/p>\n"},"metadata":{"contentType":"Text","license":"U","title":"Untitled Text"},"subContentId":"d2328f8e-c835-48d6-a521-8538a571c576"},"alwaysDisplayComments":false,"backgroundOpacity":0,"willDoAnimation":false,"animationType":"glow","displayAsButton":false,"buttonSize":"big","goToSlideType":"specified","invisible":false,"solution":""},{"x":47.00255102040816,"y":43.95465994962216,"width":40,"height":40,"action":{"library":"H5P.CRAudio 1.4","params":{"fitToWrapper":true,"currIndex":4,"playerMode":"minimalistic","controls":true,"autoplay":true,"playAudio":"Play audio","pauseAudio":"Pause audio","contentName":"Audio","glowColor":"#ffd85a","timeStampForEachText":[{"text":" Ndax ","startDuration":"0.7053","endDuration":"1.1803","wordfile":[{"path":"audios\/wordfile-653a97eda18d8.mp3","mime":"audio\/mpeg","copyright":{"license":"U"}}]},{"text":" daga ","startDuration":"1.1813","endDuration":"1.3813","wordfile":[{"path":"audios\/wordfile-653a9851029fe.mp3","mime":"audio\/mpeg","copyright":{"license":"U"}}]},{"text":" d\u00ebkk ","startDuration":"1.3912","endDuration":"1.7864","wordfile":[{"path":"audios\/wordfile-653a986cba1f9.mp3","mime":"audio\/mpeg","copyright":{"license":"U"}}]},{"text":" ci ","startDuration":"1.7785","endDuration":"1.8942","wordfile":[{"path":"audios\/wordfile-653a989f0d902.mp3","mime":"audio\/mpeg","copyright":{"license":"U"}}]},{"text":" ap ","startDuration":"1.8952","endDuration":"2.0952","wordfile":[{"path":"audios\/wordfile-653a98b429c19.mp3","mime":"audio\/mpeg","copyright":{"license":"U"}}]},{"text":" xunt ? ","startDuration":"2.0962","endDuration":"2.6777","wordfile":[{"path":"audios\/wordfile-653a98cf85bf8.mp3","mime":"audio\/mpeg","copyright":{"license":"U"}}]}],"files":[{"path":"audios\/files-653a97d53bb6e.mp3","mime":"audio\/mpeg","copyright":{"license":"U"}}]},"subContentId":"dd81bedf-3ceb-4fe6-8f27-5465036205b2","metadata":{"contentType":"Curious Reader Audio","license":"U","title":"Untitled Curious Reader Audio"}},"backgroundOpacity":0,"willDoAnimation":false,"animationType":"glow","displayAsButton":false,"buttonSize":"big","goToSlideType":"specified","invisible":false},{"x":16.581632653061224,"y":10.075566750629722,"width":31.122448979591837,"height":29.471032745591938,"action":{"library":"H5P.Image 1.1","params":{"contentName":"Image"},"subContentId":"075a9403-93a7-47b3-a637-1784c600a15f","metadata":{"contentType":"Image","license":"U","title":"Untitled Image"}},"backgroundOpacity":0,"willDoAnimation":true,"animationType":"glow","displayAsButton":false,"buttonSize":"big","goToSlideType":"specified","invisible":false,"id":"imgdd81bedf-3ceb-4fe6-8f27-5465036205b2_5"}],"slideBackgroundSelector":{}},{"elements":[{"x":37.00178571428571,"y":12.838488664987405,"width":56.88775510204082,"height":85.64231738035264,"action":{"library":"H5P.Image 1.1","params":{"contentName":"Image","file":{"path":"images\/file-6219006a2ebe7.jpg","mime":"image\/jpeg","copyright":{"license":"U"},"width":959,"height":689}},"metadata":{"contentType":"Image","license":"U","title":"Untitled Image"},"subContentId":"d487e053-3e55-4b54-b3b2-2ccbcd81366b"},"backgroundOpacity":0,"willDoAnimation":false,"animationType":"glow","displayAsButton":false,"buttonSize":"big","goToSlideType":"specified","invisible":false},{"x":5.1020408163265305,"y":42.79748110831235,"width":53.57142857142857,"height":32.7455919395466,"action":{"library":"H5P.CRAdvancedText 1.1","params":{"text":"<p style=\"text-align: center;\"><span style=\"color:#ffffff;\"><span style=\"font-size:2.25em;\">Dedett, A njugub moy d\u00ebkk ci ap xunt.<\/span><\/span><\/p>\n"},"metadata":{"contentType":"Text","license":"U","title":"Untitled Text"},"subContentId":"cff86dc6-e102-4afc-a33b-14f94230251a"},"alwaysDisplayComments":false,"backgroundOpacity":0,"willDoAnimation":false,"animationType":"glow","displayAsButton":false,"buttonSize":"big","goToSlideType":"specified","invisible":false,"solution":""},{"x":47.00255102040816,"y":43.95465994962216,"width":40,"height":40,"action":{"library":"H5P.CRAudio 1.4","params":{"fitToWrapper":true,"currIndex":5,"playerMode":"minimalistic","controls":true,"autoplay":true,"playAudio":"Play audio","pauseAudio":"Pause audio","contentName":"Audio","glowColor":"#ffd85a","timeStampForEachText":[{"text":" Dedett, ","startDuration":"0.5137","endDuration":"1.4911","wordfile":[{"path":"audios\/wordfile-653a9f6190af1.mp3","mime":"audio\/mpeg","copyright":{"license":"U"}}]},{"text":" A ","startDuration":"1.9315","endDuration":"2.1788","wordfile":[{"path":"audios\/wordfile-653a9f77ef364.mp3","mime":"audio\/mpeg","copyright":{"license":"U"}}]},{"text":" njugub ","startDuration":"2.1798","endDuration":"2.7989","wordfile":[{"path":"audios\/wordfile-653a9f8e4261a.mp3","mime":"audio\/mpeg","copyright":{"license":"U"}}]},{"text":" moy ","startDuration":"2.7999","endDuration":"3.2770","wordfile":[{"path":"audios\/wordfile-653a9fa1dbd79.wav","mime":"audio\/x-wav","copyright":{"license":"U"}}]},{"text":" d\u00ebkk ","startDuration":"3.2780","endDuration":"3.6808","wordfile":[{"path":"audios\/wordfile-653a9fb5c4ec2.mp3","mime":"audio\/mpeg","copyright":{"license":"U"}}]},{"text":" ci ","startDuration":"3.6818","endDuration":"3.9088","wordfile":[{"path":"audios\/wordfile-653a9fc7bd54d.mp3","mime":"audio\/mpeg","copyright":{"license":"U"}}]},{"text":" ap ","startDuration":"3.9098","endDuration":"4.1098","wordfile":[{"path":"audios\/wordfile-653a9fd5ed127.mp3","mime":"audio\/mpeg","copyright":{"license":"U"}}]},{"text":" xunt. ","startDuration":"4.1108","endDuration":"4.6623","wordfile":[{"path":"audios\/wordfile-653a9fe8615d3.mp3","mime":"audio\/mpeg","copyright":{"license":"U"}}]}],"files":[{"path":"audios\/files-653a9f4dac71e.mp3","mime":"audio\/mpeg","copyright":{"license":"U"}}]},"subContentId":"c4ac0149-d4a3-4b7f-a396-eb80476c4432","metadata":{"contentType":"Curious Reader Audio","license":"U","title":"Untitled Curious Reader Audio"}},"backgroundOpacity":0,"willDoAnimation":false,"animationType":"glow","displayAsButton":false,"buttonSize":"big","goToSlideType":"specified","invisible":false},{"x":73.9795918367347,"y":12.594458438287154,"width":19.642857142857142,"height":32.49370277078086,"action":{"library":"H5P.Image 1.1","params":{"contentName":"Image"},"subContentId":"5ecfd9b0-9e68-4d57-9966-ddf292400fa9","metadata":{"contentType":"Image","license":"U","title":"Untitled Image"}},"backgroundOpacity":0,"willDoAnimation":true,"animationType":"glow","displayAsButton":false,"buttonSize":"big","goToSlideType":"specified","invisible":false,"id":"imgc4ac0149-d4a3-4b7f-a396-eb80476c4432_2"}],"slideBackgroundSelector":{"fillSlideBackground":"#ffffff"}},{"elements":[{"x":7.653061224489796,"y":9.571788413098236,"width":43.36734693877551,"height":83.1234256926952,"action":{"library":"H5P.Image 1.1","params":{"contentName":"Image","file":{"path":"images\/file-621900957ede6.jpg","mime":"image\/jpeg","copyright":{"license":"U"},"width":639,"height":689}},"metadata":{"contentType":"Image","license":"U","title":"Untitled Image"},"subContentId":"784af8c2-2763-4176-9310-dd6f34dbc1e5"},"backgroundOpacity":0,"willDoAnimation":false,"animationType":"glow","displayAsButton":false,"buttonSize":"big","goToSlideType":"specified","invisible":false},{"x":52.295918367346935,"y":30.20302267002519,"width":43.36734693877551,"height":60.45340050377833,"action":{"library":"H5P.CRAdvancedText 1.1","params":{"text":"<p dir=\"ltr\" style=\"text-align: center;\"><span style=\"color:#ffffff;\"><span style=\"font-size:2.25em;\">Ndax daga d\u00ebkk ci ap n\u00e9ggu &amp;ndash;&nbsp;t\u00e1gg ?<\/span><\/span><\/p>\n"},"subContentId":"77b3be75-1c8c-4839-bb8b-40746596209e","metadata":{"contentType":"Text","license":"U","title":"Untitled Text"}},"alwaysDisplayComments":false,"backgroundOpacity":0,"willDoAnimation":false,"animationType":"glow","displayAsButton":false,"buttonSize":"big","goToSlideType":"specified","invisible":false,"solution":""},{"x":47.00255102040816,"y":43.95465994962216,"width":40,"height":40,"action":{"library":"H5P.CRAudio 1.4","params":{"fitToWrapper":true,"currIndex":6,"playerMode":"minimalistic","controls":true,"autoplay":true,"playAudio":"Play audio","pauseAudio":"Pause audio","contentName":"Audio","glowColor":"#ffd85a","timeStampForEachText":[{"text":" Ndax ","startDuration":"0.2850","endDuration":"0.7149","wordfile":[{"path":"audios\/wordfile-653aa475e7660.mp3","mime":"audio\/mpeg","copyright":{"license":"U"}}]},{"text":" daga ","startDuration":"0.7159","endDuration":"1.0609","wordfile":[{"path":"audios\/wordfile-653aa4838cdac.mp3","mime":"audio\/mpeg","copyright":{"license":"U"}}]},{"text":" d\u00ebkk ","startDuration":"1.0369","endDuration":"1.5168","wordfile":[{"path":"audios\/wordfile-653aa4a0786bc.mp3","mime":"audio\/mpeg","copyright":{"license":"U"}}]},{"text":" ci ","startDuration":"1.6228","endDuration":"1.8228","wordfile":[{"path":"audios\/wordfile-653aa4b35b74b.mp3","mime":"audio\/mpeg","copyright":{"license":"U"}}]},{"text":" ap ","startDuration":"1.8238","endDuration":"2.0238","wordfile":[{"path":"audios\/wordfile-653aa4c07817c.mp3","mime":"audio\/mpeg","copyright":{"license":"U"}}]},{"text":" n\u00e9ggu \u2013\u00a0t\u00e1gg ? ","startDuration":"2.0248","endDuration":"3.0547","wordfile":[{"path":"audios\/wordfile-653aa4daeb57f.mp3","mime":"audio\/mpeg","copyright":{"license":"U"}}]}],"files":[{"path":"audios\/files-653aa45d33d5a.mp3","mime":"audio\/mpeg","copyright":{"license":"U"}}]},"subContentId":"a01b4fd0-bddb-4fe2-b65a-0076fbd42a0e","metadata":{"contentType":"Curious Reader Audio","license":"U","title":"Untitled Curious Reader Audio"}},"backgroundOpacity":0,"willDoAnimation":false,"animationType":"glow","displayAsButton":false,"buttonSize":"big","goToSlideType":"specified","invisible":false},{"x":5.1020408163265305,"y":0,"width":49.36224489795919,"height":49.622166246851386,"action":{"library":"H5P.Image 1.1","params":{"contentName":"Image"},"subContentId":"b0b0d981-0c24-46f6-9f59-7ccbca256807","metadata":{"contentType":"Image","license":"U","title":"Untitled Image"}},"backgroundOpacity":0,"willDoAnimation":true,"animationType":"glow","displayAsButton":false,"buttonSize":"big","goToSlideType":"specified","invisible":false,"id":"imga01b4fd0-bddb-4fe2-b65a-0076fbd42a0e_5"}],"slideBackgroundSelector":{}},{"elements":[{"x":6.63265306122449,"y":12.846347607052897,"width":52.67857142857143,"height":79.5969773299748,"action":{"library":"H5P.Image 1.1","params":{"contentName":"Image","file":{"path":"images\/file-621900bb6d423.jpg","mime":"image\/jpeg","copyright":{"license":"U"},"width":959,"height":689}},"metadata":{"contentType":"Image","license":"U","title":"Untitled Image"},"subContentId":"2a5cc1d1-9746-4931-9b7c-b1c4a556bd4a"},"backgroundOpacity":0,"willDoAnimation":false,"animationType":"glow","displayAsButton":false,"buttonSize":"big","goToSlideType":"specified","invisible":false,"id":""},{"x":49.744897959183675,"y":30.19521410579345,"width":45.1530612244898,"height":50.377833753148614,"action":{"library":"H5P.CRAdvancedText 1.1","params":{"text":"<p style=\"text-align: center;\"><span style=\"color:#ffffff;\"><span style=\"font-size:2.25em;\">Waaw, n\u00e9ggu &amp;ndash;&nbsp;t\u00e1gg bi moy sama k\u00ebr.<\/span><\/span><\/p>\n"},"subContentId":"448e73d3-b259-4251-a9bd-b13b6a4e1033","metadata":{"contentType":"Text","license":"U","title":"Untitled Text"}},"alwaysDisplayComments":false,"backgroundOpacity":0,"willDoAnimation":false,"animationType":"glow","displayAsButton":false,"buttonSize":"big","goToSlideType":"specified","invisible":false,"solution":""},{"x":47.00255102040816,"y":43.95465994962216,"width":40,"height":40,"action":{"library":"H5P.CRAudio 1.4","params":{"fitToWrapper":true,"currIndex":7,"playerMode":"minimalistic","controls":true,"autoplay":true,"playAudio":"Play audio","pauseAudio":"Pause audio","contentName":"Audio","glowColor":"#ffd85a","timeStampForEachText":[{"text":" Waaw, ","startDuration":"0.3982","endDuration":"1.2659","wordfile":[{"path":"audios\/wordfile-653aa56db3f8a.mp3","mime":"audio\/mpeg","copyright":{"license":"U"}}]},{"text":" n\u00e9ggu \u2013\u00a0t\u00e1gg ","startDuration":"1.2669","endDuration":"2.4715","wordfile":[{"path":"audios\/wordfile-653aa58c8f632.mp3","mime":"audio\/mpeg","copyright":{"license":"U"}}]},{"text":" bi ","startDuration":"2.4725","endDuration":"2.9175","wordfile":[{"path":"audios\/wordfile-653aa5a26acf1.mp3","mime":"audio\/mpeg","copyright":{"license":"U"}}]},{"text":" moy ","startDuration":"2.9185","endDuration":"3.4615","wordfile":[{"path":"audios\/wordfile-653aa5baf3a34.wav","mime":"audio\/x-wav","copyright":{"license":"U"}}]},{"text":" sama ","startDuration":"3.4625","endDuration":"3.9259","wordfile":[{"path":"audios\/wordfile-653aa5cb741ab.mp3","mime":"audio\/mpeg","copyright":{"license":"U"}}]},{"text":" k\u00ebr. ","startDuration":"3.9269","endDuration":"4.2923","wordfile":[{"path":"audios\/wordfile-653aa5db6647d.mp3","mime":"audio\/mpeg","copyright":{"license":"U"}}]}],"files":[{"path":"audios\/files-653aa5521afe1.mp3","mime":"audio\/mpeg","copyright":{"license":"U"}}]},"subContentId":"595346b1-cde7-497b-9ddb-73244d26bc54","metadata":{"contentType":"Curious Reader Audio","license":"U","title":"Untitled Curious Reader Audio"}},"backgroundOpacity":0,"willDoAnimation":false,"animationType":"glow","displayAsButton":false,"buttonSize":"big","goToSlideType":"specified","invisible":false},{"x":6.377551020408164,"y":2.5188916876574305,"width":31.505102040816325,"height":79.84886649874055,"action":{"library":"H5P.Image 1.1","params":{"contentName":"Image"},"subContentId":"295ac88d-2810-4486-92d5-c18e22bb1928","metadata":{"contentType":"Image","license":"U","title":"Untitled Image"}},"backgroundOpacity":0,"willDoAnimation":true,"animationType":"glow","displayAsButton":false,"buttonSize":"big","goToSlideType":"specified","invisible":false,"id":"img595346b1-cde7-497b-9ddb-73244d26bc54_1"},{"x":6.377551020408164,"y":10.075566750629722,"width":30.229591836734695,"height":72.29219143576826,"action":{"library":"H5P.Image 1.1","params":{"contentName":"Image"},"subContentId":"cd77b314-4582-4e66-8401-ec90b9e717e3","metadata":{"contentType":"Image","license":"U","title":"Untitled Image"}},"backgroundOpacity":0,"willDoAnimation":true,"animationType":"glow","displayAsButton":false,"buttonSize":"big","goToSlideType":"specified","invisible":false,"id":"img595346b1-cde7-497b-9ddb-73244d26bc54_5"}],"slideBackgroundSelector":{"fillSlideBackground":"#fff8e7"}},{"elements":[{"x":19.13265306122449,"y":8.816120906801007,"width":65.56122448979592,"height":65.4911838790932,"action":{"library":"H5P.Image 1.1","params":{"contentName":"Image","file":{"path":"images\/file-621900f617966.jpg","mime":"image\/jpeg","copyright":{"license":"U"},"width":959,"height":516}},"metadata":{"contentType":"Image","license":"U","title":"Untitled Image"},"subContentId":"180c8f1f-323d-43a5-af49-e73b06ffa70d"},"backgroundOpacity":0,"willDoAnimation":false,"animationType":"glow","displayAsButton":false,"buttonSize":"big","goToSlideType":"specified","invisible":false},{"x":0,"y":70.4896725440806,"width":98.72448979591837,"height":29.471032745591938,"action":{"library":"H5P.CRAdvancedText 1.1","params":{"text":"<p style=\"text-align: center;\"><span style=\"color:#ffffff;\"><span style=\"font-size:2.25em;\">J\u00ebr\u00ebj\u00ebf ci ndimb\u00ebl bi nga ma dimb\u00eble Seri\u00f1 \u00d1\u00e1y. <\/span><\/span><\/p>\n"},"metadata":{"contentType":"Text","license":"U","title":"Untitled Text"},"subContentId":"0da43da2-0216-4090-9b60-12fd12fda1b8"},"alwaysDisplayComments":false,"backgroundOpacity":0,"willDoAnimation":false,"animationType":"glow","displayAsButton":false,"buttonSize":"big","goToSlideType":"specified","invisible":false,"solution":""},{"x":47.00255102040816,"y":43.95465994962216,"width":40,"height":40,"action":{"library":"H5P.CRAudio 1.4","params":{"fitToWrapper":true,"currIndex":8,"playerMode":"minimalistic","controls":true,"autoplay":true,"playAudio":"Play audio","pauseAudio":"Pause audio","contentName":"Audio","glowColor":"#ffd85a","timeStampForEachText":[{"text":" J\u00ebr\u00ebj\u00ebf ","startDuration":"0.7393","endDuration":"1.7772","wordfile":[{"path":"audios\/wordfile-653a9c9b496b6.mp3","mime":"audio\/mpeg","copyright":{"license":"U"}}]},{"text":" ci ","startDuration":"1.7782","endDuration":"2.1261","wordfile":[{"path":"audios\/wordfile-653a9cace31f8.mp3","mime":"audio\/mpeg","copyright":{"license":"U"}}]},{"text":" ndimb\u00ebl ","startDuration":"2.1271","endDuration":"2.6087","wordfile":[{"path":"audios\/wordfile-653a9cc6c32ab.mp3","mime":"audio\/mpeg","copyright":{"license":"U"}}]},{"text":" bi ","startDuration":"2.6097","endDuration":"3.0491","wordfile":[{"path":"audios\/wordfile-653a9cdeae026.mp3","mime":"audio\/mpeg","copyright":{"license":"U"}}]},{"text":" nga ","startDuration":"3.0008","endDuration":"3.2431","wordfile":[{"path":"audios\/wordfile-653a9d063d812.mp3","mime":"audio\/mpeg","copyright":{"license":"U"}}]},{"text":" ma ","startDuration":"3.2441","endDuration":"3.4441","wordfile":[{"path":"audios\/wordfile-653a9d9cdfb04.wav","mime":"audio\/x-wav","copyright":{"license":"U"}}]},{"text":" dimb\u00eble ","startDuration":"3.4451","endDuration":"4.0324","wordfile":[{"path":"audios\/wordfile-653a9dbbac84b.mp3","mime":"audio\/mpeg","copyright":{"license":"U"}}]},{"text":" Seri\u00f1 ","startDuration":"4.0334","endDuration":"4.4658","wordfile":[{"path":"audios\/wordfile-653a9dd42c94c.mp3","mime":"audio\/mpeg","copyright":{"license":"U"}}]},{"text":" \u00d1\u00e1y. ","startDuration":"4.4668","endDuration":"4.9132","wordfile":[{"path":"audios\/wordfile-653a9de6d7ce0.mp3","mime":"audio\/mpeg","copyright":{"license":"U"}}]}],"files":[{"path":"audios\/files-653a9c7957f49.mp3","mime":"audio\/mpeg","copyright":{"license":"U"}}]},"subContentId":"ddc86c2d-3016-45ac-8ace-a4dce8b0e8ba","metadata":{"contentType":"Curious Reader Audio","license":"U","title":"Untitled Curious Reader Audio"}},"backgroundOpacity":0,"willDoAnimation":false,"animationType":"glow","displayAsButton":false,"buttonSize":"big","goToSlideType":"specified","invisible":false},{"x":14.03061224489796,"y":32.7455919395466,"width":28.95408163265306,"height":40.050377833753146,"action":{"library":"H5P.Image 1.1","params":{"contentName":"Image"},"subContentId":"44631dfa-fd57-45f5-94cf-164a4e785a5d","metadata":{"contentType":"Image","license":"U","title":"Untitled Image"}},"backgroundOpacity":0,"willDoAnimation":true,"animationType":"glow","displayAsButton":false,"buttonSize":"big","goToSlideType":"specified","invisible":false,"id":"imgddc86c2d-3016-45ac-8ace-a4dce8b0e8ba_8"}],"slideBackgroundSelector":{"fillSlideBackground":"#f0ffec"}},{"elements":[{"x":7.653061224489796,"y":17.632241813602015,"width":54.8469387755102,"height":78.84130982367758,"action":{"library":"H5P.Image 1.1","params":{"contentName":"Image","file":{"path":"images\/file-6219013254d0f.jpg","mime":"image\/jpeg","copyright":{"license":"U"},"width":959,"height":689}},"metadata":{"contentType":"Image","license":"U","title":"Untitled Image"},"subContentId":"c9114c60-8660-4144-8a63-fa9fd053f5ae"},"backgroundOpacity":0,"willDoAnimation":false,"animationType":"glow","displayAsButton":false,"buttonSize":"big","goToSlideType":"specified","invisible":false},{"x":38.26428571428572,"y":45.28110831234257,"width":57.39795918367347,"height":27.707808564231737,"action":{"library":"H5P.CRAdvancedText 1.1","params":{"text":"<p dir=\"ltr\" style=\"text-align: center;\"><span style=\"color:#ffffff;\"><span style=\"font-size:2.25em;\">Yamb ak \u00f1ay ay xarit la\u00f1u.<\/span><\/span><\/p>\n"},"metadata":{"contentType":"Text","license":"U","title":"Untitled Text"},"subContentId":"34f9ef5c-9c3b-4d95-85c6-41e84ee7500d"},"alwaysDisplayComments":false,"backgroundOpacity":0,"willDoAnimation":false,"animationType":"glow","displayAsButton":false,"buttonSize":"big","goToSlideType":"specified","invisible":false,"solution":""},{"x":47.00255102040816,"y":43.95465994962216,"width":40,"height":40,"action":{"library":"H5P.CRAudio 1.4","params":{"fitToWrapper":true,"currIndex":9,"playerMode":"minimalistic","controls":true,"autoplay":true,"playAudio":"Play audio","pauseAudio":"Pause audio","contentName":"Audio","glowColor":"#ffd85a","timeStampForEachText":[{"text":" Yamb ","startDuration":"0.5767","endDuration":"1.3808","wordfile":[{"path":"audios\/wordfile-653a9e11d1052.mp3","mime":"audio\/mpeg","copyright":{"license":"U"}}]},{"text":" ak ","startDuration":"1.5740","endDuration":"1.8674","wordfile":[{"path":"audios\/wordfile-653a9e8c17312.wav","mime":"audio\/x-wav","copyright":{"license":"U"}}]},{"text":" \u00f1ay ","startDuration":"1.8684","endDuration":"2.3760","wordfile":[{"path":"audios\/wordfile-653a9eb209677.mp3","mime":"audio\/mpeg","copyright":{"license":"U"}}]},{"text":" ay ","startDuration":"2.5802","endDuration":"2.7802","wordfile":[{"path":"audios\/wordfile-653a9ec2ea0b8.mp3","mime":"audio\/mpeg","copyright":{"license":"U"}}]},{"text":" xarit ","startDuration":"2.7812","endDuration":"3.3547","wordfile":[{"path":"audios\/wordfile-653a9ed8b4f0d.mp3","mime":"audio\/mpeg","copyright":{"license":"U"}}]},{"text":" la\u00f1u. ","startDuration":"3.3557","endDuration":"3.9292","wordfile":[{"path":"audios\/wordfile-653a9f11b8b4d.wav","mime":"audio\/x-wav","copyright":{"license":"U"}}]}],"files":[{"path":"audios\/files-653a9dfd0df4f.mp3","mime":"audio\/mpeg","copyright":{"license":"U"}}]},"subContentId":"f156ad0a-e1f2-4676-b42f-44b7be20c12f","metadata":{"contentType":"Curious Reader Audio","license":"U","title":"Untitled Curious Reader Audio"}},"backgroundOpacity":0,"willDoAnimation":false,"animationType":"glow","displayAsButton":false,"buttonSize":"big","goToSlideType":"specified","invisible":false},{"x":30.612244897959183,"y":17.608614609571788,"width":9.821428571428571,"height":16.876574307304786,"action":{"library":"H5P.Image 1.1","params":{"contentName":"Image"},"subContentId":"08433b5e-b468-4ff7-94e5-da37e99da404","metadata":{"contentType":"Image","license":"U","title":"Untitled Image"}},"backgroundOpacity":0,"willDoAnimation":true,"animationType":"glow","displayAsButton":false,"buttonSize":"big","goToSlideType":"specified","invisible":false,"id":"imgf156ad0a-e1f2-4676-b42f-44b7be20c12f_0"},{"x":2.5510204081632653,"y":27.692191435768265,"width":26.403061224489797,"height":40.050377833753146,"action":{"library":"H5P.Image 1.1","params":{"contentName":"Image"},"subContentId":"799f4012-19da-4732-81ae-4a957c098411","metadata":{"contentType":"Image","license":"U","title":"Untitled Image"}},"backgroundOpacity":0,"willDoAnimation":true,"animationType":"glow","displayAsButton":false,"buttonSize":"big","goToSlideType":"specified","invisible":false,"id":"imgf156ad0a-e1f2-4676-b42f-44b7be20c12f_2"},{"x":5.1020408163265305,"y":12.582644836272038,"width":40.05102040816327,"height":79.84886649874055,"action":{"library":"H5P.Image 1.1","params":{"contentName":"Image"},"subContentId":"4d90d99b-f7f3-4a42-abd7-c171ebecb5bc","metadata":{"contentType":"Image","license":"U","title":"Untitled Image"}},"backgroundOpacity":0,"willDoAnimation":true,"animationType":"glow","displayAsButton":false,"buttonSize":"big","goToSlideType":"specified","invisible":false,"id":"imgf156ad0a-e1f2-4676-b42f-44b7be20c12f_4"}],"slideBackgroundSelector":{"fillSlideBackground":"#ffffff"}},{"slideBackgroundSelector":{},"elements":[{"x":3.826530612244898,"y":5.0338539042821155,"width":17.857142857142858,"height":12.846347607052897,"action":{"library":"H5P.Image 1.1","params":{"contentName":"Image","file":{"path":"images\/file-61fb296cf2c04.png","mime":"image\/png","copyright":{"license":"U"},"width":1350,"height":487}},"metadata":{"contentType":"Image","license":"U","title":"Untitled Image"},"subContentId":"e4b88919-7433-4a56-a167-958946310bab"},"backgroundOpacity":0,"willDoAnimation":false,"animationType":"glow","displayAsButton":false,"buttonSize":"big","goToSlideType":"specified","invisible":false},{"x":39.54081632653061,"y":5.037783375314861,"width":23.086734693877553,"height":12.594458438287154,"action":{"library":"H5P.Image 1.1","params":{"contentName":"Image","file":{"path":"images\/file-61fb29a5596cb.png","mime":"image\/png","copyright":{"license":"U"},"width":814,"height":202}},"metadata":{"contentType":"Image","license":"U","title":"Untitled Image"},"subContentId":"bd3ccc9b-836b-4ad7-80fa-37e7b53c703d"},"backgroundOpacity":0,"willDoAnimation":false,"animationType":"glow","displayAsButton":false,"buttonSize":"big","goToSlideType":"specified","invisible":false},{"x":75.25510204081633,"y":7.552745591939547,"width":23.724489795918366,"height":9.571788413098236,"action":{"library":"H5P.Image 1.1","params":{"contentName":"Image","file":{"path":"images\/file-61fb28cb969ac.jpg","mime":"image\/jpeg","copyright":{"license":"U"},"width":1732,"height":354}},"metadata":{"contentType":"Image","license":"U","title":"Untitled Image"},"subContentId":"0bb44dcb-0a6e-4a9d-baf4-28ce8eb469f5"},"backgroundOpacity":0,"willDoAnimation":false,"animationType":"glow","displayAsButton":false,"buttonSize":"big","goToSlideType":"specified","invisible":false},{"x":6.943558673469388,"y":25.17317380352645,"width":86.86224489795919,"height":70.52896725440806,"action":{"library":"H5P.CRAdvancedText 1.1","params":{"text":"<h3 style=\"text-align: center;\"><span style=\"font-size:0.875em;\"><strong>\"<\/strong><\/span><span><span><span><span>Yamb bi ak \u00d1ay bi<\/span><\/span><\/span><\/span><span style=\"font-size:0.875em;\"><strong>\" credits<\/strong><\/span><\/h3>\n\n<hr>\n<h3 style=\"text-align: center;\"><span style=\"font-size:0.875em;\">This work, \"<\/span><span><span><span><span>Yamb bi ak \u00d1ay bi<\/span><\/span><\/span><\/span><span style=\"font-size:0.875em;\">\", is a derivative of \"The bee and the elephant\" translated by Celia Bolam used under CC BY. &nbsp;It is based on the Original story: '\u1783\u17d2\u1798\u17bb\u17c6\u1793\u17b7\u1784\u178a\u17c6\u179a\u17b8', by Long Ravy \u00a9 Room to Read, 2015.&nbsp;<\/span><\/h3>\n\n<h3 style=\"text-align: center;\"><span style=\"font-size:0.875em;\">Some changes were made to this work. \"<\/span><span><span><span><span>Yamb bi ak \u00d1ay bi<\/span><\/span><\/span><\/span><span style=\"font-size:0.875em;\">\" is licensed under CC BY 4.0 by Curious Learning.<\/span><\/h3>\n\n<h3 style=\"text-align: center;\"><br>\n<span style=\"font-size:0.875em;\">Book builder - Abraham Jerry Kakooza<\/span><\/h3>\n\n<p style=\"text-align: center;\">&nbsp;<\/p>\n"},"metadata":{"contentType":"Text","license":"U","title":"Untitled Text"},"subContentId":"c5c81f2e-5bc1-4f75-b2b7-4f93b7f5b16e"},"alwaysDisplayComments":false,"backgroundOpacity":0,"willDoAnimation":false,"animationType":"glow","displayAsButton":false,"buttonSize":"big","goToSlideType":"specified","invisible":false,"solution":""}]}],"keywordListEnabled":true,"globalBackgroundSelector":{"fillGlobalBackground":"#daf6f7"},"keywordListAlwaysShow":false,"keywordListAutoHide":false,"keywordListOpacity":90},"override":{"activeSurface":false,"hideSummarySlide":false,"summarySlideSolutionButton":true,"summarySlideRetryButton":true,"enablePrintButton":false,"social":{"showFacebookShare":false,"facebookShare":{"url":"@currentpageurl","quote":"I scored @score out of @maxScore on a task at @currentpageurl."},"showTwitterShare":false,"twitterShare":{"statement":"I scored @score out of @maxScore on a task at @currentpageurl.","url":"@currentpageurl","hashtags":"h5p, course"},"showGoogleShare":false,"googleShareUrl":"@currentpageurl"}},"l10n":{"slide":"Slide","score":"Score","yourScore":"Your Score","maxScore":"Max Score","total":"Total","totalScore":"Total Score","showSolutions":"Show solutions","retry":"Retry","exportAnswers":"Export text","hideKeywords":"Hide sidebar navigation menu","showKeywords":"Show sidebar navigation menu","fullscreen":"Fullscreen","exitFullscreen":"Exit fullscreen","prevSlide":"Previous slide","nextSlide":"Next slide","currentSlide":"Current slide","lastSlide":"Last slide","solutionModeTitle":"Exit solution mode","solutionModeText":"Solution Mode","summaryMultipleTaskText":"Multiple tasks","scoreMessage":"You achieved:","shareFacebook":"Share on Facebook","shareTwitter":"Share on Twitter","shareGoogle":"Share on Google+","summary":"Summary","solutionsButtonTitle":"Show comments","printTitle":"Print","printIngress":"How would you like to print this presentation?","printAllSlides":"Print all slides","printCurrentSlide":"Print current slide","noTitle":"No title","accessibilitySlideNavigationExplanation":"Use left and right arrow to change slide in that direction whenever canvas is selected.","accessibilityCanvasLabel":"Presentation canvas. Use left and right arrow to move between slides.","containsNotCompleted":"@slideName contains not completed interaction","containsCompleted":"@slideName contains completed interaction","slideCount":"Slide @index of @total","containsOnlyCorrect":"@slideName only has correct answers","containsIncorrectAnswers":"@slideName has incorrect answers","shareResult":"Share Result","accessibilityTotalScore":"You got @score of @maxScore points in total","accessibilityEnteredFullscreen":"Entered fullscreen","accessibilityExitedFullscreen":"Exited fullscreen"}}