{"presentation":{"slides":[{"elements":[{"x":13.071895424836603,"y":6.4415268817204305,"width":68.7363834422658,"height":68.81720430107526,"action":{"library":"H5P.Image 1.1","params":{"contentName":"Image","file":{"path":"images\/file-6582f61cdb6a9.jpg","mime":"image\/jpeg","copyright":{"license":"U"},"width":959,"height":459}},"subContentId":"421e74ff-dfa5-4d73-b63a-cebff5b18795","metadata":{"contentType":"Image","license":"U","title":"Untitled Image"}},"backgroundOpacity":0,"willDoAnimation":false,"animationType":"glow","displayAsButton":false,"buttonSize":"big","goToSlideType":"specified","invisible":false},{"x":17.857142857142858,"y":80.60453400503778,"width":61.00217864923747,"height":18.279569892473116,"action":{"library":"H5P.CRAdvancedText 1.1","params":{"text":"<h2 dir=\"ltr\" style=\"text-align: center;\"><span style=\"font-size:2.25em;\">\u091a\u093e\u0915\u0941\u0915\u094b \u0938\u093e\u0907\u0915\u0932<\/span><\/h2>\n"},"subContentId":"66f4847e-d5bd-4023-9a15-bf634c8b0603","metadata":{"contentType":"Text","license":"U","title":"Untitled Text"}},"alwaysDisplayComments":false,"backgroundOpacity":0,"willDoAnimation":false,"animationType":"glow","displayAsButton":false,"buttonSize":"big","goToSlideType":"specified","invisible":false,"solution":""}],"slideBackgroundSelector":{}},{"elements":[{"x":15.250544662309368,"y":2.150537634408602,"width":65.359477124183,"height":70.96774193548387,"action":{"library":"H5P.Image 1.1","params":{"contentName":"Image","file":{"path":"images\/file-6582f6cf13510.jpg","mime":"image\/jpeg","copyright":{"license":"U"},"width":959,"height":516}},"subContentId":"da25cda4-6603-4d35-83de-c84d5cea3cbf","metadata":{"contentType":"Image","license":"U","title":"Untitled Image"}},"backgroundOpacity":0,"willDoAnimation":false,"animationType":"glow","displayAsButton":false,"buttonSize":"big","goToSlideType":"specified","invisible":false},{"x":13.071045918367346,"y":73.00856423173803,"width":75.25510204081633,"height":25.692695214105793,"action":{"library":"H5P.CRAdvancedText 1.1","params":{"text":"<p dir=\"ltr\" style=\"text-align: center;\"><span style=\"color:#ffffff;\"><span style=\"font-size:2.25em;\">\u091a\u093e\u0915\u0941\u0932\u093e\u0908 \u0906\u092b\u094d\u0928\u093e \u0938\u093e\u0925\u0940\u0939\u0930\u0942\u0938\u0901\u0917 \u0916\u0947\u0932\u094d\u0928 \u092e\u0928 \u0932\u093e\u0917\u094d\u0925\u094d\u092f\u094b\u0964<\/span><\/span><\/p>\n"},"subContentId":"36753ba6-9a9b-4174-83e7-808ea43aacdf","metadata":{"contentType":"Text","license":"U","title":"Untitled Text"}},"alwaysDisplayComments":false,"backgroundOpacity":0,"willDoAnimation":false,"animationType":"glow","displayAsButton":false,"buttonSize":"big","goToSlideType":"specified","invisible":false,"solution":""},{"x":47.00255102040816,"y":43.95465994962216,"width":40,"height":40,"action":{"library":"H5P.CRAudio 1.4","params":{"fitToWrapper":true,"currIndex":1,"playerMode":"minimalistic","controls":true,"autoplay":true,"playAudio":"Play audio","pauseAudio":"Pause audio","contentName":"Audio","glowColor":"#ffd85a","timeStampForEachText":[{"text":" \u091a\u093e\u0915\u0941\u0932\u093e\u0908 ","startDuration":"0.0000","endDuration":"0.8292","wordfile":[{"path":"audios\/wordfile-65e39f13ed517.wav","mime":"audio\/x-wav","copyright":{"license":"U"}}]},{"text":" \u0906\u092b\u094d\u0928\u093e ","startDuration":"0.8302","endDuration":"1.4416","wordfile":[{"path":"audios\/wordfile-65e39f2a4f237.wav","mime":"audio\/x-wav","copyright":{"license":"U"}}]},{"text":" \u0938\u093e\u0925\u0940\u0939\u0930\u0942\u0938\u0901\u0917 ","startDuration":"1.4426","endDuration":"2.6348","wordfile":[{"path":"audios\/wordfile-65e39f4b27690.wav","mime":"audio\/x-wav","copyright":{"license":"U"}}]},{"text":" \u0916\u0947\u0932\u094d\u0928 ","startDuration":"2.6358","endDuration":"3.2956","wordfile":[{"path":"audios\/wordfile-65e39f6628d74.wav","mime":"audio\/x-wav","copyright":{"license":"U"}}]},{"text":" \u092e\u0928 ","startDuration":"3.2966","endDuration":"3.6962","wordfile":[{"path":"audios\/wordfile-65e39f8959b21.wav","mime":"audio\/x-wav","copyright":{"license":"U"}}]},{"text":" \u0932\u093e\u0917\u094d\u0925\u094d\u092f\u094b\u0964 ","startDuration":"3.6972","endDuration":"4.4890","wordfile":[{"path":"audios\/wordfile-65e39fa17a673.wav","mime":"audio\/x-wav","copyright":{"license":"U"}}]}],"files":[{"path":"audios\/files-65e39ef913af5.wav","mime":"audio\/x-wav","copyright":{"license":"U"}}]},"subContentId":"7feeeede-49ae-47d8-b569-1b1b116885b5","metadata":{"contentType":"Curious Reader Audio","license":"U","title":"Untitled Curious Reader Audio"}},"backgroundOpacity":0,"willDoAnimation":false,"animationType":"glow","displayAsButton":false,"buttonSize":"big","goToSlideType":"specified","invisible":false},{"x":47.19387755102041,"y":17.614534005037783,"width":13.64795918367347,"height":47.10327455919395,"action":{"library":"H5P.Image 1.1","params":{"contentName":"Image"},"subContentId":"efb9aeb0-51b7-4607-8c04-f6110d1dffb0","metadata":{"contentType":"Image","license":"U","title":"Untitled Image"}},"backgroundOpacity":0,"willDoAnimation":true,"animationType":"glow","displayAsButton":false,"buttonSize":"big","goToSlideType":"specified","invisible":false,"id":"img7feeeede-49ae-47d8-b569-1b1b116885b5_0"},{"x":20.408163265306122,"y":25.165289672544077,"width":14.923469387755102,"height":49.622166246851386,"action":{"library":"H5P.Image 1.1","params":{"contentName":"Image"},"subContentId":"314097a3-07b4-47ea-aa5d-85f3a87de60d","metadata":{"contentType":"Image","license":"U","title":"Untitled Image"}},"backgroundOpacity":0,"willDoAnimation":true,"animationType":"glow","displayAsButton":false,"buttonSize":"big","goToSlideType":"specified","invisible":false,"id":"img7feeeede-49ae-47d8-b569-1b1b116885b5_2"},{"x":35.714285714285715,"y":27.699999999999996,"width":13.010204081632653,"height":49.37027707808564,"action":{"library":"H5P.Image 1.1","params":{"contentName":"Image"},"subContentId":"7d08624f-9c36-45f3-a14d-ce7c4eece2f0","metadata":{"contentType":"Image","license":"U","title":"Untitled Image"}},"backgroundOpacity":0,"willDoAnimation":true,"animationType":"glow","displayAsButton":false,"buttonSize":"big","goToSlideType":"specified","invisible":false,"id":"img7feeeede-49ae-47d8-b569-1b1b116885b5_2"},{"x":59.94897959183674,"y":37.76372795969773,"width":13.903061224489797,"height":35.012594458438286,"action":{"library":"H5P.Image 1.1","params":{"contentName":"Image"},"subContentId":"7ca8f6fb-63d0-4434-af2f-f7fd1645b484","metadata":{"contentType":"Image","license":"U","title":"Untitled Image"}},"backgroundOpacity":0,"willDoAnimation":true,"animationType":"glow","displayAsButton":false,"buttonSize":"big","goToSlideType":"specified","invisible":false,"id":"img7feeeede-49ae-47d8-b569-1b1b116885b5_2"}],"slideBackgroundSelector":{}},{"elements":[{"x":5.446623093681917,"y":4.301075268817204,"width":38.12636165577342,"height":93.54838709677419,"action":{"library":"H5P.Image 1.1","params":{"contentName":"Image","file":{"path":"images\/file-6582f72bd78b8.jpg","mime":"image\/jpeg","copyright":{"license":"U"},"width":479,"height":686}},"subContentId":"fb28b8d4-c35a-42fd-b001-fd43d70a400a","metadata":{"contentType":"Image","license":"U","title":"Untitled Image"}},"backgroundOpacity":0,"willDoAnimation":false,"animationType":"glow","displayAsButton":false,"buttonSize":"big","goToSlideType":"specified","invisible":false},{"x":48.46938775510204,"y":42.82115869017632,"width":49.01960784313726,"height":31.39784946236559,"action":{"library":"H5P.CRAdvancedText 1.1","params":{"text":"<p dir=\"ltr\" style=\"text-align: center;\"><span style=\"color:#ffffff;\"><span style=\"font-size:1.75em;\">\u0909\u0938\u0932\u093e\u0908 \u0932\u0940\u0932\u093e\u0915\u094b \u091f\u094d\u0930\u093e\u0907\u0938\u093e\u092f\u0915\u0932 \u092e\u0928 \u092a\u0930\u094d\u092f\u094b\u0964<\/span><\/span><\/p>\n"},"subContentId":"9a88ce55-a8ca-437a-8702-a993e932e166","metadata":{"contentType":"Text","license":"U","title":"Untitled Text"}},"alwaysDisplayComments":false,"backgroundOpacity":0,"willDoAnimation":false,"animationType":"glow","displayAsButton":false,"buttonSize":"big","goToSlideType":"specified","invisible":false,"solution":""},{"x":47.00255102040816,"y":43.95465994962216,"width":40,"height":40,"action":{"library":"H5P.CRAudio 1.4","params":{"fitToWrapper":true,"currIndex":2,"playerMode":"minimalistic","controls":true,"autoplay":true,"playAudio":"Play audio","pauseAudio":"Pause audio","contentName":"Audio","glowColor":"#ffd85a","timeStampForEachText":[{"text":" \u0909\u0938\u0932\u093e\u0908 ","startDuration":"0.0000","endDuration":"0.9194","wordfile":[{"path":"audios\/wordfile-65e39fe20e752.wav","mime":"audio\/x-wav","copyright":{"license":"U"}}]},{"text":" \u0932\u0940\u0932\u093e\u0915\u094b ","startDuration":"0.9204","endDuration":"1.7457","wordfile":[{"path":"audios\/wordfile-65e39ff69eb84.wav","mime":"audio\/x-wav","copyright":{"license":"U"}}]},{"text":" \u091f\u094d\u0930\u093e\u0907\u0938\u093e\u092f\u0915\u0932 ","startDuration":"1.7467","endDuration":"2.8432","wordfile":[{"path":"audios\/wordfile-65e3a01745740.wav","mime":"audio\/x-wav","copyright":{"license":"U"}}]},{"text":" \u092e\u0928 ","startDuration":"2.8442","endDuration":"3.3098","wordfile":[{"path":"audios\/wordfile-65e3a02f19111.wav","mime":"audio\/x-wav","copyright":{"license":"U"}}]},{"text":" \u092a\u0930\u094d\u092f\u094b\u0964 ","startDuration":"3.3108","endDuration":"4.0088","wordfile":[{"path":"audios\/wordfile-65e3a041342d9.wav","mime":"audio\/x-wav","copyright":{"license":"U"}}]}],"files":[{"path":"audios\/files-65e39fc0ddb55.wav","mime":"audio\/x-wav","copyright":{"license":"U"}}]},"subContentId":"00edddc6-17d2-4549-b09f-afce01d0500c","metadata":{"contentType":"Curious Reader Audio","license":"U","title":"Untitled Curious Reader Audio"}},"backgroundOpacity":0,"willDoAnimation":false,"animationType":"glow","displayAsButton":false,"buttonSize":"big","goToSlideType":"specified","invisible":false},{"x":20.408163265306122,"y":30.21108312342569,"width":16.198979591836736,"height":40.050377833753146,"action":{"library":"H5P.Image 1.1","params":{"contentName":"Image"},"subContentId":"65d49967-45c1-4ccd-8298-d9009230bddf","metadata":{"contentType":"Image","license":"U","title":"Untitled Image"}},"backgroundOpacity":0,"willDoAnimation":true,"animationType":"glow","displayAsButton":false,"buttonSize":"big","goToSlideType":"specified","invisible":false,"id":"img00edddc6-17d2-4549-b09f-afce01d0500c_1"},{"x":21.683673469387756,"y":50.377833753148614,"width":21.301020408163264,"height":40.050377833753146,"action":{"library":"H5P.Image 1.1","params":{"contentName":"Image"},"subContentId":"8781bdb9-ab13-423b-9421-415f03094d3b","metadata":{"contentType":"Image","license":"U","title":"Untitled Image"}},"backgroundOpacity":0,"willDoAnimation":true,"animationType":"glow","displayAsButton":false,"buttonSize":"big","goToSlideType":"specified","invisible":false,"id":"img00edddc6-17d2-4549-b09f-afce01d0500c_2"}],"slideBackgroundSelector":{}},{"elements":[{"x":3.2679738562091503,"y":2.150537634408602,"width":39.97821350762527,"height":96.77419354838709,"action":{"library":"H5P.Image 1.1","params":{"contentName":"Image","file":{"path":"images\/file-6582f7eede908.jpg","mime":"image\/jpeg","copyright":{"license":"U"},"width":479,"height":686}},"subContentId":"cafcd57b-3545-4c4b-bd65-7246c85de666","metadata":{"contentType":"Image","license":"U","title":"Untitled Image"}},"backgroundOpacity":0,"willDoAnimation":false,"animationType":"glow","displayAsButton":false,"buttonSize":"big","goToSlideType":"specified","invisible":false},{"x":42.09183673469388,"y":38.67481108312342,"width":49.10714285714286,"height":40.050377833753146,"action":{"library":"H5P.CRAdvancedText 1.1","params":{"text":"<p dir=\"ltr\" style=\"text-align: center;\"><span style=\"font-size:2.25em;\"><span style=\"color:#ffffff;\">\u091a\u093e\u0915\u0941\u0932\u0947 \u0906\u092b\u094d\u0928\u0948 \u091f\u094d\u0930\u093e\u0907\u0938\u093e\u0907\u0915\u0932 \u092c\u0928\u093e\u0909\u0928\u0947 \u0928\u093f\u0930\u094d\u0923\u092f \u0917\u0930\u094d\u092f\u094b\u0964<\/span><\/span><\/p>\n"},"subContentId":"6ed4d0c8-4215-4a30-9633-4617986f09cd","metadata":{"contentType":"Text","license":"U","title":"Untitled Text"}},"alwaysDisplayComments":false,"backgroundOpacity":0,"willDoAnimation":false,"animationType":"glow","displayAsButton":false,"buttonSize":"big","goToSlideType":"specified","invisible":false,"solution":""},{"x":47.00255102040816,"y":43.95465994962216,"width":40,"height":40,"action":{"library":"H5P.CRAudio 1.4","params":{"fitToWrapper":true,"currIndex":3,"playerMode":"minimalistic","controls":true,"autoplay":true,"playAudio":"Play audio","pauseAudio":"Pause audio","contentName":"Audio","glowColor":"#ffd85a","timeStampForEachText":[{"text":" \u091a\u093e\u0915\u0941\u0932\u0947 ","startDuration":"0.0000","endDuration":"0.8766","wordfile":[{"path":"audios\/wordfile-65e3a07778f15.wav","mime":"audio\/x-wav","copyright":{"license":"U"}}]},{"text":" \u0906\u092b\u094d\u0928\u0948 ","startDuration":"0.8776","endDuration":"1.7983","wordfile":[{"path":"audios\/wordfile-65e3a08a5adf5.wav","mime":"audio\/x-wav","copyright":{"license":"U"}}]},{"text":" \u091f\u094d\u0930\u093e\u0907\u0938\u093e\u0907\u0915\u0932 ","startDuration":"1.7993","endDuration":"2.9333","wordfile":[{"path":"audios\/wordfile-65e3a09e90a46.wav","mime":"audio\/x-wav","copyright":{"license":"U"}}]},{"text":" \u092c\u0928\u093e\u0909\u0928\u0947 ","startDuration":"2.9343","endDuration":"3.7668","wordfile":[{"path":"audios\/wordfile-65e3a0b3b3a50.wav","mime":"audio\/x-wav","copyright":{"license":"U"}}]},{"text":" \u0928\u093f\u0930\u094d\u0923\u092f ","startDuration":"3.7678","endDuration":"4.7620","wordfile":[{"path":"audios\/wordfile-65e3a0cf71dfb.wav","mime":"audio\/x-wav","copyright":{"license":"U"}}]},{"text":" \u0917\u0930\u094d\u092f\u094b\u0964 ","startDuration":"4.7630","endDuration":"5.4567","wordfile":[{"path":"audios\/wordfile-65e3a0e41c1b3.wav","mime":"audio\/x-wav","copyright":{"license":"U"}}]}],"files":[{"path":"audios\/files-65e3a0621c0b0.wav","mime":"audio\/x-wav","copyright":{"license":"U"}}]},"subContentId":"00415f5c-5a17-4d25-860e-93fa3b8ef918","metadata":{"contentType":"Curious Reader Audio","license":"U","title":"Untitled Curious Reader Audio"}},"backgroundOpacity":0,"willDoAnimation":false,"animationType":"glow","displayAsButton":false,"buttonSize":"big","goToSlideType":"specified","invisible":false},{"x":24.23469387755102,"y":10.06375314861461,"width":14.923469387755102,"height":64.73551637279597,"action":{"library":"H5P.Image 1.1","params":{"contentName":"Image"},"subContentId":"1b3cbf17-2a53-4d4d-beb2-bbe97c58f63b","metadata":{"contentType":"Image","license":"U","title":"Untitled Image"}},"backgroundOpacity":0,"willDoAnimation":true,"animationType":"glow","displayAsButton":false,"buttonSize":"big","goToSlideType":"specified","invisible":false,"id":"img00415f5c-5a17-4d25-860e-93fa3b8ef918_0"}],"slideBackgroundSelector":{}},{"elements":[{"x":4.357298474945534,"y":2.148858064516129,"width":39.97821350762527,"height":96.77419354838709,"action":{"library":"H5P.Image 1.1","params":{"contentName":"Image","file":{"path":"images\/file-6582f82e21dc4.jpg","mime":"image\/jpeg","copyright":{"license":"U"},"width":479,"height":686}},"subContentId":"e2d5d6fe-aa9f-46a2-b83c-b89c31d009db","metadata":{"contentType":"Image","license":"U","title":"Untitled Image"}},"backgroundOpacity":0,"willDoAnimation":false,"animationType":"glow","displayAsButton":false,"buttonSize":"big","goToSlideType":"specified","invisible":false},{"x":48.46938775510204,"y":40.30226700251889,"width":40,"height":40,"action":{"library":"H5P.CRAdvancedText 1.1","params":{"text":"<p dir=\"ltr\" style=\"text-align: center;\"><span style=\"color:#ffffff;\"><span style=\"font-size:2.25em;\">\u091a\u093e\u0915\u0941\u0932\u0947 \u0932\u0917\u0939\u0930\u0942 \u0916\u094b\u091c\u094d\u092f\u094b\u0964<\/span><\/span><\/p>\n"},"subContentId":"55b63758-aa28-4edd-9bdd-c0cd9261f76a","metadata":{"contentType":"Text","license":"U","title":"Untitled Text"}},"alwaysDisplayComments":false,"backgroundOpacity":0,"willDoAnimation":false,"animationType":"glow","displayAsButton":false,"buttonSize":"big","goToSlideType":"specified","invisible":false,"solution":""},{"x":47.00255102040816,"y":43.95465994962216,"width":40,"height":40,"action":{"library":"H5P.CRAudio 1.4","params":{"fitToWrapper":true,"currIndex":4,"playerMode":"minimalistic","controls":true,"autoplay":true,"playAudio":"Play audio","pauseAudio":"Pause audio","contentName":"Audio","glowColor":"#ffd85a","timeStampForEachText":[{"text":" \u091a\u093e\u0915\u0941\u0932\u0947 ","startDuration":"0.0000","endDuration":"0.8663","wordfile":[{"path":"audios\/wordfile-65e3a10cb9b81.wav","mime":"audio\/x-wav","copyright":{"license":"U"}}]},{"text":" \u0932\u0917\u0939\u0930\u0942 ","startDuration":"0.8673","endDuration":"1.8544","wordfile":[{"path":"audios\/wordfile-65e3a12539836.wav","mime":"audio\/x-wav","copyright":{"license":"U"}}]},{"text":" \u0916\u094b\u091c\u094d\u092f\u094b\u0964 ","startDuration":"1.8554","endDuration":"2.7165","wordfile":[{"path":"audios\/wordfile-65e3a1394be61.wav","mime":"audio\/x-wav","copyright":{"license":"U"}}]}],"files":[{"path":"audios\/files-65e3a0fa03f7a.wav","mime":"audio\/x-wav","copyright":{"license":"U"}}]},"subContentId":"77d7f289-1e90-41d4-bde7-9b99600f7128","metadata":{"contentType":"Curious Reader Audio","license":"U","title":"Untitled Curious Reader Audio"}},"backgroundOpacity":0,"willDoAnimation":false,"animationType":"glow","displayAsButton":false,"buttonSize":"big","goToSlideType":"specified","invisible":false},{"x":7.653061224489796,"y":47.83148614609571,"width":17.474489795918366,"height":40.050377833753146,"action":{"library":"H5P.Image 1.1","params":{"contentName":"Image"},"subContentId":"e62d7267-4b1e-4510-91cc-98e9bb579b0c","metadata":{"contentType":"Image","license":"U","title":"Untitled Image"}},"backgroundOpacity":0,"willDoAnimation":true,"animationType":"glow","displayAsButton":false,"buttonSize":"big","goToSlideType":"specified","invisible":false,"id":"img77d7f289-1e90-41d4-bde7-9b99600f7128_0"},{"x":21.683673469387756,"y":42.82115869017632,"width":3.443877551020408,"height":40.050377833753146,"action":{"library":"H5P.Image 1.1","params":{"contentName":"Image"},"subContentId":"2a686a01-c5f2-4832-8000-3107475ffc78","metadata":{"contentType":"Image","license":"U","title":"Untitled Image"}},"backgroundOpacity":0,"willDoAnimation":true,"animationType":"glow","displayAsButton":false,"buttonSize":"big","goToSlideType":"specified","invisible":false,"id":"img77d7f289-1e90-41d4-bde7-9b99600f7128_1"},{"x":15.306122448979592,"y":70.4896725440806,"width":15.051020408163266,"height":21.914357682619645,"action":{"library":"H5P.Image 1.1","params":{"contentName":"Image"},"subContentId":"a93d48c0-b802-4fa2-b7e6-5330f24b10c4","metadata":{"contentType":"Image","license":"U","title":"Untitled Image"}},"backgroundOpacity":0,"willDoAnimation":true,"animationType":"glow","displayAsButton":false,"buttonSize":"big","goToSlideType":"specified","invisible":false,"id":"img77d7f289-1e90-41d4-bde7-9b99600f7128_1"}],"slideBackgroundSelector":{}},{"elements":[{"x":5.446623093681917,"y":6.44658064516129,"width":39.97821350762527,"height":93.54838709677419,"action":{"library":"H5P.Image 1.1","params":{"contentName":"Image","file":{"path":"images\/file-6582f8657e7fd.jpg","mime":"image\/jpeg","copyright":{"license":"U"},"width":639,"height":687}},"subContentId":"59f6874d-70d3-4721-b27c-88467f7a9199","metadata":{"contentType":"Image","license":"U","title":"Untitled Image"}},"backgroundOpacity":0,"willDoAnimation":false,"animationType":"glow","displayAsButton":false,"buttonSize":"big","goToSlideType":"specified","invisible":false},{"x":42.09183673469388,"y":37.76372795969773,"width":54.8469387755102,"height":47.858942065491185,"action":{"library":"H5P.CRAdvancedText 1.1","params":{"text":"<p dir=\"ltr\" style=\"text-align: center;\"><span style=\"color:#ffffff;\"><span style=\"font-size:1.75em;\">\u091a\u093e\u0915\u0941\u0932\u093e\u0908 \u0938\u092e\u094d\u091d\u0928\u093e \u0906\u092f\u094b \u0909\u0938\u0932\u093e\u0908 \u0915\u0940\u0932\u094d\u0932\u093e \u0930 \u0939\u0925\u094c\u0921\u093e \u092a\u0928\u093f \u091a\u093e\u0939\u093f\u090f\u0915\u094b \u0925\u093f\u092f\u094b\u0964<\/span><\/span><\/p>\n"},"subContentId":"aa0e15d9-a1e8-482d-8ee6-6e545bfeab5b","metadata":{"contentType":"Text","license":"U","title":"Untitled Text"}},"alwaysDisplayComments":false,"backgroundOpacity":0,"willDoAnimation":false,"animationType":"glow","displayAsButton":false,"buttonSize":"big","goToSlideType":"specified","invisible":false,"solution":""},{"x":47.00255102040816,"y":43.95465994962216,"width":40,"height":40,"action":{"library":"H5P.CRAudio 1.4","params":{"fitToWrapper":true,"currIndex":5,"playerMode":"minimalistic","controls":true,"autoplay":true,"playAudio":"Play audio","pauseAudio":"Pause audio","contentName":"Audio","glowColor":"#ffd85a","timeStampForEachText":[{"text":" \u091a\u093e\u0915\u0941\u0932\u093e\u0908 ","startDuration":"0.0000","endDuration":"0.9525","wordfile":[{"path":"audios\/wordfile-65e3a16cdb395.wav","mime":"audio\/x-wav","copyright":{"license":"U"}}]},{"text":" \u0938\u092e\u094d\u091d\u0928\u093e ","startDuration":"0.9535","endDuration":"1.8771","wordfile":[{"path":"audios\/wordfile-65e3a184d4760.wav","mime":"audio\/x-wav","copyright":{"license":"U"}}]},{"text":" \u0906\u092f\u094b ","startDuration":"1.8781","endDuration":"2.4929","wordfile":[{"path":"audios\/wordfile-65e3a1980e282.wav","mime":"audio\/x-wav","copyright":{"license":"U"}}]},{"text":" \u0909\u0938\u0932\u093e\u0908 ","startDuration":"2.4939","endDuration":"3.2342","wordfile":[{"path":"audios\/wordfile-65e3a1b452147.wav","mime":"audio\/x-wav","copyright":{"license":"U"}}]},{"text":" \u0915\u0940\u0932\u094d\u0932\u093e ","startDuration":"3.2352","endDuration":"3.8597","wordfile":[{"path":"audios\/wordfile-65e3a1c876180.wav","mime":"audio\/x-wav","copyright":{"license":"U"}}]},{"text":" \u0930 ","startDuration":"3.8607","endDuration":"4.3598","wordfile":[{"path":"audios\/wordfile-65e3a1e23fc93.wav","mime":"audio\/x-wav","copyright":{"license":"U"}}]},{"text":" \u0939\u0925\u094c\u0921\u093e ","startDuration":"4.3608","endDuration":"5.2168","wordfile":[{"path":"audios\/wordfile-65e3a1f55efd3.wav","mime":"audio\/x-wav","copyright":{"license":"U"}}]},{"text":" \u092a\u0928\u093f ","startDuration":"5.2178","endDuration":"5.6879","wordfile":[{"path":"audios\/wordfile-65e3a20b23980.wav","mime":"audio\/x-wav","copyright":{"license":"U"}}]},{"text":" \u091a\u093e\u0939\u093f\u090f\u0915\u094b ","startDuration":"5.6889","endDuration":"6.4870","wordfile":[{"path":"audios\/wordfile-65e3a221ef538.wav","mime":"audio\/x-wav","copyright":{"license":"U"}}]},{"text":" \u0925\u093f\u092f\u094b\u0964 ","startDuration":"6.4880","endDuration":"7.1584","wordfile":[{"path":"audios\/wordfile-65e3a2387f9b0.wav","mime":"audio\/x-wav","copyright":{"license":"U"}}]}],"files":[{"path":"audios\/files-65e3a1595fa2d.wav","mime":"audio\/x-wav","copyright":{"license":"U"}}]},"subContentId":"785de6ee-8dbc-48e4-8289-f83e91e6eb03","metadata":{"contentType":"Curious Reader Audio","license":"U","title":"Untitled Curious Reader Audio"}},"backgroundOpacity":0,"willDoAnimation":false,"animationType":"glow","displayAsButton":false,"buttonSize":"big","goToSlideType":"specified","invisible":false},{"x":6.377551020408164,"y":22.652317380352642,"width":16.198979591836736,"height":69.77329974811083,"action":{"library":"H5P.Image 1.1","params":{"contentName":"Image"},"subContentId":"1f81d693-5f54-470b-b038-28c5a76411fd","metadata":{"contentType":"Image","license":"U","title":"Untitled Image"}},"backgroundOpacity":0,"willDoAnimation":true,"animationType":"glow","displayAsButton":false,"buttonSize":"big","goToSlideType":"specified","invisible":false,"id":"img785de6ee-8dbc-48e4-8289-f83e91e6eb03_0"},{"x":25.510204081632654,"y":10.071637279596978,"width":13.64795918367347,"height":19.395465994962215,"action":{"library":"H5P.Image 1.1","params":{"contentName":"Image"},"subContentId":"a5e0059c-b5e4-43ac-9c4a-860ac6f13174","metadata":{"contentType":"Image","license":"U","title":"Untitled Image"}},"backgroundOpacity":0,"willDoAnimation":true,"animationType":"glow","displayAsButton":false,"buttonSize":"big","goToSlideType":"specified","invisible":false,"id":"img785de6ee-8dbc-48e4-8289-f83e91e6eb03_6"},{"x":25.510204081632654,"y":12.590528967254407,"width":12.372448979591837,"height":16.876574307304786,"action":{"library":"H5P.Image 1.1","params":{"contentName":"Image"},"subContentId":"2fb4bf92-d05b-4a82-a630-e3e4d4a7c64b","metadata":{"contentType":"Image","license":"U","title":"Untitled Image"}},"backgroundOpacity":0,"willDoAnimation":true,"animationType":"glow","displayAsButton":false,"buttonSize":"big","goToSlideType":"specified","invisible":false,"id":"img785de6ee-8dbc-48e4-8289-f83e91e6eb03_3"},{"x":25.510204081632654,"y":12.590528967254407,"width":12.372448979591837,"height":16.876574307304786,"action":{"library":"H5P.Image 1.1","params":{"contentName":"Image"},"subContentId":"e31e48cc-e1c1-4740-88da-49ae45720c62","metadata":{"contentType":"Image","license":"U","title":"Untitled Image"}},"backgroundOpacity":0,"willDoAnimation":true,"animationType":"glow","displayAsButton":false,"buttonSize":"big","goToSlideType":"specified","invisible":false,"id":"img785de6ee-8dbc-48e4-8289-f83e91e6eb03_4"}],"slideBackgroundSelector":{}},{"elements":[{"x":4.357298474945534,"y":2.150537634408602,"width":39.97821350762527,"height":95.69892473118279,"action":{"library":"H5P.Image 1.1","params":{"contentName":"Image","file":{"path":"images\/file-6582f8a2a9d1c.jpg","mime":"image\/jpeg","copyright":{"license":"U"},"width":479,"height":686}},"subContentId":"a12d8d51-bd78-4fea-affb-9061ee70f22e","metadata":{"contentType":"Image","license":"U","title":"Untitled Image"}},"backgroundOpacity":0,"willDoAnimation":false,"animationType":"glow","displayAsButton":false,"buttonSize":"big","goToSlideType":"specified","invisible":false},{"x":45.91836734693878,"y":40.8375314861461,"width":48.5969387755102,"height":40.050377833753146,"action":{"library":"H5P.CRAdvancedText 1.1","params":{"text":"<p dir=\"ltr\" style=\"text-align: center;\"><span style=\"color:#ffffff;\"><span style=\"font-size:1.75em;\">\u091a\u093e\u0915\u0941 \u0938\u0939\u092f\u094b\u0917\u0915\u094b \u0932\u093e\u0917\u093f \u0906\u092b\u094d\u0928\u094b \u0915\u093e\u0915\u093e \u0915\u0939\u093e\u0901 \u0917\u092f\u094b \u0964<\/span><\/span><\/p>\n"},"subContentId":"b55726bc-a322-4bce-8773-377dd906e05f","metadata":{"contentType":"Text","license":"U","title":"Untitled Text"}},"alwaysDisplayComments":false,"backgroundOpacity":0,"willDoAnimation":false,"animationType":"glow","displayAsButton":false,"buttonSize":"big","goToSlideType":"specified","invisible":false,"solution":""},{"x":47.00255102040816,"y":43.95465994962216,"width":40,"height":40,"action":{"library":"H5P.CRAudio 1.4","params":{"fitToWrapper":true,"currIndex":6,"playerMode":"minimalistic","controls":true,"autoplay":true,"playAudio":"Play audio","pauseAudio":"Pause audio","contentName":"Audio","glowColor":"#ffd85a","timeStampForEachText":[{"text":" \u091a\u093e\u0915\u0941 ","startDuration":"0.0000","endDuration":"0.8454","wordfile":[{"path":"audios\/wordfile-65e3a26be2c53.wav","mime":"audio\/x-wav","copyright":{"license":"U"}}]},{"text":" \u0938\u0939\u092f\u094b\u0917\u0915\u094b ","startDuration":"0.8464","endDuration":"1.8057","wordfile":[{"path":"audios\/wordfile-65e3a280734b5.wav","mime":"audio\/x-wav","copyright":{"license":"U"}}]},{"text":" \u0932\u093e\u0917\u093f ","startDuration":"1.8067","endDuration":"2.5838","wordfile":[{"path":"audios\/wordfile-65e3a291205be.wav","mime":"audio\/x-wav","copyright":{"license":"U"}}]},{"text":" \u0906\u092b\u094d\u0928\u094b ","startDuration":"2.5848","endDuration":"3.5138","wordfile":[{"path":"audios\/wordfile-65e3a2a77ef4a.wav","mime":"audio\/x-wav","copyright":{"license":"U"}}]},{"text":" \u0915\u093e\u0915\u093e ","startDuration":"3.5148","endDuration":"4.2767","wordfile":[{"path":"audios\/wordfile-65e3a2c0a8f3f.wav","mime":"audio\/x-wav","copyright":{"license":"U"}}]},{"text":" \u0915\u0939\u093e\u0901 ","startDuration":"4.2777","endDuration":"4.8726","wordfile":[{"path":"audios\/wordfile-65e3a2da8fb1e.mp3","mime":"audio\/mpeg","copyright":{"license":"U"}}]},{"text":" \u0917\u092f\u094b \u0964 ","startDuration":"4.8736","endDuration":"5.6342","wordfile":[{"path":"audios\/wordfile-65e3a2f11626e.wav","mime":"audio\/x-wav","copyright":{"license":"U"}}]}],"files":[{"path":"audios\/files-65e3a2564aa4a.wav","mime":"audio\/x-wav","copyright":{"license":"U"}}]},"subContentId":"ea0bd015-e0d1-4d0a-8ea9-b7faa5129c9b","metadata":{"contentType":"Curious Reader Audio","license":"U","title":"Untitled Curious Reader Audio"}},"backgroundOpacity":0,"willDoAnimation":false,"animationType":"glow","displayAsButton":false,"buttonSize":"big","goToSlideType":"specified","invisible":false},{"x":7.653061224489796,"y":37.75390428211587,"width":17.474489795918366,"height":54.659949622166245,"action":{"library":"H5P.Image 1.1","params":{"contentName":"Image"},"subContentId":"981c1cf9-bb2e-44a9-982f-47c6ce2fbe67","metadata":{"contentType":"Image","license":"U","title":"Untitled Image"}},"backgroundOpacity":0,"willDoAnimation":true,"animationType":"glow","displayAsButton":false,"buttonSize":"big","goToSlideType":"specified","invisible":false,"id":"imgea0bd015-e0d1-4d0a-8ea9-b7faa5129c9b_0"},{"x":21.683673469387756,"y":5.0338539042821155,"width":22.5765306122449,"height":40.050377833753146,"action":{"library":"H5P.Image 1.1","params":{"contentName":"Image"},"subContentId":"6742b169-e159-4e4f-96d6-fa5792b85f02","metadata":{"contentType":"Image","license":"U","title":"Untitled Image"}},"backgroundOpacity":0,"willDoAnimation":true,"animationType":"glow","displayAsButton":false,"buttonSize":"big","goToSlideType":"specified","invisible":false,"id":"imgea0bd015-e0d1-4d0a-8ea9-b7faa5129c9b_4"}],"slideBackgroundSelector":{}},{"elements":[{"x":3.2679738562091507,"y":2.148858064516129,"width":39.97821350762527,"height":96.77419354838709,"action":{"library":"H5P.Image 1.1","params":{"contentName":"Image","file":{"path":"images\/file-6582f8d53e48b.jpg","mime":"image\/jpeg","copyright":{"license":"U"},"width":479,"height":686}},"subContentId":"92528443-ca85-4263-9bfc-286ba7fa3bad","metadata":{"contentType":"Image","license":"U","title":"Untitled Image"}},"backgroundOpacity":0,"willDoAnimation":false,"animationType":"glow","displayAsButton":false,"buttonSize":"big","goToSlideType":"specified","invisible":false},{"x":42.09183673469388,"y":35.254659949622166,"width":53.57142857142857,"height":62.97229219143576,"action":{"library":"H5P.CRAdvancedText 1.1","params":{"text":"<p dir=\"ltr\" style=\"text-align: center;\"><span style=\"color:#ffffff;\"><span style=\"font-size:1.75em;\">\u091a\u093e\u0915\u0941\u0915\u094b \u0915\u093e\u0915\u093e\u0932\u0947 \u0909\u0938\u0932\u093e\u0908 \u0914\u091c\u093e\u0930 \u0926\u093f\u090f \u0964 \u0915\u093e\u0915\u093e\u0932\u0947 \u091a\u093e\u0915\u0941\u0932\u093e\u0908 \u0939\u094b\u0938\u093f\u092f\u093e\u0930 \u0939\u0941\u0928 \u092d\u0928\u0947 \u0964<\/span><\/span><\/p>\n"},"subContentId":"41562dc7-92c2-4920-9175-0b9ee75a455f","metadata":{"contentType":"Text","license":"U","title":"Untitled Text"}},"alwaysDisplayComments":false,"backgroundOpacity":0,"willDoAnimation":false,"animationType":"glow","displayAsButton":false,"buttonSize":"big","goToSlideType":"specified","invisible":false,"solution":""},{"x":47.00255102040816,"y":43.95465994962216,"width":40,"height":40,"action":{"library":"H5P.CRAudio 1.4","params":{"fitToWrapper":true,"currIndex":7,"playerMode":"minimalistic","controls":true,"autoplay":true,"playAudio":"Play audio","pauseAudio":"Pause audio","contentName":"Audio","glowColor":"#ffd85a","timeStampForEachText":[{"text":" \u091a\u093e\u0915\u0941\u0915\u094b ","startDuration":"0.0000","endDuration":"0.9975","wordfile":[{"path":"audios\/wordfile-65e3a33310000.wav","mime":"audio\/x-wav","copyright":{"license":"U"}}]},{"text":" \u0915\u093e\u0915\u093e\u0932\u0947 ","startDuration":"0.9985","endDuration":"2.0429","wordfile":[{"path":"audios\/wordfile-65e3a3461b639.wav","mime":"audio\/x-wav","copyright":{"license":"U"}}]},{"text":" \u0909\u0938\u0932\u093e\u0908 ","startDuration":"2.0439","endDuration":"2.8655","wordfile":[{"path":"audios\/wordfile-65e3a3588a906.wav","mime":"audio\/x-wav","copyright":{"license":"U"}}]},{"text":" \u0914\u091c\u093e\u0930 ","startDuration":"2.8665","endDuration":"3.7585","wordfile":[{"path":"audios\/wordfile-65e3a36ba3515.wav","mime":"audio\/x-wav","copyright":{"license":"U"}}]},{"text":" \u0926\u093f\u090f \u0964 ","startDuration":"3.7595","endDuration":"4.2644","wordfile":[{"path":"audios\/wordfile-65e3a37f58093.wav","mime":"audio\/x-wav","copyright":{"license":"U"}}]},{"text":" \u0915\u093e\u0915\u093e\u0932\u0947 ","startDuration":"4.2654","endDuration":"5.2864","wordfile":[{"path":"audios\/wordfile-65e3a3952c179.wav","mime":"audio\/x-wav","copyright":{"license":"U"}}]},{"text":" \u091a\u093e\u0915\u0941\u0932\u093e\u0908 ","startDuration":"5.2874","endDuration":"6.2028","wordfile":[{"path":"audios\/wordfile-65e3a3a92fe74.wav","mime":"audio\/x-wav","copyright":{"license":"U"}}]},{"text":" \u0939\u094b\u0938\u093f\u092f\u093e\u0930 ","startDuration":"6.2038","endDuration":"7.2013","wordfile":[{"path":"audios\/wordfile-65e3a3bc97760.wav","mime":"audio\/x-wav","copyright":{"license":"U"}}]},{"text":" \u0939\u0941\u0928 ","startDuration":"7.2023","endDuration":"7.9301","wordfile":[{"path":"audios\/wordfile-65e3a3d12c869.wav","mime":"audio\/x-wav","copyright":{"license":"U"}}]},{"text":" \u092d\u0928\u0947 \u0964 ","startDuration":"7.9311","endDuration":"8.6471","wordfile":[{"path":"audios\/wordfile-65e3a3e5a6330.wav","mime":"audio\/x-wav","copyright":{"license":"U"}}]}],"files":[{"path":"audios\/files-65e3a314d4f57.wav","mime":"audio\/x-wav","copyright":{"license":"U"}}]},"subContentId":"0ba90490-55cb-44dc-a810-68f50ef41ee8","metadata":{"contentType":"Curious Reader Audio","license":"U","title":"Untitled Curious Reader Audio"}},"backgroundOpacity":0,"willDoAnimation":false,"animationType":"glow","displayAsButton":false,"buttonSize":"big","goToSlideType":"specified","invisible":false},{"x":7.653061224489796,"y":15.101536523929472,"width":17.474489795918366,"height":67.2544080604534,"action":{"library":"H5P.Image 1.1","params":{"contentName":"Image"},"subContentId":"ffe009a9-d9b9-4c52-8b70-cf0ee1f311ff","metadata":{"contentType":"Image","license":"U","title":"Untitled Image"}},"backgroundOpacity":0,"willDoAnimation":true,"animationType":"glow","displayAsButton":false,"buttonSize":"big","goToSlideType":"specified","invisible":false,"id":"img0ba90490-55cb-44dc-a810-68f50ef41ee8_0"},{"x":7.653061224489796,"y":15.101536523929472,"width":17.474489795918366,"height":67.2544080604534,"action":{"library":"H5P.Image 1.1","params":{"contentName":"Image"},"subContentId":"7e055e12-b6af-462f-acc2-db9528223f26","metadata":{"contentType":"Image","license":"U","title":"Untitled Image"}},"backgroundOpacity":0,"willDoAnimation":true,"animationType":"glow","displayAsButton":false,"buttonSize":"big","goToSlideType":"specified","invisible":false,"id":"img0ba90490-55cb-44dc-a810-68f50ef41ee8_5"},{"x":14.03061224489796,"y":40.30226700251889,"width":13.64795918367347,"height":16.876574307304786,"action":{"library":"H5P.Image 1.1","params":{"contentName":"Image"},"subContentId":"43f0a0e5-c74b-4d4d-9d27-574869579627","metadata":{"contentType":"Image","license":"U","title":"Untitled Image"}},"backgroundOpacity":0,"willDoAnimation":true,"animationType":"glow","displayAsButton":false,"buttonSize":"big","goToSlideType":"specified","invisible":false,"id":"img0ba90490-55cb-44dc-a810-68f50ef41ee8_3"},{"x":7.653061224489796,"y":47.83148614609571,"width":5.994897959183674,"height":14.357682619647354,"action":{"library":"H5P.Image 1.1","params":{"contentName":"Image"},"subContentId":"93324e60-1e30-4d4c-9bea-db11290fcc38","metadata":{"contentType":"Image","license":"U","title":"Untitled Image"}},"backgroundOpacity":0,"willDoAnimation":true,"animationType":"glow","displayAsButton":false,"buttonSize":"big","goToSlideType":"specified","invisible":false,"id":"img0ba90490-55cb-44dc-a810-68f50ef41ee8_3"}],"slideBackgroundSelector":{}},{"elements":[{"x":0,"y":0,"width":97.93028322440088,"height":98.06451612903226,"action":{"library":"H5P.Image 1.1","params":{"contentName":"Image","file":{"path":"images\/file-6582f91783856.jpg","mime":"image\/jpeg","copyright":{"license":"U"},"width":959,"height":687}},"subContentId":"b905eb68-4ec2-4d41-a807-2f5c3e7461c9","metadata":{"contentType":"Image","license":"U","title":"Untitled Image"}},"backgroundOpacity":0,"willDoAnimation":false,"animationType":"glow","displayAsButton":false,"buttonSize":"big","goToSlideType":"specified","invisible":false},{"x":8.928571428571429,"y":30.226700251889167,"width":51.02040816326531,"height":65.4911838790932,"action":{"library":"H5P.CRAdvancedText 1.1","params":{"text":"<p dir=\"ltr\" style=\"text-align: center;\"><span style=\"font-size:2.25em;\"><span style=\"color:#ffffff;\">\u091a\u093e\u0915\u0941\u0932\u0947 \u0906\u092b\u094d\u0928\u094b \u091f\u094d\u0930\u093e\u0907\u0938\u093e\u092f\u0915\u0932 \u0915\u0938\u0930\u0940 \u092c\u0928\u093e\u0909\u0928\u0947 \u092d\u0928\u0947\u0930 \u0938\u094b\u091a\u094d\u092f\u094b\u0964<\/span><\/span><\/p>\n"},"subContentId":"4b0d3413-30b9-4e2b-af52-cdc16350c10c","metadata":{"contentType":"Text","license":"U","title":"Untitled Text"}},"alwaysDisplayComments":false,"backgroundOpacity":0,"willDoAnimation":false,"animationType":"glow","displayAsButton":false,"buttonSize":"big","goToSlideType":"specified","invisible":false,"solution":""},{"x":47.00255102040816,"y":43.95465994962216,"width":40,"height":40,"action":{"library":"H5P.CRAudio 1.4","params":{"fitToWrapper":true,"currIndex":8,"playerMode":"minimalistic","controls":true,"autoplay":true,"playAudio":"Play audio","pauseAudio":"Pause audio","contentName":"Audio","glowColor":"#ffd85a","timeStampForEachText":[{"text":" \u091a\u093e\u0915\u0941\u0932\u0947 ","startDuration":"0.0000","endDuration":"0.8778","wordfile":[{"path":"audios\/wordfile-65e3a424e7491.wav","mime":"audio\/x-wav","copyright":{"license":"U"}}]},{"text":" \u0906\u092b\u094d\u0928\u094b ","startDuration":"0.8788","endDuration":"1.6994","wordfile":[{"path":"audios\/wordfile-65e3a436ddb52.wav","mime":"audio\/x-wav","copyright":{"license":"U"}}]},{"text":" \u091f\u094d\u0930\u093e\u0907\u0938\u093e\u092f\u0915\u0932 ","startDuration":"1.7004","endDuration":"2.7742","wordfile":[{"path":"audios\/wordfile-65e3a44f368f9.wav","mime":"audio\/x-wav","copyright":{"license":"U"}}]},{"text":" \u0915\u0938\u0930\u0940 ","startDuration":"2.7742","endDuration":"3.4805","wordfile":[{"path":"audios\/wordfile-65e3a47450ea9.wav","mime":"audio\/x-wav","copyright":{"license":"U"}}]},{"text":" \u092c\u0928\u093e\u0909\u0928\u0947 ","startDuration":"3.4815","endDuration":"4.3103","wordfile":[{"path":"audios\/wordfile-65e3a4894c4ae.wav","mime":"audio\/x-wav","copyright":{"license":"U"}}]},{"text":" \u092d\u0928\u0947\u0930 ","startDuration":"4.3113","endDuration":"5.0666","wordfile":[{"path":"audios\/wordfile-65e3a49bde402.wav","mime":"audio\/x-wav","copyright":{"license":"U"}}]},{"text":" \u0938\u094b\u091a\u094d\u092f\u094b\u0964 ","startDuration":"5.0676","endDuration":"6.0595","wordfile":[{"path":"audios\/wordfile-65e3a4ae7a3a8.wav","mime":"audio\/x-wav","copyright":{"license":"U"}}]}],"files":[{"path":"audios\/files-65e3a40e848b3.wav","mime":"audio\/x-wav","copyright":{"license":"U"}}]},"subContentId":"e8a3e3dc-fc71-4540-bef9-ccb8fc9e1572","metadata":{"contentType":"Curious Reader Audio","license":"U","title":"Untitled Curious Reader Audio"}},"backgroundOpacity":0,"willDoAnimation":false,"animationType":"glow","displayAsButton":false,"buttonSize":"big","goToSlideType":"specified","invisible":false},{"x":67.60204081632652,"y":37.744080604534005,"width":18.75,"height":37.02770780856423,"action":{"library":"H5P.Image 1.1","params":{"contentName":"Image"},"subContentId":"e4c7dc57-6d37-40f6-93fa-74ba72211092","metadata":{"contentType":"Image","license":"U","title":"Untitled Image"}},"backgroundOpacity":0,"willDoAnimation":true,"animationType":"glow","displayAsButton":false,"buttonSize":"big","goToSlideType":"specified","invisible":false,"id":"imge8a3e3dc-fc71-4540-bef9-ccb8fc9e1572_0"}],"slideBackgroundSelector":{}},{"elements":[{"x":3.2679738562091507,"y":4.297720430107527,"width":39.97821350762527,"height":95.69892473118279,"action":{"library":"H5P.Image 1.1","params":{"contentName":"Image","file":{"path":"images\/file-6582f95489ed3.jpg","mime":"image\/jpeg","copyright":{"license":"U"},"width":479,"height":686}},"subContentId":"ca658387-de74-4029-9595-32a598136409","metadata":{"contentType":"Image","license":"U","title":"Untitled Image"}},"backgroundOpacity":0,"willDoAnimation":false,"animationType":"glow","displayAsButton":false,"buttonSize":"big","goToSlideType":"specified","invisible":false},{"x":49.744897959183675,"y":37.78337531486146,"width":45.91836734693878,"height":40.050377833753146,"action":{"library":"H5P.CRAdvancedText 1.1","params":{"text":"<p dir=\"ltr\" style=\"text-align: center;\"><span style=\"color:#ffffff;\"><span style=\"font-size:2.25em;\">\u091a\u093e\u0915\u0941\u0932\u0947 \u092c\u0928\u093e\u0909\u0928 \u0936\u0941\u0930\u0941 \u0917\u0930\u094d\u092f\u094b\u0964<\/span><\/span><\/p>\n"},"subContentId":"ebe359ba-481e-4f99-a8c0-e8e2ba425efc","metadata":{"contentType":"Text","license":"U","title":"Untitled Text"}},"alwaysDisplayComments":false,"backgroundOpacity":0,"willDoAnimation":false,"animationType":"glow","displayAsButton":false,"buttonSize":"big","goToSlideType":"specified","invisible":false,"solution":""},{"x":47.00255102040816,"y":43.95465994962216,"width":40,"height":40,"action":{"library":"H5P.CRAudio 1.4","params":{"fitToWrapper":true,"currIndex":9,"playerMode":"minimalistic","controls":true,"autoplay":true,"playAudio":"Play audio","pauseAudio":"Pause audio","contentName":"Audio","glowColor":"#ffd85a","timeStampForEachText":[{"text":" \u091a\u093e\u0915\u0941\u0932\u0947 ","startDuration":"0.0000","endDuration":"0.9004","wordfile":[{"path":"audios\/wordfile-65e3a4dcbdc01.wav","mime":"audio\/x-wav","copyright":{"license":"U"}}]},{"text":" \u092c\u0928\u093e\u0909\u0928 ","startDuration":"0.9014","endDuration":"1.7537","wordfile":[{"path":"audios\/wordfile-65e3a4ef11cc0.wav","mime":"audio\/x-wav","copyright":{"license":"U"}}]},{"text":" \u0936\u0941\u0930\u0941 ","startDuration":"1.7547","endDuration":"2.2215","wordfile":[{"path":"audios\/wordfile-65e3a500f333b.wav","mime":"audio\/x-wav","copyright":{"license":"U"}}]},{"text":" \u0917\u0930\u094d\u092f\u094b\u0964 ","startDuration":"2.2225","endDuration":"2.7153","wordfile":[{"path":"audios\/wordfile-65e3a514c3d61.wav","mime":"audio\/x-wav","copyright":{"license":"U"}}]}],"files":[{"path":"audios\/files-65e3a4c72dc8f.wav","mime":"audio\/x-wav","copyright":{"license":"U"}}]},"subContentId":"608bcea2-75ce-419e-9252-8ed3a9787a34","metadata":{"contentType":"Curious Reader Audio","license":"U","title":"Untitled Curious Reader Audio"}},"backgroundOpacity":0,"willDoAnimation":false,"animationType":"glow","displayAsButton":false,"buttonSize":"big","goToSlideType":"specified","invisible":false},{"x":8.928571428571429,"y":32.72594458438287,"width":16.198979591836736,"height":40.050377833753146,"action":{"library":"H5P.Image 1.1","params":{"contentName":"Image"},"subContentId":"1c8f2e23-867b-40dc-971d-f2ae091b3147","metadata":{"contentType":"Image","license":"U","title":"Untitled Image"}},"backgroundOpacity":0,"willDoAnimation":true,"animationType":"glow","displayAsButton":false,"buttonSize":"big","goToSlideType":"specified","invisible":false,"id":"img608bcea2-75ce-419e-9252-8ed3a9787a34_0"}],"slideBackgroundSelector":{}},{"elements":[{"x":4.357298474945534,"y":2.150537634408602,"width":39.97821350762527,"height":95.69892473118279,"action":{"library":"H5P.Image 1.1","params":{"contentName":"Image","file":{"path":"images\/file-6582f9838dd11.jpg","mime":"image\/jpeg","copyright":{"license":"U"},"width":479,"height":686}},"subContentId":"6368cbb9-4216-4806-a78c-04244d505890","metadata":{"contentType":"Image","license":"U","title":"Untitled Image"}},"backgroundOpacity":0,"willDoAnimation":false,"animationType":"glow","displayAsButton":false,"buttonSize":"big","goToSlideType":"specified","invisible":false},{"x":45.91836734693878,"y":37.78337531486146,"width":46.42857142857143,"height":40.050377833753146,"action":{"library":"H5P.CRAdvancedText 1.1","params":{"text":"<p dir=\"ltr\" style=\"text-align: center;\"><span style=\"color:#ffffff;\"><span style=\"font-size:2.25em;\">\u0915\u0938\u094d\u0924\u094b \u0930\u093e\u092e\u094d\u0930\u094b \u091f\u094d\u0930\u093e\u0907\u0938\u093e\u092f\u0915\u0932! \u0924\u0930 \u092f\u094b \u0938\u094d\u0925\u093f\u0930 \u0925\u093f\u090f\u0928 \u0964<\/span><\/span><\/p>\n"},"subContentId":"a355e8e7-c5ed-4094-99d2-8040204b21eb","metadata":{"contentType":"Text","license":"U","title":"Untitled Text"}},"alwaysDisplayComments":false,"backgroundOpacity":0,"willDoAnimation":false,"animationType":"glow","displayAsButton":false,"buttonSize":"big","goToSlideType":"specified","invisible":false,"solution":""},{"x":47.00255102040816,"y":43.95465994962216,"width":40,"height":40,"action":{"library":"H5P.CRAudio 1.4","params":{"fitToWrapper":true,"currIndex":10,"playerMode":"minimalistic","controls":true,"autoplay":true,"playAudio":"Play audio","pauseAudio":"Pause audio","contentName":"Audio","glowColor":"#ffd85a","timeStampForEachText":[{"text":" \u0915\u0938\u094d\u0924\u094b ","startDuration":"0.0000","endDuration":"0.6232","wordfile":[{"path":"audios\/wordfile-65e3a5419b79a.wav","mime":"audio\/x-wav","copyright":{"license":"U"}}]},{"text":" \u0930\u093e\u092e\u094d\u0930\u094b ","startDuration":"0.6242","endDuration":"1.2192","wordfile":[{"path":"audios\/wordfile-65e3a555cb3e4.wav","mime":"audio\/x-wav","copyright":{"license":"U"}}]},{"text":" \u091f\u094d\u0930\u093e\u0907\u0938\u093e\u092f\u0915\u0932! ","startDuration":"1.2202","endDuration":"2.0748","wordfile":[{"path":"audios\/wordfile-65e3a56f0e312.wav","mime":"audio\/x-wav","copyright":{"license":"U"}}]},{"text":" \u0924\u0930 ","startDuration":"2.0758","endDuration":"2.5128","wordfile":[{"path":"audios\/wordfile-65e3a58257984.wav","mime":"audio\/x-wav","copyright":{"license":"U"}}]},{"text":" \u092f\u094b ","startDuration":"2.5138","endDuration":"3.0467","wordfile":[{"path":"audios\/wordfile-65e3a59dcb7b3.wav","mime":"audio\/x-wav","copyright":{"license":"U"}}]},{"text":" \u0938\u094d\u0925\u093f\u0930 ","startDuration":"3.0477","endDuration":"3.5750","wordfile":[{"path":"audios\/wordfile-65e3a5b1ce43b.wav","mime":"audio\/x-wav","copyright":{"license":"U"}}]},{"text":" \u0925\u093f\u090f\u0928 \u0964 ","startDuration":"3.5760","endDuration":"4.1870","wordfile":[{"path":"audios\/wordfile-65e3a5c7bf104.wav","mime":"audio\/x-wav","copyright":{"license":"U"}}]}],"files":[{"path":"audios\/files-65e3a53121d52.wav","mime":"audio\/x-wav","copyright":{"license":"U"}}]},"subContentId":"caa35b47-4120-4da5-a565-55efa9ba0e51","metadata":{"contentType":"Curious Reader Audio","license":"U","title":"Untitled Curious Reader Audio"}},"backgroundOpacity":0,"willDoAnimation":false,"animationType":"glow","displayAsButton":false,"buttonSize":"big","goToSlideType":"specified","invisible":false},{"x":17.857142857142858,"y":50.35037783375314,"width":23.852040816326532,"height":40.050377833753146,"action":{"library":"H5P.Image 1.1","params":{"contentName":"Image"},"subContentId":"7ec64351-0ce9-4336-a356-96514e288d39","metadata":{"contentType":"Image","license":"U","title":"Untitled Image"}},"backgroundOpacity":0,"willDoAnimation":true,"animationType":"glow","displayAsButton":false,"buttonSize":"big","goToSlideType":"specified","invisible":false,"id":"imgcaa35b47-4120-4da5-a565-55efa9ba0e51_2"}],"slideBackgroundSelector":{}},{"elements":[{"x":3.2679738562091503,"y":2.150537634408602,"width":39.97821350762527,"height":95.69892473118279,"action":{"library":"H5P.Image 1.1","params":{"contentName":"Image","file":{"path":"images\/file-6582f9c9f38f2.jpg","mime":"image\/jpeg","copyright":{"license":"U"},"width":479,"height":686}},"subContentId":"9f8d3804-966c-4b96-9d67-50173d8d300c","metadata":{"contentType":"Image","license":"U","title":"Untitled Image"}},"backgroundOpacity":0,"willDoAnimation":false,"animationType":"glow","displayAsButton":false,"buttonSize":"big","goToSlideType":"specified","invisible":false},{"x":42.09183673469388,"y":30.226700251889167,"width":52.29591836734694,"height":55.415617128463474,"action":{"library":"H5P.CRAdvancedText 1.1","params":{"text":"<p dir=\"ltr\" style=\"text-align: center;\"><span style=\"color:#ffffff;\"><span style=\"font-size:1.75em;\">\u0932\u0940\u0932\u093e\u0932\u0947 \u091a\u093e\u0915\u0941\u0915\u094b \u0938\u092e\u0938\u094d\u092f\u093e \u0926\u0947\u0916\u093f\u0928\u094d\u0964 \u0909\u0928\u0932\u0947 \u092e\u0926\u094d\u0926\u0924 \u0917\u0930\u094d\u0928\u0947 \u0928\u093f\u0930\u094d\u0923\u092f \u0917\u0930\u093f\u0928\u094d\u0964<\/span><\/span><\/p>\n"},"subContentId":"a61b743b-74cb-4bd5-bd26-12e57b9e9005","metadata":{"contentType":"Text","license":"U","title":"Untitled Text"}},"alwaysDisplayComments":false,"backgroundOpacity":0,"willDoAnimation":false,"animationType":"glow","displayAsButton":false,"buttonSize":"big","goToSlideType":"specified","invisible":false,"solution":""},{"x":47.00255102040816,"y":43.95465994962216,"width":40,"height":40,"action":{"library":"H5P.CRAudio 1.4","params":{"fitToWrapper":true,"currIndex":11,"playerMode":"minimalistic","controls":true,"autoplay":true,"playAudio":"Play audio","pauseAudio":"Pause audio","contentName":"Audio","glowColor":"#ffd85a","timeStampForEachText":[{"text":" \u0932\u0940\u0932\u093e\u0932\u0947 ","startDuration":"0.0000","endDuration":"0.8352","wordfile":[{"path":"audios\/wordfile-65e3a5f449433.wav","mime":"audio\/x-wav","copyright":{"license":"U"}}]},{"text":" \u091a\u093e\u0915\u0941\u0915\u094b ","startDuration":"0.8362","endDuration":"1.7486","wordfile":[{"path":"audios\/wordfile-65e3a60bbe766.wav","mime":"audio\/x-wav","copyright":{"license":"U"}}]},{"text":" \u0938\u092e\u0938\u094d\u092f\u093e ","startDuration":"1.7496","endDuration":"2.4818","wordfile":[{"path":"audios\/wordfile-65e3a626846c5.wav","mime":"audio\/x-wav","copyright":{"license":"U"}}]},{"text":" \u0926\u0947\u0916\u093f\u0928\u094d\u0964 ","startDuration":"2.4828","endDuration":"3.0605","wordfile":[{"path":"audios\/wordfile-65e3a63cf2450.wav","mime":"audio\/x-wav","copyright":{"license":"U"}}]},{"text":" \u0909\u0928\u0932\u0947 ","startDuration":"3.0615","endDuration":"3.6993","wordfile":[{"path":"audios\/wordfile-65e3a64e53a0c.wav","mime":"audio\/x-wav","copyright":{"license":"U"}}]},{"text":" \u092e\u0926\u094d\u0926\u0924 ","startDuration":"3.7003","endDuration":"4.1836","wordfile":[{"path":"audios\/wordfile-65e3a662a11bb.wav","mime":"audio\/x-wav","copyright":{"license":"U"}}]},{"text":" \u0917\u0930\u094d\u0928\u0947 ","startDuration":"4.1846","endDuration":"4.9511","wordfile":[{"path":"audios\/wordfile-65e3a675f2e74.wav","mime":"audio\/x-wav","copyright":{"license":"U"}}]},{"text":" \u0928\u093f\u0930\u094d\u0923\u092f ","startDuration":"4.9521","endDuration":"5.7100","wordfile":[{"path":"audios\/wordfile-65e3a68f08ff0.wav","mime":"audio\/x-wav","copyright":{"license":"U"}}]},{"text":" \u0917\u0930\u093f\u0928\u094d\u0964 ","startDuration":"5.7110","endDuration":"6.3689","wordfile":[{"path":"audios\/wordfile-65e3a6a1d4c9a.wav","mime":"audio\/x-wav","copyright":{"license":"U"}}]}],"files":[{"path":"audios\/files-65e3a5e31c33f.wav","mime":"audio\/x-wav","copyright":{"license":"U"}}]},"subContentId":"d25d7b85-ad96-4284-a6dd-5a844a1b8db5","metadata":{"contentType":"Curious Reader Audio","license":"U","title":"Untitled Curious Reader Audio"}},"backgroundOpacity":0,"willDoAnimation":false,"animationType":"glow","displayAsButton":false,"buttonSize":"big","goToSlideType":"specified","invisible":false},{"x":21.683673469387756,"y":25.17317380352645,"width":14.923469387755102,"height":40.050377833753146,"action":{"library":"H5P.Image 1.1","params":{"contentName":"Image"},"subContentId":"b527b807-0d24-4361-8aa9-0c0ef75de7f5","metadata":{"contentType":"Image","license":"U","title":"Untitled Image"}},"backgroundOpacity":0,"willDoAnimation":true,"animationType":"glow","displayAsButton":false,"buttonSize":"big","goToSlideType":"specified","invisible":false,"id":"imgd25d7b85-ad96-4284-a6dd-5a844a1b8db5_1"},{"x":5.1020408163265305,"y":32.72594458438287,"width":11.096938775510205,"height":40.050377833753146,"action":{"library":"H5P.Image 1.1","params":{"contentName":"Image"},"subContentId":"8bfa6b8d-8dd4-4756-afa3-2be5f4be26e0","metadata":{"contentType":"Image","license":"U","title":"Untitled Image"}},"backgroundOpacity":0,"willDoAnimation":true,"animationType":"glow","displayAsButton":false,"buttonSize":"big","goToSlideType":"specified","invisible":false,"id":"imgd25d7b85-ad96-4284-a6dd-5a844a1b8db5_0"}],"slideBackgroundSelector":{}},{"elements":[{"x":43.19346405228758,"y":25.791397849462367,"width":55.44662309368192,"height":70.96774193548387,"action":{"library":"H5P.Image 1.1","params":{"contentName":"Image","file":{"path":"images\/file-6582fa0e7a729.jpg","mime":"image\/jpeg","copyright":{"license":"U"},"width":959,"height":687}},"subContentId":"3ccdf63e-a32d-4e4c-9b61-15b14f985b43","metadata":{"contentType":"Image","license":"U","title":"Untitled Image"}},"backgroundOpacity":0,"willDoAnimation":false,"animationType":"glow","displayAsButton":false,"buttonSize":"big","goToSlideType":"specified","invisible":false},{"x":3.2679738562091503,"y":19.354838709677416,"width":40,"height":40,"action":{"library":"H5P.CRAdvancedText 1.1","params":{"text":"<p dir=\"ltr\" style=\"text-align: center;\"><span style=\"color:#ffffff;\"><span style=\"font-size:1.75em;\">\u0938\u0901\u0917\u0948, \u0924\u093f\u0928\u0940\u0939\u0930\u0942\u0932\u0947 \u090f\u0915 \u092c\u0932\u093f\u092f\u094b \u091f\u094d\u0930\u093e\u0907\u0938\u093e\u092f\u0915\u0932 \u092c\u0928\u093e\u090f\u0964<\/span><\/span><\/p>\n"},"subContentId":"593db92d-80ca-4922-a46d-9ed57765478e","metadata":{"contentType":"Text","license":"U","title":"Untitled Text"}},"alwaysDisplayComments":false,"backgroundOpacity":0,"willDoAnimation":false,"animationType":"glow","displayAsButton":false,"buttonSize":"big","goToSlideType":"specified","invisible":false,"solution":""},{"x":47.00255102040816,"y":43.95465994962216,"width":40,"height":40,"action":{"library":"H5P.CRAudio 1.4","params":{"fitToWrapper":true,"currIndex":12,"playerMode":"minimalistic","controls":true,"autoplay":true,"playAudio":"Play audio","pauseAudio":"Pause audio","contentName":"Audio","glowColor":"#ffd85a","timeStampForEachText":[{"text":" \u0938\u0901\u0917\u0948, ","startDuration":"0.0000","endDuration":"0.7491","wordfile":[{"path":"audios\/wordfile-65e3a6cdb2d84.wav","mime":"audio\/x-wav","copyright":{"license":"U"}}]},{"text":" \u0924\u093f\u0928\u0940\u0939\u0930\u0942\u0932\u0947 ","startDuration":"0.7501","endDuration":"1.7771","wordfile":[{"path":"audios\/wordfile-65e3a6e00d9f0.wav","mime":"audio\/x-wav","copyright":{"license":"U"}}]},{"text":" \u090f\u0915 ","startDuration":"1.7781","endDuration":"2.3684","wordfile":[{"path":"audios\/wordfile-6607080c424f3.wav","mime":"audio\/x-wav","copyright":{"license":"U"}}]},{"text":" \u092c\u0932\u093f\u092f\u094b ","startDuration":"2.3694","endDuration":"3.1516","wordfile":[{"path":"audios\/wordfile-65e3a70280aaf.wav","mime":"audio\/x-wav","copyright":{"license":"U"}}]},{"text":" \u091f\u094d\u0930\u093e\u0907\u0938\u093e\u092f\u0915\u0932 ","startDuration":"3.1526","endDuration":"4.1663","wordfile":[{"path":"audios\/wordfile-65e3a71c17057.wav","mime":"audio\/x-wav","copyright":{"license":"U"}}]},{"text":" \u092c\u0928\u093e\u090f\u0964 ","startDuration":"4.1673","endDuration":"4.8767","wordfile":[{"path":"audios\/wordfile-65e3a731c4826.wav","mime":"audio\/x-wav","copyright":{"license":"U"}}]}],"files":[{"path":"audios\/files-65e3a6bc8ab79.wav","mime":"audio\/x-wav","copyright":{"license":"U"}}]},"subContentId":"b28ae5f5-2ed6-4c49-9286-2ce52104ad20","metadata":{"contentType":"Curious Reader Audio","license":"U","title":"Untitled Curious Reader Audio"}},"backgroundOpacity":0,"willDoAnimation":false,"animationType":"glow","displayAsButton":false,"buttonSize":"big","goToSlideType":"specified","invisible":false},{"x":77.8061224489796,"y":62.9367758186398,"width":16.198979591836736,"height":29.471032745591938,"action":{"library":"H5P.Image 1.1","params":{"contentName":"Image"},"subContentId":"05b245e2-a407-4409-9939-7b2428204b14","metadata":{"contentType":"Image","license":"U","title":"Untitled Image"}},"backgroundOpacity":0,"willDoAnimation":true,"animationType":"glow","displayAsButton":false,"buttonSize":"big","goToSlideType":"specified","invisible":false,"id":"imgb28ae5f5-2ed6-4c49-9286-2ce52104ad20_4"}],"slideBackgroundSelector":{}},{"elements":[{"x":3.2679738562091503,"y":4.301075268817204,"width":39.97821350762527,"height":95.69892473118279,"action":{"library":"H5P.Image 1.1","params":{"contentName":"Image","file":{"path":"images\/file-6582fa801b2bb.jpg","mime":"image\/jpeg","copyright":{"license":"U"},"width":639,"height":687}},"subContentId":"9be5a284-a001-40c0-9a7f-2116761d05e2","metadata":{"contentType":"Image","license":"U","title":"Untitled Image"}},"backgroundOpacity":0,"willDoAnimation":false,"animationType":"glow","displayAsButton":false,"buttonSize":"big","goToSlideType":"specified","invisible":false},{"x":42.09183673469388,"y":30.226700251889167,"width":57.39795918367347,"height":40.050377833753146,"action":{"library":"H5P.CRAdvancedText 1.1","params":{"text":"<p dir=\"ltr\" style=\"text-align: center;\"><span style=\"color:#ffffff;\"><span style=\"font-size:2.25em;\">\u091a\u093e\u0915\u0941 \u091c\u0939\u093e\u0901 \u0917\u090f \u092a\u0928\u093f \u0906\u092b\u094d\u0928\u094b \u091f\u094d\u0930\u093e\u0908\u0938\u093e\u0907\u0915\u0932 \u091a\u0932\u093e\u0909\u0901\u0925\u094d\u092f\u094b \u0964<\/span><\/span><\/p>\n"},"subContentId":"936ea689-fca6-4e29-9824-7b531547a589","metadata":{"contentType":"Text","license":"U","title":"Untitled Text"}},"alwaysDisplayComments":false,"backgroundOpacity":0,"willDoAnimation":false,"animationType":"glow","displayAsButton":false,"buttonSize":"big","goToSlideType":"specified","invisible":false,"solution":""},{"x":47.00255102040816,"y":43.95465994962216,"width":40,"height":40,"action":{"library":"H5P.CRAudio 1.4","params":{"fitToWrapper":true,"currIndex":13,"playerMode":"minimalistic","controls":true,"autoplay":true,"playAudio":"Play audio","pauseAudio":"Pause audio","contentName":"Audio","glowColor":"#ffd85a","timeStampForEachText":[{"text":" \u091a\u093e\u0915\u0941 ","startDuration":"0.0000","endDuration":"0.7194","wordfile":[{"path":"audios\/wordfile-65e3a76167825.wav","mime":"audio\/x-wav","copyright":{"license":"U"}}]},{"text":" \u091c\u0939\u093e\u0901 ","startDuration":"0.7204","endDuration":"1.2731","wordfile":[{"path":"audios\/wordfile-65e3a77a94f1e.wav","mime":"audio\/x-wav","copyright":{"license":"U"}}]},{"text":" \u0917\u090f ","startDuration":"1.2731","endDuration":"1.6985","wordfile":[{"path":"audios\/wordfile-660708e5a5086.wav","mime":"audio\/x-wav","copyright":{"license":"U"}}]},{"text":" \u092a\u0928\u093f ","startDuration":"1.6995","endDuration":"2.2201","wordfile":[{"path":"audios\/wordfile-65e3a847bbad6.wav","mime":"audio\/x-wav","copyright":{"license":"U"}}]},{"text":" \u0906\u092b\u094d\u0928\u094b ","startDuration":"2.2211","endDuration":"2.9790","wordfile":[{"path":"audios\/wordfile-65e3a879dc078.wav","mime":"audio\/x-wav","copyright":{"license":"U"}}]},{"text":" \u091f\u094d\u0930\u093e\u0908\u0938\u093e\u0907\u0915\u0932 ","startDuration":"2.9800","endDuration":"3.8854","wordfile":[{"path":"audios\/wordfile-65e3a8912072c.wav","mime":"audio\/x-wav","copyright":{"license":"U"}}]},{"text":" \u091a\u0932\u093e\u0909\u0901\u0925\u094d\u092f\u094b \u0964 ","startDuration":"3.8864","endDuration":"4.7582","wordfile":[{"path":"audios\/wordfile-65e3a8a4eaf1a.wav","mime":"audio\/x-wav","copyright":{"license":"U"}}]}],"files":[{"path":"audios\/files-65e3a74b291e8.wav","mime":"audio\/x-wav","copyright":{"license":"U"}}]},"subContentId":"62b87b61-a84a-4c07-8edf-4978b990144e","metadata":{"contentType":"Curious Reader Audio","license":"U","title":"Untitled Curious Reader Audio"}},"backgroundOpacity":0,"willDoAnimation":false,"animationType":"glow","displayAsButton":false,"buttonSize":"big","goToSlideType":"specified","invisible":false},{"x":19.131632653061224,"y":15.10942065491184,"width":17.474489795918366,"height":35.012594458438286,"action":{"library":"H5P.Image 1.1","params":{"contentName":"Image"},"subContentId":"fe86e693-4b63-4cd2-81f3-485fe8c6b5dd","metadata":{"contentType":"Image","license":"U","title":"Untitled Image"}},"backgroundOpacity":0,"willDoAnimation":true,"animationType":"glow","displayAsButton":false,"buttonSize":"big","goToSlideType":"specified","invisible":false,"id":"img62b87b61-a84a-4c07-8edf-4978b990144e_0"},{"x":16.581632653061224,"y":40.27858942065492,"width":25.127551020408163,"height":40.050377833753146,"action":{"library":"H5P.Image 1.1","params":{"contentName":"Image"},"subContentId":"6c0a553f-ee87-44c5-9e55-869548ae6863","metadata":{"contentType":"Image","license":"U","title":"Untitled Image"}},"backgroundOpacity":0,"willDoAnimation":true,"animationType":"glow","displayAsButton":false,"buttonSize":"big","goToSlideType":"specified","invisible":false,"id":"img62b87b61-a84a-4c07-8edf-4978b990144e_5"}],"slideBackgroundSelector":{}},{"elements":[{"x":3.2679738562091503,"y":2.150537634408602,"width":39.97821350762527,"height":95.69892473118279,"action":{"library":"H5P.Image 1.1","params":{"contentName":"Image","file":{"path":"images\/file-6582fab2e8792.jpg","mime":"image\/jpeg","copyright":{"license":"U"},"width":479,"height":686}},"subContentId":"a5cc3ace-1cb3-4463-a4b8-cf993423732e","metadata":{"contentType":"Image","license":"U","title":"Untitled Image"}},"backgroundOpacity":0,"willDoAnimation":false,"animationType":"glow","displayAsButton":false,"buttonSize":"big","goToSlideType":"specified","invisible":false},{"x":44.642857142857146,"y":32.7455919395466,"width":51.02040816326531,"height":52.896725440806044,"action":{"library":"H5P.CRAdvancedText 1.1","params":{"text":"<p dir=\"ltr\" style=\"text-align: center;\"><span style=\"color:#ffffff;\"><span style=\"font-size:1.75em;\">\u0924\u0930 \u0909\u0938\u0932\u093e\u0908 \u0938\u092c\u0948\u092d\u0928\u094d\u0926\u093e \u092e\u0928\u092a\u0930\u094d\u0928\u0947 \u0938\u092e\u092f \u0924\u094d\u092f\u094b \u0925\u093f\u092f\u094b \u091c\u092c \u0909 \u0930 \u0932\u0940\u0932\u093e \u0938\u0901\u0917\u0948 \u0938\u093e\u0907\u0915\u0932 \u091a\u0932\u093e\u0909\u0901\u0925\u0947\u0964<\/span><\/span><\/p>\n"},"subContentId":"d153d157-4df3-43a2-bd6f-b4ff096d12a1","metadata":{"contentType":"Text","license":"U","title":"Untitled Text"}},"alwaysDisplayComments":false,"backgroundOpacity":0,"willDoAnimation":false,"animationType":"glow","displayAsButton":false,"buttonSize":"big","goToSlideType":"specified","invisible":false,"solution":""},{"x":47.00255102040816,"y":43.95465994962216,"width":40,"height":40,"action":{"library":"H5P.CRAudio 1.4","params":{"fitToWrapper":true,"currIndex":14,"playerMode":"minimalistic","controls":true,"autoplay":true,"playAudio":"Play audio","pauseAudio":"Pause audio","contentName":"Audio","glowColor":"#ffd85a","timeStampForEachText":[{"text":" \u0924\u0930 ","startDuration":"0.0000","endDuration":"0.5710","wordfile":[{"path":"audios\/wordfile-65e3a8f026585.wav","mime":"audio\/x-wav","copyright":{"license":"U"}}]},{"text":" \u0909\u0938\u0932\u093e\u0908 ","startDuration":"0.5720","endDuration":"1.1430","wordfile":[{"path":"audios\/wordfile-65e3a90659757.wav","mime":"audio\/x-wav","copyright":{"license":"U"}}]},{"text":" \u0938\u092c\u0948\u092d\u0928\u094d\u0926\u093e ","startDuration":"1.1440","endDuration":"2.3674","wordfile":[{"path":"audios\/wordfile-65e3a91b28f8f.wav","mime":"audio\/x-wav","copyright":{"license":"U"}}]},{"text":" \u092e\u0928\u092a\u0930\u094d\u0928\u0947 ","startDuration":"2.3684","endDuration":"3.3743","wordfile":[{"path":"audios\/wordfile-65e3a92f3335e.wav","mime":"audio\/x-wav","copyright":{"license":"U"}}]},{"text":" \u0938\u092e\u092f ","startDuration":"3.3753","endDuration":"4.1126","wordfile":[{"path":"audios\/wordfile-65e3a947ab984.wav","mime":"audio\/x-wav","copyright":{"license":"U"}}]},{"text":" \u0924\u094d\u092f\u094b ","startDuration":"4.1136","endDuration":"4.5822","wordfile":[{"path":"audios\/wordfile-65e3a95d51a16.wav","mime":"audio\/x-wav","copyright":{"license":"U"}}]},{"text":" \u0925\u093f\u092f\u094b ","startDuration":"4.5832","endDuration":"5.2565","wordfile":[{"path":"audios\/wordfile-65e3ac9aabc20.wav","mime":"audio\/x-wav","copyright":{"license":"U"}}]},{"text":" \u091c\u092c ","startDuration":"5.2575","endDuration":"5.7261","wordfile":[{"path":"audios\/wordfile-65e3abe2a2109.wav","mime":"audio\/x-wav","copyright":{"license":"U"}}]},{"text":" \u0909 ","startDuration":"5.7271","endDuration":"6.0294","wordfile":[{"path":"audios\/wordfile-65e3abc9401a6.wav","mime":"audio\/x-wav","copyright":{"license":"U"}}]},{"text":" \u0930 ","startDuration":"6.0294","endDuration":"6.3583","wordfile":[{"path":"audios\/wordfile-65e3abb27a1e3.wav","mime":"audio\/x-wav","copyright":{"license":"U"}}]},{"text":" \u0932\u0940\u0932\u093e ","startDuration":"6.4105","endDuration":"6.9687","wordfile":[{"path":"audios\/wordfile-66070996c513e.wav","mime":"audio\/x-wav","copyright":{"license":"U"}}]},{"text":" \u0938\u0901\u0917\u0948 ","startDuration":"6.9697","endDuration":"7.6942","wordfile":[{"path":"audios\/wordfile-65e3ab3d5e8ae.wav","mime":"audio\/x-wav","copyright":{"license":"U"}}]},{"text":" \u0938\u093e\u0907\u0915\u0932 ","startDuration":"7.6952","endDuration":"8.5220","wordfile":[{"path":"audios\/wordfile-66070a451aa5f.wav","mime":"audio\/x-wav","copyright":{"license":"U"}}]},{"text":" \u091a\u0932\u093e\u0909\u0901\u0925\u0947\u0964 ","startDuration":"8.5230","endDuration":"9.4650","wordfile":[{"path":"audios\/wordfile-65e3ab7e0e354.wav","mime":"audio\/x-wav","copyright":{"license":"U"}}]}],"files":[{"path":"audios\/files-65e3a8d55bd8c.wav","mime":"audio\/x-wav","copyright":{"license":"U"}}]},"subContentId":"a1ccd7db-003b-46d0-8dfa-ca5de760b43d","metadata":{"contentType":"Curious Reader Audio","license":"U","title":"Untitled Curious Reader Audio"}},"backgroundOpacity":0,"willDoAnimation":false,"animationType":"glow","displayAsButton":false,"buttonSize":"big","goToSlideType":"specified","invisible":false},{"x":24.23469387755102,"y":20.133425692695216,"width":13.64795918367347,"height":49.622166246851386,"action":{"library":"H5P.Image 1.1","params":{"contentName":"Image"},"subContentId":"8c479d8c-1000-408f-a6fb-ce574be9cba2","metadata":{"contentType":"Image","license":"U","title":"Untitled Image"}},"backgroundOpacity":0,"willDoAnimation":true,"animationType":"glow","displayAsButton":false,"buttonSize":"big","goToSlideType":"specified","invisible":false,"id":"imga1ccd7db-003b-46d0-8dfa-ca5de760b43d_1"},{"x":12.755102040816327,"y":17.6204282115869,"width":13.64795918367347,"height":52.141057934508815,"action":{"library":"H5P.Image 1.1","params":{"contentName":"Image"},"subContentId":"a71def03-1f68-4ddb-910c-e539cfe8becc","metadata":{"contentType":"Image","license":"U","title":"Untitled Image"}},"backgroundOpacity":0,"willDoAnimation":true,"animationType":"glow","displayAsButton":false,"buttonSize":"big","goToSlideType":"specified","invisible":false,"id":"imga1ccd7db-003b-46d0-8dfa-ca5de760b43d_10"}],"slideBackgroundSelector":{}},{"elements":[{"x":5.446623093681917,"y":6.451612903225806,"width":19.607843137254903,"height":19.569892473118276,"action":{"library":"H5P.Image 1.1","params":{"contentName":"Image","file":{"path":"images\/file-6582faf97f388.png","mime":"image\/png","copyright":{"license":"U"},"width":1350,"height":487}},"subContentId":"adef2565-9d0b-433d-8139-92e610ba9372","metadata":{"contentType":"Image","license":"U","title":"Untitled Image"}},"backgroundOpacity":0,"willDoAnimation":false,"animationType":"glow","displayAsButton":false,"buttonSize":"big","goToSlideType":"specified","invisible":false},{"x":29.411764705882355,"y":6.4415268817204305,"width":19.607843137254903,"height":19.569892473118276,"action":{"library":"H5P.Image 1.1","params":{"contentName":"Image","file":{"path":"images\/file-6582fb0bd1481.png","mime":"image\/png","copyright":{"license":"U"},"width":814,"height":202}},"subContentId":"abaea07c-8ccf-4f94-9c73-5c3fad74e8b6","metadata":{"contentType":"Image","license":"U","title":"Untitled Image"}},"backgroundOpacity":0,"willDoAnimation":false,"animationType":"glow","displayAsButton":false,"buttonSize":"big","goToSlideType":"specified","invisible":false},{"x":53.37690631808279,"y":8.602150537634408,"width":39.97821350762527,"height":15.053763440860214,"action":{"library":"H5P.Image 1.1","params":{"contentName":"Image","file":{"path":"images\/file-6582fb223475c.jpg","mime":"image\/jpeg","copyright":{"license":"U"},"width":1732,"height":354}},"subContentId":"1e6de0e9-af4d-4212-be76-2db4139d5fc6","metadata":{"contentType":"Image","license":"U","title":"Untitled Image"}},"backgroundOpacity":0,"willDoAnimation":false,"animationType":"glow","displayAsButton":false,"buttonSize":"big","goToSlideType":"specified","invisible":false},{"x":3.826530612244898,"y":32.7455919395466,"width":93.68191721132898,"height":64.51612903225806,"action":{"library":"H5P.CRAdvancedText 1.1","params":{"text":"<h3 style=\"text-align: center;\">\u201c\u091a\u093e\u0915\u0941\u0915\u094b \u0938\u093e\u0907\u0915\u0932\u201d credits<br>\nThis work, \u201c\u091a\u093e\u0915\u0941\u0915\u094b \u0938\u093e\u0907\u0915\u0932\u201d is a derivative of Chaku's Cycleis translated byAlisha Berger. The \u00a9 for this translation lies with Room to Read, 2016. Some rights reserved. Released under CC BY 4.0 license.Based on Original story:'Baiskeli ya Chaku', byUpendo Maria. \u00a9 Room to Read , 2016. Some rights reserved.<\/h3>\n\n<h3 style=\"text-align: center;\">\u201c\u091a\u093e\u0915\u0941\u0915\u094b \u0938\u093e\u0907\u0915\u0932\u201d is licensed under CC BY 4.0 by Curious Learning.<\/h3>\n\n<h3 style=\"text-align: center;\">Book builder - Abraham Jerry Kakooza<\/h3>\n"},"subContentId":"73649e64-c7ea-491d-8d78-f2ad67dcfe51","metadata":{"contentType":"Text","license":"U","title":"Untitled Text"}},"alwaysDisplayComments":false,"backgroundOpacity":0,"willDoAnimation":false,"animationType":"glow","displayAsButton":false,"buttonSize":"big","goToSlideType":"specified","invisible":false,"solution":""}],"slideBackgroundSelector":{}}],"keywordListEnabled":true,"globalBackgroundSelector":{},"keywordListAlwaysShow":false,"keywordListAutoHide":false,"keywordListOpacity":90},"override":{"activeSurface":false,"hideSummarySlide":false,"summarySlideSolutionButton":true,"summarySlideRetryButton":true,"enablePrintButton":false,"social":{"showFacebookShare":false,"facebookShare":{"url":"@currentpageurl","quote":"I scored @score out of @maxScore on a task at @currentpageurl."},"showTwitterShare":false,"twitterShare":{"statement":"I scored @score out of @maxScore on a task at @currentpageurl.","url":"@currentpageurl","hashtags":"h5p, course"},"showGoogleShare":false,"googleShareUrl":"@currentpageurl"}},"l10n":{"slide":"Slide","score":"Score","yourScore":"Your Score","maxScore":"Max Score","total":"Total","totalScore":"Total Score","showSolutions":"Show solutions","retry":"Retry","exportAnswers":"Export text","hideKeywords":"Hide sidebar navigation menu","showKeywords":"Show sidebar navigation menu","fullscreen":"Fullscreen","exitFullscreen":"Exit fullscreen","prevSlide":"Previous slide","nextSlide":"Next slide","currentSlide":"Current slide","lastSlide":"Last slide","solutionModeTitle":"Exit solution mode","solutionModeText":"Solution Mode","summaryMultipleTaskText":"Multiple tasks","scoreMessage":"You achieved:","shareFacebook":"Share on Facebook","shareTwitter":"Share on Twitter","shareGoogle":"Share on Google+","summary":"Summary","solutionsButtonTitle":"Show comments","printTitle":"Print","printIngress":"How would you like to print this presentation?","printAllSlides":"Print all slides","printCurrentSlide":"Print current slide","noTitle":"No title","accessibilitySlideNavigationExplanation":"Use left and right arrow to change slide in that direction whenever canvas is selected.","accessibilityCanvasLabel":"Presentation canvas. Use left and right arrow to move between slides.","containsNotCompleted":"@slideName contains not completed interaction","containsCompleted":"@slideName contains completed interaction","slideCount":"Slide @index of @total","containsOnlyCorrect":"@slideName only has correct answers","containsIncorrectAnswers":"@slideName has incorrect answers","shareResult":"Share Result","accessibilityTotalScore":"You got @score of @maxScore points in total","accessibilityEnteredFullscreen":"Entered fullscreen","accessibilityExitedFullscreen":"Exited fullscreen"}}