{"presentation":{"slides":[{"elements":[{"x":17.429193899782135,"y":8.620689655172415,"width":68.84531590413944,"height":68.96551724137932,"action":{"library":"H5P.Image 1.1","params":{"contentName":"Image","file":{"path":"images\/file-620d8a2cc3689.jpg","mime":"image\/jpeg","copyright":{"license":"U"},"width":959,"height":459}},"metadata":{"contentType":"Image","license":"U","title":"Untitled Image"},"subContentId":"1a985065-041b-4993-a3f5-9b3bc4dacb86"},"backgroundOpacity":0,"willDoAnimation":false,"animationType":"glow","displayAsButton":false,"buttonSize":"big","goToSlideType":"specified","invisible":false},{"x":25.05446623093682,"y":80.60344827586208,"width":51.19825708061002,"height":18.31896551724138,"action":{"library":"H5P.CRAdvancedText 1.1","params":{"text":"<p style=\"text-align: center;\"><span style=\"font-size:3em;\">Tall and Short<\/span><\/p>\n"},"metadata":{"contentType":"Text","license":"U","title":"Untitled Text"},"subContentId":"c4fd31da-0540-4eda-aa3e-c723aeba950d"},"alwaysDisplayComments":false,"backgroundOpacity":0,"willDoAnimation":false,"animationType":"glow","displayAsButton":false,"buttonSize":"big","goToSlideType":"specified","invisible":false,"solution":""}],"slideBackgroundSelector":{}},{"elements":[{"x":16.33986928104575,"y":4.310344827586207,"width":33.769063180827885,"height":92.67241379310346,"action":{"library":"H5P.Image 1.1","params":{"contentName":"Image","file":{"path":"images\/file-620d8a6738172.jpg","mime":"image\/jpeg","copyright":{"license":"U"},"width":639,"height":918}},"metadata":{"contentType":"Image","license":"U","title":"Untitled Image"},"subContentId":"d847183f-71d9-4e9e-a095-ca02b8670ced"},"backgroundOpacity":0,"willDoAnimation":false,"animationType":"glow","displayAsButton":false,"buttonSize":"big","goToSlideType":"specified","invisible":false},{"x":53.57142857142857,"y":38.287153652392945,"width":40.94387755102041,"height":32.7455919395466,"action":{"library":"H5P.CRAdvancedText 1.1","params":{"text":"<p style=\"text-align: center;\"><span style=\"font-size:2.25em;\">Pa is getting my hat. <\/span><\/p>\n"},"metadata":{"contentType":"Text","license":"U","title":"Untitled Text"},"subContentId":"915541b4-9f07-4d83-83b7-af52fe072a7f"},"alwaysDisplayComments":false,"backgroundOpacity":0,"willDoAnimation":false,"animationType":"glow","displayAsButton":false,"buttonSize":"big","goToSlideType":"specified","invisible":false,"solution":""},{"x":47.00255102040816,"y":43.95465994962216,"width":40,"height":40,"action":{"library":"H5P.CRAudio 1.4","params":{"fitToWrapper":true,"currIndex":1,"playerMode":"minimalistic","controls":true,"autoplay":true,"playAudio":"Play audio","pauseAudio":"Pause audio","contentName":"Audio","glowColor":"#ffd85a","files":[{"path":"audios\/files-6215912e97fdb.wav","mime":"audio\/x-wav","copyright":{"license":"U"}}],"timeStampForEachText":[{"text":" Pa ","startDuration":"0.0000","endDuration":"0.6577","wordfile":[{"path":"audios\/wordfile-621591591e0c5.wav","mime":"audio\/x-wav","copyright":{"license":"U"}}]},{"text":" is ","startDuration":"0.6587","endDuration":"1.0192","wordfile":[{"path":"audios\/wordfile-621591692ed97.wav","mime":"audio\/x-wav","copyright":{"license":"U"}}]},{"text":" getting ","startDuration":"1.0202","endDuration":"1.4729","wordfile":[{"path":"audios\/wordfile-6215918846ac1.wav","mime":"audio\/x-wav","copyright":{"license":"U"}}]},{"text":" my ","startDuration":"1.4739","endDuration":"1.8378","wordfile":[{"path":"audios\/wordfile-621591aa358fd.wav","mime":"audio\/x-wav","copyright":{"license":"U"}}]},{"text":" hat. ","startDuration":"1.8388","endDuration":"2.5343","wordfile":[{"path":"audios\/wordfile-621591be05306.wav","mime":"audio\/x-wav","copyright":{"license":"U"}}]}]},"metadata":{"contentType":"Curious Reader Audio","license":"U","title":"Untitled Curious Reader Audio"},"subContentId":"10de527d-af7a-4f95-a734-0535ca3022e7"},"backgroundOpacity":0,"willDoAnimation":false,"animationType":"glow","displayAsButton":false,"buttonSize":"big","goToSlideType":"specified","invisible":false},{"x":17.857142857142858,"y":10.06375314861461,"width":16.198979591836736,"height":84.88664987405541,"action":{"library":"H5P.Image 1.1","params":{"contentName":"Image"},"metadata":{"contentType":"Image","license":"U","title":"Untitled Image"},"subContentId":"2be7e0d2-1c0f-4c97-8681-00b39c88cc1d"},"backgroundOpacity":0,"willDoAnimation":true,"animationType":"glow","displayAsButton":false,"buttonSize":"big","goToSlideType":"specified","invisible":false,"id":"img10de527d-af7a-4f95-a734-0535ca3022e7_0"},{"x":34.94897959183673,"y":52.896725440806044,"width":14.923469387755102,"height":40.050377833753146,"action":{"library":"H5P.Image 1.1","params":{"contentName":"Image"},"metadata":{"contentType":"Image","license":"U","title":"Untitled Image"},"subContentId":"579bd22d-df56-4721-9843-f953354a78ee"},"backgroundOpacity":0,"willDoAnimation":true,"animationType":"glow","displayAsButton":false,"buttonSize":"big","goToSlideType":"specified","invisible":false},{"x":33.16326530612245,"y":14.609571788413097,"width":9.948979591836736,"height":16.876574307304786,"action":{"library":"H5P.Image 1.1","params":{"contentName":"Image"},"metadata":{"contentType":"Image","license":"U","title":"Untitled Image"},"subContentId":"9eea7a8f-1fec-4bfe-ace8-35fc0a68c6da"},"backgroundOpacity":0,"willDoAnimation":true,"animationType":"glow","displayAsButton":false,"buttonSize":"big","goToSlideType":"specified","invisible":false,"id":"img10de527d-af7a-4f95-a734-0535ca3022e7_4"}],"slideBackgroundSelector":{}},{"elements":[{"x":13.64795918367347,"y":4.785894206549118,"width":35.83877995642702,"height":92.45689655172414,"action":{"library":"H5P.Image 1.1","params":{"contentName":"Image","file":{"path":"images\/file-620d8aa4e43d4.jpg","mime":"image\/jpeg","copyright":{"license":"U"},"width":639,"height":918}},"metadata":{"contentType":"Image","license":"U","title":"Untitled Image"},"subContentId":"8507372c-514d-4e61-9c70-f3e1c1957c80"},"backgroundOpacity":0,"willDoAnimation":false,"animationType":"glow","displayAsButton":false,"buttonSize":"big","goToSlideType":"specified","invisible":false},{"x":52.80612244897959,"y":45.34005037783375,"width":40.05102040816327,"height":17.632241813602015,"action":{"library":"H5P.CRAdvancedText 1.1","params":{"text":"<p style=\"text-align: center;\"><span style=\"font-size:2.25em;\">Pa is tall. <\/span><\/p>\n"},"metadata":{"contentType":"Text","license":"U","title":"Untitled Text"},"subContentId":"4d333171-b3e5-4985-9136-03c889b31916"},"alwaysDisplayComments":false,"backgroundOpacity":0,"willDoAnimation":false,"animationType":"glow","displayAsButton":false,"buttonSize":"big","goToSlideType":"specified","invisible":false,"solution":""},{"x":15.214564369310793,"y":12.263615384615385,"width":17.555266579973992,"height":83.84615384615385,"action":{"library":"H5P.Image 1.1","params":{"contentName":"Image"},"metadata":{"contentType":"Image","license":"U","title":"Untitled Image"},"subContentId":"523c50c3-ec27-405a-9c15-718069c8b22a"},"backgroundOpacity":0,"willDoAnimation":true,"animationType":"glow","displayAsButton":false,"buttonSize":"big","goToSlideType":"specified","invisible":false,"id":"img73f9e015-26bc-4a16-bfeb-f5e3e8dc687a_0"},{"x":47.00255102040816,"y":43.95465994962216,"width":40,"height":40,"action":{"library":"H5P.CRAudio 1.4","params":{"fitToWrapper":true,"currIndex":2,"playerMode":"minimalistic","controls":true,"autoplay":true,"playAudio":"Play audio","pauseAudio":"Pause audio","contentName":"Audio","glowColor":"#ffd85a","files":[{"path":"audios\/files-6215921b4f120.wav","mime":"audio\/x-wav","copyright":{"license":"U"}}],"timeStampForEachText":[{"text":" Pa ","startDuration":"0.0000","endDuration":"0.6790","wordfile":[{"path":"audios\/wordfile-6215924976ae5.wav","mime":"audio\/x-wav","copyright":{"license":"U"}}]},{"text":" is ","startDuration":"0.6800","endDuration":"1.0824","wordfile":[{"path":"audios\/wordfile-62159261e18fd.wav","mime":"audio\/x-wav","copyright":{"license":"U"}}]},{"text":" tall. ","startDuration":"1.0834","endDuration":"1.8931","wordfile":[{"path":"audios\/wordfile-62159271aa7fd.wav","mime":"audio\/x-wav","copyright":{"license":"U"}}]}]},"metadata":{"contentType":"Curious Reader Audio","license":"U","title":"Untitled Curious Reader Audio"},"subContentId":"73f9e015-26bc-4a16-bfeb-f5e3e8dc687a"},"backgroundOpacity":0,"willDoAnimation":false,"animationType":"glow","displayAsButton":false,"buttonSize":"big","goToSlideType":"specified","invisible":false}],"slideBackgroundSelector":{}},{"elements":[{"x":11.982570806100219,"y":4.310344827586207,"width":37.03703703703704,"height":92.45689655172414,"action":{"library":"H5P.Image 1.1","params":{"contentName":"Image","file":{"path":"images\/file-620d8ad1200cf.jpg","mime":"image\/jpeg","copyright":{"license":"U"},"width":639,"height":918}},"metadata":{"contentType":"Image","license":"U","title":"Untitled Image"},"subContentId":"da8f13bc-b4e8-4061-8e10-4bca4dcdfecb"},"backgroundOpacity":0,"willDoAnimation":false,"animationType":"glow","displayAsButton":false,"buttonSize":"big","goToSlideType":"specified","invisible":false},{"x":49.36224489795919,"y":39.042821158690174,"width":47.19387755102041,"height":33.50125944584383,"action":{"library":"H5P.CRAdvancedText 1.1","params":{"text":"<p style=\"text-align: center;\"><span style=\"font-size:2.25em;\">Ma is getting my shirt. <\/span><\/p>\n"},"metadata":{"contentType":"Text","license":"U","title":"Untitled Text"},"subContentId":"bcfa20c4-5a54-443c-9009-7c03fce69e4f"},"alwaysDisplayComments":false,"backgroundOpacity":0,"willDoAnimation":false,"animationType":"glow","displayAsButton":false,"buttonSize":"big","goToSlideType":"specified","invisible":false,"solution":""},{"x":23.14655612244898,"y":13.834231738035266,"width":14.923469387755102,"height":47.10327455919395,"action":{"library":"H5P.Image 1.1","params":{"contentName":"Image"},"metadata":{"contentType":"Image","license":"U","title":"Untitled Image"},"subContentId":"ccc55a0b-c89f-48f9-887e-5323f7ada7e7"},"backgroundOpacity":0,"willDoAnimation":true,"animationType":"glow","displayAsButton":false,"buttonSize":"big","goToSlideType":"specified","invisible":false,"id":"img34b83192-1a81-4a08-b947-2e3bb7c9d12c_0"},{"x":46.944083224967486,"y":43.97435897435898,"width":40,"height":40,"action":{"library":"H5P.CRAudio 1.4","params":{"fitToWrapper":true,"currIndex":3,"playerMode":"minimalistic","controls":true,"autoplay":true,"playAudio":"Play audio","pauseAudio":"Pause audio","contentName":"Audio","glowColor":"#ffd85a","files":[{"path":"audios\/files-621592d1c417c.wav","mime":"audio\/x-wav","copyright":{"license":"U"}}],"timeStampForEachText":[{"text":" Ma ","startDuration":"0.0000","endDuration":"0.6950","wordfile":[{"path":"audios\/wordfile-621592f44f57b.wav","mime":"audio\/x-wav","copyright":{"license":"U"}}]},{"text":" is ","startDuration":"0.6960","endDuration":"1.0537","wordfile":[{"path":"audios\/wordfile-62159301ebec3.wav","mime":"audio\/x-wav","copyright":{"license":"U"}}]},{"text":" getting ","startDuration":"1.0547","endDuration":"1.6617","wordfile":[{"path":"audios\/wordfile-621593215ddce.wav","mime":"audio\/x-wav","copyright":{"license":"U"}}]},{"text":" my ","startDuration":"1.6627","endDuration":"1.8627","wordfile":[{"path":"audios\/wordfile-621593308d07c.wav","mime":"audio\/x-wav","copyright":{"license":"U"}}]},{"text":" shirt. ","startDuration":"1.8637","endDuration":"2.7206","wordfile":[{"path":"audios\/wordfile-6215933fd47fd.wav","mime":"audio\/x-wav","copyright":{"license":"U"}}]}]},"metadata":{"contentType":"Curious Reader Audio","license":"U","title":"Untitled Curious Reader Audio"},"subContentId":"34b83192-1a81-4a08-b947-2e3bb7c9d12c"},"backgroundOpacity":0,"willDoAnimation":false,"animationType":"glow","displayAsButton":false,"buttonSize":"big","goToSlideType":"specified","invisible":false},{"x":29.336734693877553,"y":28.71536523929471,"width":15.306122448979592,"height":21.914357682619645,"action":{"library":"H5P.Image 1.1","params":{"contentName":"Image"},"metadata":{"contentType":"Image","license":"U","title":"Untitled Image"},"subContentId":"f4b86b5a-42b1-4b33-ae6e-90682aa7710a"},"backgroundOpacity":0,"willDoAnimation":true,"animationType":"glow","displayAsButton":false,"buttonSize":"big","goToSlideType":"specified","invisible":false,"id":"img34b83192-1a81-4a08-b947-2e3bb7c9d12c_4"}],"slideBackgroundSelector":{}},{"elements":[{"x":14.159041394335512,"y":5.622456896551724,"width":34.85838779956427,"height":91.5948275862069,"action":{"library":"H5P.Image 1.1","params":{"contentName":"Image","file":{"path":"images\/file-620d8b1736f35.jpg","mime":"image\/jpeg","copyright":{"license":"U"},"width":639,"height":918}},"metadata":{"contentType":"Image","license":"U","title":"Untitled Image"},"subContentId":"58983962-11e1-46f6-90e6-21feb78157e2"},"backgroundOpacity":0,"willDoAnimation":false,"animationType":"glow","displayAsButton":false,"buttonSize":"big","goToSlideType":"specified","invisible":false},{"x":49.744897959183675,"y":41.28614609571788,"width":46.93877551020408,"height":30.226700251889167,"action":{"library":"H5P.CRAdvancedText 1.1","params":{"text":"<p style=\"text-align: center;\"><span style=\"font-size:2.25em;\">Pa is taller than Ma.&nbsp;&nbsp;<\/span><\/p>\n"},"metadata":{"contentType":"Text","license":"U","title":"Untitled Text"},"subContentId":"906dfcdc-5794-48b2-86b4-f147db89058c"},"alwaysDisplayComments":false,"backgroundOpacity":0,"willDoAnimation":false,"animationType":"glow","displayAsButton":false,"buttonSize":"big","goToSlideType":"specified","invisible":false,"solution":""},{"x":47.00255102040816,"y":43.95465994962216,"width":40,"height":40,"action":{"library":"H5P.CRAudio 1.4","params":{"fitToWrapper":true,"currIndex":4,"playerMode":"minimalistic","controls":true,"autoplay":true,"playAudio":"Play audio","pauseAudio":"Pause audio","contentName":"Audio","glowColor":"#ffd85a","files":[{"path":"audios\/files-621593d3f1a3b.wav","mime":"audio\/x-wav","copyright":{"license":"U"}}],"timeStampForEachText":[{"text":" Pa ","startDuration":"0.0000","endDuration":"0.7352","wordfile":[{"path":"audios\/wordfile-621593fdb67ea.wav","mime":"audio\/x-wav","copyright":{"license":"U"}}]},{"text":" is ","startDuration":"0.7362","endDuration":"1.1109","wordfile":[{"path":"audios\/wordfile-621594166052e.wav","mime":"audio\/x-wav","copyright":{"license":"U"}}]},{"text":" taller ","startDuration":"1.1119","endDuration":"1.8137","wordfile":[{"path":"audios\/wordfile-6215942fec846.wav","mime":"audio\/x-wav","copyright":{"license":"U"}}]},{"text":" than ","startDuration":"1.8147","endDuration":"2.1597","wordfile":[{"path":"audios\/wordfile-62159442e8934.wav","mime":"audio\/x-wav","copyright":{"license":"U"}}]},{"text":" Ma.\u00a0\u00a0 ","startDuration":"2.1607","endDuration":"2.7579","wordfile":[{"path":"audios\/wordfile-6215945b14cfe.wav","mime":"audio\/x-wav","copyright":{"license":"U"}}]}]},"metadata":{"contentType":"Curious Reader Audio","license":"U","title":"Untitled Curious Reader Audio"},"subContentId":"0285fd12-9dc1-4ad7-a09d-6613f11d3bfb"},"backgroundOpacity":0,"willDoAnimation":false,"animationType":"glow","displayAsButton":false,"buttonSize":"big","goToSlideType":"specified","invisible":false},{"x":29.336734693877553,"y":7.550780856423174,"width":14.923469387755102,"height":84.13098236775818,"action":{"library":"H5P.Image 1.1","params":{"contentName":"Image"},"metadata":{"contentType":"Image","license":"U","title":"Untitled Image"},"subContentId":"16e64201-55eb-422c-9d48-5d3307efb1dc"},"backgroundOpacity":0,"willDoAnimation":true,"animationType":"glow","displayAsButton":false,"buttonSize":"big","goToSlideType":"specified","invisible":false,"id":"img0285fd12-9dc1-4ad7-a09d-6613f11d3bfb_0"},{"x":22.448979591836736,"y":18.639798488664987,"width":11.096938775510205,"height":67.2544080604534,"action":{"library":"H5P.Image 1.1","params":{"contentName":"Image"},"metadata":{"contentType":"Image","license":"U","title":"Untitled Image"},"subContentId":"854785d0-9195-4caa-be6f-4ee3da8e1ce8"},"backgroundOpacity":0,"willDoAnimation":true,"animationType":"glow","displayAsButton":false,"buttonSize":"big","goToSlideType":"specified","invisible":false,"id":"img0285fd12-9dc1-4ad7-a09d-6613f11d3bfb_4"}],"slideBackgroundSelector":{}},{"elements":[{"x":14.161220043572985,"y":6.4655172413793105,"width":35.947712418300654,"height":90.73275862068967,"action":{"library":"H5P.Image 1.1","params":{"contentName":"Image","file":{"path":"images\/file-620d8b4901fed.jpg","mime":"image\/jpeg","copyright":{"license":"U"},"width":639,"height":918}},"metadata":{"contentType":"Image","license":"U","title":"Untitled Image"},"subContentId":"aaf17fd2-2d62-4892-89b6-b5ee22261403"},"backgroundOpacity":0,"willDoAnimation":false,"animationType":"glow","displayAsButton":false,"buttonSize":"big","goToSlideType":"specified","invisible":false},{"x":50.51020408163265,"y":40.050377833753146,"width":45.91836734693878,"height":35.26448362720403,"action":{"library":"H5P.CRAdvancedText 1.1","params":{"text":"<p style=\"text-align: center;\"><span style=\"font-size:2.25em;\">My sister is getting my book.<\/span><\/p>\n"},"metadata":{"contentType":"Text","license":"U","title":"Untitled Text"},"subContentId":"44775aea-3462-4f25-b4c8-df6d22a40345"},"alwaysDisplayComments":false,"backgroundOpacity":0,"willDoAnimation":false,"animationType":"glow","displayAsButton":false,"buttonSize":"big","goToSlideType":"specified","invisible":false,"solution":""},{"x":47.00255102040816,"y":43.95465994962216,"width":40,"height":40,"action":{"library":"H5P.CRAudio 1.4","params":{"fitToWrapper":true,"currIndex":5,"playerMode":"minimalistic","controls":true,"autoplay":true,"playAudio":"Play audio","pauseAudio":"Pause audio","contentName":"Audio","glowColor":"#ffd85a","files":[{"path":"audios\/files-621594e5dfd6b.wav","mime":"audio\/x-wav","copyright":{"license":"U"}}],"timeStampForEachText":[{"text":" My ","startDuration":"0.0000","endDuration":"0.3480","wordfile":[{"path":"audios\/wordfile-6215951c5b815.wav","mime":"audio\/x-wav","copyright":{"license":"U"}}]},{"text":" sister ","startDuration":"0.3485","endDuration":"1.2000","wordfile":[{"path":"audios\/wordfile-6215954a53ab3.wav","mime":"audio\/x-wav","copyright":{"license":"U"}}]},{"text":" is ","startDuration":"1.2010","endDuration":"1.5194","wordfile":[{"path":"audios\/wordfile-6215956b789ce.wav","mime":"audio\/x-wav","copyright":{"license":"U"}}]},{"text":" getting ","startDuration":"1.5204","endDuration":"2.1305","wordfile":[{"path":"audios\/wordfile-62159590b9e4a.wav","mime":"audio\/x-wav","copyright":{"license":"U"}}]},{"text":" my ","startDuration":"2.1315","endDuration":"2.4118","wordfile":[{"path":"audios\/wordfile-621595a40b5f3.wav","mime":"audio\/x-wav","copyright":{"license":"U"}}]},{"text":" book. ","startDuration":"2.4128","endDuration":"3.1201","wordfile":[{"path":"audios\/wordfile-621595bca6b6e.wav","mime":"audio\/x-wav","copyright":{"license":"U"}}]}]},"metadata":{"contentType":"Curious Reader Audio","license":"U","title":"Untitled Curious Reader Audio"},"subContentId":"5a855fcf-57ad-4cee-a54b-11542f1db86a"},"backgroundOpacity":0,"willDoAnimation":false,"animationType":"glow","displayAsButton":false,"buttonSize":"big","goToSlideType":"specified","invisible":false},{"x":24.23469387755102,"y":15.105491183879094,"width":13.775510204081632,"height":44.58438287153652,"action":{"library":"H5P.Image 1.1","params":{"contentName":"Image"},"metadata":{"contentType":"Image","license":"U","title":"Untitled Image"},"subContentId":"3e94b211-3bd0-4d14-a972-7d54b7b6aff8"},"backgroundOpacity":0,"willDoAnimation":true,"animationType":"glow","displayAsButton":false,"buttonSize":"big","goToSlideType":"specified","invisible":false,"id":"img5a855fcf-57ad-4cee-a54b-11542f1db86a_1"},{"x":21.683673469387756,"y":45.30453400503778,"width":8.545918367346939,"height":14.609571788413097,"action":{"library":"H5P.Image 1.1","params":{"contentName":"Image"},"metadata":{"contentType":"Image","license":"U","title":"Untitled Image"},"subContentId":"93a77744-ff13-4e7b-b60e-10636c2f5159"},"backgroundOpacity":0,"willDoAnimation":true,"animationType":"glow","displayAsButton":false,"buttonSize":"big","goToSlideType":"specified","invisible":false,"id":"img5a855fcf-57ad-4cee-a54b-11542f1db86a_5"}],"slideBackgroundSelector":{}},{"elements":[{"x":14.161220043572985,"y":5.81896551724138,"width":34.85838779956427,"height":90.51724137931035,"action":{"library":"H5P.Image 1.1","params":{"contentName":"Image","file":{"path":"images\/file-620d8b7b9c561.jpg","mime":"image\/jpeg","copyright":{"license":"U"},"width":639,"height":918}},"metadata":{"contentType":"Image","license":"U","title":"Untitled Image"},"subContentId":"cf3f144b-ba70-4d6a-a367-c0a0c5e6eac8"},"backgroundOpacity":0,"willDoAnimation":false,"animationType":"glow","displayAsButton":false,"buttonSize":"big","goToSlideType":"specified","invisible":false},{"x":49.744897959183675,"y":37.76372795969773,"width":44.642857142857146,"height":32.7455919395466,"action":{"library":"H5P.CRAdvancedText 1.1","params":{"text":"<p style=\"text-align: center;\"><span style=\"font-size:2.25em;\">Ma is taller than my sister.&nbsp;&nbsp;<\/span><\/p>\n"},"metadata":{"contentType":"Text","license":"U","title":"Untitled Text"},"subContentId":"49d7566d-a3af-47f0-af24-540df6a2bf5d"},"alwaysDisplayComments":false,"backgroundOpacity":0,"willDoAnimation":false,"animationType":"glow","displayAsButton":false,"buttonSize":"big","goToSlideType":"specified","invisible":false,"solution":""},{"x":47.00255102040816,"y":43.95465994962216,"width":40,"height":40,"action":{"library":"H5P.CRAudio 1.4","params":{"fitToWrapper":true,"currIndex":6,"playerMode":"minimalistic","controls":true,"autoplay":true,"playAudio":"Play audio","pauseAudio":"Pause audio","contentName":"Audio","glowColor":"#ffd85a","files":[{"path":"audios\/files-62159652b0b46.wav","mime":"audio\/x-wav","copyright":{"license":"U"}}],"timeStampForEachText":[{"text":" Ma ","startDuration":"0.0000","endDuration":"0.7605","wordfile":[{"path":"audios\/wordfile-621596b1287c4.wav","mime":"audio\/x-wav","copyright":{"license":"U"}}]},{"text":" is ","startDuration":"0.7615","endDuration":"1.1333","wordfile":[{"path":"audios\/wordfile-621596ce93204.wav","mime":"audio\/x-wav","copyright":{"license":"U"}}]},{"text":" taller ","startDuration":"1.1343","endDuration":"1.8496","wordfile":[{"path":"audios\/wordfile-621596eb92004.wav","mime":"audio\/x-wav","copyright":{"license":"U"}}]},{"text":" than ","startDuration":"1.8506","endDuration":"2.1907","wordfile":[{"path":"audios\/wordfile-621597217e397.wav","mime":"audio\/x-wav","copyright":{"license":"U"}}]},{"text":" my ","startDuration":"2.1909","endDuration":"2.4324","wordfile":[{"path":"audios\/wordfile-6215975f31089.wav","mime":"audio\/x-wav","copyright":{"license":"U"}}]},{"text":" sister.\u00a0\u00a0 ","startDuration":"2.4334","endDuration":"3.3341","wordfile":[{"path":"audios\/wordfile-62159789ab91c.wav","mime":"audio\/x-wav","copyright":{"license":"U"}}]}]},"metadata":{"contentType":"Curious Reader Audio","license":"U","title":"Untitled Curious Reader Audio"},"subContentId":"80cf2993-70f9-4256-b429-e880b898818a"},"backgroundOpacity":0,"willDoAnimation":false,"animationType":"glow","displayAsButton":false,"buttonSize":"big","goToSlideType":"specified","invisible":false},{"x":25.38265306122449,"y":10.075566750629722,"width":11.096938775510205,"height":72.29219143576826,"action":{"library":"H5P.Image 1.1","params":{"contentName":"Image"},"metadata":{"contentType":"Image","license":"U","title":"Untitled Image"},"subContentId":"dcfd8c20-c7cc-4faf-a773-e621054c2cd0"},"backgroundOpacity":0,"willDoAnimation":true,"animationType":"glow","displayAsButton":false,"buttonSize":"big","goToSlideType":"specified","invisible":false,"id":"img80cf2993-70f9-4256-b429-e880b898818a_0"},{"x":19.13265306122449,"y":15.113350125944583,"width":11.096938775510205,"height":69.77329974811083,"action":{"library":"H5P.Image 1.1","params":{"contentName":"Image"},"metadata":{"contentType":"Image","license":"U","title":"Untitled Image"},"subContentId":"9ad39c9d-9702-4b75-8716-364ea200440d"},"backgroundOpacity":0,"willDoAnimation":true,"animationType":"glow","displayAsButton":false,"buttonSize":"big","goToSlideType":"specified","invisible":false,"id":"img80cf2993-70f9-4256-b429-e880b898818a_5"}],"slideBackgroundSelector":{}},{"elements":[{"x":14.705882352941178,"y":5.387931034482759,"width":33.87799564270153,"height":90.73275862068967,"action":{"library":"H5P.Image 1.1","params":{"contentName":"Image","file":{"path":"images\/file-620d8bb185c3e.jpg","mime":"image\/jpeg","copyright":{"license":"U"},"width":639,"height":918}},"metadata":{"contentType":"Image","license":"U","title":"Untitled Image"},"subContentId":"8979c1b9-cec9-4f4f-a84f-d99fed1e486d"},"backgroundOpacity":0,"willDoAnimation":false,"animationType":"glow","displayAsButton":false,"buttonSize":"big","goToSlideType":"specified","invisible":false},{"x":49.744897959183675,"y":36.272040302267,"width":45.66326530612245,"height":35.26448362720403,"action":{"library":"H5P.CRAdvancedText 1.1","params":{"text":"<p style=\"text-align: center;\"><span style=\"font-size:2.25em;\">My brother is getting my bag. <\/span><\/p>\n"},"metadata":{"contentType":"Text","license":"U","title":"Untitled Text"},"subContentId":"374a536f-b2f4-4031-898e-4b463876046e"},"alwaysDisplayComments":false,"backgroundOpacity":0,"willDoAnimation":false,"animationType":"glow","displayAsButton":false,"buttonSize":"big","goToSlideType":"specified","invisible":false,"solution":""},{"x":47.00255102040816,"y":43.95465994962216,"width":40,"height":40,"action":{"library":"H5P.CRAudio 1.4","params":{"fitToWrapper":true,"currIndex":7,"playerMode":"minimalistic","controls":true,"autoplay":true,"playAudio":"Play audio","pauseAudio":"Pause audio","contentName":"Audio","glowColor":"#ffd85a","files":[{"path":"audios\/files-6215983082e75.wav","mime":"audio\/x-wav","copyright":{"license":"U"}}],"timeStampForEachText":[{"text":" My ","startDuration":"0.0000","endDuration":"0.4562","wordfile":[{"path":"audios\/wordfile-6215985cd87c3.wav","mime":"audio\/x-wav","copyright":{"license":"U"}}]},{"text":" brother ","startDuration":"0.4572","endDuration":"1.1823","wordfile":[{"path":"audios\/wordfile-621598784aa96.wav","mime":"audio\/x-wav","copyright":{"license":"U"}}]},{"text":" is ","startDuration":"1.1833","endDuration":"1.4858","wordfile":[{"path":"audios\/wordfile-621598c8b8c2a.wav","mime":"audio\/x-wav","copyright":{"license":"U"}}]},{"text":" getting ","startDuration":"1.4868","endDuration":"2.1052","wordfile":[{"path":"audios\/wordfile-621598f2d2927.wav","mime":"audio\/x-wav","copyright":{"license":"U"}}]},{"text":" my ","startDuration":"2.1062","endDuration":"2.4129","wordfile":[{"path":"audios\/wordfile-62159928692f3.wav","mime":"audio\/x-wav","copyright":{"license":"U"}}]},{"text":" bag. ","startDuration":"2.4139","endDuration":"3.1678","wordfile":[{"path":"audios\/wordfile-621599376aeb8.wav","mime":"audio\/x-wav","copyright":{"license":"U"}}]}]},"metadata":{"contentType":"Curious Reader Audio","license":"U","title":"Untitled Curious Reader Audio"},"subContentId":"7788ef66-87ef-4bc4-b6de-798c83a18c74"},"backgroundOpacity":0,"willDoAnimation":false,"animationType":"glow","displayAsButton":false,"buttonSize":"big","goToSlideType":"specified","invisible":false},{"x":25.510204081632654,"y":30.21889168765743,"width":9.821428571428571,"height":31.989924433249367,"action":{"library":"H5P.Image 1.1","params":{"contentName":"Image"},"metadata":{"contentType":"Image","license":"U","title":"Untitled Image"},"subContentId":"c12dc286-8bd2-44e8-9cc5-191e318ab33e"},"backgroundOpacity":0,"willDoAnimation":true,"animationType":"glow","displayAsButton":false,"buttonSize":"big","goToSlideType":"specified","invisible":false,"id":"img7788ef66-87ef-4bc4-b6de-798c83a18c74_1"},{"x":26.020408163265305,"y":52.896725440806044,"width":8.545918367346939,"height":19.64735516372796,"action":{"library":"H5P.Image 1.1","params":{"contentName":"Image"},"metadata":{"contentType":"Image","license":"U","title":"Untitled Image"},"subContentId":"205d597f-be29-4242-abae-d01744a5e68d"},"backgroundOpacity":0,"willDoAnimation":true,"animationType":"glow","displayAsButton":false,"buttonSize":"big","goToSlideType":"specified","invisible":false,"id":"img7788ef66-87ef-4bc4-b6de-798c83a18c74_5"}],"slideBackgroundSelector":{}},{"elements":[{"x":14.705882352941178,"y":3.6637931034482762,"width":34.64052287581699,"height":92.45689655172414,"action":{"library":"H5P.Image 1.1","params":{"contentName":"Image","file":{"path":"images\/file-620d8be87d7ce.jpg","mime":"image\/jpeg","copyright":{"license":"U"},"width":639,"height":918}},"metadata":{"contentType":"Image","license":"U","title":"Untitled Image"},"subContentId":"502c371a-e2da-4814-8830-477d58c1e438"},"backgroundOpacity":0,"willDoAnimation":false,"animationType":"glow","displayAsButton":false,"buttonSize":"big","goToSlideType":"specified","invisible":false},{"x":52.29591836734694,"y":30.226700251889167,"width":42.21938775510204,"height":50.377833753148614,"action":{"library":"H5P.CRAdvancedText 1.1","params":{"text":"<p style=\"text-align: center;\"><span style=\"font-size:2.25em;\">My sister is taller than my brother. <\/span><\/p>\n"},"metadata":{"contentType":"Text","license":"U","title":"Untitled Text"},"subContentId":"7785d440-1995-47e0-b1e7-3c13da67fb44"},"alwaysDisplayComments":false,"backgroundOpacity":0,"willDoAnimation":false,"animationType":"glow","displayAsButton":false,"buttonSize":"big","goToSlideType":"specified","invisible":false,"solution":""},{"x":47.00255102040816,"y":43.95465994962216,"width":40,"height":40,"action":{"library":"H5P.CRAudio 1.4","params":{"fitToWrapper":true,"currIndex":8,"playerMode":"minimalistic","controls":true,"autoplay":true,"playAudio":"Play audio","pauseAudio":"Pause audio","contentName":"Audio","glowColor":"#ffd85a","files":[{"path":"audios\/files-621599f09dd6c.wav","mime":"audio\/x-wav","copyright":{"license":"U"}}],"timeStampForEachText":[{"text":" My ","startDuration":"0.0000","endDuration":"0.4192","wordfile":[{"path":"audios\/wordfile-62159a20795fb.wav","mime":"audio\/x-wav","copyright":{"license":"U"}}]},{"text":" sister ","startDuration":"0.4202","endDuration":"1.2378","wordfile":[{"path":"audios\/wordfile-62159a5860df9.wav","mime":"audio\/x-wav","copyright":{"license":"U"}}]},{"text":" is ","startDuration":"1.2388","endDuration":"1.5832","wordfile":[{"path":"audios\/wordfile-62159a76cee8b.wav","mime":"audio\/x-wav","copyright":{"license":"U"}}]},{"text":" taller ","startDuration":"1.5842","endDuration":"2.3221","wordfile":[{"path":"audios\/wordfile-62159b0aef309.wav","mime":"audio\/x-wav","copyright":{"license":"U"}}]},{"text":" than ","startDuration":"2.3231","endDuration":"2.6825","wordfile":[{"path":"audios\/wordfile-62159b4dd337e.wav","mime":"audio\/x-wav","copyright":{"license":"U"}}]},{"text":" my ","startDuration":"2.6835","endDuration":"2.9532","wordfile":[{"path":"audios\/wordfile-62159b5ca59e6.wav","mime":"audio\/x-wav","copyright":{"license":"U"}}]},{"text":" brother. ","startDuration":"2.9533","endDuration":"3.6958","wordfile":[{"path":"audios\/wordfile-62159b8ee3801.wav","mime":"audio\/x-wav","copyright":{"license":"U"}}]}]},"metadata":{"contentType":"Curious Reader Audio","license":"U","title":"Untitled Curious Reader Audio"},"subContentId":"d5c4deb2-9fa5-4642-b99d-b21ac7b8e585"},"backgroundOpacity":0,"willDoAnimation":false,"animationType":"glow","displayAsButton":false,"buttonSize":"big","goToSlideType":"specified","invisible":false},{"x":31.377551020408163,"y":20.139319899244335,"width":11.479591836734695,"height":62.216624685138534,"action":{"library":"H5P.Image 1.1","params":{"contentName":"Image"},"metadata":{"contentType":"Image","license":"U","title":"Untitled Image"},"subContentId":"8b50f73e-8468-42da-be2b-b170efdf7f69"},"backgroundOpacity":0,"willDoAnimation":true,"animationType":"glow","displayAsButton":false,"buttonSize":"big","goToSlideType":"specified","invisible":false,"id":"imgd5c4deb2-9fa5-4642-b99d-b21ac7b8e585_1"},{"x":23.46938775510204,"y":27.707808564231737,"width":9.821428571428571,"height":54.659949622166245,"action":{"library":"H5P.Image 1.1","params":{"contentName":"Image"},"metadata":{"contentType":"Image","license":"U","title":"Untitled Image"},"subContentId":"c948f2d9-04c7-4668-879e-447b700b2200"},"backgroundOpacity":0,"willDoAnimation":true,"animationType":"glow","displayAsButton":false,"buttonSize":"big","goToSlideType":"specified","invisible":false,"id":"imgd5c4deb2-9fa5-4642-b99d-b21ac7b8e585_6"}],"slideBackgroundSelector":{}},{"elements":[{"x":15.24259259259259,"y":4.314547413793104,"width":34.85838779956427,"height":92.88793103448276,"action":{"library":"H5P.Image 1.1","params":{"contentName":"Image","file":{"path":"images\/file-620d8c22dbcda.jpg","mime":"image\/jpeg","copyright":{"license":"U"},"width":639,"height":918}},"metadata":{"contentType":"Image","license":"U","title":"Untitled Image"},"subContentId":"48ac6838-7648-48fd-9794-f1d37684521d"},"backgroundOpacity":0,"willDoAnimation":false,"animationType":"glow","displayAsButton":false,"buttonSize":"big","goToSlideType":"specified","invisible":false},{"x":50.51020408163265,"y":37.78337531486146,"width":44.38775510204082,"height":35.26448362720403,"action":{"library":"H5P.CRAdvancedText 1.1","params":{"text":"<p style=\"text-align: center;\"><span style=\"font-size:2.25em;\">My brother is taller than me. <\/span><\/p>\n"},"metadata":{"contentType":"Text","license":"U","title":"Untitled Text"},"subContentId":"b9ae2980-2662-4e04-bafe-a78c23aba3ad"},"alwaysDisplayComments":false,"backgroundOpacity":0,"willDoAnimation":false,"animationType":"glow","displayAsButton":false,"buttonSize":"big","goToSlideType":"specified","invisible":false,"solution":""},{"x":47.00255102040816,"y":43.95465994962216,"width":40,"height":40,"action":{"library":"H5P.CRAudio 1.4","params":{"fitToWrapper":true,"currIndex":9,"playerMode":"minimalistic","controls":true,"autoplay":true,"playAudio":"Play audio","pauseAudio":"Pause audio","contentName":"Audio","glowColor":"#ffd85a","files":[{"path":"audios\/files-62159c4107055.wav","mime":"audio\/x-wav","copyright":{"license":"U"}}],"timeStampForEachText":[{"text":" My ","startDuration":"0.0000","endDuration":"0.5295","wordfile":[{"path":"audios\/wordfile-62159c63f021f.wav","mime":"audio\/x-wav","copyright":{"license":"U"}}]},{"text":" brother ","startDuration":"0.5305","endDuration":"1.2207","wordfile":[{"path":"audios\/wordfile-62159c7c84772.wav","mime":"audio\/x-wav","copyright":{"license":"U"}}]},{"text":" is ","startDuration":"1.2217","endDuration":"1.5302","wordfile":[{"path":"audios\/wordfile-62159c8c5f8a2.wav","mime":"audio\/x-wav","copyright":{"license":"U"}}]},{"text":" taller ","startDuration":"1.5311","endDuration":"2.2214","wordfile":[{"path":"audios\/wordfile-62159cea1d71c.wav","mime":"audio\/x-wav","copyright":{"license":"U"}}]},{"text":" than ","startDuration":"2.2224","endDuration":"2.5148","wordfile":[{"path":"audios\/wordfile-62159d00e071e.wav","mime":"audio\/x-wav","copyright":{"license":"U"}}]},{"text":" me. ","startDuration":"2.5158","endDuration":"2.9815","wordfile":[{"path":"audios\/wordfile-62159d18b00c1.wav","mime":"audio\/x-wav","copyright":{"license":"U"}}]}]},"metadata":{"contentType":"Curious Reader Audio","license":"U","title":"Untitled Curious Reader Audio"},"subContentId":"045a9785-02dc-4c98-a9f2-fd0becebd35a"},"backgroundOpacity":0,"willDoAnimation":false,"animationType":"glow","displayAsButton":false,"buttonSize":"big","goToSlideType":"specified","invisible":false},{"x":28.061224489795915,"y":27.684130982367762,"width":9.821428571428571,"height":42.06549118387909,"action":{"library":"H5P.Image 1.1","params":{"contentName":"Image"},"metadata":{"contentType":"Image","license":"U","title":"Untitled Image"},"subContentId":"fbc55b7e-e3eb-41f2-9fe3-bdf0cb7fa758"},"backgroundOpacity":0,"willDoAnimation":true,"animationType":"glow","displayAsButton":false,"buttonSize":"big","goToSlideType":"specified","invisible":false,"id":"img045a9785-02dc-4c98-a9f2-fd0becebd35a_1"},{"x":18.494897959183675,"y":41.53803526448363,"width":11.096938775510205,"height":37.02770780856423,"action":{"library":"H5P.Image 1.1","params":{"contentName":"Image"},"metadata":{"contentType":"Image","license":"U","title":"Untitled Image"},"subContentId":"f4e288cc-b1fc-44f3-ae4e-62336204660a"},"backgroundOpacity":0,"willDoAnimation":true,"animationType":"glow","displayAsButton":false,"buttonSize":"big","goToSlideType":"specified","invisible":false,"id":"img045a9785-02dc-4c98-a9f2-fd0becebd35a_5"}],"slideBackgroundSelector":{}},{"elements":[{"x":16.338344226579522,"y":4.320560344827586,"width":33.00653594771242,"height":92.45689655172414,"action":{"library":"H5P.Image 1.1","params":{"contentName":"Image","file":{"path":"images\/file-620d8c5c30c01.jpg","mime":"image\/jpeg","copyright":{"license":"U"},"width":639,"height":918}},"metadata":{"contentType":"Image","license":"U","title":"Untitled Image"},"subContentId":"15d332cd-1478-4463-a2fa-1e927e7bd625"},"backgroundOpacity":0,"willDoAnimation":false,"animationType":"glow","displayAsButton":false,"buttonSize":"big","goToSlideType":"specified","invisible":false},{"x":50.255102040816325,"y":40.27858942065492,"width":44.642857142857146,"height":32.7455919395466,"action":{"library":"H5P.CRAdvancedText 1.1","params":{"text":"<p style=\"text-align: center;\"><span style=\"font-size:2.25em;\">&nbsp;I\u2019m the shortest in the family. <\/span><\/p>\n"},"metadata":{"contentType":"Text","license":"U","title":"Untitled Text"},"subContentId":"f26060a1-9431-4c58-84d5-2b6f284205fd"},"alwaysDisplayComments":false,"backgroundOpacity":0,"willDoAnimation":false,"animationType":"glow","displayAsButton":false,"buttonSize":"big","goToSlideType":"specified","invisible":false,"solution":""},{"x":47.00255102040816,"y":43.95465994962216,"width":40,"height":40,"action":{"library":"H5P.CRAudio 1.4","params":{"fitToWrapper":true,"currIndex":10,"playerMode":"minimalistic","controls":true,"autoplay":true,"playAudio":"Play audio","pauseAudio":"Pause audio","contentName":"Audio","glowColor":"#ffd85a","files":[{"path":"audios\/files-62159dc4960d7.wav","mime":"audio\/x-wav","copyright":{"license":"U"}}],"timeStampForEachText":[{"text":" \u00a0I\u2019m ","startDuration":"0.0000","endDuration":"0.4971","wordfile":[{"path":"audios\/wordfile-62159dfeabb26.wav","mime":"audio\/x-wav","copyright":{"license":"U"}}]},{"text":" the ","startDuration":"0.4981","endDuration":"0.6219","wordfile":[{"path":"audios\/wordfile-62159e36a716b.wav","mime":"audio\/x-wav","copyright":{"license":"U"}}]},{"text":" shortest ","startDuration":"0.6229","endDuration":"1.5466","wordfile":[{"path":"audios\/wordfile-62159e5a502d1.wav","mime":"audio\/x-wav","copyright":{"license":"U"}}]},{"text":" in ","startDuration":"1.5476","endDuration":"1.8428","wordfile":[{"path":"audios\/wordfile-62159e7377234.wav","mime":"audio\/x-wav","copyright":{"license":"U"}}]},{"text":" the ","startDuration":"1.8438","endDuration":"2.0057","wordfile":[{"path":"audios\/wordfile-62159ea1581b0.wav","mime":"audio\/x-wav","copyright":{"license":"U"}}]},{"text":" family. ","startDuration":"2.0067","endDuration":"2.7971","wordfile":[{"path":"audios\/wordfile-62159ed1ebe2c.wav","mime":"audio\/x-wav","copyright":{"license":"U"}}]}]},"metadata":{"contentType":"Curious Reader Audio","license":"U","title":"Untitled Curious Reader Audio"},"subContentId":"44df629d-731e-49de-b004-8057157d206c"},"backgroundOpacity":0,"willDoAnimation":false,"animationType":"glow","displayAsButton":false,"buttonSize":"big","goToSlideType":"specified","invisible":false},{"x":26.785714285714285,"y":43.82871536523929,"width":9.821428571428571,"height":44.58438287153652,"action":{"library":"H5P.Image 1.1","params":{"contentName":"Image"},"metadata":{"contentType":"Image","license":"U","title":"Untitled Image"},"subContentId":"7152c025-7fc8-42e0-a2f0-be7a88ddd7f5"},"backgroundOpacity":0,"willDoAnimation":true,"animationType":"glow","displayAsButton":false,"buttonSize":"big","goToSlideType":"specified","invisible":false,"id":"img44df629d-731e-49de-b004-8057157d206c_0"},{"x":16.581632653061224,"y":10.831234256926951,"width":32.78061224489796,"height":82.36775818639798,"action":{"library":"H5P.Image 1.1","params":{"contentName":"Image"},"subContentId":"b0cb5687-e5db-43c7-8ea2-ab62d9c0d224","metadata":{"contentType":"Image","license":"U","title":"Untitled Image"}},"backgroundOpacity":0,"willDoAnimation":true,"animationType":"glow","displayAsButton":false,"buttonSize":"big","goToSlideType":"specified","invisible":false,"id":"img44df629d-731e-49de-b004-8057157d206c_5"}],"slideBackgroundSelector":{}},{"elements":[{"x":17.426470588235293,"y":6.47334051724138,"width":32.46187363834423,"height":89.65517241379311,"action":{"library":"H5P.Image 1.1","params":{"contentName":"Image","file":{"path":"images\/file-620d8c9aa16a1.jpg","mime":"image\/jpeg","copyright":{"license":"U"},"width":639,"height":918}},"metadata":{"contentType":"Image","license":"U","title":"Untitled Image"},"subContentId":"ab537fcb-efe7-45c7-918d-a06d695cb4ee"},"backgroundOpacity":0,"willDoAnimation":false,"animationType":"glow","displayAsButton":false,"buttonSize":"big","goToSlideType":"specified","invisible":false},{"x":52.29591836734694,"y":30.730478589420652,"width":42.60204081632653,"height":45.34005037783375,"action":{"library":"H5P.CRAdvancedText 1.1","params":{"text":"<p style=\"text-align: center;\"><span style=\"font-size:2.25em;\">Oh wait! There is our puppy, JoJo. <\/span><\/p>\n"},"metadata":{"contentType":"Text","license":"U","title":"Untitled Text"},"subContentId":"402933db-9766-4b1b-8091-6391c5f358d2"},"alwaysDisplayComments":false,"backgroundOpacity":0,"willDoAnimation":false,"animationType":"glow","displayAsButton":false,"buttonSize":"big","goToSlideType":"specified","invisible":false,"solution":""},{"x":35.0765306122449,"y":69.52141057934509,"width":14.923469387755102,"height":21.914357682619645,"action":{"library":"H5P.Image 1.1","params":{"contentName":"Image"},"metadata":{"contentType":"Image","license":"U","title":"Untitled Image"},"subContentId":"4b90cfcf-1c7b-4d54-ae42-d9dc93743203"},"backgroundOpacity":0,"willDoAnimation":true,"animationType":"glow","displayAsButton":false,"buttonSize":"big","goToSlideType":"specified","invisible":false,"id":"img0bd113be-bae9-4bad-bd1a-848f417c9e30_6"},{"x":47.00255102040816,"y":43.95465994962216,"width":40,"height":40,"action":{"library":"H5P.CRAudio 1.4","params":{"fitToWrapper":true,"currIndex":11,"playerMode":"minimalistic","controls":true,"autoplay":true,"playAudio":"Play audio","pauseAudio":"Pause audio","contentName":"Audio","glowColor":"#ffd85a","files":[{"path":"audios\/files-62159fcf2e3cb.wav","mime":"audio\/x-wav","copyright":{"license":"U"}}],"timeStampForEachText":[{"text":" Oh ","startDuration":"0.0000","endDuration":"0.5132","wordfile":[{"path":"audios\/wordfile-6215a021afb44.wav","mime":"audio\/x-wav","copyright":{"license":"U"}}]},{"text":" wait! ","startDuration":"0.5142","endDuration":"1.2379","wordfile":[{"path":"audios\/wordfile-6215a04d3fa5c.wav","mime":"audio\/x-wav","copyright":{"license":"U"}}]},{"text":" There ","startDuration":"1.2389","endDuration":"1.8115","wordfile":[{"path":"audios\/wordfile-6215a0a2aa8fb.wav","mime":"audio\/x-wav","copyright":{"license":"U"}}]},{"text":" is ","startDuration":"1.8125","endDuration":"2.0557","wordfile":[{"path":"audios\/wordfile-6215a0b8a3540.wav","mime":"audio\/x-wav","copyright":{"license":"U"}}]},{"text":" our ","startDuration":"2.0567","endDuration":"2.4673","wordfile":[{"path":"audios\/wordfile-6215a0cc220ed.wav","mime":"audio\/x-wav","copyright":{"license":"U"}}]},{"text":" puppy, ","startDuration":"2.4683","endDuration":"3.0301","wordfile":[{"path":"audios\/wordfile-6215a0e2cb7f1.wav","mime":"audio\/x-wav","copyright":{"license":"U"}}]},{"text":" JoJo. ","startDuration":"3.0311","endDuration":"4.0063","wordfile":[{"path":"audios\/wordfile-6215a100c8fd8.wav","mime":"audio\/x-wav","copyright":{"license":"U"}}]}]},"metadata":{"contentType":"Curious Reader Audio","license":"U","title":"Untitled Curious Reader Audio"},"subContentId":"0bd113be-bae9-4bad-bd1a-848f417c9e30"},"backgroundOpacity":0,"willDoAnimation":false,"animationType":"glow","displayAsButton":false,"buttonSize":"big","goToSlideType":"specified","invisible":false}],"slideBackgroundSelector":{}},{"elements":[{"x":16.228976034858388,"y":6.47334051724138,"width":32.6797385620915,"height":90.51724137931035,"action":{"library":"H5P.Image 1.1","params":{"contentName":"Image","file":{"path":"images\/file-620d8cddb99ae.jpg","mime":"image\/jpeg","copyright":{"license":"U"},"width":479,"height":687}},"metadata":{"contentType":"Image","license":"U","title":"Untitled Image"},"subContentId":"24ad38eb-7ebb-4c98-9b93-d50be1368260"},"backgroundOpacity":0,"willDoAnimation":false,"animationType":"glow","displayAsButton":false,"buttonSize":"big","goToSlideType":"specified","invisible":false},{"x":49.744897959183675,"y":35.26448362720403,"width":44.89795918367347,"height":35.26448362720403,"action":{"library":"H5P.CRAdvancedText 1.1","params":{"text":"<p style=\"text-align: center;\"><span style=\"font-size:2.25em;\">Jojo is getting my slippers. <\/span><\/p>\n"},"metadata":{"contentType":"Text","license":"U","title":"Untitled Text"},"subContentId":"343fdbeb-66e9-4eab-9ae6-f64a0e6cf6e8"},"alwaysDisplayComments":false,"backgroundOpacity":0,"willDoAnimation":false,"animationType":"glow","displayAsButton":false,"buttonSize":"big","goToSlideType":"specified","invisible":false,"solution":""},{"x":47.00255102040816,"y":43.95465994962216,"width":40,"height":40,"action":{"library":"H5P.CRAudio 1.4","params":{"fitToWrapper":true,"currIndex":12,"playerMode":"minimalistic","controls":true,"autoplay":true,"playAudio":"Play audio","pauseAudio":"Pause audio","contentName":"Audio","glowColor":"#ffd85a","files":[{"path":"audios\/files-6215a1dabf83d.wav","mime":"audio\/x-wav","copyright":{"license":"U"}}],"timeStampForEachText":[{"text":" Jojo ","startDuration":"0.0000","endDuration":"0.8640","wordfile":[{"path":"audios\/wordfile-6215a221b2bfb.wav","mime":"audio\/x-wav","copyright":{"license":"U"}}]},{"text":" is ","startDuration":"0.8650","endDuration":"1.1763","wordfile":[{"path":"audios\/wordfile-6215a24f742c4.wav","mime":"audio\/x-wav","copyright":{"license":"U"}}]},{"text":" getting ","startDuration":"1.1773","endDuration":"1.7749","wordfile":[{"path":"audios\/wordfile-6215a2a6a0f6b.wav","mime":"audio\/x-wav","copyright":{"license":"U"}}]},{"text":" my ","startDuration":"1.7759","endDuration":"1.9600","wordfile":[{"path":"audios\/wordfile-6215a311d6718.wav","mime":"audio\/x-wav","copyright":{"license":"U"}}]},{"text":" slippers. ","startDuration":"1.9610","endDuration":"2.9504","wordfile":[{"path":"audios\/wordfile-6215a331dbb47.wav","mime":"audio\/x-wav","copyright":{"license":"U"}}]}]},"metadata":{"contentType":"Curious Reader Audio","license":"U","title":"Untitled Curious Reader Audio"},"subContentId":"123f12df-fa7a-4a13-8bb9-a68c3e2ea77d"},"backgroundOpacity":0,"willDoAnimation":false,"animationType":"glow","displayAsButton":false,"buttonSize":"big","goToSlideType":"specified","invisible":false},{"x":33.035714285714285,"y":63.224181360201506,"width":16.709183673469386,"height":19.395465994962215,"action":{"library":"H5P.Image 1.1","params":{"contentName":"Image"},"metadata":{"contentType":"Image","license":"U","title":"Untitled Image"},"subContentId":"e927b6c1-ff7e-4672-ad3c-7e0e7490e8db"},"backgroundOpacity":0,"willDoAnimation":true,"animationType":"glow","displayAsButton":false,"buttonSize":"big","goToSlideType":"specified","invisible":false,"id":"img123f12df-fa7a-4a13-8bb9-a68c3e2ea77d_0"},{"x":33.41836734693877,"y":73.04785894206549,"width":4.719387755102041,"height":9.571788413098236,"action":{"library":"H5P.Image 1.1","params":{"contentName":"Image"},"metadata":{"contentType":"Image","license":"U","title":"Untitled Image"},"subContentId":"97a59738-92b5-4363-9984-77c4141d3ccd"},"backgroundOpacity":0,"willDoAnimation":true,"animationType":"glow","displayAsButton":false,"buttonSize":"big","goToSlideType":"specified","invisible":false,"id":"img123f12df-fa7a-4a13-8bb9-a68c3e2ea77d_4"}],"slideBackgroundSelector":{}},{"elements":[{"x":15.247167755991283,"y":6.47334051724138,"width":32.6797385620915,"height":90.30172413793105,"action":{"library":"H5P.Image 1.1","params":{"contentName":"Image","file":{"path":"images\/file-620d8d0a066ff.jpg","mime":"image\/jpeg","copyright":{"license":"U"},"width":479,"height":687}},"metadata":{"contentType":"Image","license":"U","title":"Untitled Image"},"subContentId":"c57de99b-e32b-4418-bd8e-6c59077e2d6f"},"backgroundOpacity":0,"willDoAnimation":false,"animationType":"glow","displayAsButton":false,"buttonSize":"big","goToSlideType":"specified","invisible":false},{"x":49.744897959183675,"y":35.26448362720403,"width":47.19387755102041,"height":32.49370277078086,"action":{"library":"H5P.CRAdvancedText 1.1","params":{"text":"<p style=\"text-align: center;\"><span style=\"font-size:2.25em;\">Ha ha! JoJo is the shortest. <\/span><\/p>\n"},"metadata":{"contentType":"Text","license":"U","title":"Untitled Text"},"subContentId":"2f504b92-cb2d-4194-bf4d-f049299acf79"},"alwaysDisplayComments":false,"backgroundOpacity":0,"willDoAnimation":false,"animationType":"glow","displayAsButton":false,"buttonSize":"big","goToSlideType":"specified","invisible":false,"solution":""},{"x":47.00255102040816,"y":43.95465994962216,"width":40,"height":40,"action":{"library":"H5P.CRAudio 1.4","params":{"fitToWrapper":true,"currIndex":13,"playerMode":"minimalistic","controls":true,"autoplay":true,"playAudio":"Play audio","pauseAudio":"Pause audio","contentName":"Audio","glowColor":"#ffd85a","files":[{"path":"audios\/files-6215a3fda7d89.wav","mime":"audio\/x-wav","copyright":{"license":"U"}}],"timeStampForEachText":[{"text":" Ha ","startDuration":"0.0912","endDuration":"0.4652","wordfile":[{"path":"audios\/wordfile-6215a42a4704d.wav","mime":"audio\/x-wav","copyright":{"license":"U"}}]},{"text":" ha! ","startDuration":"0.4662","endDuration":"0.7698","wordfile":[{"path":"audios\/wordfile-6215a43f7a92b.wav","mime":"audio\/x-wav","copyright":{"license":"U"}}]},{"text":" JoJo ","startDuration":"0.9904","endDuration":"1.6255","wordfile":[{"path":"audios\/wordfile-6215a476d1411.wav","mime":"audio\/x-wav","copyright":{"license":"U"}}]},{"text":" is ","startDuration":"1.6265","endDuration":"1.8887","wordfile":[{"path":"audios\/wordfile-6215a48a0b5ea.wav","mime":"audio\/x-wav","copyright":{"license":"U"}}]},{"text":" the ","startDuration":"1.8897","endDuration":"2.0441","wordfile":[{"path":"audios\/wordfile-6215a4a33d738.wav","mime":"audio\/x-wav","copyright":{"license":"U"}}]},{"text":" shortest. ","startDuration":"2.0451","endDuration":"3.0746","wordfile":[{"path":"audios\/wordfile-6215a4d89ac2d.wav","mime":"audio\/x-wav","copyright":{"license":"U"}}]}]},"metadata":{"contentType":"Curious Reader Audio","license":"U","title":"Untitled Curious Reader Audio"},"subContentId":"f280ccbd-4a80-4ba3-b807-3321b701e6fe"},"backgroundOpacity":0,"willDoAnimation":false,"animationType":"glow","displayAsButton":false,"buttonSize":"big","goToSlideType":"specified","invisible":false},{"x":30.612244897959183,"y":62.9367758186398,"width":11.096938775510205,"height":19.395465994962215,"action":{"library":"H5P.Image 1.1","params":{"contentName":"Image"},"metadata":{"contentType":"Image","license":"U","title":"Untitled Image"},"subContentId":"c0fc04e8-b4e4-4eea-8f2e-de545b5b8dd9"},"backgroundOpacity":0,"willDoAnimation":true,"animationType":"glow","displayAsButton":false,"buttonSize":"big","goToSlideType":"specified","invisible":false,"id":"imgf280ccbd-4a80-4ba3-b807-3321b701e6fe_2"}],"slideBackgroundSelector":{}},{"elements":[{"x":14.159041394335512,"y":7.847370689655173,"width":35.83877995642702,"height":89.00862068965517,"action":{"library":"H5P.Image 1.1","params":{"contentName":"Image","file":{"path":"images\/file-620d8d312228a.jpg","mime":"image\/jpeg","copyright":{"license":"U"},"width":479,"height":687}},"metadata":{"contentType":"Image","license":"U","title":"Untitled Image"},"subContentId":"ac6cee5b-de9a-4707-8e23-01885fdf6fd7"},"backgroundOpacity":0,"willDoAnimation":false,"animationType":"glow","displayAsButton":false,"buttonSize":"big","goToSlideType":"specified","invisible":false},{"x":52.29591836734694,"y":32.7455919395466,"width":40.94387755102041,"height":45.34005037783375,"action":{"library":"H5P.CRAdvancedText 1.1","params":{"text":"<p style=\"text-align: center;\"><span style=\"font-size:2.25em;\">Yes! JoJo is shorter than me. <\/span><\/p>\n"},"metadata":{"contentType":"Text","license":"U","title":"Untitled Text"},"subContentId":"bce081b5-a429-4e5e-8f03-9ab9752b5fbf"},"alwaysDisplayComments":false,"backgroundOpacity":0,"willDoAnimation":false,"animationType":"glow","displayAsButton":false,"buttonSize":"big","goToSlideType":"specified","invisible":false,"solution":""},{"x":47.00255102040816,"y":43.95465994962216,"width":40,"height":40,"action":{"library":"H5P.CRAudio 1.4","params":{"fitToWrapper":true,"currIndex":14,"playerMode":"minimalistic","controls":true,"autoplay":true,"playAudio":"Play audio","pauseAudio":"Pause audio","contentName":"Audio","glowColor":"#ffd85a","files":[{"path":"audios\/files-6215a61117b54.wav","mime":"audio\/x-wav","copyright":{"license":"U"}}],"timeStampForEachText":[{"text":" Yes! ","startDuration":"0.0000","endDuration":"0.8662","wordfile":[{"path":"audios\/wordfile-6215a63d142df.wav","mime":"audio\/x-wav","copyright":{"license":"U"}}]},{"text":" JoJo ","startDuration":"0.8672","endDuration":"1.7839","wordfile":[{"path":"audios\/wordfile-6215a659ef85f.wav","mime":"audio\/x-wav","copyright":{"license":"U"}}]},{"text":" is ","startDuration":"1.7849","endDuration":"1.9849","wordfile":[{"path":"audios\/wordfile-6215a66a9678f.wav","mime":"audio\/x-wav","copyright":{"license":"U"}}]},{"text":" shorter ","startDuration":"1.9859","endDuration":"2.6454","wordfile":[{"path":"audios\/wordfile-6215a69c753db.wav","mime":"audio\/x-wav","copyright":{"license":"U"}}]},{"text":" than ","startDuration":"2.6464","endDuration":"2.9061","wordfile":[{"path":"audios\/wordfile-6215a6c7722e1.wav","mime":"audio\/x-wav","copyright":{"license":"U"}}]},{"text":" me. ","startDuration":"2.9071","endDuration":"3.4091","wordfile":[{"path":"audios\/wordfile-6215a6e54825a.wav","mime":"audio\/x-wav","copyright":{"license":"U"}}]}]},"metadata":{"contentType":"Curious Reader Audio","license":"U","title":"Untitled Curious Reader Audio"},"subContentId":"559efbfe-d0eb-47d0-92e2-20f1543ccfb2"},"backgroundOpacity":0,"willDoAnimation":false,"animationType":"glow","displayAsButton":false,"buttonSize":"big","goToSlideType":"specified","invisible":false},{"x":17.857142857142858,"y":57.9345088161209,"width":16.198979591836736,"height":31.989924433249367,"action":{"library":"H5P.Image 1.1","params":{"contentName":"Image"},"metadata":{"contentType":"Image","license":"U","title":"Untitled Image"},"subContentId":"f0357ed7-af3f-4046-bb81-5dd6b6ec7460"},"backgroundOpacity":0,"willDoAnimation":true,"animationType":"glow","displayAsButton":false,"buttonSize":"big","goToSlideType":"specified","invisible":false,"id":"img559efbfe-d0eb-47d0-92e2-20f1543ccfb2_1"},{"x":25.510204081632654,"y":20.139319899244335,"width":18.75,"height":43.07304785894206,"action":{"library":"H5P.Image 1.1","params":{"contentName":"Image"},"subContentId":"c65811ee-c39c-4d00-a4ab-84b092a13bde","metadata":{"contentType":"Image","license":"U","title":"Untitled Image"}},"backgroundOpacity":0,"willDoAnimation":true,"animationType":"glow","displayAsButton":false,"buttonSize":"big","goToSlideType":"specified","invisible":false,"id":"img559efbfe-d0eb-47d0-92e2-20f1543ccfb2_5"}],"slideBackgroundSelector":{}},{"elements":[{"x":13.832270408163264,"y":6.468438287153652,"width":34.43877551020408,"height":90.42821158690175,"action":{"library":"H5P.Image 1.1","params":{"contentName":"Image","file":{"path":"images\/file-620d8d58bb16b.jpg","mime":"image\/jpeg","copyright":{"license":"U"},"width":639,"height":918}},"metadata":{"contentType":"Image","license":"U","title":"Untitled Image"},"subContentId":"28bbfb15-c2f6-4b4b-91af-da49cc94d7a4"},"backgroundOpacity":0,"willDoAnimation":false,"animationType":"glow","displayAsButton":false,"buttonSize":"big","goToSlideType":"specified","invisible":false},{"x":48.97959183673469,"y":37.78337531486146,"width":46.04591836734694,"height":38.0352644836272,"action":{"library":"H5P.CRAdvancedText 1.1","params":{"text":"<p style=\"text-align: center;\"><span style=\"font-size:2.25em;\">I\u2019m shorter than my brother. <\/span><\/p>\n"},"metadata":{"contentType":"Text","license":"U","title":"Untitled Text"},"subContentId":"401560e9-583c-4621-b40a-921ba1bc263c"},"alwaysDisplayComments":false,"backgroundOpacity":0,"willDoAnimation":false,"animationType":"glow","displayAsButton":false,"buttonSize":"big","goToSlideType":"specified","invisible":false,"solution":""},{"x":47.00255102040816,"y":43.95465994962216,"width":40,"height":40,"action":{"library":"H5P.CRAudio 1.4","params":{"fitToWrapper":true,"currIndex":15,"playerMode":"minimalistic","controls":true,"autoplay":true,"playAudio":"Play audio","pauseAudio":"Pause audio","contentName":"Audio","glowColor":"#ffd85a","files":[{"path":"audios\/files-6215a7736fe56.wav","mime":"audio\/x-wav","copyright":{"license":"U"}}],"timeStampForEachText":[{"text":" I\u2019m ","startDuration":"0.0000","endDuration":"0.4809","wordfile":[{"path":"audios\/wordfile-6215a805a84c8.wav","mime":"audio\/x-wav","copyright":{"license":"U"}}]},{"text":" shorter ","startDuration":"0.4819","endDuration":"1.2573","wordfile":[{"path":"audios\/wordfile-6215a84eb0254.wav","mime":"audio\/x-wav","copyright":{"license":"U"}}]},{"text":" than ","startDuration":"1.2574","endDuration":"1.5191","wordfile":[{"path":"audios\/wordfile-6215a8795f6f6.wav","mime":"audio\/x-wav","copyright":{"license":"U"}}]},{"text":" my ","startDuration":"1.5201","endDuration":"1.7783","wordfile":[{"path":"audios\/wordfile-6215a88ce046f.wav","mime":"audio\/x-wav","copyright":{"license":"U"}}]},{"text":" brother. ","startDuration":"1.7793","endDuration":"2.5414","wordfile":[{"path":"audios\/wordfile-6215a8a95900d.wav","mime":"audio\/x-wav","copyright":{"license":"U"}}]}]},"metadata":{"contentType":"Curious Reader Audio","license":"U","title":"Untitled Curious Reader Audio"},"subContentId":"61a1965a-bd80-45fc-ad9f-f9fdf2538421"},"backgroundOpacity":0,"willDoAnimation":false,"animationType":"glow","displayAsButton":false,"buttonSize":"big","goToSlideType":"specified","invisible":false},{"x":30.612244897959183,"y":11.575088161209068,"width":12.244897959183673,"height":64.73551637279597,"action":{"library":"H5P.Image 1.1","params":{"contentName":"Image"},"metadata":{"contentType":"Image","license":"U","title":"Untitled Image"},"subContentId":"f5ba9ea8-33bd-453c-b81c-683b825c9da7"},"backgroundOpacity":0,"willDoAnimation":true,"animationType":"glow","displayAsButton":false,"buttonSize":"big","goToSlideType":"specified","invisible":false,"id":"img61a1965a-bd80-45fc-ad9f-f9fdf2538421_4"},{"x":20.408163265306122,"y":27.692191435768265,"width":11.096938775510205,"height":42.06549118387909,"action":{"library":"H5P.Image 1.1","params":{"contentName":"Image"},"subContentId":"32f94c3a-f53a-4747-97f4-84369f629dc2","metadata":{"contentType":"Image","license":"U","title":"Untitled Image"}},"backgroundOpacity":0,"willDoAnimation":true,"animationType":"glow","displayAsButton":false,"buttonSize":"big","goToSlideType":"specified","invisible":false,"id":"img61a1965a-bd80-45fc-ad9f-f9fdf2538421_0"}],"slideBackgroundSelector":{}},{"elements":[{"x":14.161220043572985,"y":6.4655172413793105,"width":35.947712418300654,"height":90.73275862068967,"action":{"library":"H5P.Image 1.1","params":{"contentName":"Image","file":{"path":"images\/file-620d8da1ca430.jpg","mime":"image\/jpeg","copyright":{"license":"U"},"width":479,"height":687}},"metadata":{"contentType":"Image","license":"U","title":"Untitled Image"},"subContentId":"00a55506-5247-4106-b480-57e198588b09"},"backgroundOpacity":0,"willDoAnimation":false,"animationType":"glow","displayAsButton":false,"buttonSize":"big","goToSlideType":"specified","invisible":false},{"x":51.53061224489796,"y":29.471032745591938,"width":43.36734693877551,"height":50.377833753148614,"action":{"library":"H5P.CRAdvancedText 1.1","params":{"text":"<p style=\"text-align: center;\"><span style=\"font-size:2.25em;\">My brother is shorter than my sister. <\/span><\/p>\n"},"metadata":{"contentType":"Text","license":"U","title":"Untitled Text"},"subContentId":"62441a93-14e4-42d3-a446-05c2d6d349e3"},"alwaysDisplayComments":false,"backgroundOpacity":0,"willDoAnimation":false,"animationType":"glow","displayAsButton":false,"buttonSize":"big","goToSlideType":"specified","invisible":false,"solution":""},{"x":47.00255102040816,"y":43.95465994962216,"width":40,"height":40,"action":{"library":"H5P.CRAudio 1.4","params":{"fitToWrapper":true,"currIndex":16,"playerMode":"minimalistic","controls":true,"autoplay":true,"playAudio":"Play audio","pauseAudio":"Pause audio","contentName":"Audio","glowColor":"#ffd85a","files":[{"path":"audios\/files-6215a93eb2b17.wav","mime":"audio\/x-wav","copyright":{"license":"U"}}],"timeStampForEachText":[{"text":" My ","startDuration":"0.0000","endDuration":"0.4726","wordfile":[{"path":"audios\/wordfile-6215a95d9a243.wav","mime":"audio\/x-wav","copyright":{"license":"U"}}]},{"text":" brother ","startDuration":"0.4736","endDuration":"1.0803","wordfile":[{"path":"audios\/wordfile-6215a9717445c.wav","mime":"audio\/x-wav","copyright":{"license":"U"}}]},{"text":" is ","startDuration":"1.0813","endDuration":"1.3000","wordfile":[{"path":"audios\/wordfile-6215a99407b9f.wav","mime":"audio\/x-wav","copyright":{"license":"U"}}]},{"text":" shorter ","startDuration":"1.3001","endDuration":"2.0275","wordfile":[{"path":"audios\/wordfile-6215a9bf8c4ad.wav","mime":"audio\/x-wav","copyright":{"license":"U"}}]},{"text":" than ","startDuration":"2.0285","endDuration":"2.3447","wordfile":[{"path":"audios\/wordfile-6215a9d6107eb.wav","mime":"audio\/x-wav","copyright":{"license":"U"}}]},{"text":" my ","startDuration":"2.3458","endDuration":"2.5458","wordfile":[{"path":"audios\/wordfile-6215a9eb3422d.wav","mime":"audio\/x-wav","copyright":{"license":"U"}}]},{"text":" sister. ","startDuration":"2.5468","endDuration":"3.3162","wordfile":[{"path":"audios\/wordfile-6215aa39e615c.wav","mime":"audio\/x-wav","copyright":{"license":"U"}}]}]},"metadata":{"contentType":"Curious Reader Audio","license":"U","title":"Untitled Curious Reader Audio"},"subContentId":"27f06a4a-fb20-49d1-ba38-94d45fbb0c4e"},"backgroundOpacity":0,"willDoAnimation":false,"animationType":"glow","displayAsButton":false,"buttonSize":"big","goToSlideType":"specified","invisible":false},{"x":35.714285714285715,"y":15.105491183879094,"width":11.096938775510205,"height":40.050377833753146,"action":{"library":"H5P.Image 1.1","params":{"contentName":"Image"},"metadata":{"contentType":"Image","license":"U","title":"Untitled Image"},"subContentId":"eb2baa9e-17a2-46d7-a377-4170e27393a7"},"backgroundOpacity":0,"willDoAnimation":true,"animationType":"glow","displayAsButton":false,"buttonSize":"big","goToSlideType":"specified","invisible":false,"id":"img27f06a4a-fb20-49d1-ba38-94d45fbb0c4e_1"},{"x":18.367346938775512,"y":9.319899244332493,"width":11.096938775510205,"height":69.77329974811083,"action":{"library":"H5P.Image 1.1","params":{"contentName":"Image"},"metadata":{"contentType":"Image","license":"U","title":"Untitled Image"},"subContentId":"619e9f1c-5a72-4871-971c-4fd36b60b2de"},"backgroundOpacity":0,"willDoAnimation":true,"animationType":"glow","displayAsButton":false,"buttonSize":"big","goToSlideType":"specified","invisible":false,"id":"img27f06a4a-fb20-49d1-ba38-94d45fbb0c4e_6"}],"slideBackgroundSelector":{}},{"elements":[{"x":14.596949891067538,"y":5.603448275862069,"width":34.85838779956427,"height":91.16379310344828,"action":{"library":"H5P.Image 1.1","params":{"contentName":"Image","file":{"path":"images\/file-620d8dcd7ce8c.jpg","mime":"image\/jpeg","copyright":{"license":"U"},"width":479,"height":687}},"metadata":{"contentType":"Image","license":"U","title":"Untitled Image"},"subContentId":"b0f4dacf-00f3-4085-929f-6f6043b3d49a"},"backgroundOpacity":0,"willDoAnimation":false,"animationType":"glow","displayAsButton":false,"buttonSize":"big","goToSlideType":"specified","invisible":false},{"x":49.48979591836735,"y":35.26448362720403,"width":45.91836734693878,"height":35.26448362720403,"action":{"library":"H5P.CRAdvancedText 1.1","params":{"text":"<p style=\"text-align: center;\"><span style=\"font-size:2.25em;\">My sister is shorter than Ma.<\/span><\/p>\n"},"metadata":{"contentType":"Text","license":"U","title":"Untitled Text"},"subContentId":"d5549e09-612b-4f34-bc03-905ae1678e53"},"alwaysDisplayComments":false,"backgroundOpacity":0,"willDoAnimation":false,"animationType":"glow","displayAsButton":false,"buttonSize":"big","goToSlideType":"specified","invisible":false,"solution":""},{"x":47.00255102040816,"y":43.95465994962216,"width":40,"height":40,"action":{"library":"H5P.CRAudio 1.4","params":{"fitToWrapper":true,"currIndex":17,"playerMode":"minimalistic","controls":true,"autoplay":true,"playAudio":"Play audio","pauseAudio":"Pause audio","contentName":"Audio","glowColor":"#ffd85a","files":[{"path":"audios\/files-6215abc39c8d6.wav","mime":"audio\/x-wav","copyright":{"license":"U"}}],"timeStampForEachText":[{"text":" My ","startDuration":"0.0000","endDuration":"0.3554","wordfile":[{"path":"audios\/wordfile-6215abe950107.wav","mime":"audio\/x-wav","copyright":{"license":"U"}}]},{"text":" sister ","startDuration":"0.3564","endDuration":"1.1352","wordfile":[{"path":"audios\/wordfile-6215ac01b2bb7.wav","mime":"audio\/x-wav","copyright":{"license":"U"}}]},{"text":" is ","startDuration":"1.1362","endDuration":"1.4255","wordfile":[{"path":"audios\/wordfile-6215ac1dddf1c.wav","mime":"audio\/x-wav","copyright":{"license":"U"}}]},{"text":" shorter ","startDuration":"1.4265","endDuration":"2.0266","wordfile":[{"path":"audios\/wordfile-6215ac3979254.wav","mime":"audio\/x-wav","copyright":{"license":"U"}}]},{"text":" than ","startDuration":"2.0276","endDuration":"2.3208","wordfile":[{"path":"audios\/wordfile-6215ac52d4ec7.wav","mime":"audio\/x-wav","copyright":{"license":"U"}}]},{"text":" Ma. ","startDuration":"2.3218","endDuration":"2.8823","wordfile":[{"path":"audios\/wordfile-6215ac6ce3914.wav","mime":"audio\/x-wav","copyright":{"license":"U"}}]}]},"metadata":{"contentType":"Curious Reader Audio","license":"U","title":"Untitled Curious Reader Audio"},"subContentId":"e08552cb-7374-4cf5-9f90-bfdbae1a7e63"},"backgroundOpacity":0,"willDoAnimation":false,"animationType":"glow","displayAsButton":false,"buttonSize":"big","goToSlideType":"specified","invisible":false},{"x":16.581632653061224,"y":25.1495717884131,"width":11.096938775510205,"height":62.216624685138534,"action":{"library":"H5P.Image 1.1","params":{"contentName":"Image"},"metadata":{"contentType":"Image","license":"U","title":"Untitled Image"},"subContentId":"3f154ad0-61de-4441-8458-5ded2d957c79"},"backgroundOpacity":0,"willDoAnimation":true,"animationType":"glow","displayAsButton":false,"buttonSize":"big","goToSlideType":"specified","invisible":false,"id":"imge08552cb-7374-4cf5-9f90-bfdbae1a7e63_1"},{"x":23.596938775510203,"y":15.605314861460956,"width":11.096938775510205,"height":31.989924433249367,"action":{"library":"H5P.Image 1.1","params":{"contentName":"Image"},"metadata":{"contentType":"Image","license":"U","title":"Untitled Image"},"subContentId":"0a5be55a-d1b4-4ef6-9e28-a32dd90d81c2"},"backgroundOpacity":0,"willDoAnimation":true,"animationType":"glow","displayAsButton":false,"buttonSize":"big","goToSlideType":"specified","invisible":false,"id":"imge08552cb-7374-4cf5-9f90-bfdbae1a7e63_5"}],"slideBackgroundSelector":{}},{"elements":[{"x":13.069005102040816,"y":6.468438287153652,"width":35.714285714285715,"height":90.6801007556675,"action":{"library":"H5P.Image 1.1","params":{"contentName":"Image","file":{"path":"images\/file-620d8e258bed1.jpg","mime":"image\/jpeg","copyright":{"license":"U"},"width":479,"height":687}},"metadata":{"contentType":"Image","license":"U","title":"Untitled Image"},"subContentId":"777e1209-814b-455e-83fc-63f7dc29b549"},"backgroundOpacity":0,"willDoAnimation":false,"animationType":"glow","displayAsButton":false,"buttonSize":"big","goToSlideType":"specified","invisible":false},{"x":51.02040816326531,"y":37.76372795969773,"width":44.77040816326531,"height":35.26448362720403,"action":{"library":"H5P.CRAdvancedText 1.1","params":{"text":"<p style=\"text-align: center;\"><span style=\"font-size:2.25em;\">Ma is shorter than Pa.<\/span><\/p>\n"},"metadata":{"contentType":"Text","license":"U","title":"Untitled Text"},"subContentId":"256c1aa1-921f-4756-8e1c-4ae68e4ba1d9"},"alwaysDisplayComments":false,"backgroundOpacity":0,"willDoAnimation":false,"animationType":"glow","displayAsButton":false,"buttonSize":"big","goToSlideType":"specified","invisible":false,"solution":""},{"x":47.00255102040816,"y":43.95465994962216,"width":40,"height":40,"action":{"library":"H5P.CRAudio 1.4","params":{"fitToWrapper":true,"currIndex":18,"playerMode":"minimalistic","controls":true,"autoplay":true,"playAudio":"Play audio","pauseAudio":"Pause audio","contentName":"Audio","glowColor":"#ffd85a","files":[{"path":"audios\/files-6215ace4e4614.wav","mime":"audio\/x-wav","copyright":{"license":"U"}}],"timeStampForEachText":[{"text":" Ma ","startDuration":"0.0000","endDuration":"0.6350","wordfile":[{"path":"audios\/wordfile-6215acfd61951.wav","mime":"audio\/x-wav","copyright":{"license":"U"}}]},{"text":" is ","startDuration":"0.6360","endDuration":"0.9053","wordfile":[{"path":"audios\/wordfile-6215ad0c67caa.wav","mime":"audio\/x-wav","copyright":{"license":"U"}}]},{"text":" shorter ","startDuration":"0.9055","endDuration":"1.5816","wordfile":[{"path":"audios\/wordfile-6215ad47af17f.wav","mime":"audio\/x-wav","copyright":{"license":"U"}}]},{"text":" than ","startDuration":"1.5826","endDuration":"1.8956","wordfile":[{"path":"audios\/wordfile-6215ad68a3648.wav","mime":"audio\/x-wav","copyright":{"license":"U"}}]},{"text":" Pa. ","startDuration":"1.8966","endDuration":"2.5414","wordfile":[{"path":"audios\/wordfile-6215ad82c7a98.wav","mime":"audio\/x-wav","copyright":{"license":"U"}}]}]},"metadata":{"contentType":"Curious Reader Audio","license":"U","title":"Untitled Curious Reader Audio"},"subContentId":"f4a4a691-1024-4349-94ae-922763d35936"},"backgroundOpacity":0,"willDoAnimation":false,"animationType":"glow","displayAsButton":false,"buttonSize":"big","goToSlideType":"specified","invisible":false},{"x":16.581632653061224,"y":15.105491183879094,"width":11.096938775510205,"height":31.989924433249367,"action":{"library":"H5P.Image 1.1","params":{"contentName":"Image"},"metadata":{"contentType":"Image","license":"U","title":"Untitled Image"},"subContentId":"9df5cf3c-2fba-4f9a-a5a2-992c1e407467"},"backgroundOpacity":0,"willDoAnimation":true,"animationType":"glow","displayAsButton":false,"buttonSize":"big","goToSlideType":"specified","invisible":false,"id":"imgf4a4a691-1024-4349-94ae-922763d35936_0"},{"x":28.57142857142857,"y":7.55471032745592,"width":12.372448979591837,"height":29.72292191435768,"action":{"library":"H5P.Image 1.1","params":{"contentName":"Image"},"metadata":{"contentType":"Image","license":"U","title":"Untitled Image"},"subContentId":"35f04174-5c0d-458f-9adf-f4c432f34c8f"},"backgroundOpacity":0,"willDoAnimation":true,"animationType":"glow","displayAsButton":false,"buttonSize":"big","goToSlideType":"specified","invisible":false,"id":"imgf4a4a691-1024-4349-94ae-922763d35936_4"}],"slideBackgroundSelector":{}},{"elements":[{"x":13.071023965141611,"y":6.482349137931035,"width":35.83877995642702,"height":90.51724137931035,"action":{"library":"H5P.Image 1.1","params":{"contentName":"Image","file":{"path":"images\/file-620d8e5f7c6e2.jpg","mime":"image\/jpeg","copyright":{"license":"U"},"width":639,"height":918}},"metadata":{"contentType":"Image","license":"U","title":"Untitled Image"},"subContentId":"8247d952-9189-47e2-b859-fc706b26c16e"},"backgroundOpacity":0,"willDoAnimation":false,"animationType":"glow","displayAsButton":false,"buttonSize":"big","goToSlideType":"specified","invisible":false},{"x":48.46938775510204,"y":29.974811083123424,"width":47.19387755102041,"height":47.858942065491185,"action":{"library":"H5P.CRAdvancedText 1.1","params":{"text":"<p style=\"text-align: center;\"><span style=\"font-size:2.25em;\">Wow! Pa is the tallest, and JoJo is the shortest.&nbsp;&nbsp;<\/span><\/p>\n"},"metadata":{"contentType":"Text","license":"U","title":"Untitled Text"},"subContentId":"9f7b0c64-912a-4366-8a8c-68d9998dee02"},"alwaysDisplayComments":false,"backgroundOpacity":0,"willDoAnimation":false,"animationType":"glow","displayAsButton":false,"buttonSize":"big","goToSlideType":"specified","invisible":false,"solution":""},{"x":47.00255102040816,"y":43.95465994962216,"width":40,"height":40,"action":{"library":"H5P.CRAudio 1.4","params":{"fitToWrapper":true,"currIndex":19,"playerMode":"minimalistic","controls":true,"autoplay":true,"playAudio":"Play audio","pauseAudio":"Pause audio","contentName":"Audio","glowColor":"#ffd85a","files":[{"path":"audios\/files-6215ade44c5a9.wav","mime":"audio\/x-wav","copyright":{"license":"U"}}],"timeStampForEachText":[{"text":" Wow! ","startDuration":"0.0000","endDuration":"0.8250","wordfile":[{"path":"audios\/wordfile-6215ae0702f8b.wav","mime":"audio\/x-wav","copyright":{"license":"U"}}]},{"text":" Pa ","startDuration":"0.8478","endDuration":"1.6074","wordfile":[{"path":"audios\/wordfile-6215ae1d67049.wav","mime":"audio\/x-wav","copyright":{"license":"U"}}]},{"text":" is ","startDuration":"1.6084","endDuration":"1.9320","wordfile":[{"path":"audios\/wordfile-6215ae3fc375b.wav","mime":"audio\/x-wav","copyright":{"license":"U"}}]},{"text":" the ","startDuration":"1.9330","endDuration":"2.1403","wordfile":[{"path":"audios\/wordfile-6215ae5f64c0d.wav","mime":"audio\/x-wav","copyright":{"license":"U"}}]},{"text":" tallest, ","startDuration":"2.1413","endDuration":"2.9809","wordfile":[{"path":"audios\/wordfile-6215ae93ca980.wav","mime":"audio\/x-wav","copyright":{"license":"U"}}]},{"text":" and ","startDuration":"2.9819","endDuration":"3.2182","wordfile":[{"path":"audios\/wordfile-6215aea4df8c2.wav","mime":"audio\/x-wav","copyright":{"license":"U"}}]},{"text":" JoJo ","startDuration":"3.2192","endDuration":"3.9352","wordfile":[{"path":"audios\/wordfile-6215aee9a8e67.wav","mime":"audio\/x-wav","copyright":{"license":"U"}}]},{"text":" is ","startDuration":"3.9362","endDuration":"4.2379","wordfile":[{"path":"audios\/wordfile-6215aeff543ae.wav","mime":"audio\/x-wav","copyright":{"license":"U"}}]},{"text":" the ","startDuration":"4.2389","endDuration":"4.3735","wordfile":[{"path":"audios\/wordfile-6215af20a654a.wav","mime":"audio\/x-wav","copyright":{"license":"U"}}]},{"text":" shortest.\u00a0\u00a0 ","startDuration":"4.3745","endDuration":"5.3927","wordfile":[{"path":"audios\/wordfile-6215af351b4d1.wav","mime":"audio\/x-wav","copyright":{"license":"U"}}]}]},"metadata":{"contentType":"Curious Reader Audio","license":"U","title":"Untitled Curious Reader Audio"},"subContentId":"75ab493c-c3d6-4282-a07b-8971dfaf8254"},"backgroundOpacity":0,"willDoAnimation":false,"animationType":"glow","displayAsButton":false,"buttonSize":"big","goToSlideType":"specified","invisible":false},{"x":22.448979591836736,"y":7.556675062972292,"width":8.545918367346939,"height":26.952141057934508,"action":{"library":"H5P.Image 1.1","params":{"contentName":"Image"},"metadata":{"contentType":"Image","license":"U","title":"Untitled Image"},"subContentId":"dcc73dbf-a71c-42e0-8704-b7479963f65c"},"backgroundOpacity":0,"willDoAnimation":true,"animationType":"glow","displayAsButton":false,"buttonSize":"big","goToSlideType":"specified","invisible":false,"id":"img75ab493c-c3d6-4282-a07b-8971dfaf8254_1"},{"x":30.73979591836735,"y":64.23173803526448,"width":8.801020408163266,"height":22.41813602015113,"action":{"library":"H5P.Image 1.1","params":{"contentName":"Image"},"metadata":{"contentType":"Image","license":"U","title":"Untitled Image"},"subContentId":"bcb4cd34-68f9-4446-9a57-73f2908cd501"},"backgroundOpacity":0,"willDoAnimation":true,"animationType":"glow","displayAsButton":false,"buttonSize":"big","goToSlideType":"specified","invisible":false,"id":"img75ab493c-c3d6-4282-a07b-8971dfaf8254_6"}],"slideBackgroundSelector":{}},{"slideBackgroundSelector":{"fillSlideBackground":"#510265"},"elements":[{"x":73.9795918367347,"y":7.552745591939547,"width":23.852040816326532,"height":10.327455919395465,"action":{"library":"H5P.Image 1.1","params":{"contentName":"Image","file":{"path":"images\/file-621416dbd21d6.jpg","mime":"image\/jpeg","copyright":{"license":"U"},"width":1024,"height":209}},"metadata":{"contentType":"Image","license":"U","title":"Untitled Image"},"subContentId":"2fe6dc1f-04cf-49f8-8878-eda02878eefb"},"backgroundOpacity":0,"willDoAnimation":false,"animationType":"glow","displayAsButton":false,"buttonSize":"big","goToSlideType":"specified","invisible":false},{"x":3.826530612244898,"y":6.297229219143577,"width":17.857142857142858,"height":13.09823677581864,"action":{"library":"H5P.Image 1.1","params":{"contentName":"Image","file":{"path":"images\/file-621417de42c38.png","mime":"image\/png","copyright":{"license":"U"},"width":1350,"height":505}},"metadata":{"contentType":"Image","license":"U","title":"Untitled Image"},"subContentId":"6b4a1e26-e61c-416c-9292-a125b0a19e63"},"backgroundOpacity":0,"willDoAnimation":false,"animationType":"glow","displayAsButton":false,"buttonSize":"big","goToSlideType":"specified","invisible":false},{"x":38.26530612244898,"y":6.54911838790932,"width":22.95918367346939,"height":11.838790931989925,"action":{"library":"H5P.Image 1.1","params":{"contentName":"Image","file":{"path":"images\/file-6214180a8b815.png","mime":"image\/png","copyright":{"license":"U"},"width":814,"height":202}},"metadata":{"contentType":"Image","license":"U","title":"Untitled Image"},"subContentId":"5b70cae5-f936-433b-a277-36d7bb9abe22"},"backgroundOpacity":0,"willDoAnimation":false,"animationType":"glow","displayAsButton":false,"buttonSize":"big","goToSlideType":"specified","invisible":false},{"x":6.377551020408164,"y":24.68513853904282,"width":88.01020408163265,"height":70.52896725440806,"action":{"library":"H5P.CRAdvancedText 1.1","params":{"text":"<h3 style=\"text-align: center;\"><span style=\"font-size:0.75em;\"><span style=\"color:#ffffff;\">\"Tall and Short \" credits<\/span><\/span><\/h3>\n\n<h3 style=\"text-align: center;\"><span style=\"font-size:0.75em;\"><span style=\"color:#ffffff;\">This work, \u201cTall and Short\u201d, is a derivative of \u201cTall and Short\u201d as translated by Celia Bolam used under CC BY. &nbsp;The \u00a9 for this translation lies with Room to Read, 2015. It is based on the original story: '\u1781\u17d2\u1796\u179f\u17cb\u1793\u17b7\u1784\u1791\u17b6\u1794', by Huy Chheng Rattana. \u00a9 Room to Read, 2015. Some changes were made to this work.<\/span><\/span><\/h3>\n\n<h3 style=\"text-align: center;\"><span style=\"font-size:0.75em;\"><span style=\"color:#ffffff;\">\u201cTall and Short\u201d is licensed under CC BY 4.0 by Curious Learning.<\/span><\/span><\/h3>\n\n<h3 style=\"text-align: center;\"><br>\n<span style=\"font-size:0.75em;\"><span style=\"color:#ffffff;\">Book builder - Deborah Oduman<\/span><\/span><\/h3>\n"},"metadata":{"contentType":"Text","license":"U","title":"Untitled Text"},"subContentId":"cd63aa09-bbd0-48cc-81e8-1161fdbab2a3"},"alwaysDisplayComments":false,"backgroundOpacity":0,"willDoAnimation":false,"animationType":"glow","displayAsButton":false,"buttonSize":"big","goToSlideType":"specified","invisible":false,"solution":""}]}],"keywordListEnabled":true,"globalBackgroundSelector":{"fillGlobalBackground":"#fbeffe"},"keywordListAlwaysShow":false,"keywordListAutoHide":false,"keywordListOpacity":90},"override":{"activeSurface":false,"hideSummarySlide":false,"summarySlideSolutionButton":true,"summarySlideRetryButton":true,"enablePrintButton":false,"social":{"showFacebookShare":false,"facebookShare":{"url":"@currentpageurl","quote":"I scored @score out of @maxScore on a task at @currentpageurl."},"showTwitterShare":false,"twitterShare":{"statement":"I scored @score out of @maxScore on a task at @currentpageurl.","url":"@currentpageurl","hashtags":"h5p, course"},"showGoogleShare":false,"googleShareUrl":"@currentpageurl"}},"l10n":{"slide":"Slide","score":"Score","yourScore":"Your Score","maxScore":"Max Score","total":"Total","totalScore":"Total Score","showSolutions":"Show solutions","retry":"Retry","exportAnswers":"Export text","hideKeywords":"Hide sidebar navigation menu","showKeywords":"Show sidebar navigation menu","fullscreen":"Fullscreen","exitFullscreen":"Exit fullscreen","prevSlide":"Previous slide","nextSlide":"Next slide","currentSlide":"Current slide","lastSlide":"Last slide","solutionModeTitle":"Exit solution mode","solutionModeText":"Solution Mode","summaryMultipleTaskText":"Multiple tasks","scoreMessage":"You achieved:","shareFacebook":"Share on Facebook","shareTwitter":"Share on Twitter","shareGoogle":"Share on Google+","summary":"Summary","solutionsButtonTitle":"Show comments","printTitle":"Print","printIngress":"How would you like to print this presentation?","printAllSlides":"Print all slides","printCurrentSlide":"Print current slide","noTitle":"No title","accessibilitySlideNavigationExplanation":"Use left and right arrow to change slide in that direction whenever canvas is selected.","accessibilityCanvasLabel":"Presentation canvas. Use left and right arrow to move between slides.","containsNotCompleted":"@slideName contains not completed interaction","containsCompleted":"@slideName contains completed interaction","slideCount":"Slide @index of @total","containsOnlyCorrect":"@slideName only has correct answers","containsIncorrectAnswers":"@slideName has incorrect answers","shareResult":"Share Result","accessibilityTotalScore":"You got @score of @maxScore points in total","accessibilityEnteredFullscreen":"Entered fullscreen","accessibilityExitedFullscreen":"Exited fullscreen"}}