{"presentation":{"slides":[{"slideBackgroundSelector":{},"elements":[{"x":3.289473684210526,"y":6.497894682122992,"width":94.13898026315789,"height":87.7115064719031,"action":{"library":"H5P.Image 1.1","params":{"contentName":"Image","file":{"path":"images\/file-6710b6cec603c.png","mime":"image\/png","copyright":{"license":"U"},"width":1279,"height":720}},"subContentId":"ea37013f-109e-447b-af90-5d3782d9b260","metadata":{"contentType":"Image","license":"U","title":"Untitled Image"}},"backgroundOpacity":0,"willDoAnimation":false,"animationType":"glow","displayAsButton":false,"buttonSize":"big","goToSlideType":"specified","invisible":false},{"x":42.76315789473684,"y":81.22368352653741,"width":19.73519736842105,"height":9.743463117949785,"action":{"library":"H5P.CRAdvancedText 1.1","params":{"text":"<p><span style=\"font-size:1.5em;color:hsl(0, 0%, 100%);\"><strong>\u1345\u120b\u120b\u1275<\/strong><\/span><\/p>"},"subContentId":"5b50ef6e-af21-407e-a62d-faa0a594858d","metadata":{"contentType":"Text","license":"U","title":"Untitled Text"}},"alwaysDisplayComments":false,"backgroundOpacity":0,"willDoAnimation":false,"animationType":"glow","displayAsButton":false,"buttonSize":"big","goToSlideType":"specified","invisible":false,"solution":""}]},{"slideBackgroundSelector":{},"elements":[{"x":3.289473684210526,"y":6.497894682122992,"width":94.13898026315789,"height":87.7115064719031,"action":{"library":"H5P.Image 1.1","params":{"contentName":"Image","file":{"path":"images\/file-6710b71925e55.png","mime":"image\/png","copyright":{"license":"U"},"width":1279,"height":720}},"subContentId":"ea37013f-109e-447b-af90-5d3782d9b260","metadata":{"contentType":"Image","license":"U","title":"Untitled Image"}},"backgroundOpacity":0,"willDoAnimation":false,"animationType":"glow","displayAsButton":false,"buttonSize":"big","goToSlideType":"specified","invisible":false},{"x":16.447368421052634,"y":74.71571710765713,"width":72.36677631578948,"height":19.48692623589957,"action":{"library":"H5P.CRAdvancedText 1.1","params":{"text":"<p><span style=\"font-size:1.5em;color:#ffffff;\"><strong>\u121b\u12ed \u12ed\u12c8\u1245\u12d5 \u12a3\u120e\u1361\u1361 \u1230\u1263\u1275 \u12a3\u1265 \u1293\u12ed \u12a3\u12cd\u1276\u1265\u1235 \u1320\u1320\u12cd \u1218\u1260\u120a \u1320\u1320\u12cd \u12a2\u120e\u121d \u12ad\u1233\u1348\u1229 \u12ed\u1345\u1260\u12e9 \u12a3\u1208\u12c9\u1361\u1361<\/strong><\/span><\/p>"},"subContentId":"fe65fafc-902f-4892-b74b-0eb144607cf4","metadata":{"contentType":"Text","license":"U","title":"Untitled Text"}},"alwaysDisplayComments":false,"backgroundOpacity":0,"willDoAnimation":false,"animationType":"glow","displayAsButton":false,"buttonSize":"big","goToSlideType":"specified","invisible":false,"solution":""},{"x":47.00006578947369,"y":44.0012898320944,"width":40,"height":40,"action":{"library":"H5P.CRAudio 1.4","params":{"fitToWrapper":true,"currIndex":1,"playerMode":"minimalistic","controls":true,"autoplay":true,"playAudio":"Play audio","pauseAudio":"Pause audio","contentName":"Audio","glowColor":"#ffd85a","timeStampForEachText":[{"text":" \u121b\u12ed ","startDuration":"0.0000","endDuration":"0.2121","wordfile":[{"path":"audios\/wordfile-67142d3517d1a.wav","mime":"audio\/x-wav","copyright":{"license":"U"}}]},{"text":" \u12ed\u12c8\u1245\u12d5 ","startDuration":"0.2131","endDuration":"0.5932","wordfile":[{"path":"audios\/wordfile-67142d5b26d5e.wav","mime":"audio\/x-wav","copyright":{"license":"U"}}]},{"text":" \u12a3\u120e\u1361\u1361 ","startDuration":"0.5942","endDuration":"1.2144","wordfile":[{"path":"audios\/wordfile-67142d688b4a4.wav","mime":"audio\/x-wav","copyright":{"license":"U"}}]},{"text":" \u1230\u1263\u1275 ","startDuration":"1.2154","endDuration":"2.1598","wordfile":[{"path":"audios\/wordfile-67142d84b7c98.wav","mime":"audio\/x-wav","copyright":{"license":"U"}}]},{"text":" \u12a3\u1265 ","startDuration":"2.1608","endDuration":"2.4809","wordfile":[{"path":"audios\/wordfile-67142dad59b5a.wav","mime":"audio\/x-wav","copyright":{"license":"U"}}]},{"text":" \u1293\u12ed ","startDuration":"2.4339","endDuration":"2.8380","wordfile":[{"path":"audios\/wordfile-67142ddae3393.wav","mime":"audio\/x-wav","copyright":{"license":"U"}}]},{"text":" \u12a3\u12cd\u1276\u1265\u1235 ","startDuration":"2.8390","endDuration":"3.2791","wordfile":[{"path":"audios\/wordfile-67142e163a605.wav","mime":"audio\/x-wav","copyright":{"license":"U"}}]},{"text":" \u1320\u1320\u12cd ","startDuration":"3.2791","endDuration":"3.6832","wordfile":[{"path":"audios\/wordfile-67142e562a946.wav","mime":"audio\/x-wav","copyright":{"license":"U"}}]},{"text":" \u1218\u1260\u120a ","startDuration":"3.6842","endDuration":"4.2684","wordfile":[{"path":"audios\/wordfile-67142e6a06a31.wav","mime":"audio\/x-wav","copyright":{"license":"U"}}]},{"text":" \u1320\u1320\u12cd ","startDuration":"4.2694","endDuration":"4.9257","wordfile":[{"path":"audios\/wordfile-67142e8b629e5.wav","mime":"audio\/x-wav","copyright":{"license":"U"}}]},{"text":" \u12a2\u120e\u121d ","startDuration":"4.9267","endDuration":"5.2107","wordfile":[{"path":"audios\/wordfile-67142ea77d5a2.wav","mime":"audio\/x-wav","copyright":{"license":"U"}}]},{"text":" \u12ad\u1233\u1348\u1229 ","startDuration":"5.2117","endDuration":"5.6638","wordfile":[{"path":"audios\/wordfile-67142ee5cad51.wav","mime":"audio\/x-wav","copyright":{"license":"U"}}]},{"text":" \u12ed\u1345\u1260\u12e9 ","startDuration":"5.6648","endDuration":"6.1890","wordfile":[{"path":"audios\/wordfile-67142f0a6e823.wav","mime":"audio\/x-wav","copyright":{"license":"U"}}]},{"text":" \u12a3\u1208\u12c9\u1361\u1361 ","startDuration":"6.1900","endDuration":"6.8080","wordfile":[{"path":"audios\/wordfile-67142f2a72173.wav","mime":"audio\/x-wav","copyright":{"license":"U"}}]}],"files":[{"path":"audios\/files-67142c80719d9.mp3","mime":"audio\/mpeg","copyright":{"license":"U"}}]},"subContentId":"0ec25756-2af9-41e6-8b17-09c59c89c822","metadata":{"contentType":"Curious Reader Audio","license":"U","title":"Untitled Curious Reader Audio"}},"backgroundOpacity":0,"willDoAnimation":false,"animationType":"glow","displayAsButton":false,"buttonSize":"big","goToSlideType":"specified","invisible":false},{"x":14.802631578947366,"y":22.732494671726364,"width":73.74424342105263,"height":53.92927691427978,"action":{"library":"H5P.Image 1.1","params":{"contentName":"Image"},"subContentId":"22eacd7f-24d5-44d8-a00b-231bc8144a36","metadata":{"contentType":"Image","license":"U","title":"Untitled Image"}},"backgroundOpacity":0,"willDoAnimation":true,"animationType":"glow","displayAsButton":false,"buttonSize":"big","goToSlideType":"specified","invisible":false,"id":"img0ec25756-2af9-41e6-8b17-09c59c89c822_3"}]},{"slideBackgroundSelector":{},"elements":[{"x":3.289473684210526,"y":6.497894682122992,"width":94.13898026315789,"height":87.7115064719031,"action":{"library":"H5P.Image 1.1","params":{"contentName":"Image","file":{"path":"images\/file-66f3db7d44730.jpg","mime":"image\/jpeg","copyright":{"license":"U"},"width":1280,"height":720}},"subContentId":"ea37013f-109e-447b-af90-5d3782d9b260","metadata":{"contentType":"Image","license":"U","title":"Untitled Image"}},"backgroundOpacity":0,"willDoAnimation":false,"animationType":"glow","displayAsButton":false,"buttonSize":"big","goToSlideType":"specified","invisible":false},{"x":14.802631578947368,"y":74.72578884441441,"width":75.65625,"height":22.73587357696107,"action":{"library":"H5P.CRAdvancedText 1.1","params":{"text":"<p><span style=\"font-size:1.5em;color:hsl(0, 0%, 100%);\"><strong>\u1210\u1295\u1272 \u12a3\u1260\u122b\u122a\u1275 \u1290\u134b\u122a\u1275 \u1210\u121d\u122b\u12ca \u1345\u120b\u120d \u1212\u12db\u120b\u1361\u1361 \u1213\u12f0 \u1345\u120b\u120d \u1270\u12d8\u122d\u130a\u1211\u1361\u1361 \u12a5\u1272 \u12a3\u12cd\u1276\u1265\u1235 \u12a3\u1260\u12ed \u12a3\u120e? \u1276\u120e \u1260\u1209!<\/strong><\/span><\/p>"},"subContentId":"b11d9f0b-9176-45b9-a083-0bfd75c0a772","metadata":{"contentType":"Text","license":"U","title":"Untitled Text"}},"alwaysDisplayComments":false,"backgroundOpacity":0,"willDoAnimation":false,"animationType":"glow","displayAsButton":false,"buttonSize":"big","goToSlideType":"specified","invisible":false,"solution":""},{"x":47.00006578947369,"y":44.0012898320944,"width":40,"height":40,"action":{"library":"H5P.CRAudio 1.4","params":{"fitToWrapper":true,"currIndex":2,"playerMode":"minimalistic","controls":true,"autoplay":true,"playAudio":"Play audio","pauseAudio":"Pause audio","contentName":"Audio","glowColor":"#ffd85a","timeStampForEachText":[{"text":" \u1210\u1295\u1272 ","startDuration":"0.0000","endDuration":"0.3924","wordfile":[{"path":"audios\/wordfile-66fd022c54864.wav","mime":"audio\/x-wav","copyright":{"license":"U"}}]},{"text":" \u12a3\u1260\u122b\u122a\u1275 ","startDuration":"0.3934","endDuration":"1.2891","wordfile":[{"path":"audios\/wordfile-66fd02598e16e.wav","mime":"audio\/x-wav","copyright":{"license":"U"}}]},{"text":" \u1290\u134b\u122a\u1275 ","startDuration":"1.2901","endDuration":"1.8602","wordfile":[{"path":"audios\/wordfile-66fd027a4ab76.wav","mime":"audio\/x-wav","copyright":{"license":"U"}}]},{"text":" \u1210\u121d\u122b\u12ca ","startDuration":"1.8612","endDuration":"2.6089","wordfile":[{"path":"audios\/wordfile-66fd02c3aae5b.wav","mime":"audio\/x-wav","copyright":{"license":"U"}}]},{"text":" \u1345\u120b\u120d ","startDuration":"2.6099","endDuration":"3.1059","wordfile":[{"path":"audios\/wordfile-66fd0336675c2.wav","mime":"audio\/x-wav","copyright":{"license":"U"}}]},{"text":" \u1212\u12db\u120b\u1361\u1361 ","startDuration":"3.1069","endDuration":"3.7658","wordfile":[{"path":"audios\/wordfile-66fd03ad63031.wav","mime":"audio\/x-wav","copyright":{"license":"U"}}]},{"text":" \u1213\u12f0 ","startDuration":"3.7668","endDuration":"4.4405","wordfile":[{"path":"audios\/wordfile-66fd03d5b271a.wav","mime":"audio\/x-wav","copyright":{"license":"U"}}]},{"text":" \u1345\u120b\u120d ","startDuration":"4.4415","endDuration":"4.8783","wordfile":[{"path":"audios\/wordfile-66fd03f310996.wav","mime":"audio\/x-wav","copyright":{"license":"U"}}]},{"text":" \u1270\u12d8\u122d\u130a\u1211\u1361\u1361 ","startDuration":"4.8793","endDuration":"5.8934","wordfile":[{"path":"audios\/wordfile-66fd041bd898f.wav","mime":"audio\/x-wav","copyright":{"license":"U"}}]},{"text":" \u12a5\u1272 ","startDuration":"5.8944","endDuration":"6.3608","wordfile":[{"path":"audios\/wordfile-66fd046fe76e8.wav","mime":"audio\/x-wav","copyright":{"license":"U"}}]},{"text":" \u12a3\u12cd\u1276\u1265\u1235 ","startDuration":"6.3618","endDuration":"6.8874","wordfile":[{"path":"audios\/wordfile-66fd0a7d311ff.wav","mime":"audio\/x-wav","copyright":{"license":"U"}}]},{"text":" \u12a3\u1260\u12ed ","startDuration":"6.8884","endDuration":"7.1476","wordfile":[{"path":"audios\/wordfile-66fd0ac082831.wav","mime":"audio\/x-wav","copyright":{"license":"U"}}]},{"text":" \u12a3\u120e? ","startDuration":"7.1486","endDuration":"7.4966","wordfile":[{"path":"audios\/wordfile-66fd0ad955df0.wav","mime":"audio\/x-wav","copyright":{"license":"U"}}]},{"text":" \u1276\u120e ","startDuration":"7.4976","endDuration":"7.9788","wordfile":[{"path":"audios\/wordfile-66fd0b036dc48.wav","mime":"audio\/x-wav","copyright":{"license":"U"}}]},{"text":" \u1260\u1209! ","startDuration":"7.9798","endDuration":"8.3929","wordfile":[{"path":"audios\/wordfile-66fd0b1e70104.wav","mime":"audio\/x-wav","copyright":{"license":"U"}}]}],"files":[{"path":"audios\/files-66fd0204d8002.wav","mime":"audio\/x-wav","copyright":{"license":"U"}}]},"subContentId":"282a5322-2bf9-4149-aa20-827216ca5772","metadata":{"contentType":"Curious Reader Audio","license":"U","title":"Untitled Curious Reader Audio"}},"backgroundOpacity":0,"willDoAnimation":false,"animationType":"glow","displayAsButton":false,"buttonSize":"big","goToSlideType":"specified","invisible":false},{"x":8.223684210526315,"y":12.995789364245985,"width":55.26151315789474,"height":46.486913240110205,"action":{"library":"H5P.Image 1.1","params":{"contentName":"Image"},"subContentId":"994d7774-24a0-4a9f-a086-5542a78058e6","metadata":{"contentType":"Image","license":"U","title":"Untitled Image"}},"backgroundOpacity":0,"willDoAnimation":true,"animationType":"glow","displayAsButton":false,"buttonSize":"big","goToSlideType":"specified","invisible":false,"id":"img282a5322-2bf9-4149-aa20-827216ca5772_3"}]},{"slideBackgroundSelector":{},"elements":[{"x":4.934210526315789,"y":6.497894682122992,"width":94.13898026315789,"height":87.7115064719031,"action":{"library":"H5P.Image 1.1","params":{"contentName":"Image","file":{"path":"images\/file-66f3dba6531b8.jpg","mime":"image\/jpeg","copyright":{"license":"U"},"width":1280,"height":720}},"subContentId":"ea37013f-109e-447b-af90-5d3782d9b260","metadata":{"contentType":"Image","license":"U","title":"Untitled Image"}},"backgroundOpacity":0,"willDoAnimation":false,"animationType":"glow","displayAsButton":false,"buttonSize":"big","goToSlideType":"specified","invisible":false},{"x":8.223684210526315,"y":74.72578884441441,"width":84.27220394736842,"height":19.490305141134275,"action":{"library":"H5P.CRAdvancedText 1.1","params":{"text":"<p><span style=\"font-size:1.5em;color:#ffffff;\"><strong>\u121b\u12ed \u12ed\u12c8\u1245\u12d5 \u12a3\u120e\u1361\u1361 \u12a5\u1272 \u1218\u121d\u1205\u122d \u1210\u121d\u1208\u12cb\u12ed \u1345\u120b\u120d \u1212\u12d9 \u12a0\u120e\u1361\u1361 \u12ad\u120d\u1270 \u1345\u120b\u120b\u1275 \u1270\u12d8\u122d\u130a\u1210\u1295\u1361\u1361 \u12a5\u1272 \u12a3\u12cd\u1276\u1265\u1235 \u12a3\u1260\u12ed \u12a3\u120e? \u1276\u120e \u1260\u1209!<\/strong><\/span><\/p><p><br>&nbsp;<\/p>"},"subContentId":"63bc37e3-ac96-4534-8772-29573d20a8c5","metadata":{"contentType":"Text","license":"U","title":"Untitled Text"}},"alwaysDisplayComments":false,"backgroundOpacity":0,"willDoAnimation":false,"animationType":"glow","displayAsButton":false,"buttonSize":"big","goToSlideType":"specified","invisible":false,"solution":""},{"x":47.00006578947369,"y":44.0012898320944,"width":40,"height":40,"action":{"library":"H5P.CRAudio 1.4","params":{"fitToWrapper":true,"currIndex":3,"playerMode":"minimalistic","controls":true,"autoplay":true,"playAudio":"Play audio","pauseAudio":"Pause audio","contentName":"Audio","glowColor":"#ffd85a","timeStampForEachText":[{"text":" \u121b\u12ed ","startDuration":"0.0000","endDuration":"0.3622","wordfile":[{"path":"audios\/wordfile-67142fe71cbee.wav","mime":"audio\/x-wav","copyright":{"license":"U"}}]},{"text":" \u12ed\u12c8\u1245\u12d5 ","startDuration":"0.3632","endDuration":"0.6145","wordfile":[{"path":"audios\/wordfile-6714300bdb9e9.wav","mime":"audio\/x-wav","copyright":{"license":"U"}}]},{"text":" \u12a3\u120e\u1361\u1361 ","startDuration":"0.6145","endDuration":"1.2630","wordfile":[{"path":"audios\/wordfile-67143051aaf08.wav","mime":"audio\/x-wav","copyright":{"license":"U"}}]},{"text":" \u12a5\u1272 ","startDuration":"1.2640","endDuration":"1.6864","wordfile":[{"path":"audios\/wordfile-671430820438d.wav","mime":"audio\/x-wav","copyright":{"license":"U"}}]},{"text":" \u1218\u121d\u1205\u122d ","startDuration":"1.6874","endDuration":"2.2638","wordfile":[{"path":"audios\/wordfile-67143093ce13c.wav","mime":"audio\/x-wav","copyright":{"license":"U"}}]},{"text":" \u1210\u121d\u1208\u12cb\u12ed ","startDuration":"2.2648","endDuration":"2.8412","wordfile":[{"path":"audios\/wordfile-671430b328806.wav","mime":"audio\/x-wav","copyright":{"license":"U"}}]},{"text":" \u1345\u120b\u120d ","startDuration":"2.8422","endDuration":"3.2133","wordfile":[{"path":"audios\/wordfile-671430d6246c2.wav","mime":"audio\/x-wav","copyright":{"license":"U"}}]},{"text":" \u1212\u12d9 ","startDuration":"3.2143","endDuration":"3.4656","wordfile":[{"path":"audios\/wordfile-671430eef2559.wav","mime":"audio\/x-wav","copyright":{"license":"U"}}]},{"text":" \u12a0\u120e\u1361\u1361 ","startDuration":"3.4666","endDuration":"4.1970","wordfile":[{"path":"audios\/wordfile-6714311917bf1.wav","mime":"audio\/x-wav","copyright":{"license":"U"}}]},{"text":" \u12ad\u120d\u1270 ","startDuration":"4.1980","endDuration":"4.6888","wordfile":[{"path":"audios\/wordfile-67143135af1ef.wav","mime":"audio\/x-wav","copyright":{"license":"U"}}]},{"text":" \u1345\u120b\u120b\u1275 ","startDuration":"4.6898","endDuration":"5.0780","wordfile":[{"path":"audios\/wordfile-67143170c1414.wav","mime":"audio\/x-wav","copyright":{"license":"U"}}]},{"text":" \u1270\u12d8\u122d\u130a\u1210\u1295\u1361\u1361 ","startDuration":"5.0790","endDuration":"6.1344","wordfile":[{"path":"audios\/wordfile-671431849bae9.wav","mime":"audio\/x-wav","copyright":{"license":"U"}}]},{"text":" \u12a5\u1272 ","startDuration":"6.1354","endDuration":"6.5236","wordfile":[{"path":"audios\/wordfile-6714319c58378.wav","mime":"audio\/x-wav","copyright":{"license":"U"}}]},{"text":" \u12a3\u12cd\u1276\u1265\u1235 ","startDuration":"6.5246","endDuration":"7.1694","wordfile":[{"path":"audios\/wordfile-671431baa6d2a.wav","mime":"audio\/x-wav","copyright":{"license":"U"}}]},{"text":" \u12a3\u1260\u12ed ","startDuration":"7.1704","endDuration":"7.4731","wordfile":[{"path":"audios\/wordfile-671431dab3f21.wav","mime":"audio\/x-wav","copyright":{"license":"U"}}]},{"text":" \u12a3\u120e? ","startDuration":"7.4741","endDuration":"7.9821","wordfile":[{"path":"audios\/wordfile-671431f47e10f.wav","mime":"audio\/x-wav","copyright":{"license":"U"}}]},{"text":" \u1276\u120e ","startDuration":"7.9831","endDuration":"8.4397","wordfile":[{"path":"audios\/wordfile-6714320d739a3.wav","mime":"audio\/x-wav","copyright":{"license":"U"}}]},{"text":" \u1260\u1209! ","startDuration":"8.4407","endDuration":"8.8795","wordfile":[{"path":"audios\/wordfile-6714322fe8214.wav","mime":"audio\/x-wav","copyright":{"license":"U"}}]}],"files":[{"path":"audios\/files-67142ccf0fb2b.mp3","mime":"audio\/mpeg","copyright":{"license":"U"}}]},"subContentId":"275c090a-3c88-4967-a352-447e8c592264","metadata":{"contentType":"Curious Reader Audio","license":"U","title":"Untitled Curious Reader Audio"}},"backgroundOpacity":0,"willDoAnimation":false,"animationType":"glow","displayAsButton":false,"buttonSize":"big","goToSlideType":"specified","invisible":false},{"x":5.357142857142857,"y":7.054673721340388,"width":38.57142857142858,"height":39.998589065255736,"action":{"library":"H5P.Image 1.1","params":{"contentName":"Image"},"subContentId":"f2f38236-c8b6-49eb-9ecb-ac3971ba51d2","metadata":{"contentType":"Image","license":"U","title":"Untitled Image"}},"backgroundOpacity":0,"willDoAnimation":true,"animationType":"glow","displayAsButton":false,"buttonSize":"big","goToSlideType":"specified","invisible":false,"id":"img275c090a-3c88-4967-a352-447e8c592264_5"}]},{"slideBackgroundSelector":{},"elements":[{"x":3.289473684210526,"y":6.497894682122992,"width":94.13898026315789,"height":87.7115064719031,"action":{"library":"H5P.Image 1.1","params":{"contentName":"Image","file":{"path":"images\/file-66f3dc8b95de6.jpg","mime":"image\/jpeg","copyright":{"license":"U"},"width":1280,"height":720}},"subContentId":"ea37013f-109e-447b-af90-5d3782d9b260","metadata":{"contentType":"Image","license":"U","title":"Untitled Image"}},"backgroundOpacity":0,"willDoAnimation":false,"animationType":"glow","displayAsButton":false,"buttonSize":"big","goToSlideType":"specified","invisible":false},{"x":7.176874999999999,"y":74.72253989707336,"width":86.12088815789474,"height":20.962468160316057,"action":{"library":"H5P.CRAdvancedText 1.1","params":{"text":"<p><span style=\"font-size:1.5em;color:#ffffff;\"><strong>\u121b\u12ed \u12ed\u12c8\u1245\u12d5 \u12a3\u120e\u1361\u1361 \u12a5\u1273 \u1260\u12d3\u120d \u12f5\u12b3\u1295 \u1340\u120a\u121d \u1345\u120b\u120d \u1212\u12db \u12a0\u120b\u1361\u1361 \u1230\u1208\u1235\u1270 \u1345\u120b\u120b\u1275 \u1270\u12d8\u122d\u130a\u1210\u1295\u1361\u1361 \u12a5\u1272 \u12a3\u12cd\u1276\u1265\u1235 \u12a3\u1260\u12ed \u12a3\u120e? \u1276\u120e \u1260\u1209!<\/strong><\/span><\/p><p><br>&nbsp;<\/p>"},"subContentId":"523537d1-2a3d-45f7-86e3-c2e82b8aa1d8","metadata":{"contentType":"Text","license":"U","title":"Untitled Text"}},"alwaysDisplayComments":false,"backgroundOpacity":0,"willDoAnimation":false,"animationType":"glow","displayAsButton":false,"buttonSize":"big","goToSlideType":"specified","invisible":false,"solution":""},{"x":47.000553571428576,"y":44.00169312169312,"width":40,"height":40,"action":{"library":"H5P.CRAudio 1.4","params":{"fitToWrapper":true,"currIndex":4,"playerMode":"minimalistic","controls":true,"autoplay":true,"playAudio":"Play audio","pauseAudio":"Pause audio","contentName":"Audio","glowColor":"#ffd85a","timeStampForEachText":[{"text":" \u121b\u12ed ","startDuration":"0.0000","endDuration":"0.2430","wordfile":[{"path":"audios\/wordfile-67143b73b2cc1.wav","mime":"audio\/x-wav","copyright":{"license":"U"}}]},{"text":" \u12ed\u12c8\u1245\u12d5 ","startDuration":"0.2440","endDuration":"0.6670","wordfile":[{"path":"audios\/wordfile-67143b9f0aacf.wav","mime":"audio\/x-wav","copyright":{"license":"U"}}]},{"text":" \u12a3\u120e\u1361\u1361 ","startDuration":"0.6680","endDuration":"1.1821","wordfile":[{"path":"audios\/wordfile-67143bb0c70b7.wav","mime":"audio\/x-wav","copyright":{"license":"U"}}]},{"text":" \u12a5\u1273 ","startDuration":"1.1831","endDuration":"1.6449","wordfile":[{"path":"audios\/wordfile-67143bcfb6e9d.wav","mime":"audio\/x-wav","copyright":{"license":"U"}}]},{"text":" \u1260\u12d3\u120d ","startDuration":"1.6459","endDuration":"2.1426","wordfile":[{"path":"audios\/wordfile-67143c543c5be.wav","mime":"audio\/x-wav","copyright":{"license":"U"}}]},{"text":" \u12f5\u12b3\u1295 ","startDuration":"2.1436","endDuration":"2.6228","wordfile":[{"path":"audios\/wordfile-67143c7d014c7.wav","mime":"audio\/x-wav","copyright":{"license":"U"}}]},{"text":" \u1340\u120a\u121d ","startDuration":"2.6238","endDuration":"3.0856","wordfile":[{"path":"audios\/wordfile-67143c9ac778b.wav","mime":"audio\/x-wav","copyright":{"license":"U"}}]},{"text":" \u1345\u120b\u120d ","startDuration":"3.0866","endDuration":"3.4611","wordfile":[{"path":"audios\/wordfile-67143cc037e4a.wav","mime":"audio\/x-wav","copyright":{"license":"U"}}]},{"text":" \u1212\u12db ","startDuration":"3.4621","endDuration":"3.6621","wordfile":[{"path":"audios\/wordfile-67143cd7c461b.wav","mime":"audio\/x-wav","copyright":{"license":"U"}}]},{"text":" \u12a0\u120b\u1361\u1361 ","startDuration":"3.6631","endDuration":"4.2645","wordfile":[{"path":"audios\/wordfile-67143cf0a3aba.wav","mime":"audio\/x-wav","copyright":{"license":"U"}}]},{"text":" \u1230\u1208\u1235\u1270 ","startDuration":"4.2655","endDuration":"4.8669","wordfile":[{"path":"audios\/wordfile-67143d16bec21.wav","mime":"audio\/x-wav","copyright":{"license":"U"}}]},{"text":" \u1345\u120b\u120b\u1275 ","startDuration":"4.8669","endDuration":"5.2481","wordfile":[{"path":"audios\/wordfile-67143d359921d.wav","mime":"audio\/x-wav","copyright":{"license":"U"}}]},{"text":" \u1270\u12d8\u122d\u130a\u1210\u1295\u1361\u1361 ","startDuration":"5.2481","endDuration":"6.2857","wordfile":[{"path":"audios\/wordfile-67143d4ac38b5.wav","mime":"audio\/x-wav","copyright":{"license":"U"}}]},{"text":" \u12a5\u1272 ","startDuration":"6.2867","endDuration":"6.6263","wordfile":[{"path":"audios\/wordfile-67143d9c8e874.wav","mime":"audio\/x-wav","copyright":{"license":"U"}}]},{"text":" \u12a3\u12cd\u1276\u1265\u1235 ","startDuration":"6.6273","endDuration":"7.0716","wordfile":[{"path":"audios\/wordfile-67143dc7c8198.wav","mime":"audio\/x-wav","copyright":{"license":"U"}}]},{"text":" \u12a3\u1260\u12ed ","startDuration":"7.0726","endDuration":"7.3773","wordfile":[{"path":"audios\/wordfile-67143dddaac7b.wav","mime":"audio\/x-wav","copyright":{"license":"U"}}]},{"text":" \u12a3\u120e? ","startDuration":"7.3292","endDuration":"8.0527","wordfile":[{"path":"audios\/wordfile-67143e06015b4.wav","mime":"audio\/x-wav","copyright":{"license":"U"}}]},{"text":" \u1276\u120e ","startDuration":"8.0726","endDuration":"8.4995","wordfile":[{"path":"audios\/wordfile-67143e1892ede.wav","mime":"audio\/x-wav","copyright":{"license":"U"}}]},{"text":" \u1260\u1209! ","startDuration":"8.5005","endDuration":"9.0045","wordfile":[{"path":"audios\/wordfile-67143e5837675.wav","mime":"audio\/x-wav","copyright":{"license":"U"}}]}],"files":[{"path":"audios\/files-67143408000d9.mp3","mime":"audio\/mpeg","copyright":{"license":"U"}}]},"subContentId":"4de98967-9b0d-455c-aeea-5c6e74dee03b","metadata":{"contentType":"Curious Reader Audio","license":"U","title":"Untitled Curious Reader Audio"}},"backgroundOpacity":0,"willDoAnimation":false,"animationType":"glow","displayAsButton":false,"buttonSize":"big","goToSlideType":"specified","invisible":false},{"x":64.59334006778712,"y":14.177610009392666,"width":31.025796068059854,"height":39.99645559749765,"action":{"library":"H5P.Image 1.1","params":{"contentName":"Image"},"subContentId":"8112ae14-462d-4f42-9dbd-32441abd73a7","metadata":{"contentType":"Image","license":"U","title":"Untitled Image"}},"backgroundOpacity":0,"willDoAnimation":true,"animationType":"glow","displayAsButton":false,"buttonSize":"big","goToSlideType":"specified","invisible":false,"id":"img4de98967-9b0d-455c-aeea-5c6e74dee03b_6"}]},{"slideBackgroundSelector":{},"elements":[{"x":3.289473684210526,"y":6.497894682122992,"width":94.13898026315789,"height":87.7115064719031,"action":{"library":"H5P.Image 1.1","params":{"contentName":"Image","file":{"path":"images\/file-66f3dca0447bc.jpg","mime":"image\/jpeg","copyright":{"license":"U"},"width":1280,"height":720}},"subContentId":"ea37013f-109e-447b-af90-5d3782d9b260","metadata":{"contentType":"Image","license":"U","title":"Untitled Image"}},"backgroundOpacity":0,"willDoAnimation":false,"animationType":"glow","displayAsButton":false,"buttonSize":"big","goToSlideType":"specified","invisible":false},{"x":3.286052631578947,"y":74.71896605499819,"width":95.39309210526316,"height":19.490305141134275,"action":{"library":"H5P.CRAdvancedText 1.1","params":{"text":"<p><span style=\"font-size:1.5em;color:hsl(0, 0%, 100%);\"><strong>\u121b\u12ed \u12ed\u12c8\u1245\u12d5&nbsp; \u12a3\u120e\u1361\u1361 \u12a5\u1272 \u1230\u122b\u1212 \u121d\u130d\u1262 \u12a3\u122b\u1295\u123a \u1215\u1265\u122a \u1345\u120b\u120d \u1212\u12d9 \u12a0\u120e\u1361\u1361 \u12a3\u122d\u1263\u12d5\u1270 \u1345\u120b\u120b\u1275 \u1270\u12d8\u122d\u130a\u1210\u1295\u1361\u1361 \u12a5\u1272 \u12a3\u12cd\u1276\u1265\u1235 \u12a3\u1260\u12ed \u12a3\u120e? \u1276\u120e \u1260\u1209!<\/strong><\/span><\/p>"},"subContentId":"5e2f984e-0bc9-46d6-9110-7b53cdea142c","metadata":{"contentType":"Text","license":"U","title":"Untitled Text"}},"alwaysDisplayComments":false,"backgroundOpacity":0,"willDoAnimation":false,"animationType":"glow","displayAsButton":false,"buttonSize":"big","goToSlideType":"specified","invisible":false,"solution":""},{"x":47.00006578947369,"y":44.0012898320944,"width":40,"height":40,"action":{"library":"H5P.CRAudio 1.4","params":{"fitToWrapper":true,"currIndex":5,"playerMode":"minimalistic","controls":true,"autoplay":true,"playAudio":"Play audio","pauseAudio":"Pause audio","contentName":"Audio","glowColor":"#ffd85a","timeStampForEachText":[{"text":" \u121b\u12ed ","startDuration":"0.0000","endDuration":"0.2636","wordfile":[{"path":"audios\/wordfile-6717561685a02.wav","mime":"audio\/x-wav","copyright":{"license":"U"}}]},{"text":" \u12ed\u12c8\u1245\u12d5\u00a0 ","startDuration":"0.2646","endDuration":"0.7188","wordfile":[{"path":"audios\/wordfile-6717562d5e696.wav","mime":"audio\/x-wav","copyright":{"license":"U"}}]},{"text":" \u12a3\u120e\u1361\u1361 ","startDuration":"0.7198","endDuration":"1.3011","wordfile":[{"path":"audios\/wordfile-6717564101afa.wav","mime":"audio\/x-wav","copyright":{"license":"U"}}]},{"text":" \u12a5\u1272 ","startDuration":"1.3021","endDuration":"1.5498","wordfile":[{"path":"audios\/wordfile-6717565f92066.wav","mime":"audio\/x-wav","copyright":{"license":"U"}}]},{"text":" \u1230\u122b\u1212 ","startDuration":"1.5508","endDuration":"2.0061","wordfile":[{"path":"audios\/wordfile-671756f7b97ff.wav","mime":"audio\/x-wav","copyright":{"license":"U"}}]},{"text":" \u121d\u130d\u1262 ","startDuration":"2.0061","endDuration":"2.5874","wordfile":[{"path":"audios\/wordfile-6717571e0f8aa.wav","mime":"audio\/x-wav","copyright":{"license":"U"}}]},{"text":" \u12a3\u122b\u1295\u123a ","startDuration":"2.5884","endDuration":"3.1697","wordfile":[{"path":"audios\/wordfile-67175761d244b.wav","mime":"audio\/x-wav","copyright":{"license":"U"}}]},{"text":" \u1215\u1265\u122a ","startDuration":"3.1707","endDuration":"3.6885","wordfile":[{"path":"audios\/wordfile-67175796d2bbd.wav","mime":"audio\/x-wav","copyright":{"license":"U"}}]},{"text":" \u1345\u120b\u120d ","startDuration":"3.6895","endDuration":"3.9531","wordfile":[{"path":"audios\/wordfile-671757ac07bbf.wav","mime":"audio\/x-wav","copyright":{"license":"U"}}]},{"text":" \u1212\u12d9 ","startDuration":"3.9541","endDuration":"4.1541","wordfile":[{"path":"audios\/wordfile-671757bb0fd6c.wav","mime":"audio\/x-wav","copyright":{"license":"U"}}]},{"text":" \u12a0\u120e\u1361\u1361 ","startDuration":"4.1551","endDuration":"4.8159","wordfile":[{"path":"audios\/wordfile-671757d9061ee.wav","mime":"audio\/x-wav","copyright":{"license":"U"}}]},{"text":" \u12a3\u122d\u1263\u12d5\u1270 ","startDuration":"4.8169","endDuration":"5.4141","wordfile":[{"path":"audios\/wordfile-6717583ea03f3.wav","mime":"audio\/x-wav","copyright":{"license":"U"}}]},{"text":" \u1345\u120b\u120b\u1275 ","startDuration":"5.4151","endDuration":"5.8693","wordfile":[{"path":"audios\/wordfile-6717585e23af0.wav","mime":"audio\/x-wav","copyright":{"license":"U"}}]},{"text":" \u1270\u12d8\u122d\u130a\u1210\u1295\u1361\u1361 ","startDuration":"5.8703","endDuration":"6.5787","wordfile":[{"path":"audios\/wordfile-671758758b18d.wav","mime":"audio\/x-wav","copyright":{"license":"U"}}]},{"text":" \u12a5\u1272 ","startDuration":"6.5797","endDuration":"6.8750","wordfile":[{"path":"audios\/wordfile-6717588cb8b9a.wav","mime":"audio\/x-wav","copyright":{"license":"U"}}]},{"text":" \u12a3\u12cd\u1276\u1265\u1235 ","startDuration":"6.8760","endDuration":"7.3302","wordfile":[{"path":"audios\/wordfile-671758a90236e.wav","mime":"audio\/x-wav","copyright":{"license":"U"}}]},{"text":" \u12a3\u1260\u12ed ","startDuration":"7.3312","endDuration":"7.7219","wordfile":[{"path":"audios\/wordfile-671758c1556e0.wav","mime":"audio\/x-wav","copyright":{"license":"U"}}]},{"text":" \u12a3\u120e? ","startDuration":"7.7229","endDuration":"8.1295","wordfile":[{"path":"audios\/wordfile-671758d6ad945.wav","mime":"audio\/x-wav","copyright":{"license":"U"}}]},{"text":" \u1276\u120e ","startDuration":"8.1305","endDuration":"8.6006","wordfile":[{"path":"audios\/wordfile-671758fbcfb1d.wav","mime":"audio\/x-wav","copyright":{"license":"U"}}]},{"text":" \u1260\u1209! ","startDuration":"8.6016","endDuration":"9.0089","wordfile":[{"path":"audios\/wordfile-6717597012ea4.wav","mime":"audio\/x-wav","copyright":{"license":"U"}}]}],"files":[{"path":"audios\/files-671755eb0cb12.mp3","mime":"audio\/mpeg","copyright":{"license":"U"}}]},"subContentId":"3b824a78-90ee-4bc4-85ad-5ef559aba7d3","metadata":{"contentType":"Curious Reader Audio","license":"U","title":"Untitled Curious Reader Audio"}},"backgroundOpacity":0,"willDoAnimation":false,"animationType":"glow","displayAsButton":false,"buttonSize":"big","goToSlideType":"specified","invisible":false},{"x":3.286052631578947,"y":16.241357800072777,"width":32.235197368421055,"height":33.49469771793939,"action":{"library":"H5P.Image 1.1","params":{"contentName":"Image"},"subContentId":"bf088ab8-a141-40e6-9ba1-8a7817ec33e0","metadata":{"contentType":"Image","license":"U","title":"Untitled Image"}},"backgroundOpacity":0,"willDoAnimation":true,"animationType":"glow","displayAsButton":false,"buttonSize":"big","goToSlideType":"specified","invisible":false,"id":"img3b824a78-90ee-4bc4-85ad-5ef559aba7d3_6"}]},{"slideBackgroundSelector":{},"elements":[{"x":3.289473684210526,"y":6.497894682122992,"width":94.13898026315789,"height":87.7115064719031,"action":{"library":"H5P.Image 1.1","params":{"contentName":"Image","file":{"path":"images\/file-66f3dcb18861b.jpg","mime":"image\/jpeg","copyright":{"license":"U"},"width":1280,"height":720}},"subContentId":"ea37013f-109e-447b-af90-5d3782d9b260","metadata":{"contentType":"Image","license":"U","title":"Untitled Image"}},"backgroundOpacity":0,"willDoAnimation":false,"animationType":"glow","displayAsButton":false,"buttonSize":"big","goToSlideType":"specified","invisible":false},{"x":8.875744896890472,"y":73.63847715629241,"width":85.20715101014852,"height":17.53297075149819,"action":{"library":"H5P.CRAdvancedText 1.1","params":{"text":"<p><span style=\"font-size:1.5em;color:hsl(0,0%,100%);\"><strong>\u121b\u12ed \u12ed\u12c8\u1245\u12d5 \u12a3\u120e\u1361\u1361 \u12a5\u1273 \u1213\u12aa\u121d \u1343\u12d5\u12f3 \u1345\u120b\u120d \u1212\u12db \u12a0\u120b\u1361\u1361 \u1213\u1219\u123d\u1270 \u1345\u120b\u120b\u1275 \u1270\u12d8\u122d\u130a\u1210\u1295\u1361\u1361 \u12a5\u1272 \u12a3\u12cd\u1276\u1265\u1235 \u12a3\u1260\u12ed \u12a3\u120e? \u1276\u120e \u1260\u1209!<\/strong><\/span><\/p>"},"subContentId":"cc49f2ee-4b9d-4f59-88fc-8fa6712991c1","metadata":{"contentType":"Text","license":"U","title":"Untitled Text"}},"alwaysDisplayComments":false,"backgroundOpacity":0,"willDoAnimation":false,"animationType":"glow","displayAsButton":false,"buttonSize":"big","goToSlideType":"specified","invisible":false,"solution":""},{"x":47.00073491167746,"y":44.00042780448634,"width":40,"height":40,"action":{"library":"H5P.CRAudio 1.4","params":{"fitToWrapper":true,"currIndex":6,"playerMode":"minimalistic","controls":true,"autoplay":true,"playAudio":"Play audio","pauseAudio":"Pause audio","contentName":"Audio","glowColor":"#ffd85a","timeStampForEachText":[{"text":" \u121b\u12ed ","startDuration":"0.0000","endDuration":"0.3013","wordfile":[{"path":"audios\/wordfile-671560a67395e.wav","mime":"audio\/x-wav","copyright":{"license":"U"}}]},{"text":" \u12ed\u12c8\u1245\u12d5 ","startDuration":"0.3023","endDuration":"0.5867","wordfile":[{"path":"audios\/wordfile-671560b72b860.wav","mime":"audio\/x-wav","copyright":{"license":"U"}}]},{"text":" \u12a3\u120e\u1361\u1361 ","startDuration":"0.5877","endDuration":"1.1591","wordfile":[{"path":"audios\/wordfile-671560c622036.wav","mime":"audio\/x-wav","copyright":{"license":"U"}}]},{"text":" \u12a5\u1273 ","startDuration":"1.1601","endDuration":"1.5796","wordfile":[{"path":"audios\/wordfile-671560d942670.wav","mime":"audio\/x-wav","copyright":{"license":"U"}}]},{"text":" \u1213\u12aa\u121d ","startDuration":"1.5806","endDuration":"2.2702","wordfile":[{"path":"audios\/wordfile-671560f845ba8.wav","mime":"audio\/x-wav","copyright":{"license":"U"}}]},{"text":" \u1343\u12d5\u12f3 ","startDuration":"2.2712","endDuration":"2.8595","wordfile":[{"path":"audios\/wordfile-67156110d0b5c.wav","mime":"audio\/x-wav","copyright":{"license":"U"}}]},{"text":" \u1345\u120b\u120d ","startDuration":"2.8605","endDuration":"3.2293","wordfile":[{"path":"audios\/wordfile-67156125e6653.wav","mime":"audio\/x-wav","copyright":{"license":"U"}}]},{"text":" \u1212\u12db ","startDuration":"3.2303","endDuration":"3.4303","wordfile":[{"path":"audios\/wordfile-671561382a77a.wav","mime":"audio\/x-wav","copyright":{"license":"U"}}]},{"text":" \u12a0\u120b\u1361\u1361 ","startDuration":"3.4313","endDuration":"4.0027","wordfile":[{"path":"audios\/wordfile-6715614e9721f.wav","mime":"audio\/x-wav","copyright":{"license":"U"}}]},{"text":" \u1213\u1219\u123d\u1270 ","startDuration":"4.0037","endDuration":"4.8283","wordfile":[{"path":"audios\/wordfile-6715617d8681c.wav","mime":"audio\/x-wav","copyright":{"license":"U"}}]},{"text":" \u1345\u120b\u120b\u1275 ","startDuration":"4.8293","endDuration":"5.2488","wordfile":[{"path":"audios\/wordfile-67156196ce5c3.wav","mime":"audio\/x-wav","copyright":{"license":"U"}}]},{"text":" \u1270\u12d8\u122d\u130a\u1210\u1295\u1361\u1361 ","startDuration":"5.2498","endDuration":"6.1251","wordfile":[{"path":"audios\/wordfile-671561afd2fe8.wav","mime":"audio\/x-wav","copyright":{"license":"U"}}]},{"text":" \u12a5\u1272 ","startDuration":"6.1261","endDuration":"6.5456","wordfile":[{"path":"audios\/wordfile-671561c34f865.wav","mime":"audio\/x-wav","copyright":{"license":"U"}}]},{"text":" \u12a3\u12cd\u1276\u1265\u1235 ","startDuration":"6.5466","endDuration":"6.9998","wordfile":[{"path":"audios\/wordfile-671561e76bba5.wav","mime":"audio\/x-wav","copyright":{"license":"U"}}]},{"text":" \u12a3\u1260\u12ed ","startDuration":"7.0008","endDuration":"7.2852","wordfile":[{"path":"audios\/wordfile-671562040e8a6.wav","mime":"audio\/x-wav","copyright":{"license":"U"}}]},{"text":" \u12a3\u120e? ","startDuration":"7.2862","endDuration":"7.9251","wordfile":[{"path":"audios\/wordfile-6715621a6eedd.wav","mime":"audio\/x-wav","copyright":{"license":"U"}}]},{"text":" \u1276\u120e ","startDuration":"7.9261","endDuration":"8.3793","wordfile":[{"path":"audios\/wordfile-6715622faf935.wav","mime":"audio\/x-wav","copyright":{"license":"U"}}]},{"text":" \u1260\u1209 ","startDuration":"8.3803","endDuration":"8.8125","wordfile":[{"path":"audios\/wordfile-6715624821f74.wav","mime":"audio\/x-wav","copyright":{"license":"U"}}]}],"files":[{"path":"audios\/files-6715607fa9bb5.mp3","mime":"audio\/mpeg","copyright":{"license":"U"}}]},"subContentId":"049ad19d-48c0-4df7-a5f4-9c2fccd10637","metadata":{"contentType":"Curious Reader Audio","license":"U","title":"Untitled Curious Reader Audio"}},"backgroundOpacity":0,"willDoAnimation":false,"animationType":"glow","displayAsButton":false,"buttonSize":"big","goToSlideType":"specified","invisible":false},{"x":1.7751489793780943,"y":17.53297075149819,"width":29.467473057676365,"height":32.97660751042335,"action":{"library":"H5P.Image 1.1","params":{"contentName":"Image"},"subContentId":"0cae1a8b-d1ff-469e-90ea-a7cbc99a4c4f","metadata":{"contentType":"Image","license":"U","title":"Untitled Image"}},"backgroundOpacity":0,"willDoAnimation":true,"animationType":"glow","displayAsButton":false,"buttonSize":"big","goToSlideType":"specified","invisible":false,"id":"img049ad19d-48c0-4df7-a5f4-9c2fccd10637_5"}]},{"slideBackgroundSelector":{},"elements":[{"x":3.5502979587561887,"y":7.013188300599277,"width":94.13898026315789,"height":87.7115064719031,"action":{"library":"H5P.Image 1.1","params":{"contentName":"Image","file":{"path":"images\/file-66f3dcc459d47.jpg","mime":"image\/jpeg","copyright":{"license":"U"},"width":1280,"height":720}},"subContentId":"ea37013f-109e-447b-af90-5d3782d9b260","metadata":{"contentType":"Image","license":"U","title":"Untitled Image"}},"backgroundOpacity":0,"willDoAnimation":false,"animationType":"glow","displayAsButton":false,"buttonSize":"big","goToSlideType":"specified","invisible":false},{"x":7.142857142857142,"y":77.60141093474427,"width":89.28571428571429,"height":17.633015873015875,"action":{"library":"H5P.CRAdvancedText 1.1","params":{"text":"<p><span style=\"font-size:1.5em;color:hsl(0,0%,100%);\"><strong>\u121b\u12ed \u12ed\u12c8\u1245\u12d5<\/strong><\/span><span style=\"color:#000000;\"><strong> <\/strong><\/span><span style=\"font-size:1.5em;color:hsl(0,0%,100%);\"><strong>\u12a3\u120e\u1361\u1361 \u12a5\u1272 \u1213\u1228\u1235\u1273\u12ed \u1210\u1219\u12bd\u123d\u1273\u12ed \u1345\u120b\u120d \u1212\u12d9 \u12a0\u120e\u1361\u1361 \u123d\u12f1\u123d\u1270 \u1345\u120b\u120b\u1275 \u1270\u12d8\u122d\u130a\u1210\u1295\u1361\u1361 \u12a5\u1272 \u12a3\u12cd\u1276\u1265\u1235 \u12a3\u1260\u12ed \u12a3\u120e? \u1276\u120e \u1260\u1209!<\/strong><\/span><\/p><p><br>&nbsp;<\/p>"},"subContentId":"ec74f62d-b7fa-414f-87a2-5de147e2e271","metadata":{"contentType":"Text","license":"U","title":"Untitled Text"}},"alwaysDisplayComments":false,"backgroundOpacity":0,"willDoAnimation":false,"animationType":"glow","displayAsButton":false,"buttonSize":"big","goToSlideType":"specified","invisible":false,"solution":""},{"x":47.000553571428576,"y":44.00169312169312,"width":40,"height":40,"action":{"library":"H5P.CRAudio 1.4","params":{"fitToWrapper":true,"currIndex":7,"playerMode":"minimalistic","controls":true,"autoplay":true,"playAudio":"Play audio","pauseAudio":"Pause audio","contentName":"Audio","glowColor":"#ffd85a","timeStampForEachText":[{"text":" \u121b\u12ed ","startDuration":"0.0000","endDuration":"0.2429","wordfile":[{"path":"audios\/wordfile-6715677287a34.wav","mime":"audio\/x-wav","copyright":{"license":"U"}}]},{"text":" \u12ed\u12c8\u1245\u12d5 ","startDuration":"0.2439","endDuration":"0.6840","wordfile":[{"path":"audios\/wordfile-6715678bdd9a6.wav","mime":"audio\/x-wav","copyright":{"license":"U"}}]},{"text":" \u12a3\u120e\u1361\u1361 ","startDuration":"0.6850","endDuration":"1.2622","wordfile":[{"path":"audios\/wordfile-6715679e7c9dc.wav","mime":"audio\/x-wav","copyright":{"license":"U"}}]},{"text":" \u12a5\u1272 ","startDuration":"1.2632","endDuration":"1.6690","wordfile":[{"path":"audios\/wordfile-671567be7fc8f.wav","mime":"audio\/x-wav","copyright":{"license":"U"}}]},{"text":" \u1213\u1228\u1235\u1273\u12ed ","startDuration":"1.6700","endDuration":"2.2815","wordfile":[{"path":"audios\/wordfile-671567d60cb6f.wav","mime":"audio\/x-wav","copyright":{"license":"U"}}]},{"text":" \u1210\u1219\u12bd\u123d\u1273\u12ed ","startDuration":"2.2825","endDuration":"3.2713","wordfile":[{"path":"audios\/wordfile-6715680ba8840.wav","mime":"audio\/x-wav","copyright":{"license":"U"}}]},{"text":" \u1345\u120b\u120d ","startDuration":"3.2723","endDuration":"3.5940","wordfile":[{"path":"audios\/wordfile-6715682796200.wav","mime":"audio\/x-wav","copyright":{"license":"U"}}]},{"text":" \u1212\u12d9 ","startDuration":"3.5940","endDuration":"3.7940","wordfile":[{"path":"audios\/wordfile-671568491e52a.wav","mime":"audio\/x-wav","copyright":{"license":"U"}}]},{"text":" \u12a0\u120e\u1361\u1361 ","startDuration":"3.7950","endDuration":"4.2364","wordfile":[{"path":"audios\/wordfile-67156864cbe81.wav","mime":"audio\/x-wav","copyright":{"license":"U"}}]},{"text":" \u123d\u12f1\u123d\u1270 ","startDuration":"4.2374","endDuration":"4.9893","wordfile":[{"path":"audios\/wordfile-67156873debec.wav","mime":"audio\/x-wav","copyright":{"license":"U"}}]},{"text":" \u1345\u120b\u120b\u1275 ","startDuration":"4.9731","endDuration":"5.5697","wordfile":[{"path":"audios\/wordfile-67156890c7e1f.wav","mime":"audio\/x-wav","copyright":{"license":"U"}}]},{"text":" \u1270\u12d8\u122d\u130a\u1210\u1295\u1361\u1361 ","startDuration":"5.5707","endDuration":"6.3226","wordfile":[{"path":"audios\/wordfile-671568b734e59.wav","mime":"audio\/x-wav","copyright":{"license":"U"}}]},{"text":" \u12a5\u1272 ","startDuration":"6.3236","endDuration":"6.8858","wordfile":[{"path":"audios\/wordfile-671568cb837e6.wav","mime":"audio\/x-wav","copyright":{"license":"U"}}]},{"text":" \u12a3\u12cd\u1276\u1265\u1235 ","startDuration":"6.8868","endDuration":"7.3282","wordfile":[{"path":"audios\/wordfile-671568f8e21e2.wav","mime":"audio\/x-wav","copyright":{"license":"U"}}]},{"text":" \u12a3\u1260\u12ed ","startDuration":"7.3292","endDuration":"7.5982","wordfile":[{"path":"audios\/wordfile-67156914d885b.wav","mime":"audio\/x-wav","copyright":{"license":"U"}}]},{"text":" \u12a3\u120e? ","startDuration":"7.5992","endDuration":"7.9889","wordfile":[{"path":"audios\/wordfile-6715693cad98d.wav","mime":"audio\/x-wav","copyright":{"license":"U"}}]},{"text":" \u1276\u120e ","startDuration":"7.9899","endDuration":"8.4486","wordfile":[{"path":"audios\/wordfile-671569571b4a8.wav","mime":"audio\/x-wav","copyright":{"license":"U"}}]},{"text":" \u1260\u1209! ","startDuration":"8.4496","endDuration":"8.9509","wordfile":[{"path":"audios\/wordfile-671569746181e.wav","mime":"audio\/x-wav","copyright":{"license":"U"}}]}],"files":[{"path":"audios\/files-671434e5c6d3b.mp3","mime":"audio\/mpeg","copyright":{"license":"U"}}]},"subContentId":"ec2b6ff6-4547-487a-b1f5-a8aacc23b865","metadata":{"contentType":"Curious Reader Audio","license":"U","title":"Untitled Curious Reader Audio"}},"backgroundOpacity":0,"willDoAnimation":false,"animationType":"glow","displayAsButton":false,"buttonSize":"big","goToSlideType":"specified","invisible":false},{"x":66.07142857142857,"y":21.164021164021165,"width":26.071428571428573,"height":26.807760141093475,"action":{"library":"H5P.Image 1.1","params":{"contentName":"Image"},"subContentId":"8123f95a-5e83-4db5-aff7-ea25de7d08d7","metadata":{"contentType":"Image","license":"U","title":"Untitled Image"}},"backgroundOpacity":0,"willDoAnimation":true,"animationType":"glow","displayAsButton":false,"buttonSize":"big","goToSlideType":"specified","invisible":false,"id":"imgec2b6ff6-4547-487a-b1f5-a8aacc23b865_5"}]},{"slideBackgroundSelector":{},"elements":[{"x":3.289473684210526,"y":6.497894682122992,"width":94.13898026315789,"height":87.7115064719031,"action":{"library":"H5P.Image 1.1","params":{"contentName":"Image","file":{"path":"images\/file-66f3dcd5b9f08.jpg","mime":"image\/jpeg","copyright":{"license":"U"},"width":1280,"height":720}},"subContentId":"ea37013f-109e-447b-af90-5d3782d9b260","metadata":{"contentType":"Image","license":"U","title":"Untitled Image"}},"backgroundOpacity":0,"willDoAnimation":false,"animationType":"glow","displayAsButton":false,"buttonSize":"big","goToSlideType":"specified","invisible":false},{"x":14.284930555555556,"y":74.06839646906316,"width":79.859375,"height":17.63654259003958,"action":{"library":"H5P.CRAdvancedText 1.1","params":{"text":"<p><span style=\"font-size:1.5em;color:hsl(0,0%,100%);\"><strong>\u121b\u12ed \u12ed\u12c8\u1245\u12d5 \u12a3\u120e\u1361\u1361 \u12a5\u1273 \u1356\u120a\u1235 \u122e\u12db \u1345\u120b\u120d \u1212\u12db \u12a0\u120b\u1361\u1361 \u1238\u12cd\u12d3\u1270 \u1345\u120b\u120b\u1275 \u1270\u12d8\u122d\u130a\u1210\u1295\u1361\u1361 \u12a5\u1272 \u12a3\u12cd\u1276\u1265\u1235 \u12a3\u1260\u12ed \u12a3\u120e? \u1276\u120e \u1260\u1209!<\/strong><\/span><\/p>"},"subContentId":"85a92062-455e-46e8-8fd4-b75111124579","metadata":{"contentType":"Text","license":"U","title":"Untitled Text"}},"alwaysDisplayComments":false,"backgroundOpacity":0,"willDoAnimation":false,"animationType":"glow","displayAsButton":false,"buttonSize":"big","goToSlideType":"specified","invisible":false,"solution":""},{"x":47.000553571428576,"y":44.00169312169312,"width":40,"height":40,"action":{"library":"H5P.CRAudio 1.4","params":{"fitToWrapper":true,"currIndex":8,"playerMode":"minimalistic","controls":true,"autoplay":true,"playAudio":"Play audio","pauseAudio":"Pause audio","contentName":"Audio","glowColor":"#ffd85a","timeStampForEachText":[{"text":" \u121b\u12ed ","startDuration":"0.0000","endDuration":"0.2860","wordfile":[{"path":"audios\/wordfile-67156babc74d0.wav","mime":"audio\/x-wav","copyright":{"license":"U"}}]},{"text":" \u12ed\u12c8\u1245\u12d5 ","startDuration":"0.2870","endDuration":"0.6322","wordfile":[{"path":"audios\/wordfile-67156bc9d66ee.wav","mime":"audio\/x-wav","copyright":{"license":"U"}}]},{"text":" \u12a3\u120e\u1361\u1361 ","startDuration":"0.6332","endDuration":"1.1719","wordfile":[{"path":"audios\/wordfile-67156be1b93bc.wav","mime":"audio\/x-wav","copyright":{"license":"U"}}]},{"text":" \u12a5\u1273 ","startDuration":"1.1729","endDuration":"1.6804","wordfile":[{"path":"audios\/wordfile-67156c127c31d.wav","mime":"audio\/x-wav","copyright":{"license":"U"}}]},{"text":" \u1356\u120a\u1235 ","startDuration":"1.6804","endDuration":"2.2998","wordfile":[{"path":"audios\/wordfile-67156c6b31164.wav","mime":"audio\/x-wav","copyright":{"license":"U"}}]},{"text":" \u122e\u12db ","startDuration":"2.3008","endDuration":"2.9040","wordfile":[{"path":"audios\/wordfile-67156c9f43ee6.wav","mime":"audio\/x-wav","copyright":{"license":"U"}}]},{"text":" \u1345\u120b\u120d ","startDuration":"2.9050","endDuration":"3.1695","wordfile":[{"path":"audios\/wordfile-67156caca64f2.wav","mime":"audio\/x-wav","copyright":{"license":"U"}}]},{"text":" \u1212\u12db ","startDuration":"3.1705","endDuration":"3.4834","wordfile":[{"path":"audios\/wordfile-67156cd176bf8.wav","mime":"audio\/x-wav","copyright":{"license":"U"}}]},{"text":" \u12a0\u120b\u1361\u1361 ","startDuration":"3.4844","endDuration":"4.0876","wordfile":[{"path":"audios\/wordfile-67156ce87a2e2.wav","mime":"audio\/x-wav","copyright":{"license":"U"}}]},{"text":" \u1238\u12cd\u12d3\u1270 ","startDuration":"4.0886","endDuration":"4.6435","wordfile":[{"path":"audios\/wordfile-67156d07e2dfc.wav","mime":"audio\/x-wav","copyright":{"license":"U"}}]},{"text":" \u1345\u120b\u120b\u1275 ","startDuration":"4.6606","endDuration":"5.1994","wordfile":[{"path":"audios\/wordfile-67156d2f6e32c.wav","mime":"audio\/x-wav","copyright":{"license":"U"}}]},{"text":" \u1270\u12d8\u122d\u130a\u1210\u1295\u1361\u1361 ","startDuration":"5.2004","endDuration":"6.2392","wordfile":[{"path":"audios\/wordfile-67156d41766b3.wav","mime":"audio\/x-wav","copyright":{"license":"U"}}]},{"text":" \u12a5\u1272 ","startDuration":"6.2402","endDuration":"6.6176","wordfile":[{"path":"audios\/wordfile-67156d65664e1.wav","mime":"audio\/x-wav","copyright":{"license":"U"}}]},{"text":" \u12a3\u12cd\u1276\u1265\u1235 ","startDuration":"6.6186","endDuration":"7.1251","wordfile":[{"path":"audios\/wordfile-67156d8021202.wav","mime":"audio\/x-wav","copyright":{"license":"U"}}]},{"text":" \u12a3\u1260\u12ed ","startDuration":"7.1261","endDuration":"7.3261","wordfile":[{"path":"audios\/wordfile-67156d934ce62.wav","mime":"audio\/x-wav","copyright":{"license":"U"}}]},{"text":" \u12a3\u120e? ","startDuration":"7.3271","endDuration":"7.7690","wordfile":[{"path":"audios\/wordfile-67156db8a48f0.wav","mime":"audio\/x-wav","copyright":{"license":"U"}}]},{"text":" \u1276\u120e ","startDuration":"7.7700","endDuration":"8.1797","wordfile":[{"path":"audios\/wordfile-67156dd26ddd7.wav","mime":"audio\/x-wav","copyright":{"license":"U"}}]},{"text":" \u1260\u1209! ","startDuration":"8.1807","endDuration":"8.6226","wordfile":[{"path":"audios\/wordfile-67156decaefaa.wav","mime":"audio\/x-wav","copyright":{"license":"U"}}]}],"files":[{"path":"audios\/files-67143520429f5.mp3","mime":"audio\/mpeg","copyright":{"license":"U"}}]},"subContentId":"4a07c1a4-246e-4244-bebc-42f895d191f3","metadata":{"contentType":"Curious Reader Audio","license":"U","title":"Untitled Curious Reader Audio"}},"backgroundOpacity":0,"willDoAnimation":false,"animationType":"glow","displayAsButton":false,"buttonSize":"big","goToSlideType":"specified","invisible":false},{"x":71.18055555555556,"y":13.714136779220423,"width":22.638194444444444,"height":19.190484029163837,"action":{"library":"H5P.Image 1.1","params":{"contentName":"Image"},"subContentId":"ab8f436a-43bf-4b44-b832-50dc2831f6ff","metadata":{"contentType":"Image","license":"U","title":"Untitled Image"}},"backgroundOpacity":0,"willDoAnimation":true,"animationType":"glow","displayAsButton":false,"buttonSize":"big","goToSlideType":"specified","invisible":false,"id":"img4a07c1a4-246e-4244-bebc-42f895d191f3_5"}]},{"slideBackgroundSelector":{},"elements":[{"x":3.5714285714285716,"y":7.0546737213403885,"width":94.13898026315789,"height":87.7115064719031,"action":{"library":"H5P.Image 1.1","params":{"contentName":"Image","file":{"path":"images\/file-66f3dceb9d235.jpg","mime":"image\/jpeg","copyright":{"license":"U"},"width":1280,"height":720}},"subContentId":"ea37013f-109e-447b-af90-5d3782d9b260","metadata":{"contentType":"Image","license":"U","title":"Untitled Image"}},"backgroundOpacity":0,"willDoAnimation":false,"animationType":"glow","displayAsButton":false,"buttonSize":"big","goToSlideType":"specified","invisible":false,"id":""},{"x":14.802631578947366,"y":67.01278785673442,"width":76.26611842105262,"height":27.15918542392265,"action":{"library":"H5P.CRAdvancedText 1.1","params":{"text":"<p><span style=\"font-size:1.5em;color:hsl(0,0%,100%);\"><strong>&nbsp;\u121b\u12ed \u12ed\u12c8\u1245\u12d5 \u12a3\u120e\u1361\u1361 \u12a5\u1272 \u1230\u122b\u1215\u1270\u129b \u121d\u12ad\u120d\u12ab\u120d \u1213\u12f0\u130b \u1213\u12ca \u1230\u1218\u12eb\u12ca \u1345\u120b\u120d \u1212\u12d9 \u12a0\u120e\u1361\u1361 \u1238\u121e\u1295\u1270 \u1345\u120b\u120b\u1275 \u1270\u12d8\u122d\u130a\u1210\u1295\u1361\u1361 \u12a5\u1272 \u12a3\u12cd\u1276\u1265\u1235 \u12a3\u1260\u12ed \u12a3\u120e? \u1276\u120e \u1260\u1209!<\/strong><\/span><\/p>"},"subContentId":"c3d8e063-7f17-4272-8b10-107438a4c51e","metadata":{"contentType":"Text","license":"U","title":"Untitled Text"}},"alwaysDisplayComments":false,"backgroundOpacity":0,"willDoAnimation":false,"animationType":"glow","displayAsButton":false,"buttonSize":"big","goToSlideType":"specified","invisible":false,"solution":""},{"x":47.000553571428576,"y":44.00169312169312,"width":40,"height":40,"action":{"library":"H5P.CRAudio 1.4","params":{"fitToWrapper":true,"currIndex":9,"playerMode":"minimalistic","controls":true,"autoplay":true,"playAudio":"Play audio","pauseAudio":"Pause audio","contentName":"Audio","glowColor":"#ffd85a","timeStampForEachText":[{"text":" \u00a0\u121b\u12ed ","startDuration":"0.0000","endDuration":"0.2941","wordfile":[{"path":"audios\/wordfile-6715592bd86b8.wav","mime":"audio\/x-wav","copyright":{"license":"U"}}]},{"text":" \u12ed\u12c8\u1245\u12d5 ","startDuration":"0.2951","endDuration":"0.6517","wordfile":[{"path":"audios\/wordfile-6715593f9bbf2.wav","mime":"audio\/x-wav","copyright":{"license":"U"}}]},{"text":" \u12a3\u120e\u1361\u1361 ","startDuration":"0.6527","endDuration":"1.1855","wordfile":[{"path":"audios\/wordfile-6715594e8ed2d.wav","mime":"audio\/x-wav","copyright":{"license":"U"}}]},{"text":" \u12a5\u1272 ","startDuration":"1.1865","endDuration":"1.5040","wordfile":[{"path":"audios\/wordfile-6715596cdef32.wav","mime":"audio\/x-wav","copyright":{"license":"U"}}]},{"text":" \u1230\u122b\u1215\u1270\u129b ","startDuration":"1.5050","endDuration":"2.3902","wordfile":[{"path":"audios\/wordfile-6715599b536ca.wav","mime":"audio\/x-wav","copyright":{"license":"U"}}]},{"text":" \u121d\u12ad\u120d\u12ab\u120d ","startDuration":"2.3912","endDuration":"2.9838","wordfile":[{"path":"audios\/wordfile-671559be7b38d.wav","mime":"audio\/x-wav","copyright":{"license":"U"}}]},{"text":" \u1213\u12f0\u130b ","startDuration":"2.9838","endDuration":"3.4383","wordfile":[{"path":"audios\/wordfile-671559d576da3.wav","mime":"audio\/x-wav","copyright":{"license":"U"}}]},{"text":" \u1213\u12ca ","startDuration":"3.4393","endDuration":"3.9134","wordfile":[{"path":"audios\/wordfile-67155a1ac6380.wav","mime":"audio\/x-wav","copyright":{"license":"U"}}]},{"text":" \u1230\u1218\u12eb\u12ca ","startDuration":"3.9144","endDuration":"4.7409","wordfile":[{"path":"audios\/wordfile-67155a353d24b.wav","mime":"audio\/x-wav","copyright":{"license":"U"}}]},{"text":" \u1345\u120b\u120d ","startDuration":"4.7419","endDuration":"5.1377","wordfile":[{"path":"audios\/wordfile-67155a5b124ad.wav","mime":"audio\/x-wav","copyright":{"license":"U"}}]},{"text":" \u1212\u12d9 ","startDuration":"5.1387","endDuration":"5.3779","wordfile":[{"path":"audios\/wordfile-67155a6aed96a.wav","mime":"audio\/x-wav","copyright":{"license":"U"}}]},{"text":" \u12a0\u120e\u1361\u1361 ","startDuration":"5.3789","endDuration":"5.7943","wordfile":[{"path":"audios\/wordfile-67155a8c8f90c.wav","mime":"audio\/x-wav","copyright":{"license":"U"}}]},{"text":" \u1238\u121e\u1295\u1270 ","startDuration":"5.7953","endDuration":"6.4456","wordfile":[{"path":"audios\/wordfile-67155a9ee6e70.wav","mime":"audio\/x-wav","copyright":{"license":"U"}}]},{"text":" \u1345\u120b\u120b\u1275 ","startDuration":"6.4466","endDuration":"6.9011","wordfile":[{"path":"audios\/wordfile-67155ac2b9f62.wav","mime":"audio\/x-wav","copyright":{"license":"U"}}]},{"text":" \u1270\u12d8\u122d\u130a\u1210\u1295\u1361\u1361 ","startDuration":"6.9021","endDuration":"7.8265","wordfile":[{"path":"audios\/wordfile-67155ad95f439.wav","mime":"audio\/x-wav","copyright":{"license":"U"}}]},{"text":" \u12a5\u1272 ","startDuration":"7.8275","endDuration":"8.3016","wordfile":[{"path":"audios\/wordfile-67155afaa58d0.wav","mime":"audio\/x-wav","copyright":{"license":"U"}}]},{"text":" \u12a3\u12cd\u1276\u1265\u1235 ","startDuration":"8.3026","endDuration":"8.7375","wordfile":[{"path":"audios\/wordfile-67155b1aea3dc.wav","mime":"audio\/x-wav","copyright":{"license":"U"}}]},{"text":" \u12a3\u1260\u12ed ","startDuration":"8.6406","endDuration":"8.9581","wordfile":[{"path":"audios\/wordfile-67155b429790b.wav","mime":"audio\/x-wav","copyright":{"license":"U"}}]},{"text":" \u12a3\u120e? ","startDuration":"8.9591","endDuration":"9.3353","wordfile":[{"path":"audios\/wordfile-67155b611bd04.wav","mime":"audio\/x-wav","copyright":{"license":"U"}}]},{"text":" \u1276\u120e ","startDuration":"9.3363","endDuration":"9.7321","wordfile":[{"path":"audios\/wordfile-67155b825ec4b.wav","mime":"audio\/x-wav","copyright":{"license":"U"}}]},{"text":" \u1260\u1209! ","startDuration":"9.7331","endDuration":"10.1607","wordfile":[{"path":"audios\/wordfile-67155b9d8d93c.wav","mime":"audio\/x-wav","copyright":{"license":"U"}}]}],"files":[{"path":"audios\/files-67143559a287b.mp3","mime":"audio\/mpeg","copyright":{"license":"U"}}]},"subContentId":"6c15ce8b-443f-4787-9ed9-17b85a5260bf","metadata":{"contentType":"Curious Reader Audio","license":"U","title":"Untitled Curious Reader Audio"}},"backgroundOpacity":0,"willDoAnimation":false,"animationType":"glow","displayAsButton":false,"buttonSize":"big","goToSlideType":"specified","invisible":false},{"x":1.7745535714285714,"y":15.167548500881834,"width":23.75,"height":21.296296296296298,"action":{"library":"H5P.Image 1.1","params":{"contentName":"Image"},"subContentId":"4ca639da-8513-4e3b-bab4-79d5a85ff843","metadata":{"contentType":"Image","license":"U","title":"Untitled Image"}},"backgroundOpacity":0,"willDoAnimation":true,"animationType":"glow","displayAsButton":false,"buttonSize":"big","goToSlideType":"specified","invisible":false,"id":"img6c15ce8b-443f-4787-9ed9-17b85a5260bf_8"}]},{"slideBackgroundSelector":{},"elements":[{"x":3.289473684210526,"y":6.497894682122992,"width":94.13898026315789,"height":87.7115064719031,"action":{"library":"H5P.Image 1.1","params":{"contentName":"Image","file":{"path":"images\/file-66f3dd22215d3.jpg","mime":"image\/jpeg","copyright":{"license":"U"},"width":1280,"height":720}},"subContentId":"ea37013f-109e-447b-af90-5d3782d9b260","metadata":{"contentType":"Image","license":"U","title":"Untitled Image"}},"backgroundOpacity":0,"willDoAnimation":false,"animationType":"glow","displayAsButton":false,"buttonSize":"big","goToSlideType":"specified","invisible":false},{"x":8.928571428571429,"y":74.07407407407408,"width":85.71428571428572,"height":17.63668430335097,"action":{"library":"H5P.CRAdvancedText 1.1","params":{"text":"<p><span style=\"font-size:1.5em;color:hsl(0,0%,100%);\"><strong>\u121b\u12ed \u12ed\u12c8\u1245\u12d5 \u12a3\u120e\u1361\u1361 \u12a5\u1273 \u1219\u12da\u1240\u129b \u1250\u12ed\u1215 \u1345\u120b\u120d \u1212\u12db \u12a0\u120b\u1361\u1361 \u1275\u123d\u12d3\u1270 \u1345\u120b\u120b\u1275 \u1270\u12d8\u122d\u130a\u1210\u1295\u1361\u1361 \u12a5\u1272 \u12a3\u12cd\u1276\u1265\u1235 \u12a3\u1260\u12ed \u12a3\u120e? \u1276\u120e \u1260\u1209!<\/strong><\/span><\/p>"},"subContentId":"6092035c-6c80-4a5d-9745-396083cbc687","metadata":{"contentType":"Text","license":"U","title":"Untitled Text"}},"alwaysDisplayComments":false,"backgroundOpacity":0,"willDoAnimation":false,"animationType":"glow","displayAsButton":false,"buttonSize":"big","goToSlideType":"specified","invisible":false,"solution":""},{"x":47.000553571428576,"y":44.00169312169312,"width":40,"height":40,"action":{"library":"H5P.CRAudio 1.4","params":{"fitToWrapper":true,"currIndex":10,"playerMode":"minimalistic","controls":true,"autoplay":true,"playAudio":"Play audio","pauseAudio":"Pause audio","contentName":"Audio","glowColor":"#ffd85a","timeStampForEachText":[{"text":" \u121b\u12ed ","startDuration":"0.0000","endDuration":"0.2346","wordfile":[{"path":"audios\/wordfile-67155002e89db.wav","mime":"audio\/x-wav","copyright":{"license":"U"}}]},{"text":" \u12ed\u12c8\u1245\u12d5 ","startDuration":"0.2356","endDuration":"0.6172","wordfile":[{"path":"audios\/wordfile-671550152ae46.wav","mime":"audio\/x-wav","copyright":{"license":"U"}}]},{"text":" \u12a3\u120e\u1361\u1361 ","startDuration":"0.6182","endDuration":"1.2804","wordfile":[{"path":"audios\/wordfile-6715502a826c8.wav","mime":"audio\/x-wav","copyright":{"license":"U"}}]},{"text":" \u12a5\u1273 ","startDuration":"1.2814","endDuration":"1.6135","wordfile":[{"path":"audios\/wordfile-6715504f105e6.wav","mime":"audio\/x-wav","copyright":{"license":"U"}}]},{"text":" \u1219\u12da\u1240\u129b ","startDuration":"1.6145","endDuration":"2.5738","wordfile":[{"path":"audios\/wordfile-6715505f3fea3.wav","mime":"audio\/x-wav","copyright":{"license":"U"}}]},{"text":" \u1250\u12ed\u1215 ","startDuration":"2.5738","endDuration":"2.9884","wordfile":[{"path":"audios\/wordfile-6715509dac03c.wav","mime":"audio\/x-wav","copyright":{"license":"U"}}]},{"text":" \u1345\u120b\u120d ","startDuration":"2.9894","endDuration":"3.3710","wordfile":[{"path":"audios\/wordfile-671550c3b5179.wav","mime":"audio\/x-wav","copyright":{"license":"U"}}]},{"text":" \u1212\u12db ","startDuration":"3.3710","endDuration":"3.5545","wordfile":[{"path":"audios\/wordfile-671550df76e49.wav","mime":"audio\/x-wav","copyright":{"license":"U"}}]},{"text":" \u12a0\u120b\u1361\u1361 ","startDuration":"3.5545","endDuration":"4.0681","wordfile":[{"path":"audios\/wordfile-671550f1caf33.wav","mime":"audio\/x-wav","copyright":{"license":"U"}}]},{"text":" \u1275\u123d\u12d3\u1270 ","startDuration":"4.0681","endDuration":"4.6973","wordfile":[{"path":"audios\/wordfile-67155100ab356.wav","mime":"audio\/x-wav","copyright":{"license":"U"}}]},{"text":" \u1345\u120b\u120b\u1275 ","startDuration":"4.6973","endDuration":"5.1119","wordfile":[{"path":"audios\/wordfile-6715510db24f7.wav","mime":"audio\/x-wav","copyright":{"license":"U"}}]},{"text":" \u1270\u12d8\u122d\u130a\u1210\u1295\u1361\u1361 ","startDuration":"5.1119","endDuration":"6.0217","wordfile":[{"path":"audios\/wordfile-6715511cbf3b0.wav","mime":"audio\/x-wav","copyright":{"license":"U"}}]},{"text":" \u12a5\u1272 ","startDuration":"6.0217","endDuration":"6.3538","wordfile":[{"path":"audios\/wordfile-6715512dcf43e.wav","mime":"audio\/x-wav","copyright":{"license":"U"}}]},{"text":" \u12a3\u12cd\u1276\u1265\u1235 ","startDuration":"6.3538","endDuration":"6.9665","wordfile":[{"path":"audios\/wordfile-671551439d2e2.wav","mime":"audio\/x-wav","copyright":{"license":"U"}}]},{"text":" \u12a3\u1260\u12ed ","startDuration":"6.9665","endDuration":"7.2490","wordfile":[{"path":"audios\/wordfile-67155155df59d.wav","mime":"audio\/x-wav","copyright":{"license":"U"}}]},{"text":" \u12a3\u120e? ","startDuration":"7.2490","endDuration":"7.7461","wordfile":[{"path":"audios\/wordfile-671551651d031.wav","mime":"audio\/x-wav","copyright":{"license":"U"}}]},{"text":" \u1276\u120e ","startDuration":"7.7461","endDuration":"8.2267","wordfile":[{"path":"audios\/wordfile-6715517b75ee7.wav","mime":"audio\/x-wav","copyright":{"license":"U"}}]},{"text":" \u1260\u1209! ","startDuration":"8.2267","endDuration":"8.5643","wordfile":[{"path":"audios\/wordfile-6715518a21a86.wav","mime":"audio\/x-wav","copyright":{"license":"U"}}]}],"files":[{"path":"audios\/files-67143599db5c8.mp3","mime":"audio\/mpeg","copyright":{"license":"U"}}]},"subContentId":"ead60823-a401-4eca-ba42-1fed7b016eaf","metadata":{"contentType":"Curious Reader Audio","license":"U","title":"Untitled Curious Reader Audio"}},"backgroundOpacity":0,"willDoAnimation":false,"animationType":"glow","displayAsButton":false,"buttonSize":"big","goToSlideType":"specified","invisible":false},{"x":76.78571428571429,"y":28.218694885361554,"width":20.357142857142858,"height":26.807760141093475,"action":{"library":"H5P.Image 1.1","params":{"contentName":"Image"},"subContentId":"0ea081d0-333f-4730-a238-9b953fff03d5","metadata":{"contentType":"Image","license":"U","title":"Untitled Image"}},"backgroundOpacity":0,"willDoAnimation":true,"animationType":"glow","displayAsButton":false,"buttonSize":"big","goToSlideType":"specified","invisible":false,"id":"imgead60823-a401-4eca-ba42-1fed7b016eaf_5"}]},{"slideBackgroundSelector":{},"elements":[{"x":3.289473684210526,"y":3.248947341061496,"width":94.13898026315789,"height":87.7115064719031,"action":{"library":"H5P.Image 1.1","params":{"contentName":"Image","file":{"path":"images\/file-66f3dd38a81a2.jpg","mime":"image\/jpeg","copyright":{"license":"U"},"width":1280,"height":720}},"subContentId":"ea37013f-109e-447b-af90-5d3782d9b260","metadata":{"contentType":"Image","license":"U","title":"Untitled Image"}},"backgroundOpacity":0,"willDoAnimation":false,"animationType":"glow","displayAsButton":false,"buttonSize":"big","goToSlideType":"specified","invisible":false},{"x":12.5,"y":70.54673721340389,"width":74.64285714285715,"height":17.63668430335097,"action":{"library":"H5P.CRAdvancedText 1.1","params":{"text":"<p><span style=\"font-size:1.5em;color:hsl(0,0%,100%);\"><strong>\u121b\u12ed \u12ed\u12c8\u1245\u12d5 \u12a3\u120e\u1361\u1361 \u12a5\u1273 \u1230\u12a3\u120a\u1275 \u1265\u132b \u1345\u120b\u120d \u1212\u12db \u12a0\u120b\u1361\u1361 \u12d3\u1230\u122d\u1270 \u1345\u120b\u120b\u1275 \u1270\u12d8\u122d\u130a\u1210\u1295\u1361\u1361 \u12a5\u1272 \u12a3\u12cd\u1276\u1265\u1235 \u12a3\u1260\u12ed \u12a3\u120e? \u1276\u120e \u1260\u1209!<\/strong><\/span><\/p>"},"subContentId":"2cae577e-2d31-4871-b83d-ae528bb75070","metadata":{"contentType":"Text","license":"U","title":"Untitled Text"}},"alwaysDisplayComments":false,"backgroundOpacity":0,"willDoAnimation":false,"animationType":"glow","displayAsButton":false,"buttonSize":"big","goToSlideType":"specified","invisible":false,"solution":""},{"x":47.000553571428576,"y":44.00169312169312,"width":40,"height":40,"action":{"library":"H5P.CRAudio 1.4","params":{"fitToWrapper":true,"currIndex":11,"playerMode":"minimalistic","controls":true,"autoplay":true,"playAudio":"Play audio","pauseAudio":"Pause audio","contentName":"Audio","glowColor":"#ffd85a","timeStampForEachText":[{"text":" \u121b\u12ed ","startDuration":"0.0000","endDuration":"0.2654","wordfile":[{"path":"audios\/wordfile-671437f08161c.wav","mime":"audio\/x-wav","copyright":{"license":"U"}}]},{"text":" \u12ed\u12c8\u1245\u12d5 ","startDuration":"0.1941","endDuration":"0.5741","wordfile":[{"path":"audios\/wordfile-671437e51e137.wav","mime":"audio\/x-wav","copyright":{"license":"U"}}]},{"text":" \u12a3\u120e\u1361\u1361 ","startDuration":"0.5751","endDuration":"1.2659","wordfile":[{"path":"audios\/wordfile-6714380b69379.wav","mime":"audio\/x-wav","copyright":{"license":"U"}}]},{"text":" \u12a5\u1273 ","startDuration":"1.2669","endDuration":"1.6469","wordfile":[{"path":"audios\/wordfile-6714382fbbc1c.wav","mime":"audio\/x-wav","copyright":{"license":"U"}}]},{"text":" \u1230\u12a3\u120a\u1275 ","startDuration":"1.6479","endDuration":"2.5187","wordfile":[{"path":"audios\/wordfile-6714384f0d902.wav","mime":"audio\/x-wav","copyright":{"license":"U"}}]},{"text":" \u1265\u132b ","startDuration":"2.4706","endDuration":"2.9160","wordfile":[{"path":"audios\/wordfile-6714387738abd.wav","mime":"audio\/x-wav","copyright":{"license":"U"}}]},{"text":" \u1345\u120b\u120d ","startDuration":"2.9170","endDuration":"3.3788","wordfile":[{"path":"audios\/wordfile-67143888abbb7.wav","mime":"audio\/x-wav","copyright":{"license":"U"}}]},{"text":" \u1212\u12db ","startDuration":"3.3134","endDuration":"3.5624","wordfile":[{"path":"audios\/wordfile-671438a7a1049.wav","mime":"audio\/x-wav","copyright":{"license":"U"}}]},{"text":" \u12a0\u120b\u1361\u1361 ","startDuration":"3.5634","endDuration":"4.0579","wordfile":[{"path":"audios\/wordfile-671438d6b9395.wav","mime":"audio\/x-wav","copyright":{"license":"U"}}]},{"text":" \u12d3\u1230\u122d\u1270 ","startDuration":"4.0589","endDuration":"4.7661","wordfile":[{"path":"audios\/wordfile-671438f826107.wav","mime":"audio\/x-wav","copyright":{"license":"U"}}]},{"text":" \u1345\u120b\u120b\u1275 ","startDuration":"4.7671","endDuration":"5.3925","wordfile":[{"path":"audios\/wordfile-6714391c92664.wav","mime":"audio\/x-wav","copyright":{"license":"U"}}]},{"text":" \u1270\u12d8\u122d\u130a\u1210\u1295\u1361\u1361 ","startDuration":"5.2626","endDuration":"5.9534","wordfile":[{"path":"audios\/wordfile-6714393e8f531.wav","mime":"audio\/x-wav","copyright":{"license":"U"}}]},{"text":" \u12a5\u1272 ","startDuration":"5.9544","endDuration":"6.5143","wordfile":[{"path":"audios\/wordfile-6714396750d84.wav","mime":"audio\/x-wav","copyright":{"license":"U"}}]},{"text":" \u12a3\u12cd\u1276\u1265\u1235 ","startDuration":"6.5153","endDuration":"6.9443","wordfile":[{"path":"audios\/wordfile-67143988689c7.wav","mime":"audio\/x-wav","copyright":{"license":"U"}}]},{"text":" \u12a3\u1260\u12ed ","startDuration":"6.9453","endDuration":"7.1780","wordfile":[{"path":"audios\/wordfile-671439b8b026d.wav","mime":"audio\/x-wav","copyright":{"license":"U"}}]},{"text":" \u12a3\u120e? ","startDuration":"7.1790","endDuration":"7.6571","wordfile":[{"path":"audios\/wordfile-671439de8a4fe.wav","mime":"audio\/x-wav","copyright":{"license":"U"}}]},{"text":" \u1276\u120e ","startDuration":"7.6581","endDuration":"8.0544","wordfile":[{"path":"audios\/wordfile-67143a0bc6f19.wav","mime":"audio\/x-wav","copyright":{"license":"U"}}]},{"text":" \u1260\u1209! ","startDuration":"8.0554","endDuration":"8.4911","wordfile":[{"path":"audios\/wordfile-67143a34c52d4.wav","mime":"audio\/x-wav","copyright":{"license":"U"}}]}],"files":[{"path":"audios\/files-671435db28e86.mp3","mime":"audio\/mpeg","copyright":{"license":"U"}}]},"subContentId":"f665b602-9e47-48b2-9dab-b38a8e9f42ba","metadata":{"contentType":"Curious Reader Audio","license":"U","title":"Untitled Curious Reader Audio"}},"backgroundOpacity":0,"willDoAnimation":false,"animationType":"glow","displayAsButton":false,"buttonSize":"big","goToSlideType":"specified","invisible":false},{"x":1.7857142857142858,"y":31.746031746031747,"width":18.92857142857143,"height":19.753086419753085,"action":{"library":"H5P.Image 1.1","params":{"contentName":"Image"},"subContentId":"006afaf2-b167-4c24-a5f5-7763261fccea","metadata":{"contentType":"Image","license":"U","title":"Untitled Image"}},"backgroundOpacity":0,"willDoAnimation":true,"animationType":"glow","displayAsButton":false,"buttonSize":"big","goToSlideType":"specified","invisible":false,"id":"imgf665b602-9e47-48b2-9dab-b38a8e9f42ba_5"}]},{"slideBackgroundSelector":{},"elements":[{"x":3.289473684210526,"y":6.497894682122992,"width":94.13898026315789,"height":87.7115064719031,"action":{"library":"H5P.Image 1.1","params":{"contentName":"Image","file":{"path":"images\/file-66f3dd50e2615.jpg","mime":"image\/jpeg","copyright":{"license":"U"},"width":1280,"height":720}},"subContentId":"ea37013f-109e-447b-af90-5d3782d9b260","metadata":{"contentType":"Image","license":"U","title":"Untitled Image"}},"backgroundOpacity":0,"willDoAnimation":false,"animationType":"glow","displayAsButton":false,"buttonSize":"big","goToSlideType":"specified","invisible":false},{"x":32.89473684210526,"y":81.22368352653741,"width":39.99967105263158,"height":12.992410459011282,"action":{"library":"H5P.CRAdvancedText 1.1","params":{"text":"<p><span style=\"font-size:1.5em;color:hsl(0, 0%, 100%);\"><strong>\u12a5\u1273 \u12a3\u12cd\u1276\u1265\u1235 \u1218\u1342\u12a3!<\/strong><\/span><\/p>"},"subContentId":"59261984-6fa3-4b0c-98e6-78deedc4854b","metadata":{"contentType":"Text","license":"U","title":"Untitled Text"}},"alwaysDisplayComments":false,"backgroundOpacity":0,"willDoAnimation":false,"animationType":"glow","displayAsButton":false,"buttonSize":"big","goToSlideType":"specified","invisible":false,"solution":""},{"x":47.00006578947369,"y":44.0012898320944,"width":40,"height":40,"action":{"library":"H5P.CRAudio 1.4","params":{"fitToWrapper":true,"currIndex":12,"playerMode":"minimalistic","controls":true,"autoplay":true,"playAudio":"Play audio","pauseAudio":"Pause audio","contentName":"Audio","glowColor":"#ffd85a","timeStampForEachText":[{"text":" \u12a5\u1273 ","startDuration":"0","endDuration":"0.2657","wordfile":[{"path":"audios\/wordfile-66fe739e46872.wav","mime":"audio\/x-wav","copyright":{"license":"U"}}]},{"text":" \u12a3\u12cd\u1276\u1265\u1235 ","startDuration":"0.2657","endDuration":"0.7900","wordfile":[{"path":"audios\/wordfile-66fe73b5774a2.wav","mime":"audio\/x-wav","copyright":{"license":"U"}}]},{"text":" \u1218\u1342\u12a3! ","startDuration":"0.7900","endDuration":"1.2768","wordfile":[{"path":"audios\/wordfile-66fe73c7a5c1a.wav","mime":"audio\/x-wav","copyright":{"license":"U"}}]}],"files":[{"path":"audios\/files-66fd18349dacf.wav","mime":"audio\/x-wav","copyright":{"license":"U"}}]},"subContentId":"fc5d9aaa-b621-498e-bcd4-6bf95ffd3547","metadata":{"contentType":"Curious Reader Audio","license":"U","title":"Untitled Curious Reader Audio"}},"backgroundOpacity":0,"willDoAnimation":false,"animationType":"glow","displayAsButton":false,"buttonSize":"big","goToSlideType":"specified","invisible":false}]},{"slideBackgroundSelector":{},"elements":[{"x":3.289473684210526,"y":6.497894682122992,"width":94.13898026315789,"height":87.7115064719031,"action":{"library":"H5P.Image 1.1","params":{"contentName":"Image","file":{"path":"images\/file-66f3dd6f621c9.jpg","mime":"image\/jpeg","copyright":{"license":"U"},"width":1280,"height":720}},"subContentId":"ea37013f-109e-447b-af90-5d3782d9b260","metadata":{"contentType":"Image","license":"U","title":"Untitled Image"}},"backgroundOpacity":0,"willDoAnimation":false,"animationType":"glow","displayAsButton":false,"buttonSize":"big","goToSlideType":"specified","invisible":false},{"x":29.605263157894736,"y":77.9747361854759,"width":46.05098684210527,"height":16.24135780007278,"action":{"library":"H5P.CRAdvancedText 1.1","params":{"text":"<p><span style=\"font-size:1.5em;color:hsl(0, 0%, 100%);\"><strong>\u1320\u1320\u12cd \u12a5\u1295\u1275\u1295\u1265\u120d \u121b\u12ed \u1308\u1342\u1263\u1275\u1293!<\/strong><\/span><\/p>"},"subContentId":"0d8ad39e-db45-4634-88f2-7e4e27964e8b","metadata":{"contentType":"Text","license":"U","title":"Untitled Text"}},"alwaysDisplayComments":false,"backgroundOpacity":0,"willDoAnimation":false,"animationType":"glow","displayAsButton":false,"buttonSize":"big","goToSlideType":"specified","invisible":false,"solution":""},{"x":47.00006578947369,"y":44.0012898320944,"width":40,"height":40,"action":{"library":"H5P.CRAudio 1.4","params":{"fitToWrapper":true,"currIndex":13,"playerMode":"minimalistic","controls":true,"autoplay":true,"playAudio":"Play audio","pauseAudio":"Pause audio","contentName":"Audio","glowColor":"#ffd85a","timeStampForEachText":[{"text":" \u1320\u1320\u12cd ","startDuration":"0.0000","endDuration":"0.3850","wordfile":[{"path":"audios\/wordfile-6701796debd1b.wav","mime":"audio\/x-wav","copyright":{"license":"U"}}]},{"text":" \u12a5\u1295\u1275\u1295\u1265\u120d ","startDuration":"0.3850","endDuration":"0.9916","wordfile":[{"path":"audios\/wordfile-66fe732ce564b.wav","mime":"audio\/x-wav","copyright":{"license":"U"}}]},{"text":" \u121b\u12ed ","startDuration":"0.9926","endDuration":"1.3041","wordfile":[{"path":"audios\/wordfile-66fe7353674dd.wav","mime":"audio\/x-wav","copyright":{"license":"U"}}]},{"text":" \u1308\u1342\u1263\u1275\u1293! ","startDuration":"1.3051","endDuration":"2.0402","wordfile":[{"path":"audios\/wordfile-66fe736eb7f41.wav","mime":"audio\/x-wav","copyright":{"license":"U"}}]}],"files":[{"path":"audios\/files-66fd187d9b41f.wav","mime":"audio\/x-wav","copyright":{"license":"U"}}]},"subContentId":"298c9301-8bfe-4856-899a-84c2f0b47f9d","metadata":{"contentType":"Curious Reader Audio","license":"U","title":"Untitled Curious Reader Audio"}},"backgroundOpacity":0,"willDoAnimation":false,"animationType":"glow","displayAsButton":false,"buttonSize":"big","goToSlideType":"specified","invisible":false}]},{"slideBackgroundSelector":{},"elements":[{"x":3.289473684210526,"y":6.497894682122992,"width":94.13898026315789,"height":87.7115064719031,"action":{"library":"H5P.Image 1.1","params":{"contentName":"Image","file":{"path":"images\/file-66f3dd7da2bdb.jpg","mime":"image\/jpeg","copyright":{"license":"U"},"width":1280,"height":720}},"subContentId":"ea37013f-109e-447b-af90-5d3782d9b260","metadata":{"contentType":"Image","license":"U","title":"Untitled Image"}},"backgroundOpacity":0,"willDoAnimation":false,"animationType":"glow","displayAsButton":false,"buttonSize":"big","goToSlideType":"specified","invisible":false},{"x":13.157894736842104,"y":77.96791339605969,"width":77.69161184210526,"height":16.237978894838072,"action":{"library":"H5P.CRAdvancedText 1.1","params":{"text":"<p><span style=\"font-size:1.5em;color:hsl(0, 0%, 100%);\"><strong>\u1345\u120b\u120d \u1212\u12dd\u12ab \u121d\u1235\u134b\u122d \u12a3\u12ed\u134d\u1240\u12f5\u1295 \u12a2\u1209 \u12a5\u1272 \u12d8\u12cb\u122a \u12a3\u12cd\u1276\u1265\u1235!<\/strong><\/span><\/p>"},"subContentId":"d3af3852-87da-4875-bcf5-8a0011fdd756","metadata":{"contentType":"Text","license":"U","title":"Untitled Text"}},"alwaysDisplayComments":false,"backgroundOpacity":0,"willDoAnimation":false,"animationType":"glow","displayAsButton":false,"buttonSize":"big","goToSlideType":"specified","invisible":false,"solution":""},{"x":47.00006578947369,"y":44.0012898320944,"width":40,"height":40,"action":{"library":"H5P.CRAudio 1.4","params":{"fitToWrapper":true,"currIndex":14,"playerMode":"minimalistic","controls":true,"autoplay":true,"playAudio":"Play audio","pauseAudio":"Pause audio","contentName":"Audio","glowColor":"#ffd85a","files":[{"path":"audios\/files-66fd18c10293d.wav","mime":"audio\/x-wav","copyright":{"license":"U"}}],"timeStampForEachText":[{"text":" \u1345\u120b\u120d ","startDuration":"0.0000","endDuration":"0.4112","wordfile":[{"path":"audios\/wordfile-66fe70f91c81b.wav","mime":"audio\/x-wav","copyright":{"license":"U"}}]},{"text":" \u1212\u12dd\u12ab ","startDuration":"0.3911","endDuration":"0.8797","wordfile":[{"path":"audios\/wordfile-66fe712223f28.wav","mime":"audio\/x-wav","copyright":{"license":"U"}}]},{"text":" \u121d\u1235\u134b\u122d ","startDuration":"0.8807","endDuration":"1.3552","wordfile":[{"path":"audios\/wordfile-66fe713797920.wav","mime":"audio\/x-wav","copyright":{"license":"U"}}]},{"text":" \u12a3\u12ed\u134d\u1240\u12f5\u1295 ","startDuration":"1.3562","endDuration":"2.1334","wordfile":[{"path":"audios\/wordfile-66fe71674ab43.wav","mime":"audio\/x-wav","copyright":{"license":"U"}}]},{"text":" \u12a2\u1209 ","startDuration":"2.1344","endDuration":"2.5737","wordfile":[{"path":"audios\/wordfile-66fe71811c713.wav","mime":"audio\/x-wav","copyright":{"license":"U"}}]},{"text":" \u12a5\u1272 ","startDuration":"2.5747","endDuration":"2.9296","wordfile":[{"path":"audios\/wordfile-67014d10efeb8.wav","mime":"audio\/x-wav","copyright":{"license":"U"}}]},{"text":" \u12d8\u12cb\u122a ","startDuration":"2.9306","endDuration":"3.3277","wordfile":[{"path":"audios\/wordfile-67014d25a32d1.wav","mime":"audio\/x-wav","copyright":{"license":"U"}}]},{"text":" \u12a3\u12cd\u1276\u1265\u1235! ","startDuration":"3.3498","endDuration":"3.9862","wordfile":[{"path":"audios\/wordfile-67014cfcc6894.wav","mime":"audio\/x-wav","copyright":{"license":"U"}}]}]},"subContentId":"6777204d-76a6-4147-86ab-21b93ff74af8","metadata":{"contentType":"Curious Reader Audio","license":"U","title":"Untitled Curious Reader Audio"}},"backgroundOpacity":0,"willDoAnimation":false,"animationType":"glow","displayAsButton":false,"buttonSize":"big","goToSlideType":"specified","invisible":false},{"x":9.868421052631579,"y":25.99157872849197,"width":40,"height":40,"action":{"library":"H5P.Image 1.1","params":{"contentName":"Image"},"subContentId":"c523e271-6143-41ba-9510-380464aaa79c","metadata":{"contentType":"Image","license":"U","title":"Untitled Image"}},"backgroundOpacity":0,"willDoAnimation":true,"animationType":"glow","displayAsButton":false,"buttonSize":"big","goToSlideType":"specified","invisible":false,"id":"img6777204d-76a6-4147-86ab-21b93ff74af8_6"}]},{"slideBackgroundSelector":{},"elements":[{"x":3.5714285714285716,"y":7.0546737213403885,"width":94.13898026315789,"height":87.7115064719031,"action":{"library":"H5P.Image 1.1","params":{"contentName":"Image","file":{"path":"images\/file-6710b8bb944d0.png","mime":"image\/png","copyright":{"license":"U"},"width":1169,"height":657}},"subContentId":"ea37013f-109e-447b-af90-5d3782d9b260","metadata":{"contentType":"Image","license":"U","title":"Untitled Image"}},"backgroundOpacity":0,"willDoAnimation":false,"animationType":"glow","displayAsButton":false,"buttonSize":"big","goToSlideType":"specified","invisible":false},{"x":19.642857142857142,"y":74.07407407407408,"width":60.714285714285715,"height":21.164021164021165,"action":{"library":"H5P.CRAdvancedText 1.1","params":{"text":"<p><span style=\"font-size:1.5em;color:hsl(0,0%,100%);\"><strong>\u121b\u12ed \u12ed\u12c8\u1245\u12d5 \u12a3\u120e\u1361\u1361 \u12a5\u1276\u121d \u1270\u1233\u1348\u122d\u1272 \u133d\u120b\u120e\u121d \u1308\u12f2\u134e\u121d \u1293\u1265\u1273 \u12a3\u12cd\u1276\u1265\u1235 \u1270\u1230\u1252\u120e\u121d<\/strong><\/span><\/p>"},"subContentId":"d67926b4-e7de-48a8-b8c2-579e31aa64d7","metadata":{"contentType":"Text","license":"U","title":"Untitled Text"}},"alwaysDisplayComments":false,"backgroundOpacity":0,"willDoAnimation":false,"animationType":"glow","displayAsButton":false,"buttonSize":"big","goToSlideType":"specified","invisible":false,"solution":""},{"x":47.000553571428576,"y":44.00169312169312,"width":40,"height":40,"action":{"library":"H5P.CRAudio 1.4","params":{"fitToWrapper":true,"currIndex":15,"playerMode":"minimalistic","controls":true,"autoplay":true,"playAudio":"Play audio","pauseAudio":"Pause audio","contentName":"Audio","glowColor":"#ffd85a","timeStampForEachText":[{"text":" \u121b\u12ed ","startDuration":"0.0000","endDuration":"0.2432","wordfile":[{"path":"audios\/wordfile-6714362c5de04.wav","mime":"audio\/x-wav","copyright":{"license":"U"}}]},{"text":" \u12ed\u12c8\u1245\u12d5 ","startDuration":"0.2432","endDuration":"0.6269","wordfile":[{"path":"audios\/wordfile-6714365e3037d.wav","mime":"audio\/x-wav","copyright":{"license":"U"}}]},{"text":" \u12a3\u120e\u1361\u1361 ","startDuration":"0.6279","endDuration":"1.2492","wordfile":[{"path":"audios\/wordfile-6714366e39600.wav","mime":"audio\/x-wav","copyright":{"license":"U"}}]},{"text":" \u12a5\u1276\u121d ","startDuration":"1.2502","endDuration":"1.6771","wordfile":[{"path":"audios\/wordfile-6714368668ef4.wav","mime":"audio\/x-wav","copyright":{"license":"U"}}]},{"text":" \u1270\u1233\u1348\u122d\u1272 ","startDuration":"1.6781","endDuration":"2.5479","wordfile":[{"path":"audios\/wordfile-671436a3afc4a.wav","mime":"audio\/x-wav","copyright":{"license":"U"}}]},{"text":" \u133d\u120b\u120e\u121d ","startDuration":"2.5489","endDuration":"3.2567","wordfile":[{"path":"audios\/wordfile-671436d3f35b4.wav","mime":"audio\/x-wav","copyright":{"license":"U"}}]},{"text":" \u1308\u12f2\u134e\u121d ","startDuration":"3.2577","endDuration":"3.8142","wordfile":[{"path":"audios\/wordfile-671436f120722.wav","mime":"audio\/x-wav","copyright":{"license":"U"}}]},{"text":" \u1293\u1265\u1273 ","startDuration":"3.8152","endDuration":"4.4473","wordfile":[{"path":"audios\/wordfile-6714370843e9c.wav","mime":"audio\/x-wav","copyright":{"license":"U"}}]},{"text":" \u12a3\u12cd\u1276\u1265\u1235 ","startDuration":"4.4483","endDuration":"4.8860","wordfile":[{"path":"audios\/wordfile-67143723668d2.wav","mime":"audio\/x-wav","copyright":{"license":"U"}}]},{"text":" \u1270\u1230\u1252\u120e\u121d ","startDuration":"4.8870","endDuration":"5.6071","wordfile":[{"path":"audios\/wordfile-6714374059e58.wav","mime":"audio\/x-wav","copyright":{"license":"U"}}]}],"files":[{"path":"audios\/files-67143619d798a.mp3","mime":"audio\/mpeg","copyright":{"license":"U"}}]},"subContentId":"319eb9ef-4c08-4c54-965e-c96b299f2fd0","metadata":{"contentType":"Curious Reader Audio","license":"U","title":"Untitled Curious Reader Audio"}},"backgroundOpacity":0,"willDoAnimation":false,"animationType":"glow","displayAsButton":false,"buttonSize":"big","goToSlideType":"specified","invisible":false}]},{"slideBackgroundSelector":{},"elements":[{"x":3.289473684210526,"y":6.497894682122992,"width":94.13898026315789,"height":87.7115064719031,"action":{"library":"H5P.Image 1.1","params":{"contentName":"Image","file":{"path":"images\/file-66f3dda801d95.jpg","mime":"image\/jpeg","copyright":{"license":"U"},"width":1280,"height":720}},"subContentId":"ea37013f-109e-447b-af90-5d3782d9b260","metadata":{"contentType":"Image","license":"U","title":"Untitled Image"}},"backgroundOpacity":0,"willDoAnimation":false,"animationType":"glow","displayAsButton":false,"buttonSize":"big","goToSlideType":"specified","invisible":false},{"x":13.157894736842104,"y":74.71896605499819,"width":78.94572368421052,"height":19.483547330664866,"action":{"library":"H5P.CRAdvancedText 1.1","params":{"text":"<p><span style=\"font-size:1.5em;color:hsl(0, 0%, 100%);\"><strong>\u12a5\u1270\u1295 \u12d3\u1230\u122d\u1270 \u1345\u120b\u120b\u1275 \u1265\u1295\u134b\u1235 \u12a5\u1295\u1275\u1260\u122b \u12a5\u1273 \u12a3\u12cd\u1276\u1265\u1235 \u12a5\u12cd\u1295 \u1270\u1232\u12a3 \u12b8\u12ed\u12f3\u1363 \u1340\u1210\u12ed\u12cd\u1295 \u12ab\u1265\u1271 \u12f0\u1218\u1293 \u121d\u12cd\u1343\u12a5 \u1300\u121a\u122b\u1361\u1361<\/strong><\/span><\/p>"},"subContentId":"fd029ecb-bcd6-4b2f-b863-31b0965f453b","metadata":{"contentType":"Text","license":"U","title":"Untitled Text"}},"alwaysDisplayComments":false,"backgroundOpacity":0,"willDoAnimation":false,"animationType":"glow","displayAsButton":false,"buttonSize":"big","goToSlideType":"specified","invisible":false,"solution":""},{"x":47.00006578947369,"y":44.0012898320944,"width":40,"height":40,"action":{"library":"H5P.CRAudio 1.4","params":{"fitToWrapper":true,"currIndex":16,"playerMode":"minimalistic","controls":true,"autoplay":true,"playAudio":"Play audio","pauseAudio":"Pause audio","contentName":"Audio","glowColor":"#ffd85a","timeStampForEachText":[{"text":" \u12a5\u1270\u1295 ","startDuration":"0.0000","endDuration":"0.3038","wordfile":[{"path":"audios\/wordfile-66fd2011d5ec8.wav","mime":"audio\/x-wav","copyright":{"license":"U"}}]},{"text":" \u12d3\u1230\u122d\u1270 ","startDuration":"0.3048","endDuration":"0.7460","wordfile":[{"path":"audios\/wordfile-66fd2038c5b1f.wav","mime":"audio\/x-wav","copyright":{"license":"U"}}]},{"text":" \u1345\u120b\u120b\u1275 ","startDuration":"0.7470","endDuration":"1.4861","wordfile":[{"path":"audios\/wordfile-66fd2050bc183.wav","mime":"audio\/x-wav","copyright":{"license":"U"}}]},{"text":" \u1265\u1295\u134b\u1235 ","startDuration":"1.4871","endDuration":"2.2121","wordfile":[{"path":"audios\/wordfile-66fd220574c8c.wav","mime":"audio\/x-wav","copyright":{"license":"U"}}]},{"text":" \u12a5\u1295\u1275\u1260\u122b ","startDuration":"2.2131","endDuration":"2.8104","wordfile":[{"path":"audios\/wordfile-66fd222e045b1.wav","mime":"audio\/x-wav","copyright":{"license":"U"}}]},{"text":" \u12a5\u1273 ","startDuration":"2.8114","endDuration":"3.3235","wordfile":[{"path":"audios\/wordfile-66fd22613d325.wav","mime":"audio\/x-wav","copyright":{"license":"U"}}]},{"text":" \u12a3\u12cd\u1276\u1265\u1235 ","startDuration":"3.3245","endDuration":"3.7089","wordfile":[{"path":"audios\/wordfile-66fd22aa3f527.wav","mime":"audio\/x-wav","copyright":{"license":"U"}}]},{"text":" \u12a5\u12cd\u1295 ","startDuration":"3.7099","endDuration":"4.1937","wordfile":[{"path":"audios\/wordfile-6717b23a38d91.wav","mime":"audio\/x-wav","copyright":{"license":"U"}}]},{"text":" \u1270\u1232\u12a3 ","startDuration":"4.1947","endDuration":"4.5650","wordfile":[{"path":"audios\/wordfile-66fd23b82bd50.wav","mime":"audio\/x-wav","copyright":{"license":"U"}}]},{"text":" \u12b8\u12ed\u12f3\u1363 ","startDuration":"4.5660","endDuration":"5.1065","wordfile":[{"path":"audios\/wordfile-66fd23dceeb78.wav","mime":"audio\/x-wav","copyright":{"license":"U"}}]},{"text":" \u1340\u1210\u12ed\u12cd\u1295 ","startDuration":"5.1075","endDuration":"6.3858","wordfile":[{"path":"audios\/wordfile-66fd24034a3d8.wav","mime":"audio\/x-wav","copyright":{"license":"U"}}]},{"text":" \u12ab\u1265\u1271 ","startDuration":"6.3442","endDuration":"6.7570","wordfile":[{"path":"audios\/wordfile-66fd244021e0f.wav","mime":"audio\/x-wav","copyright":{"license":"U"}}]},{"text":" \u12f0\u1218\u1293 ","startDuration":"6.7580","endDuration":"7.1566","wordfile":[{"path":"audios\/wordfile-66fd245cb0f45.wav","mime":"audio\/x-wav","copyright":{"license":"U"}}]},{"text":" \u121d\u12cd\u1343\u12a5 ","startDuration":"7.1576","endDuration":"7.5420","wordfile":[{"path":"audios\/wordfile-66fd2496f3d50.wav","mime":"audio\/x-wav","copyright":{"license":"U"}}]},{"text":" \u1300\u121a\u122b\u1361\u1361 ","startDuration":"7.5430","endDuration":"8.0446","wordfile":[{"path":"audios\/wordfile-66fd24bcbc2d4.wav","mime":"audio\/x-wav","copyright":{"license":"U"}}]}],"files":[{"path":"audios\/files-66fd195c4343d.wav","mime":"audio\/x-wav","copyright":{"license":"U"}}]},"subContentId":"b0c58271-609f-45d0-af46-690e0d90d729","metadata":{"contentType":"Curious Reader Audio","license":"U","title":"Untitled Curious Reader Audio"}},"backgroundOpacity":0,"willDoAnimation":false,"animationType":"glow","displayAsButton":false,"buttonSize":"big","goToSlideType":"specified","invisible":false},{"x":29.605263157894736,"y":16.24473670530748,"width":39.99967105263158,"height":53.75318396839425,"action":{"library":"H5P.Image 1.1","params":{"contentName":"Image"},"subContentId":"6f0fd28c-fa91-42ed-99aa-f590cb4913c1","metadata":{"contentType":"Image","license":"U","title":"Untitled Image"}},"backgroundOpacity":0,"willDoAnimation":true,"animationType":"glow","displayAsButton":false,"buttonSize":"big","goToSlideType":"specified","invisible":false,"id":"imgb0c58271-609f-45d0-af46-690e0d90d729_10"}]},{"elements":[{"x":3.286052631578947,"y":6.491136871653584,"width":94.13898026315789,"height":87.71832926131934,"action":{"library":"H5P.Image 1.1","params":{"contentName":"Image","file":{"path":"images\/file-672f1a7a9fc1e.png","mime":"image\/png","copyright":{"license":"U"},"width":1797,"height":940}},"subContentId":"fa14e568-b28e-4124-9566-38fb0fd7f440","metadata":{"contentType":"Image","license":"U","title":"Untitled Image"}},"backgroundOpacity":0,"willDoAnimation":false,"animationType":"glow","displayAsButton":false,"buttonSize":"big","goToSlideType":"specified","invisible":false}],"slideBackgroundSelector":{}}],"keywordListEnabled":true,"globalBackgroundSelector":{},"keywordListAlwaysShow":false,"keywordListAutoHide":false,"keywordListOpacity":90},"override":{"activeSurface":false,"hideSummarySlide":false,"summarySlideSolutionButton":true,"summarySlideRetryButton":true,"enablePrintButton":false,"social":{"showFacebookShare":false,"facebookShare":{"url":"@currentpageurl","quote":"I scored @score out of @maxScore on a task at @currentpageurl."},"showTwitterShare":false,"twitterShare":{"statement":"I scored @score out of @maxScore on a task at @currentpageurl.","url":"@currentpageurl","hashtags":"h5p, course"},"showGoogleShare":false,"googleShareUrl":"@currentpageurl"}},"l10n":{"slide":"Slide","score":"Score","yourScore":"Your Score","maxScore":"Max Score","total":"Total","totalScore":"Total Score","showSolutions":"Show solutions","retry":"Retry","exportAnswers":"Export text","hideKeywords":"Hide sidebar navigation menu","showKeywords":"Show sidebar navigation menu","fullscreen":"Fullscreen","exitFullscreen":"Exit fullscreen","prevSlide":"Previous slide","nextSlide":"Next slide","currentSlide":"Current slide","lastSlide":"Last slide","solutionModeTitle":"Exit solution mode","solutionModeText":"Solution Mode","summaryMultipleTaskText":"Multiple tasks","scoreMessage":"You achieved:","shareFacebook":"Share on Facebook","shareTwitter":"Share on Twitter","shareGoogle":"Share on Google+","summary":"Summary","solutionsButtonTitle":"Show comments","printTitle":"Print","printIngress":"How would you like to print this presentation?","printAllSlides":"Print all slides","printCurrentSlide":"Print current slide","noTitle":"No title","accessibilitySlideNavigationExplanation":"Use left and right arrow to change slide in that direction whenever canvas is selected.","accessibilityCanvasLabel":"Presentation canvas. Use left and right arrow to move between slides.","containsNotCompleted":"@slideName contains not completed interaction","containsCompleted":"@slideName contains completed interaction","slideCount":"Slide @index of @total","containsOnlyCorrect":"@slideName only has correct answers","containsIncorrectAnswers":"@slideName has incorrect answers","shareResult":"Share Result","accessibilityTotalScore":"You got @score of @maxScore points in total","accessibilityEnteredFullscreen":"Entered fullscreen","accessibilityExitedFullscreen":"Exited fullscreen"}}