{"showCoverPage":true,"chapters":[{"params":{"content":[{"content":{"params":{"contentName":"Image","file":{"path":"images\/file-a70b96ccc7a5ae1972040e038f5e8bf0.jpg","mime":"image\/jpeg","copyright":{"license":"CC BY","version":"4.0"},"width":959,"height":459},"alt":"\u0647\u0644\u06a9 \u062a\u0627\u0642\u0686\u06d0 \u062a\u0647 \u0644\u0627\u0633 \u0648\u0631\u0648\u0693\u064a."},"library":"H5P.Image 1.1","metadata":{"contentType":"Image","license":"CC BY","licenseVersion":"4.0","source":"https:\/\/digitallibrary.io\/","title":"Untitled Image"},"subContentId":"65c2c280-6468-4186-a630-553a61f8aa6f"},"useSeparator":"auto"},{"content":{"params":{"contentName":"Image","file":{"path":"images\/file-1088b6d732161819888481bc20863e7c.jpg","mime":"image\/jpeg","copyright":{"license":"CC BY","version":"4.0"},"width":1024,"height":680},"alt":"\u067e\u0647 \u062f\u06d0 \u0627\u0646\u0681\u0648\u0631 \u06a9\u06d0 \u062f \u00ab\u0631\u0648\u0645 \u067c\u0648 \u0631\u06cc\u0689\u00bb \u0644\u0648\u06ab\u0648 \u06ab\u0648\u0631\u0626"},"library":"H5P.Image 1.1","metadata":{"contentType":"Image","license":"CC BY","licenseVersion":"4.0","source":"https:\/\/digitallibrary.io\/","title":"Untitled Image"},"subContentId":"fac4de53-fe46-4a83-bf98-92d8bbeaf21d"},"useSeparator":"auto"},{"content":{"params":{"text":"<p><strong>\u0644\u0648\u0693 \u0627\u0648 \u067c\u06cc\u067c&nbsp;<\/strong><\/p>\n\n<p>&nbsp;\u0644\u06cc\u06a9\u0648\u0627\u0644\u0647: \u0647\u0648\u06cc \u0686\u06d0\u0646\u06ab \u0631\u0627\u062a\u0627\u0646\u0627&nbsp;<\/p>\n\n<p>\u0627\u0646\u0681\u0648\u0631\u06ab\u0631: \u0633\u06cc\u067c \u0633\u0648\u0641\u06cc\u067e&nbsp;<\/p>\n\n<p>\u0698\u0628\u0627\u0693\u0647: \u0634\u06d0\u0631 \u062e\u0627\u0646 \u0634\u0647\u06cc\u0631&nbsp;<\/p>\n"},"library":"H5P.AdvancedText 1.1","metadata":{"contentType":"Text","license":"CC BY","title":"Untitled Text","licenseVersion":"4.0"},"subContentId":"5f514eb5-43cd-4b21-beef-a652017b4a72"},"useSeparator":"auto"}]},"subContentId":"d0a04ac5-1905-4c0e-bbe1-0a37adffd96d","library":"H5P.Column 1.12","metadata":{"contentType":"Column","license":"CC BY","title":"\u0644\u0648\u0645\u0693\u06cc \u0645\u062e","licenseVersion":"4.0"}},{"params":{"content":[{"content":{"params":{"contentName":"Image","file":{"path":"images\/file-55eb7dd7ba2b63c15fb95d3e12c8927d.jpg","mime":"image\/jpeg","copyright":{"license":"CC BY","version":"4.0"},"width":639,"height":918},"alt":"\u0633\u0693\u06cc \u0644\u0647 \u0644\u0648\u0693\u06d0 \u062a\u0627\u0642\u0686\u06d0 \u062e\u0648\u0644\u06cd \u0631\u0627 \u0627\u062e\u0644\u064a."},"library":"H5P.Image 1.1","metadata":{"contentType":"Image","license":"CC BY","licenseVersion":"4.0","source":"https:\/\/digitallibrary.io\/","title":"Untitled Image"},"subContentId":"6ca8cdef-42df-4e9f-9590-e763c19ec119"},"useSeparator":"auto"},{"content":{"params":{"text":"<p style=\"text-align: center;\">&nbsp;\u067e\u0644\u0627\u0631 \u0632\u0645\u0627 \u062e\u0648\u0644\u06cd \u0631\u0627 \u0627\u062e\u0644\u064a.&nbsp;<\/p>\n"},"library":"H5P.AdvancedText 1.1","metadata":{"contentType":"Text","license":"CC BY","title":"Untitled Text","licenseVersion":"4.0"},"subContentId":"0cb32276-a391-48df-89ad-fae8330da575"},"useSeparator":"auto"}]},"subContentId":"80d30dc3-a26e-40b6-acca-3450c15b101b","library":"H5P.Column 1.12","metadata":{"contentType":"Column","license":"CC BY","title":"\u062f\u0648\u06cc\u0645 \u0645\u062e","licenseVersion":"4.0"}},{"params":{"content":[{"content":{"params":{"contentName":"Image","file":{"path":"images\/file-2fb987641b75facf62d9330fa4cf793d.jpg","mime":"image\/jpeg","copyright":{"license":"CC BY","version":"4.0"},"width":639,"height":918},"alt":"\u0633\u0693\u06cc \u0627\u0648 \u0647\u0644\u06a9 \u0644\u0647 \u0644\u0648\u0628\u062a\u06a9\u0648 \u0633\u0631\u0647 \u0648\u0644\u0627\u0693 \u062f\u064a."},"library":"H5P.Image 1.1","metadata":{"contentType":"Image","license":"CC BY","licenseVersion":"4.0","source":"https:\/\/digitallibrary.io\/","title":"Untitled Image"},"subContentId":"d3bd73d8-57ab-47d6-8097-000baeec07f2"},"useSeparator":"auto"},{"content":{"params":{"text":"<p>\u067e\u0644\u0627\u0631 \u0644\u0648\u0693 \u062f\u06cc.&nbsp;<\/p>\n"},"library":"H5P.AdvancedText 1.1","metadata":{"contentType":"Text","license":"CC BY","title":"Untitled Text","licenseVersion":"4.0"},"subContentId":"58f636b3-312e-431d-bc5f-b637f2cfe048"},"useSeparator":"auto"}]},"subContentId":"5bcd04ca-3fde-496e-b398-b7f57429c53b","library":"H5P.Column 1.12","metadata":{"contentType":"Column","license":"CC BY","title":"\u062f\u0631\u06d0\u0645 \u0645\u062e","licenseVersion":"4.0"}},{"params":{"content":[{"content":{"params":{"contentName":"Image","file":{"path":"images\/file-0652f5708962965359d17e40353b05e1.jpg","mime":"image\/jpeg","copyright":{"license":"CC BY","version":"4.0"},"width":639,"height":918},"alt":"\u0645\u0648\u0631 \u0644\u0647 \u0627\u0644\u0645\u0627\u0631\u06cd \u06a9\u0627\u0644\u064a \u0631\u0627 \u0627\u062e\u0644\u064a."},"library":"H5P.Image 1.1","metadata":{"contentType":"Image","license":"CC BY","licenseVersion":"4.0","source":"https:\/\/digitallibrary.io\/","title":"Untitled Image"},"subContentId":"cd4a44c8-a9bb-4b84-90f7-c2f4d973fcc1"},"useSeparator":"auto"},{"content":{"params":{"text":"<p>&nbsp;\u0645\u0648\u0631 \u0632\u0645\u0627 \u06a9\u0645\u06cc\u0633 \u0631\u0627 \u0627\u062e\u0644\u064a.&nbsp;<\/p>\n"},"library":"H5P.AdvancedText 1.1","metadata":{"contentType":"Text","license":"CC BY","title":"Untitled Text","licenseVersion":"4.0"},"subContentId":"4d8a333a-72d6-48ba-acee-75f3a2f52b41"},"useSeparator":"auto"}]},"subContentId":"7417e431-d178-46e0-8343-d3d18dae7f57","library":"H5P.Column 1.12","metadata":{"contentType":"Column","license":"CC BY","title":"\u0685\u0644\u0648\u0631\u0645 \u0645\u062e","licenseVersion":"4.0"}},{"params":{"content":[{"content":{"params":{"contentName":"Image","file":{"path":"images\/file-398ccc82c65639314020f5e81245abbe.jpg","mime":"image\/jpeg","copyright":{"license":"CC BY","version":"4.0"},"width":639,"height":918},"alt":"\u0633\u0693\u06cc \u062f \u0627\u0644\u0645\u0627\u0631\u06cd \u0633\u0631 \u062a\u0647 \u0644\u0627\u0633 \u0648\u0631\u0648\u0693\u064a."},"library":"H5P.Image 1.1","metadata":{"contentType":"Image","license":"CC BY","licenseVersion":"4.0","source":"https:\/\/digitallibrary.io\/","title":"Untitled Image"},"subContentId":"837431cf-3306-473f-868a-27eae859196e"},"useSeparator":"auto"},{"content":{"params":{"text":"<p>\u067e\u0644\u0627\u0631 \u0645\u06d0 \u062a\u0631 \u0645\u0648\u0631 \u0644\u0648\u0693 \u062f\u06cc.&nbsp;<\/p>\n"},"library":"H5P.AdvancedText 1.1","metadata":{"contentType":"Text","license":"CC BY","title":"Untitled Text","licenseVersion":"4.0"},"subContentId":"72d45a65-7415-421d-8ed0-5bb98b629c84"},"useSeparator":"auto"}]},"subContentId":"a4b86df0-622c-4212-8bf1-1ed94e0a4338","library":"H5P.Column 1.12","metadata":{"contentType":"Column","license":"CC BY","title":"\u067e\u0646\u0681\u0645 \u0645\u062e","licenseVersion":"4.0"}},{"params":{"content":[{"content":{"params":{"contentName":"Image","file":{"path":"images\/file-7530ac0dd0f909ebc8c4d1fb246b98d6.jpg","mime":"image\/jpeg","copyright":{"license":"CC BY","version":"4.0"},"width":639,"height":918},"alt":"\u0646\u062c\u0644\u06cd \u062f \u0645\u06d0\u0632 \u067e\u0647 \u0645\u062e \u06a9\u06d0 \u0648\u0644\u0627\u0693\u0647 \u062f\u0647."},"library":"H5P.Image 1.1","metadata":{"contentType":"Image","license":"CC BY","licenseVersion":"4.0","source":"https:\/\/digitallibrary.io\/","title":"Untitled Image"},"subContentId":"caffab6a-1a3c-44dc-97e0-42e3fbbfd810"},"useSeparator":"auto"},{"content":{"params":{"text":"<p>\u062e\u0648\u0631 \u0645\u06d0 \u0632\u0645\u0627 \u06a9\u062a\u0627\u0628 \u0631\u0627 \u0627\u062e\u0644\u064a.&nbsp;<\/p>\n"},"library":"H5P.AdvancedText 1.1","metadata":{"contentType":"Text","license":"CC BY","title":"Untitled Text","licenseVersion":"4.0"},"subContentId":"7901e01e-420a-40a7-80b6-35f077b8e7b1"},"useSeparator":"auto"}]},"subContentId":"3718b22d-bd1a-42c8-8132-f92ecd1b8cbd","library":"H5P.Column 1.12","metadata":{"contentType":"Column","license":"CC BY","title":"\u0634\u067e\u0696\u0645 \u0645\u062e","licenseVersion":"4.0"}},{"params":{"content":[{"content":{"params":{"contentName":"Image","file":{"path":"images\/file-cef2248ec8fedb6873e7c0adf438b83f.jpg","mime":"image\/jpeg","copyright":{"license":"CC BY","version":"4.0"},"width":639,"height":918},"alt":"\u0646\u062c\u0644\u06cd \u06a9\u062a\u0627\u0628 \u067e\u0647 \u0644\u0627\u0633 \u06a9\u06d0 \u0646\u06cc\u0648\u0644\u06cc."},"library":"H5P.Image 1.1","metadata":{"contentType":"Image","license":"CC BY","licenseVersion":"4.0","source":"https:\/\/digitallibrary.io\/","title":"Untitled Image"},"subContentId":"7f542140-97b1-4634-bfdf-0cd859a48e55"},"useSeparator":"auto"},{"content":{"params":{"text":"<p>&nbsp;\u0645\u0648\u0631 \u0645\u06d0 \u062a\u0631 \u062e\u0648\u0631 \u0644\u0648\u0693\u0647 \u062f\u0647.&nbsp;<\/p>\n"},"library":"H5P.AdvancedText 1.1","metadata":{"contentType":"Text","license":"CC BY","title":"Untitled Text","licenseVersion":"4.0"},"subContentId":"9190a103-9ffc-4da6-b03c-736da1843da5"},"useSeparator":"auto"}]},"subContentId":"a937aa6f-28bb-4975-8eee-115a1eda5fd6","library":"H5P.Column 1.12","metadata":{"contentType":"Column","license":"CC BY","title":"\u0627\u0648\u0648\u0645 \u0645\u062e","licenseVersion":"4.0"}},{"params":{"content":[{"content":{"params":{"contentName":"Image","file":{"path":"images\/file-881c7bad009b6af0bc40cf4e03535bbb.jpg","mime":"image\/jpeg","copyright":{"license":"CC BY","version":"4.0"},"width":639,"height":918},"alt":"\u06cc\u0648\u0647 \u0647\u0644\u06a9 \u0628\u06a9\u0633\u0647 \u067e\u0647 \u0644\u0627\u0633 \u06a9\u06d0 \u0646\u06cc\u0648\u0644\u06d0 \u062f\u0647."},"library":"H5P.Image 1.1","metadata":{"contentType":"Image","license":"CC BY","licenseVersion":"4.0","source":"https:\/\/digitallibrary.io\/","title":"Untitled Image"},"subContentId":"721abef4-738e-4a90-afcf-dafcb28dca8a"},"useSeparator":"auto"},{"content":{"params":{"text":"<p>\u0648\u0631\u0648\u0631 \u0645\u06d0 \u0632\u0645\u0627 \u0628\u06a9\u0633\u0647 \u0631\u0627 \u0627\u062e\u0644\u064a.&nbsp;<\/p>\n"},"library":"H5P.AdvancedText 1.1","metadata":{"contentType":"Text","license":"CC BY","title":"Untitled Text","licenseVersion":"4.0"},"subContentId":"2e888920-4883-4aeb-a9cb-2a47620d5d2a"},"useSeparator":"auto"}]},"subContentId":"3be457ca-d021-4e74-97fe-c60940736c93","library":"H5P.Column 1.12","metadata":{"contentType":"Column","license":"CC BY","title":"\u0627\u062a\u0645 \u0645\u062e","licenseVersion":"4.0"}},{"params":{"content":[{"content":{"params":{"contentName":"Image","file":{"path":"images\/file-c4d6ab0dc0b9d54ea039b50ff05f1b71.jpg","mime":"image\/jpeg","copyright":{"license":"CC BY","version":"4.0"},"width":639,"height":918},"alt":"\u06a9\u0648\u0686\u0646\u064a \u0647\u0644\u06a9 \u062e\u0648\u0644\u06cd \u067e\u0631\u0633\u0631 \u06a9\u0693\u06d0 \u0627\u0648 \u0628\u06a9\u0633\u0647 \u06cc\u06d0 \u0634\u0627\u062a\u0647 \u0627\u0686\u0648\u0644\u06cc."},"library":"H5P.Image 1.1","metadata":{"contentType":"Image","license":"CC BY","licenseVersion":"4.0","source":"https:\/\/digitallibrary.io\/","title":"Untitled Image"},"subContentId":"5751a0e0-cd45-4771-8d7a-43dfdb33573f"},"useSeparator":"auto"},{"content":{"params":{"text":"<p>\u062e\u0648\u0631 \u0645\u06d0 \u062a\u0631 \u0648\u0631\u0648\u0631 \u0644\u0648\u0693\u0647 \u062f\u0647.&nbsp;<\/p>\n"},"library":"H5P.AdvancedText 1.1","metadata":{"contentType":"Text","license":"CC BY","title":"Untitled Text","licenseVersion":"4.0"},"subContentId":"eb59f44d-fca7-49fa-a3b0-5a4bdc15d7bc"},"useSeparator":"auto"}]},"subContentId":"eb9aa137-753f-413b-8098-df03fb6d1831","library":"H5P.Column 1.12","metadata":{"contentType":"Column","license":"CC BY","title":"\u0646\u0647\u0645 \u0645\u062e","licenseVersion":"4.0"}},{"params":{"content":[{"content":{"params":{"contentName":"Image","file":{"path":"images\/file-f16d1716ebaddc740d4d1c40c1cb18a1.jpg","mime":"image\/jpeg","copyright":{"license":"CC BY","version":"4.0"},"width":639,"height":918},"alt":"\u062f\u0648\u0627\u0693\u0647 \u0647\u0644\u06a9\u0627\u0646 \u0644\u0647 \u06cc\u0648 \u0628\u0644 \u0633\u0631\u0647 \u062e\u0628\u0631\u06d0 \u06a9\u0648\u064a."},"library":"H5P.Image 1.1","metadata":{"contentType":"Image","license":"CC BY","licenseVersion":"4.0","source":"https:\/\/digitallibrary.io\/","title":"Untitled Image"},"subContentId":"4d1fc1a2-b1bf-4fee-8d9f-7fdd486c3dba"},"useSeparator":"auto"},{"content":{"params":{"text":"<p>&nbsp;\u0648\u0631\u0648\u0631 \u0645\u06d0 \u062a\u0631 \u0645\u0627 \u0644\u0648\u0693 \u062f\u06cc.&nbsp;<\/p>\n"},"library":"H5P.AdvancedText 1.1","metadata":{"contentType":"Text","license":"CC BY","title":"Untitled Text","licenseVersion":"4.0"},"subContentId":"1397a169-63a0-41e7-ba2c-a133b6a680b3"},"useSeparator":"auto"}]},"subContentId":"be31cbaf-66aa-4f33-b608-2b70de6b81d7","library":"H5P.Column 1.12","metadata":{"contentType":"Column","license":"CC BY","title":"\u0644\u0633\u0645 \u0645\u062e","licenseVersion":"4.0"}},{"params":{"content":[{"content":{"params":{"contentName":"Image","file":{"path":"images\/file-1b40ff0321d0a8ad61c0e7c641db9c44.jpg","mime":"image\/jpeg","copyright":{"license":"CC BY","version":"4.0"},"width":639,"height":918},"alt":"\u06a9\u0648\u0631\u0646\u06cd \u06cc\u0648 \u0681\u0627\u06cc \u0648\u0644\u0627\u0693\u0647 \u062f\u0647."},"library":"H5P.Image 1.1","metadata":{"contentType":"Image","license":"CC BY","licenseVersion":"4.0","source":"https:\/\/digitallibrary.io\/","title":"Untitled Image"},"subContentId":"0e9f767d-011e-403e-abe7-1649b245c3ab"},"useSeparator":"auto"},{"content":{"params":{"text":"<p>\u0632\u0647 \u067e\u0647 \u06a9\u0648\u0631\u0646\u06cd \u06a9\u06d0 \u062a\u0631 \u067c\u0648\u0644\u0648 \u067c\u06cc\u067c \u06cc\u0645.&nbsp;<\/p>\n"},"library":"H5P.AdvancedText 1.1","metadata":{"contentType":"Text","license":"CC BY","title":"Untitled Text","licenseVersion":"4.0"},"subContentId":"de346641-c5ad-421d-81e2-9f654d0b616b"},"useSeparator":"auto"}]},"subContentId":"f049fd48-3951-4265-9e8a-c6580e156497","library":"H5P.Column 1.12","metadata":{"contentType":"Column","license":"CC BY","title":"\u06cc\u0648\u0648\u0644\u0633\u0645 \u0645\u062e","licenseVersion":"4.0"}},{"params":{"content":[{"content":{"params":{"contentName":"Image","file":{"path":"images\/file-0b57fc9aea405a8cafc90aecb08d6a0b.jpg","mime":"image\/jpeg","copyright":{"license":"CC BY","version":"4.0"},"width":639,"height":918},"alt":"\u0633\u067e\u06cc \u062f \u06a9\u0648\u0631\u0646\u06cd \u067e\u0631 \u0644\u0648\u0631 \u0648\u0631\u0681\u064a."},"library":"H5P.Image 1.1","metadata":{"contentType":"Image","license":"CC BY","licenseVersion":"4.0","source":"https:\/\/digitallibrary.io\/","title":"Untitled Image"},"subContentId":"128da90e-f4ef-4e57-b1c2-fc3796e9ce5b"},"useSeparator":"auto"},{"content":{"params":{"text":"<p>&nbsp;\u06cc\u0648\u0647 \u0634\u06d0\u0628\u0647! \u062f\u0627 \u0632\u0645\u0648\u0696 \u067e\u0627\u067e\u064a\u060c \u062c\u0648\u062c\u0648\u060c \u062f\u06cc.&nbsp;<\/p>\n"},"library":"H5P.AdvancedText 1.1","metadata":{"contentType":"Text","license":"CC BY","title":"Untitled Text","licenseVersion":"4.0"},"subContentId":"c70f5be8-2cb0-4a3f-a003-3c6056ccd9e3"},"useSeparator":"auto"}]},"subContentId":"3b11b895-fe70-4997-ae4b-0b8c74cb9ae5","library":"H5P.Column 1.12","metadata":{"contentType":"Column","license":"CC BY","title":"\u062f\u0648\u0644\u0633\u0645 \u0645\u062e","licenseVersion":"4.0"}},{"params":{"content":[{"content":{"params":{"contentName":"Image","file":{"path":"images\/file-55e42395ed74327528f2b5971e4eedab.jpg","mime":"image\/jpeg","copyright":{"license":"CC BY","version":"4.0"},"width":479,"height":687},"alt":"\u067e\u0627\u067e\u064a \u062f\u0633\u062a \u0645\u0627\u063a\u0648 \u0631\u0627\u0648\u0693\u06cc."},"library":"H5P.Image 1.1","metadata":{"contentType":"Image","license":"CC BY","licenseVersion":"4.0","source":"https:\/\/digitallibrary.io\/","title":"Untitled Image"},"subContentId":"127b6b94-8b7d-4fe3-9ceb-da6a7db42a09"},"useSeparator":"auto"},{"content":{"params":{"text":"<p>\u062c\u0648\u062c\u0648 \u0632\u0645\u0627 \u0685\u067e\u0644\u06cd \u0631\u0627 \u0627\u062e\u0644\u064a.&nbsp;<\/p>\n"},"library":"H5P.AdvancedText 1.1","metadata":{"contentType":"Text","license":"CC BY","title":"Untitled Text","licenseVersion":"4.0"},"subContentId":"708552a2-80b9-4fce-b364-f049a697fffe"},"useSeparator":"auto"}]},"subContentId":"b618ec73-c365-4374-87e8-41fb850c77ad","library":"H5P.Column 1.12","metadata":{"contentType":"Column","license":"CC BY","title":"\u062f\u06cc\u0627\u0631\u0644\u0633\u0645 \u0645\u062e","licenseVersion":"4.0"}},{"params":{"content":[{"content":{"params":{"contentName":"Image","file":{"path":"images\/file-daf149a184f52c76a90bd8fd11ce70f3.jpg","mime":"image\/jpeg","copyright":{"license":"CC BY","version":"4.0"},"width":479,"height":687},"alt":"\u0633\u067e\u06cc \u0644\u0647 \u06a9\u0648\u0631\u0646\u06cd \u0633\u0631\u0647 \u0648\u0644\u0627\u0693 \u062f\u06cc."},"library":"H5P.Image 1.1","metadata":{"contentType":"Image","license":"CC BY","licenseVersion":"4.0","source":"https:\/\/digitallibrary.io\/","title":"Untitled Image"},"subContentId":"5a385f92-a742-4ee2-9ec3-e649d947fd1b"},"useSeparator":"auto"},{"content":{"params":{"text":"<p>\u0647\u0627\u0647\u0627\u0647\u0627! \u062c\u0648\u062c\u0648 \u062a\u0631 \u067c\u0648\u0644\u0648 \u067c\u06cc\u067c \u062f\u06cc.&nbsp;<\/p>\n"},"library":"H5P.AdvancedText 1.1","metadata":{"contentType":"Text","license":"CC BY","title":"Untitled Text","licenseVersion":"4.0"},"subContentId":"bf6bf10e-62c1-4a78-b564-97279d4017f7"},"useSeparator":"auto"}]},"subContentId":"a2910a3e-498d-4f3e-ad6a-705a9f425d5d","library":"H5P.Column 1.12","metadata":{"contentType":"Column","license":"CC BY","title":"\u0685\u0648\u0627\u0631\u0644\u0633\u0645 \u0645\u062e","licenseVersion":"4.0"}},{"params":{"content":[{"content":{"params":{"contentName":"Image","file":{"path":"images\/file-ce4c77131a640c45eebf42a8db336ba3.jpg","mime":"image\/jpeg","copyright":{"license":"CC BY","version":"4.0"},"width":479,"height":687},"alt":"\u0645\u0627\u0634\u0648\u0645 \u0644\u0647 \u067e\u0627\u067e\u064a \u0633\u0631\u0647 \u0644\u0648\u0628\u06d0 \u06a9\u0648\u064a."},"library":"H5P.Image 1.1","metadata":{"contentType":"Image","license":"CC BY","licenseVersion":"4.0","source":"https:\/\/digitallibrary.io\/","title":"Untitled Image"},"subContentId":"a269abb0-9920-481a-9c96-832d6ac665ef"},"useSeparator":"auto"},{"content":{"params":{"text":"<p>\u0647\u0648! \u062c\u0648\u062c\u0648 \u062a\u0631 \u0645\u0627 \u067c\u06cc\u067c \u062f\u06cc.&nbsp;<\/p>\n"},"library":"H5P.AdvancedText 1.1","metadata":{"contentType":"Text","license":"CC BY","title":"Untitled Text","licenseVersion":"4.0"},"subContentId":"ac7724f6-0cf2-4c02-96ab-78457e4b4aea"},"useSeparator":"auto"}]},"subContentId":"5a5bc575-486c-4f7d-995b-0966b5c002f4","library":"H5P.Column 1.12","metadata":{"contentType":"Column","license":"CC BY","title":"\u067e\u0646\u0681\u0644\u0633\u0645 \u0645\u062e","licenseVersion":"4.0"}},{"params":{"content":[{"content":{"params":{"contentName":"Image","file":{"path":"images\/file-ff3afa53edaefb789732cbaace807b4f.jpg","mime":"image\/jpeg","copyright":{"license":"CC BY","version":"4.0"},"width":639,"height":918},"alt":"\u067e\u0627\u067e\u064a \u067e\u0648\u0631\u062a\u0647 \u0647\u0644\u06a9 \u062a\u0647 \u06ab\u0648\u0631\u064a."},"library":"H5P.Image 1.1","metadata":{"contentType":"Image","license":"CC BY","licenseVersion":"4.0","source":"https:\/\/digitallibrary.io\/","title":"Untitled Image"},"subContentId":"e4cce627-2b78-47a4-b860-7fc4aa74accf"},"useSeparator":"auto"},{"content":{"params":{"text":"<p>\u0632\u0647 \u0645\u06d0 \u062a\u0631 \u0648\u0631\u0648\u0631 \u067c\u06cc\u067c \u06cc\u0645.&nbsp;<\/p>\n"},"library":"H5P.AdvancedText 1.1","metadata":{"contentType":"Text","license":"CC BY","title":"Untitled Text","licenseVersion":"4.0"},"subContentId":"e8318e62-3ea4-4a5c-8961-9166323fa460"},"useSeparator":"auto"}]},"subContentId":"d96251ae-b45d-490d-ba9d-05119a94bf21","library":"H5P.Column 1.12","metadata":{"contentType":"Column","license":"CC BY","title":"\u0634\u067e\u0627\u0693\u0633\u0645 \u0645\u062e","licenseVersion":"4.0"}},{"params":{"content":[{"content":{"params":{"contentName":"Image","file":{"path":"images\/file-6eb36965f92a5bad34e3982f1969ae65.jpg","mime":"image\/jpeg","copyright":{"license":"CC BY","version":"4.0"},"width":479,"height":687},"alt":"\u0647\u0644\u06a9 \u0646\u062c\u0644\u06cd \u062a\u0647 \u067e\u0648\u0631\u062a\u0647 \u06ab\u0648\u0631\u064a."},"library":"H5P.Image 1.1","metadata":{"contentType":"Image","license":"CC BY","licenseVersion":"4.0","source":"https:\/\/digitallibrary.io\/","title":"Untitled Image"},"subContentId":"daf3d820-b636-4dcb-80b6-1242c38bc6e3"},"useSeparator":"auto"},{"content":{"params":{"text":"<p>&nbsp;\u0648\u0631\u0648\u0631 \u0645\u06d0 \u062a\u0631 \u062e\u0648\u0631 \u067c\u06cc\u067c \u062f\u06cc.&nbsp;<\/p>\n"},"library":"H5P.AdvancedText 1.1","metadata":{"contentType":"Text","license":"CC BY","title":"Untitled Text","licenseVersion":"4.0"},"subContentId":"6bdf6c7c-7d9f-4ff7-9efb-18d931a62976"},"useSeparator":"auto"}]},"subContentId":"fd864316-77b8-45fe-8f44-f61a1824654a","library":"H5P.Column 1.12","metadata":{"contentType":"Column","license":"CC BY","title":"\u0627\u0648\u0648\u0644\u0633\u0645 \u0645\u062e","licenseVersion":"4.0"}},{"params":{"content":[{"content":{"params":{"contentName":"Image","file":{"path":"images\/file-6e041b6157571349f7276f832da0a852.jpg","mime":"image\/jpeg","copyright":{"license":"CC BY","version":"4.0"},"width":479,"height":687},"alt":"\u0628\u0644 \u0647\u0644\u06a9 \u0644\u0647 \u067e\u0627\u067e\u064a \u0633\u0631\u0647 \u0644\u0648\u0628\u06d0 \u06a9\u0648\u064a."},"library":"H5P.Image 1.1","metadata":{"contentType":"Image","license":"CC BY","licenseVersion":"4.0","source":"https:\/\/digitallibrary.io\/","title":"Untitled Image"},"subContentId":"fe9a709a-8974-436d-9161-590d1c78d854"},"useSeparator":"auto"},{"content":{"params":{"text":"<p>&nbsp;\u062e\u0648\u0631 \u0645\u06d0 \u062a\u0631 \u0645\u0648\u0631 \u067c\u06cc\u067c\u0647 \u062f\u0647.&nbsp;<\/p>\n"},"library":"H5P.AdvancedText 1.1","metadata":{"contentType":"Text","license":"CC BY","title":"Untitled Text","licenseVersion":"4.0"},"subContentId":"6cc7a815-ce59-4f23-99a3-ef1ce7b8ee18"},"useSeparator":"auto"}]},"subContentId":"af06000b-b724-4720-b16d-1c708e2bb94a","library":"H5P.Column 1.12","metadata":{"contentType":"Column","license":"CC BY","title":"\u0627\u062a\u0644\u0633\u0645 \u0645\u062e","licenseVersion":"4.0"}},{"params":{"content":[{"content":{"params":{"contentName":"Image","file":{"path":"images\/file-aab24cb4bc58eab724a1c87367e32bb4.jpg","mime":"image\/jpeg","copyright":{"license":"CC BY","version":"4.0"},"width":479,"height":687},"alt":"\u0646\u062c\u0644\u06cd \u0644\u0647 \u067e\u0627\u067e\u064a \u0633\u0631\u0647 \u0644\u0648\u0628\u06d0 \u06a9\u0648\u064a."},"library":"H5P.Image 1.1","metadata":{"contentType":"Image","license":"CC BY","licenseVersion":"4.0","source":"https:\/\/digitallibrary.io\/","title":"Untitled Image"},"subContentId":"c804ab44-459a-47ad-abec-7427aea8d830"},"useSeparator":"auto"},{"content":{"params":{"text":"<p>&nbsp;\u0645\u0648\u0631 \u0645\u06d0 \u062a\u0631 \u067e\u0644\u0627\u0631 \u067c\u06cc\u067c\u0647 \u062f\u0647.&nbsp;<\/p>\n"},"library":"H5P.AdvancedText 1.1","metadata":{"contentType":"Text","license":"CC BY","title":"Untitled Text","licenseVersion":"4.0"},"subContentId":"ca95b2f5-8c3f-43a3-9092-6a7e4818dd1e"},"useSeparator":"auto"}]},"subContentId":"921a3908-5ab2-4301-9c62-3b49efd13bc5","library":"H5P.Column 1.12","metadata":{"contentType":"Column","license":"CC BY","title":"\u0646\u0648\u0644\u0633\u0645 \u0645\u062e","licenseVersion":"4.0"}},{"params":{"content":[{"content":{"params":{"contentName":"Image","file":{"path":"images\/file-ac0c27a99389ee133a501836eb66fbc5.jpg","mime":"image\/jpeg","copyright":{"license":"CC BY","version":"4.0"},"width":639,"height":918},"alt":"\u06a9\u0648\u0631\u0646\u06cd \u0644\u0647 \u067e\u0627\u067e\u064a \u0633\u0631\u0647 \u06cc\u0648 \u0681\u0627\u06cc \u0648\u0644\u0627\u0693\u0647 \u062f\u0647."},"library":"H5P.Image 1.1","metadata":{"contentType":"Image","license":"CC BY","licenseVersion":"4.0","source":"https:\/\/digitallibrary.io\/","title":"Untitled Image"},"subContentId":"2fc6848d-90a2-4e47-9f8e-e897b77a0558"},"useSeparator":"auto"},{"content":{"params":{"text":"<p>\u0648\u0627\u0648! \u067e\u0644\u0627\u0631 \u062a\u0631 \u067c\u0648\u0644\u0648 \u0644\u0648\u0693 \u062f\u06cc\u060c \u0627\u0648 \u062c\u0648\u062c\u0648 \u062a\u0631 \u067c\u0648\u0644\u0648 \u067c\u06cc\u067c \u062f\u06cc.&nbsp;<\/p>\n"},"library":"H5P.AdvancedText 1.1","metadata":{"contentType":"Text","license":"CC BY","title":"Untitled Text","licenseVersion":"4.0"},"subContentId":"71b94b20-901d-40b3-aef1-0c5d7374a5a1"},"useSeparator":"auto"}]},"subContentId":"31c86d35-351b-4c0c-97a5-a19d79e89ae1","library":"H5P.Column 1.12","metadata":{"contentType":"Column","license":"CC BY","title":"\u0634\u0644\u0645 \u0645\u062e","licenseVersion":"4.0"}},{"params":{"content":[{"content":{"params":{"contentName":"Image","file":{"path":"images\/file-8a1f7cac57501c7c283c87d7a299bcb5.jpg","mime":"image\/jpeg","copyright":{"license":"CC BY","version":"4.0"},"width":959,"height":689},"alt":"\u067c\u0648\u0644\u0647 \u06a9\u0648\u0631\u0646\u06cd \u0645\u0648\u0633\u06a9\u0627 \u06a9\u0648\u064a."},"library":"H5P.Image 1.1","metadata":{"contentType":"Image","license":"CC BY","licenseVersion":"4.0","source":"https:\/\/digitallibrary.io\/","title":"Untitled Image"},"subContentId":"3b350b1e-a51d-4dad-8443-a0b6bc5d5ea9"},"useSeparator":"auto"}]},"subContentId":"8b1c7a70-6dca-4af0-915a-8e75083a5a8c","library":"H5P.Column 1.12","metadata":{"contentType":"Column","license":"CC BY","title":"\u06cc\u0648\u0648\u06cc\u0634\u062a\u0645 \u0645\u062e","licenseVersion":"4.0"}},{"params":{"content":[{"content":{"params":{"contentName":"Image","file":{"path":"images\/file-1ce0e999d2f96c6d254c2de8d763318a.jpg","mime":"image\/jpeg","copyright":{"license":"CC BY","version":"4.0"},"width":1024,"height":209},"alt":"\u067e\u0647 \u062f\u06d0 \u0627\u0646\u0681\u0648\u0631 \u06a9\u06d0 \u062f \u00ab\u0633\u067c\u0648\u0631\u064a \u0648\u06cc\u0648\u0631\u00bb \u0644\u0648\u06ab\u0648 \u06ab\u0648\u0631\u06cc"},"library":"H5P.Image 1.1","metadata":{"contentType":"Image","license":"CC BY","licenseVersion":"4.0","source":"https:\/\/digitallibrary.io\/","title":"Untitled Image"},"subContentId":"3126cdcb-b265-4b1f-9169-bdca08debf73"},"useSeparator":"auto"},{"content":{"params":{"text":"<p>This book was made possible by Pratham Books' StoryWeaver platform. Content under Creative Commons licenses can be downloaded, translated and can even be used to create new stories \u00adprovided you give appropriate credit, and indicate if changes were made. To know more about this, and the full terms of use and attribution, please visit the following link.<\/p>\n\n<p>Story Attribution:<\/p>\n\n<p>This story: 'Tall and Short' is translated by Celia Bolam. The \u00a9 for this translation lies with Room to Read, 2015. Some rights reserved. Released under CC BY 4.0 license.Based on the original story: '\u1781\u17d2\u1796\u179f\u17cb\u1793\u17b7\u1784\u1791\u17b6\u1794', by Huy Chheng Rattana. \u00a9 Room to Read, 2015. Some rights reserved. Released under CC BY 4.0 license.<\/p>\n\n<p>Other Credits:<\/p>\n\n<p>This story 'Tall and Short' has been published on StoryWeaver by Room to Read.<\/p>\n\n<p>Images Attributions:<\/p>\n\n<p>Cover page: A boy reaching up to a shelf, by Seat Sopheap\u00a9 Room to Read, 2015. Some rights reserved. Released under CC BY 4.0 license. Page 2: A man placing a cap on a shelf as a boy reaches up, by Seat Sopheap\u00a9 Room to Read, 2015. Some rights reserved. Released under CC BY 4.0 license. Page 3: A man laughing as a boy claps his hands, by Seat Sopheap\u00a9 Room to Read, 2015. Some rights reserved. Released under CC BY 4.0 license. Page 4: A woman searching a cupboard as a boy looks on, bySeat Sopheap\u00a9 Room to Read, 2015. Some rights reserved. Released under CC BY 4.0 license. Page 5: A man and woman smiling at a boy, by Seat Sopheap\u00a9 Room to Read, 2015. Some rights reserved. Released under CC BY 4.0 license.&nbsp;Page 6: A boy looking at a girl placing a book on a table, by Seat Sopheap\u00a9 Room to Read, 2015. Some rights reserved. Released under CC BY 4.0 license. Page 7: Two girls talking to a boy, by Seat Sopheap\u00a9 Room to Read, 2015. Some rights reserved. Released under CC BY 4.0 license. Page 8: A family busy with different activities, by Seat Sopheap\u00a9 Room to Read, 2015. Some rights reserved. Released under CC BY 4.0 license. Page 9: Three children smiling at each other, by Seat Sopheap\u00a9 Room to Read, 2015. Some rights reserved. Released under CC BY 4.0 license. Page 10: Two boys talking and laughing, by Seat Sopheap\u00a9 Room to Read, 2015. Some rights reserved. Released under CC BY 4.0 license. Disclaimer:&nbsp; https:\/\/www.storyweaver.org.in\/terms_and_conditions<\/p>\n"},"library":"H5P.AdvancedText 1.1","metadata":{"contentType":"Text","license":"CC BY","title":"Untitled Text","licenseVersion":"4.0"},"subContentId":"63b523af-486a-46ea-86fd-ce767227feb5"},"useSeparator":"auto"},{"content":{"params":{"contentName":"Image","file":{"path":"images\/file-1dd8bab4fb44379a9e7e38ff1ec1a2e3.jpg","mime":"image\/jpeg","copyright":{"license":"CC BY","version":"4.0"},"width":88,"height":31},"alt":"\u06a9\u0631\u06cc\u067c\u06cc\u0648 \u06a9\u0627\u0645\u0646\u0632"},"library":"H5P.Image 1.1","metadata":{"contentType":"Image","license":"CC BY","licenseVersion":"4.0","source":"https:\/\/digitallibrary.io\/","title":"Untitled Image"},"subContentId":"507522ce-67a8-4378-b3bf-219fca7ebfdd"},"useSeparator":"auto"},{"content":{"params":{"text":"<p>\n Some rights reserved. This book is CC\u00ad-BY\u00ad-4.0 licensed. You can copy, modify, distribute and perform the work, even for commercial purposes, all without asking permission. For full terms of use and attribution, http:\/\/creativecommons.org\/licenses\/by\/4.0\/\n<\/p>"},"library":"H5P.AdvancedText 1.1","metadata":{"contentType":"Text","license":"CC BY","title":"Untitled Text","licenseVersion":"4.0"},"subContentId":"610c49d0-aae4-49f0-b9a1-f60d8dcd092f"},"useSeparator":"auto"}]},"subContentId":"5870679d-d4c2-4aa0-a238-62c887179d83","library":"H5P.Column 1.12","metadata":{"contentType":"Column","license":"CC BY","title":"\u062f\u0648\u0647 \u0648\u06cc\u0634\u062a\u0645 \u0645\u062e","licenseVersion":"4.0"}},{"params":{"content":[{"content":{"params":{"contentName":"Image","file":{"path":"images\/file-1ce0e999d2f96c6d254c2de8d763318a.jpg","mime":"image\/jpeg","copyright":{"license":"CC BY","version":"4.0"},"width":1024,"height":209},"alt":"\u067e\u0647 \u062f\u06d0 \u0627\u0646\u0681\u0648\u0631 \u06a9\u06d0 \u062f \u00ab\u0633\u067c\u0648\u0631\u064a \u0648\u06cc\u0648\u0631\u00bb \u0644\u0648\u06ab\u0648 \u06ab\u0648\u0631\u06cc"},"library":"H5P.Image 1.1","metadata":{"contentType":"Image","license":"CC BY","licenseVersion":"4.0","source":"https:\/\/digitallibrary.io\/","title":"Untitled Image"},"subContentId":"94af9b01-943b-47f2-a7b2-a6fb14fabad0"},"useSeparator":"auto"},{"content":{"params":{"text":"<p>This book was made possible by Pratham Books' StoryWeaver platform. Content under Creative Commons licenses can be downloaded, translated and can even be used to create new stories\u00ad provided you give appropriate credit, and indicate if changes were made. To know more about this, and the full terms of use and attribution, please visit the following link.<\/p>\n\n<p>Images Attributions:<\/p>\n\n<p>Page 11: Five members of a family standing together, by Seat Sopheap\u00a9 Room to Read, 2015. Some rights reserved. Released under CC BY 4.0 license. Page 12: Members of a family laughing at a dog, by Seat Sopheap\u00a9 Room to Read, 2015. Some rights reserved. Released under CC BY 4.0 license. Page 13: A boy trying to get his slippers from a dog, by Seat Sopheap\u00a9 Room to Read, 2015. Some rights reserved. Released under CC BY 4.0 license. Page 14: A family laughing, by Seat Sopheap\u00a9 Room to Read, 2015. Some rights reserved. Released under CC BY 4.0 license. Page 15: A boy petting a dog, by Seat Sopheap\u00a9 Room to Read, 2015. Some rights reserved. Released under CC BY 4.0 license. Page 16: Two boys talking as a dog looks on, by Seat Sopheap\u00a9 Room to Read, 2015. Some rights reserved. Released under CC BY 4.0 license. Page 17:&nbsp;Three children talking to each other, by Seat Sopheap\u00a9 Room to Read,&nbsp;2015. Some rights reserved. Released under CC BY 4.0 license. Page 18: Two children talking to a woman as a boy plays with a dog, by Seat Sopheap\u00a9 Room to Read, 2015. Some rights reserved. Released under CC BY 4.0 license. Page 19: A family talking and playing with a dog, by Seat Sopheap\u00a9 Room to Read, 2015. Some rights reserved. Released under CC BY 4.0 license. Page 20: A boy standing with his family and waving, by Seat Sopheap\u00a9 Room to Read, 2015. Some rights reserved. Released under CC BY 4.0 license. Page 21: Five Members of a family smiling, by Seat Sopheap\u00a9 Room to Read, 2015. Some rights reserved. Released under CC BY 4.0 license. Disclaimer: https:\/\/www.storyweaver.org.in\/terms_and_conditions<\/p>\n"},"library":"H5P.AdvancedText 1.1","metadata":{"contentType":"Text","license":"CC BY","title":"Untitled Text","licenseVersion":"4.0"},"subContentId":"d6f7522a-8521-4954-8ac3-452eb40231f0"},"useSeparator":"auto"},{"content":{"params":{"contentName":"Image","file":{"path":"images\/file-1dd8bab4fb44379a9e7e38ff1ec1a2e3.jpg","mime":"image\/jpeg","copyright":{"license":"CC BY","version":"4.0"},"width":88,"height":31},"alt":"\u06a9\u0631\u06cc\u067c\u06cc\u0648 \u06a9\u0627\u0645\u0646\u0632"},"library":"H5P.Image 1.1","metadata":{"contentType":"Image","license":"CC BY","licenseVersion":"4.0","source":"https:\/\/digitallibrary.io\/","title":"Untitled Image"},"subContentId":"dc06e21c-2821-47a5-beb2-f11112977ae8"},"useSeparator":"auto"},{"content":{"params":{"text":"<p>\n Some rights reserved. This book is CC\u00ad-BY\u00ad-4.0 licensed. You can copy, modify, distribute and perform the work, even for commercial purposes, all without asking permission. For full terms of use and attribution, http:\/\/creativecommons.org\/licenses\/by\/4.0\/\n<\/p>"},"library":"H5P.AdvancedText 1.1","metadata":{"contentType":"Text","license":"CC BY","title":"Untitled Text","licenseVersion":"4.0"},"subContentId":"383bed7a-bea4-4f3a-bc7b-7428a115bad9"},"useSeparator":"auto"}]},"subContentId":"57859270-7726-458b-ab69-938e466ca3a5","library":"H5P.Column 1.12","metadata":{"contentType":"Column","license":"CC BY","title":"\u062f\u0631\u0648\u06cc\u0634\u062a\u0645 \u0645\u062e","licenseVersion":"4.0"}},{"params":{"content":[{"content":{"params":{"text":"<p>&nbsp;\u0644\u0648\u0693 \u0627\u0648 \u067c\u06cc\u067c (\u067e\u069a\u062a\u0648)<\/p>\n\n<p>&nbsp;\u0648\u06cc\u0644\u06cc \u0634\u06d0 \u0686\u06d0 \u062f \u06a9\u0648\u0631\u0646\u06cd \u06a9\u0648\u0645 \u063a\u0693\u064a \u0644\u0648\u0693 \u0627\u0648 \u06a9\u0648\u0645 \u063a\u0693\u064a \u067c\u06cc\u067c \u062f\u064a\u061f \u067e\u0647 \u062f\u06d0 \u06a9\u062a\u0627\u0628 \u06a9\u06d0 \u062f \u06cc\u0648\u0647 \u0645\u0627\u0634\u0648\u0645 \u062f \u06a9\u0648\u0631\u0646\u06cd&nbsp;\u067e\u0631 \u0645\u067c \u062f \u0645\u062a\u0636\u0627\u062f \u0645\u0641\u0647\u0648\u0645&nbsp; \u0644\u06a9\u0647 \u0644\u0648\u0693 \u0627\u0648 \u067c\u06cc\u067c \u0628\u06cc\u0627\u0646 \u0634\u0648\u06cc.<\/p>\n\n<p>&nbsp;\u062f\u0627 \u0644\u0648\u0645\u0693\u06cd \u06a9\u0686\u06d0 \u06a9\u062a\u0627\u0628 \u062f\u06cc. \u062f \u0647\u063a\u0648 \u0645\u0627\u0634\u0648\u0645\u0627\u0646\u0648 \u0644\u067e\u0627\u0631\u0647 \u062f\u06cc \u0686\u06d0 \u0644\u06d0\u0648\u0627\u0644 \u062f\u064a \u0644\u0648\u0633\u062a\u0644 \u067e\u064a\u0644 \u06a9\u0693\u064a.&nbsp;<\/p>\n"},"library":"H5P.AdvancedText 1.1","metadata":{"contentType":"Text","license":"CC BY","title":"Untitled Text","licenseVersion":"4.0"},"subContentId":"51849950-2716-4ec7-a571-8d53c409d386"},"useSeparator":"auto"},{"content":{"params":{"contentName":"Image","file":{"path":"images\/file-1ce0e999d2f96c6d254c2de8d763318a.jpg","mime":"image\/jpeg","copyright":{"license":"CC BY","version":"4.0"},"width":1024,"height":209},"alt":"\u067e\u0647 \u062f\u06d0 \u0627\u0646\u0681\u0648\u0631 \u06a9\u06d0 \u062f \u00ab \u0633\u067c\u0648\u0631\u064a \u0648\u06cc\u0648\u0631\u00bb \u0644\u0648\u06ab\u0648 \u06ab\u0648\u0631\u0626"},"library":"H5P.Image 1.1","metadata":{"contentType":"Image","license":"CC BY","licenseVersion":"4.0","source":"https:\/\/digitallibrary.io\/","title":"Untitled Image"},"subContentId":"da23129d-8edf-4807-9587-5d5c14855518"},"useSeparator":"auto"},{"content":{"params":{"text":"<p>Pratham Books goes digital to weave a whole new chapter in the realm of multilingual children's stories. Knitting together children, authors, illustrators and publishers. Folding in teachers, and translators. To create a rich fabric of openly licensed multilingual stories for the children of India \u00ad\u00adand the world. Our unique online platform, StoryWeaver, is a playground where children, parents, teachers and librarians can get creative. Come, start weaving today, and help us get a book in every child's hand!<\/p>\n"},"library":"H5P.AdvancedText 1.1","metadata":{"contentType":"Text","license":"CC BY","title":"Untitled Text","licenseVersion":"4.0"},"subContentId":"6d99e60f-c3c5-4d4e-9b59-7f8312cd3166"},"useSeparator":"auto"}]},"subContentId":"34c5304f-31fa-4edd-9560-1099d9652e01","library":"H5P.Column 1.12","metadata":{"contentType":"Column","license":"CC BY","title":"\u0685\u0644\u0648\u0631\u0648\u06cc\u0634\u062a\u0645 \u0645\u062e","licenseVersion":"4.0"}}],"behaviour":{"defaultTableOfContents":false,"progressIndicators":true,"progressAuto":true,"displaySummary":true},"read":"Read","displayTOC":"Display &#039;Table of contents&#039;","hideTOC":"Hide &#039;Table of contents&#039;","nextPage":"Next page","previousPage":"Previous page","chapterCompleted":"Page completed!","partCompleted":"@pages of @total completed","incompleteChapter":"Incomplete page","navigateToTop":"Navigate to the top","markAsFinished":"I have finished this page","fullscreen":"Fullscreen","exitFullscreen":"Exit fullscreen","bookProgressSubtext":"@count of @total pages","interactionsProgressSubtext":"@count of @total interactions","submitReport":"Submit Report","restartLabel":"Restart","summaryHeader":"Summary","allInteractions":"All interactions","unansweredInteractions":"Unanswered interactions","scoreText":"@score \/ @maxscore","leftOutOfTotalCompleted":"@left of @max interactions completed","noInteractions":"No interactions","score":"Score","summaryAndSubmit":"Summary &amp; submit","noChapterInteractionBoldText":"You have not interacted with any pages.","noChapterInteractionText":"You have to interact with at least one page before you can see the summary.","yourAnswersAreSubmittedForReview":"Your answers are submitted for review!","bookProgress":"Book progress","interactionsProgress":"Interactions progress","totalScoreLabel":"Total score","a11y":{"progress":"Page @page of @total.","menu":"Toggle navigation menu"},"bookCover":{"coverDescription":"<p>&nbsp;\u0648\u06cc\u0644\u06cc \u0634\u06d0 \u0686\u06d0 \u062f \u06a9\u0648\u0631\u0646\u06cd \u06a9\u0648\u0645 \u063a\u0693\u064a \u0644\u0648\u0693 \u0627\u0648 \u06a9\u0648\u0645 \u063a\u0693\u064a \u067c\u06cc\u067c \u062f\u064a\u061f \u067e\u0647 \u062f\u06d0 \u06a9\u062a\u0627\u0628 \u06a9\u06d0 \u062f \u06cc\u0648\u0647 \u0645\u0627\u0634\u0648\u0645 \u062f \u06a9\u0648\u0631\u0646\u06cd&nbsp;\u067e\u0631 \u0645\u067c \u062f \u0645\u062a\u0636\u0627\u062f \u0645\u0641\u0647\u0648\u0645&nbsp; \u0644\u06a9\u0647 \u0644\u0648\u0693 \u0627\u0648 \u067c\u06cc\u067c \u0628\u06cc\u0627\u0646 \u0634\u0648\u06cc.<\/p>\n","coverImage":{"path":"images\/coverImage.jpg","mime":"image\/jpeg","copyright":{"license":"CC BY","version":"4.0"},"width":959,"height":459},"publisher":"\u0631\u0648\u0645 \u067c\u0648 \u0631\u06cc\u0689","contributors":[{"name":"\u0633\u06cc\u0644\u06cc\u0627 \u0628\u0648\u0644\u0645","type":"\u0644\u06cc\u06a9\u0648\u0627\u0644\u0647"},{"name":"\u0633\u06cc\u067c \u0633\u0648\u0641\u06cc\u067e","type":"\u0627\u0646\u0681\u0648\u0631\u06ab\u0631"},{"type":"\u0698\u0628\u0627\u0693\u0647","name":"\u062f\u0631\u062e\u062a \u062f\u0627\u0646\u0634 \u06a9\u062a\u0627\u0628\u062a\u0648\u0646"},{"type":"\u0698\u0628\u0627\u0693\u0646","name":"\u0634\u06d0\u0631\u062e\u0627\u0646 \u0634\u0647\u06cc\u0631"}],"coverAltText":"\u0647\u0644\u06a9 \u0647\u0685\u0647 \u06a9\u0648\u064a \u0686\u062a \u062a\u0647 \u0644\u0627\u0633 \u0648\u0631\u0648\u0693\u064a."},"isRTL":true,"publisherLabel":"Publisher"}