{"presentation":{"slides":[{"elements":[{"x":17.429193899782135,"y":8.620689655172415,"width":68.84531590413944,"height":68.96551724137932,"action":{"library":"H5P.Image 1.1","params":{"contentName":"Image","file":{"path":"images\/file-620d8a2cc3689.jpg","mime":"image\/jpeg","copyright":{"license":"U"},"width":959,"height":459}},"metadata":{"contentType":"Image","license":"U","title":"Untitled Image"},"subContentId":"e3b59ba2-3660-4937-9e57-1a84d4a9288f"},"backgroundOpacity":0,"willDoAnimation":false,"animationType":"glow","displayAsButton":false,"buttonSize":"big","goToSlideType":"specified","invisible":false},{"x":24.53102453102453,"y":79.48717948717949,"width":60.60606060606061,"height":14.245014245014247,"action":{"library":"H5P.CRAdvancedText 1.1","params":{"text":"<p dir=\"ltr\" style=\"text-align: center;\"><span style=\"font-size:1.75em;\">\u09b2\u09ae\u09cd\u09ac\u09be \u098f\u09ac\u0982 \u0996\u09be\u099f\u09cb<\/span><\/p>\n"},"subContentId":"72d3a7b5-e54c-41c7-9faf-14f3b4f4efaf","metadata":{"contentType":"Text","license":"U","title":"Untitled Text"}},"alwaysDisplayComments":false,"backgroundOpacity":0,"willDoAnimation":false,"animationType":"glow","displayAsButton":false,"buttonSize":"big","goToSlideType":"specified","invisible":false,"solution":""}],"slideBackgroundSelector":{}},{"elements":[{"x":16.33986928104575,"y":4.310344827586207,"width":33.769063180827885,"height":92.67241379310346,"action":{"library":"H5P.Image 1.1","params":{"contentName":"Image","file":{"path":"images\/file-620d8a6738172.jpg","mime":"image\/jpeg","copyright":{"license":"U"},"width":639,"height":918}},"metadata":{"contentType":"Image","license":"U","title":"Untitled Image"},"subContentId":"86bc88c5-2cdb-451e-a5b4-6abe821a6812"},"backgroundOpacity":0,"willDoAnimation":false,"animationType":"glow","displayAsButton":false,"buttonSize":"big","goToSlideType":"specified","invisible":false},{"x":53.39105339105339,"y":34.18803418803419,"width":40,"height":40,"action":{"library":"H5P.CRAdvancedText 1.1","params":{"text":"<p style=\"text-align:center;\"><span style=\"font-size:1.375em;color:#ffffff;\"><strong>\u09ac\u09be\u09ac\u09be \u0986\u09ae\u09be\u09b0 \u099f\u09c1\u09aa\u09bf \u098f\u09a8\u09c7 \u09a6\u09bf\u099a\u09cd\u099b\u09c7\u0964<\/strong><\/span><\/p>"},"subContentId":"23316a6b-090e-4ce1-baf6-088bbcdeb86f","metadata":{"contentType":"Text","license":"U","title":"Untitled Text"}},"alwaysDisplayComments":false,"backgroundOpacity":0,"willDoAnimation":false,"animationType":"glow","displayAsButton":false,"buttonSize":"big","goToSlideType":"specified","invisible":false,"solution":""},{"x":47.000103485838785,"y":44.00026681929878,"width":40,"height":40,"action":{"library":"H5P.CRAudio 1.4","params":{"fitToWrapper":true,"currIndex":1,"playerMode":"minimalistic","controls":true,"autoplay":true,"playAudio":"Play audio","pauseAudio":"Pause audio","contentName":"Audio","glowColor":"#ffd85a","timeStampForEachText":[{"text":" \u09ac\u09be\u09ac\u09be ","startDuration":"0.0000","endDuration":"0.6313","wordfile":[{"path":"audios\/wordfile-671b6ab38e2e0.mp3","mime":"audio\/mpeg","copyright":{"license":"U"}}]},{"text":" \u0986\u09ae\u09be\u09b0 ","startDuration":"0.6323","endDuration":"1.0104","wordfile":[{"path":"audios\/wordfile-671b6ad7d4628.mp3","mime":"audio\/mpeg","copyright":{"license":"U"}}]},{"text":" \u099f\u09c1\u09aa\u09bf ","startDuration":"1.0114","endDuration":"1.4757","wordfile":[{"path":"audios\/wordfile-671b6aee428fb.mp3","mime":"audio\/mpeg","copyright":{"license":"U"}}]},{"text":" \u098f\u09a8\u09c7 ","startDuration":"1.4767","endDuration":"1.8381","wordfile":[{"path":"audios\/wordfile-671b6b03b4a0d.mp3","mime":"audio\/mpeg","copyright":{"license":"U"}}]},{"text":" \u09a6\u09bf\u099a\u09cd\u099b\u09c7\u0964 ","startDuration":"1.8391","endDuration":"2.3563","wordfile":[{"path":"audios\/wordfile-671b6b155b4d3.mp3","mime":"audio\/mpeg","copyright":{"license":"U"}}]}],"files":[{"path":"audios\/files-671b6a9c409e5.mp3","mime":"audio\/mpeg","copyright":{"license":"U"}}]},"subContentId":"04afa2bf-6dff-4a23-8374-3e997c12e435","metadata":{"contentType":"Curious Reader Audio","license":"U","title":"Untitled Curious Reader Audio"}},"backgroundOpacity":0,"willDoAnimation":false,"animationType":"glow","displayAsButton":false,"buttonSize":"big","goToSlideType":"specified","invisible":false},{"x":19.607843137254903,"y":12.910611231371064,"width":15.013071895424837,"height":29.479228978297265,"action":{"library":"H5P.Image 1.1","params":{"contentName":"Image"},"subContentId":"2005b5d6-41a5-49ee-badc-00c17026d10d","metadata":{"contentType":"Image","license":"U","title":"Untitled Image"}},"backgroundOpacity":0,"willDoAnimation":true,"animationType":"glow","displayAsButton":false,"buttonSize":"big","goToSlideType":"specified","invisible":false,"id":"img04afa2bf-6dff-4a23-8374-3e997c12e435_0"},{"x":33.769063180827885,"y":12.910611231371064,"width":8.900119825708062,"height":16.5686177469262,"action":{"library":"H5P.Image 1.1","params":{"contentName":"Image"},"subContentId":"66e405a1-6d5d-4ab0-ad8f-fb9556470eca","metadata":{"contentType":"Image","license":"U","title":"Untitled Image"}},"backgroundOpacity":0,"willDoAnimation":true,"animationType":"glow","displayAsButton":false,"buttonSize":"big","goToSlideType":"specified","invisible":false,"id":"img04afa2bf-6dff-4a23-8374-3e997c12e435_4"}],"slideBackgroundSelector":{}},{"elements":[{"x":13.64795918367347,"y":4.785894206549118,"width":35.83877995642702,"height":92.45689655172414,"action":{"library":"H5P.Image 1.1","params":{"contentName":"Image","file":{"path":"images\/file-620d8aa4e43d4.jpg","mime":"image\/jpeg","copyright":{"license":"U"},"width":639,"height":918}},"metadata":{"contentType":"Image","license":"U","title":"Untitled Image"},"subContentId":"3e74c6d2-b90c-43ec-9186-121956d1fe47"},"backgroundOpacity":0,"willDoAnimation":false,"animationType":"glow","displayAsButton":false,"buttonSize":"big","goToSlideType":"specified","invisible":false},{"x":50.505050505050505,"y":28.490028490028493,"width":40,"height":40,"action":{"library":"H5P.CRAdvancedText 1.1","params":{"text":"<p dir=\"ltr\" style=\"text-align: center;\"><span style=\"color:#ffffff;\"><span style=\"font-size:1.375em;\">\u09ac\u09be\u09ac\u09be \u09b2\u09ae\u09cd\u09ac\u09be\u0964<\/span><\/span><\/p>\n"},"subContentId":"ee4313bf-2e44-4cd2-b034-f3ad0cf990e7","metadata":{"contentType":"Text","license":"U","title":"Untitled Text"}},"alwaysDisplayComments":false,"backgroundOpacity":0,"willDoAnimation":false,"animationType":"glow","displayAsButton":false,"buttonSize":"big","goToSlideType":"specified","invisible":false,"solution":""},{"x":46.96691176470588,"y":44,"width":40,"height":40,"action":{"library":"H5P.CRAudio 1.4","params":{"fitToWrapper":true,"currIndex":2,"playerMode":"minimalistic","controls":true,"autoplay":true,"playAudio":"Play audio","pauseAudio":"Pause audio","contentName":"Audio","glowColor":"#ffd85a","timeStampForEachText":[{"text":" \u09ac\u09be\u09ac\u09be ","startDuration":"0.0000","endDuration":"0.4341","wordfile":[{"path":"audios\/wordfile-671b6b64ddeec.mp3","mime":"audio\/mpeg","copyright":{"license":"U"}}]},{"text":" \u09b2\u09ae\u09cd\u09ac\u09be\u0964 ","startDuration":"0.4342","endDuration":"1.0684","wordfile":[{"path":"audios\/wordfile-671b6b7b85498.mp3","mime":"audio\/mpeg","copyright":{"license":"U"}}]}],"files":[{"path":"audios\/files-668ced85cc9d2.mp3","mime":"audio\/mpeg","copyright":{"license":"U"}}]},"subContentId":"74b079bf-6fa5-4133-bcb4-6bf16e14d343","metadata":{"contentType":"Curious Reader Audio","license":"U","title":"Untitled Curious Reader Audio"}},"backgroundOpacity":0,"willDoAnimation":false,"animationType":"glow","displayAsButton":false,"buttonSize":"big","goToSlideType":"specified","invisible":false},{"x":16.544117647058822,"y":10.909090909090908,"width":12.316176470588234,"height":40,"action":{"library":"H5P.Image 1.1","params":{"contentName":"Image"},"subContentId":"6037a0b5-5bc5-4252-ae2f-f923ee017461","metadata":{"contentType":"Image","license":"U","title":"Untitled Image"}},"backgroundOpacity":0,"willDoAnimation":true,"animationType":"glow","displayAsButton":false,"buttonSize":"big","goToSlideType":"specified","invisible":false,"id":"img74b079bf-6fa5-4133-bcb4-6bf16e14d343_0"}],"slideBackgroundSelector":{}},{"elements":[{"x":11.982570806100219,"y":4.310344827586207,"width":37.03703703703704,"height":92.45689655172414,"action":{"library":"H5P.Image 1.1","params":{"contentName":"Image","file":{"path":"images\/file-620d8ad1200cf.jpg","mime":"image\/jpeg","copyright":{"license":"U"},"width":639,"height":918}},"metadata":{"contentType":"Image","license":"U","title":"Untitled Image"},"subContentId":"5320e841-c68d-4668-8597-5f7779b4b505"},"backgroundOpacity":0,"willDoAnimation":false,"animationType":"glow","displayAsButton":false,"buttonSize":"big","goToSlideType":"specified","invisible":false},{"x":52.287581699346404,"y":27.972991001303974,"width":40,"height":40,"action":{"library":"H5P.CRAdvancedText 1.1","params":{"text":"<p dir=\"ltr\" style=\"text-align: center;\"><span style=\"font-size:1.375em;\">\u09ae\u09be \u0986\u09ae\u09be\u09b0 \u099c\u09be\u09ae\u09be \u098f\u09a8\u09c7 \u09a6\u09bf\u099a\u09cd\u099b\u09c7\u0964<\/span><\/p>\n"},"subContentId":"82fecc9e-639a-432c-ae1d-4d37b4cfcdce","metadata":{"contentType":"Text","license":"U","title":"Untitled Text"}},"alwaysDisplayComments":false,"backgroundOpacity":0,"willDoAnimation":false,"animationType":"glow","displayAsButton":false,"buttonSize":"big","goToSlideType":"specified","invisible":false,"solution":""},{"x":46.96691176470588,"y":44,"width":40,"height":40,"action":{"library":"H5P.CRAudio 1.4","params":{"fitToWrapper":true,"currIndex":3,"playerMode":"minimalistic","controls":true,"autoplay":true,"playAudio":"Play audio","pauseAudio":"Pause audio","contentName":"Audio","glowColor":"#ffd85a","timeStampForEachText":[{"text":" \u09ae\u09be ","startDuration":"0.0000","endDuration":"0.4602","wordfile":[{"path":"audios\/wordfile-671b6b9baedad.mp3","mime":"audio\/mpeg","copyright":{"license":"U"}}]},{"text":" \u0986\u09ae\u09be\u09b0 ","startDuration":"0.4603","endDuration":"0.8694","wordfile":[{"path":"audios\/wordfile-671b6bb07b8e4.mp3","mime":"audio\/mpeg","copyright":{"license":"U"}}]},{"text":" \u099c\u09be\u09ae\u09be ","startDuration":"0.8695","endDuration":"1.3921","wordfile":[{"path":"audios\/wordfile-671b6bc4a1755.mp3","mime":"audio\/mpeg","copyright":{"license":"U"}}]},{"text":" \u098f\u09a8\u09c7 ","startDuration":"1.3931","endDuration":"1.8202","wordfile":[{"path":"audios\/wordfile-671b6bd682102.mp3","mime":"audio\/mpeg","copyright":{"license":"U"}}]},{"text":" \u09a6\u09bf\u099a\u09cd\u099b\u09c7\u0964 ","startDuration":"1.8203","endDuration":"2.3704","wordfile":[{"path":"audios\/wordfile-671b6bec0de64.mp3","mime":"audio\/mpeg","copyright":{"license":"U"}}]}],"files":[{"path":"audios\/files-668cee1d033ae.mp3","mime":"audio\/mpeg","copyright":{"license":"U"}}]},"subContentId":"47a6b755-772c-42b2-a397-4bd838b1a769","metadata":{"contentType":"Curious Reader Audio","license":"U","title":"Untitled Curious Reader Audio"}},"backgroundOpacity":0,"willDoAnimation":false,"animationType":"glow","displayAsButton":false,"buttonSize":"big","goToSlideType":"specified","invisible":false},{"x":22.058823529411764,"y":14.545454545454545,"width":15.992647058823529,"height":40,"action":{"library":"H5P.Image 1.1","params":{"contentName":"Image"},"subContentId":"73d9228d-e9b0-4c15-8b10-395f1f3c7e32","metadata":{"contentType":"Image","license":"U","title":"Untitled Image"}},"backgroundOpacity":0,"willDoAnimation":true,"animationType":"glow","displayAsButton":false,"buttonSize":"big","goToSlideType":"specified","invisible":false,"id":"img47a6b755-772c-42b2-a397-4bd838b1a769_0"},{"x":29.41176470588235,"y":18.181818181818183,"width":14.15441176470588,"height":40,"action":{"library":"H5P.Image 1.1","params":{"contentName":"Image"},"subContentId":"0234f116-7831-4d2f-aa25-066c58eb5fcc","metadata":{"contentType":"Image","license":"U","title":"Untitled Image"}},"backgroundOpacity":0,"willDoAnimation":true,"animationType":"glow","displayAsButton":false,"buttonSize":"big","goToSlideType":"specified","invisible":false,"id":"img47a6b755-772c-42b2-a397-4bd838b1a769_4"}],"slideBackgroundSelector":{}},{"elements":[{"x":14.159041394335512,"y":5.622456896551724,"width":34.85838779956427,"height":91.5948275862069,"action":{"library":"H5P.Image 1.1","params":{"contentName":"Image","file":{"path":"images\/file-620d8b1736f35.jpg","mime":"image\/jpeg","copyright":{"license":"U"},"width":639,"height":918}},"metadata":{"contentType":"Image","license":"U","title":"Untitled Image"},"subContentId":"da6c7321-c9b6-41ec-9674-273fac8064d7"},"backgroundOpacity":0,"willDoAnimation":false,"animationType":"glow","displayAsButton":false,"buttonSize":"big","goToSlideType":"specified","invisible":false},{"x":50.505050505050505,"y":19.943019943019944,"width":40,"height":40,"action":{"library":"H5P.CRAdvancedText 1.1","params":{"text":"<p dir=\"ltr\" style=\"text-align: center;\"><span style=\"font-size:1.375em;\">\u09ac\u09be\u09ac\u09be \u09ae\u09be\u09df\u09c7\u09b0 \u09a5\u09c7\u0995\u09c7 \u09b2\u09ae\u09cd\u09ac\u09be\u0964<\/span><\/p>\n"},"subContentId":"4ee15960-5a73-4e1f-bd52-de1a4e6e390d","metadata":{"contentType":"Text","license":"U","title":"Untitled Text"}},"alwaysDisplayComments":false,"backgroundOpacity":0,"willDoAnimation":false,"animationType":"glow","displayAsButton":false,"buttonSize":"big","goToSlideType":"specified","invisible":false,"solution":""},{"x":46.96691176470588,"y":44,"width":40,"height":40,"action":{"library":"H5P.CRAudio 1.4","params":{"fitToWrapper":true,"currIndex":4,"playerMode":"minimalistic","controls":true,"autoplay":true,"playAudio":"Play audio","pauseAudio":"Pause audio","contentName":"Audio","glowColor":"#ffd85a","timeStampForEachText":[{"text":" \u09ac\u09be\u09ac\u09be ","startDuration":"0.0000","endDuration":"0.3661","wordfile":[{"path":"audios\/wordfile-671b6c061b39f.mp3","mime":"audio\/mpeg","copyright":{"license":"U"}}]},{"text":" \u09ae\u09be\u09df\u09c7\u09b0 ","startDuration":"0.3662","endDuration":"0.7873","wordfile":[{"path":"audios\/wordfile-671b6c18333a0.mp3","mime":"audio\/mpeg","copyright":{"license":"U"}}]},{"text":" \u09a5\u09c7\u0995\u09c7 ","startDuration":"0.7874","endDuration":"1.0921","wordfile":[{"path":"audios\/wordfile-671b6c2871d6e.mp3","mime":"audio\/mpeg","copyright":{"license":"U"}}]},{"text":" \u09b2\u09ae\u09cd\u09ac\u09be\u0964 ","startDuration":"1.0922","endDuration":"1.6938","wordfile":[{"path":"audios\/wordfile-671b6c4abb203.mp3","mime":"audio\/mpeg","copyright":{"license":"U"}}]}],"files":[{"path":"audios\/files-668ceff975cc0.mp3","mime":"audio\/mpeg","copyright":{"license":"U"}}]},"subContentId":"6e4bca75-63b0-4823-a162-aa30a6087789","metadata":{"contentType":"Curious Reader Audio","license":"U","title":"Untitled Curious Reader Audio"}},"backgroundOpacity":0,"willDoAnimation":false,"animationType":"glow","displayAsButton":false,"buttonSize":"big","goToSlideType":"specified","invisible":false},{"x":31.249999999999996,"y":7.2727272727272725,"width":12.316176470588234,"height":31.636363636363637,"action":{"library":"H5P.Image 1.1","params":{"contentName":"Image"},"subContentId":"be1da5a5-b54c-444d-9faa-9fa9a829c781","metadata":{"contentType":"Image","license":"U","title":"Untitled Image"}},"backgroundOpacity":0,"willDoAnimation":true,"animationType":"glow","displayAsButton":false,"buttonSize":"big","goToSlideType":"specified","invisible":false,"id":"img6e4bca75-63b0-4823-a162-aa30a6087789_0"},{"x":20.220588235294116,"y":10.909090909090908,"width":12.316176470588234,"height":40,"action":{"library":"H5P.Image 1.1","params":{"contentName":"Image"},"subContentId":"173a2cbd-2628-4875-822c-d6d3999b31a8","metadata":{"contentType":"Image","license":"U","title":"Untitled Image"}},"backgroundOpacity":0,"willDoAnimation":true,"animationType":"glow","displayAsButton":false,"buttonSize":"big","goToSlideType":"specified","invisible":false,"id":"img6e4bca75-63b0-4823-a162-aa30a6087789_1"}],"slideBackgroundSelector":{}},{"elements":[{"x":14.161220043572985,"y":6.4655172413793105,"width":35.947712418300654,"height":90.73275862068967,"action":{"library":"H5P.Image 1.1","params":{"contentName":"Image","file":{"path":"images\/file-620d8b4901fed.jpg","mime":"image\/jpeg","copyright":{"license":"U"},"width":639,"height":918}},"metadata":{"contentType":"Image","license":"U","title":"Untitled Image"},"subContentId":"6ac3b20e-f38f-448c-b501-13c259c38112"},"backgroundOpacity":0,"willDoAnimation":false,"animationType":"glow","displayAsButton":false,"buttonSize":"big","goToSlideType":"specified","invisible":false},{"x":51.94805194805195,"y":19.943019943019944,"width":40,"height":40,"action":{"library":"H5P.CRAdvancedText 1.1","params":{"text":"<p dir=\"ltr\" style=\"text-align: center;\"><span style=\"font-size:1.375em;\">\u0986\u09ae\u09be\u09b0 \u09ac\u09cb\u09a8 \u0986\u09ae\u09be\u09b0 \u09ac\u0987 \u098f\u09a8\u09c7 \u09a6\u09bf\u099a\u09cd\u099b\u09c7\u0964<\/span><\/p>\n"},"subContentId":"a313e2d1-cd2a-48d8-adfe-d90498c4c153","metadata":{"contentType":"Text","license":"U","title":"Untitled Text"}},"alwaysDisplayComments":false,"backgroundOpacity":0,"willDoAnimation":false,"animationType":"glow","displayAsButton":false,"buttonSize":"big","goToSlideType":"specified","invisible":false,"solution":""},{"x":46.96691176470588,"y":44,"width":40,"height":40,"action":{"library":"H5P.CRAudio 1.4","params":{"fitToWrapper":true,"currIndex":5,"playerMode":"minimalistic","controls":true,"autoplay":true,"playAudio":"Play audio","pauseAudio":"Pause audio","contentName":"Audio","glowColor":"#ffd85a","timeStampForEachText":[{"text":" \u0986\u09ae\u09be\u09b0 ","startDuration":"0.0000","endDuration":"0.4136","wordfile":[{"path":"audios\/wordfile-671b6c6421102.mp3","mime":"audio\/mpeg","copyright":{"license":"U"}}]},{"text":" \u09ac\u09cb\u09a8 ","startDuration":"0.4137","endDuration":"0.8525","wordfile":[{"path":"audios\/wordfile-671b6c77af8f0.mp3","mime":"audio\/mpeg","copyright":{"license":"U"}}]},{"text":" \u0986\u09ae\u09be\u09b0 ","startDuration":"0.8526","endDuration":"1.2526","wordfile":[{"path":"audios\/wordfile-671b6c8a8c015.mp3","mime":"audio\/mpeg","copyright":{"license":"U"}}]},{"text":" \u09ac\u0987 ","startDuration":"1.2527","endDuration":"1.5361","wordfile":[{"path":"audios\/wordfile-671b6c9c15e17.mp3","mime":"audio\/mpeg","copyright":{"license":"U"}}]},{"text":" \u098f\u09a8\u09c7 ","startDuration":"1.5367","endDuration":"1.9119","wordfile":[{"path":"audios\/wordfile-671b6cad8db6f.mp3","mime":"audio\/mpeg","copyright":{"license":"U"}}]},{"text":" \u09a6\u09bf\u099a\u09cd\u099b\u09c7\u0964 ","startDuration":"1.9120","endDuration":"2.4334","wordfile":[{"path":"audios\/wordfile-671b6cc55779e.mp3","mime":"audio\/mpeg","copyright":{"license":"U"}}]}],"files":[{"path":"audios\/files-668cf14d2bc5c.mp3","mime":"audio\/mpeg","copyright":{"license":"U"}}]},"subContentId":"edd7294a-393f-4aa7-8244-7c9ed845ef26","metadata":{"contentType":"Curious Reader Audio","license":"U","title":"Untitled Curious Reader Audio"}},"backgroundOpacity":0,"willDoAnimation":false,"animationType":"glow","displayAsButton":false,"buttonSize":"big","goToSlideType":"specified","invisible":false},{"x":16.544117647058822,"y":40,"width":14.15441176470588,"height":24.363636363636363,"action":{"library":"H5P.Image 1.1","params":{"contentName":"Image"},"subContentId":"9f1be6ff-5f27-4c72-a99e-771a93a7fdc3","metadata":{"contentType":"Image","license":"U","title":"Untitled Image"}},"backgroundOpacity":0,"willDoAnimation":true,"animationType":"glow","displayAsButton":false,"buttonSize":"big","goToSlideType":"specified","invisible":false,"id":"imgedd7294a-393f-4aa7-8244-7c9ed845ef26_3"},{"x":22.058823529411764,"y":14.545454545454545,"width":16.544117647058822,"height":31.636363636363637,"action":{"library":"H5P.Image 1.1","params":{"contentName":"Image"},"subContentId":"23d8c314-e069-4a2d-9ebc-2163a654db4c","metadata":{"contentType":"Image","license":"U","title":"Untitled Image"}},"backgroundOpacity":0,"willDoAnimation":true,"animationType":"glow","displayAsButton":false,"buttonSize":"big","goToSlideType":"specified","invisible":false,"id":"imgedd7294a-393f-4aa7-8244-7c9ed845ef26_1"}],"slideBackgroundSelector":{}},{"elements":[{"x":14.161220043572985,"y":5.81896551724138,"width":34.85838779956427,"height":90.51724137931035,"action":{"library":"H5P.Image 1.1","params":{"contentName":"Image","file":{"path":"images\/file-620d8b7b9c561.jpg","mime":"image\/jpeg","copyright":{"license":"U"},"width":639,"height":918}},"metadata":{"contentType":"Image","license":"U","title":"Untitled Image"},"subContentId":"1fe8c6e8-1dec-4179-a1c4-d367fb27a427"},"backgroundOpacity":0,"willDoAnimation":false,"animationType":"glow","displayAsButton":false,"buttonSize":"big","goToSlideType":"specified","invisible":false},{"x":49.06204906204906,"y":22.792022792022795,"width":40,"height":40,"action":{"library":"H5P.CRAdvancedText 1.1","params":{"text":"<p dir=\"ltr\" style=\"text-align: center;\"><span style=\"font-size:1.375em;\">\u09ae\u09be \u0986\u09ae\u09be\u09b0 \u09ac\u09cb\u09a8\u09c7\u09b0 \u09a5\u09c7\u0995\u09c7 \u09b2\u09ae\u09cd\u09ac\u09be\u0964<\/span><\/p>\n"},"subContentId":"eb8b5b90-b6cf-4eb4-b02f-79dde8955f80","metadata":{"contentType":"Text","license":"U","title":"Untitled Text"}},"alwaysDisplayComments":false,"backgroundOpacity":0,"willDoAnimation":false,"animationType":"glow","displayAsButton":false,"buttonSize":"big","goToSlideType":"specified","invisible":false,"solution":""},{"x":47.00255102040816,"y":43.95465994962216,"width":40,"height":40,"action":{"library":"H5P.CRAudio 1.4","params":{"fitToWrapper":true,"currIndex":6,"playerMode":"minimalistic","controls":true,"autoplay":true,"playAudio":"Play audio","pauseAudio":"Pause audio","contentName":"Audio","glowColor":"#ffd85a","timeStampForEachText":[{"text":" \u09ae\u09be ","startDuration":"0.0000","endDuration":"0.1997","wordfile":[{"path":"audios\/wordfile-671b6cddc6745.mp3","mime":"audio\/mpeg","copyright":{"license":"U"}}]},{"text":" \u0986\u09ae\u09be\u09b0 ","startDuration":"0.1997","endDuration":"0.8656","wordfile":[{"path":"audios\/wordfile-671b6cef61641.mp3","mime":"audio\/mpeg","copyright":{"license":"U"}}]},{"text":" \u09ac\u09cb\u09a8\u09c7\u09b0 ","startDuration":"0.8666","endDuration":"1.3893","wordfile":[{"path":"audios\/wordfile-671b6cff7b7e0.mp3","mime":"audio\/mpeg","copyright":{"license":"U"}}]},{"text":" \u09a5\u09c7\u0995\u09c7 ","startDuration":"1.3903","endDuration":"1.6602","wordfile":[{"path":"audios\/wordfile-671b6d1101709.mp3","mime":"audio\/mpeg","copyright":{"license":"U"}}]},{"text":" \u09b2\u09ae\u09cd\u09ac\u09be\u0964 ","startDuration":"1.6612","endDuration":"2.3669","wordfile":[{"path":"audios\/wordfile-671b6d23e5e0a.mp3","mime":"audio\/mpeg","copyright":{"license":"U"}}]}],"files":[{"path":"audios\/files-66aaf22fe370a.mp3","mime":"audio\/mpeg","copyright":{"license":"U"}}]},"subContentId":"0c72532e-e799-4d9b-a779-44176b369f6b","metadata":{"contentType":"Curious Reader Audio","license":"U","title":"Untitled Curious Reader Audio"}},"backgroundOpacity":0,"willDoAnimation":false,"animationType":"glow","displayAsButton":false,"buttonSize":"big","goToSlideType":"specified","invisible":false},{"x":26.785714285714285,"y":12.590528967254407,"width":11.096938775510205,"height":21.914357682619645,"action":{"library":"H5P.Image 1.1","params":{"contentName":"Image"},"subContentId":"ac0ff113-07a0-46ce-9552-29c7bbaf59f8","metadata":{"contentType":"Image","license":"U","title":"Untitled Image"}},"backgroundOpacity":0,"willDoAnimation":true,"animationType":"glow","displayAsButton":false,"buttonSize":"big","goToSlideType":"specified","invisible":false,"id":"img0c72532e-e799-4d9b-a779-44176b369f6b_0"},{"x":17.857142857142858,"y":12.586599496221663,"width":11.096938775510205,"height":40.050377833753146,"action":{"library":"H5P.Image 1.1","params":{"contentName":"Image"},"subContentId":"426c78c2-87bb-4b4e-a7bf-dcebda1eec28","metadata":{"contentType":"Image","license":"U","title":"Untitled Image"}},"backgroundOpacity":0,"willDoAnimation":true,"animationType":"glow","displayAsButton":false,"buttonSize":"big","goToSlideType":"specified","invisible":false,"id":"img0c72532e-e799-4d9b-a779-44176b369f6b_2"}],"slideBackgroundSelector":{}},{"elements":[{"x":15.306122448979592,"y":5.037783375314861,"width":33.87799564270153,"height":90.73275862068967,"action":{"library":"H5P.Image 1.1","params":{"contentName":"Image","file":{"path":"images\/file-620d8bb185c3e.jpg","mime":"image\/jpeg","copyright":{"license":"U"},"width":639,"height":918}},"metadata":{"contentType":"Image","license":"U","title":"Untitled Image"},"subContentId":"8e0baedd-67c8-46c8-a1c5-9fe3f76afc8a"},"backgroundOpacity":0,"willDoAnimation":false,"animationType":"glow","displayAsButton":false,"buttonSize":"big","goToSlideType":"specified","invisible":false},{"x":50.505050505050505,"y":22.792022792022795,"width":40,"height":40,"action":{"library":"H5P.CRAdvancedText 1.1","params":{"text":"<p dir=\"ltr\" style=\"text-align: center;\"><span style=\"font-size:1.375em;\">\u0986\u09ae\u09be\u09b0 \u09ad\u09be\u0987 \u0986\u09ae\u09be\u09b0 \u09ac\u09cd\u09af\u09be\u0997 \u098f\u09a8\u09c7 \u09a6\u09bf\u099a\u09cd\u099b\u09c7\u0964<\/span><\/p>\n"},"subContentId":"20265a28-41ff-4d28-94d4-25d24a458dae","metadata":{"contentType":"Text","license":"U","title":"Untitled Text"}},"alwaysDisplayComments":false,"backgroundOpacity":0,"willDoAnimation":false,"animationType":"glow","displayAsButton":false,"buttonSize":"big","goToSlideType":"specified","invisible":false,"solution":""},{"x":46.96691176470588,"y":44,"width":40,"height":40,"action":{"library":"H5P.CRAudio 1.4","params":{"fitToWrapper":true,"currIndex":7,"playerMode":"minimalistic","controls":true,"autoplay":true,"playAudio":"Play audio","pauseAudio":"Pause audio","contentName":"Audio","glowColor":"#ffd85a","timeStampForEachText":[{"text":" \u0986\u09ae\u09be\u09b0 ","startDuration":"0.0000","endDuration":"0.4697","wordfile":[{"path":"audios\/wordfile-671b6d3e2ec30.mp3","mime":"audio\/mpeg","copyright":{"license":"U"}}]},{"text":" \u09ad\u09be\u0987 ","startDuration":"0.4698","endDuration":"0.7984","wordfile":[{"path":"audios\/wordfile-671b6d5511076.mp3","mime":"audio\/mpeg","copyright":{"license":"U"}}]},{"text":" \u0986\u09ae\u09be\u09b0 ","startDuration":"0.7985","endDuration":"1.1839","wordfile":[{"path":"audios\/wordfile-671b6d66826a6.mp3","mime":"audio\/mpeg","copyright":{"license":"U"}}]},{"text":" \u09ac\u09cd\u09af\u09be\u0997 ","startDuration":"1.1840","endDuration":"1.4417","wordfile":[{"path":"audios\/wordfile-671b6d7750228.mp3","mime":"audio\/mpeg","copyright":{"license":"U"}}]},{"text":" \u098f\u09a8\u09c7 ","startDuration":"1.4418","endDuration":"1.7089","wordfile":[{"path":"audios\/wordfile-671b6d885921a.mp3","mime":"audio\/mpeg","copyright":{"license":"U"}}]},{"text":" \u09a6\u09bf\u099a\u09cd\u099b\u09c7\u0964 ","startDuration":"1.7090","endDuration":"2.3736","wordfile":[{"path":"audios\/wordfile-671b6da50720d.mp3","mime":"audio\/mpeg","copyright":{"license":"U"}}]}],"files":[{"path":"audios\/files-668d081da6733.mp3","mime":"audio\/mpeg","copyright":{"license":"U"}}]},"subContentId":"aa6dff1d-b63c-480b-a793-2475151c9139","metadata":{"contentType":"Curious Reader Audio","license":"U","title":"Untitled Curious Reader Audio"}},"backgroundOpacity":0,"willDoAnimation":false,"animationType":"glow","displayAsButton":false,"buttonSize":"big","goToSlideType":"specified","invisible":false},{"x":25.735294117647058,"y":32.72727272727273,"width":10.477941176470587,"height":40,"action":{"library":"H5P.Image 1.1","params":{"contentName":"Image"},"subContentId":"47afebd1-c7b2-4f78-baab-76bfeda0268e","metadata":{"contentType":"Image","license":"U","title":"Untitled Image"}},"backgroundOpacity":0,"willDoAnimation":true,"animationType":"glow","displayAsButton":false,"buttonSize":"big","goToSlideType":"specified","invisible":false,"id":"imgaa6dff1d-b63c-480b-a793-2475151c9139_1"},{"x":25.735294117647058,"y":54.54545454545455,"width":10.477941176470587,"height":17.454545454545453,"action":{"library":"H5P.Image 1.1","params":{"contentName":"Image"},"subContentId":"ab28df57-e1ad-4f32-bc2b-f6bb56b3e650","metadata":{"contentType":"Image","license":"U","title":"Untitled Image"}},"backgroundOpacity":0,"willDoAnimation":true,"animationType":"glow","displayAsButton":false,"buttonSize":"big","goToSlideType":"specified","invisible":false,"id":"imgaa6dff1d-b63c-480b-a793-2475151c9139_3"}],"slideBackgroundSelector":{}},{"elements":[{"x":14.705882352941178,"y":3.6637931034482762,"width":34.64052287581699,"height":92.45689655172414,"action":{"library":"H5P.Image 1.1","params":{"contentName":"Image","file":{"path":"images\/file-620d8be87d7ce.jpg","mime":"image\/jpeg","copyright":{"license":"U"},"width":639,"height":918}},"metadata":{"contentType":"Image","license":"U","title":"Untitled Image"},"subContentId":"b5dd1b5b-c4b7-4e07-9e11-de9c97fc90fa"},"backgroundOpacity":0,"willDoAnimation":false,"animationType":"glow","displayAsButton":false,"buttonSize":"big","goToSlideType":"specified","invisible":false},{"x":50.505050505050505,"y":19.943019943019944,"width":40,"height":40,"action":{"library":"H5P.CRAdvancedText 1.1","params":{"text":"<p dir=\"ltr\" style=\"text-align: center;\"><span style=\"font-size:1.375em;\">\u0986\u09ae\u09be\u09b0 \u09ac\u09cb\u09a8 \u0986\u09ae\u09be\u09b0 \u09ad\u09be\u0987\u09df\u09c7\u09b0 \u09a5\u09c7\u0995\u09c7 \u09b2\u09ae\u09cd\u09ac\u09be\u0964<\/span><\/p>\n"},"subContentId":"bb05e671-c08f-4978-8b7c-9dae5f84555f","metadata":{"contentType":"Text","license":"U","title":"Untitled Text"}},"alwaysDisplayComments":false,"backgroundOpacity":0,"willDoAnimation":false,"animationType":"glow","displayAsButton":false,"buttonSize":"big","goToSlideType":"specified","invisible":false,"solution":""},{"x":46.96691176470588,"y":44,"width":40,"height":40,"action":{"library":"H5P.CRAudio 1.4","params":{"fitToWrapper":true,"currIndex":8,"playerMode":"minimalistic","controls":true,"autoplay":true,"playAudio":"Play audio","pauseAudio":"Pause audio","contentName":"Audio","glowColor":"#ffd85a","timeStampForEachText":[{"text":" \u0986\u09ae\u09be\u09b0 ","startDuration":"0.0000","endDuration":"0.4756","wordfile":[{"path":"audios\/wordfile-671b6dbfe6151.mp3","mime":"audio\/mpeg","copyright":{"license":"U"}}]},{"text":" \u09ac\u09cb\u09a8 ","startDuration":"0.4756","endDuration":"0.8900","wordfile":[{"path":"audios\/wordfile-671b6dd14f8ba.mp3","mime":"audio\/mpeg","copyright":{"license":"U"}}]},{"text":" \u0986\u09ae\u09be\u09b0 ","startDuration":"0.8901","endDuration":"1.2432","wordfile":[{"path":"audios\/wordfile-671b6de951a29.mp3","mime":"audio\/mpeg","copyright":{"license":"U"}}]},{"text":" \u09ad\u09be\u0987\u09df\u09c7\u09b0 ","startDuration":"1.2433","endDuration":"1.6271","wordfile":[{"path":"audios\/wordfile-671b6dfa5b41a.mp3","mime":"audio\/mpeg","copyright":{"license":"U"}}]},{"text":" \u09a5\u09c7\u0995\u09c7 ","startDuration":"1.6272","endDuration":"1.9089","wordfile":[{"path":"audios\/wordfile-671b6e0bf40a6.mp3","mime":"audio\/mpeg","copyright":{"license":"U"}}]},{"text":" \u09b2\u09ae\u09cd\u09ac\u09be\u0964 ","startDuration":"1.9090","endDuration":"2.5625","wordfile":[{"path":"audios\/wordfile-671b6e1f69ab6.mp3","mime":"audio\/mpeg","copyright":{"license":"U"}}]}],"files":[{"path":"audios\/files-668d0a853c9ba.mp3","mime":"audio\/mpeg","copyright":{"license":"U"}}]},"subContentId":"76979326-7e6b-4788-a949-128b4b5bb881","metadata":{"contentType":"Curious Reader Audio","license":"U","title":"Untitled Curious Reader Audio"}},"backgroundOpacity":0,"willDoAnimation":false,"animationType":"glow","displayAsButton":false,"buttonSize":"big","goToSlideType":"specified","invisible":false},{"x":33.088235294117645,"y":18.284072727272726,"width":8.63970588235294,"height":60.72727272727273,"action":{"library":"H5P.Image 1.1","params":{"contentName":"Image"},"subContentId":"162c4eb9-6430-48d6-9b0b-e368fca68fbf","metadata":{"contentType":"Image","license":"U","title":"Untitled Image"}},"backgroundOpacity":0,"willDoAnimation":true,"animationType":"glow","displayAsButton":false,"buttonSize":"big","goToSlideType":"specified","invisible":false,"id":"img76979326-7e6b-4788-a949-128b4b5bb881_1"},{"x":23.897058823529413,"y":29.170472727272728,"width":8.63970588235294,"height":49.81818181818182,"action":{"library":"H5P.Image 1.1","params":{"contentName":"Image"},"subContentId":"915d86b3-d42b-4a6a-ab59-9dcfb992442b","metadata":{"contentType":"Image","license":"U","title":"Untitled Image"}},"backgroundOpacity":0,"willDoAnimation":true,"animationType":"glow","displayAsButton":false,"buttonSize":"big","goToSlideType":"specified","invisible":false,"id":"img76979326-7e6b-4788-a949-128b4b5bb881_3"}],"slideBackgroundSelector":{}},{"elements":[{"x":15.24259259259259,"y":4.314547413793104,"width":34.85838779956427,"height":92.88793103448276,"action":{"library":"H5P.Image 1.1","params":{"contentName":"Image","file":{"path":"images\/file-620d8c22dbcda.jpg","mime":"image\/jpeg","copyright":{"license":"U"},"width":639,"height":918}},"metadata":{"contentType":"Image","license":"U","title":"Untitled Image"},"subContentId":"ec439803-414f-4f94-bef7-2c65cfc2ee92"},"backgroundOpacity":0,"willDoAnimation":false,"animationType":"glow","displayAsButton":false,"buttonSize":"big","goToSlideType":"specified","invisible":false},{"x":53.37690631808279,"y":30.124759539865817,"width":40,"height":40,"action":{"library":"H5P.CRAdvancedText 1.1","params":{"text":"<p dir=\"ltr\" style=\"text-align: center;\"><span style=\"font-size:1.375em;\">\u0986\u09ae\u09be\u09b0 \u09ad\u09be\u0987 \u0986\u09ae\u09be\u09b0 \u09a5\u09c7\u0995\u09c7 \u09b2\u09ae\u09cd\u09ac\u09be\u0964<\/span><\/p>\n"},"subContentId":"94ce7688-2430-4964-a7ac-32b30b023c09","metadata":{"contentType":"Text","license":"U","title":"Untitled Text"}},"alwaysDisplayComments":false,"backgroundOpacity":0,"willDoAnimation":false,"animationType":"glow","displayAsButton":false,"buttonSize":"big","goToSlideType":"specified","invisible":false,"solution":""},{"x":46.96691176470588,"y":44,"width":40,"height":40,"action":{"library":"H5P.CRAudio 1.4","params":{"fitToWrapper":true,"currIndex":9,"playerMode":"minimalistic","controls":true,"autoplay":true,"playAudio":"Play audio","pauseAudio":"Pause audio","contentName":"Audio","glowColor":"#ffd85a","timeStampForEachText":[{"text":" \u0986\u09ae\u09be\u09b0 ","startDuration":"0.0000","endDuration":"0.4981","wordfile":[{"path":"audios\/wordfile-671b6e385ce86.mp3","mime":"audio\/mpeg","copyright":{"license":"U"}}]},{"text":" \u09ad\u09be\u0987 ","startDuration":"0.4982","endDuration":"0.9215","wordfile":[{"path":"audios\/wordfile-671b6e49916ac.mp3","mime":"audio\/mpeg","copyright":{"license":"U"}}]},{"text":" \u0986\u09ae\u09be\u09b0 ","startDuration":"0.9216","endDuration":"1.3969","wordfile":[{"path":"audios\/wordfile-671b6e5cb4b25.mp3","mime":"audio\/mpeg","copyright":{"license":"U"}}]},{"text":" \u09a5\u09c7\u0995\u09c7 ","startDuration":"1.3970","endDuration":"1.5837","wordfile":[{"path":"audios\/wordfile-671b6e6d00ee7.mp3","mime":"audio\/mpeg","copyright":{"license":"U"}}]},{"text":" \u09b2\u09ae\u09cd\u09ac\u09be\u0964 ","startDuration":"1.5838","endDuration":"2.3750","wordfile":[{"path":"audios\/wordfile-671b6e7fda5e6.mp3","mime":"audio\/mpeg","copyright":{"license":"U"}}]}],"files":[{"path":"audios\/files-668d0cd72e951.mp3","mime":"audio\/mpeg","copyright":{"license":"U"}}]},"subContentId":"ca7b56b6-54d7-4354-965a-cc484e91ea2f","metadata":{"contentType":"Curious Reader Audio","license":"U","title":"Untitled Curious Reader Audio"}},"backgroundOpacity":0,"willDoAnimation":false,"animationType":"glow","displayAsButton":false,"buttonSize":"big","goToSlideType":"specified","invisible":false},{"x":27.573529411764703,"y":29.09090909090909,"width":12.316176470588234,"height":40,"action":{"library":"H5P.Image 1.1","params":{"contentName":"Image"},"subContentId":"0cb06f26-55e1-421a-9215-99c7c4b21fc8","metadata":{"contentType":"Image","license":"U","title":"Untitled Image"}},"backgroundOpacity":0,"willDoAnimation":true,"animationType":"glow","displayAsButton":false,"buttonSize":"big","goToSlideType":"specified","invisible":false,"id":"imgca7b56b6-54d7-4354-965a-cc484e91ea2f_1"},{"x":18.38235294117647,"y":40.113454545454545,"width":10.477941176470587,"height":40,"action":{"library":"H5P.Image 1.1","params":{"contentName":"Image"},"subContentId":"736badfe-6bbc-48c9-8818-6c6b6f8e3a10","metadata":{"contentType":"Image","license":"U","title":"Untitled Image"}},"backgroundOpacity":0,"willDoAnimation":true,"animationType":"glow","displayAsButton":false,"buttonSize":"big","goToSlideType":"specified","invisible":false,"id":"imgca7b56b6-54d7-4354-965a-cc484e91ea2f_2"}],"slideBackgroundSelector":{}},{"elements":[{"x":16.338344226579522,"y":4.320560344827586,"width":33.00653594771242,"height":92.45689655172414,"action":{"library":"H5P.Image 1.1","params":{"contentName":"Image","file":{"path":"images\/file-620d8c5c30c01.jpg","mime":"image\/jpeg","copyright":{"license":"U"},"width":639,"height":918}},"metadata":{"contentType":"Image","license":"U","title":"Untitled Image"},"subContentId":"5bf06604-bab2-4fde-b399-8b6b9caf36cb"},"backgroundOpacity":0,"willDoAnimation":false,"animationType":"glow","displayAsButton":false,"buttonSize":"big","goToSlideType":"specified","invisible":false},{"x":50.505050505050505,"y":25.641025641025642,"width":40,"height":40,"action":{"library":"H5P.CRAdvancedText 1.1","params":{"text":"<p dir=\"ltr\" style=\"text-align: center;\"><span style=\"font-size:1.375em;\">\u0986\u09ae\u09bf \u09aa\u09b0\u09bf\u09ac\u09be\u09b0\u09c7\u09b0 \u09ae\u09a7\u09cd\u09af\u09c7 \u09b8\u09ac\u09a5\u09c7\u0995\u09c7 \u0996\u09be\u099f\u09cb\u0964<\/span><\/p>\n"},"subContentId":"5da06bf6-c805-48c4-8fd0-add34ef36a2b","metadata":{"contentType":"Text","license":"U","title":"Untitled Text"}},"alwaysDisplayComments":false,"backgroundOpacity":0,"willDoAnimation":false,"animationType":"glow","displayAsButton":false,"buttonSize":"big","goToSlideType":"specified","invisible":false,"solution":""},{"x":46.96691176470588,"y":44,"width":40,"height":40,"action":{"library":"H5P.CRAudio 1.4","params":{"fitToWrapper":true,"currIndex":10,"playerMode":"minimalistic","controls":true,"autoplay":true,"playAudio":"Play audio","pauseAudio":"Pause audio","contentName":"Audio","glowColor":"#ffd85a","timeStampForEachText":[{"text":" \u0986\u09ae\u09bf ","startDuration":"0.0000","endDuration":"0.4801","wordfile":[{"path":"audios\/wordfile-671b6e994d3f5.mp3","mime":"audio\/mpeg","copyright":{"license":"U"}}]},{"text":" \u09aa\u09b0\u09bf\u09ac\u09be\u09b0\u09c7\u09b0 ","startDuration":"0.4811","endDuration":"0.9388","wordfile":[{"path":"audios\/wordfile-671b6eaa3ac6a.mp3","mime":"audio\/mpeg","copyright":{"license":"U"}}]},{"text":" \u09ae\u09a7\u09cd\u09af\u09c7 ","startDuration":"0.9390","endDuration":"1.4191","wordfile":[{"path":"audios\/wordfile-671b6ebac183c.mp3","mime":"audio\/mpeg","copyright":{"license":"U"}}]},{"text":" \u09b8\u09ac\u09a5\u09c7\u0995\u09c7 ","startDuration":"1.4193","endDuration":"2.1980","wordfile":[{"path":"audios\/wordfile-671b6ecee80de.mp3","mime":"audio\/mpeg","copyright":{"license":"U"}}]},{"text":" \u0996\u09be\u099f\u09cb\u0964 ","startDuration":"2.1981","endDuration":"2.8125","wordfile":[{"path":"audios\/wordfile-671b6ee2bcfd2.mp3","mime":"audio\/mpeg","copyright":{"license":"U"}}]}],"files":[{"path":"audios\/files-668d0e92845ee.mp3","mime":"audio\/mpeg","copyright":{"license":"U"}}]},"subContentId":"bc5bc679-78c3-494b-8670-ff8d3490e008","metadata":{"contentType":"Curious Reader Audio","license":"U","title":"Untitled Curious Reader Audio"}},"backgroundOpacity":0,"willDoAnimation":false,"animationType":"glow","displayAsButton":false,"buttonSize":"big","goToSlideType":"specified","invisible":false},{"x":18.38235294117647,"y":10.909090909090908,"width":27.02205882352941,"height":40,"action":{"library":"H5P.Image 1.1","params":{"contentName":"Image"},"subContentId":"8d75b159-acee-470f-8978-bbe5fc078bfb","metadata":{"contentType":"Image","license":"U","title":"Untitled Image"}},"backgroundOpacity":0,"willDoAnimation":true,"animationType":"glow","displayAsButton":false,"buttonSize":"big","goToSlideType":"specified","invisible":false,"id":"imgbc5bc679-78c3-494b-8670-ff8d3490e008_1"},{"x":23.89705882352941,"y":43.63636363636363,"width":15.992647058823529,"height":40,"action":{"library":"H5P.Image 1.1","params":{"contentName":"Image"},"subContentId":"8c184949-15ac-4d24-a4ed-c148bc4094d8","metadata":{"contentType":"Image","license":"U","title":"Untitled Image"}},"backgroundOpacity":0,"willDoAnimation":true,"animationType":"glow","displayAsButton":false,"buttonSize":"big","goToSlideType":"specified","invisible":false,"id":"imgbc5bc679-78c3-494b-8670-ff8d3490e008_4"},{"x":23.89705882352941,"y":43.63636363636363,"width":15.992647058823529,"height":40,"action":{"library":"H5P.Image 1.1","params":{"contentName":"Image"},"subContentId":"8fac638e-7b14-446f-928f-8069f37375de","metadata":{"contentType":"Image","license":"U","title":"Untitled Image"}},"backgroundOpacity":0,"willDoAnimation":true,"animationType":"glow","displayAsButton":false,"buttonSize":"big","goToSlideType":"specified","invisible":false,"id":"imgbc5bc679-78c3-494b-8670-ff8d3490e008_0"}],"slideBackgroundSelector":{}},{"elements":[{"x":17.426470588235293,"y":6.47334051724138,"width":32.46187363834423,"height":89.65517241379311,"action":{"library":"H5P.Image 1.1","params":{"contentName":"Image","file":{"path":"images\/file-620d8c9aa16a1.jpg","mime":"image\/jpeg","copyright":{"license":"U"},"width":639,"height":918}},"metadata":{"contentType":"Image","license":"U","title":"Untitled Image"},"subContentId":"ae70667a-fe5d-4f6e-96d3-e63ca9aa9160"},"backgroundOpacity":0,"willDoAnimation":false,"animationType":"glow","displayAsButton":false,"buttonSize":"big","goToSlideType":"specified","invisible":false},{"x":54.46623093681917,"y":32.27652807842766,"width":40,"height":40,"action":{"library":"H5P.CRAdvancedText 1.1","params":{"text":"<p dir=\"ltr\" style=\"text-align: center;\"><span style=\"font-size:1.375em;\">\u0993\u09b9\u09cd\u200c \u09a6\u09be\u0981\u09dc\u09be\u0993! \u098f\u0987 \u09b9\u09b2 \u0986\u09ae\u09be\u09a6\u09c7\u09b0 \u0995\u09c1\u0995\u09c1\u09b0\u099b\u09be\u09a8\u09be, \u099c\u09cb\u099c\u09cb\u0964<\/span><\/p>\n"},"subContentId":"9b262f75-e92f-402d-a68c-1f6324d6de47","metadata":{"contentType":"Text","license":"U","title":"Untitled Text"}},"alwaysDisplayComments":false,"backgroundOpacity":0,"willDoAnimation":false,"animationType":"glow","displayAsButton":false,"buttonSize":"big","goToSlideType":"specified","invisible":false,"solution":""},{"x":46.96691176470588,"y":44,"width":40,"height":40,"action":{"library":"H5P.CRAudio 1.4","params":{"fitToWrapper":true,"currIndex":11,"playerMode":"minimalistic","controls":true,"autoplay":true,"playAudio":"Play audio","pauseAudio":"Pause audio","contentName":"Audio","glowColor":"#ffd85a","timeStampForEachText":[{"text":" \u0993\u09b9\u09cd\u200c ","startDuration":"0.0000","endDuration":"0.3594","wordfile":[{"path":"audios\/wordfile-672d4b6129ca1.mp3","mime":"audio\/mpeg","copyright":{"license":"U"}}]},{"text":" \u09a6\u09be\u0981\u09dc\u09be\u0993! ","startDuration":"0.3595","endDuration":"0.9411","wordfile":[{"path":"audios\/wordfile-671b6f3809d62.mp3","mime":"audio\/mpeg","copyright":{"license":"U"}}]},{"text":" \u098f\u0987 ","startDuration":"0.9412","endDuration":"1.2775","wordfile":[{"path":"audios\/wordfile-671b6f4a7e2b2.mp3","mime":"audio\/mpeg","copyright":{"license":"U"}}]},{"text":" \u09b9\u09b2 ","startDuration":"1.2776","endDuration":"1.5582","wordfile":[{"path":"audios\/wordfile-671b6f5e1aa67.mp3","mime":"audio\/mpeg","copyright":{"license":"U"}}]},{"text":" \u0986\u09ae\u09be\u09a6\u09c7\u09b0 ","startDuration":"1.5583","endDuration":"2.1018","wordfile":[{"path":"audios\/wordfile-671b6f70da26a.mp3","mime":"audio\/mpeg","copyright":{"license":"U"}}]},{"text":" \u0995\u09c1\u0995\u09c1\u09b0\u099b\u09be\u09a8\u09be, ","startDuration":"2.1019","endDuration":"3.0677","wordfile":[{"path":"audios\/wordfile-671b6f823627d.mp3","mime":"audio\/mpeg","copyright":{"license":"U"}}]},{"text":" \u099c\u09cb\u099c\u09cb\u0964 ","startDuration":"3.0678","endDuration":"4.0000","wordfile":[{"path":"audios\/wordfile-671b6f97368d6.mp3","mime":"audio\/mpeg","copyright":{"license":"U"}}]}],"files":[{"path":"audios\/files-668d109da84f1.mp3","mime":"audio\/mpeg","copyright":{"license":"U"}}]},"subContentId":"09d766bb-7c5f-4451-9776-dc1225d204e9","metadata":{"contentType":"Curious Reader Audio","license":"U","title":"Untitled Curious Reader Audio"}},"backgroundOpacity":0,"willDoAnimation":false,"animationType":"glow","displayAsButton":false,"buttonSize":"big","goToSlideType":"specified","invisible":false},{"x":33.088235294117645,"y":69.0909090909091,"width":17.830882352941174,"height":26.181818181818183,"action":{"library":"H5P.Image 1.1","params":{"contentName":"Image"},"subContentId":"2af58d10-070f-43a1-88cb-8e3f1ba10817","metadata":{"contentType":"Image","license":"U","title":"Untitled Image"}},"backgroundOpacity":0,"willDoAnimation":true,"animationType":"glow","displayAsButton":false,"buttonSize":"big","goToSlideType":"specified","invisible":false,"id":"img09d766bb-7c5f-4451-9776-dc1225d204e9_5"},{"x":33.088235294117645,"y":69.0909090909091,"width":18.38235294117647,"height":28,"action":{"library":"H5P.Image 1.1","params":{"contentName":"Image"},"subContentId":"70c42340-9a04-4cb9-a3cb-5cc274438664","metadata":{"contentType":"Image","license":"U","title":"Untitled Image"}},"backgroundOpacity":0,"willDoAnimation":true,"animationType":"glow","displayAsButton":false,"buttonSize":"big","goToSlideType":"specified","invisible":false,"id":"img09d766bb-7c5f-4451-9776-dc1225d204e9_6"}],"slideBackgroundSelector":{}},{"elements":[{"x":16.228976034858388,"y":6.47334051724138,"width":32.6797385620915,"height":90.51724137931035,"action":{"library":"H5P.Image 1.1","params":{"contentName":"Image","file":{"path":"images\/file-620d8cddb99ae.jpg","mime":"image\/jpeg","copyright":{"license":"U"},"width":479,"height":687}},"metadata":{"contentType":"Image","license":"U","title":"Untitled Image"},"subContentId":"b0a958ff-98a9-43bb-a0f2-0d435e39a16f"},"backgroundOpacity":0,"willDoAnimation":false,"animationType":"glow","displayAsButton":false,"buttonSize":"big","goToSlideType":"specified","invisible":false},{"x":54.46623093681917,"y":27.972991001303974,"width":40,"height":40,"action":{"library":"H5P.CRAdvancedText 1.1","params":{"text":"<p dir=\"ltr\" style=\"text-align: center;\"><span style=\"font-size:1.375em;\">\u099c\u09cb\u099c\u09cb \u0986\u09ae\u09be\u09b0 \u099a\u09aa\u09cd\u09aa\u09b2 \u098f\u09a8\u09c7 \u09a6\u09bf\u099a\u09cd\u099b\u09c7\u0964<\/span><\/p>\n"},"subContentId":"8564a3dc-0eca-4be8-ba1d-b8018542d278","metadata":{"contentType":"Text","license":"U","title":"Untitled Text"}},"alwaysDisplayComments":false,"backgroundOpacity":0,"willDoAnimation":false,"animationType":"glow","displayAsButton":false,"buttonSize":"big","goToSlideType":"specified","invisible":false,"solution":""},{"x":46.96691176470588,"y":44,"width":40,"height":40,"action":{"library":"H5P.CRAudio 1.4","params":{"fitToWrapper":true,"currIndex":12,"playerMode":"minimalistic","controls":true,"autoplay":true,"playAudio":"Play audio","pauseAudio":"Pause audio","contentName":"Audio","glowColor":"#ffd85a","timeStampForEachText":[{"text":" \u099c\u09cb\u099c\u09cb ","startDuration":"0.0000","endDuration":"0.5879","wordfile":[{"path":"audios\/wordfile-671b6fb106f35.mp3","mime":"audio\/mpeg","copyright":{"license":"U"}}]},{"text":" \u0986\u09ae\u09be\u09b0 ","startDuration":"0.5889","endDuration":"0.9119","wordfile":[{"path":"audios\/wordfile-671b6fc302317.mp3","mime":"audio\/mpeg","copyright":{"license":"U"}}]},{"text":" \u099a\u09aa\u09cd\u09aa\u09b2 ","startDuration":"0.9129","endDuration":"1.5718","wordfile":[{"path":"audios\/wordfile-671b6fd418ebc.mp3","mime":"audio\/mpeg","copyright":{"license":"U"}}]},{"text":" \u098f\u09a8\u09c7 ","startDuration":"1.5719","endDuration":"1.8674","wordfile":[{"path":"audios\/wordfile-671b6fe6b8d7b.mp3","mime":"audio\/mpeg","copyright":{"license":"U"}}]},{"text":" \u09a6\u09bf\u099a\u09cd\u099b\u09c7\u0964 ","startDuration":"1.8675","endDuration":"2.3750","wordfile":[{"path":"audios\/wordfile-671b6ff962bcb.mp3","mime":"audio\/mpeg","copyright":{"license":"U"}}]}],"files":[{"path":"audios\/files-668d13071a154.mp3","mime":"audio\/mpeg","copyright":{"license":"U"}}]},"subContentId":"532ace9b-06c3-44a9-a596-70339d075e75","metadata":{"contentType":"Curious Reader Audio","license":"U","title":"Untitled Curious Reader Audio"}},"backgroundOpacity":0,"willDoAnimation":false,"animationType":"glow","displayAsButton":false,"buttonSize":"big","goToSlideType":"specified","invisible":false},{"x":33.088235294117645,"y":65.45454545454545,"width":15.992647058823529,"height":15.636363636363637,"action":{"library":"H5P.Image 1.1","params":{"contentName":"Image"},"subContentId":"a9171c03-2237-4568-8e15-3511ec3a1654","metadata":{"contentType":"Image","license":"U","title":"Untitled Image"}},"backgroundOpacity":0,"willDoAnimation":true,"animationType":"glow","displayAsButton":false,"buttonSize":"big","goToSlideType":"specified","invisible":false,"id":"img532ace9b-06c3-44a9-a596-70339d075e75_0"},{"x":33.088235294117645,"y":72.93745454545456,"width":5.88235294117647,"height":9.818181818181818,"action":{"library":"H5P.Image 1.1","params":{"contentName":"Image"},"subContentId":"d356f35a-42e5-419d-8e01-105478be5b9c","metadata":{"contentType":"Image","license":"U","title":"Untitled Image"}},"backgroundOpacity":0,"willDoAnimation":true,"animationType":"glow","displayAsButton":false,"buttonSize":"big","goToSlideType":"specified","invisible":false,"id":"img532ace9b-06c3-44a9-a596-70339d075e75_2"}],"slideBackgroundSelector":{}},{"elements":[{"x":15.247167755991283,"y":6.47334051724138,"width":32.6797385620915,"height":90.30172413793105,"action":{"library":"H5P.Image 1.1","params":{"contentName":"Image","file":{"path":"images\/file-620d8d0a066ff.jpg","mime":"image\/jpeg","copyright":{"license":"U"},"width":479,"height":687}},"metadata":{"contentType":"Image","license":"U","title":"Untitled Image"},"subContentId":"89d672ca-d3ad-478d-bb23-9297f0787395"},"backgroundOpacity":0,"willDoAnimation":false,"animationType":"glow","displayAsButton":false,"buttonSize":"big","goToSlideType":"specified","invisible":false},{"x":49.06204906204906,"y":17.094017094017094,"width":40,"height":40,"action":{"library":"H5P.CRAdvancedText 1.1","params":{"text":"<p dir=\"ltr\" style=\"text-align: center;\"><span style=\"font-size:1.375em;\">\u09b9\u09be \u09b9\u09be! \u099c\u09cb\u099c\u09cb \u09b9\u09b2 \u09b8\u09ac\u09a5\u09c7\u0995\u09c7 \u0996\u09be\u099f\u09cb\u0964<\/span><\/p>\n"},"subContentId":"2454353b-98f5-4c25-87f6-d757dd5e4711","metadata":{"contentType":"Text","license":"U","title":"Untitled Text"}},"alwaysDisplayComments":false,"backgroundOpacity":0,"willDoAnimation":false,"animationType":"glow","displayAsButton":false,"buttonSize":"big","goToSlideType":"specified","invisible":false,"solution":""},{"x":46.96691176470588,"y":44,"width":40,"height":40,"action":{"library":"H5P.CRAudio 1.4","params":{"fitToWrapper":true,"currIndex":13,"playerMode":"minimalistic","controls":true,"autoplay":true,"playAudio":"Play audio","pauseAudio":"Pause audio","contentName":"Audio","glowColor":"#ffd85a","timeStampForEachText":[{"text":" \u09b9\u09be ","startDuration":"0.0000","endDuration":"0.3165","wordfile":[{"path":"audios\/wordfile-672d4d5c1e30c.wav","mime":"audio\/x-wav","copyright":{"license":"U"}}]},{"text":" \u09b9\u09be! ","startDuration":"0.3175","endDuration":"0.8800","wordfile":[{"path":"audios\/wordfile-672d4d6479fb9.wav","mime":"audio\/x-wav","copyright":{"license":"U"}}]},{"text":" \u099c\u09cb\u099c\u09cb ","startDuration":"0.8810","endDuration":"1.5925","wordfile":[{"path":"audios\/wordfile-671b702fdc3c3.mp3","mime":"audio\/mpeg","copyright":{"license":"U"}}]},{"text":" \u09b9\u09b2 ","startDuration":"1.5926","endDuration":"1.8905","wordfile":[{"path":"audios\/wordfile-671b70412bff4.mp3","mime":"audio\/mpeg","copyright":{"license":"U"}}]},{"text":" \u09b8\u09ac\u09a5\u09c7\u0995\u09c7 ","startDuration":"1.8907","endDuration":"2.5965","wordfile":[{"path":"audios\/wordfile-671b70524d561.mp3","mime":"audio\/mpeg","copyright":{"license":"U"}}]},{"text":" \u0996\u09be\u099f\u09cb\u0964 ","startDuration":"2.5966","endDuration":"3.2500","wordfile":[{"path":"audios\/wordfile-671b706584506.mp3","mime":"audio\/mpeg","copyright":{"license":"U"}}]}],"files":[{"path":"audios\/files-668d148155ae5.mp3","mime":"audio\/mpeg","copyright":{"license":"U"}}]},"subContentId":"79d6cdb2-cbd1-4225-86f3-ddabc3636390","metadata":{"contentType":"Curious Reader Audio","license":"U","title":"Untitled Curious Reader Audio"}},"backgroundOpacity":0,"willDoAnimation":false,"animationType":"glow","displayAsButton":false,"buttonSize":"big","goToSlideType":"specified","invisible":false},{"x":29.411764705882355,"y":62.08254545454545,"width":14.15441176470588,"height":17.09090909090909,"action":{"library":"H5P.Image 1.1","params":{"contentName":"Image"},"subContentId":"53e3a054-8ed3-45bc-bf20-c073a75501fa","metadata":{"contentType":"Image","license":"U","title":"Untitled Image"}},"backgroundOpacity":0,"willDoAnimation":true,"animationType":"glow","displayAsButton":false,"buttonSize":"big","goToSlideType":"specified","invisible":false,"id":"img79d6cdb2-cbd1-4225-86f3-ddabc3636390_2"},{"x":29.411764705882355,"y":61.906181818181814,"width":13.970588235294116,"height":17.09090909090909,"action":{"library":"H5P.Image 1.1","params":{"contentName":"Image"},"subContentId":"1935c91c-7af1-4e49-ab8a-87a42e5fb92c","metadata":{"contentType":"Image","license":"U","title":"Untitled Image"}},"backgroundOpacity":0,"willDoAnimation":true,"animationType":"glow","displayAsButton":false,"buttonSize":"big","goToSlideType":"specified","invisible":false,"id":"img79d6cdb2-cbd1-4225-86f3-ddabc3636390_5"}],"slideBackgroundSelector":{}},{"elements":[{"x":14.159041394335512,"y":7.847370689655173,"width":35.83877995642702,"height":89.00862068965517,"action":{"library":"H5P.Image 1.1","params":{"contentName":"Image","file":{"path":"images\/file-620d8d312228a.jpg","mime":"image\/jpeg","copyright":{"license":"U"},"width":479,"height":687}},"metadata":{"contentType":"Image","license":"U","title":"Untitled Image"},"subContentId":"e767bcfd-f9ac-468c-afd5-1d15bc90d6b7"},"backgroundOpacity":0,"willDoAnimation":false,"animationType":"glow","displayAsButton":false,"buttonSize":"big","goToSlideType":"specified","invisible":false},{"x":54.46623093681917,"y":32.27652807842766,"width":40,"height":40,"action":{"library":"H5P.CRAdvancedText 1.1","params":{"text":"<p dir=\"ltr\" style=\"text-align: center;\"><span style=\"font-size:1.375em;\">\u09b9\u09cd\u09af\u09be\u0981! \u099c\u09cb\u099c\u09cb \u0986\u09ae\u09be\u09b0 \u09a5\u09c7\u0995\u09c7 \u0996\u09be\u099f\u09cb\u0964<\/span><\/p>\n"},"subContentId":"9ad72868-95b2-40a9-b911-06eaf294e6d2","metadata":{"contentType":"Text","license":"U","title":"Untitled Text"}},"alwaysDisplayComments":false,"backgroundOpacity":0,"willDoAnimation":false,"animationType":"glow","displayAsButton":false,"buttonSize":"big","goToSlideType":"specified","invisible":false,"solution":""},{"x":92.5925925925926,"y":2.151768538561844,"width":40,"height":40,"action":{"library":"H5P.CRAudio 1.4","params":{"fitToWrapper":true,"currIndex":14,"playerMode":"minimalistic","controls":true,"autoplay":true,"playAudio":"Play audio","pauseAudio":"Pause audio","contentName":"Audio","glowColor":"#ffd85a","timeStampForEachText":[{"text":" \u09b9\u09cd\u09af\u09be\u0981! ","startDuration":"0.0000","endDuration":"0.6506","wordfile":[{"path":"audios\/wordfile-671b707d9dd95.mp3","mime":"audio\/mpeg","copyright":{"license":"U"}}]},{"text":" \u099c\u09cb\u099c\u09cb ","startDuration":"0.6516","endDuration":"1.5479","wordfile":[{"path":"audios\/wordfile-671b708dcb491.mp3","mime":"audio\/mpeg","copyright":{"license":"U"}}]},{"text":" \u0986\u09ae\u09be\u09b0 ","startDuration":"1.5489","endDuration":"1.9947","wordfile":[{"path":"audios\/wordfile-671b70a2aa5bd.mp3","mime":"audio\/mpeg","copyright":{"license":"U"}}]},{"text":" \u09a5\u09c7\u0995\u09c7 ","startDuration":"1.9957","endDuration":"2.2250","wordfile":[{"path":"audios\/wordfile-671b70b4f35b0.mp3","mime":"audio\/mpeg","copyright":{"license":"U"}}]},{"text":" \u0996\u09be\u099f\u09cb\u0964 ","startDuration":"2.2251","endDuration":"2.9375","wordfile":[{"path":"audios\/wordfile-672d4dfc0ec3c.mp3","mime":"audio\/mpeg","copyright":{"license":"U"}}]}],"files":[{"path":"audios\/files-668d16c6a1e2a.mp3","mime":"audio\/mpeg","copyright":{"license":"U"}}]},"subContentId":"9a84b83b-a553-482f-8632-5773bec0d498","metadata":{"contentType":"Curious Reader Audio","license":"U","title":"Untitled Curious Reader Audio"}},"backgroundOpacity":0,"willDoAnimation":false,"animationType":"glow","displayAsButton":false,"buttonSize":"big","goToSlideType":"specified","invisible":false},{"x":14.705882352941176,"y":58.18181818181818,"width":21.507352941176467,"height":27.636363636363637,"action":{"library":"H5P.Image 1.1","params":{"contentName":"Image"},"subContentId":"e08ddf56-f372-45b5-8b05-6d7882e4a14e","metadata":{"contentType":"Image","license":"U","title":"Untitled Image"}},"backgroundOpacity":0,"willDoAnimation":true,"animationType":"glow","displayAsButton":false,"buttonSize":"big","goToSlideType":"specified","invisible":false,"id":"img9a84b83b-a553-482f-8632-5773bec0d498_1"},{"x":23.897058823529413,"y":18.232945454545455,"width":20.955882352941174,"height":31.636363636363637,"action":{"library":"H5P.Image 1.1","params":{"contentName":"Image"},"subContentId":"eeb3f76d-438c-4848-b80d-4897bdc99a85","metadata":{"contentType":"Image","license":"U","title":"Untitled Image"}},"backgroundOpacity":0,"willDoAnimation":true,"animationType":"glow","displayAsButton":false,"buttonSize":"big","goToSlideType":"specified","invisible":false,"id":"img9a84b83b-a553-482f-8632-5773bec0d498_2"}],"slideBackgroundSelector":{}},{"elements":[{"x":13.832270408163264,"y":6.468438287153652,"width":34.43877551020408,"height":90.42821158690175,"action":{"library":"H5P.Image 1.1","params":{"contentName":"Image","file":{"path":"images\/file-620d8d58bb16b.jpg","mime":"image\/jpeg","copyright":{"license":"U"},"width":639,"height":918}},"metadata":{"contentType":"Image","license":"U","title":"Untitled Image"},"subContentId":"04bd3f8e-9a22-417f-8446-3b35b45f2017"},"backgroundOpacity":0,"willDoAnimation":false,"animationType":"glow","displayAsButton":false,"buttonSize":"big","goToSlideType":"specified","invisible":false},{"x":51.19825708061002,"y":27.972991001303974,"width":40,"height":40,"action":{"library":"H5P.CRAdvancedText 1.1","params":{"text":"<p dir=\"ltr\" style=\"text-align: center;\"><span style=\"font-size:1.375em;\">\u0986\u09ae\u09bf \u0986\u09ae\u09be\u09b0 \u09ad\u09be\u0987\u09df\u09c7\u09b0 \u09a5\u09c7\u0995\u09c7 \u0996\u09be\u099f\u09cb\u0964<\/span><\/p>\n"},"subContentId":"07b0ce94-eba5-402f-b644-a387589e0110","metadata":{"contentType":"Text","license":"U","title":"Untitled Text"}},"alwaysDisplayComments":false,"backgroundOpacity":0,"willDoAnimation":false,"animationType":"glow","displayAsButton":false,"buttonSize":"big","goToSlideType":"specified","invisible":false,"solution":""},{"x":18.38235294117647,"y":29.09090909090909,"width":12.316176470588234,"height":24.363636363636363,"action":{"library":"H5P.Image 1.1","params":{"contentName":"Image"},"subContentId":"06e3d4d9-d899-4f85-93f9-9f1164ff3b28","metadata":{"contentType":"Image","license":"U","title":"Untitled Image"}},"backgroundOpacity":0,"willDoAnimation":true,"animationType":"glow","displayAsButton":false,"buttonSize":"big","goToSlideType":"specified","invisible":false,"id":"imgef65d065-7f82-4b82-8d78-a828f7516c58_0"},{"x":30.10110294117647,"y":10.93749090909091,"width":17.095588235294116,"height":49.81818181818182,"action":{"library":"H5P.Image 1.1","params":{"contentName":"Image"},"subContentId":"30016181-dcf4-4cb7-a2e1-31d4be86e3c8","metadata":{"contentType":"Image","license":"U","title":"Untitled Image"}},"backgroundOpacity":0,"willDoAnimation":true,"animationType":"glow","displayAsButton":false,"buttonSize":"big","goToSlideType":"specified","invisible":false,"id":"imgef65d065-7f82-4b82-8d78-a828f7516c58_2"},{"x":47.000103485838785,"y":44.00026681929878,"width":40,"height":40,"action":{"library":"H5P.CRAudio 1.4","params":{"fitToWrapper":true,"currIndex":15,"playerMode":"minimalistic","controls":true,"autoplay":true,"playAudio":"Play audio","pauseAudio":"Pause audio","contentName":"Audio","glowColor":"#ffd85a","timeStampForEachText":[{"text":" \u0986\u09ae\u09bf ","startDuration":"0.0000","endDuration":"0.4389","wordfile":[{"path":"audios\/wordfile-675148c55e8c7.mp3","mime":"audio\/mpeg","copyright":{"license":"U"}}]},{"text":" \u0986\u09ae\u09be\u09b0 ","startDuration":"0.4399","endDuration":"0.8967","wordfile":[{"path":"audios\/wordfile-675148e352f3f.mp3","mime":"audio\/mpeg","copyright":{"license":"U"}}]},{"text":" \u09ad\u09be\u0987\u09df\u09c7\u09b0 ","startDuration":"0.8977","endDuration":"1.3032","wordfile":[{"path":"audios\/wordfile-67514907995bc.mp3","mime":"audio\/mpeg","copyright":{"license":"U"}}]},{"text":" \u09a5\u09c7\u0995\u09c7 ","startDuration":"1.3042","endDuration":"1.5992","wordfile":[{"path":"audios\/wordfile-675149256366f.mp3","mime":"audio\/mpeg","copyright":{"license":"U"}}]},{"text":" \u0996\u09be\u099f\u09cb\u0964 ","startDuration":"1.6002","endDuration":"2.0930","wordfile":[{"path":"audios\/wordfile-67514938325da.mp3","mime":"audio\/mpeg","copyright":{"license":"U"}}]}],"files":[{"path":"audios\/files-67514891a94d0.wav","mime":"audio\/x-wav","copyright":{"license":"U"}}]},"subContentId":"f3d7426d-b41c-44a0-b04e-270c1b29c743","metadata":{"contentType":"Curious Reader Audio","license":"U","title":"Untitled Curious Reader Audio"}},"backgroundOpacity":0,"willDoAnimation":false,"animationType":"glow","displayAsButton":false,"buttonSize":"big","goToSlideType":"specified","invisible":false}],"slideBackgroundSelector":{}},{"elements":[{"x":14.161220043572985,"y":6.4655172413793105,"width":35.947712418300654,"height":90.73275862068967,"action":{"library":"H5P.Image 1.1","params":{"contentName":"Image","file":{"path":"images\/file-620d8da1ca430.jpg","mime":"image\/jpeg","copyright":{"license":"U"},"width":479,"height":687}},"metadata":{"contentType":"Image","license":"U","title":"Untitled Image"},"subContentId":"60e40c47-4d45-4d74-8969-9c409aee425a"},"backgroundOpacity":0,"willDoAnimation":false,"animationType":"glow","displayAsButton":false,"buttonSize":"big","goToSlideType":"specified","invisible":false},{"x":50.505050505050505,"y":22.792022792022795,"width":40,"height":40,"action":{"library":"H5P.CRAdvancedText 1.1","params":{"text":"<p dir=\"ltr\" style=\"text-align: center;\"><span style=\"font-size:1.375em;\">\u0986\u09ae\u09be\u09b0 \u09ad\u09be\u0987 \u0986\u09ae\u09be\u09b0 \u09ac\u09cb\u09a8\u09c7\u09b0 \u09a5\u09c7\u0995\u09c7 \u0996\u09be\u099f\u09cb\u0964<\/span><\/p>\n"},"subContentId":"4e808457-769d-4f3b-95db-7d65d906f36b","metadata":{"contentType":"Text","license":"U","title":"Untitled Text"}},"alwaysDisplayComments":false,"backgroundOpacity":0,"willDoAnimation":false,"animationType":"glow","displayAsButton":false,"buttonSize":"big","goToSlideType":"specified","invisible":false,"solution":""},{"x":46.96691176470588,"y":44,"width":40,"height":40,"action":{"library":"H5P.CRAudio 1.4","params":{"fitToWrapper":true,"currIndex":16,"playerMode":"minimalistic","controls":true,"autoplay":true,"playAudio":"Play audio","pauseAudio":"Pause audio","contentName":"Audio","glowColor":"#ffd85a","timeStampForEachText":[{"text":" \u0986\u09ae\u09be\u09b0 ","startDuration":"0.0000","endDuration":"0.4886","wordfile":[{"path":"audios\/wordfile-671b724307270.mp3","mime":"audio\/mpeg","copyright":{"license":"U"}}]},{"text":" \u09ad\u09be\u0987 ","startDuration":"0.4887","endDuration":"0.7795","wordfile":[{"path":"audios\/wordfile-671b7253a47f1.mp3","mime":"audio\/mpeg","copyright":{"license":"U"}}]},{"text":" \u0986\u09ae\u09be\u09b0 ","startDuration":"0.7796","endDuration":"1.2029","wordfile":[{"path":"audios\/wordfile-671b7263c2707.mp3","mime":"audio\/mpeg","copyright":{"license":"U"}}]},{"text":" \u09ac\u09cb\u09a8\u09c7\u09b0 ","startDuration":"1.2039","endDuration":"1.5316","wordfile":[{"path":"audios\/wordfile-671b7272d8594.mp3","mime":"audio\/mpeg","copyright":{"license":"U"}}]},{"text":" \u09a5\u09c7\u0995\u09c7 ","startDuration":"1.5326","endDuration":"1.8083","wordfile":[{"path":"audios\/wordfile-671b728273c24.mp3","mime":"audio\/mpeg","copyright":{"license":"U"}}]},{"text":" \u0996\u09be\u099f\u09cb\u0964 ","startDuration":"1.8084","endDuration":"2.3750","wordfile":[{"path":"audios\/wordfile-671b729564f6a.mp3","mime":"audio\/mpeg","copyright":{"license":"U"}}]}],"files":[{"path":"audios\/files-668d19b14e680.mp3","mime":"audio\/mpeg","copyright":{"license":"U"}}]},"subContentId":"d9baecf5-b26d-48c8-b9e7-19e35ba042d4","metadata":{"contentType":"Curious Reader Audio","license":"U","title":"Untitled Curious Reader Audio"}},"backgroundOpacity":0,"willDoAnimation":false,"animationType":"glow","displayAsButton":false,"buttonSize":"big","goToSlideType":"specified","invisible":false},{"x":34.92647058823529,"y":18.232945454545455,"width":14.705882352941176,"height":35.27272727272727,"action":{"library":"H5P.Image 1.1","params":{"contentName":"Image"},"subContentId":"29af4e1f-5310-44eb-aa95-fde7cd3c553f","metadata":{"contentType":"Image","license":"U","title":"Untitled Image"}},"backgroundOpacity":0,"willDoAnimation":true,"animationType":"glow","displayAsButton":false,"buttonSize":"big","goToSlideType":"specified","invisible":false,"id":"imgd9baecf5-b26d-48c8-b9e7-19e35ba042d4_1"},{"x":18.38235294117647,"y":7.298290909090908,"width":10.477941176470587,"height":60.72727272727273,"action":{"library":"H5P.Image 1.1","params":{"contentName":"Image"},"subContentId":"bcb69f92-ef6d-4f07-9370-174b7ca7e7be","metadata":{"contentType":"Image","license":"U","title":"Untitled Image"}},"backgroundOpacity":0,"willDoAnimation":true,"animationType":"glow","displayAsButton":false,"buttonSize":"big","goToSlideType":"specified","invisible":false,"id":"imgd9baecf5-b26d-48c8-b9e7-19e35ba042d4_3"}],"slideBackgroundSelector":{}},{"elements":[{"x":14.596949891067538,"y":5.603448275862069,"width":34.85838779956427,"height":91.16379310344828,"action":{"library":"H5P.Image 1.1","params":{"contentName":"Image","file":{"path":"images\/file-620d8dcd7ce8c.jpg","mime":"image\/jpeg","copyright":{"license":"U"},"width":479,"height":687}},"metadata":{"contentType":"Image","license":"U","title":"Untitled Image"},"subContentId":"74592e07-1d40-4cfc-8d4f-dc0d059d43f9"},"backgroundOpacity":0,"willDoAnimation":false,"animationType":"glow","displayAsButton":false,"buttonSize":"big","goToSlideType":"specified","invisible":false},{"x":53.37690631808279,"y":34.428296616989506,"width":40,"height":40,"action":{"library":"H5P.CRAdvancedText 1.1","params":{"text":"<p style=\"text-align:center;\"><span style=\"font-size:1.375em;\">\u0986\u09ae\u09be\u09b0 \u09ac\u09cb\u09a8 \u0986\u09ae\u09be\u09b0 \u09ae\u09be\u09df\u09c7\u09b0 \u09a5\u09c7\u0995\u09c7 \u0996\u09be\u099f\u09cb\u0964<\/span><\/p>"},"subContentId":"6643345b-5a55-497e-8b6d-cb994138123e","metadata":{"contentType":"Text","license":"U","title":"Untitled Text"}},"alwaysDisplayComments":false,"backgroundOpacity":0,"willDoAnimation":false,"animationType":"glow","displayAsButton":false,"buttonSize":"big","goToSlideType":"specified","invisible":false,"solution":""},{"x":16.581632653061224,"y":25.181057934508814,"width":9.821428571428571,"height":21.914357682619645,"action":{"library":"H5P.Image 1.1","params":{"contentName":"Image"},"subContentId":"b1870cd8-3d8e-4b2a-b772-1805524f72ca","metadata":{"contentType":"Image","license":"U","title":"Untitled Image"}},"backgroundOpacity":0,"willDoAnimation":true,"animationType":"glow","displayAsButton":false,"buttonSize":"big","goToSlideType":"specified","invisible":false,"id":"imgd852421e-ebd8-4319-b00e-0bb12010bdf9_1"},{"x":25.510204081632654,"y":12.590528967254407,"width":12.372448979591837,"height":24.43324937027708,"action":{"library":"H5P.Image 1.1","params":{"contentName":"Image"},"subContentId":"32b7c1a1-12e8-42bc-9a43-55c975d317d3","metadata":{"contentType":"Image","license":"U","title":"Untitled Image"}},"backgroundOpacity":0,"willDoAnimation":true,"animationType":"glow","displayAsButton":false,"buttonSize":"big","goToSlideType":"specified","invisible":false,"id":"imgd852421e-ebd8-4319-b00e-0bb12010bdf9_3"},{"x":47.000103485838785,"y":44.00026681929878,"width":40,"height":40,"action":{"library":"H5P.CRAudio 1.4","params":{"fitToWrapper":true,"currIndex":17,"playerMode":"minimalistic","controls":true,"autoplay":true,"playAudio":"Play audio","pauseAudio":"Pause audio","contentName":"Audio","glowColor":"#ffd85a","timeStampForEachText":[{"text":" \u0986\u09ae\u09be\u09b0 ","startDuration":"0.0000","endDuration":"0.4787","wordfile":[{"path":"audios\/wordfile-67514bd40540f.mp3","mime":"audio\/mpeg","copyright":{"license":"U"}}]},{"text":" \u09ac\u09cb\u09a8 ","startDuration":"0.4797","endDuration":"0.8235","wordfile":[{"path":"audios\/wordfile-67514bf30142e.mp3","mime":"audio\/mpeg","copyright":{"license":"U"}}]},{"text":" \u0986\u09ae\u09be\u09b0 ","startDuration":"0.8245","endDuration":"1.1893","wordfile":[{"path":"audios\/wordfile-67514c1764311.mp3","mime":"audio\/mpeg","copyright":{"license":"U"}}]},{"text":" \u09ae\u09be\u09df\u09c7\u09b0 ","startDuration":"1.1903","endDuration":"1.5281","wordfile":[{"path":"audios\/wordfile-67514c34d40aa.mp3","mime":"audio\/mpeg","copyright":{"license":"U"}}]},{"text":" \u09a5\u09c7\u0995\u09c7 ","startDuration":"1.5291","endDuration":"1.8130","wordfile":[{"path":"audios\/wordfile-67514c515f1c9.mp3","mime":"audio\/mpeg","copyright":{"license":"U"}}]},{"text":" \u0996\u09be\u099f\u09cb\u0964 ","startDuration":"1.8219","endDuration":"2.4295","wordfile":[{"path":"audios\/wordfile-67514c6f11bca.mp3","mime":"audio\/mpeg","copyright":{"license":"U"}}]}],"files":[{"path":"audios\/files-67514bb0bef63.wav","mime":"audio\/x-wav","copyright":{"license":"U"}}]},"subContentId":"894e808d-2b65-46e8-812f-3f2325480e6c","metadata":{"contentType":"Curious Reader Audio","license":"U","title":"Untitled Curious Reader Audio"}},"backgroundOpacity":0,"willDoAnimation":false,"animationType":"glow","displayAsButton":false,"buttonSize":"big","goToSlideType":"specified","invisible":false}],"slideBackgroundSelector":{}},{"elements":[{"x":13.069005102040816,"y":6.468438287153652,"width":35.714285714285715,"height":90.6801007556675,"action":{"library":"H5P.Image 1.1","params":{"contentName":"Image","file":{"path":"images\/file-620d8e258bed1.jpg","mime":"image\/jpeg","copyright":{"license":"U"},"width":479,"height":687}},"metadata":{"contentType":"Image","license":"U","title":"Untitled Image"},"subContentId":"bf6b3186-5b89-4ff3-9612-1418d24637a7"},"backgroundOpacity":0,"willDoAnimation":false,"animationType":"glow","displayAsButton":false,"buttonSize":"big","goToSlideType":"specified","invisible":false},{"x":53.30882352941176,"y":25.454545454545453,"width":40,"height":40,"action":{"library":"H5P.CRAdvancedText 1.1","params":{"text":"<p dir=\"ltr\" style=\"text-align: center;\"><span style=\"font-size:1.375em;\">\u0986\u09ae\u09be\u09b0 \u09ae\u09be \u0986\u09ae\u09be\u09b0 \u09ac\u09be\u09ac\u09be\u09b0 \u09a5\u09c7\u0995\u09c7 \u0996\u09be\u099f\u09cb\u0964<\/span><\/p>\n"},"subContentId":"1d423c8b-2b6a-404c-ad55-e7db2fcd8803","metadata":{"contentType":"Text","license":"U","title":"Untitled Text"}},"alwaysDisplayComments":false,"backgroundOpacity":0,"willDoAnimation":false,"animationType":"glow","displayAsButton":false,"buttonSize":"big","goToSlideType":"specified","invisible":false,"solution":""},{"x":46.96691176470588,"y":44,"width":40,"height":40,"action":{"library":"H5P.CRAudio 1.4","params":{"fitToWrapper":true,"currIndex":18,"playerMode":"minimalistic","controls":true,"autoplay":true,"playAudio":"Play audio","pauseAudio":"Pause audio","contentName":"Audio","glowColor":"#ffd85a","timeStampForEachText":[{"text":" \u0986\u09ae\u09be\u09b0 ","startDuration":"0.0000","endDuration":"0.4395","wordfile":[{"path":"audios\/wordfile-671b73256fba1.mp3","mime":"audio\/mpeg","copyright":{"license":"U"}}]},{"text":" \u09ae\u09be ","startDuration":"0.4405","endDuration":"0.7649","wordfile":[{"path":"audios\/wordfile-671b73374f40f.mp3","mime":"audio\/mpeg","copyright":{"license":"U"}}]},{"text":" \u0986\u09ae\u09be\u09b0 ","startDuration":"0.7650","endDuration":"1.0902","wordfile":[{"path":"audios\/wordfile-671b7347a6fee.mp3","mime":"audio\/mpeg","copyright":{"license":"U"}}]},{"text":" \u09ac\u09be\u09ac\u09be\u09b0 ","startDuration":"1.0903","endDuration":"1.4340","wordfile":[{"path":"audios\/wordfile-671b735f28d30.mp3","mime":"audio\/mpeg","copyright":{"license":"U"}}]},{"text":" \u09a5\u09c7\u0995\u09c7 ","startDuration":"1.4341","endDuration":"1.7041","wordfile":[{"path":"audios\/wordfile-671b7370a867f.mp3","mime":"audio\/mpeg","copyright":{"license":"U"}}]},{"text":" \u0996\u09be\u099f\u09cb\u0964 ","startDuration":"1.7042","endDuration":"2.3125","wordfile":[{"path":"audios\/wordfile-671b7383502f0.mp3","mime":"audio\/mpeg","copyright":{"license":"U"}}]}],"files":[{"path":"audios\/files-668d1e2338ffe.mp3","mime":"audio\/mpeg","copyright":{"license":"U"}}]},"subContentId":"638a1879-a37d-420b-abff-a4a206e26843","metadata":{"contentType":"Curious Reader Audio","license":"U","title":"Untitled Curious Reader Audio"}},"backgroundOpacity":0,"willDoAnimation":false,"animationType":"glow","displayAsButton":false,"buttonSize":"big","goToSlideType":"specified","invisible":false},{"x":14.705882352941176,"y":14.545454545454545,"width":14.15441176470588,"height":21.454545454545453,"action":{"library":"H5P.Image 1.1","params":{"contentName":"Image"},"subContentId":"25a92142-de44-487d-8e00-b101d7133657","metadata":{"contentType":"Image","license":"U","title":"Untitled Image"}},"backgroundOpacity":0,"willDoAnimation":true,"animationType":"glow","displayAsButton":false,"buttonSize":"big","goToSlideType":"specified","invisible":false,"id":"img638a1879-a37d-420b-abff-a4a206e26843_1"},{"x":29.411764705882355,"y":7.289781818181819,"width":10.477941176470587,"height":28,"action":{"library":"H5P.Image 1.1","params":{"contentName":"Image"},"subContentId":"f29ab8d4-d74f-4193-b9c6-73115718479c","metadata":{"contentType":"Image","license":"U","title":"Untitled Image"}},"backgroundOpacity":0,"willDoAnimation":true,"animationType":"glow","displayAsButton":false,"buttonSize":"big","goToSlideType":"specified","invisible":false,"id":"img638a1879-a37d-420b-abff-a4a206e26843_3"}],"slideBackgroundSelector":{}},{"elements":[{"x":13.071023965141611,"y":6.482349137931035,"width":35.83877995642702,"height":90.51724137931035,"action":{"library":"H5P.Image 1.1","params":{"contentName":"Image","file":{"path":"images\/file-620d8e5f7c6e2.jpg","mime":"image\/jpeg","copyright":{"license":"U"},"width":639,"height":918}},"metadata":{"contentType":"Image","license":"U","title":"Untitled Image"},"subContentId":"e85d8338-0d12-4245-9ceb-cc02d0c59251"},"backgroundOpacity":0,"willDoAnimation":false,"animationType":"glow","displayAsButton":false,"buttonSize":"big","goToSlideType":"specified","invisible":false},{"x":50.505050505050505,"y":22.792022792022795,"width":40,"height":40,"action":{"library":"H5P.CRAdvancedText 1.1","params":{"text":"<p dir=\"ltr\" style=\"text-align: center;\"><span style=\"font-size:1.375em;\">\u0993\u09df\u09be\u0993! \u09ac\u09be\u09ac\u09be \u09b9\u09b2 \u09b8\u09ac\u09a5\u09c7\u0995\u09c7 \u09b2\u09ae\u09cd\u09ac\u09be, \u098f\u09ac\u0982 \u099c\u09cb\u099c\u09cb \u09b9\u09b2 \u09b8\u09ac\u09a5\u09c7\u0995\u09c7 \u0996\u09be\u099f\u09cb\u0964<\/span><\/p>\n"},"subContentId":"95045f79-7578-469b-bf8a-88a9007a1c69","metadata":{"contentType":"Text","license":"U","title":"Untitled Text"}},"alwaysDisplayComments":false,"backgroundOpacity":0,"willDoAnimation":false,"animationType":"glow","displayAsButton":false,"buttonSize":"big","goToSlideType":"specified","invisible":false,"solution":""},{"x":46.96691176470588,"y":44,"width":40,"height":40,"action":{"library":"H5P.CRAudio 1.4","params":{"fitToWrapper":true,"currIndex":19,"playerMode":"minimalistic","controls":true,"autoplay":true,"playAudio":"Play audio","pauseAudio":"Pause audio","contentName":"Audio","glowColor":"#ffd85a","timeStampForEachText":[{"text":" \u0993\u09df\u09be\u0993! ","startDuration":"0.0000","endDuration":"0.7580","wordfile":[{"path":"audios\/wordfile-671b73b8c70b4.mp3","mime":"audio\/mpeg","copyright":{"license":"U"}}]},{"text":" \u09ac\u09be\u09ac\u09be ","startDuration":"0.7581","endDuration":"1.3781","wordfile":[{"path":"audios\/wordfile-671b73c935a26.mp3","mime":"audio\/mpeg","copyright":{"license":"U"}}]},{"text":" \u09b9\u09b2 ","startDuration":"1.3782","endDuration":"1.6824","wordfile":[{"path":"audios\/wordfile-671b73da9de58.mp3","mime":"audio\/mpeg","copyright":{"license":"U"}}]},{"text":" \u09b8\u09ac\u09a5\u09c7\u0995\u09c7 ","startDuration":"1.6834","endDuration":"2.2864","wordfile":[{"path":"audios\/wordfile-671b73e9f30a6.mp3","mime":"audio\/mpeg","copyright":{"license":"U"}}]},{"text":" \u09b2\u09ae\u09cd\u09ac\u09be, ","startDuration":"2.2865","endDuration":"2.6631","wordfile":[{"path":"audios\/wordfile-671b73fa8b04a.mp3","mime":"audio\/mpeg","copyright":{"license":"U"}}]},{"text":" \u098f\u09ac\u0982 ","startDuration":"2.6632","endDuration":"3.0501","wordfile":[{"path":"audios\/wordfile-671b740b2e775.mp3","mime":"audio\/mpeg","copyright":{"license":"U"}}]},{"text":" \u099c\u09cb\u099c\u09cb ","startDuration":"3.0502","endDuration":"3.6334","wordfile":[{"path":"audios\/wordfile-671b741bddbca.mp3","mime":"audio\/mpeg","copyright":{"license":"U"}}]},{"text":" \u09b9\u09b2 ","startDuration":"3.6335","endDuration":"4.0101","wordfile":[{"path":"audios\/wordfile-671b742b87892.mp3","mime":"audio\/mpeg","copyright":{"license":"U"}}]},{"text":" \u09b8\u09ac\u09a5\u09c7\u0995\u09c7 ","startDuration":"4.0102","endDuration":"4.5624","wordfile":[{"path":"audios\/wordfile-671b743cc20e7.mp3","mime":"audio\/mpeg","copyright":{"license":"U"}}]},{"text":" \u0996\u09be\u099f\u09cb\u0964 ","startDuration":"4.5625","endDuration":"5.1875","wordfile":[{"path":"audios\/wordfile-671b744fb3b11.mp3","mime":"audio\/mpeg","copyright":{"license":"U"}}]}],"files":[{"path":"audios\/files-668d2010b2c6b.mp3","mime":"audio\/mpeg","copyright":{"license":"U"}}]},"subContentId":"a7985e10-5a7a-4b70-ab17-d1577068afb4","metadata":{"contentType":"Curious Reader Audio","license":"U","title":"Untitled Curious Reader Audio"}},"backgroundOpacity":0,"willDoAnimation":false,"animationType":"glow","displayAsButton":false,"buttonSize":"big","goToSlideType":"specified","invisible":false},{"x":18.38235294117647,"y":7.298290909090908,"width":14.15441176470588,"height":20.727272727272727,"action":{"library":"H5P.Image 1.1","params":{"contentName":"Image"},"subContentId":"e74bba4a-9cce-46c0-9ea6-1b5b704f3f25","metadata":{"contentType":"Image","license":"U","title":"Untitled Image"}},"backgroundOpacity":0,"willDoAnimation":true,"animationType":"glow","displayAsButton":false,"buttonSize":"big","goToSlideType":"specified","invisible":false,"id":"imga7985e10-5a7a-4b70-ab17-d1577068afb4_1"},{"x":29.411764705882355,"y":61.99418181818183,"width":10.477941176470587,"height":20.727272727272727,"action":{"library":"H5P.Image 1.1","params":{"contentName":"Image"},"subContentId":"ca7cdcb3-80dc-4e46-a2e4-d7bf022eca96","metadata":{"contentType":"Image","license":"U","title":"Untitled Image"}},"backgroundOpacity":0,"willDoAnimation":true,"animationType":"glow","displayAsButton":false,"buttonSize":"big","goToSlideType":"specified","invisible":false,"id":"imga7985e10-5a7a-4b70-ab17-d1577068afb4_6"}],"slideBackgroundSelector":{}},{"slideBackgroundSelector":{"fillSlideBackground":"#510265"},"elements":[{"x":71.42857142857143,"y":5.037783375314861,"width":26.403061224489797,"height":11.335012594458437,"action":{"library":"H5P.Image 1.1","params":{"contentName":"Image","file":{"path":"images\/file-621416dbd21d6.jpg","mime":"image\/jpeg","copyright":{"license":"U"},"width":1024,"height":209}},"metadata":{"contentType":"Image","license":"U","title":"Untitled Image"},"subContentId":"dca461cf-2797-43fc-8235-d1458724dbba"},"backgroundOpacity":0,"willDoAnimation":false,"animationType":"glow","displayAsButton":false,"buttonSize":"big","goToSlideType":"specified","invisible":false},{"x":3.826530612244898,"y":5.0338539042821155,"width":17.857142857142858,"height":13.09823677581864,"action":{"library":"H5P.Image 1.1","params":{"contentName":"Image","file":{"path":"images\/file-621417de42c38.png","mime":"image\/png","copyright":{"license":"U"},"width":1350,"height":505}},"metadata":{"contentType":"Image","license":"U","title":"Untitled Image"},"subContentId":"e53810ff-db6a-457c-935d-dab072652420"},"backgroundOpacity":0,"willDoAnimation":false,"animationType":"glow","displayAsButton":false,"buttonSize":"big","goToSlideType":"specified","invisible":false},{"x":38.052040816326524,"y":5.0338539042821155,"width":24.489795918367346,"height":12.594458438287154,"action":{"library":"H5P.Image 1.1","params":{"contentName":"Image","file":{"path":"images\/file-6214180a8b815.png","mime":"image\/png","copyright":{"license":"U"},"width":814,"height":202}},"metadata":{"contentType":"Image","license":"U","title":"Untitled Image"},"subContentId":"3d16a928-46cf-41e8-bb91-7aad8259e418"},"backgroundOpacity":0,"willDoAnimation":false,"animationType":"glow","displayAsButton":false,"buttonSize":"big","goToSlideType":"specified","invisible":false},{"x":6.475204081632653,"y":22.66413098236776,"width":88.01020408163265,"height":72.29219143576826,"action":{"library":"H5P.CRAdvancedText 1.1","params":{"text":"<h3 style=\"text-align: center;\"><strong><span style=\"font-size:0.75em;\"><span style=\"background-color:#ffffff;\">\"<\/span><\/span><\/strong>\u09b2\u09ae\u09cd\u09ac\u09be \u098f\u09ac\u0982 \u0996\u09be\u099f\u09cb<strong><span style=\"font-size:0.75em;\"><span style=\"background-color:#ffffff;\">\" credits<\/span><\/span><\/strong><\/h3>\n\n<h3 style=\"text-align: center;\"><strong><span style=\"font-size:0.75em;\"><span style=\"background-color:#ffffff;\">This work, \u201c<\/span><\/span><\/strong>\u09b2\u09ae\u09cd\u09ac\u09be \u098f\u09ac\u0982 \u0996\u09be\u099f\u09cb<strong><span style=\"font-size:0.75em;\"><span style=\"background-color:#ffffff;\">\u201d, is a derivative of \u201c<\/span><\/span><span style=\"background-color:#ffffff;\">Ubude nobufushane.<\/span><span style=\"font-size:0.75em;\"><span style=\"background-color:#ffffff;\">\u201d as translated by Celia Bolam used under CC BY. &nbsp;The \u00a9 for this translation lies with Room to Read, 2015. It is based on the original story: '\u1781\u17d2\u1796\u179f\u17cb\u1793\u17b7\u1784\u1791\u17b6\u1794', by Huy Chheng Rattana. \u00a9 Room to Read, 2015. Some changes were made to this work.<\/span><\/span><\/strong><\/h3>\n\n<h3 style=\"text-align: center;\"><strong><span style=\"font-size:0.75em;\"><span style=\"background-color:#ffffff;\">\u201c<\/span><\/span><\/strong>\u09b2\u09ae\u09cd\u09ac\u09be \u098f\u09ac\u0982 \u0996\u09be\u099f\u09cb<strong><span style=\"font-size:0.75em;\"><span style=\"background-color:#ffffff;\">\u201d is licensed under CC BY 4.0 by Curious Learning.<\/span><\/span><\/strong><\/h3>\n\n<h3 style=\"text-align: center;\"><br>\n<strong><span style=\"font-size:0.75em;\"><span style=\"background-color:#ffffff;\">Book builder - Abraham Jerry Kakooza<\/span><\/span><\/strong><\/h3>\n"},"metadata":{"contentType":"Text","license":"U","title":"Untitled Text"},"subContentId":"8d8d3374-d294-4681-b51f-66825d72b97e"},"alwaysDisplayComments":false,"backgroundOpacity":0,"willDoAnimation":false,"animationType":"glow","displayAsButton":false,"buttonSize":"big","goToSlideType":"specified","invisible":false,"solution":""}]}],"keywordListEnabled":true,"globalBackgroundSelector":{"fillGlobalBackground":"#fbeffe"},"keywordListAlwaysShow":false,"keywordListAutoHide":false,"keywordListOpacity":90},"override":{"activeSurface":false,"hideSummarySlide":false,"summarySlideSolutionButton":true,"summarySlideRetryButton":true,"enablePrintButton":false,"social":{"showFacebookShare":false,"facebookShare":{"url":"@currentpageurl","quote":"I scored @score out of @maxScore on a task at @currentpageurl."},"showTwitterShare":false,"twitterShare":{"statement":"I scored @score out of @maxScore on a task at @currentpageurl.","url":"@currentpageurl","hashtags":"h5p, course"},"showGoogleShare":false,"googleShareUrl":"@currentpageurl"}},"l10n":{"slide":"Slide","score":"Score","yourScore":"Your Score","maxScore":"Max Score","total":"Total","totalScore":"Total Score","showSolutions":"Show solutions","retry":"Retry","exportAnswers":"Export text","hideKeywords":"Hide sidebar navigation menu","showKeywords":"Show sidebar navigation menu","fullscreen":"Fullscreen","exitFullscreen":"Exit fullscreen","prevSlide":"Previous slide","nextSlide":"Next slide","currentSlide":"Current slide","lastSlide":"Last slide","solutionModeTitle":"Exit solution mode","solutionModeText":"Solution Mode","summaryMultipleTaskText":"Multiple tasks","scoreMessage":"You achieved:","shareFacebook":"Share on Facebook","shareTwitter":"Share on Twitter","shareGoogle":"Share on Google+","summary":"Summary","solutionsButtonTitle":"Show comments","printTitle":"Print","printIngress":"How would you like to print this presentation?","printAllSlides":"Print all slides","printCurrentSlide":"Print current slide","noTitle":"No title","accessibilitySlideNavigationExplanation":"Use left and right arrow to change slide in that direction whenever canvas is selected.","accessibilityCanvasLabel":"Presentation canvas. Use left and right arrow to move between slides.","containsNotCompleted":"@slideName contains not completed interaction","containsCompleted":"@slideName contains completed interaction","slideCount":"Slide @index of @total","containsOnlyCorrect":"@slideName only has correct answers","containsIncorrectAnswers":"@slideName has incorrect answers","shareResult":"Share Result","accessibilityTotalScore":"You got @score of @maxScore points in total","accessibilityEnteredFullscreen":"Entered fullscreen","accessibilityExitedFullscreen":"Exited fullscreen"}}