{
  "quizName": "french letter sounds",
  "appType": "assessment",
  "assessmentType": "letter-sounds",
  "feedbackText": "Fantastique!",
  "contentVersion": "v0.1",
  "buckets": [
    {
      "bucketID": 1,
      "bucketName": "frenchlet-b-1",
      "usedItems": [],
      "items": [
        {
          "itemName": "E",
          "itemText": "E"
        },
        {
          "itemName": "i",
          "itemText": "i"
        },
        {
          "itemName": "F",
          "itemText": "F"
        },
        {
          "itemName": "O",
          "itemText": "O"
        },
        {
          "itemName": "A",
          "itemText": "A"
        },
        {
          "itemName": "B",
          "itemText": "B"
        },
        {
          "itemName": "ch",
          "itemText": "ch"
        },
        {
          "itemName": "S",
          "itemText": "S"
        },
        {
          "itemName": "z",
          "itemText": "z"
        },
        {
          "itemName": "ou",
          "itemText": "ou"
        }
      ]
    },
    {
      "bucketID": 2,
      "bucketName": "frenchlet-b-2",
      "usedItems": [],
      "items": [
        {
          "itemName": "B",
          "itemText": "B"
        },
        {
          "itemName": "N",
          "itemText": "N"
        },
        {
          "itemName": "on",
          "itemText": "on"
        },
        {
          "itemName": "s",
          "itemText": "s"
        },
        {
          "itemName": "i",
          "itemText": "i"
        },
        {
          "itemName": "M",
          "itemText": "M"
        },
        {
          "itemName": "L",
          "itemText": "L"
        },
        {
          "itemName": "an",
          "itemText": "an"
        },
        {
          "itemName": "G",
          "itemText": "G"
        },
        {
          "itemName": "T",
          "itemText": "T"
        }
      ]
    },
    {
      "bucketID": 3,
      "bucketName": "frenchlet-b-3",
      "usedItems": [],
      "items": [
        {
          "itemName": "W",
          "itemText": "W"
        },
        {
          "itemName": "O",
          "itemText": "O"
        },
        {
          "itemName": "G",
          "itemText": "G"
        },
        {
          "itemName": "ou",
          "itemText": "ou"
        },
        {
          "itemName": "L",
          "itemText": "L"
        },
        {
          "itemName": "T",
          "itemText": "T"
        },
        {
          "itemName": "j",
          "itemText": "j"
        },
        {
          "itemName": "Ch",
          "itemText": "Ch"
        },
        {
          "itemName": "p",
          "itemText": "p"
        },
        {
          "itemName": "M",
          "itemText": "M"
        }
      ]
    },
    {
      "bucketID": 4,
      "bucketName": "frenchlet-b-4",
      "usedItems": [],
      "items": [
        {
          "itemName": "V",
          "itemText": "V"
        },
        {
          "itemName": "K",
          "itemText": "K"
        },
        {
          "itemName": "A",
          "itemText": "A"
        },
        {
          "itemName": "R",
          "itemText": "R"
        },
        {
          "itemName": "U",
          "itemText": "U"
        },
        {
          "itemName": "F",
          "itemText": "F"
        },
        {
          "itemName": "é",
          "itemText": "é"
        },
        {
          "itemName": "J",
          "itemText": "J"
        },
        {
          "itemName": "s",
          "itemText": "s"
        },
        {
          "itemName": "b",
          "itemText": "b"
        }
      ]
    },
    {
      "bucketID": 5,
      "bucketName": "frenchlet-b-5",
      "usedItems": [],
      "items": [
        {
          "itemName": "S",
          "itemText": "S"
        },
        {
          "itemName": "L",
          "itemText": "L"
        },
        {
          "itemName": "C",
          "itemText": "C"
        },
        {
          "itemName": "an",
          "itemText": "an"
        },
        {
          "itemName": "D",
          "itemText": "D"
        },
        {
          "itemName": "Y",
          "itemText": "Y"
        },
        {
          "itemName": "f",
          "itemText": "f"
        },
        {
          "itemName": "i",
          "itemText": "i"
        },
        {
          "itemName": "a",
          "itemText": "a"
        },
        {
          "itemName": "E",
          "itemText": "E"
        }
      ]
    },
    {
      "bucketID": 6,
      "bucketName": "frenchlet-b-6",
      "usedItems": [],
      "items": [
        {
          "itemName": "l",
          "itemText": "l"
        },
        {
          "itemName": "s",
          "itemText": "s"
        },
        {
          "itemName": "U",
          "itemText": "U"
        },
        {
          "itemName": "f",
          "itemText": "f"
        },
        {
          "itemName": "M",
          "itemText": "M"
        },
        {
          "itemName": "V",
          "itemText": "V"
        },
        {
          "itemName": "oi",
          "itemText": "oi"
        },
        {
          "itemName": "T",
          "itemText": "T"
        },
        {
          "itemName": "n",
          "itemText": "n"
        },
        {
          "itemName": "P",
          "itemText": "P"
        }
      ]
    },
    {
      "bucketID": 7,
      "bucketName": "frenchlet-b-7",
      "usedItems": [],
      "items": [
        {
          "itemName": "Z",
          "itemText": "Z"
        },
        {
          "itemName": "un",
          "itemText": "un"
        },
        {
          "itemName": "E",
          "itemText": "E"
        },
        {
          "itemName": "g",
          "itemText": "g"
        },
        {
          "itemName": "in",
          "itemText": "in"
        },
        {
          "itemName": "F",
          "itemText": "F"
        },
        {
          "itemName": "d",
          "itemText": "d"
        },
        {
          "itemName": "O",
          "itemText": "O"
        },
        {
          "itemName": "an",
          "itemText": "an"
        },
        {
          "itemName": "v",
          "itemText": "v"
        }
      ]
    },
    {
      "bucketID": 8,
      "bucketName": "frenchlet-b-8",
      "usedItems": [],
      "items": [
        {
          "itemName": "D",
          "itemText": "D"
        },
        {
          "itemName": "é",
          "itemText": "é"
        },
        {
          "itemName": "B",
          "itemText": "B"
        },
        {
          "itemName": "A",
          "itemText": "A"
        },
        {
          "itemName": "m",
          "itemText": "m"
        },
        {
          "itemName": "On",
          "itemText": "On"
        },
        {
          "itemName": "T",
          "itemText": "T"
        },
        {
          "itemName": "C",
          "itemText": "C"
        },
        {
          "itemName": "o",
          "itemText": "o"
        },
        {
          "itemName": "r",
          "itemText": "r"
        }
      ]
    },
    {
      "bucketID": 9,
      "bucketName": "frenchlet-b-9",
      "usedItems": [],
      "items": [
        {
          "itemName": "R",
          "itemText": "R"
        },
        {
          "itemName": "L",
          "itemText": "L"
        },
        {
          "itemName": "qu",
          "itemText": "qu"
        },
        {
          "itemName": "B",
          "itemText": "B"
        },
        {
          "itemName": "E",
          "itemText": "E"
        },
        {
          "itemName": "N",
          "itemText": "N"
        },
        {
          "itemName": "i",
          "itemText": "i"
        },
        {
          "itemName": "A",
          "itemText": "A"
        },
        {
          "itemName": "p",
          "itemText": "p"
        },
        {
          "itemName": "ou",
          "itemText": "ou"
        }
      ]
    },
    {
      "bucketID": 10,
      "bucketName": "frenchlet-b-10",
      "usedItems": [],
      "items": [
        {
          "itemName": "gn",
          "itemText": "gn"
        },
        {
          "itemName": "E",
          "itemText": "E"
        },
        {
          "itemName": "ch",
          "itemText": "ch"
        },
        {
          "itemName": "V",
          "itemText": "V"
        },
        {
          "itemName": "D",
          "itemText": "D"
        },
        {
          "itemName": "U",
          "itemText": "U"
        },
        {
          "itemName": "ç",
          "itemText": "ç"
        },
        {
          "itemName": "oi",
          "itemText": "oi"
        },
        {
          "itemName": "m",
          "itemText": "m"
        },
        {
          "itemName": "x",
          "itemText": "x"
        }
      ]
    }
  ]
}
