{"presentation":{"slides":[{"elements":[{"x":13.071895424836603,"y":6.4415268817204305,"width":68.7363834422658,"height":68.81720430107526,"action":{"library":"H5P.Image 1.1","params":{"contentName":"Image","file":{"path":"images\/file-6582f61cdb6a9.jpg","mime":"image\/jpeg","copyright":{"license":"U"},"width":959,"height":459}},"subContentId":"421e74ff-dfa5-4d73-b63a-cebff5b18795","metadata":{"contentType":"Image","license":"U","title":"Untitled Image"}},"backgroundOpacity":0,"willDoAnimation":false,"animationType":"glow","displayAsButton":false,"buttonSize":"big","goToSlideType":"specified","invisible":false},{"x":8.928571428571429,"y":79.50453400503777,"width":83.80102040816327,"height":18.387909319899244,"action":{"library":"H5P.CRAdvancedText 1.1","params":{"text":"<h2 dir=\"ltr\" style=\"text-align: center;\"><span style=\"font-size:1.75em;\">\u091a\u0915\u0942 \u0915\u0940 \u0938\u093e\u0907\u0915\u093f\u0932<\/span><\/h2>\n"},"subContentId":"66f4847e-d5bd-4023-9a15-bf634c8b0603","metadata":{"contentType":"Text","license":"U","title":"Untitled Text"}},"alwaysDisplayComments":false,"backgroundOpacity":0,"willDoAnimation":false,"animationType":"glow","displayAsButton":false,"buttonSize":"big","goToSlideType":"specified","invisible":false,"solution":""}],"slideBackgroundSelector":{}},{"elements":[{"x":15.250544662309368,"y":2.150537634408602,"width":65.359477124183,"height":70.96774193548387,"action":{"library":"H5P.Image 1.1","params":{"contentName":"Image","file":{"path":"images\/file-6582f6cf13510.jpg","mime":"image\/jpeg","copyright":{"license":"U"},"width":959,"height":516}},"subContentId":"da25cda4-6603-4d35-83de-c84d5cea3cbf","metadata":{"contentType":"Image","license":"U","title":"Untitled Image"}},"backgroundOpacity":0,"willDoAnimation":false,"animationType":"glow","displayAsButton":false,"buttonSize":"big","goToSlideType":"specified","invisible":false},{"x":5.1020408163265305,"y":75.48816120906801,"width":89.28571428571429,"height":23.17380352644836,"action":{"library":"H5P.CRAdvancedText 1.1","params":{"text":"<p dir=\"ltr\" style=\"text-align: center;\"><span style=\"font-size:2.25em;\"><span style=\"color:#ffffff;\">\u091a\u0915\u0942 \u0915\u094b \u0905\u092a\u0928\u0947 \u092e\u093f\u0924\u094d\u0930\u094b\u0902 \u0915\u0947 \u0938\u093e\u0925 \u0916\u0947\u0932\u0928\u093e \u092a\u094d\u0930\u093f\u092f \u0925\u093e\u0964<\/span><\/span><\/p>\n"},"subContentId":"36753ba6-9a9b-4174-83e7-808ea43aacdf","metadata":{"contentType":"Text","license":"U","title":"Untitled Text"}},"alwaysDisplayComments":false,"backgroundOpacity":0,"willDoAnimation":false,"animationType":"glow","displayAsButton":false,"buttonSize":"big","goToSlideType":"specified","invisible":false,"solution":""},{"x":47.00255102040816,"y":43.95465994962216,"width":40,"height":40,"action":{"library":"H5P.CRAudio 1.4","params":{"fitToWrapper":true,"currIndex":1,"playerMode":"minimalistic","controls":true,"autoplay":true,"playAudio":"Play audio","pauseAudio":"Pause audio","contentName":"Audio","glowColor":"#ffd85a","timeStampForEachText":[{"text":" \u091a\u0915\u0942 ","startDuration":"0.0000","endDuration":"0.6014","wordfile":[{"path":"audios\/wordfile-6604d29e5cfaa.wav","mime":"audio\/x-wav","copyright":{"license":"U"}}]},{"text":" \u0915\u094b ","startDuration":"0.6024","endDuration":"0.8024","wordfile":[{"path":"audios\/wordfile-6604d2bf6fd0e.wav","mime":"audio\/x-wav","copyright":{"license":"U"}}]},{"text":" \u0905\u092a\u0928\u0947 ","startDuration":"0.8034","endDuration":"1.2041","wordfile":[{"path":"audios\/wordfile-6604d2d4886b2.wav","mime":"audio\/x-wav","copyright":{"license":"U"}}]},{"text":" \u092e\u093f\u0924\u094d\u0930\u094b\u0902 ","startDuration":"1.2051","endDuration":"1.5969","wordfile":[{"path":"audios\/wordfile-6604d2f8dc40a.wav","mime":"audio\/x-wav","copyright":{"license":"U"}}]},{"text":" \u0915\u0947 ","startDuration":"1.5979","endDuration":"1.7265","wordfile":[{"path":"audios\/wordfile-662a8d2f46fe0.wav","mime":"audio\/x-wav","copyright":{"license":"U"}}]},{"text":" \u0938\u093e\u0925 ","startDuration":"1.7275","endDuration":"2.0435","wordfile":[{"path":"audios\/wordfile-6604d32ad4c92.wav","mime":"audio\/x-wav","copyright":{"license":"U"}}]},{"text":" \u0916\u0947\u0932\u0928\u093e ","startDuration":"2.0445","endDuration":"2.4452","wordfile":[{"path":"audios\/wordfile-6604d351a8fd6.wav","mime":"audio\/x-wav","copyright":{"license":"U"}}]},{"text":" \u092a\u094d\u0930\u093f\u092f ","startDuration":"2.4462","endDuration":"2.8335","wordfile":[{"path":"audios\/wordfile-6604d36a95754.wav","mime":"audio\/x-wav","copyright":{"license":"U"}}]},{"text":" \u0925\u093e\u0964 ","startDuration":"2.8345","endDuration":"3.3094","wordfile":[{"path":"audios\/wordfile-6604d37fdf601.wav","mime":"audio\/x-wav","copyright":{"license":"U"}}]}],"files":[{"path":"audios\/files-6604d2855c807.wav","mime":"audio\/x-wav","copyright":{"license":"U"}}]},"subContentId":"541bd582-5642-420a-9d8d-7fa33277518b","metadata":{"contentType":"Curious Reader Audio","license":"U","title":"Untitled Curious Reader Audio"}},"backgroundOpacity":0,"willDoAnimation":false,"animationType":"glow","displayAsButton":false,"buttonSize":"big","goToSlideType":"specified","invisible":false},{"x":47.19387755102041,"y":17.632241813602015,"width":16.198979591836736,"height":40.050377833753146,"action":{"library":"H5P.Image 1.1","params":{"contentName":"Image"},"subContentId":"aa4da422-f935-4382-90e6-11e9ca71fe1c","metadata":{"contentType":"Image","license":"U","title":"Untitled Image"}},"backgroundOpacity":0,"willDoAnimation":true,"animationType":"glow","displayAsButton":false,"buttonSize":"big","goToSlideType":"specified","invisible":false,"id":"img541bd582-5642-420a-9d8d-7fa33277518b_0"},{"x":20.408163265306122,"y":27.707808564231737,"width":16.198979591836736,"height":40.050377833753146,"action":{"library":"H5P.Image 1.1","params":{"contentName":"Image"},"subContentId":"4a5738e2-a656-4aa1-9d7d-a5a3514b3ce1","metadata":{"contentType":"Image","license":"U","title":"Untitled Image"}},"backgroundOpacity":0,"willDoAnimation":true,"animationType":"glow","displayAsButton":false,"buttonSize":"big","goToSlideType":"specified","invisible":false,"id":"img541bd582-5642-420a-9d8d-7fa33277518b_3"},{"x":34.43877551020408,"y":27.707808564231737,"width":16.198979591836736,"height":40.050377833753146,"action":{"library":"H5P.Image 1.1","params":{"contentName":"Image"},"subContentId":"ec1cc0cc-adac-478c-a10c-32d3ede5781b","metadata":{"contentType":"Image","license":"U","title":"Untitled Image"}},"backgroundOpacity":0,"willDoAnimation":true,"animationType":"glow","displayAsButton":false,"buttonSize":"big","goToSlideType":"specified","invisible":false,"id":"img541bd582-5642-420a-9d8d-7fa33277518b_3"},{"x":58.673469387755105,"y":40.27858942065492,"width":15.816326530612246,"height":34.5088161209068,"action":{"library":"H5P.Image 1.1","params":{"contentName":"Image"},"subContentId":"3e483ec7-a86b-4bd4-8292-651b785bc732","metadata":{"contentType":"Image","license":"U","title":"Untitled Image"}},"backgroundOpacity":0,"willDoAnimation":true,"animationType":"glow","displayAsButton":false,"buttonSize":"big","goToSlideType":"specified","invisible":false,"id":"img541bd582-5642-420a-9d8d-7fa33277518b_3"}],"slideBackgroundSelector":{}},{"elements":[{"x":5.446623093681917,"y":4.301075268817204,"width":38.12636165577342,"height":93.54838709677419,"action":{"library":"H5P.Image 1.1","params":{"contentName":"Image","file":{"path":"images\/file-6582f72bd78b8.jpg","mime":"image\/jpeg","copyright":{"license":"U"},"width":479,"height":686}},"subContentId":"fb28b8d4-c35a-42fd-b001-fd43d70a400a","metadata":{"contentType":"Image","license":"U","title":"Untitled Image"}},"backgroundOpacity":0,"willDoAnimation":false,"animationType":"glow","displayAsButton":false,"buttonSize":"big","goToSlideType":"specified","invisible":false},{"x":49.01960784313725,"y":42.98559139784947,"width":49.01960784313726,"height":31.39784946236559,"action":{"library":"H5P.CRAdvancedText 1.1","params":{"text":"<p dir=\"ltr\" style=\"text-align: center;\"><span style=\"color:#ffffff;\"><span style=\"font-size:1.75em;\">\u0909\u0938\u0947 \u0932\u0940\u0932\u093e \u0915\u0940 \u091f\u094d\u0930\u093e\u0907\u0938\u093e\u0907\u0915\u093f\u0932 \u0905\u0924\u094d\u092f\u0902\u0924 \u092a\u0938\u0902\u0926 \u0906\u0908\u0964<\/span><\/span><\/p>\n"},"subContentId":"9a88ce55-a8ca-437a-8702-a993e932e166","metadata":{"contentType":"Text","license":"U","title":"Untitled Text"}},"alwaysDisplayComments":false,"backgroundOpacity":0,"willDoAnimation":false,"animationType":"glow","displayAsButton":false,"buttonSize":"big","goToSlideType":"specified","invisible":false,"solution":""},{"x":47.00255102040816,"y":43.95465994962216,"width":40,"height":40,"action":{"library":"H5P.CRAudio 1.4","params":{"fitToWrapper":true,"currIndex":2,"playerMode":"minimalistic","controls":true,"autoplay":true,"playAudio":"Play audio","pauseAudio":"Pause audio","contentName":"Audio","glowColor":"#ffd85a","timeStampForEachText":[{"text":" \u0909\u0938\u0947 ","startDuration":"0.0000","endDuration":"0.4312","wordfile":[{"path":"audios\/wordfile-6604d3c079f5a.wav","mime":"audio\/x-wav","copyright":{"license":"U"}}]},{"text":" \u0932\u0940\u0932\u093e ","startDuration":"0.4312","endDuration":"0.8592","wordfile":[{"path":"audios\/wordfile-6604d3e96a36e.wav","mime":"audio\/x-wav","copyright":{"license":"U"}}]},{"text":" \u0915\u0940 ","startDuration":"0.8602","endDuration":"1.0602","wordfile":[{"path":"audios\/wordfile-6604d48d25fb3.wav","mime":"audio\/x-wav","copyright":{"license":"U"}}]},{"text":" \u091f\u094d\u0930\u093e\u0907\u0938\u093e\u0907\u0915\u093f\u0932 ","startDuration":"1.0612","endDuration":"1.6321","wordfile":[{"path":"audios\/wordfile-6604d4a4b9177.wav","mime":"audio\/x-wav","copyright":{"license":"U"}}]},{"text":" \u0905\u0924\u094d\u092f\u0902\u0924 ","startDuration":"1.6331","endDuration":"2.3392","wordfile":[{"path":"audios\/wordfile-6604d4bcd4294.wav","mime":"audio\/x-wav","copyright":{"license":"U"}}]},{"text":" \u092a\u0938\u0902\u0926 ","startDuration":"2.3402","endDuration":"2.7104","wordfile":[{"path":"audios\/wordfile-6604d4d99ce9a.wav","mime":"audio\/x-wav","copyright":{"license":"U"}}]},{"text":" \u0906\u0908\u0964 ","startDuration":"2.7114","endDuration":"3.2374","wordfile":[{"path":"audios\/wordfile-6604d4f6720e4.wav","mime":"audio\/x-wav","copyright":{"license":"U"}}]}],"files":[{"path":"audios\/files-6604d3ad7c8a6.wav","mime":"audio\/x-wav","copyright":{"license":"U"}}]},"subContentId":"b438051f-9439-49ce-bc71-f832cbb96ce6","metadata":{"contentType":"Curious Reader Audio","license":"U","title":"Untitled Curious Reader Audio"}},"backgroundOpacity":0,"willDoAnimation":false,"animationType":"glow","displayAsButton":false,"buttonSize":"big","goToSlideType":"specified","invisible":false},{"x":19.131632653061224,"y":32.72594458438287,"width":20.025510204081634,"height":40.050377833753146,"action":{"library":"H5P.Image 1.1","params":{"contentName":"Image"},"subContentId":"72e3991c-6504-4f94-a852-d058bef749f8","metadata":{"contentType":"Image","license":"U","title":"Untitled Image"}},"backgroundOpacity":0,"willDoAnimation":true,"animationType":"glow","displayAsButton":false,"buttonSize":"big","goToSlideType":"specified","invisible":false,"id":"imgb438051f-9439-49ce-bc71-f832cbb96ce6_1"},{"x":21.683673469387756,"y":50.336523929471035,"width":21.301020408163264,"height":37.531486146095716,"action":{"library":"H5P.Image 1.1","params":{"contentName":"Image"},"subContentId":"b8637dfc-84c7-449f-99ce-deefa70d2e97","metadata":{"contentType":"Image","license":"U","title":"Untitled Image"}},"backgroundOpacity":0,"willDoAnimation":true,"animationType":"glow","displayAsButton":false,"buttonSize":"big","goToSlideType":"specified","invisible":false,"id":"imgb438051f-9439-49ce-bc71-f832cbb96ce6_3"}],"slideBackgroundSelector":{}},{"elements":[{"x":3.2679738562091503,"y":2.150537634408602,"width":39.97821350762527,"height":96.77419354838709,"action":{"library":"H5P.Image 1.1","params":{"contentName":"Image","file":{"path":"images\/file-6582f7eede908.jpg","mime":"image\/jpeg","copyright":{"license":"U"},"width":479,"height":686}},"subContentId":"cafcd57b-3545-4c4b-bd65-7246c85de666","metadata":{"contentType":"Image","license":"U","title":"Untitled Image"}},"backgroundOpacity":0,"willDoAnimation":false,"animationType":"glow","displayAsButton":false,"buttonSize":"big","goToSlideType":"specified","invisible":false},{"x":44.642857142857146,"y":37.76372795969773,"width":49.87244897959184,"height":60.45340050377833,"action":{"library":"H5P.CRAdvancedText 1.1","params":{"text":"<p dir=\"ltr\" style=\"text-align: center;\"><span style=\"color:#ffffff;\"><span style=\"font-size:2.25em;\">\u091a\u0915\u0942 \u0938\u094d\u0935\u092f\u0902 \u0905\u092a\u0928\u0940 \u091f\u094d\u0930\u093e\u0907\u0938\u093e\u0907\u0915\u093f\u0932 \u092c\u0928\u093e\u0928\u0947 \u0915\u093e \u0928\u093f\u0936\u094d\u091a\u092f \u0915\u093f\u092f\u093e\u0964<\/span><\/span><\/p>\n"},"subContentId":"6ed4d0c8-4215-4a30-9633-4617986f09cd","metadata":{"contentType":"Text","license":"U","title":"Untitled Text"}},"alwaysDisplayComments":false,"backgroundOpacity":0,"willDoAnimation":false,"animationType":"glow","displayAsButton":false,"buttonSize":"big","goToSlideType":"specified","invisible":false,"solution":""},{"x":47.00255102040816,"y":43.95465994962216,"width":40,"height":40,"action":{"library":"H5P.CRAudio 1.4","params":{"fitToWrapper":true,"currIndex":3,"playerMode":"minimalistic","controls":true,"autoplay":true,"playAudio":"Play audio","pauseAudio":"Pause audio","contentName":"Audio","glowColor":"#ffd85a","timeStampForEachText":[{"text":" \u091a\u0915\u0942 ","startDuration":"0.0000","endDuration":"0.8050","wordfile":[{"path":"audios\/wordfile-6604d5257c0b0.wav","mime":"audio\/x-wav","copyright":{"license":"U"}}]},{"text":" \u0938\u094d\u0935\u092f\u0902 ","startDuration":"0.8050","endDuration":"1.1723","wordfile":[{"path":"audios\/wordfile-6604d53fd4dfd.wav","mime":"audio\/x-wav","copyright":{"license":"U"}}]},{"text":" \u0905\u092a\u0928\u0940 ","startDuration":"1.1733","endDuration":"1.5498","wordfile":[{"path":"audios\/wordfile-6604d58b3cdad.wav","mime":"audio\/x-wav","copyright":{"license":"U"}}]},{"text":" \u091f\u094d\u0930\u093e\u0907\u0938\u093e\u0907\u0915\u093f\u0932 ","startDuration":"1.5508","endDuration":"2.2247","wordfile":[{"path":"audios\/wordfile-6604d59ff0e3a.wav","mime":"audio\/x-wav","copyright":{"license":"U"}}]},{"text":" \u092c\u0928\u093e\u0928\u0947 ","startDuration":"2.2257","endDuration":"2.6475","wordfile":[{"path":"audios\/wordfile-6604d5c0b5747.wav","mime":"audio\/x-wav","copyright":{"license":"U"}}]},{"text":" \u0915\u093e ","startDuration":"2.6485","endDuration":"2.8082","wordfile":[{"path":"audios\/wordfile-6604d5d742adf.wav","mime":"audio\/x-wav","copyright":{"license":"U"}}]},{"text":" \u0928\u093f\u0936\u094d\u091a\u092f ","startDuration":"2.8092","endDuration":"3.2562","wordfile":[{"path":"audios\/wordfile-6604d5ec17fe5.wav","mime":"audio\/x-wav","copyright":{"license":"U"}}]},{"text":" \u0915\u093f\u092f\u093e\u0964 ","startDuration":"3.2572","endDuration":"3.7410","wordfile":[{"path":"audios\/wordfile-6604d60482177.wav","mime":"audio\/x-wav","copyright":{"license":"U"}}]}],"files":[{"path":"audios\/files-6604d5166c066.wav","mime":"audio\/x-wav","copyright":{"license":"U"}}]},"subContentId":"8a3579e8-8359-47c0-aabe-6944a8e6aa79","metadata":{"contentType":"Curious Reader Audio","license":"U","title":"Untitled Curious Reader Audio"}},"backgroundOpacity":0,"willDoAnimation":false,"animationType":"glow","displayAsButton":false,"buttonSize":"big","goToSlideType":"specified","invisible":false},{"x":24.23469387755102,"y":10.067707808564231,"width":17.474489795918366,"height":62.216624685138534,"action":{"library":"H5P.Image 1.1","params":{"contentName":"Image"},"subContentId":"a76d332d-e75e-40dc-8ef0-c6bdae1b643d","metadata":{"contentType":"Image","license":"U","title":"Untitled Image"}},"backgroundOpacity":0,"willDoAnimation":true,"animationType":"glow","displayAsButton":false,"buttonSize":"big","goToSlideType":"specified","invisible":false,"id":"img8a3579e8-8359-47c0-aabe-6944a8e6aa79_0"}],"slideBackgroundSelector":{}},{"elements":[{"x":4.357298474945534,"y":2.148858064516129,"width":39.97821350762527,"height":96.77419354838709,"action":{"library":"H5P.Image 1.1","params":{"contentName":"Image","file":{"path":"images\/file-6582f82e21dc4.jpg","mime":"image\/jpeg","copyright":{"license":"U"},"width":479,"height":686}},"subContentId":"e2d5d6fe-aa9f-46a2-b83c-b89c31d009db","metadata":{"contentType":"Image","license":"U","title":"Untitled Image"}},"backgroundOpacity":0,"willDoAnimation":false,"animationType":"glow","displayAsButton":false,"buttonSize":"big","goToSlideType":"specified","invisible":false},{"x":43.36734693877551,"y":40.30226700251889,"width":55.35714285714286,"height":40.050377833753146,"action":{"library":"H5P.CRAdvancedText 1.1","params":{"text":"<p style=\"text-align: center;\"><span style=\"color:#ffffff;\"><span style=\"font-size:2.25em;\">\u091a\u0915\u0942 \u0932\u0915\u0921\u093c\u093f\u092f\u093e\u0901 \u0922\u0942\u0902\u0922\u0940\u0928\u0947 \u0932\u0917\u093e\u0964<\/span><\/span><\/p>\n"},"subContentId":"55b63758-aa28-4edd-9bdd-c0cd9261f76a","metadata":{"contentType":"Text","license":"U","title":"Untitled Text"}},"alwaysDisplayComments":false,"backgroundOpacity":0,"willDoAnimation":false,"animationType":"glow","displayAsButton":false,"buttonSize":"big","goToSlideType":"specified","invisible":false,"solution":""},{"x":47.00255102040816,"y":43.95465994962216,"width":40,"height":40,"action":{"library":"H5P.CRAudio 1.4","params":{"fitToWrapper":true,"currIndex":4,"playerMode":"minimalistic","controls":true,"autoplay":true,"playAudio":"Play audio","pauseAudio":"Pause audio","contentName":"Audio","glowColor":"#ffd85a","timeStampForEachText":[{"text":" \u091a\u0915\u0942 ","startDuration":"0.0000","endDuration":"0.5009","wordfile":[{"path":"audios\/wordfile-6604d62d1b1df.wav","mime":"audio\/x-wav","copyright":{"license":"U"}}]},{"text":" \u0932\u0915\u0921\u093c\u093f\u092f\u093e\u0901 ","startDuration":"0.5019","endDuration":"0.9999","wordfile":[{"path":"audios\/wordfile-6604d6443434c.wav","mime":"audio\/x-wav","copyright":{"license":"U"}}]},{"text":" \u0922\u0942\u0902\u0922\u0940\u0928\u0947 ","startDuration":"1.0009","endDuration":"1.3190","wordfile":[{"path":"audios\/wordfile-6604d65a9b4ec.wav","mime":"audio\/x-wav","copyright":{"license":"U"}}]},{"text":" \u0932\u0917\u093e\u0964 ","startDuration":"1.3200","endDuration":"1.7562","wordfile":[{"path":"audios\/wordfile-6604d67ca41fd.wav","mime":"audio\/x-wav","copyright":{"license":"U"}}]}],"files":[{"path":"audios\/files-6604d61b330fe.wav","mime":"audio\/x-wav","copyright":{"license":"U"}}]},"subContentId":"6bab09e5-d477-4cb7-87d8-b32157183560","metadata":{"contentType":"Curious Reader Audio","license":"U","title":"Untitled Curious Reader Audio"}},"backgroundOpacity":0,"willDoAnimation":false,"animationType":"glow","displayAsButton":false,"buttonSize":"big","goToSlideType":"specified","invisible":false},{"x":6.377551020408164,"y":47.83148614609571,"width":20.025510204081634,"height":40.050377833753146,"action":{"library":"H5P.Image 1.1","params":{"contentName":"Image"},"subContentId":"1a45ebd9-eea3-478f-8caa-e20c8cf7e693","metadata":{"contentType":"Image","license":"U","title":"Untitled Image"}},"backgroundOpacity":0,"willDoAnimation":true,"animationType":"glow","displayAsButton":false,"buttonSize":"big","goToSlideType":"specified","invisible":false,"id":"img6bab09e5-d477-4cb7-87d8-b32157183560_0"},{"x":19.131632653061224,"y":45.31637279596977,"width":7.270408163265306,"height":40.050377833753146,"action":{"library":"H5P.Image 1.1","params":{"contentName":"Image"},"subContentId":"003e62f9-bd30-4e97-aece-90b37f8d049d","metadata":{"contentType":"Image","license":"U","title":"Untitled Image"}},"backgroundOpacity":0,"willDoAnimation":true,"animationType":"glow","displayAsButton":false,"buttonSize":"big","goToSlideType":"specified","invisible":false,"id":"img6bab09e5-d477-4cb7-87d8-b32157183560_1"},{"x":5.1020408163265305,"y":65.4735516372796,"width":21.301020408163264,"height":10.579345088161208,"action":{"library":"H5P.Image 1.1","params":{"contentName":"Image"},"subContentId":"473cacbf-e7fb-4e0a-9e39-fe5a4411ad63","metadata":{"contentType":"Image","license":"U","title":"Untitled Image"}},"backgroundOpacity":0,"willDoAnimation":true,"animationType":"glow","displayAsButton":false,"buttonSize":"big","goToSlideType":"specified","invisible":false,"id":"img6bab09e5-d477-4cb7-87d8-b32157183560_1"}],"slideBackgroundSelector":{}},{"elements":[{"x":5.1020408163265305,"y":6.54911838790932,"width":39.97821350762527,"height":93.54838709677419,"action":{"library":"H5P.Image 1.1","params":{"contentName":"Image","file":{"path":"images\/file-6582f8657e7fd.jpg","mime":"image\/jpeg","copyright":{"license":"U"},"width":639,"height":687}},"subContentId":"59f6874d-70d3-4721-b27c-88467f7a9199","metadata":{"contentType":"Image","license":"U","title":"Untitled Image"}},"backgroundOpacity":0,"willDoAnimation":false,"animationType":"glow","displayAsButton":false,"buttonSize":"big","goToSlideType":"specified","invisible":false},{"x":47.19387755102041,"y":37.76372795969773,"width":46.42857142857143,"height":40.050377833753146,"action":{"library":"H5P.CRAdvancedText 1.1","params":{"text":"<p style=\"text-align: center;\"><span style=\"color:#ffffff;\"><span style=\"font-size:2.25em;\">\u091a\u0915\u0942 \u0915\u094b \u0938\u094d\u092e\u0930\u0923 \u0939\u0941\u0906 \u0915\u093f \u0909\u0938\u0947 \u0915\u0940\u0932\u0947\u0902 \u0914\u0930 \u0939\u0925\u094c\u0921\u093c\u0947 \u0915\u0940 \u092d\u0940 \u0906\u0935\u0936\u094d\u092f\u0915\u0924\u093e \u0939\u0948\u0964<\/span><\/span><\/p>\n"},"subContentId":"aa0e15d9-a1e8-482d-8ee6-6e545bfeab5b","metadata":{"contentType":"Text","license":"U","title":"Untitled Text"}},"alwaysDisplayComments":false,"backgroundOpacity":0,"willDoAnimation":false,"animationType":"glow","displayAsButton":false,"buttonSize":"big","goToSlideType":"specified","invisible":false,"solution":""},{"x":47.00255102040816,"y":43.95465994962216,"width":40,"height":40,"action":{"library":"H5P.CRAudio 1.4","params":{"fitToWrapper":true,"currIndex":5,"playerMode":"minimalistic","controls":true,"autoplay":true,"playAudio":"Play audio","pauseAudio":"Pause audio","contentName":"Audio","glowColor":"#ffd85a","timeStampForEachText":[{"text":" \u091a\u0915\u0942 ","startDuration":"0.0000","endDuration":"0.5442","wordfile":[{"path":"audios\/wordfile-6604d6a80fc15.wav","mime":"audio\/x-wav","copyright":{"license":"U"}}]},{"text":" \u0915\u094b ","startDuration":"0.5452","endDuration":"0.7521","wordfile":[{"path":"audios\/wordfile-6604d6bbc7841.wav","mime":"audio\/x-wav","copyright":{"license":"U"}}]},{"text":" \u0938\u094d\u092e\u0930\u0923 ","startDuration":"0.7531","endDuration":"1.1596","wordfile":[{"path":"audios\/wordfile-6604d6d577f61.wav","mime":"audio\/x-wav","copyright":{"license":"U"}}]},{"text":" \u0939\u0941\u0906 ","startDuration":"1.1606","endDuration":"1.6566","wordfile":[{"path":"audios\/wordfile-6604d7035b90d.wav","mime":"audio\/x-wav","copyright":{"license":"U"}}]},{"text":" \u0915\u093f ","startDuration":"1.6576","endDuration":"1.9884","wordfile":[{"path":"audios\/wordfile-6604d720505df.wav","mime":"audio\/x-wav","copyright":{"license":"U"}}]},{"text":" \u0909\u0938\u0947 ","startDuration":"1.9884","endDuration":"2.2514","wordfile":[{"path":"audios\/wordfile-6604d734cde0e.wav","mime":"audio\/x-wav","copyright":{"license":"U"}}]},{"text":" \u0915\u0940\u0932\u0947\u0902 ","startDuration":"2.2524","endDuration":"2.8930","wordfile":[{"path":"audios\/wordfile-6604d753c2f30.wav","mime":"audio\/x-wav","copyright":{"license":"U"}}]},{"text":" \u0914\u0930 ","startDuration":"2.8940","endDuration":"3.1284","wordfile":[{"path":"audios\/wordfile-6604d76c4a837.wav","mime":"audio\/x-wav","copyright":{"license":"U"}}]},{"text":" \u0939\u0925\u094c\u0921\u093c\u0947 ","startDuration":"3.1294","endDuration":"3.5772","wordfile":[{"path":"audios\/wordfile-6604d796cad75.wav","mime":"audio\/x-wav","copyright":{"license":"U"}}]},{"text":" \u0915\u0940 ","startDuration":"3.5782","endDuration":"3.8264","wordfile":[{"path":"audios\/wordfile-6604d7b76ca05.wav","mime":"audio\/x-wav","copyright":{"license":"U"}}]},{"text":" \u092d\u0940 ","startDuration":"3.8274","endDuration":"3.9723","wordfile":[{"path":"audios\/wordfile-6604d7d402abb.wav","mime":"audio\/x-wav","copyright":{"license":"U"}}]},{"text":" \u0906\u0935\u0936\u094d\u092f\u0915\u0924\u093e ","startDuration":"3.9733","endDuration":"4.5863","wordfile":[{"path":"audios\/wordfile-6604d7e90ccc8.wav","mime":"audio\/x-wav","copyright":{"license":"U"}}]},{"text":" \u0939\u0948\u0964 ","startDuration":"4.5873","endDuration":"5.0764","wordfile":[{"path":"audios\/wordfile-6604d80490490.wav","mime":"audio\/x-wav","copyright":{"license":"U"}}]}],"files":[{"path":"audios\/files-6604d695a9b3c.wav","mime":"audio\/x-wav","copyright":{"license":"U"}}]},"subContentId":"167e926c-8641-4180-931c-bba94e3af9af","metadata":{"contentType":"Curious Reader Audio","license":"U","title":"Untitled Curious Reader Audio"}},"backgroundOpacity":0,"willDoAnimation":false,"animationType":"glow","displayAsButton":false,"buttonSize":"big","goToSlideType":"specified","invisible":false},{"x":6.377551020408164,"y":25.165289672544077,"width":16.198979591836736,"height":67.2544080604534,"action":{"library":"H5P.Image 1.1","params":{"contentName":"Image"},"subContentId":"6726b991-bce3-4b46-ac9a-b8598b8c58f5","metadata":{"contentType":"Image","license":"U","title":"Untitled Image"}},"backgroundOpacity":0,"willDoAnimation":true,"animationType":"glow","displayAsButton":false,"buttonSize":"big","goToSlideType":"specified","invisible":false,"id":"img167e926c-8641-4180-931c-bba94e3af9af_0"},{"x":24.23469387755102,"y":7.548816120906801,"width":14.923469387755102,"height":21.914357682619645,"action":{"library":"H5P.Image 1.1","params":{"contentName":"Image"},"subContentId":"fa772542-c682-4ae6-aabb-5019509011dc","metadata":{"contentType":"Image","license":"U","title":"Untitled Image"}},"backgroundOpacity":0,"willDoAnimation":true,"animationType":"glow","displayAsButton":false,"buttonSize":"big","goToSlideType":"specified","invisible":false,"id":"img167e926c-8641-4180-931c-bba94e3af9af_8"},{"x":25.510204081632654,"y":10.059823677581864,"width":11.096938775510205,"height":19.395465994962215,"action":{"library":"H5P.Image 1.1","params":{"contentName":"Image"},"subContentId":"00dd3d11-3a13-4f80-b3d3-ee55d0c9a96a","metadata":{"contentType":"Image","license":"U","title":"Untitled Image"}},"backgroundOpacity":0,"willDoAnimation":true,"animationType":"glow","displayAsButton":false,"buttonSize":"big","goToSlideType":"specified","invisible":false,"id":"img167e926c-8641-4180-931c-bba94e3af9af_6"}],"slideBackgroundSelector":{}},{"elements":[{"x":4.357298474945534,"y":2.150537634408602,"width":39.97821350762527,"height":95.69892473118279,"action":{"library":"H5P.Image 1.1","params":{"contentName":"Image","file":{"path":"images\/file-6582f8a2a9d1c.jpg","mime":"image\/jpeg","copyright":{"license":"U"},"width":479,"height":686}},"subContentId":"a12d8d51-bd78-4fea-affb-9061ee70f22e","metadata":{"contentType":"Image","license":"U","title":"Untitled Image"}},"backgroundOpacity":0,"willDoAnimation":false,"animationType":"glow","displayAsButton":false,"buttonSize":"big","goToSlideType":"specified","invisible":false},{"x":42.09183673469388,"y":42.82115869017632,"width":52.29591836734694,"height":40.050377833753146,"action":{"library":"H5P.CRAdvancedText 1.1","params":{"text":"<p dir=\"ltr\" style=\"text-align: center;\"><span style=\"color:#ffffff;\"><span style=\"font-size:1.75em;\">\u091a\u0915\u0942 \u0938\u0939\u093e\u092f\u0924\u093e \u0932\u0947\u0928\u0947 \u0915\u0947 \u0932\u093f\u090f, \u0905\u092a\u0928\u0947 \u091a\u093e\u091a\u093e \u0915\u0947 \u092a\u093e\u0938 \u0917\u092f\u093e\u0964<\/span><\/span><\/p>\n"},"subContentId":"37ac8c13-4e31-4b0d-aea8-908c392a234b","metadata":{"contentType":"Text","license":"U","title":"Untitled Text"}},"alwaysDisplayComments":false,"backgroundOpacity":0,"willDoAnimation":false,"animationType":"glow","displayAsButton":false,"buttonSize":"big","goToSlideType":"specified","invisible":false,"solution":""},{"x":93.11224489795919,"y":2.5188916876574305,"width":40,"height":40,"action":{"library":"H5P.CRAudio 1.4","params":{"fitToWrapper":true,"currIndex":6,"playerMode":"minimalistic","controls":true,"autoplay":true,"playAudio":"Play audio","pauseAudio":"Pause audio","contentName":"Audio","glowColor":"#ffd85a","timeStampForEachText":[{"text":" \u091a\u0915\u0942 ","startDuration":"0.0000","endDuration":"0.4547","wordfile":[{"path":"audios\/wordfile-6604d85cbb948.wav","mime":"audio\/x-wav","copyright":{"license":"U"}}]},{"text":" \u0938\u0939\u093e\u092f\u0924\u093e ","startDuration":"0.4557","endDuration":"1.0052","wordfile":[{"path":"audios\/wordfile-6604d8876f2f5.wav","mime":"audio\/x-wav","copyright":{"license":"U"}}]},{"text":" \u0932\u0947\u0928\u0947 ","startDuration":"1.0062","endDuration":"1.3310","wordfile":[{"path":"audios\/wordfile-6604d8b53baf8.wav","mime":"audio\/x-wav","copyright":{"license":"U"}}]},{"text":" \u0915\u0947 ","startDuration":"1.3320","endDuration":"1.4350","wordfile":[{"path":"audios\/wordfile-662a8d6126a54.wav","mime":"audio\/x-wav","copyright":{"license":"U"}}]},{"text":" \u0932\u093f\u090f, ","startDuration":"1.4360","endDuration":"1.8357","wordfile":[{"path":"audios\/wordfile-6604d90864506.wav","mime":"audio\/x-wav","copyright":{"license":"U"}}]},{"text":" \u0905\u092a\u0928\u0947 ","startDuration":"1.8367","endDuration":"2.3213","wordfile":[{"path":"audios\/wordfile-6604d91ab506d.wav","mime":"audio\/x-wav","copyright":{"license":"U"}}]},{"text":" \u091a\u093e\u091a\u093e ","startDuration":"2.3223","endDuration":"2.7370","wordfile":[{"path":"audios\/wordfile-6604d9339d08e.wav","mime":"audio\/x-wav","copyright":{"license":"U"}}]},{"text":" \u0915\u0947 ","startDuration":"2.7380","endDuration":"2.9380","wordfile":[{"path":"audios\/wordfile-6604d9484bae5.wav","mime":"audio\/x-wav","copyright":{"license":"U"}}]},{"text":" \u092a\u093e\u0938 ","startDuration":"2.9390","endDuration":"3.1590","wordfile":[{"path":"audios\/wordfile-6604d95b5c320.wav","mime":"audio\/x-wav","copyright":{"license":"U"}}]},{"text":" \u0917\u092f\u093e\u0964 ","startDuration":"3.1600","endDuration":"3.7050","wordfile":[{"path":"audios\/wordfile-6604d9705f765.wav","mime":"audio\/x-wav","copyright":{"license":"U"}}]}],"files":[{"path":"audios\/files-6604d815683a1.wav","mime":"audio\/x-wav","copyright":{"license":"U"}}]},"subContentId":"ce0f9247-3520-43f3-b020-a85e1cd54e40","metadata":{"contentType":"Curious Reader Audio","license":"U","title":"Untitled Curious Reader Audio"}},"backgroundOpacity":0,"willDoAnimation":false,"animationType":"glow","displayAsButton":false,"buttonSize":"big","goToSlideType":"specified","invisible":false},{"x":7.653061224489796,"y":37.75390428211587,"width":17.474489795918366,"height":52.141057934508815,"action":{"library":"H5P.Image 1.1","params":{"contentName":"Image"},"subContentId":"2bb2abba-61b2-4a86-9c11-cac1a872616a","metadata":{"contentType":"Image","license":"U","title":"Untitled Image"}},"backgroundOpacity":0,"willDoAnimation":true,"animationType":"glow","displayAsButton":false,"buttonSize":"big","goToSlideType":"specified","invisible":false,"id":"imgce0f9247-3520-43f3-b020-a85e1cd54e40_0"},{"x":20.408163265306122,"y":5.031889168765743,"width":23.852040816326532,"height":82.36775818639798,"action":{"library":"H5P.Image 1.1","params":{"contentName":"Image"},"subContentId":"05df8641-71d1-4a56-a0ab-94abf4cd7dc1","metadata":{"contentType":"Image","license":"U","title":"Untitled Image"}},"backgroundOpacity":0,"willDoAnimation":true,"animationType":"glow","displayAsButton":false,"buttonSize":"big","goToSlideType":"specified","invisible":false,"id":"imgce0f9247-3520-43f3-b020-a85e1cd54e40_6"}],"slideBackgroundSelector":{}},{"elements":[{"x":3.2679738562091507,"y":2.148858064516129,"width":39.97821350762527,"height":96.77419354838709,"action":{"library":"H5P.Image 1.1","params":{"contentName":"Image","file":{"path":"images\/file-6582f8d53e48b.jpg","mime":"image\/jpeg","copyright":{"license":"U"},"width":479,"height":686}},"subContentId":"92528443-ca85-4263-9bfc-286ba7fa3bad","metadata":{"contentType":"Image","license":"U","title":"Untitled Image"}},"backgroundOpacity":0,"willDoAnimation":false,"animationType":"glow","displayAsButton":false,"buttonSize":"big","goToSlideType":"specified","invisible":false},{"x":42.09183673469388,"y":35.26448362720403,"width":53.57142857142857,"height":40.050377833753146,"action":{"library":"H5P.CRAdvancedText 1.1","params":{"text":"<p dir=\"ltr\" style=\"text-align: center;\"><span style=\"color:#ffffff;\"><span style=\"font-size:1.75em;\">\u091a\u0915\u0942 \u0915\u0947 \u091a\u093e\u091a\u093e \u0928\u0947 \u0909\u0938\u0947 \u0938\u093e\u0927\u0928 \u0926\u093f\u092f\u0947\u0964 \u091a\u093e\u091a\u093e \u0928\u0947 \u091a\u0915\u0942 \u0938\u0947 \u0938\u093e\u0935\u0927\u093e\u0928 \u0930\u0939\u0928\u0947 \u0915\u094b \u092d\u0940 \u0915\u0939\u093e\u0964<\/span><\/span><\/p>\n"},"subContentId":"41562dc7-92c2-4920-9175-0b9ee75a455f","metadata":{"contentType":"Text","license":"U","title":"Untitled Text"}},"alwaysDisplayComments":false,"backgroundOpacity":0,"willDoAnimation":false,"animationType":"glow","displayAsButton":false,"buttonSize":"big","goToSlideType":"specified","invisible":false,"solution":""},{"x":47.00255102040816,"y":43.95465994962216,"width":40,"height":40,"action":{"library":"H5P.CRAudio 1.4","params":{"fitToWrapper":true,"currIndex":7,"playerMode":"minimalistic","controls":true,"autoplay":true,"playAudio":"Play audio","pauseAudio":"Pause audio","contentName":"Audio","glowColor":"#ffd85a","timeStampForEachText":[{"text":" \u091a\u0915\u0942 ","startDuration":"0.0000","endDuration":"0.4374","wordfile":[{"path":"audios\/wordfile-6604d99c1e615.wav","mime":"audio\/x-wav","copyright":{"license":"U"}}]},{"text":" \u0915\u0947 ","startDuration":"0.4384","endDuration":"0.6384","wordfile":[{"path":"audios\/wordfile-662a8d8647b9b.wav","mime":"audio\/x-wav","copyright":{"license":"U"}}]},{"text":" \u091a\u093e\u091a\u093e ","startDuration":"0.6394","endDuration":"1.0294","wordfile":[{"path":"audios\/wordfile-6604d9c2caf9a.wav","mime":"audio\/x-wav","copyright":{"license":"U"}}]},{"text":" \u0928\u0947 ","startDuration":"1.0304","endDuration":"1.3175","wordfile":[{"path":"audios\/wordfile-6604d9dbd84a4.wav","mime":"audio\/x-wav","copyright":{"license":"U"}}]},{"text":" \u0909\u0938\u0947 ","startDuration":"1.3185","endDuration":"1.6135","wordfile":[{"path":"audios\/wordfile-6604d9ee31748.wav","mime":"audio\/x-wav","copyright":{"license":"U"}}]},{"text":" \u0938\u093e\u0927\u0928 ","startDuration":"1.6145","endDuration":"2.1153","wordfile":[{"path":"audios\/wordfile-6604da0ea60fc.wav","mime":"audio\/x-wav","copyright":{"license":"U"}}]},{"text":" \u0926\u093f\u092f\u0947\u0964 ","startDuration":"2.1163","endDuration":"2.4983","wordfile":[{"path":"audios\/wordfile-6604da294fd13.wav","mime":"audio\/x-wav","copyright":{"license":"U"}}]},{"text":" \u091a\u093e\u091a\u093e ","startDuration":"2.4993","endDuration":"2.9842","wordfile":[{"path":"audios\/wordfile-6604da3d6afa5.wav","mime":"audio\/x-wav","copyright":{"license":"U"}}]},{"text":" \u0928\u0947 ","startDuration":"2.9852","endDuration":"3.1852","wordfile":[{"path":"audios\/wordfile-6604da4f8a853.wav","mime":"audio\/x-wav","copyright":{"license":"U"}}]},{"text":" \u091a\u0915\u0942 ","startDuration":"3.1862","endDuration":"3.5524","wordfile":[{"path":"audios\/wordfile-6604da6229f46.wav","mime":"audio\/x-wav","copyright":{"license":"U"}}]},{"text":" \u0938\u0947 ","startDuration":"3.5534","endDuration":"3.9354","wordfile":[{"path":"audios\/wordfile-6604da86a4066.wav","mime":"audio\/x-wav","copyright":{"license":"U"}}]},{"text":" \u0938\u093e\u0935\u0927\u093e\u0928 ","startDuration":"3.9364","endDuration":"4.4530","wordfile":[{"path":"audios\/wordfile-6604daa5e9e7e.wav","mime":"audio\/x-wav","copyright":{"license":"U"}}]},{"text":" \u0930\u0939\u0928\u0947 ","startDuration":"4.4540","endDuration":"4.8440","wordfile":[{"path":"audios\/wordfile-6604dac9b68a6.wav","mime":"audio\/x-wav","copyright":{"license":"U"}}]},{"text":" \u0915\u094b ","startDuration":"4.8450","endDuration":"5.0450","wordfile":[{"path":"audios\/wordfile-6604dadc9a7d1.wav","mime":"audio\/x-wav","copyright":{"license":"U"}}]},{"text":" \u092d\u0940 ","startDuration":"5.0460","endDuration":"5.2777","wordfile":[{"path":"audios\/wordfile-6604daf2b1f5c.wav","mime":"audio\/x-wav","copyright":{"license":"U"}}]},{"text":" \u0915\u0939\u093e\u0964 ","startDuration":"5.2787","endDuration":"5.8726","wordfile":[{"path":"audios\/wordfile-6604db04d5dd0.wav","mime":"audio\/x-wav","copyright":{"license":"U"}}]}],"files":[{"path":"audios\/files-6604d987ef7c3.wav","mime":"audio\/x-wav","copyright":{"license":"U"}}]},"subContentId":"f6161ebf-f6a9-493b-a574-fbd073085be4","metadata":{"contentType":"Curious Reader Audio","license":"U","title":"Untitled Curious Reader Audio"}},"backgroundOpacity":0,"willDoAnimation":false,"animationType":"glow","displayAsButton":false,"buttonSize":"big","goToSlideType":"specified","invisible":false},{"x":6.377551020408164,"y":15.101536523929472,"width":18.75,"height":67.2544080604534,"action":{"library":"H5P.Image 1.1","params":{"contentName":"Image"},"subContentId":"5ec6252f-4cd3-49ab-9847-e6326683fd43","metadata":{"contentType":"Image","license":"U","title":"Untitled Image"}},"backgroundOpacity":0,"willDoAnimation":true,"animationType":"glow","displayAsButton":false,"buttonSize":"big","goToSlideType":"specified","invisible":false,"id":"imgf6161ebf-f6a9-493b-a574-fbd073085be4_0"}],"slideBackgroundSelector":{}},{"elements":[{"x":0,"y":0,"width":97.93028322440088,"height":98.06451612903226,"action":{"library":"H5P.Image 1.1","params":{"contentName":"Image","file":{"path":"images\/file-6582f91783856.jpg","mime":"image\/jpeg","copyright":{"license":"U"},"width":959,"height":687}},"subContentId":"b905eb68-4ec2-4d41-a807-2f5c3e7461c9","metadata":{"contentType":"Image","license":"U","title":"Untitled Image"}},"backgroundOpacity":0,"willDoAnimation":false,"animationType":"glow","displayAsButton":false,"buttonSize":"big","goToSlideType":"specified","invisible":false},{"x":8.928571428571429,"y":30.226700251889167,"width":40,"height":40,"action":{"library":"H5P.CRAdvancedText 1.1","params":{"text":"<p dir=\"ltr\" style=\"text-align: center;\"><span style=\"color:#ffffff;\"><span style=\"font-size:1.75em;\">\u091a\u0915\u0942 \u0935\u093f\u091a\u093e\u0930 \u0915\u0930\u0924\u093e \u0939\u0948 \u0915\u093f \u0935\u0939 \u0905\u092a\u0928\u0940 \u091f\u094d\u0930\u093e\u0907\u0938\u093e\u0907\u0915\u093f\u0932 \u0915\u093e \u0928\u093f\u0930\u094d\u092e\u093e\u0923 \u0915\u0948\u0938\u0947 \u0915\u0930\u0947\u0902\u0964<\/span><\/span><\/p>\n"},"subContentId":"4b0d3413-30b9-4e2b-af52-cdc16350c10c","metadata":{"contentType":"Text","license":"U","title":"Untitled Text"}},"alwaysDisplayComments":false,"backgroundOpacity":0,"willDoAnimation":false,"animationType":"glow","displayAsButton":false,"buttonSize":"big","goToSlideType":"specified","invisible":false,"solution":""},{"x":93.11224489795919,"y":2.5188916876574305,"width":40,"height":40,"action":{"library":"H5P.CRAudio 1.4","params":{"fitToWrapper":true,"currIndex":8,"playerMode":"minimalistic","controls":true,"autoplay":true,"playAudio":"Play audio","pauseAudio":"Pause audio","contentName":"Audio","glowColor":"#ffd85a","timeStampForEachText":[{"text":" \u091a\u0915\u0942 ","startDuration":"0.0000","endDuration":"0.6154","wordfile":[{"path":"audios\/wordfile-6604db4d7dd42.wav","mime":"audio\/x-wav","copyright":{"license":"U"}}]},{"text":" \u0935\u093f\u091a\u093e\u0930 ","startDuration":"0.6164","endDuration":"1.0363","wordfile":[{"path":"audios\/wordfile-6604db653c5a0.wav","mime":"audio\/x-wav","copyright":{"license":"U"}}]},{"text":" \u0915\u0930\u0924\u093e ","startDuration":"1.0373","endDuration":"1.4144","wordfile":[{"path":"audios\/wordfile-6604db7d50513.wav","mime":"audio\/x-wav","copyright":{"license":"U"}}]},{"text":" \u0939\u0948 ","startDuration":"1.4154","endDuration":"1.6154","wordfile":[{"path":"audios\/wordfile-6604db91da2cb.wav","mime":"audio\/x-wav","copyright":{"license":"U"}}]},{"text":" \u0915\u093f ","startDuration":"1.6164","endDuration":"1.9752","wordfile":[{"path":"audios\/wordfile-662a8dc8bef13.wav","mime":"audio\/x-wav","copyright":{"license":"U"}}]},{"text":" \u0935\u0939 ","startDuration":"1.9762","endDuration":"2.1884","wordfile":[{"path":"audios\/wordfile-6604dbc477c6f.wav","mime":"audio\/x-wav","copyright":{"license":"U"}}]},{"text":" \u0905\u092a\u0928\u0940 ","startDuration":"2.1884","endDuration":"2.4139","wordfile":[{"path":"audios\/wordfile-6604dbddb239c.wav","mime":"audio\/x-wav","copyright":{"license":"U"}}]},{"text":" \u091f\u094d\u0930\u093e\u0907\u0938\u093e\u0907\u0915\u093f\u0932 ","startDuration":"2.4149","endDuration":"2.9570","wordfile":[{"path":"audios\/wordfile-6604dc024196a.wav","mime":"audio\/x-wav","copyright":{"license":"U"}}]},{"text":" \u0915\u093e ","startDuration":"2.9580","endDuration":"3.1030","wordfile":[{"path":"audios\/wordfile-6604dc1a5499e.wav","mime":"audio\/x-wav","copyright":{"license":"U"}}]},{"text":" \u0928\u093f\u0930\u094d\u092e\u093e\u0923 ","startDuration":"3.1040","endDuration":"3.5789","wordfile":[{"path":"audios\/wordfile-6604dc30e792e.wav","mime":"audio\/x-wav","copyright":{"license":"U"}}]},{"text":" \u0915\u0948\u0938\u0947 ","startDuration":"3.5799","endDuration":"3.9387","wordfile":[{"path":"audios\/wordfile-6604dc43449a6.wav","mime":"audio\/x-wav","copyright":{"license":"U"}}]},{"text":" \u0915\u0930\u0947\u0902\u0964 ","startDuration":"3.9397","endDuration":"4.4451","wordfile":[{"path":"audios\/wordfile-6604dc5c2770a.wav","mime":"audio\/x-wav","copyright":{"license":"U"}}]}],"files":[{"path":"audios\/files-6604db388daf3.wav","mime":"audio\/x-wav","copyright":{"license":"U"}}]},"subContentId":"9f94e90b-53e4-4083-8355-8118a09c0318","metadata":{"contentType":"Curious Reader Audio","license":"U","title":"Untitled Curious Reader Audio"}},"backgroundOpacity":0,"willDoAnimation":false,"animationType":"glow","displayAsButton":false,"buttonSize":"big","goToSlideType":"specified","invisible":false},{"x":58.673469387755105,"y":37.75390428211587,"width":32.39795918367347,"height":52.141057934508815,"action":{"library":"H5P.Image 1.1","params":{"contentName":"Image"},"subContentId":"13fbabac-a0f2-4f9b-b49c-d7929ad3063c","metadata":{"contentType":"Image","license":"U","title":"Untitled Image"}},"backgroundOpacity":0,"willDoAnimation":true,"animationType":"glow","displayAsButton":false,"buttonSize":"big","goToSlideType":"specified","invisible":false,"id":"img9f94e90b-53e4-4083-8355-8118a09c0318_0"}],"slideBackgroundSelector":{}},{"elements":[{"x":3.2679738562091507,"y":4.297720430107527,"width":39.97821350762527,"height":95.69892473118279,"action":{"library":"H5P.Image 1.1","params":{"contentName":"Image","file":{"path":"images\/file-6582f95489ed3.jpg","mime":"image\/jpeg","copyright":{"license":"U"},"width":479,"height":686}},"subContentId":"ca658387-de74-4029-9595-32a598136409","metadata":{"contentType":"Image","license":"U","title":"Untitled Image"}},"backgroundOpacity":0,"willDoAnimation":false,"animationType":"glow","displayAsButton":false,"buttonSize":"big","goToSlideType":"specified","invisible":false},{"x":49.744897959183675,"y":45.34005037783375,"width":40.05102040816327,"height":31.23425692695214,"action":{"library":"H5P.CRAdvancedText 1.1","params":{"text":"<p dir=\"ltr\" style=\"text-align: center;\"><span style=\"color:#ffffff;\"><span style=\"font-size:2.25em;\">\u091a\u0915\u0942 \u0928\u093f\u0930\u094d\u092e\u093e\u0923 \u0906\u0930\u0902\u092d \u0915\u0930\u0924\u093e \u0939\u0948\u0964<\/span><\/span><\/p>\n"},"subContentId":"ebe359ba-481e-4f99-a8c0-e8e2ba425efc","metadata":{"contentType":"Text","license":"U","title":"Untitled Text"}},"alwaysDisplayComments":false,"backgroundOpacity":0,"willDoAnimation":false,"animationType":"glow","displayAsButton":false,"buttonSize":"big","goToSlideType":"specified","invisible":false,"solution":""},{"x":47.00255102040816,"y":43.95465994962216,"width":40,"height":40,"action":{"library":"H5P.CRAudio 1.4","params":{"fitToWrapper":true,"currIndex":9,"playerMode":"minimalistic","controls":true,"autoplay":true,"playAudio":"Play audio","pauseAudio":"Pause audio","contentName":"Audio","glowColor":"#ffd85a","timeStampForEachText":[{"text":" \u091a\u0915\u0942 ","startDuration":"0.0000","endDuration":"0.3863","wordfile":[{"path":"audios\/wordfile-6604dc7ec7f16.wav","mime":"audio\/x-wav","copyright":{"license":"U"}}]},{"text":" \u0928\u093f\u0930\u094d\u092e\u093e\u0923 ","startDuration":"0.3873","endDuration":"0.9059","wordfile":[{"path":"audios\/wordfile-6604dc9333bab.wav","mime":"audio\/x-wav","copyright":{"license":"U"}}]},{"text":" \u0906\u0930\u0902\u092d ","startDuration":"0.9059","endDuration":"1.3083","wordfile":[{"path":"audios\/wordfile-6604dca5da6a1.wav","mime":"audio\/x-wav","copyright":{"license":"U"}}]},{"text":" \u0915\u0930\u0924\u093e ","startDuration":"1.3093","endDuration":"1.7227","wordfile":[{"path":"audios\/wordfile-6604dcf34ac29.wav","mime":"audio\/x-wav","copyright":{"license":"U"}}]},{"text":" \u0939\u0948\u0964 ","startDuration":"1.7237","endDuration":"1.9237","wordfile":[{"path":"audios\/wordfile-6604dd0b2053a.wav","mime":"audio\/x-wav","copyright":{"license":"U"}}]}],"files":[{"path":"audios\/files-6604dc6eb8f60.wav","mime":"audio\/x-wav","copyright":{"license":"U"}}]},"subContentId":"7de05571-5319-4926-9ad6-3e01d6192bc5","metadata":{"contentType":"Curious Reader Audio","license":"U","title":"Untitled Curious Reader Audio"}},"backgroundOpacity":0,"willDoAnimation":false,"animationType":"glow","displayAsButton":false,"buttonSize":"big","goToSlideType":"specified","invisible":false},{"x":8.928571428571429,"y":32.72594458438287,"width":16.198979591836736,"height":40.050377833753146,"action":{"library":"H5P.Image 1.1","params":{"contentName":"Image"},"subContentId":"ddceaf10-8338-487c-8525-ec4b4ede819d","metadata":{"contentType":"Image","license":"U","title":"Untitled Image"}},"backgroundOpacity":0,"willDoAnimation":true,"animationType":"glow","displayAsButton":false,"buttonSize":"big","goToSlideType":"specified","invisible":false,"id":"img7de05571-5319-4926-9ad6-3e01d6192bc5_0"},{"x":17.857142857142858,"y":35.26448362720403,"width":14.923469387755102,"height":40.050377833753146,"action":{"library":"H5P.Image 1.1","params":{"contentName":"Image"},"subContentId":"9e1b7abc-7f30-4a00-b00b-8e1b4037bae1","metadata":{"contentType":"Image","license":"U","title":"Untitled Image"}},"backgroundOpacity":0,"willDoAnimation":true,"animationType":"glow","displayAsButton":false,"buttonSize":"big","goToSlideType":"specified","invisible":false,"id":"img7de05571-5319-4926-9ad6-3e01d6192bc5_1"}],"slideBackgroundSelector":{}},{"elements":[{"x":4.357298474945534,"y":2.150537634408602,"width":39.97821350762527,"height":95.69892473118279,"action":{"library":"H5P.Image 1.1","params":{"contentName":"Image","file":{"path":"images\/file-6582f9838dd11.jpg","mime":"image\/jpeg","copyright":{"license":"U"},"width":479,"height":686}},"subContentId":"6368cbb9-4216-4806-a78c-04244d505890","metadata":{"contentType":"Image","license":"U","title":"Untitled Image"}},"backgroundOpacity":0,"willDoAnimation":false,"animationType":"glow","displayAsButton":false,"buttonSize":"big","goToSlideType":"specified","invisible":false},{"x":42.09183673469388,"y":45.34005037783375,"width":54.8469387755102,"height":31.23425692695214,"action":{"library":"H5P.CRAdvancedText 1.1","params":{"text":"<p dir=\"ltr\" style=\"text-align: center;\"><span style=\"color:#ffffff;\"><span style=\"font-size:2.25em;\">\u0915\u093f\u0924\u0928\u0940 \u0938\u0941\u0902\u0926\u0930 \u091f\u094d\u0930\u093e\u0907\u0938\u093e\u0907\u0915\u093f\u0932 \u0939\u0948! \u092a\u0930\u0902\u0924\u0941 \u092f\u0939 \u0938\u094d\u0925\u093f\u0930 \u0928\u0939\u0940\u0902 \u0925\u0940\u0964<\/span><\/span><\/p>\n"},"subContentId":"a355e8e7-c5ed-4094-99d2-8040204b21eb","metadata":{"contentType":"Text","license":"U","title":"Untitled Text"}},"alwaysDisplayComments":false,"backgroundOpacity":0,"willDoAnimation":false,"animationType":"glow","displayAsButton":false,"buttonSize":"big","goToSlideType":"specified","invisible":false,"solution":""},{"x":47.00255102040816,"y":43.95465994962216,"width":40,"height":40,"action":{"library":"H5P.CRAudio 1.4","params":{"fitToWrapper":true,"currIndex":10,"playerMode":"minimalistic","controls":true,"autoplay":true,"playAudio":"Play audio","pauseAudio":"Pause audio","contentName":"Audio","glowColor":"#ffd85a","timeStampForEachText":[{"text":" \u0915\u093f\u0924\u0928\u0940 ","startDuration":"0.0000","endDuration":"0.6683","wordfile":[{"path":"audios\/wordfile-6604dd363bed4.wav","mime":"audio\/x-wav","copyright":{"license":"U"}}]},{"text":" \u0938\u0941\u0902\u0926\u0930 ","startDuration":"0.6693","endDuration":"0.9348","wordfile":[{"path":"audios\/wordfile-6604dd494edc8.wav","mime":"audio\/x-wav","copyright":{"license":"U"}}]},{"text":" \u091f\u094d\u0930\u093e\u0907\u0938\u093e\u0907\u0915\u093f\u0932 ","startDuration":"0.9358","endDuration":"1.4279","wordfile":[{"path":"audios\/wordfile-6604dd6138bed.wav","mime":"audio\/x-wav","copyright":{"license":"U"}}]},{"text":" \u0939\u0948! ","startDuration":"1.4289","endDuration":"1.6289","wordfile":[{"path":"audios\/wordfile-6604dd7872af9.wav","mime":"audio\/x-wav","copyright":{"license":"U"}}]},{"text":" \u092a\u0930\u0902\u0924\u0941 ","startDuration":"1.6299","endDuration":"2.3183","wordfile":[{"path":"audios\/wordfile-6604dd8b45c29.wav","mime":"audio\/x-wav","copyright":{"license":"U"}}]},{"text":" \u092f\u0939 ","startDuration":"2.3193","endDuration":"2.6804","wordfile":[{"path":"audios\/wordfile-6604ddd90727d.wav","mime":"audio\/x-wav","copyright":{"license":"U"}}]},{"text":" \u0938\u094d\u0925\u093f\u0930 ","startDuration":"2.6814","endDuration":"2.9972","wordfile":[{"path":"audios\/wordfile-6604ddf9be2ec.wav","mime":"audio\/x-wav","copyright":{"license":"U"}}]},{"text":" \u0928\u0939\u0940\u0902 ","startDuration":"2.9982","endDuration":"3.2788","wordfile":[{"path":"audios\/wordfile-6604de0c1b07e.wav","mime":"audio\/x-wav","copyright":{"license":"U"}}]},{"text":" \u0925\u0940\u0964 ","startDuration":"3.2798","endDuration":"3.7362","wordfile":[{"path":"audios\/wordfile-6604de1de683b.wav","mime":"audio\/x-wav","copyright":{"license":"U"}}]}],"files":[{"path":"audios\/files-6604dd1e5c449.wav","mime":"audio\/x-wav","copyright":{"license":"U"}}]},"subContentId":"e4611ad1-effe-4f6c-a608-9fdeed006522","metadata":{"contentType":"Curious Reader Audio","license":"U","title":"Untitled Curious Reader Audio"}},"backgroundOpacity":0,"willDoAnimation":false,"animationType":"glow","displayAsButton":false,"buttonSize":"big","goToSlideType":"specified","invisible":false},{"x":17.857142857142858,"y":50.35037783375314,"width":22.5765306122449,"height":40.050377833753146,"action":{"library":"H5P.Image 1.1","params":{"contentName":"Image"},"subContentId":"276d4ce5-d719-47f9-ba12-2ebb1b9ab50a","metadata":{"contentType":"Image","license":"U","title":"Untitled Image"}},"backgroundOpacity":0,"willDoAnimation":true,"animationType":"glow","displayAsButton":false,"buttonSize":"big","goToSlideType":"specified","invisible":false,"id":"imge4611ad1-effe-4f6c-a608-9fdeed006522_2"}],"slideBackgroundSelector":{}},{"elements":[{"x":3.2679738562091503,"y":2.150537634408602,"width":39.97821350762527,"height":95.69892473118279,"action":{"library":"H5P.Image 1.1","params":{"contentName":"Image","file":{"path":"images\/file-6582f9c9f38f2.jpg","mime":"image\/jpeg","copyright":{"license":"U"},"width":479,"height":686}},"subContentId":"9f8d3804-966c-4b96-9d67-50173d8d300c","metadata":{"contentType":"Image","license":"U","title":"Untitled Image"}},"backgroundOpacity":0,"willDoAnimation":false,"animationType":"glow","displayAsButton":false,"buttonSize":"big","goToSlideType":"specified","invisible":false},{"x":44.642857142857146,"y":37.78337531486146,"width":45.535714285714285,"height":40.050377833753146,"action":{"library":"H5P.CRAdvancedText 1.1","params":{"text":"<p dir=\"ltr\" style=\"text-align: center;\"><span style=\"color:#ffffff;\"><span style=\"font-size:1.75em;\">\u091a\u0915\u0942 \u0915\u0940 \u0938\u092e\u0938\u094d\u092f\u093e \u0932\u0940\u0932\u093e \u0928\u0947 \u0926\u0947\u0916\u0940\u0964 \u0909\u0938\u0928\u0947 \u0938\u0939\u093e\u092f\u0924\u093e \u0915\u0930\u0928\u0947 \u0915\u093e \u0928\u093f\u0930\u094d\u0923\u092f \u0915\u093f\u092f\u093e\u0964<\/span><\/span><\/p>\n"},"subContentId":"a61b743b-74cb-4bd5-bd26-12e57b9e9005","metadata":{"contentType":"Text","license":"U","title":"Untitled Text"}},"alwaysDisplayComments":false,"backgroundOpacity":0,"willDoAnimation":false,"animationType":"glow","displayAsButton":false,"buttonSize":"big","goToSlideType":"specified","invisible":false,"solution":""},{"x":47.00255102040816,"y":43.95465994962216,"width":40,"height":40,"action":{"library":"H5P.CRAudio 1.4","params":{"fitToWrapper":true,"currIndex":11,"playerMode":"minimalistic","controls":true,"autoplay":true,"playAudio":"Play audio","pauseAudio":"Pause audio","contentName":"Audio","glowColor":"#ffd85a","timeStampForEachText":[{"text":" \u091a\u0915\u0942 ","startDuration":"0.0000","endDuration":"0.6747","wordfile":[{"path":"audios\/wordfile-6604de45e444a.wav","mime":"audio\/x-wav","copyright":{"license":"U"}}]},{"text":" \u0915\u0940 ","startDuration":"0.6757","endDuration":"0.7927","wordfile":[{"path":"audios\/wordfile-6604de56ee472.wav","mime":"audio\/x-wav","copyright":{"license":"U"}}]},{"text":" \u0938\u092e\u0938\u094d\u092f\u093e ","startDuration":"0.7937","endDuration":"1.2869","wordfile":[{"path":"audios\/wordfile-6604de703c2a2.wav","mime":"audio\/x-wav","copyright":{"license":"U"}}]},{"text":" \u0932\u0940\u0932\u093e ","startDuration":"1.2879","endDuration":"1.6624","wordfile":[{"path":"audios\/wordfile-6604de94c98cc.wav","mime":"audio\/x-wav","copyright":{"license":"U"}}]},{"text":" \u0928\u0947 ","startDuration":"1.6634","endDuration":"1.7866","wordfile":[{"path":"audios\/wordfile-6604deab5ddbe.wav","mime":"audio\/x-wav","copyright":{"license":"U"}}]},{"text":" \u0926\u0947\u0916\u0940\u0964 ","startDuration":"1.7876","endDuration":"2.3366","wordfile":[{"path":"audios\/wordfile-6604dee7b6846.wav","mime":"audio\/x-wav","copyright":{"license":"U"}}]},{"text":" \u0909\u0938\u0928\u0947 ","startDuration":"2.3376","endDuration":"2.9914","wordfile":[{"path":"audios\/wordfile-6604defd0584e.wav","mime":"audio\/x-wav","copyright":{"license":"U"}}]},{"text":" \u0938\u0939\u093e\u092f\u0924\u093e ","startDuration":"2.9924","endDuration":"3.5414","wordfile":[{"path":"audios\/wordfile-6604df1a9454b.wav","mime":"audio\/x-wav","copyright":{"license":"U"}}]},{"text":" \u0915\u0930\u0928\u0947 ","startDuration":"3.5424","endDuration":"3.9169","wordfile":[{"path":"audios\/wordfile-6604df2f6c46d.wav","mime":"audio\/x-wav","copyright":{"license":"U"}}]},{"text":" \u0915\u093e ","startDuration":"3.9179","endDuration":"4.1179","wordfile":[{"path":"audios\/wordfile-6604df4395837.wav","mime":"audio\/x-wav","copyright":{"license":"U"}}]},{"text":" \u0928\u093f\u0930\u094d\u0923\u092f ","startDuration":"4.1189","endDuration":"4.4795","wordfile":[{"path":"audios\/wordfile-6604df57e9200.wav","mime":"audio\/x-wav","copyright":{"license":"U"}}]},{"text":" \u0915\u093f\u092f\u093e\u0964 ","startDuration":"4.4805","endDuration":"5.0994","wordfile":[{"path":"audios\/wordfile-6604df6ce60e0.wav","mime":"audio\/x-wav","copyright":{"license":"U"}}]}],"files":[{"path":"audios\/files-6604de3198f73.wav","mime":"audio\/x-wav","copyright":{"license":"U"}}]},"subContentId":"68c1fb4f-2b8f-470a-aa34-a7ea7fac392a","metadata":{"contentType":"Curious Reader Audio","license":"U","title":"Untitled Curious Reader Audio"}},"backgroundOpacity":0,"willDoAnimation":false,"animationType":"glow","displayAsButton":false,"buttonSize":"big","goToSlideType":"specified","invisible":false},{"x":21.683673469387756,"y":27.692191435768265,"width":14.923469387755102,"height":40.050377833753146,"action":{"library":"H5P.Image 1.1","params":{"contentName":"Image"},"subContentId":"fd3fe755-d91c-4690-a3db-621c6db22c1f","metadata":{"contentType":"Image","license":"U","title":"Untitled Image"}},"backgroundOpacity":0,"willDoAnimation":true,"animationType":"glow","displayAsButton":false,"buttonSize":"big","goToSlideType":"specified","invisible":false,"id":"img68c1fb4f-2b8f-470a-aa34-a7ea7fac392a_0"},{"x":3.826530612244898,"y":32.72594458438287,"width":14.923469387755102,"height":40.050377833753146,"action":{"library":"H5P.Image 1.1","params":{"contentName":"Image"},"subContentId":"8cdd9654-ed52-4b28-aa27-f740dd62d255","metadata":{"contentType":"Image","license":"U","title":"Untitled Image"}},"backgroundOpacity":0,"willDoAnimation":true,"animationType":"glow","displayAsButton":false,"buttonSize":"big","goToSlideType":"specified","invisible":false,"id":"img68c1fb4f-2b8f-470a-aa34-a7ea7fac392a_3"}],"slideBackgroundSelector":{}},{"elements":[{"x":43.19346405228758,"y":25.791397849462367,"width":55.44662309368192,"height":70.96774193548387,"action":{"library":"H5P.Image 1.1","params":{"contentName":"Image","file":{"path":"images\/file-6582fa0e7a729.jpg","mime":"image\/jpeg","copyright":{"license":"U"},"width":959,"height":687}},"subContentId":"3ccdf63e-a32d-4e4c-9b61-15b14f985b43","metadata":{"contentType":"Image","license":"U","title":"Untitled Image"}},"backgroundOpacity":0,"willDoAnimation":false,"animationType":"glow","displayAsButton":false,"buttonSize":"big","goToSlideType":"specified","invisible":false},{"x":0,"y":20.139319899244335,"width":47.19387755102041,"height":62.97229219143576,"action":{"library":"H5P.CRAdvancedText 1.1","params":{"text":"<p dir=\"ltr\" style=\"text-align: center;\"><span style=\"color:#ffffff;\"><span style=\"font-size:2.25em;\">\u0926\u094b\u0928\u094b\u0902 \u0928\u0947 \u0938\u093e\u0925 \u092e\u093f\u0932\u0915\u0930 \u090f\u0915 \u0938\u092c\u0932 \u091f\u094d\u0930\u093e\u0907\u0938\u093e\u0907\u0915\u093f\u0932 \u092c\u0928\u093e\u0908\u0964<\/span><\/span><\/p>\n"},"subContentId":"593db92d-80ca-4922-a46d-9ed57765478e","metadata":{"contentType":"Text","license":"U","title":"Untitled Text"}},"alwaysDisplayComments":false,"backgroundOpacity":0,"willDoAnimation":false,"animationType":"glow","displayAsButton":false,"buttonSize":"big","goToSlideType":"specified","invisible":false,"solution":""},{"x":47.00255102040816,"y":43.95465994962216,"width":40,"height":40,"action":{"library":"H5P.CRAudio 1.4","params":{"fitToWrapper":true,"currIndex":12,"playerMode":"minimalistic","controls":true,"autoplay":true,"playAudio":"Play audio","pauseAudio":"Pause audio","contentName":"Audio","glowColor":"#ffd85a","timeStampForEachText":[{"text":" \u0926\u094b\u0928\u094b\u0902 ","startDuration":"0.0000","endDuration":"0.5723","wordfile":[{"path":"audios\/wordfile-6604df8ed1fd4.wav","mime":"audio\/x-wav","copyright":{"license":"U"}}]},{"text":" \u0928\u0947 ","startDuration":"0.5723","endDuration":"0.6978","wordfile":[{"path":"audios\/wordfile-6604dfaca6387.wav","mime":"audio\/x-wav","copyright":{"license":"U"}}]},{"text":" \u0938\u093e\u0925 ","startDuration":"0.6988","endDuration":"1.0943","wordfile":[{"path":"audios\/wordfile-6604dfc371141.wav","mime":"audio\/x-wav","copyright":{"license":"U"}}]},{"text":" \u092e\u093f\u0932\u0915\u0930 ","startDuration":"1.0953","endDuration":"1.6071","wordfile":[{"path":"audios\/wordfile-6604dfd3b397a.wav","mime":"audio\/x-wav","copyright":{"license":"U"}}]},{"text":" \u090f\u0915 ","startDuration":"1.6081","endDuration":"1.8128","wordfile":[{"path":"audios\/wordfile-6604dfe9e2543.wav","mime":"audio\/x-wav","copyright":{"license":"U"}}]},{"text":" \u0938\u092c\u0932 ","startDuration":"1.8138","endDuration":"2.3303","wordfile":[{"path":"audios\/wordfile-6604e00e1923b.wav","mime":"audio\/x-wav","copyright":{"license":"U"}}]},{"text":" \u091f\u094d\u0930\u093e\u0907\u0938\u093e\u0907\u0915\u093f\u0932 ","startDuration":"2.3313","endDuration":"2.8850","wordfile":[{"path":"audios\/wordfile-6604e024aadb1.wav","mime":"audio\/x-wav","copyright":{"license":"U"}}]},{"text":" \u092c\u0928\u093e\u0908\u0964 ","startDuration":"2.8860","endDuration":"3.4532","wordfile":[{"path":"audios\/wordfile-6604e038378e4.wav","mime":"audio\/x-wav","copyright":{"license":"U"}}]}],"files":[{"path":"audios\/files-6604df7f843d6.wav","mime":"audio\/x-wav","copyright":{"license":"U"}}]},"subContentId":"2674e978-69a2-4436-8477-034204adefe0","metadata":{"contentType":"Curious Reader Audio","license":"U","title":"Untitled Curious Reader Audio"}},"backgroundOpacity":0,"willDoAnimation":false,"animationType":"glow","displayAsButton":false,"buttonSize":"big","goToSlideType":"specified","invisible":false},{"x":73.9795918367347,"y":50.35037783375314,"width":18.367346938775512,"height":40.050377833753146,"action":{"library":"H5P.Image 1.1","params":{"contentName":"Image"},"subContentId":"7f9093c4-298b-4c7a-a706-b154a316238d","metadata":{"contentType":"Image","license":"U","title":"Untitled Image"}},"backgroundOpacity":0,"willDoAnimation":true,"animationType":"glow","displayAsButton":false,"buttonSize":"big","goToSlideType":"specified","invisible":false,"id":"img2674e978-69a2-4436-8477-034204adefe0_6"}],"slideBackgroundSelector":{}},{"elements":[{"x":3.2679738562091503,"y":4.301075268817204,"width":39.97821350762527,"height":95.69892473118279,"action":{"library":"H5P.Image 1.1","params":{"contentName":"Image","file":{"path":"images\/file-6582fa801b2bb.jpg","mime":"image\/jpeg","copyright":{"license":"U"},"width":639,"height":687}},"subContentId":"9be5a284-a001-40c0-9a7f-2116761d05e2","metadata":{"contentType":"Image","license":"U","title":"Untitled Image"}},"backgroundOpacity":0,"willDoAnimation":false,"animationType":"glow","displayAsButton":false,"buttonSize":"big","goToSlideType":"specified","invisible":false},{"x":42.09183673469388,"y":37.78337531486146,"width":49.10714285714286,"height":40.050377833753146,"action":{"library":"H5P.CRAdvancedText 1.1","params":{"text":"<p dir=\"ltr\" style=\"text-align: center;\"><span style=\"color:#ffffff;\"><span style=\"font-size:1.75em;\">\u091a\u0915\u0942 \u091c\u0939\u093e\u0902 \u092d\u0940 \u091c\u093e\u0924\u093e, \u0905\u092a\u0928\u0940 \u091f\u094d\u0930\u093e\u0907\u0938\u093e\u0907\u0915\u093f\u0932 \u091a\u0932\u093e\u0915\u0930 \u091c\u093e\u0924\u093e \u0925\u093e\u0964<\/span><\/span><\/p>\n"},"subContentId":"936ea689-fca6-4e29-9824-7b531547a589","metadata":{"contentType":"Text","license":"U","title":"Untitled Text"}},"alwaysDisplayComments":false,"backgroundOpacity":0,"willDoAnimation":false,"animationType":"glow","displayAsButton":false,"buttonSize":"big","goToSlideType":"specified","invisible":false,"solution":""},{"x":47.00255102040816,"y":43.95465994962216,"width":40,"height":40,"action":{"library":"H5P.CRAudio 1.4","params":{"fitToWrapper":true,"currIndex":13,"playerMode":"minimalistic","controls":true,"autoplay":true,"playAudio":"Play audio","pauseAudio":"Pause audio","contentName":"Audio","glowColor":"#ffd85a","timeStampForEachText":[{"text":" \u091a\u0915\u0942 ","startDuration":"0.0000","endDuration":"0.7140","wordfile":[{"path":"audios\/wordfile-6604e05fc1b23.wav","mime":"audio\/x-wav","copyright":{"license":"U"}}]},{"text":" \u091c\u0939\u093e\u0902 ","startDuration":"0.7150","endDuration":"0.9150","wordfile":[{"path":"audios\/wordfile-6604e06fd1370.wav","mime":"audio\/x-wav","copyright":{"license":"U"}}]},{"text":" \u092d\u0940 ","startDuration":"0.9160","endDuration":"1.1160","wordfile":[{"path":"audios\/wordfile-6604e0800bf71.wav","mime":"audio\/x-wav","copyright":{"license":"U"}}]},{"text":" \u091c\u093e\u0924\u093e, ","startDuration":"1.1170","endDuration":"1.6210","wordfile":[{"path":"audios\/wordfile-6604e097709c5.wav","mime":"audio\/x-wav","copyright":{"license":"U"}}]},{"text":" \u0905\u092a\u0928\u0940 ","startDuration":"1.6220","endDuration":"2.0375","wordfile":[{"path":"audios\/wordfile-6604e0a6d57e2.wav","mime":"audio\/x-wav","copyright":{"license":"U"}}]},{"text":" \u091f\u094d\u0930\u093e\u0907\u0938\u093e\u0907\u0915\u093f\u0932 ","startDuration":"2.0385","endDuration":"2.6198","wordfile":[{"path":"audios\/wordfile-6604e0bc03448.wav","mime":"audio\/x-wav","copyright":{"license":"U"}}]},{"text":" \u091a\u0932\u093e\u0915\u0930 ","startDuration":"2.6208","endDuration":"3.1137","wordfile":[{"path":"audios\/wordfile-6604e0d14816e.wav","mime":"audio\/x-wav","copyright":{"license":"U"}}]},{"text":" \u091c\u093e\u0924\u093e ","startDuration":"3.1147","endDuration":"3.4860","wordfile":[{"path":"audios\/wordfile-6604e0e5ca436.wav","mime":"audio\/x-wav","copyright":{"license":"U"}}]},{"text":" \u0925\u093e\u0964 ","startDuration":"3.4870","endDuration":"3.9744","wordfile":[{"path":"audios\/wordfile-6604e0fca7806.wav","mime":"audio\/x-wav","copyright":{"license":"U"}}]}],"files":[{"path":"audios\/files-6604e04d1af37.wav","mime":"audio\/x-wav","copyright":{"license":"U"}}]},"subContentId":"7351b1db-bace-44f2-b876-9ee68d3a6c22","metadata":{"contentType":"Curious Reader Audio","license":"U","title":"Untitled Curious Reader Audio"}},"backgroundOpacity":0,"willDoAnimation":false,"animationType":"glow","displayAsButton":false,"buttonSize":"big","goToSlideType":"specified","invisible":false},{"x":16.581632653061224,"y":40.27858942065492,"width":25.127551020408163,"height":40.050377833753146,"action":{"library":"H5P.Image 1.1","params":{"contentName":"Image"},"subContentId":"2c8b1096-a543-4697-81cf-c5fc28679ead","metadata":{"contentType":"Image","license":"U","title":"Untitled Image"}},"backgroundOpacity":0,"willDoAnimation":true,"animationType":"glow","displayAsButton":false,"buttonSize":"big","goToSlideType":"specified","invisible":false,"id":"img7351b1db-bace-44f2-b876-9ee68d3a6c22_5"},{"x":19.131632653061224,"y":15.101536523929472,"width":18.75,"height":40.050377833753146,"action":{"library":"H5P.Image 1.1","params":{"contentName":"Image"},"subContentId":"492a11ea-28eb-40c2-974a-41652f453d9d","metadata":{"contentType":"Image","license":"U","title":"Untitled Image"}},"backgroundOpacity":0,"willDoAnimation":true,"animationType":"glow","displayAsButton":false,"buttonSize":"big","goToSlideType":"specified","invisible":false,"id":"img7351b1db-bace-44f2-b876-9ee68d3a6c22_0"}],"slideBackgroundSelector":{}},{"elements":[{"x":3.2679738562091503,"y":2.150537634408602,"width":39.97821350762527,"height":95.69892473118279,"action":{"library":"H5P.Image 1.1","params":{"contentName":"Image","file":{"path":"images\/file-6582fab2e8792.jpg","mime":"image\/jpeg","copyright":{"license":"U"},"width":479,"height":686}},"subContentId":"a5cc3ace-1cb3-4463-a4b8-cf993423732e","metadata":{"contentType":"Image","license":"U","title":"Untitled Image"}},"backgroundOpacity":0,"willDoAnimation":false,"animationType":"glow","displayAsButton":false,"buttonSize":"big","goToSlideType":"specified","invisible":false},{"x":43.36734693877551,"y":32.7455919395466,"width":54.974489795918366,"height":55.415617128463474,"action":{"library":"H5P.CRAdvancedText 1.1","params":{"text":"<p dir=\"ltr\" style=\"text-align: center;\"><span style=\"color:#ffffff;\"><span style=\"font-size:1.75em;\">\u092a\u0930\u0902\u0924\u0941 \u0909\u0928\u0915\u093e \u092a\u094d\u0930\u093f\u092f \u0938\u092e\u092f \u0935\u0939 \u0939\u094b\u0924\u093e \u0925\u093e, \u091c\u092c \u0935\u0939 \u0914\u0930 \u0932\u0940\u0932\u093e \u090f\u0915 \u0938\u093e\u0925 \u0938\u093e\u0907\u0915\u093f\u0932 \u091a\u0932\u093e\u0924\u0947 \u0925\u0947\u0964<\/span><\/span><\/p>\n"},"subContentId":"d153d157-4df3-43a2-bd6f-b4ff096d12a1","metadata":{"contentType":"Text","license":"U","title":"Untitled Text"}},"alwaysDisplayComments":false,"backgroundOpacity":0,"willDoAnimation":false,"animationType":"glow","displayAsButton":false,"buttonSize":"big","goToSlideType":"specified","invisible":false,"solution":""},{"x":47.00255102040816,"y":43.95465994962216,"width":40,"height":40,"action":{"library":"H5P.CRAudio 1.4","params":{"fitToWrapper":true,"currIndex":14,"playerMode":"minimalistic","controls":true,"autoplay":true,"playAudio":"Play audio","pauseAudio":"Pause audio","contentName":"Audio","glowColor":"#ffd85a","timeStampForEachText":[{"text":" \u092a\u0930\u0902\u0924\u0941 ","startDuration":"0.0000","endDuration":"0.6537","wordfile":[{"path":"audios\/wordfile-6604e122ad8cf.wav","mime":"audio\/x-wav","copyright":{"license":"U"}}]},{"text":" \u0909\u0928\u0915\u093e ","startDuration":"0.6537","endDuration":"0.9944","wordfile":[{"path":"audios\/wordfile-6604e13f5d380.wav","mime":"audio\/x-wav","copyright":{"license":"U"}}]},{"text":" \u092a\u094d\u0930\u093f\u092f ","startDuration":"0.9954","endDuration":"1.2924","wordfile":[{"path":"audios\/wordfile-6604e19d6dd9e.wav","mime":"audio\/x-wav","copyright":{"license":"U"}}]},{"text":" \u0938\u092e\u092f ","startDuration":"1.2924","endDuration":"1.6669","wordfile":[{"path":"audios\/wordfile-6604e1d971683.wav","mime":"audio\/x-wav","copyright":{"license":"U"}}]},{"text":" \u0935\u0939 ","startDuration":"1.6679","endDuration":"1.9377","wordfile":[{"path":"audios\/wordfile-6604e1f78ce8d.wav","mime":"audio\/x-wav","copyright":{"license":"U"}}]},{"text":" \u0939\u094b\u0924\u093e ","startDuration":"1.9377","endDuration":"2.3656","wordfile":[{"path":"audios\/wordfile-6604e239d1569.wav","mime":"audio\/x-wav","copyright":{"license":"U"}}]},{"text":" \u0925\u093e, ","startDuration":"2.3656","endDuration":"2.7324","wordfile":[{"path":"audios\/wordfile-6604e97143fb1.wav","mime":"audio\/x-wav","copyright":{"license":"U"}}]},{"text":" \u091c\u092c ","startDuration":"2.7334","endDuration":"3.1516","wordfile":[{"path":"audios\/wordfile-662a8eff85206.wav","mime":"audio\/x-wav","copyright":{"license":"U"}}]},{"text":" \u0935\u0939 ","startDuration":"3.1526","endDuration":"3.4748","wordfile":[{"path":"audios\/wordfile-6604e9d7e485e.wav","mime":"audio\/x-wav","copyright":{"license":"U"}}]},{"text":" \u0914\u0930 ","startDuration":"3.4758","endDuration":"3.7631","wordfile":[{"path":"audios\/wordfile-662a8f4bceabd.wav","mime":"audio\/x-wav","copyright":{"license":"U"}}]},{"text":" \u0932\u0940\u0932\u093e ","startDuration":"3.7641","endDuration":"4.1997","wordfile":[{"path":"audios\/wordfile-6604ea0bdb201.wav","mime":"audio\/x-wav","copyright":{"license":"U"}}]},{"text":" \u090f\u0915 ","startDuration":"4.2007","endDuration":"4.5403","wordfile":[{"path":"audios\/wordfile-6604ea2c3af52.wav","mime":"audio\/x-wav","copyright":{"license":"U"}}]},{"text":" \u0938\u093e\u0925 ","startDuration":"4.5413","endDuration":"4.8809","wordfile":[{"path":"audios\/wordfile-6604ea43a853e.wav","mime":"audio\/x-wav","copyright":{"license":"U"}}]},{"text":" \u0938\u093e\u0907\u0915\u093f\u0932 ","startDuration":"4.8819","endDuration":"5.2913","wordfile":[{"path":"audios\/wordfile-6604ea5650602.wav","mime":"audio\/x-wav","copyright":{"license":"U"}}]},{"text":" \u091a\u0932\u093e\u0924\u0947 ","startDuration":"5.2923","endDuration":"5.7803","wordfile":[{"path":"audios\/wordfile-6604ea750f50e.wav","mime":"audio\/x-wav","copyright":{"license":"U"}}]},{"text":" \u0925\u0947\u0964 ","startDuration":"5.7813","endDuration":"6.2605","wordfile":[{"path":"audios\/wordfile-6604ea8d2ec55.wav","mime":"audio\/x-wav","copyright":{"license":"U"}}]}],"files":[{"path":"audios\/files-6604e11022c8a.wav","mime":"audio\/x-wav","copyright":{"license":"U"}}]},"subContentId":"2b0636a8-249a-4ad0-a1f7-2e7afa12c668","metadata":{"contentType":"Curious Reader Audio","license":"U","title":"Untitled Curious Reader Audio"}},"backgroundOpacity":0,"willDoAnimation":false,"animationType":"glow","displayAsButton":false,"buttonSize":"big","goToSlideType":"specified","invisible":false},{"x":22.95918367346939,"y":20.139319899244335,"width":17.474489795918366,"height":49.622166246851386,"action":{"library":"H5P.Image 1.1","params":{"contentName":"Image"},"subContentId":"58448494-3906-4b84-8701-4bc92bd9e80b","metadata":{"contentType":"Image","license":"U","title":"Untitled Image"}},"backgroundOpacity":0,"willDoAnimation":true,"animationType":"glow","displayAsButton":false,"buttonSize":"big","goToSlideType":"specified","invisible":false,"id":"img2b0636a8-249a-4ad0-a1f7-2e7afa12c668_7"},{"x":22.95918367346939,"y":20.133425692695216,"width":16.198979591836736,"height":49.622166246851386,"action":{"library":"H5P.Image 1.1","params":{"contentName":"Image"},"subContentId":"b5e645a1-dc32-464f-bb89-f6a65e82dcda","metadata":{"contentType":"Image","license":"U","title":"Untitled Image"}},"backgroundOpacity":0,"willDoAnimation":true,"animationType":"glow","displayAsButton":false,"buttonSize":"big","goToSlideType":"specified","invisible":false,"id":"img2b0636a8-249a-4ad0-a1f7-2e7afa12c668_8"},{"x":12.755102040816327,"y":17.614534005037783,"width":13.64795918367347,"height":54.659949622166245,"action":{"library":"H5P.Image 1.1","params":{"contentName":"Image"},"subContentId":"15f2c915-a43a-4981-a77d-da73832a37c5","metadata":{"contentType":"Image","license":"U","title":"Untitled Image"}},"backgroundOpacity":0,"willDoAnimation":true,"animationType":"glow","displayAsButton":false,"buttonSize":"big","goToSlideType":"specified","invisible":false,"id":"img2b0636a8-249a-4ad0-a1f7-2e7afa12c668_10"}],"slideBackgroundSelector":{}},{"elements":[{"x":5.446623093681917,"y":6.451612903225806,"width":19.607843137254903,"height":19.569892473118276,"action":{"library":"H5P.Image 1.1","params":{"contentName":"Image","file":{"path":"images\/file-6582faf97f388.png","mime":"image\/png","copyright":{"license":"U"},"width":1350,"height":487}},"subContentId":"adef2565-9d0b-433d-8139-92e610ba9372","metadata":{"contentType":"Image","license":"U","title":"Untitled Image"}},"backgroundOpacity":0,"willDoAnimation":false,"animationType":"glow","displayAsButton":false,"buttonSize":"big","goToSlideType":"specified","invisible":false},{"x":29.411764705882355,"y":6.4415268817204305,"width":19.607843137254903,"height":19.569892473118276,"action":{"library":"H5P.Image 1.1","params":{"contentName":"Image","file":{"path":"images\/file-6582fb0bd1481.png","mime":"image\/png","copyright":{"license":"U"},"width":814,"height":202}},"subContentId":"abaea07c-8ccf-4f94-9c73-5c3fad74e8b6","metadata":{"contentType":"Image","license":"U","title":"Untitled Image"}},"backgroundOpacity":0,"willDoAnimation":false,"animationType":"glow","displayAsButton":false,"buttonSize":"big","goToSlideType":"specified","invisible":false},{"x":53.37690631808279,"y":8.602150537634408,"width":39.97821350762527,"height":15.053763440860214,"action":{"library":"H5P.Image 1.1","params":{"contentName":"Image","file":{"path":"images\/file-6582fb223475c.jpg","mime":"image\/jpeg","copyright":{"license":"U"},"width":1732,"height":354}},"subContentId":"1e6de0e9-af4d-4212-be76-2db4139d5fc6","metadata":{"contentType":"Image","license":"U","title":"Untitled Image"}},"backgroundOpacity":0,"willDoAnimation":false,"animationType":"glow","displayAsButton":false,"buttonSize":"big","goToSlideType":"specified","invisible":false},{"x":3.826530612244898,"y":32.7455919395466,"width":93.68191721132898,"height":64.51612903225806,"action":{"library":"H5P.CRAdvancedText 1.1","params":{"text":"<h3 style=\"text-align: center;\">\u201c\u091a\u0915\u0942 \u0915\u0940 \u0938\u093e\u0907\u0915\u093f\u0932\u201d credits<br>\nThis work, \u201c\u091a\u0915\u0942 \u0915\u0940 \u0938\u093e\u0907\u0915\u093f\u0932\u201d&nbsp;is a derivative of Chaku's Cycleis translated byAlisha Berger. The \u00a9 for this translation lies with Room to Read, 2016. Some rights reserved. Released under CC BY 4.0 license.Based on Original story:'Baiskeli ya Chaku', byUpendo Maria. \u00a9 Room to Read , 2016. Some rights reserved.<\/h3>\n\n<h3 style=\"text-align: center;\">\u201c\u091a\u0915\u0942 \u0915\u0940 \u0938\u093e\u0907\u0915\u093f\u0932\u201d is licensed under CC BY 4.0 by Curious Learning.<\/h3>\n\n<h3 style=\"text-align: center;\">Book builder - Abraham Jerry Kakooza<\/h3>\n"},"subContentId":"73649e64-c7ea-491d-8d78-f2ad67dcfe51","metadata":{"contentType":"Text","license":"U","title":"Untitled Text"}},"alwaysDisplayComments":false,"backgroundOpacity":0,"willDoAnimation":false,"animationType":"glow","displayAsButton":false,"buttonSize":"big","goToSlideType":"specified","invisible":false,"solution":""}],"slideBackgroundSelector":{}}],"keywordListEnabled":true,"globalBackgroundSelector":{},"keywordListAlwaysShow":false,"keywordListAutoHide":false,"keywordListOpacity":90},"override":{"activeSurface":false,"hideSummarySlide":false,"summarySlideSolutionButton":true,"summarySlideRetryButton":true,"enablePrintButton":false,"social":{"showFacebookShare":false,"facebookShare":{"url":"@currentpageurl","quote":"I scored @score out of @maxScore on a task at @currentpageurl."},"showTwitterShare":false,"twitterShare":{"statement":"I scored @score out of @maxScore on a task at @currentpageurl.","url":"@currentpageurl","hashtags":"h5p, course"},"showGoogleShare":false,"googleShareUrl":"@currentpageurl"}},"l10n":{"slide":"Slide","score":"Score","yourScore":"Your Score","maxScore":"Max Score","total":"Total","totalScore":"Total Score","showSolutions":"Show solutions","retry":"Retry","exportAnswers":"Export text","hideKeywords":"Hide sidebar navigation menu","showKeywords":"Show sidebar navigation menu","fullscreen":"Fullscreen","exitFullscreen":"Exit fullscreen","prevSlide":"Previous slide","nextSlide":"Next slide","currentSlide":"Current slide","lastSlide":"Last slide","solutionModeTitle":"Exit solution mode","solutionModeText":"Solution Mode","summaryMultipleTaskText":"Multiple tasks","scoreMessage":"You achieved:","shareFacebook":"Share on Facebook","shareTwitter":"Share on Twitter","shareGoogle":"Share on Google+","summary":"Summary","solutionsButtonTitle":"Show comments","printTitle":"Print","printIngress":"How would you like to print this presentation?","printAllSlides":"Print all slides","printCurrentSlide":"Print current slide","noTitle":"No title","accessibilitySlideNavigationExplanation":"Use left and right arrow to change slide in that direction whenever canvas is selected.","accessibilityCanvasLabel":"Presentation canvas. Use left and right arrow to move between slides.","containsNotCompleted":"@slideName contains not completed interaction","containsCompleted":"@slideName contains completed interaction","slideCount":"Slide @index of @total","containsOnlyCorrect":"@slideName only has correct answers","containsIncorrectAnswers":"@slideName has incorrect answers","shareResult":"Share Result","accessibilityTotalScore":"You got @score of @maxScore points in total","accessibilityEnteredFullscreen":"Entered fullscreen","accessibilityExitedFullscreen":"Exited fullscreen"}}