{"presentation":{"slides":[{"elements":[{"x":17.429193899782135,"y":8.620689655172415,"width":68.84531590413944,"height":68.96551724137932,"action":{"library":"H5P.Image 1.1","params":{"contentName":"Image","file":{"path":"images\/file-620d8a2cc3689.jpg","mime":"image\/jpeg","copyright":{"license":"U"},"width":959,"height":459}},"metadata":{"contentType":"Image","license":"U","title":"Untitled Image"},"subContentId":"e3b59ba2-3660-4937-9e57-1a84d4a9288f"},"backgroundOpacity":0,"willDoAnimation":false,"animationType":"glow","displayAsButton":false,"buttonSize":"big","goToSlideType":"specified","invisible":false},{"x":7.653061224489796,"y":80.53954659949622,"width":84.18367346938776,"height":18.387909319899244,"action":{"library":"H5P.CRAdvancedText 1.1","params":{"text":"<h2 dir=\"ltr\" style=\"text-align: center;\"><span style=\"font-size:2.25em;\">\u0932\u0902\u092c\u093e \u0914\u0930 \u091b\u094b\u091f\u093e<\/span><\/h2>\n"},"metadata":{"contentType":"Text","license":"U","title":"Untitled Text"},"subContentId":"42a27549-400d-40e1-8a3f-637c9bb8f8e3"},"alwaysDisplayComments":false,"backgroundOpacity":0,"willDoAnimation":false,"animationType":"glow","displayAsButton":false,"buttonSize":"big","goToSlideType":"specified","invisible":false,"solution":""}],"slideBackgroundSelector":{}},{"elements":[{"x":16.33986928104575,"y":4.310344827586207,"width":33.769063180827885,"height":92.67241379310346,"action":{"library":"H5P.Image 1.1","params":{"contentName":"Image","file":{"path":"images\/file-620d8a6738172.jpg","mime":"image\/jpeg","copyright":{"license":"U"},"width":639,"height":918}},"metadata":{"contentType":"Image","license":"U","title":"Untitled Image"},"subContentId":"86bc88c5-2cdb-451e-a5b4-6abe821a6812"},"backgroundOpacity":0,"willDoAnimation":false,"animationType":"glow","displayAsButton":false,"buttonSize":"big","goToSlideType":"specified","invisible":false},{"x":49.744897959183675,"y":32.7455919395466,"width":47.44897959183673,"height":47.60705289672544,"action":{"library":"H5P.CRAdvancedText 1.1","params":{"text":"<p style=\"text-align: center;\"><span style=\"color:#ffffff;\"><span style=\"font-size:2.25em;\">\u092a\u093e \u092e\u0947\u0930\u0940 \u091f\u094b\u092a\u0940 \u0932\u0947 \u0930\u0939\u0947 \u0939\u0948\u0964<\/span><\/span><\/p>\n"},"metadata":{"contentType":"Text","license":"U","title":"Untitled Text"},"subContentId":"f4995bd1-cc12-4e69-bfb8-289b817b7c0d"},"alwaysDisplayComments":false,"backgroundOpacity":0,"willDoAnimation":false,"animationType":"glow","displayAsButton":false,"buttonSize":"big","goToSlideType":"specified","invisible":false,"solution":""},{"x":47.00255102040816,"y":43.95465994962216,"width":40,"height":40,"action":{"library":"H5P.CRAudio 1.4","params":{"fitToWrapper":true,"currIndex":1,"playerMode":"minimalistic","controls":true,"autoplay":true,"playAudio":"Play audio","pauseAudio":"Pause audio","contentName":"Audio","glowColor":"#ffd85a","timeStampForEachText":[{"text":" \u092a\u093e ","startDuration":"0.0000","endDuration":"0.3720","wordfile":[{"path":"audios\/wordfile-6601d45c800a2.wav","mime":"audio\/x-wav","copyright":{"license":"U"}}]},{"text":" \u092e\u0947\u0930\u0940 ","startDuration":"0.3730","endDuration":"0.7967","wordfile":[{"path":"audios\/wordfile-6601d7ea3950e.wav","mime":"audio\/x-wav","copyright":{"license":"U"}}]},{"text":" \u091f\u094b\u092a\u0940 ","startDuration":"0.7977","endDuration":"1.1870","wordfile":[{"path":"audios\/wordfile-6601d802eeef0.wav","mime":"audio\/x-wav","copyright":{"license":"U"}}]},{"text":" \u0932\u0947 ","startDuration":"1.1880","endDuration":"1.3106","wordfile":[{"path":"audios\/wordfile-6601d81b14548.wav","mime":"audio\/x-wav","copyright":{"license":"U"}}]},{"text":" \u0930\u0939\u0947 ","startDuration":"1.3116","endDuration":"1.6005","wordfile":[{"path":"audios\/wordfile-6601d830ce91c.wav","mime":"audio\/x-wav","copyright":{"license":"U"}}]},{"text":" \u0939\u0948\u0964 ","startDuration":"1.6005","endDuration":"1.8703","wordfile":[{"path":"audios\/wordfile-6601d85912631.wav","mime":"audio\/x-wav","copyright":{"license":"U"}}]}],"files":[{"path":"audios\/files-6601d4420c707.wav","mime":"audio\/x-wav","copyright":{"license":"U"}}]},"subContentId":"a38dcd80-5da1-4643-8e3f-62b89172961b","metadata":{"contentType":"Curious Reader Audio","license":"U","title":"Untitled Curious Reader Audio"}},"backgroundOpacity":0,"willDoAnimation":false,"animationType":"glow","displayAsButton":false,"buttonSize":"big","goToSlideType":"specified","invisible":false},{"x":16.581632653061224,"y":10.06375314861461,"width":18.75,"height":82.36775818639798,"action":{"library":"H5P.Image 1.1","params":{"contentName":"Image"},"subContentId":"b2b280cb-df3e-4b62-aa98-184f9d8ea214","metadata":{"contentType":"Image","license":"U","title":"Untitled Image"}},"backgroundOpacity":0,"willDoAnimation":true,"animationType":"glow","displayAsButton":false,"buttonSize":"big","goToSlideType":"specified","invisible":false,"id":"imga38dcd80-5da1-4643-8e3f-62b89172961b_0"},{"x":30.612244897959183,"y":12.590528967254407,"width":13.64795918367347,"height":16.876574307304786,"action":{"library":"H5P.Image 1.1","params":{"contentName":"Image"},"subContentId":"9ce9cf68-faef-4db4-af4c-180b3f63d71b","metadata":{"contentType":"Image","license":"U","title":"Untitled Image"}},"backgroundOpacity":0,"willDoAnimation":true,"animationType":"glow","displayAsButton":false,"buttonSize":"big","goToSlideType":"specified","invisible":false,"id":"imga38dcd80-5da1-4643-8e3f-62b89172961b_2"}],"slideBackgroundSelector":{}},{"elements":[{"x":13.64795918367347,"y":4.785894206549118,"width":35.83877995642702,"height":92.45689655172414,"action":{"library":"H5P.Image 1.1","params":{"contentName":"Image","file":{"path":"images\/file-620d8aa4e43d4.jpg","mime":"image\/jpeg","copyright":{"license":"U"},"width":639,"height":918}},"metadata":{"contentType":"Image","license":"U","title":"Untitled Image"},"subContentId":"3e74c6d2-b90c-43ec-9186-121956d1fe47"},"backgroundOpacity":0,"willDoAnimation":false,"animationType":"glow","displayAsButton":false,"buttonSize":"big","goToSlideType":"specified","invisible":false},{"x":51.02040816326531,"y":45.34005037783375,"width":43.62244897959184,"height":36.77581863979849,"action":{"library":"H5P.CRAdvancedText 1.1","params":{"text":"<p style=\"text-align: center;\"><span style=\"color:#ffffff;\"><span style=\"font-size:2.25em;\">\u092a\u093e \u0932\u0902\u092c\u093e \u0939\u0948\u0964<\/span><\/span><\/p>\n"},"metadata":{"contentType":"Text","license":"U","title":"Untitled Text"},"subContentId":"b7542dd4-189f-4b2d-952f-e85fda7b0c62"},"alwaysDisplayComments":false,"backgroundOpacity":0,"willDoAnimation":false,"animationType":"glow","displayAsButton":false,"buttonSize":"big","goToSlideType":"specified","invisible":false,"solution":""},{"x":47.00255102040816,"y":43.95465994962216,"width":40,"height":40,"action":{"library":"H5P.CRAudio 1.4","params":{"fitToWrapper":true,"currIndex":2,"playerMode":"minimalistic","controls":true,"autoplay":true,"playAudio":"Play audio","pauseAudio":"Pause audio","contentName":"Audio","glowColor":"#ffd85a","timeStampForEachText":[{"text":" \u092a\u093e ","startDuration":"0.0000","endDuration":"0.5284","wordfile":[{"path":"audios\/wordfile-6601d8894a475.wav","mime":"audio\/x-wav","copyright":{"license":"U"}}]},{"text":" \u0932\u0902\u092c\u093e ","startDuration":"0.5294","endDuration":"0.8914","wordfile":[{"path":"audios\/wordfile-6601d8a04dbdd.wav","mime":"audio\/x-wav","copyright":{"license":"U"}}]},{"text":" \u0939\u0948\u0964 ","startDuration":"0.8924","endDuration":"1.4120","wordfile":[{"path":"audios\/wordfile-6601d8d881bf2.wav","mime":"audio\/x-wav","copyright":{"license":"U"}}]}],"files":[{"path":"audios\/files-6601d86fa9c38.wav","mime":"audio\/x-wav","copyright":{"license":"U"}}]},"subContentId":"e4c0ac8e-7e7a-44f5-9b19-693c44b8e609","metadata":{"contentType":"Curious Reader Audio","license":"U","title":"Untitled Curious Reader Audio"}},"backgroundOpacity":0,"willDoAnimation":false,"animationType":"glow","displayAsButton":false,"buttonSize":"big","goToSlideType":"specified","invisible":false},{"x":16.581632653061224,"y":10.059823677581864,"width":16.198979591836736,"height":87.40554156171284,"action":{"library":"H5P.Image 1.1","params":{"contentName":"Image"},"subContentId":"553089d0-89f2-4e66-88ba-c7cb3a75fd65","metadata":{"contentType":"Image","license":"U","title":"Untitled Image"}},"backgroundOpacity":0,"willDoAnimation":true,"animationType":"glow","displayAsButton":false,"buttonSize":"big","goToSlideType":"specified","invisible":false,"id":"imge4c0ac8e-7e7a-44f5-9b19-693c44b8e609_0"}],"slideBackgroundSelector":{}},{"elements":[{"x":11.982570806100219,"y":4.310344827586207,"width":37.03703703703704,"height":92.45689655172414,"action":{"library":"H5P.Image 1.1","params":{"contentName":"Image","file":{"path":"images\/file-620d8ad1200cf.jpg","mime":"image\/jpeg","copyright":{"license":"U"},"width":639,"height":918}},"metadata":{"contentType":"Image","license":"U","title":"Untitled Image"},"subContentId":"5320e841-c68d-4668-8597-5f7779b4b505"},"backgroundOpacity":0,"willDoAnimation":false,"animationType":"glow","displayAsButton":false,"buttonSize":"big","goToSlideType":"specified","invisible":false},{"x":47.19387755102041,"y":47.858942065491185,"width":47.5765306122449,"height":35.26448362720403,"action":{"library":"H5P.CRAdvancedText 1.1","params":{"text":"<p dir=\"ltr\" style=\"text-align: center;\"><span style=\"color:#ffffff;\"><span style=\"font-size:2.25em;\">\u092e\u093e\u0901 \u092e\u0947\u0930\u0940 \u0936\u0930\u094d\u091f \u0932\u093e \u0930\u0939\u0940 \u0939\u0948\u0964<\/span><\/span><\/p>\n"},"metadata":{"contentType":"Text","license":"U","title":"Untitled Text"},"subContentId":"7a9464c3-2eed-4e01-b076-b5a7ad132295"},"alwaysDisplayComments":false,"backgroundOpacity":0,"willDoAnimation":false,"animationType":"glow","displayAsButton":false,"buttonSize":"big","goToSlideType":"specified","invisible":false,"solution":""},{"x":47.00255102040816,"y":43.95465994962216,"width":40,"height":40,"action":{"library":"H5P.CRAudio 1.4","params":{"fitToWrapper":true,"currIndex":3,"playerMode":"minimalistic","controls":true,"autoplay":true,"playAudio":"Play audio","pauseAudio":"Pause audio","contentName":"Audio","glowColor":"#ffd85a","timeStampForEachText":[{"text":" \u092e\u093e\u0901 ","startDuration":"0.0000","endDuration":"0.4756","wordfile":[{"path":"audios\/wordfile-6601d90450bda.wav","mime":"audio\/x-wav","copyright":{"license":"U"}}]},{"text":" \u092e\u0947\u0930\u0940 ","startDuration":"0.4766","endDuration":"0.7272","wordfile":[{"path":"audios\/wordfile-6601d92236399.wav","mime":"audio\/x-wav","copyright":{"license":"U"}}]},{"text":" \u0936\u0930\u094d\u091f ","startDuration":"0.7282","endDuration":"1.0875","wordfile":[{"path":"audios\/wordfile-6601d956593a6.wav","mime":"audio\/x-wav","copyright":{"license":"U"}}]},{"text":" \u0932\u093e ","startDuration":"1.0885","endDuration":"1.3037","wordfile":[{"path":"audios\/wordfile-6601d99a5508d.wav","mime":"audio\/x-wav","copyright":{"license":"U"}}]},{"text":" \u0930\u0939\u0940 ","startDuration":"1.3047","endDuration":"1.4921","wordfile":[{"path":"audios\/wordfile-6601d9b518b20.wav","mime":"audio\/x-wav","copyright":{"license":"U"}}]},{"text":" \u0939\u0948\u0964 ","startDuration":"1.4931","endDuration":"1.8760","wordfile":[{"path":"audios\/wordfile-6601d9d345d46.wav","mime":"audio\/x-wav","copyright":{"license":"U"}}]}],"files":[{"path":"audios\/files-6601d8efbf802.wav","mime":"audio\/x-wav","copyright":{"license":"U"}}]},"subContentId":"0ab38522-ed87-4fbc-9a94-f80f42cfa0b7","metadata":{"contentType":"Curious Reader Audio","license":"U","title":"Untitled Curious Reader Audio"}},"backgroundOpacity":0,"willDoAnimation":false,"animationType":"glow","displayAsButton":false,"buttonSize":"big","goToSlideType":"specified","invisible":false},{"x":22.95918367346939,"y":12.578715365239296,"width":16.198979591836736,"height":74.81108312342569,"action":{"library":"H5P.Image 1.1","params":{"contentName":"Image"},"subContentId":"6a89ba18-c791-454e-99d2-8eaa02341008","metadata":{"contentType":"Image","license":"U","title":"Untitled Image"}},"backgroundOpacity":0,"willDoAnimation":true,"animationType":"glow","displayAsButton":false,"buttonSize":"big","goToSlideType":"specified","invisible":false,"id":"img0ab38522-ed87-4fbc-9a94-f80f42cfa0b7_0"},{"x":12.755102040816327,"y":37.75390428211587,"width":11.096938775510205,"height":52.141057934508815,"action":{"library":"H5P.Image 1.1","params":{"contentName":"Image"},"subContentId":"46d85ea1-f639-4ea1-ba59-a2210980c273","metadata":{"contentType":"Image","license":"U","title":"Untitled Image"}},"backgroundOpacity":0,"willDoAnimation":true,"animationType":"glow","displayAsButton":false,"buttonSize":"big","goToSlideType":"specified","invisible":false,"id":"img0ab38522-ed87-4fbc-9a94-f80f42cfa0b7_1"},{"x":30.612244897959183,"y":25.181057934508814,"width":14.923469387755102,"height":31.989924433249367,"action":{"library":"H5P.Image 1.1","params":{"contentName":"Image"},"subContentId":"1dad977b-aea5-4e29-b4d0-b7e6de2d9ec8","metadata":{"contentType":"Image","license":"U","title":"Untitled Image"}},"backgroundOpacity":0,"willDoAnimation":true,"animationType":"glow","displayAsButton":false,"buttonSize":"big","goToSlideType":"specified","invisible":false,"id":"img0ab38522-ed87-4fbc-9a94-f80f42cfa0b7_2"}],"slideBackgroundSelector":{}},{"elements":[{"x":14.159041394335512,"y":5.622456896551724,"width":34.85838779956427,"height":91.5948275862069,"action":{"library":"H5P.Image 1.1","params":{"contentName":"Image","file":{"path":"images\/file-620d8b1736f35.jpg","mime":"image\/jpeg","copyright":{"license":"U"},"width":639,"height":918}},"metadata":{"contentType":"Image","license":"U","title":"Untitled Image"},"subContentId":"da6c7321-c9b6-41ec-9674-273fac8064d7"},"backgroundOpacity":0,"willDoAnimation":false,"animationType":"glow","displayAsButton":false,"buttonSize":"big","goToSlideType":"specified","invisible":false},{"x":48.46938775510204,"y":32.7455919395466,"width":51.53061224489796,"height":31.989924433249367,"action":{"library":"H5P.CRAdvancedText 1.1","params":{"text":"<p style=\"text-align: center;\"><span style=\"color:#ffffff;\"><span style=\"font-size:2.25em;\">\u092a\u093e, \u092e\u093e\u0901 \u0938\u0947 \u0932\u0902\u092c\u0947 \u0939\u0948\u0964<\/span><\/span><\/p>\n"},"metadata":{"contentType":"Text","license":"U","title":"Untitled Text"},"subContentId":"427b279f-447a-4bc3-88f4-5875a33673fb"},"alwaysDisplayComments":false,"backgroundOpacity":0,"willDoAnimation":false,"animationType":"glow","displayAsButton":false,"buttonSize":"big","goToSlideType":"specified","invisible":false,"solution":""},{"x":47.00255102040816,"y":43.95465994962216,"width":40,"height":40,"action":{"library":"H5P.CRAudio 1.4","params":{"fitToWrapper":true,"currIndex":4,"playerMode":"minimalistic","controls":true,"autoplay":true,"playAudio":"Play audio","pauseAudio":"Pause audio","contentName":"Audio","glowColor":"#ffd85a","timeStampForEachText":[{"text":" \u092a\u093e, ","startDuration":"0.0000","endDuration":"0.5857","wordfile":[{"path":"audios\/wordfile-6601da088c499.wav","mime":"audio\/x-wav","copyright":{"license":"U"}}]},{"text":" \u092e\u093e\u0901 ","startDuration":"0.5857","endDuration":"0.8838","wordfile":[{"path":"audios\/wordfile-6601da28c54ba.wav","mime":"audio\/x-wav","copyright":{"license":"U"}}]},{"text":" \u0938\u0947 ","startDuration":"0.8848","endDuration":"1.0848","wordfile":[{"path":"audios\/wordfile-6601da435f04b.wav","mime":"audio\/x-wav","copyright":{"license":"U"}}]},{"text":" \u0932\u0902\u092c\u0947 ","startDuration":"1.0858","endDuration":"1.4218","wordfile":[{"path":"audios\/wordfile-6601da5e71f62.wav","mime":"audio\/x-wav","copyright":{"license":"U"}}]},{"text":" \u0939\u0948\u0964 ","startDuration":"1.4228","endDuration":"2.0252","wordfile":[{"path":"audios\/wordfile-6601da71ee8ca.wav","mime":"audio\/x-wav","copyright":{"license":"U"}}]}],"files":[{"path":"audios\/files-6601d9e950533.wav","mime":"audio\/x-wav","copyright":{"license":"U"}}]},"subContentId":"20cbc929-09eb-492a-8f10-d92b8d97da45","metadata":{"contentType":"Curious Reader Audio","license":"U","title":"Untitled Curious Reader Audio"}},"backgroundOpacity":0,"willDoAnimation":false,"animationType":"glow","displayAsButton":false,"buttonSize":"big","goToSlideType":"specified","invisible":false},{"x":30.612244897959183,"y":7.550780856423174,"width":13.64795918367347,"height":84.88664987405541,"action":{"library":"H5P.Image 1.1","params":{"contentName":"Image"},"subContentId":"5805f6cb-922b-46d8-a08c-c2b9d1040282","metadata":{"contentType":"Image","license":"U","title":"Untitled Image"}},"backgroundOpacity":0,"willDoAnimation":true,"animationType":"glow","displayAsButton":false,"buttonSize":"big","goToSlideType":"specified","invisible":false,"id":"img20cbc929-09eb-492a-8f10-d92b8d97da45_0"},{"x":21.683673469387756,"y":15.101536523929472,"width":12.372448979591837,"height":69.77329974811083,"action":{"library":"H5P.Image 1.1","params":{"contentName":"Image"},"subContentId":"913b5248-d3c3-4090-8156-70a950dd9ebf","metadata":{"contentType":"Image","license":"U","title":"Untitled Image"}},"backgroundOpacity":0,"willDoAnimation":true,"animationType":"glow","displayAsButton":false,"buttonSize":"big","goToSlideType":"specified","invisible":false,"id":"img20cbc929-09eb-492a-8f10-d92b8d97da45_1"}],"slideBackgroundSelector":{}},{"elements":[{"x":14.161220043572985,"y":6.4655172413793105,"width":35.947712418300654,"height":90.73275862068967,"action":{"library":"H5P.Image 1.1","params":{"contentName":"Image","file":{"path":"images\/file-620d8b4901fed.jpg","mime":"image\/jpeg","copyright":{"license":"U"},"width":639,"height":918}},"metadata":{"contentType":"Image","license":"U","title":"Untitled Image"},"subContentId":"6ac3b20e-f38f-448c-b501-13c259c38112"},"backgroundOpacity":0,"willDoAnimation":false,"animationType":"glow","displayAsButton":false,"buttonSize":"big","goToSlideType":"specified","invisible":false},{"x":48.46938775510204,"y":40.30226700251889,"width":45.79081632653061,"height":42.82115869017632,"action":{"library":"H5P.CRAdvancedText 1.1","params":{"text":"<p style=\"text-align: center;\"><span style=\"color:#ffffff;\"><span style=\"font-size:2.25em;\">\u092e\u0947\u0930\u0940 \u092c\u0939\u0928 \u092e\u0947\u0930\u0940 \u092a\u0941\u0938\u094d\u0924\u0915 \u0932\u093e \u0930\u0939\u0940 \u0939\u0948\u0964<\/span><\/span><\/p>\n"},"metadata":{"contentType":"Text","license":"U","title":"Untitled Text"},"subContentId":"f688a718-41f1-4ef1-868f-0ba583d4838c"},"alwaysDisplayComments":false,"backgroundOpacity":0,"willDoAnimation":false,"animationType":"glow","displayAsButton":false,"buttonSize":"big","goToSlideType":"specified","invisible":false,"solution":""},{"x":47.00255102040816,"y":43.95465994962216,"width":40,"height":40,"action":{"library":"H5P.CRAudio 1.4","params":{"fitToWrapper":true,"currIndex":5,"playerMode":"minimalistic","controls":true,"autoplay":true,"playAudio":"Play audio","pauseAudio":"Pause audio","contentName":"Audio","glowColor":"#ffd85a","timeStampForEachText":[{"text":" \u092e\u0947\u0930\u0940 ","startDuration":"0.0000","endDuration":"0.5022","wordfile":[{"path":"audios\/wordfile-6616ea4f9fd44.wav","mime":"audio\/x-wav","copyright":{"license":"U"}}]},{"text":" \u092c\u0939\u0928 ","startDuration":"0.5032","endDuration":"1.1695","wordfile":[{"path":"audios\/wordfile-6601dac2e4388.wav","mime":"audio\/x-wav","copyright":{"license":"U"}}]},{"text":" \u092e\u0947\u0930\u0940 ","startDuration":"1.1705","endDuration":"1.5048","wordfile":[{"path":"audios\/wordfile-6616ea6070e20.wav","mime":"audio\/x-wav","copyright":{"license":"U"}}]},{"text":" \u092a\u0941\u0938\u094d\u0924\u0915 ","startDuration":"1.5048","endDuration":"1.9361","wordfile":[{"path":"audios\/wordfile-6601dbd702bec.wav","mime":"audio\/x-wav","copyright":{"license":"U"}}]},{"text":" \u0932\u093e ","startDuration":"1.9361","endDuration":"2.1147","wordfile":[{"path":"audios\/wordfile-6601dbf89759f.wav","mime":"audio\/x-wav","copyright":{"license":"U"}}]},{"text":" \u0930\u0939\u0940 ","startDuration":"2.1157","endDuration":"2.3157","wordfile":[{"path":"audios\/wordfile-6601dc1ec6d5d.wav","mime":"audio\/x-wav","copyright":{"license":"U"}}]},{"text":" \u0939\u0948\u0964 ","startDuration":"2.3167","endDuration":"2.6622","wordfile":[{"path":"audios\/wordfile-6601dc398e38d.wav","mime":"audio\/x-wav","copyright":{"license":"U"}}]}],"files":[{"path":"audios\/files-6601da8ca0f39.wav","mime":"audio\/x-wav","copyright":{"license":"U"}}]},"subContentId":"1f13d41c-1c71-4955-bbc6-55151864e78e","metadata":{"contentType":"Curious Reader Audio","license":"U","title":"Untitled Curious Reader Audio"}},"backgroundOpacity":0,"willDoAnimation":false,"animationType":"glow","displayAsButton":false,"buttonSize":"big","goToSlideType":"specified","invisible":false},{"x":26.785714285714285,"y":15.105491183879094,"width":12.372448979591837,"height":77.32997481108312,"action":{"library":"H5P.Image 1.1","params":{"contentName":"Image"},"subContentId":"795b20b3-cd20-4e97-96b2-3c9f083a0848","metadata":{"contentType":"Image","license":"U","title":"Untitled Image"}},"backgroundOpacity":0,"willDoAnimation":true,"animationType":"glow","displayAsButton":false,"buttonSize":"big","goToSlideType":"specified","invisible":false,"id":"img1f13d41c-1c71-4955-bbc6-55151864e78e_1"},{"x":21.683673469387756,"y":42.809319899244336,"width":9.821428571428571,"height":21.914357682619645,"action":{"library":"H5P.Image 1.1","params":{"contentName":"Image"},"subContentId":"32fe2e38-ed67-42da-9ac9-dcc73a0a7c81","metadata":{"contentType":"Image","license":"U","title":"Untitled Image"}},"backgroundOpacity":0,"willDoAnimation":true,"animationType":"glow","displayAsButton":false,"buttonSize":"big","goToSlideType":"specified","invisible":false,"id":"img1f13d41c-1c71-4955-bbc6-55151864e78e_3"},{"x":36.98979591836735,"y":42.76221662468514,"width":13.64795918367347,"height":49.622166246851386,"action":{"library":"H5P.Image 1.1","params":{"contentName":"Image"},"subContentId":"61c9c46f-3def-48d0-af38-01a75cba1ad7","metadata":{"contentType":"Image","license":"U","title":"Untitled Image"}},"backgroundOpacity":0,"willDoAnimation":true,"animationType":"glow","displayAsButton":false,"buttonSize":"big","goToSlideType":"specified","invisible":false,"id":"img1f13d41c-1c71-4955-bbc6-55151864e78e_0"}],"slideBackgroundSelector":{}},{"elements":[{"x":14.161220043572985,"y":5.81896551724138,"width":34.85838779956427,"height":90.51724137931035,"action":{"library":"H5P.Image 1.1","params":{"contentName":"Image","file":{"path":"images\/file-620d8b7b9c561.jpg","mime":"image\/jpeg","copyright":{"license":"U"},"width":639,"height":918}},"metadata":{"contentType":"Image","license":"U","title":"Untitled Image"},"subContentId":"1fe8c6e8-1dec-4179-a1c4-d367fb27a427"},"backgroundOpacity":0,"willDoAnimation":false,"animationType":"glow","displayAsButton":false,"buttonSize":"big","goToSlideType":"specified","invisible":false},{"x":49.744897959183675,"y":32.7455919395466,"width":46.68674698795181,"height":47.61904761904762,"action":{"library":"H5P.CRAdvancedText 1.1","params":{"text":"<p dir=\"ltr\" style=\"text-align: center;\"><span style=\"color:#ffffff;\"><span style=\"font-size:2.25em;\">\u092e\u093e\u0901, \u092e\u0947\u0930\u0940 \u092c\u0939\u0928 \u0938\u0947 \u0932\u092e\u094d\u092c\u0940 \u0939\u0948\u0964<\/span><\/span><\/p>\n"},"metadata":{"contentType":"Text","license":"U","title":"Untitled Text"},"subContentId":"24116825-9948-4089-b68a-788f85a1c6fa"},"alwaysDisplayComments":false,"backgroundOpacity":0,"willDoAnimation":false,"animationType":"glow","displayAsButton":false,"buttonSize":"big","goToSlideType":"specified","invisible":false,"solution":""},{"x":47.00255102040816,"y":43.95465994962216,"width":40,"height":40,"action":{"library":"H5P.CRAudio 1.4","params":{"fitToWrapper":true,"currIndex":6,"playerMode":"minimalistic","controls":true,"autoplay":true,"playAudio":"Play audio","pauseAudio":"Pause audio","contentName":"Audio","glowColor":"#ffd85a","timeStampForEachText":[{"text":" \u092e\u093e\u0901, ","startDuration":"0.0000","endDuration":"0.8022","wordfile":[{"path":"audios\/wordfile-6601dc9c4773b.wav","mime":"audio\/x-wav","copyright":{"license":"U"}}]},{"text":" \u092e\u0947\u0930\u0940 ","startDuration":"0.8032","endDuration":"1.1715","wordfile":[{"path":"audios\/wordfile-6601dcbb93a31.wav","mime":"audio\/x-wav","copyright":{"license":"U"}}]},{"text":" \u092c\u0939\u0928 ","startDuration":"1.1725","endDuration":"1.4405","wordfile":[{"path":"audios\/wordfile-6601dcd21aa56.wav","mime":"audio\/x-wav","copyright":{"license":"U"}}]},{"text":" \u0938\u0947 ","startDuration":"1.4415","endDuration":"1.6415","wordfile":[{"path":"audios\/wordfile-6601dce5e2f4b.wav","mime":"audio\/x-wav","copyright":{"license":"U"}}]},{"text":" \u0932\u092e\u094d\u092c\u0940 ","startDuration":"1.6425","endDuration":"1.9979","wordfile":[{"path":"audios\/wordfile-6601dcff559dd.wav","mime":"audio\/x-wav","copyright":{"license":"U"}}]},{"text":" \u0939\u0948\u0964 ","startDuration":"1.9989","endDuration":"2.3931","wordfile":[{"path":"audios\/wordfile-6601dd120d5c5.wav","mime":"audio\/x-wav","copyright":{"license":"U"}}]}],"files":[{"path":"audios\/files-6601dc821bf2d.wav","mime":"audio\/x-wav","copyright":{"license":"U"}}]},"subContentId":"69164628-d6aa-4ad7-99c5-3e2b20e54e6b","metadata":{"contentType":"Curious Reader Audio","license":"U","title":"Untitled Curious Reader Audio"}},"backgroundOpacity":0,"willDoAnimation":false,"animationType":"glow","displayAsButton":false,"buttonSize":"big","goToSlideType":"specified","invisible":false},{"x":26.785714285714285,"y":10.067707808564231,"width":12.372448979591837,"height":72.29219143576826,"action":{"library":"H5P.Image 1.1","params":{"contentName":"Image"},"subContentId":"263a9c99-d43b-4c50-9c2f-d26af7fb7056","metadata":{"contentType":"Image","license":"U","title":"Untitled Image"}},"backgroundOpacity":0,"willDoAnimation":true,"animationType":"glow","displayAsButton":false,"buttonSize":"big","goToSlideType":"specified","invisible":false,"id":"img69164628-d6aa-4ad7-99c5-3e2b20e54e6b_0"},{"x":17.857142857142858,"y":12.582644836272038,"width":12.372448979591837,"height":77.32997481108312,"action":{"library":"H5P.Image 1.1","params":{"contentName":"Image"},"subContentId":"76ab84f9-4884-4a60-bb33-eef8f9709da3","metadata":{"contentType":"Image","license":"U","title":"Untitled Image"}},"backgroundOpacity":0,"willDoAnimation":true,"animationType":"glow","displayAsButton":false,"buttonSize":"big","goToSlideType":"specified","invisible":false,"id":"img69164628-d6aa-4ad7-99c5-3e2b20e54e6b_2"}],"slideBackgroundSelector":{}},{"elements":[{"x":14.705882352941178,"y":5.387931034482759,"width":33.87799564270153,"height":90.73275862068967,"action":{"library":"H5P.Image 1.1","params":{"contentName":"Image","file":{"path":"images\/file-620d8bb185c3e.jpg","mime":"image\/jpeg","copyright":{"license":"U"},"width":639,"height":918}},"metadata":{"contentType":"Image","license":"U","title":"Untitled Image"},"subContentId":"8e0baedd-67c8-46c8-a1c5-9fe3f76afc8a"},"backgroundOpacity":0,"willDoAnimation":false,"animationType":"glow","displayAsButton":false,"buttonSize":"big","goToSlideType":"specified","invisible":false},{"x":49.744897959183675,"y":40.30226700251889,"width":48.97959183673469,"height":40.050377833753146,"action":{"library":"H5P.CRAdvancedText 1.1","params":{"text":"<p style=\"text-align: center;\"><span style=\"color:#ffffff;\"><span style=\"font-size:2.25em;\">\u092e\u0947\u0930\u093e \u092d\u093e\u0908 \u092e\u0947\u0930\u093e \u092c\u0948\u0917 \u0932\u093e \u0930\u0939\u093e \u0939\u0948\u0964 <\/span><\/span><\/p>\n"},"subContentId":"22bef6a0-db9d-41c6-8d29-e337c37675be","metadata":{"contentType":"Text","license":"U","title":"Untitled Text"}},"alwaysDisplayComments":false,"backgroundOpacity":0,"willDoAnimation":false,"animationType":"glow","displayAsButton":false,"buttonSize":"big","goToSlideType":"specified","invisible":false,"solution":""},{"x":27.233115468409586,"y":55.846881720430105,"width":5.882352941176471,"height":13.763440860215052,"action":{"library":"H5P.Image 1.1","params":{"contentName":"Image"},"subContentId":"b409b543-a873-4c35-9689-969b688f22d6","metadata":{"contentType":"Image","license":"U","title":"Untitled Image"}},"backgroundOpacity":0,"willDoAnimation":true,"animationType":"glow","displayAsButton":false,"buttonSize":"big","goToSlideType":"specified","invisible":false,"id":"img8dee2e25-240a-400b-9af6-18c7f75d2b96_6"},{"x":47.00255102040816,"y":43.95465994962216,"width":40,"height":40,"action":{"library":"H5P.CRAudio 1.4","params":{"fitToWrapper":true,"currIndex":7,"playerMode":"minimalistic","controls":true,"autoplay":true,"playAudio":"Play audio","pauseAudio":"Pause audio","contentName":"Audio","glowColor":"#ffd85a","timeStampForEachText":[{"text":" \u092e\u0947\u0930\u093e ","startDuration":"0.0000","endDuration":"0.4504","wordfile":[{"path":"audios\/wordfile-6601dd3e82a01.wav","mime":"audio\/x-wav","copyright":{"license":"U"}}]},{"text":" \u092d\u093e\u0908 ","startDuration":"0.4514","endDuration":"1.0520","wordfile":[{"path":"audios\/wordfile-6601dd55a7444.wav","mime":"audio\/x-wav","copyright":{"license":"U"}}]},{"text":" \u092e\u0947\u0930\u093e ","startDuration":"1.0530","endDuration":"1.4426","wordfile":[{"path":"audios\/wordfile-6601dd6832c03.wav","mime":"audio\/x-wav","copyright":{"license":"U"}}]},{"text":" \u092c\u0948\u0917 ","startDuration":"1.4436","endDuration":"1.7330","wordfile":[{"path":"audios\/wordfile-6601dd7aedf9e.wav","mime":"audio\/x-wav","copyright":{"license":"U"}}]},{"text":" \u0932\u093e ","startDuration":"1.7340","endDuration":"1.9340","wordfile":[{"path":"audios\/wordfile-6601dd909778b.wav","mime":"audio\/x-wav","copyright":{"license":"U"}}]},{"text":" \u0930\u0939\u093e ","startDuration":"1.9350","endDuration":"2.2280","wordfile":[{"path":"audios\/wordfile-6601dda6610b9.wav","mime":"audio\/x-wav","copyright":{"license":"U"}}]},{"text":" \u0939\u0948\u0964 ","startDuration":"2.2290","endDuration":"2.6539","wordfile":[{"path":"audios\/wordfile-6601ddd2afa7a.wav","mime":"audio\/x-wav","copyright":{"license":"U"}}]}],"files":[{"path":"audios\/files-6601dd2abad23.wav","mime":"audio\/x-wav","copyright":{"license":"U"}}]},"subContentId":"f30cc771-c398-4c5f-901a-d2640a5098ab","metadata":{"contentType":"Curious Reader Audio","license":"U","title":"Untitled Curious Reader Audio"}},"backgroundOpacity":0,"willDoAnimation":false,"animationType":"glow","displayAsButton":false,"buttonSize":"big","goToSlideType":"specified","invisible":false},{"x":24.23469387755102,"y":27.684130982367762,"width":11.096938775510205,"height":57.178841309823675,"action":{"library":"H5P.Image 1.1","params":{"contentName":"Image"},"subContentId":"dd0ccdfa-414d-414b-8d5b-7786b0921100","metadata":{"contentType":"Image","license":"U","title":"Untitled Image"}},"backgroundOpacity":0,"willDoAnimation":true,"animationType":"glow","displayAsButton":false,"buttonSize":"big","goToSlideType":"specified","invisible":false,"id":"imgf30cc771-c398-4c5f-901a-d2640a5098ab_1"},{"x":15.306122448979592,"y":45.34005037783375,"width":8.545918367346939,"height":40.050377833753146,"action":{"library":"H5P.Image 1.1","params":{"contentName":"Image"},"subContentId":"0cec0fa9-80af-4147-bde0-ae6ebed6528f","metadata":{"contentType":"Image","license":"U","title":"Untitled Image"}},"backgroundOpacity":0,"willDoAnimation":true,"animationType":"glow","displayAsButton":false,"buttonSize":"big","goToSlideType":"specified","invisible":false,"id":"imgf30cc771-c398-4c5f-901a-d2640a5098ab_0"},{"x":25.510204081632654,"y":52.88287153652392,"width":8.545918367346939,"height":21.914357682619645,"action":{"library":"H5P.Image 1.1","params":{"contentName":"Image"},"subContentId":"3ff886e2-2b4e-487c-a1ea-f750001bb033","metadata":{"contentType":"Image","license":"U","title":"Untitled Image"}},"backgroundOpacity":0,"willDoAnimation":true,"animationType":"glow","displayAsButton":false,"buttonSize":"big","goToSlideType":"specified","invisible":false,"id":"imgf30cc771-c398-4c5f-901a-d2640a5098ab_3"}],"slideBackgroundSelector":{}},{"elements":[{"x":14.705882352941178,"y":3.6637931034482762,"width":34.64052287581699,"height":92.45689655172414,"action":{"library":"H5P.Image 1.1","params":{"contentName":"Image","file":{"path":"images\/file-620d8be87d7ce.jpg","mime":"image\/jpeg","copyright":{"license":"U"},"width":639,"height":918}},"metadata":{"contentType":"Image","license":"U","title":"Untitled Image"},"subContentId":"b5dd1b5b-c4b7-4e07-9e11-de9c97fc90fa"},"backgroundOpacity":0,"willDoAnimation":false,"animationType":"glow","displayAsButton":false,"buttonSize":"big","goToSlideType":"specified","invisible":false},{"x":51.02040816326531,"y":42.82115869017632,"width":45.1530612244898,"height":41.81360201511335,"action":{"library":"H5P.CRAdvancedText 1.1","params":{"text":"<p dir=\"ltr\" style=\"text-align: center;\"><span style=\"color:#ffffff;\"><span style=\"font-size:2.25em;\">\u092e\u0947\u0930\u0940 \u092c\u0939\u0928 \u092e\u0947\u0930\u0947 \u092d\u093e\u0908 \u0938\u0947 \u0932\u092e\u094d\u092c\u0940 \u0939\u0948\u0964<\/span><\/span><\/p>\n"},"metadata":{"contentType":"Text","license":"U","title":"Untitled Text"},"subContentId":"47bba9d5-565b-4c0e-b5d0-f77886d7e3f1"},"alwaysDisplayComments":false,"backgroundOpacity":0,"willDoAnimation":false,"animationType":"glow","displayAsButton":false,"buttonSize":"big","goToSlideType":"specified","invisible":false,"solution":""},{"x":47.00255102040816,"y":43.95465994962216,"width":40,"height":40,"action":{"library":"H5P.CRAudio 1.4","params":{"fitToWrapper":true,"currIndex":8,"playerMode":"minimalistic","controls":true,"autoplay":true,"playAudio":"Play audio","pauseAudio":"Pause audio","contentName":"Audio","glowColor":"#ffd85a","timeStampForEachText":[{"text":" \u092e\u0947\u0930\u0940 ","startDuration":"0.0000","endDuration":"0.4264","wordfile":[{"path":"audios\/wordfile-660db7ca30d28.wav","mime":"audio\/x-wav","copyright":{"license":"U"}}]},{"text":" \u092c\u0939\u0928 ","startDuration":"0.4274","endDuration":"0.8172","wordfile":[{"path":"audios\/wordfile-6601de1cdb85f.wav","mime":"audio\/x-wav","copyright":{"license":"U"}}]},{"text":" \u092e\u0947\u0930\u0947 ","startDuration":"0.8182","endDuration":"1.1014","wordfile":[{"path":"audios\/wordfile-6601de338d06e.wav","mime":"audio\/x-wav","copyright":{"license":"U"}}]},{"text":" \u092d\u093e\u0908 ","startDuration":"1.1024","endDuration":"1.4123","wordfile":[{"path":"audios\/wordfile-6601de4668adc.wav","mime":"audio\/x-wav","copyright":{"license":"U"}}]},{"text":" \u0938\u0947 ","startDuration":"1.4133","endDuration":"1.6133","wordfile":[{"path":"audios\/wordfile-6601de9237e57.wav","mime":"audio\/x-wav","copyright":{"license":"U"}}]},{"text":" \u0932\u092e\u094d\u092c\u0940 ","startDuration":"1.6143","endDuration":"1.9608","wordfile":[{"path":"audios\/wordfile-6601deb094efc.wav","mime":"audio\/x-wav","copyright":{"license":"U"}}]},{"text":" \u0939\u0948\u0964 ","startDuration":"1.9618","endDuration":"2.4708","wordfile":[{"path":"audios\/wordfile-6601dec8573d1.wav","mime":"audio\/x-wav","copyright":{"license":"U"}}]}],"files":[{"path":"audios\/files-6601ddee5d892.wav","mime":"audio\/x-wav","copyright":{"license":"U"}}]},"subContentId":"7c37fb60-c41b-4da6-8f92-0a7cf79ad52e","metadata":{"contentType":"Curious Reader Audio","license":"U","title":"Untitled Curious Reader Audio"}},"backgroundOpacity":0,"willDoAnimation":false,"animationType":"glow","displayAsButton":false,"buttonSize":"big","goToSlideType":"specified","invisible":false},{"x":31.887755102040817,"y":20.139319899244335,"width":12.372448979591837,"height":62.216624685138534,"action":{"library":"H5P.Image 1.1","params":{"contentName":"Image"},"subContentId":"ca81b3e3-5950-4d11-a1b1-2e1764809636","metadata":{"contentType":"Image","license":"U","title":"Untitled Image"}},"backgroundOpacity":0,"willDoAnimation":true,"animationType":"glow","displayAsButton":false,"buttonSize":"big","goToSlideType":"specified","invisible":false,"id":"img7c37fb60-c41b-4da6-8f92-0a7cf79ad52e_1"},{"x":24.23469387755102,"y":27.692191435768265,"width":8.545918367346939,"height":54.659949622166245,"action":{"library":"H5P.Image 1.1","params":{"contentName":"Image"},"subContentId":"236a7a00-b81c-4a8b-ab0e-51ed09909da8","metadata":{"contentType":"Image","license":"U","title":"Untitled Image"}},"backgroundOpacity":0,"willDoAnimation":true,"animationType":"glow","displayAsButton":false,"buttonSize":"big","goToSlideType":"specified","invisible":false,"id":"img7c37fb60-c41b-4da6-8f92-0a7cf79ad52e_3"}],"slideBackgroundSelector":{}},{"elements":[{"x":15.24259259259259,"y":4.314547413793104,"width":34.85838779956427,"height":92.88793103448276,"action":{"library":"H5P.Image 1.1","params":{"contentName":"Image","file":{"path":"images\/file-620d8c22dbcda.jpg","mime":"image\/jpeg","copyright":{"license":"U"},"width":639,"height":918}},"metadata":{"contentType":"Image","license":"U","title":"Untitled Image"},"subContentId":"ec439803-414f-4f94-bef7-2c65cfc2ee92"},"backgroundOpacity":0,"willDoAnimation":false,"animationType":"glow","displayAsButton":false,"buttonSize":"big","goToSlideType":"specified","invisible":false},{"x":51.02040816326531,"y":45.34005037783375,"width":42.72959183673469,"height":39.29471032745592,"action":{"library":"H5P.CRAdvancedText 1.1","params":{"text":"<p dir=\"ltr\" style=\"text-align: center;\"><span style=\"color:#ffffff;\"><span style=\"font-size:2.25em;\">\u092e\u0947\u0930\u093e \u092d\u093e\u0908 \u092e\u0941\u091d\u0938\u0947 \u0932\u092e\u094d\u092c\u093e \u0939\u0948\u0964<\/span><\/span><\/p>\n"},"metadata":{"contentType":"Text","license":"U","title":"Untitled Text"},"subContentId":"ead32f52-0e68-4cb4-a555-869a18f3fda3"},"alwaysDisplayComments":false,"backgroundOpacity":0,"willDoAnimation":false,"animationType":"glow","displayAsButton":false,"buttonSize":"big","goToSlideType":"specified","invisible":false,"solution":""},{"x":47.00255102040816,"y":43.95465994962216,"width":40,"height":40,"action":{"library":"H5P.CRAudio 1.4","params":{"fitToWrapper":true,"currIndex":9,"playerMode":"minimalistic","controls":true,"autoplay":true,"playAudio":"Play audio","pauseAudio":"Pause audio","contentName":"Audio","glowColor":"#ffd85a","timeStampForEachText":[{"text":" \u092e\u0947\u0930\u093e ","startDuration":"0.0000","endDuration":"0.3507","wordfile":[{"path":"audios\/wordfile-6601df540af1b.wav","mime":"audio\/x-wav","copyright":{"license":"U"}}]},{"text":" \u092d\u093e\u0908 ","startDuration":"0.3517","endDuration":"0.8339","wordfile":[{"path":"audios\/wordfile-6601df708588f.wav","mime":"audio\/x-wav","copyright":{"license":"U"}}]},{"text":" \u092e\u0941\u091d\u0938\u0947 ","startDuration":"0.8349","endDuration":"1.4486","wordfile":[{"path":"audios\/wordfile-6601df83561f4.wav","mime":"audio\/x-wav","copyright":{"license":"U"}}]},{"text":" \u0932\u092e\u094d\u092c\u093e ","startDuration":"1.4496","endDuration":"1.7522","wordfile":[{"path":"audios\/wordfile-6601dfa00cdbd.wav","mime":"audio\/x-wav","copyright":{"license":"U"}}]},{"text":" \u0939\u0948\u0964 ","startDuration":"1.7532","endDuration":"1.9532","wordfile":[{"path":"audios\/wordfile-6601dfb702753.wav","mime":"audio\/x-wav","copyright":{"license":"U"}}]}],"files":[{"path":"audios\/files-6601df3438a79.wav","mime":"audio\/x-wav","copyright":{"license":"U"}}]},"subContentId":"92c204dd-0b44-4641-bbd1-e0a2137b24b7","metadata":{"contentType":"Curious Reader Audio","license":"U","title":"Untitled Curious Reader Audio"}},"backgroundOpacity":0,"willDoAnimation":false,"animationType":"glow","displayAsButton":false,"buttonSize":"big","goToSlideType":"specified","invisible":false},{"x":28.061224489795915,"y":27.692191435768265,"width":11.096938775510205,"height":67.2544080604534,"action":{"library":"H5P.Image 1.1","params":{"contentName":"Image"},"subContentId":"4319255c-0f1e-4136-856a-08fe27e60654","metadata":{"contentType":"Image","license":"U","title":"Untitled Image"}},"backgroundOpacity":0,"willDoAnimation":true,"animationType":"glow","displayAsButton":false,"buttonSize":"big","goToSlideType":"specified","invisible":false,"id":"img92c204dd-0b44-4641-bbd1-e0a2137b24b7_1"},{"x":17.857142857142858,"y":42.79748110831235,"width":12.372448979591837,"height":52.141057934508815,"action":{"library":"H5P.Image 1.1","params":{"contentName":"Image"},"subContentId":"60946d7d-f465-40db-8582-cd87f67abc9a","metadata":{"contentType":"Image","license":"U","title":"Untitled Image"}},"backgroundOpacity":0,"willDoAnimation":true,"animationType":"glow","displayAsButton":false,"buttonSize":"big","goToSlideType":"specified","invisible":false,"id":"img92c204dd-0b44-4641-bbd1-e0a2137b24b7_2"}],"slideBackgroundSelector":{}},{"elements":[{"x":16.338344226579522,"y":4.320560344827586,"width":33.00653594771242,"height":92.45689655172414,"action":{"library":"H5P.Image 1.1","params":{"contentName":"Image","file":{"path":"images\/file-620d8c5c30c01.jpg","mime":"image\/jpeg","copyright":{"license":"U"},"width":639,"height":918}},"metadata":{"contentType":"Image","license":"U","title":"Untitled Image"},"subContentId":"5bf06604-bab2-4fde-b399-8b6b9caf36cb"},"backgroundOpacity":0,"willDoAnimation":false,"animationType":"glow","displayAsButton":false,"buttonSize":"big","goToSlideType":"specified","invisible":false},{"x":47.19387755102041,"y":45.34005037783375,"width":49.234693877551024,"height":35.012594458438286,"action":{"library":"H5P.CRAdvancedText 1.1","params":{"text":"<p dir=\"ltr\" style=\"text-align: center;\"><span style=\"color:#ffffff;\"><span style=\"font-size:2.25em;\">\u092e\u0948\u0902 \u092a\u0930\u093f\u0935\u093e\u0930 \u092e\u0947\u0902 \u0938\u092c\u0938\u0947 \u091b\u094b\u091f\u093e \u0939\u0942\u0901\u0964<\/span><\/span><\/p>\n"},"metadata":{"contentType":"Text","license":"U","title":"Untitled Text"},"subContentId":"56834249-b644-479c-9c02-9b0b3ec5ce36"},"alwaysDisplayComments":false,"backgroundOpacity":0,"willDoAnimation":false,"animationType":"glow","displayAsButton":false,"buttonSize":"big","goToSlideType":"specified","invisible":false,"solution":""},{"x":47.00255102040816,"y":43.95465994962216,"width":40,"height":40,"action":{"library":"H5P.CRAudio 1.4","params":{"fitToWrapper":true,"currIndex":10,"playerMode":"minimalistic","controls":true,"autoplay":true,"playAudio":"Play audio","pauseAudio":"Pause audio","contentName":"Audio","glowColor":"#ffd85a","timeStampForEachText":[{"text":" \u092e\u0948\u0902 ","startDuration":"0.0000","endDuration":"0.5823","wordfile":[{"path":"audios\/wordfile-6601dfe3ddfe4.wav","mime":"audio\/x-wav","copyright":{"license":"U"}}]},{"text":" \u092a\u0930\u093f\u0935\u093e\u0930 ","startDuration":"0.5833","endDuration":"0.9375","wordfile":[{"path":"audios\/wordfile-6601dff85b351.wav","mime":"audio\/x-wav","copyright":{"license":"U"}}]},{"text":" \u092e\u0947\u0902 ","startDuration":"0.9385","endDuration":"1.1385","wordfile":[{"path":"audios\/wordfile-6601e00daadb2.wav","mime":"audio\/x-wav","copyright":{"license":"U"}}]},{"text":" \u0938\u092c\u0938\u0947 ","startDuration":"1.1395","endDuration":"1.5245","wordfile":[{"path":"audios\/wordfile-6601e02373c32.wav","mime":"audio\/x-wav","copyright":{"license":"U"}}]},{"text":" \u091b\u094b\u091f\u093e ","startDuration":"1.5255","endDuration":"1.8365","wordfile":[{"path":"audios\/wordfile-6601e03c2e74d.wav","mime":"audio\/x-wav","copyright":{"license":"U"}}]},{"text":" \u0939\u0942\u0901\u0964 ","startDuration":"1.8375","endDuration":"2.2878","wordfile":[{"path":"audios\/wordfile-6601e055e61cb.wav","mime":"audio\/x-wav","copyright":{"license":"U"}}]}],"files":[{"path":"audios\/files-6601dfd3c8174.wav","mime":"audio\/x-wav","copyright":{"license":"U"}}]},"subContentId":"89f8c148-e3fd-426b-8a64-45d2e1f2f732","metadata":{"contentType":"Curious Reader Audio","license":"U","title":"Untitled Curious Reader Audio"}},"backgroundOpacity":0,"willDoAnimation":false,"animationType":"glow","displayAsButton":false,"buttonSize":"big","goToSlideType":"specified","invisible":false},{"x":16.581632653061224,"y":12.594458438287154,"width":31.505102040816325,"height":77.32997481108312,"action":{"library":"H5P.Image 1.1","params":{"contentName":"Image"},"subContentId":"faa0935f-4158-4581-9a04-6a3fbec96333","metadata":{"contentType":"Image","license":"U","title":"Untitled Image"}},"backgroundOpacity":0,"willDoAnimation":true,"animationType":"glow","displayAsButton":false,"buttonSize":"big","goToSlideType":"specified","invisible":false,"id":"img89f8c148-e3fd-426b-8a64-45d2e1f2f732_1"}],"slideBackgroundSelector":{}},{"elements":[{"x":17.426470588235293,"y":6.47334051724138,"width":32.46187363834423,"height":89.65517241379311,"action":{"library":"H5P.Image 1.1","params":{"contentName":"Image","file":{"path":"images\/file-620d8c9aa16a1.jpg","mime":"image\/jpeg","copyright":{"license":"U"},"width":639,"height":918}},"metadata":{"contentType":"Image","license":"U","title":"Untitled Image"},"subContentId":"ae70667a-fe5d-4f6e-96d3-e63ca9aa9160"},"backgroundOpacity":0,"willDoAnimation":false,"animationType":"glow","displayAsButton":false,"buttonSize":"big","goToSlideType":"specified","invisible":false},{"x":49.744897959183675,"y":37.78337531486146,"width":46.683673469387756,"height":51.63727959697733,"action":{"library":"H5P.CRAdvancedText 1.1","params":{"text":"<p dir=\"ltr\" style=\"text-align: center;\"><span style=\"color:#ffffff;\"><span style=\"font-size:2.25em;\">\u0905\u0930\u0947 \u0930\u0941\u0915\u094b! \u0935\u0939\u093e\u0901 \u0939\u092e\u093e\u0930\u093e \u092a\u093f\u0932\u094d\u0932\u093e \u0939\u0948, \u091c\u094b\u091c\u094b\u0964<\/span><\/span><\/p>\n"},"metadata":{"contentType":"Text","license":"U","title":"Untitled Text"},"subContentId":"8161ff84-be72-45ae-8f2a-8be437f65b85"},"alwaysDisplayComments":false,"backgroundOpacity":0,"willDoAnimation":false,"animationType":"glow","displayAsButton":false,"buttonSize":"big","goToSlideType":"specified","invisible":false,"solution":""},{"x":47.00255102040816,"y":43.95465994962216,"width":40,"height":40,"action":{"library":"H5P.CRAudio 1.4","params":{"fitToWrapper":true,"currIndex":11,"playerMode":"minimalistic","controls":true,"autoplay":true,"playAudio":"Play audio","pauseAudio":"Pause audio","contentName":"Audio","glowColor":"#ffd85a","timeStampForEachText":[{"text":" \u0905\u0930\u0947 ","startDuration":"0.0000","endDuration":"0.4711","wordfile":[{"path":"audios\/wordfile-6601e0820c529.wav","mime":"audio\/x-wav","copyright":{"license":"U"}}]},{"text":" \u0930\u0941\u0915\u094b! ","startDuration":"0.4721","endDuration":"0.9480","wordfile":[{"path":"audios\/wordfile-6601e0996d24f.wav","mime":"audio\/x-wav","copyright":{"license":"U"}}]},{"text":" \u0935\u0939\u093e\u0901 ","startDuration":"0.9490","endDuration":"1.7008","wordfile":[{"path":"audios\/wordfile-6601e0ac9414e.wav","mime":"audio\/x-wav","copyright":{"license":"U"}}]},{"text":" \u0939\u092e\u093e\u0930\u093e ","startDuration":"1.7018","endDuration":"2.0228","wordfile":[{"path":"audios\/wordfile-6601e0cc9579d.wav","mime":"audio\/x-wav","copyright":{"license":"U"}}]},{"text":" \u092a\u093f\u0932\u094d\u0932\u093e ","startDuration":"2.0238","endDuration":"2.4077","wordfile":[{"path":"audios\/wordfile-6601e0e176784.wav","mime":"audio\/x-wav","copyright":{"license":"U"}}]},{"text":" \u0939\u0948, ","startDuration":"2.4087","endDuration":"2.6087","wordfile":[{"path":"audios\/wordfile-6601e0f452ce3.wav","mime":"audio\/x-wav","copyright":{"license":"U"}}]},{"text":" \u091c\u094b\u091c\u094b\u0964 ","startDuration":"2.6097","endDuration":"3.3712","wordfile":[{"path":"audios\/wordfile-6601e10b82652.wav","mime":"audio\/x-wav","copyright":{"license":"U"}}]}],"files":[{"path":"audios\/files-6601e073180b3.wav","mime":"audio\/x-wav","copyright":{"license":"U"}}]},"subContentId":"61619834-b932-4c71-badc-19eadf67d18f","metadata":{"contentType":"Curious Reader Audio","license":"U","title":"Untitled Curious Reader Audio"}},"backgroundOpacity":0,"willDoAnimation":false,"animationType":"glow","displayAsButton":false,"buttonSize":"big","goToSlideType":"specified","invisible":false},{"x":33.16326530612245,"y":70.47002518891688,"width":17.474489795918366,"height":19.8992443324937,"action":{"library":"H5P.Image 1.1","params":{"contentName":"Image"},"subContentId":"157fdf3d-42b0-4d71-bde8-d4e3dc33ea7a","metadata":{"contentType":"Image","license":"U","title":"Untitled Image"}},"backgroundOpacity":0,"willDoAnimation":true,"animationType":"glow","displayAsButton":false,"buttonSize":"big","goToSlideType":"specified","invisible":false,"id":"img61619834-b932-4c71-badc-19eadf67d18f_4"},{"x":33.16326530612245,"y":70.47002518891688,"width":18.75,"height":19.8992443324937,"action":{"library":"H5P.Image 1.1","params":{"contentName":"Image"},"subContentId":"7d5356c0-6de0-4b52-9b0d-4b874feb38f7","metadata":{"contentType":"Image","license":"U","title":"Untitled Image"}},"backgroundOpacity":0,"willDoAnimation":true,"animationType":"glow","displayAsButton":false,"buttonSize":"big","goToSlideType":"specified","invisible":false,"id":"img61619834-b932-4c71-badc-19eadf67d18f_6"}],"slideBackgroundSelector":{}},{"elements":[{"x":16.228976034858388,"y":6.47334051724138,"width":32.6797385620915,"height":90.51724137931035,"action":{"library":"H5P.Image 1.1","params":{"contentName":"Image","file":{"path":"images\/file-620d8cddb99ae.jpg","mime":"image\/jpeg","copyright":{"license":"U"},"width":479,"height":687}},"metadata":{"contentType":"Image","license":"U","title":"Untitled Image"},"subContentId":"b0a958ff-98a9-43bb-a0f2-0d435e39a16f"},"backgroundOpacity":0,"willDoAnimation":false,"animationType":"glow","displayAsButton":false,"buttonSize":"big","goToSlideType":"specified","invisible":false},{"x":48.46938775510204,"y":42.82115869017632,"width":44.77040816326531,"height":39.29471032745592,"action":{"library":"H5P.CRAdvancedText 1.1","params":{"text":"<p dir=\"ltr\" style=\"text-align: center;\"><span style=\"color:#ffffff;\"><span style=\"font-size:2.25em;\">\u091c\u094b\u091c\u094b \u092e\u0947\u0930\u0940 \u091a\u092a\u094d\u092a\u0932\u0947\u0902 \u0932\u093e \u0930\u0939\u093e \u0939\u0948\u0964<\/span><\/span><\/p>\n"},"metadata":{"contentType":"Text","license":"U","title":"Untitled Text"},"subContentId":"2efc4ee0-82fe-40bb-ab9a-bb7ccc93edf6"},"alwaysDisplayComments":false,"backgroundOpacity":0,"willDoAnimation":false,"animationType":"glow","displayAsButton":false,"buttonSize":"big","goToSlideType":"specified","invisible":false,"solution":""},{"x":93.11224489795919,"y":2.5188916876574305,"width":40,"height":40,"action":{"library":"H5P.CRAudio 1.4","params":{"fitToWrapper":true,"currIndex":12,"playerMode":"minimalistic","controls":true,"autoplay":true,"playAudio":"Play audio","pauseAudio":"Pause audio","contentName":"Audio","glowColor":"#ffd85a","timeStampForEachText":[{"text":" \u091c\u094b\u091c\u094b ","startDuration":"0.0000","endDuration":"0.8294","wordfile":[{"path":"audios\/wordfile-6601e140e8a48.wav","mime":"audio\/x-wav","copyright":{"license":"U"}}]},{"text":" \u092e\u0947\u0930\u0940 ","startDuration":"0.8304","endDuration":"1.1303","wordfile":[{"path":"audios\/wordfile-660db81639964.wav","mime":"audio\/x-wav","copyright":{"license":"U"}}]},{"text":" \u091a\u092a\u094d\u092a\u0932\u0947\u0902 ","startDuration":"1.1313","endDuration":"1.5944","wordfile":[{"path":"audios\/wordfile-6601e16c6ca1a.wav","mime":"audio\/x-wav","copyright":{"license":"U"}}]},{"text":" \u0932\u093e ","startDuration":"1.5954","endDuration":"1.7954","wordfile":[{"path":"audios\/wordfile-6601e195617bf.wav","mime":"audio\/x-wav","copyright":{"license":"U"}}]},{"text":" \u0930\u0939\u093e ","startDuration":"1.7964","endDuration":"2.0996","wordfile":[{"path":"audios\/wordfile-6601e1ab482cf.wav","mime":"audio\/x-wav","copyright":{"license":"U"}}]},{"text":" \u0939\u0948\u0964 ","startDuration":"2.1006","endDuration":"2.3006","wordfile":[{"path":"audios\/wordfile-6601e1d7a8eb2.wav","mime":"audio\/x-wav","copyright":{"license":"U"}}]}],"files":[{"path":"audios\/files-6601e123977d3.wav","mime":"audio\/x-wav","copyright":{"license":"U"}}]},"subContentId":"9b07afa5-c4c7-484d-87ce-e1d039877d0b","metadata":{"contentType":"Curious Reader Audio","license":"U","title":"Untitled Curious Reader Audio"}},"backgroundOpacity":0,"willDoAnimation":false,"animationType":"glow","displayAsButton":false,"buttonSize":"big","goToSlideType":"specified","invisible":false},{"x":31.887755102040817,"y":60.40604534005038,"width":17.474489795918366,"height":24.937027707808564,"action":{"library":"H5P.Image 1.1","params":{"contentName":"Image"},"subContentId":"bd5014d1-5fd4-4632-95c4-7e6f708087ff","metadata":{"contentType":"Image","license":"U","title":"Untitled Image"}},"backgroundOpacity":0,"willDoAnimation":true,"animationType":"glow","displayAsButton":false,"buttonSize":"big","goToSlideType":"specified","invisible":false,"id":"img9b07afa5-c4c7-484d-87ce-e1d039877d0b_0"},{"x":30.612244897959183,"y":72.98891687657432,"width":8.545918367346939,"height":12.34256926952141,"action":{"library":"H5P.Image 1.1","params":{"contentName":"Image"},"subContentId":"a33db2cf-f247-44c1-8d6c-903e35cd9176","metadata":{"contentType":"Image","license":"U","title":"Untitled Image"}},"backgroundOpacity":0,"willDoAnimation":true,"animationType":"glow","displayAsButton":false,"buttonSize":"big","goToSlideType":"specified","invisible":false,"id":"img9b07afa5-c4c7-484d-87ce-e1d039877d0b_2"}],"slideBackgroundSelector":{}},{"elements":[{"x":15.247167755991283,"y":6.47334051724138,"width":32.6797385620915,"height":90.30172413793105,"action":{"library":"H5P.Image 1.1","params":{"contentName":"Image","file":{"path":"images\/file-620d8d0a066ff.jpg","mime":"image\/jpeg","copyright":{"license":"U"},"width":479,"height":687}},"metadata":{"contentType":"Image","license":"U","title":"Untitled Image"},"subContentId":"89d672ca-d3ad-478d-bb23-9297f0787395"},"backgroundOpacity":0,"willDoAnimation":false,"animationType":"glow","displayAsButton":false,"buttonSize":"big","goToSlideType":"specified","invisible":false},{"x":47.19387755102041,"y":40.30226700251889,"width":49.48979591836735,"height":46.851385390428206,"action":{"library":"H5P.CRAdvancedText 1.1","params":{"text":"<p dir=\"ltr\" style=\"text-align: center;\"><span style=\"color:#ffffff;\"><span style=\"font-size:2.25em;\">&nbsp;\u0939\u093e \u0939\u093e! \u091c\u094b\u091c\u094b \u0938\u092c\u0938\u0947 \u091b\u094b\u091f\u093e \u0939\u0948\u0964<\/span><\/span><\/p>\n"},"metadata":{"contentType":"Text","license":"U","title":"Untitled Text"},"subContentId":"310dd62d-00d2-4d5f-9a84-911295fee36d"},"alwaysDisplayComments":false,"backgroundOpacity":0,"willDoAnimation":false,"animationType":"glow","displayAsButton":false,"buttonSize":"big","goToSlideType":"specified","invisible":false,"solution":""},{"x":47.00255102040816,"y":43.95465994962216,"width":40,"height":40,"action":{"library":"H5P.CRAudio 1.4","params":{"fitToWrapper":true,"currIndex":13,"playerMode":"minimalistic","controls":true,"autoplay":true,"playAudio":"Play audio","pauseAudio":"Pause audio","contentName":"Audio","glowColor":"#ffd85a","timeStampForEachText":[{"text":" \u00a0\u0939\u093e \u0939\u093e! ","startDuration":"0.0000","endDuration":"0.4966","wordfile":[{"path":"audios\/wordfile-6601e225da141.wav","mime":"audio\/x-wav","copyright":{"license":"U"}}]},{"text":" \u091c\u094b\u091c\u094b ","startDuration":"0.4976","endDuration":"1.5714","wordfile":[{"path":"audios\/wordfile-6601e2493f8cc.wav","mime":"audio\/x-wav","copyright":{"license":"U"}}]},{"text":" \u0938\u092c\u0938\u0947 ","startDuration":"1.5724","endDuration":"2.0450","wordfile":[{"path":"audios\/wordfile-6601e25fb7d19.wav","mime":"audio\/x-wav","copyright":{"license":"U"}}]},{"text":" \u091b\u094b\u091f\u093e ","startDuration":"2.0460","endDuration":"2.4424","wordfile":[{"path":"audios\/wordfile-6601e2709de79.wav","mime":"audio\/x-wav","copyright":{"license":"U"}}]},{"text":" \u0939\u0948\u0964 ","startDuration":"2.4434","endDuration":"2.9741","wordfile":[{"path":"audios\/wordfile-6601e28541322.wav","mime":"audio\/x-wav","copyright":{"license":"U"}}]}],"files":[{"path":"audios\/files-6601e1f4d657e.wav","mime":"audio\/x-wav","copyright":{"license":"U"}}]},"subContentId":"24467aaa-cc40-4fbe-8298-efa7ae71ea02","metadata":{"contentType":"Curious Reader Audio","license":"U","title":"Untitled Curious Reader Audio"}},"backgroundOpacity":0,"willDoAnimation":false,"animationType":"glow","displayAsButton":false,"buttonSize":"big","goToSlideType":"specified","invisible":false},{"x":30.612244897959183,"y":62.9191435768262,"width":12.372448979591837,"height":17.38035264483627,"action":{"library":"H5P.Image 1.1","params":{"contentName":"Image"},"subContentId":"0ee8e505-0144-493e-93b2-36622ec6d48b","metadata":{"contentType":"Image","license":"U","title":"Untitled Image"}},"backgroundOpacity":0,"willDoAnimation":true,"animationType":"glow","displayAsButton":false,"buttonSize":"big","goToSlideType":"specified","invisible":false,"id":"img24467aaa-cc40-4fbe-8298-efa7ae71ea02_1"}],"slideBackgroundSelector":{}},{"elements":[{"x":14.159041394335512,"y":7.847370689655173,"width":35.83877995642702,"height":89.00862068965517,"action":{"library":"H5P.Image 1.1","params":{"contentName":"Image","file":{"path":"images\/file-620d8d312228a.jpg","mime":"image\/jpeg","copyright":{"license":"U"},"width":479,"height":687}},"metadata":{"contentType":"Image","license":"U","title":"Untitled Image"},"subContentId":"e767bcfd-f9ac-468c-afd5-1d15bc90d6b7"},"backgroundOpacity":0,"willDoAnimation":false,"animationType":"glow","displayAsButton":false,"buttonSize":"big","goToSlideType":"specified","invisible":false},{"x":52.29591836734694,"y":37.78337531486146,"width":40.68877551020408,"height":44.332493702770776,"action":{"library":"H5P.CRAdvancedText 1.1","params":{"text":"<p style=\"text-align: center;\"><span style=\"color:#ffffff;\"><span style=\"font-size:2.25em;\">\u0939\u093e\u0901! \u091c\u094b\u091c\u094b \u092e\u0941\u091d\u0938\u0947 \u092d\u0940 \u091b\u094b\u091f\u093e \u0939\u0948\u0964<\/span><\/span><\/p>\n"},"metadata":{"contentType":"Text","license":"U","title":"Untitled Text"},"subContentId":"39cedf09-b96c-4342-b744-bd04d9bc599f"},"alwaysDisplayComments":false,"backgroundOpacity":0,"willDoAnimation":false,"animationType":"glow","displayAsButton":false,"buttonSize":"big","goToSlideType":"specified","invisible":false,"solution":""},{"x":47.00255102040816,"y":43.95465994962216,"width":40,"height":40,"action":{"library":"H5P.CRAudio 1.4","params":{"fitToWrapper":true,"currIndex":14,"playerMode":"minimalistic","controls":true,"autoplay":true,"playAudio":"Play audio","pauseAudio":"Pause audio","contentName":"Audio","glowColor":"#ffd85a","timeStampForEachText":[{"text":" \u0939\u093e\u0901! ","startDuration":"0.0000","endDuration":"0.9148","wordfile":[{"path":"audios\/wordfile-6601e2b49e2f4.wav","mime":"audio\/x-wav","copyright":{"license":"U"}}]},{"text":" \u091c\u094b\u091c\u094b ","startDuration":"0.9158","endDuration":"1.6364","wordfile":[{"path":"audios\/wordfile-6601e2d2c9ba6.wav","mime":"audio\/x-wav","copyright":{"license":"U"}}]},{"text":" \u092e\u0941\u091d\u0938\u0947 ","startDuration":"1.6374","endDuration":"2.0605","wordfile":[{"path":"audios\/wordfile-6601e2e5e3dac.wav","mime":"audio\/x-wav","copyright":{"license":"U"}}]},{"text":" \u092d\u0940 ","startDuration":"2.0615","endDuration":"2.2615","wordfile":[{"path":"audios\/wordfile-6601e2fea472f.wav","mime":"audio\/x-wav","copyright":{"license":"U"}}]},{"text":" \u091b\u094b\u091f\u093e ","startDuration":"2.2625","endDuration":"2.6567","wordfile":[{"path":"audios\/wordfile-6601e313be188.wav","mime":"audio\/x-wav","copyright":{"license":"U"}}]},{"text":" \u0939\u0948\u0964 ","startDuration":"2.6577","endDuration":"3.0657","wordfile":[{"path":"audios\/wordfile-6601e325c9d32.wav","mime":"audio\/x-wav","copyright":{"license":"U"}}]}],"files":[{"path":"audios\/files-6601e29d678fd.wav","mime":"audio\/x-wav","copyright":{"license":"U"}}]},"subContentId":"7ab2ceaf-5b97-4b0a-8907-475efb694f98","metadata":{"contentType":"Curious Reader Audio","license":"U","title":"Untitled Curious Reader Audio"}},"backgroundOpacity":0,"willDoAnimation":false,"animationType":"glow","displayAsButton":false,"buttonSize":"big","goToSlideType":"specified","invisible":false},{"x":14.030612244897958,"y":57.91889168765743,"width":21.301020408163264,"height":31.989924433249367,"action":{"library":"H5P.Image 1.1","params":{"contentName":"Image"},"subContentId":"8771927a-6176-41d0-93a9-fdcf580a26ff","metadata":{"contentType":"Image","license":"U","title":"Untitled Image"}},"backgroundOpacity":0,"willDoAnimation":true,"animationType":"glow","displayAsButton":false,"buttonSize":"big","goToSlideType":"specified","invisible":false,"id":"img7ab2ceaf-5b97-4b0a-8907-475efb694f98_1"},{"x":24.23469387755102,"y":17.6204282115869,"width":22.5765306122449,"height":40.050377833753146,"action":{"library":"H5P.Image 1.1","params":{"contentName":"Image"},"subContentId":"96a0cd5f-7cd1-4dae-a466-6a42524d17c0","metadata":{"contentType":"Image","license":"U","title":"Untitled Image"}},"backgroundOpacity":0,"willDoAnimation":true,"animationType":"glow","displayAsButton":false,"buttonSize":"big","goToSlideType":"specified","invisible":false,"id":"img7ab2ceaf-5b97-4b0a-8907-475efb694f98_2"}],"slideBackgroundSelector":{}},{"elements":[{"x":13.832270408163264,"y":6.468438287153652,"width":34.43877551020408,"height":90.42821158690175,"action":{"library":"H5P.Image 1.1","params":{"contentName":"Image","file":{"path":"images\/file-620d8d58bb16b.jpg","mime":"image\/jpeg","copyright":{"license":"U"},"width":639,"height":918}},"metadata":{"contentType":"Image","license":"U","title":"Untitled Image"},"subContentId":"04bd3f8e-9a22-417f-8446-3b35b45f2017"},"backgroundOpacity":0,"willDoAnimation":false,"animationType":"glow","displayAsButton":false,"buttonSize":"big","goToSlideType":"specified","invisible":false},{"x":48.46938775510204,"y":35.26448362720403,"width":48.19277108433735,"height":47.61904761904762,"action":{"library":"H5P.CRAdvancedText 1.1","params":{"text":"<p dir=\"ltr\" style=\"text-align: center;\"><span style=\"color:#ffffff;\"><span style=\"font-size:2.25em;\">\u092e\u0948\u0902 \u0905\u092a\u0928\u0947 \u092d\u093e\u0908 \u0938\u0947 \u091b\u094b\u091f\u093e \u0939\u0942\u0901\u0964<\/span><\/span><\/p>\n"},"metadata":{"contentType":"Text","license":"U","title":"Untitled Text"},"subContentId":"b00aa312-f8c8-4f22-9029-c4157e853a0b"},"alwaysDisplayComments":false,"backgroundOpacity":0,"willDoAnimation":false,"animationType":"glow","displayAsButton":false,"buttonSize":"big","goToSlideType":"specified","invisible":false,"solution":""},{"x":47.00255102040816,"y":43.95465994962216,"width":40,"height":40,"action":{"library":"H5P.CRAudio 1.4","params":{"fitToWrapper":true,"currIndex":15,"playerMode":"minimalistic","controls":true,"autoplay":true,"playAudio":"Play audio","pauseAudio":"Pause audio","contentName":"Audio","glowColor":"#ffd85a","timeStampForEachText":[{"text":" \u092e\u0948\u0902 ","startDuration":"0.0000","endDuration":"0.5966","wordfile":[{"path":"audios\/wordfile-6601e362197a3.wav","mime":"audio\/x-wav","copyright":{"license":"U"}}]},{"text":" \u0905\u092a\u0928\u0947 ","startDuration":"0.5966","endDuration":"0.9664","wordfile":[{"path":"audios\/wordfile-6601e37917fd0.wav","mime":"audio\/x-wav","copyright":{"license":"U"}}]},{"text":" \u092d\u093e\u0908 ","startDuration":"0.9674","endDuration":"1.2503","wordfile":[{"path":"audios\/wordfile-6601e398ab0f0.wav","mime":"audio\/x-wav","copyright":{"license":"U"}}]},{"text":" \u0938\u0947 ","startDuration":"1.2513","endDuration":"1.4069","wordfile":[{"path":"audios\/wordfile-6601e3af1ed93.wav","mime":"audio\/x-wav","copyright":{"license":"U"}}]},{"text":" \u091b\u094b\u091f\u093e ","startDuration":"1.4079","endDuration":"1.7441","wordfile":[{"path":"audios\/wordfile-6601e3c637d4e.wav","mime":"audio\/x-wav","copyright":{"license":"U"}}]},{"text":" \u0939\u0942\u0901\u0964 ","startDuration":"1.7451","endDuration":"2.1963","wordfile":[{"path":"audios\/wordfile-6601e3d9d5685.wav","mime":"audio\/x-wav","copyright":{"license":"U"}}]}],"files":[{"path":"audios\/files-6601e34d9f779.wav","mime":"audio\/x-wav","copyright":{"license":"U"}}]},"subContentId":"bbd42b55-09c2-4432-8f4f-e43bda144f3d","metadata":{"contentType":"Curious Reader Audio","license":"U","title":"Untitled Curious Reader Audio"}},"backgroundOpacity":0,"willDoAnimation":false,"animationType":"glow","displayAsButton":false,"buttonSize":"big","goToSlideType":"specified","invisible":false},{"x":30.612244897959183,"y":10.06375314861461,"width":14.923469387755102,"height":74.81108312342569,"action":{"library":"H5P.Image 1.1","params":{"contentName":"Image"},"subContentId":"23adc588-a64d-4648-ad28-d9951a5799f0","metadata":{"contentType":"Image","license":"U","title":"Untitled Image"}},"backgroundOpacity":0,"willDoAnimation":true,"animationType":"glow","displayAsButton":false,"buttonSize":"big","goToSlideType":"specified","invisible":false,"id":"imgbbd42b55-09c2-4432-8f4f-e43bda144f3d_2"}],"slideBackgroundSelector":{}},{"elements":[{"x":14.161220043572985,"y":6.4655172413793105,"width":35.947712418300654,"height":90.73275862068967,"action":{"library":"H5P.Image 1.1","params":{"contentName":"Image","file":{"path":"images\/file-620d8da1ca430.jpg","mime":"image\/jpeg","copyright":{"license":"U"},"width":479,"height":687}},"metadata":{"contentType":"Image","license":"U","title":"Untitled Image"},"subContentId":"60e40c47-4d45-4d74-8969-9c409aee425a"},"backgroundOpacity":0,"willDoAnimation":false,"animationType":"glow","displayAsButton":false,"buttonSize":"big","goToSlideType":"specified","invisible":false},{"x":45.91836734693878,"y":42.82115869017632,"width":47.066326530612244,"height":44.332493702770776,"action":{"library":"H5P.CRAdvancedText 1.1","params":{"text":"<p dir=\"ltr\" style=\"text-align: center;\"><span style=\"color:#ffffff;\"><span style=\"font-size:2.25em;\">\u092e\u0947\u0930\u093e \u092d\u093e\u0908 \u092e\u0947\u0930\u0940 \u092c\u0939\u0928 \u0938\u0947 \u091b\u094b\u091f\u093e \u0939\u0948\u0964<\/span><\/span><\/p>\n"},"metadata":{"contentType":"Text","license":"U","title":"Untitled Text"},"subContentId":"40505f01-196a-41bf-aa85-9622c5c2a3ad"},"alwaysDisplayComments":false,"backgroundOpacity":0,"willDoAnimation":false,"animationType":"glow","displayAsButton":false,"buttonSize":"big","goToSlideType":"specified","invisible":false,"solution":""},{"x":47.00255102040816,"y":43.95465994962216,"width":40,"height":40,"action":{"library":"H5P.CRAudio 1.4","params":{"fitToWrapper":true,"currIndex":16,"playerMode":"minimalistic","controls":true,"autoplay":true,"playAudio":"Play audio","pauseAudio":"Pause audio","contentName":"Audio","glowColor":"#ffd85a","timeStampForEachText":[{"text":" \u092e\u0947\u0930\u093e ","startDuration":"0.0000","endDuration":"0.4812","wordfile":[{"path":"audios\/wordfile-6601e40008583.wav","mime":"audio\/x-wav","copyright":{"license":"U"}}]},{"text":" \u092d\u093e\u0908 ","startDuration":"0.4822","endDuration":"0.8509","wordfile":[{"path":"audios\/wordfile-6601e41884d28.wav","mime":"audio\/x-wav","copyright":{"license":"U"}}]},{"text":" \u092e\u0947\u0930\u0940 ","startDuration":"0.8519","endDuration":"1.1925","wordfile":[{"path":"audios\/wordfile-6601e433be216.wav","mime":"audio\/x-wav","copyright":{"license":"U"}}]},{"text":" \u092c\u0939\u0928 ","startDuration":"1.1935","endDuration":"1.4568","wordfile":[{"path":"audios\/wordfile-6601e44a881f5.wav","mime":"audio\/x-wav","copyright":{"license":"U"}}]},{"text":" \u0938\u0947 ","startDuration":"1.4578","endDuration":"1.6578","wordfile":[{"path":"audios\/wordfile-6601e46411404.wav","mime":"audio\/x-wav","copyright":{"license":"U"}}]},{"text":" \u091b\u094b\u091f\u093e ","startDuration":"1.6588","endDuration":"2.0099","wordfile":[{"path":"audios\/wordfile-6601e47a1e07b.wav","mime":"audio\/x-wav","copyright":{"license":"U"}}]},{"text":" \u0939\u0948\u0964 ","startDuration":"2.0109","endDuration":"2.5835","wordfile":[{"path":"audios\/wordfile-6601e48c4153e.wav","mime":"audio\/x-wav","copyright":{"license":"U"}}]}],"files":[{"path":"audios\/files-6601e3f0f1711.wav","mime":"audio\/x-wav","copyright":{"license":"U"}}]},"subContentId":"ba4ae9fe-ea54-4db9-a579-2f5fdc9da20e","metadata":{"contentType":"Curious Reader Audio","license":"U","title":"Untitled Curious Reader Audio"}},"backgroundOpacity":0,"willDoAnimation":false,"animationType":"glow","displayAsButton":false,"buttonSize":"big","goToSlideType":"specified","invisible":false},{"x":35.714285714285715,"y":12.582644836272038,"width":12.372448979591837,"height":67.2544080604534,"action":{"library":"H5P.Image 1.1","params":{"contentName":"Image"},"subContentId":"d1e0a234-1a1c-4fe5-988f-3da7ae9a58cb","metadata":{"contentType":"Image","license":"U","title":"Untitled Image"}},"backgroundOpacity":0,"willDoAnimation":true,"animationType":"glow","displayAsButton":false,"buttonSize":"big","goToSlideType":"specified","invisible":false,"id":"imgba4ae9fe-ea54-4db9-a579-2f5fdc9da20e_1"},{"x":16.581632653061224,"y":7.550780856423174,"width":13.64795918367347,"height":77.32997481108312,"action":{"library":"H5P.Image 1.1","params":{"contentName":"Image"},"subContentId":"5f30921c-e849-424c-810e-8195bc9be154","metadata":{"contentType":"Image","license":"U","title":"Untitled Image"}},"backgroundOpacity":0,"willDoAnimation":true,"animationType":"glow","displayAsButton":false,"buttonSize":"big","goToSlideType":"specified","invisible":false,"id":"imgba4ae9fe-ea54-4db9-a579-2f5fdc9da20e_3"}],"slideBackgroundSelector":{}},{"elements":[{"x":14.596949891067538,"y":5.603448275862069,"width":34.85838779956427,"height":91.16379310344828,"action":{"library":"H5P.Image 1.1","params":{"contentName":"Image","file":{"path":"images\/file-620d8dcd7ce8c.jpg","mime":"image\/jpeg","copyright":{"license":"U"},"width":479,"height":687}},"metadata":{"contentType":"Image","license":"U","title":"Untitled Image"},"subContentId":"74592e07-1d40-4cfc-8d4f-dc0d059d43f9"},"backgroundOpacity":0,"willDoAnimation":false,"animationType":"glow","displayAsButton":false,"buttonSize":"big","goToSlideType":"specified","invisible":false},{"x":49.744897959183675,"y":42.82115869017632,"width":46.683673469387756,"height":40.30226700251889,"action":{"library":"H5P.CRAdvancedText 1.1","params":{"text":"<p dir=\"ltr\" style=\"text-align: center;\"><span style=\"color:#ffffff;\"><span style=\"font-size:2.25em;\">\u092e\u0947\u0930\u0940 \u092c\u0939\u0928 \u092e\u093e\u0901 \u0938\u0947 \u091b\u094b\u091f\u0940 \u0939\u0948\u0964<\/span><\/span><\/p>\n"},"metadata":{"contentType":"Text","license":"U","title":"Untitled Text"},"subContentId":"92ba9eab-d1d6-4076-8fec-e22df4b24868"},"alwaysDisplayComments":false,"backgroundOpacity":0,"willDoAnimation":false,"animationType":"glow","displayAsButton":false,"buttonSize":"big","goToSlideType":"specified","invisible":false,"solution":""},{"x":93.11224489795919,"y":2.5188916876574305,"width":40,"height":40,"action":{"library":"H5P.CRAudio 1.4","params":{"fitToWrapper":true,"currIndex":17,"playerMode":"minimalistic","controls":true,"autoplay":true,"playAudio":"Play audio","pauseAudio":"Pause audio","contentName":"Audio","glowColor":"#ffd85a","timeStampForEachText":[{"text":" \u092e\u0947\u0930\u0940 ","startDuration":"0.0000","endDuration":"0.6100","wordfile":[{"path":"audios\/wordfile-660db84ec417f.wav","mime":"audio\/x-wav","copyright":{"license":"U"}}]},{"text":" \u092c\u0939\u0928 ","startDuration":"0.6110","endDuration":"1.0160","wordfile":[{"path":"audios\/wordfile-6601e4cfe63f9.wav","mime":"audio\/x-wav","copyright":{"license":"U"}}]},{"text":" \u092e\u093e\u0901 ","startDuration":"1.0170","endDuration":"1.1498","wordfile":[{"path":"audios\/wordfile-6601e4e2c1c0e.wav","mime":"audio\/x-wav","copyright":{"license":"U"}}]},{"text":" \u0938\u0947 ","startDuration":"1.1508","endDuration":"1.3508","wordfile":[{"path":"audios\/wordfile-6601e4f72a776.wav","mime":"audio\/x-wav","copyright":{"license":"U"}}]},{"text":" \u091b\u094b\u091f\u0940 ","startDuration":"1.3518","endDuration":"1.7198","wordfile":[{"path":"audios\/wordfile-6601e5096cb25.wav","mime":"audio\/x-wav","copyright":{"license":"U"}}]},{"text":" \u0939\u0948\u0964 ","startDuration":"1.7208","endDuration":"2.3779","wordfile":[{"path":"audios\/wordfile-6601e51b80eeb.wav","mime":"audio\/x-wav","copyright":{"license":"U"}}]}],"files":[{"path":"audios\/files-6601e4a481635.wav","mime":"audio\/x-wav","copyright":{"license":"U"}}]},"subContentId":"4bc15ed1-371e-4fc0-a5fd-33ab4d516de5","metadata":{"contentType":"Curious Reader Audio","license":"U","title":"Untitled Curious Reader Audio"}},"backgroundOpacity":0,"willDoAnimation":false,"animationType":"glow","displayAsButton":false,"buttonSize":"big","goToSlideType":"specified","invisible":false},{"x":15.306122448979592,"y":20.133425692695216,"width":12.372448979591837,"height":69.77329974811083,"action":{"library":"H5P.Image 1.1","params":{"contentName":"Image"},"subContentId":"99121cbe-df7f-4995-8924-d189fa1dd8ed","metadata":{"contentType":"Image","license":"U","title":"Untitled Image"}},"backgroundOpacity":0,"willDoAnimation":true,"animationType":"glow","displayAsButton":false,"buttonSize":"big","goToSlideType":"specified","invisible":false,"id":"img4bc15ed1-371e-4fc0-a5fd-33ab4d516de5_1"},{"x":24.23469387755102,"y":15.10942065491184,"width":11.096938775510205,"height":29.471032745591938,"action":{"library":"H5P.Image 1.1","params":{"contentName":"Image"},"subContentId":"421149f9-8d5f-4935-b08c-58c77e3722e9","metadata":{"contentType":"Image","license":"U","title":"Untitled Image"}},"backgroundOpacity":0,"willDoAnimation":true,"animationType":"glow","displayAsButton":false,"buttonSize":"big","goToSlideType":"specified","invisible":false,"id":"img4bc15ed1-371e-4fc0-a5fd-33ab4d516de5_2"}],"slideBackgroundSelector":{}},{"elements":[{"x":13.069005102040816,"y":6.468438287153652,"width":35.714285714285715,"height":90.6801007556675,"action":{"library":"H5P.Image 1.1","params":{"contentName":"Image","file":{"path":"images\/file-620d8e258bed1.jpg","mime":"image\/jpeg","copyright":{"license":"U"},"width":479,"height":687}},"metadata":{"contentType":"Image","license":"U","title":"Untitled Image"},"subContentId":"bf6b3186-5b89-4ff3-9612-1418d24637a7"},"backgroundOpacity":0,"willDoAnimation":false,"animationType":"glow","displayAsButton":false,"buttonSize":"big","goToSlideType":"specified","invisible":false},{"x":49.744897959183675,"y":35.26448362720403,"width":46.68674698795181,"height":44.642857142857146,"action":{"library":"H5P.CRAdvancedText 1.1","params":{"text":"<p dir=\"ltr\" style=\"text-align: center;\"><span style=\"color:#ffffff;\"><span style=\"font-size:2.25em;\">\u092e\u093e\u0901, \u092a\u093e \u0938\u0947 \u091b\u094b\u091f\u093e \u0939\u0948\u0964<\/span><\/span><\/p>\n"},"metadata":{"contentType":"Text","license":"U","title":"Untitled Text"},"subContentId":"ef36c518-73f4-43db-8cda-d2cb2720d30c"},"alwaysDisplayComments":false,"backgroundOpacity":0,"willDoAnimation":false,"animationType":"glow","displayAsButton":false,"buttonSize":"big","goToSlideType":"specified","invisible":false,"solution":""},{"x":93.11224489795919,"y":2.5188916876574305,"width":40,"height":40,"action":{"library":"H5P.CRAudio 1.4","params":{"fitToWrapper":true,"currIndex":18,"playerMode":"minimalistic","controls":true,"autoplay":true,"playAudio":"Play audio","pauseAudio":"Pause audio","contentName":"Audio","glowColor":"#ffd85a","timeStampForEachText":[{"text":" \u092e\u093e\u0901, ","startDuration":"0.0000","endDuration":"0.8724","wordfile":[{"path":"audios\/wordfile-6601e548b736f.wav","mime":"audio\/x-wav","copyright":{"license":"U"}}]},{"text":" \u092a\u093e ","startDuration":"0.8734","endDuration":"1.2581","wordfile":[{"path":"audios\/wordfile-660db894f26fd.wav","mime":"audio\/x-wav","copyright":{"license":"U"}}]},{"text":" \u0938\u0947 ","startDuration":"1.2591","endDuration":"1.4591","wordfile":[{"path":"audios\/wordfile-6601e57a08954.wav","mime":"audio\/x-wav","copyright":{"license":"U"}}]},{"text":" \u091b\u094b\u091f\u093e ","startDuration":"1.4601","endDuration":"1.8343","wordfile":[{"path":"audios\/wordfile-6601e5942f5db.wav","mime":"audio\/x-wav","copyright":{"license":"U"}}]},{"text":" \u0939\u0948\u0964 ","startDuration":"1.8353","endDuration":"2.4673","wordfile":[{"path":"audios\/wordfile-6601e5a67e17a.wav","mime":"audio\/x-wav","copyright":{"license":"U"}}]}],"files":[{"path":"audios\/files-6601e535bc5fa.wav","mime":"audio\/x-wav","copyright":{"license":"U"}}]},"subContentId":"f92ce686-ad52-44c1-8fd4-e1ade83a4d71","metadata":{"contentType":"Curious Reader Audio","license":"U","title":"Untitled Curious Reader Audio"}},"backgroundOpacity":0,"willDoAnimation":false,"animationType":"glow","displayAsButton":false,"buttonSize":"big","goToSlideType":"specified","invisible":false},{"x":16.581632653061224,"y":12.582644836272038,"width":12.372448979591837,"height":34.5088161209068,"action":{"library":"H5P.Image 1.1","params":{"contentName":"Image"},"subContentId":"1b7cfb22-95e1-45a5-b804-4f6f0c71ae73","metadata":{"contentType":"Image","license":"U","title":"Untitled Image"}},"backgroundOpacity":0,"willDoAnimation":true,"animationType":"glow","displayAsButton":false,"buttonSize":"big","goToSlideType":"specified","invisible":false,"id":"imgf92ce686-ad52-44c1-8fd4-e1ade83a4d71_0"},{"x":29.336734693877553,"y":10.071637279596978,"width":12.372448979591837,"height":35.012594458438286,"action":{"library":"H5P.Image 1.1","params":{"contentName":"Image"},"subContentId":"55655dd0-d136-4367-9206-2e1b4cfa4483","metadata":{"contentType":"Image","license":"U","title":"Untitled Image"}},"backgroundOpacity":0,"willDoAnimation":true,"animationType":"glow","displayAsButton":false,"buttonSize":"big","goToSlideType":"specified","invisible":false,"id":"imgf92ce686-ad52-44c1-8fd4-e1ade83a4d71_1"}],"slideBackgroundSelector":{}},{"elements":[{"x":13.071023965141611,"y":6.482349137931035,"width":35.83877995642702,"height":90.51724137931035,"action":{"library":"H5P.Image 1.1","params":{"contentName":"Image","file":{"path":"images\/file-620d8e5f7c6e2.jpg","mime":"image\/jpeg","copyright":{"license":"U"},"width":639,"height":918}},"metadata":{"contentType":"Image","license":"U","title":"Untitled Image"},"subContentId":"e85d8338-0d12-4245-9ceb-cc02d0c59251"},"backgroundOpacity":0,"willDoAnimation":false,"animationType":"glow","displayAsButton":false,"buttonSize":"big","goToSlideType":"specified","invisible":false},{"x":51.204719387755105,"y":35.254659949622166,"width":45.1530612244898,"height":47.858942065491185,"action":{"library":"H5P.CRAdvancedText 1.1","params":{"text":"<p style=\"text-align: center;\"><span style=\"color:#ffffff;\"><span style=\"font-size:2.25em;\">\u092c\u0927\u093f\u092f\u093e\u0901! \u092a\u093e \u0938\u092c\u0938\u0947 \u0932\u0902\u092c\u0947 \u0939\u0948, \u0914\u0930 \u091c\u094b\u091c\u094b \u0938\u092c\u0938\u0947 \u091b\u094b\u091f\u093e \u0939\u0948\u0964<\/span><\/span><\/p>\n"},"metadata":{"contentType":"Text","license":"U","title":"Untitled Text"},"subContentId":"c2b229a0-7cb1-4263-a149-f90f8c228871"},"alwaysDisplayComments":false,"backgroundOpacity":0,"willDoAnimation":false,"animationType":"glow","displayAsButton":false,"buttonSize":"big","goToSlideType":"specified","invisible":false,"solution":""},{"x":47.00255102040816,"y":43.95465994962216,"width":40,"height":40,"action":{"library":"H5P.CRAudio 1.4","params":{"fitToWrapper":true,"currIndex":19,"playerMode":"minimalistic","controls":true,"autoplay":true,"playAudio":"Play audio","pauseAudio":"Pause audio","contentName":"Audio","glowColor":"#ffd85a","timeStampForEachText":[{"text":" \u092c\u0927\u093f\u092f\u093e\u0901! ","startDuration":"0.0000","endDuration":"1.2359","wordfile":[{"path":"audios\/wordfile-6601e5cd10d77.wav","mime":"audio\/x-wav","copyright":{"license":"U"}}]},{"text":" \u092a\u093e ","startDuration":"1.2369","endDuration":"1.6819","wordfile":[{"path":"audios\/wordfile-6601e5e8d653e.wav","mime":"audio\/x-wav","copyright":{"license":"U"}}]},{"text":" \u0938\u092c\u0938\u0947 ","startDuration":"1.6829","endDuration":"2.1699","wordfile":[{"path":"audios\/wordfile-6601e60017ad3.wav","mime":"audio\/x-wav","copyright":{"license":"U"}}]},{"text":" \u0932\u0902\u092c\u0947 ","startDuration":"2.1709","endDuration":"2.5039","wordfile":[{"path":"audios\/wordfile-6601e61a1d890.wav","mime":"audio\/x-wav","copyright":{"license":"U"}}]},{"text":" \u0939\u0948, ","startDuration":"2.5049","endDuration":"2.7049","wordfile":[{"path":"audios\/wordfile-6601e62e0efae.wav","mime":"audio\/x-wav","copyright":{"license":"U"}}]},{"text":" \u0914\u0930 ","startDuration":"2.7059","endDuration":"3.1229","wordfile":[{"path":"audios\/wordfile-6601e640606b7.wav","mime":"audio\/x-wav","copyright":{"license":"U"}}]},{"text":" \u091c\u094b\u091c\u094b ","startDuration":"3.1239","endDuration":"3.5059","wordfile":[{"path":"audios\/wordfile-6601e65fc5088.wav","mime":"audio\/x-wav","copyright":{"license":"U"}}]},{"text":" \u0938\u092c\u0938\u0947 ","startDuration":"3.5069","endDuration":"3.9799","wordfile":[{"path":"audios\/wordfile-6601e6761cf78.wav","mime":"audio\/x-wav","copyright":{"license":"U"}}]},{"text":" \u091b\u094b\u091f\u093e ","startDuration":"3.9809","endDuration":"4.3279","wordfile":[{"path":"audios\/wordfile-6601e68906dcd.wav","mime":"audio\/x-wav","copyright":{"license":"U"}}]},{"text":" \u0939\u0948\u0964 ","startDuration":"4.3289","endDuration":"5.0608","wordfile":[{"path":"audios\/wordfile-6601e69d179c8.wav","mime":"audio\/x-wav","copyright":{"license":"U"}}]}],"files":[{"path":"audios\/files-6601e5c4b54ed.wav","mime":"audio\/x-wav","copyright":{"license":"U"}}]},"subContentId":"53ed226f-3b78-44b8-8efa-8c3cff7b04be","metadata":{"contentType":"Curious Reader Audio","license":"U","title":"Untitled Curious Reader Audio"}},"backgroundOpacity":0,"willDoAnimation":false,"animationType":"glow","displayAsButton":false,"buttonSize":"big","goToSlideType":"specified","invisible":false},{"x":29.336734693877553,"y":65.43803526448363,"width":9.821428571428571,"height":19.8992443324937,"action":{"library":"H5P.Image 1.1","params":{"contentName":"Image"},"subContentId":"fcd8e521-5cf8-4def-9b38-33e8d0866227","metadata":{"contentType":"Image","license":"U","title":"Untitled Image"}},"backgroundOpacity":0,"willDoAnimation":true,"animationType":"glow","displayAsButton":false,"buttonSize":"big","goToSlideType":"specified","invisible":false,"id":"img53ed226f-3b78-44b8-8efa-8c3cff7b04be_6"},{"x":20.408163265306122,"y":10.055894206549118,"width":11.096938775510205,"height":21.914357682619645,"action":{"library":"H5P.Image 1.1","params":{"contentName":"Image"},"subContentId":"cb1f25db-8b07-4cc9-a406-4a0efbff215f","metadata":{"contentType":"Image","license":"U","title":"Untitled Image"}},"backgroundOpacity":0,"willDoAnimation":true,"animationType":"glow","displayAsButton":false,"buttonSize":"big","goToSlideType":"specified","invisible":false,"id":"img53ed226f-3b78-44b8-8efa-8c3cff7b04be_1"}],"slideBackgroundSelector":{}},{"slideBackgroundSelector":{"fillSlideBackground":"#510265"},"elements":[{"x":71.42857142857143,"y":5.037783375314861,"width":26.403061224489797,"height":11.335012594458437,"action":{"library":"H5P.Image 1.1","params":{"contentName":"Image","file":{"path":"images\/file-621416dbd21d6.jpg","mime":"image\/jpeg","copyright":{"license":"U"},"width":1024,"height":209}},"metadata":{"contentType":"Image","license":"U","title":"Untitled Image"},"subContentId":"dca461cf-2797-43fc-8235-d1458724dbba"},"backgroundOpacity":0,"willDoAnimation":false,"animationType":"glow","displayAsButton":false,"buttonSize":"big","goToSlideType":"specified","invisible":false},{"x":3.826530612244898,"y":5.0338539042821155,"width":17.857142857142858,"height":13.09823677581864,"action":{"library":"H5P.Image 1.1","params":{"contentName":"Image","file":{"path":"images\/file-621417de42c38.png","mime":"image\/png","copyright":{"license":"U"},"width":1350,"height":505}},"metadata":{"contentType":"Image","license":"U","title":"Untitled Image"},"subContentId":"e53810ff-db6a-457c-935d-dab072652420"},"backgroundOpacity":0,"willDoAnimation":false,"animationType":"glow","displayAsButton":false,"buttonSize":"big","goToSlideType":"specified","invisible":false},{"x":38.052040816326524,"y":5.0338539042821155,"width":24.489795918367346,"height":12.594458438287154,"action":{"library":"H5P.Image 1.1","params":{"contentName":"Image","file":{"path":"images\/file-6214180a8b815.png","mime":"image\/png","copyright":{"license":"U"},"width":814,"height":202}},"metadata":{"contentType":"Image","license":"U","title":"Untitled Image"},"subContentId":"3d16a928-46cf-41e8-bb91-7aad8259e418"},"backgroundOpacity":0,"willDoAnimation":false,"animationType":"glow","displayAsButton":false,"buttonSize":"big","goToSlideType":"specified","invisible":false},{"x":6.475204081632653,"y":22.66413098236776,"width":88.01020408163265,"height":72.29219143576826,"action":{"library":"H5P.CRAdvancedText 1.1","params":{"text":"<h3 style=\"text-align: center;\"><strong><span style=\"font-size:0.75em;\"><span style=\"background-color:#ffffff;\">\"<\/span><\/span><\/strong><span style=\"background-color:#ffffff;\">\u0932\u0902\u092c\u093e \u0914\u0930 \u091b\u094b\u091f\u093e<\/span><strong><span style=\"font-size:0.75em;\"><span style=\"background-color:#ffffff;\">\" credits<\/span><\/span><\/strong><\/h3>\n\n<h3 style=\"text-align: center;\"><strong><span style=\"font-size:0.75em;\"><span style=\"background-color:#ffffff;\">This work, \u201c<\/span><\/span><\/strong><span style=\"background-color:#ffffff;\">\u0932\u0902\u092c\u093e \u0914\u0930 \u091b\u094b\u091f\u093e<\/span><strong><span style=\"font-size:0.75em;\"><span style=\"background-color:#ffffff;\">\u201d, is a derivative of \u201c<\/span><\/span><\/strong><span style=\"background-color:#ffffff;\">\u0932\u0902\u092c\u093e \u0914\u0930 \u091b\u094b\u091f\u093e<\/span><strong><span style=\"font-size:0.75em;\"><span style=\"background-color:#ffffff;\">\u201d as translated by Celia Bolam used under CC BY. &nbsp;The \u00a9 for this translation lies with Room to Read, 2015. It is based on the original story: '\u1781\u17d2\u1796\u179f\u17cb\u1793\u17b7\u1784\u1791\u17b6\u1794', by Huy Chheng Rattana. \u00a9 Room to Read, 2015. Some changes were made to this work.<\/span><\/span><\/strong><\/h3>\n\n<h3 style=\"text-align: center;\"><strong><span style=\"font-size:0.75em;\"><span style=\"background-color:#ffffff;\">\u201c<\/span><\/span><\/strong><span style=\"background-color:#ffffff;\">\u0932\u0902\u092c\u093e \u0914\u0930 \u091b\u094b\u091f\u093e<\/span><strong><span style=\"font-size:0.75em;\"><span style=\"background-color:#ffffff;\">\u201d is licensed under CC BY 4.0 by Curious Learning.<\/span><\/span><\/strong><\/h3>\n\n<h3 style=\"text-align: center;\"><br>\n<strong><span style=\"font-size:0.75em;\"><span style=\"background-color:#ffffff;\">Book builder - Abraham Jerry Kakooza<\/span><\/span><\/strong><\/h3>\n"},"metadata":{"contentType":"Text","license":"U","title":"Untitled Text"},"subContentId":"8d8d3374-d294-4681-b51f-66825d72b97e"},"alwaysDisplayComments":false,"backgroundOpacity":0,"willDoAnimation":false,"animationType":"glow","displayAsButton":false,"buttonSize":"big","goToSlideType":"specified","invisible":false,"solution":""}]}],"keywordListEnabled":true,"globalBackgroundSelector":{"fillGlobalBackground":"#fbeffe"},"keywordListAlwaysShow":false,"keywordListAutoHide":false,"keywordListOpacity":90},"override":{"activeSurface":false,"hideSummarySlide":false,"summarySlideSolutionButton":true,"summarySlideRetryButton":true,"enablePrintButton":false,"social":{"showFacebookShare":false,"facebookShare":{"url":"@currentpageurl","quote":"I scored @score out of @maxScore on a task at @currentpageurl."},"showTwitterShare":false,"twitterShare":{"statement":"I scored @score out of @maxScore on a task at @currentpageurl.","url":"@currentpageurl","hashtags":"h5p, course"},"showGoogleShare":false,"googleShareUrl":"@currentpageurl"}},"l10n":{"slide":"Slide","score":"Score","yourScore":"Your Score","maxScore":"Max Score","total":"Total","totalScore":"Total Score","showSolutions":"Show solutions","retry":"Retry","exportAnswers":"Export text","hideKeywords":"Hide sidebar navigation menu","showKeywords":"Show sidebar navigation menu","fullscreen":"Fullscreen","exitFullscreen":"Exit fullscreen","prevSlide":"Previous slide","nextSlide":"Next slide","currentSlide":"Current slide","lastSlide":"Last slide","solutionModeTitle":"Exit solution mode","solutionModeText":"Solution Mode","summaryMultipleTaskText":"Multiple tasks","scoreMessage":"You achieved:","shareFacebook":"Share on Facebook","shareTwitter":"Share on Twitter","shareGoogle":"Share on Google+","summary":"Summary","solutionsButtonTitle":"Show comments","printTitle":"Print","printIngress":"How would you like to print this presentation?","printAllSlides":"Print all slides","printCurrentSlide":"Print current slide","noTitle":"No title","accessibilitySlideNavigationExplanation":"Use left and right arrow to change slide in that direction whenever canvas is selected.","accessibilityCanvasLabel":"Presentation canvas. Use left and right arrow to move between slides.","containsNotCompleted":"@slideName contains not completed interaction","containsCompleted":"@slideName contains completed interaction","slideCount":"Slide @index of @total","containsOnlyCorrect":"@slideName only has correct answers","containsIncorrectAnswers":"@slideName has incorrect answers","shareResult":"Share Result","accessibilityTotalScore":"You got @score of @maxScore points in total","accessibilityEnteredFullscreen":"Entered fullscreen","accessibilityExitedFullscreen":"Exited fullscreen"}}