{"presentation":{"slides":[{"elements":[{"x":17.429193899782135,"y":8.620689655172415,"width":68.84531590413944,"height":68.96551724137932,"action":{"library":"H5P.Image 1.1","params":{"contentName":"Image","file":{"path":"images\/file-620d8a2cc3689.jpg","mime":"image\/jpeg","copyright":{"license":"U"},"width":959,"height":459}},"metadata":{"contentType":"Image","license":"U","title":"Untitled Image"},"subContentId":"e3b59ba2-3660-4937-9e57-1a84d4a9288f"},"backgroundOpacity":0,"willDoAnimation":false,"animationType":"glow","displayAsButton":false,"buttonSize":"big","goToSlideType":"specified","invisible":false},{"x":20.408163265306122,"y":80.62524880447873,"width":60.60606060606061,"height":14.245014245014247,"action":{"library":"H5P.CRAdvancedText 1.1","params":{"text":"<p style=\"text-align:center;\"><span style=\"font-size:1.75em;color:#000000;\"><strong>Muwanvu era Mumpi<\/strong><\/span><\/p>"},"subContentId":"72d3a7b5-e54c-41c7-9faf-14f3b4f4efaf","metadata":{"contentType":"Text","license":"U","title":"Untitled Text"}},"alwaysDisplayComments":false,"backgroundOpacity":0,"willDoAnimation":false,"animationType":"glow","displayAsButton":false,"buttonSize":"big","goToSlideType":"specified","invisible":false,"solution":""}],"slideBackgroundSelector":{}},{"elements":[{"x":16.33986928104575,"y":4.310344827586207,"width":33.769063180827885,"height":92.67241379310346,"action":{"library":"H5P.Image 1.1","params":{"contentName":"Image","file":{"path":"images\/file-620d8a6738172.jpg","mime":"image\/jpeg","copyright":{"license":"U"},"width":639,"height":918}},"metadata":{"contentType":"Image","license":"U","title":"Untitled Image"},"subContentId":"86bc88c5-2cdb-451e-a5b4-6abe821a6812"},"backgroundOpacity":0,"willDoAnimation":false,"animationType":"glow","displayAsButton":false,"buttonSize":"big","goToSlideType":"specified","invisible":false},{"x":53.39105339105339,"y":34.18803418803419,"width":40,"height":40,"action":{"library":"H5P.CRAdvancedText 1.1","params":{"text":"<p style=\"text-align:center;\"><span style=\"font-size:1.75em;color:hsl(0,0%,100%);\"><strong>Pa aleeta enkoofiira yange.<\/strong><\/span><\/p>"},"subContentId":"23316a6b-090e-4ce1-baf6-088bbcdeb86f","metadata":{"contentType":"Text","license":"U","title":"Untitled Text"}},"alwaysDisplayComments":false,"backgroundOpacity":0,"willDoAnimation":false,"animationType":"glow","displayAsButton":false,"buttonSize":"big","goToSlideType":"specified","invisible":false,"solution":""},{"x":93.11224489795919,"y":2.5195390251399603,"width":40,"height":40,"action":{"library":"H5P.CRAudio 1.4","params":{"fitToWrapper":true,"currIndex":1,"playerMode":"minimalistic","controls":true,"autoplay":true,"playAudio":"Play audio","pauseAudio":"Pause audio","contentName":"Audio","glowColor":"#ffd85a","timeStampForEachText":[{"text":" Pa ","startDuration":"0.0000","endDuration":"0.3252","wordfile":[{"path":"audios\/wordfile-674ff12423c08.mp3","mime":"audio\/mpeg","copyright":{"license":"U"}}]},{"text":" aleeta ","startDuration":"0.3262","endDuration":"0.9185","wordfile":[{"path":"audios\/wordfile-674ff13a71588.mp3","mime":"audio\/mpeg","copyright":{"license":"U"}}]},{"text":" enkoofiira ","startDuration":"0.9195","endDuration":"1.4385","wordfile":[{"path":"audios\/wordfile-674ff15208125.mp3","mime":"audio\/mpeg","copyright":{"license":"U"}}]},{"text":" yange ","startDuration":"1.4395","endDuration":"2.0700","wordfile":[{"path":"audios\/wordfile-674ff1638972f.mp3","mime":"audio\/mpeg","copyright":{"license":"U"}}]}],"files":[{"path":"audios\/files-674ff10dd8275.mp3","mime":"audio\/mpeg","copyright":{"license":"U"}}]},"subContentId":"cc191d81-91b1-4e1e-af4d-37e0aef43cef","metadata":{"contentType":"Curious Reader Audio","license":"U","title":"Untitled Curious Reader Audio"}},"backgroundOpacity":0,"willDoAnimation":false,"animationType":"glow","displayAsButton":false,"buttonSize":"big","goToSlideType":"specified","invisible":false},{"x":20.697167755991288,"y":17.214148308494753,"width":10.56644880174292,"height":23.26255449353824,"action":{"library":"H5P.Image 1.1","params":{"contentName":"Image"},"subContentId":"2a5ac63d-4f2e-4b75-8fcb-def951975a94","metadata":{"contentType":"Image","license":"U","title":"Untitled Image"}},"backgroundOpacity":0,"willDoAnimation":true,"animationType":"glow","displayAsButton":false,"buttonSize":"big","goToSlideType":"specified","invisible":false,"id":"imgcc191d81-91b1-4e1e-af4d-37e0aef43cef_0"},{"x":32.6797385620915,"y":12.910611231371064,"width":11.655773420479303,"height":25.65316933988045,"action":{"library":"H5P.Image 1.1","params":{"contentName":"Image"},"subContentId":"8e93f0ad-0bbb-4d70-92b2-f375ba4dc571","metadata":{"contentType":"Image","license":"U","title":"Untitled Image"}},"backgroundOpacity":0,"willDoAnimation":true,"animationType":"glow","displayAsButton":false,"buttonSize":"big","goToSlideType":"specified","invisible":false,"id":"imgcc191d81-91b1-4e1e-af4d-37e0aef43cef_2"},{"x":35.947712418300654,"y":51.642444925484256,"width":13.333115468409586,"height":31.20903570644713,"action":{"library":"H5P.Image 1.1","params":{"contentName":"Image"},"subContentId":"51d73a33-5313-4c1c-aa42-27690826763a","metadata":{"contentType":"Image","license":"U","title":"Untitled Image"}},"backgroundOpacity":0,"willDoAnimation":true,"animationType":"glow","displayAsButton":false,"buttonSize":"big","goToSlideType":"specified","invisible":false,"id":"imgcc191d81-91b1-4e1e-af4d-37e0aef43cef_3"}],"slideBackgroundSelector":{}},{"elements":[{"x":13.64795918367347,"y":4.785894206549118,"width":35.83877995642702,"height":92.45689655172414,"action":{"library":"H5P.Image 1.1","params":{"contentName":"Image","file":{"path":"images\/file-620d8aa4e43d4.jpg","mime":"image\/jpeg","copyright":{"license":"U"},"width":639,"height":918}},"metadata":{"contentType":"Image","license":"U","title":"Untitled Image"},"subContentId":"3e74c6d2-b90c-43ec-9186-121956d1fe47"},"backgroundOpacity":0,"willDoAnimation":false,"animationType":"glow","displayAsButton":false,"buttonSize":"big","goToSlideType":"specified","invisible":false},{"x":53.37690631808279,"y":30.124759539865817,"width":40,"height":40,"action":{"library":"H5P.CRAdvancedText 1.1","params":{"text":"<p style=\"text-align:center;\"><span style=\"font-size:1.75em;color:hsl(0, 0%, 100%);\"><strong>Pa muwanvu.<\/strong><\/span><\/p>"},"subContentId":"ee4313bf-2e44-4cd2-b034-f3ad0cf990e7","metadata":{"contentType":"Text","license":"U","title":"Untitled Text"}},"alwaysDisplayComments":false,"backgroundOpacity":0,"willDoAnimation":false,"animationType":"glow","displayAsButton":false,"buttonSize":"big","goToSlideType":"specified","invisible":false,"solution":""},{"x":47.000103485838785,"y":44.00026681929878,"width":40,"height":40,"action":{"library":"H5P.CRAudio 1.4","params":{"fitToWrapper":true,"currIndex":2,"playerMode":"minimalistic","controls":true,"autoplay":true,"playAudio":"Play audio","pauseAudio":"Pause audio","contentName":"Audio","glowColor":"#ffd85a","timeStampForEachText":[{"text":" Pa ","startDuration":"0.0000","endDuration":"0.4818","wordfile":[{"path":"audios\/wordfile-674ff1c3549dd.mp3","mime":"audio\/mpeg","copyright":{"license":"U"}}]},{"text":" muwanvu. ","startDuration":"0.4828","endDuration":"1.3200","wordfile":[{"path":"audios\/wordfile-674ff1d573d16.mp3","mime":"audio\/mpeg","copyright":{"license":"U"}}]}],"files":[{"path":"audios\/files-674ff1abd7898.mp3","mime":"audio\/mpeg","copyright":{"license":"U"}}]},"subContentId":"a63b2601-7548-407d-91ab-c58e7055ad16","metadata":{"contentType":"Curious Reader Audio","license":"U","title":"Untitled Curious Reader Audio"}},"backgroundOpacity":0,"willDoAnimation":false,"animationType":"glow","displayAsButton":false,"buttonSize":"big","goToSlideType":"specified","invisible":false},{"x":17.429193899782135,"y":12.910611231371064,"width":11.437037037037038,"height":25.175691901173575,"action":{"library":"H5P.Image 1.1","params":{"contentName":"Image"},"subContentId":"c9850de2-68fd-4d0d-a753-04839f04af87","metadata":{"contentType":"Image","license":"U","title":"Untitled Image"}},"backgroundOpacity":0,"willDoAnimation":true,"animationType":"glow","displayAsButton":false,"buttonSize":"big","goToSlideType":"specified","invisible":false,"id":"imga63b2601-7548-407d-91ab-c58e7055ad16_0"},{"x":15.250544662309368,"y":15.06237976993291,"width":17.10239651416122,"height":50.99691436391571,"action":{"library":"H5P.Image 1.1","params":{"contentName":"Image"},"subContentId":"ec335126-6579-4888-af8a-bf936d10cc93","metadata":{"contentType":"Image","license":"U","title":"Untitled Image"}},"backgroundOpacity":0,"willDoAnimation":true,"animationType":"glow","displayAsButton":false,"buttonSize":"big","goToSlideType":"specified","invisible":false,"id":"imga63b2601-7548-407d-91ab-c58e7055ad16_1"}],"slideBackgroundSelector":{}},{"elements":[{"x":11.982570806100219,"y":4.310344827586207,"width":37.03703703703704,"height":92.45689655172414,"action":{"library":"H5P.Image 1.1","params":{"contentName":"Image","file":{"path":"images\/file-620d8ad1200cf.jpg","mime":"image\/jpeg","copyright":{"license":"U"},"width":639,"height":918}},"metadata":{"contentType":"Image","license":"U","title":"Untitled Image"},"subContentId":"5320e841-c68d-4668-8597-5f7779b4b505"},"backgroundOpacity":0,"willDoAnimation":false,"animationType":"glow","displayAsButton":false,"buttonSize":"big","goToSlideType":"specified","invisible":false},{"x":52.287581699346404,"y":25.821222462742128,"width":40,"height":40,"action":{"library":"H5P.CRAdvancedText 1.1","params":{"text":"<p style=\"text-align:center;\"><span style=\"font-size:1.75em;color:hsl(0, 0%, 100%);\"><strong>Ma aleeta essaati yange.<\/strong><\/span><\/p>"},"subContentId":"82fecc9e-639a-432c-ae1d-4d37b4cfcdce","metadata":{"contentType":"Text","license":"U","title":"Untitled Text"}},"alwaysDisplayComments":false,"backgroundOpacity":0,"willDoAnimation":false,"animationType":"glow","displayAsButton":false,"buttonSize":"big","goToSlideType":"specified","invisible":false,"solution":""},{"x":47.000103485838785,"y":44.00026681929878,"width":40,"height":40,"action":{"library":"H5P.CRAudio 1.4","params":{"fitToWrapper":true,"currIndex":3,"playerMode":"minimalistic","controls":true,"autoplay":true,"playAudio":"Play audio","pauseAudio":"Pause audio","contentName":"Audio","glowColor":"#ffd85a","timeStampForEachText":[{"text":" Ma ","startDuration":"0.0000","endDuration":"0.5285","wordfile":[{"path":"audios\/wordfile-674ff2294f02b.mp3","mime":"audio\/mpeg","copyright":{"license":"U"}}]},{"text":" aleeta ","startDuration":"0.5295","endDuration":"0.9682","wordfile":[{"path":"audios\/wordfile-674ff2471f40f.mp3","mime":"audio\/mpeg","copyright":{"license":"U"}}]},{"text":" essaati ","startDuration":"0.9692","endDuration":"1.4386","wordfile":[{"path":"audios\/wordfile-674ff2599f6fd.mp3","mime":"audio\/mpeg","copyright":{"license":"U"}}]},{"text":" yange. ","startDuration":"1.4396","endDuration":"2.0700","wordfile":[{"path":"audios\/wordfile-674ff26d3be61.mp3","mime":"audio\/mpeg","copyright":{"license":"U"}}]}],"files":[{"path":"audios\/files-674ff20aec755.mp3","mime":"audio\/mpeg","copyright":{"license":"U"}}]},"subContentId":"d268c28d-9425-4b41-9519-92026f2db541","metadata":{"contentType":"Curious Reader Audio","license":"U","title":"Untitled Curious Reader Audio"}},"backgroundOpacity":0,"willDoAnimation":false,"animationType":"glow","displayAsButton":false,"buttonSize":"big","goToSlideType":"specified","invisible":false},{"x":25.05446623093682,"y":15.062379769932909,"width":9.361383442265796,"height":29.479228978297265,"action":{"library":"H5P.Image 1.1","params":{"contentName":"Image"},"subContentId":"8faf5e9e-f8ff-4f1f-8b5e-ae2dfdea1ad3","metadata":{"contentType":"Image","license":"U","title":"Untitled Image"}},"backgroundOpacity":0,"willDoAnimation":true,"animationType":"glow","displayAsButton":false,"buttonSize":"big","goToSlideType":"specified","invisible":false,"id":"imgd268c28d-9425-4b41-9519-92026f2db541_0"},{"x":31.59041394335512,"y":25.821222462742128,"width":10.975816993464052,"height":29.479228978297265,"action":{"library":"H5P.Image 1.1","params":{"contentName":"Image"},"subContentId":"aab44806-7ec1-4b58-b6df-8a0d7fa25ce5","metadata":{"contentType":"Image","license":"U","title":"Untitled Image"}},"backgroundOpacity":0,"willDoAnimation":true,"animationType":"glow","displayAsButton":false,"buttonSize":"big","goToSlideType":"specified","invisible":false,"id":"imgd268c28d-9425-4b41-9519-92026f2db541_2"},{"x":10.893246187363834,"y":40.88360223267504,"width":14.826688453159043,"height":29.11450421101103,"action":{"library":"H5P.Image 1.1","params":{"contentName":"Image"},"subContentId":"4b94884a-3093-4cd2-bc2b-2a4ef3aea294","metadata":{"contentType":"Image","license":"U","title":"Untitled Image"}},"backgroundOpacity":0,"willDoAnimation":true,"animationType":"glow","displayAsButton":false,"buttonSize":"big","goToSlideType":"specified","invisible":false,"id":"imgd268c28d-9425-4b41-9519-92026f2db541_3"}],"slideBackgroundSelector":{}},{"elements":[{"x":14.159041394335512,"y":5.622456896551724,"width":34.85838779956427,"height":91.5948275862069,"action":{"library":"H5P.Image 1.1","params":{"contentName":"Image","file":{"path":"images\/file-620d8b1736f35.jpg","mime":"image\/jpeg","copyright":{"license":"U"},"width":639,"height":918}},"metadata":{"contentType":"Image","license":"U","title":"Untitled Image"},"subContentId":"da6c7321-c9b6-41ec-9674-273fac8064d7"},"backgroundOpacity":0,"willDoAnimation":false,"animationType":"glow","displayAsButton":false,"buttonSize":"big","goToSlideType":"specified","invisible":false},{"x":52.287581699346404,"y":21.517685385618442,"width":40,"height":40,"action":{"library":"H5P.CRAdvancedText 1.1","params":{"text":"<p style=\"text-align:center;\"><span style=\"font-size:1.75em;color:hsl(0, 0%, 100%);\"><strong>Pa muwanvu okusinga Ma.<\/strong><\/span><\/p>"},"subContentId":"4ee15960-5a73-4e1f-bd52-de1a4e6e390d","metadata":{"contentType":"Text","license":"U","title":"Untitled Text"}},"alwaysDisplayComments":false,"backgroundOpacity":0,"willDoAnimation":false,"animationType":"glow","displayAsButton":false,"buttonSize":"big","goToSlideType":"specified","invisible":false,"solution":""},{"x":30.501089324618736,"y":10.75884269280922,"width":11.655773420479303,"height":23.023923362611733,"action":{"library":"H5P.Image 1.1","params":{"contentName":"Image"},"subContentId":"cff41c6b-3e61-4bc7-839e-637ff2a69869","metadata":{"contentType":"Image","license":"U","title":"Untitled Image"}},"backgroundOpacity":0,"willDoAnimation":true,"animationType":"glow","displayAsButton":false,"buttonSize":"big","goToSlideType":"specified","invisible":false,"id":"img92d1998f-11c2-401a-911e-d1617f4e9b53_0"},{"x":20.697167755991288,"y":21.517685385618442,"width":13.167211328976036,"height":27.327460439735418,"action":{"library":"H5P.Image 1.1","params":{"contentName":"Image"},"subContentId":"a406be71-1681-46bb-829f-16aa6e3aa035","metadata":{"contentType":"Image","license":"U","title":"Untitled Image"}},"backgroundOpacity":0,"willDoAnimation":true,"animationType":"glow","displayAsButton":false,"buttonSize":"big","goToSlideType":"specified","invisible":false,"id":"img92d1998f-11c2-401a-911e-d1617f4e9b53_4"},{"x":47.000103485838785,"y":44.00026681929878,"width":40,"height":40,"action":{"library":"H5P.CRAudio 1.4","params":{"fitToWrapper":true,"currIndex":4,"playerMode":"minimalistic","controls":true,"autoplay":true,"playAudio":"Play audio","pauseAudio":"Pause audio","contentName":"Audio","glowColor":"#ffd85a","timeStampForEachText":[{"text":" Pa ","startDuration":"0.0000","endDuration":"0.3560","wordfile":[{"path":"audios\/wordfile-674ff8dd0f671.mp3","mime":"audio\/mpeg","copyright":{"license":"U"}}]},{"text":" muwanvu ","startDuration":"0.3570","endDuration":"0.9322","wordfile":[{"path":"audios\/wordfile-674ff8f0649fc.mp3","mime":"audio\/mpeg","copyright":{"license":"U"}}]},{"text":" okusinga ","startDuration":"0.9332","endDuration":"1.4587","wordfile":[{"path":"audios\/wordfile-674ff9059383c.mp3","mime":"audio\/mpeg","copyright":{"license":"U"}}]},{"text":" Ma. ","startDuration":"1.4597","endDuration":"1.9422","wordfile":[{"path":"audios\/wordfile-674ff92b48926.mp3","mime":"audio\/mpeg","copyright":{"license":"U"}}]}],"files":[{"path":"audios\/files-674ff8c573084.mp3","mime":"audio\/mpeg","copyright":{"license":"U"}}]},"subContentId":"47762d77-fc69-4f3f-bc82-da79c1375d21","metadata":{"contentType":"Curious Reader Audio","license":"U","title":"Untitled Curious Reader Audio"}},"backgroundOpacity":0,"willDoAnimation":false,"animationType":"glow","displayAsButton":false,"buttonSize":"big","goToSlideType":"specified","invisible":false}],"slideBackgroundSelector":{}},{"elements":[{"x":14.161220043572985,"y":6.4655172413793105,"width":35.947712418300654,"height":90.73275862068967,"action":{"library":"H5P.Image 1.1","params":{"contentName":"Image","file":{"path":"images\/file-620d8b4901fed.jpg","mime":"image\/jpeg","copyright":{"license":"U"},"width":639,"height":918}},"metadata":{"contentType":"Image","license":"U","title":"Untitled Image"},"subContentId":"6ac3b20e-f38f-448c-b501-13c259c38112"},"backgroundOpacity":0,"willDoAnimation":false,"animationType":"glow","displayAsButton":false,"buttonSize":"big","goToSlideType":"specified","invisible":false},{"x":51.94805194805195,"y":19.943019943019944,"width":40,"height":40,"action":{"library":"H5P.CRAdvancedText 1.1","params":{"text":"<p style=\"text-align:center;\"><span style=\"font-size:1.75em;color:hsl(0, 0%, 100%);\"><strong>Baaba aleeta ekitabo kyange.<\/strong><\/span><\/p>"},"subContentId":"a313e2d1-cd2a-48d8-adfe-d90498c4c153","metadata":{"contentType":"Text","license":"U","title":"Untitled Text"}},"alwaysDisplayComments":false,"backgroundOpacity":0,"willDoAnimation":false,"animationType":"glow","displayAsButton":false,"buttonSize":"big","goToSlideType":"specified","invisible":false,"solution":""},{"x":47.000103485838785,"y":44.00026681929878,"width":40,"height":40,"action":{"library":"H5P.CRAudio 1.4","params":{"fitToWrapper":true,"currIndex":5,"playerMode":"minimalistic","controls":true,"autoplay":true,"playAudio":"Play audio","pauseAudio":"Pause audio","contentName":"Audio","glowColor":"#ffd85a","timeStampForEachText":[{"text":" Baaba ","startDuration":"0.0000","endDuration":"0.6720","wordfile":[{"path":"audios\/wordfile-674ff3c087595.mp3","mime":"audio\/mpeg","copyright":{"license":"U"}}]},{"text":" aleeta ","startDuration":"0.6730","endDuration":"1.2132","wordfile":[{"path":"audios\/wordfile-674ff3d45143d.mp3","mime":"audio\/mpeg","copyright":{"license":"U"}}]},{"text":" ekitabo ","startDuration":"1.2142","endDuration":"1.6304","wordfile":[{"path":"audios\/wordfile-674ff3e947123.mp3","mime":"audio\/mpeg","copyright":{"license":"U"}}]},{"text":" kyange. ","startDuration":"1.6314","endDuration":"2.2955","wordfile":[{"path":"audios\/wordfile-674ff3fce631e.mp3","mime":"audio\/mpeg","copyright":{"license":"U"}}]}],"files":[{"path":"audios\/files-674ff3a10adae.mp3","mime":"audio\/mpeg","copyright":{"license":"U"}}]},"subContentId":"68c0b423-6156-4557-a63e-1ffa2c6b1031","metadata":{"contentType":"Curious Reader Audio","license":"U","title":"Untitled Curious Reader Audio"}},"backgroundOpacity":0,"willDoAnimation":false,"animationType":"glow","displayAsButton":false,"buttonSize":"big","goToSlideType":"specified","invisible":false},{"x":25.05446623093682,"y":17.214148308494753,"width":12.745098039215687,"height":23.741753347075964,"action":{"library":"H5P.Image 1.1","params":{"contentName":"Image"},"subContentId":"4e3a96fc-d155-48b6-8eb8-79955cacb97a","metadata":{"contentType":"Image","license":"U","title":"Untitled Image"}},"backgroundOpacity":0,"willDoAnimation":true,"animationType":"glow","displayAsButton":false,"buttonSize":"big","goToSlideType":"specified","invisible":false,"id":"img68c0b423-6156-4557-a63e-1ffa2c6b1031_0"},{"x":19.607843137254903,"y":45.187139309798724,"width":12.144226579520698,"height":20.507365503707497,"action":{"library":"H5P.Image 1.1","params":{"contentName":"Image"},"subContentId":"b7f0224d-4c8a-4c1c-b691-afc23d404bb9","metadata":{"contentType":"Image","license":"U","title":"Untitled Image"}},"backgroundOpacity":0,"willDoAnimation":true,"animationType":"glow","displayAsButton":false,"buttonSize":"big","goToSlideType":"specified","invisible":false,"id":"img68c0b423-6156-4557-a63e-1ffa2c6b1031_2"},{"x":35.947712418300654,"y":40.88360223267504,"width":12.991938997821352,"height":26.96273567244919,"action":{"library":"H5P.Image 1.1","params":{"contentName":"Image"},"subContentId":"ca599ee5-821a-4f9c-a173-683c89facaad","metadata":{"contentType":"Image","license":"U","title":"Untitled Image"}},"backgroundOpacity":0,"willDoAnimation":true,"animationType":"glow","displayAsButton":false,"buttonSize":"big","goToSlideType":"specified","invisible":false,"id":"img68c0b423-6156-4557-a63e-1ffa2c6b1031_3"}],"slideBackgroundSelector":{}},{"elements":[{"x":14.161220043572985,"y":5.81896551724138,"width":34.85838779956427,"height":90.51724137931035,"action":{"library":"H5P.Image 1.1","params":{"contentName":"Image","file":{"path":"images\/file-620d8b7b9c561.jpg","mime":"image\/jpeg","copyright":{"license":"U"},"width":639,"height":918}},"metadata":{"contentType":"Image","license":"U","title":"Untitled Image"},"subContentId":"1fe8c6e8-1dec-4179-a1c4-d367fb27a427"},"backgroundOpacity":0,"willDoAnimation":false,"animationType":"glow","displayAsButton":false,"buttonSize":"big","goToSlideType":"specified","invisible":false},{"x":51.470588235294116,"y":21.818181818181817,"width":40,"height":40,"action":{"library":"H5P.CRAdvancedText 1.1","params":{"text":"<p style=\"text-align:center;\"><span style=\"font-size:1.75em;color:hsl(0,0%,100%);\"><strong>Ma muwanvu okusinga baaba.<\/strong><\/span><\/p>"},"subContentId":"eb8b5b90-b6cf-4eb4-b02f-79dde8955f80","metadata":{"contentType":"Text","license":"U","title":"Untitled Text"}},"alwaysDisplayComments":false,"backgroundOpacity":0,"willDoAnimation":false,"animationType":"glow","displayAsButton":false,"buttonSize":"big","goToSlideType":"specified","invisible":false,"solution":""},{"x":47.000103485838785,"y":44.00026681929878,"width":40,"height":40,"action":{"library":"H5P.CRAudio 1.4","params":{"fitToWrapper":true,"currIndex":6,"playerMode":"minimalistic","controls":true,"autoplay":true,"playAudio":"Play audio","pauseAudio":"Pause audio","contentName":"Audio","glowColor":"#ffd85a","timeStampForEachText":[{"text":" Ma ","startDuration":"0.0000","endDuration":"0.3347","wordfile":[{"path":"audios\/wordfile-674ff9ec50b6b.mp3","mime":"audio\/mpeg","copyright":{"license":"U"}}]},{"text":" muwanvu ","startDuration":"0.3357","endDuration":"0.8618","wordfile":[{"path":"audios\/wordfile-674ffa17e51ed.mp3","mime":"audio\/mpeg","copyright":{"license":"U"}}]},{"text":" okusinga ","startDuration":"0.8628","endDuration":"1.4598","wordfile":[{"path":"audios\/wordfile-674ffacc286ff.mp3","mime":"audio\/mpeg","copyright":{"license":"U"}}]},{"text":" baaba ","startDuration":"1.4608","endDuration":"1.9656","wordfile":[{"path":"audios\/wordfile-674ffae0dd3f6.mp3","mime":"audio\/mpeg","copyright":{"license":"U"}}]}],"files":[{"path":"audios\/files-674ff955a2379.mp3","mime":"audio\/mpeg","copyright":{"license":"U"}}]},"subContentId":"fd62ff5f-ac22-4489-a470-4d183ef4b397","metadata":{"contentType":"Curious Reader Audio","license":"U","title":"Untitled Curious Reader Audio"}},"backgroundOpacity":0,"willDoAnimation":false,"animationType":"glow","displayAsButton":false,"buttonSize":"big","goToSlideType":"specified","invisible":false},{"x":26.143790849673202,"y":12.910611231371064,"width":10.56644880174292,"height":21.030180705521868,"action":{"library":"H5P.Image 1.1","params":{"contentName":"Image"},"subContentId":"9e46cee6-2de4-4191-a7b8-028fb86bafa4","metadata":{"contentType":"Image","license":"U","title":"Untitled Image"}},"backgroundOpacity":0,"willDoAnimation":true,"animationType":"glow","displayAsButton":false,"buttonSize":"big","goToSlideType":"specified","invisible":false,"id":"imgfd62ff5f-ac22-4489-a470-4d183ef4b397_0"},{"x":16.33986928104575,"y":17.214148308494753,"width":14.923747276688454,"height":39.999440540179975,"action":{"library":"H5P.Image 1.1","params":{"contentName":"Image"},"subContentId":"c525121b-2938-4604-a220-7c1721366473","metadata":{"contentType":"Image","license":"U","title":"Untitled Image"}},"backgroundOpacity":0,"willDoAnimation":true,"animationType":"glow","displayAsButton":false,"buttonSize":"big","goToSlideType":"specified","invisible":false,"id":"imgfd62ff5f-ac22-4489-a470-4d183ef4b397_3"}],"slideBackgroundSelector":{}},{"elements":[{"x":15.306122448979592,"y":5.037783375314861,"width":33.87799564270153,"height":90.73275862068967,"action":{"library":"H5P.Image 1.1","params":{"contentName":"Image","file":{"path":"images\/file-620d8bb185c3e.jpg","mime":"image\/jpeg","copyright":{"license":"U"},"width":639,"height":918}},"metadata":{"contentType":"Image","license":"U","title":"Untitled Image"},"subContentId":"8e0baedd-67c8-46c8-a1c5-9fe3f76afc8a"},"backgroundOpacity":0,"willDoAnimation":false,"animationType":"glow","displayAsButton":false,"buttonSize":"big","goToSlideType":"specified","invisible":false},{"x":52.287581699346404,"y":27.972991001303974,"width":40,"height":40,"action":{"library":"H5P.CRAdvancedText 1.1","params":{"text":"<p style=\"text-align:center;\"><span style=\"font-size:1.75em;color:hsl(0, 0%, 100%);\"><strong>Baaba aleeta ensawo yange.<\/strong><\/span><\/p>"},"subContentId":"20265a28-41ff-4d28-94d4-25d24a458dae","metadata":{"contentType":"Text","license":"U","title":"Untitled Text"}},"alwaysDisplayComments":false,"backgroundOpacity":0,"willDoAnimation":false,"animationType":"glow","displayAsButton":false,"buttonSize":"big","goToSlideType":"specified","invisible":false,"solution":""},{"x":47.000103485838785,"y":44.00026681929878,"width":40,"height":40,"action":{"library":"H5P.CRAudio 1.4","params":{"fitToWrapper":true,"currIndex":7,"playerMode":"minimalistic","controls":true,"autoplay":true,"playAudio":"Play audio","pauseAudio":"Pause audio","contentName":"Audio","glowColor":"#ffd85a","timeStampForEachText":[{"text":" Baaba ","startDuration":"0.0000","endDuration":"0.7600","wordfile":[{"path":"audios\/wordfile-674ffd45c1627.mp3","mime":"audio\/mpeg","copyright":{"license":"U"}}]},{"text":" aleeta ","startDuration":"0.7610","endDuration":"1.2576","wordfile":[{"path":"audios\/wordfile-674ffd5a4d4ad.mp3","mime":"audio\/mpeg","copyright":{"license":"U"}}]},{"text":" ensawo ","startDuration":"1.2586","endDuration":"1.5950","wordfile":[{"path":"audios\/wordfile-674ffd70df5b3.mp3","mime":"audio\/mpeg","copyright":{"license":"U"}}]},{"text":" yange. ","startDuration":"1.5951","endDuration":"2.2400","wordfile":[{"path":"audios\/wordfile-674ffd83b0b57.mp3","mime":"audio\/mpeg","copyright":{"license":"U"}}]}],"files":[{"path":"audios\/files-674ffd28caf16.mp3","mime":"audio\/mpeg","copyright":{"license":"U"}}]},"subContentId":"0c0096f9-af03-4734-a433-b2e781cd596b","metadata":{"contentType":"Curious Reader Audio","license":"U","title":"Untitled Curious Reader Audio"}},"backgroundOpacity":0,"willDoAnimation":false,"animationType":"glow","displayAsButton":false,"buttonSize":"big","goToSlideType":"specified","invisible":false},{"x":25.05446623093682,"y":30.124759539865817,"width":12.745098039215687,"height":28.043569009368802,"action":{"library":"H5P.Image 1.1","params":{"contentName":"Image"},"subContentId":"c19c78a3-da75-4033-b1e9-71caffd398f5","metadata":{"contentType":"Image","license":"U","title":"Untitled Image"}},"backgroundOpacity":0,"willDoAnimation":true,"animationType":"glow","displayAsButton":false,"buttonSize":"big","goToSlideType":"specified","invisible":false,"id":"img0c0096f9-af03-4734-a433-b2e781cd596b_0"},{"x":27.233115468409586,"y":51.642444925484256,"width":7.298474945533769,"height":21.238622523852356,"action":{"library":"H5P.Image 1.1","params":{"contentName":"Image"},"subContentId":"eaf9bca5-390e-41c8-a2ff-b82b09c25568","metadata":{"contentType":"Image","license":"U","title":"Untitled Image"}},"backgroundOpacity":0,"willDoAnimation":true,"animationType":"glow","displayAsButton":false,"buttonSize":"big","goToSlideType":"specified","invisible":false,"id":"img0c0096f9-af03-4734-a433-b2e781cd596b_2"},{"x":15.250544662309368,"y":43.035370771236884,"width":10.032004357298476,"height":26.96273567244919,"action":{"library":"H5P.Image 1.1","params":{"contentName":"Image"},"subContentId":"63166afc-fb56-49f6-9f95-ec14bddbe2fd","metadata":{"contentType":"Image","license":"U","title":"Untitled Image"}},"backgroundOpacity":0,"willDoAnimation":true,"animationType":"glow","displayAsButton":false,"buttonSize":"big","goToSlideType":"specified","invisible":false,"id":"img0c0096f9-af03-4734-a433-b2e781cd596b_3"}],"slideBackgroundSelector":{}},{"elements":[{"x":14.705882352941178,"y":3.6637931034482762,"width":34.64052287581699,"height":92.45689655172414,"action":{"library":"H5P.Image 1.1","params":{"contentName":"Image","file":{"path":"images\/file-620d8be87d7ce.jpg","mime":"image\/jpeg","copyright":{"license":"U"},"width":639,"height":918}},"metadata":{"contentType":"Image","license":"U","title":"Untitled Image"},"subContentId":"b5dd1b5b-c4b7-4e07-9e11-de9c97fc90fa"},"backgroundOpacity":0,"willDoAnimation":false,"animationType":"glow","displayAsButton":false,"buttonSize":"big","goToSlideType":"specified","invisible":false},{"x":54.46530612244898,"y":25.81948006792677,"width":39.999234693877554,"height":50.3907805027992,"action":{"library":"H5P.CRAdvancedText 1.1","params":{"text":"<p style=\"text-align:center;\"><span style=\"font-size:1.75em;color:hsl(0, 0%, 100%);\"><strong>Baaba wange omuwala muwanvu okusinga baaba wange omulenzi.<\/strong><\/span><\/p>"},"subContentId":"bb05e671-c08f-4978-8b7c-9dae5f84555f","metadata":{"contentType":"Text","license":"U","title":"Untitled Text"}},"alwaysDisplayComments":false,"backgroundOpacity":0,"willDoAnimation":false,"animationType":"glow","displayAsButton":false,"buttonSize":"big","goToSlideType":"specified","invisible":false,"solution":""},{"x":47.000103485838785,"y":44.00026681929878,"width":40,"height":40,"action":{"library":"H5P.CRAudio 1.4","params":{"fitToWrapper":true,"currIndex":8,"playerMode":"minimalistic","controls":true,"autoplay":true,"playAudio":"Play audio","pauseAudio":"Pause audio","contentName":"Audio","glowColor":"#ffd85a","timeStampForEachText":[{"text":" Baaba ","startDuration":"0.0000","endDuration":"0.4050","wordfile":[{"path":"audios\/wordfile-674ffec8d6730.mp3","mime":"audio\/mpeg","copyright":{"license":"U"}}]},{"text":" wange ","startDuration":"0.4060","endDuration":"0.7760","wordfile":[{"path":"audios\/wordfile-674ffee04eccb.mp3","mime":"audio\/mpeg","copyright":{"license":"U"}}]},{"text":" omuwala ","startDuration":"0.7770","endDuration":"1.5170","wordfile":[{"path":"audios\/wordfile-674ffef415bff.mp3","mime":"audio\/mpeg","copyright":{"license":"U"}}]},{"text":" muwanvu ","startDuration":"1.8180","endDuration":"2.3630","wordfile":[{"path":"audios\/wordfile-674ffffd545b9.mp3","mime":"audio\/mpeg","copyright":{"license":"U"}}]},{"text":" okusinga ","startDuration":"2.3640","endDuration":"2.8390","wordfile":[{"path":"audios\/wordfile-6750000f9880c.mp3","mime":"audio\/mpeg","copyright":{"license":"U"}}]},{"text":" baaba ","startDuration":"2.8400","endDuration":"3.1400","wordfile":[{"path":"audios\/wordfile-67500026d87a5.mp3","mime":"audio\/mpeg","copyright":{"license":"U"}}]},{"text":" wange ","startDuration":"3.1410","endDuration":"3.6060","wordfile":[{"path":"audios\/wordfile-6750003d9af95.mp3","mime":"audio\/mpeg","copyright":{"license":"U"}}]},{"text":" omulenzi. ","startDuration":"3.6070","endDuration":"4.3800","wordfile":[{"path":"audios\/wordfile-6750004e6be26.mp3","mime":"audio\/mpeg","copyright":{"license":"U"}}]}],"files":[{"path":"audios\/files-674ffea7de6f1.mp3","mime":"audio\/mpeg","copyright":{"license":"U"}}]},"subContentId":"485a541a-a86a-4e9b-95e8-0f9bd2de7271","metadata":{"contentType":"Curious Reader Audio","license":"U","title":"Untitled Curious Reader Audio"}},"backgroundOpacity":0,"willDoAnimation":false,"animationType":"glow","displayAsButton":false,"buttonSize":"big","goToSlideType":"specified","invisible":false},{"x":31.590413943355124,"y":19.365916847056596,"width":10.975816993464052,"height":29.479228978297265,"action":{"library":"H5P.Image 1.1","params":{"contentName":"Image"},"subContentId":"06ea40cf-c0b9-409d-bd06-d85e0c4edba6","metadata":{"contentType":"Image","license":"U","title":"Untitled Image"}},"backgroundOpacity":0,"willDoAnimation":true,"animationType":"glow","displayAsButton":false,"buttonSize":"big","goToSlideType":"specified","invisible":false,"id":"img485a541a-a86a-4e9b-95e8-0f9bd2de7271_0"},{"x":31.59041394335512,"y":17.214148308494753,"width":13.83442265795207,"height":39.999440540179975,"action":{"library":"H5P.Image 1.1","params":{"contentName":"Image"},"subContentId":"3ee05434-0b15-4900-b357-d20fba473482","metadata":{"contentType":"Image","license":"U","title":"Untitled Image"}},"backgroundOpacity":0,"willDoAnimation":true,"animationType":"glow","displayAsButton":false,"buttonSize":"big","goToSlideType":"specified","invisible":false,"id":"img485a541a-a86a-4e9b-95e8-0f9bd2de7271_2"},{"x":22.875816993464053,"y":30.124759539865817,"width":10.917973856209152,"height":27.327460439735418,"action":{"library":"H5P.Image 1.1","params":{"contentName":"Image"},"subContentId":"e997400d-158c-45fc-bb34-065b2d965a01","metadata":{"contentType":"Image","license":"U","title":"Untitled Image"}},"backgroundOpacity":0,"willDoAnimation":true,"animationType":"glow","displayAsButton":false,"buttonSize":"big","goToSlideType":"specified","invisible":false,"id":"img485a541a-a86a-4e9b-95e8-0f9bd2de7271_5"},{"x":22.875816993464053,"y":27.972991001303974,"width":10.169019607843138,"height":29.479228978297265,"action":{"library":"H5P.Image 1.1","params":{"contentName":"Image"},"subContentId":"0d78d041-1624-414e-8082-c1a743975f0f","metadata":{"contentType":"Image","license":"U","title":"Untitled Image"}},"backgroundOpacity":0,"willDoAnimation":true,"animationType":"glow","displayAsButton":false,"buttonSize":"big","goToSlideType":"specified","invisible":false,"id":"img485a541a-a86a-4e9b-95e8-0f9bd2de7271_7"}],"slideBackgroundSelector":{}},{"elements":[{"x":15.24259259259259,"y":4.314547413793104,"width":34.85838779956427,"height":92.88793103448276,"action":{"library":"H5P.Image 1.1","params":{"contentName":"Image","file":{"path":"images\/file-620d8c22dbcda.jpg","mime":"image\/jpeg","copyright":{"license":"U"},"width":639,"height":918}},"metadata":{"contentType":"Image","license":"U","title":"Untitled Image"},"subContentId":"ec439803-414f-4f94-bef7-2c65cfc2ee92"},"backgroundOpacity":0,"willDoAnimation":false,"animationType":"glow","displayAsButton":false,"buttonSize":"big","goToSlideType":"specified","invisible":false},{"x":56.12244897959184,"y":32.75400732681948,"width":40,"height":40,"action":{"library":"H5P.CRAdvancedText 1.1","params":{"text":"<p style=\"text-align:center;\"><span style=\"font-size:1.75em;color:hsl(0,0%,100%);\"><strong>Baaba wange muwanvu okunsinga.<\/strong><\/span><\/p>"},"subContentId":"94ce7688-2430-4964-a7ac-32b30b023c09","metadata":{"contentType":"Text","license":"U","title":"Untitled Text"}},"alwaysDisplayComments":false,"backgroundOpacity":0,"willDoAnimation":false,"animationType":"glow","displayAsButton":false,"buttonSize":"big","goToSlideType":"specified","invisible":false,"solution":""},{"x":93.11224489795919,"y":2.5195390251399603,"width":40,"height":40,"action":{"library":"H5P.CRAudio 1.4","params":{"fitToWrapper":true,"currIndex":9,"playerMode":"minimalistic","controls":true,"autoplay":true,"playAudio":"Play audio","pauseAudio":"Pause audio","contentName":"Audio","glowColor":"#ffd85a","timeStampForEachText":[{"text":" Baaba ","startDuration":"0.0000","endDuration":"0.2994","wordfile":[{"path":"audios\/wordfile-675001aa3cf73.mp3","mime":"audio\/mpeg","copyright":{"license":"U"}}]},{"text":" wange ","startDuration":"0.3004","endDuration":"1.0003","wordfile":[{"path":"audios\/wordfile-675001bdcae61.mp3","mime":"audio\/mpeg","copyright":{"license":"U"}}]},{"text":" muwanvu ","startDuration":"1.0013","endDuration":"1.8751","wordfile":[{"path":"audios\/wordfile-675001d434f0f.mp3","mime":"audio\/mpeg","copyright":{"license":"U"}}]},{"text":" okunsinga ","startDuration":"1.8761","endDuration":"2.7200","wordfile":[{"path":"audios\/wordfile-67512b9e01279.wav","mime":"audio\/x-wav","copyright":{"license":"U"}}]}],"files":[{"path":"audios\/files-6750016f9802e.mp3","mime":"audio\/mpeg","copyright":{"license":"U"}}]},"subContentId":"b3337091-987e-4b37-9f4b-a75b7e4dd32f","metadata":{"contentType":"Curious Reader Audio","license":"U","title":"Untitled Curious Reader Audio"}},"backgroundOpacity":0,"willDoAnimation":false,"animationType":"glow","displayAsButton":false,"buttonSize":"big","goToSlideType":"specified","invisible":false},{"x":27.233115468409586,"y":27.972991001303974,"width":12.745098039215687,"height":39.999440540179975,"action":{"library":"H5P.Image 1.1","params":{"contentName":"Image"},"subContentId":"32d74631-057f-469a-a03b-c7d86b1343f8","metadata":{"contentType":"Image","license":"U","title":"Untitled Image"}},"backgroundOpacity":0,"willDoAnimation":true,"animationType":"glow","displayAsButton":false,"buttonSize":"big","goToSlideType":"specified","invisible":false,"id":"imgb3337091-987e-4b37-9f4b-a75b7e4dd32f_0"},{"x":28.322440087145967,"y":29.99866590350609,"width":10.065185185185184,"height":39.999440540179975,"action":{"library":"H5P.Image 1.1","params":{"contentName":"Image"},"subContentId":"db761303-8ef5-4a5b-a7ee-a642420b0e2e","metadata":{"contentType":"Image","license":"U","title":"Untitled Image"}},"backgroundOpacity":0,"willDoAnimation":true,"animationType":"glow","displayAsButton":false,"buttonSize":"big","goToSlideType":"specified","invisible":false,"id":"imgb3337091-987e-4b37-9f4b-a75b7e4dd32f_2"},{"x":16.33986928104575,"y":40.88360223267504,"width":14.923747276688454,"height":39.999440540179975,"action":{"library":"H5P.Image 1.1","params":{"contentName":"Image"},"subContentId":"0472f88d-095f-4f5e-9abb-d801a7eea52b","metadata":{"contentType":"Image","license":"U","title":"Untitled Image"}},"backgroundOpacity":0,"willDoAnimation":true,"animationType":"glow","displayAsButton":false,"buttonSize":"big","goToSlideType":"specified","invisible":false,"id":"imgb3337091-987e-4b37-9f4b-a75b7e4dd32f_3"}],"slideBackgroundSelector":{}},{"elements":[{"x":16.338344226579522,"y":4.320560344827586,"width":33.00653594771242,"height":92.45689655172414,"action":{"library":"H5P.Image 1.1","params":{"contentName":"Image","file":{"path":"images\/file-620d8c5c30c01.jpg","mime":"image\/jpeg","copyright":{"license":"U"},"width":639,"height":918}},"metadata":{"contentType":"Image","license":"U","title":"Untitled Image"},"subContentId":"5bf06604-bab2-4fde-b399-8b6b9caf36cb"},"backgroundOpacity":0,"willDoAnimation":false,"animationType":"glow","displayAsButton":false,"buttonSize":"big","goToSlideType":"specified","invisible":false},{"x":52.287581699346404,"y":38.73183369411319,"width":40,"height":40,"action":{"library":"H5P.CRAdvancedText 1.1","params":{"text":"<p style=\"text-align:center;\"><span style=\"font-size:1.75em;color:hsl(0, 0%, 100%);\"><strong>Nze asinga obumpi ewaka.<\/strong><\/span><\/p>"},"subContentId":"5da06bf6-c805-48c4-8fd0-add34ef36a2b","metadata":{"contentType":"Text","license":"U","title":"Untitled Text"}},"alwaysDisplayComments":false,"backgroundOpacity":0,"willDoAnimation":false,"animationType":"glow","displayAsButton":false,"buttonSize":"big","goToSlideType":"specified","invisible":false,"solution":""},{"x":93.11224489795919,"y":2.5195390251399603,"width":40,"height":40,"action":{"library":"H5P.CRAudio 1.4","params":{"fitToWrapper":true,"currIndex":10,"playerMode":"minimalistic","controls":true,"autoplay":true,"playAudio":"Play audio","pauseAudio":"Pause audio","contentName":"Audio","glowColor":"#ffd85a","timeStampForEachText":[{"text":" Nze ","startDuration":"0.0000","endDuration":"0.4712","wordfile":[{"path":"audios\/wordfile-67512c46a1cd1.mp3","mime":"audio\/mpeg","copyright":{"license":"U"}}]},{"text":" asinga ","startDuration":"0.4722","endDuration":"0.8779","wordfile":[{"path":"audios\/wordfile-67512ccf0b068.wav","mime":"audio\/x-wav","copyright":{"license":"U"}}]},{"text":" obumpi ","startDuration":"0.8789","endDuration":"1.3253","wordfile":[{"path":"audios\/wordfile-675002afdda76.mp3","mime":"audio\/mpeg","copyright":{"license":"U"}}]},{"text":" ewaka. ","startDuration":"1.3263","endDuration":"1.9800","wordfile":[{"path":"audios\/wordfile-675002c422c93.mp3","mime":"audio\/mpeg","copyright":{"license":"U"}}]}],"files":[{"path":"audios\/files-67500224ca0c1.mp3","mime":"audio\/mpeg","copyright":{"license":"U"}}]},"subContentId":"acbe5e43-7e75-4707-9343-c525212354ce","metadata":{"contentType":"Curious Reader Audio","license":"U","title":"Untitled Curious Reader Audio"}},"backgroundOpacity":0,"willDoAnimation":false,"animationType":"glow","displayAsButton":false,"buttonSize":"big","goToSlideType":"specified","invisible":false},{"x":25.05446623093682,"y":45.187139309798724,"width":12.991938997821352,"height":26.96273567244919,"action":{"library":"H5P.Image 1.1","params":{"contentName":"Image"},"subContentId":"1e4d80e3-e8de-458b-a0fa-85ad9ba0dd75","metadata":{"contentType":"Image","license":"U","title":"Untitled Image"}},"backgroundOpacity":0,"willDoAnimation":true,"animationType":"glow","displayAsButton":false,"buttonSize":"big","goToSlideType":"specified","invisible":false,"id":"imgacbe5e43-7e75-4707-9343-c525212354ce_2"}],"slideBackgroundSelector":{}},{"elements":[{"x":17.426470588235293,"y":6.47334051724138,"width":32.46187363834423,"height":89.65517241379311,"action":{"library":"H5P.Image 1.1","params":{"contentName":"Image","file":{"path":"images\/file-620d8c9aa16a1.jpg","mime":"image\/jpeg","copyright":{"license":"U"},"width":639,"height":918}},"metadata":{"contentType":"Image","license":"U","title":"Untitled Image"},"subContentId":"ae70667a-fe5d-4f6e-96d3-e63ca9aa9160"},"backgroundOpacity":0,"willDoAnimation":false,"animationType":"glow","displayAsButton":false,"buttonSize":"big","goToSlideType":"specified","invisible":false},{"x":52.23880597014925,"y":22.14022140221402,"width":40,"height":40,"action":{"library":"H5P.CRAdvancedText 1.1","params":{"text":"<p style=\"text-align:center;\"><span style=\"font-size:1.75em;color:hsl(0, 0%, 100%);\"><strong>Oh lindako! Akabwa kaffe ka Jojo kaakali.<\/strong><\/span><\/p>"},"subContentId":"9b262f75-e92f-402d-a68c-1f6324d6de47","metadata":{"contentType":"Text","license":"U","title":"Untitled Text"}},"alwaysDisplayComments":false,"backgroundOpacity":0,"willDoAnimation":false,"animationType":"glow","displayAsButton":false,"buttonSize":"big","goToSlideType":"specified","invisible":false,"solution":""},{"x":47.000103485838785,"y":44.00026681929878,"width":40,"height":40,"action":{"library":"H5P.CRAudio 1.4","params":{"fitToWrapper":true,"currIndex":11,"playerMode":"minimalistic","controls":true,"autoplay":true,"playAudio":"Play audio","pauseAudio":"Pause audio","contentName":"Audio","glowColor":"#ffd85a","timeStampForEachText":[{"text":" Oh ","startDuration":"0.0000","endDuration":"0.4500","wordfile":[{"path":"audios\/wordfile-67500304c708c.mp3","mime":"audio\/mpeg","copyright":{"license":"U"}}]},{"text":" lindako! ","startDuration":"0.4510","endDuration":"1.3110","wordfile":[{"path":"audios\/wordfile-67500315ce605.mp3","mime":"audio\/mpeg","copyright":{"license":"U"}}]},{"text":" Akabwa ","startDuration":"1.8120","endDuration":"2.2920","wordfile":[{"path":"audios\/wordfile-675003263c2c5.mp3","mime":"audio\/mpeg","copyright":{"license":"U"}}]},{"text":" kaffe ","startDuration":"2.2930","endDuration":"2.6280","wordfile":[{"path":"audios\/wordfile-6750033a73fcd.mp3","mime":"audio\/mpeg","copyright":{"license":"U"}}]},{"text":" ka ","startDuration":"2.6290","endDuration":"2.8290","wordfile":[{"path":"audios\/wordfile-67512ddb21b7a.wav","mime":"audio\/x-wav","copyright":{"license":"U"}}]},{"text":" Jojo ","startDuration":"2.8300","endDuration":"3.4850","wordfile":[{"path":"audios\/wordfile-6750036c07d8e.mp3","mime":"audio\/mpeg","copyright":{"license":"U"}}]},{"text":" kaakali. ","startDuration":"3.4860","endDuration":"4.3800","wordfile":[{"path":"audios\/wordfile-6750037dd8638.mp3","mime":"audio\/mpeg","copyright":{"license":"U"}}]}],"files":[{"path":"audios\/files-675002ec2c024.mp3","mime":"audio\/mpeg","copyright":{"license":"U"}}]},"subContentId":"27d1ffba-c54e-4461-9461-0b6a957cc3b1","metadata":{"contentType":"Curious Reader Audio","license":"U","title":"Untitled Curious Reader Audio"}},"backgroundOpacity":0,"willDoAnimation":false,"animationType":"glow","displayAsButton":false,"buttonSize":"big","goToSlideType":"specified","invisible":false},{"x":37.03703703703704,"y":64.55305615685532,"width":12.745098039215687,"height":28.043569009368802,"action":{"library":"H5P.Image 1.1","params":{"contentName":"Image"},"subContentId":"c7ce978a-c33f-4d1f-ae7c-c3a90b1e3d27","metadata":{"contentType":"Image","license":"U","title":"Untitled Image"}},"backgroundOpacity":0,"willDoAnimation":true,"animationType":"glow","displayAsButton":false,"buttonSize":"big","goToSlideType":"specified","invisible":false,"id":"img27d1ffba-c54e-4461-9461-0b6a957cc3b1_2"},{"x":37.03703703703704,"y":60.249519079731634,"width":12.50174291938998,"height":31.266272749572877,"action":{"library":"H5P.Image 1.1","params":{"contentName":"Image"},"subContentId":"03ff7312-9a8a-4c32-a1e2-d3f7aa07ba3c","metadata":{"contentType":"Image","license":"U","title":"Untitled Image"}},"backgroundOpacity":0,"willDoAnimation":true,"animationType":"glow","displayAsButton":false,"buttonSize":"big","goToSlideType":"specified","invisible":false,"id":"img27d1ffba-c54e-4461-9461-0b6a957cc3b1_5"}],"slideBackgroundSelector":{}},{"elements":[{"x":16.228976034858388,"y":6.47334051724138,"width":32.6797385620915,"height":90.51724137931035,"action":{"library":"H5P.Image 1.1","params":{"contentName":"Image","file":{"path":"images\/file-620d8cddb99ae.jpg","mime":"image\/jpeg","copyright":{"license":"U"},"width":479,"height":687}},"metadata":{"contentType":"Image","license":"U","title":"Untitled Image"},"subContentId":"b0a958ff-98a9-43bb-a0f2-0d435e39a16f"},"backgroundOpacity":0,"willDoAnimation":false,"animationType":"glow","displayAsButton":false,"buttonSize":"big","goToSlideType":"specified","invisible":false},{"x":54.46623093681917,"y":23.669453924180285,"width":40,"height":40,"action":{"library":"H5P.CRAdvancedText 1.1","params":{"text":"<p style=\"text-align:center;\"><span style=\"font-size:1.75em;color:hsl(0,0%,100%);\"><strong>Jojo ereeta ssiripa zange.<\/strong><\/span><\/p>"},"subContentId":"8564a3dc-0eca-4be8-ba1d-b8018542d278","metadata":{"contentType":"Text","license":"U","title":"Untitled Text"}},"alwaysDisplayComments":false,"backgroundOpacity":0,"willDoAnimation":false,"animationType":"glow","displayAsButton":false,"buttonSize":"big","goToSlideType":"specified","invisible":false,"solution":""},{"x":47.000103485838785,"y":44.00026681929878,"width":40,"height":40,"action":{"library":"H5P.CRAudio 1.4","params":{"fitToWrapper":true,"currIndex":12,"playerMode":"minimalistic","controls":true,"autoplay":true,"playAudio":"Play audio","pauseAudio":"Pause audio","contentName":"Audio","glowColor":"#ffd85a","timeStampForEachText":[{"text":" Jojo ","startDuration":"0.0000","endDuration":"0.5285","wordfile":[{"path":"audios\/wordfile-675003d30a1a4.mp3","mime":"audio\/mpeg","copyright":{"license":"U"}}]},{"text":" ereeta ","startDuration":"0.5295","endDuration":"0.8264","wordfile":[{"path":"audios\/wordfile-675003e633092.mp3","mime":"audio\/mpeg","copyright":{"license":"U"}}]},{"text":" ssiripa ","startDuration":"0.8274","endDuration":"1.3417","wordfile":[{"path":"audios\/wordfile-67512ebb7249a.wav","mime":"audio\/x-wav","copyright":{"license":"U"}}]},{"text":" zange ","startDuration":"1.3427","endDuration":"2.0700","wordfile":[{"path":"audios\/wordfile-67512ece43e68.mp3","mime":"audio\/mpeg","copyright":{"license":"U"}}]}],"files":[{"path":"audios\/files-675003b858842.mp3","mime":"audio\/mpeg","copyright":{"license":"U"}}]},"subContentId":"9ffb24d7-8236-4539-be4a-642bc3fa74f2","metadata":{"contentType":"Curious Reader Audio","license":"U","title":"Untitled Curious Reader Audio"}},"backgroundOpacity":0,"willDoAnimation":false,"animationType":"glow","displayAsButton":false,"buttonSize":"big","goToSlideType":"specified","invisible":false},{"x":32.677995642701525,"y":62.40128761829348,"width":16.013071895424837,"height":24.810967133887345,"action":{"library":"H5P.Image 1.1","params":{"contentName":"Image"},"subContentId":"e1a14c66-2341-45f1-8955-ef9f1f673024","metadata":{"contentType":"Image","license":"U","title":"Untitled Image"}},"backgroundOpacity":0,"willDoAnimation":true,"animationType":"glow","displayAsButton":false,"buttonSize":"big","goToSlideType":"specified","invisible":false,"id":"img9ffb24d7-8236-4539-be4a-642bc3fa74f2_0"},{"x":31.59041394335512,"y":58.09775054116979,"width":18.191721132897605,"height":32.25630145416518,"action":{"library":"H5P.Image 1.1","params":{"contentName":"Image"},"subContentId":"9dc97e74-9fd1-4cf1-958c-8698155b106f","metadata":{"contentType":"Image","license":"U","title":"Untitled Image"}},"backgroundOpacity":0,"willDoAnimation":true,"animationType":"glow","displayAsButton":false,"buttonSize":"big","goToSlideType":"specified","invisible":false,"id":"img9ffb24d7-8236-4539-be4a-642bc3fa74f2_2"}],"slideBackgroundSelector":{}},{"elements":[{"x":15.247167755991283,"y":6.47334051724138,"width":32.6797385620915,"height":90.30172413793105,"action":{"library":"H5P.Image 1.1","params":{"contentName":"Image","file":{"path":"images\/file-620d8d0a066ff.jpg","mime":"image\/jpeg","copyright":{"license":"U"},"width":479,"height":687}},"metadata":{"contentType":"Image","license":"U","title":"Untitled Image"},"subContentId":"89d672ca-d3ad-478d-bb23-9297f0787395"},"backgroundOpacity":0,"willDoAnimation":false,"animationType":"glow","displayAsButton":false,"buttonSize":"big","goToSlideType":"specified","invisible":false},{"x":54.46623093681917,"y":32.27652807842766,"width":40,"height":40,"action":{"library":"H5P.CRAdvancedText 1.1","params":{"text":"<p style=\"text-align:center;\"><span style=\"font-size:1.75em;color:hsl(0, 0%, 100%);\"><strong>HaHa! Jojo y\u2019esinga obumpi.<\/strong><\/span><\/p>"},"subContentId":"2454353b-98f5-4c25-87f6-d757dd5e4711","metadata":{"contentType":"Text","license":"U","title":"Untitled Text"}},"alwaysDisplayComments":false,"backgroundOpacity":0,"willDoAnimation":false,"animationType":"glow","displayAsButton":false,"buttonSize":"big","goToSlideType":"specified","invisible":false,"solution":""},{"x":93.11224489795919,"y":2.5195390251399603,"width":40,"height":40,"action":{"library":"H5P.CRAudio 1.4","params":{"fitToWrapper":true,"currIndex":13,"playerMode":"minimalistic","controls":true,"autoplay":true,"playAudio":"Play audio","pauseAudio":"Pause audio","contentName":"Audio","glowColor":"#ffd85a","timeStampForEachText":[{"text":" HaHa! ","startDuration":"0.0000","endDuration":"0.9026","wordfile":[{"path":"audios\/wordfile-67500503d32a4.mp3","mime":"audio\/mpeg","copyright":{"license":"U"}}]},{"text":" Jojo ","startDuration":"1.4198","endDuration":"1.7596","wordfile":[{"path":"audios\/wordfile-6750052152c8b.mp3","mime":"audio\/mpeg","copyright":{"license":"U"}}]},{"text":" y\u2019esinga ","startDuration":"1.7606","endDuration":"2.3513","wordfile":[{"path":"audios\/wordfile-67513022a8cb6.wav","mime":"audio\/x-wav","copyright":{"license":"U"}}]},{"text":" obumpi. ","startDuration":"2.3523","endDuration":"3.1400","wordfile":[{"path":"audios\/wordfile-6750055e630ca.mp3","mime":"audio\/mpeg","copyright":{"license":"U"}}]}],"files":[{"path":"audios\/files-675004e9b1589.mp3","mime":"audio\/mpeg","copyright":{"license":"U"}}]},"subContentId":"dc085c0e-34e9-4a53-a6ef-c5ab888360f6","metadata":{"contentType":"Curious Reader Audio","license":"U","title":"Untitled Curious Reader Audio"}},"backgroundOpacity":0,"willDoAnimation":false,"animationType":"glow","displayAsButton":false,"buttonSize":"big","goToSlideType":"specified","invisible":false},{"x":31.59041394335512,"y":60.249519079731634,"width":10.56644880174292,"height":23.26255449353824,"action":{"library":"H5P.Image 1.1","params":{"contentName":"Image"},"subContentId":"fad7536c-1699-4062-921a-e9f8446bd23b","metadata":{"contentType":"Image","license":"U","title":"Untitled Image"}},"backgroundOpacity":0,"willDoAnimation":true,"animationType":"glow","displayAsButton":false,"buttonSize":"big","goToSlideType":"specified","invisible":false,"id":"imgdc085c0e-34e9-4a53-a6ef-c5ab888360f6_1"},{"x":30.501089324618736,"y":60.24951907973164,"width":10.56644880174292,"height":23.26255449353824,"action":{"library":"H5P.Image 1.1","params":{"contentName":"Image"},"subContentId":"a1232e5b-f421-4297-a398-eabb3c342686","metadata":{"contentType":"Image","license":"U","title":"Untitled Image"}},"backgroundOpacity":0,"willDoAnimation":true,"animationType":"glow","displayAsButton":false,"buttonSize":"big","goToSlideType":"specified","invisible":false,"id":"imgdc085c0e-34e9-4a53-a6ef-c5ab888360f6_3"}],"slideBackgroundSelector":{}},{"elements":[{"x":14.159041394335512,"y":7.847370689655173,"width":35.83877995642702,"height":89.00862068965517,"action":{"library":"H5P.Image 1.1","params":{"contentName":"Image","file":{"path":"images\/file-620d8d312228a.jpg","mime":"image\/jpeg","copyright":{"license":"U"},"width":479,"height":687}},"metadata":{"contentType":"Image","license":"U","title":"Untitled Image"},"subContentId":"e767bcfd-f9ac-468c-afd5-1d15bc90d6b7"},"backgroundOpacity":0,"willDoAnimation":false,"animationType":"glow","displayAsButton":false,"buttonSize":"big","goToSlideType":"specified","invisible":false},{"x":52.287581699346404,"y":27.972991001303974,"width":40,"height":40,"action":{"library":"H5P.CRAdvancedText 1.1","params":{"text":"<p style=\"text-align:center;\"><span style=\"font-size:1.75em;color:hsl(0, 0%, 100%);\"><strong>Yee, Jojo nnyimpi okunsinga.<\/strong><\/span><\/p>"},"subContentId":"9ad72868-95b2-40a9-b911-06eaf294e6d2","metadata":{"contentType":"Text","license":"U","title":"Untitled Text"}},"alwaysDisplayComments":false,"backgroundOpacity":0,"willDoAnimation":false,"animationType":"glow","displayAsButton":false,"buttonSize":"big","goToSlideType":"specified","invisible":false,"solution":""},{"x":47.000103485838785,"y":44.00026681929878,"width":40,"height":40,"action":{"library":"H5P.CRAudio 1.4","params":{"fitToWrapper":true,"currIndex":14,"playerMode":"minimalistic","controls":true,"autoplay":true,"playAudio":"Play audio","pauseAudio":"Pause audio","contentName":"Audio","glowColor":"#ffd85a","timeStampForEachText":[{"text":" Yee, ","startDuration":"0.0000","endDuration":"0.3154","wordfile":[{"path":"audios\/wordfile-6751313f8481a.wav","mime":"audio\/x-wav","copyright":{"license":"U"}}]},{"text":" Jojo ","startDuration":"0.3164","endDuration":"0.6293","wordfile":[{"path":"audios\/wordfile-675005c37918d.mp3","mime":"audio\/mpeg","copyright":{"license":"U"}}]},{"text":" nnyimpi ","startDuration":"0.6303","endDuration":"1.2819","wordfile":[{"path":"audios\/wordfile-67513150c8578.wav","mime":"audio\/x-wav","copyright":{"license":"U"}}]},{"text":" okunsinga. ","startDuration":"1.2829","endDuration":"2.1500","wordfile":[{"path":"audios\/wordfile-67513159ba9b7.wav","mime":"audio\/x-wav","copyright":{"license":"U"}}]}],"files":[{"path":"audios\/files-6750057bbc4e3.mp3","mime":"audio\/mpeg","copyright":{"license":"U"}}]},"subContentId":"13cb0268-5d21-4f4b-a7c1-4b2fac14ee1f","metadata":{"contentType":"Curious Reader Audio","license":"U","title":"Untitled Curious Reader Audio"}},"backgroundOpacity":0,"willDoAnimation":false,"animationType":"glow","displayAsButton":false,"buttonSize":"big","goToSlideType":"specified","invisible":false},{"x":18.51851851851852,"y":55.94598200260795,"width":14.826688453159043,"height":29.11450421101103,"action":{"library":"H5P.Image 1.1","params":{"contentName":"Image"},"subContentId":"1c4847c1-ede4-47d5-97ae-54372d4883f2","metadata":{"contentType":"Image","license":"U","title":"Untitled Image"}},"backgroundOpacity":0,"willDoAnimation":true,"animationType":"glow","displayAsButton":false,"buttonSize":"big","goToSlideType":"specified","invisible":false,"id":"img13cb0268-5d21-4f4b-a7c1-4b2fac14ee1f_1"},{"x":19.607843137254903,"y":55.94598200260795,"width":14.029302832244008,"height":29.11450421101103,"action":{"library":"H5P.Image 1.1","params":{"contentName":"Image"},"subContentId":"40cc0c38-e0a9-4031-9df2-1d68a9e4362f","metadata":{"contentType":"Image","license":"U","title":"Untitled Image"}},"backgroundOpacity":0,"willDoAnimation":true,"animationType":"glow","displayAsButton":false,"buttonSize":"big","goToSlideType":"specified","invisible":false,"id":"img13cb0268-5d21-4f4b-a7c1-4b2fac14ee1f_2"},{"x":25.05446623093682,"y":19.365916847056596,"width":20.37037037037037,"height":39.999440540179975,"action":{"library":"H5P.Image 1.1","params":{"contentName":"Image"},"subContentId":"7ffe9484-024b-4c36-9d52-178021722669","metadata":{"contentType":"Image","license":"U","title":"Untitled Image"}},"backgroundOpacity":0,"willDoAnimation":true,"animationType":"glow","displayAsButton":false,"buttonSize":"big","goToSlideType":"specified","invisible":false,"id":"img13cb0268-5d21-4f4b-a7c1-4b2fac14ee1f_3"}],"slideBackgroundSelector":{}},{"elements":[{"x":13.832270408163264,"y":6.468438287153652,"width":34.43877551020408,"height":90.42821158690175,"action":{"library":"H5P.Image 1.1","params":{"contentName":"Image","file":{"path":"images\/file-620d8d58bb16b.jpg","mime":"image\/jpeg","copyright":{"license":"U"},"width":639,"height":918}},"metadata":{"contentType":"Image","license":"U","title":"Untitled Image"},"subContentId":"04bd3f8e-9a22-417f-8446-3b35b45f2017"},"backgroundOpacity":0,"willDoAnimation":false,"animationType":"glow","displayAsButton":false,"buttonSize":"big","goToSlideType":"specified","invisible":false},{"x":51.19825708061002,"y":25.821222462742128,"width":40,"height":40,"action":{"library":"H5P.CRAdvancedText 1.1","params":{"text":"<p style=\"text-align:center;\"><span style=\"font-size:1.75em;color:hsl(0, 0%, 100%);\"><strong>Ndi mupi okusinga baaba wange omulenzi.<\/strong><\/span><\/p>"},"subContentId":"07b0ce94-eba5-402f-b644-a387589e0110","metadata":{"contentType":"Text","license":"U","title":"Untitled Text"}},"alwaysDisplayComments":false,"backgroundOpacity":0,"willDoAnimation":false,"animationType":"glow","displayAsButton":false,"buttonSize":"big","goToSlideType":"specified","invisible":false,"solution":""},{"x":47.000103485838785,"y":44.00026681929878,"width":40,"height":40,"action":{"library":"H5P.CRAudio 1.4","params":{"fitToWrapper":true,"currIndex":15,"playerMode":"minimalistic","controls":true,"autoplay":true,"playAudio":"Play audio","pauseAudio":"Pause audio","contentName":"Audio","glowColor":"#ffd85a","timeStampForEachText":[{"text":" Ndi ","startDuration":"0.0000","endDuration":"0.5198","wordfile":[{"path":"audios\/wordfile-675131b6b3796.mp3","mime":"audio\/mpeg","copyright":{"license":"U"}}]},{"text":" mupi ","startDuration":"0.5208","endDuration":"0.9521","wordfile":[{"path":"audios\/wordfile-675007b8499b6.mp3","mime":"audio\/mpeg","copyright":{"license":"U"}}]},{"text":" okusinga ","startDuration":"0.9531","endDuration":"1.4695","wordfile":[{"path":"audios\/wordfile-675007cc757db.mp3","mime":"audio\/mpeg","copyright":{"license":"U"}}]},{"text":" baaba ","startDuration":"1.4705","endDuration":"1.7828","wordfile":[{"path":"audios\/wordfile-675007e000fb7.mp3","mime":"audio\/mpeg","copyright":{"license":"U"}}]},{"text":" wange ","startDuration":"1.7838","endDuration":"2.2117","wordfile":[{"path":"audios\/wordfile-675007f0c8678.mp3","mime":"audio\/mpeg","copyright":{"license":"U"}}]},{"text":" omulenzi. ","startDuration":"2.2127","endDuration":"2.9800","wordfile":[{"path":"audios\/wordfile-675008014d8e7.mp3","mime":"audio\/mpeg","copyright":{"license":"U"}}]}],"files":[{"path":"audios\/files-6750066220f19.mp3","mime":"audio\/mpeg","copyright":{"license":"U"}}]},"subContentId":"7607a256-6129-43b5-94bb-0380d8306315","metadata":{"contentType":"Curious Reader Audio","license":"U","title":"Untitled Curious Reader Audio"}},"backgroundOpacity":0,"willDoAnimation":false,"animationType":"glow","displayAsButton":false,"buttonSize":"big","goToSlideType":"specified","invisible":false},{"x":19.607843137254903,"y":27.972991001303974,"width":12.745098039215687,"height":25.024422572912677,"action":{"library":"H5P.Image 1.1","params":{"contentName":"Image"},"subContentId":"dc208d35-9a41-48bd-88e1-137cc4f150c1","metadata":{"contentType":"Image","license":"U","title":"Untitled Image"}},"backgroundOpacity":0,"willDoAnimation":true,"animationType":"glow","displayAsButton":false,"buttonSize":"big","goToSlideType":"specified","invisible":false,"id":"img7607a256-6129-43b5-94bb-0380d8306315_0"},{"x":18.51851851851852,"y":32.27652807842766,"width":14.279520697167758,"height":33.418041288134724,"action":{"library":"H5P.Image 1.1","params":{"contentName":"Image"},"subContentId":"5d309168-bc47-40dc-bd13-f49ded9652bb","metadata":{"contentType":"Image","license":"U","title":"Untitled Image"}},"backgroundOpacity":0,"willDoAnimation":true,"animationType":"glow","displayAsButton":false,"buttonSize":"big","goToSlideType":"specified","invisible":false,"id":"img7607a256-6129-43b5-94bb-0380d8306315_1"},{"x":29.411764705882355,"y":12.910611231371064,"width":16.013071895424837,"height":39.999440540179975,"action":{"library":"H5P.Image 1.1","params":{"contentName":"Image"},"subContentId":"fc26d63c-e261-473c-8961-44f07fdaa16f","metadata":{"contentType":"Image","license":"U","title":"Untitled Image"}},"backgroundOpacity":0,"willDoAnimation":true,"animationType":"glow","displayAsButton":false,"buttonSize":"big","goToSlideType":"specified","invisible":false,"id":"img7607a256-6129-43b5-94bb-0380d8306315_3"},{"x":30.501089324618736,"y":12.910611231371064,"width":14.923747276688454,"height":39.999440540179975,"action":{"library":"H5P.Image 1.1","params":{"contentName":"Image"},"subContentId":"944b869a-95e6-4b3c-a211-c598fe95903c","metadata":{"contentType":"Image","license":"U","title":"Untitled Image"}},"backgroundOpacity":0,"willDoAnimation":true,"animationType":"glow","displayAsButton":false,"buttonSize":"big","goToSlideType":"specified","invisible":false,"id":"img7607a256-6129-43b5-94bb-0380d8306315_5"}],"slideBackgroundSelector":{}},{"elements":[{"x":14.161220043572985,"y":6.4655172413793105,"width":35.947712418300654,"height":90.73275862068967,"action":{"library":"H5P.Image 1.1","params":{"contentName":"Image","file":{"path":"images\/file-620d8da1ca430.jpg","mime":"image\/jpeg","copyright":{"license":"U"},"width":479,"height":687}},"metadata":{"contentType":"Image","license":"U","title":"Untitled Image"},"subContentId":"60e40c47-4d45-4d74-8969-9c409aee425a"},"backgroundOpacity":0,"willDoAnimation":false,"animationType":"glow","displayAsButton":false,"buttonSize":"big","goToSlideType":"specified","invisible":false},{"x":54.10357142857143,"y":29.51992703414983,"width":39.999234693877554,"height":50.3907805027992,"action":{"library":"H5P.CRAdvancedText 1.1","params":{"text":"<p style=\"text-align:center;\"><span style=\"font-size:1.75em;color:hsl(0, 0%, 100%);\"><strong>Baaba wange omulenzi mumpi okusinga baaba wange omuwala.<\/strong><\/span><\/p>"},"subContentId":"4e808457-769d-4f3b-95db-7d65d906f36b","metadata":{"contentType":"Text","license":"U","title":"Untitled Text"}},"alwaysDisplayComments":false,"backgroundOpacity":0,"willDoAnimation":false,"animationType":"glow","displayAsButton":false,"buttonSize":"big","goToSlideType":"specified","invisible":false,"solution":""},{"x":47.000103485838785,"y":44.00026681929878,"width":40,"height":40,"action":{"library":"H5P.CRAudio 1.4","params":{"fitToWrapper":true,"currIndex":16,"playerMode":"minimalistic","controls":true,"autoplay":true,"playAudio":"Play audio","pauseAudio":"Pause audio","contentName":"Audio","glowColor":"#ffd85a","timeStampForEachText":[{"text":" Baaba ","startDuration":"0.0000","endDuration":"0.4773","wordfile":[{"path":"audios\/wordfile-6750094913538.mp3","mime":"audio\/mpeg","copyright":{"license":"U"}}]},{"text":" wange ","startDuration":"0.4783","endDuration":"0.8209","wordfile":[{"path":"audios\/wordfile-67500963e2a74.mp3","mime":"audio\/mpeg","copyright":{"license":"U"}}]},{"text":" omulenzi ","startDuration":"0.8219","endDuration":"1.2635","wordfile":[{"path":"audios\/wordfile-6750097b12a5e.mp3","mime":"audio\/mpeg","copyright":{"license":"U"}}]},{"text":" mumpi ","startDuration":"1.2645","endDuration":"1.6546","wordfile":[{"path":"audios\/wordfile-6750098a9fc84.mp3","mime":"audio\/mpeg","copyright":{"license":"U"}}]},{"text":" okusinga ","startDuration":"1.6556","endDuration":"2.0814","wordfile":[{"path":"audios\/wordfile-67500998b829b.mp3","mime":"audio\/mpeg","copyright":{"license":"U"}}]},{"text":" baaba ","startDuration":"2.0824","endDuration":"2.3933","wordfile":[{"path":"audios\/wordfile-675009aa950ae.mp3","mime":"audio\/mpeg","copyright":{"license":"U"}}]},{"text":" wange ","startDuration":"2.3943","endDuration":"2.8597","wordfile":[{"path":"audios\/wordfile-675009ba769fb.mp3","mime":"audio\/mpeg","copyright":{"license":"U"}}]},{"text":" omuwala. ","startDuration":"2.8607","endDuration":"3.4700","wordfile":[{"path":"audios\/wordfile-675009cacb92a.mp3","mime":"audio\/mpeg","copyright":{"license":"U"}}]}],"files":[{"path":"audios\/files-6750085dafea5.mp3","mime":"audio\/mpeg","copyright":{"license":"U"}}]},"subContentId":"6d21e1be-77c0-420c-8d69-aff88c3dc40f","metadata":{"contentType":"Curious Reader Audio","license":"U","title":"Untitled Curious Reader Audio"}},"backgroundOpacity":0,"willDoAnimation":false,"animationType":"glow","displayAsButton":false,"buttonSize":"big","goToSlideType":"specified","invisible":false},{"x":33.769063180827885,"y":17.214148308494753,"width":16.013071895424837,"height":39.999440540179975,"action":{"library":"H5P.Image 1.1","params":{"contentName":"Image"},"subContentId":"539174ca-d43a-44e8-8149-2f672e233c1f","metadata":{"contentType":"Image","license":"U","title":"Untitled Image"}},"backgroundOpacity":0,"willDoAnimation":true,"animationType":"glow","displayAsButton":false,"buttonSize":"big","goToSlideType":"specified","invisible":false,"id":"img6d21e1be-77c0-420c-8d69-aff88c3dc40f_0"},{"x":34.85838779956427,"y":17.214148308494753,"width":13.83442265795207,"height":39.999440540179975,"action":{"library":"H5P.Image 1.1","params":{"contentName":"Image"},"subContentId":"ae3fb4a4-9342-4d0e-b9a3-c6cd66a629e8","metadata":{"contentType":"Image","license":"U","title":"Untitled Image"}},"backgroundOpacity":0,"willDoAnimation":true,"animationType":"glow","displayAsButton":false,"buttonSize":"big","goToSlideType":"specified","invisible":false,"id":"img6d21e1be-77c0-420c-8d69-aff88c3dc40f_2"},{"x":35.947712418300654,"y":19.365916847056596,"width":12.745098039215687,"height":39.999440540179975,"action":{"library":"H5P.Image 1.1","params":{"contentName":"Image"},"subContentId":"18965f53-c876-4d00-9a9f-e9c7d01b42ca","metadata":{"contentType":"Image","license":"U","title":"Untitled Image"}},"backgroundOpacity":0,"willDoAnimation":true,"animationType":"glow","displayAsButton":false,"buttonSize":"big","goToSlideType":"specified","invisible":false,"id":"img6d21e1be-77c0-420c-8d69-aff88c3dc40f_3"},{"x":17.429193899782135,"y":8.607074154247377,"width":16.013071895424837,"height":39.999440540179975,"action":{"library":"H5P.Image 1.1","params":{"contentName":"Image"},"subContentId":"be837a06-3b99-4943-b960-c4bbea66fbca","metadata":{"contentType":"Image","license":"U","title":"Untitled Image"}},"backgroundOpacity":0,"willDoAnimation":true,"animationType":"glow","displayAsButton":false,"buttonSize":"big","goToSlideType":"specified","invisible":false,"id":"img6d21e1be-77c0-420c-8d69-aff88c3dc40f_3"},{"x":17.429193899782135,"y":12.910611231371064,"width":16.013071895424837,"height":39.999440540179975,"action":{"library":"H5P.Image 1.1","params":{"contentName":"Image"},"subContentId":"1be098e8-5860-4b02-b637-5d102aa9c328","metadata":{"contentType":"Image","license":"U","title":"Untitled Image"}},"backgroundOpacity":0,"willDoAnimation":true,"animationType":"glow","displayAsButton":false,"buttonSize":"big","goToSlideType":"specified","invisible":false,"id":"img6d21e1be-77c0-420c-8d69-aff88c3dc40f_7"}],"slideBackgroundSelector":{}},{"elements":[{"x":14.596949891067538,"y":5.603448275862069,"width":34.85838779956427,"height":91.16379310344828,"action":{"library":"H5P.Image 1.1","params":{"contentName":"Image","file":{"path":"images\/file-620d8dcd7ce8c.jpg","mime":"image\/jpeg","copyright":{"license":"U"},"width":479,"height":687}},"metadata":{"contentType":"Image","license":"U","title":"Untitled Image"},"subContentId":"74592e07-1d40-4cfc-8d4f-dc0d059d43f9"},"backgroundOpacity":0,"willDoAnimation":false,"animationType":"glow","displayAsButton":false,"buttonSize":"big","goToSlideType":"specified","invisible":false},{"x":54.46623093681917,"y":27.972991001303974,"width":40,"height":40,"action":{"library":"H5P.CRAdvancedText 1.1","params":{"text":"<p style=\"text-align:center;\"><span style=\"font-size:1.75em;color:hsl(0,0%,100%);\"><strong>Baaba wange omuwala mumpi okusinga Ma.<\/strong><\/span><\/p>"},"subContentId":"6643345b-5a55-497e-8b6d-cb994138123e","metadata":{"contentType":"Text","license":"U","title":"Untitled Text"}},"alwaysDisplayComments":false,"backgroundOpacity":0,"willDoAnimation":false,"animationType":"glow","displayAsButton":false,"buttonSize":"big","goToSlideType":"specified","invisible":false,"solution":""},{"x":47.000103485838785,"y":44.00026681929878,"width":40,"height":40,"action":{"library":"H5P.CRAudio 1.4","params":{"fitToWrapper":true,"currIndex":17,"playerMode":"minimalistic","controls":true,"autoplay":true,"playAudio":"Play audio","pauseAudio":"Pause audio","contentName":"Audio","glowColor":"#ffd85a","timeStampForEachText":[{"text":" Baaba ","startDuration":"0.0000","endDuration":"0.3180","wordfile":[{"path":"audios\/wordfile-67500a1dd72f0.mp3","mime":"audio\/mpeg","copyright":{"license":"U"}}]},{"text":" wange ","startDuration":"0.3190","endDuration":"0.7115","wordfile":[{"path":"audios\/wordfile-67500a2daae20.mp3","mime":"audio\/mpeg","copyright":{"license":"U"}}]},{"text":" omuwala ","startDuration":"0.7125","endDuration":"1.2013","wordfile":[{"path":"audios\/wordfile-67500a4416f5d.mp3","mime":"audio\/mpeg","copyright":{"license":"U"}}]},{"text":" mumpi ","startDuration":"1.2023","endDuration":"1.6321","wordfile":[{"path":"audios\/wordfile-67500a5670cc7.mp3","mime":"audio\/mpeg","copyright":{"license":"U"}}]},{"text":" okusinga ","startDuration":"1.6331","endDuration":"2.2274","wordfile":[{"path":"audios\/wordfile-67500a6b8a88e.mp3","mime":"audio\/mpeg","copyright":{"license":"U"}}]},{"text":" Ma ","startDuration":"2.2284","endDuration":"2.7200","wordfile":[{"path":"audios\/wordfile-67500a7d51778.mp3","mime":"audio\/mpeg","copyright":{"license":"U"}}]}],"files":[{"path":"audios\/files-675009ecba531.mp3","mime":"audio\/mpeg","copyright":{"license":"U"}}]},"subContentId":"8ffd37f8-7d71-4859-842c-d03167659a13","metadata":{"contentType":"Curious Reader Audio","license":"U","title":"Untitled Curious Reader Audio"}},"backgroundOpacity":0,"willDoAnimation":false,"animationType":"glow","displayAsButton":false,"buttonSize":"big","goToSlideType":"specified","invisible":false},{"x":14.161220043572985,"y":25.821222462742128,"width":14.923747276688454,"height":39.999440540179975,"action":{"library":"H5P.Image 1.1","params":{"contentName":"Image"},"subContentId":"db3555bb-890f-47ab-b628-4262a9c86a49","metadata":{"contentType":"Image","license":"U","title":"Untitled Image"}},"backgroundOpacity":0,"willDoAnimation":true,"animationType":"glow","displayAsButton":false,"buttonSize":"big","goToSlideType":"specified","invisible":false,"id":"img8ffd37f8-7d71-4859-842c-d03167659a13_0"},{"x":15.250544662309368,"y":25.821222462742128,"width":11.655773420479303,"height":39.999440540179975,"action":{"library":"H5P.Image 1.1","params":{"contentName":"Image"},"subContentId":"de475253-6094-4bde-91db-e73af27db38b","metadata":{"contentType":"Image","license":"U","title":"Untitled Image"}},"backgroundOpacity":0,"willDoAnimation":true,"animationType":"glow","displayAsButton":false,"buttonSize":"big","goToSlideType":"specified","invisible":false,"id":"img8ffd37f8-7d71-4859-842c-d03167659a13_2"},{"x":14.161220043572985,"y":25.821222462742128,"width":12.745098039215687,"height":39.999440540179975,"action":{"library":"H5P.Image 1.1","params":{"contentName":"Image"},"subContentId":"c8a7cfac-0d96-4305-89f4-0642550fe42f","metadata":{"contentType":"Image","license":"U","title":"Untitled Image"}},"backgroundOpacity":0,"willDoAnimation":true,"animationType":"glow","displayAsButton":false,"buttonSize":"big","goToSlideType":"specified","invisible":false,"id":"img8ffd37f8-7d71-4859-842c-d03167659a13_3"},{"x":21.78649237472767,"y":12.910611231371064,"width":13.83442265795207,"height":39.999440540179975,"action":{"library":"H5P.Image 1.1","params":{"contentName":"Image"},"subContentId":"78dbcaec-ed53-4bc8-b952-68271d201f65","metadata":{"contentType":"Image","license":"U","title":"Untitled Image"}},"backgroundOpacity":0,"willDoAnimation":true,"animationType":"glow","displayAsButton":false,"buttonSize":"big","goToSlideType":"specified","invisible":false,"id":"img8ffd37f8-7d71-4859-842c-d03167659a13_5"}],"slideBackgroundSelector":{}},{"elements":[{"x":13.069005102040816,"y":6.468438287153652,"width":35.714285714285715,"height":90.6801007556675,"action":{"library":"H5P.Image 1.1","params":{"contentName":"Image","file":{"path":"images\/file-620d8e258bed1.jpg","mime":"image\/jpeg","copyright":{"license":"U"},"width":479,"height":687}},"metadata":{"contentType":"Image","license":"U","title":"Untitled Image"},"subContentId":"bf6b3186-5b89-4ff3-9612-1418d24637a7"},"backgroundOpacity":0,"willDoAnimation":false,"animationType":"glow","displayAsButton":false,"buttonSize":"big","goToSlideType":"specified","invisible":false},{"x":53.30882352941176,"y":25.454545454545453,"width":40,"height":40,"action":{"library":"H5P.CRAdvancedText 1.1","params":{"text":"<p style=\"text-align:center;\"><span style=\"font-size:1.75em;color:hsl(0, 0%, 100%);\"><strong>Ma mumpi okusinga Pa.<\/strong><\/span><\/p>"},"subContentId":"1d423c8b-2b6a-404c-ad55-e7db2fcd8803","metadata":{"contentType":"Text","license":"U","title":"Untitled Text"}},"alwaysDisplayComments":false,"backgroundOpacity":0,"willDoAnimation":false,"animationType":"glow","displayAsButton":false,"buttonSize":"big","goToSlideType":"specified","invisible":false,"solution":""},{"x":47.000103485838785,"y":44.00026681929878,"width":40,"height":40,"action":{"library":"H5P.CRAudio 1.4","params":{"fitToWrapper":true,"currIndex":18,"playerMode":"minimalistic","controls":true,"autoplay":true,"playAudio":"Play audio","pauseAudio":"Pause audio","contentName":"Audio","glowColor":"#ffd85a","timeStampForEachText":[{"text":" Ma ","startDuration":"0.0000","endDuration":"0.3545","wordfile":[{"path":"audios\/wordfile-67500b22152f6.mp3","mime":"audio\/mpeg","copyright":{"license":"U"}}]},{"text":" mumpi ","startDuration":"0.3555","endDuration":"0.9281","wordfile":[{"path":"audios\/wordfile-67500b411477d.mp3","mime":"audio\/mpeg","copyright":{"license":"U"}}]},{"text":" okusinga ","startDuration":"0.9291","endDuration":"1.5221","wordfile":[{"path":"audios\/wordfile-67500b52ce503.mp3","mime":"audio\/mpeg","copyright":{"license":"U"}}]},{"text":" Pa. ","startDuration":"1.5231","endDuration":"1.9900","wordfile":[{"path":"audios\/wordfile-67500b6360eae.mp3","mime":"audio\/mpeg","copyright":{"license":"U"}}]}],"files":[{"path":"audios\/files-67500b09bea20.mp3","mime":"audio\/mpeg","copyright":{"license":"U"}}]},"subContentId":"ba18da4f-0660-46b6-9a4f-06df0bfb1b73","metadata":{"contentType":"Curious Reader Audio","license":"U","title":"Untitled Curious Reader Audio"}},"backgroundOpacity":0,"willDoAnimation":false,"animationType":"glow","displayAsButton":false,"buttonSize":"big","goToSlideType":"specified","invisible":false},{"x":29.411764705882355,"y":8.607074154247377,"width":12.745098039215687,"height":33.78276605542095,"action":{"library":"H5P.Image 1.1","params":{"contentName":"Image"},"subContentId":"f84251f1-fd80-492a-9ee2-0d8b2928e2c6","metadata":{"contentType":"Image","license":"U","title":"Untitled Image"}},"backgroundOpacity":0,"willDoAnimation":true,"animationType":"glow","displayAsButton":false,"buttonSize":"big","goToSlideType":"specified","invisible":false,"id":"imgba18da4f-0660-46b6-9a4f-06df0bfb1b73_3"},{"x":15.250544662309368,"y":15.062379769932909,"width":14.923747276688454,"height":39.999440540179975,"action":{"library":"H5P.Image 1.1","params":{"contentName":"Image"},"subContentId":"5d853c98-0832-4142-9bb5-c9c16156dad2","metadata":{"contentType":"Image","license":"U","title":"Untitled Image"}},"backgroundOpacity":0,"willDoAnimation":true,"animationType":"glow","displayAsButton":false,"buttonSize":"big","goToSlideType":"specified","invisible":false,"id":"imgba18da4f-0660-46b6-9a4f-06df0bfb1b73_0"},{"x":15.250544662309368,"y":15.062379769932909,"width":14.923747276688454,"height":39.999440540179975,"action":{"library":"H5P.Image 1.1","params":{"contentName":"Image"},"subContentId":"ec0bbecc-967a-4213-bcb0-a2ede0519321","metadata":{"contentType":"Image","license":"U","title":"Untitled Image"}},"backgroundOpacity":0,"willDoAnimation":true,"animationType":"glow","displayAsButton":false,"buttonSize":"big","goToSlideType":"specified","invisible":false,"id":"imgba18da4f-0660-46b6-9a4f-06df0bfb1b73_1"}],"slideBackgroundSelector":{}},{"elements":[{"x":13.071023965141611,"y":6.482349137931035,"width":35.83877995642702,"height":90.51724137931035,"action":{"library":"H5P.Image 1.1","params":{"contentName":"Image","file":{"path":"images\/file-620d8e5f7c6e2.jpg","mime":"image\/jpeg","copyright":{"license":"U"},"width":639,"height":918}},"metadata":{"contentType":"Image","license":"U","title":"Untitled Image"},"subContentId":"e85d8338-0d12-4245-9ceb-cc02d0c59251"},"backgroundOpacity":0,"willDoAnimation":false,"animationType":"glow","displayAsButton":false,"buttonSize":"big","goToSlideType":"specified","invisible":false},{"x":53.37690631808279,"y":23.669453924180285,"width":40.05102040816327,"height":50.377833753148614,"action":{"library":"H5P.CRAdvancedText 1.1","params":{"text":"<p style=\"text-align:center;\"><span style=\"font-size:1.75em;color:hsl(0, 0%, 100%);\"><strong>Wow! Pa y\u2019asinga obuwanvu, ate jjo y\u2019esinga obumpi.<\/strong><\/span><\/p>"},"subContentId":"95045f79-7578-469b-bf8a-88a9007a1c69","metadata":{"contentType":"Text","license":"U","title":"Untitled Text"}},"alwaysDisplayComments":false,"backgroundOpacity":0,"willDoAnimation":false,"animationType":"glow","displayAsButton":false,"buttonSize":"big","goToSlideType":"specified","invisible":false,"solution":""},{"x":47.000103485838785,"y":44.00026681929878,"width":40,"height":40,"action":{"library":"H5P.CRAudio 1.4","params":{"fitToWrapper":true,"currIndex":19,"playerMode":"minimalistic","controls":true,"autoplay":true,"playAudio":"Play audio","pauseAudio":"Pause audio","contentName":"Audio","glowColor":"#ffd85a","timeStampForEachText":[{"text":" Wow! ","startDuration":"0.0000","endDuration":"0.8929","wordfile":[{"path":"audios\/wordfile-67500bc059854.mp3","mime":"audio\/mpeg","copyright":{"license":"U"}}]},{"text":" Pa ","startDuration":"1.4136","endDuration":"1.8124","wordfile":[{"path":"audios\/wordfile-67500bd8321d9.mp3","mime":"audio\/mpeg","copyright":{"license":"U"}}]},{"text":" y\u2019asinga ","startDuration":"1.8134","endDuration":"2.3727","wordfile":[{"path":"audios\/wordfile-67500bf07e3da.mp3","mime":"audio\/mpeg","copyright":{"license":"U"}}]},{"text":" obuwanvu, ","startDuration":"2.3737","endDuration":"3.2602","wordfile":[{"path":"audios\/wordfile-67500c0063ba9.mp3","mime":"audio\/mpeg","copyright":{"license":"U"}}]},{"text":" ate ","startDuration":"3.5691","endDuration":"3.9359","wordfile":[{"path":"audios\/wordfile-6751322db2cd4.mp3","mime":"audio\/mpeg","copyright":{"license":"U"}}]},{"text":" jjo ","startDuration":"3.9369","endDuration":"4.3422","wordfile":[{"path":"audios\/wordfile-67500c39affca.mp3","mime":"audio\/mpeg","copyright":{"license":"U"}}]},{"text":" y\u2019esinga ","startDuration":"4.3432","endDuration":"4.9025","wordfile":[{"path":"audios\/wordfile-6751323edc66c.wav","mime":"audio\/x-wav","copyright":{"license":"U"}}]},{"text":" obumpi. ","startDuration":"4.9035","endDuration":"5.6200","wordfile":[{"path":"audios\/wordfile-67500c78a8997.mp3","mime":"audio\/mpeg","copyright":{"license":"U"}}]}],"files":[{"path":"audios\/files-67500bad896f5.mp3","mime":"audio\/mpeg","copyright":{"license":"U"}}]},"subContentId":"ae0617f5-72b5-4ea9-87a4-9e377673d6ac","metadata":{"contentType":"Curious Reader Audio","license":"U","title":"Untitled Curious Reader Audio"}},"backgroundOpacity":0,"willDoAnimation":false,"animationType":"glow","displayAsButton":false,"buttonSize":"big","goToSlideType":"specified","invisible":false},{"x":21.78649237472767,"y":8.607074154247377,"width":10.053278867102398,"height":25.175691901173575,"action":{"library":"H5P.Image 1.1","params":{"contentName":"Image"},"subContentId":"23dad0c0-a0dd-45da-af38-71abdfc4cefa","metadata":{"contentType":"Image","license":"U","title":"Untitled Image"}},"backgroundOpacity":0,"willDoAnimation":true,"animationType":"glow","displayAsButton":false,"buttonSize":"big","goToSlideType":"specified","invisible":false,"id":"imgae0617f5-72b5-4ea9-87a4-9e377673d6ac_1"},{"x":20.697167755991288,"y":6.455305615685532,"width":11.783442265795207,"height":29.479228978297265,"action":{"library":"H5P.Image 1.1","params":{"contentName":"Image"},"subContentId":"336d8367-313a-462c-aae5-29d068c6bcc9","metadata":{"contentType":"Image","license":"U","title":"Untitled Image"}},"backgroundOpacity":0,"willDoAnimation":true,"animationType":"glow","displayAsButton":false,"buttonSize":"big","goToSlideType":"specified","invisible":false,"id":"imgae0617f5-72b5-4ea9-87a4-9e377673d6ac_3"},{"x":29.411764705882355,"y":62.40128761829348,"width":10.56644880174292,"height":25.175691901173575,"action":{"library":"H5P.Image 1.1","params":{"contentName":"Image"},"subContentId":"d01144c9-c507-4cf0-b1ba-caa30687356c","metadata":{"contentType":"Image","license":"U","title":"Untitled Image"}},"backgroundOpacity":0,"willDoAnimation":true,"animationType":"glow","displayAsButton":false,"buttonSize":"big","goToSlideType":"specified","invisible":false,"id":"imgae0617f5-72b5-4ea9-87a4-9e377673d6ac_5"},{"x":28.32244008714597,"y":62.40128761829348,"width":12.243790849673202,"height":26.944230463017554,"action":{"library":"H5P.Image 1.1","params":{"contentName":"Image"},"subContentId":"5743f9aa-f90b-47de-a8f9-0ba7b179920c","metadata":{"contentType":"Image","license":"U","title":"Untitled Image"}},"backgroundOpacity":0,"willDoAnimation":true,"animationType":"glow","displayAsButton":false,"buttonSize":"big","goToSlideType":"specified","invisible":false,"id":"imgae0617f5-72b5-4ea9-87a4-9e377673d6ac_7"}],"slideBackgroundSelector":{}},{"slideBackgroundSelector":{"fillSlideBackground":"#510265"},"elements":[{"x":71.42857142857143,"y":5.037783375314861,"width":26.403061224489797,"height":11.335012594458437,"action":{"library":"H5P.Image 1.1","params":{"contentName":"Image","file":{"path":"images\/file-621416dbd21d6.jpg","mime":"image\/jpeg","copyright":{"license":"U"},"width":1024,"height":209}},"metadata":{"contentType":"Image","license":"U","title":"Untitled Image"},"subContentId":"dca461cf-2797-43fc-8235-d1458724dbba"},"backgroundOpacity":0,"willDoAnimation":false,"animationType":"glow","displayAsButton":false,"buttonSize":"big","goToSlideType":"specified","invisible":false},{"x":3.826530612244898,"y":5.0338539042821155,"width":17.857142857142858,"height":13.09823677581864,"action":{"library":"H5P.Image 1.1","params":{"contentName":"Image","file":{"path":"images\/file-621417de42c38.png","mime":"image\/png","copyright":{"license":"U"},"width":1350,"height":505}},"metadata":{"contentType":"Image","license":"U","title":"Untitled Image"},"subContentId":"e53810ff-db6a-457c-935d-dab072652420"},"backgroundOpacity":0,"willDoAnimation":false,"animationType":"glow","displayAsButton":false,"buttonSize":"big","goToSlideType":"specified","invisible":false},{"x":38.052040816326524,"y":5.0338539042821155,"width":24.489795918367346,"height":12.594458438287154,"action":{"library":"H5P.Image 1.1","params":{"contentName":"Image","file":{"path":"images\/file-6214180a8b815.png","mime":"image\/png","copyright":{"license":"U"},"width":814,"height":202}},"metadata":{"contentType":"Image","license":"U","title":"Untitled Image"},"subContentId":"3d16a928-46cf-41e8-bb91-7aad8259e418"},"backgroundOpacity":0,"willDoAnimation":false,"animationType":"glow","displayAsButton":false,"buttonSize":"big","goToSlideType":"specified","invisible":false},{"x":6.475204081632653,"y":22.66413098236776,"width":88.01020408163265,"height":72.29219143576826,"action":{"library":"H5P.CRAdvancedText 1.1","params":{"text":"<h3 style=\"text-align:center;\"><span style=\"font-size:0.75em;background-color:hsl(0, 0%, 100%);\"><strong>\"<\/strong><\/span><span style=\"font-size:1em;color:#000000;background-color:hsl(0, 0%, 100%);\"><strong>Muwanvu era Mumpi<\/strong><\/span><span style=\"font-size:0.75em;background-color:hsl(0, 0%, 100%);\"><strong>\" credits<\/strong><\/span><\/h3><h3 style=\"text-align:center;\"><span style=\"font-size:0.75em;background-color:hsl(0, 0%, 100%);\"><strong>This work, \u201c<\/strong><\/span><span style=\"font-size:1em;color:#000000;background-color:hsl(0, 0%, 100%);\"><strong>Muwanvu era Mumpi<\/strong><\/span><span style=\"font-size:0.75em;background-color:hsl(0, 0%, 100%);\"><strong>\u201d, is a derivative of \u201c<\/strong><\/span><span style=\"background-color:hsl(0, 0%, 100%);\"><strong>Ubude nobufushane.<\/strong><\/span><span style=\"font-size:0.75em;background-color:hsl(0, 0%, 100%);\"><strong>\u201d as translated by Celia Bolam used under CC BY. &nbsp;The \u00a9 for this translation lies with Room to Read, 2015. It is based on the original story: '\u1781\u17d2\u1796\u179f\u17cb\u1793\u17b7\u1784\u1791\u17b6\u1794', by Huy Chheng Rattana. \u00a9 Room to Read, 2015. Some changes were made to this work.<\/strong><\/span><\/h3><h3 style=\"text-align:center;\"><span style=\"font-size:0.75em;background-color:hsl(0, 0%, 100%);\"><strong>\u201c<\/strong><\/span><span style=\"font-size:1em;color:#000000;background-color:hsl(0, 0%, 100%);\"><strong>Muwanvu era Mumpi<\/strong><\/span><span style=\"font-size:0.75em;background-color:hsl(0, 0%, 100%);\"><strong>\u201d is licensed under CC BY 4.0 by Curious Learning.<\/strong><\/span><\/h3><h3 style=\"text-align:center;\"><br><span style=\"font-size:0.75em;background-color:hsl(0, 0%, 100%);\"><strong>Book builder - Abraham Jerry Kakooza<\/strong><\/span><\/h3>"},"metadata":{"contentType":"Text","license":"U","title":"Untitled Text"},"subContentId":"8d8d3374-d294-4681-b51f-66825d72b97e"},"alwaysDisplayComments":false,"backgroundOpacity":0,"willDoAnimation":false,"animationType":"glow","displayAsButton":false,"buttonSize":"big","goToSlideType":"specified","invisible":false,"solution":""}]}],"keywordListEnabled":true,"globalBackgroundSelector":{"fillGlobalBackground":"#fbeffe"},"keywordListAlwaysShow":false,"keywordListAutoHide":false,"keywordListOpacity":90},"override":{"activeSurface":false,"hideSummarySlide":false,"summarySlideSolutionButton":true,"summarySlideRetryButton":true,"enablePrintButton":false,"social":{"showFacebookShare":false,"facebookShare":{"url":"@currentpageurl","quote":"I scored @score out of @maxScore on a task at @currentpageurl."},"showTwitterShare":false,"twitterShare":{"statement":"I scored @score out of @maxScore on a task at @currentpageurl.","url":"@currentpageurl","hashtags":"h5p, course"},"showGoogleShare":false,"googleShareUrl":"@currentpageurl"}},"l10n":{"slide":"Slide","score":"Score","yourScore":"Your Score","maxScore":"Max Score","total":"Total","totalScore":"Total Score","showSolutions":"Show solutions","retry":"Retry","exportAnswers":"Export text","hideKeywords":"Hide sidebar navigation menu","showKeywords":"Show sidebar navigation menu","fullscreen":"Fullscreen","exitFullscreen":"Exit fullscreen","prevSlide":"Previous slide","nextSlide":"Next slide","currentSlide":"Current slide","lastSlide":"Last slide","solutionModeTitle":"Exit solution mode","solutionModeText":"Solution Mode","summaryMultipleTaskText":"Multiple tasks","scoreMessage":"You achieved:","shareFacebook":"Share on Facebook","shareTwitter":"Share on Twitter","shareGoogle":"Share on Google+","summary":"Summary","solutionsButtonTitle":"Show comments","printTitle":"Print","printIngress":"How would you like to print this presentation?","printAllSlides":"Print all slides","printCurrentSlide":"Print current slide","noTitle":"No title","accessibilitySlideNavigationExplanation":"Use left and right arrow to change slide in that direction whenever canvas is selected.","accessibilityCanvasLabel":"Presentation canvas. Use left and right arrow to move between slides.","containsNotCompleted":"@slideName contains not completed interaction","containsCompleted":"@slideName contains completed interaction","slideCount":"Slide @index of @total","containsOnlyCorrect":"@slideName only has correct answers","containsIncorrectAnswers":"@slideName has incorrect answers","shareResult":"Share Result","accessibilityTotalScore":"You got @score of @maxScore points in total","accessibilityEnteredFullscreen":"Entered fullscreen","accessibilityExitedFullscreen":"Exited fullscreen"}}