{"presentation":{"slides":[{"elements":[{"x":24.305555555555554,"y":8.904109589041097,"width":50.925925925925924,"height":71.68949771689498,"action":{"library":"H5P.Image 1.1","params":{"contentName":"Image","file":{"path":"images\/file-61ef2b43e729d.jpeg","mime":"image\/jpeg","copyright":{"license":"U"},"width":1472,"height":1024}},"metadata":{"contentType":"Image","license":"U","title":"Untitled Image"},"subContentId":"078c6964-01f5-4f74-b0ae-a3b1dd1ac394"},"backgroundOpacity":0,"willDoAnimation":false,"animationType":"glow","displayAsButton":false,"buttonSize":"big","goToSlideType":"specified","invisible":false},{"x":20.408163265306122,"y":83.1234256926952,"width":56.63265306122449,"height":12.090680100755668,"action":{"library":"H5P.CRAdvancedText 1.1","params":{"text":"<p style=\"text-align: center;\"><span style=\"font-size:2.25em;\">Dole eyabula<\/span><\/p>\n"},"subContentId":"b76fbfce-035c-415a-9e44-3f7fe3326c66","metadata":{"contentType":"Text","license":"U","title":"Untitled Text"}},"alwaysDisplayComments":false,"backgroundOpacity":0,"willDoAnimation":false,"animationType":"glow","displayAsButton":false,"buttonSize":"big","goToSlideType":"specified","invisible":false,"solution":""}],"slideBackgroundSelector":{}},{"elements":[{"x":13.888888888888888,"y":82.19178082191782,"width":71.06481481481481,"height":15.981735159817353,"action":{"library":"H5P.CRAdvancedText 1.1","params":{"text":"<p style=\"text-align: center;\"><span style=\"color:#ffffff;\"><span style=\"font-size:2.25em;\">Ono ye Abby ne dole ye.<\/span><\/span><\/p>\n"},"metadata":{"contentType":"Text","license":"U","title":"Untitled Text"},"subContentId":"ad78231a-8d0f-4a3a-a5b8-0dd710c0ac4c"},"alwaysDisplayComments":false,"backgroundOpacity":0,"willDoAnimation":false,"animationType":"glow","displayAsButton":false,"buttonSize":"big","goToSlideType":"specified","invisible":false,"solution":""},{"x":25.462962962962962,"y":9.132420091324201,"width":48.263888888888886,"height":70.77625570776256,"action":{"library":"H5P.Image 1.1","params":{"contentName":"Image","file":{"path":"images\/file-61ef2d37250d0.jpeg","mime":"image\/jpeg","copyright":{"license":"U"},"width":1472,"height":1024}},"metadata":{"contentType":"Image","license":"U","title":"Untitled Image"},"subContentId":"ffe74eb3-7780-4eec-b92c-6a45d91e227f"},"backgroundOpacity":0,"willDoAnimation":false,"animationType":"glow","displayAsButton":false,"buttonSize":"big","goToSlideType":"specified","invisible":false},{"x":47.00255102040816,"y":43.95465994962216,"width":40,"height":40,"action":{"library":"H5P.CRAudio 1.4","params":{"fitToWrapper":true,"currIndex":1,"playerMode":"minimalistic","controls":true,"autoplay":true,"playAudio":"Play audio","pauseAudio":"Pause audio","contentName":"Audio","glowColor":"#ffd85a","timeStampForEachText":[{"text":" Ono ","startDuration":"0.5196","endDuration":"0.9928","wordfile":[{"path":"audios\/wordfile-64eb198e915d7.wav","mime":"audio\/x-wav","copyright":{"license":"U"}}]},{"text":" ye ","startDuration":"0.9938","endDuration":"1.3384","wordfile":[{"path":"audios\/wordfile-64eb19aa8298d.wav","mime":"audio\/x-wav","copyright":{"license":"U"}}]},{"text":" Abby ","startDuration":"1.3930","endDuration":"1.9037","wordfile":[{"path":"audios\/wordfile-64eb19be54514.wav","mime":"audio\/x-wav","copyright":{"license":"U"}}]},{"text":" ne ","startDuration":"2.2422","endDuration":"2.7047","wordfile":[{"path":"audios\/wordfile-64eb19e0df188.wav","mime":"audio\/x-wav","copyright":{"license":"U"}}]},{"text":" dole ","startDuration":"2.7057","endDuration":"3.2646","wordfile":[{"path":"audios\/wordfile-64eb19fbeb61a.wav","mime":"audio\/x-wav","copyright":{"license":"U"}}]},{"text":" ye. ","startDuration":"3.4209","endDuration":"3.7817","wordfile":[{"path":"audios\/wordfile-64eb1a1a5a72d.wav","mime":"audio\/x-wav","copyright":{"license":"U"}}]}],"files":[{"path":"audios\/files-64eb196cb998c.wav","mime":"audio\/x-wav","copyright":{"license":"U"}}]},"subContentId":"5fc845ff-a7ad-41a5-956c-904cae59d9db","metadata":{"contentType":"Curious Reader Audio","license":"U","title":"Untitled Curious Reader Audio"}},"backgroundOpacity":0,"willDoAnimation":false,"animationType":"glow","displayAsButton":false,"buttonSize":"big","goToSlideType":"specified","invisible":false},{"x":45.91836734693878,"y":25.188916876574307,"width":8.545918367346939,"height":17.12846347607053,"action":{"library":"H5P.Image 1.1","params":{"contentName":"Image"},"subContentId":"33269158-5dc5-4dda-990f-8b2ecd222cdc","metadata":{"contentType":"Image","license":"U","title":"Untitled Image"}},"backgroundOpacity":0,"willDoAnimation":true,"animationType":"glow","displayAsButton":false,"buttonSize":"big","goToSlideType":"specified","invisible":false,"id":"img5fc845ff-a7ad-41a5-956c-904cae59d9db_2"},{"x":44.642857142857146,"y":35.2448362720403,"width":7.270408163265306,"height":21.914357682619645,"action":{"library":"H5P.Image 1.1","params":{"contentName":"Image"},"subContentId":"239dcb1e-f1a3-46ba-a140-e114fba5dfa7","metadata":{"contentType":"Image","license":"U","title":"Untitled Image"}},"backgroundOpacity":0,"willDoAnimation":true,"animationType":"glow","displayAsButton":false,"buttonSize":"big","goToSlideType":"specified","invisible":false,"id":"img5fc845ff-a7ad-41a5-956c-904cae59d9db_4"}],"slideBackgroundSelector":{}},{"elements":[{"x":19.675925925925924,"y":82.19178082191782,"width":61.34259259259259,"height":15.981735159817353,"action":{"library":"H5P.CRAdvancedText 1.1","params":{"text":"<p style=\"text-align: center;\"><span style=\"color:#ffffff;\"><span style=\"font-size:2.25em;\">Abby ayagala dole ye.<\/span><\/span><\/p>\n"},"metadata":{"contentType":"Text","license":"U","title":"Untitled Text"},"subContentId":"c394fb3e-dc2f-4ba6-ba4a-6ae36b52a4e8"},"alwaysDisplayComments":false,"backgroundOpacity":0,"willDoAnimation":false,"animationType":"glow","displayAsButton":false,"buttonSize":"big","goToSlideType":"specified","invisible":false,"solution":""},{"x":26.62037037037037,"y":11.415525114155251,"width":48.72685185185185,"height":70.77625570776256,"action":{"library":"H5P.Image 1.1","params":{"contentName":"Image","file":{"path":"images\/file-61ef2ec0dfac0.jpeg","mime":"image\/jpeg","copyright":{"license":"U"},"width":1472,"height":1024}},"metadata":{"contentType":"Image","license":"U","title":"Untitled Image"},"subContentId":"c53c077a-e9d1-4c15-b584-8b4debd998af"},"backgroundOpacity":0,"willDoAnimation":false,"animationType":"glow","displayAsButton":false,"buttonSize":"big","goToSlideType":"specified","invisible":false},{"x":47.00255102040816,"y":43.95465994962216,"width":40,"height":40,"action":{"library":"H5P.CRAudio 1.4","params":{"fitToWrapper":true,"currIndex":2,"playerMode":"minimalistic","controls":true,"autoplay":true,"playAudio":"Play audio","pauseAudio":"Pause audio","contentName":"Audio","glowColor":"#ffd85a","timeStampForEachText":[{"text":" Abby ","startDuration":"0.3459","endDuration":"1.0034","wordfile":[{"path":"audios\/wordfile-64eb1aceda9ec.wav","mime":"audio\/x-wav","copyright":{"license":"U"}}]},{"text":" ayagala ","startDuration":"1.3559","endDuration":"2.3704","wordfile":[{"path":"audios\/wordfile-64eb1af4ef523.wav","mime":"audio\/x-wav","copyright":{"license":"U"}}]},{"text":" dole ","startDuration":"2.6113","endDuration":"3.2855","wordfile":[{"path":"audios\/wordfile-64eb1b16019cb.wav","mime":"audio\/x-wav","copyright":{"license":"U"}}]},{"text":" ye. ","startDuration":"3.3200","endDuration":"3.6707","wordfile":[{"path":"audios\/wordfile-64eb1b3aa90f5.wav","mime":"audio\/x-wav","copyright":{"license":"U"}}]}],"files":[{"path":"audios\/files-64eb1ab0199fa.wav","mime":"audio\/x-wav","copyright":{"license":"U"}}]},"subContentId":"2ff5469b-1280-4896-8d99-a404e1cc20ce","metadata":{"contentType":"Curious Reader Audio","license":"U","title":"Untitled Curious Reader Audio"}},"backgroundOpacity":0,"willDoAnimation":false,"animationType":"glow","displayAsButton":false,"buttonSize":"big","goToSlideType":"specified","invisible":false},{"x":45.91836734693878,"y":27.699999999999996,"width":9.183673469387756,"height":19.395465994962215,"action":{"library":"H5P.Image 1.1","params":{"contentName":"Image"},"subContentId":"1b471b20-dc93-4d90-bedb-91dd1c9b4e11","metadata":{"contentType":"Image","license":"U","title":"Untitled Image"}},"backgroundOpacity":0,"willDoAnimation":true,"animationType":"glow","displayAsButton":false,"buttonSize":"big","goToSlideType":"specified","invisible":false,"id":"img2ff5469b-1280-4896-8d99-a404e1cc20ce_0"},{"x":44.642857142857146,"y":45.26926952141058,"width":7.270408163265306,"height":16.876574307304786,"action":{"library":"H5P.Image 1.1","params":{"contentName":"Image"},"subContentId":"b35359ed-b5f0-44ce-848d-2fe7d0479003","metadata":{"contentType":"Image","license":"U","title":"Untitled Image"}},"backgroundOpacity":0,"willDoAnimation":true,"animationType":"glow","displayAsButton":false,"buttonSize":"big","goToSlideType":"specified","invisible":false,"id":"img2ff5469b-1280-4896-8d99-a404e1cc20ce_2"}],"slideBackgroundSelector":{}},{"elements":[{"x":0,"y":80.60453400503778,"width":98.21428571428572,"height":17.632241813602015,"action":{"library":"H5P.CRAdvancedText 1.1","params":{"text":"<p style=\"text-align: center;\"><span style=\"color:#ffffff;\"><span style=\"font-size:2.25em;\">Abby ayagala nyo okuzanya ne dole ye.&nbsp;<\/span><\/span><\/p>\n"},"metadata":{"contentType":"Text","license":"U","title":"Untitled Text"},"subContentId":"c126f8f7-5de8-4aee-97ab-b12b2503c310"},"alwaysDisplayComments":false,"backgroundOpacity":0,"willDoAnimation":false,"animationType":"glow","displayAsButton":false,"buttonSize":"big","goToSlideType":"specified","invisible":false,"solution":""},{"x":25.462962962962962,"y":11.415525114155251,"width":48.61111111111111,"height":68.94977168949772,"action":{"library":"H5P.Image 1.1","params":{"contentName":"Image","file":{"path":"images\/file-61ef31140c3a9.jpeg","mime":"image\/jpeg","copyright":{"license":"U"},"width":1472,"height":1024}},"metadata":{"contentType":"Image","license":"U","title":"Untitled Image"},"subContentId":"fc224ac3-de9a-4f94-abe8-45dbe766dd43"},"backgroundOpacity":0,"willDoAnimation":false,"animationType":"glow","displayAsButton":false,"buttonSize":"big","goToSlideType":"specified","invisible":false},{"x":47.00255102040816,"y":43.95465994962216,"width":40,"height":40,"action":{"library":"H5P.CRAudio 1.4","params":{"fitToWrapper":true,"currIndex":3,"playerMode":"minimalistic","controls":true,"autoplay":true,"playAudio":"Play audio","pauseAudio":"Pause audio","contentName":"Audio","glowColor":"#ffd85a","timeStampForEachText":[{"text":" Abby ","startDuration":"0.6444","endDuration":"1.3047","wordfile":[{"path":"audios\/wordfile-64eb1b73197e9.wav","mime":"audio\/x-wav","copyright":{"license":"U"}}]},{"text":" ayagala ","startDuration":"1.6923","endDuration":"2.5828","wordfile":[{"path":"audios\/wordfile-64eb1b902113a.wav","mime":"audio\/x-wav","copyright":{"license":"U"}}]},{"text":" nyo ","startDuration":"2.5838","endDuration":"3.1612","wordfile":[{"path":"audios\/wordfile-64eb1ba025add.wav","mime":"audio\/x-wav","copyright":{"license":"U"}}]},{"text":" okuzanya ","startDuration":"3.4752","endDuration":"4.7338","wordfile":[{"path":"audios\/wordfile-64eb1bb6c1b60.wav","mime":"audio\/x-wav","copyright":{"license":"U"}}]},{"text":" ne ","startDuration":"4.9557","endDuration":"5.3583","wordfile":[{"path":"audios\/wordfile-64eb1bca1377e.wav","mime":"audio\/x-wav","copyright":{"license":"U"}}]},{"text":" dole ","startDuration":"5.3593","endDuration":"5.8079","wordfile":[{"path":"audios\/wordfile-64eb1bdf26859.wav","mime":"audio\/x-wav","copyright":{"license":"U"}}]},{"text":" ye.\u00a0 ","startDuration":"5.8733","endDuration":"6.1654","wordfile":[{"path":"audios\/wordfile-64eb1bf8429c7.wav","mime":"audio\/x-wav","copyright":{"license":"U"}}]}],"files":[{"path":"audios\/files-64eb1b57d54e1.wav","mime":"audio\/x-wav","copyright":{"license":"U"}}]},"subContentId":"7bcccefd-36f7-4486-9908-b899107c0f2c","metadata":{"contentType":"Curious Reader Audio","license":"U","title":"Untitled Curious Reader Audio"}},"backgroundOpacity":0,"willDoAnimation":false,"animationType":"glow","displayAsButton":false,"buttonSize":"big","goToSlideType":"specified","invisible":false},{"x":48.46938775510204,"y":22.652317380352642,"width":20.025510204081634,"height":52.141057934508815,"action":{"library":"H5P.Image 1.1","params":{"contentName":"Image"},"subContentId":"571ef56e-2304-41a2-ad44-806056a75f7e","metadata":{"contentType":"Image","license":"U","title":"Untitled Image"}},"backgroundOpacity":0,"willDoAnimation":true,"animationType":"glow","displayAsButton":false,"buttonSize":"big","goToSlideType":"specified","invisible":false,"id":"img7bcccefd-36f7-4486-9908-b899107c0f2c_0"},{"x":36.98979591836735,"y":50.35037783375314,"width":9.821428571428571,"height":24.937027707808564,"action":{"library":"H5P.Image 1.1","params":{"contentName":"Image"},"subContentId":"ab2f20dc-0fef-45c5-bdf1-2e7d573c56a6","metadata":{"contentType":"Image","license":"U","title":"Untitled Image"}},"backgroundOpacity":0,"willDoAnimation":true,"animationType":"glow","displayAsButton":false,"buttonSize":"big","goToSlideType":"specified","invisible":false,"id":"img7bcccefd-36f7-4486-9908-b899107c0f2c_5"}],"slideBackgroundSelector":{}},{"elements":[{"x":17.36111111111111,"y":79.90867579908677,"width":64.81481481481481,"height":18.036529680365298,"action":{"library":"H5P.CRAdvancedText 1.1","params":{"text":"<p dir=\"ltr\" style=\"text-align: center;\"><span style=\"color:#ffffff;\"><span style=\"font-size:2.25em;\">Leero dole ye yabuze.&nbsp;<\/span><\/span><\/p>\n"},"metadata":{"contentType":"Text","license":"U","title":"Untitled Text"},"subContentId":"119d54b0-367b-4398-9c25-0be377ff03ee"},"alwaysDisplayComments":false,"backgroundOpacity":0,"willDoAnimation":false,"animationType":"glow","displayAsButton":false,"buttonSize":"big","goToSlideType":"specified","invisible":false,"solution":""},{"x":24.305555555555554,"y":9.132420091324201,"width":50.5787037037037,"height":69.63470319634703,"action":{"library":"H5P.Image 1.1","params":{"contentName":"Image","file":{"path":"images\/file-61ef32ab45f04.jpeg","mime":"image\/jpeg","copyright":{"license":"U"},"width":1472,"height":1024}},"metadata":{"contentType":"Image","license":"U","title":"Untitled Image"},"subContentId":"89af7174-47ce-4730-a8f4-1aef48446dd5"},"backgroundOpacity":0,"willDoAnimation":false,"animationType":"glow","displayAsButton":false,"buttonSize":"big","goToSlideType":"specified","invisible":false},{"x":47.00255102040816,"y":43.95465994962216,"width":40,"height":40,"action":{"library":"H5P.CRAudio 1.4","params":{"fitToWrapper":true,"currIndex":4,"playerMode":"minimalistic","controls":true,"autoplay":true,"playAudio":"Play audio","pauseAudio":"Pause audio","contentName":"Audio","glowColor":"#ffd85a","timeStampForEachText":[{"text":" Leero ","startDuration":"0.6230","endDuration":"1.5043","wordfile":[{"path":"audios\/wordfile-64eb1c594349d.wav","mime":"audio\/x-wav","copyright":{"license":"U"}}]},{"text":" dole ","startDuration":"1.9011","endDuration":"2.5748","wordfile":[{"path":"audios\/wordfile-64eb1c6f1de76.wav","mime":"audio\/x-wav","copyright":{"license":"U"}}]},{"text":" ye ","startDuration":"2.5758","endDuration":"2.8277","wordfile":[{"path":"audios\/wordfile-64eb1c8cbc266.wav","mime":"audio\/x-wav","copyright":{"license":"U"}}]},{"text":" yabuze.\u00a0 ","startDuration":"3.0753","endDuration":"4.0475","wordfile":[{"path":"audios\/wordfile-64eb1c9a132c7.wav","mime":"audio\/x-wav","copyright":{"license":"U"}}]}],"files":[{"path":"audios\/files-64eb1c4196f59.wav","mime":"audio\/x-wav","copyright":{"license":"U"}}]},"subContentId":"067f04de-888b-4298-87bd-fa57c1f9563c","metadata":{"contentType":"Curious Reader Audio","license":"U","title":"Untitled Curious Reader Audio"}},"backgroundOpacity":0,"willDoAnimation":false,"animationType":"glow","displayAsButton":false,"buttonSize":"big","goToSlideType":"specified","invisible":false},{"x":42.09183673469388,"y":29.94332493702771,"width":14.285714285714286,"height":47.10327455919395,"action":{"library":"H5P.Image 1.1","params":{"contentName":"Image"},"subContentId":"f83e8ae3-abe4-4af2-98a1-b02b1a60a767","metadata":{"contentType":"Image","license":"U","title":"Untitled Image"}},"backgroundOpacity":0,"willDoAnimation":true,"animationType":"glow","displayAsButton":false,"buttonSize":"big","goToSlideType":"specified","invisible":false,"id":"img067f04de-888b-4298-87bd-fa57c1f9563c_2"}],"slideBackgroundSelector":{}},{"elements":[{"x":14.03061224489796,"y":82.11586901763224,"width":70.60185185185185,"height":17.808219178082194,"action":{"library":"H5P.CRAdvancedText 1.1","params":{"text":"<p dir=\"ltr\" style=\"text-align: center;\"><span style=\"color:#ffffff;\"><span style=\"font-size:2.25em;\">Abby atunudde mu nyumba.<\/span><\/span><\/p>\n"},"metadata":{"contentType":"Text","license":"U","title":"Untitled Text"},"subContentId":"c0621062-3c31-47a4-8d80-0f9d7933f615"},"alwaysDisplayComments":false,"backgroundOpacity":0,"willDoAnimation":false,"animationType":"glow","displayAsButton":false,"buttonSize":"big","goToSlideType":"specified","invisible":false,"solution":""},{"x":24.305555555555554,"y":13.698630136986301,"width":50.925925925925924,"height":65.52511415525115,"action":{"library":"H5P.Image 1.1","params":{"contentName":"Image","file":{"path":"images\/file-61ef35cbdad1b.jpeg","mime":"image\/jpeg","copyright":{"license":"U"},"width":1472,"height":1024}},"metadata":{"contentType":"Image","license":"U","title":"Untitled Image"},"subContentId":"328c88bc-1048-46c1-b142-5ef6dd3d2042"},"backgroundOpacity":0,"willDoAnimation":false,"animationType":"glow","displayAsButton":false,"buttonSize":"big","goToSlideType":"specified","invisible":false},{"x":47.00255102040816,"y":43.95465994962216,"width":40,"height":40,"action":{"library":"H5P.CRAudio 1.4","params":{"fitToWrapper":true,"currIndex":5,"playerMode":"minimalistic","controls":true,"autoplay":true,"playAudio":"Play audio","pauseAudio":"Pause audio","contentName":"Audio","glowColor":"#ffd85a","timeStampForEachText":[{"text":" Abby ","startDuration":"0.4673","endDuration":"1.0879","wordfile":[{"path":"audios\/wordfile-64eb1cd183635.wav","mime":"audio\/x-wav","copyright":{"license":"U"}}]},{"text":" atunudde ","startDuration":"1.3868","endDuration":"2.4572","wordfile":[{"path":"audios\/wordfile-64eb1cf2d0fc1.wav","mime":"audio\/x-wav","copyright":{"license":"U"}}]},{"text":" mu ","startDuration":"2.6743","endDuration":"2.9444","wordfile":[{"path":"audios\/wordfile-64eb1d091d017.wav","mime":"audio\/x-wav","copyright":{"license":"U"}}]},{"text":" nyumba. ","startDuration":"2.9454","endDuration":"3.7821","wordfile":[{"path":"audios\/wordfile-64eb1d1b433a1.wav","mime":"audio\/x-wav","copyright":{"license":"U"}}]}],"files":[{"path":"audios\/files-64eb1cbe3c9ce.wav","mime":"audio\/x-wav","copyright":{"license":"U"}}]},"subContentId":"85d35607-6a1a-4bc6-b844-d23452632bc8","metadata":{"contentType":"Curious Reader Audio","license":"U","title":"Untitled Curious Reader Audio"}},"backgroundOpacity":0,"willDoAnimation":false,"animationType":"glow","displayAsButton":false,"buttonSize":"big","goToSlideType":"specified","invisible":false},{"x":30.612244897959183,"y":42.809319899244336,"width":16.198979591836736,"height":35.012594458438286,"action":{"library":"H5P.Image 1.1","params":{"contentName":"Image"},"subContentId":"a855b9c9-dfdb-45b1-ace7-6d1b0d2331d7","metadata":{"contentType":"Image","license":"U","title":"Untitled Image"}},"backgroundOpacity":0,"willDoAnimation":true,"animationType":"glow","displayAsButton":false,"buttonSize":"big","goToSlideType":"specified","invisible":false,"id":"img85d35607-6a1a-4bc6-b844-d23452632bc8_0"},{"x":20.408163265306122,"y":12.582644836272038,"width":46.81122448979592,"height":69.77329974811083,"action":{"library":"H5P.Image 1.1","params":{"contentName":"Image"},"subContentId":"b1f13f78-145d-4ffc-9cb5-62787d37d0f7","metadata":{"contentType":"Image","license":"U","title":"Untitled Image"}},"backgroundOpacity":0,"willDoAnimation":true,"animationType":"glow","displayAsButton":false,"buttonSize":"big","goToSlideType":"specified","invisible":false,"id":"img85d35607-6a1a-4bc6-b844-d23452632bc8_3"}],"slideBackgroundSelector":{}},{"elements":[{"x":4.62962962962963,"y":20.547945205479454,"width":38.19444444444444,"height":73.05936073059361,"action":{"library":"H5P.CRAdvancedText 1.1","params":{"text":"<p style=\"text-align: center;\"><span style=\"color:#ffffff;\"><span style=\"font-size:2.25em;\">&nbsp;Dole ye eri mufumbiro? Atunula wansi w\u2019emmeeza.<\/span><\/span><\/p>\n"},"metadata":{"contentType":"Text","license":"U","title":"Untitled Text"},"subContentId":"7ab1f46e-d823-4f5a-9e54-14bdd85d3f4b"},"alwaysDisplayComments":false,"backgroundOpacity":0,"willDoAnimation":false,"animationType":"glow","displayAsButton":false,"buttonSize":"big","goToSlideType":"specified","invisible":false,"solution":""},{"x":45.11712962962963,"y":18.213470319634705,"width":49.53703703703703,"height":67.12328767123287,"action":{"library":"H5P.Image 1.1","params":{"contentName":"Image","file":{"path":"images\/file-61ef37fb18d59.jpeg","mime":"image\/jpeg","copyright":{"license":"U"},"width":1472,"height":1024}},"metadata":{"contentType":"Image","license":"U","title":"Untitled Image"},"subContentId":"8908e142-4dce-448d-be32-a4b066194ca9"},"backgroundOpacity":0,"willDoAnimation":false,"animationType":"glow","displayAsButton":false,"buttonSize":"big","goToSlideType":"specified","invisible":false},{"x":47.00255102040816,"y":43.95465994962216,"width":40,"height":40,"action":{"library":"H5P.CRAudio 1.4","params":{"fitToWrapper":true,"currIndex":6,"playerMode":"minimalistic","controls":true,"autoplay":true,"playAudio":"Play audio","pauseAudio":"Pause audio","contentName":"Audio","glowColor":"#ffd85a","timeStampForEachText":[{"text":" \u00a0Dole ","startDuration":"0.5820","endDuration":"1.2135","wordfile":[{"path":"audios\/wordfile-64eb1d4f543cb.wav","mime":"audio\/x-wav","copyright":{"license":"U"}}]},{"text":" ye ","startDuration":"1.2145","endDuration":"1.4647","wordfile":[{"path":"audios\/wordfile-64eb1d5e07b00.wav","mime":"audio\/x-wav","copyright":{"license":"U"}}]},{"text":" eri ","startDuration":"1.8571","endDuration":"2.1574","wordfile":[{"path":"audios\/wordfile-64eb1d80327b8.wav","mime":"audio\/x-wav","copyright":{"license":"U"}}]},{"text":" mufumbiro? ","startDuration":"2.1584","endDuration":"3.2013","wordfile":[{"path":"audios\/wordfile-64eb1d93ea386.wav","mime":"audio\/x-wav","copyright":{"license":"U"}}]},{"text":" Atunula ","startDuration":"4.0653","endDuration":"4.9878","wordfile":[{"path":"audios\/wordfile-64eb1daed46e0.wav","mime":"audio\/x-wav","copyright":{"license":"U"}}]},{"text":" wansi ","startDuration":"5.3300","endDuration":"5.8009","wordfile":[{"path":"audios\/wordfile-64eb1dc736691.wav","mime":"audio\/x-wav","copyright":{"license":"U"}}]},{"text":" w\u2019emmeeza. ","startDuration":"5.8019","endDuration":"6.9452","wordfile":[{"path":"audios\/wordfile-64eb1dd85a192.wav","mime":"audio\/x-wav","copyright":{"license":"U"}}]}],"files":[{"path":"audios\/files-64eb1d348cf51.wav","mime":"audio\/x-wav","copyright":{"license":"U"}}]},"subContentId":"1409aa1f-ff84-4973-a8d5-ea8812fd5198","metadata":{"contentType":"Curious Reader Audio","license":"U","title":"Untitled Curious Reader Audio"}},"backgroundOpacity":0,"willDoAnimation":false,"animationType":"glow","displayAsButton":false,"buttonSize":"big","goToSlideType":"specified","invisible":false},{"x":65.05000000000001,"y":35.2448362720403,"width":31.122448979591837,"height":26.952141057934508,"action":{"library":"H5P.Image 1.1","params":{"contentName":"Image"},"subContentId":"31d8a9fb-59ac-463f-b3fb-6692ba9ea985","metadata":{"contentType":"Image","license":"U","title":"Untitled Image"}},"backgroundOpacity":0,"willDoAnimation":true,"animationType":"glow","displayAsButton":false,"buttonSize":"big","goToSlideType":"specified","invisible":false,"id":"img1409aa1f-ff84-4973-a8d5-ea8812fd5198_6"}],"slideBackgroundSelector":{}},{"elements":[{"x":3.472222222222222,"y":20.547945205479454,"width":39.35185185185185,"height":75.34246575342466,"action":{"library":"H5P.CRAdvancedText 1.1","params":{"text":"<p dir=\"ltr\" style=\"text-align: center;\"><span style=\"color:#ffffff;\"><span style=\"font-size:2.25em;\">Dole ye eri mudiiro? Atunula wansi w\u2019entebbe.<\/span><\/span><\/p>\n"},"metadata":{"contentType":"Text","license":"U","title":"Untitled Text"},"subContentId":"4551d1b8-971a-4066-8625-23b7ce65886b"},"alwaysDisplayComments":false,"backgroundOpacity":0,"willDoAnimation":false,"animationType":"glow","displayAsButton":false,"buttonSize":"big","goToSlideType":"specified","invisible":false,"solution":""},{"x":45.138888888888886,"y":18.264840182648403,"width":48.84259259259259,"height":68.4931506849315,"action":{"library":"H5P.Image 1.1","params":{"contentName":"Image","file":{"path":"images\/file-61ef3e474be2b.jpeg","mime":"image\/jpeg","copyright":{"license":"U"},"width":1472,"height":1024}},"metadata":{"contentType":"Image","license":"U","title":"Untitled Image"},"subContentId":"d9e8349c-052c-4124-8dc8-4c76a25024ac"},"backgroundOpacity":0,"willDoAnimation":false,"animationType":"glow","displayAsButton":false,"buttonSize":"big","goToSlideType":"specified","invisible":false},{"x":47.00255102040816,"y":43.95465994962216,"width":40,"height":40,"action":{"library":"H5P.CRAudio 1.4","params":{"fitToWrapper":true,"currIndex":7,"playerMode":"minimalistic","controls":true,"autoplay":true,"playAudio":"Play audio","pauseAudio":"Pause audio","contentName":"Audio","glowColor":"#ffd85a","timeStampForEachText":[{"text":" Dole ","startDuration":"0.4553","endDuration":"0.9285","wordfile":[{"path":"audios\/wordfile-64eb1e0df1231.wav","mime":"audio\/x-wav","copyright":{"license":"U"}}]},{"text":" ye ","startDuration":"0.9295","endDuration":"1.3218","wordfile":[{"path":"audios\/wordfile-64eb1e220b4a2.wav","mime":"audio\/x-wav","copyright":{"license":"U"}}]},{"text":" eri ","startDuration":"1.5151","endDuration":"1.9174","wordfile":[{"path":"audios\/wordfile-64eb1e30c6dd2.wav","mime":"audio\/x-wav","copyright":{"license":"U"}}]},{"text":" mudiiro? ","startDuration":"1.9083","endDuration":"2.9178","wordfile":[{"path":"audios\/wordfile-64eb1e7cd721f.wav","mime":"audio\/x-wav","copyright":{"license":"U"}}]},{"text":" Atunula ","startDuration":"3.7890","endDuration":"4.8794","wordfile":[{"path":"audios\/wordfile-64eb1e94bfe8a.wav","mime":"audio\/x-wav","copyright":{"license":"U"}}]},{"text":" wansi ","startDuration":"5.0524","endDuration":"5.9405","wordfile":[{"path":"audios\/wordfile-64eb1ec56e584.wav","mime":"audio\/x-wav","copyright":{"license":"U"}}]},{"text":" w\u2019entebbe. ","startDuration":"5.9921","endDuration":"6.8093","wordfile":[{"path":"audios\/wordfile-64eb1ee46cdae.wav","mime":"audio\/x-wav","copyright":{"license":"U"}}]}],"files":[{"path":"audios\/files-64eb1df661de7.wav","mime":"audio\/x-wav","copyright":{"license":"U"}}]},"subContentId":"a91a2c1a-0abb-46ab-9eb4-d9322ffa55ba","metadata":{"contentType":"Curious Reader Audio","license":"U","title":"Untitled Curious Reader Audio"}},"backgroundOpacity":0,"willDoAnimation":false,"animationType":"glow","displayAsButton":false,"buttonSize":"big","goToSlideType":"specified","invisible":false},{"x":67.60204081632652,"y":35.23501259445844,"width":14.923469387755102,"height":40.050377833753146,"action":{"library":"H5P.Image 1.1","params":{"contentName":"Image"},"subContentId":"c0c657f9-f798-4a9c-9b52-3ad153215b71","metadata":{"contentType":"Image","license":"U","title":"Untitled Image"}},"backgroundOpacity":0,"willDoAnimation":true,"animationType":"glow","displayAsButton":false,"buttonSize":"big","goToSlideType":"specified","invisible":false,"id":"imga91a2c1a-0abb-46ab-9eb4-d9322ffa55ba_6"}],"slideBackgroundSelector":{}},{"elements":[{"x":3.4658035714285718,"y":22.66413098236776,"width":38.13775510204082,"height":73.04785894206549,"action":{"library":"H5P.CRAdvancedText 1.1","params":{"text":"<p dir=\"ltr\" style=\"text-align: center;\"><span style=\"color:#ffffff;\"><span style=\"font-size:2.25em;\">Dole ye eri mukisenge? Anoonya eyo dole ye.<\/span><\/span><\/p>\n"},"metadata":{"contentType":"Text","license":"U","title":"Untitled Text"},"subContentId":"762a4d35-8b2c-4d44-8c90-1da59aba9cf4"},"alwaysDisplayComments":false,"backgroundOpacity":0,"willDoAnimation":false,"animationType":"glow","displayAsButton":false,"buttonSize":"big","goToSlideType":"specified","invisible":false,"solution":""},{"x":42.82407407407407,"y":15.981735159817353,"width":50.11574074074074,"height":68.4931506849315,"action":{"library":"H5P.Image 1.1","params":{"contentName":"Image","file":{"path":"images\/file-61ef404802c5b.jpeg","mime":"image\/jpeg","copyright":{"license":"U"},"width":1472,"height":1024}},"metadata":{"contentType":"Image","license":"U","title":"Untitled Image"},"subContentId":"49232e51-b2af-4fb8-9d08-40d9377a0788"},"backgroundOpacity":0,"willDoAnimation":false,"animationType":"glow","displayAsButton":false,"buttonSize":"big","goToSlideType":"specified","invisible":false},{"x":47.00255102040816,"y":43.95465994962216,"width":40,"height":40,"action":{"library":"H5P.CRAudio 1.4","params":{"fitToWrapper":true,"currIndex":8,"playerMode":"minimalistic","controls":true,"autoplay":true,"playAudio":"Play audio","pauseAudio":"Pause audio","contentName":"Audio","glowColor":"#ffd85a","timeStampForEachText":[{"text":" Dole ","startDuration":"0.0000","endDuration":"0.4370","wordfile":[{"path":"audios\/wordfile-64eb2066159f3.wav","mime":"audio\/x-wav","copyright":{"license":"U"}}]},{"text":" ye ","startDuration":"0.4380","endDuration":"0.8203","wordfile":[{"path":"audios\/wordfile-64eb207740dfd.wav","mime":"audio\/x-wav","copyright":{"license":"U"}}]},{"text":" eri ","startDuration":"1.1312","endDuration":"1.4862","wordfile":[{"path":"audios\/wordfile-64eb208b999a4.wav","mime":"audio\/x-wav","copyright":{"license":"U"}}]},{"text":" mukisenge? ","startDuration":"1.4417","endDuration":"2.5532","wordfile":[{"path":"audios\/wordfile-64eb20b114616.wav","mime":"audio\/x-wav","copyright":{"license":"U"}}]},{"text":" Anoonya ","startDuration":"3.2926","endDuration":"4.3950","wordfile":[{"path":"audios\/wordfile-64eb20d107468.wav","mime":"audio\/x-wav","copyright":{"license":"U"}}]},{"text":" eyo ","startDuration":"4.5965","endDuration":"5.2250","wordfile":[{"path":"audios\/wordfile-64eb20e54fce7.wav","mime":"audio\/x-wav","copyright":{"license":"U"}}]},{"text":" dole ","startDuration":"5.2260","endDuration":"5.8180","wordfile":[{"path":"audios\/wordfile-64eb20f8922b8.wav","mime":"audio\/x-wav","copyright":{"license":"U"}}]},{"text":" ye. ","startDuration":"5.7916","endDuration":"6.1739","wordfile":[{"path":"audios\/wordfile-64eb211b9b05e.wav","mime":"audio\/x-wav","copyright":{"license":"U"}}]}],"files":[{"path":"audios\/files-64eb20572f92e.wav","mime":"audio\/x-wav","copyright":{"license":"U"}}]},"subContentId":"5f0936ae-dfcb-49f6-9e15-d44e35fc967c","metadata":{"contentType":"Curious Reader Audio","license":"U","title":"Untitled Curious Reader Audio"}},"backgroundOpacity":0,"willDoAnimation":false,"animationType":"glow","displayAsButton":false,"buttonSize":"big","goToSlideType":"specified","invisible":false}],"slideBackgroundSelector":{}},{"elements":[{"x":4.861111111111111,"y":20.547945205479454,"width":40.50925925925926,"height":68.0365296803653,"action":{"library":"H5P.CRAdvancedText 1.1","params":{"text":"<p dir=\"ltr\" style=\"text-align: center;\"><span style=\"color:#ffffff;\"><span style=\"font-size:2.25em;\">Dole ye eri mu lusuku? Anoonya eyo dole ye.&nbsp;<\/span><\/span><\/p>\n"},"metadata":{"contentType":"Text","license":"U","title":"Untitled Text"},"subContentId":"349aec21-3226-4969-902a-447999e122a7"},"alwaysDisplayComments":false,"backgroundOpacity":0,"willDoAnimation":false,"animationType":"glow","displayAsButton":false,"buttonSize":"big","goToSlideType":"specified","invisible":false,"solution":""},{"x":47.4537037037037,"y":18.264840182648403,"width":46.99074074074074,"height":68.4931506849315,"action":{"library":"H5P.Image 1.1","params":{"contentName":"Image","file":{"path":"images\/file-61ef40a401d18.jpeg","mime":"image\/jpeg","copyright":{"license":"U"},"width":1472,"height":1024}},"metadata":{"contentType":"Image","license":"U","title":"Untitled Image"},"subContentId":"9efc9d08-4704-4fb5-b63b-677ccbc8c0f5"},"backgroundOpacity":0,"willDoAnimation":false,"animationType":"glow","displayAsButton":false,"buttonSize":"big","goToSlideType":"specified","invisible":false},{"x":47.00255102040816,"y":43.95465994962216,"width":40,"height":40,"action":{"library":"H5P.CRAudio 1.4","params":{"fitToWrapper":true,"currIndex":9,"playerMode":"minimalistic","controls":true,"autoplay":true,"playAudio":"Play audio","pauseAudio":"Pause audio","contentName":"Audio","glowColor":"#ffd85a","timeStampForEachText":[{"text":" Dole ","startDuration":"0.2362","endDuration":"0.8268","wordfile":[{"path":"audios\/wordfile-64eb21454bf4b.wav","mime":"audio\/x-wav","copyright":{"license":"U"}}]},{"text":" ye ","startDuration":"0.8278","endDuration":"1.0278","wordfile":[{"path":"audios\/wordfile-64eb21508aa00.wav","mime":"audio\/x-wav","copyright":{"license":"U"}}]},{"text":" eri ","startDuration":"1.3740","endDuration":"1.8465","wordfile":[{"path":"audios\/wordfile-64eb2167e01df.wav","mime":"audio\/x-wav","copyright":{"license":"U"}}]},{"text":" mu ","startDuration":"1.8475","endDuration":"2.0021","wordfile":[{"path":"audios\/wordfile-64eb2183473b0.wav","mime":"audio\/x-wav","copyright":{"license":"U"}}]},{"text":" lusuku? ","startDuration":"2.0031","endDuration":"2.7754","wordfile":[{"path":"audios\/wordfile-64eb219bea263.wav","mime":"audio\/x-wav","copyright":{"license":"U"}}]},{"text":" Anoonya ","startDuration":"3.5031","endDuration":"4.4571","wordfile":[{"path":"audios\/wordfile-64eb21afd50c4.wav","mime":"audio\/x-wav","copyright":{"license":"U"}}]},{"text":" eyo ","startDuration":"4.7579","endDuration":"5.2395","wordfile":[{"path":"audios\/wordfile-64eb21c556834.wav","mime":"audio\/x-wav","copyright":{"license":"U"}}]},{"text":" dole ","startDuration":"5.2405","endDuration":"5.7766","wordfile":[{"path":"audios\/wordfile-64eb21da406b9.wav","mime":"audio\/x-wav","copyright":{"license":"U"}}]},{"text":" ye.\u00a0 ","startDuration":"5.7776","endDuration":"6.0503","wordfile":[{"path":"audios\/wordfile-64eb21e7a867f.wav","mime":"audio\/x-wav","copyright":{"license":"U"}}]}],"files":[{"path":"audios\/files-64eb2130aa2b3.wav","mime":"audio\/x-wav","copyright":{"license":"U"}}]},"subContentId":"495a7b5c-f960-448b-aca2-fef4cd36bbc2","metadata":{"contentType":"Curious Reader Audio","license":"U","title":"Untitled Curious Reader Audio"}},"backgroundOpacity":0,"willDoAnimation":false,"animationType":"glow","displayAsButton":false,"buttonSize":"big","goToSlideType":"specified","invisible":false},{"x":44.642857142857146,"y":64.96372795969774,"width":14.923469387755102,"height":22.921914357682617,"action":{"library":"H5P.Image 1.1","params":{"contentName":"Image"},"subContentId":"a8c12e47-0bdd-468e-bdef-25753d5c1e74","metadata":{"contentType":"Image","license":"U","title":"Untitled Image"}},"backgroundOpacity":0,"willDoAnimation":true,"animationType":"glow","displayAsButton":false,"buttonSize":"big","goToSlideType":"specified","invisible":false,"id":"img495a7b5c-f960-448b-aca2-fef4cd36bbc2_4"},{"x":71.42857142857143,"y":60.43778337531486,"width":24.744897959183675,"height":27.455919395465994,"action":{"library":"H5P.Image 1.1","params":{"contentName":"Image"},"subContentId":"b126b8f6-a190-4f54-b1b3-3857e6ebfc12","metadata":{"contentType":"Image","license":"U","title":"Untitled Image"}},"backgroundOpacity":0,"willDoAnimation":true,"animationType":"glow","displayAsButton":false,"buttonSize":"big","goToSlideType":"specified","invisible":false,"id":"img495a7b5c-f960-448b-aca2-fef4cd36bbc2_4"}],"slideBackgroundSelector":{}},{"elements":[{"x":45.138888888888886,"y":18.264840182648403,"width":48.61111111111111,"height":69.40639269406392,"action":{"library":"H5P.Image 1.1","params":{"contentName":"Image","file":{"path":"images\/file-61ef411337e88.jpeg","mime":"image\/jpeg","copyright":{"license":"U"},"width":1472,"height":1024}},"metadata":{"contentType":"Image","license":"U","title":"Untitled Image"},"subContentId":"f32b08ee-32fd-43c8-99a7-56cf6b1682cb"},"backgroundOpacity":0,"willDoAnimation":false,"animationType":"glow","displayAsButton":false,"buttonSize":"big","goToSlideType":"specified","invisible":false},{"x":3.826530612244898,"y":27.676322418136017,"width":42.60204081632653,"height":62.97229219143576,"action":{"library":"H5P.CRAdvancedText 1.1","params":{"text":"<p style=\"text-align: center;\"><span style=\"color:#ffffff;\"><span style=\"font-size:2.25em;\"><strong>&amp;ldquo;&nbsp;Dole yange eri ludda wa?&nbsp; &amp;rdquo;&nbsp;Abby nabuuza kkapa.<\/strong><\/span><\/span><\/p>\n"},"subContentId":"fa75114e-093c-4296-aac6-fb295a434c20","metadata":{"contentType":"Text","license":"U","title":"Untitled Text"}},"alwaysDisplayComments":false,"backgroundOpacity":0,"willDoAnimation":false,"animationType":"glow","displayAsButton":false,"buttonSize":"big","goToSlideType":"specified","invisible":false,"solution":""},{"x":47.00255102040816,"y":43.95465994962216,"width":40,"height":40,"action":{"library":"H5P.CRAudio 1.4","params":{"fitToWrapper":true,"currIndex":10,"playerMode":"minimalistic","controls":true,"autoplay":true,"playAudio":"Play audio","pauseAudio":"Pause audio","contentName":"Audio","glowColor":"#ffd85a","timeStampForEachText":[{"text":" \u201c\u00a0Dole ","startDuration":"0.5520","endDuration":"1.0243","wordfile":[{"path":"audios\/wordfile-64eb28547eafd.wav","mime":"audio\/x-wav","copyright":{"license":"U"}}]},{"text":" yange ","startDuration":"1.0253","endDuration":"1.6080","wordfile":[{"path":"audios\/wordfile-64eb2863dd45a.wav","mime":"audio\/x-wav","copyright":{"license":"U"}}]},{"text":" eri ","startDuration":"1.7856","endDuration":"2.1843","wordfile":[{"path":"audios\/wordfile-64eb2872a1e99.wav","mime":"audio\/x-wav","copyright":{"license":"U"}}]},{"text":" ludda ","startDuration":"2.1853","endDuration":"2.6650","wordfile":[{"path":"audios\/wordfile-64eb28883f41c.wav","mime":"audio\/x-wav","copyright":{"license":"U"}}]},{"text":" wa?\u00a0 ","startDuration":"2.6660","endDuration":"3.0574","wordfile":[{"path":"audios\/wordfile-64eb289658961.wav","mime":"audio\/x-wav","copyright":{"license":"U"}}]},{"text":" \u201d\u00a0Abby ","startDuration":"3.3896","endDuration":"3.7809","wordfile":[{"path":"audios\/wordfile-64eb28a575d94.wav","mime":"audio\/x-wav","copyright":{"license":"U"}}]},{"text":" nabuuza ","startDuration":"3.7819","endDuration":"4.4971","wordfile":[{"path":"audios\/wordfile-64eb28ba6a253.wav","mime":"audio\/x-wav","copyright":{"license":"U"}}]},{"text":" kkapa. ","startDuration":"4.4981","endDuration":"4.9925","wordfile":[{"path":"audios\/wordfile-64eb28ca0c24b.wav","mime":"audio\/x-wav","copyright":{"license":"U"}}]}],"files":[{"path":"audios\/files-64eb284156e01.wav","mime":"audio\/x-wav","copyright":{"license":"U"}}]},"subContentId":"28339b23-b190-44e0-8a84-9002ff5beed2","metadata":{"contentType":"Curious Reader Audio","license":"U","title":"Untitled Curious Reader Audio"}},"backgroundOpacity":0,"willDoAnimation":false,"animationType":"glow","displayAsButton":false,"buttonSize":"big","goToSlideType":"specified","invisible":false},{"x":68.87755102040816,"y":32.7455919395466,"width":19.642857142857142,"height":49.622166246851386,"action":{"library":"H5P.Image 1.1","params":{"contentName":"Image"},"subContentId":"17ccc32a-2a97-45a2-8837-c57f94ee0cba","metadata":{"contentType":"Image","license":"U","title":"Untitled Image"}},"backgroundOpacity":0,"willDoAnimation":true,"animationType":"glow","displayAsButton":false,"buttonSize":"big","goToSlideType":"specified","invisible":false,"id":"img28339b23-b190-44e0-8a84-9002ff5beed2_5"},{"x":53.57142857142857,"y":50.377833753148614,"width":13.64795918367347,"height":29.974811083123424,"action":{"library":"H5P.Image 1.1","params":{"contentName":"Image"},"subContentId":"26c6bf6a-bd96-474c-b3cc-c90a55f8e8e8","metadata":{"contentType":"Image","license":"U","title":"Untitled Image"}},"backgroundOpacity":0,"willDoAnimation":true,"animationType":"glow","displayAsButton":false,"buttonSize":"big","goToSlideType":"specified","invisible":false,"id":"img28339b23-b190-44e0-8a84-9002ff5beed2_7"}],"slideBackgroundSelector":{}},{"elements":[{"x":0,"y":81.44080604534005,"width":100,"height":16.876574307304786,"action":{"library":"H5P.CRAdvancedText 1.1","params":{"text":"<p dir=\"ltr\" style=\"text-align: center;\"><span style=\"color:#ffffff;\"><span style=\"font-size:2.25em;\"><strong>&amp;ldquo;&nbsp;&nbsp;Myau ,&nbsp;&nbsp;&amp;rdquo; kappa bwegamba.<\/strong><\/span><\/span><\/p>\n"},"metadata":{"contentType":"Text","license":"U","title":"Untitled Text"},"subContentId":"e642f554-1d3c-4ef1-8540-53915c20ee47"},"alwaysDisplayComments":false,"backgroundOpacity":0,"willDoAnimation":false,"animationType":"glow","displayAsButton":false,"buttonSize":"big","goToSlideType":"specified","invisible":false,"solution":""},{"x":25.423958333333335,"y":9.118150684931507,"width":49.65277777777777,"height":69.63470319634703,"action":{"library":"H5P.Image 1.1","params":{"contentName":"Image","file":{"path":"images\/file-61ef41647463b.jpeg","mime":"image\/jpeg","copyright":{"license":"U"},"width":1472,"height":1024}},"metadata":{"contentType":"Image","license":"U","title":"Untitled Image"},"subContentId":"4796a448-f78a-4fda-adbb-2b5c9c452f7d"},"backgroundOpacity":0,"willDoAnimation":false,"animationType":"glow","displayAsButton":false,"buttonSize":"big","goToSlideType":"specified","invisible":false},{"x":47.00255102040816,"y":43.95465994962216,"width":40,"height":40,"action":{"library":"H5P.CRAudio 1.4","params":{"fitToWrapper":true,"currIndex":11,"playerMode":"minimalistic","controls":true,"autoplay":true,"playAudio":"Play audio","pauseAudio":"Pause audio","contentName":"Audio","glowColor":"#ffd85a","timeStampForEachText":[{"text":" \u201c\u00a0\u00a0Myau ,\u00a0\u00a0\u201d ","startDuration":"0.4011","endDuration":"1.4032","wordfile":[{"path":"audios\/wordfile-64eb2338ae911.wav","mime":"audio\/x-wav","copyright":{"license":"U"}}]},{"text":" kappa ","startDuration":"1.8657","endDuration":"2.2910","wordfile":[{"path":"audios\/wordfile-64eb234c19597.wav","mime":"audio\/x-wav","copyright":{"license":"U"}}]},{"text":" bwegamba. ","startDuration":"2.2920","endDuration":"3.2337","wordfile":[{"path":"audios\/wordfile-64eb235aa3970.wav","mime":"audio\/x-wav","copyright":{"license":"U"}}]}],"files":[{"path":"audios\/files-64eb230a188ed.wav","mime":"audio\/x-wav","copyright":{"license":"U"}}]},"subContentId":"772e796f-fe29-44cc-a469-628b77e78d87","metadata":{"contentType":"Curious Reader Audio","license":"U","title":"Untitled Curious Reader Audio"}},"backgroundOpacity":0,"willDoAnimation":false,"animationType":"glow","displayAsButton":false,"buttonSize":"big","goToSlideType":"specified","invisible":false},{"x":53.57142857142857,"y":55.415617128463474,"width":5.994897959183674,"height":6.801007556675063,"action":{"library":"H5P.Image 1.1","params":{"contentName":"Image"},"subContentId":"e262ea07-664f-497c-826d-a4b94973eb1a","metadata":{"contentType":"Image","license":"U","title":"Untitled Image"}},"backgroundOpacity":0,"willDoAnimation":true,"animationType":"glow","displayAsButton":false,"buttonSize":"big","goToSlideType":"specified","invisible":false,"id":"img772e796f-fe29-44cc-a469-628b77e78d87_0"},{"x":43.36734693877551,"y":55.368261964735524,"width":12.372448979591837,"height":19.8992443324937,"action":{"library":"H5P.Image 1.1","params":{"contentName":"Image"},"subContentId":"961d568d-0262-4127-a5da-4c933daad0b9","metadata":{"contentType":"Image","license":"U","title":"Untitled Image"}},"backgroundOpacity":0,"willDoAnimation":true,"animationType":"glow","displayAsButton":false,"buttonSize":"big","goToSlideType":"specified","invisible":false,"id":"img772e796f-fe29-44cc-a469-628b77e78d87_1"}],"slideBackgroundSelector":{}},{"elements":[{"x":24.23469387755102,"y":7.556675062972292,"width":51.388888888888886,"height":69.63470319634703,"action":{"library":"H5P.Image 1.1","params":{"contentName":"Image","file":{"path":"images\/file-61ef4227352f2.jpeg","mime":"image\/jpeg","copyright":{"license":"U"},"width":1472,"height":1024}},"metadata":{"contentType":"Image","license":"U","title":"Untitled Image"},"subContentId":"de10e6aa-09fa-4044-8a41-49f05b0066a0"},"backgroundOpacity":0,"willDoAnimation":false,"animationType":"glow","displayAsButton":false,"buttonSize":"big","goToSlideType":"specified","invisible":false},{"x":0,"y":73.00856423173803,"width":100,"height":26.952141057934508,"action":{"library":"H5P.CRAdvancedText 1.1","params":{"text":"<p dir=\"ltr\" style=\"text-align: center;\"><span style=\"color:#ffffff;\"><span style=\"font-size:2.25em;\"><strong>&amp;ldquo;&nbsp;&nbsp;Dole yange eri ludda wa?&nbsp;&amp;rdquo;&nbsp; Abby abuuza enkoko.<\/strong><\/span><\/span><\/p>\n"},"metadata":{"contentType":"Text","license":"U","title":"Untitled Text"},"subContentId":"40213a47-ce8b-4b05-81f4-9f9fd6a40547"},"alwaysDisplayComments":false,"backgroundOpacity":0,"willDoAnimation":false,"animationType":"glow","displayAsButton":false,"buttonSize":"big","goToSlideType":"specified","invisible":false,"solution":""},{"x":47.00255102040816,"y":43.95465994962216,"width":40,"height":40,"action":{"library":"H5P.CRAudio 1.4","params":{"fitToWrapper":true,"currIndex":12,"playerMode":"minimalistic","controls":true,"autoplay":true,"playAudio":"Play audio","pauseAudio":"Pause audio","contentName":"Audio","glowColor":"#ffd85a","timeStampForEachText":[{"text":" \u201c\u00a0\u00a0Dole ","startDuration":"0.5234","endDuration":"1.1339","wordfile":[{"path":"audios\/wordfile-64eb238a555ac.wav","mime":"audio\/x-wav","copyright":{"license":"U"}}]},{"text":" yange ","startDuration":"1.1349","endDuration":"1.8583","wordfile":[{"path":"audios\/wordfile-64eb23b5e83cb.wav","mime":"audio\/x-wav","copyright":{"license":"U"}}]},{"text":" eri ","startDuration":"2.2595","endDuration":"2.9624","wordfile":[{"path":"audios\/wordfile-64eb23cf57241.wav","mime":"audio\/x-wav","copyright":{"license":"U"}}]},{"text":" ludda ","startDuration":"2.9634","endDuration":"3.5739","wordfile":[{"path":"audios\/wordfile-64eb23ec7e90a.wav","mime":"audio\/x-wav","copyright":{"license":"U"}}]},{"text":" wa?\u00a0\u201d\u00a0 ","startDuration":"3.5749","endDuration":"3.8878","wordfile":[{"path":"audios\/wordfile-64eb23fcd7f52.wav","mime":"audio\/x-wav","copyright":{"license":"U"}}]},{"text":" Abby ","startDuration":"4.3712","endDuration":"4.8482","wordfile":[{"path":"audios\/wordfile-64eb241af14c7.wav","mime":"audio\/x-wav","copyright":{"license":"U"}}]},{"text":" abuuza ","startDuration":"5.1571","endDuration":"6.1473","wordfile":[{"path":"audios\/wordfile-64eb242db78f9.wav","mime":"audio\/x-wav","copyright":{"license":"U"}}]},{"text":" enkoko. ","startDuration":"6.1996","endDuration":"6.9435","wordfile":[{"path":"audios\/wordfile-64eb243c75a97.wav","mime":"audio\/x-wav","copyright":{"license":"U"}}]}],"files":[{"path":"audios\/files-64eb237726739.wav","mime":"audio\/x-wav","copyright":{"license":"U"}}]},"subContentId":"4c5f5e35-b71c-4741-9055-92c23a999772","metadata":{"contentType":"Curious Reader Audio","license":"U","title":"Untitled Curious Reader Audio"}},"backgroundOpacity":0,"willDoAnimation":false,"animationType":"glow","displayAsButton":false,"buttonSize":"big","goToSlideType":"specified","invisible":false},{"x":39.54081632653062,"y":27.692191435768265,"width":16.198979591836736,"height":47.10327455919395,"action":{"library":"H5P.Image 1.1","params":{"contentName":"Image"},"subContentId":"67135a63-34fb-435c-8d74-ec814ff0cc2d","metadata":{"contentType":"Image","license":"U","title":"Untitled Image"}},"backgroundOpacity":0,"willDoAnimation":true,"animationType":"glow","displayAsButton":false,"buttonSize":"big","goToSlideType":"specified","invisible":false,"id":"img4c5f5e35-b71c-4741-9055-92c23a999772_5"},{"x":28.061224489795915,"y":47.83148614609571,"width":11.096938775510205,"height":19.395465994962215,"action":{"library":"H5P.Image 1.1","params":{"contentName":"Image"},"subContentId":"6b36eac1-42c8-4f17-992b-5347e85f5acf","metadata":{"contentType":"Image","license":"U","title":"Untitled Image"}},"backgroundOpacity":0,"willDoAnimation":true,"animationType":"glow","displayAsButton":false,"buttonSize":"big","goToSlideType":"specified","invisible":false,"id":"img4c5f5e35-b71c-4741-9055-92c23a999772_7"}],"slideBackgroundSelector":{}},{"elements":[{"x":0,"y":80.51788413098237,"width":99.48979591836735,"height":17.884130982367758,"action":{"library":"H5P.CRAdvancedText 1.1","params":{"text":"<p style=\"text-align: center;\"><span style=\"color:#ffffff;\"><span style=\"font-size:2.25em;\"><strong>&amp;ldquo;&nbsp;Ku-ku-ku ,&nbsp;&amp;rdquo; enkoko bwegamba.<\/strong><\/span><\/span><\/p>\n"},"metadata":{"contentType":"Text","license":"U","title":"Untitled Text"},"subContentId":"c51dcd9e-7edb-4e3f-a732-eb83171f9f84"},"alwaysDisplayComments":false,"backgroundOpacity":0,"willDoAnimation":false,"animationType":"glow","displayAsButton":false,"buttonSize":"big","goToSlideType":"specified","invisible":false,"solution":""},{"x":26.041666666666664,"y":9.817351598173516,"width":46.875,"height":68.4931506849315,"action":{"library":"H5P.Image 1.1","params":{"contentName":"Image","file":{"path":"images\/file-61ef428f3c6ba.jpeg","mime":"image\/jpeg","copyright":{"license":"U"},"width":1472,"height":1024}},"metadata":{"contentType":"Image","license":"U","title":"Untitled Image"},"subContentId":"a552ad47-969f-4430-a0e3-0cecf80ed29d"},"backgroundOpacity":0,"willDoAnimation":false,"animationType":"glow","displayAsButton":false,"buttonSize":"big","goToSlideType":"specified","invisible":false},{"x":47.00255102040816,"y":43.95465994962216,"width":40,"height":40,"action":{"library":"H5P.CRAudio 1.4","params":{"fitToWrapper":true,"currIndex":13,"playerMode":"minimalistic","controls":true,"autoplay":true,"playAudio":"Play audio","pauseAudio":"Pause audio","contentName":"Audio","glowColor":"#ffd85a","timeStampForEachText":[{"text":" \u201c\u00a0Kukuku ,\u00a0\u201d ","startDuration":"0.1766","endDuration":"1.5410","wordfile":[{"path":"audios\/wordfile-64eb24893c2a8.wav","mime":"audio\/x-wav","copyright":{"license":"U"}}]},{"text":" enkoko ","startDuration":"1.8822","endDuration":"2.7952","wordfile":[{"path":"audios\/wordfile-64eb249c40ad7.wav","mime":"audio\/x-wav","copyright":{"license":"U"}}]},{"text":" bwegamba. ","startDuration":"3.0709","endDuration":"4.2260","wordfile":[{"path":"audios\/wordfile-64eb24ac2becd.wav","mime":"audio\/x-wav","copyright":{"license":"U"}}]}],"files":[{"path":"audios\/files-64eb24663485d.wav","mime":"audio\/x-wav","copyright":{"license":"U"}}]},"subContentId":"37ca5eff-2a88-4e9e-8421-65975e888bea","metadata":{"contentType":"Curious Reader Audio","license":"U","title":"Untitled Curious Reader Audio"}},"backgroundOpacity":0,"willDoAnimation":false,"animationType":"glow","displayAsButton":false,"buttonSize":"big","goToSlideType":"specified","invisible":false},{"x":54.8469387755102,"y":42.79748110831235,"width":7.270408163265306,"height":19.395465994962215,"action":{"library":"H5P.Image 1.1","params":{"contentName":"Image"},"subContentId":"9a2ac3c6-e8dd-4a46-b912-b6d18546a136","metadata":{"contentType":"Image","license":"U","title":"Untitled Image"}},"backgroundOpacity":0,"willDoAnimation":true,"animationType":"glow","displayAsButton":false,"buttonSize":"big","goToSlideType":"specified","invisible":false,"id":"img37ca5eff-2a88-4e9e-8421-65975e888bea_1"}],"slideBackgroundSelector":{}},{"elements":[{"x":25.462962962962962,"y":9.132420091324201,"width":48.61111111111111,"height":67.8082191780822,"action":{"library":"H5P.Image 1.1","params":{"contentName":"Image","file":{"path":"images\/file-61ef430c0d077.jpeg","mime":"image\/jpeg","copyright":{"license":"U"},"width":1472,"height":1024}},"metadata":{"contentType":"Image","license":"U","title":"Untitled Image"},"subContentId":"42f44229-0dac-467c-b39f-55a14f954207"},"backgroundOpacity":0,"willDoAnimation":false,"animationType":"glow","displayAsButton":false,"buttonSize":"big","goToSlideType":"specified","invisible":false},{"x":0,"y":70.50931989924433,"width":99.48979591836735,"height":29.471032745591938,"action":{"library":"H5P.CRAdvancedText 1.1","params":{"text":"<p dir=\"ltr\" style=\"text-align: center;\"><span style=\"color:#ffffff;\"><span style=\"font-size:2.25em;\"><strong>&amp;ldquo;&nbsp;Dole yange eri ludda wa?&nbsp; &amp;rdquo;&nbsp; Abby abuuza embwa<\/strong><\/span><\/span><\/p>\n"},"metadata":{"contentType":"Text","license":"U","title":"Untitled Text"},"subContentId":"3d060cab-0ec0-44ca-bd10-fb49cb8dbbdd"},"alwaysDisplayComments":false,"backgroundOpacity":0,"willDoAnimation":false,"animationType":"glow","displayAsButton":false,"buttonSize":"big","goToSlideType":"specified","invisible":false,"solution":""},{"x":47.00255102040816,"y":43.95465994962216,"width":40,"height":40,"action":{"library":"H5P.CRAudio 1.4","params":{"fitToWrapper":true,"currIndex":14,"playerMode":"minimalistic","controls":true,"autoplay":true,"playAudio":"Play audio","pauseAudio":"Pause audio","contentName":"Audio","glowColor":"#ffd85a","timeStampForEachText":[{"text":" \u201c\u00a0Dole ","startDuration":"0.0000","endDuration":"0.3887","wordfile":[{"path":"audios\/wordfile-64eb24d8582e9.wav","mime":"audio\/x-wav","copyright":{"license":"U"}}]},{"text":" yange ","startDuration":"0.4199","endDuration":"0.9823","wordfile":[{"path":"audios\/wordfile-64eb24f431f4b.wav","mime":"audio\/x-wav","copyright":{"license":"U"}}]},{"text":" eri ","startDuration":"1.1871","endDuration":"1.6514","wordfile":[{"path":"audios\/wordfile-64eb250b4b58d.wav","mime":"audio\/x-wav","copyright":{"license":"U"}}]},{"text":" ludda ","startDuration":"1.6524","endDuration":"2.0713","wordfile":[{"path":"audios\/wordfile-64eb251976397.wav","mime":"audio\/x-wav","copyright":{"license":"U"}}]},{"text":" wa?\u00a0 \u201d\u00a0 ","startDuration":"2.0723","endDuration":"2.4610","wordfile":[{"path":"audios\/wordfile-64eb2529a09dd.wav","mime":"audio\/x-wav","copyright":{"license":"U"}}]},{"text":" Abby ","startDuration":"2.8244","endDuration":"3.3641","wordfile":[{"path":"audios\/wordfile-64eb2537ee63d.wav","mime":"audio\/x-wav","copyright":{"license":"U"}}]},{"text":" abuuza ","startDuration":"3.4481","endDuration":"4.1766","wordfile":[{"path":"audios\/wordfile-64eb25514cb50.wav","mime":"audio\/x-wav","copyright":{"license":"U"}}]},{"text":" embwa ","startDuration":"4.1776","endDuration":"4.7551","wordfile":[{"path":"audios\/wordfile-64eb255d9ae5e.wav","mime":"audio\/x-wav","copyright":{"license":"U"}}]}],"files":[{"path":"audios\/files-64eb24c33687b.wav","mime":"audio\/x-wav","copyright":{"license":"U"}}]},"subContentId":"fe16cc3f-4beb-4037-b8b7-f30d87a538a9","metadata":{"contentType":"Curious Reader Audio","license":"U","title":"Untitled Curious Reader Audio"}},"backgroundOpacity":0,"willDoAnimation":false,"animationType":"glow","displayAsButton":false,"buttonSize":"big","goToSlideType":"specified","invisible":false},{"x":31.887755102040817,"y":37.78337531486146,"width":20.025510204081634,"height":35.012594458438286,"action":{"library":"H5P.Image 1.1","params":{"contentName":"Image"},"subContentId":"b88d7361-3d7f-466f-9b01-9aba584ea036","metadata":{"contentType":"Image","license":"U","title":"Untitled Image"}},"backgroundOpacity":0,"willDoAnimation":true,"animationType":"glow","displayAsButton":false,"buttonSize":"big","goToSlideType":"specified","invisible":false,"id":"imgfe16cc3f-4beb-4037-b8b7-f30d87a538a9_7"},{"x":47.19387755102041,"y":27.684130982367762,"width":14.923469387755102,"height":44.58438287153652,"action":{"library":"H5P.Image 1.1","params":{"contentName":"Image"},"subContentId":"4eadf231-8d3d-4782-b26a-87a5d3a9da3d","metadata":{"contentType":"Image","license":"U","title":"Untitled Image"}},"backgroundOpacity":0,"willDoAnimation":true,"animationType":"glow","displayAsButton":false,"buttonSize":"big","goToSlideType":"specified","invisible":false,"id":"imgfe16cc3f-4beb-4037-b8b7-f30d87a538a9_5"}],"slideBackgroundSelector":{}},{"elements":[{"x":2.777219387755102,"y":25.098387909319904,"width":42.85714285714286,"height":73.04785894206549,"action":{"library":"H5P.CRAdvancedText 1.1","params":{"text":"<p style=\"text-align: center;\"><span style=\"color:#ffffff;\"><span style=\"font-size:2.25em;\"><strong>&amp;ldquo;&nbsp;&nbsp;wuf wuf wuf &nbsp;&amp;rdquo;&nbsp; embwa bwegamba. Embwa yasanga dole.<\/strong><\/span><\/span><\/p>\n"},"metadata":{"contentType":"Text","license":"U","title":"Untitled Text"},"subContentId":"b511544d-a0ee-4774-9583-6fd785fe3f4e"},"alwaysDisplayComments":false,"backgroundOpacity":0,"willDoAnimation":false,"animationType":"glow","displayAsButton":false,"buttonSize":"big","goToSlideType":"specified","invisible":false,"solution":""},{"x":46.29629629629629,"y":18.264840182648403,"width":48.61111111111111,"height":68.94977168949772,"action":{"library":"H5P.Image 1.1","params":{"contentName":"Image","file":{"path":"images\/file-61ef4ba5e2239.jpeg","mime":"image\/jpeg","copyright":{"license":"U"},"width":1472,"height":1024}},"metadata":{"contentType":"Image","license":"U","title":"Untitled Image"},"subContentId":"b63dec76-841b-495d-9c50-72b9a12cd00c"},"backgroundOpacity":0,"willDoAnimation":false,"animationType":"glow","displayAsButton":false,"buttonSize":"big","goToSlideType":"specified","invisible":false},{"x":47.00255102040816,"y":43.95465994962216,"width":40,"height":40,"action":{"library":"H5P.CRAudio 1.4","params":{"fitToWrapper":true,"currIndex":15,"playerMode":"minimalistic","controls":true,"autoplay":true,"playAudio":"Play audio","pauseAudio":"Pause audio","contentName":"Audio","glowColor":"#ffd85a","timeStampForEachText":[{"text":" \u201c\u00a0\u00a0wuf ","startDuration":"0.3076","endDuration":"0.7621","wordfile":[{"path":"audios\/wordfile-64eb25a2c70f0.wav","mime":"audio\/x-wav","copyright":{"license":"U"}}]},{"text":" wuf ","startDuration":"0.7631","endDuration":"1.0373","wordfile":[{"path":"audios\/wordfile-64eb25ae9188f.wav","mime":"audio\/x-wav","copyright":{"license":"U"}}]},{"text":" wuf \u00a0\u201d\u00a0 ","startDuration":"1.0383","endDuration":"1.4398","wordfile":[{"path":"audios\/wordfile-64eb25bacdf9b.wav","mime":"audio\/x-wav","copyright":{"license":"U"}}]},{"text":" embwa ","startDuration":"1.8332","endDuration":"2.7013","wordfile":[{"path":"audios\/wordfile-64eb25ca24bf8.wav","mime":"audio\/x-wav","copyright":{"license":"U"}}]},{"text":" bwegamba. ","startDuration":"2.9568","endDuration":"4.1219","wordfile":[{"path":"audios\/wordfile-64eb25d79f961.wav","mime":"audio\/x-wav","copyright":{"license":"U"}}]},{"text":" Embwa ","startDuration":"4.6850","endDuration":"5.6486","wordfile":[{"path":"audios\/wordfile-64eb25e4adcbf.wav","mime":"audio\/x-wav","copyright":{"license":"U"}}]},{"text":" yasanga ","startDuration":"5.7238","endDuration":"6.8041","wordfile":[{"path":"audios\/wordfile-64eb25f664fa2.wav","mime":"audio\/x-wav","copyright":{"license":"U"}}]},{"text":" dole. ","startDuration":"7.1975","endDuration":"7.8691","wordfile":[{"path":"audios\/wordfile-64eb260498e7a.wav","mime":"audio\/x-wav","copyright":{"license":"U"}}]}],"files":[{"path":"audios\/files-64eb257c6c456.wav","mime":"audio\/x-wav","copyright":{"license":"U"}}]},"subContentId":"a58d3084-638b-4fd7-b2a3-fcc1c7368796","metadata":{"contentType":"Curious Reader Audio","license":"U","title":"Untitled Curious Reader Audio"}},"backgroundOpacity":0,"willDoAnimation":false,"animationType":"glow","displayAsButton":false,"buttonSize":"big","goToSlideType":"specified","invisible":false},{"x":48.46938775510204,"y":57.90302267002518,"width":18.75,"height":21.914357682619645,"action":{"library":"H5P.Image 1.1","params":{"contentName":"Image"},"subContentId":"ae61d53f-c261-4307-a9b6-b7cff26ff383","metadata":{"contentType":"Image","license":"U","title":"Untitled Image"}},"backgroundOpacity":0,"willDoAnimation":true,"animationType":"glow","displayAsButton":false,"buttonSize":"big","goToSlideType":"specified","invisible":false,"id":"imga58d3084-638b-4fd7-b2a3-fcc1c7368796_3"},{"x":76.5295918367347,"y":57.90302267002518,"width":8.16326530612245,"height":16.876574307304786,"action":{"library":"H5P.Image 1.1","params":{"contentName":"Image"},"subContentId":"158bb972-a20a-4044-a2d8-d9ed894515ac","metadata":{"contentType":"Image","license":"U","title":"Untitled Image"}},"backgroundOpacity":0,"willDoAnimation":true,"animationType":"glow","displayAsButton":false,"buttonSize":"big","goToSlideType":"specified","invisible":false,"id":"imga58d3084-638b-4fd7-b2a3-fcc1c7368796_7"},{"x":47.19387755102041,"y":55.368261964735524,"width":21.301020408163264,"height":24.937027707808564,"action":{"library":"H5P.Image 1.1","params":{"contentName":"Image"},"subContentId":"67a1800f-1a81-4271-b93b-d6b140b86f02","metadata":{"contentType":"Image","license":"U","title":"Untitled Image"}},"backgroundOpacity":0,"willDoAnimation":true,"animationType":"glow","displayAsButton":false,"buttonSize":"big","goToSlideType":"specified","invisible":false,"id":"imga58d3084-638b-4fd7-b2a3-fcc1c7368796_5"}],"slideBackgroundSelector":{}},{"elements":[{"x":68.87755102040816,"y":5.037783375314861,"width":25.510204081632654,"height":10.327455919395465,"action":{"library":"H5P.Image 1.1","params":{"contentName":"Image","file":{"path":"images\/file-61fb28cb969ac.jpg","mime":"image\/jpeg","copyright":{"license":"U"},"width":1732,"height":354}},"metadata":{"contentType":"Image","license":"U","title":"Untitled Image"},"subContentId":"3ddcf391-a7ca-490e-afe3-7c9f9649c085"},"backgroundOpacity":0,"willDoAnimation":false,"animationType":"glow","displayAsButton":false,"buttonSize":"big","goToSlideType":"specified","invisible":false},{"x":36.98979591836735,"y":5.037783375314861,"width":22.95918367346939,"height":12.594458438287154,"action":{"library":"H5P.Image 1.1","params":{"contentName":"Image","file":{"path":"images\/file-61fb29a5596cb.png","mime":"image\/png","copyright":{"license":"U"},"width":814,"height":202}},"metadata":{"contentType":"Image","license":"U","title":"Untitled Image"},"subContentId":"c8bfa72b-e3a6-48a9-8831-366d1c8703eb"},"backgroundOpacity":0,"willDoAnimation":false,"animationType":"glow","displayAsButton":false,"buttonSize":"big","goToSlideType":"specified","invisible":false},{"x":3.826530612244898,"y":5.0338539042821155,"width":17.857142857142858,"height":12.846347607052897,"action":{"library":"H5P.Image 1.1","params":{"contentName":"Image","file":{"path":"images\/file-61fb296cf2c04.png","mime":"image\/png","copyright":{"license":"U"},"width":1350,"height":487}},"metadata":{"contentType":"Image","license":"U","title":"Untitled Image"},"subContentId":"ef1eb10b-04f4-45a7-9ac9-d816e125fb29"},"backgroundOpacity":0,"willDoAnimation":false,"animationType":"glow","displayAsButton":false,"buttonSize":"big","goToSlideType":"specified","invisible":false},{"x":6.535,"y":25.181057934508814,"width":86.86224489795919,"height":70.27707808564232,"action":{"library":"H5P.CRAdvancedText 1.1","params":{"text":"<h3 style=\"text-align: center;\"><span style=\"font-size:0.75em;\"><strong>\"Dole eyabula\" credits<\/strong><\/span><\/h3>\n\n<h3 style=\"text-align: center;\"><span style=\"font-size:0.75em;\">This work, \"<strong>Dole eyabula<\/strong>\", is a derivative of \"The Lost Doll\" as translated by Alisha Berger and used under CC BY. The \u00a9 for this translation lies with Room to Read, 2015.&nbsp;\"The Lost Doll\" is based on the original story:&nbsp;'Umdoli Lolahlekile', by Moleboge Shibboleth Poho. \u00a9 Room to Read, 2015.<\/span><\/h3>\n\n<h3 style=\"text-align: center;\"><span style=\"font-size:0.75em;\">This work, \"The Lost Doll\" is licensed under CC BY 4.0 by Curious Learning.<\/span><\/h3>\n\n<h3 style=\"text-align: center;\"><br>\n<span style=\"font-size:0.75em;\">Book builder - Abraham Jerry Kakooza<\/span><\/h3>\n\n<p style=\"text-align: center;\">&nbsp;<\/p>\n"},"metadata":{"contentType":"Text","license":"U","title":"Untitled Text"},"subContentId":"816d08a5-61c7-4cb6-bd45-d127b486d869"},"alwaysDisplayComments":false,"backgroundOpacity":0,"willDoAnimation":false,"animationType":"glow","displayAsButton":false,"buttonSize":"big","goToSlideType":"specified","invisible":false,"solution":""}],"slideBackgroundSelector":{}}],"keywordListEnabled":true,"globalBackgroundSelector":{},"keywordListAlwaysShow":false,"keywordListAutoHide":false,"keywordListOpacity":90},"override":{"activeSurface":false,"hideSummarySlide":false,"summarySlideSolutionButton":true,"summarySlideRetryButton":true,"enablePrintButton":false,"social":{"showFacebookShare":false,"facebookShare":{"url":"@currentpageurl","quote":"I scored @score out of @maxScore on a task at @currentpageurl."},"showTwitterShare":false,"twitterShare":{"statement":"I scored @score out of @maxScore on a task at @currentpageurl.","url":"@currentpageurl","hashtags":"h5p, course"},"showGoogleShare":false,"googleShareUrl":"@currentpageurl"}},"l10n":{"slide":"Slide","score":"Score","yourScore":"Your Score","maxScore":"Max Score","total":"Total","totalScore":"Total Score","showSolutions":"Show solutions","retry":"Retry","exportAnswers":"Export text","hideKeywords":"Hide sidebar navigation menu","showKeywords":"Show sidebar navigation menu","fullscreen":"Fullscreen","exitFullscreen":"Exit fullscreen","prevSlide":"Previous slide","nextSlide":"Next slide","currentSlide":"Current slide","lastSlide":"Last slide","solutionModeTitle":"Exit solution mode","solutionModeText":"Solution Mode","summaryMultipleTaskText":"Multiple tasks","scoreMessage":"You achieved:","shareFacebook":"Share on Facebook","shareTwitter":"Share on Twitter","shareGoogle":"Share on Google+","summary":"Summary","solutionsButtonTitle":"Show comments","printTitle":"Print","printIngress":"How would you like to print this presentation?","printAllSlides":"Print all slides","printCurrentSlide":"Print current slide","noTitle":"No title","accessibilitySlideNavigationExplanation":"Use left and right arrow to change slide in that direction whenever canvas is selected.","accessibilityCanvasLabel":"Presentation canvas. Use left and right arrow to move between slides.","containsNotCompleted":"@slideName contains not completed interaction","containsCompleted":"@slideName contains completed interaction","slideCount":"Slide @index of @total","containsOnlyCorrect":"@slideName only has correct answers","containsIncorrectAnswers":"@slideName has incorrect answers","shareResult":"Share Result","accessibilityTotalScore":"You got @score of @maxScore points in total","accessibilityEnteredFullscreen":"Entered fullscreen","accessibilityExitedFullscreen":"Exited fullscreen"}}