{"presentation":{"slides":[{"elements":[{"x":13.071895424836603,"y":6.4415268817204305,"width":68.7363834422658,"height":68.81720430107526,"action":{"library":"H5P.Image 1.1","params":{"contentName":"Image","file":{"path":"images\/file-6582f61cdb6a9.jpg","mime":"image\/jpeg","copyright":{"license":"U"},"width":959,"height":459}},"subContentId":"421e74ff-dfa5-4d73-b63a-cebff5b18795","metadata":{"contentType":"Image","license":"U","title":"Untitled Image"}},"backgroundOpacity":0,"willDoAnimation":false,"animationType":"glow","displayAsButton":false,"buttonSize":"big","goToSlideType":"specified","invisible":false},{"x":17.429193899782135,"y":79.56989247311827,"width":61.00217864923747,"height":18.279569892473116,"action":{"library":"H5P.CRAdvancedText 1.1","params":{"text":"<h2 dir=\"ltr\" style=\"text-align: center;\"><span style=\"font-size:2.25em;\">Eggaali ya Ckaku<\/span><\/h2>\n"},"subContentId":"66f4847e-d5bd-4023-9a15-bf634c8b0603","metadata":{"contentType":"Text","license":"U","title":"Untitled Text"}},"alwaysDisplayComments":false,"backgroundOpacity":0,"willDoAnimation":false,"animationType":"glow","displayAsButton":false,"buttonSize":"big","goToSlideType":"specified","invisible":false,"solution":""}],"slideBackgroundSelector":{}},{"elements":[{"x":15.250544662309368,"y":2.150537634408602,"width":65.359477124183,"height":70.96774193548387,"action":{"library":"H5P.Image 1.1","params":{"contentName":"Image","file":{"path":"images\/file-6582f6cf13510.jpg","mime":"image\/jpeg","copyright":{"license":"U"},"width":959,"height":516}},"subContentId":"da25cda4-6603-4d35-83de-c84d5cea3cbf","metadata":{"contentType":"Image","license":"U","title":"Untitled Image"}},"backgroundOpacity":0,"willDoAnimation":false,"animationType":"glow","displayAsButton":false,"buttonSize":"big","goToSlideType":"specified","invisible":false},{"x":13.071045918367346,"y":73.00856423173803,"width":75.25510204081633,"height":25.692695214105793,"action":{"library":"H5P.CRAdvancedText 1.1","params":{"text":"<p dir=\"ltr\" style=\"text-align: center;\"><span style=\"color:#ffffff;\"><span style=\"font-size:2.25em;\">Chaku yayagala okuzannya ne mikwano gye.<\/span><\/span><\/p>\n"},"subContentId":"36753ba6-9a9b-4174-83e7-808ea43aacdf","metadata":{"contentType":"Text","license":"U","title":"Untitled Text"}},"alwaysDisplayComments":false,"backgroundOpacity":0,"willDoAnimation":false,"animationType":"glow","displayAsButton":false,"buttonSize":"big","goToSlideType":"specified","invisible":false,"solution":""},{"x":47.00255102040816,"y":43.95465994962216,"width":40,"height":40,"action":{"library":"H5P.CRAudio 1.4","params":{"fitToWrapper":true,"currIndex":1,"playerMode":"minimalistic","controls":true,"autoplay":true,"playAudio":"Play audio","pauseAudio":"Pause audio","contentName":"Audio","glowColor":"#ffd85a","timeStampForEachText":[{"text":" Chaku ","startDuration":"0.0000","endDuration":"0.3348","wordfile":[{"path":"audios\/wordfile-65c63c1441421.mp3","mime":"audio\/mpeg","copyright":{"license":"U"}}]},{"text":" yayagala ","startDuration":"0.3358","endDuration":"0.7110","wordfile":[{"path":"audios\/wordfile-65c63c29c87a7.mp3","mime":"audio\/mpeg","copyright":{"license":"U"}}]},{"text":" okuzannya ","startDuration":"0.7120","endDuration":"1.2725","wordfile":[{"path":"audios\/wordfile-65c63c9b5ae09.mp3","mime":"audio\/mpeg","copyright":{"license":"U"}}]},{"text":" ne ","startDuration":"1.2735","endDuration":"1.4735","wordfile":[{"path":"audios\/wordfile-65c63e216fa26.wav","mime":"audio\/x-wav","copyright":{"license":"U"}}]},{"text":" mikwano ","startDuration":"1.4745","endDuration":"1.9676","wordfile":[{"path":"audios\/wordfile-65c63e49dd842.wav","mime":"audio\/x-wav","copyright":{"license":"U"}}]},{"text":" gye. ","startDuration":"1.9686","endDuration":"2.5000","wordfile":[{"path":"audios\/wordfile-65c63e72c21b4.mp3","mime":"audio\/mpeg","copyright":{"license":"U"}}]}],"files":[{"path":"audios\/files-65c63bf598bfc.mp3","mime":"audio\/mpeg","copyright":{"license":"U"}}]},"subContentId":"6dc84f81-062f-4931-95b2-30c5471fd07b","metadata":{"contentType":"Curious Reader Audio","license":"U","title":"Untitled Curious Reader Audio"}},"backgroundOpacity":0,"willDoAnimation":false,"animationType":"glow","displayAsButton":false,"buttonSize":"big","goToSlideType":"specified","invisible":false},{"x":48.46938775510204,"y":20.139319899244335,"width":13.64795918367347,"height":44.58438287153652,"action":{"library":"H5P.Image 1.1","params":{"contentName":"Image"},"subContentId":"b0d78166-664e-4b5f-a54c-ea2e821e220c","metadata":{"contentType":"Image","license":"U","title":"Untitled Image"}},"backgroundOpacity":0,"willDoAnimation":true,"animationType":"glow","displayAsButton":false,"buttonSize":"big","goToSlideType":"specified","invisible":false,"id":"img6dc84f81-062f-4931-95b2-30c5471fd07b_0"},{"x":21.683673469387756,"y":22.652317380352642,"width":14.923469387755102,"height":54.659949622166245,"action":{"library":"H5P.Image 1.1","params":{"contentName":"Image"},"subContentId":"376841a0-6137-40e3-8f39-9c18ec856433","metadata":{"contentType":"Image","license":"U","title":"Untitled Image"}},"backgroundOpacity":0,"willDoAnimation":true,"animationType":"glow","displayAsButton":false,"buttonSize":"big","goToSlideType":"specified","invisible":false,"id":"img6dc84f81-062f-4931-95b2-30c5471fd07b_4"},{"x":35.714285714285715,"y":25.181057934508814,"width":13.64795918367347,"height":44.83627204030226,"action":{"library":"H5P.Image 1.1","params":{"contentName":"Image"},"subContentId":"437dfd8b-c46d-4025-acd6-5d8d1520fabf","metadata":{"contentType":"Image","license":"U","title":"Untitled Image"}},"backgroundOpacity":0,"willDoAnimation":true,"animationType":"glow","displayAsButton":false,"buttonSize":"big","goToSlideType":"specified","invisible":false,"id":"img6dc84f81-062f-4931-95b2-30c5471fd07b_4"},{"x":59.94897959183674,"y":40.27858942065492,"width":12.627551020408163,"height":34.5088161209068,"action":{"library":"H5P.Image 1.1","params":{"contentName":"Image"},"subContentId":"0ba89865-32d4-4126-ba80-064474678406","metadata":{"contentType":"Image","license":"U","title":"Untitled Image"}},"backgroundOpacity":0,"willDoAnimation":true,"animationType":"glow","displayAsButton":false,"buttonSize":"big","goToSlideType":"specified","invisible":false,"id":"img6dc84f81-062f-4931-95b2-30c5471fd07b_4"}],"slideBackgroundSelector":{}},{"elements":[{"x":5.446623093681917,"y":4.301075268817204,"width":38.12636165577342,"height":93.54838709677419,"action":{"library":"H5P.Image 1.1","params":{"contentName":"Image","file":{"path":"images\/file-6582f72bd78b8.jpg","mime":"image\/jpeg","copyright":{"license":"U"},"width":479,"height":686}},"subContentId":"fb28b8d4-c35a-42fd-b001-fd43d70a400a","metadata":{"contentType":"Image","license":"U","title":"Untitled Image"}},"backgroundOpacity":0,"willDoAnimation":false,"animationType":"glow","displayAsButton":false,"buttonSize":"big","goToSlideType":"specified","invisible":false},{"x":48.46938775510204,"y":42.82115869017632,"width":49.01960784313726,"height":31.39784946236559,"action":{"library":"H5P.CRAdvancedText 1.1","params":{"text":"<p dir=\"ltr\" style=\"text-align: center;\"><span style=\"color:#ffffff;\"><span style=\"font-size:2.25em;\">Chaku yayagala eggaali ya Lili.<\/span><\/span><\/p>\n"},"subContentId":"9a88ce55-a8ca-437a-8702-a993e932e166","metadata":{"contentType":"Text","license":"U","title":"Untitled Text"}},"alwaysDisplayComments":false,"backgroundOpacity":0,"willDoAnimation":false,"animationType":"glow","displayAsButton":false,"buttonSize":"big","goToSlideType":"specified","invisible":false,"solution":""},{"x":93.11224489795919,"y":2.5188916876574305,"width":40,"height":40,"action":{"library":"H5P.CRAudio 1.4","params":{"fitToWrapper":true,"currIndex":2,"playerMode":"minimalistic","controls":true,"autoplay":true,"playAudio":"Play audio","pauseAudio":"Pause audio","contentName":"Audio","glowColor":"#ffd85a","timeStampForEachText":[{"text":" Chaku ","startDuration":"0.0000","endDuration":"0.2825","wordfile":[{"path":"audios\/wordfile-65cd21a86e11a.mp3","mime":"audio\/mpeg","copyright":{"license":"U"}}]},{"text":" yayagala ","startDuration":"0.2835","endDuration":"0.6654","wordfile":[{"path":"audios\/wordfile-65cd2201127c1.mp3","mime":"audio\/mpeg","copyright":{"license":"U"}}]},{"text":" eggaali ","startDuration":"0.6664","endDuration":"1.1090","wordfile":[{"path":"audios\/wordfile-65cd221bca629.mp3","mime":"audio\/mpeg","copyright":{"license":"U"}}]},{"text":" ya ","startDuration":"1.1100","endDuration":"1.3100","wordfile":[{"path":"audios\/wordfile-65cd222cbab9e.mp3","mime":"audio\/mpeg","copyright":{"license":"U"}}]},{"text":" Lili. ","startDuration":"1.3110","endDuration":"1.8000","wordfile":[{"path":"audios\/wordfile-65cd223c62ace.mp3","mime":"audio\/mpeg","copyright":{"license":"U"}}]}],"files":[{"path":"audios\/files-65cd2169d61bd.mp3","mime":"audio\/mpeg","copyright":{"license":"U"}}]},"subContentId":"6fa39ed0-38d2-44c3-9005-9f829edd41f6","metadata":{"contentType":"Curious Reader Audio","license":"U","title":"Untitled Curious Reader Audio"}},"backgroundOpacity":0,"willDoAnimation":false,"animationType":"glow","displayAsButton":false,"buttonSize":"big","goToSlideType":"specified","invisible":false},{"x":5.1020408163265305,"y":7.552745591939547,"width":13.64795918367347,"height":40.050377833753146,"action":{"library":"H5P.Image 1.1","params":{"contentName":"Image"},"subContentId":"3c709287-5529-45bd-b177-3aa78c4507b3","metadata":{"contentType":"Image","license":"U","title":"Untitled Image"}},"backgroundOpacity":0,"willDoAnimation":true,"animationType":"glow","displayAsButton":false,"buttonSize":"big","goToSlideType":"specified","invisible":false,"id":"img6fa39ed0-38d2-44c3-9005-9f829edd41f6_0"},{"x":20.408163265306122,"y":30.21108312342569,"width":16.198979591836736,"height":40.050377833753146,"action":{"library":"H5P.Image 1.1","params":{"contentName":"Image"},"subContentId":"68b1e489-184e-441c-8f5a-b09368f31319","metadata":{"contentType":"Image","license":"U","title":"Untitled Image"}},"backgroundOpacity":0,"willDoAnimation":true,"animationType":"glow","displayAsButton":false,"buttonSize":"big","goToSlideType":"specified","invisible":false,"id":"img6fa39ed0-38d2-44c3-9005-9f829edd41f6_4"},{"x":21.683673469387756,"y":50.35037783375314,"width":21.301020408163264,"height":40.050377833753146,"action":{"library":"H5P.Image 1.1","params":{"contentName":"Image"},"subContentId":"e58bb766-58d8-42f4-8785-c39abf517f6c","metadata":{"contentType":"Image","license":"U","title":"Untitled Image"}},"backgroundOpacity":0,"willDoAnimation":true,"animationType":"glow","displayAsButton":false,"buttonSize":"big","goToSlideType":"specified","invisible":false,"id":"img6fa39ed0-38d2-44c3-9005-9f829edd41f6_2"}],"slideBackgroundSelector":{}},{"elements":[{"x":3.2679738562091503,"y":2.150537634408602,"width":39.97821350762527,"height":96.77419354838709,"action":{"library":"H5P.Image 1.1","params":{"contentName":"Image","file":{"path":"images\/file-6582f7eede908.jpg","mime":"image\/jpeg","copyright":{"license":"U"},"width":479,"height":686}},"subContentId":"cafcd57b-3545-4c4b-bd65-7246c85de666","metadata":{"contentType":"Image","license":"U","title":"Untitled Image"}},"backgroundOpacity":0,"willDoAnimation":false,"animationType":"glow","displayAsButton":false,"buttonSize":"big","goToSlideType":"specified","invisible":false},{"x":42.09183673469388,"y":38.67481108312342,"width":49.10714285714286,"height":40.050377833753146,"action":{"library":"H5P.CRAdvancedText 1.1","params":{"text":"<p dir=\"ltr\" style=\"text-align: center;\"><span style=\"color:#ffffff;\"><span style=\"font-size:2.25em;\">Chaku yasalawo okwekolera eggaali ye.<\/span><\/span><\/p>\n"},"subContentId":"6ed4d0c8-4215-4a30-9633-4617986f09cd","metadata":{"contentType":"Text","license":"U","title":"Untitled Text"}},"alwaysDisplayComments":false,"backgroundOpacity":0,"willDoAnimation":false,"animationType":"glow","displayAsButton":false,"buttonSize":"big","goToSlideType":"specified","invisible":false,"solution":""},{"x":47.00255102040816,"y":43.95465994962216,"width":40,"height":40,"action":{"library":"H5P.CRAudio 1.4","params":{"fitToWrapper":true,"currIndex":3,"playerMode":"minimalistic","controls":true,"autoplay":true,"playAudio":"Play audio","pauseAudio":"Pause audio","contentName":"Audio","glowColor":"#ffd85a","timeStampForEachText":[{"text":" Chaku ","startDuration":"0.0000","endDuration":"0.3280","wordfile":[{"path":"audios\/wordfile-65cd227678b98.mp3","mime":"audio\/mpeg","copyright":{"license":"U"}}]},{"text":" yasalawo ","startDuration":"0.3290","endDuration":"1.0209","wordfile":[{"path":"audios\/wordfile-65cd228f82be3.mp3","mime":"audio\/mpeg","copyright":{"license":"U"}}]},{"text":" okwekolera ","startDuration":"1.0219","endDuration":"1.5150","wordfile":[{"path":"audios\/wordfile-65cd22ab0f786.mp3","mime":"audio\/mpeg","copyright":{"license":"U"}}]},{"text":" eggaali ","startDuration":"1.5150","endDuration":"2.0462","wordfile":[{"path":"audios\/wordfile-65cd22c9e6a2e.mp3","mime":"audio\/mpeg","copyright":{"license":"U"}}]},{"text":" ye. ","startDuration":"2.0472","endDuration":"2.5000","wordfile":[{"path":"audios\/wordfile-65cd22d98a135.mp3","mime":"audio\/mpeg","copyright":{"license":"U"}}]}],"files":[{"path":"audios\/files-65cd225f5fc52.mp3","mime":"audio\/mpeg","copyright":{"license":"U"}}]},"subContentId":"75cf3343-f5d7-4698-9cac-136d724ebdb5","metadata":{"contentType":"Curious Reader Audio","license":"U","title":"Untitled Curious Reader Audio"}},"backgroundOpacity":0,"willDoAnimation":false,"animationType":"glow","displayAsButton":false,"buttonSize":"big","goToSlideType":"specified","invisible":false},{"x":25.510204081632654,"y":5.031889168765743,"width":11.096938775510205,"height":67.2544080604534,"action":{"library":"H5P.Image 1.1","params":{"contentName":"Image"},"subContentId":"bf71a673-abf9-4d1c-adc3-74bfbcca527b","metadata":{"contentType":"Image","license":"U","title":"Untitled Image"}},"backgroundOpacity":0,"willDoAnimation":true,"animationType":"glow","displayAsButton":false,"buttonSize":"big","goToSlideType":"specified","invisible":false,"id":"img75cf3343-f5d7-4698-9cac-136d724ebdb5_0"}],"slideBackgroundSelector":{}},{"elements":[{"x":4.357298474945534,"y":2.148858064516129,"width":39.97821350762527,"height":96.77419354838709,"action":{"library":"H5P.Image 1.1","params":{"contentName":"Image","file":{"path":"images\/file-6582f82e21dc4.jpg","mime":"image\/jpeg","copyright":{"license":"U"},"width":479,"height":686}},"subContentId":"e2d5d6fe-aa9f-46a2-b83c-b89c31d009db","metadata":{"contentType":"Image","license":"U","title":"Untitled Image"}},"backgroundOpacity":0,"willDoAnimation":false,"animationType":"glow","displayAsButton":false,"buttonSize":"big","goToSlideType":"specified","invisible":false},{"x":48.46938775510204,"y":40.30226700251889,"width":40,"height":40,"action":{"library":"H5P.CRAdvancedText 1.1","params":{"text":"<p dir=\"ltr\" style=\"text-align: center;\"><span style=\"color:#ffffff;\"><span style=\"font-size:2.25em;\">Chaku yanoonya enduli z\u2019emiti.<\/span><\/span><\/p>\n"},"subContentId":"55b63758-aa28-4edd-9bdd-c0cd9261f76a","metadata":{"contentType":"Text","license":"U","title":"Untitled Text"}},"alwaysDisplayComments":false,"backgroundOpacity":0,"willDoAnimation":false,"animationType":"glow","displayAsButton":false,"buttonSize":"big","goToSlideType":"specified","invisible":false,"solution":""},{"x":47.00255102040816,"y":43.95465994962216,"width":40,"height":40,"action":{"library":"H5P.CRAudio 1.4","params":{"fitToWrapper":true,"currIndex":4,"playerMode":"minimalistic","controls":true,"autoplay":true,"playAudio":"Play audio","pauseAudio":"Pause audio","contentName":"Audio","glowColor":"#ffd85a","timeStampForEachText":[{"text":" Chaku ","startDuration":"0.0000","endDuration":"0.4705","wordfile":[{"path":"audios\/wordfile-65cd23129c10c.mp3","mime":"audio\/mpeg","copyright":{"license":"U"}}]},{"text":" yanoonya ","startDuration":"0.4715","endDuration":"0.8885","wordfile":[{"path":"audios\/wordfile-65cd232a19e5a.mp3","mime":"audio\/mpeg","copyright":{"license":"U"}}]},{"text":" enduli ","startDuration":"0.8885","endDuration":"1.3684","wordfile":[{"path":"audios\/wordfile-65cd234770b24.mp3","mime":"audio\/mpeg","copyright":{"license":"U"}}]},{"text":" z\u2019emiti. ","startDuration":"1.3694","endDuration":"2.0909","wordfile":[{"path":"audios\/wordfile-65cd2358df7d3.mp3","mime":"audio\/mpeg","copyright":{"license":"U"}}]}],"files":[{"path":"audios\/files-65cd22f44bec7.mp3","mime":"audio\/mpeg","copyright":{"license":"U"}}]},"subContentId":"44450639-ba93-4b1b-92cb-cfc6f6240d3d","metadata":{"contentType":"Curious Reader Audio","license":"U","title":"Untitled Curious Reader Audio"}},"backgroundOpacity":0,"willDoAnimation":false,"animationType":"glow","displayAsButton":false,"buttonSize":"big","goToSlideType":"specified","invisible":false},{"x":8.928571428571429,"y":47.84508816120906,"width":14.923469387755102,"height":35.012594458438286,"action":{"library":"H5P.Image 1.1","params":{"contentName":"Image"},"subContentId":"a0533306-608b-4b55-a483-bbb079fc41a6","metadata":{"contentType":"Image","license":"U","title":"Untitled Image"}},"backgroundOpacity":0,"willDoAnimation":true,"animationType":"glow","displayAsButton":false,"buttonSize":"big","goToSlideType":"specified","invisible":false,"id":"img44450639-ba93-4b1b-92cb-cfc6f6240d3d_0"},{"x":20.408163265306122,"y":42.79748110831235,"width":5.994897959183674,"height":40.050377833753146,"action":{"library":"H5P.Image 1.1","params":{"contentName":"Image"},"subContentId":"fc7c2760-d6be-4464-8d5c-471b2ddbb81a","metadata":{"contentType":"Image","license":"U","title":"Untitled Image"}},"backgroundOpacity":0,"willDoAnimation":true,"animationType":"glow","displayAsButton":false,"buttonSize":"big","goToSlideType":"specified","invisible":false,"id":"img44450639-ba93-4b1b-92cb-cfc6f6240d3d_3"},{"x":20.408163265306122,"y":42.79748110831235,"width":5.994897959183674,"height":40.050377833753146,"action":{"library":"H5P.Image 1.1","params":{"contentName":"Image"},"subContentId":"f01b779c-e55c-496f-b015-2022cd247dab","metadata":{"contentType":"Image","license":"U","title":"Untitled Image"}},"backgroundOpacity":0,"willDoAnimation":true,"animationType":"glow","displayAsButton":false,"buttonSize":"big","goToSlideType":"specified","invisible":false,"id":"img44450639-ba93-4b1b-92cb-cfc6f6240d3d_2"},{"x":17.857142857142858,"y":73.02821158690178,"width":12.372448979591837,"height":15.61712846347607,"action":{"library":"H5P.Image 1.1","params":{"contentName":"Image"},"subContentId":"bf12fc5c-7b10-42d4-bb5a-e28a217c7e97","metadata":{"contentType":"Image","license":"U","title":"Untitled Image"}},"backgroundOpacity":0,"willDoAnimation":true,"animationType":"glow","displayAsButton":false,"buttonSize":"big","goToSlideType":"specified","invisible":false,"id":"img44450639-ba93-4b1b-92cb-cfc6f6240d3d_2"},{"x":16.581632653061224,"y":73.00856423173803,"width":13.64795918367347,"height":16.876574307304786,"action":{"library":"H5P.Image 1.1","params":{"contentName":"Image"},"subContentId":"4f7d190c-a613-4df3-aad3-8deb24102c74","metadata":{"contentType":"Image","license":"U","title":"Untitled Image"}},"backgroundOpacity":0,"willDoAnimation":true,"animationType":"glow","displayAsButton":false,"buttonSize":"big","goToSlideType":"specified","invisible":false,"id":"img44450639-ba93-4b1b-92cb-cfc6f6240d3d_3"}],"slideBackgroundSelector":{}},{"elements":[{"x":5.446623093681917,"y":6.44658064516129,"width":39.97821350762527,"height":93.54838709677419,"action":{"library":"H5P.Image 1.1","params":{"contentName":"Image","file":{"path":"images\/file-6582f8657e7fd.jpg","mime":"image\/jpeg","copyright":{"license":"U"},"width":639,"height":687}},"subContentId":"59f6874d-70d3-4721-b27c-88467f7a9199","metadata":{"contentType":"Image","license":"U","title":"Untitled Image"}},"backgroundOpacity":0,"willDoAnimation":false,"animationType":"glow","displayAsButton":false,"buttonSize":"big","goToSlideType":"specified","invisible":false},{"x":42.09183673469388,"y":37.76372795969773,"width":54.8469387755102,"height":47.858942065491185,"action":{"library":"H5P.CRAdvancedText 1.1","params":{"text":"<p style=\"text-align: center;\"><span style=\"color:#ffffff;\"><span style=\"font-size:2.25em;\">Chaku era yajjukira nti yeetaaga emisumaali n\u2019ennyondo.<\/span><\/span><\/p>\n"},"subContentId":"aa0e15d9-a1e8-482d-8ee6-6e545bfeab5b","metadata":{"contentType":"Text","license":"U","title":"Untitled Text"}},"alwaysDisplayComments":false,"backgroundOpacity":0,"willDoAnimation":false,"animationType":"glow","displayAsButton":false,"buttonSize":"big","goToSlideType":"specified","invisible":false,"solution":""},{"x":93.11224489795919,"y":2.5188916876574305,"width":40,"height":40,"action":{"library":"H5P.CRAudio 1.4","params":{"fitToWrapper":true,"currIndex":5,"playerMode":"minimalistic","controls":true,"autoplay":true,"playAudio":"Play audio","pauseAudio":"Pause audio","contentName":"Audio","glowColor":"#ffd85a","files":[{"path":"audios\/files-65cd23766695d.mp3","mime":"audio\/mpeg","copyright":{"license":"U"}}],"timeStampForEachText":[{"text":" Chaku ","startDuration":"0.0000","endDuration":"0.5015","wordfile":[{"path":"audios\/wordfile-65cd242590fd9.mp3","mime":"audio\/mpeg","copyright":{"license":"U"}}]},{"text":" era ","startDuration":"0.5025","endDuration":"0.6523","wordfile":[{"path":"audios\/wordfile-65cd2439f0400.mp3","mime":"audio\/mpeg","copyright":{"license":"U"}}]},{"text":" yajjukira ","startDuration":"0.6523","endDuration":"1.4687","wordfile":[{"path":"audios\/wordfile-65cd245c60389.mp3","mime":"audio\/mpeg","copyright":{"license":"U"}}]},{"text":" nti ","startDuration":"1.4687","endDuration":"2.0581","wordfile":[{"path":"audios\/wordfile-65cd247a72658.mp3","mime":"audio\/mpeg","copyright":{"license":"U"}}]},{"text":" yeetaaga ","startDuration":"2.0591","endDuration":"2.9751","wordfile":[{"path":"audios\/wordfile-65cd249dbcbca.mp3","mime":"audio\/mpeg","copyright":{"license":"U"}}]},{"text":" emisumaali ","startDuration":"2.9761","endDuration":"3.5843","wordfile":[{"path":"audios\/wordfile-65cd24b3cb55f.mp3","mime":"audio\/mpeg","copyright":{"license":"U"}}]},{"text":" n\u2019ennyondo. ","startDuration":"3.5853","endDuration":"4.6600","wordfile":[{"path":"audios\/wordfile-65cd24cad2d34.mp3","mime":"audio\/mpeg","copyright":{"license":"U"}}]}]},"subContentId":"2e703334-4b73-43b4-b212-fd079eaf18b7","metadata":{"contentType":"Curious Reader Audio","license":"U","title":"Untitled Curious Reader Audio"}},"backgroundOpacity":0,"willDoAnimation":false,"animationType":"glow","displayAsButton":false,"buttonSize":"big","goToSlideType":"specified","invisible":false},{"x":6.377551020408164,"y":25.165289672544077,"width":14.923469387755102,"height":67.2544080604534,"action":{"library":"H5P.Image 1.1","params":{"contentName":"Image"},"subContentId":"26faad19-db98-46ee-80ee-e1dde585acae","metadata":{"contentType":"Image","license":"U","title":"Untitled Image"}},"backgroundOpacity":0,"willDoAnimation":true,"animationType":"glow","displayAsButton":false,"buttonSize":"big","goToSlideType":"specified","invisible":false,"id":"img2e703334-4b73-43b4-b212-fd079eaf18b7_0"},{"x":26.785714285714285,"y":12.590528967254407,"width":11.096938775510205,"height":14.357682619647354,"action":{"library":"H5P.Image 1.1","params":{"contentName":"Image"},"subContentId":"2ddf422e-4c16-4b8c-9d2e-0e4573d171cd","metadata":{"contentType":"Image","license":"U","title":"Untitled Image"}},"backgroundOpacity":0,"willDoAnimation":true,"animationType":"glow","displayAsButton":false,"buttonSize":"big","goToSlideType":"specified","invisible":false,"id":"img2e703334-4b73-43b4-b212-fd079eaf18b7_5"},{"x":25.510204081632654,"y":10.071637279596978,"width":13.64795918367347,"height":19.395465994962215,"action":{"library":"H5P.Image 1.1","params":{"contentName":"Image"},"subContentId":"7e3396a8-5251-4376-8a5b-be9e505c7899","metadata":{"contentType":"Image","license":"U","title":"Untitled Image"}},"backgroundOpacity":0,"willDoAnimation":true,"animationType":"glow","displayAsButton":false,"buttonSize":"big","goToSlideType":"specified","invisible":false,"id":"img2e703334-4b73-43b4-b212-fd079eaf18b7_6"}],"slideBackgroundSelector":{}},{"elements":[{"x":4.357298474945534,"y":2.150537634408602,"width":39.97821350762527,"height":95.69892473118279,"action":{"library":"H5P.Image 1.1","params":{"contentName":"Image","file":{"path":"images\/file-6582f8a2a9d1c.jpg","mime":"image\/jpeg","copyright":{"license":"U"},"width":479,"height":686}},"subContentId":"a12d8d51-bd78-4fea-affb-9061ee70f22e","metadata":{"contentType":"Image","license":"U","title":"Untitled Image"}},"backgroundOpacity":0,"willDoAnimation":false,"animationType":"glow","displayAsButton":false,"buttonSize":"big","goToSlideType":"specified","invisible":false},{"x":45.91836734693878,"y":40.8375314861461,"width":48.5969387755102,"height":40.050377833753146,"action":{"library":"H5P.CRAdvancedText 1.1","params":{"text":"<p dir=\"ltr\" style=\"text-align: center;\"><span style=\"color:#ffffff;\"><span style=\"font-size:2.25em;\">Chaku yagenda ewa kojja we okufuna obuyambi.<\/span><\/span><\/p>\n"},"subContentId":"b55726bc-a322-4bce-8773-377dd906e05f","metadata":{"contentType":"Text","license":"U","title":"Untitled Text"}},"alwaysDisplayComments":false,"backgroundOpacity":0,"willDoAnimation":false,"animationType":"glow","displayAsButton":false,"buttonSize":"big","goToSlideType":"specified","invisible":false,"solution":""},{"x":47.00255102040816,"y":43.95465994962216,"width":40,"height":40,"action":{"library":"H5P.CRAudio 1.4","params":{"fitToWrapper":true,"currIndex":6,"playerMode":"minimalistic","controls":true,"autoplay":true,"playAudio":"Play audio","pauseAudio":"Pause audio","contentName":"Audio","glowColor":"#ffd85a","timeStampForEachText":[{"text":" Chaku ","startDuration":"0.0000","endDuration":"0.5332","wordfile":[{"path":"audios\/wordfile-65cd25114899f.mp3","mime":"audio\/mpeg","copyright":{"license":"U"}}]},{"text":" yagenda ","startDuration":"0.5342","endDuration":"0.9409","wordfile":[{"path":"audios\/wordfile-65cd256469de5.mp3","mime":"audio\/mpeg","copyright":{"license":"U"}}]},{"text":" ewa ","startDuration":"0.9419","endDuration":"1.1419","wordfile":[{"path":"audios\/wordfile-65cd25836d1b8.mp3","mime":"audio\/mpeg","copyright":{"license":"U"}}]},{"text":" kojja ","startDuration":"1.1429","endDuration":"1.6972","wordfile":[{"path":"audios\/wordfile-65cd259795211.mp3","mime":"audio\/mpeg","copyright":{"license":"U"}}]},{"text":" we ","startDuration":"1.6982","endDuration":"1.9488","wordfile":[{"path":"audios\/wordfile-65cd2671bfee3.wav","mime":"audio\/x-wav","copyright":{"license":"U"}}]},{"text":" okufuna ","startDuration":"1.9498","endDuration":"2.2510","wordfile":[{"path":"audios\/wordfile-65cd269a64849.mp3","mime":"audio\/mpeg","copyright":{"license":"U"}}]},{"text":" obuyambi. ","startDuration":"2.2510","endDuration":"3.1300","wordfile":[{"path":"audios\/wordfile-65cd26c29df2a.mp3","mime":"audio\/mpeg","copyright":{"license":"U"}}]}],"files":[{"path":"audios\/files-65cd24f06853c.mp3","mime":"audio\/mpeg","copyright":{"license":"U"}}]},"subContentId":"5658a1a6-c2d3-4cff-be4a-656d94ac2a02","metadata":{"contentType":"Curious Reader Audio","license":"U","title":"Untitled Curious Reader Audio"}},"backgroundOpacity":0,"willDoAnimation":false,"animationType":"glow","displayAsButton":false,"buttonSize":"big","goToSlideType":"specified","invisible":false},{"x":19.131632653061224,"y":5.031889168765743,"width":26.403061224489797,"height":84.88664987405541,"action":{"library":"H5P.Image 1.1","params":{"contentName":"Image"},"subContentId":"85ba951b-b8f5-4068-a342-13a78c1536fb","metadata":{"contentType":"Image","license":"U","title":"Untitled Image"}},"backgroundOpacity":0,"willDoAnimation":true,"animationType":"glow","displayAsButton":false,"buttonSize":"big","goToSlideType":"specified","invisible":false,"id":"img5658a1a6-c2d3-4cff-be4a-656d94ac2a02_3"},{"x":8.928571428571429,"y":40.30226700251889,"width":13.64795918367347,"height":40.050377833753146,"action":{"library":"H5P.Image 1.1","params":{"contentName":"Image"},"subContentId":"3a77340e-e8c8-413e-9056-fc2e333f6e90","metadata":{"contentType":"Image","license":"U","title":"Untitled Image"}},"backgroundOpacity":0,"willDoAnimation":true,"animationType":"glow","displayAsButton":false,"buttonSize":"big","goToSlideType":"specified","invisible":false,"id":"img5658a1a6-c2d3-4cff-be4a-656d94ac2a02_0"}],"slideBackgroundSelector":{}},{"elements":[{"x":3.2679738562091507,"y":2.148858064516129,"width":39.97821350762527,"height":96.77419354838709,"action":{"library":"H5P.Image 1.1","params":{"contentName":"Image","file":{"path":"images\/file-6582f8d53e48b.jpg","mime":"image\/jpeg","copyright":{"license":"U"},"width":479,"height":686}},"subContentId":"92528443-ca85-4263-9bfc-286ba7fa3bad","metadata":{"contentType":"Image","license":"U","title":"Untitled Image"}},"backgroundOpacity":0,"willDoAnimation":false,"animationType":"glow","displayAsButton":false,"buttonSize":"big","goToSlideType":"specified","invisible":false},{"x":42.09183673469388,"y":15.10942065491184,"width":53.57142857142857,"height":83.1234256926952,"action":{"library":"H5P.CRAdvancedText 1.1","params":{"text":"<p dir=\"ltr\" style=\"text-align: center;\"><span style=\"color:#ffffff;\"><span style=\"font-size:2.25em;\">Kojja wa Chaku yamuwa ebikozesebwa. N\u2019amugamba abeere mwegendereza.<\/span><\/span><\/p>\n"},"subContentId":"41562dc7-92c2-4920-9175-0b9ee75a455f","metadata":{"contentType":"Text","license":"U","title":"Untitled Text"}},"alwaysDisplayComments":false,"backgroundOpacity":0,"willDoAnimation":false,"animationType":"glow","displayAsButton":false,"buttonSize":"big","goToSlideType":"specified","invisible":false,"solution":""},{"x":93.11224489795919,"y":2.5188916876574305,"width":40,"height":40,"action":{"library":"H5P.CRAudio 1.4","params":{"fitToWrapper":true,"currIndex":7,"playerMode":"minimalistic","controls":true,"autoplay":true,"playAudio":"Play audio","pauseAudio":"Pause audio","contentName":"Audio","glowColor":"#ffd85a","files":[{"path":"audios\/files-65cd26f1442b4.mp3","mime":"audio\/mpeg","copyright":{"license":"U"}}],"timeStampForEachText":[{"text":" Kojja ","startDuration":"0.0000","endDuration":"0.4120","wordfile":[{"path":"audios\/wordfile-65cd27cf388a0.mp3","mime":"audio\/mpeg","copyright":{"license":"U"}}]},{"text":" wa ","startDuration":"0.4130","endDuration":"0.6130","wordfile":[{"path":"audios\/wordfile-65cd2aa88c67a.wav","mime":"audio\/x-wav","copyright":{"license":"U"}}]},{"text":" Chaku ","startDuration":"0.6140","endDuration":"1.4908","wordfile":[{"path":"audios\/wordfile-65cd2abcf1ca8.mp3","mime":"audio\/mpeg","copyright":{"license":"U"}}]},{"text":" yamuwa ","startDuration":"1.4918","endDuration":"2.3441","wordfile":[{"path":"audios\/wordfile-65cd2af60a840.mp3","mime":"audio\/mpeg","copyright":{"license":"U"}}]},{"text":" ebikozesebwa. ","startDuration":"2.3451","endDuration":"3.4257","wordfile":[{"path":"audios\/wordfile-65cd2b0c808be.mp3","mime":"audio\/mpeg","copyright":{"license":"U"}}]},{"text":" N\u2019amugamba ","startDuration":"3.4267","endDuration":"4.7193","wordfile":[{"path":"audios\/wordfile-65cd2b26c7657.mp3","mime":"audio\/mpeg","copyright":{"license":"U"}}]},{"text":" abeere ","startDuration":"4.7203","endDuration":"4.9692","wordfile":[{"path":"audios\/wordfile-65cd2ba707865.wav","mime":"audio\/x-wav","copyright":{"license":"U"}}]},{"text":" mwegendereza. ","startDuration":"4.9702","endDuration":"6.0500","wordfile":[{"path":"audios\/wordfile-65cd2bcb35731.mp3","mime":"audio\/mpeg","copyright":{"license":"U"}}]}]},"subContentId":"f338c0d8-a267-498d-be44-a82af390c86b","metadata":{"contentType":"Curious Reader Audio","license":"U","title":"Untitled Curious Reader Audio"}},"backgroundOpacity":0,"willDoAnimation":false,"animationType":"glow","displayAsButton":false,"buttonSize":"big","goToSlideType":"specified","invisible":false},{"x":6.377551020408164,"y":47.84508816120906,"width":7.270408163265306,"height":16.876574307304786,"action":{"library":"H5P.Image 1.1","params":{"contentName":"Image"},"subContentId":"f5f4b967-b4c2-4f34-8f98-c975006f0dec","metadata":{"contentType":"Image","license":"U","title":"Untitled Image"}},"backgroundOpacity":0,"willDoAnimation":true,"animationType":"glow","displayAsButton":false,"buttonSize":"big","goToSlideType":"specified","invisible":false,"id":"imgf338c0d8-a267-498d-be44-a82af390c86b_4"},{"x":14.030612244897958,"y":40.29042821158691,"width":13.64795918367347,"height":19.395465994962215,"action":{"library":"H5P.Image 1.1","params":{"contentName":"Image"},"subContentId":"cbd732ef-dfd7-4198-98fb-6747782fd3ea","metadata":{"contentType":"Image","license":"U","title":"Untitled Image"}},"backgroundOpacity":0,"willDoAnimation":true,"animationType":"glow","displayAsButton":false,"buttonSize":"big","goToSlideType":"specified","invisible":false,"id":"imgf338c0d8-a267-498d-be44-a82af390c86b_4"}],"slideBackgroundSelector":{}},{"elements":[{"x":0,"y":0,"width":97.93028322440088,"height":98.06451612903226,"action":{"library":"H5P.Image 1.1","params":{"contentName":"Image","file":{"path":"images\/file-6582f91783856.jpg","mime":"image\/jpeg","copyright":{"license":"U"},"width":959,"height":687}},"subContentId":"b905eb68-4ec2-4d41-a807-2f5c3e7461c9","metadata":{"contentType":"Image","license":"U","title":"Untitled Image"}},"backgroundOpacity":0,"willDoAnimation":false,"animationType":"glow","displayAsButton":false,"buttonSize":"big","goToSlideType":"specified","invisible":false},{"x":8.928571428571429,"y":30.17934508816121,"width":51.02040816326531,"height":65.4911838790932,"action":{"library":"H5P.CRAdvancedText 1.1","params":{"text":"<p dir=\"ltr\" style=\"text-align: center;\"><span style=\"color:#ffffff;\"><span style=\"font-size:2.25em;\">Chaku yalowooza ku ngeri y\u2019okukolamu eggaali ye.<\/span><\/span><\/p>\n"},"subContentId":"4b0d3413-30b9-4e2b-af52-cdc16350c10c","metadata":{"contentType":"Text","license":"U","title":"Untitled Text"}},"alwaysDisplayComments":false,"backgroundOpacity":0,"willDoAnimation":false,"animationType":"glow","displayAsButton":false,"buttonSize":"big","goToSlideType":"specified","invisible":false,"solution":""},{"x":47.00255102040816,"y":43.95465994962216,"width":40,"height":40,"action":{"library":"H5P.CRAudio 1.4","params":{"fitToWrapper":true,"currIndex":8,"playerMode":"minimalistic","controls":true,"autoplay":true,"playAudio":"Play audio","pauseAudio":"Pause audio","contentName":"Audio","glowColor":"#ffd85a","timeStampForEachText":[{"text":" Chaku ","startDuration":"0.0000","endDuration":"0.4243","wordfile":[{"path":"audios\/wordfile-65ce37ec4a019.mp3","mime":"audio\/mpeg","copyright":{"license":"U"}}]},{"text":" yalowooza ","startDuration":"0.4253","endDuration":"1.0228","wordfile":[{"path":"audios\/wordfile-65ce380c4aba0.mp3","mime":"audio\/mpeg","copyright":{"license":"U"}}]},{"text":" ku ","startDuration":"1.0228","endDuration":"1.1254","wordfile":[{"path":"audios\/wordfile-65ce38511adf9.mp3","mime":"audio\/mpeg","copyright":{"license":"U"}}]},{"text":" ngeri ","startDuration":"1.1264","endDuration":"1.4445","wordfile":[{"path":"audios\/wordfile-65ce390a21847.wav","mime":"audio\/x-wav","copyright":{"license":"U"}}]},{"text":" y\u2019okukolamu ","startDuration":"1.4455","endDuration":"2.1020","wordfile":[{"path":"audios\/wordfile-65ce3a5737021.wav","mime":"audio\/x-wav","copyright":{"license":"U"}}]},{"text":" eggaali ","startDuration":"2.1020","endDuration":"2.6297","wordfile":[{"path":"audios\/wordfile-65ce3a846266f.mp3","mime":"audio\/mpeg","copyright":{"license":"U"}}]},{"text":" ye. ","startDuration":"2.6307","endDuration":"2.9200","wordfile":[{"path":"audios\/wordfile-65ce3a9338b39.mp3","mime":"audio\/mpeg","copyright":{"license":"U"}}]}],"files":[{"path":"audios\/files-65ce37ae49e29.mp3","mime":"audio\/mpeg","copyright":{"license":"U"}}]},"subContentId":"bfeb3afe-c8c4-4a08-bffc-e0fdda9c7e18","metadata":{"contentType":"Curious Reader Audio","license":"U","title":"Untitled Curious Reader Audio"}},"backgroundOpacity":0,"willDoAnimation":false,"animationType":"glow","displayAsButton":false,"buttonSize":"big","goToSlideType":"specified","invisible":false},{"x":57.39795918367347,"y":37.78337531486146,"width":33.673469387755105,"height":47.10327455919395,"action":{"library":"H5P.Image 1.1","params":{"contentName":"Image"},"subContentId":"7d83d6a9-6d60-431e-bf6d-6808b01cdc6e","metadata":{"contentType":"Image","license":"U","title":"Untitled Image"}},"backgroundOpacity":0,"willDoAnimation":true,"animationType":"glow","displayAsButton":false,"buttonSize":"big","goToSlideType":"specified","invisible":false,"id":"imgbfeb3afe-c8c4-4a08-bffc-e0fdda9c7e18_0"}],"slideBackgroundSelector":{}},{"elements":[{"x":3.2679738562091507,"y":4.297720430107527,"width":39.97821350762527,"height":95.69892473118279,"action":{"library":"H5P.Image 1.1","params":{"contentName":"Image","file":{"path":"images\/file-6582f95489ed3.jpg","mime":"image\/jpeg","copyright":{"license":"U"},"width":479,"height":686}},"subContentId":"ca658387-de74-4029-9595-32a598136409","metadata":{"contentType":"Image","license":"U","title":"Untitled Image"}},"backgroundOpacity":0,"willDoAnimation":false,"animationType":"glow","displayAsButton":false,"buttonSize":"big","goToSlideType":"specified","invisible":false},{"x":50.10867346938775,"y":36.53954659949623,"width":45.91836734693878,"height":40.050377833753146,"action":{"library":"H5P.CRAdvancedText 1.1","params":{"text":"<p dir=\"ltr\" style=\"text-align: center;\"><span style=\"color:#ffffff;\"><span style=\"font-size:2.25em;\">Chaku yatandika okukola eggaali.<\/span><\/span><\/p>\n"},"subContentId":"ebe359ba-481e-4f99-a8c0-e8e2ba425efc","metadata":{"contentType":"Text","license":"U","title":"Untitled Text"}},"alwaysDisplayComments":false,"backgroundOpacity":0,"willDoAnimation":false,"animationType":"glow","displayAsButton":false,"buttonSize":"big","goToSlideType":"specified","invisible":false,"solution":""},{"x":47.00255102040816,"y":43.95465994962216,"width":40,"height":40,"action":{"library":"H5P.CRAudio 1.4","params":{"fitToWrapper":true,"currIndex":9,"playerMode":"minimalistic","controls":true,"autoplay":true,"playAudio":"Play audio","pauseAudio":"Pause audio","contentName":"Audio","glowColor":"#ffd85a","timeStampForEachText":[{"text":" Chaku ","startDuration":"0.0000","endDuration":"0.3388","wordfile":[{"path":"audios\/wordfile-65ce3ad72b6ae.mp3","mime":"audio\/mpeg","copyright":{"license":"U"}}]},{"text":" yatandika ","startDuration":"0.3398","endDuration":"0.9536","wordfile":[{"path":"audios\/wordfile-65ce3b086cfce.mp3","mime":"audio\/mpeg","copyright":{"license":"U"}}]},{"text":" okukola ","startDuration":"0.9546","endDuration":"1.4159","wordfile":[{"path":"audios\/wordfile-65ce3b2c81dac.mp3","mime":"audio\/mpeg","copyright":{"license":"U"}}]},{"text":" eggaali. ","startDuration":"1.4169","endDuration":"2.0200","wordfile":[{"path":"audios\/wordfile-65ce3b3fe8d2a.mp3","mime":"audio\/mpeg","copyright":{"license":"U"}}]}],"files":[{"path":"audios\/files-65ce3ab4003aa.mp3","mime":"audio\/mpeg","copyright":{"license":"U"}}]},"subContentId":"ab0c7a01-559b-48d5-a5f0-0234a0c33636","metadata":{"contentType":"Curious Reader Audio","license":"U","title":"Untitled Curious Reader Audio"}},"backgroundOpacity":0,"willDoAnimation":false,"animationType":"glow","displayAsButton":false,"buttonSize":"big","goToSlideType":"specified","invisible":false},{"x":8.928571428571429,"y":32.72594458438287,"width":14.923469387755102,"height":40.050377833753146,"action":{"library":"H5P.Image 1.1","params":{"contentName":"Image"},"subContentId":"132a9172-cfa6-4a17-a691-cb6c2b1bfeaf","metadata":{"contentType":"Image","license":"U","title":"Untitled Image"}},"backgroundOpacity":0,"willDoAnimation":true,"animationType":"glow","displayAsButton":false,"buttonSize":"big","goToSlideType":"specified","invisible":false,"id":"imgab0c7a01-559b-48d5-a5f0-0234a0c33636_0"},{"x":20.408163265306122,"y":32.7455919395466,"width":14.923469387755102,"height":40.050377833753146,"action":{"library":"H5P.Image 1.1","params":{"contentName":"Image"},"subContentId":"1a525793-16a2-41a4-aa73-5372f3322291","metadata":{"contentType":"Image","license":"U","title":"Untitled Image"}},"backgroundOpacity":0,"willDoAnimation":true,"animationType":"glow","displayAsButton":false,"buttonSize":"big","goToSlideType":"specified","invisible":false,"id":"imgab0c7a01-559b-48d5-a5f0-0234a0c33636_2"},{"x":20.408163265306122,"y":30.21108312342569,"width":14.923469387755102,"height":40.050377833753146,"action":{"library":"H5P.Image 1.1","params":{"contentName":"Image"},"subContentId":"a6014b85-c7a2-4f44-99a9-5a4a1ccabaea","metadata":{"contentType":"Image","license":"U","title":"Untitled Image"}},"backgroundOpacity":0,"willDoAnimation":true,"animationType":"glow","displayAsButton":false,"buttonSize":"big","goToSlideType":"specified","invisible":false,"id":"imgab0c7a01-559b-48d5-a5f0-0234a0c33636_3"}],"slideBackgroundSelector":{}},{"elements":[{"x":4.357298474945534,"y":2.150537634408602,"width":39.97821350762527,"height":95.69892473118279,"action":{"library":"H5P.Image 1.1","params":{"contentName":"Image","file":{"path":"images\/file-6582f9838dd11.jpg","mime":"image\/jpeg","copyright":{"license":"U"},"width":479,"height":686}},"subContentId":"6368cbb9-4216-4806-a78c-04244d505890","metadata":{"contentType":"Image","license":"U","title":"Untitled Image"}},"backgroundOpacity":0,"willDoAnimation":false,"animationType":"glow","displayAsButton":false,"buttonSize":"big","goToSlideType":"specified","invisible":false},{"x":45.91836734693878,"y":37.78337531486146,"width":46.42857142857143,"height":40.050377833753146,"action":{"library":"H5P.CRAdvancedText 1.1","params":{"text":"<p dir=\"ltr\" style=\"text-align: center;\"><span style=\"color:#ffffff;\"><span style=\"font-size:2.25em;\">Eggaali yali nnungi nnyo! Wabula ng\u2019eriko obuzibu.<\/span><\/span><\/p>\n"},"subContentId":"a355e8e7-c5ed-4094-99d2-8040204b21eb","metadata":{"contentType":"Text","license":"U","title":"Untitled Text"}},"alwaysDisplayComments":false,"backgroundOpacity":0,"willDoAnimation":false,"animationType":"glow","displayAsButton":false,"buttonSize":"big","goToSlideType":"specified","invisible":false,"solution":""},{"x":47.00255102040816,"y":43.95465994962216,"width":40,"height":40,"action":{"library":"H5P.CRAudio 1.4","params":{"fitToWrapper":true,"currIndex":10,"playerMode":"minimalistic","controls":true,"autoplay":true,"playAudio":"Play audio","pauseAudio":"Pause audio","contentName":"Audio","glowColor":"#ffd85a","timeStampForEachText":[{"text":" Eggaali ","startDuration":"0.0000","endDuration":"0.4044","wordfile":[{"path":"audios\/wordfile-65ce3b8bd5c04.mp3","mime":"audio\/mpeg","copyright":{"license":"U"}}]},{"text":" yali ","startDuration":"0.4054","endDuration":"0.7617","wordfile":[{"path":"audios\/wordfile-65ce3bb480ef2.mp3","mime":"audio\/mpeg","copyright":{"license":"U"}}]},{"text":" nnungi ","startDuration":"0.7627","endDuration":"1.2873","wordfile":[{"path":"audios\/wordfile-65ce3ca82cf6e.wav","mime":"audio\/x-wav","copyright":{"license":"U"}}]},{"text":" nnyo! ","startDuration":"1.2883","endDuration":"2.1194","wordfile":[{"path":"audios\/wordfile-65ce3cbd6ab2b.wav","mime":"audio\/x-wav","copyright":{"license":"U"}}]},{"text":" Wabula ","startDuration":"2.1204","endDuration":"3.3242","wordfile":[{"path":"audios\/wordfile-65ce3cd900501.mp3","mime":"audio\/mpeg","copyright":{"license":"U"}}]},{"text":" ng\u2019eriko ","startDuration":"3.3252","endDuration":"3.7716","wordfile":[{"path":"audios\/wordfile-65ce3cf3892ea.mp3","mime":"audio\/mpeg","copyright":{"license":"U"}}]},{"text":" obuzibu. ","startDuration":"3.7726","endDuration":"4.4600","wordfile":[{"path":"audios\/wordfile-65ce3d0667318.mp3","mime":"audio\/mpeg","copyright":{"license":"U"}}]}],"files":[{"path":"audios\/files-65ce3b734700a.mp3","mime":"audio\/mpeg","copyright":{"license":"U"}}]},"subContentId":"90f2db37-58f0-4cf5-8f6b-86b815e7e5d2","metadata":{"contentType":"Curious Reader Audio","license":"U","title":"Untitled Curious Reader Audio"}},"backgroundOpacity":0,"willDoAnimation":false,"animationType":"glow","displayAsButton":false,"buttonSize":"big","goToSlideType":"specified","invisible":false},{"x":17.857142857142858,"y":45.31637279596977,"width":25.127551020408163,"height":40.050377833753146,"action":{"library":"H5P.Image 1.1","params":{"contentName":"Image"},"subContentId":"07f72656-c97f-4154-8c96-2fef18e80d7a","metadata":{"contentType":"Image","license":"U","title":"Untitled Image"}},"backgroundOpacity":0,"willDoAnimation":true,"animationType":"glow","displayAsButton":false,"buttonSize":"big","goToSlideType":"specified","invisible":false,"id":"img90f2db37-58f0-4cf5-8f6b-86b815e7e5d2_0"}],"slideBackgroundSelector":{}},{"elements":[{"x":3.2679738562091503,"y":2.150537634408602,"width":39.97821350762527,"height":95.69892473118279,"action":{"library":"H5P.Image 1.1","params":{"contentName":"Image","file":{"path":"images\/file-6582f9c9f38f2.jpg","mime":"image\/jpeg","copyright":{"license":"U"},"width":479,"height":686}},"subContentId":"9f8d3804-966c-4b96-9d67-50173d8d300c","metadata":{"contentType":"Image","license":"U","title":"Untitled Image"}},"backgroundOpacity":0,"willDoAnimation":false,"animationType":"glow","displayAsButton":false,"buttonSize":"big","goToSlideType":"specified","invisible":false},{"x":42.09183673469388,"y":30.20302267002519,"width":52.29591836734694,"height":55.415617128463474,"action":{"library":"H5P.CRAdvancedText 1.1","params":{"text":"<p dir=\"ltr\" style=\"text-align: center;\"><span style=\"color:#ffffff;\"><span style=\"font-size:2.25em;\">Lili yalaba ekizibu kya Chaku. N\u2019asalawo okumuyamba.<\/span><\/span><\/p>\n"},"subContentId":"a61b743b-74cb-4bd5-bd26-12e57b9e9005","metadata":{"contentType":"Text","license":"U","title":"Untitled Text"}},"alwaysDisplayComments":false,"backgroundOpacity":0,"willDoAnimation":false,"animationType":"glow","displayAsButton":false,"buttonSize":"big","goToSlideType":"specified","invisible":false,"solution":""},{"x":47.00255102040816,"y":43.95465994962216,"width":40,"height":40,"action":{"library":"H5P.CRAudio 1.4","params":{"fitToWrapper":true,"currIndex":11,"playerMode":"minimalistic","controls":true,"autoplay":true,"playAudio":"Play audio","pauseAudio":"Pause audio","contentName":"Audio","glowColor":"#ffd85a","timeStampForEachText":[{"text":" Lili ","startDuration":"0.0000","endDuration":"0.1544","wordfile":[{"path":"audios\/wordfile-65ce3d43021b8.mp3","mime":"audio\/mpeg","copyright":{"license":"U"}}]},{"text":" yalaba ","startDuration":"0.1554","endDuration":"0.4888","wordfile":[{"path":"audios\/wordfile-65ce3d7938d06.mp3","mime":"audio\/mpeg","copyright":{"license":"U"}}]},{"text":" ekizibu ","startDuration":"0.4888","endDuration":"1.0040","wordfile":[{"path":"audios\/wordfile-65ce3da0d56b9.mp3","mime":"audio\/mpeg","copyright":{"license":"U"}}]},{"text":" kya ","startDuration":"1.0050","endDuration":"1.2050","wordfile":[{"path":"audios\/wordfile-65ce3dd25631c.wav","mime":"audio\/x-wav","copyright":{"license":"U"}}]},{"text":" Chaku. ","startDuration":"1.2060","endDuration":"1.8925","wordfile":[{"path":"audios\/wordfile-65ce3df0ea49b.mp3","mime":"audio\/mpeg","copyright":{"license":"U"}}]},{"text":" N\u2019asalawo ","startDuration":"1.8935","endDuration":"2.8739","wordfile":[{"path":"audios\/wordfile-65ce3e08aeb12.mp3","mime":"audio\/mpeg","copyright":{"license":"U"}}]},{"text":" okumuyamba. ","startDuration":"2.8749","endDuration":"3.7387","wordfile":[{"path":"audios\/wordfile-65ce3e1b52eeb.mp3","mime":"audio\/mpeg","copyright":{"license":"U"}}]}],"files":[{"path":"audios\/files-65ce3d2b4b5d6.mp3","mime":"audio\/mpeg","copyright":{"license":"U"}}]},"subContentId":"d9dc5774-5163-4385-b9fd-753b24c5e6ba","metadata":{"contentType":"Curious Reader Audio","license":"U","title":"Untitled Curious Reader Audio"}},"backgroundOpacity":0,"willDoAnimation":false,"animationType":"glow","displayAsButton":false,"buttonSize":"big","goToSlideType":"specified","invisible":false},{"x":5.1020408163265305,"y":35.2448362720403,"width":11.096938775510205,"height":29.471032745591938,"action":{"library":"H5P.Image 1.1","params":{"contentName":"Image"},"subContentId":"f51e43b6-1b29-4996-af13-5316f13c664a","metadata":{"contentType":"Image","license":"U","title":"Untitled Image"}},"backgroundOpacity":0,"willDoAnimation":true,"animationType":"glow","displayAsButton":false,"buttonSize":"big","goToSlideType":"specified","invisible":false,"id":"imgd9dc5774-5163-4385-b9fd-753b24c5e6ba_0"},{"x":22.95918367346939,"y":27.692191435768265,"width":9.821428571428571,"height":35.012594458438286,"action":{"library":"H5P.Image 1.1","params":{"contentName":"Image"},"subContentId":"b9c19c7a-4d55-4da6-887c-9c37d7ca95b5","metadata":{"contentType":"Image","license":"U","title":"Untitled Image"}},"backgroundOpacity":0,"willDoAnimation":true,"animationType":"glow","displayAsButton":false,"buttonSize":"big","goToSlideType":"specified","invisible":false,"id":"imgd9dc5774-5163-4385-b9fd-753b24c5e6ba_4"}],"slideBackgroundSelector":{}},{"elements":[{"x":43.19346405228758,"y":25.791397849462367,"width":55.44662309368192,"height":70.96774193548387,"action":{"library":"H5P.Image 1.1","params":{"contentName":"Image","file":{"path":"images\/file-6582fa0e7a729.jpg","mime":"image\/jpeg","copyright":{"license":"U"},"width":959,"height":687}},"subContentId":"3ccdf63e-a32d-4e4c-9b61-15b14f985b43","metadata":{"contentType":"Image","license":"U","title":"Untitled Image"}},"backgroundOpacity":0,"willDoAnimation":false,"animationType":"glow","displayAsButton":false,"buttonSize":"big","goToSlideType":"specified","invisible":false},{"x":3.2679738562091503,"y":19.354838709677416,"width":40,"height":40,"action":{"library":"H5P.CRAdvancedText 1.1","params":{"text":"<p dir=\"ltr\" style=\"text-align: center;\"><span style=\"color:#ffffff;\"><span style=\"font-size:2.25em;\">Nga bali wamu, baakola eggaali e\u014b\u014bumu.<\/span><\/span><\/p>\n"},"subContentId":"593db92d-80ca-4922-a46d-9ed57765478e","metadata":{"contentType":"Text","license":"U","title":"Untitled Text"}},"alwaysDisplayComments":false,"backgroundOpacity":0,"willDoAnimation":false,"animationType":"glow","displayAsButton":false,"buttonSize":"big","goToSlideType":"specified","invisible":false,"solution":""},{"x":47.00255102040816,"y":43.95465994962216,"width":40,"height":40,"action":{"library":"H5P.CRAudio 1.4","params":{"fitToWrapper":true,"currIndex":12,"playerMode":"minimalistic","controls":true,"autoplay":true,"playAudio":"Play audio","pauseAudio":"Pause audio","contentName":"Audio","glowColor":"#ffd85a","timeStampForEachText":[{"text":" Nga ","startDuration":"0.0000","endDuration":"0.3063","wordfile":[{"path":"audios\/wordfile-65ce3e93843e1.mp3","mime":"audio\/mpeg","copyright":{"license":"U"}}]},{"text":" bali ","startDuration":"0.3073","endDuration":"0.5073","wordfile":[{"path":"audios\/wordfile-65ce3f1e0d774.wav","mime":"audio\/x-wav","copyright":{"license":"U"}}]},{"text":" wamu, ","startDuration":"0.5083","endDuration":"1.1058","wordfile":[{"path":"audios\/wordfile-65ce3f3d5ebc8.mp3","mime":"audio\/mpeg","copyright":{"license":"U"}}]},{"text":" baakola ","startDuration":"1.1068","endDuration":"1.9443","wordfile":[{"path":"audios\/wordfile-65ce3f7087a2d.mp3","mime":"audio\/mpeg","copyright":{"license":"U"}}]},{"text":" eggaali ","startDuration":"1.9453","endDuration":"2.3145","wordfile":[{"path":"audios\/wordfile-65ce3f86c42ec.mp3","mime":"audio\/mpeg","copyright":{"license":"U"}}]},{"text":" e\u014b\u014bumu. ","startDuration":"2.3155","endDuration":"2.9200","wordfile":[{"path":"audios\/wordfile-65ce3f98ea9ac.mp3","mime":"audio\/mpeg","copyright":{"license":"U"}}]}],"files":[{"path":"audios\/files-65ce3e4049612.mp3","mime":"audio\/mpeg","copyright":{"license":"U"}}]},"subContentId":"c6fb1561-7d3b-4a15-a932-f1490c714b39","metadata":{"contentType":"Curious Reader Audio","license":"U","title":"Untitled Curious Reader Audio"}},"backgroundOpacity":0,"willDoAnimation":false,"animationType":"glow","displayAsButton":false,"buttonSize":"big","goToSlideType":"specified","invisible":false},{"x":77.8061224489796,"y":67.97455919395465,"width":15.816326530612246,"height":24.43324937027708,"action":{"library":"H5P.Image 1.1","params":{"contentName":"Image"},"subContentId":"72c6d9e0-e434-470d-bcde-f3b359ad57cf","metadata":{"contentType":"Image","license":"U","title":"Untitled Image"}},"backgroundOpacity":0,"willDoAnimation":true,"animationType":"glow","displayAsButton":false,"buttonSize":"big","goToSlideType":"specified","invisible":false,"id":"imgc6fb1561-7d3b-4a15-a932-f1490c714b39_4"}],"slideBackgroundSelector":{}},{"elements":[{"x":3.2679738562091503,"y":4.301075268817204,"width":39.97821350762527,"height":95.69892473118279,"action":{"library":"H5P.Image 1.1","params":{"contentName":"Image","file":{"path":"images\/file-6582fa801b2bb.jpg","mime":"image\/jpeg","copyright":{"license":"U"},"width":639,"height":687}},"subContentId":"9be5a284-a001-40c0-9a7f-2116761d05e2","metadata":{"contentType":"Image","license":"U","title":"Untitled Image"}},"backgroundOpacity":0,"willDoAnimation":false,"animationType":"glow","displayAsButton":false,"buttonSize":"big","goToSlideType":"specified","invisible":false},{"x":42.09183673469388,"y":30.226700251889167,"width":57.39795918367347,"height":40.050377833753146,"action":{"library":"H5P.CRAdvancedText 1.1","params":{"text":"<p dir=\"ltr\" style=\"text-align: center;\"><span style=\"color:#ffffff;\"><span style=\"font-size:2.25em;\">Chaku yavuga eggaali ye buli we yagendanga.<\/span><\/span><\/p>\n"},"subContentId":"936ea689-fca6-4e29-9824-7b531547a589","metadata":{"contentType":"Text","license":"U","title":"Untitled Text"}},"alwaysDisplayComments":false,"backgroundOpacity":0,"willDoAnimation":false,"animationType":"glow","displayAsButton":false,"buttonSize":"big","goToSlideType":"specified","invisible":false,"solution":""},{"x":47.00255102040816,"y":43.95465994962216,"width":40,"height":40,"action":{"library":"H5P.CRAudio 1.4","params":{"fitToWrapper":true,"currIndex":13,"playerMode":"minimalistic","controls":true,"autoplay":true,"playAudio":"Play audio","pauseAudio":"Pause audio","contentName":"Audio","glowColor":"#ffd85a","files":[{"path":"audios\/files-65ce3fdbd26a9.mp3","mime":"audio\/mpeg","copyright":{"license":"U"}}],"timeStampForEachText":[{"text":" Chaku ","startDuration":"0.0000","endDuration":"0.2953","wordfile":[{"path":"audios\/wordfile-65ce4047e07b5.mp3","mime":"audio\/mpeg","copyright":{"license":"U"}}]},{"text":" yavuga ","startDuration":"0.2963","endDuration":"0.7419","wordfile":[{"path":"audios\/wordfile-65ce42fa5eb67.wav","mime":"audio\/x-wav","copyright":{"license":"U"}}]},{"text":" eggaali ","startDuration":"0.7429","endDuration":"1.2288","wordfile":[{"path":"audios\/wordfile-65ce4326164b0.mp3","mime":"audio\/mpeg","copyright":{"license":"U"}}]},{"text":" ye ","startDuration":"1.2298","endDuration":"1.4298","wordfile":[{"path":"audios\/wordfile-65ce4336b02d7.mp3","mime":"audio\/mpeg","copyright":{"license":"U"}}]},{"text":" buli ","startDuration":"1.4308","endDuration":"1.6308","wordfile":[{"path":"audios\/wordfile-65ce434402c59.mp3","mime":"audio\/mpeg","copyright":{"license":"U"}}]},{"text":" we ","startDuration":"1.6318","endDuration":"1.7805","wordfile":[{"path":"audios\/wordfile-65ce4362e735c.wav","mime":"audio\/x-wav","copyright":{"license":"U"}}]},{"text":" yagendanga. ","startDuration":"1.7815","endDuration":"2.7200","wordfile":[{"path":"audios\/wordfile-65ce44336bc86.wav","mime":"audio\/x-wav","copyright":{"license":"U"}}]}]},"subContentId":"c67348bf-c941-4197-8f83-1893b9092ea5","metadata":{"contentType":"Curious Reader Audio","license":"U","title":"Untitled Curious Reader Audio"}},"backgroundOpacity":0,"willDoAnimation":false,"animationType":"glow","displayAsButton":false,"buttonSize":"big","goToSlideType":"specified","invisible":false},{"x":20.408163265306122,"y":12.582644836272038,"width":14.923469387755102,"height":34.5088161209068,"action":{"library":"H5P.Image 1.1","params":{"contentName":"Image"},"subContentId":"ba005d22-b297-4e84-aa4e-946ead87a6e6","metadata":{"contentType":"Image","license":"U","title":"Untitled Image"}},"backgroundOpacity":0,"willDoAnimation":true,"animationType":"glow","displayAsButton":false,"buttonSize":"big","goToSlideType":"specified","invisible":false,"id":"imgc67348bf-c941-4197-8f83-1893b9092ea5_0"},{"x":17.857142857142858,"y":37.76372795969773,"width":26.403061224489797,"height":40.050377833753146,"action":{"library":"H5P.Image 1.1","params":{"contentName":"Image"},"subContentId":"58ab9b7f-5de3-423c-a998-28068be2e20f","metadata":{"contentType":"Image","license":"U","title":"Untitled Image"}},"backgroundOpacity":0,"willDoAnimation":true,"animationType":"glow","displayAsButton":false,"buttonSize":"big","goToSlideType":"specified","invisible":false,"id":"imgc67348bf-c941-4197-8f83-1893b9092ea5_2"}],"slideBackgroundSelector":{}},{"elements":[{"x":3.2679738562091503,"y":2.150537634408602,"width":39.97821350762527,"height":95.69892473118279,"action":{"library":"H5P.Image 1.1","params":{"contentName":"Image","file":{"path":"images\/file-6582fab2e8792.jpg","mime":"image\/jpeg","copyright":{"license":"U"},"width":479,"height":686}},"subContentId":"a5cc3ace-1cb3-4463-a4b8-cf993423732e","metadata":{"contentType":"Image","license":"U","title":"Untitled Image"}},"backgroundOpacity":0,"willDoAnimation":false,"animationType":"glow","displayAsButton":false,"buttonSize":"big","goToSlideType":"specified","invisible":false},{"x":44.642857142857146,"y":32.7455919395466,"width":51.02040816326531,"height":52.896725440806044,"action":{"library":"H5P.CRAdvancedText 1.1","params":{"text":"<p dir=\"ltr\" style=\"text-align: center;\"><span style=\"color:#ffffff;\"><span style=\"font-size:2.25em;\">Naye yanyumirwanga nnyo mu kaseera nga avugira kumu ne Lili.<\/span><\/span><\/p>\n"},"subContentId":"d153d157-4df3-43a2-bd6f-b4ff096d12a1","metadata":{"contentType":"Text","license":"U","title":"Untitled Text"}},"alwaysDisplayComments":false,"backgroundOpacity":0,"willDoAnimation":false,"animationType":"glow","displayAsButton":false,"buttonSize":"big","goToSlideType":"specified","invisible":false,"solution":""},{"x":47.00255102040816,"y":43.95465994962216,"width":40,"height":40,"action":{"library":"H5P.CRAudio 1.4","params":{"fitToWrapper":true,"currIndex":14,"playerMode":"minimalistic","controls":true,"autoplay":true,"playAudio":"Play audio","pauseAudio":"Pause audio","contentName":"Audio","glowColor":"#ffd85a","timeStampForEachText":[{"text":" Naye ","startDuration":"0.0000","endDuration":"0.2591","wordfile":[{"path":"audios\/wordfile-65ce4583129dd.mp3","mime":"audio\/mpeg","copyright":{"license":"U"}}]},{"text":" yanyumirwanga ","startDuration":"0.2601","endDuration":"1.0407","wordfile":[{"path":"audios\/wordfile-65ce462dd6644.wav","mime":"audio\/x-wav","copyright":{"license":"U"}}]},{"text":" nnyo ","startDuration":"1.0417","endDuration":"1.2417","wordfile":[{"path":"audios\/wordfile-65ce46534ebe6.wav","mime":"audio\/x-wav","copyright":{"license":"U"}}]},{"text":" mu ","startDuration":"1.2427","endDuration":"1.3559","wordfile":[{"path":"audios\/wordfile-65ce468b1a2dc.wav","mime":"audio\/x-wav","copyright":{"license":"U"}}]},{"text":" kaseera ","startDuration":"1.3569","endDuration":"1.9228","wordfile":[{"path":"audios\/wordfile-65ce46f407948.wav","mime":"audio\/x-wav","copyright":{"license":"U"}}]},{"text":" nga ","startDuration":"1.9228","endDuration":"2.1190","wordfile":[{"path":"audios\/wordfile-65ce47234e300.mp3","mime":"audio\/mpeg","copyright":{"license":"U"}}]},{"text":" avugira ","startDuration":"2.1200","endDuration":"2.6664","wordfile":[{"path":"audios\/wordfile-65ce47c06f476.wav","mime":"audio\/x-wav","copyright":{"license":"U"}}]},{"text":" kumu ","startDuration":"2.6674","endDuration":"2.9942","wordfile":[{"path":"audios\/wordfile-65ce4824147d0.wav","mime":"audio\/x-wav","copyright":{"license":"U"}}]},{"text":" ne ","startDuration":"2.9952","endDuration":"3.1952","wordfile":[{"path":"audios\/wordfile-65ce48385ba35.wav","mime":"audio\/x-wav","copyright":{"license":"U"}}]},{"text":" Lili. ","startDuration":"3.1962","endDuration":"3.6200","wordfile":[{"path":"audios\/wordfile-65ce484aec16e.mp3","mime":"audio\/mpeg","copyright":{"license":"U"}}]}],"files":[{"path":"audios\/files-65ce446bd1b21.mp3","mime":"audio\/mpeg","copyright":{"license":"U"}}]},"subContentId":"e023e1fd-64a7-4114-866f-a51576cb3784","metadata":{"contentType":"Curious Reader Audio","license":"U","title":"Untitled Curious Reader Audio"}},"backgroundOpacity":0,"willDoAnimation":false,"animationType":"glow","displayAsButton":false,"buttonSize":"big","goToSlideType":"specified","invisible":false},{"x":14.03061224489796,"y":22.670025188916874,"width":12.372448979591837,"height":40.050377833753146,"action":{"library":"H5P.Image 1.1","params":{"contentName":"Image"},"subContentId":"2a032044-1bbe-46cc-bb6e-4e7092f325cd","metadata":{"contentType":"Image","license":"U","title":"Untitled Image"}},"backgroundOpacity":0,"willDoAnimation":true,"animationType":"glow","displayAsButton":false,"buttonSize":"big","goToSlideType":"specified","invisible":false,"id":"imge023e1fd-64a7-4114-866f-a51576cb3784_9"}],"slideBackgroundSelector":{}},{"elements":[{"x":5.446623093681917,"y":6.451612903225806,"width":19.607843137254903,"height":19.569892473118276,"action":{"library":"H5P.Image 1.1","params":{"contentName":"Image","file":{"path":"images\/file-6582faf97f388.png","mime":"image\/png","copyright":{"license":"U"},"width":1350,"height":487}},"subContentId":"adef2565-9d0b-433d-8139-92e610ba9372","metadata":{"contentType":"Image","license":"U","title":"Untitled Image"}},"backgroundOpacity":0,"willDoAnimation":false,"animationType":"glow","displayAsButton":false,"buttonSize":"big","goToSlideType":"specified","invisible":false},{"x":29.411764705882355,"y":6.4415268817204305,"width":19.607843137254903,"height":19.569892473118276,"action":{"library":"H5P.Image 1.1","params":{"contentName":"Image","file":{"path":"images\/file-6582fb0bd1481.png","mime":"image\/png","copyright":{"license":"U"},"width":814,"height":202}},"subContentId":"abaea07c-8ccf-4f94-9c73-5c3fad74e8b6","metadata":{"contentType":"Image","license":"U","title":"Untitled Image"}},"backgroundOpacity":0,"willDoAnimation":false,"animationType":"glow","displayAsButton":false,"buttonSize":"big","goToSlideType":"specified","invisible":false},{"x":53.37690631808279,"y":8.602150537634408,"width":39.97821350762527,"height":15.053763440860214,"action":{"library":"H5P.Image 1.1","params":{"contentName":"Image","file":{"path":"images\/file-6582fb223475c.jpg","mime":"image\/jpeg","copyright":{"license":"U"},"width":1732,"height":354}},"subContentId":"1e6de0e9-af4d-4212-be76-2db4139d5fc6","metadata":{"contentType":"Image","license":"U","title":"Untitled Image"}},"backgroundOpacity":0,"willDoAnimation":false,"animationType":"glow","displayAsButton":false,"buttonSize":"big","goToSlideType":"specified","invisible":false},{"x":3.826530612244898,"y":32.7455919395466,"width":93.68191721132898,"height":64.51612903225806,"action":{"library":"H5P.CRAdvancedText 1.1","params":{"text":"<h3 style=\"text-align: center;\">\u201cEggaali ya Ckaku\u201d credits<br>\nThis work, \u201cEggaali ya Ckaku\u201d is a derivative of Chaku's Cycleis translated byAlisha Berger. The \u00a9 for this translation lies with Room to Read, 2016. Some rights reserved. Released under CC BY 4.0 license.Based on Original story:'Baiskeli ya Chaku', byUpendo Maria. \u00a9 Room to Read , 2016. Some rights reserved.<\/h3>\n\n<h3 style=\"text-align: center;\">\u201cEggaali ya Ckaku\u201d is licensed under CC BY 4.0 by Curious Learning.<\/h3>\n\n<h3 style=\"text-align: center;\">Book builder - Abraham Jerry Kakooza<\/h3>\n"},"subContentId":"73649e64-c7ea-491d-8d78-f2ad67dcfe51","metadata":{"contentType":"Text","license":"U","title":"Untitled Text"}},"alwaysDisplayComments":false,"backgroundOpacity":0,"willDoAnimation":false,"animationType":"glow","displayAsButton":false,"buttonSize":"big","goToSlideType":"specified","invisible":false,"solution":""}],"slideBackgroundSelector":{}}],"keywordListEnabled":true,"globalBackgroundSelector":{},"keywordListAlwaysShow":false,"keywordListAutoHide":false,"keywordListOpacity":90},"override":{"activeSurface":false,"hideSummarySlide":false,"summarySlideSolutionButton":true,"summarySlideRetryButton":true,"enablePrintButton":false,"social":{"showFacebookShare":false,"facebookShare":{"url":"@currentpageurl","quote":"I scored @score out of @maxScore on a task at @currentpageurl."},"showTwitterShare":false,"twitterShare":{"statement":"I scored @score out of @maxScore on a task at @currentpageurl.","url":"@currentpageurl","hashtags":"h5p, course"},"showGoogleShare":false,"googleShareUrl":"@currentpageurl"}},"l10n":{"slide":"Slide","score":"Score","yourScore":"Your Score","maxScore":"Max Score","total":"Total","totalScore":"Total Score","showSolutions":"Show solutions","retry":"Retry","exportAnswers":"Export text","hideKeywords":"Hide sidebar navigation menu","showKeywords":"Show sidebar navigation menu","fullscreen":"Fullscreen","exitFullscreen":"Exit fullscreen","prevSlide":"Previous slide","nextSlide":"Next slide","currentSlide":"Current slide","lastSlide":"Last slide","solutionModeTitle":"Exit solution mode","solutionModeText":"Solution Mode","summaryMultipleTaskText":"Multiple tasks","scoreMessage":"You achieved:","shareFacebook":"Share on Facebook","shareTwitter":"Share on Twitter","shareGoogle":"Share on Google+","summary":"Summary","solutionsButtonTitle":"Show comments","printTitle":"Print","printIngress":"How would you like to print this presentation?","printAllSlides":"Print all slides","printCurrentSlide":"Print current slide","noTitle":"No title","accessibilitySlideNavigationExplanation":"Use left and right arrow to change slide in that direction whenever canvas is selected.","accessibilityCanvasLabel":"Presentation canvas. Use left and right arrow to move between slides.","containsNotCompleted":"@slideName contains not completed interaction","containsCompleted":"@slideName contains completed interaction","slideCount":"Slide @index of @total","containsOnlyCorrect":"@slideName only has correct answers","containsIncorrectAnswers":"@slideName has incorrect answers","shareResult":"Share Result","accessibilityTotalScore":"You got @score of @maxScore points in total","accessibilityEnteredFullscreen":"Entered fullscreen","accessibilityExitedFullscreen":"Exited fullscreen"}}