{
  "quizName": "hausa sight words",
  "appType": "assessment",
  "assessmentType": "sight-words",
  "feedbackText": "Gwanin sha’awa!",
  "contentVersion": "v0.1",
  "buckets": [
    {
      "bucketID": 1,
      "bucketName": "hausalet-b-1",
      "usedItems": [],
      "items": [
        {
          "itemName": "da",
          "itemText": "da"
        },
        {
          "itemName": "ya",
          "itemText": "ya"
        },
        {
          "itemName": "yi",
          "itemText": "yi"
        },
        {
          "itemName": "su",
          "itemText": "su"
        },
        {
          "itemName": "iya",
          "itemText": "iya"
        },
        {
          "itemName": "amfani",
          "itemText": "amfani"
        },
        {
          "itemName": "aikin",
          "itemText": "aikin"
        },
        {
          "itemName": "wannan",
          "itemText": "wannan"
        },
        {
          "itemName": "karatu",
          "itemText": "karatu"
        },
        {
          "itemName": "kuma",
          "itemText": "kuma"
        }
      ]
    },
    {
      "bucketID": 2,
      "bucketName": "hausalet-b-2",
      "usedItems": [],
      "items": [
        {
          "itemName": "dole",
          "itemText": "dole"
        },
        {
          "itemName": "ke",
          "itemText": "ke"
        },
        {
          "itemName": "aiki",
          "itemText": "aiki"
        },
        {
          "itemName": "suna",
          "itemText": "suna"
        },
        {
          "itemName": "zuwa",
          "itemText": "zuwa"
        },
        {
          "itemName": "ko",
          "itemText": "ko"
        },
        {
          "itemName": "yana",
          "itemText": "yana"
        },
        {
          "itemName": "fara",
          "itemText": "fara"
        },
        {
          "itemName": "sai",
          "itemText": "sai"
        },
        {
          "itemName": "malamai",
          "itemText": "malamai"
        }
      ]
    },
    {
      "bucketID": 3,
      "bucketName": "hausalet-b-3",
      "usedItems": [],
      "items": [
        {
          "itemName": "shi",
          "itemText": "shi"
        },
        {
          "itemName": "mataki",
          "itemText": "mataki"
        },
        {
          "itemName": "iyaye",
          "itemText": "iyaye"
        },
        {
          "itemName": "yadda",
          "itemText": "yadda"
        },
        {
          "itemName": "mallaka",
          "itemText": "mallaka"
        },
        {
          "itemName": "cikin",
          "itemText": "cikin"
        },
        {
          "itemName": "wajen",
          "itemText": "wajen"
        },
        {
          "itemName": "sauran",
          "itemText": "sauran"
        },
        {
          "itemName": "marubuta",
          "itemText": "marubuta"
        },
        {
          "itemName": "kasuwanci",
          "itemText": "kasuwanci"
        }
      ]
    },
    {
      "bucketID": 4,
      "bucketName": "hausalet-b-4",
      "usedItems": [],
      "items": [
        {
          "itemName": "yarda",
          "itemText": "yarda"
        },
        {
          "itemName": "ɗaukar",
          "itemText": "ɗaukar"
        },
        {
          "itemName": "ajiye",
          "itemText": "ajiye"
        },
        {
          "itemName": "kana",
          "itemText": "kana"
        },
        {
          "itemName": "alaƙanta",
          "itemText": "alaƙanta"
        },
        {
          "itemName": "zayyana",
          "itemText": "zayyana"
        },
        {
          "itemName": "haƙƙin",
          "itemText": "haƙƙin"
        },
        {
          "itemName": "harkar",
          "itemText": "harkar"
        },
        {
          "itemName": "son",
          "itemText": "son"
        },
        {
          "itemName": "tsarin",
          "itemText": "tsarin"
        }
      ]
    },
    {
      "bucketID": 5,
      "bucketName": "hausalet-b-5",
      "usedItems": [],
      "items": [
        {
          "itemName": "don",
          "itemText": "don"
        },
        {
          "itemName": "gane",
          "itemText": "gane"
        },
        {
          "itemName": "sauƙaƙe",
          "itemText": "sauƙaƙe"
        },
        {
          "itemName": "tana",
          "itemText": "tana"
        },
        {
          "itemName": "kalmomin",
          "itemText": "kalmomin"
        },
        {
          "itemName": "kafin",
          "itemText": "kafin"
        },
        {
          "itemName": "koyon",
          "itemText": "koyon"
        },
        {
          "itemName": "haruffan",
          "itemText": "haruffan"
        },
        {
          "itemName": "ɗalibi",
          "itemText": "ɗalibi"
        },
        {
          "itemName": "sautukan",
          "itemText": "sautukan"
        }
      ]
    }
  ]
}