{"presentation":{"slides":[{"elements":[{"x":33.088235294117645,"y":3.6363636363636362,"width":33.769063180828,"height":59.94698042321,"action":{"library":"H5P.Image 1.1","params":{"contentName":"Image","file":{"path":"images\/file-618eec172dba8.jpg","mime":"image\/jpeg","copyright":{"license":"U"},"width":273,"height":273}},"subContentId":"3cf34d7e-b046-45e2-a35f-e748b079a1ab","metadata":{"contentType":"Image","license":"U","title":"Untitled Image"}},"backgroundOpacity":0,"willDoAnimation":false,"animationType":"glow","displayAsButton":false,"buttonSize":"big","goToSlideType":"specified","invisible":false},{"x":23.89705882352941,"y":72.72727272727273,"width":53.316326530612244,"height":15.113350125944583,"action":{"library":"H5P.CRAdvancedText 1.1","params":{"text":"<p style=\"text-align: center;\"><span style=\"font-size:2.25em;\">\u09ac\u09a8\u09cd\u09a7\u09c1\u09b0\u09be<\/span><\/p>\n"},"subContentId":"02072a1d-971b-4c03-b488-6f58032a6323","metadata":{"contentType":"Text","license":"U","title":"Untitled Text"}},"alwaysDisplayComments":false,"backgroundOpacity":0,"willDoAnimation":false,"animationType":"glow","displayAsButton":false,"buttonSize":"big","goToSlideType":"specified","invisible":false,"solution":""}],"slideBackgroundSelector":{}},{"slideBackgroundSelector":{},"elements":[{"x":29.956427015251,"y":6.0249519079732,"width":39.998692810458,"height":63.692348741431,"action":{"library":"H5P.Image 1.1","params":{"contentName":"Image","file":{"path":"images\/file-618eefbd78740.jpg","mime":"image\/jpeg","copyright":{"license":"U"},"width":273,"height":273}},"subContentId":"b3bc7de6-aa5a-4c41-8a52-929eaeba6770","metadata":{"contentType":"Image","license":"U","title":"Untitled Image"}},"backgroundOpacity":0,"willDoAnimation":false,"animationType":"glow","displayAsButton":false,"buttonSize":"big","goToSlideType":"specified","invisible":false},{"x":15.306122448979592,"y":75.56675062972292,"width":67.7295918367347,"height":16.120906801007557,"action":{"library":"H5P.CRAdvancedText 1.1","params":{"text":"<p dir=\"ltr\" style=\"text-align: center;\"><span style=\"font-size:1.75em;\">\u0986\u09ae\u09be\u09b0 \u09a8\u09be\u09ae \u09b8\u09bf\u09ae\u09cb\u0964<\/span><\/p>\n"},"subContentId":"66ad11c1-9362-4aba-8747-aa722a3e941d","metadata":{"contentType":"Text","license":"U","title":"Untitled Text"}},"alwaysDisplayComments":false,"backgroundOpacity":0,"willDoAnimation":false,"animationType":"glow","displayAsButton":false,"buttonSize":"big","goToSlideType":"specified","invisible":false,"solution":""},{"x":46.96691176470588,"y":44,"width":40,"height":40,"action":{"library":"H5P.CRAudio 1.4","params":{"fitToWrapper":true,"currIndex":1,"playerMode":"minimalistic","controls":true,"autoplay":true,"playAudio":"Play audio","pauseAudio":"Pause audio","contentName":"Audio","glowColor":"#ffd85a","timeStampForEachText":[{"text":" \u0986\u09ae\u09be\u09b0 ","startDuration":"0.0000","endDuration":"0.3244","wordfile":[{"path":"audios\/wordfile-67517f4170bd2.mp3","mime":"audio\/mpeg","copyright":{"license":"U"}}]},{"text":" \u09a8\u09be\u09ae ","startDuration":"0.3225","endDuration":"0.7883","wordfile":[{"path":"audios\/wordfile-67517f53e0df1.mp3","mime":"audio\/mpeg","copyright":{"license":"U"}}]},{"text":" \u09b8\u09bf\u09ae\u09cb\u0964 ","startDuration":"0.7893","endDuration":"1.5103","wordfile":[{"path":"audios\/wordfile-67517f6708063.mp3","mime":"audio\/mpeg","copyright":{"license":"U"}}]}],"files":[{"path":"audios\/files-668bf5c1dcbef.mp3","mime":"audio\/mpeg","copyright":{"license":"U"}}]},"subContentId":"fa77d885-2171-4c6f-97fb-559a946162fa","metadata":{"contentType":"Curious Reader Audio","license":"U","title":"Untitled Curious Reader Audio"}},"backgroundOpacity":0,"willDoAnimation":false,"animationType":"glow","displayAsButton":false,"buttonSize":"big","goToSlideType":"specified","invisible":false},{"x":34.92647058823529,"y":7.2727272727272725,"width":27.573529411764703,"height":40,"action":{"library":"H5P.Image 1.1","params":{"contentName":"Image"},"subContentId":"7bf6e2fb-bcda-4d37-81c2-4c03b96ee654","metadata":{"contentType":"Image","license":"U","title":"Untitled Image"}},"backgroundOpacity":0,"willDoAnimation":true,"animationType":"glow","displayAsButton":false,"buttonSize":"big","goToSlideType":"specified","invisible":false,"id":"imgfa77d885-2171-4c6f-97fb-559a946162fa_0"}]},{"elements":[{"x":29.95561224489796,"y":6.019748110831234,"width":40.05102040816327,"height":73.04785894206549,"action":{"library":"H5P.Image 1.1","params":{"contentName":"Image","file":{"path":"images\/file-618eaa5be44fc.jpg","mime":"image\/jpeg","copyright":{"license":"U"},"width":273,"height":273},"alt":"Nginabangane abane.","title":"Nginabangane abane."},"subContentId":"ae66385b-0d27-4457-be23-9484bf4339ff","metadata":{"contentType":"Image","license":"U","title":"Untitled Image"}},"backgroundOpacity":0,"willDoAnimation":false,"animationType":"glow","displayAsButton":false,"buttonSize":"big","goToSlideType":"specified","invisible":false},{"x":11.029411764705882,"y":82.18181818181819,"width":72.70408163265306,"height":17.632241813602015,"action":{"library":"H5P.CRAdvancedText 1.1","params":{"text":"<p dir=\"ltr\" style=\"text-align: center;\"><span style=\"font-size:1.75em;\">\u0986\u09ae\u09be\u09b0 \u099a\u09be\u09b0\u099c\u09a8 \u09ac\u09a8\u09cd\u09a7\u09c1 \u0986\u099b\u09c7\u0964<\/span><\/p>\n"},"subContentId":"57938d29-84fc-44ea-9e87-80ef0111d353","metadata":{"contentType":"Text","license":"U","title":"Untitled Text"}},"alwaysDisplayComments":false,"backgroundOpacity":0,"willDoAnimation":false,"animationType":"glow","displayAsButton":false,"buttonSize":"big","goToSlideType":"specified","invisible":false,"solution":""},{"x":47.00038671023965,"y":44.00076173425803,"width":40,"height":40,"action":{"library":"H5P.CRAudio 1.4","params":{"fitToWrapper":true,"currIndex":3,"playerMode":"minimalistic","controls":true,"autoplay":true,"playAudio":"Play audio","pauseAudio":"Pause audio","contentName":"Audio","glowColor":"#ffd85a","timeStampForEachText":[{"text":" \u0986\u09ae\u09be\u09b0 ","startDuration":"0.0000","endDuration":"0.3944","wordfile":[{"path":"audios\/wordfile-6763124ac7cd3.mp3","mime":"audio\/mpeg","copyright":{"license":"U"}}]},{"text":" \u099a\u09be\u09b0\u099c\u09a8 ","startDuration":"0.3954","endDuration":"0.8428","wordfile":[{"path":"audios\/wordfile-6763127c5ff27.mp3","mime":"audio\/mpeg","copyright":{"license":"U"}}]},{"text":" \u09ac\u09a8\u09cd\u09a7\u09c1 ","startDuration":"0.8428","endDuration":"1.3663","wordfile":[{"path":"audios\/wordfile-676312cd969d4.mp3","mime":"audio\/mpeg","copyright":{"license":"U"}}]},{"text":" \u0986\u099b\u09c7\u0964 ","startDuration":"1.3673","endDuration":"1.9375","wordfile":[{"path":"audios\/wordfile-676312f4893cc.mp3","mime":"audio\/mpeg","copyright":{"license":"U"}}]}],"files":[{"path":"audios\/files-6763121139127.mp3","mime":"audio\/mpeg","copyright":{"license":"U"}}]},"subContentId":"e7e9b208-537c-41be-a3e8-9491d65c03d2","metadata":{"contentType":"Curious Reader Audio","license":"U","title":"Untitled Curious Reader Audio"}},"backgroundOpacity":0,"willDoAnimation":false,"animationType":"glow","displayAsButton":false,"buttonSize":"big","goToSlideType":"specified","invisible":false},{"x":29.411764705882355,"y":8.60716675740055,"width":39.99978213507625,"height":33.567950353862145,"action":{"library":"H5P.Image 1.1","params":{"contentName":"Image"},"subContentId":"7b4c1a33-5d38-40f6-9278-512bd5b182c5","metadata":{"contentType":"Image","license":"U","title":"Untitled Image"}},"backgroundOpacity":0,"willDoAnimation":true,"animationType":"glow","displayAsButton":false,"buttonSize":"big","goToSlideType":"specified","invisible":false,"id":"imge7e9b208-537c-41be-a3e8-9491d65c03d2_2"},{"x":53.37690631808278,"y":12.910750136100823,"width":18.082788671023966,"height":22.808991907111455,"action":{"library":"H5P.Image 1.1","params":{"contentName":"Image"},"subContentId":"05883bd4-9d4f-4df3-ad78-7770b4d95556","metadata":{"contentType":"Image","license":"U","title":"Untitled Image"}},"backgroundOpacity":0,"willDoAnimation":true,"animationType":"glow","displayAsButton":false,"buttonSize":"big","goToSlideType":"specified","invisible":false},{"x":28.322440087145967,"y":10.758958446750686,"width":20.26143790849673,"height":27.112575285811733,"action":{"library":"H5P.Image 1.1","params":{"contentName":"Image"},"subContentId":"f830ad32-89ec-48bc-85cf-0edd09fbf603","metadata":{"contentType":"Image","license":"U","title":"Untitled Image"}},"backgroundOpacity":0,"willDoAnimation":true,"animationType":"glow","displayAsButton":false,"buttonSize":"big","goToSlideType":"specified","invisible":false}],"slideBackgroundSelector":{}},{"elements":[{"x":46.84095860566449,"y":15.053763440860214,"width":39.998148148148,"height":70.107027346691,"action":{"library":"H5P.Image 1.1","params":{"contentName":"Image","file":{"path":"images\/file-618eaaf72c1e1.jpg","mime":"image\/jpeg","copyright":{"license":"U"},"width":273,"height":273},"alt":"Amagama abo nguZizo, Lele, Sisa kanye no-Ayanda.","title":"Amagama abo nguZizo, Lele, Sisa kanye no-Ayanda."},"subContentId":"452a3227-be2b-4299-a321-0e2a44729e66","metadata":{"contentType":"Image","license":"U","title":"Untitled Image"}},"backgroundOpacity":0,"willDoAnimation":false,"animationType":"glow","displayAsButton":false,"buttonSize":"big","goToSlideType":"specified","invisible":false},{"x":3.2679738562091503,"y":27.956989247311824,"width":40.30612244897959,"height":52.896725440806044,"action":{"library":"H5P.CRAdvancedText 1.1","params":{"text":"<p dir=\"ltr\" style=\"text-align: center;\"><span style=\"font-size:1.75em;\">\u09a4\u09be\u09a6\u09c7\u09b0 \u09a8\u09be\u09ae \u09b9\u09b2 \u099c\u09bf\u099c\u09cb, \u09b2\u09c7\u09b2\u09c7, \u09b8\u09bf\u09b8\u09be \u098f\u09ac\u0982 \u0986\u09df\u09be\u09a8\u09cd\u09a6\u09be\u0964<\/span><\/p>\n"},"subContentId":"90b9ee88-704b-4089-94e8-b4c6f859df47","metadata":{"contentType":"Text","license":"U","title":"Untitled Text"}},"alwaysDisplayComments":false,"backgroundOpacity":0,"willDoAnimation":false,"animationType":"glow","displayAsButton":false,"buttonSize":"big","goToSlideType":"specified","invisible":false,"solution":""},{"x":46.96691176470588,"y":44,"width":40,"height":40,"action":{"library":"H5P.CRAudio 1.4","params":{"fitToWrapper":true,"currIndex":4,"playerMode":"minimalistic","controls":true,"autoplay":true,"playAudio":"Play audio","pauseAudio":"Pause audio","contentName":"Audio","glowColor":"#ffd85a","timeStampForEachText":[{"text":" \u09a4\u09be\u09a6\u09c7\u09b0 ","startDuration":"0.0000","endDuration":"0.2403","wordfile":[{"path":"audios\/wordfile-675183786816d.mp3","mime":"audio\/mpeg","copyright":{"license":"U"}}]},{"text":" \u09a8\u09be\u09ae ","startDuration":"0.2413","endDuration":"0.6027","wordfile":[{"path":"audios\/wordfile-67518389793f3.mp3","mime":"audio\/mpeg","copyright":{"license":"U"}}]},{"text":" \u09b9\u09b2 ","startDuration":"0.6037","endDuration":"1.0659","wordfile":[{"path":"audios\/wordfile-67583523c6890.mp3","mime":"audio\/mpeg","copyright":{"license":"U"}}]},{"text":" \u099c\u09bf\u099c\u09cb, ","startDuration":"1.0669","endDuration":"1.8316","wordfile":[{"path":"audios\/wordfile-67518fbaf2c90.mp3","mime":"audio\/mpeg","copyright":{"license":"U"}}]},{"text":" \u09b2\u09c7\u09b2\u09c7, ","startDuration":"1.8326","endDuration":"2.8293","wordfile":[{"path":"audios\/wordfile-67518fce5d3ed.mp3","mime":"audio\/mpeg","copyright":{"license":"U"}}]},{"text":" \u09b8\u09bf\u09b8\u09be ","startDuration":"2.8303","endDuration":"3.6354","wordfile":[{"path":"audios\/wordfile-67518fe2e9829.mp3","mime":"audio\/mpeg","copyright":{"license":"U"}}]},{"text":" \u098f\u09ac\u0982 ","startDuration":"3.6364","endDuration":"4.2600","wordfile":[{"path":"audios\/wordfile-67518ff67d4e0.mp3","mime":"audio\/mpeg","copyright":{"license":"U"}}]},{"text":" \u0986\u09df\u09be\u09a8\u09cd\u09a6\u09be\u0964 ","startDuration":"4.2610","endDuration":"5.0358","wordfile":[{"path":"audios\/wordfile-6751900c6ceac.mp3","mime":"audio\/mpeg","copyright":{"license":"U"}}]}],"files":[{"path":"audios\/files-668bf821a55f8.mp3","mime":"audio\/mpeg","copyright":{"license":"U"}}]},"subContentId":"116b59bc-db28-47a7-9023-adeaf579b57c","metadata":{"contentType":"Curious Reader Audio","license":"U","title":"Untitled Curious Reader Audio"}},"backgroundOpacity":0,"willDoAnimation":false,"animationType":"glow","displayAsButton":false,"buttonSize":"big","goToSlideType":"specified","invisible":false},{"x":45.955882352941174,"y":18.181818181818183,"width":40.0735294117647,"height":24.363636363636363,"action":{"library":"H5P.Image 1.1","params":{"contentName":"Image"},"subContentId":"57472597-a4d3-431f-a9e7-4522086dc41d","metadata":{"contentType":"Image","license":"U","title":"Untitled Image"}},"backgroundOpacity":0,"willDoAnimation":true,"animationType":"glow","displayAsButton":false,"buttonSize":"big","goToSlideType":"specified","invisible":false,"id":"img116b59bc-db28-47a7-9023-adeaf579b57c_1"},{"x":47.79411764705882,"y":25.454545454545453,"width":10.477941176470587,"height":17.09090909090909,"action":{"library":"H5P.Image 1.1","params":{"contentName":"Image"},"subContentId":"7d95e1ef-0147-457b-ab21-587e6666bfb3","metadata":{"contentType":"Image","license":"U","title":"Untitled Image"}},"backgroundOpacity":0,"willDoAnimation":true,"animationType":"glow","displayAsButton":false,"buttonSize":"big","goToSlideType":"specified","invisible":false,"id":"img116b59bc-db28-47a7-9023-adeaf579b57c_3"},{"x":56.98529411764706,"y":25.522727272727273,"width":8.63970588235294,"height":17.09090909090909,"action":{"library":"H5P.Image 1.1","params":{"contentName":"Image"},"subContentId":"df1c38c4-862d-42f1-a5cc-c4aa2dcd0713","metadata":{"contentType":"Image","license":"U","title":"Untitled Image"}},"backgroundOpacity":0,"willDoAnimation":true,"animationType":"glow","displayAsButton":false,"buttonSize":"big","goToSlideType":"specified","invisible":false,"id":"img116b59bc-db28-47a7-9023-adeaf579b57c_4"},{"x":79.04411764705883,"y":21.911927272727276,"width":8.63970588235294,"height":20.727272727272727,"action":{"library":"H5P.Image 1.1","params":{"contentName":"Image"},"subContentId":"bf6aa046-463c-4e55-b358-7550795de6fc","metadata":{"contentType":"Image","license":"U","title":"Untitled Image"}},"backgroundOpacity":0,"willDoAnimation":true,"animationType":"glow","displayAsButton":false,"buttonSize":"big","goToSlideType":"specified","invisible":false,"id":"img116b59bc-db28-47a7-9023-adeaf579b57c_5"},{"x":71.69117647058823,"y":29.170472727272728,"width":6.8014705882352935,"height":17.09090909090909,"action":{"library":"H5P.Image 1.1","params":{"contentName":"Image"},"subContentId":"1c15f88c-9bce-40b2-91f0-c1c620c2c94c","metadata":{"contentType":"Image","license":"U","title":"Untitled Image"}},"backgroundOpacity":0,"willDoAnimation":true,"animationType":"glow","displayAsButton":false,"buttonSize":"big","goToSlideType":"specified","invisible":false,"id":"img116b59bc-db28-47a7-9023-adeaf579b57c_7"}],"slideBackgroundSelector":{}},{"elements":[{"x":4.6296296296296,"y":12.193374729841,"width":41.666666666667,"height":73.160248379043,"action":{"library":"H5P.Image 1.1","params":{"contentName":"Image","alt":"Umngani wami uZizo uthanda ukudlala ibhola.","file":{"path":"images\/file-618ead11f0668.jpg","mime":"image\/jpeg","copyright":{"license":"U"},"width":273,"height":273},"title":"Umngani wami uZizo uthanda ukudlala ibhola."},"subContentId":"6393f6bc-06c5-422b-b91a-1b61280a82f6","metadata":{"contentType":"Image","license":"U","title":"Untitled Image"}},"backgroundOpacity":0,"willDoAnimation":false,"animationType":"glow","displayAsButton":false,"buttonSize":"big","goToSlideType":"specified","invisible":false},{"x":49.74430147058823,"y":20.20170909090909,"width":43.56617647058823,"height":40,"action":{"library":"H5P.CRAdvancedText 1.1","params":{"text":"<p dir=\"ltr\" style=\"text-align: center;\"><span style=\"font-size:1.75em;\">\u0986\u09ae\u09be\u09b0 \u09ac\u09a8\u09cd\u09a7\u09c1 \u099c\u09bf\u099c\u09cb \u09ab\u09c1\u099f\u09ac\u09b2 \u0996\u09c7\u09b2\u09a4\u09c7 \u09aa\u099b\u09a8\u09cd\u09a6 \u0995\u09b0\u09c7\u0964<\/span><\/p>\n"},"subContentId":"f5e3c72c-0ff5-4ef5-82f5-10340deebea8","metadata":{"contentType":"Text","license":"U","title":"Untitled Text"}},"alwaysDisplayComments":false,"backgroundOpacity":0,"willDoAnimation":false,"animationType":"glow","displayAsButton":false,"buttonSize":"big","goToSlideType":"specified","invisible":false,"solution":""},{"x":46.96691176470588,"y":44,"width":40,"height":40,"action":{"library":"H5P.CRAudio 1.4","params":{"fitToWrapper":true,"currIndex":5,"playerMode":"minimalistic","controls":true,"autoplay":true,"playAudio":"Play audio","pauseAudio":"Pause audio","contentName":"Audio","glowColor":"#ffd85a","timeStampForEachText":[{"text":" \u0986\u09ae\u09be\u09b0 ","startDuration":"0.0000","endDuration":"0.3575","wordfile":[{"path":"audios\/wordfile-675190b17aa8b.mp3","mime":"audio\/mpeg","copyright":{"license":"U"}}]},{"text":" \u09ac\u09a8\u09cd\u09a7\u09c1 ","startDuration":"0.3585","endDuration":"0.8128","wordfile":[{"path":"audios\/wordfile-675190c7c1a92.mp3","mime":"audio\/mpeg","copyright":{"license":"U"}}]},{"text":" \u099c\u09bf\u099c\u09cb ","startDuration":"0.8129","endDuration":"1.3142","wordfile":[{"path":"audios\/wordfile-675190db35a0e.mp3","mime":"audio\/mpeg","copyright":{"license":"U"}}]},{"text":" \u09ab\u09c1\u099f\u09ac\u09b2 ","startDuration":"1.3152","endDuration":"2.0219","wordfile":[{"path":"audios\/wordfile-675190eca8fc1.mp3","mime":"audio\/mpeg","copyright":{"license":"U"}}]},{"text":" \u0996\u09c7\u09b2\u09a4\u09c7 ","startDuration":"2.0229","endDuration":"2.4146","wordfile":[{"path":"audios\/wordfile-675190fcd9a86.mp3","mime":"audio\/mpeg","copyright":{"license":"U"}}]},{"text":" \u09aa\u099b\u09a8\u09cd\u09a6 ","startDuration":"2.4156","endDuration":"2.9580","wordfile":[{"path":"audios\/wordfile-6751910c55245.mp3","mime":"audio\/mpeg","copyright":{"license":"U"}}]},{"text":" \u0995\u09b0\u09c7\u0964 ","startDuration":"2.9590","endDuration":"3.4055","wordfile":[{"path":"audios\/wordfile-6751911dc8f2a.mp3","mime":"audio\/mpeg","copyright":{"license":"U"}}]}],"files":[{"path":"audios\/files-668bfb089b2aa.mp3","mime":"audio\/mpeg","copyright":{"license":"U"}}]},"subContentId":"76c83963-70c4-4774-958e-14d16083a6a0","metadata":{"contentType":"Curious Reader Audio","license":"U","title":"Untitled Curious Reader Audio"}},"backgroundOpacity":0,"willDoAnimation":false,"animationType":"glow","displayAsButton":false,"buttonSize":"big","goToSlideType":"specified","invisible":false},{"x":14.705882352941178,"y":47.409090909090914,"width":21.507352941176467,"height":36.36363636363637,"action":{"library":"H5P.Image 1.1","params":{"contentName":"Image"},"subContentId":"f669f114-67c2-4ed8-af3d-995db8585e94","metadata":{"contentType":"Image","license":"U","title":"Untitled Image"}},"backgroundOpacity":0,"willDoAnimation":true,"animationType":"glow","displayAsButton":false,"buttonSize":"big","goToSlideType":"specified","invisible":false,"id":"img76c83963-70c4-4774-958e-14d16083a6a0_3"}],"slideBackgroundSelector":{}},{"elements":[{"x":3.826530612244898,"y":32.7455919395466,"width":45.79081632653061,"height":42.82115869017632,"action":{"library":"H5P.CRAdvancedText 1.1","params":{"text":"<p style=\"text-align:center;\"><span style=\"font-size:1.75em;\">\u0986\u09ae\u09be\u09b0 \u09ac\u09a8\u09cd\u09a7\u09c1 \u09b2\u09c7\u09b2\u09c7 \u09b8\u09be\u0981\u09a4\u09be\u09b0 \u0995\u09be\u099f\u09a4\u09c7 \u09aa\u099b\u09a8\u09cd\u09a6 \u0995\u09b0\u09c7\u0964<\/span><\/p>"},"subContentId":"76183659-b7f0-413b-b61c-7c61946a9942","metadata":{"contentType":"Text","license":"U","title":"Untitled Text"}},"alwaysDisplayComments":false,"backgroundOpacity":0,"willDoAnimation":false,"animationType":"glow","displayAsButton":false,"buttonSize":"big","goToSlideType":"specified","invisible":false,"solution":""},{"x":49.76851851851851,"y":13.698630136986301,"width":39.998148148148,"height":70.102454831167,"action":{"library":"H5P.Image 1.1","params":{"contentName":"Image","file":{"path":"images\/file-618eb063ee94e.jpg","mime":"image\/jpeg","copyright":{"license":"U"},"width":273,"height":273},"alt":"Umngane wami uLele uthanda ukubhukuda.","title":"Umngane wami uLele uthanda ukubhukuda."},"subContentId":"0dc3e4cb-95ea-49b2-b066-22ceb74a7599","metadata":{"contentType":"Image","license":"U","title":"Untitled Image"}},"backgroundOpacity":0,"willDoAnimation":false,"animationType":"glow","displayAsButton":false,"buttonSize":"big","goToSlideType":"specified","invisible":false},{"x":93.11224489795919,"y":2.5195390251399603,"width":40,"height":40,"action":{"library":"H5P.CRAudio 1.4","params":{"fitToWrapper":true,"currIndex":6,"playerMode":"minimalistic","controls":true,"autoplay":true,"playAudio":"Play audio","pauseAudio":"Pause audio","contentName":"Audio","glowColor":"#ffd85a","timeStampForEachText":[{"text":" \u0986\u09ae\u09be\u09b0 ","startDuration":"0.0000","endDuration":"0.4552","wordfile":[{"path":"audios\/wordfile-6751913d6b103.mp3","mime":"audio\/mpeg","copyright":{"license":"U"}}]},{"text":" \u09ac\u09a8\u09cd\u09a7\u09c1 ","startDuration":"0.4552","endDuration":"0.7247","wordfile":[{"path":"audios\/wordfile-675191535b711.mp3","mime":"audio\/mpeg","copyright":{"license":"U"}}]},{"text":" \u09b2\u09c7\u09b2\u09c7 ","startDuration":"0.7257","endDuration":"1.1685","wordfile":[{"path":"audios\/wordfile-675191651dbc7.mp3","mime":"audio\/mpeg","copyright":{"license":"U"}}]},{"text":" \u09b8\u09be\u0981\u09a4\u09be\u09b0 ","startDuration":"1.1685","endDuration":"1.8426","wordfile":[{"path":"audios\/wordfile-675191780f310.mp3","mime":"audio\/mpeg","copyright":{"license":"U"}}]},{"text":" \u0995\u09be\u099f\u09a4\u09c7 ","startDuration":"1.8436","endDuration":"2.1059","wordfile":[{"path":"audios\/wordfile-6751918869f54.mp3","mime":"audio\/mpeg","copyright":{"license":"U"}}]},{"text":" \u09aa\u099b\u09a8\u09cd\u09a6 ","startDuration":"2.1069","endDuration":"2.6617","wordfile":[{"path":"audios\/wordfile-6751919818db0.mp3","mime":"audio\/mpeg","copyright":{"license":"U"}}]},{"text":" \u0995\u09b0\u09c7\u0964 ","startDuration":"2.6627","endDuration":"3.1250","wordfile":[{"path":"audios\/wordfile-675191ac25e15.mp3","mime":"audio\/mpeg","copyright":{"license":"U"}}]}],"files":[{"path":"audios\/files-6735754005d7c.mp3","mime":"audio\/mpeg","copyright":{"license":"U"}}]},"subContentId":"52889e20-1b2e-40be-9e1f-b73df8fbbc0b","metadata":{"contentType":"Curious Reader Audio","license":"U","title":"Untitled Curious Reader Audio"}},"backgroundOpacity":0,"willDoAnimation":false,"animationType":"glow","displayAsButton":false,"buttonSize":"big","goToSlideType":"specified","invisible":false},{"x":53.57142857142857,"y":40.312624402239365,"width":20.025510204081634,"height":29.921541554757138,"action":{"library":"H5P.Image 1.1","params":{"contentName":"Image"},"subContentId":"5893ac21-c058-477b-ad5b-c6569d692111","metadata":{"contentType":"Image","license":"U","title":"Untitled Image"}},"backgroundOpacity":0,"willDoAnimation":true,"animationType":"glow","displayAsButton":false,"buttonSize":"big","goToSlideType":"specified","invisible":false,"id":"img52889e20-1b2e-40be-9e1f-b73df8fbbc0b_2"}],"slideBackgroundSelector":{}},{"elements":[{"x":51.19825708061002,"y":15.053763440860214,"width":40.305010893246,"height":73.926590264538,"action":{"library":"H5P.Image 1.1","params":{"contentName":"Image","file":{"path":"images\/file-618ecc59ee8f9.jpg","mime":"image\/jpeg","copyright":{"license":"U"},"width":273,"height":273},"alt":"Umngane wami uSisa uthanda ukudlala umacashelana.","title":"Umngane wami uSisa uthanda ukudlala umacashelana."},"subContentId":"75c3c2b5-0b21-46f1-ad99-984d6ab526ad","metadata":{"contentType":"Image","license":"U","title":"Untitled Image"}},"backgroundOpacity":0,"willDoAnimation":false,"animationType":"glow","displayAsButton":false,"buttonSize":"big","goToSlideType":"specified","invisible":false},{"x":5.1020408163265305,"y":42.82115869017632,"width":43.57298474945534,"height":43.44086021505376,"action":{"library":"H5P.CRAdvancedText 1.1","params":{"text":"<p dir=\"ltr\" style=\"text-align: center;\"><span style=\"font-size:1.75em;\">\u0986\u09ae\u09be\u09b0 \u09ac\u09a8\u09cd\u09a7\u09c1 \u09b8\u09bf\u09b8\u09be \u09b2\u09c1\u0995\u09cb\u099a\u09c1\u09b0\u09bf \u0996\u09c7\u09b2\u09a4\u09c7 \u09aa\u099b\u09a8\u09cd\u09a6 \u0995\u09b0\u09c7\u0964<\/span><\/p>\n"},"subContentId":"c8ff22ff-1768-44a3-a0ed-b3d522587cef","metadata":{"contentType":"Text","license":"U","title":"Untitled Text"}},"alwaysDisplayComments":false,"backgroundOpacity":0,"willDoAnimation":false,"animationType":"glow","displayAsButton":false,"buttonSize":"big","goToSlideType":"specified","invisible":false,"solution":""},{"x":46.96691176470588,"y":44,"width":40,"height":40,"action":{"library":"H5P.CRAudio 1.4","params":{"fitToWrapper":true,"currIndex":7,"playerMode":"minimalistic","controls":true,"autoplay":true,"playAudio":"Play audio","pauseAudio":"Pause audio","contentName":"Audio","glowColor":"#ffd85a","timeStampForEachText":[{"text":" \u0986\u09ae\u09be\u09b0 ","startDuration":"0.0000","endDuration":"0.4123","wordfile":[{"path":"audios\/wordfile-675191c6bf171.mp3","mime":"audio\/mpeg","copyright":{"license":"U"}}]},{"text":" \u09ac\u09a8\u09cd\u09a7\u09c1 ","startDuration":"0.4133","endDuration":"0.6818","wordfile":[{"path":"audios\/wordfile-675191d8dbec7.mp3","mime":"audio\/mpeg","copyright":{"license":"U"}}]},{"text":" \u09b8\u09bf\u09b8\u09be ","startDuration":"0.6828","endDuration":"1.0745","wordfile":[{"path":"audios\/wordfile-675191ecb4bc6.mp3","mime":"audio\/mpeg","copyright":{"license":"U"}}]},{"text":" \u09b2\u09c1\u0995\u09cb\u099a\u09c1\u09b0\u09bf ","startDuration":"1.1303","endDuration":"2.1657","wordfile":[{"path":"audios\/wordfile-675191fd34762.mp3","mime":"audio\/mpeg","copyright":{"license":"U"}}]},{"text":" \u0996\u09c7\u09b2\u09a4\u09c7 ","startDuration":"2.1667","endDuration":"2.4420","wordfile":[{"path":"audios\/wordfile-6751920d5d645.mp3","mime":"audio\/mpeg","copyright":{"license":"U"}}]},{"text":" \u09aa\u099b\u09a8\u09cd\u09a6 ","startDuration":"2.4430","endDuration":"2.9032","wordfile":[{"path":"audios\/wordfile-6751921f36105.mp3","mime":"audio\/mpeg","copyright":{"license":"U"}}]},{"text":" \u0995\u09b0\u09c7\u0964 ","startDuration":"2.9033","endDuration":"3.4055","wordfile":[{"path":"audios\/wordfile-67519233751e6.mp3","mime":"audio\/mpeg","copyright":{"license":"U"}}]}],"files":[{"path":"audios\/files-668bffba44ab9.mp3","mime":"audio\/mpeg","copyright":{"license":"U"}}]},"subContentId":"92c753c7-aa06-4819-b4ef-ceca9c0bc391","metadata":{"contentType":"Curious Reader Audio","license":"U","title":"Untitled Curious Reader Audio"}},"backgroundOpacity":0,"willDoAnimation":false,"animationType":"glow","displayAsButton":false,"buttonSize":"big","goToSlideType":"specified","invisible":false},{"x":49.632352941176464,"y":40,"width":27.757352941176467,"height":40,"action":{"library":"H5P.Image 1.1","params":{"contentName":"Image"},"subContentId":"1beb6c8f-ce2a-4249-88d0-1fb0e315c9bb","metadata":{"contentType":"Image","license":"U","title":"Untitled Image"}},"backgroundOpacity":0,"willDoAnimation":true,"animationType":"glow","displayAsButton":false,"buttonSize":"big","goToSlideType":"specified","invisible":false,"id":"img92c753c7-aa06-4819-b4ef-ceca9c0bc391_3"}],"slideBackgroundSelector":{}},{"elements":[{"x":2.178649237472767,"y":42.98559139784947,"width":44.66230936819172,"height":49.46236559139785,"action":{"library":"H5P.CRAdvancedText 1.1","params":{"text":"<p style=\"text-align:center;\"><span style=\"font-size:1.75em;\">\u0986\u09ae\u09be\u09b0 \u09ac\u09a8\u09cd\u09a7\u09c1 \u0986\u09df\u09be\u09a8\u09cd\u09a6\u09be \u09ac\u0987 \u09aa\u09dc\u09a4\u09c7 \u09aa\u099b\u09a8\u09cd\u09a6 \u0995\u09b0\u09c7\u0964<\/span><\/p>"},"subContentId":"5fa5cf7b-843e-440c-9615-1ee916184210","metadata":{"contentType":"Text","license":"U","title":"Untitled Text"}},"alwaysDisplayComments":false,"backgroundOpacity":0,"willDoAnimation":false,"animationType":"glow","displayAsButton":false,"buttonSize":"big","goToSlideType":"specified","invisible":false,"solution":""},{"x":49.76851851851851,"y":15.981735159817353,"width":39.998148148148,"height":67.063561014123,"action":{"library":"H5P.Image 1.1","params":{"contentName":"Image","file":{"path":"images\/file-618eb37e56dd2.jpg","mime":"image\/jpeg","copyright":{"license":"U"},"width":273,"height":273},"alt":"Umngane wami u-Ayanda uthanda ukufunda.","title":"Umngane wami u-Ayanda uthanda ukufunda."},"subContentId":"0b6f4751-67d7-4169-9bde-23e430c7c5f5","metadata":{"contentType":"Image","license":"U","title":"Untitled Image"}},"backgroundOpacity":0,"willDoAnimation":false,"animationType":"glow","displayAsButton":false,"buttonSize":"big","goToSlideType":"specified","invisible":false},{"x":46.96691176470588,"y":44,"width":40,"height":40,"action":{"library":"H5P.CRAudio 1.4","params":{"fitToWrapper":true,"currIndex":8,"playerMode":"minimalistic","controls":true,"autoplay":true,"playAudio":"Play audio","pauseAudio":"Pause audio","contentName":"Audio","glowColor":"#ffd85a","timeStampForEachText":[{"text":" \u0986\u09ae\u09be\u09b0 ","startDuration":"0.0000","endDuration":"0.3727","wordfile":[{"path":"audios\/wordfile-675192645ceea.mp3","mime":"audio\/mpeg","copyright":{"license":"U"}}]},{"text":" \u09ac\u09a8\u09cd\u09a7\u09c1 ","startDuration":"0.3458","endDuration":"0.7942","wordfile":[{"path":"audios\/wordfile-67519279c1f9d.mp3","mime":"audio\/mpeg","copyright":{"license":"U"}}]},{"text":" \u0986\u09df\u09be\u09a8\u09cd\u09a6\u09be ","startDuration":"0.7952","endDuration":"1.5618","wordfile":[{"path":"audios\/wordfile-6751928aa4f30.mp3","mime":"audio\/mpeg","copyright":{"license":"U"}}]},{"text":" \u09ac\u0987 ","startDuration":"1.6803","endDuration":"2.0876","wordfile":[{"path":"audios\/wordfile-6751929b655e2.mp3","mime":"audio\/mpeg","copyright":{"license":"U"}}]},{"text":" \u09aa\u09dc\u09a4\u09c7 ","startDuration":"2.0886","endDuration":"2.3784","wordfile":[{"path":"audios\/wordfile-675192aae2231.mp3","mime":"audio\/mpeg","copyright":{"license":"U"}}]},{"text":" \u09aa\u099b\u09a8\u09cd\u09a6 ","startDuration":"2.3656","endDuration":"2.7521","wordfile":[{"path":"audios\/wordfile-675192bb162d7.mp3","mime":"audio\/mpeg","copyright":{"license":"U"}}]},{"text":" \u0995\u09b0\u09c7\u0964 ","startDuration":"2.7522","endDuration":"3.3193","wordfile":[{"path":"audios\/wordfile-675192cc9e392.mp3","mime":"audio\/mpeg","copyright":{"license":"U"}}]}],"files":[{"path":"audios\/files-668c020f90459.mp3","mime":"audio\/mpeg","copyright":{"license":"U"}}]},"subContentId":"99685ee9-f7bf-4ced-a5af-59d679c631b4","metadata":{"contentType":"Curious Reader Audio","license":"U","title":"Untitled Curious Reader Audio"}},"backgroundOpacity":0,"willDoAnimation":false,"animationType":"glow","displayAsButton":false,"buttonSize":"big","goToSlideType":"specified","invisible":false},{"x":62.5,"y":25.522727272727273,"width":25.919117647058822,"height":40,"action":{"library":"H5P.Image 1.1","params":{"contentName":"Image"},"subContentId":"121af874-b233-4f22-b70c-58e98638211d","metadata":{"contentType":"Image","license":"U","title":"Untitled Image"}},"backgroundOpacity":0,"willDoAnimation":true,"animationType":"glow","displayAsButton":false,"buttonSize":"big","goToSlideType":"specified","invisible":false,"id":"img99685ee9-f7bf-4ced-a5af-59d679c631b4_2"}],"slideBackgroundSelector":{}},{"elements":[{"x":52.29591836734694,"y":15.113350125944583,"width":43.20987654321,"height":76.208592061503,"action":{"library":"H5P.Image 1.1","params":{"contentName":"Image","alt":"Mina? Ngiyathanda ukwenza izinto abathanda ukuzenza.","file":{"path":"images\/file-618eb73d03969.jpg","mime":"image\/jpeg","copyright":{"license":"U"},"width":273,"height":273},"title":"Mina? Ngiyathanda ukwenza izinto abathanda ukuzenza."},"subContentId":"c10d2176-9ae1-46fb-9f3c-c6b45d149b92","metadata":{"contentType":"Image","license":"U","title":"Untitled Image"}},"backgroundOpacity":0,"willDoAnimation":false,"animationType":"glow","displayAsButton":false,"buttonSize":"big","goToSlideType":"specified","invisible":false},{"x":3.8258272058823533,"y":32.82669090909091,"width":47.79411764705882,"height":58.18181818181818,"action":{"library":"H5P.CRAdvancedText 1.1","params":{"text":"<p dir=\"ltr\" style=\"text-align: center;\"><span style=\"font-size:1.75em;\">\u0986\u09ae\u09bf? \u0993\u09b0\u09be \u09af\u09c7 \u0995\u09be\u099c\u0997\u09c1\u09b2\u09cb \u0995\u09b0\u09a4\u09c7 \u09aa\u099b\u09a8\u09cd\u09a6 \u0995\u09b0\u09c7 \u0986\u09ae\u09bf \u09b8\u09c7\u0997\u09c1\u09b2\u09cb \u0995\u09b0\u09a4\u09c7 \u09aa\u099b\u09a8\u09cd\u09a6 \u0995\u09b0\u09bf\u0964<\/span><\/p>\n"},"subContentId":"01787cd3-7a57-403e-adc9-5d78a1c683c5","metadata":{"contentType":"Text","license":"U","title":"Untitled Text"}},"alwaysDisplayComments":false,"backgroundOpacity":0,"willDoAnimation":false,"animationType":"glow","displayAsButton":false,"buttonSize":"big","goToSlideType":"specified","invisible":false,"solution":""},{"x":93.11224489795919,"y":2.5195390251399603,"width":40,"height":40,"action":{"library":"H5P.CRAudio 1.4","params":{"fitToWrapper":true,"currIndex":9,"playerMode":"minimalistic","controls":true,"autoplay":true,"playAudio":"Play audio","pauseAudio":"Pause audio","contentName":"Audio","glowColor":"#ffd85a","timeStampForEachText":[{"text":" \u0986\u09ae\u09bf? ","startDuration":"0.0000","endDuration":"0.6538","wordfile":[{"path":"audios\/wordfile-675192e6a9069.mp3","mime":"audio\/mpeg","copyright":{"license":"U"}}]},{"text":" \u0993\u09b0\u09be ","startDuration":"0.6548","endDuration":"1.2985","wordfile":[{"path":"audios\/wordfile-675192f61b122.mp3","mime":"audio\/mpeg","copyright":{"license":"U"}}]},{"text":" \u09af\u09c7 ","startDuration":"1.2995","endDuration":"1.4471","wordfile":[{"path":"audios\/wordfile-67519306a8b5a.mp3","mime":"audio\/mpeg","copyright":{"license":"U"}}]},{"text":" \u0995\u09be\u099c\u0997\u09c1\u09b2\u09cb ","startDuration":"1.4125","endDuration":"1.8638","wordfile":[{"path":"audios\/wordfile-6751931771a11.mp3","mime":"audio\/mpeg","copyright":{"license":"U"}}]},{"text":" \u0995\u09b0\u09a4\u09c7 ","startDuration":"1.8639","endDuration":"2.1955","wordfile":[{"path":"audios\/wordfile-675193297009a.mp3","mime":"audio\/mpeg","copyright":{"license":"U"}}]},{"text":" \u09aa\u099b\u09a8\u09cd\u09a6 ","startDuration":"2.1956","endDuration":"2.6518","wordfile":[{"path":"audios\/wordfile-6751933a7bbb9.mp3","mime":"audio\/mpeg","copyright":{"license":"U"}}]},{"text":" \u0995\u09b0\u09c7 ","startDuration":"2.6519","endDuration":"3.0493","wordfile":[{"path":"audios\/wordfile-6751934b6f35e.mp3","mime":"audio\/mpeg","copyright":{"license":"U"}}]},{"text":" \u0986\u09ae\u09bf ","startDuration":"3.2518","endDuration":"3.6240","wordfile":[{"path":"audios\/wordfile-6751935c2cdf8.mp3","mime":"audio\/mpeg","copyright":{"license":"U"}}]},{"text":" \u09b8\u09c7\u0997\u09c1\u09b2\u09cb ","startDuration":"3.6068","endDuration":"3.9920","wordfile":[{"path":"audios\/wordfile-6751936ca52b1.mp3","mime":"audio\/mpeg","copyright":{"license":"U"}}]},{"text":" \u0995\u09b0\u09a4\u09c7 ","startDuration":"3.9921","endDuration":"4.3276","wordfile":[{"path":"audios\/wordfile-6751937d47bda.mp3","mime":"audio\/mpeg","copyright":{"license":"U"}}]},{"text":" \u09aa\u099b\u09a8\u09cd\u09a6 ","startDuration":"4.3277","endDuration":"4.5055","wordfile":[{"path":"audios\/wordfile-6751938e3c97d.mp3","mime":"audio\/mpeg","copyright":{"license":"U"}}]},{"text":" \u0995\u09b0\u09bf\u0964 ","startDuration":"4.5296","endDuration":"4.9213","wordfile":[{"path":"audios\/wordfile-6751939f8e2c6.mp3","mime":"audio\/mpeg","copyright":{"license":"U"}}]}],"files":[{"path":"audios\/files-668c2541cd6a7.mp3","mime":"audio\/mpeg","copyright":{"license":"U"}}]},"subContentId":"d941a5e7-529a-417c-896c-45dd366e1c72","metadata":{"contentType":"Curious Reader Audio","license":"U","title":"Untitled Curious Reader Audio"}},"backgroundOpacity":0,"willDoAnimation":false,"animationType":"glow","displayAsButton":false,"buttonSize":"big","goToSlideType":"specified","invisible":false},{"x":58.8235294117647,"y":21.818181818181817,"width":28.860294117647058,"height":49.81818181818182,"action":{"library":"H5P.Image 1.1","params":{"contentName":"Image"},"subContentId":"a179c8d8-3557-46e8-8696-00634b223623","metadata":{"contentType":"Image","license":"U","title":"Untitled Image"}},"backgroundOpacity":0,"willDoAnimation":true,"animationType":"glow","displayAsButton":false,"buttonSize":"big","goToSlideType":"specified","invisible":false,"id":"imgd941a5e7-529a-417c-896c-45dd366e1c72_0"}],"slideBackgroundSelector":{}},{"elements":[{"x":3.826530612244898,"y":73.04785894206549,"width":93.68191721132898,"height":24.946236559139784,"action":{"library":"H5P.CRAdvancedText 1.1","params":{"text":"<p dir=\"ltr\" style=\"text-align: center;\"><span style=\"font-size:1.75em;\">\u0986\u09ae\u09bf \u099c\u09bf\u099c\u09cb\u09b0 \u09b8\u09be\u09a5\u09c7 \u09ab\u09c1\u099f\u09ac\u09b2 \u0996\u09c7\u09b2\u09bf\u0964<\/span><\/p>\n"},"subContentId":"c0103700-9490-46ad-806e-95977b01da71","metadata":{"contentType":"Text","license":"U","title":"Untitled Text"}},"alwaysDisplayComments":false,"backgroundOpacity":0,"willDoAnimation":false,"animationType":"glow","displayAsButton":false,"buttonSize":"big","goToSlideType":"specified","invisible":false,"solution":""},{"x":30.501089324618736,"y":2.150537634408602,"width":37.642919389978,"height":68.856593233979,"action":{"library":"H5P.Image 1.1","params":{"contentName":"Image","alt":"Ngidlala ibhola noZizo.","file":{"path":"images\/file-618eb89609ed6.jpg","mime":"image\/jpeg","copyright":{"license":"U"},"width":273,"height":273},"title":"Ngidlala ibhola noZizo."},"subContentId":"07536b8d-c38f-40e0-9261-226d0a11c99a","metadata":{"contentType":"Image","license":"U","title":"Untitled Image"}},"backgroundOpacity":0,"willDoAnimation":false,"animationType":"glow","displayAsButton":false,"buttonSize":"big","goToSlideType":"specified","invisible":false},{"x":46.96691176470588,"y":44,"width":40,"height":40,"action":{"library":"H5P.CRAudio 1.4","params":{"fitToWrapper":true,"currIndex":10,"playerMode":"minimalistic","controls":true,"autoplay":true,"playAudio":"Play audio","pauseAudio":"Pause audio","contentName":"Audio","glowColor":"#ffd85a","timeStampForEachText":[{"text":" \u0986\u09ae\u09bf ","startDuration":"0.0000","endDuration":"0.3214","wordfile":[{"path":"audios\/wordfile-675193b5e9f90.mp3","mime":"audio\/mpeg","copyright":{"license":"U"}}]},{"text":" \u099c\u09bf\u099c\u09cb\u09b0 ","startDuration":"0.3224","endDuration":"0.6826","wordfile":[{"path":"audios\/wordfile-675193c680fb3.mp3","mime":"audio\/mpeg","copyright":{"license":"U"}}]},{"text":" \u09b8\u09be\u09a5\u09c7 ","startDuration":"0.6836","endDuration":"1.1992","wordfile":[{"path":"audios\/wordfile-675193db1ce56.mp3","mime":"audio\/mpeg","copyright":{"license":"U"}}]},{"text":" \u09ab\u09c1\u099f\u09ac\u09b2 ","startDuration":"1.3070","endDuration":"1.8178","wordfile":[{"path":"audios\/wordfile-675193ed73a64.mp3","mime":"audio\/mpeg","copyright":{"license":"U"}}]},{"text":" \u0996\u09c7\u09b2\u09bf\u0964 ","startDuration":"1.8188","endDuration":"2.3053","wordfile":[{"path":"audios\/wordfile-6751940016d6c.mp3","mime":"audio\/mpeg","copyright":{"license":"U"}}]}],"files":[{"path":"audios\/files-668c28c9d4a31.mp3","mime":"audio\/mpeg","copyright":{"license":"U"}}]},"subContentId":"c2e839e8-f0a6-4ca2-acbf-ba8215583700","metadata":{"contentType":"Curious Reader Audio","license":"U","title":"Untitled Curious Reader Audio"}},"backgroundOpacity":0,"willDoAnimation":false,"animationType":"glow","displayAsButton":false,"buttonSize":"big","goToSlideType":"specified","invisible":false},{"x":47.794117647058826,"y":47.47709090909091,"width":10.477941176470587,"height":20.727272727272727,"action":{"library":"H5P.Image 1.1","params":{"contentName":"Image"},"subContentId":"30ad7cf0-e74b-4d69-ba7c-86aaae95f169","metadata":{"contentType":"Image","license":"U","title":"Untitled Image"}},"backgroundOpacity":0,"willDoAnimation":true,"animationType":"glow","displayAsButton":false,"buttonSize":"big","goToSlideType":"specified","invisible":false,"id":"imgc2e839e8-f0a6-4ca2-acbf-ba8215583700_3"},{"x":31.25,"y":3.6420363636363633,"width":15.992647058823529,"height":64.36363636363636,"action":{"library":"H5P.Image 1.1","params":{"contentName":"Image"},"subContentId":"793d14d2-ac37-408d-b465-4403f9258bc6","metadata":{"contentType":"Image","license":"U","title":"Untitled Image"}},"backgroundOpacity":0,"willDoAnimation":true,"animationType":"glow","displayAsButton":false,"buttonSize":"big","goToSlideType":"specified","invisible":false,"id":"imgc2e839e8-f0a6-4ca2-acbf-ba8215583700_1"},{"x":49.63235294117647,"y":10.951709090909091,"width":17.830882352941174,"height":40,"action":{"library":"H5P.Image 1.1","params":{"contentName":"Image"},"subContentId":"26c48348-0a0c-44bb-afa9-782b81bd7e9f","metadata":{"contentType":"Image","license":"U","title":"Untitled Image"}},"backgroundOpacity":0,"willDoAnimation":true,"animationType":"glow","displayAsButton":false,"buttonSize":"big","goToSlideType":"specified","invisible":false,"id":"imgc2e839e8-f0a6-4ca2-acbf-ba8215583700_0"},{"x":29.41176470588235,"y":32.72727272727273,"width":38.05147058823529,"height":40,"action":{"library":"H5P.Image 1.1","params":{"contentName":"Image"},"subContentId":"b79fefd7-d7b5-4fd2-af61-4548e236f255","metadata":{"contentType":"Image","license":"U","title":"Untitled Image"}},"backgroundOpacity":0,"willDoAnimation":true,"animationType":"glow","displayAsButton":false,"buttonSize":"big","goToSlideType":"specified","invisible":false,"id":"imgc2e839e8-f0a6-4ca2-acbf-ba8215583700_4"}],"slideBackgroundSelector":{}},{"elements":[{"x":1.838235294117647,"y":80,"width":90.0735294117647,"height":13.090909090909092,"action":{"library":"H5P.CRAdvancedText 1.1","params":{"text":"<p dir=\"ltr\" style=\"text-align: center;\"><span style=\"font-size:1.75em;\">\u0986\u09ae\u09bf \u09b2\u09c7\u09b2\u09c7\u09b0 \u09b8\u09be\u09a5\u09c7 \u09b8\u09be\u0981\u09a4\u09be\u09b0 \u0995\u09be\u099f\u09bf\u0964<\/span><\/p>\n"},"subContentId":"4f10339f-9758-4ec2-b3ad-9bda148dc589","metadata":{"contentType":"Text","license":"U","title":"Untitled Text"}},"alwaysDisplayComments":false,"backgroundOpacity":0,"willDoAnimation":false,"animationType":"glow","displayAsButton":false,"buttonSize":"big","goToSlideType":"specified","invisible":false,"solution":""},{"x":27.573529411764703,"y":3.6363636363636362,"width":40.05102040816327,"height":73.04785894206549,"action":{"library":"H5P.Image 1.1","params":{"contentName":"Image","file":{"path":"images\/file-618eb96526d0d.jpg","mime":"image\/jpeg","copyright":{"license":"U"},"width":273,"height":273},"alt":"Ngibhukuda noLele.","title":"Ngibhukuda noLele."},"subContentId":"5a25762a-d5eb-41ab-be59-b3eb68d8ec63","metadata":{"contentType":"Image","license":"U","title":"Untitled Image"}},"backgroundOpacity":0,"willDoAnimation":false,"animationType":"glow","displayAsButton":false,"buttonSize":"big","goToSlideType":"specified","invisible":false},{"x":46.96691176470588,"y":44,"width":40,"height":40,"action":{"library":"H5P.CRAudio 1.4","params":{"fitToWrapper":true,"currIndex":11,"playerMode":"minimalistic","controls":true,"autoplay":true,"playAudio":"Play audio","pauseAudio":"Pause audio","contentName":"Audio","glowColor":"#ffd85a","timeStampForEachText":[{"text":" \u0986\u09ae\u09bf ","startDuration":"0.0000","endDuration":"0.2269","wordfile":[{"path":"audios\/wordfile-6751b0b55b174.mp3","mime":"audio\/mpeg","copyright":{"license":"U"}}]},{"text":" \u09b2\u09c7\u09b2\u09c7\u09b0 ","startDuration":"0.2270","endDuration":"0.6430","wordfile":[{"path":"audios\/wordfile-6751b0e7cb837.mp3","mime":"audio\/mpeg","copyright":{"license":"U"}}]},{"text":" \u09b8\u09be\u09a5\u09c7 ","startDuration":"0.6431","endDuration":"1.2429","wordfile":[{"path":"audios\/wordfile-6751b0f894d82.mp3","mime":"audio\/mpeg","copyright":{"license":"U"}}]},{"text":" \u09b8\u09be\u0981\u09a4\u09be\u09b0 ","startDuration":"1.2430","endDuration":"1.7487","wordfile":[{"path":"audios\/wordfile-6751b10b0c183.mp3","mime":"audio\/mpeg","copyright":{"license":"U"}}]},{"text":" \u0995\u09be\u099f\u09bf\u0964 ","startDuration":"1.7497","endDuration":"2.2500","wordfile":[{"path":"audios\/wordfile-6751b11c83adc.mp3","mime":"audio\/mpeg","copyright":{"license":"U"}}]}],"files":[{"path":"audios\/files-668c2b0c7374d.mp3","mime":"audio\/mpeg","copyright":{"license":"U"}}]},"subContentId":"1622903f-000d-479a-9721-a2021a423ff6","metadata":{"contentType":"Curious Reader Audio","license":"U","title":"Untitled Curious Reader Audio"}},"backgroundOpacity":0,"willDoAnimation":false,"animationType":"glow","displayAsButton":false,"buttonSize":"big","goToSlideType":"specified","invisible":false},{"x":29.41176470588235,"y":29.09090909090909,"width":14.15441176470588,"height":40,"action":{"library":"H5P.Image 1.1","params":{"contentName":"Image"},"subContentId":"67250ed4-007b-44d2-ae59-89cd61741b3c","metadata":{"contentType":"Image","license":"U","title":"Untitled Image"}},"backgroundOpacity":0,"willDoAnimation":true,"animationType":"glow","displayAsButton":false,"buttonSize":"big","goToSlideType":"specified","invisible":false,"id":"img1622903f-000d-479a-9721-a2021a423ff6_1"},{"x":47.794117647058826,"y":25.596581818181818,"width":17.830882352941174,"height":40,"action":{"library":"H5P.Image 1.1","params":{"contentName":"Image"},"subContentId":"15bce5d0-d307-483a-a001-1864a9cbe159","metadata":{"contentType":"Image","license":"U","title":"Untitled Image"}},"backgroundOpacity":0,"willDoAnimation":true,"animationType":"glow","displayAsButton":false,"buttonSize":"big","goToSlideType":"specified","invisible":false,"id":"img1622903f-000d-479a-9721-a2021a423ff6_0"},{"x":27.573529411764703,"y":21.818181818181817,"width":40.0735294117647,"height":49.81818181818182,"action":{"library":"H5P.Image 1.1","params":{"contentName":"Image"},"subContentId":"c19ca3d7-f7e1-4a6a-8b4c-066cd70b4983","metadata":{"contentType":"Image","license":"U","title":"Untitled Image"}},"backgroundOpacity":0,"willDoAnimation":true,"animationType":"glow","displayAsButton":false,"buttonSize":"big","goToSlideType":"specified","invisible":false,"id":"img1622903f-000d-479a-9721-a2021a423ff6_3"}],"slideBackgroundSelector":{}},{"elements":[{"x":3.676470588235294,"y":74.9090909090909,"width":91.83673469387756,"height":25.188916876574307,"action":{"library":"H5P.CRAdvancedText 1.1","params":{"text":"<p dir=\"ltr\" style=\"text-align: center;\"><span style=\"font-size:1.75em;\">\u0986\u09ae\u09bf \u09b8\u09bf\u09b8\u09be\u09b0 \u09b8\u09be\u09a5\u09c7 \u09b2\u09c1\u0995\u09cb\u099a\u09c1\u09b0\u09bf \u0996\u09c7\u09b2\u09bf\u0964<\/span><\/p>\n"},"subContentId":"5ce600c0-9e95-4b84-9330-56cc92fd0bf7","metadata":{"contentType":"Text","license":"U","title":"Untitled Text"}},"alwaysDisplayComments":false,"backgroundOpacity":0,"willDoAnimation":false,"animationType":"glow","displayAsButton":false,"buttonSize":"big","goToSlideType":"specified","invisible":false,"solution":""},{"x":29.520697167756,"y":6.0249519079732,"width":39.998148148148,"height":66.791953592016,"action":{"library":"H5P.Image 1.1","params":{"contentName":"Image","file":{"path":"images\/file-618ebb55f4134.jpg","mime":"image\/jpeg","copyright":{"license":"U"},"width":273,"height":273},"alt":"Ngidlala umacashelana noSisa.","title":"Ngidlala umacashelana noSisa."},"subContentId":"7fcf93f8-b105-4383-8477-0218ce8d77da","metadata":{"contentType":"Image","license":"U","title":"Untitled Image"}},"backgroundOpacity":0,"willDoAnimation":false,"animationType":"glow","displayAsButton":false,"buttonSize":"big","goToSlideType":"specified","invisible":false},{"x":46.96691176470588,"y":44,"width":40,"height":40,"action":{"library":"H5P.CRAudio 1.4","params":{"fitToWrapper":true,"currIndex":12,"playerMode":"minimalistic","controls":true,"autoplay":true,"playAudio":"Play audio","pauseAudio":"Pause audio","contentName":"Audio","glowColor":"#ffd85a","timeStampForEachText":[{"text":" \u0986\u09ae\u09bf ","startDuration":"0.0000","endDuration":"0.4144","wordfile":[{"path":"audios\/wordfile-6751b135bdee6.mp3","mime":"audio\/mpeg","copyright":{"license":"U"}}]},{"text":" \u09b8\u09bf\u09b8\u09be\u09b0 ","startDuration":"0.4154","endDuration":"0.7992","wordfile":[{"path":"audios\/wordfile-6751b14794d97.mp3","mime":"audio\/mpeg","copyright":{"license":"U"}}]},{"text":" \u09b8\u09be\u09a5\u09c7 ","startDuration":"0.7993","endDuration":"1.2707","wordfile":[{"path":"audios\/wordfile-6751b15b5f61b.mp3","mime":"audio\/mpeg","copyright":{"license":"U"}}]},{"text":" \u09b2\u09c1\u0995\u09cb\u099a\u09c1\u09b0\u09bf ","startDuration":"1.2717","endDuration":"2.1047","wordfile":[{"path":"audios\/wordfile-6751b16c8d44a.mp3","mime":"audio\/mpeg","copyright":{"license":"U"}}]},{"text":" \u0996\u09c7\u09b2\u09bf\u0964 ","startDuration":"2.1049","endDuration":"2.5625","wordfile":[{"path":"audios\/wordfile-6751b17bb9294.mp3","mime":"audio\/mpeg","copyright":{"license":"U"}}]}],"files":[{"path":"audios\/files-668c2d96ddcfb.mp3","mime":"audio\/mpeg","copyright":{"license":"U"}}]},"subContentId":"a7e2a2be-2f7e-4547-bf11-af7757b4f7c8","metadata":{"contentType":"Curious Reader Audio","license":"U","title":"Untitled Curious Reader Audio"}},"backgroundOpacity":0,"willDoAnimation":false,"animationType":"glow","displayAsButton":false,"buttonSize":"big","goToSlideType":"specified","invisible":false},{"x":27.573529411764703,"y":21.818181818181817,"width":40,"height":40,"action":{"library":"H5P.Image 1.1","params":{"contentName":"Image"},"subContentId":"4c75c0b2-d0a0-48fd-a532-80d74cc5161c","metadata":{"contentType":"Image","license":"U","title":"Untitled Image"}},"backgroundOpacity":0,"willDoAnimation":true,"animationType":"glow","displayAsButton":false,"buttonSize":"big","goToSlideType":"specified","invisible":false,"id":"imga7e2a2be-2f7e-4547-bf11-af7757b4f7c8_1"},{"x":44.11764705882353,"y":21.818181818181817,"width":24.080882352941174,"height":40,"action":{"library":"H5P.Image 1.1","params":{"contentName":"Image"},"subContentId":"9ffd4c30-7274-48b2-b1e3-1bef4870963e","metadata":{"contentType":"Image","license":"U","title":"Untitled Image"}},"backgroundOpacity":0,"willDoAnimation":true,"animationType":"glow","displayAsButton":false,"buttonSize":"big","goToSlideType":"specified","invisible":false,"id":"imga7e2a2be-2f7e-4547-bf11-af7757b4f7c8_0"},{"x":29.41176470588235,"y":21.818181818181817,"width":19.669117647058822,"height":40,"action":{"library":"H5P.Image 1.1","params":{"contentName":"Image"},"subContentId":"d3f5ffb6-1099-4992-81f9-ded420a0533c","metadata":{"contentType":"Image","license":"U","title":"Untitled Image"}},"backgroundOpacity":0,"willDoAnimation":true,"animationType":"glow","displayAsButton":false,"buttonSize":"big","goToSlideType":"specified","invisible":false,"id":"imga7e2a2be-2f7e-4547-bf11-af7757b4f7c8_1"}],"slideBackgroundSelector":{}},{"elements":[{"x":15.306122448979592,"y":10.579345088161208,"width":68.87755102040816,"height":69.0176322418136,"action":{"library":"H5P.Image 1.1","params":{"contentName":"Image","file":{"path":"images\/file-618ecd7fc659d.jpg","mime":"image\/jpeg","copyright":{"license":"U"},"width":350,"height":210}},"subContentId":"c2ff2e98-73c7-4f05-b67e-e393662e801c","metadata":{"contentType":"Image","license":"U","title":"Untitled Image"}},"backgroundOpacity":0,"willDoAnimation":false,"animationType":"glow","displayAsButton":false,"buttonSize":"big","goToSlideType":"specified","invisible":false},{"x":1.0204081632653061,"y":81.61209068010075,"width":97.83163265306122,"height":17.632241813602015,"action":{"library":"H5P.CRAdvancedText 1.1","params":{"text":"<p dir=\"ltr\" style=\"text-align: center;\"><span style=\"font-size:1.75em;\">\u0986\u09ae\u09bf \u0986\u09df\u09be\u09a8\u09cd\u09a6\u09be\u09b0 \u09b8\u09be\u09a5\u09c7 \u09ac\u0987 \u09aa\u09dc\u09bf\u0964<\/span><\/p>\n"},"subContentId":"bb08e97d-bef7-4a5e-bda8-a71c987a742e","metadata":{"contentType":"Text","license":"U","title":"Untitled Text"}},"alwaysDisplayComments":false,"backgroundOpacity":0,"willDoAnimation":false,"animationType":"glow","displayAsButton":false,"buttonSize":"big","goToSlideType":"specified","invisible":false,"solution":""},{"x":46.96691176470588,"y":44,"width":40,"height":40,"action":{"library":"H5P.CRAudio 1.4","params":{"fitToWrapper":true,"currIndex":13,"playerMode":"minimalistic","controls":true,"autoplay":true,"playAudio":"Play audio","pauseAudio":"Pause audio","contentName":"Audio","glowColor":"#ffd85a","timeStampForEachText":[{"text":" \u0986\u09ae\u09bf ","startDuration":"0.0000","endDuration":"0.3797","wordfile":[{"path":"audios\/wordfile-6751b196b8d8c.mp3","mime":"audio\/mpeg","copyright":{"license":"U"}}]},{"text":" \u0986\u09df\u09be\u09a8\u09cd\u09a6\u09be\u09b0 ","startDuration":"0.3807","endDuration":"0.9060","wordfile":[{"path":"audios\/wordfile-6751b1a7d9ca8.mp3","mime":"audio\/mpeg","copyright":{"license":"U"}}]},{"text":" \u09b8\u09be\u09a5\u09c7 ","startDuration":"0.9070","endDuration":"1.4178","wordfile":[{"path":"audios\/wordfile-6751b1b85cfc0.mp3","mime":"audio\/mpeg","copyright":{"license":"U"}}]},{"text":" \u09ac\u0987 ","startDuration":"1.5839","endDuration":"1.9829","wordfile":[{"path":"audios\/wordfile-6751b1c8f291e.mp3","mime":"audio\/mpeg","copyright":{"license":"U"}}]},{"text":" \u09aa\u09dc\u09bf\u0964 ","startDuration":"1.9839","endDuration":"2.4121","wordfile":[{"path":"audios\/wordfile-6751b1d901ec3.mp3","mime":"audio\/mpeg","copyright":{"license":"U"}}]}],"files":[{"path":"audios\/files-668c2f8962e2f.mp3","mime":"audio\/mpeg","copyright":{"license":"U"}}]},"subContentId":"ee374579-8142-4080-b76b-00a8e767da73","metadata":{"contentType":"Curious Reader Audio","license":"U","title":"Untitled Curious Reader Audio"}},"backgroundOpacity":0,"willDoAnimation":false,"animationType":"glow","displayAsButton":false,"buttonSize":"big","goToSlideType":"specified","invisible":false},{"x":53.30882352941176,"y":18.181818181818183,"width":17.830882352941174,"height":40,"action":{"library":"H5P.Image 1.1","params":{"contentName":"Image"},"subContentId":"ccf21ab2-1009-45e6-8c01-32330e355db8","metadata":{"contentType":"Image","license":"U","title":"Untitled Image"}},"backgroundOpacity":0,"willDoAnimation":true,"animationType":"glow","displayAsButton":false,"buttonSize":"big","goToSlideType":"specified","invisible":false,"id":"imgee374579-8142-4080-b76b-00a8e767da73_0"},{"x":18.38235294117647,"y":25.55967272727273,"width":27.02205882352941,"height":49.81818181818182,"action":{"library":"H5P.Image 1.1","params":{"contentName":"Image"},"subContentId":"4d9b2b41-e328-4652-ad08-9d46aa208a64","metadata":{"contentType":"Image","license":"U","title":"Untitled Image"}},"backgroundOpacity":0,"willDoAnimation":true,"animationType":"glow","displayAsButton":false,"buttonSize":"big","goToSlideType":"specified","invisible":false,"id":"imgee374579-8142-4080-b76b-00a8e767da73_1"},{"x":20.22058823529412,"y":14.625018181818184,"width":56.43382352941176,"height":60.72727272727273,"action":{"library":"H5P.Image 1.1","params":{"contentName":"Image"},"subContentId":"cb3b8dd9-f96e-4455-8110-025f1b9de791","metadata":{"contentType":"Image","license":"U","title":"Untitled Image"}},"backgroundOpacity":0,"willDoAnimation":true,"animationType":"glow","displayAsButton":false,"buttonSize":"big","goToSlideType":"specified","invisible":false,"id":"imgee374579-8142-4080-b76b-00a8e767da73_4"}],"slideBackgroundSelector":{}},{"elements":[{"x":2.423469387755102,"y":81.360201511335,"width":95.66326530612245,"height":17.632241813602015,"action":{"library":"H5P.CRAdvancedText 1.1","params":{"text":"<p dir=\"ltr\" style=\"text-align: center;\"><span style=\"font-size:1.75em;\">\u098f\u09b8\u09cb, \u09ac\u09a8\u09cd\u09a7\u09c1, \u09a4\u09c1\u09ae\u09bf \u0995\u09bf \u0995\u09b0\u09a4\u09c7 \u09aa\u099b\u09a8\u09cd\u09a6 \u0995\u09b0\u09cb\u0964<\/span><\/p>\n"},"subContentId":"561dd707-289b-446f-bb31-a8d898b0b627","metadata":{"contentType":"Text","license":"U","title":"Untitled Text"}},"alwaysDisplayComments":false,"backgroundOpacity":0,"willDoAnimation":false,"animationType":"glow","displayAsButton":false,"buttonSize":"big","goToSlideType":"specified","invisible":false,"solution":""},{"x":29.336734693877553,"y":4.295894206549118,"width":42.474489795918366,"height":73.29974811083123,"action":{"library":"H5P.Image 1.1","params":{"contentName":"Image","file":{"path":"images\/file-618ebd51e59a0.jpg","mime":"image\/jpeg","copyright":{"license":"U"},"width":273,"height":273},"alt":"Woza, mngane, yini oyithandayo?","title":"Woza, mngane, yini oyithandayo?"},"subContentId":"a94f03fd-3ce4-4a62-9d49-2af4710dd854","metadata":{"contentType":"Image","license":"U","title":"Untitled Image"}},"backgroundOpacity":0,"willDoAnimation":false,"animationType":"glow","displayAsButton":false,"buttonSize":"big","goToSlideType":"specified","invisible":false},{"x":93.11224489795919,"y":2.5195390251399603,"width":40,"height":40,"action":{"library":"H5P.CRAudio 1.4","params":{"fitToWrapper":true,"currIndex":14,"playerMode":"minimalistic","controls":true,"autoplay":true,"playAudio":"Play audio","pauseAudio":"Pause audio","contentName":"Audio","glowColor":"#ffd85a","timeStampForEachText":[{"text":" \u098f\u09b8\u09cb, ","startDuration":"0.0000","endDuration":"0.6671","wordfile":[{"path":"audios\/wordfile-6751b1f039052.mp3","mime":"audio\/mpeg","copyright":{"license":"U"}}]},{"text":" \u09ac\u09a8\u09cd\u09a7\u09c1, ","startDuration":"0.6681","endDuration":"1.5165","wordfile":[{"path":"audios\/wordfile-6751b201b5194.mp3","mime":"audio\/mpeg","copyright":{"license":"U"}}]},{"text":" \u09a4\u09c1\u09ae\u09bf ","startDuration":"1.5175","endDuration":"1.9267","wordfile":[{"path":"audios\/wordfile-6751b213b6512.mp3","mime":"audio\/mpeg","copyright":{"license":"U"}}]},{"text":" \u0995\u09bf ","startDuration":"1.9277","endDuration":"2.1068","wordfile":[{"path":"audios\/wordfile-6751b2276af41.mp3","mime":"audio\/mpeg","copyright":{"license":"U"}}]},{"text":" \u0995\u09b0\u09a4\u09c7 ","startDuration":"2.1078","endDuration":"2.4194","wordfile":[{"path":"audios\/wordfile-6751b239255d0.mp3","mime":"audio\/mpeg","copyright":{"license":"U"}}]},{"text":" \u09aa\u099b\u09a8\u09cd\u09a6 ","startDuration":"2.3088","endDuration":"2.8435","wordfile":[{"path":"audios\/wordfile-6751b248d4165.mp3","mime":"audio\/mpeg","copyright":{"license":"U"}}]},{"text":" \u0995\u09b0\u09cb\u0964 ","startDuration":"2.8305","endDuration":"3.5000","wordfile":[{"path":"audios\/wordfile-6752879eb3db8.wav","mime":"audio\/x-wav","copyright":{"license":"U"}}]}],"files":[{"path":"audios\/files-668c314090f76.mp3","mime":"audio\/mpeg","copyright":{"license":"U"}}]},"subContentId":"1e105a15-b175-4b50-8d15-6a203e7ff52a","metadata":{"contentType":"Curious Reader Audio","license":"U","title":"Untitled Curious Reader Audio"}},"backgroundOpacity":0,"willDoAnimation":false,"animationType":"glow","displayAsButton":false,"buttonSize":"big","goToSlideType":"specified","invisible":false}],"slideBackgroundSelector":{}},{"elements":[{"x":0,"y":79.50453400503777,"width":100,"height":18.89168765743073,"action":{"library":"H5P.CRAdvancedText 1.1","params":{"text":"<p dir=\"ltr\" style=\"text-align: center;\"><span style=\"font-size:1.75em;\">\u098f\u09b8\u09cb, \u0986\u09ae\u09be\u09a6\u09c7\u09b0 \u09b8\u09be\u09a5\u09c7 \u09ab\u09c1\u099f\u09ac\u09b2 \u0996\u09c7\u09b2\u09cb\u0964<\/span><\/p>\n"},"subContentId":"8bdf48c8-d31b-4d24-90c4-3a81da7d5874","metadata":{"contentType":"Text","license":"U","title":"Untitled Text"}},"alwaysDisplayComments":false,"backgroundOpacity":0,"willDoAnimation":false,"animationType":"glow","displayAsButton":false,"buttonSize":"big","goToSlideType":"specified","invisible":false,"solution":""},{"x":27.314795918367345,"y":5.035818639798489,"width":42.474489795918366,"height":71.53652392947103,"action":{"library":"H5P.Image 1.1","params":{"contentName":"Image","file":{"path":"images\/file-618ebe5e14981.jpg","mime":"image\/jpeg","copyright":{"license":"U"},"width":273,"height":273},"alt":"Woza, udlale ibhola nathi.","title":"Woza, udlale ibhola nathi."},"subContentId":"90899643-cef7-4587-a9f3-53dc5f203480","metadata":{"contentType":"Image","license":"U","title":"Untitled Image"}},"backgroundOpacity":0,"willDoAnimation":false,"animationType":"glow","displayAsButton":false,"buttonSize":"big","goToSlideType":"specified","invisible":false},{"x":92.5925925925926,"y":2.151768538561844,"width":40,"height":40,"action":{"library":"H5P.CRAudio 1.4","params":{"fitToWrapper":true,"currIndex":15,"playerMode":"minimalistic","controls":true,"autoplay":true,"playAudio":"Play audio","pauseAudio":"Pause audio","contentName":"Audio","glowColor":"#ffd85a","timeStampForEachText":[{"text":" \u098f\u09b8\u09cb, ","startDuration":"0.0000","endDuration":"0.8252","wordfile":[{"path":"audios\/wordfile-6751b27ecee56.mp3","mime":"audio\/mpeg","copyright":{"license":"U"}}]},{"text":" \u0986\u09ae\u09be\u09a6\u09c7\u09b0 ","startDuration":"0.8262","endDuration":"1.3758","wordfile":[{"path":"audios\/wordfile-6751b2918ef60.mp3","mime":"audio\/mpeg","copyright":{"license":"U"}}]},{"text":" \u09b8\u09be\u09a5\u09c7 ","startDuration":"1.3759","endDuration":"1.9197","wordfile":[{"path":"audios\/wordfile-6751b2a1512ba.mp3","mime":"audio\/mpeg","copyright":{"license":"U"}}]},{"text":" \u09ab\u09c1\u099f\u09ac\u09b2 ","startDuration":"1.9207","endDuration":"2.7325","wordfile":[{"path":"audios\/wordfile-6751b2b06c9c9.mp3","mime":"audio\/mpeg","copyright":{"license":"U"}}]},{"text":" \u0996\u09c7\u09b2\u09cb\u0964 ","startDuration":"2.7335","endDuration":"3.3705","wordfile":[{"path":"audios\/wordfile-675835aa09cb5.mp3","mime":"audio\/mpeg","copyright":{"license":"U"}}]}],"files":[{"path":"audios\/files-668c33eeb4186.mp3","mime":"audio\/mpeg","copyright":{"license":"U"}}]},"subContentId":"811f1f10-33d8-4cfe-ab1b-63a43dec490d","metadata":{"contentType":"Curious Reader Audio","license":"U","title":"Untitled Curious Reader Audio"}},"backgroundOpacity":0,"willDoAnimation":false,"animationType":"glow","displayAsButton":false,"buttonSize":"big","goToSlideType":"specified","invisible":false},{"x":40.44117647058823,"y":14.545454545454545,"width":20.220588235294116,"height":40,"action":{"library":"H5P.Image 1.1","params":{"contentName":"Image"},"subContentId":"aacd2e92-57e3-4a56-82d2-0f3ea0fcf3e1","metadata":{"contentType":"Image","license":"U","title":"Untitled Image"}},"backgroundOpacity":0,"willDoAnimation":true,"animationType":"glow","displayAsButton":false,"buttonSize":"big","goToSlideType":"specified","invisible":false,"id":"img811f1f10-33d8-4cfe-ab1b-63a43dec490d_4"}],"slideBackgroundSelector":{}},{"elements":[{"x":9.191176470588236,"y":81.81818181818181,"width":79.04411764705881,"height":18.181818181818183,"action":{"library":"H5P.CRAdvancedText 1.1","params":{"text":"<p dir=\"ltr\" style=\"text-align: center;\"><span style=\"font-size:1.75em;\">\u098f\u09b8\u09cb, \u0986\u09ae\u09be\u09a6\u09c7\u09b0 \u09b8\u09be\u09a5\u09c7 \u09b8\u09be\u0981\u09a4\u09be\u09b0 \u0995\u09be\u099f\u09cb\u0964<\/span><\/p>\n"},"subContentId":"0f7ae9c5-38f6-4b56-b0a4-f60475428cdf","metadata":{"contentType":"Text","license":"U","title":"Untitled Text"}},"alwaysDisplayComments":false,"backgroundOpacity":0,"willDoAnimation":false,"animationType":"glow","displayAsButton":false,"buttonSize":"big","goToSlideType":"specified","invisible":false,"solution":""},{"x":28.061224489795915,"y":6.4566246851385385,"width":43.494897959183675,"height":73.04785894206549,"action":{"library":"H5P.Image 1.1","params":{"contentName":"Image","file":{"path":"images\/file-618ebfb3bf920.jpg","mime":"image\/jpeg","copyright":{"license":"U"},"width":273,"height":273},"alt":"Woza, ubhukude nathi.","title":"Woza, ubhukude nathi."},"subContentId":"7d166ac6-5c43-46d0-9e03-6441fbe0e622","metadata":{"contentType":"Image","license":"U","title":"Untitled Image"}},"backgroundOpacity":0,"willDoAnimation":false,"animationType":"glow","displayAsButton":false,"buttonSize":"big","goToSlideType":"specified","invisible":false},{"x":46.96691176470588,"y":44,"width":40,"height":40,"action":{"library":"H5P.CRAudio 1.4","params":{"fitToWrapper":true,"currIndex":16,"playerMode":"minimalistic","controls":true,"autoplay":true,"playAudio":"Play audio","pauseAudio":"Pause audio","contentName":"Audio","glowColor":"#ffd85a","timeStampForEachText":[{"text":" \u098f\u09b8\u09cb, ","startDuration":"0.0000","endDuration":"0.6611","wordfile":[{"path":"audios\/wordfile-6751b30b466c6.mp3","mime":"audio\/mpeg","copyright":{"license":"U"}}]},{"text":" \u0986\u09ae\u09be\u09a6\u09c7\u09b0 ","startDuration":"0.6612","endDuration":"1.2326","wordfile":[{"path":"audios\/wordfile-6751b3258140e.mp3","mime":"audio\/mpeg","copyright":{"license":"U"}}]},{"text":" \u09b8\u09be\u09a5\u09c7 ","startDuration":"1.2327","endDuration":"1.7025","wordfile":[{"path":"audios\/wordfile-6751b337b437b.mp3","mime":"audio\/mpeg","copyright":{"license":"U"}}]},{"text":" \u09b8\u09be\u0981\u09a4\u09be\u09b0 ","startDuration":"1.7026","endDuration":"2.3448","wordfile":[{"path":"audios\/wordfile-6751b34ae754d.mp3","mime":"audio\/mpeg","copyright":{"license":"U"}}]},{"text":" \u0995\u09be\u099f\u09cb\u0964 ","startDuration":"2.3449","endDuration":"3.0000","wordfile":[{"path":"audios\/wordfile-6751b35c618b5.mp3","mime":"audio\/mpeg","copyright":{"license":"U"}}]}],"files":[{"path":"audios\/files-668c355a3dd7c.mp3","mime":"audio\/mpeg","copyright":{"license":"U"}}]},"subContentId":"5173bd43-a537-4122-b61d-19a3eb0f7254","metadata":{"contentType":"Curious Reader Audio","license":"U","title":"Untitled Curious Reader Audio"}},"backgroundOpacity":0,"willDoAnimation":false,"animationType":"glow","displayAsButton":false,"buttonSize":"big","goToSlideType":"specified","invisible":false},{"x":29.411764705882355,"y":10.923309090909092,"width":40.0735294117647,"height":53.45454545454545,"action":{"library":"H5P.Image 1.1","params":{"contentName":"Image"},"subContentId":"ce93a28c-5951-4f1a-8c83-816c87cd62e9","metadata":{"contentType":"Image","license":"U","title":"Untitled Image"}},"backgroundOpacity":0,"willDoAnimation":true,"animationType":"glow","displayAsButton":false,"buttonSize":"big","goToSlideType":"specified","invisible":false,"id":"img5173bd43-a537-4122-b61d-19a3eb0f7254_3"}],"slideBackgroundSelector":{}},{"elements":[{"x":51.02040816326531,"y":15.113350125944583,"width":42.483660130719,"height":75.772592493771,"action":{"library":"H5P.Image 1.1","params":{"contentName":"Image","file":{"path":"images\/file-618ecf61254ef.jpg","mime":"image\/jpeg","copyright":{"license":"U"},"width":273,"height":273},"alt":"Woza, uzodlala umacashelana nathi.","title":"Woza, uzodlala umacashelana nathi."},"subContentId":"b3bbd262-e926-4513-ae5d-6426653a8687","metadata":{"contentType":"Image","license":"U","title":"Untitled Image"}},"backgroundOpacity":0,"willDoAnimation":false,"animationType":"glow","displayAsButton":false,"buttonSize":"big","goToSlideType":"specified","invisible":false},{"x":3.8258272058823533,"y":40.41490909090909,"width":45.955882352941174,"height":50.54545454545455,"action":{"library":"H5P.CRAdvancedText 1.1","params":{"text":"<p dir=\"ltr\" style=\"text-align: center;\"><span style=\"font-size:1.75em;\">\u098f\u09b8\u09cb, \u0986\u09ae\u09be\u09a6\u09c7\u09b0 \u09b8\u09be\u09a5\u09c7 \u09b2\u09c1\u0995\u09cb\u099a\u09c1\u09b0\u09bf \u0996\u09c7\u09b2\u09cb\u0964<\/span><\/p>\n"},"subContentId":"2f66b069-73bc-4244-a662-95291edb4cfd","metadata":{"contentType":"Text","license":"U","title":"Untitled Text"}},"alwaysDisplayComments":false,"backgroundOpacity":0,"willDoAnimation":false,"animationType":"glow","displayAsButton":false,"buttonSize":"big","goToSlideType":"specified","invisible":false,"solution":""},{"x":46.96691176470588,"y":44,"width":40,"height":40,"action":{"library":"H5P.CRAudio 1.4","params":{"fitToWrapper":true,"currIndex":17,"playerMode":"minimalistic","controls":true,"autoplay":true,"playAudio":"Play audio","pauseAudio":"Pause audio","contentName":"Audio","glowColor":"#ffd85a","timeStampForEachText":[{"text":" \u098f\u09b8\u09cb, ","startDuration":"0.0000","endDuration":"0.8320","wordfile":[{"path":"audios\/wordfile-6751b37490648.mp3","mime":"audio\/mpeg","copyright":{"license":"U"}}]},{"text":" \u0986\u09ae\u09be\u09a6\u09c7\u09b0 ","startDuration":"0.8321","endDuration":"1.4969","wordfile":[{"path":"audios\/wordfile-6751b38850fdd.mp3","mime":"audio\/mpeg","copyright":{"license":"U"}}]},{"text":" \u09b8\u09be\u09a5\u09c7 ","startDuration":"1.4970","endDuration":"1.9534","wordfile":[{"path":"audios\/wordfile-6751b398d1fe8.mp3","mime":"audio\/mpeg","copyright":{"license":"U"}}]},{"text":" \u09b2\u09c1\u0995\u09cb\u099a\u09c1\u09b0\u09bf ","startDuration":"1.9535","endDuration":"2.7250","wordfile":[{"path":"audios\/wordfile-6751b3b70e6f3.mp3","mime":"audio\/mpeg","copyright":{"license":"U"}}]},{"text":" \u0996\u09c7\u09b2\u09cb\u0964 ","startDuration":"2.7252","endDuration":"3.3750","wordfile":[{"path":"audios\/wordfile-675835c8796a1.mp3","mime":"audio\/mpeg","copyright":{"license":"U"}}]}],"files":[{"path":"audios\/files-668c36de6ef91.mp3","mime":"audio\/mpeg","copyright":{"license":"U"}}]},"subContentId":"4b355f52-af06-4103-aec0-d2c9c9472151","metadata":{"contentType":"Curious Reader Audio","license":"U","title":"Untitled Curious Reader Audio"}},"backgroundOpacity":0,"willDoAnimation":false,"animationType":"glow","displayAsButton":false,"buttonSize":"big","goToSlideType":"specified","invisible":false},{"x":53.30882352941176,"y":10.93749090909091,"width":40.0735294117647,"height":71.63636363636364,"action":{"library":"H5P.Image 1.1","params":{"contentName":"Image"},"subContentId":"4ff6b4d8-a553-4b8e-b32a-f477f511fb6d","metadata":{"contentType":"Image","license":"U","title":"Untitled Image"}},"backgroundOpacity":0,"willDoAnimation":true,"animationType":"glow","displayAsButton":false,"buttonSize":"big","goToSlideType":"specified","invisible":false,"id":"img4b355f52-af06-4103-aec0-d2c9c9472151_3"}],"slideBackgroundSelector":{}},{"elements":[{"x":12.755102040816327,"y":80.60453400503778,"width":73.9795918367347,"height":17.12846347607053,"action":{"library":"H5P.CRAdvancedText 1.1","params":{"text":"<p dir=\"ltr\" style=\"text-align: center;\"><span style=\"font-size:1.75em;\">\u098f\u09b8\u09cb, \u0986\u09ae\u09be\u09a6\u09c7\u09b0 \u09b8\u09be\u09a5\u09c7 \u09ac\u0987 \u09aa\u09dc\u09cb\u0964<\/span><\/p>\n"},"subContentId":"c2f3f53b-4ef2-41bf-8273-468816eeee27","metadata":{"contentType":"Text","license":"U","title":"Untitled Text"}},"alwaysDisplayComments":false,"backgroundOpacity":0,"willDoAnimation":false,"animationType":"glow","displayAsButton":false,"buttonSize":"big","goToSlideType":"specified","invisible":false,"solution":""},{"x":30.357142857142858,"y":5.541561712846347,"width":38.392857142857146,"height":73.04785894206549,"action":{"library":"H5P.Image 1.1","params":{"contentName":"Image","file":{"path":"images\/file-618ec1d1dba5b.jpg","mime":"image\/jpeg","copyright":{"license":"U"},"width":273,"height":273},"alt":"Woza, ufunde kanye nathi.","title":"Woza, ufunde kanye nathi."},"subContentId":"006c0f7a-5773-4f46-bf82-5931c01adc2f","metadata":{"contentType":"Image","license":"U","title":"Untitled Image"}},"backgroundOpacity":0,"willDoAnimation":false,"animationType":"glow","displayAsButton":false,"buttonSize":"big","goToSlideType":"specified","invisible":false},{"x":46.96691176470588,"y":44,"width":40,"height":40,"action":{"library":"H5P.CRAudio 1.4","params":{"fitToWrapper":true,"currIndex":18,"playerMode":"minimalistic","controls":true,"autoplay":true,"playAudio":"Play audio","pauseAudio":"Pause audio","contentName":"Audio","glowColor":"#ffd85a","timeStampForEachText":[{"text":" \u098f\u09b8\u09cb, ","startDuration":"0.0000","endDuration":"0.6363","wordfile":[{"path":"audios\/wordfile-6751b3e2ab56c.mp3","mime":"audio\/mpeg","copyright":{"license":"U"}}]},{"text":" \u0986\u09ae\u09be\u09a6\u09c7\u09b0 ","startDuration":"0.6364","endDuration":"1.1540","wordfile":[{"path":"audios\/wordfile-6751b3f5846d4.mp3","mime":"audio\/mpeg","copyright":{"license":"U"}}]},{"text":" \u09b8\u09be\u09a5\u09c7 ","startDuration":"1.1541","endDuration":"1.7733","wordfile":[{"path":"audios\/wordfile-6751b4079a92f.mp3","mime":"audio\/mpeg","copyright":{"license":"U"}}]},{"text":" \u09ac\u0987 ","startDuration":"1.7734","endDuration":"2.2552","wordfile":[{"path":"audios\/wordfile-6751b417d8810.mp3","mime":"audio\/mpeg","copyright":{"license":"U"}}]},{"text":" \u09aa\u09dc\u09cb\u0964 ","startDuration":"2.2553","endDuration":"2.8028","wordfile":[{"path":"audios\/wordfile-6751b4293f8f6.mp3","mime":"audio\/mpeg","copyright":{"license":"U"}}]}],"files":[{"path":"audios\/files-668c384c62308.mp3","mime":"audio\/mpeg","copyright":{"license":"U"}}]},"subContentId":"ec15efd0-746c-47e2-9553-c045bbd9df0c","metadata":{"contentType":"Curious Reader Audio","license":"U","title":"Untitled Curious Reader Audio"}},"backgroundOpacity":0,"willDoAnimation":false,"animationType":"glow","displayAsButton":false,"buttonSize":"big","goToSlideType":"specified","invisible":false},{"x":31.25,"y":18.258509090909094,"width":36.213235294117645,"height":40,"action":{"library":"H5P.Image 1.1","params":{"contentName":"Image"},"subContentId":"a87b466b-0531-4a77-9282-0ed330fd505b","metadata":{"contentType":"Image","license":"U","title":"Untitled Image"}},"backgroundOpacity":0,"willDoAnimation":true,"animationType":"glow","displayAsButton":false,"buttonSize":"big","goToSlideType":"specified","invisible":false,"id":"imgec15efd0-746c-47e2-9553-c045bbd9df0c_4"}],"slideBackgroundSelector":{}},{"elements":[{"x":0,"y":27.676322418136017,"width":47.19387755102041,"height":60.45340050377833,"action":{"library":"H5P.CRAdvancedText 1.1","params":{"text":"<p dir=\"ltr\" style=\"text-align: center;\"><span style=\"font-size:1.75em;\">\u0986\u09ae\u09b0\u09be \u09ac\u09a8\u09cd\u09a7\u09c1\u09a6\u09c7\u09b0 \u09b8\u09be\u09a5\u09c7 \u09ae\u099c\u09be \u0995\u09b0\u09a4\u09c7 \u09aa\u099b\u09a8\u09cd\u09a6 \u0995\u09b0\u09bf\u0964<\/span><\/p>\n"},"subContentId":"6515099d-443d-4e39-a9ae-78a04ed14f9a","metadata":{"contentType":"Text","license":"U","title":"Untitled Text"}},"alwaysDisplayComments":false,"backgroundOpacity":0,"willDoAnimation":false,"animationType":"glow","displayAsButton":false,"buttonSize":"big","goToSlideType":"specified","invisible":false,"solution":""},{"x":48.46938775510204,"y":15.113350125944583,"width":44.753086419753,"height":79.256935743964,"action":{"library":"H5P.Image 1.1","params":{"contentName":"Image","alt":"Sithanda ukuzijabulisa nabangani.","title":"Sithanda ukuzijabulisa nabangani.","file":{"path":"images\/file-618ec2e9676e8.jpg","mime":"image\/jpeg","copyright":{"license":"U"},"width":273,"height":273}},"subContentId":"d306951b-d37a-48f0-b520-d8cb6bed7af9","metadata":{"contentType":"Image","license":"U","title":"Untitled Image"}},"backgroundOpacity":0,"willDoAnimation":false,"animationType":"glow","displayAsButton":false,"buttonSize":"big","goToSlideType":"specified","invisible":false},{"x":46.96691176470588,"y":44,"width":40,"height":40,"action":{"library":"H5P.CRAudio 1.4","params":{"fitToWrapper":true,"currIndex":19,"playerMode":"minimalistic","controls":true,"autoplay":true,"playAudio":"Play audio","pauseAudio":"Pause audio","contentName":"Audio","glowColor":"#ffd85a","timeStampForEachText":[{"text":" \u0986\u09ae\u09b0\u09be ","startDuration":"0.0000","endDuration":"0.4527","wordfile":[{"path":"audios\/wordfile-6751b4427a381.mp3","mime":"audio\/mpeg","copyright":{"license":"U"}}]},{"text":" \u09ac\u09a8\u09cd\u09a7\u09c1\u09a6\u09c7\u09b0 ","startDuration":"0.4537","endDuration":"0.8198","wordfile":[{"path":"audios\/wordfile-6751b4539bf24.mp3","mime":"audio\/mpeg","copyright":{"license":"U"}}]},{"text":" \u09b8\u09be\u09a5\u09c7 ","startDuration":"0.8199","endDuration":"1.4468","wordfile":[{"path":"audios\/wordfile-6751b465a2c69.mp3","mime":"audio\/mpeg","copyright":{"license":"U"}}]},{"text":" \u09ae\u099c\u09be ","startDuration":"1.4469","endDuration":"1.6469","wordfile":[{"path":"audios\/wordfile-6751b47936b23.mp3","mime":"audio\/mpeg","copyright":{"license":"U"}}]},{"text":" \u0995\u09b0\u09a4\u09c7 ","startDuration":"1.6479","endDuration":"2.3534","wordfile":[{"path":"audios\/wordfile-6751b48a4f9b5.mp3","mime":"audio\/mpeg","copyright":{"license":"U"}}]},{"text":" \u09aa\u099b\u09a8\u09cd\u09a6 ","startDuration":"2.3535","endDuration":"3.0166","wordfile":[{"path":"audios\/wordfile-6751b49b66a5b.mp3","mime":"audio\/mpeg","copyright":{"license":"U"}}]},{"text":" \u0995\u09b0\u09bf\u0964 ","startDuration":"3.0167","endDuration":"3.6250","wordfile":[{"path":"audios\/wordfile-6751b4b107000.mp3","mime":"audio\/mpeg","copyright":{"license":"U"}}]}],"files":[{"path":"audios\/files-668c39c5f266e.mp3","mime":"audio\/mpeg","copyright":{"license":"U"}}]},"subContentId":"ddfb93f1-4766-4c2f-b998-b5821ed74439","metadata":{"contentType":"Curious Reader Audio","license":"U","title":"Untitled Curious Reader Audio"}},"backgroundOpacity":0,"willDoAnimation":false,"animationType":"glow","displayAsButton":false,"buttonSize":"big","goToSlideType":"specified","invisible":false},{"x":49.63235294117647,"y":14.565345454545453,"width":41.91176470588235,"height":43.63636363636363,"action":{"library":"H5P.Image 1.1","params":{"contentName":"Image"},"subContentId":"85b302f4-728c-4d04-9b50-bc1781ee25b4","metadata":{"contentType":"Image","license":"U","title":"Untitled Image"}},"backgroundOpacity":0,"willDoAnimation":true,"animationType":"glow","displayAsButton":false,"buttonSize":"big","goToSlideType":"specified","invisible":false,"id":"imgddfb93f1-4766-4c2f-b998-b5821ed74439_1"}],"slideBackgroundSelector":{}},{"elements":[{"x":4.62962962962963,"y":11.415525114155251,"width":23.148148148148145,"height":15.981735159817353,"action":{"library":"H5P.Image 1.1","params":{"contentName":"Image","file":{"path":"images\/file-61faf81aea46b.png","mime":"image\/png","copyright":{"license":"U"},"width":1350,"height":487}},"metadata":{"contentType":"Image","license":"U","title":"Untitled Image"},"subContentId":"45750f56-188e-4f60-af42-6d631b2d556f"},"backgroundOpacity":0,"willDoAnimation":false,"animationType":"glow","displayAsButton":false,"buttonSize":"big","goToSlideType":"specified","invisible":false},{"x":37.03703703703704,"y":10.752688172043008,"width":28.124999999999996,"height":13.698630136986301,"action":{"library":"H5P.Image 1.1","params":{"contentName":"Image","file":{"path":"images\/file-61f9b09eb5330.png","mime":"image\/png","copyright":{"license":"U"},"width":814,"height":202}},"metadata":{"contentType":"Image","license":"U","title":"Untitled Image"},"subContentId":"cc2ecdc6-9393-428c-907b-f89bde66f5e3"},"backgroundOpacity":0,"willDoAnimation":false,"animationType":"glow","displayAsButton":false,"buttonSize":"big","goToSlideType":"specified","invisible":false},{"x":69.71677559912854,"y":6.451612903225806,"width":23.148148148148145,"height":23.28767123287671,"action":{"library":"H5P.Image 1.1","params":{"contentName":"Image","file":{"path":"images\/file-61f9b3987a86d.jpg","mime":"image\/jpeg","copyright":{"license":"U"},"width":306,"height":148}},"metadata":{"contentType":"Image","license":"U","title":"Untitled Image"},"subContentId":"523bfe62-f871-4d0d-a7d3-8902a69232f4"},"backgroundOpacity":0,"willDoAnimation":false,"animationType":"glow","displayAsButton":false,"buttonSize":"big","goToSlideType":"specified","invisible":false},{"x":17.429193899782135,"y":36.51548387096774,"width":65.359477124183,"height":56.98924731182795,"action":{"library":"H5P.CRAdvancedText 1.1","params":{"text":"<h3 style=\"text-align: center;\"><span style=\"font-size:1.125em;\"><strong>\"<\/strong><\/span>\u09ac\u09a8\u09cd\u09a7\u09c1\u09b0\u09be<span style=\"font-size:1.125em;\"><strong>\" credits<\/strong><\/span><\/h3>\n\n<h3 style=\"text-align: center;\"><span style=\"font-size:1em;\">This work, \"<\/span>\u09ac\u09a8\u09cd\u09a7\u09c1\u09b0\u09be<span style=\"font-size:1em;\">\", is a derivative of \"Friends\" by Zimbili Dlamini and Hlengiwe Zondi, used under CC BY. \"Abangani\" is licensed under CC BY 4.0 by Curious Learning.<\/span><\/h3>\n\n<h3 style=\"text-align: center;\"><br>\n<span style=\"font-size:1em;\">Book builder - Abraham Jerry Kakooza<\/span><\/h3>\n\n<p style=\"text-align: center;\">&nbsp;<\/p>\n"},"metadata":{"contentType":"Text","license":"U","title":"Untitled Text"},"subContentId":"01353513-0203-46a7-a7f4-bb1d8f346485"},"alwaysDisplayComments":false,"backgroundOpacity":0,"willDoAnimation":false,"animationType":"glow","displayAsButton":false,"buttonSize":"big","goToSlideType":"specified","invisible":false,"solution":""}],"slideBackgroundSelector":{}}],"keywordListEnabled":true,"globalBackgroundSelector":{"fillGlobalBackground":"#b7f5da"},"keywordListAlwaysShow":false,"keywordListAutoHide":false,"keywordListOpacity":90},"override":{"activeSurface":false,"hideSummarySlide":false,"summarySlideSolutionButton":true,"summarySlideRetryButton":true,"enablePrintButton":false,"social":{"showFacebookShare":false,"facebookShare":{"url":"@currentpageurl","quote":"I scored @score out of @maxScore on a task at @currentpageurl."},"showTwitterShare":false,"twitterShare":{"statement":"I scored @score out of @maxScore on a task at @currentpageurl.","url":"@currentpageurl","hashtags":"h5p, course"},"showGoogleShare":false,"googleShareUrl":"@currentpageurl"}},"l10n":{"slide":"Slide","score":"Score","yourScore":"Your Score","maxScore":"Max Score","total":"Total","totalScore":"Total Score","showSolutions":"Show solutions","retry":"Retry","exportAnswers":"Export text","hideKeywords":"Hide sidebar navigation menu","showKeywords":"Show sidebar navigation menu","fullscreen":"Fullscreen","exitFullscreen":"Exit fullscreen","prevSlide":"Previous slide","nextSlide":"Next slide","currentSlide":"Current slide","lastSlide":"Last slide","solutionModeTitle":"Exit solution mode","solutionModeText":"Solution Mode","summaryMultipleTaskText":"Multiple tasks","scoreMessage":"You achieved:","shareFacebook":"Share on Facebook","shareTwitter":"Share on Twitter","shareGoogle":"Share on Google+","summary":"Summary","solutionsButtonTitle":"Show comments","printTitle":"Print","printIngress":"How would you like to print this presentation?","printAllSlides":"Print all slides","printCurrentSlide":"Print current slide","noTitle":"No title","accessibilitySlideNavigationExplanation":"Use left and right arrow to change slide in that direction whenever canvas is selected.","accessibilityCanvasLabel":"Presentation canvas. Use left and right arrow to move between slides.","containsNotCompleted":"@slideName contains not completed interaction","containsCompleted":"@slideName contains completed interaction","slideCount":"Slide @index of @total","containsOnlyCorrect":"@slideName only has correct answers","containsIncorrectAnswers":"@slideName has incorrect answers","shareResult":"Share Result","accessibilityTotalScore":"You got @score of @maxScore points in total","accessibilityEnteredFullscreen":"Entered fullscreen","accessibilityExitedFullscreen":"Exited fullscreen"}}