{"presentation":{"slides":[{"elements":[{"x":8.564814814814815,"y":9.132420091324201,"width":82.17592592592592,"height":82.19178082191782,"action":{"library":"H5P.Image 1.1","params":{"contentName":"Image","file":{"path":"images\/file-620403997bd32.jpg","mime":"image\/jpeg","copyright":{"license":"U"},"width":959,"height":459}},"metadata":{"contentType":"Image","license":"U","title":"Untitled Image"},"subContentId":"15077827-97e4-449e-8b95-87faa60eef08"},"backgroundOpacity":0,"willDoAnimation":false,"animationType":"glow","displayAsButton":false,"buttonSize":"big","goToSlideType":"specified","invisible":false},{"x":16.550925925925924,"y":38.35616438356165,"width":40.04629629629629,"height":11.415525114155251,"action":{"library":"H5P.CRAdvancedText 1.1","params":{"text":"<p style=\"text-align: center;\"><span style=\"font-size:2.25em;\"><strong>CICADA'S SONG<\/strong><\/span><\/p>\n"},"metadata":{"contentType":"Text","license":"U","title":"Untitled Text"},"subContentId":"c91c4eaf-4385-4638-91cf-cc29e8fa6998"},"alwaysDisplayComments":false,"backgroundOpacity":0,"willDoAnimation":false,"animationType":"glow","displayAsButton":false,"buttonSize":"big","goToSlideType":"specified","invisible":false,"solution":""}],"slideBackgroundSelector":{}},{"elements":[{"x":55.55555555555556,"y":40.94827586206897,"width":37.690631808278866,"height":28.017241379310345,"action":{"library":"H5P.CRAdvancedText 1.1","params":{"text":"<p style=\"text-align: center;\"><span style=\"font-size:2.25em;\">Little Cicada loved to sing. <\/span><\/p>\n"},"metadata":{"contentType":"Text","license":"U","title":"Untitled Text"},"subContentId":"fa798e90-4e6a-4951-b46b-508a0ca7a210"},"alwaysDisplayComments":false,"backgroundOpacity":0,"willDoAnimation":false,"animationType":"glow","displayAsButton":false,"buttonSize":"big","goToSlideType":"specified","invisible":false,"solution":""},{"x":17.36111111111111,"y":6.8493150684931505,"width":34.72222222222222,"height":87.44292237442923,"action":{"library":"H5P.Image 1.1","params":{"contentName":"Image","file":{"path":"images\/file-62040629d1095.jpg","mime":"image\/jpeg","copyright":{"license":"U"},"width":479,"height":688}},"metadata":{"contentType":"Image","license":"U","title":"Untitled Image"},"subContentId":"ea62a5c0-716d-43c6-b18d-1b2530607d7a"},"backgroundOpacity":0,"willDoAnimation":false,"animationType":"glow","displayAsButton":false,"buttonSize":"big","goToSlideType":"specified","invisible":false},{"x":92.59259259259258,"y":2.2831050228310503,"width":40,"height":40,"action":{"library":"H5P.CRAudio 1.4","params":{"fitToWrapper":true,"currIndex":1,"playerMode":"minimalistic","controls":true,"autoplay":true,"playAudio":"Play audio","pauseAudio":"Pause audio","contentName":"Audio","glowColor":"#fe974b","files":[{"path":"audios\/files-620d4e2d51e65.wav","mime":"audio\/x-wav","copyright":{"license":"U"}}],"timeStampForEachText":[{"text":" Little ","startDuration":"0.0000","endDuration":"0.6019","wordfile":[{"path":"audios\/wordfile-620d63671df19.wav","mime":"audio\/x-wav","copyright":{"license":"U"}}]},{"text":" Cicada ","startDuration":"0.6019","endDuration":"1.5952","wordfile":[{"path":"audios\/wordfile-620d6486ebf61.wav","mime":"audio\/x-wav","copyright":{"license":"U"}}]},{"text":" loved ","startDuration":"1.5962","endDuration":"2.1457","wordfile":[{"path":"audios\/wordfile-620d649c37c87.wav","mime":"audio\/x-wav","copyright":{"license":"U"}}]},{"text":" to ","startDuration":"2.1467","endDuration":"2.3292","wordfile":[{"path":"audios\/wordfile-620d64ce1d2c6.wav","mime":"audio\/x-wav","copyright":{"license":"U"}}]},{"text":" sing. ","startDuration":"2.3292","endDuration":"3.0613","wordfile":[{"path":"audios\/wordfile-620d64f59a84d.wav","mime":"audio\/x-wav","copyright":{"license":"U"}}]}]},"metadata":{"contentType":"Curious Reader Audio","license":"U","title":"Untitled Curious Reader Audio"},"subContentId":"a2ed4146-22dd-46ef-a0ce-2f576f1fb066"},"backgroundOpacity":0,"willDoAnimation":false,"animationType":"glow","displayAsButton":false,"buttonSize":"big","goToSlideType":"specified","invisible":false},{"x":24.28240740740741,"y":38.704337899543376,"width":15.648148148148145,"height":40,"action":{"library":"H5P.Image 1.1","params":{"contentName":"Image"},"metadata":{"contentType":"Image","license":"U","title":"Untitled Image"},"subContentId":"9bfb9628-a60c-44d5-9800-ab127fd337c4"},"backgroundOpacity":0,"willDoAnimation":true,"animationType":"glow","displayAsButton":false,"buttonSize":"big","goToSlideType":"specified","invisible":false,"id":"imga2ed4146-22dd-46ef-a0ce-2f576f1fb066_1"}],"slideBackgroundSelector":{}},{"elements":[{"x":53.37690631808279,"y":30.172413793103452,"width":41.61220043572985,"height":47.41379310344828,"action":{"library":"H5P.CRAdvancedText 1.1","params":{"text":"<p style=\"text-align: center;\"><span style=\"font-size:2.25em;\">&nbsp;Little Cicada wants to learn a new song.<\/span><\/p>\n"},"metadata":{"contentType":"Text","license":"U","title":"Untitled Text"},"subContentId":"61565167-c6d1-45a4-869f-f0d131f6b2fe"},"alwaysDisplayComments":false,"backgroundOpacity":0,"willDoAnimation":false,"animationType":"glow","displayAsButton":false,"buttonSize":"big","goToSlideType":"specified","invisible":false,"solution":""},{"x":17.36111111111111,"y":6.8493150684931505,"width":34.72222222222222,"height":87.21461187214612,"action":{"library":"H5P.Image 1.1","params":{"contentName":"Image","file":{"path":"images\/file-6204067822660.jpg","mime":"image\/jpeg","copyright":{"license":"U"},"width":479,"height":688}},"metadata":{"contentType":"Image","license":"U","title":"Untitled Image"},"subContentId":"1befd5dd-7c38-4fc2-b73d-2816c862ad89"},"backgroundOpacity":0,"willDoAnimation":false,"animationType":"glow","displayAsButton":false,"buttonSize":"big","goToSlideType":"specified","invisible":false},{"x":92.5925925925926,"y":2.1551724137931036,"width":40,"height":40,"action":{"library":"H5P.CRAudio 1.4","params":{"fitToWrapper":true,"currIndex":2,"playerMode":"minimalistic","controls":true,"autoplay":true,"playAudio":"Play audio","pauseAudio":"Pause audio","contentName":"Audio","glowColor":"#fe974b","files":[{"path":"audios\/files-620d4e92395ae.wav","mime":"audio\/x-wav","copyright":{"license":"U"}}],"timeStampForEachText":[{"text":" \u00a0Little ","startDuration":"0.0000","endDuration":"0.5180","wordfile":[{"path":"audios\/wordfile-620d65fec346e.wav","mime":"audio\/x-wav","copyright":{"license":"U"}}]},{"text":" Cicada ","startDuration":"0.5190","endDuration":"1.3352","wordfile":[{"path":"audios\/wordfile-620d661c55dc0.wav","mime":"audio\/x-wav","copyright":{"license":"U"}}]},{"text":" wants ","startDuration":"1.3352","endDuration":"1.7578","wordfile":[{"path":"audios\/wordfile-620d66361c2ce.wav","mime":"audio\/x-wav","copyright":{"license":"U"}}]},{"text":" to ","startDuration":"1.7588","endDuration":"1.9111","wordfile":[{"path":"audios\/wordfile-620d665b88b89.wav","mime":"audio\/x-wav","copyright":{"license":"U"}}]},{"text":" learn ","startDuration":"1.9121","endDuration":"2.2870","wordfile":[{"path":"audios\/wordfile-620d66cbd0933.wav","mime":"audio\/x-wav","copyright":{"license":"U"}}]},{"text":" a ","startDuration":"2.2870","endDuration":"2.4880","wordfile":[{"path":"audios\/wordfile-620d66d7e71f8.wav","mime":"audio\/x-wav","copyright":{"license":"U"}}]},{"text":" new ","startDuration":"2.4880","endDuration":"2.7158","wordfile":[{"path":"audios\/wordfile-620d6700f3d99.wav","mime":"audio\/x-wav","copyright":{"license":"U"}}]},{"text":" song. ","startDuration":"2.7168","endDuration":"3.4826","wordfile":[{"path":"audios\/wordfile-620d671237dd6.wav","mime":"audio\/x-wav","copyright":{"license":"U"}}]}]},"metadata":{"contentType":"Curious Reader Audio","license":"U","title":"Untitled Curious Reader Audio"},"subContentId":"2b428365-9caa-47f4-8007-d58cee4d70a0"},"backgroundOpacity":0,"willDoAnimation":false,"animationType":"glow","displayAsButton":false,"buttonSize":"big","goToSlideType":"specified","invisible":false},{"x":33.33333333333333,"y":31.27853881278539,"width":18.078703703703702,"height":37.71689497716895,"action":{"library":"H5P.Image 1.1","params":{"contentName":"Image"},"metadata":{"contentType":"Image","license":"U","title":"Untitled Image"},"subContentId":"5bfc1048-e90b-4667-a6e7-1cb6abf646c2"},"backgroundOpacity":0,"willDoAnimation":true,"animationType":"glow","displayAsButton":false,"buttonSize":"big","goToSlideType":"specified","invisible":false,"id":"img2b428365-9caa-47f4-8007-d58cee4d70a0_1"}],"slideBackgroundSelector":{}},{"elements":[{"x":52.287581699346404,"y":23.70689655172414,"width":44.44444444444444,"height":60.12931034482759,"action":{"library":"H5P.CRAdvancedText 1.1","params":{"text":"<p style=\"text-align: center;\"><span style=\"font-size:2.25em;\">&nbsp;She visited Kingfisher to learn a new song.<\/span><\/p>\n"},"metadata":{"contentType":"Text","license":"U","title":"Untitled Text"},"subContentId":"6ebc7487-3c0c-41e9-8c2c-0da237b85b43"},"alwaysDisplayComments":false,"backgroundOpacity":0,"willDoAnimation":false,"animationType":"glow","displayAsButton":false,"buttonSize":"big","goToSlideType":"specified","invisible":false,"solution":""},{"x":17.352430555555557,"y":6.837899543378994,"width":34.72222222222222,"height":87.44292237442923,"action":{"library":"H5P.Image 1.1","params":{"contentName":"Image","file":{"path":"images\/file-620407e88a641.jpg","mime":"image\/jpeg","copyright":{"license":"U"},"width":479,"height":688}},"metadata":{"contentType":"Image","license":"U","title":"Untitled Image"},"subContentId":"a3114a8f-648c-47ba-8786-28183c7a11cd"},"backgroundOpacity":0,"willDoAnimation":false,"animationType":"glow","displayAsButton":false,"buttonSize":"big","goToSlideType":"specified","invisible":false},{"x":92.5925925925926,"y":2.1551724137931036,"width":40,"height":40,"action":{"library":"H5P.CRAudio 1.4","params":{"fitToWrapper":true,"currIndex":3,"playerMode":"minimalistic","controls":true,"autoplay":true,"playAudio":"Play audio","pauseAudio":"Pause audio","contentName":"Audio","glowColor":"#fe974b","files":[{"path":"audios\/files-620d4f564410b.wav","mime":"audio\/x-wav","copyright":{"license":"U"}}],"timeStampForEachText":[{"text":" \u00a0She ","startDuration":"0.0000","endDuration":"0.5698","wordfile":[{"path":"audios\/wordfile-620d673fc3d4d.wav","mime":"audio\/x-wav","copyright":{"license":"U"}}]},{"text":" visited ","startDuration":"0.5708","endDuration":"1.2014","wordfile":[{"path":"audios\/wordfile-620d67543c81a.wav","mime":"audio\/x-wav","copyright":{"license":"U"}}]},{"text":" Kingfisher ","startDuration":"1.2024","endDuration":"2.2075","wordfile":[{"path":"audios\/wordfile-620d676bdbd36.wav","mime":"audio\/x-wav","copyright":{"license":"U"}}]},{"text":" to ","startDuration":"2.2085","endDuration":"2.5068","wordfile":[{"path":"audios\/wordfile-620d677d69165.wav","mime":"audio\/x-wav","copyright":{"license":"U"}}]},{"text":" learn ","startDuration":"2.5078","endDuration":"2.8492","wordfile":[{"path":"audios\/wordfile-620d679ed1f54.wav","mime":"audio\/x-wav","copyright":{"license":"U"}}]},{"text":" a ","startDuration":"2.8492","endDuration":"3.0539","wordfile":[{"path":"audios\/wordfile-620d67ad759d1.wav","mime":"audio\/x-wav","copyright":{"license":"U"}}]},{"text":" new ","startDuration":"3.0539","endDuration":"3.2679","wordfile":[{"path":"audios\/wordfile-620d67ec0805e.wav","mime":"audio\/x-wav","copyright":{"license":"U"}}]},{"text":" song. ","startDuration":"3.2689","endDuration":"4.1005","wordfile":[{"path":"audios\/wordfile-620d67fb2b485.wav","mime":"audio\/x-wav","copyright":{"license":"U"}}]}]},"metadata":{"contentType":"Curious Reader Audio","license":"U","title":"Untitled Curious Reader Audio"},"subContentId":"6f22e0e5-47c1-40c8-8f62-940be9874aa3"},"backgroundOpacity":0,"willDoAnimation":false,"animationType":"glow","displayAsButton":false,"buttonSize":"big","goToSlideType":"specified","invisible":false},{"x":19.17211328976035,"y":22.629310344827587,"width":28.379629629629626,"height":60.54794520547945,"action":{"library":"H5P.Image 1.1","params":{"contentName":"Image"},"metadata":{"contentType":"Image","license":"U","title":"Untitled Image"},"subContentId":"c0d2f841-b880-4145-87c9-a1aba1271de3"},"backgroundOpacity":0,"willDoAnimation":true,"animationType":"glow","displayAsButton":false,"buttonSize":"big","goToSlideType":"specified","invisible":false,"id":"img6f22e0e5-47c1-40c8-8f62-940be9874aa3_2"}],"slideBackgroundSelector":{}},{"elements":[{"x":49.128540305010894,"y":12.715517241379311,"width":44.66230936819172,"height":84.05172413793105,"action":{"library":"H5P.CRAdvancedText 1.1","params":{"text":"<p style=\"text-align: center;\"><span style=\"font-size:2.25em;\">\u201cDoo-oo-oo! Doo-oo-oo!\u201d sang Kingfisher. But Little Cicada could not sing his song.<\/span><\/p>\n"},"metadata":{"contentType":"Text","license":"U","title":"Untitled Text"},"subContentId":"a293f45e-5bff-41a9-ae90-c483b4d796b3"},"alwaysDisplayComments":false,"backgroundOpacity":0,"willDoAnimation":false,"animationType":"glow","displayAsButton":false,"buttonSize":"big","goToSlideType":"specified","invisible":false,"solution":""},{"x":13.071895424836601,"y":6.4655172413793105,"width":34.72222222222222,"height":87.44292237442923,"action":{"library":"H5P.Image 1.1","params":{"contentName":"Image","file":{"path":"images\/file-620408725ea15.jpg","mime":"image\/jpeg","copyright":{"license":"U"},"width":479,"height":688}},"metadata":{"contentType":"Image","license":"U","title":"Untitled Image"},"subContentId":"77abafed-d58e-4909-814d-e5722c55b2fa"},"backgroundOpacity":0,"willDoAnimation":false,"animationType":"glow","displayAsButton":false,"buttonSize":"big","goToSlideType":"specified","invisible":false},{"x":92.5925925925926,"y":2.1551724137931036,"width":40,"height":40,"action":{"library":"H5P.CRAudio 1.4","params":{"fitToWrapper":true,"currIndex":4,"playerMode":"minimalistic","controls":true,"autoplay":true,"playAudio":"Play audio","pauseAudio":"Pause audio","contentName":"Audio","glowColor":"#fe974b","files":[{"path":"audios\/files-620d4fc158527.wav","mime":"audio\/x-wav","copyright":{"license":"U"}}],"timeStampForEachText":[{"text":" \u201cDoooooo! ","startDuration":"0.0000","endDuration":"1.5111","wordfile":[{"path":"audios\/wordfile-620d6860c1033.wav","mime":"audio\/x-wav","copyright":{"license":"U"}}]},{"text":" Doooooo!\u201d ","startDuration":"1.5111","endDuration":"3.1334","wordfile":[{"path":"audios\/wordfile-620d688885f45.wav","mime":"audio\/x-wav","copyright":{"license":"U"}}]},{"text":" sang ","startDuration":"3.7096","endDuration":"4.4381","wordfile":[{"path":"audios\/wordfile-620d68a2419c0.wav","mime":"audio\/x-wav","copyright":{"license":"U"}}]},{"text":" Kingfisher. ","startDuration":"4.4391","endDuration":"5.4115","wordfile":[{"path":"audios\/wordfile-620d69043a155.wav","mime":"audio\/x-wav","copyright":{"license":"U"}}]},{"text":" But ","startDuration":"5.4532","endDuration":"5.8361","wordfile":[{"path":"audios\/wordfile-620d691dec39f.wav","mime":"audio\/x-wav","copyright":{"license":"U"}}]},{"text":" Little ","startDuration":"5.8371","endDuration":"6.2099","wordfile":[{"path":"audios\/wordfile-620d69566851d.wav","mime":"audio\/x-wav","copyright":{"license":"U"}}]},{"text":" Cicada ","startDuration":"6.2109","endDuration":"7.0004","wordfile":[{"path":"audios\/wordfile-620d697092656.wav","mime":"audio\/x-wav","copyright":{"license":"U"}}]},{"text":" could ","startDuration":"7.0014","endDuration":"7.2217","wordfile":[{"path":"audios\/wordfile-620d6992e0be7.wav","mime":"audio\/x-wav","copyright":{"license":"U"}}]},{"text":" not ","startDuration":"7.2227","endDuration":"7.5345","wordfile":[{"path":"audios\/wordfile-620d69a5afece.wav","mime":"audio\/x-wav","copyright":{"license":"U"}}]},{"text":" sing ","startDuration":"7.5355","endDuration":"7.9794","wordfile":[{"path":"audios\/wordfile-620d69c121558.wav","mime":"audio\/x-wav","copyright":{"license":"U"}}]},{"text":" his ","startDuration":"7.9804","endDuration":"8.3227","wordfile":[{"path":"audios\/wordfile-620d6a0ade0a7.wav","mime":"audio\/x-wav","copyright":{"license":"U"}}]},{"text":" song. ","startDuration":"8.3237","endDuration":"8.9031","wordfile":[{"path":"audios\/wordfile-620d6a2095744.wav","mime":"audio\/x-wav","copyright":{"license":"U"}}]}]},"metadata":{"contentType":"Curious Reader Audio","license":"U","title":"Untitled Curious Reader Audio"},"subContentId":"0745b852-c3ce-4e83-a018-8fba3dc24e68"},"backgroundOpacity":0,"willDoAnimation":false,"animationType":"glow","displayAsButton":false,"buttonSize":"big","goToSlideType":"specified","invisible":false},{"x":31.59041394335512,"y":43.10344827586207,"width":10.092592592592592,"height":30.867579908675797,"action":{"library":"H5P.Image 1.1","params":{"contentName":"Image"},"metadata":{"contentType":"Image","license":"U","title":"Untitled Image"},"subContentId":"f14d5629-8642-43aa-b1eb-73aea9ba3a1a"},"backgroundOpacity":0,"willDoAnimation":true,"animationType":"glow","displayAsButton":false,"buttonSize":"big","goToSlideType":"specified","invisible":false,"id":"img0745b852-c3ce-4e83-a018-8fba3dc24e68_6"},{"x":13.616557734204793,"y":30.81896551724138,"width":21.20292592592593,"height":44.31958189655173,"action":{"library":"H5P.Image 1.1","params":{"contentName":"Image"},"subContentId":"b177390c-f495-41fb-9a60-51139bba7061","metadata":{"contentType":"Image","license":"U","title":"Untitled Image"}},"backgroundOpacity":0,"willDoAnimation":true,"animationType":"glow","displayAsButton":false,"buttonSize":"big","goToSlideType":"specified","invisible":false,"id":"img0745b852-c3ce-4e83-a018-8fba3dc24e68_3"}],"slideBackgroundSelector":{}},{"elements":[{"x":49.01960784313726,"y":17.24137931034483,"width":44.989106753812635,"height":75.43103448275862,"action":{"library":"H5P.CRAdvancedText 1.1","params":{"text":"<p style=\"text-align: center;\"><span style=\"font-size:2.25em;\">She then visited Mynah. Maybe she could learn to sing Mynah's song.<\/span><\/p>\n"},"metadata":{"contentType":"Text","license":"U","title":"Untitled Text"},"subContentId":"7c2b3058-7906-49f7-8be6-4d453b28b48f"},"alwaysDisplayComments":false,"backgroundOpacity":0,"willDoAnimation":false,"animationType":"glow","displayAsButton":false,"buttonSize":"big","goToSlideType":"specified","invisible":false,"solution":""},{"x":13.071895424836601,"y":8.620689655172415,"width":34.72222222222222,"height":87.44292237442923,"action":{"library":"H5P.Image 1.1","params":{"contentName":"Image","file":{"path":"images\/file-62040913edb6b.jpg","mime":"image\/jpeg","copyright":{"license":"U"},"width":479,"height":688}},"metadata":{"contentType":"Image","license":"U","title":"Untitled Image"},"subContentId":"7cb08760-633d-4410-a65a-2fb937bc58d2"},"backgroundOpacity":0,"willDoAnimation":false,"animationType":"glow","displayAsButton":false,"buttonSize":"big","goToSlideType":"specified","invisible":false},{"x":92.5925925925926,"y":2.1551724137931036,"width":40,"height":40,"action":{"library":"H5P.CRAudio 1.4","params":{"fitToWrapper":true,"currIndex":5,"playerMode":"minimalistic","controls":true,"autoplay":true,"playAudio":"Play audio","pauseAudio":"Pause audio","contentName":"Audio","glowColor":"#fe974b","files":[{"path":"audios\/files-620d503b942f4.wav","mime":"audio\/x-wav","copyright":{"license":"U"}}],"timeStampForEachText":[{"text":" She ","startDuration":"0.0000","endDuration":"0.4262","wordfile":[{"path":"audios\/wordfile-620d6a9f44249.wav","mime":"audio\/x-wav","copyright":{"license":"U"}}]},{"text":" then ","startDuration":"0.4262","endDuration":"0.8220","wordfile":[{"path":"audios\/wordfile-620d6ace199a5.wav","mime":"audio\/x-wav","copyright":{"license":"U"}}]},{"text":" visited ","startDuration":"0.8220","endDuration":"1.3928","wordfile":[{"path":"audios\/wordfile-620d6af6c8c3b.wav","mime":"audio\/x-wav","copyright":{"license":"U"}}]},{"text":" Mynah. ","startDuration":"1.3938","endDuration":"2.1342","wordfile":[{"path":"audios\/wordfile-620d6b0a49b79.wav","mime":"audio\/x-wav","copyright":{"license":"U"}}]},{"text":" Maybe ","startDuration":"2.2483","endDuration":"2.8316","wordfile":[{"path":"audios\/wordfile-620d6b22d4f82.wav","mime":"audio\/x-wav","copyright":{"license":"U"}}]},{"text":" she ","startDuration":"2.8326","endDuration":"3.1206","wordfile":[{"path":"audios\/wordfile-620d6b33908dc.wav","mime":"audio\/x-wav","copyright":{"license":"U"}}]},{"text":" could ","startDuration":"3.1216","endDuration":"3.2965","wordfile":[{"path":"audios\/wordfile-620d6b48e1d6a.wav","mime":"audio\/x-wav","copyright":{"license":"U"}}]},{"text":" learn ","startDuration":"3.2975","endDuration":"3.7112","wordfile":[{"path":"audios\/wordfile-620d6b5bdefbe.wav","mime":"audio\/x-wav","copyright":{"license":"U"}}]},{"text":" to ","startDuration":"3.7122","endDuration":"3.8682","wordfile":[{"path":"audios\/wordfile-620d6b71affc0.wav","mime":"audio\/x-wav","copyright":{"license":"U"}}]},{"text":" sing ","startDuration":"3.8692","endDuration":"4.2452","wordfile":[{"path":"audios\/wordfile-620d6b8b54484.wav","mime":"audio\/x-wav","copyright":{"license":"U"}}]},{"text":" Mynah&#039;s ","startDuration":"4.2336","endDuration":"4.8044","wordfile":[{"path":"audios\/wordfile-620d6ba71bbc4.wav","mime":"audio\/x-wav","copyright":{"license":"U"}}]},{"text":" song. ","startDuration":"4.8054","endDuration":"5.5047","wordfile":[{"path":"audios\/wordfile-620d6bbc6a9fe.wav","mime":"audio\/x-wav","copyright":{"license":"U"}}]}]},"metadata":{"contentType":"Curious Reader Audio","license":"U","title":"Untitled Curious Reader Audio"},"subContentId":"fb8aa056-df46-49c4-a80b-c71fde5be012"},"backgroundOpacity":0,"willDoAnimation":false,"animationType":"glow","displayAsButton":false,"buttonSize":"big","goToSlideType":"specified","invisible":false},{"x":23.638344226579523,"y":7.974137931034483,"width":17.962962962962962,"height":37.71689497716895,"action":{"library":"H5P.Image 1.1","params":{"contentName":"Image"},"metadata":{"contentType":"Image","license":"U","title":"Untitled Image"},"subContentId":"20e3d5dc-3bbe-4a00-81d8-ae7eb0fa189f"},"backgroundOpacity":0,"willDoAnimation":true,"animationType":"glow","displayAsButton":false,"buttonSize":"big","goToSlideType":"specified","invisible":false,"id":"imgfb8aa056-df46-49c4-a80b-c71fde5be012_3"}],"slideBackgroundSelector":{}},{"elements":[{"x":48.145751633986926,"y":17.291293103448275,"width":46.84095860566449,"height":75.43103448275862,"action":{"library":"H5P.CRAdvancedText 1.1","params":{"text":"<p dir=\"ltr\" style=\"text-align: center;\"><span style=\"font-size:2.25em;\">\u201cKeak! Kaek! Kaek!\u201d sang Mynah. But Cicada could not sing Mynah's song. <\/span><\/p>\n"},"metadata":{"contentType":"Text","license":"U","title":"Untitled Text"},"subContentId":"28f820a2-e0de-4e38-af9d-7c4fedca678d"},"alwaysDisplayComments":false,"backgroundOpacity":0,"willDoAnimation":false,"animationType":"glow","displayAsButton":false,"buttonSize":"big","goToSlideType":"specified","invisible":false,"solution":""},{"x":11.982570806100219,"y":6.681034482758621,"width":35.648148148148145,"height":89.04109589041096,"action":{"library":"H5P.Image 1.1","params":{"contentName":"Image","file":{"path":"images\/file-62040997971fb.jpg","mime":"image\/jpeg","copyright":{"license":"U"},"width":479,"height":688}},"metadata":{"contentType":"Image","license":"U","title":"Untitled Image"},"subContentId":"2352f776-6848-45dd-8b4c-f487ba7c41e1"},"backgroundOpacity":0,"willDoAnimation":false,"animationType":"glow","displayAsButton":false,"buttonSize":"big","goToSlideType":"specified","invisible":false},{"x":92.5925925925926,"y":2.1551724137931036,"width":40,"height":40,"action":{"library":"H5P.CRAudio 1.4","params":{"fitToWrapper":true,"currIndex":6,"playerMode":"minimalistic","controls":true,"autoplay":true,"playAudio":"Play audio","pauseAudio":"Pause audio","contentName":"Audio","glowColor":"#fe974b","files":[{"path":"audios\/files-620d50ed4ab1f.wav","mime":"audio\/x-wav","copyright":{"license":"U"}}],"timeStampForEachText":[{"text":" \u201cKeak! ","startDuration":"0.0000","endDuration":"0.5424","wordfile":[{"path":"audios\/wordfile-620d6c1599daf.wav","mime":"audio\/x-wav","copyright":{"license":"U"}}]},{"text":" Kaek! ","startDuration":"0.5434","endDuration":"1.0687","wordfile":[{"path":"audios\/wordfile-620d6c20dd7da.wav","mime":"audio\/x-wav","copyright":{"license":"U"}}]},{"text":" Kaek!\u201d ","startDuration":"1.0687","endDuration":"2.0306","wordfile":[{"path":"audios\/wordfile-620d6c55dd483.wav","mime":"audio\/x-wav","copyright":{"license":"U"}}]},{"text":" sang ","startDuration":"2.6565","endDuration":"3.3787","wordfile":[{"path":"audios\/wordfile-620d6c8b72849.wav","mime":"audio\/x-wav","copyright":{"license":"U"}}]},{"text":" Mynah. ","startDuration":"3.3797","endDuration":"3.9906","wordfile":[{"path":"audios\/wordfile-620d6c9d9b108.wav","mime":"audio\/x-wav","copyright":{"license":"U"}}]},{"text":" But ","startDuration":"4.0686","endDuration":"4.4056","wordfile":[{"path":"audios\/wordfile-620d6cb73e6aa.wav","mime":"audio\/x-wav","copyright":{"license":"U"}}]},{"text":" Cicada ","startDuration":"4.4066","endDuration":"5.1716","wordfile":[{"path":"audios\/wordfile-620d6cd6258b4.wav","mime":"audio\/x-wav","copyright":{"license":"U"}}]},{"text":" could ","startDuration":"5.1726","endDuration":"5.3469","wordfile":[{"path":"audios\/wordfile-620d6cea06472.wav","mime":"audio\/x-wav","copyright":{"license":"U"}}]},{"text":" not ","startDuration":"5.3479","endDuration":"5.7533","wordfile":[{"path":"audios\/wordfile-620d6cfe15c0e.wav","mime":"audio\/x-wav","copyright":{"license":"U"}}]},{"text":" sing ","startDuration":"5.7543","endDuration":"6.2796","wordfile":[{"path":"audios\/wordfile-620d6d157768a.wav","mime":"audio\/x-wav","copyright":{"license":"U"}}]},{"text":" Mynah&#039;s ","startDuration":"6.2806","endDuration":"6.8573","wordfile":[{"path":"audios\/wordfile-620d6d2c4f1b8.wav","mime":"audio\/x-wav","copyright":{"license":"U"}}]},{"text":" song. ","startDuration":"6.8583","endDuration":"7.4988","wordfile":[{"path":"audios\/wordfile-620d6d41b0200.wav","mime":"audio\/x-wav","copyright":{"license":"U"}}]}]},"metadata":{"contentType":"Curious Reader Audio","license":"U","title":"Untitled Curious Reader Audio"},"subContentId":"0a76ad5d-1c9b-48fa-8800-988dbfe890cb"},"backgroundOpacity":0,"willDoAnimation":false,"animationType":"glow","displayAsButton":false,"buttonSize":"big","goToSlideType":"specified","invisible":false},{"x":13.943355119825709,"y":15.517241379310345,"width":19.120370370370367,"height":62.8310502283105,"action":{"library":"H5P.Image 1.1","params":{"contentName":"Image"},"metadata":{"contentType":"Image","license":"U","title":"Untitled Image"},"subContentId":"cdcb99df-dc87-4125-ab12-25e5979d5f15"},"backgroundOpacity":0,"willDoAnimation":true,"animationType":"glow","displayAsButton":false,"buttonSize":"big","goToSlideType":"specified","invisible":false,"id":"img0a76ad5d-1c9b-48fa-8800-988dbfe890cb_6"},{"x":27.450980392156865,"y":5.603448275862069,"width":18.078703703703702,"height":49.1324200913242,"action":{"library":"H5P.Image 1.1","params":{"contentName":"Image"},"metadata":{"contentType":"Image","license":"U","title":"Untitled Image"},"subContentId":"3aa20647-3bdf-4ca6-8aeb-c701fa957c8e"},"backgroundOpacity":0,"willDoAnimation":true,"animationType":"glow","displayAsButton":false,"buttonSize":"big","goToSlideType":"specified","invisible":false,"id":"img0a76ad5d-1c9b-48fa-8800-988dbfe890cb_4"}],"slideBackgroundSelector":{}},{"elements":[{"x":52.283986928104575,"y":25.977586206896554,"width":43.57298474945534,"height":60.344827586206904,"action":{"library":"H5P.CRAdvancedText 1.1","params":{"text":"<p style=\"text-align: center;\"><span style=\"font-size:2.25em;\">Cicada visits Cricket. Cicada wanted to learn a new song! <\/span><\/p>\n"},"metadata":{"contentType":"Text","license":"U","title":"Untitled Text"},"subContentId":"4020e6af-c89b-4984-a999-451fcc1dbf02"},"alwaysDisplayComments":false,"backgroundOpacity":0,"willDoAnimation":false,"animationType":"glow","displayAsButton":false,"buttonSize":"big","goToSlideType":"specified","invisible":false,"solution":""},{"x":14.161220043572985,"y":6.681034482758621,"width":34.72222222222222,"height":87.44292237442923,"action":{"library":"H5P.Image 1.1","params":{"contentName":"Image","file":{"path":"images\/file-62040af7a43ea.jpg","mime":"image\/jpeg","copyright":{"license":"U"},"width":479,"height":688}},"metadata":{"contentType":"Image","license":"U","title":"Untitled Image"},"subContentId":"6b0107e6-8cff-4f91-adb3-7ee8d7f06b47"},"backgroundOpacity":0,"willDoAnimation":false,"animationType":"glow","displayAsButton":false,"buttonSize":"big","goToSlideType":"specified","invisible":false},{"x":92.5925925925926,"y":2.1551724137931036,"width":40,"height":40,"action":{"library":"H5P.CRAudio 1.4","params":{"fitToWrapper":true,"currIndex":7,"playerMode":"minimalistic","controls":true,"autoplay":true,"playAudio":"Play audio","pauseAudio":"Pause audio","contentName":"Audio","glowColor":"#fe974b","files":[{"path":"audios\/files-620d523fe4db1.wav","mime":"audio\/x-wav","copyright":{"license":"U"}}],"timeStampForEachText":[{"text":" Cicada ","startDuration":"0.0000","endDuration":"0.9706","wordfile":[{"path":"audios\/wordfile-620d6d9c71e22.wav","mime":"audio\/x-wav","copyright":{"license":"U"}}]},{"text":" visits ","startDuration":"0.9716","endDuration":"1.5632","wordfile":[{"path":"audios\/wordfile-620d6dd85ff36.wav","mime":"audio\/x-wav","copyright":{"license":"U"}}]},{"text":" Cricket. ","startDuration":"1.5642","endDuration":"2.2947","wordfile":[{"path":"audios\/wordfile-620d6df11e0e6.wav","mime":"audio\/x-wav","copyright":{"license":"U"}}]},{"text":" Cicada ","startDuration":"2.3525","endDuration":"3.3926","wordfile":[{"path":"audios\/wordfile-620d6e0ea0b4a.wav","mime":"audio\/x-wav","copyright":{"license":"U"}}]},{"text":" wanted ","startDuration":"3.3936","endDuration":"3.8336","wordfile":[{"path":"audios\/wordfile-620d6e2a3f3e4.wav","mime":"audio\/x-wav","copyright":{"license":"U"}}]},{"text":" to ","startDuration":"3.8346","endDuration":"4.1230","wordfile":[{"path":"audios\/wordfile-620d6e42742d5.wav","mime":"audio\/x-wav","copyright":{"license":"U"}}]},{"text":" learn ","startDuration":"4.1240","endDuration":"4.3808","wordfile":[{"path":"audios\/wordfile-620d6e6656cda.wav","mime":"audio\/x-wav","copyright":{"license":"U"}}]},{"text":" a ","startDuration":"4.3818","endDuration":"4.5818","wordfile":[{"path":"audios\/wordfile-620d6e73328ee.wav","mime":"audio\/x-wav","copyright":{"license":"U"}}]},{"text":" new ","startDuration":"4.5828","endDuration":"4.7828","wordfile":[{"path":"audios\/wordfile-620d6e8c7e0a8.wav","mime":"audio\/x-wav","copyright":{"license":"U"}}]},{"text":" song! ","startDuration":"4.7838","endDuration":"5.5328","wordfile":[{"path":"audios\/wordfile-620d6ea29d471.wav","mime":"audio\/x-wav","copyright":{"license":"U"}}]}]},"metadata":{"contentType":"Curious Reader Audio","license":"U","title":"Untitled Curious Reader Audio"},"subContentId":"c5be8328-bcf6-48ad-b048-5def36f873c6"},"backgroundOpacity":0,"willDoAnimation":false,"animationType":"glow","displayAsButton":false,"buttonSize":"big","goToSlideType":"specified","invisible":false},{"x":28.32244008714597,"y":30.172413793103452,"width":20.277777777777775,"height":58.2648401826484,"action":{"library":"H5P.Image 1.1","params":{"contentName":"Image"},"metadata":{"contentType":"Image","license":"U","title":"Untitled Image"},"subContentId":"3f047620-2ab5-416d-9b3c-92185bafcd53"},"backgroundOpacity":0,"willDoAnimation":true,"animationType":"glow","displayAsButton":false,"buttonSize":"big","goToSlideType":"specified","invisible":false,"id":"imgc5be8328-bcf6-48ad-b048-5def36f873c6_2"},{"x":15.359477124183007,"y":31.03448275862069,"width":10.527544662309369,"height":29.017857758620693,"action":{"library":"H5P.Image 1.1","params":{"contentName":"Image"},"subContentId":"b580e42e-1c6c-4534-9bac-803890fe5627","metadata":{"contentType":"Image","license":"U","title":"Untitled Image"}},"backgroundOpacity":0,"willDoAnimation":true,"animationType":"glow","displayAsButton":false,"buttonSize":"big","goToSlideType":"specified","invisible":false,"id":"imgc5be8328-bcf6-48ad-b048-5def36f873c6_0"}],"slideBackgroundSelector":{}},{"slideBackgroundSelector":{},"elements":[{"x":52.49710648148148,"y":18.213470319634705,"width":43.98148148148148,"height":70.54794520547945,"action":{"library":"H5P.CRAdvancedText 1.1","params":{"text":"<p style=\"text-align: center;\"><span style=\"font-size:2.25em;\">\u201cKrik krik krik! Krik krik krik!\u201d Cicada can\u2019t learn Cricket\u2019s song.<\/span><\/p>\n"},"metadata":{"contentType":"Text","license":"U","title":"Untitled Text"},"subContentId":"b22074de-f69d-4021-9b17-a858bfe7de73"},"alwaysDisplayComments":false,"backgroundOpacity":0,"willDoAnimation":false,"animationType":"glow","displayAsButton":false,"buttonSize":"big","goToSlideType":"specified","invisible":false,"solution":""},{"x":17.36111111111111,"y":6.8493150684931505,"width":34.72222222222222,"height":87.44292237442923,"action":{"library":"H5P.Image 1.1","params":{"contentName":"Image","file":{"path":"images\/file-62040c7266e1e.jpg","mime":"image\/jpeg","copyright":{"license":"U"},"width":479,"height":688}},"metadata":{"contentType":"Image","license":"U","title":"Untitled Image"},"subContentId":"343fd5b5-5409-4de6-87d2-9055e769894b"},"backgroundOpacity":0,"willDoAnimation":false,"animationType":"glow","displayAsButton":false,"buttonSize":"big","goToSlideType":"specified","invisible":false},{"x":92.5925925925926,"y":2.1551724137931036,"width":40,"height":40,"action":{"library":"H5P.CRAudio 1.4","params":{"fitToWrapper":true,"currIndex":8,"playerMode":"minimalistic","controls":true,"autoplay":true,"playAudio":"Play audio","pauseAudio":"Pause audio","contentName":"Audio","glowColor":"#fe974b","files":[{"path":"audios\/files-620444870e78d.wav","mime":"audio\/x-wav","copyright":{"license":"U"}}],"timeStampForEachText":[{"text":" \u201cKrik ","startDuration":"0.0000","endDuration":"0.4553","wordfile":[{"path":"audios\/wordfile-620444d352d7e.wav","mime":"audio\/x-wav","copyright":{"license":"U"}}]},{"text":" krik ","startDuration":"0.4563","endDuration":"0.8292","wordfile":[{"path":"audios\/wordfile-620444e536bae.wav","mime":"audio\/x-wav","copyright":{"license":"U"}}]},{"text":" krik! ","startDuration":"0.8302","endDuration":"1.4749","wordfile":[{"path":"audios\/wordfile-620444fabcf37.wav","mime":"audio\/x-wav","copyright":{"license":"U"}}]},{"text":" Krik ","startDuration":"1.4914","endDuration":"1.9549","wordfile":[{"path":"audios\/wordfile-6204451888457.wav","mime":"audio\/x-wav","copyright":{"license":"U"}}]},{"text":" krik ","startDuration":"1.9559","endDuration":"2.3371","wordfile":[{"path":"audios\/wordfile-6204454e9b436.wav","mime":"audio\/x-wav","copyright":{"license":"U"}}]},{"text":" krik!\u201d ","startDuration":"2.3381","endDuration":"3.0239","wordfile":[{"path":"audios\/wordfile-62044564ed7ea.wav","mime":"audio\/x-wav","copyright":{"license":"U"}}]},{"text":" Cicada ","startDuration":"3.4943","endDuration":"4.5012","wordfile":[{"path":"audios\/wordfile-6204458585315.wav","mime":"audio\/x-wav","copyright":{"license":"U"}}]},{"text":" can\u2019t ","startDuration":"4.5022","endDuration":"4.9492","wordfile":[{"path":"audios\/wordfile-62059d8d6bae3.wav","mime":"audio\/x-wav","copyright":{"license":"U"}}]},{"text":" learn ","startDuration":"4.9502","endDuration":"5.4302","wordfile":[{"path":"audios\/wordfile-6204461558d09.wav","mime":"audio\/x-wav","copyright":{"license":"U"}}]},{"text":" Cricket\u2019s ","startDuration":"5.4312","endDuration":"6.0347","wordfile":[{"path":"audios\/wordfile-62044636b8188.wav","mime":"audio\/x-wav","copyright":{"license":"U"}}]},{"text":" song. ","startDuration":"6.0357","endDuration":"6.7686","wordfile":[{"path":"audios\/wordfile-6204464a56d4b.wav","mime":"audio\/x-wav","copyright":{"license":"U"}}]}]},"metadata":{"contentType":"Curious Reader Audio","license":"U","title":"Untitled Curious Reader Audio"},"subContentId":"aa2df4a5-6e24-4d1a-9943-622d28357e64"},"backgroundOpacity":0,"willDoAnimation":false,"animationType":"glow","displayAsButton":false,"buttonSize":"big","goToSlideType":"specified","invisible":false},{"x":35.18518518518518,"y":41.09589041095891,"width":12.175925925925926,"height":40,"action":{"library":"H5P.Image 1.1","params":{"contentName":"Image"},"metadata":{"contentType":"Image","license":"U","title":"Untitled Image"},"subContentId":"0d0eae6b-98aa-4265-867d-3b1d891d38a4"},"backgroundOpacity":0,"willDoAnimation":true,"animationType":"glow","displayAsButton":false,"buttonSize":"big","goToSlideType":"specified","invisible":false,"id":"imgaa2df4a5-6e24-4d1a-9943-622d28357e64_6"},{"x":19.887152777777775,"y":34.198173515981736,"width":15.648148148148145,"height":42.054794520547944,"action":{"library":"H5P.Image 1.1","params":{"contentName":"Image"},"metadata":{"contentType":"Image","license":"U","title":"Untitled Image"},"subContentId":"0fe3d28c-ac3d-44a2-91b9-9e7ff91eea46"},"backgroundOpacity":0,"willDoAnimation":true,"animationType":"glow","displayAsButton":false,"buttonSize":"big","goToSlideType":"specified","invisible":false,"id":"imgaa2df4a5-6e24-4d1a-9943-622d28357e64_9"}]},{"elements":[{"x":1.0865893246187364,"y":69.17715517241379,"width":94.98910675381264,"height":29.95689655172414,"action":{"library":"H5P.CRAdvancedText 1.1","params":{"text":"<p style=\"text-align: center;\"><span style=\"font-size:2.25em;\">Then it started to rain. The ducks sang, \u201cQuack! Quack! Quack!\u201d<\/span><\/p>\n"},"metadata":{"contentType":"Text","license":"U","title":"Untitled Text"},"subContentId":"d03a73cb-6b63-4cb3-a1d3-a23721d9ec3b"},"alwaysDisplayComments":false,"backgroundOpacity":0,"willDoAnimation":false,"animationType":"glow","displayAsButton":false,"buttonSize":"big","goToSlideType":"specified","invisible":false,"solution":""},{"x":18.51851851851852,"y":6.8493150684931505,"width":62.49999999999999,"height":62.10045662100457,"action":{"library":"H5P.Image 1.1","params":{"contentName":"Image","file":{"path":"images\/file-62040d2f72ebd.jpg","mime":"image\/jpeg","copyright":{"license":"U"},"width":959,"height":516}},"metadata":{"contentType":"Image","license":"U","title":"Untitled Image"},"subContentId":"b4bf3dad-3624-45aa-bbfd-eb0d8005687d"},"backgroundOpacity":0,"willDoAnimation":false,"animationType":"glow","displayAsButton":false,"buttonSize":"big","goToSlideType":"specified","invisible":false},{"x":92.5925925925926,"y":2.1551724137931036,"width":40,"height":40,"action":{"library":"H5P.CRAudio 1.4","params":{"fitToWrapper":true,"currIndex":9,"playerMode":"minimalistic","controls":true,"autoplay":true,"playAudio":"Play audio","pauseAudio":"Pause audio","contentName":"Audio","glowColor":"#fe974b","files":[{"path":"audios\/files-620d52ceb3f1b.wav","mime":"audio\/x-wav","copyright":{"license":"U"}}],"timeStampForEachText":[{"text":" Then ","startDuration":"0.0000","endDuration":"0.3728","wordfile":[{"path":"audios\/wordfile-620d6f356abc4.wav","mime":"audio\/x-wav","copyright":{"license":"U"}}]},{"text":" it ","startDuration":"0.3728","endDuration":"0.5958","wordfile":[{"path":"audios\/wordfile-620d6f6239a16.wav","mime":"audio\/x-wav","copyright":{"license":"U"}}]},{"text":" started ","startDuration":"0.5968","endDuration":"1.0546","wordfile":[{"path":"audios\/wordfile-620d6f7a312bd.wav","mime":"audio\/x-wav","copyright":{"license":"U"}}]},{"text":" to ","startDuration":"1.0556","endDuration":"1.3014","wordfile":[{"path":"audios\/wordfile-620d6f95c1e44.wav","mime":"audio\/x-wav","copyright":{"license":"U"}}]},{"text":" rain. ","startDuration":"1.3024","endDuration":"2.0581","wordfile":[{"path":"audios\/wordfile-62190ec8717c9.wav","mime":"audio\/x-wav","copyright":{"license":"U"}}]},{"text":" The ","startDuration":"2.4028","endDuration":"2.7060","wordfile":[{"path":"audios\/wordfile-620d702018a76.wav","mime":"audio\/x-wav","copyright":{"license":"U"}}]},{"text":" ducks ","startDuration":"2.7070","endDuration":"3.1820","wordfile":[{"path":"audios\/wordfile-620d703761c33.wav","mime":"audio\/x-wav","copyright":{"license":"U"}}]},{"text":" sang, ","startDuration":"3.1830","endDuration":"3.7668","wordfile":[{"path":"audios\/wordfile-620d704961af0.wav","mime":"audio\/x-wav","copyright":{"license":"U"}}]},{"text":" \u201cQuack! ","startDuration":"3.7678","endDuration":"4.1454","wordfile":[{"path":"audios\/wordfile-620d705e7ec35.wav","mime":"audio\/x-wav","copyright":{"license":"U"}}]},{"text":" Quack! ","startDuration":"4.1464","endDuration":"4.5355","wordfile":[{"path":"audios\/wordfile-620d70765d5ea.wav","mime":"audio\/x-wav","copyright":{"license":"U"}}]},{"text":" Quack!\u201d ","startDuration":"4.5365","endDuration":"5.0186","wordfile":[{"path":"audios\/wordfile-620d70a1d66ae.wav","mime":"audio\/x-wav","copyright":{"license":"U"}}]}]},"metadata":{"contentType":"Curious Reader Audio","license":"U","title":"Untitled Curious Reader Audio"},"subContentId":"4e80c228-46df-466a-b41c-e58874db30e6"},"backgroundOpacity":0,"willDoAnimation":false,"animationType":"glow","displayAsButton":false,"buttonSize":"big","goToSlideType":"specified","invisible":false},{"x":25.05446623093682,"y":4.310344827586207,"width":19.120370370370367,"height":46.84931506849315,"action":{"library":"H5P.Image 1.1","params":{"contentName":"Image"},"metadata":{"contentType":"Image","license":"U","title":"Untitled Image"},"subContentId":"4174a397-c5c7-405d-88e4-77af20cd910c"},"backgroundOpacity":0,"willDoAnimation":true,"animationType":"glow","displayAsButton":false,"buttonSize":"big","goToSlideType":"specified","invisible":false,"id":"img4e80c228-46df-466a-b41c-e58874db30e6_4"},{"x":52.14988425925926,"y":6.127283105022831,"width":28.379629629629626,"height":61.00456621004566,"action":{"library":"H5P.Image 1.1","params":{"contentName":"Image"},"metadata":{"contentType":"Image","license":"U","title":"Untitled Image"},"subContentId":"93024376-e82d-49fb-bc98-5bcc1ec987ac"},"backgroundOpacity":0,"willDoAnimation":true,"animationType":"glow","displayAsButton":false,"buttonSize":"big","goToSlideType":"specified","invisible":false,"id":"img4e80c228-46df-466a-b41c-e58874db30e6_6"}],"slideBackgroundSelector":{}},{"elements":[{"x":49.01808278867102,"y":23.81573275862069,"width":44.771241830065364,"height":62.06896551724138,"action":{"library":"H5P.CRAdvancedText 1.1","params":{"text":"<p style=\"text-align: center;\"><span style=\"font-size:2.25em;\">Frog came out and croaked, \u201cRibbit! Ribbit! Ribbit!\u201d<\/span><\/p>\n"},"metadata":{"contentType":"Text","license":"U","title":"Untitled Text"},"subContentId":"8b930019-1acd-46a3-940c-1d08b78df580"},"alwaysDisplayComments":false,"backgroundOpacity":0,"willDoAnimation":false,"animationType":"glow","displayAsButton":false,"buttonSize":"big","goToSlideType":"specified","invisible":false,"solution":""},{"x":13.071895424836601,"y":6.4655172413793105,"width":34.72222222222222,"height":87.44292237442923,"action":{"library":"H5P.Image 1.1","params":{"contentName":"Image","file":{"path":"images\/file-62040dc74dcb4.jpg","mime":"image\/jpeg","copyright":{"license":"U"},"width":479,"height":688}},"metadata":{"contentType":"Image","license":"U","title":"Untitled Image"},"subContentId":"0023a6c2-3af5-4108-846d-0ce298142b56"},"backgroundOpacity":0,"willDoAnimation":false,"animationType":"glow","displayAsButton":false,"buttonSize":"big","goToSlideType":"specified","invisible":false},{"x":92.5925925925926,"y":2.1551724137931036,"width":40,"height":40,"action":{"library":"H5P.CRAudio 1.4","params":{"fitToWrapper":true,"currIndex":10,"playerMode":"minimalistic","controls":true,"autoplay":true,"playAudio":"Play audio","pauseAudio":"Pause audio","contentName":"Audio","glowColor":"#fe974b","files":[{"path":"audios\/files-620d5326cabbc.wav","mime":"audio\/x-wav","copyright":{"license":"U"}}],"timeStampForEachText":[{"text":" Frog ","startDuration":"0.0000","endDuration":"0.6048","wordfile":[{"path":"audios\/wordfile-620d710506165.wav","mime":"audio\/x-wav","copyright":{"license":"U"}}]},{"text":" came ","startDuration":"0.6058","endDuration":"0.9623","wordfile":[{"path":"audios\/wordfile-620d7132b0169.wav","mime":"audio\/x-wav","copyright":{"license":"U"}}]},{"text":" out ","startDuration":"0.9633","endDuration":"1.2227","wordfile":[{"path":"audios\/wordfile-620d714706ff6.wav","mime":"audio\/x-wav","copyright":{"license":"U"}}]},{"text":" and ","startDuration":"1.2129","endDuration":"1.4453","wordfile":[{"path":"audios\/wordfile-620d716428f61.wav","mime":"audio\/x-wav","copyright":{"license":"U"}}]},{"text":" croaked, ","startDuration":"1.4463","endDuration":"2.2832","wordfile":[{"path":"audios\/wordfile-620d717e03711.wav","mime":"audio\/x-wav","copyright":{"license":"U"}}]},{"text":" \u201cRibbit! ","startDuration":"2.8564","endDuration":"3.4450","wordfile":[{"path":"audios\/wordfile-620d719b7055a.wav","mime":"audio\/x-wav","copyright":{"license":"U"}}]},{"text":" Ribbit! ","startDuration":"3.4558","endDuration":"4.1102","wordfile":[{"path":"audios\/wordfile-620d71c38cd9e.wav","mime":"audio\/x-wav","copyright":{"license":"U"}}]},{"text":" Ribbit!\u201d ","startDuration":"4.1112","endDuration":"4.7285","wordfile":[{"path":"audios\/wordfile-620d71d373156.wav","mime":"audio\/x-wav","copyright":{"license":"U"}}]}]},"metadata":{"contentType":"Curious Reader Audio","license":"U","title":"Untitled Curious Reader Audio"},"subContentId":"f1a8a96d-72b6-4a0e-a8e0-1439165a390b"},"backgroundOpacity":0,"willDoAnimation":false,"animationType":"glow","displayAsButton":false,"buttonSize":"big","goToSlideType":"specified","invisible":false},{"x":17.429193899782135,"y":10.775862068965518,"width":27.222222222222218,"height":55.75342465753425,"action":{"library":"H5P.Image 1.1","params":{"contentName":"Image"},"metadata":{"contentType":"Image","license":"U","title":"Untitled Image"},"subContentId":"c699e6ea-dea8-437d-a3b6-d5d89b39e7f9"},"backgroundOpacity":0,"willDoAnimation":true,"animationType":"glow","displayAsButton":false,"buttonSize":"big","goToSlideType":"specified","invisible":false,"id":"imgf1a8a96d-72b6-4a0e-a8e0-1439165a390b_0"}],"slideBackgroundSelector":{}},{"elements":[{"x":53.37505446623094,"y":34.585560344827584,"width":40.30501089324619,"height":47.41379310344828,"action":{"library":"H5P.CRAdvancedText 1.1","params":{"text":"<p style=\"text-align: center;\"><span style=\"font-size:2.25em;\">All the animals came out and sang.<\/span><\/p>\n"},"metadata":{"contentType":"Text","license":"U","title":"Untitled Text"},"subContentId":"208398fd-287b-4504-bac1-a247f87e0f35"},"alwaysDisplayComments":false,"backgroundOpacity":0,"willDoAnimation":false,"animationType":"glow","displayAsButton":false,"buttonSize":"big","goToSlideType":"specified","invisible":false,"solution":""},{"x":17.352430555555557,"y":6.837899543378994,"width":34.72222222222222,"height":87.44292237442923,"action":{"library":"H5P.Image 1.1","params":{"contentName":"Image","file":{"path":"images\/file-62040e45cc034.jpg","mime":"image\/jpeg","copyright":{"license":"U"},"width":479,"height":688}},"metadata":{"contentType":"Image","license":"U","title":"Untitled Image"},"subContentId":"7452b893-b74b-4237-aba9-6f3495017174"},"backgroundOpacity":0,"willDoAnimation":false,"animationType":"glow","displayAsButton":false,"buttonSize":"big","goToSlideType":"specified","invisible":false},{"x":92.5925925925926,"y":2.1551724137931036,"width":40,"height":40,"action":{"library":"H5P.CRAudio 1.4","params":{"fitToWrapper":true,"currIndex":11,"playerMode":"minimalistic","controls":true,"autoplay":true,"playAudio":"Play audio","pauseAudio":"Pause audio","contentName":"Audio","glowColor":"#fe974b","files":[{"path":"audios\/files-620d539eaa7c3.wav","mime":"audio\/x-wav","copyright":{"license":"U"}}],"timeStampForEachText":[{"text":" All ","startDuration":"0.0000","endDuration":"0.4030","wordfile":[{"path":"audios\/wordfile-620d722e1743a.wav","mime":"audio\/x-wav","copyright":{"license":"U"}}]},{"text":" the ","startDuration":"0.4040","endDuration":"0.6040","wordfile":[{"path":"audios\/wordfile-620d7241aff2b.wav","mime":"audio\/x-wav","copyright":{"license":"U"}}]},{"text":" animals ","startDuration":"0.6050","endDuration":"1.3825","wordfile":[{"path":"audios\/wordfile-620d725eb87d3.wav","mime":"audio\/x-wav","copyright":{"license":"U"}}]},{"text":" came ","startDuration":"1.3835","endDuration":"1.7725","wordfile":[{"path":"audios\/wordfile-620d7277b8d6a.wav","mime":"audio\/x-wav","copyright":{"license":"U"}}]},{"text":" out ","startDuration":"1.7735","endDuration":"2.0680","wordfile":[{"path":"audios\/wordfile-620d729035c4b.wav","mime":"audio\/x-wav","copyright":{"license":"U"}}]},{"text":" and ","startDuration":"2.0690","endDuration":"2.3775","wordfile":[{"path":"audios\/wordfile-620d72a3757f5.wav","mime":"audio\/x-wav","copyright":{"license":"U"}}]},{"text":" sang. ","startDuration":"2.3785","endDuration":"3.0660","wordfile":[{"path":"audios\/wordfile-620d72b959dbe.wav","mime":"audio\/x-wav","copyright":{"license":"U"}}]}]},"metadata":{"contentType":"Curious Reader Audio","license":"U","title":"Untitled Curious Reader Audio"},"subContentId":"31d1beb7-849c-4b14-a42d-833c9983d674"},"backgroundOpacity":0,"willDoAnimation":false,"animationType":"glow","displayAsButton":false,"buttonSize":"big","goToSlideType":"specified","invisible":false},{"x":23.958333333333332,"y":31.963470319634705,"width":9.86111111111111,"height":12.602739726027398,"action":{"library":"H5P.Image 1.1","params":{"contentName":"Image"},"metadata":{"contentType":"Image","license":"U","title":"Untitled Image"},"subContentId":"50fe2498-058c-49a8-a2db-8b614c2e6b9e"},"backgroundOpacity":0,"willDoAnimation":true,"animationType":"glow","displayAsButton":false,"buttonSize":"big","goToSlideType":"specified","invisible":false,"id":"img31d1beb7-849c-4b14-a42d-833c9983d674_2"},{"x":26.143790849673202,"y":66.8103448275862,"width":8.703703703703704,"height":28.58447488584475,"action":{"library":"H5P.Image 1.1","params":{"contentName":"Image"},"metadata":{"contentType":"Image","license":"U","title":"Untitled Image"},"subContentId":"e851da91-e008-46bb-a148-db6cc90a3dc4"},"backgroundOpacity":0,"willDoAnimation":true,"animationType":"glow","displayAsButton":false,"buttonSize":"big","goToSlideType":"specified","invisible":false,"id":"img31d1beb7-849c-4b14-a42d-833c9983d674_2"},{"x":34.72222222222222,"y":27.397260273972602,"width":15.300925925925924,"height":22.876712328767123,"action":{"library":"H5P.Image 1.1","params":{"contentName":"Image"},"metadata":{"contentType":"Image","license":"U","title":"Untitled Image"},"subContentId":"d9bf72b9-9c3a-46c6-bfd4-91bbd9798c08"},"backgroundOpacity":0,"willDoAnimation":true,"animationType":"glow","displayAsButton":false,"buttonSize":"big","goToSlideType":"specified","invisible":false,"id":"img31d1beb7-849c-4b14-a42d-833c9983d674_2"},{"x":20.833333333333332,"y":45.662100456621005,"width":15.648148148148145,"height":19.45205479452055,"action":{"library":"H5P.Image 1.1","params":{"contentName":"Image"},"metadata":{"contentType":"Image","license":"U","title":"Untitled Image"},"subContentId":"878cb3b0-115e-4511-9803-2b69bd39d055"},"backgroundOpacity":0,"willDoAnimation":true,"animationType":"glow","displayAsButton":false,"buttonSize":"big","goToSlideType":"specified","invisible":false,"id":"img31d1beb7-849c-4b14-a42d-833c9983d674_2"},{"x":34.25925925925926,"y":67.8082191780822,"width":9.86111111111111,"height":22.420091324200914,"action":{"library":"H5P.Image 1.1","params":{"contentName":"Image"},"metadata":{"contentType":"Image","license":"U","title":"Untitled Image"},"subContentId":"02d10aa1-a7f2-4641-8f1f-8fe3b6b8025e"},"backgroundOpacity":0,"willDoAnimation":true,"animationType":"glow","displayAsButton":false,"buttonSize":"big","goToSlideType":"specified","invisible":false,"id":"img31d1beb7-849c-4b14-a42d-833c9983d674_2"},{"x":36.95023148148148,"y":50.15707762557078,"width":15.648148148148145,"height":18.99543378995434,"action":{"library":"H5P.Image 1.1","params":{"contentName":"Image"},"metadata":{"contentType":"Image","license":"U","title":"Untitled Image"},"subContentId":"07c21a4b-fa09-4b78-9a38-954c91fb6ff1"},"backgroundOpacity":0,"willDoAnimation":true,"animationType":"glow","displayAsButton":false,"buttonSize":"big","goToSlideType":"specified","invisible":false,"id":"img31d1beb7-849c-4b14-a42d-833c9983d674_2"}],"slideBackgroundSelector":{}},{"elements":[{"x":56.642483660130715,"y":28.100215517241377,"width":40.41394335511983,"height":60.344827586206904,"action":{"library":"H5P.CRAdvancedText 1.1","params":{"text":"<p style=\"text-align: center;\"><span style=\"font-size:2.25em;\">Cicada sang her song. \u201cYaeng! Yaeng! Yaeng!\u201d <\/span><\/p>\n"},"metadata":{"contentType":"Text","license":"U","title":"Untitled Text"},"subContentId":"e4a1cafc-9bb5-4914-968a-44b4182c37d3"},"alwaysDisplayComments":false,"backgroundOpacity":0,"willDoAnimation":false,"animationType":"glow","displayAsButton":false,"buttonSize":"big","goToSlideType":"specified","invisible":false,"solution":""},{"x":8.101851851851851,"y":17.35159817351598,"width":47.4537037037037,"height":68.94977168949772,"action":{"library":"H5P.Image 1.1","params":{"contentName":"Image","file":{"path":"images\/file-62040eb232941.jpg","mime":"image\/jpeg","copyright":{"license":"U"},"width":959,"height":689}},"metadata":{"contentType":"Image","license":"U","title":"Untitled Image"},"subContentId":"1138b0e9-ae0f-46ac-bf1f-47c28e224c2d"},"backgroundOpacity":0,"willDoAnimation":false,"animationType":"glow","displayAsButton":false,"buttonSize":"big","goToSlideType":"specified","invisible":false},{"x":92.5925925925926,"y":2.1551724137931036,"width":40,"height":40,"action":{"library":"H5P.CRAudio 1.4","params":{"fitToWrapper":true,"currIndex":12,"playerMode":"minimalistic","controls":true,"autoplay":true,"playAudio":"Play audio","pauseAudio":"Pause audio","contentName":"Audio","glowColor":"#fe974b","files":[{"path":"audios\/files-620d53de77c93.wav","mime":"audio\/x-wav","copyright":{"license":"U"}}],"timeStampForEachText":[{"text":" Cicada ","startDuration":"0.0000","endDuration":"0.8628","wordfile":[{"path":"audios\/wordfile-620d735d59fb0.wav","mime":"audio\/x-wav","copyright":{"license":"U"}}]},{"text":" sang ","startDuration":"0.8638","endDuration":"1.3541","wordfile":[{"path":"audios\/wordfile-620d7370d1704.wav","mime":"audio\/x-wav","copyright":{"license":"U"}}]},{"text":" her ","startDuration":"1.3551","endDuration":"1.5164","wordfile":[{"path":"audios\/wordfile-620d738b753b9.wav","mime":"audio\/x-wav","copyright":{"license":"U"}}]},{"text":" song. ","startDuration":"1.5174","endDuration":"2.3028","wordfile":[{"path":"audios\/wordfile-620d73a2c17e8.wav","mime":"audio\/x-wav","copyright":{"license":"U"}}]},{"text":" \u201cYaeng! ","startDuration":"2.4489","endDuration":"3.1908","wordfile":[{"path":"audios\/wordfile-620d73b6090dc.wav","mime":"audio\/x-wav","copyright":{"license":"U"}}]},{"text":" Yaeng! ","startDuration":"3.1918","endDuration":"3.6724","wordfile":[{"path":"audios\/wordfile-620d73c6d957a.wav","mime":"audio\/x-wav","copyright":{"license":"U"}}]},{"text":" Yaeng!\u201d ","startDuration":"3.6734","endDuration":"4.2380","wordfile":[{"path":"audios\/wordfile-620d73e897446.wav","mime":"audio\/x-wav","copyright":{"license":"U"}}]}]},"metadata":{"contentType":"Curious Reader Audio","license":"U","title":"Untitled Curious Reader Audio"},"subContentId":"78cef3c7-385c-492b-b99f-967407d5b798"},"backgroundOpacity":0,"willDoAnimation":false,"animationType":"glow","displayAsButton":false,"buttonSize":"big","goToSlideType":"specified","invisible":false},{"x":9.636863425925926,"y":15.958904109589042,"width":20.393518518518515,"height":60.31963470319634,"action":{"library":"H5P.Image 1.1","params":{"contentName":"Image"},"metadata":{"contentType":"Image","license":"U","title":"Untitled Image"},"subContentId":"9c2f67e5-9249-41dd-8f29-466e8e0006a8"},"backgroundOpacity":0,"willDoAnimation":true,"animationType":"glow","displayAsButton":false,"buttonSize":"big","goToSlideType":"specified","invisible":false,"id":"img78cef3c7-385c-492b-b99f-967407d5b798_0"}],"slideBackgroundSelector":{}},{"elements":[{"x":17.352430555555557,"y":6.837899543378994,"width":34.72222222222222,"height":87.44292237442923,"action":{"library":"H5P.Image 1.1","params":{"contentName":"Image","file":{"path":"images\/file-62040f1d01716.jpg","mime":"image\/jpeg","copyright":{"license":"U"},"width":479,"height":688}},"metadata":{"contentType":"Image","license":"U","title":"Untitled Image"},"subContentId":"ebf2bdbd-5aa1-49f7-bfed-386a1080055f"},"backgroundOpacity":0,"willDoAnimation":false,"animationType":"glow","displayAsButton":false,"buttonSize":"big","goToSlideType":"specified","invisible":false},{"x":53.37352941176471,"y":38.97219827586207,"width":41.28540305010893,"height":34.48275862068966,"action":{"library":"H5P.CRAdvancedText 1.1","params":{"text":"<p style=\"text-align: center;\"><span style=\"font-size:2.25em;\">All the animals sang together! <\/span><\/p>\n"},"metadata":{"contentType":"Text","license":"U","title":"Untitled Text"},"subContentId":"52e0b102-922a-4a80-a4c6-71ecce1e7e61"},"alwaysDisplayComments":false,"backgroundOpacity":0,"willDoAnimation":false,"animationType":"glow","displayAsButton":false,"buttonSize":"big","goToSlideType":"specified","invisible":false,"solution":""},{"x":92.5925925925926,"y":2.1551724137931036,"width":40,"height":40,"action":{"library":"H5P.CRAudio 1.4","params":{"fitToWrapper":true,"currIndex":13,"playerMode":"minimalistic","controls":true,"autoplay":true,"playAudio":"Play audio","pauseAudio":"Pause audio","contentName":"Audio","glowColor":"#fe974b","files":[{"path":"audios\/files-620d547340809.wav","mime":"audio\/x-wav","copyright":{"license":"U"}}],"timeStampForEachText":[{"text":" All ","startDuration":"0.0000","endDuration":"0.3793","wordfile":[{"path":"audios\/wordfile-620d744ccd40d.wav","mime":"audio\/x-wav","copyright":{"license":"U"}}]},{"text":" the ","startDuration":"0.3803","endDuration":"0.5632","wordfile":[{"path":"audios\/wordfile-620d74610b0b8.wav","mime":"audio\/x-wav","copyright":{"license":"U"}}]},{"text":" animals ","startDuration":"0.5642","endDuration":"1.3307","wordfile":[{"path":"audios\/wordfile-620d747b895ce.wav","mime":"audio\/x-wav","copyright":{"license":"U"}}]},{"text":" sang ","startDuration":"1.3317","endDuration":"1.6779","wordfile":[{"path":"audios\/wordfile-620d7490d361d.wav","mime":"audio\/x-wav","copyright":{"license":"U"}}]},{"text":" together! ","startDuration":"1.6779","endDuration":"2.4937","wordfile":[{"path":"audios\/wordfile-620d74bc6cdef.wav","mime":"audio\/x-wav","copyright":{"license":"U"}}]}]},"metadata":{"contentType":"Curious Reader Audio","license":"U","title":"Untitled Curious Reader Audio"},"subContentId":"68f650e6-4a7a-4bc8-a6e1-bae58cb8cc4d"},"backgroundOpacity":0,"willDoAnimation":false,"animationType":"glow","displayAsButton":false,"buttonSize":"big","goToSlideType":"specified","invisible":false},{"x":22.875816993464053,"y":17.24137931034483,"width":11.018518518518517,"height":22.19178082191781,"action":{"library":"H5P.Image 1.1","params":{"contentName":"Image"},"metadata":{"contentType":"Image","license":"U","title":"Untitled Image"},"subContentId":"55312956-2c57-45b2-ad35-e655cadfe8a4"},"backgroundOpacity":0,"willDoAnimation":true,"animationType":"glow","displayAsButton":false,"buttonSize":"big","goToSlideType":"specified","invisible":false,"id":"img68f650e6-4a7a-4bc8-a6e1-bae58cb8cc4d_2"},{"x":18.171296296296294,"y":38.12785388127854,"width":12.175925925925926,"height":17.168949771689498,"action":{"library":"H5P.Image 1.1","params":{"contentName":"Image"},"metadata":{"contentType":"Image","license":"U","title":"Untitled Image"},"subContentId":"6a2f43bc-757a-41d2-a97a-9b607b270a8c"},"backgroundOpacity":0,"willDoAnimation":true,"animationType":"glow","displayAsButton":false,"buttonSize":"big","goToSlideType":"specified","invisible":false,"id":"img68f650e6-4a7a-4bc8-a6e1-bae58cb8cc4d_2"},{"x":42.0479302832244,"y":67.24137931034483,"width":8.022098039215686,"height":23.198892241379312,"action":{"library":"H5P.Image 1.1","params":{"contentName":"Image"},"metadata":{"contentType":"Image","license":"U","title":"Untitled Image"},"subContentId":"748c472a-ec6b-4825-9d80-0c6512f996b4"},"backgroundOpacity":0,"willDoAnimation":true,"animationType":"glow","displayAsButton":false,"buttonSize":"big","goToSlideType":"specified","invisible":false,"id":"img68f650e6-4a7a-4bc8-a6e1-bae58cb8cc4d_2"},{"x":33.769063180827885,"y":23.70689655172414,"width":11.944444444444445,"height":21.7351598173516,"action":{"library":"H5P.Image 1.1","params":{"contentName":"Image"},"metadata":{"contentType":"Image","license":"U","title":"Untitled Image"},"subContentId":"fc3a73c6-ac0e-4cd9-aaae-2d0ae9de960e"},"backgroundOpacity":0,"willDoAnimation":true,"animationType":"glow","displayAsButton":false,"buttonSize":"big","goToSlideType":"specified","invisible":false,"id":"img68f650e6-4a7a-4bc8-a6e1-bae58cb8cc4d_2"},{"x":25.44988425925926,"y":54.563470319634696,"width":8.703703703703704,"height":19.45205479452055,"action":{"library":"H5P.Image 1.1","params":{"contentName":"Image"},"metadata":{"contentType":"Image","license":"U","title":"Untitled Image"},"subContentId":"52352c1a-c7b2-4f60-87e6-3b899bd7dbbe"},"backgroundOpacity":0,"willDoAnimation":true,"animationType":"glow","displayAsButton":false,"buttonSize":"big","goToSlideType":"specified","invisible":false,"id":"img68f650e6-4a7a-4bc8-a6e1-bae58cb8cc4d_2"},{"x":33.848379629629626,"y":61.5582191780822,"width":7.546296296296296,"height":25.84474885844749,"action":{"library":"H5P.Image 1.1","params":{"contentName":"Image"},"metadata":{"contentType":"Image","license":"U","title":"Untitled Image"},"subContentId":"b3e1797a-35bb-495e-a62c-044a0091dc0f"},"backgroundOpacity":0,"willDoAnimation":true,"animationType":"glow","displayAsButton":false,"buttonSize":"big","goToSlideType":"specified","invisible":false,"id":"img68f650e6-4a7a-4bc8-a6e1-bae58cb8cc4d_2"}],"slideBackgroundSelector":{}},{"elements":[{"x":53.37690631808279,"y":15.086206896551726,"width":41.394335511982575,"height":79.95689655172414,"action":{"library":"H5P.Image 1.1","params":{"contentName":"Image","file":{"path":"images\/file-620d550eab2aa.jpg","mime":"image\/jpeg","copyright":{"license":"U"},"width":552,"height":545,"originalImage":{"path":"..\/content\/75\/images\/file-62040fabc2854.jpg","mime":"image\/jpeg","height":689,"width":959}}},"metadata":{"contentType":"Image","license":"U","title":"Untitled Image"},"subContentId":"ebf5f51a-f681-4add-b6db-05c4330b1e00"},"backgroundOpacity":0,"willDoAnimation":false,"animationType":"glow","displayAsButton":false,"buttonSize":"big","goToSlideType":"specified","invisible":false},{"x":7.622843137254902,"y":30.26206896551724,"width":42.48366013071895,"height":53.87931034482759,"action":{"library":"H5P.CRAdvancedText 1.1","params":{"text":"<p style=\"text-align: center;\"><span style=\"font-size:2.25em;\">Cicada sings only songs she can sing.<\/span><\/p>\n"},"metadata":{"contentType":"Text","license":"U","title":"Untitled Text"},"subContentId":"a81c8933-cede-46af-b36c-818a442cd046"},"alwaysDisplayComments":false,"backgroundOpacity":0,"willDoAnimation":false,"animationType":"glow","displayAsButton":false,"buttonSize":"big","goToSlideType":"specified","invisible":false,"solution":""},{"x":64.27015250544663,"y":25.862068965517242,"width":25.01556209150327,"height":66.08682327586207,"action":{"library":"H5P.Image 1.1","params":{"contentName":"Image"},"metadata":{"contentType":"Image","license":"U","title":"Untitled Image"},"subContentId":"a65f52a5-ec4b-471e-974e-76cc44e71423"},"backgroundOpacity":0,"willDoAnimation":true,"animationType":"glow","displayAsButton":false,"buttonSize":"big","goToSlideType":"specified","invisible":false,"id":"img68c2216a-3bb1-4551-ae87-99e62ab7f059_0"},{"x":92.5925925925926,"y":2.1551724137931036,"width":40,"height":40,"action":{"library":"H5P.CRAudio 1.4","params":{"fitToWrapper":true,"currIndex":14,"playerMode":"minimalistic","controls":true,"autoplay":true,"playAudio":"Play audio","pauseAudio":"Pause audio","contentName":"Audio","glowColor":"#fe974b","files":[{"path":"audios\/files-620d54cf797ef.wav","mime":"audio\/x-wav","copyright":{"license":"U"}}],"timeStampForEachText":[{"text":" Cicada ","startDuration":"0.0000","endDuration":"0.8358","wordfile":[{"path":"audios\/wordfile-620d752f50723.wav","mime":"audio\/x-wav","copyright":{"license":"U"}}]},{"text":" sings ","startDuration":"0.8368","endDuration":"1.3832","wordfile":[{"path":"audios\/wordfile-620d7550af628.wav","mime":"audio\/x-wav","copyright":{"license":"U"}}]},{"text":" only ","startDuration":"1.3842","endDuration":"1.8776","wordfile":[{"path":"audios\/wordfile-620d756638f51.wav","mime":"audio\/x-wav","copyright":{"license":"U"}}]},{"text":" songs ","startDuration":"1.8786","endDuration":"2.5025","wordfile":[{"path":"audios\/wordfile-620d758609dff.wav","mime":"audio\/x-wav","copyright":{"license":"U"}}]},{"text":" she ","startDuration":"2.5035","endDuration":"2.7035","wordfile":[{"path":"audios\/wordfile-620d759826dba.wav","mime":"audio\/x-wav","copyright":{"license":"U"}}]},{"text":" can ","startDuration":"2.7045","endDuration":"2.9330","wordfile":[{"path":"audios\/wordfile-620d75aee1458.wav","mime":"audio\/x-wav","copyright":{"license":"U"}}]},{"text":" sing. ","startDuration":"2.9340","endDuration":"3.5703","wordfile":[{"path":"audios\/wordfile-620d75c2cf9c8.wav","mime":"audio\/x-wav","copyright":{"license":"U"}}]}]},"metadata":{"contentType":"Curious Reader Audio","license":"U","title":"Untitled Curious Reader Audio"},"subContentId":"68c2216a-3bb1-4551-ae87-99e62ab7f059"},"backgroundOpacity":0,"willDoAnimation":false,"animationType":"glow","displayAsButton":false,"buttonSize":"big","goToSlideType":"specified","invisible":false}],"slideBackgroundSelector":{}},{"elements":[{"x":2.5510204081632653,"y":5.031889168765743,"width":16.581632653061224,"height":12.090680100755668,"action":{"library":"H5P.Image 1.1","params":{"contentName":"Image","file":{"path":"images\/file-61fb296cf2c04.png","mime":"image\/png","copyright":{"license":"U"},"width":1350,"height":487}},"metadata":{"contentType":"Image","license":"U","title":"Untitled Image"},"subContentId":"211599f9-0697-45c1-9895-8aab70248417"},"backgroundOpacity":0,"willDoAnimation":false,"animationType":"glow","displayAsButton":false,"buttonSize":"big","goToSlideType":"specified","invisible":false},{"x":35.714285714285715,"y":5.031889168765743,"width":21.683673469387756,"height":11.838790931989925,"action":{"library":"H5P.Image 1.1","params":{"contentName":"Image","file":{"path":"images\/file-61fb29a5596cb.png","mime":"image\/png","copyright":{"license":"U"},"width":814,"height":202}},"metadata":{"contentType":"Image","license":"U","title":"Untitled Image"},"subContentId":"408ebcac-a83f-4bba-b143-198d7a55aab9"},"backgroundOpacity":0,"willDoAnimation":false,"animationType":"glow","displayAsButton":false,"buttonSize":"big","goToSlideType":"specified","invisible":false},{"x":67.60204081632654,"y":6.045340050377834,"width":25.127551020408163,"height":10.075566750629722,"action":{"library":"H5P.Image 1.1","params":{"contentName":"Image","file":{"path":"images\/file-61fb28cb969ac.jpg","mime":"image\/jpeg","copyright":{"license":"U"},"width":1732,"height":354}},"metadata":{"contentType":"Image","license":"U","title":"Untitled Image"},"subContentId":"0b777b95-9ec3-4204-b6a1-b63e71227cfd"},"backgroundOpacity":0,"willDoAnimation":false,"animationType":"glow","displayAsButton":false,"buttonSize":"big","goToSlideType":"specified","invisible":false},{"x":6.887755102040816,"y":22.41813602015113,"width":86.86224489795919,"height":73.04785894206549,"action":{"library":"H5P.CRAdvancedText 1.1","params":{"text":"<h3 style=\"text-align: center;\"><span style=\"font-size:0.875em;\"><strong>\"Cicada's Song\" credits<\/strong><\/span><\/h3>\n\n<hr>\n<h3 style=\"text-align: center;\"><span style=\"font-size:0.875em;\">This work, \"Cicada's Song\", is a derivative of \"Cicada's Song\" translated by Alisha Berger used under CC BY. &nbsp;It is based on the Original story: '\u0eaa\u0ebd\u0e87\u0ec0\u0e9e\u0e87\u0e82\u0ead\u0e87\u0e88\u0eb1\u0e81\u0e88\u0eb1\u0ec8\u0e99\u0e99\u0ec9\u0ead\u0e8d', by Khomsanh Chanthalangsone. \u00a9 Room to Read, 2015.&nbsp;<\/span><\/h3>\n\n<h3 style=\"text-align: center;\"><span style=\"font-size:0.875em;\">Some changes were made to this work. \"Cicada's Song\" is licensed under CC BY 4.0 by Curious Learning.<\/span><\/h3>\n\n<h3 style=\"text-align: center;\"><br>\n<span style=\"font-size:0.875em;\">Book builder - Deborah Oduman<\/span><\/h3>\n\n<p style=\"text-align: center;\">&nbsp;<\/p>\n"},"metadata":{"contentType":"Text","license":"U","title":"Untitled Text"},"subContentId":"86beccce-6727-4cbd-b8ce-74e5ef13d852"},"alwaysDisplayComments":false,"backgroundOpacity":0,"willDoAnimation":false,"animationType":"glow","displayAsButton":false,"buttonSize":"big","goToSlideType":"specified","invisible":false,"solution":""}],"slideBackgroundSelector":{}}],"keywordListEnabled":true,"globalBackgroundSelector":{"fillGlobalBackground":"#e1ffc0"},"keywordListAlwaysShow":false,"keywordListAutoHide":false,"keywordListOpacity":90},"override":{"activeSurface":false,"hideSummarySlide":false,"summarySlideSolutionButton":true,"summarySlideRetryButton":true,"enablePrintButton":false,"social":{"showFacebookShare":false,"facebookShare":{"url":"@currentpageurl","quote":"I scored @score out of @maxScore on a task at @currentpageurl."},"showTwitterShare":false,"twitterShare":{"statement":"I scored @score out of @maxScore on a task at @currentpageurl.","url":"@currentpageurl","hashtags":"h5p, course"},"showGoogleShare":false,"googleShareUrl":"@currentpageurl"}},"l10n":{"slide":"Slide","score":"Score","yourScore":"Your Score","maxScore":"Max Score","total":"Total","totalScore":"Total Score","showSolutions":"Show solutions","retry":"Retry","exportAnswers":"Export text","hideKeywords":"Hide sidebar navigation menu","showKeywords":"Show sidebar navigation menu","fullscreen":"Fullscreen","exitFullscreen":"Exit fullscreen","prevSlide":"Previous slide","nextSlide":"Next slide","currentSlide":"Current slide","lastSlide":"Last slide","solutionModeTitle":"Exit solution mode","solutionModeText":"Solution Mode","summaryMultipleTaskText":"Multiple tasks","scoreMessage":"You achieved:","shareFacebook":"Share on Facebook","shareTwitter":"Share on Twitter","shareGoogle":"Share on Google+","summary":"Summary","solutionsButtonTitle":"Show comments","printTitle":"Print","printIngress":"How would you like to print this presentation?","printAllSlides":"Print all slides","printCurrentSlide":"Print current slide","noTitle":"No title","accessibilitySlideNavigationExplanation":"Use left and right arrow to change slide in that direction whenever canvas is selected.","accessibilityCanvasLabel":"Presentation canvas. Use left and right arrow to move between slides.","containsNotCompleted":"@slideName contains not completed interaction","containsCompleted":"@slideName contains completed interaction","slideCount":"Slide @index of @total","containsOnlyCorrect":"@slideName only has correct answers","containsIncorrectAnswers":"@slideName has incorrect answers","shareResult":"Share Result","accessibilityTotalScore":"You got @score of @maxScore points in total","accessibilityEnteredFullscreen":"Entered fullscreen","accessibilityExitedFullscreen":"Exited fullscreen"}}