{"presentation":{"slides":[{"elements":[{"x":4.934210526315789,"y":6.497894682122992,"width":92.49424342105263,"height":87.71832926131934,"action":{"library":"H5P.Image 1.1","params":{"contentName":"Image","file":{"path":"images\/file-6711ff671a572.gif","mime":"image\/gif","copyright":{"license":"U"},"width":1920,"height":1080}},"subContentId":"48e7008d-397a-441e-8acc-6873d304e3d9","metadata":{"contentType":"Image","license":"U","title":"Untitled Image"}},"backgroundOpacity":0,"willDoAnimation":false,"animationType":"glow","displayAsButton":false,"buttonSize":"big","goToSlideType":"specified","invisible":false},{"x":37.828947368421055,"y":84.47263086759891,"width":39.99967105263158,"height":9.743463117949785,"action":{"library":"H5P.CRAdvancedText 1.1","params":{"text":"<p><span style=\"font-size:1.5em;color:hsl(0,0%,100%);\"><strong>Waan Duulaya<\/strong><\/span><\/p>"},"subContentId":"f3862bdc-8c37-49a5-899c-612cd9f460b8","metadata":{"contentType":"Text","license":"U","title":"Untitled Text"}},"alwaysDisplayComments":false,"backgroundOpacity":0,"willDoAnimation":false,"animationType":"glow","displayAsButton":false,"buttonSize":"big","goToSlideType":"specified","invisible":false,"solution":""}],"slideBackgroundSelector":{}},{"elements":[{"x":1.644736842105263,"y":6.497894682122992,"width":95.39309210526316,"height":89.28172272183814,"action":{"library":"H5P.Image 1.1","params":{"contentName":"Image","file":{"path":"images\/file-6711ff8c02b13.gif","mime":"image\/gif","copyright":{"license":"U"},"width":1920,"height":1080}},"subContentId":"c74b2a51-1c9d-48d1-8ac9-bf3dcd6fcad6","metadata":{"contentType":"Image","license":"U","title":"Untitled Image"}},"backgroundOpacity":0,"willDoAnimation":false,"animationType":"glow","displayAsButton":false,"buttonSize":"big","goToSlideType":"specified","invisible":false},{"x":18.092105263157894,"y":74.71896605499819,"width":70.7220394736842,"height":19.483547330664866,"action":{"library":"H5P.CRAdvancedText 1.1","params":{"text":"<p><span style=\"font-size:1.5em;color:hsl(0,0%,100%);\"><strong>&nbsp;Shimbir yar oo dhawaan ukun dilaacsatay ayaa ag fadhida hooyadeed,<\/strong><\/span><\/p>"},"subContentId":"1d6c1da8-82ae-4183-acc7-872ba8591637","metadata":{"contentType":"Text","license":"U","title":"Untitled Text"}},"alwaysDisplayComments":false,"backgroundOpacity":0,"willDoAnimation":false,"animationType":"glow","displayAsButton":false,"buttonSize":"big","goToSlideType":"specified","invisible":false,"solution":""},{"x":47.00006578947369,"y":44.0012898320944,"width":40,"height":40,"action":{"library":"H5P.CRAudio 1.4","params":{"fitToWrapper":true,"currIndex":1,"playerMode":"minimalistic","controls":true,"autoplay":true,"playAudio":"Play audio","pauseAudio":"Pause audio","contentName":"Audio","glowColor":"#ffd85a","timeStampForEachText":[{"text":" \u00a0Shimbir ","startDuration":"0.0000","endDuration":"0.4780","wordfile":[{"path":"audios\/wordfile-670781f281fa1.wav","mime":"audio\/x-wav","copyright":{"license":"U"}}]},{"text":" yar ","startDuration":"0.4545","endDuration":"0.7591","wordfile":[{"path":"audios\/wordfile-67078202cfa1b.wav","mime":"audio\/x-wav","copyright":{"license":"U"}}]},{"text":" oo ","startDuration":"0.7591","endDuration":"0.9760","wordfile":[{"path":"audios\/wordfile-670782123b82b.wav","mime":"audio\/x-wav","copyright":{"license":"U"}}]},{"text":" dhawaan ","startDuration":"0.9760","endDuration":"1.4030","wordfile":[{"path":"audios\/wordfile-6707822398538.wav","mime":"audio\/x-wav","copyright":{"license":"U"}}]},{"text":" ukun ","startDuration":"1.4030","endDuration":"1.6044","wordfile":[{"path":"audios\/wordfile-6707824e98af6.wav","mime":"audio\/x-wav","copyright":{"license":"U"}}]},{"text":" dilaacsatay ","startDuration":"1.6044","endDuration":"2.5826","wordfile":[{"path":"audios\/wordfile-6707826461c84.wav","mime":"audio\/x-wav","copyright":{"license":"U"}}]},{"text":" ayaa ","startDuration":"2.5826","endDuration":"3.0820","wordfile":[{"path":"audios\/wordfile-67078270bffbf.wav","mime":"audio\/x-wav","copyright":{"license":"U"}}]},{"text":" ag fadhida ","startDuration":"3.0820","endDuration":"3.5944","wordfile":[{"path":"audios\/wordfile-6707829122856.wav","mime":"audio\/x-wav","copyright":{"license":"U"}}]},{"text":" hooyadeed, ","startDuration":"3.5944","endDuration":"4.4018","wordfile":[{"path":"audios\/wordfile-670782a14fd3e.wav","mime":"audio\/x-wav","copyright":{"license":"U"}}]}],"files":[{"path":"audios\/files-67070ea69d325.wav","mime":"audio\/x-wav","copyright":{"license":"U"}}]},"subContentId":"5d7e7b6c-9303-47ea-875e-67dd686fa04a","metadata":{"contentType":"Curious Reader Audio","license":"U","title":"Untitled Curious Reader Audio"}},"backgroundOpacity":0,"willDoAnimation":false,"animationType":"glow","displayAsButton":false,"buttonSize":"big","goToSlideType":"specified","invisible":false},{"x":29.999342105263153,"y":29.99522404740864,"width":22.366776315789476,"height":39.99941518947861,"action":{"library":"H5P.Image 1.1","params":{"contentName":"Image"},"subContentId":"2ac93d2d-b9d9-4738-8244-44dc68eb6abb","metadata":{"contentType":"Image","license":"U","title":"Untitled Image"}},"backgroundOpacity":0,"willDoAnimation":true,"animationType":"glow","displayAsButton":false,"buttonSize":"big","goToSlideType":"specified","invisible":false,"id":"img5d7e7b6c-9303-47ea-875e-67dd686fa04a_0"}],"slideBackgroundSelector":{}},{"elements":[{"x":3.289473684210526,"y":6.497894682122992,"width":94.07894736842105,"height":90.9090909090909,"action":{"library":"H5P.Image 1.1","params":{"contentName":"Image","file":{"path":"images\/file-6711ffaf46553.gif","mime":"image\/gif","copyright":{"license":"U"},"width":1920,"height":1080}},"subContentId":"7d33083f-b1f6-42d6-ac86-6c3264c73d20","metadata":{"contentType":"Image","license":"U","title":"Untitled Image"}},"backgroundOpacity":0,"willDoAnimation":false,"animationType":"glow","displayAsButton":false,"buttonSize":"big","goToSlideType":"specified","invisible":false,"id":"imgdf76b2b4-642b-4427-b64b-186f7ef032f9_2"},{"x":27.960526315789473,"y":84.47263086759891,"width":59.20888157894737,"height":12.989031553776577,"action":{"library":"H5P.CRAdvancedText 1.1","params":{"text":"<p><span style=\"font-size:1.5em;color:#ffffff;\">Hooyo, in aan duulo ayaan rabba!<\/span><\/p>"},"subContentId":"2f533bc3-492c-4337-9021-d6a65e2a6177","metadata":{"contentType":"Text","license":"U","title":"Untitled Text"}},"alwaysDisplayComments":false,"backgroundOpacity":0,"willDoAnimation":false,"animationType":"glow","displayAsButton":false,"buttonSize":"big","goToSlideType":"specified","invisible":false,"solution":""},{"x":47.00006578947369,"y":44.0012898320944,"width":40,"height":40,"action":{"library":"H5P.CRAudio 1.4","params":{"fitToWrapper":true,"currIndex":2,"playerMode":"minimalistic","controls":true,"autoplay":true,"playAudio":"Play audio","pauseAudio":"Pause audio","contentName":"Audio","glowColor":"#ffd85a","timeStampForEachText":[{"text":" Hooyo, ","startDuration":"0.0000","endDuration":"0.7284","wordfile":[{"path":"audios\/wordfile-670783997b523.wav","mime":"audio\/x-wav","copyright":{"license":"U"}}]},{"text":" in ","startDuration":"0.7294","endDuration":"0.9294","wordfile":[{"path":"audios\/wordfile-670783aca329a.wav","mime":"audio\/x-wav","copyright":{"license":"U"}}]},{"text":" aan ","startDuration":"0.9209","endDuration":"1.2019","wordfile":[{"path":"audios\/wordfile-670783cc45afd.wav","mime":"audio\/x-wav","copyright":{"license":"U"}}]},{"text":" duulo ","startDuration":"1.2019","endDuration":"1.5726","wordfile":[{"path":"audios\/wordfile-670783dd23e93.wav","mime":"audio\/x-wav","copyright":{"license":"U"}}]},{"text":" ayaan ","startDuration":"1.5726","endDuration":"1.9177","wordfile":[{"path":"audios\/wordfile-670783e84ea3d.wav","mime":"audio\/x-wav","copyright":{"license":"U"}}]},{"text":" rabba! ","startDuration":"1.9177","endDuration":"2.4196","wordfile":[{"path":"audios\/wordfile-670783f50a1a7.wav","mime":"audio\/x-wav","copyright":{"license":"U"}}]}],"files":[{"path":"audios\/files-67070ebbb3298.wav","mime":"audio\/x-wav","copyright":{"license":"U"}}]},"subContentId":"759a199f-813d-452f-b9ee-f0ab7f6506d2","metadata":{"contentType":"Curious Reader Audio","license":"U","title":"Untitled Curious Reader Audio"}},"backgroundOpacity":0,"willDoAnimation":false,"animationType":"glow","displayAsButton":false,"buttonSize":"big","goToSlideType":"specified","invisible":false},{"x":44.66230936819172,"y":25.821222462742128,"width":20.043572984749456,"height":35.18141560548615,"action":{"library":"H5P.Image 1.1","params":{"contentName":"Image"},"subContentId":"b8a71aed-0a5f-4074-8316-e001b19db8cf","metadata":{"contentType":"Image","license":"U","title":"Untitled Image"}},"backgroundOpacity":0,"willDoAnimation":true,"animationType":"glow","displayAsButton":false,"buttonSize":"big","goToSlideType":"specified","invisible":false,"id":"img759a199f-813d-452f-b9ee-f0ab7f6506d2_0"}],"slideBackgroundSelector":{}},{"elements":[{"x":3.289473684210526,"y":6.497894682122992,"width":94.07894736842105,"height":90.9090909090909,"action":{"library":"H5P.Image 1.1","params":{"contentName":"Image","file":{"path":"images\/file-6711ffbed7e4e.gif","mime":"image\/gif","copyright":{"license":"U"},"width":1920,"height":1080}},"subContentId":"7d33083f-b1f6-42d6-ac86-6c3264c73d20","metadata":{"contentType":"Image","license":"U","title":"Untitled Image"}},"backgroundOpacity":0,"willDoAnimation":false,"animationType":"glow","displayAsButton":false,"buttonSize":"big","goToSlideType":"specified","invisible":false,"id":"imgdf76b2b4-642b-4427-b64b-186f7ef032f9_2"},{"x":19.736842105263158,"y":84.47263086759891,"width":62.4983552631579,"height":12.989031553776577,"action":{"library":"H5P.CRAdvancedText 1.1","params":{"text":"<p><span style=\"font-size:1.5em;color:hsl(0, 0%, 100%);\"><strong>Waad duuli karta cungtaydaay! duul!<\/strong><\/span><\/p>"},"subContentId":"7ab26b3a-62aa-40f6-86c9-a91724b7cb36","metadata":{"contentType":"Text","license":"U","title":"Untitled Text"}},"alwaysDisplayComments":false,"backgroundOpacity":0,"willDoAnimation":false,"animationType":"glow","displayAsButton":false,"buttonSize":"big","goToSlideType":"specified","invisible":false,"solution":""},{"x":47.00006578947369,"y":44.0012898320944,"width":40,"height":40,"action":{"library":"H5P.CRAudio 1.4","params":{"fitToWrapper":true,"currIndex":3,"playerMode":"minimalistic","controls":true,"autoplay":true,"playAudio":"Play audio","pauseAudio":"Pause audio","contentName":"Audio","glowColor":"#ffd85a","timeStampForEachText":[{"text":" Waad ","startDuration":"0.0000","endDuration":"0.3601","wordfile":[{"path":"audios\/wordfile-670784b51a4da.wav","mime":"audio\/x-wav","copyright":{"license":"U"}}]},{"text":" duuli ","startDuration":"0.3611","endDuration":"0.6498","wordfile":[{"path":"audios\/wordfile-670784c4e46b7.wav","mime":"audio\/x-wav","copyright":{"license":"U"}}]},{"text":" karta ","startDuration":"0.6498","endDuration":"1.0913","wordfile":[{"path":"audios\/wordfile-670784d3a1dce.wav","mime":"audio\/x-wav","copyright":{"license":"U"}}]},{"text":" cungtaydaay! ","startDuration":"1.0913","endDuration":"2.0996","wordfile":[{"path":"audios\/wordfile-670784e19f5f6.wav","mime":"audio\/x-wav","copyright":{"license":"U"}}]},{"text":" duul! ","startDuration":"2.0996","endDuration":"2.7941","wordfile":[{"path":"audios\/wordfile-670784f1cf237.wav","mime":"audio\/x-wav","copyright":{"license":"U"}}]}],"files":[{"path":"audios\/files-67070ecda2f20.wav","mime":"audio\/x-wav","copyright":{"license":"U"}}]},"subContentId":"3dd9677f-3561-4b41-80cd-739c7dd48f32","metadata":{"contentType":"Curious Reader Audio","license":"U","title":"Untitled Curious Reader Audio"}},"backgroundOpacity":0,"willDoAnimation":false,"animationType":"glow","displayAsButton":false,"buttonSize":"big","goToSlideType":"specified","invisible":false}],"slideBackgroundSelector":{}},{"slideBackgroundSelector":{},"elements":[{"x":3.289473684210526,"y":6.497894682122992,"width":93.75,"height":88.31168831168831,"action":{"library":"H5P.Image 1.1","params":{"contentName":"Image","file":{"path":"images\/file-6711ffdc69229.gif","mime":"image\/gif","copyright":{"license":"U"},"width":1920,"height":1080}},"subContentId":"e8dc53c2-d105-4df2-a5b7-a1701c7e5cc0","metadata":{"contentType":"Image","license":"U","title":"Untitled Image"}},"backgroundOpacity":0,"willDoAnimation":false,"animationType":"glow","displayAsButton":false,"buttonSize":"big","goToSlideType":"specified","invisible":false},{"x":24.67105263157895,"y":74.72578884441441,"width":59.60115131578947,"height":19.490305141134275,"action":{"library":"H5P.CRAdvancedText 1.1","params":{"text":"<p><span style=\"font-size:1.5em;color:hsl(0, 0%, 100%);\"><strong>Sooma duulayoo! maya! waad soo dhaceysa! Ayuu yidhi duqsigu<\/strong><\/span><\/p>"},"subContentId":"1699071d-5f82-490a-98bb-29d908884626","metadata":{"contentType":"Text","license":"U","title":"Untitled Text"}},"alwaysDisplayComments":false,"backgroundOpacity":0,"willDoAnimation":false,"animationType":"glow","displayAsButton":false,"buttonSize":"big","goToSlideType":"specified","invisible":false,"solution":""},{"x":47.00006578947369,"y":44.0012898320944,"width":40,"height":40,"action":{"library":"H5P.CRAudio 1.4","params":{"fitToWrapper":true,"currIndex":4,"playerMode":"minimalistic","controls":true,"autoplay":true,"playAudio":"Play audio","pauseAudio":"Pause audio","contentName":"Audio","glowColor":"#ffd85a","timeStampForEachText":[{"text":" Sooma ","startDuration":"0.0000","endDuration":"0.4936","wordfile":[{"path":"audios\/wordfile-6707bd090fd07.wav","mime":"audio\/x-wav","copyright":{"license":"U"}}]},{"text":" duulayoo! ","startDuration":"0.4946","endDuration":"1.3524","wordfile":[{"path":"audios\/wordfile-6707bd1b8efe2.wav","mime":"audio\/x-wav","copyright":{"license":"U"}}]},{"text":" maya! ","startDuration":"1.3524","endDuration":"2.2716","wordfile":[{"path":"audios\/wordfile-6707bd4fe6606.wav","mime":"audio\/x-wav","copyright":{"license":"U"}}]},{"text":" waad ","startDuration":"2.2716","endDuration":"2.7172","wordfile":[{"path":"audios\/wordfile-6707bd5e567fc.wav","mime":"audio\/x-wav","copyright":{"license":"U"}}]},{"text":" soo ","startDuration":"2.6821","endDuration":"2.8997","wordfile":[{"path":"audios\/wordfile-6707bd7008ffc.wav","mime":"audio\/x-wav","copyright":{"license":"U"}}]},{"text":" dhaceysa! ","startDuration":"2.8997","endDuration":"3.6260","wordfile":[{"path":"audios\/wordfile-6707bdb4c70e3.wav","mime":"audio\/x-wav","copyright":{"license":"U"}}]},{"text":" Ayuu ","startDuration":"3.6260","endDuration":"3.9576","wordfile":[{"path":"audios\/wordfile-6707bdc57a6ac.wav","mime":"audio\/x-wav","copyright":{"license":"U"}}]},{"text":" yidhi ","startDuration":"3.9576","endDuration":"4.2540","wordfile":[{"path":"audios\/wordfile-6707bdd766b0d.wav","mime":"audio\/x-wav","copyright":{"license":"U"}}]},{"text":" duqsigu ","startDuration":"4.2540","endDuration":"4.9732","wordfile":[{"path":"audios\/wordfile-6707bdf21c5e3.wav","mime":"audio\/x-wav","copyright":{"license":"U"}}]}],"files":[{"path":"audios\/files-67070edc26a75.wav","mime":"audio\/x-wav","copyright":{"license":"U"}}]},"subContentId":"f85c7227-b719-4e2a-8829-0d82e9bb744c","metadata":{"contentType":"Curious Reader Audio","license":"U","title":"Untitled Curious Reader Audio"}},"backgroundOpacity":0,"willDoAnimation":false,"animationType":"glow","displayAsButton":false,"buttonSize":"big","goToSlideType":"specified","invisible":false},{"x":3.286052631578947,"y":22.732494671726364,"width":24.008059210526316,"height":50.68032957321829,"action":{"library":"H5P.Image 1.1","params":{"contentName":"Image"},"subContentId":"15fceb58-ac92-45c2-8df7-9ca2eb3b34f4","metadata":{"contentType":"Image","license":"U","title":"Untitled Image"}},"backgroundOpacity":0,"willDoAnimation":true,"animationType":"glow","displayAsButton":false,"buttonSize":"big","goToSlideType":"specified","invisible":false,"id":"imgf85c7227-b719-4e2a-8829-0d82e9bb744c_8"}]},{"slideBackgroundSelector":{},"elements":[{"x":0,"y":0,"width":100,"height":100.05723704312575,"action":{"library":"H5P.Image 1.1","params":{"contentName":"Image","file":{"path":"images\/file-671201211fcfe.gif","mime":"image\/gif","copyright":{"license":"U"},"width":1920,"height":1080}},"subContentId":"99370c91-0747-433e-84f0-1e1c899c0747","metadata":{"contentType":"Image","license":"U","title":"Untitled Image"}},"backgroundOpacity":0,"willDoAnimation":false,"animationType":"glow","displayAsButton":false,"buttonSize":"big","goToSlideType":"specified","invisible":false},{"x":23.965141612200437,"y":77.46366738822638,"width":57.5641447368421,"height":19.48692623589957,"action":{"library":"H5P.CRAdvancedText 1.1","params":{"text":"<p><span style=\"font-size:1.5em;color:hsl(0, 0%, 100%);\"><strong>Sooma duulayoo! maya! waad soo dhaceysa! Ayeey tidhi qorratadu.<\/strong><\/span><\/p>"},"subContentId":"9604ec7c-1e64-4e05-aa63-b1576e115ac3","metadata":{"contentType":"Text","license":"U","title":"Untitled Text"}},"alwaysDisplayComments":false,"backgroundOpacity":0,"willDoAnimation":false,"animationType":"glow","displayAsButton":false,"buttonSize":"big","goToSlideType":"specified","invisible":false,"solution":""},{"x":47.00006578947369,"y":44.0012898320944,"width":40,"height":40,"action":{"library":"H5P.CRAudio 1.4","params":{"fitToWrapper":true,"currIndex":5,"playerMode":"minimalistic","controls":true,"autoplay":true,"playAudio":"Play audio","pauseAudio":"Pause audio","contentName":"Audio","glowColor":"#ffd85a","timeStampForEachText":[{"text":" Sooma ","startDuration":"0.0000","endDuration":"0.5517","wordfile":[{"path":"audios\/wordfile-6707c267949a7.wav","mime":"audio\/x-wav","copyright":{"license":"U"}}]},{"text":" duulayoo! ","startDuration":"0.5527","endDuration":"1.3628","wordfile":[{"path":"audios\/wordfile-6707c28c42471.wav","mime":"audio\/x-wav","copyright":{"license":"U"}}]},{"text":" maya! ","startDuration":"1.3638","endDuration":"2.0780","wordfile":[{"path":"audios\/wordfile-6707c2a443169.wav","mime":"audio\/x-wav","copyright":{"license":"U"}}]},{"text":" waad ","startDuration":"2.0790","endDuration":"2.2790","wordfile":[{"path":"audios\/wordfile-6707c2ba01352.wav","mime":"audio\/x-wav","copyright":{"license":"U"}}]},{"text":" soo ","startDuration":"2.2800","endDuration":"2.6282","wordfile":[{"path":"audios\/wordfile-6707c2ca68d67.wav","mime":"audio\/x-wav","copyright":{"license":"U"}}]},{"text":" dhaceysa! ","startDuration":"2.6292","endDuration":"3.4393","wordfile":[{"path":"audios\/wordfile-6707c2e4c4868.wav","mime":"audio\/x-wav","copyright":{"license":"U"}}]},{"text":" Ayeey ","startDuration":"3.4403","endDuration":"3.8146","wordfile":[{"path":"audios\/wordfile-6707c303563ae.wav","mime":"audio\/x-wav","copyright":{"license":"U"}}]},{"text":" tidhi ","startDuration":"3.8156","endDuration":"4.0853","wordfile":[{"path":"audios\/wordfile-6707c3213bae2.wav","mime":"audio\/x-wav","copyright":{"license":"U"}}]},{"text":" qorratadu. ","startDuration":"4.0863","endDuration":"4.9420","wordfile":[{"path":"audios\/wordfile-6707c33f88642.wav","mime":"audio\/x-wav","copyright":{"license":"U"}}]}],"files":[{"path":"audios\/files-67070eeabd33d.wav","mime":"audio\/x-wav","copyright":{"license":"U"}}]},"subContentId":"a3826db8-a6fc-4c11-b14a-55bae89d2637","metadata":{"contentType":"Curious Reader Audio","license":"U","title":"Untitled Curious Reader Audio"}},"backgroundOpacity":0,"willDoAnimation":false,"animationType":"glow","displayAsButton":false,"buttonSize":"big","goToSlideType":"specified","invisible":false},{"x":1.0893246187363834,"y":36.58006515555135,"width":17.43256578947368,"height":46.486913240110205,"action":{"library":"H5P.Image 1.1","params":{"contentName":"Image"},"subContentId":"645f6e88-c7ca-4b43-966a-ae7c098683b9","metadata":{"contentType":"Image","license":"U","title":"Untitled Image"}},"backgroundOpacity":0,"willDoAnimation":true,"animationType":"glow","displayAsButton":false,"buttonSize":"big","goToSlideType":"specified","invisible":false,"id":"imga3826db8-a6fc-4c11-b14a-55bae89d2637_8"}]},{"slideBackgroundSelector":{},"elements":[{"x":3.289473684210526,"y":3.248947341061496,"width":94.28571428571429,"height":93.30985915492958,"action":{"library":"H5P.Image 1.1","params":{"contentName":"Image","file":{"path":"images\/file-6712017db2622.gif","mime":"image\/gif","copyright":{"license":"U"},"width":1920,"height":1080}},"subContentId":"8a8f3cfc-0a05-4265-9953-2827af2ed4d1","metadata":{"contentType":"Image","license":"U","title":"Untitled Image"}},"backgroundOpacity":0,"willDoAnimation":false,"animationType":"glow","displayAsButton":false,"buttonSize":"big","goToSlideType":"specified","invisible":false},{"x":29.605263157894736,"y":77.9747361854759,"width":52.629934210526315,"height":19.490305141134275,"action":{"library":"H5P.CRAdvancedText 1.1","params":{"text":"<p><span style=\"font-size:1.5em;color:hsl(0, 0%, 100%);\"><strong>Sooma duulayoo! maya! waad soo dhaceysa! Ayuu yidhi masku.<\/strong><\/span><\/p>"},"subContentId":"e78ab8db-a05e-4d20-b4da-998801741f38","metadata":{"contentType":"Text","license":"U","title":"Untitled Text"}},"alwaysDisplayComments":false,"backgroundOpacity":0,"willDoAnimation":false,"animationType":"glow","displayAsButton":false,"buttonSize":"big","goToSlideType":"specified","invisible":false,"solution":""},{"x":47.00006578947369,"y":44.0012898320944,"width":40,"height":40,"action":{"library":"H5P.CRAudio 1.4","params":{"fitToWrapper":true,"currIndex":6,"playerMode":"minimalistic","controls":true,"autoplay":true,"playAudio":"Play audio","pauseAudio":"Pause audio","contentName":"Audio","glowColor":"#ffd85a","timeStampForEachText":[{"text":" Sooma ","startDuration":"0.0000","endDuration":"0.5610","wordfile":[{"path":"audios\/wordfile-6707c3f02a867.wav","mime":"audio\/x-wav","copyright":{"license":"U"}}]},{"text":" duulayoo! ","startDuration":"0.5620","endDuration":"1.3695","wordfile":[{"path":"audios\/wordfile-6707c40b3955e.wav","mime":"audio\/x-wav","copyright":{"license":"U"}}]},{"text":" maya! ","startDuration":"1.3705","endDuration":"2.0449","wordfile":[{"path":"audios\/wordfile-6707c426af339.wav","mime":"audio\/x-wav","copyright":{"license":"U"}}]},{"text":" waad ","startDuration":"2.0459","endDuration":"2.2459","wordfile":[{"path":"audios\/wordfile-6707c439787c3.wav","mime":"audio\/x-wav","copyright":{"license":"U"}}]},{"text":" soo ","startDuration":"2.2459","endDuration":"2.6040","wordfile":[{"path":"audios\/wordfile-6707c462c912f.wav","mime":"audio\/x-wav","copyright":{"license":"U"}}]},{"text":" dhaceysa! ","startDuration":"2.6050","endDuration":"3.4209","wordfile":[{"path":"audios\/wordfile-6707c47e3770a.wav","mime":"audio\/x-wav","copyright":{"license":"U"}}]},{"text":" Ayuu ","startDuration":"3.4219","endDuration":"3.7467","wordfile":[{"path":"audios\/wordfile-6707c490afc54.wav","mime":"audio\/x-wav","copyright":{"license":"U"}}]},{"text":" yidhi ","startDuration":"3.7477","endDuration":"4.0642","wordfile":[{"path":"audios\/wordfile-6707c4b915f70.wav","mime":"audio\/x-wav","copyright":{"license":"U"}}]},{"text":" masku. ","startDuration":"4.0652","endDuration":"4.7188","wordfile":[{"path":"audios\/wordfile-6707c4d3d2a80.wav","mime":"audio\/x-wav","copyright":{"license":"U"}}]}],"files":[{"path":"audios\/files-67070efee9fd0.wav","mime":"audio\/x-wav","copyright":{"license":"U"}}]},"subContentId":"23d461e0-f9be-47f7-847c-36a986d5b025","metadata":{"contentType":"Curious Reader Audio","license":"U","title":"Untitled Curious Reader Audio"}},"backgroundOpacity":0,"willDoAnimation":false,"animationType":"glow","displayAsButton":false,"buttonSize":"big","goToSlideType":"specified","invisible":false},{"x":4.934210526315789,"y":25.98144201278786,"width":19.077302631578945,"height":63.67611893746427,"action":{"library":"H5P.Image 1.1","params":{"contentName":"Image"},"subContentId":"d6e61f3f-20e4-45a3-a759-33595a4d7789","metadata":{"contentType":"Image","license":"U","title":"Untitled Image"}},"backgroundOpacity":0,"willDoAnimation":true,"animationType":"glow","displayAsButton":false,"buttonSize":"big","goToSlideType":"specified","invisible":false,"id":"img23d461e0-f9be-47f7-847c-36a986d5b025_8"}]},{"slideBackgroundSelector":{},"elements":[{"x":3.289473684210526,"y":6.497894682122992,"width":94.40789473684211,"height":89.6103896103896,"action":{"library":"H5P.Image 1.1","params":{"contentName":"Image","file":{"path":"images\/file-671201c13a4ae.png","mime":"image\/png","copyright":{"license":"U"},"width":1278,"height":720}},"subContentId":"e26e50b2-f9eb-4e5a-beaa-df0796c74472","metadata":{"contentType":"Image","license":"U","title":"Untitled Image"}},"backgroundOpacity":0,"willDoAnimation":false,"animationType":"glow","displayAsButton":false,"buttonSize":"big","goToSlideType":"specified","invisible":false},{"x":11.513157894736842,"y":81.22368352653741,"width":85.52467105263158,"height":16.24135780007278,"action":{"library":"H5P.CRAdvancedText 1.1","params":{"text":"<p><span style=\"font-size:1.5em;color:#ffffff;\">Alla aniga! Ma duulayoo miyaa. miyaan soo dhacaya!<\/span><\/p>"},"subContentId":"d793c0c9-d29e-47b0-b8c9-b877e08fc547","metadata":{"contentType":"Text","license":"U","title":"Untitled Text"}},"alwaysDisplayComments":false,"backgroundOpacity":0,"willDoAnimation":false,"animationType":"glow","displayAsButton":false,"buttonSize":"big","goToSlideType":"specified","invisible":false,"solution":""},{"x":47.00006578947369,"y":44.0012898320944,"width":40,"height":40,"action":{"library":"H5P.CRAudio 1.4","params":{"fitToWrapper":true,"currIndex":7,"playerMode":"minimalistic","controls":true,"autoplay":true,"playAudio":"Play audio","pauseAudio":"Pause audio","contentName":"Audio","glowColor":"#ffd85a","timeStampForEachText":[{"text":" Alla ","startDuration":"0.0000","endDuration":"0.3714","wordfile":[{"path":"audios\/wordfile-6707c5702f59e.wav","mime":"audio\/x-wav","copyright":{"license":"U"}}]},{"text":" aniga! ","startDuration":"0.3724","endDuration":"0.9978","wordfile":[{"path":"audios\/wordfile-6707c57e030d2.wav","mime":"audio\/x-wav","copyright":{"license":"U"}}]},{"text":" Ma ","startDuration":"0.9494","endDuration":"1.2665","wordfile":[{"path":"audios\/wordfile-6707c59b4b8f7.wav","mime":"audio\/x-wav","copyright":{"license":"U"}}]},{"text":" duulayoo ","startDuration":"1.2675","endDuration":"1.8436","wordfile":[{"path":"audios\/wordfile-6707c5cf38072.wav","mime":"audio\/x-wav","copyright":{"license":"U"}}]},{"text":" miyaa. ","startDuration":"1.8446","endDuration":"2.1987","wordfile":[{"path":"audios\/wordfile-6707c5e70a524.wav","mime":"audio\/x-wav","copyright":{"license":"U"}}]},{"text":" miyaan ","startDuration":"2.1997","endDuration":"2.5970","wordfile":[{"path":"audios\/wordfile-6707c60eb950f.wav","mime":"audio\/x-wav","copyright":{"license":"U"}}]},{"text":" soo ","startDuration":"2.5980","endDuration":"2.7980","wordfile":[{"path":"audios\/wordfile-6707c626c1eb3.wav","mime":"audio\/x-wav","copyright":{"license":"U"}}]},{"text":" dhacaya! ","startDuration":"2.7990","endDuration":"3.4943","wordfile":[{"path":"audios\/wordfile-6707c642106ac.wav","mime":"audio\/x-wav","copyright":{"license":"U"}}]}],"files":[{"path":"audios\/files-67070f167368e.wav","mime":"audio\/x-wav","copyright":{"license":"U"}}]},"subContentId":"c2cc330e-0dd0-4dd6-974a-82beeaf01532","metadata":{"contentType":"Curious Reader Audio","license":"U","title":"Untitled Curious Reader Audio"}},"backgroundOpacity":0,"willDoAnimation":false,"animationType":"glow","displayAsButton":false,"buttonSize":"big","goToSlideType":"specified","invisible":false}]},{"slideBackgroundSelector":{},"elements":[{"x":3.289473684210526,"y":6.497894682122992,"width":94.40789473684211,"height":89.6103896103896,"action":{"library":"H5P.Image 1.1","params":{"contentName":"Image","file":{"path":"images\/file-671201e551cf0.png","mime":"image\/png","copyright":{"license":"U"},"width":1278,"height":720}},"subContentId":"e26e50b2-f9eb-4e5a-beaa-df0796c74472","metadata":{"contentType":"Image","license":"U","title":"Untitled Image"}},"backgroundOpacity":0,"willDoAnimation":false,"animationType":"glow","displayAsButton":false,"buttonSize":"big","goToSlideType":"specified","invisible":false},{"x":32.89473684210526,"y":84.47263086759891,"width":39.99967105263158,"height":12.992410459011282,"action":{"library":"H5P.CRAdvancedText 1.1","params":{"text":"<p><span style=\"font-size:1.5em;color:hsl(0,0%,100%);\"><strong>Hooyo, bal ii caawiya!!!<\/strong><\/span><\/p>"},"subContentId":"0a37df8f-05e4-4fb8-bf37-392245f594b0","metadata":{"contentType":"Text","license":"U","title":"Untitled Text"}},"alwaysDisplayComments":false,"backgroundOpacity":0,"willDoAnimation":false,"animationType":"glow","displayAsButton":false,"buttonSize":"big","goToSlideType":"specified","invisible":false,"solution":""},{"x":47.00006578947369,"y":44.0012898320944,"width":40,"height":40,"action":{"library":"H5P.CRAudio 1.4","params":{"fitToWrapper":true,"currIndex":8,"playerMode":"minimalistic","controls":true,"autoplay":true,"playAudio":"Play audio","pauseAudio":"Pause audio","contentName":"Audio","glowColor":"#ffd85a","timeStampForEachText":[{"text":" Hooyo, ","startDuration":"0.0000","endDuration":"0.7219","wordfile":[{"path":"audios\/wordfile-6707c693603d3.wav","mime":"audio\/x-wav","copyright":{"license":"U"}}]},{"text":" bal ","startDuration":"0.7229","endDuration":"0.9229","wordfile":[{"path":"audios\/wordfile-6707c6a329931.wav","mime":"audio\/x-wav","copyright":{"license":"U"}}]},{"text":" ii ","startDuration":"0.9239","endDuration":"1.0699","wordfile":[{"path":"audios\/wordfile-6707c6b524d67.wav","mime":"audio\/x-wav","copyright":{"license":"U"}}]},{"text":" caawiya!!! ","startDuration":"1.0709","endDuration":"1.7009","wordfile":[{"path":"audios\/wordfile-6707c6c808c6a.wav","mime":"audio\/x-wav","copyright":{"license":"U"}}]}],"files":[{"path":"audios\/files-67070f2bb048b.wav","mime":"audio\/x-wav","copyright":{"license":"U"}}]},"subContentId":"45c6888e-f4fa-428b-9325-587aa3671659","metadata":{"contentType":"Curious Reader Audio","license":"U","title":"Untitled Curious Reader Audio"}},"backgroundOpacity":0,"willDoAnimation":false,"animationType":"glow","displayAsButton":false,"buttonSize":"big","goToSlideType":"specified","invisible":false}]},{"slideBackgroundSelector":{},"elements":[{"x":3.289473684210526,"y":3.248947341061496,"width":92.10526315789473,"height":89.5910780669145,"action":{"library":"H5P.Image 1.1","params":{"contentName":"Image","file":{"path":"images\/file-671202c3a34a8.jpg","mime":"image\/jpeg","copyright":{"license":"U"},"width":1280,"height":720}},"subContentId":"e996b9c2-29c1-43ac-8761-076a1b80d4dc","metadata":{"contentType":"Image","license":"U","title":"Untitled Image"}},"backgroundOpacity":0,"willDoAnimation":false,"animationType":"glow","displayAsButton":false,"buttonSize":"big","goToSlideType":"specified","invisible":false},{"x":21.38157894736842,"y":81.22368352653741,"width":64.14309210526316,"height":12.992410459011282,"action":{"library":"H5P.CRAdvancedText 1.1","params":{"text":"<p><span style=\"font-size:1.5em;color:hsl(0,0%,100%);\"><strong>&nbsp;Ha cabsoon! waan ku tababari doona.<\/strong><\/span><\/p>"},"subContentId":"a8c02109-0733-4f39-8cff-f29ac6f4f99b","metadata":{"contentType":"Text","license":"U","title":"Untitled Text"}},"alwaysDisplayComments":false,"backgroundOpacity":0,"willDoAnimation":false,"animationType":"glow","displayAsButton":false,"buttonSize":"big","goToSlideType":"specified","invisible":false,"solution":""},{"x":47.00006578947369,"y":44.0012898320944,"width":40,"height":40,"action":{"library":"H5P.CRAudio 1.4","params":{"fitToWrapper":true,"currIndex":9,"playerMode":"minimalistic","controls":true,"autoplay":true,"playAudio":"Play audio","pauseAudio":"Pause audio","contentName":"Audio","glowColor":"#ffd85a","timeStampForEachText":[{"text":" \u00a0Ha ","startDuration":"0.0000","endDuration":"0.2504","wordfile":[{"path":"audios\/wordfile-6707c6e7ddcda.wav","mime":"audio\/x-wav","copyright":{"license":"U"}}]},{"text":" cabsoon! ","startDuration":"0.2514","endDuration":"0.7117","wordfile":[{"path":"audios\/wordfile-6707c6f902b1d.wav","mime":"audio\/x-wav","copyright":{"license":"U"}}]},{"text":" waan ","startDuration":"0.7127","endDuration":"1.0749","wordfile":[{"path":"audios\/wordfile-6707c72b9edf1.wav","mime":"audio\/x-wav","copyright":{"license":"U"}}]},{"text":" ku ","startDuration":"1.0759","endDuration":"1.2759","wordfile":[{"path":"audios\/wordfile-6707c73ddf038.wav","mime":"audio\/x-wav","copyright":{"license":"U"}}]},{"text":" tababari ","startDuration":"1.2769","endDuration":"1.8183","wordfile":[{"path":"audios\/wordfile-6707c75d3ffe9.wav","mime":"audio\/x-wav","copyright":{"license":"U"}}]},{"text":" doona. ","startDuration":"1.8193","endDuration":"2.4196","wordfile":[{"path":"audios\/wordfile-6707c774d8481.wav","mime":"audio\/x-wav","copyright":{"license":"U"}}]}],"files":[{"path":"audios\/files-67070fba36432.wav","mime":"audio\/x-wav","copyright":{"license":"U"}}]},"subContentId":"e432f116-10c7-4a9f-8105-7498dfd1ce42","metadata":{"contentType":"Curious Reader Audio","license":"U","title":"Untitled Curious Reader Audio"}},"backgroundOpacity":0,"willDoAnimation":false,"animationType":"glow","displayAsButton":false,"buttonSize":"big","goToSlideType":"specified","invisible":false}]},{"slideBackgroundSelector":{},"elements":[{"x":3.289473684210526,"y":3.248947341061496,"width":92.10526315789473,"height":89.5910780669145,"action":{"library":"H5P.Image 1.1","params":{"contentName":"Image","file":{"path":"images\/file-671203121f106.gif","mime":"image\/gif","copyright":{"license":"U"},"width":1280,"height":720}},"subContentId":"e996b9c2-29c1-43ac-8761-076a1b80d4dc","metadata":{"contentType":"Image","license":"U","title":"Untitled Image"}},"backgroundOpacity":0,"willDoAnimation":false,"animationType":"glow","displayAsButton":false,"buttonSize":"big","goToSlideType":"specified","invisible":false},{"x":19.736842105263158,"y":77.9747361854759,"width":69.07730263157895,"height":16.237978894838072,"action":{"library":"H5P.CRAdvancedText 1.1","params":{"text":"<p><span style=\"font-size:1.5em;color:hsl(0, 0%, 100%);\"><strong>Dhaq dhaqaaji Baalashaada, sidan oo kale.<\/strong><\/span><\/p>"},"subContentId":"3f6d6ebb-326d-4de2-b955-b465589d5534","metadata":{"contentType":"Text","license":"U","title":"Untitled Text"}},"alwaysDisplayComments":false,"backgroundOpacity":0,"willDoAnimation":false,"animationType":"glow","displayAsButton":false,"buttonSize":"big","goToSlideType":"specified","invisible":false,"solution":""},{"x":47.00006578947369,"y":44.0012898320944,"width":40,"height":40,"action":{"library":"H5P.CRAudio 1.4","params":{"fitToWrapper":true,"currIndex":10,"playerMode":"minimalistic","controls":true,"autoplay":true,"playAudio":"Play audio","pauseAudio":"Pause audio","contentName":"Audio","glowColor":"#ffd85a","timeStampForEachText":[{"text":" Dhaq ","startDuration":"0.0000","endDuration":"0.2137","wordfile":[{"path":"audios\/wordfile-6707cc373bbb6.wav","mime":"audio\/x-wav","copyright":{"license":"U"}}]},{"text":" dhaqaaji ","startDuration":"0.2147","endDuration":"0.8354","wordfile":[{"path":"audios\/wordfile-6707cc6ecf08e.wav","mime":"audio\/x-wav","copyright":{"license":"U"}}]},{"text":" Baalashaada, ","startDuration":"0.8364","endDuration":"1.9165","wordfile":[{"path":"audios\/wordfile-6707cc8293cc8.wav","mime":"audio\/x-wav","copyright":{"license":"U"}}]},{"text":" sidan ","startDuration":"1.9286","endDuration":"2.3887","wordfile":[{"path":"audios\/wordfile-6707cca21610a.wav","mime":"audio\/x-wav","copyright":{"license":"U"}}]},{"text":" oo ","startDuration":"2.3897","endDuration":"2.6727","wordfile":[{"path":"audios\/wordfile-6707ccb86d3f1.wav","mime":"audio\/x-wav","copyright":{"license":"U"}}]},{"text":" kale. ","startDuration":"2.6737","endDuration":"3.1384","wordfile":[{"path":"audios\/wordfile-6707ccd37cde4.wav","mime":"audio\/x-wav","copyright":{"license":"U"}}]}],"files":[{"path":"audios\/files-67070fcb8f970.wav","mime":"audio\/x-wav","copyright":{"license":"U"}}]},"subContentId":"231668d8-8e1d-4ad7-a988-250136c9d500","metadata":{"contentType":"Curious Reader Audio","license":"U","title":"Untitled Curious Reader Audio"}},"backgroundOpacity":0,"willDoAnimation":false,"animationType":"glow","displayAsButton":false,"buttonSize":"big","goToSlideType":"specified","invisible":false},{"x":26.31578947368421,"y":16.241357800072777,"width":27.300986842105264,"height":24.671693871185738,"action":{"library":"H5P.Image 1.1","params":{"contentName":"Image"},"subContentId":"809049b3-62ec-439a-bd7d-2d633cfb102b","metadata":{"contentType":"Image","license":"U","title":"Untitled Image"}},"backgroundOpacity":0,"willDoAnimation":true,"animationType":"glow","displayAsButton":false,"buttonSize":"big","goToSlideType":"specified","invisible":false,"id":"img231668d8-8e1d-4ad7-a988-250136c9d500_2"},{"x":70.72368421052632,"y":16.24473670530748,"width":24.011513157894736,"height":18.190726204709676,"action":{"library":"H5P.Image 1.1","params":{"contentName":"Image"},"subContentId":"11c0b247-cb6e-4f49-ad5e-9f680708fb5a","metadata":{"contentType":"Image","license":"U","title":"Untitled Image"}},"backgroundOpacity":0,"willDoAnimation":true,"animationType":"glow","displayAsButton":false,"buttonSize":"big","goToSlideType":"specified","invisible":false,"id":"img231668d8-8e1d-4ad7-a988-250136c9d500_2"}]},{"slideBackgroundSelector":{},"elements":[{"x":3.289473684210526,"y":3.248947341061496,"width":92.10526315789473,"height":89.5910780669145,"action":{"library":"H5P.Image 1.1","params":{"contentName":"Image","file":{"path":"images\/file-671203681db79.png","mime":"image\/png","copyright":{"license":"U"},"width":1168,"height":656}},"subContentId":"e996b9c2-29c1-43ac-8761-076a1b80d4dc","metadata":{"contentType":"Image","license":"U","title":"Untitled Image"}},"backgroundOpacity":0,"willDoAnimation":false,"animationType":"glow","displayAsButton":false,"buttonSize":"big","goToSlideType":"specified","invisible":false},{"x":34.53947368421053,"y":81.22368352653741,"width":39.99967105263158,"height":9.743463117949785,"action":{"library":"H5P.CRAdvancedText 1.1","params":{"text":"<p><span style=\"font-size:1.5em;color:hsl(0, 0%, 100%);\"><strong>Dhakhso, sidan oo kale.<\/strong><\/span><\/p>"},"subContentId":"b5e38911-2e30-416c-bf09-f4616925f883","metadata":{"contentType":"Text","license":"U","title":"Untitled Text"}},"alwaysDisplayComments":false,"backgroundOpacity":0,"willDoAnimation":false,"animationType":"glow","displayAsButton":false,"buttonSize":"big","goToSlideType":"specified","invisible":false,"solution":""},{"x":47.00006578947369,"y":44.0012898320944,"width":40,"height":40,"action":{"library":"H5P.CRAudio 1.4","params":{"fitToWrapper":true,"currIndex":11,"playerMode":"minimalistic","controls":true,"autoplay":true,"playAudio":"Play audio","pauseAudio":"Pause audio","contentName":"Audio","glowColor":"#ffd85a","timeStampForEachText":[{"text":" Dhakhso, ","startDuration":"0.0000","endDuration":"0.7001","wordfile":[{"path":"audios\/wordfile-6707cd70273cc.wav","mime":"audio\/x-wav","copyright":{"license":"U"}}]},{"text":" sidan ","startDuration":"0.7011","endDuration":"1.1662","wordfile":[{"path":"audios\/wordfile-6707cd9426b5e.wav","mime":"audio\/x-wav","copyright":{"license":"U"}}]},{"text":" oo ","startDuration":"1.1672","endDuration":"1.4718","wordfile":[{"path":"audios\/wordfile-6707cdae65260.wav","mime":"audio\/x-wav","copyright":{"license":"U"}}]},{"text":" kale. ","startDuration":"1.4623","endDuration":"1.9777","wordfile":[{"path":"audios\/wordfile-6707cdd1b2305.wav","mime":"audio\/x-wav","copyright":{"license":"U"}}]}],"files":[{"path":"audios\/files-67070fd93848a.wav","mime":"audio\/x-wav","copyright":{"license":"U"}}]},"subContentId":"ecab4c6d-9f15-4f0d-80fa-ccf88cc8d2f7","metadata":{"contentType":"Curious Reader Audio","license":"U","title":"Untitled Curious Reader Audio"}},"backgroundOpacity":0,"willDoAnimation":false,"animationType":"glow","displayAsButton":false,"buttonSize":"big","goToSlideType":"specified","invisible":false}]},{"slideBackgroundSelector":{},"elements":[{"x":3.289473684210526,"y":3.248947341061496,"width":92.10526315789473,"height":89.5910780669145,"action":{"library":"H5P.Image 1.1","params":{"contentName":"Image","file":{"path":"images\/file-671203a15300b.png","mime":"image\/png","copyright":{"license":"U"},"width":1165,"height":659}},"subContentId":"e996b9c2-29c1-43ac-8761-076a1b80d4dc","metadata":{"contentType":"Image","license":"U","title":"Untitled Image"}},"backgroundOpacity":0,"willDoAnimation":false,"animationType":"glow","displayAsButton":false,"buttonSize":"big","goToSlideType":"specified","invisible":false},{"x":23.026315789473685,"y":77.96109060664345,"width":62.4983552631579,"height":12.985652648541874,"action":{"library":"H5P.CRAdvancedText 1.1","params":{"text":"<p><span style=\"font-size:1.5em;color:hsl(0,0%,100%);\"><strong>Si uga dhakhso badan, sidan oo kale.<\/strong><\/span><\/p>"},"subContentId":"d6ab4b79-ae4d-415b-b892-1c3ede295065","metadata":{"contentType":"Text","license":"U","title":"Untitled Text"}},"alwaysDisplayComments":false,"backgroundOpacity":0,"willDoAnimation":false,"animationType":"glow","displayAsButton":false,"buttonSize":"big","goToSlideType":"specified","invisible":false,"solution":""},{"x":47.00006578947369,"y":44.0012898320944,"width":40,"height":40,"action":{"library":"H5P.CRAudio 1.4","params":{"fitToWrapper":true,"currIndex":12,"playerMode":"minimalistic","controls":true,"autoplay":true,"playAudio":"Play audio","pauseAudio":"Pause audio","contentName":"Audio","glowColor":"#ffd85a","timeStampForEachText":[{"text":" Si ","startDuration":"0.0000","endDuration":"0.4419","wordfile":[{"path":"audios\/wordfile-6707cdf57d076.wav","mime":"audio\/x-wav","copyright":{"license":"U"}}]},{"text":" uga ","startDuration":"0.4429","endDuration":"0.7641","wordfile":[{"path":"audios\/wordfile-6707ce20777d1.wav","mime":"audio\/x-wav","copyright":{"license":"U"}}]},{"text":" dhakhso ","startDuration":"0.7651","endDuration":"1.1312","wordfile":[{"path":"audios\/wordfile-6707ce38629e7.wav","mime":"audio\/x-wav","copyright":{"license":"U"}}]},{"text":" badan, ","startDuration":"1.1322","endDuration":"1.4983","wordfile":[{"path":"audios\/wordfile-6707ce4fbc430.wav","mime":"audio\/x-wav","copyright":{"license":"U"}}]},{"text":" sidan ","startDuration":"1.4993","endDuration":"1.8474","wordfile":[{"path":"audios\/wordfile-6707ce69eb11a.wav","mime":"audio\/x-wav","copyright":{"license":"U"}}]},{"text":" oo ","startDuration":"1.8484","endDuration":"2.0484","wordfile":[{"path":"audios\/wordfile-6707ce8102403.wav","mime":"audio\/x-wav","copyright":{"license":"U"}}]},{"text":" kale. ","startDuration":"2.0494","endDuration":"2.5446","wordfile":[{"path":"audios\/wordfile-6707ce9830c84.wav","mime":"audio\/x-wav","copyright":{"license":"U"}}]}],"files":[{"path":"audios\/files-67070fe65615d.wav","mime":"audio\/x-wav","copyright":{"license":"U"}}]},"subContentId":"515bc16f-b795-475c-b144-404ebf2c8b62","metadata":{"contentType":"Curious Reader Audio","license":"U","title":"Untitled Curious Reader Audio"}},"backgroundOpacity":0,"willDoAnimation":false,"animationType":"glow","displayAsButton":false,"buttonSize":"big","goToSlideType":"specified","invisible":false}]},{"slideBackgroundSelector":{},"elements":[{"x":1.644736842105263,"y":6.038319770018974,"width":95.02868068833651,"height":93.9622641509434,"action":{"library":"H5P.Image 1.1","params":{"contentName":"Image","file":{"path":"images\/file-67120470dd22d.gif","mime":"image\/gif","copyright":{"license":"U"},"width":1920,"height":1080}},"subContentId":"62ac2716-d90a-46a7-ad5b-40ca3117bb41","metadata":{"contentType":"Image","license":"U","title":"Untitled Image"}},"backgroundOpacity":0,"willDoAnimation":false,"animationType":"glow","displayAsButton":false,"buttonSize":"big","goToSlideType":"specified","invisible":false},{"x":29.605263157894736,"y":80.53321900269832,"width":54.27467105263158,"height":19.46999922025264,"action":{"library":"H5P.CRAdvancedText 1.1","params":{"text":"<p><span style=\"font-size:1.5em;color:hsl(0, 0%, 100%);\"><strong>Miyaan duulaya! haa! waad dhuuleysa hadda! Ayuu ku yidhi masku.<\/strong><\/span><\/p>"},"subContentId":"5cd471d6-a670-4cb5-9197-d1f9ba4a2dd0","metadata":{"contentType":"Text","license":"U","title":"Untitled Text"}},"alwaysDisplayComments":false,"backgroundOpacity":0,"willDoAnimation":false,"animationType":"glow","displayAsButton":false,"buttonSize":"big","goToSlideType":"specified","invisible":false,"solution":""},{"x":47.00006578947369,"y":44.0012898320944,"width":40,"height":40,"action":{"library":"H5P.CRAudio 1.4","params":{"fitToWrapper":true,"currIndex":13,"playerMode":"minimalistic","controls":true,"autoplay":true,"playAudio":"Play audio","pauseAudio":"Pause audio","contentName":"Audio","glowColor":"#ffd85a","timeStampForEachText":[{"text":" Miyaan ","startDuration":"0.0000","endDuration":"0.4594","wordfile":[{"path":"audios\/wordfile-6707cee3c73de.wav","mime":"audio\/x-wav","copyright":{"license":"U"}}]},{"text":" duulaya! ","startDuration":"0.4604","endDuration":"1.4585","wordfile":[{"path":"audios\/wordfile-6707cf01da4ba.wav","mime":"audio\/x-wav","copyright":{"license":"U"}}]},{"text":" haa! ","startDuration":"1.4595","endDuration":"2.1617","wordfile":[{"path":"audios\/wordfile-6707cf188b902.wav","mime":"audio\/x-wav","copyright":{"license":"U"}}]},{"text":" waad ","startDuration":"2.1627","endDuration":"2.4883","wordfile":[{"path":"audios\/wordfile-6707cf311b789.wav","mime":"audio\/x-wav","copyright":{"license":"U"}}]},{"text":" dhuuleysa ","startDuration":"2.4893","endDuration":"3.1646","wordfile":[{"path":"audios\/wordfile-6707cf600d45d.wav","mime":"audio\/x-wav","copyright":{"license":"U"}}]},{"text":"","startDuration":"3.1656","endDuration":"3.6795","wordfile":[{"path":"audios\/wordfile-6707cf79d8ad6.wav","mime":"audio\/x-wav","copyright":{"license":"U"}}]},{"text":" Ayuu ","startDuration":"3.6805","endDuration":"4.1226","wordfile":[{"path":"audios\/wordfile-6707cf9ed6193.wav","mime":"audio\/x-wav","copyright":{"license":"U"}}]},{"text":" ku ","startDuration":"4.0967","endDuration":"4.2967","wordfile":[{"path":"audios\/wordfile-6707cfba92640.wav","mime":"audio\/x-wav","copyright":{"license":"U"}}]},{"text":" yidhi ","startDuration":"4.1476","endDuration":"4.4731","wordfile":[{"path":"audios\/wordfile-6707cfee3e7d3.wav","mime":"audio\/x-wav","copyright":{"license":"U"}}]},{"text":" masku. ","startDuration":"4.4741","endDuration":"5.0848","wordfile":[{"path":"audios\/wordfile-6707d009f22fd.wav","mime":"audio\/x-wav","copyright":{"license":"U"}}]}],"files":[{"path":"audios\/files-67070fff41301.wav","mime":"audio\/x-wav","copyright":{"license":"U"}}]},"subContentId":"26f0e179-5d72-4751-b943-904be080b0ca","metadata":{"contentType":"Curious Reader Audio","license":"U","title":"Untitled Curious Reader Audio"}},"backgroundOpacity":0,"willDoAnimation":false,"animationType":"glow","displayAsButton":false,"buttonSize":"big","goToSlideType":"specified","invisible":false},{"x":1.6395970394736843,"y":29.230389353849358,"width":22.366776315789476,"height":63.67611893746427,"action":{"library":"H5P.Image 1.1","params":{"contentName":"Image"},"subContentId":"c0b80957-8f3f-4fdb-8651-b7b3d4df14ec","metadata":{"contentType":"Image","license":"U","title":"Untitled Image"}},"backgroundOpacity":0,"willDoAnimation":true,"animationType":"glow","displayAsButton":false,"buttonSize":"big","goToSlideType":"specified","invisible":false,"id":"img26f0e179-5d72-4751-b943-904be080b0ca_9"}]},{"slideBackgroundSelector":{},"elements":[{"x":3.289473684210526,"y":6.497894682122992,"width":93.11663479923517,"height":90.18867924528303,"action":{"library":"H5P.Image 1.1","params":{"contentName":"Image","file":{"path":"images\/file-671204b62d7fe.gif","mime":"image\/gif","copyright":{"license":"U"},"width":1920,"height":1080}},"subContentId":"284ba883-a0a2-4717-b7e3-1aacaad76d7d","metadata":{"contentType":"Image","license":"U","title":"Untitled Image"}},"backgroundOpacity":0,"willDoAnimation":false,"animationType":"glow","displayAsButton":false,"buttonSize":"big","goToSlideType":"specified","invisible":false},{"x":31.25,"y":74.72578884441441,"width":65.78782894736842,"height":17.52738862608515,"action":{"library":"H5P.CRAdvancedText 1.1","params":{"text":"<p><span style=\"font-size:1.5em;color:hsl(0, 0%, 100%);\"><strong>Miyaan duulaya! haa! waad dhuuleysa hadda! Ayeey ku tidhi qorratadu.<\/strong><\/span><\/p>"},"subContentId":"90010f9b-412e-4356-9179-2f22ec500b34","metadata":{"contentType":"Text","license":"U","title":"Untitled Text"}},"alwaysDisplayComments":false,"backgroundOpacity":0,"willDoAnimation":false,"animationType":"glow","displayAsButton":false,"buttonSize":"big","goToSlideType":"specified","invisible":false,"solution":""},{"x":47.00006578947369,"y":44.0012898320944,"width":40,"height":40,"action":{"library":"H5P.CRAudio 1.4","params":{"fitToWrapper":true,"currIndex":14,"playerMode":"minimalistic","controls":true,"autoplay":true,"playAudio":"Play audio","pauseAudio":"Pause audio","contentName":"Audio","glowColor":"#ffd85a","timeStampForEachText":[{"text":" Miyaan ","startDuration":"0.0000","endDuration":"0.5059","wordfile":[{"path":"audios\/wordfile-6707d243d4307.wav","mime":"audio\/x-wav","copyright":{"license":"U"}}]},{"text":" duulaya! ","startDuration":"0.5069","endDuration":"1.4595","wordfile":[{"path":"audios\/wordfile-6707d2698f1a4.wav","mime":"audio\/x-wav","copyright":{"license":"U"}}]},{"text":" haa! ","startDuration":"1.4605","endDuration":"2.1178","wordfile":[{"path":"audios\/wordfile-6707d284f23ca.wav","mime":"audio\/x-wav","copyright":{"license":"U"}}]},{"text":" waad ","startDuration":"2.1188","endDuration":"2.4808","wordfile":[{"path":"audios\/wordfile-6707d29e27865.wav","mime":"audio\/x-wav","copyright":{"license":"U"}}]},{"text":" dhuuleysa ","startDuration":"2.4818","endDuration":"3.1105","wordfile":[{"path":"audios\/wordfile-6707d2cc70335.wav","mime":"audio\/x-wav","copyright":{"license":"U"}}]},{"text":" hadda! ","startDuration":"3.1115","endDuration":"3.6545","wordfile":[{"path":"audios\/wordfile-6707d2e67f6fa.wav","mime":"audio\/x-wav","copyright":{"license":"U"}}]},{"text":" Ayeey ","startDuration":"3.6555","endDuration":"4.2175","wordfile":[{"path":"audios\/wordfile-6707d306ab164.wav","mime":"audio\/x-wav","copyright":{"license":"U"}}]},{"text":" ku ","startDuration":"4.0089","endDuration":"4.2089","wordfile":[{"path":"audios\/wordfile-6707d329c0329.wav","mime":"audio\/x-wav","copyright":{"license":"U"}}]},{"text":" tidhi ","startDuration":"4.1813","endDuration":"4.5242","wordfile":[{"path":"audios\/wordfile-6707d359eb531.wav","mime":"audio\/x-wav","copyright":{"license":"U"}}]},{"text":" qorratadu. ","startDuration":"4.5252","endDuration":"5.4018","wordfile":[{"path":"audios\/wordfile-6707d37ebcc67.wav","mime":"audio\/x-wav","copyright":{"license":"U"}}]}],"files":[{"path":"audios\/files-6707101387f8e.wav","mime":"audio\/x-wav","copyright":{"license":"U"}}]},"subContentId":"3d89b9d0-2879-4f04-a2c0-33c095c781e6","metadata":{"contentType":"Curious Reader Audio","license":"U","title":"Untitled Curious Reader Audio"}},"backgroundOpacity":0,"willDoAnimation":false,"animationType":"glow","displayAsButton":false,"buttonSize":"big","goToSlideType":"specified","invisible":false},{"x":4.934210526315789,"y":48.734210115922444,"width":19.077302631578945,"height":39.99941518947861,"action":{"library":"H5P.Image 1.1","params":{"contentName":"Image"},"subContentId":"101b680d-35cf-4307-837e-d2fd8df4e3ed","metadata":{"contentType":"Image","license":"U","title":"Untitled Image"}},"backgroundOpacity":0,"willDoAnimation":true,"animationType":"glow","displayAsButton":false,"buttonSize":"big","goToSlideType":"specified","invisible":false,"id":"img3d89b9d0-2879-4f04-a2c0-33c095c781e6_9"}]},{"slideBackgroundSelector":{},"elements":[{"x":3.289473684210526,"y":6.497894682122992,"width":93.11663479923517,"height":86.79245283018868,"action":{"library":"H5P.Image 1.1","params":{"contentName":"Image","file":{"path":"images\/file-671204d0d111a.gif","mime":"image\/gif","copyright":{"license":"U"},"width":1920,"height":1080}},"subContentId":"92a6f5ba-1523-437a-896c-27e5b77d4edd","metadata":{"contentType":"Image","license":"U","title":"Untitled Image"}},"backgroundOpacity":0,"willDoAnimation":false,"animationType":"glow","displayAsButton":false,"buttonSize":"big","goToSlideType":"specified","invisible":false},{"x":27.960526315789476,"y":71.4700187139367,"width":60.85361842105263,"height":21.094472890783386,"action":{"library":"H5P.CRAdvancedText 1.1","params":{"text":"<p><span style=\"font-size:1.5em;color:hsl(0, 0%, 100%);\"><strong>Miyaan duulaya! haa! waad dhuuleysa hadda! Ayuu ku yidhi duqsigu.<\/strong><\/span><\/p>"},"subContentId":"62f7205e-2fee-4834-8065-ea5df84bf32f","metadata":{"contentType":"Text","license":"U","title":"Untitled Text"}},"alwaysDisplayComments":false,"backgroundOpacity":0,"willDoAnimation":false,"animationType":"glow","displayAsButton":false,"buttonSize":"big","goToSlideType":"specified","invisible":false,"solution":""},{"x":47.00006578947369,"y":44.0012898320944,"width":40,"height":40,"action":{"library":"H5P.CRAudio 1.4","params":{"fitToWrapper":true,"currIndex":15,"playerMode":"minimalistic","controls":true,"autoplay":true,"playAudio":"Play audio","pauseAudio":"Pause audio","contentName":"Audio","glowColor":"#ffd85a","timeStampForEachText":[{"text":" Miyaan ","startDuration":"0.0000","endDuration":"0.5850","wordfile":[{"path":"audios\/wordfile-6707d3e6a4711.wav","mime":"audio\/x-wav","copyright":{"license":"U"}}]},{"text":" duulaya! ","startDuration":"0.5860","endDuration":"1.5499","wordfile":[{"path":"audios\/wordfile-6707d40431240.wav","mime":"audio\/x-wav","copyright":{"license":"U"}}]},{"text":" haa! ","startDuration":"1.5509","endDuration":"2.4206","wordfile":[{"path":"audios\/wordfile-6707d41e770cb.wav","mime":"audio\/x-wav","copyright":{"license":"U"}}]},{"text":" waad ","startDuration":"2.4216","endDuration":"2.7576","wordfile":[{"path":"audios\/wordfile-6707d43946cc6.wav","mime":"audio\/x-wav","copyright":{"license":"U"}}]},{"text":" dhuuleysa ","startDuration":"2.7586","endDuration":"3.7120","wordfile":[{"path":"audios\/wordfile-6707d45913faa.wav","mime":"audio\/x-wav","copyright":{"license":"U"}}]},{"text":" hadda! ","startDuration":"3.7549","endDuration":"4.3316","wordfile":[{"path":"audios\/wordfile-6707d49084832.wav","mime":"audio\/x-wav","copyright":{"license":"U"}}]},{"text":" Ayuu ","startDuration":"4.3326","endDuration":"4.7209","wordfile":[{"path":"audios\/wordfile-6707d4bbefa81.wav","mime":"audio\/x-wav","copyright":{"license":"U"}}]},{"text":" ku ","startDuration":"4.7219","endDuration":"4.9219","wordfile":[{"path":"audios\/wordfile-6707d4dd0a762.wav","mime":"audio\/x-wav","copyright":{"license":"U"}}]},{"text":" yidhi ","startDuration":"4.9020","endDuration":"5.1961","wordfile":[{"path":"audios\/wordfile-6707d503407e6.wav","mime":"audio\/x-wav","copyright":{"license":"U"}}]},{"text":" duqsigu. ","startDuration":"5.1971","endDuration":"5.9330","wordfile":[{"path":"audios\/wordfile-6707d511a10c7.wav","mime":"audio\/x-wav","copyright":{"license":"U"}}]}],"files":[{"path":"audios\/files-670710254bfa2.wav","mime":"audio\/x-wav","copyright":{"license":"U"}}]},"subContentId":"c44ffc5e-7a51-413a-b762-092ca475091d","metadata":{"contentType":"Curious Reader Audio","license":"U","title":"Untitled Curious Reader Audio"}},"backgroundOpacity":0,"willDoAnimation":false,"animationType":"glow","displayAsButton":false,"buttonSize":"big","goToSlideType":"specified","invisible":false},{"x":6.578947368421052,"y":29.240526069553468,"width":22.366776315789476,"height":39.99941518947861,"action":{"library":"H5P.Image 1.1","params":{"contentName":"Image"},"subContentId":"6c369cdf-3ba4-4ad6-8f4b-a56fa0543f98","metadata":{"contentType":"Image","license":"U","title":"Untitled Image"}},"backgroundOpacity":0,"willDoAnimation":true,"animationType":"glow","displayAsButton":false,"buttonSize":"big","goToSlideType":"specified","invisible":false,"id":"imgc44ffc5e-7a51-413a-b762-092ca475091d_9"}]},{"slideBackgroundSelector":{},"elements":[{"x":3.289473684210526,"y":6.497894682122992,"width":93.11663479923517,"height":86.79245283018868,"action":{"library":"H5P.Image 1.1","params":{"contentName":"Image","file":{"path":"images\/file-671204e91cf73.gif","mime":"image\/gif","copyright":{"license":"U"},"width":1920,"height":1080}},"subContentId":"5f6819b0-118c-483b-9e14-ac63fae6097f","metadata":{"contentType":"Image","license":"U","title":"Untitled Image"}},"backgroundOpacity":0,"willDoAnimation":false,"animationType":"glow","displayAsButton":false,"buttonSize":"big","goToSlideType":"specified","invisible":false},{"x":19.736842105263158,"y":74.72578884441441,"width":59.20888157894737,"height":19.483547330664866,"action":{"library":"H5P.CRAdvancedText 1.1","params":{"text":"<p><span style=\"font-size:1.5em;color:hsl(0, 0%, 100%);\"><strong>Waad mahadsan tahay, hooyo! Hadda waan awooday in aan duulo.<\/strong><\/span><\/p>"},"subContentId":"02556fe5-2299-434e-908a-fe4be90382b5","metadata":{"contentType":"Text","license":"U","title":"Untitled Text"}},"alwaysDisplayComments":false,"backgroundOpacity":0,"willDoAnimation":false,"animationType":"glow","displayAsButton":false,"buttonSize":"big","goToSlideType":"specified","invisible":false,"solution":""},{"x":47.00006578947369,"y":44.0012898320944,"width":40,"height":40,"action":{"library":"H5P.CRAudio 1.4","params":{"fitToWrapper":true,"currIndex":16,"playerMode":"minimalistic","controls":true,"autoplay":true,"playAudio":"Play audio","pauseAudio":"Pause audio","contentName":"Audio","glowColor":"#ffd85a","timeStampForEachText":[{"text":" Waad ","startDuration":"0.0000","endDuration":"0.3314","wordfile":[{"path":"audios\/wordfile-6707d0ca12b11.wav","mime":"audio\/x-wav","copyright":{"license":"U"}}]},{"text":" mahadsan ","startDuration":"0.3324","endDuration":"0.9288","wordfile":[{"path":"audios\/wordfile-6707d0f92ccb3.wav","mime":"audio\/x-wav","copyright":{"license":"U"}}]},{"text":" tahay, ","startDuration":"0.9298","endDuration":"1.2784","wordfile":[{"path":"audios\/wordfile-6707d117a8b5d.wav","mime":"audio\/x-wav","copyright":{"license":"U"}}]},{"text":" hooyo! ","startDuration":"1.2794","endDuration":"1.9041","wordfile":[{"path":"audios\/wordfile-6707d131725ea.wav","mime":"audio\/x-wav","copyright":{"license":"U"}}]},{"text":" Hadda ","startDuration":"1.9051","endDuration":"2.3033","wordfile":[{"path":"audios\/wordfile-6707d153132ee.wav","mime":"audio\/x-wav","copyright":{"license":"U"}}]},{"text":"","startDuration":"2.3043","endDuration":"2.5538","wordfile":[{"path":"audios\/wordfile-6707d16e3e08e.wav","mime":"audio\/x-wav","copyright":{"license":"U"}}]},{"text":" awooday ","startDuration":"2.5548","endDuration":"3.1937","wordfile":[{"path":"audios\/wordfile-6707d18d26450.wav","mime":"audio\/x-wav","copyright":{"license":"U"}}]},{"text":" in ","startDuration":"3.1947","endDuration":"3.3452","wordfile":[{"path":"audios\/wordfile-6707d1aa059cb.wav","mime":"audio\/x-wav","copyright":{"license":"U"}}]},{"text":" aan ","startDuration":"3.3462","endDuration":"3.5462","wordfile":[{"path":"audios\/wordfile-6707d1c5c0dd0.wav","mime":"audio\/x-wav","copyright":{"license":"U"}}]},{"text":" duulo. ","startDuration":"3.5472","endDuration":"4.0134","wordfile":[{"path":"audios\/wordfile-6707d1dec0476.wav","mime":"audio\/x-wav","copyright":{"license":"U"}}]}],"files":[{"path":"audios\/files-670710368fd72.wav","mime":"audio\/x-wav","copyright":{"license":"U"}}]},"subContentId":"0f59a0b1-83ee-454f-83fe-4fdb659b9e0e","metadata":{"contentType":"Curious Reader Audio","license":"U","title":"Untitled Curious Reader Audio"}},"backgroundOpacity":0,"willDoAnimation":false,"animationType":"glow","displayAsButton":false,"buttonSize":"big","goToSlideType":"specified","invisible":false}]},{"slideBackgroundSelector":{},"elements":[{"x":4.934210526315789,"y":6.497894682122992,"width":93.11663479923517,"height":86.79245283018868,"action":{"library":"H5P.Image 1.1","params":{"contentName":"Image","file":{"path":"images\/file-671204fc7f864.gif","mime":"image\/gif","copyright":{"license":"U"},"width":1920,"height":1080}},"subContentId":"5f6819b0-118c-483b-9e14-ac63fae6097f","metadata":{"contentType":"Image","license":"U","title":"Untitled Image"}},"backgroundOpacity":0,"willDoAnimation":false,"animationType":"glow","displayAsButton":false,"buttonSize":"big","goToSlideType":"specified","invisible":false},{"x":21.38157894736842,"y":71.4700187139367,"width":70.7220394736842,"height":19.490305141134275,"action":{"library":"H5P.CRAdvancedText 1.1","params":{"text":"<p><span style=\"font-size:1.5em;color:hsl(0,0%,100%);\"><strong>Nabad galyo hooyo! waxaan hadda awoodaya in aan si dhakhso ah uu duulo!<\/strong><\/span><\/p>"},"subContentId":"30f254a7-8eb7-48bf-b627-1e33728dfb1f","metadata":{"contentType":"Text","license":"U","title":"Untitled Text"}},"alwaysDisplayComments":false,"backgroundOpacity":0,"willDoAnimation":false,"animationType":"glow","displayAsButton":false,"buttonSize":"big","goToSlideType":"specified","invisible":false,"solution":""},{"x":47.00006578947369,"y":44.0012898320944,"width":40,"height":40,"action":{"library":"H5P.CRAudio 1.4","params":{"fitToWrapper":true,"currIndex":17,"playerMode":"minimalistic","controls":true,"autoplay":true,"playAudio":"Play audio","pauseAudio":"Pause audio","contentName":"Audio","glowColor":"#ffd85a","timeStampForEachText":[{"text":" Nabad ","startDuration":"0.0000","endDuration":"0.3821","wordfile":[{"path":"audios\/wordfile-6707c7bc6a826.wav","mime":"audio\/x-wav","copyright":{"license":"U"}}]},{"text":" galyo ","startDuration":"0.3831","endDuration":"0.8669","wordfile":[{"path":"audios\/wordfile-6707c7d7b844b.wav","mime":"audio\/x-wav","copyright":{"license":"U"}}]},{"text":" hooyo! ","startDuration":"0.8679","endDuration":"1.5572","wordfile":[{"path":"audios\/wordfile-6707c7fc6b68a.wav","mime":"audio\/x-wav","copyright":{"license":"U"}}]},{"text":" waxaan ","startDuration":"1.5582","endDuration":"2.1301","wordfile":[{"path":"audios\/wordfile-6707c8168d683.wav","mime":"audio\/x-wav","copyright":{"license":"U"}}]},{"text":" hadda ","startDuration":"2.0528","endDuration":"2.4779","wordfile":[{"path":"audios\/wordfile-6707c83fccba3.wav","mime":"audio\/x-wav","copyright":{"license":"U"}}]},{"text":" awoodaya ","startDuration":"2.4789","endDuration":"3.1487","wordfile":[{"path":"audios\/wordfile-6707c85ae0136.wav","mime":"audio\/x-wav","copyright":{"license":"U"}}]},{"text":" in ","startDuration":"3.1497","endDuration":"3.4280","wordfile":[{"path":"audios\/wordfile-6707c873815d8.wav","mime":"audio\/x-wav","copyright":{"license":"U"}}]},{"text":" aan ","startDuration":"3.4290","endDuration":"3.7073","wordfile":[{"path":"audios\/wordfile-6707c88fc1f39.wav","mime":"audio\/x-wav","copyright":{"license":"U"}}]},{"text":" si ","startDuration":"3.6985","endDuration":"3.9474","wordfile":[{"path":"audios\/wordfile-6707c8b24c842.wav","mime":"audio\/x-wav","copyright":{"license":"U"}}]},{"text":" dhakhso ","startDuration":"3.9484","endDuration":"4.3343","wordfile":[{"path":"audios\/wordfile-6707c8ca18cd7.wav","mime":"audio\/x-wav","copyright":{"license":"U"}}]},{"text":" ah ","startDuration":"4.3158","endDuration":"4.5549","wordfile":[{"path":"audios\/wordfile-6707c8f781b1c.wav","mime":"audio\/x-wav","copyright":{"license":"U"}}]},{"text":" uu ","startDuration":"4.5559","endDuration":"4.9223","wordfile":[{"path":"audios\/wordfile-6707c9124b14e.wav","mime":"audio\/x-wav","copyright":{"license":"U"}}]},{"text":" duulo! ","startDuration":"4.9233","endDuration":"5.5491","wordfile":[{"path":"audios\/wordfile-6707c92f8baef.wav","mime":"audio\/x-wav","copyright":{"license":"U"}}]}],"files":[{"path":"audios\/files-6707104764985.wav","mime":"audio\/x-wav","copyright":{"license":"U"}}]},"subContentId":"85c5f437-88ef-479a-b8f8-83e56b90d1ef","metadata":{"contentType":"Curious Reader Audio","license":"U","title":"Untitled Curious Reader Audio"}},"backgroundOpacity":0,"willDoAnimation":false,"animationType":"glow","displayAsButton":false,"buttonSize":"big","goToSlideType":"specified","invisible":false}]},{"elements":[{"x":4.934210526315789,"y":6.497894682122992,"width":90.85115131578948,"height":90.96727660238084,"action":{"library":"H5P.Image 1.1","params":{"contentName":"Image","file":{"path":"images\/file-672f0e6cda3b5.png","mime":"image\/png","copyright":{"license":"U"},"width":1838,"height":946}},"subContentId":"c688fc27-04a5-4cef-aba4-2943d14a446b","metadata":{"contentType":"Image","license":"U","title":"Untitled Image"}},"backgroundOpacity":0,"willDoAnimation":false,"animationType":"glow","displayAsButton":false,"buttonSize":"big","goToSlideType":"specified","invisible":false}],"slideBackgroundSelector":{}}],"keywordListEnabled":true,"globalBackgroundSelector":{},"keywordListAlwaysShow":false,"keywordListAutoHide":false,"keywordListOpacity":90},"override":{"activeSurface":false,"hideSummarySlide":false,"summarySlideSolutionButton":true,"summarySlideRetryButton":true,"enablePrintButton":false,"social":{"showFacebookShare":false,"facebookShare":{"url":"@currentpageurl","quote":"I scored @score out of @maxScore on a task at @currentpageurl."},"showTwitterShare":false,"twitterShare":{"statement":"I scored @score out of @maxScore on a task at @currentpageurl.","url":"@currentpageurl","hashtags":"h5p, course"},"showGoogleShare":false,"googleShareUrl":"@currentpageurl"}},"l10n":{"slide":"Slide","score":"Score","yourScore":"Your Score","maxScore":"Max Score","total":"Total","totalScore":"Total Score","showSolutions":"Show solutions","retry":"Retry","exportAnswers":"Export text","hideKeywords":"Hide sidebar navigation menu","showKeywords":"Show sidebar navigation menu","fullscreen":"Fullscreen","exitFullscreen":"Exit fullscreen","prevSlide":"Previous slide","nextSlide":"Next slide","currentSlide":"Current slide","lastSlide":"Last slide","solutionModeTitle":"Exit solution mode","solutionModeText":"Solution Mode","summaryMultipleTaskText":"Multiple tasks","scoreMessage":"You achieved:","shareFacebook":"Share on Facebook","shareTwitter":"Share on Twitter","shareGoogle":"Share on Google+","summary":"Summary","solutionsButtonTitle":"Show comments","printTitle":"Print","printIngress":"How would you like to print this presentation?","printAllSlides":"Print all slides","printCurrentSlide":"Print current slide","noTitle":"No title","accessibilitySlideNavigationExplanation":"Use left and right arrow to change slide in that direction whenever canvas is selected.","accessibilityCanvasLabel":"Presentation canvas. Use left and right arrow to move between slides.","containsNotCompleted":"@slideName contains not completed interaction","containsCompleted":"@slideName contains completed interaction","slideCount":"Slide @index of @total","containsOnlyCorrect":"@slideName only has correct answers","containsIncorrectAnswers":"@slideName has incorrect answers","shareResult":"Share Result","accessibilityTotalScore":"You got @score of @maxScore points in total","accessibilityEnteredFullscreen":"Entered fullscreen","accessibilityExitedFullscreen":"Exited fullscreen"}}