{"presentation":{"slides":[{"elements":[{"x":31.590413943355,"y":0,"width":33.769063180828,"height":59.94698042321,"action":{"library":"H5P.Image 1.1","params":{"contentName":"Image","file":{"path":"images\/file-618eec172dba8.jpg","mime":"image\/jpeg","copyright":{"license":"U"},"width":273,"height":273}},"subContentId":"3cf34d7e-b046-45e2-a35f-e748b079a1ab","metadata":{"contentType":"Image","license":"U","title":"Untitled Image"}},"backgroundOpacity":0,"willDoAnimation":false,"animationType":"glow","displayAsButton":false,"buttonSize":"big","goToSlideType":"specified","invisible":false},{"x":24.23469387755102,"y":62.34836272040302,"width":53.316326530612244,"height":15.113350125944583,"action":{"library":"H5P.CRAdvancedText 1.1","params":{"text":"<p dir=\"ltr\" style=\"text-align: center;\"><span style=\"font-size:1.75em;\">Marafiki<\/span><\/p>\n"},"subContentId":"02072a1d-971b-4c03-b488-6f58032a6323","metadata":{"contentType":"Text","license":"U","title":"Untitled Text"}},"alwaysDisplayComments":false,"backgroundOpacity":0,"willDoAnimation":false,"animationType":"glow","displayAsButton":false,"buttonSize":"big","goToSlideType":"specified","invisible":false,"solution":""}],"slideBackgroundSelector":{}},{"slideBackgroundSelector":{},"elements":[{"x":29.956427015251,"y":6.0249519079732,"width":39.998692810458,"height":63.692348741431,"action":{"library":"H5P.Image 1.1","params":{"contentName":"Image","file":{"path":"images\/file-618eefbd78740.jpg","mime":"image\/jpeg","copyright":{"license":"U"},"width":273,"height":273}},"subContentId":"b3bc7de6-aa5a-4c41-8a52-929eaeba6770","metadata":{"contentType":"Image","license":"U","title":"Untitled Image"}},"backgroundOpacity":0,"willDoAnimation":false,"animationType":"glow","displayAsButton":false,"buttonSize":"big","goToSlideType":"specified","invisible":false},{"x":15.306122448979592,"y":75.56675062972292,"width":67.7295918367347,"height":16.120906801007557,"action":{"library":"H5P.CRAdvancedText 1.1","params":{"text":"<p dir=\"ltr\" style=\"text-align: center;\"><span style=\"font-size:1.75em;\"><span style=\"color:#ffffff;\">Jina langu ni Simo.<\/span><\/span><\/p>\n"},"subContentId":"66ad11c1-9362-4aba-8747-aa722a3e941d","metadata":{"contentType":"Text","license":"U","title":"Untitled Text"}},"alwaysDisplayComments":false,"backgroundOpacity":0,"willDoAnimation":false,"animationType":"glow","displayAsButton":false,"buttonSize":"big","goToSlideType":"specified","invisible":false,"solution":""},{"x":46.96691176470588,"y":44,"width":40,"height":40,"action":{"library":"H5P.CRAudio 1.4","params":{"fitToWrapper":true,"currIndex":1,"playerMode":"minimalistic","controls":true,"autoplay":true,"playAudio":"Play audio","pauseAudio":"Pause audio","contentName":"Audio","glowColor":"#ffd85a","timeStampForEachText":[{"text":" Jina ","startDuration":"0.0000","endDuration":"0.4097","wordfile":[{"path":"audios\/wordfile-66acc28cf21d3.mp3","mime":"audio\/mpeg","copyright":{"license":"U"}}]},{"text":" langu ","startDuration":"0.4107","endDuration":"0.8697","wordfile":[{"path":"audios\/wordfile-66acc2a5159f7.mp3","mime":"audio\/mpeg","copyright":{"license":"U"}}]},{"text":" ni ","startDuration":"0.8707","endDuration":"1.0707","wordfile":[{"path":"audios\/wordfile-66acc2b63b22d.mp3","mime":"audio\/mpeg","copyright":{"license":"U"}}]},{"text":" Simo. ","startDuration":"1.0717","endDuration":"1.7157","wordfile":[{"path":"audios\/wordfile-66acc2c8440e5.mp3","mime":"audio\/mpeg","copyright":{"license":"U"}}]}],"files":[{"path":"audios\/files-66acc27854837.mp3","mime":"audio\/mpeg","copyright":{"license":"U"}}]},"subContentId":"8ddaf830-fd79-4ffc-827e-29ac87abf4c5","metadata":{"contentType":"Curious Reader Audio","license":"U","title":"Untitled Curious Reader Audio"}},"backgroundOpacity":0,"willDoAnimation":false,"animationType":"glow","displayAsButton":false,"buttonSize":"big","goToSlideType":"specified","invisible":false},{"x":36.76470588235294,"y":7.2727272727272725,"width":23.345588235294116,"height":40,"action":{"library":"H5P.Image 1.1","params":{"contentName":"Image"},"subContentId":"10fe8ccf-6b72-4508-948e-b0525623a1be","metadata":{"contentType":"Image","license":"U","title":"Untitled Image"}},"backgroundOpacity":0,"willDoAnimation":true,"animationType":"glow","displayAsButton":false,"buttonSize":"big","goToSlideType":"specified","invisible":false,"id":"img8ddaf830-fd79-4ffc-827e-29ac87abf4c5_3"}]},{"elements":[{"x":29.95561224489796,"y":6.019748110831234,"width":40.05102040816327,"height":73.04785894206549,"action":{"library":"H5P.Image 1.1","params":{"contentName":"Image","file":{"path":"images\/file-618eaa5be44fc.jpg","mime":"image\/jpeg","copyright":{"license":"U"},"width":273,"height":273},"alt":"Nginabangane abane.","title":"Nginabangane abane."},"subContentId":"ae66385b-0d27-4457-be23-9484bf4339ff","metadata":{"contentType":"Image","license":"U","title":"Untitled Image"}},"backgroundOpacity":0,"willDoAnimation":false,"animationType":"glow","displayAsButton":false,"buttonSize":"big","goToSlideType":"specified","invisible":false},{"x":14.705882352941176,"y":82.18181818181819,"width":72.70408163265306,"height":17.632241813602015,"action":{"library":"H5P.CRAdvancedText 1.1","params":{"text":"<p dir=\"ltr\" style=\"text-align: center;\"><span style=\"color:#ffffff;\"><span style=\"font-size:1.75em;\">Nina marafiki wanne.<\/span><\/span><\/p>\n"},"subContentId":"57938d29-84fc-44ea-9e87-80ef0111d353","metadata":{"contentType":"Text","license":"U","title":"Untitled Text"}},"alwaysDisplayComments":false,"backgroundOpacity":0,"willDoAnimation":false,"animationType":"glow","displayAsButton":false,"buttonSize":"big","goToSlideType":"specified","invisible":false,"solution":""},{"x":46.96691176470588,"y":44,"width":40,"height":40,"action":{"library":"H5P.CRAudio 1.4","params":{"fitToWrapper":true,"currIndex":2,"playerMode":"minimalistic","controls":true,"autoplay":true,"playAudio":"Play audio","pauseAudio":"Pause audio","contentName":"Audio","glowColor":"#ffd85a","timeStampForEachText":[{"text":" Nina ","startDuration":"0.0000","endDuration":"0.4207","wordfile":[{"path":"audios\/wordfile-66acc330901fd.mp3","mime":"audio\/mpeg","copyright":{"license":"U"}}]},{"text":" marafiki ","startDuration":"0.4217","endDuration":"1.2051","wordfile":[{"path":"audios\/wordfile-66acc343f17d8.mp3","mime":"audio\/mpeg","copyright":{"license":"U"}}]},{"text":" wanne. ","startDuration":"1.2061","endDuration":"2.0000","wordfile":[{"path":"audios\/wordfile-66acc356e476c.mp3","mime":"audio\/mpeg","copyright":{"license":"U"}}]}],"files":[{"path":"audios\/files-66acc30e0e6a2.mp3","mime":"audio\/mpeg","copyright":{"license":"U"}}]},"subContentId":"9bd3ff27-1968-4340-8d9a-e76da7af99da","metadata":{"contentType":"Curious Reader Audio","license":"U","title":"Untitled Curious Reader Audio"}},"backgroundOpacity":0,"willDoAnimation":false,"animationType":"glow","displayAsButton":false,"buttonSize":"big","goToSlideType":"specified","invisible":false},{"x":29.411764705882355,"y":10.951709090909091,"width":19.669117647058822,"height":57.09090909090909,"action":{"library":"H5P.Image 1.1","params":{"contentName":"Image"},"subContentId":"f6a5d6ad-b775-4775-ac13-04b4a9024d9a","metadata":{"contentType":"Image","license":"U","title":"Untitled Image"}},"backgroundOpacity":0,"willDoAnimation":true,"animationType":"glow","displayAsButton":false,"buttonSize":"big","goToSlideType":"specified","invisible":false,"id":"img9bd3ff27-1968-4340-8d9a-e76da7af99da_1"},{"x":51.470588235294116,"y":7.289781818181819,"width":18.566176470588236,"height":68,"action":{"library":"H5P.Image 1.1","params":{"contentName":"Image"},"subContentId":"76b72229-fda9-4694-9809-b985bb3008ce","metadata":{"contentType":"Image","license":"U","title":"Untitled Image"}},"backgroundOpacity":0,"willDoAnimation":true,"animationType":"glow","displayAsButton":false,"buttonSize":"big","goToSlideType":"specified","invisible":false,"id":"img9bd3ff27-1968-4340-8d9a-e76da7af99da_1"},{"x":29.963235294117645,"y":10.923309090909092,"width":19.669117647058822,"height":59.27272727272727,"action":{"library":"H5P.Image 1.1","params":{"contentName":"Image"},"subContentId":"1a894ad4-42ea-4cda-8913-1e4881eaa127","metadata":{"contentType":"Image","license":"U","title":"Untitled Image"}},"backgroundOpacity":0,"willDoAnimation":true,"animationType":"glow","displayAsButton":false,"buttonSize":"big","goToSlideType":"specified","invisible":false,"id":"img9bd3ff27-1968-4340-8d9a-e76da7af99da_2"},{"x":49.63235294117647,"y":14.585236363636364,"width":22.24264705882353,"height":57.09090909090909,"action":{"library":"H5P.Image 1.1","params":{"contentName":"Image"},"subContentId":"6a0fed34-a7bd-4e99-9a74-d0b6f2c6d9a8","metadata":{"contentType":"Image","license":"U","title":"Untitled Image"}},"backgroundOpacity":0,"willDoAnimation":true,"animationType":"glow","displayAsButton":false,"buttonSize":"big","goToSlideType":"specified","invisible":false,"id":"img9bd3ff27-1968-4340-8d9a-e76da7af99da_2"}],"slideBackgroundSelector":{}},{"elements":[{"x":46.84095860566449,"y":15.053763440860214,"width":39.998148148148,"height":70.107027346691,"action":{"library":"H5P.Image 1.1","params":{"contentName":"Image","file":{"path":"images\/file-618eaaf72c1e1.jpg","mime":"image\/jpeg","copyright":{"license":"U"},"width":273,"height":273},"alt":"Amagama abo nguZizo, Lele, Sisa kanye no-Ayanda.","title":"Amagama abo nguZizo, Lele, Sisa kanye no-Ayanda."},"subContentId":"452a3227-be2b-4299-a321-0e2a44729e66","metadata":{"contentType":"Image","license":"U","title":"Untitled Image"}},"backgroundOpacity":0,"willDoAnimation":false,"animationType":"glow","displayAsButton":false,"buttonSize":"big","goToSlideType":"specified","invisible":false},{"x":3.2679738562091503,"y":27.956989247311824,"width":40.30612244897959,"height":52.896725440806044,"action":{"library":"H5P.CRAdvancedText 1.1","params":{"text":"<p dir=\"ltr\" style=\"text-align: center;\"><span style=\"color:#ffffff;\"><span style=\"font-size:1.75em;\">Majina yao ni Zizo, Lele, Sisa na Ayanda.<\/span><\/span><\/p>\n"},"subContentId":"90b9ee88-704b-4089-94e8-b4c6f859df47","metadata":{"contentType":"Text","license":"U","title":"Untitled Text"}},"alwaysDisplayComments":false,"backgroundOpacity":0,"willDoAnimation":false,"animationType":"glow","displayAsButton":false,"buttonSize":"big","goToSlideType":"specified","invisible":false,"solution":""},{"x":46.96691176470588,"y":44,"width":40,"height":40,"action":{"library":"H5P.CRAudio 1.4","params":{"fitToWrapper":true,"currIndex":3,"playerMode":"minimalistic","controls":true,"autoplay":true,"playAudio":"Play audio","pauseAudio":"Pause audio","contentName":"Audio","glowColor":"#ffd85a","timeStampForEachText":[{"text":" Majina ","startDuration":"0.0000","endDuration":"0.5672","wordfile":[{"path":"audios\/wordfile-66acc38d1144e.mp3","mime":"audio\/mpeg","copyright":{"license":"U"}}]},{"text":" yao ","startDuration":"0.5682","endDuration":"1.1223","wordfile":[{"path":"audios\/wordfile-66acc3ab8aeb6.mp3","mime":"audio\/mpeg","copyright":{"license":"U"}}]},{"text":" ni ","startDuration":"1.1233","endDuration":"1.4151","wordfile":[{"path":"audios\/wordfile-66acc3c359513.mp3","mime":"audio\/mpeg","copyright":{"license":"U"}}]},{"text":" Zizo, ","startDuration":"1.4161","endDuration":"2.3767","wordfile":[{"path":"audios\/wordfile-66acc3d93e1a0.mp3","mime":"audio\/mpeg","copyright":{"license":"U"}}]},{"text":" Lele, ","startDuration":"2.3777","endDuration":"3.6792","wordfile":[{"path":"audios\/wordfile-66acc3ede6687.mp3","mime":"audio\/mpeg","copyright":{"license":"U"}}]},{"text":" Sisa ","startDuration":"3.6802","endDuration":"4.9293","wordfile":[{"path":"audios\/wordfile-66acc40108fee.mp3","mime":"audio\/mpeg","copyright":{"license":"U"}}]},{"text":" na ","startDuration":"4.9303","endDuration":"5.3532","wordfile":[{"path":"audios\/wordfile-66acc41278b9f.mp3","mime":"audio\/mpeg","copyright":{"license":"U"}}]},{"text":" Ayanda. ","startDuration":"5.3542","endDuration":"6.5829","wordfile":[{"path":"audios\/wordfile-66acc4233ff62.mp3","mime":"audio\/mpeg","copyright":{"license":"U"}}]}],"files":[{"path":"audios\/files-66acc3728b9ca.mp3","mime":"audio\/mpeg","copyright":{"license":"U"}}]},"subContentId":"147dcbc4-20c1-457d-b95f-21e178681be7","metadata":{"contentType":"Curious Reader Audio","license":"U","title":"Untitled Curious Reader Audio"}},"backgroundOpacity":0,"willDoAnimation":false,"animationType":"glow","displayAsButton":false,"buttonSize":"big","goToSlideType":"specified","invisible":false},{"x":44.11764705882353,"y":10.909090909090908,"width":14.15441176470588,"height":40,"action":{"library":"H5P.Image 1.1","params":{"contentName":"Image"},"subContentId":"084fc3c1-a84d-419e-a1d0-e55f15daf149","metadata":{"contentType":"Image","license":"U","title":"Untitled Image"}},"backgroundOpacity":0,"willDoAnimation":true,"animationType":"glow","displayAsButton":false,"buttonSize":"big","goToSlideType":"specified","invisible":false,"id":"img147dcbc4-20c1-457d-b95f-21e178681be7_3"},{"x":53.30882352941176,"y":21.818181818181817,"width":12.316176470588234,"height":40,"action":{"library":"H5P.Image 1.1","params":{"contentName":"Image"},"subContentId":"bd944af4-53b6-478b-a30a-2bdd99549faf","metadata":{"contentType":"Image","license":"U","title":"Untitled Image"}},"backgroundOpacity":0,"willDoAnimation":true,"animationType":"glow","displayAsButton":false,"buttonSize":"big","goToSlideType":"specified","invisible":false,"id":"img147dcbc4-20c1-457d-b95f-21e178681be7_4"},{"x":77.20588235294117,"y":21.818181818181817,"width":14.15441176470588,"height":40,"action":{"library":"H5P.Image 1.1","params":{"contentName":"Image"},"subContentId":"19f1d208-7772-4575-b106-5d3bbab9829d","metadata":{"contentType":"Image","license":"U","title":"Untitled Image"}},"backgroundOpacity":0,"willDoAnimation":true,"animationType":"glow","displayAsButton":false,"buttonSize":"big","goToSlideType":"specified","invisible":false,"id":"img147dcbc4-20c1-457d-b95f-21e178681be7_5"},{"x":66.17647058823529,"y":25.454545454545453,"width":15.992647058823529,"height":40,"action":{"library":"H5P.Image 1.1","params":{"contentName":"Image"},"subContentId":"c099211a-cc57-4781-ab36-665fa2568414","metadata":{"contentType":"Image","license":"U","title":"Untitled Image"}},"backgroundOpacity":0,"willDoAnimation":true,"animationType":"glow","displayAsButton":false,"buttonSize":"big","goToSlideType":"specified","invisible":false,"id":"img147dcbc4-20c1-457d-b95f-21e178681be7_7"}],"slideBackgroundSelector":{}},{"elements":[{"x":4.6296296296296,"y":12.193374729841,"width":41.666666666667,"height":73.160248379043,"action":{"library":"H5P.Image 1.1","params":{"contentName":"Image","alt":"Umngani wami uZizo uthanda ukudlala ibhola.","file":{"path":"images\/file-618ead11f0668.jpg","mime":"image\/jpeg","copyright":{"license":"U"},"width":273,"height":273},"title":"Umngani wami uZizo uthanda ukudlala ibhola."},"subContentId":"6393f6bc-06c5-422b-b91a-1b61280a82f6","metadata":{"contentType":"Image","license":"U","title":"Untitled Image"}},"backgroundOpacity":0,"willDoAnimation":false,"animationType":"glow","displayAsButton":false,"buttonSize":"big","goToSlideType":"specified","invisible":false},{"x":49.744897959183675,"y":20.14523929471033,"width":43.62244897959184,"height":63.47607052896725,"action":{"library":"H5P.CRAdvancedText 1.1","params":{"text":"<p dir=\"ltr\" style=\"text-align: center;\"><span style=\"font-size:1.75em;\"><span style=\"color:#ffffff;\">Rafiki yangu Zizo anapenda kucheza mpira wa miguu.<\/span><\/span><\/p>\n"},"subContentId":"f5e3c72c-0ff5-4ef5-82f5-10340deebea8","metadata":{"contentType":"Text","license":"U","title":"Untitled Text"}},"alwaysDisplayComments":false,"backgroundOpacity":0,"willDoAnimation":false,"animationType":"glow","displayAsButton":false,"buttonSize":"big","goToSlideType":"specified","invisible":false,"solution":""},{"x":46.96691176470588,"y":44,"width":40,"height":40,"action":{"library":"H5P.CRAudio 1.4","params":{"fitToWrapper":true,"currIndex":4,"playerMode":"minimalistic","controls":true,"autoplay":true,"playAudio":"Play audio","pauseAudio":"Pause audio","contentName":"Audio","glowColor":"#ffd85a","timeStampForEachText":[{"text":" Rafiki ","startDuration":"0.0000","endDuration":"0.7526","wordfile":[{"path":"audios\/wordfile-66acc469185fa.mp3","mime":"audio\/mpeg","copyright":{"license":"U"}}]},{"text":" yangu ","startDuration":"0.7536","endDuration":"1.1378","wordfile":[{"path":"audios\/wordfile-66acc481d531f.mp3","mime":"audio\/mpeg","copyright":{"license":"U"}}]},{"text":" Zizo ","startDuration":"1.1388","endDuration":"1.9528","wordfile":[{"path":"audios\/wordfile-66acc49ad5c62.mp3","mime":"audio\/mpeg","copyright":{"license":"U"}}]},{"text":" anapenda ","startDuration":"1.9538","endDuration":"3.0012","wordfile":[{"path":"audios\/wordfile-66acc4b1455a3.mp3","mime":"audio\/mpeg","copyright":{"license":"U"}}]},{"text":" kucheza ","startDuration":"3.0022","endDuration":"3.8162","wordfile":[{"path":"audios\/wordfile-66acc4d0d5baf.mp3","mime":"audio\/mpeg","copyright":{"license":"U"}}]},{"text":" mpira ","startDuration":"3.8172","endDuration":"4.6435","wordfile":[{"path":"audios\/wordfile-66acc4e732231.mp3","mime":"audio\/mpeg","copyright":{"license":"U"}}]},{"text":" wa ","startDuration":"4.6445","endDuration":"5.2006","wordfile":[{"path":"audios\/wordfile-66acc4fe5b578.mp3","mime":"audio\/mpeg","copyright":{"license":"U"}}]},{"text":" miguu. ","startDuration":"5.2016","endDuration":"6.1262","wordfile":[{"path":"audios\/wordfile-66acc511ab89a.mp3","mime":"audio\/mpeg","copyright":{"license":"U"}}]}],"files":[{"path":"audios\/files-66acc442bb725.mp3","mime":"audio\/mpeg","copyright":{"license":"U"}}]},"subContentId":"a8c23c3b-cdac-4a47-8a14-c5db145fcae0","metadata":{"contentType":"Curious Reader Audio","license":"U","title":"Untitled Curious Reader Audio"}},"backgroundOpacity":0,"willDoAnimation":false,"animationType":"glow","displayAsButton":false,"buttonSize":"big","goToSlideType":"specified","invisible":false},{"x":25.735294117647058,"y":54.69890909090908,"width":12.316176470588234,"height":29.09090909090909,"action":{"library":"H5P.Image 1.1","params":{"contentName":"Image"},"subContentId":"0fd3faa6-a757-4467-b45f-b20d1ef97dda","metadata":{"contentType":"Image","license":"U","title":"Untitled Image"}},"backgroundOpacity":0,"willDoAnimation":true,"animationType":"glow","displayAsButton":false,"buttonSize":"big","goToSlideType":"specified","invisible":false,"id":"imga8c23c3b-cdac-4a47-8a14-c5db145fcae0_5"},{"x":20.22058823529412,"y":54.69890909090908,"width":15.992647058823529,"height":31.636363636363637,"action":{"library":"H5P.Image 1.1","params":{"contentName":"Image"},"subContentId":"29036193-ee08-4417-87da-aa842f8b1db1","metadata":{"contentType":"Image","license":"U","title":"Untitled Image"}},"backgroundOpacity":0,"willDoAnimation":true,"animationType":"glow","displayAsButton":false,"buttonSize":"big","goToSlideType":"specified","invisible":false,"id":"imga8c23c3b-cdac-4a47-8a14-c5db145fcae0_7"},{"x":12.867647058823529,"y":10.93749090909091,"width":24.448529411764703,"height":49.81818181818182,"action":{"library":"H5P.Image 1.1","params":{"contentName":"Image"},"subContentId":"7a3f79b8-a93e-4e4f-9b8e-f6b73bd4c7d7","metadata":{"contentType":"Image","license":"U","title":"Untitled Image"}},"backgroundOpacity":0,"willDoAnimation":true,"animationType":"glow","displayAsButton":false,"buttonSize":"big","goToSlideType":"specified","invisible":false,"id":"imga8c23c3b-cdac-4a47-8a14-c5db145fcae0_2"}],"slideBackgroundSelector":{}},{"elements":[{"x":3.826530612244898,"y":32.7455919395466,"width":45.79081632653061,"height":42.82115869017632,"action":{"library":"H5P.CRAdvancedText 1.1","params":{"text":"<p dir=\"ltr\" style=\"text-align: center;\"><span style=\"font-size:1.75em;\"><span style=\"color:#ffffff;\">Rafiki yangu Lele anapenda kuogelea.<\/span><\/span><\/p>\n"},"subContentId":"76183659-b7f0-413b-b61c-7c61946a9942","metadata":{"contentType":"Text","license":"U","title":"Untitled Text"}},"alwaysDisplayComments":false,"backgroundOpacity":0,"willDoAnimation":false,"animationType":"glow","displayAsButton":false,"buttonSize":"big","goToSlideType":"specified","invisible":false,"solution":""},{"x":49.76851851851851,"y":13.698630136986301,"width":39.998148148148,"height":70.102454831167,"action":{"library":"H5P.Image 1.1","params":{"contentName":"Image","file":{"path":"images\/file-618eb063ee94e.jpg","mime":"image\/jpeg","copyright":{"license":"U"},"width":273,"height":273},"alt":"Umngane wami uLele uthanda ukubhukuda.","title":"Umngane wami uLele uthanda ukubhukuda."},"subContentId":"0dc3e4cb-95ea-49b2-b066-22ceb74a7599","metadata":{"contentType":"Image","license":"U","title":"Untitled Image"}},"backgroundOpacity":0,"willDoAnimation":false,"animationType":"glow","displayAsButton":false,"buttonSize":"big","goToSlideType":"specified","invisible":false},{"x":46.96691176470588,"y":44,"width":40,"height":40,"action":{"library":"H5P.CRAudio 1.4","params":{"fitToWrapper":true,"currIndex":5,"playerMode":"minimalistic","controls":true,"autoplay":true,"playAudio":"Play audio","pauseAudio":"Pause audio","contentName":"Audio","glowColor":"#ffd85a","timeStampForEachText":[{"text":" Rafiki ","startDuration":"0.0000","endDuration":"0.5601","wordfile":[{"path":"audios\/wordfile-66acc546e2edd.mp3","mime":"audio\/mpeg","copyright":{"license":"U"}}]},{"text":" yangu ","startDuration":"0.5611","endDuration":"1.0042","wordfile":[{"path":"audios\/wordfile-66acc55b55d4a.mp3","mime":"audio\/mpeg","copyright":{"license":"U"}}]},{"text":" Lele ","startDuration":"1.0052","endDuration":"1.5743","wordfile":[{"path":"audios\/wordfile-66acc5731b64c.mp3","mime":"audio\/mpeg","copyright":{"license":"U"}}]},{"text":" anapenda ","startDuration":"1.8724","endDuration":"2.9726","wordfile":[{"path":"audios\/wordfile-66acc58be04f4.mp3","mime":"audio\/mpeg","copyright":{"license":"U"}}]},{"text":" kuogelea. ","startDuration":"2.9736","endDuration":"4.1909","wordfile":[{"path":"audios\/wordfile-66acc5a1cdf9c.mp3","mime":"audio\/mpeg","copyright":{"license":"U"}}]}],"files":[{"path":"audios\/files-66acc52d31741.mp3","mime":"audio\/mpeg","copyright":{"license":"U"}}]},"subContentId":"0b32775a-94bc-4265-b231-c06651f5d8bb","metadata":{"contentType":"Curious Reader Audio","license":"U","title":"Untitled Curious Reader Audio"}},"backgroundOpacity":0,"willDoAnimation":false,"animationType":"glow","displayAsButton":false,"buttonSize":"big","goToSlideType":"specified","invisible":false},{"x":51.470588235294116,"y":32.72727272727273,"width":33.272058823529406,"height":40,"action":{"library":"H5P.Image 1.1","params":{"contentName":"Image"},"subContentId":"5ab64fbb-87ae-4f8c-a26d-9ead48e00459","metadata":{"contentType":"Image","license":"U","title":"Untitled Image"}},"backgroundOpacity":0,"willDoAnimation":true,"animationType":"glow","displayAsButton":false,"buttonSize":"big","goToSlideType":"specified","invisible":false,"id":"img0b32775a-94bc-4265-b231-c06651f5d8bb_4"},{"x":55.147058823529406,"y":29.09090909090909,"width":21.507352941176467,"height":40,"action":{"library":"H5P.Image 1.1","params":{"contentName":"Image"},"subContentId":"0287c4c7-19d3-4722-b558-637d65a36fa9","metadata":{"contentType":"Image","license":"U","title":"Untitled Image"}},"backgroundOpacity":0,"willDoAnimation":true,"animationType":"glow","displayAsButton":false,"buttonSize":"big","goToSlideType":"specified","invisible":false,"id":"img0b32775a-94bc-4265-b231-c06651f5d8bb_2"}],"slideBackgroundSelector":{}},{"elements":[{"x":51.19825708061002,"y":15.053763440860214,"width":40.305010893246,"height":73.926590264538,"action":{"library":"H5P.Image 1.1","params":{"contentName":"Image","file":{"path":"images\/file-618ecc59ee8f9.jpg","mime":"image\/jpeg","copyright":{"license":"U"},"width":273,"height":273},"alt":"Umngane wami uSisa uthanda ukudlala umacashelana.","title":"Umngane wami uSisa uthanda ukudlala umacashelana."},"subContentId":"75c3c2b5-0b21-46f1-ad99-984d6ab526ad","metadata":{"contentType":"Image","license":"U","title":"Untitled Image"}},"backgroundOpacity":0,"willDoAnimation":false,"animationType":"glow","displayAsButton":false,"buttonSize":"big","goToSlideType":"specified","invisible":false},{"x":5.1020408163265305,"y":42.82115869017632,"width":43.57298474945534,"height":43.44086021505376,"action":{"library":"H5P.CRAdvancedText 1.1","params":{"text":"<p dir=\"ltr\" style=\"text-align: center;\"><span style=\"font-size:1.75em;\"><span style=\"color:#ffffff;\">Rafiki yangu Sisa anapenda kucheza mchezo wa kujificha.<\/span><\/span><\/p>\n"},"subContentId":"c8ff22ff-1768-44a3-a0ed-b3d522587cef","metadata":{"contentType":"Text","license":"U","title":"Untitled Text"}},"alwaysDisplayComments":false,"backgroundOpacity":0,"willDoAnimation":false,"animationType":"glow","displayAsButton":false,"buttonSize":"big","goToSlideType":"specified","invisible":false,"solution":""},{"x":46.96691176470588,"y":44,"width":40,"height":40,"action":{"library":"H5P.CRAudio 1.4","params":{"fitToWrapper":true,"currIndex":6,"playerMode":"minimalistic","controls":true,"autoplay":true,"playAudio":"Play audio","pauseAudio":"Pause audio","contentName":"Audio","glowColor":"#ffd85a","timeStampForEachText":[{"text":" Rafiki ","startDuration":"0.0000","endDuration":"0.7639","wordfile":[{"path":"audios\/wordfile-66acc6056affb.mp3","mime":"audio\/mpeg","copyright":{"license":"U"}}]},{"text":" yangu ","startDuration":"0.7649","endDuration":"1.3058","wordfile":[{"path":"audios\/wordfile-66acc6276fa17.mp3","mime":"audio\/mpeg","copyright":{"license":"U"}}]},{"text":" Sisa ","startDuration":"1.3068","endDuration":"1.9920","wordfile":[{"path":"audios\/wordfile-66acc63b480ea.mp3","mime":"audio\/mpeg","copyright":{"license":"U"}}]},{"text":" anapenda ","startDuration":"1.9930","endDuration":"3.0847","wordfile":[{"path":"audios\/wordfile-66acc64cad4f6.mp3","mime":"audio\/mpeg","copyright":{"license":"U"}}]},{"text":" kucheza ","startDuration":"3.0857","endDuration":"3.8627","wordfile":[{"path":"audios\/wordfile-66acc65fe9c05.mp3","mime":"audio\/mpeg","copyright":{"license":"U"}}]},{"text":" mchezo ","startDuration":"3.8637","endDuration":"4.8636","wordfile":[{"path":"audios\/wordfile-66acc672db6c2.mp3","mime":"audio\/mpeg","copyright":{"license":"U"}}]},{"text":" wa ","startDuration":"4.8646","endDuration":"5.3138","wordfile":[{"path":"audios\/wordfile-66acc68a602e9.mp3","mime":"audio\/mpeg","copyright":{"license":"U"}}]},{"text":" kujificha. ","startDuration":"5.3148","endDuration":"6.5829","wordfile":[{"path":"audios\/wordfile-66acc69edbb65.mp3","mime":"audio\/mpeg","copyright":{"license":"U"}}]}],"files":[{"path":"audios\/files-66acc5bba46bb.mp3","mime":"audio\/mpeg","copyright":{"license":"U"}}]},"subContentId":"69f29087-6f29-477e-8c90-7e537eb0413d","metadata":{"contentType":"Curious Reader Audio","license":"U","title":"Untitled Curious Reader Audio"}},"backgroundOpacity":0,"willDoAnimation":false,"animationType":"glow","displayAsButton":false,"buttonSize":"big","goToSlideType":"specified","invisible":false},{"x":51.470588235294116,"y":36.465818181818186,"width":17.64705882352941,"height":46.18181818181818,"action":{"library":"H5P.Image 1.1","params":{"contentName":"Image"},"subContentId":"982ad432-b5f7-4d96-aa73-789bb7663acc","metadata":{"contentType":"Image","license":"U","title":"Untitled Image"}},"backgroundOpacity":0,"willDoAnimation":true,"animationType":"glow","displayAsButton":false,"buttonSize":"big","goToSlideType":"specified","invisible":false,"id":"img69f29087-6f29-477e-8c90-7e537eb0413d_2"},{"x":51.470588235294116,"y":29.170472727272728,"width":31.43382352941176,"height":57.09090909090909,"action":{"library":"H5P.Image 1.1","params":{"contentName":"Image"},"subContentId":"b4ccf0d5-abc8-4ca9-b6c1-76116e3ec5f7","metadata":{"contentType":"Image","license":"U","title":"Untitled Image"}},"backgroundOpacity":0,"willDoAnimation":true,"animationType":"glow","displayAsButton":false,"buttonSize":"big","goToSlideType":"specified","invisible":false,"id":"img69f29087-6f29-477e-8c90-7e537eb0413d_5"},{"x":53.30882352941176,"y":29.21021818181818,"width":28.860294117647058,"height":57.09090909090909,"action":{"library":"H5P.Image 1.1","params":{"contentName":"Image"},"subContentId":"c9e53b4a-fa17-43de-aa00-a75a30f95cda","metadata":{"contentType":"Image","license":"U","title":"Untitled Image"}},"backgroundOpacity":0,"willDoAnimation":true,"animationType":"glow","displayAsButton":false,"buttonSize":"big","goToSlideType":"specified","invisible":false,"id":"img69f29087-6f29-477e-8c90-7e537eb0413d_7"}],"slideBackgroundSelector":{}},{"elements":[{"x":2.178649237472767,"y":42.98559139784947,"width":44.66230936819172,"height":49.46236559139785,"action":{"library":"H5P.CRAdvancedText 1.1","params":{"text":"<p dir=\"ltr\" style=\"text-align: center;\"><span style=\"font-size:1.75em;\"><span style=\"color:#ffffff;\">Rafiki yangu Ayanda anapenda kusoma.<\/span><\/span><\/p>\n"},"subContentId":"5fa5cf7b-843e-440c-9615-1ee916184210","metadata":{"contentType":"Text","license":"U","title":"Untitled Text"}},"alwaysDisplayComments":false,"backgroundOpacity":0,"willDoAnimation":false,"animationType":"glow","displayAsButton":false,"buttonSize":"big","goToSlideType":"specified","invisible":false,"solution":""},{"x":49.76851851851851,"y":15.981735159817353,"width":39.998148148148,"height":67.063561014123,"action":{"library":"H5P.Image 1.1","params":{"contentName":"Image","file":{"path":"images\/file-618eb37e56dd2.jpg","mime":"image\/jpeg","copyright":{"license":"U"},"width":273,"height":273},"alt":"Umngane wami u-Ayanda uthanda ukufunda.","title":"Umngane wami u-Ayanda uthanda ukufunda."},"subContentId":"0b6f4751-67d7-4169-9bde-23e430c7c5f5","metadata":{"contentType":"Image","license":"U","title":"Untitled Image"}},"backgroundOpacity":0,"willDoAnimation":false,"animationType":"glow","displayAsButton":false,"buttonSize":"big","goToSlideType":"specified","invisible":false},{"x":46.96691176470588,"y":44,"width":40,"height":40,"action":{"library":"H5P.CRAudio 1.4","params":{"fitToWrapper":true,"currIndex":7,"playerMode":"minimalistic","controls":true,"autoplay":true,"playAudio":"Play audio","pauseAudio":"Pause audio","contentName":"Audio","glowColor":"#ffd85a","timeStampForEachText":[{"text":" Rafiki ","startDuration":"0.0000","endDuration":"0.8171","wordfile":[{"path":"audios\/wordfile-66acc6d62a013.mp3","mime":"audio\/mpeg","copyright":{"license":"U"}}]},{"text":" yangu ","startDuration":"0.8181","endDuration":"1.3737","wordfile":[{"path":"audios\/wordfile-66acc6ef30afb.mp3","mime":"audio\/mpeg","copyright":{"license":"U"}}]},{"text":" Ayanda ","startDuration":"1.3747","endDuration":"2.3069","wordfile":[{"path":"audios\/wordfile-66acc6fff3d9b.mp3","mime":"audio\/mpeg","copyright":{"license":"U"}}]},{"text":" anapenda ","startDuration":"2.3079","endDuration":"3.7526","wordfile":[{"path":"audios\/wordfile-66acc71454e2b.mp3","mime":"audio\/mpeg","copyright":{"license":"U"}}]},{"text":" kusoma. ","startDuration":"3.7536","endDuration":"5.2506","wordfile":[{"path":"audios\/wordfile-66acc7254ccf5.mp3","mime":"audio\/mpeg","copyright":{"license":"U"}}]}],"files":[{"path":"audios\/files-66acc6b872faf.mp3","mime":"audio\/mpeg","copyright":{"license":"U"}}]},"subContentId":"f1fff7e6-dada-4ef8-92a5-65e5433e2f8b","metadata":{"contentType":"Curious Reader Audio","license":"U","title":"Untitled Curious Reader Audio"}},"backgroundOpacity":0,"willDoAnimation":false,"animationType":"glow","displayAsButton":false,"buttonSize":"big","goToSlideType":"specified","invisible":false},{"x":66.17647058823529,"y":14.545454545454545,"width":17.830882352941174,"height":40,"action":{"library":"H5P.Image 1.1","params":{"contentName":"Image"},"subContentId":"8b8c6e6e-664f-4a29-b102-e5530fdab87b","metadata":{"contentType":"Image","license":"U","title":"Untitled Image"}},"backgroundOpacity":0,"willDoAnimation":true,"animationType":"glow","displayAsButton":false,"buttonSize":"big","goToSlideType":"specified","invisible":false,"id":"imgf1fff7e6-dada-4ef8-92a5-65e5433e2f8b_2"},{"x":73.52941176470588,"y":40,"width":14.15441176470588,"height":26.181818181818183,"action":{"library":"H5P.Image 1.1","params":{"contentName":"Image"},"subContentId":"034becde-3a06-4d2a-8d01-fdf72112b879","metadata":{"contentType":"Image","license":"U","title":"Untitled Image"}},"backgroundOpacity":0,"willDoAnimation":true,"animationType":"glow","displayAsButton":false,"buttonSize":"big","goToSlideType":"specified","invisible":false,"id":"imgf1fff7e6-dada-4ef8-92a5-65e5433e2f8b_4"}],"slideBackgroundSelector":{}},{"elements":[{"x":52.29591836734694,"y":15.113350125944583,"width":43.20987654321,"height":76.208592061503,"action":{"library":"H5P.Image 1.1","params":{"contentName":"Image","alt":"Mina? Ngiyathanda ukwenza izinto abathanda ukuzenza.","file":{"path":"images\/file-618eb73d03969.jpg","mime":"image\/jpeg","copyright":{"license":"U"},"width":273,"height":273},"title":"Mina? Ngiyathanda ukwenza izinto abathanda ukuzenza."},"subContentId":"c10d2176-9ae1-46fb-9f3c-c6b45d149b92","metadata":{"contentType":"Image","license":"U","title":"Untitled Image"}},"backgroundOpacity":0,"willDoAnimation":false,"animationType":"glow","displayAsButton":false,"buttonSize":"big","goToSlideType":"specified","invisible":false},{"x":3.676470588235294,"y":18.181818181818183,"width":47.79411764705882,"height":58.18181818181818,"action":{"library":"H5P.CRAdvancedText 1.1","params":{"text":"<p dir=\"ltr\" style=\"text-align: center;\"><span style=\"font-size:1.75em;\"><span style=\"color:#ffffff;\">Mimi? Ninapenda kufanya vitu wanavyovipenda.<\/span><\/span><\/p>\n"},"subContentId":"01787cd3-7a57-403e-adc9-5d78a1c683c5","metadata":{"contentType":"Text","license":"U","title":"Untitled Text"}},"alwaysDisplayComments":false,"backgroundOpacity":0,"willDoAnimation":false,"animationType":"glow","displayAsButton":false,"buttonSize":"big","goToSlideType":"specified","invisible":false,"solution":""},{"x":46.96691176470588,"y":44,"width":40,"height":40,"action":{"library":"H5P.CRAudio 1.4","params":{"fitToWrapper":true,"currIndex":8,"playerMode":"minimalistic","controls":true,"autoplay":true,"playAudio":"Play audio","pauseAudio":"Pause audio","contentName":"Audio","glowColor":"#ffd85a","timeStampForEachText":[{"text":" Mimi? ","startDuration":"0.0000","endDuration":"0.9531","wordfile":[{"path":"audios\/wordfile-66acc7612a89a.mp3","mime":"audio\/mpeg","copyright":{"license":"U"}}]},{"text":" Ninapenda ","startDuration":"0.9541","endDuration":"1.8549","wordfile":[{"path":"audios\/wordfile-66acc777565da.mp3","mime":"audio\/mpeg","copyright":{"license":"U"}}]},{"text":" kufanya ","startDuration":"1.8559","endDuration":"2.3488","wordfile":[{"path":"audios\/wordfile-66acc7942286d.mp3","mime":"audio\/mpeg","copyright":{"license":"U"}}]},{"text":" vitu ","startDuration":"2.3498","endDuration":"3.1041","wordfile":[{"path":"audios\/wordfile-66acc7a8dcff5.mp3","mime":"audio\/mpeg","copyright":{"license":"U"}}]},{"text":" wanavyovipenda. ","startDuration":"3.1051","endDuration":"4.7590","wordfile":[{"path":"audios\/wordfile-66acc7bcb0757.mp3","mime":"audio\/mpeg","copyright":{"license":"U"}}]}],"files":[{"path":"audios\/files-66acc74da71c0.mp3","mime":"audio\/mpeg","copyright":{"license":"U"}}]},"subContentId":"53251e6d-ff4d-48f2-9f14-21588ebc92f3","metadata":{"contentType":"Curious Reader Audio","license":"U","title":"Untitled Curious Reader Audio"}},"backgroundOpacity":0,"willDoAnimation":false,"animationType":"glow","displayAsButton":false,"buttonSize":"big","goToSlideType":"specified","invisible":false},{"x":60.66176470588235,"y":14.545454545454545,"width":21.507352941176467,"height":40,"action":{"library":"H5P.Image 1.1","params":{"contentName":"Image"},"subContentId":"606e07ce-ddd9-486b-b1ac-e98e19c4e29e","metadata":{"contentType":"Image","license":"U","title":"Untitled Image"}},"backgroundOpacity":0,"willDoAnimation":true,"animationType":"glow","displayAsButton":false,"buttonSize":"big","goToSlideType":"specified","invisible":false,"id":"img53251e6d-ff4d-48f2-9f14-21588ebc92f3_0"}],"slideBackgroundSelector":{}},{"elements":[{"x":3.826530612244898,"y":73.04785894206549,"width":93.68191721132898,"height":24.946236559139784,"action":{"library":"H5P.CRAdvancedText 1.1","params":{"text":"<p dir=\"ltr\" style=\"text-align: center;\"><span style=\"color:#ffffff;\"><span style=\"font-size:1.75em;\">Ninapenda kucheza mpira wa miguu na Zizo.<\/span><\/span><\/p>\n"},"subContentId":"c0103700-9490-46ad-806e-95977b01da71","metadata":{"contentType":"Text","license":"U","title":"Untitled Text"}},"alwaysDisplayComments":false,"backgroundOpacity":0,"willDoAnimation":false,"animationType":"glow","displayAsButton":false,"buttonSize":"big","goToSlideType":"specified","invisible":false,"solution":""},{"x":30.501089324618736,"y":2.150537634408602,"width":37.642919389978,"height":68.856593233979,"action":{"library":"H5P.Image 1.1","params":{"contentName":"Image","alt":"Ngidlala ibhola noZizo.","file":{"path":"images\/file-618eb89609ed6.jpg","mime":"image\/jpeg","copyright":{"license":"U"},"width":273,"height":273},"title":"Ngidlala ibhola noZizo."},"subContentId":"07536b8d-c38f-40e0-9261-226d0a11c99a","metadata":{"contentType":"Image","license":"U","title":"Untitled Image"}},"backgroundOpacity":0,"willDoAnimation":false,"animationType":"glow","displayAsButton":false,"buttonSize":"big","goToSlideType":"specified","invisible":false},{"x":46.96691176470588,"y":44,"width":40,"height":40,"action":{"library":"H5P.CRAudio 1.4","params":{"fitToWrapper":true,"currIndex":9,"playerMode":"minimalistic","controls":true,"autoplay":true,"playAudio":"Play audio","pauseAudio":"Pause audio","contentName":"Audio","glowColor":"#ffd85a","timeStampForEachText":[{"text":" Ninapenda ","startDuration":"0.0000","endDuration":"0.8700","wordfile":[{"path":"audios\/wordfile-66acc7f0c7dca.mp3","mime":"audio\/mpeg","copyright":{"license":"U"}}]},{"text":" kucheza ","startDuration":"0.8710","endDuration":"1.5793","wordfile":[{"path":"audios\/wordfile-66acc804dbc19.mp3","mime":"audio\/mpeg","copyright":{"license":"U"}}]},{"text":" mpira ","startDuration":"1.6342","endDuration":"1.9421","wordfile":[{"path":"audios\/wordfile-66acc8260343f.mp3","mime":"audio\/mpeg","copyright":{"license":"U"}}]},{"text":" wa ","startDuration":"1.9431","endDuration":"2.1431","wordfile":[{"path":"audios\/wordfile-66acc83a61108.mp3","mime":"audio\/mpeg","copyright":{"license":"U"}}]},{"text":" miguu ","startDuration":"2.1441","endDuration":"2.5443","wordfile":[{"path":"audios\/wordfile-66acc8587e01e.mp3","mime":"audio\/mpeg","copyright":{"license":"U"}}]},{"text":" na ","startDuration":"2.5453","endDuration":"2.6914","wordfile":[{"path":"audios\/wordfile-66acc871d0f12.mp3","mime":"audio\/mpeg","copyright":{"license":"U"}}]},{"text":" Zizo. ","startDuration":"2.6924","endDuration":"3.4392","wordfile":[{"path":"audios\/wordfile-66acc8851ca15.mp3","mime":"audio\/mpeg","copyright":{"license":"U"}}]}],"files":[{"path":"audios\/files-66acc7d53e6dd.mp3","mime":"audio\/mpeg","copyright":{"license":"U"}}]},"subContentId":"29c9d5f6-97dc-4a8c-95d2-7c3932f6725a","metadata":{"contentType":"Curious Reader Audio","license":"U","title":"Untitled Curious Reader Audio"}},"backgroundOpacity":0,"willDoAnimation":false,"animationType":"glow","displayAsButton":false,"buttonSize":"big","goToSlideType":"specified","invisible":false},{"x":31.249999999999996,"y":3.6363636363636362,"width":17.830882352941174,"height":40,"action":{"library":"H5P.Image 1.1","params":{"contentName":"Image"},"subContentId":"1f3a8f0e-93c0-4c67-a4bf-778bfdac4ea7","metadata":{"contentType":"Image","license":"U","title":"Untitled Image"}},"backgroundOpacity":0,"willDoAnimation":true,"animationType":"glow","displayAsButton":false,"buttonSize":"big","goToSlideType":"specified","invisible":false,"id":"img29c9d5f6-97dc-4a8c-95d2-7c3932f6725a_6"},{"x":29.963235294117645,"y":30.085236363636366,"width":38.05147058823529,"height":40,"action":{"library":"H5P.Image 1.1","params":{"contentName":"Image"},"subContentId":"e0516ee4-9020-4f66-8d16-b7dd5130469a","metadata":{"contentType":"Image","license":"U","title":"Untitled Image"}},"backgroundOpacity":0,"willDoAnimation":true,"animationType":"glow","displayAsButton":false,"buttonSize":"big","goToSlideType":"specified","invisible":false,"id":"img29c9d5f6-97dc-4a8c-95d2-7c3932f6725a_2"},{"x":31.25,"y":29.170472727272728,"width":36.397058823529406,"height":40,"action":{"library":"H5P.Image 1.1","params":{"contentName":"Image"},"subContentId":"f62104c6-1630-450d-9162-af50bab03fd6","metadata":{"contentType":"Image","license":"U","title":"Untitled Image"}},"backgroundOpacity":0,"willDoAnimation":true,"animationType":"glow","displayAsButton":false,"buttonSize":"big","goToSlideType":"specified","invisible":false,"id":"img29c9d5f6-97dc-4a8c-95d2-7c3932f6725a_4"}],"slideBackgroundSelector":{}},{"elements":[{"x":0,"y":78.18181818181819,"width":100,"height":21.662468513853902,"action":{"library":"H5P.CRAdvancedText 1.1","params":{"text":"<p dir=\"ltr\" style=\"text-align: center;\"><span style=\"color:#ffffff;\"><span style=\"font-size:1.75em;\">Ninaogelea na Lele.<\/span><\/span><\/p>\n"},"subContentId":"4f10339f-9758-4ec2-b3ad-9bda148dc589","metadata":{"contentType":"Text","license":"U","title":"Untitled Text"}},"alwaysDisplayComments":false,"backgroundOpacity":0,"willDoAnimation":false,"animationType":"glow","displayAsButton":false,"buttonSize":"big","goToSlideType":"specified","invisible":false,"solution":""},{"x":27.77716836734694,"y":6.0177833753148615,"width":40.05102040816327,"height":73.04785894206549,"action":{"library":"H5P.Image 1.1","params":{"contentName":"Image","file":{"path":"images\/file-618eb96526d0d.jpg","mime":"image\/jpeg","copyright":{"license":"U"},"width":273,"height":273},"alt":"Ngibhukuda noLele.","title":"Ngibhukuda noLele."},"subContentId":"5a25762a-d5eb-41ab-be59-b3eb68d8ec63","metadata":{"contentType":"Image","license":"U","title":"Untitled Image"}},"backgroundOpacity":0,"willDoAnimation":false,"animationType":"glow","displayAsButton":false,"buttonSize":"big","goToSlideType":"specified","invisible":false},{"x":46.96691176470588,"y":44,"width":40,"height":40,"action":{"library":"H5P.CRAudio 1.4","params":{"fitToWrapper":true,"currIndex":10,"playerMode":"minimalistic","controls":true,"autoplay":true,"playAudio":"Play audio","pauseAudio":"Pause audio","contentName":"Audio","glowColor":"#ffd85a","timeStampForEachText":[{"text":" Ninaogelea ","startDuration":"0.0000","endDuration":"1.6370","wordfile":[{"path":"audios\/wordfile-66acc8be972dd.mp3","mime":"audio\/mpeg","copyright":{"license":"U"}}]},{"text":" na ","startDuration":"1.6380","endDuration":"1.8380","wordfile":[{"path":"audios\/wordfile-66acc8d234daf.mp3","mime":"audio\/mpeg","copyright":{"license":"U"}}]},{"text":" Lele. ","startDuration":"1.8390","endDuration":"2.4980","wordfile":[{"path":"audios\/wordfile-66acc8e4cc804.mp3","mime":"audio\/mpeg","copyright":{"license":"U"}}]}],"files":[{"path":"audios\/files-66acc8a23e459.mp3","mime":"audio\/mpeg","copyright":{"license":"U"}}]},"subContentId":"707672e0-6cf4-46d4-8187-2a6a4310ca31","metadata":{"contentType":"Curious Reader Audio","license":"U","title":"Untitled Curious Reader Audio"}},"backgroundOpacity":0,"willDoAnimation":false,"animationType":"glow","displayAsButton":false,"buttonSize":"big","goToSlideType":"specified","invisible":false},{"x":27.573529411764707,"y":29.21021818181818,"width":38.23529411764706,"height":49.81818181818182,"action":{"library":"H5P.Image 1.1","params":{"contentName":"Image"},"subContentId":"22fc9f61-34de-458d-adb9-db9c29fa99da","metadata":{"contentType":"Image","license":"U","title":"Untitled Image"}},"backgroundOpacity":0,"willDoAnimation":true,"animationType":"glow","displayAsButton":false,"buttonSize":"big","goToSlideType":"specified","invisible":false,"id":"img707672e0-6cf4-46d4-8187-2a6a4310ca31_0"},{"x":29.41176470588235,"y":40,"width":12.316176470588234,"height":25.09090909090909,"action":{"library":"H5P.Image 1.1","params":{"contentName":"Image"},"subContentId":"e6d9fb96-1368-41a0-9395-0021b1ebab7c","metadata":{"contentType":"Image","license":"U","title":"Untitled Image"}},"backgroundOpacity":0,"willDoAnimation":true,"animationType":"glow","displayAsButton":false,"buttonSize":"big","goToSlideType":"specified","invisible":false,"id":"img707672e0-6cf4-46d4-8187-2a6a4310ca31_2"}],"slideBackgroundSelector":{}},{"elements":[{"x":5.1020408163265305,"y":73.04785894206549,"width":91.83673469387756,"height":25.188916876574307,"action":{"library":"H5P.CRAdvancedText 1.1","params":{"text":"<p dir=\"ltr\" style=\"text-align: center;\"><span style=\"font-size:1.75em;\"><span style=\"color:#ffffff;\">Ninacheza mchezo wa kujificha na Sisa.<\/span><\/span><\/p>\n"},"subContentId":"5ce600c0-9e95-4b84-9330-56cc92fd0bf7","metadata":{"contentType":"Text","license":"U","title":"Untitled Text"}},"alwaysDisplayComments":false,"backgroundOpacity":0,"willDoAnimation":false,"animationType":"glow","displayAsButton":false,"buttonSize":"big","goToSlideType":"specified","invisible":false,"solution":""},{"x":29.520697167756,"y":6.0249519079732,"width":39.998148148148,"height":66.791953592016,"action":{"library":"H5P.Image 1.1","params":{"contentName":"Image","file":{"path":"images\/file-618ebb55f4134.jpg","mime":"image\/jpeg","copyright":{"license":"U"},"width":273,"height":273},"alt":"Ngidlala umacashelana noSisa.","title":"Ngidlala umacashelana noSisa."},"subContentId":"7fcf93f8-b105-4383-8477-0218ce8d77da","metadata":{"contentType":"Image","license":"U","title":"Untitled Image"}},"backgroundOpacity":0,"willDoAnimation":false,"animationType":"glow","displayAsButton":false,"buttonSize":"big","goToSlideType":"specified","invisible":false},{"x":46.96691176470588,"y":44,"width":40,"height":40,"action":{"library":"H5P.CRAudio 1.4","params":{"fitToWrapper":true,"currIndex":11,"playerMode":"minimalistic","controls":true,"autoplay":true,"playAudio":"Play audio","pauseAudio":"Pause audio","contentName":"Audio","glowColor":"#ffd85a","timeStampForEachText":[{"text":" Ninacheza ","startDuration":"0.0000","endDuration":"1.0666","wordfile":[{"path":"audios\/wordfile-66acc91936791.mp3","mime":"audio\/mpeg","copyright":{"license":"U"}}]},{"text":" mchezo ","startDuration":"1.0676","endDuration":"1.9437","wordfile":[{"path":"audios\/wordfile-66acc92c34b61.mp3","mime":"audio\/mpeg","copyright":{"license":"U"}}]},{"text":" wa ","startDuration":"1.9447","endDuration":"2.2494","wordfile":[{"path":"audios\/wordfile-66acc9431c162.mp3","mime":"audio\/mpeg","copyright":{"license":"U"}}]},{"text":" kujificha ","startDuration":"2.2504","endDuration":"3.2027","wordfile":[{"path":"audios\/wordfile-66acc95813cd1.mp3","mime":"audio\/mpeg","copyright":{"license":"U"}}]},{"text":" na ","startDuration":"3.6037","endDuration":"3.8037","wordfile":[{"path":"audios\/wordfile-66acc96b35b1c.mp3","mime":"audio\/mpeg","copyright":{"license":"U"}}]},{"text":" Sisa. ","startDuration":"3.8047","endDuration":"4.5094","wordfile":[{"path":"audios\/wordfile-66acc97f262f0.mp3","mime":"audio\/mpeg","copyright":{"license":"U"}}]}],"files":[{"path":"audios\/files-66acc905e0a28.mp3","mime":"audio\/mpeg","copyright":{"license":"U"}}]},"subContentId":"1c2922f2-88c9-453b-9f49-6f75a0eb77a0","metadata":{"contentType":"Curious Reader Audio","license":"U","title":"Untitled Curious Reader Audio"}},"backgroundOpacity":0,"willDoAnimation":false,"animationType":"glow","displayAsButton":false,"buttonSize":"big","goToSlideType":"specified","invisible":false},{"x":31.249999999999996,"y":25.454545454545453,"width":14.15441176470588,"height":40,"action":{"library":"H5P.Image 1.1","params":{"contentName":"Image"},"subContentId":"0ecdc652-1c91-4632-935f-bc9e74350916","metadata":{"contentType":"Image","license":"U","title":"Untitled Image"}},"backgroundOpacity":0,"willDoAnimation":true,"animationType":"glow","displayAsButton":false,"buttonSize":"big","goToSlideType":"specified","invisible":false,"id":"img1c2922f2-88c9-453b-9f49-6f75a0eb77a0_5"},{"x":29.963235294117645,"y":14.565345454545453,"width":40.0735294117647,"height":55.63636363636363,"action":{"library":"H5P.Image 1.1","params":{"contentName":"Image"},"subContentId":"68bf72d1-1c9b-464b-8f73-40bbb03725aa","metadata":{"contentType":"Image","license":"U","title":"Untitled Image"}},"backgroundOpacity":0,"willDoAnimation":true,"animationType":"glow","displayAsButton":false,"buttonSize":"big","goToSlideType":"specified","invisible":false,"id":"img1c2922f2-88c9-453b-9f49-6f75a0eb77a0_1"},{"x":29.963235294117645,"y":18.20738181818182,"width":40.0735294117647,"height":52,"action":{"library":"H5P.Image 1.1","params":{"contentName":"Image"},"subContentId":"393392b1-70ff-4098-95be-0aca7da5d805","metadata":{"contentType":"Image","license":"U","title":"Untitled Image"}},"backgroundOpacity":0,"willDoAnimation":true,"animationType":"glow","displayAsButton":false,"buttonSize":"big","goToSlideType":"specified","invisible":false,"id":"img1c2922f2-88c9-453b-9f49-6f75a0eb77a0_3"}],"slideBackgroundSelector":{}},{"elements":[{"x":15.306122448979592,"y":10.579345088161208,"width":68.87755102040816,"height":69.0176322418136,"action":{"library":"H5P.Image 1.1","params":{"contentName":"Image","file":{"path":"images\/file-618ecd7fc659d.jpg","mime":"image\/jpeg","copyright":{"license":"U"},"width":350,"height":210}},"subContentId":"c2ff2e98-73c7-4f05-b67e-e393662e801c","metadata":{"contentType":"Image","license":"U","title":"Untitled Image"}},"backgroundOpacity":0,"willDoAnimation":false,"animationType":"glow","displayAsButton":false,"buttonSize":"big","goToSlideType":"specified","invisible":false},{"x":1.0204081632653061,"y":81.61209068010075,"width":97.83163265306122,"height":17.632241813602015,"action":{"library":"H5P.CRAdvancedText 1.1","params":{"text":"<p dir=\"ltr\" style=\"text-align: center;\"><span style=\"font-size:1.75em;\"><span style=\"color:#ffffff;\">Ninasoma na Ayanda.<\/span><\/span><\/p>\n"},"subContentId":"bb08e97d-bef7-4a5e-bda8-a71c987a742e","metadata":{"contentType":"Text","license":"U","title":"Untitled Text"}},"alwaysDisplayComments":false,"backgroundOpacity":0,"willDoAnimation":false,"animationType":"glow","displayAsButton":false,"buttonSize":"big","goToSlideType":"specified","invisible":false,"solution":""},{"x":46.96691176470588,"y":44,"width":40,"height":40,"action":{"library":"H5P.CRAudio 1.4","params":{"fitToWrapper":true,"currIndex":12,"playerMode":"minimalistic","controls":true,"autoplay":true,"playAudio":"Play audio","pauseAudio":"Pause audio","contentName":"Audio","glowColor":"#ffd85a","timeStampForEachText":[{"text":" Ninasoma ","startDuration":"0.0000","endDuration":"1.1890","wordfile":[{"path":"audios\/wordfile-66acca4bbbbf5.mp3","mime":"audio\/mpeg","copyright":{"license":"U"}}]},{"text":" na ","startDuration":"1.5452","endDuration":"1.7452","wordfile":[{"path":"audios\/wordfile-66accaa24b06f.mp3","mime":"audio\/mpeg","copyright":{"license":"U"}}]},{"text":" Ayanda. ","startDuration":"1.7462","endDuration":"2.6510","wordfile":[{"path":"audios\/wordfile-66accac7d3e5c.mp3","mime":"audio\/mpeg","copyright":{"license":"U"}}]}],"files":[{"path":"audios\/files-66acca0e7edb5.mp3","mime":"audio\/mpeg","copyright":{"license":"U"}}]},"subContentId":"2def0dfb-7cdb-451a-8cdb-3376f33e045d","metadata":{"contentType":"Curious Reader Audio","license":"U","title":"Untitled Curious Reader Audio"}},"backgroundOpacity":0,"willDoAnimation":false,"animationType":"glow","displayAsButton":false,"buttonSize":"big","goToSlideType":"specified","invisible":false},{"x":16.544117647058822,"y":14.565345454545453,"width":67.46323529411764,"height":65.45454545454545,"action":{"library":"H5P.Image 1.1","params":{"contentName":"Image"},"subContentId":"cbc11166-1351-4ee2-bb0f-45e166625a95","metadata":{"contentType":"Image","license":"U","title":"Untitled Image"}},"backgroundOpacity":0,"willDoAnimation":true,"animationType":"glow","displayAsButton":false,"buttonSize":"big","goToSlideType":"specified","invisible":false,"id":"img2def0dfb-7cdb-451a-8cdb-3376f33e045d_0"},{"x":25.735294117647058,"y":25.55967272727273,"width":21.507352941176467,"height":42.54545454545455,"action":{"library":"H5P.Image 1.1","params":{"contentName":"Image"},"subContentId":"7830285a-c496-417c-b60e-aa2b47e6012f","metadata":{"contentType":"Image","license":"U","title":"Untitled Image"}},"backgroundOpacity":0,"willDoAnimation":true,"animationType":"glow","displayAsButton":false,"buttonSize":"big","goToSlideType":"specified","invisible":false,"id":"img2def0dfb-7cdb-451a-8cdb-3376f33e045d_2"}],"slideBackgroundSelector":{}},{"elements":[{"x":2.423469387755102,"y":81.360201511335,"width":95.66326530612245,"height":17.632241813602015,"action":{"library":"H5P.CRAdvancedText 1.1","params":{"text":"<p dir=\"ltr\" style=\"text-align: center;\"><span style=\"color:#ffffff;\"><span style=\"font-size:1.75em;\">Njoo, rafiki, unapenda nini?<\/span><\/span><\/p>\n"},"subContentId":"561dd707-289b-446f-bb31-a8d898b0b627","metadata":{"contentType":"Text","license":"U","title":"Untitled Text"}},"alwaysDisplayComments":false,"backgroundOpacity":0,"willDoAnimation":false,"animationType":"glow","displayAsButton":false,"buttonSize":"big","goToSlideType":"specified","invisible":false,"solution":""},{"x":29.336734693877553,"y":4.295894206549118,"width":42.474489795918366,"height":73.29974811083123,"action":{"library":"H5P.Image 1.1","params":{"contentName":"Image","file":{"path":"images\/file-618ebd51e59a0.jpg","mime":"image\/jpeg","copyright":{"license":"U"},"width":273,"height":273},"alt":"Woza, mngane, yini oyithandayo?","title":"Woza, mngane, yini oyithandayo?"},"subContentId":"a94f03fd-3ce4-4a62-9d49-2af4710dd854","metadata":{"contentType":"Image","license":"U","title":"Untitled Image"}},"backgroundOpacity":0,"willDoAnimation":false,"animationType":"glow","displayAsButton":false,"buttonSize":"big","goToSlideType":"specified","invisible":false},{"x":46.96691176470588,"y":44,"width":40,"height":40,"action":{"library":"H5P.CRAudio 1.4","params":{"fitToWrapper":true,"currIndex":13,"playerMode":"minimalistic","controls":true,"autoplay":true,"playAudio":"Play audio","pauseAudio":"Pause audio","contentName":"Audio","glowColor":"#ffd85a","timeStampForEachText":[{"text":" Njoo, ","startDuration":"0.0000","endDuration":"1.0783","wordfile":[{"path":"audios\/wordfile-66accb63ea357.mp3","mime":"audio\/mpeg","copyright":{"license":"U"}}]},{"text":" rafiki, ","startDuration":"1.3216","endDuration":"2.4907","wordfile":[{"path":"audios\/wordfile-66accb7a1f89c.mp3","mime":"audio\/mpeg","copyright":{"license":"U"}}]},{"text":" unapenda ","startDuration":"3.2387","endDuration":"4.1151","wordfile":[{"path":"audios\/wordfile-66accbc58baac.mp3","mime":"audio\/mpeg","copyright":{"license":"U"}}]},{"text":" nini? ","startDuration":"4.1161","endDuration":"4.9622","wordfile":[{"path":"audios\/wordfile-66accbd7b5416.mp3","mime":"audio\/mpeg","copyright":{"license":"U"}}]}],"files":[{"path":"audios\/files-66accb4e5e1a7.mp3","mime":"audio\/mpeg","copyright":{"license":"U"}}]},"subContentId":"0225e606-a870-4953-b0f1-d35aaafcae8f","metadata":{"contentType":"Curious Reader Audio","license":"U","title":"Untitled Curious Reader Audio"}},"backgroundOpacity":0,"willDoAnimation":false,"animationType":"glow","displayAsButton":false,"buttonSize":"big","goToSlideType":"specified","invisible":false}],"slideBackgroundSelector":{}},{"elements":[{"x":0,"y":79.50453400503777,"width":100,"height":18.89168765743073,"action":{"library":"H5P.CRAdvancedText 1.1","params":{"text":"<p dir=\"ltr\" style=\"text-align: center;\"><span style=\"color:#ffffff;\"><span style=\"font-size:1.75em;\">Njoo, ucheze mpira wa miguu na sisi.<\/span><\/span><\/p>\n"},"subContentId":"8bdf48c8-d31b-4d24-90c4-3a81da7d5874","metadata":{"contentType":"Text","license":"U","title":"Untitled Text"}},"alwaysDisplayComments":false,"backgroundOpacity":0,"willDoAnimation":false,"animationType":"glow","displayAsButton":false,"buttonSize":"big","goToSlideType":"specified","invisible":false,"solution":""},{"x":27.314795918367345,"y":5.035818639798489,"width":42.474489795918366,"height":71.53652392947103,"action":{"library":"H5P.Image 1.1","params":{"contentName":"Image","file":{"path":"images\/file-618ebe5e14981.jpg","mime":"image\/jpeg","copyright":{"license":"U"},"width":273,"height":273},"alt":"Woza, udlale ibhola nathi.","title":"Woza, udlale ibhola nathi."},"subContentId":"90899643-cef7-4587-a9f3-53dc5f203480","metadata":{"contentType":"Image","license":"U","title":"Untitled Image"}},"backgroundOpacity":0,"willDoAnimation":false,"animationType":"glow","displayAsButton":false,"buttonSize":"big","goToSlideType":"specified","invisible":false},{"x":46.96691176470588,"y":44,"width":40,"height":40,"action":{"library":"H5P.CRAudio 1.4","params":{"fitToWrapper":true,"currIndex":14,"playerMode":"minimalistic","controls":true,"autoplay":true,"playAudio":"Play audio","pauseAudio":"Pause audio","contentName":"Audio","glowColor":"#ffd85a","timeStampForEachText":[{"text":" Njoo, ","startDuration":"0.0000","endDuration":"1.2870","wordfile":[{"path":"audios\/wordfile-66accc21afea5.mp3","mime":"audio\/mpeg","copyright":{"license":"U"}}]},{"text":" ucheze ","startDuration":"1.2880","endDuration":"2.6628","wordfile":[{"path":"audios\/wordfile-66accc725ccda.mp3","mime":"audio\/mpeg","copyright":{"license":"U"}}]},{"text":" mpira ","startDuration":"2.4113","endDuration":"3.5007","wordfile":[{"path":"audios\/wordfile-66accca4725f0.mp3","mime":"audio\/mpeg","copyright":{"license":"U"}}]},{"text":" wa ","startDuration":"3.5017","endDuration":"3.9213","wordfile":[{"path":"audios\/wordfile-66acccca950de.mp3","mime":"audio\/mpeg","copyright":{"license":"U"}}]},{"text":" miguu ","startDuration":"3.9223","endDuration":"4.4737","wordfile":[{"path":"audios\/wordfile-66accce364b20.mp3","mime":"audio\/mpeg","copyright":{"license":"U"}}]},{"text":" na ","startDuration":"4.4747","endDuration":"4.6747","wordfile":[{"path":"audios\/wordfile-66acccf6961aa.mp3","mime":"audio\/mpeg","copyright":{"license":"U"}}]},{"text":" sisi. ","startDuration":"4.6757","endDuration":"5.3698","wordfile":[{"path":"audios\/wordfile-66accd0bd1d0d.mp3","mime":"audio\/mpeg","copyright":{"license":"U"}}]}],"files":[{"path":"audios\/files-66accc0979ec1.mp3","mime":"audio\/mpeg","copyright":{"license":"U"}}]},"subContentId":"adfe379f-5393-4821-8c91-397cc9e1b026","metadata":{"contentType":"Curious Reader Audio","license":"U","title":"Untitled Curious Reader Audio"}},"backgroundOpacity":0,"willDoAnimation":false,"animationType":"glow","displayAsButton":false,"buttonSize":"big","goToSlideType":"specified","invisible":false},{"x":38.60294117647059,"y":21.818181818181817,"width":22.794117647058822,"height":31.636363636363637,"action":{"library":"H5P.Image 1.1","params":{"contentName":"Image"},"subContentId":"4fe2e1d3-17c1-47ff-a783-c5e0f16cc87e","metadata":{"contentType":"Image","license":"U","title":"Untitled Image"}},"backgroundOpacity":0,"willDoAnimation":true,"animationType":"glow","displayAsButton":false,"buttonSize":"big","goToSlideType":"specified","invisible":false,"id":"imgadfe379f-5393-4821-8c91-397cc9e1b026_2"},{"x":38.60294117647059,"y":18.181818181818183,"width":21.323529411764703,"height":31.636363636363637,"action":{"library":"H5P.Image 1.1","params":{"contentName":"Image"},"subContentId":"fafbda27-6f98-4b0c-a195-e16339d1c3b6","metadata":{"contentType":"Image","license":"U","title":"Untitled Image"}},"backgroundOpacity":0,"willDoAnimation":true,"animationType":"glow","displayAsButton":false,"buttonSize":"big","goToSlideType":"specified","invisible":false,"id":"imgadfe379f-5393-4821-8c91-397cc9e1b026_4"},{"x":29.963235294117645,"y":0,"width":40.0735294117647,"height":70.18181818181819,"action":{"library":"H5P.Image 1.1","params":{"contentName":"Image"},"subContentId":"a8313a8c-cbe1-4766-9645-5462ce696a29","metadata":{"contentType":"Image","license":"U","title":"Untitled Image"}},"backgroundOpacity":0,"willDoAnimation":true,"animationType":"glow","displayAsButton":false,"buttonSize":"big","goToSlideType":"specified","invisible":false,"id":"imgadfe379f-5393-4821-8c91-397cc9e1b026_6"}],"slideBackgroundSelector":{}},{"elements":[{"x":5.514705882352941,"y":78.9090909090909,"width":79.08163265306122,"height":20.906801007556673,"action":{"library":"H5P.CRAdvancedText 1.1","params":{"text":"<p dir=\"ltr\" style=\"text-align: center;\"><span style=\"font-size:1.75em;\"><span style=\"color:#ffffff;\">Njoo uogelee na sisi.<\/span><\/span><\/p>\n"},"subContentId":"0f7ae9c5-38f6-4b56-b0a4-f60475428cdf","metadata":{"contentType":"Text","license":"U","title":"Untitled Text"}},"alwaysDisplayComments":false,"backgroundOpacity":0,"willDoAnimation":false,"animationType":"glow","displayAsButton":false,"buttonSize":"big","goToSlideType":"specified","invisible":false,"solution":""},{"x":28.061224489795915,"y":6.4566246851385385,"width":43.494897959183675,"height":73.04785894206549,"action":{"library":"H5P.Image 1.1","params":{"contentName":"Image","file":{"path":"images\/file-618ebfb3bf920.jpg","mime":"image\/jpeg","copyright":{"license":"U"},"width":273,"height":273},"alt":"Woza, ubhukude nathi.","title":"Woza, ubhukude nathi."},"subContentId":"7d166ac6-5c43-46d0-9e03-6441fbe0e622","metadata":{"contentType":"Image","license":"U","title":"Untitled Image"}},"backgroundOpacity":0,"willDoAnimation":false,"animationType":"glow","displayAsButton":false,"buttonSize":"big","goToSlideType":"specified","invisible":false},{"x":46.96691176470588,"y":44,"width":40,"height":40,"action":{"library":"H5P.CRAudio 1.4","params":{"fitToWrapper":true,"currIndex":15,"playerMode":"minimalistic","controls":true,"autoplay":true,"playAudio":"Play audio","pauseAudio":"Pause audio","contentName":"Audio","glowColor":"#ffd85a","timeStampForEachText":[{"text":" Njoo ","startDuration":"0.0000","endDuration":"1.2343","wordfile":[{"path":"audios\/wordfile-66accd46a1ca3.mp3","mime":"audio\/mpeg","copyright":{"license":"U"}}]},{"text":" uogelee ","startDuration":"1.2353","endDuration":"2.4696","wordfile":[{"path":"audios\/wordfile-66accd634f99f.mp3","mime":"audio\/mpeg","copyright":{"license":"U"}}]},{"text":" na ","startDuration":"2.4706","endDuration":"2.6706","wordfile":[{"path":"audios\/wordfile-66accd77efa83.mp3","mime":"audio\/mpeg","copyright":{"license":"U"}}]},{"text":" sisi. ","startDuration":"2.6716","endDuration":"3.5009","wordfile":[{"path":"audios\/wordfile-66accd8c14907.mp3","mime":"audio\/mpeg","copyright":{"license":"U"}}]}],"files":[{"path":"audios\/files-66accd33ce664.mp3","mime":"audio\/mpeg","copyright":{"license":"U"}}]},"subContentId":"4dbbb7ad-cc2f-493b-b37f-b3d1a24ac451","metadata":{"contentType":"Curious Reader Audio","license":"U","title":"Untitled Curious Reader Audio"}},"backgroundOpacity":0,"willDoAnimation":false,"animationType":"glow","displayAsButton":false,"buttonSize":"big","goToSlideType":"specified","invisible":false},{"x":29.963235294117645,"y":10.923309090909092,"width":40.0735294117647,"height":59.27272727272727,"action":{"library":"H5P.Image 1.1","params":{"contentName":"Image"},"subContentId":"591db355-4ad8-48ca-9d11-6ba4273718e0","metadata":{"contentType":"Image","license":"U","title":"Untitled Image"}},"backgroundOpacity":0,"willDoAnimation":true,"animationType":"glow","displayAsButton":false,"buttonSize":"big","goToSlideType":"specified","invisible":false,"id":"img4dbbb7ad-cc2f-493b-b37f-b3d1a24ac451_1"},{"x":29.963235294117645,"y":10.923309090909092,"width":40.0735294117647,"height":59.27272727272727,"action":{"library":"H5P.Image 1.1","params":{"contentName":"Image"},"subContentId":"a8ddc329-bba2-4491-b2a6-3772ec9166de","metadata":{"contentType":"Image","license":"U","title":"Untitled Image"}},"backgroundOpacity":0,"willDoAnimation":true,"animationType":"glow","displayAsButton":false,"buttonSize":"big","goToSlideType":"specified","invisible":false,"id":"img4dbbb7ad-cc2f-493b-b37f-b3d1a24ac451_3"}],"slideBackgroundSelector":{}},{"elements":[{"x":51.02040816326531,"y":15.113350125944583,"width":42.483660130719,"height":75.772592493771,"action":{"library":"H5P.Image 1.1","params":{"contentName":"Image","file":{"path":"images\/file-618ecf61254ef.jpg","mime":"image\/jpeg","copyright":{"license":"U"},"width":273,"height":273},"alt":"Woza, uzodlala umacashelana nathi.","title":"Woza, uzodlala umacashelana nathi."},"subContentId":"b3bbd262-e926-4513-ae5d-6426653a8687","metadata":{"contentType":"Image","license":"U","title":"Untitled Image"}},"backgroundOpacity":0,"willDoAnimation":false,"animationType":"glow","displayAsButton":false,"buttonSize":"big","goToSlideType":"specified","invisible":false},{"x":3.8258272058823533,"y":40.41490909090909,"width":44.11764705882353,"height":50.54545454545455,"action":{"library":"H5P.CRAdvancedText 1.1","params":{"text":"<p dir=\"ltr\" style=\"text-align: center;\"><span style=\"font-size:1.75em;\"><span style=\"color:#ffffff;\">Njoo, ucheze mchezo wa kujificha na sisi<\/span><\/span><\/p>\n"},"subContentId":"2f66b069-73bc-4244-a662-95291edb4cfd","metadata":{"contentType":"Text","license":"U","title":"Untitled Text"}},"alwaysDisplayComments":false,"backgroundOpacity":0,"willDoAnimation":false,"animationType":"glow","displayAsButton":false,"buttonSize":"big","goToSlideType":"specified","invisible":false,"solution":""},{"x":46.96691176470588,"y":44,"width":40,"height":40,"action":{"library":"H5P.CRAudio 1.4","params":{"fitToWrapper":true,"currIndex":16,"playerMode":"minimalistic","controls":true,"autoplay":true,"playAudio":"Play audio","pauseAudio":"Pause audio","contentName":"Audio","glowColor":"#ffd85a","timeStampForEachText":[{"text":" Njoo, ","startDuration":"0.0000","endDuration":"1.3222","wordfile":[{"path":"audios\/wordfile-66accdf0e117e.mp3","mime":"audio\/mpeg","copyright":{"license":"U"}}]},{"text":" ucheze ","startDuration":"1.3232","endDuration":"2.3028","wordfile":[{"path":"audios\/wordfile-66acce04d3d76.mp3","mime":"audio\/mpeg","copyright":{"license":"U"}}]},{"text":" mchezo ","startDuration":"2.3038","endDuration":"3.2125","wordfile":[{"path":"audios\/wordfile-66acce15ad467.mp3","mime":"audio\/mpeg","copyright":{"license":"U"}}]},{"text":" wa ","startDuration":"3.2135","endDuration":"3.4726","wordfile":[{"path":"audios\/wordfile-66acce297366c.mp3","mime":"audio\/mpeg","copyright":{"license":"U"}}]},{"text":" kujificha ","startDuration":"3.4736","endDuration":"4.4060","wordfile":[{"path":"audios\/wordfile-66acce3d00587.mp3","mime":"audio\/mpeg","copyright":{"license":"U"}}]},{"text":" na ","startDuration":"4.4070","endDuration":"4.7724","wordfile":[{"path":"audios\/wordfile-66acce518d151.mp3","mime":"audio\/mpeg","copyright":{"license":"U"}}]},{"text":" sisi ","startDuration":"4.7734","endDuration":"5.9298","wordfile":[{"path":"audios\/wordfile-66acce64a38a9.mp3","mime":"audio\/mpeg","copyright":{"license":"U"}}]}],"files":[{"path":"audios\/files-66accdb6e0c27.mp3","mime":"audio\/mpeg","copyright":{"license":"U"}}]},"subContentId":"a25e071a-45e3-4c2d-af47-ac6a65b296dd","metadata":{"contentType":"Curious Reader Audio","license":"U","title":"Untitled Curious Reader Audio"}},"backgroundOpacity":0,"willDoAnimation":false,"animationType":"glow","displayAsButton":false,"buttonSize":"big","goToSlideType":"specified","invisible":false},{"x":58.82352941176471,"y":10.93749090909091,"width":33.272058823529406,"height":68,"action":{"library":"H5P.Image 1.1","params":{"contentName":"Image"},"subContentId":"db0db26d-17de-4e8e-a775-793e65f99e27","metadata":{"contentType":"Image","license":"U","title":"Untitled Image"}},"backgroundOpacity":0,"willDoAnimation":true,"animationType":"glow","displayAsButton":false,"buttonSize":"big","goToSlideType":"specified","invisible":false,"id":"imga25e071a-45e3-4c2d-af47-ac6a65b296dd_6"},{"x":68.01470588235294,"y":14.585236363636364,"width":25.183823529411764,"height":71.63636363636364,"action":{"library":"H5P.Image 1.1","params":{"contentName":"Image"},"subContentId":"75f967c3-906a-4f7e-b0db-1a8140c29ed3","metadata":{"contentType":"Image","license":"U","title":"Untitled Image"}},"backgroundOpacity":0,"willDoAnimation":true,"animationType":"glow","displayAsButton":false,"buttonSize":"big","goToSlideType":"specified","invisible":false,"id":"imga25e071a-45e3-4c2d-af47-ac6a65b296dd_2"},{"x":53.30882352941176,"y":40.05672727272728,"width":19.669117647058822,"height":43.63636363636363,"action":{"library":"H5P.Image 1.1","params":{"contentName":"Image"},"subContentId":"40ac00cf-2a78-4fc0-a5da-43678c80d344","metadata":{"contentType":"Image","license":"U","title":"Untitled Image"}},"backgroundOpacity":0,"willDoAnimation":true,"animationType":"glow","displayAsButton":false,"buttonSize":"big","goToSlideType":"specified","invisible":false,"id":"imga25e071a-45e3-4c2d-af47-ac6a65b296dd_4"}],"slideBackgroundSelector":{}},{"elements":[{"x":12.755102040816327,"y":80.60453400503778,"width":73.9795918367347,"height":17.12846347607053,"action":{"library":"H5P.CRAdvancedText 1.1","params":{"text":"<p dir=\"ltr\" style=\"text-align: center;\"><span style=\"color:#ffffff;\"><span style=\"font-size:1.75em;\">Njoo usome na sisi<\/span><\/span><\/p>\n"},"subContentId":"c2f3f53b-4ef2-41bf-8273-468816eeee27","metadata":{"contentType":"Text","license":"U","title":"Untitled Text"}},"alwaysDisplayComments":false,"backgroundOpacity":0,"willDoAnimation":false,"animationType":"glow","displayAsButton":false,"buttonSize":"big","goToSlideType":"specified","invisible":false,"solution":""},{"x":30.357142857142858,"y":5.541561712846347,"width":38.392857142857146,"height":73.04785894206549,"action":{"library":"H5P.Image 1.1","params":{"contentName":"Image","file":{"path":"images\/file-618ec1d1dba5b.jpg","mime":"image\/jpeg","copyright":{"license":"U"},"width":273,"height":273},"alt":"Woza, ufunde kanye nathi.","title":"Woza, ufunde kanye nathi."},"subContentId":"006c0f7a-5773-4f46-bf82-5931c01adc2f","metadata":{"contentType":"Image","license":"U","title":"Untitled Image"}},"backgroundOpacity":0,"willDoAnimation":false,"animationType":"glow","displayAsButton":false,"buttonSize":"big","goToSlideType":"specified","invisible":false},{"x":46.96691176470588,"y":44,"width":40,"height":40,"action":{"library":"H5P.CRAudio 1.4","params":{"fitToWrapper":true,"currIndex":17,"playerMode":"minimalistic","controls":true,"autoplay":true,"playAudio":"Play audio","pauseAudio":"Pause audio","contentName":"Audio","glowColor":"#ffd85a","timeStampForEachText":[{"text":" Njoo ","startDuration":"0.0000","endDuration":"1.1583","wordfile":[{"path":"audios\/wordfile-66acce900e2f3.mp3","mime":"audio\/mpeg","copyright":{"license":"U"}}]},{"text":" usome ","startDuration":"1.1593","endDuration":"2.3704","wordfile":[{"path":"audios\/wordfile-66accea303fd1.mp3","mime":"audio\/mpeg","copyright":{"license":"U"}}]},{"text":" na ","startDuration":"2.3714","endDuration":"2.7072","wordfile":[{"path":"audios\/wordfile-66acceb8b3d04.mp3","mime":"audio\/mpeg","copyright":{"license":"U"}}]},{"text":" sisi ","startDuration":"2.7082","endDuration":"3.5571","wordfile":[{"path":"audios\/wordfile-66accecd6e5c2.mp3","mime":"audio\/mpeg","copyright":{"license":"U"}}]}],"files":[{"path":"audios\/files-66acce7b7d01a.mp3","mime":"audio\/mpeg","copyright":{"license":"U"}}]},"subContentId":"38978aaf-c681-4710-80f6-277318d9fd49","metadata":{"contentType":"Curious Reader Audio","license":"U","title":"Untitled Curious Reader Audio"}},"backgroundOpacity":0,"willDoAnimation":false,"animationType":"glow","displayAsButton":false,"buttonSize":"big","goToSlideType":"specified","invisible":false},{"x":29.41176470588235,"y":18.181818181818183,"width":40,"height":40,"action":{"library":"H5P.Image 1.1","params":{"contentName":"Image"},"subContentId":"baa59f87-f848-46c8-abb5-e3a159ef87fb","metadata":{"contentType":"Image","license":"U","title":"Untitled Image"}},"backgroundOpacity":0,"willDoAnimation":true,"animationType":"glow","displayAsButton":false,"buttonSize":"big","goToSlideType":"specified","invisible":false,"id":"img38978aaf-c681-4710-80f6-277318d9fd49_1"},{"x":29.411764705882355,"y":14.625018181818184,"width":38.05147058823529,"height":60.72727272727273,"action":{"library":"H5P.Image 1.1","params":{"contentName":"Image"},"subContentId":"7dbdd338-dee9-416c-be95-e237e0bf2a9e","metadata":{"contentType":"Image","license":"U","title":"Untitled Image"}},"backgroundOpacity":0,"willDoAnimation":true,"animationType":"glow","displayAsButton":false,"buttonSize":"big","goToSlideType":"specified","invisible":false,"id":"img38978aaf-c681-4710-80f6-277318d9fd49_3"}],"slideBackgroundSelector":{}},{"elements":[{"x":0,"y":27.676322418136017,"width":47.19387755102041,"height":60.45340050377833,"action":{"library":"H5P.CRAdvancedText 1.1","params":{"text":"<p dir=\"ltr\" style=\"text-align: center;\"><span style=\"color:#ffffff;\"><span style=\"font-size:1.75em;\">Tunapenda kufurahia na marafiki.<\/span><\/span><\/p>\n"},"subContentId":"6515099d-443d-4e39-a9ae-78a04ed14f9a","metadata":{"contentType":"Text","license":"U","title":"Untitled Text"}},"alwaysDisplayComments":false,"backgroundOpacity":0,"willDoAnimation":false,"animationType":"glow","displayAsButton":false,"buttonSize":"big","goToSlideType":"specified","invisible":false,"solution":""},{"x":48.46938775510204,"y":15.113350125944583,"width":44.753086419753,"height":79.256935743964,"action":{"library":"H5P.Image 1.1","params":{"contentName":"Image","alt":"Sithanda ukuzijabulisa nabangani.","title":"Sithanda ukuzijabulisa nabangani.","file":{"path":"images\/file-618ec2e9676e8.jpg","mime":"image\/jpeg","copyright":{"license":"U"},"width":273,"height":273}},"subContentId":"d306951b-d37a-48f0-b520-d8cb6bed7af9","metadata":{"contentType":"Image","license":"U","title":"Untitled Image"}},"backgroundOpacity":0,"willDoAnimation":false,"animationType":"glow","displayAsButton":false,"buttonSize":"big","goToSlideType":"specified","invisible":false},{"x":46.96691176470588,"y":44,"width":40,"height":40,"action":{"library":"H5P.CRAudio 1.4","params":{"fitToWrapper":true,"currIndex":18,"playerMode":"minimalistic","controls":true,"autoplay":true,"playAudio":"Play audio","pauseAudio":"Pause audio","contentName":"Audio","glowColor":"#ffd85a","timeStampForEachText":[{"text":" Tunapenda ","startDuration":"0.0000","endDuration":"1.1523","wordfile":[{"path":"audios\/wordfile-66accef990104.mp3","mime":"audio\/mpeg","copyright":{"license":"U"}}]},{"text":" kufurahia ","startDuration":"1.1533","endDuration":"2.5722","wordfile":[{"path":"audios\/wordfile-66accf2869234.mp3","mime":"audio\/mpeg","copyright":{"license":"U"}}]},{"text":" na ","startDuration":"2.5732","endDuration":"3.1351","wordfile":[{"path":"audios\/wordfile-66accf3e4cf99.mp3","mime":"audio\/mpeg","copyright":{"license":"U"}}]},{"text":" marafiki. ","startDuration":"3.1361","endDuration":"4.5360","wordfile":[{"path":"audios\/wordfile-66accf5646734.mp3","mime":"audio\/mpeg","copyright":{"license":"U"}}]}],"files":[{"path":"audios\/files-66accee4ce21b.mp3","mime":"audio\/mpeg","copyright":{"license":"U"}}]},"subContentId":"cfde78f5-8446-471d-9cb9-253cfdfdd266","metadata":{"contentType":"Curious Reader Audio","license":"U","title":"Untitled Curious Reader Audio"}},"backgroundOpacity":0,"willDoAnimation":false,"animationType":"glow","displayAsButton":false,"buttonSize":"big","goToSlideType":"specified","invisible":false}],"slideBackgroundSelector":{}},{"elements":[{"x":4.62962962962963,"y":11.415525114155251,"width":23.148148148148145,"height":15.981735159817353,"action":{"library":"H5P.Image 1.1","params":{"contentName":"Image","file":{"path":"images\/file-61faf81aea46b.png","mime":"image\/png","copyright":{"license":"U"},"width":1350,"height":487}},"metadata":{"contentType":"Image","license":"U","title":"Untitled Image"},"subContentId":"45750f56-188e-4f60-af42-6d631b2d556f"},"backgroundOpacity":0,"willDoAnimation":false,"animationType":"glow","displayAsButton":false,"buttonSize":"big","goToSlideType":"specified","invisible":false},{"x":37.03703703703704,"y":10.752688172043008,"width":28.124999999999996,"height":13.698630136986301,"action":{"library":"H5P.Image 1.1","params":{"contentName":"Image","file":{"path":"images\/file-61f9b09eb5330.png","mime":"image\/png","copyright":{"license":"U"},"width":814,"height":202}},"metadata":{"contentType":"Image","license":"U","title":"Untitled Image"},"subContentId":"cc2ecdc6-9393-428c-907b-f89bde66f5e3"},"backgroundOpacity":0,"willDoAnimation":false,"animationType":"glow","displayAsButton":false,"buttonSize":"big","goToSlideType":"specified","invisible":false},{"x":69.71677559912854,"y":6.451612903225806,"width":23.148148148148145,"height":23.28767123287671,"action":{"library":"H5P.Image 1.1","params":{"contentName":"Image","file":{"path":"images\/file-61f9b3987a86d.jpg","mime":"image\/jpeg","copyright":{"license":"U"},"width":306,"height":148}},"metadata":{"contentType":"Image","license":"U","title":"Untitled Image"},"subContentId":"523bfe62-f871-4d0d-a7d3-8902a69232f4"},"backgroundOpacity":0,"willDoAnimation":false,"animationType":"glow","displayAsButton":false,"buttonSize":"big","goToSlideType":"specified","invisible":false},{"x":17.429193899782135,"y":36.51548387096774,"width":65.359477124183,"height":56.98924731182795,"action":{"library":"H5P.CRAdvancedText 1.1","params":{"text":"<h3 style=\"text-align: center;\"><span style=\"font-size:1.125em;\"><strong>\"<\/strong><\/span>Marafiki<span style=\"font-size:1.125em;\"><strong>\" credits<\/strong><\/span><\/h3>\n\n<h3 style=\"text-align: center;\"><span style=\"font-size:1em;\">This work, \"<\/span>Marafiki<span style=\"font-size:1em;\">\", is a derivative of \"Friends\" by Zimbili Dlamini and Hlengiwe Zondi, used under CC BY. \"Abangani\" is licensed under CC BY 4.0 by Curious Learning.<\/span><\/h3>\n\n<h3 style=\"text-align: center;\"><br>\n<span style=\"font-size:1em;\">Book builder - Abraham Jerry Kakooza<\/span><\/h3>\n\n<p style=\"text-align: center;\">&nbsp;<\/p>\n"},"metadata":{"contentType":"Text","license":"U","title":"Untitled Text"},"subContentId":"01353513-0203-46a7-a7f4-bb1d8f346485"},"alwaysDisplayComments":false,"backgroundOpacity":0,"willDoAnimation":false,"animationType":"glow","displayAsButton":false,"buttonSize":"big","goToSlideType":"specified","invisible":false,"solution":""}],"slideBackgroundSelector":{}}],"keywordListEnabled":true,"globalBackgroundSelector":{"fillGlobalBackground":"#b7f5da"},"keywordListAlwaysShow":false,"keywordListAutoHide":false,"keywordListOpacity":90},"override":{"activeSurface":false,"hideSummarySlide":false,"summarySlideSolutionButton":true,"summarySlideRetryButton":true,"enablePrintButton":false,"social":{"showFacebookShare":false,"facebookShare":{"url":"@currentpageurl","quote":"I scored @score out of @maxScore on a task at @currentpageurl."},"showTwitterShare":false,"twitterShare":{"statement":"I scored @score out of @maxScore on a task at @currentpageurl.","url":"@currentpageurl","hashtags":"h5p, course"},"showGoogleShare":false,"googleShareUrl":"@currentpageurl"}},"l10n":{"slide":"Slide","score":"Score","yourScore":"Your Score","maxScore":"Max Score","total":"Total","totalScore":"Total Score","showSolutions":"Show solutions","retry":"Retry","exportAnswers":"Export text","hideKeywords":"Hide sidebar navigation menu","showKeywords":"Show sidebar navigation menu","fullscreen":"Fullscreen","exitFullscreen":"Exit fullscreen","prevSlide":"Previous slide","nextSlide":"Next slide","currentSlide":"Current slide","lastSlide":"Last slide","solutionModeTitle":"Exit solution mode","solutionModeText":"Solution Mode","summaryMultipleTaskText":"Multiple tasks","scoreMessage":"You achieved:","shareFacebook":"Share on Facebook","shareTwitter":"Share on Twitter","shareGoogle":"Share on Google+","summary":"Summary","solutionsButtonTitle":"Show comments","printTitle":"Print","printIngress":"How would you like to print this presentation?","printAllSlides":"Print all slides","printCurrentSlide":"Print current slide","noTitle":"No title","accessibilitySlideNavigationExplanation":"Use left and right arrow to change slide in that direction whenever canvas is selected.","accessibilityCanvasLabel":"Presentation canvas. Use left and right arrow to move between slides.","containsNotCompleted":"@slideName contains not completed interaction","containsCompleted":"@slideName contains completed interaction","slideCount":"Slide @index of @total","containsOnlyCorrect":"@slideName only has correct answers","containsIncorrectAnswers":"@slideName has incorrect answers","shareResult":"Share Result","accessibilityTotalScore":"You got @score of @maxScore points in total","accessibilityEnteredFullscreen":"Entered fullscreen","accessibilityExitedFullscreen":"Exited fullscreen"}}