{"presentation":{"slides":[{"elements":[{"x":4.934210526315789,"y":6.491136871653584,"width":92.49424342105263,"height":87.71832926131934,"action":{"library":"H5P.Image 1.1","params":{"contentName":"Image","file":{"path":"images\/file-67062c794a42f.gif","mime":"image\/gif","copyright":{"license":"U"},"width":1920,"height":1080}},"subContentId":"48e7008d-397a-441e-8acc-6873d304e3d9","metadata":{"contentType":"Image","license":"U","title":"Untitled Image"}},"backgroundOpacity":0,"willDoAnimation":false,"animationType":"glow","displayAsButton":false,"buttonSize":"big","goToSlideType":"specified","invisible":false},{"x":41.118421052631575,"y":81.22368352653741,"width":39.99967105263158,"height":9.743463117949785,"action":{"library":"H5P.CRAdvancedText 1.1","params":{"text":"<p><span style=\"font-size:1.5em;color:hsl(0, 0%, 100%);\"><strong>\u12a5\u12e8\u1260\u1228\u122d\u12a9 \u1290\u12c9<\/strong><\/span><\/p>"},"subContentId":"f3862bdc-8c37-49a5-899c-612cd9f460b8","metadata":{"contentType":"Text","license":"U","title":"Untitled Text"}},"alwaysDisplayComments":false,"backgroundOpacity":0,"willDoAnimation":false,"animationType":"glow","displayAsButton":false,"buttonSize":"big","goToSlideType":"specified","invisible":false,"solution":""},{"x":47.00006578947369,"y":44.0012898320944,"width":40,"height":40,"action":{"library":"H5P.CRAudio 1.4","params":{"fitToWrapper":true,"currIndex":0,"playerMode":"minimalistic","controls":true,"autoplay":true,"playAudio":"Play audio","pauseAudio":"Pause audio","contentName":"Audio","glowColor":"#ffd85a","timeStampForEachText":[{"text":" \u12a5\u12e8\u1260\u1228\u122d\u12a9 ","startDuration":"0.0000","endDuration":"0.6621","wordfile":[{"path":"audios\/wordfile-66eaa2bf7729e.wav","mime":"audio\/x-wav","copyright":{"license":"U"}}]},{"text":" \u1290\u12c9 ","startDuration":"0.6631","endDuration":"1.1622","wordfile":[{"path":"audios\/wordfile-66eaa2cab8873.wav","mime":"audio\/x-wav","copyright":{"license":"U"}}]}],"files":[{"path":"audios\/files-66eaa1e63865e.wav","mime":"audio\/x-wav","copyright":{"license":"U"}}]},"subContentId":"8a4cd475-d819-4008-b7f0-158efc2eebcc","metadata":{"contentType":"Curious Reader Audio","license":"U","title":"Untitled Curious Reader Audio"}},"backgroundOpacity":0,"willDoAnimation":false,"animationType":"glow","displayAsButton":false,"buttonSize":"big","goToSlideType":"specified","invisible":false}],"slideBackgroundSelector":{}},{"elements":[{"x":3.289473684210526,"y":6.497894682122992,"width":95.39309210526316,"height":89.28172272183814,"action":{"library":"H5P.Image 1.1","params":{"contentName":"Image","file":{"path":"images\/file-67062ca43ef6f.gif","mime":"image\/gif","copyright":{"license":"U"},"width":1920,"height":1080}},"subContentId":"c74b2a51-1c9d-48d1-8ac9-bf3dcd6fcad6","metadata":{"contentType":"Image","license":"U","title":"Untitled Image"}},"backgroundOpacity":0,"willDoAnimation":false,"animationType":"glow","displayAsButton":false,"buttonSize":"big","goToSlideType":"specified","invisible":false},{"x":8.223684210526315,"y":78.8756848003374,"width":90.17857142857143,"height":21.126760563380284,"action":{"library":"H5P.CRAdvancedText 1.1","params":{"text":"<p><span style=\"color:#ffffff;\"><span style=\"font-size:1.5em;\"><strong>\u12a0\u1295\u12f2\u1275 \u1260\u1245\u122d\u1261 \u12e8\u1270\u1348\u1208\u1348\u1208\u127d \u1275\u1295\u123d\u12ec \u12c8\u134d \u12a8\u12a5\u1293\u1277 \u12a0\u1320\u1308\u1265 \u1270\u1240\u121d\u1323\u1208\u127d\u1362<\/strong><\/span><\/span><\/p>\n"},"subContentId":"1d6c1da8-82ae-4183-acc7-872ba8591637","metadata":{"contentType":"Text","license":"U","title":"Untitled Text"}},"alwaysDisplayComments":false,"backgroundOpacity":0,"willDoAnimation":false,"animationType":"glow","displayAsButton":false,"buttonSize":"big","goToSlideType":"specified","invisible":false,"solution":""},{"x":93.75,"y":3.2467532467532467,"width":40,"height":40,"action":{"library":"H5P.CRAudio 1.4","params":{"fitToWrapper":true,"currIndex":1,"playerMode":"minimalistic","controls":true,"autoplay":true,"playAudio":"Play audio","pauseAudio":"Pause audio","contentName":"Audio","glowColor":"#ffd85a","timeStampForEachText":[{"text":" \u12a0\u1295\u12f2\u1275 ","startDuration":"0.0000","endDuration":"0.5729","wordfile":[{"path":"audios\/wordfile-66e496077791b.wav","mime":"audio\/x-wav","copyright":{"license":"U"}}]},{"text":" \u1260\u1245\u122d\u1261 ","startDuration":"0.5629","endDuration":"1.2894","wordfile":[{"path":"audios\/wordfile-66e4969d42177.wav","mime":"audio\/x-wav","copyright":{"license":"U"}}]},{"text":" \u12e8\u1270\u1348\u1208\u1348\u1208\u127d ","startDuration":"1.4549","endDuration":"2.3678","wordfile":[{"path":"audios\/wordfile-66e496ae88ebd.wav","mime":"audio\/x-wav","copyright":{"license":"U"}}]},{"text":" \u1275\u1295\u123d\u12ec ","startDuration":"2.4017","endDuration":"2.9965","wordfile":[{"path":"audios\/wordfile-66e496bfcbcf5.wav","mime":"audio\/x-wav","copyright":{"license":"U"}}]},{"text":" \u12c8\u134d ","startDuration":"2.9975","endDuration":"3.3949","wordfile":[{"path":"audios\/wordfile-66e496ccae191.wav","mime":"audio\/x-wav","copyright":{"license":"U"}}]},{"text":" \u12a8\u12a5\u1293\u1277 ","startDuration":"3.3959","endDuration":"4.3636","wordfile":[{"path":"audios\/wordfile-66e496d82b859.wav","mime":"audio\/x-wav","copyright":{"license":"U"}}]},{"text":" \u12a0\u1320\u1308\u1265 ","startDuration":"4.3646","endDuration":"4.9265","wordfile":[{"path":"audios\/wordfile-66e496e7eea14.wav","mime":"audio\/x-wav","copyright":{"license":"U"}}]},{"text":" \u1270\u1240\u121d\u1323\u1208\u127d\u1362 ","startDuration":"4.9275","endDuration":"6.0927","wordfile":[{"path":"audios\/wordfile-66e496f59a6bb.wav","mime":"audio\/x-wav","copyright":{"license":"U"}}]}],"files":[{"path":"audios\/files-66df6f8486128.wav","mime":"audio\/x-wav","copyright":{"license":"U"}}]},"subContentId":"1451bc1b-aada-4295-8209-243f6e1c0423","metadata":{"contentType":"Curious Reader Audio","license":"U","title":"Untitled Curious Reader Audio"}},"backgroundOpacity":0,"willDoAnimation":false,"animationType":"glow","displayAsButton":false,"buttonSize":"big","goToSlideType":"specified","invisible":false},{"x":35.729847494553375,"y":35.71935774012661,"width":14.533651315789474,"height":25.436561054218437,"action":{"library":"H5P.Image 1.1","params":{"contentName":"Image"},"subContentId":"817bc965-ece2-4791-94ce-de8f42906200","metadata":{"contentType":"Image","license":"U","title":"Untitled Image"}},"backgroundOpacity":0,"willDoAnimation":true,"animationType":"glow","displayAsButton":false,"buttonSize":"big","goToSlideType":"specified","invisible":false,"id":"img1451bc1b-aada-4295-8209-243f6e1c0423_4"}],"slideBackgroundSelector":{}},{"elements":[{"x":3.289473684210526,"y":6.497894682122992,"width":94.07894736842105,"height":90.9090909090909,"action":{"library":"H5P.Image 1.1","params":{"contentName":"Image","file":{"path":"images\/file-67062e664606d.gif","mime":"image\/gif","copyright":{"license":"U"},"width":1920,"height":1080}},"subContentId":"7d33083f-b1f6-42d6-ac86-6c3264c73d20","metadata":{"contentType":"Image","license":"U","title":"Untitled Image"}},"backgroundOpacity":0,"willDoAnimation":false,"animationType":"glow","displayAsButton":false,"buttonSize":"big","goToSlideType":"specified","invisible":false,"id":"imgdf76b2b4-642b-4427-b64b-186f7ef032f9_2"},{"x":32.89473684210526,"y":84.47263086759891,"width":59.20888157894737,"height":12.989031553776577,"action":{"library":"H5P.CRAdvancedText 1.1","params":{"text":"<p><span style=\"font-size:1.5em;color:#ffffff;\">\u12a5\u121b\u12ec \u1218\u1265\u1228\u122d \u12a5\u1348\u120d\u130b\u1208\u12c9! &nbsp;<\/span><\/p>"},"subContentId":"2f533bc3-492c-4337-9021-d6a65e2a6177","metadata":{"contentType":"Text","license":"U","title":"Untitled Text"}},"alwaysDisplayComments":false,"backgroundOpacity":0,"willDoAnimation":false,"animationType":"glow","displayAsButton":false,"buttonSize":"big","goToSlideType":"specified","invisible":false,"solution":""},{"x":45.20697167755991,"y":22.808746508755547,"width":19.077302631578945,"height":39.99941518947861,"action":{"library":"H5P.Image 1.1","params":{"contentName":"Image"},"subContentId":"39ba13b9-c056-4401-bcf7-398d6dda1cdf","metadata":{"contentType":"Image","license":"U","title":"Untitled Image"}},"backgroundOpacity":0,"willDoAnimation":true,"animationType":"glow","displayAsButton":false,"buttonSize":"big","goToSlideType":"specified","invisible":false,"id":"imgb41a52dc-3e7d-43a5-be22-1a26d6fadd3f_0"},{"x":93.75,"y":3.248947341061496,"width":40,"height":40,"action":{"library":"H5P.CRAudio 1.4","params":{"fitToWrapper":true,"currIndex":2,"playerMode":"minimalistic","controls":true,"autoplay":true,"playAudio":"Play audio","pauseAudio":"Pause audio","contentName":"Audio","glowColor":"#ffd85a","timeStampForEachText":[{"text":" \u12a5\u121b\u12ec ","startDuration":"0.0000","endDuration":"0.9587","wordfile":[{"path":"audios\/wordfile-66e499153e7a9.wav","mime":"audio\/x-wav","copyright":{"license":"U"}}]},{"text":" \u1218\u1265\u1228\u122d ","startDuration":"0.9597","endDuration":"1.5368","wordfile":[{"path":"audios\/wordfile-66e4993b6005c.wav","mime":"audio\/x-wav","copyright":{"license":"U"}}]},{"text":" \u12a5\u1348\u120d\u130b\u1208\u12c9! ","startDuration":"1.5378","endDuration":"2.5601","wordfile":[{"path":"audios\/wordfile-66e49955d99ba.wav","mime":"audio\/x-wav","copyright":{"license":"U"}}]}],"files":[{"path":"audios\/files-66e498c9afdce.wav","mime":"audio\/x-wav","copyright":{"license":"U"}}]},"subContentId":"b41a52dc-3e7d-43a5-be22-1a26d6fadd3f","metadata":{"contentType":"Curious Reader Audio","license":"U","title":"Untitled Curious Reader Audio"}},"backgroundOpacity":0,"willDoAnimation":false,"animationType":"glow","displayAsButton":false,"buttonSize":"big","goToSlideType":"specified","invisible":false}],"slideBackgroundSelector":{}},{"elements":[{"x":3.289473684210526,"y":6.497894682122992,"width":94.07894736842105,"height":90.9090909090909,"action":{"library":"H5P.Image 1.1","params":{"contentName":"Image","file":{"path":"images\/file-67062ea4b157e.gif","mime":"image\/gif","copyright":{"license":"U"},"width":1920,"height":1080}},"subContentId":"7d33083f-b1f6-42d6-ac86-6c3264c73d20","metadata":{"contentType":"Image","license":"U","title":"Untitled Image"}},"backgroundOpacity":0,"willDoAnimation":false,"animationType":"glow","displayAsButton":false,"buttonSize":"big","goToSlideType":"specified","invisible":false,"id":"imgdf76b2b4-642b-4427-b64b-186f7ef032f9_2"},{"x":36.18421052631579,"y":81.12495535080282,"width":39.99967105263158,"height":18.87774860945054,"action":{"library":"H5P.CRAdvancedText 1.1","params":{"text":"<p><span style=\"font-size:1.5em;color:hsl(0, 0%, 100%);\"><strong>\u1275\u127d\u12eb\u1208\u123d \u12e8\u1294 \u120d\u1305! \u1265\u1228\u122a!<\/strong><\/span><\/p>"},"subContentId":"7ab26b3a-62aa-40f6-86c9-a91724b7cb36","metadata":{"contentType":"Text","license":"U","title":"Untitled Text"}},"alwaysDisplayComments":false,"backgroundOpacity":0,"willDoAnimation":false,"animationType":"glow","displayAsButton":false,"buttonSize":"big","goToSlideType":"specified","invisible":false,"solution":""},{"x":47.00006578947369,"y":44.0012898320944,"width":40,"height":40,"action":{"library":"H5P.CRAudio 1.4","params":{"fitToWrapper":true,"currIndex":3,"playerMode":"minimalistic","controls":true,"autoplay":true,"playAudio":"Play audio","pauseAudio":"Pause audio","contentName":"Audio","glowColor":"#ffd85a","timeStampForEachText":[{"text":" \u1275\u127d\u12eb\u1208\u123d ","startDuration":"0.0000","endDuration":"0.7561","wordfile":[{"path":"audios\/wordfile-66e49c065c434.wav","mime":"audio\/x-wav","copyright":{"license":"U"}}]},{"text":" \u12e8\u1294 ","startDuration":"0.7480","endDuration":"0.9627","wordfile":[{"path":"audios\/wordfile-66e49f29ee844.wav","mime":"audio\/x-wav","copyright":{"license":"U"}}]},{"text":" \u120d\u1305! ","startDuration":"1.0129","endDuration":"1.6460","wordfile":[{"path":"audios\/wordfile-66e49c695fc04.wav","mime":"audio\/x-wav","copyright":{"license":"U"}}]},{"text":" \u1265\u1228\u122a! ","startDuration":"1.6470","endDuration":"2.7820","wordfile":[{"path":"audios\/wordfile-66e49c949ab78.wav","mime":"audio\/x-wav","copyright":{"license":"U"}}]}],"files":[{"path":"audios\/files-66e49b958a23e.wav","mime":"audio\/x-wav","copyright":{"license":"U"}}]},"subContentId":"e9d2f5c5-3fef-4cef-a74e-d68052c3267c","metadata":{"contentType":"Curious Reader Audio","license":"U","title":"Untitled Curious Reader Audio"}},"backgroundOpacity":0,"willDoAnimation":false,"animationType":"glow","displayAsButton":false,"buttonSize":"big","goToSlideType":"specified","invisible":false}],"slideBackgroundSelector":{}},{"slideBackgroundSelector":{},"elements":[{"x":3.289473684210526,"y":6.497894682122992,"width":93.75,"height":88.31168831168831,"action":{"library":"H5P.Image 1.1","params":{"contentName":"Image","file":{"path":"images\/file-67062efcf3123.gif","mime":"image\/gif","copyright":{"license":"U"},"width":1920,"height":1080}},"subContentId":"e8dc53c2-d105-4df2-a5b7-a1701c7e5cc0","metadata":{"contentType":"Image","license":"U","title":"Untitled Image"}},"backgroundOpacity":0,"willDoAnimation":false,"animationType":"glow","displayAsButton":false,"buttonSize":"big","goToSlideType":"specified","invisible":false},{"x":21.38157894736842,"y":77.27530694978202,"width":73.6842105263158,"height":22.727272727272727,"action":{"library":"H5P.CRAdvancedText 1.1","params":{"text":"<p><span style=\"color:#ffffff;\"><strong><span style=\"font-size:1.5em;\">\u12a5\u12e8\u1260\u1228\u122d\u12a9 \u1290\u12c9! \u12a0\u12ed\u12f0\u1208\u121d! \u12a5\u12e8\u12c8\u12f0\u1245\u123d \u1290\u12c9! \u12a0\u1208\u127d \u12dd\u1295\u1265<\/span><\/strong><\/span><\/p>\n"},"subContentId":"ce2927df-a0b9-4a89-bbc2-2224308b2c59","metadata":{"contentType":"Text","license":"U","title":"Untitled Text"}},"alwaysDisplayComments":false,"backgroundOpacity":0,"willDoAnimation":false,"animationType":"glow","displayAsButton":false,"buttonSize":"big","goToSlideType":"specified","invisible":false,"solution":""},{"x":47.03947368421053,"y":43.993506493506494,"width":40,"height":40,"action":{"library":"H5P.CRAudio 1.4","params":{"fitToWrapper":true,"currIndex":4,"playerMode":"minimalistic","controls":true,"autoplay":true,"playAudio":"Play audio","pauseAudio":"Pause audio","contentName":"Audio","glowColor":"#ffd85a","timeStampForEachText":[{"text":" \u12a5\u12e8\u1260\u1228\u122d\u12a9 ","startDuration":"0.0000","endDuration":"0.7265","wordfile":[{"path":"audios\/wordfile-66e49da37eed4.wav","mime":"audio\/x-wav","copyright":{"license":"U"}}]},{"text":" \u1290\u12c9! ","startDuration":"0.7275","endDuration":"1.4086","wordfile":[{"path":"audios\/wordfile-66e49dad0b9d9.wav","mime":"audio\/x-wav","copyright":{"license":"U"}}]},{"text":" \u12a0\u12ed\u12f0\u1208\u121d! ","startDuration":"1.4096","endDuration":"2.4176","wordfile":[{"path":"audios\/wordfile-66e49db66b0e9.wav","mime":"audio\/x-wav","copyright":{"license":"U"}}]},{"text":" \u12a5\u12e8\u12c8\u12f0\u1245\u123d ","startDuration":"2.4186","endDuration":"3.2178","wordfile":[{"path":"audios\/wordfile-66e49dc0ab2cc.wav","mime":"audio\/x-wav","copyright":{"license":"U"}}]},{"text":" \u1290\u12c9! ","startDuration":"3.2188","endDuration":"3.9816","wordfile":[{"path":"audios\/wordfile-66e49dcbeaba6.wav","mime":"audio\/x-wav","copyright":{"license":"U"}}]},{"text":" \u12a0\u1208\u127d ","startDuration":"3.9372","endDuration":"4.4731","wordfile":[{"path":"audios\/wordfile-66e49dfa3be48.wav","mime":"audio\/x-wav","copyright":{"license":"U"}}]},{"text":" \u12dd\u1295\u1265 ","startDuration":"4.4741","endDuration":"5.0554","wordfile":[{"path":"audios\/wordfile-66e49e03b12c3.wav","mime":"audio\/x-wav","copyright":{"license":"U"}}]}],"files":[{"path":"audios\/files-66dfdb4d2e774.wav","mime":"audio\/x-wav","copyright":{"license":"U"}}]},"subContentId":"4597cb00-b103-46a4-a902-8883bcaa9d0f","metadata":{"contentType":"Curious Reader Audio","license":"U","title":"Untitled Curious Reader Audio"}},"backgroundOpacity":0,"willDoAnimation":false,"animationType":"glow","displayAsButton":false,"buttonSize":"big","goToSlideType":"specified","invisible":false},{"x":4.934210526315789,"y":22.718946561314134,"width":15.784342105263159,"height":34.4355928679108,"action":{"library":"H5P.Image 1.1","params":{"contentName":"Image"},"subContentId":"a7c71e79-05f9-44da-9955-92921bed80ee","metadata":{"contentType":"Image","license":"U","title":"Untitled Image"}},"backgroundOpacity":0,"willDoAnimation":true,"animationType":"glow","displayAsButton":false,"buttonSize":"big","goToSlideType":"specified","invisible":false,"id":"img4597cb00-b103-46a4-a902-8883bcaa9d0f_6"}]},{"slideBackgroundSelector":{},"elements":[{"x":3.289473684210526,"y":3.248947341061496,"width":93.75,"height":90.9090909090909,"action":{"library":"H5P.Image 1.1","params":{"contentName":"Image","file":{"path":"images\/file-67062f1fe7eb8.gif","mime":"image\/gif","copyright":{"license":"U"},"width":1920,"height":1080}},"subContentId":"00d13905-04b0-4e3f-ab98-8e28b3ded548","metadata":{"contentType":"Image","license":"U","title":"Untitled Image"}},"backgroundOpacity":0,"willDoAnimation":false,"animationType":"glow","displayAsButton":false,"buttonSize":"big","goToSlideType":"specified","invisible":false},{"x":16.44736842105263,"y":77.27530694978202,"width":78.94736842105263,"height":22.727272727272727,"action":{"library":"H5P.CRAdvancedText 1.1","params":{"text":"<p><span style=\"color:#ffffff;\"><span style=\"font-size:1.5em;\">\u12a5\u12e8\u1260\u1228\u122d\u12a9 \u1290\u12c9! \u12a0\u12ed\u12f0\u1208\u121d! \u12a5\u12e8\u12c8\u12f0\u1245\u123d \u1290\u12c9! \u12a0\u1208\u127d \u12a5\u1295\u123d\u120b\u120a\u1275<\/span><\/span><\/p>\n"},"subContentId":"9604ec7c-1e64-4e05-aa63-b1576e115ac3","metadata":{"contentType":"Text","license":"U","title":"Untitled Text"}},"alwaysDisplayComments":false,"backgroundOpacity":0,"willDoAnimation":false,"animationType":"glow","displayAsButton":false,"buttonSize":"big","goToSlideType":"specified","invisible":false,"solution":""},{"x":93.75,"y":3.2467532467532467,"width":40,"height":40,"action":{"library":"H5P.CRAudio 1.4","params":{"fitToWrapper":true,"currIndex":5,"playerMode":"minimalistic","controls":true,"autoplay":true,"playAudio":"Play audio","pauseAudio":"Pause audio","contentName":"Audio","glowColor":"#ffd85a","timeStampForEachText":[{"text":" \u12a5\u12e8\u1260\u1228\u122d\u12a9 ","startDuration":"0.0000","endDuration":"0.7330","wordfile":[{"path":"audios\/wordfile-66e4a15907b3e.wav","mime":"audio\/x-wav","copyright":{"license":"U"}}]},{"text":" \u1290\u12c9! ","startDuration":"0.7330","endDuration":"1.3863","wordfile":[{"path":"audios\/wordfile-66e4a164d2f8b.wav","mime":"audio\/x-wav","copyright":{"license":"U"}}]},{"text":" \u12a0\u12ed\u12f0\u1208\u121d! ","startDuration":"1.3873","endDuration":"2.3878","wordfile":[{"path":"audios\/wordfile-66e4a16d752ad.wav","mime":"audio\/x-wav","copyright":{"license":"U"}}]},{"text":" \u12a5\u12e8\u12c8\u12f0\u1245\u123d ","startDuration":"2.3888","endDuration":"3.2254","wordfile":[{"path":"audios\/wordfile-66e4a177d034a.wav","mime":"audio\/x-wav","copyright":{"license":"U"}}]},{"text":" \u1290\u12c9! ","startDuration":"3.2264","endDuration":"3.6965","wordfile":[{"path":"audios\/wordfile-66e4a17f918ad.wav","mime":"audio\/x-wav","copyright":{"license":"U"}}]},{"text":" \u12a0\u1208\u127d ","startDuration":"3.7940","endDuration":"4.4666","wordfile":[{"path":"audios\/wordfile-66e4a18a801f9.wav","mime":"audio\/x-wav","copyright":{"license":"U"}}]},{"text":" \u12a5\u1295\u123d\u120b\u120a\u1275 ","startDuration":"4.4676","endDuration":"5.3910","wordfile":[{"path":"audios\/wordfile-66e4a19787137.wav","mime":"audio\/x-wav","copyright":{"license":"U"}}]}],"files":[{"path":"audios\/files-66df79b5da1a0.wav","mime":"audio\/x-wav","copyright":{"license":"U"}}]},"subContentId":"919db376-8102-46a7-a797-4a450bbecdbb","metadata":{"contentType":"Curious Reader Audio","license":"U","title":"Untitled Curious Reader Audio"}},"backgroundOpacity":0,"willDoAnimation":false,"animationType":"glow","displayAsButton":false,"buttonSize":"big","goToSlideType":"specified","invisible":false},{"x":3.287763157894737,"y":35.72834901491917,"width":19.077302631578945,"height":39.99941518947861,"action":{"library":"H5P.Image 1.1","params":{"contentName":"Image"},"subContentId":"5342bb79-52ee-4c18-a9ed-be395f414f65","metadata":{"contentType":"Image","license":"U","title":"Untitled Image"}},"backgroundOpacity":0,"willDoAnimation":true,"animationType":"glow","displayAsButton":false,"buttonSize":"big","goToSlideType":"specified","invisible":false,"id":"img919db376-8102-46a7-a797-4a450bbecdbb_6"}]},{"slideBackgroundSelector":{},"elements":[{"x":3.289473684210526,"y":3.248947341061496,"width":94.28571428571429,"height":93.30985915492958,"action":{"library":"H5P.Image 1.1","params":{"contentName":"Image","file":{"path":"images\/file-67062f3f5308e.gif","mime":"image\/gif","copyright":{"license":"U"},"width":1920,"height":1080}},"subContentId":"8a8f3cfc-0a05-4265-9953-2827af2ed4d1","metadata":{"contentType":"Image","license":"U","title":"Untitled Image"}},"backgroundOpacity":0,"willDoAnimation":false,"animationType":"glow","displayAsButton":false,"buttonSize":"big","goToSlideType":"specified","invisible":false},{"x":23.026315789473685,"y":80.5197704493323,"width":72.36842105263158,"height":19.48051948051948,"action":{"library":"H5P.CRAdvancedText 1.1","params":{"text":"<p><span style=\"color:#ffffff;\"><span style=\"font-size:1.5em;\">\u12a5\u12e8\u1260\u1228\u122d\u12a9 \u1290\u12c9! \u12a0\u12ed\u12f0\u1208\u121d! \u12a5\u12e8\u12c8\u12f0\u1245\u123d \u1290\u12c9! \u12a0\u1208 \u12a5\u1263\u1265<\/span><\/span><\/p>\n"},"subContentId":"5beb80bc-70c4-4c80-8388-ba1f5c82c5d9","metadata":{"contentType":"Text","license":"U","title":"Untitled Text"}},"alwaysDisplayComments":false,"backgroundOpacity":0,"willDoAnimation":false,"animationType":"glow","displayAsButton":false,"buttonSize":"big","goToSlideType":"specified","invisible":false,"solution":""},{"x":93.75,"y":3.2467532467532467,"width":40,"height":40,"action":{"library":"H5P.CRAudio 1.4","params":{"fitToWrapper":true,"currIndex":6,"playerMode":"minimalistic","controls":true,"autoplay":true,"playAudio":"Play audio","pauseAudio":"Pause audio","contentName":"Audio","glowColor":"#ffd85a","timeStampForEachText":[{"text":" \u12a5\u12e8\u1260\u1228\u122d\u12a9 ","startDuration":"0.0000","endDuration":"0.7265","wordfile":[{"path":"audios\/wordfile-66e4a30aa2697.wav","mime":"audio\/x-wav","copyright":{"license":"U"}}]},{"text":" \u1290\u12c9! ","startDuration":"0.7444","endDuration":"1.3438","wordfile":[{"path":"audios\/wordfile-66e4a316583e9.wav","mime":"audio\/x-wav","copyright":{"license":"U"}}]},{"text":" \u12a0\u12ed\u12f0\u1208\u121d! ","startDuration":"1.3448","endDuration":"2.4072","wordfile":[{"path":"audios\/wordfile-66e4a322e7fc1.wav","mime":"audio\/x-wav","copyright":{"license":"U"}}]},{"text":" \u12a5\u12e8\u12c8\u12f0\u1245\u123d ","startDuration":"2.4082","endDuration":"3.1801","wordfile":[{"path":"audios\/wordfile-66e4a330b4147.wav","mime":"audio\/x-wav","copyright":{"license":"U"}}]},{"text":" \u1290\u12c9! ","startDuration":"3.1811","endDuration":"3.7896","wordfile":[{"path":"audios\/wordfile-66e4a33ab0a6b.wav","mime":"audio\/x-wav","copyright":{"license":"U"}}]},{"text":" \u12a0\u1208 ","startDuration":"3.7906","endDuration":"4.4445","wordfile":[{"path":"audios\/wordfile-66e4a345bfcaa.wav","mime":"audio\/x-wav","copyright":{"license":"U"}}]},{"text":" \u12a5\u1263\u1265 ","startDuration":"4.4455","endDuration":"5.0994","wordfile":[{"path":"audios\/wordfile-66e4a3502a3ce.wav","mime":"audio\/x-wav","copyright":{"license":"U"}}]}],"files":[{"path":"audios\/files-66df7d91bb74c.wav","mime":"audio\/x-wav","copyright":{"license":"U"}}]},"subContentId":"042355eb-fd7e-447c-b5fa-9e68a419f3ab","metadata":{"contentType":"Curious Reader Audio","license":"U","title":"Untitled Curious Reader Audio"}},"backgroundOpacity":0,"willDoAnimation":false,"animationType":"glow","displayAsButton":false,"buttonSize":"big","goToSlideType":"specified","invisible":false},{"x":4.934210526315789,"y":25.98144201278786,"width":20.72203947368421,"height":66.92506627852576,"action":{"library":"H5P.Image 1.1","params":{"contentName":"Image"},"subContentId":"a77b271e-744c-49d4-a653-f2d4d95bff2b","metadata":{"contentType":"Image","license":"U","title":"Untitled Image"}},"backgroundOpacity":0,"willDoAnimation":true,"animationType":"glow","displayAsButton":false,"buttonSize":"big","goToSlideType":"specified","invisible":false,"id":"img042355eb-fd7e-447c-b5fa-9e68a419f3ab_6"}]},{"slideBackgroundSelector":{},"elements":[{"x":3.289473684210526,"y":6.497894682122992,"width":94.40789473684211,"height":89.6103896103896,"action":{"library":"H5P.Image 1.1","params":{"contentName":"Image","file":{"path":"images\/file-670632353d1e8.png","mime":"image\/png","copyright":{"license":"U"},"width":1278,"height":720}},"subContentId":"e26e50b2-f9eb-4e5a-beaa-df0796c74472","metadata":{"contentType":"Image","license":"U","title":"Untitled Image"}},"backgroundOpacity":0,"willDoAnimation":false,"animationType":"glow","displayAsButton":false,"buttonSize":"big","goToSlideType":"specified","invisible":false},{"x":27.960526315789473,"y":80.5197704493323,"width":62.5,"height":19.48051948051948,"action":{"library":"H5P.CRAdvancedText 1.1","params":{"text":"<p><span style=\"color:#ffffff;\"><span style=\"font-size:1.5em;\">\u12c8\u12ed \u12a5\u1294! \u12a5\u12e8\u1260\u1228\u122d\u12a9 \u12a0\u12ed\u12f0\u1208\u121d \u12a5\u12e8\u12c8\u12f0\u12a9 \u1290\u12c9!&nbsp; \u12a5\u1293\u1274 \u12a5\u122d\u1305\u129d!!<\/span><\/span><\/p>\n"},"subContentId":"d793c0c9-d29e-47b0-b8c9-b877e08fc547","metadata":{"contentType":"Text","license":"U","title":"Untitled Text"}},"alwaysDisplayComments":false,"backgroundOpacity":0,"willDoAnimation":false,"animationType":"glow","displayAsButton":false,"buttonSize":"big","goToSlideType":"specified","invisible":false,"solution":""},{"x":93.75,"y":3.2467532467532467,"width":40,"height":40,"action":{"library":"H5P.CRAudio 1.4","params":{"fitToWrapper":true,"currIndex":7,"playerMode":"minimalistic","controls":true,"autoplay":true,"playAudio":"Play audio","pauseAudio":"Pause audio","contentName":"Audio","glowColor":"#ffd85a","timeStampForEachText":[{"text":" \u12c8\u12ed ","startDuration":"0.0000","endDuration":"0.3362","wordfile":[{"path":"audios\/wordfile-66e4a4b383ff1.wav","mime":"audio\/x-wav","copyright":{"license":"U"}}]},{"text":" \u12a5\u1294! ","startDuration":"0.3372","endDuration":"1.0071","wordfile":[{"path":"audios\/wordfile-66e4a4e727cd7.wav","mime":"audio\/x-wav","copyright":{"license":"U"}}]},{"text":" \u12a5\u12e8\u1260\u1228\u122d\u12a9 ","startDuration":"1.1306","endDuration":"1.9980","wordfile":[{"path":"audios\/wordfile-66e4a4ff20ed4.wav","mime":"audio\/x-wav","copyright":{"license":"U"}}]},{"text":" \u12a0\u12ed\u12f0\u1208\u121d ","startDuration":"1.9990","endDuration":"2.6962","wordfile":[{"path":"audios\/wordfile-66e4a51007ab2.wav","mime":"audio\/x-wav","copyright":{"license":"U"}}]},{"text":" \u12a5\u12e8\u12c8\u12f0\u12a9 ","startDuration":"2.6836","endDuration":"3.2990","wordfile":[{"path":"audios\/wordfile-66e4a51c54b9f.wav","mime":"audio\/x-wav","copyright":{"license":"U"}}]},{"text":" \u1290\u12c9!\u00a0 ","startDuration":"3.2932","endDuration":"3.7520","wordfile":[{"path":"audios\/wordfile-66e4a52ddb01d.wav","mime":"audio\/x-wav","copyright":{"license":"U"}}]}],"files":[{"path":"audios\/files-66df7edebc363.wav","mime":"audio\/x-wav","copyright":{"license":"U"}}]},"subContentId":"23acfddb-059e-49c8-8dac-c4e44707d1c7","metadata":{"contentType":"Curious Reader Audio","license":"U","title":"Untitled Curious Reader Audio"}},"backgroundOpacity":0,"willDoAnimation":false,"animationType":"glow","displayAsButton":false,"buttonSize":"big","goToSlideType":"specified","invisible":false}]},{"slideBackgroundSelector":{},"elements":[{"x":3.289473684210526,"y":6.497894682122992,"width":94.40789473684211,"height":89.6103896103896,"action":{"library":"H5P.Image 1.1","params":{"contentName":"Image","file":{"path":"images\/file-670632851617a.png","mime":"image\/png","copyright":{"license":"U"},"width":1278,"height":720}},"subContentId":"e26e50b2-f9eb-4e5a-beaa-df0796c74472","metadata":{"contentType":"Image","license":"U","title":"Untitled Image"}},"backgroundOpacity":0,"willDoAnimation":false,"animationType":"glow","displayAsButton":false,"buttonSize":"big","goToSlideType":"specified","invisible":false},{"x":37.828947368421055,"y":84.3738247120087,"width":39.99967105263158,"height":15.628801268389044,"action":{"library":"H5P.CRAdvancedText 1.1","params":{"text":"<p><span style=\"font-size:1.5em;color:hsl(0, 0%, 100%);\"><strong>\u12a5\u1293\u1274 \u12a5\u122d\u1305\u129d!!<\/strong><\/span><\/p>"},"subContentId":"0a37df8f-05e4-4fb8-bf37-392245f594b0","metadata":{"contentType":"Text","license":"U","title":"Untitled Text"}},"alwaysDisplayComments":false,"backgroundOpacity":0,"willDoAnimation":false,"animationType":"glow","displayAsButton":false,"buttonSize":"big","goToSlideType":"specified","invisible":false,"solution":""},{"x":47.00006578947369,"y":44.0012898320944,"width":40,"height":40,"action":{"library":"H5P.CRAudio 1.4","params":{"fitToWrapper":true,"currIndex":8,"playerMode":"minimalistic","controls":true,"autoplay":true,"playAudio":"Play audio","pauseAudio":"Pause audio","contentName":"Audio","glowColor":"#ffd85a","timeStampForEachText":[{"text":" \u12a5\u1293\u1274 ","startDuration":"0.0000","endDuration":"0.8961","wordfile":[{"path":"audios\/wordfile-66e4a692f3289.wav","mime":"audio\/x-wav","copyright":{"license":"U"}}]},{"text":" \u12a5\u122d\u1305\u129d!! ","startDuration":"0.8971","endDuration":"1.8691","wordfile":[{"path":"audios\/wordfile-66e4a6a591945.wav","mime":"audio\/x-wav","copyright":{"license":"U"}}]}],"files":[{"path":"audios\/files-66e4a67a0c251.wav","mime":"audio\/x-wav","copyright":{"license":"U"}}]},"subContentId":"4be62a90-46a1-4822-ac17-39bc5ca81eb2","metadata":{"contentType":"Curious Reader Audio","license":"U","title":"Untitled Curious Reader Audio"}},"backgroundOpacity":0,"willDoAnimation":false,"animationType":"glow","displayAsButton":false,"buttonSize":"big","goToSlideType":"specified","invisible":false}]},{"slideBackgroundSelector":{},"elements":[{"x":3.289473684210526,"y":3.248947341061496,"width":92.10526315789473,"height":89.5910780669145,"action":{"library":"H5P.Image 1.1","params":{"contentName":"Image","file":{"path":"images\/file-670632d8c9eca.jpg","mime":"image\/jpeg","copyright":{"license":"U"},"width":1280,"height":720}},"subContentId":"e996b9c2-29c1-43ac-8761-076a1b80d4dc","metadata":{"contentType":"Image","license":"U","title":"Untitled Image"}},"backgroundOpacity":0,"willDoAnimation":false,"animationType":"glow","displayAsButton":false,"buttonSize":"big","goToSlideType":"specified","invisible":false},{"x":41.118421052631575,"y":77.9747361854759,"width":39.99967105263158,"height":12.992410459011282,"action":{"library":"H5P.CRAdvancedText 1.1","params":{"text":"<p><span style=\"font-size:1.5em;color:hsl(0, 0%, 100%);\"><strong>\u12a0\u12ed\u12de\u123d! \u12a0\u1233\u12ed\u123b\u1208\u12c9\u1362<\/strong><\/span><\/p>"},"subContentId":"a8c02109-0733-4f39-8cff-f29ac6f4f99b","metadata":{"contentType":"Text","license":"U","title":"Untitled Text"}},"alwaysDisplayComments":false,"backgroundOpacity":0,"willDoAnimation":false,"animationType":"glow","displayAsButton":false,"buttonSize":"big","goToSlideType":"specified","invisible":false,"solution":""},{"x":47.00006578947369,"y":44.0012898320944,"width":40,"height":40,"action":{"library":"H5P.CRAudio 1.4","params":{"fitToWrapper":true,"currIndex":9,"playerMode":"minimalistic","controls":true,"autoplay":true,"playAudio":"Play audio","pauseAudio":"Pause audio","contentName":"Audio","glowColor":"#ffd85a","timeStampForEachText":[{"text":" \u12a0\u12ed\u12de\u123d! ","startDuration":"0.0000","endDuration":"1.0416","wordfile":[{"path":"audios\/wordfile-66e9266e72d63.wav","mime":"audio\/x-wav","copyright":{"license":"U"}}]},{"text":" \u12a0\u1233\u12ed\u123b\u1208\u12c9\u1362 ","startDuration":"1.0426","endDuration":"2.4573","wordfile":[{"path":"audios\/wordfile-66e92681ceb1d.wav","mime":"audio\/x-wav","copyright":{"license":"U"}}]}],"files":[{"path":"audios\/files-66e925d0763e3.wav","mime":"audio\/x-wav","copyright":{"license":"U"}}]},"subContentId":"ea8348b1-f4fe-4d32-b907-64adefe8596e","metadata":{"contentType":"Curious Reader Audio","license":"U","title":"Untitled Curious Reader Audio"}},"backgroundOpacity":0,"willDoAnimation":false,"animationType":"glow","displayAsButton":false,"buttonSize":"big","goToSlideType":"specified","invisible":false}]},{"slideBackgroundSelector":{},"elements":[{"x":3.2679738562091503,"y":4.303537077123688,"width":92.10526315789473,"height":89.5910780669145,"action":{"library":"H5P.Image 1.1","params":{"contentName":"Image","file":{"path":"images\/file-670633a701cd2.gif","mime":"image\/gif","copyright":{"license":"U"},"width":1280,"height":720}},"subContentId":"e996b9c2-29c1-43ac-8761-076a1b80d4dc","metadata":{"contentType":"Image","license":"U","title":"Untitled Image"}},"backgroundOpacity":0,"willDoAnimation":false,"animationType":"glow","displayAsButton":false,"buttonSize":"big","goToSlideType":"specified","invisible":false},{"x":31.25,"y":77.9747361854759,"width":50.985197368421055,"height":16.237978894838072,"action":{"library":"H5P.CRAdvancedText 1.1","params":{"text":"<p><span style=\"font-size:1.5em;color:hsl(0, 0%, 100%);\"><strong>\u12ad\u1295\u134e\u127d\u123d\u1295 \u12a5\u1295\u12f0\u12da\u1205 \u12a0\u12f5\u122d\u130a\u12eb\u1278\u12c9\u1362<\/strong><\/span><\/p>"},"subContentId":"fbb41aee-2124-4db7-b286-976a0d8c2a40","metadata":{"contentType":"Text","license":"U","title":"Untitled Text"}},"alwaysDisplayComments":false,"backgroundOpacity":0,"willDoAnimation":false,"animationType":"glow","displayAsButton":false,"buttonSize":"big","goToSlideType":"specified","invisible":false,"solution":""},{"x":47.00006578947369,"y":44.0012898320944,"width":40,"height":40,"action":{"library":"H5P.CRAudio 1.4","params":{"fitToWrapper":true,"currIndex":10,"playerMode":"minimalistic","controls":true,"autoplay":true,"playAudio":"Play audio","pauseAudio":"Pause audio","contentName":"Audio","glowColor":"#ffd85a","timeStampForEachText":[{"text":" \u12ad\u1295\u134e\u127d\u123d\u1295 ","startDuration":"0.0000","endDuration":"1.0287","wordfile":[{"path":"audios\/wordfile-66e874e70ca90.wav","mime":"audio\/x-wav","copyright":{"license":"U"}}]},{"text":" \u12a5\u1295\u12f0\u12da\u1205 ","startDuration":"0.9748","endDuration":"1.9212","wordfile":[{"path":"audios\/wordfile-66e875077d9fa.wav","mime":"audio\/x-wav","copyright":{"license":"U"}}]},{"text":" \u12a0\u12f5\u122d\u130a\u12eb\u1278\u12c9\u1362 ","startDuration":"2.0006","endDuration":"3.1116","wordfile":[{"path":"audios\/wordfile-66e87557a6f24.wav","mime":"audio\/x-wav","copyright":{"license":"U"}}]}],"files":[{"path":"audios\/files-66e874a00210f.wav","mime":"audio\/x-wav","copyright":{"license":"U"}}]},"subContentId":"8116b00b-392a-45cf-9414-150236dffe7b","metadata":{"contentType":"Curious Reader Audio","license":"U","title":"Untitled Curious Reader Audio"}},"backgroundOpacity":0,"willDoAnimation":false,"animationType":"glow","displayAsButton":false,"buttonSize":"big","goToSlideType":"specified","invisible":false},{"x":31.25,"y":12.992410459011284,"width":22.366776315789476,"height":27.92739902271664,"action":{"library":"H5P.Image 1.1","params":{"contentName":"Image"},"subContentId":"612f87a7-c72d-4326-bfdd-a0f492b674a8","metadata":{"contentType":"Image","license":"U","title":"Untitled Image"}},"backgroundOpacity":0,"willDoAnimation":true,"animationType":"glow","displayAsButton":false,"buttonSize":"big","goToSlideType":"specified","invisible":false,"id":"img8116b00b-392a-45cf-9414-150236dffe7b_0"},{"x":70.72368421052632,"y":12.992410459011284,"width":22.366776315789476,"height":24.68186307636326,"action":{"library":"H5P.Image 1.1","params":{"contentName":"Image"},"subContentId":"ad58e711-27cc-425b-8822-ea63f7685934","metadata":{"contentType":"Image","license":"U","title":"Untitled Image"}},"backgroundOpacity":0,"willDoAnimation":true,"animationType":"glow","displayAsButton":false,"buttonSize":"big","goToSlideType":"specified","invisible":false,"id":"img8116b00b-392a-45cf-9414-150236dffe7b_0"}]},{"slideBackgroundSelector":{},"elements":[{"x":3.289473684210526,"y":3.248947341061496,"width":92.10526315789473,"height":89.5910780669145,"action":{"library":"H5P.Image 1.1","params":{"contentName":"Image","file":{"path":"images\/file-6706341e0473b.png","mime":"image\/png","copyright":{"license":"U"},"width":1168,"height":656}},"subContentId":"e996b9c2-29c1-43ac-8761-076a1b80d4dc","metadata":{"contentType":"Image","license":"U","title":"Untitled Image"}},"backgroundOpacity":0,"willDoAnimation":false,"animationType":"glow","displayAsButton":false,"buttonSize":"big","goToSlideType":"specified","invisible":false},{"x":39.473684210526315,"y":81.22368352653741,"width":39.99967105263158,"height":9.743463117949785,"action":{"library":"H5P.CRAdvancedText 1.1","params":{"text":"<p><span style=\"font-size:1.5em;color:hsl(0, 0%, 100%);\"><strong>\u1260\u134d\u1325\u1290\u1275 \u12a0\u1295\u1240\u1233\u1245\u123a\u1362<\/strong><\/span><\/p>"},"subContentId":"b5e38911-2e30-416c-bf09-f4616925f883","metadata":{"contentType":"Text","license":"U","title":"Untitled Text"}},"alwaysDisplayComments":false,"backgroundOpacity":0,"willDoAnimation":false,"animationType":"glow","displayAsButton":false,"buttonSize":"big","goToSlideType":"specified","invisible":false,"solution":""},{"x":47.00006578947369,"y":44.0012898320944,"width":40,"height":40,"action":{"library":"H5P.CRAudio 1.4","params":{"fitToWrapper":true,"currIndex":11,"playerMode":"minimalistic","controls":true,"autoplay":true,"playAudio":"Play audio","pauseAudio":"Pause audio","contentName":"Audio","glowColor":"#ffd85a","timeStampForEachText":[{"text":" \u1260\u134d\u1325\u1290\u1275 ","startDuration":"0.0000","endDuration":"0.9088","wordfile":[{"path":"audios\/wordfile-66e8786a6a3f0.wav","mime":"audio\/x-wav","copyright":{"license":"U"}}]},{"text":" \u12a0\u1295\u1240\u1233\u1245\u123a\u1362 ","startDuration":"0.9098","endDuration":"2.0345","wordfile":[{"path":"audios\/wordfile-66e8787e47014.wav","mime":"audio\/x-wav","copyright":{"license":"U"}}]}],"files":[{"path":"audios\/files-66e878540489d.wav","mime":"audio\/x-wav","copyright":{"license":"U"}}]},"subContentId":"17c8289c-c0a3-4f48-a231-6939db5662d4","metadata":{"contentType":"Curious Reader Audio","license":"U","title":"Untitled Curious Reader Audio"}},"backgroundOpacity":0,"willDoAnimation":false,"animationType":"glow","displayAsButton":false,"buttonSize":"big","goToSlideType":"specified","invisible":false}]},{"slideBackgroundSelector":{},"elements":[{"x":3.289473684210526,"y":3.248947341061496,"width":92.10526315789473,"height":89.5910780669145,"action":{"library":"H5P.Image 1.1","params":{"contentName":"Image","file":{"path":"images\/file-670634c1a9703.png","mime":"image\/png","copyright":{"license":"U"},"width":1165,"height":659}},"subContentId":"e996b9c2-29c1-43ac-8761-076a1b80d4dc","metadata":{"contentType":"Image","license":"U","title":"Untitled Image"}},"backgroundOpacity":0,"willDoAnimation":false,"animationType":"glow","displayAsButton":false,"buttonSize":"big","goToSlideType":"specified","invisible":false},{"x":39.473684210526315,"y":77.9747361854759,"width":39.99967105263158,"height":12.992410459011282,"action":{"library":"H5P.CRAdvancedText 1.1","params":{"text":"<p><span style=\"font-size:1.5em;color:hsl(0, 0%, 100%);\"><strong>\u12a0\u1201\u1295\u121d \u1260\u134d\u1325\u1290\u1275\u1362<\/strong><\/span><\/p>"},"subContentId":"d6ab4b79-ae4d-415b-b892-1c3ede295065","metadata":{"contentType":"Text","license":"U","title":"Untitled Text"}},"alwaysDisplayComments":false,"backgroundOpacity":0,"willDoAnimation":false,"animationType":"glow","displayAsButton":false,"buttonSize":"big","goToSlideType":"specified","invisible":false,"solution":""},{"x":47.00006578947369,"y":44.0012898320944,"width":40,"height":40,"action":{"library":"H5P.CRAudio 1.4","params":{"fitToWrapper":true,"currIndex":12,"playerMode":"minimalistic","controls":true,"autoplay":true,"playAudio":"Play audio","pauseAudio":"Pause audio","contentName":"Audio","glowColor":"#ffd85a","timeStampForEachText":[{"text":" \u12a0\u1201\u1295\u121d ","startDuration":"0.0000","endDuration":"1.0859","wordfile":[{"path":"audios\/wordfile-66e878f36181f.wav","mime":"audio\/x-wav","copyright":{"license":"U"}}]},{"text":" \u1260\u134d\u1325\u1290\u1275\u1362 ","startDuration":"1.0551","endDuration":"2.5759","wordfile":[{"path":"audios\/wordfile-66e8791e58c5d.wav","mime":"audio\/x-wav","copyright":{"license":"U"}}]}],"files":[{"path":"audios\/files-66e878c36b788.wav","mime":"audio\/x-wav","copyright":{"license":"U"}}]},"subContentId":"3f4b6653-956e-4438-9d4a-7630d5c89b63","metadata":{"contentType":"Curious Reader Audio","license":"U","title":"Untitled Curious Reader Audio"}},"backgroundOpacity":0,"willDoAnimation":false,"animationType":"glow","displayAsButton":false,"buttonSize":"big","goToSlideType":"specified","invisible":false}]},{"slideBackgroundSelector":{},"elements":[{"x":1.644736842105263,"y":3.248947341061496,"width":95.02868068833651,"height":93.9622641509434,"action":{"library":"H5P.Image 1.1","params":{"contentName":"Image","file":{"path":"images\/file-67063503857fd.gif","mime":"image\/gif","copyright":{"license":"U"},"width":1920,"height":1080}},"subContentId":"62ac2716-d90a-46a7-ad5b-40ca3117bb41","metadata":{"contentType":"Image","license":"U","title":"Untitled Image"}},"backgroundOpacity":0,"willDoAnimation":false,"animationType":"glow","displayAsButton":false,"buttonSize":"big","goToSlideType":"specified","invisible":false},{"x":23.026315789473685,"y":80.34707792207793,"width":70.72368421052632,"height":19.48051948051948,"action":{"library":"H5P.CRAdvancedText 1.1","params":{"text":"<p><span style=\"color:#ffffff;\"><span style=\"font-size:1.5em;\"><strong>\u12a5\u12e8\u1260\u1228\u122d\u12a9 \u1290\u12c9! \u12a0\u12ce! \u12a0\u1201\u1295 \u12a5\u12e8\u1260\u1228\u122d\u123d \u1290\u12c9! \u12a0\u1208 \u12a5\u1263\u1265<\/strong><\/span><\/span><\/p>\n"},"subContentId":"5cd471d6-a670-4cb5-9197-d1f9ba4a2dd0","metadata":{"contentType":"Text","license":"U","title":"Untitled Text"}},"alwaysDisplayComments":false,"backgroundOpacity":0,"willDoAnimation":false,"animationType":"glow","displayAsButton":false,"buttonSize":"big","goToSlideType":"specified","invisible":false,"solution":""},{"x":47.03947368421053,"y":43.993506493506494,"width":40,"height":40,"action":{"library":"H5P.CRAudio 1.4","params":{"fitToWrapper":true,"currIndex":13,"playerMode":"minimalistic","controls":true,"autoplay":true,"playAudio":"Play audio","pauseAudio":"Pause audio","contentName":"Audio","glowColor":"#ffd85a","timeStampForEachText":[{"text":" \u12a5\u12e8\u1260\u1228\u122d\u12a9 ","startDuration":"0.0000","endDuration":"0.7485","wordfile":[{"path":"audios\/wordfile-66e91e4194c2e.wav","mime":"audio\/x-wav","copyright":{"license":"U"}}]},{"text":" \u1290\u12c9! ","startDuration":"0.7495","endDuration":"1.3845","wordfile":[{"path":"audios\/wordfile-66e91e5ea938b.wav","mime":"audio\/x-wav","copyright":{"license":"U"}}]},{"text":" \u12a0\u12ce! ","startDuration":"1.3855","endDuration":"2.1812","wordfile":[{"path":"audios\/wordfile-66e91e90ca247.wav","mime":"audio\/x-wav","copyright":{"license":"U"}}]},{"text":" \u12a0\u1201\u1295 ","startDuration":"2.1822","endDuration":"2.6753","wordfile":[{"path":"audios\/wordfile-66e91ec38292e.wav","mime":"audio\/x-wav","copyright":{"license":"U"}}]},{"text":" \u12a5\u12e8\u1260\u1228\u122d\u123d ","startDuration":"2.6763","endDuration":"3.3491","wordfile":[{"path":"audios\/wordfile-66e91eccd3ce1.wav","mime":"audio\/x-wav","copyright":{"license":"U"}}]},{"text":" \u1290\u12c9! ","startDuration":"3.3501","endDuration":"3.9094","wordfile":[{"path":"audios\/wordfile-66e91edbc0a30.wav","mime":"audio\/x-wav","copyright":{"license":"U"}}]},{"text":" \u12a0\u1208 ","startDuration":"3.9104","endDuration":"4.6210","wordfile":[{"path":"audios\/wordfile-66e91ef9a6ccf.wav","mime":"audio\/x-wav","copyright":{"license":"U"}}]},{"text":" \u12a5\u1263\u1265 ","startDuration":"4.6220","endDuration":"5.3137","wordfile":[{"path":"audios\/wordfile-66e91f064de0a.wav","mime":"audio\/x-wav","copyright":{"license":"U"}}]}],"files":[{"path":"audios\/files-66df815ead1d2.wav","mime":"audio\/x-wav","copyright":{"license":"U"}}]},"subContentId":"32473404-feb4-49e5-82a5-a2dacbcb560f","metadata":{"contentType":"Curious Reader Audio","license":"U","title":"Untitled Curious Reader Audio"}},"backgroundOpacity":0,"willDoAnimation":false,"animationType":"glow","displayAsButton":false,"buttonSize":"big","goToSlideType":"specified","invisible":false},{"x":4.934210526315789,"y":29.240526069553468,"width":17.43256578947368,"height":63.67611893746427,"action":{"library":"H5P.Image 1.1","params":{"contentName":"Image"},"subContentId":"c974a98a-620e-498c-a3c2-0988925ba3e0","metadata":{"contentType":"Image","license":"U","title":"Untitled Image"}},"backgroundOpacity":0,"willDoAnimation":true,"animationType":"glow","displayAsButton":false,"buttonSize":"big","goToSlideType":"specified","invisible":false,"id":"img32473404-feb4-49e5-82a5-a2dacbcb560f_7"}]},{"slideBackgroundSelector":{},"elements":[{"x":3.289473684210526,"y":6.497894682122992,"width":93.11663479923517,"height":90.18867924528303,"action":{"library":"H5P.Image 1.1","params":{"contentName":"Image","file":{"path":"images\/file-6706352827bf1.gif","mime":"image\/gif","copyright":{"license":"U"},"width":1920,"height":1080}},"subContentId":"284ba883-a0a2-4717-b7e3-1aacaad76d7d","metadata":{"contentType":"Image","license":"U","title":"Untitled Image"}},"backgroundOpacity":0,"willDoAnimation":false,"animationType":"glow","displayAsButton":false,"buttonSize":"big","goToSlideType":"specified","invisible":false},{"x":14.802631578947368,"y":81.16883116883116,"width":80.92105263157895,"height":17.532467532467532,"action":{"library":"H5P.CRAdvancedText 1.1","params":{"text":"<p><span style=\"color:#ffffff;\"><span style=\"font-size:1.5em;\"><strong>\u12a5\u12e8\u1260\u1228\u122d\u12a9 \u1290\u12c9! \u12a0\u12ce! \u12a0\u1201\u1295 \u12a5\u12e8\u1260\u1228\u122d\u123d \u1290\u12c9! \u12a0\u1208\u127d \u12a5\u1295\u123d\u120b\u120a\u1275<\/strong><\/span><\/span><\/p>\n"},"subContentId":"90010f9b-412e-4356-9179-2f22ec500b34","metadata":{"contentType":"Text","license":"U","title":"Untitled Text"}},"alwaysDisplayComments":false,"backgroundOpacity":0,"willDoAnimation":false,"animationType":"glow","displayAsButton":false,"buttonSize":"big","goToSlideType":"specified","invisible":false,"solution":""},{"x":93.75,"y":3.2467532467532467,"width":40,"height":40,"action":{"library":"H5P.CRAudio 1.4","params":{"fitToWrapper":true,"currIndex":14,"playerMode":"minimalistic","controls":true,"autoplay":true,"playAudio":"Play audio","pauseAudio":"Pause audio","contentName":"Audio","glowColor":"#ffd85a","timeStampForEachText":[{"text":" \u12a5\u12e8\u1260\u1228\u122d\u12a9 ","startDuration":"0.0000","endDuration":"0.7409","wordfile":[{"path":"audios\/wordfile-66e9209895a81.wav","mime":"audio\/x-wav","copyright":{"license":"U"}}]},{"text":" \u1290\u12c9! ","startDuration":"0.7419","endDuration":"1.3294","wordfile":[{"path":"audios\/wordfile-66e920a8e7192.wav","mime":"audio\/x-wav","copyright":{"license":"U"}}]},{"text":" \u12a0\u12ce! ","startDuration":"1.3304","endDuration":"2.2624","wordfile":[{"path":"audios\/wordfile-66e920b2ab0f4.wav","mime":"audio\/x-wav","copyright":{"license":"U"}}]},{"text":" \u12a0\u1201\u1295 ","startDuration":"2.1235","endDuration":"2.7002","wordfile":[{"path":"audios\/wordfile-66e920bfa91d2.wav","mime":"audio\/x-wav","copyright":{"license":"U"}}]},{"text":" \u12a5\u12e8\u1260\u1228\u122d\u123d ","startDuration":"2.7012","endDuration":"3.3964","wordfile":[{"path":"audios\/wordfile-66e920cab3d2a.wav","mime":"audio\/x-wav","copyright":{"license":"U"}}]},{"text":" \u1290\u12c9! ","startDuration":"3.3974","endDuration":"3.8665","wordfile":[{"path":"audios\/wordfile-66e920d5da049.wav","mime":"audio\/x-wav","copyright":{"license":"U"}}]},{"text":" \u12a0\u1208\u127d ","startDuration":"3.8675","endDuration":"4.4442","wordfile":[{"path":"audios\/wordfile-66e920ee37385.wav","mime":"audio\/x-wav","copyright":{"license":"U"}}]},{"text":" \u12a5\u1295\u123d\u120b\u120a\u1275 ","startDuration":"4.4354","endDuration":"5.4998","wordfile":[{"path":"audios\/wordfile-66e920f931c1e.wav","mime":"audio\/x-wav","copyright":{"license":"U"}}]}],"files":[{"path":"audios\/files-66df840071aec.wav","mime":"audio\/x-wav","copyright":{"license":"U"}}]},"subContentId":"7bb9923b-85c3-442e-887f-6a4659f1ae12","metadata":{"contentType":"Curious Reader Audio","license":"U","title":"Untitled Curious Reader Audio"}},"backgroundOpacity":0,"willDoAnimation":false,"animationType":"glow","displayAsButton":false,"buttonSize":"big","goToSlideType":"specified","invisible":false},{"x":4.934210526315789,"y":48.73096116858139,"width":19.077302631578945,"height":43.23796589904871,"action":{"library":"H5P.Image 1.1","params":{"contentName":"Image"},"subContentId":"e61c179a-a163-4c59-8d50-cd2b122a55a2","metadata":{"contentType":"Image","license":"U","title":"Untitled Image"}},"backgroundOpacity":0,"willDoAnimation":true,"animationType":"glow","displayAsButton":false,"buttonSize":"big","goToSlideType":"specified","invisible":false,"id":"img7bb9923b-85c3-442e-887f-6a4659f1ae12_7"}]},{"slideBackgroundSelector":{},"elements":[{"x":3.289473684210526,"y":6.497894682122992,"width":93.11663479923517,"height":86.79245283018868,"action":{"library":"H5P.Image 1.1","params":{"contentName":"Image","file":{"path":"images\/file-6706358557654.gif","mime":"image\/gif","copyright":{"license":"U"},"width":1920,"height":1080}},"subContentId":"92a6f5ba-1523-437a-896c-27e5b77d4edd","metadata":{"contentType":"Image","license":"U","title":"Untitled Image"}},"backgroundOpacity":0,"willDoAnimation":false,"animationType":"glow","displayAsButton":false,"buttonSize":"big","goToSlideType":"specified","invisible":false},{"x":21.38157894736842,"y":78.8961038961039,"width":72.36842105263158,"height":21.103896103896105,"action":{"library":"H5P.CRAdvancedText 1.1","params":{"text":"<p><span style=\"color:#ffffff;\"><span style=\"font-size:1.5em;\"><strong>\u12a5\u12e8\u1260\u1228\u122d\u12a9 \u1290\u12c9! \u12a0\u12ce! \u12a0\u1201\u1295 \u12a5\u12e8\u1260\u1228\u122d\u123d \u1290\u12c9! \u12a0\u1208\u127d \u12dd\u1295\u1265<\/strong><\/span><\/span><\/p>\n"},"subContentId":"62f7205e-2fee-4834-8065-ea5df84bf32f","metadata":{"contentType":"Text","license":"U","title":"Untitled Text"}},"alwaysDisplayComments":false,"backgroundOpacity":0,"willDoAnimation":false,"animationType":"glow","displayAsButton":false,"buttonSize":"big","goToSlideType":"specified","invisible":false,"solution":""},{"x":93.75,"y":3.2467532467532467,"width":40,"height":40,"action":{"library":"H5P.CRAudio 1.4","params":{"fitToWrapper":true,"currIndex":15,"playerMode":"minimalistic","controls":true,"autoplay":true,"playAudio":"Play audio","pauseAudio":"Pause audio","contentName":"Audio","glowColor":"#ffd85a","timeStampForEachText":[{"text":" \u12a5\u12e8\u1260\u1228\u122d\u12a9 ","startDuration":"0.0000","endDuration":"0.6860","wordfile":[{"path":"audios\/wordfile-66e92139238f7.wav","mime":"audio\/x-wav","copyright":{"license":"U"}}]},{"text":" \u1290\u12c9! ","startDuration":"0.6870","endDuration":"1.3135","wordfile":[{"path":"audios\/wordfile-66e92147d8634.wav","mime":"audio\/x-wav","copyright":{"license":"U"}}]},{"text":" \u12a0\u12ce! ","startDuration":"1.3145","endDuration":"2.1592","wordfile":[{"path":"audios\/wordfile-66e92156cc2c8.wav","mime":"audio\/x-wav","copyright":{"license":"U"}}]},{"text":" \u12a0\u1201\u1295 ","startDuration":"2.1602","endDuration":"2.6776","wordfile":[{"path":"audios\/wordfile-66e92165db51d.wav","mime":"audio\/x-wav","copyright":{"license":"U"}}]},{"text":" \u12a5\u12e8\u1260\u1228\u122d\u123d ","startDuration":"2.6786","endDuration":"3.3547","wordfile":[{"path":"audios\/wordfile-66e9217345255.wav","mime":"audio\/x-wav","copyright":{"license":"U"}}]},{"text":" \u1290\u12c9! ","startDuration":"3.3557","endDuration":"3.9425","wordfile":[{"path":"audios\/wordfile-66e9218380bfe.wav","mime":"audio\/x-wav","copyright":{"license":"U"}}]},{"text":" \u12a0\u1208\u127d ","startDuration":"3.9733","endDuration":"4.5204","wordfile":[{"path":"audios\/wordfile-66e921ae34355.wav","mime":"audio\/x-wav","copyright":{"license":"U"}}]},{"text":" \u12dd\u1295\u1265 ","startDuration":"4.5214","endDuration":"5.0388","wordfile":[{"path":"audios\/wordfile-66e921c0acb6c.wav","mime":"audio\/x-wav","copyright":{"license":"U"}}]}],"files":[{"path":"audios\/files-66df858348d4a.wav","mime":"audio\/x-wav","copyright":{"license":"U"}}]},"subContentId":"0f020530-d395-4246-bec1-104d3f4df157","metadata":{"contentType":"Curious Reader Audio","license":"U","title":"Untitled Curious Reader Audio"}},"backgroundOpacity":0,"willDoAnimation":false,"animationType":"glow","displayAsButton":false,"buttonSize":"big","goToSlideType":"specified","invisible":false},{"x":6.578947368421052,"y":38.96103896103896,"width":19.07894736842105,"height":27.92207792207792,"action":{"library":"H5P.Image 1.1","params":{"contentName":"Image"},"subContentId":"c26a0dc4-bf51-49c7-a00c-cad0e8964896","metadata":{"contentType":"Image","license":"U","title":"Untitled Image"}},"backgroundOpacity":0,"willDoAnimation":true,"animationType":"glow","displayAsButton":false,"buttonSize":"big","goToSlideType":"specified","invisible":false,"id":"img0f020530-d395-4246-bec1-104d3f4df157_7"}]},{"slideBackgroundSelector":{},"elements":[{"x":3.289473684210526,"y":6.497894682122992,"width":93.11663479923517,"height":86.79245283018868,"action":{"library":"H5P.Image 1.1","params":{"contentName":"Image","file":{"path":"images\/file-670635aea4279.gif","mime":"image\/gif","copyright":{"license":"U"},"width":1920,"height":1080}},"subContentId":"5f6819b0-118c-483b-9e14-ac63fae6097f","metadata":{"contentType":"Image","license":"U","title":"Untitled Image"}},"backgroundOpacity":0,"willDoAnimation":false,"animationType":"glow","displayAsButton":false,"buttonSize":"big","goToSlideType":"specified","invisible":false},{"x":21.38157894736842,"y":80.5096840343078,"width":57.5641447368421,"height":19.490305141134275,"action":{"library":"H5P.CRAdvancedText 1.1","params":{"text":"<p><span style=\"font-size:1.5em;color:hsl(0, 0%, 100%);\"><strong>\u12a0\u1218\u1230\u130d\u1293\u1208\u12c9 \u12a5\u121b\u12ec! \u12a0\u1201\u1295 \u1218\u1265\u1228\u122d \u127d\u12eb\u1208\u1201!<\/strong><\/span><\/p>"},"subContentId":"02556fe5-2299-434e-908a-fe4be90382b5","metadata":{"contentType":"Text","license":"U","title":"Untitled Text"}},"alwaysDisplayComments":false,"backgroundOpacity":0,"willDoAnimation":false,"animationType":"glow","displayAsButton":false,"buttonSize":"big","goToSlideType":"specified","invisible":false,"solution":""},{"x":47.00006578947369,"y":44.0012898320944,"width":40,"height":40,"action":{"library":"H5P.CRAudio 1.4","params":{"fitToWrapper":true,"currIndex":16,"playerMode":"minimalistic","controls":true,"autoplay":true,"playAudio":"Play audio","pauseAudio":"Pause audio","contentName":"Audio","glowColor":"#ffd85a","timeStampForEachText":[{"text":" \u12a0\u1218\u1230\u130d\u1293\u1208\u12c9 ","startDuration":"0.0000","endDuration":"0.9814","wordfile":[{"path":"audios\/wordfile-66e9246b1008a.wav","mime":"audio\/x-wav","copyright":{"license":"U"}}]},{"text":" \u12a5\u121b\u12ec! ","startDuration":"0.9824","endDuration":"1.7916","wordfile":[{"path":"audios\/wordfile-66e924740c901.wav","mime":"audio\/x-wav","copyright":{"license":"U"}}]},{"text":" \u12a0\u1201\u1295 ","startDuration":"1.7595","endDuration":"2.2972","wordfile":[{"path":"audios\/wordfile-66e924815843e.wav","mime":"audio\/x-wav","copyright":{"license":"U"}}]},{"text":" \u1218\u1265\u1228\u122d ","startDuration":"2.2982","endDuration":"2.7631","wordfile":[{"path":"audios\/wordfile-66e9249189c92.wav","mime":"audio\/x-wav","copyright":{"license":"U"}}]},{"text":" \u127d\u12eb\u1208\u1201! ","startDuration":"2.7641","endDuration":"3.7545","wordfile":[{"path":"audios\/wordfile-66e9249dc3753.wav","mime":"audio\/x-wav","copyright":{"license":"U"}}]}],"files":[{"path":"audios\/files-66e9229413a8f.wav","mime":"audio\/x-wav","copyright":{"license":"U"}}]},"subContentId":"712455ca-e412-4138-aa0f-c18a9d7c39b7","metadata":{"contentType":"Curious Reader Audio","license":"U","title":"Untitled Curious Reader Audio"}},"backgroundOpacity":0,"willDoAnimation":false,"animationType":"glow","displayAsButton":false,"buttonSize":"big","goToSlideType":"specified","invisible":false}]},{"slideBackgroundSelector":{},"elements":[{"x":4.934210526315789,"y":6.497894682122992,"width":93.11663479923517,"height":86.79245283018868,"action":{"library":"H5P.Image 1.1","params":{"contentName":"Image","file":{"path":"images\/file-670635d14ba6b.gif","mime":"image\/gif","copyright":{"license":"U"},"width":1920,"height":1080}},"subContentId":"5f6819b0-118c-483b-9e14-ac63fae6097f","metadata":{"contentType":"Image","license":"U","title":"Untitled Image"}},"backgroundOpacity":0,"willDoAnimation":false,"animationType":"glow","displayAsButton":false,"buttonSize":"big","goToSlideType":"specified","invisible":false},{"x":21.38157894736842,"y":81.22368352653741,"width":62.4983552631579,"height":16.237978894838072,"action":{"library":"H5P.CRAdvancedText 1.1","params":{"text":"<p><span style=\"font-size:1.5em;color:hsl(0, 0%, 100%);\"><strong>\u127b\u12ce \u12a5\u121b\u12ec! \u12a0\u1201\u1295 \u1260\u134d\u1325\u1290\u1275 \u1218\u1265\u1228\u122d \u12a5\u127d\u120b\u1208\u12c9!<\/strong><\/span><\/p>"},"subContentId":"30f254a7-8eb7-48bf-b627-1e33728dfb1f","metadata":{"contentType":"Text","license":"U","title":"Untitled Text"}},"alwaysDisplayComments":false,"backgroundOpacity":0,"willDoAnimation":false,"animationType":"glow","displayAsButton":false,"buttonSize":"big","goToSlideType":"specified","invisible":false,"solution":""},{"x":47.00006578947369,"y":44.0012898320944,"width":40,"height":40,"action":{"library":"H5P.CRAudio 1.4","params":{"fitToWrapper":true,"currIndex":17,"playerMode":"minimalistic","controls":true,"autoplay":true,"playAudio":"Play audio","pauseAudio":"Pause audio","contentName":"Audio","glowColor":"#ffd85a","timeStampForEachText":[{"text":" \u127b\u12ce ","startDuration":"0.0000","endDuration":"0.3737","wordfile":[{"path":"audios\/wordfile-66e915db735e8.wav","mime":"audio\/x-wav","copyright":{"license":"U"}}]},{"text":" \u12a5\u121b\u12ec! ","startDuration":"0.3747","endDuration":"1.1536","wordfile":[{"path":"audios\/wordfile-66e9163311407.wav","mime":"audio\/x-wav","copyright":{"license":"U"}}]},{"text":" \u12a0\u1201\u1295 ","startDuration":"1.1546","endDuration":"1.7213","wordfile":[{"path":"audios\/wordfile-66e9166503231.wav","mime":"audio\/x-wav","copyright":{"license":"U"}}]},{"text":" \u1260\u134d\u1325\u1290\u1275 ","startDuration":"1.7223","endDuration":"2.2632","wordfile":[{"path":"audios\/wordfile-66e916869b097.wav","mime":"audio\/x-wav","copyright":{"license":"U"}}]},{"text":" \u1218\u1265\u1228\u122d ","startDuration":"2.2642","endDuration":"2.7472","wordfile":[{"path":"audios\/wordfile-66e916f04318f.wav","mime":"audio\/x-wav","copyright":{"license":"U"}}]},{"text":" \u12a5\u127d\u120b\u1208\u12c9! ","startDuration":"2.7482","endDuration":"3.6172","wordfile":[{"path":"audios\/wordfile-66e917043ed67.wav","mime":"audio\/x-wav","copyright":{"license":"U"}}]}],"files":[{"path":"audios\/files-66e915a968e0d.wav","mime":"audio\/x-wav","copyright":{"license":"U"}}]},"subContentId":"ec04a1c4-8f74-4aeb-8855-91956702c7be","metadata":{"contentType":"Curious Reader Audio","license":"U","title":"Untitled Curious Reader Audio"}},"backgroundOpacity":0,"willDoAnimation":false,"animationType":"glow","displayAsButton":false,"buttonSize":"big","goToSlideType":"specified","invisible":false}]},{"elements":[{"x":4.934210526315789,"y":6.497894682122992,"width":94.13898026315789,"height":90.96727660238084,"action":{"library":"H5P.Image 1.1","params":{"contentName":"Image","file":{"path":"images\/file-672f0ba4cac3f.png","mime":"image\/png","copyright":{"license":"U"},"width":1827,"height":940}},"subContentId":"346e6852-d231-40df-a07b-d79c31e9806b","metadata":{"contentType":"Image","license":"U","title":"Untitled Image"}},"backgroundOpacity":0,"willDoAnimation":false,"animationType":"glow","displayAsButton":false,"buttonSize":"big","goToSlideType":"specified","invisible":false}],"slideBackgroundSelector":{}}],"keywordListEnabled":true,"globalBackgroundSelector":{},"keywordListAlwaysShow":false,"keywordListAutoHide":false,"keywordListOpacity":90},"override":{"activeSurface":false,"hideSummarySlide":false,"summarySlideSolutionButton":true,"summarySlideRetryButton":true,"enablePrintButton":false,"social":{"showFacebookShare":false,"facebookShare":{"url":"@currentpageurl","quote":"I scored @score out of @maxScore on a task at @currentpageurl."},"showTwitterShare":false,"twitterShare":{"statement":"I scored @score out of @maxScore on a task at @currentpageurl.","url":"@currentpageurl","hashtags":"h5p, course"},"showGoogleShare":false,"googleShareUrl":"@currentpageurl"}},"l10n":{"slide":"Slide","score":"Score","yourScore":"Your Score","maxScore":"Max Score","total":"Total","totalScore":"Total Score","showSolutions":"Show solutions","retry":"Retry","exportAnswers":"Export text","hideKeywords":"Hide sidebar navigation menu","showKeywords":"Show sidebar navigation menu","fullscreen":"Fullscreen","exitFullscreen":"Exit fullscreen","prevSlide":"Previous slide","nextSlide":"Next slide","currentSlide":"Current slide","lastSlide":"Last slide","solutionModeTitle":"Exit solution mode","solutionModeText":"Solution Mode","summaryMultipleTaskText":"Multiple tasks","scoreMessage":"You achieved:","shareFacebook":"Share on Facebook","shareTwitter":"Share on Twitter","shareGoogle":"Share on Google+","summary":"Summary","solutionsButtonTitle":"Show comments","printTitle":"Print","printIngress":"How would you like to print this presentation?","printAllSlides":"Print all slides","printCurrentSlide":"Print current slide","noTitle":"No title","accessibilitySlideNavigationExplanation":"Use left and right arrow to change slide in that direction whenever canvas is selected.","accessibilityCanvasLabel":"Presentation canvas. Use left and right arrow to move between slides.","containsNotCompleted":"@slideName contains not completed interaction","containsCompleted":"@slideName contains completed interaction","slideCount":"Slide @index of @total","containsOnlyCorrect":"@slideName only has correct answers","containsIncorrectAnswers":"@slideName has incorrect answers","shareResult":"Share Result","accessibilityTotalScore":"You got @score of @maxScore points in total","accessibilityEnteredFullscreen":"Entered fullscreen","accessibilityExitedFullscreen":"Exited fullscreen"}}