{"presentation":{"slides":[{"elements":[{"x":26.143790849673206,"y":2.1454967741935485,"width":49.45533769063181,"height":70.96774193548387,"action":{"library":"H5P.Image 1.1","params":{"contentName":"Image","file":{"path":"images\/file-6583236a69c90.jpeg","mime":"image\/jpeg","copyright":{"license":"U"},"width":1000,"height":1000}},"subContentId":"9b9fc655-2af5-438e-a5cc-99693672e559","metadata":{"contentType":"Image","license":"U","title":"Untitled Image"}},"backgroundOpacity":0,"willDoAnimation":false,"animationType":"glow","displayAsButton":false,"buttonSize":"big","goToSlideType":"specified","invisible":false},{"x":30.501089324618736,"y":79.56989247311827,"width":39.97821350762527,"height":13.978494623655912,"action":{"library":"H5P.CRAdvancedText 1.1","params":{"text":"<p style=\"text-align: center;\"><span style=\"font-size:1.75em;\">\u042f\u043a\u0438\u0439 \u0441\u044c\u043e\u0433\u043e\u0434\u043d\u0456 \u0434\u0435\u043d\u044c?<\/span><\/p>\n"},"subContentId":"bca21f5a-9c56-43f6-9c9d-80163dcc6c0c","metadata":{"contentType":"Text","license":"U","title":"Untitled Text"}},"alwaysDisplayComments":false,"backgroundOpacity":0,"willDoAnimation":false,"animationType":"glow","displayAsButton":false,"buttonSize":"big","goToSlideType":"specified","invisible":false,"solution":""}],"slideBackgroundSelector":{}},{"elements":[{"x":29.411764705882355,"y":2.150537634408602,"width":39.97821350762527,"height":73.11827956989247,"action":{"library":"H5P.Image 1.1","params":{"contentName":"Image","file":{"path":"images\/file-658328e766fda.jpg","mime":"image\/jpeg","copyright":{"license":"U"},"width":1000,"height":1000}},"subContentId":"ab415e67-eb4f-4f05-b1f9-022c38ee7beb","metadata":{"contentType":"Image","license":"U","title":"Untitled Image"}},"backgroundOpacity":0,"willDoAnimation":false,"animationType":"glow","displayAsButton":false,"buttonSize":"big","goToSlideType":"specified","invisible":false},{"x":6.377551020408164,"y":77.21964735516373,"width":85.71428571428572,"height":16.120906801007557,"action":{"library":"H5P.CRAdvancedText 1.1","params":{"text":"<p dir=\"ltr\" style=\"text-align: center;\"><span style=\"font-size:1.625em;\"><span style=\"color:#ffffff;\">\u0414\u043e\u0431\u0440\u043e\u0433\u043e \u0440\u0430\u043d\u043a\u0443! \u0411\u0456 \u0434\u0443\u0436\u0435 \u0449\u0430\u0441\u043b\u0438\u0432\u0438\u0439 \u0441\u044c\u043e\u0433\u043e\u0434\u043d\u0456.<\/span><\/span><\/p>\n"},"subContentId":"8a2f3dcf-2c04-464a-ab7f-af4f0c6283f6","metadata":{"contentType":"Text","license":"U","title":"Untitled Text"}},"alwaysDisplayComments":false,"backgroundOpacity":0,"willDoAnimation":false,"animationType":"glow","displayAsButton":false,"buttonSize":"big","goToSlideType":"specified","invisible":false,"solution":""},{"x":47.00255102040816,"y":43.95465994962216,"width":40,"height":40,"action":{"library":"H5P.CRAudio 1.4","params":{"fitToWrapper":true,"currIndex":1,"playerMode":"minimalistic","controls":true,"autoplay":true,"playAudio":"Play audio","pauseAudio":"Pause audio","contentName":"Audio","glowColor":"#ffd85a","timeStampForEachText":[{"text":" \u0414\u043e\u0431\u0440\u043e\u0433\u043e ","startDuration":"0.0000","endDuration":"0.8134","wordfile":[{"path":"audios\/wordfile-6594c7c321fb6.wav","mime":"audio\/x-wav","copyright":{"license":"U"}}]},{"text":" \u0440\u0430\u043d\u043a\u0443! ","startDuration":"0.8144","endDuration":"1.4675","wordfile":[{"path":"audios\/wordfile-6594c7da5b760.wav","mime":"audio\/x-wav","copyright":{"license":"U"}}]},{"text":" \u0411\u0456 ","startDuration":"1.4685","endDuration":"2.0608","wordfile":[{"path":"audios\/wordfile-6594c7f083e0d.wav","mime":"audio\/x-wav","copyright":{"license":"U"}}]},{"text":" \u0434\u0443\u0436\u0435 ","startDuration":"2.0839","endDuration":"2.5934","wordfile":[{"path":"audios\/wordfile-6594c80482af7.wav","mime":"audio\/x-wav","copyright":{"license":"U"}}]},{"text":" \u0449\u0430\u0441\u043b\u0438\u0432\u0438\u0439 ","startDuration":"2.6220","endDuration":"3.3028","wordfile":[{"path":"audios\/wordfile-6594c81ba58c7.wav","mime":"audio\/x-wav","copyright":{"license":"U"}}]},{"text":" \u0441\u044c\u043e\u0433\u043e\u0434\u043d\u0456. ","startDuration":"3.3038","endDuration":"4.1002","wordfile":[{"path":"audios\/wordfile-6594c83575b71.wav","mime":"audio\/x-wav","copyright":{"license":"U"}}]}],"files":[{"path":"audios\/files-6594c798a9c62.wav","mime":"audio\/x-wav","copyright":{"license":"U"}}]},"subContentId":"f5997cbd-1d87-461d-a9b8-023d090d19b7","metadata":{"contentType":"Curious Reader Audio","license":"U","title":"Untitled Curious Reader Audio"}},"backgroundOpacity":0,"willDoAnimation":false,"animationType":"glow","displayAsButton":false,"buttonSize":"big","goToSlideType":"specified","invisible":false},{"x":35.714285714285715,"y":20.139319899244335,"width":18.75,"height":37.02770780856423,"action":{"library":"H5P.Image 1.1","params":{"contentName":"Image"},"subContentId":"11f625ef-cf28-43f9-85e0-5778da285ca3","metadata":{"contentType":"Image","license":"U","title":"Untitled Image"}},"backgroundOpacity":0,"willDoAnimation":true,"animationType":"glow","displayAsButton":false,"buttonSize":"big","goToSlideType":"specified","invisible":false,"id":"imgf5997cbd-1d87-461d-a9b8-023d090d19b7_2"}],"slideBackgroundSelector":{}},{"elements":[{"x":20.697167755991288,"y":2.1454967741935485,"width":66.66666666666667,"height":77.41935483870967,"action":{"library":"H5P.Image 1.1","params":{"contentName":"Image","file":{"path":"images\/file-65832a5032f10.jpg","mime":"image\/jpeg","copyright":{"license":"U"},"width":1000,"height":1000}},"subContentId":"ef974a78-3caf-4bda-babe-d81908694e6a","metadata":{"contentType":"Image","license":"U","title":"Untitled Image"}},"backgroundOpacity":0,"willDoAnimation":false,"animationType":"glow","displayAsButton":false,"buttonSize":"big","goToSlideType":"specified","invisible":false},{"x":10.204081632653061,"y":83.7294710327456,"width":67.21938775510205,"height":12.846347607052897,"action":{"library":"H5P.CRAdvancedText 1.1","params":{"text":"<p style=\"text-align: center;\"><span style=\"color:#ffffff;\"><span style=\"font-size:1.625em;\">\u041d\u0430\u043f\u0435\u0432\u043d\u043e \u0439\u043e\u0433\u043e \u0447\u0435\u043a\u0430\u0454 \u0441\u044e\u0440\u043f\u0440\u0438\u0437.<\/span><\/span><\/p>\n"},"subContentId":"a838d67e-2f60-44c5-8488-9a30a9b4ea75","metadata":{"contentType":"Text","license":"U","title":"Untitled Text"}},"alwaysDisplayComments":false,"backgroundOpacity":0,"willDoAnimation":false,"animationType":"glow","displayAsButton":false,"buttonSize":"big","goToSlideType":"specified","invisible":false,"solution":""},{"x":47.00255102040816,"y":43.95465994962216,"width":40,"height":40,"action":{"library":"H5P.CRAudio 1.4","params":{"fitToWrapper":true,"currIndex":2,"playerMode":"minimalistic","controls":true,"autoplay":true,"playAudio":"Play audio","pauseAudio":"Pause audio","contentName":"Audio","glowColor":"#ffd85a","timeStampForEachText":[{"text":" \u041d\u0430\u043f\u0435\u0432\u043d\u043e ","startDuration":"0.0000","endDuration":"0.9046","wordfile":[{"path":"audios\/wordfile-6594c866e53fd.wav","mime":"audio\/x-wav","copyright":{"license":"U"}}]},{"text":" \u0439\u043e\u0433\u043e ","startDuration":"0.9056","endDuration":"1.5039","wordfile":[{"path":"audios\/wordfile-6594c88217f9b.wav","mime":"audio\/x-wav","copyright":{"license":"U"}}]},{"text":" \u0447\u0435\u043a\u0430\u0454 ","startDuration":"1.5049","endDuration":"1.9921","wordfile":[{"path":"audios\/wordfile-6594c89790a73.wav","mime":"audio\/x-wav","copyright":{"license":"U"}}]},{"text":" \u0441\u044e\u0440\u043f\u0440\u0438\u0437. ","startDuration":"1.9931","endDuration":"2.8020","wordfile":[{"path":"audios\/wordfile-6594c8b24682b.wav","mime":"audio\/x-wav","copyright":{"license":"U"}}]}],"files":[{"path":"audios\/files-6594c84f9aa73.wav","mime":"audio\/x-wav","copyright":{"license":"U"}}]},"subContentId":"bbf33512-5e45-4959-b994-1bfc033af996","metadata":{"contentType":"Curious Reader Audio","license":"U","title":"Untitled Curious Reader Audio"}},"backgroundOpacity":0,"willDoAnimation":false,"animationType":"glow","displayAsButton":false,"buttonSize":"big","goToSlideType":"specified","invisible":false},{"x":29.97448979591837,"y":40.29042821158691,"width":20.025510204081634,"height":29.72292191435768,"action":{"library":"H5P.Image 1.1","params":{"contentName":"Image"},"subContentId":"016f9544-f098-4a05-bc96-0eaeca18bd90","metadata":{"contentType":"Image","license":"U","title":"Untitled Image"}},"backgroundOpacity":0,"willDoAnimation":true,"animationType":"glow","displayAsButton":false,"buttonSize":"big","goToSlideType":"specified","invisible":false,"id":"imgbbf33512-5e45-4959-b994-1bfc033af996_1"}],"slideBackgroundSelector":{}},{"elements":[{"x":20.697167755991288,"y":4.29436559139785,"width":55.88235294117647,"height":68.81720430107526,"action":{"library":"H5P.Image 1.1","params":{"contentName":"Image","file":{"path":"images\/file-65832b0b0d2b0.jpg","mime":"image\/jpeg","copyright":{"license":"U"},"width":1000,"height":1000}},"subContentId":"da2b2019-fa80-40b3-8bd9-fe12b1f2ccee","metadata":{"contentType":"Image","license":"U","title":"Untitled Image"}},"backgroundOpacity":0,"willDoAnimation":false,"animationType":"glow","displayAsButton":false,"buttonSize":"big","goToSlideType":"specified","invisible":false},{"x":7.653061224489796,"y":79.50453400503777,"width":86.86224489795919,"height":13.853904282115868,"action":{"library":"H5P.CRAdvancedText 1.1","params":{"text":"<p style=\"text-align: center;\"><span style=\"color:#ffffff;\"><span style=\"font-size:1.75em;\">\u041e\u0433\u043e! \u0421\u044e\u0440\u043f\u0440\u0438\u0437\u0443 \u043d\u0435\u043c\u0430\u0454? \u0414\u0435 \u0432\u0441\u0456?<\/span><\/span><\/p>\n"},"subContentId":"655073f1-de35-42df-94e4-f645122ac952","metadata":{"contentType":"Text","license":"U","title":"Untitled Text"}},"alwaysDisplayComments":false,"backgroundOpacity":0,"willDoAnimation":false,"animationType":"glow","displayAsButton":false,"buttonSize":"big","goToSlideType":"specified","invisible":false,"solution":""},{"x":47.00255102040816,"y":43.95465994962216,"width":40,"height":40,"action":{"library":"H5P.CRAudio 1.4","params":{"fitToWrapper":true,"currIndex":3,"playerMode":"minimalistic","controls":true,"autoplay":true,"playAudio":"Play audio","pauseAudio":"Pause audio","contentName":"Audio","glowColor":"#ffd85a","timeStampForEachText":[{"text":" \u041e\u0433\u043e! ","startDuration":"0.0000","endDuration":"0.7115","wordfile":[{"path":"audios\/wordfile-6594c8dfca5b9.wav","mime":"audio\/x-wav","copyright":{"license":"U"}}]},{"text":" \u0421\u044e\u0440\u043f\u0440\u0438\u0437\u0443 ","startDuration":"0.7125","endDuration":"1.5178","wordfile":[{"path":"audios\/wordfile-6594c8f67e7c0.wav","mime":"audio\/x-wav","copyright":{"license":"U"}}]},{"text":" \u043d\u0435\u043c\u0430\u0454? ","startDuration":"1.5188","endDuration":"2.2444","wordfile":[{"path":"audios\/wordfile-6594c90f28109.wav","mime":"audio\/x-wav","copyright":{"license":"U"}}]},{"text":" \u0414\u0435 ","startDuration":"2.2454","endDuration":"2.8255","wordfile":[{"path":"audios\/wordfile-6594c92834cbc.wav","mime":"audio\/x-wav","copyright":{"license":"U"}}]},{"text":" \u0432\u0441\u0456? ","startDuration":"2.8265","endDuration":"3.4441","wordfile":[{"path":"audios\/wordfile-6594c93d204b4.wav","mime":"audio\/x-wav","copyright":{"license":"U"}}]}],"files":[{"path":"audios\/files-6594c8c8c74fa.wav","mime":"audio\/x-wav","copyright":{"license":"U"}}]},"subContentId":"1b5658b9-f3c3-4328-b80a-b885dd5801a9","metadata":{"contentType":"Curious Reader Audio","license":"U","title":"Untitled Curious Reader Audio"}},"backgroundOpacity":0,"willDoAnimation":false,"animationType":"glow","displayAsButton":false,"buttonSize":"big","goToSlideType":"specified","invisible":false}],"slideBackgroundSelector":{}},{"elements":[{"x":28.32244008714597,"y":2.150537634408602,"width":39.97821350762527,"height":68.81720430107526,"action":{"library":"H5P.Image 1.1","params":{"contentName":"Image","file":{"path":"images\/file-65832c012cdae.jpg","mime":"image\/jpeg","copyright":{"license":"U"},"width":1000,"height":1000}},"subContentId":"e2906a2a-6335-4319-9270-1a0d1fed6d24","metadata":{"contentType":"Image","license":"U","title":"Untitled Image"}},"backgroundOpacity":0,"willDoAnimation":false,"animationType":"glow","displayAsButton":false,"buttonSize":"big","goToSlideType":"specified","invisible":false},{"x":3.2675,"y":70.4896725440806,"width":89.28571428571429,"height":29.471032745591938,"action":{"library":"H5P.CRAdvancedText 1.1","params":{"text":"<p style=\"text-align: center;\"><span style=\"color:#ffffff;\"><strong><span style=\"font-size:1.375em;\">&amp;ldquo;&nbsp;\u041c\u0430\u043c\u043e, \u0442\u0438 \u0437\u043d\u0430\u0454\u0448, \u044f\u043a\u0438\u0439 \u0441\u044c\u043e\u0433\u043e\u0434\u043d\u0456 \u0434\u0435\u043d\u044c?&nbsp;&amp;rdquo; \u0411\u0456 \u043f\u0438\u0442\u0430\u0454. &amp;ldquo;&nbsp;\u0421\u044c\u043e\u0433\u043e\u0434\u043d\u0456&nbsp;&amp;ndash;&nbsp; \u0434\u0435\u043d\u044c \u0433\u043e\u0442\u0443\u0432\u0430\u043d\u043d\u044f,&amp;rdquo; \u0432\u0456\u0434\u043f\u043e\u0432\u0456\u0434\u0430\u0454 \u043c\u0430\u043c\u0430. \u041e \u043d\u0456! \u041c\u0430\u043c\u0430 \u0437\u0430\u0431\u0443\u043b\u0430!<\/span><\/strong><\/span><\/p>\n"},"subContentId":"0848ad97-7280-4f9a-acd7-cd9e37c0a9e2","metadata":{"contentType":"Text","license":"U","title":"Untitled Text"}},"alwaysDisplayComments":false,"backgroundOpacity":0,"willDoAnimation":false,"animationType":"glow","displayAsButton":false,"buttonSize":"big","goToSlideType":"specified","invisible":false,"solution":""},{"x":47.00255102040816,"y":43.95465994962216,"width":40,"height":40,"action":{"library":"H5P.CRAudio 1.4","params":{"fitToWrapper":true,"currIndex":4,"playerMode":"minimalistic","controls":true,"autoplay":true,"playAudio":"Play audio","pauseAudio":"Pause audio","contentName":"Audio","glowColor":"#ffd85a","timeStampForEachText":[{"text":" \u201c\u00a0\u041c\u0430\u043c\u043e, ","startDuration":"0.0000","endDuration":"0.7455","wordfile":[{"path":"audios\/wordfile-6594c97e6f0fa.wav","mime":"audio\/x-wav","copyright":{"license":"U"}}]},{"text":" \u0442\u0438 ","startDuration":"0.7465","endDuration":"0.9465","wordfile":[{"path":"audios\/wordfile-6594c98c121ed.wav","mime":"audio\/x-wav","copyright":{"license":"U"}}]},{"text":" \u0437\u043d\u0430\u0454\u0448, ","startDuration":"0.9475","endDuration":"1.5161","wordfile":[{"path":"audios\/wordfile-6594c9aa24466.wav","mime":"audio\/x-wav","copyright":{"license":"U"}}]},{"text":" \u044f\u043a\u0438\u0439 ","startDuration":"1.5171","endDuration":"1.9530","wordfile":[{"path":"audios\/wordfile-6594c9c2c1378.wav","mime":"audio\/x-wav","copyright":{"license":"U"}}]},{"text":" \u0441\u044c\u043e\u0433\u043e\u0434\u043d\u0456 ","startDuration":"1.9540","endDuration":"2.5668","wordfile":[{"path":"audios\/wordfile-6594c9e74b8a4.wav","mime":"audio\/x-wav","copyright":{"license":"U"}}]},{"text":" \u0434\u0435\u043d\u044c?\u00a0\u201d ","startDuration":"2.5678","endDuration":"2.9742","wordfile":[{"path":"audios\/wordfile-6594ca12d6293.wav","mime":"audio\/x-wav","copyright":{"license":"U"}}]},{"text":" \u0411\u0456 ","startDuration":"2.9752","endDuration":"3.4553","wordfile":[{"path":"audios\/wordfile-6594ca29ad5db.wav","mime":"audio\/x-wav","copyright":{"license":"U"}}]},{"text":" \u043f\u0438\u0442\u0430\u0454. ","startDuration":"3.4563","endDuration":"4.3640","wordfile":[{"path":"audios\/wordfile-6594ca444f488.wav","mime":"audio\/x-wav","copyright":{"license":"U"}}]},{"text":" \u201c\u00a0\u0421\u044c\u043e\u0433\u043e\u0434\u043d\u0456\u00a0\u2013\u00a0 ","startDuration":"4.3650","endDuration":"5.6412","wordfile":[{"path":"audios\/wordfile-6594ca6208f1d.wav","mime":"audio\/x-wav","copyright":{"license":"U"}}]},{"text":" \u0434\u0435\u043d\u044c ","startDuration":"5.6422","endDuration":"5.9601","wordfile":[{"path":"audios\/wordfile-6594ca8d82cd5.wav","mime":"audio\/x-wav","copyright":{"license":"U"}}]},{"text":" \u0433\u043e\u0442\u0443\u0432\u0430\u043d\u043d\u044f,\u201d ","startDuration":"5.9611","endDuration":"6.8688","wordfile":[{"path":"audios\/wordfile-6594caacc0a9d.wav","mime":"audio\/x-wav","copyright":{"license":"U"}}]},{"text":" \u0432\u0456\u0434\u043f\u043e\u0432\u0456\u0434\u0430\u0454 ","startDuration":"6.8698","endDuration":"7.7038","wordfile":[{"path":"audios\/wordfile-6594caca2358c.wav","mime":"audio\/x-wav","copyright":{"license":"U"}}]},{"text":" \u043c\u0430\u043c\u0430. ","startDuration":"7.7048","endDuration":"8.2734","wordfile":[{"path":"audios\/wordfile-6594cae149130.wav","mime":"audio\/x-wav","copyright":{"license":"U"}}]},{"text":" \u041e ","startDuration":"8.2744","endDuration":"8.9314","wordfile":[{"path":"audios\/wordfile-6594caf485101.wav","mime":"audio\/x-wav","copyright":{"license":"U"}}]},{"text":" \u043d\u0456! ","startDuration":"8.9324","endDuration":"9.4125","wordfile":[{"path":"audios\/wordfile-6594cb0ac9e37.wav","mime":"audio\/x-wav","copyright":{"license":"U"}}]},{"text":" \u041c\u0430\u043c\u0430 ","startDuration":"9.4135","endDuration":"9.8936","wordfile":[{"path":"audios\/wordfile-6594cb1f6730c.wav","mime":"audio\/x-wav","copyright":{"license":"U"}}]},{"text":" \u0437\u0430\u0431\u0443\u043b\u0430! ","startDuration":"9.8946","endDuration":"10.9350","wordfile":[{"path":"audios\/wordfile-6594cb3986d14.wav","mime":"audio\/x-wav","copyright":{"license":"U"}}]}],"files":[{"path":"audios\/files-6594c961a4425.wav","mime":"audio\/x-wav","copyright":{"license":"U"}}]},"subContentId":"d889e440-4949-41f7-9345-cc89e7a68331","metadata":{"contentType":"Curious Reader Audio","license":"U","title":"Untitled Curious Reader Audio"}},"backgroundOpacity":0,"willDoAnimation":false,"animationType":"glow","displayAsButton":false,"buttonSize":"big","goToSlideType":"specified","invisible":false},{"x":35.714285714285715,"y":5.037783375314861,"width":17.474489795918366,"height":40.050377833753146,"action":{"library":"H5P.Image 1.1","params":{"contentName":"Image"},"subContentId":"7cccc9b5-626a-464e-b145-57c1dda02c29","metadata":{"contentType":"Image","license":"U","title":"Untitled Image"}},"backgroundOpacity":0,"willDoAnimation":true,"animationType":"glow","displayAsButton":false,"buttonSize":"big","goToSlideType":"specified","invisible":false,"id":"imgd889e440-4949-41f7-9345-cc89e7a68331_0"},{"x":34.43877551020408,"y":5.037783375314861,"width":20.025510204081634,"height":40.050377833753146,"action":{"library":"H5P.Image 1.1","params":{"contentName":"Image"},"subContentId":"782e78ad-2328-4e40-985f-0c51fc31c48d","metadata":{"contentType":"Image","license":"U","title":"Untitled Image"}},"backgroundOpacity":0,"willDoAnimation":true,"animationType":"glow","displayAsButton":false,"buttonSize":"big","goToSlideType":"specified","invisible":false,"id":"imgd889e440-4949-41f7-9345-cc89e7a68331_12"},{"x":52.29591836734694,"y":17.632241813602015,"width":14.923469387755102,"height":40.050377833753146,"action":{"library":"H5P.Image 1.1","params":{"contentName":"Image"},"subContentId":"449d2ad5-8023-4748-91ea-e99cbeb4bd1d","metadata":{"contentType":"Image","license":"U","title":"Untitled Image"}},"backgroundOpacity":0,"willDoAnimation":true,"animationType":"glow","displayAsButton":false,"buttonSize":"big","goToSlideType":"specified","invisible":false,"id":"imgd889e440-4949-41f7-9345-cc89e7a68331_6"},{"x":34.43775510204082,"y":37.7735516372796,"width":13.010204081632653,"height":26.700251889168765,"action":{"library":"H5P.Image 1.1","params":{"contentName":"Image"},"subContentId":"dda4cca1-5c16-4807-bc3e-e2d308ba6f9a","metadata":{"contentType":"Image","license":"U","title":"Untitled Image"}},"backgroundOpacity":0,"willDoAnimation":true,"animationType":"glow","displayAsButton":false,"buttonSize":"big","goToSlideType":"specified","invisible":false,"id":"imgd889e440-4949-41f7-9345-cc89e7a68331_9"},{"x":34.43775510204082,"y":37.7735516372796,"width":14.923469387755102,"height":29.471032745591938,"action":{"library":"H5P.Image 1.1","params":{"contentName":"Image"},"subContentId":"bb0b21ca-9117-4f09-a35e-9929e174c306","metadata":{"contentType":"Image","license":"U","title":"Untitled Image"}},"backgroundOpacity":0,"willDoAnimation":true,"animationType":"glow","displayAsButton":false,"buttonSize":"big","goToSlideType":"specified","invisible":false,"id":"imgd889e440-4949-41f7-9345-cc89e7a68331_10"}],"slideBackgroundSelector":{}},{"elements":[{"x":28.32244008714597,"y":2.150537634408602,"width":39.97821350762527,"height":70.96774193548387,"action":{"library":"H5P.Image 1.1","params":{"contentName":"Image","file":{"path":"images\/file-65832d06b9d3c.jpg","mime":"image\/jpeg","copyright":{"license":"U"},"width":1000,"height":1000}},"subContentId":"4ef25262-cd77-44b7-9558-621a4320226f","metadata":{"contentType":"Image","license":"U","title":"Untitled Image"}},"backgroundOpacity":0,"willDoAnimation":false,"animationType":"glow","displayAsButton":false,"buttonSize":"big","goToSlideType":"specified","invisible":false},{"x":2.5510204081632653,"y":72.96926952141057,"width":94.38775510204081,"height":26.952141057934508,"action":{"library":"H5P.CRAdvancedText 1.1","params":{"text":"<p dir=\"ltr\" style=\"text-align: center;\"><span style=\"color:#ffffff;\"><strong><span style=\"font-size:1.375em;\">&amp;ldquo;&nbsp;\u0421\u0435\u0441\u0442\u0440\u0438\u0447\u043a\u043e, \u0442\u0438 \u0437\u043d\u0430\u0454\u0448, \u044f\u043a\u0438\u0439 \u0441\u044c\u043e\u0433\u043e\u0434\u043d\u0456 \u0434\u0435\u043d\u044c?&nbsp;&amp;rdquo; \u0411\u0456 \u043f\u0438\u0442\u0430\u0454. &amp;ldquo;&nbsp;\u0421\u044c\u043e\u0433\u043e\u0434\u043d\u0456&nbsp;&amp;ndash; \u0434\u0435\u043d\u044c \u043c\u0430\u043b\u044e\u0432\u0430\u043d\u043d\u044f,&nbsp;&amp;rdquo; \u0432\u0456\u0434\u043f\u043e\u0432\u0456\u0434\u0430\u0454 \u0439\u043e\u0433\u043e \u0441\u0435\u0441\u0442\u0440\u0430. \u0411\u0456 \u0434\u0443\u043c\u0430\u0454, \u0447\u043e\u043c\u0443 \u0439\u043e\u0433\u043e \u0441\u0435\u0441\u0442\u0440\u0430 \u043d\u0435 \u043f\u0430\u043c'\u044f\u0442\u0430\u0454.<\/span><\/strong><\/span><\/p>\n"},"subContentId":"b7357a53-2bb0-4394-930d-05dbc739e7b9","metadata":{"contentType":"Text","license":"U","title":"Untitled Text"}},"alwaysDisplayComments":false,"backgroundOpacity":0,"willDoAnimation":false,"animationType":"glow","displayAsButton":false,"buttonSize":"big","goToSlideType":"specified","invisible":false,"solution":""},{"x":47.00255102040816,"y":43.95465994962216,"width":40,"height":40,"action":{"library":"H5P.CRAudio 1.4","params":{"fitToWrapper":true,"currIndex":5,"playerMode":"minimalistic","controls":true,"autoplay":true,"playAudio":"Play audio","pauseAudio":"Pause audio","contentName":"Audio","glowColor":"#ffd85a","timeStampForEachText":[{"text":" \u201c\u00a0\u0421\u0435\u0441\u0442\u0440\u0438\u0447\u043a\u043e, ","startDuration":"0.0000","endDuration":"1.0250","wordfile":[{"path":"audios\/wordfile-6594cb73bb23e.wav","mime":"audio\/x-wav","copyright":{"license":"U"}}]},{"text":" \u0442\u0438 ","startDuration":"1.0260","endDuration":"1.3635","wordfile":[{"path":"audios\/wordfile-6594cb863709f.wav","mime":"audio\/x-wav","copyright":{"license":"U"}}]},{"text":" \u0437\u043d\u0430\u0454\u0448, ","startDuration":"1.3635","endDuration":"1.8567","wordfile":[{"path":"audios\/wordfile-6594cba85094b.wav","mime":"audio\/x-wav","copyright":{"license":"U"}}]},{"text":" \u044f\u043a\u0438\u0439 ","startDuration":"1.8577","endDuration":"2.2811","wordfile":[{"path":"audios\/wordfile-6594cbd4bdab7.wav","mime":"audio\/x-wav","copyright":{"license":"U"}}]},{"text":" \u0441\u044c\u043e\u0433\u043e\u0434\u043d\u0456 ","startDuration":"2.2821","endDuration":"2.8259","wordfile":[{"path":"audios\/wordfile-6594cbef36aa3.wav","mime":"audio\/x-wav","copyright":{"license":"U"}}]},{"text":" \u0434\u0435\u043d\u044c?\u00a0\u201d ","startDuration":"2.8269","endDuration":"3.2160","wordfile":[{"path":"audios\/wordfile-6594cc10e8edf.wav","mime":"audio\/x-wav","copyright":{"license":"U"}}]},{"text":" \u0411\u0456 ","startDuration":"3.2170","endDuration":"3.8123","wordfile":[{"path":"audios\/wordfile-6594cc28e639f.wav","mime":"audio\/x-wav","copyright":{"license":"U"}}]},{"text":" \u043f\u0438\u0442\u0430\u0454. ","startDuration":"3.8133","endDuration":"4.5289","wordfile":[{"path":"audios\/wordfile-6594cc4813016.wav","mime":"audio\/x-wav","copyright":{"license":"U"}}]},{"text":" \u201c\u00a0\u0421\u044c\u043e\u0433\u043e\u0434\u043d\u0456\u00a0\u2013 ","startDuration":"4.5299","endDuration":"5.7096","wordfile":[{"path":"audios\/wordfile-6594cc60bb854.wav","mime":"audio\/x-wav","copyright":{"license":"U"}}]},{"text":" \u0434\u0435\u043d\u044c ","startDuration":"5.7106","endDuration":"6.0481","wordfile":[{"path":"audios\/wordfile-6594cc8761575.wav","mime":"audio\/x-wav","copyright":{"license":"U"}}]},{"text":" \u043c\u0430\u043b\u044e\u0432\u0430\u043d\u043d\u044f,\u00a0\u201d ","startDuration":"6.0491","endDuration":"6.9538","wordfile":[{"path":"audios\/wordfile-6594cca993dd7.wav","mime":"audio\/x-wav","copyright":{"license":"U"}}]},{"text":" \u0432\u0456\u0434\u043f\u043e\u0432\u0456\u0434\u0430\u0454 ","startDuration":"6.9548","endDuration":"7.8080","wordfile":[{"path":"audios\/wordfile-6594ccd058321.wav","mime":"audio\/x-wav","copyright":{"license":"U"}}]},{"text":" \u0439\u043e\u0433\u043e ","startDuration":"7.8090","endDuration":"8.2324","wordfile":[{"path":"audios\/wordfile-6594ccf097033.wav","mime":"audio\/x-wav","copyright":{"license":"U"}}]},{"text":" \u0441\u0435\u0441\u0442\u0440\u0430. ","startDuration":"8.2334","endDuration":"8.8803","wordfile":[{"path":"audios\/wordfile-6594cd080b768.wav","mime":"audio\/x-wav","copyright":{"license":"U"}}]},{"text":" \u0411\u0456 ","startDuration":"8.8813","endDuration":"9.5282","wordfile":[{"path":"audios\/wordfile-6594cd171e0da.wav","mime":"audio\/x-wav","copyright":{"license":"U"}}]},{"text":" \u0434\u0443\u043c\u0430\u0454, ","startDuration":"9.5292","endDuration":"10.1417","wordfile":[{"path":"audios\/wordfile-6594cd3579c52.wav","mime":"audio\/x-wav","copyright":{"license":"U"}}]},{"text":" \u0447\u043e\u043c\u0443 ","startDuration":"10.1427","endDuration":"10.6177","wordfile":[{"path":"audios\/wordfile-6594cd4600671.wav","mime":"audio\/x-wav","copyright":{"license":"U"}}]},{"text":" \u0439\u043e\u0433\u043e ","startDuration":"10.6187","endDuration":"10.9906","wordfile":[{"path":"audios\/wordfile-6594cd6712490.wav","mime":"audio\/x-wav","copyright":{"license":"U"}}]},{"text":" \u0441\u0435\u0441\u0442\u0440\u0430 ","startDuration":"10.9916","endDuration":"11.3807","wordfile":[{"path":"audios\/wordfile-6594cd7f94713.wav","mime":"audio\/x-wav","copyright":{"license":"U"}}]},{"text":" \u043d\u0435 ","startDuration":"11.3817","endDuration":"11.5817","wordfile":[{"path":"audios\/wordfile-6594cd9433882.wav","mime":"audio\/x-wav","copyright":{"license":"U"}}]},{"text":" \u043f\u0430\u043c&#039;\u044f\u0442\u0430\u0454. ","startDuration":"11.5827","endDuration":"12.6421","wordfile":[{"path":"audios\/wordfile-6594cda782a3d.wav","mime":"audio\/x-wav","copyright":{"license":"U"}}]}],"files":[{"path":"audios\/files-6594cb5247803.wav","mime":"audio\/x-wav","copyright":{"license":"U"}}]},"subContentId":"c0f4998d-b9c7-48d6-a5ad-e1b9f0126d03","metadata":{"contentType":"Curious Reader Audio","license":"U","title":"Untitled Curious Reader Audio"}},"backgroundOpacity":0,"willDoAnimation":false,"animationType":"glow","displayAsButton":false,"buttonSize":"big","goToSlideType":"specified","invisible":false},{"x":28.061224489795915,"y":10.067707808564231,"width":18.75,"height":40.050377833753146,"action":{"library":"H5P.Image 1.1","params":{"contentName":"Image"},"subContentId":"18f08ee6-c518-41bb-a480-b2f60db3e1b4","metadata":{"contentType":"Image","license":"U","title":"Untitled Image"}},"backgroundOpacity":0,"willDoAnimation":true,"animationType":"glow","displayAsButton":false,"buttonSize":"big","goToSlideType":"specified","invisible":false,"id":"imgc0f4998d-b9c7-48d6-a5ad-e1b9f0126d03_6"},{"x":45.91836734693878,"y":10.059823677581864,"width":20.025510204081634,"height":47.10327455919395,"action":{"library":"H5P.Image 1.1","params":{"contentName":"Image"},"subContentId":"ecdf04b3-5259-4101-a423-ae6571948581","metadata":{"contentType":"Image","license":"U","title":"Untitled Image"}},"backgroundOpacity":0,"willDoAnimation":true,"animationType":"glow","displayAsButton":false,"buttonSize":"big","goToSlideType":"specified","invisible":false,"id":"imgc0f4998d-b9c7-48d6-a5ad-e1b9f0126d03_0"},{"x":35.714285714285715,"y":40.29042821158691,"width":23.214285714285715,"height":29.72292191435768,"action":{"library":"H5P.Image 1.1","params":{"contentName":"Image"},"subContentId":"3c7c91be-2554-4576-9a67-dd6a93330591","metadata":{"contentType":"Image","license":"U","title":"Untitled Image"}},"backgroundOpacity":0,"willDoAnimation":true,"animationType":"glow","displayAsButton":false,"buttonSize":"big","goToSlideType":"specified","invisible":false,"id":"imgc0f4998d-b9c7-48d6-a5ad-e1b9f0126d03_9"},{"x":36.98979591836735,"y":40.29042821158691,"width":21.93877551020408,"height":29.72292191435768,"action":{"library":"H5P.Image 1.1","params":{"contentName":"Image"},"subContentId":"623605b1-3985-4f95-96de-13ba8a87286d","metadata":{"contentType":"Image","license":"U","title":"Untitled Image"}},"backgroundOpacity":0,"willDoAnimation":true,"animationType":"glow","displayAsButton":false,"buttonSize":"big","goToSlideType":"specified","invisible":false,"id":"imgc0f4998d-b9c7-48d6-a5ad-e1b9f0126d03_10"}],"slideBackgroundSelector":{}},{"elements":[{"x":28.322440087145967,"y":0,"width":39.97821350762527,"height":73.11827956989247,"action":{"library":"H5P.Image 1.1","params":{"contentName":"Image","file":{"path":"images\/file-65832daf4b9a6.jpg","mime":"image\/jpeg","copyright":{"license":"U"},"width":1000,"height":1000}},"subContentId":"77b53485-fb8f-4479-9b9b-07f9db40851e","metadata":{"contentType":"Image","license":"U","title":"Untitled Image"}},"backgroundOpacity":0,"willDoAnimation":false,"animationType":"glow","displayAsButton":false,"buttonSize":"big","goToSlideType":"specified","invisible":false},{"x":8.714596949891067,"y":77.37397849462366,"width":86.05664488017429,"height":20.43010752688172,"action":{"library":"H5P.CRAdvancedText 1.1","params":{"text":"<p dir=\"ltr\" style=\"text-align: center;\"><strong><span style=\"color:#ffffff;\"><span style=\"font-size:1.5em;\">&amp;ldquo;&nbsp;\u041c\u0430\u043b\u0435\u043d\u044c\u043a\u0438\u0439 \u0431\u0440\u0430\u0442\u0438\u043a, \u044f\u043a\u0438\u0439 \u0441\u044c\u043e\u0433\u043e\u0434\u043d\u0456 \u0434\u0435\u043d\u044c?&nbsp;&amp;rdquo; \u0411\u0456 \u043f\u0438\u0442\u0430\u0454. &amp;ldquo;&nbsp;\u041c &amp;prime;&nbsp;\u044f\u0447! \u041c&amp;prime;\u044f\u0447!&nbsp;&amp;rdquo; \u0432\u0456\u0434\u043f\u043e\u0432\u0456\u0434\u0430\u0454 \u0439\u043e\u0433\u043e \u0431\u0440\u0430\u0442.<\/span><\/span><\/strong><\/p>\n"},"subContentId":"3f6ad871-cba9-4cde-98ab-07926142842c","metadata":{"contentType":"Text","license":"U","title":"Untitled Text"}},"alwaysDisplayComments":false,"backgroundOpacity":0,"willDoAnimation":false,"animationType":"glow","displayAsButton":false,"buttonSize":"big","goToSlideType":"specified","invisible":false,"solution":""},{"x":47.00255102040816,"y":43.95465994962216,"width":40,"height":40,"action":{"library":"H5P.CRAudio 1.4","params":{"fitToWrapper":true,"currIndex":6,"playerMode":"minimalistic","controls":true,"autoplay":true,"playAudio":"Play audio","pauseAudio":"Pause audio","contentName":"Audio","glowColor":"#ffd85a","timeStampForEachText":[{"text":" \u201c\u00a0\u041c\u0430\u043b\u0435\u043d\u044c\u043a\u0438\u0439 ","startDuration":"0.0000","endDuration":"0.8444","wordfile":[{"path":"audios\/wordfile-6594cdfa10f26.wav","mime":"audio\/x-wav","copyright":{"license":"U"}}]},{"text":" \u0431\u0440\u0430\u0442\u0438\u043a, ","startDuration":"0.8454","endDuration":"1.4010","wordfile":[{"path":"audios\/wordfile-6594ce1bf2a10.wav","mime":"audio\/x-wav","copyright":{"license":"U"}}]},{"text":" \u044f\u043a\u0438\u0439 ","startDuration":"1.4020","endDuration":"1.8576","wordfile":[{"path":"audios\/wordfile-6594ce2cb09d6.wav","mime":"audio\/x-wav","copyright":{"license":"U"}}]},{"text":" \u0441\u044c\u043e\u0433\u043e\u0434\u043d\u0456 ","startDuration":"1.8586","endDuration":"2.6919","wordfile":[{"path":"audios\/wordfile-6594ce43d4c16.wav","mime":"audio\/x-wav","copyright":{"license":"U"}}]},{"text":" \u0434\u0435\u043d\u044c?\u00a0\u201d ","startDuration":"2.6929","endDuration":"3.1485","wordfile":[{"path":"audios\/wordfile-6594ce610f1fd.wav","mime":"audio\/x-wav","copyright":{"license":"U"}}]},{"text":" \u0411\u0456 ","startDuration":"3.1495","endDuration":"3.5273","wordfile":[{"path":"audios\/wordfile-6594ce72c75ce.wav","mime":"audio\/x-wav","copyright":{"license":"U"}}]},{"text":" \u043f\u0438\u0442\u0430\u0454. ","startDuration":"3.5283","endDuration":"4.2727","wordfile":[{"path":"audios\/wordfile-6594ce868d64d.wav","mime":"audio\/x-wav","copyright":{"license":"U"}}]},{"text":" \u201c\u00a0\u041c \u2032\u00a0\u044f\u0447! ","startDuration":"4.2737","endDuration":"5.4515","wordfile":[{"path":"audios\/wordfile-6594cea6772cc.wav","mime":"audio\/x-wav","copyright":{"license":"U"}}]},{"text":" \u041c\u2032\u044f\u0447!\u00a0\u201d ","startDuration":"5.4525","endDuration":"6.2081","wordfile":[{"path":"audios\/wordfile-6594ceb735801.wav","mime":"audio\/x-wav","copyright":{"license":"U"}}]},{"text":" \u0432\u0456\u0434\u043f\u043e\u0432\u0456\u0434\u0430\u0454 ","startDuration":"6.2091","endDuration":"7.2536","wordfile":[{"path":"audios\/wordfile-6594ced098a5d.wav","mime":"audio\/x-wav","copyright":{"license":"U"}}]},{"text":" \u0439\u043e\u0433\u043e ","startDuration":"7.2546","endDuration":"7.5768","wordfile":[{"path":"audios\/wordfile-6594ceed4be59.wav","mime":"audio\/x-wav","copyright":{"license":"U"}}]},{"text":" \u0431\u0440\u0430\u0442. ","startDuration":"7.5778","endDuration":"8.2445","wordfile":[{"path":"audios\/wordfile-6594cf06893e6.wav","mime":"audio\/x-wav","copyright":{"license":"U"}}]}],"files":[{"path":"audios\/files-6594cdd85cc76.wav","mime":"audio\/x-wav","copyright":{"license":"U"}}]},"subContentId":"d555757f-fb04-46ef-acb5-3f6b68df5790","metadata":{"contentType":"Curious Reader Audio","license":"U","title":"Untitled Curious Reader Audio"}},"backgroundOpacity":0,"willDoAnimation":false,"animationType":"glow","displayAsButton":false,"buttonSize":"big","goToSlideType":"specified","invisible":false},{"x":29.97448979591837,"y":35.254659949622166,"width":16.198979591836736,"height":34.76070528967254,"action":{"library":"H5P.Image 1.1","params":{"contentName":"Image"},"subContentId":"0c39937e-bf34-488f-ac78-4036d3feca39","metadata":{"contentType":"Image","license":"U","title":"Untitled Image"}},"backgroundOpacity":0,"willDoAnimation":true,"animationType":"glow","displayAsButton":false,"buttonSize":"big","goToSlideType":"specified","invisible":false,"id":"imgd555757f-fb04-46ef-acb5-3f6b68df5790_1"},{"x":40.816326530612244,"y":7.552745591939547,"width":25.127551020408163,"height":64.73551637279597,"action":{"library":"H5P.Image 1.1","params":{"contentName":"Image"},"subContentId":"05d88939-9cf8-4db8-be9d-c2ea70eed19d","metadata":{"contentType":"Image","license":"U","title":"Untitled Image"}},"backgroundOpacity":0,"willDoAnimation":true,"animationType":"glow","displayAsButton":false,"buttonSize":"big","goToSlideType":"specified","invisible":false,"id":"imgd555757f-fb04-46ef-acb5-3f6b68df5790_5"},{"x":36.98979591836735,"y":47.817632241813605,"width":11.096938775510205,"height":19.8992443324937,"action":{"library":"H5P.Image 1.1","params":{"contentName":"Image"},"subContentId":"d8b5878b-640e-4bbb-9550-b60608d37f18","metadata":{"contentType":"Image","license":"U","title":"Untitled Image"}},"backgroundOpacity":0,"willDoAnimation":true,"animationType":"glow","displayAsButton":false,"buttonSize":"big","goToSlideType":"specified","invisible":false,"id":"imgd555757f-fb04-46ef-acb5-3f6b68df5790_7"},{"x":35.714285714285715,"y":47.83148614609571,"width":12.372448979591837,"height":22.166246851385388,"action":{"library":"H5P.Image 1.1","params":{"contentName":"Image"},"subContentId":"4e87644e-bd9b-4717-87bb-3dce99c55c60","metadata":{"contentType":"Image","license":"U","title":"Untitled Image"}},"backgroundOpacity":0,"willDoAnimation":true,"animationType":"glow","displayAsButton":false,"buttonSize":"big","goToSlideType":"specified","invisible":false,"id":"imgd555757f-fb04-46ef-acb5-3f6b68df5790_8"}],"slideBackgroundSelector":{}},{"elements":[{"x":26.785714285714285,"y":0,"width":39.97821350762527,"height":68.81720430107526,"action":{"library":"H5P.Image 1.1","params":{"contentName":"Image","file":{"path":"images\/file-65832df23c7df.jpg","mime":"image\/jpeg","copyright":{"license":"U"},"width":1000,"height":1000}},"subContentId":"9efe1161-d9dc-4013-9534-4e97a7ed87a0","metadata":{"contentType":"Image","license":"U","title":"Untitled Image"}},"backgroundOpacity":0,"willDoAnimation":false,"animationType":"glow","displayAsButton":false,"buttonSize":"big","goToSlideType":"specified","invisible":false},{"x":17.429193899782135,"y":75.22516129032259,"width":62.091503267973856,"height":20.21505376344086,"action":{"library":"H5P.CRAdvancedText 1.1","params":{"text":"<p style=\"text-align: center;\"><span style=\"color:#ffffff;\"><span style=\"font-size:1.75em;\">\u041c\u043e\u0436\u043b\u0438\u0432\u043e, \u0434\u0440\u0443\u0437\u0456 \u0411\u0456 \u043f\u0440\u0438\u0433\u0430\u0434\u0430\u044e\u0442\u044c!<\/span><\/span><\/p>\n"},"subContentId":"55640de6-21a3-43aa-bbf7-06e03a641041","metadata":{"contentType":"Text","license":"U","title":"Untitled Text"}},"alwaysDisplayComments":false,"backgroundOpacity":0,"willDoAnimation":false,"animationType":"glow","displayAsButton":false,"buttonSize":"big","goToSlideType":"specified","invisible":false,"solution":""},{"x":47.00255102040816,"y":43.95465994962216,"width":40,"height":40,"action":{"library":"H5P.CRAudio 1.4","params":{"fitToWrapper":true,"currIndex":7,"playerMode":"minimalistic","controls":true,"autoplay":true,"playAudio":"Play audio","pauseAudio":"Pause audio","contentName":"Audio","glowColor":"#ffd85a","timeStampForEachText":[{"text":" \u041c\u043e\u0436\u043b\u0438\u0432\u043e, ","startDuration":"0.0000","endDuration":"0.7512","wordfile":[{"path":"audios\/wordfile-6594cf33a682e.wav","mime":"audio\/x-wav","copyright":{"license":"U"}}]},{"text":" \u0434\u0440\u0443\u0437\u0456 ","startDuration":"0.7522","endDuration":"1.3373","wordfile":[{"path":"audios\/wordfile-6594cf47ef0dc.wav","mime":"audio\/x-wav","copyright":{"license":"U"}}]},{"text":" \u0411\u0456 ","startDuration":"1.3383","endDuration":"1.5383","wordfile":[{"path":"audios\/wordfile-6594cf5f412c1.wav","mime":"audio\/x-wav","copyright":{"license":"U"}}]},{"text":" \u043f\u0440\u0438\u0433\u0430\u0434\u0430\u044e\u0442\u044c! ","startDuration":"1.5393","endDuration":"2.5171","wordfile":[{"path":"audios\/wordfile-6594cf72727dc.wav","mime":"audio\/x-wav","copyright":{"license":"U"}}]}],"files":[{"path":"audios\/files-6594cf1b25588.wav","mime":"audio\/x-wav","copyright":{"license":"U"}}]},"subContentId":"1989cac2-ecde-4199-b821-99e2f44cfdbb","metadata":{"contentType":"Curious Reader Audio","license":"U","title":"Untitled Curious Reader Audio"}},"backgroundOpacity":0,"willDoAnimation":false,"animationType":"glow","displayAsButton":false,"buttonSize":"big","goToSlideType":"specified","invisible":false},{"x":35.714285714285715,"y":17.632241813602015,"width":18.75,"height":44.58438287153652,"action":{"library":"H5P.Image 1.1","params":{"contentName":"Image"},"subContentId":"c888b02b-291f-4fa1-98c7-fbfa660d2b2b","metadata":{"contentType":"Image","license":"U","title":"Untitled Image"}},"backgroundOpacity":0,"willDoAnimation":true,"animationType":"glow","displayAsButton":false,"buttonSize":"big","goToSlideType":"specified","invisible":false,"id":"img1989cac2-ecde-4199-b821-99e2f44cfdbb_2"},{"x":26.785714285714285,"y":10.067707808564231,"width":12.372448979591837,"height":14.357682619647354,"action":{"library":"H5P.Image 1.1","params":{"contentName":"Image"},"subContentId":"a071e5de-e4a9-4883-b823-7048319c9ef1","metadata":{"contentType":"Image","license":"U","title":"Untitled Image"}},"backgroundOpacity":0,"willDoAnimation":true,"animationType":"glow","displayAsButton":false,"buttonSize":"big","goToSlideType":"specified","invisible":false,"id":"img1989cac2-ecde-4199-b821-99e2f44cfdbb_1"},{"x":48.46938775510204,"y":10.059823677581864,"width":16.198979591836736,"height":21.914357682619645,"action":{"library":"H5P.Image 1.1","params":{"contentName":"Image"},"subContentId":"c480903c-e3be-4ccb-96f1-04118509d863","metadata":{"contentType":"Image","license":"U","title":"Untitled Image"}},"backgroundOpacity":0,"willDoAnimation":true,"animationType":"glow","displayAsButton":false,"buttonSize":"big","goToSlideType":"specified","invisible":false,"id":"img1989cac2-ecde-4199-b821-99e2f44cfdbb_1"}],"slideBackgroundSelector":{}},{"elements":[{"x":27.233115468409586,"y":2.150537634408602,"width":39.97821350762527,"height":68.81720430107526,"action":{"library":"H5P.Image 1.1","params":{"contentName":"Image","file":{"path":"images\/file-65832e622eb7a.jpg","mime":"image\/jpeg","copyright":{"license":"U"},"width":1000,"height":1000}},"subContentId":"ec57b43b-aee5-45d7-beed-583e41fda5d6","metadata":{"contentType":"Image","license":"U","title":"Untitled Image"}},"backgroundOpacity":0,"willDoAnimation":false,"animationType":"glow","displayAsButton":false,"buttonSize":"big","goToSlideType":"specified","invisible":false},{"x":5.446623093681917,"y":73.11827956989247,"width":89.32461873638344,"height":22.79569892473118,"action":{"library":"H5P.CRAdvancedText 1.1","params":{"text":"<p style=\"text-align: center;\"><span style=\"color:#ffffff;\"><strong><span style=\"font-size:1.625em;\">&amp;ldquo;&nbsp;\u041a\u0440\u043e\u043b\u0438\u043a\u0443, \u044f\u043a\u0438\u0439 \u0441\u044c\u043e\u0433\u043e\u0434\u043d\u0456 \u0434\u0435\u043d\u044c?&nbsp;&amp;rdquo; \u043f\u0438\u0442\u0430\u0454 \u0411\u0456. &amp;ldquo;&nbsp;\u0421\u044c\u043e\u0433\u043e\u0434\u043d\u0456&nbsp;&amp;ndash; \u0434\u0435\u043d\u044c \u0448\u0438\u0442\u0442\u044f,&nbsp;&amp;rdquo; \u0432\u0456\u0434\u043f\u043e\u0432\u0456\u0434\u0430\u0454 \u041a\u0440\u043e\u043b\u0438\u043a.<\/span><\/strong><\/span><\/p>\n"},"subContentId":"d4851261-22f1-43e0-b1b9-2adb9168cc3b","metadata":{"contentType":"Text","license":"U","title":"Untitled Text"}},"alwaysDisplayComments":false,"backgroundOpacity":0,"willDoAnimation":false,"animationType":"glow","displayAsButton":false,"buttonSize":"big","goToSlideType":"specified","invisible":false,"solution":""},{"x":47.00255102040816,"y":43.95465994962216,"width":40,"height":40,"action":{"library":"H5P.CRAudio 1.4","params":{"fitToWrapper":true,"currIndex":8,"playerMode":"minimalistic","controls":true,"autoplay":true,"playAudio":"Play audio","pauseAudio":"Pause audio","contentName":"Audio","glowColor":"#ffd85a","timeStampForEachText":[{"text":" \u201c\u00a0\u041a\u0440\u043e\u043b\u0438\u043a\u0443, ","startDuration":"0.0000","endDuration":"0.6819","wordfile":[{"path":"audios\/wordfile-6595803bf3b01.wav","mime":"audio\/x-wav","copyright":{"license":"U"}}]},{"text":" \u044f\u043a\u0438\u0439 ","startDuration":"0.6829","endDuration":"1.2861","wordfile":[{"path":"audios\/wordfile-65958058f16f5.wav","mime":"audio\/x-wav","copyright":{"license":"U"}}]},{"text":" \u0441\u044c\u043e\u0433\u043e\u0434\u043d\u0456 ","startDuration":"1.2871","endDuration":"1.8707","wordfile":[{"path":"audios\/wordfile-65958072491ce.wav","mime":"audio\/x-wav","copyright":{"license":"U"}}]},{"text":" \u0434\u0435\u043d\u044c?\u00a0\u201d ","startDuration":"1.8717","endDuration":"2.3471","wordfile":[{"path":"audios\/wordfile-6595808e682d1.wav","mime":"audio\/x-wav","copyright":{"license":"U"}}]},{"text":" \u043f\u0438\u0442\u0430\u0454 ","startDuration":"2.3481","endDuration":"2.9808","wordfile":[{"path":"audios\/wordfile-659580a749fcf.wav","mime":"audio\/x-wav","copyright":{"license":"U"}}]},{"text":" \u0411\u0456. ","startDuration":"2.9818","endDuration":"3.2998","wordfile":[{"path":"audios\/wordfile-659580b48e15d.wav","mime":"audio\/x-wav","copyright":{"license":"U"}}]},{"text":" \u201c\u00a0\u0421\u044c\u043e\u0433\u043e\u0434\u043d\u0456\u00a0\u2013 ","startDuration":"3.3008","endDuration":"4.5531","wordfile":[{"path":"audios\/wordfile-659580c65c468.wav","mime":"audio\/x-wav","copyright":{"license":"U"}}]},{"text":" \u0434\u0435\u043d\u044c ","startDuration":"4.5541","endDuration":"4.8426","wordfile":[{"path":"audios\/wordfile-659580e4e7141.wav","mime":"audio\/x-wav","copyright":{"license":"U"}}]},{"text":" \u0448\u0438\u0442\u0442\u044f,\u00a0\u201d ","startDuration":"4.8436","endDuration":"5.5747","wordfile":[{"path":"audios\/wordfile-659580fbc1698.wav","mime":"audio\/x-wav","copyright":{"license":"U"}}]},{"text":" \u0432\u0456\u0434\u043f\u043e\u0432\u0456\u0434\u0430\u0454 ","startDuration":"5.5757","endDuration":"6.5821","wordfile":[{"path":"audios\/wordfile-6595811b0e083.wav","mime":"audio\/x-wav","copyright":{"license":"U"}}]},{"text":" \u041a\u0440\u043e\u043b\u0438\u043a. ","startDuration":"6.5831","endDuration":"7.2650","wordfile":[{"path":"audios\/wordfile-6595813439963.wav","mime":"audio\/x-wav","copyright":{"license":"U"}}]}],"files":[{"path":"audios\/files-6595802068ca1.wav","mime":"audio\/x-wav","copyright":{"license":"U"}}]},"subContentId":"a3871d87-cb04-4dae-89ea-68527d162bd1","metadata":{"contentType":"Curious Reader Audio","license":"U","title":"Untitled Curious Reader Audio"}},"backgroundOpacity":0,"willDoAnimation":false,"animationType":"glow","displayAsButton":false,"buttonSize":"big","goToSlideType":"specified","invisible":false},{"x":31.887755102040817,"y":22.670025188916874,"width":18.75,"height":40.050377833753146,"action":{"library":"H5P.Image 1.1","params":{"contentName":"Image"},"subContentId":"a63939dd-cf9c-49d9-84dd-e5cc5fbe8c41","metadata":{"contentType":"Image","license":"U","title":"Untitled Image"}},"backgroundOpacity":0,"willDoAnimation":true,"animationType":"glow","displayAsButton":false,"buttonSize":"big","goToSlideType":"specified","invisible":false,"id":"imga3871d87-cb04-4dae-89ea-68527d162bd1_5"},{"x":49.744897959183675,"y":30.20302267002519,"width":16.198979591836736,"height":40.050377833753146,"action":{"library":"H5P.Image 1.1","params":{"contentName":"Image"},"subContentId":"5bb3c834-8751-46cf-873a-8e31e8d2d6ff","metadata":{"contentType":"Image","license":"U","title":"Untitled Image"}},"backgroundOpacity":0,"willDoAnimation":true,"animationType":"glow","displayAsButton":false,"buttonSize":"big","goToSlideType":"specified","invisible":false,"id":"imga3871d87-cb04-4dae-89ea-68527d162bd1_0"},{"x":45.91836734693878,"y":52.855415617128465,"width":11.096938775510205,"height":14.86146095717884,"action":{"library":"H5P.Image 1.1","params":{"contentName":"Image"},"subContentId":"e72b8e50-9354-422b-8e6c-c9fce633ae42","metadata":{"contentType":"Image","license":"U","title":"Untitled Image"}},"backgroundOpacity":0,"willDoAnimation":true,"animationType":"glow","displayAsButton":false,"buttonSize":"big","goToSlideType":"specified","invisible":false,"id":"imga3871d87-cb04-4dae-89ea-68527d162bd1_7"},{"x":44.642857142857146,"y":52.88287153652392,"width":13.64795918367347,"height":14.86146095717884,"action":{"library":"H5P.Image 1.1","params":{"contentName":"Image"},"subContentId":"6f341067-00d8-4df4-9d2c-5577d381e1eb","metadata":{"contentType":"Image","license":"U","title":"Untitled Image"}},"backgroundOpacity":0,"willDoAnimation":true,"animationType":"glow","displayAsButton":false,"buttonSize":"big","goToSlideType":"specified","invisible":false,"id":"imga3871d87-cb04-4dae-89ea-68527d162bd1_8"}],"slideBackgroundSelector":{}},{"elements":[{"x":27.233115468409586,"y":0,"width":39.97821350762527,"height":70.96774193548387,"action":{"library":"H5P.Image 1.1","params":{"contentName":"Image","file":{"path":"images\/file-65832ed786e36.jpg","mime":"image\/jpeg","copyright":{"license":"U"},"width":1000,"height":1000}},"subContentId":"476d4d2a-b6f0-42fb-bc07-70273973f3c7","metadata":{"contentType":"Image","license":"U","title":"Untitled Image"}},"backgroundOpacity":0,"willDoAnimation":false,"animationType":"glow","displayAsButton":false,"buttonSize":"big","goToSlideType":"specified","invisible":false},{"x":2.5510204081632653,"y":70.4896725440806,"width":94.38775510204081,"height":22.921914357682617,"action":{"library":"H5P.CRAdvancedText 1.1","params":{"text":"<p style=\"text-align: center;\"><span style=\"color:#ffffff;\"><strong><span style=\"font-size:1.375em;\">&amp;ldquo;&nbsp;\u041e\u043b\u0435\u043d\u044e, \u044f\u043a\u0438\u0439 \u0441\u044c\u043e\u0433\u043e\u0434\u043d\u0456 \u0434\u0435\u043d\u044c?&nbsp;&amp;rdquo; \u043f\u0438\u0442\u0430\u0454 \u0411\u0456. &amp;ldquo;&nbsp;\u0421\u044c\u043e\u0433\u043e\u0434\u043d\u0456&nbsp;&amp;ndash; \u0434\u0435\u043d\u044c \u0437\u0431\u043e\u0440\u0443 \u0432\u0440\u043e\u0436\u0430\u044e,&nbsp;&amp;rdquo; \u0432\u0456\u0434\u043f\u043e\u0432\u0456\u0434\u0430\u0454 \u041e\u043b\u0435\u043d\u044c. \u0411\u0456 \u043f\u043e\u0447\u0438\u043d\u0430\u0454 \u0441\u0443\u043c\u0443\u0432\u0430\u0442\u0438.<\/span><\/strong><\/span><\/p>\n"},"subContentId":"b6b0b06c-2a51-4d11-9837-3ede0adbf565","metadata":{"contentType":"Text","license":"U","title":"Untitled Text"}},"alwaysDisplayComments":false,"backgroundOpacity":0,"willDoAnimation":false,"animationType":"glow","displayAsButton":false,"buttonSize":"big","goToSlideType":"specified","invisible":false,"solution":""},{"x":47.00255102040816,"y":43.95465994962216,"width":40,"height":40,"action":{"library":"H5P.CRAudio 1.4","params":{"fitToWrapper":true,"currIndex":9,"playerMode":"minimalistic","controls":true,"autoplay":true,"playAudio":"Play audio","pauseAudio":"Pause audio","contentName":"Audio","glowColor":"#ffd85a","timeStampForEachText":[{"text":" \u201c\u00a0\u041e\u043b\u0435\u043d\u044e, ","startDuration":"0.0000","endDuration":"0.7898","wordfile":[{"path":"audios\/wordfile-6595818baef7a.wav","mime":"audio\/x-wav","copyright":{"license":"U"}}]},{"text":" \u044f\u043a\u0438\u0439 ","startDuration":"0.7908","endDuration":"1.5384","wordfile":[{"path":"audios\/wordfile-6595819a45379.wav","mime":"audio\/x-wav","copyright":{"license":"U"}}]},{"text":" \u0441\u044c\u043e\u0433\u043e\u0434\u043d\u0456 ","startDuration":"1.5394","endDuration":"2.1185","wordfile":[{"path":"audios\/wordfile-659581ae5f681.wav","mime":"audio\/x-wav","copyright":{"license":"U"}}]},{"text":" \u0434\u0435\u043d\u044c?\u00a0\u201d ","startDuration":"2.1195","endDuration":"2.5723","wordfile":[{"path":"audios\/wordfile-659581c5daf5b.wav","mime":"audio\/x-wav","copyright":{"license":"U"}}]},{"text":" \u043f\u0438\u0442\u0430\u0454 ","startDuration":"2.5733","endDuration":"3.2226","wordfile":[{"path":"audios\/wordfile-659581e02db71.wav","mime":"audio\/x-wav","copyright":{"license":"U"}}]},{"text":" \u0411\u0456. ","startDuration":"3.2236","endDuration":"3.6904","wordfile":[{"path":"audios\/wordfile-659581f13771e.wav","mime":"audio\/x-wav","copyright":{"license":"U"}}]},{"text":" \u201c\u00a0\u0421\u044c\u043e\u0433\u043e\u0434\u043d\u0456\u00a0\u2013 ","startDuration":"3.6914","endDuration":"4.8462","wordfile":[{"path":"audios\/wordfile-6595820532422.wav","mime":"audio\/x-wav","copyright":{"license":"U"}}]},{"text":" \u0434\u0435\u043d\u044c ","startDuration":"4.8472","endDuration":"5.2578","wordfile":[{"path":"audios\/wordfile-65958226be25a.wav","mime":"audio\/x-wav","copyright":{"license":"U"}}]},{"text":" \u0437\u0431\u043e\u0440\u0443 ","startDuration":"5.2588","endDuration":"5.7818","wordfile":[{"path":"audios\/wordfile-65958244de0ba.wav","mime":"audio\/x-wav","copyright":{"license":"U"}}]},{"text":" \u0432\u0440\u043e\u0436\u0430\u044e,\u00a0\u201d ","startDuration":"5.7828","endDuration":"6.5445","wordfile":[{"path":"audios\/wordfile-6595826084c70.wav","mime":"audio\/x-wav","copyright":{"license":"U"}}]},{"text":" \u0432\u0456\u0434\u043f\u043e\u0432\u0456\u0434\u0430\u0454 ","startDuration":"6.5455","endDuration":"7.5038","wordfile":[{"path":"audios\/wordfile-65958287394ef.wav","mime":"audio\/x-wav","copyright":{"license":"U"}}]},{"text":" \u041e\u043b\u0435\u043d\u044c. ","startDuration":"7.5048","endDuration":"8.1120","wordfile":[{"path":"audios\/wordfile-6595829c0a76f.wav","mime":"audio\/x-wav","copyright":{"license":"U"}}]},{"text":" \u0411\u0456 ","startDuration":"8.1130","endDuration":"8.6781","wordfile":[{"path":"audios\/wordfile-659582a86a405.wav","mime":"audio\/x-wav","copyright":{"license":"U"}}]},{"text":" \u043f\u043e\u0447\u0438\u043d\u0430\u0454 ","startDuration":"8.6791","endDuration":"9.3284","wordfile":[{"path":"audios\/wordfile-659582bc43073.wav","mime":"audio\/x-wav","copyright":{"license":"U"}}]},{"text":" \u0441\u0443\u043c\u0443\u0432\u0430\u0442\u0438. ","startDuration":"9.3294","endDuration":"10.4190","wordfile":[{"path":"audios\/wordfile-659582d2bdf77.wav","mime":"audio\/x-wav","copyright":{"license":"U"}}]}],"files":[{"path":"audios\/files-65958172821c5.wav","mime":"audio\/x-wav","copyright":{"license":"U"}}]},"subContentId":"00db7c35-ca63-483b-a8e3-96d9f0a1e51a","metadata":{"contentType":"Curious Reader Audio","license":"U","title":"Untitled Curious Reader Audio"}},"backgroundOpacity":0,"willDoAnimation":false,"animationType":"glow","displayAsButton":false,"buttonSize":"big","goToSlideType":"specified","invisible":false},{"x":40.816326530612244,"y":10.06375314861461,"width":7.270408163265306,"height":26.952141057934508,"action":{"library":"H5P.Image 1.1","params":{"contentName":"Image"},"subContentId":"6766e122-158d-4411-9dbb-89d80a2cb80c","metadata":{"contentType":"Image","license":"U","title":"Untitled Image"}},"backgroundOpacity":0,"willDoAnimation":true,"animationType":"glow","displayAsButton":false,"buttonSize":"big","goToSlideType":"specified","invisible":false,"id":"img00db7c35-ca63-483b-a8e3-96d9f0a1e51a_5"},{"x":48.46938775510204,"y":12.586599496221663,"width":11.096938775510205,"height":26.952141057934508,"action":{"library":"H5P.Image 1.1","params":{"contentName":"Image"},"subContentId":"e499a12f-9284-4916-acf3-991200ac5a5b","metadata":{"contentType":"Image","license":"U","title":"Untitled Image"}},"backgroundOpacity":0,"willDoAnimation":true,"animationType":"glow","displayAsButton":false,"buttonSize":"big","goToSlideType":"specified","invisible":false,"id":"img00db7c35-ca63-483b-a8e3-96d9f0a1e51a_0"},{"x":48.46938775510204,"y":12.586599496221663,"width":9.821428571428571,"height":26.952141057934508,"action":{"library":"H5P.Image 1.1","params":{"contentName":"Image"},"subContentId":"5f6cc516-ef1b-421e-b1c7-0038ce5fd99f","metadata":{"contentType":"Image","license":"U","title":"Untitled Image"}},"backgroundOpacity":0,"willDoAnimation":true,"animationType":"glow","displayAsButton":false,"buttonSize":"big","goToSlideType":"specified","invisible":false,"id":"img00db7c35-ca63-483b-a8e3-96d9f0a1e51a_11"}],"slideBackgroundSelector":{}},{"elements":[{"x":29.336734693877553,"y":2.5188916876574305,"width":39.97821350762527,"height":70.96774193548387,"action":{"library":"H5P.Image 1.1","params":{"contentName":"Image","file":{"path":"images\/file-65832f211fed6.jpg","mime":"image\/jpeg","copyright":{"license":"U"},"width":1000,"height":1000}},"subContentId":"3dd30407-e43b-4105-96b0-3f3a2936bb67","metadata":{"contentType":"Image","license":"U","title":"Untitled Image"}},"backgroundOpacity":0,"willDoAnimation":false,"animationType":"glow","displayAsButton":false,"buttonSize":"big","goToSlideType":"specified","invisible":false},{"x":0,"y":73.00856423173803,"width":98.08673469387756,"height":24.937027707808564,"action":{"library":"H5P.CRAdvancedText 1.1","params":{"text":"<p style=\"text-align: center;\"><span style=\"color:#ffffff;\"><span style=\"font-size:1.625em;\">\u041c\u0430\u0432\u043f\u0430 \u043a\u0430\u0436\u0435, \u0449\u043e \u0446\u0435 \u0434\u0435\u043d\u044c \u0437\u0431\u043e\u0440\u0443 \u0444\u0440\u0443\u043a\u0442\u0456\u0432. \u0416\u0430\u0431\u0430 \u043a\u0430\u0436\u0435, \u0449\u043e \u0446\u0435 \u0434\u0435\u043d\u044c \u0441\u043f\u0456\u0432\u0443. \u0421\u043b\u043e\u043d \u043a\u0430\u0436\u0435, \u0449\u043e \u0446\u0435 \u0434\u0435\u043d\u044c \u0447\u0438\u0442\u0430\u043d\u043d\u044f \u043a\u043d\u0438\u0433.<\/span><\/span><\/p>\n"},"subContentId":"0491e5b8-cc18-4f77-8e2f-5c05fe3912fc","metadata":{"contentType":"Text","license":"U","title":"Untitled Text"}},"alwaysDisplayComments":false,"backgroundOpacity":0,"willDoAnimation":false,"animationType":"glow","displayAsButton":false,"buttonSize":"big","goToSlideType":"specified","invisible":false,"solution":""},{"x":47.00255102040816,"y":43.95465994962216,"width":40,"height":40,"action":{"library":"H5P.CRAudio 1.4","params":{"fitToWrapper":true,"currIndex":10,"playerMode":"minimalistic","controls":true,"autoplay":true,"playAudio":"Play audio","pauseAudio":"Pause audio","contentName":"Audio","glowColor":"#ffd85a","timeStampForEachText":[{"text":" \u041c\u0430\u0432\u043f\u0430 ","startDuration":"0.0000","endDuration":"0.6682","wordfile":[{"path":"audios\/wordfile-65958319b6e6f.wav","mime":"audio\/x-wav","copyright":{"license":"U"}}]},{"text":" \u043a\u0430\u0436\u0435, ","startDuration":"0.6682","endDuration":"1.1903","wordfile":[{"path":"audios\/wordfile-659583324ca7b.wav","mime":"audio\/x-wav","copyright":{"license":"U"}}]},{"text":" \u0449\u043e ","startDuration":"1.1913","endDuration":"1.3913","wordfile":[{"path":"audios\/wordfile-6595834d596af.wav","mime":"audio\/x-wav","copyright":{"license":"U"}}]},{"text":" \u0446\u0435 ","startDuration":"1.3923","endDuration":"1.5923","wordfile":[{"path":"audios\/wordfile-6595835d3a5b4.wav","mime":"audio\/x-wav","copyright":{"license":"U"}}]},{"text":" \u0434\u0435\u043d\u044c ","startDuration":"1.5933","endDuration":"2.0073","wordfile":[{"path":"audios\/wordfile-65958384b46c2.wav","mime":"audio\/x-wav","copyright":{"license":"U"}}]},{"text":" \u0437\u0431\u043e\u0440\u0443 ","startDuration":"2.0083","endDuration":"2.4491","wordfile":[{"path":"audios\/wordfile-659583a20c4ca.wav","mime":"audio\/x-wav","copyright":{"license":"U"}}]},{"text":" \u0444\u0440\u0443\u043a\u0442\u0456\u0432. ","startDuration":"2.4501","endDuration":"3.2253","wordfile":[{"path":"audios\/wordfile-659583b6f200a.wav","mime":"audio\/x-wav","copyright":{"license":"U"}}]},{"text":" \u0416\u0430\u0431\u0430 ","startDuration":"3.2263","endDuration":"4.2289","wordfile":[{"path":"audios\/wordfile-659583da8f540.wav","mime":"audio\/x-wav","copyright":{"license":"U"}}]},{"text":" \u043a\u0430\u0436\u0435, ","startDuration":"4.2299","endDuration":"4.6974","wordfile":[{"path":"audios\/wordfile-659583f86aee1.wav","mime":"audio\/x-wav","copyright":{"license":"U"}}]},{"text":" \u0449\u043e ","startDuration":"4.6984","endDuration":"5.0054","wordfile":[{"path":"audios\/wordfile-6595840cc0728.wav","mime":"audio\/x-wav","copyright":{"license":"U"}}]},{"text":" \u0446\u0435 ","startDuration":"5.0064","endDuration":"5.2064","wordfile":[{"path":"audios\/wordfile-659584208d778.wav","mime":"audio\/x-wav","copyright":{"license":"U"}}]},{"text":" \u0434\u0435\u043d\u044c ","startDuration":"5.2074","endDuration":"5.4743","wordfile":[{"path":"audios\/wordfile-6595844231814.wav","mime":"audio\/x-wav","copyright":{"license":"U"}}]},{"text":" \u0441\u043f\u0456\u0432\u0443. ","startDuration":"5.4743","endDuration":"6.2906","wordfile":[{"path":"audios\/wordfile-65958456c617b.wav","mime":"audio\/x-wav","copyright":{"license":"U"}}]},{"text":" \u0421\u043b\u043e\u043d ","startDuration":"6.2916","endDuration":"7.0802","wordfile":[{"path":"audios\/wordfile-659584927525f.wav","mime":"audio\/x-wav","copyright":{"license":"U"}}]},{"text":" \u043a\u0430\u0436\u0435, ","startDuration":"7.0812","endDuration":"7.6691","wordfile":[{"path":"audios\/wordfile-659584aa3685a.wav","mime":"audio\/x-wav","copyright":{"license":"U"}}]},{"text":" \u0449\u043e ","startDuration":"7.6701","endDuration":"7.8701","wordfile":[{"path":"audios\/wordfile-659584b85855f.wav","mime":"audio\/x-wav","copyright":{"license":"U"}}]},{"text":" \u0446\u0435 ","startDuration":"7.8711","endDuration":"8.0711","wordfile":[{"path":"audios\/wordfile-659584c8618b3.wav","mime":"audio\/x-wav","copyright":{"license":"U"}}]},{"text":" \u0434\u0435\u043d\u044c ","startDuration":"8.0721","endDuration":"8.5530","wordfile":[{"path":"audios\/wordfile-659584ddad5c6.wav","mime":"audio\/x-wav","copyright":{"license":"U"}}]},{"text":" \u0447\u0438\u0442\u0430\u043d\u043d\u044f ","startDuration":"8.5540","endDuration":"9.2222","wordfile":[{"path":"audios\/wordfile-659584f23e894.wav","mime":"audio\/x-wav","copyright":{"license":"U"}}]},{"text":" \u043a\u043d\u0438\u0433. ","startDuration":"9.2232","endDuration":"9.9254","wordfile":[{"path":"audios\/wordfile-6595850bbc091.wav","mime":"audio\/x-wav","copyright":{"license":"U"}}]}],"files":[{"path":"audios\/files-659583002b72c.wav","mime":"audio\/x-wav","copyright":{"license":"U"}}]},"subContentId":"161ce0c5-28bb-4de4-bea3-5d958d8f6b85","metadata":{"contentType":"Curious Reader Audio","license":"U","title":"Untitled Curious Reader Audio"}},"backgroundOpacity":0,"willDoAnimation":false,"animationType":"glow","displayAsButton":false,"buttonSize":"big","goToSlideType":"specified","invisible":false},{"x":43.36734693877551,"y":12.594458438287154,"width":4.719387755102041,"height":19.395465994962215,"action":{"library":"H5P.Image 1.1","params":{"contentName":"Image"},"subContentId":"c4d4badd-b82b-4245-a907-5f7a4b7c27da","metadata":{"contentType":"Image","license":"U","title":"Untitled Image"}},"backgroundOpacity":0,"willDoAnimation":true,"animationType":"glow","displayAsButton":false,"buttonSize":"big","goToSlideType":"specified","invisible":false,"id":"img161ce0c5-28bb-4de4-bea3-5d958d8f6b85_0"},{"x":45.91836734693878,"y":15.101536523929472,"width":3.443877551020408,"height":6.801007556675063,"action":{"library":"H5P.Image 1.1","params":{"contentName":"Image"},"subContentId":"f610107d-0dff-478d-8ea5-1cb75433ec40","metadata":{"contentType":"Image","license":"U","title":"Untitled Image"}},"backgroundOpacity":0,"willDoAnimation":true,"animationType":"glow","displayAsButton":false,"buttonSize":"big","goToSlideType":"specified","invisible":false,"id":"img161ce0c5-28bb-4de4-bea3-5d958d8f6b85_6"},{"x":40.816326530612244,"y":15.105491183879094,"width":4.719387755102041,"height":6.801007556675063,"action":{"library":"H5P.Image 1.1","params":{"contentName":"Image"},"subContentId":"7fe68b40-bbbc-4be6-9e1e-13614ab5f77a","metadata":{"contentType":"Image","license":"U","title":"Untitled Image"}},"backgroundOpacity":0,"willDoAnimation":true,"animationType":"glow","displayAsButton":false,"buttonSize":"big","goToSlideType":"specified","invisible":false,"id":"img161ce0c5-28bb-4de4-bea3-5d958d8f6b85_6"},{"x":28.061224489795915,"y":47.83148614609571,"width":8.545918367346939,"height":19.64735516372796,"action":{"library":"H5P.Image 1.1","params":{"contentName":"Image"},"subContentId":"0ed24745-81f3-4553-9ce9-f974337c18da","metadata":{"contentType":"Image","license":"U","title":"Untitled Image"}},"backgroundOpacity":0,"willDoAnimation":true,"animationType":"glow","displayAsButton":false,"buttonSize":"big","goToSlideType":"specified","invisible":false,"id":"img161ce0c5-28bb-4de4-bea3-5d958d8f6b85_7"},{"x":49.744897959183675,"y":17.614534005037783,"width":20.025510204081634,"height":40.050377833753146,"action":{"library":"H5P.Image 1.1","params":{"contentName":"Image"},"subContentId":"87809e5c-b632-431b-aa14-f2ddd25fe167","metadata":{"contentType":"Image","license":"U","title":"Untitled Image"}},"backgroundOpacity":0,"willDoAnimation":true,"animationType":"glow","displayAsButton":false,"buttonSize":"big","goToSlideType":"specified","invisible":false,"id":"img161ce0c5-28bb-4de4-bea3-5d958d8f6b85_13"},{"x":31.887755102040817,"y":47.817632241813605,"width":7.270408163265306,"height":14.357682619647354,"action":{"library":"H5P.Image 1.1","params":{"contentName":"Image"},"subContentId":"e38039c9-138c-4b72-a1e6-021d0db83346","metadata":{"contentType":"Image","license":"U","title":"Untitled Image"}},"backgroundOpacity":0,"willDoAnimation":true,"animationType":"glow","displayAsButton":false,"buttonSize":"big","goToSlideType":"specified","invisible":false,"id":"img161ce0c5-28bb-4de4-bea3-5d958d8f6b85_12"},{"x":52.295918367346935,"y":35.254659949622166,"width":14.923469387755102,"height":19.395465994962215,"action":{"library":"H5P.Image 1.1","params":{"contentName":"Image"},"subContentId":"3ffbad7f-db5d-44a2-bb76-4d297bbcff0e","metadata":{"contentType":"Image","license":"U","title":"Untitled Image"}},"backgroundOpacity":0,"willDoAnimation":true,"animationType":"glow","displayAsButton":false,"buttonSize":"big","goToSlideType":"specified","invisible":false,"id":"img161ce0c5-28bb-4de4-bea3-5d958d8f6b85_18"},{"x":52.295918367346935,"y":35.254659949622166,"width":15.561224489795919,"height":21.662468513853902,"action":{"library":"H5P.Image 1.1","params":{"contentName":"Image"},"subContentId":"e30bfa8c-2140-480c-947c-4cd7cd5edb83","metadata":{"contentType":"Image","license":"U","title":"Untitled Image"}},"backgroundOpacity":0,"willDoAnimation":true,"animationType":"glow","displayAsButton":false,"buttonSize":"big","goToSlideType":"specified","invisible":false,"id":"img161ce0c5-28bb-4de4-bea3-5d958d8f6b85_19"}],"slideBackgroundSelector":{}},{"elements":[{"x":26.143790849673206,"y":0,"width":39.97821350762527,"height":73.11827956989247,"action":{"library":"H5P.Image 1.1","params":{"contentName":"Image","file":{"path":"images\/file-6583300a91ffe.jpg","mime":"image\/jpeg","copyright":{"license":"U"},"width":1000,"height":1000}},"subContentId":"402f0d7d-7590-41d1-9f11-b5e480e40cfa","metadata":{"contentType":"Image","license":"U","title":"Untitled Image"}},"backgroundOpacity":0,"willDoAnimation":false,"animationType":"glow","displayAsButton":false,"buttonSize":"big","goToSlideType":"specified","invisible":false},{"x":8.714323979591837,"y":77.21964735516373,"width":84.18367346938776,"height":20.151133501259444,"action":{"library":"H5P.CRAdvancedText 1.1","params":{"text":"<p dir=\"ltr\" style=\"text-align: center;\"><span style=\"color:#ffffff;\"><strong><span style=\"font-size:1.5em;\">\u041d\u0456\u0445\u0442\u043e \u043d\u0435 \u043f\u0430\u043c &amp;prime;&nbsp;\u044f\u0442\u0430\u0454, \u0449\u043e \u0441\u044c\u043e\u0433\u043e\u0434\u043d\u0456&nbsp;&amp;ndash; \u043e\u0441\u043e\u0431\u043b\u0438\u0432\u0438\u0439 \u0434\u0435\u043d\u044c \u0434\u043b\u044f \u0411\u0456!<\/span><\/strong><\/span><\/p>\n"},"subContentId":"1daaef58-6c10-40e2-956d-25b3ca5ea30c","metadata":{"contentType":"Text","license":"U","title":"Untitled Text"}},"alwaysDisplayComments":false,"backgroundOpacity":0,"willDoAnimation":false,"animationType":"glow","displayAsButton":false,"buttonSize":"big","goToSlideType":"specified","invisible":false,"solution":""},{"x":47.00255102040816,"y":43.95465994962216,"width":40,"height":40,"action":{"library":"H5P.CRAudio 1.4","params":{"fitToWrapper":true,"currIndex":11,"playerMode":"minimalistic","controls":true,"autoplay":true,"playAudio":"Play audio","pauseAudio":"Pause audio","contentName":"Audio","glowColor":"#ffd85a","timeStampForEachText":[{"text":" \u041d\u0456\u0445\u0442\u043e ","startDuration":"0.0000","endDuration":"0.7455","wordfile":[{"path":"audios\/wordfile-6594d16ddf69d.wav","mime":"audio\/x-wav","copyright":{"license":"U"}}]},{"text":" \u043d\u0435 ","startDuration":"0.7465","endDuration":"0.8933","wordfile":[{"path":"audios\/wordfile-6594d185c63ff.wav","mime":"audio\/x-wav","copyright":{"license":"U"}}]},{"text":" \u043f\u0430\u043c \u2032\u00a0\u044f\u0442\u0430\u0454, ","startDuration":"0.8943","endDuration":"1.7064","wordfile":[{"path":"audios\/wordfile-6594d1ab614ce.wav","mime":"audio\/x-wav","copyright":{"license":"U"}}]},{"text":" \u0449\u043e ","startDuration":"1.7074","endDuration":"2.0338","wordfile":[{"path":"audios\/wordfile-6594d1c4cb08d.wav","mime":"audio\/x-wav","copyright":{"license":"U"}}]},{"text":" \u0441\u044c\u043e\u0433\u043e\u0434\u043d\u0456\u00a0\u2013 ","startDuration":"2.0348","endDuration":"2.7803","wordfile":[{"path":"audios\/wordfile-6594d1dd3d17c.wav","mime":"audio\/x-wav","copyright":{"license":"U"}}]},{"text":" \u043e\u0441\u043e\u0431\u043b\u0438\u0432\u0438\u0439 ","startDuration":"2.7813","endDuration":"3.6599","wordfile":[{"path":"audios\/wordfile-6594d1f25d081.wav","mime":"audio\/x-wav","copyright":{"license":"U"}}]},{"text":" \u0434\u0435\u043d\u044c ","startDuration":"3.6609","endDuration":"4.0139","wordfile":[{"path":"audios\/wordfile-6594d2095a25f.wav","mime":"audio\/x-wav","copyright":{"license":"U"}}]},{"text":" \u0434\u043b\u044f ","startDuration":"4.0149","endDuration":"4.3679","wordfile":[{"path":"audios\/wordfile-6594d2253018a.wav","mime":"audio\/x-wav","copyright":{"license":"U"}}]},{"text":" \u0411\u0456! ","startDuration":"4.3689","endDuration":"4.8018","wordfile":[{"path":"audios\/wordfile-6594d233ab362.wav","mime":"audio\/x-wav","copyright":{"license":"U"}}]}],"files":[{"path":"audios\/files-6594d154d145f.wav","mime":"audio\/x-wav","copyright":{"license":"U"}}]},"subContentId":"17b50747-6c5b-49c7-92fd-a5c000e50c38","metadata":{"contentType":"Curious Reader Audio","license":"U","title":"Untitled Curious Reader Audio"}},"backgroundOpacity":0,"willDoAnimation":false,"animationType":"glow","displayAsButton":false,"buttonSize":"big","goToSlideType":"specified","invisible":false},{"x":29.336734693877553,"y":17.614534005037783,"width":34.05612244897959,"height":57.178841309823675,"action":{"library":"H5P.Image 1.1","params":{"contentName":"Image"},"subContentId":"e882363c-0173-4508-b6c7-91723b1530b9","metadata":{"contentType":"Image","license":"U","title":"Untitled Image"}},"backgroundOpacity":0,"willDoAnimation":true,"animationType":"glow","displayAsButton":false,"buttonSize":"big","goToSlideType":"specified","invisible":false,"id":"img17b50747-6c5b-49c7-92fd-a5c000e50c38_8"}],"slideBackgroundSelector":{}},{"elements":[{"x":25.05446623093682,"y":0,"width":39.97821350762527,"height":70.96774193548387,"action":{"library":"H5P.Image 1.1","params":{"contentName":"Image","file":{"path":"images\/file-6583305d21bdd.jpg","mime":"image\/jpeg","copyright":{"license":"U"},"width":1000,"height":1000}},"subContentId":"75f6b858-8602-4eb2-8f48-a855e97c3d47","metadata":{"contentType":"Image","license":"U","title":"Untitled Image"}},"backgroundOpacity":0,"willDoAnimation":false,"animationType":"glow","displayAsButton":false,"buttonSize":"big","goToSlideType":"specified","invisible":false},{"x":16.581632653061224,"y":80.53954659949622,"width":63.775510204081634,"height":12.090680100755668,"action":{"library":"H5P.CRAdvancedText 1.1","params":{"text":"<p style=\"text-align: center;\"><span style=\"font-size:1.625em;\"><span style=\"color:#ffffff;\">\u0411\u0456 \u0441\u0443\u043c\u043d\u0438\u0439 \u0456 \u0432\u0442\u043e\u043c\u043b\u0435\u043d\u0438\u0439.<\/span><\/span><\/p>\n"},"subContentId":"009d8876-0bb9-498d-b880-a9a47bcc3382","metadata":{"contentType":"Text","license":"U","title":"Untitled Text"}},"alwaysDisplayComments":false,"backgroundOpacity":0,"willDoAnimation":false,"animationType":"glow","displayAsButton":false,"buttonSize":"big","goToSlideType":"specified","invisible":false,"solution":""},{"x":47.00255102040816,"y":43.95465994962216,"width":40,"height":40,"action":{"library":"H5P.CRAudio 1.4","params":{"fitToWrapper":true,"currIndex":12,"playerMode":"minimalistic","controls":true,"autoplay":true,"playAudio":"Play audio","pauseAudio":"Pause audio","contentName":"Audio","glowColor":"#ffd85a","timeStampForEachText":[{"text":" \u0411\u0456 ","startDuration":"0.0000","endDuration":"0.3540","wordfile":[{"path":"audios\/wordfile-6594cfa38491d.wav","mime":"audio\/x-wav","copyright":{"license":"U"}}]},{"text":" \u0441\u0443\u043c\u043d\u0438\u0439 ","startDuration":"0.3550","endDuration":"0.9597","wordfile":[{"path":"audios\/wordfile-6594cfb4e9d08.wav","mime":"audio\/x-wav","copyright":{"license":"U"}}]},{"text":" \u0456 ","startDuration":"0.9607","endDuration":"1.2634","wordfile":[{"path":"audios\/wordfile-6594cfc2a5ba8.wav","mime":"audio\/x-wav","copyright":{"license":"U"}}]},{"text":" \u0432\u0442\u043e\u043c\u043b\u0435\u043d\u0438\u0439. ","startDuration":"1.2644","endDuration":"2.1318","wordfile":[{"path":"audios\/wordfile-6594cfdb25d84.wav","mime":"audio\/x-wav","copyright":{"license":"U"}}]}],"files":[{"path":"audios\/files-6594cf935445d.wav","mime":"audio\/x-wav","copyright":{"license":"U"}}]},"subContentId":"1dec9f30-f1f7-4532-8d42-4ba761b23971","metadata":{"contentType":"Curious Reader Audio","license":"U","title":"Untitled Curious Reader Audio"}},"backgroundOpacity":0,"willDoAnimation":false,"animationType":"glow","displayAsButton":false,"buttonSize":"big","goToSlideType":"specified","invisible":false},{"x":44.642857142857146,"y":25.17317380352645,"width":12.372448979591837,"height":29.471032745591938,"action":{"library":"H5P.Image 1.1","params":{"contentName":"Image"},"subContentId":"804dcda1-1a61-4ab5-a7f8-35d9ca11c3fd","metadata":{"contentType":"Image","license":"U","title":"Untitled Image"}},"backgroundOpacity":0,"willDoAnimation":true,"animationType":"glow","displayAsButton":false,"buttonSize":"big","goToSlideType":"specified","invisible":false,"id":"img1dec9f30-f1f7-4532-8d42-4ba761b23971_0"}],"slideBackgroundSelector":{}},{"elements":[{"x":27.233115468409586,"y":0,"width":39.97821350762527,"height":70.96774193548387,"action":{"library":"H5P.Image 1.1","params":{"contentName":"Image","file":{"path":"images\/file-658330d744eb4.jpg","mime":"image\/jpeg","copyright":{"license":"U"},"width":1000,"height":1000}},"subContentId":"3c371ee6-c944-46f8-9189-dfb336f4c770","metadata":{"contentType":"Image","license":"U","title":"Untitled Image"}},"backgroundOpacity":0,"willDoAnimation":false,"animationType":"glow","displayAsButton":false,"buttonSize":"big","goToSlideType":"specified","invisible":false},{"x":11.479591836734695,"y":79.50453400503777,"width":71.93877551020408,"height":13.853904282115868,"action":{"library":"H5P.CRAdvancedText 1.1","params":{"text":"<p style=\"text-align: center;\"><span style=\"font-size:1.75em;\"><span style=\"color:#ffffff;\">\u0417 \u0414\u043d\u0435\u043c \u041d\u0430\u0440\u043e\u0434\u0436\u0435\u043d\u043d\u044f, \u0411\u0456!<\/span><\/span><\/p>\n"},"subContentId":"faba1022-658d-4c43-ab21-1f50b3edc6d0","metadata":{"contentType":"Text","license":"U","title":"Untitled Text"}},"alwaysDisplayComments":false,"backgroundOpacity":0,"willDoAnimation":false,"animationType":"glow","displayAsButton":false,"buttonSize":"big","goToSlideType":"specified","invisible":false,"solution":""},{"x":47.00255102040816,"y":43.95465994962216,"width":40,"height":40,"action":{"library":"H5P.CRAudio 1.4","params":{"fitToWrapper":true,"currIndex":13,"playerMode":"minimalistic","controls":true,"autoplay":true,"playAudio":"Play audio","pauseAudio":"Pause audio","contentName":"Audio","glowColor":"#ffd85a","timeStampForEachText":[{"text":" \u0417 ","startDuration":"0.0000","endDuration":"0.2157","wordfile":[{"path":"audios\/wordfile-6594d00d501a1.wav","mime":"audio\/x-wav","copyright":{"license":"U"}}]},{"text":" \u0414\u043d\u0435\u043c ","startDuration":"0.2167","endDuration":"0.5584","wordfile":[{"path":"audios\/wordfile-6594d02c710c5.wav","mime":"audio\/x-wav","copyright":{"license":"U"}}]},{"text":" \u041d\u0430\u0440\u043e\u0434\u0436\u0435\u043d\u043d\u044f, ","startDuration":"0.5594","endDuration":"1.3684","wordfile":[{"path":"audios\/wordfile-6594d04074fda.wav","mime":"audio\/x-wav","copyright":{"license":"U"}}]},{"text":" \u0411\u0456! ","startDuration":"1.3684","endDuration":"1.7636","wordfile":[{"path":"audios\/wordfile-6594d0624af86.wav","mime":"audio\/x-wav","copyright":{"license":"U"}}]}],"files":[{"path":"audios\/files-6594cff2c2277.wav","mime":"audio\/x-wav","copyright":{"license":"U"}}]},"subContentId":"a0fba9e5-7442-4ee2-85f9-d33fe045103f","metadata":{"contentType":"Curious Reader Audio","license":"U","title":"Untitled Curious Reader Audio"}},"backgroundOpacity":0,"willDoAnimation":false,"animationType":"glow","displayAsButton":false,"buttonSize":"big","goToSlideType":"specified","invisible":false},{"x":28.061224489795915,"y":35.254659949622166,"width":18.75,"height":37.531486146095716,"action":{"library":"H5P.Image 1.1","params":{"contentName":"Image"},"subContentId":"c92d4f85-83ec-4717-83ba-b9c902aac8f2","metadata":{"contentType":"Image","license":"U","title":"Untitled Image"}},"backgroundOpacity":0,"willDoAnimation":true,"animationType":"glow","displayAsButton":false,"buttonSize":"big","goToSlideType":"specified","invisible":false,"id":"imga0fba9e5-7442-4ee2-85f9-d33fe045103f_3"},{"x":36.98979591836735,"y":0,"width":27.67857142857143,"height":47.60705289672544,"action":{"library":"H5P.Image 1.1","params":{"contentName":"Image"},"subContentId":"013061f1-afcc-4b4f-b5dd-f554d23471e8","metadata":{"contentType":"Image","license":"U","title":"Untitled Image"}},"backgroundOpacity":0,"willDoAnimation":true,"animationType":"glow","displayAsButton":false,"buttonSize":"big","goToSlideType":"specified","invisible":false,"id":"imga0fba9e5-7442-4ee2-85f9-d33fe045103f_1"},{"x":36.98979591836735,"y":0,"width":26.403061224489797,"height":49.622166246851386,"action":{"library":"H5P.Image 1.1","params":{"contentName":"Image"},"subContentId":"210f7042-7689-41d4-beab-fcc69b04c4b7","metadata":{"contentType":"Image","license":"U","title":"Untitled Image"}},"backgroundOpacity":0,"willDoAnimation":true,"animationType":"glow","displayAsButton":false,"buttonSize":"big","goToSlideType":"specified","invisible":false,"id":"imga0fba9e5-7442-4ee2-85f9-d33fe045103f_2"}],"slideBackgroundSelector":{}},{"elements":[{"x":28.322440087145967,"y":0,"width":39.97821350762527,"height":70.96774193548387,"action":{"library":"H5P.Image 1.1","params":{"contentName":"Image","file":{"path":"images\/file-6583312339a2f.jpg","mime":"image\/jpeg","copyright":{"license":"U"},"width":1000,"height":1000}},"subContentId":"e8213c20-8d86-44e0-9649-a9565c3a0a25","metadata":{"contentType":"Image","license":"U","title":"Untitled Image"}},"backgroundOpacity":0,"willDoAnimation":false,"animationType":"glow","displayAsButton":false,"buttonSize":"big","goToSlideType":"specified","invisible":false},{"x":1.2755102040816326,"y":79.45717884130981,"width":94.13265306122449,"height":13.853904282115868,"action":{"library":"H5P.CRAdvancedText 1.1","params":{"text":"<p dir=\"ltr\" style=\"text-align: center;\"><span style=\"color:#ffffff;\"><span style=\"font-size:1.625em;\">\u041d\u0430\u0441\u043f\u0440\u0430\u0432\u0434\u0456 \u0432\u0441\u0456 \u043f\u0430\u043c\u2019\u044f\u0442\u0430\u044e\u0442\u044c! \u0411\u0456 \u0434\u0443\u0436\u0435 \u0449\u0430\u0441\u043b\u0438\u0432\u0438\u0439.<\/span><\/span><\/p>\n"},"subContentId":"214b0e73-9985-4b85-a216-562102b8c440","metadata":{"contentType":"Text","license":"U","title":"Untitled Text"}},"alwaysDisplayComments":false,"backgroundOpacity":0,"willDoAnimation":false,"animationType":"glow","displayAsButton":false,"buttonSize":"big","goToSlideType":"specified","invisible":false,"solution":""},{"x":47.00255102040816,"y":43.95465994962216,"width":40,"height":40,"action":{"library":"H5P.CRAudio 1.4","params":{"fitToWrapper":true,"currIndex":14,"playerMode":"minimalistic","controls":true,"autoplay":true,"playAudio":"Play audio","pauseAudio":"Pause audio","contentName":"Audio","glowColor":"#ffd85a","timeStampForEachText":[{"text":" \u041d\u0430\u0441\u043f\u0440\u0430\u0432\u0434\u0456 ","startDuration":"0.0000","endDuration":"0.8806","wordfile":[{"path":"audios\/wordfile-6594d0970bf0b.wav","mime":"audio\/x-wav","copyright":{"license":"U"}}]},{"text":" \u0432\u0441\u0456 ","startDuration":"0.8816","endDuration":"1.2623","wordfile":[{"path":"audios\/wordfile-6594d0a97d57a.wav","mime":"audio\/x-wav","copyright":{"license":"U"}}]},{"text":" \u043f\u0430\u043c\u2019\u044f\u0442\u0430\u044e\u0442\u044c! ","startDuration":"1.2633","endDuration":"2.2222","wordfile":[{"path":"audios\/wordfile-6594d0be373b6.wav","mime":"audio\/x-wav","copyright":{"license":"U"}}]},{"text":" \u0411\u0456 ","startDuration":"2.2232","endDuration":"2.7063","wordfile":[{"path":"audios\/wordfile-6594d0d371e68.wav","mime":"audio\/x-wav","copyright":{"license":"U"}}]},{"text":" \u0434\u0443\u0436\u0435 ","startDuration":"2.7073","endDuration":"3.1482","wordfile":[{"path":"audios\/wordfile-6594d0e9c2d56.wav","mime":"audio\/x-wav","copyright":{"license":"U"}}]},{"text":" \u0449\u0430\u0441\u043b\u0438\u0432\u0438\u0439. ","startDuration":"3.1492","endDuration":"4.3129","wordfile":[{"path":"audios\/wordfile-6594d0f9c320c.wav","mime":"audio\/x-wav","copyright":{"license":"U"}}]}],"files":[{"path":"audios\/files-6594d07759e06.wav","mime":"audio\/x-wav","copyright":{"license":"U"}}]},"subContentId":"14af9675-55c8-453b-8e08-460ba53c2983","metadata":{"contentType":"Curious Reader Audio","license":"U","title":"Untitled Curious Reader Audio"}},"backgroundOpacity":0,"willDoAnimation":false,"animationType":"glow","displayAsButton":false,"buttonSize":"big","goToSlideType":"specified","invisible":false},{"x":36.98979591836735,"y":35.254659949622166,"width":12.372448979591837,"height":32.49370277078086,"action":{"library":"H5P.Image 1.1","params":{"contentName":"Image"},"subContentId":"09311bb1-9e10-4752-be38-2160e047c21b","metadata":{"contentType":"Image","license":"U","title":"Untitled Image"}},"backgroundOpacity":0,"willDoAnimation":true,"animationType":"glow","displayAsButton":false,"buttonSize":"big","goToSlideType":"specified","invisible":false,"id":"img14af9675-55c8-453b-8e08-460ba53c2983_3"}],"slideBackgroundSelector":{}},{"elements":[{"x":5.446623093681917,"y":6.4415268817204305,"width":20.697167755991288,"height":20.64516129032258,"action":{"library":"H5P.Image 1.1","params":{"contentName":"Image","file":{"path":"images\/file-658332336bb23.png","mime":"image\/png","copyright":{"license":"U"},"width":1350,"height":487}},"subContentId":"431141b1-db9b-49f9-a897-89d4b98a1071","metadata":{"contentType":"Image","license":"U","title":"Untitled Image"}},"backgroundOpacity":0,"willDoAnimation":false,"animationType":"glow","displayAsButton":false,"buttonSize":"big","goToSlideType":"specified","invisible":false},{"x":33.769063180827885,"y":6.451612903225806,"width":18.51851851851852,"height":18.494623655913976,"action":{"library":"H5P.Image 1.1","params":{"contentName":"Image","file":{"path":"images\/file-6583323f17c54.png","mime":"image\/png","copyright":{"license":"U"},"width":814,"height":202}},"subContentId":"a78035f2-2b12-4577-b16a-50dfa0fdcbc4","metadata":{"contentType":"Image","license":"U","title":"Untitled Image"}},"backgroundOpacity":0,"willDoAnimation":false,"animationType":"glow","displayAsButton":false,"buttonSize":"big","goToSlideType":"specified","invisible":false},{"x":56.64488017429194,"y":8.602150537634408,"width":39.97821350762527,"height":15.053763440860214,"action":{"library":"H5P.Image 1.1","params":{"contentName":"Image","file":{"path":"images\/file-6583324d18788.jpg","mime":"image\/jpeg","copyright":{"license":"U"},"width":1732,"height":354}},"subContentId":"6de1a2b7-3b69-4c65-961d-e116d7efa254","metadata":{"contentType":"Image","license":"U","title":"Untitled Image"}},"backgroundOpacity":0,"willDoAnimation":false,"animationType":"glow","displayAsButton":false,"buttonSize":"big","goToSlideType":"specified","invisible":false},{"x":5.446623093681917,"y":29.944516129032255,"width":92.15686274509804,"height":66.66666666666666,"action":{"library":"H5P.CRAdvancedText 1.1","params":{"text":"<h3 style=\"text-align: center;\"><span style=\"font-size:0.875em;\">\u201c\u042f\u043a\u0438\u0439 \u0441\u044c\u043e\u0433\u043e\u0434\u043d\u0456 \u0434\u0435\u043d\u044c?\u201d credits<\/span><\/h3>\n\n<h3 style=\"text-align: center;\"><span style=\"font-size:0.875em;\">This work, \u201c\u042f\u043a\u0438\u0439 \u0441\u044c\u043e\u0433\u043e\u0434\u043d\u0456 \u0434\u0435\u043d\u044c?\u201c is a derivative of Hari Apakah Ini? (What Day Is It?), Author: Vannia Rizky Santoso. Illustrator: Vannia Rizky Santoso. Published by The Asia Foundation - Let's <a href=\"http:\/\/www.letsreadasia.org\/\">Read, https:\/\/www.letsreadasia.org <\/a>\u00a9 The Asia Foundation - Let's Read. Released under CC BY-NC 4.0.<\/span><\/h3>\n\n<h3 style=\"text-align: center;\"><span style=\"font-size:0.875em;\">\u201c\u042f\u043a\u0438\u0439 \u0441\u044c\u043e\u0433\u043e\u0434\u043d\u0456 \u0434\u0435\u043d\u044c?\u201d is licensed under CC BY 4.0 by Curious Learning.<\/span><\/h3>\n\n<h3 style=\"text-align: center;\"><span style=\"font-size:0.875em;\">Book builder - Abraham Jerry Kakooza<\/span><\/h3>\n"},"subContentId":"d72bca25-ea0d-42cd-8a46-96fdd6d1d8bc","metadata":{"contentType":"Text","license":"U","title":"Untitled Text"}},"alwaysDisplayComments":false,"backgroundOpacity":0,"willDoAnimation":false,"animationType":"glow","displayAsButton":false,"buttonSize":"big","goToSlideType":"specified","invisible":false,"solution":""}],"slideBackgroundSelector":{}}],"keywordListEnabled":true,"globalBackgroundSelector":{},"keywordListAlwaysShow":false,"keywordListAutoHide":false,"keywordListOpacity":90},"override":{"activeSurface":false,"hideSummarySlide":false,"summarySlideSolutionButton":true,"summarySlideRetryButton":true,"enablePrintButton":false,"social":{"showFacebookShare":false,"facebookShare":{"url":"@currentpageurl","quote":"I scored @score out of @maxScore on a task at @currentpageurl."},"showTwitterShare":false,"twitterShare":{"statement":"I scored @score out of @maxScore on a task at @currentpageurl.","url":"@currentpageurl","hashtags":"h5p, course"},"showGoogleShare":false,"googleShareUrl":"@currentpageurl"}},"l10n":{"slide":"Slide","score":"Score","yourScore":"Your Score","maxScore":"Max Score","total":"Total","totalScore":"Total Score","showSolutions":"Show solutions","retry":"Retry","exportAnswers":"Export text","hideKeywords":"Hide sidebar navigation menu","showKeywords":"Show sidebar navigation menu","fullscreen":"Fullscreen","exitFullscreen":"Exit fullscreen","prevSlide":"Previous slide","nextSlide":"Next slide","currentSlide":"Current slide","lastSlide":"Last slide","solutionModeTitle":"Exit solution mode","solutionModeText":"Solution Mode","summaryMultipleTaskText":"Multiple tasks","scoreMessage":"You achieved:","shareFacebook":"Share on Facebook","shareTwitter":"Share on Twitter","shareGoogle":"Share on Google+","summary":"Summary","solutionsButtonTitle":"Show comments","printTitle":"Print","printIngress":"How would you like to print this presentation?","printAllSlides":"Print all slides","printCurrentSlide":"Print current slide","noTitle":"No title","accessibilitySlideNavigationExplanation":"Use left and right arrow to change slide in that direction whenever canvas is selected.","accessibilityCanvasLabel":"Presentation canvas. Use left and right arrow to move between slides.","containsNotCompleted":"@slideName contains not completed interaction","containsCompleted":"@slideName contains completed interaction","slideCount":"Slide @index of @total","containsOnlyCorrect":"@slideName only has correct answers","containsIncorrectAnswers":"@slideName has incorrect answers","shareResult":"Share Result","accessibilityTotalScore":"You got @score of @maxScore points in total","accessibilityEnteredFullscreen":"Entered fullscreen","accessibilityExitedFullscreen":"Exited fullscreen"}}