{"presentation":{"slides":[{"elements":[{"x":7.7112893275756,"y":11.477761836442,"width":83.149830612873,"height":76.707317073171,"action":{"library":"H5P.Image 1.1","params":{"contentName":"Image","file":{"path":"images\/file-61b119d8b91b9.jpg","mime":"image\/jpeg","copyright":{"license":"U"},"width":1024,"height":490}},"subContentId":"281f58bc-00aa-42e9-a8f9-34a91108654b","metadata":{"contentType":"Image","license":"U","title":"Untitled Image"}},"backgroundOpacity":0,"willDoAnimation":false,"animationType":"glow","displayAsButton":false,"buttonSize":"big","goToSlideType":"specified","invisible":false},{"x":42.483660130719,"y":43.035370771237,"width":39.998692810458,"height":14.050381508562,"action":{"library":"H5P.CRAdvancedText 1.1","params":{"text":"<p style=\"text-align: center;\"><strong><span style=\"font-size:2.25em;\">HIDE AND SEEK<\/span><\/strong><\/p>\n"},"subContentId":"65b91755-f4db-4513-b663-95d5754e06f9","metadata":{"contentType":"Text","license":"U","title":"Untitled Text"}},"alwaysDisplayComments":false,"backgroundOpacity":0,"willDoAnimation":false,"animationType":"glow","displayAsButton":false,"buttonSize":"big","goToSlideType":"specified","invisible":false,"solution":""}],"slideBackgroundSelector":{}},{"elements":[{"x":30.501089324619,"y":83.918973003912,"width":39.998692810458,"height":11.89861297,"action":{"library":"H5P.CRAdvancedText 1.1","params":{"text":"<p style=\"text-align: center;\"><span style=\"font-size:1.75em;\">Find mom.<\/span><\/p>\n"},"subContentId":"7b276671-c320-47d6-9158-4d4fb745d80e","metadata":{"contentType":"Text","license":"U","title":"Untitled Text"}},"alwaysDisplayComments":false,"backgroundOpacity":0,"willDoAnimation":false,"animationType":"glow","displayAsButton":false,"buttonSize":"big","goToSlideType":"specified","invisible":false,"solution":""},{"x":24.676125848242,"y":9.1393754760091,"width":50.383122882661,"height":72.604722010663,"action":{"library":"H5P.Image 1.1","params":{"contentName":"Image","file":{"path":"images\/file-61c0f25319ee4.jpeg","mime":"image\/jpeg","copyright":{"license":"U"},"width":1472,"height":1024}},"subContentId":"f59573a4-4b0d-4f7b-a581-0af3c3101eb2","metadata":{"contentType":"Image","license":"U","title":"Untitled Image"}},"backgroundOpacity":0,"willDoAnimation":false,"animationType":"glow","displayAsButton":false,"buttonSize":"big","goToSlideType":"specified","invisible":false},{"x":47.000103485839,"y":44.000266819299,"width":40,"height":40,"action":{"library":"H5P.CRAudio 1.4","params":{"fitToWrapper":true,"currIndex":1,"playerMode":"minimalistic","controls":true,"autoplay":true,"playAudio":"Play audio","pauseAudio":"Pause audio","contentName":"Audio","glowColor":"#ffd85a","timeStampForEachText":[{"text":" Find ","startDuration":"0.0000","endDuration":"0.5289","wordfile":[{"path":"audios\/wordfile-61b118e9f0b99.wav","mime":"audio\/x-wav","copyright":{"license":"U"}}]},{"text":" mom. ","startDuration":"0.5289","endDuration":"1.1954","wordfile":[{"path":"audios\/wordfile-61b11906ad7cc.wav","mime":"audio\/x-wav","copyright":{"license":"U"}}]}],"files":[{"path":"audios\/files-61b118cc55df7.wav","mime":"audio\/x-wav","copyright":{"license":"U"}}]},"subContentId":"5d563423-46e8-4141-80f2-33603e424db2","metadata":{"contentType":"Curious Reader Audio","license":"U","title":"Untitled Curious Reader Audio"}},"backgroundOpacity":0,"willDoAnimation":false,"animationType":"glow","displayAsButton":false,"buttonSize":"big","goToSlideType":"specified","invisible":false},{"x":62.769895126465,"y":17.364813404417,"width":9.1161071758546,"height":44.230921553694,"action":{"library":"H5P.Image 1.1","params":{"contentName":"Image"},"subContentId":"2c18ef29-ae8e-4a68-8ab6-504813199859","metadata":{"contentType":"Image","license":"U","title":"Untitled Image"}},"backgroundOpacity":0,"willDoAnimation":true,"animationType":"glow","displayAsButton":false,"buttonSize":"big","goToSlideType":"specified","invisible":false,"id":"img5d563423-46e8-4141-80f2-33603e424db2_1"}],"slideBackgroundSelector":{}},{"elements":[{"x":28.935185185185183,"y":84.47488584474885,"width":39.998692810458,"height":14.050381508562,"action":{"library":"H5P.CRAdvancedText 1.1","params":{"text":"<p style=\"text-align: center;\"><span style=\"font-size:1.75em;\">Ten balls.<\/span><\/p>\n"},"subContentId":"a3931e1f-fa46-4f55-9ea7-0981a00a4f78","metadata":{"contentType":"Text","license":"U","title":"Untitled Text"}},"alwaysDisplayComments":false,"backgroundOpacity":0,"willDoAnimation":false,"animationType":"glow","displayAsButton":false,"buttonSize":"big","goToSlideType":"specified","invisible":false,"solution":""},{"x":23.133867982727,"y":9.1393754760091,"width":52.354019094549,"height":71.793754760091,"action":{"library":"H5P.Image 1.1","params":{"contentName":"Image","file":{"path":"images\/file-61c0f2bf916c1.jpeg","mime":"image\/jpeg","copyright":{"license":"U"},"width":1472,"height":1024}},"subContentId":"7308022d-4962-4c07-aeca-3c258a5f0017","metadata":{"contentType":"Image","license":"U","title":"Untitled Image"}},"backgroundOpacity":0,"willDoAnimation":false,"animationType":"glow","displayAsButton":false,"buttonSize":"big","goToSlideType":"specified","invisible":false},{"x":27.777777777777775,"y":50.22831050228311,"width":39.869571912535,"height":22.905559786748,"action":{"library":"H5P.Image 1.1","params":{"contentName":"Image"},"subContentId":"1a13d672-037e-46dd-ba61-88647d4317f5","metadata":{"contentType":"Image","license":"U","title":"Untitled Image"}},"backgroundOpacity":0,"willDoAnimation":true,"animationType":"glow","displayAsButton":false,"buttonSize":"big","goToSlideType":"specified","invisible":false,"id":"imgd19b9837-fa3e-472e-94dd-4118edc3be31_1"},{"x":92.59259259259258,"y":2.2831050228310503,"width":40,"height":40,"action":{"library":"H5P.CRAudio 1.4","params":{"fitToWrapper":true,"currIndex":2,"playerMode":"minimalistic","controls":true,"autoplay":true,"playAudio":"Play audio","pauseAudio":"Pause audio","contentName":"Audio","glowColor":"#ffd85a","files":[{"path":"audios\/files-61c0f441b8998.wav","mime":"audio\/x-wav","copyright":{"license":"U"}}],"timeStampForEachText":[{"text":" Ten ","startDuration":"0.0000","endDuration":"0.5291","wordfile":[{"path":"audios\/wordfile-61edd39b066f1.wav","mime":"audio\/x-wav","copyright":{"license":"U"}}]},{"text":" balls. ","startDuration":"0.5291","endDuration":"1.1971","wordfile":[{"path":"audios\/wordfile-61edd3ccc4edd.wav","mime":"audio\/x-wav","copyright":{"license":"U"}}]}]},"subContentId":"d19b9837-fa3e-472e-94dd-4118edc3be31","metadata":{"contentType":"Curious Reader Audio","license":"U","title":"Untitled Curious Reader Audio"}},"backgroundOpacity":0,"willDoAnimation":false,"animationType":"glow","displayAsButton":false,"buttonSize":"big","goToSlideType":"specified","invisible":false}],"slideBackgroundSelector":{}},{"elements":[{"x":30.09259259259259,"y":84.47488584474885,"width":39.998692810458,"height":11.89861297,"action":{"library":"H5P.CRAdvancedText 1.1","params":{"text":"<p style=\"text-align: center;\"><span style=\"font-size:1.75em;\">Nine mugs.<\/span><\/p>\n"},"subContentId":"8a6e5c35-5f97-4215-baa7-e38531f114ec","metadata":{"contentType":"Text","license":"U","title":"Untitled Text"}},"alwaysDisplayComments":false,"backgroundOpacity":0,"willDoAnimation":false,"animationType":"glow","displayAsButton":false,"buttonSize":"big","goToSlideType":"specified","invisible":false,"solution":""},{"x":20.773021250385,"y":9.1393754760091,"width":55.766861718509,"height":73.111348057883,"action":{"library":"H5P.Image 1.1","params":{"contentName":"Image","file":{"path":"images\/file-61c0f50c26444.jpeg","mime":"image\/jpeg","copyright":{"license":"U"},"width":1472,"height":1024}},"subContentId":"0861d03c-bddb-4187-a152-fa4e2cb5c858","metadata":{"contentType":"Image","license":"U","title":"Untitled Image"}},"backgroundOpacity":0,"willDoAnimation":false,"animationType":"glow","displayAsButton":false,"buttonSize":"big","goToSlideType":"specified","invisible":false},{"x":28.935185185185183,"y":47.945205479452056,"width":37.756082537727,"height":13.758568164509,"action":{"library":"H5P.Image 1.1","params":{"contentName":"Image"},"subContentId":"6c0299f8-f40e-47dd-bb76-b911e0538735","metadata":{"contentType":"Image","license":"U","title":"Untitled Image"}},"backgroundOpacity":0,"willDoAnimation":true,"animationType":"glow","displayAsButton":false,"buttonSize":"big","goToSlideType":"specified","invisible":false,"id":"img7e94f84d-d242-48a7-a95b-7a0dfc19a329_1"},{"x":92.59259259259258,"y":2.2831050228310503,"width":40,"height":40,"action":{"library":"H5P.CRAudio 1.4","params":{"fitToWrapper":true,"currIndex":3,"playerMode":"minimalistic","controls":true,"autoplay":true,"playAudio":"Play audio","pauseAudio":"Pause audio","contentName":"Audio","glowColor":"#ffd85a","files":[{"path":"audios\/files-61c0f6303909f.wav","mime":"audio\/x-wav","copyright":{"license":"U"}}],"timeStampForEachText":[{"text":" Nine ","startDuration":"0.0000","endDuration":"0.5016","wordfile":[{"path":"audios\/wordfile-61edd41585965.wav","mime":"audio\/x-wav","copyright":{"license":"U"}}]},{"text":" mugs. ","startDuration":"0.5016","endDuration":"1.2394","wordfile":[{"path":"audios\/wordfile-61edd4438f30b.wav","mime":"audio\/x-wav","copyright":{"license":"U"}}]}]},"subContentId":"7e94f84d-d242-48a7-a95b-7a0dfc19a329","metadata":{"contentType":"Curious Reader Audio","license":"U","title":"Untitled Curious Reader Audio"}},"backgroundOpacity":0,"willDoAnimation":false,"animationType":"glow","displayAsButton":false,"buttonSize":"big","goToSlideType":"specified","invisible":false}],"slideBackgroundSelector":{}},{"elements":[{"x":30.06365740740741,"y":84.24086757990868,"width":40.04629629629629,"height":13.698630136986301,"action":{"library":"H5P.CRAdvancedText 1.1","params":{"text":"<p style=\"text-align: center;\"><span style=\"font-size:1.75em;\">Eight spoons.<\/span><\/p>\n"},"subContentId":"c22923f1-a46c-493b-aca2-92fbacd3edc2","metadata":{"contentType":"Text","license":"U","title":"Untitled Text"}},"alwaysDisplayComments":false,"backgroundOpacity":0,"willDoAnimation":false,"animationType":"glow","displayAsButton":false,"buttonSize":"big","goToSlideType":"specified","invisible":false,"solution":""},{"x":21.99074074074074,"y":9.132420091324201,"width":56.973668001232,"height":74.634577303884,"action":{"library":"H5P.Image 1.1","params":{"contentName":"Image","file":{"path":"images\/file-61c0f78984cdd.jpeg","mime":"image\/jpeg","copyright":{"license":"U"},"width":1472,"height":1024}},"subContentId":"37eda182-a252-454f-b1bd-3d126971ee70","metadata":{"contentType":"Image","license":"U","title":"Untitled Image"}},"backgroundOpacity":0,"willDoAnimation":false,"animationType":"glow","displayAsButton":false,"buttonSize":"big","goToSlideType":"specified","invisible":false},{"x":92.59259259259258,"y":2.2831050228310503,"width":40,"height":40,"action":{"library":"H5P.CRAudio 1.4","params":{"fitToWrapper":true,"currIndex":4,"playerMode":"minimalistic","controls":true,"autoplay":true,"playAudio":"Play audio","pauseAudio":"Pause audio","contentName":"Audio","glowColor":"#ffd85a","files":[{"path":"audios\/files-61c0f8875cd2c.wav","mime":"audio\/x-wav","copyright":{"license":"U"}}],"timeStampForEachText":[{"text":" Eight ","startDuration":"0.0000","endDuration":"0.3583","wordfile":[{"path":"audios\/wordfile-61edd4ac8ba3c.wav","mime":"audio\/x-wav","copyright":{"license":"U"}}]},{"text":" spoons. ","startDuration":"0.3583","endDuration":"1.3553","wordfile":[{"path":"audios\/wordfile-61edd4ccaad9c.wav","mime":"audio\/x-wav","copyright":{"license":"U"}}]}]},"subContentId":"0295b037-f7ed-45cd-ba2e-352eb67c8558","metadata":{"contentType":"Curious Reader Audio","license":"U","title":"Untitled Curious Reader Audio"}},"backgroundOpacity":0,"willDoAnimation":false,"animationType":"glow","displayAsButton":false,"buttonSize":"big","goToSlideType":"specified","invisible":false},{"x":49.76851851851851,"y":41.32420091324201,"width":23.749999999999996,"height":22.64840182648402,"action":{"library":"H5P.Image 1.1","params":{"contentName":"Image"},"subContentId":"bf4368de-694c-40d9-92c1-8c4ef0d9d5aa","metadata":{"contentType":"Image","license":"U","title":"Untitled Image"}},"backgroundOpacity":0,"willDoAnimation":true,"animationType":"glow","displayAsButton":false,"buttonSize":"big","goToSlideType":"specified","invisible":false,"id":"img0295b037-f7ed-45cd-ba2e-352eb67c8558_1"},{"x":43.17129629629629,"y":36.529680365296805,"width":5.1157407407407405,"height":24.01826484018265,"action":{"library":"H5P.Image 1.1","params":{"contentName":"Image"},"subContentId":"6ebf202f-92c0-4b70-87b9-41c4942b42bd","metadata":{"contentType":"Image","license":"U","title":"Untitled Image"}},"backgroundOpacity":0,"willDoAnimation":true,"animationType":"glow","displayAsButton":false,"buttonSize":"big","goToSlideType":"specified","invisible":false,"id":"img0295b037-f7ed-45cd-ba2e-352eb67c8558_1"}],"slideBackgroundSelector":{}},{"elements":[{"x":30.501089324619,"y":86.070741542474,"width":39.998692810458,"height":11.89861297,"action":{"library":"H5P.CRAdvancedText 1.1","params":{"text":"<p style=\"text-align: center;\"><span style=\"font-size:1.75em;\">Seven baskets.<\/span><\/p>\n"},"subContentId":"24a7b4ec-023c-4c23-9b9e-4ce2473d3e40","metadata":{"contentType":"Text","license":"U","title":"Untitled Text"}},"alwaysDisplayComments":false,"backgroundOpacity":0,"willDoAnimation":false,"animationType":"glow","displayAsButton":false,"buttonSize":"big","goToSlideType":"specified","invisible":false,"solution":""},{"x":23.098244533415,"y":9.1393754760091,"width":53.984447182014,"height":74.927646610815,"action":{"library":"H5P.Image 1.1","params":{"contentName":"Image","file":{"path":"images\/file-61c0f97f5a778.jpeg","mime":"image\/jpeg","copyright":{"license":"U"},"width":1472,"height":1024}},"subContentId":"ab3d1717-7bd0-4589-a7b8-718950cf9f45","metadata":{"contentType":"Image","license":"U","title":"Untitled Image"}},"backgroundOpacity":0,"willDoAnimation":false,"animationType":"glow","displayAsButton":false,"buttonSize":"big","goToSlideType":"specified","invisible":false},{"x":47.000103485839,"y":44.000266819299,"width":40,"height":40,"action":{"library":"H5P.CRAudio 1.4","params":{"fitToWrapper":true,"currIndex":5,"playerMode":"minimalistic","controls":true,"autoplay":true,"playAudio":"Play audio","pauseAudio":"Pause audio","contentName":"Audio","glowColor":"#ffd85a","timeStampForEachText":[{"text":" Seven ","startDuration":"0.0017","endDuration":"0.6568","wordfile":[{"path":"audios\/wordfile-61b11b0d50a34.wav","mime":"audio\/x-wav","copyright":{"license":"U"}}]},{"text":" baskets. ","startDuration":"0.6568","endDuration":"1.5273","wordfile":[{"path":"audios\/wordfile-61b11b23253f3.wav","mime":"audio\/x-wav","copyright":{"license":"U"}}]}],"files":[{"path":"audios\/files-61b11aef566d2.wav","mime":"audio\/x-wav","copyright":{"license":"U"}}]},"subContentId":"4f60249b-6b13-4d9d-a431-cd07e63c6c3b","metadata":{"contentType":"Curious Reader Audio","license":"U","title":"Untitled Curious Reader Audio"}},"backgroundOpacity":0,"willDoAnimation":false,"animationType":"glow","displayAsButton":false,"buttonSize":"big","goToSlideType":"specified","invisible":false},{"x":19.675925925925924,"y":52.51141552511416,"width":60.854327071143,"height":25.940594059406,"action":{"library":"H5P.Image 1.1","params":{"contentName":"Image"},"subContentId":"9993813e-362b-4bbc-9635-c8945aeafc94","metadata":{"contentType":"Image","license":"U","title":"Untitled Image"}},"backgroundOpacity":0,"willDoAnimation":true,"animationType":"glow","displayAsButton":false,"buttonSize":"big","goToSlideType":"specified","invisible":false,"id":"img4f60249b-6b13-4d9d-a431-cd07e63c6c3b_1"}],"slideBackgroundSelector":{}},{"elements":[{"x":30.501089324619,"y":86.501095250186,"width":39.998692810458,"height":11.89861297,"action":{"library":"H5P.CRAdvancedText 1.1","params":{"text":"<p style=\"text-align: center;\"><span style=\"font-size:1.75em;\">Six vases.&nbsp;<\/span><\/p>\n"},"subContentId":"a7db7bda-dd18-495e-bb88-72386a099cc1","metadata":{"contentType":"Text","license":"U","title":"Untitled Text"}},"alwaysDisplayComments":false,"backgroundOpacity":0,"willDoAnimation":false,"animationType":"glow","displayAsButton":false,"buttonSize":"big","goToSlideType":"specified","invisible":false,"solution":""},{"x":23.133867982727,"y":9.1393754760091,"width":53.893902063443,"height":77.452551408987,"action":{"library":"H5P.Image 1.1","params":{"contentName":"Image","file":{"path":"images\/file-61c0faa8193a4.jpeg","mime":"image\/jpeg","copyright":{"license":"U"},"width":1472,"height":1024}},"subContentId":"ce6eebac-7cd7-4ae3-8294-f90d7a1754ef","metadata":{"contentType":"Image","license":"U","title":"Untitled Image"}},"backgroundOpacity":0,"willDoAnimation":false,"animationType":"glow","displayAsButton":false,"buttonSize":"big","goToSlideType":"specified","invisible":false},{"x":47.000103485839,"y":44.000266819299,"width":40,"height":40,"action":{"library":"H5P.CRAudio 1.4","params":{"fitToWrapper":true,"currIndex":6,"playerMode":"minimalistic","controls":true,"autoplay":true,"playAudio":"Play audio","pauseAudio":"Pause audio","contentName":"Audio","glowColor":"#ffd85a","timeStampForEachText":[{"text":" Six ","startDuration":"0.0000","endDuration":"0.8015","wordfile":[{"path":"audios\/wordfile-61b11bd2b613d.wav","mime":"audio\/x-wav","copyright":{"license":"U"}}]},{"text":" vases.\u00a0 ","startDuration":"0.8015","endDuration":"1.5786","wordfile":[{"path":"audios\/wordfile-61b11bede8e0d.wav","mime":"audio\/x-wav","copyright":{"license":"U"}}]}],"files":[{"path":"audios\/files-61b11bb330161.wav","mime":"audio\/x-wav","copyright":{"license":"U"}}]},"subContentId":"31b09526-fe77-46c7-b79e-059d04071437","metadata":{"contentType":"Curious Reader Audio","license":"U","title":"Untitled Curious Reader Audio"}},"backgroundOpacity":0,"willDoAnimation":false,"animationType":"glow","displayAsButton":false,"buttonSize":"big","goToSlideType":"specified","invisible":false},{"x":45.188155459593,"y":32.901751713633,"width":14.166923313828,"height":35.396191926885,"action":{"library":"H5P.Image 1.1","params":{"contentName":"Image"},"subContentId":"9c9764c3-21e1-40bb-a98b-741a0ff9f97a","metadata":{"contentType":"Image","license":"U","title":"Untitled Image"}},"backgroundOpacity":0,"willDoAnimation":true,"animationType":"glow","displayAsButton":false,"buttonSize":"big","goToSlideType":"specified","invisible":false,"id":"img31b09526-fe77-46c7-b79e-059d04071437_1"}],"slideBackgroundSelector":{}},{"elements":[{"x":30.501089324619,"y":86.070741542474,"width":39.998692810458,"height":11.89861297,"action":{"library":"H5P.CRAdvancedText 1.1","params":{"text":"<p style=\"text-align: center;\"><span style=\"font-size:1.75em;\">Five flowers.<\/span><\/p>\n"},"subContentId":"ce8371ff-18d4-45a5-ad6c-2380894dc4f6","metadata":{"contentType":"Text","license":"U","title":"Untitled Text"}},"alwaysDisplayComments":false,"backgroundOpacity":0,"willDoAnimation":false,"animationType":"glow","displayAsButton":false,"buttonSize":"big","goToSlideType":"specified","invisible":false,"solution":""},{"x":25.293028994448,"y":12.185833968012,"width":49.27425315676,"height":73.149428789033,"action":{"library":"H5P.Image 1.1","params":{"contentName":"Image","file":{"path":"images\/file-61c0fb083e1bb.jpeg","mime":"image\/jpeg","copyright":{"license":"U"},"width":1472,"height":1024}},"subContentId":"5540205a-60e4-4773-a93d-1d4917ead4ab","metadata":{"contentType":"Image","license":"U","title":"Untitled Image"}},"backgroundOpacity":0,"willDoAnimation":false,"animationType":"glow","displayAsButton":false,"buttonSize":"big","goToSlideType":"specified","invisible":false},{"x":29.257776408993,"y":55.849200304646,"width":19.277486910995,"height":24.91622239147,"action":{"library":"H5P.Image 1.1","params":{"contentName":"Image"},"subContentId":"54f9540d-3cd1-4522-8176-a43f57945c7a","metadata":{"contentType":"Image","license":"U","title":"Untitled Image"}},"backgroundOpacity":0,"willDoAnimation":true,"animationType":"glow","displayAsButton":false,"buttonSize":"big","goToSlideType":"specified","invisible":false,"id":"img3b89eca2-7c56-45b1-a1df-26f778af9233_1"},{"x":47.000103485839,"y":44.000266819299,"width":40,"height":40,"action":{"library":"H5P.CRAudio 1.4","params":{"fitToWrapper":true,"currIndex":7,"playerMode":"minimalistic","controls":true,"autoplay":true,"playAudio":"Play audio","pauseAudio":"Pause audio","contentName":"Audio","glowColor":"#ffd85a","timeStampForEachText":[{"text":" Five ","startDuration":"0.0000","endDuration":"0.5403","wordfile":[{"path":"audios\/wordfile-61b11ccadd178.wav","mime":"audio\/x-wav","copyright":{"license":"U"}}]},{"text":" flowers. ","startDuration":"0.5403","endDuration":"1.4264","wordfile":[{"path":"audios\/wordfile-61b11ce3102f5.wav","mime":"audio\/x-wav","copyright":{"license":"U"}}]}],"files":[{"path":"audios\/files-61b11cb73e4a8.wav","mime":"audio\/x-wav","copyright":{"license":"U"}}]},"subContentId":"3b89eca2-7c56-45b1-a1df-26f778af9233","metadata":{"contentType":"Curious Reader Audio","license":"U","title":"Untitled Curious Reader Audio"}},"backgroundOpacity":0,"willDoAnimation":false,"animationType":"glow","displayAsButton":false,"buttonSize":"big","goToSlideType":"specified","invisible":false},{"x":52.128315854411,"y":58.187357197258,"width":16.091777024946,"height":21.839299314547,"action":{"library":"H5P.Image 1.1","params":{"contentName":"Image"},"subContentId":"ee5c197e-f639-4924-acf4-b1a4df16500a","metadata":{"contentType":"Image","license":"U","title":"Untitled Image"}},"backgroundOpacity":0,"willDoAnimation":true,"animationType":"glow","displayAsButton":false,"buttonSize":"big","goToSlideType":"specified","invisible":false,"id":"img3b89eca2-7c56-45b1-a1df-26f778af9233_1"}],"slideBackgroundSelector":{}},{"elements":[{"x":30.501089324619,"y":86.070741542474,"width":39.998692810458,"height":11.89861297,"action":{"library":"H5P.CRAdvancedText 1.1","params":{"text":"<p style=\"text-align: center;\"><span style=\"font-size:1.75em;\">Four pairs of pants.<\/span><\/p>\n"},"subContentId":"62da435c-587d-4e24-8531-6e6d9ca1bf03","metadata":{"contentType":"Text","license":"U","title":"Untitled Text"}},"alwaysDisplayComments":false,"backgroundOpacity":0,"willDoAnimation":false,"animationType":"glow","displayAsButton":false,"buttonSize":"big","goToSlideType":"specified","invisible":false,"solution":""},{"x":18.507094386181,"y":9.1393754760091,"width":61.901293501694,"height":73.152941176471,"action":{"library":"H5P.Image 1.1","params":{"contentName":"Image","file":{"path":"images\/file-61c0fbe47eb09.jpeg","mime":"image\/jpeg","copyright":{"license":"U"},"width":1472,"height":1024}},"subContentId":"9f8fef1e-cbf5-4098-9dbe-27a7399d7326","metadata":{"contentType":"Image","license":"U","title":"Untitled Image"}},"backgroundOpacity":0,"willDoAnimation":false,"animationType":"glow","displayAsButton":false,"buttonSize":"big","goToSlideType":"specified","invisible":false},{"x":47.000103485839,"y":44.000266819299,"width":40,"height":40,"action":{"library":"H5P.CRAudio 1.4","params":{"fitToWrapper":true,"currIndex":8,"playerMode":"minimalistic","controls":true,"autoplay":true,"playAudio":"Play audio","pauseAudio":"Pause audio","contentName":"Audio","glowColor":"#ffd85a","timeStampForEachText":[{"text":" Four ","startDuration":"0.0000","endDuration":"0.6723","wordfile":[{"path":"audios\/wordfile-61b11d877a5dd.wav","mime":"audio\/x-wav","copyright":{"license":"U"}}]},{"text":" pairs ","startDuration":"0.6723","endDuration":"1.1191","wordfile":[{"path":"audios\/wordfile-61b11db3e42d0.wav","mime":"audio\/x-wav","copyright":{"license":"U"}}]},{"text":" of ","startDuration":"1.1191","endDuration":"1.3761","wordfile":[{"path":"audios\/wordfile-61b11de126a62.wav","mime":"audio\/x-wav","copyright":{"license":"U"}}]},{"text":" pants. ","startDuration":"1.3761","endDuration":"2.0790","wordfile":[{"path":"audios\/wordfile-61b11df50fd2b.wav","mime":"audio\/x-wav","copyright":{"license":"U"}}]}],"files":[{"path":"audios\/files-61b11d6fd9220.wav","mime":"audio\/x-wav","copyright":{"license":"U"}}]},"subContentId":"23da6d18-63a5-4b2f-972f-bb3d8616ea6a","metadata":{"contentType":"Curious Reader Audio","license":"U","title":"Untitled Curious Reader Audio"}},"backgroundOpacity":0,"willDoAnimation":false,"animationType":"glow","displayAsButton":false,"buttonSize":"big","goToSlideType":"specified","invisible":false},{"x":52.282541640962,"y":13.099771515613,"width":20.205112411457,"height":46.660472201066,"action":{"library":"H5P.Image 1.1","params":{"contentName":"Image"},"subContentId":"c20dd8af-ffd7-4245-9272-90234f83431d","metadata":{"contentType":"Image","license":"U","title":"Untitled Image"}},"backgroundOpacity":0,"willDoAnimation":true,"animationType":"glow","displayAsButton":false,"buttonSize":"big","goToSlideType":"specified","invisible":false,"id":"img23da6d18-63a5-4b2f-972f-bb3d8616ea6a_3"}],"slideBackgroundSelector":{}},{"elements":[{"x":21.591610117212,"y":84.996191926885,"width":57.734204793028,"height":14.050381508562,"action":{"library":"H5P.CRAdvancedText 1.1","params":{"text":"<p style=\"text-align: center;\"><span style=\"font-size:1.75em;\">Three musical instruments.<\/span><\/p>\n"},"subContentId":"3a08f030-0a2a-49f9-88e9-de7086ff4fcf","metadata":{"contentType":"Text","license":"U","title":"Untitled Text"}},"alwaysDisplayComments":false,"backgroundOpacity":0,"willDoAnimation":false,"animationType":"glow","displayAsButton":false,"buttonSize":"big","goToSlideType":"specified","invisible":false,"solution":""},{"x":25.601480567551,"y":8.2254379284082,"width":51.455189405605,"height":76.191926884996,"action":{"library":"H5P.Image 1.1","params":{"contentName":"Image","file":{"path":"images\/file-61c0fc644df28.jpeg","mime":"image\/jpeg","copyright":{"license":"U"},"width":1472,"height":1024}},"subContentId":"f455b643-1205-4afd-aad1-ca7b047aa884","metadata":{"contentType":"Image","license":"U","title":"Untitled Image"}},"backgroundOpacity":0,"willDoAnimation":false,"animationType":"glow","displayAsButton":false,"buttonSize":"big","goToSlideType":"specified","invisible":false},{"x":47.000103485839,"y":44.000266819299,"width":40,"height":40,"action":{"library":"H5P.CRAudio 1.4","params":{"fitToWrapper":true,"currIndex":9,"playerMode":"minimalistic","controls":true,"autoplay":true,"playAudio":"Play audio","pauseAudio":"Pause audio","contentName":"Audio","glowColor":"#ffd85a","timeStampForEachText":[{"text":" Three ","startDuration":"0.0000","endDuration":"0.4871","wordfile":[{"path":"audios\/wordfile-61b11e9c17955.wav","mime":"audio\/x-wav","copyright":{"license":"U"}}]},{"text":" musical ","startDuration":"0.4871","endDuration":"1.2075","wordfile":[{"path":"audios\/wordfile-61b11eba55b82.wav","mime":"audio\/x-wav","copyright":{"license":"U"}}]},{"text":" instruments. ","startDuration":"1.2075","endDuration":"2.2459","wordfile":[{"path":"audios\/wordfile-61b11edc1db85.wav","mime":"audio\/x-wav","copyright":{"license":"U"}}]}],"files":[{"path":"audios\/files-61b11e7d82b27.wav","mime":"audio\/x-wav","copyright":{"license":"U"}}]},"subContentId":"ed9d4bc8-9c8b-44da-b6f9-a8bebed5b800","metadata":{"contentType":"Curious Reader Audio","license":"U","title":"Untitled Curious Reader Audio"}},"backgroundOpacity":0,"willDoAnimation":false,"animationType":"glow","displayAsButton":false,"buttonSize":"big","goToSlideType":"specified","invisible":false},{"x":28.840222085133,"y":23.762376237624,"width":13.117878041269,"height":56.896268088347,"action":{"library":"H5P.Image 1.1","params":{"contentName":"Image"},"subContentId":"82db8b31-04b6-44e4-8dd3-5bbdca56988a","metadata":{"contentType":"Image","license":"U","title":"Untitled Image"}},"backgroundOpacity":0,"willDoAnimation":true,"animationType":"glow","displayAsButton":false,"buttonSize":"big","goToSlideType":"specified","invisible":false,"id":"imged9d4bc8-9c8b-44da-b6f9-a8bebed5b800_2"},{"x":60.825377271327,"y":24.980959634425,"width":12.282491530644,"height":53.370297029703,"action":{"library":"H5P.Image 1.1","params":{"contentName":"Image"},"subContentId":"34e80c41-91b3-42af-b676-49257afd27b6","metadata":{"contentType":"Image","license":"U","title":"Untitled Image"}},"backgroundOpacity":0,"willDoAnimation":true,"animationType":"glow","displayAsButton":false,"buttonSize":"big","goToSlideType":"specified","invisible":false,"id":"imged9d4bc8-9c8b-44da-b6f9-a8bebed5b800_2"},{"x":45.805058605799,"y":42.041127189642,"width":11.577995072375,"height":40.392079207921,"action":{"library":"H5P.Image 1.1","params":{"contentName":"Image"},"subContentId":"9cded2ad-7b27-43ad-955e-e7cb7b2b7763","metadata":{"contentType":"Image","license":"U","title":"Untitled Image"}},"backgroundOpacity":0,"willDoAnimation":true,"animationType":"glow","displayAsButton":false,"buttonSize":"big","goToSlideType":"specified","invisible":false,"id":"imged9d4bc8-9c8b-44da-b6f9-a8bebed5b800_2"}],"slideBackgroundSelector":{}},{"elements":[{"x":29.411764705882,"y":84.349326711624,"width":39.998692810458,"height":14.050381508562,"action":{"library":"H5P.CRAdvancedText 1.1","params":{"text":"<p style=\"text-align: center;\"><span style=\"font-size:1.75em;\">Two hands.<\/span><\/p>\n"},"subContentId":"afea620e-f0f5-426e-a583-86d004b0afe4","metadata":{"contentType":"Text","license":"U","title":"Untitled Text"}},"alwaysDisplayComments":false,"backgroundOpacity":0,"willDoAnimation":false,"animationType":"glow","displayAsButton":false,"buttonSize":"big","goToSlideType":"specified","invisible":false,"solution":""},{"x":21.558361564521,"y":9.1393754760091,"width":55.416538343086,"height":73.911043412034,"action":{"library":"H5P.Image 1.1","params":{"contentName":"Image","file":{"path":"images\/file-61c0fdae0857e.jpeg","mime":"image\/jpeg","copyright":{"license":"U"},"width":1472,"height":1024}},"subContentId":"a588fa0a-5484-4950-944a-d472b7aedc92","metadata":{"contentType":"Image","license":"U","title":"Untitled Image"}},"backgroundOpacity":0,"willDoAnimation":false,"animationType":"glow","displayAsButton":false,"buttonSize":"big","goToSlideType":"specified","invisible":false},{"x":49.352251696484,"y":33.511043412034,"width":12.732907299045,"height":31.100685453161,"action":{"library":"H5P.Image 1.1","params":{"contentName":"Image"},"subContentId":"cc91c0ec-00d3-41e5-8bcb-8406f6394140","metadata":{"contentType":"Image","license":"U","title":"Untitled Image"}},"backgroundOpacity":0,"willDoAnimation":true,"animationType":"glow","displayAsButton":false,"buttonSize":"big","goToSlideType":"specified","invisible":false,"id":"imgdcf17dcc-8004-4ac7-bf01-743562299030_1"},{"x":47.000103485839,"y":44.000266819299,"width":40,"height":40,"action":{"library":"H5P.CRAudio 1.4","params":{"fitToWrapper":true,"currIndex":10,"playerMode":"minimalistic","controls":true,"autoplay":true,"playAudio":"Play audio","pauseAudio":"Pause audio","contentName":"Audio","glowColor":"#ffd85a","timeStampForEachText":[{"text":" Two ","startDuration":"0.0000","endDuration":"0.5297","wordfile":[{"path":"audios\/wordfile-61b11f8ddef38.wav","mime":"audio\/x-wav","copyright":{"license":"U"}}]},{"text":" hands. ","startDuration":"0.5297","endDuration":"1.2292","wordfile":[{"path":"audios\/wordfile-61b11fa264c21.wav","mime":"audio\/x-wav","copyright":{"license":"U"}}]}],"files":[{"path":"audios\/files-61b11f71ed1ba.wav","mime":"audio\/x-wav","copyright":{"license":"U"}}]},"subContentId":"dcf17dcc-8004-4ac7-bf01-743562299030","metadata":{"contentType":"Curious Reader Audio","license":"U","title":"Untitled Curious Reader Audio"}},"backgroundOpacity":0,"willDoAnimation":false,"animationType":"glow","displayAsButton":false,"buttonSize":"big","goToSlideType":"specified","invisible":false}],"slideBackgroundSelector":{}},{"elements":[{"x":30.501089324619,"y":86.501095250186,"width":39.998692810458,"height":11.89861297,"action":{"library":"H5P.CRAdvancedText 1.1","params":{"text":"<p style=\"text-align: center;\"><span style=\"font-size:1.75em;\">One mom.<\/span><\/p>\n"},"subContentId":"597f631b-5fb5-4273-a396-1426b58a2038","metadata":{"contentType":"Text","license":"U","title":"Untitled Text"}},"alwaysDisplayComments":false,"backgroundOpacity":0,"willDoAnimation":false,"animationType":"glow","displayAsButton":false,"buttonSize":"big","goToSlideType":"specified","invisible":false,"solution":""},{"x":20.820481184454,"y":9.1822094691535,"width":58.509701262704,"height":75.305021520803,"action":{"library":"H5P.Image 1.1","params":{"contentName":"Image","file":{"path":"images\/file-61c0fea69e424.jpeg","mime":"image\/jpeg","copyright":{"license":"U"},"width":1472,"height":1024}},"subContentId":"c58547ba-08f7-4250-9cd8-0a37cda5ed85","metadata":{"contentType":"Image","license":"U","title":"Untitled Image"}},"backgroundOpacity":0,"willDoAnimation":false,"animationType":"glow","displayAsButton":false,"buttonSize":"big","goToSlideType":"specified","invisible":false},{"x":52.663997536187,"y":22.955523672884,"width":11.520249461041,"height":21.574605451937,"action":{"library":"H5P.Image 1.1","params":{"contentName":"Image"},"subContentId":"8f54da57-e6dc-4754-acbe-1f806706049e","metadata":{"contentType":"Image","license":"U","title":"Untitled Image"}},"backgroundOpacity":0,"willDoAnimation":true,"animationType":"glow","displayAsButton":false,"buttonSize":"big","goToSlideType":"specified","invisible":false,"id":"img034d6fc6-bbc5-451b-8e1f-2897fc222baf_1"},{"x":47.000103485839,"y":44.000266819299,"width":40,"height":40,"action":{"library":"H5P.CRAudio 1.4","params":{"fitToWrapper":true,"currIndex":11,"playerMode":"minimalistic","controls":true,"autoplay":true,"playAudio":"Play audio","pauseAudio":"Pause audio","contentName":"Audio","glowColor":"#ffd85a","timeStampForEachText":[{"text":" One ","startDuration":"0.0000","endDuration":"0.6290","wordfile":[{"path":"audios\/wordfile-61b120dcbdf98.wav","mime":"audio\/x-wav","copyright":{"license":"U"}}]},{"text":" mom. ","startDuration":"0.6290","endDuration":"1.2443","wordfile":[{"path":"audios\/wordfile-61b120f25f758.wav","mime":"audio\/x-wav","copyright":{"license":"U"}}]}],"files":[{"path":"audios\/files-61b120c98f2fe.wav","mime":"audio\/x-wav","copyright":{"license":"U"}}]},"subContentId":"034d6fc6-bbc5-451b-8e1f-2897fc222baf","metadata":{"contentType":"Curious Reader Audio","license":"U","title":"Untitled Curious Reader Audio"}},"backgroundOpacity":0,"willDoAnimation":false,"animationType":"glow","displayAsButton":false,"buttonSize":"big","goToSlideType":"specified","invisible":false}],"slideBackgroundSelector":{}},{"elements":[{"x":2.5510204081632653,"y":7.552745591939547,"width":21.683673469387756,"height":15.61712846347607,"action":{"library":"H5P.Image 1.1","params":{"contentName":"Image","file":{"path":"images\/file-61fb296cf2c04.png","mime":"image\/png","copyright":{"license":"U"},"width":1350,"height":487}},"metadata":{"contentType":"Image","license":"U","title":"Untitled Image"},"subContentId":"7bf47fcf-995a-4435-a129-c1cc0af0cfcc"},"backgroundOpacity":0,"willDoAnimation":false,"animationType":"glow","displayAsButton":false,"buttonSize":"big","goToSlideType":"specified","invisible":false},{"x":38.26530612244898,"y":10.075566750629722,"width":23.852040816326532,"height":12.594458438287154,"action":{"library":"H5P.Image 1.1","params":{"contentName":"Image","file":{"path":"images\/file-61fb29a5596cb.png","mime":"image\/png","copyright":{"license":"U"},"width":814,"height":202}},"metadata":{"contentType":"Image","license":"U","title":"Untitled Image"},"subContentId":"d4bc25db-c1bb-4043-b321-e04299e3a0ea"},"backgroundOpacity":0,"willDoAnimation":false,"animationType":"glow","displayAsButton":false,"buttonSize":"big","goToSlideType":"specified","invisible":false},{"x":71.42857142857143,"y":10.067707808564231,"width":27.551020408163264,"height":11.083123425692694,"action":{"library":"H5P.Image 1.1","params":{"contentName":"Image","file":{"path":"images\/file-61fb28cb969ac.jpg","mime":"image\/jpeg","copyright":{"license":"U"},"width":1732,"height":354}},"metadata":{"contentType":"Image","license":"U","title":"Untitled Image"},"subContentId":"f7808845-ac6e-4865-9d37-635c0acf2125"},"backgroundOpacity":0,"willDoAnimation":false,"animationType":"glow","displayAsButton":false,"buttonSize":"big","goToSlideType":"specified","invisible":false},{"x":6.535,"y":32.735768261964736,"width":86.86224489795919,"height":59.94962216624685,"action":{"library":"H5P.CRAdvancedText 1.1","params":{"text":"<h3 style=\"text-align: center;\"><span style=\"font-size:1em;\"><strong>\"Hide and Seek\" credits<\/strong><\/span><\/h3>\n\n<hr>\n<h3 style=\"text-align: center;\"><span style=\"font-size:1em;\">This work, \"<strong>Hide and Seek<\/strong>\", is a derivative of \"<strong>Hide and Seek<\/strong>\" written by All Children Reading Cambodia. \u00a9 The Asia Foundation 2019, and used under CC BY. \"<strong>Hide and Seek<\/strong>\" is licensed under CC BY 4.0 by Curious Learning.<\/span><\/h3>\n\n<hr>\n<h3 style=\"text-align: center;\"><span style=\"font-size:1em;\">Book builder - Deborah Oduman<\/span><\/h3>\n\n<p style=\"text-align: center;\">&nbsp;<\/p>\n"},"metadata":{"contentType":"Text","license":"U","title":"Untitled Text"},"subContentId":"7f7d8ccc-c193-4766-a5d2-ccb23a6b6839"},"alwaysDisplayComments":false,"backgroundOpacity":0,"willDoAnimation":false,"animationType":"glow","displayAsButton":false,"buttonSize":"big","goToSlideType":"specified","invisible":false,"solution":""}],"slideBackgroundSelector":{}}],"keywordListEnabled":true,"globalBackgroundSelector":{},"keywordListAlwaysShow":false,"keywordListAutoHide":false,"keywordListOpacity":90},"override":{"activeSurface":false,"hideSummarySlide":false,"summarySlideSolutionButton":true,"summarySlideRetryButton":true,"enablePrintButton":false,"social":{"showFacebookShare":false,"facebookShare":{"url":"@currentpageurl","quote":"I scored @score out of @maxScore on a task at @currentpageurl."},"showTwitterShare":false,"twitterShare":{"statement":"I scored @score out of @maxScore on a task at @currentpageurl.","url":"@currentpageurl","hashtags":"h5p, course"},"showGoogleShare":false,"googleShareUrl":"@currentpageurl"}},"l10n":{"slide":"Slide","score":"Score","yourScore":"Your Score","maxScore":"Max Score","total":"Total","totalScore":"Total Score","showSolutions":"Show solutions","retry":"Retry","exportAnswers":"Export text","hideKeywords":"Hide sidebar navigation menu","showKeywords":"Show sidebar navigation menu","fullscreen":"Fullscreen","exitFullscreen":"Exit fullscreen","prevSlide":"Previous slide","nextSlide":"Next slide","currentSlide":"Current slide","lastSlide":"Last slide","solutionModeTitle":"Exit solution mode","solutionModeText":"Solution Mode","summaryMultipleTaskText":"Multiple tasks","scoreMessage":"You achieved:","shareFacebook":"Share on Facebook","shareTwitter":"Share on Twitter","shareGoogle":"Share on Google+","summary":"Summary","solutionsButtonTitle":"Show comments","printTitle":"Print","printIngress":"How would you like to print this presentation?","printAllSlides":"Print all slides","printCurrentSlide":"Print current slide","noTitle":"No title","accessibilitySlideNavigationExplanation":"Use left and right arrow to change slide in that direction whenever canvas is selected.","accessibilityCanvasLabel":"Presentation canvas. Use left and right arrow to move between slides.","containsNotCompleted":"@slideName contains not completed interaction","containsCompleted":"@slideName contains completed interaction","slideCount":"Slide @index of @total","containsOnlyCorrect":"@slideName only has correct answers","containsIncorrectAnswers":"@slideName has incorrect answers","shareResult":"Share Result","accessibilityTotalScore":"You got @score of @maxScore points in total","accessibilityEnteredFullscreen":"Entered fullscreen","accessibilityExitedFullscreen":"Exited fullscreen"}}